567; 0; 0; 170; 0; 
567; 0; 0; 170; 0.2; 
567; 0; 0; 170; 0.4; 
567; 0; 0; 170; 0.6; 
567; 0; 0; 170; 0.8; 
567; 0; 0; 170; 1; 
567; 0; 0; 170; 1.2; 
567; 0; 0; 170; 1.4; 
567; 0; 0; 170; 1.6; 
567; 0; 0; 170; 1.8; 
567; 0; 0; 170; 2; 
567; 0; 0; 170; 2.2; 
567; 0; 0; 170; 2.4; 
567; 0; 0; 170; 2.6; 
567; 0; 0; 170; 2.8; 
567; 0; 0; 170; 3; 
567; 0; 0; 170; 3.2; 
567; 0; 0; 170; 3.4; 
567; 0; 0; 170; 3.6; 
567; 0; 0; 170; 3.8; 
567; 0; 0; 170; 4; 
567; 0; 0; 170; 4.2; 
567; 0; 0; 170; 4.4; 
567; 0; 0; 170; 4.6; 
567; 0; 0; 170; 4.8; 
567; 0; 0; 170; 5; 
567; 0; 0; 170; 5.2; 
567; 0; 0; 170; 5.4; 
567; 0; 0; 170; 5.6; 
567; 0; 0; 170; 5.8; 
567; 0; 0; 170; 6; 
567; 0; 0; 170; 6.2; 
567; 0; 0; 170; 6.4; 
567; 0; 0; 170; 6.6; 
567; 0; 0; 170; 6.8; 
567; 0; 0; 170; 7; 
567; 0; 0; 170; 7.2; 
567; 0; 0; 170; 7.4; 
567; 0; 0; 170; 7.6; 
567; 0; 0; 170; 7.8; 
567; 0; 0; 170; 8; 
567; 0; 0; 170; 8.2; 
567; 0; 0; 170; 8.4; 
567; 0; 0; 170; 8.6; 
567; 0; 0; 170; 8.8; 
567; 0; 0; 170; 9; 
567; 0; 0; 170; 9.2; 
567; 0; 0; 170; 9.4; 
567; 0; 0; 170; 9.6; 
567; 0; 0; 170; 9.8; 
567; 0; 0; 170; 10; 
567; 0; 0; 170; 10.2; 
567; 0; 0; 170; 10.4; 
567; 0; 0; 170; 10.6; 
567; 0; 0; 170; 10.8; 
567; 0; 0; 170; 11; 
567; 0; 0; 170; 11.2; 
567; 0; 0; 170; 11.4; 
567; 0; 0; 170; 11.6; 
567; 0; 0; 170; 11.8; 
567; 0; 0; 170; 12; 
567; 0; 0; 170; 12.2; 
567; 0; 0; 170; 12.4; 
567; 0; 0; 170; 12.6; 
567; 0; 0; 170; 12.8; 
567; 0; 0; 170; 13; 
567; 0; 0; 170; 13.2; 
567; 0; 0; 170; 13.4; 
567; 0; 0; 170; 13.6; 
567; 0; 0; 170; 13.8; 
567; 0; 0; 170; 14; 
567; 0; 0; 170; 14.2; 
567; 0; 0; 170; 14.4; 
567; 0; 0; 170; 14.6; 
567; 0; 0; 170; 14.8; 
567; 0; 0; 170; 15; 
567; 0; 0; 170; 15.2; 
567; 0; 0; 170; 15.4; 
567; 0; 0; 170; 15.6; 
567; 0; 0; 170; 15.8; 
567; 0; 0; 170; 16; 
567; 0; 0; 170; 16.2; 
567; 0; 0; 170; 16.4; 
567; 0; 0; 170; 16.6; 
567; 0; 0; 170; 16.8; 
567; 0; 0; 170; 17; 
567; 0; 0; 170; 17.2; 
567; 0; 0; 170; 17.4; 
567; 0; 0; 170; 17.6; 
567; 0; 0; 170; 17.8; 
567; 0; 0; 170; 18; 
567; 0; 0; 170; 18.2; 
567; 0; 0; 170; 18.4; 
567; 0; 0; 170; 18.6; 
567; 0; 0; 170; 18.8; 
567; 0; 0; 170; 19; 
567; 0; 0; 170; 19.2; 
567; 0; 0; 170; 19.4; 
567; 0; 0; 170; 19.6; 
567; 0; 0; 170; 19.8; 
567; 0; 0; 170; 20; 
567; 0; 0; 170; 20.2; 
567; 0; 0; 170; 20.4; 
567; 0; 0; 170; 20.6; 
567; 0; 0; 170; 20.8; 
567; 0; 0; 170; 21; 
567; 0; 0; 170; 21.2; 
567; 0; 0; 170; 21.4; 
567; 0; 0; 170; 21.6; 
567; 0; 0; 170; 21.8; 
567; 0; 0; 170; 22; 
567; 0; 0; 170; 22.2; 
567; 0; 0; 170; 22.4; 
567; 0; 0; 170; 22.6; 
567; 0; 0; 170; 22.8; 
567; 0; 0; 170; 23; 
567; 0; 0; 170; 23.2; 
567; 0; 0; 170; 23.4; 
567; 0; 0; 170; 23.6; 
567; 0; 2432.5661; 170; 23.8; 
567; 0; 2432.5661; 170; 24; 
567; 0; 2432.5661; 170; 24.2; 
567; 0; 2432.5661; 170; 24.4; 
567; 0; 2432.5661; 170; 24.6; 
567; 0; 2432.5661; 170; 24.8; 
567; 0; 2432.5661; 170; 25; 
567; 0; 2432.5661; 170; 25.2; 
567; 0; 2432.5661; 170; 25.4; 
567; 0; 2432.5661; 170; 25.6; 
567; 0; 2432.5661; 170; 25.8; 
567; 0; 2432.5661; 170; 26; 
567; 0; 2432.5661; 170; 26.2; 
567; 0; 2432.5661; 170; 26.4; 
567; 0; 2432.5661; 170; 26.6; 
567; 0; 2432.5661; 170; 26.8; 
567; 0; 2432.5661; 170; 27; 
567; 0; 2432.5661; 170; 27.2; 
567; 0; 2432.5661; 170; 27.4; 
567; 0; 2432.5661; 170; 27.6; 
567; 0; 2432.5661; 170; 27.8; 
567; 0; 2432.5661; 170; 28; 
567; 0; 2432.5661; 170; 28.2; 
567; 0; 2432.5661; 170; 28.4; 
567; 0; 2432.5661; 170; 28.6; 
567; 0; 2432.5661; 170; 28.8; 
567; 0; 2432.5661; 170; 29; 
567; 0; 2432.5661; 170; 29.2; 
567; 0; 2432.5661; 170; 29.4; 
567; 0; 2432.5661; 170; 29.6; 
567; 0; 2432.5661; 170; 29.8; 
567; 0; 2432.5661; 170; 30; 
567; 0; 2432.5661; 170; 30.2; 
567; 0; 2432.5661; 170; 30.4; 
567; 0; 2432.5661; 170; 30.6; 
567; 0; 2432.5661; 170; 30.8; 
567; 0; 2432.5661; 170; 31; 
567; 0; 2432.5661; 170; 31.2; 
567; 0; 2432.5661; 170; 31.4; 
567; 0; 2432.5661; 170; 31.6; 
567; 0; 2432.5661; 170; 31.8; 
567; 0; 2432.5661; 170; 32; 
567; 0; 2432.5661; 170; 32.2; 
567; 0; 2432.5661; 170; 32.4; 
567; 0; 2432.5661; 170; 32.6; 
567; 0; 2432.5661; 170; 32.8; 
567; 0; 2432.5661; 170; 33; 
567; 0; 2432.5661; 170; 33.2; 
567; 0; 2432.5661; 170; 33.4; 
567; 0; 2432.5661; 170; 33.6; 
567; 0; 2432.5661; 170; 33.8; 
567; 0; 2432.5661; 170; 34; 
567; 0; 2432.5661; 170; 34.2; 
567; 0; 2432.5661; 170; 34.4; 
567; 0; 2432.5661; 170; 34.6; 
567; 0; 2432.5661; 170; 34.8; 
567; 0; 2432.5661; 170; 35; 
567; 0; 2432.5661; 170; 35.2; 
567; 0; 2432.5661; 170; 35.4; 
567; 0; 2432.5661; 170; 35.6; 
567; 0; 2432.5661; 170; 35.8; 
567; 0; 2432.5661; 170; 36; 
567; 0; 2432.5661; 170; 36.2; 
567; 0; 2432.5661; 170; 36.4; 
567; 0; 2432.5661; 170; 36.6; 
567; 0; 2432.5661; 170; 36.8; 
567; 0; 2432.5661; 170; 37; 
567; 0; 2432.5661; 170; 37.2; 
567; 0; 2432.5661; 170; 37.4; 
567; 0; 2432.5661; 170; 37.6; 
567; 0; 2432.5661; 170; 37.8; 
567; 0; 2432.5661; 170; 38; 
567; 0; 2432.5661; 170; 38.2; 
567; 0; 2432.5661; 170; 38.4; 
567; 0; 2432.5661; 170; 38.6; 
567; 0; 2432.5661; 170; 38.8; 
567; 0; 2449.0709; 170; 39; 
567; 0; 2482.6533; 170; 39.2; 
567; 0; 2533.7702; 170; 39.4; 
567; 0; 2732.4549; 170; 39.6; 
567; 0; 2982.9667; 170; 39.8; 
567; 0; 3034.1074; 170; 40; 
567; 0; 3068.9911; 170; 40.2; 
567; 0; 3119.8053; 170; 40.4; 
567; 0; 3150.3759; 170; 40.6; 
567; 0; 3178.0892; 170; 40.8; 
567; 0; 3191.9409; 170; 41; 
567; 0; 3205.9458; 170; 41.2; 
567; 0; 3205.4554; 170; 41.4; 
567; 0; 3204.9756; 170; 41.6; 
567; 0; 3190.0431; 170; 41.8; 
567; 0; 3189.5927; 170; 42; 
567; 0; 3189.1517; 170; 42.2; 
567; 0; 3188.7209; 170; 42.4; 
567; 0; 3188.3009; 170; 42.6; 
567; 0; 3187.8924; 170; 42.8; 
567; 0; 3187.496; 170; 43; 
567; 0; 3187.1122; 170; 43.2; 
567; 0; 3186.7413; 170; 43.4; 
567; 0; 3186.3818; 170; 43.6; 
567; 0; 3186.0328; 170; 43.8; 
567; 0; 3185.6932; 170; 44; 
567; 0; 3185.3626; 170; 44.2; 
567; 0; 3185.0406; 170; 44.4; 
567; 0; 3184.727; 170; 44.6; 
567; 0; 3184.4216; 170; 44.8; 
567; 0; 3184.1245; 170; 45; 
567; 0; 3183.8356; 170; 45.2; 
567; 0; 3183.5549; 170; 45.4; 
567; 0; 3183.2825; 170; 45.6; 
567; 0; 3183.0185; 170; 45.8; 
567; 0; 3182.7628; 170; 46; 
567; 0; 3182.5155; 170; 46.2; 
567; 0; 3182.2767; 170; 46.4; 
567; 0; 3182.0464; 170; 46.6; 
567; 0; 3181.8247; 170; 46.8; 
567; 0; 3181.6116; 170; 47; 
567; 0; 3181.4072; 170; 47.2; 
567; 0; 3195.4842; 170; 47.4; 
567; 0; 3195.2932; 170; 47.6; 
567; 0; 3195.1113; 170; 47.8; 
567; 0; 3194.9385; 170; 48; 
567; 0; 3194.7749; 170; 48.2; 
567; 0; 3194.6205; 170; 48.4; 
567; 0; 3208.9056; 170; 48.6; 
567; 0; 3208.7669; 170; 48.8; 
567; 0; 3208.6377; 170; 49; 
567; 0; 3208.5183; 170; 49.2; 
567; 0; 3208.4086; 170; 49.4; 
567; 0; 3208.3088; 170; 49.6; 
567; 0; 3222.8173; 170; 49.8; 
567; 0; 3222.7356; 170; 50; 
567; 0; 3222.6642; 170; 50.2; 
567; 0; 3222.6031; 170; 50.4; 
567; 0; 3237.3319; 170; 50.6; 
567; 0; 3237.2909; 170; 50.8; 
567; 0; 3237.2607; 170; 51; 
567; 0; 3237.2413; 170; 51.2; 
567; 0; 3252.2012; 170; 51.4; 
567; 0; 3252.204; 170; 51.6; 
567; 0; 3252.2181; 170; 51.8; 
567; 0; 3267.4083; 170; 52; 
567; 0; 3267.4459; 170; 52.2; 
567; 0; 3267.4921; 170; 52.4; 
567; 0; 3267.5436; 170; 52.6; 
567; 0; 3279.7617; 170; 52.8; 
567; 0; 3279.816; 170; 53; 
567; 0; 3279.8679; 170; 53.2; 
567; 0; 3279.9157; 170; 53.4; 
567; 0; 3292.2785; 170; 53.6; 
567; 0; 3292.3144; 170; 53.8; 
567; 0; 3292.3428; 170; 54; 
567; 0; 3292.3633; 170; 54.2; 
567; 0; 3304.8547; 170; 54.4; 
567; 0; 3304.86; 170; 54.6; 
567; 0; 3304.8585; 170; 54.8; 
567; 0; 3304.8507; 170; 55; 
567; 0; 3317.4755; 170; 55.2; 
567; 0; 3317.4578; 170; 55.4; 
567; 0; 3317.4369; 170; 55.6; 
567; 0; 3317.4137; 170; 55.8; 
567; 0; 3317.3892; 170; 56; 
567; 0; 3330.1631; 170; 56.2; 
567; 0; 3330.1386; 170; 56.4; 
567; 0; 3330.1153; 170; 56.6; 
567; 0; 3330.0937; 170; 56.8; 
567; 0; 3343.037; 170; 57; 
567; 0; 3343.0199; 170; 57.2; 
567; 0; 3343.0054; 170; 57.4; 
567; 0; 3342.9934; 170; 57.6; 
567; 0; 3356.1137; 170; 57.8; 
567; 0; 3356.1062; 170; 58; 
567; 0; 3356.1006; 170; 58.2; 
567; 0; 3356.0966; 170; 58.4; 
567; 0; 3356.0938; 170; 58.6; 
567; 0; 3369.3923; 170; 58.8; 
567; 0; 3369.3907; 170; 59; 
567; 0; 3369.3892; 170; 59.2; 
567; 0; 3369.3876; 170; 59.4; 
567; 0; 3382.8601; 170; 59.6; 
567; 0; 3382.8575; 170; 59.8; 
567; 0; 3382.8543; 170; 60; 
567; 0; 3382.8504; 170; 60.2; 
567; 0; 3396.4974; 170; 60.4; 
567; 0; 3396.4922; 170; 60.6; 
567; 0; 3396.4864; 170; 60.8; 
567; 0; 3396.4803; 170; 61; 
567; 0; 3396.4738; 170; 61.2; 
567; 0; 3407.2809; 170; 61.4; 
567; 0; 3407.2743; 170; 61.6; 
567; 0; 3407.2677; 170; 61.8; 
567; 0; 3407.2613; 170; 62; 
567; 0; 3418.1942; 170; 62.2; 
567; 0; 3418.1884; 170; 62.4; 
567; 0; 3418.1829; 170; 62.6; 
567; 0; 3418.1777; 170; 62.8; 
567; 0; 3418.1729; 170; 63; 
567; 0; 3429.2338; 170; 63.2; 
567; 0; 3429.2296; 170; 63.4; 
567; 0; 3429.2256; 170; 63.6; 
567; 0; 3429.2219; 170; 63.8; 
567; 0; 3429.2183; 170; 64; 
567; 0; 3440.4073; 170; 64.2; 
567; 0; 3440.4038; 170; 64.4; 
567; 0; 3440.4003; 170; 64.6; 
567; 0; 3440.3969; 170; 64.8; 
567; 0; 3440.3927; 170; 65; 
567; 0; 3451.7055; 170; 65.2; 
567; 0; 3451.691; 170; 65.4; 
567; 0; 3451.6679; 170; 65.6; 
567; 0; 3451.6345; 170; 65.8; 
567; 0; 3451.589; 170; 66; 
567; 0; 3462.9794; 170; 66.2; 
567; 0; 3462.9053; 170; 66.4; 
567; 0; 3462.8161; 170; 66.6; 
567; 0; 3462.7143; 170; 66.8; 
567; 0; 3462.6041; 170; 67; 
567; 0; 3462.4895; 170; 67.2; 
567; 0; 3473.9509; 170; 67.4; 
567; 0; 3473.8383; 170; 67.6; 
567; 0; 3473.7315; 170; 67.8; 
567; 0; 3473.6322; 170; 68; 
567; 0; 3473.5412; 170; 68.2; 
567; 0; 3473.4585; 170; 68.4; 
567; 0; 3485.0882; 170; 68.6; 
567; 0; 3485.0197; 170; 68.8; 
567; 0; 3484.9569; 170; 69; 
567; 0; 3484.8986; 170; 69.2; 
567; 0; 3484.8438; 170; 69.4; 
567; 0; 3496.6269; 170; 69.6; 
567; 0; 3496.5763; 170; 69.8; 
567; 0; 3496.5272; 170; 70; 
567; 0; 3462.4107; 170; 70.2; 
567; 0; 3415.8045; 170; 70.4; 
567; 0; 3369.2007; 170; 70.6; 
567; 0; 3334.2957; 170; 70.8; 
567; 0; 3287.7025; 170; 71; 
567; 0; 3241.1129; 170; 71.2; 
567; 0; 3194.5271; 170; 71.4; 
567; 0; 3146.8629; 170; 71.6; 
567; 0; 3100.2847; 170; 71.8; 
567; 0; 3062.2342; 170; 72; 
567; 0; 3012.9924; 170; 72.2; 
567; 0; 2963.7539; 170; 72.4; 
567; 0; 2916.8614; 170; 72.6; 
567; 0; 2869.9715; 170; 72.8; 
567; 0; 2824.2555; 170; 73; 
567; 0; 2790.9775; 170; 73.2; 
567; 0; 2749.8904; 170; 73.4; 
567; 0; 2709.9149; 170; 73.6; 
567; 0; 2670.9074; 170; 73.8; 
567; 0; 2631.1858; 170; 74; 
567; 0; 2591.466; 170; 74.2; 
567; 0; 2554.1536; 170; 74.4; 
567; 0; 2516.843; 170; 74.6; 
567; 0; 2481.9399; 170; 74.8; 
567; 0; 2456.2097; 170; 75; 
567; 0; 2423.5968; 170; 75.2; 
567; 0; 2390.9852; 170; 75.4; 
567; 0; 2360.7894; 170; 75.6; 
567; 0; 2330.5947; 170; 75.8; 
567; 0; 2301.5438; 170; 76; 
567; 0; 2273.4007; 170; 76.2; 
567; 0; 2246.4817; 170; 76.4; 
567; 0; 2220.7866; 170; 76.6; 
567; 0; 2196.3154; 170; 76.8; 
567; 0; 2171.8449; 170; 77; 
567; 0; 2149.8207; 170; 77.2; 
567; 0; 2127.796; 170; 77.4; 
567; 0; 2108.2168; 170; 77.6; 
567; 0; 2088.6372; 170; 77.8; 
567; 0; 2069.0575; 170; 78; 
567; 0; 2059.5243; 170; 78.2; 
567; 0; 2042.3341; 170; 78.4; 
567; 0; 2025.1449; 170; 78.6; 
567; 0; 2008.6757; 170; 78.8; 
567; 0; 1991.587; 170; 79; 
567; 0; 1975.8138; 170; 79.2; 
567; 0; 1960.0418; 170; 79.4; 
567; 0; 1945.5847; 170; 79.6; 
567; 0; 1931.1282; 170; 79.8; 
567; 0; 1916.6722; 170; 80; 
567; 0; 1903.5303; 170; 80.2; 
567; 0; 1891.7025; 170; 80.4; 
567; 0; 1879.8747; 170; 80.6; 
567; 0; 1868.2582; 170; 80.8; 
567; 0; 1858.0867; 170; 81; 
567; 0; 1849.1865; 170; 81.2; 
567; 0; 1839.0151; 170; 81.4; 
567; 0; 1830.115; 170; 81.6; 
567; 0; 1821.2152; 170; 81.8; 
567; 0; 1813.5868; 170; 82; 
567; 0; 1805.9587; 170; 82.2; 
567; 0; 1799.6021; 170; 82.4; 
567; 0; 1791.9744; 170; 82.6; 
567; 0; 1785.6181; 170; 82.8; 
567; 0; 1779.2619; 170; 83; 
567; 0; 1774.1771; 170; 83.2; 
567; 0; 1769.0923; 170; 83.4; 
567; 0; 1764.0077; 170; 83.6; 
567; 0; 1758.9231; 170; 83.8; 
567; 0; 1753.8386; 170; 84; 
567; 0; 1750.0254; 170; 84.2; 
567; 0; 1746.2122; 170; 84.4; 
567; 0; 1742.399; 170; 84.6; 
567; 0; 1738.5857; 170; 84.8; 
567; 0; 1734.7724; 170; 85; 
567; 0; 1732.1955; 170; 85.2; 
567; 0; 1729.4604; 170; 85.4; 
567; 0; 1726.7254; 170; 85.6; 
567; 0; 1723.9905; 170; 85.8; 
567; 0; 1721.2556; 170; 86; 
567; 0; 1718.5207; 170; 86.2; 
567; 0; 1717.1537; 170; 86.4; 
567; 0; 1714.4189; 170; 86.6; 
567; 0; 1713.052; 170; 86.8; 
567; 0; 1711.6851; 170; 87; 
567; 0; 1710.3182; 170; 87.2; 
567; 0; 1708.9512; 170; 87.4; 
567; 0; 1707.5843; 170; 87.6; 
567; 0; 1707.5852; 170; 87.8; 
567; 0; 1706.2185; 170; 88; 
567; 0; 1704.8517; 170; 88.2; 
567; 0; 1704.8528; 170; 88.4; 
567; 0; 1704.8538; 170; 88.6; 
567; 0; 1703.4871; 170; 88.8; 
567; 0; 1703.4882; 170; 89; 
567; 0; 1703.4893; 170; 89.2; 
567; 0; 1703.4901; 170; 89.4; 
567; 0; 1703.4909; 170; 89.6; 
567; 0; 1703.4916; 170; 89.8; 
567; 0; 1703.4925; 170; 90; 
567; 0; 1703.4934; 170; 90.2; 
567; 0; 1703.4944; 170; 90.4; 
567; 0; 1703.4954; 170; 90.6; 
567; 0; 1703.4965; 170; 90.8; 
567; 0; 1704.8655; 170; 91; 
567; 0; 1695.8721; 170; 91.2; 
567; 0; 1695.8733; 170; 91.4; 
567; 0; 1697.2385; 170; 91.6; 
567; 0; 1697.2396; 170; 91.8; 
567; 0; 1698.6046; 170; 92; 
567; 0; 1698.6055; 170; 92.2; 
567; 0; 1699.9704; 170; 92.4; 
567; 0; 1701.3353; 170; 92.6; 
567; 0; 1702.7004; 170; 92.8; 
567; 0; 1702.7014; 170; 93; 
567; 0; 1704.0665; 170; 93.2; 
567; 0; 1705.4316; 170; 93.4; 
567; 0; 1706.7968; 170; 93.6; 
567; 0; 1708.1619; 170; 93.8; 
567; 0; 1709.5271; 170; 94; 
567; 0; 1710.8923; 170; 94.2; 
567; 0; 1712.2574; 170; 94.4; 
567; 0; 1713.6225; 170; 94.6; 
567; 0; 1714.9876; 170; 94.8; 
567; 0; 1716.3526; 170; 95; 
567; 0; 1717.7176; 170; 95.2; 
567; 0; 1719.0823; 170; 95.4; 
567; 0; 1721.806; 170; 95.6; 
567; 0; 1727.245; 170; 95.8; 
567; 0; 1733.9337; 170; 96; 
567; 0; 1742.7496; 170; 96.2; 
567; 0; 1755.3401; 170; 96.4; 
567; 0; 1769.1658; 170; 96.6; 
567; 0; 1786.7591; 170; 96.8; 
567; 0; 1806.8499; 170; 97; 
567; 0; 1828.169; 170; 97.2; 
567; 0; 1849.4519; 170; 97.4; 
567; 0; 1871.0059; 170; 97.6; 
567; 0; 1890.3534; 170; 97.8; 
567; 0; 1909.6918; 170; 98; 
567; 0; 1927.7188; 170; 98.2; 
567; 0; 1943.1302; 170; 98.4; 
567; 0; 1958.5477; 170; 98.6; 
567; 0; 1972.6629; 170; 98.8; 
567; 0; 1985.4752; 170; 99; 
567; 0; 1998.2918; 170; 99.2; 
567; 0; 2011.1103; 170; 99.4; 
567; 0; 2013.4638; 170; 99.6; 
567; 0; 2025.5832; 170; 99.8; 
567; 0; 2036.2879; 170; 100; 
567; 0; 2048.2058; 170; 100.2; 
567; 0; 2058.9; 170; 100.4; 
567; 0; 2069.5893; 170; 100.6; 
567; 0; 2080.274; 170; 100.8; 
567; 0; 2090.9552; 170; 101; 
567; 0; 2100.4157; 170; 101.2; 
567; 0; 2109.8747; 170; 101.4; 
567; 0; 2118.115; 170; 101.6; 
567; 0; 2126.3552; 170; 101.8; 
567; 0; 2134.5957; 170; 102; 
567; 0; 2141.6187; 170; 102.2; 
567; 0; 2148.6419; 170; 102.4; 
567; 0; 2155.6652; 170; 102.6; 
567; 0; 2162.6883; 170; 102.8; 
567; 0; 2168.4933; 170; 103; 
567; 0; 2174.2978; 170; 103.2; 
567; 0; 2180.1016; 170; 103.4; 
567; 0; 2184.6869; 170; 103.6; 
567; 0; 2189.2713; 170; 103.8; 
567; 0; 2195.0724; 170; 104; 
567; 0; 2199.6551; 170; 104.2; 
567; 0; 2203.0197; 170; 104.4; 
567; 0; 2207.6013; 170; 104.6; 
567; 0; 2210.9649; 170; 104.8; 
567; 0; 2214.3282; 170; 105; 
567; 0; 2217.6912; 170; 105.2; 
567; 0; 2221.0543; 170; 105.4; 
567; 0; 2223.1999; 170; 105.6; 
567; 0; 2226.5628; 170; 105.8; 
567; 0; 2228.7084; 170; 106; 
567; 0; 2230.8539; 170; 106.2; 
567; 0; 2232.9992; 170; 106.4; 
567; 0; 2235.1444; 170; 106.6; 
567; 0; 2236.0722; 170; 106.8; 
567; 0; 2238.2169; 170; 107; 
567; 0; 2239.1443; 170; 107.2; 
567; 0; 2241.2884; 170; 107.4; 
567; 0; 2242.2154; 170; 107.6; 
567; 0; 2243.1422; 170; 107.8; 
567; 0; 2244.069; 170; 108; 
567; 0; 2244.9957; 170; 108.2; 
567; 0; 2245.9224; 170; 108.4; 
567; 0; 2245.6322; 170; 108.6; 
567; 0; 2246.5586; 170; 108.8; 
567; 0; 2246.2683; 170; 109; 
567; 0; 2247.1946; 170; 109.2; 
567; 0; 2246.9042; 170; 109.4; 
567; 0; 2246.6137; 170; 109.6; 
567; 0; 2247.6196; 170; 109.8; 
567; 0; 2247.3619; 170; 110; 
567; 0; 2247.1041; 170; 110.2; 
567; 0; 2246.8462; 170; 110.4; 
567; 0; 2246.5884; 170; 110.6; 
567; 0; 2246.3305; 170; 110.8; 
567; 0; 2246.0727; 170; 111; 
567; 0; 2245.8149; 170; 111.2; 
567; 0; 2245.5571; 170; 111.4; 
567; 0; 2244.0252; 170; 111.6; 
567; 0; 2243.7673; 170; 111.8; 
567; 0; 2243.5094; 170; 112; 
567; 0; 2241.9775; 170; 112.2; 
567; 0; 2241.7196; 170; 112.4; 
567; 0; 2241.4617; 170; 112.6; 
567; 0; 2239.9298; 170; 112.8; 
567; 0; 2239.6719; 170; 113; 
567; 0; 2238.1401; 170; 113.2; 
567; 0; 2237.8821; 170; 113.4; 
567; 0; 2236.3504; 170; 113.6; 
567; 0; 2236.0924; 170; 113.8; 
567; 0; 2234.5607; 170; 114; 
567; 0; 2234.3027; 170; 114.2; 
567; 0; 2241.7234; 170; 114.4; 
567; 0; 2240.1866; 170; 114.6; 
567; 0; 2239.9281; 170; 114.8; 
567; 0; 2238.3914; 170; 115; 
567; 0; 2236.8547; 170; 115.2; 
567; 0; 2236.5961; 170; 115.4; 
567; 0; 2235.0595; 170; 115.6; 
567; 0; 2233.5228; 170; 115.8; 
567; 0; 2231.9863; 170; 116; 
567; 0; 2230.4649; 170; 116.2; 
567; 0; 2228.9533; 170; 116.4; 
567; 0; 2227.4418; 170; 116.6; 
567; 0; 2225.9303; 170; 116.8; 
567; 0; 2225.6383; 170; 117; 
567; 0; 2224.1269; 170; 117.2; 
567; 0; 2222.6157; 170; 117.4; 
567; 0; 2221.1046; 170; 117.6; 
567; 0; 2219.5934; 170; 117.8; 
567; 0; 2218.0823; 170; 118; 
567; 0; 2216.5712; 170; 118.2; 
567; 0; 2215.0602; 170; 118.4; 
567; 0; 2213.5491; 170; 118.6; 
567; 0; 2212.0381; 170; 118.8; 
567; 0; 2210.5272; 170; 119; 
567; 0; 2209.0164; 170; 119.2; 
567; 0; 2207.5056; 170; 119.4; 
567; 0; 2205.9947; 170; 119.6; 
567; 0; 2204.4839; 170; 119.8; 
567; 0; 2202.9733; 170; 120; 
567; 0; 2202.6815; 170; 120.2; 
567; 0; 2201.171; 170; 120.4; 
567; 0; 2199.6606; 170; 120.6; 
567; 0; 2198.1503; 170; 120.8; 
567; 0; 2196.64; 170; 121; 
567; 0; 2195.1298; 170; 121.2; 
567; 0; 2194.8383; 170; 121.4; 
567; 0; 2193.3282; 170; 121.6; 
567; 0; 2191.8182; 170; 121.8; 
567; 0; 2190.3083; 170; 122; 
567; 0; 2188.7983; 170; 122.2; 
567; 0; 2187.2885; 170; 122.4; 
567; 0; 2186.997; 170; 122.6; 
567; 0; 2185.4872; 170; 122.8; 
567; 0; 2183.9775; 170; 123; 
567; 0; 2182.4678; 170; 123.2; 
567; 0; 2182.1765; 170; 123.4; 
567; 0; 2180.6669; 170; 123.6; 
567; 0; 2179.1575; 170; 123.8; 
567; 0; 2177.6481; 170; 124; 
567; 0; 2177.3568; 170; 124.2; 
567; 0; 2175.8476; 170; 124.4; 
567; 0; 2174.3385; 170; 124.6; 
567; 0; 2174.0474; 170; 124.8; 
567; 0; 2172.5383; 170; 125; 
567; 0; 2171.0294; 170; 125.2; 
567; 0; 2170.7383; 170; 125.4; 
567; 0; 2169.2294; 170; 125.6; 
567; 0; 2167.7206; 170; 125.8; 
567; 0; 2167.4295; 170; 126; 
567; 0; 2165.9208; 170; 126.2; 
567; 0; 2164.4122; 170; 126.4; 
567; 0; 2164.1214; 170; 126.6; 
567; 0; 2162.613; 170; 126.8; 
567; 0; 2161.1047; 170; 127; 
567; 0; 2160.8138; 170; 127.2; 
567; 0; 2159.3055; 170; 127.4; 
567; 0; 2157.7973; 170; 127.6; 
567; 0; 2157.5065; 170; 127.8; 
567; 0; 2155.9984; 170; 128; 
567; 0; 2155.7076; 170; 128.2; 
567; 0; 2154.1996; 170; 128.4; 
567; 0; 2153.9093; 170; 128.6; 
567; 0; 2153.6197; 170; 128.8; 
567; 0; 2153.3318; 170; 129; 
567; 0; 2150.6152; 170; 129.2; 
567; 0; 2147.9116; 170; 129.4; 
567; 0; 2142.794; 170; 129.6; 
567; 0; 2135.2672; 170; 129.8; 
567; 0; 2126.5519; 170; 130; 
567; 0; 2116.6507; 170; 130.2; 
567; 0; 2103.1314; 170; 130.4; 
567; 0; 2088.4289; 170; 130.6; 
567; 0; 2071.3268; 170; 130.8; 
567; 0; 2053.0426; 170; 131; 
567; 0; 2033.5748; 170; 131.2; 
567; 0; 2012.6727; 170; 131.4; 
567; 0; 1990.5713; 170; 131.6; 
567; 0; 1971.0833; 170; 131.8; 
567; 0; 1954.1985; 170; 132; 
567; 0; 1939.9088; 170; 132.2; 
567; 0; 1928.2084; 170; 132.4; 
567; 0; 1926.7583; 170; 132.6; 
567; 0; 1917.5943; 170; 132.8; 
567; 0; 1908.4139; 170; 133; 
567; 0; 1897.9148; 170; 133.2; 
567; 0; 1887.4108; 170; 133.4; 
567; 0; 1876.9082; 170; 133.6; 
567; 0; 1865.1047; 170; 133.8; 
567; 0; 1852.0037; 170; 134; 
567; 0; 1838.9143; 170; 134.2; 
567; 0; 1825.8361; 170; 134.4; 
567; 0; 1812.7675; 170; 134.6; 
567; 0; 1801.0129; 170; 134.8; 
567; 0; 1787.9546; 170; 135; 
567; 0; 1777.5119; 170; 135.2; 
567; 0; 1767.0676; 170; 135.4; 
567; 0; 1756.62; 170; 135.6; 
567; 0; 1747.4758; 170; 135.8; 
567; 0; 1739.6349; 170; 136; 
567; 0; 1731.722; 170; 136.2; 
567; 0; 1723.365; 170; 136.4; 
567; 0; 1716.5548; 170; 136.6; 
567; 0; 1709.7438; 170; 136.8; 
567; 0; 1702.9331; 170; 137; 
567; 0; 1696.1235; 170; 137.2; 
567; 0; 1689.3154; 170; 137.4; 
567; 0; 1682.5091; 170; 137.6; 
567; 0; 1677.0655; 170; 137.8; 
567; 0; 1671.6233; 170; 138; 
567; 0; 1666.1821; 170; 138.2; 
567; 0; 1660.7414; 170; 138.4; 
567; 0; 1655.3007; 170; 138.6; 
567; 0; 1651.2207; 170; 138.8; 
567; 0; 1647.1403; 170; 139; 
567; 0; 1643.0595; 170; 139.2; 
567; 0; 1638.9781; 170; 139.4; 
567; 0; 1636.2572; 170; 139.6; 
567; 0; 1633.536; 170; 139.8; 
567; 0; 1629.4535; 170; 140; 
567; 0; 1626.7318; 170; 140.2; 
567; 0; 1624.0102; 170; 140.4; 
567; 0; 1622.6497; 170; 140.6; 
567; 0; 1619.9284; 170; 140.8; 
567; 0; 1617.2073; 170; 141; 
567; 0; 1615.8473; 170; 141.2; 
567; 0; 1613.1266; 170; 141.4; 
567; 0; 1611.7671; 170; 141.6; 
567; 0; 1610.4077; 170; 141.8; 
567; 0; 1609.0484; 170; 142; 
567; 0; 1607.6891; 170; 142.2; 
567; 0; 1606.3298; 170; 142.4; 
567; 0; 1604.9702; 170; 142.6; 
567; 0; 1604.9714; 170; 142.8; 
567; 0; 1603.6116; 170; 143; 
567; 0; 1602.2519; 170; 143.2; 
567; 0; 1602.2533; 170; 143.4; 
567; 0; 1600.8937; 170; 143.6; 
567; 0; 1600.8952; 170; 143.8; 
567; 0; 1600.8965; 170; 144; 
567; 0; 1600.8979; 170; 144.2; 
567; 0; 1599.5383; 170; 144.4; 
567; 0; 1599.5395; 170; 144.6; 
567; 0; 1599.5408; 170; 144.8; 
567; 0; 1599.542; 170; 145; 
567; 0; 1599.5432; 170; 145.2; 
567; 0; 1599.5444; 170; 145.4; 
567; 0; 1600.905; 170; 145.6; 
567; 0; 1603.6183; 170; 145.8; 
567; 0; 1607.6761; 170; 146; 
567; 0; 1615.7932; 170; 146.2; 
567; 0; 1626.6031; 170; 146.4; 
567; 0; 1631.4115; 170; 146.6; 
567; 0; 1648.9079; 170; 146.8; 
567; 0; 1667.7219; 170; 147; 
567; 0; 1687.8529; 170; 147.2; 
567; 0; 1707.9499; 170; 147.4; 
567; 0; 1728.514; 170; 147.6; 
567; 0; 1745.4867; 170; 147.8; 
567; 0; 1760.8583; 170; 148; 
567; 0; 1774.9303; 170; 148.2; 
567; 0; 1787.7072; 170; 148.4; 
567; 0; 1799.1914; 170; 148.6; 
567; 0; 1810.6853; 170; 148.8; 
567; 0; 1820.8849; 170; 149; 
567; 0; 1829.7876; 170; 149.2; 
567; 0; 1838.6934; 170; 149.4; 
567; 0; 1848.9017; 170; 149.6; 
567; 0; 1857.8053; 170; 149.8; 
567; 0; 1866.7048; 170; 150; 
567; 0; 1876.9021; 170; 150.2; 
567; 0; 1885.792; 170; 150.4; 
567; 0; 1894.6775; 170; 150.6; 
567; 0; 1903.5594; 170; 150.8; 
567; 0; 1911.1364; 170; 151; 
567; 0; 1918.7119; 170; 151.2; 
567; 0; 1926.2869; 170; 151.4; 
567; 0; 1932.5599; 170; 151.6; 
567; 0; 1938.8335; 170; 151.8; 
567; 0; 1945.108; 170; 152; 
567; 0; 1951.3834; 170; 152.2; 
567; 0; 1956.3575; 170; 152.4; 
567; 0; 1961.3319; 170; 152.6; 
567; 0; 1966.3065; 170; 152.8; 
567; 0; 1969.9787; 170; 153; 
567; 0; 1974.9526; 170; 153.2; 
567; 0; 1978.6237; 170; 153.4; 
567; 0; 1983.5961; 170; 153.6; 
567; 0; 1987.2659; 170; 153.8; 
567; 0; 1990.935; 170; 154; 
567; 0; 1993.3016; 170; 154.2; 
567; 0; 1996.9697; 170; 154.4; 
567; 0; 2000.6375; 170; 154.6; 
567; 0; 2003.0032; 170; 154.8; 
567; 0; 2005.3689; 170; 155; 
567; 0; 2007.7344; 170; 155.2; 
567; 0; 2010.1; 170; 155.4; 
567; 0; 2012.4657; 170; 155.6; 
567; 0; 2013.5298; 170; 155.8; 
567; 0; 2015.8955; 170; 156; 
567; 0; 2016.9206; 170; 156.2; 
567; 0; 2019.1298; 170; 156.4; 
567; 0; 2020.1234; 170; 156.6; 
567; 0; 2021.1167; 170; 156.8; 
567; 0; 2022.1097; 170; 157; 
567; 0; 2023.1027; 170; 157.2; 
567; 0; 2024.0957; 170; 157.4; 
567; 0; 2025.0885; 170; 157.6; 
567; 0; 2026.0811; 170; 157.8; 
567; 0; 2027.0736; 170; 158; 
567; 0; 2026.8508; 170; 158.2; 
567; 0; 2027.843; 170; 158.4; 
567; 0; 2027.62; 170; 158.6; 
567; 0; 2028.6122; 170; 158.8; 
567; 0; 2028.3892; 170; 159; 
567; 0; 2029.3815; 170; 159.2; 
567; 0; 2029.1585; 170; 159.4; 
567; 0; 2028.9356; 170; 159.6; 
567; 0; 2029.9276; 170; 159.8; 
567; 0; 2029.7046; 170; 160; 
567; 0; 2029.4817; 170; 160.2; 
567; 0; 2029.2587; 170; 160.4; 
567; 0; 2029.0358; 170; 160.6; 
567; 0; 2028.8128; 170; 160.8; 
567; 0; 2028.5897; 170; 161; 
567; 0; 2029.5815; 170; 161.2; 
567; 0; 2029.359; 170; 161.4; 
567; 0; 2029.1376; 170; 161.6; 
567; 0; 2028.9182; 170; 161.8; 
567; 0; 2028.7018; 170; 162; 
567; 0; 2028.4893; 170; 162.2; 
567; 0; 2028.2817; 170; 162.4; 
567; 0; 2028.0798; 170; 162.6; 
567; 0; 2027.8825; 170; 162.8; 
567; 0; 2028.9021; 170; 163; 
567; 0; 2031.1356; 170; 163.2; 
567; 0; 2034.5798; 170; 163.4; 
567; 0; 2039.2317; 170; 163.6; 
567; 0; 2045.0896; 170; 163.8; 
567; 0; 2052.1526; 170; 164; 
567; 0; 2059.2066; 170; 164.2; 
567; 0; 2066.252; 170; 164.4; 
567; 0; 2072.0762; 170; 164.6; 
567; 0; 2075.4699; 170; 164.8; 
567; 0; 2076.447; 170; 165; 
567; 0; 2075.0149; 170; 165.2; 
567; 0; 2071.1737; 170; 165.4; 
567; 0; 2063.7159; 170; 165.6; 
567; 0; 2055.0751; 170; 165.8; 
567; 0; 2044.0409; 170; 166; 
567; 0; 2030.6156; 170; 166.2; 
567; 0; 2013.389; 170; 166.4; 
567; 0; 1993.8952; 170; 166.6; 
567; 0; 1971.8409; 170; 166.8; 
567; 0; 1948.5195; 170; 167; 
567; 0; 1925.2197; 170; 167.2; 
567; 0; 1905.8292; 170; 167.4; 
567; 0; 1890.3359; 170; 167.6; 
567; 0; 1880.0297; 170; 167.8; 
567; 0; 1876.2036; 170; 168; 
567; 0; 1876.2525; 170; 168.2; 
567; 0; 1880.1733; 170; 168.4; 
567; 0; 1884.0639; 170; 168.6; 
567; 0; 1887.925; 170; 168.8; 
567; 0; 1889.1614; 170; 169; 
567; 0; 1886.4818; 170; 169.2; 
567; 0; 1881.1977; 170; 169.4; 
567; 0; 1872.0209; 170; 169.6; 
567; 0; 1862.8614; 170; 169.8; 
567; 0; 1851.1246; 170; 170; 
567; 0; 1838.1123; 170; 170.2; 
567; 0; 1823.8224; 170; 170.4; 
567; 0; 1809.5498; 170; 170.6; 
567; 0; 1795.2877; 170; 170.8; 
567; 0; 1782.3297; 170; 171; 
567; 0; 1779.1288; 170; 171.2; 
567; 0; 1768.7272; 170; 171.4; 
567; 0; 1759.6205; 170; 171.6; 
567; 0; 1751.8079; 170; 171.8; 
567; 0; 1743.9853; 170; 172; 
567; 0; 1737.4588; 170; 172.2; 
567; 0; 1730.7925; 170; 172.4; 
567; 0; 1722.3564; 170; 172.6; 
567; 0; 1715.323; 170; 172.8; 
567; 0; 1708.2911; 170; 173; 
567; 0; 1699.8585; 170; 173.2; 
567; 0; 1692.8334; 170; 173.4; 
567; 0; 1684.4087; 170; 173.6; 
567; 0; 1677.3912; 170; 173.8; 
567; 0; 1670.3764; 170; 174; 
567; 0; 1663.3633; 170; 174.2; 
567; 0; 1656.3509; 170; 174.4; 
567; 0; 1649.5569; 170; 174.6; 
567; 0; 1644.1309; 170; 174.8; 
567; 0; 1638.7037; 170; 175; 
567; 0; 1634.6331; 170; 175.2; 
567; 0; 1629.2032; 170; 175.4; 
567; 0; 1625.1301; 170; 175.6; 
567; 0; 1621.0561; 170; 175.8; 
567; 0; 1616.9815; 170; 176; 
567; 0; 1612.9067; 170; 176.2; 
567; 0; 1610.1898; 170; 176.4; 
567; 0; 1606.1153; 170; 176.6; 
567; 0; 1603.3992; 170; 176.8; 
567; 0; 1600.6836; 170; 177; 
567; 0; 1597.9685; 170; 177.2; 
567; 0; 1595.2539; 170; 177.4; 
567; 0; 1592.5396; 170; 177.6; 
567; 0; 1589.8255; 170; 177.8; 
567; 0; 1587.1115; 170; 178; 
567; 0; 1585.7552; 170; 178.2; 
567; 0; 1583.0407; 170; 178.4; 
567; 0; 1581.6839; 170; 178.6; 
567; 0; 1578.9689; 170; 178.8; 
567; 0; 1577.6117; 170; 179; 
567; 0; 1576.2546; 170; 179.2; 
567; 0; 1574.8976; 170; 179.4; 
567; 0; 1573.5406; 170; 179.6; 
567; 0; 1572.1837; 170; 179.8; 
567; 0; 1572.1847; 170; 180; 
567; 0; 1570.8278; 170; 180.2; 
567; 0; 1569.4708; 170; 180.4; 
567; 0; 1569.4719; 170; 180.6; 
567; 0; 1568.1151; 170; 180.8; 
567; 0; 1568.1162; 170; 181; 
567; 0; 1566.7595; 170; 181.2; 
567; 0; 1566.7607; 170; 181.4; 
567; 0; 1565.404; 170; 181.6; 
567; 0; 1565.4053; 170; 181.8; 
567; 0; 1565.4065; 170; 182; 
567; 0; 1565.4077; 170; 182.2; 
567; 0; 1564.0509; 170; 182.4; 
567; 0; 1564.052; 170; 182.6; 
567; 0; 1564.0531; 170; 182.8; 
567; 0; 1564.0543; 170; 183; 
567; 0; 1564.0555; 170; 183.2; 
567; 0; 1564.0568; 170; 183.4; 
567; 0; 1564.058; 170; 183.6; 
567; 0; 1564.0591; 170; 183.8; 
567; 0; 1564.0602; 170; 184; 
567; 0; 1564.0613; 170; 184.2; 
567; 0; 1564.0623; 170; 184.4; 
567; 0; 1564.0633; 170; 184.6; 
567; 0; 1565.4222; 170; 184.8; 
567; 0; 1565.4232; 170; 185; 
567; 0; 1565.4243; 170; 185.2; 
567; 0; 1565.4254; 170; 185.4; 
567; 0; 1565.4266; 170; 185.6; 
567; 0; 1565.4277; 170; 185.8; 
567; 0; 1566.7868; 170; 186; 
567; 0; 1566.7881; 170; 186.2; 
567; 0; 1566.7893; 170; 186.4; 
567; 0; 1558.3559; 170; 186.6; 
567; 0; 1559.7113; 170; 186.8; 
567; 0; 1559.7124; 170; 187; 
567; 0; 1559.7135; 170; 187.2; 
567; 0; 1561.0688; 170; 187.4; 
567; 0; 1561.0699; 170; 187.6; 
567; 0; 1562.4252; 170; 187.8; 
567; 0; 1562.4263; 170; 188; 
567; 0; 1563.7815; 170; 188.2; 
567; 0; 1563.7825; 170; 188.4; 
567; 0; 1565.1378; 170; 188.6; 
567; 0; 1565.1388; 170; 188.8; 
567; 0; 1566.4942; 170; 189; 
567; 0; 1567.8494; 170; 189.2; 
567; 0; 1567.8505; 170; 189.4; 
567; 0; 1569.2057; 170; 189.6; 
567; 0; 1570.5611; 170; 189.8; 
567; 0; 1570.5623; 170; 190; 
567; 0; 1571.9176; 170; 190.2; 
567; 0; 1573.273; 170; 190.4; 
567; 0; 1574.6286; 170; 190.6; 
567; 0; 1574.6304; 170; 190.8; 
567; 0; 1575.9864; 170; 191; 
567; 0; 1575.9883; 170; 191.2; 
567; 0; 1577.3442; 170; 191.4; 
567; 0; 1578.6997; 170; 191.6; 
567; 0; 1578.7006; 170; 191.8; 
567; 0; 1580.0554; 170; 192; 
567; 0; 1581.4099; 170; 192.2; 
567; 0; 1581.4102; 170; 192.4; 
567; 0; 1582.7648; 170; 192.6; 
567; 0; 1582.7653; 170; 192.8; 
567; 0; 1584.1201; 170; 193; 
567; 0; 1584.1209; 170; 193.2; 
567; 0; 1585.476; 170; 193.4; 
567; 0; 1585.4768; 170; 193.6; 
567; 0; 1586.832; 170; 193.8; 
567; 0; 1586.833; 170; 194; 
567; 0; 1588.1882; 170; 194.2; 
567; 0; 1588.1892; 170; 194.4; 
567; 0; 1589.5444; 170; 194.6; 
567; 0; 1589.5454; 170; 194.8; 
567; 0; 1589.5463; 170; 195; 
567; 0; 1590.9015; 170; 195.2; 
567; 0; 1590.9024; 170; 195.4; 
567; 0; 1592.2577; 170; 195.6; 
567; 0; 1592.2588; 170; 195.8; 
567; 0; 1592.2598; 170; 196; 
567; 0; 1593.615; 170; 196.2; 
567; 0; 1593.616; 170; 196.4; 
567; 0; 1593.6169; 170; 196.6; 
567; 0; 1593.6179; 170; 196.8; 
567; 0; 1594.973; 170; 197; 
567; 0; 1594.9738; 170; 197.2; 
567; 0; 1594.9746; 170; 197.4; 
567; 0; 1596.3297; 170; 197.6; 
567; 0; 1596.3306; 170; 197.8; 
567; 0; 1596.3316; 170; 198; 
567; 0; 1596.3324; 170; 198.2; 
567; 0; 1597.6873; 170; 198.4; 
567; 0; 1597.688; 170; 198.6; 
567; 0; 1597.6887; 170; 198.8; 
567; 0; 1597.6895; 170; 199; 
567; 0; 1599.0446; 170; 199.2; 
567; 0; 1599.0455; 170; 199.4; 
567; 0; 1599.0465; 170; 199.6; 
567; 0; 1599.0475; 170; 199.8; 
567; 0; 1599.0484; 170; 200; 
567; 0; 1600.4034; 170; 200.2; 
567; 0; 1600.4043; 170; 200.4; 
567; 0; 1600.4051; 170; 200.6; 
567; 0; 1600.4059; 170; 200.8; 
567; 0; 1600.4067; 170; 201; 
567; 0; 1600.4075; 170; 201.2; 
567; 0; 1601.7625; 170; 201.4; 
567; 0; 1601.7633; 170; 201.6; 
567; 0; 1601.764; 170; 201.8; 
567; 0; 1601.7647; 170; 202; 
567; 0; 1601.7654; 170; 202.2; 
567; 0; 1601.7661; 170; 202.4; 
567; 0; 1603.1211; 170; 202.6; 
567; 0; 1603.1219; 170; 202.8; 
567; 0; 1603.1228; 170; 203; 
567; 0; 1603.1237; 170; 203.2; 
567; 0; 1603.1247; 170; 203.4; 
567; 0; 1603.1255; 170; 203.6; 
567; 0; 1603.1262; 170; 203.8; 
567; 0; 1603.1269; 170; 204; 
567; 0; 1604.4818; 170; 204.2; 
567; 0; 1604.4825; 170; 204.4; 
567; 0; 1604.4832; 170; 204.6; 
567; 0; 1604.484; 170; 204.8; 
567; 0; 1604.4849; 170; 205; 
567; 0; 1604.4858; 170; 205.2; 
567; 0; 1604.4866; 170; 205.4; 
567; 0; 1604.4874; 170; 205.6; 
567; 0; 1604.4882; 170; 205.8; 
567; 0; 1604.4889; 170; 206; 
567; 0; 1605.8439; 170; 206.2; 
567; 0; 1605.8445; 170; 206.4; 
567; 0; 1605.8451; 170; 206.6; 
567; 0; 1605.8456; 170; 206.8; 
567; 0; 1605.8462; 170; 207; 
567; 0; 1605.8469; 170; 207.2; 
567; 0; 1605.8477; 170; 207.4; 
567; 0; 1605.8485; 170; 207.6; 
567; 0; 1605.8492; 170; 207.8; 
567; 0; 1605.85; 170; 208; 
567; 0; 1607.205; 170; 208.2; 
567; 0; 1607.2058; 170; 208.4; 
567; 0; 1607.2066; 170; 208.6; 
567; 0; 1607.2073; 170; 208.8; 
567; 0; 1607.2081; 170; 209; 
567; 0; 1608.5631; 170; 209.2; 
567; 0; 1608.5639; 170; 209.4; 
567; 0; 1608.5646; 170; 209.6; 
567; 0; 1608.5654; 170; 209.8; 
567; 0; 1608.5661; 170; 210; 
567; 0; 1608.5668; 170; 210.2; 
567; 0; 1608.5676; 170; 210.4; 
567; 0; 1609.9226; 170; 210.6; 
567; 0; 1609.9233; 170; 210.8; 
567; 0; 1609.9239; 170; 211; 
567; 0; 1609.9244; 170; 211.2; 
567; 0; 1609.9249; 170; 211.4; 
567; 0; 1609.9255; 170; 211.6; 
567; 0; 1609.9261; 170; 211.8; 
567; 0; 1609.9268; 170; 212; 
567; 0; 1609.9276; 170; 212.2; 
567; 0; 1609.9284; 170; 212.4; 
567; 0; 1611.2834; 170; 212.6; 
567; 0; 1611.2841; 170; 212.8; 
567; 0; 1611.2848; 170; 213; 
567; 0; 1611.2856; 170; 213.2; 
567; 0; 1611.2864; 170; 213.4; 
567; 0; 1611.2871; 170; 213.6; 
567; 0; 1611.2877; 170; 213.8; 
567; 0; 1611.2883; 170; 214; 
567; 0; 1611.289; 170; 214.2; 
567; 0; 1611.2897; 170; 214.4; 
567; 0; 1611.2904; 170; 214.6; 
567; 0; 1611.2911; 170; 214.8; 
567; 0; 1611.2918; 170; 215; 
567; 0; 1611.2924; 170; 215.2; 
567; 0; 1611.293; 170; 215.4; 
567; 0; 1611.2937; 170; 215.6; 
567; 0; 1611.2944; 170; 215.8; 
567; 0; 1611.2951; 170; 216; 
567; 0; 1611.2957; 170; 216.2; 
567; 0; 1611.2963; 170; 216.4; 
567; 0; 1611.2969; 170; 216.6; 
567; 0; 1611.2975; 170; 216.8; 
567; 0; 1611.298; 170; 217; 
567; 0; 1611.2987; 170; 217.2; 
567; 0; 1611.2995; 170; 217.4; 
567; 0; 1611.3003; 170; 217.6; 
567; 0; 1612.6552; 170; 217.8; 
567; 0; 1612.6562; 170; 218; 
567; 0; 1612.6583; 170; 218.2; 
567; 0; 1614.0164; 170; 218.4; 
567; 0; 1614.0229; 170; 218.6; 
567; 0; 1614.0331; 170; 218.8; 
567; 0; 1615.4024; 170; 219; 
567; 0; 1615.4235; 170; 219.2; 
567; 0; 1615.4504; 170; 219.4; 
567; 0; 1615.4811; 170; 219.6; 
567; 0; 1618.2213; 170; 219.8; 
567; 0; 1620.959; 170; 220; 
567; 0; 1626.3995; 170; 220.2; 
567; 0; 1633.1859; 170; 220.4; 
567; 0; 1641.3168; 170; 220.6; 
567; 0; 1649.4705; 170; 220.8; 
567; 0; 1659.2501; 170; 221; 
567; 0; 1666.2248; 170; 221.2; 
567; 0; 1674.5937; 170; 221.4; 
567; 0; 1680.1626; 170; 221.6; 
567; 0; 1684.3332; 170; 221.8; 
567; 0; 1688.5069; 170; 222; 
567; 0; 1691.2869; 170; 222.2; 
567; 0; 1692.6743; 170; 222.4; 
567; 0; 1694.0685; 170; 222.6; 
567; 0; 1694.0705; 170; 222.8; 
567; 0; 1694.0781; 170; 223; 
567; 0; 1694.0899; 170; 223.2; 
567; 0; 1695.5032; 170; 223.4; 
567; 0; 1696.9173; 170; 223.6; 
567; 0; 1698.3304; 170; 223.8; 
567; 0; 1699.7412; 170; 224; 
567; 0; 1702.5476; 170; 224.2; 
567; 0; 1705.3502; 170; 224.4; 
567; 0; 1709.5477; 170; 224.6; 
567; 0; 1712.3414; 170; 224.8; 
567; 0; 1715.13; 170; 225; 
567; 0; 1717.9134; 170; 225.2; 
567; 0; 1720.6926; 170; 225.4; 
567; 0; 1722.0702; 170; 225.6; 
567; 0; 1722.0484; 170; 225.8; 
567; 0; 1720.6294; 170; 226; 
567; 0; 1719.2141; 170; 226.2; 
567; 0; 1716.4051; 170; 226.4; 
567; 0; 1713.6021; 170; 226.6; 
567; 0; 1710.8052; 170; 226.8; 
567; 0; 1706.6148; 170; 227; 
567; 0; 1702.4285; 170; 227.2; 
567; 0; 1698.2446; 170; 227.4; 
567; 0; 1695.4603; 170; 227.6; 
567; 0; 1692.6748; 170; 227.8; 
567; 0; 1689.8869; 170; 228; 
567; 0; 1688.4947; 170; 228.2; 
567; 0; 1685.7; 170; 228.4; 
567; 0; 1684.301; 170; 228.6; 
567; 0; 1682.8992; 170; 228.8; 
567; 0; 1680.0966; 170; 229; 
567; 0; 1678.6919; 170; 229.2; 
567; 0; 1677.287; 170; 229.4; 
567; 0; 1674.4838; 170; 229.6; 
567; 0; 1671.6819; 170; 229.8; 
567; 0; 1670.2806; 170; 230; 
567; 0; 1667.482; 170; 230.2; 
567; 0; 1664.6848; 170; 230.4; 
567; 0; 1661.8887; 170; 230.6; 
567; 0; 1659.0934; 170; 230.8; 
567; 0; 1657.6973; 170; 231; 
567; 0; 1654.9021; 170; 231.2; 
567; 0; 1653.5056; 170; 231.4; 
567; 0; 1650.7095; 170; 231.6; 
567; 0; 1649.3118; 170; 231.8; 
567; 0; 1647.9153; 170; 232; 
567; 0; 1645.2068; 170; 232.2; 
567; 0; 1643.8522; 170; 232.4; 
567; 0; 1642.4973; 170; 232.6; 
567; 0; 1641.1423; 170; 232.8; 
567; 0; 1639.7873; 170; 233; 
567; 0; 1638.4325; 170; 233.2; 
567; 0; 1637.0778; 170; 233.4; 
567; 0; 1635.7234; 170; 233.6; 
567; 0; 1634.3694; 170; 233.8; 
567; 0; 1633.0157; 170; 234; 
567; 0; 1631.6621; 170; 234.2; 
567; 0; 1630.3086; 170; 234.4; 
567; 0; 1628.9552; 170; 234.6; 
567; 0; 1627.6018; 170; 234.8; 
567; 0; 1626.2482; 170; 235; 
567; 0; 1624.8945; 170; 235.2; 
567; 0; 1624.8949; 170; 235.4; 
567; 0; 1623.541; 170; 235.6; 
567; 0; 1622.1869; 170; 235.8; 
567; 0; 1622.1872; 170; 236; 
567; 0; 1620.8331; 170; 236.2; 
567; 0; 1619.4792; 170; 236.4; 
567; 0; 1619.4795; 170; 236.6; 
567; 0; 1618.1257; 170; 236.8; 
567; 0; 1618.126; 170; 237; 
567; 0; 1616.7722; 170; 237.2; 
567; 0; 1616.7727; 170; 237.4; 
567; 0; 1615.4189; 170; 237.6; 
567; 0; 1615.4194; 170; 237.8; 
567; 0; 1614.0657; 170; 238; 
567; 0; 1614.0662; 170; 238.2; 
567; 0; 1614.0667; 170; 238.4; 
567; 0; 1612.7131; 170; 238.6; 
567; 0; 1612.7137; 170; 238.8; 
567; 0; 1612.7143; 170; 239; 
567; 0; 1611.3606; 170; 239.2; 
567; 0; 1611.3611; 170; 239.4; 
567; 0; 1611.3616; 170; 239.6; 
567; 0; 1610.0078; 170; 239.8; 
567; 0; 1610.0084; 170; 240; 
567; 0; 1610.009; 170; 240.2; 
567; 0; 1610.0095; 170; 240.4; 
567; 0; 1608.6556; 170; 240.6; 
567; 0; 1608.6561; 170; 240.8; 
567; 0; 1608.6566; 170; 241; 
567; 0; 1608.6573; 170; 241.2; 
567; 0; 1607.3036; 170; 241.4; 
567; 0; 1607.3042; 170; 241.6; 
567; 0; 1607.3049; 170; 241.8; 
567; 0; 1607.3056; 170; 242; 
567; 0; 1607.3062; 170; 242.2; 
567; 0; 1607.3068; 170; 242.4; 
567; 0; 1607.3074; 170; 242.6; 
567; 0; 1605.9537; 170; 242.8; 
567; 0; 1605.9543; 170; 243; 
567; 0; 1605.9548; 170; 243.2; 
567; 0; 1605.9553; 170; 243.4; 
567; 0; 1605.9558; 170; 243.6; 
567; 0; 1605.9563; 170; 243.8; 
567; 0; 1605.9568; 170; 244; 
567; 0; 1605.9572; 170; 244.2; 
567; 0; 1605.9577; 170; 244.4; 
567; 0; 1605.9583; 170; 244.6; 
567; 0; 1605.959; 170; 244.8; 
567; 0; 1605.9598; 170; 245; 
567; 0; 1605.9605; 170; 245.2; 
567; 0; 1605.9612; 170; 245.4; 
567; 0; 1604.6076; 170; 245.6; 
567; 0; 1604.6081; 170; 245.8; 
567; 0; 1604.6086; 170; 246; 
567; 0; 1605.9635; 170; 246.2; 
567; 0; 1605.9645; 170; 246.4; 
567; 0; 1607.3211; 170; 246.6; 
567; 0; 1607.3256; 170; 246.8; 
567; 0; 1607.3332; 170; 247; 
567; 0; 1607.3436; 170; 247.2; 
567; 0; 1607.3557; 170; 247.4; 
567; 0; 1607.3679; 170; 247.6; 
567; 0; 1607.3781; 170; 247.8; 
567; 0; 1608.7389; 170; 248; 
567; 0; 1611.449; 170; 248.2; 
567; 0; 1612.7998; 170; 248.4; 
567; 0; 1614.1463; 170; 248.6; 
567; 0; 1616.8439; 170; 248.8; 
567; 0; 1618.1856; 170; 249; 
567; 0; 1619.5269; 170; 249.2; 
567; 0; 1619.5152; 170; 249.4; 
567; 0; 1620.8602; 170; 249.6; 
567; 0; 1620.8539; 170; 249.8; 
567; 0; 1619.4966; 170; 250; 
567; 0; 1619.4965; 170; 250.2; 
567; 0; 1619.4988; 170; 250.4; 
567; 0; 1618.1486; 170; 250.6; 
567; 0; 1618.1534; 170; 250.8; 
567; 0; 1618.1583; 170; 251; 
567; 0; 1616.8084; 170; 251.2; 
567; 0; 1616.812; 170; 251.4; 
567; 0; 1616.8146; 170; 251.6; 
567; 0; 1616.8162; 170; 251.8; 
567; 0; 1615.4627; 170; 252; 
567; 0; 1615.4626; 170; 252.2; 
567; 0; 1615.4622; 170; 252.4; 
567; 0; 1615.4616; 170; 252.6; 
567; 0; 1615.4611; 170; 252.8; 
567; 0; 1615.4608; 170; 253; 
567; 0; 1614.1066; 170; 253.2; 
567; 0; 1614.1069; 170; 253.4; 
567; 0; 1614.1075; 170; 253.6; 
567; 0; 1614.1082; 170; 253.8; 
567; 0; 1612.7549; 170; 254; 
567; 0; 1612.7557; 170; 254.2; 
567; 0; 1612.7565; 170; 254.4; 
567; 0; 1612.7572; 170; 254.6; 
567; 0; 1612.758; 170; 254.8; 
567; 0; 1611.4045; 170; 255; 
567; 0; 1611.4053; 170; 255.2; 
567; 0; 1611.4059; 170; 255.4; 
567; 0; 1611.4064; 170; 255.6; 
567; 0; 1611.407; 170; 255.8; 
567; 0; 1611.4075; 170; 256; 
567; 0; 1611.4079; 170; 256.2; 
567; 0; 1610.054; 170; 256.4; 
567; 0; 1610.0545; 170; 256.6; 
567; 0; 1610.055; 170; 256.8; 
567; 0; 1610.0556; 170; 257; 
567; 0; 1610.0562; 170; 257.2; 
567; 0; 1610.0567; 170; 257.4; 
567; 0; 1610.0577; 170; 257.6; 
567; 0; 1611.4142; 170; 257.8; 
567; 0; 1611.4184; 170; 258; 
567; 0; 1611.4255; 170; 258.2; 
567; 0; 1611.4366; 170; 258.4; 
567; 0; 1612.8072; 170; 258.6; 
567; 0; 1611.4755; 170; 258.8; 
567; 0; 1612.8578; 170; 259; 
567; 0; 1612.8892; 170; 259.2; 
567; 0; 1615.6292; 170; 259.4; 
567; 0; 1619.7201; 170; 259.6; 
567; 0; 1625.1585; 170; 259.8; 
567; 0; 1631.9422; 170; 260; 
567; 0; 1640.0701; 170; 260.2; 
567; 0; 1649.5691; 170; 260.4; 
567; 0; 1657.9473; 170; 260.6; 
567; 0; 1664.9202; 170; 260.8; 
567; 0; 1671.8893; 170; 261; 
567; 0; 1677.4581; 170; 261.2; 
567; 0; 1683.0285; 170; 261.4; 
567; 0; 1685.8047; 170; 261.6; 
567; 0; 1688.5866; 170; 261.8; 
567; 0; 1689.9762; 170; 262; 
567; 0; 1689.9738; 170; 262.2; 
567; 0; 1689.9778; 170; 262.4; 
567; 0; 1691.3859; 170; 262.6; 
567; 0; 1691.3986; 170; 262.8; 
567; 0; 1692.8121; 170; 263; 
567; 0; 1694.2255; 170; 263.2; 
567; 0; 1695.6375; 170; 263.4; 
567; 0; 1698.4458; 170; 263.6; 
567; 0; 1699.8516; 170; 263.8; 
567; 0; 1704.0516; 170; 264; 
567; 0; 1706.849; 170; 264.2; 
567; 0; 1709.6433; 170; 264.4; 
567; 0; 1712.4354; 170; 264.6; 
567; 0; 1713.8272; 170; 264.8; 
567; 0; 1715.2186; 170; 265; 
567; 0; 1718.0096; 170; 265.2; 
567; 0; 1718.0038; 170; 265.4; 
567; 0; 1719.3986; 170; 265.6; 
567; 0; 1719.3965; 170; 265.8; 
567; 0; 1719.3965; 170; 266; 
567; 0; 1719.3983; 170; 266.2; 
567; 0; 1719.4016; 170; 266.4; 
567; 0; 1719.4059; 170; 266.6; 
567; 0; 1720.8095; 170; 266.8; 
567; 0; 1720.814; 170; 267; 
567; 0; 1720.8179; 170; 267.2; 
567; 0; 1722.22; 170; 267.4; 
567; 0; 1722.222; 170; 267.6; 
567; 0; 1723.6218; 170; 267.8; 
567; 0; 1725.0201; 170; 268; 
567; 0; 1726.4162; 170; 268.2; 
567; 0; 1727.8091; 170; 268.4; 
567; 0; 1727.7992; 170; 268.6; 
567; 0; 1729.1846; 170; 268.8; 
567; 0; 1729.1679; 170; 269; 
567; 0; 1727.7508; 170; 269.2; 
567; 0; 1726.3341; 170; 269.4; 
567; 0; 1724.9197; 170; 269.6; 
567; 0; 1720.7113; 170; 269.8; 
567; 0; 1717.9066; 170; 270; 
567; 0; 1713.7082; 170; 270.2; 
567; 0; 1709.5148; 170; 270.4; 
567; 0; 1705.3254; 170; 270.6; 
567; 0; 1699.7397; 170; 270.8; 
567; 0; 1695.5542; 170; 271; 
567; 0; 1692.7673; 170; 271.2; 
567; 0; 1688.58; 170; 271.4; 
567; 0; 1685.7893; 170; 271.6; 
567; 0; 1682.9959; 170; 271.8; 
567; 0; 1680.1996; 170; 272; 
567; 0; 1677.4009; 170; 272.2; 
567; 0; 1675.9994; 170; 272.4; 
567; 0; 1673.1977; 170; 272.6; 
567; 0; 1670.3955; 170; 272.8; 
567; 0; 1667.5936; 170; 273; 
567; 0; 1666.1914; 170; 273.2; 
567; 0; 1663.3912; 170; 273.4; 
567; 0; 1660.5923; 170; 273.6; 
567; 0; 1657.7945; 170; 273.8; 
567; 0; 1654.9977; 170; 274; 
567; 0; 1652.2017; 170; 274.2; 
567; 0; 1649.406; 170; 274.4; 
567; 0; 1648.0172; 170; 274.6; 
567; 0; 1645.3109; 170; 274.8; 
567; 0; 1643.9584; 170; 275; 
567; 0; 1641.2511; 170; 275.2; 
567; 0; 1639.8974; 170; 275.4; 
567; 0; 1638.5431; 170; 275.6; 
567; 0; 1637.1884; 170; 275.8; 
567; 0; 1635.8334; 170; 276; 
567; 0; 1634.4783; 170; 276.2; 
567; 0; 1633.1234; 170; 276.4; 
567; 0; 1631.7687; 170; 276.6; 
567; 0; 1630.4144; 170; 276.8; 
567; 0; 1629.0602; 170; 277; 
567; 0; 1627.7064; 170; 277.2; 
567; 0; 1626.3528; 170; 277.4; 
567; 0; 1624.9994; 170; 277.6; 
567; 0; 1623.646; 170; 277.8; 
567; 0; 1622.2924; 170; 278; 
567; 0; 1620.9387; 170; 278.2; 
567; 0; 1620.9391; 170; 278.4; 
567; 0; 1619.5852; 170; 278.6; 
567; 0; 1618.231; 170; 278.8; 
567; 0; 1618.2311; 170; 279; 
567; 0; 1616.8769; 170; 279.2; 
567; 0; 1615.5227; 170; 279.4; 
567; 0; 1615.523; 170; 279.6; 
567; 0; 1614.169; 170; 279.8; 
567; 0; 1614.1693; 170; 280; 
567; 0; 1612.8154; 170; 280.2; 
567; 0; 1612.8158; 170; 280.4; 
567; 0; 1611.4619; 170; 280.6; 
567; 0; 1611.4623; 170; 280.8; 
567; 0; 1611.4627; 170; 281; 
567; 0; 1610.1087; 170; 281.2; 
567; 0; 1610.1091; 170; 281.4; 
567; 0; 1608.7552; 170; 281.6; 
567; 0; 1608.7556; 170; 281.8; 
567; 0; 1608.7559; 170; 282; 
567; 0; 1608.7563; 170; 282.2; 
567; 0; 1607.4024; 170; 282.4; 
567; 0; 1607.4028; 170; 282.6; 
567; 0; 1607.4032; 170; 282.8; 
567; 0; 1607.4038; 170; 283; 
567; 0; 1606.0501; 170; 283.2; 
567; 0; 1606.0506; 170; 283.4; 
567; 0; 1606.0511; 170; 283.6; 
567; 0; 1606.0515; 170; 283.8; 
567; 0; 1606.0518; 170; 284; 
567; 0; 1604.6979; 170; 284.2; 
567; 0; 1604.6982; 170; 284.4; 
567; 0; 1604.6985; 170; 284.6; 
567; 0; 1604.6988; 170; 284.8; 
567; 0; 1604.6992; 170; 285; 
567; 0; 1604.6996; 170; 285.2; 
567; 0; 1604.7; 170; 285.4; 
567; 0; 1604.7004; 170; 285.6; 
567; 0; 1604.7008; 170; 285.8; 
567; 0; 1604.7013; 170; 286; 
567; 0; 1603.3475; 170; 286.2; 
567; 0; 1603.348; 170; 286.4; 
567; 0; 1603.3485; 170; 286.6; 
567; 0; 1603.349; 170; 286.8; 
567; 0; 1603.3494; 170; 287; 
567; 0; 1603.3499; 170; 287.2; 
567; 0; 1603.3503; 170; 287.4; 
567; 0; 1603.3508; 170; 287.6; 
567; 0; 1603.3512; 170; 287.8; 
567; 0; 1603.3517; 170; 288; 
567; 0; 1603.3522; 170; 288.2; 
567; 0; 1604.7071; 170; 288.4; 
567; 0; 1604.7081; 170; 288.6; 
567; 0; 1604.7096; 170; 288.8; 
567; 0; 1604.7118; 170; 289; 
567; 0; 1604.7141; 170; 289.2; 
567; 0; 1604.7167; 170; 289.4; 
567; 0; 1604.719; 170; 289.6; 
567; 0; 1604.7207; 170; 289.8; 
567; 0; 1606.0756; 170; 290; 
567; 0; 1606.0753; 170; 290.2; 
567; 0; 1606.0741; 170; 290.4; 
567; 0; 1606.0723; 170; 290.6; 
567; 0; 1607.4245; 170; 290.8; 
567; 0; 1607.4225; 170; 291; 
567; 0; 1607.4208; 170; 291.2; 
567; 0; 1607.4195; 170; 291.4; 
567; 0; 1607.4188; 170; 291.6; 
567; 0; 1607.4187; 170; 291.8; 
567; 0; 1607.4192; 170; 292; 
567; 0; 1607.4201; 170; 292.2; 
567; 0; 1607.4213; 170; 292.4; 
567; 0; 1607.4226; 170; 292.6; 
567; 0; 1606.0696; 170; 292.8; 
567; 0; 1606.0709; 170; 293; 
567; 0; 1606.0719; 170; 293.2; 
567; 0; 1606.0729; 170; 293.4; 
567; 0; 1606.0737; 170; 293.6; 
567; 0; 1606.0743; 170; 293.8; 
567; 0; 1606.0747; 170; 294; 
567; 0; 1606.0751; 170; 294.2; 
567; 0; 1606.0755; 170; 294.4; 
567; 0; 1606.0759; 170; 294.6; 
567; 0; 1606.0762; 170; 294.8; 
567; 0; 1606.0767; 170; 295; 
567; 0; 1606.0772; 170; 295.2; 
567; 0; 1606.0776; 170; 295.4; 
567; 0; 1606.0779; 170; 295.6; 
567; 0; 1606.0782; 170; 295.8; 
567; 0; 1606.0787; 170; 296; 
567; 0; 1606.0793; 170; 296.2; 
567; 0; 1606.0798; 170; 296.4; 
567; 0; 1606.0804; 170; 296.6; 
567; 0; 1606.0809; 170; 296.8; 
567; 0; 1606.0813; 170; 297; 
567; 0; 1606.0818; 170; 297.2; 
567; 0; 1606.0822; 170; 297.4; 
567; 0; 1606.0826; 170; 297.6; 
567; 0; 1606.083; 170; 297.8; 
567; 0; 1606.0833; 170; 298; 
567; 0; 1607.4383; 170; 298.2; 
567; 0; 1607.4405; 170; 298.4; 
567; 0; 1607.4453; 170; 298.6; 
567; 0; 1608.8081; 170; 298.8; 
567; 0; 1608.8214; 170; 299; 
567; 0; 1608.8406; 170; 299.2; 
567; 0; 1608.8659; 170; 299.4; 
567; 0; 1610.2501; 170; 299.6; 
567; 0; 1611.6359; 170; 299.8; 
567; 0; 1615.7286; 170; 300; 
567; 0; 1619.816; 170; 300.2; 
567; 0; 1626.6041; 170; 300.4; 
567; 0; 1634.7367; 170; 300.6; 
567; 0; 1642.8592; 170; 300.8; 
567; 0; 1651.0393; 170; 301; 
567; 0; 1659.4142; 170; 301.2; 
567; 0; 1666.385; 170; 301.4; 
567; 0; 1671.9545; 170; 301.6; 
567; 0; 1677.5244; 170; 301.8; 
567; 0; 1680.2992; 170; 302; 
567; 0; 1683.0789; 170; 302.2; 
567; 0; 1685.8649; 170; 302.4; 
567; 0; 1685.8597; 170; 302.6; 
567; 0; 1687.2601; 170; 302.8; 
567; 0; 1687.2671; 170; 303; 
567; 0; 1687.2782; 170; 303.2; 
567; 0; 1688.6907; 170; 303.4; 
567; 0; 1690.104; 170; 303.6; 
567; 0; 1691.5163; 170; 303.8; 
567; 0; 1692.9263; 170; 304; 
567; 0; 1695.7321; 170; 304.2; 
567; 0; 1698.5342; 170; 304.4; 
567; 0; 1702.7317; 170; 304.6; 
567; 0; 1705.5269; 170; 304.8; 
567; 0; 1708.3195; 170; 305; 
567; 0; 1709.7115; 170; 305.2; 
567; 0; 1712.5019; 170; 305.4; 
567; 0; 1713.8935; 170; 305.6; 
567; 0; 1715.2863; 170; 305.8; 
567; 0; 1715.2817; 170; 306; 
567; 0; 1715.2791; 170; 306.2; 
567; 0; 1716.6775; 170; 306.4; 
567; 0; 1716.6789; 170; 306.6; 
567; 0; 1716.6818; 170; 306.8; 
567; 0; 1716.6858; 170; 307; 
567; 0; 1716.6903; 170; 307.2; 
567; 0; 1716.6949; 170; 307.4; 
567; 0; 1718.0979; 170; 307.6; 
567; 0; 1718.101; 170; 307.8; 
567; 0; 1719.5021; 170; 308; 
567; 0; 1720.902; 170; 308.2; 
567; 0; 1720.9018; 170; 308.4; 
567; 0; 1722.2998; 170; 308.6; 
567; 0; 1722.298; 170; 308.8; 
567; 0; 1723.6949; 170; 309; 
567; 0; 1723.6926; 170; 309.2; 
567; 0; 1723.6905; 170; 309.4; 
567; 0; 1723.6889; 170; 309.6; 
567; 0; 1723.6879; 170; 309.8; 
567; 0; 1723.6876; 170; 310; 
567; 0; 1723.6879; 170; 310.2; 
567; 0; 1723.6887; 170; 310.4; 
567; 0; 1723.69; 170; 310.6; 
567; 0; 1723.6916; 170; 310.8; 
567; 0; 1723.6934; 170; 311; 
567; 0; 1723.695; 170; 311.2; 
567; 0; 1723.6964; 170; 311.4; 
567; 0; 1723.6974; 170; 311.6; 
567; 0; 1725.097; 170; 311.8; 
567; 0; 1725.0972; 170; 312; 
567; 0; 1725.0971; 170; 312.2; 
567; 0; 1725.0967; 170; 312.4; 
567; 0; 1725.0961; 170; 312.6; 
567; 0; 1725.0955; 170; 312.8; 
567; 0; 1725.0949; 170; 313; 
567; 0; 1725.0945; 170; 313.2; 
567; 0; 1725.0941; 170; 313.4; 
567; 0; 1725.0937; 170; 313.6; 
567; 0; 1725.0922; 170; 313.8; 
567; 0; 1726.4873; 170; 314; 
567; 0; 1726.4797; 170; 314.2; 
567; 0; 1726.4681; 170; 314.4; 
567; 0; 1726.4526; 170; 314.6; 
567; 0; 1725.0359; 170; 314.8; 
567; 0; 1723.6189; 170; 315; 
567; 0; 1720.8045; 170; 315.2; 
567; 0; 1716.5946; 170; 315.4; 
567; 0; 1713.7884; 170; 315.6; 
567; 0; 1709.5884; 170; 315.8; 
567; 0; 1703.9944; 170; 316; 
567; 0; 1699.8036; 170; 316.2; 
567; 0; 1695.6157; 170; 316.4; 
567; 0; 1690.0305; 170; 316.6; 
567; 0; 1685.8444; 170; 316.8; 
567; 0; 1681.6571; 170; 317; 
567; 0; 1678.8667; 170; 317.2; 
567; 0; 1676.0739; 170; 317.4; 
567; 0; 1671.8794; 170; 317.6; 
567; 0; 1669.0814; 170; 317.8; 
567; 0; 1666.2817; 170; 318; 
567; 0; 1663.481; 170; 318.2; 
567; 0; 1662.0788; 170; 318.4; 
567; 0; 1659.2778; 170; 318.6; 
567; 0; 1656.4773; 170; 318.8; 
567; 0; 1653.6776; 170; 319; 
567; 0; 1650.8789; 170; 319.2; 
567; 0; 1648.0935; 170; 319.4; 
567; 0; 1645.386; 170; 319.6; 
567; 0; 1642.6789; 170; 319.8; 
567; 0; 1639.9721; 170; 320; 
567; 0; 1638.6198; 170; 320.2; 
567; 0; 1635.9131; 170; 320.4; 
567; 0; 1634.5604; 170; 320.6; 
567; 0; 1633.2073; 170; 320.8; 
567; 0; 1630.4994; 170; 321; 
567; 0; 1629.1454; 170; 321.2; 
567; 0; 1627.7911; 170; 321.4; 
567; 0; 1626.4367; 170; 321.6; 
567; 0; 1625.0821; 170; 321.8; 
567; 0; 1623.7274; 170; 322; 
567; 0; 1622.3729; 170; 322.2; 
567; 0; 1621.0184; 170; 322.4; 
567; 0; 1619.6641; 170; 322.6; 
567; 0; 1618.31; 170; 322.8; 
567; 0; 1616.956; 170; 323; 
567; 0; 1615.6022; 170; 323.2; 
567; 0; 1614.2485; 170; 323.4; 
567; 0; 1614.2489; 170; 323.6; 
567; 0; 1612.8951; 170; 323.8; 
567; 0; 1611.5412; 170; 324; 
567; 0; 1611.5415; 170; 324.2; 
567; 0; 1610.1875; 170; 324.4; 
567; 0; 1610.1878; 170; 324.6; 
567; 0; 1608.8339; 170; 324.8; 
567; 0; 1608.8342; 170; 325; 
567; 0; 1607.4802; 170; 325.2; 
567; 0; 1607.4804; 170; 325.4; 
567; 0; 1606.1265; 170; 325.6; 
567; 0; 1606.1268; 170; 325.8; 
567; 0; 1606.1271; 170; 326; 
567; 0; 1604.7731; 170; 326.2; 
567; 0; 1604.7734; 170; 326.4; 
567; 0; 1604.7737; 170; 326.6; 
567; 0; 1603.4197; 170; 326.8; 
567; 0; 1603.4199; 170; 327; 
567; 0; 1603.4201; 170; 327.2; 
567; 0; 1603.4204; 170; 327.4; 
567; 0; 1602.0664; 170; 327.6; 
567; 0; 1602.0668; 170; 327.8; 
567; 0; 1602.0672; 170; 328; 
567; 0; 1602.0677; 170; 328.2; 
567; 0; 1602.068; 170; 328.4; 
567; 0; 1602.0684; 170; 328.6; 
567; 0; 1600.7145; 170; 328.8; 
567; 0; 1600.7148; 170; 329; 
567; 0; 1600.7151; 170; 329.2; 
567; 0; 1600.7154; 170; 329.4; 
567; 0; 1600.7158; 170; 329.6; 
567; 0; 1600.7162; 170; 329.8; 
567; 0; 1600.7167; 170; 330; 
567; 0; 1600.7172; 170; 330.2; 
567; 0; 1600.7177; 170; 330.4; 
567; 0; 1600.7182; 170; 330.6; 
567; 0; 1600.7186; 170; 330.8; 
567; 0; 1600.7189; 170; 331; 
567; 0; 1599.3649; 170; 331.2; 
567; 0; 1599.3652; 170; 331.4; 
567; 0; 1599.3654; 170; 331.6; 
567; 0; 1599.3656; 170; 331.8; 
567; 0; 1599.3658; 170; 332; 
567; 0; 1599.3662; 170; 332.2; 
567; 0; 1599.3667; 170; 332.4; 
567; 0; 1599.3672; 170; 332.6; 
567; 0; 1599.3675; 170; 332.8; 
567; 0; 1599.3678; 170; 333; 
567; 0; 1599.3681; 170; 333.2; 
567; 0; 1599.3683; 170; 333.4; 
567; 0; 1600.7228; 170; 333.6; 
567; 0; 1600.7231; 170; 333.8; 
567; 0; 1600.7235; 170; 334; 
567; 0; 1600.7241; 170; 334.2; 
567; 0; 1600.7246; 170; 334.4; 
567; 0; 1600.7252; 170; 334.6; 
567; 0; 1600.7256; 170; 334.8; 
567; 0; 1600.726; 170; 335; 
567; 0; 1600.7262; 170; 335.2; 
567; 0; 1600.7265; 170; 335.4; 
567; 0; 1600.7267; 170; 335.6; 
567; 0; 1600.7271; 170; 335.8; 
567; 0; 1600.7275; 170; 336; 
567; 0; 1600.7278; 170; 336.2; 
567; 0; 1600.7282; 170; 336.4; 
567; 0; 1600.7286; 170; 336.6; 
567; 0; 1600.729; 170; 336.8; 
567; 0; 1600.7294; 170; 337; 
567; 0; 1600.7298; 170; 337.2; 
567; 0; 1600.7301; 170; 337.4; 
567; 0; 1600.7305; 170; 337.6; 
567; 0; 1600.7309; 170; 337.8; 
567; 0; 1600.7312; 170; 338; 
567; 0; 1600.7316; 170; 338.2; 
567; 0; 1600.7319; 170; 338.4; 
567; 0; 1600.7323; 170; 338.6; 
567; 0; 1602.0868; 170; 338.8; 
567; 0; 1602.087; 170; 339; 
567; 0; 1602.0872; 170; 339.2; 
567; 0; 1602.0875; 170; 339.4; 
567; 0; 1602.0878; 170; 339.6; 
567; 0; 1602.0881; 170; 339.8; 
567; 0; 1602.0884; 170; 340; 
567; 0; 1602.0888; 170; 340.2; 
567; 0; 1602.0891; 170; 340.4; 
567; 0; 1602.0895; 170; 340.6; 
567; 0; 1602.09; 170; 340.8; 
567; 0; 1602.0905; 170; 341; 
567; 0; 1602.091; 170; 341.2; 
567; 0; 1602.0914; 170; 341.4; 
567; 0; 1602.0917; 170; 341.6; 
567; 0; 1602.0921; 170; 341.8; 
567; 0; 1602.0924; 170; 342; 
567; 0; 1602.0928; 170; 342.2; 
567; 0; 1603.4474; 170; 342.4; 
567; 0; 1603.4477; 170; 342.6; 
567; 0; 1603.448; 170; 342.8; 
567; 0; 1603.4483; 170; 343; 
567; 0; 1603.4487; 170; 343.2; 
567; 0; 1604.8033; 170; 343.4; 
567; 0; 1604.8036; 170; 343.6; 
567; 0; 1606.1586; 170; 343.8; 
567; 0; 1606.1603; 170; 344; 
567; 0; 1607.5184; 170; 344.2; 
567; 0; 1607.525; 170; 344.4; 
567; 0; 1608.8899; 170; 344.6; 
567; 0; 1608.9056; 170; 344.8; 
567; 0; 1608.9275; 170; 345; 
567; 0; 1608.9551; 170; 345.2; 
567; 0; 1610.3402; 170; 345.4; 
567; 0; 1613.0797; 170; 345.6; 
567; 0; 1617.17; 170; 345.8; 
567; 0; 1622.6079; 170; 346; 
567; 0; 1629.3913; 170; 346.2; 
567; 0; 1637.5189; 170; 346.4; 
567; 0; 1645.6366; 170; 346.6; 
567; 0; 1653.898; 170; 346.8; 
567; 0; 1662.2699; 170; 347; 
567; 0; 1667.8401; 170; 347.2; 
567; 0; 1673.4094; 170; 347.4; 
567; 0; 1677.5815; 170; 347.6; 
567; 0; 1680.3586; 170; 347.8; 
567; 0; 1683.1414; 170; 348; 
567; 0; 1684.5321; 170; 348.2; 
567; 0; 1684.5306; 170; 348.4; 
567; 0; 1685.9342; 170; 348.6; 
567; 0; 1685.9437; 170; 348.8; 
567; 0; 1685.9564; 170; 349; 
567; 0; 1687.3695; 170; 349.2; 
567; 0; 1688.7821; 170; 349.4; 
567; 0; 1690.1928; 170; 349.6; 
567; 0; 1692.9996; 170; 349.8; 
567; 0; 1695.8029; 170; 350; 
567; 0; 1698.6026; 170; 350.2; 
567; 0; 1701.3988; 170; 350.4; 
567; 0; 1704.1922; 170; 350.6; 
567; 0; 1706.9836; 170; 350.8; 
567; 0; 1708.3752; 170; 351; 
567; 0; 1709.7667; 170; 351.2; 
567; 0; 1711.159; 170; 351.4; 
567; 0; 1712.5522; 170; 351.6; 
567; 0; 1712.547; 170; 351.8; 
567; 0; 1713.9406; 170; 352; 
567; 0; 1713.9349; 170; 352.2; 
567; 0; 1713.9283; 170; 352.4; 
567; 0; 1713.921; 170; 352.6; 
567; 0; 1712.5142; 170; 352.8; 
567; 0; 1712.5063; 170; 353; 
567; 0; 1711.1002; 170; 353.2; 
567; 0; 1708.2963; 170; 353.4; 
567; 0; 1706.8931; 170; 353.6; 
567; 0; 1704.093; 170; 353.8; 
567; 0; 1701.2948; 170; 354; 
567; 0; 1698.4986; 170; 354.2; 
567; 0; 1694.3048; 170; 354.4; 
567; 0; 1691.5111; 170; 354.6; 
567; 0; 1688.7177; 170; 354.8; 
567; 0; 1685.9242; 170; 355; 
567; 0; 1683.13; 170; 355.2; 
567; 0; 1681.7337; 170; 355.4; 
567; 0; 1678.9371; 170; 355.6; 
567; 0; 1676.1394; 170; 355.8; 
567; 0; 1674.7396; 170; 356; 
567; 0; 1671.94; 170; 356.2; 
567; 0; 1670.5389; 170; 356.4; 
567; 0; 1667.7386; 170; 356.6; 
567; 0; 1664.9385; 170; 356.8; 
567; 0; 1663.5377; 170; 357; 
567; 0; 1660.7386; 170; 357.2; 
567; 0; 1657.9401; 170; 357.4; 
567; 0; 1656.5411; 170; 357.6; 
567; 0; 1653.7435; 170; 357.8; 
567; 0; 1652.3453; 170; 358; 
567; 0; 1649.5482; 170; 358.2; 
567; 0; 1648.1669; 170; 358.4; 
567; 0; 1645.4591; 170; 358.6; 
567; 0; 1644.1055; 170; 358.8; 
567; 0; 1642.7515; 170; 359; 
567; 0; 1641.3972; 170; 359.2; 
567; 0; 1638.6884; 170; 359.4; 
567; 0; 1637.3337; 170; 359.6; 
567; 0; 1635.9789; 170; 359.8; 
567; 0; 1634.6242; 170; 360; 
567; 0; 1633.2695; 170; 360.2; 
567; 0; 1631.9148; 170; 360.4; 
567; 0; 1630.5603; 170; 360.6; 
567; 0; 1629.2059; 170; 360.8; 
567; 0; 1627.8516; 170; 361; 
567; 0; 1626.4974; 170; 361.2; 
567; 0; 1625.1433; 170; 361.4; 
567; 0; 1625.1435; 170; 361.6; 
567; 0; 1623.7895; 170; 361.8; 
567; 0; 1622.4354; 170; 362; 
567; 0; 1621.0813; 170; 362.2; 
567; 0; 1619.7272; 170; 362.4; 
567; 0; 1619.7274; 170; 362.6; 
567; 0; 1618.3733; 170; 362.8; 
567; 0; 1618.3733; 170; 363; 
567; 0; 1617.0191; 170; 363.2; 
567; 0; 1615.6648; 170; 363.4; 
567; 0; 1615.6648; 170; 363.6; 
567; 0; 1614.3104; 170; 363.8; 
567; 0; 1614.3104; 170; 364; 
567; 0; 1612.9562; 170; 364.2; 
567; 0; 1612.9564; 170; 364.4; 
567; 0; 1611.6024; 170; 364.6; 
567; 0; 1611.6028; 170; 364.8; 
567; 0; 1610.2488; 170; 365; 
567; 0; 1610.249; 170; 365.2; 
567; 0; 1610.2491; 170; 365.4; 
567; 0; 1608.8949; 170; 365.6; 
567; 0; 1608.8949; 170; 365.8; 
567; 0; 1608.8949; 170; 366; 
567; 0; 1607.5407; 170; 366.2; 
567; 0; 1607.5408; 170; 366.4; 
567; 0; 1607.541; 170; 366.6; 
567; 0; 1606.1869; 170; 366.8; 
567; 0; 1606.1871; 170; 367; 
567; 0; 1606.1873; 170; 367.2; 
567; 0; 1606.1876; 170; 367.4; 
567; 0; 1604.8338; 170; 367.6; 
567; 0; 1604.8344; 170; 367.8; 
567; 0; 1604.8348; 170; 368; 
567; 0; 1604.835; 170; 368.2; 
567; 0; 1603.4809; 170; 368.4; 
567; 0; 1603.4811; 170; 368.6; 
567; 0; 1603.4813; 170; 368.8; 
567; 0; 1603.4816; 170; 369; 
567; 0; 1603.4818; 170; 369.2; 
567; 0; 1603.4821; 170; 369.4; 
567; 0; 1603.4823; 170; 369.6; 
567; 0; 1602.1281; 170; 369.8; 
567; 0; 1602.1283; 170; 370; 
567; 0; 1602.1286; 170; 370.2; 
567; 0; 1602.129; 170; 370.4; 
567; 0; 1602.1293; 170; 370.6; 
567; 0; 1602.1297; 170; 370.8; 
567; 0; 1602.13; 170; 371; 
567; 0; 1602.1303; 170; 371.2; 
567; 0; 1602.1305; 170; 371.4; 
567; 0; 1602.1307; 170; 371.6; 
567; 0; 1602.1309; 170; 371.8; 
567; 0; 1602.1312; 170; 372; 
567; 0; 1602.1314; 170; 372.2; 
567; 0; 1602.1316; 170; 372.4; 
567; 0; 1600.7776; 170; 372.6; 
567; 0; 1600.7778; 170; 372.8; 
567; 0; 1600.778; 170; 373; 
567; 0; 1600.7784; 170; 373.2; 
567; 0; 1600.7789; 170; 373.4; 
567; 0; 1600.7794; 170; 373.6; 
567; 0; 1600.7799; 170; 373.8; 
567; 0; 1600.7802; 170; 374; 
567; 0; 1600.7805; 170; 374.2; 
567; 0; 1600.7807; 170; 374.4; 
567; 0; 1600.7808; 170; 374.6; 
567; 0; 1600.7809; 170; 374.8; 
567; 0; 1600.7811; 170; 375; 
567; 0; 1600.7815; 170; 375.2; 
567; 0; 1600.7818; 170; 375.4; 
567; 0; 1600.782; 170; 375.6; 
567; 0; 1600.7822; 170; 375.8; 
567; 0; 1600.7825; 170; 376; 
567; 0; 1600.7828; 170; 376.2; 
567; 0; 1600.7831; 170; 376.4; 
567; 0; 1600.7835; 170; 376.6; 
567; 0; 1600.7839; 170; 376.8; 
567; 0; 1600.7841; 170; 377; 
567; 0; 1602.1386; 170; 377.2; 
567; 0; 1602.1388; 170; 377.4; 
567; 0; 1602.1389; 170; 377.6; 
567; 0; 1602.1391; 170; 377.8; 
567; 0; 1602.1395; 170; 378; 
567; 0; 1602.1399; 170; 378.2; 
567; 0; 1602.1404; 170; 378.4; 
567; 0; 1602.1407; 170; 378.6; 
567; 0; 1602.1409; 170; 378.8; 
567; 0; 1603.4954; 170; 379; 
567; 0; 1603.4955; 170; 379.2; 
567; 0; 1603.4956; 170; 379.4; 
567; 0; 1603.4958; 170; 379.6; 
567; 0; 1603.496; 170; 379.8; 
567; 0; 1603.4964; 170; 380; 
567; 0; 1603.4969; 170; 380.2; 
567; 0; 1604.8517; 170; 380.4; 
567; 0; 1604.8523; 170; 380.6; 
567; 0; 1604.8528; 170; 380.8; 
567; 0; 1604.8531; 170; 381; 
567; 0; 1604.8534; 170; 381.2; 
567; 0; 1604.8536; 170; 381.4; 
567; 0; 1604.8537; 170; 381.6; 
567; 0; 1606.2081; 170; 381.8; 
567; 0; 1606.2083; 170; 382; 
567; 0; 1606.2086; 170; 382.2; 
567; 0; 1606.2088; 170; 382.4; 
567; 0; 1606.2091; 170; 382.6; 
567; 0; 1606.2093; 170; 382.8; 
567; 0; 1606.2096; 170; 383; 
567; 0; 1606.2098; 170; 383.2; 
567; 0; 1606.2101; 170; 383.4; 
567; 0; 1606.2104; 170; 383.6; 
567; 0; 1606.2106; 170; 383.8; 
567; 0; 1606.2108; 170; 384; 
567; 0; 1606.211; 170; 384.2; 
567; 0; 1606.2114; 170; 384.4; 
567; 0; 1606.2118; 170; 384.6; 
567; 0; 1606.2121; 170; 384.8; 
567; 0; 1606.2124; 170; 385; 
567; 0; 1606.2128; 170; 385.2; 
567; 0; 1606.213; 170; 385.4; 
567; 0; 1607.5675; 170; 385.6; 
567; 0; 1607.5676; 170; 385.8; 
567; 0; 1607.5678; 170; 386; 
567; 0; 1607.568; 170; 386.2; 
567; 0; 1607.5682; 170; 386.4; 
567; 0; 1607.5684; 170; 386.6; 
567; 0; 1607.5688; 170; 386.8; 
567; 0; 1607.5691; 170; 387; 
567; 0; 1607.5695; 170; 387.2; 
567; 0; 1607.5697; 170; 387.4; 
567; 0; 1607.5699; 170; 387.6; 
567; 0; 1607.57; 170; 387.8; 
567; 0; 1607.5702; 170; 388; 
567; 0; 1607.5704; 170; 388.2; 
567; 0; 1607.5707; 170; 388.4; 
567; 0; 1607.571; 170; 388.6; 
567; 0; 1607.5712; 170; 388.8; 
567; 0; 1607.5714; 170; 389; 
567; 0; 1607.5716; 170; 389.2; 
567; 0; 1607.572; 170; 389.4; 
567; 0; 1607.5723; 170; 389.6; 
567; 0; 1607.5727; 170; 389.8; 
567; 0; 1606.2188; 170; 390; 
567; 0; 1606.2192; 170; 390.2; 
567; 0; 1606.2195; 170; 390.4; 
567; 0; 1606.2196; 170; 390.6; 
567; 0; 1606.2199; 170; 390.8; 
567; 0; 1606.2203; 170; 391; 
567; 0; 1606.2206; 170; 391.2; 
567; 0; 1606.2208; 170; 391.4; 
567; 0; 1606.2209; 170; 391.6; 
567; 0; 1606.221; 170; 391.8; 
567; 0; 1607.5754; 170; 392; 
567; 0; 1607.5754; 170; 392.2; 
567; 0; 1607.5755; 170; 392.4; 
567; 0; 1607.5758; 170; 392.6; 
567; 0; 1607.5761; 170; 392.8; 
567; 0; 1607.5764; 170; 393; 
567; 0; 1607.5767; 170; 393.2; 
567; 0; 1607.5768; 170; 393.4; 
567; 0; 1607.577; 170; 393.6; 
567; 0; 1607.5773; 170; 393.8; 
567; 0; 1607.5776; 170; 394; 
567; 0; 1607.5779; 170; 394.2; 
567; 0; 1607.5783; 170; 394.4; 
567; 0; 1607.5785; 170; 394.6; 
567; 0; 1606.2245; 170; 394.8; 
567; 0; 1606.2247; 170; 395; 
567; 0; 1606.225; 170; 395.2; 
567; 0; 1606.2251; 170; 395.4; 
567; 0; 1606.2252; 170; 395.6; 
567; 0; 1606.2254; 170; 395.8; 
567; 0; 1606.2256; 170; 396; 
567; 0; 1606.2259; 170; 396.2; 
567; 0; 1606.2262; 170; 396.4; 
567; 0; 1606.2266; 170; 396.6; 
567; 0; 1606.2269; 170; 396.8; 
567; 0; 1606.2272; 170; 397; 
567; 0; 1606.2274; 170; 397.2; 
567; 0; 1606.2276; 170; 397.4; 
567; 0; 1606.2279; 170; 397.6; 
567; 0; 1606.2282; 170; 397.8; 
567; 0; 1607.5827; 170; 398; 
567; 0; 1607.5829; 170; 398.2; 
567; 0; 1607.5831; 170; 398.4; 
567; 0; 1607.5833; 170; 398.6; 
567; 0; 1607.5836; 170; 398.8; 
567; 0; 1607.5839; 170; 399; 
567; 0; 1607.584; 170; 399.2; 
567; 0; 1607.5839; 170; 399.4; 
567; 0; 1607.5838; 170; 399.6; 
567; 0; 1607.5839; 170; 399.8; 
567; 0; 1607.5842; 170; 400; 
567; 0; 1607.5846; 170; 400.2; 
567; 0; 1606.2307; 170; 400.4; 
567; 0; 1606.2311; 170; 400.6; 
567; 0; 1606.2315; 170; 400.8; 
567; 0; 1606.2318; 170; 401; 
567; 0; 1606.232; 170; 401.2; 
567; 0; 1606.2323; 170; 401.4; 
567; 0; 1606.2327; 170; 401.6; 
567; 0; 1606.233; 170; 401.8; 
567; 0; 1606.2334; 170; 402; 
567; 0; 1606.2336; 170; 402.2; 
567; 0; 1606.2338; 170; 402.4; 
567; 0; 1606.234; 170; 402.6; 
567; 0; 1606.2341; 170; 402.8; 
567; 0; 1606.2343; 170; 403; 
567; 0; 1606.2344; 170; 403.2; 
567; 0; 1606.2345; 170; 403.4; 
567; 0; 1606.2346; 170; 403.6; 
567; 0; 1606.2347; 170; 403.8; 
567; 0; 1606.2347; 170; 404; 
567; 0; 1606.2348; 170; 404.2; 
567; 0; 1606.235; 170; 404.4; 
567; 0; 1606.2352; 170; 404.6; 
567; 0; 1606.2355; 170; 404.8; 
567; 0; 1606.2359; 170; 405; 
567; 0; 1606.2364; 170; 405.2; 
567; 0; 1606.2368; 170; 405.4; 
567; 0; 1606.2371; 170; 405.6; 
567; 0; 1606.2376; 170; 405.8; 
567; 0; 1606.2379; 170; 406; 
567; 0; 1607.5924; 170; 406.2; 
567; 0; 1607.5925; 170; 406.4; 
567; 0; 1607.5925; 170; 406.6; 
567; 0; 1607.5926; 170; 406.8; 
567; 0; 1607.5927; 170; 407; 
567; 0; 1607.5928; 170; 407.2; 
567; 0; 1607.593; 170; 407.4; 
567; 0; 1607.5933; 170; 407.6; 
567; 0; 1606.2394; 170; 407.8; 
567; 0; 1606.2397; 170; 408; 
567; 0; 1606.2401; 170; 408.2; 
567; 0; 1606.2404; 170; 408.4; 
567; 0; 1606.2407; 170; 408.6; 
567; 0; 1606.2409; 170; 408.8; 
567; 0; 1606.2411; 170; 409; 
567; 0; 1606.2412; 170; 409.2; 
567; 0; 1606.2414; 170; 409.4; 
567; 0; 1606.2415; 170; 409.6; 
567; 0; 1606.2417; 170; 409.8; 
567; 0; 1606.2418; 170; 410; 
567; 0; 1606.242; 170; 410.2; 
567; 0; 1606.2423; 170; 410.4; 
567; 0; 1606.2425; 170; 410.6; 
567; 0; 1606.2427; 170; 410.8; 
567; 0; 1606.2429; 170; 411; 
567; 0; 1592.7001; 170; 411.2; 
567; 0; 1305.7101; 170; 411.4; 
567; 0; 990.3336; 170; 411.6; 
567; 0; 958.0764; 170; 411.8; 
567; 0; 958.0767; 170; 412; 
567; 0; 958.0772; 170; 412.2; 
567; 0; 958.0777; 170; 412.4; 
567; 0; 958.0782; 170; 412.6; 
567; 0; 958.0788; 170; 412.8; 
567; 0; 958.0794; 170; 413; 
567; 0; 958.0801; 170; 413.2; 
567; 0; 958.081; 170; 413.4; 
567; 0; 958.0821; 170; 413.6; 
567; 0; 958.0834; 170; 413.8; 
567; 0; 958.0848; 170; 414; 
567; 0; 958.0862; 170; 414.2; 
567; 0; 958.0878; 170; 414.4; 
567; 0; 958.0893; 170; 414.6; 
567; 0; 958.091; 170; 414.8; 
567; 0; 958.0927; 170; 415; 
567; 0; 958.0945; 170; 415.2; 
567; 0; 958.0964; 170; 415.4; 
567; 0; 958.0986; 170; 415.6; 
567; 0; 958.1008; 170; 415.8; 
567; 0; 958.1032; 170; 416; 
567; 0; 950.5344; 170; 416.2; 
567; 0; 950.5369; 170; 416.4; 
567; 0; 950.5395; 170; 416.6; 
567; 0; 950.5421; 170; 416.8; 
567; 0; 950.5448; 170; 417; 
567; 0; 950.5474; 170; 417.2; 
567; 0; 950.5501; 170; 417.4; 
567; 0; 950.5525; 170; 417.6; 
567; 0; 950.5547; 170; 417.8; 
567; 0; 950.557; 170; 418; 
567; 0; 950.5593; 170; 418.2; 
567; 0; 950.5616; 170; 418.4; 
567; 0; 950.5641; 170; 418.6; 
567; 0; 950.5665; 170; 418.8; 
567; 0; 950.569; 170; 419; 
567; 0; 950.5715; 170; 419.2; 
567; 0; 950.5739; 170; 419.4; 
567; 0; 950.5764; 170; 419.6; 
567; 0; 950.579; 170; 419.8; 
567; 0; 950.5815; 170; 420; 
567; 0; 950.5841; 170; 420.2; 
567; 0; 943.2955; 170; 420.4; 
567; 0; 943.2979; 170; 420.6; 
567; 0; 943.3002; 170; 420.8; 
567; 0; 943.3025; 170; 421; 
567; 0; 943.3048; 170; 421.2; 
567; 0; 943.307; 170; 421.4; 
567; 0; 943.309; 170; 421.6; 
567; 0; 943.3111; 170; 421.8; 
567; 0; 943.3132; 170; 422; 
567; 0; 943.3154; 170; 422.2; 
567; 0; 943.3176; 170; 422.4; 
567; 0; 943.3198; 170; 422.6; 
567; 0; 943.3221; 170; 422.8; 
567; 0; 943.3246; 170; 423; 
567; 0; 943.3271; 170; 423.2; 
567; 0; 943.3294; 170; 423.4; 
567; 0; 943.3317; 170; 423.6; 
567; 0; 943.3339; 170; 423.8; 
567; 0; 943.336; 170; 424; 
567; 0; 943.3381; 170; 424.2; 
567; 0; 943.3402; 170; 424.4; 
567; 0; 943.3424; 170; 424.6; 
567; 0; 943.3446; 170; 424.8; 
567; 0; 936.335; 170; 425; 
567; 0; 936.3372; 170; 425.2; 
567; 0; 936.3395; 170; 425.4; 
567; 0; 936.3417; 170; 425.6; 
567; 0; 936.3437; 170; 425.8; 
567; 0; 936.3457; 170; 426; 
567; 0; 936.3476; 170; 426.2; 
567; 0; 936.3495; 170; 426.4; 
567; 0; 936.3514; 170; 426.6; 
567; 0; 936.3532; 170; 426.8; 
567; 0; 936.3552; 170; 427; 
567; 0; 936.3573; 170; 427.2; 
567; 0; 936.3596; 170; 427.4; 
567; 0; 936.3618; 170; 427.6; 
567; 0; 936.364; 170; 427.8; 
567; 0; 936.366; 170; 428; 
567; 0; 936.3681; 170; 428.2; 
567; 0; 936.3701; 170; 428.4; 
567; 0; 936.372; 170; 428.6; 
567; 0; 936.3738; 170; 428.8; 
567; 0; 936.3756; 170; 429; 
567; 0; 936.3775; 170; 429.2; 
567; 0; 936.3795; 170; 429.4; 
567; 0; 936.3816; 170; 429.6; 
567; 0; 936.3835; 170; 429.8; 
567; 0; 927.3221; 170; 430; 
567; 0; 927.324; 170; 430.2; 
567; 0; 927.3258; 170; 430.4; 
567; 0; 927.3276; 170; 430.6; 
567; 0; 927.3293; 170; 430.8; 
567; 0; 927.3312; 170; 431; 
567; 0; 927.333; 170; 431.2; 
567; 0; 927.3348; 170; 431.4; 
567; 0; 927.3365; 170; 431.6; 
567; 0; 927.3384; 170; 431.8; 
567; 0; 927.3401; 170; 432; 
567; 0; 927.3418; 170; 432.2; 
567; 0; 927.3436; 170; 432.4; 
567; 0; 927.3455; 170; 432.6; 
567; 0; 927.3473; 170; 432.8; 
567; 0; 927.3491; 170; 433; 
567; 0; 927.3509; 170; 433.2; 
567; 0; 927.3527; 170; 433.4; 
567; 0; 927.3545; 170; 433.6; 
567; 0; 927.3563; 170; 433.8; 
567; 0; 927.3579; 170; 434; 
567; 0; 927.3595; 170; 434.2; 
567; 0; 927.3611; 170; 434.4; 
567; 0; 927.3628; 170; 434.6; 
567; 0; 927.3646; 170; 434.8; 
567; 0; 927.3664; 170; 435; 
567; 0; 927.3682; 170; 435.2; 
567; 0; 927.37; 170; 435.4; 
567; 0; 920.3765; 170; 435.6; 
567; 0; 920.3765; 170; 435.8; 
567; 0; 920.3765; 170; 436; 
567; 0; 920.3765; 170; 436.2; 
567; 0; 920.3765; 170; 436.4; 
567; 0; 920.3765; 170; 436.6; 
567; 0; 935.9324; 170; 436.8; 
567; 0; 953.2217; 170; 437; 
567; 0; 968.9396; 170; 437.2; 
567; 0; 986.2292; 170; 437.4; 
567; 0; 1001.9472; 170; 437.6; 
567; 0; 1017.6653; 170; 437.8; 
567; 0; 1033.3833; 170; 438; 
567; 0; 1049.1012; 170; 438.2; 
567; 0; 1063.2474; 170; 438.4; 
567; 0; 1077.3775; 170; 438.6; 
567; 0; 1091.1203; 170; 438.8; 
567; 0; 1103.3364; 170; 439; 
567; 0; 1115.5525; 170; 439.2; 
567; 0; 1127.7686; 170; 439.4; 
567; 0; 1138.4578; 170; 439.6; 
567; 0; 1149.1469; 170; 439.8; 
567; 0; 1158.3091; 170; 440; 
567; 0; 1167.4712; 170; 440.2; 
567; 0; 1176.6334; 170; 440.4; 
567; 0; 1185.7956; 170; 440.6; 
567; 0; 1193.4313; 170; 440.8; 
567; 0; 1201.0681; 170; 441; 
567; 0; 1208.7072; 170; 441.2; 
567; 0; 1216.3496; 170; 441.4; 
567; 0; 1222.8877; 170; 441.6; 
567; 0; 1227.8311; 170; 441.8; 
567; 0; 1234.4237; 170; 442; 
567; 0; 1239.3821; 170; 442.2; 
567; 0; 1245.9882; 170; 442.4; 
567; 0; 1252.5967; 170; 442.6; 
567; 0; 1260.4513; 170; 442.8; 
567; 0; 1270.74; 170; 443; 
567; 0; 1281.0203; 170; 443.2; 
567; 0; 1294.2211; 170; 443.4; 
567; 0; 1307.4105; 170; 443.6; 
567; 0; 1310.8662; 170; 443.8; 
567; 0; 1323.9761; 170; 444; 
567; 0; 1335.6196; 170; 444.2; 
567; 0; 1345.7996; 170; 444.4; 
567; 0; 1353.0604; 170; 444.6; 
567; 0; 1360.323; 170; 444.8; 
567; 0; 1364.6721; 170; 445; 
567; 0; 1367.5688; 170; 445.2; 
567; 0; 1370.4733; 170; 445.4; 
567; 0; 1371.927; 170; 445.6; 
567; 0; 1371.9295; 170; 445.8; 
567; 0; 1373.3977; 170; 446; 
567; 0; 1373.4117; 170; 446.2; 
567; 0; 1374.8876; 170; 446.4; 
567; 0; 1376.3643; 170; 446.6; 
567; 0; 1379.2989; 170; 446.8; 
567; 0; 1382.2308; 170; 447; 
567; 0; 1385.159; 170; 447.2; 
567; 0; 1389.5418; 170; 447.4; 
567; 0; 1392.4612; 170; 447.6; 
567; 0; 1396.8354; 170; 447.8; 
567; 0; 1399.7473; 170; 448; 
567; 0; 1402.657; 170; 448.2; 
567; 0; 1405.5655; 170; 448.4; 
567; 0; 1407.015; 170; 448.6; 
567; 0; 1408.4654; 170; 448.8; 
567; 0; 1409.9174; 170; 449; 
567; 0; 1409.9126; 170; 449.2; 
567; 0; 1411.3693; 170; 449.4; 
567; 0; 1411.3693; 170; 449.6; 
567; 0; 1411.3713; 170; 449.8; 
567; 0; 1411.3749; 170; 450; 
567; 0; 1411.3796; 170; 450.2; 
567; 0; 1411.3846; 170; 450.4; 
567; 0; 1411.3894; 170; 450.6; 
567; 0; 1412.8518; 170; 450.8; 
567; 0; 1412.852; 170; 451; 
567; 0; 1414.3065; 170; 451.2; 
567; 0; 1415.7552; 170; 451.4; 
567; 0; 1417.198; 170; 451.6; 
567; 0; 1417.1768; 170; 451.8; 
567; 0; 1417.1525; 170; 452; 
567; 0; 1415.6686; 170; 452.2; 
567; 0; 1412.729; 170; 452.4; 
567; 0; 1408.3348; 170; 452.6; 
567; 0; 1403.9466; 170; 452.8; 
567; 0; 1399.5649; 170; 453; 
567; 0; 1393.7306; 170; 453.2; 
567; 0; 1387.902; 170; 453.4; 
567; 0; 1382.0778; 170; 453.6; 
567; 0; 1377.7152; 170; 453.8; 
567; 0; 1373.3534; 170; 454; 
567; 0; 1368.9913; 170; 454.2; 
567; 0; 1366.0857; 170; 454.4; 
567; 0; 1363.1765; 170; 454.6; 
567; 0; 1360.2632; 170; 454.8; 
567; 0; 1358.8052; 170; 455; 
567; 0; 1355.885; 170; 455.2; 
567; 0; 1354.4216; 170; 455.4; 
567; 0; 1351.498; 170; 455.6; 
567; 0; 1350.0331; 170; 455.8; 
567; 0; 1348.5687; 170; 456; 
567; 0; 1345.6463; 170; 456.2; 
567; 0; 1344.1842; 170; 456.4; 
567; 0; 1341.2647; 170; 456.6; 
567; 0; 1339.8056; 170; 456.8; 
567; 0; 1336.8886; 170; 457; 
567; 0; 1335.4315; 170; 457.2; 
567; 0; 1332.5159; 170; 457.4; 
567; 0; 1331.0595; 170; 457.6; 
567; 0; 1329.6028; 170; 457.8; 
567; 0; 1328.1457; 170; 458; 
567; 0; 1326.6879; 170; 458.2; 
567; 0; 1325.2294; 170; 458.4; 
567; 0; 1325.2293; 170; 458.6; 
567; 0; 1323.7698; 170; 458.8; 
567; 0; 1322.3101; 170; 459; 
567; 0; 1322.3091; 170; 459.2; 
567; 0; 1320.8492; 170; 459.4; 
567; 0; 1320.8483; 170; 459.6; 
567; 0; 1319.3885; 170; 459.8; 
567; 0; 1319.3879; 170; 460; 
567; 0; 1317.9284; 170; 460.2; 
567; 0; 1317.9281; 170; 460.4; 
567; 0; 1316.469; 170; 460.6; 
567; 0; 1316.4692; 170; 460.8; 
567; 0; 1315.0102; 170; 461; 
567; 0; 1315.0103; 170; 461.2; 
567; 0; 1315.0102; 170; 461.4; 
567; 0; 1313.551; 170; 461.6; 
567; 0; 1313.5508; 170; 461.8; 
567; 0; 1313.5506; 170; 462; 
567; 0; 1312.0915; 170; 462.2; 
567; 0; 1312.0914; 170; 462.4; 
567; 0; 1312.0913; 170; 462.6; 
567; 0; 1312.0911; 170; 462.8; 
567; 0; 1310.6319; 170; 463; 
567; 0; 1310.6317; 170; 463.2; 
567; 0; 1310.6315; 170; 463.4; 
567; 0; 1310.6313; 170; 463.6; 
567; 0; 1309.1721; 170; 463.8; 
567; 0; 1309.1721; 170; 464; 
567; 0; 1309.172; 170; 464.2; 
567; 0; 1309.1719; 170; 464.4; 
567; 0; 1309.1718; 170; 464.6; 
567; 0; 1309.1716; 170; 464.8; 
567; 0; 1309.1715; 170; 465; 
567; 0; 1307.7122; 170; 465.2; 
567; 0; 1307.7121; 170; 465.4; 
567; 0; 1307.7119; 170; 465.6; 
567; 0; 1307.7119; 170; 465.8; 
567; 0; 1307.7118; 170; 466; 
567; 0; 1307.7118; 170; 466.2; 
567; 0; 1307.7118; 170; 466.4; 
567; 0; 1307.7116; 170; 466.6; 
567; 0; 1307.7115; 170; 466.8; 
567; 0; 1306.2522; 170; 467; 
567; 0; 1306.252; 170; 467.2; 
567; 0; 1306.2519; 170; 467.4; 
567; 0; 1306.2517; 170; 467.6; 
567; 0; 1306.2515; 170; 467.8; 
567; 0; 1315.9535; 170; 468; 
567; 0; 1315.9533; 170; 468.2; 
567; 0; 1315.9532; 170; 468.4; 
567; 0; 1315.9531; 170; 468.6; 
567; 0; 1315.953; 170; 468.8; 
567; 0; 1314.4874; 170; 469; 
567; 0; 1314.4873; 170; 469.2; 
567; 0; 1314.4872; 170; 469.4; 
567; 0; 1313.0216; 170; 469.6; 
567; 0; 1313.0216; 170; 469.8; 
567; 0; 1313.0216; 170; 470; 
567; 0; 1311.556; 170; 470.2; 
567; 0; 1311.556; 170; 470.4; 
567; 0; 1310.0903; 170; 470.6; 
567; 0; 1310.0902; 170; 470.8; 
567; 0; 1308.6244; 170; 471; 
567; 0; 1308.6241; 170; 471.2; 
567; 0; 1308.6238; 170; 471.4; 
567; 0; 1307.158; 170; 471.6; 
567; 0; 1307.1578; 170; 471.8; 
567; 0; 1305.6919; 170; 472; 
567; 0; 1305.6917; 170; 472.2; 
567; 0; 1305.6916; 170; 472.4; 
567; 0; 1304.2259; 170; 472.6; 
567; 0; 1304.226; 170; 472.8; 
567; 0; 1302.7605; 170; 473; 
567; 0; 1302.7606; 170; 473.2; 
567; 0; 1302.7605; 170; 473.4; 
567; 0; 1302.7604; 170; 473.6; 
567; 0; 1301.2946; 170; 473.8; 
567; 0; 1301.2944; 170; 474; 
567; 0; 1301.2941; 170; 474.2; 
567; 0; 1301.2938; 170; 474.4; 
567; 0; 1301.2935; 170; 474.6; 
567; 0; 1299.8278; 170; 474.8; 
567; 0; 1299.8276; 170; 475; 
567; 0; 1299.8276; 170; 475.2; 
567; 0; 1299.8278; 170; 475.4; 
567; 0; 1299.8291; 170; 475.6; 
567; 0; 1301.2982; 170; 475.8; 
567; 0; 1301.3055; 170; 476; 
567; 0; 1301.3177; 170; 476.2; 
567; 0; 1299.8708; 170; 476.4; 
567; 0; 1299.8967; 170; 476.6; 
567; 0; 1299.9289; 170; 476.8; 
567; 0; 1301.43; 170; 477; 
567; 0; 1304.3966; 170; 477.2; 
567; 0; 1310.2905; 170; 477.4; 
567; 0; 1307.9334; 170; 477.6; 
567; 0; 1316.7021; 170; 477.8; 
567; 0; 1325.4596; 170; 478; 
567; 0; 1337.1241; 170; 478.2; 
567; 0; 1347.3193; 170; 478.4; 
567; 0; 1357.5065; 170; 478.6; 
567; 0; 1364.7703; 170; 478.8; 
567; 0; 1372.0317; 170; 479; 
567; 0; 1377.8348; 170; 479.2; 
567; 0; 1380.7233; 170; 479.4; 
567; 0; 1383.6176; 170; 479.6; 
567; 0; 1385.0603; 170; 479.8; 
567; 0; 1385.052; 170; 480; 
567; 0; 1385.0517; 170; 480.2; 
567; 0; 1385.0584; 170; 480.4; 
567; 0; 1385.0706; 170; 480.6; 
567; 0; 1385.0862; 170; 480.8; 
567; 0; 1385.1031; 170; 481; 
567; 0; 1386.5786; 170; 481.2; 
567; 0; 1388.052; 170; 481.4; 
567; 0; 1390.9811; 170; 481.6; 
567; 0; 1393.9061; 170; 481.8; 
567; 0; 1396.8266; 170; 482; 
567; 0; 1401.2021; 170; 482.2; 
567; 0; 1404.115; 170; 482.4; 
567; 0; 1405.5664; 170; 482.6; 
567; 0; 1408.4753; 170; 482.8; 
567; 0; 1409.9248; 170; 483; 
567; 0; 1411.3749; 170; 483.2; 
567; 0; 1411.3674; 170; 483.4; 
567; 0; 1411.3619; 170; 483.6; 
567; 0; 1411.3589; 170; 483.8; 
567; 0; 1411.3583; 170; 484; 
567; 0; 1411.3598; 170; 484.2; 
567; 0; 1411.3631; 170; 484.4; 
567; 0; 1411.3676; 170; 484.6; 
567; 0; 1411.3726; 170; 484.8; 
567; 0; 1411.3776; 170; 485; 
567; 0; 1411.382; 170; 485.2; 
567; 0; 1411.3853; 170; 485.4; 
567; 0; 1412.8464; 170; 485.6; 
567; 0; 1412.8472; 170; 485.8; 
567; 0; 1414.3057; 170; 486; 
567; 0; 1414.3043; 170; 486.2; 
567; 0; 1415.7612; 170; 486.4; 
567; 0; 1415.7585; 170; 486.6; 
567; 0; 1415.7556; 170; 486.8; 
567; 0; 1415.7531; 170; 487; 
567; 0; 1417.21; 170; 487.2; 
567; 0; 1417.2084; 170; 487.4; 
567; 0; 1415.7483; 170; 487.6; 
567; 0; 1415.7479; 170; 487.8; 
567; 0; 1415.7482; 170; 488; 
567; 0; 1415.749; 170; 488.2; 
567; 0; 1415.7502; 170; 488.4; 
567; 0; 1415.7515; 170; 488.6; 
567; 0; 1415.7527; 170; 488.8; 
567; 0; 1415.7538; 170; 489; 
567; 0; 1415.7547; 170; 489.2; 
567; 0; 1415.7552; 170; 489.4; 
567; 0; 1415.7553; 170; 489.6; 
567; 0; 1415.7552; 170; 489.8; 
567; 0; 1417.2139; 170; 490; 
567; 0; 1417.2132; 170; 490.2; 
567; 0; 1417.2124; 170; 490.4; 
567; 0; 1417.2115; 170; 490.6; 
567; 0; 1417.2107; 170; 490.8; 
567; 0; 1417.2101; 170; 491; 
567; 0; 1417.2097; 170; 491.2; 
567; 0; 1417.2095; 170; 491.4; 
567; 0; 1417.2094; 170; 491.6; 
567; 0; 1417.2095; 170; 491.8; 
567; 0; 1417.2096; 170; 492; 
567; 0; 1415.7507; 170; 492.2; 
567; 0; 1415.7507; 170; 492.4; 
567; 0; 1415.7508; 170; 492.6; 
567; 0; 1415.7509; 170; 492.8; 
567; 0; 1415.7509; 170; 493; 
567; 0; 1415.7509; 170; 493.2; 
567; 0; 1417.2095; 170; 493.4; 
567; 0; 1417.2076; 170; 493.6; 
567; 0; 1417.2024; 170; 493.8; 
567; 0; 1418.6515; 170; 494; 
567; 0; 1418.6363; 170; 494.2; 
567; 0; 1418.6161; 170; 494.4; 
567; 0; 1417.1333; 170; 494.6; 
567; 0; 1415.6502; 170; 494.8; 
567; 0; 1412.7101; 170; 495; 
567; 0; 1408.315; 170; 495.2; 
567; 0; 1403.9255; 170; 495.4; 
567; 0; 1398.0835; 170; 495.6; 
567; 0; 1392.2481; 170; 495.8; 
567; 0; 1386.4184; 170; 496; 
567; 0; 1380.5929; 170; 496.2; 
567; 0; 1376.229; 170; 496.4; 
567; 0; 1370.4068; 170; 496.6; 
567; 0; 1366.0428; 170; 496.8; 
567; 0; 1361.6767; 170; 497; 
567; 0; 1358.7671; 170; 497.2; 
567; 0; 1355.8543; 170; 497.4; 
567; 0; 1352.9384; 170; 497.6; 
567; 0; 1350.0199; 170; 497.8; 
567; 0; 1348.5586; 170; 498; 
567; 0; 1345.6371; 170; 498.2; 
567; 0; 1342.7152; 170; 498.4; 
567; 0; 1341.2527; 170; 498.6; 
567; 0; 1338.3321; 170; 498.8; 
567; 0; 1335.4124; 170; 499; 
567; 0; 1333.9526; 170; 499.2; 
567; 0; 1331.0346; 170; 499.4; 
567; 0; 1329.5764; 170; 499.6; 
567; 0; 1328.1188; 170; 499.8; 
567; 0; 1325.2025; 170; 500; 
567; 0; 1323.7452; 170; 500.2; 
567; 0; 1322.2878; 170; 500.4; 
567; 0; 1320.8301; 170; 500.6; 
567; 0; 1319.372; 170; 500.8; 
567; 0; 1317.9135; 170; 501; 
567; 0; 1317.9135; 170; 501.2; 
567; 0; 1316.4542; 170; 501.4; 
567; 0; 1314.9946; 170; 501.6; 
567; 0; 1314.994; 170; 501.8; 
567; 0; 1313.5344; 170; 502; 
567; 0; 1313.534; 170; 502.2; 
567; 0; 1312.0745; 170; 502.4; 
567; 0; 1312.0743; 170; 502.6; 
567; 0; 1310.6151; 170; 502.8; 
567; 0; 1310.6152; 170; 503; 
567; 0; 1309.1564; 170; 503.2; 
567; 0; 1309.1567; 170; 503.4; 
567; 0; 1309.1568; 170; 503.6; 
567; 0; 1307.6978; 170; 503.8; 
567; 0; 1307.6979; 170; 504; 
567; 0; 1307.698; 170; 504.2; 
567; 0; 1307.6979; 170; 504.4; 
567; 0; 1306.2386; 170; 504.6; 
567; 0; 1306.2383; 170; 504.8; 
567; 0; 1315.94; 170; 505; 
567; 0; 1315.9397; 170; 505.2; 
567; 0; 1315.9395; 170; 505.4; 
567; 0; 1314.4738; 170; 505.6; 
567; 0; 1314.4737; 170; 505.8; 
567; 0; 1314.4737; 170; 506; 
567; 0; 1313.0081; 170; 506.2; 
567; 0; 1313.0079; 170; 506.4; 
567; 0; 1313.0079; 170; 506.6; 
567; 0; 1311.5423; 170; 506.8; 
567; 0; 1311.5423; 170; 507; 
567; 0; 1310.0769; 170; 507.2; 
567; 0; 1310.0771; 170; 507.4; 
567; 0; 1308.6117; 170; 507.6; 
567; 0; 1308.6117; 170; 507.8; 
567; 0; 1307.1461; 170; 508; 
567; 0; 1307.1459; 170; 508.2; 
567; 0; 1305.68; 170; 508.4; 
567; 0; 1305.6795; 170; 508.6; 
567; 0; 1305.679; 170; 508.8; 
567; 0; 1304.2131; 170; 509; 
567; 0; 1304.2129; 170; 509.2; 
567; 0; 1302.7472; 170; 509.4; 
567; 0; 1302.7472; 170; 509.6; 
567; 0; 1302.7472; 170; 509.8; 
567; 0; 1301.2817; 170; 510; 
567; 0; 1301.2817; 170; 510.2; 
567; 0; 1301.2816; 170; 510.4; 
567; 0; 1299.8159; 170; 510.6; 
567; 0; 1299.8158; 170; 510.8; 
567; 0; 1299.8158; 170; 511; 
567; 0; 1299.8158; 170; 511.2; 
567; 0; 1298.3503; 170; 511.4; 
567; 0; 1298.3504; 170; 511.6; 
567; 0; 1298.3504; 170; 511.8; 
567; 0; 1298.3503; 170; 512; 
567; 0; 1298.3502; 170; 512.2; 
567; 0; 1298.35; 170; 512.4; 
567; 0; 1296.8843; 170; 512.6; 
567; 0; 1296.8842; 170; 512.8; 
567; 0; 1296.884; 170; 513; 
567; 0; 1296.8839; 170; 513.2; 
567; 0; 1296.8837; 170; 513.4; 
567; 0; 1296.8836; 170; 513.6; 
567; 0; 1296.8835; 170; 513.8; 
567; 0; 1296.8833; 170; 514; 
567; 0; 1296.8832; 170; 514.2; 
567; 0; 1295.4176; 170; 514.4; 
567; 0; 1295.4175; 170; 514.6; 
567; 0; 1295.4175; 170; 514.8; 
567; 0; 1295.4175; 170; 515; 
567; 0; 1295.4175; 170; 515.2; 
567; 0; 1295.4175; 170; 515.4; 
567; 0; 1295.4176; 170; 515.6; 
567; 0; 1295.4176; 170; 515.8; 
567; 0; 1295.4177; 170; 516; 
567; 0; 1295.4178; 170; 516.2; 
567; 0; 1295.4178; 170; 516.4; 
567; 0; 1295.4178; 170; 516.6; 
567; 0; 1295.4177; 170; 516.8; 
567; 0; 1295.4176; 170; 517; 
567; 0; 1295.4175; 170; 517.2; 
567; 0; 1295.4173; 170; 517.4; 
567; 0; 1295.4171; 170; 517.6; 
567; 0; 1295.417; 170; 517.8; 
567; 0; 1295.4169; 170; 518; 
567; 0; 1293.9512; 170; 518.2; 
567; 0; 1293.9511; 170; 518.4; 
567; 0; 1293.951; 170; 518.6; 
567; 0; 1293.951; 170; 518.8; 
567; 0; 1293.9509; 170; 519; 
567; 0; 1293.9509; 170; 519.2; 
567; 0; 1293.951; 170; 519.4; 
567; 0; 1293.9511; 170; 519.6; 
567; 0; 1293.9513; 170; 519.8; 
567; 0; 1293.9514; 170; 520; 
567; 0; 1293.9514; 170; 520.2; 
567; 0; 1293.9515; 170; 520.4; 
567; 0; 1293.9514; 170; 520.6; 
567; 0; 1293.9514; 170; 520.8; 
567; 0; 1293.9513; 170; 521; 
567; 0; 1293.9513; 170; 521.2; 
567; 0; 1293.9511; 170; 521.4; 
567; 0; 1293.951; 170; 521.6; 
567; 0; 1293.9509; 170; 521.8; 
567; 0; 1293.9508; 170; 522; 
567; 0; 1293.9507; 170; 522.2; 
567; 0; 1293.9505; 170; 522.4; 
567; 0; 1293.9504; 170; 522.6; 
567; 0; 1293.9503; 170; 522.8; 
567; 0; 1293.9504; 170; 523; 
567; 0; 1293.9505; 170; 523.2; 
567; 0; 1293.9506; 170; 523.4; 
567; 0; 1293.9506; 170; 523.6; 
567; 0; 1293.9505; 170; 523.8; 
567; 0; 1293.9504; 170; 524; 
567; 0; 1293.9503; 170; 524.2; 
567; 0; 1293.9502; 170; 524.4; 
567; 0; 1293.9501; 170; 524.6; 
567; 0; 1293.9501; 170; 524.8; 
567; 0; 1293.9501; 170; 525; 
567; 0; 1293.9502; 170; 525.2; 
567; 0; 1293.9503; 170; 525.4; 
567; 0; 1293.9504; 170; 525.6; 
567; 0; 1293.9504; 170; 525.8; 
567; 0; 1293.9504; 170; 526; 
567; 0; 1293.9503; 170; 526.2; 
567; 0; 1293.9502; 170; 526.4; 
567; 0; 1293.9501; 170; 526.6; 
567; 0; 1293.95; 170; 526.8; 
567; 0; 1293.9499; 170; 527; 
567; 0; 1293.9499; 170; 527.2; 
567; 0; 1293.9499; 170; 527.4; 
567; 0; 1293.9498; 170; 527.6; 
567; 0; 1293.9497; 170; 527.8; 
567; 0; 1293.9497; 170; 528; 
567; 0; 1293.9497; 170; 528.2; 
567; 0; 1293.9497; 170; 528.4; 
567; 0; 1293.9497; 170; 528.6; 
567; 0; 1292.4842; 170; 528.8; 
567; 0; 1292.4841; 170; 529; 
567; 0; 1292.484; 170; 529.2; 
567; 0; 1292.484; 170; 529.4; 
567; 0; 1292.484; 170; 529.6; 
567; 0; 1292.484; 170; 529.8; 
567; 0; 1292.484; 170; 530; 
567; 0; 1292.4839; 170; 530.2; 
567; 0; 1292.4839; 170; 530.4; 
567; 0; 1292.484; 170; 530.6; 
567; 0; 1292.4839; 170; 530.8; 
567; 0; 1292.4839; 170; 531; 
567; 0; 1292.4838; 170; 531.2; 
567; 0; 1292.4837; 170; 531.4; 
567; 0; 1292.4836; 170; 531.6; 
567; 0; 1292.4835; 170; 531.8; 
567; 0; 1292.4835; 170; 532; 
567; 0; 1292.4836; 170; 532.2; 
567; 0; 1292.4836; 170; 532.4; 
567; 0; 1292.4836; 170; 532.6; 
567; 0; 1292.4836; 170; 532.8; 
567; 0; 1292.4836; 170; 533; 
567; 0; 1292.4835; 170; 533.2; 
567; 0; 1292.4834; 170; 533.4; 
567; 0; 1292.4833; 170; 533.6; 
567; 0; 1292.4833; 170; 533.8; 
567; 0; 1292.4833; 170; 534; 
567; 0; 1292.4833; 170; 534.2; 
567; 0; 1292.4833; 170; 534.4; 
567; 0; 1292.4832; 170; 534.6; 
567; 0; 1292.4832; 170; 534.8; 
567; 0; 1292.4832; 170; 535; 
567; 0; 1292.4832; 170; 535.2; 
567; 0; 1292.4832; 170; 535.4; 
567; 0; 1292.4832; 170; 535.6; 
567; 0; 1292.4832; 170; 535.8; 
567; 0; 1292.4832; 170; 536; 
567; 0; 1292.4832; 170; 536.2; 
567; 0; 1292.4831; 170; 536.4; 
567; 0; 1292.4831; 170; 536.6; 
567; 0; 1292.4831; 170; 536.8; 
567; 0; 1292.4831; 170; 537; 
567; 0; 1292.483; 170; 537.2; 
567; 0; 1292.483; 170; 537.4; 
567; 0; 1292.4829; 170; 537.6; 
567; 0; 1292.4828; 170; 537.8; 
567; 0; 1292.4828; 170; 538; 
567; 0; 1292.4828; 170; 538.2; 
567; 0; 1292.4828; 170; 538.4; 
567; 0; 1292.4828; 170; 538.6; 
567; 0; 1293.9485; 170; 538.8; 
567; 0; 1293.9488; 170; 539; 
567; 0; 1293.9495; 170; 539.2; 
567; 0; 1293.9514; 170; 539.4; 
567; 0; 1295.4212; 170; 539.6; 
567; 0; 1295.4293; 170; 539.8; 
567; 0; 1295.4422; 170; 540; 
567; 0; 1295.4607; 170; 540.2; 
567; 0; 1295.4844; 170; 540.4; 
567; 0; 1295.5122; 170; 540.6; 
567; 0; 1298.4737; 170; 540.8; 
567; 0; 1299.9698; 170; 541; 
567; 0; 1304.3948; 170; 541.2; 
567; 0; 1310.2802; 170; 541.4; 
567; 0; 1309.3732; 170; 541.6; 
567; 0; 1318.1336; 170; 541.8; 
567; 0; 1326.8835; 170; 542; 
567; 0; 1337.0819; 170; 542.2; 
567; 0; 1347.2703; 170; 542.4; 
567; 0; 1355.9911; 170; 542.6; 
567; 0; 1363.247; 170; 542.8; 
567; 0; 1367.5824; 170; 543; 
567; 0; 1371.9193; 170; 543.2; 
567; 0; 1373.3439; 170; 543.4; 
567; 0; 1373.319; 170; 543.6; 
567; 0; 1371.845; 170; 543.8; 
567; 0; 1370.3819; 170; 544; 
567; 0; 1367.4705; 170; 544.2; 
567; 0; 1364.5683; 170; 544.4; 
567; 0; 1361.6729; 170; 544.6; 
567; 0; 1360.2415; 170; 544.8; 
567; 0; 1358.8111; 170; 545; 
567; 0; 1358.8369; 170; 545.2; 
567; 0; 1360.3161; 170; 545.4; 
567; 0; 1363.2466; 170; 545.6; 
567; 0; 1366.1683; 170; 545.8; 
567; 0; 1369.081; 170; 546; 
567; 0; 1371.9855; 170; 546.2; 
567; 0; 1374.8838; 170; 546.4; 
567; 0; 1376.3192; 170; 546.6; 
567; 0; 1376.2945; 170; 546.8; 
567; 0; 1376.2717; 170; 547; 
567; 0; 1374.795; 170; 547.2; 
567; 0; 1371.8648; 170; 547.4; 
567; 0; 1368.9408; 170; 547.6; 
567; 0; 1366.0231; 170; 547.8; 
567; 0; 1363.1109; 170; 548; 
567; 0; 1360.2031; 170; 548.2; 
567; 0; 1357.2978; 170; 548.4; 
567; 0; 1354.3938; 170; 548.6; 
567; 0; 1352.9482; 170; 548.8; 
567; 0; 1351.5; 170; 549; 
567; 0; 1350.0483; 170; 549.2; 
567; 0; 1350.0515; 170; 549.4; 
567; 0; 1350.0506; 170; 549.6; 
567; 0; 1350.0464; 170; 549.8; 
567; 0; 1348.5805; 170; 550; 
567; 0; 1348.5723; 170; 550.2; 
567; 0; 1347.1047; 170; 550.4; 
567; 0; 1347.0967; 170; 550.6; 
567; 0; 1345.631; 170; 550.8; 
567; 0; 1344.1674; 170; 551; 
567; 0; 1342.7058; 170; 551.2; 
567; 0; 1339.7871; 170; 551.4; 
567; 0; 1338.3291; 170; 551.6; 
567; 0; 1336.8723; 170; 551.8; 
567; 0; 1335.4163; 170; 552; 
567; 0; 1333.9605; 170; 552.2; 
567; 0; 1332.5046; 170; 552.4; 
567; 0; 1331.048; 170; 552.6; 
567; 0; 1331.0496; 170; 552.8; 
567; 0; 1329.5911; 170; 553; 
567; 0; 1328.1317; 170; 553.2; 
567; 0; 1328.1306; 170; 553.4; 
567; 0; 1326.6698; 170; 553.6; 
567; 0; 1326.6678; 170; 553.8; 
567; 0; 1325.2068; 170; 554; 
567; 0; 1325.2051; 170; 554.2; 
567; 0; 1323.7447; 170; 554.4; 
567; 0; 1322.2848; 170; 554.6; 
567; 0; 1322.2842; 170; 554.8; 
567; 0; 1320.8249; 170; 555; 
567; 0; 1320.8249; 170; 555.2; 
567; 0; 1319.366; 170; 555.4; 
567; 0; 1319.3661; 170; 555.6; 
567; 0; 1317.9073; 170; 555.8; 
567; 0; 1317.9075; 170; 556; 
567; 0; 1316.4485; 170; 556.2; 
567; 0; 1316.4484; 170; 556.4; 
567; 0; 1314.9891; 170; 556.6; 
567; 0; 1314.9888; 170; 556.8; 
567; 0; 1314.9884; 170; 557; 
567; 0; 1313.5288; 170; 557.2; 
567; 0; 1313.5284; 170; 557.4; 
567; 0; 1313.5279; 170; 557.6; 
567; 0; 1312.0685; 170; 557.8; 
567; 0; 1312.0682; 170; 558; 
567; 0; 1312.0679; 170; 558.2; 
567; 0; 1310.6085; 170; 558.4; 
567; 0; 1310.6084; 170; 558.6; 
567; 0; 1310.6083; 170; 558.8; 
567; 0; 1309.1492; 170; 559; 
567; 0; 1309.1492; 170; 559.2; 
567; 0; 1309.1491; 170; 559.4; 
567; 0; 1309.1491; 170; 559.6; 
567; 0; 1307.6899; 170; 559.8; 
567; 0; 1307.6898; 170; 560; 
567; 0; 1307.6896; 170; 560.2; 
567; 0; 1307.6895; 170; 560.4; 
567; 0; 1307.6893; 170; 560.6; 
567; 0; 1306.23; 170; 560.8; 
567; 0; 1306.2297; 170; 561; 
567; 0; 1315.9315; 170; 561.2; 
567; 0; 1315.9314; 170; 561.4; 
567; 0; 1315.9312; 170; 561.6; 
567; 0; 1314.4654; 170; 561.8; 
567; 0; 1314.4652; 170; 562; 
567; 0; 1314.4652; 170; 562.2; 
567; 0; 1312.9996; 170; 562.4; 
567; 0; 1312.9996; 170; 562.6; 
567; 0; 1311.534; 170; 562.8; 
567; 0; 1311.5339; 170; 563; 
567; 0; 1310.0681; 170; 563.2; 
567; 0; 1310.068; 170; 563.4; 
567; 0; 1308.6023; 170; 563.6; 
567; 0; 1308.6021; 170; 563.8; 
567; 0; 1307.1363; 170; 564; 
567; 0; 1307.1361; 170; 564.2; 
567; 0; 1305.6703; 170; 564.4; 
567; 0; 1305.6702; 170; 564.6; 
567; 0; 1305.67; 170; 564.8; 
567; 0; 1304.2043; 170; 565; 
567; 0; 1304.2042; 170; 565.2; 
567; 0; 1302.7386; 170; 565.4; 
567; 0; 1302.7387; 170; 565.6; 
567; 0; 1301.2732; 170; 565.8; 
567; 0; 1301.2731; 170; 566; 
567; 0; 1301.273; 170; 566.2; 
567; 0; 1299.8072; 170; 566.4; 
567; 0; 1299.8071; 170; 566.6; 
567; 0; 1299.8068; 170; 566.8; 
567; 0; 1298.341; 170; 567; 
567; 0; 1298.3407; 170; 567.2; 
567; 0; 1298.3406; 170; 567.4; 
567; 0; 1298.3405; 170; 567.6; 
567; 0; 1296.8748; 170; 567.8; 
567; 0; 1296.8748; 170; 568; 
567; 0; 1296.8748; 170; 568.2; 
567; 0; 1296.8747; 170; 568.4; 
567; 0; 1295.4091; 170; 568.6; 
567; 0; 1295.4091; 170; 568.8; 
567; 0; 1295.4091; 170; 569; 
567; 0; 1295.4092; 170; 569.2; 
567; 0; 1295.4092; 170; 569.4; 
567; 0; 1295.4091; 170; 569.6; 
567; 0; 1293.9434; 170; 569.8; 
567; 0; 1293.9433; 170; 570; 
567; 0; 1293.9432; 170; 570.2; 
567; 0; 1293.9431; 170; 570.4; 
567; 0; 1293.9429; 170; 570.6; 
567; 0; 1293.9429; 170; 570.8; 
567; 0; 1293.9429; 170; 571; 
567; 0; 1293.9428; 170; 571.2; 
567; 0; 1293.9429; 170; 571.4; 
567; 0; 1293.9428; 170; 571.6; 
567; 0; 1292.4773; 170; 571.8; 
567; 0; 1292.4773; 170; 572; 
567; 0; 1292.4774; 170; 572.2; 
567; 0; 1292.4774; 170; 572.4; 
567; 0; 1292.4774; 170; 572.6; 
567; 0; 1292.4773; 170; 572.8; 
567; 0; 1292.4773; 170; 573; 
567; 0; 1292.4773; 170; 573.2; 
567; 0; 1292.4771; 170; 573.4; 
567; 0; 1292.4768; 170; 573.6; 
567; 0; 1292.4766; 170; 573.8; 
567; 0; 1292.4765; 170; 574; 
567; 0; 1292.4765; 170; 574.2; 
567; 0; 1292.4766; 170; 574.4; 
567; 0; 1292.4767; 170; 574.6; 
567; 0; 1292.4768; 170; 574.8; 
567; 0; 1292.4768; 170; 575; 
567; 0; 1292.4768; 170; 575.2; 
567; 0; 1292.4768; 170; 575.4; 
567; 0; 1292.4768; 170; 575.6; 
567; 0; 1292.4767; 170; 575.8; 
567; 0; 1291.011; 170; 576; 
567; 0; 1291.0109; 170; 576.2; 
567; 0; 1291.0107; 170; 576.4; 
567; 0; 1291.0105; 170; 576.6; 
567; 0; 1291.0104; 170; 576.8; 
567; 0; 1291.0104; 170; 577; 
567; 0; 1291.0104; 170; 577.2; 
567; 0; 1291.0105; 170; 577.4; 
567; 0; 1291.0107; 170; 577.6; 
567; 0; 1291.0108; 170; 577.8; 
567; 0; 1291.0108; 170; 578; 
567; 0; 1291.0109; 170; 578.2; 
567; 0; 1291.0109; 170; 578.4; 
567; 0; 1291.0109; 170; 578.6; 
567; 0; 1291.0109; 170; 578.8; 
567; 0; 1291.0109; 170; 579; 
567; 0; 1291.0109; 170; 579.2; 
567; 0; 1291.0108; 170; 579.4; 
567; 0; 1291.0107; 170; 579.6; 
567; 0; 1291.0106; 170; 579.8; 
567; 0; 1291.0106; 170; 580; 
567; 0; 1291.0105; 170; 580.2; 
567; 0; 1291.0103; 170; 580.4; 
567; 0; 1291.0101; 170; 580.6; 
567; 0; 1291.0101; 170; 580.8; 
567; 0; 1291.0101; 170; 581; 
567; 0; 1291.0102; 170; 581.2; 
567; 0; 1291.0103; 170; 581.4; 
567; 0; 1291.0104; 170; 581.6; 
567; 0; 1291.0105; 170; 581.8; 
567; 0; 1291.0105; 170; 582; 
567; 0; 1291.0106; 170; 582.2; 
567; 0; 1291.0106; 170; 582.4; 
567; 0; 1291.0106; 170; 582.6; 
567; 0; 1291.0105; 170; 582.8; 
567; 0; 1291.0104; 170; 583; 
567; 0; 1291.0103; 170; 583.2; 
567; 0; 1291.0103; 170; 583.4; 
567; 0; 1291.0102; 170; 583.6; 
567; 0; 1291.0102; 170; 583.8; 
567; 0; 1291.0102; 170; 584; 
567; 0; 1291.0102; 170; 584.2; 
567; 0; 1291.0102; 170; 584.4; 
567; 0; 1291.0103; 170; 584.6; 
567; 0; 1292.4763; 170; 584.8; 
567; 0; 1292.4779; 170; 585; 
567; 0; 1292.4817; 170; 585.2; 
567; 0; 1292.4886; 170; 585.4; 
567; 0; 1293.9661; 170; 585.6; 
567; 0; 1293.984; 170; 585.8; 
567; 0; 1292.5434; 170; 586; 
567; 0; 1294.0404; 170; 586.2; 
567; 0; 1294.0757; 170; 586.4; 
567; 0; 1297.0425; 170; 586.6; 
567; 0; 1302.9371; 170; 586.8; 
567; 0; 1308.8247; 170; 587; 
567; 0; 1307.9243; 170; 587.2; 
567; 0; 1318.1417; 170; 587.4; 
567; 0; 1328.3476; 170; 587.6; 
567; 0; 1340.0021; 170; 587.8; 
567; 0; 1348.73; 170; 588; 
567; 0; 1357.4524; 170; 588.2; 
567; 0; 1364.7134; 170; 588.4; 
567; 0; 1369.0572; 170; 588.6; 
567; 0; 1373.4048; 170; 588.8; 
567; 0; 1376.2993; 170; 589; 
567; 0; 1376.2833; 170; 589.2; 
567; 0; 1377.7347; 170; 589.4; 
567; 0; 1377.735; 170; 589.6; 
567; 0; 1376.2829; 170; 589.8; 
567; 0; 1376.2941; 170; 590; 
567; 0; 1377.7661; 170; 590.2; 
567; 0; 1377.7777; 170; 590.4; 
567; 0; 1379.2448; 170; 590.6; 
567; 0; 1382.1654; 170; 590.8; 
567; 0; 1383.6206; 170; 591; 
567; 0; 1385.0695; 170; 591.2; 
567; 0; 1386.5134; 170; 591.4; 
567; 0; 1386.4948; 170; 591.6; 
567; 0; 1386.4758; 170; 591.8; 
567; 0; 1384.9996; 170; 592; 
567; 0; 1382.0676; 170; 592.2; 
567; 0; 1379.1403; 170; 592.4; 
567; 0; 1376.2184; 170; 592.6; 
567; 0; 1371.8428; 170; 592.8; 
567; 0; 1367.4719; 170; 593; 
567; 0; 1364.5636; 170; 593.2; 
567; 0; 1360.1982; 170; 593.4; 
567; 0; 1357.2922; 170; 593.6; 
567; 0; 1354.3852; 170; 593.8; 
567; 0; 1352.9355; 170; 594; 
567; 0; 1350.0237; 170; 594.2; 
567; 0; 1348.5674; 170; 594.4; 
567; 0; 1348.5668; 170; 594.6; 
567; 0; 1347.1045; 170; 594.8; 
567; 0; 1345.6404; 170; 595; 
567; 0; 1344.1753; 170; 595.2; 
567; 0; 1342.7103; 170; 595.4; 
567; 0; 1341.2463; 170; 595.6; 
567; 0; 1339.7833; 170; 595.8; 
567; 0; 1336.8627; 170; 596; 
567; 0; 1335.4025; 170; 596.2; 
567; 0; 1333.9436; 170; 596.4; 
567; 0; 1332.4858; 170; 596.6; 
567; 0; 1329.5696; 170; 596.8; 
567; 0; 1328.1127; 170; 597; 
567; 0; 1326.6558; 170; 597.2; 
567; 0; 1325.1987; 170; 597.4; 
567; 0; 1323.7409; 170; 597.6; 
567; 0; 1323.7417; 170; 597.8; 
567; 0; 1322.2828; 170; 598; 
567; 0; 1320.8232; 170; 598.2; 
567; 0; 1320.8223; 170; 598.4; 
567; 0; 1319.362; 170; 598.6; 
567; 0; 1319.3608; 170; 598.8; 
567; 0; 1317.9006; 170; 599; 
567; 0; 1316.4406; 170; 599.2; 
567; 0; 1316.4399; 170; 599.4; 
567; 0; 1314.9804; 170; 599.6; 
567; 0; 1314.9803; 170; 599.8; 
567; 0; 1313.5213; 170; 600; 
567; 0; 1313.5215; 170; 600.2; 
567; 0; 1312.0627; 170; 600.4; 
567; 0; 1312.0628; 170; 600.6; 
567; 0; 1310.6038; 170; 600.8; 
567; 0; 1310.6036; 170; 601; 
567; 0; 1310.6034; 170; 601.2; 
567; 0; 1309.1441; 170; 601.4; 
567; 0; 1309.1438; 170; 601.6; 
567; 0; 1309.1435; 170; 601.8; 
567; 0; 1307.6842; 170; 602; 
567; 0; 1307.6839; 170; 602.2; 
567; 0; 1307.6837; 170; 602.4; 
567; 0; 1306.2245; 170; 602.6; 
567; 0; 1306.2243; 170; 602.8; 
567; 0; 1315.9262; 170; 603; 
567; 0; 1315.9261; 170; 603.2; 
567; 0; 1314.4604; 170; 603.4; 
567; 0; 1314.4604; 170; 603.6; 
567; 0; 1314.4604; 170; 603.8; 
567; 0; 1312.9949; 170; 604; 
567; 0; 1312.9949; 170; 604.2; 
567; 0; 1312.9948; 170; 604.4; 
567; 0; 1311.5291; 170; 604.6; 
567; 0; 1311.5289; 170; 604.8; 
567; 0; 1310.0631; 170; 605; 
567; 0; 1310.0628; 170; 605.2; 
567; 0; 1308.5969; 170; 605.4; 
567; 0; 1307.1311; 170; 605.6; 
567; 0; 1307.1309; 170; 605.8; 
567; 0; 1305.6651; 170; 606; 
567; 0; 1305.6649; 170; 606.2; 
567; 0; 1304.1992; 170; 606.4; 
567; 0; 1304.1991; 170; 606.6; 
567; 0; 1302.7334; 170; 606.8; 
567; 0; 1302.7332; 170; 607; 
567; 0; 1301.2674; 170; 607.2; 
567; 0; 1301.2672; 170; 607.4; 
567; 0; 1301.2672; 170; 607.6; 
567; 0; 1299.8016; 170; 607.8; 
567; 0; 1299.8017; 170; 608; 
567; 0; 1298.3363; 170; 608.2; 
567; 0; 1298.3364; 170; 608.4; 
567; 0; 1298.3365; 170; 608.6; 
567; 0; 1296.8709; 170; 608.8; 
567; 0; 1296.8706; 170; 609; 
567; 0; 1296.8704; 170; 609.2; 
567; 0; 1296.87; 170; 609.4; 
567; 0; 1295.4042; 170; 609.6; 
567; 0; 1295.404; 170; 609.8; 
567; 0; 1295.4039; 170; 610; 
567; 0; 1295.4038; 170; 610.2; 
567; 0; 1293.9382; 170; 610.4; 
567; 0; 1293.9382; 170; 610.6; 
567; 0; 1293.9381; 170; 610.8; 
567; 0; 1293.9381; 170; 611; 
567; 0; 1293.9381; 170; 611.2; 
567; 0; 1293.9379; 170; 611.4; 
567; 0; 1293.9376; 170; 611.6; 
567; 0; 1292.4718; 170; 611.8; 
567; 0; 1292.4718; 170; 612; 
567; 0; 1292.4719; 170; 612.2; 
567; 0; 1292.472; 170; 612.4; 
567; 0; 1292.4721; 170; 612.6; 
567; 0; 1292.4722; 170; 612.8; 
567; 0; 1292.4722; 170; 613; 
567; 0; 1292.4721; 170; 613.2; 
567; 0; 1292.472; 170; 613.4; 
567; 0; 1292.4719; 170; 613.6; 
567; 0; 1291.0062; 170; 613.8; 
567; 0; 1291.0062; 170; 614; 
567; 0; 1291.0062; 170; 614.2; 
567; 0; 1291.0062; 170; 614.4; 
567; 0; 1291.0061; 170; 614.6; 
567; 0; 1291.0061; 170; 614.8; 
567; 0; 1291.0062; 170; 615; 
567; 0; 1291.0063; 170; 615.2; 
567; 0; 1291.0063; 170; 615.4; 
567; 0; 1291.0063; 170; 615.6; 
567; 0; 1291.0062; 170; 615.8; 
567; 0; 1291.006; 170; 616; 
567; 0; 1291.0058; 170; 616.2; 
567; 0; 1291.0057; 170; 616.4; 
567; 0; 1291.0055; 170; 616.6; 
567; 0; 1291.0055; 170; 616.8; 
567; 0; 1291.0054; 170; 617; 
567; 0; 1291.0053; 170; 617.2; 
567; 0; 1291.0053; 170; 617.4; 
567; 0; 1289.5397; 170; 617.6; 
567; 0; 1289.5399; 170; 617.8; 
567; 0; 1289.54; 170; 618; 
567; 0; 1289.5401; 170; 618.2; 
567; 0; 1289.5403; 170; 618.4; 
567; 0; 1289.5403; 170; 618.6; 
567; 0; 1289.5403; 170; 618.8; 
567; 0; 1289.5403; 170; 619; 
567; 0; 1289.5402; 170; 619.2; 
567; 0; 1289.5401; 170; 619.4; 
567; 0; 1289.5401; 170; 619.6; 
567; 0; 1289.54; 170; 619.8; 
567; 0; 1289.5399; 170; 620; 
567; 0; 1289.5397; 170; 620.2; 
567; 0; 1289.5396; 170; 620.4; 
567; 0; 1289.5396; 170; 620.6; 
567; 0; 1289.5396; 170; 620.8; 
567; 0; 1289.5397; 170; 621; 
567; 0; 1289.5398; 170; 621.2; 
567; 0; 1289.5399; 170; 621.4; 
567; 0; 1289.5398; 170; 621.6; 
567; 0; 1289.5397; 170; 621.8; 
567; 0; 1289.5397; 170; 622; 
567; 0; 1289.5398; 170; 622.2; 
567; 0; 1289.5398; 170; 622.4; 
567; 0; 1289.5399; 170; 622.6; 
567; 0; 1289.5399; 170; 622.8; 
567; 0; 1289.5399; 170; 623; 
567; 0; 1289.5398; 170; 623.2; 
567; 0; 1289.5397; 170; 623.4; 
567; 0; 1289.5396; 170; 623.6; 
567; 0; 1289.5395; 170; 623.8; 
567; 0; 1289.5393; 170; 624; 
567; 0; 1289.5393; 170; 624.2; 
567; 0; 1289.5394; 170; 624.4; 
567; 0; 1289.5396; 170; 624.6; 
567; 0; 1289.5397; 170; 624.8; 
567; 0; 1289.5399; 170; 625; 
567; 0; 1289.5399; 170; 625.2; 
567; 0; 1289.5398; 170; 625.4; 
567; 0; 1289.5396; 170; 625.6; 
567; 0; 1289.5394; 170; 625.8; 
567; 0; 1289.5393; 170; 626; 
567; 0; 1289.5392; 170; 626.2; 
567; 0; 1289.5392; 170; 626.4; 
567; 0; 1289.5392; 170; 626.6; 
567; 0; 1289.5392; 170; 626.8; 
567; 0; 1289.5394; 170; 627; 
567; 0; 1289.5396; 170; 627.2; 
567; 0; 1289.5397; 170; 627.4; 
567; 0; 1289.5399; 170; 627.6; 
567; 0; 1289.54; 170; 627.8; 
567; 0; 1289.5399; 170; 628; 
567; 0; 1289.5397; 170; 628.2; 
567; 0; 1289.5395; 170; 628.4; 
567; 0; 1289.5393; 170; 628.6; 
567; 0; 1289.5391; 170; 628.8; 
567; 0; 1289.5389; 170; 629; 
567; 0; 1289.5388; 170; 629.2; 
567; 0; 1289.5389; 170; 629.4; 
567; 0; 1288.0735; 170; 629.6; 
567; 0; 1288.0737; 170; 629.8; 
567; 0; 1288.074; 0; 630; 
567; 0; 0; 0; 630.2; 
567; 0; 0; 0; 630.4; 
567; 0; 0; 0; 630.6; 
567; 0; 0; 0; 630.8; 
567; 0; 0; 0; 631; 
567; 0; 0; 0; 631.2; 
567; 0; 0; 0; 631.4; 
567; 0; 0; 0; 631.6; 
567; 0; 0; 0; 631.8; 
567; 0; 0; 0; 632; 
567; 0; 0; 0; 632.2; 
567; 0; 0; 0; 632.4; 
567; 0; 0; 0; 632.6; 
567; 0; 0; 0; 632.8; 
567; 0; 0; 0; 633; 
567; 0; 0; 0; 633.2; 
567; 0; 0; 0; 633.4; 
567; 0; 0; 0; 633.6; 
567; 0; 0; 0; 633.8; 
567; 0; 0; 0; 634; 
567; 0; 0; 0; 634.2; 
567; 0; 0; 0; 634.4; 
567; 0; 0; 0; 634.6; 
567; 0; 0; 0; 634.8; 
567; 0; 0; 0; 635; 
567; 0; 0; 0; 635.2; 
567; 0; 0; 0; 635.4; 
567; 0; 0; 0; 635.6; 
567; 0; 0; 0; 635.8; 
567; 0; 0; 0; 636; 
567; 0; 0; 0; 636.2; 
567; 0; 0; 0; 636.4; 
567; 0; 0; 0; 636.6; 
567; 0; 0; 0; 636.8; 
567; 0; 0; 0; 637; 
567; 0; 0; 0; 637.2; 
567; 0; 0; 0; 637.4; 
567; 0; 0; 0; 637.6; 
567; 0; 0; 0; 637.8; 
567; 0; 0; 0; 638; 
567; 0; 0; 0; 638.2; 
567; 0; 0; 0; 638.4; 
567; 0; 0; 0; 638.6; 
567; 0; 0; 0; 638.8; 
567; 0; 0; 0; 639; 
567; 0; 0; 0; 639.2; 
567; 0; 0; 0; 639.4; 
567; 0; 0; 0; 639.6; 
567; 0; 0; 0; 639.8; 
567; 0; 0; 0; 640; 
567; 0; 0; 0; 640.2; 
567; 0; 0; 0; 640.4; 
567; 0; 0; 0; 640.6; 
567; 0; 0; 0; 640.8; 
567; 0; 0; 0; 641; 
567; 0; 0; 0; 641.2; 
567; 0; 0; 0; 641.4; 
567; 0; 0; 0; 641.6; 
567; 0; 0; 0; 641.8; 
567; 0; 0; 0; 642; 
567; 0; 0; 0; 642.2; 
567; 0; 0; 0; 642.4; 
567; 0; 0; 0; 642.6; 
567; 0; 0; 0; 642.8; 
567; 0; 0; 0; 643; 
567; 0; 0; 0; 643.2; 
567; 0; 0; 0; 643.4; 
567; 0; 0; 0; 643.6; 
567; 0; 0; 0; 643.8; 
567; 0; 0; 0; 644; 
567; 0; 0; 0; 644.2; 
567; 0; 0; 0; 644.4; 
567; 0; 0; 0; 644.6; 
567; 0; 0; 0; 644.8; 
567; 0; 0; 0; 645; 
567; 0; 0; 0; 645.2; 
567; 0; 0; 0; 645.4; 
567; 0; 0; 0; 645.6; 
567; 0; 0; 0; 645.8; 
567; 0; 0; 0; 646; 
567; 0; 0; 0; 646.2; 
567; 0; 0; 0; 646.4; 
567; 0; 0; 0; 646.6; 
567; 0; 0; 0; 646.8; 
567; 0; 0; 0; 647; 
567; 0; 0; 0; 647.2; 
567; 0; 0; 0; 647.4; 
567; 0; 0; 0; 647.6; 
567; 0; 0; 0; 647.8; 
567; 0; 0; 0; 648; 
567; 0; 0; 0; 648.2; 
567; 0; 0; 0; 648.4; 
567; 0; 0; 0; 648.6; 
567; 0; 0; 0; 648.8; 
567; 0; 0; 0; 649; 
567; 0; 0; 0; 649.2; 
567; 0; 0; 0; 649.4; 
567; 0; 0; 0; 649.6; 
567; 0; 0; 0; 649.8; 
567; 0; 0; 0; 650; 
567; 0; 0; 0; 650.2; 
567; 0; 0; 0; 650.4; 
567; 0; 0; 0; 650.6; 
567; 0; 0; 0; 650.8; 
567; 0; 0; 0; 651; 
567; 0; 0; 0; 651.2; 
567; 0; 0; 0; 651.4; 
567; 0; 0; 0; 651.6; 
567; 0; 0; 0; 651.8; 
567; 0; 0; 0; 652; 
567; 0; 0; 0; 652.2; 
567; 0; 0; 0; 652.4; 
567; 0; 0; 0; 652.6; 
567; 0; 0; 0; 652.8; 
567; 0; 0; 0; 653; 
567; 0; 0; 0; 653.2; 
567; 0; 0; 0; 653.4; 
567; 0; 0; 0; 653.6; 
567; 0; 0; 0; 653.8; 
567; 0; 0; 0; 654; 
567; 0; 0; 0; 654.2; 
567; 0; 0; 0; 654.4; 
567; 0; 0; 0; 654.6; 
567; 0; 0; 0; 654.8; 
567; 0; 0; 0; 655; 
567; 0; 0; 0; 655.2; 
567; 0; 0; 0; 655.4; 
567; 0; 0; 0; 655.6; 
567; 0; 0; 0; 655.8; 
567; 0; 0; 0; 656; 
567; 0; 0; 0; 656.2; 
567; 0; 0; 0; 656.4; 
567; 0; 0; 0; 656.6; 
567; 0; 0; 0; 656.8; 
567; 0; 0; 0; 657; 
567; 0; 0; 0; 657.2; 
567; 0; 0; 0; 657.4; 
567; 0; 0; 0; 657.6; 
567; 0; 0; 0; 657.8; 
567; 0; 0; 0; 658; 
567; 0; 0; 0; 658.2; 
567; 0; 0; 0; 658.4; 
567; 0; 0; 0; 658.6; 
567; 0; 0; 0; 658.8; 
567; 0; 0; 0; 659; 
567; 0; 0; 0; 659.2; 
567; 0; 0; 0; 659.4; 
567; 0; 0; 0; 659.6; 
567; 0; 0; 0; 659.8; 
567; 0; 0; 0; 660; 
567; 0; 0; 0; 660.2; 
567; 0; 0; 0; 660.4; 
567; 0; 0; 0; 660.6; 
567; 0; 0; 0; 660.8; 
567; 0; 0; 0; 661; 
567; 0; 0; 0; 661.2; 
567; 0; 0; 0; 661.4; 
567; 0; 0; 0; 661.6; 
567; 0; 0; 0; 661.8; 
567; 0; 0; 0; 662; 
567; 0; 0; 0; 662.2; 
567; 0; 0; 0; 662.4; 
567; 0; 0; 0; 662.6; 
567; 0; 0; 0; 662.8; 
567; 0; 0; 0; 663; 
567; 0; 0; 0; 663.2; 
567; 0; 0; 0; 663.4; 
567; 0; 0; 0; 663.6; 
567; 0; 0; 0; 663.8; 
567; 0; 0; 0; 664; 
567; 0; 0; 0; 664.2; 
567; 0; 0; 0; 664.4; 
567; 0; 0; 0; 664.6; 
567; 0; 0; 0; 664.8; 
567; 0; 0; 0; 665; 
567; 0; 0; 0; 665.2; 
567; 0; 0; 0; 665.4; 
567; 0; 0; 0; 665.6; 
567; 0; 0; 0; 665.8; 
567; 0; 0; 0; 666; 
567; 0; 0; 0; 666.2; 
567; 0; 0; 0; 666.4; 
567; 0; 0; 0; 666.6; 
567; 0; 0; 0; 666.8; 
567; 0; 0; 0; 667; 
567; 0; 0; 0; 667.2; 
567; 0; 0; 0; 667.4; 
567; 0; 0; 0; 667.6; 
567; 0; 0; 0; 667.8; 
567; 0; 0; 0; 668; 
567; 0; 0; 0; 668.2; 
567; 0; 0; 0; 668.4; 
567; 0; 0; 0; 668.6; 
567; 0; 0; 0; 668.8; 
567; 0; 0; 0; 669; 
567; 0; 0; 0; 669.2; 
567; 0; 0; 0; 669.4; 
567; 0; 0; 0; 669.6; 
567; 0; 0; 0; 669.8; 
567; 0; 0; 0; 670; 
567; 0; 0; 0; 670.2; 
567; 0; 0; 0; 670.4; 
567; 0; 0; 0; 670.6; 
567; 0; 0; 0; 670.8; 
567; 0; 0; 0; 671; 
567; 0; 0; 0; 671.2; 
567; 0; 0; 0; 671.4; 
567; 0; 0; 0; 671.6; 
567; 0; 0; 0; 671.8; 
567; 0; 0; 0; 672; 
567; 0; 0; 0; 672.2; 
567; 0; 0; 0; 672.4; 
567; 0; 0; 0; 672.6; 
567; 0; 0; 0; 672.8; 
567; 0; 0; 0; 673; 
567; 0; 0; 0; 673.2; 
567; 0; 0; 0; 673.4; 
567; 0; 0; 0; 673.6; 
567; 0; 0; 0; 673.8; 
567; 0; 0; 0; 674; 
567; 0; 0; 0; 674.2; 
567; 0; 0; 0; 674.4; 
567; 0; 0; 0; 674.6; 
567; 0; 0; 0; 674.8; 
567; 0; 0; 0; 675; 
567; 0; 0; 0; 675.2; 
567; 0; 0; 0; 675.4; 
567; 0; 0; 0; 675.6; 
567; 0; 0; 0; 675.8; 
567; 0; 0; 0; 676; 
567; 0; 0; 0; 676.2; 
567; 0; 0; 0; 676.4; 
567; 0; 0; 0; 676.6; 
567; 0; 0; 0; 676.8; 
567; 0; 0; 0; 677; 
567; 0; 0; 0; 677.2; 
567; 0; 0; 0; 677.4; 
567; 0; 0; 0; 677.6; 
567; 0; 0; 0; 677.8; 
567; 0; 0; 0; 678; 
567; 0; 0; 0; 678.2; 
567; 0; 0; 0; 678.4; 
567; 0; 0; 0; 678.6; 
567; 0; 0; 0; 678.8; 
567; 0; 0; 0; 679; 
567; 0; 0; 0; 679.2; 
567; 0; 0; 0; 679.4; 
567; 0; 0; 0; 679.6; 
567; 0; 0; 0; 679.8; 
567; 0; 0; 0; 680; 
567; 0; 0; 0; 680.2; 
567; 0; 0; 0; 680.4; 
567; 0; 0; 0; 680.6; 
567; 0; 0; 0; 680.8; 
567; 0; 0; 0; 681; 
567; 0; 0; 0; 681.2; 
567; 0; 0; 0; 681.4; 
567; 0; 0; 0; 681.6; 
567; 0; 0; 0; 681.8; 
567; 0; 0; 0; 682; 
567; 0; 0; 0; 682.2; 
567; 0; 0; 0; 682.4; 
567; 0; 0; 0; 682.6; 
567; 0; 0; 0; 682.8; 
567; 0; 0; 0; 683; 
567; 0; 0; 0; 683.2; 
567; 0; 0; 0; 683.4; 
567; 0; 0; 0; 683.6; 
567; 0; 0; 0; 683.8; 
567; 0; 0; 0; 684; 
567; 0; 0; 0; 684.2; 
567; 0; 0; 0; 684.4; 
567; 0; 0; 0; 684.6; 
567; 0; 0; 0; 684.8; 
567; 0; 0; 0; 685; 
567; 0; 0; 0; 685.2; 
567; 0; 0; 0; 685.4; 
567; 0; 0; 0; 685.6; 
567; 0; 0; 0; 685.8; 
567; 0; 0; 0; 686; 
567; 0; 0; 0; 686.2; 
567; 0; 0; 0; 686.4; 
567; 0; 0; 0; 686.6; 
567; 0; 0; 0; 686.8; 
567; 0; 0; 0; 687; 
567; 0; 0; 0; 687.2; 
567; 0; 0; 0; 687.4; 
567; 0; 0; 0; 687.6; 
567; 0; 0; 0; 687.8; 
567; 0; 0; 0; 688; 
567; 0; 0; 0; 688.2; 
567; 0; 0; 0; 688.4; 
567; 0; 0; 0; 688.6; 
567; 0; 0; 0; 688.8; 
567; 0; 0; 0; 689; 
567; 0; 0; 0; 689.2; 
567; 0; 0; 0; 689.4; 
567; 0; 0; 0; 689.6; 
567; 0; 0; 0; 689.8; 
567; 0; 0; 0; 690; 
567; 0; 0; 0; 690.2; 
567; 0; 0; 0; 690.4; 
567; 0; 0; 0; 690.6; 
567; 0; 0; 0; 690.8; 
567; 0; 0; 0; 691; 
567; 0; 0; 0; 691.2; 
567; 0; 0; 0; 691.4; 
567; 0; 0; 0; 691.6; 
567; 0; 0; 0; 691.8; 
567; 0; 0; 0; 692; 
567; 0; 0; 0; 692.2; 
567; 0; 0; 0; 692.4; 
567; 0; 0; 0; 692.6; 
567; 0; 0; 0; 692.8; 
567; 0; 0; 0; 693; 
567; 0; 0; 0; 693.2; 
567; 0; 0; 0; 693.4; 
567; 0; 0; 0; 693.6; 
567; 0; 0; 0; 693.8; 
567; 0; 0; 0; 694; 
567; 0; 0; 0; 694.2; 
567; 0; 0; 0; 694.4; 
567; 0; 0; 0; 694.6; 
567; 0; 0; 0; 694.8; 
567; 0; 0; 0; 695; 
567; 0; 0; 0; 695.2; 
567; 0; 0; 0; 695.4; 
567; 0; 0; 0; 695.6; 
567; 0; 0; 0; 695.8; 
567; 0; 0; 0; 696; 
567; 0; 0; 0; 696.2; 
567; 0; 0; 0; 696.4; 
567; 0; 0; 0; 696.6; 
567; 0; 0; 0; 696.8; 
567; 0; 0; 0; 697; 
567; 0; 0; 0; 697.2; 
567; 0; 0; 0; 697.4; 
567; 0; 0; 0; 697.6; 
567; 0; 0; 0; 697.8; 
567; 0; 0; 0; 698; 
567; 0; 0; 0; 698.2; 
567; 0; 0; 0; 698.4; 
567; 0; 0; 0; 698.6; 
567; 0; 0; 0; 698.8; 
567; 0; 0; 0; 699; 
567; 0; 0; 0; 699.2; 
567; 0; 0; 0; 699.4; 
567; 0; 0; 0; 699.6; 
567; 0; 0; 0; 699.8; 
567; 0; 0; 0; 700; 
567; 0; 0; 0; 700.2; 
567; 0; 0; 0; 700.4; 
567; 0; 0; 0; 700.6; 
567; 0; 0; 0; 700.8; 
567; 0; 0; 0; 701; 
567; 0; 0; 0; 701.2; 
567; 0; 0; 0; 701.4; 
567; 0; 0; 0; 701.6; 
567; 0; 0; 0; 701.8; 
567; 0; 0; 0; 702; 
567; 0; 0; 0; 702.2; 
567; 0; 0; 0; 702.4; 
567; 0; 0; 0; 702.6; 
567; 0; 0; 0; 702.8; 
567; 0; 0; 0; 703; 
567; 0; 0; 0; 703.2; 
567; 0; 0; 0; 703.4; 
567; 0; 0; 0; 703.6; 
567; 0; 0; 0; 703.8; 
567; 0; 0; 0; 704; 
567; 0; 0; 0; 704.2; 
567; 0; 0; 0; 704.4; 
567; 0; 0; 0; 704.6; 
567; 0; 0; 0; 704.8; 
567; 0; 0; 0; 705; 
567; 0; 0; 0; 705.2; 
567; 0; 0; 0; 705.4; 
567; 0; 0; 0; 705.6; 
567; 0; 0; 0; 705.8; 
567; 0; 0; 0; 706; 
567; 0; 0; 0; 706.2; 
567; 0; 0; 0; 706.4; 
567; 0; 0; 0; 706.6; 
567; 0; 0; 0; 706.8; 
567; 0; 0; 0; 707; 
567; 0; 0; 0; 707.2; 
567; 0; 0; 0; 707.4; 
567; 0; 0; 0; 707.6; 
567; 0; 0; 0; 707.8; 
567; 0; 0; 0; 708; 
567; 0; 0; 0; 708.2; 
567; 0; 0; 0; 708.4; 
567; 0; 0; 0; 708.6; 
567; 0; 0; 0; 708.8; 
567; 0; 0; 0; 709; 
567; 0; 0; 0; 709.2; 
567; 0; 0; 0; 709.4; 
567; 0; 0; 0; 709.6; 
567; 0; 0; 0; 709.8; 
567; 0; 0; 0; 710; 
567; 0; 0; 0; 710.2; 
567; 0; 0; 0; 710.4; 
567; 0; 0; 0; 710.6; 
567; 0; 0; 0; 710.8; 
567; 0; 0; 0; 711; 
567; 0; 0; 0; 711.2; 
567; 0; 0; 0; 711.4; 
567; 0; 0; 0; 711.6; 
567; 0; 0; 0; 711.8; 
567; 0; 0; 0; 712; 
567; 0; 0; 0; 712.2; 
567; 0; 0; 0; 712.4; 
567; 0; 0; 0; 712.6; 
567; 0; 0; 0; 712.8; 
567; 0; 0; 0; 713; 
567; 0; 0; 0; 713.2; 
567; 0; 0; 0; 713.4; 
567; 0; 0; 0; 713.6; 
567; 0; 0; 0; 713.8; 
567; 0; 0; 0; 714; 
567; 0; 0; 0; 714.2; 
567; 0; 0; 0; 714.4; 
567; 0; 0; 0; 714.6; 
567; 0; 0; 0; 714.8; 
567; 0; 0; 0; 715; 
567; 0; 0; 0; 715.2; 
567; 0; 0; 0; 715.4; 
567; 0; 0; 0; 715.6; 
567; 0; 0; 0; 715.8; 
567; 0; 0; 0; 716; 
567; 0; 0; 0; 716.2; 
567; 0; 0; 0; 716.4; 
567; 0; 0; 0; 716.6; 
567; 0; 0; 0; 716.8; 
567; 0; 0; 0; 717; 
567; 0; 0; 0; 717.2; 
567; 0; 0; 0; 717.4; 
567; 0; 0; 0; 717.6; 
567; 0; 0; 0; 717.8; 
567; 0; 0; 0; 718; 
567; 0; 0; 0; 718.2; 
567; 0; 0; 0; 718.4; 
567; 0; 0; 0; 718.6; 
567; 0; 0; 0; 718.8; 
567; 0; 0; 0; 719; 
567; 0; 0; 0; 719.2; 
567; 0; 0; 0; 719.4; 
567; 0; 0; 0; 719.6; 
567; 0; 0; 0; 719.8; 
567; 0; 0; 0; 720; 
567; 0; 0; 0; 720.2; 
567; 0; 0; 0; 720.4; 
567; 0; 0; 0; 720.6; 
567; 0; 0; 0; 720.8; 
567; 0; 0; 0; 721; 
567; 0; 0; 0; 721.2; 
567; 0; 0; 0; 721.4; 
567; 0; 0; 0; 721.6; 
567; 0; 0; 0; 721.8; 
567; 0; 0; 0; 722; 
567; 0; 0; 0; 722.2; 
567; 0; 0; 0; 722.4; 
567; 0; 0; 0; 722.6; 
567; 0; 0; 0; 722.8; 
567; 0; 0; 0; 723; 
567; 0; 0; 0; 723.2; 
567; 0; 0; 0; 723.4; 
567; 0; 0; 0; 723.6; 
567; 0; 0; 0; 723.8; 
567; 0; 0; 0; 724; 
567; 0; 0; 0; 724.2; 
567; 0; 0; 0; 724.4; 
567; 0; 0; 0; 724.6; 
567; 0; 0; 0; 724.8; 
567; 0; 0; 0; 725; 
567; 0; 0; 0; 725.2; 
567; 0; 0; 0; 725.4; 
567; 0; 0; 0; 725.6; 
567; 0; 0; 0; 725.8; 
567; 0; 0; 0; 726; 
567; 0; 0; 0; 726.2; 
567; 0; 0; 0; 726.4; 
567; 0; 0; 0; 726.6; 
567; 0; 0; 0; 726.8; 
567; 0; 0; 0; 727; 
567; 0; 0; 0; 727.2; 
567; 0; 0; 0; 727.4; 
567; 0; 0; 0; 727.6; 
567; 0; 0; 0; 727.8; 
567; 0; 0; 0; 728; 
567; 0; 0; 0; 728.2; 
567; 0; 0; 0; 728.4; 
567; 0; 0; 0; 728.6; 
567; 0; 0; 0; 728.8; 
567; 0; 0; 0; 729; 
567; 0; 0; 0; 729.2; 
567; 0; 0; 0; 729.4; 
567; 0; 0; 0; 729.6; 
567; 0; 0; 0; 729.8; 
567; 0; 0; 0; 730; 
567; 0; 0; 0; 730.2; 
567; 0; 0; 0; 730.4; 
567; 0; 0; 0; 730.6; 
567; 0; 0; 0; 730.8; 
567; 0; 0; 0; 731; 
567; 0; 0; 0; 731.2; 
567; 0; 0; 0; 731.4; 
567; 0; 0; 0; 731.6; 
567; 0; 0; 0; 731.8; 
567; 0; 0; 0; 732; 
567; 0; 0; 0; 732.2; 
567; 0; 0; 0; 732.4; 
567; 0; 0; 0; 732.6; 
567; 0; 0; 0; 732.8; 
567; 0; 0; 0; 733; 
567; 0; 0; 0; 733.2; 
567; 0; 0; 0; 733.4; 
567; 0; 0; 0; 733.6; 
567; 0; 0; 0; 733.8; 
567; 0; 0; 0; 734; 
567; 0; 0; 0; 734.2; 
567; 0; 0; 0; 734.4; 
567; 0; 0; 0; 734.6; 
567; 0; 0; 0; 734.8; 
567; 0; 0; 0; 735; 
567; 0; 0; 0; 735.2; 
567; 0; 0; 0; 735.4; 
567; 0; 0; 0; 735.6; 
567; 0; 0; 0; 735.8; 
567; 0; 0; 0; 736; 
567; 0; 0; 0; 736.2; 
567; 0; 0; 0; 736.4; 
567; 0; 0; 0; 736.6; 
567; 0; 0; 0; 736.8; 
567; 0; 0; 0; 737; 
567; 0; 0; 0; 737.2; 
567; 0; 0; 0; 737.4; 
567; 0; 0; 0; 737.6; 
567; 0; 0; 0; 737.8; 
567; 0; 0; 0; 738; 
567; 0; 0; 0; 738.2; 
567; 0; 0; 0; 738.4; 
567; 0; 0; 0; 738.6; 
567; 0; 0; 0; 738.8; 
567; 0; 0; 0; 739; 
567; 0; 0; 0; 739.2; 
567; 0; 0; 0; 739.4; 
567; 0; 0; 0; 739.6; 
567; 0; 0; 0; 739.8; 
567; 0; 0; 0; 740; 
567; 0; 0; 0; 740.2; 
567; 0; 0; 0; 740.4; 
567; 0; 0; 0; 740.6; 
567; 0; 0; 0; 740.8; 
567; 0; 0; 0; 741; 
567; 0; 0; 0; 741.2; 
567; 0; 0; 0; 741.4; 
567; 0; 0; 0; 741.6; 
567; 0; 0; 0; 741.8; 
567; 0; 0; 0; 742; 
567; 0; 0; 0; 742.2; 
567; 0; 0; 0; 742.4; 
567; 0; 0; 0; 742.6; 
567; 0; 0; 0; 742.8; 
567; 0; 0; 0; 743; 
567; 0; 0; 0; 743.2; 
567; 0; 0; 0; 743.4; 
567; 0; 0; 0; 743.6; 
567; 0; 0; 0; 743.8; 
567; 0; 0; 0; 744; 
567; 0; 0; 0; 744.2; 
567; 0; 0; 0; 744.4; 
567; 0; 0; 0; 744.6; 
567; 0; 0; 0; 744.8; 
567; 0; 0; 0; 745; 
567; 0; 0; 0; 745.2; 
567; 0; 0; 0; 745.4; 
567; 0; 0; 0; 745.6; 
567; 0; 0; 0; 745.8; 
567; 0; 0; 0; 746; 
567; 0; 0; 0; 746.2; 
567; 0; 0; 0; 746.4; 
567; 0; 0; 0; 746.6; 
567; 0; 0; 0; 746.8; 
567; 0; 0; 0; 747; 
567; 0; 0; 0; 747.2; 
567; 0; 0; 0; 747.4; 
567; 0; 0; 0; 747.6; 
567; 0; 0; 0; 747.8; 
567; 0; 0; 0; 748; 
567; 0; 0; 0; 748.2; 
567; 0; 0; 0; 748.4; 
567; 0; 0; 0; 748.6; 
567; 0; 0; 0; 748.8; 
567; 0; 0; 0; 749; 
567; 0; 0; 0; 749.2; 
567; 0; 0; 0; 749.4; 
567; 0; 0; 0; 749.6; 
567; 0; 0; 0; 749.8; 
567; 0; 0; 0; 750; 
567; 0; 0; 0; 750.2; 
567; 0; 0; 0; 750.4; 
567; 0; 0; 0; 750.6; 
567; 0; 0; 0; 750.8; 
567; 0; 0; 0; 751; 
567; 0; 0; 0; 751.2; 
567; 0; 0; 0; 751.4; 
567; 0; 0; 0; 751.6; 
567; 0; 0; 0; 751.8; 
567; 0; 0; 0; 752; 
567; 0; 0; 0; 752.2; 
567; 0; 0; 0; 752.4; 
567; 0; 0; 0; 752.6; 
567; 0; 0; 0; 752.8; 
567; 0; 0; 0; 753; 
567; 0; 0; 0; 753.2; 
567; 0; 0; 0; 753.4; 
567; 0; 0; 0; 753.6; 
567; 0; 0; 0; 753.8; 
567; 0; 0; 0; 754; 
567; 0; 0; 0; 754.2; 
567; 0; 0; 0; 754.4; 
567; 0; 0; 0; 754.6; 
567; 0; 0; 0; 754.8; 
567; 0; 0; 0; 755; 
567; 0; 0; 0; 755.2; 
567; 0; 0; 0; 755.4; 
567; 0; 0; 0; 755.6; 
567; 0; 0; 0; 755.8; 
567; 0; 0; 0; 756; 
567; 0; 0; 0; 756.2; 
567; 0; 0; 0; 756.4; 
567; 0; 0; 0; 756.6; 
567; 0; 0; 0; 756.8; 
567; 0; 0; 0; 757; 
567; 0; 0; 0; 757.2; 
567; 0; 0; 0; 757.4; 
567; 0; 0; 0; 757.6; 
567; 0; 0; 0; 757.8; 
567; 0; 0; 0; 758; 
567; 0; 0; 0; 758.2; 
567; 0; 0; 0; 758.4; 
567; 0; 0; 0; 758.6; 
567; 0; 0; 0; 758.8; 
567; 0; 0; 0; 759; 
567; 0; 0; 0; 759.2; 
567; 0; 0; 0; 759.4; 
567; 0; 0; 0; 759.6; 
567; 0; 0; 0; 759.8; 
567; 0; 0; 0; 760; 
567; 0; 0; 0; 760.2; 
567; 0; 0; 0; 760.4; 
567; 0; 0; 0; 760.6; 
567; 0; 0; 0; 760.8; 
567; 0; 0; 0; 761; 
567; 0; 0; 0; 761.2; 
567; 0; 0; 0; 761.4; 
567; 0; 0; 0; 761.6; 
567; 0; 0; 0; 761.8; 
567; 0; 0; 0; 762; 
567; 0; 0; 0; 762.2; 
567; 0; 0; 0; 762.4; 
567; 0; 0; 0; 762.6; 
567; 0; 0; 0; 762.8; 
567; 0; 0; 0; 763; 
567; 0; 0; 0; 763.2; 
567; 0; 0; 0; 763.4; 
567; 0; 0; 0; 763.6; 
567; 0; 0; 0; 763.8; 
567; 0; 0; 0; 764; 
567; 0; 0; 0; 764.2; 
567; 0; 0; 0; 764.4; 
567; 0; 0; 0; 764.6; 
567; 0; 0; 0; 764.8; 
567; 0; 0; 0; 765; 
567; 0; 0; 0; 765.2; 
567; 0; 0; 0; 765.4; 
567; 0; 0; 0; 765.6; 
567; 0; 0; 0; 765.8; 
567; 0; 0; 0; 766; 
567; 0; 0; 0; 766.2; 
567; 0; 0; 0; 766.4; 
567; 0; 0; 0; 766.6; 
567; 0; 0; 0; 766.8; 
567; 0; 0; 0; 767; 
567; 0; 0; 0; 767.2; 
567; 0; 0; 0; 767.4; 
567; 0; 0; 0; 767.6; 
567; 0; 0; 0; 767.8; 
567; 0; 0; 0; 768; 
567; 0; 0; 0; 768.2; 
567; 0; 0; 0; 768.4; 
567; 0; 0; 0; 768.6; 
567; 0; 0; 0; 768.8; 
567; 0; 0; 0; 769; 
567; 0; 0; 0; 769.2; 
567; 0; 0; 0; 769.4; 
567; 0; 0; 0; 769.6; 
567; 0; 0; 0; 769.8; 
567; 0; 0; 0; 770; 
567; 0; 0; 0; 770.2; 
567; 0; 0; 0; 770.4; 
567; 0; 0; 0; 770.6; 
567; 0; 0; 0; 770.8; 
567; 0; 0; 0; 771; 
567; 0; 0; 0; 771.2; 
567; 0; 0; 0; 771.4; 
567; 0; 0; 0; 771.6; 
567; 0; 0; 0; 771.8; 
567; 0; 0; 0; 772; 
567; 0; 0; 0; 772.2; 
567; 0; 0; 0; 772.4; 
567; 0; 0; 0; 772.6; 
567; 0; 0; 0; 772.8; 
567; 0; 0; 0; 773; 
567; 0; 0; 0; 773.2; 
567; 0; 0; 0; 773.4; 
567; 0; 0; 0; 773.6; 
567; 0; 0; 0; 773.8; 
567; 0; 0; 0; 774; 
567; 0; 0; 0; 774.2; 
567; 0; 0; 0; 774.4; 
567; 0; 0; 0; 774.6; 
567; 0; 0; 0; 774.8; 
567; 0; 0; 0; 775; 
567; 0; 0; 0; 775.2; 
567; 0; 0; 0; 775.4; 
567; 0; 0; 0; 775.6; 
567; 0; 0; 0; 775.8; 
567; 0; 0; 0; 776; 
567; 0; 0; 0; 776.2; 
567; 0; 0; 0; 776.4; 
567; 0; 0; 0; 776.6; 
567; 0; 0; 0; 776.8; 
567; 0; 0; 0; 777; 
567; 0; 0; 0; 777.2; 
567; 0; 0; 0; 777.4; 
567; 0; 0; 0; 777.6; 
567; 0; 0; 0; 777.8; 
567; 0; 0; 0; 778; 
567; 0; 0; 0; 778.2; 
567; 0; 0; 0; 778.4; 
567; 0; 0; 0; 778.6; 
567; 0; 0; 0; 778.8; 
567; 0; 0; 0; 779; 
567; 0; 0; 0; 779.2; 
567; 0; 0; 0; 779.4; 
567; 0; 0; 0; 779.6; 
567; 0; 0; 0; 779.8; 
567; 0; 0; 0; 780; 
567; 0; 0; 0; 780.2; 
567; 0; 0; 0; 780.4; 
567; 0; 0; 0; 780.6; 
567; 0; 0; 0; 780.8; 
567; 0; 0; 0; 781; 
567; 0; 0; 0; 781.2; 
567; 0; 0; 0; 781.4; 
567; 0; 0; 0; 781.6; 
567; 0; 0; 0; 781.8; 
567; 0; 0; 0; 782; 
567; 0; 0; 0; 782.2; 
567; 0; 0; 0; 782.4; 
567; 0; 0; 0; 782.6; 
567; 0; 0; 0; 782.8; 
567; 0; 0; 0; 783; 
567; 0; 0; 0; 783.2; 
567; 0; 0; 0; 783.4; 
567; 0; 0; 0; 783.6; 
567; 0; 0; 0; 783.8; 
567; 0; 0; 0; 784; 
567; 0; 0; 0; 784.2; 
567; 0; 0; 0; 784.4; 
567; 0; 0; 0; 784.6; 
567; 0; 0; 0; 784.8; 
567; 0; 0; 0; 785; 
567; 0; 0; 0; 785.2; 
567; 0; 0; 0; 785.4; 
567; 0; 0; 0; 785.6; 
567; 0; 0; 0; 785.8; 
567; 0; 0; 0; 786; 
567; 0; 0; 0; 786.2; 
567; 0; 0; 0; 786.4; 
567; 0; 0; 0; 786.6; 
567; 0; 0; 0; 786.8; 
567; 0; 0; 0; 787; 
567; 0; 0; 0; 787.2; 
567; 0; 0; 0; 787.4; 
567; 0; 0; 0; 787.6; 
567; 0; 0; 0; 787.8; 
567; 0; 0; 0; 788; 
567; 0; 0; 0; 788.2; 
567; 0; 0; 0; 788.4; 
567; 0; 0; 0; 788.6; 
567; 0; 0; 0; 788.8; 
567; 0; 0; 0; 789; 
567; 0; 0; 0; 789.2; 
567; 0; 0; 0; 789.4; 
567; 0; 0; 0; 789.6; 
567; 0; 0; 0; 789.8; 
567; 0; 0; 0; 790; 
567; 0; 0; 0; 790.2; 
567; 0; 0; 0; 790.4; 
567; 0; 0; 0; 790.6; 
567; 0; 0; 0; 790.8; 
567; 0; 0; 0; 791; 
567; 0; 0; 0; 791.2; 
567; 0; 0; 0; 791.4; 
567; 0; 0; 0; 791.6; 
567; 0; 0; 0; 791.8; 
567; 0; 0; 0; 792; 
567; 0; 0; 0; 792.2; 
567; 0; 0; 0; 792.4; 
567; 0; 0; 0; 792.6; 
567; 0; 0; 0; 792.8; 
567; 0; 0; 0; 793; 
567; 0; 0; 0; 793.2; 
567; 0; 0; 0; 793.4; 
567; 0; 0; 0; 793.6; 
567; 0; 0; 0; 793.8; 
567; 0; 0; 0; 794; 
567; 0; 0; 0; 794.2; 
567; 0; 0; 0; 794.4; 
567; 0; 0; 0; 794.6; 
567; 0; 0; 0; 794.8; 
567; 0; 0; 0; 795; 
567; 0; 0; 0; 795.2; 
567; 0; 0; 0; 795.4; 
567; 0; 0; 0; 795.6; 
567; 0; 0; 0; 795.8; 
567; 0; 0; 0; 796; 
567; 0; 0; 0; 796.2; 
567; 0; 0; 0; 796.4; 
567; 0; 0; 0; 796.6; 
567; 0; 0; 0; 796.8; 
567; 0; 0; 0; 797; 
567; 0; 0; 0; 797.2; 
567; 0; 0; 0; 797.4; 
567; 0; 0; 0; 797.6; 
567; 0; 0; 0; 797.8; 
567; 0; 0; 0; 798; 
567; 0; 0; 0; 798.2; 
567; 0; 0; 0; 798.4; 
567; 0; 0; 0; 798.6; 
567; 0; 0; 0; 798.8; 
567; 0; 0; 0; 799; 
567; 0; 0; 0; 799.2; 
567; 0; 0; 0; 799.4; 
567; 0; 0; 0; 799.6; 
567; 0; 0; 0; 799.8; 
567; 0; 0; 0; 800; 
567; 0; 0; 0; 800.2; 
567; 0; 0; 0; 800.4; 
567; 0; 0; 0; 800.6; 
567; 0; 0; 0; 800.8; 
567; 0; 0; 0; 801; 
567; 0; 0; 0; 801.2; 
567; 0; 0; 0; 801.4; 
567; 0; 0; 0; 801.6; 
567; 0; 0; 0; 801.8; 
567; 0; 0; 0; 802; 
567; 0; 0; 0; 802.2; 
567; 0; 0; 0; 802.4; 
567; 0; 0; 0; 802.6; 
567; 0; 0; 0; 802.8; 
567; 0; 0; 0; 803; 
567; 0; 0; 0; 803.2; 
567; 0; 0; 0; 803.4; 
567; 0; 0; 0; 803.6; 
567; 0; 0; 0; 803.8; 
567; 0; 0; 0; 804; 
567; 0; 0; 0; 804.2; 
567; 0; 0; 0; 804.4; 
567; 0; 0; 0; 804.6; 
567; 0; 0; 0; 804.8; 
567; 0; 0; 0; 805; 
567; 0; 0; 0; 805.2; 
567; 0; 0; 0; 805.4; 
567; 0; 0; 0; 805.6; 
567; 0; 0; 0; 805.8; 
567; 0; 0; 0; 806; 
567; 0; 0; 0; 806.2; 
567; 0; 0; 0; 806.4; 
567; 0; 0; 0; 806.6; 
567; 0; 0; 0; 806.8; 
567; 0; 0; 0; 807; 
567; 0; 0; 0; 807.2; 
567; 0; 0; 0; 807.4; 
567; 0; 0; 0; 807.6; 
567; 0; 0; 0; 807.8; 
567; 0; 0; 0; 808; 
567; 0; 0; 0; 808.2; 
567; 0; 0; 0; 808.4; 
567; 0; 0; 0; 808.6; 
567; 0; 0; 0; 808.8; 
567; 0; 0; 0; 809; 
567; 0; 0; 0; 809.2; 
567; 0; 0; 0; 809.4; 
567; 0; 0; 0; 809.6; 
567; 0; 0; 0; 809.8; 
567; 0; 0; 0; 810; 
567; 0; 0; 0; 810.2; 
567; 0; 0; 0; 810.4; 
567; 0; 0; 0; 810.6; 
567; 0; 0; 0; 810.8; 
567; 0; 0; 0; 811; 
567; 0; 0; 0; 811.2; 
567; 0; 0; 0; 811.4; 
567; 0; 0; 0; 811.6; 
567; 0; 0; 0; 811.8; 
567; 0; 0; 0; 812; 
567; 0; 0; 0; 812.2; 
567; 0; 0; 0; 812.4; 
567; 0; 0; 0; 812.6; 
567; 0; 0; 0; 812.8; 
567; 0; 0; 0; 813; 
567; 0; 0; 0; 813.2; 
567; 0; 0; 0; 813.4; 
567; 0; 0; 0; 813.6; 
567; 0; 0; 0; 813.8; 
567; 0; 0; 0; 814; 
567; 0; 0; 0; 814.2; 
567; 0; 0; 0; 814.4; 
567; 0; 0; 0; 814.6; 
567; 0; 0; 0; 814.8; 
567; 0; 0; 0; 815; 
567; 0; 0; 0; 815.2; 
567; 0; 0; 0; 815.4; 
567; 0; 0; 0; 815.6; 
567; 0; 0; 0; 815.8; 
567; 0; 0; 0; 816; 
567; 0; 0; 0; 816.2; 
567; 0; 0; 0; 816.4; 
567; 0; 0; 0; 816.6; 
567; 0; 0; 0; 816.8; 
567; 0; 0; 0; 817; 
567; 0; 0; 0; 817.2; 
567; 0; 0; 0; 817.4; 
567; 0; 0; 0; 817.6; 
567; 0; 0; 0; 817.8; 
567; 0; 0; 0; 818; 
567; 0; 0; 0; 818.2; 
567; 0; 0; 0; 818.4; 
567; 0; 0; 0; 818.6; 
567; 0; 0; 0; 818.8; 
567; 0; 0; 0; 819; 
567; 0; 0; 0; 819.2; 
567; 0; 0; 0; 819.4; 
567; 0; 0; 0; 819.6; 
567; 0; 0; 0; 819.8; 
567; 0; 0; 0; 820; 
567; 0; 0; 0; 820.2; 
567; 0; 0; 0; 820.4; 
567; 0; 0; 0; 820.6; 
567; 0; 0; 0; 820.8; 
567; 0; 0; 0; 821; 
567; 0; 0; 0; 821.2; 
567; 0; 0; 0; 821.4; 
567; 0; 0; 0; 821.6; 
567; 0; 0; 0; 821.8; 
567; 0; 0; 0; 822; 
567; 0; 0; 0; 822.2; 
567; 0; 0; 0; 822.4; 
567; 0; 0; 0; 822.6; 
567; 0; 0; 0; 822.8; 
567; 0; 0; 0; 823; 
567; 0; 0; 0; 823.2; 
567; 0; 0; 0; 823.4; 
567; 0; 0; 0; 823.6; 
567; 0; 0; 0; 823.8; 
567; 0; 0; 0; 824; 
567; 0; 0; 0; 824.2; 
