567; 0; 0; 170; 0; 
567; 0; 0; 170; 0.2; 
567; 0; 0; 170; 0.4; 
567; 0; 0; 170; 0.6; 
567; 0; 0; 170; 0.8; 
567; 0; 0; 170; 1; 
567; 0; 0; 170; 1.2; 
567; 0; 0; 170; 1.4; 
567; 0; 0; 170; 1.6; 
567; 0; 0; 170; 1.8; 
567; 0; 0; 170; 2; 
567; 0; 0; 170; 2.2; 
567; 0; 0; 170; 2.4; 
567; 0; 0; 170; 2.6; 
567; 0; 0; 170; 2.8; 
567; 0; 0; 170; 3; 
567; 0; 0; 170; 3.2; 
567; 0; 0; 170; 3.4; 
567; 0; 0; 170; 3.6; 
567; 0; 0; 170; 3.8; 
567; 0; 0; 170; 4; 
567; 0; 0; 170; 4.2; 
567; 0; 0; 170; 4.4; 
567; 0; 0; 170; 4.6; 
567; 0; 0; 170; 4.8; 
567; 0; 0; 170; 5; 
567; 0; 0; 170; 5.2; 
567; 0; 0; 170; 5.4; 
567; 0; 0; 170; 5.6; 
567; 0; 0; 170; 5.8; 
567; 0; 0; 170; 6; 
567; 0; 0; 170; 6.2; 
567; 0; 0; 170; 6.4; 
567; 0; 0; 170; 6.6; 
567; 0; 0; 170; 6.8; 
567; 0; 0; 170; 7; 
567; 0; 0; 170; 7.2; 
567; 0; 0; 170; 7.4; 
567; 0; 0; 170; 7.6; 
567; 0; 0; 170; 7.8; 
567; 0; 0; 170; 8; 
567; 0; 0; 170; 8.2; 
567; 0; 0; 170; 8.4; 
567; 0; 0; 170; 8.6; 
567; 0; 0; 170; 8.8; 
567; 0; 0; 170; 9; 
567; 0; 0; 170; 9.2; 
567; 0; 0; 170; 9.4; 
567; 0; 0; 170; 9.6; 
567; 0; 0; 170; 9.8; 
567; 0; 0; 170; 10; 
567; 0; 0; 170; 10.2; 
567; 0; 0; 170; 10.4; 
567; 0; 0; 170; 10.6; 
567; 0; 0; 170; 10.8; 
567; 0; 0; 170; 11; 
567; 0; 0; 170; 11.2; 
567; 0; 0; 170; 11.4; 
567; 0; 0; 170; 11.6; 
567; 0; 0; 170; 11.8; 
567; 0; 0; 170; 12; 
567; 0; 0; 170; 12.2; 
567; 0; 0; 170; 12.4; 
567; 0; 0; 170; 12.6; 
567; 0; 0; 170; 12.8; 
567; 0; 0; 170; 13; 
567; 0; 0; 170; 13.2; 
567; 0; 0; 170; 13.4; 
567; 0; 0; 170; 13.6; 
567; 0; 0; 170; 13.8; 
567; 0; 0; 170; 14; 
567; 0; 0; 170; 14.2; 
567; 0; 0; 170; 14.4; 
567; 0; 0; 170; 14.6; 
567; 0; 0; 170; 14.8; 
567; 0; 0; 170; 15; 
567; 0; 0; 170; 15.2; 
567; 0; 0; 170; 15.4; 
567; 0; 0; 170; 15.6; 
567; 0; 0; 170; 15.8; 
567; 0; 0; 170; 16; 
567; 0; 0; 170; 16.2; 
567; 0; 0; 170; 16.4; 
567; 0; 0; 170; 16.6; 
567; 0; 0; 170; 16.8; 
567; 0; 0; 170; 17; 
567; 0; 0; 170; 17.2; 
567; 0; 0; 170; 17.4; 
567; 0; 0; 170; 17.6; 
567; 0; 0; 170; 17.8; 
567; 0; 0; 170; 18; 
567; 0; 0; 170; 18.2; 
567; 0; 0; 170; 18.4; 
567; 0; 0; 170; 18.6; 
567; 0; 0; 170; 18.8; 
567; 0; 0; 170; 19; 
567; 0; 0; 170; 19.2; 
567; 0; 0; 170; 19.4; 
567; 0; 0; 170; 19.6; 
567; 0; 0; 170; 19.8; 
567; 0; 0; 170; 20; 
567; 0; 0; 170; 20.2; 
567; 0; 0; 170; 20.4; 
567; 0; 0; 170; 20.6; 
567; 0; 0; 170; 20.8; 
567; 0; 0; 170; 21; 
567; 0; 0; 170; 21.2; 
567; 0; 0; 170; 21.4; 
567; 0; 0; 170; 21.6; 
567; 0; 0; 170; 21.8; 
567; 0; 0; 170; 22; 
567; 0; 0; 170; 22.2; 
567; 0; 0; 170; 22.4; 
567; 0; 0; 170; 22.6; 
567; 0; 0; 170; 22.8; 
567; 0; 0; 170; 23; 
567; 0; 0; 170; 23.2; 
567; 0; 0; 170; 23.4; 
567; 0; 0; 170; 23.6; 
567; 0; 2397.022; 170; 23.8; 
567; 0; 2397.022; 170; 24; 
567; 0; 2397.022; 170; 24.2; 
567; 0; 2397.022; 170; 24.4; 
567; 0; 2397.022; 170; 24.6; 
567; 0; 2397.022; 170; 24.8; 
567; 0; 2397.022; 170; 25; 
567; 0; 2397.022; 170; 25.2; 
567; 0; 2397.022; 170; 25.4; 
567; 0; 2397.022; 170; 25.6; 
567; 0; 2397.022; 170; 25.8; 
567; 0; 2397.022; 170; 26; 
567; 0; 2397.022; 170; 26.2; 
567; 0; 2397.022; 170; 26.4; 
567; 0; 2397.022; 170; 26.6; 
567; 0; 2397.022; 170; 26.8; 
567; 0; 2397.022; 170; 27; 
567; 0; 2397.022; 170; 27.2; 
567; 0; 2397.022; 170; 27.4; 
567; 0; 2397.022; 170; 27.6; 
567; 0; 2397.022; 170; 27.8; 
567; 0; 2397.022; 170; 28; 
567; 0; 2397.022; 170; 28.2; 
567; 0; 2397.022; 170; 28.4; 
567; 0; 2397.022; 170; 28.6; 
567; 0; 2397.022; 170; 28.8; 
567; 0; 2397.022; 170; 29; 
567; 0; 2397.022; 170; 29.2; 
567; 0; 2397.022; 170; 29.4; 
567; 0; 2397.022; 170; 29.6; 
567; 0; 2397.022; 170; 29.8; 
567; 0; 2397.022; 170; 30; 
567; 0; 2397.022; 170; 30.2; 
567; 0; 2397.022; 170; 30.4; 
567; 0; 2397.022; 170; 30.6; 
567; 0; 2397.022; 170; 30.8; 
567; 0; 2397.022; 170; 31; 
567; 0; 2397.022; 170; 31.2; 
567; 0; 2397.022; 170; 31.4; 
567; 0; 2397.022; 170; 31.6; 
567; 0; 2397.022; 170; 31.8; 
567; 0; 2397.022; 170; 32; 
567; 0; 2397.022; 170; 32.2; 
567; 0; 2397.022; 170; 32.4; 
567; 0; 2397.022; 170; 32.6; 
567; 0; 2397.022; 170; 32.8; 
567; 0; 2397.022; 170; 33; 
567; 0; 2397.022; 170; 33.2; 
567; 0; 2397.022; 170; 33.4; 
567; 0; 2397.022; 170; 33.6; 
567; 0; 2397.022; 170; 33.8; 
567; 0; 2397.022; 170; 34; 
567; 0; 2397.022; 170; 34.2; 
567; 0; 2397.022; 170; 34.4; 
567; 0; 2397.022; 170; 34.6; 
567; 0; 2397.022; 170; 34.8; 
567; 0; 2397.022; 170; 35; 
567; 0; 2397.022; 170; 35.2; 
567; 0; 2397.022; 170; 35.4; 
567; 0; 2397.022; 170; 35.6; 
567; 0; 2397.022; 170; 35.8; 
567; 0; 2397.022; 170; 36; 
567; 0; 2397.022; 170; 36.2; 
567; 0; 2397.022; 170; 36.4; 
567; 0; 2397.022; 170; 36.6; 
567; 0; 2397.022; 170; 36.8; 
567; 0; 2397.022; 170; 37; 
567; 0; 2397.022; 170; 37.2; 
567; 0; 2397.022; 170; 37.4; 
567; 0; 2397.022; 170; 37.6; 
567; 0; 2397.022; 170; 37.8; 
567; 0; 2397.022; 170; 38; 
567; 0; 2397.022; 170; 38.2; 
567; 0; 2397.022; 170; 38.4; 
567; 0; 2397.022; 170; 38.6; 
567; 0; 2397.022; 170; 38.8; 
567; 0; 2413.3114; 170; 39; 
567; 0; 2446.4555; 170; 39.2; 
567; 0; 2496.9052; 170; 39.4; 
567; 0; 2695.9944; 170; 39.6; 
567; 0; 2943.2363; 170; 39.8; 
567; 0; 2993.7095; 170; 40; 
567; 0; 3028.1379; 170; 40.2; 
567; 0; 3081.2859; 170; 40.4; 
567; 0; 3111.4576; 170; 40.6; 
567; 0; 3138.8091; 170; 40.8; 
567; 0; 3152.48; 170; 41; 
567; 0; 3166.3021; 170; 41.2; 
567; 0; 3165.8181; 170; 41.4; 
567; 0; 3165.3446; 170; 41.6; 
567; 0; 3150.607; 170; 41.8; 
567; 0; 3150.1624; 170; 42; 
567; 0; 3149.7272; 170; 42.2; 
567; 0; 3149.302; 170; 42.4; 
567; 0; 3148.8875; 170; 42.6; 
567; 0; 3148.4843; 170; 42.8; 
567; 0; 3148.0931; 170; 43; 
567; 0; 3147.7144; 170; 43.2; 
567; 0; 3147.3482; 170; 43.4; 
567; 0; 3146.9935; 170; 43.6; 
567; 0; 3146.649; 170; 43.8; 
567; 0; 3146.3139; 170; 44; 
567; 0; 3145.9876; 170; 44.2; 
567; 0; 3145.6698; 170; 44.4; 
567; 0; 3145.3602; 170; 44.6; 
567; 0; 3145.0588; 170; 44.8; 
567; 0; 3144.7656; 170; 45; 
567; 0; 3144.4805; 170; 45.2; 
567; 0; 3144.2035; 170; 45.4; 
567; 0; 3143.9346; 170; 45.6; 
567; 0; 3143.674; 170; 45.8; 
567; 0; 3143.4217; 170; 46; 
567; 0; 3143.1776; 170; 46.2; 
567; 0; 3142.942; 170; 46.4; 
567; 0; 3142.7147; 170; 46.6; 
567; 0; 3142.4959; 170; 46.8; 
567; 0; 3142.2856; 170; 47; 
567; 0; 3142.0838; 170; 47.2; 
567; 0; 3155.977; 170; 47.4; 
567; 0; 3155.7886; 170; 47.6; 
567; 0; 3155.6091; 170; 47.8; 
567; 0; 3155.4385; 170; 48; 
567; 0; 3155.277; 170; 48.2; 
567; 0; 3155.1246; 170; 48.4; 
567; 0; 3169.2233; 170; 48.6; 
567; 0; 3169.0863; 170; 48.8; 
567; 0; 3168.9589; 170; 49; 
567; 0; 3168.841; 170; 49.2; 
567; 0; 3168.7328; 170; 49.4; 
567; 0; 3168.6342; 170; 49.6; 
567; 0; 3182.9534; 170; 49.8; 
567; 0; 3182.8728; 170; 50; 
567; 0; 3182.8023; 170; 50.2; 
567; 0; 3182.742; 170; 50.4; 
567; 0; 3197.2786; 170; 50.6; 
567; 0; 3197.2381; 170; 50.8; 
567; 0; 3197.2082; 170; 51; 
567; 0; 3197.1892; 170; 51.2; 
567; 0; 3211.9538; 170; 51.4; 
567; 0; 3211.9565; 170; 51.6; 
567; 0; 3211.9704; 170; 51.8; 
567; 0; 3226.9624; 170; 52; 
567; 0; 3226.9995; 170; 52.2; 
567; 0; 3227.045; 170; 52.4; 
567; 0; 3227.0959; 170; 52.6; 
567; 0; 3239.1545; 170; 52.8; 
567; 0; 3239.2081; 170; 53; 
567; 0; 3239.2593; 170; 53.2; 
567; 0; 3239.3065; 170; 53.4; 
567; 0; 3251.5079; 170; 53.6; 
567; 0; 3251.5434; 170; 53.8; 
567; 0; 3251.5714; 170; 54; 
567; 0; 3251.5916; 170; 54.2; 
567; 0; 3263.9199; 170; 54.4; 
567; 0; 3263.9252; 170; 54.6; 
567; 0; 3263.9237; 170; 54.8; 
567; 0; 3263.916; 170; 55; 
567; 0; 3276.376; 170; 55.2; 
567; 0; 3276.3586; 170; 55.4; 
567; 0; 3276.3379; 170; 55.6; 
567; 0; 3276.315; 170; 55.8; 
567; 0; 3276.2909; 170; 56; 
567; 0; 3288.898; 170; 56.2; 
567; 0; 3288.8738; 170; 56.4; 
567; 0; 3288.8508; 170; 56.6; 
567; 0; 3288.8296; 170; 56.8; 
567; 0; 3301.6039; 170; 57; 
567; 0; 3301.587; 170; 57.2; 
567; 0; 3301.5727; 170; 57.4; 
567; 0; 3301.5609; 170; 57.6; 
567; 0; 3314.5099; 170; 57.8; 
567; 0; 3314.5025; 170; 58; 
567; 0; 3314.497; 170; 58.2; 
567; 0; 3314.493; 170; 58.4; 
567; 0; 3314.4903; 170; 58.6; 
567; 0; 3327.6152; 170; 58.8; 
567; 0; 3327.6136; 170; 59; 
567; 0; 3327.6121; 170; 59.2; 
567; 0; 3327.6105; 170; 59.4; 
567; 0; 3340.9072; 170; 59.6; 
567; 0; 3340.9047; 170; 59.8; 
567; 0; 3340.9015; 170; 60; 
567; 0; 3340.8977; 170; 60.2; 
567; 0; 3354.3665; 170; 60.4; 
567; 0; 3354.3613; 170; 60.6; 
567; 0; 3354.3556; 170; 60.8; 
567; 0; 3354.3496; 170; 61; 
567; 0; 3354.3432; 170; 61.2; 
567; 0; 3365.0092; 170; 61.4; 
567; 0; 3365.0027; 170; 61.6; 
567; 0; 3364.9962; 170; 61.8; 
567; 0; 3364.9899; 170; 62; 
567; 0; 3375.7801; 170; 62.2; 
567; 0; 3375.7744; 170; 62.4; 
567; 0; 3375.7689; 170; 62.6; 
567; 0; 3375.7638; 170; 62.8; 
567; 0; 3375.7591; 170; 63; 
567; 0; 3386.6756; 170; 63.2; 
567; 0; 3386.6714; 170; 63.4; 
567; 0; 3386.6676; 170; 63.6; 
567; 0; 3386.6639; 170; 63.8; 
567; 0; 3386.6603; 170; 64; 
567; 0; 3397.7033; 170; 64.2; 
567; 0; 3397.6998; 170; 64.4; 
567; 0; 3397.6964; 170; 64.6; 
567; 0; 3397.693; 170; 64.8; 
567; 0; 3397.6888; 170; 65; 
567; 0; 3408.854; 170; 65.2; 
567; 0; 3408.8397; 170; 65.4; 
567; 0; 3408.8169; 170; 65.6; 
567; 0; 3408.7839; 170; 65.8; 
567; 0; 3408.739; 170; 66; 
567; 0; 3419.9807; 170; 66.2; 
567; 0; 3419.9076; 170; 66.4; 
567; 0; 3419.8196; 170; 66.6; 
567; 0; 3419.7191; 170; 66.8; 
567; 0; 3419.6103; 170; 67; 
567; 0; 3419.4972; 170; 67.2; 
567; 0; 3430.809; 170; 67.4; 
567; 0; 3430.6979; 170; 67.6; 
567; 0; 3430.5925; 170; 67.8; 
567; 0; 3430.4945; 170; 68; 
567; 0; 3430.4047; 170; 68.2; 
567; 0; 3430.3231; 170; 68.4; 
567; 0; 3441.801; 170; 68.6; 
567; 0; 3441.7334; 170; 68.8; 
567; 0; 3441.6714; 170; 69; 
567; 0; 3441.6138; 170; 69.2; 
567; 0; 3441.5597; 170; 69.4; 
567; 0; 3453.189; 170; 69.6; 
567; 0; 3453.1391; 170; 69.8; 
567; 0; 3453.0906; 170; 70; 
567; 0; 3419.4195; 170; 70.2; 
567; 0; 3373.4216; 170; 70.4; 
567; 0; 3327.4261; 170; 70.6; 
567; 0; 3292.9767; 170; 70.8; 
567; 0; 3246.9916; 170; 71; 
567; 0; 3201.0102; 170; 71.2; 
567; 0; 3155.0325; 170; 71.4; 
567; 0; 3107.9904; 170; 71.6; 
567; 0; 3060.5036; 170; 71.8; 
567; 0; 3021.4692; 170; 72; 
567; 0; 2972.8701; 170; 72.2; 
567; 0; 2924.2743; 170; 72.4; 
567; 0; 2877.9939; 170; 72.6; 
567; 0; 2831.7161; 170; 72.8; 
567; 0; 2786.5967; 170; 73; 
567; 0; 2753.7532; 170; 73.2; 
567; 0; 2713.2023; 170; 73.4; 
567; 0; 2673.7486; 170; 73.6; 
567; 0; 2632.2523; 170; 73.8; 
567; 0; 2593.0493; 170; 74; 
567; 0; 2553.8479; 170; 74.2; 
567; 0; 2517.0226; 170; 74.4; 
567; 0; 2480.199; 170; 74.6; 
567; 0; 2445.7514; 170; 74.8; 
567; 0; 2420.3571; 170; 75; 
567; 0; 2388.1699; 170; 75.2; 
567; 0; 2355.9839; 170; 75.4; 
567; 0; 2326.1823; 170; 75.6; 
567; 0; 2294.7839; 170; 75.8; 
567; 0; 2265.6119; 170; 76; 
567; 0; 2237.8362; 170; 76.2; 
567; 0; 2211.2685; 170; 76.4; 
567; 0; 2185.9088; 170; 76.6; 
567; 0; 2161.757; 170; 76.8; 
567; 0; 2137.6059; 170; 77; 
567; 0; 2115.8692; 170; 77.2; 
567; 0; 2094.1319; 170; 77.4; 
567; 0; 2074.8083; 170; 77.6; 
567; 0; 2055.4843; 170; 77.8; 
567; 0; 2036.1601; 170; 78; 
567; 0; 2026.7514; 170; 78.2; 
567; 0; 2009.3196; 170; 78.4; 
567; 0; 1991.1543; 170; 78.6; 
567; 0; 1974.2872; 170; 78.8; 
567; 0; 1957.4216; 170; 79; 
567; 0; 1941.8543; 170; 79.2; 
567; 0; 1926.2882; 170; 79.4; 
567; 0; 1912.0197; 170; 79.6; 
567; 0; 1897.752; 170; 79.8; 
567; 0; 1883.4846; 170; 80; 
567; 0; 1870.5143; 170; 80.2; 
567; 0; 1858.8408; 170; 80.4; 
567; 0; 1847.1675; 170; 80.6; 
567; 0; 1835.7026; 170; 80.8; 
567; 0; 1825.6639; 170; 81; 
567; 0; 1816.8798; 170; 81.2; 
567; 0; 1806.8411; 170; 81.4; 
567; 0; 1798.0573; 170; 81.6; 
567; 0; 1789.2736; 170; 81.8; 
567; 0; 1781.7448; 170; 82; 
567; 0; 1774.2162; 170; 82.2; 
567; 0; 1767.9426; 170; 82.4; 
567; 0; 1760.4145; 170; 82.6; 
567; 0; 1754.1411; 170; 82.8; 
567; 0; 1747.8679; 170; 83; 
567; 0; 1742.8494; 170; 83.2; 
567; 0; 1737.8311; 170; 83.4; 
567; 0; 1732.8128; 170; 83.6; 
567; 0; 1727.4228; 170; 83.8; 
567; 0; 1722.0234; 170; 84; 
567; 0; 1717.974; 170; 84.2; 
567; 0; 1713.9247; 170; 84.4; 
567; 0; 1709.8753; 170; 84.6; 
567; 0; 1705.8259; 170; 84.8; 
567; 0; 1701.7764; 170; 85; 
567; 0; 1699.0769; 170; 85.2; 
567; 0; 1696.3775; 170; 85.4; 
567; 0; 1693.6782; 170; 85.6; 
567; 0; 1690.979; 170; 85.8; 
567; 0; 1688.2798; 170; 86; 
567; 0; 1685.5805; 170; 86.2; 
567; 0; 1684.2314; 170; 86.4; 
567; 0; 1681.5323; 170; 86.6; 
567; 0; 1680.1833; 170; 86.8; 
567; 0; 1678.8342; 170; 87; 
567; 0; 1677.4851; 170; 87.2; 
567; 0; 1676.136; 170; 87.4; 
567; 0; 1674.7869; 170; 87.6; 
567; 0; 1674.7879; 170; 87.8; 
567; 0; 1673.4389; 170; 88; 
567; 0; 1672.09; 170; 88.2; 
567; 0; 1672.091; 170; 88.4; 
567; 0; 1672.0921; 170; 88.6; 
567; 0; 1670.7432; 170; 88.8; 
567; 0; 1670.7443; 170; 89; 
567; 0; 1670.7453; 170; 89.2; 
567; 0; 1670.7461; 170; 89.4; 
567; 0; 1670.7469; 170; 89.6; 
567; 0; 1670.7477; 170; 89.8; 
567; 0; 1670.7485; 170; 90; 
567; 0; 1670.7494; 170; 90.2; 
567; 0; 1670.7504; 170; 90.4; 
567; 0; 1670.7514; 170; 90.6; 
567; 0; 1670.7525; 170; 90.8; 
567; 0; 1672.1036; 170; 91; 
567; 0; 1663.2276; 170; 91.2; 
567; 0; 1663.2287; 170; 91.4; 
567; 0; 1664.5762; 170; 91.6; 
567; 0; 1664.5772; 170; 91.8; 
567; 0; 1665.9245; 170; 92; 
567; 0; 1665.9253; 170; 92.2; 
567; 0; 1667.2724; 170; 92.4; 
567; 0; 1668.6195; 170; 92.6; 
567; 0; 1669.9667; 170; 92.8; 
567; 0; 1669.9678; 170; 93; 
567; 0; 1671.3151; 170; 93.2; 
567; 0; 1672.6624; 170; 93.4; 
567; 0; 1674.0097; 170; 93.6; 
567; 0; 1675.357; 170; 93.8; 
567; 0; 1676.7044; 170; 94; 
567; 0; 1678.0517; 170; 94.2; 
567; 0; 1679.399; 170; 94.4; 
567; 0; 1680.7463; 170; 94.6; 
567; 0; 1682.0936; 170; 94.8; 
567; 0; 1683.4408; 170; 95; 
567; 0; 1684.7879; 170; 95.2; 
567; 0; 1686.1348; 170; 95.4; 
567; 0; 1688.823; 170; 95.6; 
567; 0; 1694.191; 170; 95.8; 
567; 0; 1700.8858; 170; 96; 
567; 0; 1710.2476; 170; 96.2; 
567; 0; 1723.6179; 170; 96.4; 
567; 0; 1737.9036; 170; 96.6; 
567; 0; 1755.2672; 170; 96.8; 
567; 0; 1775.0958; 170; 97; 
567; 0; 1796.1366; 170; 97.2; 
567; 0; 1817.1417; 170; 97.4; 
567; 0; 1838.4144; 170; 97.6; 
567; 0; 1857.5093; 170; 97.8; 
567; 0; 1876.5953; 170; 98; 
567; 0; 1894.387; 170; 98.2; 
567; 0; 1909.5973; 170; 98.4; 
567; 0; 1924.8135; 170; 98.6; 
567; 0; 1938.7445; 170; 98.8; 
567; 0; 1951.3895; 170; 99; 
567; 0; 1964.0389; 170; 99.2; 
567; 0; 1976.6901; 170; 99.4; 
567; 0; 1979.0129; 170; 99.6; 
567; 0; 1991.6175; 170; 99.8; 
567; 0; 2002.9301; 170; 100; 
567; 0; 2015.5248; 170; 100.2; 
567; 0; 2026.1353; 170; 100.4; 
567; 0; 2036.685; 170; 100.6; 
567; 0; 2047.2303; 170; 100.8; 
567; 0; 2057.7721; 170; 101; 
567; 0; 2067.1091; 170; 101.2; 
567; 0; 2076.4446; 170; 101.4; 
567; 0; 2084.5773; 170; 101.6; 
567; 0; 2092.71; 170; 101.8; 
567; 0; 2100.8429; 170; 102; 
567; 0; 2107.7742; 170; 102.2; 
567; 0; 2114.7058; 170; 102.4; 
567; 0; 2121.6374; 170; 102.6; 
567; 0; 2128.5689; 170; 102.8; 
567; 0; 2134.2981; 170; 103; 
567; 0; 2140.0268; 170; 103.2; 
567; 0; 2145.7548; 170; 103.4; 
567; 0; 2150.2803; 170; 103.6; 
567; 0; 2154.8049; 170; 103.8; 
567; 0; 2160.5302; 170; 104; 
567; 0; 2165.0532; 170; 104.2; 
567; 0; 2168.3738; 170; 104.4; 
567; 0; 2172.8956; 170; 104.6; 
567; 0; 2176.2153; 170; 104.8; 
567; 0; 2179.5347; 170; 105; 
567; 0; 2182.8538; 170; 105.2; 
567; 0; 2186.173; 170; 105.4; 
567; 0; 2188.2906; 170; 105.6; 
567; 0; 2191.6096; 170; 105.8; 
567; 0; 2193.7272; 170; 106; 
567; 0; 2195.8447; 170; 106.2; 
567; 0; 2197.962; 170; 106.4; 
567; 0; 2200.0792; 170; 106.6; 
567; 0; 2200.9949; 170; 106.8; 
567; 0; 2203.1116; 170; 107; 
567; 0; 2204.0269; 170; 107.2; 
567; 0; 2206.143; 170; 107.4; 
567; 0; 2207.0579; 170; 107.6; 
567; 0; 2207.9726; 170; 107.8; 
567; 0; 2208.8873; 170; 108; 
567; 0; 2209.8019; 170; 108.2; 
567; 0; 2210.7165; 170; 108.4; 
567; 0; 2210.4301; 170; 108.6; 
567; 0; 2211.3444; 170; 108.8; 
567; 0; 2211.0578; 170; 109; 
567; 0; 2211.9721; 170; 109.2; 
567; 0; 2211.6855; 170; 109.4; 
567; 0; 2211.3988; 170; 109.6; 
567; 0; 2212.3916; 170; 109.8; 
567; 0; 2212.1372; 170; 110; 
567; 0; 2211.8827; 170; 110.2; 
567; 0; 2211.6283; 170; 110.4; 
567; 0; 2211.3738; 170; 110.6; 
567; 0; 2211.1193; 170; 110.8; 
567; 0; 2210.8649; 170; 111; 
567; 0; 2210.6104; 170; 111.2; 
567; 0; 2210.356; 170; 111.4; 
567; 0; 2208.8441; 170; 111.6; 
567; 0; 2208.5895; 170; 111.8; 
567; 0; 2208.335; 170; 112; 
567; 0; 2206.8231; 170; 112.2; 
567; 0; 2206.5686; 170; 112.4; 
567; 0; 2206.314; 170; 112.6; 
567; 0; 2204.8022; 170; 112.8; 
567; 0; 2204.5476; 170; 113; 
567; 0; 2203.0358; 170; 113.2; 
567; 0; 2202.7812; 170; 113.4; 
567; 0; 2201.2694; 170; 113.6; 
567; 0; 2201.0148; 170; 113.8; 
567; 0; 2199.5031; 170; 114; 
567; 0; 2199.2484; 170; 114.2; 
567; 0; 2206.5723; 170; 114.4; 
567; 0; 2205.0556; 170; 114.6; 
567; 0; 2204.8004; 170; 114.8; 
567; 0; 2203.2838; 170; 115; 
567; 0; 2201.7672; 170; 115.2; 
567; 0; 2201.512; 170; 115.4; 
567; 0; 2199.9954; 170; 115.6; 
567; 0; 2198.4788; 170; 115.8; 
567; 0; 2196.9623; 170; 116; 
567; 0; 2195.4608; 170; 116.2; 
567; 0; 2193.9689; 170; 116.4; 
567; 0; 2192.4771; 170; 116.6; 
567; 0; 2190.9853; 170; 116.8; 
567; 0; 2190.6971; 170; 117; 
567; 0; 2189.2055; 170; 117.2; 
567; 0; 2187.7141; 170; 117.4; 
567; 0; 2186.2227; 170; 117.6; 
567; 0; 2184.7312; 170; 117.8; 
567; 0; 2183.2398; 170; 118; 
567; 0; 2181.7484; 170; 118.2; 
567; 0; 2180.2571; 170; 118.4; 
567; 0; 2178.7658; 170; 118.6; 
567; 0; 2177.2745; 170; 118.8; 
567; 0; 2175.7833; 170; 119; 
567; 0; 2174.2922; 170; 119.2; 
567; 0; 2172.8011; 170; 119.4; 
567; 0; 2171.31; 170; 119.6; 
567; 0; 2169.8189; 170; 119.8; 
567; 0; 2168.328; 170; 120; 
567; 0; 2168.04; 170; 120.2; 
567; 0; 2166.5492; 170; 120.4; 
567; 0; 2165.0586; 170; 120.6; 
567; 0; 2163.568; 170; 120.8; 
567; 0; 2162.0774; 170; 121; 
567; 0; 2160.5869; 170; 121.2; 
567; 0; 2160.2991; 170; 121.4; 
567; 0; 2158.8088; 170; 121.6; 
567; 0; 2157.3185; 170; 121.8; 
567; 0; 2155.8283; 170; 122; 
567; 0; 2154.3381; 170; 122.2; 
567; 0; 2152.8479; 170; 122.4; 
567; 0; 2152.5602; 170; 122.6; 
567; 0; 2151.0702; 170; 122.8; 
567; 0; 2149.5802; 170; 123; 
567; 0; 2148.0902; 170; 123.2; 
567; 0; 2147.8026; 170; 123.4; 
567; 0; 2146.3128; 170; 123.6; 
567; 0; 2144.8231; 170; 123.8; 
567; 0; 2143.3334; 170; 124; 
567; 0; 2143.0459; 170; 124.2; 
567; 0; 2141.5564; 170; 124.4; 
567; 0; 2140.0669; 170; 124.6; 
567; 0; 2139.7796; 170; 124.8; 
567; 0; 2138.2903; 170; 125; 
567; 0; 2136.801; 170; 125.2; 
567; 0; 2136.5137; 170; 125.4; 
567; 0; 2135.0246; 170; 125.6; 
567; 0; 2133.5355; 170; 125.8; 
567; 0; 2133.2482; 170; 126; 
567; 0; 2131.7591; 170; 126.2; 
567; 0; 2130.2703; 170; 126.4; 
567; 0; 2129.9832; 170; 126.6; 
567; 0; 2128.4946; 170; 126.8; 
567; 0; 2127.0059; 170; 127; 
567; 0; 2126.7188; 170; 127.2; 
567; 0; 2125.2302; 170; 127.4; 
567; 0; 2123.7417; 170; 127.6; 
567; 0; 2123.4547; 170; 127.8; 
567; 0; 2121.9662; 170; 128; 
567; 0; 2121.6792; 170; 128.2; 
567; 0; 2120.1909; 170; 128.4; 
567; 0; 2119.9044; 170; 128.6; 
567; 0; 2119.6186; 170; 128.8; 
567; 0; 2119.3344; 170; 129; 
567; 0; 2116.6533; 170; 129.2; 
567; 0; 2113.9851; 170; 129.4; 
567; 0; 2108.9342; 170; 129.6; 
567; 0; 2101.5057; 170; 129.8; 
567; 0; 2092.9041; 170; 130; 
567; 0; 2083.1321; 170; 130.2; 
567; 0; 2069.7893; 170; 130.4; 
567; 0; 2055.2787; 170; 130.6; 
567; 0; 2038.3998; 170; 130.8; 
567; 0; 2020.3543; 170; 131; 
567; 0; 2000.063; 170; 131.2; 
567; 0; 1978.2321; 170; 131.4; 
567; 0; 1956.4192; 170; 131.6; 
567; 0; 1937.1855; 170; 131.8; 
567; 0; 1920.5211; 170; 132; 
567; 0; 1906.4179; 170; 132.2; 
567; 0; 1894.8702; 170; 132.4; 
567; 0; 1893.4391; 170; 132.6; 
567; 0; 1884.3947; 170; 132.8; 
567; 0; 1875.3341; 170; 133; 
567; 0; 1864.9721; 170; 133.2; 
567; 0; 1854.6052; 170; 133.4; 
567; 0; 1844.2397; 170; 133.6; 
567; 0; 1832.5902; 170; 133.8; 
567; 0; 1819.6602; 170; 134; 
567; 0; 1806.7416; 170; 134.2; 
567; 0; 1793.8342; 170; 134.4; 
567; 0; 1780.9361; 170; 134.6; 
567; 0; 1769.335; 170; 134.8; 
567; 0; 1756.4471; 170; 135; 
567; 0; 1746.1408; 170; 135.2; 
567; 0; 1735.8328; 170; 135.4; 
567; 0; 1724.9771; 170; 135.6; 
567; 0; 1715.2666; 170; 135.8; 
567; 0; 1706.9401; 170; 136; 
567; 0; 1698.6096; 170; 136.2; 
567; 0; 1690.3616; 170; 136.4; 
567; 0; 1683.6403; 170; 136.6; 
567; 0; 1676.9182; 170; 136.8; 
567; 0; 1670.1964; 170; 137; 
567; 0; 1663.4757; 170; 137.2; 
567; 0; 1656.7565; 170; 137.4; 
567; 0; 1650.039; 170; 137.6; 
567; 0; 1644.6665; 170; 137.8; 
567; 0; 1639.2953; 170; 138; 
567; 0; 1633.9252; 170; 138.2; 
567; 0; 1628.5554; 170; 138.4; 
567; 0; 1623.1857; 170; 138.6; 
567; 0; 1619.159; 170; 138.8; 
567; 0; 1615.1319; 170; 139; 
567; 0; 1611.1043; 170; 139.2; 
567; 0; 1607.0762; 170; 139.4; 
567; 0; 1604.3909; 170; 139.6; 
567; 0; 1601.7051; 170; 139.8; 
567; 0; 1597.6759; 170; 140; 
567; 0; 1594.9898; 170; 140.2; 
567; 0; 1592.3037; 170; 140.4; 
567; 0; 1590.9609; 170; 140.6; 
567; 0; 1588.2752; 170; 140.8; 
567; 0; 1585.5896; 170; 141; 
567; 0; 1584.2473; 170; 141.2; 
567; 0; 1581.5621; 170; 141.4; 
567; 0; 1580.2204; 170; 141.6; 
567; 0; 1578.8787; 170; 141.8; 
567; 0; 1577.5372; 170; 142; 
567; 0; 1576.1956; 170; 142.2; 
567; 0; 1574.854; 170; 142.4; 
567; 0; 1573.5122; 170; 142.6; 
567; 0; 1573.5134; 170; 142.8; 
567; 0; 1572.1713; 170; 143; 
567; 0; 1570.8294; 170; 143.2; 
567; 0; 1570.8308; 170; 143.4; 
567; 0; 1569.4889; 170; 143.6; 
567; 0; 1569.4903; 170; 143.8; 
567; 0; 1569.4917; 170; 144; 
567; 0; 1569.4931; 170; 144.2; 
567; 0; 1568.1512; 170; 144.4; 
567; 0; 1568.1524; 170; 144.6; 
567; 0; 1568.1537; 170; 144.8; 
567; 0; 1568.1549; 170; 145; 
567; 0; 1568.156; 170; 145.2; 
567; 0; 1568.1573; 170; 145.4; 
567; 0; 1569.5001; 170; 145.6; 
567; 0; 1572.1779; 170; 145.8; 
567; 0; 1576.1828; 170; 146; 
567; 0; 1584.194; 170; 146.2; 
567; 0; 1594.8627; 170; 146.4; 
567; 0; 1599.6084; 170; 146.6; 
567; 0; 1616.8764; 170; 146.8; 
567; 0; 1635.4448; 170; 147; 
567; 0; 1655.3131; 170; 147.2; 
567; 0; 1675.1478; 170; 147.4; 
567; 0; 1695.4435; 170; 147.6; 
567; 0; 1713.1543; 170; 147.8; 
567; 0; 1729.4778; 170; 148; 
567; 0; 1743.5928; 170; 148.2; 
567; 0; 1756.203; 170; 148.4; 
567; 0; 1767.5372; 170; 148.6; 
567; 0; 1778.8811; 170; 148.8; 
567; 0; 1788.9476; 170; 149; 
567; 0; 1797.7341; 170; 149.2; 
567; 0; 1806.5236; 170; 149.4; 
567; 0; 1816.5988; 170; 149.6; 
567; 0; 1825.3861; 170; 149.8; 
567; 0; 1834.1695; 170; 150; 
567; 0; 1844.2337; 170; 150.2; 
567; 0; 1853.0075; 170; 150.4; 
567; 0; 1861.777; 170; 150.6; 
567; 0; 1870.543; 170; 150.8; 
567; 0; 1878.021; 170; 151; 
567; 0; 1885.4977; 170; 151.2; 
567; 0; 1892.9739; 170; 151.4; 
567; 0; 1899.1649; 170; 151.6; 
567; 0; 1905.3566; 170; 151.8; 
567; 0; 1911.5492; 170; 152; 
567; 0; 1917.7427; 170; 152.2; 
567; 0; 1922.6519; 170; 152.4; 
567; 0; 1927.5614; 170; 152.6; 
567; 0; 1932.471; 170; 152.8; 
567; 0; 1936.0954; 170; 153; 
567; 0; 1941.0043; 170; 153.2; 
567; 0; 1944.6275; 170; 153.4; 
567; 0; 1949.535; 170; 153.6; 
567; 0; 1953.1569; 170; 153.8; 
567; 0; 1956.7781; 170; 154; 
567; 0; 1959.1138; 170; 154.2; 
567; 0; 1962.734; 170; 154.4; 
567; 0; 1966.3539; 170; 154.6; 
567; 0; 1968.6888; 170; 154.8; 
567; 0; 1971.0236; 170; 155; 
567; 0; 1973.3583; 170; 155.2; 
567; 0; 1975.693; 170; 155.4; 
567; 0; 1978.0278; 170; 155.6; 
567; 0; 1979.078; 170; 155.8; 
567; 0; 1981.4128; 170; 156; 
567; 0; 1982.463; 170; 156.2; 
567; 0; 1984.7977; 170; 156.4; 
567; 0; 1985.8477; 170; 156.6; 
567; 0; 1986.8974; 170; 156.8; 
567; 0; 1987.9468; 170; 157; 
567; 0; 1988.9962; 170; 157.2; 
567; 0; 1990.0455; 170; 157.4; 
567; 0; 1991.0947; 170; 157.6; 
567; 0; 1992.1437; 170; 157.8; 
567; 0; 1993.1926; 170; 158; 
567; 0; 1992.9571; 170; 158.2; 
567; 0; 1994.0057; 170; 158.4; 
567; 0; 1993.77; 170; 158.6; 
567; 0; 1994.8185; 170; 158.8; 
567; 0; 1994.5829; 170; 159; 
567; 0; 1995.6315; 170; 159.2; 
567; 0; 1995.3959; 170; 159.4; 
567; 0; 1995.1603; 170; 159.6; 
567; 0; 1996.2087; 170; 159.8; 
567; 0; 1995.973; 170; 160; 
567; 0; 1995.7374; 170; 160.2; 
567; 0; 1995.5018; 170; 160.4; 
567; 0; 1995.2662; 170; 160.6; 
567; 0; 1995.0305; 170; 160.8; 
567; 0; 1994.7948; 170; 161; 
567; 0; 1995.8429; 170; 161.2; 
567; 0; 1995.6078; 170; 161.4; 
567; 0; 1995.3738; 170; 161.6; 
567; 0; 1995.1419; 170; 161.8; 
567; 0; 1994.9132; 170; 162; 
567; 0; 1994.6886; 170; 162.2; 
567; 0; 1994.4693; 170; 162.4; 
567; 0; 1994.2559; 170; 162.6; 
567; 0; 1994.0474; 170; 162.8; 
567; 0; 1995.1249; 170; 163; 
567; 0; 1997.4853; 170; 163.2; 
567; 0; 2001.125; 170; 163.4; 
567; 0; 2006.0411; 170; 163.6; 
567; 0; 2012.2317; 170; 163.8; 
567; 0; 2019.476; 170; 164; 
567; 0; 2026.4378; 170; 164.2; 
567; 0; 2033.3913; 170; 164.4; 
567; 0; 2039.1395; 170; 164.6; 
567; 0; 2042.4888; 170; 164.8; 
567; 0; 2043.4532; 170; 165; 
567; 0; 2042.0398; 170; 165.2; 
567; 0; 2038.2488; 170; 165.4; 
567; 0; 2030.8883; 170; 165.6; 
567; 0; 2022.3603; 170; 165.8; 
567; 0; 2011.1234; 170; 166; 
567; 0; 1996.9357; 170; 166.2; 
567; 0; 1978.9391; 170; 166.4; 
567; 0; 1959.6997; 170; 166.6; 
567; 0; 1937.9333; 170; 166.8; 
567; 0; 1914.9162; 170; 167; 
567; 0; 1891.9206; 170; 167.2; 
567; 0; 1872.7832; 170; 167.4; 
567; 0; 1857.4921; 170; 167.6; 
567; 0; 1847.3204; 170; 167.8; 
567; 0; 1843.5442; 170; 168; 
567; 0; 1843.5925; 170; 168.2; 
567; 0; 1847.4622; 170; 168.4; 
567; 0; 1851.3019; 170; 168.6; 
567; 0; 1855.1127; 170; 168.8; 
567; 0; 1856.3329; 170; 169; 
567; 0; 1853.6883; 170; 169.2; 
567; 0; 1848.4731; 170; 169.4; 
567; 0; 1839.4161; 170; 169.6; 
567; 0; 1830.3762; 170; 169.8; 
567; 0; 1818.7926; 170; 170; 
567; 0; 1805.9502; 170; 170.2; 
567; 0; 1791.8468; 170; 170.4; 
567; 0; 1777.7605; 170; 170.6; 
567; 0; 1763.6846; 170; 170.8; 
567; 0; 1750.8956; 170; 171; 
567; 0; 1747.7365; 170; 171.2; 
567; 0; 1737.4707; 170; 171.4; 
567; 0; 1728.1634; 170; 171.6; 
567; 0; 1719.8669; 170; 171.8; 
567; 0; 1711.5598; 170; 172; 
567; 0; 1704.6292; 170; 172.2; 
567; 0; 1697.6922; 170; 172.4; 
567; 0; 1689.3662; 170; 172.6; 
567; 0; 1682.4246; 170; 172.8; 
567; 0; 1675.4845; 170; 173; 
567; 0; 1667.1619; 170; 173.2; 
567; 0; 1660.2285; 170; 173.4; 
567; 0; 1651.9138; 170; 173.6; 
567; 0; 1644.9879; 170; 173.8; 
567; 0; 1638.0646; 170; 174; 
567; 0; 1631.1431; 170; 174.2; 
567; 0; 1624.2223; 170; 174.4; 
567; 0; 1617.517; 170; 174.6; 
567; 0; 1612.1618; 170; 174.8; 
567; 0; 1606.8054; 170; 175; 
567; 0; 1602.7879; 170; 175.2; 
567; 0; 1597.4289; 170; 175.4; 
567; 0; 1593.409; 170; 175.6; 
567; 0; 1589.3882; 170; 175.8; 
567; 0; 1585.3668; 170; 176; 
567; 0; 1581.3451; 170; 176.2; 
567; 0; 1578.6637; 170; 176.4; 
567; 0; 1574.6424; 170; 176.6; 
567; 0; 1571.9618; 170; 176.8; 
567; 0; 1569.2816; 170; 177; 
567; 0; 1566.6019; 170; 177.2; 
567; 0; 1563.9227; 170; 177.4; 
567; 0; 1561.2439; 170; 177.6; 
567; 0; 1558.5652; 170; 177.8; 
567; 0; 1555.8866; 170; 178; 
567; 0; 1554.548; 170; 178.2; 
567; 0; 1551.8689; 170; 178.4; 
567; 0; 1550.5298; 170; 178.6; 
567; 0; 1547.8503; 170; 178.8; 
567; 0; 1546.5108; 170; 179; 
567; 0; 1545.1714; 170; 179.2; 
567; 0; 1543.8321; 170; 179.4; 
567; 0; 1542.4928; 170; 179.6; 
567; 0; 1541.1536; 170; 179.8; 
567; 0; 1541.1546; 170; 180; 
567; 0; 1539.8154; 170; 180.2; 
567; 0; 1538.4762; 170; 180.4; 
567; 0; 1538.4773; 170; 180.6; 
567; 0; 1537.1382; 170; 180.8; 
567; 0; 1537.1393; 170; 181; 
567; 0; 1535.8003; 170; 181.2; 
567; 0; 1535.8014; 170; 181.4; 
567; 0; 1534.4625; 170; 181.6; 
567; 0; 1534.4637; 170; 181.8; 
567; 0; 1534.4649; 170; 182; 
567; 0; 1534.4661; 170; 182.2; 
567; 0; 1533.127; 170; 182.4; 
567; 0; 1533.1281; 170; 182.6; 
567; 0; 1533.1292; 170; 182.8; 
567; 0; 1533.1304; 170; 183; 
567; 0; 1533.1316; 170; 183.2; 
567; 0; 1533.1328; 170; 183.4; 
567; 0; 1533.134; 170; 183.6; 
567; 0; 1533.1351; 170; 183.8; 
567; 0; 1533.1362; 170; 184; 
567; 0; 1533.1372; 170; 184.2; 
567; 0; 1533.1383; 170; 184.4; 
567; 0; 1533.1392; 170; 184.6; 
567; 0; 1534.4804; 170; 184.8; 
567; 0; 1534.4814; 170; 185; 
567; 0; 1534.4825; 170; 185.2; 
567; 0; 1534.4836; 170; 185.4; 
567; 0; 1534.4847; 170; 185.6; 
567; 0; 1534.4859; 170; 185.8; 
567; 0; 1535.8272; 170; 186; 
567; 0; 1535.8285; 170; 186.2; 
567; 0; 1535.8297; 170; 186.4; 
567; 0; 1527.5063; 170; 186.6; 
567; 0; 1528.8441; 170; 186.8; 
567; 0; 1528.8452; 170; 187; 
567; 0; 1528.8463; 170; 187.2; 
567; 0; 1530.1839; 170; 187.4; 
567; 0; 1530.1849; 170; 187.6; 
567; 0; 1531.5226; 170; 187.8; 
567; 0; 1531.5236; 170; 188; 
567; 0; 1532.8612; 170; 188.2; 
567; 0; 1532.8621; 170; 188.4; 
567; 0; 1534.1997; 170; 188.6; 
567; 0; 1534.2007; 170; 188.8; 
567; 0; 1535.5384; 170; 189; 
567; 0; 1536.876; 170; 189.2; 
567; 0; 1536.877; 170; 189.4; 
567; 0; 1538.2146; 170; 189.6; 
567; 0; 1539.5522; 170; 189.8; 
567; 0; 1539.5534; 170; 190; 
567; 0; 1540.8911; 170; 190.2; 
567; 0; 1542.2287; 170; 190.4; 
567; 0; 1543.5667; 170; 190.6; 
567; 0; 1543.5684; 170; 190.8; 
567; 0; 1544.9068; 170; 191; 
567; 0; 1544.9086; 170; 191.2; 
567; 0; 1546.2468; 170; 191.4; 
567; 0; 1547.5846; 170; 191.6; 
567; 0; 1547.5855; 170; 191.8; 
567; 0; 1548.9226; 170; 192; 
567; 0; 1550.2594; 170; 192.2; 
567; 0; 1550.2597; 170; 192.4; 
567; 0; 1551.5966; 170; 192.6; 
567; 0; 1551.5971; 170; 192.8; 
567; 0; 1552.9343; 170; 193; 
567; 0; 1552.935; 170; 193.2; 
567; 0; 1554.2724; 170; 193.4; 
567; 0; 1554.2733; 170; 193.6; 
567; 0; 1555.6107; 170; 193.8; 
567; 0; 1555.6117; 170; 194; 
567; 0; 1556.9492; 170; 194.2; 
567; 0; 1556.9502; 170; 194.4; 
567; 0; 1558.2877; 170; 194.6; 
567; 0; 1558.2887; 170; 194.8; 
567; 0; 1558.2896; 170; 195; 
567; 0; 1559.6271; 170; 195.2; 
567; 0; 1559.6281; 170; 195.4; 
567; 0; 1560.9657; 170; 195.6; 
567; 0; 1560.9667; 170; 195.8; 
567; 0; 1560.9677; 170; 196; 
567; 0; 1562.3052; 170; 196.2; 
567; 0; 1562.3062; 170; 196.4; 
567; 0; 1562.3071; 170; 196.6; 
567; 0; 1562.3081; 170; 196.8; 
567; 0; 1563.6455; 170; 197; 
567; 0; 1563.6463; 170; 197.2; 
567; 0; 1563.6471; 170; 197.4; 
567; 0; 1564.9845; 170; 197.6; 
567; 0; 1564.9854; 170; 197.8; 
567; 0; 1564.9863; 170; 198; 
567; 0; 1564.9871; 170; 198.2; 
567; 0; 1566.3244; 170; 198.4; 
567; 0; 1566.3251; 170; 198.6; 
567; 0; 1566.3258; 170; 198.8; 
567; 0; 1566.3265; 170; 199; 
567; 0; 1567.6639; 170; 199.2; 
567; 0; 1567.6649; 170; 199.4; 
567; 0; 1567.6659; 170; 199.6; 
567; 0; 1567.6668; 170; 199.8; 
567; 0; 1567.6677; 170; 200; 
567; 0; 1569.0051; 170; 200.2; 
567; 0; 1569.0059; 170; 200.4; 
567; 0; 1569.0067; 170; 200.6; 
567; 0; 1569.0075; 170; 200.8; 
567; 0; 1569.0083; 170; 201; 
567; 0; 1569.0091; 170; 201.2; 
567; 0; 1570.3464; 170; 201.4; 
567; 0; 1570.3471; 170; 201.6; 
567; 0; 1570.3479; 170; 201.8; 
567; 0; 1570.3486; 170; 202; 
567; 0; 1570.3492; 170; 202.2; 
567; 0; 1570.35; 170; 202.4; 
567; 0; 1571.6873; 170; 202.6; 
567; 0; 1571.6881; 170; 202.8; 
567; 0; 1571.6889; 170; 203; 
567; 0; 1571.6898; 170; 203.2; 
567; 0; 1571.6907; 170; 203.4; 
567; 0; 1571.6916; 170; 203.6; 
567; 0; 1571.6923; 170; 203.8; 
567; 0; 1571.693; 170; 204; 
567; 0; 1573.0302; 170; 204.2; 
567; 0; 1573.0308; 170; 204.4; 
567; 0; 1573.0315; 170; 204.6; 
567; 0; 1573.0324; 170; 204.8; 
567; 0; 1573.0333; 170; 205; 
567; 0; 1573.0342; 170; 205.2; 
567; 0; 1573.0349; 170; 205.4; 
567; 0; 1573.0357; 170; 205.6; 
567; 0; 1573.0365; 170; 205.8; 
567; 0; 1573.0372; 170; 206; 
567; 0; 1574.3745; 170; 206.2; 
567; 0; 1574.3751; 170; 206.4; 
567; 0; 1574.3757; 170; 206.6; 
567; 0; 1574.3762; 170; 206.8; 
567; 0; 1574.3768; 170; 207; 
567; 0; 1574.3775; 170; 207.2; 
567; 0; 1574.3783; 170; 207.4; 
567; 0; 1574.379; 170; 207.6; 
567; 0; 1574.3797; 170; 207.8; 
567; 0; 1574.3805; 170; 208; 
567; 0; 1575.7179; 170; 208.2; 
567; 0; 1575.7186; 170; 208.4; 
567; 0; 1575.7194; 170; 208.6; 
567; 0; 1575.7201; 170; 208.8; 
567; 0; 1575.7209; 170; 209; 
567; 0; 1577.0582; 170; 209.2; 
567; 0; 1577.059; 170; 209.4; 
567; 0; 1577.0597; 170; 209.6; 
567; 0; 1577.0604; 170; 209.8; 
567; 0; 1577.0612; 170; 210; 
567; 0; 1577.0619; 170; 210.2; 
567; 0; 1577.0627; 170; 210.4; 
567; 0; 1578.4; 170; 210.6; 
567; 0; 1578.4007; 170; 210.8; 
567; 0; 1578.4012; 170; 211; 
567; 0; 1578.4017; 170; 211.2; 
567; 0; 1578.4022; 170; 211.4; 
567; 0; 1578.4028; 170; 211.6; 
567; 0; 1578.4034; 170; 211.8; 
567; 0; 1578.4041; 170; 212; 
567; 0; 1578.4049; 170; 212.2; 
567; 0; 1578.4056; 170; 212.4; 
567; 0; 1579.743; 170; 212.6; 
567; 0; 1579.7437; 170; 212.8; 
567; 0; 1579.7444; 170; 213; 
567; 0; 1579.7452; 170; 213.2; 
567; 0; 1579.746; 170; 213.4; 
567; 0; 1579.7467; 170; 213.6; 
567; 0; 1579.7473; 170; 213.8; 
567; 0; 1579.7479; 170; 214; 
567; 0; 1579.7485; 170; 214.2; 
567; 0; 1579.7492; 170; 214.4; 
567; 0; 1579.7499; 170; 214.6; 
567; 0; 1579.7506; 170; 214.8; 
567; 0; 1579.7513; 170; 215; 
567; 0; 1579.7519; 170; 215.2; 
567; 0; 1579.7525; 170; 215.4; 
567; 0; 1579.7532; 170; 215.6; 
567; 0; 1579.7538; 170; 215.8; 
567; 0; 1579.7545; 170; 216; 
567; 0; 1579.7551; 170; 216.2; 
567; 0; 1579.7558; 170; 216.4; 
567; 0; 1579.7564; 170; 216.6; 
567; 0; 1579.7569; 170; 216.8; 
567; 0; 1579.7574; 170; 217; 
567; 0; 1579.7581; 170; 217.2; 
567; 0; 1579.7589; 170; 217.4; 
567; 0; 1579.7596; 170; 217.6; 
567; 0; 1581.0969; 170; 217.8; 
567; 0; 1581.0979; 170; 218; 
567; 0; 1581.0999; 170; 218.2; 
567; 0; 1582.4403; 170; 218.4; 
567; 0; 1582.4468; 170; 218.6; 
567; 0; 1582.4568; 170; 218.8; 
567; 0; 1583.8083; 170; 219; 
567; 0; 1583.8291; 170; 219.2; 
567; 0; 1583.8556; 170; 219.4; 
567; 0; 1583.8859; 170; 219.6; 
567; 0; 1586.5904; 170; 219.8; 
567; 0; 1589.2923; 170; 220; 
567; 0; 1594.6618; 170; 220.2; 
567; 0; 1601.3596; 170; 220.4; 
567; 0; 1609.3843; 170; 220.6; 
567; 0; 1617.4316; 170; 220.8; 
567; 0; 1627.0836; 170; 221; 
567; 0; 1633.9672; 170; 221.2; 
567; 0; 1642.2269; 170; 221.4; 
567; 0; 1647.7232; 170; 221.6; 
567; 0; 1651.8393; 170; 221.8; 
567; 0; 1655.9586; 170; 222; 
567; 0; 1658.7022; 170; 222.2; 
567; 0; 1660.0715; 170; 222.4; 
567; 0; 1661.4476; 170; 222.6; 
567; 0; 1661.4495; 170; 222.8; 
567; 0; 1661.457; 170; 223; 
567; 0; 1661.4687; 170; 223.2; 
567; 0; 1662.8635; 170; 223.4; 
567; 0; 1664.2591; 170; 223.6; 
567; 0; 1665.6538; 170; 223.8; 
567; 0; 1667.0462; 170; 224; 
567; 0; 1669.816; 170; 224.2; 
567; 0; 1672.582; 170; 224.4; 
567; 0; 1676.7246; 170; 224.6; 
567; 0; 1679.482; 170; 224.8; 
567; 0; 1682.2342; 170; 225; 
567; 0; 1684.9812; 170; 225.2; 
567; 0; 1687.7241; 170; 225.4; 
567; 0; 1689.0837; 170; 225.6; 
567; 0; 1689.0622; 170; 225.8; 
567; 0; 1687.6617; 170; 226; 
567; 0; 1686.2649; 170; 226.2; 
567; 0; 1683.4926; 170; 226.4; 
567; 0; 1680.7262; 170; 226.6; 
567; 0; 1677.9658; 170; 226.8; 
567; 0; 1673.8301; 170; 227; 
567; 0; 1669.6984; 170; 227.2; 
567; 0; 1665.5692; 170; 227.4; 
567; 0; 1662.8212; 170; 227.6; 
567; 0; 1660.072; 170; 227.8; 
567; 0; 1657.3206; 170; 228; 
567; 0; 1655.9465; 170; 228.2; 
567; 0; 1653.1883; 170; 228.4; 
567; 0; 1651.8075; 170; 228.6; 
567; 0; 1650.424; 170; 228.8; 
567; 0; 1647.658; 170; 229; 
567; 0; 1646.2716; 170; 229.2; 
567; 0; 1644.8851; 170; 229.4; 
567; 0; 1642.1185; 170; 229.6; 
567; 0; 1639.3531; 170; 229.8; 
567; 0; 1637.9701; 170; 230; 
567; 0; 1635.208; 170; 230.2; 
567; 0; 1632.4474; 170; 230.4; 
567; 0; 1629.6878; 170; 230.6; 
567; 0; 1626.9289; 170; 230.8; 
567; 0; 1625.5511; 170; 231; 
567; 0; 1622.7924; 170; 231.2; 
567; 0; 1621.4141; 170; 231.4; 
567; 0; 1618.6545; 170; 231.6; 
567; 0; 1617.275; 170; 231.8; 
567; 0; 1615.8968; 170; 232; 
567; 0; 1613.2236; 170; 232.2; 
567; 0; 1611.8867; 170; 232.4; 
567; 0; 1610.5494; 170; 232.6; 
567; 0; 1609.2121; 170; 232.8; 
567; 0; 1607.8749; 170; 233; 
567; 0; 1606.5377; 170; 233.2; 
567; 0; 1605.2007; 170; 233.4; 
567; 0; 1603.864; 170; 233.6; 
567; 0; 1602.5277; 170; 233.8; 
567; 0; 1601.1916; 170; 234; 
567; 0; 1599.8557; 170; 234.2; 
567; 0; 1598.5199; 170; 234.4; 
567; 0; 1597.1841; 170; 234.6; 
567; 0; 1595.8484; 170; 234.8; 
567; 0; 1594.5125; 170; 235; 
567; 0; 1593.1764; 170; 235.2; 
567; 0; 1593.1769; 170; 235.4; 
567; 0; 1591.8406; 170; 235.6; 
567; 0; 1590.5042; 170; 235.8; 
567; 0; 1590.5044; 170; 236; 
567; 0; 1589.1681; 170; 236.2; 
567; 0; 1587.8318; 170; 236.4; 
567; 0; 1587.8322; 170; 236.6; 
567; 0; 1586.496; 170; 236.8; 
567; 0; 1586.4963; 170; 237; 
567; 0; 1585.1602; 170; 237.2; 
567; 0; 1585.1606; 170; 237.4; 
567; 0; 1583.8246; 170; 237.6; 
567; 0; 1583.825; 170; 237.8; 
567; 0; 1582.4889; 170; 238; 
567; 0; 1582.4894; 170; 238.2; 
567; 0; 1582.49; 170; 238.4; 
567; 0; 1581.154; 170; 238.6; 
567; 0; 1581.1546; 170; 238.8; 
567; 0; 1581.1552; 170; 239; 
567; 0; 1579.8192; 170; 239.2; 
567; 0; 1579.8197; 170; 239.4; 
567; 0; 1579.8201; 170; 239.6; 
567; 0; 1578.4841; 170; 239.8; 
567; 0; 1578.4846; 170; 240; 
567; 0; 1578.4852; 170; 240.2; 
567; 0; 1578.4857; 170; 240.4; 
567; 0; 1577.1495; 170; 240.6; 
567; 0; 1577.15; 170; 240.8; 
567; 0; 1577.1505; 170; 241; 
567; 0; 1577.1511; 170; 241.2; 
567; 0; 1575.8152; 170; 241.4; 
567; 0; 1575.8158; 170; 241.6; 
567; 0; 1575.8165; 170; 241.8; 
567; 0; 1575.8171; 170; 242; 
567; 0; 1575.8177; 170; 242.2; 
567; 0; 1575.8183; 170; 242.4; 
567; 0; 1575.8189; 170; 242.6; 
567; 0; 1574.4829; 170; 242.8; 
567; 0; 1574.4834; 170; 243; 
567; 0; 1574.4839; 170; 243.2; 
567; 0; 1574.4844; 170; 243.4; 
567; 0; 1574.4849; 170; 243.6; 
567; 0; 1574.4855; 170; 243.8; 
567; 0; 1574.4859; 170; 244; 
567; 0; 1574.4863; 170; 244.2; 
567; 0; 1574.4868; 170; 244.4; 
567; 0; 1574.4874; 170; 244.6; 
567; 0; 1574.4881; 170; 244.8; 
567; 0; 1574.4889; 170; 245; 
567; 0; 1574.4896; 170; 245.2; 
567; 0; 1574.4902; 170; 245.4; 
567; 0; 1573.1543; 170; 245.6; 
567; 0; 1573.1549; 170; 245.8; 
567; 0; 1573.1554; 170; 246; 
567; 0; 1574.4925; 170; 246.2; 
567; 0; 1574.4936; 170; 246.4; 
567; 0; 1575.8324; 170; 246.6; 
567; 0; 1575.8369; 170; 246.8; 
567; 0; 1575.8444; 170; 247; 
567; 0; 1575.8546; 170; 247.2; 
567; 0; 1575.8666; 170; 247.4; 
567; 0; 1575.8786; 170; 247.6; 
567; 0; 1575.8887; 170; 247.8; 
567; 0; 1577.2317; 170; 248; 
567; 0; 1579.9064; 170; 248.2; 
567; 0; 1581.2396; 170; 248.4; 
567; 0; 1582.5685; 170; 248.6; 
567; 0; 1585.231; 170; 248.8; 
567; 0; 1586.5551; 170; 249; 
567; 0; 1587.8789; 170; 249.2; 
567; 0; 1587.8674; 170; 249.4; 
567; 0; 1589.1948; 170; 249.6; 
567; 0; 1589.1886; 170; 249.8; 
567; 0; 1587.849; 170; 250; 
567; 0; 1587.8489; 170; 250.2; 
567; 0; 1587.8512; 170; 250.4; 
567; 0; 1586.5186; 170; 250.6; 
567; 0; 1586.5234; 170; 250.8; 
567; 0; 1586.5282; 170; 251; 
567; 0; 1585.1959; 170; 251.2; 
567; 0; 1585.1995; 170; 251.4; 
567; 0; 1585.202; 170; 251.6; 
567; 0; 1585.2036; 170; 251.8; 
567; 0; 1583.8677; 170; 252; 
567; 0; 1583.8677; 170; 252.2; 
567; 0; 1583.8672; 170; 252.4; 
567; 0; 1583.8666; 170; 252.6; 
567; 0; 1583.8661; 170; 252.8; 
567; 0; 1583.8659; 170; 253; 
567; 0; 1582.5293; 170; 253.2; 
567; 0; 1582.5296; 170; 253.4; 
567; 0; 1582.5302; 170; 253.6; 
567; 0; 1582.531; 170; 253.8; 
567; 0; 1581.1952; 170; 254; 
567; 0; 1581.1961; 170; 254.2; 
567; 0; 1581.1969; 170; 254.4; 
567; 0; 1581.1976; 170; 254.6; 
567; 0; 1581.1984; 170; 254.8; 
567; 0; 1579.8625; 170; 255; 
567; 0; 1579.8633; 170; 255.2; 
567; 0; 1579.8639; 170; 255.4; 
567; 0; 1579.8644; 170; 255.6; 
567; 0; 1579.865; 170; 255.8; 
567; 0; 1579.8654; 170; 256; 
567; 0; 1579.8659; 170; 256.2; 
567; 0; 1578.5297; 170; 256.4; 
567; 0; 1578.5301; 170; 256.6; 
567; 0; 1578.5307; 170; 256.8; 
567; 0; 1578.5312; 170; 257; 
567; 0; 1578.5318; 170; 257.2; 
567; 0; 1578.5323; 170; 257.4; 
567; 0; 1578.5333; 170; 257.6; 
567; 0; 1579.8721; 170; 257.8; 
567; 0; 1579.8763; 170; 258; 
567; 0; 1579.8832; 170; 258.2; 
567; 0; 1579.8942; 170; 258.4; 
567; 0; 1581.2469; 170; 258.6; 
567; 0; 1579.9326; 170; 258.8; 
567; 0; 1581.2969; 170; 259; 
567; 0; 1581.3279; 170; 259.2; 
567; 0; 1584.0321; 170; 259.4; 
567; 0; 1588.0695; 170; 259.6; 
567; 0; 1593.437; 170; 259.8; 
567; 0; 1600.1322; 170; 260; 
567; 0; 1608.154; 170; 260.2; 
567; 0; 1617.529; 170; 260.4; 
567; 0; 1625.7979; 170; 260.6; 
567; 0; 1632.6797; 170; 260.8; 
567; 0; 1639.5578; 170; 261; 
567; 0; 1645.054; 170; 261.2; 
567; 0; 1650.5516; 170; 261.4; 
567; 0; 1653.2916; 170; 261.6; 
567; 0; 1656.0372; 170; 261.8; 
567; 0; 1657.4087; 170; 262; 
567; 0; 1657.4063; 170; 262.2; 
567; 0; 1657.4102; 170; 262.4; 
567; 0; 1658.7999; 170; 262.6; 
567; 0; 1658.8125; 170; 262.8; 
567; 0; 1660.2075; 170; 263; 
567; 0; 1661.6025; 170; 263.2; 
567; 0; 1662.9961; 170; 263.4; 
567; 0; 1665.7677; 170; 263.6; 
567; 0; 1667.1551; 170; 263.8; 
567; 0; 1671.3003; 170; 264; 
567; 0; 1674.0612; 170; 264.2; 
567; 0; 1676.819; 170; 264.4; 
567; 0; 1679.5747; 170; 264.6; 
567; 0; 1680.9483; 170; 264.8; 
567; 0; 1682.3216; 170; 265; 
567; 0; 1685.0761; 170; 265.2; 
567; 0; 1685.0704; 170; 265.4; 
567; 0; 1686.447; 170; 265.6; 
567; 0; 1686.445; 170; 265.8; 
567; 0; 1686.4449; 170; 266; 
567; 0; 1686.4467; 170; 266.2; 
567; 0; 1686.45; 170; 266.4; 
567; 0; 1686.4542; 170; 266.6; 
567; 0; 1687.8395; 170; 266.8; 
567; 0; 1687.8439; 170; 267; 
567; 0; 1687.8478; 170; 267.2; 
567; 0; 1689.2316; 170; 267.4; 
567; 0; 1689.2335; 170; 267.6; 
567; 0; 1690.615; 170; 267.8; 
567; 0; 1691.9951; 170; 268; 
567; 0; 1693.373; 170; 268.2; 
567; 0; 1694.7477; 170; 268.4; 
567; 0; 1694.738; 170; 268.6; 
567; 0; 1696.1052; 170; 268.8; 
567; 0; 1696.0888; 170; 269; 
567; 0; 1694.6902; 170; 269.2; 
567; 0; 1693.292; 170; 269.4; 
567; 0; 1691.896; 170; 269.6; 
567; 0; 1687.7425; 170; 269.8; 
567; 0; 1684.9745; 170; 270; 
567; 0; 1680.8309; 170; 270.2; 
567; 0; 1676.6922; 170; 270.4; 
567; 0; 1672.5575; 170; 270.6; 
567; 0; 1667.0448; 170; 270.8; 
567; 0; 1662.9139; 170; 271; 
567; 0; 1660.1634; 170; 271.2; 
567; 0; 1656.0307; 170; 271.4; 
567; 0; 1653.2764; 170; 271.6; 
567; 0; 1650.5194; 170; 271.8; 
567; 0; 1647.7597; 170; 272; 
567; 0; 1644.9975; 170; 272.2; 
567; 0; 1643.6142; 170; 272.4; 
567; 0; 1640.8491; 170; 272.6; 
567; 0; 1638.0836; 170; 272.8; 
567; 0; 1635.3182; 170; 273; 
567; 0; 1633.9343; 170; 273.2; 
567; 0; 1631.1707; 170; 273.4; 
567; 0; 1628.4082; 170; 273.6; 
567; 0; 1625.647; 170; 273.8; 
567; 0; 1622.8868; 170; 274; 
567; 0; 1620.1272; 170; 274.2; 
567; 0; 1617.368; 170; 274.4; 
567; 0; 1615.9973; 170; 274.6; 
567; 0; 1613.3263; 170; 274.8; 
567; 0; 1611.9915; 170; 275; 
567; 0; 1609.3195; 170; 275.2; 
567; 0; 1607.9835; 170; 275.4; 
567; 0; 1606.6469; 170; 275.6; 
567; 0; 1605.3099; 170; 275.8; 
567; 0; 1603.9726; 170; 276; 
567; 0; 1602.6352; 170; 276.2; 
567; 0; 1601.2979; 170; 276.4; 
567; 0; 1599.9609; 170; 276.6; 
567; 0; 1598.6242; 170; 276.8; 
567; 0; 1597.2878; 170; 277; 
567; 0; 1595.9516; 170; 277.2; 
567; 0; 1594.6157; 170; 277.4; 
567; 0; 1593.2799; 170; 277.6; 
567; 0; 1591.9442; 170; 277.8; 
567; 0; 1590.6083; 170; 278; 
567; 0; 1589.2723; 170; 278.2; 
567; 0; 1589.2727; 170; 278.4; 
567; 0; 1587.9364; 170; 278.6; 
567; 0; 1586.6; 170; 278.8; 
567; 0; 1586.6; 170; 279; 
567; 0; 1585.2635; 170; 279.2; 
567; 0; 1583.927; 170; 279.4; 
567; 0; 1583.9272; 170; 279.6; 
567; 0; 1582.591; 170; 279.8; 
567; 0; 1582.5913; 170; 280; 
567; 0; 1581.255; 170; 280.2; 
567; 0; 1581.2554; 170; 280.4; 
567; 0; 1579.9192; 170; 280.6; 
567; 0; 1579.9196; 170; 280.8; 
567; 0; 1579.9199; 170; 281; 
567; 0; 1578.5837; 170; 281.2; 
567; 0; 1578.584; 170; 281.4; 
567; 0; 1577.2478; 170; 281.6; 
567; 0; 1577.2482; 170; 281.8; 
567; 0; 1577.2485; 170; 282; 
567; 0; 1577.2488; 170; 282.2; 
567; 0; 1575.9126; 170; 282.4; 
567; 0; 1575.9131; 170; 282.6; 
567; 0; 1575.9135; 170; 282.8; 
567; 0; 1575.914; 170; 283; 
567; 0; 1574.578; 170; 283.2; 
567; 0; 1574.5785; 170; 283.4; 
567; 0; 1574.579; 170; 283.6; 
567; 0; 1574.5794; 170; 283.8; 
567; 0; 1574.5797; 170; 284; 
567; 0; 1573.2434; 170; 284.2; 
567; 0; 1573.2437; 170; 284.4; 
567; 0; 1573.244; 170; 284.6; 
567; 0; 1573.2444; 170; 284.8; 
567; 0; 1573.2447; 170; 285; 
567; 0; 1573.2452; 170; 285.2; 
567; 0; 1573.2456; 170; 285.4; 
567; 0; 1573.246; 170; 285.6; 
567; 0; 1573.2463; 170; 285.8; 
567; 0; 1573.2468; 170; 286; 
567; 0; 1571.9107; 170; 286.2; 
567; 0; 1571.9112; 170; 286.4; 
567; 0; 1571.9117; 170; 286.6; 
567; 0; 1571.9121; 170; 286.8; 
567; 0; 1571.9125; 170; 287; 
567; 0; 1571.913; 170; 287.2; 
567; 0; 1571.9135; 170; 287.4; 
567; 0; 1571.9139; 170; 287.6; 
567; 0; 1571.9144; 170; 287.8; 
567; 0; 1571.9149; 170; 288; 
567; 0; 1571.9153; 170; 288.2; 
567; 0; 1573.2526; 170; 288.4; 
567; 0; 1573.2535; 170; 288.6; 
567; 0; 1573.255; 170; 288.8; 
567; 0; 1573.2571; 170; 289; 
567; 0; 1573.2595; 170; 289.2; 
567; 0; 1573.262; 170; 289.4; 
567; 0; 1573.2643; 170; 289.6; 
567; 0; 1573.2659; 170; 289.8; 
567; 0; 1574.6032; 170; 290; 
567; 0; 1574.6029; 170; 290.2; 
567; 0; 1574.6017; 170; 290.4; 
567; 0; 1574.5999; 170; 290.6; 
567; 0; 1575.9345; 170; 290.8; 
567; 0; 1575.9325; 170; 291; 
567; 0; 1575.9308; 170; 291.2; 
567; 0; 1575.9295; 170; 291.4; 
567; 0; 1575.9288; 170; 291.6; 
567; 0; 1575.9287; 170; 291.8; 
567; 0; 1575.9293; 170; 292; 
567; 0; 1575.9301; 170; 292.2; 
567; 0; 1575.9313; 170; 292.4; 
567; 0; 1575.9326; 170; 292.6; 
567; 0; 1574.5973; 170; 292.8; 
567; 0; 1574.5985; 170; 293; 
567; 0; 1574.5996; 170; 293.2; 
567; 0; 1574.6005; 170; 293.4; 
567; 0; 1574.6013; 170; 293.6; 
567; 0; 1574.6019; 170; 293.8; 
567; 0; 1574.6023; 170; 294; 
567; 0; 1574.6027; 170; 294.2; 
567; 0; 1574.6031; 170; 294.4; 
567; 0; 1574.6034; 170; 294.6; 
567; 0; 1574.6038; 170; 294.8; 
567; 0; 1574.6043; 170; 295; 
567; 0; 1574.6048; 170; 295.2; 
567; 0; 1574.6051; 170; 295.4; 
567; 0; 1574.6054; 170; 295.6; 
567; 0; 1574.6057; 170; 295.8; 
567; 0; 1574.6062; 170; 296; 
567; 0; 1574.6068; 170; 296.2; 
567; 0; 1574.6074; 170; 296.4; 
567; 0; 1574.6079; 170; 296.6; 
567; 0; 1574.6084; 170; 296.8; 
567; 0; 1574.6088; 170; 297; 
567; 0; 1574.6093; 170; 297.2; 
567; 0; 1574.6097; 170; 297.4; 
567; 0; 1574.6101; 170; 297.6; 
567; 0; 1574.6104; 170; 297.8; 
567; 0; 1574.6107; 170; 298; 
567; 0; 1575.9481; 170; 298.2; 
567; 0; 1575.9503; 170; 298.4; 
567; 0; 1575.955; 170; 298.6; 
567; 0; 1577.3; 170; 298.8; 
567; 0; 1577.3131; 170; 299; 
567; 0; 1577.3321; 170; 299.2; 
567; 0; 1577.3571; 170; 299.4; 
567; 0; 1578.7232; 170; 299.6; 
567; 0; 1580.0909; 170; 299.8; 
567; 0; 1584.1301; 170; 300; 
567; 0; 1588.1643; 170; 300.2; 
567; 0; 1594.8637; 170; 300.4; 
567; 0; 1602.8902; 170; 300.6; 
567; 0; 1610.9067; 170; 300.8; 
567; 0; 1618.98; 170; 301; 
567; 0; 1627.2456; 170; 301.2; 
567; 0; 1634.1254; 170; 301.4; 
567; 0; 1639.6222; 170; 301.6; 
567; 0; 1645.1193; 170; 301.8; 
567; 0; 1647.858; 170; 302; 
567; 0; 1650.6014; 170; 302.2; 
567; 0; 1653.351; 170; 302.4; 
567; 0; 1653.3459; 170; 302.6; 
567; 0; 1654.728; 170; 302.8; 
567; 0; 1654.7349; 170; 303; 
567; 0; 1654.7459; 170; 303.2; 
567; 0; 1656.1399; 170; 303.4; 
567; 0; 1657.5347; 170; 303.6; 
567; 0; 1658.9286; 170; 303.8; 
567; 0; 1660.3202; 170; 304; 
567; 0; 1663.0894; 170; 304.2; 
567; 0; 1665.855; 170; 304.4; 
567; 0; 1669.9976; 170; 304.6; 
567; 0; 1672.7563; 170; 304.8; 
567; 0; 1675.5125; 170; 305; 
567; 0; 1676.8863; 170; 305.2; 
567; 0; 1679.6403; 170; 305.4; 
567; 0; 1681.0138; 170; 305.6; 
567; 0; 1682.3884; 170; 305.8; 
567; 0; 1682.3838; 170; 306; 
567; 0; 1682.3813; 170; 306.2; 
567; 0; 1683.7615; 170; 306.4; 
567; 0; 1683.7628; 170; 306.6; 
567; 0; 1683.7657; 170; 306.8; 
567; 0; 1683.7696; 170; 307; 
567; 0; 1683.7741; 170; 307.2; 
567; 0; 1683.7786; 170; 307.4; 
567; 0; 1685.1633; 170; 307.6; 
567; 0; 1685.1664; 170; 307.8; 
567; 0; 1686.5491; 170; 308; 
567; 0; 1687.9308; 170; 308.2; 
567; 0; 1687.9306; 170; 308.4; 
567; 0; 1689.3103; 170; 308.6; 
567; 0; 1689.3086; 170; 308.8; 
567; 0; 1690.6872; 170; 309; 
567; 0; 1690.685; 170; 309.2; 
567; 0; 1690.6829; 170; 309.4; 
567; 0; 1690.6813; 170; 309.6; 
567; 0; 1690.6804; 170; 309.8; 
567; 0; 1690.68; 170; 310; 
567; 0; 1690.6803; 170; 310.2; 
567; 0; 1690.6811; 170; 310.4; 
567; 0; 1690.6824; 170; 310.6; 
567; 0; 1690.684; 170; 310.8; 
567; 0; 1690.6857; 170; 311; 
567; 0; 1690.6874; 170; 311.2; 
567; 0; 1690.6887; 170; 311.4; 
567; 0; 1690.6897; 170; 311.6; 
567; 0; 1692.071; 170; 311.8; 
567; 0; 1692.0712; 170; 312; 
567; 0; 1692.0711; 170; 312.2; 
567; 0; 1692.0708; 170; 312.4; 
567; 0; 1692.0702; 170; 312.6; 
567; 0; 1692.0696; 170; 312.8; 
567; 0; 1692.069; 170; 313; 
567; 0; 1692.0685; 170; 313.2; 
567; 0; 1692.0682; 170; 313.4; 
567; 0; 1692.0678; 170; 313.6; 
567; 0; 1692.0663; 170; 313.8; 
567; 0; 1693.4432; 170; 314; 
567; 0; 1693.4357; 170; 314.2; 
567; 0; 1693.4242; 170; 314.4; 
567; 0; 1693.409; 170; 314.6; 
567; 0; 1692.0108; 170; 314.8; 
567; 0; 1690.6122; 170; 315; 
567; 0; 1687.8346; 170; 315.2; 
567; 0; 1683.6796; 170; 315.4; 
567; 0; 1680.91; 170; 315.6; 
567; 0; 1676.7648; 170; 315.8; 
567; 0; 1671.2439; 170; 316; 
567; 0; 1667.1077; 170; 316.2; 
567; 0; 1662.9746; 170; 316.4; 
567; 0; 1657.4622; 170; 316.6; 
567; 0; 1653.3307; 170; 316.8; 
567; 0; 1649.1981; 170; 317; 
567; 0; 1646.4442; 170; 317.2; 
567; 0; 1643.6878; 170; 317.4; 
567; 0; 1639.548; 170; 317.6; 
567; 0; 1636.7866; 170; 317.8; 
567; 0; 1634.0235; 170; 318; 
567; 0; 1631.2593; 170; 318.2; 
567; 0; 1629.8754; 170; 318.4; 
567; 0; 1627.1109; 170; 318.6; 
567; 0; 1624.347; 170; 318.8; 
567; 0; 1621.5839; 170; 319; 
567; 0; 1618.8217; 170; 319.2; 
567; 0; 1616.0727; 170; 319.4; 
567; 0; 1613.4004; 170; 319.6; 
567; 0; 1610.7287; 170; 319.8; 
567; 0; 1608.0573; 170; 320; 
567; 0; 1606.7225; 170; 320.2; 
567; 0; 1604.0512; 170; 320.4; 
567; 0; 1602.7162; 170; 320.6; 
567; 0; 1601.3807; 170; 320.8; 
567; 0; 1598.7082; 170; 321; 
567; 0; 1597.3718; 170; 321.2; 
567; 0; 1596.0352; 170; 321.4; 
567; 0; 1594.6985; 170; 321.6; 
567; 0; 1593.3616; 170; 321.8; 
567; 0; 1592.0246; 170; 322; 
567; 0; 1590.6877; 170; 322.2; 
567; 0; 1589.3509; 170; 322.4; 
567; 0; 1588.0143; 170; 322.6; 
567; 0; 1586.6779; 170; 322.8; 
567; 0; 1585.3416; 170; 323; 
567; 0; 1584.0055; 170; 323.2; 
567; 0; 1582.6694; 170; 323.4; 
567; 0; 1582.6698; 170; 323.6; 
567; 0; 1581.3336; 170; 323.8; 
567; 0; 1579.9974; 170; 324; 
567; 0; 1579.9977; 170; 324.2; 
567; 0; 1578.6614; 170; 324.4; 
567; 0; 1578.6617; 170; 324.6; 
567; 0; 1577.3255; 170; 324.8; 
567; 0; 1577.3258; 170; 325; 
567; 0; 1575.9894; 170; 325.2; 
567; 0; 1575.9897; 170; 325.4; 
567; 0; 1574.6534; 170; 325.6; 
567; 0; 1574.6537; 170; 325.8; 
567; 0; 1574.654; 170; 326; 
567; 0; 1573.3177; 170; 326.2; 
567; 0; 1573.318; 170; 326.4; 
567; 0; 1573.3183; 170; 326.6; 
567; 0; 1571.9819; 170; 326.8; 
567; 0; 1571.9821; 170; 327; 
567; 0; 1571.9823; 170; 327.2; 
567; 0; 1571.9826; 170; 327.4; 
567; 0; 1570.6463; 170; 327.6; 
567; 0; 1570.6467; 170; 327.8; 
567; 0; 1570.6471; 170; 328; 
567; 0; 1570.6476; 170; 328.2; 
567; 0; 1570.6479; 170; 328.4; 
567; 0; 1570.6483; 170; 328.6; 
567; 0; 1569.312; 170; 328.8; 
567; 0; 1569.3124; 170; 329; 
567; 0; 1569.3126; 170; 329.2; 
567; 0; 1569.3129; 170; 329.4; 
567; 0; 1569.3133; 170; 329.6; 
567; 0; 1569.3138; 170; 329.8; 
567; 0; 1569.3142; 170; 330; 
567; 0; 1569.3147; 170; 330.2; 
567; 0; 1569.3152; 170; 330.4; 
567; 0; 1569.3157; 170; 330.6; 
567; 0; 1569.3161; 170; 330.8; 
567; 0; 1569.3164; 170; 331; 
567; 0; 1567.9801; 170; 331.2; 
567; 0; 1567.9803; 170; 331.4; 
567; 0; 1567.9806; 170; 331.6; 
567; 0; 1567.9807; 170; 331.8; 
567; 0; 1567.981; 170; 332; 
567; 0; 1567.9814; 170; 332.2; 
567; 0; 1567.9818; 170; 332.4; 
567; 0; 1567.9823; 170; 332.6; 
567; 0; 1567.9827; 170; 332.8; 
567; 0; 1567.9829; 170; 333; 
567; 0; 1567.9832; 170; 333.2; 
567; 0; 1567.9834; 170; 333.4; 
567; 0; 1569.3202; 170; 333.6; 
567; 0; 1569.3206; 170; 333.8; 
567; 0; 1569.321; 170; 334; 
567; 0; 1569.3215; 170; 334.2; 
567; 0; 1569.3221; 170; 334.4; 
567; 0; 1569.3226; 170; 334.6; 
567; 0; 1569.323; 170; 334.8; 
567; 0; 1569.3234; 170; 335; 
567; 0; 1569.3236; 170; 335.2; 
567; 0; 1569.3238; 170; 335.4; 
567; 0; 1569.3241; 170; 335.6; 
567; 0; 1569.3245; 170; 335.8; 
567; 0; 1569.3248; 170; 336; 
567; 0; 1569.3252; 170; 336.2; 
567; 0; 1569.3256; 170; 336.4; 
567; 0; 1569.3259; 170; 336.6; 
567; 0; 1569.3264; 170; 336.8; 
567; 0; 1569.3268; 170; 337; 
567; 0; 1569.3271; 170; 337.2; 
567; 0; 1569.3275; 170; 337.4; 
567; 0; 1569.3279; 170; 337.6; 
567; 0; 1569.3282; 170; 337.8; 
567; 0; 1569.3285; 170; 338; 
567; 0; 1569.3289; 170; 338.2; 
567; 0; 1569.3293; 170; 338.4; 
567; 0; 1569.3296; 170; 338.6; 
567; 0; 1570.6664; 170; 338.8; 
567; 0; 1570.6666; 170; 339; 
567; 0; 1570.6668; 170; 339.2; 
567; 0; 1570.6671; 170; 339.4; 
567; 0; 1570.6674; 170; 339.6; 
567; 0; 1570.6677; 170; 339.8; 
567; 0; 1570.6681; 170; 340; 
567; 0; 1570.6684; 170; 340.2; 
567; 0; 1570.6687; 170; 340.4; 
567; 0; 1570.6691; 170; 340.6; 
567; 0; 1570.6696; 170; 340.8; 
567; 0; 1570.6701; 170; 341; 
567; 0; 1570.6706; 170; 341.2; 
567; 0; 1570.671; 170; 341.4; 
567; 0; 1570.6713; 170; 341.6; 
567; 0; 1570.6717; 170; 341.8; 
567; 0; 1570.672; 170; 342; 
567; 0; 1570.6724; 170; 342.2; 
567; 0; 1572.0093; 170; 342.4; 
567; 0; 1572.0096; 170; 342.6; 
567; 0; 1572.0099; 170; 342.8; 
567; 0; 1572.0102; 170; 343; 
567; 0; 1572.0105; 170; 343.2; 
567; 0; 1573.3475; 170; 343.4; 
567; 0; 1573.3478; 170; 343.6; 
567; 0; 1574.6851; 170; 343.8; 
567; 0; 1574.6868; 170; 344; 
567; 0; 1576.0271; 170; 344.2; 
567; 0; 1576.0337; 170; 344.4; 
567; 0; 1577.3807; 170; 344.6; 
567; 0; 1577.3963; 170; 344.8; 
567; 0; 1577.4179; 170; 345; 
567; 0; 1577.4451; 170; 345.2; 
567; 0; 1578.8121; 170; 345.4; 
567; 0; 1581.5158; 170; 345.6; 
567; 0; 1585.5527; 170; 345.8; 
567; 0; 1590.9197; 170; 346; 
567; 0; 1597.6146; 170; 346.2; 
567; 0; 1605.6361; 170; 346.4; 
567; 0; 1613.6478; 170; 346.6; 
567; 0; 1621.8014; 170; 346.8; 
567; 0; 1630.064; 170; 347; 
567; 0; 1635.5615; 170; 347.2; 
567; 0; 1641.0581; 170; 347.4; 
567; 0; 1645.1757; 170; 347.6; 
567; 0; 1647.9166; 170; 347.8; 
567; 0; 1650.6631; 170; 348; 
567; 0; 1652.0356; 170; 348.2; 
567; 0; 1652.0341; 170; 348.4; 
567; 0; 1653.4195; 170; 348.6; 
567; 0; 1653.4288; 170; 348.8; 
567; 0; 1653.4413; 170; 349; 
567; 0; 1654.8359; 170; 349.2; 
567; 0; 1656.2301; 170; 349.4; 
567; 0; 1657.6225; 170; 349.6; 
567; 0; 1660.3926; 170; 349.8; 
567; 0; 1663.1593; 170; 350; 
567; 0; 1665.9225; 170; 350.2; 
567; 0; 1668.6822; 170; 350.4; 
567; 0; 1671.4391; 170; 350.6; 
567; 0; 1674.1941; 170; 350.8; 
567; 0; 1675.5675; 170; 351; 
567; 0; 1676.9408; 170; 351.2; 
567; 0; 1678.3149; 170; 351.4; 
567; 0; 1679.69; 170; 351.6; 
567; 0; 1679.6848; 170; 351.8; 
567; 0; 1681.0603; 170; 352; 
567; 0; 1681.0546; 170; 352.2; 
567; 0; 1681.0481; 170; 352.4; 
567; 0; 1681.0409; 170; 352.6; 
567; 0; 1679.6524; 170; 352.8; 
567; 0; 1679.6447; 170; 353; 
567; 0; 1678.2569; 170; 353.2; 
567; 0; 1675.4896; 170; 353.4; 
567; 0; 1674.1048; 170; 353.6; 
567; 0; 1671.3411; 170; 353.8; 
567; 0; 1668.5795; 170; 354; 
567; 0; 1665.8198; 170; 354.2; 
567; 0; 1661.6808; 170; 354.4; 
567; 0; 1658.9235; 170; 354.6; 
567; 0; 1656.1666; 170; 354.8; 
567; 0; 1653.4095; 170; 355; 
567; 0; 1650.6518; 170; 355.2; 
567; 0; 1649.2737; 170; 355.4; 
567; 0; 1646.5137; 170; 355.6; 
567; 0; 1643.7525; 170; 355.8; 
567; 0; 1642.3709; 170; 356; 
567; 0; 1639.6078; 170; 356.2; 
567; 0; 1638.225; 170; 356.4; 
567; 0; 1635.4613; 170; 356.6; 
567; 0; 1632.6977; 170; 356.8; 
567; 0; 1631.3153; 170; 357; 
567; 0; 1628.5526; 170; 357.2; 
567; 0; 1625.7907; 170; 357.4; 
567; 0; 1624.41; 170; 357.6; 
567; 0; 1621.6489; 170; 357.8; 
567; 0; 1620.2689; 170; 358; 
567; 0; 1617.5083; 170; 358.2; 
567; 0; 1616.145; 170; 358.4; 
567; 0; 1613.4727; 170; 358.6; 
567; 0; 1612.1367; 170; 358.8; 
567; 0; 1610.8004; 170; 359; 
567; 0; 1609.4638; 170; 359.2; 
567; 0; 1606.7903; 170; 359.4; 
567; 0; 1605.4533; 170; 359.6; 
567; 0; 1604.1162; 170; 359.8; 
567; 0; 1602.7791; 170; 360; 
567; 0; 1601.4421; 170; 360.2; 
567; 0; 1600.1051; 170; 360.4; 
567; 0; 1598.7683; 170; 360.6; 
567; 0; 1597.4315; 170; 360.8; 
567; 0; 1596.0949; 170; 361; 
567; 0; 1594.7584; 170; 361.2; 
567; 0; 1593.422; 170; 361.4; 
567; 0; 1593.4222; 170; 361.6; 
567; 0; 1592.0859; 170; 361.8; 
567; 0; 1590.7495; 170; 362; 
567; 0; 1589.413; 170; 362.2; 
567; 0; 1588.0766; 170; 362.4; 
567; 0; 1588.0768; 170; 362.6; 
567; 0; 1586.7403; 170; 362.8; 
567; 0; 1586.7404; 170; 363; 
567; 0; 1585.4038; 170; 363.2; 
567; 0; 1584.0672; 170; 363.4; 
567; 0; 1584.0672; 170; 363.6; 
567; 0; 1582.7305; 170; 363.8; 
567; 0; 1582.7305; 170; 364; 
567; 0; 1581.394; 170; 364.2; 
567; 0; 1581.3942; 170; 364.4; 
567; 0; 1580.0579; 170; 364.6; 
567; 0; 1580.0582; 170; 364.8; 
567; 0; 1578.7219; 170; 365; 
567; 0; 1578.7221; 170; 365.2; 
567; 0; 1578.7222; 170; 365.4; 
567; 0; 1577.3857; 170; 365.6; 
567; 0; 1577.3857; 170; 365.8; 
567; 0; 1577.3857; 170; 366; 
567; 0; 1576.0491; 170; 366.2; 
567; 0; 1576.0493; 170; 366.4; 
567; 0; 1576.0494; 170; 366.6; 
567; 0; 1574.713; 170; 366.8; 
567; 0; 1574.7132; 170; 367; 
567; 0; 1574.7134; 170; 367.2; 
567; 0; 1574.7137; 170; 367.4; 
567; 0; 1573.3776; 170; 367.6; 
567; 0; 1573.3781; 170; 367.8; 
567; 0; 1573.3786; 170; 368; 
567; 0; 1573.3788; 170; 368.2; 
567; 0; 1572.0424; 170; 368.4; 
567; 0; 1572.0425; 170; 368.6; 
567; 0; 1572.0428; 170; 368.8; 
567; 0; 1572.043; 170; 369; 
567; 0; 1572.0433; 170; 369.2; 
567; 0; 1572.0435; 170; 369.4; 
567; 0; 1572.0437; 170; 369.6; 
567; 0; 1570.7072; 170; 369.8; 
567; 0; 1570.7074; 170; 370; 
567; 0; 1570.7077; 170; 370.2; 
567; 0; 1570.7081; 170; 370.4; 
567; 0; 1570.7084; 170; 370.6; 
567; 0; 1570.7088; 170; 370.8; 
567; 0; 1570.7091; 170; 371; 
567; 0; 1570.7094; 170; 371.2; 
567; 0; 1570.7096; 170; 371.4; 
567; 0; 1570.7098; 170; 371.6; 
567; 0; 1570.71; 170; 371.8; 
567; 0; 1570.7103; 170; 372; 
567; 0; 1570.7105; 170; 372.2; 
567; 0; 1570.7107; 170; 372.4; 
567; 0; 1569.3743; 170; 372.6; 
567; 0; 1569.3745; 170; 372.8; 
567; 0; 1569.3748; 170; 373; 
567; 0; 1569.3751; 170; 373.2; 
567; 0; 1569.3756; 170; 373.4; 
567; 0; 1569.3761; 170; 373.6; 
567; 0; 1569.3766; 170; 373.8; 
567; 0; 1569.3769; 170; 374; 
567; 0; 1569.3772; 170; 374.2; 
567; 0; 1569.3774; 170; 374.4; 
567; 0; 1569.3775; 170; 374.6; 
567; 0; 1569.3776; 170; 374.8; 
567; 0; 1569.3778; 170; 375; 
567; 0; 1569.3782; 170; 375.2; 
567; 0; 1569.3785; 170; 375.4; 
567; 0; 1569.3787; 170; 375.6; 
567; 0; 1569.3789; 170; 375.8; 
567; 0; 1569.3791; 170; 376; 
567; 0; 1569.3794; 170; 376.2; 
567; 0; 1569.3798; 170; 376.4; 
567; 0; 1569.3802; 170; 376.6; 
567; 0; 1569.3805; 170; 376.8; 
567; 0; 1569.3808; 170; 377; 
567; 0; 1570.7175; 170; 377.2; 
567; 0; 1570.7177; 170; 377.4; 
567; 0; 1570.7179; 170; 377.6; 
567; 0; 1570.7181; 170; 377.8; 
567; 0; 1570.7185; 170; 378; 
567; 0; 1570.7189; 170; 378.2; 
567; 0; 1570.7193; 170; 378.4; 
567; 0; 1570.7196; 170; 378.6; 
567; 0; 1570.7199; 170; 378.8; 
567; 0; 1572.0566; 170; 379; 
567; 0; 1572.0567; 170; 379.2; 
567; 0; 1572.0569; 170; 379.4; 
567; 0; 1572.057; 170; 379.6; 
567; 0; 1572.0573; 170; 379.8; 
567; 0; 1572.0576; 170; 380; 
567; 0; 1572.0581; 170; 380.2; 
567; 0; 1573.3953; 170; 380.4; 
567; 0; 1573.3959; 170; 380.6; 
567; 0; 1573.3963; 170; 380.8; 
567; 0; 1573.3967; 170; 381; 
567; 0; 1573.397; 170; 381.2; 
567; 0; 1573.3972; 170; 381.4; 
567; 0; 1573.3973; 170; 381.6; 
567; 0; 1574.734; 170; 381.8; 
567; 0; 1574.7342; 170; 382; 
567; 0; 1574.7344; 170; 382.2; 
567; 0; 1574.7347; 170; 382.4; 
567; 0; 1574.7349; 170; 382.6; 
567; 0; 1574.7352; 170; 382.8; 
567; 0; 1574.7354; 170; 383; 
567; 0; 1574.7357; 170; 383.2; 
567; 0; 1574.7359; 170; 383.4; 
567; 0; 1574.7362; 170; 383.6; 
567; 0; 1574.7364; 170; 383.8; 
567; 0; 1574.7366; 170; 384; 
567; 0; 1574.7368; 170; 384.2; 
567; 0; 1574.7372; 170; 384.4; 
567; 0; 1574.7376; 170; 384.6; 
567; 0; 1574.7379; 170; 384.8; 
567; 0; 1574.7382; 170; 385; 
567; 0; 1574.7385; 170; 385.2; 
567; 0; 1574.7388; 170; 385.4; 
567; 0; 1576.0756; 170; 385.6; 
567; 0; 1576.0757; 170; 385.8; 
567; 0; 1576.0759; 170; 386; 
567; 0; 1576.0761; 170; 386.2; 
567; 0; 1576.0763; 170; 386.4; 
567; 0; 1576.0765; 170; 386.6; 
567; 0; 1576.0768; 170; 386.8; 
567; 0; 1576.0772; 170; 387; 
567; 0; 1576.0775; 170; 387.2; 
567; 0; 1576.0778; 170; 387.4; 
567; 0; 1576.078; 170; 387.6; 
567; 0; 1576.0781; 170; 387.8; 
567; 0; 1576.0783; 170; 388; 
567; 0; 1576.0785; 170; 388.2; 
567; 0; 1576.0788; 170; 388.4; 
567; 0; 1576.079; 170; 388.6; 
567; 0; 1576.0793; 170; 388.8; 
567; 0; 1576.0795; 170; 389; 
567; 0; 1576.0797; 170; 389.2; 
567; 0; 1576.08; 170; 389.4; 
567; 0; 1576.0804; 170; 389.6; 
567; 0; 1576.0807; 170; 389.8; 
567; 0; 1574.7445; 170; 390; 
567; 0; 1574.7449; 170; 390.2; 
567; 0; 1574.7452; 170; 390.4; 
567; 0; 1574.7453; 170; 390.6; 
567; 0; 1574.7456; 170; 390.8; 
567; 0; 1574.746; 170; 391; 
567; 0; 1574.7463; 170; 391.2; 
567; 0; 1574.7465; 170; 391.4; 
567; 0; 1574.7466; 170; 391.6; 
567; 0; 1574.7467; 170; 391.8; 
567; 0; 1576.0834; 170; 392; 
567; 0; 1576.0834; 170; 392.2; 
567; 0; 1576.0835; 170; 392.4; 
567; 0; 1576.0837; 170; 392.6; 
567; 0; 1576.0841; 170; 392.8; 
567; 0; 1576.0844; 170; 393; 
567; 0; 1576.0846; 170; 393.2; 
567; 0; 1576.0848; 170; 393.4; 
567; 0; 1576.085; 170; 393.6; 
567; 0; 1576.0852; 170; 393.8; 
567; 0; 1576.0856; 170; 394; 
567; 0; 1576.0859; 170; 394.2; 
567; 0; 1576.0862; 170; 394.4; 
567; 0; 1576.0865; 170; 394.6; 
567; 0; 1574.7501; 170; 394.8; 
567; 0; 1574.7504; 170; 395; 
567; 0; 1574.7506; 170; 395.2; 
567; 0; 1574.7507; 170; 395.4; 
567; 0; 1574.7508; 170; 395.6; 
567; 0; 1574.751; 170; 395.8; 
567; 0; 1574.7512; 170; 396; 
567; 0; 1574.7515; 170; 396.2; 
567; 0; 1574.7518; 170; 396.4; 
567; 0; 1574.7522; 170; 396.6; 
567; 0; 1574.7525; 170; 396.8; 
567; 0; 1574.7528; 170; 397; 
567; 0; 1574.753; 170; 397.2; 
567; 0; 1574.7532; 170; 397.4; 
567; 0; 1574.7535; 170; 397.6; 
567; 0; 1574.7538; 170; 397.8; 
567; 0; 1576.0906; 170; 398; 
567; 0; 1576.0908; 170; 398.2; 
567; 0; 1576.091; 170; 398.4; 
567; 0; 1576.0912; 170; 398.6; 
567; 0; 1576.0915; 170; 398.8; 
567; 0; 1576.0918; 170; 399; 
567; 0; 1576.0919; 170; 399.2; 
567; 0; 1576.0918; 170; 399.4; 
567; 0; 1576.0917; 170; 399.6; 
567; 0; 1576.0918; 170; 399.8; 
567; 0; 1576.0921; 170; 400; 
567; 0; 1576.0925; 170; 400.2; 
567; 0; 1574.7563; 170; 400.4; 
567; 0; 1574.7567; 170; 400.6; 
567; 0; 1574.7571; 170; 400.8; 
567; 0; 1574.7573; 170; 401; 
567; 0; 1574.7576; 170; 401.2; 
567; 0; 1574.7579; 170; 401.4; 
567; 0; 1574.7582; 170; 401.6; 
567; 0; 1574.7586; 170; 401.8; 
567; 0; 1574.7589; 170; 402; 
567; 0; 1574.7592; 170; 402.2; 
567; 0; 1574.7593; 170; 402.4; 
567; 0; 1574.7595; 170; 402.6; 
567; 0; 1574.7597; 170; 402.8; 
567; 0; 1574.7598; 170; 403; 
567; 0; 1574.7599; 170; 403.2; 
567; 0; 1574.76; 170; 403.4; 
567; 0; 1574.7601; 170; 403.6; 
567; 0; 1574.7602; 170; 403.8; 
567; 0; 1574.7602; 170; 404; 
567; 0; 1574.7603; 170; 404.2; 
567; 0; 1574.7605; 170; 404.4; 
567; 0; 1574.7607; 170; 404.6; 
567; 0; 1574.761; 170; 404.8; 
567; 0; 1574.7614; 170; 405; 
567; 0; 1574.7618; 170; 405.2; 
567; 0; 1574.7622; 170; 405.4; 
567; 0; 1574.7626; 170; 405.6; 
567; 0; 1574.763; 170; 405.8; 
567; 0; 1574.7634; 170; 406; 
567; 0; 1576.1002; 170; 406.2; 
567; 0; 1576.1003; 170; 406.4; 
567; 0; 1576.1003; 170; 406.6; 
567; 0; 1576.1003; 170; 406.8; 
567; 0; 1576.1005; 170; 407; 
567; 0; 1576.1006; 170; 407.2; 
567; 0; 1576.1008; 170; 407.4; 
567; 0; 1576.1011; 170; 407.6; 
567; 0; 1574.7649; 170; 407.8; 
567; 0; 1574.7652; 170; 408; 
567; 0; 1574.7655; 170; 408.2; 
567; 0; 1574.7658; 170; 408.4; 
567; 0; 1574.7661; 170; 408.6; 
567; 0; 1574.7663; 170; 408.8; 
567; 0; 1574.7665; 170; 409; 
567; 0; 1574.7667; 170; 409.2; 
567; 0; 1574.7668; 170; 409.4; 
567; 0; 1574.767; 170; 409.6; 
567; 0; 1574.7671; 170; 409.8; 
567; 0; 1574.7672; 170; 410; 
567; 0; 1574.7674; 170; 410.2; 
567; 0; 1574.7677; 170; 410.4; 
567; 0; 1574.7679; 170; 410.6; 
567; 0; 1574.7681; 170; 410.8; 
567; 0; 1574.7683; 170; 411; 
567; 0; 1561.4023; 170; 411.2; 
567; 0; 1275.1489; 170; 411.4; 
567; 0; 959.3744; 170; 411.6; 
567; 0; 927.5383; 170; 411.8; 
567; 0; 927.5386; 170; 412; 
567; 0; 927.539; 170; 412.2; 
567; 0; 927.5395; 170; 412.4; 
567; 0; 927.54; 170; 412.6; 
567; 0; 927.5406; 170; 412.8; 
567; 0; 927.5412; 170; 413; 
567; 0; 927.5419; 170; 413.2; 
567; 0; 927.5428; 170; 413.4; 
567; 0; 927.5439; 170; 413.6; 
567; 0; 927.5451; 170; 413.8; 
567; 0; 927.5465; 170; 414; 
567; 0; 927.548; 170; 414.2; 
567; 0; 927.5495; 170; 414.4; 
567; 0; 927.551; 170; 414.6; 
567; 0; 927.5526; 170; 414.8; 
567; 0; 927.5543; 170; 415; 
567; 0; 927.5561; 170; 415.2; 
567; 0; 927.558; 170; 415.4; 
567; 0; 927.5602; 170; 415.6; 
567; 0; 927.5624; 170; 415.8; 
567; 0; 927.5647; 170; 416; 
567; 0; 920.3765; 170; 416.2; 
567; 0; 920.3765; 170; 416.4; 
567; 0; 920.3765; 170; 416.6; 
567; 0; 920.3765; 170; 416.8; 
567; 0; 920.3765; 170; 417; 
567; 0; 920.3765; 170; 417.2; 
567; 0; 920.3765; 170; 417.4; 
567; 0; 920.3765; 170; 417.6; 
567; 0; 920.3765; 170; 417.8; 
567; 0; 920.3765; 170; 418; 
567; 0; 920.3765; 170; 418.2; 
567; 0; 920.3765; 170; 418.4; 
567; 0; 920.3765; 170; 418.6; 
567; 0; 920.3765; 170; 418.8; 
567; 0; 920.3765; 170; 419; 
567; 0; 920.3765; 170; 419.2; 
567; 0; 920.3765; 170; 419.4; 
567; 0; 920.3765; 170; 419.6; 
567; 0; 920.3765; 170; 419.8; 
567; 0; 920.3765; 170; 420; 
567; 0; 920.3765; 170; 420.2; 
567; 0; 920.3765; 170; 420.4; 
567; 0; 920.3765; 170; 420.6; 
567; 0; 920.3765; 170; 420.8; 
567; 0; 920.3765; 170; 421; 
567; 0; 920.3765; 170; 421.2; 
567; 0; 920.3765; 170; 421.4; 
567; 0; 920.3765; 170; 421.6; 
567; 0; 920.3765; 170; 421.8; 
567; 0; 920.3765; 170; 422; 
567; 0; 920.3765; 170; 422.2; 
567; 0; 920.3765; 170; 422.4; 
567; 0; 920.3765; 170; 422.6; 
567; 0; 920.3765; 170; 422.8; 
567; 0; 920.3765; 170; 423; 
567; 0; 920.3765; 170; 423.2; 
567; 0; 920.3765; 170; 423.4; 
567; 0; 920.3765; 170; 423.6; 
567; 0; 920.3765; 170; 423.8; 
567; 0; 920.3765; 170; 424; 
567; 0; 920.3765; 170; 424.2; 
567; 0; 920.3765; 170; 424.4; 
567; 0; 920.3765; 170; 424.6; 
567; 0; 920.3765; 170; 424.8; 
567; 0; 920.3765; 170; 425; 
567; 0; 920.3765; 170; 425.2; 
567; 0; 920.3765; 170; 425.4; 
567; 0; 920.3765; 170; 425.6; 
567; 0; 920.3765; 170; 425.8; 
567; 0; 920.3765; 170; 426; 
567; 0; 920.3765; 170; 426.2; 
567; 0; 920.3765; 170; 426.4; 
567; 0; 920.3765; 170; 426.6; 
567; 0; 920.3765; 170; 426.8; 
567; 0; 920.3765; 170; 427; 
567; 0; 920.3765; 170; 427.2; 
567; 0; 920.3765; 170; 427.4; 
567; 0; 920.3765; 170; 427.6; 
567; 0; 920.3765; 170; 427.8; 
567; 0; 920.3765; 170; 428; 
567; 0; 920.3765; 170; 428.2; 
567; 0; 920.3765; 170; 428.4; 
567; 0; 920.3765; 170; 428.6; 
567; 0; 920.3765; 170; 428.8; 
567; 0; 920.3765; 170; 429; 
567; 0; 920.3765; 170; 429.2; 
567; 0; 920.3765; 170; 429.4; 
567; 0; 920.3765; 170; 429.6; 
567; 0; 920.3765; 170; 429.8; 
567; 0; 920.3765; 170; 430; 
567; 0; 920.3765; 170; 430.2; 
567; 0; 920.3765; 170; 430.4; 
567; 0; 920.3765; 170; 430.6; 
567; 0; 920.3765; 170; 430.8; 
567; 0; 920.3765; 170; 431; 
567; 0; 920.3765; 170; 431.2; 
567; 0; 920.3765; 170; 431.4; 
567; 0; 920.3765; 170; 431.6; 
567; 0; 920.3765; 170; 431.8; 
567; 0; 920.3765; 170; 432; 
567; 0; 920.3765; 170; 432.2; 
567; 0; 920.3765; 170; 432.4; 
567; 0; 920.3765; 170; 432.6; 
567; 0; 920.3765; 170; 432.8; 
567; 0; 920.3765; 170; 433; 
567; 0; 920.3765; 170; 433.2; 
567; 0; 920.3765; 170; 433.4; 
567; 0; 920.3765; 170; 433.6; 
567; 0; 920.3765; 170; 433.8; 
567; 0; 920.3765; 170; 434; 
567; 0; 920.3765; 170; 434.2; 
567; 0; 920.3765; 170; 434.4; 
567; 0; 920.3765; 170; 434.6; 
567; 0; 920.3765; 170; 434.8; 
567; 0; 920.3765; 170; 435; 
567; 0; 920.3765; 170; 435.2; 
567; 0; 920.3765; 170; 435.4; 
567; 0; 920.3765; 170; 435.6; 
567; 0; 920.3765; 170; 435.8; 
567; 0; 920.3765; 170; 436; 
567; 0; 920.3765; 170; 436.2; 
567; 0; 920.3765; 170; 436.4; 
567; 0; 920.3765; 170; 436.6; 
567; 0; 920.3765; 170; 436.8; 
567; 0; 922.747; 170; 437; 
567; 0; 938.2596; 170; 437.2; 
567; 0; 955.3236; 170; 437.4; 
567; 0; 970.8365; 170; 437.6; 
567; 0; 986.3493; 170; 437.8; 
567; 0; 1001.8622; 170; 438; 
567; 0; 1017.3749; 170; 438.2; 
567; 0; 1031.3364; 170; 438.4; 
567; 0; 1045.2979; 170; 438.6; 
567; 0; 1059.2594; 170; 438.8; 
567; 0; 1071.6697; 170; 439; 
567; 0; 1083.8735; 170; 439.2; 
567; 0; 1095.9301; 170; 439.4; 
567; 0; 1106.4798; 170; 439.6; 
567; 0; 1117.0294; 170; 439.8; 
567; 0; 1126.072; 170; 440; 
567; 0; 1135.1145; 170; 440.2; 
567; 0; 1144.1572; 170; 440.4; 
567; 0; 1153.1997; 170; 440.6; 
567; 0; 1160.7357; 170; 440.8; 
567; 0; 1168.2729; 170; 441; 
567; 0; 1175.8122; 170; 441.2; 
567; 0; 1183.3549; 170; 441.4; 
567; 0; 1189.8077; 170; 441.6; 
567; 0; 1194.6865; 170; 441.8; 
567; 0; 1201.1931; 170; 442; 
567; 0; 1206.0868; 170; 442.2; 
567; 0; 1212.6067; 170; 442.4; 
567; 0; 1219.1289; 170; 442.6; 
567; 0; 1227.2697; 170; 442.8; 
567; 0; 1238.6455; 170; 443; 
567; 0; 1250.012; 170; 443.2; 
567; 0; 1263.8099; 170; 443.4; 
567; 0; 1276.8271; 170; 443.6; 
567; 0; 1280.2377; 170; 443.8; 
567; 0; 1293.1764; 170; 444; 
567; 0; 1304.6679; 170; 444.2; 
567; 0; 1314.7151; 170; 444.4; 
567; 0; 1321.8811; 170; 444.6; 
567; 0; 1329.0489; 170; 444.8; 
567; 0; 1333.3412; 170; 445; 
567; 0; 1336.2001; 170; 445.2; 
567; 0; 1339.0667; 170; 445.4; 
567; 0; 1340.5015; 170; 445.6; 
567; 0; 1340.5039; 170; 445.8; 
567; 0; 1341.953; 170; 446; 
567; 0; 1341.9668; 170; 446.2; 
567; 0; 1343.4235; 170; 446.4; 
567; 0; 1344.8808; 170; 446.6; 
567; 0; 1347.7771; 170; 446.8; 
567; 0; 1350.6708; 170; 447; 
567; 0; 1353.5607; 170; 447.2; 
567; 0; 1357.8864; 170; 447.4; 
567; 0; 1360.7676; 170; 447.6; 
567; 0; 1365.0847; 170; 447.8; 
567; 0; 1367.9586; 170; 448; 
567; 0; 1370.8303; 170; 448.2; 
567; 0; 1373.7009; 170; 448.4; 
567; 0; 1375.1314; 170; 448.6; 
567; 0; 1376.5629; 170; 448.8; 
567; 0; 1377.996; 170; 449; 
567; 0; 1377.9913; 170; 449.2; 
567; 0; 1379.429; 170; 449.4; 
567; 0; 1379.4289; 170; 449.6; 
567; 0; 1379.4309; 170; 449.8; 
567; 0; 1379.4345; 170; 450; 
567; 0; 1379.4391; 170; 450.2; 
567; 0; 1379.444; 170; 450.4; 
567; 0; 1379.4487; 170; 450.6; 
567; 0; 1380.8921; 170; 450.8; 
567; 0; 1380.8923; 170; 451; 
567; 0; 1382.3278; 170; 451.2; 
567; 0; 1383.7576; 170; 451.4; 
567; 0; 1385.1816; 170; 451.6; 
567; 0; 1385.1606; 170; 451.8; 
567; 0; 1385.1367; 170; 452; 
567; 0; 1383.6722; 170; 452.2; 
567; 0; 1380.7709; 170; 452.4; 
567; 0; 1376.4341; 170; 452.6; 
567; 0; 1372.1031; 170; 452.8; 
567; 0; 1367.7786; 170; 453; 
567; 0; 1362.0204; 170; 453.2; 
567; 0; 1356.268; 170; 453.4; 
567; 0; 1350.5198; 170; 453.6; 
567; 0; 1346.2141; 170; 453.8; 
567; 0; 1341.9092; 170; 454; 
567; 0; 1337.6041; 170; 454.2; 
567; 0; 1334.7364; 170; 454.4; 
567; 0; 1331.8651; 170; 454.6; 
567; 0; 1328.9899; 170; 454.8; 
567; 0; 1327.551; 170; 455; 
567; 0; 1324.6689; 170; 455.2; 
567; 0; 1323.2246; 170; 455.4; 
567; 0; 1320.3391; 170; 455.6; 
567; 0; 1318.8934; 170; 455.8; 
567; 0; 1317.4481; 170; 456; 
567; 0; 1314.5638; 170; 456.2; 
567; 0; 1313.1208; 170; 456.4; 
567; 0; 1310.2394; 170; 456.6; 
567; 0; 1308.7993; 170; 456.8; 
567; 0; 1305.9204; 170; 457; 
567; 0; 1304.4823; 170; 457.2; 
567; 0; 1301.6048; 170; 457.4; 
567; 0; 1300.1674; 170; 457.6; 
567; 0; 1298.7297; 170; 457.8; 
567; 0; 1297.2916; 170; 458; 
567; 0; 1295.8528; 170; 458.2; 
567; 0; 1294.4134; 170; 458.4; 
567; 0; 1294.4133; 170; 458.6; 
567; 0; 1292.9729; 170; 458.8; 
567; 0; 1291.5322; 170; 459; 
567; 0; 1291.5313; 170; 459.2; 
567; 0; 1290.0903; 170; 459.4; 
567; 0; 1290.0895; 170; 459.6; 
567; 0; 1288.6487; 170; 459.8; 
567; 0; 1288.6481; 170; 460; 
567; 0; 1287.2077; 170; 460.2; 
567; 0; 1287.2074; 170; 460.4; 
567; 0; 1285.7674; 170; 460.6; 
567; 0; 1285.7675; 170; 460.8; 
567; 0; 1284.3276; 170; 461; 
567; 0; 1284.3277; 170; 461.2; 
567; 0; 1284.3276; 170; 461.4; 
567; 0; 1282.8875; 170; 461.6; 
567; 0; 1282.8873; 170; 461.8; 
567; 0; 1282.8871; 170; 462; 
567; 0; 1281.4469; 170; 462.2; 
567; 0; 1281.4468; 170; 462.4; 
567; 0; 1281.4467; 170; 462.6; 
567; 0; 1281.4466; 170; 462.8; 
567; 0; 1280.0064; 170; 463; 
567; 0; 1280.0062; 170; 463.2; 
567; 0; 1280.006; 170; 463.4; 
567; 0; 1280.0058; 170; 463.6; 
567; 0; 1278.5657; 170; 463.8; 
567; 0; 1278.5657; 170; 464; 
567; 0; 1278.5656; 170; 464.2; 
567; 0; 1278.5655; 170; 464.4; 
567; 0; 1278.5654; 170; 464.6; 
567; 0; 1278.5652; 170; 464.8; 
567; 0; 1278.565; 170; 465; 
567; 0; 1277.1249; 170; 465.2; 
567; 0; 1277.1247; 170; 465.4; 
567; 0; 1277.1246; 170; 465.6; 
567; 0; 1277.1245; 170; 465.8; 
567; 0; 1277.1245; 170; 466; 
567; 0; 1277.1245; 170; 466.2; 
567; 0; 1277.1244; 170; 466.4; 
567; 0; 1277.1243; 170; 466.6; 
567; 0; 1277.1241; 170; 466.8; 
567; 0; 1275.6839; 170; 467; 
567; 0; 1275.6837; 170; 467.2; 
567; 0; 1275.6836; 170; 467.4; 
567; 0; 1275.6834; 170; 467.6; 
567; 0; 1275.6833; 170; 467.8; 
567; 0; 1285.2585; 170; 468; 
567; 0; 1285.2584; 170; 468.2; 
567; 0; 1285.2583; 170; 468.4; 
567; 0; 1285.2582; 170; 468.6; 
567; 0; 1285.2581; 170; 468.8; 
567; 0; 1283.8116; 170; 469; 
567; 0; 1283.8115; 170; 469.2; 
567; 0; 1283.8114; 170; 469.4; 
567; 0; 1282.3649; 170; 469.6; 
567; 0; 1282.3649; 170; 469.8; 
567; 0; 1282.3649; 170; 470; 
567; 0; 1280.9184; 170; 470.2; 
567; 0; 1280.9184; 170; 470.4; 
567; 0; 1279.4719; 170; 470.6; 
567; 0; 1279.4718; 170; 470.8; 
567; 0; 1278.0251; 170; 471; 
567; 0; 1278.0248; 170; 471.2; 
567; 0; 1278.0245; 170; 471.4; 
567; 0; 1276.5779; 170; 471.6; 
567; 0; 1276.5777; 170; 471.8; 
567; 0; 1275.131; 170; 472; 
567; 0; 1275.1307; 170; 472.2; 
567; 0; 1275.1306; 170; 472.4; 
567; 0; 1273.684; 170; 472.6; 
567; 0; 1273.6841; 170; 472.8; 
567; 0; 1272.2378; 170; 473; 
567; 0; 1272.2378; 170; 473.2; 
567; 0; 1272.2378; 170; 473.4; 
567; 0; 1272.2376; 170; 473.6; 
567; 0; 1270.791; 170; 473.8; 
567; 0; 1270.7908; 170; 474; 
567; 0; 1270.7905; 170; 474.2; 
567; 0; 1270.7902; 170; 474.4; 
567; 0; 1270.7899; 170; 474.6; 
567; 0; 1269.3433; 170; 474.8; 
567; 0; 1269.3432; 170; 475; 
567; 0; 1269.3431; 170; 475.2; 
567; 0; 1269.3434; 170; 475.4; 
567; 0; 1269.3446; 170; 475.6; 
567; 0; 1270.7946; 170; 475.8; 
567; 0; 1270.8018; 170; 476; 
567; 0; 1270.8138; 170; 476.2; 
567; 0; 1269.3858; 170; 476.4; 
567; 0; 1269.4114; 170; 476.6; 
567; 0; 1269.4431; 170; 476.8; 
567; 0; 1270.9246; 170; 477; 
567; 0; 1273.8525; 170; 477.2; 
567; 0; 1279.6695; 170; 477.4; 
567; 0; 1277.3431; 170; 477.6; 
567; 0; 1285.9974; 170; 477.8; 
567; 0; 1294.6406; 170; 478; 
567; 0; 1306.1528; 170; 478.2; 
567; 0; 1316.215; 170; 478.4; 
567; 0; 1326.2692; 170; 478.6; 
567; 0; 1333.4381; 170; 478.8; 
567; 0; 1340.6048; 170; 479; 
567; 0; 1346.3321; 170; 479.2; 
567; 0; 1349.183; 170; 479.4; 
567; 0; 1352.0395; 170; 479.6; 
567; 0; 1353.4633; 170; 479.8; 
567; 0; 1353.4552; 170; 480; 
567; 0; 1353.4549; 170; 480.2; 
567; 0; 1353.4615; 170; 480.4; 
567; 0; 1353.4735; 170; 480.6; 
567; 0; 1353.4889; 170; 480.8; 
567; 0; 1353.5056; 170; 481; 
567; 0; 1354.9619; 170; 481.2; 
567; 0; 1356.416; 170; 481.4; 
567; 0; 1359.3069; 170; 481.6; 
567; 0; 1362.1937; 170; 481.8; 
567; 0; 1365.0761; 170; 482; 
567; 0; 1369.3944; 170; 482.2; 
567; 0; 1372.2694; 170; 482.4; 
567; 0; 1373.7018; 170; 482.6; 
567; 0; 1376.5727; 170; 482.8; 
567; 0; 1378.0033; 170; 483; 
567; 0; 1379.4344; 170; 483.2; 
567; 0; 1379.427; 170; 483.4; 
567; 0; 1379.4217; 170; 483.6; 
567; 0; 1379.4186; 170; 483.8; 
567; 0; 1379.4181; 170; 484; 
567; 0; 1379.4196; 170; 484.2; 
567; 0; 1379.4228; 170; 484.4; 
567; 0; 1379.4272; 170; 484.6; 
567; 0; 1379.4322; 170; 484.8; 
567; 0; 1379.4372; 170; 485; 
567; 0; 1379.4415; 170; 485.2; 
567; 0; 1379.4447; 170; 485.4; 
567; 0; 1380.8867; 170; 485.6; 
567; 0; 1380.8875; 170; 485.8; 
567; 0; 1382.3271; 170; 486; 
567; 0; 1382.3256; 170; 486.2; 
567; 0; 1383.7635; 170; 486.4; 
567; 0; 1383.7608; 170; 486.6; 
567; 0; 1383.758; 170; 486.8; 
567; 0; 1383.7555; 170; 487; 
567; 0; 1385.1934; 170; 487.2; 
567; 0; 1385.1918; 170; 487.4; 
567; 0; 1383.7508; 170; 487.6; 
567; 0; 1383.7504; 170; 487.8; 
567; 0; 1383.7506; 170; 488; 
567; 0; 1383.7514; 170; 488.2; 
567; 0; 1383.7526; 170; 488.4; 
567; 0; 1383.7539; 170; 488.6; 
567; 0; 1383.7552; 170; 488.8; 
567; 0; 1383.7562; 170; 489; 
567; 0; 1383.7571; 170; 489.2; 
567; 0; 1383.7576; 170; 489.4; 
567; 0; 1383.7577; 170; 489.6; 
567; 0; 1383.7576; 170; 489.8; 
567; 0; 1385.1972; 170; 490; 
567; 0; 1385.1965; 170; 490.2; 
567; 0; 1385.1957; 170; 490.4; 
567; 0; 1385.1948; 170; 490.6; 
567; 0; 1385.1941; 170; 490.8; 
567; 0; 1385.1935; 170; 491; 
567; 0; 1385.1931; 170; 491.2; 
567; 0; 1385.1929; 170; 491.4; 
567; 0; 1385.1928; 170; 491.6; 
567; 0; 1385.1929; 170; 491.8; 
567; 0; 1385.193; 170; 492; 
567; 0; 1383.7531; 170; 492.2; 
567; 0; 1383.7532; 170; 492.4; 
567; 0; 1383.7532; 170; 492.6; 
567; 0; 1383.7533; 170; 492.8; 
567; 0; 1383.7533; 170; 493; 
567; 0; 1383.7533; 170; 493.2; 
567; 0; 1385.1929; 170; 493.4; 
567; 0; 1385.191; 170; 493.6; 
567; 0; 1385.1859; 170; 493.8; 
567; 0; 1386.6161; 170; 494; 
567; 0; 1386.6011; 170; 494.2; 
567; 0; 1386.5811; 170; 494.4; 
567; 0; 1385.1177; 170; 494.6; 
567; 0; 1383.6539; 170; 494.8; 
567; 0; 1380.7523; 170; 495; 
567; 0; 1376.4145; 170; 495.2; 
567; 0; 1372.0823; 170; 495.4; 
567; 0; 1366.3166; 170; 495.6; 
567; 0; 1360.5573; 170; 495.8; 
567; 0; 1354.8037; 170; 496; 
567; 0; 1349.0543; 170; 496.2; 
567; 0; 1344.7473; 170; 496.4; 
567; 0; 1339.0011; 170; 496.6; 
567; 0; 1334.6941; 170; 496.8; 
567; 0; 1330.3849; 170; 497; 
567; 0; 1327.5133; 170; 497.2; 
567; 0; 1324.6386; 170; 497.4; 
567; 0; 1321.7607; 170; 497.6; 
567; 0; 1318.8803; 170; 497.8; 
567; 0; 1317.4381; 170; 498; 
567; 0; 1314.5547; 170; 498.2; 
567; 0; 1311.6709; 170; 498.4; 
567; 0; 1310.2275; 170; 498.6; 
567; 0; 1307.345; 170; 498.8; 
567; 0; 1304.4634; 170; 499; 
567; 0; 1303.0227; 170; 499.2; 
567; 0; 1300.1428; 170; 499.4; 
567; 0; 1298.7037; 170; 499.6; 
567; 0; 1297.2651; 170; 499.8; 
567; 0; 1294.3868; 170; 500; 
567; 0; 1292.9485; 170; 500.2; 
567; 0; 1291.5102; 170; 500.4; 
567; 0; 1290.0715; 170; 500.6; 
567; 0; 1288.6324; 170; 500.8; 
567; 0; 1287.1929; 170; 501; 
567; 0; 1287.193; 170; 501.2; 
567; 0; 1285.7527; 170; 501.4; 
567; 0; 1284.3121; 170; 501.6; 
567; 0; 1284.3116; 170; 501.8; 
567; 0; 1282.871; 170; 502; 
567; 0; 1282.8706; 170; 502.2; 
567; 0; 1281.4302; 170; 502.4; 
567; 0; 1281.43; 170; 502.6; 
567; 0; 1279.9899; 170; 502.8; 
567; 0; 1279.99; 170; 503; 
567; 0; 1278.5502; 170; 503.2; 
567; 0; 1278.5504; 170; 503.4; 
567; 0; 1278.5505; 170; 503.6; 
567; 0; 1277.1106; 170; 503.8; 
567; 0; 1277.1107; 170; 504; 
567; 0; 1277.1108; 170; 504.2; 
567; 0; 1277.1107; 170; 504.4; 
567; 0; 1275.6705; 170; 504.6; 
567; 0; 1275.6701; 170; 504.8; 
567; 0; 1285.2452; 170; 505; 
567; 0; 1285.245; 170; 505.2; 
567; 0; 1285.2448; 170; 505.4; 
567; 0; 1283.7982; 170; 505.6; 
567; 0; 1283.7981; 170; 505.8; 
567; 0; 1283.7981; 170; 506; 
567; 0; 1282.3516; 170; 506.2; 
567; 0; 1282.3514; 170; 506.4; 
567; 0; 1282.3514; 170; 506.6; 
567; 0; 1280.9049; 170; 506.8; 
567; 0; 1280.905; 170; 507; 
567; 0; 1279.4587; 170; 507.2; 
567; 0; 1279.4589; 170; 507.4; 
567; 0; 1278.0126; 170; 507.6; 
567; 0; 1278.0126; 170; 507.8; 
567; 0; 1276.5661; 170; 508; 
567; 0; 1276.5659; 170; 508.2; 
567; 0; 1275.1191; 170; 508.4; 
567; 0; 1275.1187; 170; 508.6; 
567; 0; 1275.1182; 170; 508.8; 
567; 0; 1273.6714; 170; 509; 
567; 0; 1273.6712; 170; 509.2; 
567; 0; 1272.2247; 170; 509.4; 
567; 0; 1272.2247; 170; 509.6; 
567; 0; 1272.2247; 170; 509.8; 
567; 0; 1270.7782; 170; 510; 
567; 0; 1270.7782; 170; 510.2; 
567; 0; 1270.7782; 170; 510.4; 
567; 0; 1269.3316; 170; 510.6; 
567; 0; 1269.3315; 170; 510.8; 
567; 0; 1269.3315; 170; 511; 
567; 0; 1269.3315; 170; 511.2; 
567; 0; 1267.8851; 170; 511.4; 
567; 0; 1267.8852; 170; 511.6; 
567; 0; 1267.8852; 170; 511.8; 
567; 0; 1267.8852; 170; 512; 
567; 0; 1267.885; 170; 512.2; 
567; 0; 1267.8848; 170; 512.4; 
567; 0; 1266.4382; 170; 512.6; 
567; 0; 1266.4381; 170; 512.8; 
567; 0; 1266.438; 170; 513; 
567; 0; 1266.4378; 170; 513.2; 
567; 0; 1266.4377; 170; 513.4; 
567; 0; 1266.4376; 170; 513.6; 
567; 0; 1266.4374; 170; 513.8; 
567; 0; 1266.4373; 170; 514; 
567; 0; 1266.4372; 170; 514.2; 
567; 0; 1264.9907; 170; 514.4; 
567; 0; 1264.9907; 170; 514.6; 
567; 0; 1264.9906; 170; 514.8; 
567; 0; 1264.9906; 170; 515; 
567; 0; 1264.9906; 170; 515.2; 
567; 0; 1264.9907; 170; 515.4; 
567; 0; 1264.9907; 170; 515.6; 
567; 0; 1264.9908; 170; 515.8; 
567; 0; 1264.9908; 170; 516; 
567; 0; 1264.9909; 170; 516.2; 
567; 0; 1264.9909; 170; 516.4; 
567; 0; 1264.9909; 170; 516.6; 
567; 0; 1264.9908; 170; 516.8; 
567; 0; 1264.9907; 170; 517; 
567; 0; 1264.9906; 170; 517.2; 
567; 0; 1264.9904; 170; 517.4; 
567; 0; 1264.9903; 170; 517.6; 
567; 0; 1264.9901; 170; 517.8; 
567; 0; 1264.99; 170; 518; 
567; 0; 1263.5434; 170; 518.2; 
567; 0; 1263.5434; 170; 518.4; 
567; 0; 1263.5433; 170; 518.6; 
567; 0; 1263.5432; 170; 518.8; 
567; 0; 1263.5432; 170; 519; 
567; 0; 1263.5432; 170; 519.2; 
567; 0; 1263.5432; 170; 519.4; 
567; 0; 1263.5434; 170; 519.6; 
567; 0; 1263.5435; 170; 519.8; 
567; 0; 1263.5436; 170; 520; 
567; 0; 1263.5437; 170; 520.2; 
567; 0; 1263.5437; 170; 520.4; 
567; 0; 1263.5437; 170; 520.6; 
567; 0; 1263.5436; 170; 520.8; 
567; 0; 1263.5436; 170; 521; 
567; 0; 1263.5435; 170; 521.2; 
567; 0; 1263.5434; 170; 521.4; 
567; 0; 1263.5433; 170; 521.6; 
567; 0; 1263.5432; 170; 521.8; 
567; 0; 1263.5431; 170; 522; 
567; 0; 1263.5429; 170; 522.2; 
567; 0; 1263.5428; 170; 522.4; 
567; 0; 1263.5426; 170; 522.6; 
567; 0; 1263.5426; 170; 522.8; 
567; 0; 1263.5426; 170; 523; 
567; 0; 1263.5427; 170; 523.2; 
567; 0; 1263.5428; 170; 523.4; 
567; 0; 1263.5428; 170; 523.6; 
567; 0; 1263.5428; 170; 523.8; 
567; 0; 1263.5427; 170; 524; 
567; 0; 1263.5426; 170; 524.2; 
567; 0; 1263.5424; 170; 524.4; 
567; 0; 1263.5424; 170; 524.6; 
567; 0; 1263.5423; 170; 524.8; 
567; 0; 1263.5423; 170; 525; 
567; 0; 1263.5424; 170; 525.2; 
567; 0; 1263.5425; 170; 525.4; 
567; 0; 1263.5426; 170; 525.6; 
567; 0; 1263.5427; 170; 525.8; 
567; 0; 1263.5426; 170; 526; 
567; 0; 1263.5425; 170; 526.2; 
567; 0; 1263.5424; 170; 526.4; 
567; 0; 1263.5423; 170; 526.6; 
567; 0; 1263.5422; 170; 526.8; 
567; 0; 1263.5422; 170; 527; 
567; 0; 1263.5422; 170; 527.2; 
567; 0; 1263.5421; 170; 527.4; 
567; 0; 1263.542; 170; 527.6; 
567; 0; 1263.542; 170; 527.8; 
567; 0; 1263.5419; 170; 528; 
567; 0; 1263.5419; 170; 528.2; 
567; 0; 1263.542; 170; 528.4; 
567; 0; 1263.542; 170; 528.6; 
567; 0; 1262.0956; 170; 528.8; 
567; 0; 1262.0955; 170; 529; 
567; 0; 1262.0955; 170; 529.2; 
567; 0; 1262.0954; 170; 529.4; 
567; 0; 1262.0954; 170; 529.6; 
567; 0; 1262.0954; 170; 529.8; 
567; 0; 1262.0954; 170; 530; 
567; 0; 1262.0954; 170; 530.2; 
567; 0; 1262.0954; 170; 530.4; 
567; 0; 1262.0954; 170; 530.6; 
567; 0; 1262.0954; 170; 530.8; 
567; 0; 1262.0953; 170; 531; 
567; 0; 1262.0952; 170; 531.2; 
567; 0; 1262.0951; 170; 531.4; 
567; 0; 1262.095; 170; 531.6; 
567; 0; 1262.0949; 170; 531.8; 
567; 0; 1262.095; 170; 532; 
567; 0; 1262.095; 170; 532.2; 
567; 0; 1262.095; 170; 532.4; 
567; 0; 1262.095; 170; 532.6; 
567; 0; 1262.095; 170; 532.8; 
567; 0; 1262.095; 170; 533; 
567; 0; 1262.095; 170; 533.2; 
567; 0; 1262.0948; 170; 533.4; 
567; 0; 1262.0947; 170; 533.6; 
567; 0; 1262.0947; 170; 533.8; 
567; 0; 1262.0947; 170; 534; 
567; 0; 1262.0947; 170; 534.2; 
567; 0; 1262.0947; 170; 534.4; 
567; 0; 1262.0947; 170; 534.6; 
567; 0; 1262.0946; 170; 534.8; 
567; 0; 1262.0946; 170; 535; 
567; 0; 1262.0946; 170; 535.2; 
567; 0; 1262.0946; 170; 535.4; 
567; 0; 1262.0946; 170; 535.6; 
567; 0; 1262.0946; 170; 535.8; 
567; 0; 1262.0946; 170; 536; 
567; 0; 1262.0946; 170; 536.2; 
567; 0; 1262.0945; 170; 536.4; 
567; 0; 1262.0945; 170; 536.6; 
567; 0; 1262.0946; 170; 536.8; 
567; 0; 1262.0945; 170; 537; 
567; 0; 1262.0945; 170; 537.2; 
567; 0; 1262.0944; 170; 537.4; 
567; 0; 1262.0943; 170; 537.6; 
567; 0; 1262.0942; 170; 537.8; 
567; 0; 1262.0942; 170; 538; 
567; 0; 1262.0942; 170; 538.2; 
567; 0; 1262.0942; 170; 538.4; 
567; 0; 1262.0943; 170; 538.6; 
567; 0; 1263.5408; 170; 538.8; 
567; 0; 1263.5411; 170; 539; 
567; 0; 1263.5417; 170; 539.2; 
567; 0; 1263.5436; 170; 539.4; 
567; 0; 1264.9943; 170; 539.6; 
567; 0; 1265.0023; 170; 539.8; 
567; 0; 1265.015; 170; 540; 
567; 0; 1265.0332; 170; 540.2; 
567; 0; 1265.0566; 170; 540.4; 
567; 0; 1265.0841; 170; 540.6; 
567; 0; 1268.0069; 170; 540.8; 
567; 0; 1269.4835; 170; 541; 
567; 0; 1273.8507; 170; 541.2; 
567; 0; 1279.6593; 170; 541.4; 
567; 0; 1278.7642; 170; 541.6; 
567; 0; 1287.4102; 170; 541.8; 
567; 0; 1296.0459; 170; 542; 
567; 0; 1306.1112; 170; 542.2; 
567; 0; 1316.1666; 170; 542.4; 
567; 0; 1324.7735; 170; 542.6; 
567; 0; 1331.9348; 170; 542.8; 
567; 0; 1336.2136; 170; 543; 
567; 0; 1340.4939; 170; 543.2; 
567; 0; 1341.8999; 170; 543.4; 
567; 0; 1341.8753; 170; 543.6; 
567; 0; 1340.4206; 170; 543.8; 
567; 0; 1338.9766; 170; 544; 
567; 0; 1336.1032; 170; 544.2; 
567; 0; 1333.2388; 170; 544.4; 
567; 0; 1330.3812; 170; 544.6; 
567; 0; 1328.9685; 170; 544.8; 
567; 0; 1327.5568; 170; 545; 
567; 0; 1327.5822; 170; 545.2; 
567; 0; 1329.0421; 170; 545.4; 
567; 0; 1331.9344; 170; 545.6; 
567; 0; 1334.8179; 170; 545.8; 
567; 0; 1337.6926; 170; 546; 
567; 0; 1340.5592; 170; 546.2; 
567; 0; 1343.4196; 170; 546.4; 
567; 0; 1344.8363; 170; 546.6; 
567; 0; 1344.812; 170; 546.8; 
567; 0; 1344.7895; 170; 547; 
567; 0; 1343.332; 170; 547.2; 
567; 0; 1340.4401; 170; 547.4; 
567; 0; 1337.5542; 170; 547.6; 
567; 0; 1334.6746; 170; 547.8; 
567; 0; 1331.8005; 170; 548; 
567; 0; 1328.9306; 170; 548.2; 
567; 0; 1326.0632; 170; 548.4; 
567; 0; 1323.1971; 170; 548.6; 
567; 0; 1321.7703; 170; 548.8; 
567; 0; 1320.3411; 170; 549; 
567; 0; 1318.9083; 170; 549.2; 
567; 0; 1318.9115; 170; 549.4; 
567; 0; 1318.9106; 170; 549.6; 
567; 0; 1318.9064; 170; 549.8; 
567; 0; 1317.4597; 170; 550; 
567; 0; 1317.4516; 170; 550.2; 
567; 0; 1316.0031; 170; 550.4; 
567; 0; 1315.9952; 170; 550.6; 
567; 0; 1314.5487; 170; 550.8; 
567; 0; 1313.1042; 170; 551; 
567; 0; 1311.6617; 170; 551.2; 
567; 0; 1308.7811; 170; 551.4; 
567; 0; 1307.3421; 170; 551.6; 
567; 0; 1305.9043; 170; 551.8; 
567; 0; 1304.4673; 170; 552; 
567; 0; 1303.0306; 170; 552.2; 
567; 0; 1301.5936; 170; 552.4; 
567; 0; 1300.1561; 170; 552.6; 
567; 0; 1300.1576; 170; 552.8; 
567; 0; 1298.7182; 170; 553; 
567; 0; 1297.2778; 170; 553.2; 
567; 0; 1297.2767; 170; 553.4; 
567; 0; 1295.835; 170; 553.6; 
567; 0; 1295.833; 170; 553.8; 
567; 0; 1294.3911; 170; 554; 
567; 0; 1294.3894; 170; 554.2; 
567; 0; 1292.9481; 170; 554.4; 
567; 0; 1291.5072; 170; 554.6; 
567; 0; 1291.5066; 170; 554.8; 
567; 0; 1290.0664; 170; 555; 
567; 0; 1290.0664; 170; 555.2; 
567; 0; 1288.6265; 170; 555.4; 
567; 0; 1288.6267; 170; 555.6; 
567; 0; 1287.1869; 170; 555.8; 
567; 0; 1287.187; 170; 556; 
567; 0; 1285.7471; 170; 556.2; 
567; 0; 1285.747; 170; 556.4; 
567; 0; 1284.3068; 170; 556.6; 
567; 0; 1284.3064; 170; 556.8; 
567; 0; 1284.306; 170; 557; 
567; 0; 1282.8656; 170; 557.2; 
567; 0; 1282.8651; 170; 557.4; 
567; 0; 1282.8647; 170; 557.6; 
567; 0; 1281.4243; 170; 557.8; 
567; 0; 1281.424; 170; 558; 
567; 0; 1281.4237; 170; 558.2; 
567; 0; 1279.9834; 170; 558.4; 
567; 0; 1279.9832; 170; 558.6; 
567; 0; 1279.9831; 170; 558.8; 
567; 0; 1278.5431; 170; 559; 
567; 0; 1278.5431; 170; 559.2; 
567; 0; 1278.543; 170; 559.4; 
567; 0; 1278.5429; 170; 559.6; 
567; 0; 1277.1028; 170; 559.8; 
567; 0; 1277.1027; 170; 560; 
567; 0; 1277.1026; 170; 560.2; 
567; 0; 1277.1024; 170; 560.4; 
567; 0; 1277.1022; 170; 560.6; 
567; 0; 1275.6619; 170; 560.8; 
567; 0; 1275.6617; 170; 561; 
567; 0; 1285.2369; 170; 561.2; 
567; 0; 1285.2367; 170; 561.4; 
567; 0; 1285.2365; 170; 561.6; 
567; 0; 1283.7899; 170; 561.8; 
567; 0; 1283.7897; 170; 562; 
567; 0; 1283.7897; 170; 562.2; 
567; 0; 1282.3432; 170; 562.4; 
567; 0; 1282.3432; 170; 562.6; 
567; 0; 1280.8967; 170; 562.8; 
567; 0; 1280.8966; 170; 563; 
567; 0; 1279.45; 170; 563.2; 
567; 0; 1279.4499; 170; 563.4; 
567; 0; 1278.0033; 170; 563.6; 
567; 0; 1278.0031; 170; 563.8; 
567; 0; 1276.5564; 170; 564; 
567; 0; 1276.5562; 170; 564.2; 
567; 0; 1275.1096; 170; 564.4; 
567; 0; 1275.1094; 170; 564.6; 
567; 0; 1275.1093; 170; 564.8; 
567; 0; 1273.6627; 170; 565; 
567; 0; 1273.6626; 170; 565.2; 
567; 0; 1272.2162; 170; 565.4; 
567; 0; 1272.2163; 170; 565.6; 
567; 0; 1270.7699; 170; 565.8; 
567; 0; 1270.7698; 170; 566; 
567; 0; 1270.7697; 170; 566.2; 
567; 0; 1269.323; 170; 566.4; 
567; 0; 1269.3229; 170; 566.6; 
567; 0; 1269.3227; 170; 566.8; 
567; 0; 1267.8759; 170; 567; 
567; 0; 1267.8757; 170; 567.2; 
567; 0; 1267.8755; 170; 567.4; 
567; 0; 1267.8754; 170; 567.6; 
567; 0; 1266.4289; 170; 567.8; 
567; 0; 1266.4289; 170; 568; 
567; 0; 1266.4289; 170; 568.2; 
567; 0; 1266.4288; 170; 568.4; 
567; 0; 1264.9823; 170; 568.6; 
567; 0; 1264.9823; 170; 568.8; 
567; 0; 1264.9824; 170; 569; 
567; 0; 1264.9824; 170; 569.2; 
567; 0; 1264.9824; 170; 569.4; 
567; 0; 1264.9823; 170; 569.6; 
567; 0; 1263.5358; 170; 569.8; 
567; 0; 1263.5357; 170; 570; 
567; 0; 1263.5355; 170; 570.2; 
567; 0; 1263.5354; 170; 570.4; 
567; 0; 1263.5353; 170; 570.6; 
567; 0; 1263.5353; 170; 570.8; 
567; 0; 1263.5352; 170; 571; 
567; 0; 1263.5352; 170; 571.2; 
567; 0; 1263.5352; 170; 571.4; 
567; 0; 1263.5352; 170; 571.6; 
567; 0; 1262.0888; 170; 571.8; 
567; 0; 1262.0888; 170; 572; 
567; 0; 1262.0889; 170; 572.2; 
567; 0; 1262.0889; 170; 572.4; 
567; 0; 1262.0889; 170; 572.6; 
567; 0; 1262.0888; 170; 572.8; 
567; 0; 1262.0888; 170; 573; 
567; 0; 1262.0888; 170; 573.2; 
567; 0; 1262.0886; 170; 573.4; 
567; 0; 1262.0883; 170; 573.6; 
567; 0; 1262.0881; 170; 573.8; 
567; 0; 1262.088; 170; 574; 
567; 0; 1262.088; 170; 574.2; 
567; 0; 1262.0881; 170; 574.4; 
567; 0; 1262.0882; 170; 574.6; 
567; 0; 1262.0883; 170; 574.8; 
567; 0; 1262.0883; 170; 575; 
567; 0; 1262.0883; 170; 575.2; 
567; 0; 1262.0883; 170; 575.4; 
567; 0; 1262.0883; 170; 575.6; 
567; 0; 1262.0882; 170; 575.8; 
567; 0; 1260.6416; 170; 576; 
567; 0; 1260.6415; 170; 576.2; 
567; 0; 1260.6413; 170; 576.4; 
567; 0; 1260.6411; 170; 576.6; 
567; 0; 1260.641; 170; 576.8; 
567; 0; 1260.641; 170; 577; 
567; 0; 1260.641; 170; 577.2; 
567; 0; 1260.6412; 170; 577.4; 
567; 0; 1260.6413; 170; 577.6; 
567; 0; 1260.6414; 170; 577.8; 
567; 0; 1260.6415; 170; 578; 
567; 0; 1260.6415; 170; 578.2; 
567; 0; 1260.6415; 170; 578.4; 
567; 0; 1260.6415; 170; 578.6; 
567; 0; 1260.6415; 170; 578.8; 
567; 0; 1260.6415; 170; 579; 
567; 0; 1260.6415; 170; 579.2; 
567; 0; 1260.6414; 170; 579.4; 
567; 0; 1260.6413; 170; 579.6; 
567; 0; 1260.6413; 170; 579.8; 
567; 0; 1260.6412; 170; 580; 
567; 0; 1260.6411; 170; 580.2; 
567; 0; 1260.6409; 170; 580.4; 
567; 0; 1260.6408; 170; 580.6; 
567; 0; 1260.6407; 170; 580.8; 
567; 0; 1260.6408; 170; 581; 
567; 0; 1260.6409; 170; 581.2; 
567; 0; 1260.641; 170; 581.4; 
567; 0; 1260.641; 170; 581.6; 
567; 0; 1260.6411; 170; 581.8; 
567; 0; 1260.6412; 170; 582; 
567; 0; 1260.6413; 170; 582.2; 
567; 0; 1260.6413; 170; 582.4; 
567; 0; 1260.6412; 170; 582.6; 
567; 0; 1260.6411; 170; 582.8; 
567; 0; 1260.641; 170; 583; 
567; 0; 1260.6409; 170; 583.2; 
567; 0; 1260.6409; 170; 583.4; 
567; 0; 1260.6409; 170; 583.6; 
567; 0; 1260.6408; 170; 583.8; 
567; 0; 1260.6409; 170; 584; 
567; 0; 1260.6409; 170; 584.2; 
567; 0; 1260.6409; 170; 584.4; 
567; 0; 1260.6409; 170; 584.6; 
567; 0; 1262.0878; 170; 584.8; 
567; 0; 1262.0894; 170; 585; 
567; 0; 1262.0931; 170; 585.2; 
567; 0; 1262.1; 170; 585.4; 
567; 0; 1263.5582; 170; 585.6; 
567; 0; 1263.5758; 170; 585.8; 
567; 0; 1262.154; 170; 586; 
567; 0; 1263.6315; 170; 586.2; 
567; 0; 1263.6663; 170; 586.4; 
567; 0; 1266.5944; 170; 586.6; 
567; 0; 1272.4121; 170; 586.8; 
567; 0; 1278.2228; 170; 587; 
567; 0; 1277.3342; 170; 587.2; 
567; 0; 1287.4183; 170; 587.4; 
567; 0; 1297.4909; 170; 587.6; 
567; 0; 1308.9932; 170; 587.8; 
567; 0; 1317.6073; 170; 588; 
567; 0; 1326.2158; 170; 588.2; 
567; 0; 1333.3821; 170; 588.4; 
567; 0; 1337.6692; 170; 588.6; 
567; 0; 1341.96; 170; 588.8; 
567; 0; 1344.8166; 170; 589; 
567; 0; 1344.8009; 170; 589.2; 
567; 0; 1346.2333; 170; 589.4; 
567; 0; 1346.2336; 170; 589.6; 
567; 0; 1344.8005; 170; 589.8; 
567; 0; 1344.8116; 170; 590; 
567; 0; 1346.2643; 170; 590.2; 
567; 0; 1346.2758; 170; 590.4; 
567; 0; 1347.7237; 170; 590.6; 
567; 0; 1350.6062; 170; 590.8; 
567; 0; 1352.0424; 170; 591; 
567; 0; 1353.4725; 170; 591.2; 
567; 0; 1354.8975; 170; 591.4; 
567; 0; 1354.8792; 170; 591.6; 
567; 0; 1354.8603; 170; 591.8; 
567; 0; 1353.4034; 170; 592; 
567; 0; 1350.5097; 170; 592.2; 
567; 0; 1347.6206; 170; 592.4; 
567; 0; 1344.7368; 170; 592.6; 
567; 0; 1340.4184; 170; 592.8; 
567; 0; 1336.1045; 170; 593; 
567; 0; 1333.2342; 170; 593.2; 
567; 0; 1328.9257; 170; 593.4; 
567; 0; 1326.0577; 170; 593.6; 
567; 0; 1323.1886; 170; 593.8; 
567; 0; 1321.7579; 170; 594; 
567; 0; 1318.884; 170; 594.2; 
567; 0; 1317.4467; 170; 594.4; 
567; 0; 1317.4462; 170; 594.6; 
567; 0; 1316.003; 170; 594.8; 
567; 0; 1314.558; 170; 595; 
567; 0; 1313.112; 170; 595.2; 
567; 0; 1311.6662; 170; 595.4; 
567; 0; 1310.2212; 170; 595.6; 
567; 0; 1308.7773; 170; 595.8; 
567; 0; 1305.8949; 170; 596; 
567; 0; 1304.4537; 170; 596.2; 
567; 0; 1303.0139; 170; 596.4; 
567; 0; 1301.5751; 170; 596.6; 
567; 0; 1298.6969; 170; 596.8; 
567; 0; 1297.2591; 170; 597; 
567; 0; 1295.8212; 170; 597.2; 
567; 0; 1294.383; 170; 597.4; 
567; 0; 1292.9444; 170; 597.6; 
567; 0; 1292.9451; 170; 597.8; 
567; 0; 1291.5052; 170; 598; 
567; 0; 1290.0647; 170; 598.2; 
567; 0; 1290.0638; 170; 598.4; 
567; 0; 1288.6226; 170; 598.6; 
567; 0; 1288.6214; 170; 598.8; 
567; 0; 1287.1803; 170; 599; 
567; 0; 1285.7393; 170; 599.2; 
567; 0; 1285.7386; 170; 599.4; 
567; 0; 1284.2982; 170; 599.6; 
567; 0; 1284.2981; 170; 599.8; 
567; 0; 1282.8582; 170; 600; 
567; 0; 1282.8583; 170; 600.2; 
567; 0; 1281.4185; 170; 600.4; 
567; 0; 1281.4186; 170; 600.6; 
567; 0; 1279.9787; 170; 600.8; 
567; 0; 1279.9785; 170; 601; 
567; 0; 1279.9783; 170; 601.2; 
567; 0; 1278.538; 170; 601.4; 
567; 0; 1278.5377; 170; 601.6; 
567; 0; 1278.5375; 170; 601.8; 
567; 0; 1277.0972; 170; 602; 
567; 0; 1277.0969; 170; 602.2; 
567; 0; 1277.0967; 170; 602.4; 
567; 0; 1275.6565; 170; 602.6; 
567; 0; 1275.6564; 170; 602.8; 
567; 0; 1285.2316; 170; 603; 
567; 0; 1285.2315; 170; 603.2; 
567; 0; 1283.785; 170; 603.4; 
567; 0; 1283.785; 170; 603.6; 
567; 0; 1283.785; 170; 603.8; 
567; 0; 1282.3386; 170; 604; 
567; 0; 1282.3386; 170; 604.2; 
567; 0; 1282.3385; 170; 604.4; 
567; 0; 1280.8919; 170; 604.6; 
567; 0; 1280.8917; 170; 604.8; 
567; 0; 1279.445; 170; 605; 
567; 0; 1279.4448; 170; 605.2; 
567; 0; 1277.998; 170; 605.4; 
567; 0; 1276.5514; 170; 605.6; 
567; 0; 1276.5511; 170; 605.8; 
567; 0; 1275.1044; 170; 606; 
567; 0; 1275.1043; 170; 606.2; 
567; 0; 1273.6577; 170; 606.4; 
567; 0; 1273.6576; 170; 606.6; 
567; 0; 1272.211; 170; 606.8; 
567; 0; 1272.2108; 170; 607; 
567; 0; 1270.7641; 170; 607.2; 
567; 0; 1270.7639; 170; 607.4; 
567; 0; 1270.7639; 170; 607.6; 
567; 0; 1269.3175; 170; 607.8; 
567; 0; 1269.3176; 170; 608; 
567; 0; 1267.8713; 170; 608.2; 
567; 0; 1267.8715; 170; 608.4; 
567; 0; 1267.8715; 170; 608.6; 
567; 0; 1266.425; 170; 608.8; 
567; 0; 1266.4248; 170; 609; 
567; 0; 1266.4245; 170; 609.2; 
567; 0; 1266.4242; 170; 609.4; 
567; 0; 1264.9775; 170; 609.6; 
567; 0; 1264.9773; 170; 609.8; 
567; 0; 1264.9772; 170; 610; 
567; 0; 1264.9771; 170; 610.2; 
567; 0; 1263.5307; 170; 610.4; 
567; 0; 1263.5306; 170; 610.6; 
567; 0; 1263.5306; 170; 610.8; 
567; 0; 1263.5306; 170; 611; 
567; 0; 1263.5305; 170; 611.2; 
567; 0; 1263.5303; 170; 611.4; 
567; 0; 1263.5301; 170; 611.6; 
567; 0; 1262.0834; 170; 611.8; 
567; 0; 1262.0833; 170; 612; 
567; 0; 1262.0834; 170; 612.2; 
567; 0; 1262.0836; 170; 612.4; 
567; 0; 1262.0837; 170; 612.6; 
567; 0; 1262.0838; 170; 612.8; 
567; 0; 1262.0838; 170; 613; 
567; 0; 1262.0837; 170; 613.2; 
567; 0; 1262.0836; 170; 613.4; 
567; 0; 1262.0834; 170; 613.6; 
567; 0; 1260.6369; 170; 613.8; 
567; 0; 1260.6369; 170; 614; 
567; 0; 1260.6369; 170; 614.2; 
567; 0; 1260.6369; 170; 614.4; 
567; 0; 1260.6368; 170; 614.6; 
567; 0; 1260.6368; 170; 614.8; 
567; 0; 1260.6369; 170; 615; 
567; 0; 1260.6369; 170; 615.2; 
567; 0; 1260.637; 170; 615.4; 
567; 0; 1260.637; 170; 615.6; 
567; 0; 1260.6369; 170; 615.8; 
567; 0; 1260.6367; 170; 616; 
567; 0; 1260.6365; 170; 616.2; 
567; 0; 1260.6364; 170; 616.4; 
567; 0; 1260.6362; 170; 616.6; 
567; 0; 1260.6362; 170; 616.8; 
567; 0; 1260.6361; 170; 617; 
567; 0; 1260.636; 170; 617.2; 
567; 0; 1260.636; 170; 617.4; 
567; 0; 1259.1896; 170; 617.6; 
567; 0; 1259.1897; 170; 617.8; 
567; 0; 1259.1898; 170; 618; 
567; 0; 1259.19; 170; 618.2; 
567; 0; 1259.1901; 170; 618.4; 
567; 0; 1259.1901; 170; 618.6; 
567; 0; 1259.1901; 170; 618.8; 
567; 0; 1259.1901; 170; 619; 
567; 0; 1259.19; 170; 619.2; 
567; 0; 1259.19; 170; 619.4; 
567; 0; 1259.1899; 170; 619.6; 
567; 0; 1259.1898; 170; 619.8; 
567; 0; 1259.1897; 170; 620; 
567; 0; 1259.1895; 170; 620.2; 
567; 0; 1259.1894; 170; 620.4; 
567; 0; 1259.1894; 170; 620.6; 
567; 0; 1259.1895; 170; 620.8; 
567; 0; 1259.1896; 170; 621; 
567; 0; 1259.1897; 170; 621.2; 
567; 0; 1259.1897; 170; 621.4; 
567; 0; 1259.1896; 170; 621.6; 
567; 0; 1259.1896; 170; 621.8; 
567; 0; 1259.1896; 170; 622; 
567; 0; 1259.1896; 170; 622.2; 
567; 0; 1259.1896; 170; 622.4; 
567; 0; 1259.1897; 170; 622.6; 
567; 0; 1259.1898; 170; 622.8; 
567; 0; 1259.1897; 170; 623; 
567; 0; 1259.1896; 170; 623.2; 
567; 0; 1259.1895; 170; 623.4; 
567; 0; 1259.1894; 170; 623.6; 
567; 0; 1259.1893; 170; 623.8; 
567; 0; 1259.1892; 170; 624; 
567; 0; 1259.1892; 170; 624.2; 
567; 0; 1259.1893; 170; 624.4; 
567; 0; 1259.1894; 170; 624.6; 
567; 0; 1259.1896; 170; 624.8; 
567; 0; 1259.1897; 170; 625; 
567; 0; 1259.1897; 170; 625.2; 
567; 0; 1259.1896; 170; 625.4; 
567; 0; 1259.1895; 170; 625.6; 
567; 0; 1259.1893; 170; 625.8; 
567; 0; 1259.1891; 170; 626; 
567; 0; 1259.189; 170; 626.2; 
567; 0; 1259.189; 170; 626.4; 
567; 0; 1259.189; 170; 626.6; 
567; 0; 1259.1891; 170; 626.8; 
567; 0; 1259.1892; 170; 627; 
567; 0; 1259.1894; 170; 627.2; 
567; 0; 1259.1896; 170; 627.4; 
567; 0; 1259.1898; 170; 627.6; 
567; 0; 1259.1898; 170; 627.8; 
567; 0; 1259.1897; 170; 628; 
567; 0; 1259.1895; 170; 628.2; 
567; 0; 1259.1893; 170; 628.4; 
567; 0; 1259.1891; 170; 628.6; 
567; 0; 1259.189; 170; 628.8; 
567; 0; 1259.1888; 170; 629; 
567; 0; 1259.1886; 170; 629.2; 
567; 0; 1259.1887; 170; 629.4; 
567; 0; 1257.7424; 170; 629.6; 
567; 0; 1257.7427; 170; 629.8; 
567; 0; 1257.7429; 0; 630; 
567; 0; 0; 0; 630.2; 
567; 0; 0; 0; 630.4; 
567; 0; 0; 0; 630.6; 
567; 0; 0; 0; 630.8; 
567; 0; 0; 0; 631; 
567; 0; 0; 0; 631.2; 
567; 0; 0; 0; 631.4; 
567; 0; 0; 0; 631.6; 
567; 0; 0; 0; 631.8; 
567; 0; 0; 0; 632; 
567; 0; 0; 0; 632.2; 
567; 0; 0; 0; 632.4; 
567; 0; 0; 0; 632.6; 
567; 0; 0; 0; 632.8; 
567; 0; 0; 0; 633; 
567; 0; 0; 0; 633.2; 
567; 0; 0; 0; 633.4; 
567; 0; 0; 0; 633.6; 
567; 0; 0; 0; 633.8; 
567; 0; 0; 0; 634; 
567; 0; 0; 0; 634.2; 
567; 0; 0; 0; 634.4; 
567; 0; 0; 0; 634.6; 
567; 0; 0; 0; 634.8; 
567; 0; 0; 0; 635; 
567; 0; 0; 0; 635.2; 
567; 0; 0; 0; 635.4; 
567; 0; 0; 0; 635.6; 
567; 0; 0; 0; 635.8; 
567; 0; 0; 0; 636; 
567; 0; 0; 0; 636.2; 
567; 0; 0; 0; 636.4; 
567; 0; 0; 0; 636.6; 
567; 0; 0; 0; 636.8; 
567; 0; 0; 0; 637; 
567; 0; 0; 0; 637.2; 
567; 0; 0; 0; 637.4; 
567; 0; 0; 0; 637.6; 
567; 0; 0; 0; 637.8; 
567; 0; 0; 0; 638; 
567; 0; 0; 0; 638.2; 
567; 0; 0; 0; 638.4; 
567; 0; 0; 0; 638.6; 
567; 0; 0; 0; 638.8; 
567; 0; 0; 0; 639; 
567; 0; 0; 0; 639.2; 
567; 0; 0; 0; 639.4; 
567; 0; 0; 0; 639.6; 
567; 0; 0; 0; 639.8; 
567; 0; 0; 0; 640; 
567; 0; 0; 0; 640.2; 
567; 0; 0; 0; 640.4; 
567; 0; 0; 0; 640.6; 
567; 0; 0; 0; 640.8; 
567; 0; 0; 0; 641; 
567; 0; 0; 0; 641.2; 
567; 0; 0; 0; 641.4; 
567; 0; 0; 0; 641.6; 
567; 0; 0; 0; 641.8; 
567; 0; 0; 0; 642; 
567; 0; 0; 0; 642.2; 
567; 0; 0; 0; 642.4; 
567; 0; 0; 0; 642.6; 
567; 0; 0; 0; 642.8; 
567; 0; 0; 0; 643; 
567; 0; 0; 0; 643.2; 
567; 0; 0; 0; 643.4; 
567; 0; 0; 0; 643.6; 
567; 0; 0; 0; 643.8; 
567; 0; 0; 0; 644; 
567; 0; 0; 0; 644.2; 
567; 0; 0; 0; 644.4; 
567; 0; 0; 0; 644.6; 
567; 0; 0; 0; 644.8; 
567; 0; 0; 0; 645; 
567; 0; 0; 0; 645.2; 
567; 0; 0; 0; 645.4; 
567; 0; 0; 0; 645.6; 
567; 0; 0; 0; 645.8; 
567; 0; 0; 0; 646; 
567; 0; 0; 0; 646.2; 
567; 0; 0; 0; 646.4; 
567; 0; 0; 0; 646.6; 
567; 0; 0; 0; 646.8; 
567; 0; 0; 0; 647; 
567; 0; 0; 0; 647.2; 
567; 0; 0; 0; 647.4; 
567; 0; 0; 0; 647.6; 
567; 0; 0; 0; 647.8; 
567; 0; 0; 0; 648; 
567; 0; 0; 0; 648.2; 
567; 0; 0; 0; 648.4; 
567; 0; 0; 0; 648.6; 
567; 0; 0; 0; 648.8; 
567; 0; 0; 0; 649; 
567; 0; 0; 0; 649.2; 
567; 0; 0; 0; 649.4; 
567; 0; 0; 0; 649.6; 
567; 0; 0; 0; 649.8; 
567; 0; 0; 0; 650; 
567; 0; 0; 0; 650.2; 
567; 0; 0; 0; 650.4; 
567; 0; 0; 0; 650.6; 
567; 0; 0; 0; 650.8; 
567; 0; 0; 0; 651; 
567; 0; 0; 0; 651.2; 
567; 0; 0; 0; 651.4; 
567; 0; 0; 0; 651.6; 
567; 0; 0; 0; 651.8; 
567; 0; 0; 0; 652; 
567; 0; 0; 0; 652.2; 
567; 0; 0; 0; 652.4; 
567; 0; 0; 0; 652.6; 
567; 0; 0; 0; 652.8; 
567; 0; 0; 0; 653; 
567; 0; 0; 0; 653.2; 
567; 0; 0; 0; 653.4; 
567; 0; 0; 0; 653.6; 
567; 0; 0; 0; 653.8; 
567; 0; 0; 0; 654; 
567; 0; 0; 0; 654.2; 
567; 0; 0; 0; 654.4; 
567; 0; 0; 0; 654.6; 
567; 0; 0; 0; 654.8; 
567; 0; 0; 0; 655; 
567; 0; 0; 0; 655.2; 
567; 0; 0; 0; 655.4; 
567; 0; 0; 0; 655.6; 
567; 0; 0; 0; 655.8; 
567; 0; 0; 0; 656; 
567; 0; 0; 0; 656.2; 
567; 0; 0; 0; 656.4; 
567; 0; 0; 0; 656.6; 
567; 0; 0; 0; 656.8; 
567; 0; 0; 0; 657; 
567; 0; 0; 0; 657.2; 
567; 0; 0; 0; 657.4; 
567; 0; 0; 0; 657.6; 
567; 0; 0; 0; 657.8; 
567; 0; 0; 0; 658; 
567; 0; 0; 0; 658.2; 
567; 0; 0; 0; 658.4; 
567; 0; 0; 0; 658.6; 
567; 0; 0; 0; 658.8; 
567; 0; 0; 0; 659; 
567; 0; 0; 0; 659.2; 
567; 0; 0; 0; 659.4; 
567; 0; 0; 0; 659.6; 
567; 0; 0; 0; 659.8; 
567; 0; 0; 0; 660; 
567; 0; 0; 0; 660.2; 
567; 0; 0; 0; 660.4; 
567; 0; 0; 0; 660.6; 
567; 0; 0; 0; 660.8; 
567; 0; 0; 0; 661; 
567; 0; 0; 0; 661.2; 
567; 0; 0; 0; 661.4; 
567; 0; 0; 0; 661.6; 
567; 0; 0; 0; 661.8; 
567; 0; 0; 0; 662; 
567; 0; 0; 0; 662.2; 
567; 0; 0; 0; 662.4; 
567; 0; 0; 0; 662.6; 
567; 0; 0; 0; 662.8; 
567; 0; 0; 0; 663; 
567; 0; 0; 0; 663.2; 
567; 0; 0; 0; 663.4; 
567; 0; 0; 0; 663.6; 
567; 0; 0; 0; 663.8; 
567; 0; 0; 0; 664; 
567; 0; 0; 0; 664.2; 
567; 0; 0; 0; 664.4; 
567; 0; 0; 0; 664.6; 
567; 0; 0; 0; 664.8; 
567; 0; 0; 0; 665; 
567; 0; 0; 0; 665.2; 
567; 0; 0; 0; 665.4; 
567; 0; 0; 0; 665.6; 
567; 0; 0; 0; 665.8; 
567; 0; 0; 0; 666; 
567; 0; 0; 0; 666.2; 
567; 0; 0; 0; 666.4; 
567; 0; 0; 0; 666.6; 
567; 0; 0; 0; 666.8; 
567; 0; 0; 0; 667; 
567; 0; 0; 0; 667.2; 
567; 0; 0; 0; 667.4; 
567; 0; 0; 0; 667.6; 
567; 0; 0; 0; 667.8; 
567; 0; 0; 0; 668; 
567; 0; 0; 0; 668.2; 
567; 0; 0; 0; 668.4; 
567; 0; 0; 0; 668.6; 
567; 0; 0; 0; 668.8; 
567; 0; 0; 0; 669; 
567; 0; 0; 0; 669.2; 
567; 0; 0; 0; 669.4; 
567; 0; 0; 0; 669.6; 
567; 0; 0; 0; 669.8; 
567; 0; 0; 0; 670; 
567; 0; 0; 0; 670.2; 
567; 0; 0; 0; 670.4; 
567; 0; 0; 0; 670.6; 
567; 0; 0; 0; 670.8; 
567; 0; 0; 0; 671; 
567; 0; 0; 0; 671.2; 
567; 0; 0; 0; 671.4; 
567; 0; 0; 0; 671.6; 
567; 0; 0; 0; 671.8; 
567; 0; 0; 0; 672; 
567; 0; 0; 0; 672.2; 
567; 0; 0; 0; 672.4; 
567; 0; 0; 0; 672.6; 
567; 0; 0; 0; 672.8; 
567; 0; 0; 0; 673; 
567; 0; 0; 0; 673.2; 
567; 0; 0; 0; 673.4; 
567; 0; 0; 0; 673.6; 
567; 0; 0; 0; 673.8; 
567; 0; 0; 0; 674; 
567; 0; 0; 0; 674.2; 
567; 0; 0; 0; 674.4; 
567; 0; 0; 0; 674.6; 
567; 0; 0; 0; 674.8; 
567; 0; 0; 0; 675; 
567; 0; 0; 0; 675.2; 
567; 0; 0; 0; 675.4; 
567; 0; 0; 0; 675.6; 
567; 0; 0; 0; 675.8; 
567; 0; 0; 0; 676; 
567; 0; 0; 0; 676.2; 
567; 0; 0; 0; 676.4; 
567; 0; 0; 0; 676.6; 
567; 0; 0; 0; 676.8; 
567; 0; 0; 0; 677; 
567; 0; 0; 0; 677.2; 
567; 0; 0; 0; 677.4; 
567; 0; 0; 0; 677.6; 
567; 0; 0; 0; 677.8; 
567; 0; 0; 0; 678; 
567; 0; 0; 0; 678.2; 
567; 0; 0; 0; 678.4; 
567; 0; 0; 0; 678.6; 
567; 0; 0; 0; 678.8; 
567; 0; 0; 0; 679; 
567; 0; 0; 0; 679.2; 
567; 0; 0; 0; 679.4; 
567; 0; 0; 0; 679.6; 
567; 0; 0; 0; 679.8; 
567; 0; 0; 0; 680; 
567; 0; 0; 0; 680.2; 
567; 0; 0; 0; 680.4; 
567; 0; 0; 0; 680.6; 
567; 0; 0; 0; 680.8; 
567; 0; 0; 0; 681; 
567; 0; 0; 0; 681.2; 
567; 0; 0; 0; 681.4; 
567; 0; 0; 0; 681.6; 
567; 0; 0; 0; 681.8; 
567; 0; 0; 0; 682; 
567; 0; 0; 0; 682.2; 
567; 0; 0; 0; 682.4; 
567; 0; 0; 0; 682.6; 
567; 0; 0; 0; 682.8; 
567; 0; 0; 0; 683; 
567; 0; 0; 0; 683.2; 
567; 0; 0; 0; 683.4; 
567; 0; 0; 0; 683.6; 
567; 0; 0; 0; 683.8; 
567; 0; 0; 0; 684; 
567; 0; 0; 0; 684.2; 
567; 0; 0; 0; 684.4; 
567; 0; 0; 0; 684.6; 
567; 0; 0; 0; 684.8; 
567; 0; 0; 0; 685; 
567; 0; 0; 0; 685.2; 
567; 0; 0; 0; 685.4; 
567; 0; 0; 0; 685.6; 
567; 0; 0; 0; 685.8; 
567; 0; 0; 0; 686; 
567; 0; 0; 0; 686.2; 
567; 0; 0; 0; 686.4; 
567; 0; 0; 0; 686.6; 
567; 0; 0; 0; 686.8; 
567; 0; 0; 0; 687; 
567; 0; 0; 0; 687.2; 
567; 0; 0; 0; 687.4; 
567; 0; 0; 0; 687.6; 
567; 0; 0; 0; 687.8; 
567; 0; 0; 0; 688; 
567; 0; 0; 0; 688.2; 
567; 0; 0; 0; 688.4; 
567; 0; 0; 0; 688.6; 
567; 0; 0; 0; 688.8; 
567; 0; 0; 0; 689; 
567; 0; 0; 0; 689.2; 
567; 0; 0; 0; 689.4; 
567; 0; 0; 0; 689.6; 
567; 0; 0; 0; 689.8; 
567; 0; 0; 0; 690; 
567; 0; 0; 0; 690.2; 
567; 0; 0; 0; 690.4; 
567; 0; 0; 0; 690.6; 
567; 0; 0; 0; 690.8; 
567; 0; 0; 0; 691; 
567; 0; 0; 0; 691.2; 
567; 0; 0; 0; 691.4; 
567; 0; 0; 0; 691.6; 
567; 0; 0; 0; 691.8; 
567; 0; 0; 0; 692; 
567; 0; 0; 0; 692.2; 
567; 0; 0; 0; 692.4; 
567; 0; 0; 0; 692.6; 
567; 0; 0; 0; 692.8; 
567; 0; 0; 0; 693; 
567; 0; 0; 0; 693.2; 
567; 0; 0; 0; 693.4; 
567; 0; 0; 0; 693.6; 
567; 0; 0; 0; 693.8; 
567; 0; 0; 0; 694; 
567; 0; 0; 0; 694.2; 
567; 0; 0; 0; 694.4; 
567; 0; 0; 0; 694.6; 
567; 0; 0; 0; 694.8; 
567; 0; 0; 0; 695; 
567; 0; 0; 0; 695.2; 
567; 0; 0; 0; 695.4; 
567; 0; 0; 0; 695.6; 
567; 0; 0; 0; 695.8; 
567; 0; 0; 0; 696; 
567; 0; 0; 0; 696.2; 
567; 0; 0; 0; 696.4; 
567; 0; 0; 0; 696.6; 
567; 0; 0; 0; 696.8; 
567; 0; 0; 0; 697; 
567; 0; 0; 0; 697.2; 
567; 0; 0; 0; 697.4; 
567; 0; 0; 0; 697.6; 
567; 0; 0; 0; 697.8; 
567; 0; 0; 0; 698; 
567; 0; 0; 0; 698.2; 
567; 0; 0; 0; 698.4; 
567; 0; 0; 0; 698.6; 
567; 0; 0; 0; 698.8; 
567; 0; 0; 0; 699; 
567; 0; 0; 0; 699.2; 
567; 0; 0; 0; 699.4; 
567; 0; 0; 0; 699.6; 
567; 0; 0; 0; 699.8; 
567; 0; 0; 0; 700; 
567; 0; 0; 0; 700.2; 
567; 0; 0; 0; 700.4; 
567; 0; 0; 0; 700.6; 
567; 0; 0; 0; 700.8; 
567; 0; 0; 0; 701; 
567; 0; 0; 0; 701.2; 
567; 0; 0; 0; 701.4; 
567; 0; 0; 0; 701.6; 
567; 0; 0; 0; 701.8; 
567; 0; 0; 0; 702; 
567; 0; 0; 0; 702.2; 
567; 0; 0; 0; 702.4; 
567; 0; 0; 0; 702.6; 
567; 0; 0; 0; 702.8; 
567; 0; 0; 0; 703; 
567; 0; 0; 0; 703.2; 
567; 0; 0; 0; 703.4; 
567; 0; 0; 0; 703.6; 
567; 0; 0; 0; 703.8; 
567; 0; 0; 0; 704; 
567; 0; 0; 0; 704.2; 
567; 0; 0; 0; 704.4; 
567; 0; 0; 0; 704.6; 
567; 0; 0; 0; 704.8; 
567; 0; 0; 0; 705; 
567; 0; 0; 0; 705.2; 
567; 0; 0; 0; 705.4; 
567; 0; 0; 0; 705.6; 
567; 0; 0; 0; 705.8; 
567; 0; 0; 0; 706; 
567; 0; 0; 0; 706.2; 
567; 0; 0; 0; 706.4; 
567; 0; 0; 0; 706.6; 
567; 0; 0; 0; 706.8; 
567; 0; 0; 0; 707; 
567; 0; 0; 0; 707.2; 
567; 0; 0; 0; 707.4; 
567; 0; 0; 0; 707.6; 
567; 0; 0; 0; 707.8; 
567; 0; 0; 0; 708; 
567; 0; 0; 0; 708.2; 
567; 0; 0; 0; 708.4; 
567; 0; 0; 0; 708.6; 
567; 0; 0; 0; 708.8; 
567; 0; 0; 0; 709; 
567; 0; 0; 0; 709.2; 
567; 0; 0; 0; 709.4; 
567; 0; 0; 0; 709.6; 
567; 0; 0; 0; 709.8; 
567; 0; 0; 0; 710; 
567; 0; 0; 0; 710.2; 
567; 0; 0; 0; 710.4; 
567; 0; 0; 0; 710.6; 
567; 0; 0; 0; 710.8; 
567; 0; 0; 0; 711; 
567; 0; 0; 0; 711.2; 
567; 0; 0; 0; 711.4; 
567; 0; 0; 0; 711.6; 
567; 0; 0; 0; 711.8; 
567; 0; 0; 0; 712; 
567; 0; 0; 0; 712.2; 
567; 0; 0; 0; 712.4; 
567; 0; 0; 0; 712.6; 
567; 0; 0; 0; 712.8; 
567; 0; 0; 0; 713; 
567; 0; 0; 0; 713.2; 
567; 0; 0; 0; 713.4; 
567; 0; 0; 0; 713.6; 
567; 0; 0; 0; 713.8; 
567; 0; 0; 0; 714; 
567; 0; 0; 0; 714.2; 
567; 0; 0; 0; 714.4; 
567; 0; 0; 0; 714.6; 
567; 0; 0; 0; 714.8; 
567; 0; 0; 0; 715; 
567; 0; 0; 0; 715.2; 
567; 0; 0; 0; 715.4; 
567; 0; 0; 0; 715.6; 
567; 0; 0; 0; 715.8; 
567; 0; 0; 0; 716; 
567; 0; 0; 0; 716.2; 
567; 0; 0; 0; 716.4; 
567; 0; 0; 0; 716.6; 
567; 0; 0; 0; 716.8; 
567; 0; 0; 0; 717; 
567; 0; 0; 0; 717.2; 
567; 0; 0; 0; 717.4; 
567; 0; 0; 0; 717.6; 
567; 0; 0; 0; 717.8; 
567; 0; 0; 0; 718; 
567; 0; 0; 0; 718.2; 
567; 0; 0; 0; 718.4; 
567; 0; 0; 0; 718.6; 
567; 0; 0; 0; 718.8; 
567; 0; 0; 0; 719; 
567; 0; 0; 0; 719.2; 
567; 0; 0; 0; 719.4; 
567; 0; 0; 0; 719.6; 
567; 0; 0; 0; 719.8; 
567; 0; 0; 0; 720; 
567; 0; 0; 0; 720.2; 
567; 0; 0; 0; 720.4; 
567; 0; 0; 0; 720.6; 
567; 0; 0; 0; 720.8; 
567; 0; 0; 0; 721; 
567; 0; 0; 0; 721.2; 
567; 0; 0; 0; 721.4; 
567; 0; 0; 0; 721.6; 
567; 0; 0; 0; 721.8; 
567; 0; 0; 0; 722; 
567; 0; 0; 0; 722.2; 
567; 0; 0; 0; 722.4; 
567; 0; 0; 0; 722.6; 
567; 0; 0; 0; 722.8; 
567; 0; 0; 0; 723; 
567; 0; 0; 0; 723.2; 
567; 0; 0; 0; 723.4; 
567; 0; 0; 0; 723.6; 
567; 0; 0; 0; 723.8; 
567; 0; 0; 0; 724; 
567; 0; 0; 0; 724.2; 
567; 0; 0; 0; 724.4; 
567; 0; 0; 0; 724.6; 
567; 0; 0; 0; 724.8; 
567; 0; 0; 0; 725; 
567; 0; 0; 0; 725.2; 
567; 0; 0; 0; 725.4; 
567; 0; 0; 0; 725.6; 
567; 0; 0; 0; 725.8; 
567; 0; 0; 0; 726; 
567; 0; 0; 0; 726.2; 
567; 0; 0; 0; 726.4; 
567; 0; 0; 0; 726.6; 
567; 0; 0; 0; 726.8; 
567; 0; 0; 0; 727; 
567; 0; 0; 0; 727.2; 
567; 0; 0; 0; 727.4; 
567; 0; 0; 0; 727.6; 
567; 0; 0; 0; 727.8; 
567; 0; 0; 0; 728; 
567; 0; 0; 0; 728.2; 
567; 0; 0; 0; 728.4; 
567; 0; 0; 0; 728.6; 
567; 0; 0; 0; 728.8; 
567; 0; 0; 0; 729; 
567; 0; 0; 0; 729.2; 
567; 0; 0; 0; 729.4; 
567; 0; 0; 0; 729.6; 
567; 0; 0; 0; 729.8; 
567; 0; 0; 0; 730; 
567; 0; 0; 0; 730.2; 
567; 0; 0; 0; 730.4; 
567; 0; 0; 0; 730.6; 
567; 0; 0; 0; 730.8; 
567; 0; 0; 0; 731; 
567; 0; 0; 0; 731.2; 
567; 0; 0; 0; 731.4; 
567; 0; 0; 0; 731.6; 
567; 0; 0; 0; 731.8; 
567; 0; 0; 0; 732; 
567; 0; 0; 0; 732.2; 
567; 0; 0; 0; 732.4; 
567; 0; 0; 0; 732.6; 
567; 0; 0; 0; 732.8; 
567; 0; 0; 0; 733; 
567; 0; 0; 0; 733.2; 
567; 0; 0; 0; 733.4; 
567; 0; 0; 0; 733.6; 
567; 0; 0; 0; 733.8; 
567; 0; 0; 0; 734; 
567; 0; 0; 0; 734.2; 
567; 0; 0; 0; 734.4; 
567; 0; 0; 0; 734.6; 
567; 0; 0; 0; 734.8; 
567; 0; 0; 0; 735; 
567; 0; 0; 0; 735.2; 
567; 0; 0; 0; 735.4; 
567; 0; 0; 0; 735.6; 
567; 0; 0; 0; 735.8; 
567; 0; 0; 0; 736; 
567; 0; 0; 0; 736.2; 
567; 0; 0; 0; 736.4; 
567; 0; 0; 0; 736.6; 
567; 0; 0; 0; 736.8; 
567; 0; 0; 0; 737; 
567; 0; 0; 0; 737.2; 
567; 0; 0; 0; 737.4; 
567; 0; 0; 0; 737.6; 
567; 0; 0; 0; 737.8; 
567; 0; 0; 0; 738; 
567; 0; 0; 0; 738.2; 
567; 0; 0; 0; 738.4; 
567; 0; 0; 0; 738.6; 
567; 0; 0; 0; 738.8; 
567; 0; 0; 0; 739; 
567; 0; 0; 0; 739.2; 
567; 0; 0; 0; 739.4; 
567; 0; 0; 0; 739.6; 
567; 0; 0; 0; 739.8; 
567; 0; 0; 0; 740; 
567; 0; 0; 0; 740.2; 
567; 0; 0; 0; 740.4; 
567; 0; 0; 0; 740.6; 
567; 0; 0; 0; 740.8; 
567; 0; 0; 0; 741; 
567; 0; 0; 0; 741.2; 
567; 0; 0; 0; 741.4; 
567; 0; 0; 0; 741.6; 
567; 0; 0; 0; 741.8; 
567; 0; 0; 0; 742; 
567; 0; 0; 0; 742.2; 
567; 0; 0; 0; 742.4; 
567; 0; 0; 0; 742.6; 
567; 0; 0; 0; 742.8; 
567; 0; 0; 0; 743; 
567; 0; 0; 0; 743.2; 
567; 0; 0; 0; 743.4; 
567; 0; 0; 0; 743.6; 
567; 0; 0; 0; 743.8; 
567; 0; 0; 0; 744; 
567; 0; 0; 0; 744.2; 
567; 0; 0; 0; 744.4; 
567; 0; 0; 0; 744.6; 
567; 0; 0; 0; 744.8; 
567; 0; 0; 0; 745; 
567; 0; 0; 0; 745.2; 
567; 0; 0; 0; 745.4; 
567; 0; 0; 0; 745.6; 
567; 0; 0; 0; 745.8; 
567; 0; 0; 0; 746; 
567; 0; 0; 0; 746.2; 
567; 0; 0; 0; 746.4; 
567; 0; 0; 0; 746.6; 
567; 0; 0; 0; 746.8; 
567; 0; 0; 0; 747; 
567; 0; 0; 0; 747.2; 
567; 0; 0; 0; 747.4; 
567; 0; 0; 0; 747.6; 
567; 0; 0; 0; 747.8; 
567; 0; 0; 0; 748; 
567; 0; 0; 0; 748.2; 
567; 0; 0; 0; 748.4; 
567; 0; 0; 0; 748.6; 
567; 0; 0; 0; 748.8; 
567; 0; 0; 0; 749; 
567; 0; 0; 0; 749.2; 
567; 0; 0; 0; 749.4; 
567; 0; 0; 0; 749.6; 
567; 0; 0; 0; 749.8; 
567; 0; 0; 0; 750; 
567; 0; 0; 0; 750.2; 
567; 0; 0; 0; 750.4; 
567; 0; 0; 0; 750.6; 
567; 0; 0; 0; 750.8; 
567; 0; 0; 0; 751; 
567; 0; 0; 0; 751.2; 
567; 0; 0; 0; 751.4; 
567; 0; 0; 0; 751.6; 
567; 0; 0; 0; 751.8; 
567; 0; 0; 0; 752; 
567; 0; 0; 0; 752.2; 
567; 0; 0; 0; 752.4; 
567; 0; 0; 0; 752.6; 
567; 0; 0; 0; 752.8; 
567; 0; 0; 0; 753; 
567; 0; 0; 0; 753.2; 
567; 0; 0; 0; 753.4; 
567; 0; 0; 0; 753.6; 
567; 0; 0; 0; 753.8; 
567; 0; 0; 0; 754; 
567; 0; 0; 0; 754.2; 
567; 0; 0; 0; 754.4; 
567; 0; 0; 0; 754.6; 
567; 0; 0; 0; 754.8; 
567; 0; 0; 0; 755; 
567; 0; 0; 0; 755.2; 
567; 0; 0; 0; 755.4; 
567; 0; 0; 0; 755.6; 
567; 0; 0; 0; 755.8; 
567; 0; 0; 0; 756; 
567; 0; 0; 0; 756.2; 
567; 0; 0; 0; 756.4; 
567; 0; 0; 0; 756.6; 
567; 0; 0; 0; 756.8; 
567; 0; 0; 0; 757; 
567; 0; 0; 0; 757.2; 
567; 0; 0; 0; 757.4; 
567; 0; 0; 0; 757.6; 
567; 0; 0; 0; 757.8; 
567; 0; 0; 0; 758; 
567; 0; 0; 0; 758.2; 
567; 0; 0; 0; 758.4; 
567; 0; 0; 0; 758.6; 
567; 0; 0; 0; 758.8; 
567; 0; 0; 0; 759; 
567; 0; 0; 0; 759.2; 
567; 0; 0; 0; 759.4; 
567; 0; 0; 0; 759.6; 
567; 0; 0; 0; 759.8; 
567; 0; 0; 0; 760; 
567; 0; 0; 0; 760.2; 
567; 0; 0; 0; 760.4; 
567; 0; 0; 0; 760.6; 
567; 0; 0; 0; 760.8; 
567; 0; 0; 0; 761; 
567; 0; 0; 0; 761.2; 
567; 0; 0; 0; 761.4; 
567; 0; 0; 0; 761.6; 
567; 0; 0; 0; 761.8; 
567; 0; 0; 0; 762; 
567; 0; 0; 0; 762.2; 
567; 0; 0; 0; 762.4; 
567; 0; 0; 0; 762.6; 
567; 0; 0; 0; 762.8; 
567; 0; 0; 0; 763; 
567; 0; 0; 0; 763.2; 
567; 0; 0; 0; 763.4; 
567; 0; 0; 0; 763.6; 
567; 0; 0; 0; 763.8; 
567; 0; 0; 0; 764; 
567; 0; 0; 0; 764.2; 
567; 0; 0; 0; 764.4; 
567; 0; 0; 0; 764.6; 
567; 0; 0; 0; 764.8; 
567; 0; 0; 0; 765; 
567; 0; 0; 0; 765.2; 
567; 0; 0; 0; 765.4; 
567; 0; 0; 0; 765.6; 
567; 0; 0; 0; 765.8; 
567; 0; 0; 0; 766; 
567; 0; 0; 0; 766.2; 
567; 0; 0; 0; 766.4; 
567; 0; 0; 0; 766.6; 
567; 0; 0; 0; 766.8; 
567; 0; 0; 0; 767; 
567; 0; 0; 0; 767.2; 
567; 0; 0; 0; 767.4; 
567; 0; 0; 0; 767.6; 
567; 0; 0; 0; 767.8; 
567; 0; 0; 0; 768; 
567; 0; 0; 0; 768.2; 
567; 0; 0; 0; 768.4; 
567; 0; 0; 0; 768.6; 
567; 0; 0; 0; 768.8; 
567; 0; 0; 0; 769; 
567; 0; 0; 0; 769.2; 
567; 0; 0; 0; 769.4; 
567; 0; 0; 0; 769.6; 
567; 0; 0; 0; 769.8; 
567; 0; 0; 0; 770; 
567; 0; 0; 0; 770.2; 
567; 0; 0; 0; 770.4; 
567; 0; 0; 0; 770.6; 
567; 0; 0; 0; 770.8; 
567; 0; 0; 0; 771; 
567; 0; 0; 0; 771.2; 
567; 0; 0; 0; 771.4; 
567; 0; 0; 0; 771.6; 
567; 0; 0; 0; 771.8; 
567; 0; 0; 0; 772; 
567; 0; 0; 0; 772.2; 
567; 0; 0; 0; 772.4; 
567; 0; 0; 0; 772.6; 
567; 0; 0; 0; 772.8; 
567; 0; 0; 0; 773; 
567; 0; 0; 0; 773.2; 
567; 0; 0; 0; 773.4; 
567; 0; 0; 0; 773.6; 
567; 0; 0; 0; 773.8; 
567; 0; 0; 0; 774; 
567; 0; 0; 0; 774.2; 
567; 0; 0; 0; 774.4; 
567; 0; 0; 0; 774.6; 
567; 0; 0; 0; 774.8; 
567; 0; 0; 0; 775; 
567; 0; 0; 0; 775.2; 
567; 0; 0; 0; 775.4; 
567; 0; 0; 0; 775.6; 
567; 0; 0; 0; 775.8; 
567; 0; 0; 0; 776; 
567; 0; 0; 0; 776.2; 
567; 0; 0; 0; 776.4; 
567; 0; 0; 0; 776.6; 
567; 0; 0; 0; 776.8; 
567; 0; 0; 0; 777; 
567; 0; 0; 0; 777.2; 
567; 0; 0; 0; 777.4; 
567; 0; 0; 0; 777.6; 
567; 0; 0; 0; 777.8; 
567; 0; 0; 0; 778; 
567; 0; 0; 0; 778.2; 
567; 0; 0; 0; 778.4; 
567; 0; 0; 0; 778.6; 
567; 0; 0; 0; 778.8; 
567; 0; 0; 0; 779; 
567; 0; 0; 0; 779.2; 
567; 0; 0; 0; 779.4; 
567; 0; 0; 0; 779.6; 
567; 0; 0; 0; 779.8; 
567; 0; 0; 0; 780; 
567; 0; 0; 0; 780.2; 
567; 0; 0; 0; 780.4; 
567; 0; 0; 0; 780.6; 
567; 0; 0; 0; 780.8; 
567; 0; 0; 0; 781; 
567; 0; 0; 0; 781.2; 
567; 0; 0; 0; 781.4; 
567; 0; 0; 0; 781.6; 
567; 0; 0; 0; 781.8; 
567; 0; 0; 0; 782; 
567; 0; 0; 0; 782.2; 
567; 0; 0; 0; 782.4; 
567; 0; 0; 0; 782.6; 
567; 0; 0; 0; 782.8; 
567; 0; 0; 0; 783; 
567; 0; 0; 0; 783.2; 
567; 0; 0; 0; 783.4; 
567; 0; 0; 0; 783.6; 
567; 0; 0; 0; 783.8; 
567; 0; 0; 0; 784; 
567; 0; 0; 0; 784.2; 
567; 0; 0; 0; 784.4; 
567; 0; 0; 0; 784.6; 
567; 0; 0; 0; 784.8; 
567; 0; 0; 0; 785; 
567; 0; 0; 0; 785.2; 
567; 0; 0; 0; 785.4; 
567; 0; 0; 0; 785.6; 
567; 0; 0; 0; 785.8; 
567; 0; 0; 0; 786; 
567; 0; 0; 0; 786.2; 
567; 0; 0; 0; 786.4; 
567; 0; 0; 0; 786.6; 
567; 0; 0; 0; 786.8; 
567; 0; 0; 0; 787; 
567; 0; 0; 0; 787.2; 
567; 0; 0; 0; 787.4; 
567; 0; 0; 0; 787.6; 
567; 0; 0; 0; 787.8; 
567; 0; 0; 0; 788; 
567; 0; 0; 0; 788.2; 
567; 0; 0; 0; 788.4; 
567; 0; 0; 0; 788.6; 
567; 0; 0; 0; 788.8; 
567; 0; 0; 0; 789; 
567; 0; 0; 0; 789.2; 
567; 0; 0; 0; 789.4; 
567; 0; 0; 0; 789.6; 
567; 0; 0; 0; 789.8; 
567; 0; 0; 0; 790; 
567; 0; 0; 0; 790.2; 
567; 0; 0; 0; 790.4; 
567; 0; 0; 0; 790.6; 
567; 0; 0; 0; 790.8; 
567; 0; 0; 0; 791; 
567; 0; 0; 0; 791.2; 
567; 0; 0; 0; 791.4; 
567; 0; 0; 0; 791.6; 
567; 0; 0; 0; 791.8; 
567; 0; 0; 0; 792; 
567; 0; 0; 0; 792.2; 
567; 0; 0; 0; 792.4; 
567; 0; 0; 0; 792.6; 
567; 0; 0; 0; 792.8; 
567; 0; 0; 0; 793; 
567; 0; 0; 0; 793.2; 
567; 0; 0; 0; 793.4; 
567; 0; 0; 0; 793.6; 
567; 0; 0; 0; 793.8; 
567; 0; 0; 0; 794; 
567; 0; 0; 0; 794.2; 
567; 0; 0; 0; 794.4; 
567; 0; 0; 0; 794.6; 
567; 0; 0; 0; 794.8; 
567; 0; 0; 0; 795; 
567; 0; 0; 0; 795.2; 
567; 0; 0; 0; 795.4; 
567; 0; 0; 0; 795.6; 
567; 0; 0; 0; 795.8; 
567; 0; 0; 0; 796; 
567; 0; 0; 0; 796.2; 
567; 0; 0; 0; 796.4; 
567; 0; 0; 0; 796.6; 
567; 0; 0; 0; 796.8; 
567; 0; 0; 0; 797; 
567; 0; 0; 0; 797.2; 
567; 0; 0; 0; 797.4; 
567; 0; 0; 0; 797.6; 
567; 0; 0; 0; 797.8; 
567; 0; 0; 0; 798; 
567; 0; 0; 0; 798.2; 
567; 0; 0; 0; 798.4; 
567; 0; 0; 0; 798.6; 
567; 0; 0; 0; 798.8; 
567; 0; 0; 0; 799; 
567; 0; 0; 0; 799.2; 
567; 0; 0; 0; 799.4; 
567; 0; 0; 0; 799.6; 
567; 0; 0; 0; 799.8; 
567; 0; 0; 0; 800; 
567; 0; 0; 0; 800.2; 
567; 0; 0; 0; 800.4; 
567; 0; 0; 0; 800.6; 
567; 0; 0; 0; 800.8; 
567; 0; 0; 0; 801; 
567; 0; 0; 0; 801.2; 
567; 0; 0; 0; 801.4; 
567; 0; 0; 0; 801.6; 
567; 0; 0; 0; 801.8; 
567; 0; 0; 0; 802; 
567; 0; 0; 0; 802.2; 
567; 0; 0; 0; 802.4; 
567; 0; 0; 0; 802.6; 
567; 0; 0; 0; 802.8; 
567; 0; 0; 0; 803; 
567; 0; 0; 0; 803.2; 
567; 0; 0; 0; 803.4; 
567; 0; 0; 0; 803.6; 
567; 0; 0; 0; 803.8; 
567; 0; 0; 0; 804; 
567; 0; 0; 0; 804.2; 
567; 0; 0; 0; 804.4; 
567; 0; 0; 0; 804.6; 
567; 0; 0; 0; 804.8; 
567; 0; 0; 0; 805; 
567; 0; 0; 0; 805.2; 
567; 0; 0; 0; 805.4; 
567; 0; 0; 0; 805.6; 
567; 0; 0; 0; 805.8; 
567; 0; 0; 0; 806; 
567; 0; 0; 0; 806.2; 
567; 0; 0; 0; 806.4; 
567; 0; 0; 0; 806.6; 
567; 0; 0; 0; 806.8; 
567; 0; 0; 0; 807; 
567; 0; 0; 0; 807.2; 
567; 0; 0; 0; 807.4; 
567; 0; 0; 0; 807.6; 
567; 0; 0; 0; 807.8; 
567; 0; 0; 0; 808; 
567; 0; 0; 0; 808.2; 
567; 0; 0; 0; 808.4; 
567; 0; 0; 0; 808.6; 
567; 0; 0; 0; 808.8; 
567; 0; 0; 0; 809; 
567; 0; 0; 0; 809.2; 
567; 0; 0; 0; 809.4; 
567; 0; 0; 0; 809.6; 
567; 0; 0; 0; 809.8; 
567; 0; 0; 0; 810; 
567; 0; 0; 0; 810.2; 
567; 0; 0; 0; 810.4; 
567; 0; 0; 0; 810.6; 
567; 0; 0; 0; 810.8; 
567; 0; 0; 0; 811; 
567; 0; 0; 0; 811.2; 
567; 0; 0; 0; 811.4; 
567; 0; 0; 0; 811.6; 
567; 0; 0; 0; 811.8; 
567; 0; 0; 0; 812; 
567; 0; 0; 0; 812.2; 
567; 0; 0; 0; 812.4; 
567; 0; 0; 0; 812.6; 
567; 0; 0; 0; 812.8; 
567; 0; 0; 0; 813; 
567; 0; 0; 0; 813.2; 
567; 0; 0; 0; 813.4; 
567; 0; 0; 0; 813.6; 
567; 0; 0; 0; 813.8; 
567; 0; 0; 0; 814; 
567; 0; 0; 0; 814.2; 
567; 0; 0; 0; 814.4; 
567; 0; 0; 0; 814.6; 
567; 0; 0; 0; 814.8; 
567; 0; 0; 0; 815; 
567; 0; 0; 0; 815.2; 
567; 0; 0; 0; 815.4; 
567; 0; 0; 0; 815.6; 
567; 0; 0; 0; 815.8; 
567; 0; 0; 0; 816; 
567; 0; 0; 0; 816.2; 
567; 0; 0; 0; 816.4; 
567; 0; 0; 0; 816.6; 
567; 0; 0; 0; 816.8; 
567; 0; 0; 0; 817; 
567; 0; 0; 0; 817.2; 
567; 0; 0; 0; 817.4; 
567; 0; 0; 0; 817.6; 
567; 0; 0; 0; 817.8; 
567; 0; 0; 0; 818; 
567; 0; 0; 0; 818.2; 
567; 0; 0; 0; 818.4; 
567; 0; 0; 0; 818.6; 
567; 0; 0; 0; 818.8; 
567; 0; 0; 0; 819; 
567; 0; 0; 0; 819.2; 
567; 0; 0; 0; 819.4; 
567; 0; 0; 0; 819.6; 
567; 0; 0; 0; 819.8; 
567; 0; 0; 0; 820; 
567; 0; 0; 0; 820.2; 
567; 0; 0; 0; 820.4; 
567; 0; 0; 0; 820.6; 
567; 0; 0; 0; 820.8; 
567; 0; 0; 0; 821; 
567; 0; 0; 0; 821.2; 
567; 0; 0; 0; 821.4; 
567; 0; 0; 0; 821.6; 
567; 0; 0; 0; 821.8; 
567; 0; 0; 0; 822; 
567; 0; 0; 0; 822.2; 
567; 0; 0; 0; 822.4; 
567; 0; 0; 0; 822.6; 
567; 0; 0; 0; 822.8; 
567; 0; 0; 0; 823; 
567; 0; 0; 0; 823.2; 
567; 0; 0; 0; 823.4; 
567; 0; 0; 0; 823.6; 
567; 0; 0; 0; 823.8; 
567; 0; 0; 0; 824; 
567; 0; 0; 0; 824.2; 
