567; 0; 0; 170; 0; 
567; 0; 0; 170; 0.2; 
567; 0; 0; 170; 0.4; 
567; 0; 0; 170; 0.6; 
567; 0; 0; 170; 0.8; 
567; 0; 0; 170; 1; 
567; 0; 0; 170; 1.2; 
567; 0; 0; 170; 1.4; 
567; 0; 0; 170; 1.6; 
567; 0; 0; 170; 1.8; 
567; 0; 0; 170; 2; 
567; 0; 0; 170; 2.2; 
567; 0; 0; 170; 2.4; 
567; 0; 0; 170; 2.6; 
567; 0; 0; 170; 2.8; 
567; 0; 0; 170; 3; 
567; 0; 0; 170; 3.2; 
567; 0; 0; 170; 3.4; 
567; 0; 0; 170; 3.6; 
567; 0; 0; 170; 3.8; 
567; 0; 0; 170; 4; 
567; 0; 0; 170; 4.2; 
567; 0; 0; 170; 4.4; 
567; 0; 0; 170; 4.6; 
567; 0; 0; 170; 4.8; 
567; 0; 0; 170; 5; 
567; 0; 0; 170; 5.2; 
567; 0; 0; 170; 5.4; 
567; 0; 0; 170; 5.6; 
567; 0; 0; 170; 5.8; 
567; 0; 0; 170; 6; 
567; 0; 0; 170; 6.2; 
567; 0; 0; 170; 6.4; 
567; 0; 0; 170; 6.6; 
567; 0; 0; 170; 6.8; 
567; 0; 0; 170; 7; 
567; 0; 0; 170; 7.2; 
567; 0; 0; 170; 7.4; 
567; 0; 0; 170; 7.6; 
567; 0; 0; 170; 7.8; 
567; 0; 0; 170; 8; 
567; 0; 0; 170; 8.2; 
567; 0; 0; 170; 8.4; 
567; 0; 0; 170; 8.6; 
567; 0; 0; 170; 8.8; 
567; 0; 0; 170; 9; 
567; 0; 0; 170; 9.2; 
567; 0; 0; 170; 9.4; 
567; 0; 0; 170; 9.6; 
567; 0; 0; 170; 9.8; 
567; 0; 0; 170; 10; 
567; 0; 0; 170; 10.2; 
567; 0; 0; 170; 10.4; 
567; 0; 0; 170; 10.6; 
567; 0; 0; 170; 10.8; 
567; 0; 0; 170; 11; 
567; 0; 0; 170; 11.2; 
567; 0; 0; 170; 11.4; 
567; 0; 0; 170; 11.6; 
567; 0; 0; 170; 11.8; 
567; 0; 0; 170; 12; 
567; 0; 0; 170; 12.2; 
567; 0; 0; 170; 12.4; 
567; 0; 0; 170; 12.6; 
567; 0; 0; 170; 12.8; 
567; 0; 0; 170; 13; 
567; 0; 0; 170; 13.2; 
567; 0; 0; 170; 13.4; 
567; 0; 0; 170; 13.6; 
567; 0; 0; 170; 13.8; 
567; 0; 0; 170; 14; 
567; 0; 0; 170; 14.2; 
567; 0; 0; 170; 14.4; 
567; 0; 0; 170; 14.6; 
567; 0; 0; 170; 14.8; 
567; 0; 0; 170; 15; 
567; 0; 0; 170; 15.2; 
567; 0; 0; 170; 15.4; 
567; 0; 0; 170; 15.6; 
567; 0; 0; 170; 15.8; 
567; 0; 0; 170; 16; 
567; 0; 0; 170; 16.2; 
567; 0; 0; 170; 16.4; 
567; 0; 0; 170; 16.6; 
567; 0; 0; 170; 16.8; 
567; 0; 0; 170; 17; 
567; 0; 0; 170; 17.2; 
567; 0; 0; 170; 17.4; 
567; 0; 0; 170; 17.6; 
567; 0; 0; 170; 17.8; 
567; 0; 0; 170; 18; 
567; 0; 0; 170; 18.2; 
567; 0; 0; 170; 18.4; 
567; 0; 0; 170; 18.6; 
567; 0; 0; 170; 18.8; 
567; 0; 0; 170; 19; 
567; 0; 0; 170; 19.2; 
567; 0; 0; 170; 19.4; 
567; 0; 0; 170; 19.6; 
567; 0; 0; 170; 19.8; 
567; 0; 0; 170; 20; 
567; 0; 0; 170; 20.2; 
567; 0; 0; 170; 20.4; 
567; 0; 0; 170; 20.6; 
567; 0; 0; 170; 20.8; 
567; 0; 0; 170; 21; 
567; 0; 0; 170; 21.2; 
567; 0; 0; 170; 21.4; 
567; 0; 0; 170; 21.6; 
567; 0; 0; 170; 21.8; 
567; 0; 0; 170; 22; 
567; 0; 0; 170; 22.2; 
567; 0; 0; 170; 22.4; 
567; 0; 0; 170; 22.6; 
567; 0; 0; 170; 22.8; 
567; 0; 0; 170; 23; 
567; 0; 0; 170; 23.2; 
567; 0; 0; 170; 23.4; 
567; 0; 0; 170; 23.6; 
567; 0; 2498.3143; 170; 23.8; 
567; 0; 2498.3143; 170; 24; 
567; 0; 2498.3143; 170; 24.2; 
567; 0; 2498.3143; 170; 24.4; 
567; 0; 2498.3143; 170; 24.6; 
567; 0; 2498.3143; 170; 24.8; 
567; 0; 2498.3143; 170; 25; 
567; 0; 2498.3143; 170; 25.2; 
567; 0; 2498.3143; 170; 25.4; 
567; 0; 2498.3143; 170; 25.6; 
567; 0; 2498.3143; 170; 25.8; 
567; 0; 2498.3143; 170; 26; 
567; 0; 2498.3143; 170; 26.2; 
567; 0; 2498.3143; 170; 26.4; 
567; 0; 2498.3143; 170; 26.6; 
567; 0; 2498.3143; 170; 26.8; 
567; 0; 2498.3143; 170; 27; 
567; 0; 2498.3143; 170; 27.2; 
567; 0; 2498.3143; 170; 27.4; 
567; 0; 2498.3143; 170; 27.6; 
567; 0; 2498.3143; 170; 27.8; 
567; 0; 2498.3143; 170; 28; 
567; 0; 2498.3143; 170; 28.2; 
567; 0; 2498.3143; 170; 28.4; 
567; 0; 2498.3143; 170; 28.6; 
567; 0; 2498.3143; 170; 28.8; 
567; 0; 2498.3143; 170; 29; 
567; 0; 2498.3143; 170; 29.2; 
567; 0; 2498.3143; 170; 29.4; 
567; 0; 2498.3143; 170; 29.6; 
567; 0; 2498.3143; 170; 29.8; 
567; 0; 2498.3143; 170; 30; 
567; 0; 2498.3143; 170; 30.2; 
567; 0; 2498.3143; 170; 30.4; 
567; 0; 2498.3143; 170; 30.6; 
567; 0; 2498.3143; 170; 30.8; 
567; 0; 2498.3143; 170; 31; 
567; 0; 2498.3143; 170; 31.2; 
567; 0; 2498.3143; 170; 31.4; 
567; 0; 2498.3143; 170; 31.6; 
567; 0; 2498.3143; 170; 31.8; 
567; 0; 2498.3143; 170; 32; 
567; 0; 2498.3143; 170; 32.2; 
567; 0; 2498.3143; 170; 32.4; 
567; 0; 2498.3143; 170; 32.6; 
567; 0; 2498.3143; 170; 32.8; 
567; 0; 2498.3143; 170; 33; 
567; 0; 2498.3143; 170; 33.2; 
567; 0; 2498.3143; 170; 33.4; 
567; 0; 2498.3143; 170; 33.6; 
567; 0; 2498.3143; 170; 33.8; 
567; 0; 2498.3143; 170; 34; 
567; 0; 2498.3143; 170; 34.2; 
567; 0; 2498.3143; 170; 34.4; 
567; 0; 2498.3143; 170; 34.6; 
567; 0; 2498.3143; 170; 34.8; 
567; 0; 2498.3143; 170; 35; 
567; 0; 2498.3143; 170; 35.2; 
567; 0; 2498.3143; 170; 35.4; 
567; 0; 2498.3143; 170; 35.6; 
567; 0; 2498.3143; 170; 35.8; 
567; 0; 2498.3143; 170; 36; 
567; 0; 2498.3143; 170; 36.2; 
567; 0; 2498.3143; 170; 36.4; 
567; 0; 2498.3143; 170; 36.6; 
567; 0; 2498.3143; 170; 36.8; 
567; 0; 2498.3143; 170; 37; 
567; 0; 2498.3143; 170; 37.2; 
567; 0; 2498.3143; 170; 37.4; 
567; 0; 2498.3143; 170; 37.6; 
567; 0; 2498.3143; 170; 37.8; 
567; 0; 2498.3143; 170; 38; 
567; 0; 2498.3143; 170; 38.2; 
567; 0; 2498.3143; 170; 38.4; 
567; 0; 2498.3143; 170; 38.6; 
567; 0; 2498.3143; 170; 38.8; 
567; 0; 2515.2176; 170; 39; 
567; 0; 2549.6108; 170; 39.2; 
567; 0; 2601.9619; 170; 39.4; 
567; 0; 2799.8984; 170; 39.6; 
567; 0; 3056.4586; 170; 39.8; 
567; 0; 3106.8188; 170; 40; 
567; 0; 3139.9341; 170; 40.2; 
567; 0; 3191.0571; 170; 40.4; 
567; 0; 3222.3659; 170; 40.6; 
567; 0; 3250.7483; 170; 40.8; 
567; 0; 3264.9345; 170; 41; 
567; 0; 3279.2774; 170; 41.2; 
567; 0; 3278.7752; 170; 41.4; 
567; 0; 3278.2838; 170; 41.6; 
567; 0; 3262.9908; 170; 41.8; 
567; 0; 3262.5295; 170; 42; 
567; 0; 3262.0779; 170; 42.2; 
567; 0; 3261.6367; 170; 42.4; 
567; 0; 3261.2065; 170; 42.6; 
567; 0; 3260.7881; 170; 42.8; 
567; 0; 3260.3822; 170; 43; 
567; 0; 3259.9892; 170; 43.2; 
567; 0; 3259.6092; 170; 43.4; 
567; 0; 3259.2411; 170; 43.6; 
567; 0; 3258.8836; 170; 43.8; 
567; 0; 3258.5359; 170; 44; 
567; 0; 3258.1973; 170; 44.2; 
567; 0; 3257.8675; 170; 44.4; 
567; 0; 3257.5463; 170; 44.6; 
567; 0; 3257.2336; 170; 44.8; 
567; 0; 3256.9293; 170; 45; 
567; 0; 3256.6334; 170; 45.2; 
567; 0; 3256.3459; 170; 45.4; 
567; 0; 3256.067; 170; 45.6; 
567; 0; 3255.7966; 170; 45.8; 
567; 0; 3255.5347; 170; 46; 
567; 0; 3255.2815; 170; 46.2; 
567; 0; 3255.0369; 170; 46.4; 
567; 0; 3254.8011; 170; 46.6; 
567; 0; 3254.574; 170; 46.8; 
567; 0; 3254.3558; 170; 47; 
567; 0; 3254.1464; 170; 47.2; 
567; 0; 3268.5632; 170; 47.4; 
567; 0; 3268.3677; 170; 47.6; 
567; 0; 3268.1814; 170; 47.8; 
567; 0; 3268.0044; 170; 48; 
567; 0; 3267.8368; 170; 48.2; 
567; 0; 3267.6787; 170; 48.4; 
567; 0; 3282.3087; 170; 48.6; 
567; 0; 3282.1666; 170; 48.8; 
567; 0; 3282.0344; 170; 49; 
567; 0; 3281.9121; 170; 49.2; 
567; 0; 3281.7997; 170; 49.4; 
567; 0; 3281.6975; 170; 49.6; 
567; 0; 3296.5563; 170; 49.8; 
567; 0; 3296.4727; 170; 50; 
567; 0; 3296.3995; 170; 50.2; 
567; 0; 3296.3369; 170; 50.4; 
567; 0; 3311.4214; 170; 50.6; 
567; 0; 3311.3794; 170; 50.8; 
567; 0; 3311.3484; 170; 51; 
567; 0; 3311.3286; 170; 51.2; 
567; 0; 3326.6497; 170; 51.4; 
567; 0; 3326.6525; 170; 51.6; 
567; 0; 3326.667; 170; 51.8; 
567; 0; 3342.2239; 170; 52; 
567; 0; 3342.2624; 170; 52.2; 
567; 0; 3342.3097; 170; 52.4; 
567; 0; 3342.3625; 170; 52.6; 
567; 0; 3354.8756; 170; 52.8; 
567; 0; 3354.9312; 170; 53; 
567; 0; 3354.9843; 170; 53.2; 
567; 0; 3355.0333; 170; 53.4; 
567; 0; 3367.6946; 170; 53.6; 
567; 0; 3367.7314; 170; 53.8; 
567; 0; 3367.7604; 170; 54; 
567; 0; 3367.7815; 170; 54.2; 
567; 0; 3380.5744; 170; 54.4; 
567; 0; 3380.5799; 170; 54.6; 
567; 0; 3380.5783; 170; 54.8; 
567; 0; 3380.5704; 170; 55; 
567; 0; 3393.4999; 170; 55.2; 
567; 0; 3393.4819; 170; 55.4; 
567; 0; 3393.4604; 170; 55.6; 
567; 0; 3393.4367; 170; 55.8; 
567; 0; 3393.4116; 170; 56; 
567; 0; 3406.4939; 170; 56.2; 
567; 0; 3406.4688; 170; 56.4; 
567; 0; 3406.4449; 170; 56.6; 
567; 0; 3406.4229; 170; 56.8; 
567; 0; 3419.6787; 170; 57; 
567; 0; 3419.6612; 170; 57.2; 
567; 0; 3419.6463; 170; 57.4; 
567; 0; 3419.634; 170; 57.6; 
567; 0; 3433.0711; 170; 57.8; 
567; 0; 3433.0634; 170; 58; 
567; 0; 3433.0577; 170; 58.2; 
567; 0; 3433.0536; 170; 58.4; 
567; 0; 3433.0507; 170; 58.6; 
567; 0; 3446.6703; 170; 58.8; 
567; 0; 3446.6686; 170; 59; 
567; 0; 3446.6671; 170; 59.2; 
567; 0; 3446.6654; 170; 59.4; 
567; 0; 3460.4632; 170; 59.6; 
567; 0; 3460.4606; 170; 59.8; 
567; 0; 3460.4573; 170; 60; 
567; 0; 3460.4533; 170; 60.2; 
567; 0; 3474.4298; 170; 60.4; 
567; 0; 3474.4244; 170; 60.6; 
567; 0; 3474.4185; 170; 60.8; 
567; 0; 3474.4122; 170; 61; 
567; 0; 3474.4057; 170; 61.2; 
567; 0; 3485.4737; 170; 61.4; 
567; 0; 3485.4669; 170; 61.6; 
567; 0; 3485.4602; 170; 61.8; 
567; 0; 3485.4536; 170; 62; 
567; 0; 3496.6505; 170; 62.2; 
567; 0; 3496.6445; 170; 62.4; 
567; 0; 3496.6389; 170; 62.6; 
567; 0; 3496.6336; 170; 62.8; 
567; 0; 3496.6287; 170; 63; 
567; 0; 3507.9566; 170; 63.2; 
567; 0; 3507.9523; 170; 63.4; 
567; 0; 3507.9483; 170; 63.6; 
567; 0; 3507.9444; 170; 63.8; 
567; 0; 3507.9407; 170; 64; 
567; 0; 3519.3999; 170; 64.2; 
567; 0; 3519.3963; 170; 64.4; 
567; 0; 3519.3927; 170; 64.6; 
567; 0; 3519.3893; 170; 64.8; 
567; 0; 3519.3849; 170; 65; 
567; 0; 3530.9709; 170; 65.2; 
567; 0; 3530.956; 170; 65.4; 
567; 0; 3530.9324; 170; 65.6; 
567; 0; 3530.8981; 170; 65.8; 
567; 0; 3530.8515; 170; 66; 
567; 0; 3542.5169; 170; 66.2; 
567; 0; 3542.4411; 170; 66.4; 
567; 0; 3542.3497; 170; 66.6; 
567; 0; 3542.2455; 170; 66.8; 
567; 0; 3542.1326; 170; 67; 
567; 0; 3542.0153; 170; 67.2; 
567; 0; 3553.1096; 170; 67.4; 
567; 0; 3553.0013; 170; 67.6; 
567; 0; 3552.8985; 170; 67.8; 
567; 0; 3552.8029; 170; 68; 
567; 0; 3552.7152; 170; 68.2; 
567; 0; 3552.6356; 170; 68.4; 
567; 0; 3563.8322; 170; 68.6; 
567; 0; 3563.7662; 170; 68.8; 
567; 0; 3563.7058; 170; 69; 
567; 0; 3563.6496; 170; 69.2; 
567; 0; 3563.5968; 170; 69.4; 
567; 0; 3574.9411; 170; 69.6; 
567; 0; 3574.8923; 170; 69.8; 
567; 0; 3574.8451; 170; 70; 
567; 0; 3541.9345; 170; 70.2; 
567; 0; 3494.2031; 170; 70.4; 
567; 0; 3446.474; 170; 70.6; 
567; 0; 3410.7263; 170; 70.8; 
567; 0; 3363.0081; 170; 71; 
567; 0; 3315.2937; 170; 71.2; 
567; 0; 3267.5831; 170; 71.4; 
567; 0; 3218.768; 170; 71.6; 
567; 0; 3171.0652; 170; 71.8; 
567; 0; 3133.5197; 170; 72; 
567; 0; 3086.7742; 170; 72.2; 
567; 0; 3036.7819; 170; 72.4; 
567; 0; 2988.7572; 170; 72.6; 
567; 0; 2940.7352; 170; 72.8; 
567; 0; 2893.9154; 170; 73; 
567; 0; 2859.834; 170; 73.2; 
567; 0; 2817.7548; 170; 73.4; 
567; 0; 2776.8142; 170; 73.6; 
567; 0; 2737.0119; 170; 73.8; 
567; 0; 2699.4843; 170; 74; 
567; 0; 2661.0507; 170; 74.2; 
567; 0; 2622.8375; 170; 74.4; 
567; 0; 2584.626; 170; 74.6; 
567; 0; 2548.8802; 170; 74.8; 
567; 0; 2522.5288; 170; 75; 
567; 0; 2489.1285; 170; 75.2; 
567; 0; 2455.7295; 170; 75.4; 
567; 0; 2424.8046; 170; 75.6; 
567; 0; 2393.8809; 170; 75.8; 
567; 0; 2365.3637; 170; 76; 
567; 0; 2338.2114; 170; 76.2; 
567; 0; 2311.6179; 170; 76.4; 
567; 0; 2285.3024; 170; 76.6; 
567; 0; 2260.2404; 170; 76.8; 
567; 0; 2235.1791; 170; 77; 
567; 0; 2212.6231; 170; 77.2; 
567; 0; 2190.0666; 170; 77.4; 
567; 0; 2170.0147; 170; 77.6; 
567; 0; 2149.9624; 170; 77.8; 
567; 0; 2129.9099; 170; 78; 
567; 0; 2120.1466; 170; 78.2; 
567; 0; 2102.5413; 170; 78.4; 
567; 0; 2084.9371; 170; 78.6; 
567; 0; 2068.591; 170; 78.8; 
567; 0; 2052.2463; 170; 79; 
567; 0; 2037.1599; 170; 79.2; 
567; 0; 2022.0746; 170; 79.4; 
567; 0; 2007.6721; 170; 79.6; 
567; 0; 1992.8666; 170; 79.8; 
567; 0; 1978.0615; 170; 80; 
567; 0; 1964.6023; 170; 80.2; 
567; 0; 1952.4889; 170; 80.4; 
567; 0; 1940.3756; 170; 80.6; 
567; 0; 1928.4786; 170; 80.8; 
567; 0; 1918.0616; 170; 81; 
567; 0; 1908.9464; 170; 81.2; 
567; 0; 1898.5294; 170; 81.4; 
567; 0; 1889.4145; 170; 81.6; 
567; 0; 1880.2998; 170; 81.8; 
567; 0; 1872.4872; 170; 82; 
567; 0; 1864.6749; 170; 82.2; 
567; 0; 1858.1648; 170; 82.4; 
567; 0; 1850.353; 170; 82.6; 
567; 0; 1843.8432; 170; 82.8; 
567; 0; 1837.3335; 170; 83; 
567; 0; 1832.1259; 170; 83.2; 
567; 0; 1826.9184; 170; 83.4; 
567; 0; 1821.711; 170; 83.6; 
567; 0; 1816.5037; 170; 83.8; 
567; 0; 1811.2965; 170; 84; 
567; 0; 1807.3911; 170; 84.2; 
567; 0; 1803.4859; 170; 84.4; 
567; 0; 1799.5806; 170; 84.6; 
567; 0; 1795.6752; 170; 84.8; 
567; 0; 1791.7699; 170; 85; 
567; 0; 1789.1664; 170; 85.2; 
567; 0; 1786.5631; 170; 85.4; 
567; 0; 1783.9598; 170; 85.6; 
567; 0; 1781.3566; 170; 85.8; 
567; 0; 1778.7534; 170; 86; 
567; 0; 1776.1503; 170; 86.2; 
567; 0; 1774.8491; 170; 86.4; 
567; 0; 1772.2461; 170; 86.6; 
567; 0; 1770.945; 170; 86.8; 
567; 0; 1769.644; 170; 87; 
567; 0; 1768.3429; 170; 87.2; 
567; 0; 1767.0418; 170; 87.4; 
567; 0; 1765.7407; 170; 87.6; 
567; 0; 1765.7416; 170; 87.8; 
567; 0; 1764.4407; 170; 88; 
567; 0; 1763.1398; 170; 88.2; 
567; 0; 1763.1408; 170; 88.4; 
567; 0; 1763.1417; 170; 88.6; 
567; 0; 1761.8409; 170; 88.8; 
567; 0; 1761.842; 170; 89; 
567; 0; 1761.8429; 170; 89.2; 
567; 0; 1761.8437; 170; 89.4; 
567; 0; 1761.8445; 170; 89.6; 
567; 0; 1761.8452; 170; 89.8; 
567; 0; 1761.846; 170; 90; 
567; 0; 1761.8469; 170; 90.2; 
567; 0; 1761.8478; 170; 90.4; 
567; 0; 1761.8488; 170; 90.6; 
567; 0; 1761.8498; 170; 90.8; 
567; 0; 1763.1528; 170; 91; 
567; 0; 1754.5927; 170; 91.2; 
567; 0; 1754.5938; 170; 91.4; 
567; 0; 1755.8933; 170; 91.6; 
567; 0; 1755.8943; 170; 91.8; 
567; 0; 1757.1936; 170; 92; 
567; 0; 1757.1944; 170; 92.2; 
567; 0; 1758.4936; 170; 92.4; 
567; 0; 1759.7928; 170; 92.6; 
567; 0; 1761.0921; 170; 92.8; 
567; 0; 1761.093; 170; 93; 
567; 0; 1762.3924; 170; 93.2; 
567; 0; 1763.6918; 170; 93.4; 
567; 0; 1764.9911; 170; 93.6; 
567; 0; 1766.2905; 170; 93.8; 
567; 0; 1767.59; 170; 94; 
567; 0; 1768.8893; 170; 94.2; 
567; 0; 1770.1887; 170; 94.4; 
567; 0; 1771.4881; 170; 94.6; 
567; 0; 1772.7874; 170; 94.8; 
567; 0; 1774.0866; 170; 95; 
567; 0; 1775.3859; 170; 95.2; 
567; 0; 1776.6848; 170; 95.4; 
567; 0; 1779.2773; 170; 95.6; 
567; 0; 1784.4544; 170; 95.8; 
567; 0; 1790.9109; 170; 96; 
567; 0; 1799.9397; 170; 96.2; 
567; 0; 1812.8342; 170; 96.4; 
567; 0; 1826.9937; 170; 96.6; 
567; 0; 1845.0117; 170; 96.8; 
567; 0; 1865.5876; 170; 97; 
567; 0; 1887.4214; 170; 97.2; 
567; 0; 1909.2182; 170; 97.4; 
567; 0; 1931.2926; 170; 97.6; 
567; 0; 1951.1072; 170; 97.8; 
567; 0; 1970.9126; 170; 98; 
567; 0; 1989.3748; 170; 98.2; 
567; 0; 2005.1584; 170; 98.4; 
567; 0; 2020.6455; 170; 98.6; 
567; 0; 2034.1461; 170; 98.8; 
567; 0; 2046.4006; 170; 99; 
567; 0; 2058.6592; 170; 99.2; 
567; 0; 2070.9196; 170; 99.4; 
567; 0; 2073.1707; 170; 99.6; 
567; 0; 2085.3859; 170; 99.8; 
567; 0; 2096.3491; 170; 100; 
567; 0; 2108.5548; 170; 100.2; 
567; 0; 2119.5072; 170; 100.4; 
567; 0; 2130.4546; 170; 100.6; 
567; 0; 2141.3973; 170; 100.8; 
567; 0; 2152.3364; 170; 101; 
567; 0; 2162.0253; 170; 101.2; 
567; 0; 2171.7127; 170; 101.4; 
567; 0; 2180.1519; 170; 101.6; 
567; 0; 2188.5911; 170; 101.8; 
567; 0; 2197.0306; 170; 102; 
567; 0; 2204.2231; 170; 102.2; 
567; 0; 2211.4159; 170; 102.4; 
567; 0; 2218.6087; 170; 102.6; 
567; 0; 2225.8014; 170; 102.8; 
567; 0; 2231.7466; 170; 103; 
567; 0; 2237.6912; 170; 103.2; 
567; 0; 2243.6351; 170; 103.4; 
567; 0; 2248.3311; 170; 103.6; 
567; 0; 2253.0262; 170; 103.8; 
567; 0; 2258.9674; 170; 104; 
567; 0; 2263.6608; 170; 104.2; 
567; 0; 2267.1066; 170; 104.4; 
567; 0; 2271.7988; 170; 104.6; 
567; 0; 2275.2436; 170; 104.8; 
567; 0; 2278.6881; 170; 105; 
567; 0; 2282.1324; 170; 105.2; 
567; 0; 2285.5766; 170; 105.4; 
567; 0; 2287.7741; 170; 105.6; 
567; 0; 2291.2181; 170; 105.8; 
567; 0; 2293.4155; 170; 106; 
567; 0; 2295.6128; 170; 106.2; 
567; 0; 2297.81; 170; 106.4; 
567; 0; 2300.0069; 170; 106.6; 
567; 0; 2300.9572; 170; 106.8; 
567; 0; 2303.1536; 170; 107; 
567; 0; 2304.1034; 170; 107.2; 
567; 0; 2306.2993; 170; 107.4; 
567; 0; 2307.2486; 170; 107.6; 
567; 0; 2308.1978; 170; 107.8; 
567; 0; 2309.147; 170; 108; 
567; 0; 2310.0961; 170; 108.2; 
567; 0; 2311.0451; 170; 108.4; 
567; 0; 2310.748; 170; 108.6; 
567; 0; 2311.6967; 170; 108.8; 
567; 0; 2311.3993; 170; 109; 
567; 0; 2312.348; 170; 109.2; 
567; 0; 2312.0506; 170; 109.4; 
567; 0; 2311.7531; 170; 109.6; 
567; 0; 2312.7833; 170; 109.8; 
567; 0; 2312.5193; 170; 110; 
567; 0; 2312.2553; 170; 110.2; 
567; 0; 2311.9913; 170; 110.4; 
567; 0; 2311.7272; 170; 110.6; 
567; 0; 2311.4631; 170; 110.8; 
567; 0; 2311.1991; 170; 111; 
567; 0; 2310.935; 170; 111.2; 
567; 0; 2310.671; 170; 111.4; 
567; 0; 2309.1021; 170; 111.6; 
567; 0; 2308.838; 170; 111.8; 
567; 0; 2308.5739; 170; 112; 
567; 0; 2307.005; 170; 112.2; 
567; 0; 2306.7409; 170; 112.4; 
567; 0; 2306.4767; 170; 112.6; 
567; 0; 2304.9079; 170; 112.8; 
567; 0; 2304.6437; 170; 113; 
567; 0; 2303.075; 170; 113.2; 
567; 0; 2302.8107; 170; 113.4; 
567; 0; 2301.242; 170; 113.6; 
567; 0; 2300.9778; 170; 113.8; 
567; 0; 2299.4091; 170; 114; 
567; 0; 2299.1448; 170; 114.2; 
567; 0; 2306.7447; 170; 114.4; 
567; 0; 2305.1709; 170; 114.6; 
567; 0; 2304.9061; 170; 114.8; 
567; 0; 2303.3323; 170; 115; 
567; 0; 2301.7586; 170; 115.2; 
567; 0; 2301.4937; 170; 115.4; 
567; 0; 2299.9199; 170; 115.6; 
567; 0; 2298.3462; 170; 115.8; 
567; 0; 2296.7725; 170; 116; 
567; 0; 2295.2144; 170; 116.2; 
567; 0; 2293.6663; 170; 116.4; 
567; 0; 2292.1183; 170; 116.6; 
567; 0; 2290.5703; 170; 116.8; 
567; 0; 2290.2712; 170; 117; 
567; 0; 2288.7234; 170; 117.2; 
567; 0; 2287.1758; 170; 117.4; 
567; 0; 2285.6281; 170; 117.6; 
567; 0; 2284.0805; 170; 117.8; 
567; 0; 2282.5329; 170; 118; 
567; 0; 2280.9853; 170; 118.2; 
567; 0; 2279.4378; 170; 118.4; 
567; 0; 2277.8902; 170; 118.6; 
567; 0; 2276.3427; 170; 118.8; 
567; 0; 2274.7954; 170; 119; 
567; 0; 2273.248; 170; 119.2; 
567; 0; 2271.7007; 170; 119.4; 
567; 0; 2270.1534; 170; 119.6; 
567; 0; 2268.6062; 170; 119.8; 
567; 0; 2267.059; 170; 120; 
567; 0; 2266.7602; 170; 120.2; 
567; 0; 2265.2132; 170; 120.4; 
567; 0; 2263.6664; 170; 120.6; 
567; 0; 2262.1196; 170; 120.8; 
567; 0; 2260.5729; 170; 121; 
567; 0; 2259.0262; 170; 121.2; 
567; 0; 2258.7276; 170; 121.4; 
567; 0; 2257.1811; 170; 121.6; 
567; 0; 2255.6347; 170; 121.8; 
567; 0; 2254.0883; 170; 122; 
567; 0; 2252.5419; 170; 122.2; 
567; 0; 2250.9955; 170; 122.4; 
567; 0; 2250.697; 170; 122.6; 
567; 0; 2249.1508; 170; 122.8; 
567; 0; 2247.6046; 170; 123; 
567; 0; 2246.0585; 170; 123.2; 
567; 0; 2245.7601; 170; 123.4; 
567; 0; 2244.2141; 170; 123.6; 
567; 0; 2242.6682; 170; 123.8; 
567; 0; 2241.1224; 170; 124; 
567; 0; 2240.8241; 170; 124.2; 
567; 0; 2239.2784; 170; 124.4; 
567; 0; 2237.7328; 170; 124.6; 
567; 0; 2237.4347; 170; 124.8; 
567; 0; 2235.8893; 170; 125; 
567; 0; 2234.3439; 170; 125.2; 
567; 0; 2234.0457; 170; 125.4; 
567; 0; 2232.5004; 170; 125.6; 
567; 0; 2230.9552; 170; 125.8; 
567; 0; 2230.6571; 170; 126; 
567; 0; 2229.1119; 170; 126.2; 
567; 0; 2227.567; 170; 126.4; 
567; 0; 2227.2691; 170; 126.6; 
567; 0; 2225.7243; 170; 126.8; 
567; 0; 2224.1796; 170; 127; 
567; 0; 2223.8817; 170; 127.2; 
567; 0; 2222.337; 170; 127.4; 
567; 0; 2220.7923; 170; 127.6; 
567; 0; 2220.4945; 170; 127.8; 
567; 0; 2218.9499; 170; 128; 
567; 0; 2218.6521; 170; 128.2; 
567; 0; 2217.1078; 170; 128.4; 
567; 0; 2216.8104; 170; 128.6; 
567; 0; 2216.5139; 170; 128.8; 
567; 0; 2216.219; 170; 129; 
567; 0; 2213.4368; 170; 129.2; 
567; 0; 2210.668; 170; 129.4; 
567; 0; 2205.4267; 170; 129.6; 
567; 0; 2197.7182; 170; 129.8; 
567; 0; 2188.7925; 170; 130; 
567; 0; 2178.6522; 170; 130.2; 
567; 0; 2164.8065; 170; 130.4; 
567; 0; 2149.749; 170; 130.6; 
567; 0; 2132.234; 170; 130.8; 
567; 0; 2113.5084; 170; 131; 
567; 0; 2093.5706; 170; 131.2; 
567; 0; 2072.414; 170; 131.4; 
567; 0; 2051.2748; 170; 131.6; 
567; 0; 2032.6353; 170; 131.8; 
567; 0; 2016.4857; 170; 132; 
567; 0; 2001.8592; 170; 132.2; 
567; 0; 1989.8762; 170; 132.4; 
567; 0; 1988.3911; 170; 132.6; 
567; 0; 1979.0059; 170; 132.8; 
567; 0; 1969.6038; 170; 133; 
567; 0; 1958.8513; 170; 133.2; 
567; 0; 1948.0937; 170; 133.4; 
567; 0; 1937.3375; 170; 133.6; 
567; 0; 1925.249; 170; 133.8; 
567; 0; 1911.8316; 170; 134; 
567; 0; 1898.4262; 170; 134.2; 
567; 0; 1885.0323; 170; 134.4; 
567; 0; 1871.6481; 170; 134.6; 
567; 0; 1859.6097; 170; 134.8; 
567; 0; 1846.2361; 170; 135; 
567; 0; 1835.5413; 170; 135.2; 
567; 0; 1824.8448; 170; 135.4; 
567; 0; 1814.145; 170; 135.6; 
567; 0; 1804.78; 170; 135.8; 
567; 0; 1796.7498; 170; 136; 
567; 0; 1788.7157; 170; 136.2; 
567; 0; 1780.7612; 170; 136.4; 
567; 0; 1774.2791; 170; 136.6; 
567; 0; 1767.7962; 170; 136.8; 
567; 0; 1761.3136; 170; 137; 
567; 0; 1754.8319; 170; 137.2; 
567; 0; 1748.3518; 170; 137.4; 
567; 0; 1741.8734; 170; 137.6; 
567; 0; 1736.692; 170; 137.8; 
567; 0; 1731.4226; 170; 138; 
567; 0; 1725.8501; 170; 138.2; 
567; 0; 1720.2779; 170; 138.4; 
567; 0; 1714.7059; 170; 138.6; 
567; 0; 1710.5273; 170; 138.8; 
567; 0; 1706.3485; 170; 139; 
567; 0; 1702.1691; 170; 139.2; 
567; 0; 1697.9892; 170; 139.4; 
567; 0; 1695.2026; 170; 139.6; 
567; 0; 1692.4157; 170; 139.8; 
567; 0; 1688.2346; 170; 140; 
567; 0; 1685.4472; 170; 140.2; 
567; 0; 1682.6599; 170; 140.4; 
567; 0; 1681.2665; 170; 140.6; 
567; 0; 1678.4795; 170; 140.8; 
567; 0; 1675.6927; 170; 141; 
567; 0; 1674.2999; 170; 141.2; 
567; 0; 1671.5135; 170; 141.4; 
567; 0; 1670.1212; 170; 141.6; 
567; 0; 1668.729; 170; 141.8; 
567; 0; 1667.3369; 170; 142; 
567; 0; 1665.9448; 170; 142.2; 
567; 0; 1664.5526; 170; 142.4; 
567; 0; 1663.1602; 170; 142.6; 
567; 0; 1663.1614; 170; 142.8; 
567; 0; 1661.7688; 170; 143; 
567; 0; 1660.3763; 170; 143.2; 
567; 0; 1660.3777; 170; 143.4; 
567; 0; 1658.9853; 170; 143.6; 
567; 0; 1658.9868; 170; 143.8; 
567; 0; 1658.9882; 170; 144; 
567; 0; 1658.9896; 170; 144.2; 
567; 0; 1657.5971; 170; 144.4; 
567; 0; 1657.5984; 170; 144.6; 
567; 0; 1657.5997; 170; 144.8; 
567; 0; 1657.601; 170; 145; 
567; 0; 1657.6021; 170; 145.2; 
567; 0; 1657.6034; 170; 145.4; 
567; 0; 1658.9969; 170; 145.6; 
567; 0; 1661.7756; 170; 145.8; 
567; 0; 1665.9314; 170; 146; 
567; 0; 1674.2445; 170; 146.2; 
567; 0; 1685.3154; 170; 146.4; 
567; 0; 1690.24; 170; 146.6; 
567; 0; 1708.1587; 170; 146.8; 
567; 0; 1727.427; 170; 147; 
567; 0; 1746.9598; 170; 147.2; 
567; 0; 1766.0887; 170; 147.4; 
567; 0; 1785.6622; 170; 147.6; 
567; 0; 1802.7429; 170; 147.8; 
567; 0; 1818.4856; 170; 148; 
567; 0; 1832.8973; 170; 148.2; 
567; 0; 1845.9828; 170; 148.4; 
567; 0; 1857.7442; 170; 148.6; 
567; 0; 1869.5156; 170; 148.8; 
567; 0; 1879.9615; 170; 149; 
567; 0; 1889.0792; 170; 149.2; 
567; 0; 1898.1999; 170; 149.4; 
567; 0; 1908.6548; 170; 149.6; 
567; 0; 1917.7733; 170; 149.8; 
567; 0; 1926.8877; 170; 150; 
567; 0; 1937.3312; 170; 150.2; 
567; 0; 1946.4358; 170; 150.4; 
567; 0; 1955.5358; 170; 150.6; 
567; 0; 1964.6321; 170; 150.8; 
567; 0; 1972.392; 170; 151; 
567; 0; 1980.1505; 170; 151.2; 
567; 0; 1987.9084; 170; 151.4; 
567; 0; 1994.3328; 170; 151.6; 
567; 0; 2000.7579; 170; 151.8; 
567; 0; 2007.1838; 170; 152; 
567; 0; 2013.6108; 170; 152.2; 
567; 0; 2018.5506; 170; 152.4; 
567; 0; 2023.3085; 170; 152.6; 
567; 0; 2028.0664; 170; 152.8; 
567; 0; 2031.5788; 170; 153; 
567; 0; 2036.3361; 170; 153.2; 
567; 0; 2039.8474; 170; 153.4; 
567; 0; 2044.6033; 170; 153.6; 
567; 0; 2048.1134; 170; 153.8; 
567; 0; 2051.6227; 170; 154; 
567; 0; 2053.8863; 170; 154.2; 
567; 0; 2057.3946; 170; 154.4; 
567; 0; 2060.9027; 170; 154.6; 
567; 0; 2063.1655; 170; 154.8; 
567; 0; 2065.4281; 170; 155; 
567; 0; 2067.6907; 170; 155.2; 
567; 0; 2069.9533; 170; 155.4; 
567; 0; 2072.216; 170; 155.6; 
567; 0; 2073.2337; 170; 155.8; 
567; 0; 2075.4965; 170; 156; 
567; 0; 2076.5142; 170; 156.2; 
567; 0; 2078.7768; 170; 156.4; 
567; 0; 2079.7943; 170; 156.6; 
567; 0; 2080.8116; 170; 156.8; 
567; 0; 2081.8287; 170; 157; 
567; 0; 2082.8456; 170; 157.2; 
567; 0; 2083.8625; 170; 157.4; 
567; 0; 2084.8793; 170; 157.6; 
567; 0; 2085.8959; 170; 157.8; 
567; 0; 2086.9124; 170; 158; 
567; 0; 2086.6842; 170; 158.2; 
567; 0; 2087.7004; 170; 158.4; 
567; 0; 2087.4719; 170; 158.6; 
567; 0; 2088.4881; 170; 158.8; 
567; 0; 2088.2598; 170; 159; 
567; 0; 2089.276; 170; 159.2; 
567; 0; 2089.0476; 170; 159.4; 
567; 0; 2088.8193; 170; 159.6; 
567; 0; 2089.8353; 170; 159.8; 
567; 0; 2089.6069; 170; 160; 
567; 0; 2089.3786; 170; 160.2; 
567; 0; 2089.1503; 170; 160.4; 
567; 0; 2088.9219; 170; 160.6; 
567; 0; 2088.6935; 170; 160.8; 
567; 0; 2088.4651; 170; 161; 
567; 0; 2089.4809; 170; 161.2; 
567; 0; 2089.2529; 170; 161.4; 
567; 0; 2089.0262; 170; 161.6; 
567; 0; 2088.8015; 170; 161.8; 
567; 0; 2088.5799; 170; 162; 
567; 0; 2088.3622; 170; 162.2; 
567; 0; 2088.1497; 170; 162.4; 
567; 0; 2087.9429; 170; 162.6; 
567; 0; 2087.7408; 170; 162.8; 
567; 0; 2088.785; 170; 163; 
567; 0; 2091.0725; 170; 163.2; 
567; 0; 2094.5998; 170; 163.4; 
567; 0; 2099.364; 170; 163.6; 
567; 0; 2105.3634; 170; 163.8; 
567; 0; 2112.5969; 170; 164; 
567; 0; 2119.8212; 170; 164.2; 
567; 0; 2127.0367; 170; 164.4; 
567; 0; 2133.0016; 170; 164.6; 
567; 0; 2136.4771; 170; 164.8; 
567; 0; 2137.4779; 170; 165; 
567; 0; 2136.0112; 170; 165.2; 
567; 0; 2132.0773; 170; 165.4; 
567; 0; 2124.4394; 170; 165.6; 
567; 0; 2115.59; 170; 165.8; 
567; 0; 2104.2894; 170; 166; 
567; 0; 2090.5399; 170; 166.2; 
567; 0; 2073.0991; 170; 166.4; 
567; 0; 2054.454; 170; 166.6; 
567; 0; 2033.36; 170; 166.8; 
567; 0; 2010.6777; 170; 167; 
567; 0; 1986.8154; 170; 167.2; 
567; 0; 1966.9567; 170; 167.4; 
567; 0; 1951.0893; 170; 167.6; 
567; 0; 1940.5343; 170; 167.8; 
567; 0; 1936.6158; 170; 168; 
567; 0; 1936.6659; 170; 168.2; 
567; 0; 1940.6814; 170; 168.4; 
567; 0; 1944.6659; 170; 168.6; 
567; 0; 1948.6203; 170; 168.8; 
567; 0; 1949.8865; 170; 169; 
567; 0; 1947.1422; 170; 169.2; 
567; 0; 1941.7305; 170; 169.4; 
567; 0; 1932.3322; 170; 169.6; 
567; 0; 1922.9515; 170; 169.8; 
567; 0; 1910.9313; 170; 170; 
567; 0; 1897.6049; 170; 170.2; 
567; 0; 1882.9699; 170; 170.4; 
567; 0; 1868.3527; 170; 170.6; 
567; 0; 1853.7463; 170; 170.8; 
567; 0; 1840.4754; 170; 171; 
567; 0; 1837.1972; 170; 171.2; 
567; 0; 1826.5445; 170; 171.4; 
567; 0; 1817.2179; 170; 171.6; 
567; 0; 1809.2167; 170; 171.8; 
567; 0; 1801.2052; 170; 172; 
567; 0; 1794.5212; 170; 172.2; 
567; 0; 1787.831; 170; 172.4; 
567; 0; 1779.8012; 170; 172.6; 
567; 0; 1773.1067; 170; 172.8; 
567; 0; 1766.4134; 170; 173; 
567; 0; 1758.3871; 170; 173.2; 
567; 0; 1751.7004; 170; 173.4; 
567; 0; 1743.6815; 170; 173.6; 
567; 0; 1737.002; 170; 173.8; 
567; 0; 1730.1455; 170; 174; 
567; 0; 1722.9631; 170; 174.2; 
567; 0; 1715.7815; 170; 174.4; 
567; 0; 1708.8234; 170; 174.6; 
567; 0; 1703.2664; 170; 174.8; 
567; 0; 1697.7082; 170; 175; 
567; 0; 1693.5393; 170; 175.2; 
567; 0; 1687.9783; 170; 175.4; 
567; 0; 1683.8069; 170; 175.6; 
567; 0; 1679.6345; 170; 175.8; 
567; 0; 1675.4615; 170; 176; 
567; 0; 1671.2883; 170; 176.2; 
567; 0; 1668.5058; 170; 176.4; 
567; 0; 1664.333; 170; 176.6; 
567; 0; 1661.5513; 170; 176.8; 
567; 0; 1658.7701; 170; 177; 
567; 0; 1655.9894; 170; 177.2; 
567; 0; 1653.2093; 170; 177.4; 
567; 0; 1650.4295; 170; 177.6; 
567; 0; 1647.6499; 170; 177.8; 
567; 0; 1644.8703; 170; 178; 
567; 0; 1643.4813; 170; 178.2; 
567; 0; 1640.7012; 170; 178.4; 
567; 0; 1639.3116; 170; 178.6; 
567; 0; 1636.5311; 170; 178.8; 
567; 0; 1635.1412; 170; 179; 
567; 0; 1633.7513; 170; 179.2; 
567; 0; 1632.3615; 170; 179.4; 
567; 0; 1630.9717; 170; 179.6; 
567; 0; 1629.5821; 170; 179.8; 
567; 0; 1629.5831; 170; 180; 
567; 0; 1628.1934; 170; 180.2; 
567; 0; 1626.8037; 170; 180.4; 
567; 0; 1626.8048; 170; 180.6; 
567; 0; 1625.4153; 170; 180.8; 
567; 0; 1625.4164; 170; 181; 
567; 0; 1624.0269; 170; 181.2; 
567; 0; 1624.0282; 170; 181.4; 
567; 0; 1622.6387; 170; 181.6; 
567; 0; 1622.64; 170; 181.8; 
567; 0; 1622.6413; 170; 182; 
567; 0; 1622.6425; 170; 182.2; 
567; 0; 1621.2529; 170; 182.4; 
567; 0; 1621.2541; 170; 182.6; 
567; 0; 1621.2552; 170; 182.8; 
567; 0; 1621.2564; 170; 183; 
567; 0; 1621.2577; 170; 183.2; 
567; 0; 1621.259; 170; 183.4; 
567; 0; 1621.2602; 170; 183.6; 
567; 0; 1621.2613; 170; 183.8; 
567; 0; 1621.2625; 170; 184; 
567; 0; 1621.2636; 170; 184.2; 
567; 0; 1621.2646; 170; 184.4; 
567; 0; 1621.2656; 170; 184.6; 
567; 0; 1622.6573; 170; 184.8; 
567; 0; 1622.6584; 170; 185; 
567; 0; 1622.6595; 170; 185.2; 
567; 0; 1622.6606; 170; 185.4; 
567; 0; 1622.6618; 170; 185.6; 
567; 0; 1622.663; 170; 185.8; 
567; 0; 1624.0549; 170; 186; 
567; 0; 1624.0562; 170; 186.2; 
567; 0; 1624.0575; 170; 186.4; 
567; 0; 1615.4204; 170; 186.6; 
567; 0; 1616.8086; 170; 186.8; 
567; 0; 1616.8097; 170; 187; 
567; 0; 1616.8108; 170; 187.2; 
567; 0; 1618.1988; 170; 187.4; 
567; 0; 1618.1999; 170; 187.6; 
567; 0; 1619.588; 170; 187.8; 
567; 0; 1619.5891; 170; 188; 
567; 0; 1620.9771; 170; 188.2; 
567; 0; 1620.978; 170; 188.4; 
567; 0; 1622.366; 170; 188.6; 
567; 0; 1622.3671; 170; 188.8; 
567; 0; 1623.7552; 170; 189; 
567; 0; 1625.1432; 170; 189.2; 
567; 0; 1625.1442; 170; 189.4; 
567; 0; 1626.5322; 170; 189.6; 
567; 0; 1627.9203; 170; 189.8; 
567; 0; 1627.9215; 170; 190; 
567; 0; 1629.3096; 170; 190.2; 
567; 0; 1630.6977; 170; 190.4; 
567; 0; 1632.0861; 170; 190.6; 
567; 0; 1632.0878; 170; 190.8; 
567; 0; 1633.4766; 170; 191; 
567; 0; 1633.4785; 170; 191.2; 
567; 0; 1634.8671; 170; 191.4; 
567; 0; 1636.2554; 170; 191.6; 
567; 0; 1636.2564; 170; 191.8; 
567; 0; 1637.6438; 170; 192; 
567; 0; 1639.0311; 170; 192.2; 
567; 0; 1639.0313; 170; 192.4; 
567; 0; 1640.4186; 170; 192.6; 
567; 0; 1640.4191; 170; 192.8; 
567; 0; 1641.8067; 170; 193; 
567; 0; 1641.8075; 170; 193.2; 
567; 0; 1643.1953; 170; 193.4; 
567; 0; 1643.1962; 170; 193.6; 
567; 0; 1644.5841; 170; 193.8; 
567; 0; 1644.585; 170; 194; 
567; 0; 1645.973; 170; 194.2; 
567; 0; 1645.974; 170; 194.4; 
567; 0; 1647.3619; 170; 194.6; 
567; 0; 1647.3629; 170; 194.8; 
567; 0; 1647.3639; 170; 195; 
567; 0; 1648.7518; 170; 195.2; 
567; 0; 1648.7528; 170; 195.4; 
567; 0; 1650.1408; 170; 195.6; 
567; 0; 1650.1419; 170; 195.8; 
567; 0; 1650.1429; 170; 196; 
567; 0; 1651.5308; 170; 196.2; 
567; 0; 1651.5318; 170; 196.4; 
567; 0; 1651.5328; 170; 196.6; 
567; 0; 1651.5338; 170; 196.8; 
567; 0; 1652.9216; 170; 197; 
567; 0; 1652.9225; 170; 197.2; 
567; 0; 1652.9233; 170; 197.4; 
567; 0; 1654.3111; 170; 197.6; 
567; 0; 1654.312; 170; 197.8; 
567; 0; 1654.313; 170; 198; 
567; 0; 1654.3138; 170; 198.2; 
567; 0; 1655.7015; 170; 198.4; 
567; 0; 1655.7022; 170; 198.6; 
567; 0; 1655.7029; 170; 198.8; 
567; 0; 1655.7037; 170; 199; 
567; 0; 1657.0915; 170; 199.2; 
567; 0; 1657.0925; 170; 199.4; 
567; 0; 1657.0935; 170; 199.6; 
567; 0; 1657.0945; 170; 199.8; 
567; 0; 1657.0954; 170; 200; 
567; 0; 1658.4832; 170; 200.2; 
567; 0; 1658.484; 170; 200.4; 
567; 0; 1658.4849; 170; 200.6; 
567; 0; 1658.4857; 170; 200.8; 
567; 0; 1658.4865; 170; 201; 
567; 0; 1658.4873; 170; 201.2; 
567; 0; 1659.875; 170; 201.4; 
567; 0; 1659.8758; 170; 201.6; 
567; 0; 1659.8766; 170; 201.8; 
567; 0; 1659.8773; 170; 202; 
567; 0; 1659.878; 170; 202.2; 
567; 0; 1659.8788; 170; 202.4; 
567; 0; 1661.2665; 170; 202.6; 
567; 0; 1661.2673; 170; 202.8; 
567; 0; 1661.2682; 170; 203; 
567; 0; 1661.2692; 170; 203.2; 
567; 0; 1661.2701; 170; 203.4; 
567; 0; 1661.271; 170; 203.6; 
567; 0; 1661.2717; 170; 203.8; 
567; 0; 1661.2724; 170; 204; 
567; 0; 1662.66; 170; 204.2; 
567; 0; 1662.6607; 170; 204.4; 
567; 0; 1662.6614; 170; 204.6; 
567; 0; 1662.6623; 170; 204.8; 
567; 0; 1662.6632; 170; 205; 
567; 0; 1662.6641; 170; 205.2; 
567; 0; 1662.6649; 170; 205.4; 
567; 0; 1662.6657; 170; 205.6; 
567; 0; 1662.6665; 170; 205.8; 
567; 0; 1662.6673; 170; 206; 
567; 0; 1664.055; 170; 206.2; 
567; 0; 1664.0556; 170; 206.4; 
567; 0; 1664.0562; 170; 206.6; 
567; 0; 1664.0567; 170; 206.8; 
567; 0; 1664.0574; 170; 207; 
567; 0; 1664.0581; 170; 207.2; 
567; 0; 1664.0589; 170; 207.4; 
567; 0; 1664.0597; 170; 207.6; 
567; 0; 1664.0604; 170; 207.8; 
567; 0; 1664.0612; 170; 208; 
567; 0; 1665.449; 170; 208.2; 
567; 0; 1665.4498; 170; 208.4; 
567; 0; 1665.4506; 170; 208.6; 
567; 0; 1665.4514; 170; 208.8; 
567; 0; 1665.4521; 170; 209; 
567; 0; 1666.8399; 170; 209.2; 
567; 0; 1666.8407; 170; 209.4; 
567; 0; 1666.8414; 170; 209.6; 
567; 0; 1666.8422; 170; 209.8; 
567; 0; 1666.8429; 170; 210; 
567; 0; 1666.8437; 170; 210.2; 
567; 0; 1666.8445; 170; 210.4; 
567; 0; 1668.2322; 170; 210.6; 
567; 0; 1668.2329; 170; 210.8; 
567; 0; 1668.2335; 170; 211; 
567; 0; 1668.234; 170; 211.2; 
567; 0; 1668.2345; 170; 211.4; 
567; 0; 1668.2351; 170; 211.6; 
567; 0; 1668.2357; 170; 211.8; 
567; 0; 1668.2364; 170; 212; 
567; 0; 1668.2372; 170; 212.2; 
567; 0; 1668.2381; 170; 212.4; 
567; 0; 1669.6258; 170; 212.6; 
567; 0; 1669.6265; 170; 212.8; 
567; 0; 1669.6273; 170; 213; 
567; 0; 1669.6281; 170; 213.2; 
567; 0; 1669.6289; 170; 213.4; 
567; 0; 1669.6296; 170; 213.6; 
567; 0; 1669.6303; 170; 213.8; 
567; 0; 1669.6309; 170; 214; 
567; 0; 1669.6315; 170; 214.2; 
567; 0; 1669.6323; 170; 214.4; 
567; 0; 1669.633; 170; 214.6; 
567; 0; 1669.6337; 170; 214.8; 
567; 0; 1669.6344; 170; 215; 
567; 0; 1669.6351; 170; 215.2; 
567; 0; 1669.6357; 170; 215.4; 
567; 0; 1669.6364; 170; 215.6; 
567; 0; 1669.6371; 170; 215.8; 
567; 0; 1669.6378; 170; 216; 
567; 0; 1669.6384; 170; 216.2; 
567; 0; 1669.6391; 170; 216.4; 
567; 0; 1669.6397; 170; 216.6; 
567; 0; 1669.6403; 170; 216.8; 
567; 0; 1669.6408; 170; 217; 
567; 0; 1669.6415; 170; 217.2; 
567; 0; 1669.6423; 170; 217.4; 
567; 0; 1669.6431; 170; 217.6; 
567; 0; 1671.0307; 170; 217.8; 
567; 0; 1671.0318; 170; 218; 
567; 0; 1671.0339; 170; 218.2; 
567; 0; 1672.4248; 170; 218.4; 
567; 0; 1672.4315; 170; 218.6; 
567; 0; 1672.4419; 170; 218.8; 
567; 0; 1673.8443; 170; 219; 
567; 0; 1673.8659; 170; 219.2; 
567; 0; 1673.8934; 170; 219.4; 
567; 0; 1673.9249; 170; 219.6; 
567; 0; 1676.7313; 170; 219.8; 
567; 0; 1679.535; 170; 220; 
567; 0; 1685.1069; 170; 220.2; 
567; 0; 1692.0571; 170; 220.4; 
567; 0; 1700.3843; 170; 220.6; 
567; 0; 1708.7349; 170; 220.8; 
567; 0; 1718.7506; 170; 221; 
567; 0; 1725.8937; 170; 221.2; 
567; 0; 1734.3393; 170; 221.4; 
567; 0; 1739.6399; 170; 221.6; 
567; 0; 1743.6096; 170; 221.8; 
567; 0; 1747.5823; 170; 222; 
567; 0; 1750.2283; 170; 222.2; 
567; 0; 1751.5489; 170; 222.4; 
567; 0; 1752.876; 170; 222.6; 
567; 0; 1752.8779; 170; 222.8; 
567; 0; 1752.8851; 170; 223; 
567; 0; 1752.8964; 170; 223.2; 
567; 0; 1754.2416; 170; 223.4; 
567; 0; 1755.5875; 170; 223.6; 
567; 0; 1756.9325; 170; 223.8; 
567; 0; 1758.2754; 170; 224; 
567; 0; 1760.9466; 170; 224.2; 
567; 0; 1763.6143; 170; 224.4; 
567; 0; 1767.6095; 170; 224.6; 
567; 0; 1770.2687; 170; 224.8; 
567; 0; 1772.923; 170; 225; 
567; 0; 1775.5723; 170; 225.2; 
567; 0; 1778.2176; 170; 225.4; 
567; 0; 1779.5288; 170; 225.6; 
567; 0; 1779.508; 170; 225.8; 
567; 0; 1778.1574; 170; 226; 
567; 0; 1776.8103; 170; 226.2; 
567; 0; 1774.1366; 170; 226.4; 
567; 0; 1771.4686; 170; 226.6; 
567; 0; 1768.8065; 170; 226.8; 
567; 0; 1764.8179; 170; 227; 
567; 0; 1760.8333; 170; 227.2; 
567; 0; 1756.8509; 170; 227.4; 
567; 0; 1754.2007; 170; 227.6; 
567; 0; 1751.5494; 170; 227.8; 
567; 0; 1748.8958; 170; 228; 
567; 0; 1747.5707; 170; 228.2; 
567; 0; 1744.9106; 170; 228.4; 
567; 0; 1743.5789; 170; 228.6; 
567; 0; 1742.2447; 170; 228.8; 
567; 0; 1739.5771; 170; 229; 
567; 0; 1738.24; 170; 229.2; 
567; 0; 1736.9028; 170; 229.4; 
567; 0; 1734.2347; 170; 229.6; 
567; 0; 1731.4826; 170; 229.8; 
567; 0; 1730.0474; 170; 230; 
567; 0; 1727.1813; 170; 230.2; 
567; 0; 1724.3166; 170; 230.4; 
567; 0; 1721.453; 170; 230.6; 
567; 0; 1718.5901; 170; 230.8; 
567; 0; 1717.1603; 170; 231; 
567; 0; 1714.2977; 170; 231.2; 
567; 0; 1712.8674; 170; 231.4; 
567; 0; 1710.0039; 170; 231.6; 
567; 0; 1708.5724; 170; 231.8; 
567; 0; 1707.1422; 170; 232; 
567; 0; 1704.3683; 170; 232.2; 
567; 0; 1702.9809; 170; 232.4; 
567; 0; 1701.5933; 170; 232.6; 
567; 0; 1700.2056; 170; 232.8; 
567; 0; 1698.8179; 170; 233; 
567; 0; 1697.4304; 170; 233.2; 
567; 0; 1696.043; 170; 233.4; 
567; 0; 1694.6559; 170; 233.6; 
567; 0; 1693.2692; 170; 233.8; 
567; 0; 1691.8828; 170; 234; 
567; 0; 1690.4965; 170; 234.2; 
567; 0; 1689.1104; 170; 234.4; 
567; 0; 1687.7243; 170; 234.6; 
567; 0; 1686.3382; 170; 234.8; 
567; 0; 1684.9519; 170; 235; 
567; 0; 1683.5655; 170; 235.2; 
567; 0; 1683.566; 170; 235.4; 
567; 0; 1682.1794; 170; 235.6; 
567; 0; 1680.7926; 170; 235.8; 
567; 0; 1680.7928; 170; 236; 
567; 0; 1679.4061; 170; 236.2; 
567; 0; 1678.0195; 170; 236.4; 
567; 0; 1678.0199; 170; 236.6; 
567; 0; 1676.6333; 170; 236.8; 
567; 0; 1676.6337; 170; 237; 
567; 0; 1675.2472; 170; 237.2; 
567; 0; 1675.2477; 170; 237.4; 
567; 0; 1673.8612; 170; 237.6; 
567; 0; 1673.8617; 170; 237.8; 
567; 0; 1672.4753; 170; 238; 
567; 0; 1672.4758; 170; 238.2; 
567; 0; 1672.4763; 170; 238.4; 
567; 0; 1671.09; 170; 238.6; 
567; 0; 1671.0906; 170; 238.8; 
567; 0; 1671.0913; 170; 239; 
567; 0; 1669.7049; 170; 239.2; 
567; 0; 1669.7054; 170; 239.4; 
567; 0; 1669.7059; 170; 239.6; 
567; 0; 1668.3194; 170; 239.8; 
567; 0; 1668.32; 170; 240; 
567; 0; 1668.3206; 170; 240.2; 
567; 0; 1668.3211; 170; 240.4; 
567; 0; 1666.9346; 170; 240.6; 
567; 0; 1666.9351; 170; 240.8; 
567; 0; 1666.9356; 170; 241; 
567; 0; 1666.9363; 170; 241.2; 
567; 0; 1665.5499; 170; 241.4; 
567; 0; 1665.5506; 170; 241.6; 
567; 0; 1665.5513; 170; 241.8; 
567; 0; 1665.552; 170; 242; 
567; 0; 1665.5526; 170; 242.2; 
567; 0; 1665.5532; 170; 242.4; 
567; 0; 1665.5538; 170; 242.6; 
567; 0; 1664.1675; 170; 242.8; 
567; 0; 1664.168; 170; 243; 
567; 0; 1664.1685; 170; 243.2; 
567; 0; 1664.1691; 170; 243.4; 
567; 0; 1664.1696; 170; 243.6; 
567; 0; 1664.1701; 170; 243.8; 
567; 0; 1664.1706; 170; 244; 
567; 0; 1664.171; 170; 244.2; 
567; 0; 1664.1715; 170; 244.4; 
567; 0; 1664.1722; 170; 244.6; 
567; 0; 1664.1729; 170; 244.8; 
567; 0; 1664.1737; 170; 245; 
567; 0; 1664.1744; 170; 245.2; 
567; 0; 1664.1751; 170; 245.4; 
567; 0; 1662.7888; 170; 245.6; 
567; 0; 1662.7894; 170; 245.8; 
567; 0; 1662.7899; 170; 246; 
567; 0; 1664.1775; 170; 246.2; 
567; 0; 1664.1785; 170; 246.4; 
567; 0; 1665.5678; 170; 246.6; 
567; 0; 1665.5725; 170; 246.8; 
567; 0; 1665.5803; 170; 247; 
567; 0; 1665.5909; 170; 247.2; 
567; 0; 1665.6033; 170; 247.4; 
567; 0; 1665.6158; 170; 247.6; 
567; 0; 1665.6263; 170; 247.8; 
567; 0; 1667.0199; 170; 248; 
567; 0; 1669.7954; 170; 248.2; 
567; 0; 1671.1788; 170; 248.4; 
567; 0; 1672.5578; 170; 248.6; 
567; 0; 1675.3206; 170; 248.8; 
567; 0; 1676.6946; 170; 249; 
567; 0; 1678.0684; 170; 249.2; 
567; 0; 1678.0564; 170; 249.4; 
567; 0; 1679.4339; 170; 249.6; 
567; 0; 1679.4274; 170; 249.8; 
567; 0; 1678.0373; 170; 250; 
567; 0; 1678.0372; 170; 250.2; 
567; 0; 1678.0396; 170; 250.4; 
567; 0; 1676.6568; 170; 250.6; 
567; 0; 1676.6617; 170; 250.8; 
567; 0; 1676.6667; 170; 251; 
567; 0; 1675.2843; 170; 251.2; 
567; 0; 1675.2879; 170; 251.4; 
567; 0; 1675.2906; 170; 251.6; 
567; 0; 1675.2922; 170; 251.8; 
567; 0; 1673.906; 170; 252; 
567; 0; 1673.906; 170; 252.2; 
567; 0; 1673.9055; 170; 252.4; 
567; 0; 1673.9049; 170; 252.6; 
567; 0; 1673.9044; 170; 252.8; 
567; 0; 1673.9041; 170; 253; 
567; 0; 1672.5172; 170; 253.2; 
567; 0; 1672.5175; 170; 253.4; 
567; 0; 1672.5181; 170; 253.6; 
567; 0; 1672.5189; 170; 253.8; 
567; 0; 1671.1328; 170; 254; 
567; 0; 1671.1337; 170; 254.2; 
567; 0; 1671.1345; 170; 254.4; 
567; 0; 1671.1353; 170; 254.6; 
567; 0; 1671.136; 170; 254.8; 
567; 0; 1669.7499; 170; 255; 
567; 0; 1669.7506; 170; 255.2; 
567; 0; 1669.7513; 170; 255.4; 
567; 0; 1669.7518; 170; 255.6; 
567; 0; 1669.7524; 170; 255.8; 
567; 0; 1669.7529; 170; 256; 
567; 0; 1669.7533; 170; 256.2; 
567; 0; 1668.3668; 170; 256.4; 
567; 0; 1668.3673; 170; 256.6; 
567; 0; 1668.3678; 170; 256.8; 
567; 0; 1668.3684; 170; 257; 
567; 0; 1668.369; 170; 257.2; 
567; 0; 1668.3695; 170; 257.4; 
567; 0; 1668.3706; 170; 257.6; 
567; 0; 1669.7598; 170; 257.8; 
567; 0; 1669.7641; 170; 258; 
567; 0; 1669.7713; 170; 258.2; 
567; 0; 1669.7827; 170; 258.4; 
567; 0; 1671.1864; 170; 258.6; 
567; 0; 1669.8225; 170; 258.8; 
567; 0; 1671.2383; 170; 259; 
567; 0; 1671.2704; 170; 259.2; 
567; 0; 1674.0766; 170; 259.4; 
567; 0; 1678.2662; 170; 259.6; 
567; 0; 1683.8359; 170; 259.8; 
567; 0; 1690.7834; 170; 260; 
567; 0; 1699.1076; 170; 260.2; 
567; 0; 1708.8359; 170; 260.4; 
567; 0; 1717.4164; 170; 260.6; 
567; 0; 1724.5577; 170; 260.8; 
567; 0; 1731.695; 170; 261; 
567; 0; 1737.0657; 170; 261.2; 
567; 0; 1742.3677; 170; 261.4; 
567; 0; 1745.0103; 170; 261.6; 
567; 0; 1747.6582; 170; 261.8; 
567; 0; 1748.9808; 170; 262; 
567; 0; 1748.9785; 170; 262.2; 
567; 0; 1748.9823; 170; 262.4; 
567; 0; 1750.3226; 170; 262.6; 
567; 0; 1750.3347; 170; 262.8; 
567; 0; 1751.6801; 170; 263; 
567; 0; 1753.0254; 170; 263.2; 
567; 0; 1754.3694; 170; 263.4; 
567; 0; 1757.0424; 170; 263.6; 
567; 0; 1758.3805; 170; 263.8; 
567; 0; 1762.3781; 170; 264; 
567; 0; 1765.0408; 170; 264.2; 
567; 0; 1767.7005; 170; 264.4; 
567; 0; 1770.3581; 170; 264.6; 
567; 0; 1771.6829; 170; 264.8; 
567; 0; 1773.0073; 170; 265; 
567; 0; 1775.6638; 170; 265.2; 
567; 0; 1775.6583; 170; 265.4; 
567; 0; 1776.9859; 170; 265.6; 
567; 0; 1776.9839; 170; 265.8; 
567; 0; 1776.9839; 170; 266; 
567; 0; 1776.9856; 170; 266.2; 
567; 0; 1776.9888; 170; 266.4; 
567; 0; 1776.9928; 170; 266.6; 
567; 0; 1778.3288; 170; 266.8; 
567; 0; 1778.3331; 170; 267; 
567; 0; 1778.3369; 170; 267.2; 
567; 0; 1779.6714; 170; 267.4; 
567; 0; 1779.6733; 170; 267.6; 
567; 0; 1781.0056; 170; 267.8; 
567; 0; 1782.3366; 170; 268; 
567; 0; 1783.6654; 170; 268.2; 
567; 0; 1784.9913; 170; 268.4; 
567; 0; 1784.9819; 170; 268.6; 
567; 0; 1786.3005; 170; 268.8; 
567; 0; 1786.2846; 170; 269; 
567; 0; 1784.9358; 170; 269.2; 
567; 0; 1783.5873; 170; 269.4; 
567; 0; 1782.2411; 170; 269.6; 
567; 0; 1778.2353; 170; 269.8; 
567; 0; 1775.5658; 170; 270; 
567; 0; 1771.5697; 170; 270.2; 
567; 0; 1767.5782; 170; 270.4; 
567; 0; 1763.5906; 170; 270.6; 
567; 0; 1758.274; 170; 270.8; 
567; 0; 1754.2901; 170; 271; 
567; 0; 1751.6375; 170; 271.2; 
567; 0; 1747.6519; 170; 271.4; 
567; 0; 1744.9956; 170; 271.6; 
567; 0; 1742.3367; 170; 271.8; 
567; 0; 1739.6751; 170; 272; 
567; 0; 1737.0113; 170; 272.2; 
567; 0; 1735.6772; 170; 272.4; 
567; 0; 1733.0105; 170; 272.6; 
567; 0; 1730.1652; 170; 272.8; 
567; 0; 1727.2956; 170; 273; 
567; 0; 1725.8595; 170; 273.2; 
567; 0; 1722.9918; 170; 273.4; 
567; 0; 1720.1252; 170; 273.6; 
567; 0; 1717.2599; 170; 273.8; 
567; 0; 1714.3956; 170; 274; 
567; 0; 1711.532; 170; 274.2; 
567; 0; 1708.6688; 170; 274.4; 
567; 0; 1707.2465; 170; 274.6; 
567; 0; 1704.4749; 170; 274.8; 
567; 0; 1703.0897; 170; 275; 
567; 0; 1700.317; 170; 275.2; 
567; 0; 1698.9307; 170; 275.4; 
567; 0; 1697.5437; 170; 275.6; 
567; 0; 1696.1563; 170; 275.8; 
567; 0; 1694.7686; 170; 276; 
567; 0; 1693.3808; 170; 276.2; 
567; 0; 1691.9931; 170; 276.4; 
567; 0; 1690.6057; 170; 276.6; 
567; 0; 1689.2187; 170; 276.8; 
567; 0; 1687.8319; 170; 277; 
567; 0; 1686.4453; 170; 277.2; 
567; 0; 1685.059; 170; 277.4; 
567; 0; 1683.6729; 170; 277.6; 
567; 0; 1682.2869; 170; 277.8; 
567; 0; 1680.9006; 170; 278; 
567; 0; 1679.5143; 170; 278.2; 
567; 0; 1679.5147; 170; 278.4; 
567; 0; 1678.128; 170; 278.6; 
567; 0; 1676.7412; 170; 278.8; 
567; 0; 1676.7413; 170; 279; 
567; 0; 1675.3544; 170; 279.2; 
567; 0; 1673.9675; 170; 279.4; 
567; 0; 1673.9678; 170; 279.6; 
567; 0; 1672.5811; 170; 279.8; 
567; 0; 1672.5814; 170; 280; 
567; 0; 1671.1948; 170; 280.2; 
567; 0; 1671.1952; 170; 280.4; 
567; 0; 1669.8087; 170; 280.6; 
567; 0; 1669.8091; 170; 280.8; 
567; 0; 1669.8094; 170; 281; 
567; 0; 1668.4228; 170; 281.2; 
567; 0; 1668.4231; 170; 281.4; 
567; 0; 1667.0366; 170; 281.6; 
567; 0; 1667.037; 170; 281.8; 
567; 0; 1667.0373; 170; 282; 
567; 0; 1667.0377; 170; 282.2; 
567; 0; 1665.6511; 170; 282.4; 
567; 0; 1665.6515; 170; 282.6; 
567; 0; 1665.652; 170; 282.8; 
567; 0; 1665.6525; 170; 283; 
567; 0; 1664.2661; 170; 283.2; 
567; 0; 1664.2667; 170; 283.4; 
567; 0; 1664.2672; 170; 283.6; 
567; 0; 1664.2676; 170; 283.8; 
567; 0; 1664.2679; 170; 284; 
567; 0; 1662.8813; 170; 284.2; 
567; 0; 1662.8816; 170; 284.4; 
567; 0; 1662.8819; 170; 284.6; 
567; 0; 1662.8823; 170; 284.8; 
567; 0; 1662.8827; 170; 285; 
567; 0; 1662.8831; 170; 285.2; 
567; 0; 1662.8835; 170; 285.4; 
567; 0; 1662.8839; 170; 285.6; 
567; 0; 1662.8843; 170; 285.8; 
567; 0; 1662.8848; 170; 286; 
567; 0; 1661.4983; 170; 286.2; 
567; 0; 1661.4989; 170; 286.4; 
567; 0; 1661.4994; 170; 286.6; 
567; 0; 1661.4998; 170; 286.8; 
567; 0; 1661.5003; 170; 287; 
567; 0; 1661.5007; 170; 287.2; 
567; 0; 1661.5012; 170; 287.4; 
567; 0; 1661.5017; 170; 287.6; 
567; 0; 1661.5021; 170; 287.8; 
567; 0; 1661.5026; 170; 288; 
567; 0; 1661.5032; 170; 288.2; 
567; 0; 1662.8908; 170; 288.4; 
567; 0; 1662.8917; 170; 288.6; 
567; 0; 1662.8933; 170; 288.8; 
567; 0; 1662.8955; 170; 289; 
567; 0; 1662.898; 170; 289.2; 
567; 0; 1662.9006; 170; 289.4; 
567; 0; 1662.903; 170; 289.6; 
567; 0; 1662.9047; 170; 289.8; 
567; 0; 1664.2923; 170; 290; 
567; 0; 1664.292; 170; 290.2; 
567; 0; 1664.2908; 170; 290.4; 
567; 0; 1664.2889; 170; 290.6; 
567; 0; 1665.6738; 170; 290.8; 
567; 0; 1665.6717; 170; 291; 
567; 0; 1665.6699; 170; 291.2; 
567; 0; 1665.6686; 170; 291.4; 
567; 0; 1665.6679; 170; 291.6; 
567; 0; 1665.6678; 170; 291.8; 
567; 0; 1665.6683; 170; 292; 
567; 0; 1665.6693; 170; 292.2; 
567; 0; 1665.6704; 170; 292.4; 
567; 0; 1665.6718; 170; 292.6; 
567; 0; 1664.2862; 170; 292.8; 
567; 0; 1664.2874; 170; 293; 
567; 0; 1664.2885; 170; 293.2; 
567; 0; 1664.2895; 170; 293.4; 
567; 0; 1664.2903; 170; 293.6; 
567; 0; 1664.2909; 170; 293.8; 
567; 0; 1664.2914; 170; 294; 
567; 0; 1664.2918; 170; 294.2; 
567; 0; 1664.2922; 170; 294.4; 
567; 0; 1664.2925; 170; 294.6; 
567; 0; 1664.2929; 170; 294.8; 
567; 0; 1664.2934; 170; 295; 
567; 0; 1664.2939; 170; 295.2; 
567; 0; 1664.2943; 170; 295.4; 
567; 0; 1664.2946; 170; 295.6; 
567; 0; 1664.295; 170; 295.8; 
567; 0; 1664.2955; 170; 296; 
567; 0; 1664.296; 170; 296.2; 
567; 0; 1664.2966; 170; 296.4; 
567; 0; 1664.2972; 170; 296.6; 
567; 0; 1664.2977; 170; 296.8; 
567; 0; 1664.2982; 170; 297; 
567; 0; 1664.2986; 170; 297.2; 
567; 0; 1664.2991; 170; 297.4; 
567; 0; 1664.2995; 170; 297.6; 
567; 0; 1664.2998; 170; 297.8; 
567; 0; 1664.3001; 170; 298; 
567; 0; 1665.6879; 170; 298.2; 
567; 0; 1665.6901; 170; 298.4; 
567; 0; 1665.6951; 170; 298.6; 
567; 0; 1667.0907; 170; 298.8; 
567; 0; 1667.1043; 170; 299; 
567; 0; 1667.124; 170; 299.2; 
567; 0; 1667.15; 170; 299.4; 
567; 0; 1668.5676; 170; 299.6; 
567; 0; 1669.9869; 170; 299.8; 
567; 0; 1674.1783; 170; 300; 
567; 0; 1678.3645; 170; 300.2; 
567; 0; 1685.3164; 170; 300.4; 
567; 0; 1693.6454; 170; 300.6; 
567; 0; 1701.964; 170; 300.8; 
567; 0; 1710.3417; 170; 301; 
567; 0; 1718.9187; 170; 301.2; 
567; 0; 1726.0578; 170; 301.4; 
567; 0; 1731.7618; 170; 301.6; 
567; 0; 1737.1288; 170; 301.8; 
567; 0; 1739.7699; 170; 302; 
567; 0; 1742.4158; 170; 302.2; 
567; 0; 1745.0675; 170; 302.4; 
567; 0; 1745.0626; 170; 302.6; 
567; 0; 1746.3956; 170; 302.8; 
567; 0; 1746.4022; 170; 303; 
567; 0; 1746.4128; 170; 303.2; 
567; 0; 1747.7572; 170; 303.4; 
567; 0; 1749.1024; 170; 303.6; 
567; 0; 1750.4467; 170; 303.8; 
567; 0; 1751.7888; 170; 304; 
567; 0; 1754.4594; 170; 304.2; 
567; 0; 1757.1266; 170; 304.4; 
567; 0; 1761.1218; 170; 304.6; 
567; 0; 1763.7824; 170; 304.8; 
567; 0; 1766.4405; 170; 305; 
567; 0; 1767.7654; 170; 305.2; 
567; 0; 1770.4214; 170; 305.4; 
567; 0; 1771.746; 170; 305.6; 
567; 0; 1773.0717; 170; 305.8; 
567; 0; 1773.0673; 170; 306; 
567; 0; 1773.0648; 170; 306.2; 
567; 0; 1774.3959; 170; 306.4; 
567; 0; 1774.3972; 170; 306.6; 
567; 0; 1774.4; 170; 306.8; 
567; 0; 1774.4038; 170; 307; 
567; 0; 1774.4081; 170; 307.2; 
567; 0; 1774.4124; 170; 307.4; 
567; 0; 1775.7479; 170; 307.6; 
567; 0; 1775.7509; 170; 307.8; 
567; 0; 1777.0844; 170; 308; 
567; 0; 1778.4169; 170; 308.2; 
567; 0; 1778.4167; 170; 308.4; 
567; 0; 1779.7473; 170; 308.6; 
567; 0; 1779.7457; 170; 308.8; 
567; 0; 1781.0752; 170; 309; 
567; 0; 1781.0731; 170; 309.2; 
567; 0; 1781.0711; 170; 309.4; 
567; 0; 1781.0696; 170; 309.6; 
567; 0; 1781.0686; 170; 309.8; 
567; 0; 1781.0683; 170; 310; 
567; 0; 1781.0686; 170; 310.2; 
567; 0; 1781.0694; 170; 310.4; 
567; 0; 1781.0706; 170; 310.6; 
567; 0; 1781.0721; 170; 310.8; 
567; 0; 1781.0738; 170; 311; 
567; 0; 1781.0754; 170; 311.2; 
567; 0; 1781.0767; 170; 311.4; 
567; 0; 1781.0776; 170; 311.6; 
567; 0; 1782.4098; 170; 311.8; 
567; 0; 1782.41; 170; 312; 
567; 0; 1782.4099; 170; 312.2; 
567; 0; 1782.4096; 170; 312.4; 
567; 0; 1782.409; 170; 312.6; 
567; 0; 1782.4084; 170; 312.8; 
567; 0; 1782.4078; 170; 313; 
567; 0; 1782.4074; 170; 313.2; 
567; 0; 1782.4071; 170; 313.4; 
567; 0; 1782.4067; 170; 313.6; 
567; 0; 1782.4053; 170; 313.8; 
567; 0; 1783.7331; 170; 314; 
567; 0; 1783.7259; 170; 314.2; 
567; 0; 1783.7148; 170; 314.4; 
567; 0; 1783.7002; 170; 314.6; 
567; 0; 1782.3517; 170; 314.8; 
567; 0; 1781.0029; 170; 315; 
567; 0; 1778.3241; 170; 315.2; 
567; 0; 1774.317; 170; 315.4; 
567; 0; 1771.6459; 170; 315.6; 
567; 0; 1767.6483; 170; 315.8; 
567; 0; 1762.3237; 170; 316; 
567; 0; 1758.3348; 170; 316.2; 
567; 0; 1754.3487; 170; 316.4; 
567; 0; 1749.0325; 170; 316.6; 
567; 0; 1745.048; 170; 316.8; 
567; 0; 1741.0624; 170; 317; 
567; 0; 1738.4065; 170; 317.2; 
567; 0; 1735.7481; 170; 317.4; 
567; 0; 1731.6848; 170; 317.6; 
567; 0; 1728.8194; 170; 317.8; 
567; 0; 1725.9521; 170; 318; 
567; 0; 1723.0837; 170; 318.2; 
567; 0; 1721.6476; 170; 318.4; 
567; 0; 1718.779; 170; 318.6; 
567; 0; 1715.9109; 170; 318.8; 
567; 0; 1713.0436; 170; 319; 
567; 0; 1710.1773; 170; 319.2; 
567; 0; 1707.3247; 170; 319.4; 
567; 0; 1704.5518; 170; 319.6; 
567; 0; 1701.7794; 170; 319.8; 
567; 0; 1699.0072; 170; 320; 
567; 0; 1697.6222; 170; 320.2; 
567; 0; 1694.8502; 170; 320.4; 
567; 0; 1693.4648; 170; 320.6; 
567; 0; 1692.079; 170; 320.8; 
567; 0; 1689.3058; 170; 321; 
567; 0; 1687.9191; 170; 321.2; 
567; 0; 1686.5321; 170; 321.4; 
567; 0; 1685.1449; 170; 321.6; 
567; 0; 1683.7577; 170; 321.8; 
567; 0; 1682.3703; 170; 322; 
567; 0; 1680.983; 170; 322.2; 
567; 0; 1679.5959; 170; 322.4; 
567; 0; 1678.2089; 170; 322.6; 
567; 0; 1676.8221; 170; 322.8; 
567; 0; 1675.4354; 170; 323; 
567; 0; 1674.0489; 170; 323.2; 
567; 0; 1672.6625; 170; 323.4; 
567; 0; 1672.663; 170; 323.6; 
567; 0; 1671.2764; 170; 323.8; 
567; 0; 1669.8898; 170; 324; 
567; 0; 1669.8901; 170; 324.2; 
567; 0; 1668.5035; 170; 324.4; 
567; 0; 1668.5038; 170; 324.6; 
567; 0; 1667.1172; 170; 324.8; 
567; 0; 1667.1175; 170; 325; 
567; 0; 1665.7308; 170; 325.2; 
567; 0; 1665.731; 170; 325.4; 
567; 0; 1664.3444; 170; 325.6; 
567; 0; 1664.3447; 170; 325.8; 
567; 0; 1664.345; 170; 326; 
567; 0; 1662.9583; 170; 326.2; 
567; 0; 1662.9587; 170; 326.4; 
567; 0; 1662.959; 170; 326.6; 
567; 0; 1661.5722; 170; 326.8; 
567; 0; 1661.5724; 170; 327; 
567; 0; 1661.5727; 170; 327.2; 
567; 0; 1661.5729; 170; 327.4; 
567; 0; 1660.1863; 170; 327.6; 
567; 0; 1660.1867; 170; 327.8; 
567; 0; 1660.1871; 170; 328; 
567; 0; 1660.1876; 170; 328.2; 
567; 0; 1660.188; 170; 328.4; 
567; 0; 1660.1883; 170; 328.6; 
567; 0; 1658.8017; 170; 328.8; 
567; 0; 1658.8021; 170; 329; 
567; 0; 1658.8024; 170; 329.2; 
567; 0; 1658.8026; 170; 329.4; 
567; 0; 1658.803; 170; 329.6; 
567; 0; 1658.8035; 170; 329.8; 
567; 0; 1658.804; 170; 330; 
567; 0; 1658.8045; 170; 330.2; 
567; 0; 1658.805; 170; 330.4; 
567; 0; 1658.8055; 170; 330.6; 
567; 0; 1658.8059; 170; 330.8; 
567; 0; 1658.8062; 170; 331; 
567; 0; 1657.4196; 170; 331.2; 
567; 0; 1657.4198; 170; 331.4; 
567; 0; 1657.4201; 170; 331.6; 
567; 0; 1657.4203; 170; 331.8; 
567; 0; 1657.4205; 170; 332; 
567; 0; 1657.4209; 170; 332.2; 
567; 0; 1657.4214; 170; 332.4; 
567; 0; 1657.4219; 170; 332.6; 
567; 0; 1657.4222; 170; 332.8; 
567; 0; 1657.4225; 170; 333; 
567; 0; 1657.4228; 170; 333.2; 
567; 0; 1657.423; 170; 333.4; 
567; 0; 1658.8102; 170; 333.6; 
567; 0; 1658.8106; 170; 333.8; 
567; 0; 1658.811; 170; 334; 
567; 0; 1658.8116; 170; 334.2; 
567; 0; 1658.8121; 170; 334.4; 
567; 0; 1658.8127; 170; 334.6; 
567; 0; 1658.8131; 170; 334.8; 
567; 0; 1658.8135; 170; 335; 
567; 0; 1658.8137; 170; 335.2; 
567; 0; 1658.814; 170; 335.4; 
567; 0; 1658.8143; 170; 335.6; 
567; 0; 1658.8146; 170; 335.8; 
567; 0; 1658.815; 170; 336; 
567; 0; 1658.8154; 170; 336.2; 
567; 0; 1658.8158; 170; 336.4; 
567; 0; 1658.8162; 170; 336.6; 
567; 0; 1658.8166; 170; 336.8; 
567; 0; 1658.817; 170; 337; 
567; 0; 1658.8174; 170; 337.2; 
567; 0; 1658.8178; 170; 337.4; 
567; 0; 1658.8181; 170; 337.6; 
567; 0; 1658.8185; 170; 337.8; 
567; 0; 1658.8189; 170; 338; 
567; 0; 1658.8192; 170; 338.2; 
567; 0; 1658.8196; 170; 338.4; 
567; 0; 1658.8199; 170; 338.6; 
567; 0; 1660.2072; 170; 338.8; 
567; 0; 1660.2073; 170; 339; 
567; 0; 1660.2076; 170; 339.2; 
567; 0; 1660.2079; 170; 339.4; 
567; 0; 1660.2082; 170; 339.6; 
567; 0; 1660.2085; 170; 339.8; 
567; 0; 1660.2088; 170; 340; 
567; 0; 1660.2092; 170; 340.2; 
567; 0; 1660.2095; 170; 340.4; 
567; 0; 1660.2099; 170; 340.6; 
567; 0; 1660.2104; 170; 340.8; 
567; 0; 1660.2109; 170; 341; 
567; 0; 1660.2114; 170; 341.2; 
567; 0; 1660.2119; 170; 341.4; 
567; 0; 1660.2122; 170; 341.6; 
567; 0; 1660.2126; 170; 341.8; 
567; 0; 1660.2129; 170; 342; 
567; 0; 1660.2133; 170; 342.2; 
567; 0; 1661.6006; 170; 342.4; 
567; 0; 1661.6009; 170; 342.6; 
567; 0; 1661.6013; 170; 342.8; 
567; 0; 1661.6016; 170; 343; 
567; 0; 1661.6019; 170; 343.2; 
567; 0; 1662.9892; 170; 343.4; 
567; 0; 1662.9896; 170; 343.6; 
567; 0; 1664.3773; 170; 343.8; 
567; 0; 1664.3791; 170; 344; 
567; 0; 1665.7699; 170; 344.2; 
567; 0; 1665.7767; 170; 344.4; 
567; 0; 1667.1745; 170; 344.6; 
567; 0; 1667.1906; 170; 344.8; 
567; 0; 1667.2131; 170; 345; 
567; 0; 1667.2413; 170; 345.2; 
567; 0; 1668.6598; 170; 345.4; 
567; 0; 1671.4655; 170; 345.6; 
567; 0; 1675.6545; 170; 345.8; 
567; 0; 1681.2238; 170; 346; 
567; 0; 1688.1709; 170; 346.2; 
567; 0; 1696.4948; 170; 346.4; 
567; 0; 1704.8084; 170; 346.6; 
567; 0; 1713.2694; 170; 346.8; 
567; 0; 1721.8434; 170; 347; 
567; 0; 1727.5481; 170; 347.2; 
567; 0; 1733.2121; 170; 347.4; 
567; 0; 1737.1831; 170; 347.6; 
567; 0; 1739.8265; 170; 347.8; 
567; 0; 1742.4753; 170; 348; 
567; 0; 1743.7989; 170; 348.2; 
567; 0; 1743.7975; 170; 348.4; 
567; 0; 1745.1335; 170; 348.6; 
567; 0; 1745.1426; 170; 348.8; 
567; 0; 1745.1546; 170; 349; 
567; 0; 1746.4996; 170; 349.2; 
567; 0; 1747.8442; 170; 349.4; 
567; 0; 1749.187; 170; 349.6; 
567; 0; 1751.8586; 170; 349.8; 
567; 0; 1754.5269; 170; 350; 
567; 0; 1757.1917; 170; 350.2; 
567; 0; 1759.8532; 170; 350.4; 
567; 0; 1762.512; 170; 350.6; 
567; 0; 1765.169; 170; 350.8; 
567; 0; 1766.4935; 170; 351; 
567; 0; 1767.8179; 170; 351.2; 
567; 0; 1769.1432; 170; 351.4; 
567; 0; 1770.4693; 170; 351.6; 
567; 0; 1770.4643; 170; 351.8; 
567; 0; 1771.7909; 170; 352; 
567; 0; 1771.7854; 170; 352.2; 
567; 0; 1771.7791; 170; 352.4; 
567; 0; 1771.7721; 170; 352.6; 
567; 0; 1770.4331; 170; 352.8; 
567; 0; 1770.4257; 170; 353; 
567; 0; 1769.0872; 170; 353.2; 
567; 0; 1766.4184; 170; 353.4; 
567; 0; 1765.0828; 170; 353.6; 
567; 0; 1762.4175; 170; 353.8; 
567; 0; 1759.7542; 170; 354; 
567; 0; 1757.0926; 170; 354.2; 
567; 0; 1753.1009; 170; 354.4; 
567; 0; 1750.4417; 170; 354.6; 
567; 0; 1747.7829; 170; 354.8; 
567; 0; 1745.124; 170; 355; 
567; 0; 1742.4644; 170; 355.2; 
567; 0; 1741.1353; 170; 355.4; 
567; 0; 1738.4735; 170; 355.6; 
567; 0; 1735.8105; 170; 355.8; 
567; 0; 1734.4781; 170; 356; 
567; 0; 1731.7469; 170; 356.2; 
567; 0; 1730.312; 170; 356.4; 
567; 0; 1727.4441; 170; 356.6; 
567; 0; 1724.5764; 170; 356.8; 
567; 0; 1723.1418; 170; 357; 
567; 0; 1720.2751; 170; 357.2; 
567; 0; 1717.409; 170; 357.4; 
567; 0; 1715.9762; 170; 357.6; 
567; 0; 1713.1111; 170; 357.8; 
567; 0; 1711.6791; 170; 358; 
567; 0; 1708.8145; 170; 358.2; 
567; 0; 1707.3998; 170; 358.4; 
567; 0; 1704.6267; 170; 358.6; 
567; 0; 1703.2404; 170; 358.8; 
567; 0; 1701.8537; 170; 359; 
567; 0; 1700.4667; 170; 359.2; 
567; 0; 1697.6925; 170; 359.4; 
567; 0; 1696.3051; 170; 359.6; 
567; 0; 1694.9176; 170; 359.8; 
567; 0; 1693.5301; 170; 360; 
567; 0; 1692.1427; 170; 360.2; 
567; 0; 1690.7554; 170; 360.4; 
567; 0; 1689.3681; 170; 360.6; 
567; 0; 1687.981; 170; 360.8; 
567; 0; 1686.5941; 170; 361; 
567; 0; 1685.2072; 170; 361.2; 
567; 0; 1683.8204; 170; 361.4; 
567; 0; 1683.8206; 170; 361.6; 
567; 0; 1682.4339; 170; 361.8; 
567; 0; 1681.0471; 170; 362; 
567; 0; 1679.6603; 170; 362.2; 
567; 0; 1678.2735; 170; 362.4; 
567; 0; 1678.2737; 170; 362.6; 
567; 0; 1676.8869; 170; 362.8; 
567; 0; 1676.887; 170; 363; 
567; 0; 1675.5; 170; 363.2; 
567; 0; 1674.113; 170; 363.4; 
567; 0; 1674.113; 170; 363.6; 
567; 0; 1672.7259; 170; 363.8; 
567; 0; 1672.7259; 170; 364; 
567; 0; 1671.339; 170; 364.2; 
567; 0; 1671.3392; 170; 364.4; 
567; 0; 1669.9525; 170; 364.6; 
567; 0; 1669.9529; 170; 364.8; 
567; 0; 1668.5663; 170; 365; 
567; 0; 1668.5665; 170; 365.2; 
567; 0; 1668.5665; 170; 365.4; 
567; 0; 1667.1796; 170; 365.6; 
567; 0; 1667.1796; 170; 365.8; 
567; 0; 1667.1796; 170; 366; 
567; 0; 1665.7927; 170; 366.2; 
567; 0; 1665.7929; 170; 366.4; 
567; 0; 1665.793; 170; 366.6; 
567; 0; 1664.4063; 170; 366.8; 
567; 0; 1664.4065; 170; 367; 
567; 0; 1664.4067; 170; 367.2; 
567; 0; 1664.407; 170; 367.4; 
567; 0; 1663.0205; 170; 367.6; 
567; 0; 1663.0211; 170; 367.8; 
567; 0; 1663.0215; 170; 368; 
567; 0; 1663.0218; 170; 368.2; 
567; 0; 1661.6349; 170; 368.4; 
567; 0; 1661.6351; 170; 368.6; 
567; 0; 1661.6354; 170; 368.8; 
567; 0; 1661.6356; 170; 369; 
567; 0; 1661.6359; 170; 369.2; 
567; 0; 1661.6361; 170; 369.4; 
567; 0; 1661.6363; 170; 369.6; 
567; 0; 1660.2495; 170; 369.8; 
567; 0; 1660.2497; 170; 370; 
567; 0; 1660.25; 170; 370.2; 
567; 0; 1660.2504; 170; 370.4; 
567; 0; 1660.2507; 170; 370.6; 
567; 0; 1660.2511; 170; 370.8; 
567; 0; 1660.2514; 170; 371; 
567; 0; 1660.2517; 170; 371.2; 
567; 0; 1660.2519; 170; 371.4; 
567; 0; 1660.2521; 170; 371.6; 
567; 0; 1660.2524; 170; 371.8; 
567; 0; 1660.2527; 170; 372; 
567; 0; 1660.2529; 170; 372.2; 
567; 0; 1660.2531; 170; 372.4; 
567; 0; 1658.8663; 170; 372.6; 
567; 0; 1658.8666; 170; 372.8; 
567; 0; 1658.8668; 170; 373; 
567; 0; 1658.8672; 170; 373.2; 
567; 0; 1658.8677; 170; 373.4; 
567; 0; 1658.8682; 170; 373.6; 
567; 0; 1658.8687; 170; 373.8; 
567; 0; 1658.8691; 170; 374; 
567; 0; 1658.8693; 170; 374.2; 
567; 0; 1658.8695; 170; 374.4; 
567; 0; 1658.8697; 170; 374.6; 
567; 0; 1658.8698; 170; 374.8; 
567; 0; 1658.87; 170; 375; 
567; 0; 1658.8704; 170; 375.2; 
567; 0; 1658.8707; 170; 375.4; 
567; 0; 1658.8709; 170; 375.6; 
567; 0; 1658.8711; 170; 375.8; 
567; 0; 1658.8714; 170; 376; 
567; 0; 1658.8717; 170; 376.2; 
567; 0; 1658.872; 170; 376.4; 
567; 0; 1658.8724; 170; 376.6; 
567; 0; 1658.8728; 170; 376.8; 
567; 0; 1658.873; 170; 377; 
567; 0; 1660.2602; 170; 377.2; 
567; 0; 1660.2604; 170; 377.4; 
567; 0; 1660.2605; 170; 377.6; 
567; 0; 1660.2608; 170; 377.8; 
567; 0; 1660.2612; 170; 378; 
567; 0; 1660.2616; 170; 378.2; 
567; 0; 1660.262; 170; 378.4; 
567; 0; 1660.2624; 170; 378.6; 
567; 0; 1660.2626; 170; 378.8; 
567; 0; 1661.6498; 170; 379; 
567; 0; 1661.6499; 170; 379.2; 
567; 0; 1661.65; 170; 379.4; 
567; 0; 1661.6502; 170; 379.6; 
567; 0; 1661.6505; 170; 379.8; 
567; 0; 1661.6508; 170; 380; 
567; 0; 1661.6513; 170; 380.2; 
567; 0; 1663.0389; 170; 380.4; 
567; 0; 1663.0395; 170; 380.6; 
567; 0; 1663.0399; 170; 380.8; 
567; 0; 1663.0403; 170; 381; 
567; 0; 1663.0406; 170; 381.2; 
567; 0; 1663.0408; 170; 381.4; 
567; 0; 1663.0409; 170; 381.6; 
567; 0; 1664.428; 170; 381.8; 
567; 0; 1664.4282; 170; 382; 
567; 0; 1664.4285; 170; 382.2; 
567; 0; 1664.4287; 170; 382.4; 
567; 0; 1664.429; 170; 382.6; 
567; 0; 1664.4293; 170; 382.8; 
567; 0; 1664.4295; 170; 383; 
567; 0; 1664.4298; 170; 383.2; 
567; 0; 1664.43; 170; 383.4; 
567; 0; 1664.4303; 170; 383.6; 
567; 0; 1664.4306; 170; 383.8; 
567; 0; 1664.4308; 170; 384; 
567; 0; 1664.431; 170; 384.2; 
567; 0; 1664.4313; 170; 384.4; 
567; 0; 1664.4317; 170; 384.6; 
567; 0; 1664.4321; 170; 384.8; 
567; 0; 1664.4324; 170; 385; 
567; 0; 1664.4328; 170; 385.2; 
567; 0; 1664.433; 170; 385.4; 
567; 0; 1665.8202; 170; 385.6; 
567; 0; 1665.8203; 170; 385.8; 
567; 0; 1665.8205; 170; 386; 
567; 0; 1665.8207; 170; 386.2; 
567; 0; 1665.8209; 170; 386.4; 
567; 0; 1665.8212; 170; 386.6; 
567; 0; 1665.8215; 170; 386.8; 
567; 0; 1665.8219; 170; 387; 
567; 0; 1665.8222; 170; 387.2; 
567; 0; 1665.8225; 170; 387.4; 
567; 0; 1665.8227; 170; 387.6; 
567; 0; 1665.8228; 170; 387.8; 
567; 0; 1665.823; 170; 388; 
567; 0; 1665.8232; 170; 388.2; 
567; 0; 1665.8235; 170; 388.4; 
567; 0; 1665.8238; 170; 388.6; 
567; 0; 1665.824; 170; 388.8; 
567; 0; 1665.8242; 170; 389; 
567; 0; 1665.8244; 170; 389.2; 
567; 0; 1665.8248; 170; 389.4; 
567; 0; 1665.8251; 170; 389.6; 
567; 0; 1665.8255; 170; 389.8; 
567; 0; 1664.4389; 170; 390; 
567; 0; 1664.4394; 170; 390.2; 
567; 0; 1664.4396; 170; 390.4; 
567; 0; 1664.4398; 170; 390.6; 
567; 0; 1664.4401; 170; 390.8; 
567; 0; 1664.4405; 170; 391; 
567; 0; 1664.4408; 170; 391.2; 
567; 0; 1664.441; 170; 391.4; 
567; 0; 1664.4411; 170; 391.6; 
567; 0; 1664.4412; 170; 391.8; 
567; 0; 1665.8283; 170; 392; 
567; 0; 1665.8283; 170; 392.2; 
567; 0; 1665.8284; 170; 392.4; 
567; 0; 1665.8287; 170; 392.6; 
567; 0; 1665.829; 170; 392.8; 
567; 0; 1665.8294; 170; 393; 
567; 0; 1665.8296; 170; 393.2; 
567; 0; 1665.8298; 170; 393.4; 
567; 0; 1665.8299; 170; 393.6; 
567; 0; 1665.8302; 170; 393.8; 
567; 0; 1665.8305; 170; 394; 
567; 0; 1665.8309; 170; 394.2; 
567; 0; 1665.8312; 170; 394.4; 
567; 0; 1665.8315; 170; 394.6; 
567; 0; 1664.4448; 170; 394.8; 
567; 0; 1664.445; 170; 395; 
567; 0; 1664.4453; 170; 395.2; 
567; 0; 1664.4454; 170; 395.4; 
567; 0; 1664.4455; 170; 395.6; 
567; 0; 1664.4457; 170; 395.8; 
567; 0; 1664.4459; 170; 396; 
567; 0; 1664.4462; 170; 396.2; 
567; 0; 1664.4466; 170; 396.4; 
567; 0; 1664.4469; 170; 396.6; 
567; 0; 1664.4472; 170; 396.8; 
567; 0; 1664.4475; 170; 397; 
567; 0; 1664.4477; 170; 397.2; 
567; 0; 1664.448; 170; 397.4; 
567; 0; 1664.4483; 170; 397.6; 
567; 0; 1664.4486; 170; 397.8; 
567; 0; 1665.8358; 170; 398; 
567; 0; 1665.836; 170; 398.2; 
567; 0; 1665.8361; 170; 398.4; 
567; 0; 1665.8364; 170; 398.6; 
567; 0; 1665.8367; 170; 398.8; 
567; 0; 1665.837; 170; 399; 
567; 0; 1665.8371; 170; 399.2; 
567; 0; 1665.837; 170; 399.4; 
567; 0; 1665.8369; 170; 399.6; 
567; 0; 1665.837; 170; 399.8; 
567; 0; 1665.8373; 170; 400; 
567; 0; 1665.8377; 170; 400.2; 
567; 0; 1664.4511; 170; 400.4; 
567; 0; 1664.4516; 170; 400.6; 
567; 0; 1664.452; 170; 400.8; 
567; 0; 1664.4523; 170; 401; 
567; 0; 1664.4525; 170; 401.2; 
567; 0; 1664.4528; 170; 401.4; 
567; 0; 1664.4532; 170; 401.6; 
567; 0; 1664.4535; 170; 401.8; 
567; 0; 1664.4539; 170; 402; 
567; 0; 1664.4541; 170; 402.2; 
567; 0; 1664.4543; 170; 402.4; 
567; 0; 1664.4545; 170; 402.6; 
567; 0; 1664.4547; 170; 402.8; 
567; 0; 1664.4548; 170; 403; 
567; 0; 1664.4549; 170; 403.2; 
567; 0; 1664.455; 170; 403.4; 
567; 0; 1664.4551; 170; 403.6; 
567; 0; 1664.4552; 170; 403.8; 
567; 0; 1664.4552; 170; 404; 
567; 0; 1664.4554; 170; 404.2; 
567; 0; 1664.4555; 170; 404.4; 
567; 0; 1664.4557; 170; 404.6; 
567; 0; 1664.4561; 170; 404.8; 
567; 0; 1664.4565; 170; 405; 
567; 0; 1664.4569; 170; 405.2; 
567; 0; 1664.4573; 170; 405.4; 
567; 0; 1664.4577; 170; 405.6; 
567; 0; 1664.4582; 170; 405.8; 
567; 0; 1664.4585; 170; 406; 
567; 0; 1665.8457; 170; 406.2; 
567; 0; 1665.8458; 170; 406.4; 
567; 0; 1665.8458; 170; 406.6; 
567; 0; 1665.8459; 170; 406.8; 
567; 0; 1665.846; 170; 407; 
567; 0; 1665.8462; 170; 407.2; 
567; 0; 1665.8463; 170; 407.4; 
567; 0; 1665.8467; 170; 407.6; 
567; 0; 1664.4601; 170; 407.8; 
567; 0; 1664.4604; 170; 408; 
567; 0; 1664.4607; 170; 408.2; 
567; 0; 1664.461; 170; 408.4; 
567; 0; 1664.4613; 170; 408.6; 
567; 0; 1664.4616; 170; 408.8; 
567; 0; 1664.4618; 170; 409; 
567; 0; 1664.4619; 170; 409.2; 
567; 0; 1664.4621; 170; 409.4; 
567; 0; 1664.4622; 170; 409.6; 
567; 0; 1664.4624; 170; 409.8; 
567; 0; 1664.4625; 170; 410; 
567; 0; 1664.4627; 170; 410.2; 
567; 0; 1664.463; 170; 410.4; 
567; 0; 1664.4632; 170; 410.6; 
567; 0; 1664.4634; 170; 410.8; 
567; 0; 1664.4636; 170; 411; 
567; 0; 1650.5939; 170; 411.2; 
567; 0; 1362.2413; 170; 411.4; 
567; 0; 1047.6009; 170; 411.6; 
567; 0; 1014.5649; 170; 411.8; 
567; 0; 1014.5652; 170; 412; 
567; 0; 1014.5657; 170; 412.2; 
567; 0; 1014.5662; 170; 412.4; 
567; 0; 1014.5667; 170; 412.6; 
567; 0; 1014.5673; 170; 412.8; 
567; 0; 1014.5679; 170; 413; 
567; 0; 1014.5687; 170; 413.2; 
567; 0; 1014.5696; 170; 413.4; 
567; 0; 1014.5707; 170; 413.6; 
567; 0; 1014.572; 170; 413.8; 
567; 0; 1014.5734; 170; 414; 
567; 0; 1014.575; 170; 414.2; 
567; 0; 1014.5765; 170; 414.4; 
567; 0; 1014.5781; 170; 414.6; 
567; 0; 1014.5798; 170; 414.8; 
567; 0; 1014.5816; 170; 415; 
567; 0; 1014.5834; 170; 415.2; 
567; 0; 1014.5854; 170; 415.4; 
567; 0; 1014.5876; 170; 415.6; 
567; 0; 1014.5899; 170; 415.8; 
567; 0; 1014.5923; 170; 416; 
567; 0; 1006.8408; 170; 416.2; 
567; 0; 1006.8434; 170; 416.4; 
567; 0; 1006.846; 170; 416.6; 
567; 0; 1006.8487; 170; 416.8; 
567; 0; 1006.8514; 170; 417; 
567; 0; 1006.8541; 170; 417.2; 
567; 0; 1006.8569; 170; 417.4; 
567; 0; 1006.8593; 170; 417.6; 
567; 0; 1006.8616; 170; 417.8; 
567; 0; 1006.8639; 170; 418; 
567; 0; 1006.8663; 170; 418.2; 
567; 0; 1006.8687; 170; 418.4; 
567; 0; 1006.8712; 170; 418.6; 
567; 0; 1006.8737; 170; 418.8; 
567; 0; 1006.8762; 170; 419; 
567; 0; 1006.8788; 170; 419.2; 
567; 0; 1006.8813; 170; 419.4; 
567; 0; 1006.8838; 170; 419.6; 
567; 0; 1006.8864; 170; 419.8; 
567; 0; 1006.8891; 170; 420; 
567; 0; 1006.8917; 170; 420.2; 
567; 0; 999.4271; 170; 420.4; 
567; 0; 999.4296; 170; 420.6; 
567; 0; 999.4319; 170; 420.8; 
567; 0; 999.4343; 170; 421; 
567; 0; 999.4366; 170; 421.2; 
567; 0; 999.4388; 170; 421.4; 
567; 0; 999.4409; 170; 421.6; 
567; 0; 999.443; 170; 421.8; 
567; 0; 999.4452; 170; 422; 
567; 0; 999.4475; 170; 422.2; 
567; 0; 999.4498; 170; 422.4; 
567; 0; 999.452; 170; 422.6; 
567; 0; 999.4544; 170; 422.8; 
567; 0; 999.4569; 170; 423; 
567; 0; 999.4594; 170; 423.2; 
567; 0; 999.4619; 170; 423.4; 
567; 0; 999.4642; 170; 423.6; 
567; 0; 999.4664; 170; 423.8; 
567; 0; 999.4686; 170; 424; 
567; 0; 999.4707; 170; 424.2; 
567; 0; 999.4729; 170; 424.4; 
567; 0; 999.4751; 170; 424.6; 
567; 0; 999.4774; 170; 424.8; 
567; 0; 992.2986; 170; 425; 
567; 0; 992.3008; 170; 425.2; 
567; 0; 992.3031; 170; 425.4; 
567; 0; 992.3054; 170; 425.6; 
567; 0; 992.3075; 170; 425.8; 
567; 0; 992.3095; 170; 426; 
567; 0; 992.3115; 170; 426.2; 
567; 0; 992.3135; 170; 426.4; 
567; 0; 992.3153; 170; 426.6; 
567; 0; 992.3172; 170; 426.8; 
567; 0; 992.3192; 170; 427; 
567; 0; 992.3214; 170; 427.2; 
567; 0; 992.3237; 170; 427.4; 
567; 0; 992.326; 170; 427.6; 
567; 0; 992.3282; 170; 427.8; 
567; 0; 992.3303; 170; 428; 
567; 0; 992.3325; 170; 428.2; 
567; 0; 992.3345; 170; 428.4; 
567; 0; 992.3364; 170; 428.6; 
567; 0; 992.3383; 170; 428.8; 
567; 0; 992.3402; 170; 429; 
567; 0; 992.3421; 170; 429.2; 
567; 0; 992.3442; 170; 429.4; 
567; 0; 992.3462; 170; 429.6; 
567; 0; 992.3482; 170; 429.8; 
567; 0; 983.068; 170; 430; 
567; 0; 983.07; 170; 430.2; 
567; 0; 983.0719; 170; 430.4; 
567; 0; 983.0737; 170; 430.6; 
567; 0; 983.0755; 170; 430.8; 
567; 0; 983.0773; 170; 431; 
567; 0; 983.0792; 170; 431.2; 
567; 0; 983.081; 170; 431.4; 
567; 0; 983.0828; 170; 431.6; 
567; 0; 983.0847; 170; 431.8; 
567; 0; 983.0865; 170; 432; 
567; 0; 983.0883; 170; 432.2; 
567; 0; 983.0901; 170; 432.4; 
567; 0; 983.092; 170; 432.6; 
567; 0; 983.0939; 170; 432.8; 
567; 0; 983.0957; 170; 433; 
567; 0; 983.0975; 170; 433.2; 
567; 0; 983.0994; 170; 433.4; 
567; 0; 983.1012; 170; 433.6; 
567; 0; 983.103; 170; 433.8; 
567; 0; 983.1047; 170; 434; 
567; 0; 983.1063; 170; 434.2; 
567; 0; 983.108; 170; 434.4; 
567; 0; 983.1097; 170; 434.6; 
567; 0; 983.1115; 170; 434.8; 
567; 0; 983.1134; 170; 435; 
567; 0; 983.1153; 170; 435.2; 
567; 0; 983.1171; 170; 435.4; 
567; 0; 974.1714; 170; 435.6; 
567; 0; 974.1731; 170; 435.8; 
567; 0; 974.1748; 170; 436; 
567; 0; 974.1765; 170; 436.2; 
567; 0; 974.178; 170; 436.4; 
567; 0; 975.789; 170; 436.6; 
567; 0; 991.8862; 170; 436.8; 
567; 0; 1009.593; 170; 437; 
567; 0; 1025.6903; 170; 437.2; 
567; 0; 1043.3974; 170; 437.4; 
567; 0; 1059.495; 170; 437.6; 
567; 0; 1075.5925; 170; 437.8; 
567; 0; 1091.2665; 170; 438; 
567; 0; 1106.905; 170; 438.2; 
567; 0; 1120.9798; 170; 438.4; 
567; 0; 1135.0546; 170; 438.6; 
567; 0; 1149.1292; 170; 438.8; 
567; 0; 1161.6402; 170; 439; 
567; 0; 1174.1513; 170; 439.2; 
567; 0; 1186.6623; 170; 439.4; 
567; 0; 1197.6096; 170; 439.6; 
567; 0; 1208.5568; 170; 439.8; 
567; 0; 1217.9402; 170; 440; 
567; 0; 1227.3236; 170; 440.2; 
567; 0; 1236.707; 170; 440.4; 
567; 0; 1246.0904; 170; 440.6; 
567; 0; 1253.9104; 170; 440.8; 
567; 0; 1261.2426; 170; 441; 
567; 0; 1268.2261; 170; 441.2; 
567; 0; 1275.2127; 170; 441.4; 
567; 0; 1281.1897; 170; 441.6; 
567; 0; 1285.7088; 170; 441.8; 
567; 0; 1291.7357; 170; 442; 
567; 0; 1296.2686; 170; 442.2; 
567; 0; 1302.3078; 170; 442.4; 
567; 0; 1308.3491; 170; 442.6; 
567; 0; 1315.8897; 170; 442.8; 
567; 0; 1326.4268; 170; 443; 
567; 0; 1336.9553; 170; 443.2; 
567; 0; 1350.4749; 170; 443.4; 
567; 0; 1363.9827; 170; 443.6; 
567; 0; 1367.5219; 170; 443.8; 
567; 0; 1380.9483; 170; 444; 
567; 0; 1392.8729; 170; 444.2; 
567; 0; 1403.2987; 170; 444.4; 
567; 0; 1410.7348; 170; 444.6; 
567; 0; 1418.1728; 170; 444.8; 
567; 0; 1422.6269; 170; 445; 
567; 0; 1425.5935; 170; 445.2; 
567; 0; 1428.5681; 170; 445.4; 
567; 0; 1430.0569; 170; 445.6; 
567; 0; 1430.0595; 170; 445.8; 
567; 0; 1431.5632; 170; 446; 
567; 0; 1431.5775; 170; 446.2; 
567; 0; 1433.0891; 170; 446.4; 
567; 0; 1434.6014; 170; 446.6; 
567; 0; 1437.6068; 170; 446.8; 
567; 0; 1440.6096; 170; 447; 
567; 0; 1443.6084; 170; 447.2; 
567; 0; 1448.0971; 170; 447.4; 
567; 0; 1451.0869; 170; 447.6; 
567; 0; 1455.5667; 170; 447.8; 
567; 0; 1458.549; 170; 448; 
567; 0; 1461.5289; 170; 448.2; 
567; 0; 1464.5076; 170; 448.4; 
567; 0; 1465.9921; 170; 448.6; 
567; 0; 1467.4775; 170; 448.8; 
567; 0; 1468.9646; 170; 449; 
567; 0; 1468.9597; 170; 449.2; 
567; 0; 1470.4516; 170; 449.4; 
567; 0; 1470.4516; 170; 449.6; 
567; 0; 1470.4536; 170; 449.8; 
567; 0; 1470.4573; 170; 450; 
567; 0; 1470.4621; 170; 450.2; 
567; 0; 1470.4672; 170; 450.4; 
567; 0; 1470.4721; 170; 450.6; 
567; 0; 1471.9698; 170; 450.8; 
567; 0; 1471.97; 170; 451; 
567; 0; 1473.4597; 170; 451.2; 
567; 0; 1474.9434; 170; 451.4; 
567; 0; 1476.421; 170; 451.6; 
567; 0; 1476.3993; 170; 451.8; 
567; 0; 1476.3744; 170; 452; 
567; 0; 1474.8547; 170; 452.2; 
567; 0; 1471.8441; 170; 452.4; 
567; 0; 1467.3438; 170; 452.6; 
567; 0; 1462.8496; 170; 452.8; 
567; 0; 1458.3621; 170; 453; 
567; 0; 1452.3869; 170; 453.2; 
567; 0; 1446.4177; 170; 453.4; 
567; 0; 1440.4528; 170; 453.6; 
567; 0; 1435.9849; 170; 453.8; 
567; 0; 1431.5178; 170; 454; 
567; 0; 1427.0504; 170; 454.2; 
567; 0; 1424.0746; 170; 454.4; 
567; 0; 1421.0951; 170; 454.6; 
567; 0; 1418.1116; 170; 454.8; 
567; 0; 1416.6184; 170; 455; 
567; 0; 1413.6277; 170; 455.2; 
567; 0; 1412.1289; 170; 455.4; 
567; 0; 1409.1347; 170; 455.6; 
567; 0; 1407.6345; 170; 455.8; 
567; 0; 1406.1347; 170; 456; 
567; 0; 1403.1417; 170; 456.2; 
567; 0; 1401.6444; 170; 456.4; 
567; 0; 1398.6543; 170; 456.6; 
567; 0; 1397.16; 170; 456.8; 
567; 0; 1394.1726; 170; 457; 
567; 0; 1392.6803; 170; 457.2; 
567; 0; 1389.6943; 170; 457.4; 
567; 0; 1388.2027; 170; 457.6; 
567; 0; 1386.7109; 170; 457.8; 
567; 0; 1385.2186; 170; 458; 
567; 0; 1383.7256; 170; 458.2; 
567; 0; 1382.2318; 170; 458.4; 
567; 0; 1382.2318; 170; 458.6; 
567; 0; 1380.737; 170; 458.8; 
567; 0; 1379.2421; 170; 459; 
567; 0; 1379.2411; 170; 459.2; 
567; 0; 1377.7459; 170; 459.4; 
567; 0; 1377.745; 170; 459.6; 
567; 0; 1376.2499; 170; 459.8; 
567; 0; 1376.2493; 170; 460; 
567; 0; 1374.7546; 170; 460.2; 
567; 0; 1374.7543; 170; 460.4; 
567; 0; 1373.26; 170; 460.6; 
567; 0; 1373.2601; 170; 460.8; 
567; 0; 1371.766; 170; 461; 
567; 0; 1371.766; 170; 461.2; 
567; 0; 1371.766; 170; 461.4; 
567; 0; 1370.2715; 170; 461.6; 
567; 0; 1370.2713; 170; 461.8; 
567; 0; 1370.2711; 170; 462; 
567; 0; 1368.7767; 170; 462.2; 
567; 0; 1368.7766; 170; 462.4; 
567; 0; 1368.7765; 170; 462.6; 
567; 0; 1368.7764; 170; 462.8; 
567; 0; 1367.2819; 170; 463; 
567; 0; 1367.2817; 170; 463.2; 
567; 0; 1367.2815; 170; 463.4; 
567; 0; 1367.2813; 170; 463.6; 
567; 0; 1365.7869; 170; 463.8; 
567; 0; 1365.7869; 170; 464; 
567; 0; 1365.7868; 170; 464.2; 
567; 0; 1365.7867; 170; 464.4; 
567; 0; 1365.7866; 170; 464.6; 
567; 0; 1365.7864; 170; 464.8; 
567; 0; 1365.7862; 170; 465; 
567; 0; 1364.2918; 170; 465.2; 
567; 0; 1364.2916; 170; 465.4; 
567; 0; 1364.2915; 170; 465.6; 
567; 0; 1364.2914; 170; 465.8; 
567; 0; 1364.2914; 170; 466; 
567; 0; 1364.2913; 170; 466.2; 
567; 0; 1364.2913; 170; 466.4; 
567; 0; 1364.2911; 170; 466.6; 
567; 0; 1364.291; 170; 466.8; 
567; 0; 1362.7965; 170; 467; 
567; 0; 1362.7963; 170; 467.2; 
567; 0; 1362.7961; 170; 467.4; 
567; 0; 1362.796; 170; 467.6; 
567; 0; 1362.7958; 170; 467.8; 
567; 0; 1372.732; 170; 468; 
567; 0; 1372.7318; 170; 468.2; 
567; 0; 1372.7317; 170; 468.4; 
567; 0; 1372.7316; 170; 468.6; 
567; 0; 1372.7316; 170; 468.8; 
567; 0; 1371.2305; 170; 469; 
567; 0; 1371.2304; 170; 469.2; 
567; 0; 1371.2303; 170; 469.4; 
567; 0; 1369.7293; 170; 469.6; 
567; 0; 1369.7293; 170; 469.8; 
567; 0; 1369.7293; 170; 470; 
567; 0; 1368.2283; 170; 470.2; 
567; 0; 1368.2283; 170; 470.4; 
567; 0; 1366.7273; 170; 470.6; 
567; 0; 1366.7271; 170; 470.8; 
567; 0; 1365.2259; 170; 471; 
567; 0; 1365.2256; 170; 471.2; 
567; 0; 1365.2253; 170; 471.4; 
567; 0; 1363.7241; 170; 471.6; 
567; 0; 1363.7239; 170; 471.8; 
567; 0; 1362.2227; 170; 472; 
567; 0; 1362.2224; 170; 472.2; 
567; 0; 1362.2223; 170; 472.4; 
567; 0; 1360.7213; 170; 472.6; 
567; 0; 1360.7213; 170; 472.8; 
567; 0; 1359.2205; 170; 473; 
567; 0; 1359.2205; 170; 473.2; 
567; 0; 1359.2205; 170; 473.4; 
567; 0; 1359.2203; 170; 473.6; 
567; 0; 1357.7192; 170; 473.8; 
567; 0; 1357.7189; 170; 474; 
567; 0; 1357.7186; 170; 474.2; 
567; 0; 1357.7183; 170; 474.4; 
567; 0; 1357.7181; 170; 474.6; 
567; 0; 1356.2169; 170; 474.8; 
567; 0; 1356.2168; 170; 475; 
567; 0; 1356.2167; 170; 475.2; 
567; 0; 1356.217; 170; 475.4; 
567; 0; 1356.2183; 170; 475.6; 
567; 0; 1357.7229; 170; 475.8; 
567; 0; 1357.7303; 170; 476; 
567; 0; 1357.7429; 170; 476.2; 
567; 0; 1356.261; 170; 476.4; 
567; 0; 1356.2876; 170; 476.6; 
567; 0; 1356.3205; 170; 476.8; 
567; 0; 1357.8578; 170; 477; 
567; 0; 1360.8961; 170; 477.2; 
567; 0; 1366.9323; 170; 477.4; 
567; 0; 1364.5182; 170; 477.6; 
567; 0; 1373.4987; 170; 477.8; 
567; 0; 1382.4677; 170; 478; 
567; 0; 1394.4138; 170; 478.2; 
567; 0; 1404.8552; 170; 478.4; 
567; 0; 1415.2883; 170; 478.6; 
567; 0; 1422.7274; 170; 478.8; 
567; 0; 1430.1642; 170; 479; 
567; 0; 1436.1074; 170; 479.2; 
567; 0; 1439.0657; 170; 479.4; 
567; 0; 1442.0299; 170; 479.6; 
567; 0; 1443.5073; 170; 479.8; 
567; 0; 1443.4989; 170; 480; 
567; 0; 1443.4986; 170; 480.2; 
567; 0; 1443.5054; 170; 480.4; 
567; 0; 1443.5179; 170; 480.6; 
567; 0; 1443.5338; 170; 480.8; 
567; 0; 1443.5512; 170; 481; 
567; 0; 1445.0623; 170; 481.2; 
567; 0; 1446.5713; 170; 481.4; 
567; 0; 1449.5711; 170; 481.6; 
567; 0; 1452.5667; 170; 481.8; 
567; 0; 1455.5577; 170; 482; 
567; 0; 1460.0389; 170; 482.2; 
567; 0; 1463.0221; 170; 482.4; 
567; 0; 1464.5086; 170; 482.6; 
567; 0; 1467.4877; 170; 482.8; 
567; 0; 1468.9722; 170; 483; 
567; 0; 1470.4573; 170; 483.2; 
567; 0; 1470.4496; 170; 483.4; 
567; 0; 1470.444; 170; 483.6; 
567; 0; 1470.4409; 170; 483.8; 
567; 0; 1470.4403; 170; 484; 
567; 0; 1470.4419; 170; 484.2; 
567; 0; 1470.4452; 170; 484.4; 
567; 0; 1470.4498; 170; 484.6; 
567; 0; 1470.455; 170; 484.8; 
567; 0; 1470.4601; 170; 485; 
567; 0; 1470.4646; 170; 485.2; 
567; 0; 1470.468; 170; 485.4; 
567; 0; 1471.9643; 170; 485.6; 
567; 0; 1471.9651; 170; 485.8; 
567; 0; 1473.4589; 170; 486; 
567; 0; 1473.4574; 170; 486.2; 
567; 0; 1474.9495; 170; 486.4; 
567; 0; 1474.9467; 170; 486.6; 
567; 0; 1474.9438; 170; 486.8; 
567; 0; 1474.9412; 170; 487; 
567; 0; 1476.4332; 170; 487.2; 
567; 0; 1476.4316; 170; 487.4; 
567; 0; 1474.9363; 170; 487.6; 
567; 0; 1474.9359; 170; 487.8; 
567; 0; 1474.9362; 170; 488; 
567; 0; 1474.937; 170; 488.2; 
567; 0; 1474.9382; 170; 488.4; 
567; 0; 1474.9396; 170; 488.6; 
567; 0; 1474.9409; 170; 488.8; 
567; 0; 1474.942; 170; 489; 
567; 0; 1474.9428; 170; 489.2; 
567; 0; 1474.9433; 170; 489.4; 
567; 0; 1474.9435; 170; 489.6; 
567; 0; 1474.9434; 170; 489.8; 
567; 0; 1476.4372; 170; 490; 
567; 0; 1476.4365; 170; 490.2; 
567; 0; 1476.4357; 170; 490.4; 
567; 0; 1476.4348; 170; 490.6; 
567; 0; 1476.434; 170; 490.8; 
567; 0; 1476.4334; 170; 491; 
567; 0; 1476.433; 170; 491.2; 
567; 0; 1476.4328; 170; 491.4; 
567; 0; 1476.4327; 170; 491.6; 
567; 0; 1476.4328; 170; 491.8; 
567; 0; 1476.4329; 170; 492; 
567; 0; 1474.9387; 170; 492.2; 
567; 0; 1474.9388; 170; 492.4; 
567; 0; 1474.9388; 170; 492.6; 
567; 0; 1474.9389; 170; 492.8; 
567; 0; 1474.939; 170; 493; 
567; 0; 1474.9389; 170; 493.2; 
567; 0; 1476.4328; 170; 493.4; 
567; 0; 1476.4308; 170; 493.6; 
567; 0; 1476.4255; 170; 493.8; 
567; 0; 1477.9096; 170; 494; 
567; 0; 1477.894; 170; 494.2; 
567; 0; 1477.8733; 170; 494.4; 
567; 0; 1476.3547; 170; 494.6; 
567; 0; 1474.8358; 170; 494.8; 
567; 0; 1471.8248; 170; 495; 
567; 0; 1467.3235; 170; 495.2; 
567; 0; 1462.828; 170; 495.4; 
567; 0; 1456.845; 170; 495.6; 
567; 0; 1450.8687; 170; 495.8; 
567; 0; 1444.8982; 170; 496; 
567; 0; 1438.9321; 170; 496.2; 
567; 0; 1434.4629; 170; 496.4; 
567; 0; 1428.5001; 170; 496.6; 
567; 0; 1424.0307; 170; 496.8; 
567; 0; 1419.5591; 170; 497; 
567; 0; 1416.5793; 170; 497.2; 
567; 0; 1413.5962; 170; 497.4; 
567; 0; 1410.6098; 170; 497.6; 
567; 0; 1407.6209; 170; 497.8; 
567; 0; 1406.1243; 170; 498; 
567; 0; 1403.1323; 170; 498.2; 
567; 0; 1400.1398; 170; 498.4; 
567; 0; 1398.642; 170; 498.6; 
567; 0; 1395.6509; 170; 498.8; 
567; 0; 1392.6607; 170; 499; 
567; 0; 1391.1657; 170; 499.2; 
567; 0; 1388.1773; 170; 499.4; 
567; 0; 1386.6839; 170; 499.6; 
567; 0; 1385.1911; 170; 499.8; 
567; 0; 1382.2043; 170; 500; 
567; 0; 1380.7118; 170; 500.2; 
567; 0; 1379.2192; 170; 500.4; 
567; 0; 1377.7263; 170; 500.6; 
567; 0; 1376.233; 170; 500.8; 
567; 0; 1374.7393; 170; 501; 
567; 0; 1374.7393; 170; 501.2; 
567; 0; 1373.2448; 170; 501.4; 
567; 0; 1371.7499; 170; 501.6; 
567; 0; 1371.7493; 170; 501.8; 
567; 0; 1370.2545; 170; 502; 
567; 0; 1370.2541; 170; 502.2; 
567; 0; 1368.7594; 170; 502.4; 
567; 0; 1368.7591; 170; 502.6; 
567; 0; 1367.2647; 170; 502.8; 
567; 0; 1367.2649; 170; 503; 
567; 0; 1365.7708; 170; 503.2; 
567; 0; 1365.7711; 170; 503.4; 
567; 0; 1365.7712; 170; 503.6; 
567; 0; 1364.277; 170; 503.8; 
567; 0; 1364.2771; 170; 504; 
567; 0; 1364.2771; 170; 504.2; 
567; 0; 1364.2771; 170; 504.4; 
567; 0; 1362.7826; 170; 504.6; 
567; 0; 1362.7822; 170; 504.8; 
567; 0; 1372.7181; 170; 505; 
567; 0; 1372.7179; 170; 505.2; 
567; 0; 1372.7177; 170; 505.4; 
567; 0; 1371.2166; 170; 505.6; 
567; 0; 1371.2165; 170; 505.8; 
567; 0; 1371.2165; 170; 506; 
567; 0; 1369.7154; 170; 506.2; 
567; 0; 1369.7153; 170; 506.4; 
567; 0; 1369.7153; 170; 506.6; 
567; 0; 1368.2143; 170; 506.8; 
567; 0; 1368.2144; 170; 507; 
567; 0; 1366.7136; 170; 507.2; 
567; 0; 1366.7137; 170; 507.4; 
567; 0; 1365.2129; 170; 507.6; 
567; 0; 1365.213; 170; 507.8; 
567; 0; 1363.712; 170; 508; 
567; 0; 1363.7117; 170; 508.2; 
567; 0; 1362.2104; 170; 508.4; 
567; 0; 1362.21; 170; 508.6; 
567; 0; 1362.2095; 170; 508.8; 
567; 0; 1360.7081; 170; 509; 
567; 0; 1360.7079; 170; 509.2; 
567; 0; 1359.2069; 170; 509.4; 
567; 0; 1359.2069; 170; 509.6; 
567; 0; 1359.2069; 170; 509.8; 
567; 0; 1357.7059; 170; 510; 
567; 0; 1357.7059; 170; 510.2; 
567; 0; 1357.7059; 170; 510.4; 
567; 0; 1356.2048; 170; 510.6; 
567; 0; 1356.2047; 170; 510.8; 
567; 0; 1356.2047; 170; 511; 
567; 0; 1356.2047; 170; 511.2; 
567; 0; 1354.7038; 170; 511.4; 
567; 0; 1354.7039; 170; 511.6; 
567; 0; 1354.7039; 170; 511.8; 
567; 0; 1354.7038; 170; 512; 
567; 0; 1354.7037; 170; 512.2; 
567; 0; 1354.7035; 170; 512.4; 
567; 0; 1353.2024; 170; 512.6; 
567; 0; 1353.2023; 170; 512.8; 
567; 0; 1353.2021; 170; 513; 
567; 0; 1353.202; 170; 513.2; 
567; 0; 1353.2018; 170; 513.4; 
567; 0; 1353.2017; 170; 513.6; 
567; 0; 1353.2015; 170; 513.8; 
567; 0; 1353.2014; 170; 514; 
567; 0; 1353.2013; 170; 514.2; 
567; 0; 1351.7003; 170; 514.4; 
567; 0; 1351.7002; 170; 514.6; 
567; 0; 1351.7002; 170; 514.8; 
567; 0; 1351.7001; 170; 515; 
567; 0; 1351.7002; 170; 515.2; 
567; 0; 1351.7002; 170; 515.4; 
567; 0; 1351.7003; 170; 515.6; 
567; 0; 1351.7003; 170; 515.8; 
567; 0; 1351.7004; 170; 516; 
567; 0; 1351.7005; 170; 516.2; 
567; 0; 1351.7005; 170; 516.4; 
567; 0; 1351.7005; 170; 516.6; 
567; 0; 1351.7004; 170; 516.8; 
567; 0; 1351.7003; 170; 517; 
567; 0; 1351.7001; 170; 517.2; 
567; 0; 1351.7; 170; 517.4; 
567; 0; 1351.6998; 170; 517.6; 
567; 0; 1351.6997; 170; 517.8; 
567; 0; 1351.6995; 170; 518; 
567; 0; 1350.1984; 170; 518.2; 
567; 0; 1350.1984; 170; 518.4; 
567; 0; 1350.1983; 170; 518.6; 
567; 0; 1350.1982; 170; 518.8; 
567; 0; 1350.1982; 170; 519; 
567; 0; 1350.1982; 170; 519.2; 
567; 0; 1350.1982; 170; 519.4; 
567; 0; 1350.1984; 170; 519.6; 
567; 0; 1350.1986; 170; 519.8; 
567; 0; 1350.1987; 170; 520; 
567; 0; 1350.1987; 170; 520.2; 
567; 0; 1350.1987; 170; 520.4; 
567; 0; 1350.1987; 170; 520.6; 
567; 0; 1350.1987; 170; 520.8; 
567; 0; 1350.1986; 170; 521; 
567; 0; 1350.1985; 170; 521.2; 
567; 0; 1350.1984; 170; 521.4; 
567; 0; 1350.1983; 170; 521.6; 
567; 0; 1350.1982; 170; 521.8; 
567; 0; 1350.1981; 170; 522; 
567; 0; 1350.1979; 170; 522.2; 
567; 0; 1350.1978; 170; 522.4; 
567; 0; 1350.1976; 170; 522.6; 
567; 0; 1350.1976; 170; 522.8; 
567; 0; 1350.1976; 170; 523; 
567; 0; 1350.1977; 170; 523.2; 
567; 0; 1350.1978; 170; 523.4; 
567; 0; 1350.1979; 170; 523.6; 
567; 0; 1350.1978; 170; 523.8; 
567; 0; 1350.1977; 170; 524; 
567; 0; 1350.1975; 170; 524.2; 
567; 0; 1350.1974; 170; 524.4; 
567; 0; 1350.1974; 170; 524.6; 
567; 0; 1350.1973; 170; 524.8; 
567; 0; 1350.1973; 170; 525; 
567; 0; 1350.1974; 170; 525.2; 
567; 0; 1350.1975; 170; 525.4; 
567; 0; 1350.1976; 170; 525.6; 
567; 0; 1350.1977; 170; 525.8; 
567; 0; 1350.1976; 170; 526; 
567; 0; 1350.1975; 170; 526.2; 
567; 0; 1350.1974; 170; 526.4; 
567; 0; 1350.1973; 170; 526.6; 
567; 0; 1350.1972; 170; 526.8; 
567; 0; 1350.1972; 170; 527; 
567; 0; 1350.1972; 170; 527.2; 
567; 0; 1350.1971; 170; 527.4; 
567; 0; 1350.197; 170; 527.6; 
567; 0; 1350.1969; 170; 527.8; 
567; 0; 1350.1969; 170; 528; 
567; 0; 1350.1969; 170; 528.2; 
567; 0; 1350.1969; 170; 528.4; 
567; 0; 1350.197; 170; 528.6; 
567; 0; 1348.696; 170; 528.8; 
567; 0; 1348.696; 170; 529; 
567; 0; 1348.6959; 170; 529.2; 
567; 0; 1348.6958; 170; 529.4; 
567; 0; 1348.6958; 170; 529.6; 
567; 0; 1348.6959; 170; 529.8; 
567; 0; 1348.6958; 170; 530; 
567; 0; 1348.6958; 170; 530.2; 
567; 0; 1348.6958; 170; 530.4; 
567; 0; 1348.6958; 170; 530.6; 
567; 0; 1348.6958; 170; 530.8; 
567; 0; 1348.6957; 170; 531; 
567; 0; 1348.6956; 170; 531.2; 
567; 0; 1348.6955; 170; 531.4; 
567; 0; 1348.6954; 170; 531.6; 
567; 0; 1348.6954; 170; 531.8; 
567; 0; 1348.6954; 170; 532; 
567; 0; 1348.6954; 170; 532.2; 
567; 0; 1348.6954; 170; 532.4; 
567; 0; 1348.6955; 170; 532.6; 
567; 0; 1348.6955; 170; 532.8; 
567; 0; 1348.6955; 170; 533; 
567; 0; 1348.6954; 170; 533.2; 
567; 0; 1348.6952; 170; 533.4; 
567; 0; 1348.6951; 170; 533.6; 
567; 0; 1348.6951; 170; 533.8; 
567; 0; 1348.6951; 170; 534; 
567; 0; 1348.6951; 170; 534.2; 
567; 0; 1348.6951; 170; 534.4; 
567; 0; 1348.6951; 170; 534.6; 
567; 0; 1348.6951; 170; 534.8; 
567; 0; 1348.6951; 170; 535; 
567; 0; 1348.695; 170; 535.2; 
567; 0; 1348.695; 170; 535.4; 
567; 0; 1348.695; 170; 535.6; 
567; 0; 1348.695; 170; 535.8; 
567; 0; 1348.695; 170; 536; 
567; 0; 1348.695; 170; 536.2; 
567; 0; 1348.695; 170; 536.4; 
567; 0; 1348.695; 170; 536.6; 
567; 0; 1348.695; 170; 536.8; 
567; 0; 1348.695; 170; 537; 
567; 0; 1348.6949; 170; 537.2; 
567; 0; 1348.6948; 170; 537.4; 
567; 0; 1348.6947; 170; 537.6; 
567; 0; 1348.6946; 170; 537.8; 
567; 0; 1348.6946; 170; 538; 
567; 0; 1348.6946; 170; 538.2; 
567; 0; 1348.6946; 170; 538.4; 
567; 0; 1348.6947; 170; 538.6; 
567; 0; 1350.1957; 170; 538.8; 
567; 0; 1350.196; 170; 539; 
567; 0; 1350.1967; 170; 539.2; 
567; 0; 1350.1986; 170; 539.4; 
567; 0; 1351.704; 170; 539.6; 
567; 0; 1351.7123; 170; 539.8; 
567; 0; 1351.7255; 170; 540; 
567; 0; 1351.7444; 170; 540.2; 
567; 0; 1351.7687; 170; 540.4; 
567; 0; 1351.7972; 170; 540.6; 
567; 0; 1354.8301; 170; 540.8; 
567; 0; 1356.3624; 170; 541; 
567; 0; 1360.8942; 170; 541.2; 
567; 0; 1366.9217; 170; 541.4; 
567; 0; 1365.9929; 170; 541.6; 
567; 0; 1374.9647; 170; 541.8; 
567; 0; 1383.926; 170; 542; 
567; 0; 1394.3706; 170; 542.2; 
567; 0; 1404.8049; 170; 542.4; 
567; 0; 1413.7363; 170; 542.6; 
567; 0; 1421.1674; 170; 542.8; 
567; 0; 1425.6075; 170; 543; 
567; 0; 1430.0491; 170; 543.2; 
567; 0; 1431.5081; 170; 543.4; 
567; 0; 1431.4826; 170; 543.6; 
567; 0; 1429.973; 170; 543.8; 
567; 0; 1428.4746; 170; 544; 
567; 0; 1425.4929; 170; 544.2; 
567; 0; 1422.5206; 170; 544.4; 
567; 0; 1419.5552; 170; 544.6; 
567; 0; 1418.0893; 170; 544.8; 
567; 0; 1416.6244; 170; 545; 
567; 0; 1416.6508; 170; 545.2; 
567; 0; 1418.1657; 170; 545.4; 
567; 0; 1421.167; 170; 545.6; 
567; 0; 1424.1592; 170; 545.8; 
567; 0; 1427.1422; 170; 546; 
567; 0; 1430.1169; 170; 546.2; 
567; 0; 1433.0851; 170; 546.4; 
567; 0; 1434.5552; 170; 546.6; 
567; 0; 1434.5299; 170; 546.8; 
567; 0; 1434.5066; 170; 547; 
567; 0; 1432.9942; 170; 547.2; 
567; 0; 1429.9932; 170; 547.4; 
567; 0; 1426.9986; 170; 547.6; 
567; 0; 1424.0105; 170; 547.8; 
567; 0; 1421.028; 170; 548; 
567; 0; 1418.05; 170; 548.2; 
567; 0; 1415.0745; 170; 548.4; 
567; 0; 1412.1004; 170; 548.6; 
567; 0; 1410.6199; 170; 548.8; 
567; 0; 1409.1367; 170; 549; 
567; 0; 1407.65; 170; 549.2; 
567; 0; 1407.6533; 170; 549.4; 
567; 0; 1407.6524; 170; 549.6; 
567; 0; 1407.648; 170; 549.8; 
567; 0; 1406.1468; 170; 550; 
567; 0; 1406.1384; 170; 550.2; 
567; 0; 1404.6353; 170; 550.4; 
567; 0; 1404.6271; 170; 550.6; 
567; 0; 1403.126; 170; 550.8; 
567; 0; 1401.6271; 170; 551; 
567; 0; 1400.1303; 170; 551.2; 
567; 0; 1397.1411; 170; 551.4; 
567; 0; 1395.6479; 170; 551.6; 
567; 0; 1394.1559; 170; 551.8; 
567; 0; 1392.6647; 170; 552; 
567; 0; 1391.1738; 170; 552.2; 
567; 0; 1389.6827; 170; 552.4; 
567; 0; 1388.191; 170; 552.6; 
567; 0; 1388.1926; 170; 552.8; 
567; 0; 1386.6989; 170; 553; 
567; 0; 1385.2043; 170; 553.2; 
567; 0; 1385.2031; 170; 553.4; 
567; 0; 1383.7071; 170; 553.6; 
567; 0; 1383.705; 170; 553.8; 
567; 0; 1382.2087; 170; 554; 
567; 0; 1382.207; 170; 554.2; 
567; 0; 1380.7114; 170; 554.4; 
567; 0; 1379.2162; 170; 554.6; 
567; 0; 1379.2156; 170; 554.8; 
567; 0; 1377.721; 170; 555; 
567; 0; 1377.721; 170; 555.2; 
567; 0; 1376.2269; 170; 555.4; 
567; 0; 1376.227; 170; 555.6; 
567; 0; 1374.733; 170; 555.8; 
567; 0; 1374.7332; 170; 556; 
567; 0; 1373.2389; 170; 556.2; 
567; 0; 1373.2388; 170; 556.4; 
567; 0; 1371.7444; 170; 556.6; 
567; 0; 1371.744; 170; 556.8; 
567; 0; 1371.7436; 170; 557; 
567; 0; 1370.2488; 170; 557.2; 
567; 0; 1370.2484; 170; 557.4; 
567; 0; 1370.2479; 170; 557.6; 
567; 0; 1368.7532; 170; 557.8; 
567; 0; 1368.7529; 170; 558; 
567; 0; 1368.7526; 170; 558.2; 
567; 0; 1367.258; 170; 558.4; 
567; 0; 1367.2578; 170; 558.6; 
567; 0; 1367.2578; 170; 558.8; 
567; 0; 1365.7634; 170; 559; 
567; 0; 1365.7634; 170; 559.2; 
567; 0; 1365.7633; 170; 559.4; 
567; 0; 1365.7633; 170; 559.6; 
567; 0; 1364.2689; 170; 559.8; 
567; 0; 1364.2687; 170; 560; 
567; 0; 1364.2686; 170; 560.2; 
567; 0; 1364.2685; 170; 560.4; 
567; 0; 1364.2683; 170; 560.6; 
567; 0; 1362.7737; 170; 560.8; 
567; 0; 1362.7734; 170; 561; 
567; 0; 1372.7095; 170; 561.2; 
567; 0; 1372.7093; 170; 561.4; 
567; 0; 1372.7091; 170; 561.6; 
567; 0; 1371.208; 170; 561.8; 
567; 0; 1371.2078; 170; 562; 
567; 0; 1371.2078; 170; 562.2; 
567; 0; 1369.7068; 170; 562.4; 
567; 0; 1369.7068; 170; 562.6; 
567; 0; 1368.2058; 170; 562.8; 
567; 0; 1368.2057; 170; 563; 
567; 0; 1366.7045; 170; 563.2; 
567; 0; 1366.7044; 170; 563.4; 
567; 0; 1365.2033; 170; 563.6; 
567; 0; 1365.2031; 170; 563.8; 
567; 0; 1363.7019; 170; 564; 
567; 0; 1363.7017; 170; 564.2; 
567; 0; 1362.2005; 170; 564.4; 
567; 0; 1362.2004; 170; 564.6; 
567; 0; 1362.2002; 170; 564.8; 
567; 0; 1360.6992; 170; 565; 
567; 0; 1360.699; 170; 565.2; 
567; 0; 1359.1981; 170; 565.4; 
567; 0; 1359.1982; 170; 565.6; 
567; 0; 1357.6972; 170; 565.8; 
567; 0; 1357.6972; 170; 566; 
567; 0; 1357.697; 170; 566.2; 
567; 0; 1356.1959; 170; 566.4; 
567; 0; 1356.1957; 170; 566.6; 
567; 0; 1356.1955; 170; 566.8; 
567; 0; 1354.6942; 170; 567; 
567; 0; 1354.694; 170; 567.2; 
567; 0; 1354.6938; 170; 567.4; 
567; 0; 1354.6937; 170; 567.6; 
567; 0; 1353.1927; 170; 567.8; 
567; 0; 1353.1927; 170; 568; 
567; 0; 1353.1926; 170; 568.2; 
567; 0; 1353.1926; 170; 568.4; 
567; 0; 1351.6916; 170; 568.6; 
567; 0; 1351.6916; 170; 568.8; 
567; 0; 1351.6916; 170; 569; 
567; 0; 1351.6917; 170; 569.2; 
567; 0; 1351.6917; 170; 569.4; 
567; 0; 1351.6916; 170; 569.6; 
567; 0; 1350.1905; 170; 569.8; 
567; 0; 1350.1904; 170; 570; 
567; 0; 1350.1903; 170; 570.2; 
567; 0; 1350.1901; 170; 570.4; 
567; 0; 1350.19; 170; 570.6; 
567; 0; 1350.19; 170; 570.8; 
567; 0; 1350.1899; 170; 571; 
567; 0; 1350.1899; 170; 571.2; 
567; 0; 1350.1899; 170; 571.4; 
567; 0; 1350.1899; 170; 571.6; 
567; 0; 1348.689; 170; 571.8; 
567; 0; 1348.689; 170; 572; 
567; 0; 1348.6891; 170; 572.2; 
567; 0; 1348.6891; 170; 572.4; 
567; 0; 1348.6891; 170; 572.6; 
567; 0; 1348.689; 170; 572.8; 
567; 0; 1348.689; 170; 573; 
567; 0; 1348.6889; 170; 573.2; 
567; 0; 1348.6888; 170; 573.4; 
567; 0; 1348.6885; 170; 573.6; 
567; 0; 1348.6883; 170; 573.8; 
567; 0; 1348.6882; 170; 574; 
567; 0; 1348.6882; 170; 574.2; 
567; 0; 1348.6883; 170; 574.4; 
567; 0; 1348.6884; 170; 574.6; 
567; 0; 1348.6884; 170; 574.8; 
567; 0; 1348.6885; 170; 575; 
567; 0; 1348.6885; 170; 575.2; 
567; 0; 1348.6885; 170; 575.4; 
567; 0; 1348.6884; 170; 575.6; 
567; 0; 1348.6883; 170; 575.8; 
567; 0; 1347.1873; 170; 576; 
567; 0; 1347.1871; 170; 576.2; 
567; 0; 1347.187; 170; 576.4; 
567; 0; 1347.1868; 170; 576.6; 
567; 0; 1347.1866; 170; 576.8; 
567; 0; 1347.1866; 170; 577; 
567; 0; 1347.1867; 170; 577.2; 
567; 0; 1347.1868; 170; 577.4; 
567; 0; 1347.187; 170; 577.6; 
567; 0; 1347.1871; 170; 577.8; 
567; 0; 1347.1871; 170; 578; 
567; 0; 1347.1871; 170; 578.2; 
567; 0; 1347.1871; 170; 578.4; 
567; 0; 1347.1872; 170; 578.6; 
567; 0; 1347.1872; 170; 578.8; 
567; 0; 1347.1872; 170; 579; 
567; 0; 1347.1872; 170; 579.2; 
567; 0; 1347.1871; 170; 579.4; 
567; 0; 1347.187; 170; 579.6; 
567; 0; 1347.1869; 170; 579.8; 
567; 0; 1347.1869; 170; 580; 
567; 0; 1347.1867; 170; 580.2; 
567; 0; 1347.1865; 170; 580.4; 
567; 0; 1347.1864; 170; 580.6; 
567; 0; 1347.1863; 170; 580.8; 
567; 0; 1347.1864; 170; 581; 
567; 0; 1347.1865; 170; 581.2; 
567; 0; 1347.1866; 170; 581.4; 
567; 0; 1347.1867; 170; 581.6; 
567; 0; 1347.1867; 170; 581.8; 
567; 0; 1347.1868; 170; 582; 
567; 0; 1347.1869; 170; 582.2; 
567; 0; 1347.1869; 170; 582.4; 
567; 0; 1347.1868; 170; 582.6; 
567; 0; 1347.1868; 170; 582.8; 
567; 0; 1347.1867; 170; 583; 
567; 0; 1347.1866; 170; 583.2; 
567; 0; 1347.1865; 170; 583.4; 
567; 0; 1347.1865; 170; 583.6; 
567; 0; 1347.1865; 170; 583.8; 
567; 0; 1347.1865; 170; 584; 
567; 0; 1347.1865; 170; 584.2; 
567; 0; 1347.1865; 170; 584.4; 
567; 0; 1347.1865; 170; 584.6; 
567; 0; 1348.6879; 170; 584.8; 
567; 0; 1348.6896; 170; 585; 
567; 0; 1348.6935; 170; 585.2; 
567; 0; 1348.7006; 170; 585.4; 
567; 0; 1350.2137; 170; 585.6; 
567; 0; 1350.2321; 170; 585.8; 
567; 0; 1348.7567; 170; 586; 
567; 0; 1350.2898; 170; 586.2; 
567; 0; 1350.326; 170; 586.4; 
567; 0; 1353.3644; 170; 586.6; 
567; 0; 1359.4014; 170; 586.8; 
567; 0; 1365.4311; 170; 587; 
567; 0; 1364.509; 170; 587.2; 
567; 0; 1374.9731; 170; 587.4; 
567; 0; 1385.4254; 170; 587.6; 
567; 0; 1397.3612; 170; 587.8; 
567; 0; 1406.2999; 170; 588; 
567; 0; 1415.2329; 170; 588.2; 
567; 0; 1422.6692; 170; 588.4; 
567; 0; 1427.1179; 170; 588.6; 
567; 0; 1431.5704; 170; 588.8; 
567; 0; 1434.5348; 170; 589; 
567; 0; 1434.5184; 170; 589.2; 
567; 0; 1436.0048; 170; 589.4; 
567; 0; 1436.0052; 170; 589.6; 
567; 0; 1434.518; 170; 589.8; 
567; 0; 1434.5295; 170; 590; 
567; 0; 1436.037; 170; 590.2; 
567; 0; 1436.0489; 170; 590.4; 
567; 0; 1437.5514; 170; 590.6; 
567; 0; 1440.5425; 170; 590.8; 
567; 0; 1442.0329; 170; 591; 
567; 0; 1443.5168; 170; 591.2; 
567; 0; 1444.9955; 170; 591.4; 
567; 0; 1444.9765; 170; 591.6; 
567; 0; 1444.957; 170; 591.8; 
567; 0; 1443.4452; 170; 592; 
567; 0; 1440.4424; 170; 592.2; 
567; 0; 1437.4444; 170; 592.4; 
567; 0; 1434.4519; 170; 592.6; 
567; 0; 1429.9707; 170; 592.8; 
567; 0; 1425.4943; 170; 593; 
567; 0; 1422.5158; 170; 593.2; 
567; 0; 1418.0449; 170; 593.4; 
567; 0; 1415.0688; 170; 593.6; 
567; 0; 1412.0916; 170; 593.8; 
567; 0; 1410.607; 170; 594; 
567; 0; 1407.6248; 170; 594.2; 
567; 0; 1406.1333; 170; 594.4; 
567; 0; 1406.1327; 170; 594.6; 
567; 0; 1404.6352; 170; 594.8; 
567; 0; 1403.1357; 170; 595; 
567; 0; 1401.6353; 170; 595.2; 
567; 0; 1400.1349; 170; 595.4; 
567; 0; 1398.6354; 170; 595.6; 
567; 0; 1397.1372; 170; 595.8; 
567; 0; 1394.1461; 170; 596; 
567; 0; 1392.6506; 170; 596.2; 
567; 0; 1391.1565; 170; 596.4; 
567; 0; 1389.6634; 170; 596.6; 
567; 0; 1386.6768; 170; 596.8; 
567; 0; 1385.1848; 170; 597; 
567; 0; 1383.6927; 170; 597.2; 
567; 0; 1382.2004; 170; 597.4; 
567; 0; 1380.7075; 170; 597.6; 
567; 0; 1380.7082; 170; 597.8; 
567; 0; 1379.2141; 170; 598; 
567; 0; 1377.7193; 170; 598.2; 
567; 0; 1377.7183; 170; 598.4; 
567; 0; 1376.2228; 170; 598.6; 
567; 0; 1376.2216; 170; 598.8; 
567; 0; 1374.7261; 170; 599; 
567; 0; 1373.2309; 170; 599.2; 
567; 0; 1373.2301; 170; 599.4; 
567; 0; 1371.7354; 170; 599.6; 
567; 0; 1371.7353; 170; 599.8; 
567; 0; 1370.2411; 170; 600; 
567; 0; 1370.2413; 170; 600.2; 
567; 0; 1368.7472; 170; 600.4; 
567; 0; 1368.7474; 170; 600.6; 
567; 0; 1367.2531; 170; 600.8; 
567; 0; 1367.253; 170; 601; 
567; 0; 1367.2527; 170; 601.2; 
567; 0; 1365.7582; 170; 601.4; 
567; 0; 1365.7579; 170; 601.6; 
567; 0; 1365.7576; 170; 601.8; 
567; 0; 1364.2631; 170; 602; 
567; 0; 1364.2628; 170; 602.2; 
567; 0; 1364.2625; 170; 602.4; 
567; 0; 1362.7681; 170; 602.6; 
567; 0; 1362.7679; 170; 602.8; 
567; 0; 1372.704; 170; 603; 
567; 0; 1372.7039; 170; 603.2; 
567; 0; 1371.2029; 170; 603.4; 
567; 0; 1371.2029; 170; 603.6; 
567; 0; 1371.2029; 170; 603.8; 
567; 0; 1369.702; 170; 604; 
567; 0; 1369.702; 170; 604.2; 
567; 0; 1369.7019; 170; 604.4; 
567; 0; 1368.2008; 170; 604.6; 
567; 0; 1368.2006; 170; 604.8; 
567; 0; 1366.6994; 170; 605; 
567; 0; 1366.6991; 170; 605.2; 
567; 0; 1365.1978; 170; 605.4; 
567; 0; 1363.6966; 170; 605.6; 
567; 0; 1363.6964; 170; 605.8; 
567; 0; 1362.1952; 170; 606; 
567; 0; 1362.195; 170; 606.2; 
567; 0; 1360.694; 170; 606.4; 
567; 0; 1360.6938; 170; 606.6; 
567; 0; 1359.1927; 170; 606.8; 
567; 0; 1359.1925; 170; 607; 
567; 0; 1357.6913; 170; 607.2; 
567; 0; 1357.6911; 170; 607.4; 
567; 0; 1357.6911; 170; 607.6; 
567; 0; 1356.1901; 170; 607.8; 
567; 0; 1356.1902; 170; 608; 
567; 0; 1354.6894; 170; 608.2; 
567; 0; 1354.6896; 170; 608.4; 
567; 0; 1354.6897; 170; 608.6; 
567; 0; 1353.1886; 170; 608.8; 
567; 0; 1353.1884; 170; 609; 
567; 0; 1353.1881; 170; 609.2; 
567; 0; 1353.1878; 170; 609.4; 
567; 0; 1351.6866; 170; 609.6; 
567; 0; 1351.6864; 170; 609.8; 
567; 0; 1351.6863; 170; 610; 
567; 0; 1351.6862; 170; 610.2; 
567; 0; 1350.1852; 170; 610.4; 
567; 0; 1350.1852; 170; 610.6; 
567; 0; 1350.1851; 170; 610.8; 
567; 0; 1350.1851; 170; 611; 
567; 0; 1350.185; 170; 611.2; 
567; 0; 1350.1848; 170; 611.4; 
567; 0; 1350.1846; 170; 611.6; 
567; 0; 1348.6834; 170; 611.8; 
567; 0; 1348.6833; 170; 612; 
567; 0; 1348.6834; 170; 612.2; 
567; 0; 1348.6836; 170; 612.4; 
567; 0; 1348.6837; 170; 612.6; 
567; 0; 1348.6838; 170; 612.8; 
567; 0; 1348.6838; 170; 613; 
567; 0; 1348.6837; 170; 613.2; 
567; 0; 1348.6836; 170; 613.4; 
567; 0; 1348.6834; 170; 613.6; 
567; 0; 1347.1824; 170; 613.8; 
567; 0; 1347.1824; 170; 614; 
567; 0; 1347.1823; 170; 614.2; 
567; 0; 1347.1823; 170; 614.4; 
567; 0; 1347.1823; 170; 614.6; 
567; 0; 1347.1823; 170; 614.8; 
567; 0; 1347.1824; 170; 615; 
567; 0; 1347.1824; 170; 615.2; 
567; 0; 1347.1825; 170; 615.4; 
567; 0; 1347.1824; 170; 615.6; 
567; 0; 1347.1824; 170; 615.8; 
567; 0; 1347.1822; 170; 616; 
567; 0; 1347.182; 170; 616.2; 
567; 0; 1347.1818; 170; 616.4; 
567; 0; 1347.1817; 170; 616.6; 
567; 0; 1347.1816; 170; 616.8; 
567; 0; 1347.1815; 170; 617; 
567; 0; 1347.1815; 170; 617.2; 
567; 0; 1347.1814; 170; 617.4; 
567; 0; 1345.6805; 170; 617.6; 
567; 0; 1345.6806; 170; 617.8; 
567; 0; 1345.6808; 170; 618; 
567; 0; 1345.6809; 170; 618.2; 
567; 0; 1345.681; 170; 618.4; 
567; 0; 1345.6811; 170; 618.6; 
567; 0; 1345.6811; 170; 618.8; 
567; 0; 1345.681; 170; 619; 
567; 0; 1345.681; 170; 619.2; 
567; 0; 1345.6809; 170; 619.4; 
567; 0; 1345.6809; 170; 619.6; 
567; 0; 1345.6808; 170; 619.8; 
567; 0; 1345.6806; 170; 620; 
567; 0; 1345.6805; 170; 620.2; 
567; 0; 1345.6804; 170; 620.4; 
567; 0; 1345.6803; 170; 620.6; 
567; 0; 1345.6804; 170; 620.8; 
567; 0; 1345.6805; 170; 621; 
567; 0; 1345.6806; 170; 621.2; 
567; 0; 1345.6806; 170; 621.4; 
567; 0; 1345.6806; 170; 621.6; 
567; 0; 1345.6805; 170; 621.8; 
567; 0; 1345.6805; 170; 622; 
567; 0; 1345.6805; 170; 622.2; 
567; 0; 1345.6806; 170; 622.4; 
567; 0; 1345.6806; 170; 622.6; 
567; 0; 1345.6807; 170; 622.8; 
567; 0; 1345.6807; 170; 623; 
567; 0; 1345.6806; 170; 623.2; 
567; 0; 1345.6805; 170; 623.4; 
567; 0; 1345.6803; 170; 623.6; 
567; 0; 1345.6802; 170; 623.8; 
567; 0; 1345.6801; 170; 624; 
567; 0; 1345.6801; 170; 624.2; 
567; 0; 1345.6802; 170; 624.4; 
567; 0; 1345.6803; 170; 624.6; 
567; 0; 1345.6805; 170; 624.8; 
567; 0; 1345.6806; 170; 625; 
567; 0; 1345.6807; 170; 625.2; 
567; 0; 1345.6806; 170; 625.4; 
567; 0; 1345.6804; 170; 625.6; 
567; 0; 1345.6802; 170; 625.8; 
567; 0; 1345.6801; 170; 626; 
567; 0; 1345.68; 170; 626.2; 
567; 0; 1345.68; 170; 626.4; 
567; 0; 1345.68; 170; 626.6; 
567; 0; 1345.68; 170; 626.8; 
567; 0; 1345.6802; 170; 627; 
567; 0; 1345.6803; 170; 627.2; 
567; 0; 1345.6805; 170; 627.4; 
567; 0; 1345.6807; 170; 627.6; 
567; 0; 1345.6807; 170; 627.8; 
567; 0; 1345.6806; 170; 628; 
567; 0; 1345.6805; 170; 628.2; 
567; 0; 1345.6803; 170; 628.4; 
567; 0; 1345.6801; 170; 628.6; 
567; 0; 1345.6799; 170; 628.8; 
567; 0; 1345.6797; 170; 629; 
567; 0; 1345.6795; 170; 629.2; 
567; 0; 1345.6796; 170; 629.4; 
567; 0; 1344.1788; 170; 629.6; 
567; 0; 1344.1791; 170; 629.8; 
567; 0; 1344.1794; 0; 630; 
567; 0; 0; 0; 630.2; 
567; 0; 0; 0; 630.4; 
567; 0; 0; 0; 630.6; 
567; 0; 0; 0; 630.8; 
567; 0; 0; 0; 631; 
567; 0; 0; 0; 631.2; 
567; 0; 0; 0; 631.4; 
567; 0; 0; 0; 631.6; 
567; 0; 0; 0; 631.8; 
567; 0; 0; 0; 632; 
567; 0; 0; 0; 632.2; 
567; 0; 0; 0; 632.4; 
567; 0; 0; 0; 632.6; 
567; 0; 0; 0; 632.8; 
567; 0; 0; 0; 633; 
567; 0; 0; 0; 633.2; 
567; 0; 0; 0; 633.4; 
567; 0; 0; 0; 633.6; 
567; 0; 0; 0; 633.8; 
567; 0; 0; 0; 634; 
567; 0; 0; 0; 634.2; 
567; 0; 0; 0; 634.4; 
567; 0; 0; 0; 634.6; 
567; 0; 0; 0; 634.8; 
567; 0; 0; 0; 635; 
567; 0; 0; 0; 635.2; 
567; 0; 0; 0; 635.4; 
567; 0; 0; 0; 635.6; 
567; 0; 0; 0; 635.8; 
567; 0; 0; 0; 636; 
567; 0; 0; 0; 636.2; 
567; 0; 0; 0; 636.4; 
567; 0; 0; 0; 636.6; 
567; 0; 0; 0; 636.8; 
567; 0; 0; 0; 637; 
567; 0; 0; 0; 637.2; 
567; 0; 0; 0; 637.4; 
567; 0; 0; 0; 637.6; 
567; 0; 0; 0; 637.8; 
567; 0; 0; 0; 638; 
567; 0; 0; 0; 638.2; 
567; 0; 0; 0; 638.4; 
567; 0; 0; 0; 638.6; 
567; 0; 0; 0; 638.8; 
567; 0; 0; 0; 639; 
567; 0; 0; 0; 639.2; 
567; 0; 0; 0; 639.4; 
567; 0; 0; 0; 639.6; 
567; 0; 0; 0; 639.8; 
567; 0; 0; 0; 640; 
567; 0; 0; 0; 640.2; 
567; 0; 0; 0; 640.4; 
567; 0; 0; 0; 640.6; 
567; 0; 0; 0; 640.8; 
567; 0; 0; 0; 641; 
567; 0; 0; 0; 641.2; 
567; 0; 0; 0; 641.4; 
567; 0; 0; 0; 641.6; 
567; 0; 0; 0; 641.8; 
567; 0; 0; 0; 642; 
567; 0; 0; 0; 642.2; 
567; 0; 0; 0; 642.4; 
567; 0; 0; 0; 642.6; 
567; 0; 0; 0; 642.8; 
567; 0; 0; 0; 643; 
567; 0; 0; 0; 643.2; 
567; 0; 0; 0; 643.4; 
567; 0; 0; 0; 643.6; 
567; 0; 0; 0; 643.8; 
567; 0; 0; 0; 644; 
567; 0; 0; 0; 644.2; 
567; 0; 0; 0; 644.4; 
567; 0; 0; 0; 644.6; 
567; 0; 0; 0; 644.8; 
567; 0; 0; 0; 645; 
567; 0; 0; 0; 645.2; 
567; 0; 0; 0; 645.4; 
567; 0; 0; 0; 645.6; 
567; 0; 0; 0; 645.8; 
567; 0; 0; 0; 646; 
567; 0; 0; 0; 646.2; 
567; 0; 0; 0; 646.4; 
567; 0; 0; 0; 646.6; 
567; 0; 0; 0; 646.8; 
567; 0; 0; 0; 647; 
567; 0; 0; 0; 647.2; 
567; 0; 0; 0; 647.4; 
567; 0; 0; 0; 647.6; 
567; 0; 0; 0; 647.8; 
567; 0; 0; 0; 648; 
567; 0; 0; 0; 648.2; 
567; 0; 0; 0; 648.4; 
567; 0; 0; 0; 648.6; 
567; 0; 0; 0; 648.8; 
567; 0; 0; 0; 649; 
567; 0; 0; 0; 649.2; 
567; 0; 0; 0; 649.4; 
567; 0; 0; 0; 649.6; 
567; 0; 0; 0; 649.8; 
567; 0; 0; 0; 650; 
567; 0; 0; 0; 650.2; 
567; 0; 0; 0; 650.4; 
567; 0; 0; 0; 650.6; 
567; 0; 0; 0; 650.8; 
567; 0; 0; 0; 651; 
567; 0; 0; 0; 651.2; 
567; 0; 0; 0; 651.4; 
567; 0; 0; 0; 651.6; 
567; 0; 0; 0; 651.8; 
567; 0; 0; 0; 652; 
567; 0; 0; 0; 652.2; 
567; 0; 0; 0; 652.4; 
567; 0; 0; 0; 652.6; 
567; 0; 0; 0; 652.8; 
567; 0; 0; 0; 653; 
567; 0; 0; 0; 653.2; 
567; 0; 0; 0; 653.4; 
567; 0; 0; 0; 653.6; 
567; 0; 0; 0; 653.8; 
567; 0; 0; 0; 654; 
567; 0; 0; 0; 654.2; 
567; 0; 0; 0; 654.4; 
567; 0; 0; 0; 654.6; 
567; 0; 0; 0; 654.8; 
567; 0; 0; 0; 655; 
567; 0; 0; 0; 655.2; 
567; 0; 0; 0; 655.4; 
567; 0; 0; 0; 655.6; 
567; 0; 0; 0; 655.8; 
567; 0; 0; 0; 656; 
567; 0; 0; 0; 656.2; 
567; 0; 0; 0; 656.4; 
567; 0; 0; 0; 656.6; 
567; 0; 0; 0; 656.8; 
567; 0; 0; 0; 657; 
567; 0; 0; 0; 657.2; 
567; 0; 0; 0; 657.4; 
567; 0; 0; 0; 657.6; 
567; 0; 0; 0; 657.8; 
567; 0; 0; 0; 658; 
567; 0; 0; 0; 658.2; 
567; 0; 0; 0; 658.4; 
567; 0; 0; 0; 658.6; 
567; 0; 0; 0; 658.8; 
567; 0; 0; 0; 659; 
567; 0; 0; 0; 659.2; 
567; 0; 0; 0; 659.4; 
567; 0; 0; 0; 659.6; 
567; 0; 0; 0; 659.8; 
567; 0; 0; 0; 660; 
567; 0; 0; 0; 660.2; 
567; 0; 0; 0; 660.4; 
567; 0; 0; 0; 660.6; 
567; 0; 0; 0; 660.8; 
567; 0; 0; 0; 661; 
567; 0; 0; 0; 661.2; 
567; 0; 0; 0; 661.4; 
567; 0; 0; 0; 661.6; 
567; 0; 0; 0; 661.8; 
567; 0; 0; 0; 662; 
567; 0; 0; 0; 662.2; 
567; 0; 0; 0; 662.4; 
567; 0; 0; 0; 662.6; 
567; 0; 0; 0; 662.8; 
567; 0; 0; 0; 663; 
567; 0; 0; 0; 663.2; 
567; 0; 0; 0; 663.4; 
567; 0; 0; 0; 663.6; 
567; 0; 0; 0; 663.8; 
567; 0; 0; 0; 664; 
567; 0; 0; 0; 664.2; 
567; 0; 0; 0; 664.4; 
567; 0; 0; 0; 664.6; 
567; 0; 0; 0; 664.8; 
567; 0; 0; 0; 665; 
567; 0; 0; 0; 665.2; 
567; 0; 0; 0; 665.4; 
567; 0; 0; 0; 665.6; 
567; 0; 0; 0; 665.8; 
567; 0; 0; 0; 666; 
567; 0; 0; 0; 666.2; 
567; 0; 0; 0; 666.4; 
567; 0; 0; 0; 666.6; 
567; 0; 0; 0; 666.8; 
567; 0; 0; 0; 667; 
567; 0; 0; 0; 667.2; 
567; 0; 0; 0; 667.4; 
567; 0; 0; 0; 667.6; 
567; 0; 0; 0; 667.8; 
567; 0; 0; 0; 668; 
567; 0; 0; 0; 668.2; 
567; 0; 0; 0; 668.4; 
567; 0; 0; 0; 668.6; 
567; 0; 0; 0; 668.8; 
567; 0; 0; 0; 669; 
567; 0; 0; 0; 669.2; 
567; 0; 0; 0; 669.4; 
567; 0; 0; 0; 669.6; 
567; 0; 0; 0; 669.8; 
567; 0; 0; 0; 670; 
567; 0; 0; 0; 670.2; 
567; 0; 0; 0; 670.4; 
567; 0; 0; 0; 670.6; 
567; 0; 0; 0; 670.8; 
567; 0; 0; 0; 671; 
567; 0; 0; 0; 671.2; 
567; 0; 0; 0; 671.4; 
567; 0; 0; 0; 671.6; 
567; 0; 0; 0; 671.8; 
567; 0; 0; 0; 672; 
567; 0; 0; 0; 672.2; 
567; 0; 0; 0; 672.4; 
567; 0; 0; 0; 672.6; 
567; 0; 0; 0; 672.8; 
567; 0; 0; 0; 673; 
567; 0; 0; 0; 673.2; 
567; 0; 0; 0; 673.4; 
567; 0; 0; 0; 673.6; 
567; 0; 0; 0; 673.8; 
567; 0; 0; 0; 674; 
567; 0; 0; 0; 674.2; 
567; 0; 0; 0; 674.4; 
567; 0; 0; 0; 674.6; 
567; 0; 0; 0; 674.8; 
567; 0; 0; 0; 675; 
567; 0; 0; 0; 675.2; 
567; 0; 0; 0; 675.4; 
567; 0; 0; 0; 675.6; 
567; 0; 0; 0; 675.8; 
567; 0; 0; 0; 676; 
567; 0; 0; 0; 676.2; 
567; 0; 0; 0; 676.4; 
567; 0; 0; 0; 676.6; 
567; 0; 0; 0; 676.8; 
567; 0; 0; 0; 677; 
567; 0; 0; 0; 677.2; 
567; 0; 0; 0; 677.4; 
567; 0; 0; 0; 677.6; 
567; 0; 0; 0; 677.8; 
567; 0; 0; 0; 678; 
567; 0; 0; 0; 678.2; 
567; 0; 0; 0; 678.4; 
567; 0; 0; 0; 678.6; 
567; 0; 0; 0; 678.8; 
567; 0; 0; 0; 679; 
567; 0; 0; 0; 679.2; 
567; 0; 0; 0; 679.4; 
567; 0; 0; 0; 679.6; 
567; 0; 0; 0; 679.8; 
567; 0; 0; 0; 680; 
567; 0; 0; 0; 680.2; 
567; 0; 0; 0; 680.4; 
567; 0; 0; 0; 680.6; 
567; 0; 0; 0; 680.8; 
567; 0; 0; 0; 681; 
567; 0; 0; 0; 681.2; 
567; 0; 0; 0; 681.4; 
567; 0; 0; 0; 681.6; 
567; 0; 0; 0; 681.8; 
567; 0; 0; 0; 682; 
567; 0; 0; 0; 682.2; 
567; 0; 0; 0; 682.4; 
567; 0; 0; 0; 682.6; 
567; 0; 0; 0; 682.8; 
567; 0; 0; 0; 683; 
567; 0; 0; 0; 683.2; 
567; 0; 0; 0; 683.4; 
567; 0; 0; 0; 683.6; 
567; 0; 0; 0; 683.8; 
567; 0; 0; 0; 684; 
567; 0; 0; 0; 684.2; 
567; 0; 0; 0; 684.4; 
567; 0; 0; 0; 684.6; 
567; 0; 0; 0; 684.8; 
567; 0; 0; 0; 685; 
567; 0; 0; 0; 685.2; 
567; 0; 0; 0; 685.4; 
567; 0; 0; 0; 685.6; 
567; 0; 0; 0; 685.8; 
567; 0; 0; 0; 686; 
567; 0; 0; 0; 686.2; 
567; 0; 0; 0; 686.4; 
567; 0; 0; 0; 686.6; 
567; 0; 0; 0; 686.8; 
567; 0; 0; 0; 687; 
567; 0; 0; 0; 687.2; 
567; 0; 0; 0; 687.4; 
567; 0; 0; 0; 687.6; 
567; 0; 0; 0; 687.8; 
567; 0; 0; 0; 688; 
567; 0; 0; 0; 688.2; 
567; 0; 0; 0; 688.4; 
567; 0; 0; 0; 688.6; 
567; 0; 0; 0; 688.8; 
567; 0; 0; 0; 689; 
567; 0; 0; 0; 689.2; 
567; 0; 0; 0; 689.4; 
567; 0; 0; 0; 689.6; 
567; 0; 0; 0; 689.8; 
567; 0; 0; 0; 690; 
567; 0; 0; 0; 690.2; 
567; 0; 0; 0; 690.4; 
567; 0; 0; 0; 690.6; 
567; 0; 0; 0; 690.8; 
567; 0; 0; 0; 691; 
567; 0; 0; 0; 691.2; 
567; 0; 0; 0; 691.4; 
567; 0; 0; 0; 691.6; 
567; 0; 0; 0; 691.8; 
567; 0; 0; 0; 692; 
567; 0; 0; 0; 692.2; 
567; 0; 0; 0; 692.4; 
567; 0; 0; 0; 692.6; 
567; 0; 0; 0; 692.8; 
567; 0; 0; 0; 693; 
567; 0; 0; 0; 693.2; 
567; 0; 0; 0; 693.4; 
567; 0; 0; 0; 693.6; 
567; 0; 0; 0; 693.8; 
567; 0; 0; 0; 694; 
567; 0; 0; 0; 694.2; 
567; 0; 0; 0; 694.4; 
567; 0; 0; 0; 694.6; 
567; 0; 0; 0; 694.8; 
567; 0; 0; 0; 695; 
567; 0; 0; 0; 695.2; 
567; 0; 0; 0; 695.4; 
567; 0; 0; 0; 695.6; 
567; 0; 0; 0; 695.8; 
567; 0; 0; 0; 696; 
567; 0; 0; 0; 696.2; 
567; 0; 0; 0; 696.4; 
567; 0; 0; 0; 696.6; 
567; 0; 0; 0; 696.8; 
567; 0; 0; 0; 697; 
567; 0; 0; 0; 697.2; 
567; 0; 0; 0; 697.4; 
567; 0; 0; 0; 697.6; 
567; 0; 0; 0; 697.8; 
567; 0; 0; 0; 698; 
567; 0; 0; 0; 698.2; 
567; 0; 0; 0; 698.4; 
567; 0; 0; 0; 698.6; 
567; 0; 0; 0; 698.8; 
567; 0; 0; 0; 699; 
567; 0; 0; 0; 699.2; 
567; 0; 0; 0; 699.4; 
567; 0; 0; 0; 699.6; 
567; 0; 0; 0; 699.8; 
567; 0; 0; 0; 700; 
567; 0; 0; 0; 700.2; 
567; 0; 0; 0; 700.4; 
567; 0; 0; 0; 700.6; 
567; 0; 0; 0; 700.8; 
567; 0; 0; 0; 701; 
567; 0; 0; 0; 701.2; 
567; 0; 0; 0; 701.4; 
567; 0; 0; 0; 701.6; 
567; 0; 0; 0; 701.8; 
567; 0; 0; 0; 702; 
567; 0; 0; 0; 702.2; 
567; 0; 0; 0; 702.4; 
567; 0; 0; 0; 702.6; 
567; 0; 0; 0; 702.8; 
567; 0; 0; 0; 703; 
567; 0; 0; 0; 703.2; 
567; 0; 0; 0; 703.4; 
567; 0; 0; 0; 703.6; 
567; 0; 0; 0; 703.8; 
567; 0; 0; 0; 704; 
567; 0; 0; 0; 704.2; 
567; 0; 0; 0; 704.4; 
567; 0; 0; 0; 704.6; 
567; 0; 0; 0; 704.8; 
567; 0; 0; 0; 705; 
567; 0; 0; 0; 705.2; 
567; 0; 0; 0; 705.4; 
567; 0; 0; 0; 705.6; 
567; 0; 0; 0; 705.8; 
567; 0; 0; 0; 706; 
567; 0; 0; 0; 706.2; 
567; 0; 0; 0; 706.4; 
567; 0; 0; 0; 706.6; 
567; 0; 0; 0; 706.8; 
567; 0; 0; 0; 707; 
567; 0; 0; 0; 707.2; 
567; 0; 0; 0; 707.4; 
567; 0; 0; 0; 707.6; 
567; 0; 0; 0; 707.8; 
567; 0; 0; 0; 708; 
567; 0; 0; 0; 708.2; 
567; 0; 0; 0; 708.4; 
567; 0; 0; 0; 708.6; 
567; 0; 0; 0; 708.8; 
567; 0; 0; 0; 709; 
567; 0; 0; 0; 709.2; 
567; 0; 0; 0; 709.4; 
567; 0; 0; 0; 709.6; 
567; 0; 0; 0; 709.8; 
567; 0; 0; 0; 710; 
567; 0; 0; 0; 710.2; 
567; 0; 0; 0; 710.4; 
567; 0; 0; 0; 710.6; 
567; 0; 0; 0; 710.8; 
567; 0; 0; 0; 711; 
567; 0; 0; 0; 711.2; 
567; 0; 0; 0; 711.4; 
567; 0; 0; 0; 711.6; 
567; 0; 0; 0; 711.8; 
567; 0; 0; 0; 712; 
567; 0; 0; 0; 712.2; 
567; 0; 0; 0; 712.4; 
567; 0; 0; 0; 712.6; 
567; 0; 0; 0; 712.8; 
567; 0; 0; 0; 713; 
567; 0; 0; 0; 713.2; 
567; 0; 0; 0; 713.4; 
567; 0; 0; 0; 713.6; 
567; 0; 0; 0; 713.8; 
567; 0; 0; 0; 714; 
567; 0; 0; 0; 714.2; 
567; 0; 0; 0; 714.4; 
567; 0; 0; 0; 714.6; 
567; 0; 0; 0; 714.8; 
567; 0; 0; 0; 715; 
567; 0; 0; 0; 715.2; 
567; 0; 0; 0; 715.4; 
567; 0; 0; 0; 715.6; 
567; 0; 0; 0; 715.8; 
567; 0; 0; 0; 716; 
567; 0; 0; 0; 716.2; 
567; 0; 0; 0; 716.4; 
567; 0; 0; 0; 716.6; 
567; 0; 0; 0; 716.8; 
567; 0; 0; 0; 717; 
567; 0; 0; 0; 717.2; 
567; 0; 0; 0; 717.4; 
567; 0; 0; 0; 717.6; 
567; 0; 0; 0; 717.8; 
567; 0; 0; 0; 718; 
567; 0; 0; 0; 718.2; 
567; 0; 0; 0; 718.4; 
567; 0; 0; 0; 718.6; 
567; 0; 0; 0; 718.8; 
567; 0; 0; 0; 719; 
567; 0; 0; 0; 719.2; 
567; 0; 0; 0; 719.4; 
567; 0; 0; 0; 719.6; 
567; 0; 0; 0; 719.8; 
567; 0; 0; 0; 720; 
567; 0; 0; 0; 720.2; 
567; 0; 0; 0; 720.4; 
567; 0; 0; 0; 720.6; 
567; 0; 0; 0; 720.8; 
567; 0; 0; 0; 721; 
567; 0; 0; 0; 721.2; 
567; 0; 0; 0; 721.4; 
567; 0; 0; 0; 721.6; 
567; 0; 0; 0; 721.8; 
567; 0; 0; 0; 722; 
567; 0; 0; 0; 722.2; 
567; 0; 0; 0; 722.4; 
567; 0; 0; 0; 722.6; 
567; 0; 0; 0; 722.8; 
567; 0; 0; 0; 723; 
567; 0; 0; 0; 723.2; 
567; 0; 0; 0; 723.4; 
567; 0; 0; 0; 723.6; 
567; 0; 0; 0; 723.8; 
567; 0; 0; 0; 724; 
567; 0; 0; 0; 724.2; 
567; 0; 0; 0; 724.4; 
567; 0; 0; 0; 724.6; 
567; 0; 0; 0; 724.8; 
567; 0; 0; 0; 725; 
567; 0; 0; 0; 725.2; 
567; 0; 0; 0; 725.4; 
567; 0; 0; 0; 725.6; 
567; 0; 0; 0; 725.8; 
567; 0; 0; 0; 726; 
567; 0; 0; 0; 726.2; 
567; 0; 0; 0; 726.4; 
567; 0; 0; 0; 726.6; 
567; 0; 0; 0; 726.8; 
567; 0; 0; 0; 727; 
567; 0; 0; 0; 727.2; 
567; 0; 0; 0; 727.4; 
567; 0; 0; 0; 727.6; 
567; 0; 0; 0; 727.8; 
567; 0; 0; 0; 728; 
567; 0; 0; 0; 728.2; 
567; 0; 0; 0; 728.4; 
567; 0; 0; 0; 728.6; 
567; 0; 0; 0; 728.8; 
567; 0; 0; 0; 729; 
567; 0; 0; 0; 729.2; 
567; 0; 0; 0; 729.4; 
567; 0; 0; 0; 729.6; 
567; 0; 0; 0; 729.8; 
567; 0; 0; 0; 730; 
567; 0; 0; 0; 730.2; 
567; 0; 0; 0; 730.4; 
567; 0; 0; 0; 730.6; 
567; 0; 0; 0; 730.8; 
567; 0; 0; 0; 731; 
567; 0; 0; 0; 731.2; 
567; 0; 0; 0; 731.4; 
567; 0; 0; 0; 731.6; 
567; 0; 0; 0; 731.8; 
567; 0; 0; 0; 732; 
567; 0; 0; 0; 732.2; 
567; 0; 0; 0; 732.4; 
567; 0; 0; 0; 732.6; 
567; 0; 0; 0; 732.8; 
567; 0; 0; 0; 733; 
567; 0; 0; 0; 733.2; 
567; 0; 0; 0; 733.4; 
567; 0; 0; 0; 733.6; 
567; 0; 0; 0; 733.8; 
567; 0; 0; 0; 734; 
567; 0; 0; 0; 734.2; 
567; 0; 0; 0; 734.4; 
567; 0; 0; 0; 734.6; 
567; 0; 0; 0; 734.8; 
567; 0; 0; 0; 735; 
567; 0; 0; 0; 735.2; 
567; 0; 0; 0; 735.4; 
567; 0; 0; 0; 735.6; 
567; 0; 0; 0; 735.8; 
567; 0; 0; 0; 736; 
567; 0; 0; 0; 736.2; 
567; 0; 0; 0; 736.4; 
567; 0; 0; 0; 736.6; 
567; 0; 0; 0; 736.8; 
567; 0; 0; 0; 737; 
567; 0; 0; 0; 737.2; 
567; 0; 0; 0; 737.4; 
567; 0; 0; 0; 737.6; 
567; 0; 0; 0; 737.8; 
567; 0; 0; 0; 738; 
567; 0; 0; 0; 738.2; 
567; 0; 0; 0; 738.4; 
567; 0; 0; 0; 738.6; 
567; 0; 0; 0; 738.8; 
567; 0; 0; 0; 739; 
567; 0; 0; 0; 739.2; 
567; 0; 0; 0; 739.4; 
567; 0; 0; 0; 739.6; 
567; 0; 0; 0; 739.8; 
567; 0; 0; 0; 740; 
567; 0; 0; 0; 740.2; 
567; 0; 0; 0; 740.4; 
567; 0; 0; 0; 740.6; 
567; 0; 0; 0; 740.8; 
567; 0; 0; 0; 741; 
567; 0; 0; 0; 741.2; 
567; 0; 0; 0; 741.4; 
567; 0; 0; 0; 741.6; 
567; 0; 0; 0; 741.8; 
567; 0; 0; 0; 742; 
567; 0; 0; 0; 742.2; 
567; 0; 0; 0; 742.4; 
567; 0; 0; 0; 742.6; 
567; 0; 0; 0; 742.8; 
567; 0; 0; 0; 743; 
567; 0; 0; 0; 743.2; 
567; 0; 0; 0; 743.4; 
567; 0; 0; 0; 743.6; 
567; 0; 0; 0; 743.8; 
567; 0; 0; 0; 744; 
567; 0; 0; 0; 744.2; 
567; 0; 0; 0; 744.4; 
567; 0; 0; 0; 744.6; 
567; 0; 0; 0; 744.8; 
567; 0; 0; 0; 745; 
567; 0; 0; 0; 745.2; 
567; 0; 0; 0; 745.4; 
567; 0; 0; 0; 745.6; 
567; 0; 0; 0; 745.8; 
567; 0; 0; 0; 746; 
567; 0; 0; 0; 746.2; 
567; 0; 0; 0; 746.4; 
567; 0; 0; 0; 746.6; 
567; 0; 0; 0; 746.8; 
567; 0; 0; 0; 747; 
567; 0; 0; 0; 747.2; 
567; 0; 0; 0; 747.4; 
567; 0; 0; 0; 747.6; 
567; 0; 0; 0; 747.8; 
567; 0; 0; 0; 748; 
567; 0; 0; 0; 748.2; 
567; 0; 0; 0; 748.4; 
567; 0; 0; 0; 748.6; 
567; 0; 0; 0; 748.8; 
567; 0; 0; 0; 749; 
567; 0; 0; 0; 749.2; 
567; 0; 0; 0; 749.4; 
567; 0; 0; 0; 749.6; 
567; 0; 0; 0; 749.8; 
567; 0; 0; 0; 750; 
567; 0; 0; 0; 750.2; 
567; 0; 0; 0; 750.4; 
567; 0; 0; 0; 750.6; 
567; 0; 0; 0; 750.8; 
567; 0; 0; 0; 751; 
567; 0; 0; 0; 751.2; 
567; 0; 0; 0; 751.4; 
567; 0; 0; 0; 751.6; 
567; 0; 0; 0; 751.8; 
567; 0; 0; 0; 752; 
567; 0; 0; 0; 752.2; 
567; 0; 0; 0; 752.4; 
567; 0; 0; 0; 752.6; 
567; 0; 0; 0; 752.8; 
567; 0; 0; 0; 753; 
567; 0; 0; 0; 753.2; 
567; 0; 0; 0; 753.4; 
567; 0; 0; 0; 753.6; 
567; 0; 0; 0; 753.8; 
567; 0; 0; 0; 754; 
567; 0; 0; 0; 754.2; 
567; 0; 0; 0; 754.4; 
567; 0; 0; 0; 754.6; 
567; 0; 0; 0; 754.8; 
567; 0; 0; 0; 755; 
567; 0; 0; 0; 755.2; 
567; 0; 0; 0; 755.4; 
567; 0; 0; 0; 755.6; 
567; 0; 0; 0; 755.8; 
567; 0; 0; 0; 756; 
567; 0; 0; 0; 756.2; 
567; 0; 0; 0; 756.4; 
567; 0; 0; 0; 756.6; 
567; 0; 0; 0; 756.8; 
567; 0; 0; 0; 757; 
567; 0; 0; 0; 757.2; 
567; 0; 0; 0; 757.4; 
567; 0; 0; 0; 757.6; 
567; 0; 0; 0; 757.8; 
567; 0; 0; 0; 758; 
567; 0; 0; 0; 758.2; 
567; 0; 0; 0; 758.4; 
567; 0; 0; 0; 758.6; 
567; 0; 0; 0; 758.8; 
567; 0; 0; 0; 759; 
567; 0; 0; 0; 759.2; 
567; 0; 0; 0; 759.4; 
567; 0; 0; 0; 759.6; 
567; 0; 0; 0; 759.8; 
567; 0; 0; 0; 760; 
567; 0; 0; 0; 760.2; 
567; 0; 0; 0; 760.4; 
567; 0; 0; 0; 760.6; 
567; 0; 0; 0; 760.8; 
567; 0; 0; 0; 761; 
567; 0; 0; 0; 761.2; 
567; 0; 0; 0; 761.4; 
567; 0; 0; 0; 761.6; 
567; 0; 0; 0; 761.8; 
567; 0; 0; 0; 762; 
567; 0; 0; 0; 762.2; 
567; 0; 0; 0; 762.4; 
567; 0; 0; 0; 762.6; 
567; 0; 0; 0; 762.8; 
567; 0; 0; 0; 763; 
567; 0; 0; 0; 763.2; 
567; 0; 0; 0; 763.4; 
567; 0; 0; 0; 763.6; 
567; 0; 0; 0; 763.8; 
567; 0; 0; 0; 764; 
567; 0; 0; 0; 764.2; 
567; 0; 0; 0; 764.4; 
567; 0; 0; 0; 764.6; 
567; 0; 0; 0; 764.8; 
567; 0; 0; 0; 765; 
567; 0; 0; 0; 765.2; 
567; 0; 0; 0; 765.4; 
567; 0; 0; 0; 765.6; 
567; 0; 0; 0; 765.8; 
567; 0; 0; 0; 766; 
567; 0; 0; 0; 766.2; 
567; 0; 0; 0; 766.4; 
567; 0; 0; 0; 766.6; 
567; 0; 0; 0; 766.8; 
567; 0; 0; 0; 767; 
567; 0; 0; 0; 767.2; 
567; 0; 0; 0; 767.4; 
567; 0; 0; 0; 767.6; 
567; 0; 0; 0; 767.8; 
567; 0; 0; 0; 768; 
567; 0; 0; 0; 768.2; 
567; 0; 0; 0; 768.4; 
567; 0; 0; 0; 768.6; 
567; 0; 0; 0; 768.8; 
567; 0; 0; 0; 769; 
567; 0; 0; 0; 769.2; 
567; 0; 0; 0; 769.4; 
567; 0; 0; 0; 769.6; 
567; 0; 0; 0; 769.8; 
567; 0; 0; 0; 770; 
567; 0; 0; 0; 770.2; 
567; 0; 0; 0; 770.4; 
567; 0; 0; 0; 770.6; 
567; 0; 0; 0; 770.8; 
567; 0; 0; 0; 771; 
567; 0; 0; 0; 771.2; 
567; 0; 0; 0; 771.4; 
567; 0; 0; 0; 771.6; 
567; 0; 0; 0; 771.8; 
567; 0; 0; 0; 772; 
567; 0; 0; 0; 772.2; 
567; 0; 0; 0; 772.4; 
567; 0; 0; 0; 772.6; 
567; 0; 0; 0; 772.8; 
567; 0; 0; 0; 773; 
567; 0; 0; 0; 773.2; 
567; 0; 0; 0; 773.4; 
567; 0; 0; 0; 773.6; 
567; 0; 0; 0; 773.8; 
567; 0; 0; 0; 774; 
567; 0; 0; 0; 774.2; 
567; 0; 0; 0; 774.4; 
567; 0; 0; 0; 774.6; 
567; 0; 0; 0; 774.8; 
567; 0; 0; 0; 775; 
567; 0; 0; 0; 775.2; 
567; 0; 0; 0; 775.4; 
567; 0; 0; 0; 775.6; 
567; 0; 0; 0; 775.8; 
567; 0; 0; 0; 776; 
567; 0; 0; 0; 776.2; 
567; 0; 0; 0; 776.4; 
567; 0; 0; 0; 776.6; 
567; 0; 0; 0; 776.8; 
567; 0; 0; 0; 777; 
567; 0; 0; 0; 777.2; 
567; 0; 0; 0; 777.4; 
567; 0; 0; 0; 777.6; 
567; 0; 0; 0; 777.8; 
567; 0; 0; 0; 778; 
567; 0; 0; 0; 778.2; 
567; 0; 0; 0; 778.4; 
567; 0; 0; 0; 778.6; 
567; 0; 0; 0; 778.8; 
567; 0; 0; 0; 779; 
567; 0; 0; 0; 779.2; 
567; 0; 0; 0; 779.4; 
567; 0; 0; 0; 779.6; 
567; 0; 0; 0; 779.8; 
567; 0; 0; 0; 780; 
567; 0; 0; 0; 780.2; 
567; 0; 0; 0; 780.4; 
567; 0; 0; 0; 780.6; 
567; 0; 0; 0; 780.8; 
567; 0; 0; 0; 781; 
567; 0; 0; 0; 781.2; 
567; 0; 0; 0; 781.4; 
567; 0; 0; 0; 781.6; 
567; 0; 0; 0; 781.8; 
567; 0; 0; 0; 782; 
567; 0; 0; 0; 782.2; 
567; 0; 0; 0; 782.4; 
567; 0; 0; 0; 782.6; 
567; 0; 0; 0; 782.8; 
567; 0; 0; 0; 783; 
567; 0; 0; 0; 783.2; 
567; 0; 0; 0; 783.4; 
567; 0; 0; 0; 783.6; 
567; 0; 0; 0; 783.8; 
567; 0; 0; 0; 784; 
567; 0; 0; 0; 784.2; 
567; 0; 0; 0; 784.4; 
567; 0; 0; 0; 784.6; 
567; 0; 0; 0; 784.8; 
567; 0; 0; 0; 785; 
567; 0; 0; 0; 785.2; 
567; 0; 0; 0; 785.4; 
567; 0; 0; 0; 785.6; 
567; 0; 0; 0; 785.8; 
567; 0; 0; 0; 786; 
567; 0; 0; 0; 786.2; 
567; 0; 0; 0; 786.4; 
567; 0; 0; 0; 786.6; 
567; 0; 0; 0; 786.8; 
567; 0; 0; 0; 787; 
567; 0; 0; 0; 787.2; 
567; 0; 0; 0; 787.4; 
567; 0; 0; 0; 787.6; 
567; 0; 0; 0; 787.8; 
567; 0; 0; 0; 788; 
567; 0; 0; 0; 788.2; 
567; 0; 0; 0; 788.4; 
567; 0; 0; 0; 788.6; 
567; 0; 0; 0; 788.8; 
567; 0; 0; 0; 789; 
567; 0; 0; 0; 789.2; 
567; 0; 0; 0; 789.4; 
567; 0; 0; 0; 789.6; 
567; 0; 0; 0; 789.8; 
567; 0; 0; 0; 790; 
567; 0; 0; 0; 790.2; 
567; 0; 0; 0; 790.4; 
567; 0; 0; 0; 790.6; 
567; 0; 0; 0; 790.8; 
567; 0; 0; 0; 791; 
567; 0; 0; 0; 791.2; 
567; 0; 0; 0; 791.4; 
567; 0; 0; 0; 791.6; 
567; 0; 0; 0; 791.8; 
567; 0; 0; 0; 792; 
567; 0; 0; 0; 792.2; 
567; 0; 0; 0; 792.4; 
567; 0; 0; 0; 792.6; 
567; 0; 0; 0; 792.8; 
567; 0; 0; 0; 793; 
567; 0; 0; 0; 793.2; 
567; 0; 0; 0; 793.4; 
567; 0; 0; 0; 793.6; 
567; 0; 0; 0; 793.8; 
567; 0; 0; 0; 794; 
567; 0; 0; 0; 794.2; 
567; 0; 0; 0; 794.4; 
567; 0; 0; 0; 794.6; 
567; 0; 0; 0; 794.8; 
567; 0; 0; 0; 795; 
567; 0; 0; 0; 795.2; 
567; 0; 0; 0; 795.4; 
567; 0; 0; 0; 795.6; 
567; 0; 0; 0; 795.8; 
567; 0; 0; 0; 796; 
567; 0; 0; 0; 796.2; 
567; 0; 0; 0; 796.4; 
567; 0; 0; 0; 796.6; 
567; 0; 0; 0; 796.8; 
567; 0; 0; 0; 797; 
567; 0; 0; 0; 797.2; 
567; 0; 0; 0; 797.4; 
567; 0; 0; 0; 797.6; 
567; 0; 0; 0; 797.8; 
567; 0; 0; 0; 798; 
567; 0; 0; 0; 798.2; 
567; 0; 0; 0; 798.4; 
567; 0; 0; 0; 798.6; 
567; 0; 0; 0; 798.8; 
567; 0; 0; 0; 799; 
567; 0; 0; 0; 799.2; 
567; 0; 0; 0; 799.4; 
567; 0; 0; 0; 799.6; 
567; 0; 0; 0; 799.8; 
567; 0; 0; 0; 800; 
567; 0; 0; 0; 800.2; 
567; 0; 0; 0; 800.4; 
567; 0; 0; 0; 800.6; 
567; 0; 0; 0; 800.8; 
567; 0; 0; 0; 801; 
567; 0; 0; 0; 801.2; 
567; 0; 0; 0; 801.4; 
567; 0; 0; 0; 801.6; 
567; 0; 0; 0; 801.8; 
567; 0; 0; 0; 802; 
567; 0; 0; 0; 802.2; 
567; 0; 0; 0; 802.4; 
567; 0; 0; 0; 802.6; 
567; 0; 0; 0; 802.8; 
567; 0; 0; 0; 803; 
567; 0; 0; 0; 803.2; 
567; 0; 0; 0; 803.4; 
567; 0; 0; 0; 803.6; 
567; 0; 0; 0; 803.8; 
567; 0; 0; 0; 804; 
567; 0; 0; 0; 804.2; 
567; 0; 0; 0; 804.4; 
567; 0; 0; 0; 804.6; 
567; 0; 0; 0; 804.8; 
567; 0; 0; 0; 805; 
567; 0; 0; 0; 805.2; 
567; 0; 0; 0; 805.4; 
567; 0; 0; 0; 805.6; 
567; 0; 0; 0; 805.8; 
567; 0; 0; 0; 806; 
567; 0; 0; 0; 806.2; 
567; 0; 0; 0; 806.4; 
567; 0; 0; 0; 806.6; 
567; 0; 0; 0; 806.8; 
567; 0; 0; 0; 807; 
567; 0; 0; 0; 807.2; 
567; 0; 0; 0; 807.4; 
567; 0; 0; 0; 807.6; 
567; 0; 0; 0; 807.8; 
567; 0; 0; 0; 808; 
567; 0; 0; 0; 808.2; 
567; 0; 0; 0; 808.4; 
567; 0; 0; 0; 808.6; 
567; 0; 0; 0; 808.8; 
567; 0; 0; 0; 809; 
567; 0; 0; 0; 809.2; 
567; 0; 0; 0; 809.4; 
567; 0; 0; 0; 809.6; 
567; 0; 0; 0; 809.8; 
567; 0; 0; 0; 810; 
567; 0; 0; 0; 810.2; 
567; 0; 0; 0; 810.4; 
567; 0; 0; 0; 810.6; 
567; 0; 0; 0; 810.8; 
567; 0; 0; 0; 811; 
567; 0; 0; 0; 811.2; 
567; 0; 0; 0; 811.4; 
567; 0; 0; 0; 811.6; 
567; 0; 0; 0; 811.8; 
567; 0; 0; 0; 812; 
567; 0; 0; 0; 812.2; 
567; 0; 0; 0; 812.4; 
567; 0; 0; 0; 812.6; 
567; 0; 0; 0; 812.8; 
567; 0; 0; 0; 813; 
567; 0; 0; 0; 813.2; 
567; 0; 0; 0; 813.4; 
567; 0; 0; 0; 813.6; 
567; 0; 0; 0; 813.8; 
567; 0; 0; 0; 814; 
567; 0; 0; 0; 814.2; 
567; 0; 0; 0; 814.4; 
567; 0; 0; 0; 814.6; 
567; 0; 0; 0; 814.8; 
567; 0; 0; 0; 815; 
567; 0; 0; 0; 815.2; 
567; 0; 0; 0; 815.4; 
567; 0; 0; 0; 815.6; 
567; 0; 0; 0; 815.8; 
567; 0; 0; 0; 816; 
567; 0; 0; 0; 816.2; 
567; 0; 0; 0; 816.4; 
567; 0; 0; 0; 816.6; 
567; 0; 0; 0; 816.8; 
567; 0; 0; 0; 817; 
567; 0; 0; 0; 817.2; 
567; 0; 0; 0; 817.4; 
567; 0; 0; 0; 817.6; 
567; 0; 0; 0; 817.8; 
567; 0; 0; 0; 818; 
567; 0; 0; 0; 818.2; 
567; 0; 0; 0; 818.4; 
567; 0; 0; 0; 818.6; 
567; 0; 0; 0; 818.8; 
567; 0; 0; 0; 819; 
567; 0; 0; 0; 819.2; 
567; 0; 0; 0; 819.4; 
567; 0; 0; 0; 819.6; 
567; 0; 0; 0; 819.8; 
567; 0; 0; 0; 820; 
567; 0; 0; 0; 820.2; 
567; 0; 0; 0; 820.4; 
567; 0; 0; 0; 820.6; 
567; 0; 0; 0; 820.8; 
567; 0; 0; 0; 821; 
567; 0; 0; 0; 821.2; 
567; 0; 0; 0; 821.4; 
567; 0; 0; 0; 821.6; 
567; 0; 0; 0; 821.8; 
567; 0; 0; 0; 822; 
567; 0; 0; 0; 822.2; 
567; 0; 0; 0; 822.4; 
567; 0; 0; 0; 822.6; 
567; 0; 0; 0; 822.8; 
567; 0; 0; 0; 823; 
567; 0; 0; 0; 823.2; 
567; 0; 0; 0; 823.4; 
567; 0; 0; 0; 823.6; 
567; 0; 0; 0; 823.8; 
567; 0; 0; 0; 824; 
567; 0; 0; 0; 824.2; 
