567; 0; 0; 170; 0; 
567; 0; 0; 170; 0.2; 
567; 0; 0; 170; 0.4; 
567; 0; 0; 170; 0.6; 
567; 0; 0; 170; 0.8; 
567; 0; 0; 170; 1; 
567; 0; 0; 170; 1.2; 
567; 0; 0; 170; 1.4; 
567; 0; 0; 170; 1.6; 
567; 0; 0; 170; 1.8; 
567; 0; 0; 170; 2; 
567; 0; 0; 170; 2.2; 
567; 0; 0; 170; 2.4; 
567; 0; 0; 170; 2.6; 
567; 0; 0; 170; 2.8; 
567; 0; 0; 170; 3; 
567; 0; 0; 170; 3.2; 
567; 0; 0; 170; 3.4; 
567; 0; 0; 170; 3.6; 
567; 0; 0; 170; 3.8; 
567; 0; 0; 170; 4; 
567; 0; 0; 170; 4.2; 
567; 0; 0; 170; 4.4; 
567; 0; 0; 170; 4.6; 
567; 0; 0; 170; 4.8; 
567; 0; 0; 170; 5; 
567; 0; 0; 170; 5.2; 
567; 0; 0; 170; 5.4; 
567; 0; 0; 170; 5.6; 
567; 0; 0; 170; 5.8; 
567; 0; 0; 170; 6; 
567; 0; 0; 170; 6.2; 
567; 0; 0; 170; 6.4; 
567; 0; 0; 170; 6.6; 
567; 0; 0; 170; 6.8; 
567; 0; 0; 170; 7; 
567; 0; 0; 170; 7.2; 
567; 0; 0; 170; 7.4; 
567; 0; 0; 170; 7.6; 
567; 0; 0; 170; 7.8; 
567; 0; 0; 170; 8; 
567; 0; 0; 170; 8.2; 
567; 0; 0; 170; 8.4; 
567; 0; 0; 170; 8.6; 
567; 0; 0; 170; 8.8; 
567; 0; 0; 170; 9; 
567; 0; 0; 170; 9.2; 
567; 0; 0; 170; 9.4; 
567; 0; 0; 170; 9.6; 
567; 0; 0; 170; 9.8; 
567; 0; 0; 170; 10; 
567; 0; 0; 170; 10.2; 
567; 0; 0; 170; 10.4; 
567; 0; 0; 170; 10.6; 
567; 0; 0; 170; 10.8; 
567; 0; 0; 170; 11; 
567; 0; 0; 170; 11.2; 
567; 0; 0; 170; 11.4; 
567; 0; 0; 170; 11.6; 
567; 0; 0; 170; 11.8; 
567; 0; 0; 170; 12; 
567; 0; 0; 170; 12.2; 
567; 0; 0; 170; 12.4; 
567; 0; 0; 170; 12.6; 
567; 0; 0; 170; 12.8; 
567; 0; 0; 170; 13; 
567; 0; 0; 170; 13.2; 
567; 0; 0; 170; 13.4; 
567; 0; 0; 170; 13.6; 
567; 0; 0; 170; 13.8; 
567; 0; 0; 170; 14; 
567; 0; 0; 170; 14.2; 
567; 0; 0; 170; 14.4; 
567; 0; 0; 170; 14.6; 
567; 0; 0; 170; 14.8; 
567; 0; 0; 170; 15; 
567; 0; 0; 170; 15.2; 
567; 0; 0; 170; 15.4; 
567; 0; 0; 170; 15.6; 
567; 0; 0; 170; 15.8; 
567; 0; 0; 170; 16; 
567; 0; 0; 170; 16.2; 
567; 0; 0; 170; 16.4; 
567; 0; 0; 170; 16.6; 
567; 0; 0; 170; 16.8; 
567; 0; 0; 170; 17; 
567; 0; 0; 170; 17.2; 
567; 0; 0; 170; 17.4; 
567; 0; 0; 170; 17.6; 
567; 0; 0; 170; 17.8; 
567; 0; 0; 170; 18; 
567; 0; 0; 170; 18.2; 
567; 0; 0; 170; 18.4; 
567; 0; 0; 170; 18.6; 
567; 0; 0; 170; 18.8; 
567; 0; 0; 170; 19; 
567; 0; 0; 170; 19.2; 
567; 0; 0; 170; 19.4; 
567; 0; 0; 170; 19.6; 
567; 0; 0; 170; 19.8; 
567; 0; 0; 170; 20; 
567; 0; 0; 170; 20.2; 
567; 0; 0; 170; 20.4; 
567; 0; 0; 170; 20.6; 
567; 0; 0; 170; 20.8; 
567; 0; 0; 170; 21; 
567; 0; 0; 170; 21.2; 
567; 0; 0; 170; 21.4; 
567; 0; 0; 170; 21.6; 
567; 0; 0; 170; 21.8; 
567; 0; 0; 170; 22; 
567; 0; 0; 170; 22.2; 
567; 0; 0; 170; 22.4; 
567; 0; 0; 170; 22.6; 
567; 0; 0; 170; 22.8; 
567; 0; 0; 170; 23; 
567; 0; 0; 170; 23.2; 
567; 0; 0; 170; 23.4; 
567; 0; 0; 170; 23.6; 
567; 0; 2488.6294; 170; 23.8; 
567; 0; 2488.6294; 170; 24; 
567; 0; 2488.6294; 170; 24.2; 
567; 0; 2488.6294; 170; 24.4; 
567; 0; 2488.6294; 170; 24.6; 
567; 0; 2488.6294; 170; 24.8; 
567; 0; 2488.6294; 170; 25; 
567; 0; 2488.6294; 170; 25.2; 
567; 0; 2488.6294; 170; 25.4; 
567; 0; 2488.6294; 170; 25.6; 
567; 0; 2488.6294; 170; 25.8; 
567; 0; 2488.6294; 170; 26; 
567; 0; 2488.6294; 170; 26.2; 
567; 0; 2488.6294; 170; 26.4; 
567; 0; 2488.6294; 170; 26.6; 
567; 0; 2488.6294; 170; 26.8; 
567; 0; 2488.6294; 170; 27; 
567; 0; 2488.6294; 170; 27.2; 
567; 0; 2488.6294; 170; 27.4; 
567; 0; 2488.6294; 170; 27.6; 
567; 0; 2488.6294; 170; 27.8; 
567; 0; 2488.6294; 170; 28; 
567; 0; 2488.6294; 170; 28.2; 
567; 0; 2488.6294; 170; 28.4; 
567; 0; 2488.6294; 170; 28.6; 
567; 0; 2488.6294; 170; 28.8; 
567; 0; 2488.6294; 170; 29; 
567; 0; 2488.6294; 170; 29.2; 
567; 0; 2488.6294; 170; 29.4; 
567; 0; 2488.6294; 170; 29.6; 
567; 0; 2488.6294; 170; 29.8; 
567; 0; 2488.6294; 170; 30; 
567; 0; 2488.6294; 170; 30.2; 
567; 0; 2488.6294; 170; 30.4; 
567; 0; 2488.6294; 170; 30.6; 
567; 0; 2488.6294; 170; 30.8; 
567; 0; 2488.6294; 170; 31; 
567; 0; 2488.6294; 170; 31.2; 
567; 0; 2488.6294; 170; 31.4; 
567; 0; 2488.6294; 170; 31.6; 
567; 0; 2488.6294; 170; 31.8; 
567; 0; 2488.6294; 170; 32; 
567; 0; 2488.6294; 170; 32.2; 
567; 0; 2488.6294; 170; 32.4; 
567; 0; 2488.6294; 170; 32.6; 
567; 0; 2488.6294; 170; 32.8; 
567; 0; 2488.6294; 170; 33; 
567; 0; 2488.6294; 170; 33.2; 
567; 0; 2488.6294; 170; 33.4; 
567; 0; 2488.6294; 170; 33.6; 
567; 0; 2488.6294; 170; 33.8; 
567; 0; 2488.6294; 170; 34; 
567; 0; 2488.6294; 170; 34.2; 
567; 0; 2488.6294; 170; 34.4; 
567; 0; 2488.6294; 170; 34.6; 
567; 0; 2488.6294; 170; 34.8; 
567; 0; 2488.6294; 170; 35; 
567; 0; 2488.6294; 170; 35.2; 
567; 0; 2488.6294; 170; 35.4; 
567; 0; 2488.6294; 170; 35.6; 
567; 0; 2488.6294; 170; 35.8; 
567; 0; 2488.6294; 170; 36; 
567; 0; 2488.6294; 170; 36.2; 
567; 0; 2488.6294; 170; 36.4; 
567; 0; 2488.6294; 170; 36.6; 
567; 0; 2488.6294; 170; 36.8; 
567; 0; 2488.6294; 170; 37; 
567; 0; 2488.6294; 170; 37.2; 
567; 0; 2488.6294; 170; 37.4; 
567; 0; 2488.6294; 170; 37.6; 
567; 0; 2488.6294; 170; 37.8; 
567; 0; 2488.6294; 170; 38; 
567; 0; 2488.6294; 170; 38.2; 
567; 0; 2488.6294; 170; 38.4; 
567; 0; 2488.6294; 170; 38.6; 
567; 0; 2488.6294; 170; 38.8; 
567; 0; 2505.4741; 170; 39; 
567; 0; 2539.7478; 170; 39.2; 
567; 0; 2591.9172; 170; 39.4; 
567; 0; 2789.9638; 170; 39.6; 
567; 0; 3045.6331; 170; 39.8; 
567; 0; 3096.6158; 170; 40; 
567; 0; 3129.6161; 170; 40.2; 
567; 0; 3180.5616; 170; 40.4; 
567; 0; 3211.7617; 170; 40.6; 
567; 0; 3240.0454; 170; 40.8; 
567; 0; 3254.1824; 170; 41; 
567; 0; 3268.4756; 170; 41.2; 
567; 0; 3267.9751; 170; 41.4; 
567; 0; 3267.4854; 170; 41.6; 
567; 0; 3252.2455; 170; 41.8; 
567; 0; 3251.7858; 170; 42; 
567; 0; 3251.3357; 170; 42.2; 
567; 0; 3250.896; 170; 42.4; 
567; 0; 3250.4674; 170; 42.6; 
567; 0; 3250.0505; 170; 42.8; 
567; 0; 3249.6459; 170; 43; 
567; 0; 3249.2543; 170; 43.2; 
567; 0; 3248.8757; 170; 43.4; 
567; 0; 3248.5088; 170; 43.6; 
567; 0; 3248.1526; 170; 43.8; 
567; 0; 3247.806; 170; 44; 
567; 0; 3247.4686; 170; 44.2; 
567; 0; 3247.14; 170; 44.4; 
567; 0; 3246.8199; 170; 44.6; 
567; 0; 3246.5082; 170; 44.8; 
567; 0; 3246.205; 170; 45; 
567; 0; 3245.9101; 170; 45.2; 
567; 0; 3245.6237; 170; 45.4; 
567; 0; 3245.3457; 170; 45.6; 
567; 0; 3245.0762; 170; 45.8; 
567; 0; 3244.8153; 170; 46; 
567; 0; 3244.5629; 170; 46.2; 
567; 0; 3244.3192; 170; 46.4; 
567; 0; 3244.0842; 170; 46.6; 
567; 0; 3243.8579; 170; 46.8; 
567; 0; 3243.6404; 170; 47; 
567; 0; 3243.4318; 170; 47.2; 
567; 0; 3257.7986; 170; 47.4; 
567; 0; 3257.6037; 170; 47.6; 
567; 0; 3257.4181; 170; 47.8; 
567; 0; 3257.2417; 170; 48; 
567; 0; 3257.0747; 170; 48.2; 
567; 0; 3256.9171; 170; 48.4; 
567; 0; 3271.4963; 170; 48.6; 
567; 0; 3271.3547; 170; 48.8; 
567; 0; 3271.2229; 170; 49; 
567; 0; 3271.101; 170; 49.2; 
567; 0; 3270.9891; 170; 49.4; 
567; 0; 3270.8872; 170; 49.6; 
567; 0; 3285.6944; 170; 49.8; 
567; 0; 3285.6111; 170; 50; 
567; 0; 3285.5382; 170; 50.2; 
567; 0; 3285.4758; 170; 50.4; 
567; 0; 3300.5079; 170; 50.6; 
567; 0; 3300.466; 170; 50.8; 
567; 0; 3300.4352; 170; 51; 
567; 0; 3300.4154; 170; 51.2; 
567; 0; 3315.6833; 170; 51.4; 
567; 0; 3315.6861; 170; 51.6; 
567; 0; 3315.7005; 170; 51.8; 
567; 0; 3331.2035; 170; 52; 
567; 0; 3331.2418; 170; 52.2; 
567; 0; 3331.289; 170; 52.4; 
567; 0; 3331.3415; 170; 52.6; 
567; 0; 3343.8112; 170; 52.8; 
567; 0; 3343.8666; 170; 53; 
567; 0; 3343.9196; 170; 53.2; 
567; 0; 3343.9683; 170; 53.4; 
567; 0; 3356.5857; 170; 53.6; 
567; 0; 3356.6223; 170; 53.8; 
567; 0; 3356.6513; 170; 54; 
567; 0; 3356.6722; 170; 54.2; 
567; 0; 3369.4208; 170; 54.4; 
567; 0; 3369.4263; 170; 54.6; 
567; 0; 3369.4247; 170; 54.8; 
567; 0; 3369.4167; 170; 55; 
567; 0; 3382.3014; 170; 55.2; 
567; 0; 3382.2834; 170; 55.4; 
567; 0; 3382.262; 170; 55.6; 
567; 0; 3382.2383; 170; 55.8; 
567; 0; 3382.2134; 170; 56; 
567; 0; 3395.2503; 170; 56.2; 
567; 0; 3395.2252; 170; 56.4; 
567; 0; 3395.2014; 170; 56.6; 
567; 0; 3395.1795; 170; 56.8; 
567; 0; 3408.3892; 170; 57; 
567; 0; 3408.3718; 170; 57.2; 
567; 0; 3408.3569; 170; 57.4; 
567; 0; 3408.3447; 170; 57.6; 
567; 0; 3421.7351; 170; 57.8; 
567; 0; 3421.7275; 170; 58; 
567; 0; 3421.7218; 170; 58.2; 
567; 0; 3421.7177; 170; 58.4; 
567; 0; 3421.7148; 170; 58.6; 
567; 0; 3435.2871; 170; 58.8; 
567; 0; 3435.2854; 170; 59; 
567; 0; 3435.2839; 170; 59.2; 
567; 0; 3435.2823; 170; 59.4; 
567; 0; 3449.0322; 170; 59.6; 
567; 0; 3449.0296; 170; 59.8; 
567; 0; 3449.0263; 170; 60; 
567; 0; 3449.0223; 170; 60.2; 
567; 0; 3462.9502; 170; 60.4; 
567; 0; 3462.9449; 170; 60.6; 
567; 0; 3462.939; 170; 60.8; 
567; 0; 3462.9327; 170; 61; 
567; 0; 3462.9262; 170; 61.2; 
567; 0; 3473.9557; 170; 61.4; 
567; 0; 3473.949; 170; 61.6; 
567; 0; 3473.9423; 170; 61.8; 
567; 0; 3473.9358; 170; 62; 
567; 0; 3485.0937; 170; 62.2; 
567; 0; 3485.0878; 170; 62.4; 
567; 0; 3485.0822; 170; 62.6; 
567; 0; 3485.0769; 170; 62.8; 
567; 0; 3485.072; 170; 63; 
567; 0; 3496.3606; 170; 63.2; 
567; 0; 3496.3563; 170; 63.4; 
567; 0; 3496.3523; 170; 63.6; 
567; 0; 3496.3485; 170; 63.8; 
567; 0; 3496.3448; 170; 64; 
567; 0; 3507.7642; 170; 64.2; 
567; 0; 3507.7606; 170; 64.4; 
567; 0; 3507.757; 170; 64.6; 
567; 0; 3507.7536; 170; 64.8; 
567; 0; 3507.7492; 170; 65; 
567; 0; 3519.295; 170; 65.2; 
567; 0; 3519.2802; 170; 65.4; 
567; 0; 3519.2566; 170; 65.6; 
567; 0; 3519.2224; 170; 65.8; 
567; 0; 3519.176; 170; 66; 
567; 0; 3530.8009; 170; 66.2; 
567; 0; 3530.7253; 170; 66.4; 
567; 0; 3530.6343; 170; 66.6; 
567; 0; 3530.5304; 170; 66.8; 
567; 0; 3530.4179; 170; 67; 
567; 0; 3530.301; 170; 67.2; 
567; 0; 3541.9983; 170; 67.4; 
567; 0; 3541.8834; 170; 67.6; 
567; 0; 3541.7745; 170; 67.8; 
567; 0; 3541.6731; 170; 68; 
567; 0; 3541.5802; 170; 68.2; 
567; 0; 3541.4958; 170; 68.4; 
567; 0; 3552.7445; 170; 68.6; 
567; 0; 3552.6788; 170; 68.8; 
567; 0; 3552.6185; 170; 69; 
567; 0; 3552.5626; 170; 69.2; 
567; 0; 3552.51; 170; 69.4; 
567; 0; 3563.8148; 170; 69.6; 
567; 0; 3563.7663; 170; 69.8; 
567; 0; 3563.7192; 170; 70; 
567; 0; 3530.2206; 170; 70.2; 
567; 0; 3482.6548; 170; 70.4; 
567; 0; 3435.0915; 170; 70.6; 
567; 0; 3399.4679; 170; 70.8; 
567; 0; 3351.9155; 170; 71; 
567; 0; 3304.3667; 170; 71.2; 
567; 0; 3256.8218; 170; 71.4; 
567; 0; 3208.1763; 170; 71.6; 
567; 0; 3160.6391; 170; 71.8; 
567; 0; 3123.2239; 170; 72; 
567; 0; 3076.277; 170; 72.2; 
567; 0; 3026.0247; 170; 72.4; 
567; 0; 2978.1669; 170; 72.6; 
567; 0; 2930.3116; 170; 72.8; 
567; 0; 2883.6544; 170; 73; 
567; 0; 2849.6913; 170; 73.2; 
567; 0; 2807.7583; 170; 73.4; 
567; 0; 2766.9598; 170; 73.6; 
567; 0; 2727.2957; 170; 73.8; 
567; 0; 2689.8985; 170; 74; 
567; 0; 2650.8007; 170; 74.2; 
567; 0; 2612.7202; 170; 74.4; 
567; 0; 2574.6415; 170; 74.6; 
567; 0; 2539.0198; 170; 74.8; 
567; 0; 2512.7599; 170; 75; 
567; 0; 2479.4755; 170; 75.2; 
567; 0; 2446.1925; 170; 75.4; 
567; 0; 2415.3751; 170; 75.6; 
567; 0; 2384.5587; 170; 75.8; 
567; 0; 2356.1405; 170; 76; 
567; 0; 2329.0826; 170; 76.2; 
567; 0; 2302.0232; 170; 76.4; 
567; 0; 2275.7991; 170; 76.6; 
567; 0; 2250.8242; 170; 76.8; 
567; 0; 2225.8499; 170; 77; 
567; 0; 2203.3722; 170; 77.2; 
567; 0; 2180.8941; 170; 77.4; 
567; 0; 2160.9118; 170; 77.6; 
567; 0; 2140.929; 170; 77.8; 
567; 0; 2120.9463; 170; 78; 
567; 0; 2111.2168; 170; 78.2; 
567; 0; 2093.6727; 170; 78.4; 
567; 0; 2076.1296; 170; 78.6; 
567; 0; 2059.8402; 170; 78.8; 
567; 0; 2043.5524; 170; 79; 
567; 0; 2028.5183; 170; 79.2; 
567; 0; 2013.2813; 170; 79.4; 
567; 0; 1998.5265; 170; 79.6; 
567; 0; 1983.7724; 170; 79.8; 
567; 0; 1969.0187; 170; 80; 
567; 0; 1955.6063; 170; 80.2; 
567; 0; 1943.535; 170; 80.4; 
567; 0; 1931.4637; 170; 80.6; 
567; 0; 1919.608; 170; 80.8; 
567; 0; 1909.2272; 170; 81; 
567; 0; 1900.1437; 170; 81.2; 
567; 0; 1889.7629; 170; 81.4; 
567; 0; 1880.6796; 170; 81.6; 
567; 0; 1871.5965; 170; 81.8; 
567; 0; 1863.8111; 170; 82; 
567; 0; 1856.0259; 170; 82.2; 
567; 0; 1849.5384; 170; 82.4; 
567; 0; 1841.7537; 170; 82.6; 
567; 0; 1835.2665; 170; 82.8; 
567; 0; 1828.7795; 170; 83; 
567; 0; 1823.59; 170; 83.2; 
567; 0; 1818.4006; 170; 83.4; 
567; 0; 1813.2112; 170; 83.6; 
567; 0; 1808.022; 170; 83.8; 
567; 0; 1802.8328; 170; 84; 
567; 0; 1798.9411; 170; 84.2; 
567; 0; 1795.0493; 170; 84.4; 
567; 0; 1791.1576; 170; 84.6; 
567; 0; 1787.2658; 170; 84.8; 
567; 0; 1783.374; 170; 85; 
567; 0; 1780.7796; 170; 85.2; 
567; 0; 1778.1853; 170; 85.4; 
567; 0; 1775.5911; 170; 85.6; 
567; 0; 1772.997; 170; 85.8; 
567; 0; 1770.4028; 170; 86; 
567; 0; 1767.8087; 170; 86.2; 
567; 0; 1766.512; 170; 86.4; 
567; 0; 1763.9181; 170; 86.6; 
567; 0; 1762.6215; 170; 86.8; 
567; 0; 1761.325; 170; 87; 
567; 0; 1760.0284; 170; 87.2; 
567; 0; 1758.7318; 170; 87.4; 
567; 0; 1757.4353; 170; 87.6; 
567; 0; 1757.4362; 170; 87.8; 
567; 0; 1756.1398; 170; 88; 
567; 0; 1754.8434; 170; 88.2; 
567; 0; 1754.8444; 170; 88.4; 
567; 0; 1754.8453; 170; 88.6; 
567; 0; 1753.549; 170; 88.8; 
567; 0; 1753.5501; 170; 89; 
567; 0; 1753.551; 170; 89.2; 
567; 0; 1753.5518; 170; 89.4; 
567; 0; 1753.5526; 170; 89.6; 
567; 0; 1753.5533; 170; 89.8; 
567; 0; 1753.5541; 170; 90; 
567; 0; 1753.555; 170; 90.2; 
567; 0; 1753.5559; 170; 90.4; 
567; 0; 1753.5569; 170; 90.6; 
567; 0; 1753.5579; 170; 90.8; 
567; 0; 1754.8564; 170; 91; 
567; 0; 1746.326; 170; 91.2; 
567; 0; 1746.3271; 170; 91.4; 
567; 0; 1747.6221; 170; 91.6; 
567; 0; 1747.6231; 170; 91.8; 
567; 0; 1748.9178; 170; 92; 
567; 0; 1748.9187; 170; 92.2; 
567; 0; 1750.2133; 170; 92.4; 
567; 0; 1751.508; 170; 92.6; 
567; 0; 1752.8028; 170; 92.8; 
567; 0; 1752.8037; 170; 93; 
567; 0; 1754.0986; 170; 93.2; 
567; 0; 1755.3934; 170; 93.4; 
567; 0; 1756.6883; 170; 93.6; 
567; 0; 1757.9832; 170; 93.8; 
567; 0; 1759.2781; 170; 94; 
567; 0; 1760.573; 170; 94.2; 
567; 0; 1761.8678; 170; 94.4; 
567; 0; 1763.1627; 170; 94.6; 
567; 0; 1764.4575; 170; 94.8; 
567; 0; 1765.7522; 170; 95; 
567; 0; 1767.0469; 170; 95.2; 
567; 0; 1768.3414; 170; 95.4; 
567; 0; 1770.9249; 170; 95.6; 
567; 0; 1776.0839; 170; 95.8; 
567; 0; 1782.5181; 170; 96; 
567; 0; 1791.5155; 170; 96.2; 
567; 0; 1804.3652; 170; 96.4; 
567; 0; 1818.4755; 170; 96.6; 
567; 0; 1836.431; 170; 96.8; 
567; 0; 1856.9354; 170; 97; 
567; 0; 1878.6934; 170; 97.2; 
567; 0; 1900.4146; 170; 97.4; 
567; 0; 1922.4123; 170; 97.6; 
567; 0; 1942.1581; 170; 97.8; 
567; 0; 1961.8947; 170; 98; 
567; 0; 1980.2928; 170; 98.2; 
567; 0; 1996.0215; 170; 98.4; 
567; 0; 2011.7564; 170; 98.6; 
567; 0; 2025.515; 170; 98.8; 
567; 0; 2037.7269; 170; 99; 
567; 0; 2049.943; 170; 99.2; 
567; 0; 2062.1608; 170; 99.4; 
567; 0; 2064.404; 170; 99.6; 
567; 0; 2076.5769; 170; 99.8; 
567; 0; 2087.502; 170; 100; 
567; 0; 2099.6653; 170; 100.2; 
567; 0; 2110.5797; 170; 100.4; 
567; 0; 2121.489; 170; 100.6; 
567; 0; 2132.3937; 170; 100.8; 
567; 0; 2143.2948; 170; 101; 
567; 0; 2152.9501; 170; 101.2; 
567; 0; 2162.6039; 170; 101.4; 
567; 0; 2171.0137; 170; 101.6; 
567; 0; 2179.4236; 170; 101.8; 
567; 0; 2187.8338; 170; 102; 
567; 0; 2195.0013; 170; 102.2; 
567; 0; 2202.1691; 170; 102.4; 
567; 0; 2209.337; 170; 102.6; 
567; 0; 2216.5048; 170; 102.8; 
567; 0; 2222.4293; 170; 103; 
567; 0; 2228.3532; 170; 103.2; 
567; 0; 2234.2765; 170; 103.4; 
567; 0; 2238.9562; 170; 103.6; 
567; 0; 2243.635; 170; 103.8; 
567; 0; 2249.5555; 170; 104; 
567; 0; 2254.2326; 170; 104.2; 
567; 0; 2257.6665; 170; 104.4; 
567; 0; 2262.3424; 170; 104.6; 
567; 0; 2265.7753; 170; 104.8; 
567; 0; 2269.2078; 170; 105; 
567; 0; 2272.6401; 170; 105.2; 
567; 0; 2276.0723; 170; 105.4; 
567; 0; 2278.2622; 170; 105.6; 
567; 0; 2281.6943; 170; 105.8; 
567; 0; 2283.884; 170; 106; 
567; 0; 2286.0737; 170; 106.2; 
567; 0; 2288.2632; 170; 106.4; 
567; 0; 2290.4525; 170; 106.6; 
567; 0; 2291.3995; 170; 106.8; 
567; 0; 2293.5883; 170; 107; 
567; 0; 2294.5348; 170; 107.2; 
567; 0; 2296.7231; 170; 107.4; 
567; 0; 2297.6691; 170; 107.6; 
567; 0; 2298.615; 170; 107.8; 
567; 0; 2299.5609; 170; 108; 
567; 0; 2300.5067; 170; 108.2; 
567; 0; 2301.4524; 170; 108.4; 
567; 0; 2301.1563; 170; 108.6; 
567; 0; 2302.1018; 170; 108.8; 
567; 0; 2301.8054; 170; 109; 
567; 0; 2302.7508; 170; 109.2; 
567; 0; 2302.4544; 170; 109.4; 
567; 0; 2302.158; 170; 109.6; 
567; 0; 2303.1846; 170; 109.8; 
567; 0; 2302.9215; 170; 110; 
567; 0; 2302.6584; 170; 110.2; 
567; 0; 2302.3953; 170; 110.4; 
567; 0; 2302.1321; 170; 110.6; 
567; 0; 2301.869; 170; 110.8; 
567; 0; 2301.6059; 170; 111; 
567; 0; 2301.3427; 170; 111.2; 
567; 0; 2301.0796; 170; 111.4; 
567; 0; 2299.5162; 170; 111.6; 
567; 0; 2299.253; 170; 111.8; 
567; 0; 2298.9897; 170; 112; 
567; 0; 2297.4263; 170; 112.2; 
567; 0; 2297.1631; 170; 112.4; 
567; 0; 2296.8999; 170; 112.6; 
567; 0; 2295.3365; 170; 112.8; 
567; 0; 2295.0732; 170; 113; 
567; 0; 2293.5099; 170; 113.2; 
567; 0; 2293.2466; 170; 113.4; 
567; 0; 2291.6834; 170; 113.6; 
567; 0; 2291.4201; 170; 113.8; 
567; 0; 2289.8569; 170; 114; 
567; 0; 2289.5935; 170; 114.2; 
567; 0; 2297.1669; 170; 114.4; 
567; 0; 2295.5986; 170; 114.6; 
567; 0; 2295.3347; 170; 114.8; 
567; 0; 2293.7664; 170; 115; 
567; 0; 2292.1981; 170; 115.2; 
567; 0; 2291.9342; 170; 115.4; 
567; 0; 2290.3659; 170; 115.6; 
567; 0; 2288.7976; 170; 115.8; 
567; 0; 2287.2294; 170; 116; 
567; 0; 2285.6767; 170; 116.2; 
567; 0; 2284.134; 170; 116.4; 
567; 0; 2282.5913; 170; 116.6; 
567; 0; 2281.0487; 170; 116.8; 
567; 0; 2280.7507; 170; 117; 
567; 0; 2279.2082; 170; 117.2; 
567; 0; 2277.666; 170; 117.4; 
567; 0; 2276.1237; 170; 117.6; 
567; 0; 2274.5814; 170; 117.8; 
567; 0; 2273.0392; 170; 118; 
567; 0; 2271.497; 170; 118.2; 
567; 0; 2269.9548; 170; 118.4; 
567; 0; 2268.4127; 170; 118.6; 
567; 0; 2266.8705; 170; 118.8; 
567; 0; 2265.3285; 170; 119; 
567; 0; 2263.7866; 170; 119.2; 
567; 0; 2262.2447; 170; 119.4; 
567; 0; 2260.7027; 170; 119.6; 
567; 0; 2259.1608; 170; 119.8; 
567; 0; 2257.6191; 170; 120; 
567; 0; 2257.3213; 170; 120.2; 
567; 0; 2255.7797; 170; 120.4; 
567; 0; 2254.2382; 170; 120.6; 
567; 0; 2252.6968; 170; 120.8; 
567; 0; 2251.1555; 170; 121; 
567; 0; 2249.6142; 170; 121.2; 
567; 0; 2249.3166; 170; 121.4; 
567; 0; 2247.7754; 170; 121.6; 
567; 0; 2246.2344; 170; 121.8; 
567; 0; 2244.6934; 170; 122; 
567; 0; 2243.1523; 170; 122.2; 
567; 0; 2241.6114; 170; 122.4; 
567; 0; 2241.3139; 170; 122.6; 
567; 0; 2239.773; 170; 122.8; 
567; 0; 2238.2322; 170; 123; 
567; 0; 2236.6915; 170; 123.2; 
567; 0; 2236.3941; 170; 123.4; 
567; 0; 2234.8535; 170; 123.6; 
567; 0; 2233.313; 170; 123.8; 
567; 0; 2231.7725; 170; 124; 
567; 0; 2231.4752; 170; 124.2; 
567; 0; 2229.9349; 170; 124.4; 
567; 0; 2228.3947; 170; 124.6; 
567; 0; 2228.0976; 170; 124.8; 
567; 0; 2226.5576; 170; 125; 
567; 0; 2225.0175; 170; 125.2; 
567; 0; 2224.7204; 170; 125.4; 
567; 0; 2223.1805; 170; 125.6; 
567; 0; 2221.6406; 170; 125.8; 
567; 0; 2221.3436; 170; 126; 
567; 0; 2219.8038; 170; 126.2; 
567; 0; 2218.2642; 170; 126.4; 
567; 0; 2217.9673; 170; 126.6; 
567; 0; 2216.4279; 170; 126.8; 
567; 0; 2214.8885; 170; 127; 
567; 0; 2214.5917; 170; 127.2; 
567; 0; 2213.0523; 170; 127.4; 
567; 0; 2211.513; 170; 127.6; 
567; 0; 2211.2163; 170; 127.8; 
567; 0; 2209.6771; 170; 128; 
567; 0; 2209.3803; 170; 128.2; 
567; 0; 2207.8413; 170; 128.4; 
567; 0; 2207.5449; 170; 128.6; 
567; 0; 2207.2495; 170; 128.8; 
567; 0; 2206.9556; 170; 129; 
567; 0; 2204.1831; 170; 129.2; 
567; 0; 2201.4239; 170; 129.4; 
567; 0; 2196.2008; 170; 129.6; 
567; 0; 2188.5191; 170; 129.8; 
567; 0; 2179.6244; 170; 130; 
567; 0; 2169.5193; 170; 130.2; 
567; 0; 2155.7216; 170; 130.4; 
567; 0; 2140.7165; 170; 130.6; 
567; 0; 2123.2623; 170; 130.8; 
567; 0; 2104.6016; 170; 131; 
567; 0; 2084.7331; 170; 131.2; 
567; 0; 2063.65; 170; 131.4; 
567; 0; 2042.5842; 170; 131.6; 
567; 0; 2024.0094; 170; 131.8; 
567; 0; 2007.3177; 170; 132; 
567; 0; 1992.7338; 170; 132.2; 
567; 0; 1980.7925; 170; 132.4; 
567; 0; 1979.3125; 170; 132.6; 
567; 0; 1969.9598; 170; 132.8; 
567; 0; 1960.5905; 170; 133; 
567; 0; 1949.8752; 170; 133.2; 
567; 0; 1939.155; 170; 133.4; 
567; 0; 1928.4361; 170; 133.6; 
567; 0; 1916.3896; 170; 133.8; 
567; 0; 1903.0189; 170; 134; 
567; 0; 1889.66; 170; 134.2; 
567; 0; 1876.3126; 170; 134.4; 
567; 0; 1862.9749; 170; 134.6; 
567; 0; 1850.9783; 170; 134.8; 
567; 0; 1837.6512; 170; 135; 
567; 0; 1826.9935; 170; 135.2; 
567; 0; 1816.3341; 170; 135.4; 
567; 0; 1805.6715; 170; 135.6; 
567; 0; 1796.339; 170; 135.8; 
567; 0; 1788.3367; 170; 136; 
567; 0; 1780.3305; 170; 136.2; 
567; 0; 1772.4036; 170; 136.4; 
567; 0; 1765.944; 170; 136.6; 
567; 0; 1759.4836; 170; 136.8; 
567; 0; 1753.0235; 170; 137; 
567; 0; 1746.5644; 170; 137.2; 
567; 0; 1740.1068; 170; 137.4; 
567; 0; 1733.6508; 170; 137.6; 
567; 0; 1728.1683; 170; 137.8; 
567; 0; 1722.6141; 170; 138; 
567; 0; 1717.0609; 170; 138.2; 
567; 0; 1711.5081; 170; 138.4; 
567; 0; 1705.9554; 170; 138.6; 
567; 0; 1701.7914; 170; 138.8; 
567; 0; 1697.627; 170; 139; 
567; 0; 1693.4622; 170; 139.2; 
567; 0; 1689.2968; 170; 139.4; 
567; 0; 1686.5199; 170; 139.6; 
567; 0; 1683.7426; 170; 139.8; 
567; 0; 1679.576; 170; 140; 
567; 0; 1676.7984; 170; 140.2; 
567; 0; 1674.0207; 170; 140.4; 
567; 0; 1672.6322; 170; 140.6; 
567; 0; 1669.8549; 170; 140.8; 
567; 0; 1667.0777; 170; 141; 
567; 0; 1665.6897; 170; 141.2; 
567; 0; 1662.913; 170; 141.4; 
567; 0; 1661.5255; 170; 141.6; 
567; 0; 1660.1382; 170; 141.8; 
567; 0; 1658.7509; 170; 142; 
567; 0; 1657.3636; 170; 142.2; 
567; 0; 1655.9763; 170; 142.4; 
567; 0; 1654.5887; 170; 142.6; 
567; 0; 1654.5899; 170; 142.8; 
567; 0; 1653.2021; 170; 143; 
567; 0; 1651.8145; 170; 143.2; 
567; 0; 1651.8159; 170; 143.4; 
567; 0; 1650.4283; 170; 143.6; 
567; 0; 1650.4298; 170; 143.8; 
567; 0; 1650.4312; 170; 144; 
567; 0; 1650.4326; 170; 144.2; 
567; 0; 1649.0449; 170; 144.4; 
567; 0; 1649.0463; 170; 144.6; 
567; 0; 1649.0475; 170; 144.8; 
567; 0; 1649.0488; 170; 145; 
567; 0; 1649.05; 170; 145.2; 
567; 0; 1649.0512; 170; 145.4; 
567; 0; 1650.4399; 170; 145.6; 
567; 0; 1653.209; 170; 145.8; 
567; 0; 1657.3503; 170; 146; 
567; 0; 1665.6346; 170; 146.2; 
567; 0; 1676.667; 170; 146.4; 
567; 0; 1681.5744; 170; 146.6; 
567; 0; 1699.431; 170; 146.8; 
567; 0; 1718.6323; 170; 147; 
567; 0; 1738.7196; 170; 147.2; 
567; 0; 1757.7821; 170; 147.4; 
567; 0; 1777.2876; 170; 147.6; 
567; 0; 1794.3089; 170; 147.8; 
567; 0; 1809.997; 170; 148; 
567; 0; 1824.3587; 170; 148.2; 
567; 0; 1837.3987; 170; 148.4; 
567; 0; 1849.1193; 170; 148.6; 
567; 0; 1860.8498; 170; 148.8; 
567; 0; 1871.2594; 170; 149; 
567; 0; 1880.3455; 170; 149.2; 
567; 0; 1889.4345; 170; 149.4; 
567; 0; 1899.8531; 170; 149.6; 
567; 0; 1908.9399; 170; 149.8; 
567; 0; 1918.0227; 170; 150; 
567; 0; 1928.4299; 170; 150.2; 
567; 0; 1937.5028; 170; 150.4; 
567; 0; 1946.5712; 170; 150.6; 
567; 0; 1955.636; 170; 150.8; 
567; 0; 1963.369; 170; 151; 
567; 0; 1971.1004; 170; 151.2; 
567; 0; 1978.8314; 170; 151.4; 
567; 0; 1985.2335; 170; 151.6; 
567; 0; 1991.6363; 170; 151.8; 
567; 0; 1998.04; 170; 152; 
567; 0; 2004.4446; 170; 152.2; 
567; 0; 2009.5211; 170; 152.4; 
567; 0; 2014.5979; 170; 152.6; 
567; 0; 2019.4564; 170; 152.8; 
567; 0; 2022.9566; 170; 153; 
567; 0; 2027.6974; 170; 153.2; 
567; 0; 2031.1965; 170; 153.4; 
567; 0; 2035.9359; 170; 153.6; 
567; 0; 2039.4338; 170; 153.8; 
567; 0; 2042.9309; 170; 154; 
567; 0; 2045.1866; 170; 154.2; 
567; 0; 2048.6828; 170; 154.4; 
567; 0; 2052.1787; 170; 154.6; 
567; 0; 2054.4336; 170; 154.8; 
567; 0; 2056.6884; 170; 155; 
567; 0; 2058.9431; 170; 155.2; 
567; 0; 2061.1979; 170; 155.4; 
567; 0; 2063.4527; 170; 155.6; 
567; 0; 2064.4669; 170; 155.8; 
567; 0; 2066.7218; 170; 156; 
567; 0; 2067.736; 170; 156.2; 
567; 0; 2069.9907; 170; 156.4; 
567; 0; 2071.0047; 170; 156.6; 
567; 0; 2072.0184; 170; 156.8; 
567; 0; 2073.032; 170; 157; 
567; 0; 2074.0454; 170; 157.2; 
567; 0; 2075.0588; 170; 157.4; 
567; 0; 2076.072; 170; 157.6; 
567; 0; 2077.0851; 170; 157.8; 
567; 0; 2078.098; 170; 158; 
567; 0; 2077.8706; 170; 158.2; 
567; 0; 2078.8833; 170; 158.4; 
567; 0; 2078.6556; 170; 158.6; 
567; 0; 2079.6683; 170; 158.8; 
567; 0; 2079.4407; 170; 159; 
567; 0; 2080.4534; 170; 159.2; 
567; 0; 2080.2259; 170; 159.4; 
567; 0; 2079.9983; 170; 159.6; 
567; 0; 2081.0108; 170; 159.8; 
567; 0; 2080.7832; 170; 160; 
567; 0; 2080.5557; 170; 160.2; 
567; 0; 2080.3282; 170; 160.4; 
567; 0; 2080.1006; 170; 160.6; 
567; 0; 2079.873; 170; 160.8; 
567; 0; 2079.6454; 170; 161; 
567; 0; 2080.6576; 170; 161.2; 
567; 0; 2080.4305; 170; 161.4; 
567; 0; 2080.2045; 170; 161.6; 
567; 0; 2079.9806; 170; 161.8; 
567; 0; 2079.7597; 170; 162; 
567; 0; 2079.5428; 170; 162.2; 
567; 0; 2079.331; 170; 162.4; 
567; 0; 2079.1249; 170; 162.6; 
567; 0; 2078.9235; 170; 162.8; 
567; 0; 2079.9642; 170; 163; 
567; 0; 2082.2437; 170; 163.2; 
567; 0; 2085.7587; 170; 163.4; 
567; 0; 2090.5065; 170; 163.6; 
567; 0; 2096.4849; 170; 163.8; 
567; 0; 2103.6934; 170; 164; 
567; 0; 2110.8926; 170; 164.2; 
567; 0; 2118.083; 170; 164.4; 
567; 0; 2124.0271; 170; 164.6; 
567; 0; 2127.4907; 170; 164.8; 
567; 0; 2128.4879; 170; 165; 
567; 0; 2127.0263; 170; 165.2; 
567; 0; 2123.1061; 170; 165.4; 
567; 0; 2115.4947; 170; 165.6; 
567; 0; 2106.676; 170; 165.8; 
567; 0; 2095.4147; 170; 166; 
567; 0; 2081.713; 170; 166.2; 
567; 0; 2064.3327; 170; 166.4; 
567; 0; 2045.7524; 170; 166.6; 
567; 0; 2024.7316; 170; 166.8; 
567; 0; 2001.5217; 170; 167; 
567; 0; 1977.7423; 170; 167.2; 
567; 0; 1957.9526; 170; 167.4; 
567; 0; 1942.1402; 170; 167.6; 
567; 0; 1931.6219; 170; 167.8; 
567; 0; 1927.717; 170; 168; 
567; 0; 1927.7669; 170; 168.2; 
567; 0; 1931.7685; 170; 168.4; 
567; 0; 1935.7391; 170; 168.6; 
567; 0; 1939.6797; 170; 168.8; 
567; 0; 1940.9416; 170; 169; 
567; 0; 1938.2068; 170; 169.2; 
567; 0; 1932.8139; 170; 169.4; 
567; 0; 1923.4482; 170; 169.6; 
567; 0; 1914.1001; 170; 169.8; 
567; 0; 1902.1217; 170; 170; 
567; 0; 1888.8415; 170; 170.2; 
567; 0; 1874.2574; 170; 170.4; 
567; 0; 1859.691; 170; 170.6; 
567; 0; 1845.1353; 170; 170.8; 
567; 0; 1831.9104; 170; 171; 
567; 0; 1828.6436; 170; 171.2; 
567; 0; 1818.0279; 170; 171.4; 
567; 0; 1808.7337; 170; 171.6; 
567; 0; 1800.7602; 170; 171.8; 
567; 0; 1792.7766; 170; 172; 
567; 0; 1786.1158; 170; 172.2; 
567; 0; 1779.4488; 170; 172.4; 
567; 0; 1771.447; 170; 172.6; 
567; 0; 1764.7756; 170; 172.8; 
567; 0; 1758.1057; 170; 173; 
567; 0; 1750.1072; 170; 173.2; 
567; 0; 1743.4437; 170; 173.4; 
567; 0; 1735.4526; 170; 173.6; 
567; 0; 1728.5007; 170; 173.8; 
567; 0; 1721.3414; 170; 174; 
567; 0; 1714.184; 170; 174.2; 
567; 0; 1707.0273; 170; 174.4; 
567; 0; 1700.0934; 170; 174.6; 
567; 0; 1694.5557; 170; 174.8; 
567; 0; 1689.0167; 170; 175; 
567; 0; 1684.8623; 170; 175.2; 
567; 0; 1679.3207; 170; 175.4; 
567; 0; 1675.1637; 170; 175.6; 
567; 0; 1671.0058; 170; 175.8; 
567; 0; 1666.8473; 170; 176; 
567; 0; 1662.6886; 170; 176.2; 
567; 0; 1659.9158; 170; 176.4; 
567; 0; 1655.7574; 170; 176.6; 
567; 0; 1652.9854; 170; 176.8; 
567; 0; 1650.2139; 170; 177; 
567; 0; 1647.4429; 170; 177.2; 
567; 0; 1644.6724; 170; 177.4; 
567; 0; 1641.9022; 170; 177.6; 
567; 0; 1639.1323; 170; 177.8; 
567; 0; 1636.3623; 170; 178; 
567; 0; 1634.9781; 170; 178.2; 
567; 0; 1632.2077; 170; 178.4; 
567; 0; 1630.823; 170; 178.6; 
567; 0; 1628.0521; 170; 178.8; 
567; 0; 1626.667; 170; 179; 
567; 0; 1625.2819; 170; 179.2; 
567; 0; 1623.8969; 170; 179.4; 
567; 0; 1622.512; 170; 179.6; 
567; 0; 1621.1272; 170; 179.8; 
567; 0; 1621.1282; 170; 180; 
567; 0; 1619.7434; 170; 180.2; 
567; 0; 1618.3585; 170; 180.4; 
567; 0; 1618.3596; 170; 180.6; 
567; 0; 1616.9749; 170; 180.8; 
567; 0; 1616.976; 170; 181; 
567; 0; 1615.5913; 170; 181.2; 
567; 0; 1615.5926; 170; 181.4; 
567; 0; 1614.208; 170; 181.6; 
567; 0; 1614.2093; 170; 181.8; 
567; 0; 1614.2105; 170; 182; 
567; 0; 1614.2117; 170; 182.2; 
567; 0; 1612.827; 170; 182.4; 
567; 0; 1612.8281; 170; 182.6; 
567; 0; 1612.8293; 170; 182.8; 
567; 0; 1612.8305; 170; 183; 
567; 0; 1612.8317; 170; 183.2; 
567; 0; 1612.833; 170; 183.4; 
567; 0; 1612.8342; 170; 183.6; 
567; 0; 1612.8353; 170; 183.8; 
567; 0; 1612.8365; 170; 184; 
567; 0; 1612.8376; 170; 184.2; 
567; 0; 1612.8386; 170; 184.4; 
567; 0; 1612.8396; 170; 184.6; 
567; 0; 1614.2265; 170; 184.8; 
567; 0; 1614.2276; 170; 185; 
567; 0; 1614.2287; 170; 185.2; 
567; 0; 1614.2298; 170; 185.4; 
567; 0; 1614.231; 170; 185.6; 
567; 0; 1614.2322; 170; 185.8; 
567; 0; 1615.6192; 170; 186; 
567; 0; 1615.6205; 170; 186.2; 
567; 0; 1615.6218; 170; 186.4; 
567; 0; 1607.0147; 170; 186.6; 
567; 0; 1608.398; 170; 186.8; 
567; 0; 1608.3992; 170; 187; 
567; 0; 1608.4003; 170; 187.2; 
567; 0; 1609.7835; 170; 187.4; 
567; 0; 1609.7846; 170; 187.6; 
567; 0; 1611.1678; 170; 187.8; 
567; 0; 1611.1689; 170; 188; 
567; 0; 1612.5521; 170; 188.2; 
567; 0; 1612.553; 170; 188.4; 
567; 0; 1613.9362; 170; 188.6; 
567; 0; 1613.9373; 170; 188.8; 
567; 0; 1615.3205; 170; 189; 
567; 0; 1616.7037; 170; 189.2; 
567; 0; 1616.7048; 170; 189.4; 
567; 0; 1618.0879; 170; 189.6; 
567; 0; 1619.4712; 170; 189.8; 
567; 0; 1619.4724; 170; 190; 
567; 0; 1620.8557; 170; 190.2; 
567; 0; 1622.2389; 170; 190.4; 
567; 0; 1623.6225; 170; 190.6; 
567; 0; 1623.6242; 170; 190.8; 
567; 0; 1625.0082; 170; 191; 
567; 0; 1625.0101; 170; 191.2; 
567; 0; 1626.3939; 170; 191.4; 
567; 0; 1627.7773; 170; 191.6; 
567; 0; 1627.7783; 170; 191.8; 
567; 0; 1629.161; 170; 192; 
567; 0; 1630.5434; 170; 192.2; 
567; 0; 1630.5436; 170; 192.4; 
567; 0; 1631.9261; 170; 192.6; 
567; 0; 1631.9266; 170; 192.8; 
567; 0; 1633.3094; 170; 193; 
567; 0; 1633.3101; 170; 193.2; 
567; 0; 1634.6931; 170; 193.4; 
567; 0; 1634.694; 170; 193.6; 
567; 0; 1636.0771; 170; 193.8; 
567; 0; 1636.0781; 170; 194; 
567; 0; 1637.4612; 170; 194.2; 
567; 0; 1637.4622; 170; 194.4; 
567; 0; 1638.8453; 170; 194.6; 
567; 0; 1638.8463; 170; 194.8; 
567; 0; 1638.8473; 170; 195; 
567; 0; 1640.2303; 170; 195.2; 
567; 0; 1640.2313; 170; 195.4; 
567; 0; 1641.6145; 170; 195.6; 
567; 0; 1641.6156; 170; 195.8; 
567; 0; 1641.6166; 170; 196; 
567; 0; 1642.9997; 170; 196.2; 
567; 0; 1643.0007; 170; 196.4; 
567; 0; 1643.0017; 170; 196.6; 
567; 0; 1643.0027; 170; 196.8; 
567; 0; 1644.3857; 170; 197; 
567; 0; 1644.3865; 170; 197.2; 
567; 0; 1644.3873; 170; 197.4; 
567; 0; 1645.7703; 170; 197.6; 
567; 0; 1645.7713; 170; 197.8; 
567; 0; 1645.7722; 170; 198; 
567; 0; 1645.7731; 170; 198.2; 
567; 0; 1647.1559; 170; 198.4; 
567; 0; 1647.1566; 170; 198.6; 
567; 0; 1647.1573; 170; 198.8; 
567; 0; 1647.1581; 170; 199; 
567; 0; 1648.5411; 170; 199.2; 
567; 0; 1648.5421; 170; 199.4; 
567; 0; 1648.5431; 170; 199.6; 
567; 0; 1648.5441; 170; 199.8; 
567; 0; 1648.545; 170; 200; 
567; 0; 1649.9279; 170; 200.2; 
567; 0; 1649.9288; 170; 200.4; 
567; 0; 1649.9296; 170; 200.6; 
567; 0; 1649.9305; 170; 200.8; 
567; 0; 1649.9313; 170; 201; 
567; 0; 1649.9321; 170; 201.2; 
567; 0; 1651.315; 170; 201.4; 
567; 0; 1651.3158; 170; 201.6; 
567; 0; 1651.3165; 170; 201.8; 
567; 0; 1651.3173; 170; 202; 
567; 0; 1651.3179; 170; 202.2; 
567; 0; 1651.3187; 170; 202.4; 
567; 0; 1652.7016; 170; 202.6; 
567; 0; 1652.7024; 170; 202.8; 
567; 0; 1652.7033; 170; 203; 
567; 0; 1652.7042; 170; 203.2; 
567; 0; 1652.7052; 170; 203.4; 
567; 0; 1652.706; 170; 203.6; 
567; 0; 1652.7068; 170; 203.8; 
567; 0; 1652.7075; 170; 204; 
567; 0; 1654.0903; 170; 204.2; 
567; 0; 1654.0909; 170; 204.4; 
567; 0; 1654.0917; 170; 204.6; 
567; 0; 1654.0925; 170; 204.8; 
567; 0; 1654.0935; 170; 205; 
567; 0; 1654.0944; 170; 205.2; 
567; 0; 1654.0952; 170; 205.4; 
567; 0; 1654.0959; 170; 205.6; 
567; 0; 1654.0968; 170; 205.8; 
567; 0; 1654.0976; 170; 206; 
567; 0; 1655.4804; 170; 206.2; 
567; 0; 1655.481; 170; 206.4; 
567; 0; 1655.4816; 170; 206.6; 
567; 0; 1655.4821; 170; 206.8; 
567; 0; 1655.4828; 170; 207; 
567; 0; 1655.4835; 170; 207.2; 
567; 0; 1655.4843; 170; 207.4; 
567; 0; 1655.4851; 170; 207.6; 
567; 0; 1655.4858; 170; 207.8; 
567; 0; 1655.4866; 170; 208; 
567; 0; 1656.8695; 170; 208.2; 
567; 0; 1656.8703; 170; 208.4; 
567; 0; 1656.8711; 170; 208.6; 
567; 0; 1656.8719; 170; 208.8; 
567; 0; 1656.8727; 170; 209; 
567; 0; 1658.2556; 170; 209.2; 
567; 0; 1658.2564; 170; 209.4; 
567; 0; 1658.2571; 170; 209.6; 
567; 0; 1658.2579; 170; 209.8; 
567; 0; 1658.2587; 170; 210; 
567; 0; 1658.2594; 170; 210.2; 
567; 0; 1658.2602; 170; 210.4; 
567; 0; 1659.6431; 170; 210.6; 
567; 0; 1659.6438; 170; 210.8; 
567; 0; 1659.6444; 170; 211; 
567; 0; 1659.6449; 170; 211.2; 
567; 0; 1659.6454; 170; 211.4; 
567; 0; 1659.646; 170; 211.6; 
567; 0; 1659.6466; 170; 211.8; 
567; 0; 1659.6473; 170; 212; 
567; 0; 1659.6481; 170; 212.2; 
567; 0; 1659.6489; 170; 212.4; 
567; 0; 1661.0319; 170; 212.6; 
567; 0; 1661.0326; 170; 212.8; 
567; 0; 1661.0333; 170; 213; 
567; 0; 1661.0342; 170; 213.2; 
567; 0; 1661.035; 170; 213.4; 
567; 0; 1661.0357; 170; 213.6; 
567; 0; 1661.0363; 170; 213.8; 
567; 0; 1661.0369; 170; 214; 
567; 0; 1661.0376; 170; 214.2; 
567; 0; 1661.0383; 170; 214.4; 
567; 0; 1661.0391; 170; 214.6; 
567; 0; 1661.0398; 170; 214.8; 
567; 0; 1661.0404; 170; 215; 
567; 0; 1661.0411; 170; 215.2; 
567; 0; 1661.0417; 170; 215.4; 
567; 0; 1661.0424; 170; 215.6; 
567; 0; 1661.0431; 170; 215.8; 
567; 0; 1661.0438; 170; 216; 
567; 0; 1661.0444; 170; 216.2; 
567; 0; 1661.0451; 170; 216.4; 
567; 0; 1661.0457; 170; 216.6; 
567; 0; 1661.0463; 170; 216.8; 
567; 0; 1661.0468; 170; 217; 
567; 0; 1661.0475; 170; 217.2; 
567; 0; 1661.0483; 170; 217.4; 
567; 0; 1661.0491; 170; 217.6; 
567; 0; 1662.4319; 170; 217.8; 
567; 0; 1662.433; 170; 218; 
567; 0; 1662.4351; 170; 218.2; 
567; 0; 1663.8211; 170; 218.4; 
567; 0; 1663.8278; 170; 218.6; 
567; 0; 1663.8382; 170; 218.8; 
567; 0; 1665.2357; 170; 219; 
567; 0; 1665.2572; 170; 219.2; 
567; 0; 1665.2847; 170; 219.4; 
567; 0; 1665.316; 170; 219.6; 
567; 0; 1668.1126; 170; 219.8; 
567; 0; 1670.9067; 170; 220; 
567; 0; 1676.4592; 170; 220.2; 
567; 0; 1683.3853; 170; 220.4; 
567; 0; 1691.6836; 170; 220.6; 
567; 0; 1700.0051; 170; 220.8; 
567; 0; 1709.9861; 170; 221; 
567; 0; 1717.1044; 170; 221.2; 
567; 0; 1725.6456; 170; 221.4; 
567; 0; 1731.3292; 170; 221.6; 
567; 0; 1735.3811; 170; 221.8; 
567; 0; 1739.3399; 170; 222; 
567; 0; 1741.9768; 170; 222.2; 
567; 0; 1743.2927; 170; 222.4; 
567; 0; 1744.6153; 170; 222.6; 
567; 0; 1744.6171; 170; 222.8; 
567; 0; 1744.6243; 170; 223; 
567; 0; 1744.6355; 170; 223.2; 
567; 0; 1745.9761; 170; 223.4; 
567; 0; 1747.3173; 170; 223.6; 
567; 0; 1748.6577; 170; 223.8; 
567; 0; 1749.9959; 170; 224; 
567; 0; 1752.6579; 170; 224.2; 
567; 0; 1755.3162; 170; 224.4; 
567; 0; 1759.2976; 170; 224.6; 
567; 0; 1761.9475; 170; 224.8; 
567; 0; 1764.5926; 170; 225; 
567; 0; 1767.2327; 170; 225.2; 
567; 0; 1769.8688; 170; 225.4; 
567; 0; 1771.1755; 170; 225.6; 
567; 0; 1771.1548; 170; 225.8; 
567; 0; 1769.8088; 170; 226; 
567; 0; 1768.4664; 170; 226.2; 
567; 0; 1765.802; 170; 226.4; 
567; 0; 1763.1433; 170; 226.6; 
567; 0; 1760.4904; 170; 226.8; 
567; 0; 1756.5157; 170; 227; 
567; 0; 1752.5449; 170; 227.2; 
567; 0; 1748.5764; 170; 227.4; 
567; 0; 1745.9354; 170; 227.6; 
567; 0; 1743.2933; 170; 227.8; 
567; 0; 1740.6489; 170; 228; 
567; 0; 1739.3283; 170; 228.2; 
567; 0; 1736.6775; 170; 228.4; 
567; 0; 1735.3505; 170; 228.6; 
567; 0; 1734.0208; 170; 228.8; 
567; 0; 1731.2618; 170; 229; 
567; 0; 1729.8281; 170; 229.2; 
567; 0; 1728.3943; 170; 229.4; 
567; 0; 1725.5335; 170; 229.6; 
567; 0; 1722.6739; 170; 229.8; 
567; 0; 1721.2437; 170; 230; 
567; 0; 1718.3875; 170; 230.2; 
567; 0; 1715.5327; 170; 230.4; 
567; 0; 1712.6791; 170; 230.6; 
567; 0; 1709.8262; 170; 230.8; 
567; 0; 1708.4013; 170; 231; 
567; 0; 1705.5486; 170; 231.2; 
567; 0; 1704.1233; 170; 231.4; 
567; 0; 1701.2697; 170; 231.6; 
567; 0; 1699.8432; 170; 231.8; 
567; 0; 1698.418; 170; 232; 
567; 0; 1695.6537; 170; 232.2; 
567; 0; 1694.2712; 170; 232.4; 
567; 0; 1692.8884; 170; 232.6; 
567; 0; 1691.5055; 170; 232.8; 
567; 0; 1690.1226; 170; 233; 
567; 0; 1688.7399; 170; 233.2; 
567; 0; 1687.3574; 170; 233.4; 
567; 0; 1685.9751; 170; 233.6; 
567; 0; 1684.5932; 170; 233.8; 
567; 0; 1683.2116; 170; 234; 
567; 0; 1681.8301; 170; 234.2; 
567; 0; 1680.4488; 170; 234.4; 
567; 0; 1679.0675; 170; 234.6; 
567; 0; 1677.6862; 170; 234.8; 
567; 0; 1676.3048; 170; 235; 
567; 0; 1674.9232; 170; 235.2; 
567; 0; 1674.9236; 170; 235.4; 
567; 0; 1673.5418; 170; 235.6; 
567; 0; 1672.1599; 170; 235.8; 
567; 0; 1672.1601; 170; 236; 
567; 0; 1670.7782; 170; 236.2; 
567; 0; 1669.3964; 170; 236.4; 
567; 0; 1669.3968; 170; 236.6; 
567; 0; 1668.015; 170; 236.8; 
567; 0; 1668.0154; 170; 237; 
567; 0; 1666.6337; 170; 237.2; 
567; 0; 1666.6342; 170; 237.4; 
567; 0; 1665.2526; 170; 237.6; 
567; 0; 1665.2531; 170; 237.8; 
567; 0; 1663.8714; 170; 238; 
567; 0; 1663.8719; 170; 238.2; 
567; 0; 1663.8725; 170; 238.4; 
567; 0; 1662.491; 170; 238.6; 
567; 0; 1662.4916; 170; 238.8; 
567; 0; 1662.4922; 170; 239; 
567; 0; 1661.1107; 170; 239.2; 
567; 0; 1661.1112; 170; 239.4; 
567; 0; 1661.1117; 170; 239.6; 
567; 0; 1659.73; 170; 239.8; 
567; 0; 1659.7306; 170; 240; 
567; 0; 1659.7312; 170; 240.2; 
567; 0; 1659.7317; 170; 240.4; 
567; 0; 1658.35; 170; 240.6; 
567; 0; 1658.3505; 170; 240.8; 
567; 0; 1658.3511; 170; 241; 
567; 0; 1658.3517; 170; 241.2; 
567; 0; 1656.9702; 170; 241.4; 
567; 0; 1656.9708; 170; 241.6; 
567; 0; 1656.9715; 170; 241.8; 
567; 0; 1656.9722; 170; 242; 
567; 0; 1656.9728; 170; 242.2; 
567; 0; 1656.9734; 170; 242.4; 
567; 0; 1656.974; 170; 242.6; 
567; 0; 1655.5925; 170; 242.8; 
567; 0; 1655.593; 170; 243; 
567; 0; 1655.5935; 170; 243.2; 
567; 0; 1655.5941; 170; 243.4; 
567; 0; 1655.5946; 170; 243.6; 
567; 0; 1655.5951; 170; 243.8; 
567; 0; 1655.5956; 170; 244; 
567; 0; 1655.5961; 170; 244.2; 
567; 0; 1655.5965; 170; 244.4; 
567; 0; 1655.5972; 170; 244.6; 
567; 0; 1655.5979; 170; 244.8; 
567; 0; 1655.5987; 170; 245; 
567; 0; 1655.5994; 170; 245.2; 
567; 0; 1655.6001; 170; 245.4; 
567; 0; 1654.2187; 170; 245.6; 
567; 0; 1654.2192; 170; 245.8; 
567; 0; 1654.2197; 170; 246; 
567; 0; 1655.6024; 170; 246.2; 
567; 0; 1655.6035; 170; 246.4; 
567; 0; 1656.988; 170; 246.6; 
567; 0; 1656.9926; 170; 246.8; 
567; 0; 1657.0004; 170; 247; 
567; 0; 1657.011; 170; 247.2; 
567; 0; 1657.0233; 170; 247.4; 
567; 0; 1657.0358; 170; 247.6; 
567; 0; 1657.0462; 170; 247.8; 
567; 0; 1658.435; 170; 248; 
567; 0; 1661.2009; 170; 248.2; 
567; 0; 1662.5795; 170; 248.4; 
567; 0; 1663.9537; 170; 248.6; 
567; 0; 1666.7069; 170; 248.8; 
567; 0; 1668.0761; 170; 249; 
567; 0; 1669.4451; 170; 249.2; 
567; 0; 1669.4332; 170; 249.4; 
567; 0; 1670.8059; 170; 249.6; 
567; 0; 1670.7995; 170; 249.8; 
567; 0; 1669.4142; 170; 250; 
567; 0; 1669.414; 170; 250.2; 
567; 0; 1669.4165; 170; 250.4; 
567; 0; 1668.0384; 170; 250.6; 
567; 0; 1668.0434; 170; 250.8; 
567; 0; 1668.0483; 170; 251; 
567; 0; 1666.6707; 170; 251.2; 
567; 0; 1666.6743; 170; 251.4; 
567; 0; 1666.677; 170; 251.6; 
567; 0; 1666.6786; 170; 251.8; 
567; 0; 1665.2972; 170; 252; 
567; 0; 1665.2972; 170; 252.2; 
567; 0; 1665.2967; 170; 252.4; 
567; 0; 1665.2961; 170; 252.6; 
567; 0; 1665.2956; 170; 252.8; 
567; 0; 1665.2953; 170; 253; 
567; 0; 1663.9132; 170; 253.2; 
567; 0; 1663.9135; 170; 253.4; 
567; 0; 1663.9141; 170; 253.6; 
567; 0; 1663.9149; 170; 253.8; 
567; 0; 1662.5336; 170; 254; 
567; 0; 1662.5345; 170; 254.2; 
567; 0; 1662.5353; 170; 254.4; 
567; 0; 1662.5361; 170; 254.6; 
567; 0; 1662.5369; 170; 254.8; 
567; 0; 1661.1555; 170; 255; 
567; 0; 1661.1563; 170; 255.2; 
567; 0; 1661.1569; 170; 255.4; 
567; 0; 1661.1574; 170; 255.6; 
567; 0; 1661.158; 170; 255.8; 
567; 0; 1661.1585; 170; 256; 
567; 0; 1661.1589; 170; 256.2; 
567; 0; 1659.7772; 170; 256.4; 
567; 0; 1659.7777; 170; 256.6; 
567; 0; 1659.7782; 170; 256.8; 
567; 0; 1659.7788; 170; 257; 
567; 0; 1659.7794; 170; 257.2; 
567; 0; 1659.78; 170; 257.4; 
567; 0; 1659.781; 170; 257.6; 
567; 0; 1661.1654; 170; 257.8; 
567; 0; 1661.1697; 170; 258; 
567; 0; 1661.1769; 170; 258.2; 
567; 0; 1661.1882; 170; 258.4; 
567; 0; 1662.5871; 170; 258.6; 
567; 0; 1661.2279; 170; 258.8; 
567; 0; 1662.6387; 170; 259; 
567; 0; 1662.6708; 170; 259.2; 
567; 0; 1665.4672; 170; 259.4; 
567; 0; 1669.6422; 170; 259.6; 
567; 0; 1675.1926; 170; 259.8; 
567; 0; 1682.116; 170; 260; 
567; 0; 1690.4113; 170; 260.2; 
567; 0; 1700.1058; 170; 260.4; 
567; 0; 1708.6565; 170; 260.6; 
567; 0; 1715.773; 170; 260.8; 
567; 0; 1722.8855; 170; 261; 
567; 0; 1728.569; 170; 261.2; 
567; 0; 1734.1435; 170; 261.4; 
567; 0; 1736.7768; 170; 261.6; 
567; 0; 1739.4155; 170; 261.8; 
567; 0; 1740.7336; 170; 262; 
567; 0; 1740.7313; 170; 262.2; 
567; 0; 1740.735; 170; 262.4; 
567; 0; 1742.0707; 170; 262.6; 
567; 0; 1742.0828; 170; 262.8; 
567; 0; 1743.4235; 170; 263; 
567; 0; 1744.7642; 170; 263.2; 
567; 0; 1746.1034; 170; 263.4; 
567; 0; 1748.7672; 170; 263.6; 
567; 0; 1750.1006; 170; 263.8; 
567; 0; 1754.0844; 170; 264; 
567; 0; 1756.7378; 170; 264.2; 
567; 0; 1759.3883; 170; 264.4; 
567; 0; 1762.0367; 170; 264.6; 
567; 0; 1763.3568; 170; 264.8; 
567; 0; 1764.6766; 170; 265; 
567; 0; 1767.3239; 170; 265.2; 
567; 0; 1767.3184; 170; 265.4; 
567; 0; 1768.6414; 170; 265.6; 
567; 0; 1768.6395; 170; 265.8; 
567; 0; 1768.6394; 170; 266; 
567; 0; 1768.6412; 170; 266.2; 
567; 0; 1768.6443; 170; 266.4; 
567; 0; 1768.6483; 170; 266.6; 
567; 0; 1769.9797; 170; 266.8; 
567; 0; 1769.984; 170; 267; 
567; 0; 1769.9877; 170; 267.2; 
567; 0; 1771.3176; 170; 267.4; 
567; 0; 1771.3195; 170; 267.6; 
567; 0; 1772.6472; 170; 267.8; 
567; 0; 1773.9735; 170; 268; 
567; 0; 1775.2978; 170; 268.2; 
567; 0; 1776.619; 170; 268.4; 
567; 0; 1776.6096; 170; 268.6; 
567; 0; 1777.9236; 170; 268.8; 
567; 0; 1777.9078; 170; 269; 
567; 0; 1776.5637; 170; 269.2; 
567; 0; 1775.2199; 170; 269.4; 
567; 0; 1773.8783; 170; 269.6; 
567; 0; 1769.8865; 170; 269.8; 
567; 0; 1767.2263; 170; 270; 
567; 0; 1763.244; 170; 270.2; 
567; 0; 1759.2664; 170; 270.4; 
567; 0; 1755.2926; 170; 270.6; 
567; 0; 1749.9945; 170; 270.8; 
567; 0; 1746.0244; 170; 271; 
567; 0; 1743.381; 170; 271.2; 
567; 0; 1739.4093; 170; 271.4; 
567; 0; 1736.7622; 170; 271.6; 
567; 0; 1734.1125; 170; 271.8; 
567; 0; 1731.3669; 170; 272; 
567; 0; 1728.5106; 170; 272.2; 
567; 0; 1727.0802; 170; 272.4; 
567; 0; 1724.2209; 170; 272.6; 
567; 0; 1721.361; 170; 272.8; 
567; 0; 1718.5014; 170; 273; 
567; 0; 1717.0703; 170; 273.2; 
567; 0; 1714.2125; 170; 273.4; 
567; 0; 1711.3559; 170; 273.6; 
567; 0; 1708.5005; 170; 273.8; 
567; 0; 1705.6462; 170; 274; 
567; 0; 1702.7926; 170; 274.2; 
567; 0; 1699.9393; 170; 274.4; 
567; 0; 1698.522; 170; 274.6; 
567; 0; 1695.7599; 170; 274.8; 
567; 0; 1694.3796; 170; 275; 
567; 0; 1691.6165; 170; 275.2; 
567; 0; 1690.235; 170; 275.4; 
567; 0; 1688.8528; 170; 275.6; 
567; 0; 1687.4702; 170; 275.8; 
567; 0; 1686.0873; 170; 276; 
567; 0; 1684.7043; 170; 276.2; 
567; 0; 1683.3215; 170; 276.4; 
567; 0; 1681.939; 170; 276.6; 
567; 0; 1680.5567; 170; 276.8; 
567; 0; 1679.1747; 170; 277; 
567; 0; 1677.793; 170; 277.2; 
567; 0; 1676.4115; 170; 277.4; 
567; 0; 1675.0302; 170; 277.6; 
567; 0; 1673.649; 170; 277.8; 
567; 0; 1672.2675; 170; 278; 
567; 0; 1670.886; 170; 278.2; 
567; 0; 1670.8864; 170; 278.4; 
567; 0; 1669.5046; 170; 278.6; 
567; 0; 1668.1226; 170; 278.8; 
567; 0; 1668.1226; 170; 279; 
567; 0; 1666.7406; 170; 279.2; 
567; 0; 1665.3585; 170; 279.4; 
567; 0; 1665.3588; 170; 279.6; 
567; 0; 1663.9769; 170; 279.8; 
567; 0; 1663.9772; 170; 280; 
567; 0; 1662.5954; 170; 280.2; 
567; 0; 1662.5958; 170; 280.4; 
567; 0; 1661.2141; 170; 280.6; 
567; 0; 1661.2145; 170; 280.8; 
567; 0; 1661.2149; 170; 281; 
567; 0; 1659.833; 170; 281.2; 
567; 0; 1659.8334; 170; 281.4; 
567; 0; 1658.4517; 170; 281.6; 
567; 0; 1658.4521; 170; 281.8; 
567; 0; 1658.4524; 170; 282; 
567; 0; 1658.4527; 170; 282.2; 
567; 0; 1657.071; 170; 282.4; 
567; 0; 1657.0714; 170; 282.6; 
567; 0; 1657.0718; 170; 282.8; 
567; 0; 1657.0724; 170; 283; 
567; 0; 1655.6908; 170; 283.2; 
567; 0; 1655.6914; 170; 283.4; 
567; 0; 1655.6919; 170; 283.6; 
567; 0; 1655.6923; 170; 283.8; 
567; 0; 1655.6926; 170; 284; 
567; 0; 1654.3108; 170; 284.2; 
567; 0; 1654.3111; 170; 284.4; 
567; 0; 1654.3114; 170; 284.6; 
567; 0; 1654.3118; 170; 284.8; 
567; 0; 1654.3121; 170; 285; 
567; 0; 1654.3126; 170; 285.2; 
567; 0; 1654.313; 170; 285.4; 
567; 0; 1654.3134; 170; 285.6; 
567; 0; 1654.3138; 170; 285.8; 
567; 0; 1654.3143; 170; 286; 
567; 0; 1652.9326; 170; 286.2; 
567; 0; 1652.9331; 170; 286.4; 
567; 0; 1652.9336; 170; 286.6; 
567; 0; 1652.9341; 170; 286.8; 
567; 0; 1652.9345; 170; 287; 
567; 0; 1652.935; 170; 287.2; 
567; 0; 1652.9355; 170; 287.4; 
567; 0; 1652.936; 170; 287.6; 
567; 0; 1652.9364; 170; 287.8; 
567; 0; 1652.9369; 170; 288; 
567; 0; 1652.9374; 170; 288.2; 
567; 0; 1654.3202; 170; 288.4; 
567; 0; 1654.3212; 170; 288.6; 
567; 0; 1654.3227; 170; 288.8; 
567; 0; 1654.3249; 170; 289; 
567; 0; 1654.3274; 170; 289.2; 
567; 0; 1654.33; 170; 289.4; 
567; 0; 1654.3324; 170; 289.6; 
567; 0; 1654.3341; 170; 289.8; 
567; 0; 1655.7169; 170; 290; 
567; 0; 1655.7165; 170; 290.2; 
567; 0; 1655.7153; 170; 290.4; 
567; 0; 1655.7135; 170; 290.6; 
567; 0; 1657.0935; 170; 290.8; 
567; 0; 1657.0915; 170; 291; 
567; 0; 1657.0897; 170; 291.2; 
567; 0; 1657.0884; 170; 291.4; 
567; 0; 1657.0877; 170; 291.6; 
567; 0; 1657.0876; 170; 291.8; 
567; 0; 1657.0881; 170; 292; 
567; 0; 1657.0891; 170; 292.2; 
567; 0; 1657.0902; 170; 292.4; 
567; 0; 1657.0916; 170; 292.6; 
567; 0; 1655.7108; 170; 292.8; 
567; 0; 1655.712; 170; 293; 
567; 0; 1655.7131; 170; 293.2; 
567; 0; 1655.7141; 170; 293.4; 
567; 0; 1655.7149; 170; 293.6; 
567; 0; 1655.7155; 170; 293.8; 
567; 0; 1655.716; 170; 294; 
567; 0; 1655.7164; 170; 294.2; 
567; 0; 1655.7168; 170; 294.4; 
567; 0; 1655.7171; 170; 294.6; 
567; 0; 1655.7175; 170; 294.8; 
567; 0; 1655.718; 170; 295; 
567; 0; 1655.7185; 170; 295.2; 
567; 0; 1655.7189; 170; 295.4; 
567; 0; 1655.7192; 170; 295.6; 
567; 0; 1655.7195; 170; 295.8; 
567; 0; 1655.72; 170; 296; 
567; 0; 1655.7206; 170; 296.2; 
567; 0; 1655.7212; 170; 296.4; 
567; 0; 1655.7218; 170; 296.6; 
567; 0; 1655.7223; 170; 296.8; 
567; 0; 1655.7227; 170; 297; 
567; 0; 1655.7232; 170; 297.2; 
567; 0; 1655.7236; 170; 297.4; 
567; 0; 1655.724; 170; 297.6; 
567; 0; 1655.7244; 170; 297.8; 
567; 0; 1655.7247; 170; 298; 
567; 0; 1657.1076; 170; 298.2; 
567; 0; 1657.1099; 170; 298.4; 
567; 0; 1657.1148; 170; 298.6; 
567; 0; 1658.5056; 170; 298.8; 
567; 0; 1658.5192; 170; 299; 
567; 0; 1658.5388; 170; 299.2; 
567; 0; 1658.5647; 170; 299.4; 
567; 0; 1659.9773; 170; 299.6; 
567; 0; 1661.3917; 170; 299.8; 
567; 0; 1665.5686; 170; 300; 
567; 0; 1669.7402; 170; 300.2; 
567; 0; 1676.668; 170; 300.4; 
567; 0; 1684.9681; 170; 300.6; 
567; 0; 1693.2578; 170; 300.8; 
567; 0; 1701.6063; 170; 301; 
567; 0; 1710.1536; 170; 301.2; 
567; 0; 1717.2679; 170; 301.4; 
567; 0; 1722.9521; 170; 301.6; 
567; 0; 1728.6366; 170; 301.8; 
567; 0; 1731.4686; 170; 302; 
567; 0; 1734.1913; 170; 302.2; 
567; 0; 1736.8339; 170; 302.4; 
567; 0; 1736.829; 170; 302.6; 
567; 0; 1738.1573; 170; 302.8; 
567; 0; 1738.1639; 170; 303; 
567; 0; 1738.1745; 170; 303.2; 
567; 0; 1739.5143; 170; 303.4; 
567; 0; 1740.8548; 170; 303.6; 
567; 0; 1742.1944; 170; 303.8; 
567; 0; 1743.5318; 170; 304; 
567; 0; 1746.1932; 170; 304.2; 
567; 0; 1748.851; 170; 304.4; 
567; 0; 1752.8324; 170; 304.6; 
567; 0; 1755.4837; 170; 304.8; 
567; 0; 1758.1326; 170; 305; 
567; 0; 1759.453; 170; 305.2; 
567; 0; 1762.0997; 170; 305.4; 
567; 0; 1763.4197; 170; 305.6; 
567; 0; 1764.7408; 170; 305.8; 
567; 0; 1764.7364; 170; 306; 
567; 0; 1764.734; 170; 306.2; 
567; 0; 1766.0604; 170; 306.4; 
567; 0; 1766.0617; 170; 306.6; 
567; 0; 1766.0645; 170; 306.8; 
567; 0; 1766.0682; 170; 307; 
567; 0; 1766.0726; 170; 307.2; 
567; 0; 1766.0769; 170; 307.4; 
567; 0; 1767.4077; 170; 307.6; 
567; 0; 1767.4107; 170; 307.8; 
567; 0; 1768.7396; 170; 308; 
567; 0; 1770.0674; 170; 308.2; 
567; 0; 1770.0673; 170; 308.4; 
567; 0; 1771.3932; 170; 308.6; 
567; 0; 1771.3916; 170; 308.8; 
567; 0; 1772.7165; 170; 309; 
567; 0; 1772.7144; 170; 309.2; 
567; 0; 1772.7124; 170; 309.4; 
567; 0; 1772.7109; 170; 309.6; 
567; 0; 1772.71; 170; 309.8; 
567; 0; 1772.7097; 170; 310; 
567; 0; 1772.7099; 170; 310.2; 
567; 0; 1772.7107; 170; 310.4; 
567; 0; 1772.7119; 170; 310.6; 
567; 0; 1772.7134; 170; 310.8; 
567; 0; 1772.7151; 170; 311; 
567; 0; 1772.7167; 170; 311.2; 
567; 0; 1772.718; 170; 311.4; 
567; 0; 1772.719; 170; 311.6; 
567; 0; 1774.0465; 170; 311.8; 
567; 0; 1774.0467; 170; 312; 
567; 0; 1774.0466; 170; 312.2; 
567; 0; 1774.0462; 170; 312.4; 
567; 0; 1774.0457; 170; 312.6; 
567; 0; 1774.0451; 170; 312.8; 
567; 0; 1774.0445; 170; 313; 
567; 0; 1774.0441; 170; 313.2; 
567; 0; 1774.0438; 170; 313.4; 
567; 0; 1774.0434; 170; 313.6; 
567; 0; 1774.042; 170; 313.8; 
567; 0; 1775.3652; 170; 314; 
567; 0; 1775.358; 170; 314.2; 
567; 0; 1775.347; 170; 314.4; 
567; 0; 1775.3324; 170; 314.6; 
567; 0; 1773.9886; 170; 314.8; 
567; 0; 1772.6445; 170; 315; 
567; 0; 1769.975; 170; 315.2; 
567; 0; 1765.9818; 170; 315.4; 
567; 0; 1763.32; 170; 315.6; 
567; 0; 1759.3362; 170; 315.8; 
567; 0; 1754.0302; 170; 316; 
567; 0; 1750.0551; 170; 316.2; 
567; 0; 1746.0828; 170; 316.4; 
567; 0; 1740.7851; 170; 316.6; 
567; 0; 1736.8144; 170; 316.8; 
567; 0; 1732.8427; 170; 317; 
567; 0; 1730.0066; 170; 317.2; 
567; 0; 1727.1562; 170; 317.4; 
567; 0; 1722.8754; 170; 317.6; 
567; 0; 1720.0199; 170; 317.8; 
567; 0; 1717.1625; 170; 318; 
567; 0; 1714.3041; 170; 318.2; 
567; 0; 1712.873; 170; 318.4; 
567; 0; 1710.0144; 170; 318.6; 
567; 0; 1707.1562; 170; 318.8; 
567; 0; 1704.2989; 170; 319; 
567; 0; 1701.4426; 170; 319.2; 
567; 0; 1698.5999; 170; 319.4; 
567; 0; 1695.8365; 170; 319.6; 
567; 0; 1693.0738; 170; 319.8; 
567; 0; 1690.3113; 170; 320; 
567; 0; 1688.931; 170; 320.2; 
567; 0; 1686.1686; 170; 320.4; 
567; 0; 1684.7881; 170; 320.6; 
567; 0; 1683.4071; 170; 320.8; 
567; 0; 1680.6435; 170; 321; 
567; 0; 1679.2616; 170; 321.2; 
567; 0; 1677.8794; 170; 321.4; 
567; 0; 1676.4971; 170; 321.6; 
567; 0; 1675.1147; 170; 321.8; 
567; 0; 1673.7321; 170; 322; 
567; 0; 1672.3497; 170; 322.2; 
567; 0; 1670.9673; 170; 322.4; 
567; 0; 1669.5851; 170; 322.6; 
567; 0; 1668.2031; 170; 322.8; 
567; 0; 1666.8213; 170; 323; 
567; 0; 1665.4396; 170; 323.2; 
567; 0; 1664.058; 170; 323.4; 
567; 0; 1664.0585; 170; 323.6; 
567; 0; 1662.6767; 170; 323.8; 
567; 0; 1661.2949; 170; 324; 
567; 0; 1661.2953; 170; 324.2; 
567; 0; 1659.9135; 170; 324.4; 
567; 0; 1659.9138; 170; 324.6; 
567; 0; 1658.5319; 170; 324.8; 
567; 0; 1658.5323; 170; 325; 
567; 0; 1657.1504; 170; 325.2; 
567; 0; 1657.1506; 170; 325.4; 
567; 0; 1655.7688; 170; 325.6; 
567; 0; 1655.7691; 170; 325.8; 
567; 0; 1655.7694; 170; 326; 
567; 0; 1654.3875; 170; 326.2; 
567; 0; 1654.3879; 170; 326.4; 
567; 0; 1654.3882; 170; 326.6; 
567; 0; 1653.0063; 170; 326.8; 
567; 0; 1653.0065; 170; 327; 
567; 0; 1653.0067; 170; 327.2; 
567; 0; 1653.007; 170; 327.4; 
567; 0; 1651.6252; 170; 327.6; 
567; 0; 1651.6255; 170; 327.8; 
567; 0; 1651.626; 170; 328; 
567; 0; 1651.6264; 170; 328.2; 
567; 0; 1651.6268; 170; 328.4; 
567; 0; 1651.6272; 170; 328.6; 
567; 0; 1650.2454; 170; 328.8; 
567; 0; 1650.2457; 170; 329; 
567; 0; 1650.246; 170; 329.2; 
567; 0; 1650.2463; 170; 329.4; 
567; 0; 1650.2467; 170; 329.6; 
567; 0; 1650.2472; 170; 329.8; 
567; 0; 1650.2476; 170; 330; 
567; 0; 1650.2482; 170; 330.2; 
567; 0; 1650.2487; 170; 330.4; 
567; 0; 1650.2492; 170; 330.6; 
567; 0; 1650.2496; 170; 330.8; 
567; 0; 1650.2499; 170; 331; 
567; 0; 1648.868; 170; 331.2; 
567; 0; 1648.8683; 170; 331.4; 
567; 0; 1648.8685; 170; 331.6; 
567; 0; 1648.8687; 170; 331.8; 
567; 0; 1648.869; 170; 332; 
567; 0; 1648.8694; 170; 332.2; 
567; 0; 1648.8698; 170; 332.4; 
567; 0; 1648.8703; 170; 332.6; 
567; 0; 1648.8707; 170; 332.8; 
567; 0; 1648.871; 170; 333; 
567; 0; 1648.8712; 170; 333.2; 
567; 0; 1648.8715; 170; 333.4; 
567; 0; 1650.2539; 170; 333.6; 
567; 0; 1650.2542; 170; 333.8; 
567; 0; 1650.2546; 170; 334; 
567; 0; 1650.2552; 170; 334.2; 
567; 0; 1650.2558; 170; 334.4; 
567; 0; 1650.2563; 170; 334.6; 
567; 0; 1650.2567; 170; 334.8; 
567; 0; 1650.2571; 170; 335; 
567; 0; 1650.2573; 170; 335.2; 
567; 0; 1650.2576; 170; 335.4; 
567; 0; 1650.2579; 170; 335.6; 
567; 0; 1650.2582; 170; 335.8; 
567; 0; 1650.2586; 170; 336; 
567; 0; 1650.259; 170; 336.2; 
567; 0; 1650.2594; 170; 336.4; 
567; 0; 1650.2598; 170; 336.6; 
567; 0; 1650.2602; 170; 336.8; 
567; 0; 1650.2606; 170; 337; 
567; 0; 1650.261; 170; 337.2; 
567; 0; 1650.2614; 170; 337.4; 
567; 0; 1650.2617; 170; 337.6; 
567; 0; 1650.2621; 170; 337.8; 
567; 0; 1650.2624; 170; 338; 
567; 0; 1650.2628; 170; 338.2; 
567; 0; 1650.2632; 170; 338.4; 
567; 0; 1650.2635; 170; 338.6; 
567; 0; 1651.6459; 170; 338.8; 
567; 0; 1651.6461; 170; 339; 
567; 0; 1651.6463; 170; 339.2; 
567; 0; 1651.6466; 170; 339.4; 
567; 0; 1651.6469; 170; 339.6; 
567; 0; 1651.6473; 170; 339.8; 
567; 0; 1651.6476; 170; 340; 
567; 0; 1651.6479; 170; 340.2; 
567; 0; 1651.6483; 170; 340.4; 
567; 0; 1651.6487; 170; 340.6; 
567; 0; 1651.6492; 170; 340.8; 
567; 0; 1651.6497; 170; 341; 
567; 0; 1651.6502; 170; 341.2; 
567; 0; 1651.6506; 170; 341.4; 
567; 0; 1651.651; 170; 341.6; 
567; 0; 1651.6513; 170; 341.8; 
567; 0; 1651.6517; 170; 342; 
567; 0; 1651.6521; 170; 342.2; 
567; 0; 1653.0346; 170; 342.4; 
567; 0; 1653.0349; 170; 342.6; 
567; 0; 1653.0352; 170; 342.8; 
567; 0; 1653.0355; 170; 343; 
567; 0; 1653.0359; 170; 343.2; 
567; 0; 1654.4184; 170; 343.4; 
567; 0; 1654.4187; 170; 343.6; 
567; 0; 1655.8015; 170; 343.8; 
567; 0; 1655.8033; 170; 344; 
567; 0; 1657.1894; 170; 344.2; 
567; 0; 1657.1961; 170; 344.4; 
567; 0; 1658.5891; 170; 344.6; 
567; 0; 1658.6051; 170; 344.8; 
567; 0; 1658.6275; 170; 345; 
567; 0; 1658.6556; 170; 345.2; 
567; 0; 1660.0693; 170; 345.4; 
567; 0; 1662.8651; 170; 345.6; 
567; 0; 1667.0396; 170; 345.8; 
567; 0; 1672.5896; 170; 346; 
567; 0; 1679.5126; 170; 346.2; 
567; 0; 1687.8075; 170; 346.4; 
567; 0; 1696.0923; 170; 346.6; 
567; 0; 1704.5239; 170; 346.8; 
567; 0; 1713.0681; 170; 347; 
567; 0; 1718.753; 170; 347.2; 
567; 0; 1724.437; 170; 347.4; 
567; 0; 1728.6949; 170; 347.6; 
567; 0; 1731.5292; 170; 347.8; 
567; 0; 1734.2506; 170; 348; 
567; 0; 1735.5697; 170; 348.2; 
567; 0; 1735.5683; 170; 348.4; 
567; 0; 1736.8997; 170; 348.6; 
567; 0; 1736.9087; 170; 348.8; 
567; 0; 1736.9207; 170; 349; 
567; 0; 1738.261; 170; 349.2; 
567; 0; 1739.6009; 170; 349.4; 
567; 0; 1740.9391; 170; 349.6; 
567; 0; 1743.6014; 170; 349.8; 
567; 0; 1746.2604; 170; 350; 
567; 0; 1748.9159; 170; 350.2; 
567; 0; 1751.5682; 170; 350.4; 
567; 0; 1754.2178; 170; 350.6; 
567; 0; 1756.8655; 170; 350.8; 
567; 0; 1758.1854; 170; 351; 
567; 0; 1759.5053; 170; 351.2; 
567; 0; 1760.8259; 170; 351.4; 
567; 0; 1762.1474; 170; 351.6; 
567; 0; 1762.1425; 170; 351.8; 
567; 0; 1763.4644; 170; 352; 
567; 0; 1763.4589; 170; 352.2; 
567; 0; 1763.4527; 170; 352.4; 
567; 0; 1763.4458; 170; 352.6; 
567; 0; 1762.1114; 170; 352.8; 
567; 0; 1762.104; 170; 353; 
567; 0; 1760.7702; 170; 353.2; 
567; 0; 1758.1106; 170; 353.4; 
567; 0; 1756.7797; 170; 353.6; 
567; 0; 1754.1236; 170; 353.8; 
567; 0; 1751.4695; 170; 354; 
567; 0; 1748.8172; 170; 354.2; 
567; 0; 1744.8394; 170; 354.4; 
567; 0; 1742.1894; 170; 354.6; 
567; 0; 1739.5399; 170; 354.8; 
567; 0; 1736.8901; 170; 355; 
567; 0; 1734.2398; 170; 355.2; 
567; 0; 1732.9153; 170; 355.4; 
567; 0; 1730.0785; 170; 355.6; 
567; 0; 1727.2231; 170; 355.8; 
567; 0; 1725.7945; 170; 356; 
567; 0; 1722.9372; 170; 356.2; 
567; 0; 1721.5073; 170; 356.4; 
567; 0; 1718.6494; 170; 356.6; 
567; 0; 1715.7916; 170; 356.8; 
567; 0; 1714.362; 170; 357; 
567; 0; 1711.5052; 170; 357.2; 
567; 0; 1708.6491; 170; 357.4; 
567; 0; 1707.2213; 170; 357.6; 
567; 0; 1704.3662; 170; 357.8; 
567; 0; 1702.9391; 170; 358; 
567; 0; 1700.0845; 170; 358.2; 
567; 0; 1698.6747; 170; 358.4; 
567; 0; 1695.9112; 170; 358.6; 
567; 0; 1694.5297; 170; 358.8; 
567; 0; 1693.1478; 170; 359; 
567; 0; 1691.7657; 170; 359.2; 
567; 0; 1689.0011; 170; 359.4; 
567; 0; 1687.6185; 170; 359.6; 
567; 0; 1686.2358; 170; 359.8; 
567; 0; 1684.8532; 170; 360; 
567; 0; 1683.4706; 170; 360.2; 
567; 0; 1682.0881; 170; 360.4; 
567; 0; 1680.7056; 170; 360.6; 
567; 0; 1679.3234; 170; 360.8; 
567; 0; 1677.9412; 170; 361; 
567; 0; 1676.5591; 170; 361.2; 
567; 0; 1675.1771; 170; 361.4; 
567; 0; 1675.1774; 170; 361.6; 
567; 0; 1673.7955; 170; 361.8; 
567; 0; 1672.4135; 170; 362; 
567; 0; 1671.0315; 170; 362.2; 
567; 0; 1669.6495; 170; 362.4; 
567; 0; 1669.6497; 170; 362.6; 
567; 0; 1668.2677; 170; 362.8; 
567; 0; 1668.2678; 170; 363; 
567; 0; 1666.8856; 170; 363.2; 
567; 0; 1665.5035; 170; 363.4; 
567; 0; 1665.5034; 170; 363.6; 
567; 0; 1664.1212; 170; 363.8; 
567; 0; 1664.1212; 170; 364; 
567; 0; 1662.7391; 170; 364.2; 
567; 0; 1662.7393; 170; 364.4; 
567; 0; 1661.3575; 170; 364.6; 
567; 0; 1661.3578; 170; 364.8; 
567; 0; 1659.976; 170; 365; 
567; 0; 1659.9762; 170; 365.2; 
567; 0; 1659.9763; 170; 365.4; 
567; 0; 1658.5942; 170; 365.6; 
567; 0; 1658.5942; 170; 365.8; 
567; 0; 1658.5942; 170; 366; 
567; 0; 1657.2121; 170; 366.2; 
567; 0; 1657.2122; 170; 366.4; 
567; 0; 1657.2124; 170; 366.6; 
567; 0; 1655.8305; 170; 366.8; 
567; 0; 1655.8307; 170; 367; 
567; 0; 1655.8309; 170; 367.2; 
567; 0; 1655.8312; 170; 367.4; 
567; 0; 1654.4495; 170; 367.6; 
567; 0; 1654.4501; 170; 367.8; 
567; 0; 1654.4505; 170; 368; 
567; 0; 1654.4508; 170; 368.2; 
567; 0; 1653.0688; 170; 368.4; 
567; 0; 1653.0689; 170; 368.6; 
567; 0; 1653.0692; 170; 368.8; 
567; 0; 1653.0694; 170; 369; 
567; 0; 1653.0697; 170; 369.2; 
567; 0; 1653.0699; 170; 369.4; 
567; 0; 1653.0701; 170; 369.6; 
567; 0; 1651.6881; 170; 369.8; 
567; 0; 1651.6883; 170; 370; 
567; 0; 1651.6886; 170; 370.2; 
567; 0; 1651.689; 170; 370.4; 
567; 0; 1651.6894; 170; 370.6; 
567; 0; 1651.6897; 170; 370.8; 
567; 0; 1651.69; 170; 371; 
567; 0; 1651.6903; 170; 371.2; 
567; 0; 1651.6905; 170; 371.4; 
567; 0; 1651.6907; 170; 371.6; 
567; 0; 1651.691; 170; 371.8; 
567; 0; 1651.6913; 170; 372; 
567; 0; 1651.6915; 170; 372.2; 
567; 0; 1651.6917; 170; 372.4; 
567; 0; 1650.3098; 170; 372.6; 
567; 0; 1650.31; 170; 372.8; 
567; 0; 1650.3102; 170; 373; 
567; 0; 1650.3106; 170; 373.2; 
567; 0; 1650.3111; 170; 373.4; 
567; 0; 1650.3116; 170; 373.6; 
567; 0; 1650.3121; 170; 373.8; 
567; 0; 1650.3125; 170; 374; 
567; 0; 1650.3128; 170; 374.2; 
567; 0; 1650.313; 170; 374.4; 
567; 0; 1650.3131; 170; 374.6; 
567; 0; 1650.3132; 170; 374.8; 
567; 0; 1650.3134; 170; 375; 
567; 0; 1650.3138; 170; 375.2; 
567; 0; 1650.3141; 170; 375.4; 
567; 0; 1650.3143; 170; 375.6; 
567; 0; 1650.3145; 170; 375.8; 
567; 0; 1650.3148; 170; 376; 
567; 0; 1650.3151; 170; 376.2; 
567; 0; 1650.3154; 170; 376.4; 
567; 0; 1650.3158; 170; 376.6; 
567; 0; 1650.3162; 170; 376.8; 
567; 0; 1650.3164; 170; 377; 
567; 0; 1651.6988; 170; 377.2; 
567; 0; 1651.699; 170; 377.4; 
567; 0; 1651.6991; 170; 377.6; 
567; 0; 1651.6994; 170; 377.8; 
567; 0; 1651.6998; 170; 378; 
567; 0; 1651.7002; 170; 378.2; 
567; 0; 1651.7006; 170; 378.4; 
567; 0; 1651.701; 170; 378.6; 
567; 0; 1651.7012; 170; 378.8; 
567; 0; 1653.0835; 170; 379; 
567; 0; 1653.0836; 170; 379.2; 
567; 0; 1653.0838; 170; 379.4; 
567; 0; 1653.0839; 170; 379.6; 
567; 0; 1653.0842; 170; 379.8; 
567; 0; 1653.0846; 170; 380; 
567; 0; 1653.085; 170; 380.2; 
567; 0; 1654.4678; 170; 380.4; 
567; 0; 1654.4684; 170; 380.6; 
567; 0; 1654.4689; 170; 380.8; 
567; 0; 1654.4692; 170; 381; 
567; 0; 1654.4695; 170; 381.2; 
567; 0; 1654.4698; 170; 381.4; 
567; 0; 1654.4699; 170; 381.6; 
567; 0; 1655.8521; 170; 381.8; 
567; 0; 1655.8523; 170; 382; 
567; 0; 1655.8526; 170; 382.2; 
567; 0; 1655.8528; 170; 382.4; 
567; 0; 1655.8531; 170; 382.6; 
567; 0; 1655.8534; 170; 382.8; 
567; 0; 1655.8536; 170; 383; 
567; 0; 1655.8539; 170; 383.2; 
567; 0; 1655.8541; 170; 383.4; 
567; 0; 1655.8544; 170; 383.6; 
567; 0; 1655.8547; 170; 383.8; 
567; 0; 1655.8549; 170; 384; 
567; 0; 1655.8551; 170; 384.2; 
567; 0; 1655.8554; 170; 384.4; 
567; 0; 1655.8558; 170; 384.6; 
567; 0; 1655.8562; 170; 384.8; 
567; 0; 1655.8565; 170; 385; 
567; 0; 1655.8569; 170; 385.2; 
567; 0; 1655.8571; 170; 385.4; 
567; 0; 1657.2395; 170; 385.6; 
567; 0; 1657.2396; 170; 385.8; 
567; 0; 1657.2398; 170; 386; 
567; 0; 1657.24; 170; 386.2; 
567; 0; 1657.2402; 170; 386.4; 
567; 0; 1657.2404; 170; 386.6; 
567; 0; 1657.2408; 170; 386.8; 
567; 0; 1657.2411; 170; 387; 
567; 0; 1657.2415; 170; 387.2; 
567; 0; 1657.2417; 170; 387.4; 
567; 0; 1657.2419; 170; 387.6; 
567; 0; 1657.2421; 170; 387.8; 
567; 0; 1657.2423; 170; 388; 
567; 0; 1657.2425; 170; 388.2; 
567; 0; 1657.2428; 170; 388.4; 
567; 0; 1657.243; 170; 388.6; 
567; 0; 1657.2433; 170; 388.8; 
567; 0; 1657.2435; 170; 389; 
567; 0; 1657.2437; 170; 389.2; 
567; 0; 1657.244; 170; 389.4; 
567; 0; 1657.2444; 170; 389.6; 
567; 0; 1657.2448; 170; 389.8; 
567; 0; 1655.863; 170; 390; 
567; 0; 1655.8634; 170; 390.2; 
567; 0; 1655.8637; 170; 390.4; 
567; 0; 1655.8639; 170; 390.6; 
567; 0; 1655.8642; 170; 390.8; 
567; 0; 1655.8646; 170; 391; 
567; 0; 1655.8649; 170; 391.2; 
567; 0; 1655.865; 170; 391.4; 
567; 0; 1655.8652; 170; 391.6; 
567; 0; 1655.8653; 170; 391.8; 
567; 0; 1657.2475; 170; 392; 
567; 0; 1657.2476; 170; 392.2; 
567; 0; 1657.2477; 170; 392.4; 
567; 0; 1657.2479; 170; 392.6; 
567; 0; 1657.2483; 170; 392.8; 
567; 0; 1657.2486; 170; 393; 
567; 0; 1657.2488; 170; 393.2; 
567; 0; 1657.249; 170; 393.4; 
567; 0; 1657.2492; 170; 393.6; 
567; 0; 1657.2494; 170; 393.8; 
567; 0; 1657.2498; 170; 394; 
567; 0; 1657.2501; 170; 394.2; 
567; 0; 1657.2505; 170; 394.4; 
567; 0; 1657.2508; 170; 394.6; 
567; 0; 1655.8688; 170; 394.8; 
567; 0; 1655.8691; 170; 395; 
567; 0; 1655.8693; 170; 395.2; 
567; 0; 1655.8694; 170; 395.4; 
567; 0; 1655.8695; 170; 395.6; 
567; 0; 1655.8697; 170; 395.8; 
567; 0; 1655.87; 170; 396; 
567; 0; 1655.8703; 170; 396.2; 
567; 0; 1655.8706; 170; 396.4; 
567; 0; 1655.8709; 170; 396.6; 
567; 0; 1655.8713; 170; 396.8; 
567; 0; 1655.8715; 170; 397; 
567; 0; 1655.8718; 170; 397.2; 
567; 0; 1655.872; 170; 397.4; 
567; 0; 1655.8723; 170; 397.6; 
567; 0; 1655.8726; 170; 397.8; 
567; 0; 1657.255; 170; 398; 
567; 0; 1657.2552; 170; 398.2; 
567; 0; 1657.2554; 170; 398.4; 
567; 0; 1657.2556; 170; 398.6; 
567; 0; 1657.2559; 170; 398.8; 
567; 0; 1657.2562; 170; 399; 
567; 0; 1657.2563; 170; 399.2; 
567; 0; 1657.2563; 170; 399.4; 
567; 0; 1657.2562; 170; 399.6; 
567; 0; 1657.2562; 170; 399.8; 
567; 0; 1657.2565; 170; 400; 
567; 0; 1657.2569; 170; 400.2; 
567; 0; 1655.8752; 170; 400.4; 
567; 0; 1655.8756; 170; 400.6; 
567; 0; 1655.876; 170; 400.8; 
567; 0; 1655.8763; 170; 401; 
567; 0; 1655.8765; 170; 401.2; 
567; 0; 1655.8768; 170; 401.4; 
567; 0; 1655.8772; 170; 401.6; 
567; 0; 1655.8776; 170; 401.8; 
567; 0; 1655.8779; 170; 402; 
567; 0; 1655.8782; 170; 402.2; 
567; 0; 1655.8783; 170; 402.4; 
567; 0; 1655.8785; 170; 402.6; 
567; 0; 1655.8787; 170; 402.8; 
567; 0; 1655.8788; 170; 403; 
567; 0; 1655.8789; 170; 403.2; 
567; 0; 1655.879; 170; 403.4; 
567; 0; 1655.8792; 170; 403.6; 
567; 0; 1655.8792; 170; 403.8; 
567; 0; 1655.8793; 170; 404; 
567; 0; 1655.8794; 170; 404.2; 
567; 0; 1655.8795; 170; 404.4; 
567; 0; 1655.8797; 170; 404.6; 
567; 0; 1655.8801; 170; 404.8; 
567; 0; 1655.8805; 170; 405; 
567; 0; 1655.8809; 170; 405.2; 
567; 0; 1655.8814; 170; 405.4; 
567; 0; 1655.8817; 170; 405.6; 
567; 0; 1655.8822; 170; 405.8; 
567; 0; 1655.8825; 170; 406; 
567; 0; 1657.2649; 170; 406.2; 
567; 0; 1657.265; 170; 406.4; 
567; 0; 1657.265; 170; 406.6; 
567; 0; 1657.2651; 170; 406.8; 
567; 0; 1657.2652; 170; 407; 
567; 0; 1657.2654; 170; 407.2; 
567; 0; 1657.2655; 170; 407.4; 
567; 0; 1657.2659; 170; 407.6; 
567; 0; 1655.8841; 170; 407.8; 
567; 0; 1655.8844; 170; 408; 
567; 0; 1655.8847; 170; 408.2; 
567; 0; 1655.885; 170; 408.4; 
567; 0; 1655.8853; 170; 408.6; 
567; 0; 1655.8856; 170; 408.8; 
567; 0; 1655.8858; 170; 409; 
567; 0; 1655.8859; 170; 409.2; 
567; 0; 1655.8861; 170; 409.4; 
567; 0; 1655.8862; 170; 409.6; 
567; 0; 1655.8864; 170; 409.8; 
567; 0; 1655.8865; 170; 410; 
567; 0; 1655.8867; 170; 410.2; 
567; 0; 1655.887; 170; 410.4; 
567; 0; 1655.8872; 170; 410.6; 
567; 0; 1655.8874; 170; 410.8; 
567; 0; 1655.8876; 170; 411; 
567; 0; 1642.066; 170; 411.2; 
567; 0; 1353.9142; 170; 411.4; 
567; 0; 1039.1653; 170; 411.6; 
567; 0; 1006.244; 170; 411.8; 
567; 0; 1006.2443; 170; 412; 
567; 0; 1006.2448; 170; 412.2; 
567; 0; 1006.2453; 170; 412.4; 
567; 0; 1006.2459; 170; 412.6; 
567; 0; 1006.2465; 170; 412.8; 
567; 0; 1006.2471; 170; 413; 
567; 0; 1006.2478; 170; 413.2; 
567; 0; 1006.2487; 170; 413.4; 
567; 0; 1006.2499; 170; 413.6; 
567; 0; 1006.2512; 170; 413.8; 
567; 0; 1006.2526; 170; 414; 
567; 0; 1006.2541; 170; 414.2; 
567; 0; 1006.2556; 170; 414.4; 
567; 0; 1006.2572; 170; 414.6; 
567; 0; 1006.2589; 170; 414.8; 
567; 0; 1006.2606; 170; 415; 
567; 0; 1006.2625; 170; 415.2; 
567; 0; 1006.2645; 170; 415.4; 
567; 0; 1006.2667; 170; 415.6; 
567; 0; 1006.269; 170; 415.8; 
567; 0; 1006.2714; 170; 416; 
567; 0; 998.5468; 170; 416.2; 
567; 0; 998.5493; 170; 416.4; 
567; 0; 998.552; 170; 416.6; 
567; 0; 998.5546; 170; 416.8; 
567; 0; 998.5573; 170; 417; 
567; 0; 998.5601; 170; 417.2; 
567; 0; 998.5628; 170; 417.4; 
567; 0; 998.5652; 170; 417.6; 
567; 0; 998.5675; 170; 417.8; 
567; 0; 998.5698; 170; 418; 
567; 0; 998.5722; 170; 418.2; 
567; 0; 998.5746; 170; 418.4; 
567; 0; 998.5771; 170; 418.6; 
567; 0; 998.5795; 170; 418.8; 
567; 0; 998.582; 170; 419; 
567; 0; 998.5846; 170; 419.2; 
567; 0; 998.5871; 170; 419.4; 
567; 0; 998.5896; 170; 419.6; 
567; 0; 998.5922; 170; 419.8; 
567; 0; 998.5949; 170; 420; 
567; 0; 998.5975; 170; 420.2; 
567; 0; 991.1589; 170; 420.4; 
567; 0; 991.1613; 170; 420.6; 
567; 0; 991.1636; 170; 420.8; 
567; 0; 991.166; 170; 421; 
567; 0; 991.1683; 170; 421.2; 
567; 0; 991.1705; 170; 421.4; 
567; 0; 991.1726; 170; 421.6; 
567; 0; 991.1747; 170; 421.8; 
567; 0; 991.1769; 170; 422; 
567; 0; 991.1792; 170; 422.2; 
567; 0; 991.1814; 170; 422.4; 
567; 0; 991.1836; 170; 422.6; 
567; 0; 991.186; 170; 422.8; 
567; 0; 991.1886; 170; 423; 
567; 0; 991.1911; 170; 423.2; 
567; 0; 991.1935; 170; 423.4; 
567; 0; 991.1958; 170; 423.6; 
567; 0; 991.198; 170; 423.8; 
567; 0; 991.2002; 170; 424; 
567; 0; 991.2023; 170; 424.2; 
567; 0; 991.2045; 170; 424.4; 
567; 0; 991.2067; 170; 424.6; 
567; 0; 991.2089; 170; 424.8; 
567; 0; 984.055; 170; 425; 
567; 0; 984.0573; 170; 425.2; 
567; 0; 984.0596; 170; 425.4; 
567; 0; 984.0619; 170; 425.6; 
567; 0; 984.0639; 170; 425.8; 
567; 0; 984.0659; 170; 426; 
567; 0; 984.0679; 170; 426.2; 
567; 0; 984.0699; 170; 426.4; 
567; 0; 984.0718; 170; 426.6; 
567; 0; 984.0736; 170; 426.8; 
567; 0; 984.0756; 170; 427; 
567; 0; 984.0778; 170; 427.2; 
567; 0; 984.0801; 170; 427.4; 
567; 0; 984.0823; 170; 427.6; 
567; 0; 984.0846; 170; 427.8; 
567; 0; 984.0867; 170; 428; 
567; 0; 984.0888; 170; 428.2; 
567; 0; 984.0908; 170; 428.4; 
567; 0; 984.0928; 170; 428.6; 
567; 0; 984.0946; 170; 428.8; 
567; 0; 984.0965; 170; 429; 
567; 0; 984.0984; 170; 429.2; 
567; 0; 984.1005; 170; 429.4; 
567; 0; 984.1025; 170; 429.6; 
567; 0; 984.1045; 170; 429.8; 
567; 0; 974.8566; 170; 430; 
567; 0; 974.8585; 170; 430.2; 
567; 0; 974.8604; 170; 430.4; 
567; 0; 974.8622; 170; 430.6; 
567; 0; 974.864; 170; 430.8; 
567; 0; 974.8658; 170; 431; 
567; 0; 974.8677; 170; 431.2; 
567; 0; 974.8695; 170; 431.4; 
567; 0; 974.8713; 170; 431.6; 
567; 0; 974.8732; 170; 431.8; 
567; 0; 974.875; 170; 432; 
567; 0; 974.8767; 170; 432.2; 
567; 0; 974.8785; 170; 432.4; 
567; 0; 974.8804; 170; 432.6; 
567; 0; 974.8823; 170; 432.8; 
567; 0; 974.8841; 170; 433; 
567; 0; 974.8859; 170; 433.2; 
567; 0; 974.8878; 170; 433.4; 
567; 0; 974.8896; 170; 433.6; 
567; 0; 974.8914; 170; 433.8; 
567; 0; 974.8931; 170; 434; 
567; 0; 974.8947; 170; 434.2; 
567; 0; 974.8963; 170; 434.4; 
567; 0; 974.8981; 170; 434.6; 
567; 0; 974.8999; 170; 434.8; 
567; 0; 974.9018; 170; 435; 
567; 0; 974.9037; 170; 435.2; 
567; 0; 974.9055; 170; 435.4; 
567; 0; 965.9908; 170; 435.6; 
567; 0; 965.9925; 170; 435.8; 
567; 0; 965.9943; 170; 436; 
567; 0; 965.9959; 170; 436.2; 
567; 0; 965.9974; 170; 436.4; 
567; 0; 967.6028; 170; 436.6; 
567; 0; 983.6442; 170; 436.8; 
567; 0; 1001.2894; 170; 437; 
567; 0; 1017.3308; 170; 437.2; 
567; 0; 1034.9764; 170; 437.4; 
567; 0; 1051.0181; 170; 437.6; 
567; 0; 1067.0597; 170; 437.8; 
567; 0; 1082.9226; 170; 438; 
567; 0; 1098.5069; 170; 438.2; 
567; 0; 1112.5328; 170; 438.4; 
567; 0; 1126.5586; 170; 438.6; 
567; 0; 1140.5844; 170; 438.8; 
567; 0; 1153.052; 170; 439; 
567; 0; 1165.5196; 170; 439.2; 
567; 0; 1177.9872; 170; 439.4; 
567; 0; 1188.8965; 170; 439.6; 
567; 0; 1199.8056; 170; 439.8; 
567; 0; 1209.1564; 170; 440; 
567; 0; 1218.5072; 170; 440.2; 
567; 0; 1227.8581; 170; 440.4; 
567; 0; 1237.2089; 170; 440.6; 
567; 0; 1245.0017; 170; 440.8; 
567; 0; 1252.7958; 170; 441; 
567; 0; 1260.2254; 170; 441.2; 
567; 0; 1267.1877; 170; 441.4; 
567; 0; 1273.144; 170; 441.6; 
567; 0; 1277.6475; 170; 441.8; 
567; 0; 1283.6534; 170; 442; 
567; 0; 1288.1706; 170; 442.2; 
567; 0; 1294.1888; 170; 442.4; 
567; 0; 1300.2091; 170; 442.6; 
567; 0; 1307.7235; 170; 442.8; 
567; 0; 1318.2241; 170; 443; 
567; 0; 1328.716; 170; 443.2; 
567; 0; 1342.1886; 170; 443.4; 
567; 0; 1355.6495; 170; 443.6; 
567; 0; 1359.1764; 170; 443.8; 
567; 0; 1372.5562; 170; 444; 
567; 0; 1384.4394; 170; 444.2; 
567; 0; 1394.829; 170; 444.4; 
567; 0; 1402.2393; 170; 444.6; 
567; 0; 1409.6514; 170; 444.8; 
567; 0; 1414.09; 170; 445; 
567; 0; 1417.0464; 170; 445.2; 
567; 0; 1420.0106; 170; 445.4; 
567; 0; 1421.4943; 170; 445.6; 
567; 0; 1421.4969; 170; 445.8; 
567; 0; 1422.9953; 170; 446; 
567; 0; 1423.0096; 170; 446.2; 
567; 0; 1424.5159; 170; 446.4; 
567; 0; 1426.023; 170; 446.6; 
567; 0; 1429.018; 170; 446.8; 
567; 0; 1432.0103; 170; 447; 
567; 0; 1434.9987; 170; 447.2; 
567; 0; 1439.4718; 170; 447.4; 
567; 0; 1442.4512; 170; 447.6; 
567; 0; 1446.9155; 170; 447.8; 
567; 0; 1449.8874; 170; 448; 
567; 0; 1452.857; 170; 448.2; 
567; 0; 1455.8254; 170; 448.4; 
567; 0; 1457.3047; 170; 448.6; 
567; 0; 1458.7849; 170; 448.8; 
567; 0; 1460.2669; 170; 449; 
567; 0; 1460.262; 170; 449.2; 
567; 0; 1461.7487; 170; 449.4; 
567; 0; 1461.7486; 170; 449.6; 
567; 0; 1461.7507; 170; 449.8; 
567; 0; 1461.7544; 170; 450; 
567; 0; 1461.7591; 170; 450.2; 
567; 0; 1461.7643; 170; 450.4; 
567; 0; 1461.7691; 170; 450.6; 
567; 0; 1463.2616; 170; 450.8; 
567; 0; 1463.2618; 170; 451; 
567; 0; 1464.7463; 170; 451.2; 
567; 0; 1466.2249; 170; 451.4; 
567; 0; 1467.6973; 170; 451.6; 
567; 0; 1467.6757; 170; 451.8; 
567; 0; 1467.6509; 170; 452; 
567; 0; 1466.1365; 170; 452.2; 
567; 0; 1463.1363; 170; 452.4; 
567; 0; 1458.6517; 170; 452.6; 
567; 0; 1454.1731; 170; 452.8; 
567; 0; 1449.7012; 170; 453; 
567; 0; 1443.7468; 170; 453.2; 
567; 0; 1437.7982; 170; 453.4; 
567; 0; 1431.8541; 170; 453.6; 
567; 0; 1427.4016; 170; 453.8; 
567; 0; 1422.95; 170; 454; 
567; 0; 1418.4982; 170; 454.2; 
567; 0; 1415.5327; 170; 454.4; 
567; 0; 1412.5636; 170; 454.6; 
567; 0; 1409.5904; 170; 454.8; 
567; 0; 1408.1024; 170; 455; 
567; 0; 1405.1221; 170; 455.2; 
567; 0; 1403.6285; 170; 455.4; 
567; 0; 1400.6447; 170; 455.6; 
567; 0; 1399.1497; 170; 455.8; 
567; 0; 1397.6551; 170; 456; 
567; 0; 1394.6725; 170; 456.2; 
567; 0; 1393.1804; 170; 456.4; 
567; 0; 1390.2007; 170; 456.6; 
567; 0; 1388.7116; 170; 456.8; 
567; 0; 1385.7345; 170; 457; 
567; 0; 1384.2475; 170; 457.2; 
567; 0; 1381.2718; 170; 457.4; 
567; 0; 1379.7854; 170; 457.6; 
567; 0; 1378.2988; 170; 457.8; 
567; 0; 1376.8117; 170; 458; 
567; 0; 1375.3238; 170; 458.2; 
567; 0; 1373.8353; 170; 458.4; 
567; 0; 1373.8352; 170; 458.6; 
567; 0; 1372.3457; 170; 458.8; 
567; 0; 1370.8559; 170; 459; 
567; 0; 1370.8549; 170; 459.2; 
567; 0; 1369.3649; 170; 459.4; 
567; 0; 1369.364; 170; 459.6; 
567; 0; 1367.8741; 170; 459.8; 
567; 0; 1367.8735; 170; 460; 
567; 0; 1366.384; 170; 460.2; 
567; 0; 1366.3837; 170; 460.4; 
567; 0; 1364.8946; 170; 460.6; 
567; 0; 1364.8947; 170; 460.8; 
567; 0; 1363.4058; 170; 461; 
567; 0; 1363.4058; 170; 461.2; 
567; 0; 1363.4057; 170; 461.4; 
567; 0; 1361.9165; 170; 461.6; 
567; 0; 1361.9163; 170; 461.8; 
567; 0; 1361.9161; 170; 462; 
567; 0; 1360.4269; 170; 462.2; 
567; 0; 1360.4268; 170; 462.4; 
567; 0; 1360.4267; 170; 462.6; 
567; 0; 1360.4266; 170; 462.8; 
567; 0; 1358.9373; 170; 463; 
567; 0; 1358.9371; 170; 463.2; 
567; 0; 1358.9369; 170; 463.4; 
567; 0; 1358.9367; 170; 463.6; 
567; 0; 1357.4474; 170; 463.8; 
567; 0; 1357.4474; 170; 464; 
567; 0; 1357.4473; 170; 464.2; 
567; 0; 1357.4473; 170; 464.4; 
567; 0; 1357.4472; 170; 464.6; 
567; 0; 1357.447; 170; 464.8; 
567; 0; 1357.4468; 170; 465; 
567; 0; 1355.9575; 170; 465.2; 
567; 0; 1355.9573; 170; 465.4; 
567; 0; 1355.9572; 170; 465.6; 
567; 0; 1355.9571; 170; 465.8; 
567; 0; 1355.9571; 170; 466; 
567; 0; 1355.9571; 170; 466.2; 
567; 0; 1355.957; 170; 466.4; 
567; 0; 1355.9569; 170; 466.6; 
567; 0; 1355.9567; 170; 466.8; 
567; 0; 1354.4674; 170; 467; 
567; 0; 1354.4672; 170; 467.2; 
567; 0; 1354.4671; 170; 467.4; 
567; 0; 1354.4669; 170; 467.6; 
567; 0; 1354.4667; 170; 467.8; 
567; 0; 1364.3684; 170; 468; 
567; 0; 1364.3683; 170; 468.2; 
567; 0; 1364.3681; 170; 468.4; 
567; 0; 1364.368; 170; 468.6; 
567; 0; 1364.368; 170; 468.8; 
567; 0; 1362.8722; 170; 469; 
567; 0; 1362.8721; 170; 469.2; 
567; 0; 1362.872; 170; 469.4; 
567; 0; 1361.3762; 170; 469.6; 
567; 0; 1361.3762; 170; 469.8; 
567; 0; 1361.3762; 170; 470; 
567; 0; 1359.8804; 170; 470.2; 
567; 0; 1359.8804; 170; 470.4; 
567; 0; 1358.3845; 170; 470.6; 
567; 0; 1358.3844; 170; 470.8; 
567; 0; 1356.8884; 170; 471; 
567; 0; 1356.8881; 170; 471.2; 
567; 0; 1356.8878; 170; 471.4; 
567; 0; 1355.3918; 170; 471.6; 
567; 0; 1355.3916; 170; 471.8; 
567; 0; 1353.8956; 170; 472; 
567; 0; 1353.8954; 170; 472.2; 
567; 0; 1353.8952; 170; 472.4; 
567; 0; 1352.3994; 170; 472.6; 
567; 0; 1352.3995; 170; 472.8; 
567; 0; 1350.9038; 170; 473; 
567; 0; 1350.9039; 170; 473.2; 
567; 0; 1350.9038; 170; 473.4; 
567; 0; 1350.9037; 170; 473.6; 
567; 0; 1349.4077; 170; 473.8; 
567; 0; 1349.4075; 170; 474; 
567; 0; 1349.4072; 170; 474.2; 
567; 0; 1349.4069; 170; 474.4; 
567; 0; 1349.4066; 170; 474.6; 
567; 0; 1347.9107; 170; 474.8; 
567; 0; 1347.9106; 170; 475; 
567; 0; 1347.9105; 170; 475.2; 
567; 0; 1347.9108; 170; 475.4; 
567; 0; 1347.9121; 170; 475.6; 
567; 0; 1349.4115; 170; 475.8; 
567; 0; 1349.4189; 170; 476; 
567; 0; 1349.4314; 170; 476.2; 
567; 0; 1347.9547; 170; 476.4; 
567; 0; 1347.9811; 170; 476.6; 
567; 0; 1348.0139; 170; 476.8; 
567; 0; 1349.5459; 170; 477; 
567; 0; 1352.5736; 170; 477.2; 
567; 0; 1358.5889; 170; 477.4; 
567; 0; 1356.1832; 170; 477.6; 
567; 0; 1365.1324; 170; 477.8; 
567; 0; 1374.0703; 170; 478; 
567; 0; 1385.9749; 170; 478.2; 
567; 0; 1396.38; 170; 478.4; 
567; 0; 1406.7769; 170; 478.6; 
567; 0; 1414.1902; 170; 478.8; 
567; 0; 1421.6012; 170; 479; 
567; 0; 1427.5237; 170; 479.2; 
567; 0; 1430.4717; 170; 479.4; 
567; 0; 1433.4256; 170; 479.6; 
567; 0; 1434.898; 170; 479.8; 
567; 0; 1434.8896; 170; 480; 
567; 0; 1434.8892; 170; 480.2; 
567; 0; 1434.8961; 170; 480.4; 
567; 0; 1434.9085; 170; 480.6; 
567; 0; 1434.9244; 170; 480.8; 
567; 0; 1434.9417; 170; 481; 
567; 0; 1436.4476; 170; 481.2; 
567; 0; 1437.9513; 170; 481.4; 
567; 0; 1440.9407; 170; 481.6; 
567; 0; 1443.9259; 170; 481.8; 
567; 0; 1446.9065; 170; 482; 
567; 0; 1451.3721; 170; 482.2; 
567; 0; 1454.345; 170; 482.4; 
567; 0; 1455.8263; 170; 482.6; 
567; 0; 1458.7951; 170; 482.8; 
567; 0; 1460.2744; 170; 483; 
567; 0; 1461.7543; 170; 483.2; 
567; 0; 1461.7467; 170; 483.4; 
567; 0; 1461.7411; 170; 483.6; 
567; 0; 1461.738; 170; 483.8; 
567; 0; 1461.7374; 170; 484; 
567; 0; 1461.739; 170; 484.2; 
567; 0; 1461.7423; 170; 484.4; 
567; 0; 1461.7469; 170; 484.6; 
567; 0; 1461.7521; 170; 484.8; 
567; 0; 1461.7572; 170; 485; 
567; 0; 1461.7616; 170; 485.2; 
567; 0; 1461.765; 170; 485.4; 
567; 0; 1463.2561; 170; 485.6; 
567; 0; 1463.2569; 170; 485.8; 
567; 0; 1464.7455; 170; 486; 
567; 0; 1464.7441; 170; 486.2; 
567; 0; 1466.2309; 170; 486.4; 
567; 0; 1466.2282; 170; 486.6; 
567; 0; 1466.2253; 170; 486.8; 
567; 0; 1466.2227; 170; 487; 
567; 0; 1467.7095; 170; 487.2; 
567; 0; 1467.7079; 170; 487.4; 
567; 0; 1466.2178; 170; 487.6; 
567; 0; 1466.2174; 170; 487.8; 
567; 0; 1466.2177; 170; 488; 
567; 0; 1466.2185; 170; 488.2; 
567; 0; 1466.2197; 170; 488.4; 
567; 0; 1466.2211; 170; 488.6; 
567; 0; 1466.2223; 170; 488.8; 
567; 0; 1466.2234; 170; 489; 
567; 0; 1466.2243; 170; 489.2; 
567; 0; 1466.2248; 170; 489.4; 
567; 0; 1466.225; 170; 489.6; 
567; 0; 1466.2248; 170; 489.8; 
567; 0; 1467.7135; 170; 490; 
567; 0; 1467.7128; 170; 490.2; 
567; 0; 1467.712; 170; 490.4; 
567; 0; 1467.7111; 170; 490.6; 
567; 0; 1467.7103; 170; 490.8; 
567; 0; 1467.7097; 170; 491; 
567; 0; 1467.7093; 170; 491.2; 
567; 0; 1467.7091; 170; 491.4; 
567; 0; 1467.709; 170; 491.6; 
567; 0; 1467.7091; 170; 491.8; 
567; 0; 1467.7092; 170; 492; 
567; 0; 1466.2202; 170; 492.2; 
567; 0; 1466.2203; 170; 492.4; 
567; 0; 1466.2203; 170; 492.6; 
567; 0; 1466.2204; 170; 492.8; 
567; 0; 1466.2205; 170; 493; 
567; 0; 1466.2204; 170; 493.2; 
567; 0; 1467.7091; 170; 493.4; 
567; 0; 1467.7071; 170; 493.6; 
567; 0; 1467.7018; 170; 493.8; 
567; 0; 1469.1808; 170; 494; 
567; 0; 1469.1652; 170; 494.2; 
567; 0; 1469.1446; 170; 494.4; 
567; 0; 1467.6313; 170; 494.6; 
567; 0; 1466.1176; 170; 494.8; 
567; 0; 1463.1171; 170; 495; 
567; 0; 1458.6314; 170; 495.2; 
567; 0; 1454.1516; 170; 495.4; 
567; 0; 1448.1893; 170; 495.6; 
567; 0; 1442.2338; 170; 495.8; 
567; 0; 1436.284; 170; 496; 
567; 0; 1430.3386; 170; 496.2; 
567; 0; 1425.8849; 170; 496.4; 
567; 0; 1419.9429; 170; 496.6; 
567; 0; 1415.489; 170; 496.8; 
567; 0; 1411.033; 170; 497; 
567; 0; 1408.0635; 170; 497.2; 
567; 0; 1405.0907; 170; 497.4; 
567; 0; 1402.1147; 170; 497.6; 
567; 0; 1399.1362; 170; 497.8; 
567; 0; 1397.6448; 170; 498; 
567; 0; 1394.6631; 170; 498.2; 
567; 0; 1391.6811; 170; 498.4; 
567; 0; 1390.1885; 170; 498.6; 
567; 0; 1387.2077; 170; 498.8; 
567; 0; 1384.2279; 170; 499; 
567; 0; 1382.7381; 170; 499.2; 
567; 0; 1379.76; 170; 499.4; 
567; 0; 1378.2718; 170; 499.6; 
567; 0; 1376.7842; 170; 499.8; 
567; 0; 1373.8078; 170; 500; 
567; 0; 1372.3205; 170; 500.2; 
567; 0; 1370.8331; 170; 500.4; 
567; 0; 1369.3454; 170; 500.6; 
567; 0; 1367.8573; 170; 500.8; 
567; 0; 1366.3688; 170; 501; 
567; 0; 1366.3688; 170; 501.2; 
567; 0; 1364.8794; 170; 501.4; 
567; 0; 1363.3898; 170; 501.6; 
567; 0; 1363.3891; 170; 501.8; 
567; 0; 1361.8995; 170; 502; 
567; 0; 1361.8991; 170; 502.2; 
567; 0; 1360.4096; 170; 502.4; 
567; 0; 1360.4093; 170; 502.6; 
567; 0; 1358.9202; 170; 502.8; 
567; 0; 1358.9203; 170; 503; 
567; 0; 1357.4314; 170; 503.2; 
567; 0; 1357.4317; 170; 503.4; 
567; 0; 1357.4318; 170; 503.6; 
567; 0; 1355.9428; 170; 503.8; 
567; 0; 1355.9429; 170; 504; 
567; 0; 1355.9429; 170; 504.2; 
567; 0; 1355.9429; 170; 504.4; 
567; 0; 1354.4536; 170; 504.6; 
567; 0; 1354.4532; 170; 504.8; 
567; 0; 1364.3546; 170; 505; 
567; 0; 1364.3544; 170; 505.2; 
567; 0; 1364.3542; 170; 505.4; 
567; 0; 1362.8583; 170; 505.6; 
567; 0; 1362.8582; 170; 505.8; 
567; 0; 1362.8582; 170; 506; 
567; 0; 1361.3624; 170; 506.2; 
567; 0; 1361.3622; 170; 506.4; 
567; 0; 1361.3622; 170; 506.6; 
567; 0; 1359.8664; 170; 506.8; 
567; 0; 1359.8665; 170; 507; 
567; 0; 1358.3709; 170; 507.2; 
567; 0; 1358.371; 170; 507.4; 
567; 0; 1356.8754; 170; 507.6; 
567; 0; 1356.8755; 170; 507.8; 
567; 0; 1355.3797; 170; 508; 
567; 0; 1355.3795; 170; 508.2; 
567; 0; 1353.8834; 170; 508.4; 
567; 0; 1353.8829; 170; 508.6; 
567; 0; 1353.8825; 170; 508.8; 
567; 0; 1352.3863; 170; 509; 
567; 0; 1352.3861; 170; 509.2; 
567; 0; 1350.8903; 170; 509.4; 
567; 0; 1350.8903; 170; 509.6; 
567; 0; 1350.8903; 170; 509.8; 
567; 0; 1349.3946; 170; 510; 
567; 0; 1349.3945; 170; 510.2; 
567; 0; 1349.3945; 170; 510.4; 
567; 0; 1347.8986; 170; 510.6; 
567; 0; 1347.8985; 170; 510.8; 
567; 0; 1347.8985; 170; 511; 
567; 0; 1347.8985; 170; 511.2; 
567; 0; 1346.4028; 170; 511.4; 
567; 0; 1346.4029; 170; 511.6; 
567; 0; 1346.4029; 170; 511.8; 
567; 0; 1346.4028; 170; 512; 
567; 0; 1346.4027; 170; 512.2; 
567; 0; 1346.4025; 170; 512.4; 
567; 0; 1344.9066; 170; 512.6; 
567; 0; 1344.9065; 170; 512.8; 
567; 0; 1344.9064; 170; 513; 
567; 0; 1344.9062; 170; 513.2; 
567; 0; 1344.9061; 170; 513.4; 
567; 0; 1344.9059; 170; 513.6; 
567; 0; 1344.9058; 170; 513.8; 
567; 0; 1344.9057; 170; 514; 
567; 0; 1344.9056; 170; 514.2; 
567; 0; 1343.4097; 170; 514.4; 
567; 0; 1343.4097; 170; 514.6; 
567; 0; 1343.4096; 170; 514.8; 
567; 0; 1343.4096; 170; 515; 
567; 0; 1343.4096; 170; 515.2; 
567; 0; 1343.4097; 170; 515.4; 
567; 0; 1343.4097; 170; 515.6; 
567; 0; 1343.4098; 170; 515.8; 
567; 0; 1343.4099; 170; 516; 
567; 0; 1343.4099; 170; 516.2; 
567; 0; 1343.41; 170; 516.4; 
567; 0; 1343.4099; 170; 516.6; 
567; 0; 1343.4099; 170; 516.8; 
567; 0; 1343.4098; 170; 517; 
567; 0; 1343.4096; 170; 517.2; 
567; 0; 1343.4094; 170; 517.4; 
567; 0; 1343.4093; 170; 517.6; 
567; 0; 1343.4091; 170; 517.8; 
567; 0; 1343.409; 170; 518; 
567; 0; 1341.9131; 170; 518.2; 
567; 0; 1341.9131; 170; 518.4; 
567; 0; 1341.913; 170; 518.6; 
567; 0; 1341.9129; 170; 518.8; 
567; 0; 1341.9129; 170; 519; 
567; 0; 1341.9129; 170; 519.2; 
567; 0; 1341.9129; 170; 519.4; 
567; 0; 1341.9131; 170; 519.6; 
567; 0; 1341.9132; 170; 519.8; 
567; 0; 1341.9133; 170; 520; 
567; 0; 1341.9134; 170; 520.2; 
567; 0; 1341.9134; 170; 520.4; 
567; 0; 1341.9134; 170; 520.6; 
567; 0; 1341.9133; 170; 520.8; 
567; 0; 1341.9133; 170; 521; 
567; 0; 1341.9132; 170; 521.2; 
567; 0; 1341.9131; 170; 521.4; 
567; 0; 1341.913; 170; 521.6; 
567; 0; 1341.9129; 170; 521.8; 
567; 0; 1341.9128; 170; 522; 
567; 0; 1341.9126; 170; 522.2; 
567; 0; 1341.9124; 170; 522.4; 
567; 0; 1341.9123; 170; 522.6; 
567; 0; 1341.9123; 170; 522.8; 
567; 0; 1341.9123; 170; 523; 
567; 0; 1341.9124; 170; 523.2; 
567; 0; 1341.9125; 170; 523.4; 
567; 0; 1341.9125; 170; 523.6; 
567; 0; 1341.9125; 170; 523.8; 
567; 0; 1341.9124; 170; 524; 
567; 0; 1341.9122; 170; 524.2; 
567; 0; 1341.9121; 170; 524.4; 
567; 0; 1341.912; 170; 524.6; 
567; 0; 1341.912; 170; 524.8; 
567; 0; 1341.912; 170; 525; 
567; 0; 1341.9121; 170; 525.2; 
567; 0; 1341.9122; 170; 525.4; 
567; 0; 1341.9123; 170; 525.6; 
567; 0; 1341.9123; 170; 525.8; 
567; 0; 1341.9123; 170; 526; 
567; 0; 1341.9122; 170; 526.2; 
567; 0; 1341.9121; 170; 526.4; 
567; 0; 1341.912; 170; 526.6; 
567; 0; 1341.9119; 170; 526.8; 
567; 0; 1341.9119; 170; 527; 
567; 0; 1341.9118; 170; 527.2; 
567; 0; 1341.9118; 170; 527.4; 
567; 0; 1341.9117; 170; 527.6; 
567; 0; 1341.9116; 170; 527.8; 
567; 0; 1341.9116; 170; 528; 
567; 0; 1341.9116; 170; 528.2; 
567; 0; 1341.9116; 170; 528.4; 
567; 0; 1341.9116; 170; 528.6; 
567; 0; 1340.4159; 170; 528.8; 
567; 0; 1340.4159; 170; 529; 
567; 0; 1340.4158; 170; 529.2; 
567; 0; 1340.4157; 170; 529.4; 
567; 0; 1340.4157; 170; 529.6; 
567; 0; 1340.4158; 170; 529.8; 
567; 0; 1340.4157; 170; 530; 
567; 0; 1340.4157; 170; 530.2; 
567; 0; 1340.4157; 170; 530.4; 
567; 0; 1340.4157; 170; 530.6; 
567; 0; 1340.4157; 170; 530.8; 
567; 0; 1340.4156; 170; 531; 
567; 0; 1340.4155; 170; 531.2; 
567; 0; 1340.4154; 170; 531.4; 
567; 0; 1340.4153; 170; 531.6; 
567; 0; 1340.4153; 170; 531.8; 
567; 0; 1340.4153; 170; 532; 
567; 0; 1340.4153; 170; 532.2; 
567; 0; 1340.4153; 170; 532.4; 
567; 0; 1340.4153; 170; 532.6; 
567; 0; 1340.4154; 170; 532.8; 
567; 0; 1340.4153; 170; 533; 
567; 0; 1340.4153; 170; 533.2; 
567; 0; 1340.4151; 170; 533.4; 
567; 0; 1340.415; 170; 533.6; 
567; 0; 1340.415; 170; 533.8; 
567; 0; 1340.415; 170; 534; 
567; 0; 1340.415; 170; 534.2; 
567; 0; 1340.415; 170; 534.4; 
567; 0; 1340.415; 170; 534.6; 
567; 0; 1340.415; 170; 534.8; 
567; 0; 1340.415; 170; 535; 
567; 0; 1340.4149; 170; 535.2; 
567; 0; 1340.4149; 170; 535.4; 
567; 0; 1340.4149; 170; 535.6; 
567; 0; 1340.4149; 170; 535.8; 
567; 0; 1340.4149; 170; 536; 
567; 0; 1340.4149; 170; 536.2; 
567; 0; 1340.4149; 170; 536.4; 
567; 0; 1340.4149; 170; 536.6; 
567; 0; 1340.4149; 170; 536.8; 
567; 0; 1340.4149; 170; 537; 
567; 0; 1340.4148; 170; 537.2; 
567; 0; 1340.4147; 170; 537.4; 
567; 0; 1340.4146; 170; 537.6; 
567; 0; 1340.4145; 170; 537.8; 
567; 0; 1340.4145; 170; 538; 
567; 0; 1340.4145; 170; 538.2; 
567; 0; 1340.4145; 170; 538.4; 
567; 0; 1340.4146; 170; 538.6; 
567; 0; 1341.9104; 170; 538.8; 
567; 0; 1341.9107; 170; 539; 
567; 0; 1341.9114; 170; 539.2; 
567; 0; 1341.9133; 170; 539.4; 
567; 0; 1343.4134; 170; 539.6; 
567; 0; 1343.4217; 170; 539.8; 
567; 0; 1343.4349; 170; 540; 
567; 0; 1343.4537; 170; 540.2; 
567; 0; 1343.4779; 170; 540.4; 
567; 0; 1343.5063; 170; 540.6; 
567; 0; 1346.5287; 170; 540.8; 
567; 0; 1348.0557; 170; 541; 
567; 0; 1352.5718; 170; 541.2; 
567; 0; 1358.5783; 170; 541.4; 
567; 0; 1357.6527; 170; 541.6; 
567; 0; 1366.5934; 170; 541.8; 
567; 0; 1375.5235; 170; 542; 
567; 0; 1385.9319; 170; 542.2; 
567; 0; 1396.33; 170; 542.4; 
567; 0; 1405.2303; 170; 542.6; 
567; 0; 1412.6356; 170; 542.8; 
567; 0; 1417.0603; 170; 543; 
567; 0; 1421.4865; 170; 543.2; 
567; 0; 1422.9404; 170; 543.4; 
567; 0; 1422.915; 170; 543.6; 
567; 0; 1421.4106; 170; 543.8; 
567; 0; 1419.9174; 170; 544; 
567; 0; 1416.9461; 170; 544.2; 
567; 0; 1413.9841; 170; 544.4; 
567; 0; 1411.0291; 170; 544.6; 
567; 0; 1409.5682; 170; 544.8; 
567; 0; 1408.1084; 170; 545; 
567; 0; 1408.1347; 170; 545.2; 
567; 0; 1409.6444; 170; 545.4; 
567; 0; 1412.6352; 170; 545.6; 
567; 0; 1415.6171; 170; 545.8; 
567; 0; 1418.5897; 170; 546; 
567; 0; 1421.5541; 170; 546.2; 
567; 0; 1424.5119; 170; 546.4; 
567; 0; 1425.9769; 170; 546.6; 
567; 0; 1425.9518; 170; 546.8; 
567; 0; 1425.9285; 170; 547; 
567; 0; 1424.4214; 170; 547.2; 
567; 0; 1421.4308; 170; 547.4; 
567; 0; 1418.4466; 170; 547.6; 
567; 0; 1415.4689; 170; 547.8; 
567; 0; 1412.4968; 170; 548; 
567; 0; 1409.529; 170; 548.2; 
567; 0; 1406.5639; 170; 548.4; 
567; 0; 1403.6001; 170; 548.6; 
567; 0; 1402.1247; 170; 548.8; 
567; 0; 1400.6467; 170; 549; 
567; 0; 1399.1651; 170; 549.2; 
567; 0; 1399.1684; 170; 549.4; 
567; 0; 1399.1676; 170; 549.6; 
567; 0; 1399.1632; 170; 549.8; 
567; 0; 1397.6672; 170; 550; 
567; 0; 1397.6588; 170; 550.2; 
567; 0; 1396.161; 170; 550.4; 
567; 0; 1396.1528; 170; 550.6; 
567; 0; 1394.6569; 170; 550.8; 
567; 0; 1393.1632; 170; 551; 
567; 0; 1391.6716; 170; 551.2; 
567; 0; 1388.6928; 170; 551.4; 
567; 0; 1387.2047; 170; 551.6; 
567; 0; 1385.7179; 170; 551.8; 
567; 0; 1384.2319; 170; 552; 
567; 0; 1382.7462; 170; 552.2; 
567; 0; 1381.2603; 170; 552.4; 
567; 0; 1379.7737; 170; 552.6; 
567; 0; 1379.7753; 170; 552.8; 
567; 0; 1378.2868; 170; 553; 
567; 0; 1376.7974; 170; 553.2; 
567; 0; 1376.7962; 170; 553.4; 
567; 0; 1375.3054; 170; 553.6; 
567; 0; 1375.3033; 170; 553.8; 
567; 0; 1373.8122; 170; 554; 
567; 0; 1373.8105; 170; 554.2; 
567; 0; 1372.3201; 170; 554.4; 
567; 0; 1370.8301; 170; 554.6; 
567; 0; 1370.8295; 170; 554.8; 
567; 0; 1369.3401; 170; 555; 
567; 0; 1369.3401; 170; 555.2; 
567; 0; 1367.8512; 170; 555.4; 
567; 0; 1367.8513; 170; 555.6; 
567; 0; 1366.3625; 170; 555.8; 
567; 0; 1366.3627; 170; 556; 
567; 0; 1364.8736; 170; 556.2; 
567; 0; 1364.8735; 170; 556.4; 
567; 0; 1363.3842; 170; 556.6; 
567; 0; 1363.3839; 170; 556.8; 
567; 0; 1363.3834; 170; 557; 
567; 0; 1361.8939; 170; 557.2; 
567; 0; 1361.8934; 170; 557.4; 
567; 0; 1361.8929; 170; 557.6; 
567; 0; 1360.4034; 170; 557.8; 
567; 0; 1360.4031; 170; 558; 
567; 0; 1360.4028; 170; 558.2; 
567; 0; 1358.9134; 170; 558.4; 
567; 0; 1358.9133; 170; 558.6; 
567; 0; 1358.9132; 170; 558.8; 
567; 0; 1357.4241; 170; 559; 
567; 0; 1357.424; 170; 559.2; 
567; 0; 1357.424; 170; 559.4; 
567; 0; 1357.4239; 170; 559.6; 
567; 0; 1355.9347; 170; 559.8; 
567; 0; 1355.9346; 170; 560; 
567; 0; 1355.9344; 170; 560.2; 
567; 0; 1355.9343; 170; 560.4; 
567; 0; 1355.9341; 170; 560.6; 
567; 0; 1354.4447; 170; 560.8; 
567; 0; 1354.4444; 170; 561; 
567; 0; 1364.346; 170; 561.2; 
567; 0; 1364.3459; 170; 561.4; 
567; 0; 1364.3457; 170; 561.6; 
567; 0; 1362.8497; 170; 561.8; 
567; 0; 1362.8495; 170; 562; 
567; 0; 1362.8495; 170; 562.2; 
567; 0; 1361.3537; 170; 562.4; 
567; 0; 1361.3537; 170; 562.6; 
567; 0; 1359.8579; 170; 562.8; 
567; 0; 1359.8578; 170; 563; 
567; 0; 1358.3619; 170; 563.2; 
567; 0; 1358.3618; 170; 563.4; 
567; 0; 1356.8659; 170; 563.6; 
567; 0; 1356.8657; 170; 563.8; 
567; 0; 1355.3697; 170; 564; 
567; 0; 1355.3695; 170; 564.2; 
567; 0; 1353.8735; 170; 564.4; 
567; 0; 1353.8734; 170; 564.6; 
567; 0; 1353.8732; 170; 564.8; 
567; 0; 1352.3774; 170; 565; 
567; 0; 1352.3773; 170; 565.2; 
567; 0; 1350.8815; 170; 565.4; 
567; 0; 1350.8816; 170; 565.6; 
567; 0; 1349.3859; 170; 565.8; 
567; 0; 1349.3858; 170; 566; 
567; 0; 1349.3857; 170; 566.2; 
567; 0; 1347.8897; 170; 566.4; 
567; 0; 1347.8896; 170; 566.6; 
567; 0; 1347.8894; 170; 566.8; 
567; 0; 1346.3933; 170; 567; 
567; 0; 1346.393; 170; 567.2; 
567; 0; 1346.3929; 170; 567.4; 
567; 0; 1346.3928; 170; 567.6; 
567; 0; 1344.8969; 170; 567.8; 
567; 0; 1344.8969; 170; 568; 
567; 0; 1344.8969; 170; 568.2; 
567; 0; 1344.8969; 170; 568.4; 
567; 0; 1343.4011; 170; 568.6; 
567; 0; 1343.4011; 170; 568.8; 
567; 0; 1343.4011; 170; 569; 
567; 0; 1343.4012; 170; 569.2; 
567; 0; 1343.4012; 170; 569.4; 
567; 0; 1343.401; 170; 569.6; 
567; 0; 1341.9052; 170; 569.8; 
567; 0; 1341.9051; 170; 570; 
567; 0; 1341.905; 170; 570.2; 
567; 0; 1341.9048; 170; 570.4; 
567; 0; 1341.9047; 170; 570.6; 
567; 0; 1341.9047; 170; 570.8; 
567; 0; 1341.9046; 170; 571; 
567; 0; 1341.9046; 170; 571.2; 
567; 0; 1341.9046; 170; 571.4; 
567; 0; 1341.9046; 170; 571.6; 
567; 0; 1340.4089; 170; 571.8; 
567; 0; 1340.4089; 170; 572; 
567; 0; 1340.409; 170; 572.2; 
567; 0; 1340.409; 170; 572.4; 
567; 0; 1340.409; 170; 572.6; 
567; 0; 1340.409; 170; 572.8; 
567; 0; 1340.4089; 170; 573; 
567; 0; 1340.4089; 170; 573.2; 
567; 0; 1340.4087; 170; 573.4; 
567; 0; 1340.4084; 170; 573.6; 
567; 0; 1340.4082; 170; 573.8; 
567; 0; 1340.4081; 170; 574; 
567; 0; 1340.4081; 170; 574.2; 
567; 0; 1340.4082; 170; 574.4; 
567; 0; 1340.4083; 170; 574.6; 
567; 0; 1340.4084; 170; 574.8; 
567; 0; 1340.4084; 170; 575; 
567; 0; 1340.4084; 170; 575.2; 
567; 0; 1340.4084; 170; 575.4; 
567; 0; 1340.4084; 170; 575.6; 
567; 0; 1340.4083; 170; 575.8; 
567; 0; 1338.9124; 170; 576; 
567; 0; 1338.9123; 170; 576.2; 
567; 0; 1338.9121; 170; 576.4; 
567; 0; 1338.9119; 170; 576.6; 
567; 0; 1338.9118; 170; 576.8; 
567; 0; 1338.9118; 170; 577; 
567; 0; 1338.9118; 170; 577.2; 
567; 0; 1338.9119; 170; 577.4; 
567; 0; 1338.9121; 170; 577.6; 
567; 0; 1338.9122; 170; 577.8; 
567; 0; 1338.9123; 170; 578; 
567; 0; 1338.9123; 170; 578.2; 
567; 0; 1338.9123; 170; 578.4; 
567; 0; 1338.9123; 170; 578.6; 
567; 0; 1338.9123; 170; 578.8; 
567; 0; 1338.9123; 170; 579; 
567; 0; 1338.9123; 170; 579.2; 
567; 0; 1338.9122; 170; 579.4; 
567; 0; 1338.9121; 170; 579.6; 
567; 0; 1338.9121; 170; 579.8; 
567; 0; 1338.912; 170; 580; 
567; 0; 1338.9119; 170; 580.2; 
567; 0; 1338.9117; 170; 580.4; 
567; 0; 1338.9115; 170; 580.6; 
567; 0; 1338.9115; 170; 580.8; 
567; 0; 1338.9115; 170; 581; 
567; 0; 1338.9116; 170; 581.2; 
567; 0; 1338.9117; 170; 581.4; 
567; 0; 1338.9118; 170; 581.6; 
567; 0; 1338.9119; 170; 581.8; 
567; 0; 1338.9119; 170; 582; 
567; 0; 1338.912; 170; 582.2; 
567; 0; 1338.912; 170; 582.4; 
567; 0; 1338.912; 170; 582.6; 
567; 0; 1338.9119; 170; 582.8; 
567; 0; 1338.9118; 170; 583; 
567; 0; 1338.9117; 170; 583.2; 
567; 0; 1338.9117; 170; 583.4; 
567; 0; 1338.9116; 170; 583.6; 
567; 0; 1338.9116; 170; 583.8; 
567; 0; 1338.9116; 170; 584; 
567; 0; 1338.9117; 170; 584.2; 
567; 0; 1338.9116; 170; 584.4; 
567; 0; 1338.9117; 170; 584.6; 
567; 0; 1340.4079; 170; 584.8; 
567; 0; 1340.4096; 170; 585; 
567; 0; 1340.4134; 170; 585.2; 
567; 0; 1340.4205; 170; 585.4; 
567; 0; 1341.9284; 170; 585.6; 
567; 0; 1341.9467; 170; 585.8; 
567; 0; 1340.4764; 170; 586; 
567; 0; 1342.0042; 170; 586.2; 
567; 0; 1342.0402; 170; 586.4; 
567; 0; 1345.0681; 170; 586.6; 
567; 0; 1351.0841; 170; 586.8; 
567; 0; 1357.0929; 170; 587; 
567; 0; 1356.174; 170; 587.2; 
567; 0; 1366.6017; 170; 587.4; 
567; 0; 1377.0177; 170; 587.6; 
567; 0; 1388.9121; 170; 587.8; 
567; 0; 1397.8198; 170; 588; 
567; 0; 1406.7217; 170; 588.2; 
567; 0; 1414.1322; 170; 588.4; 
567; 0; 1418.5655; 170; 588.6; 
567; 0; 1423.0025; 170; 588.8; 
567; 0; 1425.9566; 170; 589; 
567; 0; 1425.9403; 170; 589.2; 
567; 0; 1427.4215; 170; 589.4; 
567; 0; 1427.4219; 170; 589.6; 
567; 0; 1425.9399; 170; 589.8; 
567; 0; 1425.9514; 170; 590; 
567; 0; 1427.4536; 170; 590.2; 
567; 0; 1427.4655; 170; 590.4; 
567; 0; 1428.9627; 170; 590.6; 
567; 0; 1431.9435; 170; 590.8; 
567; 0; 1433.4286; 170; 591; 
567; 0; 1434.9074; 170; 591.2; 
567; 0; 1436.381; 170; 591.4; 
567; 0; 1436.3621; 170; 591.6; 
567; 0; 1436.3426; 170; 591.8; 
567; 0; 1434.836; 170; 592; 
567; 0; 1431.8437; 170; 592.2; 
567; 0; 1428.8561; 170; 592.4; 
567; 0; 1425.874; 170; 592.6; 
567; 0; 1421.4084; 170; 592.8; 
567; 0; 1416.9475; 170; 593; 
567; 0; 1413.9793; 170; 593.2; 
567; 0; 1409.524; 170; 593.4; 
567; 0; 1406.5582; 170; 593.6; 
567; 0; 1403.5913; 170; 593.8; 
567; 0; 1402.1119; 170; 594; 
567; 0; 1399.1401; 170; 594.2; 
567; 0; 1397.6537; 170; 594.4; 
567; 0; 1397.6532; 170; 594.6; 
567; 0; 1396.1608; 170; 594.8; 
567; 0; 1394.6665; 170; 595; 
567; 0; 1393.1713; 170; 595.2; 
567; 0; 1391.6761; 170; 595.4; 
567; 0; 1390.1819; 170; 595.6; 
567; 0; 1388.6889; 170; 595.8; 
567; 0; 1385.7081; 170; 596; 
567; 0; 1384.2179; 170; 596.2; 
567; 0; 1382.7289; 170; 596.4; 
567; 0; 1381.2411; 170; 596.6; 
567; 0; 1378.2648; 170; 596.8; 
567; 0; 1376.778; 170; 597; 
567; 0; 1375.2911; 170; 597.2; 
567; 0; 1373.8039; 170; 597.4; 
567; 0; 1372.3162; 170; 597.6; 
567; 0; 1372.317; 170; 597.8; 
567; 0; 1370.828; 170; 598; 
567; 0; 1369.3384; 170; 598.2; 
567; 0; 1369.3374; 170; 598.4; 
567; 0; 1367.8471; 170; 598.6; 
567; 0; 1367.8459; 170; 598.8; 
567; 0; 1366.3556; 170; 599; 
567; 0; 1364.8656; 170; 599.2; 
567; 0; 1364.8648; 170; 599.4; 
567; 0; 1363.3753; 170; 599.6; 
567; 0; 1363.3752; 170; 599.8; 
567; 0; 1361.8862; 170; 600; 
567; 0; 1361.8864; 170; 600.2; 
567; 0; 1360.3975; 170; 600.4; 
567; 0; 1360.3976; 170; 600.6; 
567; 0; 1358.9086; 170; 600.8; 
567; 0; 1358.9084; 170; 601; 
567; 0; 1358.9082; 170; 601.2; 
567; 0; 1357.4188; 170; 601.4; 
567; 0; 1357.4185; 170; 601.6; 
567; 0; 1357.4183; 170; 601.8; 
567; 0; 1355.9289; 170; 602; 
567; 0; 1355.9286; 170; 602.2; 
567; 0; 1355.9284; 170; 602.4; 
567; 0; 1354.4391; 170; 602.6; 
567; 0; 1354.4389; 170; 602.8; 
567; 0; 1364.3406; 170; 603; 
567; 0; 1364.3405; 170; 603.2; 
567; 0; 1362.8446; 170; 603.4; 
567; 0; 1362.8446; 170; 603.6; 
567; 0; 1362.8446; 170; 603.8; 
567; 0; 1361.349; 170; 604; 
567; 0; 1361.3489; 170; 604.2; 
567; 0; 1361.3489; 170; 604.4; 
567; 0; 1359.853; 170; 604.6; 
567; 0; 1359.8528; 170; 604.8; 
567; 0; 1358.3568; 170; 605; 
567; 0; 1358.3565; 170; 605.2; 
567; 0; 1356.8604; 170; 605.4; 
567; 0; 1355.3644; 170; 605.6; 
567; 0; 1355.3642; 170; 605.8; 
567; 0; 1353.8682; 170; 606; 
567; 0; 1353.8681; 170; 606.2; 
567; 0; 1352.3722; 170; 606.4; 
567; 0; 1352.3721; 170; 606.6; 
567; 0; 1350.8762; 170; 606.8; 
567; 0; 1350.8759; 170; 607; 
567; 0; 1349.38; 170; 607.2; 
567; 0; 1349.3798; 170; 607.4; 
567; 0; 1349.3797; 170; 607.6; 
567; 0; 1347.884; 170; 607.8; 
567; 0; 1347.8841; 170; 608; 
567; 0; 1346.3885; 170; 608.2; 
567; 0; 1346.3887; 170; 608.4; 
567; 0; 1346.3888; 170; 608.6; 
567; 0; 1344.8929; 170; 608.8; 
567; 0; 1344.8927; 170; 609; 
567; 0; 1344.8924; 170; 609.2; 
567; 0; 1344.8921; 170; 609.4; 
567; 0; 1343.3961; 170; 609.6; 
567; 0; 1343.3959; 170; 609.8; 
567; 0; 1343.3958; 170; 610; 
567; 0; 1343.3957; 170; 610.2; 
567; 0; 1341.8999; 170; 610.4; 
567; 0; 1341.8999; 170; 610.6; 
567; 0; 1341.8998; 170; 610.8; 
567; 0; 1341.8998; 170; 611; 
567; 0; 1341.8997; 170; 611.2; 
567; 0; 1341.8996; 170; 611.4; 
567; 0; 1341.8993; 170; 611.6; 
567; 0; 1340.4033; 170; 611.8; 
567; 0; 1340.4033; 170; 612; 
567; 0; 1340.4034; 170; 612.2; 
567; 0; 1340.4035; 170; 612.4; 
567; 0; 1340.4036; 170; 612.6; 
567; 0; 1340.4037; 170; 612.8; 
567; 0; 1340.4037; 170; 613; 
567; 0; 1340.4036; 170; 613.2; 
567; 0; 1340.4035; 170; 613.4; 
567; 0; 1340.4034; 170; 613.6; 
567; 0; 1338.9076; 170; 613.8; 
567; 0; 1338.9075; 170; 614; 
567; 0; 1338.9075; 170; 614.2; 
567; 0; 1338.9075; 170; 614.4; 
567; 0; 1338.9075; 170; 614.6; 
567; 0; 1338.9075; 170; 614.8; 
567; 0; 1338.9075; 170; 615; 
567; 0; 1338.9076; 170; 615.2; 
567; 0; 1338.9076; 170; 615.4; 
567; 0; 1338.9076; 170; 615.6; 
567; 0; 1338.9075; 170; 615.8; 
567; 0; 1338.9073; 170; 616; 
567; 0; 1338.9071; 170; 616.2; 
567; 0; 1338.907; 170; 616.4; 
567; 0; 1338.9069; 170; 616.6; 
567; 0; 1338.9068; 170; 616.8; 
567; 0; 1338.9067; 170; 617; 
567; 0; 1338.9066; 170; 617.2; 
567; 0; 1338.9066; 170; 617.4; 
567; 0; 1337.4109; 170; 617.6; 
567; 0; 1337.411; 170; 617.8; 
567; 0; 1337.4111; 170; 618; 
567; 0; 1337.4113; 170; 618.2; 
567; 0; 1337.4114; 170; 618.4; 
567; 0; 1337.4114; 170; 618.6; 
567; 0; 1337.4114; 170; 618.8; 
567; 0; 1337.4114; 170; 619; 
567; 0; 1337.4114; 170; 619.2; 
567; 0; 1337.4113; 170; 619.4; 
567; 0; 1337.4112; 170; 619.6; 
567; 0; 1337.4111; 170; 619.8; 
567; 0; 1337.411; 170; 620; 
567; 0; 1337.4108; 170; 620.2; 
567; 0; 1337.4107; 170; 620.4; 
567; 0; 1337.4107; 170; 620.6; 
567; 0; 1337.4107; 170; 620.8; 
567; 0; 1337.4109; 170; 621; 
567; 0; 1337.411; 170; 621.2; 
567; 0; 1337.411; 170; 621.4; 
567; 0; 1337.4109; 170; 621.6; 
567; 0; 1337.4109; 170; 621.8; 
567; 0; 1337.4109; 170; 622; 
567; 0; 1337.4109; 170; 622.2; 
567; 0; 1337.4109; 170; 622.4; 
567; 0; 1337.411; 170; 622.6; 
567; 0; 1337.4111; 170; 622.8; 
567; 0; 1337.411; 170; 623; 
567; 0; 1337.4109; 170; 623.2; 
567; 0; 1337.4108; 170; 623.4; 
567; 0; 1337.4107; 170; 623.6; 
567; 0; 1337.4106; 170; 623.8; 
567; 0; 1337.4105; 170; 624; 
567; 0; 1337.4104; 170; 624.2; 
567; 0; 1337.4106; 170; 624.4; 
567; 0; 1337.4107; 170; 624.6; 
567; 0; 1337.4109; 170; 624.8; 
567; 0; 1337.411; 170; 625; 
567; 0; 1337.411; 170; 625.2; 
567; 0; 1337.4109; 170; 625.4; 
567; 0; 1337.4107; 170; 625.6; 
567; 0; 1337.4106; 170; 625.8; 
567; 0; 1337.4104; 170; 626; 
567; 0; 1337.4103; 170; 626.2; 
567; 0; 1337.4103; 170; 626.4; 
567; 0; 1337.4103; 170; 626.6; 
567; 0; 1337.4104; 170; 626.8; 
567; 0; 1337.4105; 170; 627; 
567; 0; 1337.4107; 170; 627.2; 
567; 0; 1337.4109; 170; 627.4; 
567; 0; 1337.4111; 170; 627.6; 
567; 0; 1337.4111; 170; 627.8; 
567; 0; 1337.411; 170; 628; 
567; 0; 1337.4108; 170; 628.2; 
567; 0; 1337.4106; 170; 628.4; 
567; 0; 1337.4104; 170; 628.6; 
567; 0; 1337.4102; 170; 628.8; 
567; 0; 1337.41; 170; 629; 
567; 0; 1337.4099; 170; 629.2; 
567; 0; 1337.41; 170; 629.4; 
567; 0; 1335.9144; 170; 629.6; 
567; 0; 1335.9147; 170; 629.8; 
567; 0; 1335.9149; 0; 630; 
567; 0; 0; 0; 630.2; 
567; 0; 0; 0; 630.4; 
567; 0; 0; 0; 630.6; 
567; 0; 0; 0; 630.8; 
567; 0; 0; 0; 631; 
567; 0; 0; 0; 631.2; 
567; 0; 0; 0; 631.4; 
567; 0; 0; 0; 631.6; 
567; 0; 0; 0; 631.8; 
567; 0; 0; 0; 632; 
567; 0; 0; 0; 632.2; 
567; 0; 0; 0; 632.4; 
567; 0; 0; 0; 632.6; 
567; 0; 0; 0; 632.8; 
567; 0; 0; 0; 633; 
567; 0; 0; 0; 633.2; 
567; 0; 0; 0; 633.4; 
567; 0; 0; 0; 633.6; 
567; 0; 0; 0; 633.8; 
567; 0; 0; 0; 634; 
567; 0; 0; 0; 634.2; 
567; 0; 0; 0; 634.4; 
567; 0; 0; 0; 634.6; 
567; 0; 0; 0; 634.8; 
567; 0; 0; 0; 635; 
567; 0; 0; 0; 635.2; 
567; 0; 0; 0; 635.4; 
567; 0; 0; 0; 635.6; 
567; 0; 0; 0; 635.8; 
567; 0; 0; 0; 636; 
567; 0; 0; 0; 636.2; 
567; 0; 0; 0; 636.4; 
567; 0; 0; 0; 636.6; 
567; 0; 0; 0; 636.8; 
567; 0; 0; 0; 637; 
567; 0; 0; 0; 637.2; 
567; 0; 0; 0; 637.4; 
567; 0; 0; 0; 637.6; 
567; 0; 0; 0; 637.8; 
567; 0; 0; 0; 638; 
567; 0; 0; 0; 638.2; 
567; 0; 0; 0; 638.4; 
567; 0; 0; 0; 638.6; 
567; 0; 0; 0; 638.8; 
567; 0; 0; 0; 639; 
567; 0; 0; 0; 639.2; 
567; 0; 0; 0; 639.4; 
567; 0; 0; 0; 639.6; 
567; 0; 0; 0; 639.8; 
567; 0; 0; 0; 640; 
567; 0; 0; 0; 640.2; 
567; 0; 0; 0; 640.4; 
567; 0; 0; 0; 640.6; 
567; 0; 0; 0; 640.8; 
567; 0; 0; 0; 641; 
567; 0; 0; 0; 641.2; 
567; 0; 0; 0; 641.4; 
567; 0; 0; 0; 641.6; 
567; 0; 0; 0; 641.8; 
567; 0; 0; 0; 642; 
567; 0; 0; 0; 642.2; 
567; 0; 0; 0; 642.4; 
567; 0; 0; 0; 642.6; 
567; 0; 0; 0; 642.8; 
567; 0; 0; 0; 643; 
567; 0; 0; 0; 643.2; 
567; 0; 0; 0; 643.4; 
567; 0; 0; 0; 643.6; 
567; 0; 0; 0; 643.8; 
567; 0; 0; 0; 644; 
567; 0; 0; 0; 644.2; 
567; 0; 0; 0; 644.4; 
567; 0; 0; 0; 644.6; 
567; 0; 0; 0; 644.8; 
567; 0; 0; 0; 645; 
567; 0; 0; 0; 645.2; 
567; 0; 0; 0; 645.4; 
567; 0; 0; 0; 645.6; 
567; 0; 0; 0; 645.8; 
567; 0; 0; 0; 646; 
567; 0; 0; 0; 646.2; 
567; 0; 0; 0; 646.4; 
567; 0; 0; 0; 646.6; 
567; 0; 0; 0; 646.8; 
567; 0; 0; 0; 647; 
567; 0; 0; 0; 647.2; 
567; 0; 0; 0; 647.4; 
567; 0; 0; 0; 647.6; 
567; 0; 0; 0; 647.8; 
567; 0; 0; 0; 648; 
567; 0; 0; 0; 648.2; 
567; 0; 0; 0; 648.4; 
567; 0; 0; 0; 648.6; 
567; 0; 0; 0; 648.8; 
567; 0; 0; 0; 649; 
567; 0; 0; 0; 649.2; 
567; 0; 0; 0; 649.4; 
567; 0; 0; 0; 649.6; 
567; 0; 0; 0; 649.8; 
567; 0; 0; 0; 650; 
567; 0; 0; 0; 650.2; 
567; 0; 0; 0; 650.4; 
567; 0; 0; 0; 650.6; 
567; 0; 0; 0; 650.8; 
567; 0; 0; 0; 651; 
567; 0; 0; 0; 651.2; 
567; 0; 0; 0; 651.4; 
567; 0; 0; 0; 651.6; 
567; 0; 0; 0; 651.8; 
567; 0; 0; 0; 652; 
567; 0; 0; 0; 652.2; 
567; 0; 0; 0; 652.4; 
567; 0; 0; 0; 652.6; 
567; 0; 0; 0; 652.8; 
567; 0; 0; 0; 653; 
567; 0; 0; 0; 653.2; 
567; 0; 0; 0; 653.4; 
567; 0; 0; 0; 653.6; 
567; 0; 0; 0; 653.8; 
567; 0; 0; 0; 654; 
567; 0; 0; 0; 654.2; 
567; 0; 0; 0; 654.4; 
567; 0; 0; 0; 654.6; 
567; 0; 0; 0; 654.8; 
567; 0; 0; 0; 655; 
567; 0; 0; 0; 655.2; 
567; 0; 0; 0; 655.4; 
567; 0; 0; 0; 655.6; 
567; 0; 0; 0; 655.8; 
567; 0; 0; 0; 656; 
567; 0; 0; 0; 656.2; 
567; 0; 0; 0; 656.4; 
567; 0; 0; 0; 656.6; 
567; 0; 0; 0; 656.8; 
567; 0; 0; 0; 657; 
567; 0; 0; 0; 657.2; 
567; 0; 0; 0; 657.4; 
567; 0; 0; 0; 657.6; 
567; 0; 0; 0; 657.8; 
567; 0; 0; 0; 658; 
567; 0; 0; 0; 658.2; 
567; 0; 0; 0; 658.4; 
567; 0; 0; 0; 658.6; 
567; 0; 0; 0; 658.8; 
567; 0; 0; 0; 659; 
567; 0; 0; 0; 659.2; 
567; 0; 0; 0; 659.4; 
567; 0; 0; 0; 659.6; 
567; 0; 0; 0; 659.8; 
567; 0; 0; 0; 660; 
567; 0; 0; 0; 660.2; 
567; 0; 0; 0; 660.4; 
567; 0; 0; 0; 660.6; 
567; 0; 0; 0; 660.8; 
567; 0; 0; 0; 661; 
567; 0; 0; 0; 661.2; 
567; 0; 0; 0; 661.4; 
567; 0; 0; 0; 661.6; 
567; 0; 0; 0; 661.8; 
567; 0; 0; 0; 662; 
567; 0; 0; 0; 662.2; 
567; 0; 0; 0; 662.4; 
567; 0; 0; 0; 662.6; 
567; 0; 0; 0; 662.8; 
567; 0; 0; 0; 663; 
567; 0; 0; 0; 663.2; 
567; 0; 0; 0; 663.4; 
567; 0; 0; 0; 663.6; 
567; 0; 0; 0; 663.8; 
567; 0; 0; 0; 664; 
567; 0; 0; 0; 664.2; 
567; 0; 0; 0; 664.4; 
567; 0; 0; 0; 664.6; 
567; 0; 0; 0; 664.8; 
567; 0; 0; 0; 665; 
567; 0; 0; 0; 665.2; 
567; 0; 0; 0; 665.4; 
567; 0; 0; 0; 665.6; 
567; 0; 0; 0; 665.8; 
567; 0; 0; 0; 666; 
567; 0; 0; 0; 666.2; 
567; 0; 0; 0; 666.4; 
567; 0; 0; 0; 666.6; 
567; 0; 0; 0; 666.8; 
567; 0; 0; 0; 667; 
567; 0; 0; 0; 667.2; 
567; 0; 0; 0; 667.4; 
567; 0; 0; 0; 667.6; 
567; 0; 0; 0; 667.8; 
567; 0; 0; 0; 668; 
567; 0; 0; 0; 668.2; 
567; 0; 0; 0; 668.4; 
567; 0; 0; 0; 668.6; 
567; 0; 0; 0; 668.8; 
567; 0; 0; 0; 669; 
567; 0; 0; 0; 669.2; 
567; 0; 0; 0; 669.4; 
567; 0; 0; 0; 669.6; 
567; 0; 0; 0; 669.8; 
567; 0; 0; 0; 670; 
567; 0; 0; 0; 670.2; 
567; 0; 0; 0; 670.4; 
567; 0; 0; 0; 670.6; 
567; 0; 0; 0; 670.8; 
567; 0; 0; 0; 671; 
567; 0; 0; 0; 671.2; 
567; 0; 0; 0; 671.4; 
567; 0; 0; 0; 671.6; 
567; 0; 0; 0; 671.8; 
567; 0; 0; 0; 672; 
567; 0; 0; 0; 672.2; 
567; 0; 0; 0; 672.4; 
567; 0; 0; 0; 672.6; 
567; 0; 0; 0; 672.8; 
567; 0; 0; 0; 673; 
567; 0; 0; 0; 673.2; 
567; 0; 0; 0; 673.4; 
567; 0; 0; 0; 673.6; 
567; 0; 0; 0; 673.8; 
567; 0; 0; 0; 674; 
567; 0; 0; 0; 674.2; 
567; 0; 0; 0; 674.4; 
567; 0; 0; 0; 674.6; 
567; 0; 0; 0; 674.8; 
567; 0; 0; 0; 675; 
567; 0; 0; 0; 675.2; 
567; 0; 0; 0; 675.4; 
567; 0; 0; 0; 675.6; 
567; 0; 0; 0; 675.8; 
567; 0; 0; 0; 676; 
567; 0; 0; 0; 676.2; 
567; 0; 0; 0; 676.4; 
567; 0; 0; 0; 676.6; 
567; 0; 0; 0; 676.8; 
567; 0; 0; 0; 677; 
567; 0; 0; 0; 677.2; 
567; 0; 0; 0; 677.4; 
567; 0; 0; 0; 677.6; 
567; 0; 0; 0; 677.8; 
567; 0; 0; 0; 678; 
567; 0; 0; 0; 678.2; 
567; 0; 0; 0; 678.4; 
567; 0; 0; 0; 678.6; 
567; 0; 0; 0; 678.8; 
567; 0; 0; 0; 679; 
567; 0; 0; 0; 679.2; 
567; 0; 0; 0; 679.4; 
567; 0; 0; 0; 679.6; 
567; 0; 0; 0; 679.8; 
567; 0; 0; 0; 680; 
567; 0; 0; 0; 680.2; 
567; 0; 0; 0; 680.4; 
567; 0; 0; 0; 680.6; 
567; 0; 0; 0; 680.8; 
567; 0; 0; 0; 681; 
567; 0; 0; 0; 681.2; 
567; 0; 0; 0; 681.4; 
567; 0; 0; 0; 681.6; 
567; 0; 0; 0; 681.8; 
567; 0; 0; 0; 682; 
567; 0; 0; 0; 682.2; 
567; 0; 0; 0; 682.4; 
567; 0; 0; 0; 682.6; 
567; 0; 0; 0; 682.8; 
567; 0; 0; 0; 683; 
567; 0; 0; 0; 683.2; 
567; 0; 0; 0; 683.4; 
567; 0; 0; 0; 683.6; 
567; 0; 0; 0; 683.8; 
567; 0; 0; 0; 684; 
567; 0; 0; 0; 684.2; 
567; 0; 0; 0; 684.4; 
567; 0; 0; 0; 684.6; 
567; 0; 0; 0; 684.8; 
567; 0; 0; 0; 685; 
567; 0; 0; 0; 685.2; 
567; 0; 0; 0; 685.4; 
567; 0; 0; 0; 685.6; 
567; 0; 0; 0; 685.8; 
567; 0; 0; 0; 686; 
567; 0; 0; 0; 686.2; 
567; 0; 0; 0; 686.4; 
567; 0; 0; 0; 686.6; 
567; 0; 0; 0; 686.8; 
567; 0; 0; 0; 687; 
567; 0; 0; 0; 687.2; 
567; 0; 0; 0; 687.4; 
567; 0; 0; 0; 687.6; 
567; 0; 0; 0; 687.8; 
567; 0; 0; 0; 688; 
567; 0; 0; 0; 688.2; 
567; 0; 0; 0; 688.4; 
567; 0; 0; 0; 688.6; 
567; 0; 0; 0; 688.8; 
567; 0; 0; 0; 689; 
567; 0; 0; 0; 689.2; 
567; 0; 0; 0; 689.4; 
567; 0; 0; 0; 689.6; 
567; 0; 0; 0; 689.8; 
567; 0; 0; 0; 690; 
567; 0; 0; 0; 690.2; 
567; 0; 0; 0; 690.4; 
567; 0; 0; 0; 690.6; 
567; 0; 0; 0; 690.8; 
567; 0; 0; 0; 691; 
567; 0; 0; 0; 691.2; 
567; 0; 0; 0; 691.4; 
567; 0; 0; 0; 691.6; 
567; 0; 0; 0; 691.8; 
567; 0; 0; 0; 692; 
567; 0; 0; 0; 692.2; 
567; 0; 0; 0; 692.4; 
567; 0; 0; 0; 692.6; 
567; 0; 0; 0; 692.8; 
567; 0; 0; 0; 693; 
567; 0; 0; 0; 693.2; 
567; 0; 0; 0; 693.4; 
567; 0; 0; 0; 693.6; 
567; 0; 0; 0; 693.8; 
567; 0; 0; 0; 694; 
567; 0; 0; 0; 694.2; 
567; 0; 0; 0; 694.4; 
567; 0; 0; 0; 694.6; 
567; 0; 0; 0; 694.8; 
567; 0; 0; 0; 695; 
567; 0; 0; 0; 695.2; 
567; 0; 0; 0; 695.4; 
567; 0; 0; 0; 695.6; 
567; 0; 0; 0; 695.8; 
567; 0; 0; 0; 696; 
567; 0; 0; 0; 696.2; 
567; 0; 0; 0; 696.4; 
567; 0; 0; 0; 696.6; 
567; 0; 0; 0; 696.8; 
567; 0; 0; 0; 697; 
567; 0; 0; 0; 697.2; 
567; 0; 0; 0; 697.4; 
567; 0; 0; 0; 697.6; 
567; 0; 0; 0; 697.8; 
567; 0; 0; 0; 698; 
567; 0; 0; 0; 698.2; 
567; 0; 0; 0; 698.4; 
567; 0; 0; 0; 698.6; 
567; 0; 0; 0; 698.8; 
567; 0; 0; 0; 699; 
567; 0; 0; 0; 699.2; 
567; 0; 0; 0; 699.4; 
567; 0; 0; 0; 699.6; 
567; 0; 0; 0; 699.8; 
567; 0; 0; 0; 700; 
567; 0; 0; 0; 700.2; 
567; 0; 0; 0; 700.4; 
567; 0; 0; 0; 700.6; 
567; 0; 0; 0; 700.8; 
567; 0; 0; 0; 701; 
567; 0; 0; 0; 701.2; 
567; 0; 0; 0; 701.4; 
567; 0; 0; 0; 701.6; 
567; 0; 0; 0; 701.8; 
567; 0; 0; 0; 702; 
567; 0; 0; 0; 702.2; 
567; 0; 0; 0; 702.4; 
567; 0; 0; 0; 702.6; 
567; 0; 0; 0; 702.8; 
567; 0; 0; 0; 703; 
567; 0; 0; 0; 703.2; 
567; 0; 0; 0; 703.4; 
567; 0; 0; 0; 703.6; 
567; 0; 0; 0; 703.8; 
567; 0; 0; 0; 704; 
567; 0; 0; 0; 704.2; 
567; 0; 0; 0; 704.4; 
567; 0; 0; 0; 704.6; 
567; 0; 0; 0; 704.8; 
567; 0; 0; 0; 705; 
567; 0; 0; 0; 705.2; 
567; 0; 0; 0; 705.4; 
567; 0; 0; 0; 705.6; 
567; 0; 0; 0; 705.8; 
567; 0; 0; 0; 706; 
567; 0; 0; 0; 706.2; 
567; 0; 0; 0; 706.4; 
567; 0; 0; 0; 706.6; 
567; 0; 0; 0; 706.8; 
567; 0; 0; 0; 707; 
567; 0; 0; 0; 707.2; 
567; 0; 0; 0; 707.4; 
567; 0; 0; 0; 707.6; 
567; 0; 0; 0; 707.8; 
567; 0; 0; 0; 708; 
567; 0; 0; 0; 708.2; 
567; 0; 0; 0; 708.4; 
567; 0; 0; 0; 708.6; 
567; 0; 0; 0; 708.8; 
567; 0; 0; 0; 709; 
567; 0; 0; 0; 709.2; 
567; 0; 0; 0; 709.4; 
567; 0; 0; 0; 709.6; 
567; 0; 0; 0; 709.8; 
567; 0; 0; 0; 710; 
567; 0; 0; 0; 710.2; 
567; 0; 0; 0; 710.4; 
567; 0; 0; 0; 710.6; 
567; 0; 0; 0; 710.8; 
567; 0; 0; 0; 711; 
567; 0; 0; 0; 711.2; 
567; 0; 0; 0; 711.4; 
567; 0; 0; 0; 711.6; 
567; 0; 0; 0; 711.8; 
567; 0; 0; 0; 712; 
567; 0; 0; 0; 712.2; 
567; 0; 0; 0; 712.4; 
567; 0; 0; 0; 712.6; 
567; 0; 0; 0; 712.8; 
567; 0; 0; 0; 713; 
567; 0; 0; 0; 713.2; 
567; 0; 0; 0; 713.4; 
567; 0; 0; 0; 713.6; 
567; 0; 0; 0; 713.8; 
567; 0; 0; 0; 714; 
567; 0; 0; 0; 714.2; 
567; 0; 0; 0; 714.4; 
567; 0; 0; 0; 714.6; 
567; 0; 0; 0; 714.8; 
567; 0; 0; 0; 715; 
567; 0; 0; 0; 715.2; 
567; 0; 0; 0; 715.4; 
567; 0; 0; 0; 715.6; 
567; 0; 0; 0; 715.8; 
567; 0; 0; 0; 716; 
567; 0; 0; 0; 716.2; 
567; 0; 0; 0; 716.4; 
567; 0; 0; 0; 716.6; 
567; 0; 0; 0; 716.8; 
567; 0; 0; 0; 717; 
567; 0; 0; 0; 717.2; 
567; 0; 0; 0; 717.4; 
567; 0; 0; 0; 717.6; 
567; 0; 0; 0; 717.8; 
567; 0; 0; 0; 718; 
567; 0; 0; 0; 718.2; 
567; 0; 0; 0; 718.4; 
567; 0; 0; 0; 718.6; 
567; 0; 0; 0; 718.8; 
567; 0; 0; 0; 719; 
567; 0; 0; 0; 719.2; 
567; 0; 0; 0; 719.4; 
567; 0; 0; 0; 719.6; 
567; 0; 0; 0; 719.8; 
567; 0; 0; 0; 720; 
567; 0; 0; 0; 720.2; 
567; 0; 0; 0; 720.4; 
567; 0; 0; 0; 720.6; 
567; 0; 0; 0; 720.8; 
567; 0; 0; 0; 721; 
567; 0; 0; 0; 721.2; 
567; 0; 0; 0; 721.4; 
567; 0; 0; 0; 721.6; 
567; 0; 0; 0; 721.8; 
567; 0; 0; 0; 722; 
567; 0; 0; 0; 722.2; 
567; 0; 0; 0; 722.4; 
567; 0; 0; 0; 722.6; 
567; 0; 0; 0; 722.8; 
567; 0; 0; 0; 723; 
567; 0; 0; 0; 723.2; 
567; 0; 0; 0; 723.4; 
567; 0; 0; 0; 723.6; 
567; 0; 0; 0; 723.8; 
567; 0; 0; 0; 724; 
567; 0; 0; 0; 724.2; 
567; 0; 0; 0; 724.4; 
567; 0; 0; 0; 724.6; 
567; 0; 0; 0; 724.8; 
567; 0; 0; 0; 725; 
567; 0; 0; 0; 725.2; 
567; 0; 0; 0; 725.4; 
567; 0; 0; 0; 725.6; 
567; 0; 0; 0; 725.8; 
567; 0; 0; 0; 726; 
567; 0; 0; 0; 726.2; 
567; 0; 0; 0; 726.4; 
567; 0; 0; 0; 726.6; 
567; 0; 0; 0; 726.8; 
567; 0; 0; 0; 727; 
567; 0; 0; 0; 727.2; 
567; 0; 0; 0; 727.4; 
567; 0; 0; 0; 727.6; 
567; 0; 0; 0; 727.8; 
567; 0; 0; 0; 728; 
567; 0; 0; 0; 728.2; 
567; 0; 0; 0; 728.4; 
567; 0; 0; 0; 728.6; 
567; 0; 0; 0; 728.8; 
567; 0; 0; 0; 729; 
567; 0; 0; 0; 729.2; 
567; 0; 0; 0; 729.4; 
567; 0; 0; 0; 729.6; 
567; 0; 0; 0; 729.8; 
567; 0; 0; 0; 730; 
567; 0; 0; 0; 730.2; 
567; 0; 0; 0; 730.4; 
567; 0; 0; 0; 730.6; 
567; 0; 0; 0; 730.8; 
567; 0; 0; 0; 731; 
567; 0; 0; 0; 731.2; 
567; 0; 0; 0; 731.4; 
567; 0; 0; 0; 731.6; 
567; 0; 0; 0; 731.8; 
567; 0; 0; 0; 732; 
567; 0; 0; 0; 732.2; 
567; 0; 0; 0; 732.4; 
567; 0; 0; 0; 732.6; 
567; 0; 0; 0; 732.8; 
567; 0; 0; 0; 733; 
567; 0; 0; 0; 733.2; 
567; 0; 0; 0; 733.4; 
567; 0; 0; 0; 733.6; 
567; 0; 0; 0; 733.8; 
567; 0; 0; 0; 734; 
567; 0; 0; 0; 734.2; 
567; 0; 0; 0; 734.4; 
567; 0; 0; 0; 734.6; 
567; 0; 0; 0; 734.8; 
567; 0; 0; 0; 735; 
567; 0; 0; 0; 735.2; 
567; 0; 0; 0; 735.4; 
567; 0; 0; 0; 735.6; 
567; 0; 0; 0; 735.8; 
567; 0; 0; 0; 736; 
567; 0; 0; 0; 736.2; 
567; 0; 0; 0; 736.4; 
567; 0; 0; 0; 736.6; 
567; 0; 0; 0; 736.8; 
567; 0; 0; 0; 737; 
567; 0; 0; 0; 737.2; 
567; 0; 0; 0; 737.4; 
567; 0; 0; 0; 737.6; 
567; 0; 0; 0; 737.8; 
567; 0; 0; 0; 738; 
567; 0; 0; 0; 738.2; 
567; 0; 0; 0; 738.4; 
567; 0; 0; 0; 738.6; 
567; 0; 0; 0; 738.8; 
567; 0; 0; 0; 739; 
567; 0; 0; 0; 739.2; 
567; 0; 0; 0; 739.4; 
567; 0; 0; 0; 739.6; 
567; 0; 0; 0; 739.8; 
567; 0; 0; 0; 740; 
567; 0; 0; 0; 740.2; 
567; 0; 0; 0; 740.4; 
567; 0; 0; 0; 740.6; 
567; 0; 0; 0; 740.8; 
567; 0; 0; 0; 741; 
567; 0; 0; 0; 741.2; 
567; 0; 0; 0; 741.4; 
567; 0; 0; 0; 741.6; 
567; 0; 0; 0; 741.8; 
567; 0; 0; 0; 742; 
567; 0; 0; 0; 742.2; 
567; 0; 0; 0; 742.4; 
567; 0; 0; 0; 742.6; 
567; 0; 0; 0; 742.8; 
567; 0; 0; 0; 743; 
567; 0; 0; 0; 743.2; 
567; 0; 0; 0; 743.4; 
567; 0; 0; 0; 743.6; 
567; 0; 0; 0; 743.8; 
567; 0; 0; 0; 744; 
567; 0; 0; 0; 744.2; 
567; 0; 0; 0; 744.4; 
567; 0; 0; 0; 744.6; 
567; 0; 0; 0; 744.8; 
567; 0; 0; 0; 745; 
567; 0; 0; 0; 745.2; 
567; 0; 0; 0; 745.4; 
567; 0; 0; 0; 745.6; 
567; 0; 0; 0; 745.8; 
567; 0; 0; 0; 746; 
567; 0; 0; 0; 746.2; 
567; 0; 0; 0; 746.4; 
567; 0; 0; 0; 746.6; 
567; 0; 0; 0; 746.8; 
567; 0; 0; 0; 747; 
567; 0; 0; 0; 747.2; 
567; 0; 0; 0; 747.4; 
567; 0; 0; 0; 747.6; 
567; 0; 0; 0; 747.8; 
567; 0; 0; 0; 748; 
567; 0; 0; 0; 748.2; 
567; 0; 0; 0; 748.4; 
567; 0; 0; 0; 748.6; 
567; 0; 0; 0; 748.8; 
567; 0; 0; 0; 749; 
567; 0; 0; 0; 749.2; 
567; 0; 0; 0; 749.4; 
567; 0; 0; 0; 749.6; 
567; 0; 0; 0; 749.8; 
567; 0; 0; 0; 750; 
567; 0; 0; 0; 750.2; 
567; 0; 0; 0; 750.4; 
567; 0; 0; 0; 750.6; 
567; 0; 0; 0; 750.8; 
567; 0; 0; 0; 751; 
567; 0; 0; 0; 751.2; 
567; 0; 0; 0; 751.4; 
567; 0; 0; 0; 751.6; 
567; 0; 0; 0; 751.8; 
567; 0; 0; 0; 752; 
567; 0; 0; 0; 752.2; 
567; 0; 0; 0; 752.4; 
567; 0; 0; 0; 752.6; 
567; 0; 0; 0; 752.8; 
567; 0; 0; 0; 753; 
567; 0; 0; 0; 753.2; 
567; 0; 0; 0; 753.4; 
567; 0; 0; 0; 753.6; 
567; 0; 0; 0; 753.8; 
567; 0; 0; 0; 754; 
567; 0; 0; 0; 754.2; 
567; 0; 0; 0; 754.4; 
567; 0; 0; 0; 754.6; 
567; 0; 0; 0; 754.8; 
567; 0; 0; 0; 755; 
567; 0; 0; 0; 755.2; 
567; 0; 0; 0; 755.4; 
567; 0; 0; 0; 755.6; 
567; 0; 0; 0; 755.8; 
567; 0; 0; 0; 756; 
567; 0; 0; 0; 756.2; 
567; 0; 0; 0; 756.4; 
567; 0; 0; 0; 756.6; 
567; 0; 0; 0; 756.8; 
567; 0; 0; 0; 757; 
567; 0; 0; 0; 757.2; 
567; 0; 0; 0; 757.4; 
567; 0; 0; 0; 757.6; 
567; 0; 0; 0; 757.8; 
567; 0; 0; 0; 758; 
567; 0; 0; 0; 758.2; 
567; 0; 0; 0; 758.4; 
567; 0; 0; 0; 758.6; 
567; 0; 0; 0; 758.8; 
567; 0; 0; 0; 759; 
567; 0; 0; 0; 759.2; 
567; 0; 0; 0; 759.4; 
567; 0; 0; 0; 759.6; 
567; 0; 0; 0; 759.8; 
567; 0; 0; 0; 760; 
567; 0; 0; 0; 760.2; 
567; 0; 0; 0; 760.4; 
567; 0; 0; 0; 760.6; 
567; 0; 0; 0; 760.8; 
567; 0; 0; 0; 761; 
567; 0; 0; 0; 761.2; 
567; 0; 0; 0; 761.4; 
567; 0; 0; 0; 761.6; 
567; 0; 0; 0; 761.8; 
567; 0; 0; 0; 762; 
567; 0; 0; 0; 762.2; 
567; 0; 0; 0; 762.4; 
567; 0; 0; 0; 762.6; 
567; 0; 0; 0; 762.8; 
567; 0; 0; 0; 763; 
567; 0; 0; 0; 763.2; 
567; 0; 0; 0; 763.4; 
567; 0; 0; 0; 763.6; 
567; 0; 0; 0; 763.8; 
567; 0; 0; 0; 764; 
567; 0; 0; 0; 764.2; 
567; 0; 0; 0; 764.4; 
567; 0; 0; 0; 764.6; 
567; 0; 0; 0; 764.8; 
567; 0; 0; 0; 765; 
567; 0; 0; 0; 765.2; 
567; 0; 0; 0; 765.4; 
567; 0; 0; 0; 765.6; 
567; 0; 0; 0; 765.8; 
567; 0; 0; 0; 766; 
567; 0; 0; 0; 766.2; 
567; 0; 0; 0; 766.4; 
567; 0; 0; 0; 766.6; 
567; 0; 0; 0; 766.8; 
567; 0; 0; 0; 767; 
567; 0; 0; 0; 767.2; 
567; 0; 0; 0; 767.4; 
567; 0; 0; 0; 767.6; 
567; 0; 0; 0; 767.8; 
567; 0; 0; 0; 768; 
567; 0; 0; 0; 768.2; 
567; 0; 0; 0; 768.4; 
567; 0; 0; 0; 768.6; 
567; 0; 0; 0; 768.8; 
567; 0; 0; 0; 769; 
567; 0; 0; 0; 769.2; 
567; 0; 0; 0; 769.4; 
567; 0; 0; 0; 769.6; 
567; 0; 0; 0; 769.8; 
567; 0; 0; 0; 770; 
567; 0; 0; 0; 770.2; 
567; 0; 0; 0; 770.4; 
567; 0; 0; 0; 770.6; 
567; 0; 0; 0; 770.8; 
567; 0; 0; 0; 771; 
567; 0; 0; 0; 771.2; 
567; 0; 0; 0; 771.4; 
567; 0; 0; 0; 771.6; 
567; 0; 0; 0; 771.8; 
567; 0; 0; 0; 772; 
567; 0; 0; 0; 772.2; 
567; 0; 0; 0; 772.4; 
567; 0; 0; 0; 772.6; 
567; 0; 0; 0; 772.8; 
567; 0; 0; 0; 773; 
567; 0; 0; 0; 773.2; 
567; 0; 0; 0; 773.4; 
567; 0; 0; 0; 773.6; 
567; 0; 0; 0; 773.8; 
567; 0; 0; 0; 774; 
567; 0; 0; 0; 774.2; 
567; 0; 0; 0; 774.4; 
567; 0; 0; 0; 774.6; 
567; 0; 0; 0; 774.8; 
567; 0; 0; 0; 775; 
567; 0; 0; 0; 775.2; 
567; 0; 0; 0; 775.4; 
567; 0; 0; 0; 775.6; 
567; 0; 0; 0; 775.8; 
567; 0; 0; 0; 776; 
567; 0; 0; 0; 776.2; 
567; 0; 0; 0; 776.4; 
567; 0; 0; 0; 776.6; 
567; 0; 0; 0; 776.8; 
567; 0; 0; 0; 777; 
567; 0; 0; 0; 777.2; 
567; 0; 0; 0; 777.4; 
567; 0; 0; 0; 777.6; 
567; 0; 0; 0; 777.8; 
567; 0; 0; 0; 778; 
567; 0; 0; 0; 778.2; 
567; 0; 0; 0; 778.4; 
567; 0; 0; 0; 778.6; 
567; 0; 0; 0; 778.8; 
567; 0; 0; 0; 779; 
567; 0; 0; 0; 779.2; 
567; 0; 0; 0; 779.4; 
567; 0; 0; 0; 779.6; 
567; 0; 0; 0; 779.8; 
567; 0; 0; 0; 780; 
567; 0; 0; 0; 780.2; 
567; 0; 0; 0; 780.4; 
567; 0; 0; 0; 780.6; 
567; 0; 0; 0; 780.8; 
567; 0; 0; 0; 781; 
567; 0; 0; 0; 781.2; 
567; 0; 0; 0; 781.4; 
567; 0; 0; 0; 781.6; 
567; 0; 0; 0; 781.8; 
567; 0; 0; 0; 782; 
567; 0; 0; 0; 782.2; 
567; 0; 0; 0; 782.4; 
567; 0; 0; 0; 782.6; 
567; 0; 0; 0; 782.8; 
567; 0; 0; 0; 783; 
567; 0; 0; 0; 783.2; 
567; 0; 0; 0; 783.4; 
567; 0; 0; 0; 783.6; 
567; 0; 0; 0; 783.8; 
567; 0; 0; 0; 784; 
567; 0; 0; 0; 784.2; 
567; 0; 0; 0; 784.4; 
567; 0; 0; 0; 784.6; 
567; 0; 0; 0; 784.8; 
567; 0; 0; 0; 785; 
567; 0; 0; 0; 785.2; 
567; 0; 0; 0; 785.4; 
567; 0; 0; 0; 785.6; 
567; 0; 0; 0; 785.8; 
567; 0; 0; 0; 786; 
567; 0; 0; 0; 786.2; 
567; 0; 0; 0; 786.4; 
567; 0; 0; 0; 786.6; 
567; 0; 0; 0; 786.8; 
567; 0; 0; 0; 787; 
567; 0; 0; 0; 787.2; 
567; 0; 0; 0; 787.4; 
567; 0; 0; 0; 787.6; 
567; 0; 0; 0; 787.8; 
567; 0; 0; 0; 788; 
567; 0; 0; 0; 788.2; 
567; 0; 0; 0; 788.4; 
567; 0; 0; 0; 788.6; 
567; 0; 0; 0; 788.8; 
567; 0; 0; 0; 789; 
567; 0; 0; 0; 789.2; 
567; 0; 0; 0; 789.4; 
567; 0; 0; 0; 789.6; 
567; 0; 0; 0; 789.8; 
567; 0; 0; 0; 790; 
567; 0; 0; 0; 790.2; 
567; 0; 0; 0; 790.4; 
567; 0; 0; 0; 790.6; 
567; 0; 0; 0; 790.8; 
567; 0; 0; 0; 791; 
567; 0; 0; 0; 791.2; 
567; 0; 0; 0; 791.4; 
567; 0; 0; 0; 791.6; 
567; 0; 0; 0; 791.8; 
567; 0; 0; 0; 792; 
567; 0; 0; 0; 792.2; 
567; 0; 0; 0; 792.4; 
567; 0; 0; 0; 792.6; 
567; 0; 0; 0; 792.8; 
567; 0; 0; 0; 793; 
567; 0; 0; 0; 793.2; 
567; 0; 0; 0; 793.4; 
567; 0; 0; 0; 793.6; 
567; 0; 0; 0; 793.8; 
567; 0; 0; 0; 794; 
567; 0; 0; 0; 794.2; 
567; 0; 0; 0; 794.4; 
567; 0; 0; 0; 794.6; 
567; 0; 0; 0; 794.8; 
567; 0; 0; 0; 795; 
567; 0; 0; 0; 795.2; 
567; 0; 0; 0; 795.4; 
567; 0; 0; 0; 795.6; 
567; 0; 0; 0; 795.8; 
567; 0; 0; 0; 796; 
567; 0; 0; 0; 796.2; 
567; 0; 0; 0; 796.4; 
567; 0; 0; 0; 796.6; 
567; 0; 0; 0; 796.8; 
567; 0; 0; 0; 797; 
567; 0; 0; 0; 797.2; 
567; 0; 0; 0; 797.4; 
567; 0; 0; 0; 797.6; 
567; 0; 0; 0; 797.8; 
567; 0; 0; 0; 798; 
567; 0; 0; 0; 798.2; 
567; 0; 0; 0; 798.4; 
567; 0; 0; 0; 798.6; 
567; 0; 0; 0; 798.8; 
567; 0; 0; 0; 799; 
567; 0; 0; 0; 799.2; 
567; 0; 0; 0; 799.4; 
567; 0; 0; 0; 799.6; 
567; 0; 0; 0; 799.8; 
567; 0; 0; 0; 800; 
567; 0; 0; 0; 800.2; 
567; 0; 0; 0; 800.4; 
567; 0; 0; 0; 800.6; 
567; 0; 0; 0; 800.8; 
567; 0; 0; 0; 801; 
567; 0; 0; 0; 801.2; 
567; 0; 0; 0; 801.4; 
567; 0; 0; 0; 801.6; 
567; 0; 0; 0; 801.8; 
567; 0; 0; 0; 802; 
567; 0; 0; 0; 802.2; 
567; 0; 0; 0; 802.4; 
567; 0; 0; 0; 802.6; 
567; 0; 0; 0; 802.8; 
567; 0; 0; 0; 803; 
567; 0; 0; 0; 803.2; 
567; 0; 0; 0; 803.4; 
567; 0; 0; 0; 803.6; 
567; 0; 0; 0; 803.8; 
567; 0; 0; 0; 804; 
567; 0; 0; 0; 804.2; 
567; 0; 0; 0; 804.4; 
567; 0; 0; 0; 804.6; 
567; 0; 0; 0; 804.8; 
567; 0; 0; 0; 805; 
567; 0; 0; 0; 805.2; 
567; 0; 0; 0; 805.4; 
567; 0; 0; 0; 805.6; 
567; 0; 0; 0; 805.8; 
567; 0; 0; 0; 806; 
567; 0; 0; 0; 806.2; 
567; 0; 0; 0; 806.4; 
567; 0; 0; 0; 806.6; 
567; 0; 0; 0; 806.8; 
567; 0; 0; 0; 807; 
567; 0; 0; 0; 807.2; 
567; 0; 0; 0; 807.4; 
567; 0; 0; 0; 807.6; 
567; 0; 0; 0; 807.8; 
567; 0; 0; 0; 808; 
567; 0; 0; 0; 808.2; 
567; 0; 0; 0; 808.4; 
567; 0; 0; 0; 808.6; 
567; 0; 0; 0; 808.8; 
567; 0; 0; 0; 809; 
567; 0; 0; 0; 809.2; 
567; 0; 0; 0; 809.4; 
567; 0; 0; 0; 809.6; 
567; 0; 0; 0; 809.8; 
567; 0; 0; 0; 810; 
567; 0; 0; 0; 810.2; 
567; 0; 0; 0; 810.4; 
567; 0; 0; 0; 810.6; 
567; 0; 0; 0; 810.8; 
567; 0; 0; 0; 811; 
567; 0; 0; 0; 811.2; 
567; 0; 0; 0; 811.4; 
567; 0; 0; 0; 811.6; 
567; 0; 0; 0; 811.8; 
567; 0; 0; 0; 812; 
567; 0; 0; 0; 812.2; 
567; 0; 0; 0; 812.4; 
567; 0; 0; 0; 812.6; 
567; 0; 0; 0; 812.8; 
567; 0; 0; 0; 813; 
567; 0; 0; 0; 813.2; 
567; 0; 0; 0; 813.4; 
567; 0; 0; 0; 813.6; 
567; 0; 0; 0; 813.8; 
567; 0; 0; 0; 814; 
567; 0; 0; 0; 814.2; 
567; 0; 0; 0; 814.4; 
567; 0; 0; 0; 814.6; 
567; 0; 0; 0; 814.8; 
567; 0; 0; 0; 815; 
567; 0; 0; 0; 815.2; 
567; 0; 0; 0; 815.4; 
567; 0; 0; 0; 815.6; 
567; 0; 0; 0; 815.8; 
567; 0; 0; 0; 816; 
567; 0; 0; 0; 816.2; 
567; 0; 0; 0; 816.4; 
567; 0; 0; 0; 816.6; 
567; 0; 0; 0; 816.8; 
567; 0; 0; 0; 817; 
567; 0; 0; 0; 817.2; 
567; 0; 0; 0; 817.4; 
567; 0; 0; 0; 817.6; 
567; 0; 0; 0; 817.8; 
567; 0; 0; 0; 818; 
567; 0; 0; 0; 818.2; 
567; 0; 0; 0; 818.4; 
567; 0; 0; 0; 818.6; 
567; 0; 0; 0; 818.8; 
567; 0; 0; 0; 819; 
567; 0; 0; 0; 819.2; 
567; 0; 0; 0; 819.4; 
567; 0; 0; 0; 819.6; 
567; 0; 0; 0; 819.8; 
567; 0; 0; 0; 820; 
567; 0; 0; 0; 820.2; 
567; 0; 0; 0; 820.4; 
567; 0; 0; 0; 820.6; 
567; 0; 0; 0; 820.8; 
567; 0; 0; 0; 821; 
567; 0; 0; 0; 821.2; 
567; 0; 0; 0; 821.4; 
567; 0; 0; 0; 821.6; 
567; 0; 0; 0; 821.8; 
567; 0; 0; 0; 822; 
567; 0; 0; 0; 822.2; 
567; 0; 0; 0; 822.4; 
567; 0; 0; 0; 822.6; 
567; 0; 0; 0; 822.8; 
567; 0; 0; 0; 823; 
567; 0; 0; 0; 823.2; 
567; 0; 0; 0; 823.4; 
567; 0; 0; 0; 823.6; 
567; 0; 0; 0; 823.8; 
567; 0; 0; 0; 824; 
567; 0; 0; 0; 824.2; 
