567; 0; 0; 170; 0; 
567; 0; 0; 170; 0.2; 
567; 0; 0; 170; 0.4; 
567; 0; 0; 170; 0.6; 
567; 0; 0; 170; 0.8; 
567; 0; 0; 170; 1; 
567; 0; 0; 170; 1.2; 
567; 0; 0; 170; 1.4; 
567; 0; 0; 170; 1.6; 
567; 0; 0; 170; 1.8; 
567; 0; 0; 170; 2; 
567; 0; 0; 170; 2.2; 
567; 0; 0; 170; 2.4; 
567; 0; 0; 170; 2.6; 
567; 0; 0; 170; 2.8; 
567; 0; 0; 170; 3; 
567; 0; 0; 170; 3.2; 
567; 0; 0; 170; 3.4; 
567; 0; 0; 170; 3.6; 
567; 0; 0; 170; 3.8; 
567; 0; 0; 170; 4; 
567; 0; 0; 170; 4.2; 
567; 0; 0; 170; 4.4; 
567; 0; 0; 170; 4.6; 
567; 0; 0; 170; 4.8; 
567; 0; 0; 170; 5; 
567; 0; 0; 170; 5.2; 
567; 0; 0; 170; 5.4; 
567; 0; 0; 170; 5.6; 
567; 0; 0; 170; 5.8; 
567; 0; 0; 170; 6; 
567; 0; 0; 170; 6.2; 
567; 0; 0; 170; 6.4; 
567; 0; 0; 170; 6.6; 
567; 0; 0; 170; 6.8; 
567; 0; 0; 170; 7; 
567; 0; 0; 170; 7.2; 
567; 0; 0; 170; 7.4; 
567; 0; 0; 170; 7.6; 
567; 0; 0; 170; 7.8; 
567; 0; 0; 170; 8; 
567; 0; 0; 170; 8.2; 
567; 0; 0; 170; 8.4; 
567; 0; 0; 170; 8.6; 
567; 0; 0; 170; 8.8; 
567; 0; 0; 170; 9; 
567; 0; 0; 170; 9.2; 
567; 0; 0; 170; 9.4; 
567; 0; 0; 170; 9.6; 
567; 0; 0; 170; 9.8; 
567; 0; 0; 170; 10; 
567; 0; 0; 170; 10.2; 
567; 0; 0; 170; 10.4; 
567; 0; 0; 170; 10.6; 
567; 0; 0; 170; 10.8; 
567; 0; 0; 170; 11; 
567; 0; 0; 170; 11.2; 
567; 0; 0; 170; 11.4; 
567; 0; 0; 170; 11.6; 
567; 0; 0; 170; 11.8; 
567; 0; 0; 170; 12; 
567; 0; 0; 170; 12.2; 
567; 0; 0; 170; 12.4; 
567; 0; 0; 170; 12.6; 
567; 0; 0; 170; 12.8; 
567; 0; 0; 170; 13; 
567; 0; 0; 170; 13.2; 
567; 0; 0; 170; 13.4; 
567; 0; 0; 170; 13.6; 
567; 0; 0; 170; 13.8; 
567; 0; 0; 170; 14; 
567; 0; 0; 170; 14.2; 
567; 0; 0; 170; 14.4; 
567; 0; 0; 170; 14.6; 
567; 0; 0; 170; 14.8; 
567; 0; 0; 170; 15; 
567; 0; 0; 170; 15.2; 
567; 0; 0; 170; 15.4; 
567; 0; 0; 170; 15.6; 
567; 0; 0; 170; 15.8; 
567; 0; 0; 170; 16; 
567; 0; 0; 170; 16.2; 
567; 0; 0; 170; 16.4; 
567; 0; 0; 170; 16.6; 
567; 0; 0; 170; 16.8; 
567; 0; 0; 170; 17; 
567; 0; 0; 170; 17.2; 
567; 0; 0; 170; 17.4; 
567; 0; 0; 170; 17.6; 
567; 0; 0; 170; 17.8; 
567; 0; 0; 170; 18; 
567; 0; 0; 170; 18.2; 
567; 0; 0; 170; 18.4; 
567; 0; 0; 170; 18.6; 
567; 0; 0; 170; 18.8; 
567; 0; 0; 170; 19; 
567; 0; 0; 170; 19.2; 
567; 0; 0; 170; 19.4; 
567; 0; 0; 170; 19.6; 
567; 0; 0; 170; 19.8; 
567; 0; 0; 170; 20; 
567; 0; 0; 170; 20.2; 
567; 0; 0; 170; 20.4; 
567; 0; 0; 170; 20.6; 
567; 0; 0; 170; 20.8; 
567; 0; 0; 170; 21; 
567; 0; 0; 170; 21.2; 
567; 0; 0; 170; 21.4; 
567; 0; 0; 170; 21.6; 
567; 0; 0; 170; 21.8; 
567; 0; 0; 170; 22; 
567; 0; 0; 170; 22.2; 
567; 0; 0; 170; 22.4; 
567; 0; 0; 170; 22.6; 
567; 0; 0; 170; 22.8; 
567; 0; 0; 170; 23; 
567; 0; 0; 170; 23.2; 
567; 0; 0; 170; 23.4; 
567; 0; 0; 170; 23.6; 
567; 0; 2410.1873; 170; 23.8; 
567; 0; 2410.1873; 170; 24; 
567; 0; 2410.1873; 170; 24.2; 
567; 0; 2410.1873; 170; 24.4; 
567; 0; 2410.1873; 170; 24.6; 
567; 0; 2410.1873; 170; 24.8; 
567; 0; 2410.1873; 170; 25; 
567; 0; 2410.1873; 170; 25.2; 
567; 0; 2410.1873; 170; 25.4; 
567; 0; 2410.1873; 170; 25.6; 
567; 0; 2410.1873; 170; 25.8; 
567; 0; 2410.1873; 170; 26; 
567; 0; 2410.1873; 170; 26.2; 
567; 0; 2410.1873; 170; 26.4; 
567; 0; 2410.1873; 170; 26.6; 
567; 0; 2410.1873; 170; 26.8; 
567; 0; 2410.1873; 170; 27; 
567; 0; 2410.1873; 170; 27.2; 
567; 0; 2410.1873; 170; 27.4; 
567; 0; 2410.1873; 170; 27.6; 
567; 0; 2410.1873; 170; 27.8; 
567; 0; 2410.1873; 170; 28; 
567; 0; 2410.1873; 170; 28.2; 
567; 0; 2410.1873; 170; 28.4; 
567; 0; 2410.1873; 170; 28.6; 
567; 0; 2410.1873; 170; 28.8; 
567; 0; 2410.1873; 170; 29; 
567; 0; 2410.1873; 170; 29.2; 
567; 0; 2410.1873; 170; 29.4; 
567; 0; 2410.1873; 170; 29.6; 
567; 0; 2410.1873; 170; 29.8; 
567; 0; 2410.1873; 170; 30; 
567; 0; 2410.1873; 170; 30.2; 
567; 0; 2410.1873; 170; 30.4; 
567; 0; 2410.1873; 170; 30.6; 
567; 0; 2410.1873; 170; 30.8; 
567; 0; 2410.1873; 170; 31; 
567; 0; 2410.1873; 170; 31.2; 
567; 0; 2410.1873; 170; 31.4; 
567; 0; 2410.1873; 170; 31.6; 
567; 0; 2410.1873; 170; 31.8; 
567; 0; 2410.1873; 170; 32; 
567; 0; 2410.1873; 170; 32.2; 
567; 0; 2410.1873; 170; 32.4; 
567; 0; 2410.1873; 170; 32.6; 
567; 0; 2410.1873; 170; 32.8; 
567; 0; 2410.1873; 170; 33; 
567; 0; 2410.1873; 170; 33.2; 
567; 0; 2410.1873; 170; 33.4; 
567; 0; 2410.1873; 170; 33.6; 
567; 0; 2410.1873; 170; 33.8; 
567; 0; 2410.1873; 170; 34; 
567; 0; 2410.1873; 170; 34.2; 
567; 0; 2410.1873; 170; 34.4; 
567; 0; 2410.1873; 170; 34.6; 
567; 0; 2410.1873; 170; 34.8; 
567; 0; 2410.1873; 170; 35; 
567; 0; 2410.1873; 170; 35.2; 
567; 0; 2410.1873; 170; 35.4; 
567; 0; 2410.1873; 170; 35.6; 
567; 0; 2410.1873; 170; 35.8; 
567; 0; 2410.1873; 170; 36; 
567; 0; 2410.1873; 170; 36.2; 
567; 0; 2410.1873; 170; 36.4; 
567; 0; 2410.1873; 170; 36.6; 
567; 0; 2410.1873; 170; 36.8; 
567; 0; 2410.1873; 170; 37; 
567; 0; 2410.1873; 170; 37.2; 
567; 0; 2410.1873; 170; 37.4; 
567; 0; 2410.1873; 170; 37.6; 
567; 0; 2410.1873; 170; 37.8; 
567; 0; 2410.1873; 170; 38; 
567; 0; 2410.1873; 170; 38.2; 
567; 0; 2410.1873; 170; 38.4; 
567; 0; 2410.1873; 170; 38.6; 
567; 0; 2410.1873; 170; 38.8; 
567; 0; 2426.5565; 170; 39; 
567; 0; 2459.8629; 170; 39.2; 
567; 0; 2510.5598; 170; 39.4; 
567; 0; 2709.4991; 170; 39.6; 
567; 0; 2957.9522; 170; 39.8; 
567; 0; 3008.6727; 170; 40; 
567; 0; 3043.2697; 170; 40.2; 
567; 0; 3095.5533; 170; 40.4; 
567; 0; 3125.8727; 170; 40.6; 
567; 0; 3153.3582; 170; 40.8; 
567; 0; 3167.0961; 170; 41; 
567; 0; 3180.9859; 170; 41.2; 
567; 0; 3180.4995; 170; 41.4; 
567; 0; 3180.0237; 170; 41.6; 
567; 0; 3165.2139; 170; 41.8; 
567; 0; 3164.7671; 170; 42; 
567; 0; 3164.3298; 170; 42.2; 
567; 0; 3163.9025; 170; 42.4; 
567; 0; 3163.486; 170; 42.6; 
567; 0; 3163.0808; 170; 42.8; 
567; 0; 3162.6877; 170; 43; 
567; 0; 3162.3071; 170; 43.2; 
567; 0; 3161.9392; 170; 43.4; 
567; 0; 3161.5827; 170; 43.6; 
567; 0; 3161.2365; 170; 43.8; 
567; 0; 3160.8997; 170; 44; 
567; 0; 3160.5718; 170; 44.2; 
567; 0; 3160.2525; 170; 44.4; 
567; 0; 3159.9414; 170; 44.6; 
567; 0; 3159.6386; 170; 44.8; 
567; 0; 3159.3439; 170; 45; 
567; 0; 3159.0573; 170; 45.2; 
567; 0; 3158.779; 170; 45.4; 
567; 0; 3158.5088; 170; 45.6; 
567; 0; 3158.247; 170; 45.8; 
567; 0; 3157.9934; 170; 46; 
567; 0; 3157.7481; 170; 46.2; 
567; 0; 3157.5113; 170; 46.4; 
567; 0; 3157.2829; 170; 46.6; 
567; 0; 3157.063; 170; 46.8; 
567; 0; 3156.8517; 170; 47; 
567; 0; 3156.649; 170; 47.2; 
567; 0; 3170.6102; 170; 47.4; 
567; 0; 3170.4209; 170; 47.6; 
567; 0; 3170.2405; 170; 47.8; 
567; 0; 3170.0691; 170; 48; 
567; 0; 3169.9068; 170; 48.2; 
567; 0; 3169.7536; 170; 48.4; 
567; 0; 3183.9213; 170; 48.6; 
567; 0; 3183.7838; 170; 48.8; 
567; 0; 3183.6557; 170; 49; 
567; 0; 3183.5372; 170; 49.2; 
567; 0; 3183.4285; 170; 49.4; 
567; 0; 3183.3294; 170; 49.6; 
567; 0; 3197.7188; 170; 49.8; 
567; 0; 3197.6377; 170; 50; 
567; 0; 3197.5669; 170; 50.2; 
567; 0; 3197.5063; 170; 50.4; 
567; 0; 3212.1141; 170; 50.6; 
567; 0; 3212.0734; 170; 50.8; 
567; 0; 3212.0434; 170; 51; 
567; 0; 3212.0242; 170; 51.2; 
567; 0; 3226.8612; 170; 51.4; 
567; 0; 3226.8639; 170; 51.6; 
567; 0; 3226.8779; 170; 51.8; 
567; 0; 3241.9433; 170; 52; 
567; 0; 3241.9806; 170; 52.2; 
567; 0; 3242.0264; 170; 52.4; 
567; 0; 3242.0775; 170; 52.6; 
567; 0; 3254.1951; 170; 52.8; 
567; 0; 3254.249; 170; 53; 
567; 0; 3254.3005; 170; 53.2; 
567; 0; 3254.3479; 170; 53.4; 
567; 0; 3266.6091; 170; 53.6; 
567; 0; 3266.6447; 170; 53.8; 
567; 0; 3266.6728; 170; 54; 
567; 0; 3266.6932; 170; 54.2; 
567; 0; 3279.0819; 170; 54.4; 
567; 0; 3279.0872; 170; 54.6; 
567; 0; 3279.0857; 170; 54.8; 
567; 0; 3279.078; 170; 55; 
567; 0; 3291.599; 170; 55.2; 
567; 0; 3291.5815; 170; 55.4; 
567; 0; 3291.5607; 170; 55.6; 
567; 0; 3291.5377; 170; 55.8; 
567; 0; 3291.5135; 170; 56; 
567; 0; 3304.1824; 170; 56.2; 
567; 0; 3304.158; 170; 56.4; 
567; 0; 3304.1349; 170; 56.6; 
567; 0; 3304.1136; 170; 56.8; 
567; 0; 3316.9505; 170; 57; 
567; 0; 3316.9335; 170; 57.2; 
567; 0; 3316.9191; 170; 57.4; 
567; 0; 3316.9072; 170; 57.6; 
567; 0; 3329.9197; 170; 57.8; 
567; 0; 3329.9123; 170; 58; 
567; 0; 3329.9067; 170; 58.2; 
567; 0; 3329.9027; 170; 58.4; 
567; 0; 3329.8999; 170; 58.6; 
567; 0; 3343.0892; 170; 58.8; 
567; 0; 3343.0876; 170; 59; 
567; 0; 3343.0861; 170; 59.2; 
567; 0; 3343.0845; 170; 59.4; 
567; 0; 3356.4463; 170; 59.6; 
567; 0; 3356.4438; 170; 59.8; 
567; 0; 3356.4406; 170; 60; 
567; 0; 3356.4367; 170; 60.2; 
567; 0; 3369.9715; 170; 60.4; 
567; 0; 3369.9663; 170; 60.6; 
567; 0; 3369.9606; 170; 60.8; 
567; 0; 3369.9545; 170; 61; 
567; 0; 3369.9482; 170; 61.2; 
567; 0; 3380.6664; 170; 61.4; 
567; 0; 3380.6598; 170; 61.6; 
567; 0; 3380.6533; 170; 61.8; 
567; 0; 3380.647; 170; 62; 
567; 0; 3391.49; 170; 62.2; 
567; 0; 3391.4842; 170; 62.4; 
567; 0; 3391.4788; 170; 62.6; 
567; 0; 3391.4737; 170; 62.8; 
567; 0; 3391.4689; 170; 63; 
567; 0; 3402.4389; 170; 63.2; 
567; 0; 3402.4347; 170; 63.4; 
567; 0; 3402.4308; 170; 63.6; 
567; 0; 3402.4271; 170; 63.8; 
567; 0; 3402.4235; 170; 64; 
567; 0; 3413.5206; 170; 64.2; 
567; 0; 3413.5171; 170; 64.4; 
567; 0; 3413.5136; 170; 64.6; 
567; 0; 3413.5103; 170; 64.8; 
567; 0; 3413.5061; 170; 65; 
567; 0; 3424.7259; 170; 65.2; 
567; 0; 3424.7116; 170; 65.4; 
567; 0; 3424.6887; 170; 65.6; 
567; 0; 3424.6555; 170; 65.8; 
567; 0; 3424.6104; 170; 66; 
567; 0; 3435.9071; 170; 66.2; 
567; 0; 3435.8337; 170; 66.4; 
567; 0; 3435.7452; 170; 66.6; 
567; 0; 3435.6443; 170; 66.8; 
567; 0; 3435.5349; 170; 67; 
567; 0; 3435.4213; 170; 67.2; 
567; 0; 3446.7885; 170; 67.4; 
567; 0; 3446.6769; 170; 67.6; 
567; 0; 3446.5709; 170; 67.8; 
567; 0; 3446.4725; 170; 68; 
567; 0; 3446.3822; 170; 68.2; 
567; 0; 3446.3002; 170; 68.4; 
567; 0; 3457.8343; 170; 68.6; 
567; 0; 3457.7664; 170; 68.8; 
567; 0; 3457.7041; 170; 69; 
567; 0; 3457.6463; 170; 69.2; 
567; 0; 3457.5919; 170; 69.4; 
567; 0; 3469.2781; 170; 69.6; 
567; 0; 3469.2279; 170; 69.8; 
567; 0; 3469.1792; 170; 70; 
567; 0; 3435.3432; 170; 70.2; 
567; 0; 3389.12; 170; 70.4; 
567; 0; 3342.8991; 170; 70.6; 
567; 0; 3308.281; 170; 70.8; 
567; 0; 3262.0707; 170; 71; 
567; 0; 3215.864; 170; 71.2; 
567; 0; 3169.661; 170; 71.4; 
567; 0; 3122.3885; 170; 71.6; 
567; 0; 3075.7939; 170; 71.8; 
567; 0; 3036.5683; 170; 72; 
567; 0; 2987.7311; 170; 72.2; 
567; 0; 2938.8973; 170; 72.4; 
567; 0; 2892.3902; 170; 72.6; 
567; 0; 2845.8856; 170; 72.8; 
567; 0; 2800.5453; 170; 73; 
567; 0; 2767.5408; 170; 73.2; 
567; 0; 2726.7913; 170; 73.4; 
567; 0; 2687.1444; 170; 73.6; 
567; 0; 2646.5699; 170; 73.8; 
567; 0; 2607.1748; 170; 74; 
567; 0; 2567.7814; 170; 74.2; 
567; 0; 2530.7757; 170; 74.4; 
567; 0; 2493.7717; 170; 74.6; 
567; 0; 2459.1554; 170; 74.8; 
567; 0; 2433.6367; 170; 75; 
567; 0; 2401.2918; 170; 75.2; 
567; 0; 2368.9482; 170; 75.4; 
567; 0; 2339.0006; 170; 75.6; 
567; 0; 2308.2358; 170; 75.8; 
567; 0; 2278.9208; 170; 76; 
567; 0; 2251.0091; 170; 76.2; 
567; 0; 2224.3112; 170; 76.4; 
567; 0; 2198.8273; 170; 76.6; 
567; 0; 2174.5572; 170; 76.8; 
567; 0; 2150.2879; 170; 77; 
567; 0; 2128.4446; 170; 77.2; 
567; 0; 2106.6009; 170; 77.4; 
567; 0; 2087.1826; 170; 77.6; 
567; 0; 2067.7639; 170; 77.8; 
567; 0; 2048.3451; 170; 78; 
567; 0; 2038.8903; 170; 78.2; 
567; 0; 2021.8413; 170; 78.4; 
567; 0; 2003.9742; 170; 78.6; 
567; 0; 1987.0245; 170; 78.8; 
567; 0; 1970.0763; 170; 79; 
567; 0; 1954.4327; 170; 79.2; 
567; 0; 1938.7903; 170; 79.4; 
567; 0; 1924.452; 170; 79.6; 
567; 0; 1910.1143; 170; 79.8; 
567; 0; 1895.7771; 170; 80; 
567; 0; 1882.7432; 170; 80.2; 
567; 0; 1871.0126; 170; 80.4; 
567; 0; 1859.282; 170; 80.6; 
567; 0; 1847.761; 170; 80.8; 
567; 0; 1837.6731; 170; 81; 
567; 0; 1828.846; 170; 81.2; 
567; 0; 1818.7582; 170; 81.4; 
567; 0; 1809.9313; 170; 81.6; 
567; 0; 1801.1046; 170; 81.8; 
567; 0; 1793.5389; 170; 82; 
567; 0; 1785.9735; 170; 82.2; 
567; 0; 1779.669; 170; 82.4; 
567; 0; 1772.1041; 170; 82.6; 
567; 0; 1765.8; 170; 82.8; 
567; 0; 1759.496; 170; 83; 
567; 0; 1754.453; 170; 83.2; 
567; 0; 1749.41; 170; 83.4; 
567; 0; 1744.3672; 170; 83.6; 
567; 0; 1739.3244; 170; 83.8; 
567; 0; 1734.2817; 170; 84; 
567; 0; 1730.3335; 170; 84.2; 
567; 0; 1726.2643; 170; 84.4; 
567; 0; 1722.1951; 170; 84.6; 
567; 0; 1718.1259; 170; 84.8; 
567; 0; 1714.0566; 170; 85; 
567; 0; 1711.3439; 170; 85.2; 
567; 0; 1708.6312; 170; 85.4; 
567; 0; 1705.9187; 170; 85.6; 
567; 0; 1703.2062; 170; 85.8; 
567; 0; 1700.4938; 170; 86; 
567; 0; 1697.7813; 170; 86.2; 
567; 0; 1696.4256; 170; 86.4; 
567; 0; 1693.7133; 170; 86.6; 
567; 0; 1692.3576; 170; 86.8; 
567; 0; 1691.002; 170; 87; 
567; 0; 1689.6463; 170; 87.2; 
567; 0; 1688.2906; 170; 87.4; 
567; 0; 1686.9349; 170; 87.6; 
567; 0; 1686.9358; 170; 87.8; 
567; 0; 1685.5803; 170; 88; 
567; 0; 1684.2247; 170; 88.2; 
567; 0; 1684.2258; 170; 88.4; 
567; 0; 1684.2268; 170; 88.6; 
567; 0; 1682.8713; 170; 88.8; 
567; 0; 1682.8725; 170; 89; 
567; 0; 1682.8735; 170; 89.2; 
567; 0; 1682.8743; 170; 89.4; 
567; 0; 1682.8751; 170; 89.6; 
567; 0; 1682.8758; 170; 89.8; 
567; 0; 1682.8767; 170; 90; 
567; 0; 1682.8776; 170; 90.2; 
567; 0; 1682.8786; 170; 90.4; 
567; 0; 1682.8796; 170; 90.6; 
567; 0; 1682.8807; 170; 90.8; 
567; 0; 1684.2384; 170; 91; 
567; 0; 1675.3189; 170; 91.2; 
567; 0; 1675.3201; 170; 91.4; 
567; 0; 1676.6741; 170; 91.6; 
567; 0; 1676.6752; 170; 91.8; 
567; 0; 1678.029; 170; 92; 
567; 0; 1678.0298; 170; 92.2; 
567; 0; 1679.3835; 170; 92.4; 
567; 0; 1680.7373; 170; 92.6; 
567; 0; 1682.0911; 170; 92.8; 
567; 0; 1682.0921; 170; 93; 
567; 0; 1683.446; 170; 93.2; 
567; 0; 1684.7999; 170; 93.4; 
567; 0; 1686.1538; 170; 93.6; 
567; 0; 1687.5078; 170; 93.8; 
567; 0; 1688.8617; 170; 94; 
567; 0; 1690.2156; 170; 94.2; 
567; 0; 1691.5695; 170; 94.4; 
567; 0; 1692.9235; 170; 94.6; 
567; 0; 1694.2773; 170; 94.8; 
567; 0; 1695.6311; 170; 95; 
567; 0; 1696.9849; 170; 95.2; 
567; 0; 1698.3384; 170; 95.4; 
567; 0; 1701.0397; 170; 95.6; 
567; 0; 1706.434; 170; 95.8; 
567; 0; 1713.1616; 170; 96; 
567; 0; 1722.5693; 170; 96.2; 
567; 0; 1735.7708; 170; 96.4; 
567; 0; 1749.4829; 170; 96.6; 
567; 0; 1766.9316; 170; 96.8; 
567; 0; 1786.8573; 170; 97; 
567; 0; 1808.0012; 170; 97.2; 
567; 0; 1829.1092; 170; 97.4; 
567; 0; 1850.4861; 170; 97.6; 
567; 0; 1869.6745; 170; 97.8; 
567; 0; 1888.8541; 170; 98; 
567; 0; 1906.7329; 170; 98.2; 
567; 0; 1922.0177; 170; 98.4; 
567; 0; 1937.3085; 170; 98.6; 
567; 0; 1951.3077; 170; 98.8; 
567; 0; 1964.0146; 170; 99; 
567; 0; 1976.726; 170; 99.2; 
567; 0; 1989.4391; 170; 99.4; 
567; 0; 1991.7733; 170; 99.6; 
567; 0; 2004.4397; 170; 99.8; 
567; 0; 2015.8077; 170; 100; 
567; 0; 2027.6648; 170; 100.2; 
567; 0; 2038.2712; 170; 100.4; 
567; 0; 2048.8725; 170; 100.6; 
567; 0; 2059.4695; 170; 100.8; 
567; 0; 2070.0629; 170; 101; 
567; 0; 2079.4457; 170; 101.2; 
567; 0; 2088.8269; 170; 101.4; 
567; 0; 2096.9994; 170; 101.6; 
567; 0; 2105.172; 170; 101.8; 
567; 0; 2113.3448; 170; 102; 
567; 0; 2120.31; 170; 102.2; 
567; 0; 2127.2755; 170; 102.4; 
567; 0; 2134.2411; 170; 102.6; 
567; 0; 2141.2065; 170; 102.8; 
567; 0; 2146.9638; 170; 103; 
567; 0; 2152.7206; 170; 103.2; 
567; 0; 2158.4766; 170; 103.4; 
567; 0; 2163.0243; 170; 103.6; 
567; 0; 2167.571; 170; 103.8; 
567; 0; 2173.3244; 170; 104; 
567; 0; 2177.8695; 170; 104.2; 
567; 0; 2181.2065; 170; 104.4; 
567; 0; 2185.7504; 170; 104.6; 
567; 0; 2189.0864; 170; 104.8; 
567; 0; 2192.422; 170; 105; 
567; 0; 2195.7574; 170; 105.2; 
567; 0; 2199.0928; 170; 105.4; 
567; 0; 2201.2208; 170; 105.6; 
567; 0; 2204.5561; 170; 105.8; 
567; 0; 2206.684; 170; 106; 
567; 0; 2208.8119; 170; 106.2; 
567; 0; 2210.9396; 170; 106.4; 
567; 0; 2213.0671; 170; 106.6; 
567; 0; 2213.9873; 170; 106.8; 
567; 0; 2216.1144; 170; 107; 
567; 0; 2217.0341; 170; 107.2; 
567; 0; 2219.1606; 170; 107.4; 
567; 0; 2220.08; 170; 107.6; 
567; 0; 2220.9992; 170; 107.8; 
567; 0; 2221.9184; 170; 108; 
567; 0; 2222.8375; 170; 108.2; 
567; 0; 2223.7565; 170; 108.4; 
567; 0; 2223.4688; 170; 108.6; 
567; 0; 2224.3876; 170; 108.8; 
567; 0; 2224.0996; 170; 109; 
567; 0; 2225.0183; 170; 109.2; 
567; 0; 2224.7303; 170; 109.4; 
567; 0; 2224.4422; 170; 109.6; 
567; 0; 2225.4398; 170; 109.8; 
567; 0; 2225.1842; 170; 110; 
567; 0; 2224.9285; 170; 110.2; 
567; 0; 2224.6728; 170; 110.4; 
567; 0; 2224.4171; 170; 110.6; 
567; 0; 2224.1613; 170; 110.8; 
567; 0; 2223.9057; 170; 111; 
567; 0; 2223.6499; 170; 111.2; 
567; 0; 2223.3943; 170; 111.4; 
567; 0; 2221.8749; 170; 111.6; 
567; 0; 2221.6192; 170; 111.8; 
567; 0; 2221.3634; 170; 112; 
567; 0; 2219.844; 170; 112.2; 
567; 0; 2219.5883; 170; 112.4; 
567; 0; 2219.3325; 170; 112.6; 
567; 0; 2217.8132; 170; 112.8; 
567; 0; 2217.5574; 170; 113; 
567; 0; 2216.0382; 170; 113.2; 
567; 0; 2215.7824; 170; 113.4; 
567; 0; 2214.2632; 170; 113.6; 
567; 0; 2214.0073; 170; 113.8; 
567; 0; 2212.4883; 170; 114; 
567; 0; 2212.2323; 170; 114.2; 
567; 0; 2219.592; 170; 114.4; 
567; 0; 2218.0679; 170; 114.6; 
567; 0; 2217.8115; 170; 114.8; 
567; 0; 2216.2875; 170; 115; 
567; 0; 2214.7634; 170; 115.2; 
567; 0; 2214.5069; 170; 115.4; 
567; 0; 2212.9829; 170; 115.6; 
567; 0; 2211.4589; 170; 115.8; 
567; 0; 2209.935; 170; 116; 
567; 0; 2208.4261; 170; 116.2; 
567; 0; 2206.9269; 170; 116.4; 
567; 0; 2205.4278; 170; 116.6; 
567; 0; 2203.9287; 170; 116.8; 
567; 0; 2203.6391; 170; 117; 
567; 0; 2202.1402; 170; 117.2; 
567; 0; 2200.6414; 170; 117.4; 
567; 0; 2199.1427; 170; 117.6; 
567; 0; 2197.644; 170; 117.8; 
567; 0; 2196.1452; 170; 118; 
567; 0; 2194.6466; 170; 118.2; 
567; 0; 2193.148; 170; 118.4; 
567; 0; 2191.6493; 170; 118.6; 
567; 0; 2190.1507; 170; 118.8; 
567; 0; 2188.6522; 170; 119; 
567; 0; 2187.1538; 170; 119.2; 
567; 0; 2185.6554; 170; 119.4; 
567; 0; 2184.157; 170; 119.6; 
567; 0; 2182.6586; 170; 119.8; 
567; 0; 2181.1604; 170; 120; 
567; 0; 2180.871; 170; 120.2; 
567; 0; 2179.3729; 170; 120.4; 
567; 0; 2177.8749; 170; 120.6; 
567; 0; 2176.377; 170; 120.8; 
567; 0; 2174.8792; 170; 121; 
567; 0; 2173.3814; 170; 121.2; 
567; 0; 2173.0922; 170; 121.4; 
567; 0; 2171.5945; 170; 121.6; 
567; 0; 2170.097; 170; 121.8; 
567; 0; 2168.5995; 170; 122; 
567; 0; 2167.1019; 170; 122.2; 
567; 0; 2165.6045; 170; 122.4; 
567; 0; 2165.3154; 170; 122.6; 
567; 0; 2163.818; 170; 122.8; 
567; 0; 2162.3207; 170; 123; 
567; 0; 2160.8235; 170; 123.2; 
567; 0; 2160.5345; 170; 123.4; 
567; 0; 2159.0374; 170; 123.6; 
567; 0; 2157.5403; 170; 123.8; 
567; 0; 2156.0433; 170; 124; 
567; 0; 2155.7544; 170; 124.2; 
567; 0; 2154.2576; 170; 124.4; 
567; 0; 2152.7609; 170; 124.6; 
567; 0; 2152.4722; 170; 124.8; 
567; 0; 2150.9756; 170; 125; 
567; 0; 2149.479; 170; 125.2; 
567; 0; 2149.1903; 170; 125.4; 
567; 0; 2147.6938; 170; 125.6; 
567; 0; 2146.1974; 170; 125.8; 
567; 0; 2145.9087; 170; 126; 
567; 0; 2144.4124; 170; 126.2; 
567; 0; 2142.9162; 170; 126.4; 
567; 0; 2142.6278; 170; 126.6; 
567; 0; 2141.1318; 170; 126.8; 
567; 0; 2139.6359; 170; 127; 
567; 0; 2139.3474; 170; 127.2; 
567; 0; 2137.8515; 170; 127.4; 
567; 0; 2136.3557; 170; 127.6; 
567; 0; 2136.0673; 170; 127.8; 
567; 0; 2134.5715; 170; 128; 
567; 0; 2134.2831; 170; 128.2; 
567; 0; 2132.7875; 170; 128.4; 
567; 0; 2132.4996; 170; 128.6; 
567; 0; 2132.2124; 170; 128.8; 
567; 0; 2131.9268; 170; 129; 
567; 0; 2129.2326; 170; 129.2; 
567; 0; 2126.5512; 170; 129.4; 
567; 0; 2121.4756; 170; 129.6; 
567; 0; 2114.0107; 170; 129.8; 
567; 0; 2105.3671; 170; 130; 
567; 0; 2095.5472; 170; 130.2; 
567; 0; 2082.139; 170; 130.4; 
567; 0; 2067.5573; 170; 130.6; 
567; 0; 2050.5958; 170; 130.8; 
567; 0; 2032.4618; 170; 131; 
567; 0; 2012.9265; 170; 131.2; 
567; 0; 1990.9887; 170; 131.4; 
567; 0; 1969.0689; 170; 131.6; 
567; 0; 1949.741; 170; 131.8; 
567; 0; 1932.995; 170; 132; 
567; 0; 1918.8227; 170; 132.2; 
567; 0; 1907.2185; 170; 132.4; 
567; 0; 1905.7803; 170; 132.6; 
567; 0; 1896.6916; 170; 132.8; 
567; 0; 1887.5867; 170; 133; 
567; 0; 1877.1739; 170; 133.2; 
567; 0; 1866.7562; 170; 133.4; 
567; 0; 1856.3399; 170; 133.6; 
567; 0; 1844.6334; 170; 133.8; 
567; 0; 1831.64; 170; 134; 
567; 0; 1818.6582; 170; 134.2; 
567; 0; 1805.6875; 170; 134.4; 
567; 0; 1792.7262; 170; 134.6; 
567; 0; 1781.0683; 170; 134.8; 
567; 0; 1768.1173; 170; 135; 
567; 0; 1757.7605; 170; 135.2; 
567; 0; 1747.402; 170; 135.4; 
567; 0; 1737.0403; 170; 135.6; 
567; 0; 1727.6128; 170; 135.8; 
567; 0; 1719.2455; 170; 136; 
567; 0; 1710.8742; 170; 136.2; 
567; 0; 1702.5859; 170; 136.4; 
567; 0; 1695.8316; 170; 136.6; 
567; 0; 1689.0766; 170; 136.8; 
567; 0; 1682.3219; 170; 137; 
567; 0; 1675.5682; 170; 137.2; 
567; 0; 1668.8161; 170; 137.4; 
567; 0; 1662.0657; 170; 137.6; 
567; 0; 1656.6669; 170; 137.8; 
567; 0; 1651.2694; 170; 138; 
567; 0; 1645.8729; 170; 138.2; 
567; 0; 1640.4769; 170; 138.4; 
567; 0; 1635.0809; 170; 138.6; 
567; 0; 1631.0344; 170; 138.8; 
567; 0; 1626.9876; 170; 139; 
567; 0; 1622.9403; 170; 139.2; 
567; 0; 1618.8925; 170; 139.4; 
567; 0; 1616.194; 170; 139.6; 
567; 0; 1613.4951; 170; 139.8; 
567; 0; 1609.4461; 170; 140; 
567; 0; 1606.7468; 170; 140.2; 
567; 0; 1604.0476; 170; 140.4; 
567; 0; 1602.6982; 170; 140.6; 
567; 0; 1599.9993; 170; 140.8; 
567; 0; 1597.3006; 170; 141; 
567; 0; 1595.9517; 170; 141.2; 
567; 0; 1593.2534; 170; 141.4; 
567; 0; 1591.9051; 170; 141.6; 
567; 0; 1590.5569; 170; 141.8; 
567; 0; 1589.2087; 170; 142; 
567; 0; 1587.8606; 170; 142.2; 
567; 0; 1586.5124; 170; 142.4; 
567; 0; 1585.164; 170; 142.6; 
567; 0; 1585.1652; 170; 142.8; 
567; 0; 1583.8166; 170; 143; 
567; 0; 1582.4681; 170; 143.2; 
567; 0; 1582.4695; 170; 143.4; 
567; 0; 1581.1211; 170; 143.6; 
567; 0; 1581.1225; 170; 143.8; 
567; 0; 1581.1239; 170; 144; 
567; 0; 1581.1252; 170; 144.2; 
567; 0; 1579.7767; 170; 144.4; 
567; 0; 1579.778; 170; 144.6; 
567; 0; 1579.7793; 170; 144.8; 
567; 0; 1579.7805; 170; 145; 
567; 0; 1579.7816; 170; 145.2; 
567; 0; 1579.7829; 170; 145.4; 
567; 0; 1581.1323; 170; 145.6; 
567; 0; 1583.8233; 170; 145.8; 
567; 0; 1587.8477; 170; 146; 
567; 0; 1595.8981; 170; 146.2; 
567; 0; 1606.6192; 170; 146.4; 
567; 0; 1611.3881; 170; 146.6; 
567; 0; 1628.7407; 170; 146.8; 
567; 0; 1647.4; 170; 147; 
567; 0; 1667.3657; 170; 147.2; 
567; 0; 1687.2975; 170; 147.4; 
567; 0; 1707.6926; 170; 147.6; 
567; 0; 1725.4901; 170; 147.8; 
567; 0; 1741.2437; 170; 148; 
567; 0; 1755.2; 170; 148.2; 
567; 0; 1767.872; 170; 148.4; 
567; 0; 1779.2617; 170; 148.6; 
567; 0; 1790.6612; 170; 148.8; 
567; 0; 1800.7769; 170; 149; 
567; 0; 1809.6066; 170; 149.2; 
567; 0; 1818.4391; 170; 149.4; 
567; 0; 1828.5636; 170; 149.6; 
567; 0; 1837.3939; 170; 149.8; 
567; 0; 1846.2204; 170; 150; 
567; 0; 1856.3339; 170; 150.2; 
567; 0; 1865.1507; 170; 150.4; 
567; 0; 1873.9631; 170; 150.6; 
567; 0; 1882.772; 170; 150.8; 
567; 0; 1890.2867; 170; 151; 
567; 0; 1897.8; 170; 151.2; 
567; 0; 1905.3128; 170; 151.4; 
567; 0; 1911.5342; 170; 151.6; 
567; 0; 1917.7562; 170; 151.8; 
567; 0; 1923.9792; 170; 152; 
567; 0; 1930.203; 170; 152.2; 
567; 0; 1935.1362; 170; 152.4; 
567; 0; 1940.0698; 170; 152.6; 
567; 0; 1945.0035; 170; 152.8; 
567; 0; 1948.6456; 170; 153; 
567; 0; 1953.5785; 170; 153.2; 
567; 0; 1957.2195; 170; 153.4; 
567; 0; 1962.151; 170; 153.6; 
567; 0; 1965.7907; 170; 153.8; 
567; 0; 1969.4296; 170; 154; 
567; 0; 1971.7768; 170; 154.2; 
567; 0; 1975.4147; 170; 154.4; 
567; 0; 1979.0523; 170; 154.6; 
567; 0; 1981.3987; 170; 154.8; 
567; 0; 1983.7448; 170; 155; 
567; 0; 1986.091; 170; 155.2; 
567; 0; 1988.4371; 170; 155.4; 
567; 0; 1990.7834; 170; 155.6; 
567; 0; 1991.8387; 170; 155.8; 
567; 0; 1994.185; 170; 156; 
567; 0; 1995.2403; 170; 156.2; 
567; 0; 1997.5865; 170; 156.4; 
567; 0; 1998.6416; 170; 156.6; 
567; 0; 1999.6964; 170; 156.8; 
567; 0; 2000.751; 170; 157; 
567; 0; 2001.8055; 170; 157.2; 
567; 0; 2002.86; 170; 157.4; 
567; 0; 2003.9143; 170; 157.6; 
567; 0; 2004.9685; 170; 157.8; 
567; 0; 2006.0225; 170; 158; 
567; 0; 2005.7858; 170; 158.2; 
567; 0; 2006.8396; 170; 158.4; 
567; 0; 2006.6027; 170; 158.6; 
567; 0; 2007.6564; 170; 158.8; 
567; 0; 2007.4196; 170; 159; 
567; 0; 2008.4733; 170; 159.2; 
567; 0; 2008.2366; 170; 159.4; 
567; 0; 2007.9998; 170; 159.6; 
567; 0; 2009.0534; 170; 159.8; 
567; 0; 2008.8165; 170; 160; 
567; 0; 2008.5798; 170; 160.2; 
567; 0; 2008.343; 170; 160.4; 
567; 0; 2008.1062; 170; 160.6; 
567; 0; 2007.8694; 170; 160.8; 
567; 0; 2007.6325; 170; 161; 
567; 0; 2008.6858; 170; 161.2; 
567; 0; 2008.4495; 170; 161.4; 
567; 0; 2008.2144; 170; 161.6; 
567; 0; 2007.9814; 170; 161.8; 
567; 0; 2007.7515; 170; 162; 
567; 0; 2007.5259; 170; 162.2; 
567; 0; 2007.3055; 170; 162.4; 
567; 0; 2007.091; 170; 162.6; 
567; 0; 2006.8814; 170; 162.8; 
567; 0; 2007.9643; 170; 163; 
567; 0; 2010.3362; 170; 163.2; 
567; 0; 2013.9937; 170; 163.4; 
567; 0; 2018.7645; 170; 163.6; 
567; 0; 2024.5742; 170; 163.8; 
567; 0; 2031.5792; 170; 164; 
567; 0; 2038.5752; 170; 164.2; 
567; 0; 2045.5627; 170; 164.4; 
567; 0; 2051.339; 170; 164.6; 
567; 0; 2054.7048; 170; 164.8; 
567; 0; 2055.6739; 170; 165; 
567; 0; 2054.2536; 170; 165.2; 
567; 0; 2050.444; 170; 165.4; 
567; 0; 2043.0474; 170; 165.6; 
567; 0; 2034.4777; 170; 165.8; 
567; 0; 2023.5342; 170; 166; 
567; 0; 2009.784; 170; 166.2; 
567; 0; 1991.6991; 170; 166.4; 
567; 0; 1972.3655; 170; 166.6; 
567; 0; 1950.4924; 170; 166.8; 
567; 0; 1927.3626; 170; 167; 
567; 0; 1904.2544; 170; 167.2; 
567; 0; 1885.0232; 170; 167.4; 
567; 0; 1869.6572; 170; 167.6; 
567; 0; 1859.4358; 170; 167.8; 
567; 0; 1855.641; 170; 168; 
567; 0; 1855.6895; 170; 168.2; 
567; 0; 1859.5782; 170; 168.4; 
567; 0; 1863.4367; 170; 168.6; 
567; 0; 1867.2662; 170; 168.8; 
567; 0; 1868.4924; 170; 169; 
567; 0; 1865.8348; 170; 169.2; 
567; 0; 1860.5941; 170; 169.4; 
567; 0; 1851.4927; 170; 169.6; 
567; 0; 1842.4085; 170; 169.8; 
567; 0; 1830.7682; 170; 170; 
567; 0; 1817.8628; 170; 170.2; 
567; 0; 1803.6904; 170; 170.4; 
567; 0; 1789.535; 170; 170.6; 
567; 0; 1775.3902; 170; 170.8; 
567; 0; 1762.5386; 170; 171; 
567; 0; 1759.364; 170; 171.2; 
567; 0; 1749.0479; 170; 171.4; 
567; 0; 1740.0161; 170; 171.6; 
567; 0; 1732.2357; 170; 171.8; 
567; 0; 1723.8879; 170; 172; 
567; 0; 1716.9233; 170; 172.2; 
567; 0; 1709.9523; 170; 172.4; 
567; 0; 1701.5856; 170; 172.6; 
567; 0; 1694.61; 170; 172.8; 
567; 0; 1687.6358; 170; 173; 
567; 0; 1679.2725; 170; 173.2; 
567; 0; 1672.3052; 170; 173.4; 
567; 0; 1663.9497; 170; 173.6; 
567; 0; 1656.9899; 170; 173.8; 
567; 0; 1650.0327; 170; 174; 
567; 0; 1643.0772; 170; 174.2; 
567; 0; 1636.1226; 170; 174.4; 
567; 0; 1629.3844; 170; 174.6; 
567; 0; 1624.0029; 170; 174.8; 
567; 0; 1618.6203; 170; 175; 
567; 0; 1614.5832; 170; 175.2; 
567; 0; 1609.1979; 170; 175.4; 
567; 0; 1605.1583; 170; 175.6; 
567; 0; 1601.1178; 170; 175.8; 
567; 0; 1597.0767; 170; 176; 
567; 0; 1593.0353; 170; 176.2; 
567; 0; 1590.3408; 170; 176.4; 
567; 0; 1586.2998; 170; 176.6; 
567; 0; 1583.606; 170; 176.8; 
567; 0; 1580.9127; 170; 177; 
567; 0; 1578.2199; 170; 177.2; 
567; 0; 1575.5276; 170; 177.4; 
567; 0; 1572.8356; 170; 177.6; 
567; 0; 1570.1439; 170; 177.8; 
567; 0; 1567.4521; 170; 178; 
567; 0; 1566.107; 170; 178.2; 
567; 0; 1563.4148; 170; 178.4; 
567; 0; 1562.0691; 170; 178.6; 
567; 0; 1559.3764; 170; 178.8; 
567; 0; 1558.0304; 170; 179; 
567; 0; 1556.6844; 170; 179.2; 
567; 0; 1555.3386; 170; 179.4; 
567; 0; 1553.9927; 170; 179.6; 
567; 0; 1552.647; 170; 179.8; 
567; 0; 1552.648; 170; 180; 
567; 0; 1551.3022; 170; 180.2; 
567; 0; 1549.9564; 170; 180.4; 
567; 0; 1549.9575; 170; 180.6; 
567; 0; 1548.6118; 170; 180.8; 
567; 0; 1548.613; 170; 181; 
567; 0; 1547.2674; 170; 181.2; 
567; 0; 1547.2686; 170; 181.4; 
567; 0; 1545.923; 170; 181.6; 
567; 0; 1545.9243; 170; 181.8; 
567; 0; 1545.9255; 170; 182; 
567; 0; 1545.9267; 170; 182.2; 
567; 0; 1544.581; 170; 182.4; 
567; 0; 1544.5821; 170; 182.6; 
567; 0; 1544.5833; 170; 182.8; 
567; 0; 1544.5844; 170; 183; 
567; 0; 1544.5856; 170; 183.2; 
567; 0; 1544.5869; 170; 183.4; 
567; 0; 1544.588; 170; 183.6; 
567; 0; 1544.5892; 170; 183.8; 
567; 0; 1544.5903; 170; 184; 
567; 0; 1544.5913; 170; 184.2; 
567; 0; 1544.5923; 170; 184.4; 
567; 0; 1544.5933; 170; 184.6; 
567; 0; 1545.9411; 170; 184.8; 
567; 0; 1545.9421; 170; 185; 
567; 0; 1545.9432; 170; 185.2; 
567; 0; 1545.9442; 170; 185.4; 
567; 0; 1545.9454; 170; 185.6; 
567; 0; 1545.9465; 170; 185.8; 
567; 0; 1547.2945; 170; 186; 
567; 0; 1547.2957; 170; 186.2; 
567; 0; 1547.2969; 170; 186.4; 
567; 0; 1538.9328; 170; 186.6; 
567; 0; 1540.2771; 170; 186.8; 
567; 0; 1540.2782; 170; 187; 
567; 0; 1540.2793; 170; 187.2; 
567; 0; 1541.6234; 170; 187.4; 
567; 0; 1541.6245; 170; 187.6; 
567; 0; 1542.9687; 170; 187.8; 
567; 0; 1542.9698; 170; 188; 
567; 0; 1544.3139; 170; 188.2; 
567; 0; 1544.3148; 170; 188.4; 
567; 0; 1545.659; 170; 188.6; 
567; 0; 1545.66; 170; 188.8; 
567; 0; 1547.0042; 170; 189; 
567; 0; 1548.3484; 170; 189.2; 
567; 0; 1548.3494; 170; 189.4; 
567; 0; 1549.6935; 170; 189.6; 
567; 0; 1551.0377; 170; 189.8; 
567; 0; 1551.0389; 170; 190; 
567; 0; 1552.3831; 170; 190.2; 
567; 0; 1553.7273; 170; 190.4; 
567; 0; 1555.0718; 170; 190.6; 
567; 0; 1555.0735; 170; 190.8; 
567; 0; 1556.4185; 170; 191; 
567; 0; 1556.4203; 170; 191.2; 
567; 0; 1557.765; 170; 191.4; 
567; 0; 1559.1094; 170; 191.6; 
567; 0; 1559.1104; 170; 191.8; 
567; 0; 1560.454; 170; 192; 
567; 0; 1561.7974; 170; 192.2; 
567; 0; 1561.7976; 170; 192.4; 
567; 0; 1563.1411; 170; 192.6; 
567; 0; 1563.1416; 170; 192.8; 
567; 0; 1564.4853; 170; 193; 
567; 0; 1564.4861; 170; 193.2; 
567; 0; 1565.83; 170; 193.4; 
567; 0; 1565.8309; 170; 193.6; 
567; 0; 1567.1749; 170; 193.8; 
567; 0; 1567.1759; 170; 194; 
567; 0; 1568.52; 170; 194.2; 
567; 0; 1568.5209; 170; 194.4; 
567; 0; 1569.865; 170; 194.6; 
567; 0; 1569.866; 170; 194.8; 
567; 0; 1569.8669; 170; 195; 
567; 0; 1571.2109; 170; 195.2; 
567; 0; 1571.2119; 170; 195.4; 
567; 0; 1572.556; 170; 195.6; 
567; 0; 1572.5571; 170; 195.8; 
567; 0; 1572.5581; 170; 196; 
567; 0; 1573.9022; 170; 196.2; 
567; 0; 1573.9031; 170; 196.4; 
567; 0; 1573.9041; 170; 196.6; 
567; 0; 1573.905; 170; 196.8; 
567; 0; 1575.249; 170; 197; 
567; 0; 1575.2498; 170; 197.2; 
567; 0; 1575.2506; 170; 197.4; 
567; 0; 1576.5946; 170; 197.6; 
567; 0; 1576.5955; 170; 197.8; 
567; 0; 1576.5964; 170; 198; 
567; 0; 1576.5972; 170; 198.2; 
567; 0; 1577.941; 170; 198.4; 
567; 0; 1577.9417; 170; 198.6; 
567; 0; 1577.9424; 170; 198.8; 
567; 0; 1577.9432; 170; 199; 
567; 0; 1579.2871; 170; 199.2; 
567; 0; 1579.2881; 170; 199.4; 
567; 0; 1579.2891; 170; 199.6; 
567; 0; 1579.29; 170; 199.8; 
567; 0; 1579.2909; 170; 200; 
567; 0; 1580.6348; 170; 200.2; 
567; 0; 1580.6356; 170; 200.4; 
567; 0; 1580.6365; 170; 200.6; 
567; 0; 1580.6373; 170; 200.8; 
567; 0; 1580.6381; 170; 201; 
567; 0; 1580.6388; 170; 201.2; 
567; 0; 1581.9827; 170; 201.4; 
567; 0; 1581.9835; 170; 201.6; 
567; 0; 1581.9842; 170; 201.8; 
567; 0; 1581.9849; 170; 202; 
567; 0; 1581.9856; 170; 202.2; 
567; 0; 1581.9863; 170; 202.4; 
567; 0; 1583.3302; 170; 202.6; 
567; 0; 1583.331; 170; 202.8; 
567; 0; 1583.3318; 170; 203; 
567; 0; 1583.3328; 170; 203.2; 
567; 0; 1583.3337; 170; 203.4; 
567; 0; 1583.3345; 170; 203.6; 
567; 0; 1583.3353; 170; 203.8; 
567; 0; 1583.3359; 170; 204; 
567; 0; 1584.6797; 170; 204.2; 
567; 0; 1584.6803; 170; 204.4; 
567; 0; 1584.681; 170; 204.6; 
567; 0; 1584.6819; 170; 204.8; 
567; 0; 1584.6828; 170; 205; 
567; 0; 1584.6837; 170; 205.2; 
567; 0; 1584.6844; 170; 205.4; 
567; 0; 1584.6852; 170; 205.6; 
567; 0; 1584.686; 170; 205.8; 
567; 0; 1584.6868; 170; 206; 
567; 0; 1586.0306; 170; 206.2; 
567; 0; 1586.0312; 170; 206.4; 
567; 0; 1586.0317; 170; 206.6; 
567; 0; 1586.0323; 170; 206.8; 
567; 0; 1586.0329; 170; 207; 
567; 0; 1586.0336; 170; 207.2; 
567; 0; 1586.0344; 170; 207.4; 
567; 0; 1586.0351; 170; 207.6; 
567; 0; 1586.0358; 170; 207.8; 
567; 0; 1586.0366; 170; 208; 
567; 0; 1587.3805; 170; 208.2; 
567; 0; 1587.3813; 170; 208.4; 
567; 0; 1587.382; 170; 208.6; 
567; 0; 1587.3828; 170; 208.8; 
567; 0; 1587.3836; 170; 209; 
567; 0; 1588.7274; 170; 209.2; 
567; 0; 1588.7282; 170; 209.4; 
567; 0; 1588.7289; 170; 209.6; 
567; 0; 1588.7297; 170; 209.8; 
567; 0; 1588.7304; 170; 210; 
567; 0; 1588.7311; 170; 210.2; 
567; 0; 1588.7319; 170; 210.4; 
567; 0; 1590.0758; 170; 210.6; 
567; 0; 1590.0765; 170; 210.8; 
567; 0; 1590.077; 170; 211; 
567; 0; 1590.0775; 170; 211.2; 
567; 0; 1590.078; 170; 211.4; 
567; 0; 1590.0786; 170; 211.6; 
567; 0; 1590.0792; 170; 211.8; 
567; 0; 1590.0799; 170; 212; 
567; 0; 1590.0807; 170; 212.2; 
567; 0; 1590.0815; 170; 212.4; 
567; 0; 1591.4253; 170; 212.6; 
567; 0; 1591.4261; 170; 212.8; 
567; 0; 1591.4268; 170; 213; 
567; 0; 1591.4276; 170; 213.2; 
567; 0; 1591.4284; 170; 213.4; 
567; 0; 1591.429; 170; 213.6; 
567; 0; 1591.4297; 170; 213.8; 
567; 0; 1591.4303; 170; 214; 
567; 0; 1591.4309; 170; 214.2; 
567; 0; 1591.4316; 170; 214.4; 
567; 0; 1591.4323; 170; 214.6; 
567; 0; 1591.433; 170; 214.8; 
567; 0; 1591.4337; 170; 215; 
567; 0; 1591.4343; 170; 215.2; 
567; 0; 1591.4349; 170; 215.4; 
567; 0; 1591.4356; 170; 215.6; 
567; 0; 1591.4362; 170; 215.8; 
567; 0; 1591.4369; 170; 216; 
567; 0; 1591.4376; 170; 216.2; 
567; 0; 1591.4382; 170; 216.4; 
567; 0; 1591.4388; 170; 216.6; 
567; 0; 1591.4393; 170; 216.8; 
567; 0; 1591.4399; 170; 217; 
567; 0; 1591.4406; 170; 217.2; 
567; 0; 1591.4414; 170; 217.4; 
567; 0; 1591.4421; 170; 217.6; 
567; 0; 1592.7859; 170; 217.8; 
567; 0; 1592.7869; 170; 218; 
567; 0; 1592.7889; 170; 218.2; 
567; 0; 1594.1359; 170; 218.4; 
567; 0; 1594.1424; 170; 218.6; 
567; 0; 1594.1525; 170; 218.8; 
567; 0; 1595.5105; 170; 219; 
567; 0; 1595.5314; 170; 219.2; 
567; 0; 1595.5581; 170; 219.4; 
567; 0; 1595.5886; 170; 219.6; 
567; 0; 1598.3063; 170; 219.8; 
567; 0; 1601.0215; 170; 220; 
567; 0; 1606.4172; 170; 220.2; 
567; 0; 1613.1479; 170; 220.4; 
567; 0; 1621.2119; 170; 220.6; 
567; 0; 1629.2986; 170; 220.8; 
567; 0; 1638.9978; 170; 221; 
567; 0; 1645.9152; 170; 221.2; 
567; 0; 1654.2154; 170; 221.4; 
567; 0; 1659.7385; 170; 221.6; 
567; 0; 1663.8749; 170; 221.8; 
567; 0; 1668.0143; 170; 222; 
567; 0; 1670.7714; 170; 222.2; 
567; 0; 1672.1474; 170; 222.4; 
567; 0; 1673.5302; 170; 222.6; 
567; 0; 1673.5321; 170; 222.8; 
567; 0; 1673.5397; 170; 223; 
567; 0; 1673.5514; 170; 223.2; 
567; 0; 1674.9531; 170; 223.4; 
567; 0; 1676.3555; 170; 223.6; 
567; 0; 1677.757; 170; 223.8; 
567; 0; 1679.1562; 170; 224; 
567; 0; 1681.9396; 170; 224.2; 
567; 0; 1684.7191; 170; 224.4; 
567; 0; 1688.8821; 170; 224.6; 
567; 0; 1691.6529; 170; 224.8; 
567; 0; 1694.4186; 170; 225; 
567; 0; 1697.1791; 170; 225.2; 
567; 0; 1699.9354; 170; 225.4; 
567; 0; 1701.3017; 170; 225.6; 
567; 0; 1701.2801; 170; 225.8; 
567; 0; 1699.8727; 170; 226; 
567; 0; 1698.4691; 170; 226.2; 
567; 0; 1695.6832; 170; 226.4; 
567; 0; 1692.9032; 170; 226.6; 
567; 0; 1690.1293; 170; 226.8; 
567; 0; 1685.9733; 170; 227; 
567; 0; 1681.8214; 170; 227.2; 
567; 0; 1677.6719; 170; 227.4; 
567; 0; 1674.9105; 170; 227.6; 
567; 0; 1672.1479; 170; 227.8; 
567; 0; 1669.383; 170; 228; 
567; 0; 1668.0022; 170; 228.2; 
567; 0; 1665.2304; 170; 228.4; 
567; 0; 1663.8429; 170; 228.6; 
567; 0; 1662.4526; 170; 228.8; 
567; 0; 1659.673; 170; 229; 
567; 0; 1658.2799; 170; 229.2; 
567; 0; 1656.8865; 170; 229.4; 
567; 0; 1654.1064; 170; 229.6; 
567; 0; 1651.3275; 170; 229.8; 
567; 0; 1649.9377; 170; 230; 
567; 0; 1647.1621; 170; 230.2; 
567; 0; 1644.3879; 170; 230.4; 
567; 0; 1641.6148; 170; 230.6; 
567; 0; 1638.8424; 170; 230.8; 
567; 0; 1637.4578; 170; 231; 
567; 0; 1634.6856; 170; 231.2; 
567; 0; 1633.3005; 170; 231.4; 
567; 0; 1630.5275; 170; 231.6; 
567; 0; 1629.1412; 170; 231.8; 
567; 0; 1627.7562; 170; 232; 
567; 0; 1625.07; 170; 232.2; 
567; 0; 1623.7265; 170; 232.4; 
567; 0; 1622.3827; 170; 232.6; 
567; 0; 1621.0389; 170; 232.8; 
567; 0; 1619.695; 170; 233; 
567; 0; 1618.3513; 170; 233.2; 
567; 0; 1617.0078; 170; 233.4; 
567; 0; 1615.6645; 170; 233.6; 
567; 0; 1614.3216; 170; 233.8; 
567; 0; 1612.979; 170; 234; 
567; 0; 1611.6366; 170; 234.2; 
567; 0; 1610.2942; 170; 234.4; 
567; 0; 1608.9519; 170; 234.6; 
567; 0; 1607.6096; 170; 234.8; 
567; 0; 1606.2672; 170; 235; 
567; 0; 1604.9246; 170; 235.2; 
567; 0; 1604.925; 170; 235.4; 
567; 0; 1603.5822; 170; 235.6; 
567; 0; 1602.2393; 170; 235.8; 
567; 0; 1602.2395; 170; 236; 
567; 0; 1600.8966; 170; 236.2; 
567; 0; 1599.5538; 170; 236.4; 
567; 0; 1599.5542; 170; 236.6; 
567; 0; 1598.2114; 170; 236.8; 
567; 0; 1598.2118; 170; 237; 
567; 0; 1596.8691; 170; 237.2; 
567; 0; 1596.8695; 170; 237.4; 
567; 0; 1595.5269; 170; 237.6; 
567; 0; 1595.5274; 170; 237.8; 
567; 0; 1594.1848; 170; 238; 
567; 0; 1594.1853; 170; 238.2; 
567; 0; 1594.1858; 170; 238.4; 
567; 0; 1592.8433; 170; 238.6; 
567; 0; 1592.8439; 170; 238.8; 
567; 0; 1592.8445; 170; 239; 
567; 0; 1591.5019; 170; 239.2; 
567; 0; 1591.5024; 170; 239.4; 
567; 0; 1591.5029; 170; 239.6; 
567; 0; 1590.1603; 170; 239.8; 
567; 0; 1590.1608; 170; 240; 
567; 0; 1590.1614; 170; 240.2; 
567; 0; 1590.1619; 170; 240.4; 
567; 0; 1588.8192; 170; 240.6; 
567; 0; 1588.8196; 170; 240.8; 
567; 0; 1588.8202; 170; 241; 
567; 0; 1588.8208; 170; 241.2; 
567; 0; 1587.4783; 170; 241.4; 
567; 0; 1587.4789; 170; 241.6; 
567; 0; 1587.4796; 170; 241.8; 
567; 0; 1587.4803; 170; 242; 
567; 0; 1587.4809; 170; 242.2; 
567; 0; 1587.4814; 170; 242.4; 
567; 0; 1587.482; 170; 242.6; 
567; 0; 1586.1395; 170; 242.8; 
567; 0; 1586.14; 170; 243; 
567; 0; 1586.1405; 170; 243.2; 
567; 0; 1586.141; 170; 243.4; 
567; 0; 1586.1415; 170; 243.6; 
567; 0; 1586.1421; 170; 243.8; 
567; 0; 1586.1425; 170; 244; 
567; 0; 1586.143; 170; 244.2; 
567; 0; 1586.1434; 170; 244.4; 
567; 0; 1586.144; 170; 244.6; 
567; 0; 1586.1448; 170; 244.8; 
567; 0; 1586.1455; 170; 245; 
567; 0; 1586.1462; 170; 245.2; 
567; 0; 1586.1469; 170; 245.4; 
567; 0; 1584.8044; 170; 245.6; 
567; 0; 1584.805; 170; 245.8; 
567; 0; 1584.8055; 170; 246; 
567; 0; 1586.1492; 170; 246.2; 
567; 0; 1586.1502; 170; 246.4; 
567; 0; 1587.4956; 170; 246.6; 
567; 0; 1587.5001; 170; 246.8; 
567; 0; 1587.5077; 170; 247; 
567; 0; 1587.5179; 170; 247.2; 
567; 0; 1587.5299; 170; 247.4; 
567; 0; 1587.5421; 170; 247.6; 
567; 0; 1587.5522; 170; 247.8; 
567; 0; 1588.9017; 170; 248; 
567; 0; 1591.5896; 170; 248.2; 
567; 0; 1592.9293; 170; 248.4; 
567; 0; 1594.2647; 170; 248.6; 
567; 0; 1596.9402; 170; 248.8; 
567; 0; 1598.2708; 170; 249; 
567; 0; 1599.6011; 170; 249.2; 
567; 0; 1599.5895; 170; 249.4; 
567; 0; 1600.9235; 170; 249.6; 
567; 0; 1600.9173; 170; 249.8; 
567; 0; 1599.5711; 170; 250; 
567; 0; 1599.5709; 170; 250.2; 
567; 0; 1599.5733; 170; 250.4; 
567; 0; 1598.2342; 170; 250.6; 
567; 0; 1598.2389; 170; 250.8; 
567; 0; 1598.2438; 170; 251; 
567; 0; 1596.905; 170; 251.2; 
567; 0; 1596.9085; 170; 251.4; 
567; 0; 1596.9111; 170; 251.6; 
567; 0; 1596.9127; 170; 251.8; 
567; 0; 1595.5703; 170; 252; 
567; 0; 1595.5703; 170; 252.2; 
567; 0; 1595.5698; 170; 252.4; 
567; 0; 1595.5692; 170; 252.6; 
567; 0; 1595.5687; 170; 252.8; 
567; 0; 1595.5685; 170; 253; 
567; 0; 1594.2254; 170; 253.2; 
567; 0; 1594.2257; 170; 253.4; 
567; 0; 1594.2262; 170; 253.6; 
567; 0; 1594.227; 170; 253.8; 
567; 0; 1592.8847; 170; 254; 
567; 0; 1592.8856; 170; 254.2; 
567; 0; 1592.8864; 170; 254.4; 
567; 0; 1592.8871; 170; 254.6; 
567; 0; 1592.8879; 170; 254.8; 
567; 0; 1591.5455; 170; 255; 
567; 0; 1591.5462; 170; 255.2; 
567; 0; 1591.5468; 170; 255.4; 
567; 0; 1591.5474; 170; 255.6; 
567; 0; 1591.5479; 170; 255.8; 
567; 0; 1591.5484; 170; 256; 
567; 0; 1591.5488; 170; 256.2; 
567; 0; 1590.2061; 170; 256.4; 
567; 0; 1590.2066; 170; 256.6; 
567; 0; 1590.2071; 170; 256.8; 
567; 0; 1590.2077; 170; 257; 
567; 0; 1590.2082; 170; 257.2; 
567; 0; 1590.2088; 170; 257.4; 
567; 0; 1590.2098; 170; 257.6; 
567; 0; 1591.5551; 170; 257.8; 
567; 0; 1591.5593; 170; 258; 
567; 0; 1591.5663; 170; 258.2; 
567; 0; 1591.5773; 170; 258.4; 
567; 0; 1592.9367; 170; 258.6; 
567; 0; 1591.6159; 170; 258.8; 
567; 0; 1592.9869; 170; 259; 
567; 0; 1593.018; 170; 259.2; 
567; 0; 1595.7355; 170; 259.4; 
567; 0; 1599.7927; 170; 259.6; 
567; 0; 1605.1864; 170; 259.8; 
567; 0; 1611.9144; 170; 260; 
567; 0; 1619.9755; 170; 260.2; 
567; 0; 1629.3964; 170; 260.4; 
567; 0; 1637.7058; 170; 260.6; 
567; 0; 1644.6214; 170; 260.8; 
567; 0; 1651.5332; 170; 261; 
567; 0; 1657.0563; 170; 261.2; 
567; 0; 1662.5808; 170; 261.4; 
567; 0; 1665.3343; 170; 261.6; 
567; 0; 1668.0933; 170; 261.8; 
567; 0; 1669.4715; 170; 262; 
567; 0; 1669.4691; 170; 262.2; 
567; 0; 1669.473; 170; 262.4; 
567; 0; 1670.8696; 170; 262.6; 
567; 0; 1670.8822; 170; 262.8; 
567; 0; 1672.284; 170; 263; 
567; 0; 1673.6859; 170; 263.2; 
567; 0; 1675.0862; 170; 263.4; 
567; 0; 1677.8714; 170; 263.6; 
567; 0; 1679.2657; 170; 263.8; 
567; 0; 1683.4311; 170; 264; 
567; 0; 1686.2056; 170; 264.2; 
567; 0; 1688.9769; 170; 264.4; 
567; 0; 1691.7461; 170; 264.6; 
567; 0; 1693.1264; 170; 264.8; 
567; 0; 1694.5064; 170; 265; 
567; 0; 1697.2744; 170; 265.2; 
567; 0; 1697.2687; 170; 265.4; 
567; 0; 1698.6521; 170; 265.6; 
567; 0; 1698.65; 170; 265.8; 
567; 0; 1698.65; 170; 266; 
567; 0; 1698.6518; 170; 266.2; 
567; 0; 1698.6551; 170; 266.4; 
567; 0; 1698.6593; 170; 266.6; 
567; 0; 1700.0514; 170; 266.8; 
567; 0; 1700.0558; 170; 267; 
567; 0; 1700.0597; 170; 267.2; 
567; 0; 1701.4503; 170; 267.4; 
567; 0; 1701.4522; 170; 267.6; 
567; 0; 1702.8405; 170; 267.8; 
567; 0; 1704.2273; 170; 268; 
567; 0; 1705.612; 170; 268.2; 
567; 0; 1706.9935; 170; 268.4; 
567; 0; 1706.9837; 170; 268.6; 
567; 0; 1708.3576; 170; 268.8; 
567; 0; 1708.3411; 170; 269; 
567; 0; 1706.9356; 170; 269.2; 
567; 0; 1705.5306; 170; 269.4; 
567; 0; 1704.1278; 170; 269.6; 
567; 0; 1699.9539; 170; 269.8; 
567; 0; 1697.1724; 170; 270; 
567; 0; 1693.0085; 170; 270.2; 
567; 0; 1688.8495; 170; 270.4; 
567; 0; 1684.6945; 170; 270.6; 
567; 0; 1679.1548; 170; 270.8; 
567; 0; 1675.0036; 170; 271; 
567; 0; 1672.2397; 170; 271.2; 
567; 0; 1668.0868; 170; 271.4; 
567; 0; 1665.319; 170; 271.6; 
567; 0; 1662.5485; 170; 271.8; 
567; 0; 1659.7752; 170; 272; 
567; 0; 1656.9995; 170; 272.2; 
567; 0; 1655.6095; 170; 272.4; 
567; 0; 1652.8308; 170; 272.6; 
567; 0; 1650.0517; 170; 272.8; 
567; 0; 1647.2728; 170; 273; 
567; 0; 1645.8821; 170; 273.2; 
567; 0; 1643.105; 170; 273.4; 
567; 0; 1640.329; 170; 273.6; 
567; 0; 1637.5542; 170; 273.8; 
567; 0; 1634.7805; 170; 274; 
567; 0; 1632.0074; 170; 274.2; 
567; 0; 1629.2346; 170; 274.4; 
567; 0; 1627.8573; 170; 274.6; 
567; 0; 1625.1732; 170; 274.8; 
567; 0; 1623.8318; 170; 275; 
567; 0; 1621.1468; 170; 275.2; 
567; 0; 1619.8042; 170; 275.4; 
567; 0; 1618.461; 170; 275.6; 
567; 0; 1617.1175; 170; 275.8; 
567; 0; 1615.7736; 170; 276; 
567; 0; 1614.4297; 170; 276.2; 
567; 0; 1613.0858; 170; 276.4; 
567; 0; 1611.7423; 170; 276.6; 
567; 0; 1610.3991; 170; 276.8; 
567; 0; 1609.0561; 170; 277; 
567; 0; 1607.7134; 170; 277.2; 
567; 0; 1606.3709; 170; 277.4; 
567; 0; 1605.0286; 170; 277.6; 
567; 0; 1603.6863; 170; 277.8; 
567; 0; 1602.3439; 170; 278; 
567; 0; 1601.0014; 170; 278.2; 
567; 0; 1601.0018; 170; 278.4; 
567; 0; 1599.6589; 170; 278.6; 
567; 0; 1598.3159; 170; 278.8; 
567; 0; 1598.316; 170; 279; 
567; 0; 1596.9729; 170; 279.2; 
567; 0; 1595.6299; 170; 279.4; 
567; 0; 1595.6301; 170; 279.6; 
567; 0; 1594.2873; 170; 279.8; 
567; 0; 1594.2876; 170; 280; 
567; 0; 1592.9448; 170; 280.2; 
567; 0; 1592.9452; 170; 280.4; 
567; 0; 1591.6024; 170; 280.6; 
567; 0; 1591.6028; 170; 280.8; 
567; 0; 1591.6032; 170; 281; 
567; 0; 1590.2603; 170; 281.2; 
567; 0; 1590.2607; 170; 281.4; 
567; 0; 1588.918; 170; 281.6; 
567; 0; 1588.9184; 170; 281.8; 
567; 0; 1588.9187; 170; 282; 
567; 0; 1588.919; 170; 282.2; 
567; 0; 1587.5762; 170; 282.4; 
567; 0; 1587.5767; 170; 282.6; 
567; 0; 1587.5771; 170; 282.8; 
567; 0; 1587.5776; 170; 283; 
567; 0; 1586.235; 170; 283.2; 
567; 0; 1586.2356; 170; 283.4; 
567; 0; 1586.2361; 170; 283.6; 
567; 0; 1586.2365; 170; 283.8; 
567; 0; 1586.2368; 170; 284; 
567; 0; 1584.894; 170; 284.2; 
567; 0; 1584.8943; 170; 284.4; 
567; 0; 1584.8946; 170; 284.6; 
567; 0; 1584.8949; 170; 284.8; 
567; 0; 1584.8953; 170; 285; 
567; 0; 1584.8957; 170; 285.2; 
567; 0; 1584.8961; 170; 285.4; 
567; 0; 1584.8965; 170; 285.6; 
567; 0; 1584.8969; 170; 285.8; 
567; 0; 1584.8973; 170; 286; 
567; 0; 1583.5547; 170; 286.2; 
567; 0; 1583.5552; 170; 286.4; 
567; 0; 1583.5557; 170; 286.6; 
567; 0; 1583.5562; 170; 286.8; 
567; 0; 1583.5566; 170; 287; 
567; 0; 1583.557; 170; 287.2; 
567; 0; 1583.5575; 170; 287.4; 
567; 0; 1583.558; 170; 287.6; 
567; 0; 1583.5584; 170; 287.8; 
567; 0; 1583.5589; 170; 288; 
567; 0; 1583.5594; 170; 288.2; 
567; 0; 1584.9031; 170; 288.4; 
567; 0; 1584.9041; 170; 288.6; 
567; 0; 1584.9056; 170; 288.8; 
567; 0; 1584.9077; 170; 289; 
567; 0; 1584.9101; 170; 289.2; 
567; 0; 1584.9126; 170; 289.4; 
567; 0; 1584.9149; 170; 289.6; 
567; 0; 1584.9166; 170; 289.8; 
567; 0; 1586.2604; 170; 290; 
567; 0; 1586.26; 170; 290.2; 
567; 0; 1586.2589; 170; 290.4; 
567; 0; 1586.2571; 170; 290.6; 
567; 0; 1587.5982; 170; 290.8; 
567; 0; 1587.5962; 170; 291; 
567; 0; 1587.5945; 170; 291.2; 
567; 0; 1587.5932; 170; 291.4; 
567; 0; 1587.5925; 170; 291.6; 
567; 0; 1587.5924; 170; 291.8; 
567; 0; 1587.5929; 170; 292; 
567; 0; 1587.5938; 170; 292.2; 
567; 0; 1587.595; 170; 292.4; 
567; 0; 1587.5963; 170; 292.6; 
567; 0; 1586.2544; 170; 292.8; 
567; 0; 1586.2557; 170; 293; 
567; 0; 1586.2567; 170; 293.2; 
567; 0; 1586.2577; 170; 293.4; 
567; 0; 1586.2585; 170; 293.6; 
567; 0; 1586.2591; 170; 293.8; 
567; 0; 1586.2595; 170; 294; 
567; 0; 1586.2599; 170; 294.2; 
567; 0; 1586.2603; 170; 294.4; 
567; 0; 1586.2606; 170; 294.6; 
567; 0; 1586.261; 170; 294.8; 
567; 0; 1586.2615; 170; 295; 
567; 0; 1586.262; 170; 295.2; 
567; 0; 1586.2623; 170; 295.4; 
567; 0; 1586.2626; 170; 295.6; 
567; 0; 1586.2629; 170; 295.8; 
567; 0; 1586.2635; 170; 296; 
567; 0; 1586.264; 170; 296.2; 
567; 0; 1586.2646; 170; 296.4; 
567; 0; 1586.2651; 170; 296.6; 
567; 0; 1586.2656; 170; 296.8; 
567; 0; 1586.2661; 170; 297; 
567; 0; 1586.2665; 170; 297.2; 
567; 0; 1586.2669; 170; 297.4; 
567; 0; 1586.2673; 170; 297.6; 
567; 0; 1586.2677; 170; 297.8; 
567; 0; 1586.268; 170; 298; 
567; 0; 1587.6119; 170; 298.2; 
567; 0; 1587.6141; 170; 298.4; 
567; 0; 1587.6188; 170; 298.6; 
567; 0; 1588.9704; 170; 298.8; 
567; 0; 1588.9836; 170; 299; 
567; 0; 1589.0026; 170; 299.2; 
567; 0; 1589.0278; 170; 299.4; 
567; 0; 1590.4005; 170; 299.6; 
567; 0; 1591.775; 170; 299.8; 
567; 0; 1595.834; 170; 300; 
567; 0; 1599.8879; 170; 300.2; 
567; 0; 1606.6202; 170; 300.4; 
567; 0; 1614.686; 170; 300.6; 
567; 0; 1622.7417; 170; 300.8; 
567; 0; 1630.8546; 170; 301; 
567; 0; 1639.1606; 170; 301.2; 
567; 0; 1646.0742; 170; 301.4; 
567; 0; 1651.5979; 170; 301.6; 
567; 0; 1657.122; 170; 301.8; 
567; 0; 1659.874; 170; 302; 
567; 0; 1662.6309; 170; 302.2; 
567; 0; 1665.394; 170; 302.4; 
567; 0; 1665.3888; 170; 302.6; 
567; 0; 1666.7777; 170; 302.8; 
567; 0; 1666.7847; 170; 303; 
567; 0; 1666.7957; 170; 303.2; 
567; 0; 1668.1965; 170; 303.4; 
567; 0; 1669.5982; 170; 303.6; 
567; 0; 1670.9989; 170; 303.8; 
567; 0; 1672.3973; 170; 304; 
567; 0; 1675.18; 170; 304.2; 
567; 0; 1677.9591; 170; 304.4; 
567; 0; 1682.1221; 170; 304.6; 
567; 0; 1684.8943; 170; 304.8; 
567; 0; 1687.664; 170; 305; 
567; 0; 1689.0446; 170; 305.2; 
567; 0; 1691.812; 170; 305.4; 
567; 0; 1693.1923; 170; 305.6; 
567; 0; 1694.5735; 170; 305.8; 
567; 0; 1694.569; 170; 306; 
567; 0; 1694.5664; 170; 306.2; 
567; 0; 1695.9534; 170; 306.4; 
567; 0; 1695.9547; 170; 306.6; 
567; 0; 1695.9576; 170; 306.8; 
567; 0; 1695.9615; 170; 307; 
567; 0; 1695.9661; 170; 307.2; 
567; 0; 1695.9706; 170; 307.4; 
567; 0; 1697.362; 170; 307.6; 
567; 0; 1697.3652; 170; 307.8; 
567; 0; 1698.7547; 170; 308; 
567; 0; 1700.1431; 170; 308.2; 
567; 0; 1700.143; 170; 308.4; 
567; 0; 1701.5294; 170; 308.6; 
567; 0; 1701.5277; 170; 308.8; 
567; 0; 1702.913; 170; 309; 
567; 0; 1702.9108; 170; 309.2; 
567; 0; 1702.9087; 170; 309.4; 
567; 0; 1702.9071; 170; 309.6; 
567; 0; 1702.9062; 170; 309.8; 
567; 0; 1702.9058; 170; 310; 
567; 0; 1702.9061; 170; 310.2; 
567; 0; 1702.9069; 170; 310.4; 
567; 0; 1702.9082; 170; 310.6; 
567; 0; 1702.9098; 170; 310.8; 
567; 0; 1702.9115; 170; 311; 
567; 0; 1702.9132; 170; 311.2; 
567; 0; 1702.9145; 170; 311.4; 
567; 0; 1702.9156; 170; 311.6; 
567; 0; 1704.3036; 170; 311.8; 
567; 0; 1704.3039; 170; 312; 
567; 0; 1704.3038; 170; 312.2; 
567; 0; 1704.3034; 170; 312.4; 
567; 0; 1704.3028; 170; 312.6; 
567; 0; 1704.3022; 170; 312.8; 
567; 0; 1704.3016; 170; 313; 
567; 0; 1704.3011; 170; 313.2; 
567; 0; 1704.3008; 170; 313.4; 
567; 0; 1704.3004; 170; 313.6; 
567; 0; 1704.2989; 170; 313.8; 
567; 0; 1705.6825; 170; 314; 
567; 0; 1705.675; 170; 314.2; 
567; 0; 1705.6634; 170; 314.4; 
567; 0; 1705.6481; 170; 314.6; 
567; 0; 1704.2431; 170; 314.8; 
567; 0; 1702.8377; 170; 315; 
567; 0; 1700.0465; 170; 315.2; 
567; 0; 1695.8712; 170; 315.4; 
567; 0; 1693.088; 170; 315.6; 
567; 0; 1688.9225; 170; 315.8; 
567; 0; 1683.3745; 170; 316; 
567; 0; 1679.2181; 170; 316.2; 
567; 0; 1675.0647; 170; 316.4; 
567; 0; 1669.5253; 170; 316.6; 
567; 0; 1665.3736; 170; 316.8; 
567; 0; 1661.2207; 170; 317; 
567; 0; 1658.4533; 170; 317.2; 
567; 0; 1655.6834; 170; 317.4; 
567; 0; 1651.5233; 170; 317.6; 
567; 0; 1648.7484; 170; 317.8; 
567; 0; 1645.9717; 170; 318; 
567; 0; 1643.194; 170; 318.2; 
567; 0; 1641.8033; 170; 318.4; 
567; 0; 1639.0253; 170; 318.6; 
567; 0; 1636.2479; 170; 318.8; 
567; 0; 1633.4712; 170; 319; 
567; 0; 1630.6955; 170; 319.2; 
567; 0; 1627.933; 170; 319.4; 
567; 0; 1625.2477; 170; 319.6; 
567; 0; 1622.5629; 170; 319.8; 
567; 0; 1619.8783; 170; 320; 
567; 0; 1618.5371; 170; 320.2; 
567; 0; 1615.8526; 170; 320.4; 
567; 0; 1614.5111; 170; 320.6; 
567; 0; 1613.1691; 170; 320.8; 
567; 0; 1610.4834; 170; 321; 
567; 0; 1609.1405; 170; 321.2; 
567; 0; 1607.7974; 170; 321.4; 
567; 0; 1606.4541; 170; 321.6; 
567; 0; 1605.1107; 170; 321.8; 
567; 0; 1603.7672; 170; 322; 
567; 0; 1602.4237; 170; 322.2; 
567; 0; 1601.0804; 170; 322.4; 
567; 0; 1599.7372; 170; 322.6; 
567; 0; 1598.3942; 170; 322.8; 
567; 0; 1597.0514; 170; 323; 
567; 0; 1595.7087; 170; 323.2; 
567; 0; 1594.3661; 170; 323.4; 
567; 0; 1594.3665; 170; 323.6; 
567; 0; 1593.0238; 170; 323.8; 
567; 0; 1591.681; 170; 324; 
567; 0; 1591.6813; 170; 324.2; 
567; 0; 1590.3385; 170; 324.4; 
567; 0; 1590.3388; 170; 324.6; 
567; 0; 1588.996; 170; 324.8; 
567; 0; 1588.9963; 170; 325; 
567; 0; 1587.6534; 170; 325.2; 
567; 0; 1587.6537; 170; 325.4; 
567; 0; 1586.3108; 170; 325.6; 
567; 0; 1586.3111; 170; 325.8; 
567; 0; 1586.3114; 170; 326; 
567; 0; 1584.9686; 170; 326.2; 
567; 0; 1584.9689; 170; 326.4; 
567; 0; 1584.9692; 170; 326.6; 
567; 0; 1583.6263; 170; 326.8; 
567; 0; 1583.6265; 170; 327; 
567; 0; 1583.6267; 170; 327.2; 
567; 0; 1583.627; 170; 327.4; 
567; 0; 1582.2841; 170; 327.6; 
567; 0; 1582.2845; 170; 327.8; 
567; 0; 1582.2849; 170; 328; 
567; 0; 1582.2854; 170; 328.2; 
567; 0; 1582.2857; 170; 328.4; 
567; 0; 1582.2861; 170; 328.6; 
567; 0; 1580.9433; 170; 328.8; 
567; 0; 1580.9437; 170; 329; 
567; 0; 1580.9439; 170; 329.2; 
567; 0; 1580.9442; 170; 329.4; 
567; 0; 1580.9446; 170; 329.6; 
567; 0; 1580.945; 170; 329.8; 
567; 0; 1580.9455; 170; 330; 
567; 0; 1580.946; 170; 330.2; 
567; 0; 1580.9465; 170; 330.4; 
567; 0; 1580.947; 170; 330.6; 
567; 0; 1580.9474; 170; 330.8; 
567; 0; 1580.9477; 170; 331; 
567; 0; 1579.6048; 170; 331.2; 
567; 0; 1579.6051; 170; 331.4; 
567; 0; 1579.6053; 170; 331.6; 
567; 0; 1579.6055; 170; 331.8; 
567; 0; 1579.6057; 170; 332; 
567; 0; 1579.6061; 170; 332.2; 
567; 0; 1579.6066; 170; 332.4; 
567; 0; 1579.6071; 170; 332.6; 
567; 0; 1579.6074; 170; 332.8; 
567; 0; 1579.6077; 170; 333; 
567; 0; 1579.608; 170; 333.2; 
567; 0; 1579.6082; 170; 333.4; 
567; 0; 1580.9515; 170; 333.6; 
567; 0; 1580.9519; 170; 333.8; 
567; 0; 1580.9523; 170; 334; 
567; 0; 1580.9528; 170; 334.2; 
567; 0; 1580.9534; 170; 334.4; 
567; 0; 1580.9539; 170; 334.6; 
567; 0; 1580.9544; 170; 334.8; 
567; 0; 1580.9547; 170; 335; 
567; 0; 1580.9549; 170; 335.2; 
567; 0; 1580.9552; 170; 335.4; 
567; 0; 1580.9555; 170; 335.6; 
567; 0; 1580.9558; 170; 335.8; 
567; 0; 1580.9562; 170; 336; 
567; 0; 1580.9565; 170; 336.2; 
567; 0; 1580.9569; 170; 336.4; 
567; 0; 1580.9573; 170; 336.6; 
567; 0; 1580.9577; 170; 336.8; 
567; 0; 1580.9581; 170; 337; 
567; 0; 1580.9585; 170; 337.2; 
567; 0; 1580.9588; 170; 337.4; 
567; 0; 1580.9592; 170; 337.6; 
567; 0; 1580.9596; 170; 337.8; 
567; 0; 1580.9599; 170; 338; 
567; 0; 1580.9602; 170; 338.2; 
567; 0; 1580.9606; 170; 338.4; 
567; 0; 1580.9609; 170; 338.6; 
567; 0; 1582.3043; 170; 338.8; 
567; 0; 1582.3045; 170; 339; 
567; 0; 1582.3047; 170; 339.2; 
567; 0; 1582.305; 170; 339.4; 
567; 0; 1582.3053; 170; 339.6; 
567; 0; 1582.3056; 170; 339.8; 
567; 0; 1582.306; 170; 340; 
567; 0; 1582.3063; 170; 340.2; 
567; 0; 1582.3066; 170; 340.4; 
567; 0; 1582.307; 170; 340.6; 
567; 0; 1582.3075; 170; 340.8; 
567; 0; 1582.308; 170; 341; 
567; 0; 1582.3085; 170; 341.2; 
567; 0; 1582.3089; 170; 341.4; 
567; 0; 1582.3092; 170; 341.6; 
567; 0; 1582.3096; 170; 341.8; 
567; 0; 1582.3099; 170; 342; 
567; 0; 1582.3103; 170; 342.2; 
567; 0; 1583.6538; 170; 342.4; 
567; 0; 1583.6541; 170; 342.6; 
567; 0; 1583.6544; 170; 342.8; 
567; 0; 1583.6547; 170; 343; 
567; 0; 1583.655; 170; 343.2; 
567; 0; 1584.9985; 170; 343.4; 
567; 0; 1584.9989; 170; 343.6; 
567; 0; 1586.3427; 170; 343.8; 
567; 0; 1586.3444; 170; 344; 
567; 0; 1587.6913; 170; 344.2; 
567; 0; 1587.6979; 170; 344.4; 
567; 0; 1589.0515; 170; 344.6; 
567; 0; 1589.0671; 170; 344.8; 
567; 0; 1589.0889; 170; 345; 
567; 0; 1589.1162; 170; 345.2; 
567; 0; 1590.4899; 170; 345.4; 
567; 0; 1593.2069; 170; 345.6; 
567; 0; 1597.2635; 170; 345.8; 
567; 0; 1602.6568; 170; 346; 
567; 0; 1609.3845; 170; 346.2; 
567; 0; 1617.4453; 170; 346.4; 
567; 0; 1625.4962; 170; 346.6; 
567; 0; 1633.6898; 170; 346.8; 
567; 0; 1641.9929; 170; 347; 
567; 0; 1647.5173; 170; 347.2; 
567; 0; 1653.0408; 170; 347.4; 
567; 0; 1657.1786; 170; 347.6; 
567; 0; 1659.9329; 170; 347.8; 
567; 0; 1662.6929; 170; 348; 
567; 0; 1664.0721; 170; 348.2; 
567; 0; 1664.0706; 170; 348.4; 
567; 0; 1665.4627; 170; 348.6; 
567; 0; 1665.4721; 170; 348.8; 
567; 0; 1665.4847; 170; 349; 
567; 0; 1666.8862; 170; 349.2; 
567; 0; 1668.2872; 170; 349.4; 
567; 0; 1669.6863; 170; 349.6; 
567; 0; 1672.4701; 170; 349.8; 
567; 0; 1675.2503; 170; 350; 
567; 0; 1678.027; 170; 350.2; 
567; 0; 1680.8002; 170; 350.4; 
567; 0; 1683.5706; 170; 350.6; 
567; 0; 1686.3391; 170; 350.8; 
567; 0; 1687.7192; 170; 351; 
567; 0; 1689.0993; 170; 351.2; 
567; 0; 1690.4802; 170; 351.4; 
567; 0; 1691.8619; 170; 351.6; 
567; 0; 1691.8567; 170; 351.8; 
567; 0; 1693.239; 170; 352; 
567; 0; 1693.2332; 170; 352.2; 
567; 0; 1693.2268; 170; 352.4; 
567; 0; 1693.2194; 170; 352.6; 
567; 0; 1691.8242; 170; 352.8; 
567; 0; 1691.8165; 170; 353; 
567; 0; 1690.4219; 170; 353.2; 
567; 0; 1687.641; 170; 353.4; 
567; 0; 1686.2494; 170; 353.6; 
567; 0; 1683.4722; 170; 353.8; 
567; 0; 1680.6971; 170; 354; 
567; 0; 1677.9238; 170; 354.2; 
567; 0; 1673.7645; 170; 354.4; 
567; 0; 1670.9937; 170; 354.6; 
567; 0; 1668.2233; 170; 354.8; 
567; 0; 1665.4528; 170; 355; 
567; 0; 1662.6815; 170; 355.2; 
567; 0; 1661.2967; 170; 355.4; 
567; 0; 1658.5231; 170; 355.6; 
567; 0; 1655.7484; 170; 355.8; 
567; 0; 1654.36; 170; 356; 
567; 0; 1651.5835; 170; 356.2; 
567; 0; 1650.1939; 170; 356.4; 
567; 0; 1647.4166; 170; 356.6; 
567; 0; 1644.6395; 170; 356.8; 
567; 0; 1643.2502; 170; 357; 
567; 0; 1640.4741; 170; 357.2; 
567; 0; 1637.6986; 170; 357.4; 
567; 0; 1636.3111; 170; 357.6; 
567; 0; 1633.5366; 170; 357.8; 
567; 0; 1632.1498; 170; 358; 
567; 0; 1629.3757; 170; 358.2; 
567; 0; 1628.0057; 170; 358.4; 
567; 0; 1625.3203; 170; 358.6; 
567; 0; 1623.9777; 170; 358.8; 
567; 0; 1622.6349; 170; 359; 
567; 0; 1621.2917; 170; 359.2; 
567; 0; 1618.6052; 170; 359.4; 
567; 0; 1617.2616; 170; 359.6; 
567; 0; 1615.918; 170; 359.8; 
567; 0; 1614.5743; 170; 360; 
567; 0; 1613.2307; 170; 360.2; 
567; 0; 1611.8872; 170; 360.4; 
567; 0; 1610.5438; 170; 360.6; 
567; 0; 1609.2006; 170; 360.8; 
567; 0; 1607.8574; 170; 361; 
567; 0; 1606.5143; 170; 361.2; 
567; 0; 1605.1714; 170; 361.4; 
567; 0; 1605.1716; 170; 361.6; 
567; 0; 1603.8287; 170; 361.8; 
567; 0; 1602.4857; 170; 362; 
567; 0; 1601.1428; 170; 362.2; 
567; 0; 1599.7998; 170; 362.4; 
567; 0; 1599.8; 170; 362.6; 
567; 0; 1598.457; 170; 362.8; 
567; 0; 1598.457; 170; 363; 
567; 0; 1597.1139; 170; 363.2; 
567; 0; 1595.7708; 170; 363.4; 
567; 0; 1595.7707; 170; 363.6; 
567; 0; 1594.4275; 170; 363.8; 
567; 0; 1594.4275; 170; 364; 
567; 0; 1593.0844; 170; 364.2; 
567; 0; 1593.0846; 170; 364.4; 
567; 0; 1591.7418; 170; 364.6; 
567; 0; 1591.7421; 170; 364.8; 
567; 0; 1590.3993; 170; 365; 
567; 0; 1590.3995; 170; 365.2; 
567; 0; 1590.3996; 170; 365.4; 
567; 0; 1589.0565; 170; 365.6; 
567; 0; 1589.0565; 170; 365.8; 
567; 0; 1589.0565; 170; 366; 
567; 0; 1587.7134; 170; 366.2; 
567; 0; 1587.7135; 170; 366.4; 
567; 0; 1587.7137; 170; 366.6; 
567; 0; 1586.3707; 170; 366.8; 
567; 0; 1586.3709; 170; 367; 
567; 0; 1586.3711; 170; 367.2; 
567; 0; 1586.3715; 170; 367.4; 
567; 0; 1585.0288; 170; 367.6; 
567; 0; 1585.0293; 170; 367.8; 
567; 0; 1585.0298; 170; 368; 
567; 0; 1585.03; 170; 368.2; 
567; 0; 1583.687; 170; 368.4; 
567; 0; 1583.6872; 170; 368.6; 
567; 0; 1583.6874; 170; 368.8; 
567; 0; 1583.6877; 170; 369; 
567; 0; 1583.6879; 170; 369.2; 
567; 0; 1583.6881; 170; 369.4; 
567; 0; 1583.6883; 170; 369.6; 
567; 0; 1582.3454; 170; 369.8; 
567; 0; 1582.3455; 170; 370; 
567; 0; 1582.3458; 170; 370.2; 
567; 0; 1582.3462; 170; 370.4; 
567; 0; 1582.3465; 170; 370.6; 
567; 0; 1582.3469; 170; 370.8; 
567; 0; 1582.3472; 170; 371; 
567; 0; 1582.3475; 170; 371.2; 
567; 0; 1582.3477; 170; 371.4; 
567; 0; 1582.3479; 170; 371.6; 
567; 0; 1582.3481; 170; 371.8; 
567; 0; 1582.3484; 170; 372; 
567; 0; 1582.3486; 170; 372.2; 
567; 0; 1582.3488; 170; 372.4; 
567; 0; 1581.0059; 170; 372.6; 
567; 0; 1581.0061; 170; 372.8; 
567; 0; 1581.0063; 170; 373; 
567; 0; 1581.0067; 170; 373.2; 
567; 0; 1581.0071; 170; 373.4; 
567; 0; 1581.0077; 170; 373.6; 
567; 0; 1581.0082; 170; 373.8; 
567; 0; 1581.0085; 170; 374; 
567; 0; 1581.0088; 170; 374.2; 
567; 0; 1581.009; 170; 374.4; 
567; 0; 1581.0091; 170; 374.6; 
567; 0; 1581.0092; 170; 374.8; 
567; 0; 1581.0094; 170; 375; 
567; 0; 1581.0098; 170; 375.2; 
567; 0; 1581.0101; 170; 375.4; 
567; 0; 1581.0103; 170; 375.6; 
567; 0; 1581.0105; 170; 375.8; 
567; 0; 1581.0107; 170; 376; 
567; 0; 1581.011; 170; 376.2; 
567; 0; 1581.0114; 170; 376.4; 
567; 0; 1581.0118; 170; 376.6; 
567; 0; 1581.0121; 170; 376.8; 
567; 0; 1581.0124; 170; 377; 
567; 0; 1582.3557; 170; 377.2; 
567; 0; 1582.3559; 170; 377.4; 
567; 0; 1582.356; 170; 377.6; 
567; 0; 1582.3562; 170; 377.8; 
567; 0; 1582.3566; 170; 378; 
567; 0; 1582.357; 170; 378.2; 
567; 0; 1582.3575; 170; 378.4; 
567; 0; 1582.3578; 170; 378.6; 
567; 0; 1582.3581; 170; 378.8; 
567; 0; 1583.7013; 170; 379; 
567; 0; 1583.7014; 170; 379.2; 
567; 0; 1583.7016; 170; 379.4; 
567; 0; 1583.7017; 170; 379.6; 
567; 0; 1583.702; 170; 379.8; 
567; 0; 1583.7023; 170; 380; 
567; 0; 1583.7028; 170; 380.2; 
567; 0; 1585.0466; 170; 380.4; 
567; 0; 1585.0471; 170; 380.6; 
567; 0; 1585.0476; 170; 380.8; 
567; 0; 1585.0479; 170; 381; 
567; 0; 1585.0482; 170; 381.2; 
567; 0; 1585.0485; 170; 381.4; 
567; 0; 1585.0485; 170; 381.6; 
567; 0; 1586.3918; 170; 381.8; 
567; 0; 1586.392; 170; 382; 
567; 0; 1586.3922; 170; 382.2; 
567; 0; 1586.3925; 170; 382.4; 
567; 0; 1586.3927; 170; 382.6; 
567; 0; 1586.393; 170; 382.8; 
567; 0; 1586.3933; 170; 383; 
567; 0; 1586.3935; 170; 383.2; 
567; 0; 1586.3937; 170; 383.4; 
567; 0; 1586.394; 170; 383.6; 
567; 0; 1586.3943; 170; 383.8; 
567; 0; 1586.3945; 170; 384; 
567; 0; 1586.3947; 170; 384.2; 
567; 0; 1586.395; 170; 384.4; 
567; 0; 1586.3954; 170; 384.6; 
567; 0; 1586.3958; 170; 384.8; 
567; 0; 1586.3961; 170; 385; 
567; 0; 1586.3964; 170; 385.2; 
567; 0; 1586.3967; 170; 385.4; 
567; 0; 1587.74; 170; 385.6; 
567; 0; 1587.7401; 170; 385.8; 
567; 0; 1587.7403; 170; 386; 
567; 0; 1587.7405; 170; 386.2; 
567; 0; 1587.7407; 170; 386.4; 
567; 0; 1587.7409; 170; 386.6; 
567; 0; 1587.7413; 170; 386.8; 
567; 0; 1587.7416; 170; 387; 
567; 0; 1587.7419; 170; 387.2; 
567; 0; 1587.7422; 170; 387.4; 
567; 0; 1587.7424; 170; 387.6; 
567; 0; 1587.7425; 170; 387.8; 
567; 0; 1587.7427; 170; 388; 
567; 0; 1587.7429; 170; 388.2; 
567; 0; 1587.7432; 170; 388.4; 
567; 0; 1587.7434; 170; 388.6; 
567; 0; 1587.7437; 170; 388.8; 
567; 0; 1587.7439; 170; 389; 
567; 0; 1587.7441; 170; 389.2; 
567; 0; 1587.7444; 170; 389.4; 
567; 0; 1587.7448; 170; 389.6; 
567; 0; 1587.7451; 170; 389.8; 
567; 0; 1586.4024; 170; 390; 
567; 0; 1586.4028; 170; 390.2; 
567; 0; 1586.403; 170; 390.4; 
567; 0; 1586.4032; 170; 390.6; 
567; 0; 1586.4035; 170; 390.8; 
567; 0; 1586.4039; 170; 391; 
567; 0; 1586.4042; 170; 391.2; 
567; 0; 1586.4044; 170; 391.4; 
567; 0; 1586.4045; 170; 391.6; 
567; 0; 1586.4046; 170; 391.8; 
567; 0; 1587.7478; 170; 392; 
567; 0; 1587.7479; 170; 392.2; 
567; 0; 1587.748; 170; 392.4; 
567; 0; 1587.7482; 170; 392.6; 
567; 0; 1587.7485; 170; 392.8; 
567; 0; 1587.7489; 170; 393; 
567; 0; 1587.7491; 170; 393.2; 
567; 0; 1587.7493; 170; 393.4; 
567; 0; 1587.7494; 170; 393.6; 
567; 0; 1587.7497; 170; 393.8; 
567; 0; 1587.75; 170; 394; 
567; 0; 1587.7504; 170; 394.2; 
567; 0; 1587.7507; 170; 394.4; 
567; 0; 1587.751; 170; 394.6; 
567; 0; 1586.4081; 170; 394.8; 
567; 0; 1586.4083; 170; 395; 
567; 0; 1586.4085; 170; 395.2; 
567; 0; 1586.4086; 170; 395.4; 
567; 0; 1586.4087; 170; 395.6; 
567; 0; 1586.4089; 170; 395.8; 
567; 0; 1586.4092; 170; 396; 
567; 0; 1586.4094; 170; 396.2; 
567; 0; 1586.4098; 170; 396.4; 
567; 0; 1586.4101; 170; 396.6; 
567; 0; 1586.4104; 170; 396.8; 
567; 0; 1586.4107; 170; 397; 
567; 0; 1586.4109; 170; 397.2; 
567; 0; 1586.4111; 170; 397.4; 
567; 0; 1586.4114; 170; 397.6; 
567; 0; 1586.4117; 170; 397.8; 
567; 0; 1587.7551; 170; 398; 
567; 0; 1587.7553; 170; 398.2; 
567; 0; 1587.7554; 170; 398.4; 
567; 0; 1587.7557; 170; 398.6; 
567; 0; 1587.756; 170; 398.8; 
567; 0; 1587.7563; 170; 399; 
567; 0; 1587.7564; 170; 399.2; 
567; 0; 1587.7563; 170; 399.4; 
567; 0; 1587.7562; 170; 399.6; 
567; 0; 1587.7563; 170; 399.8; 
567; 0; 1587.7565; 170; 400; 
567; 0; 1587.7569; 170; 400.2; 
567; 0; 1586.4142; 170; 400.4; 
567; 0; 1586.4146; 170; 400.6; 
567; 0; 1586.415; 170; 400.8; 
567; 0; 1586.4153; 170; 401; 
567; 0; 1586.4155; 170; 401.2; 
567; 0; 1586.4158; 170; 401.4; 
567; 0; 1586.4162; 170; 401.6; 
567; 0; 1586.4165; 170; 401.8; 
567; 0; 1586.4169; 170; 402; 
567; 0; 1586.4171; 170; 402.2; 
567; 0; 1586.4173; 170; 402.4; 
567; 0; 1586.4175; 170; 402.6; 
567; 0; 1586.4176; 170; 402.8; 
567; 0; 1586.4177; 170; 403; 
567; 0; 1586.4178; 170; 403.2; 
567; 0; 1586.4179; 170; 403.4; 
567; 0; 1586.4181; 170; 403.6; 
567; 0; 1586.4181; 170; 403.8; 
567; 0; 1586.4182; 170; 404; 
567; 0; 1586.4183; 170; 404.2; 
567; 0; 1586.4184; 170; 404.4; 
567; 0; 1586.4186; 170; 404.6; 
567; 0; 1586.419; 170; 404.8; 
567; 0; 1586.4194; 170; 405; 
567; 0; 1586.4198; 170; 405.2; 
567; 0; 1586.4202; 170; 405.4; 
567; 0; 1586.4206; 170; 405.6; 
567; 0; 1586.421; 170; 405.8; 
567; 0; 1586.4214; 170; 406; 
567; 0; 1587.7647; 170; 406.2; 
567; 0; 1587.7648; 170; 406.4; 
567; 0; 1587.7648; 170; 406.6; 
567; 0; 1587.7649; 170; 406.8; 
567; 0; 1587.765; 170; 407; 
567; 0; 1587.7651; 170; 407.2; 
567; 0; 1587.7653; 170; 407.4; 
567; 0; 1587.7656; 170; 407.6; 
567; 0; 1586.4228; 170; 407.8; 
567; 0; 1586.4232; 170; 408; 
567; 0; 1586.4235; 170; 408.2; 
567; 0; 1586.4238; 170; 408.4; 
567; 0; 1586.4241; 170; 408.6; 
567; 0; 1586.4243; 170; 408.8; 
567; 0; 1586.4245; 170; 409; 
567; 0; 1586.4247; 170; 409.2; 
567; 0; 1586.4248; 170; 409.4; 
567; 0; 1586.4249; 170; 409.6; 
567; 0; 1586.4251; 170; 409.8; 
567; 0; 1586.4252; 170; 410; 
567; 0; 1586.4254; 170; 410.2; 
567; 0; 1586.4257; 170; 410.4; 
567; 0; 1586.4259; 170; 410.6; 
567; 0; 1586.4261; 170; 410.8; 
567; 0; 1586.4263; 170; 411; 
567; 0; 1572.9948; 170; 411.2; 
567; 0; 1286.4686; 170; 411.4; 
567; 0; 970.8415; 170; 411.6; 
567; 0; 938.8494; 170; 411.8; 
567; 0; 938.8497; 170; 412; 
567; 0; 938.8502; 170; 412.2; 
567; 0; 938.8506; 170; 412.4; 
567; 0; 938.8512; 170; 412.6; 
567; 0; 938.8518; 170; 412.8; 
567; 0; 938.8523; 170; 413; 
567; 0; 938.853; 170; 413.2; 
567; 0; 938.854; 170; 413.4; 
567; 0; 938.8551; 170; 413.6; 
567; 0; 938.8563; 170; 413.8; 
567; 0; 938.8577; 170; 414; 
567; 0; 938.8591; 170; 414.2; 
567; 0; 938.8607; 170; 414.4; 
567; 0; 938.8622; 170; 414.6; 
567; 0; 938.8638; 170; 414.8; 
567; 0; 938.8655; 170; 415; 
567; 0; 938.8673; 170; 415.2; 
567; 0; 938.8692; 170; 415.4; 
567; 0; 938.8714; 170; 415.6; 
567; 0; 938.8736; 170; 415.8; 
567; 0; 938.876; 170; 416; 
567; 0; 931.3694; 170; 416.2; 
567; 0; 931.3719; 170; 416.4; 
567; 0; 931.3745; 170; 416.6; 
567; 0; 931.377; 170; 416.8; 
567; 0; 931.3796; 170; 417; 
567; 0; 931.3823; 170; 417.2; 
567; 0; 931.3849; 170; 417.4; 
567; 0; 931.3873; 170; 417.6; 
567; 0; 931.3895; 170; 417.8; 
567; 0; 931.3917; 170; 418; 
567; 0; 931.394; 170; 418.2; 
567; 0; 931.3964; 170; 418.4; 
567; 0; 931.3988; 170; 418.6; 
567; 0; 931.4012; 170; 418.8; 
567; 0; 931.4037; 170; 419; 
567; 0; 931.4061; 170; 419.2; 
567; 0; 931.4086; 170; 419.4; 
567; 0; 931.411; 170; 419.6; 
567; 0; 931.4136; 170; 419.8; 
567; 0; 931.4161; 170; 420; 
567; 0; 931.4186; 170; 420.2; 
567; 0; 924.19; 170; 420.4; 
567; 0; 924.1923; 170; 420.6; 
567; 0; 924.1946; 170; 420.8; 
567; 0; 924.197; 170; 421; 
567; 0; 924.1992; 170; 421.2; 
567; 0; 924.2013; 170; 421.4; 
567; 0; 924.2034; 170; 421.6; 
567; 0; 924.2054; 170; 421.8; 
567; 0; 924.2075; 170; 422; 
567; 0; 924.2097; 170; 422.2; 
567; 0; 924.2119; 170; 422.4; 
567; 0; 924.2141; 170; 422.6; 
567; 0; 924.2164; 170; 422.8; 
567; 0; 924.2189; 170; 423; 
567; 0; 924.2213; 170; 423.2; 
567; 0; 924.2236; 170; 423.4; 
567; 0; 924.2259; 170; 423.6; 
567; 0; 924.228; 170; 423.8; 
567; 0; 924.2301; 170; 424; 
567; 0; 924.2322; 170; 424.2; 
567; 0; 924.2343; 170; 424.4; 
567; 0; 924.2365; 170; 424.6; 
567; 0; 924.2386; 170; 424.8; 
567; 0; 920.3765; 170; 425; 
567; 0; 920.3765; 170; 425.2; 
567; 0; 920.3765; 170; 425.4; 
567; 0; 920.3765; 170; 425.6; 
567; 0; 920.3765; 170; 425.8; 
567; 0; 920.3765; 170; 426; 
567; 0; 920.3765; 170; 426.2; 
567; 0; 920.3765; 170; 426.4; 
567; 0; 920.3765; 170; 426.6; 
567; 0; 920.3765; 170; 426.8; 
567; 0; 920.3765; 170; 427; 
567; 0; 920.3765; 170; 427.2; 
567; 0; 920.3765; 170; 427.4; 
567; 0; 920.3765; 170; 427.6; 
567; 0; 920.3765; 170; 427.8; 
567; 0; 920.3765; 170; 428; 
567; 0; 920.3765; 170; 428.2; 
567; 0; 920.3765; 170; 428.4; 
567; 0; 920.3765; 170; 428.6; 
567; 0; 920.3765; 170; 428.8; 
567; 0; 920.3765; 170; 429; 
567; 0; 920.3765; 170; 429.2; 
567; 0; 920.3765; 170; 429.4; 
567; 0; 920.3765; 170; 429.6; 
567; 0; 920.3765; 170; 429.8; 
567; 0; 920.3765; 170; 430; 
567; 0; 920.3765; 170; 430.2; 
567; 0; 920.3765; 170; 430.4; 
567; 0; 920.3765; 170; 430.6; 
567; 0; 920.3765; 170; 430.8; 
567; 0; 920.3765; 170; 431; 
567; 0; 920.3765; 170; 431.2; 
567; 0; 920.3765; 170; 431.4; 
567; 0; 920.3765; 170; 431.6; 
567; 0; 920.3765; 170; 431.8; 
567; 0; 920.3765; 170; 432; 
567; 0; 920.3765; 170; 432.2; 
567; 0; 920.3765; 170; 432.4; 
567; 0; 920.3765; 170; 432.6; 
567; 0; 920.3765; 170; 432.8; 
567; 0; 920.3765; 170; 433; 
567; 0; 920.3765; 170; 433.2; 
567; 0; 920.3765; 170; 433.4; 
567; 0; 920.3765; 170; 433.6; 
567; 0; 920.3765; 170; 433.8; 
567; 0; 920.3765; 170; 434; 
567; 0; 920.3765; 170; 434.2; 
567; 0; 920.3765; 170; 434.4; 
567; 0; 920.3765; 170; 434.6; 
567; 0; 920.3765; 170; 434.8; 
567; 0; 920.3765; 170; 435; 
567; 0; 920.3765; 170; 435.2; 
567; 0; 920.3765; 170; 435.4; 
567; 0; 920.3765; 170; 435.6; 
567; 0; 920.3765; 170; 435.8; 
567; 0; 920.3765; 170; 436; 
567; 0; 920.3765; 170; 436.2; 
567; 0; 920.3765; 170; 436.4; 
567; 0; 920.3765; 170; 436.6; 
567; 0; 920.3765; 170; 436.8; 
567; 0; 934.0346; 170; 437; 
567; 0; 949.6233; 170; 437.2; 
567; 0; 966.7708; 170; 437.4; 
567; 0; 982.3597; 170; 437.6; 
567; 0; 997.9486; 170; 437.8; 
567; 0; 1013.5374; 170; 438; 
567; 0; 1029.1261; 170; 438.2; 
567; 0; 1043.156; 170; 438.4; 
567; 0; 1057.1859; 170; 438.6; 
567; 0; 1071.2157; 170; 438.8; 
567; 0; 1083.4915; 170; 439; 
567; 0; 1095.6072; 170; 439.2; 
567; 0; 1107.7229; 170; 439.4; 
567; 0; 1118.3243; 170; 439.6; 
567; 0; 1128.9255; 170; 439.8; 
567; 0; 1138.0124; 170; 440; 
567; 0; 1147.0993; 170; 440.2; 
567; 0; 1156.1862; 170; 440.4; 
567; 0; 1165.273; 170; 440.6; 
567; 0; 1172.846; 170; 440.8; 
567; 0; 1180.4201; 170; 441; 
567; 0; 1187.9963; 170; 441.2; 
567; 0; 1195.5759; 170; 441.4; 
567; 0; 1202.0603; 170; 441.6; 
567; 0; 1206.9631; 170; 441.8; 
567; 0; 1213.5015; 170; 442; 
567; 0; 1218.4192; 170; 442.2; 
567; 0; 1224.971; 170; 442.4; 
567; 0; 1231.5251; 170; 442.6; 
567; 0; 1239.7058; 170; 442.8; 
567; 0; 1251.1374; 170; 443; 
567; 0; 1261.9816; 170; 443.2; 
567; 0; 1275.074; 170; 443.4; 
567; 0; 1288.155; 170; 443.6; 
567; 0; 1291.5823; 170; 443.8; 
567; 0; 1304.5844; 170; 444; 
567; 0; 1316.1322; 170; 444.2; 
567; 0; 1326.2286; 170; 444.4; 
567; 0; 1333.4297; 170; 444.6; 
567; 0; 1340.6326; 170; 444.8; 
567; 0; 1344.946; 170; 445; 
567; 0; 1347.8189; 170; 445.2; 
567; 0; 1350.6995; 170; 445.4; 
567; 0; 1352.1413; 170; 445.6; 
567; 0; 1352.1438; 170; 445.8; 
567; 0; 1353.5999; 170; 446; 
567; 0; 1353.6138; 170; 446.2; 
567; 0; 1355.0776; 170; 446.4; 
567; 0; 1356.5421; 170; 446.6; 
567; 0; 1359.4526; 170; 446.8; 
567; 0; 1362.3604; 170; 447; 
567; 0; 1365.2645; 170; 447.2; 
567; 0; 1369.6114; 170; 447.4; 
567; 0; 1372.5067; 170; 447.6; 
567; 0; 1376.845; 170; 447.8; 
567; 0; 1379.733; 170; 448; 
567; 0; 1382.6187; 170; 448.2; 
567; 0; 1385.5034; 170; 448.4; 
567; 0; 1386.9409; 170; 448.6; 
567; 0; 1388.3794; 170; 448.8; 
567; 0; 1389.8195; 170; 449; 
567; 0; 1389.8148; 170; 449.2; 
567; 0; 1391.2595; 170; 449.4; 
567; 0; 1391.2594; 170; 449.6; 
567; 0; 1391.2614; 170; 449.8; 
567; 0; 1391.265; 170; 450; 
567; 0; 1391.2696; 170; 450.2; 
567; 0; 1391.2746; 170; 450.4; 
567; 0; 1391.2793; 170; 450.6; 
567; 0; 1392.7297; 170; 450.8; 
567; 0; 1392.7299; 170; 451; 
567; 0; 1394.1725; 170; 451.2; 
567; 0; 1395.6093; 170; 451.4; 
567; 0; 1397.0402; 170; 451.6; 
567; 0; 1397.0192; 170; 451.8; 
567; 0; 1396.9951; 170; 452; 
567; 0; 1395.5235; 170; 452.2; 
567; 0; 1392.6079; 170; 452.4; 
567; 0; 1388.2499; 170; 452.6; 
567; 0; 1383.8977; 170; 452.8; 
567; 0; 1379.552; 170; 453; 
567; 0; 1373.7657; 170; 453.2; 
567; 0; 1367.985; 170; 453.4; 
567; 0; 1362.2087; 170; 453.6; 
567; 0; 1357.8819; 170; 453.8; 
567; 0; 1353.5559; 170; 454; 
567; 0; 1349.2297; 170; 454.2; 
567; 0; 1346.348; 170; 454.4; 
567; 0; 1343.4626; 170; 454.6; 
567; 0; 1340.5734; 170; 454.8; 
567; 0; 1339.1274; 170; 455; 
567; 0; 1336.2312; 170; 455.2; 
567; 0; 1334.7798; 170; 455.4; 
567; 0; 1331.8802; 170; 455.6; 
567; 0; 1330.4273; 170; 455.8; 
567; 0; 1328.975; 170; 456; 
567; 0; 1326.0765; 170; 456.2; 
567; 0; 1324.6265; 170; 456.4; 
567; 0; 1321.731; 170; 456.6; 
567; 0; 1320.2838; 170; 456.8; 
567; 0; 1317.3908; 170; 457; 
567; 0; 1315.9457; 170; 457.2; 
567; 0; 1313.0541; 170; 457.4; 
567; 0; 1311.6096; 170; 457.6; 
567; 0; 1310.165; 170; 457.8; 
567; 0; 1308.7198; 170; 458; 
567; 0; 1307.2739; 170; 458.2; 
567; 0; 1305.8274; 170; 458.4; 
567; 0; 1305.8274; 170; 458.6; 
567; 0; 1304.3799; 170; 458.8; 
567; 0; 1302.9321; 170; 459; 
567; 0; 1302.9312; 170; 459.2; 
567; 0; 1301.4832; 170; 459.4; 
567; 0; 1301.4823; 170; 459.6; 
567; 0; 1300.0345; 170; 459.8; 
567; 0; 1300.0339; 170; 460; 
567; 0; 1298.5864; 170; 460.2; 
567; 0; 1298.5862; 170; 460.4; 
567; 0; 1297.1391; 170; 460.6; 
567; 0; 1297.1392; 170; 460.8; 
567; 0; 1295.6923; 170; 461; 
567; 0; 1295.6923; 170; 461.2; 
567; 0; 1295.6922; 170; 461.4; 
567; 0; 1294.2451; 170; 461.6; 
567; 0; 1294.2449; 170; 461.8; 
567; 0; 1294.2447; 170; 462; 
567; 0; 1292.7975; 170; 462.2; 
567; 0; 1292.7974; 170; 462.4; 
567; 0; 1292.7973; 170; 462.6; 
567; 0; 1292.7972; 170; 462.8; 
567; 0; 1291.3499; 170; 463; 
567; 0; 1291.3497; 170; 463.2; 
567; 0; 1291.3495; 170; 463.4; 
567; 0; 1291.3493; 170; 463.6; 
567; 0; 1289.9021; 170; 463.8; 
567; 0; 1289.9021; 170; 464; 
567; 0; 1289.902; 170; 464.2; 
567; 0; 1289.9019; 170; 464.4; 
567; 0; 1289.9018; 170; 464.6; 
567; 0; 1289.9017; 170; 464.8; 
567; 0; 1289.9015; 170; 465; 
567; 0; 1288.4542; 170; 465.2; 
567; 0; 1288.4541; 170; 465.4; 
567; 0; 1288.4539; 170; 465.6; 
567; 0; 1288.4539; 170; 465.8; 
567; 0; 1288.4538; 170; 466; 
567; 0; 1288.4538; 170; 466.2; 
567; 0; 1288.4538; 170; 466.4; 
567; 0; 1288.4536; 170; 466.6; 
567; 0; 1288.4535; 170; 466.8; 
567; 0; 1287.0062; 170; 467; 
567; 0; 1287.006; 170; 467.2; 
567; 0; 1287.0059; 170; 467.4; 
567; 0; 1287.0057; 170; 467.6; 
567; 0; 1287.0056; 170; 467.8; 
567; 0; 1296.6277; 170; 468; 
567; 0; 1296.6276; 170; 468.2; 
567; 0; 1296.6275; 170; 468.4; 
567; 0; 1296.6274; 170; 468.6; 
567; 0; 1296.6273; 170; 468.8; 
567; 0; 1295.1738; 170; 469; 
567; 0; 1295.1737; 170; 469.2; 
567; 0; 1295.1735; 170; 469.4; 
567; 0; 1293.72; 170; 469.6; 
567; 0; 1293.72; 170; 469.8; 
567; 0; 1293.72; 170; 470; 
567; 0; 1292.2664; 170; 470.2; 
567; 0; 1292.2664; 170; 470.4; 
567; 0; 1290.8128; 170; 470.6; 
567; 0; 1290.8126; 170; 470.8; 
567; 0; 1289.3589; 170; 471; 
567; 0; 1289.3586; 170; 471.2; 
567; 0; 1289.3583; 170; 471.4; 
567; 0; 1287.9045; 170; 471.6; 
567; 0; 1287.9043; 170; 471.8; 
567; 0; 1286.4506; 170; 472; 
567; 0; 1286.4503; 170; 472.2; 
567; 0; 1286.4502; 170; 472.4; 
567; 0; 1284.9966; 170; 472.6; 
567; 0; 1284.9966; 170; 472.8; 
567; 0; 1283.5432; 170; 473; 
567; 0; 1283.5433; 170; 473.2; 
567; 0; 1283.5432; 170; 473.4; 
567; 0; 1283.5431; 170; 473.6; 
567; 0; 1282.0893; 170; 473.8; 
567; 0; 1282.0891; 170; 474; 
567; 0; 1282.0888; 170; 474.2; 
567; 0; 1282.0885; 170; 474.4; 
567; 0; 1282.0883; 170; 474.6; 
567; 0; 1280.6346; 170; 474.8; 
567; 0; 1280.6344; 170; 475; 
567; 0; 1280.6344; 170; 475.2; 
567; 0; 1280.6346; 170; 475.4; 
567; 0; 1280.6359; 170; 475.6; 
567; 0; 1282.093; 170; 475.8; 
567; 0; 1282.1001; 170; 476; 
567; 0; 1282.1123; 170; 476.2; 
567; 0; 1280.6773; 170; 476.4; 
567; 0; 1280.703; 170; 476.6; 
567; 0; 1280.7348; 170; 476.8; 
567; 0; 1282.2236; 170; 477; 
567; 0; 1285.1659; 170; 477.2; 
567; 0; 1291.0114; 170; 477.4; 
567; 0; 1288.6736; 170; 477.6; 
567; 0; 1297.3702; 170; 477.8; 
567; 0; 1306.0558; 170; 478; 
567; 0; 1317.6244; 170; 478.2; 
567; 0; 1327.7359; 170; 478.4; 
567; 0; 1337.8393; 170; 478.6; 
567; 0; 1345.0434; 170; 478.8; 
567; 0; 1352.2451; 170; 479; 
567; 0; 1358.0005; 170; 479.2; 
567; 0; 1360.8653; 170; 479.4; 
567; 0; 1363.7359; 170; 479.6; 
567; 0; 1365.1666; 170; 479.8; 
567; 0; 1365.1585; 170; 480; 
567; 0; 1365.1581; 170; 480.2; 
567; 0; 1365.1648; 170; 480.4; 
567; 0; 1365.1768; 170; 480.6; 
567; 0; 1365.1923; 170; 480.8; 
567; 0; 1365.2092; 170; 481; 
567; 0; 1366.6725; 170; 481.2; 
567; 0; 1368.1338; 170; 481.4; 
567; 0; 1371.0388; 170; 481.6; 
567; 0; 1373.9397; 170; 481.8; 
567; 0; 1376.8363; 170; 482; 
567; 0; 1381.1758; 170; 482.2; 
567; 0; 1384.0648; 170; 482.4; 
567; 0; 1385.5042; 170; 482.6; 
567; 0; 1388.3892; 170; 482.8; 
567; 0; 1389.8268; 170; 483; 
567; 0; 1391.265; 170; 483.2; 
567; 0; 1391.2575; 170; 483.4; 
567; 0; 1391.2521; 170; 483.6; 
567; 0; 1391.2491; 170; 483.8; 
567; 0; 1391.2485; 170; 484; 
567; 0; 1391.25; 170; 484.2; 
567; 0; 1391.2533; 170; 484.4; 
567; 0; 1391.2577; 170; 484.6; 
567; 0; 1391.2628; 170; 484.8; 
567; 0; 1391.2677; 170; 485; 
567; 0; 1391.272; 170; 485.2; 
567; 0; 1391.2753; 170; 485.4; 
567; 0; 1392.7244; 170; 485.6; 
567; 0; 1392.7252; 170; 485.8; 
567; 0; 1394.1718; 170; 486; 
567; 0; 1394.1703; 170; 486.2; 
567; 0; 1395.6152; 170; 486.4; 
567; 0; 1395.6125; 170; 486.6; 
567; 0; 1395.6097; 170; 486.8; 
567; 0; 1395.6072; 170; 487; 
567; 0; 1397.0521; 170; 487.2; 
567; 0; 1397.0505; 170; 487.4; 
567; 0; 1395.6025; 170; 487.6; 
567; 0; 1395.6021; 170; 487.8; 
567; 0; 1395.6023; 170; 488; 
567; 0; 1395.6031; 170; 488.2; 
567; 0; 1395.6043; 170; 488.4; 
567; 0; 1395.6056; 170; 488.6; 
567; 0; 1395.6069; 170; 488.8; 
567; 0; 1395.6079; 170; 489; 
567; 0; 1395.6088; 170; 489.2; 
567; 0; 1395.6093; 170; 489.4; 
567; 0; 1395.6094; 170; 489.6; 
567; 0; 1395.6093; 170; 489.8; 
567; 0; 1397.056; 170; 490; 
567; 0; 1397.0553; 170; 490.2; 
567; 0; 1397.0545; 170; 490.4; 
567; 0; 1397.0536; 170; 490.6; 
567; 0; 1397.0528; 170; 490.8; 
567; 0; 1397.0522; 170; 491; 
567; 0; 1397.0519; 170; 491.2; 
567; 0; 1397.0516; 170; 491.4; 
567; 0; 1397.0516; 170; 491.6; 
567; 0; 1397.0516; 170; 491.8; 
567; 0; 1397.0518; 170; 492; 
567; 0; 1395.6048; 170; 492.2; 
567; 0; 1395.6049; 170; 492.4; 
567; 0; 1395.6049; 170; 492.6; 
567; 0; 1395.605; 170; 492.8; 
567; 0; 1395.605; 170; 493; 
567; 0; 1395.605; 170; 493.2; 
567; 0; 1397.0517; 170; 493.4; 
567; 0; 1397.0497; 170; 493.6; 
567; 0; 1397.0446; 170; 493.8; 
567; 0; 1398.4818; 170; 494; 
567; 0; 1398.4667; 170; 494.2; 
567; 0; 1398.4467; 170; 494.4; 
567; 0; 1396.976; 170; 494.6; 
567; 0; 1395.5051; 170; 494.8; 
567; 0; 1392.5893; 170; 495; 
567; 0; 1388.2302; 170; 495.2; 
567; 0; 1383.8768; 170; 495.4; 
567; 0; 1378.0828; 170; 495.6; 
567; 0; 1372.2954; 170; 495.8; 
567; 0; 1366.5136; 170; 496; 
567; 0; 1360.736; 170; 496.2; 
567; 0; 1356.408; 170; 496.4; 
567; 0; 1350.6336; 170; 496.6; 
567; 0; 1346.3054; 170; 496.8; 
567; 0; 1341.9752; 170; 497; 
567; 0; 1339.0895; 170; 497.2; 
567; 0; 1336.2007; 170; 497.4; 
567; 0; 1333.3087; 170; 497.6; 
567; 0; 1330.4142; 170; 497.8; 
567; 0; 1328.9649; 170; 498; 
567; 0; 1326.0674; 170; 498.2; 
567; 0; 1323.1695; 170; 498.4; 
567; 0; 1321.719; 170; 498.6; 
567; 0; 1318.8224; 170; 498.8; 
567; 0; 1315.9267; 170; 499; 
567; 0; 1314.4789; 170; 499.2; 
567; 0; 1311.585; 170; 499.4; 
567; 0; 1310.1388; 170; 499.6; 
567; 0; 1308.6931; 170; 499.8; 
567; 0; 1305.8007; 170; 500; 
567; 0; 1304.3554; 170; 500.2; 
567; 0; 1302.91; 170; 500.4; 
567; 0; 1301.4643; 170; 500.6; 
567; 0; 1300.0182; 170; 500.8; 
567; 0; 1298.5716; 170; 501; 
567; 0; 1298.5717; 170; 501.2; 
567; 0; 1297.1243; 170; 501.4; 
567; 0; 1295.6767; 170; 501.6; 
567; 0; 1295.6761; 170; 501.8; 
567; 0; 1294.2286; 170; 502; 
567; 0; 1294.2281; 170; 502.2; 
567; 0; 1292.7807; 170; 502.4; 
567; 0; 1292.7804; 170; 502.6; 
567; 0; 1291.3333; 170; 502.8; 
567; 0; 1291.3334; 170; 503; 
567; 0; 1289.8866; 170; 503.2; 
567; 0; 1289.8868; 170; 503.4; 
567; 0; 1289.8869; 170; 503.6; 
567; 0; 1288.4399; 170; 503.8; 
567; 0; 1288.44; 170; 504; 
567; 0; 1288.4401; 170; 504.2; 
567; 0; 1288.44; 170; 504.4; 
567; 0; 1286.9927; 170; 504.6; 
567; 0; 1286.9924; 170; 504.8; 
567; 0; 1296.6144; 170; 505; 
567; 0; 1296.6141; 170; 505.2; 
567; 0; 1296.6139; 170; 505.4; 
567; 0; 1295.1603; 170; 505.6; 
567; 0; 1295.1602; 170; 505.8; 
567; 0; 1295.1601; 170; 506; 
567; 0; 1293.7065; 170; 506.2; 
567; 0; 1293.7064; 170; 506.4; 
567; 0; 1293.7063; 170; 506.6; 
567; 0; 1292.2528; 170; 506.8; 
567; 0; 1292.2529; 170; 507; 
567; 0; 1290.7995; 170; 507.2; 
567; 0; 1290.7997; 170; 507.4; 
567; 0; 1289.3463; 170; 507.6; 
567; 0; 1289.3463; 170; 507.8; 
567; 0; 1287.8928; 170; 508; 
567; 0; 1287.8925; 170; 508.2; 
567; 0; 1286.4387; 170; 508.4; 
567; 0; 1286.4382; 170; 508.6; 
567; 0; 1286.4378; 170; 508.8; 
567; 0; 1284.9838; 170; 509; 
567; 0; 1284.9836; 170; 509.2; 
567; 0; 1283.53; 170; 509.4; 
567; 0; 1283.53; 170; 509.6; 
567; 0; 1283.53; 170; 509.8; 
567; 0; 1282.0765; 170; 510; 
567; 0; 1282.0765; 170; 510.2; 
567; 0; 1282.0764; 170; 510.4; 
567; 0; 1280.6228; 170; 510.6; 
567; 0; 1280.6227; 170; 510.8; 
567; 0; 1280.6227; 170; 511; 
567; 0; 1280.6227; 170; 511.2; 
567; 0; 1279.1692; 170; 511.4; 
567; 0; 1279.1693; 170; 511.6; 
567; 0; 1279.1693; 170; 511.8; 
567; 0; 1279.1693; 170; 512; 
567; 0; 1279.1691; 170; 512.2; 
567; 0; 1279.1689; 170; 512.4; 
567; 0; 1277.7153; 170; 512.6; 
567; 0; 1277.7152; 170; 512.8; 
567; 0; 1277.715; 170; 513; 
567; 0; 1277.7149; 170; 513.2; 
567; 0; 1277.7147; 170; 513.4; 
567; 0; 1277.7146; 170; 513.6; 
567; 0; 1277.7145; 170; 513.8; 
567; 0; 1277.7143; 170; 514; 
567; 0; 1277.7142; 170; 514.2; 
567; 0; 1276.2606; 170; 514.4; 
567; 0; 1276.2606; 170; 514.6; 
567; 0; 1276.2605; 170; 514.8; 
567; 0; 1276.2605; 170; 515; 
567; 0; 1276.2605; 170; 515.2; 
567; 0; 1276.2606; 170; 515.4; 
567; 0; 1276.2606; 170; 515.6; 
567; 0; 1276.2607; 170; 515.8; 
567; 0; 1276.2607; 170; 516; 
567; 0; 1276.2608; 170; 516.2; 
567; 0; 1276.2609; 170; 516.4; 
567; 0; 1276.2608; 170; 516.6; 
567; 0; 1276.2608; 170; 516.8; 
567; 0; 1276.2607; 170; 517; 
567; 0; 1276.2605; 170; 517.2; 
567; 0; 1276.2603; 170; 517.4; 
567; 0; 1276.2602; 170; 517.6; 
567; 0; 1276.2601; 170; 517.8; 
567; 0; 1276.2599; 170; 518; 
567; 0; 1274.8063; 170; 518.2; 
567; 0; 1274.8062; 170; 518.4; 
567; 0; 1274.8061; 170; 518.6; 
567; 0; 1274.8061; 170; 518.8; 
567; 0; 1274.806; 170; 519; 
567; 0; 1274.806; 170; 519.2; 
567; 0; 1274.8061; 170; 519.4; 
567; 0; 1274.8062; 170; 519.6; 
567; 0; 1274.8064; 170; 519.8; 
567; 0; 1274.8065; 170; 520; 
567; 0; 1274.8065; 170; 520.2; 
567; 0; 1274.8066; 170; 520.4; 
567; 0; 1274.8065; 170; 520.6; 
567; 0; 1274.8065; 170; 520.8; 
567; 0; 1274.8064; 170; 521; 
567; 0; 1274.8063; 170; 521.2; 
567; 0; 1274.8062; 170; 521.4; 
567; 0; 1274.8061; 170; 521.6; 
567; 0; 1274.806; 170; 521.8; 
567; 0; 1274.8059; 170; 522; 
567; 0; 1274.8058; 170; 522.2; 
567; 0; 1274.8056; 170; 522.4; 
567; 0; 1274.8055; 170; 522.6; 
567; 0; 1274.8054; 170; 522.8; 
567; 0; 1274.8055; 170; 523; 
567; 0; 1274.8056; 170; 523.2; 
567; 0; 1274.8057; 170; 523.4; 
567; 0; 1274.8057; 170; 523.6; 
567; 0; 1274.8056; 170; 523.8; 
567; 0; 1274.8055; 170; 524; 
567; 0; 1274.8054; 170; 524.2; 
567; 0; 1274.8053; 170; 524.4; 
567; 0; 1274.8052; 170; 524.6; 
567; 0; 1274.8052; 170; 524.8; 
567; 0; 1274.8052; 170; 525; 
567; 0; 1274.8053; 170; 525.2; 
567; 0; 1274.8054; 170; 525.4; 
567; 0; 1274.8055; 170; 525.6; 
567; 0; 1274.8055; 170; 525.8; 
567; 0; 1274.8055; 170; 526; 
567; 0; 1274.8054; 170; 526.2; 
567; 0; 1274.8053; 170; 526.4; 
567; 0; 1274.8052; 170; 526.6; 
567; 0; 1274.8051; 170; 526.8; 
567; 0; 1274.805; 170; 527; 
567; 0; 1274.805; 170; 527.2; 
567; 0; 1274.805; 170; 527.4; 
567; 0; 1274.8049; 170; 527.6; 
567; 0; 1274.8048; 170; 527.8; 
567; 0; 1274.8048; 170; 528; 
567; 0; 1274.8048; 170; 528.2; 
567; 0; 1274.8048; 170; 528.4; 
567; 0; 1274.8048; 170; 528.6; 
567; 0; 1273.3513; 170; 528.8; 
567; 0; 1273.3513; 170; 529; 
567; 0; 1273.3512; 170; 529.2; 
567; 0; 1273.3511; 170; 529.4; 
567; 0; 1273.3511; 170; 529.6; 
567; 0; 1273.3512; 170; 529.8; 
567; 0; 1273.3511; 170; 530; 
567; 0; 1273.3511; 170; 530.2; 
567; 0; 1273.3511; 170; 530.4; 
567; 0; 1273.3511; 170; 530.6; 
567; 0; 1273.3511; 170; 530.8; 
567; 0; 1273.351; 170; 531; 
567; 0; 1273.3509; 170; 531.2; 
567; 0; 1273.3508; 170; 531.4; 
567; 0; 1273.3507; 170; 531.6; 
567; 0; 1273.3507; 170; 531.8; 
567; 0; 1273.3507; 170; 532; 
567; 0; 1273.3507; 170; 532.2; 
567; 0; 1273.3507; 170; 532.4; 
567; 0; 1273.3508; 170; 532.6; 
567; 0; 1273.3508; 170; 532.8; 
567; 0; 1273.3508; 170; 533; 
567; 0; 1273.3507; 170; 533.2; 
567; 0; 1273.3505; 170; 533.4; 
567; 0; 1273.3505; 170; 533.6; 
567; 0; 1273.3504; 170; 533.8; 
567; 0; 1273.3504; 170; 534; 
567; 0; 1273.3505; 170; 534.2; 
567; 0; 1273.3504; 170; 534.4; 
567; 0; 1273.3504; 170; 534.6; 
567; 0; 1273.3504; 170; 534.8; 
567; 0; 1273.3504; 170; 535; 
567; 0; 1273.3504; 170; 535.2; 
567; 0; 1273.3503; 170; 535.4; 
567; 0; 1273.3503; 170; 535.6; 
567; 0; 1273.3503; 170; 535.8; 
567; 0; 1273.3503; 170; 536; 
567; 0; 1273.3503; 170; 536.2; 
567; 0; 1273.3503; 170; 536.4; 
567; 0; 1273.3503; 170; 536.6; 
567; 0; 1273.3503; 170; 536.8; 
567; 0; 1273.3503; 170; 537; 
567; 0; 1273.3502; 170; 537.2; 
567; 0; 1273.3501; 170; 537.4; 
567; 0; 1273.3501; 170; 537.6; 
567; 0; 1273.35; 170; 537.8; 
567; 0; 1273.35; 170; 538; 
567; 0; 1273.35; 170; 538.2; 
567; 0; 1273.35; 170; 538.4; 
567; 0; 1273.35; 170; 538.6; 
567; 0; 1274.8036; 170; 538.8; 
567; 0; 1274.8039; 170; 539; 
567; 0; 1274.8046; 170; 539.2; 
567; 0; 1274.8064; 170; 539.4; 
567; 0; 1276.2642; 170; 539.6; 
567; 0; 1276.2723; 170; 539.8; 
567; 0; 1276.2851; 170; 540; 
567; 0; 1276.3034; 170; 540.2; 
567; 0; 1276.3269; 170; 540.4; 
567; 0; 1276.3545; 170; 540.6; 
567; 0; 1279.2916; 170; 540.8; 
567; 0; 1280.7755; 170; 541; 
567; 0; 1285.1641; 170; 541.2; 
567; 0; 1291.0011; 170; 541.4; 
567; 0; 1290.1016; 170; 541.6; 
567; 0; 1298.7899; 170; 541.8; 
567; 0; 1307.468; 170; 542; 
567; 0; 1317.5826; 170; 542.2; 
567; 0; 1327.6872; 170; 542.4; 
567; 0; 1336.3363; 170; 542.6; 
567; 0; 1343.5326; 170; 542.8; 
567; 0; 1347.8324; 170; 543; 
567; 0; 1352.1337; 170; 543.2; 
567; 0; 1353.5466; 170; 543.4; 
567; 0; 1353.5219; 170; 543.6; 
567; 0; 1352.06; 170; 543.8; 
567; 0; 1350.6089; 170; 544; 
567; 0; 1347.7214; 170; 544.2; 
567; 0; 1344.8431; 170; 544.4; 
567; 0; 1341.9714; 170; 544.6; 
567; 0; 1340.5518; 170; 544.8; 
567; 0; 1339.1332; 170; 545; 
567; 0; 1339.1588; 170; 545.2; 
567; 0; 1340.6258; 170; 545.4; 
567; 0; 1343.5323; 170; 545.6; 
567; 0; 1346.4299; 170; 545.8; 
567; 0; 1349.3187; 170; 546; 
567; 0; 1352.1993; 170; 546.2; 
567; 0; 1355.0737; 170; 546.4; 
567; 0; 1356.4974; 170; 546.6; 
567; 0; 1356.4729; 170; 546.8; 
567; 0; 1356.4503; 170; 547; 
567; 0; 1354.9857; 170; 547.2; 
567; 0; 1352.0796; 170; 547.4; 
567; 0; 1349.1796; 170; 547.6; 
567; 0; 1346.2859; 170; 547.8; 
567; 0; 1343.3977; 170; 548; 
567; 0; 1340.5137; 170; 548.2; 
567; 0; 1337.6323; 170; 548.4; 
567; 0; 1334.7522; 170; 548.6; 
567; 0; 1333.3184; 170; 548.8; 
567; 0; 1331.8821; 170; 549; 
567; 0; 1330.4423; 170; 549.2; 
567; 0; 1330.4455; 170; 549.4; 
567; 0; 1330.4447; 170; 549.6; 
567; 0; 1330.4405; 170; 549.8; 
567; 0; 1328.9867; 170; 550; 
567; 0; 1328.9786; 170; 550.2; 
567; 0; 1327.523; 170; 550.4; 
567; 0; 1327.515; 170; 550.6; 
567; 0; 1326.0614; 170; 550.8; 
567; 0; 1324.6098; 170; 551; 
567; 0; 1323.1603; 170; 551.2; 
567; 0; 1320.2656; 170; 551.4; 
567; 0; 1318.8195; 170; 551.6; 
567; 0; 1317.3747; 170; 551.8; 
567; 0; 1315.9306; 170; 552; 
567; 0; 1314.4868; 170; 552.2; 
567; 0; 1313.0428; 170; 552.4; 
567; 0; 1311.5982; 170; 552.6; 
567; 0; 1311.5998; 170; 552.8; 
567; 0; 1310.1533; 170; 553; 
567; 0; 1308.7059; 170; 553.2; 
567; 0; 1308.7048; 170; 553.4; 
567; 0; 1307.256; 170; 553.6; 
567; 0; 1307.254; 170; 553.8; 
567; 0; 1305.805; 170; 554; 
567; 0; 1305.8034; 170; 554.2; 
567; 0; 1304.355; 170; 554.4; 
567; 0; 1302.907; 170; 554.6; 
567; 0; 1302.9065; 170; 554.8; 
567; 0; 1301.4592; 170; 555; 
567; 0; 1301.4591; 170; 555.2; 
567; 0; 1300.0122; 170; 555.4; 
567; 0; 1300.0124; 170; 555.6; 
567; 0; 1298.5655; 170; 555.8; 
567; 0; 1298.5657; 170; 556; 
567; 0; 1297.1187; 170; 556.2; 
567; 0; 1297.1186; 170; 556.4; 
567; 0; 1295.6713; 170; 556.6; 
567; 0; 1295.671; 170; 556.8; 
567; 0; 1295.6706; 170; 557; 
567; 0; 1294.223; 170; 557.2; 
567; 0; 1294.2226; 170; 557.4; 
567; 0; 1294.2222; 170; 557.6; 
567; 0; 1292.7747; 170; 557.8; 
567; 0; 1292.7744; 170; 558; 
567; 0; 1292.7741; 170; 558.2; 
567; 0; 1291.3268; 170; 558.4; 
567; 0; 1291.3266; 170; 558.6; 
567; 0; 1291.3265; 170; 558.8; 
567; 0; 1289.8794; 170; 559; 
567; 0; 1289.8794; 170; 559.2; 
567; 0; 1289.8793; 170; 559.4; 
567; 0; 1289.8792; 170; 559.6; 
567; 0; 1288.4321; 170; 559.8; 
567; 0; 1288.432; 170; 560; 
567; 0; 1288.4318; 170; 560.2; 
567; 0; 1288.4317; 170; 560.4; 
567; 0; 1288.4315; 170; 560.6; 
567; 0; 1286.9841; 170; 560.8; 
567; 0; 1286.9839; 170; 561; 
567; 0; 1296.606; 170; 561.2; 
567; 0; 1296.6058; 170; 561.4; 
567; 0; 1296.6056; 170; 561.6; 
567; 0; 1295.1519; 170; 561.8; 
567; 0; 1295.1518; 170; 562; 
567; 0; 1295.1517; 170; 562.2; 
567; 0; 1293.6982; 170; 562.4; 
567; 0; 1293.6982; 170; 562.6; 
567; 0; 1292.2446; 170; 562.8; 
567; 0; 1292.2445; 170; 563; 
567; 0; 1290.7908; 170; 563.2; 
567; 0; 1290.7907; 170; 563.4; 
567; 0; 1289.337; 170; 563.6; 
567; 0; 1289.3368; 170; 563.8; 
567; 0; 1287.883; 170; 564; 
567; 0; 1287.8828; 170; 564.2; 
567; 0; 1286.4291; 170; 564.4; 
567; 0; 1286.4289; 170; 564.6; 
567; 0; 1286.4288; 170; 564.8; 
567; 0; 1284.9752; 170; 565; 
567; 0; 1284.975; 170; 565.2; 
567; 0; 1283.5215; 170; 565.4; 
567; 0; 1283.5216; 170; 565.6; 
567; 0; 1282.0681; 170; 565.8; 
567; 0; 1282.0681; 170; 566; 
567; 0; 1282.0679; 170; 566.2; 
567; 0; 1280.6142; 170; 566.4; 
567; 0; 1280.614; 170; 566.6; 
567; 0; 1280.6138; 170; 566.8; 
567; 0; 1279.16; 170; 567; 
567; 0; 1279.1597; 170; 567.2; 
567; 0; 1279.1596; 170; 567.4; 
567; 0; 1279.1595; 170; 567.6; 
567; 0; 1277.7059; 170; 567.8; 
567; 0; 1277.7059; 170; 568; 
567; 0; 1277.7058; 170; 568.2; 
567; 0; 1277.7058; 170; 568.4; 
567; 0; 1276.2522; 170; 568.6; 
567; 0; 1276.2522; 170; 568.8; 
567; 0; 1276.2523; 170; 569; 
567; 0; 1276.2523; 170; 569.2; 
567; 0; 1276.2523; 170; 569.4; 
567; 0; 1276.2522; 170; 569.6; 
567; 0; 1274.7986; 170; 569.8; 
567; 0; 1274.7985; 170; 570; 
567; 0; 1274.7983; 170; 570.2; 
567; 0; 1274.7982; 170; 570.4; 
567; 0; 1274.7981; 170; 570.6; 
567; 0; 1274.7981; 170; 570.8; 
567; 0; 1274.798; 170; 571; 
567; 0; 1274.798; 170; 571.2; 
567; 0; 1274.798; 170; 571.4; 
567; 0; 1274.798; 170; 571.6; 
567; 0; 1273.3445; 170; 571.8; 
567; 0; 1273.3445; 170; 572; 
567; 0; 1273.3446; 170; 572.2; 
567; 0; 1273.3446; 170; 572.4; 
567; 0; 1273.3446; 170; 572.6; 
567; 0; 1273.3446; 170; 572.8; 
567; 0; 1273.3445; 170; 573; 
567; 0; 1273.3445; 170; 573.2; 
567; 0; 1273.3443; 170; 573.4; 
567; 0; 1273.344; 170; 573.6; 
567; 0; 1273.3438; 170; 573.8; 
567; 0; 1273.3437; 170; 574; 
567; 0; 1273.3438; 170; 574.2; 
567; 0; 1273.3438; 170; 574.4; 
567; 0; 1273.3439; 170; 574.6; 
567; 0; 1273.344; 170; 574.8; 
567; 0; 1273.344; 170; 575; 
567; 0; 1273.344; 170; 575.2; 
567; 0; 1273.344; 170; 575.4; 
567; 0; 1273.344; 170; 575.6; 
567; 0; 1273.3439; 170; 575.8; 
567; 0; 1271.8902; 170; 576; 
567; 0; 1271.8901; 170; 576.2; 
567; 0; 1271.8899; 170; 576.4; 
567; 0; 1271.8898; 170; 576.6; 
567; 0; 1271.8896; 170; 576.8; 
567; 0; 1271.8896; 170; 577; 
567; 0; 1271.8897; 170; 577.2; 
567; 0; 1271.8898; 170; 577.4; 
567; 0; 1271.8899; 170; 577.6; 
567; 0; 1271.89; 170; 577.8; 
567; 0; 1271.8901; 170; 578; 
567; 0; 1271.8901; 170; 578.2; 
567; 0; 1271.8901; 170; 578.4; 
567; 0; 1271.8901; 170; 578.6; 
567; 0; 1271.8902; 170; 578.8; 
567; 0; 1271.8902; 170; 579; 
567; 0; 1271.8901; 170; 579.2; 
567; 0; 1271.8901; 170; 579.4; 
567; 0; 1271.89; 170; 579.6; 
567; 0; 1271.8899; 170; 579.8; 
567; 0; 1271.8898; 170; 580; 
567; 0; 1271.8897; 170; 580.2; 
567; 0; 1271.8895; 170; 580.4; 
567; 0; 1271.8894; 170; 580.6; 
567; 0; 1271.8893; 170; 580.8; 
567; 0; 1271.8894; 170; 581; 
567; 0; 1271.8895; 170; 581.2; 
567; 0; 1271.8896; 170; 581.4; 
567; 0; 1271.8897; 170; 581.6; 
567; 0; 1271.8897; 170; 581.8; 
567; 0; 1271.8898; 170; 582; 
567; 0; 1271.8899; 170; 582.2; 
567; 0; 1271.8899; 170; 582.4; 
567; 0; 1271.8898; 170; 582.6; 
567; 0; 1271.8897; 170; 582.8; 
567; 0; 1271.8896; 170; 583; 
567; 0; 1271.8896; 170; 583.2; 
567; 0; 1271.8895; 170; 583.4; 
567; 0; 1271.8895; 170; 583.6; 
567; 0; 1271.8895; 170; 583.8; 
567; 0; 1271.8895; 170; 584; 
567; 0; 1271.8895; 170; 584.2; 
567; 0; 1271.8895; 170; 584.4; 
567; 0; 1271.8895; 170; 584.6; 
567; 0; 1273.3435; 170; 584.8; 
567; 0; 1273.3451; 170; 585; 
567; 0; 1273.3489; 170; 585.2; 
567; 0; 1273.3557; 170; 585.4; 
567; 0; 1274.8211; 170; 585.6; 
567; 0; 1274.8388; 170; 585.8; 
567; 0; 1273.4101; 170; 586; 
567; 0; 1274.8948; 170; 586.2; 
567; 0; 1274.9298; 170; 586.4; 
567; 0; 1277.8722; 170; 586.6; 
567; 0; 1283.7184; 170; 586.8; 
567; 0; 1289.5576; 170; 587; 
567; 0; 1288.6646; 170; 587.2; 
567; 0; 1298.798; 170; 587.4; 
567; 0; 1308.92; 170; 587.6; 
567; 0; 1320.4787; 170; 587.8; 
567; 0; 1329.1349; 170; 588; 
567; 0; 1337.7857; 170; 588.2; 
567; 0; 1344.987; 170; 588.4; 
567; 0; 1349.2951; 170; 588.6; 
567; 0; 1353.6069; 170; 588.8; 
567; 0; 1356.4776; 170; 589; 
567; 0; 1356.4618; 170; 589.2; 
567; 0; 1357.9012; 170; 589.4; 
567; 0; 1357.9015; 170; 589.6; 
567; 0; 1356.4614; 170; 589.8; 
567; 0; 1356.4725; 170; 590; 
567; 0; 1357.9324; 170; 590.2; 
567; 0; 1357.9439; 170; 590.4; 
567; 0; 1359.3989; 170; 590.6; 
567; 0; 1362.2955; 170; 590.8; 
567; 0; 1363.7387; 170; 591; 
567; 0; 1365.1758; 170; 591.2; 
567; 0; 1366.6078; 170; 591.4; 
567; 0; 1366.5894; 170; 591.6; 
567; 0; 1366.5705; 170; 591.8; 
567; 0; 1365.1064; 170; 592; 
567; 0; 1362.1986; 170; 592.2; 
567; 0; 1359.2953; 170; 592.4; 
567; 0; 1356.3974; 170; 592.6; 
567; 0; 1352.0578; 170; 592.8; 
567; 0; 1347.7228; 170; 593; 
567; 0; 1344.8384; 170; 593.2; 
567; 0; 1340.5089; 170; 593.4; 
567; 0; 1337.6267; 170; 593.6; 
567; 0; 1334.7436; 170; 593.8; 
567; 0; 1333.3059; 170; 594; 
567; 0; 1330.418; 170; 594.2; 
567; 0; 1328.9736; 170; 594.4; 
567; 0; 1328.973; 170; 594.6; 
567; 0; 1327.5228; 170; 594.8; 
567; 0; 1326.0707; 170; 595; 
567; 0; 1324.6177; 170; 595.2; 
567; 0; 1323.1647; 170; 595.4; 
567; 0; 1321.7127; 170; 595.6; 
567; 0; 1320.2618; 170; 595.8; 
567; 0; 1317.3652; 170; 596; 
567; 0; 1315.9169; 170; 596.2; 
567; 0; 1314.4701; 170; 596.4; 
567; 0; 1313.0242; 170; 596.6; 
567; 0; 1310.132; 170; 596.8; 
567; 0; 1308.6871; 170; 597; 
567; 0; 1307.2422; 170; 597.2; 
567; 0; 1305.797; 170; 597.4; 
567; 0; 1304.3512; 170; 597.6; 
567; 0; 1304.3519; 170; 597.8; 
567; 0; 1302.905; 170; 598; 
567; 0; 1301.4575; 170; 598.2; 
567; 0; 1301.4565; 170; 598.4; 
567; 0; 1300.0083; 170; 598.6; 
567; 0; 1300.0071; 170; 598.8; 
567; 0; 1298.5589; 170; 599; 
567; 0; 1297.1109; 170; 599.2; 
567; 0; 1297.1101; 170; 599.4; 
567; 0; 1295.6627; 170; 599.6; 
567; 0; 1295.6626; 170; 599.8; 
567; 0; 1294.2156; 170; 600; 
567; 0; 1294.2158; 170; 600.2; 
567; 0; 1292.7689; 170; 600.4; 
567; 0; 1292.769; 170; 600.6; 
567; 0; 1291.322; 170; 600.8; 
567; 0; 1291.3219; 170; 601; 
567; 0; 1291.3216; 170; 601.2; 
567; 0; 1289.8743; 170; 601.4; 
567; 0; 1289.874; 170; 601.6; 
567; 0; 1289.8738; 170; 601.8; 
567; 0; 1288.4265; 170; 602; 
567; 0; 1288.4262; 170; 602.2; 
567; 0; 1288.4259; 170; 602.4; 
567; 0; 1286.9787; 170; 602.6; 
567; 0; 1286.9785; 170; 602.8; 
567; 0; 1296.6007; 170; 603; 
567; 0; 1296.6006; 170; 603.2; 
567; 0; 1295.147; 170; 603.4; 
567; 0; 1295.1469; 170; 603.6; 
567; 0; 1295.147; 170; 603.8; 
567; 0; 1293.6935; 170; 604; 
567; 0; 1293.6935; 170; 604.2; 
567; 0; 1293.6934; 170; 604.4; 
567; 0; 1292.2398; 170; 604.6; 
567; 0; 1292.2395; 170; 604.8; 
567; 0; 1290.7858; 170; 605; 
567; 0; 1290.7855; 170; 605.2; 
567; 0; 1289.3317; 170; 605.4; 
567; 0; 1287.8779; 170; 605.6; 
567; 0; 1287.8776; 170; 605.8; 
567; 0; 1286.4239; 170; 606; 
567; 0; 1286.4238; 170; 606.2; 
567; 0; 1284.9701; 170; 606.4; 
567; 0; 1284.97; 170; 606.6; 
567; 0; 1283.5163; 170; 606.8; 
567; 0; 1283.5161; 170; 607; 
567; 0; 1282.0623; 170; 607.2; 
567; 0; 1282.0621; 170; 607.4; 
567; 0; 1282.0621; 170; 607.6; 
567; 0; 1280.6086; 170; 607.8; 
567; 0; 1280.6087; 170; 608; 
567; 0; 1279.1553; 170; 608.2; 
567; 0; 1279.1555; 170; 608.4; 
567; 0; 1279.1556; 170; 608.6; 
567; 0; 1277.702; 170; 608.8; 
567; 0; 1277.7018; 170; 609; 
567; 0; 1277.7015; 170; 609.2; 
567; 0; 1277.7011; 170; 609.4; 
567; 0; 1276.2474; 170; 609.6; 
567; 0; 1276.2472; 170; 609.8; 
567; 0; 1276.2471; 170; 610; 
567; 0; 1276.247; 170; 610.2; 
567; 0; 1274.7934; 170; 610.4; 
567; 0; 1274.7934; 170; 610.6; 
567; 0; 1274.7933; 170; 610.8; 
567; 0; 1274.7933; 170; 611; 
567; 0; 1274.7933; 170; 611.2; 
567; 0; 1274.7931; 170; 611.4; 
567; 0; 1274.7928; 170; 611.6; 
567; 0; 1273.3391; 170; 611.8; 
567; 0; 1273.339; 170; 612; 
567; 0; 1273.3391; 170; 612.2; 
567; 0; 1273.3393; 170; 612.4; 
567; 0; 1273.3394; 170; 612.6; 
567; 0; 1273.3395; 170; 612.8; 
567; 0; 1273.3395; 170; 613; 
567; 0; 1273.3394; 170; 613.2; 
567; 0; 1273.3392; 170; 613.4; 
567; 0; 1273.3391; 170; 613.6; 
567; 0; 1271.8855; 170; 613.8; 
567; 0; 1271.8855; 170; 614; 
567; 0; 1271.8855; 170; 614.2; 
567; 0; 1271.8855; 170; 614.4; 
567; 0; 1271.8854; 170; 614.6; 
567; 0; 1271.8854; 170; 614.8; 
567; 0; 1271.8855; 170; 615; 
567; 0; 1271.8855; 170; 615.2; 
567; 0; 1271.8856; 170; 615.4; 
567; 0; 1271.8856; 170; 615.6; 
567; 0; 1271.8855; 170; 615.8; 
567; 0; 1271.8853; 170; 616; 
567; 0; 1271.8851; 170; 616.2; 
567; 0; 1271.885; 170; 616.4; 
567; 0; 1271.8848; 170; 616.6; 
567; 0; 1271.8848; 170; 616.8; 
567; 0; 1271.8847; 170; 617; 
567; 0; 1271.8846; 170; 617.2; 
567; 0; 1271.8846; 170; 617.4; 
567; 0; 1270.4311; 170; 617.6; 
567; 0; 1270.4312; 170; 617.8; 
567; 0; 1270.4313; 170; 618; 
567; 0; 1270.4315; 170; 618.2; 
567; 0; 1270.4316; 170; 618.4; 
567; 0; 1270.4316; 170; 618.6; 
567; 0; 1270.4316; 170; 618.8; 
567; 0; 1270.4316; 170; 619; 
567; 0; 1270.4315; 170; 619.2; 
567; 0; 1270.4315; 170; 619.4; 
567; 0; 1270.4314; 170; 619.6; 
567; 0; 1270.4313; 170; 619.8; 
567; 0; 1270.4312; 170; 620; 
567; 0; 1270.4311; 170; 620.2; 
567; 0; 1270.4309; 170; 620.4; 
567; 0; 1270.4309; 170; 620.6; 
567; 0; 1270.431; 170; 620.8; 
567; 0; 1270.4311; 170; 621; 
567; 0; 1270.4312; 170; 621.2; 
567; 0; 1270.4312; 170; 621.4; 
567; 0; 1270.4311; 170; 621.6; 
567; 0; 1270.4311; 170; 621.8; 
567; 0; 1270.4311; 170; 622; 
567; 0; 1270.4311; 170; 622.2; 
567; 0; 1270.4311; 170; 622.4; 
567; 0; 1270.4312; 170; 622.6; 
567; 0; 1270.4313; 170; 622.8; 
567; 0; 1270.4312; 170; 623; 
567; 0; 1270.4312; 170; 623.2; 
567; 0; 1270.431; 170; 623.4; 
567; 0; 1270.4309; 170; 623.6; 
567; 0; 1270.4308; 170; 623.8; 
567; 0; 1270.4307; 170; 624; 
567; 0; 1270.4307; 170; 624.2; 
567; 0; 1270.4308; 170; 624.4; 
567; 0; 1270.4309; 170; 624.6; 
567; 0; 1270.4311; 170; 624.8; 
567; 0; 1270.4312; 170; 625; 
567; 0; 1270.4312; 170; 625.2; 
567; 0; 1270.4311; 170; 625.4; 
567; 0; 1270.431; 170; 625.6; 
567; 0; 1270.4308; 170; 625.8; 
567; 0; 1270.4307; 170; 626; 
567; 0; 1270.4306; 170; 626.2; 
567; 0; 1270.4306; 170; 626.4; 
567; 0; 1270.4306; 170; 626.6; 
567; 0; 1270.4306; 170; 626.8; 
567; 0; 1270.4307; 170; 627; 
567; 0; 1270.4309; 170; 627.2; 
567; 0; 1270.4311; 170; 627.4; 
567; 0; 1270.4313; 170; 627.6; 
567; 0; 1270.4313; 170; 627.8; 
567; 0; 1270.4312; 170; 628; 
567; 0; 1270.431; 170; 628.2; 
567; 0; 1270.4308; 170; 628.4; 
567; 0; 1270.4307; 170; 628.6; 
567; 0; 1270.4305; 170; 628.8; 
567; 0; 1270.4303; 170; 629; 
567; 0; 1270.4301; 170; 629.2; 
567; 0; 1270.4302; 170; 629.4; 
567; 0; 1268.9769; 170; 629.6; 
567; 0; 1268.9771; 170; 629.8; 
567; 0; 1268.9774; 0; 630; 
567; 0; 0; 0; 630.2; 
567; 0; 0; 0; 630.4; 
567; 0; 0; 0; 630.6; 
567; 0; 0; 0; 630.8; 
567; 0; 0; 0; 631; 
567; 0; 0; 0; 631.2; 
567; 0; 0; 0; 631.4; 
567; 0; 0; 0; 631.6; 
567; 0; 0; 0; 631.8; 
567; 0; 0; 0; 632; 
567; 0; 0; 0; 632.2; 
567; 0; 0; 0; 632.4; 
567; 0; 0; 0; 632.6; 
567; 0; 0; 0; 632.8; 
567; 0; 0; 0; 633; 
567; 0; 0; 0; 633.2; 
567; 0; 0; 0; 633.4; 
567; 0; 0; 0; 633.6; 
567; 0; 0; 0; 633.8; 
567; 0; 0; 0; 634; 
567; 0; 0; 0; 634.2; 
567; 0; 0; 0; 634.4; 
567; 0; 0; 0; 634.6; 
567; 0; 0; 0; 634.8; 
567; 0; 0; 0; 635; 
567; 0; 0; 0; 635.2; 
567; 0; 0; 0; 635.4; 
567; 0; 0; 0; 635.6; 
567; 0; 0; 0; 635.8; 
567; 0; 0; 0; 636; 
567; 0; 0; 0; 636.2; 
567; 0; 0; 0; 636.4; 
567; 0; 0; 0; 636.6; 
567; 0; 0; 0; 636.8; 
567; 0; 0; 0; 637; 
567; 0; 0; 0; 637.2; 
567; 0; 0; 0; 637.4; 
567; 0; 0; 0; 637.6; 
567; 0; 0; 0; 637.8; 
567; 0; 0; 0; 638; 
567; 0; 0; 0; 638.2; 
567; 0; 0; 0; 638.4; 
567; 0; 0; 0; 638.6; 
567; 0; 0; 0; 638.8; 
567; 0; 0; 0; 639; 
567; 0; 0; 0; 639.2; 
567; 0; 0; 0; 639.4; 
567; 0; 0; 0; 639.6; 
567; 0; 0; 0; 639.8; 
567; 0; 0; 0; 640; 
567; 0; 0; 0; 640.2; 
567; 0; 0; 0; 640.4; 
567; 0; 0; 0; 640.6; 
567; 0; 0; 0; 640.8; 
567; 0; 0; 0; 641; 
567; 0; 0; 0; 641.2; 
567; 0; 0; 0; 641.4; 
567; 0; 0; 0; 641.6; 
567; 0; 0; 0; 641.8; 
567; 0; 0; 0; 642; 
567; 0; 0; 0; 642.2; 
567; 0; 0; 0; 642.4; 
567; 0; 0; 0; 642.6; 
567; 0; 0; 0; 642.8; 
567; 0; 0; 0; 643; 
567; 0; 0; 0; 643.2; 
567; 0; 0; 0; 643.4; 
567; 0; 0; 0; 643.6; 
567; 0; 0; 0; 643.8; 
567; 0; 0; 0; 644; 
567; 0; 0; 0; 644.2; 
567; 0; 0; 0; 644.4; 
567; 0; 0; 0; 644.6; 
567; 0; 0; 0; 644.8; 
567; 0; 0; 0; 645; 
567; 0; 0; 0; 645.2; 
567; 0; 0; 0; 645.4; 
567; 0; 0; 0; 645.6; 
567; 0; 0; 0; 645.8; 
567; 0; 0; 0; 646; 
567; 0; 0; 0; 646.2; 
567; 0; 0; 0; 646.4; 
567; 0; 0; 0; 646.6; 
567; 0; 0; 0; 646.8; 
567; 0; 0; 0; 647; 
567; 0; 0; 0; 647.2; 
567; 0; 0; 0; 647.4; 
567; 0; 0; 0; 647.6; 
567; 0; 0; 0; 647.8; 
567; 0; 0; 0; 648; 
567; 0; 0; 0; 648.2; 
567; 0; 0; 0; 648.4; 
567; 0; 0; 0; 648.6; 
567; 0; 0; 0; 648.8; 
567; 0; 0; 0; 649; 
567; 0; 0; 0; 649.2; 
567; 0; 0; 0; 649.4; 
567; 0; 0; 0; 649.6; 
567; 0; 0; 0; 649.8; 
567; 0; 0; 0; 650; 
567; 0; 0; 0; 650.2; 
567; 0; 0; 0; 650.4; 
567; 0; 0; 0; 650.6; 
567; 0; 0; 0; 650.8; 
567; 0; 0; 0; 651; 
567; 0; 0; 0; 651.2; 
567; 0; 0; 0; 651.4; 
567; 0; 0; 0; 651.6; 
567; 0; 0; 0; 651.8; 
567; 0; 0; 0; 652; 
567; 0; 0; 0; 652.2; 
567; 0; 0; 0; 652.4; 
567; 0; 0; 0; 652.6; 
567; 0; 0; 0; 652.8; 
567; 0; 0; 0; 653; 
567; 0; 0; 0; 653.2; 
567; 0; 0; 0; 653.4; 
567; 0; 0; 0; 653.6; 
567; 0; 0; 0; 653.8; 
567; 0; 0; 0; 654; 
567; 0; 0; 0; 654.2; 
567; 0; 0; 0; 654.4; 
567; 0; 0; 0; 654.6; 
567; 0; 0; 0; 654.8; 
567; 0; 0; 0; 655; 
567; 0; 0; 0; 655.2; 
567; 0; 0; 0; 655.4; 
567; 0; 0; 0; 655.6; 
567; 0; 0; 0; 655.8; 
567; 0; 0; 0; 656; 
567; 0; 0; 0; 656.2; 
567; 0; 0; 0; 656.4; 
567; 0; 0; 0; 656.6; 
567; 0; 0; 0; 656.8; 
567; 0; 0; 0; 657; 
567; 0; 0; 0; 657.2; 
567; 0; 0; 0; 657.4; 
567; 0; 0; 0; 657.6; 
567; 0; 0; 0; 657.8; 
567; 0; 0; 0; 658; 
567; 0; 0; 0; 658.2; 
567; 0; 0; 0; 658.4; 
567; 0; 0; 0; 658.6; 
567; 0; 0; 0; 658.8; 
567; 0; 0; 0; 659; 
567; 0; 0; 0; 659.2; 
567; 0; 0; 0; 659.4; 
567; 0; 0; 0; 659.6; 
567; 0; 0; 0; 659.8; 
567; 0; 0; 0; 660; 
567; 0; 0; 0; 660.2; 
567; 0; 0; 0; 660.4; 
567; 0; 0; 0; 660.6; 
567; 0; 0; 0; 660.8; 
567; 0; 0; 0; 661; 
567; 0; 0; 0; 661.2; 
567; 0; 0; 0; 661.4; 
567; 0; 0; 0; 661.6; 
567; 0; 0; 0; 661.8; 
567; 0; 0; 0; 662; 
567; 0; 0; 0; 662.2; 
567; 0; 0; 0; 662.4; 
567; 0; 0; 0; 662.6; 
567; 0; 0; 0; 662.8; 
567; 0; 0; 0; 663; 
567; 0; 0; 0; 663.2; 
567; 0; 0; 0; 663.4; 
567; 0; 0; 0; 663.6; 
567; 0; 0; 0; 663.8; 
567; 0; 0; 0; 664; 
567; 0; 0; 0; 664.2; 
567; 0; 0; 0; 664.4; 
567; 0; 0; 0; 664.6; 
567; 0; 0; 0; 664.8; 
567; 0; 0; 0; 665; 
567; 0; 0; 0; 665.2; 
567; 0; 0; 0; 665.4; 
567; 0; 0; 0; 665.6; 
567; 0; 0; 0; 665.8; 
567; 0; 0; 0; 666; 
567; 0; 0; 0; 666.2; 
567; 0; 0; 0; 666.4; 
567; 0; 0; 0; 666.6; 
567; 0; 0; 0; 666.8; 
567; 0; 0; 0; 667; 
567; 0; 0; 0; 667.2; 
567; 0; 0; 0; 667.4; 
567; 0; 0; 0; 667.6; 
567; 0; 0; 0; 667.8; 
567; 0; 0; 0; 668; 
567; 0; 0; 0; 668.2; 
567; 0; 0; 0; 668.4; 
567; 0; 0; 0; 668.6; 
567; 0; 0; 0; 668.8; 
567; 0; 0; 0; 669; 
567; 0; 0; 0; 669.2; 
567; 0; 0; 0; 669.4; 
567; 0; 0; 0; 669.6; 
567; 0; 0; 0; 669.8; 
567; 0; 0; 0; 670; 
567; 0; 0; 0; 670.2; 
567; 0; 0; 0; 670.4; 
567; 0; 0; 0; 670.6; 
567; 0; 0; 0; 670.8; 
567; 0; 0; 0; 671; 
567; 0; 0; 0; 671.2; 
567; 0; 0; 0; 671.4; 
567; 0; 0; 0; 671.6; 
567; 0; 0; 0; 671.8; 
567; 0; 0; 0; 672; 
567; 0; 0; 0; 672.2; 
567; 0; 0; 0; 672.4; 
567; 0; 0; 0; 672.6; 
567; 0; 0; 0; 672.8; 
567; 0; 0; 0; 673; 
567; 0; 0; 0; 673.2; 
567; 0; 0; 0; 673.4; 
567; 0; 0; 0; 673.6; 
567; 0; 0; 0; 673.8; 
567; 0; 0; 0; 674; 
567; 0; 0; 0; 674.2; 
567; 0; 0; 0; 674.4; 
567; 0; 0; 0; 674.6; 
567; 0; 0; 0; 674.8; 
567; 0; 0; 0; 675; 
567; 0; 0; 0; 675.2; 
567; 0; 0; 0; 675.4; 
567; 0; 0; 0; 675.6; 
567; 0; 0; 0; 675.8; 
567; 0; 0; 0; 676; 
567; 0; 0; 0; 676.2; 
567; 0; 0; 0; 676.4; 
567; 0; 0; 0; 676.6; 
567; 0; 0; 0; 676.8; 
567; 0; 0; 0; 677; 
567; 0; 0; 0; 677.2; 
567; 0; 0; 0; 677.4; 
567; 0; 0; 0; 677.6; 
567; 0; 0; 0; 677.8; 
567; 0; 0; 0; 678; 
567; 0; 0; 0; 678.2; 
567; 0; 0; 0; 678.4; 
567; 0; 0; 0; 678.6; 
567; 0; 0; 0; 678.8; 
567; 0; 0; 0; 679; 
567; 0; 0; 0; 679.2; 
567; 0; 0; 0; 679.4; 
567; 0; 0; 0; 679.6; 
567; 0; 0; 0; 679.8; 
567; 0; 0; 0; 680; 
567; 0; 0; 0; 680.2; 
567; 0; 0; 0; 680.4; 
567; 0; 0; 0; 680.6; 
567; 0; 0; 0; 680.8; 
567; 0; 0; 0; 681; 
567; 0; 0; 0; 681.2; 
567; 0; 0; 0; 681.4; 
567; 0; 0; 0; 681.6; 
567; 0; 0; 0; 681.8; 
567; 0; 0; 0; 682; 
567; 0; 0; 0; 682.2; 
567; 0; 0; 0; 682.4; 
567; 0; 0; 0; 682.6; 
567; 0; 0; 0; 682.8; 
567; 0; 0; 0; 683; 
567; 0; 0; 0; 683.2; 
567; 0; 0; 0; 683.4; 
567; 0; 0; 0; 683.6; 
567; 0; 0; 0; 683.8; 
567; 0; 0; 0; 684; 
567; 0; 0; 0; 684.2; 
567; 0; 0; 0; 684.4; 
567; 0; 0; 0; 684.6; 
567; 0; 0; 0; 684.8; 
567; 0; 0; 0; 685; 
567; 0; 0; 0; 685.2; 
567; 0; 0; 0; 685.4; 
567; 0; 0; 0; 685.6; 
567; 0; 0; 0; 685.8; 
567; 0; 0; 0; 686; 
567; 0; 0; 0; 686.2; 
567; 0; 0; 0; 686.4; 
567; 0; 0; 0; 686.6; 
567; 0; 0; 0; 686.8; 
567; 0; 0; 0; 687; 
567; 0; 0; 0; 687.2; 
567; 0; 0; 0; 687.4; 
567; 0; 0; 0; 687.6; 
567; 0; 0; 0; 687.8; 
567; 0; 0; 0; 688; 
567; 0; 0; 0; 688.2; 
567; 0; 0; 0; 688.4; 
567; 0; 0; 0; 688.6; 
567; 0; 0; 0; 688.8; 
567; 0; 0; 0; 689; 
567; 0; 0; 0; 689.2; 
567; 0; 0; 0; 689.4; 
567; 0; 0; 0; 689.6; 
567; 0; 0; 0; 689.8; 
567; 0; 0; 0; 690; 
567; 0; 0; 0; 690.2; 
567; 0; 0; 0; 690.4; 
567; 0; 0; 0; 690.6; 
567; 0; 0; 0; 690.8; 
567; 0; 0; 0; 691; 
567; 0; 0; 0; 691.2; 
567; 0; 0; 0; 691.4; 
567; 0; 0; 0; 691.6; 
567; 0; 0; 0; 691.8; 
567; 0; 0; 0; 692; 
567; 0; 0; 0; 692.2; 
567; 0; 0; 0; 692.4; 
567; 0; 0; 0; 692.6; 
567; 0; 0; 0; 692.8; 
567; 0; 0; 0; 693; 
567; 0; 0; 0; 693.2; 
567; 0; 0; 0; 693.4; 
567; 0; 0; 0; 693.6; 
567; 0; 0; 0; 693.8; 
567; 0; 0; 0; 694; 
567; 0; 0; 0; 694.2; 
567; 0; 0; 0; 694.4; 
567; 0; 0; 0; 694.6; 
567; 0; 0; 0; 694.8; 
567; 0; 0; 0; 695; 
567; 0; 0; 0; 695.2; 
567; 0; 0; 0; 695.4; 
567; 0; 0; 0; 695.6; 
567; 0; 0; 0; 695.8; 
567; 0; 0; 0; 696; 
567; 0; 0; 0; 696.2; 
567; 0; 0; 0; 696.4; 
567; 0; 0; 0; 696.6; 
567; 0; 0; 0; 696.8; 
567; 0; 0; 0; 697; 
567; 0; 0; 0; 697.2; 
567; 0; 0; 0; 697.4; 
567; 0; 0; 0; 697.6; 
567; 0; 0; 0; 697.8; 
567; 0; 0; 0; 698; 
567; 0; 0; 0; 698.2; 
567; 0; 0; 0; 698.4; 
567; 0; 0; 0; 698.6; 
567; 0; 0; 0; 698.8; 
567; 0; 0; 0; 699; 
567; 0; 0; 0; 699.2; 
567; 0; 0; 0; 699.4; 
567; 0; 0; 0; 699.6; 
567; 0; 0; 0; 699.8; 
567; 0; 0; 0; 700; 
567; 0; 0; 0; 700.2; 
567; 0; 0; 0; 700.4; 
567; 0; 0; 0; 700.6; 
567; 0; 0; 0; 700.8; 
567; 0; 0; 0; 701; 
567; 0; 0; 0; 701.2; 
567; 0; 0; 0; 701.4; 
567; 0; 0; 0; 701.6; 
567; 0; 0; 0; 701.8; 
567; 0; 0; 0; 702; 
567; 0; 0; 0; 702.2; 
567; 0; 0; 0; 702.4; 
567; 0; 0; 0; 702.6; 
567; 0; 0; 0; 702.8; 
567; 0; 0; 0; 703; 
567; 0; 0; 0; 703.2; 
567; 0; 0; 0; 703.4; 
567; 0; 0; 0; 703.6; 
567; 0; 0; 0; 703.8; 
567; 0; 0; 0; 704; 
567; 0; 0; 0; 704.2; 
567; 0; 0; 0; 704.4; 
567; 0; 0; 0; 704.6; 
567; 0; 0; 0; 704.8; 
567; 0; 0; 0; 705; 
567; 0; 0; 0; 705.2; 
567; 0; 0; 0; 705.4; 
567; 0; 0; 0; 705.6; 
567; 0; 0; 0; 705.8; 
567; 0; 0; 0; 706; 
567; 0; 0; 0; 706.2; 
567; 0; 0; 0; 706.4; 
567; 0; 0; 0; 706.6; 
567; 0; 0; 0; 706.8; 
567; 0; 0; 0; 707; 
567; 0; 0; 0; 707.2; 
567; 0; 0; 0; 707.4; 
567; 0; 0; 0; 707.6; 
567; 0; 0; 0; 707.8; 
567; 0; 0; 0; 708; 
567; 0; 0; 0; 708.2; 
567; 0; 0; 0; 708.4; 
567; 0; 0; 0; 708.6; 
567; 0; 0; 0; 708.8; 
567; 0; 0; 0; 709; 
567; 0; 0; 0; 709.2; 
567; 0; 0; 0; 709.4; 
567; 0; 0; 0; 709.6; 
567; 0; 0; 0; 709.8; 
567; 0; 0; 0; 710; 
567; 0; 0; 0; 710.2; 
567; 0; 0; 0; 710.4; 
567; 0; 0; 0; 710.6; 
567; 0; 0; 0; 710.8; 
567; 0; 0; 0; 711; 
567; 0; 0; 0; 711.2; 
567; 0; 0; 0; 711.4; 
567; 0; 0; 0; 711.6; 
567; 0; 0; 0; 711.8; 
567; 0; 0; 0; 712; 
567; 0; 0; 0; 712.2; 
567; 0; 0; 0; 712.4; 
567; 0; 0; 0; 712.6; 
567; 0; 0; 0; 712.8; 
567; 0; 0; 0; 713; 
567; 0; 0; 0; 713.2; 
567; 0; 0; 0; 713.4; 
567; 0; 0; 0; 713.6; 
567; 0; 0; 0; 713.8; 
567; 0; 0; 0; 714; 
567; 0; 0; 0; 714.2; 
567; 0; 0; 0; 714.4; 
567; 0; 0; 0; 714.6; 
567; 0; 0; 0; 714.8; 
567; 0; 0; 0; 715; 
567; 0; 0; 0; 715.2; 
567; 0; 0; 0; 715.4; 
567; 0; 0; 0; 715.6; 
567; 0; 0; 0; 715.8; 
567; 0; 0; 0; 716; 
567; 0; 0; 0; 716.2; 
567; 0; 0; 0; 716.4; 
567; 0; 0; 0; 716.6; 
567; 0; 0; 0; 716.8; 
567; 0; 0; 0; 717; 
567; 0; 0; 0; 717.2; 
567; 0; 0; 0; 717.4; 
567; 0; 0; 0; 717.6; 
567; 0; 0; 0; 717.8; 
567; 0; 0; 0; 718; 
567; 0; 0; 0; 718.2; 
567; 0; 0; 0; 718.4; 
567; 0; 0; 0; 718.6; 
567; 0; 0; 0; 718.8; 
567; 0; 0; 0; 719; 
567; 0; 0; 0; 719.2; 
567; 0; 0; 0; 719.4; 
567; 0; 0; 0; 719.6; 
567; 0; 0; 0; 719.8; 
567; 0; 0; 0; 720; 
567; 0; 0; 0; 720.2; 
567; 0; 0; 0; 720.4; 
567; 0; 0; 0; 720.6; 
567; 0; 0; 0; 720.8; 
567; 0; 0; 0; 721; 
567; 0; 0; 0; 721.2; 
567; 0; 0; 0; 721.4; 
567; 0; 0; 0; 721.6; 
567; 0; 0; 0; 721.8; 
567; 0; 0; 0; 722; 
567; 0; 0; 0; 722.2; 
567; 0; 0; 0; 722.4; 
567; 0; 0; 0; 722.6; 
567; 0; 0; 0; 722.8; 
567; 0; 0; 0; 723; 
567; 0; 0; 0; 723.2; 
567; 0; 0; 0; 723.4; 
567; 0; 0; 0; 723.6; 
567; 0; 0; 0; 723.8; 
567; 0; 0; 0; 724; 
567; 0; 0; 0; 724.2; 
567; 0; 0; 0; 724.4; 
567; 0; 0; 0; 724.6; 
567; 0; 0; 0; 724.8; 
567; 0; 0; 0; 725; 
567; 0; 0; 0; 725.2; 
567; 0; 0; 0; 725.4; 
567; 0; 0; 0; 725.6; 
567; 0; 0; 0; 725.8; 
567; 0; 0; 0; 726; 
567; 0; 0; 0; 726.2; 
567; 0; 0; 0; 726.4; 
567; 0; 0; 0; 726.6; 
567; 0; 0; 0; 726.8; 
567; 0; 0; 0; 727; 
567; 0; 0; 0; 727.2; 
567; 0; 0; 0; 727.4; 
567; 0; 0; 0; 727.6; 
567; 0; 0; 0; 727.8; 
567; 0; 0; 0; 728; 
567; 0; 0; 0; 728.2; 
567; 0; 0; 0; 728.4; 
567; 0; 0; 0; 728.6; 
567; 0; 0; 0; 728.8; 
567; 0; 0; 0; 729; 
567; 0; 0; 0; 729.2; 
567; 0; 0; 0; 729.4; 
567; 0; 0; 0; 729.6; 
567; 0; 0; 0; 729.8; 
567; 0; 0; 0; 730; 
567; 0; 0; 0; 730.2; 
567; 0; 0; 0; 730.4; 
567; 0; 0; 0; 730.6; 
567; 0; 0; 0; 730.8; 
567; 0; 0; 0; 731; 
567; 0; 0; 0; 731.2; 
567; 0; 0; 0; 731.4; 
567; 0; 0; 0; 731.6; 
567; 0; 0; 0; 731.8; 
567; 0; 0; 0; 732; 
567; 0; 0; 0; 732.2; 
567; 0; 0; 0; 732.4; 
567; 0; 0; 0; 732.6; 
567; 0; 0; 0; 732.8; 
567; 0; 0; 0; 733; 
567; 0; 0; 0; 733.2; 
567; 0; 0; 0; 733.4; 
567; 0; 0; 0; 733.6; 
567; 0; 0; 0; 733.8; 
567; 0; 0; 0; 734; 
567; 0; 0; 0; 734.2; 
567; 0; 0; 0; 734.4; 
567; 0; 0; 0; 734.6; 
567; 0; 0; 0; 734.8; 
567; 0; 0; 0; 735; 
567; 0; 0; 0; 735.2; 
567; 0; 0; 0; 735.4; 
567; 0; 0; 0; 735.6; 
567; 0; 0; 0; 735.8; 
567; 0; 0; 0; 736; 
567; 0; 0; 0; 736.2; 
567; 0; 0; 0; 736.4; 
567; 0; 0; 0; 736.6; 
567; 0; 0; 0; 736.8; 
567; 0; 0; 0; 737; 
567; 0; 0; 0; 737.2; 
567; 0; 0; 0; 737.4; 
567; 0; 0; 0; 737.6; 
567; 0; 0; 0; 737.8; 
567; 0; 0; 0; 738; 
567; 0; 0; 0; 738.2; 
567; 0; 0; 0; 738.4; 
567; 0; 0; 0; 738.6; 
567; 0; 0; 0; 738.8; 
567; 0; 0; 0; 739; 
567; 0; 0; 0; 739.2; 
567; 0; 0; 0; 739.4; 
567; 0; 0; 0; 739.6; 
567; 0; 0; 0; 739.8; 
567; 0; 0; 0; 740; 
567; 0; 0; 0; 740.2; 
567; 0; 0; 0; 740.4; 
567; 0; 0; 0; 740.6; 
567; 0; 0; 0; 740.8; 
567; 0; 0; 0; 741; 
567; 0; 0; 0; 741.2; 
567; 0; 0; 0; 741.4; 
567; 0; 0; 0; 741.6; 
567; 0; 0; 0; 741.8; 
567; 0; 0; 0; 742; 
567; 0; 0; 0; 742.2; 
567; 0; 0; 0; 742.4; 
567; 0; 0; 0; 742.6; 
567; 0; 0; 0; 742.8; 
567; 0; 0; 0; 743; 
567; 0; 0; 0; 743.2; 
567; 0; 0; 0; 743.4; 
567; 0; 0; 0; 743.6; 
567; 0; 0; 0; 743.8; 
567; 0; 0; 0; 744; 
567; 0; 0; 0; 744.2; 
567; 0; 0; 0; 744.4; 
567; 0; 0; 0; 744.6; 
567; 0; 0; 0; 744.8; 
567; 0; 0; 0; 745; 
567; 0; 0; 0; 745.2; 
567; 0; 0; 0; 745.4; 
567; 0; 0; 0; 745.6; 
567; 0; 0; 0; 745.8; 
567; 0; 0; 0; 746; 
567; 0; 0; 0; 746.2; 
567; 0; 0; 0; 746.4; 
567; 0; 0; 0; 746.6; 
567; 0; 0; 0; 746.8; 
567; 0; 0; 0; 747; 
567; 0; 0; 0; 747.2; 
567; 0; 0; 0; 747.4; 
567; 0; 0; 0; 747.6; 
567; 0; 0; 0; 747.8; 
567; 0; 0; 0; 748; 
567; 0; 0; 0; 748.2; 
567; 0; 0; 0; 748.4; 
567; 0; 0; 0; 748.6; 
567; 0; 0; 0; 748.8; 
567; 0; 0; 0; 749; 
567; 0; 0; 0; 749.2; 
567; 0; 0; 0; 749.4; 
567; 0; 0; 0; 749.6; 
567; 0; 0; 0; 749.8; 
567; 0; 0; 0; 750; 
567; 0; 0; 0; 750.2; 
567; 0; 0; 0; 750.4; 
567; 0; 0; 0; 750.6; 
567; 0; 0; 0; 750.8; 
567; 0; 0; 0; 751; 
567; 0; 0; 0; 751.2; 
567; 0; 0; 0; 751.4; 
567; 0; 0; 0; 751.6; 
567; 0; 0; 0; 751.8; 
567; 0; 0; 0; 752; 
567; 0; 0; 0; 752.2; 
567; 0; 0; 0; 752.4; 
567; 0; 0; 0; 752.6; 
567; 0; 0; 0; 752.8; 
567; 0; 0; 0; 753; 
567; 0; 0; 0; 753.2; 
567; 0; 0; 0; 753.4; 
567; 0; 0; 0; 753.6; 
567; 0; 0; 0; 753.8; 
567; 0; 0; 0; 754; 
567; 0; 0; 0; 754.2; 
567; 0; 0; 0; 754.4; 
567; 0; 0; 0; 754.6; 
567; 0; 0; 0; 754.8; 
567; 0; 0; 0; 755; 
567; 0; 0; 0; 755.2; 
567; 0; 0; 0; 755.4; 
567; 0; 0; 0; 755.6; 
567; 0; 0; 0; 755.8; 
567; 0; 0; 0; 756; 
567; 0; 0; 0; 756.2; 
567; 0; 0; 0; 756.4; 
567; 0; 0; 0; 756.6; 
567; 0; 0; 0; 756.8; 
567; 0; 0; 0; 757; 
567; 0; 0; 0; 757.2; 
567; 0; 0; 0; 757.4; 
567; 0; 0; 0; 757.6; 
567; 0; 0; 0; 757.8; 
567; 0; 0; 0; 758; 
567; 0; 0; 0; 758.2; 
567; 0; 0; 0; 758.4; 
567; 0; 0; 0; 758.6; 
567; 0; 0; 0; 758.8; 
567; 0; 0; 0; 759; 
567; 0; 0; 0; 759.2; 
567; 0; 0; 0; 759.4; 
567; 0; 0; 0; 759.6; 
567; 0; 0; 0; 759.8; 
567; 0; 0; 0; 760; 
567; 0; 0; 0; 760.2; 
567; 0; 0; 0; 760.4; 
567; 0; 0; 0; 760.6; 
567; 0; 0; 0; 760.8; 
567; 0; 0; 0; 761; 
567; 0; 0; 0; 761.2; 
567; 0; 0; 0; 761.4; 
567; 0; 0; 0; 761.6; 
567; 0; 0; 0; 761.8; 
567; 0; 0; 0; 762; 
567; 0; 0; 0; 762.2; 
567; 0; 0; 0; 762.4; 
567; 0; 0; 0; 762.6; 
567; 0; 0; 0; 762.8; 
567; 0; 0; 0; 763; 
567; 0; 0; 0; 763.2; 
567; 0; 0; 0; 763.4; 
567; 0; 0; 0; 763.6; 
567; 0; 0; 0; 763.8; 
567; 0; 0; 0; 764; 
567; 0; 0; 0; 764.2; 
567; 0; 0; 0; 764.4; 
567; 0; 0; 0; 764.6; 
567; 0; 0; 0; 764.8; 
567; 0; 0; 0; 765; 
567; 0; 0; 0; 765.2; 
567; 0; 0; 0; 765.4; 
567; 0; 0; 0; 765.6; 
567; 0; 0; 0; 765.8; 
567; 0; 0; 0; 766; 
567; 0; 0; 0; 766.2; 
567; 0; 0; 0; 766.4; 
567; 0; 0; 0; 766.6; 
567; 0; 0; 0; 766.8; 
567; 0; 0; 0; 767; 
567; 0; 0; 0; 767.2; 
567; 0; 0; 0; 767.4; 
567; 0; 0; 0; 767.6; 
567; 0; 0; 0; 767.8; 
567; 0; 0; 0; 768; 
567; 0; 0; 0; 768.2; 
567; 0; 0; 0; 768.4; 
567; 0; 0; 0; 768.6; 
567; 0; 0; 0; 768.8; 
567; 0; 0; 0; 769; 
567; 0; 0; 0; 769.2; 
567; 0; 0; 0; 769.4; 
567; 0; 0; 0; 769.6; 
567; 0; 0; 0; 769.8; 
567; 0; 0; 0; 770; 
567; 0; 0; 0; 770.2; 
567; 0; 0; 0; 770.4; 
567; 0; 0; 0; 770.6; 
567; 0; 0; 0; 770.8; 
567; 0; 0; 0; 771; 
567; 0; 0; 0; 771.2; 
567; 0; 0; 0; 771.4; 
567; 0; 0; 0; 771.6; 
567; 0; 0; 0; 771.8; 
567; 0; 0; 0; 772; 
567; 0; 0; 0; 772.2; 
567; 0; 0; 0; 772.4; 
567; 0; 0; 0; 772.6; 
567; 0; 0; 0; 772.8; 
567; 0; 0; 0; 773; 
567; 0; 0; 0; 773.2; 
567; 0; 0; 0; 773.4; 
567; 0; 0; 0; 773.6; 
567; 0; 0; 0; 773.8; 
567; 0; 0; 0; 774; 
567; 0; 0; 0; 774.2; 
567; 0; 0; 0; 774.4; 
567; 0; 0; 0; 774.6; 
567; 0; 0; 0; 774.8; 
567; 0; 0; 0; 775; 
567; 0; 0; 0; 775.2; 
567; 0; 0; 0; 775.4; 
567; 0; 0; 0; 775.6; 
567; 0; 0; 0; 775.8; 
567; 0; 0; 0; 776; 
567; 0; 0; 0; 776.2; 
567; 0; 0; 0; 776.4; 
567; 0; 0; 0; 776.6; 
567; 0; 0; 0; 776.8; 
567; 0; 0; 0; 777; 
567; 0; 0; 0; 777.2; 
567; 0; 0; 0; 777.4; 
567; 0; 0; 0; 777.6; 
567; 0; 0; 0; 777.8; 
567; 0; 0; 0; 778; 
567; 0; 0; 0; 778.2; 
567; 0; 0; 0; 778.4; 
567; 0; 0; 0; 778.6; 
567; 0; 0; 0; 778.8; 
567; 0; 0; 0; 779; 
567; 0; 0; 0; 779.2; 
567; 0; 0; 0; 779.4; 
567; 0; 0; 0; 779.6; 
567; 0; 0; 0; 779.8; 
567; 0; 0; 0; 780; 
567; 0; 0; 0; 780.2; 
567; 0; 0; 0; 780.4; 
567; 0; 0; 0; 780.6; 
567; 0; 0; 0; 780.8; 
567; 0; 0; 0; 781; 
567; 0; 0; 0; 781.2; 
567; 0; 0; 0; 781.4; 
567; 0; 0; 0; 781.6; 
567; 0; 0; 0; 781.8; 
567; 0; 0; 0; 782; 
567; 0; 0; 0; 782.2; 
567; 0; 0; 0; 782.4; 
567; 0; 0; 0; 782.6; 
567; 0; 0; 0; 782.8; 
567; 0; 0; 0; 783; 
567; 0; 0; 0; 783.2; 
567; 0; 0; 0; 783.4; 
567; 0; 0; 0; 783.6; 
567; 0; 0; 0; 783.8; 
567; 0; 0; 0; 784; 
567; 0; 0; 0; 784.2; 
567; 0; 0; 0; 784.4; 
567; 0; 0; 0; 784.6; 
567; 0; 0; 0; 784.8; 
567; 0; 0; 0; 785; 
567; 0; 0; 0; 785.2; 
567; 0; 0; 0; 785.4; 
567; 0; 0; 0; 785.6; 
567; 0; 0; 0; 785.8; 
567; 0; 0; 0; 786; 
567; 0; 0; 0; 786.2; 
567; 0; 0; 0; 786.4; 
567; 0; 0; 0; 786.6; 
567; 0; 0; 0; 786.8; 
567; 0; 0; 0; 787; 
567; 0; 0; 0; 787.2; 
567; 0; 0; 0; 787.4; 
567; 0; 0; 0; 787.6; 
567; 0; 0; 0; 787.8; 
567; 0; 0; 0; 788; 
567; 0; 0; 0; 788.2; 
567; 0; 0; 0; 788.4; 
567; 0; 0; 0; 788.6; 
567; 0; 0; 0; 788.8; 
567; 0; 0; 0; 789; 
567; 0; 0; 0; 789.2; 
567; 0; 0; 0; 789.4; 
567; 0; 0; 0; 789.6; 
567; 0; 0; 0; 789.8; 
567; 0; 0; 0; 790; 
567; 0; 0; 0; 790.2; 
567; 0; 0; 0; 790.4; 
567; 0; 0; 0; 790.6; 
567; 0; 0; 0; 790.8; 
567; 0; 0; 0; 791; 
567; 0; 0; 0; 791.2; 
567; 0; 0; 0; 791.4; 
567; 0; 0; 0; 791.6; 
567; 0; 0; 0; 791.8; 
567; 0; 0; 0; 792; 
567; 0; 0; 0; 792.2; 
567; 0; 0; 0; 792.4; 
567; 0; 0; 0; 792.6; 
567; 0; 0; 0; 792.8; 
567; 0; 0; 0; 793; 
567; 0; 0; 0; 793.2; 
567; 0; 0; 0; 793.4; 
567; 0; 0; 0; 793.6; 
567; 0; 0; 0; 793.8; 
567; 0; 0; 0; 794; 
567; 0; 0; 0; 794.2; 
567; 0; 0; 0; 794.4; 
567; 0; 0; 0; 794.6; 
567; 0; 0; 0; 794.8; 
567; 0; 0; 0; 795; 
567; 0; 0; 0; 795.2; 
567; 0; 0; 0; 795.4; 
567; 0; 0; 0; 795.6; 
567; 0; 0; 0; 795.8; 
567; 0; 0; 0; 796; 
567; 0; 0; 0; 796.2; 
567; 0; 0; 0; 796.4; 
567; 0; 0; 0; 796.6; 
567; 0; 0; 0; 796.8; 
567; 0; 0; 0; 797; 
567; 0; 0; 0; 797.2; 
567; 0; 0; 0; 797.4; 
567; 0; 0; 0; 797.6; 
567; 0; 0; 0; 797.8; 
567; 0; 0; 0; 798; 
567; 0; 0; 0; 798.2; 
567; 0; 0; 0; 798.4; 
567; 0; 0; 0; 798.6; 
567; 0; 0; 0; 798.8; 
567; 0; 0; 0; 799; 
567; 0; 0; 0; 799.2; 
567; 0; 0; 0; 799.4; 
567; 0; 0; 0; 799.6; 
567; 0; 0; 0; 799.8; 
567; 0; 0; 0; 800; 
567; 0; 0; 0; 800.2; 
567; 0; 0; 0; 800.4; 
567; 0; 0; 0; 800.6; 
567; 0; 0; 0; 800.8; 
567; 0; 0; 0; 801; 
567; 0; 0; 0; 801.2; 
567; 0; 0; 0; 801.4; 
567; 0; 0; 0; 801.6; 
567; 0; 0; 0; 801.8; 
567; 0; 0; 0; 802; 
567; 0; 0; 0; 802.2; 
567; 0; 0; 0; 802.4; 
567; 0; 0; 0; 802.6; 
567; 0; 0; 0; 802.8; 
567; 0; 0; 0; 803; 
567; 0; 0; 0; 803.2; 
567; 0; 0; 0; 803.4; 
567; 0; 0; 0; 803.6; 
567; 0; 0; 0; 803.8; 
567; 0; 0; 0; 804; 
567; 0; 0; 0; 804.2; 
567; 0; 0; 0; 804.4; 
567; 0; 0; 0; 804.6; 
567; 0; 0; 0; 804.8; 
567; 0; 0; 0; 805; 
567; 0; 0; 0; 805.2; 
567; 0; 0; 0; 805.4; 
567; 0; 0; 0; 805.6; 
567; 0; 0; 0; 805.8; 
567; 0; 0; 0; 806; 
567; 0; 0; 0; 806.2; 
567; 0; 0; 0; 806.4; 
567; 0; 0; 0; 806.6; 
567; 0; 0; 0; 806.8; 
567; 0; 0; 0; 807; 
567; 0; 0; 0; 807.2; 
567; 0; 0; 0; 807.4; 
567; 0; 0; 0; 807.6; 
567; 0; 0; 0; 807.8; 
567; 0; 0; 0; 808; 
567; 0; 0; 0; 808.2; 
567; 0; 0; 0; 808.4; 
567; 0; 0; 0; 808.6; 
567; 0; 0; 0; 808.8; 
567; 0; 0; 0; 809; 
567; 0; 0; 0; 809.2; 
567; 0; 0; 0; 809.4; 
567; 0; 0; 0; 809.6; 
567; 0; 0; 0; 809.8; 
567; 0; 0; 0; 810; 
567; 0; 0; 0; 810.2; 
567; 0; 0; 0; 810.4; 
567; 0; 0; 0; 810.6; 
567; 0; 0; 0; 810.8; 
567; 0; 0; 0; 811; 
567; 0; 0; 0; 811.2; 
567; 0; 0; 0; 811.4; 
567; 0; 0; 0; 811.6; 
567; 0; 0; 0; 811.8; 
567; 0; 0; 0; 812; 
567; 0; 0; 0; 812.2; 
567; 0; 0; 0; 812.4; 
567; 0; 0; 0; 812.6; 
567; 0; 0; 0; 812.8; 
567; 0; 0; 0; 813; 
567; 0; 0; 0; 813.2; 
567; 0; 0; 0; 813.4; 
567; 0; 0; 0; 813.6; 
567; 0; 0; 0; 813.8; 
567; 0; 0; 0; 814; 
567; 0; 0; 0; 814.2; 
567; 0; 0; 0; 814.4; 
567; 0; 0; 0; 814.6; 
567; 0; 0; 0; 814.8; 
567; 0; 0; 0; 815; 
567; 0; 0; 0; 815.2; 
567; 0; 0; 0; 815.4; 
567; 0; 0; 0; 815.6; 
567; 0; 0; 0; 815.8; 
567; 0; 0; 0; 816; 
567; 0; 0; 0; 816.2; 
567; 0; 0; 0; 816.4; 
567; 0; 0; 0; 816.6; 
567; 0; 0; 0; 816.8; 
567; 0; 0; 0; 817; 
567; 0; 0; 0; 817.2; 
567; 0; 0; 0; 817.4; 
567; 0; 0; 0; 817.6; 
567; 0; 0; 0; 817.8; 
567; 0; 0; 0; 818; 
567; 0; 0; 0; 818.2; 
567; 0; 0; 0; 818.4; 
567; 0; 0; 0; 818.6; 
567; 0; 0; 0; 818.8; 
567; 0; 0; 0; 819; 
567; 0; 0; 0; 819.2; 
567; 0; 0; 0; 819.4; 
567; 0; 0; 0; 819.6; 
567; 0; 0; 0; 819.8; 
567; 0; 0; 0; 820; 
567; 0; 0; 0; 820.2; 
567; 0; 0; 0; 820.4; 
567; 0; 0; 0; 820.6; 
567; 0; 0; 0; 820.8; 
567; 0; 0; 0; 821; 
567; 0; 0; 0; 821.2; 
567; 0; 0; 0; 821.4; 
567; 0; 0; 0; 821.6; 
567; 0; 0; 0; 821.8; 
567; 0; 0; 0; 822; 
567; 0; 0; 0; 822.2; 
567; 0; 0; 0; 822.4; 
567; 0; 0; 0; 822.6; 
567; 0; 0; 0; 822.8; 
567; 0; 0; 0; 823; 
567; 0; 0; 0; 823.2; 
567; 0; 0; 0; 823.4; 
567; 0; 0; 0; 823.6; 
567; 0; 0; 0; 823.8; 
567; 0; 0; 0; 824; 
567; 0; 0; 0; 824.2; 
