567; 0; 0; 170; 0; 
567; 0; 0; 170; 0.2; 
567; 0; 0; 170; 0.4; 
567; 0; 0; 170; 0.6; 
567; 0; 0; 170; 0.8; 
567; 0; 0; 170; 1; 
567; 0; 0; 170; 1.2; 
567; 0; 0; 170; 1.4; 
567; 0; 0; 170; 1.6; 
567; 0; 0; 170; 1.8; 
567; 0; 0; 170; 2; 
567; 0; 0; 170; 2.2; 
567; 0; 0; 170; 2.4; 
567; 0; 0; 170; 2.6; 
567; 0; 0; 170; 2.8; 
567; 0; 0; 170; 3; 
567; 0; 0; 170; 3.2; 
567; 0; 0; 170; 3.4; 
567; 0; 0; 170; 3.6; 
567; 0; 0; 170; 3.8; 
567; 0; 0; 170; 4; 
567; 0; 0; 170; 4.2; 
567; 0; 0; 170; 4.4; 
567; 0; 0; 170; 4.6; 
567; 0; 0; 170; 4.8; 
567; 0; 0; 170; 5; 
567; 0; 0; 170; 5.2; 
567; 0; 0; 170; 5.4; 
567; 0; 0; 170; 5.6; 
567; 0; 0; 170; 5.8; 
567; 0; 0; 170; 6; 
567; 0; 0; 170; 6.2; 
567; 0; 0; 170; 6.4; 
567; 0; 0; 170; 6.6; 
567; 0; 0; 170; 6.8; 
567; 0; 0; 170; 7; 
567; 0; 0; 170; 7.2; 
567; 0; 0; 170; 7.4; 
567; 0; 0; 170; 7.6; 
567; 0; 0; 170; 7.8; 
567; 0; 0; 170; 8; 
567; 0; 0; 170; 8.2; 
567; 0; 0; 170; 8.4; 
567; 0; 0; 170; 8.6; 
567; 0; 0; 170; 8.8; 
567; 0; 0; 170; 9; 
567; 0; 0; 170; 9.2; 
567; 0; 0; 170; 9.4; 
567; 0; 0; 170; 9.6; 
567; 0; 0; 170; 9.8; 
567; 0; 0; 170; 10; 
567; 0; 0; 170; 10.2; 
567; 0; 0; 170; 10.4; 
567; 0; 0; 170; 10.6; 
567; 0; 0; 170; 10.8; 
567; 0; 0; 170; 11; 
567; 0; 0; 170; 11.2; 
567; 0; 0; 170; 11.4; 
567; 0; 0; 170; 11.6; 
567; 0; 0; 170; 11.8; 
567; 0; 0; 170; 12; 
567; 0; 0; 170; 12.2; 
567; 0; 0; 170; 12.4; 
567; 0; 0; 170; 12.6; 
567; 0; 0; 170; 12.8; 
567; 0; 0; 170; 13; 
567; 0; 0; 170; 13.2; 
567; 0; 0; 170; 13.4; 
567; 0; 0; 170; 13.6; 
567; 0; 0; 170; 13.8; 
567; 0; 0; 170; 14; 
567; 0; 0; 170; 14.2; 
567; 0; 0; 170; 14.4; 
567; 0; 0; 170; 14.6; 
567; 0; 0; 170; 14.8; 
567; 0; 0; 170; 15; 
567; 0; 0; 170; 15.2; 
567; 0; 0; 170; 15.4; 
567; 0; 0; 170; 15.6; 
567; 0; 0; 170; 15.8; 
567; 0; 0; 170; 16; 
567; 0; 0; 170; 16.2; 
567; 0; 0; 170; 16.4; 
567; 0; 0; 170; 16.6; 
567; 0; 0; 170; 16.8; 
567; 0; 0; 170; 17; 
567; 0; 0; 170; 17.2; 
567; 0; 0; 170; 17.4; 
567; 0; 0; 170; 17.6; 
567; 0; 0; 170; 17.8; 
567; 0; 0; 170; 18; 
567; 0; 0; 170; 18.2; 
567; 0; 0; 170; 18.4; 
567; 0; 0; 170; 18.6; 
567; 0; 0; 170; 18.8; 
567; 0; 0; 170; 19; 
567; 0; 0; 170; 19.2; 
567; 0; 0; 170; 19.4; 
567; 0; 0; 170; 19.6; 
567; 0; 0; 170; 19.8; 
567; 0; 0; 170; 20; 
567; 0; 0; 170; 20.2; 
567; 0; 0; 170; 20.4; 
567; 0; 0; 170; 20.6; 
567; 0; 0; 170; 20.8; 
567; 0; 0; 170; 21; 
567; 0; 0; 170; 21.2; 
567; 0; 0; 170; 21.4; 
567; 0; 0; 170; 21.6; 
567; 0; 0; 170; 21.8; 
567; 0; 0; 170; 22; 
567; 0; 0; 170; 22.2; 
567; 0; 0; 170; 22.4; 
567; 0; 0; 170; 22.6; 
567; 0; 0; 170; 22.8; 
567; 0; 0; 170; 23; 
567; 0; 0; 170; 23.2; 
567; 0; 0; 170; 23.4; 
567; 0; 0; 170; 23.6; 
567; 0; 2441.6746; 170; 23.8; 
567; 0; 2441.6746; 170; 24; 
567; 0; 2441.6746; 170; 24.2; 
567; 0; 2441.6746; 170; 24.4; 
567; 0; 2441.6746; 170; 24.6; 
567; 0; 2441.6746; 170; 24.8; 
567; 0; 2441.6746; 170; 25; 
567; 0; 2441.6746; 170; 25.2; 
567; 0; 2441.6746; 170; 25.4; 
567; 0; 2441.6746; 170; 25.6; 
567; 0; 2441.6746; 170; 25.8; 
567; 0; 2441.6746; 170; 26; 
567; 0; 2441.6746; 170; 26.2; 
567; 0; 2441.6746; 170; 26.4; 
567; 0; 2441.6746; 170; 26.6; 
567; 0; 2441.6746; 170; 26.8; 
567; 0; 2441.6746; 170; 27; 
567; 0; 2441.6746; 170; 27.2; 
567; 0; 2441.6746; 170; 27.4; 
567; 0; 2441.6746; 170; 27.6; 
567; 0; 2441.6746; 170; 27.8; 
567; 0; 2441.6746; 170; 28; 
567; 0; 2441.6746; 170; 28.2; 
567; 0; 2441.6746; 170; 28.4; 
567; 0; 2441.6746; 170; 28.6; 
567; 0; 2441.6746; 170; 28.8; 
567; 0; 2441.6746; 170; 29; 
567; 0; 2441.6746; 170; 29.2; 
567; 0; 2441.6746; 170; 29.4; 
567; 0; 2441.6746; 170; 29.6; 
567; 0; 2441.6746; 170; 29.8; 
567; 0; 2441.6746; 170; 30; 
567; 0; 2441.6746; 170; 30.2; 
567; 0; 2441.6746; 170; 30.4; 
567; 0; 2441.6746; 170; 30.6; 
567; 0; 2441.6746; 170; 30.8; 
567; 0; 2441.6746; 170; 31; 
567; 0; 2441.6746; 170; 31.2; 
567; 0; 2441.6746; 170; 31.4; 
567; 0; 2441.6746; 170; 31.6; 
567; 0; 2441.6746; 170; 31.8; 
567; 0; 2441.6746; 170; 32; 
567; 0; 2441.6746; 170; 32.2; 
567; 0; 2441.6746; 170; 32.4; 
567; 0; 2441.6746; 170; 32.6; 
567; 0; 2441.6746; 170; 32.8; 
567; 0; 2441.6746; 170; 33; 
567; 0; 2441.6746; 170; 33.2; 
567; 0; 2441.6746; 170; 33.4; 
567; 0; 2441.6746; 170; 33.6; 
567; 0; 2441.6746; 170; 33.8; 
567; 0; 2441.6746; 170; 34; 
567; 0; 2441.6746; 170; 34.2; 
567; 0; 2441.6746; 170; 34.4; 
567; 0; 2441.6746; 170; 34.6; 
567; 0; 2441.6746; 170; 34.8; 
567; 0; 2441.6746; 170; 35; 
567; 0; 2441.6746; 170; 35.2; 
567; 0; 2441.6746; 170; 35.4; 
567; 0; 2441.6746; 170; 35.6; 
567; 0; 2441.6746; 170; 35.8; 
567; 0; 2441.6746; 170; 36; 
567; 0; 2441.6746; 170; 36.2; 
567; 0; 2441.6746; 170; 36.4; 
567; 0; 2441.6746; 170; 36.6; 
567; 0; 2441.6746; 170; 36.8; 
567; 0; 2441.6746; 170; 37; 
567; 0; 2441.6746; 170; 37.2; 
567; 0; 2441.6746; 170; 37.4; 
567; 0; 2441.6746; 170; 37.6; 
567; 0; 2441.6746; 170; 37.8; 
567; 0; 2441.6746; 170; 38; 
567; 0; 2441.6746; 170; 38.2; 
567; 0; 2441.6746; 170; 38.4; 
567; 0; 2441.6746; 170; 38.6; 
567; 0; 2441.6746; 170; 38.8; 
567; 0; 2458.2347; 170; 39; 
567; 0; 2491.9294; 170; 39.2; 
567; 0; 2543.2173; 170; 39.4; 
567; 0; 2741.7983; 170; 39.6; 
567; 0; 2993.148; 170; 39.8; 
567; 0; 3044.4598; 170; 40; 
567; 0; 3079.4602; 170; 40.2; 
567; 0; 3129.6763; 170; 40.4; 
567; 0; 3160.3492; 170; 40.6; 
567; 0; 3188.1552; 170; 40.8; 
567; 0; 3202.0532; 170; 41; 
567; 0; 3216.1049; 170; 41.2; 
567; 0; 3215.6129; 170; 41.4; 
567; 0; 3215.1315; 170; 41.6; 
567; 0; 3200.1491; 170; 41.8; 
567; 0; 3199.6971; 170; 42; 
567; 0; 3199.2547; 170; 42.2; 
567; 0; 3198.8224; 170; 42.4; 
567; 0; 3198.401; 170; 42.6; 
567; 0; 3197.9911; 170; 42.8; 
567; 0; 3197.5934; 170; 43; 
567; 0; 3197.2084; 170; 43.2; 
567; 0; 3196.8362; 170; 43.4; 
567; 0; 3196.4755; 170; 43.6; 
567; 0; 3196.1253; 170; 43.8; 
567; 0; 3195.7846; 170; 44; 
567; 0; 3195.4529; 170; 44.2; 
567; 0; 3195.1298; 170; 44.4; 
567; 0; 3194.8151; 170; 44.6; 
567; 0; 3194.5088; 170; 44.8; 
567; 0; 3194.2106; 170; 45; 
567; 0; 3193.9208; 170; 45.2; 
567; 0; 3193.6392; 170; 45.4; 
567; 0; 3193.3659; 170; 45.6; 
567; 0; 3193.1009; 170; 45.8; 
567; 0; 3192.8444; 170; 46; 
567; 0; 3192.5963; 170; 46.2; 
567; 0; 3192.3567; 170; 46.4; 
567; 0; 3192.1257; 170; 46.6; 
567; 0; 3191.9032; 170; 46.8; 
567; 0; 3191.6894; 170; 47; 
567; 0; 3191.4843; 170; 47.2; 
567; 0; 3205.6083; 170; 47.4; 
567; 0; 3205.4168; 170; 47.6; 
567; 0; 3205.2343; 170; 47.8; 
567; 0; 3205.0609; 170; 48; 
567; 0; 3204.8967; 170; 48.2; 
567; 0; 3204.7417; 170; 48.4; 
567; 0; 3219.0746; 170; 48.6; 
567; 0; 3218.9354; 170; 48.8; 
567; 0; 3218.8059; 170; 49; 
567; 0; 3218.6861; 170; 49.2; 
567; 0; 3218.576; 170; 49.4; 
567; 0; 3218.4758; 170; 49.6; 
567; 0; 3233.0329; 170; 49.8; 
567; 0; 3232.9509; 170; 50; 
567; 0; 3232.8793; 170; 50.2; 
567; 0; 3232.818; 170; 50.4; 
567; 0; 3247.5961; 170; 50.6; 
567; 0; 3247.5549; 170; 50.8; 
567; 0; 3247.5246; 170; 51; 
567; 0; 3247.5052; 170; 51.2; 
567; 0; 3262.5151; 170; 51.4; 
567; 0; 3262.5178; 170; 51.6; 
567; 0; 3262.532; 170; 51.8; 
567; 0; 3277.773; 170; 52; 
567; 0; 3277.8108; 170; 52.2; 
567; 0; 3277.8571; 170; 52.4; 
567; 0; 3277.9088; 170; 52.6; 
567; 0; 3290.1677; 170; 52.8; 
567; 0; 3290.2222; 170; 53; 
567; 0; 3290.2743; 170; 53.2; 
567; 0; 3290.3222; 170; 53.4; 
567; 0; 3302.7264; 170; 53.6; 
567; 0; 3302.7625; 170; 53.8; 
567; 0; 3302.7909; 170; 54; 
567; 0; 3302.8115; 170; 54.2; 
567; 0; 3315.3446; 170; 54.4; 
567; 0; 3315.35; 170; 54.6; 
567; 0; 3315.3485; 170; 54.8; 
567; 0; 3315.3407; 170; 55; 
567; 0; 3328.0077; 170; 55.2; 
567; 0; 3327.99; 170; 55.4; 
567; 0; 3327.969; 170; 55.6; 
567; 0; 3327.9457; 170; 55.8; 
567; 0; 3327.9211; 170; 56; 
567; 0; 3340.7377; 170; 56.2; 
567; 0; 3340.7131; 170; 56.4; 
567; 0; 3340.6897; 170; 56.6; 
567; 0; 3340.6681; 170; 56.8; 
567; 0; 3353.6547; 170; 57; 
567; 0; 3353.6376; 170; 57.2; 
567; 0; 3353.623; 170; 57.4; 
567; 0; 3353.611; 170; 57.6; 
567; 0; 3366.7752; 170; 57.8; 
567; 0; 3366.7676; 170; 58; 
567; 0; 3366.762; 170; 58.2; 
567; 0; 3366.758; 170; 58.4; 
567; 0; 3366.7552; 170; 58.6; 
567; 0; 3380.0982; 170; 58.8; 
567; 0; 3380.0965; 170; 59; 
567; 0; 3380.095; 170; 59.2; 
567; 0; 3380.0934; 170; 59.4; 
567; 0; 3393.611; 170; 59.6; 
567; 0; 3393.6084; 170; 59.8; 
567; 0; 3393.6052; 170; 60; 
567; 0; 3393.6013; 170; 60.2; 
567; 0; 3407.2939; 170; 60.4; 
567; 0; 3407.2887; 170; 60.6; 
567; 0; 3407.2829; 170; 60.8; 
567; 0; 3407.2767; 170; 61; 
567; 0; 3407.2703; 170; 61.2; 
567; 0; 3418.1135; 170; 61.4; 
567; 0; 3418.1068; 170; 61.6; 
567; 0; 3418.1003; 170; 61.8; 
567; 0; 3418.0939; 170; 62; 
567; 0; 3429.0633; 170; 62.2; 
567; 0; 3429.0575; 170; 62.4; 
567; 0; 3429.0519; 170; 62.6; 
567; 0; 3429.0467; 170; 62.8; 
567; 0; 3429.0419; 170; 63; 
567; 0; 3440.1398; 170; 63.2; 
567; 0; 3440.1356; 170; 63.4; 
567; 0; 3440.1316; 170; 63.6; 
567; 0; 3440.1279; 170; 63.8; 
567; 0; 3440.1243; 170; 64; 
567; 0; 3451.3507; 170; 64.2; 
567; 0; 3451.3472; 170; 64.4; 
567; 0; 3451.3437; 170; 64.6; 
567; 0; 3451.3403; 170; 64.8; 
567; 0; 3451.336; 170; 65; 
567; 0; 3462.6867; 170; 65.2; 
567; 0; 3462.6722; 170; 65.4; 
567; 0; 3462.649; 170; 65.6; 
567; 0; 3462.6154; 170; 65.8; 
567; 0; 3462.5698; 170; 66; 
567; 0; 3473.9983; 170; 66.2; 
567; 0; 3473.924; 170; 66.4; 
567; 0; 3473.8345; 170; 66.6; 
567; 0; 3473.7323; 170; 66.8; 
567; 0; 3473.6217; 170; 67; 
567; 0; 3473.5068; 170; 67.2; 
567; 0; 3485.0065; 170; 67.4; 
567; 0; 3484.8936; 170; 67.6; 
567; 0; 3484.7864; 170; 67.8; 
567; 0; 3484.6868; 170; 68; 
567; 0; 3484.5955; 170; 68.2; 
567; 0; 3484.5125; 170; 68.4; 
567; 0; 3496.1811; 170; 68.6; 
567; 0; 3496.1123; 170; 68.8; 
567; 0; 3496.0493; 170; 69; 
567; 0; 3495.9908; 170; 69.2; 
567; 0; 3495.9358; 170; 69.4; 
567; 0; 3507.7583; 170; 69.6; 
567; 0; 3507.7075; 170; 69.8; 
567; 0; 3507.6583; 170; 70; 
567; 0; 3473.4277; 170; 70.2; 
567; 0; 3426.6656; 170; 70.4; 
567; 0; 3379.9059; 170; 70.6; 
567; 0; 3344.8842; 170; 70.8; 
567; 0; 3298.1351; 170; 71; 
567; 0; 3251.3897; 170; 71.2; 
567; 0; 3204.6481; 170; 71.4; 
567; 0; 3156.8244; 170; 71.6; 
567; 0; 3110.0904; 170; 71.8; 
567; 0; 3072.6807; 170; 72; 
567; 0; 3023.2741; 170; 72.2; 
567; 0; 2973.8709; 170; 72.4; 
567; 0; 2926.8216; 170; 72.6; 
567; 0; 2879.7749; 170; 72.8; 
567; 0; 2833.9059; 170; 73; 
567; 0; 2800.5167; 170; 73.2; 
567; 0; 2759.2921; 170; 73.4; 
567; 0; 2719.1829; 170; 73.6; 
567; 0; 2680.189; 170; 73.8; 
567; 0; 2640.9587; 170; 74; 
567; 0; 2601.106; 170; 74.2; 
567; 0; 2563.6689; 170; 74.4; 
567; 0; 2526.2335; 170; 74.6; 
567; 0; 2491.2136; 170; 74.8; 
567; 0; 2465.3974; 170; 75; 
567; 0; 2432.6754; 170; 75.2; 
567; 0; 2399.9547; 170; 75.4; 
567; 0; 2369.6579; 170; 75.6; 
567; 0; 2339.3622; 170; 75.8; 
567; 0; 2310.7517; 170; 76; 
567; 0; 2282.5145; 170; 76.2; 
567; 0; 2255.5054; 170; 76.4; 
567; 0; 2229.7244; 170; 76.6; 
567; 0; 2205.1714; 170; 76.8; 
567; 0; 2180.6191; 170; 77; 
567; 0; 2158.5211; 170; 77.2; 
567; 0; 2136.4228; 170; 77.4; 
567; 0; 2116.7781; 170; 77.6; 
567; 0; 2097.133; 170; 77.8; 
567; 0; 2077.4878; 170; 78; 
567; 0; 2067.9227; 170; 78.2; 
567; 0; 2050.675; 170; 78.4; 
567; 0; 2033.4283; 170; 78.6; 
567; 0; 2017.4142; 170; 78.8; 
567; 0; 2000.3423; 170; 79; 
567; 0; 1984.5164; 170; 79.2; 
567; 0; 1968.6916; 170; 79.4; 
567; 0; 1954.1861; 170; 79.6; 
567; 0; 1939.6813; 170; 79.8; 
567; 0; 1925.1769; 170; 80; 
567; 0; 1911.991; 170; 80.2; 
567; 0; 1900.1237; 170; 80.4; 
567; 0; 1888.2564; 170; 80.6; 
567; 0; 1876.601; 170; 80.8; 
567; 0; 1866.3955; 170; 81; 
567; 0; 1857.4655; 170; 81.2; 
567; 0; 1847.26; 170; 81.4; 
567; 0; 1838.3302; 170; 81.6; 
567; 0; 1829.4006; 170; 81.8; 
567; 0; 1821.7467; 170; 82; 
567; 0; 1814.0931; 170; 82.2; 
567; 0; 1807.7152; 170; 82.4; 
567; 0; 1800.062; 170; 82.6; 
567; 0; 1793.6844; 170; 82.8; 
567; 0; 1787.307; 170; 83; 
567; 0; 1782.2051; 170; 83.2; 
567; 0; 1777.1034; 170; 83.4; 
567; 0; 1772.0017; 170; 83.6; 
567; 0; 1766.9001; 170; 83.8; 
567; 0; 1761.7987; 170; 84; 
567; 0; 1757.9727; 170; 84.2; 
567; 0; 1754.1467; 170; 84.4; 
567; 0; 1750.3207; 170; 84.6; 
567; 0; 1746.4947; 170; 84.8; 
567; 0; 1742.6687; 170; 85; 
567; 0; 1740.1181; 170; 85.2; 
567; 0; 1737.5676; 170; 85.4; 
567; 0; 1735.0172; 170; 85.6; 
567; 0; 1732.4501; 170; 85.8; 
567; 0; 1729.706; 170; 86; 
567; 0; 1726.9619; 170; 86.2; 
567; 0; 1725.5904; 170; 86.4; 
567; 0; 1722.8465; 170; 86.6; 
567; 0; 1721.475; 170; 86.8; 
567; 0; 1720.1035; 170; 87; 
567; 0; 1718.732; 170; 87.2; 
567; 0; 1717.3605; 170; 87.4; 
567; 0; 1715.989; 170; 87.6; 
567; 0; 1715.9899; 170; 87.8; 
567; 0; 1714.6186; 170; 88; 
567; 0; 1713.2473; 170; 88.2; 
567; 0; 1713.2483; 170; 88.4; 
567; 0; 1713.2494; 170; 88.6; 
567; 0; 1711.8781; 170; 88.8; 
567; 0; 1711.8792; 170; 89; 
567; 0; 1711.8803; 170; 89.2; 
567; 0; 1711.8811; 170; 89.4; 
567; 0; 1711.8819; 170; 89.6; 
567; 0; 1711.8827; 170; 89.8; 
567; 0; 1711.8835; 170; 90; 
567; 0; 1711.8844; 170; 90.2; 
567; 0; 1711.8854; 170; 90.4; 
567; 0; 1711.8864; 170; 90.6; 
567; 0; 1711.8875; 170; 90.8; 
567; 0; 1713.2611; 170; 91; 
567; 0; 1704.2377; 170; 91.2; 
567; 0; 1704.2388; 170; 91.4; 
567; 0; 1705.6086; 170; 91.6; 
567; 0; 1705.6097; 170; 91.8; 
567; 0; 1706.9793; 170; 92; 
567; 0; 1706.9802; 170; 92.2; 
567; 0; 1708.3496; 170; 92.4; 
567; 0; 1709.7191; 170; 92.6; 
567; 0; 1711.0887; 170; 92.8; 
567; 0; 1711.0898; 170; 93; 
567; 0; 1712.4595; 170; 93.2; 
567; 0; 1713.8291; 170; 93.4; 
567; 0; 1715.1988; 170; 93.6; 
567; 0; 1716.5686; 170; 93.8; 
567; 0; 1717.9383; 170; 94; 
567; 0; 1719.308; 170; 94.2; 
567; 0; 1720.6777; 170; 94.4; 
567; 0; 1722.0474; 170; 94.6; 
567; 0; 1723.4171; 170; 94.8; 
567; 0; 1724.7866; 170; 95; 
567; 0; 1726.1562; 170; 95.2; 
567; 0; 1727.5254; 170; 95.4; 
567; 0; 1730.2582; 170; 95.6; 
567; 0; 1735.5017; 170; 95.8; 
567; 0; 1741.8271; 170; 96; 
567; 0; 1750.6725; 170; 96.2; 
567; 0; 1763.3052; 170; 96.4; 
567; 0; 1777.1771; 170; 96.6; 
567; 0; 1794.8292; 170; 96.8; 
567; 0; 1814.9872; 170; 97; 
567; 0; 1836.3776; 170; 97.2; 
567; 0; 1857.7318; 170; 97.4; 
567; 0; 1879.3578; 170; 97.6; 
567; 0; 1898.77; 170; 97.8; 
567; 0; 1918.1731; 170; 98; 
567; 0; 1936.2604; 170; 98.2; 
567; 0; 1951.7234; 170; 98.4; 
567; 0; 1967.1925; 170; 98.6; 
567; 0; 1981.3549; 170; 98.8; 
567; 0; 1994.21; 170; 99; 
567; 0; 2007.0695; 170; 99.2; 
567; 0; 2019.6955; 170; 99.4; 
567; 0; 2021.9009; 170; 99.6; 
567; 0; 2033.8681; 170; 99.8; 
567; 0; 2044.6086; 170; 100; 
567; 0; 2056.5663; 170; 100.2; 
567; 0; 2067.2964; 170; 100.4; 
567; 0; 2078.0214; 170; 100.6; 
567; 0; 2088.7419; 170; 100.8; 
567; 0; 2099.4588; 170; 101; 
567; 0; 2108.951; 170; 101.2; 
567; 0; 2118.4416; 170; 101.4; 
567; 0; 2126.7094; 170; 101.6; 
567; 0; 2134.9772; 170; 101.8; 
567; 0; 2143.2453; 170; 102; 
567; 0; 2150.2917; 170; 102.2; 
567; 0; 2157.3384; 170; 102.4; 
567; 0; 2164.3852; 170; 102.6; 
567; 0; 2171.4318; 170; 102.8; 
567; 0; 2177.2562; 170; 103; 
567; 0; 2183.0801; 170; 103.2; 
567; 0; 2188.9033; 170; 103.4; 
567; 0; 2193.504; 170; 103.6; 
567; 0; 2198.1037; 170; 103.8; 
567; 0; 2203.9242; 170; 104; 
567; 0; 2208.5223; 170; 104.2; 
567; 0; 2211.8981; 170; 104.4; 
567; 0; 2216.495; 170; 104.6; 
567; 0; 2219.8699; 170; 104.8; 
567; 0; 2223.2444; 170; 105; 
567; 0; 2226.6187; 170; 105.2; 
567; 0; 2229.993; 170; 105.4; 
567; 0; 2232.1458; 170; 105.6; 
567; 0; 2235.52; 170; 105.8; 
567; 0; 2237.6727; 170; 106; 
567; 0; 2239.8254; 170; 106.2; 
567; 0; 2241.9779; 170; 106.4; 
567; 0; 2244.1302; 170; 106.6; 
567; 0; 2245.0612; 170; 106.8; 
567; 0; 2247.2131; 170; 107; 
567; 0; 2248.1435; 170; 107.2; 
567; 0; 2250.2948; 170; 107.4; 
567; 0; 2251.2249; 170; 107.6; 
567; 0; 2252.1548; 170; 107.8; 
567; 0; 2253.0847; 170; 108; 
567; 0; 2254.0145; 170; 108.2; 
567; 0; 2254.9443; 170; 108.4; 
567; 0; 2254.6532; 170; 108.6; 
567; 0; 2255.5827; 170; 108.8; 
567; 0; 2255.2913; 170; 109; 
567; 0; 2256.2207; 170; 109.2; 
567; 0; 2255.9294; 170; 109.4; 
567; 0; 2255.6379; 170; 109.6; 
567; 0; 2256.6472; 170; 109.8; 
567; 0; 2256.3886; 170; 110; 
567; 0; 2256.1299; 170; 110.2; 
567; 0; 2255.8712; 170; 110.4; 
567; 0; 2255.6125; 170; 110.6; 
567; 0; 2255.3538; 170; 110.8; 
567; 0; 2255.0951; 170; 111; 
567; 0; 2254.8364; 170; 111.2; 
567; 0; 2254.5778; 170; 111.4; 
567; 0; 2253.0408; 170; 111.6; 
567; 0; 2252.782; 170; 111.8; 
567; 0; 2252.5232; 170; 112; 
567; 0; 2250.9862; 170; 112.2; 
567; 0; 2250.7275; 170; 112.4; 
567; 0; 2250.4687; 170; 112.6; 
567; 0; 2248.9317; 170; 112.8; 
567; 0; 2248.6729; 170; 113; 
567; 0; 2247.136; 170; 113.2; 
567; 0; 2246.8771; 170; 113.4; 
567; 0; 2245.3403; 170; 113.6; 
567; 0; 2245.0814; 170; 113.8; 
567; 0; 2243.5446; 170; 114; 
567; 0; 2243.2857; 170; 114.2; 
567; 0; 2250.7312; 170; 114.4; 
567; 0; 2249.1893; 170; 114.6; 
567; 0; 2248.93; 170; 114.8; 
567; 0; 2247.3881; 170; 115; 
567; 0; 2245.8463; 170; 115.2; 
567; 0; 2245.5868; 170; 115.4; 
567; 0; 2244.045; 170; 115.6; 
567; 0; 2242.5033; 170; 115.8; 
567; 0; 2240.9616; 170; 116; 
567; 0; 2239.4351; 170; 116.2; 
567; 0; 2237.9184; 170; 116.4; 
567; 0; 2236.4018; 170; 116.6; 
567; 0; 2234.8853; 170; 116.8; 
567; 0; 2234.5923; 170; 117; 
567; 0; 2233.0759; 170; 117.2; 
567; 0; 2231.5597; 170; 117.4; 
567; 0; 2230.0435; 170; 117.6; 
567; 0; 2228.5273; 170; 117.8; 
567; 0; 2227.0111; 170; 118; 
567; 0; 2225.495; 170; 118.2; 
567; 0; 2223.9789; 170; 118.4; 
567; 0; 2222.4627; 170; 118.6; 
567; 0; 2220.9467; 170; 118.8; 
567; 0; 2219.4307; 170; 119; 
567; 0; 2217.9148; 170; 119.2; 
567; 0; 2216.399; 170; 119.4; 
567; 0; 2214.8831; 170; 119.6; 
567; 0; 2213.3672; 170; 119.8; 
567; 0; 2211.8515; 170; 120; 
567; 0; 2211.5588; 170; 120.2; 
567; 0; 2210.0432; 170; 120.4; 
567; 0; 2208.5278; 170; 120.6; 
567; 0; 2207.0124; 170; 120.8; 
567; 0; 2205.4971; 170; 121; 
567; 0; 2203.9818; 170; 121.2; 
567; 0; 2203.6893; 170; 121.4; 
567; 0; 2202.1742; 170; 121.6; 
567; 0; 2200.6592; 170; 121.8; 
567; 0; 2199.1442; 170; 122; 
567; 0; 2197.6292; 170; 122.2; 
567; 0; 2196.1143; 170; 122.4; 
567; 0; 2195.8218; 170; 122.6; 
567; 0; 2194.307; 170; 122.8; 
567; 0; 2192.7922; 170; 123; 
567; 0; 2191.2775; 170; 123.2; 
567; 0; 2190.9851; 170; 123.4; 
567; 0; 2189.4706; 170; 123.6; 
567; 0; 2187.9561; 170; 123.8; 
567; 0; 2186.4416; 170; 124; 
567; 0; 2186.1494; 170; 124.2; 
567; 0; 2184.6351; 170; 124.4; 
567; 0; 2183.1209; 170; 124.6; 
567; 0; 2182.8289; 170; 124.8; 
567; 0; 2181.3148; 170; 125; 
567; 0; 2179.8008; 170; 125.2; 
567; 0; 2179.5087; 170; 125.4; 
567; 0; 2177.9948; 170; 125.6; 
567; 0; 2176.4809; 170; 125.8; 
567; 0; 2176.1889; 170; 126; 
567; 0; 2174.6751; 170; 126.2; 
567; 0; 2173.1615; 170; 126.4; 
567; 0; 2172.8697; 170; 126.6; 
567; 0; 2171.3563; 170; 126.8; 
567; 0; 2169.8429; 170; 127; 
567; 0; 2169.5511; 170; 127.2; 
567; 0; 2168.0377; 170; 127.4; 
567; 0; 2166.5244; 170; 127.6; 
567; 0; 2166.2327; 170; 127.8; 
567; 0; 2164.7195; 170; 128; 
567; 0; 2164.4277; 170; 128.2; 
567; 0; 2162.9147; 170; 128.4; 
567; 0; 2162.6234; 170; 128.6; 
567; 0; 2162.3329; 170; 128.8; 
567; 0; 2162.044; 170; 129; 
567; 0; 2159.3183; 170; 129.2; 
567; 0; 2156.6057; 170; 129.4; 
567; 0; 2151.4709; 170; 129.6; 
567; 0; 2143.919; 170; 129.8; 
567; 0; 2135.1746; 170; 130; 
567; 0; 2125.2402; 170; 130.2; 
567; 0; 2111.6756; 170; 130.4; 
567; 0; 2096.924; 170; 130.6; 
567; 0; 2079.7647; 170; 130.8; 
567; 0; 2061.4193; 170; 131; 
567; 0; 2041.8864; 170; 131.2; 
567; 0; 2021.1595; 170; 131.4; 
567; 0; 1999.3232; 170; 131.6; 
567; 0; 1979.77; 170; 131.8; 
567; 0; 1962.8287; 170; 132; 
567; 0; 1948.4912; 170; 132.2; 
567; 0; 1936.7517; 170; 132.4; 
567; 0; 1935.2967; 170; 132.6; 
567; 0; 1926.1021; 170; 132.8; 
567; 0; 1916.891; 170; 133; 
567; 0; 1906.3568; 170; 133.2; 
567; 0; 1895.8176; 170; 133.4; 
567; 0; 1885.2799; 170; 133.6; 
567; 0; 1873.4369; 170; 133.8; 
567; 0; 1860.2921; 170; 134; 
567; 0; 1847.1589; 170; 134.2; 
567; 0; 1834.037; 170; 134.4; 
567; 0; 1820.9246; 170; 134.6; 
567; 0; 1809.1308; 170; 134.8; 
567; 0; 1796.0288; 170; 135; 
567; 0; 1785.5512; 170; 135.2; 
567; 0; 1775.0719; 170; 135.4; 
567; 0; 1764.5894; 170; 135.6; 
567; 0; 1755.4146; 170; 135.8; 
567; 0; 1747.5474; 170; 136; 
567; 0; 1739.6765; 170; 136.2; 
567; 0; 1731.8225; 170; 136.4; 
567; 0; 1724.9895; 170; 136.6; 
567; 0; 1718.1557; 170; 136.8; 
567; 0; 1711.3222; 170; 137; 
567; 0; 1704.4898; 170; 137.2; 
567; 0; 1697.659; 170; 137.4; 
567; 0; 1690.8299; 170; 137.6; 
567; 0; 1685.3681; 170; 137.8; 
567; 0; 1679.9077; 170; 138; 
567; 0; 1674.4484; 170; 138.2; 
567; 0; 1668.9894; 170; 138.4; 
567; 0; 1663.5305; 170; 138.6; 
567; 0; 1659.4368; 170; 138.8; 
567; 0; 1655.3428; 170; 139; 
567; 0; 1651.2484; 170; 139.2; 
567; 0; 1647.1533; 170; 139.4; 
567; 0; 1644.4234; 170; 139.6; 
567; 0; 1641.693; 170; 139.8; 
567; 0; 1637.5968; 170; 140; 
567; 0; 1634.8661; 170; 140.2; 
567; 0; 1632.1354; 170; 140.4; 
567; 0; 1630.7703; 170; 140.6; 
567; 0; 1628.0399; 170; 140.8; 
567; 0; 1625.3097; 170; 141; 
567; 0; 1623.9451; 170; 141.2; 
567; 0; 1621.2154; 170; 141.4; 
567; 0; 1619.8513; 170; 141.6; 
567; 0; 1618.4874; 170; 141.8; 
567; 0; 1617.1235; 170; 142; 
567; 0; 1615.7597; 170; 142.2; 
567; 0; 1614.3958; 170; 142.4; 
567; 0; 1613.0317; 170; 142.6; 
567; 0; 1613.0328; 170; 142.8; 
567; 0; 1611.6685; 170; 143; 
567; 0; 1610.3043; 170; 143.2; 
567; 0; 1610.3057; 170; 143.4; 
567; 0; 1608.9416; 170; 143.6; 
567; 0; 1608.943; 170; 143.8; 
567; 0; 1608.9444; 170; 144; 
567; 0; 1608.9457; 170; 144.2; 
567; 0; 1607.5815; 170; 144.4; 
567; 0; 1607.5829; 170; 144.6; 
567; 0; 1607.5841; 170; 144.8; 
567; 0; 1607.5853; 170; 145; 
567; 0; 1607.5865; 170; 145.2; 
567; 0; 1607.5878; 170; 145.4; 
567; 0; 1608.9529; 170; 145.6; 
567; 0; 1611.6752; 170; 145.8; 
567; 0; 1615.7466; 170; 146; 
567; 0; 1623.8909; 170; 146.2; 
567; 0; 1634.7369; 170; 146.4; 
567; 0; 1639.5615; 170; 146.6; 
567; 0; 1657.1163; 170; 146.8; 
567; 0; 1675.9932; 170; 147; 
567; 0; 1696.1916; 170; 147.2; 
567; 0; 1716.3558; 170; 147.4; 
567; 0; 1736.6851; 170; 147.6; 
567; 0; 1753.4188; 170; 147.8; 
567; 0; 1768.8418; 170; 148; 
567; 0; 1782.9608; 170; 148.2; 
567; 0; 1795.7806; 170; 148.4; 
567; 0; 1807.3031; 170; 148.6; 
567; 0; 1818.8355; 170; 148.8; 
567; 0; 1829.0691; 170; 149; 
567; 0; 1838.0017; 170; 149.2; 
567; 0; 1846.9372; 170; 149.4; 
567; 0; 1857.1798; 170; 149.6; 
567; 0; 1866.1131; 170; 149.8; 
567; 0; 1875.0424; 170; 150; 
567; 0; 1885.2738; 170; 150.2; 
567; 0; 1894.1934; 170; 150.4; 
567; 0; 1903.1086; 170; 150.6; 
567; 0; 1912.0202; 170; 150.8; 
567; 0; 1919.6225; 170; 151; 
567; 0; 1927.2234; 170; 151.2; 
567; 0; 1934.8238; 170; 151.4; 
567; 0; 1941.1177; 170; 151.6; 
567; 0; 1947.4123; 170; 151.8; 
567; 0; 1953.7078; 170; 152; 
567; 0; 1960.0042; 170; 152.2; 
567; 0; 1964.9949; 170; 152.4; 
567; 0; 1969.986; 170; 152.6; 
567; 0; 1974.9772; 170; 152.8; 
567; 0; 1978.6617; 170; 153; 
567; 0; 1983.6522; 170; 153.2; 
567; 0; 1987.3356; 170; 153.4; 
567; 0; 1992.3247; 170; 153.6; 
567; 0; 1996.0068; 170; 153.8; 
567; 0; 1999.6881; 170; 154; 
567; 0; 2002.0627; 170; 154.2; 
567; 0; 2005.743; 170; 154.4; 
567; 0; 2009.423; 170; 154.6; 
567; 0; 2011.7967; 170; 154.8; 
567; 0; 2014.1702; 170; 155; 
567; 0; 2016.5322; 170; 155.2; 
567; 0; 2018.7489; 170; 155.4; 
567; 0; 2020.9656; 170; 155.6; 
567; 0; 2021.9627; 170; 155.8; 
567; 0; 2024.1794; 170; 156; 
567; 0; 2025.1765; 170; 156.2; 
567; 0; 2027.3931; 170; 156.4; 
567; 0; 2028.39; 170; 156.6; 
567; 0; 2029.3866; 170; 156.8; 
567; 0; 2030.383; 170; 157; 
567; 0; 2031.3793; 170; 157.2; 
567; 0; 2032.3756; 170; 157.4; 
567; 0; 2033.3717; 170; 157.6; 
567; 0; 2034.3677; 170; 157.8; 
567; 0; 2035.3635; 170; 158; 
567; 0; 2035.1399; 170; 158.2; 
567; 0; 2036.1355; 170; 158.4; 
567; 0; 2035.9117; 170; 158.6; 
567; 0; 2036.9072; 170; 158.8; 
567; 0; 2036.6835; 170; 159; 
567; 0; 2037.6791; 170; 159.2; 
567; 0; 2037.4554; 170; 159.4; 
567; 0; 2037.2317; 170; 159.6; 
567; 0; 2038.2271; 170; 159.8; 
567; 0; 2038.0033; 170; 160; 
567; 0; 2037.7796; 170; 160.2; 
567; 0; 2037.5559; 170; 160.4; 
567; 0; 2037.3322; 170; 160.6; 
567; 0; 2037.1085; 170; 160.8; 
567; 0; 2036.8847; 170; 161; 
567; 0; 2037.8798; 170; 161.2; 
567; 0; 2037.6565; 170; 161.4; 
567; 0; 2037.4344; 170; 161.6; 
567; 0; 2037.2143; 170; 161.8; 
567; 0; 2036.9971; 170; 162; 
567; 0; 2036.7839; 170; 162.2; 
567; 0; 2036.5757; 170; 162.4; 
567; 0; 2036.373; 170; 162.6; 
567; 0; 2036.1751; 170; 162.8; 
567; 0; 2037.1981; 170; 163; 
567; 0; 2039.4391; 170; 163.2; 
567; 0; 2042.8948; 170; 163.4; 
567; 0; 2047.5623; 170; 163.6; 
567; 0; 2053.4398; 170; 163.8; 
567; 0; 2060.5264; 170; 164; 
567; 0; 2067.604; 170; 164.2; 
567; 0; 2074.6729; 170; 164.4; 
567; 0; 2080.5166; 170; 164.6; 
567; 0; 2083.9216; 170; 164.8; 
567; 0; 2084.902; 170; 165; 
567; 0; 2083.4651; 170; 165.2; 
567; 0; 2079.6111; 170; 165.4; 
567; 0; 2072.1283; 170; 165.6; 
567; 0; 2063.4587; 170; 165.8; 
567; 0; 2052.3876; 170; 166; 
567; 0; 2038.9174; 170; 166.2; 
567; 0; 2021.8308; 170; 166.4; 
567; 0; 2002.6582; 170; 166.6; 
567; 0; 1980.5302; 170; 166.8; 
567; 0; 1957.1307; 170; 167; 
567; 0; 1933.753; 170; 167.2; 
567; 0; 1914.2976; 170; 167.4; 
567; 0; 1898.7525; 170; 167.6; 
567; 0; 1888.4119; 170; 167.8; 
567; 0; 1884.5729; 170; 168; 
567; 0; 1884.622; 170; 168.2; 
567; 0; 1888.556; 170; 168.4; 
567; 0; 1892.4595; 170; 168.6; 
567; 0; 1896.3336; 170; 168.8; 
567; 0; 1897.5741; 170; 169; 
567; 0; 1894.8855; 170; 169.2; 
567; 0; 1889.5837; 170; 169.4; 
567; 0; 1880.3762; 170; 169.6; 
567; 0; 1871.1861; 170; 169.8; 
567; 0; 1859.41; 170; 170; 
567; 0; 1846.3543; 170; 170.2; 
567; 0; 1832.0165; 170; 170.4; 
567; 0; 1817.6962; 170; 170.6; 
567; 0; 1803.3864; 170; 170.8; 
567; 0; 1790.385; 170; 171; 
567; 0; 1787.1734; 170; 171.2; 
567; 0; 1776.737; 170; 171.4; 
567; 0; 1767.5999; 170; 171.6; 
567; 0; 1759.7611; 170; 171.8; 
567; 0; 1751.9123; 170; 172; 
567; 0; 1745.3641; 170; 172.2; 
567; 0; 1738.8097; 170; 172.4; 
567; 0; 1730.8105; 170; 172.6; 
567; 0; 1723.7536; 170; 172.8; 
567; 0; 1716.6981; 170; 173; 
567; 0; 1708.2373; 170; 173.2; 
567; 0; 1701.1887; 170; 173.4; 
567; 0; 1692.7359; 170; 173.6; 
567; 0; 1685.6949; 170; 173.8; 
567; 0; 1678.6566; 170; 174; 
567; 0; 1671.6201; 170; 174.2; 
567; 0; 1664.5843; 170; 174.4; 
567; 0; 1657.7675; 170; 174.6; 
567; 0; 1652.3234; 170; 174.8; 
567; 0; 1646.878; 170; 175; 
567; 0; 1642.7938; 170; 175.2; 
567; 0; 1637.3458; 170; 175.4; 
567; 0; 1633.259; 170; 175.6; 
567; 0; 1629.1714; 170; 175.8; 
567; 0; 1625.0832; 170; 176; 
567; 0; 1620.9947; 170; 176.2; 
567; 0; 1618.2687; 170; 176.4; 
567; 0; 1614.1806; 170; 176.6; 
567; 0; 1611.4555; 170; 176.8; 
567; 0; 1608.7308; 170; 177; 
567; 0; 1606.0065; 170; 177.2; 
567; 0; 1603.2829; 170; 177.4; 
567; 0; 1600.5595; 170; 177.6; 
567; 0; 1597.8364; 170; 177.8; 
567; 0; 1595.1132; 170; 178; 
567; 0; 1593.7524; 170; 178.2; 
567; 0; 1591.0288; 170; 178.4; 
567; 0; 1589.6674; 170; 178.6; 
567; 0; 1586.9434; 170; 178.8; 
567; 0; 1585.5817; 170; 179; 
567; 0; 1584.22; 170; 179.2; 
567; 0; 1582.8584; 170; 179.4; 
567; 0; 1581.4969; 170; 179.6; 
567; 0; 1580.1355; 170; 179.8; 
567; 0; 1580.1365; 170; 180; 
567; 0; 1578.775; 170; 180.2; 
567; 0; 1577.4136; 170; 180.4; 
567; 0; 1577.4146; 170; 180.6; 
567; 0; 1576.0533; 170; 180.8; 
567; 0; 1576.0544; 170; 181; 
567; 0; 1574.6932; 170; 181.2; 
567; 0; 1574.6944; 170; 181.4; 
567; 0; 1573.3332; 170; 181.6; 
567; 0; 1573.3344; 170; 181.8; 
567; 0; 1573.3356; 170; 182; 
567; 0; 1573.3368; 170; 182.2; 
567; 0; 1571.9755; 170; 182.4; 
567; 0; 1571.9766; 170; 182.6; 
567; 0; 1571.9777; 170; 182.8; 
567; 0; 1571.9789; 170; 183; 
567; 0; 1571.9801; 170; 183.2; 
567; 0; 1571.9814; 170; 183.4; 
567; 0; 1571.9826; 170; 183.6; 
567; 0; 1571.9837; 170; 183.8; 
567; 0; 1571.9848; 170; 184; 
567; 0; 1571.9859; 170; 184.2; 
567; 0; 1571.9869; 170; 184.4; 
567; 0; 1571.9879; 170; 184.6; 
567; 0; 1573.3514; 170; 184.8; 
567; 0; 1573.3524; 170; 185; 
567; 0; 1573.3535; 170; 185.2; 
567; 0; 1573.3546; 170; 185.4; 
567; 0; 1573.3558; 170; 185.6; 
567; 0; 1573.3569; 170; 185.8; 
567; 0; 1574.7206; 170; 186; 
567; 0; 1574.7219; 170; 186.2; 
567; 0; 1574.7231; 170; 186.4; 
567; 0; 1566.2614; 170; 186.6; 
567; 0; 1567.6214; 170; 186.8; 
567; 0; 1567.6225; 170; 187; 
567; 0; 1567.6236; 170; 187.2; 
567; 0; 1568.9834; 170; 187.4; 
567; 0; 1568.9845; 170; 187.6; 
567; 0; 1570.3444; 170; 187.8; 
567; 0; 1570.3455; 170; 188; 
567; 0; 1571.7052; 170; 188.2; 
567; 0; 1571.7062; 170; 188.4; 
567; 0; 1573.066; 170; 188.6; 
567; 0; 1573.0671; 170; 188.8; 
567; 0; 1574.4269; 170; 189; 
567; 0; 1575.7867; 170; 189.2; 
567; 0; 1575.7878; 170; 189.4; 
567; 0; 1577.1476; 170; 189.6; 
567; 0; 1578.5075; 170; 189.8; 
567; 0; 1578.5087; 170; 190; 
567; 0; 1579.8685; 170; 190.2; 
567; 0; 1581.2284; 170; 190.4; 
567; 0; 1582.5886; 170; 190.6; 
567; 0; 1582.5903; 170; 190.8; 
567; 0; 1583.951; 170; 191; 
567; 0; 1583.9528; 170; 191.2; 
567; 0; 1585.3132; 170; 191.4; 
567; 0; 1586.6733; 170; 191.6; 
567; 0; 1586.6742; 170; 191.8; 
567; 0; 1588.0335; 170; 192; 
567; 0; 1589.3926; 170; 192.2; 
567; 0; 1589.3928; 170; 192.4; 
567; 0; 1590.752; 170; 192.6; 
567; 0; 1590.7525; 170; 192.8; 
567; 0; 1592.1118; 170; 193; 
567; 0; 1592.1126; 170; 193.2; 
567; 0; 1593.4722; 170; 193.4; 
567; 0; 1593.4731; 170; 193.6; 
567; 0; 1594.8328; 170; 193.8; 
567; 0; 1594.8338; 170; 194; 
567; 0; 1596.1935; 170; 194.2; 
567; 0; 1596.1945; 170; 194.4; 
567; 0; 1597.5542; 170; 194.6; 
567; 0; 1597.5552; 170; 194.8; 
567; 0; 1597.5562; 170; 195; 
567; 0; 1598.9159; 170; 195.2; 
567; 0; 1598.9168; 170; 195.4; 
567; 0; 1600.2767; 170; 195.6; 
567; 0; 1600.2777; 170; 195.8; 
567; 0; 1600.2787; 170; 196; 
567; 0; 1601.6385; 170; 196.2; 
567; 0; 1601.6395; 170; 196.4; 
567; 0; 1601.6404; 170; 196.6; 
567; 0; 1601.6414; 170; 196.8; 
567; 0; 1603.001; 170; 197; 
567; 0; 1603.0018; 170; 197.2; 
567; 0; 1603.0027; 170; 197.4; 
567; 0; 1604.3623; 170; 197.6; 
567; 0; 1604.3632; 170; 197.8; 
567; 0; 1604.3641; 170; 198; 
567; 0; 1604.365; 170; 198.2; 
567; 0; 1605.7245; 170; 198.4; 
567; 0; 1605.7251; 170; 198.6; 
567; 0; 1605.7258; 170; 198.8; 
567; 0; 1605.7266; 170; 199; 
567; 0; 1607.0862; 170; 199.2; 
567; 0; 1607.0872; 170; 199.4; 
567; 0; 1607.0882; 170; 199.6; 
567; 0; 1607.0891; 170; 199.8; 
567; 0; 1607.09; 170; 200; 
567; 0; 1608.4496; 170; 200.2; 
567; 0; 1608.4505; 170; 200.4; 
567; 0; 1608.4513; 170; 200.6; 
567; 0; 1608.4521; 170; 200.8; 
567; 0; 1608.4529; 170; 201; 
567; 0; 1608.4537; 170; 201.2; 
567; 0; 1609.8132; 170; 201.4; 
567; 0; 1609.814; 170; 201.6; 
567; 0; 1609.8148; 170; 201.8; 
567; 0; 1609.8155; 170; 202; 
567; 0; 1609.8162; 170; 202.2; 
567; 0; 1609.8169; 170; 202.4; 
567; 0; 1611.1764; 170; 202.6; 
567; 0; 1611.1772; 170; 202.8; 
567; 0; 1611.1781; 170; 203; 
567; 0; 1611.179; 170; 203.2; 
567; 0; 1611.18; 170; 203.4; 
567; 0; 1611.1808; 170; 203.6; 
567; 0; 1611.1815; 170; 203.8; 
567; 0; 1611.1822; 170; 204; 
567; 0; 1612.5417; 170; 204.2; 
567; 0; 1612.5423; 170; 204.4; 
567; 0; 1612.543; 170; 204.6; 
567; 0; 1612.5439; 170; 204.8; 
567; 0; 1612.5448; 170; 205; 
567; 0; 1612.5457; 170; 205.2; 
567; 0; 1612.5465; 170; 205.4; 
567; 0; 1612.5472; 170; 205.6; 
567; 0; 1612.548; 170; 205.8; 
567; 0; 1612.5488; 170; 206; 
567; 0; 1613.9083; 170; 206.2; 
567; 0; 1613.9089; 170; 206.4; 
567; 0; 1613.9095; 170; 206.6; 
567; 0; 1613.91; 170; 206.8; 
567; 0; 1613.9106; 170; 207; 
567; 0; 1613.9113; 170; 207.2; 
567; 0; 1613.9121; 170; 207.4; 
567; 0; 1613.9129; 170; 207.6; 
567; 0; 1613.9136; 170; 207.8; 
567; 0; 1613.9144; 170; 208; 
567; 0; 1615.274; 170; 208.2; 
567; 0; 1615.2747; 170; 208.4; 
567; 0; 1615.2755; 170; 208.6; 
567; 0; 1615.2763; 170; 208.8; 
567; 0; 1615.2771; 170; 209; 
567; 0; 1616.6366; 170; 209.2; 
567; 0; 1616.6374; 170; 209.4; 
567; 0; 1616.6381; 170; 209.6; 
567; 0; 1616.6389; 170; 209.8; 
567; 0; 1616.6396; 170; 210; 
567; 0; 1616.6403; 170; 210.2; 
567; 0; 1616.6411; 170; 210.4; 
567; 0; 1618.0007; 170; 210.6; 
567; 0; 1618.0014; 170; 210.8; 
567; 0; 1618.0019; 170; 211; 
567; 0; 1618.0024; 170; 211.2; 
567; 0; 1618.0029; 170; 211.4; 
567; 0; 1618.0035; 170; 211.6; 
567; 0; 1618.0041; 170; 211.8; 
567; 0; 1618.0048; 170; 212; 
567; 0; 1618.0056; 170; 212.2; 
567; 0; 1618.0064; 170; 212.4; 
567; 0; 1619.366; 170; 212.6; 
567; 0; 1619.3667; 170; 212.8; 
567; 0; 1619.3674; 170; 213; 
567; 0; 1619.3682; 170; 213.2; 
567; 0; 1619.369; 170; 213.4; 
567; 0; 1619.3697; 170; 213.6; 
567; 0; 1619.3703; 170; 213.8; 
567; 0; 1619.3709; 170; 214; 
567; 0; 1619.3716; 170; 214.2; 
567; 0; 1619.3723; 170; 214.4; 
567; 0; 1619.373; 170; 214.6; 
567; 0; 1619.3737; 170; 214.8; 
567; 0; 1619.3744; 170; 215; 
567; 0; 1619.375; 170; 215.2; 
567; 0; 1619.3757; 170; 215.4; 
567; 0; 1619.3763; 170; 215.6; 
567; 0; 1619.377; 170; 215.8; 
567; 0; 1619.3777; 170; 216; 
567; 0; 1619.3783; 170; 216.2; 
567; 0; 1619.379; 170; 216.4; 
567; 0; 1619.3796; 170; 216.6; 
567; 0; 1619.3801; 170; 216.8; 
567; 0; 1619.3807; 170; 217; 
567; 0; 1619.3813; 170; 217.2; 
567; 0; 1619.3822; 170; 217.4; 
567; 0; 1619.3829; 170; 217.6; 
567; 0; 1620.7423; 170; 217.8; 
567; 0; 1620.7434; 170; 218; 
567; 0; 1620.7455; 170; 218.2; 
567; 0; 1622.1081; 170; 218.4; 
567; 0; 1622.1147; 170; 218.6; 
567; 0; 1622.1249; 170; 218.8; 
567; 0; 1623.4988; 170; 219; 
567; 0; 1623.5199; 170; 219.2; 
567; 0; 1623.5469; 170; 219.4; 
567; 0; 1623.5778; 170; 219.6; 
567; 0; 1626.3271; 170; 219.8; 
567; 0; 1629.074; 170; 220; 
567; 0; 1634.5326; 170; 220.2; 
567; 0; 1641.3417; 170; 220.4; 
567; 0; 1649.4998; 170; 220.6; 
567; 0; 1657.6808; 170; 220.8; 
567; 0; 1667.4931; 170; 221; 
567; 0; 1674.4911; 170; 221.2; 
567; 0; 1682.888; 170; 221.4; 
567; 0; 1688.4756; 170; 221.6; 
567; 0; 1692.6601; 170; 221.8; 
567; 0; 1696.8478; 170; 222; 
567; 0; 1699.637; 170; 222.2; 
567; 0; 1701.0291; 170; 222.4; 
567; 0; 1702.428; 170; 222.6; 
567; 0; 1702.43; 170; 222.8; 
567; 0; 1702.4376; 170; 223; 
567; 0; 1702.4495; 170; 223.2; 
567; 0; 1703.8675; 170; 223.4; 
567; 0; 1705.2863; 170; 223.6; 
567; 0; 1706.7041; 170; 223.8; 
567; 0; 1708.1197; 170; 224; 
567; 0; 1710.9355; 170; 224.2; 
567; 0; 1713.7475; 170; 224.4; 
567; 0; 1717.9589; 170; 224.6; 
567; 0; 1720.7621; 170; 224.8; 
567; 0; 1723.56; 170; 225; 
567; 0; 1726.3527; 170; 225.2; 
567; 0; 1729.1411; 170; 225.4; 
567; 0; 1730.5233; 170; 225.6; 
567; 0; 1730.5014; 170; 225.8; 
567; 0; 1729.0777; 170; 226; 
567; 0; 1727.6577; 170; 226.2; 
567; 0; 1724.8393; 170; 226.4; 
567; 0; 1722.0269; 170; 226.6; 
567; 0; 1719.2207; 170; 226.8; 
567; 0; 1715.0163; 170; 227; 
567; 0; 1710.816; 170; 227.2; 
567; 0; 1706.6181; 170; 227.4; 
567; 0; 1703.8244; 170; 227.6; 
567; 0; 1701.0296; 170; 227.8; 
567; 0; 1698.2325; 170; 228; 
567; 0; 1696.8356; 170; 228.2; 
567; 0; 1694.0315; 170; 228.4; 
567; 0; 1692.6278; 170; 228.6; 
567; 0; 1691.2213; 170; 228.8; 
567; 0; 1688.4093; 170; 229; 
567; 0; 1686.9999; 170; 229.2; 
567; 0; 1685.5903; 170; 229.4; 
567; 0; 1682.7778; 170; 229.6; 
567; 0; 1679.9665; 170; 229.8; 
567; 0; 1678.5605; 170; 230; 
567; 0; 1675.7525; 170; 230.2; 
567; 0; 1672.946; 170; 230.4; 
567; 0; 1670.1406; 170; 230.6; 
567; 0; 1667.3359; 170; 230.8; 
567; 0; 1665.9351; 170; 231; 
567; 0; 1663.1306; 170; 231.2; 
567; 0; 1661.7294; 170; 231.4; 
567; 0; 1658.924; 170; 231.6; 
567; 0; 1657.5216; 170; 231.8; 
567; 0; 1656.1204; 170; 232; 
567; 0; 1653.4029; 170; 232.2; 
567; 0; 1652.0437; 170; 232.4; 
567; 0; 1650.6843; 170; 232.6; 
567; 0; 1649.3247; 170; 232.8; 
567; 0; 1647.9652; 170; 233; 
567; 0; 1646.6059; 170; 233.2; 
567; 0; 1645.2467; 170; 233.4; 
567; 0; 1643.8878; 170; 233.6; 
567; 0; 1642.5292; 170; 233.8; 
567; 0; 1641.171; 170; 234; 
567; 0; 1639.8128; 170; 234.2; 
567; 0; 1638.4548; 170; 234.4; 
567; 0; 1637.0969; 170; 234.6; 
567; 0; 1635.7389; 170; 234.8; 
567; 0; 1634.3808; 170; 235; 
567; 0; 1633.0226; 170; 235.2; 
567; 0; 1633.023; 170; 235.4; 
567; 0; 1631.6646; 170; 235.6; 
567; 0; 1630.306; 170; 235.8; 
567; 0; 1630.3062; 170; 236; 
567; 0; 1628.9477; 170; 236.2; 
567; 0; 1627.5892; 170; 236.4; 
567; 0; 1627.5895; 170; 236.6; 
567; 0; 1626.2312; 170; 236.8; 
567; 0; 1626.2315; 170; 237; 
567; 0; 1624.8732; 170; 237.2; 
567; 0; 1624.8736; 170; 237.4; 
567; 0; 1623.5154; 170; 237.6; 
567; 0; 1623.5159; 170; 237.8; 
567; 0; 1622.1576; 170; 238; 
567; 0; 1622.1581; 170; 238.2; 
567; 0; 1622.1586; 170; 238.4; 
567; 0; 1620.8004; 170; 238.6; 
567; 0; 1620.8011; 170; 238.8; 
567; 0; 1620.8017; 170; 239; 
567; 0; 1619.4434; 170; 239.2; 
567; 0; 1619.444; 170; 239.4; 
567; 0; 1619.4444; 170; 239.6; 
567; 0; 1618.0861; 170; 239.8; 
567; 0; 1618.0867; 170; 240; 
567; 0; 1618.0873; 170; 240.2; 
567; 0; 1618.0878; 170; 240.4; 
567; 0; 1616.7294; 170; 240.6; 
567; 0; 1616.7299; 170; 240.8; 
567; 0; 1616.7304; 170; 241; 
567; 0; 1616.7311; 170; 241.2; 
567; 0; 1615.3729; 170; 241.4; 
567; 0; 1615.3735; 170; 241.6; 
567; 0; 1615.3742; 170; 241.8; 
567; 0; 1615.3749; 170; 242; 
567; 0; 1615.3755; 170; 242.2; 
567; 0; 1615.376; 170; 242.4; 
567; 0; 1615.3766; 170; 242.6; 
567; 0; 1614.0185; 170; 242.8; 
567; 0; 1614.019; 170; 243; 
567; 0; 1614.0195; 170; 243.2; 
567; 0; 1614.0201; 170; 243.4; 
567; 0; 1614.0206; 170; 243.6; 
567; 0; 1614.0211; 170; 243.8; 
567; 0; 1614.0216; 170; 244; 
567; 0; 1614.022; 170; 244.2; 
567; 0; 1614.0225; 170; 244.4; 
567; 0; 1614.0231; 170; 244.6; 
567; 0; 1614.0238; 170; 244.8; 
567; 0; 1614.0246; 170; 245; 
567; 0; 1614.0253; 170; 245.2; 
567; 0; 1614.026; 170; 245.4; 
567; 0; 1612.6679; 170; 245.6; 
567; 0; 1612.6684; 170; 245.8; 
567; 0; 1612.6689; 170; 246; 
567; 0; 1614.0283; 170; 246.2; 
567; 0; 1614.0293; 170; 246.4; 
567; 0; 1615.3904; 170; 246.6; 
567; 0; 1615.395; 170; 246.8; 
567; 0; 1615.4026; 170; 247; 
567; 0; 1615.413; 170; 247.2; 
567; 0; 1615.4252; 170; 247.4; 
567; 0; 1615.4374; 170; 247.6; 
567; 0; 1615.4477; 170; 247.8; 
567; 0; 1616.8129; 170; 248; 
567; 0; 1619.5321; 170; 248.2; 
567; 0; 1620.8875; 170; 248.4; 
567; 0; 1622.2385; 170; 248.6; 
567; 0; 1624.9451; 170; 248.8; 
567; 0; 1626.2912; 170; 249; 
567; 0; 1627.6371; 170; 249.2; 
567; 0; 1627.6254; 170; 249.4; 
567; 0; 1628.9748; 170; 249.6; 
567; 0; 1628.9685; 170; 249.8; 
567; 0; 1627.6066; 170; 250; 
567; 0; 1627.6065; 170; 250.2; 
567; 0; 1627.6089; 170; 250.4; 
567; 0; 1626.2542; 170; 250.6; 
567; 0; 1626.259; 170; 250.8; 
567; 0; 1626.2639; 170; 251; 
567; 0; 1624.9095; 170; 251.2; 
567; 0; 1624.9131; 170; 251.4; 
567; 0; 1624.9157; 170; 251.6; 
567; 0; 1624.9173; 170; 251.8; 
567; 0; 1623.5592; 170; 252; 
567; 0; 1623.5592; 170; 252.2; 
567; 0; 1623.5587; 170; 252.4; 
567; 0; 1623.5581; 170; 252.6; 
567; 0; 1623.5576; 170; 252.8; 
567; 0; 1623.5574; 170; 253; 
567; 0; 1622.1986; 170; 253.2; 
567; 0; 1622.1989; 170; 253.4; 
567; 0; 1622.1995; 170; 253.6; 
567; 0; 1622.2003; 170; 253.8; 
567; 0; 1620.8424; 170; 254; 
567; 0; 1620.8433; 170; 254.2; 
567; 0; 1620.844; 170; 254.4; 
567; 0; 1620.8448; 170; 254.6; 
567; 0; 1620.8455; 170; 254.8; 
567; 0; 1619.4875; 170; 255; 
567; 0; 1619.4883; 170; 255.2; 
567; 0; 1619.4889; 170; 255.4; 
567; 0; 1619.4894; 170; 255.6; 
567; 0; 1619.49; 170; 255.8; 
567; 0; 1619.4905; 170; 256; 
567; 0; 1619.4909; 170; 256.2; 
567; 0; 1618.1325; 170; 256.4; 
567; 0; 1618.133; 170; 256.6; 
567; 0; 1618.1335; 170; 256.8; 
567; 0; 1618.1341; 170; 257; 
567; 0; 1618.1346; 170; 257.2; 
567; 0; 1618.1352; 170; 257.4; 
567; 0; 1618.1362; 170; 257.6; 
567; 0; 1619.4972; 170; 257.8; 
567; 0; 1619.5015; 170; 258; 
567; 0; 1619.5086; 170; 258.2; 
567; 0; 1619.5197; 170; 258.4; 
567; 0; 1620.8949; 170; 258.6; 
567; 0; 1619.5587; 170; 258.8; 
567; 0; 1620.9457; 170; 259; 
567; 0; 1620.9772; 170; 259.2; 
567; 0; 1623.7263; 170; 259.4; 
567; 0; 1627.8309; 170; 259.6; 
567; 0; 1633.2875; 170; 259.8; 
567; 0; 1640.0939; 170; 260; 
567; 0; 1648.249; 170; 260.2; 
567; 0; 1657.7797; 170; 260.4; 
567; 0; 1666.186; 170; 260.6; 
567; 0; 1673.1822; 170; 260.8; 
567; 0; 1680.1746; 170; 261; 
567; 0; 1685.7621; 170; 261.2; 
567; 0; 1691.351; 170; 261.4; 
567; 0; 1694.1366; 170; 261.6; 
567; 0; 1696.9278; 170; 261.8; 
567; 0; 1698.322; 170; 262; 
567; 0; 1698.3196; 170; 262.2; 
567; 0; 1698.3236; 170; 262.4; 
567; 0; 1699.7364; 170; 262.6; 
567; 0; 1699.7492; 170; 262.8; 
567; 0; 1701.1674; 170; 263; 
567; 0; 1702.5856; 170; 263.2; 
567; 0; 1704.0022; 170; 263.4; 
567; 0; 1706.8199; 170; 263.6; 
567; 0; 1708.2304; 170; 263.8; 
567; 0; 1712.4444; 170; 264; 
567; 0; 1715.2512; 170; 264.2; 
567; 0; 1718.0549; 170; 264.4; 
567; 0; 1720.8563; 170; 264.6; 
567; 0; 1722.2528; 170; 264.8; 
567; 0; 1723.6489; 170; 265; 
567; 0; 1726.4491; 170; 265.2; 
567; 0; 1726.4433; 170; 265.4; 
567; 0; 1727.8428; 170; 265.6; 
567; 0; 1727.8407; 170; 265.8; 
567; 0; 1727.8407; 170; 266; 
567; 0; 1727.8425; 170; 266.2; 
567; 0; 1727.8458; 170; 266.4; 
567; 0; 1727.8501; 170; 266.6; 
567; 0; 1729.2584; 170; 266.8; 
567; 0; 1729.2629; 170; 267; 
567; 0; 1729.2669; 170; 267.2; 
567; 0; 1730.6736; 170; 267.4; 
567; 0; 1730.6756; 170; 267.6; 
567; 0; 1732.0801; 170; 267.8; 
567; 0; 1733.427; 170; 268; 
567; 0; 1734.7288; 170; 268.2; 
567; 0; 1736.0277; 170; 268.4; 
567; 0; 1736.0186; 170; 268.6; 
567; 0; 1737.3103; 170; 268.8; 
567; 0; 1737.2948; 170; 269; 
567; 0; 1735.9734; 170; 269.2; 
567; 0; 1734.6523; 170; 269.4; 
567; 0; 1733.3334; 170; 269.6; 
567; 0; 1729.1599; 170; 269.8; 
567; 0; 1726.3459; 170; 270; 
567; 0; 1722.1334; 170; 270.2; 
567; 0; 1717.9259; 170; 270.4; 
567; 0; 1713.7225; 170; 270.6; 
567; 0; 1708.1182; 170; 270.8; 
567; 0; 1703.9187; 170; 271; 
567; 0; 1701.1225; 170; 271.2; 
567; 0; 1696.9212; 170; 271.4; 
567; 0; 1694.1211; 170; 271.6; 
567; 0; 1691.3183; 170; 271.8; 
567; 0; 1688.5127; 170; 272; 
567; 0; 1685.7047; 170; 272.2; 
567; 0; 1684.2984; 170; 272.4; 
567; 0; 1681.4874; 170; 272.6; 
567; 0; 1678.6758; 170; 272.8; 
567; 0; 1675.8645; 170; 273; 
567; 0; 1674.4576; 170; 273.2; 
567; 0; 1671.6481; 170; 273.4; 
567; 0; 1668.8398; 170; 273.6; 
567; 0; 1666.0327; 170; 273.8; 
567; 0; 1663.2265; 170; 274; 
567; 0; 1660.4211; 170; 274.2; 
567; 0; 1657.6161; 170; 274.4; 
567; 0; 1656.2227; 170; 274.6; 
567; 0; 1653.5073; 170; 274.8; 
567; 0; 1652.1503; 170; 275; 
567; 0; 1649.4339; 170; 275.2; 
567; 0; 1648.0757; 170; 275.4; 
567; 0; 1646.7168; 170; 275.6; 
567; 0; 1645.3576; 170; 275.8; 
567; 0; 1643.9981; 170; 276; 
567; 0; 1642.6385; 170; 276.2; 
567; 0; 1641.279; 170; 276.4; 
567; 0; 1639.9198; 170; 276.6; 
567; 0; 1638.5609; 170; 276.8; 
567; 0; 1637.2023; 170; 277; 
567; 0; 1635.8439; 170; 277.2; 
567; 0; 1634.4858; 170; 277.4; 
567; 0; 1633.1278; 170; 277.6; 
567; 0; 1631.7699; 170; 277.8; 
567; 0; 1630.4118; 170; 278; 
567; 0; 1629.0536; 170; 278.2; 
567; 0; 1629.054; 170; 278.4; 
567; 0; 1627.6955; 170; 278.6; 
567; 0; 1626.3369; 170; 278.8; 
567; 0; 1626.3369; 170; 279; 
567; 0; 1624.9782; 170; 279.2; 
567; 0; 1623.6195; 170; 279.4; 
567; 0; 1623.6198; 170; 279.6; 
567; 0; 1622.2613; 170; 279.8; 
567; 0; 1622.2616; 170; 280; 
567; 0; 1620.9031; 170; 280.2; 
567; 0; 1620.9035; 170; 280.4; 
567; 0; 1619.5451; 170; 280.6; 
567; 0; 1619.5455; 170; 280.8; 
567; 0; 1619.5459; 170; 281; 
567; 0; 1618.1874; 170; 281.2; 
567; 0; 1618.1877; 170; 281.4; 
567; 0; 1616.8294; 170; 281.6; 
567; 0; 1616.8298; 170; 281.8; 
567; 0; 1616.8301; 170; 282; 
567; 0; 1616.8304; 170; 282.2; 
567; 0; 1615.472; 170; 282.4; 
567; 0; 1615.4724; 170; 282.6; 
567; 0; 1615.4729; 170; 282.8; 
567; 0; 1615.4734; 170; 283; 
567; 0; 1614.1151; 170; 283.2; 
567; 0; 1614.1157; 170; 283.4; 
567; 0; 1614.1162; 170; 283.6; 
567; 0; 1614.1166; 170; 283.8; 
567; 0; 1614.1169; 170; 284; 
567; 0; 1612.7584; 170; 284.2; 
567; 0; 1612.7587; 170; 284.4; 
567; 0; 1612.759; 170; 284.6; 
567; 0; 1612.7594; 170; 284.8; 
567; 0; 1612.7598; 170; 285; 
567; 0; 1612.7602; 170; 285.2; 
567; 0; 1612.7606; 170; 285.4; 
567; 0; 1612.761; 170; 285.6; 
567; 0; 1612.7614; 170; 285.8; 
567; 0; 1612.7619; 170; 286; 
567; 0; 1611.4036; 170; 286.2; 
567; 0; 1611.4041; 170; 286.4; 
567; 0; 1611.4046; 170; 286.6; 
567; 0; 1611.405; 170; 286.8; 
567; 0; 1611.4054; 170; 287; 
567; 0; 1611.4059; 170; 287.2; 
567; 0; 1611.4064; 170; 287.4; 
567; 0; 1611.4068; 170; 287.6; 
567; 0; 1611.4073; 170; 287.8; 
567; 0; 1611.4078; 170; 288; 
567; 0; 1611.4083; 170; 288.2; 
567; 0; 1612.7677; 170; 288.4; 
567; 0; 1612.7687; 170; 288.6; 
567; 0; 1612.7702; 170; 288.8; 
567; 0; 1612.7724; 170; 289; 
567; 0; 1612.7748; 170; 289.2; 
567; 0; 1612.7773; 170; 289.4; 
567; 0; 1612.7797; 170; 289.6; 
567; 0; 1612.7813; 170; 289.8; 
567; 0; 1614.1408; 170; 290; 
567; 0; 1614.1404; 170; 290.2; 
567; 0; 1614.1393; 170; 290.4; 
567; 0; 1614.1375; 170; 290.6; 
567; 0; 1615.4942; 170; 290.8; 
567; 0; 1615.4922; 170; 291; 
567; 0; 1615.4904; 170; 291.2; 
567; 0; 1615.4892; 170; 291.4; 
567; 0; 1615.4884; 170; 291.6; 
567; 0; 1615.4884; 170; 291.8; 
567; 0; 1615.4889; 170; 292; 
567; 0; 1615.4898; 170; 292.2; 
567; 0; 1615.4909; 170; 292.4; 
567; 0; 1615.4922; 170; 292.6; 
567; 0; 1614.1348; 170; 292.8; 
567; 0; 1614.136; 170; 293; 
567; 0; 1614.1371; 170; 293.2; 
567; 0; 1614.1381; 170; 293.4; 
567; 0; 1614.1389; 170; 293.6; 
567; 0; 1614.1394; 170; 293.8; 
567; 0; 1614.1399; 170; 294; 
567; 0; 1614.1403; 170; 294.2; 
567; 0; 1614.1407; 170; 294.4; 
567; 0; 1614.141; 170; 294.6; 
567; 0; 1614.1414; 170; 294.8; 
567; 0; 1614.1419; 170; 295; 
567; 0; 1614.1424; 170; 295.2; 
567; 0; 1614.1428; 170; 295.4; 
567; 0; 1614.1431; 170; 295.6; 
567; 0; 1614.1434; 170; 295.8; 
567; 0; 1614.1439; 170; 296; 
567; 0; 1614.1444; 170; 296.2; 
567; 0; 1614.145; 170; 296.4; 
567; 0; 1614.1456; 170; 296.6; 
567; 0; 1614.1461; 170; 296.8; 
567; 0; 1614.1465; 170; 297; 
567; 0; 1614.1469; 170; 297.2; 
567; 0; 1614.1474; 170; 297.4; 
567; 0; 1614.1478; 170; 297.6; 
567; 0; 1614.1481; 170; 297.8; 
567; 0; 1614.1485; 170; 298; 
567; 0; 1615.508; 170; 298.2; 
567; 0; 1615.5102; 170; 298.4; 
567; 0; 1615.515; 170; 298.6; 
567; 0; 1616.8824; 170; 298.8; 
567; 0; 1616.8957; 170; 299; 
567; 0; 1616.915; 170; 299.2; 
567; 0; 1616.9404; 170; 299.4; 
567; 0; 1618.3292; 170; 299.6; 
567; 0; 1619.7197; 170; 299.8; 
567; 0; 1623.826; 170; 300; 
567; 0; 1627.9272; 170; 300.2; 
567; 0; 1634.7379; 170; 300.4; 
567; 0; 1642.8978; 170; 300.6; 
567; 0; 1651.0474; 170; 300.8; 
567; 0; 1659.2549; 170; 301; 
567; 0; 1667.6578; 170; 301.2; 
567; 0; 1674.6519; 170; 301.4; 
567; 0; 1680.24; 170; 301.6; 
567; 0; 1685.8285; 170; 301.8; 
567; 0; 1688.6126; 170; 302; 
567; 0; 1691.4017; 170; 302.2; 
567; 0; 1694.1969; 170; 302.4; 
567; 0; 1694.1918; 170; 302.6; 
567; 0; 1695.5969; 170; 302.8; 
567; 0; 1695.6039; 170; 303; 
567; 0; 1695.615; 170; 303.2; 
567; 0; 1697.0322; 170; 303.4; 
567; 0; 1698.4502; 170; 303.6; 
567; 0; 1699.8672; 170; 303.8; 
567; 0; 1701.2819; 170; 304; 
567; 0; 1704.0971; 170; 304.2; 
567; 0; 1706.9086; 170; 304.4; 
567; 0; 1711.1201; 170; 304.6; 
567; 0; 1713.9247; 170; 304.8; 
567; 0; 1716.7266; 170; 305; 
567; 0; 1718.1233; 170; 305.2; 
567; 0; 1720.923; 170; 305.4; 
567; 0; 1722.3193; 170; 305.6; 
567; 0; 1723.7167; 170; 305.8; 
567; 0; 1723.7121; 170; 306; 
567; 0; 1723.7095; 170; 306.2; 
567; 0; 1725.1126; 170; 306.4; 
567; 0; 1725.114; 170; 306.6; 
567; 0; 1725.1169; 170; 306.8; 
567; 0; 1725.1209; 170; 307; 
567; 0; 1725.1255; 170; 307.2; 
567; 0; 1725.1301; 170; 307.4; 
567; 0; 1726.5377; 170; 307.6; 
567; 0; 1726.5409; 170; 307.8; 
567; 0; 1727.9466; 170; 308; 
567; 0; 1729.3512; 170; 308.2; 
567; 0; 1729.3511; 170; 308.4; 
567; 0; 1730.7537; 170; 308.6; 
567; 0; 1730.752; 170; 308.8; 
567; 0; 1732.1535; 170; 309; 
567; 0; 1732.1512; 170; 309.2; 
567; 0; 1732.1491; 170; 309.4; 
567; 0; 1732.1475; 170; 309.6; 
567; 0; 1732.1465; 170; 309.8; 
567; 0; 1732.1462; 170; 310; 
567; 0; 1732.1465; 170; 310.2; 
567; 0; 1732.1473; 170; 310.4; 
567; 0; 1732.1486; 170; 310.6; 
567; 0; 1732.1502; 170; 310.8; 
567; 0; 1732.1519; 170; 311; 
567; 0; 1732.1536; 170; 311.2; 
567; 0; 1732.155; 170; 311.4; 
567; 0; 1732.156; 170; 311.6; 
567; 0; 1733.4987; 170; 311.8; 
567; 0; 1733.4989; 170; 312; 
567; 0; 1733.4988; 170; 312.2; 
567; 0; 1733.4985; 170; 312.4; 
567; 0; 1733.4979; 170; 312.6; 
567; 0; 1733.4973; 170; 312.8; 
567; 0; 1733.4968; 170; 313; 
567; 0; 1733.4963; 170; 313.2; 
567; 0; 1733.496; 170; 313.4; 
567; 0; 1733.4956; 170; 313.6; 
567; 0; 1733.4943; 170; 313.8; 
567; 0; 1734.7951; 170; 314; 
567; 0; 1734.7881; 170; 314.2; 
567; 0; 1734.7772; 170; 314.4; 
567; 0; 1734.7628; 170; 314.6; 
567; 0; 1733.4418; 170; 314.8; 
567; 0; 1732.0772; 170; 315; 
567; 0; 1729.2535; 170; 315.2; 
567; 0; 1725.0295; 170; 315.4; 
567; 0; 1722.2138; 170; 315.6; 
567; 0; 1717.9998; 170; 315.8; 
567; 0; 1712.3871; 170; 316; 
567; 0; 1708.1822; 170; 316.2; 
567; 0; 1703.9804; 170; 316.4; 
567; 0; 1698.3765; 170; 316.6; 
567; 0; 1694.1763; 170; 316.8; 
567; 0; 1689.9751; 170; 317; 
567; 0; 1687.1754; 170; 317.2; 
567; 0; 1684.3732; 170; 317.4; 
567; 0; 1680.1646; 170; 317.6; 
567; 0; 1677.3574; 170; 317.8; 
567; 0; 1674.5483; 170; 318; 
567; 0; 1671.7381; 170; 318.2; 
567; 0; 1670.3313; 170; 318.4; 
567; 0; 1667.5209; 170; 318.6; 
567; 0; 1664.711; 170; 318.8; 
567; 0; 1661.902; 170; 319; 
567; 0; 1659.0939; 170; 319.2; 
567; 0; 1656.2993; 170; 319.4; 
567; 0; 1653.5826; 170; 319.6; 
567; 0; 1650.8665; 170; 319.8; 
567; 0; 1648.1507; 170; 320; 
567; 0; 1646.7938; 170; 320.2; 
567; 0; 1644.078; 170; 320.4; 
567; 0; 1642.7208; 170; 320.6; 
567; 0; 1641.3632; 170; 320.8; 
567; 0; 1638.6463; 170; 321; 
567; 0; 1637.2877; 170; 321.2; 
567; 0; 1635.9289; 170; 321.4; 
567; 0; 1634.5699; 170; 321.6; 
567; 0; 1633.2108; 170; 321.8; 
567; 0; 1631.8517; 170; 322; 
567; 0; 1630.4925; 170; 322.2; 
567; 0; 1629.1336; 170; 322.4; 
567; 0; 1627.7747; 170; 322.6; 
567; 0; 1626.4161; 170; 322.8; 
567; 0; 1625.0576; 170; 323; 
567; 0; 1623.6993; 170; 323.2; 
567; 0; 1622.341; 170; 323.4; 
567; 0; 1622.3414; 170; 323.6; 
567; 0; 1620.9831; 170; 323.8; 
567; 0; 1619.6246; 170; 324; 
567; 0; 1619.6249; 170; 324.2; 
567; 0; 1618.2665; 170; 324.4; 
567; 0; 1618.2667; 170; 324.6; 
567; 0; 1616.9083; 170; 324.8; 
567; 0; 1616.9086; 170; 325; 
567; 0; 1615.5501; 170; 325.2; 
567; 0; 1615.5503; 170; 325.4; 
567; 0; 1614.1918; 170; 325.6; 
567; 0; 1614.1921; 170; 325.8; 
567; 0; 1614.1924; 170; 326; 
567; 0; 1612.8339; 170; 326.2; 
567; 0; 1612.8342; 170; 326.4; 
567; 0; 1612.8345; 170; 326.6; 
567; 0; 1611.4759; 170; 326.8; 
567; 0; 1611.4762; 170; 327; 
567; 0; 1611.4764; 170; 327.2; 
567; 0; 1611.4767; 170; 327.4; 
567; 0; 1610.1182; 170; 327.6; 
567; 0; 1610.1186; 170; 327.8; 
567; 0; 1610.119; 170; 328; 
567; 0; 1610.1194; 170; 328.2; 
567; 0; 1610.1198; 170; 328.4; 
567; 0; 1610.1202; 170; 328.6; 
567; 0; 1608.7617; 170; 328.8; 
567; 0; 1608.7621; 170; 329; 
567; 0; 1608.7623; 170; 329.2; 
567; 0; 1608.7626; 170; 329.4; 
567; 0; 1608.763; 170; 329.6; 
567; 0; 1608.7635; 170; 329.8; 
567; 0; 1608.7639; 170; 330; 
567; 0; 1608.7645; 170; 330.2; 
567; 0; 1608.765; 170; 330.4; 
567; 0; 1608.7654; 170; 330.6; 
567; 0; 1608.7658; 170; 330.8; 
567; 0; 1608.7661; 170; 331; 
567; 0; 1607.4076; 170; 331.2; 
567; 0; 1607.4079; 170; 331.4; 
567; 0; 1607.4081; 170; 331.6; 
567; 0; 1607.4083; 170; 331.8; 
567; 0; 1607.4085; 170; 332; 
567; 0; 1607.4089; 170; 332.2; 
567; 0; 1607.4094; 170; 332.4; 
567; 0; 1607.4099; 170; 332.6; 
567; 0; 1607.4102; 170; 332.8; 
567; 0; 1607.4105; 170; 333; 
567; 0; 1607.4108; 170; 333.2; 
567; 0; 1607.411; 170; 333.4; 
567; 0; 1608.7701; 170; 333.6; 
567; 0; 1608.7704; 170; 333.8; 
567; 0; 1608.7708; 170; 334; 
567; 0; 1608.7714; 170; 334.2; 
567; 0; 1608.7719; 170; 334.4; 
567; 0; 1608.7724; 170; 334.6; 
567; 0; 1608.7729; 170; 334.8; 
567; 0; 1608.7732; 170; 335; 
567; 0; 1608.7735; 170; 335.2; 
567; 0; 1608.7737; 170; 335.4; 
567; 0; 1608.774; 170; 335.6; 
567; 0; 1608.7743; 170; 335.8; 
567; 0; 1608.7747; 170; 336; 
567; 0; 1608.7751; 170; 336.2; 
567; 0; 1608.7755; 170; 336.4; 
567; 0; 1608.7759; 170; 336.6; 
567; 0; 1608.7763; 170; 336.8; 
567; 0; 1608.7767; 170; 337; 
567; 0; 1608.7771; 170; 337.2; 
567; 0; 1608.7774; 170; 337.4; 
567; 0; 1608.7778; 170; 337.6; 
567; 0; 1608.7782; 170; 337.8; 
567; 0; 1608.7785; 170; 338; 
567; 0; 1608.7789; 170; 338.2; 
567; 0; 1608.7792; 170; 338.4; 
567; 0; 1608.7796; 170; 338.6; 
567; 0; 1610.1386; 170; 338.8; 
567; 0; 1610.1388; 170; 339; 
567; 0; 1610.139; 170; 339.2; 
567; 0; 1610.1393; 170; 339.4; 
567; 0; 1610.1396; 170; 339.6; 
567; 0; 1610.1399; 170; 339.8; 
567; 0; 1610.1403; 170; 340; 
567; 0; 1610.1406; 170; 340.2; 
567; 0; 1610.1409; 170; 340.4; 
567; 0; 1610.1413; 170; 340.6; 
567; 0; 1610.1418; 170; 340.8; 
567; 0; 1610.1423; 170; 341; 
567; 0; 1610.1428; 170; 341.2; 
567; 0; 1610.1432; 170; 341.4; 
567; 0; 1610.1436; 170; 341.6; 
567; 0; 1610.1439; 170; 341.8; 
567; 0; 1610.1443; 170; 342; 
567; 0; 1610.1447; 170; 342.2; 
567; 0; 1611.5038; 170; 342.4; 
567; 0; 1611.5041; 170; 342.6; 
567; 0; 1611.5044; 170; 342.8; 
567; 0; 1611.5047; 170; 343; 
567; 0; 1611.505; 170; 343.2; 
567; 0; 1612.8642; 170; 343.4; 
567; 0; 1612.8645; 170; 343.6; 
567; 0; 1614.224; 170; 343.8; 
567; 0; 1614.2258; 170; 344; 
567; 0; 1615.5884; 170; 344.2; 
567; 0; 1615.5951; 170; 344.4; 
567; 0; 1616.9645; 170; 344.6; 
567; 0; 1616.9802; 170; 344.8; 
567; 0; 1617.0022; 170; 345; 
567; 0; 1617.0299; 170; 345.2; 
567; 0; 1618.4196; 170; 345.4; 
567; 0; 1621.1683; 170; 345.6; 
567; 0; 1625.2722; 170; 345.8; 
567; 0; 1630.7284; 170; 346; 
567; 0; 1637.5345; 170; 346.2; 
567; 0; 1645.6893; 170; 346.4; 
567; 0; 1653.8341; 170; 346.6; 
567; 0; 1662.1232; 170; 346.8; 
567; 0; 1670.523; 170; 347; 
567; 0; 1676.1119; 170; 347.2; 
567; 0; 1681.6998; 170; 347.4; 
567; 0; 1685.8858; 170; 347.6; 
567; 0; 1688.6722; 170; 347.8; 
567; 0; 1691.4644; 170; 348; 
567; 0; 1692.8597; 170; 348.2; 
567; 0; 1692.8582; 170; 348.4; 
567; 0; 1694.2665; 170; 348.6; 
567; 0; 1694.276; 170; 348.8; 
567; 0; 1694.2888; 170; 349; 
567; 0; 1695.7066; 170; 349.2; 
567; 0; 1697.1239; 170; 349.4; 
567; 0; 1698.5394; 170; 349.6; 
567; 0; 1701.3556; 170; 349.8; 
567; 0; 1704.1682; 170; 350; 
567; 0; 1706.9773; 170; 350.2; 
567; 0; 1709.7828; 170; 350.4; 
567; 0; 1712.5856; 170; 350.6; 
567; 0; 1715.3863; 170; 350.8; 
567; 0; 1716.7825; 170; 351; 
567; 0; 1718.1787; 170; 351.2; 
567; 0; 1719.5756; 170; 351.4; 
567; 0; 1720.9735; 170; 351.6; 
567; 0; 1720.9683; 170; 351.8; 
567; 0; 1722.3666; 170; 352; 
567; 0; 1722.3608; 170; 352.2; 
567; 0; 1722.3543; 170; 352.4; 
567; 0; 1722.3469; 170; 352.6; 
567; 0; 1720.9354; 170; 352.8; 
567; 0; 1720.9275; 170; 353; 
567; 0; 1719.5167; 170; 353.2; 
567; 0; 1716.7034; 170; 353.4; 
567; 0; 1715.2955; 170; 353.6; 
567; 0; 1712.486; 170; 353.8; 
567; 0; 1709.6785; 170; 354; 
567; 0; 1706.8729; 170; 354.2; 
567; 0; 1702.6651; 170; 354.4; 
567; 0; 1699.862; 170; 354.6; 
567; 0; 1697.0593; 170; 354.8; 
567; 0; 1694.2564; 170; 355; 
567; 0; 1691.4529; 170; 355.2; 
567; 0; 1690.0519; 170; 355.4; 
567; 0; 1687.246; 170; 355.6; 
567; 0; 1684.4389; 170; 355.8; 
567; 0; 1683.0344; 170; 356; 
567; 0; 1680.2254; 170; 356.2; 
567; 0; 1678.8197; 170; 356.4; 
567; 0; 1676.01; 170; 356.6; 
567; 0; 1673.2005; 170; 356.8; 
567; 0; 1671.7951; 170; 357; 
567; 0; 1668.9866; 170; 357.2; 
567; 0; 1666.1787; 170; 357.4; 
567; 0; 1664.7751; 170; 357.6; 
567; 0; 1661.9682; 170; 357.8; 
567; 0; 1660.5652; 170; 358; 
567; 0; 1657.7588; 170; 358.2; 
567; 0; 1656.3728; 170; 358.4; 
567; 0; 1653.656; 170; 358.6; 
567; 0; 1652.2978; 170; 358.8; 
567; 0; 1650.9393; 170; 359; 
567; 0; 1649.5805; 170; 359.2; 
567; 0; 1646.8627; 170; 359.4; 
567; 0; 1645.5035; 170; 359.6; 
567; 0; 1644.1441; 170; 359.8; 
567; 0; 1642.7848; 170; 360; 
567; 0; 1641.4256; 170; 360.2; 
567; 0; 1640.0664; 170; 360.4; 
567; 0; 1638.7074; 170; 360.6; 
567; 0; 1637.3484; 170; 360.8; 
567; 0; 1635.9896; 170; 361; 
567; 0; 1634.6309; 170; 361.2; 
567; 0; 1633.2722; 170; 361.4; 
567; 0; 1633.2725; 170; 361.6; 
567; 0; 1631.914; 170; 361.8; 
567; 0; 1630.5553; 170; 362; 
567; 0; 1629.1967; 170; 362.2; 
567; 0; 1627.838; 170; 362.4; 
567; 0; 1627.8382; 170; 362.6; 
567; 0; 1626.4796; 170; 362.8; 
567; 0; 1626.4796; 170; 363; 
567; 0; 1625.1208; 170; 363.2; 
567; 0; 1623.762; 170; 363.4; 
567; 0; 1623.762; 170; 363.6; 
567; 0; 1622.4031; 170; 363.8; 
567; 0; 1622.4031; 170; 364; 
567; 0; 1621.0444; 170; 364.2; 
567; 0; 1621.0446; 170; 364.4; 
567; 0; 1619.6861; 170; 364.6; 
567; 0; 1619.6864; 170; 364.8; 
567; 0; 1618.328; 170; 365; 
567; 0; 1618.3282; 170; 365.2; 
567; 0; 1618.3282; 170; 365.4; 
567; 0; 1616.9695; 170; 365.6; 
567; 0; 1616.9695; 170; 365.8; 
567; 0; 1616.9695; 170; 366; 
567; 0; 1615.6107; 170; 366.2; 
567; 0; 1615.6109; 170; 366.4; 
567; 0; 1615.611; 170; 366.6; 
567; 0; 1614.2524; 170; 366.8; 
567; 0; 1614.2526; 170; 367; 
567; 0; 1614.2528; 170; 367.2; 
567; 0; 1614.2532; 170; 367.4; 
567; 0; 1612.8948; 170; 367.6; 
567; 0; 1612.8954; 170; 367.8; 
567; 0; 1612.8958; 170; 368; 
567; 0; 1612.8961; 170; 368.2; 
567; 0; 1611.5374; 170; 368.4; 
567; 0; 1611.5376; 170; 368.6; 
567; 0; 1611.5378; 170; 368.8; 
567; 0; 1611.5381; 170; 369; 
567; 0; 1611.5383; 170; 369.2; 
567; 0; 1611.5386; 170; 369.4; 
567; 0; 1611.5388; 170; 369.6; 
567; 0; 1610.1801; 170; 369.8; 
567; 0; 1610.1803; 170; 370; 
567; 0; 1610.1806; 170; 370.2; 
567; 0; 1610.1809; 170; 370.4; 
567; 0; 1610.1813; 170; 370.6; 
567; 0; 1610.1816; 170; 370.8; 
567; 0; 1610.182; 170; 371; 
567; 0; 1610.1823; 170; 371.2; 
567; 0; 1610.1825; 170; 371.4; 
567; 0; 1610.1827; 170; 371.6; 
567; 0; 1610.1829; 170; 371.8; 
567; 0; 1610.1832; 170; 372; 
567; 0; 1610.1834; 170; 372.2; 
567; 0; 1610.1836; 170; 372.4; 
567; 0; 1608.825; 170; 372.6; 
567; 0; 1608.8252; 170; 372.8; 
567; 0; 1608.8255; 170; 373; 
567; 0; 1608.8258; 170; 373.2; 
567; 0; 1608.8263; 170; 373.4; 
567; 0; 1608.8268; 170; 373.6; 
567; 0; 1608.8273; 170; 373.8; 
567; 0; 1608.8277; 170; 374; 
567; 0; 1608.828; 170; 374.2; 
567; 0; 1608.8282; 170; 374.4; 
567; 0; 1608.8283; 170; 374.6; 
567; 0; 1608.8284; 170; 374.8; 
567; 0; 1608.8286; 170; 375; 
567; 0; 1608.829; 170; 375.2; 
567; 0; 1608.8293; 170; 375.4; 
567; 0; 1608.8295; 170; 375.6; 
567; 0; 1608.8297; 170; 375.8; 
567; 0; 1608.8299; 170; 376; 
567; 0; 1608.8302; 170; 376.2; 
567; 0; 1608.8306; 170; 376.4; 
567; 0; 1608.831; 170; 376.6; 
567; 0; 1608.8313; 170; 376.8; 
567; 0; 1608.8316; 170; 377; 
567; 0; 1610.1906; 170; 377.2; 
567; 0; 1610.1908; 170; 377.4; 
567; 0; 1610.1909; 170; 377.6; 
567; 0; 1610.1911; 170; 377.8; 
567; 0; 1610.1915; 170; 378; 
567; 0; 1610.1919; 170; 378.2; 
567; 0; 1610.1924; 170; 378.4; 
567; 0; 1610.1927; 170; 378.6; 
567; 0; 1610.193; 170; 378.8; 
567; 0; 1611.5519; 170; 379; 
567; 0; 1611.552; 170; 379.2; 
567; 0; 1611.5521; 170; 379.4; 
567; 0; 1611.5523; 170; 379.6; 
567; 0; 1611.5526; 170; 379.8; 
567; 0; 1611.5529; 170; 380; 
567; 0; 1611.5534; 170; 380.2; 
567; 0; 1612.9128; 170; 380.4; 
567; 0; 1612.9134; 170; 380.6; 
567; 0; 1612.9138; 170; 380.8; 
567; 0; 1612.9142; 170; 381; 
567; 0; 1612.9145; 170; 381.2; 
567; 0; 1612.9147; 170; 381.4; 
567; 0; 1612.9148; 170; 381.6; 
567; 0; 1614.2737; 170; 381.8; 
567; 0; 1614.2739; 170; 382; 
567; 0; 1614.2742; 170; 382.2; 
567; 0; 1614.2744; 170; 382.4; 
567; 0; 1614.2747; 170; 382.6; 
567; 0; 1614.2749; 170; 382.8; 
567; 0; 1614.2752; 170; 383; 
567; 0; 1614.2754; 170; 383.2; 
567; 0; 1614.2757; 170; 383.4; 
567; 0; 1614.276; 170; 383.6; 
567; 0; 1614.2762; 170; 383.8; 
567; 0; 1614.2764; 170; 384; 
567; 0; 1614.2766; 170; 384.2; 
567; 0; 1614.277; 170; 384.4; 
567; 0; 1614.2774; 170; 384.6; 
567; 0; 1614.2777; 170; 384.8; 
567; 0; 1614.278; 170; 385; 
567; 0; 1614.2784; 170; 385.2; 
567; 0; 1614.2787; 170; 385.4; 
567; 0; 1615.6376; 170; 385.6; 
567; 0; 1615.6378; 170; 385.8; 
567; 0; 1615.638; 170; 386; 
567; 0; 1615.6381; 170; 386.2; 
567; 0; 1615.6383; 170; 386.4; 
567; 0; 1615.6386; 170; 386.6; 
567; 0; 1615.6389; 170; 386.8; 
567; 0; 1615.6393; 170; 387; 
567; 0; 1615.6396; 170; 387.2; 
567; 0; 1615.6399; 170; 387.4; 
567; 0; 1615.6401; 170; 387.6; 
567; 0; 1615.6402; 170; 387.8; 
567; 0; 1615.6404; 170; 388; 
567; 0; 1615.6406; 170; 388.2; 
567; 0; 1615.6409; 170; 388.4; 
567; 0; 1615.6411; 170; 388.6; 
567; 0; 1615.6414; 170; 388.8; 
567; 0; 1615.6416; 170; 389; 
567; 0; 1615.6418; 170; 389.2; 
567; 0; 1615.6421; 170; 389.4; 
567; 0; 1615.6425; 170; 389.6; 
567; 0; 1615.6429; 170; 389.8; 
567; 0; 1614.2844; 170; 390; 
567; 0; 1614.2848; 170; 390.2; 
567; 0; 1614.2851; 170; 390.4; 
567; 0; 1614.2853; 170; 390.6; 
567; 0; 1614.2856; 170; 390.8; 
567; 0; 1614.286; 170; 391; 
567; 0; 1614.2863; 170; 391.2; 
567; 0; 1614.2864; 170; 391.4; 
567; 0; 1614.2866; 170; 391.6; 
567; 0; 1614.2867; 170; 391.8; 
567; 0; 1615.6456; 170; 392; 
567; 0; 1615.6456; 170; 392.2; 
567; 0; 1615.6457; 170; 392.4; 
567; 0; 1615.6459; 170; 392.6; 
567; 0; 1615.6463; 170; 392.8; 
567; 0; 1615.6466; 170; 393; 
567; 0; 1615.6468; 170; 393.2; 
567; 0; 1615.647; 170; 393.4; 
567; 0; 1615.6472; 170; 393.6; 
567; 0; 1615.6474; 170; 393.8; 
567; 0; 1615.6478; 170; 394; 
567; 0; 1615.6481; 170; 394.2; 
567; 0; 1615.6485; 170; 394.4; 
567; 0; 1615.6487; 170; 394.6; 
567; 0; 1614.2902; 170; 394.8; 
567; 0; 1614.2904; 170; 395; 
567; 0; 1614.2906; 170; 395.2; 
567; 0; 1614.2907; 170; 395.4; 
567; 0; 1614.2908; 170; 395.6; 
567; 0; 1614.291; 170; 395.8; 
567; 0; 1614.2913; 170; 396; 
567; 0; 1614.2916; 170; 396.2; 
567; 0; 1614.2919; 170; 396.4; 
567; 0; 1614.2922; 170; 396.6; 
567; 0; 1614.2926; 170; 396.8; 
567; 0; 1614.2928; 170; 397; 
567; 0; 1614.293; 170; 397.2; 
567; 0; 1614.2933; 170; 397.4; 
567; 0; 1614.2936; 170; 397.6; 
567; 0; 1614.2939; 170; 397.8; 
567; 0; 1615.6529; 170; 398; 
567; 0; 1615.6531; 170; 398.2; 
567; 0; 1615.6533; 170; 398.4; 
567; 0; 1615.6535; 170; 398.6; 
567; 0; 1615.6538; 170; 398.8; 
567; 0; 1615.6541; 170; 399; 
567; 0; 1615.6542; 170; 399.2; 
567; 0; 1615.6542; 170; 399.4; 
567; 0; 1615.6541; 170; 399.6; 
567; 0; 1615.6541; 170; 399.8; 
567; 0; 1615.6544; 170; 400; 
567; 0; 1615.6548; 170; 400.2; 
567; 0; 1614.2964; 170; 400.4; 
567; 0; 1614.2968; 170; 400.6; 
567; 0; 1614.2972; 170; 400.8; 
567; 0; 1614.2975; 170; 401; 
567; 0; 1614.2977; 170; 401.2; 
567; 0; 1614.298; 170; 401.4; 
567; 0; 1614.2984; 170; 401.6; 
567; 0; 1614.2987; 170; 401.8; 
567; 0; 1614.2991; 170; 402; 
567; 0; 1614.2993; 170; 402.2; 
567; 0; 1614.2995; 170; 402.4; 
567; 0; 1614.2997; 170; 402.6; 
567; 0; 1614.2998; 170; 402.8; 
567; 0; 1614.3; 170; 403; 
567; 0; 1614.3001; 170; 403.2; 
567; 0; 1614.3002; 170; 403.4; 
567; 0; 1614.3003; 170; 403.6; 
567; 0; 1614.3004; 170; 403.8; 
567; 0; 1614.3004; 170; 404; 
567; 0; 1614.3005; 170; 404.2; 
567; 0; 1614.3007; 170; 404.4; 
567; 0; 1614.3009; 170; 404.6; 
567; 0; 1614.3012; 170; 404.8; 
567; 0; 1614.3016; 170; 405; 
567; 0; 1614.3021; 170; 405.2; 
567; 0; 1614.3025; 170; 405.4; 
567; 0; 1614.3029; 170; 405.6; 
567; 0; 1614.3033; 170; 405.8; 
567; 0; 1614.3036; 170; 406; 
567; 0; 1615.6627; 170; 406.2; 
567; 0; 1615.6628; 170; 406.4; 
567; 0; 1615.6628; 170; 406.6; 
567; 0; 1615.6628; 170; 406.8; 
567; 0; 1615.6629; 170; 407; 
567; 0; 1615.6631; 170; 407.2; 
567; 0; 1615.6633; 170; 407.4; 
567; 0; 1615.6636; 170; 407.6; 
567; 0; 1614.3051; 170; 407.8; 
567; 0; 1614.3055; 170; 408; 
567; 0; 1614.3058; 170; 408.2; 
567; 0; 1614.3061; 170; 408.4; 
567; 0; 1614.3064; 170; 408.6; 
567; 0; 1614.3066; 170; 408.8; 
567; 0; 1614.3068; 170; 409; 
567; 0; 1614.307; 170; 409.2; 
567; 0; 1614.3071; 170; 409.4; 
567; 0; 1614.3073; 170; 409.6; 
567; 0; 1614.3074; 170; 409.8; 
567; 0; 1614.3075; 170; 410; 
567; 0; 1614.3078; 170; 410.2; 
567; 0; 1614.308; 170; 410.4; 
567; 0; 1614.3082; 170; 410.6; 
567; 0; 1614.3084; 170; 410.8; 
567; 0; 1614.3086; 170; 411; 
567; 0; 1600.7206; 170; 411.2; 
567; 0; 1313.5418; 170; 411.4; 
567; 0; 998.2672; 170; 411.6; 
567; 0; 965.9022; 170; 411.8; 
567; 0; 965.9025; 170; 412; 
567; 0; 965.9029; 170; 412.2; 
567; 0; 965.9034; 170; 412.4; 
567; 0; 965.9039; 170; 412.6; 
567; 0; 965.9045; 170; 412.8; 
567; 0; 965.9051; 170; 413; 
567; 0; 965.9058; 170; 413.2; 
567; 0; 965.9068; 170; 413.4; 
567; 0; 965.9079; 170; 413.6; 
567; 0; 965.9091; 170; 413.8; 
567; 0; 965.9105; 170; 414; 
567; 0; 965.912; 170; 414.2; 
567; 0; 965.9136; 170; 414.4; 
567; 0; 965.9151; 170; 414.6; 
567; 0; 965.9168; 170; 414.8; 
567; 0; 965.9185; 170; 415; 
567; 0; 965.9203; 170; 415.2; 
567; 0; 965.9222; 170; 415.4; 
567; 0; 965.9244; 170; 415.6; 
567; 0; 965.9267; 170; 415.8; 
567; 0; 965.929; 170; 416; 
567; 0; 958.3349; 170; 416.2; 
567; 0; 958.3374; 170; 416.4; 
567; 0; 958.3401; 170; 416.6; 
567; 0; 958.3427; 170; 416.8; 
567; 0; 958.3453; 170; 417; 
567; 0; 958.348; 170; 417.2; 
567; 0; 958.3507; 170; 417.4; 
567; 0; 958.3531; 170; 417.6; 
567; 0; 958.3553; 170; 417.8; 
567; 0; 958.3576; 170; 418; 
567; 0; 958.3599; 170; 418.2; 
567; 0; 958.3623; 170; 418.4; 
567; 0; 958.3647; 170; 418.6; 
567; 0; 958.3671; 170; 418.8; 
567; 0; 958.3696; 170; 419; 
567; 0; 958.3721; 170; 419.2; 
567; 0; 958.3746; 170; 419.4; 
567; 0; 958.3771; 170; 419.6; 
567; 0; 958.3796; 170; 419.8; 
567; 0; 958.3822; 170; 420; 
567; 0; 958.3848; 170; 420.2; 
567; 0; 951.0718; 170; 420.4; 
567; 0; 951.0742; 170; 420.6; 
567; 0; 951.0765; 170; 420.8; 
567; 0; 951.0789; 170; 421; 
567; 0; 951.0811; 170; 421.2; 
567; 0; 951.0833; 170; 421.4; 
567; 0; 951.0854; 170; 421.6; 
567; 0; 951.0874; 170; 421.8; 
567; 0; 951.0896; 170; 422; 
567; 0; 951.0918; 170; 422.2; 
567; 0; 951.094; 170; 422.4; 
567; 0; 951.0962; 170; 422.6; 
567; 0; 951.0985; 170; 422.8; 
567; 0; 951.101; 170; 423; 
567; 0; 951.1035; 170; 423.2; 
567; 0; 951.1058; 170; 423.4; 
567; 0; 951.1081; 170; 423.6; 
567; 0; 951.1103; 170; 423.8; 
567; 0; 951.1124; 170; 424; 
567; 0; 951.1146; 170; 424.2; 
567; 0; 951.1167; 170; 424.4; 
567; 0; 951.1188; 170; 424.6; 
567; 0; 951.121; 170; 424.8; 
567; 0; 944.088; 170; 425; 
567; 0; 944.0903; 170; 425.2; 
567; 0; 944.0925; 170; 425.4; 
567; 0; 944.0947; 170; 425.6; 
567; 0; 944.0968; 170; 425.8; 
567; 0; 944.0987; 170; 426; 
567; 0; 944.1007; 170; 426.2; 
567; 0; 944.1026; 170; 426.4; 
567; 0; 944.1045; 170; 426.6; 
567; 0; 944.1063; 170; 426.8; 
567; 0; 944.1082; 170; 427; 
567; 0; 944.1104; 170; 427.2; 
567; 0; 944.1127; 170; 427.4; 
567; 0; 944.1149; 170; 427.6; 
567; 0; 944.1171; 170; 427.8; 
567; 0; 944.1192; 170; 428; 
567; 0; 944.1213; 170; 428.2; 
567; 0; 944.1232; 170; 428.4; 
567; 0; 944.1251; 170; 428.6; 
567; 0; 944.127; 170; 428.8; 
567; 0; 944.1288; 170; 429; 
567; 0; 944.1307; 170; 429.2; 
567; 0; 944.1327; 170; 429.4; 
567; 0; 944.1347; 170; 429.6; 
567; 0; 944.1366; 170; 429.8; 
567; 0; 935.045; 170; 430; 
567; 0; 935.0469; 170; 430.2; 
567; 0; 935.0487; 170; 430.4; 
567; 0; 935.0505; 170; 430.6; 
567; 0; 935.0522; 170; 430.8; 
567; 0; 935.0541; 170; 431; 
567; 0; 935.0559; 170; 431.2; 
567; 0; 935.0577; 170; 431.4; 
567; 0; 935.0594; 170; 431.6; 
567; 0; 935.0613; 170; 431.8; 
567; 0; 935.0631; 170; 432; 
567; 0; 935.0648; 170; 432.2; 
567; 0; 935.0666; 170; 432.4; 
567; 0; 935.0684; 170; 432.6; 
567; 0; 935.0703; 170; 432.8; 
567; 0; 935.072; 170; 433; 
567; 0; 935.0738; 170; 433.2; 
567; 0; 935.0757; 170; 433.4; 
567; 0; 935.0775; 170; 433.6; 
567; 0; 935.0792; 170; 433.8; 
567; 0; 935.0809; 170; 434; 
567; 0; 935.0825; 170; 434.2; 
567; 0; 935.0841; 170; 434.4; 
567; 0; 935.0858; 170; 434.6; 
567; 0; 935.0876; 170; 434.8; 
567; 0; 935.0894; 170; 435; 
567; 0; 935.0913; 170; 435.2; 
567; 0; 935.093; 170; 435.4; 
567; 0; 926.329; 170; 435.6; 
567; 0; 926.3307; 170; 435.8; 
567; 0; 926.3324; 170; 436; 
567; 0; 926.334; 170; 436.2; 
567; 0; 926.3355; 170; 436.4; 
567; 0; 927.9138; 170; 436.6; 
567; 0; 943.6841; 170; 436.8; 
567; 0; 961.0312; 170; 437; 
567; 0; 976.8016; 170; 437.2; 
567; 0; 994.1491; 170; 437.4; 
567; 0; 1009.9197; 170; 437.6; 
567; 0; 1025.6903; 170; 437.8; 
567; 0; 1041.4609; 170; 438; 
567; 0; 1057.2314; 170; 438.2; 
567; 0; 1071.4249; 170; 438.4; 
567; 0; 1085.3679; 170; 438.6; 
567; 0; 1099.1567; 170; 438.8; 
567; 0; 1111.4136; 170; 439; 
567; 0; 1123.6706; 170; 439.2; 
567; 0; 1135.9275; 170; 439.4; 
567; 0; 1146.6525; 170; 439.6; 
567; 0; 1157.3774; 170; 439.8; 
567; 0; 1166.5702; 170; 440; 
567; 0; 1175.763; 170; 440.2; 
567; 0; 1184.9558; 170; 440.4; 
567; 0; 1194.1487; 170; 440.6; 
567; 0; 1201.8099; 170; 440.8; 
567; 0; 1209.4723; 170; 441; 
567; 0; 1217.1369; 170; 441.2; 
567; 0; 1224.8049; 170; 441.4; 
567; 0; 1231.3648; 170; 441.6; 
567; 0; 1236.3247; 170; 441.8; 
567; 0; 1242.9394; 170; 442; 
567; 0; 1247.9144; 170; 442.2; 
567; 0; 1254.5426; 170; 442.4; 
567; 0; 1260.7441; 170; 442.6; 
567; 0; 1268.1315; 170; 442.8; 
567; 0; 1278.4547; 170; 443; 
567; 0; 1288.7693; 170; 443.2; 
567; 0; 1302.0144; 170; 443.4; 
567; 0; 1315.2478; 170; 443.6; 
567; 0; 1318.7151; 170; 443.8; 
567; 0; 1331.8688; 170; 444; 
567; 0; 1343.5513; 170; 444.2; 
567; 0; 1353.7654; 170; 444.4; 
567; 0; 1361.0504; 170; 444.6; 
567; 0; 1368.3373; 170; 444.8; 
567; 0; 1372.701; 170; 445; 
567; 0; 1375.6073; 170; 445.2; 
567; 0; 1378.5215; 170; 445.4; 
567; 0; 1379.9801; 170; 445.6; 
567; 0; 1379.9827; 170; 445.8; 
567; 0; 1381.4558; 170; 446; 
567; 0; 1381.4698; 170; 446.2; 
567; 0; 1382.9507; 170; 446.4; 
567; 0; 1384.4323; 170; 446.6; 
567; 0; 1387.3767; 170; 446.8; 
567; 0; 1390.3184; 170; 447; 
567; 0; 1393.2564; 170; 447.2; 
567; 0; 1397.6539; 170; 447.4; 
567; 0; 1400.583; 170; 447.6; 
567; 0; 1404.9719; 170; 447.8; 
567; 0; 1407.8935; 170; 448; 
567; 0; 1410.8129; 170; 448.2; 
567; 0; 1413.7312; 170; 448.4; 
567; 0; 1415.1855; 170; 448.6; 
567; 0; 1416.6407; 170; 448.8; 
567; 0; 1418.0976; 170; 449; 
567; 0; 1418.0929; 170; 449.2; 
567; 0; 1419.5544; 170; 449.4; 
567; 0; 1419.5544; 170; 449.6; 
567; 0; 1419.5564; 170; 449.8; 
567; 0; 1419.56; 170; 450; 
567; 0; 1419.5647; 170; 450.2; 
567; 0; 1419.5697; 170; 450.4; 
567; 0; 1419.5745; 170; 450.6; 
567; 0; 1421.0418; 170; 450.8; 
567; 0; 1421.042; 170; 451; 
567; 0; 1422.5014; 170; 451.2; 
567; 0; 1423.955; 170; 451.4; 
567; 0; 1425.4026; 170; 451.6; 
567; 0; 1425.3813; 170; 451.8; 
567; 0; 1425.3569; 170; 452; 
567; 0; 1423.8681; 170; 452.2; 
567; 0; 1420.9186; 170; 452.4; 
567; 0; 1416.5097; 170; 452.6; 
567; 0; 1412.1068; 170; 452.8; 
567; 0; 1407.7105; 170; 453; 
567; 0; 1401.8566; 170; 453.2; 
567; 0; 1396.0086; 170; 453.4; 
567; 0; 1390.1649; 170; 453.6; 
567; 0; 1385.7877; 170; 453.8; 
567; 0; 1381.4113; 170; 454; 
567; 0; 1377.0347; 170; 454.2; 
567; 0; 1374.1193; 170; 454.4; 
567; 0; 1371.2003; 170; 454.6; 
567; 0; 1368.2774; 170; 454.8; 
567; 0; 1366.8145; 170; 455; 
567; 0; 1363.8845; 170; 455.2; 
567; 0; 1362.4162; 170; 455.4; 
567; 0; 1359.4828; 170; 455.6; 
567; 0; 1358.0131; 170; 455.8; 
567; 0; 1356.5437; 170; 456; 
567; 0; 1353.6115; 170; 456.2; 
567; 0; 1352.1446; 170; 456.4; 
567; 0; 1349.2153; 170; 456.6; 
567; 0; 1347.7513; 170; 456.8; 
567; 0; 1344.8245; 170; 457; 
567; 0; 1343.3626; 170; 457.2; 
567; 0; 1340.4372; 170; 457.4; 
567; 0; 1338.9759; 170; 457.6; 
567; 0; 1337.5144; 170; 457.8; 
567; 0; 1336.0524; 170; 458; 
567; 0; 1334.5897; 170; 458.2; 
567; 0; 1333.1263; 170; 458.4; 
567; 0; 1333.1263; 170; 458.6; 
567; 0; 1331.6619; 170; 458.8; 
567; 0; 1330.1973; 170; 459; 
567; 0; 1330.1963; 170; 459.2; 
567; 0; 1328.7315; 170; 459.4; 
567; 0; 1328.7306; 170; 459.6; 
567; 0; 1327.2659; 170; 459.8; 
567; 0; 1327.2653; 170; 460; 
567; 0; 1325.8009; 170; 460.2; 
567; 0; 1325.8007; 170; 460.4; 
567; 0; 1324.3367; 170; 460.6; 
567; 0; 1324.3368; 170; 460.8; 
567; 0; 1322.873; 170; 461; 
567; 0; 1322.873; 170; 461.2; 
567; 0; 1322.873; 170; 461.4; 
567; 0; 1321.4089; 170; 461.6; 
567; 0; 1321.4087; 170; 461.8; 
567; 0; 1321.4085; 170; 462; 
567; 0; 1319.9445; 170; 462.2; 
567; 0; 1319.9444; 170; 462.4; 
567; 0; 1319.9443; 170; 462.6; 
567; 0; 1319.9441; 170; 462.8; 
567; 0; 1318.48; 170; 463; 
567; 0; 1318.4798; 170; 463.2; 
567; 0; 1318.4796; 170; 463.4; 
567; 0; 1318.4794; 170; 463.6; 
567; 0; 1317.0154; 170; 463.8; 
567; 0; 1317.0153; 170; 464; 
567; 0; 1317.0153; 170; 464.2; 
567; 0; 1317.0152; 170; 464.4; 
567; 0; 1317.0151; 170; 464.6; 
567; 0; 1317.0149; 170; 464.8; 
567; 0; 1317.0147; 170; 465; 
567; 0; 1315.5506; 170; 465.2; 
567; 0; 1315.5504; 170; 465.4; 
567; 0; 1315.5503; 170; 465.6; 
567; 0; 1315.5502; 170; 465.8; 
567; 0; 1315.5502; 170; 466; 
567; 0; 1315.5502; 170; 466.2; 
567; 0; 1315.5501; 170; 466.4; 
567; 0; 1315.55; 170; 466.6; 
567; 0; 1315.5498; 170; 466.8; 
567; 0; 1314.0857; 170; 467; 
567; 0; 1314.0855; 170; 467.2; 
567; 0; 1314.0853; 170; 467.4; 
567; 0; 1314.0852; 170; 467.6; 
567; 0; 1314.085; 170; 467.8; 
567; 0; 1323.8194; 170; 468; 
567; 0; 1323.8193; 170; 468.2; 
567; 0; 1323.8191; 170; 468.4; 
567; 0; 1323.819; 170; 468.6; 
567; 0; 1323.819; 170; 468.8; 
567; 0; 1322.3484; 170; 469; 
567; 0; 1322.3484; 170; 469.2; 
567; 0; 1322.3482; 170; 469.4; 
567; 0; 1320.8777; 170; 469.6; 
567; 0; 1320.8777; 170; 469.8; 
567; 0; 1320.8777; 170; 470; 
567; 0; 1319.4072; 170; 470.2; 
567; 0; 1319.4072; 170; 470.4; 
567; 0; 1317.9366; 170; 470.6; 
567; 0; 1317.9365; 170; 470.8; 
567; 0; 1316.4658; 170; 471; 
567; 0; 1316.4655; 170; 471.2; 
567; 0; 1316.4652; 170; 471.4; 
567; 0; 1314.9945; 170; 471.6; 
567; 0; 1314.9943; 170; 471.8; 
567; 0; 1313.5236; 170; 472; 
567; 0; 1313.5233; 170; 472.2; 
567; 0; 1313.5232; 170; 472.4; 
567; 0; 1312.0526; 170; 472.6; 
567; 0; 1312.0527; 170; 472.8; 
567; 0; 1310.5823; 170; 473; 
567; 0; 1310.5824; 170; 473.2; 
567; 0; 1310.5823; 170; 473.4; 
567; 0; 1310.5821; 170; 473.6; 
567; 0; 1309.1115; 170; 473.8; 
567; 0; 1309.1113; 170; 474; 
567; 0; 1309.111; 170; 474.2; 
567; 0; 1309.1107; 170; 474.4; 
567; 0; 1309.1104; 170; 474.6; 
567; 0; 1307.6397; 170; 474.8; 
567; 0; 1307.6396; 170; 475; 
567; 0; 1307.6396; 170; 475.2; 
567; 0; 1307.6398; 170; 475.4; 
567; 0; 1307.6411; 170; 475.6; 
567; 0; 1309.1151; 170; 475.8; 
567; 0; 1309.1224; 170; 476; 
567; 0; 1309.1347; 170; 476.2; 
567; 0; 1307.683; 170; 476.4; 
567; 0; 1307.709; 170; 476.6; 
567; 0; 1307.7412; 170; 476.8; 
567; 0; 1309.2473; 170; 477; 
567; 0; 1312.2239; 170; 477.2; 
567; 0; 1318.1375; 170; 477.4; 
567; 0; 1315.7725; 170; 477.6; 
567; 0; 1324.5705; 170; 477.8; 
567; 0; 1333.3574; 170; 478; 
567; 0; 1345.0608; 170; 478.2; 
567; 0; 1355.2902; 170; 478.4; 
567; 0; 1365.5114; 170; 478.6; 
567; 0; 1372.7995; 170; 478.8; 
567; 0; 1380.0852; 170; 479; 
567; 0; 1385.9077; 170; 479.2; 
567; 0; 1388.8059; 170; 479.4; 
567; 0; 1391.7099; 170; 479.6; 
567; 0; 1393.1574; 170; 479.8; 
567; 0; 1393.1491; 170; 480; 
567; 0; 1393.1488; 170; 480.2; 
567; 0; 1393.1555; 170; 480.4; 
567; 0; 1393.1677; 170; 480.6; 
567; 0; 1393.1833; 170; 480.8; 
567; 0; 1393.2004; 170; 481; 
567; 0; 1394.6808; 170; 481.2; 
567; 0; 1396.1591; 170; 481.4; 
567; 0; 1399.098; 170; 481.6; 
567; 0; 1402.0327; 170; 481.8; 
567; 0; 1404.963; 170; 482; 
567; 0; 1409.3531; 170; 482.2; 
567; 0; 1412.2758; 170; 482.4; 
567; 0; 1413.7321; 170; 482.6; 
567; 0; 1416.6507; 170; 482.8; 
567; 0; 1418.105; 170; 483; 
567; 0; 1419.56; 170; 483.2; 
567; 0; 1419.5524; 170; 483.4; 
567; 0; 1419.547; 170; 483.6; 
567; 0; 1419.5439; 170; 483.8; 
567; 0; 1419.5433; 170; 484; 
567; 0; 1419.5449; 170; 484.2; 
567; 0; 1419.5482; 170; 484.4; 
567; 0; 1419.5526; 170; 484.6; 
567; 0; 1419.5577; 170; 484.8; 
567; 0; 1419.5627; 170; 485; 
567; 0; 1419.5671; 170; 485.2; 
567; 0; 1419.5704; 170; 485.4; 
567; 0; 1421.0364; 170; 485.6; 
567; 0; 1421.0372; 170; 485.8; 
567; 0; 1422.5006; 170; 486; 
567; 0; 1422.4992; 170; 486.2; 
567; 0; 1423.9609; 170; 486.4; 
567; 0; 1423.9582; 170; 486.6; 
567; 0; 1423.9554; 170; 486.8; 
567; 0; 1423.9528; 170; 487; 
567; 0; 1425.4146; 170; 487.2; 
567; 0; 1425.413; 170; 487.4; 
567; 0; 1423.9481; 170; 487.6; 
567; 0; 1423.9477; 170; 487.8; 
567; 0; 1423.9479; 170; 488; 
567; 0; 1423.9487; 170; 488.2; 
567; 0; 1423.9499; 170; 488.4; 
567; 0; 1423.9512; 170; 488.6; 
567; 0; 1423.9525; 170; 488.8; 
567; 0; 1423.9536; 170; 489; 
567; 0; 1423.9544; 170; 489.2; 
567; 0; 1423.9549; 170; 489.4; 
567; 0; 1423.9551; 170; 489.6; 
567; 0; 1423.955; 170; 489.8; 
567; 0; 1425.4185; 170; 490; 
567; 0; 1425.4178; 170; 490.2; 
567; 0; 1425.417; 170; 490.4; 
567; 0; 1425.4161; 170; 490.6; 
567; 0; 1425.4153; 170; 490.8; 
567; 0; 1425.4147; 170; 491; 
567; 0; 1425.4143; 170; 491.2; 
567; 0; 1425.4141; 170; 491.4; 
567; 0; 1425.414; 170; 491.6; 
567; 0; 1425.4141; 170; 491.8; 
567; 0; 1425.4143; 170; 492; 
567; 0; 1423.9504; 170; 492.2; 
567; 0; 1423.9505; 170; 492.4; 
567; 0; 1423.9505; 170; 492.6; 
567; 0; 1423.9506; 170; 492.8; 
567; 0; 1423.9506; 170; 493; 
567; 0; 1423.9506; 170; 493.2; 
567; 0; 1425.4142; 170; 493.4; 
567; 0; 1425.4122; 170; 493.6; 
567; 0; 1425.407; 170; 493.8; 
567; 0; 1426.861; 170; 494; 
567; 0; 1426.8457; 170; 494.2; 
567; 0; 1426.8254; 170; 494.4; 
567; 0; 1425.3376; 170; 494.6; 
567; 0; 1423.8496; 170; 494.8; 
567; 0; 1420.8997; 170; 495; 
567; 0; 1416.4898; 170; 495.2; 
567; 0; 1412.0857; 170; 495.4; 
567; 0; 1406.2242; 170; 495.6; 
567; 0; 1400.3692; 170; 495.8; 
567; 0; 1394.52; 170; 496; 
567; 0; 1388.675; 170; 496.2; 
567; 0; 1384.2966; 170; 496.4; 
567; 0; 1378.4549; 170; 496.6; 
567; 0; 1374.0763; 170; 496.8; 
567; 0; 1369.6955; 170; 497; 
567; 0; 1366.7762; 170; 497.2; 
567; 0; 1363.8537; 170; 497.4; 
567; 0; 1360.928; 170; 497.6; 
567; 0; 1357.9998; 170; 497.8; 
567; 0; 1356.5336; 170; 498; 
567; 0; 1353.6023; 170; 498.2; 
567; 0; 1350.6706; 170; 498.4; 
567; 0; 1349.2032; 170; 498.6; 
567; 0; 1346.2729; 170; 498.8; 
567; 0; 1343.3434; 170; 499; 
567; 0; 1341.8787; 170; 499.2; 
567; 0; 1338.951; 170; 499.4; 
567; 0; 1337.4879; 170; 499.6; 
567; 0; 1336.0254; 170; 499.8; 
567; 0; 1333.0993; 170; 500; 
567; 0; 1331.6372; 170; 500.2; 
567; 0; 1330.1749; 170; 500.4; 
567; 0; 1328.7123; 170; 500.6; 
567; 0; 1327.2493; 170; 500.8; 
567; 0; 1325.7859; 170; 501; 
567; 0; 1325.786; 170; 501.2; 
567; 0; 1324.3218; 170; 501.4; 
567; 0; 1322.8573; 170; 501.6; 
567; 0; 1322.8567; 170; 501.8; 
567; 0; 1321.3922; 170; 502; 
567; 0; 1321.3918; 170; 502.2; 
567; 0; 1319.9275; 170; 502.4; 
567; 0; 1319.9272; 170; 502.6; 
567; 0; 1318.4632; 170; 502.8; 
567; 0; 1318.4633; 170; 503; 
567; 0; 1316.9996; 170; 503.2; 
567; 0; 1316.9999; 170; 503.4; 
567; 0; 1317; 170; 503.6; 
567; 0; 1315.5361; 170; 503.8; 
567; 0; 1315.5362; 170; 504; 
567; 0; 1315.5363; 170; 504.2; 
567; 0; 1315.5362; 170; 504.4; 
567; 0; 1314.072; 170; 504.6; 
567; 0; 1314.0717; 170; 504.8; 
567; 0; 1323.8058; 170; 505; 
567; 0; 1323.8056; 170; 505.2; 
567; 0; 1323.8054; 170; 505.4; 
567; 0; 1322.3348; 170; 505.6; 
567; 0; 1322.3347; 170; 505.8; 
567; 0; 1322.3347; 170; 506; 
567; 0; 1320.8641; 170; 506.2; 
567; 0; 1320.864; 170; 506.4; 
567; 0; 1320.8639; 170; 506.6; 
567; 0; 1319.3935; 170; 506.8; 
567; 0; 1319.3935; 170; 507; 
567; 0; 1317.9232; 170; 507.2; 
567; 0; 1317.9234; 170; 507.4; 
567; 0; 1316.453; 170; 507.6; 
567; 0; 1316.4531; 170; 507.8; 
567; 0; 1314.9826; 170; 508; 
567; 0; 1314.9824; 170; 508.2; 
567; 0; 1313.5115; 170; 508.4; 
567; 0; 1313.5111; 170; 508.6; 
567; 0; 1313.5106; 170; 508.8; 
567; 0; 1312.0397; 170; 509; 
567; 0; 1312.0395; 170; 509.2; 
567; 0; 1310.569; 170; 509.4; 
567; 0; 1310.569; 170; 509.6; 
567; 0; 1310.569; 170; 509.8; 
567; 0; 1309.0985; 170; 510; 
567; 0; 1309.0985; 170; 510.2; 
567; 0; 1309.0984; 170; 510.4; 
567; 0; 1307.6279; 170; 510.6; 
567; 0; 1307.6278; 170; 510.8; 
567; 0; 1307.6277; 170; 511; 
567; 0; 1307.6278; 170; 511.2; 
567; 0; 1306.1573; 170; 511.4; 
567; 0; 1306.1574; 170; 511.6; 
567; 0; 1306.1574; 170; 511.8; 
567; 0; 1306.1574; 170; 512; 
567; 0; 1306.1572; 170; 512.2; 
567; 0; 1306.157; 170; 512.4; 
567; 0; 1304.6864; 170; 512.6; 
567; 0; 1304.6863; 170; 512.8; 
567; 0; 1304.6862; 170; 513; 
567; 0; 1304.686; 170; 513.2; 
567; 0; 1304.6859; 170; 513.4; 
567; 0; 1304.6857; 170; 513.6; 
567; 0; 1304.6856; 170; 513.8; 
567; 0; 1304.6855; 170; 514; 
567; 0; 1304.6854; 170; 514.2; 
567; 0; 1303.2148; 170; 514.4; 
567; 0; 1303.2148; 170; 514.6; 
567; 0; 1303.2147; 170; 514.8; 
567; 0; 1303.2147; 170; 515; 
567; 0; 1303.2147; 170; 515.2; 
567; 0; 1303.2148; 170; 515.4; 
567; 0; 1303.2148; 170; 515.6; 
567; 0; 1303.2149; 170; 515.8; 
567; 0; 1303.2149; 170; 516; 
567; 0; 1303.215; 170; 516.2; 
567; 0; 1303.2151; 170; 516.4; 
567; 0; 1303.215; 170; 516.6; 
567; 0; 1303.215; 170; 516.8; 
567; 0; 1303.2148; 170; 517; 
567; 0; 1303.2147; 170; 517.2; 
567; 0; 1303.2145; 170; 517.4; 
567; 0; 1303.2144; 170; 517.6; 
567; 0; 1303.2142; 170; 517.8; 
567; 0; 1303.2141; 170; 518; 
567; 0; 1301.7435; 170; 518.2; 
567; 0; 1301.7434; 170; 518.4; 
567; 0; 1301.7434; 170; 518.6; 
567; 0; 1301.7433; 170; 518.8; 
567; 0; 1301.7433; 170; 519; 
567; 0; 1301.7433; 170; 519.2; 
567; 0; 1301.7433; 170; 519.4; 
567; 0; 1301.7434; 170; 519.6; 
567; 0; 1301.7436; 170; 519.8; 
567; 0; 1301.7437; 170; 520; 
567; 0; 1301.7438; 170; 520.2; 
567; 0; 1301.7438; 170; 520.4; 
567; 0; 1301.7438; 170; 520.6; 
567; 0; 1301.7437; 170; 520.8; 
567; 0; 1301.7436; 170; 521; 
567; 0; 1301.7436; 170; 521.2; 
567; 0; 1301.7435; 170; 521.4; 
567; 0; 1301.7434; 170; 521.6; 
567; 0; 1301.7433; 170; 521.8; 
567; 0; 1301.7432; 170; 522; 
567; 0; 1301.743; 170; 522.2; 
567; 0; 1301.7428; 170; 522.4; 
567; 0; 1301.7427; 170; 522.6; 
567; 0; 1301.7427; 170; 522.8; 
567; 0; 1301.7427; 170; 523; 
567; 0; 1301.7428; 170; 523.2; 
567; 0; 1301.7429; 170; 523.4; 
567; 0; 1301.7429; 170; 523.6; 
567; 0; 1301.7429; 170; 523.8; 
567; 0; 1301.7427; 170; 524; 
567; 0; 1301.7426; 170; 524.2; 
567; 0; 1301.7425; 170; 524.4; 
567; 0; 1301.7424; 170; 524.6; 
567; 0; 1301.7424; 170; 524.8; 
567; 0; 1301.7424; 170; 525; 
567; 0; 1301.7425; 170; 525.2; 
567; 0; 1301.7426; 170; 525.4; 
567; 0; 1301.7427; 170; 525.6; 
567; 0; 1301.7427; 170; 525.8; 
567; 0; 1301.7427; 170; 526; 
567; 0; 1301.7426; 170; 526.2; 
567; 0; 1301.7425; 170; 526.4; 
567; 0; 1301.7424; 170; 526.6; 
567; 0; 1301.7423; 170; 526.8; 
567; 0; 1301.7423; 170; 527; 
567; 0; 1301.7422; 170; 527.2; 
567; 0; 1301.7422; 170; 527.4; 
567; 0; 1301.7421; 170; 527.6; 
567; 0; 1301.742; 170; 527.8; 
567; 0; 1301.742; 170; 528; 
567; 0; 1301.742; 170; 528.2; 
567; 0; 1301.742; 170; 528.4; 
567; 0; 1301.742; 170; 528.6; 
567; 0; 1300.2716; 170; 528.8; 
567; 0; 1300.2715; 170; 529; 
567; 0; 1300.2715; 170; 529.2; 
567; 0; 1300.2714; 170; 529.4; 
567; 0; 1300.2714; 170; 529.6; 
567; 0; 1300.2714; 170; 529.8; 
567; 0; 1300.2714; 170; 530; 
567; 0; 1300.2714; 170; 530.2; 
567; 0; 1300.2714; 170; 530.4; 
567; 0; 1300.2714; 170; 530.6; 
567; 0; 1300.2714; 170; 530.8; 
567; 0; 1300.2713; 170; 531; 
567; 0; 1300.2712; 170; 531.2; 
567; 0; 1300.2711; 170; 531.4; 
567; 0; 1300.271; 170; 531.6; 
567; 0; 1300.2709; 170; 531.8; 
567; 0; 1300.271; 170; 532; 
567; 0; 1300.271; 170; 532.2; 
567; 0; 1300.271; 170; 532.4; 
567; 0; 1300.271; 170; 532.6; 
567; 0; 1300.271; 170; 532.8; 
567; 0; 1300.271; 170; 533; 
567; 0; 1300.271; 170; 533.2; 
567; 0; 1300.2708; 170; 533.4; 
567; 0; 1300.2707; 170; 533.6; 
567; 0; 1300.2707; 170; 533.8; 
567; 0; 1300.2707; 170; 534; 
567; 0; 1300.2707; 170; 534.2; 
567; 0; 1300.2707; 170; 534.4; 
567; 0; 1300.2707; 170; 534.6; 
567; 0; 1300.2707; 170; 534.8; 
567; 0; 1300.2707; 170; 535; 
567; 0; 1300.2706; 170; 535.2; 
567; 0; 1300.2706; 170; 535.4; 
567; 0; 1300.2706; 170; 535.6; 
567; 0; 1300.2706; 170; 535.8; 
567; 0; 1300.2706; 170; 536; 
567; 0; 1300.2706; 170; 536.2; 
567; 0; 1300.2706; 170; 536.4; 
567; 0; 1300.2706; 170; 536.6; 
567; 0; 1300.2706; 170; 536.8; 
567; 0; 1300.2706; 170; 537; 
567; 0; 1300.2705; 170; 537.2; 
567; 0; 1300.2704; 170; 537.4; 
567; 0; 1300.2703; 170; 537.6; 
567; 0; 1300.2702; 170; 537.8; 
567; 0; 1300.2702; 170; 538; 
567; 0; 1300.2702; 170; 538.2; 
567; 0; 1300.2702; 170; 538.4; 
567; 0; 1300.2703; 170; 538.6; 
567; 0; 1301.7408; 170; 538.8; 
567; 0; 1301.7411; 170; 539; 
567; 0; 1301.7418; 170; 539.2; 
567; 0; 1301.7437; 170; 539.4; 
567; 0; 1303.2184; 170; 539.6; 
567; 0; 1303.2266; 170; 539.8; 
567; 0; 1303.2396; 170; 540; 
567; 0; 1303.2581; 170; 540.2; 
567; 0; 1303.2819; 170; 540.4; 
567; 0; 1303.3098; 170; 540.6; 
567; 0; 1306.2811; 170; 540.8; 
567; 0; 1307.7823; 170; 541; 
567; 0; 1312.2221; 170; 541.2; 
567; 0; 1318.1271; 170; 541.4; 
567; 0; 1317.2172; 170; 541.6; 
567; 0; 1326.0068; 170; 541.8; 
567; 0; 1334.786; 170; 542; 
567; 0; 1345.0185; 170; 542.2; 
567; 0; 1355.241; 170; 542.4; 
567; 0; 1363.9909; 170; 542.6; 
567; 0; 1371.2711; 170; 542.8; 
567; 0; 1375.6211; 170; 543; 
567; 0; 1379.9724; 170; 543.2; 
567; 0; 1381.4018; 170; 543.4; 
567; 0; 1381.3768; 170; 543.6; 
567; 0; 1379.8979; 170; 543.8; 
567; 0; 1378.4299; 170; 544; 
567; 0; 1375.5088; 170; 544.2; 
567; 0; 1372.5969; 170; 544.4; 
567; 0; 1369.6917; 170; 544.6; 
567; 0; 1368.2556; 170; 544.8; 
567; 0; 1366.8204; 170; 545; 
567; 0; 1366.8463; 170; 545.2; 
567; 0; 1368.3304; 170; 545.4; 
567; 0; 1371.2707; 170; 545.6; 
567; 0; 1374.2022; 170; 545.8; 
567; 0; 1377.1246; 170; 546; 
567; 0; 1380.0389; 170; 546.2; 
567; 0; 1382.9468; 170; 546.4; 
567; 0; 1384.387; 170; 546.6; 
567; 0; 1384.3623; 170; 546.8; 
567; 0; 1384.3394; 170; 547; 
567; 0; 1382.8578; 170; 547.2; 
567; 0; 1379.9177; 170; 547.4; 
567; 0; 1376.984; 170; 547.6; 
567; 0; 1374.0565; 170; 547.8; 
567; 0; 1371.1346; 170; 548; 
567; 0; 1368.217; 170; 548.2; 
567; 0; 1365.302; 170; 548.4; 
567; 0; 1362.3883; 170; 548.6; 
567; 0; 1360.9378; 170; 548.8; 
567; 0; 1359.4848; 170; 549; 
567; 0; 1358.0282; 170; 549.2; 
567; 0; 1358.0315; 170; 549.4; 
567; 0; 1358.0306; 170; 549.6; 
567; 0; 1358.0263; 170; 549.8; 
567; 0; 1356.5556; 170; 550; 
567; 0; 1356.5474; 170; 550.2; 
567; 0; 1355.0748; 170; 550.4; 
567; 0; 1355.0668; 170; 550.6; 
567; 0; 1353.5962; 170; 550.8; 
567; 0; 1352.1277; 170; 551; 
567; 0; 1350.6613; 170; 551.2; 
567; 0; 1347.7328; 170; 551.4; 
567; 0; 1346.2699; 170; 551.6; 
567; 0; 1344.8082; 170; 551.8; 
567; 0; 1343.3473; 170; 552; 
567; 0; 1341.8867; 170; 552.2; 
567; 0; 1340.4259; 170; 552.4; 
567; 0; 1338.9644; 170; 552.6; 
567; 0; 1338.966; 170; 552.8; 
567; 0; 1337.5027; 170; 553; 
567; 0; 1336.0384; 170; 553.2; 
567; 0; 1336.0373; 170; 553.4; 
567; 0; 1334.5716; 170; 553.6; 
567; 0; 1334.5696; 170; 553.8; 
567; 0; 1333.1037; 170; 554; 
567; 0; 1333.102; 170; 554.2; 
567; 0; 1331.6367; 170; 554.4; 
567; 0; 1330.1719; 170; 554.6; 
567; 0; 1330.1713; 170; 554.8; 
567; 0; 1328.7071; 170; 555; 
567; 0; 1328.7071; 170; 555.2; 
567; 0; 1327.2433; 170; 555.4; 
567; 0; 1327.2435; 170; 555.6; 
567; 0; 1325.7798; 170; 555.8; 
567; 0; 1325.7799; 170; 556; 
567; 0; 1324.3161; 170; 556.2; 
567; 0; 1324.316; 170; 556.4; 
567; 0; 1322.8518; 170; 556.6; 
567; 0; 1322.8515; 170; 556.8; 
567; 0; 1322.8511; 170; 557; 
567; 0; 1321.3867; 170; 557.2; 
567; 0; 1321.3862; 170; 557.4; 
567; 0; 1321.3858; 170; 557.6; 
567; 0; 1319.9214; 170; 557.8; 
567; 0; 1319.9211; 170; 558; 
567; 0; 1319.9208; 170; 558.2; 
567; 0; 1318.4566; 170; 558.4; 
567; 0; 1318.4564; 170; 558.6; 
567; 0; 1318.4564; 170; 558.8; 
567; 0; 1316.9924; 170; 559; 
567; 0; 1316.9923; 170; 559.2; 
567; 0; 1316.9923; 170; 559.4; 
567; 0; 1316.9922; 170; 559.6; 
567; 0; 1315.5281; 170; 559.8; 
567; 0; 1315.528; 170; 560; 
567; 0; 1315.5279; 170; 560.2; 
567; 0; 1315.5278; 170; 560.4; 
567; 0; 1315.5276; 170; 560.6; 
567; 0; 1314.0634; 170; 560.8; 
567; 0; 1314.0631; 170; 561; 
567; 0; 1323.7974; 170; 561.2; 
567; 0; 1323.7972; 170; 561.4; 
567; 0; 1323.797; 170; 561.6; 
567; 0; 1322.3263; 170; 561.8; 
567; 0; 1322.3262; 170; 562; 
567; 0; 1322.3261; 170; 562.2; 
567; 0; 1320.8556; 170; 562.4; 
567; 0; 1320.8556; 170; 562.6; 
567; 0; 1319.3851; 170; 562.8; 
567; 0; 1319.385; 170; 563; 
567; 0; 1317.9144; 170; 563.2; 
567; 0; 1317.9143; 170; 563.4; 
567; 0; 1316.4436; 170; 563.6; 
567; 0; 1316.4434; 170; 563.8; 
567; 0; 1314.9727; 170; 564; 
567; 0; 1314.9725; 170; 564.2; 
567; 0; 1313.5018; 170; 564.4; 
567; 0; 1313.5017; 170; 564.6; 
567; 0; 1313.5015; 170; 564.8; 
567; 0; 1312.031; 170; 565; 
567; 0; 1312.0308; 170; 565.2; 
567; 0; 1310.5604; 170; 565.4; 
567; 0; 1310.5604; 170; 565.6; 
567; 0; 1309.09; 170; 565.8; 
567; 0; 1309.09; 170; 566; 
567; 0; 1309.0898; 170; 566.2; 
567; 0; 1307.6191; 170; 566.4; 
567; 0; 1307.619; 170; 566.6; 
567; 0; 1307.6188; 170; 566.8; 
567; 0; 1306.148; 170; 567; 
567; 0; 1306.1477; 170; 567.2; 
567; 0; 1306.1476; 170; 567.4; 
567; 0; 1306.1475; 170; 567.6; 
567; 0; 1304.6769; 170; 567.8; 
567; 0; 1304.6769; 170; 568; 
567; 0; 1304.6769; 170; 568.2; 
567; 0; 1304.6768; 170; 568.4; 
567; 0; 1303.2063; 170; 568.6; 
567; 0; 1303.2063; 170; 568.8; 
567; 0; 1303.2064; 170; 569; 
567; 0; 1303.2064; 170; 569.2; 
567; 0; 1303.2064; 170; 569.4; 
567; 0; 1303.2063; 170; 569.6; 
567; 0; 1301.7357; 170; 569.8; 
567; 0; 1301.7356; 170; 570; 
567; 0; 1301.7355; 170; 570.2; 
567; 0; 1301.7354; 170; 570.4; 
567; 0; 1301.7353; 170; 570.6; 
567; 0; 1301.7352; 170; 570.8; 
567; 0; 1301.7352; 170; 571; 
567; 0; 1301.7351; 170; 571.2; 
567; 0; 1301.7352; 170; 571.4; 
567; 0; 1301.7351; 170; 571.6; 
567; 0; 1300.2647; 170; 571.8; 
567; 0; 1300.2647; 170; 572; 
567; 0; 1300.2648; 170; 572.2; 
567; 0; 1300.2648; 170; 572.4; 
567; 0; 1300.2648; 170; 572.6; 
567; 0; 1300.2647; 170; 572.8; 
567; 0; 1300.2647; 170; 573; 
567; 0; 1300.2647; 170; 573.2; 
567; 0; 1300.2645; 170; 573.4; 
567; 0; 1300.2642; 170; 573.6; 
567; 0; 1300.264; 170; 573.8; 
567; 0; 1300.2639; 170; 574; 
567; 0; 1300.2639; 170; 574.2; 
567; 0; 1300.264; 170; 574.4; 
567; 0; 1300.2641; 170; 574.6; 
567; 0; 1300.2642; 170; 574.8; 
567; 0; 1300.2642; 170; 575; 
567; 0; 1300.2642; 170; 575.2; 
567; 0; 1300.2642; 170; 575.4; 
567; 0; 1300.2642; 170; 575.6; 
567; 0; 1300.264; 170; 575.8; 
567; 0; 1298.7935; 170; 576; 
567; 0; 1298.7933; 170; 576.2; 
567; 0; 1298.7932; 170; 576.4; 
567; 0; 1298.793; 170; 576.6; 
567; 0; 1298.7928; 170; 576.8; 
567; 0; 1298.7928; 170; 577; 
567; 0; 1298.7929; 170; 577.2; 
567; 0; 1298.793; 170; 577.4; 
567; 0; 1298.7932; 170; 577.6; 
567; 0; 1298.7933; 170; 577.8; 
567; 0; 1298.7933; 170; 578; 
567; 0; 1298.7933; 170; 578.2; 
567; 0; 1298.7933; 170; 578.4; 
567; 0; 1298.7934; 170; 578.6; 
567; 0; 1298.7934; 170; 578.8; 
567; 0; 1298.7934; 170; 579; 
567; 0; 1298.7934; 170; 579.2; 
567; 0; 1298.7933; 170; 579.4; 
567; 0; 1298.7932; 170; 579.6; 
567; 0; 1298.7931; 170; 579.8; 
567; 0; 1298.7931; 170; 580; 
567; 0; 1298.7929; 170; 580.2; 
567; 0; 1298.7928; 170; 580.4; 
567; 0; 1298.7926; 170; 580.6; 
567; 0; 1298.7926; 170; 580.8; 
567; 0; 1298.7926; 170; 581; 
567; 0; 1298.7927; 170; 581.2; 
567; 0; 1298.7928; 170; 581.4; 
567; 0; 1298.7929; 170; 581.6; 
567; 0; 1298.7929; 170; 581.8; 
567; 0; 1298.793; 170; 582; 
567; 0; 1298.7931; 170; 582.2; 
567; 0; 1298.7931; 170; 582.4; 
567; 0; 1298.7931; 170; 582.6; 
567; 0; 1298.793; 170; 582.8; 
567; 0; 1298.7929; 170; 583; 
567; 0; 1298.7928; 170; 583.2; 
567; 0; 1298.7928; 170; 583.4; 
567; 0; 1298.7927; 170; 583.6; 
567; 0; 1298.7927; 170; 583.8; 
567; 0; 1298.7927; 170; 584; 
567; 0; 1298.7927; 170; 584.2; 
567; 0; 1298.7927; 170; 584.4; 
567; 0; 1298.7928; 170; 584.6; 
567; 0; 1300.2637; 170; 584.8; 
567; 0; 1300.2653; 170; 585; 
567; 0; 1300.2691; 170; 585.2; 
567; 0; 1300.276; 170; 585.4; 
567; 0; 1301.7585; 170; 585.6; 
567; 0; 1301.7765; 170; 585.8; 
567; 0; 1300.331; 170; 586; 
567; 0; 1301.833; 170; 586.2; 
567; 0; 1301.8684; 170; 586.4; 
567; 0; 1304.8452; 170; 586.6; 
567; 0; 1310.7595; 170; 586.8; 
567; 0; 1316.6668; 170; 587; 
567; 0; 1315.7634; 170; 587.2; 
567; 0; 1326.015; 170; 587.4; 
567; 0; 1336.255; 170; 587.6; 
567; 0; 1347.9484; 170; 587.8; 
567; 0; 1356.7056; 170; 588; 
567; 0; 1365.4572; 170; 588.2; 
567; 0; 1372.7425; 170; 588.4; 
567; 0; 1377.1008; 170; 588.6; 
567; 0; 1381.4629; 170; 588.8; 
567; 0; 1384.367; 170; 589; 
567; 0; 1384.351; 170; 589.2; 
567; 0; 1385.8072; 170; 589.4; 
567; 0; 1385.8076; 170; 589.6; 
567; 0; 1384.3506; 170; 589.8; 
567; 0; 1384.3619; 170; 590; 
567; 0; 1385.8387; 170; 590.2; 
567; 0; 1385.8504; 170; 590.4; 
567; 0; 1387.3224; 170; 590.6; 
567; 0; 1390.2528; 170; 590.8; 
567; 0; 1391.7128; 170; 591; 
567; 0; 1393.1667; 170; 591.2; 
567; 0; 1394.6153; 170; 591.4; 
567; 0; 1394.5967; 170; 591.6; 
567; 0; 1394.5776; 170; 591.8; 
567; 0; 1393.0965; 170; 592; 
567; 0; 1390.1547; 170; 592.2; 
567; 0; 1387.2176; 170; 592.4; 
567; 0; 1384.2859; 170; 592.6; 
567; 0; 1379.8957; 170; 592.8; 
567; 0; 1375.5102; 170; 593; 
567; 0; 1372.5921; 170; 593.2; 
567; 0; 1368.2121; 170; 593.4; 
567; 0; 1365.2964; 170; 593.6; 
567; 0; 1362.3796; 170; 593.8; 
567; 0; 1360.9252; 170; 594; 
567; 0; 1358.0036; 170; 594.2; 
567; 0; 1356.5424; 170; 594.4; 
567; 0; 1356.5418; 170; 594.6; 
567; 0; 1355.0747; 170; 594.8; 
567; 0; 1353.6056; 170; 595; 
567; 0; 1352.1357; 170; 595.2; 
567; 0; 1350.6658; 170; 595.4; 
567; 0; 1349.1968; 170; 595.6; 
567; 0; 1347.729; 170; 595.8; 
567; 0; 1344.7986; 170; 596; 
567; 0; 1343.3335; 170; 596.2; 
567; 0; 1341.8697; 170; 596.4; 
567; 0; 1340.407; 170; 596.6; 
567; 0; 1337.481; 170; 596.8; 
567; 0; 1336.0193; 170; 597; 
567; 0; 1334.5576; 170; 597.2; 
567; 0; 1333.0955; 170; 597.4; 
567; 0; 1331.6329; 170; 597.6; 
567; 0; 1331.6336; 170; 597.8; 
567; 0; 1330.1698; 170; 598; 
567; 0; 1328.7054; 170; 598.2; 
567; 0; 1328.7045; 170; 598.4; 
567; 0; 1327.2394; 170; 598.6; 
567; 0; 1327.2381; 170; 598.8; 
567; 0; 1325.7731; 170; 599; 
567; 0; 1324.3082; 170; 599.2; 
567; 0; 1324.3074; 170; 599.4; 
567; 0; 1322.8431; 170; 599.6; 
567; 0; 1322.843; 170; 599.8; 
567; 0; 1321.3791; 170; 600; 
567; 0; 1321.3793; 170; 600.2; 
567; 0; 1319.9156; 170; 600.4; 
567; 0; 1319.9157; 170; 600.6; 
567; 0; 1318.4518; 170; 600.8; 
567; 0; 1318.4516; 170; 601; 
567; 0; 1318.4514; 170; 601.2; 
567; 0; 1316.9872; 170; 601.4; 
567; 0; 1316.9869; 170; 601.6; 
567; 0; 1316.9867; 170; 601.8; 
567; 0; 1315.5225; 170; 602; 
567; 0; 1315.5222; 170; 602.2; 
567; 0; 1315.5219; 170; 602.4; 
567; 0; 1314.0579; 170; 602.6; 
567; 0; 1314.0577; 170; 602.8; 
567; 0; 1323.792; 170; 603; 
567; 0; 1323.7919; 170; 603.2; 
567; 0; 1322.3213; 170; 603.4; 
567; 0; 1322.3213; 170; 603.6; 
567; 0; 1322.3214; 170; 603.8; 
567; 0; 1320.851; 170; 604; 
567; 0; 1320.8509; 170; 604.2; 
567; 0; 1320.8509; 170; 604.4; 
567; 0; 1319.3802; 170; 604.6; 
567; 0; 1319.38; 170; 604.8; 
567; 0; 1317.9093; 170; 605; 
567; 0; 1317.909; 170; 605.2; 
567; 0; 1316.4383; 170; 605.4; 
567; 0; 1314.9675; 170; 605.6; 
567; 0; 1314.9673; 170; 605.8; 
567; 0; 1313.4966; 170; 606; 
567; 0; 1313.4964; 170; 606.2; 
567; 0; 1312.0259; 170; 606.4; 
567; 0; 1312.0257; 170; 606.6; 
567; 0; 1310.5551; 170; 606.8; 
567; 0; 1310.5549; 170; 607; 
567; 0; 1309.0842; 170; 607.2; 
567; 0; 1309.084; 170; 607.4; 
567; 0; 1309.084; 170; 607.6; 
567; 0; 1307.6135; 170; 607.8; 
567; 0; 1307.6136; 170; 608; 
567; 0; 1306.1433; 170; 608.2; 
567; 0; 1306.1434; 170; 608.4; 
567; 0; 1306.1435; 170; 608.6; 
567; 0; 1304.673; 170; 608.8; 
567; 0; 1304.6727; 170; 609; 
567; 0; 1304.6724; 170; 609.2; 
567; 0; 1304.6721; 170; 609.4; 
567; 0; 1303.2014; 170; 609.6; 
567; 0; 1303.2012; 170; 609.8; 
567; 0; 1303.2011; 170; 610; 
567; 0; 1303.201; 170; 610.2; 
567; 0; 1301.7305; 170; 610.4; 
567; 0; 1301.7305; 170; 610.6; 
567; 0; 1301.7304; 170; 610.8; 
567; 0; 1301.7304; 170; 611; 
567; 0; 1301.7303; 170; 611.2; 
567; 0; 1301.7302; 170; 611.4; 
567; 0; 1301.7299; 170; 611.6; 
567; 0; 1300.2592; 170; 611.8; 
567; 0; 1300.2592; 170; 612; 
567; 0; 1300.2593; 170; 612.2; 
567; 0; 1300.2594; 170; 612.4; 
567; 0; 1300.2595; 170; 612.6; 
567; 0; 1300.2596; 170; 612.8; 
567; 0; 1300.2596; 170; 613; 
567; 0; 1300.2595; 170; 613.2; 
567; 0; 1300.2594; 170; 613.4; 
567; 0; 1300.2593; 170; 613.6; 
567; 0; 1298.7887; 170; 613.8; 
567; 0; 1298.7887; 170; 614; 
567; 0; 1298.7886; 170; 614.2; 
567; 0; 1298.7886; 170; 614.4; 
567; 0; 1298.7886; 170; 614.6; 
567; 0; 1298.7886; 170; 614.8; 
567; 0; 1298.7887; 170; 615; 
567; 0; 1298.7887; 170; 615.2; 
567; 0; 1298.7888; 170; 615.4; 
567; 0; 1298.7887; 170; 615.6; 
567; 0; 1298.7887; 170; 615.8; 
567; 0; 1298.7885; 170; 616; 
567; 0; 1298.7883; 170; 616.2; 
567; 0; 1298.7881; 170; 616.4; 
567; 0; 1298.788; 170; 616.6; 
567; 0; 1298.7879; 170; 616.8; 
567; 0; 1298.7879; 170; 617; 
567; 0; 1298.7878; 170; 617.2; 
567; 0; 1298.7877; 170; 617.4; 
567; 0; 1297.3173; 170; 617.6; 
567; 0; 1297.3174; 170; 617.8; 
567; 0; 1297.3176; 170; 618; 
567; 0; 1297.3177; 170; 618.2; 
567; 0; 1297.3178; 170; 618.4; 
567; 0; 1297.3179; 170; 618.6; 
567; 0; 1297.3179; 170; 618.8; 
567; 0; 1297.3178; 170; 619; 
567; 0; 1297.3178; 170; 619.2; 
567; 0; 1297.3177; 170; 619.4; 
567; 0; 1297.3177; 170; 619.6; 
567; 0; 1297.3176; 170; 619.8; 
567; 0; 1297.3174; 170; 620; 
567; 0; 1297.3173; 170; 620.2; 
567; 0; 1297.3172; 170; 620.4; 
567; 0; 1297.3171; 170; 620.6; 
567; 0; 1297.3172; 170; 620.8; 
567; 0; 1297.3173; 170; 621; 
567; 0; 1297.3174; 170; 621.2; 
567; 0; 1297.3174; 170; 621.4; 
567; 0; 1297.3174; 170; 621.6; 
567; 0; 1297.3173; 170; 621.8; 
567; 0; 1297.3173; 170; 622; 
567; 0; 1297.3174; 170; 622.2; 
567; 0; 1297.3174; 170; 622.4; 
567; 0; 1297.3174; 170; 622.6; 
567; 0; 1297.3175; 170; 622.8; 
567; 0; 1297.3175; 170; 623; 
567; 0; 1297.3174; 170; 623.2; 
567; 0; 1297.3173; 170; 623.4; 
567; 0; 1297.3171; 170; 623.6; 
567; 0; 1297.317; 170; 623.8; 
567; 0; 1297.3169; 170; 624; 
567; 0; 1297.3169; 170; 624.2; 
567; 0; 1297.317; 170; 624.4; 
567; 0; 1297.3171; 170; 624.6; 
567; 0; 1297.3173; 170; 624.8; 
567; 0; 1297.3174; 170; 625; 
567; 0; 1297.3175; 170; 625.2; 
567; 0; 1297.3174; 170; 625.4; 
567; 0; 1297.3172; 170; 625.6; 
567; 0; 1297.317; 170; 625.8; 
567; 0; 1297.3169; 170; 626; 
567; 0; 1297.3168; 170; 626.2; 
567; 0; 1297.3168; 170; 626.4; 
567; 0; 1297.3168; 170; 626.6; 
567; 0; 1297.3168; 170; 626.8; 
567; 0; 1297.317; 170; 627; 
567; 0; 1297.3171; 170; 627.2; 
567; 0; 1297.3173; 170; 627.4; 
567; 0; 1297.3175; 170; 627.6; 
567; 0; 1297.3175; 170; 627.8; 
567; 0; 1297.3174; 170; 628; 
567; 0; 1297.3173; 170; 628.2; 
567; 0; 1297.3171; 170; 628.4; 
567; 0; 1297.3169; 170; 628.6; 
567; 0; 1297.3167; 170; 628.8; 
567; 0; 1297.3165; 170; 629; 
567; 0; 1297.3164; 170; 629.2; 
567; 0; 1297.3164; 170; 629.4; 
567; 0; 1295.8461; 170; 629.6; 
567; 0; 1295.8464; 170; 629.8; 
567; 0; 1295.8467; 0; 630; 
567; 0; 0; 0; 630.2; 
567; 0; 0; 0; 630.4; 
567; 0; 0; 0; 630.6; 
567; 0; 0; 0; 630.8; 
567; 0; 0; 0; 631; 
567; 0; 0; 0; 631.2; 
567; 0; 0; 0; 631.4; 
567; 0; 0; 0; 631.6; 
567; 0; 0; 0; 631.8; 
567; 0; 0; 0; 632; 
567; 0; 0; 0; 632.2; 
567; 0; 0; 0; 632.4; 
567; 0; 0; 0; 632.6; 
567; 0; 0; 0; 632.8; 
567; 0; 0; 0; 633; 
567; 0; 0; 0; 633.2; 
567; 0; 0; 0; 633.4; 
567; 0; 0; 0; 633.6; 
567; 0; 0; 0; 633.8; 
567; 0; 0; 0; 634; 
567; 0; 0; 0; 634.2; 
567; 0; 0; 0; 634.4; 
567; 0; 0; 0; 634.6; 
567; 0; 0; 0; 634.8; 
567; 0; 0; 0; 635; 
567; 0; 0; 0; 635.2; 
567; 0; 0; 0; 635.4; 
567; 0; 0; 0; 635.6; 
567; 0; 0; 0; 635.8; 
567; 0; 0; 0; 636; 
567; 0; 0; 0; 636.2; 
567; 0; 0; 0; 636.4; 
567; 0; 0; 0; 636.6; 
567; 0; 0; 0; 636.8; 
567; 0; 0; 0; 637; 
567; 0; 0; 0; 637.2; 
567; 0; 0; 0; 637.4; 
567; 0; 0; 0; 637.6; 
567; 0; 0; 0; 637.8; 
567; 0; 0; 0; 638; 
567; 0; 0; 0; 638.2; 
567; 0; 0; 0; 638.4; 
567; 0; 0; 0; 638.6; 
567; 0; 0; 0; 638.8; 
567; 0; 0; 0; 639; 
567; 0; 0; 0; 639.2; 
567; 0; 0; 0; 639.4; 
567; 0; 0; 0; 639.6; 
567; 0; 0; 0; 639.8; 
567; 0; 0; 0; 640; 
567; 0; 0; 0; 640.2; 
567; 0; 0; 0; 640.4; 
567; 0; 0; 0; 640.6; 
567; 0; 0; 0; 640.8; 
567; 0; 0; 0; 641; 
567; 0; 0; 0; 641.2; 
567; 0; 0; 0; 641.4; 
567; 0; 0; 0; 641.6; 
567; 0; 0; 0; 641.8; 
567; 0; 0; 0; 642; 
567; 0; 0; 0; 642.2; 
567; 0; 0; 0; 642.4; 
567; 0; 0; 0; 642.6; 
567; 0; 0; 0; 642.8; 
567; 0; 0; 0; 643; 
567; 0; 0; 0; 643.2; 
567; 0; 0; 0; 643.4; 
567; 0; 0; 0; 643.6; 
567; 0; 0; 0; 643.8; 
567; 0; 0; 0; 644; 
567; 0; 0; 0; 644.2; 
567; 0; 0; 0; 644.4; 
567; 0; 0; 0; 644.6; 
567; 0; 0; 0; 644.8; 
567; 0; 0; 0; 645; 
567; 0; 0; 0; 645.2; 
567; 0; 0; 0; 645.4; 
567; 0; 0; 0; 645.6; 
567; 0; 0; 0; 645.8; 
567; 0; 0; 0; 646; 
567; 0; 0; 0; 646.2; 
567; 0; 0; 0; 646.4; 
567; 0; 0; 0; 646.6; 
567; 0; 0; 0; 646.8; 
567; 0; 0; 0; 647; 
567; 0; 0; 0; 647.2; 
567; 0; 0; 0; 647.4; 
567; 0; 0; 0; 647.6; 
567; 0; 0; 0; 647.8; 
567; 0; 0; 0; 648; 
567; 0; 0; 0; 648.2; 
567; 0; 0; 0; 648.4; 
567; 0; 0; 0; 648.6; 
567; 0; 0; 0; 648.8; 
567; 0; 0; 0; 649; 
567; 0; 0; 0; 649.2; 
567; 0; 0; 0; 649.4; 
567; 0; 0; 0; 649.6; 
567; 0; 0; 0; 649.8; 
567; 0; 0; 0; 650; 
567; 0; 0; 0; 650.2; 
567; 0; 0; 0; 650.4; 
567; 0; 0; 0; 650.6; 
567; 0; 0; 0; 650.8; 
567; 0; 0; 0; 651; 
567; 0; 0; 0; 651.2; 
567; 0; 0; 0; 651.4; 
567; 0; 0; 0; 651.6; 
567; 0; 0; 0; 651.8; 
567; 0; 0; 0; 652; 
567; 0; 0; 0; 652.2; 
567; 0; 0; 0; 652.4; 
567; 0; 0; 0; 652.6; 
567; 0; 0; 0; 652.8; 
567; 0; 0; 0; 653; 
567; 0; 0; 0; 653.2; 
567; 0; 0; 0; 653.4; 
567; 0; 0; 0; 653.6; 
567; 0; 0; 0; 653.8; 
567; 0; 0; 0; 654; 
567; 0; 0; 0; 654.2; 
567; 0; 0; 0; 654.4; 
567; 0; 0; 0; 654.6; 
567; 0; 0; 0; 654.8; 
567; 0; 0; 0; 655; 
567; 0; 0; 0; 655.2; 
567; 0; 0; 0; 655.4; 
567; 0; 0; 0; 655.6; 
567; 0; 0; 0; 655.8; 
567; 0; 0; 0; 656; 
567; 0; 0; 0; 656.2; 
567; 0; 0; 0; 656.4; 
567; 0; 0; 0; 656.6; 
567; 0; 0; 0; 656.8; 
567; 0; 0; 0; 657; 
567; 0; 0; 0; 657.2; 
567; 0; 0; 0; 657.4; 
567; 0; 0; 0; 657.6; 
567; 0; 0; 0; 657.8; 
567; 0; 0; 0; 658; 
567; 0; 0; 0; 658.2; 
567; 0; 0; 0; 658.4; 
567; 0; 0; 0; 658.6; 
567; 0; 0; 0; 658.8; 
567; 0; 0; 0; 659; 
567; 0; 0; 0; 659.2; 
567; 0; 0; 0; 659.4; 
567; 0; 0; 0; 659.6; 
567; 0; 0; 0; 659.8; 
567; 0; 0; 0; 660; 
567; 0; 0; 0; 660.2; 
567; 0; 0; 0; 660.4; 
567; 0; 0; 0; 660.6; 
567; 0; 0; 0; 660.8; 
567; 0; 0; 0; 661; 
567; 0; 0; 0; 661.2; 
567; 0; 0; 0; 661.4; 
567; 0; 0; 0; 661.6; 
567; 0; 0; 0; 661.8; 
567; 0; 0; 0; 662; 
567; 0; 0; 0; 662.2; 
567; 0; 0; 0; 662.4; 
567; 0; 0; 0; 662.6; 
567; 0; 0; 0; 662.8; 
567; 0; 0; 0; 663; 
567; 0; 0; 0; 663.2; 
567; 0; 0; 0; 663.4; 
567; 0; 0; 0; 663.6; 
567; 0; 0; 0; 663.8; 
567; 0; 0; 0; 664; 
567; 0; 0; 0; 664.2; 
567; 0; 0; 0; 664.4; 
567; 0; 0; 0; 664.6; 
567; 0; 0; 0; 664.8; 
567; 0; 0; 0; 665; 
567; 0; 0; 0; 665.2; 
567; 0; 0; 0; 665.4; 
567; 0; 0; 0; 665.6; 
567; 0; 0; 0; 665.8; 
567; 0; 0; 0; 666; 
567; 0; 0; 0; 666.2; 
567; 0; 0; 0; 666.4; 
567; 0; 0; 0; 666.6; 
567; 0; 0; 0; 666.8; 
567; 0; 0; 0; 667; 
567; 0; 0; 0; 667.2; 
567; 0; 0; 0; 667.4; 
567; 0; 0; 0; 667.6; 
567; 0; 0; 0; 667.8; 
567; 0; 0; 0; 668; 
567; 0; 0; 0; 668.2; 
567; 0; 0; 0; 668.4; 
567; 0; 0; 0; 668.6; 
567; 0; 0; 0; 668.8; 
567; 0; 0; 0; 669; 
567; 0; 0; 0; 669.2; 
567; 0; 0; 0; 669.4; 
567; 0; 0; 0; 669.6; 
567; 0; 0; 0; 669.8; 
567; 0; 0; 0; 670; 
567; 0; 0; 0; 670.2; 
567; 0; 0; 0; 670.4; 
567; 0; 0; 0; 670.6; 
567; 0; 0; 0; 670.8; 
567; 0; 0; 0; 671; 
567; 0; 0; 0; 671.2; 
567; 0; 0; 0; 671.4; 
567; 0; 0; 0; 671.6; 
567; 0; 0; 0; 671.8; 
567; 0; 0; 0; 672; 
567; 0; 0; 0; 672.2; 
567; 0; 0; 0; 672.4; 
567; 0; 0; 0; 672.6; 
567; 0; 0; 0; 672.8; 
567; 0; 0; 0; 673; 
567; 0; 0; 0; 673.2; 
567; 0; 0; 0; 673.4; 
567; 0; 0; 0; 673.6; 
567; 0; 0; 0; 673.8; 
567; 0; 0; 0; 674; 
567; 0; 0; 0; 674.2; 
567; 0; 0; 0; 674.4; 
567; 0; 0; 0; 674.6; 
567; 0; 0; 0; 674.8; 
567; 0; 0; 0; 675; 
567; 0; 0; 0; 675.2; 
567; 0; 0; 0; 675.4; 
567; 0; 0; 0; 675.6; 
567; 0; 0; 0; 675.8; 
567; 0; 0; 0; 676; 
567; 0; 0; 0; 676.2; 
567; 0; 0; 0; 676.4; 
567; 0; 0; 0; 676.6; 
567; 0; 0; 0; 676.8; 
567; 0; 0; 0; 677; 
567; 0; 0; 0; 677.2; 
567; 0; 0; 0; 677.4; 
567; 0; 0; 0; 677.6; 
567; 0; 0; 0; 677.8; 
567; 0; 0; 0; 678; 
567; 0; 0; 0; 678.2; 
567; 0; 0; 0; 678.4; 
567; 0; 0; 0; 678.6; 
567; 0; 0; 0; 678.8; 
567; 0; 0; 0; 679; 
567; 0; 0; 0; 679.2; 
567; 0; 0; 0; 679.4; 
567; 0; 0; 0; 679.6; 
567; 0; 0; 0; 679.8; 
567; 0; 0; 0; 680; 
567; 0; 0; 0; 680.2; 
567; 0; 0; 0; 680.4; 
567; 0; 0; 0; 680.6; 
567; 0; 0; 0; 680.8; 
567; 0; 0; 0; 681; 
567; 0; 0; 0; 681.2; 
567; 0; 0; 0; 681.4; 
567; 0; 0; 0; 681.6; 
567; 0; 0; 0; 681.8; 
567; 0; 0; 0; 682; 
567; 0; 0; 0; 682.2; 
567; 0; 0; 0; 682.4; 
567; 0; 0; 0; 682.6; 
567; 0; 0; 0; 682.8; 
567; 0; 0; 0; 683; 
567; 0; 0; 0; 683.2; 
567; 0; 0; 0; 683.4; 
567; 0; 0; 0; 683.6; 
567; 0; 0; 0; 683.8; 
567; 0; 0; 0; 684; 
567; 0; 0; 0; 684.2; 
567; 0; 0; 0; 684.4; 
567; 0; 0; 0; 684.6; 
567; 0; 0; 0; 684.8; 
567; 0; 0; 0; 685; 
567; 0; 0; 0; 685.2; 
567; 0; 0; 0; 685.4; 
567; 0; 0; 0; 685.6; 
567; 0; 0; 0; 685.8; 
567; 0; 0; 0; 686; 
567; 0; 0; 0; 686.2; 
567; 0; 0; 0; 686.4; 
567; 0; 0; 0; 686.6; 
567; 0; 0; 0; 686.8; 
567; 0; 0; 0; 687; 
567; 0; 0; 0; 687.2; 
567; 0; 0; 0; 687.4; 
567; 0; 0; 0; 687.6; 
567; 0; 0; 0; 687.8; 
567; 0; 0; 0; 688; 
567; 0; 0; 0; 688.2; 
567; 0; 0; 0; 688.4; 
567; 0; 0; 0; 688.6; 
567; 0; 0; 0; 688.8; 
567; 0; 0; 0; 689; 
567; 0; 0; 0; 689.2; 
567; 0; 0; 0; 689.4; 
567; 0; 0; 0; 689.6; 
567; 0; 0; 0; 689.8; 
567; 0; 0; 0; 690; 
567; 0; 0; 0; 690.2; 
567; 0; 0; 0; 690.4; 
567; 0; 0; 0; 690.6; 
567; 0; 0; 0; 690.8; 
567; 0; 0; 0; 691; 
567; 0; 0; 0; 691.2; 
567; 0; 0; 0; 691.4; 
567; 0; 0; 0; 691.6; 
567; 0; 0; 0; 691.8; 
567; 0; 0; 0; 692; 
567; 0; 0; 0; 692.2; 
567; 0; 0; 0; 692.4; 
567; 0; 0; 0; 692.6; 
567; 0; 0; 0; 692.8; 
567; 0; 0; 0; 693; 
567; 0; 0; 0; 693.2; 
567; 0; 0; 0; 693.4; 
567; 0; 0; 0; 693.6; 
567; 0; 0; 0; 693.8; 
567; 0; 0; 0; 694; 
567; 0; 0; 0; 694.2; 
567; 0; 0; 0; 694.4; 
567; 0; 0; 0; 694.6; 
567; 0; 0; 0; 694.8; 
567; 0; 0; 0; 695; 
567; 0; 0; 0; 695.2; 
567; 0; 0; 0; 695.4; 
567; 0; 0; 0; 695.6; 
567; 0; 0; 0; 695.8; 
567; 0; 0; 0; 696; 
567; 0; 0; 0; 696.2; 
567; 0; 0; 0; 696.4; 
567; 0; 0; 0; 696.6; 
567; 0; 0; 0; 696.8; 
567; 0; 0; 0; 697; 
567; 0; 0; 0; 697.2; 
567; 0; 0; 0; 697.4; 
567; 0; 0; 0; 697.6; 
567; 0; 0; 0; 697.8; 
567; 0; 0; 0; 698; 
567; 0; 0; 0; 698.2; 
567; 0; 0; 0; 698.4; 
567; 0; 0; 0; 698.6; 
567; 0; 0; 0; 698.8; 
567; 0; 0; 0; 699; 
567; 0; 0; 0; 699.2; 
567; 0; 0; 0; 699.4; 
567; 0; 0; 0; 699.6; 
567; 0; 0; 0; 699.8; 
567; 0; 0; 0; 700; 
567; 0; 0; 0; 700.2; 
567; 0; 0; 0; 700.4; 
567; 0; 0; 0; 700.6; 
567; 0; 0; 0; 700.8; 
567; 0; 0; 0; 701; 
567; 0; 0; 0; 701.2; 
567; 0; 0; 0; 701.4; 
567; 0; 0; 0; 701.6; 
567; 0; 0; 0; 701.8; 
567; 0; 0; 0; 702; 
567; 0; 0; 0; 702.2; 
567; 0; 0; 0; 702.4; 
567; 0; 0; 0; 702.6; 
567; 0; 0; 0; 702.8; 
567; 0; 0; 0; 703; 
567; 0; 0; 0; 703.2; 
567; 0; 0; 0; 703.4; 
567; 0; 0; 0; 703.6; 
567; 0; 0; 0; 703.8; 
567; 0; 0; 0; 704; 
567; 0; 0; 0; 704.2; 
567; 0; 0; 0; 704.4; 
567; 0; 0; 0; 704.6; 
567; 0; 0; 0; 704.8; 
567; 0; 0; 0; 705; 
567; 0; 0; 0; 705.2; 
567; 0; 0; 0; 705.4; 
567; 0; 0; 0; 705.6; 
567; 0; 0; 0; 705.8; 
567; 0; 0; 0; 706; 
567; 0; 0; 0; 706.2; 
567; 0; 0; 0; 706.4; 
567; 0; 0; 0; 706.6; 
567; 0; 0; 0; 706.8; 
567; 0; 0; 0; 707; 
567; 0; 0; 0; 707.2; 
567; 0; 0; 0; 707.4; 
567; 0; 0; 0; 707.6; 
567; 0; 0; 0; 707.8; 
567; 0; 0; 0; 708; 
567; 0; 0; 0; 708.2; 
567; 0; 0; 0; 708.4; 
567; 0; 0; 0; 708.6; 
567; 0; 0; 0; 708.8; 
567; 0; 0; 0; 709; 
567; 0; 0; 0; 709.2; 
567; 0; 0; 0; 709.4; 
567; 0; 0; 0; 709.6; 
567; 0; 0; 0; 709.8; 
567; 0; 0; 0; 710; 
567; 0; 0; 0; 710.2; 
567; 0; 0; 0; 710.4; 
567; 0; 0; 0; 710.6; 
567; 0; 0; 0; 710.8; 
567; 0; 0; 0; 711; 
567; 0; 0; 0; 711.2; 
567; 0; 0; 0; 711.4; 
567; 0; 0; 0; 711.6; 
567; 0; 0; 0; 711.8; 
567; 0; 0; 0; 712; 
567; 0; 0; 0; 712.2; 
567; 0; 0; 0; 712.4; 
567; 0; 0; 0; 712.6; 
567; 0; 0; 0; 712.8; 
567; 0; 0; 0; 713; 
567; 0; 0; 0; 713.2; 
567; 0; 0; 0; 713.4; 
567; 0; 0; 0; 713.6; 
567; 0; 0; 0; 713.8; 
567; 0; 0; 0; 714; 
567; 0; 0; 0; 714.2; 
567; 0; 0; 0; 714.4; 
567; 0; 0; 0; 714.6; 
567; 0; 0; 0; 714.8; 
567; 0; 0; 0; 715; 
567; 0; 0; 0; 715.2; 
567; 0; 0; 0; 715.4; 
567; 0; 0; 0; 715.6; 
567; 0; 0; 0; 715.8; 
567; 0; 0; 0; 716; 
567; 0; 0; 0; 716.2; 
567; 0; 0; 0; 716.4; 
567; 0; 0; 0; 716.6; 
567; 0; 0; 0; 716.8; 
567; 0; 0; 0; 717; 
567; 0; 0; 0; 717.2; 
567; 0; 0; 0; 717.4; 
567; 0; 0; 0; 717.6; 
567; 0; 0; 0; 717.8; 
567; 0; 0; 0; 718; 
567; 0; 0; 0; 718.2; 
567; 0; 0; 0; 718.4; 
567; 0; 0; 0; 718.6; 
567; 0; 0; 0; 718.8; 
567; 0; 0; 0; 719; 
567; 0; 0; 0; 719.2; 
567; 0; 0; 0; 719.4; 
567; 0; 0; 0; 719.6; 
567; 0; 0; 0; 719.8; 
567; 0; 0; 0; 720; 
567; 0; 0; 0; 720.2; 
567; 0; 0; 0; 720.4; 
567; 0; 0; 0; 720.6; 
567; 0; 0; 0; 720.8; 
567; 0; 0; 0; 721; 
567; 0; 0; 0; 721.2; 
567; 0; 0; 0; 721.4; 
567; 0; 0; 0; 721.6; 
567; 0; 0; 0; 721.8; 
567; 0; 0; 0; 722; 
567; 0; 0; 0; 722.2; 
567; 0; 0; 0; 722.4; 
567; 0; 0; 0; 722.6; 
567; 0; 0; 0; 722.8; 
567; 0; 0; 0; 723; 
567; 0; 0; 0; 723.2; 
567; 0; 0; 0; 723.4; 
567; 0; 0; 0; 723.6; 
567; 0; 0; 0; 723.8; 
567; 0; 0; 0; 724; 
567; 0; 0; 0; 724.2; 
567; 0; 0; 0; 724.4; 
567; 0; 0; 0; 724.6; 
567; 0; 0; 0; 724.8; 
567; 0; 0; 0; 725; 
567; 0; 0; 0; 725.2; 
567; 0; 0; 0; 725.4; 
567; 0; 0; 0; 725.6; 
567; 0; 0; 0; 725.8; 
567; 0; 0; 0; 726; 
567; 0; 0; 0; 726.2; 
567; 0; 0; 0; 726.4; 
567; 0; 0; 0; 726.6; 
567; 0; 0; 0; 726.8; 
567; 0; 0; 0; 727; 
567; 0; 0; 0; 727.2; 
567; 0; 0; 0; 727.4; 
567; 0; 0; 0; 727.6; 
567; 0; 0; 0; 727.8; 
567; 0; 0; 0; 728; 
567; 0; 0; 0; 728.2; 
567; 0; 0; 0; 728.4; 
567; 0; 0; 0; 728.6; 
567; 0; 0; 0; 728.8; 
567; 0; 0; 0; 729; 
567; 0; 0; 0; 729.2; 
567; 0; 0; 0; 729.4; 
567; 0; 0; 0; 729.6; 
567; 0; 0; 0; 729.8; 
567; 0; 0; 0; 730; 
567; 0; 0; 0; 730.2; 
567; 0; 0; 0; 730.4; 
567; 0; 0; 0; 730.6; 
567; 0; 0; 0; 730.8; 
567; 0; 0; 0; 731; 
567; 0; 0; 0; 731.2; 
567; 0; 0; 0; 731.4; 
567; 0; 0; 0; 731.6; 
567; 0; 0; 0; 731.8; 
567; 0; 0; 0; 732; 
567; 0; 0; 0; 732.2; 
567; 0; 0; 0; 732.4; 
567; 0; 0; 0; 732.6; 
567; 0; 0; 0; 732.8; 
567; 0; 0; 0; 733; 
567; 0; 0; 0; 733.2; 
567; 0; 0; 0; 733.4; 
567; 0; 0; 0; 733.6; 
567; 0; 0; 0; 733.8; 
567; 0; 0; 0; 734; 
567; 0; 0; 0; 734.2; 
567; 0; 0; 0; 734.4; 
567; 0; 0; 0; 734.6; 
567; 0; 0; 0; 734.8; 
567; 0; 0; 0; 735; 
567; 0; 0; 0; 735.2; 
567; 0; 0; 0; 735.4; 
567; 0; 0; 0; 735.6; 
567; 0; 0; 0; 735.8; 
567; 0; 0; 0; 736; 
567; 0; 0; 0; 736.2; 
567; 0; 0; 0; 736.4; 
567; 0; 0; 0; 736.6; 
567; 0; 0; 0; 736.8; 
567; 0; 0; 0; 737; 
567; 0; 0; 0; 737.2; 
567; 0; 0; 0; 737.4; 
567; 0; 0; 0; 737.6; 
567; 0; 0; 0; 737.8; 
567; 0; 0; 0; 738; 
567; 0; 0; 0; 738.2; 
567; 0; 0; 0; 738.4; 
567; 0; 0; 0; 738.6; 
567; 0; 0; 0; 738.8; 
567; 0; 0; 0; 739; 
567; 0; 0; 0; 739.2; 
567; 0; 0; 0; 739.4; 
567; 0; 0; 0; 739.6; 
567; 0; 0; 0; 739.8; 
567; 0; 0; 0; 740; 
567; 0; 0; 0; 740.2; 
567; 0; 0; 0; 740.4; 
567; 0; 0; 0; 740.6; 
567; 0; 0; 0; 740.8; 
567; 0; 0; 0; 741; 
567; 0; 0; 0; 741.2; 
567; 0; 0; 0; 741.4; 
567; 0; 0; 0; 741.6; 
567; 0; 0; 0; 741.8; 
567; 0; 0; 0; 742; 
567; 0; 0; 0; 742.2; 
567; 0; 0; 0; 742.4; 
567; 0; 0; 0; 742.6; 
567; 0; 0; 0; 742.8; 
567; 0; 0; 0; 743; 
567; 0; 0; 0; 743.2; 
567; 0; 0; 0; 743.4; 
567; 0; 0; 0; 743.6; 
567; 0; 0; 0; 743.8; 
567; 0; 0; 0; 744; 
567; 0; 0; 0; 744.2; 
567; 0; 0; 0; 744.4; 
567; 0; 0; 0; 744.6; 
567; 0; 0; 0; 744.8; 
567; 0; 0; 0; 745; 
567; 0; 0; 0; 745.2; 
567; 0; 0; 0; 745.4; 
567; 0; 0; 0; 745.6; 
567; 0; 0; 0; 745.8; 
567; 0; 0; 0; 746; 
567; 0; 0; 0; 746.2; 
567; 0; 0; 0; 746.4; 
567; 0; 0; 0; 746.6; 
567; 0; 0; 0; 746.8; 
567; 0; 0; 0; 747; 
567; 0; 0; 0; 747.2; 
567; 0; 0; 0; 747.4; 
567; 0; 0; 0; 747.6; 
567; 0; 0; 0; 747.8; 
567; 0; 0; 0; 748; 
567; 0; 0; 0; 748.2; 
567; 0; 0; 0; 748.4; 
567; 0; 0; 0; 748.6; 
567; 0; 0; 0; 748.8; 
567; 0; 0; 0; 749; 
567; 0; 0; 0; 749.2; 
567; 0; 0; 0; 749.4; 
567; 0; 0; 0; 749.6; 
567; 0; 0; 0; 749.8; 
567; 0; 0; 0; 750; 
567; 0; 0; 0; 750.2; 
567; 0; 0; 0; 750.4; 
567; 0; 0; 0; 750.6; 
567; 0; 0; 0; 750.8; 
567; 0; 0; 0; 751; 
567; 0; 0; 0; 751.2; 
567; 0; 0; 0; 751.4; 
567; 0; 0; 0; 751.6; 
567; 0; 0; 0; 751.8; 
567; 0; 0; 0; 752; 
567; 0; 0; 0; 752.2; 
567; 0; 0; 0; 752.4; 
567; 0; 0; 0; 752.6; 
567; 0; 0; 0; 752.8; 
567; 0; 0; 0; 753; 
567; 0; 0; 0; 753.2; 
567; 0; 0; 0; 753.4; 
567; 0; 0; 0; 753.6; 
567; 0; 0; 0; 753.8; 
567; 0; 0; 0; 754; 
567; 0; 0; 0; 754.2; 
567; 0; 0; 0; 754.4; 
567; 0; 0; 0; 754.6; 
567; 0; 0; 0; 754.8; 
567; 0; 0; 0; 755; 
567; 0; 0; 0; 755.2; 
567; 0; 0; 0; 755.4; 
567; 0; 0; 0; 755.6; 
567; 0; 0; 0; 755.8; 
567; 0; 0; 0; 756; 
567; 0; 0; 0; 756.2; 
567; 0; 0; 0; 756.4; 
567; 0; 0; 0; 756.6; 
567; 0; 0; 0; 756.8; 
567; 0; 0; 0; 757; 
567; 0; 0; 0; 757.2; 
567; 0; 0; 0; 757.4; 
567; 0; 0; 0; 757.6; 
567; 0; 0; 0; 757.8; 
567; 0; 0; 0; 758; 
567; 0; 0; 0; 758.2; 
567; 0; 0; 0; 758.4; 
567; 0; 0; 0; 758.6; 
567; 0; 0; 0; 758.8; 
567; 0; 0; 0; 759; 
567; 0; 0; 0; 759.2; 
567; 0; 0; 0; 759.4; 
567; 0; 0; 0; 759.6; 
567; 0; 0; 0; 759.8; 
567; 0; 0; 0; 760; 
567; 0; 0; 0; 760.2; 
567; 0; 0; 0; 760.4; 
567; 0; 0; 0; 760.6; 
567; 0; 0; 0; 760.8; 
567; 0; 0; 0; 761; 
567; 0; 0; 0; 761.2; 
567; 0; 0; 0; 761.4; 
567; 0; 0; 0; 761.6; 
567; 0; 0; 0; 761.8; 
567; 0; 0; 0; 762; 
567; 0; 0; 0; 762.2; 
567; 0; 0; 0; 762.4; 
567; 0; 0; 0; 762.6; 
567; 0; 0; 0; 762.8; 
567; 0; 0; 0; 763; 
567; 0; 0; 0; 763.2; 
567; 0; 0; 0; 763.4; 
567; 0; 0; 0; 763.6; 
567; 0; 0; 0; 763.8; 
567; 0; 0; 0; 764; 
567; 0; 0; 0; 764.2; 
567; 0; 0; 0; 764.4; 
567; 0; 0; 0; 764.6; 
567; 0; 0; 0; 764.8; 
567; 0; 0; 0; 765; 
567; 0; 0; 0; 765.2; 
567; 0; 0; 0; 765.4; 
567; 0; 0; 0; 765.6; 
567; 0; 0; 0; 765.8; 
567; 0; 0; 0; 766; 
567; 0; 0; 0; 766.2; 
567; 0; 0; 0; 766.4; 
567; 0; 0; 0; 766.6; 
567; 0; 0; 0; 766.8; 
567; 0; 0; 0; 767; 
567; 0; 0; 0; 767.2; 
567; 0; 0; 0; 767.4; 
567; 0; 0; 0; 767.6; 
567; 0; 0; 0; 767.8; 
567; 0; 0; 0; 768; 
567; 0; 0; 0; 768.2; 
567; 0; 0; 0; 768.4; 
567; 0; 0; 0; 768.6; 
567; 0; 0; 0; 768.8; 
567; 0; 0; 0; 769; 
567; 0; 0; 0; 769.2; 
567; 0; 0; 0; 769.4; 
567; 0; 0; 0; 769.6; 
567; 0; 0; 0; 769.8; 
567; 0; 0; 0; 770; 
567; 0; 0; 0; 770.2; 
567; 0; 0; 0; 770.4; 
567; 0; 0; 0; 770.6; 
567; 0; 0; 0; 770.8; 
567; 0; 0; 0; 771; 
567; 0; 0; 0; 771.2; 
567; 0; 0; 0; 771.4; 
567; 0; 0; 0; 771.6; 
567; 0; 0; 0; 771.8; 
567; 0; 0; 0; 772; 
567; 0; 0; 0; 772.2; 
567; 0; 0; 0; 772.4; 
567; 0; 0; 0; 772.6; 
567; 0; 0; 0; 772.8; 
567; 0; 0; 0; 773; 
567; 0; 0; 0; 773.2; 
567; 0; 0; 0; 773.4; 
567; 0; 0; 0; 773.6; 
567; 0; 0; 0; 773.8; 
567; 0; 0; 0; 774; 
567; 0; 0; 0; 774.2; 
567; 0; 0; 0; 774.4; 
567; 0; 0; 0; 774.6; 
567; 0; 0; 0; 774.8; 
567; 0; 0; 0; 775; 
567; 0; 0; 0; 775.2; 
567; 0; 0; 0; 775.4; 
567; 0; 0; 0; 775.6; 
567; 0; 0; 0; 775.8; 
567; 0; 0; 0; 776; 
567; 0; 0; 0; 776.2; 
567; 0; 0; 0; 776.4; 
567; 0; 0; 0; 776.6; 
567; 0; 0; 0; 776.8; 
567; 0; 0; 0; 777; 
567; 0; 0; 0; 777.2; 
567; 0; 0; 0; 777.4; 
567; 0; 0; 0; 777.6; 
567; 0; 0; 0; 777.8; 
567; 0; 0; 0; 778; 
567; 0; 0; 0; 778.2; 
567; 0; 0; 0; 778.4; 
567; 0; 0; 0; 778.6; 
567; 0; 0; 0; 778.8; 
567; 0; 0; 0; 779; 
567; 0; 0; 0; 779.2; 
567; 0; 0; 0; 779.4; 
567; 0; 0; 0; 779.6; 
567; 0; 0; 0; 779.8; 
567; 0; 0; 0; 780; 
567; 0; 0; 0; 780.2; 
567; 0; 0; 0; 780.4; 
567; 0; 0; 0; 780.6; 
567; 0; 0; 0; 780.8; 
567; 0; 0; 0; 781; 
567; 0; 0; 0; 781.2; 
567; 0; 0; 0; 781.4; 
567; 0; 0; 0; 781.6; 
567; 0; 0; 0; 781.8; 
567; 0; 0; 0; 782; 
567; 0; 0; 0; 782.2; 
567; 0; 0; 0; 782.4; 
567; 0; 0; 0; 782.6; 
567; 0; 0; 0; 782.8; 
567; 0; 0; 0; 783; 
567; 0; 0; 0; 783.2; 
567; 0; 0; 0; 783.4; 
567; 0; 0; 0; 783.6; 
567; 0; 0; 0; 783.8; 
567; 0; 0; 0; 784; 
567; 0; 0; 0; 784.2; 
567; 0; 0; 0; 784.4; 
567; 0; 0; 0; 784.6; 
567; 0; 0; 0; 784.8; 
567; 0; 0; 0; 785; 
567; 0; 0; 0; 785.2; 
567; 0; 0; 0; 785.4; 
567; 0; 0; 0; 785.6; 
567; 0; 0; 0; 785.8; 
567; 0; 0; 0; 786; 
567; 0; 0; 0; 786.2; 
567; 0; 0; 0; 786.4; 
567; 0; 0; 0; 786.6; 
567; 0; 0; 0; 786.8; 
567; 0; 0; 0; 787; 
567; 0; 0; 0; 787.2; 
567; 0; 0; 0; 787.4; 
567; 0; 0; 0; 787.6; 
567; 0; 0; 0; 787.8; 
567; 0; 0; 0; 788; 
567; 0; 0; 0; 788.2; 
567; 0; 0; 0; 788.4; 
567; 0; 0; 0; 788.6; 
567; 0; 0; 0; 788.8; 
567; 0; 0; 0; 789; 
567; 0; 0; 0; 789.2; 
567; 0; 0; 0; 789.4; 
567; 0; 0; 0; 789.6; 
567; 0; 0; 0; 789.8; 
567; 0; 0; 0; 790; 
567; 0; 0; 0; 790.2; 
567; 0; 0; 0; 790.4; 
567; 0; 0; 0; 790.6; 
567; 0; 0; 0; 790.8; 
567; 0; 0; 0; 791; 
567; 0; 0; 0; 791.2; 
567; 0; 0; 0; 791.4; 
567; 0; 0; 0; 791.6; 
567; 0; 0; 0; 791.8; 
567; 0; 0; 0; 792; 
567; 0; 0; 0; 792.2; 
567; 0; 0; 0; 792.4; 
567; 0; 0; 0; 792.6; 
567; 0; 0; 0; 792.8; 
567; 0; 0; 0; 793; 
567; 0; 0; 0; 793.2; 
567; 0; 0; 0; 793.4; 
567; 0; 0; 0; 793.6; 
567; 0; 0; 0; 793.8; 
567; 0; 0; 0; 794; 
567; 0; 0; 0; 794.2; 
567; 0; 0; 0; 794.4; 
567; 0; 0; 0; 794.6; 
567; 0; 0; 0; 794.8; 
567; 0; 0; 0; 795; 
567; 0; 0; 0; 795.2; 
567; 0; 0; 0; 795.4; 
567; 0; 0; 0; 795.6; 
567; 0; 0; 0; 795.8; 
567; 0; 0; 0; 796; 
567; 0; 0; 0; 796.2; 
567; 0; 0; 0; 796.4; 
567; 0; 0; 0; 796.6; 
567; 0; 0; 0; 796.8; 
567; 0; 0; 0; 797; 
567; 0; 0; 0; 797.2; 
567; 0; 0; 0; 797.4; 
567; 0; 0; 0; 797.6; 
567; 0; 0; 0; 797.8; 
567; 0; 0; 0; 798; 
567; 0; 0; 0; 798.2; 
567; 0; 0; 0; 798.4; 
567; 0; 0; 0; 798.6; 
567; 0; 0; 0; 798.8; 
567; 0; 0; 0; 799; 
567; 0; 0; 0; 799.2; 
567; 0; 0; 0; 799.4; 
567; 0; 0; 0; 799.6; 
567; 0; 0; 0; 799.8; 
567; 0; 0; 0; 800; 
567; 0; 0; 0; 800.2; 
567; 0; 0; 0; 800.4; 
567; 0; 0; 0; 800.6; 
567; 0; 0; 0; 800.8; 
567; 0; 0; 0; 801; 
567; 0; 0; 0; 801.2; 
567; 0; 0; 0; 801.4; 
567; 0; 0; 0; 801.6; 
567; 0; 0; 0; 801.8; 
567; 0; 0; 0; 802; 
567; 0; 0; 0; 802.2; 
567; 0; 0; 0; 802.4; 
567; 0; 0; 0; 802.6; 
567; 0; 0; 0; 802.8; 
567; 0; 0; 0; 803; 
567; 0; 0; 0; 803.2; 
567; 0; 0; 0; 803.4; 
567; 0; 0; 0; 803.6; 
567; 0; 0; 0; 803.8; 
567; 0; 0; 0; 804; 
567; 0; 0; 0; 804.2; 
567; 0; 0; 0; 804.4; 
567; 0; 0; 0; 804.6; 
567; 0; 0; 0; 804.8; 
567; 0; 0; 0; 805; 
567; 0; 0; 0; 805.2; 
567; 0; 0; 0; 805.4; 
567; 0; 0; 0; 805.6; 
567; 0; 0; 0; 805.8; 
567; 0; 0; 0; 806; 
567; 0; 0; 0; 806.2; 
567; 0; 0; 0; 806.4; 
567; 0; 0; 0; 806.6; 
567; 0; 0; 0; 806.8; 
567; 0; 0; 0; 807; 
567; 0; 0; 0; 807.2; 
567; 0; 0; 0; 807.4; 
567; 0; 0; 0; 807.6; 
567; 0; 0; 0; 807.8; 
567; 0; 0; 0; 808; 
567; 0; 0; 0; 808.2; 
567; 0; 0; 0; 808.4; 
567; 0; 0; 0; 808.6; 
567; 0; 0; 0; 808.8; 
567; 0; 0; 0; 809; 
567; 0; 0; 0; 809.2; 
567; 0; 0; 0; 809.4; 
567; 0; 0; 0; 809.6; 
567; 0; 0; 0; 809.8; 
567; 0; 0; 0; 810; 
567; 0; 0; 0; 810.2; 
567; 0; 0; 0; 810.4; 
567; 0; 0; 0; 810.6; 
567; 0; 0; 0; 810.8; 
567; 0; 0; 0; 811; 
567; 0; 0; 0; 811.2; 
567; 0; 0; 0; 811.4; 
567; 0; 0; 0; 811.6; 
567; 0; 0; 0; 811.8; 
567; 0; 0; 0; 812; 
567; 0; 0; 0; 812.2; 
567; 0; 0; 0; 812.4; 
567; 0; 0; 0; 812.6; 
567; 0; 0; 0; 812.8; 
567; 0; 0; 0; 813; 
567; 0; 0; 0; 813.2; 
567; 0; 0; 0; 813.4; 
567; 0; 0; 0; 813.6; 
567; 0; 0; 0; 813.8; 
567; 0; 0; 0; 814; 
567; 0; 0; 0; 814.2; 
567; 0; 0; 0; 814.4; 
567; 0; 0; 0; 814.6; 
567; 0; 0; 0; 814.8; 
567; 0; 0; 0; 815; 
567; 0; 0; 0; 815.2; 
567; 0; 0; 0; 815.4; 
567; 0; 0; 0; 815.6; 
567; 0; 0; 0; 815.8; 
567; 0; 0; 0; 816; 
567; 0; 0; 0; 816.2; 
567; 0; 0; 0; 816.4; 
567; 0; 0; 0; 816.6; 
567; 0; 0; 0; 816.8; 
567; 0; 0; 0; 817; 
567; 0; 0; 0; 817.2; 
567; 0; 0; 0; 817.4; 
567; 0; 0; 0; 817.6; 
567; 0; 0; 0; 817.8; 
567; 0; 0; 0; 818; 
567; 0; 0; 0; 818.2; 
567; 0; 0; 0; 818.4; 
567; 0; 0; 0; 818.6; 
567; 0; 0; 0; 818.8; 
567; 0; 0; 0; 819; 
567; 0; 0; 0; 819.2; 
567; 0; 0; 0; 819.4; 
567; 0; 0; 0; 819.6; 
567; 0; 0; 0; 819.8; 
567; 0; 0; 0; 820; 
567; 0; 0; 0; 820.2; 
567; 0; 0; 0; 820.4; 
567; 0; 0; 0; 820.6; 
567; 0; 0; 0; 820.8; 
567; 0; 0; 0; 821; 
567; 0; 0; 0; 821.2; 
567; 0; 0; 0; 821.4; 
567; 0; 0; 0; 821.6; 
567; 0; 0; 0; 821.8; 
567; 0; 0; 0; 822; 
567; 0; 0; 0; 822.2; 
567; 0; 0; 0; 822.4; 
567; 0; 0; 0; 822.6; 
567; 0; 0; 0; 822.8; 
567; 0; 0; 0; 823; 
567; 0; 0; 0; 823.2; 
567; 0; 0; 0; 823.4; 
567; 0; 0; 0; 823.6; 
567; 0; 0; 0; 823.8; 
567; 0; 0; 0; 824; 
567; 0; 0; 0; 824.2; 
