567; 0; 0; 170; 0; 
567; 0; 0; 170; 0.2; 
567; 0; 0; 170; 0.4; 
567; 0; 0; 170; 0.6; 
567; 0; 0; 170; 0.8; 
567; 0; 0; 170; 1; 
567; 0; 0; 170; 1.2; 
567; 0; 0; 170; 1.4; 
567; 0; 0; 170; 1.6; 
567; 0; 0; 170; 1.8; 
567; 0; 0; 170; 2; 
567; 0; 0; 170; 2.2; 
567; 0; 0; 170; 2.4; 
567; 0; 0; 170; 2.6; 
567; 0; 0; 170; 2.8; 
567; 0; 0; 170; 3; 
567; 0; 0; 170; 3.2; 
567; 0; 0; 170; 3.4; 
567; 0; 0; 170; 3.6; 
567; 0; 0; 170; 3.8; 
567; 0; 0; 170; 4; 
567; 0; 0; 170; 4.2; 
567; 0; 0; 170; 4.4; 
567; 0; 0; 170; 4.6; 
567; 0; 0; 170; 4.8; 
567; 0; 0; 170; 5; 
567; 0; 0; 170; 5.2; 
567; 0; 0; 170; 5.4; 
567; 0; 0; 170; 5.6; 
567; 0; 0; 170; 5.8; 
567; 0; 0; 170; 6; 
567; 0; 0; 170; 6.2; 
567; 0; 0; 170; 6.4; 
567; 0; 0; 170; 6.6; 
567; 0; 0; 170; 6.8; 
567; 0; 0; 170; 7; 
567; 0; 0; 170; 7.2; 
567; 0; 0; 170; 7.4; 
567; 0; 0; 170; 7.6; 
567; 0; 0; 170; 7.8; 
567; 0; 0; 170; 8; 
567; 0; 0; 170; 8.2; 
567; 0; 0; 170; 8.4; 
567; 0; 0; 170; 8.6; 
567; 0; 0; 170; 8.8; 
567; 0; 0; 170; 9; 
567; 0; 0; 170; 9.2; 
567; 0; 0; 170; 9.4; 
567; 0; 0; 170; 9.6; 
567; 0; 0; 170; 9.8; 
567; 0; 0; 170; 10; 
567; 0; 0; 170; 10.2; 
567; 0; 0; 170; 10.4; 
567; 0; 0; 170; 10.6; 
567; 0; 0; 170; 10.8; 
567; 0; 0; 170; 11; 
567; 0; 0; 170; 11.2; 
567; 0; 0; 170; 11.4; 
567; 0; 0; 170; 11.6; 
567; 0; 0; 170; 11.8; 
567; 0; 0; 170; 12; 
567; 0; 0; 170; 12.2; 
567; 0; 0; 170; 12.4; 
567; 0; 0; 170; 12.6; 
567; 0; 0; 170; 12.8; 
567; 0; 0; 170; 13; 
567; 0; 0; 170; 13.2; 
567; 0; 0; 170; 13.4; 
567; 0; 0; 170; 13.6; 
567; 0; 0; 170; 13.8; 
567; 0; 0; 170; 14; 
567; 0; 0; 170; 14.2; 
567; 0; 0; 170; 14.4; 
567; 0; 0; 170; 14.6; 
567; 0; 0; 170; 14.8; 
567; 0; 0; 170; 15; 
567; 0; 0; 170; 15.2; 
567; 0; 0; 170; 15.4; 
567; 0; 0; 170; 15.6; 
567; 0; 0; 170; 15.8; 
567; 0; 0; 170; 16; 
567; 0; 0; 170; 16.2; 
567; 0; 0; 170; 16.4; 
567; 0; 0; 170; 16.6; 
567; 0; 0; 170; 16.8; 
567; 0; 0; 170; 17; 
567; 0; 0; 170; 17.2; 
567; 0; 0; 170; 17.4; 
567; 0; 0; 170; 17.6; 
567; 0; 0; 170; 17.8; 
567; 0; 0; 170; 18; 
567; 0; 0; 170; 18.2; 
567; 0; 0; 170; 18.4; 
567; 0; 0; 170; 18.6; 
567; 0; 0; 170; 18.8; 
567; 0; 0; 170; 19; 
567; 0; 0; 170; 19.2; 
567; 0; 0; 170; 19.4; 
567; 0; 0; 170; 19.6; 
567; 0; 0; 170; 19.8; 
567; 0; 0; 170; 20; 
567; 0; 0; 170; 20.2; 
567; 0; 0; 170; 20.4; 
567; 0; 0; 170; 20.6; 
567; 0; 0; 170; 20.8; 
567; 0; 0; 170; 21; 
567; 0; 0; 170; 21.2; 
567; 0; 0; 170; 21.4; 
567; 0; 0; 170; 21.6; 
567; 0; 0; 170; 21.8; 
567; 0; 0; 170; 22; 
567; 0; 0; 170; 22.2; 
567; 0; 0; 170; 22.4; 
567; 0; 0; 170; 22.6; 
567; 0; 0; 170; 22.8; 
567; 0; 0; 170; 23; 
567; 0; 0; 170; 23.2; 
567; 0; 0; 170; 23.4; 
567; 0; 0; 170; 23.6; 
567; 0; 2437.1089; 170; 23.8; 
567; 0; 2437.1089; 170; 24; 
567; 0; 2437.1089; 170; 24.2; 
567; 0; 2437.1089; 170; 24.4; 
567; 0; 2437.1089; 170; 24.6; 
567; 0; 2437.1089; 170; 24.8; 
567; 0; 2437.1089; 170; 25; 
567; 0; 2437.1089; 170; 25.2; 
567; 0; 2437.1089; 170; 25.4; 
567; 0; 2437.1089; 170; 25.6; 
567; 0; 2437.1089; 170; 25.8; 
567; 0; 2437.1089; 170; 26; 
567; 0; 2437.1089; 170; 26.2; 
567; 0; 2437.1089; 170; 26.4; 
567; 0; 2437.1089; 170; 26.6; 
567; 0; 2437.1089; 170; 26.8; 
567; 0; 2437.1089; 170; 27; 
567; 0; 2437.1089; 170; 27.2; 
567; 0; 2437.1089; 170; 27.4; 
567; 0; 2437.1089; 170; 27.6; 
567; 0; 2437.1089; 170; 27.8; 
567; 0; 2437.1089; 170; 28; 
567; 0; 2437.1089; 170; 28.2; 
567; 0; 2437.1089; 170; 28.4; 
567; 0; 2437.1089; 170; 28.6; 
567; 0; 2437.1089; 170; 28.8; 
567; 0; 2437.1089; 170; 29; 
567; 0; 2437.1089; 170; 29.2; 
567; 0; 2437.1089; 170; 29.4; 
567; 0; 2437.1089; 170; 29.6; 
567; 0; 2437.1089; 170; 29.8; 
567; 0; 2437.1089; 170; 30; 
567; 0; 2437.1089; 170; 30.2; 
567; 0; 2437.1089; 170; 30.4; 
567; 0; 2437.1089; 170; 30.6; 
567; 0; 2437.1089; 170; 30.8; 
567; 0; 2437.1089; 170; 31; 
567; 0; 2437.1089; 170; 31.2; 
567; 0; 2437.1089; 170; 31.4; 
567; 0; 2437.1089; 170; 31.6; 
567; 0; 2437.1089; 170; 31.8; 
567; 0; 2437.1089; 170; 32; 
567; 0; 2437.1089; 170; 32.2; 
567; 0; 2437.1089; 170; 32.4; 
567; 0; 2437.1089; 170; 32.6; 
567; 0; 2437.1089; 170; 32.8; 
567; 0; 2437.1089; 170; 33; 
567; 0; 2437.1089; 170; 33.2; 
567; 0; 2437.1089; 170; 33.4; 
567; 0; 2437.1089; 170; 33.6; 
567; 0; 2437.1089; 170; 33.8; 
567; 0; 2437.1089; 170; 34; 
567; 0; 2437.1089; 170; 34.2; 
567; 0; 2437.1089; 170; 34.4; 
567; 0; 2437.1089; 170; 34.6; 
567; 0; 2437.1089; 170; 34.8; 
567; 0; 2437.1089; 170; 35; 
567; 0; 2437.1089; 170; 35.2; 
567; 0; 2437.1089; 170; 35.4; 
567; 0; 2437.1089; 170; 35.6; 
567; 0; 2437.1089; 170; 35.8; 
567; 0; 2437.1089; 170; 36; 
567; 0; 2437.1089; 170; 36.2; 
567; 0; 2437.1089; 170; 36.4; 
567; 0; 2437.1089; 170; 36.6; 
567; 0; 2437.1089; 170; 36.8; 
567; 0; 2437.1089; 170; 37; 
567; 0; 2437.1089; 170; 37.2; 
567; 0; 2437.1089; 170; 37.4; 
567; 0; 2437.1089; 170; 37.6; 
567; 0; 2437.1089; 170; 37.8; 
567; 0; 2437.1089; 170; 38; 
567; 0; 2437.1089; 170; 38.2; 
567; 0; 2437.1089; 170; 38.4; 
567; 0; 2437.1089; 170; 38.6; 
567; 0; 2437.1089; 170; 38.8; 
567; 0; 2453.6413; 170; 39; 
567; 0; 2487.2797; 170; 39.2; 
567; 0; 2538.4819; 170; 39.4; 
567; 0; 2737.1149; 170; 39.6; 
567; 0; 2988.0446; 170; 39.8; 
567; 0; 3039.2706; 170; 40; 
567; 0; 3074.2126; 170; 40.2; 
567; 0; 3124.7284; 170; 40.4; 
567; 0; 3155.3501; 170; 40.6; 
567; 0; 3183.1096; 170; 40.8; 
567; 0; 3196.9844; 170; 41; 
567; 0; 3211.0126; 170; 41.2; 
567; 0; 3210.5214; 170; 41.4; 
567; 0; 3210.0408; 170; 41.6; 
567; 0; 3195.0835; 170; 41.8; 
567; 0; 3194.6322; 170; 42; 
567; 0; 3194.1906; 170; 42.2; 
567; 0; 3193.759; 170; 42.4; 
567; 0; 3193.3383; 170; 42.6; 
567; 0; 3192.9291; 170; 42.8; 
567; 0; 3192.532; 170; 43; 
567; 0; 3192.1477; 170; 43.2; 
567; 0; 3191.7761; 170; 43.4; 
567; 0; 3191.416; 170; 43.6; 
567; 0; 3191.0664; 170; 43.8; 
567; 0; 3190.7263; 170; 44; 
567; 0; 3190.3951; 170; 44.2; 
567; 0; 3190.0726; 170; 44.4; 
567; 0; 3189.7584; 170; 44.6; 
567; 0; 3189.4525; 170; 44.8; 
567; 0; 3189.1549; 170; 45; 
567; 0; 3188.8655; 170; 45.2; 
567; 0; 3188.5844; 170; 45.4; 
567; 0; 3188.3116; 170; 45.6; 
567; 0; 3188.0471; 170; 45.8; 
567; 0; 3187.791; 170; 46; 
567; 0; 3187.5433; 170; 46.2; 
567; 0; 3187.3041; 170; 46.4; 
567; 0; 3187.0734; 170; 46.6; 
567; 0; 3186.8513; 170; 46.8; 
567; 0; 3186.6379; 170; 47; 
567; 0; 3186.4331; 170; 47.2; 
567; 0; 3200.5336; 170; 47.4; 
567; 0; 3200.3423; 170; 47.6; 
567; 0; 3200.1601; 170; 47.8; 
567; 0; 3199.987; 170; 48; 
567; 0; 3199.8231; 170; 48.2; 
567; 0; 3199.6684; 170; 48.4; 
567; 0; 3213.9774; 170; 48.6; 
567; 0; 3213.8384; 170; 48.8; 
567; 0; 3213.7091; 170; 49; 
567; 0; 3213.5894; 170; 49.2; 
567; 0; 3213.4796; 170; 49.4; 
567; 0; 3213.3796; 170; 49.6; 
567; 0; 3227.9123; 170; 49.8; 
567; 0; 3227.8305; 170; 50; 
567; 0; 3227.7589; 170; 50.2; 
567; 0; 3227.6977; 170; 50.4; 
567; 0; 3242.4511; 170; 50.6; 
567; 0; 3242.41; 170; 50.8; 
567; 0; 3242.3798; 170; 51; 
567; 0; 3242.3604; 170; 51.2; 
567; 0; 3257.3452; 170; 51.4; 
567; 0; 3257.348; 170; 51.6; 
567; 0; 3257.3621; 170; 51.8; 
567; 0; 3272.5777; 170; 52; 
567; 0; 3272.6153; 170; 52.2; 
567; 0; 3272.6616; 170; 52.4; 
567; 0; 3272.7132; 170; 52.6; 
567; 0; 3284.9517; 170; 52.8; 
567; 0; 3285.006; 170; 53; 
567; 0; 3285.0581; 170; 53.2; 
567; 0; 3285.1059; 170; 53.4; 
567; 0; 3297.4894; 170; 53.6; 
567; 0; 3297.5254; 170; 53.8; 
567; 0; 3297.5538; 170; 54; 
567; 0; 3297.5743; 170; 54.2; 
567; 0; 3310.0865; 170; 54.4; 
567; 0; 3310.0919; 170; 54.6; 
567; 0; 3310.0903; 170; 54.8; 
567; 0; 3310.0826; 170; 55; 
567; 0; 3322.7284; 170; 55.2; 
567; 0; 3322.7107; 170; 55.4; 
567; 0; 3322.6897; 170; 55.6; 
567; 0; 3322.6665; 170; 55.8; 
567; 0; 3322.642; 170; 56; 
567; 0; 3335.4372; 170; 56.2; 
567; 0; 3335.4126; 170; 56.4; 
567; 0; 3335.3893; 170; 56.6; 
567; 0; 3335.3677; 170; 56.8; 
567; 0; 3348.3326; 170; 57; 
567; 0; 3348.3155; 170; 57.2; 
567; 0; 3348.3009; 170; 57.4; 
567; 0; 3348.2889; 170; 57.6; 
567; 0; 3361.4311; 170; 57.8; 
567; 0; 3361.4236; 170; 58; 
567; 0; 3361.418; 170; 58.2; 
567; 0; 3361.414; 170; 58.4; 
567; 0; 3361.4111; 170; 58.6; 
567; 0; 3374.7318; 170; 58.8; 
567; 0; 3374.7302; 170; 59; 
567; 0; 3374.7287; 170; 59.2; 
567; 0; 3374.7271; 170; 59.4; 
567; 0; 3388.2221; 170; 59.6; 
567; 0; 3388.2195; 170; 59.8; 
567; 0; 3388.2163; 170; 60; 
567; 0; 3388.2124; 170; 60.2; 
567; 0; 3401.8821; 170; 60.4; 
567; 0; 3401.8769; 170; 60.6; 
567; 0; 3401.8711; 170; 60.8; 
567; 0; 3401.865; 170; 61; 
567; 0; 3401.8585; 170; 61.2; 
567; 0; 3412.6836; 170; 61.4; 
567; 0; 3412.677; 170; 61.6; 
567; 0; 3412.6704; 170; 61.8; 
567; 0; 3412.664; 170; 62; 
567; 0; 3423.6152; 170; 62.2; 
567; 0; 3423.6093; 170; 62.4; 
567; 0; 3423.6038; 170; 62.6; 
567; 0; 3423.5986; 170; 62.8; 
567; 0; 3423.5938; 170; 63; 
567; 0; 3434.6731; 170; 63.2; 
567; 0; 3434.6689; 170; 63.4; 
567; 0; 3434.665; 170; 63.6; 
567; 0; 3434.6612; 170; 63.8; 
567; 0; 3434.6576; 170; 64; 
567; 0; 3445.8653; 170; 64.2; 
567; 0; 3445.8618; 170; 64.4; 
567; 0; 3445.8583; 170; 64.6; 
567; 0; 3445.8549; 170; 64.8; 
567; 0; 3445.8507; 170; 65; 
567; 0; 3457.1824; 170; 65.2; 
567; 0; 3457.1678; 170; 65.4; 
567; 0; 3457.1447; 170; 65.6; 
567; 0; 3457.1112; 170; 65.8; 
567; 0; 3457.0656; 170; 66; 
567; 0; 3468.475; 170; 66.2; 
567; 0; 3468.4008; 170; 66.4; 
567; 0; 3468.3115; 170; 66.6; 
567; 0; 3468.2095; 170; 66.8; 
567; 0; 3468.0991; 170; 67; 
567; 0; 3467.9843; 170; 67.2; 
567; 0; 3479.4648; 170; 67.4; 
567; 0; 3479.3521; 170; 67.6; 
567; 0; 3479.2451; 170; 67.8; 
567; 0; 3479.1457; 170; 68; 
567; 0; 3479.0545; 170; 68.2; 
567; 0; 3478.9717; 170; 68.4; 
567; 0; 3490.6208; 170; 68.6; 
567; 0; 3490.5521; 170; 68.8; 
567; 0; 3490.4892; 170; 69; 
567; 0; 3490.4308; 170; 69.2; 
567; 0; 3490.3759; 170; 69.4; 
567; 0; 3502.1786; 170; 69.6; 
567; 0; 3502.128; 170; 69.8; 
567; 0; 3502.0788; 170; 70; 
567; 0; 3467.9054; 170; 70.2; 
567; 0; 3421.2215; 170; 70.4; 
567; 0; 3374.5399; 170; 70.6; 
567; 0; 3339.5767; 170; 70.8; 
567; 0; 3292.9057; 170; 71; 
567; 0; 3246.2385; 170; 71.2; 
567; 0; 3199.5749; 170; 71.4; 
567; 0; 3151.8312; 170; 71.6; 
567; 0; 3105.1753; 170; 71.8; 
567; 0; 3067.4443; 170; 72; 
567; 0; 3018.1204; 170; 72.2; 
567; 0; 2968.7997; 170; 72.4; 
567; 0; 2921.829; 170; 72.6; 
567; 0; 2874.8609; 170; 72.8; 
567; 0; 2829.0686; 170; 73; 
567; 0; 2795.7352; 170; 73.2; 
567; 0; 2754.5795; 170; 73.4; 
567; 0; 2714.5373; 170; 73.6; 
567; 0; 2675.6086; 170; 73.8; 
567; 0; 2636.06; 170; 74; 
567; 0; 2596.2739; 170; 74.2; 
567; 0; 2558.8993; 170; 74.4; 
567; 0; 2521.5265; 170; 74.6; 
567; 0; 2486.5651; 170; 74.8; 
567; 0; 2460.7921; 170; 75; 
567; 0; 2428.1247; 170; 75.2; 
567; 0; 2395.4587; 170; 75.4; 
567; 0; 2365.2126; 170; 75.6; 
567; 0; 2334.9675; 170; 75.8; 
567; 0; 2306.1362; 170; 76; 
567; 0; 2277.9462; 170; 76.2; 
567; 0; 2250.9823; 170; 76.4; 
567; 0; 2225.2443; 170; 76.6; 
567; 0; 2200.7323; 170; 76.8; 
567; 0; 2176.221; 170; 77; 
567; 0; 2154.16; 170; 77.2; 
567; 0; 2132.0986; 170; 77.4; 
567; 0; 2112.4867; 170; 77.6; 
567; 0; 2092.8744; 170; 77.8; 
567; 0; 2073.2621; 170; 78; 
567; 0; 2063.713; 170; 78.2; 
567; 0; 2046.4941; 170; 78.4; 
567; 0; 2029.2762; 170; 78.6; 
567; 0; 2013.0709; 170; 78.8; 
567; 0; 1995.9537; 170; 79; 
567; 0; 1980.1542; 170; 79.2; 
567; 0; 1964.3559; 170; 79.4; 
567; 0; 1949.8746; 170; 79.6; 
567; 0; 1935.3941; 170; 79.8; 
567; 0; 1920.9139; 170; 80; 
567; 0; 1907.7501; 170; 80.2; 
567; 0; 1895.9025; 170; 80.4; 
567; 0; 1884.0551; 170; 80.6; 
567; 0; 1872.4191; 170; 80.8; 
567; 0; 1862.2307; 170; 81; 
567; 0; 1853.3156; 170; 81.2; 
567; 0; 1843.1272; 170; 81.4; 
567; 0; 1834.2123; 170; 81.6; 
567; 0; 1825.2977; 170; 81.8; 
567; 0; 1817.6565; 170; 82; 
567; 0; 1810.0157; 170; 82.2; 
567; 0; 1803.6485; 170; 82.4; 
567; 0; 1796.0081; 170; 82.6; 
567; 0; 1789.6411; 170; 82.8; 
567; 0; 1783.2744; 170; 83; 
567; 0; 1778.181; 170; 83.2; 
567; 0; 1773.0878; 170; 83.4; 
567; 0; 1767.9947; 170; 83.6; 
567; 0; 1762.9016; 170; 83.8; 
567; 0; 1757.8087; 170; 84; 
567; 0; 1753.9891; 170; 84.2; 
567; 0; 1750.1695; 170; 84.4; 
567; 0; 1746.3499; 170; 84.6; 
567; 0; 1742.5303; 170; 84.8; 
567; 0; 1738.7106; 170; 85; 
567; 0; 1736.1643; 170; 85.2; 
567; 0; 1733.6181; 170; 85.4; 
567; 0; 1730.9492; 170; 85.6; 
567; 0; 1728.2097; 170; 85.8; 
567; 0; 1725.4702; 170; 86; 
567; 0; 1722.7307; 170; 86.2; 
567; 0; 1721.3614; 170; 86.4; 
567; 0; 1718.6222; 170; 86.6; 
567; 0; 1717.253; 170; 86.8; 
567; 0; 1715.8838; 170; 87; 
567; 0; 1714.5146; 170; 87.2; 
567; 0; 1713.1453; 170; 87.4; 
567; 0; 1711.7761; 170; 87.6; 
567; 0; 1711.7771; 170; 87.8; 
567; 0; 1710.408; 170; 88; 
567; 0; 1709.039; 170; 88.2; 
567; 0; 1709.04; 170; 88.4; 
567; 0; 1709.0411; 170; 88.6; 
567; 0; 1707.6721; 170; 88.8; 
567; 0; 1707.6732; 170; 89; 
567; 0; 1707.6743; 170; 89.2; 
567; 0; 1707.6751; 170; 89.4; 
567; 0; 1707.6759; 170; 89.6; 
567; 0; 1707.6766; 170; 89.8; 
567; 0; 1707.6775; 170; 90; 
567; 0; 1707.6784; 170; 90.2; 
567; 0; 1707.6794; 170; 90.4; 
567; 0; 1707.6804; 170; 90.6; 
567; 0; 1707.6815; 170; 90.8; 
567; 0; 1709.0527; 170; 91; 
567; 0; 1700.0444; 170; 91.2; 
567; 0; 1700.0455; 170; 91.4; 
567; 0; 1701.4131; 170; 91.6; 
567; 0; 1701.4142; 170; 91.8; 
567; 0; 1702.7815; 170; 92; 
567; 0; 1702.7823; 170; 92.2; 
567; 0; 1704.1495; 170; 92.4; 
567; 0; 1705.5167; 170; 92.6; 
567; 0; 1706.8841; 170; 92.8; 
567; 0; 1706.8851; 170; 93; 
567; 0; 1708.2525; 170; 93.2; 
567; 0; 1709.6199; 170; 93.4; 
567; 0; 1710.9873; 170; 93.6; 
567; 0; 1712.3547; 170; 93.8; 
567; 0; 1713.7222; 170; 94; 
567; 0; 1715.0896; 170; 94.2; 
567; 0; 1716.457; 170; 94.4; 
567; 0; 1717.8244; 170; 94.6; 
567; 0; 1719.1918; 170; 94.8; 
567; 0; 1720.5591; 170; 95; 
567; 0; 1721.9263; 170; 95.2; 
567; 0; 1723.2933; 170; 95.4; 
567; 0; 1726.0215; 170; 95.6; 
567; 0; 1731.4696; 170; 95.8; 
567; 0; 1737.8705; 170; 96; 
567; 0; 1746.7011; 170; 96.2; 
567; 0; 1759.3127; 170; 96.4; 
567; 0; 1773.1614; 170; 96.6; 
567; 0; 1790.784; 170; 96.8; 
567; 0; 1810.9084; 170; 97; 
567; 0; 1832.263; 170; 97.2; 
567; 0; 1853.5815; 170; 97.4; 
567; 0; 1875.1714; 170; 97.6; 
567; 0; 1894.5511; 170; 97.8; 
567; 0; 1913.9218; 170; 98; 
567; 0; 1931.9789; 170; 98.2; 
567; 0; 1947.4161; 170; 98.4; 
567; 0; 1962.8592; 170; 98.6; 
567; 0; 1976.998; 170; 98.8; 
567; 0; 1989.8317; 170; 99; 
567; 0; 2002.6697; 170; 99.2; 
567; 0; 2015.5096; 170; 99.4; 
567; 0; 2017.768; 170; 99.6; 
567; 0; 2029.7152; 170; 99.8; 
567; 0; 2040.4378; 170; 100; 
567; 0; 2052.3756; 170; 100.2; 
567; 0; 2063.0877; 170; 100.4; 
567; 0; 2073.7948; 170; 100.6; 
567; 0; 2084.4973; 170; 100.8; 
567; 0; 2095.1963; 170; 101; 
567; 0; 2104.6727; 170; 101.2; 
567; 0; 2114.1474; 170; 101.4; 
567; 0; 2122.4014; 170; 101.6; 
567; 0; 2130.6554; 170; 101.8; 
567; 0; 2138.9097; 170; 102; 
567; 0; 2145.9443; 170; 102.2; 
567; 0; 2152.9793; 170; 102.4; 
567; 0; 2160.0143; 170; 102.6; 
567; 0; 2167.0491; 170; 102.8; 
567; 0; 2172.8638; 170; 103; 
567; 0; 2178.678; 170; 103.2; 
567; 0; 2184.4914; 170; 103.4; 
567; 0; 2189.0844; 170; 103.6; 
567; 0; 2193.6765; 170; 103.8; 
567; 0; 2199.4872; 170; 104; 
567; 0; 2204.0776; 170; 104.2; 
567; 0; 2207.4478; 170; 104.4; 
567; 0; 2212.037; 170; 104.6; 
567; 0; 2215.4063; 170; 104.8; 
567; 0; 2218.7751; 170; 105; 
567; 0; 2222.1438; 170; 105.2; 
567; 0; 2225.5124; 170; 105.4; 
567; 0; 2227.6617; 170; 105.6; 
567; 0; 2231.0302; 170; 105.8; 
567; 0; 2233.1793; 170; 106; 
567; 0; 2235.3284; 170; 106.2; 
567; 0; 2237.4773; 170; 106.4; 
567; 0; 2239.626; 170; 106.6; 
567; 0; 2240.5555; 170; 106.8; 
567; 0; 2242.7037; 170; 107; 
567; 0; 2243.6326; 170; 107.2; 
567; 0; 2245.7803; 170; 107.4; 
567; 0; 2246.7088; 170; 107.6; 
567; 0; 2247.6372; 170; 107.8; 
567; 0; 2248.5655; 170; 108; 
567; 0; 2249.4938; 170; 108.2; 
567; 0; 2250.422; 170; 108.4; 
567; 0; 2250.1314; 170; 108.6; 
567; 0; 2251.0593; 170; 108.8; 
567; 0; 2250.7685; 170; 109; 
567; 0; 2251.6964; 170; 109.2; 
567; 0; 2251.4055; 170; 109.4; 
567; 0; 2251.1145; 170; 109.6; 
567; 0; 2252.1221; 170; 109.8; 
567; 0; 2251.8639; 170; 110; 
567; 0; 2251.6057; 170; 110.2; 
567; 0; 2251.3474; 170; 110.4; 
567; 0; 2251.0892; 170; 110.6; 
567; 0; 2250.8309; 170; 110.8; 
567; 0; 2250.5726; 170; 111; 
567; 0; 2250.3144; 170; 111.2; 
567; 0; 2250.0562; 170; 111.4; 
567; 0; 2248.5217; 170; 111.6; 
567; 0; 2248.2634; 170; 111.8; 
567; 0; 2248.005; 170; 112; 
567; 0; 2246.4705; 170; 112.2; 
567; 0; 2246.2122; 170; 112.4; 
567; 0; 2245.9539; 170; 112.6; 
567; 0; 2244.4195; 170; 112.8; 
567; 0; 2244.1611; 170; 113; 
567; 0; 2242.6268; 170; 113.2; 
567; 0; 2242.3684; 170; 113.4; 
567; 0; 2240.8341; 170; 113.6; 
567; 0; 2240.5757; 170; 113.8; 
567; 0; 2239.0414; 170; 114; 
567; 0; 2238.7829; 170; 114.2; 
567; 0; 2246.216; 170; 114.4; 
567; 0; 2244.6767; 170; 114.6; 
567; 0; 2244.4178; 170; 114.8; 
567; 0; 2242.8785; 170; 115; 
567; 0; 2241.3393; 170; 115.2; 
567; 0; 2241.0802; 170; 115.4; 
567; 0; 2239.541; 170; 115.6; 
567; 0; 2238.0018; 170; 115.8; 
567; 0; 2236.4627; 170; 116; 
567; 0; 2234.9388; 170; 116.2; 
567; 0; 2233.4246; 170; 116.4; 
567; 0; 2231.9106; 170; 116.6; 
567; 0; 2230.3966; 170; 116.8; 
567; 0; 2230.1041; 170; 117; 
567; 0; 2228.5902; 170; 117.2; 
567; 0; 2227.0765; 170; 117.4; 
567; 0; 2225.5629; 170; 117.6; 
567; 0; 2224.0492; 170; 117.8; 
567; 0; 2222.5355; 170; 118; 
567; 0; 2221.0219; 170; 118.2; 
567; 0; 2219.5084; 170; 118.4; 
567; 0; 2217.9948; 170; 118.6; 
567; 0; 2216.4812; 170; 118.8; 
567; 0; 2214.9678; 170; 119; 
567; 0; 2213.4545; 170; 119.2; 
567; 0; 2211.9411; 170; 119.4; 
567; 0; 2210.4278; 170; 119.6; 
567; 0; 2208.9145; 170; 119.8; 
567; 0; 2207.4013; 170; 120; 
567; 0; 2207.109; 170; 120.2; 
567; 0; 2205.596; 170; 120.4; 
567; 0; 2204.0831; 170; 120.6; 
567; 0; 2202.5703; 170; 120.8; 
567; 0; 2201.0575; 170; 121; 
567; 0; 2199.5448; 170; 121.2; 
567; 0; 2199.2527; 170; 121.4; 
567; 0; 2197.7401; 170; 121.6; 
567; 0; 2196.2276; 170; 121.8; 
567; 0; 2194.7152; 170; 122; 
567; 0; 2193.2027; 170; 122.2; 
567; 0; 2191.6903; 170; 122.4; 
567; 0; 2191.3983; 170; 122.6; 
567; 0; 2189.886; 170; 122.8; 
567; 0; 2188.3738; 170; 123; 
567; 0; 2186.8616; 170; 123.2; 
567; 0; 2186.5698; 170; 123.4; 
567; 0; 2185.0577; 170; 123.6; 
567; 0; 2183.5458; 170; 123.8; 
567; 0; 2182.0339; 170; 124; 
567; 0; 2181.7421; 170; 124.2; 
567; 0; 2180.2303; 170; 124.4; 
567; 0; 2178.7187; 170; 124.6; 
567; 0; 2178.4271; 170; 124.8; 
567; 0; 2176.9156; 170; 125; 
567; 0; 2175.4041; 170; 125.2; 
567; 0; 2175.1125; 170; 125.4; 
567; 0; 2173.6011; 170; 125.6; 
567; 0; 2172.0898; 170; 125.8; 
567; 0; 2171.7982; 170; 126; 
567; 0; 2170.287; 170; 126.2; 
567; 0; 2168.7759; 170; 126.4; 
567; 0; 2168.4846; 170; 126.6; 
567; 0; 2166.9737; 170; 126.8; 
567; 0; 2165.4629; 170; 127; 
567; 0; 2165.1715; 170; 127.2; 
567; 0; 2163.6607; 170; 127.4; 
567; 0; 2162.1499; 170; 127.6; 
567; 0; 2161.8587; 170; 127.8; 
567; 0; 2160.348; 170; 128; 
567; 0; 2160.0567; 170; 128.2; 
567; 0; 2158.5462; 170; 128.4; 
567; 0; 2158.2554; 170; 128.6; 
567; 0; 2157.9654; 170; 128.8; 
567; 0; 2157.677; 170; 129; 
567; 0; 2154.9559; 170; 129.2; 
567; 0; 2152.2478; 170; 129.4; 
567; 0; 2147.1216; 170; 129.6; 
567; 0; 2139.5823; 170; 129.8; 
567; 0; 2130.8524; 170; 130; 
567; 0; 2120.9347; 170; 130.2; 
567; 0; 2107.3928; 170; 130.4; 
567; 0; 2092.6658; 170; 130.6; 
567; 0; 2075.5352; 170; 130.8; 
567; 0; 2057.2205; 170; 131; 
567; 0; 2037.7202; 170; 131.2; 
567; 0; 2017.0279; 170; 131.4; 
567; 0; 1994.9363; 170; 131.6; 
567; 0; 1975.4157; 170; 131.8; 
567; 0; 1958.5028; 170; 132; 
567; 0; 1944.1893; 170; 132.2; 
567; 0; 1932.4693; 170; 132.4; 
567; 0; 1931.0168; 170; 132.6; 
567; 0; 1921.8375; 170; 132.8; 
567; 0; 1912.6418; 170; 133; 
567; 0; 1902.1252; 170; 133.2; 
567; 0; 1891.6037; 170; 133.4; 
567; 0; 1881.0836; 170; 133.6; 
567; 0; 1869.2604; 170; 133.8; 
567; 0; 1856.1375; 170; 134; 
567; 0; 1843.0262; 170; 134.2; 
567; 0; 1829.9263; 170; 134.4; 
567; 0; 1816.8358; 170; 134.6; 
567; 0; 1805.0617; 170; 134.8; 
567; 0; 1791.9816; 170; 135; 
567; 0; 1781.5215; 170; 135.2; 
567; 0; 1771.0597; 170; 135.4; 
567; 0; 1760.5947; 170; 135.6; 
567; 0; 1751.4353; 170; 135.8; 
567; 0; 1743.5813; 170; 136; 
567; 0; 1735.7235; 170; 136.2; 
567; 0; 1727.5831; 170; 136.4; 
567; 0; 1720.7616; 170; 136.6; 
567; 0; 1713.9392; 170; 136.8; 
567; 0; 1707.1172; 170; 137; 
567; 0; 1700.2962; 170; 137.2; 
567; 0; 1693.4767; 170; 137.4; 
567; 0; 1686.6591; 170; 137.6; 
567; 0; 1681.2064; 170; 137.8; 
567; 0; 1675.7551; 170; 138; 
567; 0; 1670.3049; 170; 138.2; 
567; 0; 1664.8551; 170; 138.4; 
567; 0; 1659.4053; 170; 138.6; 
567; 0; 1655.3185; 170; 138.8; 
567; 0; 1651.2313; 170; 139; 
567; 0; 1647.1437; 170; 139.2; 
567; 0; 1643.0555; 170; 139.4; 
567; 0; 1640.3301; 170; 139.6; 
567; 0; 1637.6043; 170; 139.8; 
567; 0; 1633.515; 170; 140; 
567; 0; 1630.7888; 170; 140.2; 
567; 0; 1628.0626; 170; 140.4; 
567; 0; 1626.6998; 170; 140.6; 
567; 0; 1623.974; 170; 140.8; 
567; 0; 1621.2483; 170; 141; 
567; 0; 1619.8861; 170; 141.2; 
567; 0; 1617.1608; 170; 141.4; 
567; 0; 1615.7991; 170; 141.6; 
567; 0; 1614.4374; 170; 141.8; 
567; 0; 1613.0759; 170; 142; 
567; 0; 1611.7143; 170; 142.2; 
567; 0; 1610.3527; 170; 142.4; 
567; 0; 1608.9908; 170; 142.6; 
567; 0; 1608.992; 170; 142.8; 
567; 0; 1607.63; 170; 143; 
567; 0; 1606.2681; 170; 143.2; 
567; 0; 1606.2694; 170; 143.4; 
567; 0; 1604.9076; 170; 143.6; 
567; 0; 1604.909; 170; 143.8; 
567; 0; 1604.9104; 170; 144; 
567; 0; 1604.9117; 170; 144.2; 
567; 0; 1603.5498; 170; 144.4; 
567; 0; 1603.5511; 170; 144.6; 
567; 0; 1603.5524; 170; 144.8; 
567; 0; 1603.5536; 170; 145; 
567; 0; 1603.5548; 170; 145.2; 
567; 0; 1603.556; 170; 145.4; 
567; 0; 1604.9189; 170; 145.6; 
567; 0; 1607.6367; 170; 145.8; 
567; 0; 1611.7012; 170; 146; 
567; 0; 1619.8319; 170; 146.2; 
567; 0; 1630.6598; 170; 146.4; 
567; 0; 1635.4763; 170; 146.6; 
567; 0; 1653.0018; 170; 146.8; 
567; 0; 1671.8472; 170; 147; 
567; 0; 1692.0118; 170; 147.2; 
567; 0; 1712.1423; 170; 147.4; 
567; 0; 1732.7371; 170; 147.6; 
567; 0; 1749.4428; 170; 147.8; 
567; 0; 1764.84; 170; 148; 
567; 0; 1778.9355; 170; 148.2; 
567; 0; 1791.7338; 170; 148.4; 
567; 0; 1803.2371; 170; 148.6; 
567; 0; 1814.7502; 170; 148.8; 
567; 0; 1824.9668; 170; 149; 
567; 0; 1833.8844; 170; 149.2; 
567; 0; 1842.805; 170; 149.4; 
567; 0; 1853.0304; 170; 149.6; 
567; 0; 1861.9488; 170; 149.8; 
567; 0; 1870.8632; 170; 150; 
567; 0; 1881.0775; 170; 150.2; 
567; 0; 1889.9822; 170; 150.4; 
567; 0; 1898.8825; 170; 150.6; 
567; 0; 1907.7792; 170; 150.8; 
567; 0; 1915.3688; 170; 151; 
567; 0; 1922.957; 170; 151.2; 
567; 0; 1930.5447; 170; 151.4; 
567; 0; 1936.8281; 170; 151.6; 
567; 0; 1943.1121; 170; 151.8; 
567; 0; 1949.3971; 170; 152; 
567; 0; 1955.683; 170; 152.2; 
567; 0; 1960.6654; 170; 152.4; 
567; 0; 1965.6481; 170; 152.6; 
567; 0; 1970.631; 170; 152.8; 
567; 0; 1974.3094; 170; 153; 
567; 0; 1979.2915; 170; 153.2; 
567; 0; 1982.9687; 170; 153.4; 
567; 0; 1987.9495; 170; 153.6; 
567; 0; 1991.6254; 170; 153.8; 
567; 0; 1995.3006; 170; 154; 
567; 0; 1997.6712; 170; 154.2; 
567; 0; 2001.3453; 170; 154.4; 
567; 0; 2005.0192; 170; 154.6; 
567; 0; 2007.3889; 170; 154.8; 
567; 0; 2009.7585; 170; 155; 
567; 0; 2012.1281; 170; 155.2; 
567; 0; 2014.4976; 170; 155.4; 
567; 0; 2016.8343; 170; 155.6; 
567; 0; 2017.8297; 170; 155.8; 
567; 0; 2020.0428; 170; 156; 
567; 0; 2021.0382; 170; 156.2; 
567; 0; 2023.2511; 170; 156.4; 
567; 0; 2024.2463; 170; 156.6; 
567; 0; 2025.2413; 170; 156.8; 
567; 0; 2026.236; 170; 157; 
567; 0; 2027.2307; 170; 157.2; 
567; 0; 2028.2252; 170; 157.4; 
567; 0; 2029.2197; 170; 157.6; 
567; 0; 2030.214; 170; 157.8; 
567; 0; 2031.2082; 170; 158; 
567; 0; 2030.985; 170; 158.2; 
567; 0; 2031.9789; 170; 158.4; 
567; 0; 2031.7554; 170; 158.6; 
567; 0; 2032.7493; 170; 158.8; 
567; 0; 2032.526; 170; 159; 
567; 0; 2033.5199; 170; 159.2; 
567; 0; 2033.2966; 170; 159.4; 
567; 0; 2033.0733; 170; 159.6; 
567; 0; 2034.067; 170; 159.8; 
567; 0; 2033.8436; 170; 160; 
567; 0; 2033.6203; 170; 160.2; 
567; 0; 2033.397; 170; 160.4; 
567; 0; 2033.1736; 170; 160.6; 
567; 0; 2032.9502; 170; 160.8; 
567; 0; 2032.7268; 170; 161; 
567; 0; 2033.7203; 170; 161.2; 
567; 0; 2033.4974; 170; 161.4; 
567; 0; 2033.2756; 170; 161.6; 
567; 0; 2033.0558; 170; 161.8; 
567; 0; 2032.8391; 170; 162; 
567; 0; 2032.6262; 170; 162.2; 
567; 0; 2032.4183; 170; 162.4; 
567; 0; 2032.216; 170; 162.6; 
567; 0; 2032.0184; 170; 162.8; 
567; 0; 2033.0397; 170; 163; 
567; 0; 2035.277; 170; 163.2; 
567; 0; 2038.7268; 170; 163.4; 
567; 0; 2043.3866; 170; 163.6; 
567; 0; 2049.2542; 170; 163.8; 
567; 0; 2056.329; 170; 164; 
567; 0; 2063.3948; 170; 164.2; 
567; 0; 2070.4519; 170; 164.4; 
567; 0; 2076.2859; 170; 164.6; 
567; 0; 2079.6852; 170; 164.8; 
567; 0; 2080.6639; 170; 165; 
567; 0; 2079.2294; 170; 165.2; 
567; 0; 2075.3819; 170; 165.4; 
567; 0; 2067.9116; 170; 165.6; 
567; 0; 2059.2564; 170; 165.8; 
567; 0; 2048.2038; 170; 166; 
567; 0; 2034.7561; 170; 166.2; 
567; 0; 2017.6981; 170; 166.4; 
567; 0; 1998.2657; 170; 166.6; 
567; 0; 1976.1747; 170; 166.8; 
567; 0; 1952.8143; 170; 167; 
567; 0; 1929.4757; 170; 167.2; 
567; 0; 1910.0528; 170; 167.4; 
567; 0; 1894.5336; 170; 167.6; 
567; 0; 1884.2103; 170; 167.8; 
567; 0; 1880.3778; 170; 168; 
567; 0; 1880.4267; 170; 168.2; 
567; 0; 1884.3542; 170; 168.4; 
567; 0; 1888.2512; 170; 168.6; 
567; 0; 1892.1188; 170; 168.8; 
567; 0; 1893.3572; 170; 169; 
567; 0; 1890.6731; 170; 169.2; 
567; 0; 1885.3802; 170; 169.4; 
567; 0; 1876.1881; 170; 169.6; 
567; 0; 1867.0133; 170; 169.8; 
567; 0; 1855.2569; 170; 170; 
567; 0; 1842.223; 170; 170.2; 
567; 0; 1827.9092; 170; 170.4; 
567; 0; 1813.6128; 170; 170.6; 
567; 0; 1799.3269; 170; 170.8; 
567; 0; 1786.3472; 170; 171; 
567; 0; 1783.141; 170; 171.2; 
567; 0; 1772.7221; 170; 171.4; 
567; 0; 1763.6002; 170; 171.6; 
567; 0; 1755.7745; 170; 171.8; 
567; 0; 1747.9389; 170; 172; 
567; 0; 1741.4016; 170; 172.2; 
567; 0; 1734.8582; 170; 172.4; 
567; 0; 1726.5729; 170; 172.6; 
567; 0; 1719.5278; 170; 172.8; 
567; 0; 1712.4841; 170; 173; 
567; 0; 1704.0374; 170; 173.2; 
567; 0; 1697.0006; 170; 173.4; 
567; 0; 1688.5618; 170; 173.6; 
567; 0; 1681.5326; 170; 173.8; 
567; 0; 1674.5061; 170; 174; 
567; 0; 1667.4813; 170; 174.2; 
567; 0; 1660.4573; 170; 174.4; 
567; 0; 1653.652; 170; 174.6; 
567; 0; 1648.2169; 170; 174.8; 
567; 0; 1642.7806; 170; 175; 
567; 0; 1638.7032; 170; 175.2; 
567; 0; 1633.2643; 170; 175.4; 
567; 0; 1629.1844; 170; 175.6; 
567; 0; 1625.1036; 170; 175.8; 
567; 0; 1621.0222; 170; 176; 
567; 0; 1616.9406; 170; 176.2; 
567; 0; 1614.2192; 170; 176.4; 
567; 0; 1610.1379; 170; 176.6; 
567; 0; 1607.4173; 170; 176.8; 
567; 0; 1604.6971; 170; 177; 
567; 0; 1601.9775; 170; 177.2; 
567; 0; 1599.2583; 170; 177.4; 
567; 0; 1596.5395; 170; 177.6; 
567; 0; 1593.8209; 170; 177.8; 
567; 0; 1591.1023; 170; 178; 
567; 0; 1589.7438; 170; 178.2; 
567; 0; 1587.0248; 170; 178.4; 
567; 0; 1585.6656; 170; 178.6; 
567; 0; 1582.9461; 170; 178.8; 
567; 0; 1581.5867; 170; 179; 
567; 0; 1580.2273; 170; 179.2; 
567; 0; 1578.868; 170; 179.4; 
567; 0; 1577.5088; 170; 179.6; 
567; 0; 1576.1496; 170; 179.8; 
567; 0; 1576.1506; 170; 180; 
567; 0; 1574.7915; 170; 180.2; 
567; 0; 1573.4323; 170; 180.4; 
567; 0; 1573.4333; 170; 180.6; 
567; 0; 1572.0743; 170; 180.8; 
567; 0; 1572.0754; 170; 181; 
567; 0; 1570.7164; 170; 181.2; 
567; 0; 1570.7176; 170; 181.4; 
567; 0; 1569.3587; 170; 181.6; 
567; 0; 1569.3599; 170; 181.8; 
567; 0; 1569.3611; 170; 182; 
567; 0; 1569.3623; 170; 182.2; 
567; 0; 1568.0033; 170; 182.4; 
567; 0; 1568.0044; 170; 182.6; 
567; 0; 1568.0055; 170; 182.8; 
567; 0; 1568.0067; 170; 183; 
567; 0; 1568.0079; 170; 183.2; 
567; 0; 1568.0092; 170; 183.4; 
567; 0; 1568.0103; 170; 183.6; 
567; 0; 1568.0115; 170; 183.8; 
567; 0; 1568.0126; 170; 184; 
567; 0; 1568.0137; 170; 184.2; 
567; 0; 1568.0147; 170; 184.4; 
567; 0; 1568.0157; 170; 184.6; 
567; 0; 1569.3769; 170; 184.8; 
567; 0; 1569.3779; 170; 185; 
567; 0; 1569.379; 170; 185.2; 
567; 0; 1569.3801; 170; 185.4; 
567; 0; 1569.3813; 170; 185.6; 
567; 0; 1569.3824; 170; 185.8; 
567; 0; 1570.7438; 170; 186; 
567; 0; 1570.745; 170; 186.2; 
567; 0; 1570.7463; 170; 186.4; 
567; 0; 1562.2988; 170; 186.6; 
567; 0; 1563.6564; 170; 186.8; 
567; 0; 1563.6576; 170; 187; 
567; 0; 1563.6587; 170; 187.2; 
567; 0; 1565.0162; 170; 187.4; 
567; 0; 1565.0173; 170; 187.6; 
567; 0; 1566.3749; 170; 187.8; 
567; 0; 1566.376; 170; 188; 
567; 0; 1567.7335; 170; 188.2; 
567; 0; 1567.7344; 170; 188.4; 
567; 0; 1569.092; 170; 188.6; 
567; 0; 1569.093; 170; 188.8; 
567; 0; 1570.4506; 170; 189; 
567; 0; 1571.8082; 170; 189.2; 
567; 0; 1571.8092; 170; 189.4; 
567; 0; 1573.1667; 170; 189.6; 
567; 0; 1574.5243; 170; 189.8; 
567; 0; 1574.5255; 170; 190; 
567; 0; 1575.8831; 170; 190.2; 
567; 0; 1577.2407; 170; 190.4; 
567; 0; 1578.5987; 170; 190.6; 
567; 0; 1578.6004; 170; 190.8; 
567; 0; 1579.9587; 170; 191; 
567; 0; 1579.9606; 170; 191.2; 
567; 0; 1581.3187; 170; 191.4; 
567; 0; 1582.6765; 170; 191.6; 
567; 0; 1582.6774; 170; 191.8; 
567; 0; 1584.0345; 170; 192; 
567; 0; 1585.3912; 170; 192.2; 
567; 0; 1585.3915; 170; 192.4; 
567; 0; 1586.7484; 170; 192.6; 
567; 0; 1586.7489; 170; 192.8; 
567; 0; 1588.106; 170; 193; 
567; 0; 1588.1067; 170; 193.2; 
567; 0; 1589.4641; 170; 193.4; 
567; 0; 1589.465; 170; 193.6; 
567; 0; 1590.8224; 170; 193.8; 
567; 0; 1590.8233; 170; 194; 
567; 0; 1592.1808; 170; 194.2; 
567; 0; 1592.1818; 170; 194.4; 
567; 0; 1593.5393; 170; 194.6; 
567; 0; 1593.5403; 170; 194.8; 
567; 0; 1593.5412; 170; 195; 
567; 0; 1594.8986; 170; 195.2; 
567; 0; 1594.8996; 170; 195.4; 
567; 0; 1596.2571; 170; 195.6; 
567; 0; 1596.2582; 170; 195.8; 
567; 0; 1596.2592; 170; 196; 
567; 0; 1597.6167; 170; 196.2; 
567; 0; 1597.6177; 170; 196.4; 
567; 0; 1597.6186; 170; 196.6; 
567; 0; 1597.6196; 170; 196.8; 
567; 0; 1598.977; 170; 197; 
567; 0; 1598.9778; 170; 197.2; 
567; 0; 1598.9786; 170; 197.4; 
567; 0; 1600.3359; 170; 197.6; 
567; 0; 1600.3369; 170; 197.8; 
567; 0; 1600.3378; 170; 198; 
567; 0; 1600.3386; 170; 198.2; 
567; 0; 1601.6958; 170; 198.4; 
567; 0; 1601.6965; 170; 198.6; 
567; 0; 1601.6972; 170; 198.8; 
567; 0; 1601.698; 170; 199; 
567; 0; 1603.0553; 170; 199.2; 
567; 0; 1603.0563; 170; 199.4; 
567; 0; 1603.0573; 170; 199.6; 
567; 0; 1603.0582; 170; 199.8; 
567; 0; 1603.0591; 170; 200; 
567; 0; 1604.4165; 170; 200.2; 
567; 0; 1604.4173; 170; 200.4; 
567; 0; 1604.4181; 170; 200.6; 
567; 0; 1604.4189; 170; 200.8; 
567; 0; 1604.4197; 170; 201; 
567; 0; 1604.4205; 170; 201.2; 
567; 0; 1605.7778; 170; 201.4; 
567; 0; 1605.7786; 170; 201.6; 
567; 0; 1605.7793; 170; 201.8; 
567; 0; 1605.78; 170; 202; 
567; 0; 1605.7807; 170; 202.2; 
567; 0; 1605.7814; 170; 202.4; 
567; 0; 1607.1387; 170; 202.6; 
567; 0; 1607.1395; 170; 202.8; 
567; 0; 1607.1404; 170; 203; 
567; 0; 1607.1413; 170; 203.2; 
567; 0; 1607.1422; 170; 203.4; 
567; 0; 1607.1431; 170; 203.6; 
567; 0; 1607.1438; 170; 203.8; 
567; 0; 1607.1445; 170; 204; 
567; 0; 1608.5017; 170; 204.2; 
567; 0; 1608.5023; 170; 204.4; 
567; 0; 1608.503; 170; 204.6; 
567; 0; 1608.5039; 170; 204.8; 
567; 0; 1608.5048; 170; 205; 
567; 0; 1608.5057; 170; 205.2; 
567; 0; 1608.5065; 170; 205.4; 
567; 0; 1608.5072; 170; 205.6; 
567; 0; 1608.508; 170; 205.8; 
567; 0; 1608.5088; 170; 206; 
567; 0; 1609.866; 170; 206.2; 
567; 0; 1609.8666; 170; 206.4; 
567; 0; 1609.8672; 170; 206.6; 
567; 0; 1609.8677; 170; 206.8; 
567; 0; 1609.8683; 170; 207; 
567; 0; 1609.869; 170; 207.2; 
567; 0; 1609.8698; 170; 207.4; 
567; 0; 1609.8706; 170; 207.6; 
567; 0; 1609.8713; 170; 207.8; 
567; 0; 1609.8721; 170; 208; 
567; 0; 1611.2294; 170; 208.2; 
567; 0; 1611.2302; 170; 208.4; 
567; 0; 1611.2309; 170; 208.6; 
567; 0; 1611.2317; 170; 208.8; 
567; 0; 1611.2325; 170; 209; 
567; 0; 1612.5897; 170; 209.2; 
567; 0; 1612.5905; 170; 209.4; 
567; 0; 1612.5913; 170; 209.6; 
567; 0; 1612.592; 170; 209.8; 
567; 0; 1612.5928; 170; 210; 
567; 0; 1612.5935; 170; 210.2; 
567; 0; 1612.5942; 170; 210.4; 
567; 0; 1613.9515; 170; 210.6; 
567; 0; 1613.9522; 170; 210.8; 
567; 0; 1613.9528; 170; 211; 
567; 0; 1613.9533; 170; 211.2; 
567; 0; 1613.9538; 170; 211.4; 
567; 0; 1613.9544; 170; 211.6; 
567; 0; 1613.955; 170; 211.8; 
567; 0; 1613.9557; 170; 212; 
567; 0; 1613.9565; 170; 212.2; 
567; 0; 1613.9573; 170; 212.4; 
567; 0; 1615.3145; 170; 212.6; 
567; 0; 1615.3153; 170; 212.8; 
567; 0; 1615.316; 170; 213; 
567; 0; 1615.3168; 170; 213.2; 
567; 0; 1615.3176; 170; 213.4; 
567; 0; 1615.3183; 170; 213.6; 
567; 0; 1615.3189; 170; 213.8; 
567; 0; 1615.3195; 170; 214; 
567; 0; 1615.3202; 170; 214.2; 
567; 0; 1615.3209; 170; 214.4; 
567; 0; 1615.3216; 170; 214.6; 
567; 0; 1615.3223; 170; 214.8; 
567; 0; 1615.323; 170; 215; 
567; 0; 1615.3236; 170; 215.2; 
567; 0; 1615.3242; 170; 215.4; 
567; 0; 1615.3249; 170; 215.6; 
567; 0; 1615.3256; 170; 215.8; 
567; 0; 1615.3262; 170; 216; 
567; 0; 1615.3269; 170; 216.2; 
567; 0; 1615.3275; 170; 216.4; 
567; 0; 1615.3281; 170; 216.6; 
567; 0; 1615.3287; 170; 216.8; 
567; 0; 1615.3292; 170; 217; 
567; 0; 1615.3299; 170; 217.2; 
567; 0; 1615.3307; 170; 217.4; 
567; 0; 1615.3315; 170; 217.6; 
567; 0; 1616.6886; 170; 217.8; 
567; 0; 1616.6897; 170; 218; 
567; 0; 1616.6917; 170; 218.2; 
567; 0; 1618.0521; 170; 218.4; 
567; 0; 1618.0587; 170; 218.6; 
567; 0; 1618.0689; 170; 218.8; 
567; 0; 1619.4405; 170; 219; 
567; 0; 1619.4616; 170; 219.2; 
567; 0; 1619.4885; 170; 219.4; 
567; 0; 1619.5193; 170; 219.6; 
567; 0; 1622.2641; 170; 219.8; 
567; 0; 1625.0063; 170; 220; 
567; 0; 1630.4558; 170; 220.2; 
567; 0; 1637.2536; 170; 220.4; 
567; 0; 1645.398; 170; 220.6; 
567; 0; 1653.5653; 170; 220.8; 
567; 0; 1663.3613; 170; 221; 
567; 0; 1670.3476; 170; 221.2; 
567; 0; 1678.7305; 170; 221.4; 
567; 0; 1684.3087; 170; 221.6; 
567; 0; 1688.4863; 170; 221.8; 
567; 0; 1692.6669; 170; 222; 
567; 0; 1695.4515; 170; 222.2; 
567; 0; 1696.8412; 170; 222.4; 
567; 0; 1698.2378; 170; 222.6; 
567; 0; 1698.2398; 170; 222.8; 
567; 0; 1698.2474; 170; 223; 
567; 0; 1698.2592; 170; 223.2; 
567; 0; 1699.6749; 170; 223.4; 
567; 0; 1701.0913; 170; 223.6; 
567; 0; 1702.5068; 170; 223.8; 
567; 0; 1703.9199; 170; 224; 
567; 0; 1706.731; 170; 224.2; 
567; 0; 1709.5383; 170; 224.4; 
567; 0; 1713.7428; 170; 224.6; 
567; 0; 1716.5412; 170; 224.8; 
567; 0; 1719.3344; 170; 225; 
567; 0; 1722.1225; 170; 225.2; 
567; 0; 1724.9063; 170; 225.4; 
567; 0; 1726.2862; 170; 225.6; 
567; 0; 1726.2643; 170; 225.8; 
567; 0; 1724.8429; 170; 226; 
567; 0; 1723.4253; 170; 226.2; 
567; 0; 1720.6116; 170; 226.4; 
567; 0; 1717.804; 170; 226.6; 
567; 0; 1715.0024; 170; 226.8; 
567; 0; 1710.805; 170; 227; 
567; 0; 1706.6117; 170; 227.2; 
567; 0; 1702.4209; 170; 227.4; 
567; 0; 1699.6319; 170; 227.6; 
567; 0; 1696.8418; 170; 227.8; 
567; 0; 1694.0493; 170; 228; 
567; 0; 1692.6547; 170; 228.2; 
567; 0; 1689.8553; 170; 228.4; 
567; 0; 1688.4539; 170; 228.6; 
567; 0; 1687.0498; 170; 228.8; 
567; 0; 1684.2425; 170; 229; 
567; 0; 1682.8355; 170; 229.2; 
567; 0; 1681.4283; 170; 229.4; 
567; 0; 1678.6204; 170; 229.6; 
567; 0; 1675.8138; 170; 229.8; 
567; 0; 1674.4102; 170; 230; 
567; 0; 1671.6069; 170; 230.2; 
567; 0; 1668.8051; 170; 230.4; 
567; 0; 1666.0043; 170; 230.6; 
567; 0; 1663.2043; 170; 230.8; 
567; 0; 1661.8059; 170; 231; 
567; 0; 1659.0061; 170; 231.2; 
567; 0; 1657.6072; 170; 231.4; 
567; 0; 1654.8065; 170; 231.6; 
567; 0; 1653.4064; 170; 231.8; 
567; 0; 1652.0076; 170; 232; 
567; 0; 1649.2946; 170; 232.2; 
567; 0; 1647.9377; 170; 232.4; 
567; 0; 1646.5805; 170; 232.6; 
567; 0; 1645.2233; 170; 232.8; 
567; 0; 1643.866; 170; 233; 
567; 0; 1642.5089; 170; 233.2; 
567; 0; 1641.152; 170; 233.4; 
567; 0; 1639.7954; 170; 233.6; 
567; 0; 1638.4391; 170; 233.8; 
567; 0; 1637.0831; 170; 234; 
567; 0; 1635.7273; 170; 234.2; 
567; 0; 1634.3715; 170; 234.4; 
567; 0; 1633.0158; 170; 234.6; 
567; 0; 1631.6601; 170; 234.8; 
567; 0; 1630.3043; 170; 235; 
567; 0; 1628.9484; 170; 235.2; 
567; 0; 1628.9488; 170; 235.4; 
567; 0; 1627.5926; 170; 235.6; 
567; 0; 1626.2363; 170; 235.8; 
567; 0; 1626.2365; 170; 236; 
567; 0; 1624.8802; 170; 236.2; 
567; 0; 1623.524; 170; 236.4; 
567; 0; 1623.5244; 170; 236.6; 
567; 0; 1622.1683; 170; 236.8; 
567; 0; 1622.1686; 170; 237; 
567; 0; 1620.8125; 170; 237.2; 
567; 0; 1620.813; 170; 237.4; 
567; 0; 1619.457; 170; 237.6; 
567; 0; 1619.4575; 170; 237.8; 
567; 0; 1618.1015; 170; 238; 
567; 0; 1618.102; 170; 238.2; 
567; 0; 1618.1025; 170; 238.4; 
567; 0; 1616.7466; 170; 238.6; 
567; 0; 1616.7472; 170; 238.8; 
567; 0; 1616.7478; 170; 239; 
567; 0; 1615.3919; 170; 239.2; 
567; 0; 1615.3924; 170; 239.4; 
567; 0; 1615.3929; 170; 239.6; 
567; 0; 1614.0369; 170; 239.8; 
567; 0; 1614.0374; 170; 240; 
567; 0; 1614.038; 170; 240.2; 
567; 0; 1614.0385; 170; 240.4; 
567; 0; 1612.6824; 170; 240.6; 
567; 0; 1612.6829; 170; 240.8; 
567; 0; 1612.6834; 170; 241; 
567; 0; 1612.6841; 170; 241.2; 
567; 0; 1611.3281; 170; 241.4; 
567; 0; 1611.3288; 170; 241.6; 
567; 0; 1611.3295; 170; 241.8; 
567; 0; 1611.3301; 170; 242; 
567; 0; 1611.3307; 170; 242.2; 
567; 0; 1611.3313; 170; 242.4; 
567; 0; 1611.3319; 170; 242.6; 
567; 0; 1609.976; 170; 242.8; 
567; 0; 1609.9765; 170; 243; 
567; 0; 1609.9771; 170; 243.2; 
567; 0; 1609.9776; 170; 243.4; 
567; 0; 1609.9781; 170; 243.6; 
567; 0; 1609.9786; 170; 243.8; 
567; 0; 1609.9791; 170; 244; 
567; 0; 1609.9795; 170; 244.2; 
567; 0; 1609.98; 170; 244.4; 
567; 0; 1609.9806; 170; 244.6; 
567; 0; 1609.9813; 170; 244.8; 
567; 0; 1609.9821; 170; 245; 
567; 0; 1609.9828; 170; 245.2; 
567; 0; 1609.9835; 170; 245.4; 
567; 0; 1608.6276; 170; 245.6; 
567; 0; 1608.6282; 170; 245.8; 
567; 0; 1608.6287; 170; 246; 
567; 0; 1609.9858; 170; 246.2; 
567; 0; 1609.9868; 170; 246.4; 
567; 0; 1611.3456; 170; 246.6; 
567; 0; 1611.3502; 170; 246.8; 
567; 0; 1611.3578; 170; 247; 
567; 0; 1611.3682; 170; 247.2; 
567; 0; 1611.3803; 170; 247.4; 
567; 0; 1611.3926; 170; 247.6; 
567; 0; 1611.4028; 170; 247.8; 
567; 0; 1612.7658; 170; 248; 
567; 0; 1615.4804; 170; 248.2; 
567; 0; 1616.8335; 170; 248.4; 
567; 0; 1618.1822; 170; 248.6; 
567; 0; 1620.8844; 170; 248.8; 
567; 0; 1622.2282; 170; 249; 
567; 0; 1623.5718; 170; 249.2; 
567; 0; 1623.5601; 170; 249.4; 
567; 0; 1624.9074; 170; 249.6; 
567; 0; 1624.9011; 170; 249.8; 
567; 0; 1623.5415; 170; 250; 
567; 0; 1623.5413; 170; 250.2; 
567; 0; 1623.5437; 170; 250.4; 
567; 0; 1622.1912; 170; 250.6; 
567; 0; 1622.1961; 170; 250.8; 
567; 0; 1622.2009; 170; 251; 
567; 0; 1620.8488; 170; 251.2; 
567; 0; 1620.8524; 170; 251.4; 
567; 0; 1620.855; 170; 251.6; 
567; 0; 1620.8566; 170; 251.8; 
567; 0; 1619.5008; 170; 252; 
567; 0; 1619.5008; 170; 252.2; 
567; 0; 1619.5003; 170; 252.4; 
567; 0; 1619.4997; 170; 252.6; 
567; 0; 1619.4992; 170; 252.8; 
567; 0; 1619.499; 170; 253; 
567; 0; 1618.1425; 170; 253.2; 
567; 0; 1618.1428; 170; 253.4; 
567; 0; 1618.1434; 170; 253.6; 
567; 0; 1618.1441; 170; 253.8; 
567; 0; 1616.7885; 170; 254; 
567; 0; 1616.7894; 170; 254.2; 
567; 0; 1616.7901; 170; 254.4; 
567; 0; 1616.7909; 170; 254.6; 
567; 0; 1616.7916; 170; 254.8; 
567; 0; 1615.4359; 170; 255; 
567; 0; 1615.4366; 170; 255.2; 
567; 0; 1615.4372; 170; 255.4; 
567; 0; 1615.4378; 170; 255.6; 
567; 0; 1615.4383; 170; 255.8; 
567; 0; 1615.4388; 170; 256; 
567; 0; 1615.4393; 170; 256.2; 
567; 0; 1614.0831; 170; 256.4; 
567; 0; 1614.0836; 170; 256.6; 
567; 0; 1614.0842; 170; 256.8; 
567; 0; 1614.0847; 170; 257; 
567; 0; 1614.0853; 170; 257.2; 
567; 0; 1614.0859; 170; 257.4; 
567; 0; 1614.0869; 170; 257.6; 
567; 0; 1615.4456; 170; 257.8; 
567; 0; 1615.4498; 170; 258; 
567; 0; 1615.4569; 170; 258.2; 
567; 0; 1615.468; 170; 258.4; 
567; 0; 1616.8409; 170; 258.6; 
567; 0; 1615.507; 170; 258.8; 
567; 0; 1616.8916; 170; 259; 
567; 0; 1616.9231; 170; 259.2; 
567; 0; 1619.6676; 170; 259.4; 
567; 0; 1623.7653; 170; 259.6; 
567; 0; 1629.2128; 170; 259.8; 
567; 0; 1636.0078; 170; 260; 
567; 0; 1644.1493; 170; 260.2; 
567; 0; 1653.6641; 170; 260.4; 
567; 0; 1662.0564; 170; 260.6; 
567; 0; 1669.0409; 170; 260.8; 
567; 0; 1676.0215; 170; 261; 
567; 0; 1681.5997; 170; 261.2; 
567; 0; 1687.1793; 170; 261.4; 
567; 0; 1689.9602; 170; 261.6; 
567; 0; 1692.7468; 170; 261.8; 
567; 0; 1694.1387; 170; 262; 
567; 0; 1694.1362; 170; 262.2; 
567; 0; 1694.1402; 170; 262.4; 
567; 0; 1695.5507; 170; 262.6; 
567; 0; 1695.5635; 170; 262.8; 
567; 0; 1696.9793; 170; 263; 
567; 0; 1698.3951; 170; 263.2; 
567; 0; 1699.8094; 170; 263.4; 
567; 0; 1702.6223; 170; 263.6; 
567; 0; 1704.0305; 170; 263.8; 
567; 0; 1708.2375; 170; 264; 
567; 0; 1711.0395; 170; 264.2; 
567; 0; 1713.8386; 170; 264.4; 
567; 0; 1716.6353; 170; 264.6; 
567; 0; 1718.0294; 170; 264.8; 
567; 0; 1719.4232; 170; 265; 
567; 0; 1722.2188; 170; 265.2; 
567; 0; 1722.213; 170; 265.4; 
567; 0; 1723.6102; 170; 265.6; 
567; 0; 1723.6081; 170; 265.8; 
567; 0; 1723.608; 170; 266; 
567; 0; 1723.6098; 170; 266.2; 
567; 0; 1723.6131; 170; 266.4; 
567; 0; 1723.6174; 170; 266.6; 
567; 0; 1725.0234; 170; 266.8; 
567; 0; 1725.0279; 170; 267; 
567; 0; 1725.0318; 170; 267.2; 
567; 0; 1726.4362; 170; 267.4; 
567; 0; 1726.4382; 170; 267.6; 
567; 0; 1727.8403; 170; 267.8; 
567; 0; 1729.241; 170; 268; 
567; 0; 1730.6394; 170; 268.2; 
567; 0; 1732.0347; 170; 268.4; 
567; 0; 1732.0248; 170; 268.6; 
567; 0; 1733.3613; 170; 268.8; 
567; 0; 1733.3458; 170; 269; 
567; 0; 1731.9763; 170; 269.2; 
567; 0; 1730.5572; 170; 269.4; 
567; 0; 1729.1404; 170; 269.6; 
567; 0; 1724.925; 170; 269.8; 
567; 0; 1722.1157; 170; 270; 
567; 0; 1717.9103; 170; 270.2; 
567; 0; 1713.7098; 170; 270.4; 
567; 0; 1709.5134; 170; 270.6; 
567; 0; 1703.9185; 170; 270.8; 
567; 0; 1699.726; 170; 271; 
567; 0; 1696.9344; 170; 271.2; 
567; 0; 1692.7402; 170; 271.4; 
567; 0; 1689.9448; 170; 271.6; 
567; 0; 1687.1467; 170; 271.8; 
567; 0; 1684.3457; 170; 272; 
567; 0; 1681.5424; 170; 272.2; 
567; 0; 1680.1385; 170; 272.4; 
567; 0; 1677.3321; 170; 272.6; 
567; 0; 1674.5253; 170; 272.8; 
567; 0; 1671.7187; 170; 273; 
567; 0; 1670.3141; 170; 273.2; 
567; 0; 1667.5093; 170; 273.4; 
567; 0; 1664.7057; 170; 273.6; 
567; 0; 1661.9033; 170; 273.8; 
567; 0; 1659.1018; 170; 274; 
567; 0; 1656.3011; 170; 274.2; 
567; 0; 1653.5007; 170; 274.4; 
567; 0; 1652.1097; 170; 274.6; 
567; 0; 1649.3988; 170; 274.8; 
567; 0; 1648.0441; 170; 275; 
567; 0; 1645.3322; 170; 275.2; 
567; 0; 1643.9763; 170; 275.4; 
567; 0; 1642.6197; 170; 275.6; 
567; 0; 1641.2628; 170; 275.8; 
567; 0; 1639.9056; 170; 276; 
567; 0; 1638.5482; 170; 276.2; 
567; 0; 1637.191; 170; 276.4; 
567; 0; 1635.8341; 170; 276.6; 
567; 0; 1634.4774; 170; 276.8; 
567; 0; 1633.1211; 170; 277; 
567; 0; 1631.765; 170; 277.2; 
567; 0; 1630.4091; 170; 277.4; 
567; 0; 1629.0534; 170; 277.6; 
567; 0; 1627.6978; 170; 277.8; 
567; 0; 1626.3419; 170; 278; 
567; 0; 1624.986; 170; 278.2; 
567; 0; 1624.9864; 170; 278.4; 
567; 0; 1623.6302; 170; 278.6; 
567; 0; 1622.2738; 170; 278.8; 
567; 0; 1622.2739; 170; 279; 
567; 0; 1620.9174; 170; 279.2; 
567; 0; 1619.561; 170; 279.4; 
567; 0; 1619.5612; 170; 279.6; 
567; 0; 1618.205; 170; 279.8; 
567; 0; 1618.2053; 170; 280; 
567; 0; 1616.8491; 170; 280.2; 
567; 0; 1616.8495; 170; 280.4; 
567; 0; 1615.4934; 170; 280.6; 
567; 0; 1615.4938; 170; 280.8; 
567; 0; 1615.4941; 170; 281; 
567; 0; 1614.1379; 170; 281.2; 
567; 0; 1614.1383; 170; 281.4; 
567; 0; 1612.7822; 170; 281.6; 
567; 0; 1612.7826; 170; 281.8; 
567; 0; 1612.7829; 170; 282; 
567; 0; 1612.7832; 170; 282.2; 
567; 0; 1611.4271; 170; 282.4; 
567; 0; 1611.4275; 170; 282.6; 
567; 0; 1611.4279; 170; 282.8; 
567; 0; 1611.4285; 170; 283; 
567; 0; 1610.0725; 170; 283.2; 
567; 0; 1610.0731; 170; 283.4; 
567; 0; 1610.0736; 170; 283.6; 
567; 0; 1610.0739; 170; 283.8; 
567; 0; 1610.0743; 170; 284; 
567; 0; 1608.718; 170; 284.2; 
567; 0; 1608.7184; 170; 284.4; 
567; 0; 1608.7187; 170; 284.6; 
567; 0; 1608.719; 170; 284.8; 
567; 0; 1608.7194; 170; 285; 
567; 0; 1608.7198; 170; 285.2; 
567; 0; 1608.7202; 170; 285.4; 
567; 0; 1608.7206; 170; 285.6; 
567; 0; 1608.721; 170; 285.8; 
567; 0; 1608.7215; 170; 286; 
567; 0; 1607.3655; 170; 286.2; 
567; 0; 1607.366; 170; 286.4; 
567; 0; 1607.3664; 170; 286.6; 
567; 0; 1607.3669; 170; 286.8; 
567; 0; 1607.3673; 170; 287; 
567; 0; 1607.3678; 170; 287.2; 
567; 0; 1607.3683; 170; 287.4; 
567; 0; 1607.3687; 170; 287.6; 
567; 0; 1607.3692; 170; 287.8; 
567; 0; 1607.3697; 170; 288; 
567; 0; 1607.3702; 170; 288.2; 
567; 0; 1608.7273; 170; 288.4; 
567; 0; 1608.7283; 170; 288.6; 
567; 0; 1608.7298; 170; 288.8; 
567; 0; 1608.732; 170; 289; 
567; 0; 1608.7344; 170; 289.2; 
567; 0; 1608.7369; 170; 289.4; 
567; 0; 1608.7393; 170; 289.6; 
567; 0; 1608.7409; 170; 289.8; 
567; 0; 1610.0981; 170; 290; 
567; 0; 1610.0978; 170; 290.2; 
567; 0; 1610.0966; 170; 290.4; 
567; 0; 1610.0948; 170; 290.6; 
567; 0; 1611.4492; 170; 290.8; 
567; 0; 1611.4473; 170; 291; 
567; 0; 1611.4455; 170; 291.2; 
567; 0; 1611.4442; 170; 291.4; 
567; 0; 1611.4435; 170; 291.6; 
567; 0; 1611.4434; 170; 291.8; 
567; 0; 1611.4439; 170; 292; 
567; 0; 1611.4448; 170; 292.2; 
567; 0; 1611.446; 170; 292.4; 
567; 0; 1611.4473; 170; 292.6; 
567; 0; 1610.0921; 170; 292.8; 
567; 0; 1610.0933; 170; 293; 
567; 0; 1610.0944; 170; 293.2; 
567; 0; 1610.0954; 170; 293.4; 
567; 0; 1610.0962; 170; 293.6; 
567; 0; 1610.0968; 170; 293.8; 
567; 0; 1610.0972; 170; 294; 
567; 0; 1610.0976; 170; 294.2; 
567; 0; 1610.098; 170; 294.4; 
567; 0; 1610.0983; 170; 294.6; 
567; 0; 1610.0987; 170; 294.8; 
567; 0; 1610.0992; 170; 295; 
567; 0; 1610.0997; 170; 295.2; 
567; 0; 1610.1001; 170; 295.4; 
567; 0; 1610.1004; 170; 295.6; 
567; 0; 1610.1007; 170; 295.8; 
567; 0; 1610.1012; 170; 296; 
567; 0; 1610.1018; 170; 296.2; 
567; 0; 1610.1023; 170; 296.4; 
567; 0; 1610.1029; 170; 296.6; 
567; 0; 1610.1034; 170; 296.8; 
567; 0; 1610.1038; 170; 297; 
567; 0; 1610.1042; 170; 297.2; 
567; 0; 1610.1047; 170; 297.4; 
567; 0; 1610.1051; 170; 297.6; 
567; 0; 1610.1054; 170; 297.8; 
567; 0; 1610.1058; 170; 298; 
567; 0; 1611.4631; 170; 298.2; 
567; 0; 1611.4653; 170; 298.4; 
567; 0; 1611.4701; 170; 298.6; 
567; 0; 1612.8351; 170; 298.8; 
567; 0; 1612.8484; 170; 299; 
567; 0; 1612.8677; 170; 299.2; 
567; 0; 1612.8931; 170; 299.4; 
567; 0; 1614.2795; 170; 299.6; 
567; 0; 1615.6677; 170; 299.8; 
567; 0; 1619.7672; 170; 300; 
567; 0; 1623.8614; 170; 300.2; 
567; 0; 1630.6608; 170; 300.4; 
567; 0; 1638.807; 170; 300.6; 
567; 0; 1646.9431; 170; 300.8; 
567; 0; 1655.1368; 170; 301; 
567; 0; 1663.5257; 170; 301.2; 
567; 0; 1670.5081; 170; 301.4; 
567; 0; 1676.0869; 170; 301.6; 
567; 0; 1681.666; 170; 301.8; 
567; 0; 1684.4455; 170; 302; 
567; 0; 1687.2299; 170; 302.2; 
567; 0; 1690.0205; 170; 302.4; 
567; 0; 1690.0153; 170; 302.6; 
567; 0; 1691.4181; 170; 302.8; 
567; 0; 1691.4251; 170; 303; 
567; 0; 1691.4362; 170; 303.2; 
567; 0; 1692.851; 170; 303.4; 
567; 0; 1694.2666; 170; 303.6; 
567; 0; 1695.6813; 170; 303.8; 
567; 0; 1697.0937; 170; 304; 
567; 0; 1699.9041; 170; 304.2; 
567; 0; 1702.7109; 170; 304.4; 
567; 0; 1706.9154; 170; 304.6; 
567; 0; 1709.7153; 170; 304.8; 
567; 0; 1712.5125; 170; 305; 
567; 0; 1713.9069; 170; 305.2; 
567; 0; 1716.7019; 170; 305.4; 
567; 0; 1718.0959; 170; 305.6; 
567; 0; 1719.4909; 170; 305.8; 
567; 0; 1719.4863; 170; 306; 
567; 0; 1719.4837; 170; 306.2; 
567; 0; 1720.8845; 170; 306.4; 
567; 0; 1720.8859; 170; 306.6; 
567; 0; 1720.8888; 170; 306.8; 
567; 0; 1720.8928; 170; 307; 
567; 0; 1720.8973; 170; 307.2; 
567; 0; 1720.9019; 170; 307.4; 
567; 0; 1722.3072; 170; 307.6; 
567; 0; 1722.3104; 170; 307.8; 
567; 0; 1723.7138; 170; 308; 
567; 0; 1725.116; 170; 308.2; 
567; 0; 1725.1159; 170; 308.4; 
567; 0; 1726.5161; 170; 308.6; 
567; 0; 1726.5144; 170; 308.8; 
567; 0; 1727.9136; 170; 309; 
567; 0; 1727.9113; 170; 309.2; 
567; 0; 1727.9092; 170; 309.4; 
567; 0; 1727.9076; 170; 309.6; 
567; 0; 1727.9066; 170; 309.8; 
567; 0; 1727.9063; 170; 310; 
567; 0; 1727.9066; 170; 310.2; 
567; 0; 1727.9074; 170; 310.4; 
567; 0; 1727.9087; 170; 310.6; 
567; 0; 1727.9103; 170; 310.8; 
567; 0; 1727.9121; 170; 311; 
567; 0; 1727.9137; 170; 311.2; 
567; 0; 1727.9151; 170; 311.4; 
567; 0; 1727.9161; 170; 311.6; 
567; 0; 1729.318; 170; 311.8; 
567; 0; 1729.3183; 170; 312; 
567; 0; 1729.3182; 170; 312.2; 
567; 0; 1729.3178; 170; 312.4; 
567; 0; 1729.3172; 170; 312.6; 
567; 0; 1729.3166; 170; 312.8; 
567; 0; 1729.316; 170; 313; 
567; 0; 1729.3155; 170; 313.2; 
567; 0; 1729.3152; 170; 313.4; 
567; 0; 1729.3147; 170; 313.6; 
567; 0; 1729.3133; 170; 313.8; 
567; 0; 1730.7106; 170; 314; 
567; 0; 1730.7031; 170; 314.2; 
567; 0; 1730.6914; 170; 314.4; 
567; 0; 1730.6759; 170; 314.6; 
567; 0; 1729.2569; 170; 314.8; 
567; 0; 1727.8375; 170; 315; 
567; 0; 1725.0184; 170; 315.2; 
567; 0; 1720.8015; 170; 315.4; 
567; 0; 1717.9906; 170; 315.6; 
567; 0; 1713.7836; 170; 315.8; 
567; 0; 1708.1802; 170; 316; 
567; 0; 1703.9824; 170; 316.2; 
567; 0; 1699.7876; 170; 316.4; 
567; 0; 1694.193; 170; 316.6; 
567; 0; 1689.9999; 170; 316.8; 
567; 0; 1685.8057; 170; 317; 
567; 0; 1683.0107; 170; 317.2; 
567; 0; 1680.2131; 170; 317.4; 
567; 0; 1676.0116; 170; 317.6; 
567; 0; 1673.209; 170; 317.8; 
567; 0; 1670.4047; 170; 318; 
567; 0; 1667.5992; 170; 318.2; 
567; 0; 1666.1947; 170; 318.4; 
567; 0; 1663.389; 170; 318.6; 
567; 0; 1660.5839; 170; 318.8; 
567; 0; 1657.7795; 170; 319; 
567; 0; 1654.9761; 170; 319.2; 
567; 0; 1652.1861; 170; 319.4; 
567; 0; 1649.474; 170; 319.6; 
567; 0; 1646.7625; 170; 319.8; 
567; 0; 1644.0512; 170; 320; 
567; 0; 1642.6965; 170; 320.2; 
567; 0; 1639.9853; 170; 320.4; 
567; 0; 1638.6304; 170; 320.6; 
567; 0; 1637.275; 170; 320.8; 
567; 0; 1634.5626; 170; 321; 
567; 0; 1633.2063; 170; 321.2; 
567; 0; 1631.8498; 170; 321.4; 
567; 0; 1630.4931; 170; 321.6; 
567; 0; 1629.1363; 170; 321.8; 
567; 0; 1627.7794; 170; 322; 
567; 0; 1626.4225; 170; 322.2; 
567; 0; 1625.0658; 170; 322.4; 
567; 0; 1623.7092; 170; 322.6; 
567; 0; 1622.3529; 170; 322.8; 
567; 0; 1620.9966; 170; 323; 
567; 0; 1619.6406; 170; 323.2; 
567; 0; 1618.2846; 170; 323.4; 
567; 0; 1618.2851; 170; 323.6; 
567; 0; 1616.9289; 170; 323.8; 
567; 0; 1615.5728; 170; 324; 
567; 0; 1615.5731; 170; 324.2; 
567; 0; 1614.2169; 170; 324.4; 
567; 0; 1614.2172; 170; 324.6; 
567; 0; 1612.861; 170; 324.8; 
567; 0; 1612.8613; 170; 325; 
567; 0; 1611.505; 170; 325.2; 
567; 0; 1611.5053; 170; 325.4; 
567; 0; 1610.149; 170; 325.6; 
567; 0; 1610.1493; 170; 325.8; 
567; 0; 1610.1496; 170; 326; 
567; 0; 1608.7934; 170; 326.2; 
567; 0; 1608.7937; 170; 326.4; 
567; 0; 1608.794; 170; 326.6; 
567; 0; 1607.4377; 170; 326.8; 
567; 0; 1607.4379; 170; 327; 
567; 0; 1607.4382; 170; 327.2; 
567; 0; 1607.4384; 170; 327.4; 
567; 0; 1606.0822; 170; 327.6; 
567; 0; 1606.0826; 170; 327.8; 
567; 0; 1606.083; 170; 328; 
567; 0; 1606.0835; 170; 328.2; 
567; 0; 1606.0838; 170; 328.4; 
567; 0; 1606.0842; 170; 328.6; 
567; 0; 1604.728; 170; 328.8; 
567; 0; 1604.7284; 170; 329; 
567; 0; 1604.7286; 170; 329.2; 
567; 0; 1604.7289; 170; 329.4; 
567; 0; 1604.7293; 170; 329.6; 
567; 0; 1604.7298; 170; 329.8; 
567; 0; 1604.7302; 170; 330; 
567; 0; 1604.7308; 170; 330.2; 
567; 0; 1604.7313; 170; 330.4; 
567; 0; 1604.7317; 170; 330.6; 
567; 0; 1604.7321; 170; 330.8; 
567; 0; 1604.7324; 170; 331; 
567; 0; 1603.3762; 170; 331.2; 
567; 0; 1603.3765; 170; 331.4; 
567; 0; 1603.3767; 170; 331.6; 
567; 0; 1603.3769; 170; 331.8; 
567; 0; 1603.3771; 170; 332; 
567; 0; 1603.3775; 170; 332.2; 
567; 0; 1603.378; 170; 332.4; 
567; 0; 1603.3785; 170; 332.6; 
567; 0; 1603.3788; 170; 332.8; 
567; 0; 1603.3791; 170; 333; 
567; 0; 1603.3794; 170; 333.2; 
567; 0; 1603.3796; 170; 333.4; 
567; 0; 1604.7363; 170; 333.6; 
567; 0; 1604.7367; 170; 333.8; 
567; 0; 1604.7371; 170; 334; 
567; 0; 1604.7376; 170; 334.2; 
567; 0; 1604.7382; 170; 334.4; 
567; 0; 1604.7387; 170; 334.6; 
567; 0; 1604.7392; 170; 334.8; 
567; 0; 1604.7395; 170; 335; 
567; 0; 1604.7398; 170; 335.2; 
567; 0; 1604.74; 170; 335.4; 
567; 0; 1604.7403; 170; 335.6; 
567; 0; 1604.7406; 170; 335.8; 
567; 0; 1604.741; 170; 336; 
567; 0; 1604.7414; 170; 336.2; 
567; 0; 1604.7418; 170; 336.4; 
567; 0; 1604.7421; 170; 336.6; 
567; 0; 1604.7425; 170; 336.8; 
567; 0; 1604.743; 170; 337; 
567; 0; 1604.7434; 170; 337.2; 
567; 0; 1604.7437; 170; 337.4; 
567; 0; 1604.7441; 170; 337.6; 
567; 0; 1604.7444; 170; 337.8; 
567; 0; 1604.7448; 170; 338; 
567; 0; 1604.7451; 170; 338.2; 
567; 0; 1604.7455; 170; 338.4; 
567; 0; 1604.7458; 170; 338.6; 
567; 0; 1606.1026; 170; 338.8; 
567; 0; 1606.1028; 170; 339; 
567; 0; 1606.103; 170; 339.2; 
567; 0; 1606.1033; 170; 339.4; 
567; 0; 1606.1036; 170; 339.6; 
567; 0; 1606.1039; 170; 339.8; 
567; 0; 1606.1043; 170; 340; 
567; 0; 1606.1046; 170; 340.2; 
567; 0; 1606.1049; 170; 340.4; 
567; 0; 1606.1053; 170; 340.6; 
567; 0; 1606.1058; 170; 340.8; 
567; 0; 1606.1063; 170; 341; 
567; 0; 1606.1068; 170; 341.2; 
567; 0; 1606.1072; 170; 341.4; 
567; 0; 1606.1076; 170; 341.6; 
567; 0; 1606.1079; 170; 341.8; 
567; 0; 1606.1083; 170; 342; 
567; 0; 1606.1086; 170; 342.2; 
567; 0; 1607.4655; 170; 342.4; 
567; 0; 1607.4658; 170; 342.6; 
567; 0; 1607.4661; 170; 342.8; 
567; 0; 1607.4664; 170; 343; 
567; 0; 1607.4668; 170; 343.2; 
567; 0; 1608.8236; 170; 343.4; 
567; 0; 1608.824; 170; 343.6; 
567; 0; 1610.1812; 170; 343.8; 
567; 0; 1610.183; 170; 344; 
567; 0; 1611.5433; 170; 344.2; 
567; 0; 1611.5499; 170; 344.4; 
567; 0; 1612.917; 170; 344.6; 
567; 0; 1612.9328; 170; 344.8; 
567; 0; 1612.9548; 170; 345; 
567; 0; 1612.9824; 170; 345.2; 
567; 0; 1614.3698; 170; 345.4; 
567; 0; 1617.1138; 170; 345.6; 
567; 0; 1621.2109; 170; 345.8; 
567; 0; 1626.658; 170; 346; 
567; 0; 1633.4527; 170; 346.2; 
567; 0; 1641.5939; 170; 346.4; 
567; 0; 1649.725; 170; 346.6; 
567; 0; 1658.0003; 170; 346.8; 
567; 0; 1666.3861; 170; 347; 
567; 0; 1671.9656; 170; 347.2; 
567; 0; 1677.5442; 170; 347.4; 
567; 0; 1681.7233; 170; 347.6; 
567; 0; 1684.505; 170; 347.8; 
567; 0; 1687.2925; 170; 348; 
567; 0; 1688.6855; 170; 348.2; 
567; 0; 1688.684; 170; 348.4; 
567; 0; 1690.09; 170; 348.6; 
567; 0; 1690.0995; 170; 348.8; 
567; 0; 1690.1122; 170; 349; 
567; 0; 1691.5276; 170; 349.2; 
567; 0; 1692.9426; 170; 349.4; 
567; 0; 1694.3557; 170; 349.6; 
567; 0; 1697.1671; 170; 349.8; 
567; 0; 1699.9751; 170; 350; 
567; 0; 1702.7794; 170; 350.2; 
567; 0; 1705.5803; 170; 350.4; 
567; 0; 1708.3784; 170; 350.6; 
567; 0; 1711.1745; 170; 350.8; 
567; 0; 1712.5683; 170; 351; 
567; 0; 1713.9621; 170; 351.2; 
567; 0; 1715.3568; 170; 351.4; 
567; 0; 1716.7523; 170; 351.6; 
567; 0; 1716.7471; 170; 351.8; 
567; 0; 1718.1431; 170; 352; 
567; 0; 1718.1373; 170; 352.2; 
567; 0; 1718.1307; 170; 352.4; 
567; 0; 1718.1234; 170; 352.6; 
567; 0; 1716.7142; 170; 352.8; 
567; 0; 1716.7064; 170; 353; 
567; 0; 1715.2979; 170; 353.2; 
567; 0; 1712.4893; 170; 353.4; 
567; 0; 1711.0838; 170; 353.6; 
567; 0; 1708.279; 170; 353.8; 
567; 0; 1705.4761; 170; 354; 
567; 0; 1702.6752; 170; 354.2; 
567; 0; 1698.4745; 170; 354.4; 
567; 0; 1695.6761; 170; 354.6; 
567; 0; 1692.8781; 170; 354.8; 
567; 0; 1690.0799; 170; 355; 
567; 0; 1687.281; 170; 355.2; 
567; 0; 1685.8824; 170; 355.4; 
567; 0; 1683.0812; 170; 355.6; 
567; 0; 1680.2788; 170; 355.8; 
567; 0; 1678.8766; 170; 356; 
567; 0; 1676.0723; 170; 356.2; 
567; 0; 1674.6689; 170; 356.4; 
567; 0; 1671.864; 170; 356.6; 
567; 0; 1669.0592; 170; 356.8; 
567; 0; 1667.6561; 170; 357; 
567; 0; 1664.8522; 170; 357.2; 
567; 0; 1662.0491; 170; 357.4; 
567; 0; 1660.6478; 170; 357.6; 
567; 0; 1657.8456; 170; 357.8; 
567; 0; 1656.4449; 170; 358; 
567; 0; 1653.6432; 170; 358.2; 
567; 0; 1652.2596; 170; 358.4; 
567; 0; 1649.5473; 170; 358.6; 
567; 0; 1648.1914; 170; 358.8; 
567; 0; 1646.8352; 170; 359; 
567; 0; 1645.4786; 170; 359.2; 
567; 0; 1642.7653; 170; 359.4; 
567; 0; 1641.4084; 170; 359.6; 
567; 0; 1640.0513; 170; 359.8; 
567; 0; 1638.6943; 170; 360; 
567; 0; 1637.3373; 170; 360.2; 
567; 0; 1635.9804; 170; 360.4; 
567; 0; 1634.6236; 170; 360.6; 
567; 0; 1633.267; 170; 360.8; 
567; 0; 1631.9104; 170; 361; 
567; 0; 1630.554; 170; 361.2; 
567; 0; 1629.1976; 170; 361.4; 
567; 0; 1629.1978; 170; 361.6; 
567; 0; 1627.8416; 170; 361.8; 
567; 0; 1626.4852; 170; 362; 
567; 0; 1625.1288; 170; 362.2; 
567; 0; 1623.7725; 170; 362.4; 
567; 0; 1623.7727; 170; 362.6; 
567; 0; 1622.4163; 170; 362.8; 
567; 0; 1622.4163; 170; 363; 
567; 0; 1621.0598; 170; 363.2; 
567; 0; 1619.7033; 170; 363.4; 
567; 0; 1619.7032; 170; 363.6; 
567; 0; 1618.3466; 170; 363.8; 
567; 0; 1618.3466; 170; 364; 
567; 0; 1616.9902; 170; 364.2; 
567; 0; 1616.9904; 170; 364.4; 
567; 0; 1615.6341; 170; 364.6; 
567; 0; 1615.6345; 170; 364.8; 
567; 0; 1614.2783; 170; 365; 
567; 0; 1614.2785; 170; 365.2; 
567; 0; 1614.2785; 170; 365.4; 
567; 0; 1612.9221; 170; 365.6; 
567; 0; 1612.9221; 170; 365.8; 
567; 0; 1612.9221; 170; 366; 
567; 0; 1611.5656; 170; 366.2; 
567; 0; 1611.5657; 170; 366.4; 
567; 0; 1611.5659; 170; 366.6; 
567; 0; 1610.2096; 170; 366.8; 
567; 0; 1610.2098; 170; 367; 
567; 0; 1610.21; 170; 367.2; 
567; 0; 1610.2103; 170; 367.4; 
567; 0; 1608.8542; 170; 367.6; 
567; 0; 1608.8548; 170; 367.8; 
567; 0; 1608.8552; 170; 368; 
567; 0; 1608.8555; 170; 368.2; 
567; 0; 1607.4991; 170; 368.4; 
567; 0; 1607.4992; 170; 368.6; 
567; 0; 1607.4995; 170; 368.8; 
567; 0; 1607.4997; 170; 369; 
567; 0; 1607.5; 170; 369.2; 
567; 0; 1607.5002; 170; 369.4; 
567; 0; 1607.5004; 170; 369.6; 
567; 0; 1606.144; 170; 369.8; 
567; 0; 1606.1442; 170; 370; 
567; 0; 1606.1445; 170; 370.2; 
567; 0; 1606.1449; 170; 370.4; 
567; 0; 1606.1452; 170; 370.6; 
567; 0; 1606.1456; 170; 370.8; 
567; 0; 1606.1459; 170; 371; 
567; 0; 1606.1462; 170; 371.2; 
567; 0; 1606.1464; 170; 371.4; 
567; 0; 1606.1466; 170; 371.6; 
567; 0; 1606.1469; 170; 371.8; 
567; 0; 1606.1471; 170; 372; 
567; 0; 1606.1473; 170; 372.2; 
567; 0; 1606.1475; 170; 372.4; 
567; 0; 1604.7912; 170; 372.6; 
567; 0; 1604.7914; 170; 372.8; 
567; 0; 1604.7917; 170; 373; 
567; 0; 1604.792; 170; 373.2; 
567; 0; 1604.7925; 170; 373.4; 
567; 0; 1604.793; 170; 373.6; 
567; 0; 1604.7935; 170; 373.8; 
567; 0; 1604.7939; 170; 374; 
567; 0; 1604.7941; 170; 374.2; 
567; 0; 1604.7943; 170; 374.4; 
567; 0; 1604.7945; 170; 374.6; 
567; 0; 1604.7946; 170; 374.8; 
567; 0; 1604.7948; 170; 375; 
567; 0; 1604.7951; 170; 375.2; 
567; 0; 1604.7955; 170; 375.4; 
567; 0; 1604.7957; 170; 375.6; 
567; 0; 1604.7959; 170; 375.8; 
567; 0; 1604.7961; 170; 376; 
567; 0; 1604.7964; 170; 376.2; 
567; 0; 1604.7968; 170; 376.4; 
567; 0; 1604.7972; 170; 376.6; 
567; 0; 1604.7975; 170; 376.8; 
567; 0; 1604.7978; 170; 377; 
567; 0; 1606.1545; 170; 377.2; 
567; 0; 1606.1547; 170; 377.4; 
567; 0; 1606.1548; 170; 377.6; 
567; 0; 1606.155; 170; 377.8; 
567; 0; 1606.1554; 170; 378; 
567; 0; 1606.1559; 170; 378.2; 
567; 0; 1606.1563; 170; 378.4; 
567; 0; 1606.1566; 170; 378.6; 
567; 0; 1606.1569; 170; 378.8; 
567; 0; 1607.5136; 170; 379; 
567; 0; 1607.5137; 170; 379.2; 
567; 0; 1607.5138; 170; 379.4; 
567; 0; 1607.5139; 170; 379.6; 
567; 0; 1607.5142; 170; 379.8; 
567; 0; 1607.5146; 170; 380; 
567; 0; 1607.515; 170; 380.2; 
567; 0; 1608.8722; 170; 380.4; 
567; 0; 1608.8728; 170; 380.6; 
567; 0; 1608.8732; 170; 380.8; 
567; 0; 1608.8736; 170; 381; 
567; 0; 1608.8739; 170; 381.2; 
567; 0; 1608.8741; 170; 381.4; 
567; 0; 1608.8742; 170; 381.6; 
567; 0; 1610.2308; 170; 381.8; 
567; 0; 1610.231; 170; 382; 
567; 0; 1610.2313; 170; 382.2; 
567; 0; 1610.2315; 170; 382.4; 
567; 0; 1610.2318; 170; 382.6; 
567; 0; 1610.232; 170; 382.8; 
567; 0; 1610.2323; 170; 383; 
567; 0; 1610.2325; 170; 383.2; 
567; 0; 1610.2328; 170; 383.4; 
567; 0; 1610.2331; 170; 383.6; 
567; 0; 1610.2333; 170; 383.8; 
567; 0; 1610.2335; 170; 384; 
567; 0; 1610.2337; 170; 384.2; 
567; 0; 1610.2341; 170; 384.4; 
567; 0; 1610.2345; 170; 384.6; 
567; 0; 1610.2348; 170; 384.8; 
567; 0; 1610.2351; 170; 385; 
567; 0; 1610.2355; 170; 385.2; 
567; 0; 1610.2357; 170; 385.4; 
567; 0; 1611.5925; 170; 385.6; 
567; 0; 1611.5926; 170; 385.8; 
567; 0; 1611.5928; 170; 386; 
567; 0; 1611.5929; 170; 386.2; 
567; 0; 1611.5931; 170; 386.4; 
567; 0; 1611.5934; 170; 386.6; 
567; 0; 1611.5937; 170; 386.8; 
567; 0; 1611.5941; 170; 387; 
567; 0; 1611.5944; 170; 387.2; 
567; 0; 1611.5947; 170; 387.4; 
567; 0; 1611.5949; 170; 387.6; 
567; 0; 1611.595; 170; 387.8; 
567; 0; 1611.5952; 170; 388; 
567; 0; 1611.5954; 170; 388.2; 
567; 0; 1611.5957; 170; 388.4; 
567; 0; 1611.5959; 170; 388.6; 
567; 0; 1611.5962; 170; 388.8; 
567; 0; 1611.5964; 170; 389; 
567; 0; 1611.5966; 170; 389.2; 
567; 0; 1611.5969; 170; 389.4; 
567; 0; 1611.5973; 170; 389.6; 
567; 0; 1611.5977; 170; 389.8; 
567; 0; 1610.2415; 170; 390; 
567; 0; 1610.2419; 170; 390.2; 
567; 0; 1610.2422; 170; 390.4; 
567; 0; 1610.2424; 170; 390.6; 
567; 0; 1610.2426; 170; 390.8; 
567; 0; 1610.243; 170; 391; 
567; 0; 1610.2433; 170; 391.2; 
567; 0; 1610.2435; 170; 391.4; 
567; 0; 1610.2436; 170; 391.6; 
567; 0; 1610.2437; 170; 391.8; 
567; 0; 1611.6004; 170; 392; 
567; 0; 1611.6004; 170; 392.2; 
567; 0; 1611.6005; 170; 392.4; 
567; 0; 1611.6007; 170; 392.6; 
567; 0; 1611.6011; 170; 392.8; 
567; 0; 1611.6014; 170; 393; 
567; 0; 1611.6016; 170; 393.2; 
567; 0; 1611.6018; 170; 393.4; 
567; 0; 1611.602; 170; 393.6; 
567; 0; 1611.6022; 170; 393.8; 
567; 0; 1611.6026; 170; 394; 
567; 0; 1611.6029; 170; 394.2; 
567; 0; 1611.6033; 170; 394.4; 
567; 0; 1611.6035; 170; 394.6; 
567; 0; 1610.2472; 170; 394.8; 
567; 0; 1610.2475; 170; 395; 
567; 0; 1610.2477; 170; 395.2; 
567; 0; 1610.2478; 170; 395.4; 
567; 0; 1610.2479; 170; 395.6; 
567; 0; 1610.2481; 170; 395.8; 
567; 0; 1610.2484; 170; 396; 
567; 0; 1610.2487; 170; 396.2; 
567; 0; 1610.249; 170; 396.4; 
567; 0; 1610.2493; 170; 396.6; 
567; 0; 1610.2496; 170; 396.8; 
567; 0; 1610.2499; 170; 397; 
567; 0; 1610.2501; 170; 397.2; 
567; 0; 1610.2503; 170; 397.4; 
567; 0; 1610.2506; 170; 397.6; 
567; 0; 1610.2509; 170; 397.8; 
567; 0; 1611.6077; 170; 398; 
567; 0; 1611.6079; 170; 398.2; 
567; 0; 1611.6081; 170; 398.4; 
567; 0; 1611.6083; 170; 398.6; 
567; 0; 1611.6086; 170; 398.8; 
567; 0; 1611.6089; 170; 399; 
567; 0; 1611.609; 170; 399.2; 
567; 0; 1611.6089; 170; 399.4; 
567; 0; 1611.6088; 170; 399.6; 
567; 0; 1611.6089; 170; 399.8; 
567; 0; 1611.6092; 170; 400; 
567; 0; 1611.6096; 170; 400.2; 
567; 0; 1610.2535; 170; 400.4; 
567; 0; 1610.2539; 170; 400.6; 
567; 0; 1610.2543; 170; 400.8; 
567; 0; 1610.2545; 170; 401; 
567; 0; 1610.2548; 170; 401.2; 
567; 0; 1610.2551; 170; 401.4; 
567; 0; 1610.2554; 170; 401.6; 
567; 0; 1610.2558; 170; 401.8; 
567; 0; 1610.2561; 170; 402; 
567; 0; 1610.2564; 170; 402.2; 
567; 0; 1610.2566; 170; 402.4; 
567; 0; 1610.2567; 170; 402.6; 
567; 0; 1610.2569; 170; 402.8; 
567; 0; 1610.257; 170; 403; 
567; 0; 1610.2571; 170; 403.2; 
567; 0; 1610.2572; 170; 403.4; 
567; 0; 1610.2574; 170; 403.6; 
567; 0; 1610.2574; 170; 403.8; 
567; 0; 1610.2575; 170; 404; 
567; 0; 1610.2576; 170; 404.2; 
567; 0; 1610.2577; 170; 404.4; 
567; 0; 1610.2579; 170; 404.6; 
567; 0; 1610.2583; 170; 404.8; 
567; 0; 1610.2587; 170; 405; 
567; 0; 1610.2591; 170; 405.2; 
567; 0; 1610.2595; 170; 405.4; 
567; 0; 1610.2599; 170; 405.6; 
567; 0; 1610.2603; 170; 405.8; 
567; 0; 1610.2607; 170; 406; 
567; 0; 1611.6174; 170; 406.2; 
567; 0; 1611.6175; 170; 406.4; 
567; 0; 1611.6175; 170; 406.6; 
567; 0; 1611.6176; 170; 406.8; 
567; 0; 1611.6177; 170; 407; 
567; 0; 1611.6179; 170; 407.2; 
567; 0; 1611.618; 170; 407.4; 
567; 0; 1611.6184; 170; 407.6; 
567; 0; 1610.2622; 170; 407.8; 
567; 0; 1610.2625; 170; 408; 
567; 0; 1610.2628; 170; 408.2; 
567; 0; 1610.2631; 170; 408.4; 
567; 0; 1610.2634; 170; 408.6; 
567; 0; 1610.2637; 170; 408.8; 
567; 0; 1610.2639; 170; 409; 
567; 0; 1610.264; 170; 409.2; 
567; 0; 1610.2642; 170; 409.4; 
567; 0; 1610.2643; 170; 409.6; 
567; 0; 1610.2644; 170; 409.8; 
567; 0; 1610.2646; 170; 410; 
567; 0; 1610.2648; 170; 410.2; 
567; 0; 1610.265; 170; 410.4; 
567; 0; 1610.2653; 170; 410.6; 
567; 0; 1610.2654; 170; 410.8; 
567; 0; 1610.2656; 170; 411; 
567; 0; 1596.7003; 170; 411.2; 
567; 0; 1309.6161; 170; 411.4; 
567; 0; 994.2905; 170; 411.6; 
567; 0; 961.9795; 170; 411.8; 
567; 0; 961.9798; 170; 412; 
567; 0; 961.9802; 170; 412.2; 
567; 0; 961.9807; 170; 412.4; 
567; 0; 961.9813; 170; 412.6; 
567; 0; 961.9819; 170; 412.8; 
567; 0; 961.9825; 170; 413; 
567; 0; 961.9832; 170; 413.2; 
567; 0; 961.9841; 170; 413.4; 
567; 0; 961.9852; 170; 413.6; 
567; 0; 961.9865; 170; 413.8; 
567; 0; 961.9878; 170; 414; 
567; 0; 961.9893; 170; 414.2; 
567; 0; 961.9909; 170; 414.4; 
567; 0; 961.9924; 170; 414.6; 
567; 0; 961.9941; 170; 414.8; 
567; 0; 961.9958; 170; 415; 
567; 0; 961.9976; 170; 415.2; 
567; 0; 961.9995; 170; 415.4; 
567; 0; 962.0017; 170; 415.6; 
567; 0; 962.004; 170; 415.8; 
567; 0; 962.0063; 170; 416; 
567; 0; 954.4249; 170; 416.2; 
567; 0; 954.4274; 170; 416.4; 
567; 0; 954.43; 170; 416.6; 
567; 0; 954.4326; 170; 416.8; 
567; 0; 954.4353; 170; 417; 
567; 0; 954.438; 170; 417.2; 
567; 0; 954.4406; 170; 417.4; 
567; 0; 954.443; 170; 417.6; 
567; 0; 954.4453; 170; 417.8; 
567; 0; 954.4475; 170; 418; 
567; 0; 954.4498; 170; 418.2; 
567; 0; 954.4522; 170; 418.4; 
567; 0; 954.4546; 170; 418.6; 
567; 0; 954.4571; 170; 418.8; 
567; 0; 954.4595; 170; 419; 
567; 0; 954.462; 170; 419.2; 
567; 0; 954.4645; 170; 419.4; 
567; 0; 954.467; 170; 419.6; 
567; 0; 954.4695; 170; 419.8; 
567; 0; 954.4721; 170; 420; 
567; 0; 954.4747; 170; 420.2; 
567; 0; 947.1739; 170; 420.4; 
567; 0; 947.1763; 170; 420.6; 
567; 0; 947.1786; 170; 420.8; 
567; 0; 947.181; 170; 421; 
567; 0; 947.1832; 170; 421.2; 
567; 0; 947.1854; 170; 421.4; 
567; 0; 947.1874; 170; 421.6; 
567; 0; 947.1895; 170; 421.8; 
567; 0; 947.1917; 170; 422; 
567; 0; 947.1939; 170; 422.2; 
567; 0; 947.1961; 170; 422.4; 
567; 0; 947.1983; 170; 422.6; 
567; 0; 947.2006; 170; 422.8; 
567; 0; 947.2031; 170; 423; 
567; 0; 947.2055; 170; 423.2; 
567; 0; 947.2079; 170; 423.4; 
567; 0; 947.2102; 170; 423.6; 
567; 0; 947.2123; 170; 423.8; 
567; 0; 947.2145; 170; 424; 
567; 0; 947.2166; 170; 424.2; 
567; 0; 947.2187; 170; 424.4; 
567; 0; 947.2209; 170; 424.6; 
567; 0; 947.2231; 170; 424.8; 
567; 0; 940.2018; 170; 425; 
567; 0; 940.204; 170; 425.2; 
567; 0; 940.2063; 170; 425.4; 
567; 0; 940.2085; 170; 425.6; 
567; 0; 940.2105; 170; 425.8; 
567; 0; 940.2125; 170; 426; 
567; 0; 940.2145; 170; 426.2; 
567; 0; 940.2164; 170; 426.4; 
567; 0; 940.2182; 170; 426.6; 
567; 0; 940.22; 170; 426.8; 
567; 0; 940.222; 170; 427; 
567; 0; 940.2241; 170; 427.2; 
567; 0; 940.2264; 170; 427.4; 
567; 0; 940.2286; 170; 427.6; 
567; 0; 940.2308; 170; 427.8; 
567; 0; 940.2329; 170; 428; 
567; 0; 940.235; 170; 428.2; 
567; 0; 940.237; 170; 428.4; 
567; 0; 940.2388; 170; 428.6; 
567; 0; 940.2407; 170; 428.8; 
567; 0; 940.2425; 170; 429; 
567; 0; 940.2444; 170; 429.2; 
567; 0; 940.2464; 170; 429.4; 
567; 0; 940.2484; 170; 429.6; 
567; 0; 940.2503; 170; 429.8; 
567; 0; 931.1739; 170; 430; 
567; 0; 931.1757; 170; 430.2; 
567; 0; 931.1776; 170; 430.4; 
567; 0; 931.1794; 170; 430.6; 
567; 0; 931.1811; 170; 430.8; 
567; 0; 931.183; 170; 431; 
567; 0; 931.1848; 170; 431.2; 
567; 0; 931.1866; 170; 431.4; 
567; 0; 931.1883; 170; 431.6; 
567; 0; 931.1902; 170; 431.8; 
567; 0; 931.1919; 170; 432; 
567; 0; 931.1936; 170; 432.2; 
567; 0; 931.1954; 170; 432.4; 
567; 0; 931.1973; 170; 432.6; 
567; 0; 931.1991; 170; 432.8; 
567; 0; 931.2009; 170; 433; 
567; 0; 931.2027; 170; 433.2; 
567; 0; 931.2045; 170; 433.4; 
567; 0; 931.2063; 170; 433.6; 
567; 0; 931.2081; 170; 433.8; 
567; 0; 931.2097; 170; 434; 
567; 0; 931.2113; 170; 434.2; 
567; 0; 931.2129; 170; 434.4; 
567; 0; 931.2146; 170; 434.6; 
567; 0; 931.2164; 170; 434.8; 
567; 0; 931.2182; 170; 435; 
567; 0; 931.2201; 170; 435.2; 
567; 0; 931.2218; 170; 435.4; 
567; 0; 922.4725; 170; 435.6; 
567; 0; 922.4741; 170; 435.8; 
567; 0; 922.4758; 170; 436; 
567; 0; 922.4774; 170; 436.2; 
567; 0; 922.4789; 170; 436.4; 
567; 0; 924.0546; 170; 436.6; 
567; 0; 939.7985; 170; 436.8; 
567; 0; 957.1167; 170; 437; 
567; 0; 972.8607; 170; 437.2; 
567; 0; 990.1792; 170; 437.4; 
567; 0; 1005.9235; 170; 437.6; 
567; 0; 1021.6677; 170; 437.8; 
567; 0; 1037.412; 170; 438; 
567; 0; 1053.1561; 170; 438.2; 
567; 0; 1067.3259; 170; 438.4; 
567; 0; 1081.3627; 170; 438.6; 
567; 0; 1095.1284; 170; 438.8; 
567; 0; 1107.3649; 170; 439; 
567; 0; 1119.6014; 170; 439.2; 
567; 0; 1131.8378; 170; 439.4; 
567; 0; 1142.5449; 170; 439.6; 
567; 0; 1153.2518; 170; 439.8; 
567; 0; 1162.4293; 170; 440; 
567; 0; 1171.6067; 170; 440.2; 
567; 0; 1180.7842; 170; 440.4; 
567; 0; 1189.9617; 170; 440.6; 
567; 0; 1197.6101; 170; 440.8; 
567; 0; 1205.2597; 170; 441; 
567; 0; 1212.9115; 170; 441.2; 
567; 0; 1220.5666; 170; 441.4; 
567; 0; 1227.1156; 170; 441.6; 
567; 0; 1232.0673; 170; 441.8; 
567; 0; 1238.6709; 170; 442; 
567; 0; 1243.6376; 170; 442.2; 
567; 0; 1250.2547; 170; 442.4; 
567; 0; 1256.8742; 170; 442.6; 
567; 0; 1264.2818; 170; 442.8; 
567; 0; 1274.5877; 170; 443; 
567; 0; 1284.8851; 170; 443.2; 
567; 0; 1298.108; 170; 443.4; 
567; 0; 1311.3194; 170; 443.6; 
567; 0; 1314.7808; 170; 443.8; 
567; 0; 1327.9126; 170; 444; 
567; 0; 1339.5755; 170; 444.2; 
567; 0; 1349.7725; 170; 444.4; 
567; 0; 1357.0454; 170; 444.6; 
567; 0; 1364.3201; 170; 444.8; 
567; 0; 1368.6765; 170; 445; 
567; 0; 1371.578; 170; 445.2; 
567; 0; 1374.4873; 170; 445.4; 
567; 0; 1375.9435; 170; 445.6; 
567; 0; 1375.946; 170; 445.8; 
567; 0; 1377.4166; 170; 446; 
567; 0; 1377.4307; 170; 446.2; 
567; 0; 1378.9091; 170; 446.4; 
567; 0; 1380.3882; 170; 446.6; 
567; 0; 1383.3277; 170; 446.8; 
567; 0; 1386.2645; 170; 447; 
567; 0; 1389.1975; 170; 447.2; 
567; 0; 1393.5877; 170; 447.4; 
567; 0; 1396.5119; 170; 447.6; 
567; 0; 1400.8934; 170; 447.8; 
567; 0; 1403.8102; 170; 448; 
567; 0; 1406.7247; 170; 448.2; 
567; 0; 1409.6381; 170; 448.4; 
567; 0; 1411.09; 170; 448.6; 
567; 0; 1412.5428; 170; 448.8; 
567; 0; 1413.9973; 170; 449; 
567; 0; 1413.9925; 170; 449.2; 
567; 0; 1415.4516; 170; 449.4; 
567; 0; 1415.4516; 170; 449.6; 
567; 0; 1415.4536; 170; 449.8; 
567; 0; 1415.4572; 170; 450; 
567; 0; 1415.4619; 170; 450.2; 
567; 0; 1415.4669; 170; 450.4; 
567; 0; 1415.4717; 170; 450.6; 
567; 0; 1416.9365; 170; 450.8; 
567; 0; 1416.9367; 170; 451; 
567; 0; 1418.3937; 170; 451.2; 
567; 0; 1419.8448; 170; 451.4; 
567; 0; 1421.29; 170; 451.6; 
567; 0; 1421.2688; 170; 451.8; 
567; 0; 1421.2445; 170; 452; 
567; 0; 1419.7581; 170; 452.2; 
567; 0; 1416.8135; 170; 452.4; 
567; 0; 1412.412; 170; 452.6; 
567; 0; 1408.0165; 170; 452.8; 
567; 0; 1403.6275; 170; 453; 
567; 0; 1397.7834; 170; 453.2; 
567; 0; 1391.9452; 170; 453.4; 
567; 0; 1386.1112; 170; 453.6; 
567; 0; 1381.7413; 170; 453.8; 
567; 0; 1377.3722; 170; 454; 
567; 0; 1373.0029; 170; 454.2; 
567; 0; 1370.0924; 170; 454.4; 
567; 0; 1367.1783; 170; 454.6; 
567; 0; 1364.2603; 170; 454.8; 
567; 0; 1362.7998; 170; 455; 
567; 0; 1359.8748; 170; 455.2; 
567; 0; 1358.4089; 170; 455.4; 
567; 0; 1355.4804; 170; 455.6; 
567; 0; 1354.0131; 170; 455.8; 
567; 0; 1352.5462; 170; 456; 
567; 0; 1349.6189; 170; 456.2; 
567; 0; 1348.1544; 170; 456.4; 
567; 0; 1345.23; 170; 456.6; 
567; 0; 1343.7685; 170; 456.8; 
567; 0; 1340.8466; 170; 457; 
567; 0; 1339.3871; 170; 457.2; 
567; 0; 1336.4667; 170; 457.4; 
567; 0; 1335.0078; 170; 457.6; 
567; 0; 1333.5487; 170; 457.8; 
567; 0; 1332.0892; 170; 458; 
567; 0; 1330.6289; 170; 458.2; 
567; 0; 1329.168; 170; 458.4; 
567; 0; 1329.1679; 170; 458.6; 
567; 0; 1327.706; 170; 458.8; 
567; 0; 1326.2438; 170; 459; 
567; 0; 1326.2429; 170; 459.2; 
567; 0; 1324.7804; 170; 459.4; 
567; 0; 1324.7796; 170; 459.6; 
567; 0; 1323.3173; 170; 459.8; 
567; 0; 1323.3167; 170; 460; 
567; 0; 1321.8548; 170; 460.2; 
567; 0; 1321.8545; 170; 460.4; 
567; 0; 1320.393; 170; 460.6; 
567; 0; 1320.3931; 170; 460.8; 
567; 0; 1318.9318; 170; 461; 
567; 0; 1318.9318; 170; 461.2; 
567; 0; 1318.9318; 170; 461.4; 
567; 0; 1317.4701; 170; 461.6; 
567; 0; 1317.4699; 170; 461.8; 
567; 0; 1317.4697; 170; 462; 
567; 0; 1316.0081; 170; 462.2; 
567; 0; 1316.008; 170; 462.4; 
567; 0; 1316.0079; 170; 462.6; 
567; 0; 1316.0078; 170; 462.8; 
567; 0; 1314.5461; 170; 463; 
567; 0; 1314.5459; 170; 463.2; 
567; 0; 1314.5457; 170; 463.4; 
567; 0; 1314.5455; 170; 463.6; 
567; 0; 1313.0839; 170; 463.8; 
567; 0; 1313.0839; 170; 464; 
567; 0; 1313.0838; 170; 464.2; 
567; 0; 1313.0837; 170; 464.4; 
567; 0; 1313.0836; 170; 464.6; 
567; 0; 1313.0834; 170; 464.8; 
567; 0; 1313.0833; 170; 465; 
567; 0; 1311.6216; 170; 465.2; 
567; 0; 1311.6214; 170; 465.4; 
567; 0; 1311.6213; 170; 465.6; 
567; 0; 1311.6212; 170; 465.8; 
567; 0; 1311.6212; 170; 466; 
567; 0; 1311.6212; 170; 466.2; 
567; 0; 1311.6211; 170; 466.4; 
567; 0; 1311.621; 170; 466.6; 
567; 0; 1311.6208; 170; 466.8; 
567; 0; 1310.1592; 170; 467; 
567; 0; 1310.1589; 170; 467.2; 
567; 0; 1310.1588; 170; 467.4; 
567; 0; 1310.1586; 170; 467.6; 
567; 0; 1310.1585; 170; 467.8; 
567; 0; 1319.8766; 170; 468; 
567; 0; 1319.8764; 170; 468.2; 
567; 0; 1319.8763; 170; 468.4; 
567; 0; 1319.8762; 170; 468.6; 
567; 0; 1319.8762; 170; 468.8; 
567; 0; 1318.4081; 170; 469; 
567; 0; 1318.408; 170; 469.2; 
567; 0; 1318.4079; 170; 469.4; 
567; 0; 1316.9398; 170; 469.6; 
567; 0; 1316.9398; 170; 469.8; 
567; 0; 1316.9398; 170; 470; 
567; 0; 1315.4717; 170; 470.2; 
567; 0; 1315.4717; 170; 470.4; 
567; 0; 1314.0036; 170; 470.6; 
567; 0; 1314.0035; 170; 470.8; 
567; 0; 1312.5353; 170; 471; 
567; 0; 1312.535; 170; 471.2; 
567; 0; 1312.5347; 170; 471.4; 
567; 0; 1311.0664; 170; 471.6; 
567; 0; 1311.0662; 170; 471.8; 
567; 0; 1309.5979; 170; 472; 
567; 0; 1309.5977; 170; 472.2; 
567; 0; 1309.5975; 170; 472.4; 
567; 0; 1308.1294; 170; 472.6; 
567; 0; 1308.1295; 170; 472.8; 
567; 0; 1306.6616; 170; 473; 
567; 0; 1306.6617; 170; 473.2; 
567; 0; 1306.6616; 170; 473.4; 
567; 0; 1306.6615; 170; 473.6; 
567; 0; 1305.1932; 170; 473.8; 
567; 0; 1305.193; 170; 474; 
567; 0; 1305.1927; 170; 474.2; 
567; 0; 1305.1924; 170; 474.4; 
567; 0; 1305.1922; 170; 474.6; 
567; 0; 1303.724; 170; 474.8; 
567; 0; 1303.7238; 170; 475; 
567; 0; 1303.7238; 170; 475.2; 
567; 0; 1303.724; 170; 475.4; 
567; 0; 1303.7253; 170; 475.6; 
567; 0; 1305.1969; 170; 475.8; 
567; 0; 1305.2042; 170; 476; 
567; 0; 1305.2164; 170; 476.2; 
567; 0; 1303.7671; 170; 476.4; 
567; 0; 1303.7931; 170; 476.6; 
567; 0; 1303.8252; 170; 476.8; 
567; 0; 1305.3289; 170; 477; 
567; 0; 1308.3004; 170; 477.2; 
567; 0; 1314.2042; 170; 477.4; 
567; 0; 1311.8431; 170; 477.6; 
567; 0; 1320.6265; 170; 477.8; 
567; 0; 1329.3986; 170; 478; 
567; 0; 1341.0825; 170; 478.2; 
567; 0; 1351.2948; 170; 478.4; 
567; 0; 1361.499; 170; 478.6; 
567; 0; 1368.7748; 170; 478.8; 
567; 0; 1376.0484; 170; 479; 
567; 0; 1381.8611; 170; 479.2; 
567; 0; 1384.7545; 170; 479.4; 
567; 0; 1387.6536; 170; 479.6; 
567; 0; 1389.0987; 170; 479.8; 
567; 0; 1389.0904; 170; 480; 
567; 0; 1389.0901; 170; 480.2; 
567; 0; 1389.0968; 170; 480.4; 
567; 0; 1389.109; 170; 480.6; 
567; 0; 1389.1246; 170; 480.8; 
567; 0; 1389.1416; 170; 481; 
567; 0; 1390.6196; 170; 481.2; 
567; 0; 1392.0954; 170; 481.4; 
567; 0; 1395.0294; 170; 481.6; 
567; 0; 1397.9592; 170; 481.8; 
567; 0; 1400.8846; 170; 482; 
567; 0; 1405.2674; 170; 482.2; 
567; 0; 1408.1852; 170; 482.4; 
567; 0; 1409.639; 170; 482.6; 
567; 0; 1412.5528; 170; 482.8; 
567; 0; 1414.0047; 170; 483; 
567; 0; 1415.4572; 170; 483.2; 
567; 0; 1415.4497; 170; 483.4; 
567; 0; 1415.4442; 170; 483.6; 
567; 0; 1415.4411; 170; 483.8; 
567; 0; 1415.4405; 170; 484; 
567; 0; 1415.4421; 170; 484.2; 
567; 0; 1415.4454; 170; 484.4; 
567; 0; 1415.4499; 170; 484.6; 
567; 0; 1415.4549; 170; 484.8; 
567; 0; 1415.4599; 170; 485; 
567; 0; 1415.4643; 170; 485.2; 
567; 0; 1415.4676; 170; 485.4; 
567; 0; 1416.9311; 170; 485.6; 
567; 0; 1416.9319; 170; 485.8; 
567; 0; 1418.3929; 170; 486; 
567; 0; 1418.3915; 170; 486.2; 
567; 0; 1419.8508; 170; 486.4; 
567; 0; 1419.8481; 170; 486.6; 
567; 0; 1419.8453; 170; 486.8; 
567; 0; 1419.8427; 170; 487; 
567; 0; 1421.302; 170; 487.2; 
567; 0; 1421.3004; 170; 487.4; 
567; 0; 1419.8379; 170; 487.6; 
567; 0; 1419.8375; 170; 487.8; 
567; 0; 1419.8378; 170; 488; 
567; 0; 1419.8386; 170; 488.2; 
567; 0; 1419.8398; 170; 488.4; 
567; 0; 1419.8411; 170; 488.6; 
567; 0; 1419.8424; 170; 488.8; 
567; 0; 1419.8434; 170; 489; 
567; 0; 1419.8443; 170; 489.2; 
567; 0; 1419.8448; 170; 489.4; 
567; 0; 1419.845; 170; 489.6; 
567; 0; 1419.8448; 170; 489.8; 
567; 0; 1421.3059; 170; 490; 
567; 0; 1421.3052; 170; 490.2; 
567; 0; 1421.3044; 170; 490.4; 
567; 0; 1421.3035; 170; 490.6; 
567; 0; 1421.3027; 170; 490.8; 
567; 0; 1421.3021; 170; 491; 
567; 0; 1421.3018; 170; 491.2; 
567; 0; 1421.3015; 170; 491.4; 
567; 0; 1421.3014; 170; 491.6; 
567; 0; 1421.3015; 170; 491.8; 
567; 0; 1421.3017; 170; 492; 
567; 0; 1419.8403; 170; 492.2; 
567; 0; 1419.8403; 170; 492.4; 
567; 0; 1419.8404; 170; 492.6; 
567; 0; 1419.8405; 170; 492.8; 
567; 0; 1419.8405; 170; 493; 
567; 0; 1419.8405; 170; 493.2; 
567; 0; 1421.3016; 170; 493.4; 
567; 0; 1421.2996; 170; 493.6; 
567; 0; 1421.2944; 170; 493.8; 
567; 0; 1422.746; 170; 494; 
567; 0; 1422.7307; 170; 494.2; 
567; 0; 1422.7104; 170; 494.4; 
567; 0; 1421.2252; 170; 494.6; 
567; 0; 1419.7396; 170; 494.8; 
567; 0; 1416.7947; 170; 495; 
567; 0; 1412.3922; 170; 495.2; 
567; 0; 1407.9954; 170; 495.4; 
567; 0; 1402.1436; 170; 495.6; 
567; 0; 1396.2985; 170; 495.8; 
567; 0; 1390.459; 170; 496; 
567; 0; 1384.6239; 170; 496.2; 
567; 0; 1380.2527; 170; 496.4; 
567; 0; 1374.4208; 170; 496.6; 
567; 0; 1370.0495; 170; 496.8; 
567; 0; 1365.6761; 170; 497; 
567; 0; 1362.7616; 170; 497.2; 
567; 0; 1359.844; 170; 497.4; 
567; 0; 1356.9232; 170; 497.6; 
567; 0; 1353.9998; 170; 497.8; 
567; 0; 1352.5361; 170; 498; 
567; 0; 1349.6097; 170; 498.2; 
567; 0; 1346.6829; 170; 498.4; 
567; 0; 1345.218; 170; 498.6; 
567; 0; 1342.2925; 170; 498.8; 
567; 0; 1339.3679; 170; 499; 
567; 0; 1337.9057; 170; 499.2; 
567; 0; 1334.9829; 170; 499.4; 
567; 0; 1333.5223; 170; 499.6; 
567; 0; 1332.0622; 170; 499.8; 
567; 0; 1329.141; 170; 500; 
567; 0; 1327.6813; 170; 500.2; 
567; 0; 1326.2215; 170; 500.4; 
567; 0; 1324.7613; 170; 500.6; 
567; 0; 1323.3008; 170; 500.8; 
567; 0; 1321.8398; 170; 501; 
567; 0; 1321.8399; 170; 501.2; 
567; 0; 1320.3781; 170; 501.4; 
567; 0; 1318.9161; 170; 501.6; 
567; 0; 1318.9155; 170; 501.8; 
567; 0; 1317.4535; 170; 502; 
567; 0; 1317.453; 170; 502.2; 
567; 0; 1315.9912; 170; 502.4; 
567; 0; 1315.9909; 170; 502.6; 
567; 0; 1314.5293; 170; 502.8; 
567; 0; 1314.5295; 170; 503; 
567; 0; 1313.0682; 170; 503.2; 
567; 0; 1313.0684; 170; 503.4; 
567; 0; 1313.0685; 170; 503.6; 
567; 0; 1311.6071; 170; 503.8; 
567; 0; 1311.6072; 170; 504; 
567; 0; 1311.6073; 170; 504.2; 
567; 0; 1311.6072; 170; 504.4; 
567; 0; 1310.1455; 170; 504.6; 
567; 0; 1310.1452; 170; 504.8; 
567; 0; 1319.8631; 170; 505; 
567; 0; 1319.8628; 170; 505.2; 
567; 0; 1319.8626; 170; 505.4; 
567; 0; 1318.3945; 170; 505.6; 
567; 0; 1318.3944; 170; 505.8; 
567; 0; 1318.3943; 170; 506; 
567; 0; 1316.9263; 170; 506.2; 
567; 0; 1316.9261; 170; 506.4; 
567; 0; 1316.9261; 170; 506.6; 
567; 0; 1315.458; 170; 506.8; 
567; 0; 1315.4581; 170; 507; 
567; 0; 1313.9902; 170; 507.2; 
567; 0; 1313.9904; 170; 507.4; 
567; 0; 1312.5225; 170; 507.6; 
567; 0; 1312.5226; 170; 507.8; 
567; 0; 1311.0545; 170; 508; 
567; 0; 1311.0543; 170; 508.2; 
567; 0; 1309.5859; 170; 508.4; 
567; 0; 1309.5855; 170; 508.6; 
567; 0; 1309.585; 170; 508.8; 
567; 0; 1308.1166; 170; 509; 
567; 0; 1308.1164; 170; 509.2; 
567; 0; 1306.6483; 170; 509.4; 
567; 0; 1306.6483; 170; 509.6; 
567; 0; 1306.6483; 170; 509.8; 
567; 0; 1305.1803; 170; 510; 
567; 0; 1305.1803; 170; 510.2; 
567; 0; 1305.1802; 170; 510.4; 
567; 0; 1303.7121; 170; 510.6; 
567; 0; 1303.712; 170; 510.8; 
567; 0; 1303.712; 170; 511; 
567; 0; 1303.712; 170; 511.2; 
567; 0; 1302.244; 170; 511.4; 
567; 0; 1302.2441; 170; 511.6; 
567; 0; 1302.2441; 170; 511.8; 
567; 0; 1302.2441; 170; 512; 
567; 0; 1302.2439; 170; 512.2; 
567; 0; 1302.2437; 170; 512.4; 
567; 0; 1300.7756; 170; 512.6; 
567; 0; 1300.7755; 170; 512.8; 
567; 0; 1300.7753; 170; 513; 
567; 0; 1300.7752; 170; 513.2; 
567; 0; 1300.775; 170; 513.4; 
567; 0; 1300.7749; 170; 513.6; 
567; 0; 1300.7748; 170; 513.8; 
567; 0; 1300.7746; 170; 514; 
567; 0; 1300.7745; 170; 514.2; 
567; 0; 1299.3065; 170; 514.4; 
567; 0; 1299.3064; 170; 514.6; 
567; 0; 1299.3063; 170; 514.8; 
567; 0; 1299.3063; 170; 515; 
567; 0; 1299.3063; 170; 515.2; 
567; 0; 1299.3064; 170; 515.4; 
567; 0; 1299.3064; 170; 515.6; 
567; 0; 1299.3065; 170; 515.8; 
567; 0; 1299.3066; 170; 516; 
567; 0; 1299.3066; 170; 516.2; 
567; 0; 1299.3067; 170; 516.4; 
567; 0; 1299.3066; 170; 516.6; 
567; 0; 1299.3066; 170; 516.8; 
567; 0; 1299.3065; 170; 517; 
567; 0; 1299.3063; 170; 517.2; 
567; 0; 1299.3061; 170; 517.4; 
567; 0; 1299.306; 170; 517.6; 
567; 0; 1299.3059; 170; 517.8; 
567; 0; 1299.3057; 170; 518; 
567; 0; 1297.8376; 170; 518.2; 
567; 0; 1297.8375; 170; 518.4; 
567; 0; 1297.8375; 170; 518.6; 
567; 0; 1297.8374; 170; 518.8; 
567; 0; 1297.8373; 170; 519; 
567; 0; 1297.8373; 170; 519.2; 
567; 0; 1297.8374; 170; 519.4; 
567; 0; 1297.8375; 170; 519.6; 
567; 0; 1297.8377; 170; 519.8; 
567; 0; 1297.8378; 170; 520; 
567; 0; 1297.8378; 170; 520.2; 
567; 0; 1297.8379; 170; 520.4; 
567; 0; 1297.8379; 170; 520.6; 
567; 0; 1297.8378; 170; 520.8; 
567; 0; 1297.8377; 170; 521; 
567; 0; 1297.8377; 170; 521.2; 
567; 0; 1297.8376; 170; 521.4; 
567; 0; 1297.8374; 170; 521.6; 
567; 0; 1297.8373; 170; 521.8; 
567; 0; 1297.8372; 170; 522; 
567; 0; 1297.8371; 170; 522.2; 
567; 0; 1297.8369; 170; 522.4; 
567; 0; 1297.8368; 170; 522.6; 
567; 0; 1297.8367; 170; 522.8; 
567; 0; 1297.8368; 170; 523; 
567; 0; 1297.8369; 170; 523.2; 
567; 0; 1297.837; 170; 523.4; 
567; 0; 1297.837; 170; 523.6; 
567; 0; 1297.8369; 170; 523.8; 
567; 0; 1297.8368; 170; 524; 
567; 0; 1297.8367; 170; 524.2; 
567; 0; 1297.8366; 170; 524.4; 
567; 0; 1297.8365; 170; 524.6; 
567; 0; 1297.8365; 170; 524.8; 
567; 0; 1297.8365; 170; 525; 
567; 0; 1297.8366; 170; 525.2; 
567; 0; 1297.8367; 170; 525.4; 
567; 0; 1297.8368; 170; 525.6; 
567; 0; 1297.8368; 170; 525.8; 
567; 0; 1297.8368; 170; 526; 
567; 0; 1297.8367; 170; 526.2; 
567; 0; 1297.8366; 170; 526.4; 
567; 0; 1297.8365; 170; 526.6; 
567; 0; 1297.8364; 170; 526.8; 
567; 0; 1297.8363; 170; 527; 
567; 0; 1297.8363; 170; 527.2; 
567; 0; 1297.8363; 170; 527.4; 
567; 0; 1297.8362; 170; 527.6; 
567; 0; 1297.8361; 170; 527.8; 
567; 0; 1297.8361; 170; 528; 
567; 0; 1297.8361; 170; 528.2; 
567; 0; 1297.8361; 170; 528.4; 
567; 0; 1297.8361; 170; 528.6; 
567; 0; 1296.3681; 170; 528.8; 
567; 0; 1296.3681; 170; 529; 
567; 0; 1296.368; 170; 529.2; 
567; 0; 1296.3679; 170; 529.4; 
567; 0; 1296.3679; 170; 529.6; 
567; 0; 1296.368; 170; 529.8; 
567; 0; 1296.3679; 170; 530; 
567; 0; 1296.3679; 170; 530.2; 
567; 0; 1296.3679; 170; 530.4; 
567; 0; 1296.3679; 170; 530.6; 
567; 0; 1296.3679; 170; 530.8; 
567; 0; 1296.3678; 170; 531; 
567; 0; 1296.3677; 170; 531.2; 
567; 0; 1296.3676; 170; 531.4; 
567; 0; 1296.3675; 170; 531.6; 
567; 0; 1296.3675; 170; 531.8; 
567; 0; 1296.3675; 170; 532; 
567; 0; 1296.3675; 170; 532.2; 
567; 0; 1296.3675; 170; 532.4; 
567; 0; 1296.3676; 170; 532.6; 
567; 0; 1296.3676; 170; 532.8; 
567; 0; 1296.3676; 170; 533; 
567; 0; 1296.3675; 170; 533.2; 
567; 0; 1296.3673; 170; 533.4; 
567; 0; 1296.3673; 170; 533.6; 
567; 0; 1296.3672; 170; 533.8; 
567; 0; 1296.3672; 170; 534; 
567; 0; 1296.3673; 170; 534.2; 
567; 0; 1296.3672; 170; 534.4; 
567; 0; 1296.3672; 170; 534.6; 
567; 0; 1296.3672; 170; 534.8; 
567; 0; 1296.3672; 170; 535; 
567; 0; 1296.3672; 170; 535.2; 
567; 0; 1296.3671; 170; 535.4; 
567; 0; 1296.3671; 170; 535.6; 
567; 0; 1296.3671; 170; 535.8; 
567; 0; 1296.3671; 170; 536; 
567; 0; 1296.3671; 170; 536.2; 
567; 0; 1296.3671; 170; 536.4; 
567; 0; 1296.3671; 170; 536.6; 
567; 0; 1296.3671; 170; 536.8; 
567; 0; 1296.3671; 170; 537; 
567; 0; 1296.367; 170; 537.2; 
567; 0; 1296.3669; 170; 537.4; 
567; 0; 1296.3669; 170; 537.6; 
567; 0; 1296.3668; 170; 537.8; 
567; 0; 1296.3667; 170; 538; 
567; 0; 1296.3668; 170; 538.2; 
567; 0; 1296.3668; 170; 538.4; 
567; 0; 1296.3668; 170; 538.6; 
567; 0; 1297.8349; 170; 538.8; 
567; 0; 1297.8352; 170; 539; 
567; 0; 1297.8359; 170; 539.2; 
567; 0; 1297.8378; 170; 539.4; 
567; 0; 1299.3101; 170; 539.6; 
567; 0; 1299.3182; 170; 539.8; 
567; 0; 1299.3311; 170; 540; 
567; 0; 1299.3496; 170; 540.2; 
567; 0; 1299.3734; 170; 540.4; 
567; 0; 1299.4012; 170; 540.6; 
567; 0; 1302.3676; 170; 540.8; 
567; 0; 1303.8663; 170; 541; 
567; 0; 1308.2986; 170; 541.2; 
567; 0; 1314.1938; 170; 541.4; 
567; 0; 1313.2854; 170; 541.6; 
567; 0; 1322.0603; 170; 541.8; 
567; 0; 1330.8249; 170; 542; 
567; 0; 1341.0403; 170; 542.2; 
567; 0; 1351.2456; 170; 542.4; 
567; 0; 1359.981; 170; 542.6; 
567; 0; 1367.249; 170; 542.8; 
567; 0; 1371.5917; 170; 543; 
567; 0; 1375.9358; 170; 543.2; 
567; 0; 1377.3628; 170; 543.4; 
567; 0; 1377.3379; 170; 543.6; 
567; 0; 1375.8614; 170; 543.8; 
567; 0; 1374.3958; 170; 544; 
567; 0; 1371.4796; 170; 544.2; 
567; 0; 1368.5725; 170; 544.4; 
567; 0; 1365.6723; 170; 544.6; 
567; 0; 1364.2385; 170; 544.8; 
567; 0; 1362.8057; 170; 545; 
567; 0; 1362.8316; 170; 545.2; 
567; 0; 1364.3132; 170; 545.4; 
567; 0; 1367.2486; 170; 545.6; 
567; 0; 1370.1752; 170; 545.8; 
567; 0; 1373.0927; 170; 546; 
567; 0; 1376.0021; 170; 546.2; 
567; 0; 1378.9052; 170; 546.4; 
567; 0; 1380.343; 170; 546.6; 
567; 0; 1380.3183; 170; 546.8; 
567; 0; 1380.2954; 170; 547; 
567; 0; 1378.8163; 170; 547.2; 
567; 0; 1375.8812; 170; 547.4; 
567; 0; 1372.9523; 170; 547.6; 
567; 0; 1370.0297; 170; 547.8; 
567; 0; 1367.1127; 170; 548; 
567; 0; 1364.2; 170; 548.2; 
567; 0; 1361.2898; 170; 548.4; 
567; 0; 1358.381; 170; 548.6; 
567; 0; 1356.933; 170; 548.8; 
567; 0; 1355.4824; 170; 549; 
567; 0; 1354.0282; 170; 549.2; 
567; 0; 1354.0315; 170; 549.4; 
567; 0; 1354.0306; 170; 549.6; 
567; 0; 1354.0263; 170; 549.8; 
567; 0; 1352.5581; 170; 550; 
567; 0; 1352.5499; 170; 550.2; 
567; 0; 1351.0798; 170; 550.4; 
567; 0; 1351.0717; 170; 550.6; 
567; 0; 1349.6036; 170; 550.8; 
567; 0; 1348.1376; 170; 551; 
567; 0; 1346.6736; 170; 551.2; 
567; 0; 1343.75; 170; 551.4; 
567; 0; 1342.2896; 170; 551.6; 
567; 0; 1340.8303; 170; 551.8; 
567; 0; 1339.3718; 170; 552; 
567; 0; 1337.9137; 170; 552.2; 
567; 0; 1336.4553; 170; 552.4; 
567; 0; 1334.9963; 170; 552.6; 
567; 0; 1334.9979; 170; 552.8; 
567; 0; 1333.537; 170; 553; 
567; 0; 1332.0751; 170; 553.2; 
567; 0; 1332.074; 170; 553.4; 
567; 0; 1330.6108; 170; 553.6; 
567; 0; 1330.6088; 170; 553.8; 
567; 0; 1329.1453; 170; 554; 
567; 0; 1329.1437; 170; 554.2; 
567; 0; 1327.6809; 170; 554.4; 
567; 0; 1326.2185; 170; 554.6; 
567; 0; 1326.2179; 170; 554.8; 
567; 0; 1324.7561; 170; 555; 
567; 0; 1324.7561; 170; 555.2; 
567; 0; 1323.2948; 170; 555.4; 
567; 0; 1323.2949; 170; 555.6; 
567; 0; 1321.8337; 170; 555.8; 
567; 0; 1321.8339; 170; 556; 
567; 0; 1320.3724; 170; 556.2; 
567; 0; 1320.3723; 170; 556.4; 
567; 0; 1318.9106; 170; 556.6; 
567; 0; 1318.9103; 170; 556.8; 
567; 0; 1318.9099; 170; 557; 
567; 0; 1317.4479; 170; 557.2; 
567; 0; 1317.4475; 170; 557.4; 
567; 0; 1317.447; 170; 557.6; 
567; 0; 1315.9851; 170; 557.8; 
567; 0; 1315.9848; 170; 558; 
567; 0; 1315.9845; 170; 558.2; 
567; 0; 1314.5227; 170; 558.4; 
567; 0; 1314.5226; 170; 558.6; 
567; 0; 1314.5225; 170; 558.8; 
567; 0; 1313.061; 170; 559; 
567; 0; 1313.0609; 170; 559.2; 
567; 0; 1313.0609; 170; 559.4; 
567; 0; 1313.0608; 170; 559.6; 
567; 0; 1311.5992; 170; 559.8; 
567; 0; 1311.5991; 170; 560; 
567; 0; 1311.599; 170; 560.2; 
567; 0; 1311.5988; 170; 560.4; 
567; 0; 1311.5986; 170; 560.6; 
567; 0; 1310.1368; 170; 560.8; 
567; 0; 1310.1366; 170; 561; 
567; 0; 1319.8546; 170; 561.2; 
567; 0; 1319.8544; 170; 561.4; 
567; 0; 1319.8543; 170; 561.6; 
567; 0; 1318.386; 170; 561.8; 
567; 0; 1318.3859; 170; 562; 
567; 0; 1318.3858; 170; 562.2; 
567; 0; 1316.9178; 170; 562.4; 
567; 0; 1316.9178; 170; 562.6; 
567; 0; 1315.4497; 170; 562.8; 
567; 0; 1315.4496; 170; 563; 
567; 0; 1313.9814; 170; 563.2; 
567; 0; 1313.9813; 170; 563.4; 
567; 0; 1312.5132; 170; 563.6; 
567; 0; 1312.513; 170; 563.8; 
567; 0; 1311.0447; 170; 564; 
567; 0; 1311.0445; 170; 564.2; 
567; 0; 1309.5763; 170; 564.4; 
567; 0; 1309.5761; 170; 564.6; 
567; 0; 1309.576; 170; 564.8; 
567; 0; 1308.1078; 170; 565; 
567; 0; 1308.1077; 170; 565.2; 
567; 0; 1306.6397; 170; 565.4; 
567; 0; 1306.6398; 170; 565.6; 
567; 0; 1305.1718; 170; 565.8; 
567; 0; 1305.1718; 170; 566; 
567; 0; 1305.1716; 170; 566.2; 
567; 0; 1303.7034; 170; 566.4; 
567; 0; 1303.7032; 170; 566.6; 
567; 0; 1303.703; 170; 566.8; 
567; 0; 1302.2347; 170; 567; 
567; 0; 1302.2344; 170; 567.2; 
567; 0; 1302.2343; 170; 567.4; 
567; 0; 1302.2342; 170; 567.6; 
567; 0; 1300.7661; 170; 567.8; 
567; 0; 1300.7661; 170; 568; 
567; 0; 1300.7661; 170; 568.2; 
567; 0; 1300.766; 170; 568.4; 
567; 0; 1299.2979; 170; 568.6; 
567; 0; 1299.2979; 170; 568.8; 
567; 0; 1299.298; 170; 569; 
567; 0; 1299.298; 170; 569.2; 
567; 0; 1299.298; 170; 569.4; 
567; 0; 1299.2979; 170; 569.6; 
567; 0; 1297.8298; 170; 569.8; 
567; 0; 1297.8297; 170; 570; 
567; 0; 1297.8296; 170; 570.2; 
567; 0; 1297.8294; 170; 570.4; 
567; 0; 1297.8293; 170; 570.6; 
567; 0; 1297.8293; 170; 570.8; 
567; 0; 1297.8293; 170; 571; 
567; 0; 1297.8292; 170; 571.2; 
567; 0; 1297.8293; 170; 571.4; 
567; 0; 1297.8292; 170; 571.6; 
567; 0; 1296.3612; 170; 571.8; 
567; 0; 1296.3613; 170; 572; 
567; 0; 1296.3613; 170; 572.2; 
567; 0; 1296.3613; 170; 572.4; 
567; 0; 1296.3613; 170; 572.6; 
567; 0; 1296.3613; 170; 572.8; 
567; 0; 1296.3613; 170; 573; 
567; 0; 1296.3612; 170; 573.2; 
567; 0; 1296.3611; 170; 573.4; 
567; 0; 1296.3608; 170; 573.6; 
567; 0; 1296.3606; 170; 573.8; 
567; 0; 1296.3605; 170; 574; 
567; 0; 1296.3605; 170; 574.2; 
567; 0; 1296.3605; 170; 574.4; 
567; 0; 1296.3606; 170; 574.6; 
567; 0; 1296.3607; 170; 574.8; 
567; 0; 1296.3607; 170; 575; 
567; 0; 1296.3607; 170; 575.2; 
567; 0; 1296.3608; 170; 575.4; 
567; 0; 1296.3607; 170; 575.6; 
567; 0; 1296.3606; 170; 575.8; 
567; 0; 1294.8925; 170; 576; 
567; 0; 1294.8924; 170; 576.2; 
567; 0; 1294.8922; 170; 576.4; 
567; 0; 1294.892; 170; 576.6; 
567; 0; 1294.8919; 170; 576.8; 
567; 0; 1294.8919; 170; 577; 
567; 0; 1294.8919; 170; 577.2; 
567; 0; 1294.892; 170; 577.4; 
567; 0; 1294.8922; 170; 577.6; 
567; 0; 1294.8923; 170; 577.8; 
567; 0; 1294.8923; 170; 578; 
567; 0; 1294.8924; 170; 578.2; 
567; 0; 1294.8924; 170; 578.4; 
567; 0; 1294.8924; 170; 578.6; 
567; 0; 1294.8924; 170; 578.8; 
567; 0; 1294.8924; 170; 579; 
567; 0; 1294.8924; 170; 579.2; 
567; 0; 1294.8923; 170; 579.4; 
567; 0; 1294.8922; 170; 579.6; 
567; 0; 1294.8921; 170; 579.8; 
567; 0; 1294.8921; 170; 580; 
567; 0; 1294.892; 170; 580.2; 
567; 0; 1294.8918; 170; 580.4; 
567; 0; 1294.8916; 170; 580.6; 
567; 0; 1294.8916; 170; 580.8; 
567; 0; 1294.8916; 170; 581; 
567; 0; 1294.8917; 170; 581.2; 
567; 0; 1294.8918; 170; 581.4; 
567; 0; 1294.8919; 170; 581.6; 
567; 0; 1294.892; 170; 581.8; 
567; 0; 1294.892; 170; 582; 
567; 0; 1294.8921; 170; 582.2; 
567; 0; 1294.8921; 170; 582.4; 
567; 0; 1294.8921; 170; 582.6; 
567; 0; 1294.892; 170; 582.8; 
567; 0; 1294.8919; 170; 583; 
567; 0; 1294.8918; 170; 583.2; 
567; 0; 1294.8918; 170; 583.4; 
567; 0; 1294.8917; 170; 583.6; 
567; 0; 1294.8917; 170; 583.8; 
567; 0; 1294.8917; 170; 584; 
567; 0; 1294.8917; 170; 584.2; 
567; 0; 1294.8917; 170; 584.4; 
567; 0; 1294.8918; 170; 584.6; 
567; 0; 1296.3602; 170; 584.8; 
567; 0; 1296.3619; 170; 585; 
567; 0; 1296.3657; 170; 585.2; 
567; 0; 1296.3726; 170; 585.4; 
567; 0; 1297.8525; 170; 585.6; 
567; 0; 1297.8705; 170; 585.8; 
567; 0; 1296.4275; 170; 586; 
567; 0; 1297.9269; 170; 586.2; 
567; 0; 1297.9623; 170; 586.4; 
567; 0; 1300.9341; 170; 586.6; 
567; 0; 1306.8385; 170; 586.8; 
567; 0; 1312.7359; 170; 587; 
567; 0; 1311.834; 170; 587.2; 
567; 0; 1322.0685; 170; 587.4; 
567; 0; 1332.2914; 170; 587.6; 
567; 0; 1343.9653; 170; 587.8; 
567; 0; 1352.7078; 170; 588; 
567; 0; 1361.4448; 170; 588.2; 
567; 0; 1368.7179; 170; 588.4; 
567; 0; 1373.0689; 170; 588.6; 
567; 0; 1377.4237; 170; 588.8; 
567; 0; 1380.323; 170; 589; 
567; 0; 1380.307; 170; 589.2; 
567; 0; 1381.7608; 170; 589.4; 
567; 0; 1381.7612; 170; 589.6; 
567; 0; 1380.3066; 170; 589.8; 
567; 0; 1380.3179; 170; 590; 
567; 0; 1381.7923; 170; 590.2; 
567; 0; 1381.804; 170; 590.4; 
567; 0; 1383.2735; 170; 590.6; 
567; 0; 1386.1989; 170; 590.8; 
567; 0; 1387.6566; 170; 591; 
567; 0; 1389.108; 170; 591.2; 
567; 0; 1390.5542; 170; 591.4; 
567; 0; 1390.5356; 170; 591.6; 
567; 0; 1390.5165; 170; 591.8; 
567; 0; 1389.0379; 170; 592; 
567; 0; 1386.101; 170; 592.2; 
567; 0; 1383.1688; 170; 592.4; 
567; 0; 1380.242; 170; 592.6; 
567; 0; 1375.8591; 170; 592.8; 
567; 0; 1371.481; 170; 593; 
567; 0; 1368.5678; 170; 593.2; 
567; 0; 1364.1951; 170; 593.4; 
567; 0; 1361.2843; 170; 593.6; 
567; 0; 1358.3724; 170; 593.8; 
567; 0; 1356.9203; 170; 594; 
567; 0; 1354.0036; 170; 594.2; 
567; 0; 1352.5449; 170; 594.4; 
567; 0; 1352.5443; 170; 594.6; 
567; 0; 1351.0796; 170; 594.8; 
567; 0; 1349.613; 170; 595; 
567; 0; 1348.1455; 170; 595.2; 
567; 0; 1346.6781; 170; 595.4; 
567; 0; 1345.2116; 170; 595.6; 
567; 0; 1343.7462; 170; 595.8; 
567; 0; 1340.8207; 170; 596; 
567; 0; 1339.3581; 170; 596.2; 
567; 0; 1337.8968; 170; 596.4; 
567; 0; 1336.4365; 170; 596.6; 
567; 0; 1333.5154; 170; 596.8; 
567; 0; 1332.0561; 170; 597; 
567; 0; 1330.5968; 170; 597.2; 
567; 0; 1329.1372; 170; 597.4; 
567; 0; 1327.6771; 170; 597.6; 
567; 0; 1327.6778; 170; 597.8; 
567; 0; 1326.2164; 170; 598; 
567; 0; 1324.7544; 170; 598.2; 
567; 0; 1324.7535; 170; 598.4; 
567; 0; 1323.2908; 170; 598.6; 
567; 0; 1323.2896; 170; 598.8; 
567; 0; 1321.827; 170; 599; 
567; 0; 1320.3645; 170; 599.2; 
567; 0; 1320.3638; 170; 599.4; 
567; 0; 1318.9019; 170; 599.6; 
567; 0; 1318.9018; 170; 599.8; 
567; 0; 1317.4404; 170; 600; 
567; 0; 1317.4406; 170; 600.2; 
567; 0; 1315.9793; 170; 600.4; 
567; 0; 1315.9794; 170; 600.6; 
567; 0; 1314.518; 170; 600.8; 
567; 0; 1314.5178; 170; 601; 
567; 0; 1314.5175; 170; 601.2; 
567; 0; 1313.0558; 170; 601.4; 
567; 0; 1313.0555; 170; 601.6; 
567; 0; 1313.0553; 170; 601.8; 
567; 0; 1311.5935; 170; 602; 
567; 0; 1311.5932; 170; 602.2; 
567; 0; 1311.593; 170; 602.4; 
567; 0; 1310.1314; 170; 602.6; 
567; 0; 1310.1312; 170; 602.8; 
567; 0; 1319.8492; 170; 603; 
567; 0; 1319.8492; 170; 603.2; 
567; 0; 1318.381; 170; 603.4; 
567; 0; 1318.381; 170; 603.6; 
567; 0; 1318.3811; 170; 603.8; 
567; 0; 1316.9131; 170; 604; 
567; 0; 1316.9131; 170; 604.2; 
567; 0; 1316.913; 170; 604.4; 
567; 0; 1315.4448; 170; 604.6; 
567; 0; 1315.4446; 170; 604.8; 
567; 0; 1313.9764; 170; 605; 
567; 0; 1313.9761; 170; 605.2; 
567; 0; 1312.5078; 170; 605.4; 
567; 0; 1311.0395; 170; 605.6; 
567; 0; 1311.0393; 170; 605.8; 
567; 0; 1309.571; 170; 606; 
567; 0; 1309.5709; 170; 606.2; 
567; 0; 1308.1027; 170; 606.4; 
567; 0; 1308.1026; 170; 606.6; 
567; 0; 1306.6344; 170; 606.8; 
567; 0; 1306.6342; 170; 607; 
567; 0; 1305.166; 170; 607.2; 
567; 0; 1305.1658; 170; 607.4; 
567; 0; 1305.1658; 170; 607.6; 
567; 0; 1303.6978; 170; 607.8; 
567; 0; 1303.6979; 170; 608; 
567; 0; 1302.23; 170; 608.2; 
567; 0; 1302.2302; 170; 608.4; 
567; 0; 1302.2302; 170; 608.6; 
567; 0; 1300.7621; 170; 608.8; 
567; 0; 1300.7619; 170; 609; 
567; 0; 1300.7616; 170; 609.2; 
567; 0; 1300.7613; 170; 609.4; 
567; 0; 1299.293; 170; 609.6; 
567; 0; 1299.2929; 170; 609.8; 
567; 0; 1299.2927; 170; 610; 
567; 0; 1299.2927; 170; 610.2; 
567; 0; 1297.8246; 170; 610.4; 
567; 0; 1297.8246; 170; 610.6; 
567; 0; 1297.8245; 170; 610.8; 
567; 0; 1297.8245; 170; 611; 
567; 0; 1297.8244; 170; 611.2; 
567; 0; 1297.8243; 170; 611.4; 
567; 0; 1297.824; 170; 611.6; 
567; 0; 1296.3558; 170; 611.8; 
567; 0; 1296.3557; 170; 612; 
567; 0; 1296.3558; 170; 612.2; 
567; 0; 1296.356; 170; 612.4; 
567; 0; 1296.3561; 170; 612.6; 
567; 0; 1296.3562; 170; 612.8; 
567; 0; 1296.3562; 170; 613; 
567; 0; 1296.3561; 170; 613.2; 
567; 0; 1296.3559; 170; 613.4; 
567; 0; 1296.3558; 170; 613.6; 
567; 0; 1294.8877; 170; 613.8; 
567; 0; 1294.8877; 170; 614; 
567; 0; 1294.8877; 170; 614.2; 
567; 0; 1294.8877; 170; 614.4; 
567; 0; 1294.8876; 170; 614.6; 
567; 0; 1294.8876; 170; 614.8; 
567; 0; 1294.8877; 170; 615; 
567; 0; 1294.8877; 170; 615.2; 
567; 0; 1294.8878; 170; 615.4; 
567; 0; 1294.8878; 170; 615.6; 
567; 0; 1294.8877; 170; 615.8; 
567; 0; 1294.8875; 170; 616; 
567; 0; 1294.8873; 170; 616.2; 
567; 0; 1294.8872; 170; 616.4; 
567; 0; 1294.887; 170; 616.6; 
567; 0; 1294.8869; 170; 616.8; 
567; 0; 1294.8869; 170; 617; 
567; 0; 1294.8868; 170; 617.2; 
567; 0; 1294.8868; 170; 617.4; 
567; 0; 1293.4188; 170; 617.6; 
567; 0; 1293.4189; 170; 617.8; 
567; 0; 1293.419; 170; 618; 
567; 0; 1293.4192; 170; 618.2; 
567; 0; 1293.4193; 170; 618.4; 
567; 0; 1293.4193; 170; 618.6; 
567; 0; 1293.4193; 170; 618.8; 
567; 0; 1293.4193; 170; 619; 
567; 0; 1293.4193; 170; 619.2; 
567; 0; 1293.4192; 170; 619.4; 
567; 0; 1293.4192; 170; 619.6; 
567; 0; 1293.419; 170; 619.8; 
567; 0; 1293.4189; 170; 620; 
567; 0; 1293.4188; 170; 620.2; 
567; 0; 1293.4186; 170; 620.4; 
567; 0; 1293.4186; 170; 620.6; 
567; 0; 1293.4187; 170; 620.8; 
567; 0; 1293.4188; 170; 621; 
567; 0; 1293.4189; 170; 621.2; 
567; 0; 1293.4189; 170; 621.4; 
567; 0; 1293.4188; 170; 621.6; 
567; 0; 1293.4188; 170; 621.8; 
567; 0; 1293.4188; 170; 622; 
567; 0; 1293.4188; 170; 622.2; 
567; 0; 1293.4188; 170; 622.4; 
567; 0; 1293.4189; 170; 622.6; 
567; 0; 1293.419; 170; 622.8; 
567; 0; 1293.4189; 170; 623; 
567; 0; 1293.4189; 170; 623.2; 
567; 0; 1293.4187; 170; 623.4; 
567; 0; 1293.4186; 170; 623.6; 
567; 0; 1293.4185; 170; 623.8; 
567; 0; 1293.4184; 170; 624; 
567; 0; 1293.4184; 170; 624.2; 
567; 0; 1293.4185; 170; 624.4; 
567; 0; 1293.4186; 170; 624.6; 
567; 0; 1293.4188; 170; 624.8; 
567; 0; 1293.4189; 170; 625; 
567; 0; 1293.4189; 170; 625.2; 
567; 0; 1293.4188; 170; 625.4; 
567; 0; 1293.4187; 170; 625.6; 
567; 0; 1293.4185; 170; 625.8; 
567; 0; 1293.4184; 170; 626; 
567; 0; 1293.4182; 170; 626.2; 
567; 0; 1293.4182; 170; 626.4; 
567; 0; 1293.4182; 170; 626.6; 
567; 0; 1293.4183; 170; 626.8; 
567; 0; 1293.4184; 170; 627; 
567; 0; 1293.4186; 170; 627.2; 
567; 0; 1293.4188; 170; 627.4; 
567; 0; 1293.419; 170; 627.6; 
567; 0; 1293.419; 170; 627.8; 
567; 0; 1293.4189; 170; 628; 
567; 0; 1293.4187; 170; 628.2; 
567; 0; 1293.4185; 170; 628.4; 
567; 0; 1293.4184; 170; 628.6; 
567; 0; 1293.4182; 170; 628.8; 
567; 0; 1293.418; 170; 629; 
567; 0; 1293.4178; 170; 629.2; 
567; 0; 1293.4179; 170; 629.4; 
567; 0; 1291.9501; 170; 629.6; 
567; 0; 1291.9503; 170; 629.8; 
567; 0; 1291.9506; 0; 630; 
567; 0; 0; 0; 630.2; 
567; 0; 0; 0; 630.4; 
567; 0; 0; 0; 630.6; 
567; 0; 0; 0; 630.8; 
567; 0; 0; 0; 631; 
567; 0; 0; 0; 631.2; 
567; 0; 0; 0; 631.4; 
567; 0; 0; 0; 631.6; 
567; 0; 0; 0; 631.8; 
567; 0; 0; 0; 632; 
567; 0; 0; 0; 632.2; 
567; 0; 0; 0; 632.4; 
567; 0; 0; 0; 632.6; 
567; 0; 0; 0; 632.8; 
567; 0; 0; 0; 633; 
567; 0; 0; 0; 633.2; 
567; 0; 0; 0; 633.4; 
567; 0; 0; 0; 633.6; 
567; 0; 0; 0; 633.8; 
567; 0; 0; 0; 634; 
567; 0; 0; 0; 634.2; 
567; 0; 0; 0; 634.4; 
567; 0; 0; 0; 634.6; 
567; 0; 0; 0; 634.8; 
567; 0; 0; 0; 635; 
567; 0; 0; 0; 635.2; 
567; 0; 0; 0; 635.4; 
567; 0; 0; 0; 635.6; 
567; 0; 0; 0; 635.8; 
567; 0; 0; 0; 636; 
567; 0; 0; 0; 636.2; 
567; 0; 0; 0; 636.4; 
567; 0; 0; 0; 636.6; 
567; 0; 0; 0; 636.8; 
567; 0; 0; 0; 637; 
567; 0; 0; 0; 637.2; 
567; 0; 0; 0; 637.4; 
567; 0; 0; 0; 637.6; 
567; 0; 0; 0; 637.8; 
567; 0; 0; 0; 638; 
567; 0; 0; 0; 638.2; 
567; 0; 0; 0; 638.4; 
567; 0; 0; 0; 638.6; 
567; 0; 0; 0; 638.8; 
567; 0; 0; 0; 639; 
567; 0; 0; 0; 639.2; 
567; 0; 0; 0; 639.4; 
567; 0; 0; 0; 639.6; 
567; 0; 0; 0; 639.8; 
567; 0; 0; 0; 640; 
567; 0; 0; 0; 640.2; 
567; 0; 0; 0; 640.4; 
567; 0; 0; 0; 640.6; 
567; 0; 0; 0; 640.8; 
567; 0; 0; 0; 641; 
567; 0; 0; 0; 641.2; 
567; 0; 0; 0; 641.4; 
567; 0; 0; 0; 641.6; 
567; 0; 0; 0; 641.8; 
567; 0; 0; 0; 642; 
567; 0; 0; 0; 642.2; 
567; 0; 0; 0; 642.4; 
567; 0; 0; 0; 642.6; 
567; 0; 0; 0; 642.8; 
567; 0; 0; 0; 643; 
567; 0; 0; 0; 643.2; 
567; 0; 0; 0; 643.4; 
567; 0; 0; 0; 643.6; 
567; 0; 0; 0; 643.8; 
567; 0; 0; 0; 644; 
567; 0; 0; 0; 644.2; 
567; 0; 0; 0; 644.4; 
567; 0; 0; 0; 644.6; 
567; 0; 0; 0; 644.8; 
567; 0; 0; 0; 645; 
567; 0; 0; 0; 645.2; 
567; 0; 0; 0; 645.4; 
567; 0; 0; 0; 645.6; 
567; 0; 0; 0; 645.8; 
567; 0; 0; 0; 646; 
567; 0; 0; 0; 646.2; 
567; 0; 0; 0; 646.4; 
567; 0; 0; 0; 646.6; 
567; 0; 0; 0; 646.8; 
567; 0; 0; 0; 647; 
567; 0; 0; 0; 647.2; 
567; 0; 0; 0; 647.4; 
567; 0; 0; 0; 647.6; 
567; 0; 0; 0; 647.8; 
567; 0; 0; 0; 648; 
567; 0; 0; 0; 648.2; 
567; 0; 0; 0; 648.4; 
567; 0; 0; 0; 648.6; 
567; 0; 0; 0; 648.8; 
567; 0; 0; 0; 649; 
567; 0; 0; 0; 649.2; 
567; 0; 0; 0; 649.4; 
567; 0; 0; 0; 649.6; 
567; 0; 0; 0; 649.8; 
567; 0; 0; 0; 650; 
567; 0; 0; 0; 650.2; 
567; 0; 0; 0; 650.4; 
567; 0; 0; 0; 650.6; 
567; 0; 0; 0; 650.8; 
567; 0; 0; 0; 651; 
567; 0; 0; 0; 651.2; 
567; 0; 0; 0; 651.4; 
567; 0; 0; 0; 651.6; 
567; 0; 0; 0; 651.8; 
567; 0; 0; 0; 652; 
567; 0; 0; 0; 652.2; 
567; 0; 0; 0; 652.4; 
567; 0; 0; 0; 652.6; 
567; 0; 0; 0; 652.8; 
567; 0; 0; 0; 653; 
567; 0; 0; 0; 653.2; 
567; 0; 0; 0; 653.4; 
567; 0; 0; 0; 653.6; 
567; 0; 0; 0; 653.8; 
567; 0; 0; 0; 654; 
567; 0; 0; 0; 654.2; 
567; 0; 0; 0; 654.4; 
567; 0; 0; 0; 654.6; 
567; 0; 0; 0; 654.8; 
567; 0; 0; 0; 655; 
567; 0; 0; 0; 655.2; 
567; 0; 0; 0; 655.4; 
567; 0; 0; 0; 655.6; 
567; 0; 0; 0; 655.8; 
567; 0; 0; 0; 656; 
567; 0; 0; 0; 656.2; 
567; 0; 0; 0; 656.4; 
567; 0; 0; 0; 656.6; 
567; 0; 0; 0; 656.8; 
567; 0; 0; 0; 657; 
567; 0; 0; 0; 657.2; 
567; 0; 0; 0; 657.4; 
567; 0; 0; 0; 657.6; 
567; 0; 0; 0; 657.8; 
567; 0; 0; 0; 658; 
567; 0; 0; 0; 658.2; 
567; 0; 0; 0; 658.4; 
567; 0; 0; 0; 658.6; 
567; 0; 0; 0; 658.8; 
567; 0; 0; 0; 659; 
567; 0; 0; 0; 659.2; 
567; 0; 0; 0; 659.4; 
567; 0; 0; 0; 659.6; 
567; 0; 0; 0; 659.8; 
567; 0; 0; 0; 660; 
567; 0; 0; 0; 660.2; 
567; 0; 0; 0; 660.4; 
567; 0; 0; 0; 660.6; 
567; 0; 0; 0; 660.8; 
567; 0; 0; 0; 661; 
567; 0; 0; 0; 661.2; 
567; 0; 0; 0; 661.4; 
567; 0; 0; 0; 661.6; 
567; 0; 0; 0; 661.8; 
567; 0; 0; 0; 662; 
567; 0; 0; 0; 662.2; 
567; 0; 0; 0; 662.4; 
567; 0; 0; 0; 662.6; 
567; 0; 0; 0; 662.8; 
567; 0; 0; 0; 663; 
567; 0; 0; 0; 663.2; 
567; 0; 0; 0; 663.4; 
567; 0; 0; 0; 663.6; 
567; 0; 0; 0; 663.8; 
567; 0; 0; 0; 664; 
567; 0; 0; 0; 664.2; 
567; 0; 0; 0; 664.4; 
567; 0; 0; 0; 664.6; 
567; 0; 0; 0; 664.8; 
567; 0; 0; 0; 665; 
567; 0; 0; 0; 665.2; 
567; 0; 0; 0; 665.4; 
567; 0; 0; 0; 665.6; 
567; 0; 0; 0; 665.8; 
567; 0; 0; 0; 666; 
567; 0; 0; 0; 666.2; 
567; 0; 0; 0; 666.4; 
567; 0; 0; 0; 666.6; 
567; 0; 0; 0; 666.8; 
567; 0; 0; 0; 667; 
567; 0; 0; 0; 667.2; 
567; 0; 0; 0; 667.4; 
567; 0; 0; 0; 667.6; 
567; 0; 0; 0; 667.8; 
567; 0; 0; 0; 668; 
567; 0; 0; 0; 668.2; 
567; 0; 0; 0; 668.4; 
567; 0; 0; 0; 668.6; 
567; 0; 0; 0; 668.8; 
567; 0; 0; 0; 669; 
567; 0; 0; 0; 669.2; 
567; 0; 0; 0; 669.4; 
567; 0; 0; 0; 669.6; 
567; 0; 0; 0; 669.8; 
567; 0; 0; 0; 670; 
567; 0; 0; 0; 670.2; 
567; 0; 0; 0; 670.4; 
567; 0; 0; 0; 670.6; 
567; 0; 0; 0; 670.8; 
567; 0; 0; 0; 671; 
567; 0; 0; 0; 671.2; 
567; 0; 0; 0; 671.4; 
567; 0; 0; 0; 671.6; 
567; 0; 0; 0; 671.8; 
567; 0; 0; 0; 672; 
567; 0; 0; 0; 672.2; 
567; 0; 0; 0; 672.4; 
567; 0; 0; 0; 672.6; 
567; 0; 0; 0; 672.8; 
567; 0; 0; 0; 673; 
567; 0; 0; 0; 673.2; 
567; 0; 0; 0; 673.4; 
567; 0; 0; 0; 673.6; 
567; 0; 0; 0; 673.8; 
567; 0; 0; 0; 674; 
567; 0; 0; 0; 674.2; 
567; 0; 0; 0; 674.4; 
567; 0; 0; 0; 674.6; 
567; 0; 0; 0; 674.8; 
567; 0; 0; 0; 675; 
567; 0; 0; 0; 675.2; 
567; 0; 0; 0; 675.4; 
567; 0; 0; 0; 675.6; 
567; 0; 0; 0; 675.8; 
567; 0; 0; 0; 676; 
567; 0; 0; 0; 676.2; 
567; 0; 0; 0; 676.4; 
567; 0; 0; 0; 676.6; 
567; 0; 0; 0; 676.8; 
567; 0; 0; 0; 677; 
567; 0; 0; 0; 677.2; 
567; 0; 0; 0; 677.4; 
567; 0; 0; 0; 677.6; 
567; 0; 0; 0; 677.8; 
567; 0; 0; 0; 678; 
567; 0; 0; 0; 678.2; 
567; 0; 0; 0; 678.4; 
567; 0; 0; 0; 678.6; 
567; 0; 0; 0; 678.8; 
567; 0; 0; 0; 679; 
567; 0; 0; 0; 679.2; 
567; 0; 0; 0; 679.4; 
567; 0; 0; 0; 679.6; 
567; 0; 0; 0; 679.8; 
567; 0; 0; 0; 680; 
567; 0; 0; 0; 680.2; 
567; 0; 0; 0; 680.4; 
567; 0; 0; 0; 680.6; 
567; 0; 0; 0; 680.8; 
567; 0; 0; 0; 681; 
567; 0; 0; 0; 681.2; 
567; 0; 0; 0; 681.4; 
567; 0; 0; 0; 681.6; 
567; 0; 0; 0; 681.8; 
567; 0; 0; 0; 682; 
567; 0; 0; 0; 682.2; 
567; 0; 0; 0; 682.4; 
567; 0; 0; 0; 682.6; 
567; 0; 0; 0; 682.8; 
567; 0; 0; 0; 683; 
567; 0; 0; 0; 683.2; 
567; 0; 0; 0; 683.4; 
567; 0; 0; 0; 683.6; 
567; 0; 0; 0; 683.8; 
567; 0; 0; 0; 684; 
567; 0; 0; 0; 684.2; 
567; 0; 0; 0; 684.4; 
567; 0; 0; 0; 684.6; 
567; 0; 0; 0; 684.8; 
567; 0; 0; 0; 685; 
567; 0; 0; 0; 685.2; 
567; 0; 0; 0; 685.4; 
567; 0; 0; 0; 685.6; 
567; 0; 0; 0; 685.8; 
567; 0; 0; 0; 686; 
567; 0; 0; 0; 686.2; 
567; 0; 0; 0; 686.4; 
567; 0; 0; 0; 686.6; 
567; 0; 0; 0; 686.8; 
567; 0; 0; 0; 687; 
567; 0; 0; 0; 687.2; 
567; 0; 0; 0; 687.4; 
567; 0; 0; 0; 687.6; 
567; 0; 0; 0; 687.8; 
567; 0; 0; 0; 688; 
567; 0; 0; 0; 688.2; 
567; 0; 0; 0; 688.4; 
567; 0; 0; 0; 688.6; 
567; 0; 0; 0; 688.8; 
567; 0; 0; 0; 689; 
567; 0; 0; 0; 689.2; 
567; 0; 0; 0; 689.4; 
567; 0; 0; 0; 689.6; 
567; 0; 0; 0; 689.8; 
567; 0; 0; 0; 690; 
567; 0; 0; 0; 690.2; 
567; 0; 0; 0; 690.4; 
567; 0; 0; 0; 690.6; 
567; 0; 0; 0; 690.8; 
567; 0; 0; 0; 691; 
567; 0; 0; 0; 691.2; 
567; 0; 0; 0; 691.4; 
567; 0; 0; 0; 691.6; 
567; 0; 0; 0; 691.8; 
567; 0; 0; 0; 692; 
567; 0; 0; 0; 692.2; 
567; 0; 0; 0; 692.4; 
567; 0; 0; 0; 692.6; 
567; 0; 0; 0; 692.8; 
567; 0; 0; 0; 693; 
567; 0; 0; 0; 693.2; 
567; 0; 0; 0; 693.4; 
567; 0; 0; 0; 693.6; 
567; 0; 0; 0; 693.8; 
567; 0; 0; 0; 694; 
567; 0; 0; 0; 694.2; 
567; 0; 0; 0; 694.4; 
567; 0; 0; 0; 694.6; 
567; 0; 0; 0; 694.8; 
567; 0; 0; 0; 695; 
567; 0; 0; 0; 695.2; 
567; 0; 0; 0; 695.4; 
567; 0; 0; 0; 695.6; 
567; 0; 0; 0; 695.8; 
567; 0; 0; 0; 696; 
567; 0; 0; 0; 696.2; 
567; 0; 0; 0; 696.4; 
567; 0; 0; 0; 696.6; 
567; 0; 0; 0; 696.8; 
567; 0; 0; 0; 697; 
567; 0; 0; 0; 697.2; 
567; 0; 0; 0; 697.4; 
567; 0; 0; 0; 697.6; 
567; 0; 0; 0; 697.8; 
567; 0; 0; 0; 698; 
567; 0; 0; 0; 698.2; 
567; 0; 0; 0; 698.4; 
567; 0; 0; 0; 698.6; 
567; 0; 0; 0; 698.8; 
567; 0; 0; 0; 699; 
567; 0; 0; 0; 699.2; 
567; 0; 0; 0; 699.4; 
567; 0; 0; 0; 699.6; 
567; 0; 0; 0; 699.8; 
567; 0; 0; 0; 700; 
567; 0; 0; 0; 700.2; 
567; 0; 0; 0; 700.4; 
567; 0; 0; 0; 700.6; 
567; 0; 0; 0; 700.8; 
567; 0; 0; 0; 701; 
567; 0; 0; 0; 701.2; 
567; 0; 0; 0; 701.4; 
567; 0; 0; 0; 701.6; 
567; 0; 0; 0; 701.8; 
567; 0; 0; 0; 702; 
567; 0; 0; 0; 702.2; 
567; 0; 0; 0; 702.4; 
567; 0; 0; 0; 702.6; 
567; 0; 0; 0; 702.8; 
567; 0; 0; 0; 703; 
567; 0; 0; 0; 703.2; 
567; 0; 0; 0; 703.4; 
567; 0; 0; 0; 703.6; 
567; 0; 0; 0; 703.8; 
567; 0; 0; 0; 704; 
567; 0; 0; 0; 704.2; 
567; 0; 0; 0; 704.4; 
567; 0; 0; 0; 704.6; 
567; 0; 0; 0; 704.8; 
567; 0; 0; 0; 705; 
567; 0; 0; 0; 705.2; 
567; 0; 0; 0; 705.4; 
567; 0; 0; 0; 705.6; 
567; 0; 0; 0; 705.8; 
567; 0; 0; 0; 706; 
567; 0; 0; 0; 706.2; 
567; 0; 0; 0; 706.4; 
567; 0; 0; 0; 706.6; 
567; 0; 0; 0; 706.8; 
567; 0; 0; 0; 707; 
567; 0; 0; 0; 707.2; 
567; 0; 0; 0; 707.4; 
567; 0; 0; 0; 707.6; 
567; 0; 0; 0; 707.8; 
567; 0; 0; 0; 708; 
567; 0; 0; 0; 708.2; 
567; 0; 0; 0; 708.4; 
567; 0; 0; 0; 708.6; 
567; 0; 0; 0; 708.8; 
567; 0; 0; 0; 709; 
567; 0; 0; 0; 709.2; 
567; 0; 0; 0; 709.4; 
567; 0; 0; 0; 709.6; 
567; 0; 0; 0; 709.8; 
567; 0; 0; 0; 710; 
567; 0; 0; 0; 710.2; 
567; 0; 0; 0; 710.4; 
567; 0; 0; 0; 710.6; 
567; 0; 0; 0; 710.8; 
567; 0; 0; 0; 711; 
567; 0; 0; 0; 711.2; 
567; 0; 0; 0; 711.4; 
567; 0; 0; 0; 711.6; 
567; 0; 0; 0; 711.8; 
567; 0; 0; 0; 712; 
567; 0; 0; 0; 712.2; 
567; 0; 0; 0; 712.4; 
567; 0; 0; 0; 712.6; 
567; 0; 0; 0; 712.8; 
567; 0; 0; 0; 713; 
567; 0; 0; 0; 713.2; 
567; 0; 0; 0; 713.4; 
567; 0; 0; 0; 713.6; 
567; 0; 0; 0; 713.8; 
567; 0; 0; 0; 714; 
567; 0; 0; 0; 714.2; 
567; 0; 0; 0; 714.4; 
567; 0; 0; 0; 714.6; 
567; 0; 0; 0; 714.8; 
567; 0; 0; 0; 715; 
567; 0; 0; 0; 715.2; 
567; 0; 0; 0; 715.4; 
567; 0; 0; 0; 715.6; 
567; 0; 0; 0; 715.8; 
567; 0; 0; 0; 716; 
567; 0; 0; 0; 716.2; 
567; 0; 0; 0; 716.4; 
567; 0; 0; 0; 716.6; 
567; 0; 0; 0; 716.8; 
567; 0; 0; 0; 717; 
567; 0; 0; 0; 717.2; 
567; 0; 0; 0; 717.4; 
567; 0; 0; 0; 717.6; 
567; 0; 0; 0; 717.8; 
567; 0; 0; 0; 718; 
567; 0; 0; 0; 718.2; 
567; 0; 0; 0; 718.4; 
567; 0; 0; 0; 718.6; 
567; 0; 0; 0; 718.8; 
567; 0; 0; 0; 719; 
567; 0; 0; 0; 719.2; 
567; 0; 0; 0; 719.4; 
567; 0; 0; 0; 719.6; 
567; 0; 0; 0; 719.8; 
567; 0; 0; 0; 720; 
567; 0; 0; 0; 720.2; 
567; 0; 0; 0; 720.4; 
567; 0; 0; 0; 720.6; 
567; 0; 0; 0; 720.8; 
567; 0; 0; 0; 721; 
567; 0; 0; 0; 721.2; 
567; 0; 0; 0; 721.4; 
567; 0; 0; 0; 721.6; 
567; 0; 0; 0; 721.8; 
567; 0; 0; 0; 722; 
567; 0; 0; 0; 722.2; 
567; 0; 0; 0; 722.4; 
567; 0; 0; 0; 722.6; 
567; 0; 0; 0; 722.8; 
567; 0; 0; 0; 723; 
567; 0; 0; 0; 723.2; 
567; 0; 0; 0; 723.4; 
567; 0; 0; 0; 723.6; 
567; 0; 0; 0; 723.8; 
567; 0; 0; 0; 724; 
567; 0; 0; 0; 724.2; 
567; 0; 0; 0; 724.4; 
567; 0; 0; 0; 724.6; 
567; 0; 0; 0; 724.8; 
567; 0; 0; 0; 725; 
567; 0; 0; 0; 725.2; 
567; 0; 0; 0; 725.4; 
567; 0; 0; 0; 725.6; 
567; 0; 0; 0; 725.8; 
567; 0; 0; 0; 726; 
567; 0; 0; 0; 726.2; 
567; 0; 0; 0; 726.4; 
567; 0; 0; 0; 726.6; 
567; 0; 0; 0; 726.8; 
567; 0; 0; 0; 727; 
567; 0; 0; 0; 727.2; 
567; 0; 0; 0; 727.4; 
567; 0; 0; 0; 727.6; 
567; 0; 0; 0; 727.8; 
567; 0; 0; 0; 728; 
567; 0; 0; 0; 728.2; 
567; 0; 0; 0; 728.4; 
567; 0; 0; 0; 728.6; 
567; 0; 0; 0; 728.8; 
567; 0; 0; 0; 729; 
567; 0; 0; 0; 729.2; 
567; 0; 0; 0; 729.4; 
567; 0; 0; 0; 729.6; 
567; 0; 0; 0; 729.8; 
567; 0; 0; 0; 730; 
567; 0; 0; 0; 730.2; 
567; 0; 0; 0; 730.4; 
567; 0; 0; 0; 730.6; 
567; 0; 0; 0; 730.8; 
567; 0; 0; 0; 731; 
567; 0; 0; 0; 731.2; 
567; 0; 0; 0; 731.4; 
567; 0; 0; 0; 731.6; 
567; 0; 0; 0; 731.8; 
567; 0; 0; 0; 732; 
567; 0; 0; 0; 732.2; 
567; 0; 0; 0; 732.4; 
567; 0; 0; 0; 732.6; 
567; 0; 0; 0; 732.8; 
567; 0; 0; 0; 733; 
567; 0; 0; 0; 733.2; 
567; 0; 0; 0; 733.4; 
567; 0; 0; 0; 733.6; 
567; 0; 0; 0; 733.8; 
567; 0; 0; 0; 734; 
567; 0; 0; 0; 734.2; 
567; 0; 0; 0; 734.4; 
567; 0; 0; 0; 734.6; 
567; 0; 0; 0; 734.8; 
567; 0; 0; 0; 735; 
567; 0; 0; 0; 735.2; 
567; 0; 0; 0; 735.4; 
567; 0; 0; 0; 735.6; 
567; 0; 0; 0; 735.8; 
567; 0; 0; 0; 736; 
567; 0; 0; 0; 736.2; 
567; 0; 0; 0; 736.4; 
567; 0; 0; 0; 736.6; 
567; 0; 0; 0; 736.8; 
567; 0; 0; 0; 737; 
567; 0; 0; 0; 737.2; 
567; 0; 0; 0; 737.4; 
567; 0; 0; 0; 737.6; 
567; 0; 0; 0; 737.8; 
567; 0; 0; 0; 738; 
567; 0; 0; 0; 738.2; 
567; 0; 0; 0; 738.4; 
567; 0; 0; 0; 738.6; 
567; 0; 0; 0; 738.8; 
567; 0; 0; 0; 739; 
567; 0; 0; 0; 739.2; 
567; 0; 0; 0; 739.4; 
567; 0; 0; 0; 739.6; 
567; 0; 0; 0; 739.8; 
567; 0; 0; 0; 740; 
567; 0; 0; 0; 740.2; 
567; 0; 0; 0; 740.4; 
567; 0; 0; 0; 740.6; 
567; 0; 0; 0; 740.8; 
567; 0; 0; 0; 741; 
567; 0; 0; 0; 741.2; 
567; 0; 0; 0; 741.4; 
567; 0; 0; 0; 741.6; 
567; 0; 0; 0; 741.8; 
567; 0; 0; 0; 742; 
567; 0; 0; 0; 742.2; 
567; 0; 0; 0; 742.4; 
567; 0; 0; 0; 742.6; 
567; 0; 0; 0; 742.8; 
567; 0; 0; 0; 743; 
567; 0; 0; 0; 743.2; 
567; 0; 0; 0; 743.4; 
567; 0; 0; 0; 743.6; 
567; 0; 0; 0; 743.8; 
567; 0; 0; 0; 744; 
567; 0; 0; 0; 744.2; 
567; 0; 0; 0; 744.4; 
567; 0; 0; 0; 744.6; 
567; 0; 0; 0; 744.8; 
567; 0; 0; 0; 745; 
567; 0; 0; 0; 745.2; 
567; 0; 0; 0; 745.4; 
567; 0; 0; 0; 745.6; 
567; 0; 0; 0; 745.8; 
567; 0; 0; 0; 746; 
567; 0; 0; 0; 746.2; 
567; 0; 0; 0; 746.4; 
567; 0; 0; 0; 746.6; 
567; 0; 0; 0; 746.8; 
567; 0; 0; 0; 747; 
567; 0; 0; 0; 747.2; 
567; 0; 0; 0; 747.4; 
567; 0; 0; 0; 747.6; 
567; 0; 0; 0; 747.8; 
567; 0; 0; 0; 748; 
567; 0; 0; 0; 748.2; 
567; 0; 0; 0; 748.4; 
567; 0; 0; 0; 748.6; 
567; 0; 0; 0; 748.8; 
567; 0; 0; 0; 749; 
567; 0; 0; 0; 749.2; 
567; 0; 0; 0; 749.4; 
567; 0; 0; 0; 749.6; 
567; 0; 0; 0; 749.8; 
567; 0; 0; 0; 750; 
567; 0; 0; 0; 750.2; 
567; 0; 0; 0; 750.4; 
567; 0; 0; 0; 750.6; 
567; 0; 0; 0; 750.8; 
567; 0; 0; 0; 751; 
567; 0; 0; 0; 751.2; 
567; 0; 0; 0; 751.4; 
567; 0; 0; 0; 751.6; 
567; 0; 0; 0; 751.8; 
567; 0; 0; 0; 752; 
567; 0; 0; 0; 752.2; 
567; 0; 0; 0; 752.4; 
567; 0; 0; 0; 752.6; 
567; 0; 0; 0; 752.8; 
567; 0; 0; 0; 753; 
567; 0; 0; 0; 753.2; 
567; 0; 0; 0; 753.4; 
567; 0; 0; 0; 753.6; 
567; 0; 0; 0; 753.8; 
567; 0; 0; 0; 754; 
567; 0; 0; 0; 754.2; 
567; 0; 0; 0; 754.4; 
567; 0; 0; 0; 754.6; 
567; 0; 0; 0; 754.8; 
567; 0; 0; 0; 755; 
567; 0; 0; 0; 755.2; 
567; 0; 0; 0; 755.4; 
567; 0; 0; 0; 755.6; 
567; 0; 0; 0; 755.8; 
567; 0; 0; 0; 756; 
567; 0; 0; 0; 756.2; 
567; 0; 0; 0; 756.4; 
567; 0; 0; 0; 756.6; 
567; 0; 0; 0; 756.8; 
567; 0; 0; 0; 757; 
567; 0; 0; 0; 757.2; 
567; 0; 0; 0; 757.4; 
567; 0; 0; 0; 757.6; 
567; 0; 0; 0; 757.8; 
567; 0; 0; 0; 758; 
567; 0; 0; 0; 758.2; 
567; 0; 0; 0; 758.4; 
567; 0; 0; 0; 758.6; 
567; 0; 0; 0; 758.8; 
567; 0; 0; 0; 759; 
567; 0; 0; 0; 759.2; 
567; 0; 0; 0; 759.4; 
567; 0; 0; 0; 759.6; 
567; 0; 0; 0; 759.8; 
567; 0; 0; 0; 760; 
567; 0; 0; 0; 760.2; 
567; 0; 0; 0; 760.4; 
567; 0; 0; 0; 760.6; 
567; 0; 0; 0; 760.8; 
567; 0; 0; 0; 761; 
567; 0; 0; 0; 761.2; 
567; 0; 0; 0; 761.4; 
567; 0; 0; 0; 761.6; 
567; 0; 0; 0; 761.8; 
567; 0; 0; 0; 762; 
567; 0; 0; 0; 762.2; 
567; 0; 0; 0; 762.4; 
567; 0; 0; 0; 762.6; 
567; 0; 0; 0; 762.8; 
567; 0; 0; 0; 763; 
567; 0; 0; 0; 763.2; 
567; 0; 0; 0; 763.4; 
567; 0; 0; 0; 763.6; 
567; 0; 0; 0; 763.8; 
567; 0; 0; 0; 764; 
567; 0; 0; 0; 764.2; 
567; 0; 0; 0; 764.4; 
567; 0; 0; 0; 764.6; 
567; 0; 0; 0; 764.8; 
567; 0; 0; 0; 765; 
567; 0; 0; 0; 765.2; 
567; 0; 0; 0; 765.4; 
567; 0; 0; 0; 765.6; 
567; 0; 0; 0; 765.8; 
567; 0; 0; 0; 766; 
567; 0; 0; 0; 766.2; 
567; 0; 0; 0; 766.4; 
567; 0; 0; 0; 766.6; 
567; 0; 0; 0; 766.8; 
567; 0; 0; 0; 767; 
567; 0; 0; 0; 767.2; 
567; 0; 0; 0; 767.4; 
567; 0; 0; 0; 767.6; 
567; 0; 0; 0; 767.8; 
567; 0; 0; 0; 768; 
567; 0; 0; 0; 768.2; 
567; 0; 0; 0; 768.4; 
567; 0; 0; 0; 768.6; 
567; 0; 0; 0; 768.8; 
567; 0; 0; 0; 769; 
567; 0; 0; 0; 769.2; 
567; 0; 0; 0; 769.4; 
567; 0; 0; 0; 769.6; 
567; 0; 0; 0; 769.8; 
567; 0; 0; 0; 770; 
567; 0; 0; 0; 770.2; 
567; 0; 0; 0; 770.4; 
567; 0; 0; 0; 770.6; 
567; 0; 0; 0; 770.8; 
567; 0; 0; 0; 771; 
567; 0; 0; 0; 771.2; 
567; 0; 0; 0; 771.4; 
567; 0; 0; 0; 771.6; 
567; 0; 0; 0; 771.8; 
567; 0; 0; 0; 772; 
567; 0; 0; 0; 772.2; 
567; 0; 0; 0; 772.4; 
567; 0; 0; 0; 772.6; 
567; 0; 0; 0; 772.8; 
567; 0; 0; 0; 773; 
567; 0; 0; 0; 773.2; 
567; 0; 0; 0; 773.4; 
567; 0; 0; 0; 773.6; 
567; 0; 0; 0; 773.8; 
567; 0; 0; 0; 774; 
567; 0; 0; 0; 774.2; 
567; 0; 0; 0; 774.4; 
567; 0; 0; 0; 774.6; 
567; 0; 0; 0; 774.8; 
567; 0; 0; 0; 775; 
567; 0; 0; 0; 775.2; 
567; 0; 0; 0; 775.4; 
567; 0; 0; 0; 775.6; 
567; 0; 0; 0; 775.8; 
567; 0; 0; 0; 776; 
567; 0; 0; 0; 776.2; 
567; 0; 0; 0; 776.4; 
567; 0; 0; 0; 776.6; 
567; 0; 0; 0; 776.8; 
567; 0; 0; 0; 777; 
567; 0; 0; 0; 777.2; 
567; 0; 0; 0; 777.4; 
567; 0; 0; 0; 777.6; 
567; 0; 0; 0; 777.8; 
567; 0; 0; 0; 778; 
567; 0; 0; 0; 778.2; 
567; 0; 0; 0; 778.4; 
567; 0; 0; 0; 778.6; 
567; 0; 0; 0; 778.8; 
567; 0; 0; 0; 779; 
567; 0; 0; 0; 779.2; 
567; 0; 0; 0; 779.4; 
567; 0; 0; 0; 779.6; 
567; 0; 0; 0; 779.8; 
567; 0; 0; 0; 780; 
567; 0; 0; 0; 780.2; 
567; 0; 0; 0; 780.4; 
567; 0; 0; 0; 780.6; 
567; 0; 0; 0; 780.8; 
567; 0; 0; 0; 781; 
567; 0; 0; 0; 781.2; 
567; 0; 0; 0; 781.4; 
567; 0; 0; 0; 781.6; 
567; 0; 0; 0; 781.8; 
567; 0; 0; 0; 782; 
567; 0; 0; 0; 782.2; 
567; 0; 0; 0; 782.4; 
567; 0; 0; 0; 782.6; 
567; 0; 0; 0; 782.8; 
567; 0; 0; 0; 783; 
567; 0; 0; 0; 783.2; 
567; 0; 0; 0; 783.4; 
567; 0; 0; 0; 783.6; 
567; 0; 0; 0; 783.8; 
567; 0; 0; 0; 784; 
567; 0; 0; 0; 784.2; 
567; 0; 0; 0; 784.4; 
567; 0; 0; 0; 784.6; 
567; 0; 0; 0; 784.8; 
567; 0; 0; 0; 785; 
567; 0; 0; 0; 785.2; 
567; 0; 0; 0; 785.4; 
567; 0; 0; 0; 785.6; 
567; 0; 0; 0; 785.8; 
567; 0; 0; 0; 786; 
567; 0; 0; 0; 786.2; 
567; 0; 0; 0; 786.4; 
567; 0; 0; 0; 786.6; 
567; 0; 0; 0; 786.8; 
567; 0; 0; 0; 787; 
567; 0; 0; 0; 787.2; 
567; 0; 0; 0; 787.4; 
567; 0; 0; 0; 787.6; 
567; 0; 0; 0; 787.8; 
567; 0; 0; 0; 788; 
567; 0; 0; 0; 788.2; 
567; 0; 0; 0; 788.4; 
567; 0; 0; 0; 788.6; 
567; 0; 0; 0; 788.8; 
567; 0; 0; 0; 789; 
567; 0; 0; 0; 789.2; 
567; 0; 0; 0; 789.4; 
567; 0; 0; 0; 789.6; 
567; 0; 0; 0; 789.8; 
567; 0; 0; 0; 790; 
567; 0; 0; 0; 790.2; 
567; 0; 0; 0; 790.4; 
567; 0; 0; 0; 790.6; 
567; 0; 0; 0; 790.8; 
567; 0; 0; 0; 791; 
567; 0; 0; 0; 791.2; 
567; 0; 0; 0; 791.4; 
567; 0; 0; 0; 791.6; 
567; 0; 0; 0; 791.8; 
567; 0; 0; 0; 792; 
567; 0; 0; 0; 792.2; 
567; 0; 0; 0; 792.4; 
567; 0; 0; 0; 792.6; 
567; 0; 0; 0; 792.8; 
567; 0; 0; 0; 793; 
567; 0; 0; 0; 793.2; 
567; 0; 0; 0; 793.4; 
567; 0; 0; 0; 793.6; 
567; 0; 0; 0; 793.8; 
567; 0; 0; 0; 794; 
567; 0; 0; 0; 794.2; 
567; 0; 0; 0; 794.4; 
567; 0; 0; 0; 794.6; 
567; 0; 0; 0; 794.8; 
567; 0; 0; 0; 795; 
567; 0; 0; 0; 795.2; 
567; 0; 0; 0; 795.4; 
567; 0; 0; 0; 795.6; 
567; 0; 0; 0; 795.8; 
567; 0; 0; 0; 796; 
567; 0; 0; 0; 796.2; 
567; 0; 0; 0; 796.4; 
567; 0; 0; 0; 796.6; 
567; 0; 0; 0; 796.8; 
567; 0; 0; 0; 797; 
567; 0; 0; 0; 797.2; 
567; 0; 0; 0; 797.4; 
567; 0; 0; 0; 797.6; 
567; 0; 0; 0; 797.8; 
567; 0; 0; 0; 798; 
567; 0; 0; 0; 798.2; 
567; 0; 0; 0; 798.4; 
567; 0; 0; 0; 798.6; 
567; 0; 0; 0; 798.8; 
567; 0; 0; 0; 799; 
567; 0; 0; 0; 799.2; 
567; 0; 0; 0; 799.4; 
567; 0; 0; 0; 799.6; 
567; 0; 0; 0; 799.8; 
567; 0; 0; 0; 800; 
567; 0; 0; 0; 800.2; 
567; 0; 0; 0; 800.4; 
567; 0; 0; 0; 800.6; 
567; 0; 0; 0; 800.8; 
567; 0; 0; 0; 801; 
567; 0; 0; 0; 801.2; 
567; 0; 0; 0; 801.4; 
567; 0; 0; 0; 801.6; 
567; 0; 0; 0; 801.8; 
567; 0; 0; 0; 802; 
567; 0; 0; 0; 802.2; 
567; 0; 0; 0; 802.4; 
567; 0; 0; 0; 802.6; 
567; 0; 0; 0; 802.8; 
567; 0; 0; 0; 803; 
567; 0; 0; 0; 803.2; 
567; 0; 0; 0; 803.4; 
567; 0; 0; 0; 803.6; 
567; 0; 0; 0; 803.8; 
567; 0; 0; 0; 804; 
567; 0; 0; 0; 804.2; 
567; 0; 0; 0; 804.4; 
567; 0; 0; 0; 804.6; 
567; 0; 0; 0; 804.8; 
567; 0; 0; 0; 805; 
567; 0; 0; 0; 805.2; 
567; 0; 0; 0; 805.4; 
567; 0; 0; 0; 805.6; 
567; 0; 0; 0; 805.8; 
567; 0; 0; 0; 806; 
567; 0; 0; 0; 806.2; 
567; 0; 0; 0; 806.4; 
567; 0; 0; 0; 806.6; 
567; 0; 0; 0; 806.8; 
567; 0; 0; 0; 807; 
567; 0; 0; 0; 807.2; 
567; 0; 0; 0; 807.4; 
567; 0; 0; 0; 807.6; 
567; 0; 0; 0; 807.8; 
567; 0; 0; 0; 808; 
567; 0; 0; 0; 808.2; 
567; 0; 0; 0; 808.4; 
567; 0; 0; 0; 808.6; 
567; 0; 0; 0; 808.8; 
567; 0; 0; 0; 809; 
567; 0; 0; 0; 809.2; 
567; 0; 0; 0; 809.4; 
567; 0; 0; 0; 809.6; 
567; 0; 0; 0; 809.8; 
567; 0; 0; 0; 810; 
567; 0; 0; 0; 810.2; 
567; 0; 0; 0; 810.4; 
567; 0; 0; 0; 810.6; 
567; 0; 0; 0; 810.8; 
567; 0; 0; 0; 811; 
567; 0; 0; 0; 811.2; 
567; 0; 0; 0; 811.4; 
567; 0; 0; 0; 811.6; 
567; 0; 0; 0; 811.8; 
567; 0; 0; 0; 812; 
567; 0; 0; 0; 812.2; 
567; 0; 0; 0; 812.4; 
567; 0; 0; 0; 812.6; 
567; 0; 0; 0; 812.8; 
567; 0; 0; 0; 813; 
567; 0; 0; 0; 813.2; 
567; 0; 0; 0; 813.4; 
567; 0; 0; 0; 813.6; 
567; 0; 0; 0; 813.8; 
567; 0; 0; 0; 814; 
567; 0; 0; 0; 814.2; 
567; 0; 0; 0; 814.4; 
567; 0; 0; 0; 814.6; 
567; 0; 0; 0; 814.8; 
567; 0; 0; 0; 815; 
567; 0; 0; 0; 815.2; 
567; 0; 0; 0; 815.4; 
567; 0; 0; 0; 815.6; 
567; 0; 0; 0; 815.8; 
567; 0; 0; 0; 816; 
567; 0; 0; 0; 816.2; 
567; 0; 0; 0; 816.4; 
567; 0; 0; 0; 816.6; 
567; 0; 0; 0; 816.8; 
567; 0; 0; 0; 817; 
567; 0; 0; 0; 817.2; 
567; 0; 0; 0; 817.4; 
567; 0; 0; 0; 817.6; 
567; 0; 0; 0; 817.8; 
567; 0; 0; 0; 818; 
567; 0; 0; 0; 818.2; 
567; 0; 0; 0; 818.4; 
567; 0; 0; 0; 818.6; 
567; 0; 0; 0; 818.8; 
567; 0; 0; 0; 819; 
567; 0; 0; 0; 819.2; 
567; 0; 0; 0; 819.4; 
567; 0; 0; 0; 819.6; 
567; 0; 0; 0; 819.8; 
567; 0; 0; 0; 820; 
567; 0; 0; 0; 820.2; 
567; 0; 0; 0; 820.4; 
567; 0; 0; 0; 820.6; 
567; 0; 0; 0; 820.8; 
567; 0; 0; 0; 821; 
567; 0; 0; 0; 821.2; 
567; 0; 0; 0; 821.4; 
567; 0; 0; 0; 821.6; 
567; 0; 0; 0; 821.8; 
567; 0; 0; 0; 822; 
567; 0; 0; 0; 822.2; 
567; 0; 0; 0; 822.4; 
567; 0; 0; 0; 822.6; 
567; 0; 0; 0; 822.8; 
567; 0; 0; 0; 823; 
567; 0; 0; 0; 823.2; 
567; 0; 0; 0; 823.4; 
567; 0; 0; 0; 823.6; 
567; 0; 0; 0; 823.8; 
567; 0; 0; 0; 824; 
567; 0; 0; 0; 824.2; 
