567; 0; 0; 170; 0; 
567; 0; 0; 170; 0.2; 
567; 0; 0; 170; 0.4; 
567; 0; 0; 170; 0.6; 
567; 0; 0; 170; 0.8; 
567; 0; 0; 170; 1; 
567; 0; 0; 170; 1.2; 
567; 0; 0; 170; 1.4; 
567; 0; 0; 170; 1.6; 
567; 0; 0; 170; 1.8; 
567; 0; 0; 170; 2; 
567; 0; 0; 170; 2.2; 
567; 0; 0; 170; 2.4; 
567; 0; 0; 170; 2.6; 
567; 0; 0; 170; 2.8; 
567; 0; 0; 170; 3; 
567; 0; 0; 170; 3.2; 
567; 0; 0; 170; 3.4; 
567; 0; 0; 170; 3.6; 
567; 0; 0; 170; 3.8; 
567; 0; 0; 170; 4; 
567; 0; 0; 170; 4.2; 
567; 0; 0; 170; 4.4; 
567; 0; 0; 170; 4.6; 
567; 0; 0; 170; 4.8; 
567; 0; 0; 170; 5; 
567; 0; 0; 170; 5.2; 
567; 0; 0; 170; 5.4; 
567; 0; 0; 170; 5.6; 
567; 0; 0; 170; 5.8; 
567; 0; 0; 170; 6; 
567; 0; 0; 170; 6.2; 
567; 0; 0; 170; 6.4; 
567; 0; 0; 170; 6.6; 
567; 0; 0; 170; 6.8; 
567; 0; 0; 170; 7; 
567; 0; 0; 170; 7.2; 
567; 0; 0; 170; 7.4; 
567; 0; 0; 170; 7.6; 
567; 0; 0; 170; 7.8; 
567; 0; 0; 170; 8; 
567; 0; 0; 170; 8.2; 
567; 0; 0; 170; 8.4; 
567; 0; 0; 170; 8.6; 
567; 0; 0; 170; 8.8; 
567; 0; 0; 170; 9; 
567; 0; 0; 170; 9.2; 
567; 0; 0; 170; 9.4; 
567; 0; 0; 170; 9.6; 
567; 0; 0; 170; 9.8; 
567; 0; 0; 170; 10; 
567; 0; 0; 170; 10.2; 
567; 0; 0; 170; 10.4; 
567; 0; 0; 170; 10.6; 
567; 0; 0; 170; 10.8; 
567; 0; 0; 170; 11; 
567; 0; 0; 170; 11.2; 
567; 0; 0; 170; 11.4; 
567; 0; 0; 170; 11.6; 
567; 0; 0; 170; 11.8; 
567; 0; 0; 170; 12; 
567; 0; 0; 170; 12.2; 
567; 0; 0; 170; 12.4; 
567; 0; 0; 170; 12.6; 
567; 0; 0; 170; 12.8; 
567; 0; 0; 170; 13; 
567; 0; 0; 170; 13.2; 
567; 0; 0; 170; 13.4; 
567; 0; 0; 170; 13.6; 
567; 0; 0; 170; 13.8; 
567; 0; 0; 170; 14; 
567; 0; 0; 170; 14.2; 
567; 0; 0; 170; 14.4; 
567; 0; 0; 170; 14.6; 
567; 0; 0; 170; 14.8; 
567; 0; 0; 170; 15; 
567; 0; 0; 170; 15.2; 
567; 0; 0; 170; 15.4; 
567; 0; 0; 170; 15.6; 
567; 0; 0; 170; 15.8; 
567; 0; 0; 170; 16; 
567; 0; 0; 170; 16.2; 
567; 0; 0; 170; 16.4; 
567; 0; 0; 170; 16.6; 
567; 0; 0; 170; 16.8; 
567; 0; 0; 170; 17; 
567; 0; 0; 170; 17.2; 
567; 0; 0; 170; 17.4; 
567; 0; 0; 170; 17.6; 
567; 0; 0; 170; 17.8; 
567; 0; 0; 170; 18; 
567; 0; 0; 170; 18.2; 
567; 0; 0; 170; 18.4; 
567; 0; 0; 170; 18.6; 
567; 0; 0; 170; 18.8; 
567; 0; 0; 170; 19; 
567; 0; 0; 170; 19.2; 
567; 0; 0; 170; 19.4; 
567; 0; 0; 170; 19.6; 
567; 0; 0; 170; 19.8; 
567; 0; 0; 170; 20; 
567; 0; 0; 170; 20.2; 
567; 0; 0; 170; 20.4; 
567; 0; 0; 170; 20.6; 
567; 0; 0; 170; 20.8; 
567; 0; 0; 170; 21; 
567; 0; 0; 170; 21.2; 
567; 0; 0; 170; 21.4; 
567; 0; 0; 170; 21.6; 
567; 0; 0; 170; 21.8; 
567; 0; 0; 170; 22; 
567; 0; 0; 170; 22.2; 
567; 0; 0; 170; 22.4; 
567; 0; 0; 170; 22.6; 
567; 0; 0; 170; 22.8; 
567; 0; 0; 170; 23; 
567; 0; 0; 170; 23.2; 
567; 0; 0; 170; 23.4; 
567; 0; 0; 170; 23.6; 
567; 0; 2414.6189; 170; 23.8; 
567; 0; 2414.6189; 170; 24; 
567; 0; 2414.6189; 170; 24.2; 
567; 0; 2414.6189; 170; 24.4; 
567; 0; 2414.6189; 170; 24.6; 
567; 0; 2414.6189; 170; 24.8; 
567; 0; 2414.6189; 170; 25; 
567; 0; 2414.6189; 170; 25.2; 
567; 0; 2414.6189; 170; 25.4; 
567; 0; 2414.6189; 170; 25.6; 
567; 0; 2414.6189; 170; 25.8; 
567; 0; 2414.6189; 170; 26; 
567; 0; 2414.6189; 170; 26.2; 
567; 0; 2414.6189; 170; 26.4; 
567; 0; 2414.6189; 170; 26.6; 
567; 0; 2414.6189; 170; 26.8; 
567; 0; 2414.6189; 170; 27; 
567; 0; 2414.6189; 170; 27.2; 
567; 0; 2414.6189; 170; 27.4; 
567; 0; 2414.6189; 170; 27.6; 
567; 0; 2414.6189; 170; 27.8; 
567; 0; 2414.6189; 170; 28; 
567; 0; 2414.6189; 170; 28.2; 
567; 0; 2414.6189; 170; 28.4; 
567; 0; 2414.6189; 170; 28.6; 
567; 0; 2414.6189; 170; 28.8; 
567; 0; 2414.6189; 170; 29; 
567; 0; 2414.6189; 170; 29.2; 
567; 0; 2414.6189; 170; 29.4; 
567; 0; 2414.6189; 170; 29.6; 
567; 0; 2414.6189; 170; 29.8; 
567; 0; 2414.6189; 170; 30; 
567; 0; 2414.6189; 170; 30.2; 
567; 0; 2414.6189; 170; 30.4; 
567; 0; 2414.6189; 170; 30.6; 
567; 0; 2414.6189; 170; 30.8; 
567; 0; 2414.6189; 170; 31; 
567; 0; 2414.6189; 170; 31.2; 
567; 0; 2414.6189; 170; 31.4; 
567; 0; 2414.6189; 170; 31.6; 
567; 0; 2414.6189; 170; 31.8; 
567; 0; 2414.6189; 170; 32; 
567; 0; 2414.6189; 170; 32.2; 
567; 0; 2414.6189; 170; 32.4; 
567; 0; 2414.6189; 170; 32.6; 
567; 0; 2414.6189; 170; 32.8; 
567; 0; 2414.6189; 170; 33; 
567; 0; 2414.6189; 170; 33.2; 
567; 0; 2414.6189; 170; 33.4; 
567; 0; 2414.6189; 170; 33.6; 
567; 0; 2414.6189; 170; 33.8; 
567; 0; 2414.6189; 170; 34; 
567; 0; 2414.6189; 170; 34.2; 
567; 0; 2414.6189; 170; 34.4; 
567; 0; 2414.6189; 170; 34.6; 
567; 0; 2414.6189; 170; 34.8; 
567; 0; 2414.6189; 170; 35; 
567; 0; 2414.6189; 170; 35.2; 
567; 0; 2414.6189; 170; 35.4; 
567; 0; 2414.6189; 170; 35.6; 
567; 0; 2414.6189; 170; 35.8; 
567; 0; 2414.6189; 170; 36; 
567; 0; 2414.6189; 170; 36.2; 
567; 0; 2414.6189; 170; 36.4; 
567; 0; 2414.6189; 170; 36.6; 
567; 0; 2414.6189; 170; 36.8; 
567; 0; 2414.6189; 170; 37; 
567; 0; 2414.6189; 170; 37.2; 
567; 0; 2414.6189; 170; 37.4; 
567; 0; 2414.6189; 170; 37.6; 
567; 0; 2414.6189; 170; 37.8; 
567; 0; 2414.6189; 170; 38; 
567; 0; 2414.6189; 170; 38.2; 
567; 0; 2414.6189; 170; 38.4; 
567; 0; 2414.6189; 170; 38.6; 
567; 0; 2414.6189; 170; 38.8; 
567; 0; 2431.015; 170; 39; 
567; 0; 2464.376; 170; 39.2; 
567; 0; 2515.1561; 170; 39.4; 
567; 0; 2714.045; 170; 39.6; 
567; 0; 2962.9058; 170; 39.8; 
567; 0; 3013.7094; 170; 40; 
567; 0; 3048.3633; 170; 40.2; 
567; 0; 3100.3558; 170; 40.4; 
567; 0; 3130.725; 170; 40.6; 
567; 0; 3158.2556; 170; 40.8; 
567; 0; 3172.0161; 170; 41; 
567; 0; 3185.9286; 170; 41.2; 
567; 0; 3185.4415; 170; 41.4; 
567; 0; 3184.9648; 170; 41.6; 
567; 0; 3170.1308; 170; 41.8; 
567; 0; 3169.6833; 170; 42; 
567; 0; 3169.2452; 170; 42.2; 
567; 0; 3168.8172; 170; 42.4; 
567; 0; 3168.4; 170; 42.6; 
567; 0; 3167.9942; 170; 42.8; 
567; 0; 3167.6004; 170; 43; 
567; 0; 3167.2192; 170; 43.2; 
567; 0; 3166.8507; 170; 43.4; 
567; 0; 3166.4936; 170; 43.6; 
567; 0; 3166.1468; 170; 43.8; 
567; 0; 3165.8095; 170; 44; 
567; 0; 3165.4811; 170; 44.2; 
567; 0; 3165.1612; 170; 44.4; 
567; 0; 3164.8496; 170; 44.6; 
567; 0; 3164.5463; 170; 44.8; 
567; 0; 3164.2511; 170; 45; 
567; 0; 3163.9641; 170; 45.2; 
567; 0; 3163.6853; 170; 45.4; 
567; 0; 3163.4147; 170; 45.6; 
567; 0; 3163.1524; 170; 45.8; 
567; 0; 3162.8984; 170; 46; 
567; 0; 3162.6528; 170; 46.2; 
567; 0; 3162.4155; 170; 46.4; 
567; 0; 3162.1868; 170; 46.6; 
567; 0; 3161.9665; 170; 46.8; 
567; 0; 3161.7549; 170; 47; 
567; 0; 3161.5518; 170; 47.2; 
567; 0; 3175.536; 170; 47.4; 
567; 0; 3175.3463; 170; 47.6; 
567; 0; 3175.1656; 170; 47.8; 
567; 0; 3174.9939; 170; 48; 
567; 0; 3174.8313; 170; 48.2; 
567; 0; 3174.6779; 170; 48.4; 
567; 0; 3188.8689; 170; 48.6; 
567; 0; 3188.7311; 170; 48.8; 
567; 0; 3188.6028; 170; 49; 
567; 0; 3188.4842; 170; 49.2; 
567; 0; 3188.3752; 170; 49.4; 
567; 0; 3188.276; 170; 49.6; 
567; 0; 3202.689; 170; 49.8; 
567; 0; 3202.6078; 170; 50; 
567; 0; 3202.5368; 170; 50.2; 
567; 0; 3202.4762; 170; 50.4; 
567; 0; 3217.1079; 170; 50.6; 
567; 0; 3217.0671; 170; 50.8; 
567; 0; 3217.0371; 170; 51; 
567; 0; 3217.0179; 170; 51.2; 
567; 0; 3231.8792; 170; 51.4; 
567; 0; 3231.8819; 170; 51.6; 
567; 0; 3231.896; 170; 51.8; 
567; 0; 3246.9861; 170; 52; 
567; 0; 3247.0234; 170; 52.2; 
567; 0; 3247.0693; 170; 52.4; 
567; 0; 3247.1205; 170; 52.6; 
567; 0; 3259.258; 170; 52.8; 
567; 0; 3259.3119; 170; 53; 
567; 0; 3259.3635; 170; 53.2; 
567; 0; 3259.411; 170; 53.4; 
567; 0; 3271.6924; 170; 53.6; 
567; 0; 3271.728; 170; 53.8; 
567; 0; 3271.7562; 170; 54; 
567; 0; 3271.7766; 170; 54.2; 
567; 0; 3284.1856; 170; 54.4; 
567; 0; 3284.191; 170; 54.6; 
567; 0; 3284.1894; 170; 54.8; 
567; 0; 3284.1817; 170; 55; 
567; 0; 3296.7232; 170; 55.2; 
567; 0; 3296.7057; 170; 55.4; 
567; 0; 3296.6849; 170; 55.6; 
567; 0; 3296.6619; 170; 55.8; 
567; 0; 3296.6376; 170; 56; 
567; 0; 3309.3273; 170; 56.2; 
567; 0; 3309.3029; 170; 56.4; 
567; 0; 3309.2797; 170; 56.6; 
567; 0; 3309.2584; 170; 56.8; 
567; 0; 3322.1163; 170; 57; 
567; 0; 3322.0994; 170; 57.2; 
567; 0; 3322.0849; 170; 57.4; 
567; 0; 3322.073; 170; 57.6; 
567; 0; 3335.1069; 170; 57.8; 
567; 0; 3335.0994; 170; 58; 
567; 0; 3335.0939; 170; 58.2; 
567; 0; 3335.0899; 170; 58.4; 
567; 0; 3335.087; 170; 58.6; 
567; 0; 3348.2979; 170; 58.8; 
567; 0; 3348.2963; 170; 59; 
567; 0; 3348.2948; 170; 59.2; 
567; 0; 3348.2932; 170; 59.4; 
567; 0; 3361.677; 170; 59.6; 
567; 0; 3361.6744; 170; 59.8; 
567; 0; 3361.6712; 170; 60; 
567; 0; 3361.6674; 170; 60.2; 
567; 0; 3375.2244; 170; 60.4; 
567; 0; 3375.2192; 170; 60.6; 
567; 0; 3375.2134; 170; 60.8; 
567; 0; 3375.2073; 170; 61; 
567; 0; 3375.201; 170; 61.2; 
567; 0; 3385.9368; 170; 61.4; 
567; 0; 3385.9302; 170; 61.6; 
567; 0; 3385.9237; 170; 61.8; 
567; 0; 3385.9174; 170; 62; 
567; 0; 3396.7782; 170; 62.2; 
567; 0; 3396.7724; 170; 62.4; 
567; 0; 3396.7669; 170; 62.6; 
567; 0; 3396.7618; 170; 62.8; 
567; 0; 3396.757; 170; 63; 
567; 0; 3407.745; 170; 63.2; 
567; 0; 3407.7408; 170; 63.4; 
567; 0; 3407.7369; 170; 63.6; 
567; 0; 3407.7332; 170; 63.8; 
567; 0; 3407.7296; 170; 64; 
567; 0; 3418.8449; 170; 64.2; 
567; 0; 3418.8414; 170; 64.4; 
567; 0; 3418.8379; 170; 64.6; 
567; 0; 3418.8346; 170; 64.8; 
567; 0; 3418.8304; 170; 65; 
567; 0; 3430.0686; 170; 65.2; 
567; 0; 3430.0542; 170; 65.4; 
567; 0; 3430.0313; 170; 65.6; 
567; 0; 3429.9981; 170; 65.8; 
567; 0; 3429.9529; 170; 66; 
567; 0; 3441.2682; 170; 66.2; 
567; 0; 3441.1946; 170; 66.4; 
567; 0; 3441.106; 170; 66.6; 
567; 0; 3441.0049; 170; 66.8; 
567; 0; 3440.8954; 170; 67; 
567; 0; 3440.7816; 170; 67.2; 
567; 0; 3452.1674; 170; 67.4; 
567; 0; 3452.0556; 170; 67.6; 
567; 0; 3451.9495; 170; 67.8; 
567; 0; 3451.8509; 170; 68; 
567; 0; 3451.7604; 170; 68.2; 
567; 0; 3451.6783; 170; 68.4; 
567; 0; 3463.2313; 170; 68.6; 
567; 0; 3463.1633; 170; 68.8; 
567; 0; 3463.1009; 170; 69; 
567; 0; 3463.043; 170; 69.2; 
567; 0; 3462.9885; 170; 69.4; 
567; 0; 3474.6939; 170; 69.6; 
567; 0; 3474.6436; 170; 69.8; 
567; 0; 3474.5949; 170; 70; 
567; 0; 3440.7033; 170; 70.2; 
567; 0; 3394.4043; 170; 70.4; 
567; 0; 3348.1076; 170; 70.6; 
567; 0; 3313.4326; 170; 70.8; 
567; 0; 3267.1465; 170; 71; 
567; 0; 3220.864; 170; 71.2; 
567; 0; 3174.5852; 170; 71.4; 
567; 0; 3127.2351; 170; 71.6; 
567; 0; 3080.9408; 170; 71.8; 
567; 0; 3041.6508; 170; 72; 
567; 0; 2992.7336; 170; 72.2; 
567; 0; 2943.8196; 170; 72.4; 
567; 0; 2897.2362; 170; 72.6; 
567; 0; 2850.6553; 170; 72.8; 
567; 0; 2805.2406; 170; 73; 
567; 0; 2772.182; 170; 73.2; 
567; 0; 2731.3656; 170; 73.4; 
567; 0; 2691.6536; 170; 73.6; 
567; 0; 2651.3894; 170; 73.8; 
567; 0; 2611.9297; 170; 74; 
567; 0; 2572.4716; 170; 74.2; 
567; 0; 2535.4052; 170; 74.4; 
567; 0; 2498.3405; 170; 74.6; 
567; 0; 2463.6674; 170; 74.8; 
567; 0; 2438.1068; 170; 75; 
567; 0; 2405.7088; 170; 75.2; 
567; 0; 2373.3121; 170; 75.4; 
567; 0; 2343.3154; 170; 75.6; 
567; 0; 2312.7639; 170; 75.8; 
567; 0; 2283.4008; 170; 76; 
567; 0; 2255.4432; 170; 76.2; 
567; 0; 2228.7016; 170; 76.4; 
567; 0; 2203.1758; 170; 76.6; 
567; 0; 2178.866; 170; 76.8; 
567; 0; 2154.5568; 170; 77; 
567; 0; 2132.6777; 170; 77.2; 
567; 0; 2110.7981; 170; 77.4; 
567; 0; 2091.348; 170; 77.6; 
567; 0; 2071.8974; 170; 77.8; 
567; 0; 2052.4467; 170; 78; 
567; 0; 2042.9764; 170; 78.2; 
567; 0; 2025.8994; 170; 78.4; 
567; 0; 2008.2896; 170; 78.6; 
567; 0; 1991.312; 170; 78.8; 
567; 0; 1974.336; 170; 79; 
567; 0; 1958.6668; 170; 79.2; 
567; 0; 1942.9987; 170; 79.4; 
567; 0; 1928.6368; 170; 79.6; 
567; 0; 1914.2757; 170; 79.8; 
567; 0; 1899.9149; 170; 80; 
567; 0; 1886.8596; 170; 80.2; 
567; 0; 1875.1097; 170; 80.4; 
567; 0; 1863.36; 170; 80.6; 
567; 0; 1851.82; 170; 80.8; 
567; 0; 1841.7156; 170; 81; 
567; 0; 1832.874; 170; 81.2; 
567; 0; 1822.7696; 170; 81.4; 
567; 0; 1813.9282; 170; 81.6; 
567; 0; 1805.087; 170; 81.8; 
567; 0; 1797.5089; 170; 82; 
567; 0; 1789.9311; 170; 82.2; 
567; 0; 1783.6163; 170; 82.4; 
567; 0; 1776.0389; 170; 82.6; 
567; 0; 1769.7245; 170; 82.8; 
567; 0; 1763.4102; 170; 83; 
567; 0; 1758.3589; 170; 83.2; 
567; 0; 1753.3077; 170; 83.4; 
567; 0; 1748.2565; 170; 83.6; 
567; 0; 1743.2055; 170; 83.8; 
567; 0; 1738.1545; 170; 84; 
567; 0; 1734.3664; 170; 84.2; 
567; 0; 1730.418; 170; 84.4; 
567; 0; 1726.3421; 170; 84.6; 
567; 0; 1722.2662; 170; 84.8; 
567; 0; 1718.1902; 170; 85; 
567; 0; 1715.4731; 170; 85.2; 
567; 0; 1712.756; 170; 85.4; 
567; 0; 1710.039; 170; 85.6; 
567; 0; 1707.3221; 170; 85.8; 
567; 0; 1704.6052; 170; 86; 
567; 0; 1701.8883; 170; 86.2; 
567; 0; 1700.5303; 170; 86.4; 
567; 0; 1697.8136; 170; 86.6; 
567; 0; 1696.4557; 170; 86.8; 
567; 0; 1695.0978; 170; 87; 
567; 0; 1693.7399; 170; 87.2; 
567; 0; 1692.3819; 170; 87.4; 
567; 0; 1691.024; 170; 87.6; 
567; 0; 1691.025; 170; 87.8; 
567; 0; 1689.6672; 170; 88; 
567; 0; 1688.3095; 170; 88.2; 
567; 0; 1688.3105; 170; 88.4; 
567; 0; 1688.3115; 170; 88.6; 
567; 0; 1686.9538; 170; 88.8; 
567; 0; 1686.955; 170; 89; 
567; 0; 1686.956; 170; 89.2; 
567; 0; 1686.9568; 170; 89.4; 
567; 0; 1686.9576; 170; 89.6; 
567; 0; 1686.9583; 170; 89.8; 
567; 0; 1686.9592; 170; 90; 
567; 0; 1686.9601; 170; 90.2; 
567; 0; 1686.9611; 170; 90.4; 
567; 0; 1686.9621; 170; 90.6; 
567; 0; 1686.9632; 170; 90.8; 
567; 0; 1688.3231; 170; 91; 
567; 0; 1679.389; 170; 91.2; 
567; 0; 1679.3902; 170; 91.4; 
567; 0; 1680.7464; 170; 91.6; 
567; 0; 1680.7475; 170; 91.8; 
567; 0; 1682.1035; 170; 92; 
567; 0; 1682.1044; 170; 92.2; 
567; 0; 1683.4603; 170; 92.4; 
567; 0; 1684.8162; 170; 92.6; 
567; 0; 1686.1723; 170; 92.8; 
567; 0; 1686.1733; 170; 93; 
567; 0; 1687.5294; 170; 93.2; 
567; 0; 1688.8856; 170; 93.4; 
567; 0; 1690.2417; 170; 93.6; 
567; 0; 1691.5979; 170; 93.8; 
567; 0; 1692.9541; 170; 94; 
567; 0; 1694.3102; 170; 94.2; 
567; 0; 1695.6663; 170; 94.4; 
567; 0; 1697.0224; 170; 94.6; 
567; 0; 1698.3785; 170; 94.8; 
567; 0; 1699.7345; 170; 95; 
567; 0; 1701.0905; 170; 95.2; 
567; 0; 1702.4462; 170; 95.4; 
567; 0; 1705.152; 170; 95.6; 
567; 0; 1710.5552; 170; 95.8; 
567; 0; 1717.2937; 170; 96; 
567; 0; 1726.7169; 170; 96.2; 
567; 0; 1739.6461; 170; 96.4; 
567; 0; 1753.3807; 170; 96.6; 
567; 0; 1770.858; 170; 96.8; 
567; 0; 1790.8164; 170; 97; 
567; 0; 1811.995; 170; 97.2; 
567; 0; 1833.1376; 170; 97.4; 
567; 0; 1854.5496; 170; 97.6; 
567; 0; 1873.7695; 170; 97.8; 
567; 0; 1892.9805; 170; 98; 
567; 0; 1910.8887; 170; 98.2; 
567; 0; 1926.1985; 170; 98.4; 
567; 0; 1941.5144; 170; 98.6; 
567; 0; 1955.5366; 170; 98.8; 
567; 0; 1968.2644; 170; 99; 
567; 0; 1980.9966; 170; 99.2; 
567; 0; 1993.7306; 170; 99.4; 
567; 0; 1996.0686; 170; 99.6; 
567; 0; 2008.7558; 170; 99.8; 
567; 0; 2019.8931; 170; 100; 
567; 0; 2031.7325; 170; 100.2; 
567; 0; 2042.3562; 170; 100.4; 
567; 0; 2052.975; 170; 100.6; 
567; 0; 2063.5894; 170; 100.8; 
567; 0; 2074.2001; 170; 101; 
567; 0; 2083.5983; 170; 101.2; 
567; 0; 2092.995; 170; 101.4; 
567; 0; 2101.1809; 170; 101.6; 
567; 0; 2109.3668; 170; 101.8; 
567; 0; 2117.553; 170; 102; 
567; 0; 2124.5297; 170; 102.2; 
567; 0; 2131.5066; 170; 102.4; 
567; 0; 2138.4836; 170; 102.6; 
567; 0; 2145.4605; 170; 102.8; 
567; 0; 2151.2272; 170; 103; 
567; 0; 2156.9934; 170; 103.2; 
567; 0; 2162.759; 170; 103.4; 
567; 0; 2167.3141; 170; 103.6; 
567; 0; 2171.8683; 170; 103.8; 
567; 0; 2177.6311; 170; 104; 
567; 0; 2182.1837; 170; 104.2; 
567; 0; 2185.5261; 170; 104.4; 
567; 0; 2190.0775; 170; 104.6; 
567; 0; 2193.4189; 170; 104.8; 
567; 0; 2196.76; 170; 105; 
567; 0; 2200.1009; 170; 105.2; 
567; 0; 2203.4418; 170; 105.4; 
567; 0; 2205.5733; 170; 105.6; 
567; 0; 2208.914; 170; 105.8; 
567; 0; 2211.0455; 170; 106; 
567; 0; 2213.1768; 170; 106.2; 
567; 0; 2215.308; 170; 106.4; 
567; 0; 2217.439; 170; 106.6; 
567; 0; 2218.3608; 170; 106.8; 
567; 0; 2220.4913; 170; 107; 
567; 0; 2221.4126; 170; 107.2; 
567; 0; 2223.5426; 170; 107.4; 
567; 0; 2224.4634; 170; 107.6; 
567; 0; 2225.3841; 170; 107.8; 
567; 0; 2226.3048; 170; 108; 
567; 0; 2227.2254; 170; 108.2; 
567; 0; 2228.146; 170; 108.4; 
567; 0; 2227.8577; 170; 108.6; 
567; 0; 2228.778; 170; 108.8; 
567; 0; 2228.4896; 170; 109; 
567; 0; 2229.4098; 170; 109.2; 
567; 0; 2229.1213; 170; 109.4; 
567; 0; 2228.8327; 170; 109.6; 
567; 0; 2229.832; 170; 109.8; 
567; 0; 2229.576; 170; 110; 
567; 0; 2229.3199; 170; 110.2; 
567; 0; 2229.0638; 170; 110.4; 
567; 0; 2228.8076; 170; 110.6; 
567; 0; 2228.5515; 170; 110.8; 
567; 0; 2228.2953; 170; 111; 
567; 0; 2228.0392; 170; 111.2; 
567; 0; 2227.7831; 170; 111.4; 
567; 0; 2226.2613; 170; 111.6; 
567; 0; 2226.0051; 170; 111.8; 
567; 0; 2225.7489; 170; 112; 
567; 0; 2224.2271; 170; 112.2; 
567; 0; 2223.9709; 170; 112.4; 
567; 0; 2223.7147; 170; 112.6; 
567; 0; 2222.1929; 170; 112.8; 
567; 0; 2221.9367; 170; 113; 
567; 0; 2220.415; 170; 113.2; 
567; 0; 2220.1587; 170; 113.4; 
567; 0; 2218.6371; 170; 113.6; 
567; 0; 2218.3808; 170; 113.8; 
567; 0; 2216.8592; 170; 114; 
567; 0; 2216.6028; 170; 114.2; 
567; 0; 2223.9746; 170; 114.4; 
567; 0; 2222.448; 170; 114.6; 
567; 0; 2222.1912; 170; 114.8; 
567; 0; 2220.6647; 170; 115; 
567; 0; 2219.1381; 170; 115.2; 
567; 0; 2218.8812; 170; 115.4; 
567; 0; 2217.3547; 170; 115.6; 
567; 0; 2215.8281; 170; 115.8; 
567; 0; 2214.3017; 170; 116; 
567; 0; 2212.7904; 170; 116.2; 
567; 0; 2211.2887; 170; 116.4; 
567; 0; 2209.7872; 170; 116.6; 
567; 0; 2208.2856; 170; 116.8; 
567; 0; 2207.9955; 170; 117; 
567; 0; 2206.4942; 170; 117.2; 
567; 0; 2204.993; 170; 117.4; 
567; 0; 2203.4918; 170; 117.6; 
567; 0; 2201.9906; 170; 117.8; 
567; 0; 2200.4894; 170; 118; 
567; 0; 2198.9883; 170; 118.2; 
567; 0; 2197.4872; 170; 118.4; 
567; 0; 2195.9861; 170; 118.6; 
567; 0; 2194.485; 170; 118.8; 
567; 0; 2192.9841; 170; 119; 
567; 0; 2191.4832; 170; 119.2; 
567; 0; 2189.9823; 170; 119.4; 
567; 0; 2188.4815; 170; 119.6; 
567; 0; 2186.9806; 170; 119.8; 
567; 0; 2185.4799; 170; 120; 
567; 0; 2185.1901; 170; 120.2; 
567; 0; 2183.6895; 170; 120.4; 
567; 0; 2182.1891; 170; 120.6; 
567; 0; 2180.6888; 170; 120.8; 
567; 0; 2179.1884; 170; 121; 
567; 0; 2177.6882; 170; 121.2; 
567; 0; 2177.3985; 170; 121.4; 
567; 0; 2175.8984; 170; 121.6; 
567; 0; 2174.3984; 170; 121.8; 
567; 0; 2172.8984; 170; 122; 
567; 0; 2171.3984; 170; 122.2; 
567; 0; 2169.8985; 170; 122.4; 
567; 0; 2169.6089; 170; 122.6; 
567; 0; 2168.1091; 170; 122.8; 
567; 0; 2166.6094; 170; 123; 
567; 0; 2165.1097; 170; 123.2; 
567; 0; 2164.8202; 170; 123.4; 
567; 0; 2163.3206; 170; 123.6; 
567; 0; 2161.8211; 170; 123.8; 
567; 0; 2160.3217; 170; 124; 
567; 0; 2160.0323; 170; 124.2; 
567; 0; 2158.533; 170; 124.4; 
567; 0; 2157.0338; 170; 124.6; 
567; 0; 2156.7447; 170; 124.8; 
567; 0; 2155.2456; 170; 125; 
567; 0; 2153.7466; 170; 125.2; 
567; 0; 2153.4574; 170; 125.4; 
567; 0; 2151.9585; 170; 125.6; 
567; 0; 2150.4596; 170; 125.8; 
567; 0; 2150.1705; 170; 126; 
567; 0; 2148.6717; 170; 126.2; 
567; 0; 2147.173; 170; 126.4; 
567; 0; 2146.8841; 170; 126.6; 
567; 0; 2145.3857; 170; 126.8; 
567; 0; 2143.8873; 170; 127; 
567; 0; 2143.5984; 170; 127.2; 
567; 0; 2142.1; 170; 127.4; 
567; 0; 2140.6017; 170; 127.6; 
567; 0; 2140.3128; 170; 127.8; 
567; 0; 2138.8146; 170; 128; 
567; 0; 2138.5257; 170; 128.2; 
567; 0; 2137.0277; 170; 128.4; 
567; 0; 2136.7393; 170; 128.6; 
567; 0; 2136.4517; 170; 128.8; 
567; 0; 2136.1656; 170; 129; 
567; 0; 2133.4669; 170; 129.2; 
567; 0; 2130.7812; 170; 129.4; 
567; 0; 2125.6972; 170; 129.6; 
567; 0; 2118.2201; 170; 129.8; 
567; 0; 2109.5623; 170; 130; 
567; 0; 2099.7263; 170; 130.2; 
567; 0; 2086.296; 170; 130.4; 
567; 0; 2071.6904; 170; 130.6; 
567; 0; 2054.7011; 170; 130.8; 
567; 0; 2036.5374; 170; 131; 
567; 0; 2017.1979; 170; 131.2; 
567; 0; 1995.2827; 170; 131.4; 
567; 0; 1973.327; 170; 131.6; 
567; 0; 1953.9674; 170; 131.8; 
567; 0; 1937.1939; 170; 132; 
567; 0; 1922.9984; 170; 132.2; 
567; 0; 1911.3751; 170; 132.4; 
567; 0; 1909.9345; 170; 132.6; 
567; 0; 1900.8309; 170; 132.8; 
567; 0; 1891.711; 170; 133; 
567; 0; 1881.2812; 170; 133.2; 
567; 0; 1870.8464; 170; 133.4; 
567; 0; 1860.413; 170; 133.6; 
567; 0; 1848.6873; 170; 133.8; 
567; 0; 1835.6726; 170; 134; 
567; 0; 1822.6694; 170; 134.2; 
567; 0; 1809.6775; 170; 134.4; 
567; 0; 1796.695; 170; 134.6; 
567; 0; 1785.0179; 170; 134.8; 
567; 0; 1772.0456; 170; 135; 
567; 0; 1761.6718; 170; 135.2; 
567; 0; 1751.2963; 170; 135.4; 
567; 0; 1740.9176; 170; 135.6; 
567; 0; 1731.7687; 170; 135.8; 
567; 0; 1723.3877; 170; 136; 
567; 0; 1715.0027; 170; 136.2; 
567; 0; 1706.7007; 170; 136.4; 
567; 0; 1699.9354; 170; 136.6; 
567; 0; 1693.1693; 170; 136.8; 
567; 0; 1686.4035; 170; 137; 
567; 0; 1679.6387; 170; 137.2; 
567; 0; 1672.8755; 170; 137.4; 
567; 0; 1666.1141; 170; 137.6; 
567; 0; 1660.7064; 170; 137.8; 
567; 0; 1655.3; 170; 138; 
567; 0; 1649.8947; 170; 138.2; 
567; 0; 1644.4898; 170; 138.4; 
567; 0; 1639.085; 170; 138.6; 
567; 0; 1635.0319; 170; 138.8; 
567; 0; 1630.9784; 170; 139; 
567; 0; 1626.9245; 170; 139.2; 
567; 0; 1622.87; 170; 139.4; 
567; 0; 1620.1671; 170; 139.6; 
567; 0; 1617.4637; 170; 139.8; 
567; 0; 1613.4081; 170; 140; 
567; 0; 1610.7044; 170; 140.2; 
567; 0; 1608.0007; 170; 140.4; 
567; 0; 1606.6492; 170; 140.6; 
567; 0; 1603.9458; 170; 140.8; 
567; 0; 1601.2426; 170; 141; 
567; 0; 1599.8916; 170; 141.2; 
567; 0; 1597.1889; 170; 141.4; 
567; 0; 1595.8383; 170; 141.6; 
567; 0; 1594.4879; 170; 141.8; 
567; 0; 1593.1375; 170; 142; 
567; 0; 1591.7872; 170; 142.2; 
567; 0; 1590.4368; 170; 142.4; 
567; 0; 1589.0862; 170; 142.6; 
567; 0; 1589.0874; 170; 142.8; 
567; 0; 1587.7366; 170; 143; 
567; 0; 1586.3859; 170; 143.2; 
567; 0; 1586.3872; 170; 143.4; 
567; 0; 1585.0366; 170; 143.6; 
567; 0; 1585.038; 170; 143.8; 
567; 0; 1585.0394; 170; 144; 
567; 0; 1585.0408; 170; 144.2; 
567; 0; 1583.6901; 170; 144.4; 
567; 0; 1583.6914; 170; 144.6; 
567; 0; 1583.6926; 170; 144.8; 
567; 0; 1583.6938; 170; 145; 
567; 0; 1583.695; 170; 145.2; 
567; 0; 1583.6962; 170; 145.4; 
567; 0; 1585.0479; 170; 145.6; 
567; 0; 1587.7432; 170; 145.8; 
567; 0; 1591.7743; 170; 146; 
567; 0; 1599.8379; 170; 146.2; 
567; 0; 1610.5765; 170; 146.4; 
567; 0; 1615.3533; 170; 146.6; 
567; 0; 1632.7343; 170; 146.8; 
567; 0; 1651.4243; 170; 147; 
567; 0; 1671.4227; 170; 147.2; 
567; 0; 1691.3872; 170; 147.4; 
567; 0; 1711.8158; 170; 147.6; 
567; 0; 1729.6426; 170; 147.8; 
567; 0; 1745.1279; 170; 148; 
567; 0; 1759.1071; 170; 148.2; 
567; 0; 1771.7999; 170; 148.4; 
567; 0; 1783.2083; 170; 148.6; 
567; 0; 1794.6265; 170; 148.8; 
567; 0; 1804.7589; 170; 149; 
567; 0; 1813.603; 170; 149.2; 
567; 0; 1822.45; 170; 149.4; 
567; 0; 1832.5911; 170; 149.6; 
567; 0; 1841.4359; 170; 149.8; 
567; 0; 1850.2769; 170; 150; 
567; 0; 1860.4069; 170; 150.2; 
567; 0; 1869.2383; 170; 150.4; 
567; 0; 1878.0652; 170; 150.6; 
567; 0; 1886.8885; 170; 150.8; 
567; 0; 1894.4155; 170; 151; 
567; 0; 1901.9411; 170; 151.2; 
567; 0; 1909.4663; 170; 151.4; 
567; 0; 1915.6979; 170; 151.6; 
567; 0; 1921.9301; 170; 151.8; 
567; 0; 1928.1633; 170; 152; 
567; 0; 1934.3973; 170; 152.2; 
567; 0; 1939.3386; 170; 152.4; 
567; 0; 1944.2803; 170; 152.6; 
567; 0; 1949.222; 170; 152.8; 
567; 0; 1952.8701; 170; 153; 
567; 0; 1957.8112; 170; 153.2; 
567; 0; 1961.4581; 170; 153.4; 
567; 0; 1966.3978; 170; 153.6; 
567; 0; 1970.0434; 170; 153.8; 
567; 0; 1973.6883; 170; 154; 
567; 0; 1976.0393; 170; 154.2; 
567; 0; 1979.6832; 170; 154.4; 
567; 0; 1983.3268; 170; 154.6; 
567; 0; 1985.677; 170; 154.8; 
567; 0; 1988.027; 170; 155; 
567; 0; 1990.377; 170; 155.2; 
567; 0; 1992.727; 170; 155.4; 
567; 0; 1995.0771; 170; 155.6; 
567; 0; 1996.1341; 170; 155.8; 
567; 0; 1998.4843; 170; 156; 
567; 0; 1999.5414; 170; 156.2; 
567; 0; 2001.8913; 170; 156.4; 
567; 0; 2002.9482; 170; 156.6; 
567; 0; 2004.0047; 170; 156.8; 
567; 0; 2005.0611; 170; 157; 
567; 0; 2006.1173; 170; 157.2; 
567; 0; 2007.1735; 170; 157.4; 
567; 0; 2008.2296; 170; 157.6; 
567; 0; 2009.2854; 170; 157.8; 
567; 0; 2010.3412; 170; 158; 
567; 0; 2010.1041; 170; 158.2; 
567; 0; 2011.1596; 170; 158.4; 
567; 0; 2010.9223; 170; 158.6; 
567; 0; 2011.9777; 170; 158.8; 
567; 0; 2011.7406; 170; 159; 
567; 0; 2012.7961; 170; 159.2; 
567; 0; 2012.5589; 170; 159.4; 
567; 0; 2012.3218; 170; 159.6; 
567; 0; 2013.377; 170; 159.8; 
567; 0; 2013.1398; 170; 160; 
567; 0; 2012.9027; 170; 160.2; 
567; 0; 2012.6655; 170; 160.4; 
567; 0; 2012.4283; 170; 160.6; 
567; 0; 2012.1911; 170; 160.8; 
567; 0; 2011.9539; 170; 161; 
567; 0; 2013.0089; 170; 161.2; 
567; 0; 2012.7722; 170; 161.4; 
567; 0; 2012.5367; 170; 161.6; 
567; 0; 2012.3033; 170; 161.8; 
567; 0; 2012.0731; 170; 162; 
567; 0; 2011.847; 170; 162.2; 
567; 0; 2011.6263; 170; 162.4; 
567; 0; 2011.4115; 170; 162.6; 
567; 0; 2011.2016; 170; 162.8; 
567; 0; 2012.2862; 170; 163; 
567; 0; 2014.662; 170; 163.2; 
567; 0; 2018.1962; 170; 163.4; 
567; 0; 2022.8176; 170; 163.6; 
567; 0; 2028.6368; 170; 163.8; 
567; 0; 2035.6533; 170; 164; 
567; 0; 2042.6608; 170; 164.2; 
567; 0; 2049.6597; 170; 164.4; 
567; 0; 2055.4456; 170; 164.6; 
567; 0; 2058.8169; 170; 164.8; 
567; 0; 2059.7876; 170; 165; 
567; 0; 2058.3649; 170; 165.2; 
567; 0; 2054.549; 170; 165.4; 
567; 0; 2047.1404; 170; 165.6; 
567; 0; 2038.5565; 170; 165.8; 
567; 0; 2027.5951; 170; 166; 
567; 0; 2014.1088; 170; 166.2; 
567; 0; 1995.9943; 170; 166.4; 
567; 0; 1976.629; 170; 166.6; 
567; 0; 1954.72; 170; 166.8; 
567; 0; 1931.5523; 170; 167; 
567; 0; 1908.4061; 170; 167.2; 
567; 0; 1889.1434; 170; 167.4; 
567; 0; 1873.7522; 170; 167.6; 
567; 0; 1863.5139; 170; 167.8; 
567; 0; 1859.713; 170; 168; 
567; 0; 1859.7616; 170; 168.2; 
567; 0; 1863.6566; 170; 168.4; 
567; 0; 1867.5215; 170; 168.6; 
567; 0; 1871.3572; 170; 168.8; 
567; 0; 1872.5854; 170; 169; 
567; 0; 1869.9234; 170; 169.2; 
567; 0; 1864.6742; 170; 169.4; 
567; 0; 1855.5579; 170; 169.6; 
567; 0; 1846.4587; 170; 169.8; 
567; 0; 1834.7993; 170; 170; 
567; 0; 1821.8728; 170; 170.2; 
567; 0; 1807.6771; 170; 170.4; 
567; 0; 1793.4985; 170; 170.6; 
567; 0; 1779.3304; 170; 170.8; 
567; 0; 1766.4578; 170; 171; 
567; 0; 1763.278; 170; 171.2; 
567; 0; 1752.9449; 170; 171.4; 
567; 0; 1743.8983; 170; 171.6; 
567; 0; 1736.1371; 170; 171.8; 
567; 0; 1728.0377; 170; 172; 
567; 0; 1721.0617; 170; 172.2; 
567; 0; 1714.0793; 170; 172.4; 
567; 0; 1705.6988; 170; 172.6; 
567; 0; 1698.7117; 170; 172.8; 
567; 0; 1691.7261; 170; 173; 
567; 0; 1683.3491; 170; 173.2; 
567; 0; 1676.3703; 170; 173.4; 
567; 0; 1668.0012; 170; 173.6; 
567; 0; 1661.0299; 170; 173.8; 
567; 0; 1654.0613; 170; 174; 
567; 0; 1647.0944; 170; 174.2; 
567; 0; 1640.1283; 170; 174.4; 
567; 0; 1633.3791; 170; 174.6; 
567; 0; 1627.9888; 170; 174.8; 
567; 0; 1622.5974; 170; 175; 
567; 0; 1618.5536; 170; 175.2; 
567; 0; 1613.1595; 170; 175.4; 
567; 0; 1609.1133; 170; 175.6; 
567; 0; 1605.0661; 170; 175.8; 
567; 0; 1601.0184; 170; 176; 
567; 0; 1596.9704; 170; 176.2; 
567; 0; 1594.2714; 170; 176.4; 
567; 0; 1590.2238; 170; 176.6; 
567; 0; 1587.5256; 170; 176.8; 
567; 0; 1584.8279; 170; 177; 
567; 0; 1582.1307; 170; 177.2; 
567; 0; 1579.4339; 170; 177.4; 
567; 0; 1576.7376; 170; 177.6; 
567; 0; 1574.0414; 170; 177.8; 
567; 0; 1571.3452; 170; 178; 
567; 0; 1569.9979; 170; 178.2; 
567; 0; 1567.3012; 170; 178.4; 
567; 0; 1565.9533; 170; 178.6; 
567; 0; 1563.2563; 170; 178.8; 
567; 0; 1561.908; 170; 179; 
567; 0; 1560.5599; 170; 179.2; 
567; 0; 1559.2118; 170; 179.4; 
567; 0; 1557.8637; 170; 179.6; 
567; 0; 1556.5158; 170; 179.8; 
567; 0; 1556.5168; 170; 180; 
567; 0; 1555.1688; 170; 180.2; 
567; 0; 1553.8208; 170; 180.4; 
567; 0; 1553.8219; 170; 180.6; 
567; 0; 1552.474; 170; 180.8; 
567; 0; 1552.4752; 170; 181; 
567; 0; 1551.1274; 170; 181.2; 
567; 0; 1551.1285; 170; 181.4; 
567; 0; 1549.7808; 170; 181.6; 
567; 0; 1549.7821; 170; 181.8; 
567; 0; 1549.7833; 170; 182; 
567; 0; 1549.7844; 170; 182.2; 
567; 0; 1548.4366; 170; 182.4; 
567; 0; 1548.4377; 170; 182.6; 
567; 0; 1548.4388; 170; 182.8; 
567; 0; 1548.44; 170; 183; 
567; 0; 1548.4412; 170; 183.2; 
567; 0; 1548.4425; 170; 183.4; 
567; 0; 1548.4436; 170; 183.6; 
567; 0; 1548.4447; 170; 183.8; 
567; 0; 1548.4458; 170; 184; 
567; 0; 1548.4469; 170; 184.2; 
567; 0; 1548.4479; 170; 184.4; 
567; 0; 1548.4489; 170; 184.6; 
567; 0; 1549.7989; 170; 184.8; 
567; 0; 1549.7999; 170; 185; 
567; 0; 1549.801; 170; 185.2; 
567; 0; 1549.8021; 170; 185.4; 
567; 0; 1549.8032; 170; 185.6; 
567; 0; 1549.8044; 170; 185.8; 
567; 0; 1551.1545; 170; 186; 
567; 0; 1551.1558; 170; 186.2; 
567; 0; 1551.157; 170; 186.4; 
567; 0; 1542.7791; 170; 186.6; 
567; 0; 1544.1256; 170; 186.8; 
567; 0; 1544.1267; 170; 187; 
567; 0; 1544.1278; 170; 187.2; 
567; 0; 1545.4742; 170; 187.4; 
567; 0; 1545.4752; 170; 187.6; 
567; 0; 1546.8216; 170; 187.8; 
567; 0; 1546.8227; 170; 188; 
567; 0; 1548.169; 170; 188.2; 
567; 0; 1548.17; 170; 188.4; 
567; 0; 1549.5163; 170; 188.6; 
567; 0; 1549.5174; 170; 188.8; 
567; 0; 1550.8638; 170; 189; 
567; 0; 1552.2101; 170; 189.2; 
567; 0; 1552.2111; 170; 189.4; 
567; 0; 1553.5575; 170; 189.6; 
567; 0; 1554.9039; 170; 189.8; 
567; 0; 1554.9051; 170; 190; 
567; 0; 1556.2515; 170; 190.2; 
567; 0; 1557.5979; 170; 190.4; 
567; 0; 1558.9446; 170; 190.6; 
567; 0; 1558.9463; 170; 190.8; 
567; 0; 1560.2935; 170; 191; 
567; 0; 1560.2953; 170; 191.2; 
567; 0; 1561.6422; 170; 191.4; 
567; 0; 1562.9888; 170; 191.6; 
567; 0; 1562.9898; 170; 191.8; 
567; 0; 1564.3356; 170; 192; 
567; 0; 1565.6812; 170; 192.2; 
567; 0; 1565.6814; 170; 192.4; 
567; 0; 1567.0271; 170; 192.6; 
567; 0; 1567.0276; 170; 192.8; 
567; 0; 1568.3735; 170; 193; 
567; 0; 1568.3743; 170; 193.2; 
567; 0; 1569.7205; 170; 193.4; 
567; 0; 1569.7213; 170; 193.6; 
567; 0; 1571.0675; 170; 193.8; 
567; 0; 1571.0685; 170; 194; 
567; 0; 1572.4148; 170; 194.2; 
567; 0; 1572.4158; 170; 194.4; 
567; 0; 1573.7621; 170; 194.6; 
567; 0; 1573.763; 170; 194.8; 
567; 0; 1573.764; 170; 195; 
567; 0; 1575.1102; 170; 195.2; 
567; 0; 1575.1112; 170; 195.4; 
567; 0; 1576.4575; 170; 195.6; 
567; 0; 1576.4586; 170; 195.8; 
567; 0; 1576.4596; 170; 196; 
567; 0; 1577.8059; 170; 196.2; 
567; 0; 1577.8068; 170; 196.4; 
567; 0; 1577.8078; 170; 196.6; 
567; 0; 1577.8087; 170; 196.8; 
567; 0; 1579.1549; 170; 197; 
567; 0; 1579.1557; 170; 197.2; 
567; 0; 1579.1565; 170; 197.4; 
567; 0; 1580.5027; 170; 197.6; 
567; 0; 1580.5036; 170; 197.8; 
567; 0; 1580.5045; 170; 198; 
567; 0; 1580.5053; 170; 198.2; 
567; 0; 1581.8514; 170; 198.4; 
567; 0; 1581.852; 170; 198.6; 
567; 0; 1581.8527; 170; 198.8; 
567; 0; 1581.8535; 170; 199; 
567; 0; 1583.1996; 170; 199.2; 
567; 0; 1583.2006; 170; 199.4; 
567; 0; 1583.2016; 170; 199.6; 
567; 0; 1583.2025; 170; 199.8; 
567; 0; 1583.2034; 170; 200; 
567; 0; 1584.5496; 170; 200.2; 
567; 0; 1584.5504; 170; 200.4; 
567; 0; 1584.5512; 170; 200.6; 
567; 0; 1584.552; 170; 200.8; 
567; 0; 1584.5528; 170; 201; 
567; 0; 1584.5536; 170; 201.2; 
567; 0; 1585.8996; 170; 201.4; 
567; 0; 1585.9004; 170; 201.6; 
567; 0; 1585.9012; 170; 201.8; 
567; 0; 1585.9019; 170; 202; 
567; 0; 1585.9025; 170; 202.2; 
567; 0; 1585.9033; 170; 202.4; 
567; 0; 1587.2494; 170; 202.6; 
567; 0; 1587.2501; 170; 202.8; 
567; 0; 1587.251; 170; 203; 
567; 0; 1587.2519; 170; 203.2; 
567; 0; 1587.2528; 170; 203.4; 
567; 0; 1587.2537; 170; 203.6; 
567; 0; 1587.2544; 170; 203.8; 
567; 0; 1587.2551; 170; 204; 
567; 0; 1588.6011; 170; 204.2; 
567; 0; 1588.6017; 170; 204.4; 
567; 0; 1588.6024; 170; 204.6; 
567; 0; 1588.6033; 170; 204.8; 
567; 0; 1588.6042; 170; 205; 
567; 0; 1588.605; 170; 205.2; 
567; 0; 1588.6058; 170; 205.4; 
567; 0; 1588.6066; 170; 205.6; 
567; 0; 1588.6074; 170; 205.8; 
567; 0; 1588.6081; 170; 206; 
567; 0; 1589.9542; 170; 206.2; 
567; 0; 1589.9548; 170; 206.4; 
567; 0; 1589.9553; 170; 206.6; 
567; 0; 1589.9559; 170; 206.8; 
567; 0; 1589.9565; 170; 207; 
567; 0; 1589.9572; 170; 207.2; 
567; 0; 1589.958; 170; 207.4; 
567; 0; 1589.9587; 170; 207.6; 
567; 0; 1589.9594; 170; 207.8; 
567; 0; 1589.9602; 170; 208; 
567; 0; 1591.3063; 170; 208.2; 
567; 0; 1591.3071; 170; 208.4; 
567; 0; 1591.3079; 170; 208.6; 
567; 0; 1591.3086; 170; 208.8; 
567; 0; 1591.3094; 170; 209; 
567; 0; 1592.6554; 170; 209.2; 
567; 0; 1592.6562; 170; 209.4; 
567; 0; 1592.657; 170; 209.6; 
567; 0; 1592.6577; 170; 209.8; 
567; 0; 1592.6584; 170; 210; 
567; 0; 1592.6591; 170; 210.2; 
567; 0; 1592.6599; 170; 210.4; 
567; 0; 1594.006; 170; 210.6; 
567; 0; 1594.0067; 170; 210.8; 
567; 0; 1594.0073; 170; 211; 
567; 0; 1594.0078; 170; 211.2; 
567; 0; 1594.0082; 170; 211.4; 
567; 0; 1594.0088; 170; 211.6; 
567; 0; 1594.0094; 170; 211.8; 
567; 0; 1594.0101; 170; 212; 
567; 0; 1594.0109; 170; 212.2; 
567; 0; 1594.0117; 170; 212.4; 
567; 0; 1595.3578; 170; 212.6; 
567; 0; 1595.3585; 170; 212.8; 
567; 0; 1595.3592; 170; 213; 
567; 0; 1595.36; 170; 213.2; 
567; 0; 1595.3608; 170; 213.4; 
567; 0; 1595.3615; 170; 213.6; 
567; 0; 1595.3621; 170; 213.8; 
567; 0; 1595.3627; 170; 214; 
567; 0; 1595.3634; 170; 214.2; 
567; 0; 1595.3641; 170; 214.4; 
567; 0; 1595.3648; 170; 214.6; 
567; 0; 1595.3655; 170; 214.8; 
567; 0; 1595.3661; 170; 215; 
567; 0; 1595.3668; 170; 215.2; 
567; 0; 1595.3674; 170; 215.4; 
567; 0; 1595.368; 170; 215.6; 
567; 0; 1595.3687; 170; 215.8; 
567; 0; 1595.3694; 170; 216; 
567; 0; 1595.37; 170; 216.2; 
567; 0; 1595.3706; 170; 216.4; 
567; 0; 1595.3713; 170; 216.6; 
567; 0; 1595.3718; 170; 216.8; 
567; 0; 1595.3723; 170; 217; 
567; 0; 1595.373; 170; 217.2; 
567; 0; 1595.3738; 170; 217.4; 
567; 0; 1595.3746; 170; 217.6; 
567; 0; 1596.7205; 170; 217.8; 
567; 0; 1596.7216; 170; 218; 
567; 0; 1596.7236; 170; 218.2; 
567; 0; 1598.0728; 170; 218.4; 
567; 0; 1598.0793; 170; 218.6; 
567; 0; 1598.0894; 170; 218.8; 
567; 0; 1599.4497; 170; 219; 
567; 0; 1599.4706; 170; 219.2; 
567; 0; 1599.4973; 170; 219.4; 
567; 0; 1599.5279; 170; 219.6; 
567; 0; 1602.25; 170; 219.8; 
567; 0; 1604.9696; 170; 220; 
567; 0; 1610.3742; 170; 220.2; 
567; 0; 1617.1159; 170; 220.4; 
567; 0; 1625.1932; 170; 220.6; 
567; 0; 1633.2932; 170; 220.8; 
567; 0; 1643.0083; 170; 221; 
567; 0; 1649.9371; 170; 221.2; 
567; 0; 1658.2508; 170; 221.4; 
567; 0; 1663.7831; 170; 221.6; 
567; 0; 1667.9262; 170; 221.8; 
567; 0; 1672.0724; 170; 222; 
567; 0; 1674.834; 170; 222.2; 
567; 0; 1676.2122; 170; 222.4; 
567; 0; 1677.5974; 170; 222.6; 
567; 0; 1677.5993; 170; 222.8; 
567; 0; 1677.6069; 170; 223; 
567; 0; 1677.6186; 170; 223.2; 
567; 0; 1679.0226; 170; 223.4; 
567; 0; 1680.4273; 170; 223.6; 
567; 0; 1681.8311; 170; 223.8; 
567; 0; 1683.2326; 170; 224; 
567; 0; 1686.0205; 170; 224.2; 
567; 0; 1688.8047; 170; 224.4; 
567; 0; 1692.9744; 170; 224.6; 
567; 0; 1695.7498; 170; 224.8; 
567; 0; 1698.52; 170; 225; 
567; 0; 1701.2851; 170; 225.2; 
567; 0; 1704.0459; 170; 225.4; 
567; 0; 1705.4144; 170; 225.6; 
567; 0; 1705.3928; 170; 225.8; 
567; 0; 1703.9831; 170; 226; 
567; 0; 1702.5772; 170; 226.2; 
567; 0; 1699.7867; 170; 226.4; 
567; 0; 1697.0022; 170; 226.6; 
567; 0; 1694.2237; 170; 226.8; 
567; 0; 1690.0609; 170; 227; 
567; 0; 1685.9022; 170; 227.2; 
567; 0; 1681.7459; 170; 227.4; 
567; 0; 1678.9799; 170; 227.6; 
567; 0; 1676.2128; 170; 227.8; 
567; 0; 1673.4433; 170; 228; 
567; 0; 1672.0603; 170; 228.2; 
567; 0; 1669.284; 170; 228.4; 
567; 0; 1667.8941; 170; 228.6; 
567; 0; 1666.5016; 170; 228.8; 
567; 0; 1663.7174; 170; 229; 
567; 0; 1662.322; 170; 229.2; 
567; 0; 1660.9264; 170; 229.4; 
567; 0; 1658.1417; 170; 229.6; 
567; 0; 1655.3583; 170; 229.8; 
567; 0; 1653.9661; 170; 230; 
567; 0; 1651.186; 170; 230.2; 
567; 0; 1648.4073; 170; 230.4; 
567; 0; 1645.6296; 170; 230.6; 
567; 0; 1642.8527; 170; 230.8; 
567; 0; 1641.4658; 170; 231; 
567; 0; 1638.6891; 170; 231.2; 
567; 0; 1637.3017; 170; 231.4; 
567; 0; 1634.5241; 170; 231.6; 
567; 0; 1633.1356; 170; 231.8; 
567; 0; 1631.7483; 170; 232; 
567; 0; 1629.0576; 170; 232.2; 
567; 0; 1627.7119; 170; 232.4; 
567; 0; 1626.3659; 170; 232.6; 
567; 0; 1625.0199; 170; 232.8; 
567; 0; 1623.6739; 170; 233; 
567; 0; 1622.3279; 170; 233.2; 
567; 0; 1620.9822; 170; 233.4; 
567; 0; 1619.6368; 170; 233.6; 
567; 0; 1618.2917; 170; 233.8; 
567; 0; 1616.9469; 170; 234; 
567; 0; 1615.6022; 170; 234.2; 
567; 0; 1614.2576; 170; 234.4; 
567; 0; 1612.9131; 170; 234.6; 
567; 0; 1611.5686; 170; 234.8; 
567; 0; 1610.224; 170; 235; 
567; 0; 1608.8792; 170; 235.2; 
567; 0; 1608.8796; 170; 235.4; 
567; 0; 1607.5346; 170; 235.6; 
567; 0; 1606.1895; 170; 235.8; 
567; 0; 1606.1897; 170; 236; 
567; 0; 1604.8446; 170; 236.2; 
567; 0; 1603.4996; 170; 236.4; 
567; 0; 1603.4999; 170; 236.6; 
567; 0; 1602.155; 170; 236.8; 
567; 0; 1602.1553; 170; 237; 
567; 0; 1600.8104; 170; 237.2; 
567; 0; 1600.8109; 170; 237.4; 
567; 0; 1599.4661; 170; 237.6; 
567; 0; 1599.4666; 170; 237.8; 
567; 0; 1598.1217; 170; 238; 
567; 0; 1598.1222; 170; 238.2; 
567; 0; 1598.1228; 170; 238.4; 
567; 0; 1596.778; 170; 238.6; 
567; 0; 1596.7787; 170; 238.8; 
567; 0; 1596.7793; 170; 239; 
567; 0; 1595.4345; 170; 239.2; 
567; 0; 1595.435; 170; 239.4; 
567; 0; 1595.4355; 170; 239.6; 
567; 0; 1594.0906; 170; 239.8; 
567; 0; 1594.0912; 170; 240; 
567; 0; 1594.0918; 170; 240.2; 
567; 0; 1594.0923; 170; 240.4; 
567; 0; 1592.7473; 170; 240.6; 
567; 0; 1592.7478; 170; 240.8; 
567; 0; 1592.7484; 170; 241; 
567; 0; 1592.749; 170; 241.2; 
567; 0; 1591.4042; 170; 241.4; 
567; 0; 1591.4049; 170; 241.6; 
567; 0; 1591.4056; 170; 241.8; 
567; 0; 1591.4062; 170; 242; 
567; 0; 1591.4068; 170; 242.2; 
567; 0; 1591.4074; 170; 242.4; 
567; 0; 1591.408; 170; 242.6; 
567; 0; 1590.0632; 170; 242.8; 
567; 0; 1590.0638; 170; 243; 
567; 0; 1590.0643; 170; 243.2; 
567; 0; 1590.0648; 170; 243.4; 
567; 0; 1590.0653; 170; 243.6; 
567; 0; 1590.0658; 170; 243.8; 
567; 0; 1590.0663; 170; 244; 
567; 0; 1590.0667; 170; 244.2; 
567; 0; 1590.0672; 170; 244.4; 
567; 0; 1590.0678; 170; 244.6; 
567; 0; 1590.0685; 170; 244.8; 
567; 0; 1590.0693; 170; 245; 
567; 0; 1590.07; 170; 245.2; 
567; 0; 1590.0707; 170; 245.4; 
567; 0; 1588.726; 170; 245.6; 
567; 0; 1588.7265; 170; 245.8; 
567; 0; 1588.727; 170; 246; 
567; 0; 1590.0729; 170; 246.2; 
567; 0; 1590.074; 170; 246.4; 
567; 0; 1591.4216; 170; 246.6; 
567; 0; 1591.4261; 170; 246.8; 
567; 0; 1591.4337; 170; 247; 
567; 0; 1591.444; 170; 247.2; 
567; 0; 1591.456; 170; 247.4; 
567; 0; 1591.4681; 170; 247.6; 
567; 0; 1591.4783; 170; 247.8; 
567; 0; 1592.83; 170; 248; 
567; 0; 1595.5223; 170; 248.2; 
567; 0; 1596.8642; 170; 248.4; 
567; 0; 1598.2018; 170; 248.6; 
567; 0; 1600.8817; 170; 248.8; 
567; 0; 1602.2145; 170; 249; 
567; 0; 1603.547; 170; 249.2; 
567; 0; 1603.5354; 170; 249.4; 
567; 0; 1604.8715; 170; 249.6; 
567; 0; 1604.8653; 170; 249.8; 
567; 0; 1603.5169; 170; 250; 
567; 0; 1603.5167; 170; 250.2; 
567; 0; 1603.5191; 170; 250.4; 
567; 0; 1602.1778; 170; 250.6; 
567; 0; 1602.1826; 170; 250.8; 
567; 0; 1602.1874; 170; 251; 
567; 0; 1600.8464; 170; 251.2; 
567; 0; 1600.85; 170; 251.4; 
567; 0; 1600.8526; 170; 251.6; 
567; 0; 1600.8542; 170; 251.8; 
567; 0; 1599.5095; 170; 252; 
567; 0; 1599.5095; 170; 252.2; 
567; 0; 1599.509; 170; 252.4; 
567; 0; 1599.5084; 170; 252.6; 
567; 0; 1599.5079; 170; 252.8; 
567; 0; 1599.5077; 170; 253; 
567; 0; 1598.1624; 170; 253.2; 
567; 0; 1598.1627; 170; 253.4; 
567; 0; 1598.1633; 170; 253.6; 
567; 0; 1598.164; 170; 253.8; 
567; 0; 1596.8196; 170; 254; 
567; 0; 1596.8204; 170; 254.2; 
567; 0; 1596.8212; 170; 254.4; 
567; 0; 1596.8219; 170; 254.6; 
567; 0; 1596.8227; 170; 254.8; 
567; 0; 1595.4781; 170; 255; 
567; 0; 1595.4789; 170; 255.2; 
567; 0; 1595.4795; 170; 255.4; 
567; 0; 1595.48; 170; 255.6; 
567; 0; 1595.4806; 170; 255.8; 
567; 0; 1595.4811; 170; 256; 
567; 0; 1595.4815; 170; 256.2; 
567; 0; 1594.1365; 170; 256.4; 
567; 0; 1594.137; 170; 256.6; 
567; 0; 1594.1375; 170; 256.8; 
567; 0; 1594.1381; 170; 257; 
567; 0; 1594.1387; 170; 257.2; 
567; 0; 1594.1392; 170; 257.4; 
567; 0; 1594.1402; 170; 257.6; 
567; 0; 1595.4878; 170; 257.8; 
567; 0; 1595.4919; 170; 258; 
567; 0; 1595.499; 170; 258.2; 
567; 0; 1595.51; 170; 258.4; 
567; 0; 1596.8716; 170; 258.6; 
567; 0; 1595.5486; 170; 258.8; 
567; 0; 1596.9219; 170; 259; 
567; 0; 1596.953; 170; 259.2; 
567; 0; 1599.675; 170; 259.4; 
567; 0; 1603.7389; 170; 259.6; 
567; 0; 1609.1415; 170; 259.8; 
567; 0; 1615.8805; 170; 260; 
567; 0; 1623.9548; 170; 260.2; 
567; 0; 1633.3912; 170; 260.4; 
567; 0; 1641.7142; 170; 260.6; 
567; 0; 1648.6411; 170; 260.8; 
567; 0; 1655.5642; 170; 261; 
567; 0; 1661.0964; 170; 261.2; 
567; 0; 1666.63; 170; 261.4; 
567; 0; 1669.388; 170; 261.6; 
567; 0; 1672.1515; 170; 261.8; 
567; 0; 1673.532; 170; 262; 
567; 0; 1673.5296; 170; 262.2; 
567; 0; 1673.5335; 170; 262.4; 
567; 0; 1674.9324; 170; 262.6; 
567; 0; 1674.945; 170; 262.8; 
567; 0; 1676.3492; 170; 263; 
567; 0; 1677.7533; 170; 263.2; 
567; 0; 1679.156; 170; 263.4; 
567; 0; 1681.9457; 170; 263.6; 
567; 0; 1683.3423; 170; 263.8; 
567; 0; 1687.5146; 170; 264; 
567; 0; 1690.2935; 170; 264.2; 
567; 0; 1693.0695; 170; 264.4; 
567; 0; 1695.8431; 170; 264.6; 
567; 0; 1697.2258; 170; 264.8; 
567; 0; 1698.608; 170; 265; 
567; 0; 1701.3806; 170; 265.2; 
567; 0; 1701.3748; 170; 265.4; 
567; 0; 1702.7605; 170; 265.6; 
567; 0; 1702.7584; 170; 265.8; 
567; 0; 1702.7584; 170; 266; 
567; 0; 1702.7602; 170; 266.2; 
567; 0; 1702.7635; 170; 266.4; 
567; 0; 1702.7677; 170; 266.6; 
567; 0; 1704.162; 170; 266.8; 
567; 0; 1704.1665; 170; 267; 
567; 0; 1704.1704; 170; 267.2; 
567; 0; 1705.5632; 170; 267.4; 
567; 0; 1705.5652; 170; 267.6; 
567; 0; 1706.9558; 170; 267.8; 
567; 0; 1708.3449; 170; 268; 
567; 0; 1709.7318; 170; 268.2; 
567; 0; 1711.1155; 170; 268.4; 
567; 0; 1711.1057; 170; 268.6; 
567; 0; 1712.4819; 170; 268.8; 
567; 0; 1712.4654; 170; 269; 
567; 0; 1711.0576; 170; 269.2; 
567; 0; 1709.6503; 170; 269.4; 
567; 0; 1708.2452; 170; 269.6; 
567; 0; 1704.0645; 170; 269.8; 
567; 0; 1701.2783; 170; 270; 
567; 0; 1697.1076; 170; 270.2; 
567; 0; 1692.9418; 170; 270.4; 
567; 0; 1688.78; 170; 270.6; 
567; 0; 1683.2312; 170; 270.8; 
567; 0; 1679.0732; 170; 271; 
567; 0; 1676.3047; 170; 271.2; 
567; 0; 1672.145; 170; 271.4; 
567; 0; 1669.3727; 170; 271.6; 
567; 0; 1666.5976; 170; 271.8; 
567; 0; 1663.8198; 170; 272; 
567; 0; 1661.0396; 170; 272.2; 
567; 0; 1659.6473; 170; 272.4; 
567; 0; 1656.864; 170; 272.6; 
567; 0; 1654.0804; 170; 272.8; 
567; 0; 1651.2969; 170; 273; 
567; 0; 1649.9039; 170; 273.2; 
567; 0; 1647.1222; 170; 273.4; 
567; 0; 1644.3417; 170; 273.6; 
567; 0; 1641.5624; 170; 273.8; 
567; 0; 1638.784; 170; 274; 
567; 0; 1636.0064; 170; 274.2; 
567; 0; 1633.2291; 170; 274.4; 
567; 0; 1631.8495; 170; 274.6; 
567; 0; 1629.161; 170; 274.8; 
567; 0; 1627.8175; 170; 275; 
567; 0; 1625.128; 170; 275.2; 
567; 0; 1623.7832; 170; 275.4; 
567; 0; 1622.4378; 170; 275.6; 
567; 0; 1621.0921; 170; 275.8; 
567; 0; 1619.746; 170; 276; 
567; 0; 1618.3999; 170; 276.2; 
567; 0; 1617.0538; 170; 276.4; 
567; 0; 1615.7081; 170; 276.6; 
567; 0; 1614.3627; 170; 276.8; 
567; 0; 1613.0175; 170; 277; 
567; 0; 1611.6726; 170; 277.2; 
567; 0; 1610.3279; 170; 277.4; 
567; 0; 1608.9834; 170; 277.6; 
567; 0; 1607.6389; 170; 277.8; 
567; 0; 1606.2943; 170; 278; 
567; 0; 1604.9495; 170; 278.2; 
567; 0; 1604.9499; 170; 278.4; 
567; 0; 1603.6049; 170; 278.6; 
567; 0; 1602.2597; 170; 278.8; 
567; 0; 1602.2597; 170; 279; 
567; 0; 1600.9145; 170; 279.2; 
567; 0; 1599.5692; 170; 279.4; 
567; 0; 1599.5695; 170; 279.6; 
567; 0; 1598.2244; 170; 279.8; 
567; 0; 1598.2247; 170; 280; 
567; 0; 1596.8797; 170; 280.2; 
567; 0; 1596.8801; 170; 280.4; 
567; 0; 1595.5352; 170; 280.6; 
567; 0; 1595.5356; 170; 280.8; 
567; 0; 1595.5359; 170; 281; 
567; 0; 1594.1909; 170; 281.2; 
567; 0; 1594.1912; 170; 281.4; 
567; 0; 1592.8463; 170; 281.6; 
567; 0; 1592.8467; 170; 281.8; 
567; 0; 1592.847; 170; 282; 
567; 0; 1592.8473; 170; 282.2; 
567; 0; 1591.5024; 170; 282.4; 
567; 0; 1591.5028; 170; 282.6; 
567; 0; 1591.5032; 170; 282.8; 
567; 0; 1591.5037; 170; 283; 
567; 0; 1590.159; 170; 283.2; 
567; 0; 1590.1595; 170; 283.4; 
567; 0; 1590.16; 170; 283.6; 
567; 0; 1590.1604; 170; 283.8; 
567; 0; 1590.1607; 170; 284; 
567; 0; 1588.8157; 170; 284.2; 
567; 0; 1588.816; 170; 284.4; 
567; 0; 1588.8163; 170; 284.6; 
567; 0; 1588.8167; 170; 284.8; 
567; 0; 1588.817; 170; 285; 
567; 0; 1588.8174; 170; 285.2; 
567; 0; 1588.8178; 170; 285.4; 
567; 0; 1588.8182; 170; 285.6; 
567; 0; 1588.8186; 170; 285.8; 
567; 0; 1588.8191; 170; 286; 
567; 0; 1587.4742; 170; 286.2; 
567; 0; 1587.4747; 170; 286.4; 
567; 0; 1587.4752; 170; 286.6; 
567; 0; 1587.4757; 170; 286.8; 
567; 0; 1587.4761; 170; 287; 
567; 0; 1587.4765; 170; 287.2; 
567; 0; 1587.477; 170; 287.4; 
567; 0; 1587.4775; 170; 287.6; 
567; 0; 1587.4779; 170; 287.8; 
567; 0; 1587.4784; 170; 288; 
567; 0; 1587.4789; 170; 288.2; 
567; 0; 1588.8249; 170; 288.4; 
567; 0; 1588.8258; 170; 288.6; 
567; 0; 1588.8273; 170; 288.8; 
567; 0; 1588.8295; 170; 289; 
567; 0; 1588.8319; 170; 289.2; 
567; 0; 1588.8344; 170; 289.4; 
567; 0; 1588.8367; 170; 289.6; 
567; 0; 1588.8383; 170; 289.8; 
567; 0; 1590.1843; 170; 290; 
567; 0; 1590.184; 170; 290.2; 
567; 0; 1590.1828; 170; 290.4; 
567; 0; 1590.1811; 170; 290.6; 
567; 0; 1591.5244; 170; 290.8; 
567; 0; 1591.5224; 170; 291; 
567; 0; 1591.5206; 170; 291.2; 
567; 0; 1591.5194; 170; 291.4; 
567; 0; 1591.5187; 170; 291.6; 
567; 0; 1591.5186; 170; 291.8; 
567; 0; 1591.5191; 170; 292; 
567; 0; 1591.52; 170; 292.2; 
567; 0; 1591.5211; 170; 292.4; 
567; 0; 1591.5224; 170; 292.6; 
567; 0; 1590.1784; 170; 292.8; 
567; 0; 1590.1796; 170; 293; 
567; 0; 1590.1807; 170; 293.2; 
567; 0; 1590.1816; 170; 293.4; 
567; 0; 1590.1824; 170; 293.6; 
567; 0; 1590.183; 170; 293.8; 
567; 0; 1590.1834; 170; 294; 
567; 0; 1590.1838; 170; 294.2; 
567; 0; 1590.1842; 170; 294.4; 
567; 0; 1590.1846; 170; 294.6; 
567; 0; 1590.185; 170; 294.8; 
567; 0; 1590.1854; 170; 295; 
567; 0; 1590.1859; 170; 295.2; 
567; 0; 1590.1863; 170; 295.4; 
567; 0; 1590.1866; 170; 295.6; 
567; 0; 1590.1869; 170; 295.8; 
567; 0; 1590.1874; 170; 296; 
567; 0; 1590.188; 170; 296.2; 
567; 0; 1590.1885; 170; 296.4; 
567; 0; 1590.1891; 170; 296.6; 
567; 0; 1590.1896; 170; 296.8; 
567; 0; 1590.19; 170; 297; 
567; 0; 1590.1904; 170; 297.2; 
567; 0; 1590.1909; 170; 297.4; 
567; 0; 1590.1913; 170; 297.6; 
567; 0; 1590.1916; 170; 297.8; 
567; 0; 1590.1919; 170; 298; 
567; 0; 1591.5381; 170; 298.2; 
567; 0; 1591.5402; 170; 298.4; 
567; 0; 1591.545; 170; 298.6; 
567; 0; 1592.8988; 170; 298.8; 
567; 0; 1592.912; 170; 299; 
567; 0; 1592.9311; 170; 299.2; 
567; 0; 1592.9563; 170; 299.4; 
567; 0; 1594.3313; 170; 299.6; 
567; 0; 1595.708; 170; 299.8; 
567; 0; 1599.7737; 170; 300; 
567; 0; 1603.8342; 170; 300.2; 
567; 0; 1610.5775; 170; 300.4; 
567; 0; 1618.6566; 170; 300.6; 
567; 0; 1626.7255; 170; 300.8; 
567; 0; 1634.8517; 170; 301; 
567; 0; 1643.1714; 170; 301.2; 
567; 0; 1650.0963; 170; 301.4; 
567; 0; 1655.629; 170; 301.6; 
567; 0; 1661.1622; 170; 301.8; 
567; 0; 1663.9187; 170; 302; 
567; 0; 1666.6802; 170; 302.2; 
567; 0; 1669.4478; 170; 302.4; 
567; 0; 1669.4427; 170; 302.6; 
567; 0; 1670.8338; 170; 302.8; 
567; 0; 1670.8408; 170; 303; 
567; 0; 1670.8518; 170; 303.2; 
567; 0; 1672.255; 170; 303.4; 
567; 0; 1673.6589; 170; 303.6; 
567; 0; 1675.0619; 170; 303.8; 
567; 0; 1676.4626; 170; 304; 
567; 0; 1679.2499; 170; 304.2; 
567; 0; 1682.0336; 170; 304.4; 
567; 0; 1686.2034; 170; 304.6; 
567; 0; 1688.9801; 170; 304.8; 
567; 0; 1691.7543; 170; 305; 
567; 0; 1693.1372; 170; 305.2; 
567; 0; 1695.9092; 170; 305.4; 
567; 0; 1697.2917; 170; 305.6; 
567; 0; 1698.6752; 170; 305.8; 
567; 0; 1698.6707; 170; 306; 
567; 0; 1698.6681; 170; 306.2; 
567; 0; 1700.0573; 170; 306.4; 
567; 0; 1700.0587; 170; 306.6; 
567; 0; 1700.0615; 170; 306.8; 
567; 0; 1700.0655; 170; 307; 
567; 0; 1700.07; 170; 307.2; 
567; 0; 1700.0746; 170; 307.4; 
567; 0; 1701.4683; 170; 307.6; 
567; 0; 1701.4715; 170; 307.8; 
567; 0; 1702.8632; 170; 308; 
567; 0; 1704.2539; 170; 308.2; 
567; 0; 1704.2538; 170; 308.4; 
567; 0; 1705.6425; 170; 308.6; 
567; 0; 1705.6408; 170; 308.8; 
567; 0; 1707.0284; 170; 309; 
567; 0; 1707.0262; 170; 309.2; 
567; 0; 1707.0241; 170; 309.4; 
567; 0; 1707.0225; 170; 309.6; 
567; 0; 1707.0215; 170; 309.8; 
567; 0; 1707.0212; 170; 310; 
567; 0; 1707.0215; 170; 310.2; 
567; 0; 1707.0223; 170; 310.4; 
567; 0; 1707.0236; 170; 310.6; 
567; 0; 1707.0252; 170; 310.8; 
567; 0; 1707.0269; 170; 311; 
567; 0; 1707.0286; 170; 311.2; 
567; 0; 1707.0299; 170; 311.4; 
567; 0; 1707.0309; 170; 311.6; 
567; 0; 1708.4213; 170; 311.8; 
567; 0; 1708.4215; 170; 312; 
567; 0; 1708.4214; 170; 312.2; 
567; 0; 1708.421; 170; 312.4; 
567; 0; 1708.4204; 170; 312.6; 
567; 0; 1708.4198; 170; 312.8; 
567; 0; 1708.4192; 170; 313; 
567; 0; 1708.4188; 170; 313.2; 
567; 0; 1708.4184; 170; 313.4; 
567; 0; 1708.418; 170; 313.6; 
567; 0; 1708.4166; 170; 313.8; 
567; 0; 1709.8024; 170; 314; 
567; 0; 1709.7949; 170; 314.2; 
567; 0; 1709.7833; 170; 314.4; 
567; 0; 1709.768; 170; 314.6; 
567; 0; 1708.3606; 170; 314.8; 
567; 0; 1706.9529; 170; 315; 
567; 0; 1704.1571; 170; 315.2; 
567; 0; 1699.975; 170; 315.4; 
567; 0; 1697.1872; 170; 315.6; 
567; 0; 1693.0149; 170; 315.8; 
567; 0; 1687.4578; 170; 316; 
567; 0; 1683.2946; 170; 316.2; 
567; 0; 1679.1344; 170; 316.4; 
567; 0; 1673.5859; 170; 316.6; 
567; 0; 1669.4274; 170; 316.8; 
567; 0; 1665.2677; 170; 317; 
567; 0; 1662.4957; 170; 317.2; 
567; 0; 1659.7213; 170; 317.4; 
567; 0; 1655.5544; 170; 317.6; 
567; 0; 1652.7749; 170; 317.8; 
567; 0; 1649.9937; 170; 318; 
567; 0; 1647.2114; 170; 318.2; 
567; 0; 1645.8184; 170; 318.4; 
567; 0; 1643.0359; 170; 318.6; 
567; 0; 1640.2538; 170; 318.8; 
567; 0; 1637.4726; 170; 319; 
567; 0; 1634.6924; 170; 319.2; 
567; 0; 1631.9253; 170; 319.4; 
567; 0; 1629.2356; 170; 319.6; 
567; 0; 1626.5464; 170; 319.8; 
567; 0; 1623.8575; 170; 320; 
567; 0; 1622.514; 170; 320.2; 
567; 0; 1619.8251; 170; 320.4; 
567; 0; 1618.4814; 170; 320.6; 
567; 0; 1617.1372; 170; 320.8; 
567; 0; 1614.4472; 170; 321; 
567; 0; 1613.1021; 170; 321.2; 
567; 0; 1611.7567; 170; 321.4; 
567; 0; 1610.4112; 170; 321.6; 
567; 0; 1609.0656; 170; 321.8; 
567; 0; 1607.7198; 170; 322; 
567; 0; 1606.3742; 170; 322.2; 
567; 0; 1605.0287; 170; 322.4; 
567; 0; 1603.6833; 170; 322.6; 
567; 0; 1602.3381; 170; 322.8; 
567; 0; 1600.993; 170; 323; 
567; 0; 1599.6482; 170; 323.2; 
567; 0; 1598.3034; 170; 323.4; 
567; 0; 1598.3038; 170; 323.6; 
567; 0; 1596.9589; 170; 323.8; 
567; 0; 1595.6139; 170; 324; 
567; 0; 1595.6142; 170; 324.2; 
567; 0; 1594.2692; 170; 324.4; 
567; 0; 1594.2695; 170; 324.6; 
567; 0; 1592.9244; 170; 324.8; 
567; 0; 1592.9248; 170; 325; 
567; 0; 1591.5797; 170; 325.2; 
567; 0; 1591.5799; 170; 325.4; 
567; 0; 1590.2349; 170; 325.6; 
567; 0; 1590.2352; 170; 325.8; 
567; 0; 1590.2354; 170; 326; 
567; 0; 1588.8904; 170; 326.2; 
567; 0; 1588.8907; 170; 326.4; 
567; 0; 1588.891; 170; 326.6; 
567; 0; 1587.5459; 170; 326.8; 
567; 0; 1587.5461; 170; 327; 
567; 0; 1587.5463; 170; 327.2; 
567; 0; 1587.5466; 170; 327.4; 
567; 0; 1586.2016; 170; 327.6; 
567; 0; 1586.2019; 170; 327.8; 
567; 0; 1586.2024; 170; 328; 
567; 0; 1586.2028; 170; 328.2; 
567; 0; 1586.2032; 170; 328.4; 
567; 0; 1586.2035; 170; 328.6; 
567; 0; 1584.8585; 170; 328.8; 
567; 0; 1584.8589; 170; 329; 
567; 0; 1584.8592; 170; 329.2; 
567; 0; 1584.8594; 170; 329.4; 
567; 0; 1584.8598; 170; 329.6; 
567; 0; 1584.8603; 170; 329.8; 
567; 0; 1584.8608; 170; 330; 
567; 0; 1584.8613; 170; 330.2; 
567; 0; 1584.8618; 170; 330.4; 
567; 0; 1584.8622; 170; 330.6; 
567; 0; 1584.8626; 170; 330.8; 
567; 0; 1584.8629; 170; 331; 
567; 0; 1583.5179; 170; 331.2; 
567; 0; 1583.5181; 170; 331.4; 
567; 0; 1583.5183; 170; 331.6; 
567; 0; 1583.5185; 170; 331.8; 
567; 0; 1583.5188; 170; 332; 
567; 0; 1583.5192; 170; 332.2; 
567; 0; 1583.5196; 170; 332.4; 
567; 0; 1583.5201; 170; 332.6; 
567; 0; 1583.5205; 170; 332.8; 
567; 0; 1583.5207; 170; 333; 
567; 0; 1583.521; 170; 333.2; 
567; 0; 1583.5212; 170; 333.4; 
567; 0; 1584.8668; 170; 333.6; 
567; 0; 1584.8671; 170; 333.8; 
567; 0; 1584.8676; 170; 334; 
567; 0; 1584.8681; 170; 334.2; 
567; 0; 1584.8686; 170; 334.4; 
567; 0; 1584.8691; 170; 334.6; 
567; 0; 1584.8696; 170; 334.8; 
567; 0; 1584.87; 170; 335; 
567; 0; 1584.8702; 170; 335.2; 
567; 0; 1584.8704; 170; 335.4; 
567; 0; 1584.8707; 170; 335.6; 
567; 0; 1584.8711; 170; 335.8; 
567; 0; 1584.8714; 170; 336; 
567; 0; 1584.8718; 170; 336.2; 
567; 0; 1584.8722; 170; 336.4; 
567; 0; 1584.8725; 170; 336.6; 
567; 0; 1584.873; 170; 336.8; 
567; 0; 1584.8734; 170; 337; 
567; 0; 1584.8738; 170; 337.2; 
567; 0; 1584.8741; 170; 337.4; 
567; 0; 1584.8745; 170; 337.6; 
567; 0; 1584.8748; 170; 337.8; 
567; 0; 1584.8752; 170; 338; 
567; 0; 1584.8755; 170; 338.2; 
567; 0; 1584.8759; 170; 338.4; 
567; 0; 1584.8762; 170; 338.6; 
567; 0; 1586.2218; 170; 338.8; 
567; 0; 1586.222; 170; 339; 
567; 0; 1586.2222; 170; 339.2; 
567; 0; 1586.2225; 170; 339.4; 
567; 0; 1586.2228; 170; 339.6; 
567; 0; 1586.2231; 170; 339.8; 
567; 0; 1586.2234; 170; 340; 
567; 0; 1586.2238; 170; 340.2; 
567; 0; 1586.2241; 170; 340.4; 
567; 0; 1586.2245; 170; 340.6; 
567; 0; 1586.225; 170; 340.8; 
567; 0; 1586.2255; 170; 341; 
567; 0; 1586.226; 170; 341.2; 
567; 0; 1586.2264; 170; 341.4; 
567; 0; 1586.2267; 170; 341.6; 
567; 0; 1586.2271; 170; 341.8; 
567; 0; 1586.2274; 170; 342; 
567; 0; 1586.2278; 170; 342.2; 
567; 0; 1587.5735; 170; 342.4; 
567; 0; 1587.5737; 170; 342.6; 
567; 0; 1587.5741; 170; 342.8; 
567; 0; 1587.5744; 170; 343; 
567; 0; 1587.5747; 170; 343.2; 
567; 0; 1588.9204; 170; 343.4; 
567; 0; 1588.9207; 170; 343.6; 
567; 0; 1590.2668; 170; 343.8; 
567; 0; 1590.2685; 170; 344; 
567; 0; 1591.6176; 170; 344.2; 
567; 0; 1591.6242; 170; 344.4; 
567; 0; 1592.9801; 170; 344.6; 
567; 0; 1592.9957; 170; 344.8; 
567; 0; 1593.0175; 170; 345; 
567; 0; 1593.0448; 170; 345.2; 
567; 0; 1594.4208; 170; 345.4; 
567; 0; 1597.1422; 170; 345.6; 
567; 0; 1601.2056; 170; 345.8; 
567; 0; 1606.6077; 170; 346; 
567; 0; 1613.3464; 170; 346.2; 
567; 0; 1621.4204; 170; 346.4; 
567; 0; 1629.4846; 170; 346.6; 
567; 0; 1637.6916; 170; 346.8; 
567; 0; 1646.0083; 170; 347; 
567; 0; 1651.5418; 170; 347.2; 
567; 0; 1657.0744; 170; 347.4; 
567; 0; 1661.2189; 170; 347.6; 
567; 0; 1663.9777; 170; 347.8; 
567; 0; 1666.7423; 170; 348; 
567; 0; 1668.1237; 170; 348.2; 
567; 0; 1668.1223; 170; 348.4; 
567; 0; 1669.5167; 170; 348.6; 
567; 0; 1669.5261; 170; 348.8; 
567; 0; 1669.5387; 170; 349; 
567; 0; 1670.9424; 170; 349.2; 
567; 0; 1672.3457; 170; 349.4; 
567; 0; 1673.7472; 170; 349.6; 
567; 0; 1676.5355; 170; 349.8; 
567; 0; 1679.3203; 170; 350; 
567; 0; 1682.1015; 170; 350.2; 
567; 0; 1684.8793; 170; 350.4; 
567; 0; 1687.6543; 170; 350.6; 
567; 0; 1690.4273; 170; 350.8; 
567; 0; 1691.8097; 170; 351; 
567; 0; 1693.192; 170; 351.2; 
567; 0; 1694.5751; 170; 351.4; 
567; 0; 1695.9592; 170; 351.6; 
567; 0; 1695.954; 170; 351.8; 
567; 0; 1697.3385; 170; 352; 
567; 0; 1697.3327; 170; 352.2; 
567; 0; 1697.3262; 170; 352.4; 
567; 0; 1697.3189; 170; 352.6; 
567; 0; 1695.9214; 170; 352.8; 
567; 0; 1695.9136; 170; 353; 
567; 0; 1694.5167; 170; 353.2; 
567; 0; 1691.7314; 170; 353.4; 
567; 0; 1690.3374; 170; 353.6; 
567; 0; 1687.5557; 170; 353.8; 
567; 0; 1684.776; 170; 354; 
567; 0; 1681.9982; 170; 354.2; 
567; 0; 1677.8321; 170; 354.4; 
567; 0; 1675.0567; 170; 354.6; 
567; 0; 1672.2818; 170; 354.8; 
567; 0; 1669.5067; 170; 355; 
567; 0; 1666.7309; 170; 355.2; 
567; 0; 1665.3438; 170; 355.4; 
567; 0; 1662.5657; 170; 355.6; 
567; 0; 1659.7864; 170; 355.8; 
567; 0; 1658.3957; 170; 356; 
567; 0; 1655.6146; 170; 356.2; 
567; 0; 1654.2228; 170; 356.4; 
567; 0; 1651.4409; 170; 356.6; 
567; 0; 1648.6593; 170; 356.8; 
567; 0; 1647.2677; 170; 357; 
567; 0; 1644.487; 170; 357.2; 
567; 0; 1641.707; 170; 357.4; 
567; 0; 1640.3172; 170; 357.6; 
567; 0; 1637.5381; 170; 357.8; 
567; 0; 1636.1491; 170; 358; 
567; 0; 1633.3704; 170; 358.2; 
567; 0; 1631.9982; 170; 358.4; 
567; 0; 1629.3083; 170; 358.6; 
567; 0; 1627.9636; 170; 358.8; 
567; 0; 1626.6185; 170; 359; 
567; 0; 1625.2732; 170; 359.2; 
567; 0; 1622.5822; 170; 359.4; 
567; 0; 1621.2365; 170; 359.6; 
567; 0; 1619.8906; 170; 359.8; 
567; 0; 1618.5447; 170; 360; 
567; 0; 1617.199; 170; 360.2; 
567; 0; 1615.8532; 170; 360.4; 
567; 0; 1614.5076; 170; 360.6; 
567; 0; 1613.1622; 170; 360.8; 
567; 0; 1611.8168; 170; 361; 
567; 0; 1610.4715; 170; 361.2; 
567; 0; 1609.1264; 170; 361.4; 
567; 0; 1609.1266; 170; 361.6; 
567; 0; 1607.7815; 170; 361.8; 
567; 0; 1606.4363; 170; 362; 
567; 0; 1605.0911; 170; 362.2; 
567; 0; 1603.746; 170; 362.4; 
567; 0; 1603.7462; 170; 362.6; 
567; 0; 1602.401; 170; 362.8; 
567; 0; 1602.401; 170; 363; 
567; 0; 1601.0557; 170; 363.2; 
567; 0; 1599.7103; 170; 363.4; 
567; 0; 1599.7103; 170; 363.6; 
567; 0; 1598.3649; 170; 363.8; 
567; 0; 1598.3649; 170; 364; 
567; 0; 1597.0196; 170; 364.2; 
567; 0; 1597.0198; 170; 364.4; 
567; 0; 1595.6747; 170; 364.6; 
567; 0; 1595.6751; 170; 364.8; 
567; 0; 1594.3301; 170; 365; 
567; 0; 1594.3303; 170; 365.2; 
567; 0; 1594.3303; 170; 365.4; 
567; 0; 1592.985; 170; 365.6; 
567; 0; 1592.985; 170; 365.8; 
567; 0; 1592.985; 170; 366; 
567; 0; 1591.6398; 170; 366.2; 
567; 0; 1591.6399; 170; 366.4; 
567; 0; 1591.64; 170; 366.6; 
567; 0; 1590.2949; 170; 366.8; 
567; 0; 1590.2951; 170; 367; 
567; 0; 1590.2953; 170; 367.2; 
567; 0; 1590.2956; 170; 367.4; 
567; 0; 1588.9507; 170; 367.6; 
567; 0; 1588.9513; 170; 367.8; 
567; 0; 1588.9517; 170; 368; 
567; 0; 1588.952; 170; 368.2; 
567; 0; 1587.6067; 170; 368.4; 
567; 0; 1587.6069; 170; 368.6; 
567; 0; 1587.6072; 170; 368.8; 
567; 0; 1587.6074; 170; 369; 
567; 0; 1587.6076; 170; 369.2; 
567; 0; 1587.6079; 170; 369.4; 
567; 0; 1587.6081; 170; 369.6; 
567; 0; 1586.2629; 170; 369.8; 
567; 0; 1586.2631; 170; 370; 
567; 0; 1586.2634; 170; 370.2; 
567; 0; 1586.2637; 170; 370.4; 
567; 0; 1586.2641; 170; 370.6; 
567; 0; 1586.2644; 170; 370.8; 
567; 0; 1586.2647; 170; 371; 
567; 0; 1586.265; 170; 371.2; 
567; 0; 1586.2652; 170; 371.4; 
567; 0; 1586.2654; 170; 371.6; 
567; 0; 1586.2657; 170; 371.8; 
567; 0; 1586.2659; 170; 372; 
567; 0; 1586.2662; 170; 372.2; 
567; 0; 1586.2663; 170; 372.4; 
567; 0; 1584.9212; 170; 372.6; 
567; 0; 1584.9214; 170; 372.8; 
567; 0; 1584.9217; 170; 373; 
567; 0; 1584.922; 170; 373.2; 
567; 0; 1584.9225; 170; 373.4; 
567; 0; 1584.923; 170; 373.6; 
567; 0; 1584.9235; 170; 373.8; 
567; 0; 1584.9239; 170; 374; 
567; 0; 1584.9241; 170; 374.2; 
567; 0; 1584.9243; 170; 374.4; 
567; 0; 1584.9244; 170; 374.6; 
567; 0; 1584.9245; 170; 374.8; 
567; 0; 1584.9248; 170; 375; 
567; 0; 1584.9251; 170; 375.2; 
567; 0; 1584.9254; 170; 375.4; 
567; 0; 1584.9257; 170; 375.6; 
567; 0; 1584.9258; 170; 375.8; 
567; 0; 1584.9261; 170; 376; 
567; 0; 1584.9264; 170; 376.2; 
567; 0; 1584.9267; 170; 376.4; 
567; 0; 1584.9271; 170; 376.6; 
567; 0; 1584.9275; 170; 376.8; 
567; 0; 1584.9277; 170; 377; 
567; 0; 1586.2732; 170; 377.2; 
567; 0; 1586.2734; 170; 377.4; 
567; 0; 1586.2736; 170; 377.6; 
567; 0; 1586.2738; 170; 377.8; 
567; 0; 1586.2742; 170; 378; 
567; 0; 1586.2746; 170; 378.2; 
567; 0; 1586.275; 170; 378.4; 
567; 0; 1586.2754; 170; 378.6; 
567; 0; 1586.2756; 170; 378.8; 
567; 0; 1587.6211; 170; 379; 
567; 0; 1587.6212; 170; 379.2; 
567; 0; 1587.6213; 170; 379.4; 
567; 0; 1587.6215; 170; 379.6; 
567; 0; 1587.6218; 170; 379.8; 
567; 0; 1587.6221; 170; 380; 
567; 0; 1587.6226; 170; 380.2; 
567; 0; 1588.9685; 170; 380.4; 
567; 0; 1588.9691; 170; 380.6; 
567; 0; 1588.9696; 170; 380.8; 
567; 0; 1588.9699; 170; 381; 
567; 0; 1588.9702; 170; 381.2; 
567; 0; 1588.9704; 170; 381.4; 
567; 0; 1588.9705; 170; 381.6; 
567; 0; 1590.316; 170; 381.8; 
567; 0; 1590.3162; 170; 382; 
567; 0; 1590.3164; 170; 382.2; 
567; 0; 1590.3167; 170; 382.4; 
567; 0; 1590.3169; 170; 382.6; 
567; 0; 1590.3172; 170; 382.8; 
567; 0; 1590.3174; 170; 383; 
567; 0; 1590.3177; 170; 383.2; 
567; 0; 1590.3179; 170; 383.4; 
567; 0; 1590.3182; 170; 383.6; 
567; 0; 1590.3185; 170; 383.8; 
567; 0; 1590.3186; 170; 384; 
567; 0; 1590.3189; 170; 384.2; 
567; 0; 1590.3192; 170; 384.4; 
567; 0; 1590.3196; 170; 384.6; 
567; 0; 1590.32; 170; 384.8; 
567; 0; 1590.3203; 170; 385; 
567; 0; 1590.3206; 170; 385.2; 
567; 0; 1590.3209; 170; 385.4; 
567; 0; 1591.6664; 170; 385.6; 
567; 0; 1591.6665; 170; 385.8; 
567; 0; 1591.6667; 170; 386; 
567; 0; 1591.6669; 170; 386.2; 
567; 0; 1591.6671; 170; 386.4; 
567; 0; 1591.6673; 170; 386.6; 
567; 0; 1591.6677; 170; 386.8; 
567; 0; 1591.668; 170; 387; 
567; 0; 1591.6683; 170; 387.2; 
567; 0; 1591.6686; 170; 387.4; 
567; 0; 1591.6688; 170; 387.6; 
567; 0; 1591.6689; 170; 387.8; 
567; 0; 1591.6691; 170; 388; 
567; 0; 1591.6693; 170; 388.2; 
567; 0; 1591.6696; 170; 388.4; 
567; 0; 1591.6698; 170; 388.6; 
567; 0; 1591.6701; 170; 388.8; 
567; 0; 1591.6703; 170; 389; 
567; 0; 1591.6705; 170; 389.2; 
567; 0; 1591.6708; 170; 389.4; 
567; 0; 1591.6712; 170; 389.6; 
567; 0; 1591.6715; 170; 389.8; 
567; 0; 1590.3266; 170; 390; 
567; 0; 1590.327; 170; 390.2; 
567; 0; 1590.3272; 170; 390.4; 
567; 0; 1590.3274; 170; 390.6; 
567; 0; 1590.3277; 170; 390.8; 
567; 0; 1590.3281; 170; 391; 
567; 0; 1590.3284; 170; 391.2; 
567; 0; 1590.3286; 170; 391.4; 
567; 0; 1590.3287; 170; 391.6; 
567; 0; 1590.3288; 170; 391.8; 
567; 0; 1591.6742; 170; 392; 
567; 0; 1591.6743; 170; 392.2; 
567; 0; 1591.6744; 170; 392.4; 
567; 0; 1591.6746; 170; 392.6; 
567; 0; 1591.6749; 170; 392.8; 
567; 0; 1591.6753; 170; 393; 
567; 0; 1591.6755; 170; 393.2; 
567; 0; 1591.6757; 170; 393.4; 
567; 0; 1591.6758; 170; 393.6; 
567; 0; 1591.6761; 170; 393.8; 
567; 0; 1591.6764; 170; 394; 
567; 0; 1591.6768; 170; 394.2; 
567; 0; 1591.6771; 170; 394.4; 
567; 0; 1591.6774; 170; 394.6; 
567; 0; 1590.3323; 170; 394.8; 
567; 0; 1590.3325; 170; 395; 
567; 0; 1590.3327; 170; 395.2; 
567; 0; 1590.3328; 170; 395.4; 
567; 0; 1590.3329; 170; 395.6; 
567; 0; 1590.3331; 170; 395.8; 
567; 0; 1590.3334; 170; 396; 
567; 0; 1590.3337; 170; 396.2; 
567; 0; 1590.334; 170; 396.4; 
567; 0; 1590.3343; 170; 396.6; 
567; 0; 1590.3346; 170; 396.8; 
567; 0; 1590.3349; 170; 397; 
567; 0; 1590.3351; 170; 397.2; 
567; 0; 1590.3353; 170; 397.4; 
567; 0; 1590.3356; 170; 397.6; 
567; 0; 1590.3359; 170; 397.8; 
567; 0; 1591.6815; 170; 398; 
567; 0; 1591.6817; 170; 398.2; 
567; 0; 1591.6819; 170; 398.4; 
567; 0; 1591.6821; 170; 398.6; 
567; 0; 1591.6824; 170; 398.8; 
567; 0; 1591.6827; 170; 399; 
567; 0; 1591.6828; 170; 399.2; 
567; 0; 1591.6827; 170; 399.4; 
567; 0; 1591.6826; 170; 399.6; 
567; 0; 1591.6827; 170; 399.8; 
567; 0; 1591.683; 170; 400; 
567; 0; 1591.6834; 170; 400.2; 
567; 0; 1590.3384; 170; 400.4; 
567; 0; 1590.3388; 170; 400.6; 
567; 0; 1590.3392; 170; 400.8; 
567; 0; 1590.3395; 170; 401; 
567; 0; 1590.3397; 170; 401.2; 
567; 0; 1590.34; 170; 401.4; 
567; 0; 1590.3404; 170; 401.6; 
567; 0; 1590.3407; 170; 401.8; 
567; 0; 1590.3411; 170; 402; 
567; 0; 1590.3413; 170; 402.2; 
567; 0; 1590.3415; 170; 402.4; 
567; 0; 1590.3417; 170; 402.6; 
567; 0; 1590.3418; 170; 402.8; 
567; 0; 1590.3419; 170; 403; 
567; 0; 1590.342; 170; 403.2; 
567; 0; 1590.3422; 170; 403.4; 
567; 0; 1590.3423; 170; 403.6; 
567; 0; 1590.3424; 170; 403.8; 
567; 0; 1590.3424; 170; 404; 
567; 0; 1590.3425; 170; 404.2; 
567; 0; 1590.3426; 170; 404.4; 
567; 0; 1590.3429; 170; 404.6; 
567; 0; 1590.3432; 170; 404.8; 
567; 0; 1590.3436; 170; 405; 
567; 0; 1590.344; 170; 405.2; 
567; 0; 1590.3444; 170; 405.4; 
567; 0; 1590.3448; 170; 405.6; 
567; 0; 1590.3452; 170; 405.8; 
567; 0; 1590.3456; 170; 406; 
567; 0; 1591.6912; 170; 406.2; 
567; 0; 1591.6913; 170; 406.4; 
567; 0; 1591.6913; 170; 406.6; 
567; 0; 1591.6913; 170; 406.8; 
567; 0; 1591.6914; 170; 407; 
567; 0; 1591.6916; 170; 407.2; 
567; 0; 1591.6917; 170; 407.4; 
567; 0; 1591.6921; 170; 407.6; 
567; 0; 1590.3471; 170; 407.8; 
567; 0; 1590.3474; 170; 408; 
567; 0; 1590.3477; 170; 408.2; 
567; 0; 1590.348; 170; 408.4; 
567; 0; 1590.3483; 170; 408.6; 
567; 0; 1590.3486; 170; 408.8; 
567; 0; 1590.3487; 170; 409; 
567; 0; 1590.3489; 170; 409.2; 
567; 0; 1590.349; 170; 409.4; 
567; 0; 1590.3492; 170; 409.6; 
567; 0; 1590.3493; 170; 409.8; 
567; 0; 1590.3495; 170; 410; 
567; 0; 1590.3497; 170; 410.2; 
567; 0; 1590.3499; 170; 410.4; 
567; 0; 1590.3501; 170; 410.6; 
567; 0; 1590.3503; 170; 410.8; 
567; 0; 1590.3505; 170; 411; 
567; 0; 1576.897; 170; 411.2; 
567; 0; 1290.2789; 170; 411.4; 
567; 0; 974.7015; 170; 411.6; 
567; 0; 942.6569; 170; 411.8; 
567; 0; 942.6572; 170; 412; 
567; 0; 942.6576; 170; 412.2; 
567; 0; 942.6581; 170; 412.4; 
567; 0; 942.6587; 170; 412.6; 
567; 0; 942.6592; 170; 412.8; 
567; 0; 942.6598; 170; 413; 
567; 0; 942.6605; 170; 413.2; 
567; 0; 942.6615; 170; 413.4; 
567; 0; 942.6626; 170; 413.6; 
567; 0; 942.6638; 170; 413.8; 
567; 0; 942.6652; 170; 414; 
567; 0; 942.6666; 170; 414.2; 
567; 0; 942.6682; 170; 414.4; 
567; 0; 942.6697; 170; 414.6; 
567; 0; 942.6713; 170; 414.8; 
567; 0; 942.673; 170; 415; 
567; 0; 942.6748; 170; 415.2; 
567; 0; 942.6768; 170; 415.4; 
567; 0; 942.6789; 170; 415.6; 
567; 0; 942.6812; 170; 415.8; 
567; 0; 942.6835; 170; 416; 
567; 0; 935.1646; 170; 416.2; 
567; 0; 935.1671; 170; 416.4; 
567; 0; 935.1697; 170; 416.6; 
567; 0; 935.1722; 170; 416.8; 
567; 0; 935.1749; 170; 417; 
567; 0; 935.1775; 170; 417.2; 
567; 0; 935.1802; 170; 417.4; 
567; 0; 935.1826; 170; 417.6; 
567; 0; 935.1848; 170; 417.8; 
567; 0; 935.187; 170; 418; 
567; 0; 935.1893; 170; 418.2; 
567; 0; 935.1916; 170; 418.4; 
567; 0; 935.1941; 170; 418.6; 
567; 0; 935.1965; 170; 418.8; 
567; 0; 935.1989; 170; 419; 
567; 0; 935.2014; 170; 419.2; 
567; 0; 935.2038; 170; 419.4; 
567; 0; 935.2063; 170; 419.6; 
567; 0; 935.2089; 170; 419.8; 
567; 0; 935.2114; 170; 420; 
567; 0; 935.2139; 170; 420.2; 
567; 0; 927.9734; 170; 420.4; 
567; 0; 927.9758; 170; 420.6; 
567; 0; 927.9781; 170; 420.8; 
567; 0; 927.9804; 170; 421; 
567; 0; 927.9826; 170; 421.2; 
567; 0; 927.9848; 170; 421.4; 
567; 0; 927.9868; 170; 421.6; 
567; 0; 927.9888; 170; 421.8; 
567; 0; 927.991; 170; 422; 
567; 0; 927.9932; 170; 422.2; 
567; 0; 927.9954; 170; 422.4; 
567; 0; 927.9975; 170; 422.6; 
567; 0; 927.9998; 170; 422.8; 
567; 0; 928.0023; 170; 423; 
567; 0; 928.0048; 170; 423.2; 
567; 0; 928.0071; 170; 423.4; 
567; 0; 928.0093; 170; 423.6; 
567; 0; 928.0115; 170; 423.8; 
567; 0; 928.0136; 170; 424; 
567; 0; 928.0157; 170; 424.2; 
567; 0; 928.0178; 170; 424.4; 
567; 0; 928.02; 170; 424.6; 
567; 0; 928.0221; 170; 424.8; 
567; 0; 921.0588; 170; 425; 
567; 0; 921.061; 170; 425.2; 
567; 0; 921.0632; 170; 425.4; 
567; 0; 921.0654; 170; 425.6; 
567; 0; 921.0674; 170; 425.8; 
567; 0; 921.0694; 170; 426; 
567; 0; 921.0713; 170; 426.2; 
567; 0; 921.0732; 170; 426.4; 
567; 0; 921.075; 170; 426.6; 
567; 0; 921.0768; 170; 426.8; 
567; 0; 921.0788; 170; 427; 
567; 0; 921.0809; 170; 427.2; 
567; 0; 921.0832; 170; 427.4; 
567; 0; 921.0854; 170; 427.6; 
567; 0; 921.0875; 170; 427.8; 
567; 0; 921.0896; 170; 428; 
567; 0; 921.0917; 170; 428.2; 
567; 0; 921.0936; 170; 428.4; 
567; 0; 921.0955; 170; 428.6; 
567; 0; 921.0973; 170; 428.8; 
567; 0; 921.0991; 170; 429; 
567; 0; 921.101; 170; 429.2; 
567; 0; 921.103; 170; 429.4; 
567; 0; 921.105; 170; 429.6; 
567; 0; 921.1069; 170; 429.8; 
567; 0; 920.3765; 170; 430; 
567; 0; 920.3765; 170; 430.2; 
567; 0; 920.3765; 170; 430.4; 
567; 0; 920.3765; 170; 430.6; 
567; 0; 920.3765; 170; 430.8; 
567; 0; 920.3765; 170; 431; 
567; 0; 920.3765; 170; 431.2; 
567; 0; 920.3765; 170; 431.4; 
567; 0; 920.3765; 170; 431.6; 
567; 0; 920.3765; 170; 431.8; 
567; 0; 920.3765; 170; 432; 
567; 0; 920.3765; 170; 432.2; 
567; 0; 920.3765; 170; 432.4; 
567; 0; 920.3765; 170; 432.6; 
567; 0; 920.3765; 170; 432.8; 
567; 0; 920.3765; 170; 433; 
567; 0; 920.3765; 170; 433.2; 
567; 0; 920.3765; 170; 433.4; 
567; 0; 920.3765; 170; 433.6; 
567; 0; 920.3765; 170; 433.8; 
567; 0; 920.3765; 170; 434; 
567; 0; 920.3765; 170; 434.2; 
567; 0; 920.3765; 170; 434.4; 
567; 0; 920.3765; 170; 434.6; 
567; 0; 920.3765; 170; 434.8; 
567; 0; 920.3765; 170; 435; 
567; 0; 920.3765; 170; 435.2; 
567; 0; 920.3765; 170; 435.4; 
567; 0; 920.3765; 170; 435.6; 
567; 0; 920.3765; 170; 435.8; 
567; 0; 920.3765; 170; 436; 
567; 0; 920.3765; 170; 436.2; 
567; 0; 920.3765; 170; 436.4; 
567; 0; 920.3765; 170; 436.6; 
567; 0; 920.6588; 170; 436.8; 
567; 0; 937.8342; 170; 437; 
567; 0; 953.4484; 170; 437.2; 
567; 0; 970.6241; 170; 437.4; 
567; 0; 986.2386; 170; 437.6; 
567; 0; 1001.853; 170; 437.8; 
567; 0; 1017.4674; 170; 438; 
567; 0; 1033.0817; 170; 438.2; 
567; 0; 1047.1347; 170; 438.4; 
567; 0; 1061.1876; 170; 438.6; 
567; 0; 1075.2404; 170; 438.8; 
567; 0; 1087.4213; 170; 439; 
567; 0; 1099.5569; 170; 439.2; 
567; 0; 1111.6925; 170; 439.4; 
567; 0; 1122.3113; 170; 439.6; 
567; 0; 1132.9299; 170; 439.8; 
567; 0; 1142.0317; 170; 440; 
567; 0; 1151.1335; 170; 440.2; 
567; 0; 1160.2353; 170; 440.4; 
567; 0; 1169.3371; 170; 440.6; 
567; 0; 1176.9224; 170; 440.8; 
567; 0; 1184.509; 170; 441; 
567; 0; 1192.0976; 170; 441.2; 
567; 0; 1199.6897; 170; 441.4; 
567; 0; 1206.1847; 170; 441.6; 
567; 0; 1211.0955; 170; 441.8; 
567; 0; 1217.6447; 170; 442; 
567; 0; 1222.5704; 170; 442.2; 
567; 0; 1229.133; 170; 442.4; 
567; 0; 1235.6979; 170; 442.6; 
567; 0; 1243.892; 170; 442.8; 
567; 0; 1255.3423; 170; 443; 
567; 0; 1265.7518; 170; 443.2; 
567; 0; 1278.8657; 170; 443.4; 
567; 0; 1291.9681; 170; 443.6; 
567; 0; 1295.401; 170; 443.8; 
567; 0; 1308.4245; 170; 444; 
567; 0; 1319.9913; 170; 444.2; 
567; 0; 1330.1042; 170; 444.4; 
567; 0; 1337.3171; 170; 444.6; 
567; 0; 1344.5319; 170; 444.8; 
567; 0; 1348.8523; 170; 445; 
567; 0; 1351.7299; 170; 445.2; 
567; 0; 1354.6152; 170; 445.4; 
567; 0; 1356.0594; 170; 445.6; 
567; 0; 1356.0619; 170; 445.8; 
567; 0; 1357.5204; 170; 446; 
567; 0; 1357.5343; 170; 446.2; 
567; 0; 1359.0005; 170; 446.4; 
567; 0; 1360.4675; 170; 446.6; 
567; 0; 1363.3827; 170; 446.8; 
567; 0; 1366.2953; 170; 447; 
567; 0; 1369.2042; 170; 447.2; 
567; 0; 1373.5581; 170; 447.4; 
567; 0; 1376.4582; 170; 447.6; 
567; 0; 1380.8036; 170; 447.8; 
567; 0; 1383.6964; 170; 448; 
567; 0; 1386.5869; 170; 448.2; 
567; 0; 1389.4762; 170; 448.4; 
567; 0; 1390.9161; 170; 448.6; 
567; 0; 1392.3569; 170; 448.8; 
567; 0; 1393.7994; 170; 449; 
567; 0; 1393.7947; 170; 449.2; 
567; 0; 1395.2418; 170; 449.4; 
567; 0; 1395.2418; 170; 449.6; 
567; 0; 1395.2437; 170; 449.8; 
567; 0; 1395.2473; 170; 450; 
567; 0; 1395.2519; 170; 450.2; 
567; 0; 1395.257; 170; 450.4; 
567; 0; 1395.2617; 170; 450.6; 
567; 0; 1396.7145; 170; 450.8; 
567; 0; 1396.7147; 170; 451; 
567; 0; 1398.1596; 170; 451.2; 
567; 0; 1399.5988; 170; 451.4; 
567; 0; 1401.032; 170; 451.6; 
567; 0; 1401.011; 170; 451.8; 
567; 0; 1400.9869; 170; 452; 
567; 0; 1399.5128; 170; 452.2; 
567; 0; 1396.5925; 170; 452.4; 
567; 0; 1392.2273; 170; 452.6; 
567; 0; 1387.868; 170; 452.8; 
567; 0; 1383.5151; 170; 453; 
567; 0; 1377.7193; 170; 453.2; 
567; 0; 1371.9291; 170; 453.4; 
567; 0; 1366.1433; 170; 453.6; 
567; 0; 1361.8094; 170; 453.8; 
567; 0; 1357.4764; 170; 454; 
567; 0; 1353.1431; 170; 454.2; 
567; 0; 1350.2566; 170; 454.4; 
567; 0; 1347.3665; 170; 454.6; 
567; 0; 1344.4725; 170; 454.8; 
567; 0; 1343.0241; 170; 455; 
567; 0; 1340.1232; 170; 455.2; 
567; 0; 1338.6694; 170; 455.4; 
567; 0; 1335.765; 170; 455.6; 
567; 0; 1334.3098; 170; 455.8; 
567; 0; 1332.8551; 170; 456; 
567; 0; 1329.9519; 170; 456.2; 
567; 0; 1328.4995; 170; 456.4; 
567; 0; 1325.5992; 170; 456.6; 
567; 0; 1324.1497; 170; 456.8; 
567; 0; 1321.2519; 170; 457; 
567; 0; 1319.8044; 170; 457.2; 
567; 0; 1316.9081; 170; 457.4; 
567; 0; 1315.4612; 170; 457.6; 
567; 0; 1314.0142; 170; 457.8; 
567; 0; 1312.5667; 170; 458; 
567; 0; 1311.1184; 170; 458.2; 
567; 0; 1309.6695; 170; 458.4; 
567; 0; 1309.6695; 170; 458.6; 
567; 0; 1308.2196; 170; 458.8; 
567; 0; 1306.7695; 170; 459; 
567; 0; 1306.7686; 170; 459.2; 
567; 0; 1305.3182; 170; 459.4; 
567; 0; 1305.3173; 170; 459.6; 
567; 0; 1303.8671; 170; 459.8; 
567; 0; 1303.8665; 170; 460; 
567; 0; 1302.4167; 170; 460.2; 
567; 0; 1302.4164; 170; 460.4; 
567; 0; 1300.9669; 170; 460.6; 
567; 0; 1300.9671; 170; 460.8; 
567; 0; 1299.5178; 170; 461; 
567; 0; 1299.5178; 170; 461.2; 
567; 0; 1299.5177; 170; 461.4; 
567; 0; 1298.0682; 170; 461.6; 
567; 0; 1298.068; 170; 461.8; 
567; 0; 1298.0678; 170; 462; 
567; 0; 1296.6182; 170; 462.2; 
567; 0; 1296.6181; 170; 462.4; 
567; 0; 1296.618; 170; 462.6; 
567; 0; 1296.6179; 170; 462.8; 
567; 0; 1295.1683; 170; 463; 
567; 0; 1295.1681; 170; 463.2; 
567; 0; 1295.1679; 170; 463.4; 
567; 0; 1295.1677; 170; 463.6; 
567; 0; 1293.7181; 170; 463.8; 
567; 0; 1293.7181; 170; 464; 
567; 0; 1293.718; 170; 464.2; 
567; 0; 1293.7179; 170; 464.4; 
567; 0; 1293.7178; 170; 464.6; 
567; 0; 1293.7177; 170; 464.8; 
567; 0; 1293.7175; 170; 465; 
567; 0; 1292.2679; 170; 465.2; 
567; 0; 1292.2677; 170; 465.4; 
567; 0; 1292.2676; 170; 465.6; 
567; 0; 1292.2675; 170; 465.8; 
567; 0; 1292.2675; 170; 466; 
567; 0; 1292.2674; 170; 466.2; 
567; 0; 1292.2674; 170; 466.4; 
567; 0; 1292.2673; 170; 466.6; 
567; 0; 1292.2671; 170; 466.8; 
567; 0; 1290.8175; 170; 467; 
567; 0; 1290.8173; 170; 467.2; 
567; 0; 1290.8171; 170; 467.4; 
567; 0; 1290.817; 170; 467.6; 
567; 0; 1290.8168; 170; 467.8; 
567; 0; 1300.4548; 170; 468; 
567; 0; 1300.4546; 170; 468.2; 
567; 0; 1300.4545; 170; 468.4; 
567; 0; 1300.4544; 170; 468.6; 
567; 0; 1300.4544; 170; 468.8; 
567; 0; 1298.9984; 170; 469; 
567; 0; 1298.9983; 170; 469.2; 
567; 0; 1298.9982; 170; 469.4; 
567; 0; 1297.5422; 170; 469.6; 
567; 0; 1297.5422; 170; 469.8; 
567; 0; 1297.5422; 170; 470; 
567; 0; 1296.0863; 170; 470.2; 
567; 0; 1296.0862; 170; 470.4; 
567; 0; 1294.6303; 170; 470.6; 
567; 0; 1294.6301; 170; 470.8; 
567; 0; 1293.174; 170; 471; 
567; 0; 1293.1737; 170; 471.2; 
567; 0; 1293.1734; 170; 471.4; 
567; 0; 1291.7173; 170; 471.6; 
567; 0; 1291.7171; 170; 471.8; 
567; 0; 1290.2609; 170; 472; 
567; 0; 1290.2606; 170; 472.2; 
567; 0; 1290.2605; 170; 472.4; 
567; 0; 1288.8045; 170; 472.6; 
567; 0; 1288.8046; 170; 472.8; 
567; 0; 1287.3488; 170; 473; 
567; 0; 1287.3488; 170; 473.2; 
567; 0; 1287.3488; 170; 473.4; 
567; 0; 1287.3486; 170; 473.6; 
567; 0; 1285.8925; 170; 473.8; 
567; 0; 1285.8923; 170; 474; 
567; 0; 1285.892; 170; 474.2; 
567; 0; 1285.8917; 170; 474.4; 
567; 0; 1285.8914; 170; 474.6; 
567; 0; 1284.4353; 170; 474.8; 
567; 0; 1284.4352; 170; 475; 
567; 0; 1284.4352; 170; 475.2; 
567; 0; 1284.4354; 170; 475.4; 
567; 0; 1284.4367; 170; 475.6; 
567; 0; 1285.8961; 170; 475.8; 
567; 0; 1285.9033; 170; 476; 
567; 0; 1285.9155; 170; 476.2; 
567; 0; 1284.4781; 170; 476.4; 
567; 0; 1284.5039; 170; 476.6; 
567; 0; 1284.5358; 170; 476.8; 
567; 0; 1286.027; 170; 477; 
567; 0; 1288.9741; 170; 477.2; 
567; 0; 1294.8292; 170; 477.4; 
567; 0; 1292.4875; 170; 477.6; 
567; 0; 1301.1985; 170; 477.8; 
567; 0; 1309.8983; 170; 478; 
567; 0; 1321.4859; 170; 478.2; 
567; 0; 1331.6139; 170; 478.4; 
567; 0; 1341.734; 170; 478.6; 
567; 0; 1348.9498; 170; 478.8; 
567; 0; 1356.1634; 170; 479; 
567; 0; 1361.9282; 170; 479.2; 
567; 0; 1364.7978; 170; 479.4; 
567; 0; 1367.673; 170; 479.6; 
567; 0; 1369.1061; 170; 479.8; 
567; 0; 1369.0979; 170; 480; 
567; 0; 1369.0976; 170; 480.2; 
567; 0; 1369.1043; 170; 480.4; 
567; 0; 1369.1164; 170; 480.6; 
567; 0; 1369.1318; 170; 480.8; 
567; 0; 1369.1487; 170; 481; 
567; 0; 1370.6145; 170; 481.2; 
567; 0; 1372.0782; 170; 481.4; 
567; 0; 1374.9879; 170; 481.6; 
567; 0; 1377.8936; 170; 481.8; 
567; 0; 1380.7949; 170; 482; 
567; 0; 1385.1415; 170; 482.2; 
567; 0; 1388.0353; 170; 482.4; 
567; 0; 1389.4771; 170; 482.6; 
567; 0; 1392.3668; 170; 482.8; 
567; 0; 1393.8067; 170; 483; 
567; 0; 1395.2473; 170; 483.2; 
567; 0; 1395.2398; 170; 483.4; 
567; 0; 1395.2344; 170; 483.6; 
567; 0; 1395.2314; 170; 483.8; 
567; 0; 1395.2308; 170; 484; 
567; 0; 1395.2323; 170; 484.2; 
567; 0; 1395.2356; 170; 484.4; 
567; 0; 1395.24; 170; 484.6; 
567; 0; 1395.2451; 170; 484.8; 
567; 0; 1395.25; 170; 485; 
567; 0; 1395.2544; 170; 485.2; 
567; 0; 1395.2577; 170; 485.4; 
567; 0; 1396.7091; 170; 485.6; 
567; 0; 1396.7099; 170; 485.8; 
567; 0; 1398.1588; 170; 486; 
567; 0; 1398.1574; 170; 486.2; 
567; 0; 1399.6047; 170; 486.4; 
567; 0; 1399.602; 170; 486.6; 
567; 0; 1399.5992; 170; 486.8; 
567; 0; 1399.5966; 170; 487; 
567; 0; 1401.0439; 170; 487.2; 
567; 0; 1401.0423; 170; 487.4; 
567; 0; 1399.5919; 170; 487.6; 
567; 0; 1399.5915; 170; 487.8; 
567; 0; 1399.5918; 170; 488; 
567; 0; 1399.5926; 170; 488.2; 
567; 0; 1399.5938; 170; 488.4; 
567; 0; 1399.5951; 170; 488.6; 
567; 0; 1399.5963; 170; 488.8; 
567; 0; 1399.5974; 170; 489; 
567; 0; 1399.5982; 170; 489.2; 
567; 0; 1399.5987; 170; 489.4; 
567; 0; 1399.5989; 170; 489.6; 
567; 0; 1399.5988; 170; 489.8; 
567; 0; 1401.0478; 170; 490; 
567; 0; 1401.0471; 170; 490.2; 
567; 0; 1401.0463; 170; 490.4; 
567; 0; 1401.0454; 170; 490.6; 
567; 0; 1401.0446; 170; 490.8; 
567; 0; 1401.0441; 170; 491; 
567; 0; 1401.0437; 170; 491.2; 
567; 0; 1401.0435; 170; 491.4; 
567; 0; 1401.0434; 170; 491.6; 
567; 0; 1401.0435; 170; 491.8; 
567; 0; 1401.0436; 170; 492; 
567; 0; 1399.5943; 170; 492.2; 
567; 0; 1399.5943; 170; 492.4; 
567; 0; 1399.5944; 170; 492.6; 
567; 0; 1399.5944; 170; 492.8; 
567; 0; 1399.5945; 170; 493; 
567; 0; 1399.5945; 170; 493.2; 
567; 0; 1401.0435; 170; 493.4; 
567; 0; 1401.0415; 170; 493.6; 
567; 0; 1401.0364; 170; 493.8; 
567; 0; 1402.476; 170; 494; 
567; 0; 1402.4608; 170; 494.2; 
567; 0; 1402.4408; 170; 494.4; 
567; 0; 1400.9677; 170; 494.6; 
567; 0; 1399.4944; 170; 494.8; 
567; 0; 1396.5738; 170; 495; 
567; 0; 1392.2076; 170; 495.2; 
567; 0; 1387.847; 170; 495.4; 
567; 0; 1382.0435; 170; 495.6; 
567; 0; 1376.2466; 170; 495.8; 
567; 0; 1370.4553; 170; 496; 
567; 0; 1364.6682; 170; 496.2; 
567; 0; 1360.3331; 170; 496.4; 
567; 0; 1354.5493; 170; 496.6; 
567; 0; 1350.214; 170; 496.8; 
567; 0; 1345.8766; 170; 497; 
567; 0; 1342.9862; 170; 497.2; 
567; 0; 1340.0926; 170; 497.4; 
567; 0; 1337.1959; 170; 497.6; 
567; 0; 1334.2967; 170; 497.8; 
567; 0; 1332.845; 170; 498; 
567; 0; 1329.9427; 170; 498.2; 
567; 0; 1327.0401; 170; 498.4; 
567; 0; 1325.5872; 170; 498.6; 
567; 0; 1322.6859; 170; 498.8; 
567; 0; 1319.7854; 170; 499; 
567; 0; 1318.3353; 170; 499.2; 
567; 0; 1315.4365; 170; 499.4; 
567; 0; 1313.988; 170; 499.6; 
567; 0; 1312.5399; 170; 499.8; 
567; 0; 1309.6428; 170; 500; 
567; 0; 1308.1951; 170; 500.2; 
567; 0; 1306.7473; 170; 500.4; 
567; 0; 1305.2993; 170; 500.6; 
567; 0; 1303.8508; 170; 500.8; 
567; 0; 1302.4019; 170; 501; 
567; 0; 1302.4019; 170; 501.2; 
567; 0; 1300.9522; 170; 501.4; 
567; 0; 1299.5022; 170; 501.6; 
567; 0; 1299.5016; 170; 501.8; 
567; 0; 1298.0517; 170; 502; 
567; 0; 1298.0512; 170; 502.2; 
567; 0; 1296.6014; 170; 502.4; 
567; 0; 1296.6011; 170; 502.6; 
567; 0; 1295.1516; 170; 502.8; 
567; 0; 1295.1517; 170; 503; 
567; 0; 1293.7025; 170; 503.2; 
567; 0; 1293.7028; 170; 503.4; 
567; 0; 1293.7029; 170; 503.6; 
567; 0; 1292.2535; 170; 503.8; 
567; 0; 1292.2536; 170; 504; 
567; 0; 1292.2537; 170; 504.2; 
567; 0; 1292.2536; 170; 504.4; 
567; 0; 1290.804; 170; 504.6; 
567; 0; 1290.8036; 170; 504.8; 
567; 0; 1300.4414; 170; 505; 
567; 0; 1300.4411; 170; 505.2; 
567; 0; 1300.4409; 170; 505.4; 
567; 0; 1298.9849; 170; 505.6; 
567; 0; 1298.9848; 170; 505.8; 
567; 0; 1298.9848; 170; 506; 
567; 0; 1297.5288; 170; 506.2; 
567; 0; 1297.5286; 170; 506.4; 
567; 0; 1297.5286; 170; 506.6; 
567; 0; 1296.0727; 170; 506.8; 
567; 0; 1296.0727; 170; 507; 
567; 0; 1294.617; 170; 507.2; 
567; 0; 1294.6171; 170; 507.4; 
567; 0; 1293.1613; 170; 507.6; 
567; 0; 1293.1614; 170; 507.8; 
567; 0; 1291.7055; 170; 508; 
567; 0; 1291.7052; 170; 508.2; 
567; 0; 1290.249; 170; 508.4; 
567; 0; 1290.2485; 170; 508.6; 
567; 0; 1290.2481; 170; 508.8; 
567; 0; 1288.7917; 170; 509; 
567; 0; 1288.7915; 170; 509.2; 
567; 0; 1287.3356; 170; 509.4; 
567; 0; 1287.3356; 170; 509.6; 
567; 0; 1287.3356; 170; 509.8; 
567; 0; 1285.8797; 170; 510; 
567; 0; 1285.8797; 170; 510.2; 
567; 0; 1285.8796; 170; 510.4; 
567; 0; 1284.4236; 170; 510.6; 
567; 0; 1284.4235; 170; 510.8; 
567; 0; 1284.4235; 170; 511; 
567; 0; 1284.4235; 170; 511.2; 
567; 0; 1282.9676; 170; 511.4; 
567; 0; 1282.9677; 170; 511.6; 
567; 0; 1282.9677; 170; 511.8; 
567; 0; 1282.9676; 170; 512; 
567; 0; 1282.9675; 170; 512.2; 
567; 0; 1282.9673; 170; 512.4; 
567; 0; 1281.5113; 170; 512.6; 
567; 0; 1281.5111; 170; 512.8; 
567; 0; 1281.511; 170; 513; 
567; 0; 1281.5109; 170; 513.2; 
567; 0; 1281.5107; 170; 513.4; 
567; 0; 1281.5106; 170; 513.6; 
567; 0; 1281.5105; 170; 513.8; 
567; 0; 1281.5103; 170; 514; 
567; 0; 1281.5102; 170; 514.2; 
567; 0; 1280.0542; 170; 514.4; 
567; 0; 1280.0542; 170; 514.6; 
567; 0; 1280.0541; 170; 514.8; 
567; 0; 1280.0541; 170; 515; 
567; 0; 1280.0541; 170; 515.2; 
567; 0; 1280.0542; 170; 515.4; 
567; 0; 1280.0542; 170; 515.6; 
567; 0; 1280.0543; 170; 515.8; 
567; 0; 1280.0544; 170; 516; 
567; 0; 1280.0544; 170; 516.2; 
567; 0; 1280.0545; 170; 516.4; 
567; 0; 1280.0544; 170; 516.6; 
567; 0; 1280.0544; 170; 516.8; 
567; 0; 1280.0543; 170; 517; 
567; 0; 1280.0541; 170; 517.2; 
567; 0; 1280.0539; 170; 517.4; 
567; 0; 1280.0538; 170; 517.6; 
567; 0; 1280.0537; 170; 517.8; 
567; 0; 1280.0535; 170; 518; 
567; 0; 1278.5975; 170; 518.2; 
567; 0; 1278.5974; 170; 518.4; 
567; 0; 1278.5974; 170; 518.6; 
567; 0; 1278.5973; 170; 518.8; 
567; 0; 1278.5972; 170; 519; 
567; 0; 1278.5972; 170; 519.2; 
567; 0; 1278.5973; 170; 519.4; 
567; 0; 1278.5974; 170; 519.6; 
567; 0; 1278.5976; 170; 519.8; 
567; 0; 1278.5977; 170; 520; 
567; 0; 1278.5977; 170; 520.2; 
567; 0; 1278.5978; 170; 520.4; 
567; 0; 1278.5978; 170; 520.6; 
567; 0; 1278.5977; 170; 520.8; 
567; 0; 1278.5976; 170; 521; 
567; 0; 1278.5976; 170; 521.2; 
567; 0; 1278.5975; 170; 521.4; 
567; 0; 1278.5973; 170; 521.6; 
567; 0; 1278.5972; 170; 521.8; 
567; 0; 1278.5971; 170; 522; 
567; 0; 1278.597; 170; 522.2; 
567; 0; 1278.5968; 170; 522.4; 
567; 0; 1278.5967; 170; 522.6; 
567; 0; 1278.5967; 170; 522.8; 
567; 0; 1278.5967; 170; 523; 
567; 0; 1278.5968; 170; 523.2; 
567; 0; 1278.5969; 170; 523.4; 
567; 0; 1278.5969; 170; 523.6; 
567; 0; 1278.5968; 170; 523.8; 
567; 0; 1278.5967; 170; 524; 
567; 0; 1278.5966; 170; 524.2; 
567; 0; 1278.5965; 170; 524.4; 
567; 0; 1278.5964; 170; 524.6; 
567; 0; 1278.5964; 170; 524.8; 
567; 0; 1278.5964; 170; 525; 
567; 0; 1278.5965; 170; 525.2; 
567; 0; 1278.5966; 170; 525.4; 
567; 0; 1278.5967; 170; 525.6; 
567; 0; 1278.5967; 170; 525.8; 
567; 0; 1278.5967; 170; 526; 
567; 0; 1278.5966; 170; 526.2; 
567; 0; 1278.5965; 170; 526.4; 
567; 0; 1278.5964; 170; 526.6; 
567; 0; 1278.5963; 170; 526.8; 
567; 0; 1278.5963; 170; 527; 
567; 0; 1278.5962; 170; 527.2; 
567; 0; 1278.5962; 170; 527.4; 
567; 0; 1278.5961; 170; 527.6; 
567; 0; 1278.596; 170; 527.8; 
567; 0; 1278.596; 170; 528; 
567; 0; 1278.596; 170; 528.2; 
567; 0; 1278.596; 170; 528.4; 
567; 0; 1278.596; 170; 528.6; 
567; 0; 1277.1401; 170; 528.8; 
567; 0; 1277.1401; 170; 529; 
567; 0; 1277.14; 170; 529.2; 
567; 0; 1277.14; 170; 529.4; 
567; 0; 1277.14; 170; 529.6; 
567; 0; 1277.14; 170; 529.8; 
567; 0; 1277.14; 170; 530; 
567; 0; 1277.1399; 170; 530.2; 
567; 0; 1277.1399; 170; 530.4; 
567; 0; 1277.14; 170; 530.6; 
567; 0; 1277.1399; 170; 530.8; 
567; 0; 1277.1398; 170; 531; 
567; 0; 1277.1398; 170; 531.2; 
567; 0; 1277.1397; 170; 531.4; 
567; 0; 1277.1396; 170; 531.6; 
567; 0; 1277.1395; 170; 531.8; 
567; 0; 1277.1395; 170; 532; 
567; 0; 1277.1396; 170; 532.2; 
567; 0; 1277.1396; 170; 532.4; 
567; 0; 1277.1396; 170; 532.6; 
567; 0; 1277.1396; 170; 532.8; 
567; 0; 1277.1396; 170; 533; 
567; 0; 1277.1395; 170; 533.2; 
567; 0; 1277.1394; 170; 533.4; 
567; 0; 1277.1393; 170; 533.6; 
567; 0; 1277.1393; 170; 533.8; 
567; 0; 1277.1393; 170; 534; 
567; 0; 1277.1393; 170; 534.2; 
567; 0; 1277.1393; 170; 534.4; 
567; 0; 1277.1392; 170; 534.6; 
567; 0; 1277.1392; 170; 534.8; 
567; 0; 1277.1392; 170; 535; 
567; 0; 1277.1392; 170; 535.2; 
567; 0; 1277.1392; 170; 535.4; 
567; 0; 1277.1392; 170; 535.6; 
567; 0; 1277.1392; 170; 535.8; 
567; 0; 1277.1392; 170; 536; 
567; 0; 1277.1392; 170; 536.2; 
567; 0; 1277.1391; 170; 536.4; 
567; 0; 1277.1391; 170; 536.6; 
567; 0; 1277.1391; 170; 536.8; 
567; 0; 1277.1391; 170; 537; 
567; 0; 1277.139; 170; 537.2; 
567; 0; 1277.139; 170; 537.4; 
567; 0; 1277.1389; 170; 537.6; 
567; 0; 1277.1388; 170; 537.8; 
567; 0; 1277.1388; 170; 538; 
567; 0; 1277.1388; 170; 538.2; 
567; 0; 1277.1388; 170; 538.4; 
567; 0; 1277.1388; 170; 538.6; 
567; 0; 1278.5948; 170; 538.8; 
567; 0; 1278.5951; 170; 539; 
567; 0; 1278.5958; 170; 539.2; 
567; 0; 1278.5977; 170; 539.4; 
567; 0; 1280.0578; 170; 539.6; 
567; 0; 1280.0659; 170; 539.8; 
567; 0; 1280.0787; 170; 540; 
567; 0; 1280.0971; 170; 540.2; 
567; 0; 1280.1206; 170; 540.4; 
567; 0; 1280.1482; 170; 540.6; 
567; 0; 1283.0902; 170; 540.8; 
567; 0; 1284.5765; 170; 541; 
567; 0; 1288.9723; 170; 541.2; 
567; 0; 1294.8189; 170; 541.4; 
567; 0; 1293.9179; 170; 541.6; 
567; 0; 1302.6205; 170; 541.8; 
567; 0; 1311.3128; 170; 542; 
567; 0; 1321.444; 170; 542.2; 
567; 0; 1331.5652; 170; 542.4; 
567; 0; 1340.2285; 170; 542.6; 
567; 0; 1347.4366; 170; 542.8; 
567; 0; 1351.7435; 170; 543; 
567; 0; 1356.0518; 170; 543.2; 
567; 0; 1357.467; 170; 543.4; 
567; 0; 1357.4423; 170; 543.6; 
567; 0; 1355.978; 170; 543.8; 
567; 0; 1354.5245; 170; 544; 
567; 0; 1351.6323; 170; 544.2; 
567; 0; 1348.7492; 170; 544.4; 
567; 0; 1345.8729; 170; 544.6; 
567; 0; 1344.4509; 170; 544.8; 
567; 0; 1343.03; 170; 545; 
567; 0; 1343.0556; 170; 545.2; 
567; 0; 1344.525; 170; 545.4; 
567; 0; 1347.4362; 170; 545.6; 
567; 0; 1350.3387; 170; 545.8; 
567; 0; 1353.2321; 170; 546; 
567; 0; 1356.1176; 170; 546.2; 
567; 0; 1358.9967; 170; 546.4; 
567; 0; 1360.4226; 170; 546.6; 
567; 0; 1360.3982; 170; 546.8; 
567; 0; 1360.3755; 170; 547; 
567; 0; 1358.9085; 170; 547.2; 
567; 0; 1355.9976; 170; 547.4; 
567; 0; 1353.0929; 170; 547.6; 
567; 0; 1350.1944; 170; 547.8; 
567; 0; 1347.3015; 170; 548; 
567; 0; 1344.4128; 170; 548.2; 
567; 0; 1341.5266; 170; 548.4; 
567; 0; 1338.6418; 170; 548.6; 
567; 0; 1337.2056; 170; 548.8; 
567; 0; 1335.767; 170; 549; 
567; 0; 1334.3249; 170; 549.2; 
567; 0; 1334.3281; 170; 549.4; 
567; 0; 1334.3272; 170; 549.6; 
567; 0; 1334.323; 170; 549.8; 
567; 0; 1332.8668; 170; 550; 
567; 0; 1332.8587; 170; 550.2; 
567; 0; 1331.4007; 170; 550.4; 
567; 0; 1331.3927; 170; 550.6; 
567; 0; 1329.9367; 170; 550.8; 
567; 0; 1328.4827; 170; 551; 
567; 0; 1327.0308; 170; 551.2; 
567; 0; 1324.1314; 170; 551.4; 
567; 0; 1322.683; 170; 551.6; 
567; 0; 1321.2358; 170; 551.8; 
567; 0; 1319.7893; 170; 552; 
567; 0; 1318.3432; 170; 552.2; 
567; 0; 1316.8968; 170; 552.4; 
567; 0; 1315.4498; 170; 552.6; 
567; 0; 1315.4514; 170; 552.8; 
567; 0; 1314.0025; 170; 553; 
567; 0; 1312.5528; 170; 553.2; 
567; 0; 1312.5516; 170; 553.4; 
567; 0; 1311.1005; 170; 553.6; 
567; 0; 1311.0985; 170; 553.8; 
567; 0; 1309.6471; 170; 554; 
567; 0; 1309.6454; 170; 554.2; 
567; 0; 1308.1947; 170; 554.4; 
567; 0; 1306.7444; 170; 554.6; 
567; 0; 1306.7438; 170; 554.8; 
567; 0; 1305.2941; 170; 555; 
567; 0; 1305.2941; 170; 555.2; 
567; 0; 1303.8448; 170; 555.4; 
567; 0; 1303.845; 170; 555.6; 
567; 0; 1302.3957; 170; 555.8; 
567; 0; 1302.3959; 170; 556; 
567; 0; 1300.9465; 170; 556.2; 
567; 0; 1300.9464; 170; 556.4; 
567; 0; 1299.4968; 170; 556.6; 
567; 0; 1299.4964; 170; 556.8; 
567; 0; 1299.496; 170; 557; 
567; 0; 1298.0461; 170; 557.2; 
567; 0; 1298.0457; 170; 557.4; 
567; 0; 1298.0452; 170; 557.6; 
567; 0; 1296.5954; 170; 557.8; 
567; 0; 1296.5951; 170; 558; 
567; 0; 1296.5948; 170; 558.2; 
567; 0; 1295.1451; 170; 558.4; 
567; 0; 1295.1449; 170; 558.6; 
567; 0; 1295.1448; 170; 558.8; 
567; 0; 1293.6954; 170; 559; 
567; 0; 1293.6953; 170; 559.2; 
567; 0; 1293.6953; 170; 559.4; 
567; 0; 1293.6952; 170; 559.6; 
567; 0; 1292.2456; 170; 559.8; 
567; 0; 1292.2455; 170; 560; 
567; 0; 1292.2454; 170; 560.2; 
567; 0; 1292.2453; 170; 560.4; 
567; 0; 1292.245; 170; 560.6; 
567; 0; 1290.7953; 170; 560.8; 
567; 0; 1290.7951; 170; 561; 
567; 0; 1300.433; 170; 561.2; 
567; 0; 1300.4328; 170; 561.4; 
567; 0; 1300.4326; 170; 561.6; 
567; 0; 1298.9765; 170; 561.8; 
567; 0; 1298.9764; 170; 562; 
567; 0; 1298.9763; 170; 562.2; 
567; 0; 1297.5204; 170; 562.4; 
567; 0; 1297.5204; 170; 562.6; 
567; 0; 1296.0644; 170; 562.8; 
567; 0; 1296.0643; 170; 563; 
567; 0; 1294.6082; 170; 563.2; 
567; 0; 1294.6081; 170; 563.4; 
567; 0; 1293.1521; 170; 563.6; 
567; 0; 1293.1519; 170; 563.8; 
567; 0; 1291.6957; 170; 564; 
567; 0; 1291.6955; 170; 564.2; 
567; 0; 1290.2394; 170; 564.4; 
567; 0; 1290.2392; 170; 564.6; 
567; 0; 1290.2391; 170; 564.8; 
567; 0; 1288.7831; 170; 565; 
567; 0; 1288.7829; 170; 565.2; 
567; 0; 1287.327; 170; 565.4; 
567; 0; 1287.3271; 170; 565.6; 
567; 0; 1285.8712; 170; 565.8; 
567; 0; 1285.8712; 170; 566; 
567; 0; 1285.871; 170; 566.2; 
567; 0; 1284.4149; 170; 566.4; 
567; 0; 1284.4148; 170; 566.6; 
567; 0; 1284.4146; 170; 566.8; 
567; 0; 1282.9584; 170; 567; 
567; 0; 1282.9581; 170; 567.2; 
567; 0; 1282.9579; 170; 567.4; 
567; 0; 1282.9578; 170; 567.6; 
567; 0; 1281.5018; 170; 567.8; 
567; 0; 1281.5018; 170; 568; 
567; 0; 1281.5018; 170; 568.2; 
567; 0; 1281.5018; 170; 568.4; 
567; 0; 1280.0458; 170; 568.6; 
567; 0; 1280.0458; 170; 568.8; 
567; 0; 1280.0459; 170; 569; 
567; 0; 1280.0459; 170; 569.2; 
567; 0; 1280.0459; 170; 569.4; 
567; 0; 1280.0458; 170; 569.6; 
567; 0; 1278.5898; 170; 569.8; 
567; 0; 1278.5897; 170; 570; 
567; 0; 1278.5896; 170; 570.2; 
567; 0; 1278.5894; 170; 570.4; 
567; 0; 1278.5893; 170; 570.6; 
567; 0; 1278.5893; 170; 570.8; 
567; 0; 1278.5892; 170; 571; 
567; 0; 1278.5892; 170; 571.2; 
567; 0; 1278.5892; 170; 571.4; 
567; 0; 1278.5892; 170; 571.6; 
567; 0; 1277.1333; 170; 571.8; 
567; 0; 1277.1334; 170; 572; 
567; 0; 1277.1334; 170; 572.2; 
567; 0; 1277.1334; 170; 572.4; 
567; 0; 1277.1334; 170; 572.6; 
567; 0; 1277.1334; 170; 572.8; 
567; 0; 1277.1334; 170; 573; 
567; 0; 1277.1333; 170; 573.2; 
567; 0; 1277.1331; 170; 573.4; 
567; 0; 1277.1329; 170; 573.6; 
567; 0; 1277.1326; 170; 573.8; 
567; 0; 1277.1326; 170; 574; 
567; 0; 1277.1326; 170; 574.2; 
567; 0; 1277.1326; 170; 574.4; 
567; 0; 1277.1327; 170; 574.6; 
567; 0; 1277.1328; 170; 574.8; 
567; 0; 1277.1328; 170; 575; 
567; 0; 1277.1328; 170; 575.2; 
567; 0; 1277.1328; 170; 575.4; 
567; 0; 1277.1328; 170; 575.6; 
567; 0; 1277.1327; 170; 575.8; 
567; 0; 1275.6767; 170; 576; 
567; 0; 1275.6765; 170; 576.2; 
567; 0; 1275.6764; 170; 576.4; 
567; 0; 1275.6762; 170; 576.6; 
567; 0; 1275.676; 170; 576.8; 
567; 0; 1275.676; 170; 577; 
567; 0; 1275.6761; 170; 577.2; 
567; 0; 1275.6762; 170; 577.4; 
567; 0; 1275.6764; 170; 577.6; 
567; 0; 1275.6765; 170; 577.8; 
567; 0; 1275.6765; 170; 578; 
567; 0; 1275.6765; 170; 578.2; 
567; 0; 1275.6765; 170; 578.4; 
567; 0; 1275.6766; 170; 578.6; 
567; 0; 1275.6766; 170; 578.8; 
567; 0; 1275.6766; 170; 579; 
567; 0; 1275.6766; 170; 579.2; 
567; 0; 1275.6765; 170; 579.4; 
567; 0; 1275.6764; 170; 579.6; 
567; 0; 1275.6763; 170; 579.8; 
567; 0; 1275.6763; 170; 580; 
567; 0; 1275.6762; 170; 580.2; 
567; 0; 1275.676; 170; 580.4; 
567; 0; 1275.6758; 170; 580.6; 
567; 0; 1275.6758; 170; 580.8; 
567; 0; 1275.6758; 170; 581; 
567; 0; 1275.6759; 170; 581.2; 
567; 0; 1275.676; 170; 581.4; 
567; 0; 1275.6761; 170; 581.6; 
567; 0; 1275.6762; 170; 581.8; 
567; 0; 1275.6762; 170; 582; 
567; 0; 1275.6763; 170; 582.2; 
567; 0; 1275.6763; 170; 582.4; 
567; 0; 1275.6763; 170; 582.6; 
567; 0; 1275.6762; 170; 582.8; 
567; 0; 1275.6761; 170; 583; 
567; 0; 1275.676; 170; 583.2; 
567; 0; 1275.676; 170; 583.4; 
567; 0; 1275.6759; 170; 583.6; 
567; 0; 1275.6759; 170; 583.8; 
567; 0; 1275.6759; 170; 584; 
567; 0; 1275.6759; 170; 584.2; 
567; 0; 1275.6759; 170; 584.4; 
567; 0; 1275.676; 170; 584.6; 
567; 0; 1277.1323; 170; 584.8; 
567; 0; 1277.134; 170; 585; 
567; 0; 1277.1377; 170; 585.2; 
567; 0; 1277.1446; 170; 585.4; 
567; 0; 1278.6123; 170; 585.6; 
567; 0; 1278.6301; 170; 585.8; 
567; 0; 1277.199; 170; 586; 
567; 0; 1278.6861; 170; 586.2; 
567; 0; 1278.7212; 170; 586.4; 
567; 0; 1281.6685; 170; 586.6; 
567; 0; 1287.5242; 170; 586.8; 
567; 0; 1293.373; 170; 587; 
567; 0; 1292.4785; 170; 587.2; 
567; 0; 1302.6286; 170; 587.4; 
567; 0; 1312.7672; 170; 587.6; 
567; 0; 1324.3449; 170; 587.8; 
567; 0; 1333.0153; 170; 588; 
567; 0; 1341.6802; 170; 588.2; 
567; 0; 1348.8934; 170; 588.4; 
567; 0; 1353.2086; 170; 588.6; 
567; 0; 1357.5274; 170; 588.8; 
567; 0; 1360.4028; 170; 589; 
567; 0; 1360.387; 170; 589.2; 
567; 0; 1361.8288; 170; 589.4; 
567; 0; 1361.8291; 170; 589.6; 
567; 0; 1360.3866; 170; 589.8; 
567; 0; 1360.3978; 170; 590; 
567; 0; 1361.86; 170; 590.2; 
567; 0; 1361.8716; 170; 590.4; 
567; 0; 1363.3289; 170; 590.6; 
567; 0; 1366.2303; 170; 590.8; 
567; 0; 1367.6759; 170; 591; 
567; 0; 1369.1153; 170; 591.2; 
567; 0; 1370.5496; 170; 591.4; 
567; 0; 1370.5312; 170; 591.6; 
567; 0; 1370.5123; 170; 591.8; 
567; 0; 1369.0458; 170; 592; 
567; 0; 1366.1332; 170; 592.2; 
567; 0; 1363.2252; 170; 592.4; 
567; 0; 1360.3225; 170; 592.6; 
567; 0; 1355.9758; 170; 592.8; 
567; 0; 1351.6337; 170; 593; 
567; 0; 1348.7445; 170; 593.2; 
567; 0; 1344.4079; 170; 593.4; 
567; 0; 1341.521; 170; 593.6; 
567; 0; 1338.6332; 170; 593.8; 
567; 0; 1337.1931; 170; 594; 
567; 0; 1334.3005; 170; 594.2; 
567; 0; 1332.8537; 170; 594.4; 
567; 0; 1332.8531; 170; 594.6; 
567; 0; 1331.4005; 170; 594.8; 
567; 0; 1329.9461; 170; 595; 
567; 0; 1328.4906; 170; 595.2; 
567; 0; 1327.0353; 170; 595.4; 
567; 0; 1325.5809; 170; 595.6; 
567; 0; 1324.1276; 170; 595.8; 
567; 0; 1321.2262; 170; 596; 
567; 0; 1319.7756; 170; 596.2; 
567; 0; 1318.3264; 170; 596.4; 
567; 0; 1316.8781; 170; 596.6; 
567; 0; 1313.9811; 170; 596.8; 
567; 0; 1312.5339; 170; 597; 
567; 0; 1311.0866; 170; 597.2; 
567; 0; 1309.639; 170; 597.4; 
567; 0; 1308.1909; 170; 597.6; 
567; 0; 1308.1916; 170; 597.8; 
567; 0; 1306.7423; 170; 598; 
567; 0; 1305.2924; 170; 598.2; 
567; 0; 1305.2915; 170; 598.4; 
567; 0; 1303.8409; 170; 598.6; 
567; 0; 1303.8396; 170; 598.8; 
567; 0; 1302.3891; 170; 599; 
567; 0; 1300.9387; 170; 599.2; 
567; 0; 1300.938; 170; 599.4; 
567; 0; 1299.4881; 170; 599.6; 
567; 0; 1299.488; 170; 599.8; 
567; 0; 1298.0387; 170; 600; 
567; 0; 1298.0389; 170; 600.2; 
567; 0; 1296.5896; 170; 600.4; 
567; 0; 1296.5897; 170; 600.6; 
567; 0; 1295.1403; 170; 600.8; 
567; 0; 1295.1402; 170; 601; 
567; 0; 1295.1399; 170; 601.2; 
567; 0; 1293.6902; 170; 601.4; 
567; 0; 1293.69; 170; 601.6; 
567; 0; 1293.6897; 170; 601.8; 
567; 0; 1292.24; 170; 602; 
567; 0; 1292.2397; 170; 602.2; 
567; 0; 1292.2395; 170; 602.4; 
567; 0; 1290.7899; 170; 602.6; 
567; 0; 1290.7897; 170; 602.8; 
567; 0; 1300.4277; 170; 603; 
567; 0; 1300.4276; 170; 603.2; 
567; 0; 1298.9716; 170; 603.4; 
567; 0; 1298.9715; 170; 603.6; 
567; 0; 1298.9716; 170; 603.8; 
567; 0; 1297.5157; 170; 604; 
567; 0; 1297.5157; 170; 604.2; 
567; 0; 1297.5156; 170; 604.4; 
567; 0; 1296.0596; 170; 604.6; 
567; 0; 1296.0594; 170; 604.8; 
567; 0; 1294.6032; 170; 605; 
567; 0; 1294.6029; 170; 605.2; 
567; 0; 1293.1467; 170; 605.4; 
567; 0; 1291.6906; 170; 605.6; 
567; 0; 1291.6903; 170; 605.8; 
567; 0; 1290.2342; 170; 606; 
567; 0; 1290.2341; 170; 606.2; 
567; 0; 1288.778; 170; 606.4; 
567; 0; 1288.7779; 170; 606.6; 
567; 0; 1287.3218; 170; 606.8; 
567; 0; 1287.3216; 170; 607; 
567; 0; 1285.8655; 170; 607.2; 
567; 0; 1285.8653; 170; 607.4; 
567; 0; 1285.8653; 170; 607.6; 
567; 0; 1284.4094; 170; 607.8; 
567; 0; 1284.4095; 170; 608; 
567; 0; 1282.9537; 170; 608.2; 
567; 0; 1282.9539; 170; 608.4; 
567; 0; 1282.9539; 170; 608.6; 
567; 0; 1281.4979; 170; 608.8; 
567; 0; 1281.4977; 170; 609; 
567; 0; 1281.4974; 170; 609.2; 
567; 0; 1281.4971; 170; 609.4; 
567; 0; 1280.0409; 170; 609.6; 
567; 0; 1280.0408; 170; 609.8; 
567; 0; 1280.0406; 170; 610; 
567; 0; 1280.0406; 170; 610.2; 
567; 0; 1278.5846; 170; 610.4; 
567; 0; 1278.5846; 170; 610.6; 
567; 0; 1278.5845; 170; 610.8; 
567; 0; 1278.5845; 170; 611; 
567; 0; 1278.5845; 170; 611.2; 
567; 0; 1278.5843; 170; 611.4; 
567; 0; 1278.584; 170; 611.6; 
567; 0; 1277.1279; 170; 611.8; 
567; 0; 1277.1278; 170; 612; 
567; 0; 1277.1279; 170; 612.2; 
567; 0; 1277.1281; 170; 612.4; 
567; 0; 1277.1282; 170; 612.6; 
567; 0; 1277.1283; 170; 612.8; 
567; 0; 1277.1283; 170; 613; 
567; 0; 1277.1282; 170; 613.2; 
567; 0; 1277.1281; 170; 613.4; 
567; 0; 1277.1279; 170; 613.6; 
567; 0; 1275.672; 170; 613.8; 
567; 0; 1275.6719; 170; 614; 
567; 0; 1275.6719; 170; 614.2; 
567; 0; 1275.6719; 170; 614.4; 
567; 0; 1275.6719; 170; 614.6; 
567; 0; 1275.6719; 170; 614.8; 
567; 0; 1275.6719; 170; 615; 
567; 0; 1275.672; 170; 615.2; 
567; 0; 1275.672; 170; 615.4; 
567; 0; 1275.672; 170; 615.6; 
567; 0; 1275.6719; 170; 615.8; 
567; 0; 1275.6717; 170; 616; 
567; 0; 1275.6715; 170; 616.2; 
567; 0; 1275.6714; 170; 616.4; 
567; 0; 1275.6713; 170; 616.6; 
567; 0; 1275.6712; 170; 616.8; 
567; 0; 1275.6711; 170; 617; 
567; 0; 1275.6711; 170; 617.2; 
567; 0; 1275.671; 170; 617.4; 
567; 0; 1274.2151; 170; 617.6; 
567; 0; 1274.2152; 170; 617.8; 
567; 0; 1274.2154; 170; 618; 
567; 0; 1274.2155; 170; 618.2; 
567; 0; 1274.2157; 170; 618.4; 
567; 0; 1274.2157; 170; 618.6; 
567; 0; 1274.2157; 170; 618.8; 
567; 0; 1274.2157; 170; 619; 
567; 0; 1274.2156; 170; 619.2; 
567; 0; 1274.2155; 170; 619.4; 
567; 0; 1274.2155; 170; 619.6; 
567; 0; 1274.2154; 170; 619.8; 
567; 0; 1274.2153; 170; 620; 
567; 0; 1274.2151; 170; 620.2; 
567; 0; 1274.215; 170; 620.4; 
567; 0; 1274.215; 170; 620.6; 
567; 0; 1274.215; 170; 620.8; 
567; 0; 1274.2151; 170; 621; 
567; 0; 1274.2152; 170; 621.2; 
567; 0; 1274.2152; 170; 621.4; 
567; 0; 1274.2152; 170; 621.6; 
567; 0; 1274.2151; 170; 621.8; 
567; 0; 1274.2151; 170; 622; 
567; 0; 1274.2152; 170; 622.2; 
567; 0; 1274.2152; 170; 622.4; 
567; 0; 1274.2152; 170; 622.6; 
567; 0; 1274.2153; 170; 622.8; 
567; 0; 1274.2153; 170; 623; 
567; 0; 1274.2152; 170; 623.2; 
567; 0; 1274.2151; 170; 623.4; 
567; 0; 1274.215; 170; 623.6; 
567; 0; 1274.2148; 170; 623.8; 
567; 0; 1274.2147; 170; 624; 
567; 0; 1274.2147; 170; 624.2; 
567; 0; 1274.2148; 170; 624.4; 
567; 0; 1274.215; 170; 624.6; 
567; 0; 1274.2151; 170; 624.8; 
567; 0; 1274.2153; 170; 625; 
567; 0; 1274.2153; 170; 625.2; 
567; 0; 1274.2152; 170; 625.4; 
567; 0; 1274.215; 170; 625.6; 
567; 0; 1274.2148; 170; 625.8; 
567; 0; 1274.2147; 170; 626; 
567; 0; 1274.2146; 170; 626.2; 
567; 0; 1274.2146; 170; 626.4; 
567; 0; 1274.2146; 170; 626.6; 
567; 0; 1274.2146; 170; 626.8; 
567; 0; 1274.2148; 170; 627; 
567; 0; 1274.215; 170; 627.2; 
567; 0; 1274.2151; 170; 627.4; 
567; 0; 1274.2153; 170; 627.6; 
567; 0; 1274.2154; 170; 627.8; 
567; 0; 1274.2152; 170; 628; 
567; 0; 1274.2151; 170; 628.2; 
567; 0; 1274.2149; 170; 628.4; 
567; 0; 1274.2147; 170; 628.6; 
567; 0; 1274.2145; 170; 628.8; 
567; 0; 1274.2143; 170; 629; 
567; 0; 1274.2142; 170; 629.2; 
567; 0; 1274.2143; 170; 629.4; 
567; 0; 1272.7585; 170; 629.6; 
567; 0; 1272.7588; 170; 629.8; 
567; 0; 1272.759; 0; 630; 
567; 0; 0; 0; 630.2; 
567; 0; 0; 0; 630.4; 
567; 0; 0; 0; 630.6; 
567; 0; 0; 0; 630.8; 
567; 0; 0; 0; 631; 
567; 0; 0; 0; 631.2; 
567; 0; 0; 0; 631.4; 
567; 0; 0; 0; 631.6; 
567; 0; 0; 0; 631.8; 
567; 0; 0; 0; 632; 
567; 0; 0; 0; 632.2; 
567; 0; 0; 0; 632.4; 
567; 0; 0; 0; 632.6; 
567; 0; 0; 0; 632.8; 
567; 0; 0; 0; 633; 
567; 0; 0; 0; 633.2; 
567; 0; 0; 0; 633.4; 
567; 0; 0; 0; 633.6; 
567; 0; 0; 0; 633.8; 
567; 0; 0; 0; 634; 
567; 0; 0; 0; 634.2; 
567; 0; 0; 0; 634.4; 
567; 0; 0; 0; 634.6; 
567; 0; 0; 0; 634.8; 
567; 0; 0; 0; 635; 
567; 0; 0; 0; 635.2; 
567; 0; 0; 0; 635.4; 
567; 0; 0; 0; 635.6; 
567; 0; 0; 0; 635.8; 
567; 0; 0; 0; 636; 
567; 0; 0; 0; 636.2; 
567; 0; 0; 0; 636.4; 
567; 0; 0; 0; 636.6; 
567; 0; 0; 0; 636.8; 
567; 0; 0; 0; 637; 
567; 0; 0; 0; 637.2; 
567; 0; 0; 0; 637.4; 
567; 0; 0; 0; 637.6; 
567; 0; 0; 0; 637.8; 
567; 0; 0; 0; 638; 
567; 0; 0; 0; 638.2; 
567; 0; 0; 0; 638.4; 
567; 0; 0; 0; 638.6; 
567; 0; 0; 0; 638.8; 
567; 0; 0; 0; 639; 
567; 0; 0; 0; 639.2; 
567; 0; 0; 0; 639.4; 
567; 0; 0; 0; 639.6; 
567; 0; 0; 0; 639.8; 
567; 0; 0; 0; 640; 
567; 0; 0; 0; 640.2; 
567; 0; 0; 0; 640.4; 
567; 0; 0; 0; 640.6; 
567; 0; 0; 0; 640.8; 
567; 0; 0; 0; 641; 
567; 0; 0; 0; 641.2; 
567; 0; 0; 0; 641.4; 
567; 0; 0; 0; 641.6; 
567; 0; 0; 0; 641.8; 
567; 0; 0; 0; 642; 
567; 0; 0; 0; 642.2; 
567; 0; 0; 0; 642.4; 
567; 0; 0; 0; 642.6; 
567; 0; 0; 0; 642.8; 
567; 0; 0; 0; 643; 
567; 0; 0; 0; 643.2; 
567; 0; 0; 0; 643.4; 
567; 0; 0; 0; 643.6; 
567; 0; 0; 0; 643.8; 
567; 0; 0; 0; 644; 
567; 0; 0; 0; 644.2; 
567; 0; 0; 0; 644.4; 
567; 0; 0; 0; 644.6; 
567; 0; 0; 0; 644.8; 
567; 0; 0; 0; 645; 
567; 0; 0; 0; 645.2; 
567; 0; 0; 0; 645.4; 
567; 0; 0; 0; 645.6; 
567; 0; 0; 0; 645.8; 
567; 0; 0; 0; 646; 
567; 0; 0; 0; 646.2; 
567; 0; 0; 0; 646.4; 
567; 0; 0; 0; 646.6; 
567; 0; 0; 0; 646.8; 
567; 0; 0; 0; 647; 
567; 0; 0; 0; 647.2; 
567; 0; 0; 0; 647.4; 
567; 0; 0; 0; 647.6; 
567; 0; 0; 0; 647.8; 
567; 0; 0; 0; 648; 
567; 0; 0; 0; 648.2; 
567; 0; 0; 0; 648.4; 
567; 0; 0; 0; 648.6; 
567; 0; 0; 0; 648.8; 
567; 0; 0; 0; 649; 
567; 0; 0; 0; 649.2; 
567; 0; 0; 0; 649.4; 
567; 0; 0; 0; 649.6; 
567; 0; 0; 0; 649.8; 
567; 0; 0; 0; 650; 
567; 0; 0; 0; 650.2; 
567; 0; 0; 0; 650.4; 
567; 0; 0; 0; 650.6; 
567; 0; 0; 0; 650.8; 
567; 0; 0; 0; 651; 
567; 0; 0; 0; 651.2; 
567; 0; 0; 0; 651.4; 
567; 0; 0; 0; 651.6; 
567; 0; 0; 0; 651.8; 
567; 0; 0; 0; 652; 
567; 0; 0; 0; 652.2; 
567; 0; 0; 0; 652.4; 
567; 0; 0; 0; 652.6; 
567; 0; 0; 0; 652.8; 
567; 0; 0; 0; 653; 
567; 0; 0; 0; 653.2; 
567; 0; 0; 0; 653.4; 
567; 0; 0; 0; 653.6; 
567; 0; 0; 0; 653.8; 
567; 0; 0; 0; 654; 
567; 0; 0; 0; 654.2; 
567; 0; 0; 0; 654.4; 
567; 0; 0; 0; 654.6; 
567; 0; 0; 0; 654.8; 
567; 0; 0; 0; 655; 
567; 0; 0; 0; 655.2; 
567; 0; 0; 0; 655.4; 
567; 0; 0; 0; 655.6; 
567; 0; 0; 0; 655.8; 
567; 0; 0; 0; 656; 
567; 0; 0; 0; 656.2; 
567; 0; 0; 0; 656.4; 
567; 0; 0; 0; 656.6; 
567; 0; 0; 0; 656.8; 
567; 0; 0; 0; 657; 
567; 0; 0; 0; 657.2; 
567; 0; 0; 0; 657.4; 
567; 0; 0; 0; 657.6; 
567; 0; 0; 0; 657.8; 
567; 0; 0; 0; 658; 
567; 0; 0; 0; 658.2; 
567; 0; 0; 0; 658.4; 
567; 0; 0; 0; 658.6; 
567; 0; 0; 0; 658.8; 
567; 0; 0; 0; 659; 
567; 0; 0; 0; 659.2; 
567; 0; 0; 0; 659.4; 
567; 0; 0; 0; 659.6; 
567; 0; 0; 0; 659.8; 
567; 0; 0; 0; 660; 
567; 0; 0; 0; 660.2; 
567; 0; 0; 0; 660.4; 
567; 0; 0; 0; 660.6; 
567; 0; 0; 0; 660.8; 
567; 0; 0; 0; 661; 
567; 0; 0; 0; 661.2; 
567; 0; 0; 0; 661.4; 
567; 0; 0; 0; 661.6; 
567; 0; 0; 0; 661.8; 
567; 0; 0; 0; 662; 
567; 0; 0; 0; 662.2; 
567; 0; 0; 0; 662.4; 
567; 0; 0; 0; 662.6; 
567; 0; 0; 0; 662.8; 
567; 0; 0; 0; 663; 
567; 0; 0; 0; 663.2; 
567; 0; 0; 0; 663.4; 
567; 0; 0; 0; 663.6; 
567; 0; 0; 0; 663.8; 
567; 0; 0; 0; 664; 
567; 0; 0; 0; 664.2; 
567; 0; 0; 0; 664.4; 
567; 0; 0; 0; 664.6; 
567; 0; 0; 0; 664.8; 
567; 0; 0; 0; 665; 
567; 0; 0; 0; 665.2; 
567; 0; 0; 0; 665.4; 
567; 0; 0; 0; 665.6; 
567; 0; 0; 0; 665.8; 
567; 0; 0; 0; 666; 
567; 0; 0; 0; 666.2; 
567; 0; 0; 0; 666.4; 
567; 0; 0; 0; 666.6; 
567; 0; 0; 0; 666.8; 
567; 0; 0; 0; 667; 
567; 0; 0; 0; 667.2; 
567; 0; 0; 0; 667.4; 
567; 0; 0; 0; 667.6; 
567; 0; 0; 0; 667.8; 
567; 0; 0; 0; 668; 
567; 0; 0; 0; 668.2; 
567; 0; 0; 0; 668.4; 
567; 0; 0; 0; 668.6; 
567; 0; 0; 0; 668.8; 
567; 0; 0; 0; 669; 
567; 0; 0; 0; 669.2; 
567; 0; 0; 0; 669.4; 
567; 0; 0; 0; 669.6; 
567; 0; 0; 0; 669.8; 
567; 0; 0; 0; 670; 
567; 0; 0; 0; 670.2; 
567; 0; 0; 0; 670.4; 
567; 0; 0; 0; 670.6; 
567; 0; 0; 0; 670.8; 
567; 0; 0; 0; 671; 
567; 0; 0; 0; 671.2; 
567; 0; 0; 0; 671.4; 
567; 0; 0; 0; 671.6; 
567; 0; 0; 0; 671.8; 
567; 0; 0; 0; 672; 
567; 0; 0; 0; 672.2; 
567; 0; 0; 0; 672.4; 
567; 0; 0; 0; 672.6; 
567; 0; 0; 0; 672.8; 
567; 0; 0; 0; 673; 
567; 0; 0; 0; 673.2; 
567; 0; 0; 0; 673.4; 
567; 0; 0; 0; 673.6; 
567; 0; 0; 0; 673.8; 
567; 0; 0; 0; 674; 
567; 0; 0; 0; 674.2; 
567; 0; 0; 0; 674.4; 
567; 0; 0; 0; 674.6; 
567; 0; 0; 0; 674.8; 
567; 0; 0; 0; 675; 
567; 0; 0; 0; 675.2; 
567; 0; 0; 0; 675.4; 
567; 0; 0; 0; 675.6; 
567; 0; 0; 0; 675.8; 
567; 0; 0; 0; 676; 
567; 0; 0; 0; 676.2; 
567; 0; 0; 0; 676.4; 
567; 0; 0; 0; 676.6; 
567; 0; 0; 0; 676.8; 
567; 0; 0; 0; 677; 
567; 0; 0; 0; 677.2; 
567; 0; 0; 0; 677.4; 
567; 0; 0; 0; 677.6; 
567; 0; 0; 0; 677.8; 
567; 0; 0; 0; 678; 
567; 0; 0; 0; 678.2; 
567; 0; 0; 0; 678.4; 
567; 0; 0; 0; 678.6; 
567; 0; 0; 0; 678.8; 
567; 0; 0; 0; 679; 
567; 0; 0; 0; 679.2; 
567; 0; 0; 0; 679.4; 
567; 0; 0; 0; 679.6; 
567; 0; 0; 0; 679.8; 
567; 0; 0; 0; 680; 
567; 0; 0; 0; 680.2; 
567; 0; 0; 0; 680.4; 
567; 0; 0; 0; 680.6; 
567; 0; 0; 0; 680.8; 
567; 0; 0; 0; 681; 
567; 0; 0; 0; 681.2; 
567; 0; 0; 0; 681.4; 
567; 0; 0; 0; 681.6; 
567; 0; 0; 0; 681.8; 
567; 0; 0; 0; 682; 
567; 0; 0; 0; 682.2; 
567; 0; 0; 0; 682.4; 
567; 0; 0; 0; 682.6; 
567; 0; 0; 0; 682.8; 
567; 0; 0; 0; 683; 
567; 0; 0; 0; 683.2; 
567; 0; 0; 0; 683.4; 
567; 0; 0; 0; 683.6; 
567; 0; 0; 0; 683.8; 
567; 0; 0; 0; 684; 
567; 0; 0; 0; 684.2; 
567; 0; 0; 0; 684.4; 
567; 0; 0; 0; 684.6; 
567; 0; 0; 0; 684.8; 
567; 0; 0; 0; 685; 
567; 0; 0; 0; 685.2; 
567; 0; 0; 0; 685.4; 
567; 0; 0; 0; 685.6; 
567; 0; 0; 0; 685.8; 
567; 0; 0; 0; 686; 
567; 0; 0; 0; 686.2; 
567; 0; 0; 0; 686.4; 
567; 0; 0; 0; 686.6; 
567; 0; 0; 0; 686.8; 
567; 0; 0; 0; 687; 
567; 0; 0; 0; 687.2; 
567; 0; 0; 0; 687.4; 
567; 0; 0; 0; 687.6; 
567; 0; 0; 0; 687.8; 
567; 0; 0; 0; 688; 
567; 0; 0; 0; 688.2; 
567; 0; 0; 0; 688.4; 
567; 0; 0; 0; 688.6; 
567; 0; 0; 0; 688.8; 
567; 0; 0; 0; 689; 
567; 0; 0; 0; 689.2; 
567; 0; 0; 0; 689.4; 
567; 0; 0; 0; 689.6; 
567; 0; 0; 0; 689.8; 
567; 0; 0; 0; 690; 
567; 0; 0; 0; 690.2; 
567; 0; 0; 0; 690.4; 
567; 0; 0; 0; 690.6; 
567; 0; 0; 0; 690.8; 
567; 0; 0; 0; 691; 
567; 0; 0; 0; 691.2; 
567; 0; 0; 0; 691.4; 
567; 0; 0; 0; 691.6; 
567; 0; 0; 0; 691.8; 
567; 0; 0; 0; 692; 
567; 0; 0; 0; 692.2; 
567; 0; 0; 0; 692.4; 
567; 0; 0; 0; 692.6; 
567; 0; 0; 0; 692.8; 
567; 0; 0; 0; 693; 
567; 0; 0; 0; 693.2; 
567; 0; 0; 0; 693.4; 
567; 0; 0; 0; 693.6; 
567; 0; 0; 0; 693.8; 
567; 0; 0; 0; 694; 
567; 0; 0; 0; 694.2; 
567; 0; 0; 0; 694.4; 
567; 0; 0; 0; 694.6; 
567; 0; 0; 0; 694.8; 
567; 0; 0; 0; 695; 
567; 0; 0; 0; 695.2; 
567; 0; 0; 0; 695.4; 
567; 0; 0; 0; 695.6; 
567; 0; 0; 0; 695.8; 
567; 0; 0; 0; 696; 
567; 0; 0; 0; 696.2; 
567; 0; 0; 0; 696.4; 
567; 0; 0; 0; 696.6; 
567; 0; 0; 0; 696.8; 
567; 0; 0; 0; 697; 
567; 0; 0; 0; 697.2; 
567; 0; 0; 0; 697.4; 
567; 0; 0; 0; 697.6; 
567; 0; 0; 0; 697.8; 
567; 0; 0; 0; 698; 
567; 0; 0; 0; 698.2; 
567; 0; 0; 0; 698.4; 
567; 0; 0; 0; 698.6; 
567; 0; 0; 0; 698.8; 
567; 0; 0; 0; 699; 
567; 0; 0; 0; 699.2; 
567; 0; 0; 0; 699.4; 
567; 0; 0; 0; 699.6; 
567; 0; 0; 0; 699.8; 
567; 0; 0; 0; 700; 
567; 0; 0; 0; 700.2; 
567; 0; 0; 0; 700.4; 
567; 0; 0; 0; 700.6; 
567; 0; 0; 0; 700.8; 
567; 0; 0; 0; 701; 
567; 0; 0; 0; 701.2; 
567; 0; 0; 0; 701.4; 
567; 0; 0; 0; 701.6; 
567; 0; 0; 0; 701.8; 
567; 0; 0; 0; 702; 
567; 0; 0; 0; 702.2; 
567; 0; 0; 0; 702.4; 
567; 0; 0; 0; 702.6; 
567; 0; 0; 0; 702.8; 
567; 0; 0; 0; 703; 
567; 0; 0; 0; 703.2; 
567; 0; 0; 0; 703.4; 
567; 0; 0; 0; 703.6; 
567; 0; 0; 0; 703.8; 
567; 0; 0; 0; 704; 
567; 0; 0; 0; 704.2; 
567; 0; 0; 0; 704.4; 
567; 0; 0; 0; 704.6; 
567; 0; 0; 0; 704.8; 
567; 0; 0; 0; 705; 
567; 0; 0; 0; 705.2; 
567; 0; 0; 0; 705.4; 
567; 0; 0; 0; 705.6; 
567; 0; 0; 0; 705.8; 
567; 0; 0; 0; 706; 
567; 0; 0; 0; 706.2; 
567; 0; 0; 0; 706.4; 
567; 0; 0; 0; 706.6; 
567; 0; 0; 0; 706.8; 
567; 0; 0; 0; 707; 
567; 0; 0; 0; 707.2; 
567; 0; 0; 0; 707.4; 
567; 0; 0; 0; 707.6; 
567; 0; 0; 0; 707.8; 
567; 0; 0; 0; 708; 
567; 0; 0; 0; 708.2; 
567; 0; 0; 0; 708.4; 
567; 0; 0; 0; 708.6; 
567; 0; 0; 0; 708.8; 
567; 0; 0; 0; 709; 
567; 0; 0; 0; 709.2; 
567; 0; 0; 0; 709.4; 
567; 0; 0; 0; 709.6; 
567; 0; 0; 0; 709.8; 
567; 0; 0; 0; 710; 
567; 0; 0; 0; 710.2; 
567; 0; 0; 0; 710.4; 
567; 0; 0; 0; 710.6; 
567; 0; 0; 0; 710.8; 
567; 0; 0; 0; 711; 
567; 0; 0; 0; 711.2; 
567; 0; 0; 0; 711.4; 
567; 0; 0; 0; 711.6; 
567; 0; 0; 0; 711.8; 
567; 0; 0; 0; 712; 
567; 0; 0; 0; 712.2; 
567; 0; 0; 0; 712.4; 
567; 0; 0; 0; 712.6; 
567; 0; 0; 0; 712.8; 
567; 0; 0; 0; 713; 
567; 0; 0; 0; 713.2; 
567; 0; 0; 0; 713.4; 
567; 0; 0; 0; 713.6; 
567; 0; 0; 0; 713.8; 
567; 0; 0; 0; 714; 
567; 0; 0; 0; 714.2; 
567; 0; 0; 0; 714.4; 
567; 0; 0; 0; 714.6; 
567; 0; 0; 0; 714.8; 
567; 0; 0; 0; 715; 
567; 0; 0; 0; 715.2; 
567; 0; 0; 0; 715.4; 
567; 0; 0; 0; 715.6; 
567; 0; 0; 0; 715.8; 
567; 0; 0; 0; 716; 
567; 0; 0; 0; 716.2; 
567; 0; 0; 0; 716.4; 
567; 0; 0; 0; 716.6; 
567; 0; 0; 0; 716.8; 
567; 0; 0; 0; 717; 
567; 0; 0; 0; 717.2; 
567; 0; 0; 0; 717.4; 
567; 0; 0; 0; 717.6; 
567; 0; 0; 0; 717.8; 
567; 0; 0; 0; 718; 
567; 0; 0; 0; 718.2; 
567; 0; 0; 0; 718.4; 
567; 0; 0; 0; 718.6; 
567; 0; 0; 0; 718.8; 
567; 0; 0; 0; 719; 
567; 0; 0; 0; 719.2; 
567; 0; 0; 0; 719.4; 
567; 0; 0; 0; 719.6; 
567; 0; 0; 0; 719.8; 
567; 0; 0; 0; 720; 
567; 0; 0; 0; 720.2; 
567; 0; 0; 0; 720.4; 
567; 0; 0; 0; 720.6; 
567; 0; 0; 0; 720.8; 
567; 0; 0; 0; 721; 
567; 0; 0; 0; 721.2; 
567; 0; 0; 0; 721.4; 
567; 0; 0; 0; 721.6; 
567; 0; 0; 0; 721.8; 
567; 0; 0; 0; 722; 
567; 0; 0; 0; 722.2; 
567; 0; 0; 0; 722.4; 
567; 0; 0; 0; 722.6; 
567; 0; 0; 0; 722.8; 
567; 0; 0; 0; 723; 
567; 0; 0; 0; 723.2; 
567; 0; 0; 0; 723.4; 
567; 0; 0; 0; 723.6; 
567; 0; 0; 0; 723.8; 
567; 0; 0; 0; 724; 
567; 0; 0; 0; 724.2; 
567; 0; 0; 0; 724.4; 
567; 0; 0; 0; 724.6; 
567; 0; 0; 0; 724.8; 
567; 0; 0; 0; 725; 
567; 0; 0; 0; 725.2; 
567; 0; 0; 0; 725.4; 
567; 0; 0; 0; 725.6; 
567; 0; 0; 0; 725.8; 
567; 0; 0; 0; 726; 
567; 0; 0; 0; 726.2; 
567; 0; 0; 0; 726.4; 
567; 0; 0; 0; 726.6; 
567; 0; 0; 0; 726.8; 
567; 0; 0; 0; 727; 
567; 0; 0; 0; 727.2; 
567; 0; 0; 0; 727.4; 
567; 0; 0; 0; 727.6; 
567; 0; 0; 0; 727.8; 
567; 0; 0; 0; 728; 
567; 0; 0; 0; 728.2; 
567; 0; 0; 0; 728.4; 
567; 0; 0; 0; 728.6; 
567; 0; 0; 0; 728.8; 
567; 0; 0; 0; 729; 
567; 0; 0; 0; 729.2; 
567; 0; 0; 0; 729.4; 
567; 0; 0; 0; 729.6; 
567; 0; 0; 0; 729.8; 
567; 0; 0; 0; 730; 
567; 0; 0; 0; 730.2; 
567; 0; 0; 0; 730.4; 
567; 0; 0; 0; 730.6; 
567; 0; 0; 0; 730.8; 
567; 0; 0; 0; 731; 
567; 0; 0; 0; 731.2; 
567; 0; 0; 0; 731.4; 
567; 0; 0; 0; 731.6; 
567; 0; 0; 0; 731.8; 
567; 0; 0; 0; 732; 
567; 0; 0; 0; 732.2; 
567; 0; 0; 0; 732.4; 
567; 0; 0; 0; 732.6; 
567; 0; 0; 0; 732.8; 
567; 0; 0; 0; 733; 
567; 0; 0; 0; 733.2; 
567; 0; 0; 0; 733.4; 
567; 0; 0; 0; 733.6; 
567; 0; 0; 0; 733.8; 
567; 0; 0; 0; 734; 
567; 0; 0; 0; 734.2; 
567; 0; 0; 0; 734.4; 
567; 0; 0; 0; 734.6; 
567; 0; 0; 0; 734.8; 
567; 0; 0; 0; 735; 
567; 0; 0; 0; 735.2; 
567; 0; 0; 0; 735.4; 
567; 0; 0; 0; 735.6; 
567; 0; 0; 0; 735.8; 
567; 0; 0; 0; 736; 
567; 0; 0; 0; 736.2; 
567; 0; 0; 0; 736.4; 
567; 0; 0; 0; 736.6; 
567; 0; 0; 0; 736.8; 
567; 0; 0; 0; 737; 
567; 0; 0; 0; 737.2; 
567; 0; 0; 0; 737.4; 
567; 0; 0; 0; 737.6; 
567; 0; 0; 0; 737.8; 
567; 0; 0; 0; 738; 
567; 0; 0; 0; 738.2; 
567; 0; 0; 0; 738.4; 
567; 0; 0; 0; 738.6; 
567; 0; 0; 0; 738.8; 
567; 0; 0; 0; 739; 
567; 0; 0; 0; 739.2; 
567; 0; 0; 0; 739.4; 
567; 0; 0; 0; 739.6; 
567; 0; 0; 0; 739.8; 
567; 0; 0; 0; 740; 
567; 0; 0; 0; 740.2; 
567; 0; 0; 0; 740.4; 
567; 0; 0; 0; 740.6; 
567; 0; 0; 0; 740.8; 
567; 0; 0; 0; 741; 
567; 0; 0; 0; 741.2; 
567; 0; 0; 0; 741.4; 
567; 0; 0; 0; 741.6; 
567; 0; 0; 0; 741.8; 
567; 0; 0; 0; 742; 
567; 0; 0; 0; 742.2; 
567; 0; 0; 0; 742.4; 
567; 0; 0; 0; 742.6; 
567; 0; 0; 0; 742.8; 
567; 0; 0; 0; 743; 
567; 0; 0; 0; 743.2; 
567; 0; 0; 0; 743.4; 
567; 0; 0; 0; 743.6; 
567; 0; 0; 0; 743.8; 
567; 0; 0; 0; 744; 
567; 0; 0; 0; 744.2; 
567; 0; 0; 0; 744.4; 
567; 0; 0; 0; 744.6; 
567; 0; 0; 0; 744.8; 
567; 0; 0; 0; 745; 
567; 0; 0; 0; 745.2; 
567; 0; 0; 0; 745.4; 
567; 0; 0; 0; 745.6; 
567; 0; 0; 0; 745.8; 
567; 0; 0; 0; 746; 
567; 0; 0; 0; 746.2; 
567; 0; 0; 0; 746.4; 
567; 0; 0; 0; 746.6; 
567; 0; 0; 0; 746.8; 
567; 0; 0; 0; 747; 
567; 0; 0; 0; 747.2; 
567; 0; 0; 0; 747.4; 
567; 0; 0; 0; 747.6; 
567; 0; 0; 0; 747.8; 
567; 0; 0; 0; 748; 
567; 0; 0; 0; 748.2; 
567; 0; 0; 0; 748.4; 
567; 0; 0; 0; 748.6; 
567; 0; 0; 0; 748.8; 
567; 0; 0; 0; 749; 
567; 0; 0; 0; 749.2; 
567; 0; 0; 0; 749.4; 
567; 0; 0; 0; 749.6; 
567; 0; 0; 0; 749.8; 
567; 0; 0; 0; 750; 
567; 0; 0; 0; 750.2; 
567; 0; 0; 0; 750.4; 
567; 0; 0; 0; 750.6; 
567; 0; 0; 0; 750.8; 
567; 0; 0; 0; 751; 
567; 0; 0; 0; 751.2; 
567; 0; 0; 0; 751.4; 
567; 0; 0; 0; 751.6; 
567; 0; 0; 0; 751.8; 
567; 0; 0; 0; 752; 
567; 0; 0; 0; 752.2; 
567; 0; 0; 0; 752.4; 
567; 0; 0; 0; 752.6; 
567; 0; 0; 0; 752.8; 
567; 0; 0; 0; 753; 
567; 0; 0; 0; 753.2; 
567; 0; 0; 0; 753.4; 
567; 0; 0; 0; 753.6; 
567; 0; 0; 0; 753.8; 
567; 0; 0; 0; 754; 
567; 0; 0; 0; 754.2; 
567; 0; 0; 0; 754.4; 
567; 0; 0; 0; 754.6; 
567; 0; 0; 0; 754.8; 
567; 0; 0; 0; 755; 
567; 0; 0; 0; 755.2; 
567; 0; 0; 0; 755.4; 
567; 0; 0; 0; 755.6; 
567; 0; 0; 0; 755.8; 
567; 0; 0; 0; 756; 
567; 0; 0; 0; 756.2; 
567; 0; 0; 0; 756.4; 
567; 0; 0; 0; 756.6; 
567; 0; 0; 0; 756.8; 
567; 0; 0; 0; 757; 
567; 0; 0; 0; 757.2; 
567; 0; 0; 0; 757.4; 
567; 0; 0; 0; 757.6; 
567; 0; 0; 0; 757.8; 
567; 0; 0; 0; 758; 
567; 0; 0; 0; 758.2; 
567; 0; 0; 0; 758.4; 
567; 0; 0; 0; 758.6; 
567; 0; 0; 0; 758.8; 
567; 0; 0; 0; 759; 
567; 0; 0; 0; 759.2; 
567; 0; 0; 0; 759.4; 
567; 0; 0; 0; 759.6; 
567; 0; 0; 0; 759.8; 
567; 0; 0; 0; 760; 
567; 0; 0; 0; 760.2; 
567; 0; 0; 0; 760.4; 
567; 0; 0; 0; 760.6; 
567; 0; 0; 0; 760.8; 
567; 0; 0; 0; 761; 
567; 0; 0; 0; 761.2; 
567; 0; 0; 0; 761.4; 
567; 0; 0; 0; 761.6; 
567; 0; 0; 0; 761.8; 
567; 0; 0; 0; 762; 
567; 0; 0; 0; 762.2; 
567; 0; 0; 0; 762.4; 
567; 0; 0; 0; 762.6; 
567; 0; 0; 0; 762.8; 
567; 0; 0; 0; 763; 
567; 0; 0; 0; 763.2; 
567; 0; 0; 0; 763.4; 
567; 0; 0; 0; 763.6; 
567; 0; 0; 0; 763.8; 
567; 0; 0; 0; 764; 
567; 0; 0; 0; 764.2; 
567; 0; 0; 0; 764.4; 
567; 0; 0; 0; 764.6; 
567; 0; 0; 0; 764.8; 
567; 0; 0; 0; 765; 
567; 0; 0; 0; 765.2; 
567; 0; 0; 0; 765.4; 
567; 0; 0; 0; 765.6; 
567; 0; 0; 0; 765.8; 
567; 0; 0; 0; 766; 
567; 0; 0; 0; 766.2; 
567; 0; 0; 0; 766.4; 
567; 0; 0; 0; 766.6; 
567; 0; 0; 0; 766.8; 
567; 0; 0; 0; 767; 
567; 0; 0; 0; 767.2; 
567; 0; 0; 0; 767.4; 
567; 0; 0; 0; 767.6; 
567; 0; 0; 0; 767.8; 
567; 0; 0; 0; 768; 
567; 0; 0; 0; 768.2; 
567; 0; 0; 0; 768.4; 
567; 0; 0; 0; 768.6; 
567; 0; 0; 0; 768.8; 
567; 0; 0; 0; 769; 
567; 0; 0; 0; 769.2; 
567; 0; 0; 0; 769.4; 
567; 0; 0; 0; 769.6; 
567; 0; 0; 0; 769.8; 
567; 0; 0; 0; 770; 
567; 0; 0; 0; 770.2; 
567; 0; 0; 0; 770.4; 
567; 0; 0; 0; 770.6; 
567; 0; 0; 0; 770.8; 
567; 0; 0; 0; 771; 
567; 0; 0; 0; 771.2; 
567; 0; 0; 0; 771.4; 
567; 0; 0; 0; 771.6; 
567; 0; 0; 0; 771.8; 
567; 0; 0; 0; 772; 
567; 0; 0; 0; 772.2; 
567; 0; 0; 0; 772.4; 
567; 0; 0; 0; 772.6; 
567; 0; 0; 0; 772.8; 
567; 0; 0; 0; 773; 
567; 0; 0; 0; 773.2; 
567; 0; 0; 0; 773.4; 
567; 0; 0; 0; 773.6; 
567; 0; 0; 0; 773.8; 
567; 0; 0; 0; 774; 
567; 0; 0; 0; 774.2; 
567; 0; 0; 0; 774.4; 
567; 0; 0; 0; 774.6; 
567; 0; 0; 0; 774.8; 
567; 0; 0; 0; 775; 
567; 0; 0; 0; 775.2; 
567; 0; 0; 0; 775.4; 
567; 0; 0; 0; 775.6; 
567; 0; 0; 0; 775.8; 
567; 0; 0; 0; 776; 
567; 0; 0; 0; 776.2; 
567; 0; 0; 0; 776.4; 
567; 0; 0; 0; 776.6; 
567; 0; 0; 0; 776.8; 
567; 0; 0; 0; 777; 
567; 0; 0; 0; 777.2; 
567; 0; 0; 0; 777.4; 
567; 0; 0; 0; 777.6; 
567; 0; 0; 0; 777.8; 
567; 0; 0; 0; 778; 
567; 0; 0; 0; 778.2; 
567; 0; 0; 0; 778.4; 
567; 0; 0; 0; 778.6; 
567; 0; 0; 0; 778.8; 
567; 0; 0; 0; 779; 
567; 0; 0; 0; 779.2; 
567; 0; 0; 0; 779.4; 
567; 0; 0; 0; 779.6; 
567; 0; 0; 0; 779.8; 
567; 0; 0; 0; 780; 
567; 0; 0; 0; 780.2; 
567; 0; 0; 0; 780.4; 
567; 0; 0; 0; 780.6; 
567; 0; 0; 0; 780.8; 
567; 0; 0; 0; 781; 
567; 0; 0; 0; 781.2; 
567; 0; 0; 0; 781.4; 
567; 0; 0; 0; 781.6; 
567; 0; 0; 0; 781.8; 
567; 0; 0; 0; 782; 
567; 0; 0; 0; 782.2; 
567; 0; 0; 0; 782.4; 
567; 0; 0; 0; 782.6; 
567; 0; 0; 0; 782.8; 
567; 0; 0; 0; 783; 
567; 0; 0; 0; 783.2; 
567; 0; 0; 0; 783.4; 
567; 0; 0; 0; 783.6; 
567; 0; 0; 0; 783.8; 
567; 0; 0; 0; 784; 
567; 0; 0; 0; 784.2; 
567; 0; 0; 0; 784.4; 
567; 0; 0; 0; 784.6; 
567; 0; 0; 0; 784.8; 
567; 0; 0; 0; 785; 
567; 0; 0; 0; 785.2; 
567; 0; 0; 0; 785.4; 
567; 0; 0; 0; 785.6; 
567; 0; 0; 0; 785.8; 
567; 0; 0; 0; 786; 
567; 0; 0; 0; 786.2; 
567; 0; 0; 0; 786.4; 
567; 0; 0; 0; 786.6; 
567; 0; 0; 0; 786.8; 
567; 0; 0; 0; 787; 
567; 0; 0; 0; 787.2; 
567; 0; 0; 0; 787.4; 
567; 0; 0; 0; 787.6; 
567; 0; 0; 0; 787.8; 
567; 0; 0; 0; 788; 
567; 0; 0; 0; 788.2; 
567; 0; 0; 0; 788.4; 
567; 0; 0; 0; 788.6; 
567; 0; 0; 0; 788.8; 
567; 0; 0; 0; 789; 
567; 0; 0; 0; 789.2; 
567; 0; 0; 0; 789.4; 
567; 0; 0; 0; 789.6; 
567; 0; 0; 0; 789.8; 
567; 0; 0; 0; 790; 
567; 0; 0; 0; 790.2; 
567; 0; 0; 0; 790.4; 
567; 0; 0; 0; 790.6; 
567; 0; 0; 0; 790.8; 
567; 0; 0; 0; 791; 
567; 0; 0; 0; 791.2; 
567; 0; 0; 0; 791.4; 
567; 0; 0; 0; 791.6; 
567; 0; 0; 0; 791.8; 
567; 0; 0; 0; 792; 
567; 0; 0; 0; 792.2; 
567; 0; 0; 0; 792.4; 
567; 0; 0; 0; 792.6; 
567; 0; 0; 0; 792.8; 
567; 0; 0; 0; 793; 
567; 0; 0; 0; 793.2; 
567; 0; 0; 0; 793.4; 
567; 0; 0; 0; 793.6; 
567; 0; 0; 0; 793.8; 
567; 0; 0; 0; 794; 
567; 0; 0; 0; 794.2; 
567; 0; 0; 0; 794.4; 
567; 0; 0; 0; 794.6; 
567; 0; 0; 0; 794.8; 
567; 0; 0; 0; 795; 
567; 0; 0; 0; 795.2; 
567; 0; 0; 0; 795.4; 
567; 0; 0; 0; 795.6; 
567; 0; 0; 0; 795.8; 
567; 0; 0; 0; 796; 
567; 0; 0; 0; 796.2; 
567; 0; 0; 0; 796.4; 
567; 0; 0; 0; 796.6; 
567; 0; 0; 0; 796.8; 
567; 0; 0; 0; 797; 
567; 0; 0; 0; 797.2; 
567; 0; 0; 0; 797.4; 
567; 0; 0; 0; 797.6; 
567; 0; 0; 0; 797.8; 
567; 0; 0; 0; 798; 
567; 0; 0; 0; 798.2; 
567; 0; 0; 0; 798.4; 
567; 0; 0; 0; 798.6; 
567; 0; 0; 0; 798.8; 
567; 0; 0; 0; 799; 
567; 0; 0; 0; 799.2; 
567; 0; 0; 0; 799.4; 
567; 0; 0; 0; 799.6; 
567; 0; 0; 0; 799.8; 
567; 0; 0; 0; 800; 
567; 0; 0; 0; 800.2; 
567; 0; 0; 0; 800.4; 
567; 0; 0; 0; 800.6; 
567; 0; 0; 0; 800.8; 
567; 0; 0; 0; 801; 
567; 0; 0; 0; 801.2; 
567; 0; 0; 0; 801.4; 
567; 0; 0; 0; 801.6; 
567; 0; 0; 0; 801.8; 
567; 0; 0; 0; 802; 
567; 0; 0; 0; 802.2; 
567; 0; 0; 0; 802.4; 
567; 0; 0; 0; 802.6; 
567; 0; 0; 0; 802.8; 
567; 0; 0; 0; 803; 
567; 0; 0; 0; 803.2; 
567; 0; 0; 0; 803.4; 
567; 0; 0; 0; 803.6; 
567; 0; 0; 0; 803.8; 
567; 0; 0; 0; 804; 
567; 0; 0; 0; 804.2; 
567; 0; 0; 0; 804.4; 
567; 0; 0; 0; 804.6; 
567; 0; 0; 0; 804.8; 
567; 0; 0; 0; 805; 
567; 0; 0; 0; 805.2; 
567; 0; 0; 0; 805.4; 
567; 0; 0; 0; 805.6; 
567; 0; 0; 0; 805.8; 
567; 0; 0; 0; 806; 
567; 0; 0; 0; 806.2; 
567; 0; 0; 0; 806.4; 
567; 0; 0; 0; 806.6; 
567; 0; 0; 0; 806.8; 
567; 0; 0; 0; 807; 
567; 0; 0; 0; 807.2; 
567; 0; 0; 0; 807.4; 
567; 0; 0; 0; 807.6; 
567; 0; 0; 0; 807.8; 
567; 0; 0; 0; 808; 
567; 0; 0; 0; 808.2; 
567; 0; 0; 0; 808.4; 
567; 0; 0; 0; 808.6; 
567; 0; 0; 0; 808.8; 
567; 0; 0; 0; 809; 
567; 0; 0; 0; 809.2; 
567; 0; 0; 0; 809.4; 
567; 0; 0; 0; 809.6; 
567; 0; 0; 0; 809.8; 
567; 0; 0; 0; 810; 
567; 0; 0; 0; 810.2; 
567; 0; 0; 0; 810.4; 
567; 0; 0; 0; 810.6; 
567; 0; 0; 0; 810.8; 
567; 0; 0; 0; 811; 
567; 0; 0; 0; 811.2; 
567; 0; 0; 0; 811.4; 
567; 0; 0; 0; 811.6; 
567; 0; 0; 0; 811.8; 
567; 0; 0; 0; 812; 
567; 0; 0; 0; 812.2; 
567; 0; 0; 0; 812.4; 
567; 0; 0; 0; 812.6; 
567; 0; 0; 0; 812.8; 
567; 0; 0; 0; 813; 
567; 0; 0; 0; 813.2; 
567; 0; 0; 0; 813.4; 
567; 0; 0; 0; 813.6; 
567; 0; 0; 0; 813.8; 
567; 0; 0; 0; 814; 
567; 0; 0; 0; 814.2; 
567; 0; 0; 0; 814.4; 
567; 0; 0; 0; 814.6; 
567; 0; 0; 0; 814.8; 
567; 0; 0; 0; 815; 
567; 0; 0; 0; 815.2; 
567; 0; 0; 0; 815.4; 
567; 0; 0; 0; 815.6; 
567; 0; 0; 0; 815.8; 
567; 0; 0; 0; 816; 
567; 0; 0; 0; 816.2; 
567; 0; 0; 0; 816.4; 
567; 0; 0; 0; 816.6; 
567; 0; 0; 0; 816.8; 
567; 0; 0; 0; 817; 
567; 0; 0; 0; 817.2; 
567; 0; 0; 0; 817.4; 
567; 0; 0; 0; 817.6; 
567; 0; 0; 0; 817.8; 
567; 0; 0; 0; 818; 
567; 0; 0; 0; 818.2; 
567; 0; 0; 0; 818.4; 
567; 0; 0; 0; 818.6; 
567; 0; 0; 0; 818.8; 
567; 0; 0; 0; 819; 
567; 0; 0; 0; 819.2; 
567; 0; 0; 0; 819.4; 
567; 0; 0; 0; 819.6; 
567; 0; 0; 0; 819.8; 
567; 0; 0; 0; 820; 
567; 0; 0; 0; 820.2; 
567; 0; 0; 0; 820.4; 
567; 0; 0; 0; 820.6; 
567; 0; 0; 0; 820.8; 
567; 0; 0; 0; 821; 
567; 0; 0; 0; 821.2; 
567; 0; 0; 0; 821.4; 
567; 0; 0; 0; 821.6; 
567; 0; 0; 0; 821.8; 
567; 0; 0; 0; 822; 
567; 0; 0; 0; 822.2; 
567; 0; 0; 0; 822.4; 
567; 0; 0; 0; 822.6; 
567; 0; 0; 0; 822.8; 
567; 0; 0; 0; 823; 
567; 0; 0; 0; 823.2; 
567; 0; 0; 0; 823.4; 
567; 0; 0; 0; 823.6; 
567; 0; 0; 0; 823.8; 
567; 0; 0; 0; 824; 
567; 0; 0; 0; 824.2; 
