567; 0; 0; 170; 0; 
567; 0; 0; 170; 0.2; 
567; 0; 0; 170; 0.4; 
567; 0; 0; 170; 0.6; 
567; 0; 0; 170; 0.8; 
567; 0; 0; 170; 1; 
567; 0; 0; 170; 1.2; 
567; 0; 0; 170; 1.4; 
567; 0; 0; 170; 1.6; 
567; 0; 0; 170; 1.8; 
567; 0; 0; 170; 2; 
567; 0; 0; 170; 2.2; 
567; 0; 0; 170; 2.4; 
567; 0; 0; 170; 2.6; 
567; 0; 0; 170; 2.8; 
567; 0; 0; 170; 3; 
567; 0; 0; 170; 3.2; 
567; 0; 0; 170; 3.4; 
567; 0; 0; 170; 3.6; 
567; 0; 0; 170; 3.8; 
567; 0; 0; 170; 4; 
567; 0; 0; 170; 4.2; 
567; 0; 0; 170; 4.4; 
567; 0; 0; 170; 4.6; 
567; 0; 0; 170; 4.8; 
567; 0; 0; 170; 5; 
567; 0; 0; 170; 5.2; 
567; 0; 0; 170; 5.4; 
567; 0; 0; 170; 5.6; 
567; 0; 0; 170; 5.8; 
567; 0; 0; 170; 6; 
567; 0; 0; 170; 6.2; 
567; 0; 0; 170; 6.4; 
567; 0; 0; 170; 6.6; 
567; 0; 0; 170; 6.8; 
567; 0; 0; 170; 7; 
567; 0; 0; 170; 7.2; 
567; 0; 0; 170; 7.4; 
567; 0; 0; 170; 7.6; 
567; 0; 0; 170; 7.8; 
567; 0; 0; 170; 8; 
567; 0; 0; 170; 8.2; 
567; 0; 0; 170; 8.4; 
567; 0; 0; 170; 8.6; 
567; 0; 0; 170; 8.8; 
567; 0; 0; 170; 9; 
567; 0; 0; 170; 9.2; 
567; 0; 0; 170; 9.4; 
567; 0; 0; 170; 9.6; 
567; 0; 0; 170; 9.8; 
567; 0; 0; 170; 10; 
567; 0; 0; 170; 10.2; 
567; 0; 0; 170; 10.4; 
567; 0; 0; 170; 10.6; 
567; 0; 0; 170; 10.8; 
567; 0; 0; 170; 11; 
567; 0; 0; 170; 11.2; 
567; 0; 0; 170; 11.4; 
567; 0; 0; 170; 11.6; 
567; 0; 0; 170; 11.8; 
567; 0; 0; 170; 12; 
567; 0; 0; 170; 12.2; 
567; 0; 0; 170; 12.4; 
567; 0; 0; 170; 12.6; 
567; 0; 0; 170; 12.8; 
567; 0; 0; 170; 13; 
567; 0; 0; 170; 13.2; 
567; 0; 0; 170; 13.4; 
567; 0; 0; 170; 13.6; 
567; 0; 0; 170; 13.8; 
567; 0; 0; 170; 14; 
567; 0; 0; 170; 14.2; 
567; 0; 0; 170; 14.4; 
567; 0; 0; 170; 14.6; 
567; 0; 0; 170; 14.8; 
567; 0; 0; 170; 15; 
567; 0; 0; 170; 15.2; 
567; 0; 0; 170; 15.4; 
567; 0; 0; 170; 15.6; 
567; 0; 0; 170; 15.8; 
567; 0; 0; 170; 16; 
567; 0; 0; 170; 16.2; 
567; 0; 0; 170; 16.4; 
567; 0; 0; 170; 16.6; 
567; 0; 0; 170; 16.8; 
567; 0; 0; 170; 17; 
567; 0; 0; 170; 17.2; 
567; 0; 0; 170; 17.4; 
567; 0; 0; 170; 17.6; 
567; 0; 0; 170; 17.8; 
567; 0; 0; 170; 18; 
567; 0; 0; 170; 18.2; 
567; 0; 0; 170; 18.4; 
567; 0; 0; 170; 18.6; 
567; 0; 0; 170; 18.8; 
567; 0; 0; 170; 19; 
567; 0; 0; 170; 19.2; 
567; 0; 0; 170; 19.4; 
567; 0; 0; 170; 19.6; 
567; 0; 0; 170; 19.8; 
567; 0; 0; 170; 20; 
567; 0; 0; 170; 20.2; 
567; 0; 0; 170; 20.4; 
567; 0; 0; 170; 20.6; 
567; 0; 0; 170; 20.8; 
567; 0; 0; 170; 21; 
567; 0; 0; 170; 21.2; 
567; 0; 0; 170; 21.4; 
567; 0; 0; 170; 21.6; 
567; 0; 0; 170; 21.8; 
567; 0; 0; 170; 22; 
567; 0; 0; 170; 22.2; 
567; 0; 0; 170; 22.4; 
567; 0; 0; 170; 22.6; 
567; 0; 0; 170; 22.8; 
567; 0; 0; 170; 23; 
567; 0; 0; 170; 23.2; 
567; 0; 0; 170; 23.4; 
567; 0; 0; 170; 23.6; 
567; 0; 2464.852; 170; 23.8; 
567; 0; 2464.852; 170; 24; 
567; 0; 2464.852; 170; 24.2; 
567; 0; 2464.852; 170; 24.4; 
567; 0; 2464.852; 170; 24.6; 
567; 0; 2464.852; 170; 24.8; 
567; 0; 2464.852; 170; 25; 
567; 0; 2464.852; 170; 25.2; 
567; 0; 2464.852; 170; 25.4; 
567; 0; 2464.852; 170; 25.6; 
567; 0; 2464.852; 170; 25.8; 
567; 0; 2464.852; 170; 26; 
567; 0; 2464.852; 170; 26.2; 
567; 0; 2464.852; 170; 26.4; 
567; 0; 2464.852; 170; 26.6; 
567; 0; 2464.852; 170; 26.8; 
567; 0; 2464.852; 170; 27; 
567; 0; 2464.852; 170; 27.2; 
567; 0; 2464.852; 170; 27.4; 
567; 0; 2464.852; 170; 27.6; 
567; 0; 2464.852; 170; 27.8; 
567; 0; 2464.852; 170; 28; 
567; 0; 2464.852; 170; 28.2; 
567; 0; 2464.852; 170; 28.4; 
567; 0; 2464.852; 170; 28.6; 
567; 0; 2464.852; 170; 28.8; 
567; 0; 2464.852; 170; 29; 
567; 0; 2464.852; 170; 29.2; 
567; 0; 2464.852; 170; 29.4; 
567; 0; 2464.852; 170; 29.6; 
567; 0; 2464.852; 170; 29.8; 
567; 0; 2464.852; 170; 30; 
567; 0; 2464.852; 170; 30.2; 
567; 0; 2464.852; 170; 30.4; 
567; 0; 2464.852; 170; 30.6; 
567; 0; 2464.852; 170; 30.8; 
567; 0; 2464.852; 170; 31; 
567; 0; 2464.852; 170; 31.2; 
567; 0; 2464.852; 170; 31.4; 
567; 0; 2464.852; 170; 31.6; 
567; 0; 2464.852; 170; 31.8; 
567; 0; 2464.852; 170; 32; 
567; 0; 2464.852; 170; 32.2; 
567; 0; 2464.852; 170; 32.4; 
567; 0; 2464.852; 170; 32.6; 
567; 0; 2464.852; 170; 32.8; 
567; 0; 2464.852; 170; 33; 
567; 0; 2464.852; 170; 33.2; 
567; 0; 2464.852; 170; 33.4; 
567; 0; 2464.852; 170; 33.6; 
567; 0; 2464.852; 170; 33.8; 
567; 0; 2464.852; 170; 34; 
567; 0; 2464.852; 170; 34.2; 
567; 0; 2464.852; 170; 34.4; 
567; 0; 2464.852; 170; 34.6; 
567; 0; 2464.852; 170; 34.8; 
567; 0; 2464.852; 170; 35; 
567; 0; 2464.852; 170; 35.2; 
567; 0; 2464.852; 170; 35.4; 
567; 0; 2464.852; 170; 35.6; 
567; 0; 2464.852; 170; 35.8; 
567; 0; 2464.852; 170; 36; 
567; 0; 2464.852; 170; 36.2; 
567; 0; 2464.852; 170; 36.4; 
567; 0; 2464.852; 170; 36.6; 
567; 0; 2464.852; 170; 36.8; 
567; 0; 2464.852; 170; 37; 
567; 0; 2464.852; 170; 37.2; 
567; 0; 2464.852; 170; 37.4; 
567; 0; 2464.852; 170; 37.6; 
567; 0; 2464.852; 170; 37.8; 
567; 0; 2464.852; 170; 38; 
567; 0; 2464.852; 170; 38.2; 
567; 0; 2464.852; 170; 38.4; 
567; 0; 2464.852; 170; 38.6; 
567; 0; 2464.852; 170; 38.8; 
567; 0; 2481.5525; 170; 39; 
567; 0; 2515.5331; 170; 39.2; 
567; 0; 2567.2561; 170; 39.4; 
567; 0; 2765.5733; 170; 39.6; 
567; 0; 3019.0552; 170; 39.8; 
567; 0; 3070.8023; 170; 40; 
567; 0; 3104.2842; 170; 40.2; 
567; 0; 3154.7938; 170; 40.4; 
567; 0; 3185.7269; 170; 40.6; 
567; 0; 3213.7688; 170; 40.8; 
567; 0; 3227.7847; 170; 41; 
567; 0; 3241.9556; 170; 41.2; 
567; 0; 3241.4594; 170; 41.4; 
567; 0; 3240.974; 170; 41.6; 
567; 0; 3225.8644; 170; 41.8; 
567; 0; 3225.4086; 170; 42; 
567; 0; 3224.9625; 170; 42.2; 
567; 0; 3224.5265; 170; 42.4; 
567; 0; 3224.1015; 170; 42.6; 
567; 0; 3223.6882; 170; 42.8; 
567; 0; 3223.2871; 170; 43; 
567; 0; 3222.8988; 170; 43.2; 
567; 0; 3222.5234; 170; 43.4; 
567; 0; 3222.1597; 170; 43.6; 
567; 0; 3221.8065; 170; 43.8; 
567; 0; 3221.4629; 170; 44; 
567; 0; 3221.1284; 170; 44.2; 
567; 0; 3220.8026; 170; 44.4; 
567; 0; 3220.4852; 170; 44.6; 
567; 0; 3220.1763; 170; 44.8; 
567; 0; 3219.8756; 170; 45; 
567; 0; 3219.5833; 170; 45.2; 
567; 0; 3219.2993; 170; 45.4; 
567; 0; 3219.0237; 170; 45.6; 
567; 0; 3218.7565; 170; 45.8; 
567; 0; 3218.4978; 170; 46; 
567; 0; 3218.2476; 170; 46.2; 
567; 0; 3218.0059; 170; 46.4; 
567; 0; 3217.7729; 170; 46.6; 
567; 0; 3217.5486; 170; 46.8; 
567; 0; 3217.333; 170; 47; 
567; 0; 3217.1261; 170; 47.2; 
567; 0; 3231.37; 170; 47.4; 
567; 0; 3231.1768; 170; 47.6; 
567; 0; 3230.9927; 170; 47.8; 
567; 0; 3230.8179; 170; 48; 
567; 0; 3230.6523; 170; 48.2; 
567; 0; 3230.496; 170; 48.4; 
567; 0; 3244.9505; 170; 48.6; 
567; 0; 3244.8102; 170; 48.8; 
567; 0; 3244.6795; 170; 49; 
567; 0; 3244.5586; 170; 49.2; 
567; 0; 3244.4477; 170; 49.4; 
567; 0; 3244.3466; 170; 49.6; 
567; 0; 3259.0272; 170; 49.8; 
567; 0; 3258.9445; 170; 50; 
567; 0; 3258.8723; 170; 50.2; 
567; 0; 3258.8104; 170; 50.4; 
567; 0; 3273.7139; 170; 50.6; 
567; 0; 3273.6724; 170; 50.8; 
567; 0; 3273.6418; 170; 51; 
567; 0; 3273.6222; 170; 51.2; 
567; 0; 3288.7595; 170; 51.4; 
567; 0; 3288.7622; 170; 51.6; 
567; 0; 3288.7766; 170; 51.8; 
567; 0; 3304.1469; 170; 52; 
567; 0; 3304.1849; 170; 52.2; 
567; 0; 3304.2316; 170; 52.4; 
567; 0; 3304.2838; 170; 52.6; 
567; 0; 3316.6467; 170; 52.8; 
567; 0; 3316.7016; 170; 53; 
567; 0; 3316.7542; 170; 53.2; 
567; 0; 3316.8025; 170; 53.4; 
567; 0; 3329.3119; 170; 53.6; 
567; 0; 3329.3483; 170; 53.8; 
567; 0; 3329.377; 170; 54; 
567; 0; 3329.3977; 170; 54.2; 
567; 0; 3342.0372; 170; 54.4; 
567; 0; 3342.0426; 170; 54.6; 
567; 0; 3342.0411; 170; 54.8; 
567; 0; 3342.0332; 170; 55; 
567; 0; 3354.8076; 170; 55.2; 
567; 0; 3354.7898; 170; 55.4; 
567; 0; 3354.7686; 170; 55.6; 
567; 0; 3354.7451; 170; 55.8; 
567; 0; 3354.7204; 170; 56; 
567; 0; 3367.6457; 170; 56.2; 
567; 0; 3367.6209; 170; 56.4; 
567; 0; 3367.5973; 170; 56.6; 
567; 0; 3367.5755; 170; 56.8; 
567; 0; 3380.6722; 170; 57; 
567; 0; 3380.655; 170; 57.2; 
567; 0; 3380.6403; 170; 57.4; 
567; 0; 3380.6281; 170; 57.6; 
567; 0; 3393.904; 170; 57.8; 
567; 0; 3393.8964; 170; 58; 
567; 0; 3393.8907; 170; 58.2; 
567; 0; 3393.8867; 170; 58.4; 
567; 0; 3393.8838; 170; 58.6; 
567; 0; 3407.34; 170; 58.8; 
567; 0; 3407.3384; 170; 59; 
567; 0; 3407.3369; 170; 59.2; 
567; 0; 3407.3352; 170; 59.4; 
567; 0; 3420.9675; 170; 59.6; 
567; 0; 3420.9649; 170; 59.8; 
567; 0; 3420.9616; 170; 60; 
567; 0; 3420.9577; 170; 60.2; 
567; 0; 3434.7665; 170; 60.4; 
567; 0; 3434.7612; 170; 60.6; 
567; 0; 3434.7553; 170; 60.8; 
567; 0; 3434.7491; 170; 61; 
567; 0; 3434.7426; 170; 61.2; 
567; 0; 3445.6778; 170; 61.4; 
567; 0; 3445.6711; 170; 61.6; 
567; 0; 3445.6645; 170; 61.8; 
567; 0; 3445.658; 170; 62; 
567; 0; 3456.7205; 170; 62.2; 
567; 0; 3456.7146; 170; 62.4; 
567; 0; 3456.709; 170; 62.6; 
567; 0; 3456.7038; 170; 62.8; 
567; 0; 3456.699; 170; 63; 
567; 0; 3467.891; 170; 63.2; 
567; 0; 3467.8867; 170; 63.4; 
567; 0; 3467.8827; 170; 63.6; 
567; 0; 3467.879; 170; 63.8; 
567; 0; 3467.8753; 170; 64; 
567; 0; 3479.197; 170; 64.2; 
567; 0; 3479.1934; 170; 64.4; 
567; 0; 3479.1899; 170; 64.6; 
567; 0; 3479.1865; 170; 64.8; 
567; 0; 3479.1822; 170; 65; 
567; 0; 3490.6291; 170; 65.2; 
567; 0; 3490.6145; 170; 65.4; 
567; 0; 3490.5911; 170; 65.6; 
567; 0; 3490.5573; 170; 65.8; 
567; 0; 3490.5112; 170; 66; 
567; 0; 3502.0366; 170; 66.2; 
567; 0; 3501.9617; 170; 66.4; 
567; 0; 3501.8715; 170; 66.6; 
567; 0; 3501.7685; 170; 66.8; 
567; 0; 3501.6569; 170; 67; 
567; 0; 3501.541; 170; 67.2; 
567; 0; 3513.1383; 170; 67.4; 
567; 0; 3513.0244; 170; 67.6; 
567; 0; 3512.9163; 170; 67.8; 
567; 0; 3512.8158; 170; 68; 
567; 0; 3512.7237; 170; 68.2; 
567; 0; 3512.6401; 170; 68.4; 
567; 0; 3524.4077; 170; 68.6; 
567; 0; 3524.3383; 170; 68.8; 
567; 0; 3524.2748; 170; 69; 
567; 0; 3524.2158; 170; 69.2; 
567; 0; 3524.1603; 170; 69.4; 
567; 0; 3536.0831; 170; 69.6; 
567; 0; 3536.0319; 170; 69.8; 
567; 0; 3535.9822; 170; 70; 
567; 0; 3501.4613; 170; 70.2; 
567; 0; 3454.3025; 170; 70.4; 
567; 0; 3407.1461; 170; 70.6; 
567; 0; 3371.8273; 170; 70.8; 
567; 0; 3324.6817; 170; 71; 
567; 0; 3277.5397; 170; 71.2; 
567; 0; 3230.4016; 170; 71.4; 
567; 0; 3182.1722; 170; 71.6; 
567; 0; 3135.0418; 170; 71.8; 
567; 0; 3097.9467; 170; 72; 
567; 0; 3049.4369; 170; 72.2; 
567; 0; 2999.6146; 170; 72.4; 
567; 0; 2952.1662; 170; 72.6; 
567; 0; 2904.7204; 170; 72.8; 
567; 0; 2858.4623; 170; 73; 
567; 0; 2824.7898; 170; 73.2; 
567; 0; 2783.2155; 170; 73.4; 
567; 0; 2742.7661; 170; 73.6; 
567; 0; 2703.4414; 170; 73.8; 
567; 0; 2665.8267; 170; 74; 
567; 0; 2625.6359; 170; 74.2; 
567; 0; 2587.8812; 170; 74.4; 
567; 0; 2550.1282; 170; 74.6; 
567; 0; 2514.8112; 170; 74.8; 
567; 0; 2488.776; 170; 75; 
567; 0; 2455.7764; 170; 75.2; 
567; 0; 2422.7782; 170; 75.4; 
567; 0; 2392.2244; 170; 75.6; 
567; 0; 2361.6717; 170; 75.8; 
567; 0; 2333.4966; 170; 76; 
567; 0; 2305.7053; 170; 76.2; 
567; 0; 2278.4671; 170; 76.4; 
567; 0; 2252.4674; 170; 76.6; 
567; 0; 2227.7061; 170; 76.8; 
567; 0; 2202.9455; 170; 77; 
567; 0; 2180.6601; 170; 77.2; 
567; 0; 2158.3743; 170; 77.4; 
567; 0; 2138.563; 170; 77.6; 
567; 0; 2118.7512; 170; 77.8; 
567; 0; 2098.9394; 170; 78; 
567; 0; 2089.2932; 170; 78.2; 
567; 0; 2071.8991; 170; 78.4; 
567; 0; 2054.5061; 170; 78.6; 
567; 0; 2038.3561; 170; 78.8; 
567; 0; 2022.2076; 170; 79; 
567; 0; 2006.6605; 170; 79.2; 
567; 0; 1990.7015; 170; 79.4; 
567; 0; 1976.073; 170; 79.6; 
567; 0; 1961.4452; 170; 79.8; 
567; 0; 1946.8177; 170; 80; 
567; 0; 1933.52; 170; 80.2; 
567; 0; 1921.5519; 170; 80.4; 
567; 0; 1909.584; 170; 80.6; 
567; 0; 1897.8297; 170; 80.8; 
567; 0; 1887.5377; 170; 81; 
567; 0; 1878.5319; 170; 81.2; 
567; 0; 1868.2399; 170; 81.4; 
567; 0; 1859.2343; 170; 81.6; 
567; 0; 1850.229; 170; 81.8; 
567; 0; 1842.5101; 170; 82; 
567; 0; 1834.7916; 170; 82.2; 
567; 0; 1828.3596; 170; 82.4; 
567; 0; 1820.6415; 170; 82.6; 
567; 0; 1814.2098; 170; 82.8; 
567; 0; 1807.7782; 170; 83; 
567; 0; 1802.6331; 170; 83.2; 
567; 0; 1797.4881; 170; 83.4; 
567; 0; 1792.3432; 170; 83.6; 
567; 0; 1787.1983; 170; 83.8; 
567; 0; 1782.0536; 170; 84; 
567; 0; 1778.1951; 170; 84.2; 
567; 0; 1774.3367; 170; 84.4; 
567; 0; 1770.4783; 170; 84.6; 
567; 0; 1766.6198; 170; 84.8; 
567; 0; 1762.7613; 170; 85; 
567; 0; 1760.1891; 170; 85.2; 
567; 0; 1757.617; 170; 85.4; 
567; 0; 1755.0449; 170; 85.6; 
567; 0; 1752.473; 170; 85.8; 
567; 0; 1749.901; 170; 86; 
567; 0; 1747.3291; 170; 86.2; 
567; 0; 1746.0435; 170; 86.4; 
567; 0; 1743.4718; 170; 86.6; 
567; 0; 1742.1863; 170; 86.8; 
567; 0; 1740.9009; 170; 87; 
567; 0; 1739.6154; 170; 87.2; 
567; 0; 1738.3299; 170; 87.4; 
567; 0; 1737.0444; 170; 87.6; 
567; 0; 1737.0453; 170; 87.8; 
567; 0; 1735.76; 170; 88; 
567; 0; 1734.4747; 170; 88.2; 
567; 0; 1734.4757; 170; 88.4; 
567; 0; 1734.4766; 170; 88.6; 
567; 0; 1733.1914; 170; 88.8; 
567; 0; 1733.1924; 170; 89; 
567; 0; 1733.1934; 170; 89.2; 
567; 0; 1733.1942; 170; 89.4; 
567; 0; 1733.1949; 170; 89.6; 
567; 0; 1733.1956; 170; 89.8; 
567; 0; 1733.1964; 170; 90; 
567; 0; 1733.1973; 170; 90.2; 
567; 0; 1733.1983; 170; 90.4; 
567; 0; 1733.1992; 170; 90.6; 
567; 0; 1733.2002; 170; 90.8; 
567; 0; 1734.4876; 170; 91; 
567; 0; 1725.5243; 170; 91.2; 
567; 0; 1725.5255; 170; 91.4; 
567; 0; 1726.9069; 170; 91.6; 
567; 0; 1726.908; 170; 91.8; 
567; 0; 1728.2892; 170; 92; 
567; 0; 1728.2901; 170; 92.2; 
567; 0; 1729.6712; 170; 92.4; 
567; 0; 1731.0523; 170; 92.6; 
567; 0; 1732.4336; 170; 92.8; 
567; 0; 1732.4346; 170; 93; 
567; 0; 1733.7363; 170; 93.2; 
567; 0; 1735.02; 170; 93.4; 
567; 0; 1736.3038; 170; 93.6; 
567; 0; 1737.5876; 170; 93.8; 
567; 0; 1738.8715; 170; 94; 
567; 0; 1740.1553; 170; 94.2; 
567; 0; 1741.439; 170; 94.4; 
567; 0; 1742.7228; 170; 94.6; 
567; 0; 1744.0066; 170; 94.8; 
567; 0; 1745.2902; 170; 95; 
567; 0; 1746.5739; 170; 95.2; 
567; 0; 1747.8572; 170; 95.4; 
567; 0; 1750.4186; 170; 95.6; 
567; 0; 1755.5335; 170; 95.8; 
567; 0; 1761.9126; 170; 96; 
567; 0; 1770.833; 170; 96.2; 
567; 0; 1783.5728; 170; 96.4; 
567; 0; 1797.5624; 170; 96.6; 
567; 0; 1815.3643; 170; 96.8; 
567; 0; 1835.6933; 170; 97; 
567; 0; 1857.2652; 170; 97.2; 
567; 0; 1878.8004; 170; 97.4; 
567; 0; 1900.61; 170; 97.6; 
567; 0; 1920.1868; 170; 97.8; 
567; 0; 1939.7545; 170; 98; 
567; 0; 1957.9952; 170; 98.2; 
567; 0; 1973.5894; 170; 98.4; 
567; 0; 1989.1897; 170; 98.6; 
567; 0; 2003.4722; 170; 98.8; 
567; 0; 2016.432; 170; 99; 
567; 0; 2028.5436; 170; 99.2; 
567; 0; 2040.6568; 170; 99.4; 
567; 0; 2042.8809; 170; 99.6; 
567; 0; 2054.9496; 170; 99.8; 
567; 0; 2065.7812; 170; 100; 
567; 0; 2077.8404; 170; 100.2; 
567; 0; 2088.6615; 170; 100.4; 
567; 0; 2099.4774; 170; 100.6; 
567; 0; 2110.2889; 170; 100.8; 
567; 0; 2121.0967; 170; 101; 
567; 0; 2130.6694; 170; 101.2; 
567; 0; 2140.2405; 170; 101.4; 
567; 0; 2148.5785; 170; 101.6; 
567; 0; 2156.9164; 170; 101.8; 
567; 0; 2165.2546; 170; 102; 
567; 0; 2172.3609; 170; 102.2; 
567; 0; 2179.4673; 170; 102.4; 
567; 0; 2186.5739; 170; 102.6; 
567; 0; 2193.6803; 170; 102.8; 
567; 0; 2199.5541; 170; 103; 
567; 0; 2205.4274; 170; 103.2; 
567; 0; 2211.3; 170; 103.4; 
567; 0; 2215.9397; 170; 103.6; 
567; 0; 2220.5785; 170; 103.8; 
567; 0; 2226.4483; 170; 104; 
567; 0; 2231.0854; 170; 104.2; 
567; 0; 2234.4899; 170; 104.4; 
567; 0; 2239.1258; 170; 104.6; 
567; 0; 2242.5293; 170; 104.8; 
567; 0; 2245.9324; 170; 105; 
567; 0; 2249.3354; 170; 105.2; 
567; 0; 2252.7383; 170; 105.4; 
567; 0; 2254.9094; 170; 105.6; 
567; 0; 2258.3121; 170; 105.8; 
567; 0; 2260.4831; 170; 106; 
567; 0; 2262.6541; 170; 106.2; 
567; 0; 2264.8248; 170; 106.4; 
567; 0; 2266.9954; 170; 106.6; 
567; 0; 2267.9343; 170; 106.8; 
567; 0; 2270.1044; 170; 107; 
567; 0; 2271.0427; 170; 107.2; 
567; 0; 2273.2123; 170; 107.4; 
567; 0; 2274.1502; 170; 107.6; 
567; 0; 2275.088; 170; 107.8; 
567; 0; 2276.0258; 170; 108; 
567; 0; 2276.9635; 170; 108.2; 
567; 0; 2277.9012; 170; 108.4; 
567; 0; 2277.6076; 170; 108.6; 
567; 0; 2278.545; 170; 108.8; 
567; 0; 2278.2512; 170; 109; 
567; 0; 2279.1885; 170; 109.2; 
567; 0; 2278.8946; 170; 109.4; 
567; 0; 2278.6007; 170; 109.6; 
567; 0; 2279.6186; 170; 109.8; 
567; 0; 2279.3577; 170; 110; 
567; 0; 2279.0969; 170; 110.2; 
567; 0; 2278.836; 170; 110.4; 
567; 0; 2278.5751; 170; 110.6; 
567; 0; 2278.3142; 170; 110.8; 
567; 0; 2278.0533; 170; 111; 
567; 0; 2277.7924; 170; 111.2; 
567; 0; 2277.5316; 170; 111.4; 
567; 0; 2275.9815; 170; 111.6; 
567; 0; 2275.7206; 170; 111.8; 
567; 0; 2275.4596; 170; 112; 
567; 0; 2273.9095; 170; 112.2; 
567; 0; 2273.6486; 170; 112.4; 
567; 0; 2273.3876; 170; 112.6; 
567; 0; 2271.8376; 170; 112.8; 
567; 0; 2271.5766; 170; 113; 
567; 0; 2270.0267; 170; 113.2; 
567; 0; 2269.7656; 170; 113.4; 
567; 0; 2268.2157; 170; 113.6; 
567; 0; 2267.9547; 170; 113.8; 
567; 0; 2266.4048; 170; 114; 
567; 0; 2266.1437; 170; 114.2; 
567; 0; 2273.6524; 170; 114.4; 
567; 0; 2272.0974; 170; 114.6; 
567; 0; 2271.8358; 170; 114.8; 
567; 0; 2270.281; 170; 115; 
567; 0; 2268.7261; 170; 115.2; 
567; 0; 2268.4644; 170; 115.4; 
567; 0; 2266.9095; 170; 115.6; 
567; 0; 2265.3546; 170; 115.8; 
567; 0; 2263.7999; 170; 116; 
567; 0; 2262.2604; 170; 116.2; 
567; 0; 2260.7309; 170; 116.4; 
567; 0; 2259.2015; 170; 116.6; 
567; 0; 2257.6721; 170; 116.8; 
567; 0; 2257.3766; 170; 117; 
567; 0; 2255.8473; 170; 117.2; 
567; 0; 2254.3182; 170; 117.4; 
567; 0; 2252.7892; 170; 117.6; 
567; 0; 2251.2601; 170; 117.8; 
567; 0; 2249.731; 170; 118; 
567; 0; 2248.202; 170; 118.2; 
567; 0; 2246.6731; 170; 118.4; 
567; 0; 2245.1441; 170; 118.6; 
567; 0; 2243.6152; 170; 118.8; 
567; 0; 2242.0864; 170; 119; 
567; 0; 2240.5576; 170; 119.2; 
567; 0; 2239.0289; 170; 119.4; 
567; 0; 2237.5001; 170; 119.6; 
567; 0; 2235.9714; 170; 119.8; 
567; 0; 2234.4429; 170; 120; 
567; 0; 2234.1477; 170; 120.2; 
567; 0; 2232.6192; 170; 120.4; 
567; 0; 2231.0909; 170; 120.6; 
567; 0; 2229.5627; 170; 120.8; 
567; 0; 2228.0346; 170; 121; 
567; 0; 2226.5064; 170; 121.2; 
567; 0; 2226.2114; 170; 121.4; 
567; 0; 2224.6834; 170; 121.6; 
567; 0; 2223.1556; 170; 121.8; 
567; 0; 2221.6277; 170; 122; 
567; 0; 2220.0999; 170; 122.2; 
567; 0; 2218.5721; 170; 122.4; 
567; 0; 2218.2771; 170; 122.6; 
567; 0; 2216.7495; 170; 122.8; 
567; 0; 2215.2219; 170; 123; 
567; 0; 2213.6943; 170; 123.2; 
567; 0; 2213.3995; 170; 123.4; 
567; 0; 2211.8721; 170; 123.6; 
567; 0; 2210.3447; 170; 123.8; 
567; 0; 2208.8175; 170; 124; 
567; 0; 2208.5227; 170; 124.2; 
567; 0; 2206.9956; 170; 124.4; 
567; 0; 2205.4686; 170; 124.6; 
567; 0; 2205.174; 170; 124.8; 
567; 0; 2203.6471; 170; 125; 
567; 0; 2202.1202; 170; 125.2; 
567; 0; 2201.8257; 170; 125.4; 
567; 0; 2200.2989; 170; 125.6; 
567; 0; 2198.7722; 170; 125.8; 
567; 0; 2198.4777; 170; 126; 
567; 0; 2196.9511; 170; 126.2; 
567; 0; 2195.4247; 170; 126.4; 
567; 0; 2195.1304; 170; 126.6; 
567; 0; 2193.6041; 170; 126.8; 
567; 0; 2192.0779; 170; 127; 
567; 0; 2191.7836; 170; 127.2; 
567; 0; 2190.2574; 170; 127.4; 
567; 0; 2188.7313; 170; 127.6; 
567; 0; 2188.437; 170; 127.8; 
567; 0; 2186.911; 170; 128; 
567; 0; 2186.6168; 170; 128.2; 
567; 0; 2185.0909; 170; 128.4; 
567; 0; 2184.7971; 170; 128.6; 
567; 0; 2184.5042; 170; 128.8; 
567; 0; 2184.2128; 170; 129; 
567; 0; 2181.464; 170; 129.2; 
567; 0; 2178.7284; 170; 129.4; 
567; 0; 2173.5501; 170; 129.6; 
567; 0; 2165.9341; 170; 129.8; 
567; 0; 2157.1155; 170; 130; 
567; 0; 2147.0968; 170; 130.2; 
567; 0; 2133.4172; 170; 130.4; 
567; 0; 2118.5404; 170; 130.6; 
567; 0; 2101.2356; 170; 130.8; 
567; 0; 2082.7346; 170; 131; 
567; 0; 2063.036; 170; 131.2; 
567; 0; 2042.1333; 170; 131.4; 
567; 0; 2021.2478; 170; 131.6; 
567; 0; 2001.8739; 170; 131.8; 
567; 0; 1984.789; 170; 132; 
567; 0; 1970.3298; 170; 132.2; 
567; 0; 1958.4907; 170; 132.4; 
567; 0; 1957.0234; 170; 132.6; 
567; 0; 1947.7507; 170; 132.8; 
567; 0; 1938.4615; 170; 133; 
567; 0; 1927.8379; 170; 133.2; 
567; 0; 1917.2094; 170; 133.4; 
567; 0; 1906.5823; 170; 133.6; 
567; 0; 1894.6388; 170; 133.8; 
567; 0; 1881.3825; 170; 134; 
567; 0; 1868.1379; 170; 134.2; 
567; 0; 1854.9047; 170; 134.4; 
567; 0; 1841.681; 170; 134.6; 
567; 0; 1829.7872; 170; 134.8; 
567; 0; 1816.574; 170; 135; 
567; 0; 1806.0075; 170; 135.2; 
567; 0; 1795.4394; 170; 135.4; 
567; 0; 1784.8679; 170; 135.6; 
567; 0; 1775.6153; 170; 135.8; 
567; 0; 1767.6814; 170; 136; 
567; 0; 1759.7438; 170; 136.2; 
567; 0; 1751.8847; 170; 136.4; 
567; 0; 1745.4804; 170; 136.6; 
567; 0; 1739.0752; 170; 136.8; 
567; 0; 1732.669; 170; 137; 
567; 0; 1725.7787; 170; 137.2; 
567; 0; 1718.8899; 170; 137.4; 
567; 0; 1712.0029; 170; 137.6; 
567; 0; 1706.4947; 170; 137.8; 
567; 0; 1700.988; 170; 138; 
567; 0; 1695.4823; 170; 138.2; 
567; 0; 1689.9771; 170; 138.4; 
567; 0; 1684.4719; 170; 138.6; 
567; 0; 1680.3435; 170; 138.8; 
567; 0; 1676.2147; 170; 139; 
567; 0; 1672.0855; 170; 139.2; 
567; 0; 1667.9558; 170; 139.4; 
567; 0; 1665.2027; 170; 139.6; 
567; 0; 1662.4491; 170; 139.8; 
567; 0; 1658.3182; 170; 140; 
567; 0; 1655.5643; 170; 140.2; 
567; 0; 1652.8104; 170; 140.4; 
567; 0; 1651.4337; 170; 140.6; 
567; 0; 1648.6802; 170; 140.8; 
567; 0; 1645.9268; 170; 141; 
567; 0; 1644.5507; 170; 141.2; 
567; 0; 1641.7978; 170; 141.4; 
567; 0; 1640.4221; 170; 141.6; 
567; 0; 1639.0466; 170; 141.8; 
567; 0; 1637.6712; 170; 142; 
567; 0; 1636.2958; 170; 142.2; 
567; 0; 1634.9203; 170; 142.4; 
567; 0; 1633.5447; 170; 142.6; 
567; 0; 1633.5458; 170; 142.8; 
567; 0; 1632.17; 170; 143; 
567; 0; 1630.7942; 170; 143.2; 
567; 0; 1630.7956; 170; 143.4; 
567; 0; 1629.4199; 170; 143.6; 
567; 0; 1629.4213; 170; 143.8; 
567; 0; 1629.4227; 170; 144; 
567; 0; 1629.4241; 170; 144.2; 
567; 0; 1628.0483; 170; 144.4; 
567; 0; 1628.0496; 170; 144.6; 
567; 0; 1628.0509; 170; 144.8; 
567; 0; 1628.0521; 170; 145; 
567; 0; 1628.0533; 170; 145.2; 
567; 0; 1628.0546; 170; 145.4; 
567; 0; 1629.4313; 170; 145.6; 
567; 0; 1632.1767; 170; 145.8; 
567; 0; 1636.2826; 170; 146; 
567; 0; 1644.496; 170; 146.2; 
567; 0; 1655.434; 170; 146.4; 
567; 0; 1660.2995; 170; 146.6; 
567; 0; 1678.0033; 170; 146.8; 
567; 0; 1697.0403; 170; 147; 
567; 0; 1717.4101; 170; 147.2; 
567; 0; 1737.3882; 170; 147.4; 
567; 0; 1756.7269; 170; 147.6; 
567; 0; 1773.6026; 170; 147.8; 
567; 0; 1789.1564; 170; 148; 
567; 0; 1803.3952; 170; 148.2; 
567; 0; 1816.3237; 170; 148.4; 
567; 0; 1827.944; 170; 148.6; 
567; 0; 1839.5742; 170; 148.8; 
567; 0; 1849.8947; 170; 149; 
567; 0; 1858.903; 170; 149.2; 
567; 0; 1867.9143; 170; 149.4; 
567; 0; 1878.2438; 170; 149.6; 
567; 0; 1887.2528; 170; 149.8; 
567; 0; 1896.2579; 170; 150; 
567; 0; 1906.5761; 170; 150.2; 
567; 0; 1915.5714; 170; 150.4; 
567; 0; 1924.5622; 170; 150.6; 
567; 0; 1933.5494; 170; 150.8; 
567; 0; 1941.2162; 170; 151; 
567; 0; 1948.8816; 170; 151.2; 
567; 0; 1956.5464; 170; 151.4; 
567; 0; 1962.8937; 170; 151.6; 
567; 0; 1969.2417; 170; 151.8; 
567; 0; 1975.5906; 170; 152; 
567; 0; 1981.9404; 170; 152.2; 
567; 0; 1986.9735; 170; 152.4; 
567; 0; 1992.0069; 170; 152.6; 
567; 0; 1997.0404; 170; 152.8; 
567; 0; 2000.7563; 170; 153; 
567; 0; 2005.7891; 170; 153.2; 
567; 0; 2009.5037; 170; 153.4; 
567; 0; 2014.5351; 170; 153.6; 
567; 0; 2018.1242; 170; 153.8; 
567; 0; 2021.5915; 170; 154; 
567; 0; 2023.8279; 170; 154.2; 
567; 0; 2027.2941; 170; 154.4; 
567; 0; 2030.7601; 170; 154.6; 
567; 0; 2032.9958; 170; 154.8; 
567; 0; 2035.2312; 170; 155; 
567; 0; 2037.4667; 170; 155.2; 
567; 0; 2039.7021; 170; 155.4; 
567; 0; 2041.9377; 170; 155.6; 
567; 0; 2042.9432; 170; 155.8; 
567; 0; 2045.1788; 170; 156; 
567; 0; 2046.1843; 170; 156.2; 
567; 0; 2048.4198; 170; 156.4; 
567; 0; 2049.4251; 170; 156.6; 
567; 0; 2050.4301; 170; 156.8; 
567; 0; 2051.435; 170; 157; 
567; 0; 2052.4398; 170; 157.2; 
567; 0; 2053.4444; 170; 157.4; 
567; 0; 2054.449; 170; 157.6; 
567; 0; 2055.4534; 170; 157.8; 
567; 0; 2056.4577; 170; 158; 
567; 0; 2056.2322; 170; 158.2; 
567; 0; 2057.2363; 170; 158.4; 
567; 0; 2057.0105; 170; 158.6; 
567; 0; 2058.0145; 170; 158.8; 
567; 0; 2057.7889; 170; 159; 
567; 0; 2058.7929; 170; 159.2; 
567; 0; 2058.5674; 170; 159.4; 
567; 0; 2058.3418; 170; 159.6; 
567; 0; 2059.3456; 170; 159.8; 
567; 0; 2059.1199; 170; 160; 
567; 0; 2058.8943; 170; 160.2; 
567; 0; 2058.6688; 170; 160.4; 
567; 0; 2058.4431; 170; 160.6; 
567; 0; 2058.2175; 170; 160.8; 
567; 0; 2057.9918; 170; 161; 
567; 0; 2058.9954; 170; 161.2; 
567; 0; 2058.7702; 170; 161.4; 
567; 0; 2058.5462; 170; 161.6; 
567; 0; 2058.3242; 170; 161.8; 
567; 0; 2058.1052; 170; 162; 
567; 0; 2057.8902; 170; 162.2; 
567; 0; 2057.6802; 170; 162.4; 
567; 0; 2057.4758; 170; 162.6; 
567; 0; 2057.2762; 170; 162.8; 
567; 0; 2058.3079; 170; 163; 
567; 0; 2060.5679; 170; 163.2; 
567; 0; 2064.0529; 170; 163.4; 
567; 0; 2068.76; 170; 163.6; 
567; 0; 2074.6873; 170; 163.8; 
567; 0; 2081.8341; 170; 164; 
567; 0; 2088.9717; 170; 164.2; 
567; 0; 2096.1006; 170; 164.4; 
567; 0; 2101.9939; 170; 164.6; 
567; 0; 2105.4278; 170; 164.8; 
567; 0; 2106.4165; 170; 165; 
567; 0; 2104.9674; 170; 165.2; 
567; 0; 2101.0807; 170; 165.4; 
567; 0; 2093.5344; 170; 165.6; 
567; 0; 2084.7912; 170; 165.8; 
567; 0; 2073.6262; 170; 166; 
567; 0; 2060.0417; 170; 166.2; 
567; 0; 2042.8102; 170; 166.4; 
567; 0; 2024.3888; 170; 166.6; 
567; 0; 2002.6405; 170; 166.8; 
567; 0; 1979.0426; 170; 167; 
567; 0; 1955.4666; 170; 167.2; 
567; 0; 1935.8462; 170; 167.4; 
567; 0; 1920.1691; 170; 167.6; 
567; 0; 1909.7408; 170; 167.8; 
567; 0; 1905.8693; 170; 168; 
567; 0; 1905.9188; 170; 168.2; 
567; 0; 1909.8861; 170; 168.4; 
567; 0; 1913.8228; 170; 168.6; 
567; 0; 1917.7297; 170; 168.8; 
567; 0; 1918.9807; 170; 169; 
567; 0; 1916.2693; 170; 169.2; 
567; 0; 1910.9226; 170; 169.4; 
567; 0; 1901.637; 170; 169.6; 
567; 0; 1892.3689; 170; 169.8; 
567; 0; 1880.493; 170; 170; 
567; 0; 1867.3264; 170; 170.2; 
567; 0; 1852.8671; 170; 170.4; 
567; 0; 1838.4252; 170; 170.6; 
567; 0; 1823.9941; 170; 170.8; 
567; 0; 1810.8824; 170; 171; 
567; 0; 1807.6436; 170; 171.2; 
567; 0; 1797.1186; 170; 171.4; 
567; 0; 1787.904; 170; 171.6; 
567; 0; 1779.9987; 170; 171.8; 
567; 0; 1772.0834; 170; 172; 
567; 0; 1765.4796; 170; 172.2; 
567; 0; 1758.8696; 170; 172.4; 
567; 0; 1750.9362; 170; 172.6; 
567; 0; 1744.322; 170; 172.8; 
567; 0; 1737.7091; 170; 173; 
567; 0; 1729.558; 170; 173.2; 
567; 0; 1722.4496; 170; 173.4; 
567; 0; 1713.925; 170; 173.6; 
567; 0; 1706.8243; 170; 173.8; 
567; 0; 1699.7263; 170; 174; 
567; 0; 1692.6301; 170; 174.2; 
567; 0; 1685.5346; 170; 174.4; 
567; 0; 1678.66; 170; 174.6; 
567; 0; 1673.1697; 170; 174.8; 
567; 0; 1667.6781; 170; 175; 
567; 0; 1663.5592; 170; 175.2; 
567; 0; 1658.065; 170; 175.4; 
567; 0; 1653.9436; 170; 175.6; 
567; 0; 1649.8213; 170; 175.8; 
567; 0; 1645.6984; 170; 176; 
567; 0; 1641.5752; 170; 176.2; 
567; 0; 1638.8262; 170; 176.4; 
567; 0; 1634.7034; 170; 176.6; 
567; 0; 1631.9551; 170; 176.8; 
567; 0; 1629.2073; 170; 177; 
567; 0; 1626.46; 170; 177.2; 
567; 0; 1623.7132; 170; 177.4; 
567; 0; 1620.9667; 170; 177.6; 
567; 0; 1618.2205; 170; 177.8; 
567; 0; 1615.4742; 170; 178; 
567; 0; 1614.1018; 170; 178.2; 
567; 0; 1611.3552; 170; 178.4; 
567; 0; 1609.9822; 170; 178.6; 
567; 0; 1607.2351; 170; 178.8; 
567; 0; 1605.8618; 170; 179; 
567; 0; 1604.4886; 170; 179.2; 
567; 0; 1603.1155; 170; 179.4; 
567; 0; 1601.7424; 170; 179.6; 
567; 0; 1600.3694; 170; 179.8; 
567; 0; 1600.3704; 170; 180; 
567; 0; 1598.9974; 170; 180.2; 
567; 0; 1597.6244; 170; 180.4; 
567; 0; 1597.6255; 170; 180.6; 
567; 0; 1596.2526; 170; 180.8; 
567; 0; 1596.2538; 170; 181; 
567; 0; 1594.8809; 170; 181.2; 
567; 0; 1594.8821; 170; 181.4; 
567; 0; 1593.5094; 170; 181.6; 
567; 0; 1593.5107; 170; 181.8; 
567; 0; 1593.5119; 170; 182; 
567; 0; 1593.5131; 170; 182.2; 
567; 0; 1592.1402; 170; 182.4; 
567; 0; 1592.1413; 170; 182.6; 
567; 0; 1592.1425; 170; 182.8; 
567; 0; 1592.1437; 170; 183; 
567; 0; 1592.1449; 170; 183.2; 
567; 0; 1592.1462; 170; 183.4; 
567; 0; 1592.1474; 170; 183.6; 
567; 0; 1592.1485; 170; 183.8; 
567; 0; 1592.1496; 170; 184; 
567; 0; 1592.1507; 170; 184.2; 
567; 0; 1592.1518; 170; 184.4; 
567; 0; 1592.1528; 170; 184.6; 
567; 0; 1593.5278; 170; 184.8; 
567; 0; 1593.5288; 170; 185; 
567; 0; 1593.5299; 170; 185.2; 
567; 0; 1593.531; 170; 185.4; 
567; 0; 1593.5322; 170; 185.6; 
567; 0; 1593.5334; 170; 185.8; 
567; 0; 1594.9086; 170; 186; 
567; 0; 1594.9099; 170; 186.2; 
567; 0; 1594.9111; 170; 186.4; 
567; 0; 1586.3777; 170; 186.6; 
567; 0; 1587.7492; 170; 186.8; 
567; 0; 1587.7503; 170; 187; 
567; 0; 1587.7514; 170; 187.2; 
567; 0; 1589.1228; 170; 187.4; 
567; 0; 1589.1239; 170; 187.6; 
567; 0; 1590.4953; 170; 187.8; 
567; 0; 1590.4964; 170; 188; 
567; 0; 1591.8677; 170; 188.2; 
567; 0; 1591.8686; 170; 188.4; 
567; 0; 1593.24; 170; 188.6; 
567; 0; 1593.241; 170; 188.8; 
567; 0; 1594.6125; 170; 189; 
567; 0; 1595.9838; 170; 189.2; 
567; 0; 1595.9848; 170; 189.4; 
567; 0; 1597.3562; 170; 189.6; 
567; 0; 1598.7276; 170; 189.8; 
567; 0; 1598.7288; 170; 190; 
567; 0; 1600.1002; 170; 190.2; 
567; 0; 1601.4716; 170; 190.4; 
567; 0; 1602.8434; 170; 190.6; 
567; 0; 1602.8451; 170; 190.8; 
567; 0; 1604.2173; 170; 191; 
567; 0; 1604.2191; 170; 191.2; 
567; 0; 1605.5911; 170; 191.4; 
567; 0; 1606.9627; 170; 191.6; 
567; 0; 1606.9636; 170; 191.8; 
567; 0; 1608.3345; 170; 192; 
567; 0; 1609.705; 170; 192.2; 
567; 0; 1609.7053; 170; 192.4; 
567; 0; 1611.076; 170; 192.6; 
567; 0; 1611.0765; 170; 192.8; 
567; 0; 1612.4474; 170; 193; 
567; 0; 1612.4481; 170; 193.2; 
567; 0; 1613.8193; 170; 193.4; 
567; 0; 1613.8202; 170; 193.6; 
567; 0; 1615.1914; 170; 193.8; 
567; 0; 1615.1924; 170; 194; 
567; 0; 1616.5637; 170; 194.2; 
567; 0; 1616.5647; 170; 194.4; 
567; 0; 1617.9359; 170; 194.6; 
567; 0; 1617.937; 170; 194.8; 
567; 0; 1617.9379; 170; 195; 
567; 0; 1619.3091; 170; 195.2; 
567; 0; 1619.3101; 170; 195.4; 
567; 0; 1620.6815; 170; 195.6; 
567; 0; 1620.6825; 170; 195.8; 
567; 0; 1620.6836; 170; 196; 
567; 0; 1622.0548; 170; 196.2; 
567; 0; 1622.0558; 170; 196.4; 
567; 0; 1622.0568; 170; 196.6; 
567; 0; 1622.0577; 170; 196.8; 
567; 0; 1623.4289; 170; 197; 
567; 0; 1623.4298; 170; 197.2; 
567; 0; 1623.4306; 170; 197.4; 
567; 0; 1624.8017; 170; 197.6; 
567; 0; 1624.8027; 170; 197.8; 
567; 0; 1624.8036; 170; 198; 
567; 0; 1624.8045; 170; 198.2; 
567; 0; 1626.1755; 170; 198.4; 
567; 0; 1626.1761; 170; 198.6; 
567; 0; 1626.1768; 170; 198.8; 
567; 0; 1626.1776; 170; 199; 
567; 0; 1627.5488; 170; 199.2; 
567; 0; 1627.5498; 170; 199.4; 
567; 0; 1627.5508; 170; 199.6; 
567; 0; 1627.5517; 170; 199.8; 
567; 0; 1627.5526; 170; 200; 
567; 0; 1628.9238; 170; 200.2; 
567; 0; 1628.9246; 170; 200.4; 
567; 0; 1628.9254; 170; 200.6; 
567; 0; 1628.9263; 170; 200.8; 
567; 0; 1628.9271; 170; 201; 
567; 0; 1628.9279; 170; 201.2; 
567; 0; 1630.2989; 170; 201.4; 
567; 0; 1630.2997; 170; 201.6; 
567; 0; 1630.3005; 170; 201.8; 
567; 0; 1630.3012; 170; 202; 
567; 0; 1630.3019; 170; 202.2; 
567; 0; 1630.3026; 170; 202.4; 
567; 0; 1631.6737; 170; 202.6; 
567; 0; 1631.6745; 170; 202.8; 
567; 0; 1631.6754; 170; 203; 
567; 0; 1631.6763; 170; 203.2; 
567; 0; 1631.6772; 170; 203.4; 
567; 0; 1631.6781; 170; 203.6; 
567; 0; 1631.6789; 170; 203.8; 
567; 0; 1631.6795; 170; 204; 
567; 0; 1633.0505; 170; 204.2; 
567; 0; 1633.0512; 170; 204.4; 
567; 0; 1633.0519; 170; 204.6; 
567; 0; 1633.0527; 170; 204.8; 
567; 0; 1633.0537; 170; 205; 
567; 0; 1633.0546; 170; 205.2; 
567; 0; 1633.0554; 170; 205.4; 
567; 0; 1633.0561; 170; 205.6; 
567; 0; 1633.0569; 170; 205.8; 
567; 0; 1633.0577; 170; 206; 
567; 0; 1634.4287; 170; 206.2; 
567; 0; 1634.4294; 170; 206.4; 
567; 0; 1634.4299; 170; 206.6; 
567; 0; 1634.4305; 170; 206.8; 
567; 0; 1634.4311; 170; 207; 
567; 0; 1634.4318; 170; 207.2; 
567; 0; 1634.4326; 170; 207.4; 
567; 0; 1634.4333; 170; 207.6; 
567; 0; 1634.4341; 170; 207.8; 
567; 0; 1634.4349; 170; 208; 
567; 0; 1635.806; 170; 208.2; 
567; 0; 1635.8068; 170; 208.4; 
567; 0; 1635.8076; 170; 208.6; 
567; 0; 1635.8083; 170; 208.8; 
567; 0; 1635.8091; 170; 209; 
567; 0; 1637.1802; 170; 209.2; 
567; 0; 1637.181; 170; 209.4; 
567; 0; 1637.1817; 170; 209.6; 
567; 0; 1637.1825; 170; 209.8; 
567; 0; 1637.1832; 170; 210; 
567; 0; 1637.1839; 170; 210.2; 
567; 0; 1637.1847; 170; 210.4; 
567; 0; 1638.5558; 170; 210.6; 
567; 0; 1638.5565; 170; 210.8; 
567; 0; 1638.5571; 170; 211; 
567; 0; 1638.5576; 170; 211.2; 
567; 0; 1638.5581; 170; 211.4; 
567; 0; 1638.5587; 170; 211.6; 
567; 0; 1638.5593; 170; 211.8; 
567; 0; 1638.56; 170; 212; 
567; 0; 1638.5608; 170; 212.2; 
567; 0; 1638.5616; 170; 212.4; 
567; 0; 1639.9327; 170; 212.6; 
567; 0; 1639.9334; 170; 212.8; 
567; 0; 1639.9342; 170; 213; 
567; 0; 1639.935; 170; 213.2; 
567; 0; 1639.9358; 170; 213.4; 
567; 0; 1639.9365; 170; 213.6; 
567; 0; 1639.9371; 170; 213.8; 
567; 0; 1639.9377; 170; 214; 
567; 0; 1639.9384; 170; 214.2; 
567; 0; 1639.9391; 170; 214.4; 
567; 0; 1639.9398; 170; 214.6; 
567; 0; 1639.9405; 170; 214.8; 
567; 0; 1639.9412; 170; 215; 
567; 0; 1639.9418; 170; 215.2; 
567; 0; 1639.9425; 170; 215.4; 
567; 0; 1639.9431; 170; 215.6; 
567; 0; 1639.9438; 170; 215.8; 
567; 0; 1639.9445; 170; 216; 
567; 0; 1639.9452; 170; 216.2; 
567; 0; 1639.9458; 170; 216.4; 
567; 0; 1639.9464; 170; 216.6; 
567; 0; 1639.947; 170; 216.8; 
567; 0; 1639.9475; 170; 217; 
567; 0; 1639.9482; 170; 217.2; 
567; 0; 1639.949; 170; 217.4; 
567; 0; 1639.9498; 170; 217.6; 
567; 0; 1641.3207; 170; 217.8; 
567; 0; 1641.3218; 170; 218; 
567; 0; 1641.3239; 170; 218.2; 
567; 0; 1642.6981; 170; 218.4; 
567; 0; 1642.7047; 170; 218.6; 
567; 0; 1642.715; 170; 218.8; 
567; 0; 1644.1006; 170; 219; 
567; 0; 1644.1219; 170; 219.2; 
567; 0; 1644.1491; 170; 219.4; 
567; 0; 1644.1802; 170; 219.6; 
567; 0; 1646.9529; 170; 219.8; 
567; 0; 1649.723; 170; 220; 
567; 0; 1655.228; 170; 220.2; 
567; 0; 1662.0949; 170; 220.4; 
567; 0; 1670.3222; 170; 220.6; 
567; 0; 1678.5725; 170; 220.8; 
567; 0; 1688.4681; 170; 221; 
567; 0; 1695.5255; 170; 221.2; 
567; 0; 1703.9936; 170; 221.4; 
567; 0; 1709.6286; 170; 221.6; 
567; 0; 1713.8486; 170; 221.8; 
567; 0; 1718.0718; 170; 222; 
567; 0; 1720.8847; 170; 222.2; 
567; 0; 1722.2886; 170; 222.4; 
567; 0; 1723.6994; 170; 222.6; 
567; 0; 1723.7014; 170; 222.8; 
567; 0; 1723.7091; 170; 223; 
567; 0; 1723.721; 170; 223.2; 
567; 0; 1725.1511; 170; 223.4; 
567; 0; 1726.5819; 170; 223.6; 
567; 0; 1728.0117; 170; 223.8; 
567; 0; 1729.4393; 170; 224; 
567; 0; 1732.279; 170; 224.2; 
567; 0; 1734.9435; 170; 224.4; 
567; 0; 1738.8908; 170; 224.6; 
567; 0; 1741.5181; 170; 224.8; 
567; 0; 1744.1405; 170; 225; 
567; 0; 1746.758; 170; 225.2; 
567; 0; 1749.3716; 170; 225.4; 
567; 0; 1750.6671; 170; 225.6; 
567; 0; 1750.6466; 170; 225.8; 
567; 0; 1749.3121; 170; 226; 
567; 0; 1747.9812; 170; 226.2; 
567; 0; 1745.3396; 170; 226.4; 
567; 0; 1742.7036; 170; 226.6; 
567; 0; 1740.0734; 170; 226.8; 
567; 0; 1736.1327; 170; 227; 
567; 0; 1732.1585; 170; 227.2; 
567; 0; 1727.925; 170; 227.4; 
567; 0; 1725.1076; 170; 227.6; 
567; 0; 1722.2891; 170; 227.8; 
567; 0; 1719.4682; 170; 228; 
567; 0; 1718.0595; 170; 228.2; 
567; 0; 1715.2316; 170; 228.4; 
567; 0; 1713.816; 170; 228.6; 
567; 0; 1712.3976; 170; 228.8; 
567; 0; 1709.5617; 170; 229; 
567; 0; 1708.1404; 170; 229.2; 
567; 0; 1706.7188; 170; 229.4; 
567; 0; 1703.8824; 170; 229.6; 
567; 0; 1701.0473; 170; 229.8; 
567; 0; 1699.6294; 170; 230; 
567; 0; 1696.7976; 170; 230.2; 
567; 0; 1693.9673; 170; 230.4; 
567; 0; 1691.138; 170; 230.6; 
567; 0; 1688.3095; 170; 230.8; 
567; 0; 1686.8969; 170; 231; 
567; 0; 1684.0686; 170; 231.2; 
567; 0; 1682.6555; 170; 231.4; 
567; 0; 1679.8263; 170; 231.6; 
567; 0; 1678.412; 170; 231.8; 
567; 0; 1676.9989; 170; 232; 
567; 0; 1674.2583; 170; 232.2; 
567; 0; 1672.8876; 170; 232.4; 
567; 0; 1671.5167; 170; 232.6; 
567; 0; 1670.1456; 170; 232.8; 
567; 0; 1668.7746; 170; 233; 
567; 0; 1667.4037; 170; 233.2; 
567; 0; 1666.033; 170; 233.4; 
567; 0; 1664.6625; 170; 233.6; 
567; 0; 1663.2924; 170; 233.8; 
567; 0; 1661.9227; 170; 234; 
567; 0; 1660.553; 170; 234.2; 
567; 0; 1659.1835; 170; 234.4; 
567; 0; 1657.814; 170; 234.6; 
567; 0; 1656.4445; 170; 234.8; 
567; 0; 1655.0749; 170; 235; 
567; 0; 1653.7052; 170; 235.2; 
567; 0; 1653.7056; 170; 235.4; 
567; 0; 1652.3356; 170; 235.6; 
567; 0; 1650.9655; 170; 235.8; 
567; 0; 1650.9658; 170; 236; 
567; 0; 1649.5957; 170; 236.2; 
567; 0; 1648.2257; 170; 236.4; 
567; 0; 1648.226; 170; 236.6; 
567; 0; 1646.8561; 170; 236.8; 
567; 0; 1646.8565; 170; 237; 
567; 0; 1645.4866; 170; 237.2; 
567; 0; 1645.4871; 170; 237.4; 
567; 0; 1644.1173; 170; 237.6; 
567; 0; 1644.1178; 170; 237.8; 
567; 0; 1642.748; 170; 238; 
567; 0; 1642.7485; 170; 238.2; 
567; 0; 1642.749; 170; 238.4; 
567; 0; 1641.3793; 170; 238.6; 
567; 0; 1641.38; 170; 238.8; 
567; 0; 1641.3806; 170; 239; 
567; 0; 1640.0108; 170; 239.2; 
567; 0; 1640.0114; 170; 239.4; 
567; 0; 1640.0118; 170; 239.6; 
567; 0; 1638.642; 170; 239.8; 
567; 0; 1638.6426; 170; 240; 
567; 0; 1638.6432; 170; 240.2; 
567; 0; 1638.6437; 170; 240.4; 
567; 0; 1637.2738; 170; 240.6; 
567; 0; 1637.2742; 170; 240.8; 
567; 0; 1637.2748; 170; 241; 
567; 0; 1637.2754; 170; 241.2; 
567; 0; 1635.9057; 170; 241.4; 
567; 0; 1635.9064; 170; 241.6; 
567; 0; 1635.9071; 170; 241.8; 
567; 0; 1635.9077; 170; 242; 
567; 0; 1635.9084; 170; 242.2; 
567; 0; 1635.9089; 170; 242.4; 
567; 0; 1635.9095; 170; 242.6; 
567; 0; 1634.5398; 170; 242.8; 
567; 0; 1634.5404; 170; 243; 
567; 0; 1634.5409; 170; 243.2; 
567; 0; 1634.5414; 170; 243.4; 
567; 0; 1634.5419; 170; 243.6; 
567; 0; 1634.5425; 170; 243.8; 
567; 0; 1634.5429; 170; 244; 
567; 0; 1634.5434; 170; 244.2; 
567; 0; 1634.5439; 170; 244.4; 
567; 0; 1634.5445; 170; 244.6; 
567; 0; 1634.5452; 170; 244.8; 
567; 0; 1634.546; 170; 245; 
567; 0; 1634.5467; 170; 245.2; 
567; 0; 1634.5474; 170; 245.4; 
567; 0; 1633.1778; 170; 245.6; 
567; 0; 1633.1783; 170; 245.8; 
567; 0; 1633.1788; 170; 246; 
567; 0; 1634.5497; 170; 246.2; 
567; 0; 1634.5508; 170; 246.4; 
567; 0; 1635.9234; 170; 246.6; 
567; 0; 1635.928; 170; 246.8; 
567; 0; 1635.9357; 170; 247; 
567; 0; 1635.9462; 170; 247.2; 
567; 0; 1635.9585; 170; 247.4; 
567; 0; 1635.9708; 170; 247.6; 
567; 0; 1635.9812; 170; 247.8; 
567; 0; 1637.358; 170; 248; 
567; 0; 1640.1002; 170; 248.2; 
567; 0; 1641.4671; 170; 248.4; 
567; 0; 1642.8295; 170; 248.6; 
567; 0; 1645.5592; 170; 248.8; 
567; 0; 1646.9167; 170; 249; 
567; 0; 1648.274; 170; 249.2; 
567; 0; 1648.2621; 170; 249.4; 
567; 0; 1649.6231; 170; 249.6; 
567; 0; 1649.6167; 170; 249.8; 
567; 0; 1648.2433; 170; 250; 
567; 0; 1648.2431; 170; 250.2; 
567; 0; 1648.2456; 170; 250.4; 
567; 0; 1646.8793; 170; 250.6; 
567; 0; 1646.8842; 170; 250.8; 
567; 0; 1646.8891; 170; 251; 
567; 0; 1645.5233; 170; 251.2; 
567; 0; 1645.5269; 170; 251.4; 
567; 0; 1645.5295; 170; 251.6; 
567; 0; 1645.5311; 170; 251.8; 
567; 0; 1644.1615; 170; 252; 
567; 0; 1644.1615; 170; 252.2; 
567; 0; 1644.161; 170; 252.4; 
567; 0; 1644.1604; 170; 252.6; 
567; 0; 1644.1599; 170; 252.8; 
567; 0; 1644.1597; 170; 253; 
567; 0; 1642.7894; 170; 253.2; 
567; 0; 1642.7897; 170; 253.4; 
567; 0; 1642.7903; 170; 253.6; 
567; 0; 1642.791; 170; 253.8; 
567; 0; 1641.4216; 170; 254; 
567; 0; 1641.4225; 170; 254.2; 
567; 0; 1641.4233; 170; 254.4; 
567; 0; 1641.424; 170; 254.6; 
567; 0; 1641.4248; 170; 254.8; 
567; 0; 1640.0553; 170; 255; 
567; 0; 1640.056; 170; 255.2; 
567; 0; 1640.0566; 170; 255.4; 
567; 0; 1640.0572; 170; 255.6; 
567; 0; 1640.0578; 170; 255.8; 
567; 0; 1640.0583; 170; 256; 
567; 0; 1640.0587; 170; 256.2; 
567; 0; 1638.6888; 170; 256.4; 
567; 0; 1638.6893; 170; 256.6; 
567; 0; 1638.6898; 170; 256.8; 
567; 0; 1638.6904; 170; 257; 
567; 0; 1638.6909; 170; 257.2; 
567; 0; 1638.6915; 170; 257.4; 
567; 0; 1638.6925; 170; 257.6; 
567; 0; 1640.0651; 170; 257.8; 
567; 0; 1640.0693; 170; 258; 
567; 0; 1640.0765; 170; 258.2; 
567; 0; 1640.0877; 170; 258.4; 
567; 0; 1641.4746; 170; 258.6; 
567; 0; 1640.1271; 170; 258.8; 
567; 0; 1641.5258; 170; 259; 
567; 0; 1641.5576; 170; 259.2; 
567; 0; 1644.3301; 170; 259.4; 
567; 0; 1648.4694; 170; 259.6; 
567; 0; 1653.9723; 170; 259.8; 
567; 0; 1660.8365; 170; 260; 
567; 0; 1669.0608; 170; 260.2; 
567; 0; 1678.6723; 170; 260.4; 
567; 0; 1687.1499; 170; 260.6; 
567; 0; 1694.2055; 170; 260.8; 
567; 0; 1701.2571; 170; 261; 
567; 0; 1706.892; 170; 261.2; 
567; 0; 1712.5284; 170; 261.4; 
567; 0; 1715.3376; 170; 261.6; 
567; 0; 1718.1525; 170; 261.8; 
567; 0; 1719.5585; 170; 262; 
567; 0; 1719.5561; 170; 262.2; 
567; 0; 1719.5601; 170; 262.4; 
567; 0; 1720.9849; 170; 262.6; 
567; 0; 1720.9978; 170; 262.8; 
567; 0; 1722.428; 170; 263; 
567; 0; 1723.8582; 170; 263.2; 
567; 0; 1725.2869; 170; 263.4; 
567; 0; 1728.1285; 170; 263.6; 
567; 0; 1729.551; 170; 263.8; 
567; 0; 1733.7222; 170; 264; 
567; 0; 1736.3529; 170; 264.2; 
567; 0; 1738.9807; 170; 264.4; 
567; 0; 1741.6064; 170; 264.6; 
567; 0; 1742.9153; 170; 264.8; 
567; 0; 1744.2238; 170; 265; 
567; 0; 1746.8484; 170; 265.2; 
567; 0; 1746.843; 170; 265.4; 
567; 0; 1748.1547; 170; 265.6; 
567; 0; 1748.1527; 170; 265.8; 
567; 0; 1748.1527; 170; 266; 
567; 0; 1748.1544; 170; 266.2; 
567; 0; 1748.1575; 170; 266.4; 
567; 0; 1748.1615; 170; 266.6; 
567; 0; 1749.4815; 170; 266.8; 
567; 0; 1749.4857; 170; 267; 
567; 0; 1749.4895; 170; 267.2; 
567; 0; 1750.8079; 170; 267.4; 
567; 0; 1750.8098; 170; 267.6; 
567; 0; 1752.1262; 170; 267.8; 
567; 0; 1753.4412; 170; 268; 
567; 0; 1754.7541; 170; 268.2; 
567; 0; 1756.064; 170; 268.4; 
567; 0; 1756.0547; 170; 268.6; 
567; 0; 1757.3575; 170; 268.8; 
567; 0; 1757.3418; 170; 269; 
567; 0; 1756.0092; 170; 269.2; 
567; 0; 1754.6769; 170; 269.4; 
567; 0; 1753.3468; 170; 269.6; 
567; 0; 1749.3891; 170; 269.8; 
567; 0; 1746.7516; 170; 270; 
567; 0; 1742.8034; 170; 270.2; 
567; 0; 1738.8599; 170; 270.4; 
567; 0; 1734.9201; 170; 270.6; 
567; 0; 1729.4378; 170; 270.8; 
567; 0; 1725.2027; 170; 271; 
567; 0; 1722.3827; 170; 271.2; 
567; 0; 1718.1458; 170; 271.4; 
567; 0; 1715.322; 170; 271.6; 
567; 0; 1712.4954; 170; 271.8; 
567; 0; 1709.666; 170; 272; 
567; 0; 1706.8341; 170; 272.2; 
567; 0; 1705.416; 170; 272.4; 
567; 0; 1702.5811; 170; 272.6; 
567; 0; 1699.7457; 170; 272.8; 
567; 0; 1696.9105; 170; 273; 
567; 0; 1695.4917; 170; 273.2; 
567; 0; 1692.6583; 170; 273.4; 
567; 0; 1689.8262; 170; 273.6; 
567; 0; 1686.9953; 170; 273.8; 
567; 0; 1684.1653; 170; 274; 
567; 0; 1681.3361; 170; 274.2; 
567; 0; 1678.5073; 170; 274.4; 
567; 0; 1677.102; 170; 274.6; 
567; 0; 1674.3636; 170; 274.8; 
567; 0; 1672.9951; 170; 275; 
567; 0; 1670.2557; 170; 275.2; 
567; 0; 1668.8859; 170; 275.4; 
567; 0; 1667.5156; 170; 275.6; 
567; 0; 1666.1448; 170; 275.8; 
567; 0; 1664.7738; 170; 276; 
567; 0; 1663.4026; 170; 276.2; 
567; 0; 1662.0316; 170; 276.4; 
567; 0; 1660.6609; 170; 276.6; 
567; 0; 1659.2905; 170; 276.8; 
567; 0; 1657.9203; 170; 277; 
567; 0; 1656.5504; 170; 277.2; 
567; 0; 1655.1808; 170; 277.4; 
567; 0; 1653.8113; 170; 277.6; 
567; 0; 1652.4418; 170; 277.8; 
567; 0; 1651.0722; 170; 278; 
567; 0; 1649.7025; 170; 278.2; 
567; 0; 1649.7029; 170; 278.4; 
567; 0; 1648.3329; 170; 278.6; 
567; 0; 1646.9627; 170; 278.8; 
567; 0; 1646.9628; 170; 279; 
567; 0; 1645.5925; 170; 279.2; 
567; 0; 1644.2223; 170; 279.4; 
567; 0; 1644.2226; 170; 279.6; 
567; 0; 1642.8525; 170; 279.8; 
567; 0; 1642.8529; 170; 280; 
567; 0; 1641.4829; 170; 280.2; 
567; 0; 1641.4833; 170; 280.4; 
567; 0; 1640.1134; 170; 280.6; 
567; 0; 1640.1138; 170; 280.8; 
567; 0; 1640.1141; 170; 281; 
567; 0; 1638.7441; 170; 281.2; 
567; 0; 1638.7445; 170; 281.4; 
567; 0; 1637.3746; 170; 281.6; 
567; 0; 1637.375; 170; 281.8; 
567; 0; 1637.3753; 170; 282; 
567; 0; 1637.3756; 170; 282.2; 
567; 0; 1636.0057; 170; 282.4; 
567; 0; 1636.0061; 170; 282.6; 
567; 0; 1636.0066; 170; 282.8; 
567; 0; 1636.0071; 170; 283; 
567; 0; 1634.6373; 170; 283.2; 
567; 0; 1634.6379; 170; 283.4; 
567; 0; 1634.6384; 170; 283.6; 
567; 0; 1634.6388; 170; 283.8; 
567; 0; 1634.6391; 170; 284; 
567; 0; 1633.2691; 170; 284.2; 
567; 0; 1633.2694; 170; 284.4; 
567; 0; 1633.2697; 170; 284.6; 
567; 0; 1633.2701; 170; 284.8; 
567; 0; 1633.2705; 170; 285; 
567; 0; 1633.2709; 170; 285.2; 
567; 0; 1633.2713; 170; 285.4; 
567; 0; 1633.2717; 170; 285.6; 
567; 0; 1633.2721; 170; 285.8; 
567; 0; 1633.2726; 170; 286; 
567; 0; 1631.9028; 170; 286.2; 
567; 0; 1631.9033; 170; 286.4; 
567; 0; 1631.9038; 170; 286.6; 
567; 0; 1631.9042; 170; 286.8; 
567; 0; 1631.9046; 170; 287; 
567; 0; 1631.9051; 170; 287.2; 
567; 0; 1631.9056; 170; 287.4; 
567; 0; 1631.9061; 170; 287.6; 
567; 0; 1631.9065; 170; 287.8; 
567; 0; 1631.907; 170; 288; 
567; 0; 1631.9075; 170; 288.2; 
567; 0; 1633.2785; 170; 288.4; 
567; 0; 1633.2794; 170; 288.6; 
567; 0; 1633.281; 170; 288.8; 
567; 0; 1633.2832; 170; 289; 
567; 0; 1633.2856; 170; 289.2; 
567; 0; 1633.2882; 170; 289.4; 
567; 0; 1633.2905; 170; 289.6; 
567; 0; 1633.2922; 170; 289.8; 
567; 0; 1634.6632; 170; 290; 
567; 0; 1634.6628; 170; 290.2; 
567; 0; 1634.6617; 170; 290.4; 
567; 0; 1634.6598; 170; 290.6; 
567; 0; 1636.0281; 170; 290.8; 
567; 0; 1636.0261; 170; 291; 
567; 0; 1636.0243; 170; 291.2; 
567; 0; 1636.023; 170; 291.4; 
567; 0; 1636.0223; 170; 291.6; 
567; 0; 1636.0222; 170; 291.8; 
567; 0; 1636.0227; 170; 292; 
567; 0; 1636.0236; 170; 292.2; 
567; 0; 1636.0248; 170; 292.4; 
567; 0; 1636.0261; 170; 292.6; 
567; 0; 1634.6571; 170; 292.8; 
567; 0; 1634.6584; 170; 293; 
567; 0; 1634.6595; 170; 293.2; 
567; 0; 1634.6604; 170; 293.4; 
567; 0; 1634.6612; 170; 293.6; 
567; 0; 1634.6618; 170; 293.8; 
567; 0; 1634.6623; 170; 294; 
567; 0; 1634.6627; 170; 294.2; 
567; 0; 1634.6631; 170; 294.4; 
567; 0; 1634.6634; 170; 294.6; 
567; 0; 1634.6638; 170; 294.8; 
567; 0; 1634.6643; 170; 295; 
567; 0; 1634.6648; 170; 295.2; 
567; 0; 1634.6652; 170; 295.4; 
567; 0; 1634.6655; 170; 295.6; 
567; 0; 1634.6658; 170; 295.8; 
567; 0; 1634.6663; 170; 296; 
567; 0; 1634.6669; 170; 296.2; 
567; 0; 1634.6675; 170; 296.4; 
567; 0; 1634.668; 170; 296.6; 
567; 0; 1634.6685; 170; 296.8; 
567; 0; 1634.669; 170; 297; 
567; 0; 1634.6694; 170; 297.2; 
567; 0; 1634.6699; 170; 297.4; 
567; 0; 1634.6703; 170; 297.6; 
567; 0; 1634.6706; 170; 297.8; 
567; 0; 1634.6709; 170; 298; 
567; 0; 1636.042; 170; 298.2; 
567; 0; 1636.0443; 170; 298.4; 
567; 0; 1636.0491; 170; 298.6; 
567; 0; 1637.428; 170; 298.8; 
567; 0; 1637.4415; 170; 299; 
567; 0; 1637.4609; 170; 299.2; 
567; 0; 1637.4866; 170; 299.4; 
567; 0; 1638.8872; 170; 299.6; 
567; 0; 1640.2894; 170; 299.8; 
567; 0; 1644.4306; 170; 300; 
567; 0; 1648.5665; 170; 300.2; 
567; 0; 1655.4351; 170; 300.4; 
567; 0; 1663.6641; 170; 300.6; 
567; 0; 1671.8829; 170; 300.8; 
567; 0; 1680.16; 170; 301; 
567; 0; 1688.6342; 170; 301.2; 
567; 0; 1695.6876; 170; 301.4; 
567; 0; 1701.3231; 170; 301.6; 
567; 0; 1706.959; 170; 301.8; 
567; 0; 1709.7668; 170; 302; 
567; 0; 1712.5795; 170; 302.2; 
567; 0; 1715.3985; 170; 302.4; 
567; 0; 1715.3933; 170; 302.6; 
567; 0; 1716.8103; 170; 302.8; 
567; 0; 1716.8173; 170; 303; 
567; 0; 1716.8285; 170; 303.2; 
567; 0; 1718.2578; 170; 303.4; 
567; 0; 1719.6878; 170; 303.6; 
567; 0; 1721.1168; 170; 303.8; 
567; 0; 1722.5436; 170; 304; 
567; 0; 1725.3826; 170; 304.2; 
567; 0; 1728.218; 170; 304.4; 
567; 0; 1732.4652; 170; 304.6; 
567; 0; 1735.1096; 170; 304.8; 
567; 0; 1737.7358; 170; 305; 
567; 0; 1739.0448; 170; 305.2; 
567; 0; 1741.6689; 170; 305.4; 
567; 0; 1742.9777; 170; 305.6; 
567; 0; 1744.2874; 170; 305.8; 
567; 0; 1744.2831; 170; 306; 
567; 0; 1744.2807; 170; 306.2; 
567; 0; 1745.5958; 170; 306.4; 
567; 0; 1745.597; 170; 306.6; 
567; 0; 1745.5998; 170; 306.8; 
567; 0; 1745.6035; 170; 307; 
567; 0; 1745.6078; 170; 307.2; 
567; 0; 1745.6121; 170; 307.4; 
567; 0; 1746.9315; 170; 307.6; 
567; 0; 1746.9345; 170; 307.8; 
567; 0; 1748.252; 170; 308; 
567; 0; 1749.5685; 170; 308.2; 
567; 0; 1749.5684; 170; 308.4; 
567; 0; 1750.883; 170; 308.6; 
567; 0; 1750.8814; 170; 308.8; 
567; 0; 1752.195; 170; 309; 
567; 0; 1752.1928; 170; 309.2; 
567; 0; 1752.1909; 170; 309.4; 
567; 0; 1752.1894; 170; 309.6; 
567; 0; 1752.1884; 170; 309.8; 
567; 0; 1752.1881; 170; 310; 
567; 0; 1752.1884; 170; 310.2; 
567; 0; 1752.1892; 170; 310.4; 
567; 0; 1752.1904; 170; 310.6; 
567; 0; 1752.1919; 170; 310.8; 
567; 0; 1752.1935; 170; 311; 
567; 0; 1752.1951; 170; 311.2; 
567; 0; 1752.1964; 170; 311.4; 
567; 0; 1752.1973; 170; 311.6; 
567; 0; 1753.5135; 170; 311.8; 
567; 0; 1753.5137; 170; 312; 
567; 0; 1753.5136; 170; 312.2; 
567; 0; 1753.5133; 170; 312.4; 
567; 0; 1753.5127; 170; 312.6; 
567; 0; 1753.5121; 170; 312.8; 
567; 0; 1753.5116; 170; 313; 
567; 0; 1753.5111; 170; 313.2; 
567; 0; 1753.5108; 170; 313.4; 
567; 0; 1753.5104; 170; 313.6; 
567; 0; 1753.509; 170; 313.8; 
567; 0; 1754.8209; 170; 314; 
567; 0; 1754.8138; 170; 314.2; 
567; 0; 1754.8029; 170; 314.4; 
567; 0; 1754.7884; 170; 314.6; 
567; 0; 1753.4561; 170; 314.8; 
567; 0; 1752.1235; 170; 315; 
567; 0; 1749.4769; 170; 315.2; 
567; 0; 1745.5178; 170; 315.4; 
567; 0; 1742.8788; 170; 315.6; 
567; 0; 1738.9291; 170; 315.8; 
567; 0; 1733.6684; 170; 316; 
567; 0; 1729.5024; 170; 316.2; 
567; 0; 1725.2649; 170; 316.4; 
567; 0; 1719.6135; 170; 316.6; 
567; 0; 1715.3777; 170; 316.8; 
567; 0; 1711.1408; 170; 317; 
567; 0; 1708.3173; 170; 317.2; 
567; 0; 1705.4913; 170; 317.4; 
567; 0; 1701.2471; 170; 317.6; 
567; 0; 1698.416; 170; 317.8; 
567; 0; 1695.5831; 170; 318; 
567; 0; 1692.7492; 170; 318.2; 
567; 0; 1691.3303; 170; 318.4; 
567; 0; 1688.4961; 170; 318.6; 
567; 0; 1685.6624; 170; 318.8; 
567; 0; 1682.8296; 170; 319; 
567; 0; 1679.9977; 170; 319.2; 
567; 0; 1677.1793; 170; 319.4; 
567; 0; 1674.4396; 170; 319.6; 
567; 0; 1671.7005; 170; 319.8; 
567; 0; 1668.9616; 170; 320; 
567; 0; 1667.5932; 170; 320.2; 
567; 0; 1664.8544; 170; 320.4; 
567; 0; 1663.4857; 170; 320.6; 
567; 0; 1662.1165; 170; 320.8; 
567; 0; 1659.3765; 170; 321; 
567; 0; 1658.0065; 170; 321.2; 
567; 0; 1656.6361; 170; 321.4; 
567; 0; 1655.2656; 170; 321.6; 
567; 0; 1653.895; 170; 321.8; 
567; 0; 1652.5243; 170; 322; 
567; 0; 1651.1537; 170; 322.2; 
567; 0; 1649.7831; 170; 322.4; 
567; 0; 1648.4128; 170; 322.6; 
567; 0; 1647.0426; 170; 322.8; 
567; 0; 1645.6726; 170; 323; 
567; 0; 1644.3028; 170; 323.2; 
567; 0; 1642.933; 170; 323.4; 
567; 0; 1642.9334; 170; 323.6; 
567; 0; 1641.5635; 170; 323.8; 
567; 0; 1640.1935; 170; 324; 
567; 0; 1640.1939; 170; 324.2; 
567; 0; 1638.8239; 170; 324.4; 
567; 0; 1638.8242; 170; 324.6; 
567; 0; 1637.4542; 170; 324.8; 
567; 0; 1637.4545; 170; 325; 
567; 0; 1636.0844; 170; 325.2; 
567; 0; 1636.0847; 170; 325.4; 
567; 0; 1634.7147; 170; 325.6; 
567; 0; 1634.7149; 170; 325.8; 
567; 0; 1634.7152; 170; 326; 
567; 0; 1633.3452; 170; 326.2; 
567; 0; 1633.3456; 170; 326.4; 
567; 0; 1633.3459; 170; 326.6; 
567; 0; 1631.9757; 170; 326.8; 
567; 0; 1631.976; 170; 327; 
567; 0; 1631.9762; 170; 327.2; 
567; 0; 1631.9765; 170; 327.4; 
567; 0; 1630.6065; 170; 327.6; 
567; 0; 1630.6068; 170; 327.8; 
567; 0; 1630.6073; 170; 328; 
567; 0; 1630.6077; 170; 328.2; 
567; 0; 1630.6081; 170; 328.4; 
567; 0; 1630.6085; 170; 328.6; 
567; 0; 1629.2385; 170; 328.8; 
567; 0; 1629.2388; 170; 329; 
567; 0; 1629.2391; 170; 329.2; 
567; 0; 1629.2394; 170; 329.4; 
567; 0; 1629.2398; 170; 329.6; 
567; 0; 1629.2403; 170; 329.8; 
567; 0; 1629.2407; 170; 330; 
567; 0; 1629.2413; 170; 330.2; 
567; 0; 1629.2418; 170; 330.4; 
567; 0; 1629.2423; 170; 330.6; 
567; 0; 1629.2426; 170; 330.8; 
567; 0; 1629.243; 170; 331; 
567; 0; 1627.8729; 170; 331.2; 
567; 0; 1627.8732; 170; 331.4; 
567; 0; 1627.8734; 170; 331.6; 
567; 0; 1627.8736; 170; 331.8; 
567; 0; 1627.8738; 170; 332; 
567; 0; 1627.8742; 170; 332.2; 
567; 0; 1627.8747; 170; 332.4; 
567; 0; 1627.8752; 170; 332.6; 
567; 0; 1627.8756; 170; 332.8; 
567; 0; 1627.8758; 170; 333; 
567; 0; 1627.8761; 170; 333.2; 
567; 0; 1627.8763; 170; 333.4; 
567; 0; 1629.2469; 170; 333.6; 
567; 0; 1629.2472; 170; 333.8; 
567; 0; 1629.2477; 170; 334; 
567; 0; 1629.2482; 170; 334.2; 
567; 0; 1629.2488; 170; 334.4; 
567; 0; 1629.2493; 170; 334.6; 
567; 0; 1629.2498; 170; 334.8; 
567; 0; 1629.2501; 170; 335; 
567; 0; 1629.2504; 170; 335.2; 
567; 0; 1629.2506; 170; 335.4; 
567; 0; 1629.2509; 170; 335.6; 
567; 0; 1629.2512; 170; 335.8; 
567; 0; 1629.2516; 170; 336; 
567; 0; 1629.252; 170; 336.2; 
567; 0; 1629.2524; 170; 336.4; 
567; 0; 1629.2528; 170; 336.6; 
567; 0; 1629.2532; 170; 336.8; 
567; 0; 1629.2536; 170; 337; 
567; 0; 1629.254; 170; 337.2; 
567; 0; 1629.2543; 170; 337.4; 
567; 0; 1629.2547; 170; 337.6; 
567; 0; 1629.2551; 170; 337.8; 
567; 0; 1629.2554; 170; 338; 
567; 0; 1629.2558; 170; 338.2; 
567; 0; 1629.2562; 170; 338.4; 
567; 0; 1629.2565; 170; 338.6; 
567; 0; 1630.6271; 170; 338.8; 
567; 0; 1630.6272; 170; 339; 
567; 0; 1630.6274; 170; 339.2; 
567; 0; 1630.6277; 170; 339.4; 
567; 0; 1630.628; 170; 339.6; 
567; 0; 1630.6284; 170; 339.8; 
567; 0; 1630.6287; 170; 340; 
567; 0; 1630.6291; 170; 340.2; 
567; 0; 1630.6294; 170; 340.4; 
567; 0; 1630.6298; 170; 340.6; 
567; 0; 1630.6303; 170; 340.8; 
567; 0; 1630.6308; 170; 341; 
567; 0; 1630.6313; 170; 341.2; 
567; 0; 1630.6317; 170; 341.4; 
567; 0; 1630.6321; 170; 341.6; 
567; 0; 1630.6324; 170; 341.8; 
567; 0; 1630.6328; 170; 342; 
567; 0; 1630.6332; 170; 342.2; 
567; 0; 1632.0038; 170; 342.4; 
567; 0; 1632.0041; 170; 342.6; 
567; 0; 1632.0044; 170; 342.8; 
567; 0; 1632.0048; 170; 343; 
567; 0; 1632.0051; 170; 343.2; 
567; 0; 1633.3758; 170; 343.4; 
567; 0; 1633.3761; 170; 343.6; 
567; 0; 1634.7471; 170; 343.8; 
567; 0; 1634.7489; 170; 344; 
567; 0; 1636.1231; 170; 344.2; 
567; 0; 1636.1298; 170; 344.4; 
567; 0; 1637.5108; 170; 344.6; 
567; 0; 1637.5267; 170; 344.8; 
567; 0; 1637.5489; 170; 345; 
567; 0; 1637.5768; 170; 345.2; 
567; 0; 1638.9783; 170; 345.4; 
567; 0; 1641.7503; 170; 345.6; 
567; 0; 1645.8891; 170; 345.8; 
567; 0; 1651.3915; 170; 346; 
567; 0; 1658.2553; 170; 346.2; 
567; 0; 1666.4793; 170; 346.4; 
567; 0; 1674.6932; 170; 346.6; 
567; 0; 1683.0526; 170; 346.8; 
567; 0; 1691.5237; 170; 347; 
567; 0; 1697.16; 170; 347.2; 
567; 0; 1702.7953; 170; 347.4; 
567; 0; 1707.0168; 170; 347.6; 
567; 0; 1709.8269; 170; 347.8; 
567; 0; 1712.6427; 170; 348; 
567; 0; 1714.0499; 170; 348.2; 
567; 0; 1714.0484; 170; 348.4; 
567; 0; 1715.4686; 170; 348.6; 
567; 0; 1715.4782; 170; 348.8; 
567; 0; 1715.4911; 170; 349; 
567; 0; 1716.9209; 170; 349.2; 
567; 0; 1718.3503; 170; 349.4; 
567; 0; 1719.7777; 170; 349.6; 
567; 0; 1722.6178; 170; 349.8; 
567; 0; 1725.4543; 170; 350; 
567; 0; 1728.2872; 170; 350.2; 
567; 0; 1731.1166; 170; 350.4; 
567; 0; 1733.8545; 170; 350.6; 
567; 0; 1736.4796; 170; 350.8; 
567; 0; 1737.7881; 170; 351; 
567; 0; 1739.0967; 170; 351.2; 
567; 0; 1740.4061; 170; 351.4; 
567; 0; 1741.7163; 170; 351.6; 
567; 0; 1741.7113; 170; 351.8; 
567; 0; 1743.022; 170; 352; 
567; 0; 1743.0165; 170; 352.2; 
567; 0; 1743.0104; 170; 352.4; 
567; 0; 1743.0035; 170; 352.6; 
567; 0; 1741.6805; 170; 352.8; 
567; 0; 1741.6732; 170; 353; 
567; 0; 1740.3508; 170; 353.2; 
567; 0; 1737.714; 170; 353.4; 
567; 0; 1736.3944; 170; 353.6; 
567; 0; 1733.7611; 170; 353.8; 
567; 0; 1731.0113; 170; 354; 
567; 0; 1728.1819; 170; 354.2; 
567; 0; 1723.9385; 170; 354.4; 
567; 0; 1721.1116; 170; 354.6; 
567; 0; 1718.2851; 170; 354.8; 
567; 0; 1715.4585; 170; 355; 
567; 0; 1712.6311; 170; 355.2; 
567; 0; 1711.2182; 170; 355.4; 
567; 0; 1708.3886; 170; 355.6; 
567; 0; 1705.5577; 170; 355.8; 
567; 0; 1704.1412; 170; 356; 
567; 0; 1701.3084; 170; 356.2; 
567; 0; 1699.8907; 170; 356.4; 
567; 0; 1697.0573; 170; 356.6; 
567; 0; 1694.2239; 170; 356.8; 
567; 0; 1692.8066; 170; 357; 
567; 0; 1689.9742; 170; 357.2; 
567; 0; 1687.1426; 170; 357.4; 
567; 0; 1685.727; 170; 357.6; 
567; 0; 1682.8963; 170; 357.8; 
567; 0; 1681.4814; 170; 358; 
567; 0; 1678.6512; 170; 358.2; 
567; 0; 1677.2535; 170; 358.4; 
567; 0; 1674.5137; 170; 358.6; 
567; 0; 1673.1439; 170; 358.8; 
567; 0; 1671.7739; 170; 359; 
567; 0; 1670.4036; 170; 359.2; 
567; 0; 1667.6627; 170; 359.4; 
567; 0; 1666.2919; 170; 359.6; 
567; 0; 1664.921; 170; 359.8; 
567; 0; 1663.5502; 170; 360; 
567; 0; 1662.1794; 170; 360.2; 
567; 0; 1660.8087; 170; 360.4; 
567; 0; 1659.4382; 170; 360.6; 
567; 0; 1658.0677; 170; 360.8; 
567; 0; 1656.6974; 170; 361; 
567; 0; 1655.3271; 170; 361.2; 
567; 0; 1653.9569; 170; 361.4; 
567; 0; 1653.9572; 170; 361.6; 
567; 0; 1652.5871; 170; 361.8; 
567; 0; 1651.217; 170; 362; 
567; 0; 1649.8468; 170; 362.2; 
567; 0; 1648.4766; 170; 362.4; 
567; 0; 1648.4768; 170; 362.6; 
567; 0; 1647.1066; 170; 362.8; 
567; 0; 1647.1067; 170; 363; 
567; 0; 1645.7364; 170; 363.2; 
567; 0; 1644.3661; 170; 363.4; 
567; 0; 1644.366; 170; 363.6; 
567; 0; 1642.9956; 170; 363.8; 
567; 0; 1642.9956; 170; 364; 
567; 0; 1641.6254; 170; 364.2; 
567; 0; 1641.6255; 170; 364.4; 
567; 0; 1640.2555; 170; 364.6; 
567; 0; 1640.2559; 170; 364.8; 
567; 0; 1638.8859; 170; 365; 
567; 0; 1638.8861; 170; 365.2; 
567; 0; 1638.8861; 170; 365.4; 
567; 0; 1637.5159; 170; 365.6; 
567; 0; 1637.5159; 170; 365.8; 
567; 0; 1637.5159; 170; 366; 
567; 0; 1636.1456; 170; 366.2; 
567; 0; 1636.1457; 170; 366.4; 
567; 0; 1636.1459; 170; 366.6; 
567; 0; 1634.7758; 170; 366.8; 
567; 0; 1634.776; 170; 367; 
567; 0; 1634.7762; 170; 367.2; 
567; 0; 1634.7765; 170; 367.4; 
567; 0; 1633.4067; 170; 367.6; 
567; 0; 1633.4072; 170; 367.8; 
567; 0; 1633.4077; 170; 368; 
567; 0; 1633.4079; 170; 368.2; 
567; 0; 1632.0377; 170; 368.4; 
567; 0; 1632.0379; 170; 368.6; 
567; 0; 1632.0382; 170; 368.8; 
567; 0; 1632.0384; 170; 369; 
567; 0; 1632.0386; 170; 369.2; 
567; 0; 1632.0389; 170; 369.4; 
567; 0; 1632.0391; 170; 369.6; 
567; 0; 1630.6689; 170; 369.8; 
567; 0; 1630.6691; 170; 370; 
567; 0; 1630.6694; 170; 370.2; 
567; 0; 1630.6698; 170; 370.4; 
567; 0; 1630.6701; 170; 370.6; 
567; 0; 1630.6705; 170; 370.8; 
567; 0; 1630.6708; 170; 371; 
567; 0; 1630.6711; 170; 371.2; 
567; 0; 1630.6713; 170; 371.4; 
567; 0; 1630.6715; 170; 371.6; 
567; 0; 1630.6718; 170; 371.8; 
567; 0; 1630.672; 170; 372; 
567; 0; 1630.6723; 170; 372.2; 
567; 0; 1630.6724; 170; 372.4; 
567; 0; 1629.3023; 170; 372.6; 
567; 0; 1629.3025; 170; 372.8; 
567; 0; 1629.3028; 170; 373; 
567; 0; 1629.3032; 170; 373.2; 
567; 0; 1629.3036; 170; 373.4; 
567; 0; 1629.3042; 170; 373.6; 
567; 0; 1629.3046; 170; 373.8; 
567; 0; 1629.305; 170; 374; 
567; 0; 1629.3053; 170; 374.2; 
567; 0; 1629.3055; 170; 374.4; 
567; 0; 1629.3056; 170; 374.6; 
567; 0; 1629.3057; 170; 374.8; 
567; 0; 1629.3059; 170; 375; 
567; 0; 1629.3063; 170; 375.2; 
567; 0; 1629.3066; 170; 375.4; 
567; 0; 1629.3068; 170; 375.6; 
567; 0; 1629.307; 170; 375.8; 
567; 0; 1629.3073; 170; 376; 
567; 0; 1629.3076; 170; 376.2; 
567; 0; 1629.3079; 170; 376.4; 
567; 0; 1629.3083; 170; 376.6; 
567; 0; 1629.3087; 170; 376.8; 
567; 0; 1629.309; 170; 377; 
567; 0; 1630.6795; 170; 377.2; 
567; 0; 1630.6796; 170; 377.4; 
567; 0; 1630.6798; 170; 377.6; 
567; 0; 1630.68; 170; 377.8; 
567; 0; 1630.6804; 170; 378; 
567; 0; 1630.6808; 170; 378.2; 
567; 0; 1630.6813; 170; 378.4; 
567; 0; 1630.6816; 170; 378.6; 
567; 0; 1630.6819; 170; 378.8; 
567; 0; 1632.0524; 170; 379; 
567; 0; 1632.0525; 170; 379.2; 
567; 0; 1632.0526; 170; 379.4; 
567; 0; 1632.0528; 170; 379.6; 
567; 0; 1632.053; 170; 379.8; 
567; 0; 1632.0534; 170; 380; 
567; 0; 1632.0539; 170; 380.2; 
567; 0; 1633.4248; 170; 380.4; 
567; 0; 1633.4254; 170; 380.6; 
567; 0; 1633.4258; 170; 380.8; 
567; 0; 1633.4262; 170; 381; 
567; 0; 1633.4265; 170; 381.2; 
567; 0; 1633.4267; 170; 381.4; 
567; 0; 1633.4268; 170; 381.6; 
567; 0; 1634.7973; 170; 381.8; 
567; 0; 1634.7975; 170; 382; 
567; 0; 1634.7977; 170; 382.2; 
567; 0; 1634.798; 170; 382.4; 
567; 0; 1634.7982; 170; 382.6; 
567; 0; 1634.7985; 170; 382.8; 
567; 0; 1634.7987; 170; 383; 
567; 0; 1634.799; 170; 383.2; 
567; 0; 1634.7992; 170; 383.4; 
567; 0; 1634.7995; 170; 383.6; 
567; 0; 1634.7998; 170; 383.8; 
567; 0; 1634.8; 170; 384; 
567; 0; 1634.8002; 170; 384.2; 
567; 0; 1634.8006; 170; 384.4; 
567; 0; 1634.801; 170; 384.6; 
567; 0; 1634.8013; 170; 384.8; 
567; 0; 1634.8016; 170; 385; 
567; 0; 1634.802; 170; 385.2; 
567; 0; 1634.8022; 170; 385.4; 
567; 0; 1636.1727; 170; 385.6; 
567; 0; 1636.1729; 170; 385.8; 
567; 0; 1636.1731; 170; 386; 
567; 0; 1636.1732; 170; 386.2; 
567; 0; 1636.1734; 170; 386.4; 
567; 0; 1636.1737; 170; 386.6; 
567; 0; 1636.174; 170; 386.8; 
567; 0; 1636.1744; 170; 387; 
567; 0; 1636.1747; 170; 387.2; 
567; 0; 1636.175; 170; 387.4; 
567; 0; 1636.1752; 170; 387.6; 
567; 0; 1636.1753; 170; 387.8; 
567; 0; 1636.1755; 170; 388; 
567; 0; 1636.1757; 170; 388.2; 
567; 0; 1636.176; 170; 388.4; 
567; 0; 1636.1763; 170; 388.6; 
567; 0; 1636.1765; 170; 388.8; 
567; 0; 1636.1767; 170; 389; 
567; 0; 1636.1769; 170; 389.2; 
567; 0; 1636.1773; 170; 389.4; 
567; 0; 1636.1776; 170; 389.6; 
567; 0; 1636.178; 170; 389.8; 
567; 0; 1634.8081; 170; 390; 
567; 0; 1634.8085; 170; 390.2; 
567; 0; 1634.8087; 170; 390.4; 
567; 0; 1634.8089; 170; 390.6; 
567; 0; 1634.8092; 170; 390.8; 
567; 0; 1634.8096; 170; 391; 
567; 0; 1634.8099; 170; 391.2; 
567; 0; 1634.8101; 170; 391.4; 
567; 0; 1634.8102; 170; 391.6; 
567; 0; 1634.8103; 170; 391.8; 
567; 0; 1636.1807; 170; 392; 
567; 0; 1636.1808; 170; 392.2; 
567; 0; 1636.1809; 170; 392.4; 
567; 0; 1636.1811; 170; 392.6; 
567; 0; 1636.1815; 170; 392.8; 
567; 0; 1636.1818; 170; 393; 
567; 0; 1636.182; 170; 393.2; 
567; 0; 1636.1822; 170; 393.4; 
567; 0; 1636.1824; 170; 393.6; 
567; 0; 1636.1826; 170; 393.8; 
567; 0; 1636.183; 170; 394; 
567; 0; 1636.1833; 170; 394.2; 
567; 0; 1636.1836; 170; 394.4; 
567; 0; 1636.1839; 170; 394.6; 
567; 0; 1634.8138; 170; 394.8; 
567; 0; 1634.8141; 170; 395; 
567; 0; 1634.8143; 170; 395.2; 
567; 0; 1634.8144; 170; 395.4; 
567; 0; 1634.8145; 170; 395.6; 
567; 0; 1634.8147; 170; 395.8; 
567; 0; 1634.815; 170; 396; 
567; 0; 1634.8153; 170; 396.2; 
567; 0; 1634.8156; 170; 396.4; 
567; 0; 1634.8159; 170; 396.6; 
567; 0; 1634.8163; 170; 396.8; 
567; 0; 1634.8165; 170; 397; 
567; 0; 1634.8167; 170; 397.2; 
567; 0; 1634.817; 170; 397.4; 
567; 0; 1634.8173; 170; 397.6; 
567; 0; 1634.8176; 170; 397.8; 
567; 0; 1636.1882; 170; 398; 
567; 0; 1636.1884; 170; 398.2; 
567; 0; 1636.1885; 170; 398.4; 
567; 0; 1636.1888; 170; 398.6; 
567; 0; 1636.189; 170; 398.8; 
567; 0; 1636.1893; 170; 399; 
567; 0; 1636.1895; 170; 399.2; 
567; 0; 1636.1894; 170; 399.4; 
567; 0; 1636.1893; 170; 399.6; 
567; 0; 1636.1894; 170; 399.8; 
567; 0; 1636.1896; 170; 400; 
567; 0; 1636.19; 170; 400.2; 
567; 0; 1634.8201; 170; 400.4; 
567; 0; 1634.8205; 170; 400.6; 
567; 0; 1634.8209; 170; 400.8; 
567; 0; 1634.8212; 170; 401; 
567; 0; 1634.8215; 170; 401.2; 
567; 0; 1634.8218; 170; 401.4; 
567; 0; 1634.8221; 170; 401.6; 
567; 0; 1634.8225; 170; 401.8; 
567; 0; 1634.8228; 170; 402; 
567; 0; 1634.8231; 170; 402.2; 
567; 0; 1634.8233; 170; 402.4; 
567; 0; 1634.8234; 170; 402.6; 
567; 0; 1634.8236; 170; 402.8; 
567; 0; 1634.8237; 170; 403; 
567; 0; 1634.8238; 170; 403.2; 
567; 0; 1634.8239; 170; 403.4; 
567; 0; 1634.8241; 170; 403.6; 
567; 0; 1634.8241; 170; 403.8; 
567; 0; 1634.8242; 170; 404; 
567; 0; 1634.8243; 170; 404.2; 
567; 0; 1634.8244; 170; 404.4; 
567; 0; 1634.8246; 170; 404.6; 
567; 0; 1634.825; 170; 404.8; 
567; 0; 1634.8254; 170; 405; 
567; 0; 1634.8258; 170; 405.2; 
567; 0; 1634.8263; 170; 405.4; 
567; 0; 1634.8266; 170; 405.6; 
567; 0; 1634.8271; 170; 405.8; 
567; 0; 1634.8274; 170; 406; 
567; 0; 1636.198; 170; 406.2; 
567; 0; 1636.1981; 170; 406.4; 
567; 0; 1636.1981; 170; 406.6; 
567; 0; 1636.1981; 170; 406.8; 
567; 0; 1636.1983; 170; 407; 
567; 0; 1636.1984; 170; 407.2; 
567; 0; 1636.1986; 170; 407.4; 
567; 0; 1636.1989; 170; 407.6; 
567; 0; 1634.8289; 170; 407.8; 
567; 0; 1634.8293; 170; 408; 
567; 0; 1634.8296; 170; 408.2; 
567; 0; 1634.8299; 170; 408.4; 
567; 0; 1634.8302; 170; 408.6; 
567; 0; 1634.8305; 170; 408.8; 
567; 0; 1634.8306; 170; 409; 
567; 0; 1634.8308; 170; 409.2; 
567; 0; 1634.8309; 170; 409.4; 
567; 0; 1634.8311; 170; 409.6; 
567; 0; 1634.8312; 170; 409.8; 
567; 0; 1634.8314; 170; 410; 
567; 0; 1634.8316; 170; 410.2; 
567; 0; 1634.8318; 170; 410.4; 
567; 0; 1634.832; 170; 410.6; 
567; 0; 1634.8322; 170; 410.8; 
567; 0; 1634.8324; 170; 411; 
567; 0; 1621.1291; 170; 411.2; 
567; 0; 1333.47; 170; 411.4; 
567; 0; 1018.455; 170; 411.6; 
567; 0; 985.8153; 170; 411.8; 
567; 0; 985.8156; 170; 412; 
567; 0; 985.8161; 170; 412.2; 
567; 0; 985.8166; 170; 412.4; 
567; 0; 985.8171; 170; 412.6; 
567; 0; 985.8177; 170; 412.8; 
567; 0; 985.8183; 170; 413; 
567; 0; 985.8191; 170; 413.2; 
567; 0; 985.82; 170; 413.4; 
567; 0; 985.8211; 170; 413.6; 
567; 0; 985.8224; 170; 413.8; 
567; 0; 985.8238; 170; 414; 
567; 0; 985.8253; 170; 414.2; 
567; 0; 985.8268; 170; 414.4; 
567; 0; 985.8284; 170; 414.6; 
567; 0; 985.8301; 170; 414.8; 
567; 0; 985.8318; 170; 415; 
567; 0; 985.8336; 170; 415.2; 
567; 0; 985.8356; 170; 415.4; 
567; 0; 985.8378; 170; 415.6; 
567; 0; 985.8401; 170; 415.8; 
567; 0; 985.8424; 170; 416; 
567; 0; 978.1839; 170; 416.2; 
567; 0; 978.1865; 170; 416.4; 
567; 0; 978.1891; 170; 416.6; 
567; 0; 978.1917; 170; 416.8; 
567; 0; 978.1944; 170; 417; 
567; 0; 978.1971; 170; 417.2; 
567; 0; 978.1998; 170; 417.4; 
567; 0; 978.2022; 170; 417.6; 
567; 0; 978.2045; 170; 417.8; 
567; 0; 978.2067; 170; 418; 
567; 0; 978.2091; 170; 418.2; 
567; 0; 978.2115; 170; 418.4; 
567; 0; 978.2139; 170; 418.6; 
567; 0; 978.2164; 170; 418.8; 
567; 0; 978.2189; 170; 419; 
567; 0; 978.2214; 170; 419.2; 
567; 0; 978.2239; 170; 419.4; 
567; 0; 978.2264; 170; 419.6; 
567; 0; 978.229; 170; 419.8; 
567; 0; 978.2316; 170; 420; 
567; 0; 978.2342; 170; 420.2; 
567; 0; 970.8592; 170; 420.4; 
567; 0; 970.8616; 170; 420.6; 
567; 0; 970.8639; 170; 420.8; 
567; 0; 970.8663; 170; 421; 
567; 0; 970.8686; 170; 421.2; 
567; 0; 970.8708; 170; 421.4; 
567; 0; 970.8728; 170; 421.6; 
567; 0; 970.8749; 170; 421.8; 
567; 0; 970.8771; 170; 422; 
567; 0; 970.8793; 170; 422.2; 
567; 0; 970.8816; 170; 422.4; 
567; 0; 970.8838; 170; 422.6; 
567; 0; 970.8861; 170; 422.8; 
567; 0; 970.8887; 170; 423; 
567; 0; 970.8911; 170; 423.2; 
567; 0; 970.8935; 170; 423.4; 
567; 0; 970.8958; 170; 423.6; 
567; 0; 970.898; 170; 423.8; 
567; 0; 970.9002; 170; 424; 
567; 0; 970.9023; 170; 424.2; 
567; 0; 970.9045; 170; 424.4; 
567; 0; 970.9066; 170; 424.6; 
567; 0; 970.9088; 170; 424.8; 
567; 0; 963.8162; 170; 425; 
567; 0; 963.8184; 170; 425.2; 
567; 0; 963.8207; 170; 425.4; 
567; 0; 963.8229; 170; 425.6; 
567; 0; 963.825; 170; 425.8; 
567; 0; 963.827; 170; 426; 
567; 0; 963.8289; 170; 426.2; 
567; 0; 963.8309; 170; 426.4; 
567; 0; 963.8327; 170; 426.6; 
567; 0; 963.8346; 170; 426.8; 
567; 0; 963.8366; 170; 427; 
567; 0; 963.8387; 170; 427.2; 
567; 0; 963.841; 170; 427.4; 
567; 0; 963.8432; 170; 427.6; 
567; 0; 963.8455; 170; 427.8; 
567; 0; 963.8476; 170; 428; 
567; 0; 963.8497; 170; 428.2; 
567; 0; 963.8517; 170; 428.4; 
567; 0; 963.8536; 170; 428.6; 
567; 0; 963.8554; 170; 428.8; 
567; 0; 963.8573; 170; 429; 
567; 0; 963.8592; 170; 429.2; 
567; 0; 963.8612; 170; 429.4; 
567; 0; 963.8633; 170; 429.6; 
567; 0; 963.8652; 170; 429.8; 
567; 0; 954.6964; 170; 430; 
567; 0; 954.6983; 170; 430.2; 
567; 0; 954.7002; 170; 430.4; 
567; 0; 954.702; 170; 430.6; 
567; 0; 954.7037; 170; 430.8; 
567; 0; 954.7056; 170; 431; 
567; 0; 954.7075; 170; 431.2; 
567; 0; 954.7092; 170; 431.4; 
567; 0; 954.711; 170; 431.6; 
567; 0; 954.7129; 170; 431.8; 
567; 0; 954.7146; 170; 432; 
567; 0; 954.7164; 170; 432.2; 
567; 0; 954.7182; 170; 432.4; 
567; 0; 954.72; 170; 432.6; 
567; 0; 954.7219; 170; 432.8; 
567; 0; 954.7237; 170; 433; 
567; 0; 954.7255; 170; 433.2; 
567; 0; 954.7273; 170; 433.4; 
567; 0; 954.7292; 170; 433.6; 
567; 0; 954.731; 170; 433.8; 
567; 0; 954.7326; 170; 434; 
567; 0; 954.7342; 170; 434.2; 
567; 0; 954.7358; 170; 434.4; 
567; 0; 954.7376; 170; 434.6; 
567; 0; 954.7394; 170; 434.8; 
567; 0; 954.7412; 170; 435; 
567; 0; 954.7431; 170; 435.2; 
567; 0; 954.7449; 170; 435.4; 
567; 0; 945.9065; 170; 435.6; 
567; 0; 945.9082; 170; 435.8; 
567; 0; 945.9099; 170; 436; 
567; 0; 945.9115; 170; 436.2; 
567; 0; 945.913; 170; 436.4; 
567; 0; 947.5047; 170; 436.6; 
567; 0; 963.4088; 170; 436.8; 
567; 0; 980.9031; 170; 437; 
567; 0; 996.8073; 170; 437.2; 
567; 0; 1014.3019; 170; 437.4; 
567; 0; 1030.2063; 170; 437.6; 
567; 0; 1046.1107; 170; 437.8; 
567; 0; 1062.015; 170; 438; 
567; 0; 1077.8883; 170; 438.2; 
567; 0; 1091.7942; 170; 438.4; 
567; 0; 1105.7001; 170; 438.6; 
567; 0; 1119.6059; 170; 438.8; 
567; 0; 1131.9668; 170; 439; 
567; 0; 1144.3277; 170; 439.2; 
567; 0; 1156.6886; 170; 439.4; 
567; 0; 1167.5046; 170; 439.6; 
567; 0; 1178.3204; 170; 439.8; 
567; 0; 1187.5912; 170; 440; 
567; 0; 1196.862; 170; 440.2; 
567; 0; 1206.1328; 170; 440.4; 
567; 0; 1215.4036; 170; 440.6; 
567; 0; 1223.1298; 170; 440.8; 
567; 0; 1230.8572; 170; 441; 
567; 0; 1238.5868; 170; 441.2; 
567; 0; 1246.3199; 170; 441.4; 
567; 0; 1252.9355; 170; 441.6; 
567; 0; 1257.8558; 170; 441.8; 
567; 0; 1263.8104; 170; 442; 
567; 0; 1268.2889; 170; 442.2; 
567; 0; 1274.2556; 170; 442.4; 
567; 0; 1280.2244; 170; 442.6; 
567; 0; 1287.6746; 170; 442.8; 
567; 0; 1298.0853; 170; 443; 
567; 0; 1308.4874; 170; 443.2; 
567; 0; 1321.8448; 170; 443.4; 
567; 0; 1335.1906; 170; 443.6; 
567; 0; 1338.6872; 170; 443.8; 
567; 0; 1351.9525; 170; 444; 
567; 0; 1363.7341; 170; 444.2; 
567; 0; 1374.0348; 170; 444.4; 
567; 0; 1381.3817; 170; 444.6; 
567; 0; 1388.7304; 170; 444.8; 
567; 0; 1393.1311; 170; 445; 
567; 0; 1396.0621; 170; 445.2; 
567; 0; 1399.001; 170; 445.4; 
567; 0; 1400.472; 170; 445.6; 
567; 0; 1400.4745; 170; 445.8; 
567; 0; 1401.9601; 170; 446; 
567; 0; 1401.9743; 170; 446.2; 
567; 0; 1403.4677; 170; 446.4; 
567; 0; 1404.9619; 170; 446.6; 
567; 0; 1407.9313; 170; 446.8; 
567; 0; 1410.898; 170; 447; 
567; 0; 1413.8608; 170; 447.2; 
567; 0; 1418.2957; 170; 447.4; 
567; 0; 1421.2496; 170; 447.6; 
567; 0; 1425.6757; 170; 447.8; 
567; 0; 1428.6221; 170; 448; 
567; 0; 1431.5663; 170; 448.2; 
567; 0; 1434.5093; 170; 448.4; 
567; 0; 1435.9759; 170; 448.6; 
567; 0; 1437.4435; 170; 448.8; 
567; 0; 1438.9128; 170; 449; 
567; 0; 1438.908; 170; 449.2; 
567; 0; 1440.3819; 170; 449.4; 
567; 0; 1440.3819; 170; 449.6; 
567; 0; 1440.3839; 170; 449.8; 
567; 0; 1440.3876; 170; 450; 
567; 0; 1440.3923; 170; 450.2; 
567; 0; 1440.3974; 170; 450.4; 
567; 0; 1440.4022; 170; 450.6; 
567; 0; 1441.882; 170; 450.8; 
567; 0; 1441.8822; 170; 451; 
567; 0; 1443.354; 170; 451.2; 
567; 0; 1444.8199; 170; 451.4; 
567; 0; 1446.2797; 170; 451.6; 
567; 0; 1446.2583; 170; 451.8; 
567; 0; 1446.2337; 170; 452; 
567; 0; 1444.7322; 170; 452.2; 
567; 0; 1441.7577; 170; 452.4; 
567; 0; 1437.3115; 170; 452.6; 
567; 0; 1432.8712; 170; 452.8; 
567; 0; 1428.4375; 170; 453; 
567; 0; 1422.534; 170; 453.2; 
567; 0; 1416.6364; 170; 453.4; 
567; 0; 1410.7431; 170; 453.6; 
567; 0; 1406.3288; 170; 453.8; 
567; 0; 1401.9153; 170; 454; 
567; 0; 1397.5015; 170; 454.2; 
567; 0; 1394.5614; 170; 454.4; 
567; 0; 1391.6177; 170; 454.6; 
567; 0; 1388.6699; 170; 454.8; 
567; 0; 1387.1947; 170; 455; 
567; 0; 1384.2398; 170; 455.2; 
567; 0; 1382.7591; 170; 455.4; 
567; 0; 1379.8008; 170; 455.6; 
567; 0; 1378.3185; 170; 455.8; 
567; 0; 1376.8368; 170; 456; 
567; 0; 1373.8797; 170; 456.2; 
567; 0; 1372.4003; 170; 456.4; 
567; 0; 1369.4461; 170; 456.6; 
567; 0; 1367.9697; 170; 456.8; 
567; 0; 1365.0181; 170; 457; 
567; 0; 1363.5438; 170; 457.2; 
567; 0; 1360.5936; 170; 457.4; 
567; 0; 1359.1199; 170; 457.6; 
567; 0; 1357.646; 170; 457.8; 
567; 0; 1356.1716; 170; 458; 
567; 0; 1354.6965; 170; 458.2; 
567; 0; 1353.2207; 170; 458.4; 
567; 0; 1353.2206; 170; 458.6; 
567; 0; 1351.7438; 170; 458.8; 
567; 0; 1350.2668; 170; 459; 
567; 0; 1350.2659; 170; 459.2; 
567; 0; 1348.7886; 170; 459.4; 
567; 0; 1348.7877; 170; 459.6; 
567; 0; 1347.3106; 170; 459.8; 
567; 0; 1347.3099; 170; 460; 
567; 0; 1345.8331; 170; 460.2; 
567; 0; 1345.8329; 170; 460.4; 
567; 0; 1344.3565; 170; 460.6; 
567; 0; 1344.3566; 170; 460.8; 
567; 0; 1342.8804; 170; 461; 
567; 0; 1342.8804; 170; 461.2; 
567; 0; 1342.8804; 170; 461.4; 
567; 0; 1341.4039; 170; 461.6; 
567; 0; 1341.4037; 170; 461.8; 
567; 0; 1341.4035; 170; 462; 
567; 0; 1339.927; 170; 462.2; 
567; 0; 1339.9269; 170; 462.4; 
567; 0; 1339.9268; 170; 462.6; 
567; 0; 1339.9267; 170; 462.8; 
567; 0; 1338.4502; 170; 463; 
567; 0; 1338.45; 170; 463.2; 
567; 0; 1338.4497; 170; 463.4; 
567; 0; 1338.4496; 170; 463.6; 
567; 0; 1336.9731; 170; 463.8; 
567; 0; 1336.973; 170; 464; 
567; 0; 1336.973; 170; 464.2; 
567; 0; 1336.9729; 170; 464.4; 
567; 0; 1336.9728; 170; 464.6; 
567; 0; 1336.9726; 170; 464.8; 
567; 0; 1336.9724; 170; 465; 
567; 0; 1335.4959; 170; 465.2; 
567; 0; 1335.4957; 170; 465.4; 
567; 0; 1335.4956; 170; 465.6; 
567; 0; 1335.4955; 170; 465.8; 
567; 0; 1335.4955; 170; 466; 
567; 0; 1335.4955; 170; 466.2; 
567; 0; 1335.4954; 170; 466.4; 
567; 0; 1335.4953; 170; 466.6; 
567; 0; 1335.4951; 170; 466.8; 
567; 0; 1334.0186; 170; 467; 
567; 0; 1334.0183; 170; 467.2; 
567; 0; 1334.0182; 170; 467.4; 
567; 0; 1334.018; 170; 467.6; 
567; 0; 1334.0179; 170; 467.8; 
567; 0; 1343.8348; 170; 468; 
567; 0; 1343.8347; 170; 468.2; 
567; 0; 1343.8345; 170; 468.4; 
567; 0; 1343.8344; 170; 468.6; 
567; 0; 1343.8344; 170; 468.8; 
567; 0; 1342.3514; 170; 469; 
567; 0; 1342.3513; 170; 469.2; 
567; 0; 1342.3512; 170; 469.4; 
567; 0; 1340.8682; 170; 469.6; 
567; 0; 1340.8682; 170; 469.8; 
567; 0; 1340.8682; 170; 470; 
567; 0; 1339.3852; 170; 470.2; 
567; 0; 1339.3852; 170; 470.4; 
567; 0; 1337.9021; 170; 470.6; 
567; 0; 1337.902; 170; 470.8; 
567; 0; 1336.4188; 170; 471; 
567; 0; 1336.4185; 170; 471.2; 
567; 0; 1336.4182; 170; 471.4; 
567; 0; 1334.9351; 170; 471.6; 
567; 0; 1334.9348; 170; 471.8; 
567; 0; 1333.4516; 170; 472; 
567; 0; 1333.4514; 170; 472.2; 
567; 0; 1333.4512; 170; 472.4; 
567; 0; 1331.9682; 170; 472.6; 
567; 0; 1331.9683; 170; 472.8; 
567; 0; 1330.4854; 170; 473; 
567; 0; 1330.4855; 170; 473.2; 
567; 0; 1330.4854; 170; 473.4; 
567; 0; 1330.4853; 170; 473.6; 
567; 0; 1329.0021; 170; 473.8; 
567; 0; 1329.0019; 170; 474; 
567; 0; 1329.0016; 170; 474.2; 
567; 0; 1329.0013; 170; 474.4; 
567; 0; 1329.001; 170; 474.6; 
567; 0; 1327.5179; 170; 474.8; 
567; 0; 1327.5178; 170; 475; 
567; 0; 1327.5177; 170; 475.2; 
567; 0; 1327.518; 170; 475.4; 
567; 0; 1327.5193; 170; 475.6; 
567; 0; 1329.0058; 170; 475.8; 
567; 0; 1329.0132; 170; 476; 
567; 0; 1329.0256; 170; 476.2; 
567; 0; 1327.5615; 170; 476.4; 
567; 0; 1327.5877; 170; 476.6; 
567; 0; 1327.6202; 170; 476.8; 
567; 0; 1329.1392; 170; 477; 
567; 0; 1332.1409; 170; 477.2; 
567; 0; 1338.1048; 170; 477.4; 
567; 0; 1335.7196; 170; 477.6; 
567; 0; 1344.5923; 170; 477.8; 
567; 0; 1353.4537; 170; 478; 
567; 0; 1365.2564; 170; 478.2; 
567; 0; 1375.5726; 170; 478.4; 
567; 0; 1385.8805; 170; 478.6; 
567; 0; 1393.2304; 170; 478.8; 
567; 0; 1400.5779; 170; 479; 
567; 0; 1406.4498; 170; 479.2; 
567; 0; 1409.3726; 170; 479.4; 
567; 0; 1412.3012; 170; 479.6; 
567; 0; 1413.761; 170; 479.8; 
567; 0; 1413.7526; 170; 480; 
567; 0; 1413.7523; 170; 480.2; 
567; 0; 1413.7591; 170; 480.4; 
567; 0; 1413.7714; 170; 480.6; 
567; 0; 1413.7872; 170; 480.8; 
567; 0; 1413.8044; 170; 481; 
567; 0; 1415.2973; 170; 481.2; 
567; 0; 1416.7882; 170; 481.4; 
567; 0; 1419.752; 170; 481.6; 
567; 0; 1422.7116; 170; 481.8; 
567; 0; 1425.6668; 170; 482; 
567; 0; 1430.0941; 170; 482.2; 
567; 0; 1433.0416; 170; 482.4; 
567; 0; 1434.5102; 170; 482.6; 
567; 0; 1437.4536; 170; 482.8; 
567; 0; 1438.9203; 170; 483; 
567; 0; 1440.3876; 170; 483.2; 
567; 0; 1440.38; 170; 483.4; 
567; 0; 1440.3745; 170; 483.6; 
567; 0; 1440.3714; 170; 483.8; 
567; 0; 1440.3708; 170; 484; 
567; 0; 1440.3723; 170; 484.2; 
567; 0; 1440.3756; 170; 484.4; 
567; 0; 1440.3802; 170; 484.6; 
567; 0; 1440.3853; 170; 484.8; 
567; 0; 1440.3904; 170; 485; 
567; 0; 1440.3948; 170; 485.2; 
567; 0; 1440.3981; 170; 485.4; 
567; 0; 1441.8765; 170; 485.6; 
567; 0; 1441.8773; 170; 485.8; 
567; 0; 1443.3532; 170; 486; 
567; 0; 1443.3517; 170; 486.2; 
567; 0; 1444.8259; 170; 486.4; 
567; 0; 1444.8231; 170; 486.6; 
567; 0; 1444.8203; 170; 486.8; 
567; 0; 1444.8176; 170; 487; 
567; 0; 1446.2918; 170; 487.2; 
567; 0; 1446.2902; 170; 487.4; 
567; 0; 1444.8129; 170; 487.6; 
567; 0; 1444.8125; 170; 487.8; 
567; 0; 1444.8127; 170; 488; 
567; 0; 1444.8135; 170; 488.2; 
567; 0; 1444.8147; 170; 488.4; 
567; 0; 1444.8161; 170; 488.6; 
567; 0; 1444.8173; 170; 488.8; 
567; 0; 1444.8184; 170; 489; 
567; 0; 1444.8193; 170; 489.2; 
567; 0; 1444.8198; 170; 489.4; 
567; 0; 1444.82; 170; 489.6; 
567; 0; 1444.8198; 170; 489.8; 
567; 0; 1446.2958; 170; 490; 
567; 0; 1446.2951; 170; 490.2; 
567; 0; 1446.2943; 170; 490.4; 
567; 0; 1446.2933; 170; 490.6; 
567; 0; 1446.2926; 170; 490.8; 
567; 0; 1446.292; 170; 491; 
567; 0; 1446.2916; 170; 491.2; 
567; 0; 1446.2914; 170; 491.4; 
567; 0; 1446.2913; 170; 491.6; 
567; 0; 1446.2914; 170; 491.8; 
567; 0; 1446.2915; 170; 492; 
567; 0; 1444.8152; 170; 492.2; 
567; 0; 1444.8153; 170; 492.4; 
567; 0; 1444.8154; 170; 492.6; 
567; 0; 1444.8154; 170; 492.8; 
567; 0; 1444.8155; 170; 493; 
567; 0; 1444.8155; 170; 493.2; 
567; 0; 1446.2914; 170; 493.4; 
567; 0; 1446.2894; 170; 493.6; 
567; 0; 1446.2842; 170; 493.8; 
567; 0; 1447.7505; 170; 494; 
567; 0; 1447.7351; 170; 494.2; 
567; 0; 1447.7146; 170; 494.4; 
567; 0; 1446.2142; 170; 494.6; 
567; 0; 1444.7135; 170; 494.8; 
567; 0; 1441.7386; 170; 495; 
567; 0; 1437.2914; 170; 495.2; 
567; 0; 1432.8498; 170; 495.4; 
567; 0; 1426.9386; 170; 495.6; 
567; 0; 1421.034; 170; 495.8; 
567; 0; 1415.1352; 170; 496; 
567; 0; 1409.2406; 170; 496.2; 
567; 0; 1404.825; 170; 496.4; 
567; 0; 1398.9338; 170; 496.6; 
567; 0; 1394.518; 170; 496.8; 
567; 0; 1390.1001; 170; 497; 
567; 0; 1387.156; 170; 497.2; 
567; 0; 1384.2087; 170; 497.4; 
567; 0; 1381.2582; 170; 497.6; 
567; 0; 1378.3051; 170; 497.8; 
567; 0; 1376.8265; 170; 498; 
567; 0; 1373.8704; 170; 498.2; 
567; 0; 1370.9138; 170; 498.4; 
567; 0; 1369.434; 170; 498.6; 
567; 0; 1366.4788; 170; 498.8; 
567; 0; 1363.5244; 170; 499; 
567; 0; 1362.0473; 170; 499.2; 
567; 0; 1359.0948; 170; 499.4; 
567; 0; 1357.6193; 170; 499.6; 
567; 0; 1356.1444; 170; 499.8; 
567; 0; 1353.1935; 170; 500; 
567; 0; 1351.7189; 170; 500.2; 
567; 0; 1350.2442; 170; 500.4; 
567; 0; 1348.7693; 170; 500.6; 
567; 0; 1347.2939; 170; 500.8; 
567; 0; 1345.818; 170; 501; 
567; 0; 1345.8181; 170; 501.2; 
567; 0; 1344.3414; 170; 501.4; 
567; 0; 1342.8645; 170; 501.6; 
567; 0; 1342.8639; 170; 501.8; 
567; 0; 1341.3871; 170; 502; 
567; 0; 1341.3866; 170; 502.2; 
567; 0; 1339.9099; 170; 502.4; 
567; 0; 1339.9096; 170; 502.6; 
567; 0; 1338.4332; 170; 502.8; 
567; 0; 1338.4333; 170; 503; 
567; 0; 1336.9572; 170; 503.2; 
567; 0; 1336.9574; 170; 503.4; 
567; 0; 1336.9575; 170; 503.6; 
567; 0; 1335.4813; 170; 503.8; 
567; 0; 1335.4813; 170; 504; 
567; 0; 1335.4814; 170; 504.2; 
567; 0; 1335.4814; 170; 504.4; 
567; 0; 1334.0048; 170; 504.6; 
567; 0; 1334.0044; 170; 504.8; 
567; 0; 1343.8212; 170; 505; 
567; 0; 1343.8209; 170; 505.2; 
567; 0; 1343.8207; 170; 505.4; 
567; 0; 1342.3376; 170; 505.6; 
567; 0; 1342.3375; 170; 505.8; 
567; 0; 1342.3375; 170; 506; 
567; 0; 1340.8545; 170; 506.2; 
567; 0; 1340.8543; 170; 506.4; 
567; 0; 1340.8543; 170; 506.6; 
567; 0; 1339.3713; 170; 506.8; 
567; 0; 1339.3714; 170; 507; 
567; 0; 1337.8886; 170; 507.2; 
567; 0; 1337.8888; 170; 507.4; 
567; 0; 1336.406; 170; 507.6; 
567; 0; 1336.406; 170; 507.8; 
567; 0; 1334.923; 170; 508; 
567; 0; 1334.9228; 170; 508.2; 
567; 0; 1333.4395; 170; 508.4; 
567; 0; 1333.4391; 170; 508.6; 
567; 0; 1333.4386; 170; 508.8; 
567; 0; 1331.9552; 170; 509; 
567; 0; 1331.955; 170; 509.2; 
567; 0; 1330.472; 170; 509.4; 
567; 0; 1330.472; 170; 509.6; 
567; 0; 1330.472; 170; 509.8; 
567; 0; 1328.9891; 170; 510; 
567; 0; 1328.9891; 170; 510.2; 
567; 0; 1328.989; 170; 510.4; 
567; 0; 1327.5059; 170; 510.6; 
567; 0; 1327.5058; 170; 510.8; 
567; 0; 1327.5058; 170; 511; 
567; 0; 1327.5058; 170; 511.2; 
567; 0; 1326.0229; 170; 511.4; 
567; 0; 1326.023; 170; 511.6; 
567; 0; 1326.023; 170; 511.8; 
567; 0; 1326.023; 170; 512; 
567; 0; 1326.0228; 170; 512.2; 
567; 0; 1326.0226; 170; 512.4; 
567; 0; 1324.5395; 170; 512.6; 
567; 0; 1324.5394; 170; 512.8; 
567; 0; 1324.5393; 170; 513; 
567; 0; 1324.5391; 170; 513.2; 
567; 0; 1324.539; 170; 513.4; 
567; 0; 1324.5389; 170; 513.6; 
567; 0; 1324.5387; 170; 513.8; 
567; 0; 1324.5386; 170; 514; 
567; 0; 1324.5385; 170; 514.2; 
567; 0; 1323.0555; 170; 514.4; 
567; 0; 1323.0554; 170; 514.6; 
567; 0; 1323.0554; 170; 514.8; 
567; 0; 1323.0553; 170; 515; 
567; 0; 1323.0554; 170; 515.2; 
567; 0; 1323.0554; 170; 515.4; 
567; 0; 1323.0554; 170; 515.6; 
567; 0; 1323.0555; 170; 515.8; 
567; 0; 1323.0556; 170; 516; 
567; 0; 1323.0556; 170; 516.2; 
567; 0; 1323.0557; 170; 516.4; 
567; 0; 1323.0557; 170; 516.6; 
567; 0; 1323.0556; 170; 516.8; 
567; 0; 1323.0555; 170; 517; 
567; 0; 1323.0553; 170; 517.2; 
567; 0; 1323.0552; 170; 517.4; 
567; 0; 1323.055; 170; 517.6; 
567; 0; 1323.0549; 170; 517.8; 
567; 0; 1323.0547; 170; 518; 
567; 0; 1321.5716; 170; 518.2; 
567; 0; 1321.5716; 170; 518.4; 
567; 0; 1321.5715; 170; 518.6; 
567; 0; 1321.5715; 170; 518.8; 
567; 0; 1321.5714; 170; 519; 
567; 0; 1321.5714; 170; 519.2; 
567; 0; 1321.5715; 170; 519.4; 
567; 0; 1321.5716; 170; 519.6; 
567; 0; 1321.5718; 170; 519.8; 
567; 0; 1321.5719; 170; 520; 
567; 0; 1321.5719; 170; 520.2; 
567; 0; 1321.5719; 170; 520.4; 
567; 0; 1321.5719; 170; 520.6; 
567; 0; 1321.5719; 170; 520.8; 
567; 0; 1321.5718; 170; 521; 
567; 0; 1321.5717; 170; 521.2; 
567; 0; 1321.5716; 170; 521.4; 
567; 0; 1321.5715; 170; 521.6; 
567; 0; 1321.5714; 170; 521.8; 
567; 0; 1321.5713; 170; 522; 
567; 0; 1321.5711; 170; 522.2; 
567; 0; 1321.571; 170; 522.4; 
567; 0; 1321.5709; 170; 522.6; 
567; 0; 1321.5708; 170; 522.8; 
567; 0; 1321.5709; 170; 523; 
567; 0; 1321.571; 170; 523.2; 
567; 0; 1321.571; 170; 523.4; 
567; 0; 1321.5711; 170; 523.6; 
567; 0; 1321.571; 170; 523.8; 
567; 0; 1321.5709; 170; 524; 
567; 0; 1321.5708; 170; 524.2; 
567; 0; 1321.5706; 170; 524.4; 
567; 0; 1321.5706; 170; 524.6; 
567; 0; 1321.5705; 170; 524.8; 
567; 0; 1321.5705; 170; 525; 
567; 0; 1321.5706; 170; 525.2; 
567; 0; 1321.5708; 170; 525.4; 
567; 0; 1321.5708; 170; 525.6; 
567; 0; 1321.5709; 170; 525.8; 
567; 0; 1321.5708; 170; 526; 
567; 0; 1321.5707; 170; 526.2; 
567; 0; 1321.5706; 170; 526.4; 
567; 0; 1321.5705; 170; 526.6; 
567; 0; 1321.5705; 170; 526.8; 
567; 0; 1321.5704; 170; 527; 
567; 0; 1321.5704; 170; 527.2; 
567; 0; 1321.5703; 170; 527.4; 
567; 0; 1321.5702; 170; 527.6; 
567; 0; 1321.5702; 170; 527.8; 
567; 0; 1321.5701; 170; 528; 
567; 0; 1321.5701; 170; 528.2; 
567; 0; 1321.5702; 170; 528.4; 
567; 0; 1321.5702; 170; 528.6; 
567; 0; 1320.0872; 170; 528.8; 
567; 0; 1320.0872; 170; 529; 
567; 0; 1320.0871; 170; 529.2; 
567; 0; 1320.0871; 170; 529.4; 
567; 0; 1320.0871; 170; 529.6; 
567; 0; 1320.0871; 170; 529.8; 
567; 0; 1320.0871; 170; 530; 
567; 0; 1320.087; 170; 530.2; 
567; 0; 1320.087; 170; 530.4; 
567; 0; 1320.0871; 170; 530.6; 
567; 0; 1320.087; 170; 530.8; 
567; 0; 1320.0869; 170; 531; 
567; 0; 1320.0869; 170; 531.2; 
567; 0; 1320.0868; 170; 531.4; 
567; 0; 1320.0867; 170; 531.6; 
567; 0; 1320.0866; 170; 531.8; 
567; 0; 1320.0866; 170; 532; 
567; 0; 1320.0867; 170; 532.2; 
567; 0; 1320.0867; 170; 532.4; 
567; 0; 1320.0867; 170; 532.6; 
567; 0; 1320.0867; 170; 532.8; 
567; 0; 1320.0867; 170; 533; 
567; 0; 1320.0866; 170; 533.2; 
567; 0; 1320.0865; 170; 533.4; 
567; 0; 1320.0864; 170; 533.6; 
567; 0; 1320.0863; 170; 533.8; 
567; 0; 1320.0863; 170; 534; 
567; 0; 1320.0864; 170; 534.2; 
567; 0; 1320.0864; 170; 534.4; 
567; 0; 1320.0863; 170; 534.6; 
567; 0; 1320.0863; 170; 534.8; 
567; 0; 1320.0863; 170; 535; 
567; 0; 1320.0863; 170; 535.2; 
567; 0; 1320.0863; 170; 535.4; 
567; 0; 1320.0863; 170; 535.6; 
567; 0; 1320.0863; 170; 535.8; 
567; 0; 1320.0863; 170; 536; 
567; 0; 1320.0863; 170; 536.2; 
567; 0; 1320.0862; 170; 536.4; 
567; 0; 1320.0862; 170; 536.6; 
567; 0; 1320.0862; 170; 536.8; 
567; 0; 1320.0862; 170; 537; 
567; 0; 1320.0861; 170; 537.2; 
567; 0; 1320.086; 170; 537.4; 
567; 0; 1320.086; 170; 537.6; 
567; 0; 1320.0859; 170; 537.8; 
567; 0; 1320.0859; 170; 538; 
567; 0; 1320.0859; 170; 538.2; 
567; 0; 1320.0859; 170; 538.4; 
567; 0; 1320.0859; 170; 538.6; 
567; 0; 1321.569; 170; 538.8; 
567; 0; 1321.5692; 170; 539; 
567; 0; 1321.5699; 170; 539.2; 
567; 0; 1321.5718; 170; 539.4; 
567; 0; 1323.0591; 170; 539.6; 
567; 0; 1323.0673; 170; 539.8; 
567; 0; 1323.0804; 170; 540; 
567; 0; 1323.0991; 170; 540.2; 
567; 0; 1323.1231; 170; 540.4; 
567; 0; 1323.1512; 170; 540.6; 
567; 0; 1326.1478; 170; 540.8; 
567; 0; 1327.6617; 170; 541; 
567; 0; 1332.1391; 170; 541.2; 
567; 0; 1338.0943; 170; 541.4; 
567; 0; 1337.1766; 170; 541.6; 
567; 0; 1346.0408; 170; 541.8; 
567; 0; 1354.8945; 170; 542; 
567; 0; 1365.2138; 170; 542.2; 
567; 0; 1375.5229; 170; 542.4; 
567; 0; 1384.3471; 170; 542.6; 
567; 0; 1391.6891; 170; 542.8; 
567; 0; 1396.0759; 170; 543; 
567; 0; 1400.4642; 170; 543.2; 
567; 0; 1401.9057; 170; 543.4; 
567; 0; 1401.8805; 170; 543.6; 
567; 0; 1400.389; 170; 543.8; 
567; 0; 1398.9086; 170; 544; 
567; 0; 1395.9627; 170; 544.2; 
567; 0; 1393.0261; 170; 544.4; 
567; 0; 1390.0963; 170; 544.6; 
567; 0; 1388.6479; 170; 544.8; 
567; 0; 1387.2006; 170; 545; 
567; 0; 1387.2267; 170; 545.2; 
567; 0; 1388.7234; 170; 545.4; 
567; 0; 1391.6887; 170; 545.6; 
567; 0; 1394.645; 170; 545.8; 
567; 0; 1397.5922; 170; 546; 
567; 0; 1400.5312; 170; 546.2; 
567; 0; 1403.4638; 170; 546.4; 
567; 0; 1404.9162; 170; 546.6; 
567; 0; 1404.8913; 170; 546.8; 
567; 0; 1404.8682; 170; 547; 
567; 0; 1403.374; 170; 547.2; 
567; 0; 1400.409; 170; 547.4; 
567; 0; 1397.4504; 170; 547.6; 
567; 0; 1394.4981; 170; 547.8; 
567; 0; 1391.5514; 170; 548; 
567; 0; 1388.6091; 170; 548.2; 
567; 0; 1385.6693; 170; 548.4; 
567; 0; 1382.7309; 170; 548.6; 
567; 0; 1381.2681; 170; 548.8; 
567; 0; 1379.8028; 170; 549; 
567; 0; 1378.3338; 170; 549.2; 
567; 0; 1378.3371; 170; 549.4; 
567; 0; 1378.3363; 170; 549.6; 
567; 0; 1378.3319; 170; 549.8; 
567; 0; 1376.8487; 170; 550; 
567; 0; 1376.8404; 170; 550.2; 
567; 0; 1375.3554; 170; 550.4; 
567; 0; 1375.3473; 170; 550.6; 
567; 0; 1373.8642; 170; 550.8; 
567; 0; 1372.3832; 170; 551; 
567; 0; 1370.9044; 170; 551.2; 
567; 0; 1367.9511; 170; 551.4; 
567; 0; 1366.4758; 170; 551.6; 
567; 0; 1365.0017; 170; 551.8; 
567; 0; 1363.5284; 170; 552; 
567; 0; 1362.0554; 170; 552.2; 
567; 0; 1360.5822; 170; 552.4; 
567; 0; 1359.1083; 170; 552.6; 
567; 0; 1359.1099; 170; 552.8; 
567; 0; 1357.6342; 170; 553; 
567; 0; 1356.1575; 170; 553.2; 
567; 0; 1356.1563; 170; 553.4; 
567; 0; 1354.6782; 170; 553.6; 
567; 0; 1354.6762; 170; 553.8; 
567; 0; 1353.1979; 170; 554; 
567; 0; 1353.1961; 170; 554.2; 
567; 0; 1351.7185; 170; 554.4; 
567; 0; 1350.2412; 170; 554.6; 
567; 0; 1350.2406; 170; 554.8; 
567; 0; 1348.764; 170; 555; 
567; 0; 1348.764; 170; 555.2; 
567; 0; 1347.2878; 170; 555.4; 
567; 0; 1347.2879; 170; 555.6; 
567; 0; 1345.8118; 170; 555.8; 
567; 0; 1345.812; 170; 556; 
567; 0; 1344.3357; 170; 556.2; 
567; 0; 1344.3356; 170; 556.4; 
567; 0; 1342.859; 170; 556.6; 
567; 0; 1342.8587; 170; 556.8; 
567; 0; 1342.8583; 170; 557; 
567; 0; 1341.3814; 170; 557.2; 
567; 0; 1341.381; 170; 557.4; 
567; 0; 1341.3805; 170; 557.6; 
567; 0; 1339.9038; 170; 557.8; 
567; 0; 1339.9035; 170; 558; 
567; 0; 1339.9031; 170; 558.2; 
567; 0; 1338.4265; 170; 558.4; 
567; 0; 1338.4264; 170; 558.6; 
567; 0; 1338.4263; 170; 558.8; 
567; 0; 1336.9499; 170; 559; 
567; 0; 1336.9499; 170; 559.2; 
567; 0; 1336.9498; 170; 559.4; 
567; 0; 1336.9497; 170; 559.6; 
567; 0; 1335.4732; 170; 559.8; 
567; 0; 1335.4731; 170; 560; 
567; 0; 1335.473; 170; 560.2; 
567; 0; 1335.4729; 170; 560.4; 
567; 0; 1335.4726; 170; 560.6; 
567; 0; 1333.996; 170; 560.8; 
567; 0; 1333.9957; 170; 561; 
567; 0; 1343.8126; 170; 561.2; 
567; 0; 1343.8125; 170; 561.4; 
567; 0; 1343.8123; 170; 561.6; 
567; 0; 1342.3291; 170; 561.8; 
567; 0; 1342.329; 170; 562; 
567; 0; 1342.3289; 170; 562.2; 
567; 0; 1340.8459; 170; 562.4; 
567; 0; 1340.8459; 170; 562.6; 
567; 0; 1339.3629; 170; 562.8; 
567; 0; 1339.3628; 170; 563; 
567; 0; 1337.8797; 170; 563.2; 
567; 0; 1337.8796; 170; 563.4; 
567; 0; 1336.3965; 170; 563.6; 
567; 0; 1336.3963; 170; 563.8; 
567; 0; 1334.9131; 170; 564; 
567; 0; 1334.9129; 170; 564.2; 
567; 0; 1333.4297; 170; 564.4; 
567; 0; 1333.4296; 170; 564.6; 
567; 0; 1333.4294; 170; 564.8; 
567; 0; 1331.9464; 170; 565; 
567; 0; 1331.9463; 170; 565.2; 
567; 0; 1330.4633; 170; 565.4; 
567; 0; 1330.4634; 170; 565.6; 
567; 0; 1328.9805; 170; 565.8; 
567; 0; 1328.9804; 170; 566; 
567; 0; 1328.9803; 170; 566.2; 
567; 0; 1327.4971; 170; 566.4; 
567; 0; 1327.497; 170; 566.6; 
567; 0; 1327.4968; 170; 566.8; 
567; 0; 1326.0135; 170; 567; 
567; 0; 1326.0132; 170; 567.2; 
567; 0; 1326.0131; 170; 567.4; 
567; 0; 1326.013; 170; 567.6; 
567; 0; 1324.5299; 170; 567.8; 
567; 0; 1324.5299; 170; 568; 
567; 0; 1324.5299; 170; 568.2; 
567; 0; 1324.5299; 170; 568.4; 
567; 0; 1323.0469; 170; 568.6; 
567; 0; 1323.0469; 170; 568.8; 
567; 0; 1323.0469; 170; 569; 
567; 0; 1323.047; 170; 569.2; 
567; 0; 1323.0469; 170; 569.4; 
567; 0; 1323.0468; 170; 569.6; 
567; 0; 1321.5638; 170; 569.8; 
567; 0; 1321.5637; 170; 570; 
567; 0; 1321.5636; 170; 570.2; 
567; 0; 1321.5634; 170; 570.4; 
567; 0; 1321.5633; 170; 570.6; 
567; 0; 1321.5633; 170; 570.8; 
567; 0; 1321.5632; 170; 571; 
567; 0; 1321.5632; 170; 571.2; 
567; 0; 1321.5632; 170; 571.4; 
567; 0; 1321.5632; 170; 571.6; 
567; 0; 1320.0803; 170; 571.8; 
567; 0; 1320.0803; 170; 572; 
567; 0; 1320.0804; 170; 572.2; 
567; 0; 1320.0804; 170; 572.4; 
567; 0; 1320.0804; 170; 572.6; 
567; 0; 1320.0804; 170; 572.8; 
567; 0; 1320.0803; 170; 573; 
567; 0; 1320.0803; 170; 573.2; 
567; 0; 1320.0801; 170; 573.4; 
567; 0; 1320.0798; 170; 573.6; 
567; 0; 1320.0796; 170; 573.8; 
567; 0; 1320.0795; 170; 574; 
567; 0; 1320.0795; 170; 574.2; 
567; 0; 1320.0796; 170; 574.4; 
567; 0; 1320.0797; 170; 574.6; 
567; 0; 1320.0798; 170; 574.8; 
567; 0; 1320.0798; 170; 575; 
567; 0; 1320.0798; 170; 575.2; 
567; 0; 1320.0798; 170; 575.4; 
567; 0; 1320.0798; 170; 575.6; 
567; 0; 1320.0797; 170; 575.8; 
567; 0; 1318.5966; 170; 576; 
567; 0; 1318.5965; 170; 576.2; 
567; 0; 1318.5963; 170; 576.4; 
567; 0; 1318.5961; 170; 576.6; 
567; 0; 1318.596; 170; 576.8; 
567; 0; 1318.596; 170; 577; 
567; 0; 1318.596; 170; 577.2; 
567; 0; 1318.5961; 170; 577.4; 
567; 0; 1318.5963; 170; 577.6; 
567; 0; 1318.5964; 170; 577.8; 
567; 0; 1318.5965; 170; 578; 
567; 0; 1318.5965; 170; 578.2; 
567; 0; 1318.5965; 170; 578.4; 
567; 0; 1318.5965; 170; 578.6; 
567; 0; 1318.5965; 170; 578.8; 
567; 0; 1318.5965; 170; 579; 
567; 0; 1318.5965; 170; 579.2; 
567; 0; 1318.5964; 170; 579.4; 
567; 0; 1318.5963; 170; 579.6; 
567; 0; 1318.5963; 170; 579.8; 
567; 0; 1318.5962; 170; 580; 
567; 0; 1318.5961; 170; 580.2; 
567; 0; 1318.5959; 170; 580.4; 
567; 0; 1318.5957; 170; 580.6; 
567; 0; 1318.5957; 170; 580.8; 
567; 0; 1318.5957; 170; 581; 
567; 0; 1318.5958; 170; 581.2; 
567; 0; 1318.596; 170; 581.4; 
567; 0; 1318.596; 170; 581.6; 
567; 0; 1318.5961; 170; 581.8; 
567; 0; 1318.5961; 170; 582; 
567; 0; 1318.5962; 170; 582.2; 
567; 0; 1318.5962; 170; 582.4; 
567; 0; 1318.5962; 170; 582.6; 
567; 0; 1318.5961; 170; 582.8; 
567; 0; 1318.596; 170; 583; 
567; 0; 1318.5959; 170; 583.2; 
567; 0; 1318.5959; 170; 583.4; 
567; 0; 1318.5958; 170; 583.6; 
567; 0; 1318.5958; 170; 583.8; 
567; 0; 1318.5958; 170; 584; 
567; 0; 1318.5959; 170; 584.2; 
567; 0; 1318.5958; 170; 584.4; 
567; 0; 1318.5959; 170; 584.6; 
567; 0; 1320.0793; 170; 584.8; 
567; 0; 1320.081; 170; 585; 
567; 0; 1320.0848; 170; 585.2; 
567; 0; 1320.0918; 170; 585.4; 
567; 0; 1321.5868; 170; 585.6; 
567; 0; 1321.6049; 170; 585.8; 
567; 0; 1320.1472; 170; 586; 
567; 0; 1321.6619; 170; 586.2; 
567; 0; 1321.6977; 170; 586.4; 
567; 0; 1324.6997; 170; 586.6; 
567; 0; 1330.6641; 170; 586.8; 
567; 0; 1336.6215; 170; 587; 
567; 0; 1335.7105; 170; 587.2; 
567; 0; 1346.049; 170; 587.4; 
567; 0; 1356.3759; 170; 587.6; 
567; 0; 1368.1685; 170; 587.8; 
567; 0; 1377; 170; 588; 
567; 0; 1385.8258; 170; 588.2; 
567; 0; 1393.1729; 170; 588.4; 
567; 0; 1397.5682; 170; 588.6; 
567; 0; 1401.9673; 170; 588.8; 
567; 0; 1404.8961; 170; 589; 
567; 0; 1404.8799; 170; 589.2; 
567; 0; 1406.3485; 170; 589.4; 
567; 0; 1406.3488; 170; 589.6; 
567; 0; 1404.8795; 170; 589.8; 
567; 0; 1404.8909; 170; 590; 
567; 0; 1406.3803; 170; 590.2; 
567; 0; 1406.3921; 170; 590.4; 
567; 0; 1407.8765; 170; 590.6; 
567; 0; 1410.8317; 170; 590.8; 
567; 0; 1412.3042; 170; 591; 
567; 0; 1413.7703; 170; 591.2; 
567; 0; 1415.2313; 170; 591.4; 
567; 0; 1415.2126; 170; 591.6; 
567; 0; 1415.1932; 170; 591.8; 
567; 0; 1413.6996; 170; 592; 
567; 0; 1410.7329; 170; 592.2; 
567; 0; 1407.7708; 170; 592.4; 
567; 0; 1404.8142; 170; 592.6; 
567; 0; 1400.3868; 170; 592.8; 
567; 0; 1395.9641; 170; 593; 
567; 0; 1393.0213; 170; 593.2; 
567; 0; 1388.6041; 170; 593.4; 
567; 0; 1385.6637; 170; 593.6; 
567; 0; 1382.7222; 170; 593.8; 
567; 0; 1381.2553; 170; 594; 
567; 0; 1378.309; 170; 594.2; 
567; 0; 1376.8354; 170; 594.4; 
567; 0; 1376.8348; 170; 594.6; 
567; 0; 1375.3552; 170; 594.8; 
567; 0; 1373.8737; 170; 595; 
567; 0; 1372.3913; 170; 595.2; 
567; 0; 1370.9089; 170; 595.4; 
567; 0; 1369.4275; 170; 595.6; 
567; 0; 1367.9472; 170; 595.8; 
567; 0; 1364.992; 170; 596; 
567; 0; 1363.5144; 170; 596.2; 
567; 0; 1362.0383; 170; 596.4; 
567; 0; 1360.5631; 170; 596.6; 
567; 0; 1357.6124; 170; 596.8; 
567; 0; 1356.1382; 170; 597; 
567; 0; 1354.6641; 170; 597.2; 
567; 0; 1353.1896; 170; 597.4; 
567; 0; 1351.7146; 170; 597.6; 
567; 0; 1351.7154; 170; 597.8; 
567; 0; 1350.2391; 170; 598; 
567; 0; 1348.7623; 170; 598.2; 
567; 0; 1348.7613; 170; 598.4; 
567; 0; 1347.2838; 170; 598.6; 
567; 0; 1347.2825; 170; 598.8; 
567; 0; 1345.8051; 170; 599; 
567; 0; 1344.3277; 170; 599.2; 
567; 0; 1344.327; 170; 599.4; 
567; 0; 1342.8502; 170; 599.6; 
567; 0; 1342.8501; 170; 599.8; 
567; 0; 1341.3739; 170; 600; 
567; 0; 1341.374; 170; 600.2; 
567; 0; 1339.8979; 170; 600.4; 
567; 0; 1339.898; 170; 600.6; 
567; 0; 1338.4217; 170; 600.8; 
567; 0; 1338.4215; 170; 601; 
567; 0; 1338.4213; 170; 601.2; 
567; 0; 1336.9447; 170; 601.4; 
567; 0; 1336.9444; 170; 601.6; 
567; 0; 1336.9441; 170; 601.8; 
567; 0; 1335.4675; 170; 602; 
567; 0; 1335.4672; 170; 602.2; 
567; 0; 1335.467; 170; 602.4; 
567; 0; 1333.9905; 170; 602.6; 
567; 0; 1333.9903; 170; 602.8; 
567; 0; 1343.8072; 170; 603; 
567; 0; 1343.8071; 170; 603.2; 
567; 0; 1342.3241; 170; 603.4; 
567; 0; 1342.324; 170; 603.6; 
567; 0; 1342.3241; 170; 603.8; 
567; 0; 1340.8412; 170; 604; 
567; 0; 1340.8412; 170; 604.2; 
567; 0; 1340.8411; 170; 604.4; 
567; 0; 1339.358; 170; 604.6; 
567; 0; 1339.3578; 170; 604.8; 
567; 0; 1337.8746; 170; 605; 
567; 0; 1337.8743; 170; 605.2; 
567; 0; 1336.3911; 170; 605.4; 
567; 0; 1334.9079; 170; 605.6; 
567; 0; 1334.9076; 170; 605.8; 
567; 0; 1333.4245; 170; 606; 
567; 0; 1333.4243; 170; 606.2; 
567; 0; 1331.9412; 170; 606.4; 
567; 0; 1331.9411; 170; 606.6; 
567; 0; 1330.458; 170; 606.8; 
567; 0; 1330.4578; 170; 607; 
567; 0; 1328.9746; 170; 607.2; 
567; 0; 1328.9744; 170; 607.4; 
567; 0; 1328.9744; 170; 607.6; 
567; 0; 1327.4915; 170; 607.8; 
567; 0; 1327.4915; 170; 608; 
567; 0; 1326.0088; 170; 608.2; 
567; 0; 1326.0089; 170; 608.4; 
567; 0; 1326.009; 170; 608.6; 
567; 0; 1324.526; 170; 608.8; 
567; 0; 1324.5257; 170; 609; 
567; 0; 1324.5254; 170; 609.2; 
567; 0; 1324.5251; 170; 609.4; 
567; 0; 1323.0419; 170; 609.6; 
567; 0; 1323.0418; 170; 609.8; 
567; 0; 1323.0416; 170; 610; 
567; 0; 1323.0416; 170; 610.2; 
567; 0; 1321.5586; 170; 610.4; 
567; 0; 1321.5585; 170; 610.6; 
567; 0; 1321.5585; 170; 610.8; 
567; 0; 1321.5585; 170; 611; 
567; 0; 1321.5584; 170; 611.2; 
567; 0; 1321.5582; 170; 611.4; 
567; 0; 1321.5579; 170; 611.6; 
567; 0; 1320.0748; 170; 611.8; 
567; 0; 1320.0747; 170; 612; 
567; 0; 1320.0748; 170; 612.2; 
567; 0; 1320.075; 170; 612.4; 
567; 0; 1320.0751; 170; 612.6; 
567; 0; 1320.0752; 170; 612.8; 
567; 0; 1320.0752; 170; 613; 
567; 0; 1320.0751; 170; 613.2; 
567; 0; 1320.0749; 170; 613.4; 
567; 0; 1320.0748; 170; 613.6; 
567; 0; 1318.5918; 170; 613.8; 
567; 0; 1318.5917; 170; 614; 
567; 0; 1318.5917; 170; 614.2; 
567; 0; 1318.5917; 170; 614.4; 
567; 0; 1318.5917; 170; 614.6; 
567; 0; 1318.5917; 170; 614.8; 
567; 0; 1318.5917; 170; 615; 
567; 0; 1318.5918; 170; 615.2; 
567; 0; 1318.5919; 170; 615.4; 
567; 0; 1318.5918; 170; 615.6; 
567; 0; 1318.5917; 170; 615.8; 
567; 0; 1318.5916; 170; 616; 
567; 0; 1318.5914; 170; 616.2; 
567; 0; 1318.5912; 170; 616.4; 
567; 0; 1318.5911; 170; 616.6; 
567; 0; 1318.591; 170; 616.8; 
567; 0; 1318.5909; 170; 617; 
567; 0; 1318.5909; 170; 617.2; 
567; 0; 1318.5908; 170; 617.4; 
567; 0; 1317.1079; 170; 617.6; 
567; 0; 1317.108; 170; 617.8; 
567; 0; 1317.1082; 170; 618; 
567; 0; 1317.1083; 170; 618.2; 
567; 0; 1317.1085; 170; 618.4; 
567; 0; 1317.1085; 170; 618.6; 
567; 0; 1317.1085; 170; 618.8; 
567; 0; 1317.1085; 170; 619; 
567; 0; 1317.1084; 170; 619.2; 
567; 0; 1317.1083; 170; 619.4; 
567; 0; 1317.1083; 170; 619.6; 
567; 0; 1317.1082; 170; 619.8; 
567; 0; 1317.108; 170; 620; 
567; 0; 1317.1079; 170; 620.2; 
567; 0; 1317.1078; 170; 620.4; 
567; 0; 1317.1078; 170; 620.6; 
567; 0; 1317.1078; 170; 620.8; 
567; 0; 1317.1079; 170; 621; 
567; 0; 1317.108; 170; 621.2; 
567; 0; 1317.108; 170; 621.4; 
567; 0; 1317.108; 170; 621.6; 
567; 0; 1317.1079; 170; 621.8; 
567; 0; 1317.1079; 170; 622; 
567; 0; 1317.108; 170; 622.2; 
567; 0; 1317.108; 170; 622.4; 
567; 0; 1317.108; 170; 622.6; 
567; 0; 1317.1081; 170; 622.8; 
567; 0; 1317.1081; 170; 623; 
567; 0; 1317.108; 170; 623.2; 
567; 0; 1317.1079; 170; 623.4; 
567; 0; 1317.1078; 170; 623.6; 
567; 0; 1317.1076; 170; 623.8; 
567; 0; 1317.1075; 170; 624; 
567; 0; 1317.1075; 170; 624.2; 
567; 0; 1317.1076; 170; 624.4; 
567; 0; 1317.1078; 170; 624.6; 
567; 0; 1317.1079; 170; 624.8; 
567; 0; 1317.108; 170; 625; 
567; 0; 1317.1081; 170; 625.2; 
567; 0; 1317.108; 170; 625.4; 
567; 0; 1317.1078; 170; 625.6; 
567; 0; 1317.1076; 170; 625.8; 
567; 0; 1317.1075; 170; 626; 
567; 0; 1317.1074; 170; 626.2; 
567; 0; 1317.1074; 170; 626.4; 
567; 0; 1317.1074; 170; 626.6; 
567; 0; 1317.1074; 170; 626.8; 
567; 0; 1317.1076; 170; 627; 
567; 0; 1317.1078; 170; 627.2; 
567; 0; 1317.1079; 170; 627.4; 
567; 0; 1317.1081; 170; 627.6; 
567; 0; 1317.1082; 170; 627.8; 
567; 0; 1317.108; 170; 628; 
567; 0; 1317.1079; 170; 628.2; 
567; 0; 1317.1077; 170; 628.4; 
567; 0; 1317.1075; 170; 628.6; 
567; 0; 1317.1073; 170; 628.8; 
567; 0; 1317.1071; 170; 629; 
567; 0; 1317.107; 170; 629.2; 
567; 0; 1317.107; 170; 629.4; 
567; 0; 1315.6243; 170; 629.6; 
567; 0; 1315.6245; 170; 629.8; 
567; 0; 1315.6248; 0; 630; 
567; 0; 0; 0; 630.2; 
567; 0; 0; 0; 630.4; 
567; 0; 0; 0; 630.6; 
567; 0; 0; 0; 630.8; 
567; 0; 0; 0; 631; 
567; 0; 0; 0; 631.2; 
567; 0; 0; 0; 631.4; 
567; 0; 0; 0; 631.6; 
567; 0; 0; 0; 631.8; 
567; 0; 0; 0; 632; 
567; 0; 0; 0; 632.2; 
567; 0; 0; 0; 632.4; 
567; 0; 0; 0; 632.6; 
567; 0; 0; 0; 632.8; 
567; 0; 0; 0; 633; 
567; 0; 0; 0; 633.2; 
567; 0; 0; 0; 633.4; 
567; 0; 0; 0; 633.6; 
567; 0; 0; 0; 633.8; 
567; 0; 0; 0; 634; 
567; 0; 0; 0; 634.2; 
567; 0; 0; 0; 634.4; 
567; 0; 0; 0; 634.6; 
567; 0; 0; 0; 634.8; 
567; 0; 0; 0; 635; 
567; 0; 0; 0; 635.2; 
567; 0; 0; 0; 635.4; 
567; 0; 0; 0; 635.6; 
567; 0; 0; 0; 635.8; 
567; 0; 0; 0; 636; 
567; 0; 0; 0; 636.2; 
567; 0; 0; 0; 636.4; 
567; 0; 0; 0; 636.6; 
567; 0; 0; 0; 636.8; 
567; 0; 0; 0; 637; 
567; 0; 0; 0; 637.2; 
567; 0; 0; 0; 637.4; 
567; 0; 0; 0; 637.6; 
567; 0; 0; 0; 637.8; 
567; 0; 0; 0; 638; 
567; 0; 0; 0; 638.2; 
567; 0; 0; 0; 638.4; 
567; 0; 0; 0; 638.6; 
567; 0; 0; 0; 638.8; 
567; 0; 0; 0; 639; 
567; 0; 0; 0; 639.2; 
567; 0; 0; 0; 639.4; 
567; 0; 0; 0; 639.6; 
567; 0; 0; 0; 639.8; 
567; 0; 0; 0; 640; 
567; 0; 0; 0; 640.2; 
567; 0; 0; 0; 640.4; 
567; 0; 0; 0; 640.6; 
567; 0; 0; 0; 640.8; 
567; 0; 0; 0; 641; 
567; 0; 0; 0; 641.2; 
567; 0; 0; 0; 641.4; 
567; 0; 0; 0; 641.6; 
567; 0; 0; 0; 641.8; 
567; 0; 0; 0; 642; 
567; 0; 0; 0; 642.2; 
567; 0; 0; 0; 642.4; 
567; 0; 0; 0; 642.6; 
567; 0; 0; 0; 642.8; 
567; 0; 0; 0; 643; 
567; 0; 0; 0; 643.2; 
567; 0; 0; 0; 643.4; 
567; 0; 0; 0; 643.6; 
567; 0; 0; 0; 643.8; 
567; 0; 0; 0; 644; 
567; 0; 0; 0; 644.2; 
567; 0; 0; 0; 644.4; 
567; 0; 0; 0; 644.6; 
567; 0; 0; 0; 644.8; 
567; 0; 0; 0; 645; 
567; 0; 0; 0; 645.2; 
567; 0; 0; 0; 645.4; 
567; 0; 0; 0; 645.6; 
567; 0; 0; 0; 645.8; 
567; 0; 0; 0; 646; 
567; 0; 0; 0; 646.2; 
567; 0; 0; 0; 646.4; 
567; 0; 0; 0; 646.6; 
567; 0; 0; 0; 646.8; 
567; 0; 0; 0; 647; 
567; 0; 0; 0; 647.2; 
567; 0; 0; 0; 647.4; 
567; 0; 0; 0; 647.6; 
567; 0; 0; 0; 647.8; 
567; 0; 0; 0; 648; 
567; 0; 0; 0; 648.2; 
567; 0; 0; 0; 648.4; 
567; 0; 0; 0; 648.6; 
567; 0; 0; 0; 648.8; 
567; 0; 0; 0; 649; 
567; 0; 0; 0; 649.2; 
567; 0; 0; 0; 649.4; 
567; 0; 0; 0; 649.6; 
567; 0; 0; 0; 649.8; 
567; 0; 0; 0; 650; 
567; 0; 0; 0; 650.2; 
567; 0; 0; 0; 650.4; 
567; 0; 0; 0; 650.6; 
567; 0; 0; 0; 650.8; 
567; 0; 0; 0; 651; 
567; 0; 0; 0; 651.2; 
567; 0; 0; 0; 651.4; 
567; 0; 0; 0; 651.6; 
567; 0; 0; 0; 651.8; 
567; 0; 0; 0; 652; 
567; 0; 0; 0; 652.2; 
567; 0; 0; 0; 652.4; 
567; 0; 0; 0; 652.6; 
567; 0; 0; 0; 652.8; 
567; 0; 0; 0; 653; 
567; 0; 0; 0; 653.2; 
567; 0; 0; 0; 653.4; 
567; 0; 0; 0; 653.6; 
567; 0; 0; 0; 653.8; 
567; 0; 0; 0; 654; 
567; 0; 0; 0; 654.2; 
567; 0; 0; 0; 654.4; 
567; 0; 0; 0; 654.6; 
567; 0; 0; 0; 654.8; 
567; 0; 0; 0; 655; 
567; 0; 0; 0; 655.2; 
567; 0; 0; 0; 655.4; 
567; 0; 0; 0; 655.6; 
567; 0; 0; 0; 655.8; 
567; 0; 0; 0; 656; 
567; 0; 0; 0; 656.2; 
567; 0; 0; 0; 656.4; 
567; 0; 0; 0; 656.6; 
567; 0; 0; 0; 656.8; 
567; 0; 0; 0; 657; 
567; 0; 0; 0; 657.2; 
567; 0; 0; 0; 657.4; 
567; 0; 0; 0; 657.6; 
567; 0; 0; 0; 657.8; 
567; 0; 0; 0; 658; 
567; 0; 0; 0; 658.2; 
567; 0; 0; 0; 658.4; 
567; 0; 0; 0; 658.6; 
567; 0; 0; 0; 658.8; 
567; 0; 0; 0; 659; 
567; 0; 0; 0; 659.2; 
567; 0; 0; 0; 659.4; 
567; 0; 0; 0; 659.6; 
567; 0; 0; 0; 659.8; 
567; 0; 0; 0; 660; 
567; 0; 0; 0; 660.2; 
567; 0; 0; 0; 660.4; 
567; 0; 0; 0; 660.6; 
567; 0; 0; 0; 660.8; 
567; 0; 0; 0; 661; 
567; 0; 0; 0; 661.2; 
567; 0; 0; 0; 661.4; 
567; 0; 0; 0; 661.6; 
567; 0; 0; 0; 661.8; 
567; 0; 0; 0; 662; 
567; 0; 0; 0; 662.2; 
567; 0; 0; 0; 662.4; 
567; 0; 0; 0; 662.6; 
567; 0; 0; 0; 662.8; 
567; 0; 0; 0; 663; 
567; 0; 0; 0; 663.2; 
567; 0; 0; 0; 663.4; 
567; 0; 0; 0; 663.6; 
567; 0; 0; 0; 663.8; 
567; 0; 0; 0; 664; 
567; 0; 0; 0; 664.2; 
567; 0; 0; 0; 664.4; 
567; 0; 0; 0; 664.6; 
567; 0; 0; 0; 664.8; 
567; 0; 0; 0; 665; 
567; 0; 0; 0; 665.2; 
567; 0; 0; 0; 665.4; 
567; 0; 0; 0; 665.6; 
567; 0; 0; 0; 665.8; 
567; 0; 0; 0; 666; 
567; 0; 0; 0; 666.2; 
567; 0; 0; 0; 666.4; 
567; 0; 0; 0; 666.6; 
567; 0; 0; 0; 666.8; 
567; 0; 0; 0; 667; 
567; 0; 0; 0; 667.2; 
567; 0; 0; 0; 667.4; 
567; 0; 0; 0; 667.6; 
567; 0; 0; 0; 667.8; 
567; 0; 0; 0; 668; 
567; 0; 0; 0; 668.2; 
567; 0; 0; 0; 668.4; 
567; 0; 0; 0; 668.6; 
567; 0; 0; 0; 668.8; 
567; 0; 0; 0; 669; 
567; 0; 0; 0; 669.2; 
567; 0; 0; 0; 669.4; 
567; 0; 0; 0; 669.6; 
567; 0; 0; 0; 669.8; 
567; 0; 0; 0; 670; 
567; 0; 0; 0; 670.2; 
567; 0; 0; 0; 670.4; 
567; 0; 0; 0; 670.6; 
567; 0; 0; 0; 670.8; 
567; 0; 0; 0; 671; 
567; 0; 0; 0; 671.2; 
567; 0; 0; 0; 671.4; 
567; 0; 0; 0; 671.6; 
567; 0; 0; 0; 671.8; 
567; 0; 0; 0; 672; 
567; 0; 0; 0; 672.2; 
567; 0; 0; 0; 672.4; 
567; 0; 0; 0; 672.6; 
567; 0; 0; 0; 672.8; 
567; 0; 0; 0; 673; 
567; 0; 0; 0; 673.2; 
567; 0; 0; 0; 673.4; 
567; 0; 0; 0; 673.6; 
567; 0; 0; 0; 673.8; 
567; 0; 0; 0; 674; 
567; 0; 0; 0; 674.2; 
567; 0; 0; 0; 674.4; 
567; 0; 0; 0; 674.6; 
567; 0; 0; 0; 674.8; 
567; 0; 0; 0; 675; 
567; 0; 0; 0; 675.2; 
567; 0; 0; 0; 675.4; 
567; 0; 0; 0; 675.6; 
567; 0; 0; 0; 675.8; 
567; 0; 0; 0; 676; 
567; 0; 0; 0; 676.2; 
567; 0; 0; 0; 676.4; 
567; 0; 0; 0; 676.6; 
567; 0; 0; 0; 676.8; 
567; 0; 0; 0; 677; 
567; 0; 0; 0; 677.2; 
567; 0; 0; 0; 677.4; 
567; 0; 0; 0; 677.6; 
567; 0; 0; 0; 677.8; 
567; 0; 0; 0; 678; 
567; 0; 0; 0; 678.2; 
567; 0; 0; 0; 678.4; 
567; 0; 0; 0; 678.6; 
567; 0; 0; 0; 678.8; 
567; 0; 0; 0; 679; 
567; 0; 0; 0; 679.2; 
567; 0; 0; 0; 679.4; 
567; 0; 0; 0; 679.6; 
567; 0; 0; 0; 679.8; 
567; 0; 0; 0; 680; 
567; 0; 0; 0; 680.2; 
567; 0; 0; 0; 680.4; 
567; 0; 0; 0; 680.6; 
567; 0; 0; 0; 680.8; 
567; 0; 0; 0; 681; 
567; 0; 0; 0; 681.2; 
567; 0; 0; 0; 681.4; 
567; 0; 0; 0; 681.6; 
567; 0; 0; 0; 681.8; 
567; 0; 0; 0; 682; 
567; 0; 0; 0; 682.2; 
567; 0; 0; 0; 682.4; 
567; 0; 0; 0; 682.6; 
567; 0; 0; 0; 682.8; 
567; 0; 0; 0; 683; 
567; 0; 0; 0; 683.2; 
567; 0; 0; 0; 683.4; 
567; 0; 0; 0; 683.6; 
567; 0; 0; 0; 683.8; 
567; 0; 0; 0; 684; 
567; 0; 0; 0; 684.2; 
567; 0; 0; 0; 684.4; 
567; 0; 0; 0; 684.6; 
567; 0; 0; 0; 684.8; 
567; 0; 0; 0; 685; 
567; 0; 0; 0; 685.2; 
567; 0; 0; 0; 685.4; 
567; 0; 0; 0; 685.6; 
567; 0; 0; 0; 685.8; 
567; 0; 0; 0; 686; 
567; 0; 0; 0; 686.2; 
567; 0; 0; 0; 686.4; 
567; 0; 0; 0; 686.6; 
567; 0; 0; 0; 686.8; 
567; 0; 0; 0; 687; 
567; 0; 0; 0; 687.2; 
567; 0; 0; 0; 687.4; 
567; 0; 0; 0; 687.6; 
567; 0; 0; 0; 687.8; 
567; 0; 0; 0; 688; 
567; 0; 0; 0; 688.2; 
567; 0; 0; 0; 688.4; 
567; 0; 0; 0; 688.6; 
567; 0; 0; 0; 688.8; 
567; 0; 0; 0; 689; 
567; 0; 0; 0; 689.2; 
567; 0; 0; 0; 689.4; 
567; 0; 0; 0; 689.6; 
567; 0; 0; 0; 689.8; 
567; 0; 0; 0; 690; 
567; 0; 0; 0; 690.2; 
567; 0; 0; 0; 690.4; 
567; 0; 0; 0; 690.6; 
567; 0; 0; 0; 690.8; 
567; 0; 0; 0; 691; 
567; 0; 0; 0; 691.2; 
567; 0; 0; 0; 691.4; 
567; 0; 0; 0; 691.6; 
567; 0; 0; 0; 691.8; 
567; 0; 0; 0; 692; 
567; 0; 0; 0; 692.2; 
567; 0; 0; 0; 692.4; 
567; 0; 0; 0; 692.6; 
567; 0; 0; 0; 692.8; 
567; 0; 0; 0; 693; 
567; 0; 0; 0; 693.2; 
567; 0; 0; 0; 693.4; 
567; 0; 0; 0; 693.6; 
567; 0; 0; 0; 693.8; 
567; 0; 0; 0; 694; 
567; 0; 0; 0; 694.2; 
567; 0; 0; 0; 694.4; 
567; 0; 0; 0; 694.6; 
567; 0; 0; 0; 694.8; 
567; 0; 0; 0; 695; 
567; 0; 0; 0; 695.2; 
567; 0; 0; 0; 695.4; 
567; 0; 0; 0; 695.6; 
567; 0; 0; 0; 695.8; 
567; 0; 0; 0; 696; 
567; 0; 0; 0; 696.2; 
567; 0; 0; 0; 696.4; 
567; 0; 0; 0; 696.6; 
567; 0; 0; 0; 696.8; 
567; 0; 0; 0; 697; 
567; 0; 0; 0; 697.2; 
567; 0; 0; 0; 697.4; 
567; 0; 0; 0; 697.6; 
567; 0; 0; 0; 697.8; 
567; 0; 0; 0; 698; 
567; 0; 0; 0; 698.2; 
567; 0; 0; 0; 698.4; 
567; 0; 0; 0; 698.6; 
567; 0; 0; 0; 698.8; 
567; 0; 0; 0; 699; 
567; 0; 0; 0; 699.2; 
567; 0; 0; 0; 699.4; 
567; 0; 0; 0; 699.6; 
567; 0; 0; 0; 699.8; 
567; 0; 0; 0; 700; 
567; 0; 0; 0; 700.2; 
567; 0; 0; 0; 700.4; 
567; 0; 0; 0; 700.6; 
567; 0; 0; 0; 700.8; 
567; 0; 0; 0; 701; 
567; 0; 0; 0; 701.2; 
567; 0; 0; 0; 701.4; 
567; 0; 0; 0; 701.6; 
567; 0; 0; 0; 701.8; 
567; 0; 0; 0; 702; 
567; 0; 0; 0; 702.2; 
567; 0; 0; 0; 702.4; 
567; 0; 0; 0; 702.6; 
567; 0; 0; 0; 702.8; 
567; 0; 0; 0; 703; 
567; 0; 0; 0; 703.2; 
567; 0; 0; 0; 703.4; 
567; 0; 0; 0; 703.6; 
567; 0; 0; 0; 703.8; 
567; 0; 0; 0; 704; 
567; 0; 0; 0; 704.2; 
567; 0; 0; 0; 704.4; 
567; 0; 0; 0; 704.6; 
567; 0; 0; 0; 704.8; 
567; 0; 0; 0; 705; 
567; 0; 0; 0; 705.2; 
567; 0; 0; 0; 705.4; 
567; 0; 0; 0; 705.6; 
567; 0; 0; 0; 705.8; 
567; 0; 0; 0; 706; 
567; 0; 0; 0; 706.2; 
567; 0; 0; 0; 706.4; 
567; 0; 0; 0; 706.6; 
567; 0; 0; 0; 706.8; 
567; 0; 0; 0; 707; 
567; 0; 0; 0; 707.2; 
567; 0; 0; 0; 707.4; 
567; 0; 0; 0; 707.6; 
567; 0; 0; 0; 707.8; 
567; 0; 0; 0; 708; 
567; 0; 0; 0; 708.2; 
567; 0; 0; 0; 708.4; 
567; 0; 0; 0; 708.6; 
567; 0; 0; 0; 708.8; 
567; 0; 0; 0; 709; 
567; 0; 0; 0; 709.2; 
567; 0; 0; 0; 709.4; 
567; 0; 0; 0; 709.6; 
567; 0; 0; 0; 709.8; 
567; 0; 0; 0; 710; 
567; 0; 0; 0; 710.2; 
567; 0; 0; 0; 710.4; 
567; 0; 0; 0; 710.6; 
567; 0; 0; 0; 710.8; 
567; 0; 0; 0; 711; 
567; 0; 0; 0; 711.2; 
567; 0; 0; 0; 711.4; 
567; 0; 0; 0; 711.6; 
567; 0; 0; 0; 711.8; 
567; 0; 0; 0; 712; 
567; 0; 0; 0; 712.2; 
567; 0; 0; 0; 712.4; 
567; 0; 0; 0; 712.6; 
567; 0; 0; 0; 712.8; 
567; 0; 0; 0; 713; 
567; 0; 0; 0; 713.2; 
567; 0; 0; 0; 713.4; 
567; 0; 0; 0; 713.6; 
567; 0; 0; 0; 713.8; 
567; 0; 0; 0; 714; 
567; 0; 0; 0; 714.2; 
567; 0; 0; 0; 714.4; 
567; 0; 0; 0; 714.6; 
567; 0; 0; 0; 714.8; 
567; 0; 0; 0; 715; 
567; 0; 0; 0; 715.2; 
567; 0; 0; 0; 715.4; 
567; 0; 0; 0; 715.6; 
567; 0; 0; 0; 715.8; 
567; 0; 0; 0; 716; 
567; 0; 0; 0; 716.2; 
567; 0; 0; 0; 716.4; 
567; 0; 0; 0; 716.6; 
567; 0; 0; 0; 716.8; 
567; 0; 0; 0; 717; 
567; 0; 0; 0; 717.2; 
567; 0; 0; 0; 717.4; 
567; 0; 0; 0; 717.6; 
567; 0; 0; 0; 717.8; 
567; 0; 0; 0; 718; 
567; 0; 0; 0; 718.2; 
567; 0; 0; 0; 718.4; 
567; 0; 0; 0; 718.6; 
567; 0; 0; 0; 718.8; 
567; 0; 0; 0; 719; 
567; 0; 0; 0; 719.2; 
567; 0; 0; 0; 719.4; 
567; 0; 0; 0; 719.6; 
567; 0; 0; 0; 719.8; 
567; 0; 0; 0; 720; 
567; 0; 0; 0; 720.2; 
567; 0; 0; 0; 720.4; 
567; 0; 0; 0; 720.6; 
567; 0; 0; 0; 720.8; 
567; 0; 0; 0; 721; 
567; 0; 0; 0; 721.2; 
567; 0; 0; 0; 721.4; 
567; 0; 0; 0; 721.6; 
567; 0; 0; 0; 721.8; 
567; 0; 0; 0; 722; 
567; 0; 0; 0; 722.2; 
567; 0; 0; 0; 722.4; 
567; 0; 0; 0; 722.6; 
567; 0; 0; 0; 722.8; 
567; 0; 0; 0; 723; 
567; 0; 0; 0; 723.2; 
567; 0; 0; 0; 723.4; 
567; 0; 0; 0; 723.6; 
567; 0; 0; 0; 723.8; 
567; 0; 0; 0; 724; 
567; 0; 0; 0; 724.2; 
567; 0; 0; 0; 724.4; 
567; 0; 0; 0; 724.6; 
567; 0; 0; 0; 724.8; 
567; 0; 0; 0; 725; 
567; 0; 0; 0; 725.2; 
567; 0; 0; 0; 725.4; 
567; 0; 0; 0; 725.6; 
567; 0; 0; 0; 725.8; 
567; 0; 0; 0; 726; 
567; 0; 0; 0; 726.2; 
567; 0; 0; 0; 726.4; 
567; 0; 0; 0; 726.6; 
567; 0; 0; 0; 726.8; 
567; 0; 0; 0; 727; 
567; 0; 0; 0; 727.2; 
567; 0; 0; 0; 727.4; 
567; 0; 0; 0; 727.6; 
567; 0; 0; 0; 727.8; 
567; 0; 0; 0; 728; 
567; 0; 0; 0; 728.2; 
567; 0; 0; 0; 728.4; 
567; 0; 0; 0; 728.6; 
567; 0; 0; 0; 728.8; 
567; 0; 0; 0; 729; 
567; 0; 0; 0; 729.2; 
567; 0; 0; 0; 729.4; 
567; 0; 0; 0; 729.6; 
567; 0; 0; 0; 729.8; 
567; 0; 0; 0; 730; 
567; 0; 0; 0; 730.2; 
567; 0; 0; 0; 730.4; 
567; 0; 0; 0; 730.6; 
567; 0; 0; 0; 730.8; 
567; 0; 0; 0; 731; 
567; 0; 0; 0; 731.2; 
567; 0; 0; 0; 731.4; 
567; 0; 0; 0; 731.6; 
567; 0; 0; 0; 731.8; 
567; 0; 0; 0; 732; 
567; 0; 0; 0; 732.2; 
567; 0; 0; 0; 732.4; 
567; 0; 0; 0; 732.6; 
567; 0; 0; 0; 732.8; 
567; 0; 0; 0; 733; 
567; 0; 0; 0; 733.2; 
567; 0; 0; 0; 733.4; 
567; 0; 0; 0; 733.6; 
567; 0; 0; 0; 733.8; 
567; 0; 0; 0; 734; 
567; 0; 0; 0; 734.2; 
567; 0; 0; 0; 734.4; 
567; 0; 0; 0; 734.6; 
567; 0; 0; 0; 734.8; 
567; 0; 0; 0; 735; 
567; 0; 0; 0; 735.2; 
567; 0; 0; 0; 735.4; 
567; 0; 0; 0; 735.6; 
567; 0; 0; 0; 735.8; 
567; 0; 0; 0; 736; 
567; 0; 0; 0; 736.2; 
567; 0; 0; 0; 736.4; 
567; 0; 0; 0; 736.6; 
567; 0; 0; 0; 736.8; 
567; 0; 0; 0; 737; 
567; 0; 0; 0; 737.2; 
567; 0; 0; 0; 737.4; 
567; 0; 0; 0; 737.6; 
567; 0; 0; 0; 737.8; 
567; 0; 0; 0; 738; 
567; 0; 0; 0; 738.2; 
567; 0; 0; 0; 738.4; 
567; 0; 0; 0; 738.6; 
567; 0; 0; 0; 738.8; 
567; 0; 0; 0; 739; 
567; 0; 0; 0; 739.2; 
567; 0; 0; 0; 739.4; 
567; 0; 0; 0; 739.6; 
567; 0; 0; 0; 739.8; 
567; 0; 0; 0; 740; 
567; 0; 0; 0; 740.2; 
567; 0; 0; 0; 740.4; 
567; 0; 0; 0; 740.6; 
567; 0; 0; 0; 740.8; 
567; 0; 0; 0; 741; 
567; 0; 0; 0; 741.2; 
567; 0; 0; 0; 741.4; 
567; 0; 0; 0; 741.6; 
567; 0; 0; 0; 741.8; 
567; 0; 0; 0; 742; 
567; 0; 0; 0; 742.2; 
567; 0; 0; 0; 742.4; 
567; 0; 0; 0; 742.6; 
567; 0; 0; 0; 742.8; 
567; 0; 0; 0; 743; 
567; 0; 0; 0; 743.2; 
567; 0; 0; 0; 743.4; 
567; 0; 0; 0; 743.6; 
567; 0; 0; 0; 743.8; 
567; 0; 0; 0; 744; 
567; 0; 0; 0; 744.2; 
567; 0; 0; 0; 744.4; 
567; 0; 0; 0; 744.6; 
567; 0; 0; 0; 744.8; 
567; 0; 0; 0; 745; 
567; 0; 0; 0; 745.2; 
567; 0; 0; 0; 745.4; 
567; 0; 0; 0; 745.6; 
567; 0; 0; 0; 745.8; 
567; 0; 0; 0; 746; 
567; 0; 0; 0; 746.2; 
567; 0; 0; 0; 746.4; 
567; 0; 0; 0; 746.6; 
567; 0; 0; 0; 746.8; 
567; 0; 0; 0; 747; 
567; 0; 0; 0; 747.2; 
567; 0; 0; 0; 747.4; 
567; 0; 0; 0; 747.6; 
567; 0; 0; 0; 747.8; 
567; 0; 0; 0; 748; 
567; 0; 0; 0; 748.2; 
567; 0; 0; 0; 748.4; 
567; 0; 0; 0; 748.6; 
567; 0; 0; 0; 748.8; 
567; 0; 0; 0; 749; 
567; 0; 0; 0; 749.2; 
567; 0; 0; 0; 749.4; 
567; 0; 0; 0; 749.6; 
567; 0; 0; 0; 749.8; 
567; 0; 0; 0; 750; 
567; 0; 0; 0; 750.2; 
567; 0; 0; 0; 750.4; 
567; 0; 0; 0; 750.6; 
567; 0; 0; 0; 750.8; 
567; 0; 0; 0; 751; 
567; 0; 0; 0; 751.2; 
567; 0; 0; 0; 751.4; 
567; 0; 0; 0; 751.6; 
567; 0; 0; 0; 751.8; 
567; 0; 0; 0; 752; 
567; 0; 0; 0; 752.2; 
567; 0; 0; 0; 752.4; 
567; 0; 0; 0; 752.6; 
567; 0; 0; 0; 752.8; 
567; 0; 0; 0; 753; 
567; 0; 0; 0; 753.2; 
567; 0; 0; 0; 753.4; 
567; 0; 0; 0; 753.6; 
567; 0; 0; 0; 753.8; 
567; 0; 0; 0; 754; 
567; 0; 0; 0; 754.2; 
567; 0; 0; 0; 754.4; 
567; 0; 0; 0; 754.6; 
567; 0; 0; 0; 754.8; 
567; 0; 0; 0; 755; 
567; 0; 0; 0; 755.2; 
567; 0; 0; 0; 755.4; 
567; 0; 0; 0; 755.6; 
567; 0; 0; 0; 755.8; 
567; 0; 0; 0; 756; 
567; 0; 0; 0; 756.2; 
567; 0; 0; 0; 756.4; 
567; 0; 0; 0; 756.6; 
567; 0; 0; 0; 756.8; 
567; 0; 0; 0; 757; 
567; 0; 0; 0; 757.2; 
567; 0; 0; 0; 757.4; 
567; 0; 0; 0; 757.6; 
567; 0; 0; 0; 757.8; 
567; 0; 0; 0; 758; 
567; 0; 0; 0; 758.2; 
567; 0; 0; 0; 758.4; 
567; 0; 0; 0; 758.6; 
567; 0; 0; 0; 758.8; 
567; 0; 0; 0; 759; 
567; 0; 0; 0; 759.2; 
567; 0; 0; 0; 759.4; 
567; 0; 0; 0; 759.6; 
567; 0; 0; 0; 759.8; 
567; 0; 0; 0; 760; 
567; 0; 0; 0; 760.2; 
567; 0; 0; 0; 760.4; 
567; 0; 0; 0; 760.6; 
567; 0; 0; 0; 760.8; 
567; 0; 0; 0; 761; 
567; 0; 0; 0; 761.2; 
567; 0; 0; 0; 761.4; 
567; 0; 0; 0; 761.6; 
567; 0; 0; 0; 761.8; 
567; 0; 0; 0; 762; 
567; 0; 0; 0; 762.2; 
567; 0; 0; 0; 762.4; 
567; 0; 0; 0; 762.6; 
567; 0; 0; 0; 762.8; 
567; 0; 0; 0; 763; 
567; 0; 0; 0; 763.2; 
567; 0; 0; 0; 763.4; 
567; 0; 0; 0; 763.6; 
567; 0; 0; 0; 763.8; 
567; 0; 0; 0; 764; 
567; 0; 0; 0; 764.2; 
567; 0; 0; 0; 764.4; 
567; 0; 0; 0; 764.6; 
567; 0; 0; 0; 764.8; 
567; 0; 0; 0; 765; 
567; 0; 0; 0; 765.2; 
567; 0; 0; 0; 765.4; 
567; 0; 0; 0; 765.6; 
567; 0; 0; 0; 765.8; 
567; 0; 0; 0; 766; 
567; 0; 0; 0; 766.2; 
567; 0; 0; 0; 766.4; 
567; 0; 0; 0; 766.6; 
567; 0; 0; 0; 766.8; 
567; 0; 0; 0; 767; 
567; 0; 0; 0; 767.2; 
567; 0; 0; 0; 767.4; 
567; 0; 0; 0; 767.6; 
567; 0; 0; 0; 767.8; 
567; 0; 0; 0; 768; 
567; 0; 0; 0; 768.2; 
567; 0; 0; 0; 768.4; 
567; 0; 0; 0; 768.6; 
567; 0; 0; 0; 768.8; 
567; 0; 0; 0; 769; 
567; 0; 0; 0; 769.2; 
567; 0; 0; 0; 769.4; 
567; 0; 0; 0; 769.6; 
567; 0; 0; 0; 769.8; 
567; 0; 0; 0; 770; 
567; 0; 0; 0; 770.2; 
567; 0; 0; 0; 770.4; 
567; 0; 0; 0; 770.6; 
567; 0; 0; 0; 770.8; 
567; 0; 0; 0; 771; 
567; 0; 0; 0; 771.2; 
567; 0; 0; 0; 771.4; 
567; 0; 0; 0; 771.6; 
567; 0; 0; 0; 771.8; 
567; 0; 0; 0; 772; 
567; 0; 0; 0; 772.2; 
567; 0; 0; 0; 772.4; 
567; 0; 0; 0; 772.6; 
567; 0; 0; 0; 772.8; 
567; 0; 0; 0; 773; 
567; 0; 0; 0; 773.2; 
567; 0; 0; 0; 773.4; 
567; 0; 0; 0; 773.6; 
567; 0; 0; 0; 773.8; 
567; 0; 0; 0; 774; 
567; 0; 0; 0; 774.2; 
567; 0; 0; 0; 774.4; 
567; 0; 0; 0; 774.6; 
567; 0; 0; 0; 774.8; 
567; 0; 0; 0; 775; 
567; 0; 0; 0; 775.2; 
567; 0; 0; 0; 775.4; 
567; 0; 0; 0; 775.6; 
567; 0; 0; 0; 775.8; 
567; 0; 0; 0; 776; 
567; 0; 0; 0; 776.2; 
567; 0; 0; 0; 776.4; 
567; 0; 0; 0; 776.6; 
567; 0; 0; 0; 776.8; 
567; 0; 0; 0; 777; 
567; 0; 0; 0; 777.2; 
567; 0; 0; 0; 777.4; 
567; 0; 0; 0; 777.6; 
567; 0; 0; 0; 777.8; 
567; 0; 0; 0; 778; 
567; 0; 0; 0; 778.2; 
567; 0; 0; 0; 778.4; 
567; 0; 0; 0; 778.6; 
567; 0; 0; 0; 778.8; 
567; 0; 0; 0; 779; 
567; 0; 0; 0; 779.2; 
567; 0; 0; 0; 779.4; 
567; 0; 0; 0; 779.6; 
567; 0; 0; 0; 779.8; 
567; 0; 0; 0; 780; 
567; 0; 0; 0; 780.2; 
567; 0; 0; 0; 780.4; 
567; 0; 0; 0; 780.6; 
567; 0; 0; 0; 780.8; 
567; 0; 0; 0; 781; 
567; 0; 0; 0; 781.2; 
567; 0; 0; 0; 781.4; 
567; 0; 0; 0; 781.6; 
567; 0; 0; 0; 781.8; 
567; 0; 0; 0; 782; 
567; 0; 0; 0; 782.2; 
567; 0; 0; 0; 782.4; 
567; 0; 0; 0; 782.6; 
567; 0; 0; 0; 782.8; 
567; 0; 0; 0; 783; 
567; 0; 0; 0; 783.2; 
567; 0; 0; 0; 783.4; 
567; 0; 0; 0; 783.6; 
567; 0; 0; 0; 783.8; 
567; 0; 0; 0; 784; 
567; 0; 0; 0; 784.2; 
567; 0; 0; 0; 784.4; 
567; 0; 0; 0; 784.6; 
567; 0; 0; 0; 784.8; 
567; 0; 0; 0; 785; 
567; 0; 0; 0; 785.2; 
567; 0; 0; 0; 785.4; 
567; 0; 0; 0; 785.6; 
567; 0; 0; 0; 785.8; 
567; 0; 0; 0; 786; 
567; 0; 0; 0; 786.2; 
567; 0; 0; 0; 786.4; 
567; 0; 0; 0; 786.6; 
567; 0; 0; 0; 786.8; 
567; 0; 0; 0; 787; 
567; 0; 0; 0; 787.2; 
567; 0; 0; 0; 787.4; 
567; 0; 0; 0; 787.6; 
567; 0; 0; 0; 787.8; 
567; 0; 0; 0; 788; 
567; 0; 0; 0; 788.2; 
567; 0; 0; 0; 788.4; 
567; 0; 0; 0; 788.6; 
567; 0; 0; 0; 788.8; 
567; 0; 0; 0; 789; 
567; 0; 0; 0; 789.2; 
567; 0; 0; 0; 789.4; 
567; 0; 0; 0; 789.6; 
567; 0; 0; 0; 789.8; 
567; 0; 0; 0; 790; 
567; 0; 0; 0; 790.2; 
567; 0; 0; 0; 790.4; 
567; 0; 0; 0; 790.6; 
567; 0; 0; 0; 790.8; 
567; 0; 0; 0; 791; 
567; 0; 0; 0; 791.2; 
567; 0; 0; 0; 791.4; 
567; 0; 0; 0; 791.6; 
567; 0; 0; 0; 791.8; 
567; 0; 0; 0; 792; 
567; 0; 0; 0; 792.2; 
567; 0; 0; 0; 792.4; 
567; 0; 0; 0; 792.6; 
567; 0; 0; 0; 792.8; 
567; 0; 0; 0; 793; 
567; 0; 0; 0; 793.2; 
567; 0; 0; 0; 793.4; 
567; 0; 0; 0; 793.6; 
567; 0; 0; 0; 793.8; 
567; 0; 0; 0; 794; 
567; 0; 0; 0; 794.2; 
567; 0; 0; 0; 794.4; 
567; 0; 0; 0; 794.6; 
567; 0; 0; 0; 794.8; 
567; 0; 0; 0; 795; 
567; 0; 0; 0; 795.2; 
567; 0; 0; 0; 795.4; 
567; 0; 0; 0; 795.6; 
567; 0; 0; 0; 795.8; 
567; 0; 0; 0; 796; 
567; 0; 0; 0; 796.2; 
567; 0; 0; 0; 796.4; 
567; 0; 0; 0; 796.6; 
567; 0; 0; 0; 796.8; 
567; 0; 0; 0; 797; 
567; 0; 0; 0; 797.2; 
567; 0; 0; 0; 797.4; 
567; 0; 0; 0; 797.6; 
567; 0; 0; 0; 797.8; 
567; 0; 0; 0; 798; 
567; 0; 0; 0; 798.2; 
567; 0; 0; 0; 798.4; 
567; 0; 0; 0; 798.6; 
567; 0; 0; 0; 798.8; 
567; 0; 0; 0; 799; 
567; 0; 0; 0; 799.2; 
567; 0; 0; 0; 799.4; 
567; 0; 0; 0; 799.6; 
567; 0; 0; 0; 799.8; 
567; 0; 0; 0; 800; 
567; 0; 0; 0; 800.2; 
567; 0; 0; 0; 800.4; 
567; 0; 0; 0; 800.6; 
567; 0; 0; 0; 800.8; 
567; 0; 0; 0; 801; 
567; 0; 0; 0; 801.2; 
567; 0; 0; 0; 801.4; 
567; 0; 0; 0; 801.6; 
567; 0; 0; 0; 801.8; 
567; 0; 0; 0; 802; 
567; 0; 0; 0; 802.2; 
567; 0; 0; 0; 802.4; 
567; 0; 0; 0; 802.6; 
567; 0; 0; 0; 802.8; 
567; 0; 0; 0; 803; 
567; 0; 0; 0; 803.2; 
567; 0; 0; 0; 803.4; 
567; 0; 0; 0; 803.6; 
567; 0; 0; 0; 803.8; 
567; 0; 0; 0; 804; 
567; 0; 0; 0; 804.2; 
567; 0; 0; 0; 804.4; 
567; 0; 0; 0; 804.6; 
567; 0; 0; 0; 804.8; 
567; 0; 0; 0; 805; 
567; 0; 0; 0; 805.2; 
567; 0; 0; 0; 805.4; 
567; 0; 0; 0; 805.6; 
567; 0; 0; 0; 805.8; 
567; 0; 0; 0; 806; 
567; 0; 0; 0; 806.2; 
567; 0; 0; 0; 806.4; 
567; 0; 0; 0; 806.6; 
567; 0; 0; 0; 806.8; 
567; 0; 0; 0; 807; 
567; 0; 0; 0; 807.2; 
567; 0; 0; 0; 807.4; 
567; 0; 0; 0; 807.6; 
567; 0; 0; 0; 807.8; 
567; 0; 0; 0; 808; 
567; 0; 0; 0; 808.2; 
567; 0; 0; 0; 808.4; 
567; 0; 0; 0; 808.6; 
567; 0; 0; 0; 808.8; 
567; 0; 0; 0; 809; 
567; 0; 0; 0; 809.2; 
567; 0; 0; 0; 809.4; 
567; 0; 0; 0; 809.6; 
567; 0; 0; 0; 809.8; 
567; 0; 0; 0; 810; 
567; 0; 0; 0; 810.2; 
567; 0; 0; 0; 810.4; 
567; 0; 0; 0; 810.6; 
567; 0; 0; 0; 810.8; 
567; 0; 0; 0; 811; 
567; 0; 0; 0; 811.2; 
567; 0; 0; 0; 811.4; 
567; 0; 0; 0; 811.6; 
567; 0; 0; 0; 811.8; 
567; 0; 0; 0; 812; 
567; 0; 0; 0; 812.2; 
567; 0; 0; 0; 812.4; 
567; 0; 0; 0; 812.6; 
567; 0; 0; 0; 812.8; 
567; 0; 0; 0; 813; 
567; 0; 0; 0; 813.2; 
567; 0; 0; 0; 813.4; 
567; 0; 0; 0; 813.6; 
567; 0; 0; 0; 813.8; 
567; 0; 0; 0; 814; 
567; 0; 0; 0; 814.2; 
567; 0; 0; 0; 814.4; 
567; 0; 0; 0; 814.6; 
567; 0; 0; 0; 814.8; 
567; 0; 0; 0; 815; 
567; 0; 0; 0; 815.2; 
567; 0; 0; 0; 815.4; 
567; 0; 0; 0; 815.6; 
567; 0; 0; 0; 815.8; 
567; 0; 0; 0; 816; 
567; 0; 0; 0; 816.2; 
567; 0; 0; 0; 816.4; 
567; 0; 0; 0; 816.6; 
567; 0; 0; 0; 816.8; 
567; 0; 0; 0; 817; 
567; 0; 0; 0; 817.2; 
567; 0; 0; 0; 817.4; 
567; 0; 0; 0; 817.6; 
567; 0; 0; 0; 817.8; 
567; 0; 0; 0; 818; 
567; 0; 0; 0; 818.2; 
567; 0; 0; 0; 818.4; 
567; 0; 0; 0; 818.6; 
567; 0; 0; 0; 818.8; 
567; 0; 0; 0; 819; 
567; 0; 0; 0; 819.2; 
567; 0; 0; 0; 819.4; 
567; 0; 0; 0; 819.6; 
567; 0; 0; 0; 819.8; 
567; 0; 0; 0; 820; 
567; 0; 0; 0; 820.2; 
567; 0; 0; 0; 820.4; 
567; 0; 0; 0; 820.6; 
567; 0; 0; 0; 820.8; 
567; 0; 0; 0; 821; 
567; 0; 0; 0; 821.2; 
567; 0; 0; 0; 821.4; 
567; 0; 0; 0; 821.6; 
567; 0; 0; 0; 821.8; 
567; 0; 0; 0; 822; 
567; 0; 0; 0; 822.2; 
567; 0; 0; 0; 822.4; 
567; 0; 0; 0; 822.6; 
567; 0; 0; 0; 822.8; 
567; 0; 0; 0; 823; 
567; 0; 0; 0; 823.2; 
567; 0; 0; 0; 823.4; 
567; 0; 0; 0; 823.6; 
567; 0; 0; 0; 823.8; 
567; 0; 0; 0; 824; 
567; 0; 0; 0; 824.2; 
