567; 0; 0; 170; 0; 
567; 0; 0; 170; 0.2; 
567; 0; 0; 170; 0.4; 
567; 0; 0; 170; 0.6; 
567; 0; 0; 170; 0.8; 
567; 0; 0; 170; 1; 
567; 0; 0; 170; 1.2; 
567; 0; 0; 170; 1.4; 
567; 0; 0; 170; 1.6; 
567; 0; 0; 170; 1.8; 
567; 0; 0; 170; 2; 
567; 0; 0; 170; 2.2; 
567; 0; 0; 170; 2.4; 
567; 0; 0; 170; 2.6; 
567; 0; 0; 170; 2.8; 
567; 0; 0; 170; 3; 
567; 0; 0; 170; 3.2; 
567; 0; 0; 170; 3.4; 
567; 0; 0; 170; 3.6; 
567; 0; 0; 170; 3.8; 
567; 0; 0; 170; 4; 
567; 0; 0; 170; 4.2; 
567; 0; 0; 170; 4.4; 
567; 0; 0; 170; 4.6; 
567; 0; 0; 170; 4.8; 
567; 0; 0; 170; 5; 
567; 0; 0; 170; 5.2; 
567; 0; 0; 170; 5.4; 
567; 0; 0; 170; 5.6; 
567; 0; 0; 170; 5.8; 
567; 0; 0; 170; 6; 
567; 0; 0; 170; 6.2; 
567; 0; 0; 170; 6.4; 
567; 0; 0; 170; 6.6; 
567; 0; 0; 170; 6.8; 
567; 0; 0; 170; 7; 
567; 0; 0; 170; 7.2; 
567; 0; 0; 170; 7.4; 
567; 0; 0; 170; 7.6; 
567; 0; 0; 170; 7.8; 
567; 0; 0; 170; 8; 
567; 0; 0; 170; 8.2; 
567; 0; 0; 170; 8.4; 
567; 0; 0; 170; 8.6; 
567; 0; 0; 170; 8.8; 
567; 0; 0; 170; 9; 
567; 0; 0; 170; 9.2; 
567; 0; 0; 170; 9.4; 
567; 0; 0; 170; 9.6; 
567; 0; 0; 170; 9.8; 
567; 0; 0; 170; 10; 
567; 0; 0; 170; 10.2; 
567; 0; 0; 170; 10.4; 
567; 0; 0; 170; 10.6; 
567; 0; 0; 170; 10.8; 
567; 0; 0; 170; 11; 
567; 0; 0; 170; 11.2; 
567; 0; 0; 170; 11.4; 
567; 0; 0; 170; 11.6; 
567; 0; 0; 170; 11.8; 
567; 0; 0; 170; 12; 
567; 0; 0; 170; 12.2; 
567; 0; 0; 170; 12.4; 
567; 0; 0; 170; 12.6; 
567; 0; 0; 170; 12.8; 
567; 0; 0; 170; 13; 
567; 0; 0; 170; 13.2; 
567; 0; 0; 170; 13.4; 
567; 0; 0; 170; 13.6; 
567; 0; 0; 170; 13.8; 
567; 0; 0; 170; 14; 
567; 0; 0; 170; 14.2; 
567; 0; 0; 170; 14.4; 
567; 0; 0; 170; 14.6; 
567; 0; 0; 170; 14.8; 
567; 0; 0; 170; 15; 
567; 0; 0; 170; 15.2; 
567; 0; 0; 170; 15.4; 
567; 0; 0; 170; 15.6; 
567; 0; 0; 170; 15.8; 
567; 0; 0; 170; 16; 
567; 0; 0; 170; 16.2; 
567; 0; 0; 170; 16.4; 
567; 0; 0; 170; 16.6; 
567; 0; 0; 170; 16.8; 
567; 0; 0; 170; 17; 
567; 0; 0; 170; 17.2; 
567; 0; 0; 170; 17.4; 
567; 0; 0; 170; 17.6; 
567; 0; 0; 170; 17.8; 
567; 0; 0; 170; 18; 
567; 0; 0; 170; 18.2; 
567; 0; 0; 170; 18.4; 
567; 0; 0; 170; 18.6; 
567; 0; 0; 170; 18.8; 
567; 0; 0; 170; 19; 
567; 0; 0; 170; 19.2; 
567; 0; 0; 170; 19.4; 
567; 0; 0; 170; 19.6; 
567; 0; 0; 170; 19.8; 
567; 0; 0; 170; 20; 
567; 0; 0; 170; 20.2; 
567; 0; 0; 170; 20.4; 
567; 0; 0; 170; 20.6; 
567; 0; 0; 170; 20.8; 
567; 0; 0; 170; 21; 
567; 0; 0; 170; 21.2; 
567; 0; 0; 170; 21.4; 
567; 0; 0; 170; 21.6; 
567; 0; 0; 170; 21.8; 
567; 0; 0; 170; 22; 
567; 0; 0; 170; 22.2; 
567; 0; 0; 170; 22.4; 
567; 0; 0; 170; 22.6; 
567; 0; 0; 170; 22.8; 
567; 0; 0; 170; 23; 
567; 0; 0; 170; 23.2; 
567; 0; 0; 170; 23.4; 
567; 0; 0; 170; 23.6; 
567; 0; 2455.5105; 170; 23.8; 
567; 0; 2455.5105; 170; 24; 
567; 0; 2455.5105; 170; 24.2; 
567; 0; 2455.5105; 170; 24.4; 
567; 0; 2455.5105; 170; 24.6; 
567; 0; 2455.5105; 170; 24.8; 
567; 0; 2455.5105; 170; 25; 
567; 0; 2455.5105; 170; 25.2; 
567; 0; 2455.5105; 170; 25.4; 
567; 0; 2455.5105; 170; 25.6; 
567; 0; 2455.5105; 170; 25.8; 
567; 0; 2455.5105; 170; 26; 
567; 0; 2455.5105; 170; 26.2; 
567; 0; 2455.5105; 170; 26.4; 
567; 0; 2455.5105; 170; 26.6; 
567; 0; 2455.5105; 170; 26.8; 
567; 0; 2455.5105; 170; 27; 
567; 0; 2455.5105; 170; 27.2; 
567; 0; 2455.5105; 170; 27.4; 
567; 0; 2455.5105; 170; 27.6; 
567; 0; 2455.5105; 170; 27.8; 
567; 0; 2455.5105; 170; 28; 
567; 0; 2455.5105; 170; 28.2; 
567; 0; 2455.5105; 170; 28.4; 
567; 0; 2455.5105; 170; 28.6; 
567; 0; 2455.5105; 170; 28.8; 
567; 0; 2455.5105; 170; 29; 
567; 0; 2455.5105; 170; 29.2; 
567; 0; 2455.5105; 170; 29.4; 
567; 0; 2455.5105; 170; 29.6; 
567; 0; 2455.5105; 170; 29.8; 
567; 0; 2455.5105; 170; 30; 
567; 0; 2455.5105; 170; 30.2; 
567; 0; 2455.5105; 170; 30.4; 
567; 0; 2455.5105; 170; 30.6; 
567; 0; 2455.5105; 170; 30.8; 
567; 0; 2455.5105; 170; 31; 
567; 0; 2455.5105; 170; 31.2; 
567; 0; 2455.5105; 170; 31.4; 
567; 0; 2455.5105; 170; 31.6; 
567; 0; 2455.5105; 170; 31.8; 
567; 0; 2455.5105; 170; 32; 
567; 0; 2455.5105; 170; 32.2; 
567; 0; 2455.5105; 170; 32.4; 
567; 0; 2455.5105; 170; 32.6; 
567; 0; 2455.5105; 170; 32.8; 
567; 0; 2455.5105; 170; 33; 
567; 0; 2455.5105; 170; 33.2; 
567; 0; 2455.5105; 170; 33.4; 
567; 0; 2455.5105; 170; 33.6; 
567; 0; 2455.5105; 170; 33.8; 
567; 0; 2455.5105; 170; 34; 
567; 0; 2455.5105; 170; 34.2; 
567; 0; 2455.5105; 170; 34.4; 
567; 0; 2455.5105; 170; 34.6; 
567; 0; 2455.5105; 170; 34.8; 
567; 0; 2455.5105; 170; 35; 
567; 0; 2455.5105; 170; 35.2; 
567; 0; 2455.5105; 170; 35.4; 
567; 0; 2455.5105; 170; 35.6; 
567; 0; 2455.5105; 170; 35.8; 
567; 0; 2455.5105; 170; 36; 
567; 0; 2455.5105; 170; 36.2; 
567; 0; 2455.5105; 170; 36.4; 
567; 0; 2455.5105; 170; 36.6; 
567; 0; 2455.5105; 170; 36.8; 
567; 0; 2455.5105; 170; 37; 
567; 0; 2455.5105; 170; 37.2; 
567; 0; 2455.5105; 170; 37.4; 
567; 0; 2455.5105; 170; 37.6; 
567; 0; 2455.5105; 170; 37.8; 
567; 0; 2455.5105; 170; 38; 
567; 0; 2455.5105; 170; 38.2; 
567; 0; 2455.5105; 170; 38.4; 
567; 0; 2455.5105; 170; 38.6; 
567; 0; 2455.5105; 170; 38.8; 
567; 0; 2472.1544; 170; 39; 
567; 0; 2506.0197; 170; 39.2; 
567; 0; 2557.5674; 170; 39.4; 
567; 0; 2755.9909; 170; 39.6; 
567; 0; 3008.6134; 170; 39.8; 
567; 0; 3060.1851; 170; 40; 
567; 0; 3094.3319; 170; 40.2; 
567; 0; 3144.6703; 170; 40.4; 
567; 0; 3175.4986; 170; 40.6; 
567; 0; 3203.4453; 170; 40.8; 
567; 0; 3217.4138; 170; 41; 
567; 0; 3231.5366; 170; 41.2; 
567; 0; 3231.0421; 170; 41.4; 
567; 0; 3230.5583; 170; 41.6; 
567; 0; 3215.5; 170; 41.8; 
567; 0; 3215.0457; 170; 42; 
567; 0; 3214.6011; 170; 42.2; 
567; 0; 3214.1666; 170; 42.4; 
567; 0; 3213.7431; 170; 42.6; 
567; 0; 3213.3311; 170; 42.8; 
567; 0; 3212.9314; 170; 43; 
567; 0; 3212.5444; 170; 43.2; 
567; 0; 3212.1703; 170; 43.4; 
567; 0; 3211.8078; 170; 43.6; 
567; 0; 3211.4558; 170; 43.8; 
567; 0; 3211.1134; 170; 44; 
567; 0; 3210.78; 170; 44.2; 
567; 0; 3210.4553; 170; 44.4; 
567; 0; 3210.139; 170; 44.6; 
567; 0; 3209.8311; 170; 44.8; 
567; 0; 3209.5315; 170; 45; 
567; 0; 3209.2401; 170; 45.2; 
567; 0; 3208.9571; 170; 45.4; 
567; 0; 3208.6824; 170; 45.6; 
567; 0; 3208.4161; 170; 45.8; 
567; 0; 3208.1583; 170; 46; 
567; 0; 3207.9089; 170; 46.2; 
567; 0; 3207.6681; 170; 46.4; 
567; 0; 3207.4359; 170; 46.6; 
567; 0; 3207.2123; 170; 46.8; 
567; 0; 3206.9975; 170; 47; 
567; 0; 3206.7913; 170; 47.2; 
567; 0; 3220.9869; 170; 47.4; 
567; 0; 3220.7943; 170; 47.6; 
567; 0; 3220.6109; 170; 47.8; 
567; 0; 3220.4366; 170; 48; 
567; 0; 3220.2716; 170; 48.2; 
567; 0; 3220.1159; 170; 48.4; 
567; 0; 3234.5214; 170; 48.6; 
567; 0; 3234.3815; 170; 48.8; 
567; 0; 3234.2513; 170; 49; 
567; 0; 3234.1308; 170; 49.2; 
567; 0; 3234.0202; 170; 49.4; 
567; 0; 3233.9195; 170; 49.6; 
567; 0; 3248.5503; 170; 49.8; 
567; 0; 3248.4679; 170; 50; 
567; 0; 3248.3959; 170; 50.2; 
567; 0; 3248.3343; 170; 50.4; 
567; 0; 3263.1872; 170; 50.6; 
567; 0; 3263.1459; 170; 50.8; 
567; 0; 3263.1154; 170; 51; 
567; 0; 3263.0959; 170; 51.2; 
567; 0; 3278.1818; 170; 51.4; 
567; 0; 3278.1846; 170; 51.6; 
567; 0; 3278.1988; 170; 51.8; 
567; 0; 3293.517; 170; 52; 
567; 0; 3293.5549; 170; 52.2; 
567; 0; 3293.6015; 170; 52.4; 
567; 0; 3293.6534; 170; 52.6; 
567; 0; 3305.9745; 170; 52.8; 
567; 0; 3306.0292; 170; 53; 
567; 0; 3306.0816; 170; 53.2; 
567; 0; 3306.1298; 170; 53.4; 
567; 0; 3318.5968; 170; 53.6; 
567; 0; 3318.633; 170; 53.8; 
567; 0; 3318.6616; 170; 54; 
567; 0; 3318.6823; 170; 54.2; 
567; 0; 3331.2789; 170; 54.4; 
567; 0; 3331.2843; 170; 54.6; 
567; 0; 3331.2827; 170; 54.8; 
567; 0; 3331.2749; 170; 55; 
567; 0; 3344.006; 170; 55.2; 
567; 0; 3343.9883; 170; 55.4; 
567; 0; 3343.9671; 170; 55.6; 
567; 0; 3343.9437; 170; 55.8; 
567; 0; 3343.9191; 170; 56; 
567; 0; 3356.8006; 170; 56.2; 
567; 0; 3356.7758; 170; 56.4; 
567; 0; 3356.7523; 170; 56.6; 
567; 0; 3356.7306; 170; 56.8; 
567; 0; 3369.783; 170; 57; 
567; 0; 3369.7657; 170; 57.2; 
567; 0; 3369.7511; 170; 57.4; 
567; 0; 3369.739; 170; 57.6; 
567; 0; 3382.9698; 170; 57.8; 
567; 0; 3382.9623; 170; 58; 
567; 0; 3382.9566; 170; 58.2; 
567; 0; 3382.9526; 170; 58.4; 
567; 0; 3382.9497; 170; 58.6; 
567; 0; 3396.3603; 170; 58.8; 
567; 0; 3396.3587; 170; 59; 
567; 0; 3396.3572; 170; 59.2; 
567; 0; 3396.3555; 170; 59.4; 
567; 0; 3409.9416; 170; 59.6; 
567; 0; 3409.939; 170; 59.8; 
567; 0; 3409.9358; 170; 60; 
567; 0; 3409.9318; 170; 60.2; 
567; 0; 3423.6938; 170; 60.4; 
567; 0; 3423.6885; 170; 60.6; 
567; 0; 3423.6827; 170; 60.8; 
567; 0; 3423.6765; 170; 61; 
567; 0; 3423.67; 170; 61.2; 
567; 0; 3434.5681; 170; 61.4; 
567; 0; 3434.5614; 170; 61.6; 
567; 0; 3434.5548; 170; 61.8; 
567; 0; 3434.5484; 170; 62; 
567; 0; 3445.5734; 170; 62.2; 
567; 0; 3445.5675; 170; 62.4; 
567; 0; 3445.562; 170; 62.6; 
567; 0; 3445.5568; 170; 62.8; 
567; 0; 3445.5519; 170; 63; 
567; 0; 3456.706; 170; 63.2; 
567; 0; 3456.7018; 170; 63.4; 
567; 0; 3456.6978; 170; 63.6; 
567; 0; 3456.694; 170; 63.8; 
567; 0; 3456.6904; 170; 64; 
567; 0; 3467.9737; 170; 64.2; 
567; 0; 3467.9701; 170; 64.4; 
567; 0; 3467.9666; 170; 64.6; 
567; 0; 3467.9632; 170; 64.8; 
567; 0; 3467.9589; 170; 65; 
567; 0; 3479.3671; 170; 65.2; 
567; 0; 3479.3525; 170; 65.4; 
567; 0; 3479.3292; 170; 65.6; 
567; 0; 3479.2954; 170; 65.8; 
567; 0; 3479.2496; 170; 66; 
567; 0; 3490.7359; 170; 66.2; 
567; 0; 3490.6612; 170; 66.4; 
567; 0; 3490.5713; 170; 66.6; 
567; 0; 3490.4686; 170; 66.8; 
567; 0; 3490.3575; 170; 67; 
567; 0; 3490.2419; 170; 67.2; 
567; 0; 3501.7999; 170; 67.4; 
567; 0; 3501.6864; 170; 67.6; 
567; 0; 3501.5787; 170; 67.8; 
567; 0; 3501.4786; 170; 68; 
567; 0; 3501.3868; 170; 68.2; 
567; 0; 3501.3034; 170; 68.4; 
567; 0; 3513.0311; 170; 68.6; 
567; 0; 3512.962; 170; 68.8; 
567; 0; 3512.8986; 170; 69; 
567; 0; 3512.8399; 170; 69.2; 
567; 0; 3512.7845; 170; 69.4; 
567; 0; 3524.6669; 170; 69.6; 
567; 0; 3524.6159; 170; 69.8; 
567; 0; 3524.5664; 170; 70; 
567; 0; 3490.1625; 170; 70.2; 
567; 0; 3443.1636; 170; 70.4; 
567; 0; 3396.1671; 170; 70.6; 
567; 0; 3360.968; 170; 70.8; 
567; 0; 3313.9822; 170; 71; 
567; 0; 3267.0001; 170; 71.2; 
567; 0; 3220.0218; 170; 71.4; 
567; 0; 3171.9559; 170; 71.6; 
567; 0; 3124.9853; 170; 71.8; 
567; 0; 3088.0159; 170; 72; 
567; 0; 3038.8921; 170; 72.2; 
567; 0; 2989.2387; 170; 72.4; 
567; 0; 2941.9512; 170; 72.6; 
567; 0; 2894.6662; 170; 72.8; 
567; 0; 2848.565; 170; 73; 
567; 0; 2815.0067; 170; 73.2; 
567; 0; 2773.5733; 170; 73.4; 
567; 0; 2733.261; 170; 73.6; 
567; 0; 2694.0696; 170; 73.8; 
567; 0; 2655.8038; 170; 74; 
567; 0; 2615.7492; 170; 74.2; 
567; 0; 2578.1225; 170; 74.4; 
567; 0; 2540.4975; 170; 74.6; 
567; 0; 2505.3003; 170; 74.8; 
567; 0; 2479.3534; 170; 75; 
567; 0; 2446.4657; 170; 75.2; 
567; 0; 2413.5793; 170; 75.4; 
567; 0; 2383.1291; 170; 75.6; 
567; 0; 2352.68; 170; 75.8; 
567; 0; 2324.6004; 170; 76; 
567; 0; 2296.3584; 170; 76.2; 
567; 0; 2269.2125; 170; 76.4; 
567; 0; 2243.3009; 170; 76.6; 
567; 0; 2218.6236; 170; 76.8; 
567; 0; 2193.9469; 170; 77; 
567; 0; 2171.7371; 170; 77.2; 
567; 0; 2149.5268; 170; 77.4; 
567; 0; 2129.7827; 170; 77.6; 
567; 0; 2110.0381; 170; 77.8; 
567; 0; 2090.2934; 170; 78; 
567; 0; 2080.6799; 170; 78.2; 
567; 0; 2063.3448; 170; 78.4; 
567; 0; 2046.0108; 170; 78.6; 
567; 0; 2029.9156; 170; 78.8; 
567; 0; 2013.6415; 170; 79; 
567; 0; 1997.7354; 170; 79.2; 
567; 0; 1981.8305; 170; 79.4; 
567; 0; 1967.2516; 170; 79.6; 
567; 0; 1952.6733; 170; 79.8; 
567; 0; 1938.0955; 170; 80; 
567; 0; 1924.8429; 170; 80.2; 
567; 0; 1912.9154; 170; 80.4; 
567; 0; 1900.988; 170; 80.6; 
567; 0; 1889.2736; 170; 80.8; 
567; 0; 1879.0164; 170; 81; 
567; 0; 1870.0412; 170; 81.2; 
567; 0; 1859.784; 170; 81.4; 
567; 0; 1850.809; 170; 81.6; 
567; 0; 1841.8342; 170; 81.8; 
567; 0; 1834.1415; 170; 82; 
567; 0; 1826.4492; 170; 82.2; 
567; 0; 1820.0389; 170; 82.4; 
567; 0; 1812.347; 170; 82.6; 
567; 0; 1805.9371; 170; 82.8; 
567; 0; 1799.5274; 170; 83; 
567; 0; 1794.3997; 170; 83.2; 
567; 0; 1789.2722; 170; 83.4; 
567; 0; 1784.1446; 170; 83.6; 
567; 0; 1779.0172; 170; 83.8; 
567; 0; 1773.8899; 170; 84; 
567; 0; 1770.0446; 170; 84.2; 
567; 0; 1766.1992; 170; 84.4; 
567; 0; 1762.3539; 170; 84.6; 
567; 0; 1758.5085; 170; 84.8; 
567; 0; 1754.663; 170; 85; 
567; 0; 1752.0996; 170; 85.2; 
567; 0; 1749.5362; 170; 85.4; 
567; 0; 1746.9729; 170; 85.6; 
567; 0; 1744.4096; 170; 85.8; 
567; 0; 1741.8464; 170; 86; 
567; 0; 1739.2832; 170; 86.2; 
567; 0; 1738.002; 170; 86.4; 
567; 0; 1735.4389; 170; 86.6; 
567; 0; 1734.1578; 170; 86.8; 
567; 0; 1732.8767; 170; 87; 
567; 0; 1731.5126; 170; 87.2; 
567; 0; 1730.1341; 170; 87.4; 
567; 0; 1728.7557; 170; 87.6; 
567; 0; 1728.7567; 170; 87.8; 
567; 0; 1727.3784; 170; 88; 
567; 0; 1726.0001; 170; 88.2; 
567; 0; 1726.0012; 170; 88.4; 
567; 0; 1726.0022; 170; 88.6; 
567; 0; 1724.624; 170; 88.8; 
567; 0; 1724.6251; 170; 89; 
567; 0; 1724.6262; 170; 89.2; 
567; 0; 1724.627; 170; 89.4; 
567; 0; 1724.6278; 170; 89.6; 
567; 0; 1724.6286; 170; 89.8; 
567; 0; 1724.6294; 170; 90; 
567; 0; 1724.6304; 170; 90.2; 
567; 0; 1724.6314; 170; 90.4; 
567; 0; 1724.6324; 170; 90.6; 
567; 0; 1724.6335; 170; 90.8; 
567; 0; 1726.0139; 170; 91; 
567; 0; 1716.9448; 170; 91.2; 
567; 0; 1716.946; 170; 91.4; 
567; 0; 1718.3228; 170; 91.6; 
567; 0; 1718.3238; 170; 91.8; 
567; 0; 1719.7004; 170; 92; 
567; 0; 1719.7012; 170; 92.2; 
567; 0; 1721.0777; 170; 92.4; 
567; 0; 1722.4541; 170; 92.6; 
567; 0; 1723.8306; 170; 92.8; 
567; 0; 1723.8317; 170; 93; 
567; 0; 1725.2083; 170; 93.2; 
567; 0; 1726.5849; 170; 93.4; 
567; 0; 1727.9615; 170; 93.6; 
567; 0; 1729.3382; 170; 93.8; 
567; 0; 1730.7149; 170; 94; 
567; 0; 1732.0915; 170; 94.2; 
567; 0; 1733.4131; 170; 94.4; 
567; 0; 1734.6925; 170; 94.6; 
567; 0; 1735.9719; 170; 94.8; 
567; 0; 1737.2512; 170; 95; 
567; 0; 1738.5305; 170; 95.2; 
567; 0; 1739.8095; 170; 95.4; 
567; 0; 1742.3622; 170; 95.6; 
567; 0; 1747.4598; 170; 95.8; 
567; 0; 1753.8173; 170; 96; 
567; 0; 1762.7074; 170; 96.2; 
567; 0; 1775.404; 170; 96.4; 
567; 0; 1789.3462; 170; 96.6; 
567; 0; 1807.0877; 170; 96.8; 
567; 0; 1827.3478; 170; 97; 
567; 0; 1848.8465; 170; 97.2; 
567; 0; 1870.3088; 170; 97.4; 
567; 0; 1892.0444; 170; 97.6; 
567; 0; 1911.5549; 170; 97.8; 
567; 0; 1931.0563; 170; 98; 
567; 0; 1949.2351; 170; 98.2; 
567; 0; 1964.7764; 170; 98.4; 
567; 0; 1980.3238; 170; 98.6; 
567; 0; 1994.5579; 170; 98.8; 
567; 0; 2007.4782; 170; 99; 
567; 0; 2020.1363; 170; 99.2; 
567; 0; 2032.2085; 170; 99.4; 
567; 0; 2034.425; 170; 99.6; 
567; 0; 2046.4528; 170; 99.8; 
567; 0; 2057.2477; 170; 100; 
567; 0; 2069.266; 170; 100.2; 
567; 0; 2080.0504; 170; 100.4; 
567; 0; 2090.8297; 170; 100.6; 
567; 0; 2101.6045; 170; 100.8; 
567; 0; 2112.3756; 170; 101; 
567; 0; 2121.9159; 170; 101.2; 
567; 0; 2131.4546; 170; 101.4; 
567; 0; 2139.7642; 170; 101.6; 
567; 0; 2148.0739; 170; 101.8; 
567; 0; 2156.3839; 170; 102; 
567; 0; 2163.466; 170; 102.2; 
567; 0; 2170.5484; 170; 102.4; 
567; 0; 2177.6308; 170; 102.6; 
567; 0; 2184.7132; 170; 102.8; 
567; 0; 2190.5671; 170; 103; 
567; 0; 2196.4204; 170; 103.2; 
567; 0; 2202.2731; 170; 103.4; 
567; 0; 2206.8971; 170; 103.6; 
567; 0; 2211.5201; 170; 103.8; 
567; 0; 2217.3701; 170; 104; 
567; 0; 2221.9914; 170; 104.2; 
567; 0; 2225.3844; 170; 104.4; 
567; 0; 2230.0046; 170; 104.6; 
567; 0; 2233.3965; 170; 104.8; 
567; 0; 2236.7881; 170; 105; 
567; 0; 2240.1795; 170; 105.2; 
567; 0; 2243.5709; 170; 105.4; 
567; 0; 2245.7346; 170; 105.6; 
567; 0; 2249.1258; 170; 105.8; 
567; 0; 2251.2895; 170; 106; 
567; 0; 2253.4531; 170; 106.2; 
567; 0; 2255.6165; 170; 106.4; 
567; 0; 2257.7797; 170; 106.6; 
567; 0; 2258.7154; 170; 106.8; 
567; 0; 2260.8781; 170; 107; 
567; 0; 2261.8133; 170; 107.2; 
567; 0; 2263.9755; 170; 107.4; 
567; 0; 2264.9103; 170; 107.6; 
567; 0; 2265.8449; 170; 107.8; 
567; 0; 2266.7795; 170; 108; 
567; 0; 2267.714; 170; 108.2; 
567; 0; 2268.6485; 170; 108.4; 
567; 0; 2268.3559; 170; 108.6; 
567; 0; 2269.2901; 170; 108.8; 
567; 0; 2268.9973; 170; 109; 
567; 0; 2269.9314; 170; 109.2; 
567; 0; 2269.6386; 170; 109.4; 
567; 0; 2269.3457; 170; 109.6; 
567; 0; 2270.3601; 170; 109.8; 
567; 0; 2270.1001; 170; 110; 
567; 0; 2269.8402; 170; 110.2; 
567; 0; 2269.5802; 170; 110.4; 
567; 0; 2269.3201; 170; 110.6; 
567; 0; 2269.0601; 170; 110.8; 
567; 0; 2268.8002; 170; 111; 
567; 0; 2268.5401; 170; 111.2; 
567; 0; 2268.2802; 170; 111.4; 
567; 0; 2266.7354; 170; 111.6; 
567; 0; 2266.4753; 170; 111.8; 
567; 0; 2266.2152; 170; 112; 
567; 0; 2264.6704; 170; 112.2; 
567; 0; 2264.4103; 170; 112.4; 
567; 0; 2264.1502; 170; 112.6; 
567; 0; 2262.6055; 170; 112.8; 
567; 0; 2262.3454; 170; 113; 
567; 0; 2260.8007; 170; 113.2; 
567; 0; 2260.5405; 170; 113.4; 
567; 0; 2258.9959; 170; 113.6; 
567; 0; 2258.7357; 170; 113.8; 
567; 0; 2257.1911; 170; 114; 
567; 0; 2256.9309; 170; 114.2; 
567; 0; 2264.4141; 170; 114.4; 
567; 0; 2262.8644; 170; 114.6; 
567; 0; 2262.6037; 170; 114.8; 
567; 0; 2261.0541; 170; 115; 
567; 0; 2259.5045; 170; 115.2; 
567; 0; 2259.2437; 170; 115.4; 
567; 0; 2257.6941; 170; 115.6; 
567; 0; 2256.1445; 170; 115.8; 
567; 0; 2254.595; 170; 116; 
567; 0; 2253.0608; 170; 116.2; 
567; 0; 2251.5365; 170; 116.4; 
567; 0; 2250.0122; 170; 116.6; 
567; 0; 2248.488; 170; 116.8; 
567; 0; 2248.1935; 170; 117; 
567; 0; 2246.6694; 170; 117.2; 
567; 0; 2245.1455; 170; 117.4; 
567; 0; 2243.6216; 170; 117.6; 
567; 0; 2242.0978; 170; 117.8; 
567; 0; 2240.5739; 170; 118; 
567; 0; 2239.0501; 170; 118.2; 
567; 0; 2237.5263; 170; 118.4; 
567; 0; 2236.0025; 170; 118.6; 
567; 0; 2234.4787; 170; 118.8; 
567; 0; 2232.9551; 170; 119; 
567; 0; 2231.4316; 170; 119.2; 
567; 0; 2229.908; 170; 119.4; 
567; 0; 2228.3844; 170; 119.6; 
567; 0; 2226.8609; 170; 119.8; 
567; 0; 2225.3376; 170; 120; 
567; 0; 2225.0433; 170; 120.2; 
567; 0; 2223.5201; 170; 120.4; 
567; 0; 2221.997; 170; 120.6; 
567; 0; 2220.4739; 170; 120.8; 
567; 0; 2218.9509; 170; 121; 
567; 0; 2217.428; 170; 121.2; 
567; 0; 2217.134; 170; 121.4; 
567; 0; 2215.6112; 170; 121.6; 
567; 0; 2214.0885; 170; 121.8; 
567; 0; 2212.5659; 170; 122; 
567; 0; 2211.0432; 170; 122.2; 
567; 0; 2209.5206; 170; 122.4; 
567; 0; 2209.2266; 170; 122.6; 
567; 0; 2207.7041; 170; 122.8; 
567; 0; 2206.1817; 170; 123; 
567; 0; 2204.6593; 170; 123.2; 
567; 0; 2204.3655; 170; 123.4; 
567; 0; 2202.8433; 170; 123.6; 
567; 0; 2201.3211; 170; 123.8; 
567; 0; 2199.799; 170; 124; 
567; 0; 2199.5052; 170; 124.2; 
567; 0; 2197.9833; 170; 124.4; 
567; 0; 2196.4615; 170; 124.6; 
567; 0; 2196.1679; 170; 124.8; 
567; 0; 2194.6462; 170; 125; 
567; 0; 2193.1245; 170; 125.2; 
567; 0; 2192.8309; 170; 125.4; 
567; 0; 2191.3094; 170; 125.6; 
567; 0; 2189.7878; 170; 125.8; 
567; 0; 2189.4943; 170; 126; 
567; 0; 2187.9729; 170; 126.2; 
567; 0; 2186.4516; 170; 126.4; 
567; 0; 2186.1583; 170; 126.6; 
567; 0; 2184.6372; 170; 126.8; 
567; 0; 2183.1162; 170; 127; 
567; 0; 2182.8229; 170; 127.2; 
567; 0; 2181.3019; 170; 127.4; 
567; 0; 2179.7809; 170; 127.6; 
567; 0; 2179.4877; 170; 127.8; 
567; 0; 2177.9668; 170; 128; 
567; 0; 2177.6736; 170; 128.2; 
567; 0; 2176.1529; 170; 128.4; 
567; 0; 2175.8601; 170; 128.6; 
567; 0; 2175.5682; 170; 128.8; 
567; 0; 2175.2778; 170; 129; 
567; 0; 2172.5383; 170; 129.2; 
567; 0; 2169.812; 170; 129.4; 
567; 0; 2164.6512; 170; 129.6; 
567; 0; 2157.061; 170; 129.8; 
567; 0; 2148.2723; 170; 130; 
567; 0; 2138.2876; 170; 130.2; 
567; 0; 2124.6544; 170; 130.4; 
567; 0; 2109.828; 170; 130.6; 
567; 0; 2092.5818; 170; 130.8; 
567; 0; 2074.1436; 170; 131; 
567; 0; 2054.5118; 170; 131.2; 
567; 0; 2033.6799; 170; 131.4; 
567; 0; 2012.6172; 170; 131.6; 
567; 0; 1992.965; 170; 131.8; 
567; 0; 1975.938; 170; 132; 
567; 0; 1961.5279; 170; 132.2; 
567; 0; 1949.7289; 170; 132.4; 
567; 0; 1948.2666; 170; 132.6; 
567; 0; 1939.0253; 170; 132.8; 
567; 0; 1929.7676; 170; 133; 
567; 0; 1919.1801; 170; 133.2; 
567; 0; 1908.5876; 170; 133.4; 
567; 0; 1897.9965; 170; 133.6; 
567; 0; 1886.0935; 170; 133.8; 
567; 0; 1872.8821; 170; 134; 
567; 0; 1859.6824; 170; 134.2; 
567; 0; 1846.494; 170; 134.4; 
567; 0; 1833.3153; 170; 134.6; 
567; 0; 1821.4617; 170; 134.8; 
567; 0; 1808.2933; 170; 135; 
567; 0; 1797.7627; 170; 135.2; 
567; 0; 1787.2304; 170; 135.4; 
567; 0; 1776.6948; 170; 135.6; 
567; 0; 1767.4735; 170; 135.8; 
567; 0; 1759.5665; 170; 136; 
567; 0; 1751.6558; 170; 136.2; 
567; 0; 1743.8234; 170; 136.4; 
567; 0; 1737.4407; 170; 136.6; 
567; 0; 1730.9334; 170; 136.8; 
567; 0; 1724.0653; 170; 137; 
567; 0; 1717.1983; 170; 137.2; 
567; 0; 1710.3329; 170; 137.4; 
567; 0; 1703.4692; 170; 137.6; 
567; 0; 1697.9797; 170; 137.8; 
567; 0; 1692.4917; 170; 138; 
567; 0; 1687.0047; 170; 138.2; 
567; 0; 1681.5181; 170; 138.4; 
567; 0; 1676.0316; 170; 138.6; 
567; 0; 1671.9172; 170; 138.8; 
567; 0; 1667.8024; 170; 139; 
567; 0; 1663.6872; 170; 139.2; 
567; 0; 1659.5715; 170; 139.4; 
567; 0; 1656.8277; 170; 139.6; 
567; 0; 1654.0835; 170; 139.8; 
567; 0; 1649.9666; 170; 140; 
567; 0; 1647.222; 170; 140.2; 
567; 0; 1644.4774; 170; 140.4; 
567; 0; 1643.1054; 170; 140.6; 
567; 0; 1640.3612; 170; 140.8; 
567; 0; 1637.6172; 170; 141; 
567; 0; 1636.2457; 170; 141.2; 
567; 0; 1633.5021; 170; 141.4; 
567; 0; 1632.1312; 170; 141.6; 
567; 0; 1630.7603; 170; 141.8; 
567; 0; 1629.3896; 170; 142; 
567; 0; 1628.0188; 170; 142.2; 
567; 0; 1626.648; 170; 142.4; 
567; 0; 1625.277; 170; 142.6; 
567; 0; 1625.2782; 170; 142.8; 
567; 0; 1623.9069; 170; 143; 
567; 0; 1622.5358; 170; 143.2; 
567; 0; 1622.5372; 170; 143.4; 
567; 0; 1621.1662; 170; 143.6; 
567; 0; 1621.1676; 170; 143.8; 
567; 0; 1621.169; 170; 144; 
567; 0; 1621.1704; 170; 144.2; 
567; 0; 1619.7993; 170; 144.4; 
567; 0; 1619.8006; 170; 144.6; 
567; 0; 1619.8019; 170; 144.8; 
567; 0; 1619.8031; 170; 145; 
567; 0; 1619.8043; 170; 145.2; 
567; 0; 1619.8055; 170; 145.4; 
567; 0; 1621.1776; 170; 145.6; 
567; 0; 1623.9137; 170; 145.8; 
567; 0; 1628.0057; 170; 146; 
567; 0; 1636.1912; 170; 146.2; 
567; 0; 1647.0922; 170; 146.4; 
567; 0; 1651.9411; 170; 146.6; 
567; 0; 1669.5849; 170; 146.8; 
567; 0; 1688.5574; 170; 147; 
567; 0; 1708.8581; 170; 147.2; 
567; 0; 1729.1244; 170; 147.4; 
567; 0; 1748.6492; 170; 147.6; 
567; 0; 1765.4676; 170; 147.8; 
567; 0; 1780.9687; 170; 148; 
567; 0; 1795.1593; 170; 148.2; 
567; 0; 1808.0439; 170; 148.4; 
567; 0; 1819.6248; 170; 148.6; 
567; 0; 1831.2156; 170; 148.8; 
567; 0; 1841.5011; 170; 149; 
567; 0; 1850.4789; 170; 149.2; 
567; 0; 1859.4596; 170; 149.4; 
567; 0; 1869.754; 170; 149.6; 
567; 0; 1878.7325; 170; 149.8; 
567; 0; 1887.7071; 170; 150; 
567; 0; 1897.9903; 170; 150.2; 
567; 0; 1906.9551; 170; 150.4; 
567; 0; 1915.9155; 170; 150.6; 
567; 0; 1924.8722; 170; 150.8; 
567; 0; 1932.513; 170; 151; 
567; 0; 1940.1524; 170; 151.2; 
567; 0; 1947.7912; 170; 151.4; 
567; 0; 1954.117; 170; 151.6; 
567; 0; 1960.4435; 170; 151.8; 
567; 0; 1966.7708; 170; 152; 
567; 0; 1973.0991; 170; 152.2; 
567; 0; 1978.1151; 170; 152.4; 
567; 0; 1983.1315; 170; 152.6; 
567; 0; 1988.148; 170; 152.8; 
567; 0; 1991.8512; 170; 153; 
567; 0; 1996.8669; 170; 153.2; 
567; 0; 2000.569; 170; 153.4; 
567; 0; 2005.5833; 170; 153.6; 
567; 0; 2009.284; 170; 153.8; 
567; 0; 2012.984; 170; 154; 
567; 0; 2015.3706; 170; 154.2; 
567; 0; 2018.8911; 170; 154.4; 
567; 0; 2022.3453; 170; 154.6; 
567; 0; 2024.5734; 170; 154.8; 
567; 0; 2026.8013; 170; 155; 
567; 0; 2029.0291; 170; 155.2; 
567; 0; 2031.257; 170; 155.4; 
567; 0; 2033.485; 170; 155.6; 
567; 0; 2034.4871; 170; 155.8; 
567; 0; 2036.7151; 170; 156; 
567; 0; 2037.7172; 170; 156.2; 
567; 0; 2039.9451; 170; 156.4; 
567; 0; 2040.947; 170; 156.6; 
567; 0; 2041.9486; 170; 156.8; 
567; 0; 2042.9501; 170; 157; 
567; 0; 2043.9515; 170; 157.2; 
567; 0; 2044.9527; 170; 157.4; 
567; 0; 2045.9539; 170; 157.6; 
567; 0; 2046.9549; 170; 157.8; 
567; 0; 2047.9558; 170; 158; 
567; 0; 2047.7311; 170; 158.2; 
567; 0; 2048.7317; 170; 158.4; 
567; 0; 2048.5068; 170; 158.6; 
567; 0; 2049.5073; 170; 158.8; 
567; 0; 2049.2825; 170; 159; 
567; 0; 2050.2831; 170; 159.2; 
567; 0; 2050.0583; 170; 159.4; 
567; 0; 2049.8335; 170; 159.6; 
567; 0; 2050.8339; 170; 159.8; 
567; 0; 2050.609; 170; 160; 
567; 0; 2050.3842; 170; 160.2; 
567; 0; 2050.1593; 170; 160.4; 
567; 0; 2049.9345; 170; 160.6; 
567; 0; 2049.7096; 170; 160.8; 
567; 0; 2049.4847; 170; 161; 
567; 0; 2050.4848; 170; 161.2; 
567; 0; 2050.2604; 170; 161.4; 
567; 0; 2050.0372; 170; 161.6; 
567; 0; 2049.8159; 170; 161.8; 
567; 0; 2049.5977; 170; 162; 
567; 0; 2049.3834; 170; 162.2; 
567; 0; 2049.1741; 170; 162.4; 
567; 0; 2048.9704; 170; 162.6; 
567; 0; 2048.7715; 170; 162.8; 
567; 0; 2049.7997; 170; 163; 
567; 0; 2052.052; 170; 163.2; 
567; 0; 2055.5252; 170; 163.4; 
567; 0; 2060.2163; 170; 163.6; 
567; 0; 2066.1236; 170; 163.8; 
567; 0; 2073.2461; 170; 164; 
567; 0; 2080.3595; 170; 164.2; 
567; 0; 2087.4643; 170; 164.4; 
567; 0; 2093.3376; 170; 164.6; 
567; 0; 2096.7598; 170; 164.8; 
567; 0; 2097.7452; 170; 165; 
567; 0; 2096.301; 170; 165.2; 
567; 0; 2092.4275; 170; 165.4; 
567; 0; 2084.9068; 170; 165.6; 
567; 0; 2076.1932; 170; 165.8; 
567; 0; 2065.0661; 170; 166; 
567; 0; 2051.5277; 170; 166.2; 
567; 0; 2034.3545; 170; 166.4; 
567; 0; 2015.9692; 170; 166.6; 
567; 0; 1993.729; 170; 166.8; 
567; 0; 1970.2111; 170; 167; 
567; 0; 1946.715; 170; 167.2; 
567; 0; 1927.1611; 170; 167.4; 
567; 0; 1911.5373; 170; 167.6; 
567; 0; 1901.1443; 170; 167.8; 
567; 0; 1897.2859; 170; 168; 
567; 0; 1897.3352; 170; 168.2; 
567; 0; 1901.2891; 170; 168.4; 
567; 0; 1905.2124; 170; 168.6; 
567; 0; 1909.1061; 170; 168.8; 
567; 0; 1910.3529; 170; 169; 
567; 0; 1907.6507; 170; 169.2; 
567; 0; 1902.3221; 170; 169.4; 
567; 0; 1893.068; 170; 169.6; 
567; 0; 1883.8313; 170; 169.8; 
567; 0; 1871.9956; 170; 170; 
567; 0; 1858.8737; 170; 170.2; 
567; 0; 1844.4634; 170; 170.4; 
567; 0; 1830.0705; 170; 170.6; 
567; 0; 1815.6883; 170; 170.8; 
567; 0; 1802.621; 170; 171; 
567; 0; 1799.3932; 170; 171.2; 
567; 0; 1788.9039; 170; 171.4; 
567; 0; 1779.7205; 170; 171.6; 
567; 0; 1771.842; 170; 171.8; 
567; 0; 1763.9535; 170; 172; 
567; 0; 1757.3721; 170; 172.2; 
567; 0; 1750.7846; 170; 172.4; 
567; 0; 1742.8781; 170; 172.6; 
567; 0; 1736.2863; 170; 172.8; 
567; 0; 1729.4684; 170; 173; 
567; 0; 1720.9648; 170; 173.2; 
567; 0; 1713.8805; 170; 173.4; 
567; 0; 1705.3848; 170; 173.6; 
567; 0; 1698.3082; 170; 173.8; 
567; 0; 1691.2343; 170; 174; 
567; 0; 1684.1621; 170; 174.2; 
567; 0; 1677.0907; 170; 174.4; 
567; 0; 1670.2394; 170; 174.6; 
567; 0; 1664.7677; 170; 174.8; 
567; 0; 1659.2947; 170; 175; 
567; 0; 1655.1898; 170; 175.2; 
567; 0; 1649.7142; 170; 175.4; 
567; 0; 1645.6068; 170; 175.6; 
567; 0; 1641.4985; 170; 175.8; 
567; 0; 1637.3895; 170; 176; 
567; 0; 1633.2803; 170; 176.2; 
567; 0; 1630.5406; 170; 176.4; 
567; 0; 1626.4318; 170; 176.6; 
567; 0; 1623.6928; 170; 176.8; 
567; 0; 1620.9543; 170; 177; 
567; 0; 1618.2163; 170; 177.2; 
567; 0; 1615.4788; 170; 177.4; 
567; 0; 1612.7417; 170; 177.6; 
567; 0; 1610.0047; 170; 177.8; 
567; 0; 1607.2678; 170; 178; 
567; 0; 1605.9001; 170; 178.2; 
567; 0; 1603.1627; 170; 178.4; 
567; 0; 1601.7945; 170; 178.6; 
567; 0; 1599.0566; 170; 178.8; 
567; 0; 1597.688; 170; 179; 
567; 0; 1596.3194; 170; 179.2; 
567; 0; 1594.951; 170; 179.4; 
567; 0; 1593.5826; 170; 179.6; 
567; 0; 1592.2142; 170; 179.8; 
567; 0; 1592.2152; 170; 180; 
567; 0; 1590.8469; 170; 180.2; 
567; 0; 1589.4785; 170; 180.4; 
567; 0; 1589.4796; 170; 180.6; 
567; 0; 1588.1114; 170; 180.8; 
567; 0; 1588.1125; 170; 181; 
567; 0; 1586.7444; 170; 181.2; 
567; 0; 1586.7456; 170; 181.4; 
567; 0; 1585.3775; 170; 181.6; 
567; 0; 1585.3787; 170; 181.8; 
567; 0; 1585.3799; 170; 182; 
567; 0; 1585.3811; 170; 182.2; 
567; 0; 1584.0129; 170; 182.4; 
567; 0; 1584.014; 170; 182.6; 
567; 0; 1584.0152; 170; 182.8; 
567; 0; 1584.0164; 170; 183; 
567; 0; 1584.0176; 170; 183.2; 
567; 0; 1584.0189; 170; 183.4; 
567; 0; 1584.02; 170; 183.6; 
567; 0; 1584.0212; 170; 183.8; 
567; 0; 1584.0223; 170; 184; 
567; 0; 1584.0234; 170; 184.2; 
567; 0; 1584.0244; 170; 184.4; 
567; 0; 1584.0254; 170; 184.6; 
567; 0; 1585.3958; 170; 184.8; 
567; 0; 1585.3968; 170; 185; 
567; 0; 1585.3979; 170; 185.2; 
567; 0; 1585.399; 170; 185.4; 
567; 0; 1585.4002; 170; 185.6; 
567; 0; 1585.4014; 170; 185.8; 
567; 0; 1586.7719; 170; 186; 
567; 0; 1586.7732; 170; 186.2; 
567; 0; 1586.7744; 170; 186.4; 
567; 0; 1578.2699; 170; 186.6; 
567; 0; 1579.6368; 170; 186.8; 
567; 0; 1579.6379; 170; 187; 
567; 0; 1579.639; 170; 187.2; 
567; 0; 1581.0057; 170; 187.4; 
567; 0; 1581.0068; 170; 187.6; 
567; 0; 1582.3736; 170; 187.8; 
567; 0; 1582.3746; 170; 188; 
567; 0; 1583.7413; 170; 188.2; 
567; 0; 1583.7423; 170; 188.4; 
567; 0; 1585.1089; 170; 188.6; 
567; 0; 1585.11; 170; 188.8; 
567; 0; 1586.4768; 170; 189; 
567; 0; 1587.8435; 170; 189.2; 
567; 0; 1587.8445; 170; 189.4; 
567; 0; 1589.2112; 170; 189.6; 
567; 0; 1590.578; 170; 189.8; 
567; 0; 1590.5792; 170; 190; 
567; 0; 1591.9459; 170; 190.2; 
567; 0; 1593.3127; 170; 190.4; 
567; 0; 1594.6798; 170; 190.6; 
567; 0; 1594.6815; 170; 190.8; 
567; 0; 1596.049; 170; 191; 
567; 0; 1596.0509; 170; 191.2; 
567; 0; 1597.4182; 170; 191.4; 
567; 0; 1598.7851; 170; 191.6; 
567; 0; 1598.7861; 170; 191.8; 
567; 0; 1600.1523; 170; 192; 
567; 0; 1601.5182; 170; 192.2; 
567; 0; 1601.5184; 170; 192.4; 
567; 0; 1602.8845; 170; 192.6; 
567; 0; 1602.885; 170; 192.8; 
567; 0; 1604.2512; 170; 193; 
567; 0; 1604.252; 170; 193.2; 
567; 0; 1605.6185; 170; 193.4; 
567; 0; 1605.6194; 170; 193.6; 
567; 0; 1606.986; 170; 193.8; 
567; 0; 1606.9869; 170; 194; 
567; 0; 1608.3536; 170; 194.2; 
567; 0; 1608.3546; 170; 194.4; 
567; 0; 1609.7212; 170; 194.6; 
567; 0; 1609.7222; 170; 194.8; 
567; 0; 1609.7232; 170; 195; 
567; 0; 1611.0897; 170; 195.2; 
567; 0; 1611.0907; 170; 195.4; 
567; 0; 1612.4574; 170; 195.6; 
567; 0; 1612.4585; 170; 195.8; 
567; 0; 1612.4595; 170; 196; 
567; 0; 1613.8261; 170; 196.2; 
567; 0; 1613.8271; 170; 196.4; 
567; 0; 1613.8281; 170; 196.6; 
567; 0; 1613.829; 170; 196.8; 
567; 0; 1615.1956; 170; 197; 
567; 0; 1615.1964; 170; 197.2; 
567; 0; 1615.1972; 170; 197.4; 
567; 0; 1616.5637; 170; 197.6; 
567; 0; 1616.5646; 170; 197.8; 
567; 0; 1616.5656; 170; 198; 
567; 0; 1616.5664; 170; 198.2; 
567; 0; 1617.9328; 170; 198.4; 
567; 0; 1617.9334; 170; 198.6; 
567; 0; 1617.9342; 170; 198.8; 
567; 0; 1617.9349; 170; 199; 
567; 0; 1619.3015; 170; 199.2; 
567; 0; 1619.3024; 170; 199.4; 
567; 0; 1619.3034; 170; 199.6; 
567; 0; 1619.3044; 170; 199.8; 
567; 0; 1619.3053; 170; 200; 
567; 0; 1620.6718; 170; 200.2; 
567; 0; 1620.6726; 170; 200.4; 
567; 0; 1620.6734; 170; 200.6; 
567; 0; 1620.6743; 170; 200.8; 
567; 0; 1620.6751; 170; 201; 
567; 0; 1620.6759; 170; 201.2; 
567; 0; 1622.0423; 170; 201.4; 
567; 0; 1622.043; 170; 201.6; 
567; 0; 1622.0438; 170; 201.8; 
567; 0; 1622.0445; 170; 202; 
567; 0; 1622.0452; 170; 202.2; 
567; 0; 1622.0459; 170; 202.4; 
567; 0; 1623.4124; 170; 202.6; 
567; 0; 1623.4132; 170; 202.8; 
567; 0; 1623.414; 170; 203; 
567; 0; 1623.415; 170; 203.2; 
567; 0; 1623.4159; 170; 203.4; 
567; 0; 1623.4168; 170; 203.6; 
567; 0; 1623.4175; 170; 203.8; 
567; 0; 1623.4182; 170; 204; 
567; 0; 1624.7845; 170; 204.2; 
567; 0; 1624.7852; 170; 204.4; 
567; 0; 1624.7859; 170; 204.6; 
567; 0; 1624.7867; 170; 204.8; 
567; 0; 1624.7877; 170; 205; 
567; 0; 1624.7886; 170; 205.2; 
567; 0; 1624.7893; 170; 205.4; 
567; 0; 1624.7901; 170; 205.6; 
567; 0; 1624.7909; 170; 205.8; 
567; 0; 1624.7917; 170; 206; 
567; 0; 1626.1581; 170; 206.2; 
567; 0; 1626.1587; 170; 206.4; 
567; 0; 1626.1592; 170; 206.6; 
567; 0; 1626.1598; 170; 206.8; 
567; 0; 1626.1604; 170; 207; 
567; 0; 1626.1611; 170; 207.2; 
567; 0; 1626.1619; 170; 207.4; 
567; 0; 1626.1627; 170; 207.6; 
567; 0; 1626.1634; 170; 207.8; 
567; 0; 1626.1642; 170; 208; 
567; 0; 1627.5307; 170; 208.2; 
567; 0; 1627.5314; 170; 208.4; 
567; 0; 1627.5322; 170; 208.6; 
567; 0; 1627.533; 170; 208.8; 
567; 0; 1627.5338; 170; 209; 
567; 0; 1628.9002; 170; 209.2; 
567; 0; 1628.901; 170; 209.4; 
567; 0; 1628.9017; 170; 209.6; 
567; 0; 1628.9025; 170; 209.8; 
567; 0; 1628.9032; 170; 210; 
567; 0; 1628.9039; 170; 210.2; 
567; 0; 1628.9047; 170; 210.4; 
567; 0; 1630.2712; 170; 210.6; 
567; 0; 1630.2719; 170; 210.8; 
567; 0; 1630.2724; 170; 211; 
567; 0; 1630.2729; 170; 211.2; 
567; 0; 1630.2734; 170; 211.4; 
567; 0; 1630.274; 170; 211.6; 
567; 0; 1630.2746; 170; 211.8; 
567; 0; 1630.2753; 170; 212; 
567; 0; 1630.2761; 170; 212.2; 
567; 0; 1630.2769; 170; 212.4; 
567; 0; 1631.6434; 170; 212.6; 
567; 0; 1631.6441; 170; 212.8; 
567; 0; 1631.6448; 170; 213; 
567; 0; 1631.6457; 170; 213.2; 
567; 0; 1631.6464; 170; 213.4; 
567; 0; 1631.6471; 170; 213.6; 
567; 0; 1631.6478; 170; 213.8; 
567; 0; 1631.6484; 170; 214; 
567; 0; 1631.649; 170; 214.2; 
567; 0; 1631.6498; 170; 214.4; 
567; 0; 1631.6505; 170; 214.6; 
567; 0; 1631.6512; 170; 214.8; 
567; 0; 1631.6518; 170; 215; 
567; 0; 1631.6525; 170; 215.2; 
567; 0; 1631.6531; 170; 215.4; 
567; 0; 1631.6538; 170; 215.6; 
567; 0; 1631.6545; 170; 215.8; 
567; 0; 1631.6551; 170; 216; 
567; 0; 1631.6558; 170; 216.2; 
567; 0; 1631.6564; 170; 216.4; 
567; 0; 1631.6571; 170; 216.6; 
567; 0; 1631.6576; 170; 216.8; 
567; 0; 1631.6581; 170; 217; 
567; 0; 1631.6588; 170; 217.2; 
567; 0; 1631.6597; 170; 217.4; 
567; 0; 1631.6604; 170; 217.6; 
567; 0; 1633.0267; 170; 217.8; 
567; 0; 1633.0278; 170; 218; 
567; 0; 1633.0299; 170; 218.2; 
567; 0; 1634.3994; 170; 218.4; 
567; 0; 1634.406; 170; 218.6; 
567; 0; 1634.4163; 170; 218.8; 
567; 0; 1635.7971; 170; 219; 
567; 0; 1635.8184; 170; 219.2; 
567; 0; 1635.8455; 170; 219.4; 
567; 0; 1635.8765; 170; 219.6; 
567; 0; 1638.6398; 170; 219.8; 
567; 0; 1641.4005; 170; 220; 
567; 0; 1646.8868; 170; 220.2; 
567; 0; 1653.7304; 170; 220.4; 
567; 0; 1661.9298; 170; 220.6; 
567; 0; 1670.1522; 170; 220.8; 
567; 0; 1680.0142; 170; 221; 
567; 0; 1687.0477; 170; 221.2; 
567; 0; 1695.4871; 170; 221.4; 
567; 0; 1701.103; 170; 221.6; 
567; 0; 1705.3087; 170; 221.8; 
567; 0; 1709.5176; 170; 222; 
567; 0; 1712.3209; 170; 222.2; 
567; 0; 1713.72; 170; 222.4; 
567; 0; 1715.1261; 170; 222.6; 
567; 0; 1715.1281; 170; 222.8; 
567; 0; 1715.1357; 170; 223; 
567; 0; 1715.1476; 170; 223.2; 
567; 0; 1716.5728; 170; 223.4; 
567; 0; 1717.9988; 170; 223.6; 
567; 0; 1719.4238; 170; 223.8; 
567; 0; 1720.8465; 170; 224; 
567; 0; 1723.6766; 170; 224.2; 
567; 0; 1726.5028; 170; 224.4; 
567; 0; 1730.7356; 170; 224.6; 
567; 0; 1733.4919; 170; 224.8; 
567; 0; 1736.1054; 170; 225; 
567; 0; 1738.714; 170; 225.2; 
567; 0; 1741.3187; 170; 225.4; 
567; 0; 1742.6099; 170; 225.6; 
567; 0; 1742.5894; 170; 225.8; 
567; 0; 1741.2595; 170; 226; 
567; 0; 1739.9331; 170; 226.2; 
567; 0; 1737.3004; 170; 226.4; 
567; 0; 1734.6734; 170; 226.6; 
567; 0; 1732.0038; 170; 226.8; 
567; 0; 1727.778; 170; 227; 
567; 0; 1723.5565; 170; 227.2; 
567; 0; 1719.3373; 170; 227.4; 
567; 0; 1716.5295; 170; 227.6; 
567; 0; 1713.7206; 170; 227.8; 
567; 0; 1710.9092; 170; 228; 
567; 0; 1709.5053; 170; 228.2; 
567; 0; 1706.687; 170; 228.4; 
567; 0; 1705.2762; 170; 228.6; 
567; 0; 1703.8626; 170; 228.8; 
567; 0; 1701.0364; 170; 229; 
567; 0; 1699.6198; 170; 229.2; 
567; 0; 1698.2031; 170; 229.4; 
567; 0; 1695.3763; 170; 229.6; 
567; 0; 1692.5508; 170; 229.8; 
567; 0; 1691.1376; 170; 230; 
567; 0; 1688.3155; 170; 230.2; 
567; 0; 1685.4948; 170; 230.4; 
567; 0; 1682.6751; 170; 230.6; 
567; 0; 1679.8562; 170; 230.8; 
567; 0; 1678.4484; 170; 231; 
567; 0; 1675.6297; 170; 231.2; 
567; 0; 1674.2213; 170; 231.4; 
567; 0; 1671.4017; 170; 231.6; 
567; 0; 1669.9922; 170; 231.8; 
567; 0; 1668.5839; 170; 232; 
567; 0; 1665.8526; 170; 232.2; 
567; 0; 1664.4866; 170; 232.4; 
567; 0; 1663.1203; 170; 232.6; 
567; 0; 1661.7539; 170; 232.8; 
567; 0; 1660.3875; 170; 233; 
567; 0; 1659.0212; 170; 233.2; 
567; 0; 1657.6552; 170; 233.4; 
567; 0; 1656.2893; 170; 233.6; 
567; 0; 1654.9239; 170; 233.8; 
567; 0; 1653.5588; 170; 234; 
567; 0; 1652.1938; 170; 234.2; 
567; 0; 1650.8289; 170; 234.4; 
567; 0; 1649.4641; 170; 234.6; 
567; 0; 1648.0992; 170; 234.8; 
567; 0; 1646.7343; 170; 235; 
567; 0; 1645.3692; 170; 235.2; 
567; 0; 1645.3696; 170; 235.4; 
567; 0; 1644.0043; 170; 235.6; 
567; 0; 1642.6388; 170; 235.8; 
567; 0; 1642.639; 170; 236; 
567; 0; 1641.2736; 170; 236.2; 
567; 0; 1639.9082; 170; 236.4; 
567; 0; 1639.9086; 170; 236.6; 
567; 0; 1638.5433; 170; 236.8; 
567; 0; 1638.5437; 170; 237; 
567; 0; 1637.1785; 170; 237.2; 
567; 0; 1637.1789; 170; 237.4; 
567; 0; 1635.8138; 170; 237.6; 
567; 0; 1635.8143; 170; 237.8; 
567; 0; 1634.4491; 170; 238; 
567; 0; 1634.4496; 170; 238.2; 
567; 0; 1634.4502; 170; 238.4; 
567; 0; 1633.0851; 170; 238.6; 
567; 0; 1633.0857; 170; 238.8; 
567; 0; 1633.0863; 170; 239; 
567; 0; 1631.7213; 170; 239.2; 
567; 0; 1631.7218; 170; 239.4; 
567; 0; 1631.7222; 170; 239.6; 
567; 0; 1630.3571; 170; 239.8; 
567; 0; 1630.3577; 170; 240; 
567; 0; 1630.3582; 170; 240.2; 
567; 0; 1630.3587; 170; 240.4; 
567; 0; 1628.9935; 170; 240.6; 
567; 0; 1628.9939; 170; 240.8; 
567; 0; 1628.9945; 170; 241; 
567; 0; 1628.9951; 170; 241.2; 
567; 0; 1627.6301; 170; 241.4; 
567; 0; 1627.6307; 170; 241.6; 
567; 0; 1627.6314; 170; 241.8; 
567; 0; 1627.6321; 170; 242; 
567; 0; 1627.6327; 170; 242.2; 
567; 0; 1627.6332; 170; 242.4; 
567; 0; 1627.6338; 170; 242.6; 
567; 0; 1626.2688; 170; 242.8; 
567; 0; 1626.2694; 170; 243; 
567; 0; 1626.2699; 170; 243.2; 
567; 0; 1626.2704; 170; 243.4; 
567; 0; 1626.2709; 170; 243.6; 
567; 0; 1626.2714; 170; 243.8; 
567; 0; 1626.2719; 170; 244; 
567; 0; 1626.2723; 170; 244.2; 
567; 0; 1626.2728; 170; 244.4; 
567; 0; 1626.2734; 170; 244.6; 
567; 0; 1626.2742; 170; 244.8; 
567; 0; 1626.275; 170; 245; 
567; 0; 1626.2756; 170; 245.2; 
567; 0; 1626.2763; 170; 245.4; 
567; 0; 1624.9113; 170; 245.6; 
567; 0; 1624.9119; 170; 245.8; 
567; 0; 1624.9124; 170; 246; 
567; 0; 1626.2786; 170; 246.2; 
567; 0; 1626.2797; 170; 246.4; 
567; 0; 1627.6477; 170; 246.6; 
567; 0; 1627.6523; 170; 246.8; 
567; 0; 1627.6599; 170; 247; 
567; 0; 1627.6704; 170; 247.2; 
567; 0; 1627.6826; 170; 247.4; 
567; 0; 1627.6949; 170; 247.6; 
567; 0; 1627.7052; 170; 247.8; 
567; 0; 1629.0774; 170; 248; 
567; 0; 1631.8104; 170; 248.2; 
567; 0; 1633.1726; 170; 248.4; 
567; 0; 1634.5304; 170; 248.6; 
567; 0; 1637.2508; 170; 248.8; 
567; 0; 1638.6037; 170; 249; 
567; 0; 1639.9564; 170; 249.2; 
567; 0; 1639.9446; 170; 249.4; 
567; 0; 1641.3009; 170; 249.6; 
567; 0; 1641.2946; 170; 249.8; 
567; 0; 1639.9258; 170; 250; 
567; 0; 1639.9256; 170; 250.2; 
567; 0; 1639.9281; 170; 250.4; 
567; 0; 1638.5665; 170; 250.6; 
567; 0; 1638.5713; 170; 250.8; 
567; 0; 1638.5762; 170; 251; 
567; 0; 1637.215; 170; 251.2; 
567; 0; 1637.2186; 170; 251.4; 
567; 0; 1637.2212; 170; 251.6; 
567; 0; 1637.2228; 170; 251.8; 
567; 0; 1635.8579; 170; 252; 
567; 0; 1635.8578; 170; 252.2; 
567; 0; 1635.8574; 170; 252.4; 
567; 0; 1635.8568; 170; 252.6; 
567; 0; 1635.8563; 170; 252.8; 
567; 0; 1635.856; 170; 253; 
567; 0; 1634.4904; 170; 253.2; 
567; 0; 1634.4907; 170; 253.4; 
567; 0; 1634.4913; 170; 253.6; 
567; 0; 1634.492; 170; 253.8; 
567; 0; 1633.1272; 170; 254; 
567; 0; 1633.1281; 170; 254.2; 
567; 0; 1633.1289; 170; 254.4; 
567; 0; 1633.1297; 170; 254.6; 
567; 0; 1633.1304; 170; 254.8; 
567; 0; 1631.7655; 170; 255; 
567; 0; 1631.7663; 170; 255.2; 
567; 0; 1631.7669; 170; 255.4; 
567; 0; 1631.7674; 170; 255.6; 
567; 0; 1631.768; 170; 255.8; 
567; 0; 1631.7685; 170; 256; 
567; 0; 1631.7689; 170; 256.2; 
567; 0; 1630.4037; 170; 256.4; 
567; 0; 1630.4041; 170; 256.6; 
567; 0; 1630.4047; 170; 256.8; 
567; 0; 1630.4053; 170; 257; 
567; 0; 1630.4058; 170; 257.2; 
567; 0; 1630.4064; 170; 257.4; 
567; 0; 1630.4074; 170; 257.6; 
567; 0; 1631.7753; 170; 257.8; 
567; 0; 1631.7795; 170; 258; 
567; 0; 1631.7867; 170; 258.2; 
567; 0; 1631.7979; 170; 258.4; 
567; 0; 1633.18; 170; 258.6; 
567; 0; 1631.8371; 170; 258.8; 
567; 0; 1633.2311; 170; 259; 
567; 0; 1633.2627; 170; 259.2; 
567; 0; 1636.0258; 170; 259.4; 
567; 0; 1640.1511; 170; 259.6; 
567; 0; 1645.6354; 170; 259.8; 
567; 0; 1652.4763; 170; 260; 
567; 0; 1660.6727; 170; 260.2; 
567; 0; 1670.2517; 170; 260.4; 
567; 0; 1678.7005; 170; 260.6; 
567; 0; 1685.7322; 170; 260.8; 
567; 0; 1692.7599; 170; 261; 
567; 0; 1698.3757; 170; 261.2; 
567; 0; 1703.993; 170; 261.4; 
567; 0; 1706.7926; 170; 261.6; 
567; 0; 1709.5979; 170; 261.8; 
567; 0; 1710.9993; 170; 262; 
567; 0; 1710.9968; 170; 262.2; 
567; 0; 1711.0008; 170; 262.4; 
567; 0; 1712.4208; 170; 262.6; 
567; 0; 1712.4337; 170; 262.8; 
567; 0; 1713.859; 170; 263; 
567; 0; 1715.2844; 170; 263.2; 
567; 0; 1716.7082; 170; 263.4; 
567; 0; 1719.5402; 170; 263.6; 
567; 0; 1720.9578; 170; 263.8; 
567; 0; 1725.1932; 170; 264; 
567; 0; 1728.0142; 170; 264.2; 
567; 0; 1730.832; 170; 264.4; 
567; 0; 1733.5799; 170; 264.6; 
567; 0; 1734.8843; 170; 264.8; 
567; 0; 1736.1884; 170; 265; 
567; 0; 1738.8042; 170; 265.2; 
567; 0; 1738.7987; 170; 265.4; 
567; 0; 1740.106; 170; 265.6; 
567; 0; 1740.104; 170; 265.8; 
567; 0; 1740.104; 170; 266; 
567; 0; 1740.1057; 170; 266.2; 
567; 0; 1740.1088; 170; 266.4; 
567; 0; 1740.1128; 170; 266.6; 
567; 0; 1741.4283; 170; 266.8; 
567; 0; 1741.4325; 170; 267; 
567; 0; 1741.4362; 170; 267.2; 
567; 0; 1742.7502; 170; 267.4; 
567; 0; 1742.7521; 170; 267.6; 
567; 0; 1744.064; 170; 267.8; 
567; 0; 1745.3745; 170; 268; 
567; 0; 1746.683; 170; 268.2; 
567; 0; 1747.9885; 170; 268.4; 
567; 0; 1747.9793; 170; 268.6; 
567; 0; 1749.2776; 170; 268.8; 
567; 0; 1749.262; 170; 269; 
567; 0; 1747.9339; 170; 269.2; 
567; 0; 1746.6061; 170; 269.4; 
567; 0; 1745.2805; 170; 269.6; 
567; 0; 1741.3362; 170; 269.8; 
567; 0; 1738.7077; 170; 270; 
567; 0; 1734.7729; 170; 270.2; 
567; 0; 1730.7024; 170; 270.4; 
567; 0; 1726.4777; 170; 270.6; 
567; 0; 1720.845; 170; 270.8; 
567; 0; 1716.6243; 170; 271; 
567; 0; 1713.8139; 170; 271.2; 
567; 0; 1709.5913; 170; 271.4; 
567; 0; 1706.7771; 170; 271.6; 
567; 0; 1703.9601; 170; 271.8; 
567; 0; 1701.1403; 170; 272; 
567; 0; 1698.318; 170; 272.2; 
567; 0; 1696.9046; 170; 272.4; 
567; 0; 1694.0794; 170; 272.6; 
567; 0; 1691.2536; 170; 272.8; 
567; 0; 1688.428; 170; 273; 
567; 0; 1687.014; 170; 273.2; 
567; 0; 1684.1903; 170; 273.4; 
567; 0; 1681.3677; 170; 273.6; 
567; 0; 1678.5464; 170; 273.8; 
567; 0; 1675.7261; 170; 274; 
567; 0; 1672.9064; 170; 274.2; 
567; 0; 1670.0872; 170; 274.4; 
567; 0; 1668.6867; 170; 274.6; 
567; 0; 1665.9576; 170; 274.8; 
567; 0; 1664.5937; 170; 275; 
567; 0; 1661.8636; 170; 275.2; 
567; 0; 1660.4985; 170; 275.4; 
567; 0; 1659.1327; 170; 275.6; 
567; 0; 1657.7666; 170; 275.8; 
567; 0; 1656.4003; 170; 276; 
567; 0; 1655.0338; 170; 276.2; 
567; 0; 1653.6674; 170; 276.4; 
567; 0; 1652.3013; 170; 276.6; 
567; 0; 1650.9355; 170; 276.8; 
567; 0; 1649.57; 170; 277; 
567; 0; 1648.2048; 170; 277.2; 
567; 0; 1646.8397; 170; 277.4; 
567; 0; 1645.4749; 170; 277.6; 
567; 0; 1644.1101; 170; 277.8; 
567; 0; 1642.7452; 170; 278; 
567; 0; 1641.3801; 170; 278.2; 
567; 0; 1641.3805; 170; 278.4; 
567; 0; 1640.0151; 170; 278.6; 
567; 0; 1638.6496; 170; 278.8; 
567; 0; 1638.6496; 170; 279; 
567; 0; 1637.284; 170; 279.2; 
567; 0; 1635.9185; 170; 279.4; 
567; 0; 1635.9187; 170; 279.6; 
567; 0; 1634.5533; 170; 279.8; 
567; 0; 1634.5536; 170; 280; 
567; 0; 1633.1883; 170; 280.2; 
567; 0; 1633.1887; 170; 280.4; 
567; 0; 1631.8234; 170; 280.6; 
567; 0; 1631.8238; 170; 280.8; 
567; 0; 1631.8242; 170; 281; 
567; 0; 1630.4588; 170; 281.2; 
567; 0; 1630.4592; 170; 281.4; 
567; 0; 1629.0939; 170; 281.6; 
567; 0; 1629.0943; 170; 281.8; 
567; 0; 1629.0946; 170; 282; 
567; 0; 1629.095; 170; 282.2; 
567; 0; 1627.7297; 170; 282.4; 
567; 0; 1627.7301; 170; 282.6; 
567; 0; 1627.7305; 170; 282.8; 
567; 0; 1627.7311; 170; 283; 
567; 0; 1626.366; 170; 283.2; 
567; 0; 1626.3666; 170; 283.4; 
567; 0; 1626.367; 170; 283.6; 
567; 0; 1626.3674; 170; 283.8; 
567; 0; 1626.3677; 170; 284; 
567; 0; 1625.0024; 170; 284.2; 
567; 0; 1625.0027; 170; 284.4; 
567; 0; 1625.003; 170; 284.6; 
567; 0; 1625.0034; 170; 284.8; 
567; 0; 1625.0037; 170; 285; 
567; 0; 1625.0041; 170; 285.2; 
567; 0; 1625.0046; 170; 285.4; 
567; 0; 1625.005; 170; 285.6; 
567; 0; 1625.0053; 170; 285.8; 
567; 0; 1625.0058; 170; 286; 
567; 0; 1623.6407; 170; 286.2; 
567; 0; 1623.6412; 170; 286.4; 
567; 0; 1623.6417; 170; 286.6; 
567; 0; 1623.6421; 170; 286.8; 
567; 0; 1623.6425; 170; 287; 
567; 0; 1623.643; 170; 287.2; 
567; 0; 1623.6435; 170; 287.4; 
567; 0; 1623.644; 170; 287.6; 
567; 0; 1623.6444; 170; 287.8; 
567; 0; 1623.6449; 170; 288; 
567; 0; 1623.6454; 170; 288.2; 
567; 0; 1625.0117; 170; 288.4; 
567; 0; 1625.0127; 170; 288.6; 
567; 0; 1625.0142; 170; 288.8; 
567; 0; 1625.0164; 170; 289; 
567; 0; 1625.0188; 170; 289.2; 
567; 0; 1625.0214; 170; 289.4; 
567; 0; 1625.0237; 170; 289.6; 
567; 0; 1625.0254; 170; 289.8; 
567; 0; 1626.3917; 170; 290; 
567; 0; 1626.3914; 170; 290.2; 
567; 0; 1626.3902; 170; 290.4; 
567; 0; 1626.3884; 170; 290.6; 
567; 0; 1627.752; 170; 290.8; 
567; 0; 1627.75; 170; 291; 
567; 0; 1627.7482; 170; 291.2; 
567; 0; 1627.7469; 170; 291.4; 
567; 0; 1627.7462; 170; 291.6; 
567; 0; 1627.7461; 170; 291.8; 
567; 0; 1627.7466; 170; 292; 
567; 0; 1627.7476; 170; 292.2; 
567; 0; 1627.7487; 170; 292.4; 
567; 0; 1627.75; 170; 292.6; 
567; 0; 1626.3857; 170; 292.8; 
567; 0; 1626.3869; 170; 293; 
567; 0; 1626.388; 170; 293.2; 
567; 0; 1626.389; 170; 293.4; 
567; 0; 1626.3898; 170; 293.6; 
567; 0; 1626.3904; 170; 293.8; 
567; 0; 1626.3908; 170; 294; 
567; 0; 1626.3912; 170; 294.2; 
567; 0; 1626.3916; 170; 294.4; 
567; 0; 1626.392; 170; 294.6; 
567; 0; 1626.3924; 170; 294.8; 
567; 0; 1626.3928; 170; 295; 
567; 0; 1626.3933; 170; 295.2; 
567; 0; 1626.3937; 170; 295.4; 
567; 0; 1626.394; 170; 295.6; 
567; 0; 1626.3943; 170; 295.8; 
567; 0; 1626.3949; 170; 296; 
567; 0; 1626.3954; 170; 296.2; 
567; 0; 1626.396; 170; 296.4; 
567; 0; 1626.3966; 170; 296.6; 
567; 0; 1626.3971; 170; 296.8; 
567; 0; 1626.3975; 170; 297; 
567; 0; 1626.3979; 170; 297.2; 
567; 0; 1626.3984; 170; 297.4; 
567; 0; 1626.3988; 170; 297.6; 
567; 0; 1626.3991; 170; 297.8; 
567; 0; 1626.3994; 170; 298; 
567; 0; 1627.7659; 170; 298.2; 
567; 0; 1627.7681; 170; 298.4; 
567; 0; 1627.7729; 170; 298.6; 
567; 0; 1629.1472; 170; 298.8; 
567; 0; 1629.1606; 170; 299; 
567; 0; 1629.18; 170; 299.2; 
567; 0; 1629.2056; 170; 299.4; 
567; 0; 1630.6014; 170; 299.6; 
567; 0; 1631.9989; 170; 299.8; 
567; 0; 1636.126; 170; 300; 
567; 0; 1640.2479; 170; 300.2; 
567; 0; 1647.0932; 170; 300.4; 
567; 0; 1655.2943; 170; 300.6; 
567; 0; 1663.4853; 170; 300.8; 
567; 0; 1671.7343; 170; 301; 
567; 0; 1680.1797; 170; 301.2; 
567; 0; 1687.2093; 170; 301.4; 
567; 0; 1692.8257; 170; 301.6; 
567; 0; 1698.4425; 170; 301.8; 
567; 0; 1701.2407; 170; 302; 
567; 0; 1704.0439; 170; 302.2; 
567; 0; 1706.8533; 170; 302.4; 
567; 0; 1706.8481; 170; 302.6; 
567; 0; 1708.2603; 170; 302.8; 
567; 0; 1708.2673; 170; 303; 
567; 0; 1708.2785; 170; 303.2; 
567; 0; 1709.7029; 170; 303.4; 
567; 0; 1711.1281; 170; 303.6; 
567; 0; 1712.5523; 170; 303.8; 
567; 0; 1713.9742; 170; 304; 
567; 0; 1716.8036; 170; 304.2; 
567; 0; 1719.6294; 170; 304.4; 
567; 0; 1723.8622; 170; 304.6; 
567; 0; 1726.6809; 170; 304.8; 
567; 0; 1729.4971; 170; 305; 
567; 0; 1730.9008; 170; 305.2; 
567; 0; 1733.6422; 170; 305.4; 
567; 0; 1734.9465; 170; 305.6; 
567; 0; 1736.2518; 170; 305.8; 
567; 0; 1736.2475; 170; 306; 
567; 0; 1736.2451; 170; 306.2; 
567; 0; 1737.5557; 170; 306.4; 
567; 0; 1737.557; 170; 306.6; 
567; 0; 1737.5597; 170; 306.8; 
567; 0; 1737.5635; 170; 307; 
567; 0; 1737.5677; 170; 307.2; 
567; 0; 1737.572; 170; 307.4; 
567; 0; 1738.8869; 170; 307.6; 
567; 0; 1738.8899; 170; 307.8; 
567; 0; 1740.203; 170; 308; 
567; 0; 1741.515; 170; 308.2; 
567; 0; 1741.5149; 170; 308.4; 
567; 0; 1742.825; 170; 308.6; 
567; 0; 1742.8234; 170; 308.8; 
567; 0; 1744.1325; 170; 309; 
567; 0; 1744.1304; 170; 309.2; 
567; 0; 1744.1285; 170; 309.4; 
567; 0; 1744.127; 170; 309.6; 
567; 0; 1744.1261; 170; 309.8; 
567; 0; 1744.1257; 170; 310; 
567; 0; 1744.126; 170; 310.2; 
567; 0; 1744.1268; 170; 310.4; 
567; 0; 1744.128; 170; 310.6; 
567; 0; 1744.1295; 170; 310.8; 
567; 0; 1744.1311; 170; 311; 
567; 0; 1744.1327; 170; 311.2; 
567; 0; 1744.134; 170; 311.4; 
567; 0; 1744.1349; 170; 311.6; 
567; 0; 1745.4466; 170; 311.8; 
567; 0; 1745.4468; 170; 312; 
567; 0; 1745.4468; 170; 312.2; 
567; 0; 1745.4464; 170; 312.4; 
567; 0; 1745.4458; 170; 312.6; 
567; 0; 1745.4453; 170; 312.8; 
567; 0; 1745.4447; 170; 313; 
567; 0; 1745.4443; 170; 313.2; 
567; 0; 1745.444; 170; 313.4; 
567; 0; 1745.4436; 170; 313.6; 
567; 0; 1745.4422; 170; 313.8; 
567; 0; 1746.7496; 170; 314; 
567; 0; 1746.7426; 170; 314.2; 
567; 0; 1746.7316; 170; 314.4; 
567; 0; 1746.7172; 170; 314.6; 
567; 0; 1745.3894; 170; 314.8; 
567; 0; 1744.0613; 170; 315; 
567; 0; 1741.4237; 170; 315.2; 
567; 0; 1737.4781; 170; 315.4; 
567; 0; 1734.848; 170; 315.6; 
567; 0; 1730.7767; 170; 315.8; 
567; 0; 1725.1355; 170; 316; 
567; 0; 1720.9094; 170; 316.2; 
567; 0; 1716.6863; 170; 316.4; 
567; 0; 1711.054; 170; 316.6; 
567; 0; 1706.8326; 170; 316.8; 
567; 0; 1702.61; 170; 317; 
567; 0; 1699.7962; 170; 317.2; 
567; 0; 1696.9798; 170; 317.4; 
567; 0; 1692.7499; 170; 317.6; 
567; 0; 1689.9284; 170; 317.8; 
567; 0; 1687.1051; 170; 318; 
567; 0; 1684.2808; 170; 318.2; 
567; 0; 1682.8668; 170; 318.4; 
567; 0; 1680.0422; 170; 318.6; 
567; 0; 1677.2181; 170; 318.8; 
567; 0; 1674.3948; 170; 319; 
567; 0; 1671.5725; 170; 319.2; 
567; 0; 1668.7637; 170; 319.4; 
567; 0; 1666.0333; 170; 319.6; 
567; 0; 1663.3034; 170; 319.8; 
567; 0; 1660.5739; 170; 320; 
567; 0; 1659.2101; 170; 320.2; 
567; 0; 1656.4806; 170; 320.4; 
567; 0; 1655.1165; 170; 320.6; 
567; 0; 1653.752; 170; 320.8; 
567; 0; 1651.0213; 170; 321; 
567; 0; 1649.6559; 170; 321.2; 
567; 0; 1648.2902; 170; 321.4; 
567; 0; 1646.9243; 170; 321.6; 
567; 0; 1645.5584; 170; 321.8; 
567; 0; 1644.1923; 170; 322; 
567; 0; 1642.8263; 170; 322.2; 
567; 0; 1641.4604; 170; 322.4; 
567; 0; 1640.0947; 170; 322.6; 
567; 0; 1638.7292; 170; 322.8; 
567; 0; 1637.3638; 170; 323; 
567; 0; 1635.9986; 170; 323.2; 
567; 0; 1634.6335; 170; 323.4; 
567; 0; 1634.6339; 170; 323.6; 
567; 0; 1633.2686; 170; 323.8; 
567; 0; 1631.9033; 170; 324; 
567; 0; 1631.9036; 170; 324.2; 
567; 0; 1630.5383; 170; 324.4; 
567; 0; 1630.5386; 170; 324.6; 
567; 0; 1629.1732; 170; 324.8; 
567; 0; 1629.1736; 170; 325; 
567; 0; 1627.8081; 170; 325.2; 
567; 0; 1627.8084; 170; 325.4; 
567; 0; 1626.443; 170; 325.6; 
567; 0; 1626.4433; 170; 325.8; 
567; 0; 1626.4436; 170; 326; 
567; 0; 1625.0782; 170; 326.2; 
567; 0; 1625.0786; 170; 326.4; 
567; 0; 1625.0789; 170; 326.6; 
567; 0; 1623.7134; 170; 326.8; 
567; 0; 1623.7136; 170; 327; 
567; 0; 1623.7138; 170; 327.2; 
567; 0; 1623.7141; 170; 327.4; 
567; 0; 1622.3488; 170; 327.6; 
567; 0; 1622.3491; 170; 327.8; 
567; 0; 1622.3496; 170; 328; 
567; 0; 1622.35; 170; 328.2; 
567; 0; 1622.3504; 170; 328.4; 
567; 0; 1622.3507; 170; 328.6; 
567; 0; 1620.9854; 170; 328.8; 
567; 0; 1620.9858; 170; 329; 
567; 0; 1620.986; 170; 329.2; 
567; 0; 1620.9863; 170; 329.4; 
567; 0; 1620.9867; 170; 329.6; 
567; 0; 1620.9872; 170; 329.8; 
567; 0; 1620.9877; 170; 330; 
567; 0; 1620.9882; 170; 330.2; 
567; 0; 1620.9887; 170; 330.4; 
567; 0; 1620.9892; 170; 330.6; 
567; 0; 1620.9896; 170; 330.8; 
567; 0; 1620.9899; 170; 331; 
567; 0; 1619.6245; 170; 331.2; 
567; 0; 1619.6247; 170; 331.4; 
567; 0; 1619.625; 170; 331.6; 
567; 0; 1619.6252; 170; 331.8; 
567; 0; 1619.6254; 170; 332; 
567; 0; 1619.6258; 170; 332.2; 
567; 0; 1619.6263; 170; 332.4; 
567; 0; 1619.6268; 170; 332.6; 
567; 0; 1619.6271; 170; 332.8; 
567; 0; 1619.6274; 170; 333; 
567; 0; 1619.6277; 170; 333.2; 
567; 0; 1619.6279; 170; 333.4; 
567; 0; 1620.9938; 170; 333.6; 
567; 0; 1620.9941; 170; 333.8; 
567; 0; 1620.9946; 170; 334; 
567; 0; 1620.9951; 170; 334.2; 
567; 0; 1620.9957; 170; 334.4; 
567; 0; 1620.9962; 170; 334.6; 
567; 0; 1620.9967; 170; 334.8; 
567; 0; 1620.997; 170; 335; 
567; 0; 1620.9973; 170; 335.2; 
567; 0; 1620.9975; 170; 335.4; 
567; 0; 1620.9978; 170; 335.6; 
567; 0; 1620.9981; 170; 335.8; 
567; 0; 1620.9985; 170; 336; 
567; 0; 1620.9989; 170; 336.2; 
567; 0; 1620.9993; 170; 336.4; 
567; 0; 1620.9996; 170; 336.6; 
567; 0; 1621.0001; 170; 336.8; 
567; 0; 1621.0005; 170; 337; 
567; 0; 1621.0009; 170; 337.2; 
567; 0; 1621.0012; 170; 337.4; 
567; 0; 1621.0016; 170; 337.6; 
567; 0; 1621.002; 170; 337.8; 
567; 0; 1621.0023; 170; 338; 
567; 0; 1621.0026; 170; 338.2; 
567; 0; 1621.003; 170; 338.4; 
567; 0; 1621.0034; 170; 338.6; 
567; 0; 1622.3693; 170; 338.8; 
567; 0; 1622.3695; 170; 339; 
567; 0; 1622.3697; 170; 339.2; 
567; 0; 1622.37; 170; 339.4; 
567; 0; 1622.3703; 170; 339.6; 
567; 0; 1622.3706; 170; 339.8; 
567; 0; 1622.3709; 170; 340; 
567; 0; 1622.3713; 170; 340.2; 
567; 0; 1622.3716; 170; 340.4; 
567; 0; 1622.372; 170; 340.6; 
567; 0; 1622.3725; 170; 340.8; 
567; 0; 1622.373; 170; 341; 
567; 0; 1622.3735; 170; 341.2; 
567; 0; 1622.3739; 170; 341.4; 
567; 0; 1622.3743; 170; 341.6; 
567; 0; 1622.3746; 170; 341.8; 
567; 0; 1622.375; 170; 342; 
567; 0; 1622.3754; 170; 342.2; 
567; 0; 1623.7414; 170; 342.4; 
567; 0; 1623.7417; 170; 342.6; 
567; 0; 1623.742; 170; 342.8; 
567; 0; 1623.7423; 170; 343; 
567; 0; 1623.7426; 170; 343.2; 
567; 0; 1625.1087; 170; 343.4; 
567; 0; 1625.109; 170; 343.6; 
567; 0; 1626.4754; 170; 343.8; 
567; 0; 1626.4772; 170; 344; 
567; 0; 1627.8467; 170; 344.2; 
567; 0; 1627.8534; 170; 344.4; 
567; 0; 1629.2297; 170; 344.6; 
567; 0; 1629.2456; 170; 344.8; 
567; 0; 1629.2677; 170; 345; 
567; 0; 1629.2955; 170; 345.2; 
567; 0; 1630.6922; 170; 345.4; 
567; 0; 1633.4548; 170; 345.6; 
567; 0; 1637.5795; 170; 345.8; 
567; 0; 1643.0634; 170; 346; 
567; 0; 1649.9039; 170; 346.2; 
567; 0; 1658.1; 170; 346.4; 
567; 0; 1666.286; 170; 346.6; 
567; 0; 1674.6171; 170; 346.8; 
567; 0; 1683.0595; 170; 347; 
567; 0; 1688.6766; 170; 347.2; 
567; 0; 1694.2929; 170; 347.4; 
567; 0; 1698.5001; 170; 347.6; 
567; 0; 1701.3006; 170; 347.8; 
567; 0; 1704.1069; 170; 348; 
567; 0; 1705.5093; 170; 348.2; 
567; 0; 1705.5078; 170; 348.4; 
567; 0; 1706.9232; 170; 348.6; 
567; 0; 1706.9328; 170; 348.8; 
567; 0; 1706.9456; 170; 349; 
567; 0; 1708.3705; 170; 349.2; 
567; 0; 1709.7951; 170; 349.4; 
567; 0; 1711.2177; 170; 349.6; 
567; 0; 1714.0482; 170; 349.8; 
567; 0; 1716.8751; 170; 350; 
567; 0; 1719.6983; 170; 350.2; 
567; 0; 1722.5181; 170; 350.4; 
567; 0; 1725.335; 170; 350.6; 
567; 0; 1728.15; 170; 350.8; 
567; 0; 1729.5532; 170; 351; 
567; 0; 1730.9564; 170; 351.2; 
567; 0; 1732.3605; 170; 351.4; 
567; 0; 1733.6894; 170; 351.6; 
567; 0; 1733.6845; 170; 351.8; 
567; 0; 1734.9907; 170; 352; 
567; 0; 1734.9853; 170; 352.2; 
567; 0; 1734.9791; 170; 352.4; 
567; 0; 1734.9722; 170; 352.6; 
567; 0; 1733.6537; 170; 352.8; 
567; 0; 1733.6464; 170; 353; 
567; 0; 1732.3012; 170; 353.2; 
567; 0; 1729.4737; 170; 353.4; 
567; 0; 1728.0587; 170; 353.6; 
567; 0; 1725.2349; 170; 353.8; 
567; 0; 1722.4132; 170; 354; 
567; 0; 1719.5934; 170; 354.2; 
567; 0; 1715.3643; 170; 354.4; 
567; 0; 1712.547; 170; 354.6; 
567; 0; 1709.7301; 170; 354.8; 
567; 0; 1706.9131; 170; 355; 
567; 0; 1704.0953; 170; 355.2; 
567; 0; 1702.6872; 170; 355.4; 
567; 0; 1699.8672; 170; 355.6; 
567; 0; 1697.0459; 170; 355.8; 
567; 0; 1695.6342; 170; 356; 
567; 0; 1692.811; 170; 356.2; 
567; 0; 1691.3981; 170; 356.4; 
567; 0; 1688.5743; 170; 356.6; 
567; 0; 1685.7506; 170; 356.8; 
567; 0; 1684.338; 170; 357; 
567; 0; 1681.5153; 170; 357.2; 
567; 0; 1678.6932; 170; 357.4; 
567; 0; 1677.2824; 170; 357.6; 
567; 0; 1674.4613; 170; 357.8; 
567; 0; 1673.0512; 170; 358; 
567; 0; 1670.2306; 170; 358.2; 
567; 0; 1668.8376; 170; 358.4; 
567; 0; 1666.1071; 170; 358.6; 
567; 0; 1664.742; 170; 358.8; 
567; 0; 1663.3766; 170; 359; 
567; 0; 1662.011; 170; 359.2; 
567; 0; 1659.2793; 170; 359.4; 
567; 0; 1657.9132; 170; 359.6; 
567; 0; 1656.547; 170; 359.8; 
567; 0; 1655.1808; 170; 360; 
567; 0; 1653.8147; 170; 360.2; 
567; 0; 1652.4486; 170; 360.4; 
567; 0; 1651.0827; 170; 360.6; 
567; 0; 1649.7169; 170; 360.8; 
567; 0; 1648.3512; 170; 361; 
567; 0; 1646.9856; 170; 361.2; 
567; 0; 1645.6201; 170; 361.4; 
567; 0; 1645.6203; 170; 361.6; 
567; 0; 1644.2549; 170; 361.8; 
567; 0; 1642.8894; 170; 362; 
567; 0; 1641.5239; 170; 362.2; 
567; 0; 1640.1584; 170; 362.4; 
567; 0; 1640.1586; 170; 362.6; 
567; 0; 1638.793; 170; 362.8; 
567; 0; 1638.7931; 170; 363; 
567; 0; 1637.4274; 170; 363.2; 
567; 0; 1636.0617; 170; 363.4; 
567; 0; 1636.0617; 170; 363.6; 
567; 0; 1634.6959; 170; 363.8; 
567; 0; 1634.6959; 170; 364; 
567; 0; 1633.3303; 170; 364.2; 
567; 0; 1633.3305; 170; 364.4; 
567; 0; 1631.9651; 170; 364.6; 
567; 0; 1631.9655; 170; 364.8; 
567; 0; 1630.6001; 170; 365; 
567; 0; 1630.6003; 170; 365.2; 
567; 0; 1630.6004; 170; 365.4; 
567; 0; 1629.2347; 170; 365.6; 
567; 0; 1629.2347; 170; 365.8; 
567; 0; 1629.2348; 170; 366; 
567; 0; 1627.8691; 170; 366.2; 
567; 0; 1627.8693; 170; 366.4; 
567; 0; 1627.8694; 170; 366.6; 
567; 0; 1626.5039; 170; 366.8; 
567; 0; 1626.5041; 170; 367; 
567; 0; 1626.5044; 170; 367.2; 
567; 0; 1626.5047; 170; 367.4; 
567; 0; 1625.1395; 170; 367.6; 
567; 0; 1625.14; 170; 367.8; 
567; 0; 1625.1405; 170; 368; 
567; 0; 1625.1407; 170; 368.2; 
567; 0; 1623.7752; 170; 368.4; 
567; 0; 1623.7753; 170; 368.6; 
567; 0; 1623.7756; 170; 368.8; 
567; 0; 1623.7758; 170; 369; 
567; 0; 1623.7761; 170; 369.2; 
567; 0; 1623.7763; 170; 369.4; 
567; 0; 1623.7765; 170; 369.6; 
567; 0; 1622.411; 170; 369.8; 
567; 0; 1622.4112; 170; 370; 
567; 0; 1622.4115; 170; 370.2; 
567; 0; 1622.4118; 170; 370.4; 
567; 0; 1622.4122; 170; 370.6; 
567; 0; 1622.4125; 170; 370.8; 
567; 0; 1622.4129; 170; 371; 
567; 0; 1622.4132; 170; 371.2; 
567; 0; 1622.4134; 170; 371.4; 
567; 0; 1622.4136; 170; 371.6; 
567; 0; 1622.4138; 170; 371.8; 
567; 0; 1622.4141; 170; 372; 
567; 0; 1622.4143; 170; 372.2; 
567; 0; 1622.4145; 170; 372.4; 
567; 0; 1621.049; 170; 372.6; 
567; 0; 1621.0493; 170; 372.8; 
567; 0; 1621.0495; 170; 373; 
567; 0; 1621.0499; 170; 373.2; 
567; 0; 1621.0503; 170; 373.4; 
567; 0; 1621.0509; 170; 373.6; 
567; 0; 1621.0514; 170; 373.8; 
567; 0; 1621.0517; 170; 374; 
567; 0; 1621.052; 170; 374.2; 
567; 0; 1621.0522; 170; 374.4; 
567; 0; 1621.0523; 170; 374.6; 
567; 0; 1621.0524; 170; 374.8; 
567; 0; 1621.0527; 170; 375; 
567; 0; 1621.053; 170; 375.2; 
567; 0; 1621.0533; 170; 375.4; 
567; 0; 1621.0535; 170; 375.6; 
567; 0; 1621.0537; 170; 375.8; 
567; 0; 1621.054; 170; 376; 
567; 0; 1621.0543; 170; 376.2; 
567; 0; 1621.0546; 170; 376.4; 
567; 0; 1621.055; 170; 376.6; 
567; 0; 1621.0554; 170; 376.8; 
567; 0; 1621.0556; 170; 377; 
567; 0; 1622.4215; 170; 377.2; 
567; 0; 1622.4217; 170; 377.4; 
567; 0; 1622.4218; 170; 377.6; 
567; 0; 1622.4221; 170; 377.8; 
567; 0; 1622.4225; 170; 378; 
567; 0; 1622.4229; 170; 378.2; 
567; 0; 1622.4233; 170; 378.4; 
567; 0; 1622.4237; 170; 378.6; 
567; 0; 1622.4239; 170; 378.8; 
567; 0; 1623.7897; 170; 379; 
567; 0; 1623.7898; 170; 379.2; 
567; 0; 1623.79; 170; 379.4; 
567; 0; 1623.7901; 170; 379.6; 
567; 0; 1623.7904; 170; 379.8; 
567; 0; 1623.7908; 170; 380; 
567; 0; 1623.7913; 170; 380.2; 
567; 0; 1625.1575; 170; 380.4; 
567; 0; 1625.1581; 170; 380.6; 
567; 0; 1625.1586; 170; 380.8; 
567; 0; 1625.1589; 170; 381; 
567; 0; 1625.1592; 170; 381.2; 
567; 0; 1625.1595; 170; 381.4; 
567; 0; 1625.1596; 170; 381.6; 
567; 0; 1626.5254; 170; 381.8; 
567; 0; 1626.5256; 170; 382; 
567; 0; 1626.5258; 170; 382.2; 
567; 0; 1626.5261; 170; 382.4; 
567; 0; 1626.5263; 170; 382.6; 
567; 0; 1626.5266; 170; 382.8; 
567; 0; 1626.5268; 170; 383; 
567; 0; 1626.5271; 170; 383.2; 
567; 0; 1626.5273; 170; 383.4; 
567; 0; 1626.5276; 170; 383.6; 
567; 0; 1626.5279; 170; 383.8; 
567; 0; 1626.5281; 170; 384; 
567; 0; 1626.5283; 170; 384.2; 
567; 0; 1626.5286; 170; 384.4; 
567; 0; 1626.529; 170; 384.6; 
567; 0; 1626.5294; 170; 384.8; 
567; 0; 1626.5297; 170; 385; 
567; 0; 1626.53; 170; 385.2; 
567; 0; 1626.5303; 170; 385.4; 
567; 0; 1627.8962; 170; 385.6; 
567; 0; 1627.8963; 170; 385.8; 
567; 0; 1627.8965; 170; 386; 
567; 0; 1627.8967; 170; 386.2; 
567; 0; 1627.8969; 170; 386.4; 
567; 0; 1627.8971; 170; 386.6; 
567; 0; 1627.8975; 170; 386.8; 
567; 0; 1627.8978; 170; 387; 
567; 0; 1627.8982; 170; 387.2; 
567; 0; 1627.8984; 170; 387.4; 
567; 0; 1627.8986; 170; 387.6; 
567; 0; 1627.8988; 170; 387.8; 
567; 0; 1627.8989; 170; 388; 
567; 0; 1627.8991; 170; 388.2; 
567; 0; 1627.8994; 170; 388.4; 
567; 0; 1627.8997; 170; 388.6; 
567; 0; 1627.8999; 170; 388.8; 
567; 0; 1627.9001; 170; 389; 
567; 0; 1627.9004; 170; 389.2; 
567; 0; 1627.9007; 170; 389.4; 
567; 0; 1627.901; 170; 389.6; 
567; 0; 1627.9014; 170; 389.8; 
567; 0; 1626.5361; 170; 390; 
567; 0; 1626.5365; 170; 390.2; 
567; 0; 1626.5368; 170; 390.4; 
567; 0; 1626.537; 170; 390.6; 
567; 0; 1626.5372; 170; 390.8; 
567; 0; 1626.5376; 170; 391; 
567; 0; 1626.538; 170; 391.2; 
567; 0; 1626.5381; 170; 391.4; 
567; 0; 1626.5382; 170; 391.6; 
567; 0; 1626.5384; 170; 391.8; 
567; 0; 1627.9041; 170; 392; 
567; 0; 1627.9042; 170; 392.2; 
567; 0; 1627.9043; 170; 392.4; 
567; 0; 1627.9045; 170; 392.6; 
567; 0; 1627.9048; 170; 392.8; 
567; 0; 1627.9052; 170; 393; 
567; 0; 1627.9054; 170; 393.2; 
567; 0; 1627.9056; 170; 393.4; 
567; 0; 1627.9058; 170; 393.6; 
567; 0; 1627.906; 170; 393.8; 
567; 0; 1627.9064; 170; 394; 
567; 0; 1627.9067; 170; 394.2; 
567; 0; 1627.907; 170; 394.4; 
567; 0; 1627.9073; 170; 394.6; 
567; 0; 1626.5419; 170; 394.8; 
567; 0; 1626.5421; 170; 395; 
567; 0; 1626.5423; 170; 395.2; 
567; 0; 1626.5424; 170; 395.4; 
567; 0; 1626.5425; 170; 395.6; 
567; 0; 1626.5427; 170; 395.8; 
567; 0; 1626.543; 170; 396; 
567; 0; 1626.5433; 170; 396.2; 
567; 0; 1626.5436; 170; 396.4; 
567; 0; 1626.544; 170; 396.6; 
567; 0; 1626.5443; 170; 396.8; 
567; 0; 1626.5446; 170; 397; 
567; 0; 1626.5448; 170; 397.2; 
567; 0; 1626.545; 170; 397.4; 
567; 0; 1626.5453; 170; 397.6; 
567; 0; 1626.5456; 170; 397.8; 
567; 0; 1627.9115; 170; 398; 
567; 0; 1627.9117; 170; 398.2; 
567; 0; 1627.9119; 170; 398.4; 
567; 0; 1627.9121; 170; 398.6; 
567; 0; 1627.9124; 170; 398.8; 
567; 0; 1627.9127; 170; 399; 
567; 0; 1627.9128; 170; 399.2; 
567; 0; 1627.9128; 170; 399.4; 
567; 0; 1627.9127; 170; 399.6; 
567; 0; 1627.9127; 170; 399.8; 
567; 0; 1627.913; 170; 400; 
567; 0; 1627.9134; 170; 400.2; 
567; 0; 1626.5481; 170; 400.4; 
567; 0; 1626.5486; 170; 400.6; 
567; 0; 1626.5489; 170; 400.8; 
567; 0; 1626.5492; 170; 401; 
567; 0; 1626.5495; 170; 401.2; 
567; 0; 1626.5498; 170; 401.4; 
567; 0; 1626.5501; 170; 401.6; 
567; 0; 1626.5505; 170; 401.8; 
567; 0; 1626.5508; 170; 402; 
567; 0; 1626.5511; 170; 402.2; 
567; 0; 1626.5513; 170; 402.4; 
567; 0; 1626.5514; 170; 402.6; 
567; 0; 1626.5516; 170; 402.8; 
567; 0; 1626.5517; 170; 403; 
567; 0; 1626.5518; 170; 403.2; 
567; 0; 1626.5519; 170; 403.4; 
567; 0; 1626.5521; 170; 403.6; 
567; 0; 1626.5521; 170; 403.8; 
567; 0; 1626.5522; 170; 404; 
567; 0; 1626.5523; 170; 404.2; 
567; 0; 1626.5524; 170; 404.4; 
567; 0; 1626.5526; 170; 404.6; 
567; 0; 1626.553; 170; 404.8; 
567; 0; 1626.5534; 170; 405; 
567; 0; 1626.5538; 170; 405.2; 
567; 0; 1626.5542; 170; 405.4; 
567; 0; 1626.5546; 170; 405.6; 
567; 0; 1626.5551; 170; 405.8; 
567; 0; 1626.5554; 170; 406; 
567; 0; 1627.9213; 170; 406.2; 
567; 0; 1627.9214; 170; 406.4; 
567; 0; 1627.9214; 170; 406.6; 
567; 0; 1627.9215; 170; 406.8; 
567; 0; 1627.9216; 170; 407; 
567; 0; 1627.9217; 170; 407.2; 
567; 0; 1627.9219; 170; 407.4; 
567; 0; 1627.9222; 170; 407.6; 
567; 0; 1626.5569; 170; 407.8; 
567; 0; 1626.5572; 170; 408; 
567; 0; 1626.5576; 170; 408.2; 
567; 0; 1626.5579; 170; 408.4; 
567; 0; 1626.5582; 170; 408.6; 
567; 0; 1626.5584; 170; 408.8; 
567; 0; 1626.5586; 170; 409; 
567; 0; 1626.5588; 170; 409.2; 
567; 0; 1626.5589; 170; 409.4; 
567; 0; 1626.5591; 170; 409.6; 
567; 0; 1626.5592; 170; 409.8; 
567; 0; 1626.5593; 170; 410; 
567; 0; 1626.5596; 170; 410.2; 
567; 0; 1626.5598; 170; 410.4; 
567; 0; 1626.56; 170; 410.6; 
567; 0; 1626.5602; 170; 410.8; 
567; 0; 1626.5604; 170; 411; 
567; 0; 1612.9036; 170; 411.2; 
567; 0; 1325.438; 170; 411.4; 
567; 0; 1010.3184; 170; 411.6; 
567; 0; 977.7894; 170; 411.8; 
567; 0; 977.7897; 170; 412; 
567; 0; 977.7902; 170; 412.2; 
567; 0; 977.7907; 170; 412.4; 
567; 0; 977.7912; 170; 412.6; 
567; 0; 977.7918; 170; 412.8; 
567; 0; 977.7924; 170; 413; 
567; 0; 977.7931; 170; 413.2; 
567; 0; 977.7941; 170; 413.4; 
567; 0; 977.7952; 170; 413.6; 
567; 0; 977.7964; 170; 413.8; 
567; 0; 977.7978; 170; 414; 
567; 0; 977.7993; 170; 414.2; 
567; 0; 977.8009; 170; 414.4; 
567; 0; 977.8025; 170; 414.6; 
567; 0; 977.8041; 170; 414.8; 
567; 0; 977.8058; 170; 415; 
567; 0; 977.8076; 170; 415.2; 
567; 0; 977.8096; 170; 415.4; 
567; 0; 977.8118; 170; 415.6; 
567; 0; 977.8141; 170; 415.8; 
567; 0; 977.8164; 170; 416; 
567; 0; 970.1839; 170; 416.2; 
567; 0; 970.1864; 170; 416.4; 
567; 0; 970.189; 170; 416.6; 
567; 0; 970.1916; 170; 416.8; 
567; 0; 970.1943; 170; 417; 
567; 0; 970.197; 170; 417.2; 
567; 0; 970.1997; 170; 417.4; 
567; 0; 970.2021; 170; 417.6; 
567; 0; 970.2044; 170; 417.8; 
567; 0; 970.2066; 170; 418; 
567; 0; 970.209; 170; 418.2; 
567; 0; 970.2114; 170; 418.4; 
567; 0; 970.2138; 170; 418.6; 
567; 0; 970.2162; 170; 418.8; 
567; 0; 970.2187; 170; 419; 
567; 0; 970.2213; 170; 419.2; 
567; 0; 970.2237; 170; 419.4; 
567; 0; 970.2262; 170; 419.6; 
567; 0; 970.2288; 170; 419.8; 
567; 0; 970.2314; 170; 420; 
567; 0; 970.234; 170; 420.2; 
567; 0; 962.884; 170; 420.4; 
567; 0; 962.8864; 170; 420.6; 
567; 0; 962.8887; 170; 420.8; 
567; 0; 962.8911; 170; 421; 
567; 0; 962.8934; 170; 421.2; 
567; 0; 962.8955; 170; 421.4; 
567; 0; 962.8976; 170; 421.6; 
567; 0; 962.8997; 170; 421.8; 
567; 0; 962.9018; 170; 422; 
567; 0; 962.9041; 170; 422.2; 
567; 0; 962.9063; 170; 422.4; 
567; 0; 962.9085; 170; 422.6; 
567; 0; 962.9108; 170; 422.8; 
567; 0; 962.9133; 170; 423; 
567; 0; 962.9158; 170; 423.2; 
567; 0; 962.9182; 170; 423.4; 
567; 0; 962.9205; 170; 423.6; 
567; 0; 962.9227; 170; 423.8; 
567; 0; 962.9248; 170; 424; 
567; 0; 962.9269; 170; 424.2; 
567; 0; 962.9291; 170; 424.4; 
567; 0; 962.9313; 170; 424.6; 
567; 0; 962.9334; 170; 424.8; 
567; 0; 955.8648; 170; 425; 
567; 0; 955.8671; 170; 425.2; 
567; 0; 955.8693; 170; 425.4; 
567; 0; 955.8716; 170; 425.6; 
567; 0; 955.8736; 170; 425.8; 
567; 0; 955.8756; 170; 426; 
567; 0; 955.8776; 170; 426.2; 
567; 0; 955.8795; 170; 426.4; 
567; 0; 955.8814; 170; 426.6; 
567; 0; 955.8832; 170; 426.8; 
567; 0; 955.8852; 170; 427; 
567; 0; 955.8873; 170; 427.2; 
567; 0; 955.8896; 170; 427.4; 
567; 0; 955.8918; 170; 427.6; 
567; 0; 955.894; 170; 427.8; 
567; 0; 955.8961; 170; 428; 
567; 0; 955.8982; 170; 428.2; 
567; 0; 955.9002; 170; 428.4; 
567; 0; 955.9021; 170; 428.6; 
567; 0; 955.904; 170; 428.8; 
567; 0; 955.9058; 170; 429; 
567; 0; 955.9077; 170; 429.2; 
567; 0; 955.9098; 170; 429.4; 
567; 0; 955.9118; 170; 429.6; 
567; 0; 955.9137; 170; 429.8; 
567; 0; 946.776; 170; 430; 
567; 0; 946.7779; 170; 430.2; 
567; 0; 946.7797; 170; 430.4; 
567; 0; 946.7815; 170; 430.6; 
567; 0; 946.7833; 170; 430.8; 
567; 0; 946.7851; 170; 431; 
567; 0; 946.787; 170; 431.2; 
567; 0; 946.7888; 170; 431.4; 
567; 0; 946.7905; 170; 431.6; 
567; 0; 946.7924; 170; 431.8; 
567; 0; 946.7942; 170; 432; 
567; 0; 946.7959; 170; 432.2; 
567; 0; 946.7977; 170; 432.4; 
567; 0; 946.7996; 170; 432.6; 
567; 0; 946.8014; 170; 432.8; 
567; 0; 946.8032; 170; 433; 
567; 0; 946.805; 170; 433.2; 
567; 0; 946.8068; 170; 433.4; 
567; 0; 946.8087; 170; 433.6; 
567; 0; 946.8104; 170; 433.8; 
567; 0; 946.8121; 170; 434; 
567; 0; 946.8137; 170; 434.2; 
567; 0; 946.8153; 170; 434.4; 
567; 0; 946.817; 170; 434.6; 
567; 0; 946.8188; 170; 434.8; 
567; 0; 946.8207; 170; 435; 
567; 0; 946.8225; 170; 435.2; 
567; 0; 946.8243; 170; 435.4; 
567; 0; 938.0159; 170; 435.6; 
567; 0; 938.0176; 170; 435.8; 
567; 0; 938.0193; 170; 436; 
567; 0; 938.0209; 170; 436.2; 
567; 0; 938.0224; 170; 436.4; 
567; 0; 939.6087; 170; 436.6; 
567; 0; 955.4589; 170; 436.8; 
567; 0; 972.8939; 170; 437; 
567; 0; 988.7441; 170; 437.2; 
567; 0; 1006.1794; 170; 437.4; 
567; 0; 1022.0299; 170; 437.6; 
567; 0; 1037.8804; 170; 437.8; 
567; 0; 1053.7308; 170; 438; 
567; 0; 1069.5811; 170; 438.2; 
567; 0; 1083.6466; 170; 438.4; 
567; 0; 1097.5053; 170; 438.6; 
567; 0; 1111.3639; 170; 438.8; 
567; 0; 1123.6829; 170; 439; 
567; 0; 1136.0019; 170; 439.2; 
567; 0; 1148.321; 170; 439.4; 
567; 0; 1159.1002; 170; 439.6; 
567; 0; 1169.8794; 170; 439.8; 
567; 0; 1179.1188; 170; 440; 
567; 0; 1188.3581; 170; 440.2; 
567; 0; 1197.5976; 170; 440.4; 
567; 0; 1206.8369; 170; 440.6; 
567; 0; 1214.5369; 170; 440.8; 
567; 0; 1222.2381; 170; 441; 
567; 0; 1229.9415; 170; 441.2; 
567; 0; 1237.6484; 170; 441.4; 
567; 0; 1244.2415; 170; 441.6; 
567; 0; 1249.2266; 170; 441.8; 
567; 0; 1255.8747; 170; 442; 
567; 0; 1260.4779; 170; 442.2; 
567; 0; 1266.4244; 170; 442.4; 
567; 0; 1272.373; 170; 442.6; 
567; 0; 1279.7978; 170; 442.8; 
567; 0; 1290.1733; 170; 443; 
567; 0; 1300.5401; 170; 443.2; 
567; 0; 1313.8522; 170; 443.4; 
567; 0; 1327.1527; 170; 443.6; 
567; 0; 1330.6375; 170; 443.8; 
567; 0; 1343.8579; 170; 444; 
567; 0; 1355.5995; 170; 444.2; 
567; 0; 1365.8653; 170; 444.4; 
567; 0; 1373.1873; 170; 444.6; 
567; 0; 1380.5111; 170; 444.8; 
567; 0; 1384.8968; 170; 445; 
567; 0; 1387.8179; 170; 445.2; 
567; 0; 1390.7469; 170; 445.4; 
567; 0; 1392.2128; 170; 445.6; 
567; 0; 1392.2154; 170; 445.8; 
567; 0; 1393.6959; 170; 446; 
567; 0; 1393.7101; 170; 446.2; 
567; 0; 1395.1984; 170; 446.4; 
567; 0; 1396.6875; 170; 446.6; 
567; 0; 1399.6469; 170; 446.8; 
567; 0; 1402.6035; 170; 447; 
567; 0; 1405.5563; 170; 447.2; 
567; 0; 1409.9761; 170; 447.4; 
567; 0; 1412.92; 170; 447.6; 
567; 0; 1417.3311; 170; 447.8; 
567; 0; 1420.2676; 170; 448; 
567; 0; 1423.2018; 170; 448.2; 
567; 0; 1426.1348; 170; 448.4; 
567; 0; 1427.5964; 170; 448.6; 
567; 0; 1429.0591; 170; 448.8; 
567; 0; 1430.5234; 170; 449; 
567; 0; 1430.5186; 170; 449.2; 
567; 0; 1431.9875; 170; 449.4; 
567; 0; 1431.9875; 170; 449.6; 
567; 0; 1431.9895; 170; 449.8; 
567; 0; 1431.9932; 170; 450; 
567; 0; 1431.9978; 170; 450.2; 
567; 0; 1432.0029; 170; 450.4; 
567; 0; 1432.0077; 170; 450.6; 
567; 0; 1433.4824; 170; 450.8; 
567; 0; 1433.4826; 170; 451; 
567; 0; 1434.9494; 170; 451.2; 
567; 0; 1436.4104; 170; 451.4; 
567; 0; 1437.8653; 170; 451.6; 
567; 0; 1437.8439; 170; 451.8; 
567; 0; 1437.8194; 170; 452; 
567; 0; 1436.323; 170; 452.2; 
567; 0; 1433.3586; 170; 452.4; 
567; 0; 1428.9274; 170; 452.6; 
567; 0; 1424.5022; 170; 452.8; 
567; 0; 1420.0836; 170; 453; 
567; 0; 1414.2001; 170; 453.2; 
567; 0; 1408.3225; 170; 453.4; 
567; 0; 1402.4492; 170; 453.6; 
567; 0; 1398.0498; 170; 453.8; 
567; 0; 1393.6512; 170; 454; 
567; 0; 1389.2524; 170; 454.2; 
567; 0; 1386.3223; 170; 454.4; 
567; 0; 1383.3886; 170; 454.6; 
567; 0; 1380.4508; 170; 454.8; 
567; 0; 1378.9805; 170; 455; 
567; 0; 1376.0357; 170; 455.2; 
567; 0; 1374.56; 170; 455.4; 
567; 0; 1371.6117; 170; 455.6; 
567; 0; 1370.1345; 170; 455.8; 
567; 0; 1368.6578; 170; 456; 
567; 0; 1365.7107; 170; 456.2; 
567; 0; 1364.2363; 170; 456.4; 
567; 0; 1361.2922; 170; 456.6; 
567; 0; 1359.8208; 170; 456.8; 
567; 0; 1356.8792; 170; 457; 
567; 0; 1355.4098; 170; 457.2; 
567; 0; 1352.4697; 170; 457.4; 
567; 0; 1351.001; 170; 457.6; 
567; 0; 1349.5321; 170; 457.8; 
567; 0; 1348.0627; 170; 458; 
567; 0; 1346.5926; 170; 458.2; 
567; 0; 1345.1218; 170; 458.4; 
567; 0; 1345.1217; 170; 458.6; 
567; 0; 1343.6499; 170; 458.8; 
567; 0; 1342.1779; 170; 459; 
567; 0; 1342.1769; 170; 459.2; 
567; 0; 1340.7046; 170; 459.4; 
567; 0; 1340.7038; 170; 459.6; 
567; 0; 1339.2316; 170; 459.8; 
567; 0; 1339.231; 170; 460; 
567; 0; 1337.7592; 170; 460.2; 
567; 0; 1337.759; 170; 460.4; 
567; 0; 1336.2876; 170; 460.6; 
567; 0; 1336.2877; 170; 460.8; 
567; 0; 1334.8165; 170; 461; 
567; 0; 1334.8166; 170; 461.2; 
567; 0; 1334.8165; 170; 461.4; 
567; 0; 1333.345; 170; 461.6; 
567; 0; 1333.3448; 170; 461.8; 
567; 0; 1333.3446; 170; 462; 
567; 0; 1331.8732; 170; 462.2; 
567; 0; 1331.8731; 170; 462.4; 
567; 0; 1331.8729; 170; 462.6; 
567; 0; 1331.8728; 170; 462.8; 
567; 0; 1330.4013; 170; 463; 
567; 0; 1330.4011; 170; 463.2; 
567; 0; 1330.4009; 170; 463.4; 
567; 0; 1330.4007; 170; 463.6; 
567; 0; 1328.9292; 170; 463.8; 
567; 0; 1328.9292; 170; 464; 
567; 0; 1328.9291; 170; 464.2; 
567; 0; 1328.929; 170; 464.4; 
567; 0; 1328.9289; 170; 464.6; 
567; 0; 1328.9287; 170; 464.8; 
567; 0; 1328.9285; 170; 465; 
567; 0; 1327.457; 170; 465.2; 
567; 0; 1327.4568; 170; 465.4; 
567; 0; 1327.4567; 170; 465.6; 
567; 0; 1327.4567; 170; 465.8; 
567; 0; 1327.4566; 170; 466; 
567; 0; 1327.4566; 170; 466.2; 
567; 0; 1327.4565; 170; 466.4; 
567; 0; 1327.4564; 170; 466.6; 
567; 0; 1327.4562; 170; 466.8; 
567; 0; 1325.9847; 170; 467; 
567; 0; 1325.9845; 170; 467.2; 
567; 0; 1325.9843; 170; 467.4; 
567; 0; 1325.9842; 170; 467.6; 
567; 0; 1325.984; 170; 467.8; 
567; 0; 1335.7677; 170; 468; 
567; 0; 1335.7676; 170; 468.2; 
567; 0; 1335.7674; 170; 468.4; 
567; 0; 1335.7673; 170; 468.6; 
567; 0; 1335.7673; 170; 468.8; 
567; 0; 1334.2893; 170; 469; 
567; 0; 1334.2892; 170; 469.2; 
567; 0; 1334.2891; 170; 469.4; 
567; 0; 1332.8111; 170; 469.6; 
567; 0; 1332.8111; 170; 469.8; 
567; 0; 1332.8111; 170; 470; 
567; 0; 1331.3331; 170; 470.2; 
567; 0; 1331.3331; 170; 470.4; 
567; 0; 1329.8551; 170; 470.6; 
567; 0; 1329.855; 170; 470.8; 
567; 0; 1328.3768; 170; 471; 
567; 0; 1328.3766; 170; 471.2; 
567; 0; 1328.3763; 170; 471.4; 
567; 0; 1326.8981; 170; 471.6; 
567; 0; 1326.8979; 170; 471.8; 
567; 0; 1325.4197; 170; 472; 
567; 0; 1325.4195; 170; 472.2; 
567; 0; 1325.4193; 170; 472.4; 
567; 0; 1323.9413; 170; 472.6; 
567; 0; 1323.9414; 170; 472.8; 
567; 0; 1322.4636; 170; 473; 
567; 0; 1322.4636; 170; 473.2; 
567; 0; 1322.4636; 170; 473.4; 
567; 0; 1322.4634; 170; 473.6; 
567; 0; 1320.9853; 170; 473.8; 
567; 0; 1320.9851; 170; 474; 
567; 0; 1320.9848; 170; 474.2; 
567; 0; 1320.9845; 170; 474.4; 
567; 0; 1320.9842; 170; 474.6; 
567; 0; 1319.5061; 170; 474.8; 
567; 0; 1319.506; 170; 475; 
567; 0; 1319.5059; 170; 475.2; 
567; 0; 1319.5062; 170; 475.4; 
567; 0; 1319.5075; 170; 475.6; 
567; 0; 1320.989; 170; 475.8; 
567; 0; 1320.9963; 170; 476; 
567; 0; 1321.0086; 170; 476.2; 
567; 0; 1319.5495; 170; 476.4; 
567; 0; 1319.5757; 170; 476.6; 
567; 0; 1319.6081; 170; 476.8; 
567; 0; 1321.1219; 170; 477; 
567; 0; 1324.1135; 170; 477.2; 
567; 0; 1330.0571; 170; 477.4; 
567; 0; 1327.68; 170; 477.6; 
567; 0; 1336.5226; 170; 477.8; 
567; 0; 1345.354; 170; 478; 
567; 0; 1357.1167; 170; 478.2; 
567; 0; 1367.3979; 170; 478.4; 
567; 0; 1377.6709; 170; 478.6; 
567; 0; 1384.9958; 170; 478.8; 
567; 0; 1392.3184; 170; 479; 
567; 0; 1398.1704; 170; 479.2; 
567; 0; 1401.0833; 170; 479.4; 
567; 0; 1404.002; 170; 479.6; 
567; 0; 1405.4568; 170; 479.8; 
567; 0; 1405.4485; 170; 480; 
567; 0; 1405.4481; 170; 480.2; 
567; 0; 1405.4549; 170; 480.4; 
567; 0; 1405.4672; 170; 480.6; 
567; 0; 1405.4829; 170; 480.8; 
567; 0; 1405.5; 170; 481; 
567; 0; 1406.9879; 170; 481.2; 
567; 0; 1408.4738; 170; 481.4; 
567; 0; 1411.4275; 170; 481.6; 
567; 0; 1414.3771; 170; 481.8; 
567; 0; 1417.3222; 170; 482; 
567; 0; 1421.7346; 170; 482.2; 
567; 0; 1424.6721; 170; 482.4; 
567; 0; 1426.1357; 170; 482.6; 
567; 0; 1429.0691; 170; 482.8; 
567; 0; 1430.5308; 170; 483; 
567; 0; 1431.9931; 170; 483.2; 
567; 0; 1431.9855; 170; 483.4; 
567; 0; 1431.98; 170; 483.6; 
567; 0; 1431.977; 170; 483.8; 
567; 0; 1431.9764; 170; 484; 
567; 0; 1431.9779; 170; 484.2; 
567; 0; 1431.9812; 170; 484.4; 
567; 0; 1431.9857; 170; 484.6; 
567; 0; 1431.9908; 170; 484.8; 
567; 0; 1431.9959; 170; 485; 
567; 0; 1432.0003; 170; 485.2; 
567; 0; 1432.0036; 170; 485.4; 
567; 0; 1433.477; 170; 485.6; 
567; 0; 1433.4778; 170; 485.8; 
567; 0; 1434.9487; 170; 486; 
567; 0; 1434.9472; 170; 486.2; 
567; 0; 1436.4164; 170; 486.4; 
567; 0; 1436.4136; 170; 486.6; 
567; 0; 1436.4108; 170; 486.8; 
567; 0; 1436.4082; 170; 487; 
567; 0; 1437.8773; 170; 487.2; 
567; 0; 1437.8758; 170; 487.4; 
567; 0; 1436.4034; 170; 487.6; 
567; 0; 1436.403; 170; 487.8; 
567; 0; 1436.4032; 170; 488; 
567; 0; 1436.404; 170; 488.2; 
567; 0; 1436.4053; 170; 488.4; 
567; 0; 1436.4066; 170; 488.6; 
567; 0; 1436.4079; 170; 488.8; 
567; 0; 1436.409; 170; 489; 
567; 0; 1436.4098; 170; 489.2; 
567; 0; 1436.4103; 170; 489.4; 
567; 0; 1436.4105; 170; 489.6; 
567; 0; 1436.4103; 170; 489.8; 
567; 0; 1437.8813; 170; 490; 
567; 0; 1437.8806; 170; 490.2; 
567; 0; 1437.8798; 170; 490.4; 
567; 0; 1437.8789; 170; 490.6; 
567; 0; 1437.8781; 170; 490.8; 
567; 0; 1437.8775; 170; 491; 
567; 0; 1437.8771; 170; 491.2; 
567; 0; 1437.8769; 170; 491.4; 
567; 0; 1437.8768; 170; 491.6; 
567; 0; 1437.8769; 170; 491.8; 
567; 0; 1437.877; 170; 492; 
567; 0; 1436.4058; 170; 492.2; 
567; 0; 1436.4058; 170; 492.4; 
567; 0; 1436.4059; 170; 492.6; 
567; 0; 1436.406; 170; 492.8; 
567; 0; 1436.406; 170; 493; 
567; 0; 1436.406; 170; 493.2; 
567; 0; 1437.8769; 170; 493.4; 
567; 0; 1437.8749; 170; 493.6; 
567; 0; 1437.8697; 170; 493.8; 
567; 0; 1439.3311; 170; 494; 
567; 0; 1439.3157; 170; 494.2; 
567; 0; 1439.2953; 170; 494.4; 
567; 0; 1437.8; 170; 494.6; 
567; 0; 1436.3044; 170; 494.8; 
567; 0; 1433.3396; 170; 495; 
567; 0; 1428.9074; 170; 495.2; 
567; 0; 1424.4809; 170; 495.4; 
567; 0; 1418.5898; 170; 495.6; 
567; 0; 1412.7052; 170; 495.8; 
567; 0; 1406.8263; 170; 496; 
567; 0; 1400.9518; 170; 496.2; 
567; 0; 1396.5511; 170; 496.4; 
567; 0; 1390.6799; 170; 496.6; 
567; 0; 1386.2791; 170; 496.8; 
567; 0; 1381.8761; 170; 497; 
567; 0; 1378.9421; 170; 497.2; 
567; 0; 1376.0047; 170; 497.4; 
567; 0; 1373.0642; 170; 497.6; 
567; 0; 1370.1212; 170; 497.8; 
567; 0; 1368.6475; 170; 498; 
567; 0; 1365.7014; 170; 498.2; 
567; 0; 1362.7549; 170; 498.4; 
567; 0; 1361.2801; 170; 498.6; 
567; 0; 1358.3349; 170; 498.8; 
567; 0; 1355.3905; 170; 499; 
567; 0; 1353.9185; 170; 499.2; 
567; 0; 1350.9759; 170; 499.4; 
567; 0; 1349.5054; 170; 499.6; 
567; 0; 1348.0355; 170; 499.8; 
567; 0; 1345.0946; 170; 500; 
567; 0; 1343.6251; 170; 500.2; 
567; 0; 1342.1554; 170; 500.4; 
567; 0; 1340.6854; 170; 500.6; 
567; 0; 1339.215; 170; 500.8; 
567; 0; 1337.7442; 170; 501; 
567; 0; 1337.7442; 170; 501.2; 
567; 0; 1336.2726; 170; 501.4; 
567; 0; 1334.8007; 170; 501.6; 
567; 0; 1334.8001; 170; 501.8; 
567; 0; 1333.3282; 170; 502; 
567; 0; 1333.3278; 170; 502.2; 
567; 0; 1331.8561; 170; 502.4; 
567; 0; 1331.8558; 170; 502.6; 
567; 0; 1330.3844; 170; 502.8; 
567; 0; 1330.3845; 170; 503; 
567; 0; 1328.9134; 170; 503.2; 
567; 0; 1328.9136; 170; 503.4; 
567; 0; 1328.9137; 170; 503.6; 
567; 0; 1327.4425; 170; 503.8; 
567; 0; 1327.4425; 170; 504; 
567; 0; 1327.4426; 170; 504.2; 
567; 0; 1327.4426; 170; 504.4; 
567; 0; 1325.971; 170; 504.6; 
567; 0; 1325.9706; 170; 504.8; 
567; 0; 1335.7541; 170; 505; 
567; 0; 1335.7538; 170; 505.2; 
567; 0; 1335.7536; 170; 505.4; 
567; 0; 1334.2756; 170; 505.6; 
567; 0; 1334.2755; 170; 505.8; 
567; 0; 1334.2755; 170; 506; 
567; 0; 1332.7975; 170; 506.2; 
567; 0; 1332.7973; 170; 506.4; 
567; 0; 1332.7973; 170; 506.6; 
567; 0; 1331.3193; 170; 506.8; 
567; 0; 1331.3194; 170; 507; 
567; 0; 1329.8416; 170; 507.2; 
567; 0; 1329.8418; 170; 507.4; 
567; 0; 1328.364; 170; 507.6; 
567; 0; 1328.3641; 170; 507.8; 
567; 0; 1326.8861; 170; 508; 
567; 0; 1326.8859; 170; 508.2; 
567; 0; 1325.4076; 170; 508.4; 
567; 0; 1325.4072; 170; 508.6; 
567; 0; 1325.4067; 170; 508.8; 
567; 0; 1323.9284; 170; 509; 
567; 0; 1323.9282; 170; 509.2; 
567; 0; 1322.4502; 170; 509.4; 
567; 0; 1322.4502; 170; 509.6; 
567; 0; 1322.4502; 170; 509.8; 
567; 0; 1320.9723; 170; 510; 
567; 0; 1320.9723; 170; 510.2; 
567; 0; 1320.9722; 170; 510.4; 
567; 0; 1319.4942; 170; 510.6; 
567; 0; 1319.4941; 170; 510.8; 
567; 0; 1319.494; 170; 511; 
567; 0; 1319.4941; 170; 511.2; 
567; 0; 1318.0162; 170; 511.4; 
567; 0; 1318.0163; 170; 511.6; 
567; 0; 1318.0163; 170; 511.8; 
567; 0; 1318.0162; 170; 512; 
567; 0; 1318.0161; 170; 512.2; 
567; 0; 1318.0159; 170; 512.4; 
567; 0; 1316.5378; 170; 512.6; 
567; 0; 1316.5377; 170; 512.8; 
567; 0; 1316.5376; 170; 513; 
567; 0; 1316.5374; 170; 513.2; 
567; 0; 1316.5373; 170; 513.4; 
567; 0; 1316.5372; 170; 513.6; 
567; 0; 1316.537; 170; 513.8; 
567; 0; 1316.5369; 170; 514; 
567; 0; 1316.5368; 170; 514.2; 
567; 0; 1315.0588; 170; 514.4; 
567; 0; 1315.0587; 170; 514.6; 
567; 0; 1315.0587; 170; 514.8; 
567; 0; 1315.0587; 170; 515; 
567; 0; 1315.0587; 170; 515.2; 
567; 0; 1315.0587; 170; 515.4; 
567; 0; 1315.0588; 170; 515.6; 
567; 0; 1315.0588; 170; 515.8; 
567; 0; 1315.0589; 170; 516; 
567; 0; 1315.059; 170; 516.2; 
567; 0; 1315.059; 170; 516.4; 
567; 0; 1315.059; 170; 516.6; 
567; 0; 1315.0589; 170; 516.8; 
567; 0; 1315.0588; 170; 517; 
567; 0; 1315.0587; 170; 517.2; 
567; 0; 1315.0585; 170; 517.4; 
567; 0; 1315.0583; 170; 517.6; 
567; 0; 1315.0582; 170; 517.8; 
567; 0; 1315.058; 170; 518; 
567; 0; 1313.58; 170; 518.2; 
567; 0; 1313.5799; 170; 518.4; 
567; 0; 1313.5799; 170; 518.6; 
567; 0; 1313.5798; 170; 518.8; 
567; 0; 1313.5798; 170; 519; 
567; 0; 1313.5798; 170; 519.2; 
567; 0; 1313.5798; 170; 519.4; 
567; 0; 1313.5799; 170; 519.6; 
567; 0; 1313.5801; 170; 519.8; 
567; 0; 1313.5802; 170; 520; 
567; 0; 1313.5803; 170; 520.2; 
567; 0; 1313.5803; 170; 520.4; 
567; 0; 1313.5803; 170; 520.6; 
567; 0; 1313.5802; 170; 520.8; 
567; 0; 1313.5802; 170; 521; 
567; 0; 1313.5801; 170; 521.2; 
567; 0; 1313.58; 170; 521.4; 
567; 0; 1313.5799; 170; 521.6; 
567; 0; 1313.5798; 170; 521.8; 
567; 0; 1313.5797; 170; 522; 
567; 0; 1313.5795; 170; 522.2; 
567; 0; 1313.5793; 170; 522.4; 
567; 0; 1313.5792; 170; 522.6; 
567; 0; 1313.5792; 170; 522.8; 
567; 0; 1313.5792; 170; 523; 
567; 0; 1313.5793; 170; 523.2; 
567; 0; 1313.5794; 170; 523.4; 
567; 0; 1313.5794; 170; 523.6; 
567; 0; 1313.5794; 170; 523.8; 
567; 0; 1313.5792; 170; 524; 
567; 0; 1313.5791; 170; 524.2; 
567; 0; 1313.579; 170; 524.4; 
567; 0; 1313.5789; 170; 524.6; 
567; 0; 1313.5789; 170; 524.8; 
567; 0; 1313.5789; 170; 525; 
567; 0; 1313.579; 170; 525.2; 
567; 0; 1313.5791; 170; 525.4; 
567; 0; 1313.5792; 170; 525.6; 
567; 0; 1313.5792; 170; 525.8; 
567; 0; 1313.5792; 170; 526; 
567; 0; 1313.5791; 170; 526.2; 
567; 0; 1313.579; 170; 526.4; 
567; 0; 1313.5789; 170; 526.6; 
567; 0; 1313.5788; 170; 526.8; 
567; 0; 1313.5788; 170; 527; 
567; 0; 1313.5787; 170; 527.2; 
567; 0; 1313.5787; 170; 527.4; 
567; 0; 1313.5786; 170; 527.6; 
567; 0; 1313.5785; 170; 527.8; 
567; 0; 1313.5785; 170; 528; 
567; 0; 1313.5785; 170; 528.2; 
567; 0; 1313.5785; 170; 528.4; 
567; 0; 1313.5785; 170; 528.6; 
567; 0; 1312.1006; 170; 528.8; 
567; 0; 1312.1006; 170; 529; 
567; 0; 1312.1005; 170; 529.2; 
567; 0; 1312.1005; 170; 529.4; 
567; 0; 1312.1005; 170; 529.6; 
567; 0; 1312.1005; 170; 529.8; 
567; 0; 1312.1005; 170; 530; 
567; 0; 1312.1004; 170; 530.2; 
567; 0; 1312.1004; 170; 530.4; 
567; 0; 1312.1005; 170; 530.6; 
567; 0; 1312.1004; 170; 530.8; 
567; 0; 1312.1003; 170; 531; 
567; 0; 1312.1002; 170; 531.2; 
567; 0; 1312.1002; 170; 531.4; 
567; 0; 1312.1001; 170; 531.6; 
567; 0; 1312.1; 170; 531.8; 
567; 0; 1312.1; 170; 532; 
567; 0; 1312.1001; 170; 532.2; 
567; 0; 1312.1001; 170; 532.4; 
567; 0; 1312.1001; 170; 532.6; 
567; 0; 1312.1001; 170; 532.8; 
567; 0; 1312.1001; 170; 533; 
567; 0; 1312.1; 170; 533.2; 
567; 0; 1312.0999; 170; 533.4; 
567; 0; 1312.0998; 170; 533.6; 
567; 0; 1312.0997; 170; 533.8; 
567; 0; 1312.0997; 170; 534; 
567; 0; 1312.0998; 170; 534.2; 
567; 0; 1312.0998; 170; 534.4; 
567; 0; 1312.0997; 170; 534.6; 
567; 0; 1312.0997; 170; 534.8; 
567; 0; 1312.0997; 170; 535; 
567; 0; 1312.0997; 170; 535.2; 
567; 0; 1312.0997; 170; 535.4; 
567; 0; 1312.0997; 170; 535.6; 
567; 0; 1312.0996; 170; 535.8; 
567; 0; 1312.0997; 170; 536; 
567; 0; 1312.0996; 170; 536.2; 
567; 0; 1312.0996; 170; 536.4; 
567; 0; 1312.0996; 170; 536.6; 
567; 0; 1312.0996; 170; 536.8; 
567; 0; 1312.0996; 170; 537; 
567; 0; 1312.0995; 170; 537.2; 
567; 0; 1312.0994; 170; 537.4; 
567; 0; 1312.0994; 170; 537.6; 
567; 0; 1312.0993; 170; 537.8; 
567; 0; 1312.0993; 170; 538; 
567; 0; 1312.0993; 170; 538.2; 
567; 0; 1312.0993; 170; 538.4; 
567; 0; 1312.0993; 170; 538.6; 
567; 0; 1313.5773; 170; 538.8; 
567; 0; 1313.5776; 170; 539; 
567; 0; 1313.5783; 170; 539.2; 
567; 0; 1313.5802; 170; 539.4; 
567; 0; 1315.0624; 170; 539.6; 
567; 0; 1315.0706; 170; 539.8; 
567; 0; 1315.0836; 170; 540; 
567; 0; 1315.1023; 170; 540.2; 
567; 0; 1315.1262; 170; 540.4; 
567; 0; 1315.1542; 170; 540.6; 
567; 0; 1318.1406; 170; 540.8; 
567; 0; 1319.6494; 170; 541; 
567; 0; 1324.1116; 170; 541.2; 
567; 0; 1330.0466; 170; 541.4; 
567; 0; 1329.132; 170; 541.6; 
567; 0; 1337.9662; 170; 541.8; 
567; 0; 1346.7899; 170; 542; 
567; 0; 1357.0742; 170; 542.2; 
567; 0; 1367.3484; 170; 542.4; 
567; 0; 1376.1427; 170; 542.6; 
567; 0; 1383.4597; 170; 542.8; 
567; 0; 1387.8317; 170; 543; 
567; 0; 1392.2051; 170; 543.2; 
567; 0; 1393.6417; 170; 543.4; 
567; 0; 1393.6166; 170; 543.6; 
567; 0; 1392.1302; 170; 543.8; 
567; 0; 1390.6548; 170; 544; 
567; 0; 1387.7188; 170; 544.2; 
567; 0; 1384.7922; 170; 544.4; 
567; 0; 1381.8723; 170; 544.6; 
567; 0; 1380.4289; 170; 544.8; 
567; 0; 1378.9864; 170; 545; 
567; 0; 1379.0125; 170; 545.2; 
567; 0; 1380.5041; 170; 545.4; 
567; 0; 1383.4593; 170; 545.6; 
567; 0; 1386.4056; 170; 545.8; 
567; 0; 1389.3429; 170; 546; 
567; 0; 1392.2719; 170; 546.2; 
567; 0; 1395.1945; 170; 546.4; 
567; 0; 1396.642; 170; 546.6; 
567; 0; 1396.6172; 170; 546.8; 
567; 0; 1396.5942; 170; 547; 
567; 0; 1395.105; 170; 547.2; 
567; 0; 1392.1501; 170; 547.4; 
567; 0; 1389.2015; 170; 547.6; 
567; 0; 1386.2592; 170; 547.8; 
567; 0; 1383.3225; 170; 548; 
567; 0; 1380.3901; 170; 548.2; 
567; 0; 1377.4603; 170; 548.4; 
567; 0; 1374.5319; 170; 548.6; 
567; 0; 1373.0741; 170; 548.8; 
567; 0; 1371.6137; 170; 549; 
567; 0; 1370.1498; 170; 549.2; 
567; 0; 1370.153; 170; 549.4; 
567; 0; 1370.1522; 170; 549.6; 
567; 0; 1370.1478; 170; 549.8; 
567; 0; 1368.6697; 170; 550; 
567; 0; 1368.6614; 170; 550.2; 
567; 0; 1367.1814; 170; 550.4; 
567; 0; 1367.1733; 170; 550.6; 
567; 0; 1365.6952; 170; 550.8; 
567; 0; 1364.2193; 170; 551; 
567; 0; 1362.7455; 170; 551.2; 
567; 0; 1359.8022; 170; 551.4; 
567; 0; 1358.3319; 170; 551.6; 
567; 0; 1356.8628; 170; 551.8; 
567; 0; 1355.3945; 170; 552; 
567; 0; 1353.9265; 170; 552.2; 
567; 0; 1352.4583; 170; 552.4; 
567; 0; 1350.9894; 170; 552.6; 
567; 0; 1350.991; 170; 552.8; 
567; 0; 1349.5203; 170; 553; 
567; 0; 1348.0486; 170; 553.2; 
567; 0; 1348.0474; 170; 553.4; 
567; 0; 1346.5744; 170; 553.6; 
567; 0; 1346.5723; 170; 553.8; 
567; 0; 1345.099; 170; 554; 
567; 0; 1345.0973; 170; 554.2; 
567; 0; 1343.6246; 170; 554.4; 
567; 0; 1342.1524; 170; 554.6; 
567; 0; 1342.1518; 170; 554.8; 
567; 0; 1340.6802; 170; 555; 
567; 0; 1340.6802; 170; 555.2; 
567; 0; 1339.209; 170; 555.4; 
567; 0; 1339.2091; 170; 555.6; 
567; 0; 1337.738; 170; 555.8; 
567; 0; 1337.7382; 170; 556; 
567; 0; 1336.2669; 170; 556.2; 
567; 0; 1336.2668; 170; 556.4; 
567; 0; 1334.7952; 170; 556.6; 
567; 0; 1334.7949; 170; 556.8; 
567; 0; 1334.7945; 170; 557; 
567; 0; 1333.3226; 170; 557.2; 
567; 0; 1333.3222; 170; 557.4; 
567; 0; 1333.3217; 170; 557.6; 
567; 0; 1331.85; 170; 557.8; 
567; 0; 1331.8497; 170; 558; 
567; 0; 1331.8494; 170; 558.2; 
567; 0; 1330.3777; 170; 558.4; 
567; 0; 1330.3776; 170; 558.6; 
567; 0; 1330.3775; 170; 558.8; 
567; 0; 1328.9061; 170; 559; 
567; 0; 1328.9061; 170; 559.2; 
567; 0; 1328.906; 170; 559.4; 
567; 0; 1328.9059; 170; 559.6; 
567; 0; 1327.4345; 170; 559.8; 
567; 0; 1327.4344; 170; 560; 
567; 0; 1327.4342; 170; 560.2; 
567; 0; 1327.4341; 170; 560.4; 
567; 0; 1327.4339; 170; 560.6; 
567; 0; 1325.9623; 170; 560.8; 
567; 0; 1325.962; 170; 561; 
567; 0; 1335.7456; 170; 561.2; 
567; 0; 1335.7454; 170; 561.4; 
567; 0; 1335.7452; 170; 561.6; 
567; 0; 1334.2671; 170; 561.8; 
567; 0; 1334.2669; 170; 562; 
567; 0; 1334.2669; 170; 562.2; 
567; 0; 1332.7889; 170; 562.4; 
567; 0; 1332.7889; 170; 562.6; 
567; 0; 1331.311; 170; 562.8; 
567; 0; 1331.3108; 170; 563; 
567; 0; 1329.8328; 170; 563.2; 
567; 0; 1329.8327; 170; 563.4; 
567; 0; 1328.3546; 170; 563.6; 
567; 0; 1328.3544; 170; 563.8; 
567; 0; 1326.8762; 170; 564; 
567; 0; 1326.876; 170; 564.2; 
567; 0; 1325.3979; 170; 564.4; 
567; 0; 1325.3977; 170; 564.6; 
567; 0; 1325.3976; 170; 564.8; 
567; 0; 1323.9196; 170; 565; 
567; 0; 1323.9194; 170; 565.2; 
567; 0; 1322.4415; 170; 565.4; 
567; 0; 1322.4416; 170; 565.6; 
567; 0; 1320.9637; 170; 565.8; 
567; 0; 1320.9637; 170; 566; 
567; 0; 1320.9635; 170; 566.2; 
567; 0; 1319.4854; 170; 566.4; 
567; 0; 1319.4852; 170; 566.6; 
567; 0; 1319.485; 170; 566.8; 
567; 0; 1318.0068; 170; 567; 
567; 0; 1318.0065; 170; 567.2; 
567; 0; 1318.0064; 170; 567.4; 
567; 0; 1318.0063; 170; 567.6; 
567; 0; 1316.5283; 170; 567.8; 
567; 0; 1316.5283; 170; 568; 
567; 0; 1316.5283; 170; 568.2; 
567; 0; 1316.5282; 170; 568.4; 
567; 0; 1315.0502; 170; 568.6; 
567; 0; 1315.0502; 170; 568.8; 
567; 0; 1315.0503; 170; 569; 
567; 0; 1315.0503; 170; 569.2; 
567; 0; 1315.0503; 170; 569.4; 
567; 0; 1315.0502; 170; 569.6; 
567; 0; 1313.5722; 170; 569.8; 
567; 0; 1313.5721; 170; 570; 
567; 0; 1313.572; 170; 570.2; 
567; 0; 1313.5718; 170; 570.4; 
567; 0; 1313.5717; 170; 570.6; 
567; 0; 1313.5717; 170; 570.8; 
567; 0; 1313.5716; 170; 571; 
567; 0; 1313.5716; 170; 571.2; 
567; 0; 1313.5716; 170; 571.4; 
567; 0; 1313.5716; 170; 571.6; 
567; 0; 1312.0937; 170; 571.8; 
567; 0; 1312.0938; 170; 572; 
567; 0; 1312.0938; 170; 572.2; 
567; 0; 1312.0938; 170; 572.4; 
567; 0; 1312.0938; 170; 572.6; 
567; 0; 1312.0938; 170; 572.8; 
567; 0; 1312.0938; 170; 573; 
567; 0; 1312.0937; 170; 573.2; 
567; 0; 1312.0935; 170; 573.4; 
567; 0; 1312.0932; 170; 573.6; 
567; 0; 1312.093; 170; 573.8; 
567; 0; 1312.0929; 170; 574; 
567; 0; 1312.093; 170; 574.2; 
567; 0; 1312.093; 170; 574.4; 
567; 0; 1312.0931; 170; 574.6; 
567; 0; 1312.0932; 170; 574.8; 
567; 0; 1312.0932; 170; 575; 
567; 0; 1312.0932; 170; 575.2; 
567; 0; 1312.0932; 170; 575.4; 
567; 0; 1312.0932; 170; 575.6; 
567; 0; 1312.0931; 170; 575.8; 
567; 0; 1310.6151; 170; 576; 
567; 0; 1310.6149; 170; 576.2; 
567; 0; 1310.6148; 170; 576.4; 
567; 0; 1310.6146; 170; 576.6; 
567; 0; 1310.6144; 170; 576.8; 
567; 0; 1310.6144; 170; 577; 
567; 0; 1310.6145; 170; 577.2; 
567; 0; 1310.6146; 170; 577.4; 
567; 0; 1310.6147; 170; 577.6; 
567; 0; 1310.6148; 170; 577.8; 
567; 0; 1310.6149; 170; 578; 
567; 0; 1310.6149; 170; 578.2; 
567; 0; 1310.6149; 170; 578.4; 
567; 0; 1310.6149; 170; 578.6; 
567; 0; 1310.615; 170; 578.8; 
567; 0; 1310.615; 170; 579; 
567; 0; 1310.615; 170; 579.2; 
567; 0; 1310.6149; 170; 579.4; 
567; 0; 1310.6148; 170; 579.6; 
567; 0; 1310.6147; 170; 579.8; 
567; 0; 1310.6146; 170; 580; 
567; 0; 1310.6145; 170; 580.2; 
567; 0; 1310.6143; 170; 580.4; 
567; 0; 1310.6142; 170; 580.6; 
567; 0; 1310.6141; 170; 580.8; 
567; 0; 1310.6142; 170; 581; 
567; 0; 1310.6143; 170; 581.2; 
567; 0; 1310.6144; 170; 581.4; 
567; 0; 1310.6145; 170; 581.6; 
567; 0; 1310.6145; 170; 581.8; 
567; 0; 1310.6146; 170; 582; 
567; 0; 1310.6147; 170; 582.2; 
567; 0; 1310.6147; 170; 582.4; 
567; 0; 1310.6146; 170; 582.6; 
567; 0; 1310.6145; 170; 582.8; 
567; 0; 1310.6144; 170; 583; 
567; 0; 1310.6144; 170; 583.2; 
567; 0; 1310.6143; 170; 583.4; 
567; 0; 1310.6143; 170; 583.6; 
567; 0; 1310.6143; 170; 583.8; 
567; 0; 1310.6143; 170; 584; 
567; 0; 1310.6143; 170; 584.2; 
567; 0; 1310.6143; 170; 584.4; 
567; 0; 1310.6143; 170; 584.6; 
567; 0; 1312.0927; 170; 584.8; 
567; 0; 1312.0944; 170; 585; 
567; 0; 1312.0982; 170; 585.2; 
567; 0; 1312.1051; 170; 585.4; 
567; 0; 1313.5951; 170; 585.6; 
567; 0; 1313.6131; 170; 585.8; 
567; 0; 1312.1604; 170; 586; 
567; 0; 1313.67; 170; 586.2; 
567; 0; 1313.7056; 170; 586.4; 
567; 0; 1316.6974; 170; 586.6; 
567; 0; 1322.6417; 170; 586.8; 
567; 0; 1328.5789; 170; 587; 
567; 0; 1327.6709; 170; 587.2; 
567; 0; 1337.9744; 170; 587.4; 
567; 0; 1348.2663; 170; 587.6; 
567; 0; 1360.0189; 170; 587.8; 
567; 0; 1368.8204; 170; 588; 
567; 0; 1377.6163; 170; 588.2; 
567; 0; 1384.9385; 170; 588.4; 
567; 0; 1389.3189; 170; 588.6; 
567; 0; 1393.7031; 170; 588.8; 
567; 0; 1396.6219; 170; 589; 
567; 0; 1396.6058; 170; 589.2; 
567; 0; 1398.0694; 170; 589.4; 
567; 0; 1398.0698; 170; 589.6; 
567; 0; 1396.6054; 170; 589.8; 
567; 0; 1396.6168; 170; 590; 
567; 0; 1398.1011; 170; 590.2; 
567; 0; 1398.1129; 170; 590.4; 
567; 0; 1399.5923; 170; 590.6; 
567; 0; 1402.5375; 170; 590.8; 
567; 0; 1404.0049; 170; 591; 
567; 0; 1405.4661; 170; 591.2; 
567; 0; 1406.9221; 170; 591.4; 
567; 0; 1406.9034; 170; 591.6; 
567; 0; 1406.8842; 170; 591.8; 
567; 0; 1405.3956; 170; 592; 
567; 0; 1402.4389; 170; 592.2; 
567; 0; 1399.4869; 170; 592.4; 
567; 0; 1396.5404; 170; 592.6; 
567; 0; 1392.1279; 170; 592.8; 
567; 0; 1387.7202; 170; 593; 
567; 0; 1384.7874; 170; 593.2; 
567; 0; 1380.3852; 170; 593.4; 
567; 0; 1377.4547; 170; 593.6; 
567; 0; 1374.5232; 170; 593.8; 
567; 0; 1373.0614; 170; 594; 
567; 0; 1370.125; 170; 594.2; 
567; 0; 1368.6564; 170; 594.4; 
567; 0; 1368.6558; 170; 594.6; 
567; 0; 1367.1812; 170; 594.8; 
567; 0; 1365.7048; 170; 595; 
567; 0; 1364.2274; 170; 595.2; 
567; 0; 1362.75; 170; 595.4; 
567; 0; 1361.2736; 170; 595.6; 
567; 0; 1359.7983; 170; 595.8; 
567; 0; 1356.8531; 170; 596; 
567; 0; 1355.3806; 170; 596.2; 
567; 0; 1353.9094; 170; 596.4; 
567; 0; 1352.4393; 170; 596.6; 
567; 0; 1349.4985; 170; 596.8; 
567; 0; 1348.0294; 170; 597; 
567; 0; 1346.5602; 170; 597.2; 
567; 0; 1345.0908; 170; 597.4; 
567; 0; 1343.6208; 170; 597.6; 
567; 0; 1343.6215; 170; 597.8; 
567; 0; 1342.1503; 170; 598; 
567; 0; 1340.6785; 170; 598.2; 
567; 0; 1340.6775; 170; 598.4; 
567; 0; 1339.205; 170; 598.6; 
567; 0; 1339.2037; 170; 598.8; 
567; 0; 1337.7313; 170; 599; 
567; 0; 1336.2589; 170; 599.2; 
567; 0; 1336.2582; 170; 599.4; 
567; 0; 1334.7864; 170; 599.6; 
567; 0; 1334.7863; 170; 599.8; 
567; 0; 1333.3151; 170; 600; 
567; 0; 1333.3153; 170; 600.2; 
567; 0; 1331.8441; 170; 600.4; 
567; 0; 1331.8442; 170; 600.6; 
567; 0; 1330.3729; 170; 600.8; 
567; 0; 1330.3728; 170; 601; 
567; 0; 1330.3725; 170; 601.2; 
567; 0; 1328.9009; 170; 601.4; 
567; 0; 1328.9006; 170; 601.6; 
567; 0; 1328.9004; 170; 601.8; 
567; 0; 1327.4288; 170; 602; 
567; 0; 1327.4285; 170; 602.2; 
567; 0; 1327.4282; 170; 602.4; 
567; 0; 1325.9567; 170; 602.6; 
567; 0; 1325.9566; 170; 602.8; 
567; 0; 1335.7402; 170; 603; 
567; 0; 1335.7401; 170; 603.2; 
567; 0; 1334.2621; 170; 603.4; 
567; 0; 1334.262; 170; 603.6; 
567; 0; 1334.2621; 170; 603.8; 
567; 0; 1332.7842; 170; 604; 
567; 0; 1332.7842; 170; 604.2; 
567; 0; 1332.7841; 170; 604.4; 
567; 0; 1331.3061; 170; 604.6; 
567; 0; 1331.3059; 170; 604.8; 
567; 0; 1329.8277; 170; 605; 
567; 0; 1329.8274; 170; 605.2; 
567; 0; 1328.3492; 170; 605.4; 
567; 0; 1326.871; 170; 605.6; 
567; 0; 1326.8708; 170; 605.8; 
567; 0; 1325.3926; 170; 606; 
567; 0; 1325.3925; 170; 606.2; 
567; 0; 1323.9144; 170; 606.4; 
567; 0; 1323.9143; 170; 606.6; 
567; 0; 1322.4362; 170; 606.8; 
567; 0; 1322.436; 170; 607; 
567; 0; 1320.9579; 170; 607.2; 
567; 0; 1320.9577; 170; 607.4; 
567; 0; 1320.9576; 170; 607.6; 
567; 0; 1319.4797; 170; 607.8; 
567; 0; 1319.4798; 170; 608; 
567; 0; 1318.0021; 170; 608.2; 
567; 0; 1318.0022; 170; 608.4; 
567; 0; 1318.0023; 170; 608.6; 
567; 0; 1316.5243; 170; 608.8; 
567; 0; 1316.5241; 170; 609; 
567; 0; 1316.5238; 170; 609.2; 
567; 0; 1316.5235; 170; 609.4; 
567; 0; 1315.0453; 170; 609.6; 
567; 0; 1315.0451; 170; 609.8; 
567; 0; 1315.045; 170; 610; 
567; 0; 1315.0449; 170; 610.2; 
567; 0; 1313.567; 170; 610.4; 
567; 0; 1313.5669; 170; 610.6; 
567; 0; 1313.5669; 170; 610.8; 
567; 0; 1313.5669; 170; 611; 
567; 0; 1313.5668; 170; 611.2; 
567; 0; 1313.5666; 170; 611.4; 
567; 0; 1313.5664; 170; 611.6; 
567; 0; 1312.0882; 170; 611.8; 
567; 0; 1312.0882; 170; 612; 
567; 0; 1312.0882; 170; 612.2; 
567; 0; 1312.0884; 170; 612.4; 
567; 0; 1312.0885; 170; 612.6; 
567; 0; 1312.0886; 170; 612.8; 
567; 0; 1312.0886; 170; 613; 
567; 0; 1312.0885; 170; 613.2; 
567; 0; 1312.0884; 170; 613.4; 
567; 0; 1312.0882; 170; 613.6; 
567; 0; 1310.6103; 170; 613.8; 
567; 0; 1310.6102; 170; 614; 
567; 0; 1310.6102; 170; 614.2; 
567; 0; 1310.6102; 170; 614.4; 
567; 0; 1310.6102; 170; 614.6; 
567; 0; 1310.6102; 170; 614.8; 
567; 0; 1310.6102; 170; 615; 
567; 0; 1310.6103; 170; 615.2; 
567; 0; 1310.6103; 170; 615.4; 
567; 0; 1310.6103; 170; 615.6; 
567; 0; 1310.6102; 170; 615.8; 
567; 0; 1310.61; 170; 616; 
567; 0; 1310.6098; 170; 616.2; 
567; 0; 1310.6097; 170; 616.4; 
567; 0; 1310.6096; 170; 616.6; 
567; 0; 1310.6095; 170; 616.8; 
567; 0; 1310.6094; 170; 617; 
567; 0; 1310.6093; 170; 617.2; 
567; 0; 1310.6093; 170; 617.4; 
567; 0; 1309.1314; 170; 617.6; 
567; 0; 1309.1315; 170; 617.8; 
567; 0; 1309.1317; 170; 618; 
567; 0; 1309.1318; 170; 618.2; 
567; 0; 1309.1319; 170; 618.4; 
567; 0; 1309.132; 170; 618.6; 
567; 0; 1309.132; 170; 618.8; 
567; 0; 1309.1319; 170; 619; 
567; 0; 1309.1319; 170; 619.2; 
567; 0; 1309.1318; 170; 619.4; 
567; 0; 1309.1318; 170; 619.6; 
567; 0; 1309.1317; 170; 619.8; 
567; 0; 1309.1315; 170; 620; 
567; 0; 1309.1314; 170; 620.2; 
567; 0; 1309.1313; 170; 620.4; 
567; 0; 1309.1312; 170; 620.6; 
567; 0; 1309.1313; 170; 620.8; 
567; 0; 1309.1314; 170; 621; 
567; 0; 1309.1315; 170; 621.2; 
567; 0; 1309.1315; 170; 621.4; 
567; 0; 1309.1315; 170; 621.6; 
567; 0; 1309.1314; 170; 621.8; 
567; 0; 1309.1314; 170; 622; 
567; 0; 1309.1315; 170; 622.2; 
567; 0; 1309.1315; 170; 622.4; 
567; 0; 1309.1315; 170; 622.6; 
567; 0; 1309.1316; 170; 622.8; 
567; 0; 1309.1316; 170; 623; 
567; 0; 1309.1315; 170; 623.2; 
567; 0; 1309.1314; 170; 623.4; 
567; 0; 1309.1312; 170; 623.6; 
567; 0; 1309.1311; 170; 623.8; 
567; 0; 1309.131; 170; 624; 
567; 0; 1309.131; 170; 624.2; 
567; 0; 1309.1311; 170; 624.4; 
567; 0; 1309.1312; 170; 624.6; 
567; 0; 1309.1314; 170; 624.8; 
567; 0; 1309.1315; 170; 625; 
567; 0; 1309.1316; 170; 625.2; 
567; 0; 1309.1315; 170; 625.4; 
567; 0; 1309.1313; 170; 625.6; 
567; 0; 1309.1311; 170; 625.8; 
567; 0; 1309.131; 170; 626; 
567; 0; 1309.1309; 170; 626.2; 
567; 0; 1309.1309; 170; 626.4; 
567; 0; 1309.1309; 170; 626.6; 
567; 0; 1309.1309; 170; 626.8; 
567; 0; 1309.1311; 170; 627; 
567; 0; 1309.1312; 170; 627.2; 
567; 0; 1309.1314; 170; 627.4; 
567; 0; 1309.1316; 170; 627.6; 
567; 0; 1309.1316; 170; 627.8; 
567; 0; 1309.1315; 170; 628; 
567; 0; 1309.1314; 170; 628.2; 
567; 0; 1309.1312; 170; 628.4; 
567; 0; 1309.131; 170; 628.6; 
567; 0; 1309.1308; 170; 628.8; 
567; 0; 1309.1306; 170; 629; 
567; 0; 1309.1305; 170; 629.2; 
567; 0; 1309.1305; 170; 629.4; 
567; 0; 1307.6528; 170; 629.6; 
567; 0; 1307.653; 170; 629.8; 
567; 0; 1307.6533; 0; 630; 
567; 0; 0; 0; 630.2; 
567; 0; 0; 0; 630.4; 
567; 0; 0; 0; 630.6; 
567; 0; 0; 0; 630.8; 
567; 0; 0; 0; 631; 
567; 0; 0; 0; 631.2; 
567; 0; 0; 0; 631.4; 
567; 0; 0; 0; 631.6; 
567; 0; 0; 0; 631.8; 
567; 0; 0; 0; 632; 
567; 0; 0; 0; 632.2; 
567; 0; 0; 0; 632.4; 
567; 0; 0; 0; 632.6; 
567; 0; 0; 0; 632.8; 
567; 0; 0; 0; 633; 
567; 0; 0; 0; 633.2; 
567; 0; 0; 0; 633.4; 
567; 0; 0; 0; 633.6; 
567; 0; 0; 0; 633.8; 
567; 0; 0; 0; 634; 
567; 0; 0; 0; 634.2; 
567; 0; 0; 0; 634.4; 
567; 0; 0; 0; 634.6; 
567; 0; 0; 0; 634.8; 
567; 0; 0; 0; 635; 
567; 0; 0; 0; 635.2; 
567; 0; 0; 0; 635.4; 
567; 0; 0; 0; 635.6; 
567; 0; 0; 0; 635.8; 
567; 0; 0; 0; 636; 
567; 0; 0; 0; 636.2; 
567; 0; 0; 0; 636.4; 
567; 0; 0; 0; 636.6; 
567; 0; 0; 0; 636.8; 
567; 0; 0; 0; 637; 
567; 0; 0; 0; 637.2; 
567; 0; 0; 0; 637.4; 
567; 0; 0; 0; 637.6; 
567; 0; 0; 0; 637.8; 
567; 0; 0; 0; 638; 
567; 0; 0; 0; 638.2; 
567; 0; 0; 0; 638.4; 
567; 0; 0; 0; 638.6; 
567; 0; 0; 0; 638.8; 
567; 0; 0; 0; 639; 
567; 0; 0; 0; 639.2; 
567; 0; 0; 0; 639.4; 
567; 0; 0; 0; 639.6; 
567; 0; 0; 0; 639.8; 
567; 0; 0; 0; 640; 
567; 0; 0; 0; 640.2; 
567; 0; 0; 0; 640.4; 
567; 0; 0; 0; 640.6; 
567; 0; 0; 0; 640.8; 
567; 0; 0; 0; 641; 
567; 0; 0; 0; 641.2; 
567; 0; 0; 0; 641.4; 
567; 0; 0; 0; 641.6; 
567; 0; 0; 0; 641.8; 
567; 0; 0; 0; 642; 
567; 0; 0; 0; 642.2; 
567; 0; 0; 0; 642.4; 
567; 0; 0; 0; 642.6; 
567; 0; 0; 0; 642.8; 
567; 0; 0; 0; 643; 
567; 0; 0; 0; 643.2; 
567; 0; 0; 0; 643.4; 
567; 0; 0; 0; 643.6; 
567; 0; 0; 0; 643.8; 
567; 0; 0; 0; 644; 
567; 0; 0; 0; 644.2; 
567; 0; 0; 0; 644.4; 
567; 0; 0; 0; 644.6; 
567; 0; 0; 0; 644.8; 
567; 0; 0; 0; 645; 
567; 0; 0; 0; 645.2; 
567; 0; 0; 0; 645.4; 
567; 0; 0; 0; 645.6; 
567; 0; 0; 0; 645.8; 
567; 0; 0; 0; 646; 
567; 0; 0; 0; 646.2; 
567; 0; 0; 0; 646.4; 
567; 0; 0; 0; 646.6; 
567; 0; 0; 0; 646.8; 
567; 0; 0; 0; 647; 
567; 0; 0; 0; 647.2; 
567; 0; 0; 0; 647.4; 
567; 0; 0; 0; 647.6; 
567; 0; 0; 0; 647.8; 
567; 0; 0; 0; 648; 
567; 0; 0; 0; 648.2; 
567; 0; 0; 0; 648.4; 
567; 0; 0; 0; 648.6; 
567; 0; 0; 0; 648.8; 
567; 0; 0; 0; 649; 
567; 0; 0; 0; 649.2; 
567; 0; 0; 0; 649.4; 
567; 0; 0; 0; 649.6; 
567; 0; 0; 0; 649.8; 
567; 0; 0; 0; 650; 
567; 0; 0; 0; 650.2; 
567; 0; 0; 0; 650.4; 
567; 0; 0; 0; 650.6; 
567; 0; 0; 0; 650.8; 
567; 0; 0; 0; 651; 
567; 0; 0; 0; 651.2; 
567; 0; 0; 0; 651.4; 
567; 0; 0; 0; 651.6; 
567; 0; 0; 0; 651.8; 
567; 0; 0; 0; 652; 
567; 0; 0; 0; 652.2; 
567; 0; 0; 0; 652.4; 
567; 0; 0; 0; 652.6; 
567; 0; 0; 0; 652.8; 
567; 0; 0; 0; 653; 
567; 0; 0; 0; 653.2; 
567; 0; 0; 0; 653.4; 
567; 0; 0; 0; 653.6; 
567; 0; 0; 0; 653.8; 
567; 0; 0; 0; 654; 
567; 0; 0; 0; 654.2; 
567; 0; 0; 0; 654.4; 
567; 0; 0; 0; 654.6; 
567; 0; 0; 0; 654.8; 
567; 0; 0; 0; 655; 
567; 0; 0; 0; 655.2; 
567; 0; 0; 0; 655.4; 
567; 0; 0; 0; 655.6; 
567; 0; 0; 0; 655.8; 
567; 0; 0; 0; 656; 
567; 0; 0; 0; 656.2; 
567; 0; 0; 0; 656.4; 
567; 0; 0; 0; 656.6; 
567; 0; 0; 0; 656.8; 
567; 0; 0; 0; 657; 
567; 0; 0; 0; 657.2; 
567; 0; 0; 0; 657.4; 
567; 0; 0; 0; 657.6; 
567; 0; 0; 0; 657.8; 
567; 0; 0; 0; 658; 
567; 0; 0; 0; 658.2; 
567; 0; 0; 0; 658.4; 
567; 0; 0; 0; 658.6; 
567; 0; 0; 0; 658.8; 
567; 0; 0; 0; 659; 
567; 0; 0; 0; 659.2; 
567; 0; 0; 0; 659.4; 
567; 0; 0; 0; 659.6; 
567; 0; 0; 0; 659.8; 
567; 0; 0; 0; 660; 
567; 0; 0; 0; 660.2; 
567; 0; 0; 0; 660.4; 
567; 0; 0; 0; 660.6; 
567; 0; 0; 0; 660.8; 
567; 0; 0; 0; 661; 
567; 0; 0; 0; 661.2; 
567; 0; 0; 0; 661.4; 
567; 0; 0; 0; 661.6; 
567; 0; 0; 0; 661.8; 
567; 0; 0; 0; 662; 
567; 0; 0; 0; 662.2; 
567; 0; 0; 0; 662.4; 
567; 0; 0; 0; 662.6; 
567; 0; 0; 0; 662.8; 
567; 0; 0; 0; 663; 
567; 0; 0; 0; 663.2; 
567; 0; 0; 0; 663.4; 
567; 0; 0; 0; 663.6; 
567; 0; 0; 0; 663.8; 
567; 0; 0; 0; 664; 
567; 0; 0; 0; 664.2; 
567; 0; 0; 0; 664.4; 
567; 0; 0; 0; 664.6; 
567; 0; 0; 0; 664.8; 
567; 0; 0; 0; 665; 
567; 0; 0; 0; 665.2; 
567; 0; 0; 0; 665.4; 
567; 0; 0; 0; 665.6; 
567; 0; 0; 0; 665.8; 
567; 0; 0; 0; 666; 
567; 0; 0; 0; 666.2; 
567; 0; 0; 0; 666.4; 
567; 0; 0; 0; 666.6; 
567; 0; 0; 0; 666.8; 
567; 0; 0; 0; 667; 
567; 0; 0; 0; 667.2; 
567; 0; 0; 0; 667.4; 
567; 0; 0; 0; 667.6; 
567; 0; 0; 0; 667.8; 
567; 0; 0; 0; 668; 
567; 0; 0; 0; 668.2; 
567; 0; 0; 0; 668.4; 
567; 0; 0; 0; 668.6; 
567; 0; 0; 0; 668.8; 
567; 0; 0; 0; 669; 
567; 0; 0; 0; 669.2; 
567; 0; 0; 0; 669.4; 
567; 0; 0; 0; 669.6; 
567; 0; 0; 0; 669.8; 
567; 0; 0; 0; 670; 
567; 0; 0; 0; 670.2; 
567; 0; 0; 0; 670.4; 
567; 0; 0; 0; 670.6; 
567; 0; 0; 0; 670.8; 
567; 0; 0; 0; 671; 
567; 0; 0; 0; 671.2; 
567; 0; 0; 0; 671.4; 
567; 0; 0; 0; 671.6; 
567; 0; 0; 0; 671.8; 
567; 0; 0; 0; 672; 
567; 0; 0; 0; 672.2; 
567; 0; 0; 0; 672.4; 
567; 0; 0; 0; 672.6; 
567; 0; 0; 0; 672.8; 
567; 0; 0; 0; 673; 
567; 0; 0; 0; 673.2; 
567; 0; 0; 0; 673.4; 
567; 0; 0; 0; 673.6; 
567; 0; 0; 0; 673.8; 
567; 0; 0; 0; 674; 
567; 0; 0; 0; 674.2; 
567; 0; 0; 0; 674.4; 
567; 0; 0; 0; 674.6; 
567; 0; 0; 0; 674.8; 
567; 0; 0; 0; 675; 
567; 0; 0; 0; 675.2; 
567; 0; 0; 0; 675.4; 
567; 0; 0; 0; 675.6; 
567; 0; 0; 0; 675.8; 
567; 0; 0; 0; 676; 
567; 0; 0; 0; 676.2; 
567; 0; 0; 0; 676.4; 
567; 0; 0; 0; 676.6; 
567; 0; 0; 0; 676.8; 
567; 0; 0; 0; 677; 
567; 0; 0; 0; 677.2; 
567; 0; 0; 0; 677.4; 
567; 0; 0; 0; 677.6; 
567; 0; 0; 0; 677.8; 
567; 0; 0; 0; 678; 
567; 0; 0; 0; 678.2; 
567; 0; 0; 0; 678.4; 
567; 0; 0; 0; 678.6; 
567; 0; 0; 0; 678.8; 
567; 0; 0; 0; 679; 
567; 0; 0; 0; 679.2; 
567; 0; 0; 0; 679.4; 
567; 0; 0; 0; 679.6; 
567; 0; 0; 0; 679.8; 
567; 0; 0; 0; 680; 
567; 0; 0; 0; 680.2; 
567; 0; 0; 0; 680.4; 
567; 0; 0; 0; 680.6; 
567; 0; 0; 0; 680.8; 
567; 0; 0; 0; 681; 
567; 0; 0; 0; 681.2; 
567; 0; 0; 0; 681.4; 
567; 0; 0; 0; 681.6; 
567; 0; 0; 0; 681.8; 
567; 0; 0; 0; 682; 
567; 0; 0; 0; 682.2; 
567; 0; 0; 0; 682.4; 
567; 0; 0; 0; 682.6; 
567; 0; 0; 0; 682.8; 
567; 0; 0; 0; 683; 
567; 0; 0; 0; 683.2; 
567; 0; 0; 0; 683.4; 
567; 0; 0; 0; 683.6; 
567; 0; 0; 0; 683.8; 
567; 0; 0; 0; 684; 
567; 0; 0; 0; 684.2; 
567; 0; 0; 0; 684.4; 
567; 0; 0; 0; 684.6; 
567; 0; 0; 0; 684.8; 
567; 0; 0; 0; 685; 
567; 0; 0; 0; 685.2; 
567; 0; 0; 0; 685.4; 
567; 0; 0; 0; 685.6; 
567; 0; 0; 0; 685.8; 
567; 0; 0; 0; 686; 
567; 0; 0; 0; 686.2; 
567; 0; 0; 0; 686.4; 
567; 0; 0; 0; 686.6; 
567; 0; 0; 0; 686.8; 
567; 0; 0; 0; 687; 
567; 0; 0; 0; 687.2; 
567; 0; 0; 0; 687.4; 
567; 0; 0; 0; 687.6; 
567; 0; 0; 0; 687.8; 
567; 0; 0; 0; 688; 
567; 0; 0; 0; 688.2; 
567; 0; 0; 0; 688.4; 
567; 0; 0; 0; 688.6; 
567; 0; 0; 0; 688.8; 
567; 0; 0; 0; 689; 
567; 0; 0; 0; 689.2; 
567; 0; 0; 0; 689.4; 
567; 0; 0; 0; 689.6; 
567; 0; 0; 0; 689.8; 
567; 0; 0; 0; 690; 
567; 0; 0; 0; 690.2; 
567; 0; 0; 0; 690.4; 
567; 0; 0; 0; 690.6; 
567; 0; 0; 0; 690.8; 
567; 0; 0; 0; 691; 
567; 0; 0; 0; 691.2; 
567; 0; 0; 0; 691.4; 
567; 0; 0; 0; 691.6; 
567; 0; 0; 0; 691.8; 
567; 0; 0; 0; 692; 
567; 0; 0; 0; 692.2; 
567; 0; 0; 0; 692.4; 
567; 0; 0; 0; 692.6; 
567; 0; 0; 0; 692.8; 
567; 0; 0; 0; 693; 
567; 0; 0; 0; 693.2; 
567; 0; 0; 0; 693.4; 
567; 0; 0; 0; 693.6; 
567; 0; 0; 0; 693.8; 
567; 0; 0; 0; 694; 
567; 0; 0; 0; 694.2; 
567; 0; 0; 0; 694.4; 
567; 0; 0; 0; 694.6; 
567; 0; 0; 0; 694.8; 
567; 0; 0; 0; 695; 
567; 0; 0; 0; 695.2; 
567; 0; 0; 0; 695.4; 
567; 0; 0; 0; 695.6; 
567; 0; 0; 0; 695.8; 
567; 0; 0; 0; 696; 
567; 0; 0; 0; 696.2; 
567; 0; 0; 0; 696.4; 
567; 0; 0; 0; 696.6; 
567; 0; 0; 0; 696.8; 
567; 0; 0; 0; 697; 
567; 0; 0; 0; 697.2; 
567; 0; 0; 0; 697.4; 
567; 0; 0; 0; 697.6; 
567; 0; 0; 0; 697.8; 
567; 0; 0; 0; 698; 
567; 0; 0; 0; 698.2; 
567; 0; 0; 0; 698.4; 
567; 0; 0; 0; 698.6; 
567; 0; 0; 0; 698.8; 
567; 0; 0; 0; 699; 
567; 0; 0; 0; 699.2; 
567; 0; 0; 0; 699.4; 
567; 0; 0; 0; 699.6; 
567; 0; 0; 0; 699.8; 
567; 0; 0; 0; 700; 
567; 0; 0; 0; 700.2; 
567; 0; 0; 0; 700.4; 
567; 0; 0; 0; 700.6; 
567; 0; 0; 0; 700.8; 
567; 0; 0; 0; 701; 
567; 0; 0; 0; 701.2; 
567; 0; 0; 0; 701.4; 
567; 0; 0; 0; 701.6; 
567; 0; 0; 0; 701.8; 
567; 0; 0; 0; 702; 
567; 0; 0; 0; 702.2; 
567; 0; 0; 0; 702.4; 
567; 0; 0; 0; 702.6; 
567; 0; 0; 0; 702.8; 
567; 0; 0; 0; 703; 
567; 0; 0; 0; 703.2; 
567; 0; 0; 0; 703.4; 
567; 0; 0; 0; 703.6; 
567; 0; 0; 0; 703.8; 
567; 0; 0; 0; 704; 
567; 0; 0; 0; 704.2; 
567; 0; 0; 0; 704.4; 
567; 0; 0; 0; 704.6; 
567; 0; 0; 0; 704.8; 
567; 0; 0; 0; 705; 
567; 0; 0; 0; 705.2; 
567; 0; 0; 0; 705.4; 
567; 0; 0; 0; 705.6; 
567; 0; 0; 0; 705.8; 
567; 0; 0; 0; 706; 
567; 0; 0; 0; 706.2; 
567; 0; 0; 0; 706.4; 
567; 0; 0; 0; 706.6; 
567; 0; 0; 0; 706.8; 
567; 0; 0; 0; 707; 
567; 0; 0; 0; 707.2; 
567; 0; 0; 0; 707.4; 
567; 0; 0; 0; 707.6; 
567; 0; 0; 0; 707.8; 
567; 0; 0; 0; 708; 
567; 0; 0; 0; 708.2; 
567; 0; 0; 0; 708.4; 
567; 0; 0; 0; 708.6; 
567; 0; 0; 0; 708.8; 
567; 0; 0; 0; 709; 
567; 0; 0; 0; 709.2; 
567; 0; 0; 0; 709.4; 
567; 0; 0; 0; 709.6; 
567; 0; 0; 0; 709.8; 
567; 0; 0; 0; 710; 
567; 0; 0; 0; 710.2; 
567; 0; 0; 0; 710.4; 
567; 0; 0; 0; 710.6; 
567; 0; 0; 0; 710.8; 
567; 0; 0; 0; 711; 
567; 0; 0; 0; 711.2; 
567; 0; 0; 0; 711.4; 
567; 0; 0; 0; 711.6; 
567; 0; 0; 0; 711.8; 
567; 0; 0; 0; 712; 
567; 0; 0; 0; 712.2; 
567; 0; 0; 0; 712.4; 
567; 0; 0; 0; 712.6; 
567; 0; 0; 0; 712.8; 
567; 0; 0; 0; 713; 
567; 0; 0; 0; 713.2; 
567; 0; 0; 0; 713.4; 
567; 0; 0; 0; 713.6; 
567; 0; 0; 0; 713.8; 
567; 0; 0; 0; 714; 
567; 0; 0; 0; 714.2; 
567; 0; 0; 0; 714.4; 
567; 0; 0; 0; 714.6; 
567; 0; 0; 0; 714.8; 
567; 0; 0; 0; 715; 
567; 0; 0; 0; 715.2; 
567; 0; 0; 0; 715.4; 
567; 0; 0; 0; 715.6; 
567; 0; 0; 0; 715.8; 
567; 0; 0; 0; 716; 
567; 0; 0; 0; 716.2; 
567; 0; 0; 0; 716.4; 
567; 0; 0; 0; 716.6; 
567; 0; 0; 0; 716.8; 
567; 0; 0; 0; 717; 
567; 0; 0; 0; 717.2; 
567; 0; 0; 0; 717.4; 
567; 0; 0; 0; 717.6; 
567; 0; 0; 0; 717.8; 
567; 0; 0; 0; 718; 
567; 0; 0; 0; 718.2; 
567; 0; 0; 0; 718.4; 
567; 0; 0; 0; 718.6; 
567; 0; 0; 0; 718.8; 
567; 0; 0; 0; 719; 
567; 0; 0; 0; 719.2; 
567; 0; 0; 0; 719.4; 
567; 0; 0; 0; 719.6; 
567; 0; 0; 0; 719.8; 
567; 0; 0; 0; 720; 
567; 0; 0; 0; 720.2; 
567; 0; 0; 0; 720.4; 
567; 0; 0; 0; 720.6; 
567; 0; 0; 0; 720.8; 
567; 0; 0; 0; 721; 
567; 0; 0; 0; 721.2; 
567; 0; 0; 0; 721.4; 
567; 0; 0; 0; 721.6; 
567; 0; 0; 0; 721.8; 
567; 0; 0; 0; 722; 
567; 0; 0; 0; 722.2; 
567; 0; 0; 0; 722.4; 
567; 0; 0; 0; 722.6; 
567; 0; 0; 0; 722.8; 
567; 0; 0; 0; 723; 
567; 0; 0; 0; 723.2; 
567; 0; 0; 0; 723.4; 
567; 0; 0; 0; 723.6; 
567; 0; 0; 0; 723.8; 
567; 0; 0; 0; 724; 
567; 0; 0; 0; 724.2; 
567; 0; 0; 0; 724.4; 
567; 0; 0; 0; 724.6; 
567; 0; 0; 0; 724.8; 
567; 0; 0; 0; 725; 
567; 0; 0; 0; 725.2; 
567; 0; 0; 0; 725.4; 
567; 0; 0; 0; 725.6; 
567; 0; 0; 0; 725.8; 
567; 0; 0; 0; 726; 
567; 0; 0; 0; 726.2; 
567; 0; 0; 0; 726.4; 
567; 0; 0; 0; 726.6; 
567; 0; 0; 0; 726.8; 
567; 0; 0; 0; 727; 
567; 0; 0; 0; 727.2; 
567; 0; 0; 0; 727.4; 
567; 0; 0; 0; 727.6; 
567; 0; 0; 0; 727.8; 
567; 0; 0; 0; 728; 
567; 0; 0; 0; 728.2; 
567; 0; 0; 0; 728.4; 
567; 0; 0; 0; 728.6; 
567; 0; 0; 0; 728.8; 
567; 0; 0; 0; 729; 
567; 0; 0; 0; 729.2; 
567; 0; 0; 0; 729.4; 
567; 0; 0; 0; 729.6; 
567; 0; 0; 0; 729.8; 
567; 0; 0; 0; 730; 
567; 0; 0; 0; 730.2; 
567; 0; 0; 0; 730.4; 
567; 0; 0; 0; 730.6; 
567; 0; 0; 0; 730.8; 
567; 0; 0; 0; 731; 
567; 0; 0; 0; 731.2; 
567; 0; 0; 0; 731.4; 
567; 0; 0; 0; 731.6; 
567; 0; 0; 0; 731.8; 
567; 0; 0; 0; 732; 
567; 0; 0; 0; 732.2; 
567; 0; 0; 0; 732.4; 
567; 0; 0; 0; 732.6; 
567; 0; 0; 0; 732.8; 
567; 0; 0; 0; 733; 
567; 0; 0; 0; 733.2; 
567; 0; 0; 0; 733.4; 
567; 0; 0; 0; 733.6; 
567; 0; 0; 0; 733.8; 
567; 0; 0; 0; 734; 
567; 0; 0; 0; 734.2; 
567; 0; 0; 0; 734.4; 
567; 0; 0; 0; 734.6; 
567; 0; 0; 0; 734.8; 
567; 0; 0; 0; 735; 
567; 0; 0; 0; 735.2; 
567; 0; 0; 0; 735.4; 
567; 0; 0; 0; 735.6; 
567; 0; 0; 0; 735.8; 
567; 0; 0; 0; 736; 
567; 0; 0; 0; 736.2; 
567; 0; 0; 0; 736.4; 
567; 0; 0; 0; 736.6; 
567; 0; 0; 0; 736.8; 
567; 0; 0; 0; 737; 
567; 0; 0; 0; 737.2; 
567; 0; 0; 0; 737.4; 
567; 0; 0; 0; 737.6; 
567; 0; 0; 0; 737.8; 
567; 0; 0; 0; 738; 
567; 0; 0; 0; 738.2; 
567; 0; 0; 0; 738.4; 
567; 0; 0; 0; 738.6; 
567; 0; 0; 0; 738.8; 
567; 0; 0; 0; 739; 
567; 0; 0; 0; 739.2; 
567; 0; 0; 0; 739.4; 
567; 0; 0; 0; 739.6; 
567; 0; 0; 0; 739.8; 
567; 0; 0; 0; 740; 
567; 0; 0; 0; 740.2; 
567; 0; 0; 0; 740.4; 
567; 0; 0; 0; 740.6; 
567; 0; 0; 0; 740.8; 
567; 0; 0; 0; 741; 
567; 0; 0; 0; 741.2; 
567; 0; 0; 0; 741.4; 
567; 0; 0; 0; 741.6; 
567; 0; 0; 0; 741.8; 
567; 0; 0; 0; 742; 
567; 0; 0; 0; 742.2; 
567; 0; 0; 0; 742.4; 
567; 0; 0; 0; 742.6; 
567; 0; 0; 0; 742.8; 
567; 0; 0; 0; 743; 
567; 0; 0; 0; 743.2; 
567; 0; 0; 0; 743.4; 
567; 0; 0; 0; 743.6; 
567; 0; 0; 0; 743.8; 
567; 0; 0; 0; 744; 
567; 0; 0; 0; 744.2; 
567; 0; 0; 0; 744.4; 
567; 0; 0; 0; 744.6; 
567; 0; 0; 0; 744.8; 
567; 0; 0; 0; 745; 
567; 0; 0; 0; 745.2; 
567; 0; 0; 0; 745.4; 
567; 0; 0; 0; 745.6; 
567; 0; 0; 0; 745.8; 
567; 0; 0; 0; 746; 
567; 0; 0; 0; 746.2; 
567; 0; 0; 0; 746.4; 
567; 0; 0; 0; 746.6; 
567; 0; 0; 0; 746.8; 
567; 0; 0; 0; 747; 
567; 0; 0; 0; 747.2; 
567; 0; 0; 0; 747.4; 
567; 0; 0; 0; 747.6; 
567; 0; 0; 0; 747.8; 
567; 0; 0; 0; 748; 
567; 0; 0; 0; 748.2; 
567; 0; 0; 0; 748.4; 
567; 0; 0; 0; 748.6; 
567; 0; 0; 0; 748.8; 
567; 0; 0; 0; 749; 
567; 0; 0; 0; 749.2; 
567; 0; 0; 0; 749.4; 
567; 0; 0; 0; 749.6; 
567; 0; 0; 0; 749.8; 
567; 0; 0; 0; 750; 
567; 0; 0; 0; 750.2; 
567; 0; 0; 0; 750.4; 
567; 0; 0; 0; 750.6; 
567; 0; 0; 0; 750.8; 
567; 0; 0; 0; 751; 
567; 0; 0; 0; 751.2; 
567; 0; 0; 0; 751.4; 
567; 0; 0; 0; 751.6; 
567; 0; 0; 0; 751.8; 
567; 0; 0; 0; 752; 
567; 0; 0; 0; 752.2; 
567; 0; 0; 0; 752.4; 
567; 0; 0; 0; 752.6; 
567; 0; 0; 0; 752.8; 
567; 0; 0; 0; 753; 
567; 0; 0; 0; 753.2; 
567; 0; 0; 0; 753.4; 
567; 0; 0; 0; 753.6; 
567; 0; 0; 0; 753.8; 
567; 0; 0; 0; 754; 
567; 0; 0; 0; 754.2; 
567; 0; 0; 0; 754.4; 
567; 0; 0; 0; 754.6; 
567; 0; 0; 0; 754.8; 
567; 0; 0; 0; 755; 
567; 0; 0; 0; 755.2; 
567; 0; 0; 0; 755.4; 
567; 0; 0; 0; 755.6; 
567; 0; 0; 0; 755.8; 
567; 0; 0; 0; 756; 
567; 0; 0; 0; 756.2; 
567; 0; 0; 0; 756.4; 
567; 0; 0; 0; 756.6; 
567; 0; 0; 0; 756.8; 
567; 0; 0; 0; 757; 
567; 0; 0; 0; 757.2; 
567; 0; 0; 0; 757.4; 
567; 0; 0; 0; 757.6; 
567; 0; 0; 0; 757.8; 
567; 0; 0; 0; 758; 
567; 0; 0; 0; 758.2; 
567; 0; 0; 0; 758.4; 
567; 0; 0; 0; 758.6; 
567; 0; 0; 0; 758.8; 
567; 0; 0; 0; 759; 
567; 0; 0; 0; 759.2; 
567; 0; 0; 0; 759.4; 
567; 0; 0; 0; 759.6; 
567; 0; 0; 0; 759.8; 
567; 0; 0; 0; 760; 
567; 0; 0; 0; 760.2; 
567; 0; 0; 0; 760.4; 
567; 0; 0; 0; 760.6; 
567; 0; 0; 0; 760.8; 
567; 0; 0; 0; 761; 
567; 0; 0; 0; 761.2; 
567; 0; 0; 0; 761.4; 
567; 0; 0; 0; 761.6; 
567; 0; 0; 0; 761.8; 
567; 0; 0; 0; 762; 
567; 0; 0; 0; 762.2; 
567; 0; 0; 0; 762.4; 
567; 0; 0; 0; 762.6; 
567; 0; 0; 0; 762.8; 
567; 0; 0; 0; 763; 
567; 0; 0; 0; 763.2; 
567; 0; 0; 0; 763.4; 
567; 0; 0; 0; 763.6; 
567; 0; 0; 0; 763.8; 
567; 0; 0; 0; 764; 
567; 0; 0; 0; 764.2; 
567; 0; 0; 0; 764.4; 
567; 0; 0; 0; 764.6; 
567; 0; 0; 0; 764.8; 
567; 0; 0; 0; 765; 
567; 0; 0; 0; 765.2; 
567; 0; 0; 0; 765.4; 
567; 0; 0; 0; 765.6; 
567; 0; 0; 0; 765.8; 
567; 0; 0; 0; 766; 
567; 0; 0; 0; 766.2; 
567; 0; 0; 0; 766.4; 
567; 0; 0; 0; 766.6; 
567; 0; 0; 0; 766.8; 
567; 0; 0; 0; 767; 
567; 0; 0; 0; 767.2; 
567; 0; 0; 0; 767.4; 
567; 0; 0; 0; 767.6; 
567; 0; 0; 0; 767.8; 
567; 0; 0; 0; 768; 
567; 0; 0; 0; 768.2; 
567; 0; 0; 0; 768.4; 
567; 0; 0; 0; 768.6; 
567; 0; 0; 0; 768.8; 
567; 0; 0; 0; 769; 
567; 0; 0; 0; 769.2; 
567; 0; 0; 0; 769.4; 
567; 0; 0; 0; 769.6; 
567; 0; 0; 0; 769.8; 
567; 0; 0; 0; 770; 
567; 0; 0; 0; 770.2; 
567; 0; 0; 0; 770.4; 
567; 0; 0; 0; 770.6; 
567; 0; 0; 0; 770.8; 
567; 0; 0; 0; 771; 
567; 0; 0; 0; 771.2; 
567; 0; 0; 0; 771.4; 
567; 0; 0; 0; 771.6; 
567; 0; 0; 0; 771.8; 
567; 0; 0; 0; 772; 
567; 0; 0; 0; 772.2; 
567; 0; 0; 0; 772.4; 
567; 0; 0; 0; 772.6; 
567; 0; 0; 0; 772.8; 
567; 0; 0; 0; 773; 
567; 0; 0; 0; 773.2; 
567; 0; 0; 0; 773.4; 
567; 0; 0; 0; 773.6; 
567; 0; 0; 0; 773.8; 
567; 0; 0; 0; 774; 
567; 0; 0; 0; 774.2; 
567; 0; 0; 0; 774.4; 
567; 0; 0; 0; 774.6; 
567; 0; 0; 0; 774.8; 
567; 0; 0; 0; 775; 
567; 0; 0; 0; 775.2; 
567; 0; 0; 0; 775.4; 
567; 0; 0; 0; 775.6; 
567; 0; 0; 0; 775.8; 
567; 0; 0; 0; 776; 
567; 0; 0; 0; 776.2; 
567; 0; 0; 0; 776.4; 
567; 0; 0; 0; 776.6; 
567; 0; 0; 0; 776.8; 
567; 0; 0; 0; 777; 
567; 0; 0; 0; 777.2; 
567; 0; 0; 0; 777.4; 
567; 0; 0; 0; 777.6; 
567; 0; 0; 0; 777.8; 
567; 0; 0; 0; 778; 
567; 0; 0; 0; 778.2; 
567; 0; 0; 0; 778.4; 
567; 0; 0; 0; 778.6; 
567; 0; 0; 0; 778.8; 
567; 0; 0; 0; 779; 
567; 0; 0; 0; 779.2; 
567; 0; 0; 0; 779.4; 
567; 0; 0; 0; 779.6; 
567; 0; 0; 0; 779.8; 
567; 0; 0; 0; 780; 
567; 0; 0; 0; 780.2; 
567; 0; 0; 0; 780.4; 
567; 0; 0; 0; 780.6; 
567; 0; 0; 0; 780.8; 
567; 0; 0; 0; 781; 
567; 0; 0; 0; 781.2; 
567; 0; 0; 0; 781.4; 
567; 0; 0; 0; 781.6; 
567; 0; 0; 0; 781.8; 
567; 0; 0; 0; 782; 
567; 0; 0; 0; 782.2; 
567; 0; 0; 0; 782.4; 
567; 0; 0; 0; 782.6; 
567; 0; 0; 0; 782.8; 
567; 0; 0; 0; 783; 
567; 0; 0; 0; 783.2; 
567; 0; 0; 0; 783.4; 
567; 0; 0; 0; 783.6; 
567; 0; 0; 0; 783.8; 
567; 0; 0; 0; 784; 
567; 0; 0; 0; 784.2; 
567; 0; 0; 0; 784.4; 
567; 0; 0; 0; 784.6; 
567; 0; 0; 0; 784.8; 
567; 0; 0; 0; 785; 
567; 0; 0; 0; 785.2; 
567; 0; 0; 0; 785.4; 
567; 0; 0; 0; 785.6; 
567; 0; 0; 0; 785.8; 
567; 0; 0; 0; 786; 
567; 0; 0; 0; 786.2; 
567; 0; 0; 0; 786.4; 
567; 0; 0; 0; 786.6; 
567; 0; 0; 0; 786.8; 
567; 0; 0; 0; 787; 
567; 0; 0; 0; 787.2; 
567; 0; 0; 0; 787.4; 
567; 0; 0; 0; 787.6; 
567; 0; 0; 0; 787.8; 
567; 0; 0; 0; 788; 
567; 0; 0; 0; 788.2; 
567; 0; 0; 0; 788.4; 
567; 0; 0; 0; 788.6; 
567; 0; 0; 0; 788.8; 
567; 0; 0; 0; 789; 
567; 0; 0; 0; 789.2; 
567; 0; 0; 0; 789.4; 
567; 0; 0; 0; 789.6; 
567; 0; 0; 0; 789.8; 
567; 0; 0; 0; 790; 
567; 0; 0; 0; 790.2; 
567; 0; 0; 0; 790.4; 
567; 0; 0; 0; 790.6; 
567; 0; 0; 0; 790.8; 
567; 0; 0; 0; 791; 
567; 0; 0; 0; 791.2; 
567; 0; 0; 0; 791.4; 
567; 0; 0; 0; 791.6; 
567; 0; 0; 0; 791.8; 
567; 0; 0; 0; 792; 
567; 0; 0; 0; 792.2; 
567; 0; 0; 0; 792.4; 
567; 0; 0; 0; 792.6; 
567; 0; 0; 0; 792.8; 
567; 0; 0; 0; 793; 
567; 0; 0; 0; 793.2; 
567; 0; 0; 0; 793.4; 
567; 0; 0; 0; 793.6; 
567; 0; 0; 0; 793.8; 
567; 0; 0; 0; 794; 
567; 0; 0; 0; 794.2; 
567; 0; 0; 0; 794.4; 
567; 0; 0; 0; 794.6; 
567; 0; 0; 0; 794.8; 
567; 0; 0; 0; 795; 
567; 0; 0; 0; 795.2; 
567; 0; 0; 0; 795.4; 
567; 0; 0; 0; 795.6; 
567; 0; 0; 0; 795.8; 
567; 0; 0; 0; 796; 
567; 0; 0; 0; 796.2; 
567; 0; 0; 0; 796.4; 
567; 0; 0; 0; 796.6; 
567; 0; 0; 0; 796.8; 
567; 0; 0; 0; 797; 
567; 0; 0; 0; 797.2; 
567; 0; 0; 0; 797.4; 
567; 0; 0; 0; 797.6; 
567; 0; 0; 0; 797.8; 
567; 0; 0; 0; 798; 
567; 0; 0; 0; 798.2; 
567; 0; 0; 0; 798.4; 
567; 0; 0; 0; 798.6; 
567; 0; 0; 0; 798.8; 
567; 0; 0; 0; 799; 
567; 0; 0; 0; 799.2; 
567; 0; 0; 0; 799.4; 
567; 0; 0; 0; 799.6; 
567; 0; 0; 0; 799.8; 
567; 0; 0; 0; 800; 
567; 0; 0; 0; 800.2; 
567; 0; 0; 0; 800.4; 
567; 0; 0; 0; 800.6; 
567; 0; 0; 0; 800.8; 
567; 0; 0; 0; 801; 
567; 0; 0; 0; 801.2; 
567; 0; 0; 0; 801.4; 
567; 0; 0; 0; 801.6; 
567; 0; 0; 0; 801.8; 
567; 0; 0; 0; 802; 
567; 0; 0; 0; 802.2; 
567; 0; 0; 0; 802.4; 
567; 0; 0; 0; 802.6; 
567; 0; 0; 0; 802.8; 
567; 0; 0; 0; 803; 
567; 0; 0; 0; 803.2; 
567; 0; 0; 0; 803.4; 
567; 0; 0; 0; 803.6; 
567; 0; 0; 0; 803.8; 
567; 0; 0; 0; 804; 
567; 0; 0; 0; 804.2; 
567; 0; 0; 0; 804.4; 
567; 0; 0; 0; 804.6; 
567; 0; 0; 0; 804.8; 
567; 0; 0; 0; 805; 
567; 0; 0; 0; 805.2; 
567; 0; 0; 0; 805.4; 
567; 0; 0; 0; 805.6; 
567; 0; 0; 0; 805.8; 
567; 0; 0; 0; 806; 
567; 0; 0; 0; 806.2; 
567; 0; 0; 0; 806.4; 
567; 0; 0; 0; 806.6; 
567; 0; 0; 0; 806.8; 
567; 0; 0; 0; 807; 
567; 0; 0; 0; 807.2; 
567; 0; 0; 0; 807.4; 
567; 0; 0; 0; 807.6; 
567; 0; 0; 0; 807.8; 
567; 0; 0; 0; 808; 
567; 0; 0; 0; 808.2; 
567; 0; 0; 0; 808.4; 
567; 0; 0; 0; 808.6; 
567; 0; 0; 0; 808.8; 
567; 0; 0; 0; 809; 
567; 0; 0; 0; 809.2; 
567; 0; 0; 0; 809.4; 
567; 0; 0; 0; 809.6; 
567; 0; 0; 0; 809.8; 
567; 0; 0; 0; 810; 
567; 0; 0; 0; 810.2; 
567; 0; 0; 0; 810.4; 
567; 0; 0; 0; 810.6; 
567; 0; 0; 0; 810.8; 
567; 0; 0; 0; 811; 
567; 0; 0; 0; 811.2; 
567; 0; 0; 0; 811.4; 
567; 0; 0; 0; 811.6; 
567; 0; 0; 0; 811.8; 
567; 0; 0; 0; 812; 
567; 0; 0; 0; 812.2; 
567; 0; 0; 0; 812.4; 
567; 0; 0; 0; 812.6; 
567; 0; 0; 0; 812.8; 
567; 0; 0; 0; 813; 
567; 0; 0; 0; 813.2; 
567; 0; 0; 0; 813.4; 
567; 0; 0; 0; 813.6; 
567; 0; 0; 0; 813.8; 
567; 0; 0; 0; 814; 
567; 0; 0; 0; 814.2; 
567; 0; 0; 0; 814.4; 
567; 0; 0; 0; 814.6; 
567; 0; 0; 0; 814.8; 
567; 0; 0; 0; 815; 
567; 0; 0; 0; 815.2; 
567; 0; 0; 0; 815.4; 
567; 0; 0; 0; 815.6; 
567; 0; 0; 0; 815.8; 
567; 0; 0; 0; 816; 
567; 0; 0; 0; 816.2; 
567; 0; 0; 0; 816.4; 
567; 0; 0; 0; 816.6; 
567; 0; 0; 0; 816.8; 
567; 0; 0; 0; 817; 
567; 0; 0; 0; 817.2; 
567; 0; 0; 0; 817.4; 
567; 0; 0; 0; 817.6; 
567; 0; 0; 0; 817.8; 
567; 0; 0; 0; 818; 
567; 0; 0; 0; 818.2; 
567; 0; 0; 0; 818.4; 
567; 0; 0; 0; 818.6; 
567; 0; 0; 0; 818.8; 
567; 0; 0; 0; 819; 
567; 0; 0; 0; 819.2; 
567; 0; 0; 0; 819.4; 
567; 0; 0; 0; 819.6; 
567; 0; 0; 0; 819.8; 
567; 0; 0; 0; 820; 
567; 0; 0; 0; 820.2; 
567; 0; 0; 0; 820.4; 
567; 0; 0; 0; 820.6; 
567; 0; 0; 0; 820.8; 
567; 0; 0; 0; 821; 
567; 0; 0; 0; 821.2; 
567; 0; 0; 0; 821.4; 
567; 0; 0; 0; 821.6; 
567; 0; 0; 0; 821.8; 
567; 0; 0; 0; 822; 
567; 0; 0; 0; 822.2; 
567; 0; 0; 0; 822.4; 
567; 0; 0; 0; 822.6; 
567; 0; 0; 0; 822.8; 
567; 0; 0; 0; 823; 
567; 0; 0; 0; 823.2; 
567; 0; 0; 0; 823.4; 
567; 0; 0; 0; 823.6; 
567; 0; 0; 0; 823.8; 
567; 0; 0; 0; 824; 
567; 0; 0; 0; 824.2; 
