567; 0; 0; 170; 0; 
567; 0; 0; 170; 0.2; 
567; 0; 0; 170; 0.4; 
567; 0; 0; 170; 0.6; 
567; 0; 0; 170; 0.8; 
567; 0; 0; 170; 1; 
567; 0; 0; 170; 1.2; 
567; 0; 0; 170; 1.4; 
567; 0; 0; 170; 1.6; 
567; 0; 0; 170; 1.8; 
567; 0; 0; 170; 2; 
567; 0; 0; 170; 2.2; 
567; 0; 0; 170; 2.4; 
567; 0; 0; 170; 2.6; 
567; 0; 0; 170; 2.8; 
567; 0; 0; 170; 3; 
567; 0; 0; 170; 3.2; 
567; 0; 0; 170; 3.4; 
567; 0; 0; 170; 3.6; 
567; 0; 0; 170; 3.8; 
567; 0; 0; 170; 4; 
567; 0; 0; 170; 4.2; 
567; 0; 0; 170; 4.4; 
567; 0; 0; 170; 4.6; 
567; 0; 0; 170; 4.8; 
567; 0; 0; 170; 5; 
567; 0; 0; 170; 5.2; 
567; 0; 0; 170; 5.4; 
567; 0; 0; 170; 5.6; 
567; 0; 0; 170; 5.8; 
567; 0; 0; 170; 6; 
567; 0; 0; 170; 6.2; 
567; 0; 0; 170; 6.4; 
567; 0; 0; 170; 6.6; 
567; 0; 0; 170; 6.8; 
567; 0; 0; 170; 7; 
567; 0; 0; 170; 7.2; 
567; 0; 0; 170; 7.4; 
567; 0; 0; 170; 7.6; 
567; 0; 0; 170; 7.8; 
567; 0; 0; 170; 8; 
567; 0; 0; 170; 8.2; 
567; 0; 0; 170; 8.4; 
567; 0; 0; 170; 8.6; 
567; 0; 0; 170; 8.8; 
567; 0; 0; 170; 9; 
567; 0; 0; 170; 9.2; 
567; 0; 0; 170; 9.4; 
567; 0; 0; 170; 9.6; 
567; 0; 0; 170; 9.8; 
567; 0; 0; 170; 10; 
567; 0; 0; 170; 10.2; 
567; 0; 0; 170; 10.4; 
567; 0; 0; 170; 10.6; 
567; 0; 0; 170; 10.8; 
567; 0; 0; 170; 11; 
567; 0; 0; 170; 11.2; 
567; 0; 0; 170; 11.4; 
567; 0; 0; 170; 11.6; 
567; 0; 0; 170; 11.8; 
567; 0; 0; 170; 12; 
567; 0; 0; 170; 12.2; 
567; 0; 0; 170; 12.4; 
567; 0; 0; 170; 12.6; 
567; 0; 0; 170; 12.8; 
567; 0; 0; 170; 13; 
567; 0; 0; 170; 13.2; 
567; 0; 0; 170; 13.4; 
567; 0; 0; 170; 13.6; 
567; 0; 0; 170; 13.8; 
567; 0; 0; 170; 14; 
567; 0; 0; 170; 14.2; 
567; 0; 0; 170; 14.4; 
567; 0; 0; 170; 14.6; 
567; 0; 0; 170; 14.8; 
567; 0; 0; 170; 15; 
567; 0; 0; 170; 15.2; 
567; 0; 0; 170; 15.4; 
567; 0; 0; 170; 15.6; 
567; 0; 0; 170; 15.8; 
567; 0; 0; 170; 16; 
567; 0; 0; 170; 16.2; 
567; 0; 0; 170; 16.4; 
567; 0; 0; 170; 16.6; 
567; 0; 0; 170; 16.8; 
567; 0; 0; 170; 17; 
567; 0; 0; 170; 17.2; 
567; 0; 0; 170; 17.4; 
567; 0; 0; 170; 17.6; 
567; 0; 0; 170; 17.8; 
567; 0; 0; 170; 18; 
567; 0; 0; 170; 18.2; 
567; 0; 0; 170; 18.4; 
567; 0; 0; 170; 18.6; 
567; 0; 0; 170; 18.8; 
567; 0; 0; 170; 19; 
567; 0; 0; 170; 19.2; 
567; 0; 0; 170; 19.4; 
567; 0; 0; 170; 19.6; 
567; 0; 0; 170; 19.8; 
567; 0; 0; 170; 20; 
567; 0; 0; 170; 20.2; 
567; 0; 0; 170; 20.4; 
567; 0; 0; 170; 20.6; 
567; 0; 0; 170; 20.8; 
567; 0; 0; 170; 21; 
567; 0; 0; 170; 21.2; 
567; 0; 0; 170; 21.4; 
567; 0; 0; 170; 21.6; 
567; 0; 0; 170; 21.8; 
567; 0; 0; 170; 22; 
567; 0; 0; 170; 22.2; 
567; 0; 0; 170; 22.4; 
567; 0; 0; 170; 22.6; 
567; 0; 0; 170; 22.8; 
567; 0; 0; 170; 23; 
567; 0; 0; 170; 23.2; 
567; 0; 0; 170; 23.4; 
567; 0; 0; 170; 23.6; 
567; 0; 2503.1948; 170; 23.8; 
567; 0; 2503.1948; 170; 24; 
567; 0; 2503.1948; 170; 24.2; 
567; 0; 2503.1948; 170; 24.4; 
567; 0; 2503.1948; 170; 24.6; 
567; 0; 2503.1948; 170; 24.8; 
567; 0; 2503.1948; 170; 25; 
567; 0; 2503.1948; 170; 25.2; 
567; 0; 2503.1948; 170; 25.4; 
567; 0; 2503.1948; 170; 25.6; 
567; 0; 2503.1948; 170; 25.8; 
567; 0; 2503.1948; 170; 26; 
567; 0; 2503.1948; 170; 26.2; 
567; 0; 2503.1948; 170; 26.4; 
567; 0; 2503.1948; 170; 26.6; 
567; 0; 2503.1948; 170; 26.8; 
567; 0; 2503.1948; 170; 27; 
567; 0; 2503.1948; 170; 27.2; 
567; 0; 2503.1948; 170; 27.4; 
567; 0; 2503.1948; 170; 27.6; 
567; 0; 2503.1948; 170; 27.8; 
567; 0; 2503.1948; 170; 28; 
567; 0; 2503.1948; 170; 28.2; 
567; 0; 2503.1948; 170; 28.4; 
567; 0; 2503.1948; 170; 28.6; 
567; 0; 2503.1948; 170; 28.8; 
567; 0; 2503.1948; 170; 29; 
567; 0; 2503.1948; 170; 29.2; 
567; 0; 2503.1948; 170; 29.4; 
567; 0; 2503.1948; 170; 29.6; 
567; 0; 2503.1948; 170; 29.8; 
567; 0; 2503.1948; 170; 30; 
567; 0; 2503.1948; 170; 30.2; 
567; 0; 2503.1948; 170; 30.4; 
567; 0; 2503.1948; 170; 30.6; 
567; 0; 2503.1948; 170; 30.8; 
567; 0; 2503.1948; 170; 31; 
567; 0; 2503.1948; 170; 31.2; 
567; 0; 2503.1948; 170; 31.4; 
567; 0; 2503.1948; 170; 31.6; 
567; 0; 2503.1948; 170; 31.8; 
567; 0; 2503.1948; 170; 32; 
567; 0; 2503.1948; 170; 32.2; 
567; 0; 2503.1948; 170; 32.4; 
567; 0; 2503.1948; 170; 32.6; 
567; 0; 2503.1948; 170; 32.8; 
567; 0; 2503.1948; 170; 33; 
567; 0; 2503.1948; 170; 33.2; 
567; 0; 2503.1948; 170; 33.4; 
567; 0; 2503.1948; 170; 33.6; 
567; 0; 2503.1948; 170; 33.8; 
567; 0; 2503.1948; 170; 34; 
567; 0; 2503.1948; 170; 34.2; 
567; 0; 2503.1948; 170; 34.4; 
567; 0; 2503.1948; 170; 34.6; 
567; 0; 2503.1948; 170; 34.8; 
567; 0; 2503.1948; 170; 35; 
567; 0; 2503.1948; 170; 35.2; 
567; 0; 2503.1948; 170; 35.4; 
567; 0; 2503.1948; 170; 35.6; 
567; 0; 2503.1948; 170; 35.8; 
567; 0; 2503.1948; 170; 36; 
567; 0; 2503.1948; 170; 36.2; 
567; 0; 2503.1948; 170; 36.4; 
567; 0; 2503.1948; 170; 36.6; 
567; 0; 2503.1948; 170; 36.8; 
567; 0; 2503.1948; 170; 37; 
567; 0; 2503.1948; 170; 37.2; 
567; 0; 2503.1948; 170; 37.4; 
567; 0; 2503.1948; 170; 37.6; 
567; 0; 2503.1948; 170; 37.8; 
567; 0; 2503.1948; 170; 38; 
567; 0; 2503.1948; 170; 38.2; 
567; 0; 2503.1948; 170; 38.4; 
567; 0; 2503.1948; 170; 38.6; 
567; 0; 2503.1948; 170; 38.8; 
567; 0; 2520.1277; 170; 39; 
567; 0; 2554.5811; 170; 39.2; 
567; 0; 2607.0238; 170; 39.4; 
567; 0; 2804.9047; 170; 39.6; 
567; 0; 3061.9139; 170; 39.8; 
567; 0; 3111.9605; 170; 40; 
567; 0; 3145.1337; 170; 40.2; 
567; 0; 3196.3462; 170; 40.4; 
567; 0; 3227.7098; 170; 40.6; 
567; 0; 3256.1418; 170; 40.8; 
567; 0; 3270.3528; 170; 41; 
567; 0; 3284.7209; 170; 41.2; 
567; 0; 3284.2178; 170; 41.4; 
567; 0; 3283.7256; 170; 41.6; 
567; 0; 3268.4058; 170; 41.8; 
567; 0; 3267.9436; 170; 42; 
567; 0; 3267.4913; 170; 42.2; 
567; 0; 3267.0493; 170; 42.4; 
567; 0; 3266.6183; 170; 42.6; 
567; 0; 3266.1992; 170; 42.8; 
567; 0; 3265.7926; 170; 43; 
567; 0; 3265.3989; 170; 43.2; 
567; 0; 3265.0183; 170; 43.4; 
567; 0; 3264.6495; 170; 43.6; 
567; 0; 3264.2914; 170; 43.8; 
567; 0; 3263.943; 170; 44; 
567; 0; 3263.6039; 170; 44.2; 
567; 0; 3263.2735; 170; 44.4; 
567; 0; 3262.9517; 170; 44.6; 
567; 0; 3262.6385; 170; 44.8; 
567; 0; 3262.3336; 170; 45; 
567; 0; 3262.0372; 170; 45.2; 
567; 0; 3261.7493; 170; 45.4; 
567; 0; 3261.4698; 170; 45.6; 
567; 0; 3261.1989; 170; 45.8; 
567; 0; 3260.9366; 170; 46; 
567; 0; 3260.6829; 170; 46.2; 
567; 0; 3260.4379; 170; 46.4; 
567; 0; 3260.2017; 170; 46.6; 
567; 0; 3259.9742; 170; 46.8; 
567; 0; 3259.7556; 170; 47; 
567; 0; 3259.5459; 170; 47.2; 
567; 0; 3273.9879; 170; 47.4; 
567; 0; 3273.7921; 170; 47.6; 
567; 0; 3273.6054; 170; 47.8; 
567; 0; 3273.4282; 170; 48; 
567; 0; 3273.2603; 170; 48.2; 
567; 0; 3273.1018; 170; 48.4; 
567; 0; 3287.7575; 170; 48.6; 
567; 0; 3287.6151; 170; 48.8; 
567; 0; 3287.4827; 170; 49; 
567; 0; 3287.3601; 170; 49.2; 
567; 0; 3287.2476; 170; 49.4; 
567; 0; 3287.1452; 170; 49.6; 
567; 0; 3302.03; 170; 49.8; 
567; 0; 3301.9462; 170; 50; 
567; 0; 3301.8729; 170; 50.2; 
567; 0; 3301.8102; 170; 50.4; 
567; 0; 3316.9211; 170; 50.6; 
567; 0; 3316.879; 170; 50.8; 
567; 0; 3316.848; 170; 51; 
567; 0; 3316.8282; 170; 51.2; 
567; 0; 3332.176; 170; 51.4; 
567; 0; 3332.1789; 170; 51.6; 
567; 0; 3332.1934; 170; 51.8; 
567; 0; 3347.7775; 170; 52; 
567; 0; 3347.8161; 170; 52.2; 
567; 0; 3347.8635; 170; 52.4; 
567; 0; 3347.9163; 170; 52.6; 
567; 0; 3360.4513; 170; 52.8; 
567; 0; 3360.507; 170; 53; 
567; 0; 3360.5603; 170; 53.2; 
567; 0; 3360.6093; 170; 53.4; 
567; 0; 3373.2928; 170; 53.6; 
567; 0; 3373.3296; 170; 53.8; 
567; 0; 3373.3587; 170; 54; 
567; 0; 3373.3798; 170; 54.2; 
567; 0; 3386.1951; 170; 54.4; 
567; 0; 3386.2007; 170; 54.6; 
567; 0; 3386.1991; 170; 54.8; 
567; 0; 3386.1911; 170; 55; 
567; 0; 3399.1433; 170; 55.2; 
567; 0; 3399.1252; 170; 55.4; 
567; 0; 3399.1037; 170; 55.6; 
567; 0; 3399.0799; 170; 55.8; 
567; 0; 3399.0548; 170; 56; 
567; 0; 3412.16; 170; 56.2; 
567; 0; 3412.1348; 170; 56.4; 
567; 0; 3412.1109; 170; 56.6; 
567; 0; 3412.0888; 170; 56.8; 
567; 0; 3425.3678; 170; 57; 
567; 0; 3425.3503; 170; 57.2; 
567; 0; 3425.3354; 170; 57.4; 
567; 0; 3425.3231; 170; 57.6; 
567; 0; 3438.7837; 170; 57.8; 
567; 0; 3438.776; 170; 58; 
567; 0; 3438.7703; 170; 58.2; 
567; 0; 3438.7661; 170; 58.4; 
567; 0; 3438.7632; 170; 58.6; 
567; 0; 3452.4067; 170; 58.8; 
567; 0; 3452.405; 170; 59; 
567; 0; 3452.4035; 170; 59.2; 
567; 0; 3452.4018; 170; 59.4; 
567; 0; 3466.2238; 170; 59.6; 
567; 0; 3466.2212; 170; 59.8; 
567; 0; 3466.2179; 170; 60; 
567; 0; 3466.2139; 170; 60.2; 
567; 0; 3480.2148; 170; 60.4; 
567; 0; 3480.2094; 170; 60.6; 
567; 0; 3480.2035; 170; 60.8; 
567; 0; 3480.1972; 170; 61; 
567; 0; 3480.1906; 170; 61.2; 
567; 0; 3491.278; 170; 61.4; 
567; 0; 3491.2711; 170; 61.6; 
567; 0; 3491.2644; 170; 61.8; 
567; 0; 3491.2579; 170; 62; 
567; 0; 3502.4743; 170; 62.2; 
567; 0; 3502.4684; 170; 62.4; 
567; 0; 3502.4627; 170; 62.6; 
567; 0; 3502.4574; 170; 62.8; 
567; 0; 3502.4525; 170; 63; 
567; 0; 3513.8002; 170; 63.2; 
567; 0; 3513.7959; 170; 63.4; 
567; 0; 3513.7919; 170; 63.6; 
567; 0; 3513.7881; 170; 63.8; 
567; 0; 3513.7843; 170; 64; 
567; 0; 3525.2636; 170; 64.2; 
567; 0; 3525.26; 170; 64.4; 
567; 0; 3525.2564; 170; 64.6; 
567; 0; 3525.2529; 170; 64.8; 
567; 0; 3525.2486; 170; 65; 
567; 0; 3536.8548; 170; 65.2; 
567; 0; 3536.8399; 170; 65.4; 
567; 0; 3536.8163; 170; 65.6; 
567; 0; 3536.7819; 170; 65.8; 
567; 0; 3536.7353; 170; 66; 
567; 0; 3548.097; 170; 66.2; 
567; 0; 3548.0255; 170; 66.4; 
567; 0; 3547.9395; 170; 66.6; 
567; 0; 3547.8414; 170; 66.8; 
567; 0; 3547.735; 170; 67; 
567; 0; 3547.6245; 170; 67.2; 
567; 0; 3558.6784; 170; 67.4; 
567; 0; 3558.5698; 170; 67.6; 
567; 0; 3558.4668; 170; 67.8; 
567; 0; 3558.371; 170; 68; 
567; 0; 3558.2833; 170; 68.2; 
567; 0; 3558.2035; 170; 68.4; 
567; 0; 3569.4197; 170; 68.6; 
567; 0; 3569.3536; 170; 68.8; 
567; 0; 3569.293; 170; 69; 
567; 0; 3569.2368; 170; 69.2; 
567; 0; 3569.1839; 170; 69.4; 
567; 0; 3580.548; 170; 69.6; 
567; 0; 3580.4992; 170; 69.8; 
567; 0; 3580.4518; 170; 70; 
567; 0; 3547.5485; 170; 70.2; 
567; 0; 3500.0227; 170; 70.4; 
567; 0; 3452.2101; 170; 70.6; 
567; 0; 3416.3998; 170; 70.8; 
567; 0; 3368.5981; 170; 71; 
567; 0; 3320.8002; 170; 71.2; 
567; 0; 3273.0061; 170; 71.4; 
567; 0; 3224.1056; 170; 71.6; 
567; 0; 3176.3193; 170; 71.8; 
567; 0; 3138.708; 170; 72; 
567; 0; 3091.8808; 170; 72.2; 
567; 0; 3042.2028; 170; 72.4; 
567; 0; 2994.0941; 170; 72.6; 
567; 0; 2945.9881; 170; 72.8; 
567; 0; 2899.0863; 170; 73; 
567; 0; 2864.9453; 170; 73.2; 
567; 0; 2822.7924; 170; 73.4; 
567; 0; 2781.7801; 170; 73.6; 
567; 0; 2741.9082; 170; 73.8; 
567; 0; 2704.315; 170; 74; 
567; 0; 2666.216; 170; 74.2; 
567; 0; 2627.9359; 170; 74.4; 
567; 0; 2589.6576; 170; 74.6; 
567; 0; 2553.8492; 170; 74.8; 
567; 0; 2527.4517; 170; 75; 
567; 0; 2493.9929; 170; 75.2; 
567; 0; 2460.5355; 170; 75.4; 
567; 0; 2429.5565; 170; 75.6; 
567; 0; 2398.5787; 170; 75.8; 
567; 0; 2370.0115; 170; 76; 
567; 0; 2342.8118; 170; 76.2; 
567; 0; 2316.453; 170; 76.4; 
567; 0; 2290.0915; 170; 76.6; 
567; 0; 2264.9856; 170; 76.8; 
567; 0; 2239.8805; 170; 77; 
567; 0; 2217.285; 170; 77.2; 
567; 0; 2194.689; 170; 77.4; 
567; 0; 2174.602; 170; 77.6; 
567; 0; 2154.5146; 170; 77.8; 
567; 0; 2134.427; 170; 78; 
567; 0; 2124.6466; 170; 78.2; 
567; 0; 2107.0105; 170; 78.4; 
567; 0; 2089.3755; 170; 78.6; 
567; 0; 2073.0008; 170; 78.8; 
567; 0; 2056.6275; 170; 79; 
567; 0; 2041.5147; 170; 79.2; 
567; 0; 2026.403; 170; 79.4; 
567; 0; 2012.2809; 170; 79.6; 
567; 0; 1997.4495; 170; 79.8; 
567; 0; 1982.6185; 170; 80; 
567; 0; 1969.1357; 170; 80.2; 
567; 0; 1957.0011; 170; 80.4; 
567; 0; 1944.8666; 170; 80.6; 
567; 0; 1932.9488; 170; 80.8; 
567; 0; 1922.5135; 170; 81; 
567; 0; 1913.3825; 170; 81.2; 
567; 0; 1902.9472; 170; 81.4; 
567; 0; 1893.8163; 170; 81.6; 
567; 0; 1884.6857; 170; 81.8; 
567; 0; 1876.8594; 170; 82; 
567; 0; 1869.0335; 170; 82.2; 
567; 0; 1862.512; 170; 82.4; 
567; 0; 1854.6865; 170; 82.6; 
567; 0; 1848.1653; 170; 82.8; 
567; 0; 1841.6442; 170; 83; 
567; 0; 1836.4275; 170; 83.2; 
567; 0; 1831.2109; 170; 83.4; 
567; 0; 1825.9944; 170; 83.6; 
567; 0; 1820.7779; 170; 83.8; 
567; 0; 1815.5616; 170; 84; 
567; 0; 1811.6494; 170; 84.2; 
567; 0; 1807.7373; 170; 84.4; 
567; 0; 1803.8252; 170; 84.6; 
567; 0; 1799.913; 170; 84.8; 
567; 0; 1796.0008; 170; 85; 
567; 0; 1793.3928; 170; 85.2; 
567; 0; 1790.7849; 170; 85.4; 
567; 0; 1788.1771; 170; 85.6; 
567; 0; 1785.5694; 170; 85.8; 
567; 0; 1782.9616; 170; 86; 
567; 0; 1780.3539; 170; 86.2; 
567; 0; 1779.0505; 170; 86.4; 
567; 0; 1776.4429; 170; 86.6; 
567; 0; 1775.1396; 170; 86.8; 
567; 0; 1773.8362; 170; 87; 
567; 0; 1772.5329; 170; 87.2; 
567; 0; 1771.2295; 170; 87.4; 
567; 0; 1769.9261; 170; 87.6; 
567; 0; 1769.927; 170; 87.8; 
567; 0; 1768.6238; 170; 88; 
567; 0; 1767.3206; 170; 88.2; 
567; 0; 1767.3216; 170; 88.4; 
567; 0; 1767.3226; 170; 88.6; 
567; 0; 1766.0195; 170; 88.8; 
567; 0; 1766.0205; 170; 89; 
567; 0; 1766.0215; 170; 89.2; 
567; 0; 1766.0223; 170; 89.4; 
567; 0; 1766.023; 170; 89.6; 
567; 0; 1766.0238; 170; 89.8; 
567; 0; 1766.0246; 170; 90; 
567; 0; 1766.0255; 170; 90.2; 
567; 0; 1766.0264; 170; 90.4; 
567; 0; 1766.0274; 170; 90.6; 
567; 0; 1766.0284; 170; 90.8; 
567; 0; 1767.3337; 170; 91; 
567; 0; 1758.7586; 170; 91.2; 
567; 0; 1758.7597; 170; 91.4; 
567; 0; 1760.0615; 170; 91.6; 
567; 0; 1760.0625; 170; 91.8; 
567; 0; 1761.364; 170; 92; 
567; 0; 1761.3649; 170; 92.2; 
567; 0; 1762.6663; 170; 92.4; 
567; 0; 1763.9678; 170; 92.6; 
567; 0; 1765.2693; 170; 92.8; 
567; 0; 1765.2703; 170; 93; 
567; 0; 1766.5719; 170; 93.2; 
567; 0; 1767.8736; 170; 93.4; 
567; 0; 1769.1752; 170; 93.6; 
567; 0; 1770.4769; 170; 93.8; 
567; 0; 1771.7786; 170; 94; 
567; 0; 1773.0803; 170; 94.2; 
567; 0; 1774.3819; 170; 94.4; 
567; 0; 1775.6835; 170; 94.6; 
567; 0; 1776.9851; 170; 94.8; 
567; 0; 1778.2867; 170; 95; 
567; 0; 1779.5882; 170; 95.2; 
567; 0; 1780.8894; 170; 95.4; 
567; 0; 1783.4864; 170; 95.6; 
567; 0; 1788.6725; 170; 95.8; 
567; 0; 1795.1404; 170; 96; 
567; 0; 1804.1849; 170; 96.2; 
567; 0; 1817.102; 170; 96.4; 
567; 0; 1831.2863; 170; 96.6; 
567; 0; 1849.3359; 170; 96.8; 
567; 0; 1869.9478; 170; 97; 
567; 0; 1891.8198; 170; 97.2; 
567; 0; 1913.6547; 170; 97.4; 
567; 0; 1935.7678; 170; 97.6; 
567; 0; 1955.617; 170; 97.8; 
567; 0; 1975.457; 170; 98; 
567; 0; 1993.9516; 170; 98.2; 
567; 0; 2009.7627; 170; 98.4; 
567; 0; 2024.9714; 170; 98.6; 
567; 0; 2038.4957; 170; 98.8; 
567; 0; 2050.7716; 170; 99; 
567; 0; 2063.0517; 170; 99.2; 
567; 0; 2075.3335; 170; 99.4; 
567; 0; 2077.5885; 170; 99.6; 
567; 0; 2089.8251; 170; 99.8; 
567; 0; 2100.8075; 170; 100; 
567; 0; 2113.0345; 170; 100.2; 
567; 0; 2124.0062; 170; 100.4; 
567; 0; 2134.9726; 170; 100.6; 
567; 0; 2145.9345; 170; 100.8; 
567; 0; 2156.8927; 170; 101; 
567; 0; 2166.5986; 170; 101.2; 
567; 0; 2176.303; 170; 101.4; 
567; 0; 2184.7569; 170; 101.6; 
567; 0; 2193.2109; 170; 101.8; 
567; 0; 2201.6651; 170; 102; 
567; 0; 2208.8703; 170; 102.2; 
567; 0; 2216.0756; 170; 102.4; 
567; 0; 2223.2811; 170; 102.6; 
567; 0; 2230.4864; 170; 102.8; 
567; 0; 2236.4419; 170; 103; 
567; 0; 2242.3969; 170; 103.2; 
567; 0; 2248.3512; 170; 103.4; 
567; 0; 2253.0555; 170; 103.6; 
567; 0; 2257.7588; 170; 103.8; 
567; 0; 2263.7104; 170; 104; 
567; 0; 2268.412; 170; 104.2; 
567; 0; 2271.8638; 170; 104.4; 
567; 0; 2276.5642; 170; 104.6; 
567; 0; 2280.0151; 170; 104.8; 
567; 0; 2283.4656; 170; 105; 
567; 0; 2286.9159; 170; 105.2; 
567; 0; 2290.3661; 170; 105.4; 
567; 0; 2292.5674; 170; 105.6; 
567; 0; 2296.0175; 170; 105.8; 
567; 0; 2298.2188; 170; 106; 
567; 0; 2300.4199; 170; 106.2; 
567; 0; 2302.6209; 170; 106.4; 
567; 0; 2304.8217; 170; 106.6; 
567; 0; 2305.7736; 170; 106.8; 
567; 0; 2307.9739; 170; 107; 
567; 0; 2308.9253; 170; 107.2; 
567; 0; 2311.1251; 170; 107.4; 
567; 0; 2312.0761; 170; 107.6; 
567; 0; 2313.0269; 170; 107.8; 
567; 0; 2313.9777; 170; 108; 
567; 0; 2314.9285; 170; 108.2; 
567; 0; 2315.8792; 170; 108.4; 
567; 0; 2315.5815; 170; 108.6; 
567; 0; 2316.532; 170; 108.8; 
567; 0; 2316.2341; 170; 109; 
567; 0; 2317.1844; 170; 109.2; 
567; 0; 2316.8865; 170; 109.4; 
567; 0; 2316.5885; 170; 109.6; 
567; 0; 2317.6205; 170; 109.8; 
567; 0; 2317.356; 170; 110; 
567; 0; 2317.0915; 170; 110.2; 
567; 0; 2316.827; 170; 110.4; 
567; 0; 2316.5625; 170; 110.6; 
567; 0; 2316.298; 170; 110.8; 
567; 0; 2316.0335; 170; 111; 
567; 0; 2315.769; 170; 111.2; 
567; 0; 2315.5045; 170; 111.4; 
567; 0; 2313.9328; 170; 111.6; 
567; 0; 2313.6683; 170; 111.8; 
567; 0; 2313.4036; 170; 112; 
567; 0; 2311.832; 170; 112.2; 
567; 0; 2311.5674; 170; 112.4; 
567; 0; 2311.3028; 170; 112.6; 
567; 0; 2309.7313; 170; 112.8; 
567; 0; 2309.4666; 170; 113; 
567; 0; 2307.8951; 170; 113.2; 
567; 0; 2307.6304; 170; 113.4; 
567; 0; 2306.059; 170; 113.6; 
567; 0; 2305.7943; 170; 113.8; 
567; 0; 2304.2229; 170; 114; 
567; 0; 2303.9581; 170; 114.2; 
567; 0; 2311.5713; 170; 114.4; 
567; 0; 2309.9947; 170; 114.6; 
567; 0; 2309.7295; 170; 114.8; 
567; 0; 2308.1529; 170; 115; 
567; 0; 2306.5764; 170; 115.2; 
567; 0; 2306.3111; 170; 115.4; 
567; 0; 2304.7346; 170; 115.6; 
567; 0; 2303.1581; 170; 115.8; 
567; 0; 2301.5817; 170; 116; 
567; 0; 2300.0208; 170; 116.2; 
567; 0; 2298.47; 170; 116.4; 
567; 0; 2296.9193; 170; 116.6; 
567; 0; 2295.3686; 170; 116.8; 
567; 0; 2295.069; 170; 117; 
567; 0; 2293.5185; 170; 117.2; 
567; 0; 2291.9681; 170; 117.4; 
567; 0; 2290.4178; 170; 117.6; 
567; 0; 2288.8674; 170; 117.8; 
567; 0; 2287.3171; 170; 118; 
567; 0; 2285.7668; 170; 118.2; 
567; 0; 2284.2166; 170; 118.4; 
567; 0; 2282.6663; 170; 118.6; 
567; 0; 2281.1161; 170; 118.8; 
567; 0; 2279.566; 170; 119; 
567; 0; 2278.016; 170; 119.2; 
567; 0; 2276.466; 170; 119.4; 
567; 0; 2274.916; 170; 119.6; 
567; 0; 2273.366; 170; 119.8; 
567; 0; 2271.8162; 170; 120; 
567; 0; 2271.5168; 170; 120.2; 
567; 0; 2269.9671; 170; 120.4; 
567; 0; 2268.4176; 170; 120.6; 
567; 0; 2266.8681; 170; 120.8; 
567; 0; 2265.3187; 170; 121; 
567; 0; 2263.7693; 170; 121.2; 
567; 0; 2263.4701; 170; 121.4; 
567; 0; 2261.9209; 170; 121.6; 
567; 0; 2260.3718; 170; 121.8; 
567; 0; 2258.8227; 170; 122; 
567; 0; 2257.2736; 170; 122.2; 
567; 0; 2255.7245; 170; 122.4; 
567; 0; 2255.4255; 170; 122.6; 
567; 0; 2253.8766; 170; 122.8; 
567; 0; 2252.3277; 170; 123; 
567; 0; 2250.7789; 170; 123.2; 
567; 0; 2250.48; 170; 123.4; 
567; 0; 2248.9313; 170; 123.6; 
567; 0; 2247.3827; 170; 123.8; 
567; 0; 2245.8341; 170; 124; 
567; 0; 2245.5353; 170; 124.2; 
567; 0; 2243.9869; 170; 124.4; 
567; 0; 2242.4386; 170; 124.6; 
567; 0; 2242.14; 170; 124.8; 
567; 0; 2240.5919; 170; 125; 
567; 0; 2239.0437; 170; 125.2; 
567; 0; 2238.7451; 170; 125.4; 
567; 0; 2237.1971; 170; 125.6; 
567; 0; 2235.6492; 170; 125.8; 
567; 0; 2235.3505; 170; 126; 
567; 0; 2233.8027; 170; 126.2; 
567; 0; 2232.255; 170; 126.4; 
567; 0; 2231.9566; 170; 126.6; 
567; 0; 2230.4091; 170; 126.8; 
567; 0; 2228.8616; 170; 127; 
567; 0; 2228.5632; 170; 127.2; 
567; 0; 2227.0158; 170; 127.4; 
567; 0; 2225.4685; 170; 127.6; 
567; 0; 2225.1701; 170; 127.8; 
567; 0; 2223.6229; 170; 128; 
567; 0; 2223.3245; 170; 128.2; 
567; 0; 2221.7775; 170; 128.4; 
567; 0; 2221.4796; 170; 128.6; 
567; 0; 2221.1826; 170; 128.8; 
567; 0; 2220.8871; 170; 129; 
567; 0; 2218.1001; 170; 129.2; 
567; 0; 2215.3264; 170; 129.4; 
567; 0; 2210.076; 170; 129.6; 
567; 0; 2202.354; 170; 129.8; 
567; 0; 2193.4127; 170; 130; 
567; 0; 2183.2546; 170; 130.2; 
567; 0; 2169.3847; 170; 130.4; 
567; 0; 2154.3009; 170; 130.6; 
567; 0; 2136.7552; 170; 130.8; 
567; 0; 2117.9968; 170; 131; 
567; 0; 2098.0241; 170; 131.2; 
567; 0; 2076.8305; 170; 131.4; 
567; 0; 2055.6543; 170; 131.6; 
567; 0; 2036.9822; 170; 131.8; 
567; 0; 2020.8043; 170; 132; 
567; 0; 2006.4578; 170; 132.2; 
567; 0; 1994.4539; 170; 132.4; 
567; 0; 1992.9662; 170; 132.6; 
567; 0; 1983.5645; 170; 132.8; 
567; 0; 1974.146; 170; 133; 
567; 0; 1963.3746; 170; 133.2; 
567; 0; 1952.5982; 170; 133.4; 
567; 0; 1941.8232; 170; 133.6; 
567; 0; 1929.7135; 170; 133.8; 
567; 0; 1916.2727; 170; 134; 
567; 0; 1902.8438; 170; 134.2; 
567; 0; 1889.4264; 170; 134.4; 
567; 0; 1876.0188; 170; 134.6; 
567; 0; 1863.9594; 170; 134.8; 
567; 0; 1850.5624; 170; 135; 
567; 0; 1839.8489; 170; 135.2; 
567; 0; 1829.1337; 170; 135.4; 
567; 0; 1818.4151; 170; 135.6; 
567; 0; 1809.0337; 170; 135.8; 
567; 0; 1800.9895; 170; 136; 
567; 0; 1792.9413; 170; 136.2; 
567; 0; 1784.9729; 170; 136.4; 
567; 0; 1778.4794; 170; 136.6; 
567; 0; 1771.9852; 170; 136.8; 
567; 0; 1765.4912; 170; 137; 
567; 0; 1758.9983; 170; 137.2; 
567; 0; 1752.5068; 170; 137.4; 
567; 0; 1746.017; 170; 137.6; 
567; 0; 1740.8266; 170; 137.8; 
567; 0; 1735.6375; 170; 138; 
567; 0; 1730.2792; 170; 138.2; 
567; 0; 1724.6974; 170; 138.4; 
567; 0; 1719.1156; 170; 138.6; 
567; 0; 1714.9297; 170; 138.8; 
567; 0; 1710.7435; 170; 139; 
567; 0; 1706.5569; 170; 139.2; 
567; 0; 1702.3697; 170; 139.4; 
567; 0; 1699.5782; 170; 139.6; 
567; 0; 1696.7863; 170; 139.8; 
567; 0; 1692.598; 170; 140; 
567; 0; 1689.8057; 170; 140.2; 
567; 0; 1687.0135; 170; 140.4; 
567; 0; 1685.6177; 170; 140.6; 
567; 0; 1682.8258; 170; 140.8; 
567; 0; 1680.0342; 170; 141; 
567; 0; 1678.6389; 170; 141.2; 
567; 0; 1675.8476; 170; 141.4; 
567; 0; 1674.4529; 170; 141.6; 
567; 0; 1673.0582; 170; 141.8; 
567; 0; 1671.6637; 170; 142; 
567; 0; 1670.2691; 170; 142.2; 
567; 0; 1668.8745; 170; 142.4; 
567; 0; 1667.4797; 170; 142.6; 
567; 0; 1667.4809; 170; 142.8; 
567; 0; 1666.0858; 170; 143; 
567; 0; 1664.6909; 170; 143.2; 
567; 0; 1664.6923; 170; 143.4; 
567; 0; 1663.2975; 170; 143.6; 
567; 0; 1663.2989; 170; 143.8; 
567; 0; 1663.3004; 170; 144; 
567; 0; 1663.3018; 170; 144.2; 
567; 0; 1661.9068; 170; 144.4; 
567; 0; 1661.9082; 170; 144.6; 
567; 0; 1661.9095; 170; 144.8; 
567; 0; 1661.9107; 170; 145; 
567; 0; 1661.9119; 170; 145.2; 
567; 0; 1661.9132; 170; 145.4; 
567; 0; 1663.3091; 170; 145.6; 
567; 0; 1666.0927; 170; 145.8; 
567; 0; 1670.2557; 170; 146; 
567; 0; 1678.5834; 170; 146.2; 
567; 0; 1689.6737; 170; 146.4; 
567; 0; 1694.6068; 170; 146.6; 
567; 0; 1712.557; 170; 146.8; 
567; 0; 1731.8589; 170; 147; 
567; 0; 1751.1124; 170; 147.2; 
567; 0; 1770.2747; 170; 147.4; 
567; 0; 1789.8825; 170; 147.6; 
567; 0; 1806.993; 170; 147.8; 
567; 0; 1822.7633; 170; 148; 
567; 0; 1837.2002; 170; 148.2; 
567; 0; 1850.3086; 170; 148.4; 
567; 0; 1862.0906; 170; 148.6; 
567; 0; 1873.8826; 170; 148.8; 
567; 0; 1884.3467; 170; 149; 
567; 0; 1893.4805; 170; 149.2; 
567; 0; 1902.6172; 170; 149.4; 
567; 0; 1913.0903; 170; 149.6; 
567; 0; 1922.2248; 170; 149.8; 
567; 0; 1931.3551; 170; 150; 
567; 0; 1941.8169; 170; 150.2; 
567; 0; 1950.9374; 170; 150.4; 
567; 0; 1960.0533; 170; 150.6; 
567; 0; 1969.1656; 170; 150.8; 
567; 0; 1976.9391; 170; 151; 
567; 0; 1984.7111; 170; 151.2; 
567; 0; 1992.4826; 170; 151.4; 
567; 0; 1998.9182; 170; 151.6; 
567; 0; 2005.3546; 170; 151.8; 
567; 0; 2011.7918; 170; 152; 
567; 0; 2018.107; 170; 152.2; 
567; 0; 2022.8728; 170; 152.4; 
567; 0; 2027.6391; 170; 152.6; 
567; 0; 2032.4053; 170; 152.8; 
567; 0; 2035.9239; 170; 153; 
567; 0; 2040.6895; 170; 153.2; 
567; 0; 2044.2069; 170; 153.4; 
567; 0; 2048.9712; 170; 153.6; 
567; 0; 2052.4874; 170; 153.8; 
567; 0; 2056.0028; 170; 154; 
567; 0; 2058.2704; 170; 154.2; 
567; 0; 2061.7849; 170; 154.4; 
567; 0; 2065.2991; 170; 154.6; 
567; 0; 2067.5658; 170; 154.8; 
567; 0; 2069.8324; 170; 155; 
567; 0; 2072.099; 170; 155.2; 
567; 0; 2074.3655; 170; 155.4; 
567; 0; 2076.6321; 170; 155.6; 
567; 0; 2077.6517; 170; 155.8; 
567; 0; 2079.9184; 170; 156; 
567; 0; 2080.9379; 170; 156.2; 
567; 0; 2083.2044; 170; 156.4; 
567; 0; 2084.2238; 170; 156.6; 
567; 0; 2085.2428; 170; 156.8; 
567; 0; 2086.2616; 170; 157; 
567; 0; 2087.2804; 170; 157.2; 
567; 0; 2088.2991; 170; 157.4; 
567; 0; 2089.3176; 170; 157.6; 
567; 0; 2090.336; 170; 157.8; 
567; 0; 2091.3543; 170; 158; 
567; 0; 2091.1256; 170; 158.2; 
567; 0; 2092.1436; 170; 158.4; 
567; 0; 2091.9148; 170; 158.6; 
567; 0; 2092.9327; 170; 158.8; 
567; 0; 2092.704; 170; 159; 
567; 0; 2093.722; 170; 159.2; 
567; 0; 2093.4933; 170; 159.4; 
567; 0; 2093.2645; 170; 159.6; 
567; 0; 2094.2823; 170; 159.8; 
567; 0; 2094.0535; 170; 160; 
567; 0; 2093.8248; 170; 160.2; 
567; 0; 2093.5961; 170; 160.4; 
567; 0; 2093.3673; 170; 160.6; 
567; 0; 2093.1385; 170; 160.8; 
567; 0; 2092.9097; 170; 161; 
567; 0; 2093.9272; 170; 161.2; 
567; 0; 2093.6989; 170; 161.4; 
567; 0; 2093.4718; 170; 161.6; 
567; 0; 2093.2467; 170; 161.8; 
567; 0; 2093.0247; 170; 162; 
567; 0; 2092.8066; 170; 162.2; 
567; 0; 2092.5937; 170; 162.4; 
567; 0; 2092.3865; 170; 162.6; 
567; 0; 2092.1841; 170; 162.8; 
567; 0; 2093.2302; 170; 163; 
567; 0; 2095.5216; 170; 163.2; 
567; 0; 2099.0551; 170; 163.4; 
567; 0; 2103.8277; 170; 163.6; 
567; 0; 2109.8375; 170; 163.8; 
567; 0; 2117.0837; 170; 164; 
567; 0; 2124.3207; 170; 164.2; 
567; 0; 2131.5488; 170; 164.4; 
567; 0; 2137.5241; 170; 164.6; 
567; 0; 2141.0057; 170; 164.8; 
567; 0; 2142.0082; 170; 165; 
567; 0; 2140.539; 170; 165.2; 
567; 0; 2136.5982; 170; 165.4; 
567; 0; 2128.9469; 170; 165.6; 
567; 0; 2120.082; 170; 165.8; 
567; 0; 2108.7617; 170; 166; 
567; 0; 2094.9881; 170; 166.2; 
567; 0; 2077.5168; 170; 166.4; 
567; 0; 2058.8391; 170; 166.6; 
567; 0; 2037.7081; 170; 166.8; 
567; 0; 2015.2918; 170; 167; 
567; 0; 1991.3877; 170; 167.2; 
567; 0; 1971.4943; 170; 167.4; 
567; 0; 1955.5991; 170; 167.6; 
567; 0; 1945.0256; 170; 167.8; 
567; 0; 1941.1002; 170; 168; 
567; 0; 1941.1504; 170; 168.2; 
567; 0; 1945.173; 170; 168.4; 
567; 0; 1949.1644; 170; 168.6; 
567; 0; 1953.1257; 170; 168.8; 
567; 0; 1954.3942; 170; 169; 
567; 0; 1951.645; 170; 169.2; 
567; 0; 1946.2239; 170; 169.4; 
567; 0; 1936.8091; 170; 169.6; 
567; 0; 1927.412; 170; 169.8; 
567; 0; 1915.3708; 170; 170; 
567; 0; 1902.0211; 170; 170.2; 
567; 0; 1887.3605; 170; 170.4; 
567; 0; 1872.7177; 170; 170.6; 
567; 0; 1858.0857; 170; 170.8; 
567; 0; 1844.7916; 170; 171; 
567; 0; 1841.5077; 170; 171.2; 
567; 0; 1830.8363; 170; 171.4; 
567; 0; 1821.4934; 170; 171.6; 
567; 0; 1813.4781; 170; 171.8; 
567; 0; 1805.4526; 170; 172; 
567; 0; 1798.7569; 170; 172.2; 
567; 0; 1792.055; 170; 172.4; 
567; 0; 1784.0113; 170; 172.6; 
567; 0; 1777.305; 170; 172.8; 
567; 0; 1770.6; 170; 173; 
567; 0; 1762.5596; 170; 173.2; 
567; 0; 1755.8612; 170; 173.4; 
567; 0; 1747.8283; 170; 173.6; 
567; 0; 1741.1371; 170; 173.8; 
567; 0; 1734.4485; 170; 174; 
567; 0; 1727.3873; 170; 174.2; 
567; 0; 1720.1931; 170; 174.4; 
567; 0; 1713.2228; 170; 174.6; 
567; 0; 1707.6561; 170; 174.8; 
567; 0; 1702.0881; 170; 175; 
567; 0; 1697.9119; 170; 175.2; 
567; 0; 1692.3412; 170; 175.4; 
567; 0; 1688.1625; 170; 175.6; 
567; 0; 1683.9828; 170; 175.8; 
567; 0; 1679.8025; 170; 176; 
567; 0; 1675.622; 170; 176.2; 
567; 0; 1672.8347; 170; 176.4; 
567; 0; 1668.6545; 170; 176.6; 
567; 0; 1665.868; 170; 176.8; 
567; 0; 1663.0819; 170; 177; 
567; 0; 1660.2964; 170; 177.2; 
567; 0; 1657.5114; 170; 177.4; 
567; 0; 1654.7267; 170; 177.6; 
567; 0; 1651.9422; 170; 177.8; 
567; 0; 1649.1578; 170; 178; 
567; 0; 1647.7663; 170; 178.2; 
567; 0; 1644.9814; 170; 178.4; 
567; 0; 1643.5894; 170; 178.6; 
567; 0; 1640.804; 170; 178.8; 
567; 0; 1639.4116; 170; 179; 
567; 0; 1638.0193; 170; 179.2; 
567; 0; 1636.6271; 170; 179.4; 
567; 0; 1635.2349; 170; 179.6; 
567; 0; 1633.8428; 170; 179.8; 
567; 0; 1633.8438; 170; 180; 
567; 0; 1632.4517; 170; 180.2; 
567; 0; 1631.0596; 170; 180.4; 
567; 0; 1631.0607; 170; 180.6; 
567; 0; 1629.6687; 170; 180.8; 
567; 0; 1629.6699; 170; 181; 
567; 0; 1628.2779; 170; 181.2; 
567; 0; 1628.2792; 170; 181.4; 
567; 0; 1626.8873; 170; 181.6; 
567; 0; 1626.8886; 170; 181.8; 
567; 0; 1626.8898; 170; 182; 
567; 0; 1626.891; 170; 182.2; 
567; 0; 1625.4991; 170; 182.4; 
567; 0; 1625.5002; 170; 182.6; 
567; 0; 1625.5014; 170; 182.8; 
567; 0; 1625.5026; 170; 183; 
567; 0; 1625.5038; 170; 183.2; 
567; 0; 1625.5051; 170; 183.4; 
567; 0; 1625.5063; 170; 183.6; 
567; 0; 1625.5075; 170; 183.8; 
567; 0; 1625.5086; 170; 184; 
567; 0; 1625.5097; 170; 184.2; 
567; 0; 1625.5108; 170; 184.4; 
567; 0; 1625.5118; 170; 184.6; 
567; 0; 1626.9059; 170; 184.8; 
567; 0; 1626.907; 170; 185; 
567; 0; 1626.9081; 170; 185.2; 
567; 0; 1626.9092; 170; 185.4; 
567; 0; 1626.9104; 170; 185.6; 
567; 0; 1626.9116; 170; 185.8; 
567; 0; 1628.306; 170; 186; 
567; 0; 1628.3073; 170; 186.2; 
567; 0; 1628.3085; 170; 186.4; 
567; 0; 1619.6564; 170; 186.6; 
567; 0; 1621.0469; 170; 186.8; 
567; 0; 1621.0481; 170; 187; 
567; 0; 1621.0492; 170; 187.2; 
567; 0; 1622.4396; 170; 187.4; 
567; 0; 1622.4407; 170; 187.6; 
567; 0; 1623.8312; 170; 187.8; 
567; 0; 1623.8323; 170; 188; 
567; 0; 1625.2227; 170; 188.2; 
567; 0; 1625.2237; 170; 188.4; 
567; 0; 1626.6141; 170; 188.6; 
567; 0; 1626.6152; 170; 188.8; 
567; 0; 1628.0057; 170; 189; 
567; 0; 1629.3961; 170; 189.2; 
567; 0; 1629.3972; 170; 189.4; 
567; 0; 1630.7876; 170; 189.6; 
567; 0; 1632.1781; 170; 189.8; 
567; 0; 1632.1793; 170; 190; 
567; 0; 1633.5698; 170; 190.2; 
567; 0; 1634.9603; 170; 190.4; 
567; 0; 1636.3512; 170; 190.6; 
567; 0; 1636.3529; 170; 190.8; 
567; 0; 1637.7442; 170; 191; 
567; 0; 1637.7461; 170; 191.2; 
567; 0; 1639.1371; 170; 191.4; 
567; 0; 1640.5278; 170; 191.6; 
567; 0; 1640.5288; 170; 191.8; 
567; 0; 1641.9187; 170; 192; 
567; 0; 1643.3083; 170; 192.2; 
567; 0; 1643.3086; 170; 192.4; 
567; 0; 1644.6983; 170; 192.6; 
567; 0; 1644.6988; 170; 192.8; 
567; 0; 1646.0888; 170; 193; 
567; 0; 1646.0896; 170; 193.2; 
567; 0; 1647.4798; 170; 193.4; 
567; 0; 1647.4807; 170; 193.6; 
567; 0; 1648.871; 170; 193.8; 
567; 0; 1648.872; 170; 194; 
567; 0; 1650.2624; 170; 194.2; 
567; 0; 1650.2634; 170; 194.4; 
567; 0; 1651.6538; 170; 194.6; 
567; 0; 1651.6548; 170; 194.8; 
567; 0; 1651.6558; 170; 195; 
567; 0; 1653.046; 170; 195.2; 
567; 0; 1653.047; 170; 195.4; 
567; 0; 1654.4375; 170; 195.6; 
567; 0; 1654.4386; 170; 195.8; 
567; 0; 1654.4396; 170; 196; 
567; 0; 1655.83; 170; 196.2; 
567; 0; 1655.831; 170; 196.4; 
567; 0; 1655.8319; 170; 196.6; 
567; 0; 1655.8329; 170; 196.8; 
567; 0; 1657.2232; 170; 197; 
567; 0; 1657.224; 170; 197.2; 
567; 0; 1657.2248; 170; 197.4; 
567; 0; 1658.6151; 170; 197.6; 
567; 0; 1658.616; 170; 197.8; 
567; 0; 1658.617; 170; 198; 
567; 0; 1658.6178; 170; 198.2; 
567; 0; 1660.0079; 170; 198.4; 
567; 0; 1660.0086; 170; 198.6; 
567; 0; 1660.0093; 170; 198.8; 
567; 0; 1660.0101; 170; 199; 
567; 0; 1661.4004; 170; 199.2; 
567; 0; 1661.4014; 170; 199.4; 
567; 0; 1661.4024; 170; 199.6; 
567; 0; 1661.4033; 170; 199.8; 
567; 0; 1661.4043; 170; 200; 
567; 0; 1662.7945; 170; 200.2; 
567; 0; 1662.7953; 170; 200.4; 
567; 0; 1662.7962; 170; 200.6; 
567; 0; 1662.797; 170; 200.8; 
567; 0; 1662.7978; 170; 201; 
567; 0; 1662.7986; 170; 201.2; 
567; 0; 1664.1888; 170; 201.4; 
567; 0; 1664.1896; 170; 201.6; 
567; 0; 1664.1903; 170; 201.8; 
567; 0; 1664.1911; 170; 202; 
567; 0; 1664.1918; 170; 202.2; 
567; 0; 1664.1925; 170; 202.4; 
567; 0; 1665.5827; 170; 202.6; 
567; 0; 1665.5835; 170; 202.8; 
567; 0; 1665.5844; 170; 203; 
567; 0; 1665.5853; 170; 203.2; 
567; 0; 1665.5863; 170; 203.4; 
567; 0; 1665.5872; 170; 203.6; 
567; 0; 1665.5879; 170; 203.8; 
567; 0; 1665.5886; 170; 204; 
567; 0; 1666.9786; 170; 204.2; 
567; 0; 1666.9793; 170; 204.4; 
567; 0; 1666.98; 170; 204.6; 
567; 0; 1666.9809; 170; 204.8; 
567; 0; 1666.9818; 170; 205; 
567; 0; 1666.9828; 170; 205.2; 
567; 0; 1666.9836; 170; 205.4; 
567; 0; 1666.9843; 170; 205.6; 
567; 0; 1666.9852; 170; 205.8; 
567; 0; 1666.9859; 170; 206; 
567; 0; 1668.376; 170; 206.2; 
567; 0; 1668.3767; 170; 206.4; 
567; 0; 1668.3772; 170; 206.6; 
567; 0; 1668.3778; 170; 206.8; 
567; 0; 1668.3784; 170; 207; 
567; 0; 1668.3792; 170; 207.2; 
567; 0; 1668.38; 170; 207.4; 
567; 0; 1668.3807; 170; 207.6; 
567; 0; 1668.3815; 170; 207.8; 
567; 0; 1668.3823; 170; 208; 
567; 0; 1669.7725; 170; 208.2; 
567; 0; 1669.7733; 170; 208.4; 
567; 0; 1669.7741; 170; 208.6; 
567; 0; 1669.7748; 170; 208.8; 
567; 0; 1669.7756; 170; 209; 
567; 0; 1671.1658; 170; 209.2; 
567; 0; 1671.1666; 170; 209.4; 
567; 0; 1671.1673; 170; 209.6; 
567; 0; 1671.1681; 170; 209.8; 
567; 0; 1671.1689; 170; 210; 
567; 0; 1671.1696; 170; 210.2; 
567; 0; 1671.1704; 170; 210.4; 
567; 0; 1672.5606; 170; 210.6; 
567; 0; 1672.5613; 170; 210.8; 
567; 0; 1672.5619; 170; 211; 
567; 0; 1672.5624; 170; 211.2; 
567; 0; 1672.5629; 170; 211.4; 
567; 0; 1672.5635; 170; 211.6; 
567; 0; 1672.5641; 170; 211.8; 
567; 0; 1672.5648; 170; 212; 
567; 0; 1672.5656; 170; 212.2; 
567; 0; 1672.5664; 170; 212.4; 
567; 0; 1673.9566; 170; 212.6; 
567; 0; 1673.9573; 170; 212.8; 
567; 0; 1673.9581; 170; 213; 
567; 0; 1673.9589; 170; 213.2; 
567; 0; 1673.9597; 170; 213.4; 
567; 0; 1673.9604; 170; 213.6; 
567; 0; 1673.9611; 170; 213.8; 
567; 0; 1673.9617; 170; 214; 
567; 0; 1673.9624; 170; 214.2; 
567; 0; 1673.9631; 170; 214.4; 
567; 0; 1673.9638; 170; 214.6; 
567; 0; 1673.9645; 170; 214.8; 
567; 0; 1673.9652; 170; 215; 
567; 0; 1673.9659; 170; 215.2; 
567; 0; 1673.9665; 170; 215.4; 
567; 0; 1673.9672; 170; 215.6; 
567; 0; 1673.9679; 170; 215.8; 
567; 0; 1673.9686; 170; 216; 
567; 0; 1673.9692; 170; 216.2; 
567; 0; 1673.9699; 170; 216.4; 
567; 0; 1673.9705; 170; 216.6; 
567; 0; 1673.9711; 170; 216.8; 
567; 0; 1673.9716; 170; 217; 
567; 0; 1673.9723; 170; 217.2; 
567; 0; 1673.9732; 170; 217.4; 
567; 0; 1673.9739; 170; 217.6; 
567; 0; 1675.364; 170; 217.8; 
567; 0; 1675.365; 170; 218; 
567; 0; 1675.3672; 170; 218.2; 
567; 0; 1676.7605; 170; 218.4; 
567; 0; 1676.7672; 170; 218.6; 
567; 0; 1676.7777; 170; 218.8; 
567; 0; 1678.1825; 170; 219; 
567; 0; 1678.2041; 170; 219.2; 
567; 0; 1678.2317; 170; 219.4; 
567; 0; 1678.2632; 170; 219.6; 
567; 0; 1681.0745; 170; 219.8; 
567; 0; 1683.8832; 170; 220; 
567; 0; 1689.4647; 170; 220.2; 
567; 0; 1696.4272; 170; 220.4; 
567; 0; 1704.7689; 170; 220.6; 
567; 0; 1713.1341; 170; 220.8; 
567; 0; 1723.1674; 170; 221; 
567; 0; 1730.323; 170; 221.2; 
567; 0; 1738.4697; 170; 221.4; 
567; 0; 1743.7797; 170; 221.6; 
567; 0; 1747.7563; 170; 221.8; 
567; 0; 1751.7359; 170; 222; 
567; 0; 1754.3866; 170; 222.2; 
567; 0; 1755.7095; 170; 222.4; 
567; 0; 1757.0389; 170; 222.6; 
567; 0; 1757.0408; 170; 222.8; 
567; 0; 1757.048; 170; 223; 
567; 0; 1757.0593; 170; 223.2; 
567; 0; 1758.4069; 170; 223.4; 
567; 0; 1759.7551; 170; 223.6; 
567; 0; 1761.1025; 170; 223.8; 
567; 0; 1762.4477; 170; 224; 
567; 0; 1765.1237; 170; 224.2; 
567; 0; 1767.7959; 170; 224.4; 
567; 0; 1771.7982; 170; 224.6; 
567; 0; 1774.462; 170; 224.8; 
567; 0; 1777.1209; 170; 225; 
567; 0; 1779.7749; 170; 225.2; 
567; 0; 1782.4248; 170; 225.4; 
567; 0; 1783.7383; 170; 225.6; 
567; 0; 1783.7175; 170; 225.8; 
567; 0; 1782.3645; 170; 226; 
567; 0; 1781.0151; 170; 226.2; 
567; 0; 1778.3367; 170; 226.4; 
567; 0; 1775.6641; 170; 226.6; 
567; 0; 1772.9973; 170; 226.8; 
567; 0; 1769.0017; 170; 227; 
567; 0; 1765.0101; 170; 227.2; 
567; 0; 1761.0208; 170; 227.4; 
567; 0; 1758.3659; 170; 227.6; 
567; 0; 1755.71; 170; 227.8; 
567; 0; 1753.0518; 170; 228; 
567; 0; 1751.7243; 170; 228.2; 
567; 0; 1749.0596; 170; 228.4; 
567; 0; 1747.7256; 170; 228.6; 
567; 0; 1746.389; 170; 228.8; 
567; 0; 1743.7167; 170; 229; 
567; 0; 1742.3773; 170; 229.2; 
567; 0; 1741.0378; 170; 229.4; 
567; 0; 1738.365; 170; 229.6; 
567; 0; 1735.6934; 170; 229.8; 
567; 0; 1734.3572; 170; 230; 
567; 0; 1731.6128; 170; 230.2; 
567; 0; 1728.7431; 170; 230.4; 
567; 0; 1725.8745; 170; 230.6; 
567; 0; 1723.0066; 170; 230.8; 
567; 0; 1721.5743; 170; 231; 
567; 0; 1718.7067; 170; 231.2; 
567; 0; 1717.2739; 170; 231.4; 
567; 0; 1714.4053; 170; 231.6; 
567; 0; 1712.9713; 170; 231.8; 
567; 0; 1711.5386; 170; 232; 
567; 0; 1708.7599; 170; 232.2; 
567; 0; 1707.3701; 170; 232.4; 
567; 0; 1705.9801; 170; 232.6; 
567; 0; 1704.5899; 170; 232.8; 
567; 0; 1703.1998; 170; 233; 
567; 0; 1701.8098; 170; 233.2; 
567; 0; 1700.4201; 170; 233.4; 
567; 0; 1699.0305; 170; 233.6; 
567; 0; 1697.6414; 170; 233.8; 
567; 0; 1696.2526; 170; 234; 
567; 0; 1694.8639; 170; 234.2; 
567; 0; 1693.4753; 170; 234.4; 
567; 0; 1692.0867; 170; 234.6; 
567; 0; 1690.6982; 170; 234.8; 
567; 0; 1689.3096; 170; 235; 
567; 0; 1687.9207; 170; 235.2; 
567; 0; 1687.9212; 170; 235.4; 
567; 0; 1686.5321; 170; 235.6; 
567; 0; 1685.143; 170; 235.8; 
567; 0; 1685.1432; 170; 236; 
567; 0; 1683.754; 170; 236.2; 
567; 0; 1682.365; 170; 236.4; 
567; 0; 1682.3653; 170; 236.6; 
567; 0; 1680.9764; 170; 236.8; 
567; 0; 1680.9767; 170; 237; 
567; 0; 1679.5878; 170; 237.2; 
567; 0; 1679.5883; 170; 237.4; 
567; 0; 1678.1994; 170; 237.6; 
567; 0; 1678.1999; 170; 237.8; 
567; 0; 1676.811; 170; 238; 
567; 0; 1676.8116; 170; 238.2; 
567; 0; 1676.8121; 170; 238.4; 
567; 0; 1675.4234; 170; 238.6; 
567; 0; 1675.424; 170; 238.8; 
567; 0; 1675.4246; 170; 239; 
567; 0; 1674.0358; 170; 239.2; 
567; 0; 1674.0364; 170; 239.4; 
567; 0; 1674.0368; 170; 239.6; 
567; 0; 1672.6479; 170; 239.8; 
567; 0; 1672.6486; 170; 240; 
567; 0; 1672.6491; 170; 240.2; 
567; 0; 1672.6497; 170; 240.4; 
567; 0; 1671.2607; 170; 240.6; 
567; 0; 1671.2612; 170; 240.8; 
567; 0; 1671.2617; 170; 241; 
567; 0; 1671.2624; 170; 241.2; 
567; 0; 1669.8736; 170; 241.4; 
567; 0; 1669.8742; 170; 241.6; 
567; 0; 1669.875; 170; 241.8; 
567; 0; 1669.8756; 170; 242; 
567; 0; 1669.8763; 170; 242.2; 
567; 0; 1669.8768; 170; 242.4; 
567; 0; 1669.8775; 170; 242.6; 
567; 0; 1668.4887; 170; 242.8; 
567; 0; 1668.4893; 170; 243; 
567; 0; 1668.4898; 170; 243.2; 
567; 0; 1668.4903; 170; 243.4; 
567; 0; 1668.4908; 170; 243.6; 
567; 0; 1668.4914; 170; 243.8; 
567; 0; 1668.4919; 170; 244; 
567; 0; 1668.4923; 170; 244.2; 
567; 0; 1668.4928; 170; 244.4; 
567; 0; 1668.4934; 170; 244.6; 
567; 0; 1668.4942; 170; 244.8; 
567; 0; 1668.495; 170; 245; 
567; 0; 1668.4957; 170; 245.2; 
567; 0; 1668.4964; 170; 245.4; 
567; 0; 1667.1077; 170; 245.6; 
567; 0; 1667.1082; 170; 245.8; 
567; 0; 1667.1087; 170; 246; 
567; 0; 1668.4987; 170; 246.2; 
567; 0; 1668.4998; 170; 246.4; 
567; 0; 1669.8915; 170; 246.6; 
567; 0; 1669.8962; 170; 246.8; 
567; 0; 1669.904; 170; 247; 
567; 0; 1669.9146; 170; 247.2; 
567; 0; 1669.9271; 170; 247.4; 
567; 0; 1669.9396; 170; 247.6; 
567; 0; 1669.9501; 170; 247.8; 
567; 0; 1671.3461; 170; 248; 
567; 0; 1674.1265; 170; 248.2; 
567; 0; 1675.5124; 170; 248.4; 
567; 0; 1676.8938; 170; 248.6; 
567; 0; 1679.6614; 170; 248.8; 
567; 0; 1681.0378; 170; 249; 
567; 0; 1682.4139; 170; 249.2; 
567; 0; 1682.402; 170; 249.4; 
567; 0; 1683.7818; 170; 249.6; 
567; 0; 1683.7754; 170; 249.8; 
567; 0; 1682.3828; 170; 250; 
567; 0; 1682.3827; 170; 250.2; 
567; 0; 1682.3851; 170; 250.4; 
567; 0; 1680.9999; 170; 250.6; 
567; 0; 1681.0048; 170; 250.8; 
567; 0; 1681.0098; 170; 251; 
567; 0; 1679.625; 170; 251.2; 
567; 0; 1679.6286; 170; 251.4; 
567; 0; 1679.6313; 170; 251.6; 
567; 0; 1679.6329; 170; 251.8; 
567; 0; 1678.2443; 170; 252; 
567; 0; 1678.2443; 170; 252.2; 
567; 0; 1678.2438; 170; 252.4; 
567; 0; 1678.2432; 170; 252.6; 
567; 0; 1678.2426; 170; 252.8; 
567; 0; 1678.2424; 170; 253; 
567; 0; 1676.853; 170; 253.2; 
567; 0; 1676.8533; 170; 253.4; 
567; 0; 1676.8539; 170; 253.6; 
567; 0; 1676.8547; 170; 253.8; 
567; 0; 1675.4662; 170; 254; 
567; 0; 1675.4672; 170; 254.2; 
567; 0; 1675.4679; 170; 254.4; 
567; 0; 1675.4687; 170; 254.6; 
567; 0; 1675.4695; 170; 254.8; 
567; 0; 1674.0809; 170; 255; 
567; 0; 1674.0816; 170; 255.2; 
567; 0; 1674.0823; 170; 255.4; 
567; 0; 1674.0828; 170; 255.6; 
567; 0; 1674.0834; 170; 255.8; 
567; 0; 1674.0839; 170; 256; 
567; 0; 1674.0844; 170; 256.2; 
567; 0; 1672.6954; 170; 256.4; 
567; 0; 1672.6959; 170; 256.6; 
567; 0; 1672.6964; 170; 256.8; 
567; 0; 1672.697; 170; 257; 
567; 0; 1672.6976; 170; 257.2; 
567; 0; 1672.6981; 170; 257.4; 
567; 0; 1672.6992; 170; 257.6; 
567; 0; 1674.0908; 170; 257.8; 
567; 0; 1674.0951; 170; 258; 
567; 0; 1674.1024; 170; 258.2; 
567; 0; 1674.1138; 170; 258.4; 
567; 0; 1675.52; 170; 258.6; 
567; 0; 1674.1537; 170; 258.8; 
567; 0; 1675.5719; 170; 259; 
567; 0; 1675.6041; 170; 259.2; 
567; 0; 1678.4152; 170; 259.4; 
567; 0; 1682.6121; 170; 259.6; 
567; 0; 1688.1916; 170; 259.8; 
567; 0; 1695.1513; 170; 260; 
567; 0; 1703.49; 170; 260.2; 
567; 0; 1713.2353; 170; 260.4; 
567; 0; 1721.8309; 170; 260.6; 
567; 0; 1728.9846; 170; 260.8; 
567; 0; 1735.8911; 170; 261; 
567; 0; 1741.2009; 170; 261.2; 
567; 0; 1746.5122; 170; 261.4; 
567; 0; 1749.1594; 170; 261.6; 
567; 0; 1751.8119; 170; 261.8; 
567; 0; 1753.1369; 170; 262; 
567; 0; 1753.1346; 170; 262.2; 
567; 0; 1753.1384; 170; 262.4; 
567; 0; 1754.481; 170; 262.6; 
567; 0; 1754.4932; 170; 262.8; 
567; 0; 1755.8409; 170; 263; 
567; 0; 1757.1886; 170; 263.2; 
567; 0; 1758.5349; 170; 263.4; 
567; 0; 1761.2126; 170; 263.6; 
567; 0; 1762.553; 170; 263.8; 
567; 0; 1766.5577; 170; 264; 
567; 0; 1769.225; 170; 264.2; 
567; 0; 1771.8894; 170; 264.4; 
567; 0; 1774.5516; 170; 264.6; 
567; 0; 1775.8787; 170; 264.8; 
567; 0; 1777.2054; 170; 265; 
567; 0; 1779.8666; 170; 265.2; 
567; 0; 1779.861; 170; 265.4; 
567; 0; 1781.191; 170; 265.6; 
567; 0; 1781.189; 170; 265.8; 
567; 0; 1781.189; 170; 266; 
567; 0; 1781.1907; 170; 266.2; 
567; 0; 1781.1939; 170; 266.4; 
567; 0; 1781.1979; 170; 266.6; 
567; 0; 1782.5363; 170; 266.8; 
567; 0; 1782.5406; 170; 267; 
567; 0; 1782.5443; 170; 267.2; 
567; 0; 1783.8812; 170; 267.4; 
567; 0; 1783.8831; 170; 267.6; 
567; 0; 1785.2178; 170; 267.8; 
567; 0; 1786.551; 170; 268; 
567; 0; 1787.8822; 170; 268.2; 
567; 0; 1789.2104; 170; 268.4; 
567; 0; 1789.201; 170; 268.6; 
567; 0; 1790.5219; 170; 268.8; 
567; 0; 1790.506; 170; 269; 
567; 0; 1789.1548; 170; 269.2; 
567; 0; 1787.804; 170; 269.4; 
567; 0; 1786.4553; 170; 269.6; 
567; 0; 1782.4426; 170; 269.8; 
567; 0; 1779.7684; 170; 270; 
567; 0; 1775.7653; 170; 270.2; 
567; 0; 1771.7668; 170; 270.4; 
567; 0; 1767.7722; 170; 270.6; 
567; 0; 1762.4464; 170; 270.8; 
567; 0; 1758.4555; 170; 271; 
567; 0; 1755.7982; 170; 271.2; 
567; 0; 1751.8056; 170; 271.4; 
567; 0; 1749.1447; 170; 271.6; 
567; 0; 1746.4811; 170; 271.8; 
567; 0; 1743.8149; 170; 272; 
567; 0; 1741.1464; 170; 272.2; 
567; 0; 1739.81; 170; 272.4; 
567; 0; 1737.1386; 170; 272.6; 
567; 0; 1734.4668; 170; 272.8; 
567; 0; 1731.7273; 170; 273; 
567; 0; 1730.2887; 170; 273.2; 
567; 0; 1727.416; 170; 273.4; 
567; 0; 1724.5444; 170; 273.6; 
567; 0; 1721.6741; 170; 273.8; 
567; 0; 1718.8048; 170; 274; 
567; 0; 1715.9362; 170; 274.2; 
567; 0; 1713.068; 170; 274.4; 
567; 0; 1711.6432; 170; 274.6; 
567; 0; 1708.8667; 170; 274.8; 
567; 0; 1707.4791; 170; 275; 
567; 0; 1704.7015; 170; 275.2; 
567; 0; 1703.3127; 170; 275.4; 
567; 0; 1701.9233; 170; 275.6; 
567; 0; 1700.5335; 170; 275.8; 
567; 0; 1699.1434; 170; 276; 
567; 0; 1697.7531; 170; 276.2; 
567; 0; 1696.363; 170; 276.4; 
567; 0; 1694.9733; 170; 276.6; 
567; 0; 1693.5838; 170; 276.8; 
567; 0; 1692.1945; 170; 277; 
567; 0; 1690.8056; 170; 277.2; 
567; 0; 1689.4168; 170; 277.4; 
567; 0; 1688.0283; 170; 277.6; 
567; 0; 1686.6398; 170; 277.8; 
567; 0; 1685.2512; 170; 278; 
567; 0; 1683.8624; 170; 278.2; 
567; 0; 1683.8628; 170; 278.4; 
567; 0; 1682.4737; 170; 278.6; 
567; 0; 1681.0845; 170; 278.8; 
567; 0; 1681.0845; 170; 279; 
567; 0; 1679.6952; 170; 279.2; 
567; 0; 1678.3059; 170; 279.4; 
567; 0; 1678.3062; 170; 279.6; 
567; 0; 1676.9171; 170; 279.8; 
567; 0; 1676.9174; 170; 280; 
567; 0; 1675.5283; 170; 280.2; 
567; 0; 1675.5288; 170; 280.4; 
567; 0; 1674.1398; 170; 280.6; 
567; 0; 1674.1402; 170; 280.8; 
567; 0; 1674.1406; 170; 281; 
567; 0; 1672.7515; 170; 281.2; 
567; 0; 1672.7518; 170; 281.4; 
567; 0; 1671.3629; 170; 281.6; 
567; 0; 1671.3633; 170; 281.8; 
567; 0; 1671.3636; 170; 282; 
567; 0; 1671.3639; 170; 282.2; 
567; 0; 1669.975; 170; 282.4; 
567; 0; 1669.9754; 170; 282.6; 
567; 0; 1669.9758; 170; 282.8; 
567; 0; 1669.9764; 170; 283; 
567; 0; 1668.5876; 170; 283.2; 
567; 0; 1668.5881; 170; 283.4; 
567; 0; 1668.5886; 170; 283.6; 
567; 0; 1668.589; 170; 283.8; 
567; 0; 1668.5894; 170; 284; 
567; 0; 1667.2003; 170; 284.2; 
567; 0; 1667.2006; 170; 284.4; 
567; 0; 1667.2009; 170; 284.6; 
567; 0; 1667.2013; 170; 284.8; 
567; 0; 1667.2017; 170; 285; 
567; 0; 1667.2021; 170; 285.2; 
567; 0; 1667.2025; 170; 285.4; 
567; 0; 1667.2029; 170; 285.6; 
567; 0; 1667.2033; 170; 285.8; 
567; 0; 1667.2038; 170; 286; 
567; 0; 1665.8149; 170; 286.2; 
567; 0; 1665.8154; 170; 286.4; 
567; 0; 1665.8159; 170; 286.6; 
567; 0; 1665.8164; 170; 286.8; 
567; 0; 1665.8168; 170; 287; 
567; 0; 1665.8173; 170; 287.2; 
567; 0; 1665.8178; 170; 287.4; 
567; 0; 1665.8183; 170; 287.6; 
567; 0; 1665.8187; 170; 287.8; 
567; 0; 1665.8192; 170; 288; 
567; 0; 1665.8197; 170; 288.2; 
567; 0; 1667.2098; 170; 288.4; 
567; 0; 1667.2107; 170; 288.6; 
567; 0; 1667.2123; 170; 288.8; 
567; 0; 1667.2145; 170; 289; 
567; 0; 1667.217; 170; 289.2; 
567; 0; 1667.2196; 170; 289.4; 
567; 0; 1667.222; 170; 289.6; 
567; 0; 1667.2237; 170; 289.8; 
567; 0; 1668.6138; 170; 290; 
567; 0; 1668.6134; 170; 290.2; 
567; 0; 1668.6122; 170; 290.4; 
567; 0; 1668.6104; 170; 290.6; 
567; 0; 1669.9976; 170; 290.8; 
567; 0; 1669.9956; 170; 291; 
567; 0; 1669.9938; 170; 291.2; 
567; 0; 1669.9925; 170; 291.4; 
567; 0; 1669.9918; 170; 291.6; 
567; 0; 1669.9917; 170; 291.8; 
567; 0; 1669.9922; 170; 292; 
567; 0; 1669.9931; 170; 292.2; 
567; 0; 1669.9943; 170; 292.4; 
567; 0; 1669.9957; 170; 292.6; 
567; 0; 1668.6076; 170; 292.8; 
567; 0; 1668.6089; 170; 293; 
567; 0; 1668.61; 170; 293.2; 
567; 0; 1668.611; 170; 293.4; 
567; 0; 1668.6118; 170; 293.6; 
567; 0; 1668.6124; 170; 293.8; 
567; 0; 1668.6128; 170; 294; 
567; 0; 1668.6132; 170; 294.2; 
567; 0; 1668.6136; 170; 294.4; 
567; 0; 1668.614; 170; 294.6; 
567; 0; 1668.6144; 170; 294.8; 
567; 0; 1668.6149; 170; 295; 
567; 0; 1668.6154; 170; 295.2; 
567; 0; 1668.6158; 170; 295.4; 
567; 0; 1668.6161; 170; 295.6; 
567; 0; 1668.6164; 170; 295.8; 
567; 0; 1668.6169; 170; 296; 
567; 0; 1668.6175; 170; 296.2; 
567; 0; 1668.6181; 170; 296.4; 
567; 0; 1668.6187; 170; 296.6; 
567; 0; 1668.6192; 170; 296.8; 
567; 0; 1668.6196; 170; 297; 
567; 0; 1668.6201; 170; 297.2; 
567; 0; 1668.6205; 170; 297.4; 
567; 0; 1668.621; 170; 297.6; 
567; 0; 1668.6213; 170; 297.8; 
567; 0; 1668.6216; 170; 298; 
567; 0; 1670.0118; 170; 298.2; 
567; 0; 1670.0141; 170; 298.4; 
567; 0; 1670.019; 170; 298.6; 
567; 0; 1671.4171; 170; 298.8; 
567; 0; 1671.4307; 170; 299; 
567; 0; 1671.4504; 170; 299.2; 
567; 0; 1671.4765; 170; 299.4; 
567; 0; 1672.8965; 170; 299.6; 
567; 0; 1674.3183; 170; 299.8; 
567; 0; 1678.5171; 170; 300; 
567; 0; 1682.7106; 170; 300.2; 
567; 0; 1689.6747; 170; 300.4; 
567; 0; 1698.0183; 170; 300.6; 
567; 0; 1706.3514; 170; 300.8; 
567; 0; 1714.7437; 170; 301; 
567; 0; 1723.3358; 170; 301.2; 
567; 0; 1730.4874; 170; 301.4; 
567; 0; 1735.9533; 170; 301.6; 
567; 0; 1741.2641; 170; 301.8; 
567; 0; 1743.9099; 170; 302; 
567; 0; 1746.5604; 170; 302.2; 
567; 0; 1749.2168; 170; 302.4; 
567; 0; 1749.2119; 170; 302.6; 
567; 0; 1750.5471; 170; 302.8; 
567; 0; 1750.5538; 170; 303; 
567; 0; 1750.5644; 170; 303.2; 
567; 0; 1751.9112; 170; 303.4; 
567; 0; 1753.2587; 170; 303.6; 
567; 0; 1754.6053; 170; 303.8; 
567; 0; 1755.9498; 170; 304; 
567; 0; 1758.6251; 170; 304.2; 
567; 0; 1761.2969; 170; 304.4; 
567; 0; 1765.2992; 170; 304.6; 
567; 0; 1767.9644; 170; 304.8; 
567; 0; 1770.6271; 170; 305; 
567; 0; 1771.9544; 170; 305.2; 
567; 0; 1774.615; 170; 305.4; 
567; 0; 1775.9419; 170; 305.6; 
567; 0; 1777.2699; 170; 305.8; 
567; 0; 1777.2655; 170; 306; 
567; 0; 1777.2631; 170; 306.2; 
567; 0; 1778.5965; 170; 306.4; 
567; 0; 1778.5978; 170; 306.6; 
567; 0; 1778.6005; 170; 306.8; 
567; 0; 1778.6043; 170; 307; 
567; 0; 1778.6087; 170; 307.2; 
567; 0; 1778.613; 170; 307.4; 
567; 0; 1779.9508; 170; 307.6; 
567; 0; 1779.9538; 170; 307.8; 
567; 0; 1781.2897; 170; 308; 
567; 0; 1782.6245; 170; 308.2; 
567; 0; 1782.6243; 170; 308.4; 
567; 0; 1783.9572; 170; 308.6; 
567; 0; 1783.9556; 170; 308.8; 
567; 0; 1785.2875; 170; 309; 
567; 0; 1785.2853; 170; 309.2; 
567; 0; 1785.2833; 170; 309.4; 
567; 0; 1785.2818; 170; 309.6; 
567; 0; 1785.2809; 170; 309.8; 
567; 0; 1785.2805; 170; 310; 
567; 0; 1785.2808; 170; 310.2; 
567; 0; 1785.2816; 170; 310.4; 
567; 0; 1785.2828; 170; 310.6; 
567; 0; 1785.2844; 170; 310.8; 
567; 0; 1785.286; 170; 311; 
567; 0; 1785.2876; 170; 311.2; 
567; 0; 1785.2889; 170; 311.4; 
567; 0; 1785.2899; 170; 311.6; 
567; 0; 1786.6244; 170; 311.8; 
567; 0; 1786.6246; 170; 312; 
567; 0; 1786.6245; 170; 312.2; 
567; 0; 1786.6241; 170; 312.4; 
567; 0; 1786.6236; 170; 312.6; 
567; 0; 1786.623; 170; 312.8; 
567; 0; 1786.6224; 170; 313; 
567; 0; 1786.622; 170; 313.2; 
567; 0; 1786.6217; 170; 313.4; 
567; 0; 1786.6213; 170; 313.6; 
567; 0; 1786.6199; 170; 313.8; 
567; 0; 1787.95; 170; 314; 
567; 0; 1787.9428; 170; 314.2; 
567; 0; 1787.9317; 170; 314.4; 
567; 0; 1787.917; 170; 314.6; 
567; 0; 1786.5662; 170; 314.8; 
567; 0; 1785.215; 170; 315; 
567; 0; 1782.5316; 170; 315.2; 
567; 0; 1778.5174; 170; 315.4; 
567; 0; 1775.8417; 170; 315.6; 
567; 0; 1771.837; 170; 315.8; 
567; 0; 1766.5032; 170; 316; 
567; 0; 1762.5072; 170; 316.2; 
567; 0; 1758.5142; 170; 316.4; 
567; 0; 1753.1887; 170; 316.6; 
567; 0; 1749.1972; 170; 316.8; 
567; 0; 1745.2047; 170; 317; 
567; 0; 1742.5441; 170; 317.2; 
567; 0; 1739.8811; 170; 317.4; 
567; 0; 1735.8816; 170; 317.6; 
567; 0; 1733.2138; 170; 317.8; 
567; 0; 1730.3814; 170; 318; 
567; 0; 1727.508; 170; 318.2; 
567; 0; 1726.0695; 170; 318.4; 
567; 0; 1723.1958; 170; 318.6; 
567; 0; 1720.3227; 170; 318.8; 
567; 0; 1717.4504; 170; 319; 
567; 0; 1714.5791; 170; 319.2; 
567; 0; 1711.7215; 170; 319.4; 
567; 0; 1708.9437; 170; 319.6; 
567; 0; 1706.1664; 170; 319.8; 
567; 0; 1703.3895; 170; 320; 
567; 0; 1702.002; 170; 320.2; 
567; 0; 1699.2251; 170; 320.4; 
567; 0; 1697.8373; 170; 320.6; 
567; 0; 1696.4491; 170; 320.8; 
567; 0; 1693.671; 170; 321; 
567; 0; 1692.2819; 170; 321.2; 
567; 0; 1690.8925; 170; 321.4; 
567; 0; 1689.5029; 170; 321.6; 
567; 0; 1688.1132; 170; 321.8; 
567; 0; 1686.7234; 170; 322; 
567; 0; 1685.3337; 170; 322.2; 
567; 0; 1683.9441; 170; 322.4; 
567; 0; 1682.5547; 170; 322.6; 
567; 0; 1681.1654; 170; 322.8; 
567; 0; 1679.7764; 170; 323; 
567; 0; 1678.3875; 170; 323.2; 
567; 0; 1676.9986; 170; 323.4; 
567; 0; 1676.9991; 170; 323.6; 
567; 0; 1675.6101; 170; 323.8; 
567; 0; 1674.2211; 170; 324; 
567; 0; 1674.2214; 170; 324.2; 
567; 0; 1672.8323; 170; 324.4; 
567; 0; 1672.8326; 170; 324.6; 
567; 0; 1671.4436; 170; 324.8; 
567; 0; 1671.4439; 170; 325; 
567; 0; 1670.0548; 170; 325.2; 
567; 0; 1670.055; 170; 325.4; 
567; 0; 1668.6659; 170; 325.6; 
567; 0; 1668.6662; 170; 325.8; 
567; 0; 1668.6665; 170; 326; 
567; 0; 1667.2775; 170; 326.2; 
567; 0; 1667.2778; 170; 326.4; 
567; 0; 1667.2781; 170; 326.6; 
567; 0; 1665.8889; 170; 326.8; 
567; 0; 1665.8891; 170; 327; 
567; 0; 1665.8894; 170; 327.2; 
567; 0; 1665.8896; 170; 327.4; 
567; 0; 1664.5006; 170; 327.6; 
567; 0; 1664.501; 170; 327.8; 
567; 0; 1664.5014; 170; 328; 
567; 0; 1664.5019; 170; 328.2; 
567; 0; 1664.5022; 170; 328.4; 
567; 0; 1664.5026; 170; 328.6; 
567; 0; 1663.1136; 170; 328.8; 
567; 0; 1663.1139; 170; 329; 
567; 0; 1663.1142; 170; 329.2; 
567; 0; 1663.1145; 170; 329.4; 
567; 0; 1663.1149; 170; 329.6; 
567; 0; 1663.1154; 170; 329.8; 
567; 0; 1663.1159; 170; 330; 
567; 0; 1663.1164; 170; 330.2; 
567; 0; 1663.1169; 170; 330.4; 
567; 0; 1663.1174; 170; 330.6; 
567; 0; 1663.1178; 170; 330.8; 
567; 0; 1663.1181; 170; 331; 
567; 0; 1661.729; 170; 331.2; 
567; 0; 1661.7293; 170; 331.4; 
567; 0; 1661.7295; 170; 331.6; 
567; 0; 1661.7297; 170; 331.8; 
567; 0; 1661.7299; 170; 332; 
567; 0; 1661.7304; 170; 332.2; 
567; 0; 1661.7308; 170; 332.4; 
567; 0; 1661.7313; 170; 332.6; 
567; 0; 1661.7317; 170; 332.8; 
567; 0; 1661.732; 170; 333; 
567; 0; 1661.7322; 170; 333.2; 
567; 0; 1661.7325; 170; 333.4; 
567; 0; 1663.1221; 170; 333.6; 
567; 0; 1663.1224; 170; 333.8; 
567; 0; 1663.1229; 170; 334; 
567; 0; 1663.1234; 170; 334.2; 
567; 0; 1663.124; 170; 334.4; 
567; 0; 1663.1245; 170; 334.6; 
567; 0; 1663.125; 170; 334.8; 
567; 0; 1663.1254; 170; 335; 
567; 0; 1663.1256; 170; 335.2; 
567; 0; 1663.1259; 170; 335.4; 
567; 0; 1663.1262; 170; 335.6; 
567; 0; 1663.1265; 170; 335.8; 
567; 0; 1663.1269; 170; 336; 
567; 0; 1663.1273; 170; 336.2; 
567; 0; 1663.1277; 170; 336.4; 
567; 0; 1663.128; 170; 336.6; 
567; 0; 1663.1285; 170; 336.8; 
567; 0; 1663.1289; 170; 337; 
567; 0; 1663.1293; 170; 337.2; 
567; 0; 1663.1296; 170; 337.4; 
567; 0; 1663.13; 170; 337.6; 
567; 0; 1663.1304; 170; 337.8; 
567; 0; 1663.1307; 170; 338; 
567; 0; 1663.1311; 170; 338.2; 
567; 0; 1663.1315; 170; 338.4; 
567; 0; 1663.1318; 170; 338.6; 
567; 0; 1664.5215; 170; 338.8; 
567; 0; 1664.5217; 170; 339; 
567; 0; 1664.5219; 170; 339.2; 
567; 0; 1664.5222; 170; 339.4; 
567; 0; 1664.5225; 170; 339.6; 
567; 0; 1664.5228; 170; 339.8; 
567; 0; 1664.5232; 170; 340; 
567; 0; 1664.5235; 170; 340.2; 
567; 0; 1664.5238; 170; 340.4; 
567; 0; 1664.5243; 170; 340.6; 
567; 0; 1664.5247; 170; 340.8; 
567; 0; 1664.5252; 170; 341; 
567; 0; 1664.5258; 170; 341.2; 
567; 0; 1664.5262; 170; 341.4; 
567; 0; 1664.5266; 170; 341.6; 
567; 0; 1664.5269; 170; 341.8; 
567; 0; 1664.5273; 170; 342; 
567; 0; 1664.5277; 170; 342.2; 
567; 0; 1665.9174; 170; 342.4; 
567; 0; 1665.9177; 170; 342.6; 
567; 0; 1665.918; 170; 342.8; 
567; 0; 1665.9183; 170; 343; 
567; 0; 1665.9187; 170; 343.2; 
567; 0; 1667.3084; 170; 343.4; 
567; 0; 1667.3088; 170; 343.6; 
567; 0; 1668.6989; 170; 343.8; 
567; 0; 1668.7007; 170; 344; 
567; 0; 1670.094; 170; 344.2; 
567; 0; 1670.1008; 170; 344.4; 
567; 0; 1671.501; 170; 344.6; 
567; 0; 1671.5172; 170; 344.8; 
567; 0; 1671.5396; 170; 345; 
567; 0; 1671.5679; 170; 345.2; 
567; 0; 1672.989; 170; 345.4; 
567; 0; 1675.7995; 170; 345.6; 
567; 0; 1679.9959; 170; 345.8; 
567; 0; 1685.5749; 170; 346; 
567; 0; 1692.5342; 170; 346.2; 
567; 0; 1700.8726; 170; 346.4; 
567; 0; 1709.2008; 170; 346.6; 
567; 0; 1717.6765; 170; 346.8; 
567; 0; 1726.2655; 170; 347; 
567; 0; 1731.9802; 170; 347.2; 
567; 0; 1737.3405; 170; 347.4; 
567; 0; 1741.3186; 170; 347.6; 
567; 0; 1743.9665; 170; 347.8; 
567; 0; 1746.62; 170; 348; 
567; 0; 1747.9459; 170; 348.2; 
567; 0; 1747.9445; 170; 348.4; 
567; 0; 1749.2829; 170; 348.6; 
567; 0; 1749.2919; 170; 348.8; 
567; 0; 1749.304; 170; 349; 
567; 0; 1750.6514; 170; 349.2; 
567; 0; 1751.9983; 170; 349.4; 
567; 0; 1753.3435; 170; 349.6; 
567; 0; 1756.0197; 170; 349.8; 
567; 0; 1758.6926; 170; 350; 
567; 0; 1761.3621; 170; 350.2; 
567; 0; 1764.0283; 170; 350.4; 
567; 0; 1766.6918; 170; 350.6; 
567; 0; 1769.3534; 170; 350.8; 
567; 0; 1770.6802; 170; 351; 
567; 0; 1772.007; 170; 351.2; 
567; 0; 1773.3345; 170; 351.4; 
567; 0; 1774.663; 170; 351.6; 
567; 0; 1774.658; 170; 351.8; 
567; 0; 1775.9869; 170; 352; 
567; 0; 1775.9813; 170; 352.2; 
567; 0; 1775.9751; 170; 352.4; 
567; 0; 1775.9681; 170; 352.6; 
567; 0; 1774.6267; 170; 352.8; 
567; 0; 1774.6193; 170; 353; 
567; 0; 1773.2785; 170; 353.2; 
567; 0; 1770.605; 170; 353.4; 
567; 0; 1769.2671; 170; 353.6; 
567; 0; 1766.5971; 170; 353.8; 
567; 0; 1763.9291; 170; 354; 
567; 0; 1761.2629; 170; 354.2; 
567; 0; 1757.2642; 170; 354.4; 
567; 0; 1754.6004; 170; 354.6; 
567; 0; 1751.9369; 170; 354.8; 
567; 0; 1749.2733; 170; 355; 
567; 0; 1746.609; 170; 355.2; 
567; 0; 1745.2777; 170; 355.4; 
567; 0; 1742.6112; 170; 355.6; 
567; 0; 1739.9436; 170; 355.8; 
567; 0; 1738.6088; 170; 356; 
567; 0; 1735.9394; 170; 356.2; 
567; 0; 1734.6035; 170; 356.4; 
567; 0; 1731.8761; 170; 356.6; 
567; 0; 1729.0033; 170; 356.8; 
567; 0; 1727.5662; 170; 357; 
567; 0; 1724.6945; 170; 357.2; 
567; 0; 1721.8234; 170; 357.4; 
567; 0; 1720.3881; 170; 357.6; 
567; 0; 1717.518; 170; 357.8; 
567; 0; 1716.0835; 170; 358; 
567; 0; 1713.2139; 170; 358.2; 
567; 0; 1711.7967; 170; 358.4; 
567; 0; 1709.0188; 170; 358.6; 
567; 0; 1707.63; 170; 358.8; 
567; 0; 1706.2409; 170; 359; 
567; 0; 1704.8515; 170; 359.2; 
567; 0; 1702.0724; 170; 359.4; 
567; 0; 1700.6826; 170; 359.6; 
567; 0; 1699.2927; 170; 359.8; 
567; 0; 1697.9028; 170; 360; 
567; 0; 1696.5129; 170; 360.2; 
567; 0; 1695.1231; 170; 360.4; 
567; 0; 1693.7335; 170; 360.6; 
567; 0; 1692.344; 170; 360.8; 
567; 0; 1690.9545; 170; 361; 
567; 0; 1689.5652; 170; 361.2; 
567; 0; 1688.176; 170; 361.4; 
567; 0; 1688.1762; 170; 361.6; 
567; 0; 1686.7871; 170; 361.8; 
567; 0; 1685.3979; 170; 362; 
567; 0; 1684.0087; 170; 362.2; 
567; 0; 1682.6194; 170; 362.4; 
567; 0; 1682.6196; 170; 362.6; 
567; 0; 1681.2304; 170; 362.8; 
567; 0; 1681.2305; 170; 363; 
567; 0; 1679.8411; 170; 363.2; 
567; 0; 1678.4517; 170; 363.4; 
567; 0; 1678.4516; 170; 363.6; 
567; 0; 1677.0621; 170; 363.8; 
567; 0; 1677.0621; 170; 364; 
567; 0; 1675.6728; 170; 364.2; 
567; 0; 1675.673; 170; 364.4; 
567; 0; 1674.2839; 170; 364.6; 
567; 0; 1674.2843; 170; 364.8; 
567; 0; 1672.8952; 170; 365; 
567; 0; 1672.8954; 170; 365.2; 
567; 0; 1672.8955; 170; 365.4; 
567; 0; 1671.5061; 170; 365.6; 
567; 0; 1671.5061; 170; 365.8; 
567; 0; 1671.5062; 170; 366; 
567; 0; 1670.1168; 170; 366.2; 
567; 0; 1670.117; 170; 366.4; 
567; 0; 1670.1171; 170; 366.6; 
567; 0; 1668.7279; 170; 366.8; 
567; 0; 1668.7281; 170; 367; 
567; 0; 1668.7283; 170; 367.2; 
567; 0; 1668.7287; 170; 367.4; 
567; 0; 1667.3398; 170; 367.6; 
567; 0; 1667.3403; 170; 367.8; 
567; 0; 1667.3408; 170; 368; 
567; 0; 1667.341; 170; 368.2; 
567; 0; 1665.9518; 170; 368.4; 
567; 0; 1665.9519; 170; 368.6; 
567; 0; 1665.9522; 170; 368.8; 
567; 0; 1665.9525; 170; 369; 
567; 0; 1665.9527; 170; 369.2; 
567; 0; 1665.9529; 170; 369.4; 
567; 0; 1665.9531; 170; 369.6; 
567; 0; 1664.5639; 170; 369.8; 
567; 0; 1664.5641; 170; 370; 
567; 0; 1664.5644; 170; 370.2; 
567; 0; 1664.5648; 170; 370.4; 
567; 0; 1664.5651; 170; 370.6; 
567; 0; 1664.5655; 170; 370.8; 
567; 0; 1664.5658; 170; 371; 
567; 0; 1664.5661; 170; 371.2; 
567; 0; 1664.5663; 170; 371.4; 
567; 0; 1664.5665; 170; 371.6; 
567; 0; 1664.5668; 170; 371.8; 
567; 0; 1664.5671; 170; 372; 
567; 0; 1664.5673; 170; 372.2; 
567; 0; 1664.5675; 170; 372.4; 
567; 0; 1663.1783; 170; 372.6; 
567; 0; 1663.1785; 170; 372.8; 
567; 0; 1663.1788; 170; 373; 
567; 0; 1663.1791; 170; 373.2; 
567; 0; 1663.1796; 170; 373.4; 
567; 0; 1663.1802; 170; 373.6; 
567; 0; 1663.1807; 170; 373.8; 
567; 0; 1663.181; 170; 374; 
567; 0; 1663.1813; 170; 374.2; 
567; 0; 1663.1815; 170; 374.4; 
567; 0; 1663.1816; 170; 374.6; 
567; 0; 1663.1817; 170; 374.8; 
567; 0; 1663.182; 170; 375; 
567; 0; 1663.1823; 170; 375.2; 
567; 0; 1663.1827; 170; 375.4; 
567; 0; 1663.1829; 170; 375.6; 
567; 0; 1663.1831; 170; 375.8; 
567; 0; 1663.1833; 170; 376; 
567; 0; 1663.1837; 170; 376.2; 
567; 0; 1663.184; 170; 376.4; 
567; 0; 1663.1844; 170; 376.6; 
567; 0; 1663.1848; 170; 376.8; 
567; 0; 1663.185; 170; 377; 
567; 0; 1664.5746; 170; 377.2; 
567; 0; 1664.5748; 170; 377.4; 
567; 0; 1664.5749; 170; 377.6; 
567; 0; 1664.5752; 170; 377.8; 
567; 0; 1664.5756; 170; 378; 
567; 0; 1664.576; 170; 378.2; 
567; 0; 1664.5764; 170; 378.4; 
567; 0; 1664.5768; 170; 378.6; 
567; 0; 1664.577; 170; 378.8; 
567; 0; 1665.9666; 170; 379; 
567; 0; 1665.9667; 170; 379.2; 
567; 0; 1665.9668; 170; 379.4; 
567; 0; 1665.967; 170; 379.6; 
567; 0; 1665.9673; 170; 379.8; 
567; 0; 1665.9676; 170; 380; 
567; 0; 1665.9681; 170; 380.2; 
567; 0; 1667.3581; 170; 380.4; 
567; 0; 1667.3587; 170; 380.6; 
567; 0; 1667.3592; 170; 380.8; 
567; 0; 1667.3596; 170; 381; 
567; 0; 1667.3599; 170; 381.2; 
567; 0; 1667.3601; 170; 381.4; 
567; 0; 1667.3602; 170; 381.6; 
567; 0; 1668.7497; 170; 381.8; 
567; 0; 1668.7499; 170; 382; 
567; 0; 1668.7502; 170; 382.2; 
567; 0; 1668.7504; 170; 382.4; 
567; 0; 1668.7507; 170; 382.6; 
567; 0; 1668.751; 170; 382.8; 
567; 0; 1668.7512; 170; 383; 
567; 0; 1668.7515; 170; 383.2; 
567; 0; 1668.7517; 170; 383.4; 
567; 0; 1668.752; 170; 383.6; 
567; 0; 1668.7523; 170; 383.8; 
567; 0; 1668.7525; 170; 384; 
567; 0; 1668.7527; 170; 384.2; 
567; 0; 1668.7531; 170; 384.4; 
567; 0; 1668.7535; 170; 384.6; 
567; 0; 1668.7538; 170; 384.8; 
567; 0; 1668.7541; 170; 385; 
567; 0; 1668.7545; 170; 385.2; 
567; 0; 1668.7547; 170; 385.4; 
567; 0; 1670.1443; 170; 385.6; 
567; 0; 1670.1445; 170; 385.8; 
567; 0; 1670.1447; 170; 386; 
567; 0; 1670.1448; 170; 386.2; 
567; 0; 1670.145; 170; 386.4; 
567; 0; 1670.1453; 170; 386.6; 
567; 0; 1670.1456; 170; 386.8; 
567; 0; 1670.146; 170; 387; 
567; 0; 1670.1463; 170; 387.2; 
567; 0; 1670.1466; 170; 387.4; 
567; 0; 1670.1468; 170; 387.6; 
567; 0; 1670.147; 170; 387.8; 
567; 0; 1670.1471; 170; 388; 
567; 0; 1670.1474; 170; 388.2; 
567; 0; 1670.1476; 170; 388.4; 
567; 0; 1670.1479; 170; 388.6; 
567; 0; 1670.1481; 170; 388.8; 
567; 0; 1670.1483; 170; 389; 
567; 0; 1670.1486; 170; 389.2; 
567; 0; 1670.1489; 170; 389.4; 
567; 0; 1670.1493; 170; 389.6; 
567; 0; 1670.1497; 170; 389.8; 
567; 0; 1668.7607; 170; 390; 
567; 0; 1668.7611; 170; 390.2; 
567; 0; 1668.7613; 170; 390.4; 
567; 0; 1668.7615; 170; 390.6; 
567; 0; 1668.7618; 170; 390.8; 
567; 0; 1668.7622; 170; 391; 
567; 0; 1668.7625; 170; 391.2; 
567; 0; 1668.7627; 170; 391.4; 
567; 0; 1668.7628; 170; 391.6; 
567; 0; 1668.7629; 170; 391.8; 
567; 0; 1670.1524; 170; 392; 
567; 0; 1670.1525; 170; 392.2; 
567; 0; 1670.1526; 170; 392.4; 
567; 0; 1670.1528; 170; 392.6; 
567; 0; 1670.1532; 170; 392.8; 
567; 0; 1670.1535; 170; 393; 
567; 0; 1670.1537; 170; 393.2; 
567; 0; 1670.1539; 170; 393.4; 
567; 0; 1670.1541; 170; 393.6; 
567; 0; 1670.1544; 170; 393.8; 
567; 0; 1670.1547; 170; 394; 
567; 0; 1670.1551; 170; 394.2; 
567; 0; 1670.1554; 170; 394.4; 
567; 0; 1670.1557; 170; 394.6; 
567; 0; 1668.7665; 170; 394.8; 
567; 0; 1668.7668; 170; 395; 
567; 0; 1668.767; 170; 395.2; 
567; 0; 1668.7671; 170; 395.4; 
567; 0; 1668.7672; 170; 395.6; 
567; 0; 1668.7674; 170; 395.8; 
567; 0; 1668.7677; 170; 396; 
567; 0; 1668.768; 170; 396.2; 
567; 0; 1668.7683; 170; 396.4; 
567; 0; 1668.7686; 170; 396.6; 
567; 0; 1668.769; 170; 396.8; 
567; 0; 1668.7692; 170; 397; 
567; 0; 1668.7695; 170; 397.2; 
567; 0; 1668.7697; 170; 397.4; 
567; 0; 1668.77; 170; 397.6; 
567; 0; 1668.7703; 170; 397.8; 
567; 0; 1670.16; 170; 398; 
567; 0; 1670.1602; 170; 398.2; 
567; 0; 1670.1603; 170; 398.4; 
567; 0; 1670.1606; 170; 398.6; 
567; 0; 1670.1609; 170; 398.8; 
567; 0; 1670.1612; 170; 399; 
567; 0; 1670.1613; 170; 399.2; 
567; 0; 1670.1612; 170; 399.4; 
567; 0; 1670.1611; 170; 399.6; 
567; 0; 1670.1612; 170; 399.8; 
567; 0; 1670.1614; 170; 400; 
567; 0; 1670.1619; 170; 400.2; 
567; 0; 1668.7729; 170; 400.4; 
567; 0; 1668.7733; 170; 400.6; 
567; 0; 1668.7737; 170; 400.8; 
567; 0; 1668.774; 170; 401; 
567; 0; 1668.7743; 170; 401.2; 
567; 0; 1668.7746; 170; 401.4; 
567; 0; 1668.7749; 170; 401.6; 
567; 0; 1668.7753; 170; 401.8; 
567; 0; 1668.7756; 170; 402; 
567; 0; 1668.7759; 170; 402.2; 
567; 0; 1668.7761; 170; 402.4; 
567; 0; 1668.7763; 170; 402.6; 
567; 0; 1668.7764; 170; 402.8; 
567; 0; 1668.7765; 170; 403; 
567; 0; 1668.7766; 170; 403.2; 
567; 0; 1668.7768; 170; 403.4; 
567; 0; 1668.7769; 170; 403.6; 
567; 0; 1668.7769; 170; 403.8; 
567; 0; 1668.777; 170; 404; 
567; 0; 1668.7771; 170; 404.2; 
567; 0; 1668.7772; 170; 404.4; 
567; 0; 1668.7775; 170; 404.6; 
567; 0; 1668.7778; 170; 404.8; 
567; 0; 1668.7782; 170; 405; 
567; 0; 1668.7787; 170; 405.2; 
567; 0; 1668.7791; 170; 405.4; 
567; 0; 1668.7795; 170; 405.6; 
567; 0; 1668.7799; 170; 405.8; 
567; 0; 1668.7803; 170; 406; 
567; 0; 1670.1699; 170; 406.2; 
567; 0; 1670.17; 170; 406.4; 
567; 0; 1670.17; 170; 406.6; 
567; 0; 1670.1701; 170; 406.8; 
567; 0; 1670.1702; 170; 407; 
567; 0; 1670.1703; 170; 407.2; 
567; 0; 1670.1705; 170; 407.4; 
567; 0; 1670.1709; 170; 407.6; 
567; 0; 1668.7818; 170; 407.8; 
567; 0; 1668.7821; 170; 408; 
567; 0; 1668.7825; 170; 408.2; 
567; 0; 1668.7828; 170; 408.4; 
567; 0; 1668.7831; 170; 408.6; 
567; 0; 1668.7834; 170; 408.8; 
567; 0; 1668.7835; 170; 409; 
567; 0; 1668.7837; 170; 409.2; 
567; 0; 1668.7839; 170; 409.4; 
567; 0; 1668.784; 170; 409.6; 
567; 0; 1668.7841; 170; 409.8; 
567; 0; 1668.7843; 170; 410; 
567; 0; 1668.7845; 170; 410.2; 
567; 0; 1668.7848; 170; 410.4; 
567; 0; 1668.785; 170; 410.6; 
567; 0; 1668.7852; 170; 410.8; 
567; 0; 1668.7854; 170; 411; 
567; 0; 1654.8914; 170; 411.2; 
567; 0; 1366.4376; 170; 411.4; 
567; 0; 1051.8519; 170; 411.6; 
567; 0; 1018.7581; 170; 411.8; 
567; 0; 1018.7584; 170; 412; 
567; 0; 1018.7589; 170; 412.2; 
567; 0; 1018.7594; 170; 412.4; 
567; 0; 1018.7599; 170; 412.6; 
567; 0; 1018.7605; 170; 412.8; 
567; 0; 1018.7611; 170; 413; 
567; 0; 1018.7618; 170; 413.2; 
567; 0; 1018.7628; 170; 413.4; 
567; 0; 1018.7639; 170; 413.6; 
567; 0; 1018.7652; 170; 413.8; 
567; 0; 1018.7666; 170; 414; 
567; 0; 1018.7682; 170; 414.2; 
567; 0; 1018.7697; 170; 414.4; 
567; 0; 1018.7713; 170; 414.6; 
567; 0; 1018.773; 170; 414.8; 
567; 0; 1018.7748; 170; 415; 
567; 0; 1018.7766; 170; 415.2; 
567; 0; 1018.7786; 170; 415.4; 
567; 0; 1018.7808; 170; 415.6; 
567; 0; 1018.7831; 170; 415.8; 
567; 0; 1018.7855; 170; 416; 
567; 0; 1011.0205; 170; 416.2; 
567; 0; 1011.023; 170; 416.4; 
567; 0; 1011.0257; 170; 416.6; 
567; 0; 1011.0284; 170; 416.8; 
567; 0; 1011.0311; 170; 417; 
567; 0; 1011.0338; 170; 417.2; 
567; 0; 1011.0366; 170; 417.4; 
567; 0; 1011.039; 170; 417.6; 
567; 0; 1011.0413; 170; 417.8; 
567; 0; 1011.0436; 170; 418; 
567; 0; 1011.046; 170; 418.2; 
567; 0; 1011.0484; 170; 418.4; 
567; 0; 1011.0509; 170; 418.6; 
567; 0; 1011.0534; 170; 418.8; 
567; 0; 1011.0559; 170; 419; 
567; 0; 1011.0585; 170; 419.2; 
567; 0; 1011.061; 170; 419.4; 
567; 0; 1011.0636; 170; 419.6; 
567; 0; 1011.0662; 170; 419.8; 
567; 0; 1011.0688; 170; 420; 
567; 0; 1011.0714; 170; 420.2; 
567; 0; 1003.5938; 170; 420.4; 
567; 0; 1003.5963; 170; 420.6; 
567; 0; 1003.5986; 170; 420.8; 
567; 0; 1003.601; 170; 421; 
567; 0; 1003.6033; 170; 421.2; 
567; 0; 1003.6056; 170; 421.4; 
567; 0; 1003.6076; 170; 421.6; 
567; 0; 1003.6098; 170; 421.8; 
567; 0; 1003.612; 170; 422; 
567; 0; 1003.6142; 170; 422.2; 
567; 0; 1003.6165; 170; 422.4; 
567; 0; 1003.6187; 170; 422.6; 
567; 0; 1003.6211; 170; 422.8; 
567; 0; 1003.6237; 170; 423; 
567; 0; 1003.6262; 170; 423.2; 
567; 0; 1003.6286; 170; 423.4; 
567; 0; 1003.6309; 170; 423.6; 
567; 0; 1003.6332; 170; 423.8; 
567; 0; 1003.6353; 170; 424; 
567; 0; 1003.6375; 170; 424.2; 
567; 0; 1003.6397; 170; 424.4; 
567; 0; 1003.6419; 170; 424.6; 
567; 0; 1003.6441; 170; 424.8; 
567; 0; 996.4528; 170; 425; 
567; 0; 996.455; 170; 425.2; 
567; 0; 996.4574; 170; 425.4; 
567; 0; 996.4596; 170; 425.6; 
567; 0; 996.4617; 170; 425.8; 
567; 0; 996.4637; 170; 426; 
567; 0; 996.4657; 170; 426.2; 
567; 0; 996.4677; 170; 426.4; 
567; 0; 996.4696; 170; 426.6; 
567; 0; 996.4714; 170; 426.8; 
567; 0; 996.4734; 170; 427; 
567; 0; 996.4756; 170; 427.2; 
567; 0; 996.478; 170; 427.4; 
567; 0; 996.4802; 170; 427.6; 
567; 0; 996.4825; 170; 427.8; 
567; 0; 996.4846; 170; 428; 
567; 0; 996.4868; 170; 428.2; 
567; 0; 996.4888; 170; 428.4; 
567; 0; 996.4907; 170; 428.6; 
567; 0; 996.4926; 170; 428.8; 
567; 0; 996.4945; 170; 429; 
567; 0; 996.4964; 170; 429.2; 
567; 0; 996.4985; 170; 429.4; 
567; 0; 996.5005; 170; 429.6; 
567; 0; 996.5025; 170; 429.8; 
567; 0; 987.2061; 170; 430; 
567; 0; 987.208; 170; 430.2; 
567; 0; 987.2099; 170; 430.4; 
567; 0; 987.2117; 170; 430.6; 
567; 0; 987.2135; 170; 430.8; 
567; 0; 987.2154; 170; 431; 
567; 0; 987.2173; 170; 431.2; 
567; 0; 987.2191; 170; 431.4; 
567; 0; 987.2209; 170; 431.6; 
567; 0; 987.2228; 170; 431.8; 
567; 0; 987.2246; 170; 432; 
567; 0; 987.2264; 170; 432.2; 
567; 0; 987.2282; 170; 432.4; 
567; 0; 987.2301; 170; 432.6; 
567; 0; 987.232; 170; 432.8; 
567; 0; 987.2338; 170; 433; 
567; 0; 987.2356; 170; 433.2; 
567; 0; 987.2375; 170; 433.4; 
567; 0; 987.2393; 170; 433.6; 
567; 0; 987.2411; 170; 433.8; 
567; 0; 987.2428; 170; 434; 
567; 0; 987.2444; 170; 434.2; 
567; 0; 987.2461; 170; 434.4; 
567; 0; 987.2478; 170; 434.6; 
567; 0; 987.2497; 170; 434.8; 
567; 0; 987.2516; 170; 435; 
567; 0; 987.2534; 170; 435.2; 
567; 0; 987.2552; 170; 435.4; 
567; 0; 978.2939; 170; 435.6; 
567; 0; 978.2956; 170; 435.8; 
567; 0; 978.2973; 170; 436; 
567; 0; 978.299; 170; 436.2; 
567; 0; 978.3005; 170; 436.4; 
567; 0; 979.9144; 170; 436.6; 
567; 0; 996.0397; 170; 436.8; 
567; 0; 1013.7775; 170; 437; 
567; 0; 1029.903; 170; 437.2; 
567; 0; 1047.641; 170; 437.4; 
567; 0; 1063.7668; 170; 437.6; 
567; 0; 1079.8052; 170; 437.8; 
567; 0; 1095.4712; 170; 438; 
567; 0; 1111.1372; 170; 438.2; 
567; 0; 1125.2366; 170; 438.4; 
567; 0; 1139.336; 170; 438.6; 
567; 0; 1153.4353; 170; 438.8; 
567; 0; 1165.9682; 170; 439; 
567; 0; 1178.5011; 170; 439.2; 
567; 0; 1191.0341; 170; 439.4; 
567; 0; 1202.0005; 170; 439.6; 
567; 0; 1212.9669; 170; 439.8; 
567; 0; 1222.3667; 170; 440; 
567; 0; 1231.7665; 170; 440.2; 
567; 0; 1241.1663; 170; 440.4; 
567; 0; 1250.5661; 170; 440.6; 
567; 0; 1258.2685; 170; 440.8; 
567; 0; 1265.2622; 170; 441; 
567; 0; 1272.2579; 170; 441.2; 
567; 0; 1279.2567; 170; 441.4; 
567; 0; 1285.2442; 170; 441.6; 
567; 0; 1289.7712; 170; 441.8; 
567; 0; 1295.8087; 170; 442; 
567; 0; 1300.3495; 170; 442.2; 
567; 0; 1306.3993; 170; 442.4; 
567; 0; 1312.4511; 170; 442.6; 
567; 0; 1320.0049; 170; 442.8; 
567; 0; 1330.5605; 170; 443; 
567; 0; 1341.1074; 170; 443.2; 
567; 0; 1354.6507; 170; 443.4; 
567; 0; 1368.1821; 170; 443.6; 
567; 0; 1371.7275; 170; 443.8; 
567; 0; 1385.1774; 170; 444; 
567; 0; 1397.1229; 170; 444.2; 
567; 0; 1407.5669; 170; 444.4; 
567; 0; 1415.016; 170; 444.6; 
567; 0; 1422.467; 170; 444.8; 
567; 0; 1426.9289; 170; 445; 
567; 0; 1429.9007; 170; 445.2; 
567; 0; 1432.8805; 170; 445.4; 
567; 0; 1434.372; 170; 445.6; 
567; 0; 1434.3745; 170; 445.8; 
567; 0; 1435.8808; 170; 446; 
567; 0; 1435.8952; 170; 446.2; 
567; 0; 1437.4094; 170; 446.4; 
567; 0; 1438.9244; 170; 446.6; 
567; 0; 1441.9351; 170; 446.8; 
567; 0; 1444.9431; 170; 447; 
567; 0; 1447.9472; 170; 447.2; 
567; 0; 1452.4437; 170; 447.4; 
567; 0; 1455.4387; 170; 447.6; 
567; 0; 1459.9264; 170; 447.8; 
567; 0; 1462.9138; 170; 448; 
567; 0; 1465.899; 170; 448.2; 
567; 0; 1468.883; 170; 448.4; 
567; 0; 1470.37; 170; 448.6; 
567; 0; 1471.858; 170; 448.8; 
567; 0; 1473.3477; 170; 449; 
567; 0; 1473.3429; 170; 449.2; 
567; 0; 1474.8373; 170; 449.4; 
567; 0; 1474.8373; 170; 449.6; 
567; 0; 1474.8393; 170; 449.8; 
567; 0; 1474.8431; 170; 450; 
567; 0; 1474.8478; 170; 450.2; 
567; 0; 1474.853; 170; 450.4; 
567; 0; 1474.8579; 170; 450.6; 
567; 0; 1476.3582; 170; 450.8; 
567; 0; 1476.3584; 170; 451; 
567; 0; 1477.8507; 170; 451.2; 
567; 0; 1479.337; 170; 451.4; 
567; 0; 1480.8172; 170; 451.6; 
567; 0; 1480.7954; 170; 451.8; 
567; 0; 1480.7705; 170; 452; 
567; 0; 1479.2481; 170; 452.2; 
567; 0; 1476.2322; 170; 452.4; 
567; 0; 1471.7241; 170; 452.6; 
567; 0; 1467.222; 170; 452.8; 
567; 0; 1462.7267; 170; 453; 
567; 0; 1456.7411; 170; 453.2; 
567; 0; 1450.7613; 170; 453.4; 
567; 0; 1444.786; 170; 453.6; 
567; 0; 1440.3103; 170; 453.8; 
567; 0; 1435.8353; 170; 454; 
567; 0; 1431.3602; 170; 454.2; 
567; 0; 1428.3792; 170; 454.4; 
567; 0; 1425.3945; 170; 454.6; 
567; 0; 1422.4057; 170; 454.8; 
567; 0; 1420.9099; 170; 455; 
567; 0; 1417.9139; 170; 455.2; 
567; 0; 1416.4126; 170; 455.4; 
567; 0; 1413.4131; 170; 455.6; 
567; 0; 1411.9103; 170; 455.8; 
567; 0; 1410.4079; 170; 456; 
567; 0; 1407.4096; 170; 456.2; 
567; 0; 1405.9097; 170; 456.4; 
567; 0; 1402.9144; 170; 456.6; 
567; 0; 1401.4174; 170; 456.8; 
567; 0; 1398.4248; 170; 457; 
567; 0; 1396.9299; 170; 457.2; 
567; 0; 1393.9387; 170; 457.4; 
567; 0; 1392.4445; 170; 457.6; 
567; 0; 1390.9501; 170; 457.8; 
567; 0; 1389.4552; 170; 458; 
567; 0; 1387.9595; 170; 458.2; 
567; 0; 1386.4632; 170; 458.4; 
567; 0; 1386.4631; 170; 458.6; 
567; 0; 1384.9658; 170; 458.8; 
567; 0; 1383.4682; 170; 459; 
567; 0; 1383.4672; 170; 459.2; 
567; 0; 1381.9694; 170; 459.4; 
567; 0; 1381.9685; 170; 459.6; 
567; 0; 1380.4708; 170; 459.8; 
567; 0; 1380.4702; 170; 460; 
567; 0; 1378.9728; 170; 460.2; 
567; 0; 1378.9726; 170; 460.4; 
567; 0; 1377.4756; 170; 460.6; 
567; 0; 1377.4758; 170; 460.8; 
567; 0; 1375.979; 170; 461; 
567; 0; 1375.979; 170; 461.2; 
567; 0; 1375.979; 170; 461.4; 
567; 0; 1374.4819; 170; 461.6; 
567; 0; 1374.4817; 170; 461.8; 
567; 0; 1374.4815; 170; 462; 
567; 0; 1372.9845; 170; 462.2; 
567; 0; 1372.9844; 170; 462.4; 
567; 0; 1372.9843; 170; 462.6; 
567; 0; 1372.9842; 170; 462.8; 
567; 0; 1371.4871; 170; 463; 
567; 0; 1371.4869; 170; 463.2; 
567; 0; 1371.4867; 170; 463.4; 
567; 0; 1371.4865; 170; 463.6; 
567; 0; 1369.9895; 170; 463.8; 
567; 0; 1369.9894; 170; 464; 
567; 0; 1369.9893; 170; 464.2; 
567; 0; 1369.9893; 170; 464.4; 
567; 0; 1369.9892; 170; 464.6; 
567; 0; 1369.989; 170; 464.8; 
567; 0; 1369.9888; 170; 465; 
567; 0; 1368.4917; 170; 465.2; 
567; 0; 1368.4915; 170; 465.4; 
567; 0; 1368.4914; 170; 465.6; 
567; 0; 1368.4913; 170; 465.8; 
567; 0; 1368.4913; 170; 466; 
567; 0; 1368.4913; 170; 466.2; 
567; 0; 1368.4912; 170; 466.4; 
567; 0; 1368.4911; 170; 466.6; 
567; 0; 1368.4909; 170; 466.8; 
567; 0; 1366.9938; 170; 467; 
567; 0; 1366.9936; 170; 467.2; 
567; 0; 1366.9935; 170; 467.4; 
567; 0; 1366.9933; 170; 467.6; 
567; 0; 1366.9931; 170; 467.8; 
567; 0; 1376.9467; 170; 468; 
567; 0; 1376.9466; 170; 468.2; 
567; 0; 1376.9464; 170; 468.4; 
567; 0; 1376.9463; 170; 468.6; 
567; 0; 1376.9463; 170; 468.8; 
567; 0; 1375.4426; 170; 469; 
567; 0; 1375.4425; 170; 469.2; 
567; 0; 1375.4424; 170; 469.4; 
567; 0; 1373.9388; 170; 469.6; 
567; 0; 1373.9388; 170; 469.8; 
567; 0; 1373.9388; 170; 470; 
567; 0; 1372.4351; 170; 470.2; 
567; 0; 1372.4351; 170; 470.4; 
567; 0; 1370.9315; 170; 470.6; 
567; 0; 1370.9313; 170; 470.8; 
567; 0; 1369.4275; 170; 471; 
567; 0; 1369.4272; 170; 471.2; 
567; 0; 1369.4269; 170; 471.4; 
567; 0; 1367.9231; 170; 471.6; 
567; 0; 1367.9229; 170; 471.8; 
567; 0; 1366.419; 170; 472; 
567; 0; 1366.4188; 170; 472.2; 
567; 0; 1366.4186; 170; 472.4; 
567; 0; 1364.9149; 170; 472.6; 
567; 0; 1364.915; 170; 472.8; 
567; 0; 1363.4115; 170; 473; 
567; 0; 1363.4116; 170; 473.2; 
567; 0; 1363.4115; 170; 473.4; 
567; 0; 1363.4114; 170; 473.6; 
567; 0; 1361.9076; 170; 473.8; 
567; 0; 1361.9074; 170; 474; 
567; 0; 1361.9071; 170; 474.2; 
567; 0; 1361.9068; 170; 474.4; 
567; 0; 1361.9065; 170; 474.6; 
567; 0; 1360.4027; 170; 474.8; 
567; 0; 1360.4026; 170; 475; 
567; 0; 1360.4026; 170; 475.2; 
567; 0; 1360.4028; 170; 475.4; 
567; 0; 1360.4041; 170; 475.6; 
567; 0; 1361.9113; 170; 475.8; 
567; 0; 1361.9188; 170; 476; 
567; 0; 1361.9314; 170; 476.2; 
567; 0; 1360.4469; 170; 476.4; 
567; 0; 1360.4735; 170; 476.6; 
567; 0; 1360.5065; 170; 476.8; 
567; 0; 1362.0465; 170; 477; 
567; 0; 1365.0901; 170; 477.2; 
567; 0; 1371.1369; 170; 477.4; 
567; 0; 1368.7186; 170; 477.6; 
567; 0; 1377.7147; 170; 477.8; 
567; 0; 1386.6994; 170; 478; 
567; 0; 1398.6664; 170; 478.2; 
567; 0; 1409.1261; 170; 478.4; 
567; 0; 1419.5775; 170; 478.6; 
567; 0; 1427.0296; 170; 478.8; 
567; 0; 1434.4794; 170; 479; 
567; 0; 1440.433; 170; 479.2; 
567; 0; 1443.3964; 170; 479.4; 
567; 0; 1446.3658; 170; 479.6; 
567; 0; 1447.8459; 170; 479.8; 
567; 0; 1447.8374; 170; 480; 
567; 0; 1447.8371; 170; 480.2; 
567; 0; 1447.844; 170; 480.4; 
567; 0; 1447.8565; 170; 480.6; 
567; 0; 1447.8725; 170; 480.8; 
567; 0; 1447.8899; 170; 481; 
567; 0; 1449.4036; 170; 481.2; 
567; 0; 1450.9152; 170; 481.4; 
567; 0; 1453.9203; 170; 481.6; 
567; 0; 1456.9211; 170; 481.8; 
567; 0; 1459.9174; 170; 482; 
567; 0; 1464.4063; 170; 482.2; 
567; 0; 1467.3949; 170; 482.4; 
567; 0; 1468.8839; 170; 482.6; 
567; 0; 1471.8682; 170; 482.8; 
567; 0; 1473.3553; 170; 483; 
567; 0; 1474.843; 170; 483.2; 
567; 0; 1474.8353; 170; 483.4; 
567; 0; 1474.8297; 170; 483.6; 
567; 0; 1474.8266; 170; 483.8; 
567; 0; 1474.826; 170; 484; 
567; 0; 1474.8276; 170; 484.2; 
567; 0; 1474.8309; 170; 484.4; 
567; 0; 1474.8355; 170; 484.6; 
567; 0; 1474.8407; 170; 484.8; 
567; 0; 1474.8458; 170; 485; 
567; 0; 1474.8503; 170; 485.2; 
567; 0; 1474.8537; 170; 485.4; 
567; 0; 1476.3527; 170; 485.6; 
567; 0; 1476.3535; 170; 485.8; 
567; 0; 1477.8499; 170; 486; 
567; 0; 1477.8484; 170; 486.2; 
567; 0; 1479.3431; 170; 486.4; 
567; 0; 1479.3403; 170; 486.6; 
567; 0; 1479.3374; 170; 486.8; 
567; 0; 1479.3347; 170; 487; 
567; 0; 1480.8294; 170; 487.2; 
567; 0; 1480.8278; 170; 487.4; 
567; 0; 1479.3299; 170; 487.6; 
567; 0; 1479.3295; 170; 487.8; 
567; 0; 1479.3297; 170; 488; 
567; 0; 1479.3305; 170; 488.2; 
567; 0; 1479.3318; 170; 488.4; 
567; 0; 1479.3331; 170; 488.6; 
567; 0; 1479.3344; 170; 488.8; 
567; 0; 1479.3355; 170; 489; 
567; 0; 1479.3364; 170; 489.2; 
567; 0; 1479.3369; 170; 489.4; 
567; 0; 1479.3371; 170; 489.6; 
567; 0; 1479.3369; 170; 489.8; 
567; 0; 1480.8334; 170; 490; 
567; 0; 1480.8327; 170; 490.2; 
567; 0; 1480.8319; 170; 490.4; 
567; 0; 1480.831; 170; 490.6; 
567; 0; 1480.8302; 170; 490.8; 
567; 0; 1480.8296; 170; 491; 
567; 0; 1480.8292; 170; 491.2; 
567; 0; 1480.8289; 170; 491.4; 
567; 0; 1480.8289; 170; 491.6; 
567; 0; 1480.8289; 170; 491.8; 
567; 0; 1480.8291; 170; 492; 
567; 0; 1479.3323; 170; 492.2; 
567; 0; 1479.3324; 170; 492.4; 
567; 0; 1479.3324; 170; 492.6; 
567; 0; 1479.3325; 170; 492.8; 
567; 0; 1479.3325; 170; 493; 
567; 0; 1479.3325; 170; 493.2; 
567; 0; 1480.829; 170; 493.4; 
567; 0; 1480.827; 170; 493.6; 
567; 0; 1480.8216; 170; 493.8; 
567; 0; 1482.2681; 170; 494; 
567; 0; 1482.2538; 170; 494.2; 
567; 0; 1482.235; 170; 494.4; 
567; 0; 1480.7507; 170; 494.6; 
567; 0; 1479.2292; 170; 494.8; 
567; 0; 1476.2129; 170; 495; 
567; 0; 1471.7037; 170; 495.2; 
567; 0; 1467.2004; 170; 495.4; 
567; 0; 1461.2069; 170; 495.6; 
567; 0; 1455.2201; 170; 495.8; 
567; 0; 1449.2392; 170; 496; 
567; 0; 1443.2627; 170; 496.2; 
567; 0; 1438.7856; 170; 496.4; 
567; 0; 1432.8124; 170; 496.6; 
567; 0; 1428.3352; 170; 496.8; 
567; 0; 1423.8558; 170; 497; 
567; 0; 1420.8707; 170; 497.2; 
567; 0; 1417.8824; 170; 497.4; 
567; 0; 1414.8908; 170; 497.6; 
567; 0; 1411.8967; 170; 497.8; 
567; 0; 1410.3975; 170; 498; 
567; 0; 1407.4002; 170; 498.2; 
567; 0; 1404.4025; 170; 498.4; 
567; 0; 1402.9021; 170; 498.6; 
567; 0; 1399.9057; 170; 498.8; 
567; 0; 1396.9103; 170; 499; 
567; 0; 1395.4126; 170; 499.2; 
567; 0; 1392.419; 170; 499.4; 
567; 0; 1390.923; 170; 499.6; 
567; 0; 1389.4276; 170; 499.8; 
567; 0; 1386.4356; 170; 500; 
567; 0; 1384.9405; 170; 500.2; 
567; 0; 1383.4453; 170; 500.4; 
567; 0; 1381.9498; 170; 500.6; 
567; 0; 1380.4539; 170; 500.8; 
567; 0; 1378.9575; 170; 501; 
567; 0; 1378.9575; 170; 501.2; 
567; 0; 1377.4604; 170; 501.4; 
567; 0; 1375.9629; 170; 501.6; 
567; 0; 1375.9623; 170; 501.8; 
567; 0; 1374.4649; 170; 502; 
567; 0; 1374.4644; 170; 502.2; 
567; 0; 1372.9672; 170; 502.4; 
567; 0; 1372.9669; 170; 502.6; 
567; 0; 1371.4699; 170; 502.8; 
567; 0; 1371.47; 170; 503; 
567; 0; 1369.9733; 170; 503.2; 
567; 0; 1369.9736; 170; 503.4; 
567; 0; 1369.9737; 170; 503.6; 
567; 0; 1368.4769; 170; 503.8; 
567; 0; 1368.477; 170; 504; 
567; 0; 1368.4771; 170; 504.2; 
567; 0; 1368.477; 170; 504.4; 
567; 0; 1366.9799; 170; 504.6; 
567; 0; 1366.9795; 170; 504.8; 
567; 0; 1376.9328; 170; 505; 
567; 0; 1376.9326; 170; 505.2; 
567; 0; 1376.9324; 170; 505.4; 
567; 0; 1375.4287; 170; 505.6; 
567; 0; 1375.4286; 170; 505.8; 
567; 0; 1375.4285; 170; 506; 
567; 0; 1373.9249; 170; 506.2; 
567; 0; 1373.9247; 170; 506.4; 
567; 0; 1373.9247; 170; 506.6; 
567; 0; 1372.4211; 170; 506.8; 
567; 0; 1372.4212; 170; 507; 
567; 0; 1370.9177; 170; 507.2; 
567; 0; 1370.9179; 170; 507.4; 
567; 0; 1369.4145; 170; 507.6; 
567; 0; 1369.4145; 170; 507.8; 
567; 0; 1367.9109; 170; 508; 
567; 0; 1367.9107; 170; 508.2; 
567; 0; 1366.4067; 170; 508.4; 
567; 0; 1366.4063; 170; 508.6; 
567; 0; 1366.4058; 170; 508.8; 
567; 0; 1364.9018; 170; 509; 
567; 0; 1364.9016; 170; 509.2; 
567; 0; 1363.3979; 170; 509.4; 
567; 0; 1363.3979; 170; 509.6; 
567; 0; 1363.3979; 170; 509.8; 
567; 0; 1361.8944; 170; 510; 
567; 0; 1361.8943; 170; 510.2; 
567; 0; 1361.8943; 170; 510.4; 
567; 0; 1360.3906; 170; 510.6; 
567; 0; 1360.3905; 170; 510.8; 
567; 0; 1360.3905; 170; 511; 
567; 0; 1360.3905; 170; 511.2; 
567; 0; 1358.8869; 170; 511.4; 
567; 0; 1358.887; 170; 511.6; 
567; 0; 1358.887; 170; 511.8; 
567; 0; 1358.887; 170; 512; 
567; 0; 1358.8868; 170; 512.2; 
567; 0; 1358.8866; 170; 512.4; 
567; 0; 1357.3829; 170; 512.6; 
567; 0; 1357.3828; 170; 512.8; 
567; 0; 1357.3827; 170; 513; 
567; 0; 1357.3825; 170; 513.2; 
567; 0; 1357.3823; 170; 513.4; 
567; 0; 1357.3822; 170; 513.6; 
567; 0; 1357.3821; 170; 513.8; 
567; 0; 1357.3819; 170; 514; 
567; 0; 1357.3818; 170; 514.2; 
567; 0; 1355.8782; 170; 514.4; 
567; 0; 1355.8781; 170; 514.6; 
567; 0; 1355.8781; 170; 514.8; 
567; 0; 1355.878; 170; 515; 
567; 0; 1355.8781; 170; 515.2; 
567; 0; 1355.8781; 170; 515.4; 
567; 0; 1355.8782; 170; 515.6; 
567; 0; 1355.8782; 170; 515.8; 
567; 0; 1355.8783; 170; 516; 
567; 0; 1355.8784; 170; 516.2; 
567; 0; 1355.8784; 170; 516.4; 
567; 0; 1355.8784; 170; 516.6; 
567; 0; 1355.8783; 170; 516.8; 
567; 0; 1355.8782; 170; 517; 
567; 0; 1355.878; 170; 517.2; 
567; 0; 1355.8779; 170; 517.4; 
567; 0; 1355.8777; 170; 517.6; 
567; 0; 1355.8776; 170; 517.8; 
567; 0; 1355.8774; 170; 518; 
567; 0; 1354.3737; 170; 518.2; 
567; 0; 1354.3737; 170; 518.4; 
567; 0; 1354.3736; 170; 518.6; 
567; 0; 1354.3735; 170; 518.8; 
567; 0; 1354.3735; 170; 519; 
567; 0; 1354.3735; 170; 519.2; 
567; 0; 1354.3735; 170; 519.4; 
567; 0; 1354.3737; 170; 519.6; 
567; 0; 1354.3738; 170; 519.8; 
567; 0; 1354.3739; 170; 520; 
567; 0; 1354.374; 170; 520.2; 
567; 0; 1354.374; 170; 520.4; 
567; 0; 1354.374; 170; 520.6; 
567; 0; 1354.3739; 170; 520.8; 
567; 0; 1354.3739; 170; 521; 
567; 0; 1354.3738; 170; 521.2; 
567; 0; 1354.3737; 170; 521.4; 
567; 0; 1354.3736; 170; 521.6; 
567; 0; 1354.3735; 170; 521.8; 
567; 0; 1354.3734; 170; 522; 
567; 0; 1354.3732; 170; 522.2; 
567; 0; 1354.373; 170; 522.4; 
567; 0; 1354.3729; 170; 522.6; 
567; 0; 1354.3729; 170; 522.8; 
567; 0; 1354.3729; 170; 523; 
567; 0; 1354.373; 170; 523.2; 
567; 0; 1354.3731; 170; 523.4; 
567; 0; 1354.3731; 170; 523.6; 
567; 0; 1354.3731; 170; 523.8; 
567; 0; 1354.3729; 170; 524; 
567; 0; 1354.3728; 170; 524.2; 
567; 0; 1354.3727; 170; 524.4; 
567; 0; 1354.3726; 170; 524.6; 
567; 0; 1354.3726; 170; 524.8; 
567; 0; 1354.3726; 170; 525; 
567; 0; 1354.3727; 170; 525.2; 
567; 0; 1354.3728; 170; 525.4; 
567; 0; 1354.3729; 170; 525.6; 
567; 0; 1354.3729; 170; 525.8; 
567; 0; 1354.3729; 170; 526; 
567; 0; 1354.3728; 170; 526.2; 
567; 0; 1354.3727; 170; 526.4; 
567; 0; 1354.3726; 170; 526.6; 
567; 0; 1354.3725; 170; 526.8; 
567; 0; 1354.3725; 170; 527; 
567; 0; 1354.3724; 170; 527.2; 
567; 0; 1354.3724; 170; 527.4; 
567; 0; 1354.3723; 170; 527.6; 
567; 0; 1354.3722; 170; 527.8; 
567; 0; 1354.3722; 170; 528; 
567; 0; 1354.3722; 170; 528.2; 
567; 0; 1354.3722; 170; 528.4; 
567; 0; 1354.3722; 170; 528.6; 
567; 0; 1352.8687; 170; 528.8; 
567; 0; 1352.8686; 170; 529; 
567; 0; 1352.8686; 170; 529.2; 
567; 0; 1352.8685; 170; 529.4; 
567; 0; 1352.8685; 170; 529.6; 
567; 0; 1352.8685; 170; 529.8; 
567; 0; 1352.8685; 170; 530; 
567; 0; 1352.8684; 170; 530.2; 
567; 0; 1352.8684; 170; 530.4; 
567; 0; 1352.8685; 170; 530.6; 
567; 0; 1352.8684; 170; 530.8; 
567; 0; 1352.8684; 170; 531; 
567; 0; 1352.8683; 170; 531.2; 
567; 0; 1352.8682; 170; 531.4; 
567; 0; 1352.8681; 170; 531.6; 
567; 0; 1352.868; 170; 531.8; 
567; 0; 1352.868; 170; 532; 
567; 0; 1352.8681; 170; 532.2; 
567; 0; 1352.8681; 170; 532.4; 
567; 0; 1352.8681; 170; 532.6; 
567; 0; 1352.8681; 170; 532.8; 
567; 0; 1352.8681; 170; 533; 
567; 0; 1352.868; 170; 533.2; 
567; 0; 1352.8679; 170; 533.4; 
567; 0; 1352.8678; 170; 533.6; 
567; 0; 1352.8677; 170; 533.8; 
567; 0; 1352.8677; 170; 534; 
567; 0; 1352.8678; 170; 534.2; 
567; 0; 1352.8678; 170; 534.4; 
567; 0; 1352.8677; 170; 534.6; 
567; 0; 1352.8677; 170; 534.8; 
567; 0; 1352.8677; 170; 535; 
567; 0; 1352.8677; 170; 535.2; 
567; 0; 1352.8677; 170; 535.4; 
567; 0; 1352.8677; 170; 535.6; 
567; 0; 1352.8677; 170; 535.8; 
567; 0; 1352.8677; 170; 536; 
567; 0; 1352.8677; 170; 536.2; 
567; 0; 1352.8676; 170; 536.4; 
567; 0; 1352.8676; 170; 536.6; 
567; 0; 1352.8676; 170; 536.8; 
567; 0; 1352.8676; 170; 537; 
567; 0; 1352.8675; 170; 537.2; 
567; 0; 1352.8674; 170; 537.4; 
567; 0; 1352.8674; 170; 537.6; 
567; 0; 1352.8673; 170; 537.8; 
567; 0; 1352.8673; 170; 538; 
567; 0; 1352.8673; 170; 538.2; 
567; 0; 1352.8673; 170; 538.4; 
567; 0; 1352.8673; 170; 538.6; 
567; 0; 1354.371; 170; 538.8; 
567; 0; 1354.3713; 170; 539; 
567; 0; 1354.372; 170; 539.2; 
567; 0; 1354.3739; 170; 539.4; 
567; 0; 1355.8819; 170; 539.6; 
567; 0; 1355.8902; 170; 539.8; 
567; 0; 1355.9035; 170; 540; 
567; 0; 1355.9224; 170; 540.2; 
567; 0; 1355.9467; 170; 540.4; 
567; 0; 1355.9753; 170; 540.6; 
567; 0; 1359.0135; 170; 540.8; 
567; 0; 1360.5485; 170; 541; 
567; 0; 1365.0882; 170; 541.2; 
567; 0; 1371.1263; 170; 541.4; 
567; 0; 1370.1958; 170; 541.6; 
567; 0; 1379.1833; 170; 541.8; 
567; 0; 1388.1602; 170; 542; 
567; 0; 1398.6232; 170; 542.2; 
567; 0; 1409.0757; 170; 542.4; 
567; 0; 1418.0227; 170; 542.6; 
567; 0; 1425.4669; 170; 542.8; 
567; 0; 1429.9147; 170; 543; 
567; 0; 1434.3641; 170; 543.2; 
567; 0; 1435.8256; 170; 543.4; 
567; 0; 1435.8001; 170; 543.6; 
567; 0; 1434.2879; 170; 543.8; 
567; 0; 1432.7868; 170; 544; 
567; 0; 1429.7999; 170; 544.2; 
567; 0; 1426.8225; 170; 544.4; 
567; 0; 1423.8519; 170; 544.6; 
567; 0; 1422.3834; 170; 544.8; 
567; 0; 1420.9159; 170; 545; 
567; 0; 1420.9424; 170; 545.2; 
567; 0; 1422.46; 170; 545.4; 
567; 0; 1425.4665; 170; 545.6; 
567; 0; 1428.4639; 170; 545.8; 
567; 0; 1431.4522; 170; 546; 
567; 0; 1434.432; 170; 546.2; 
567; 0; 1437.4054; 170; 546.4; 
567; 0; 1438.8781; 170; 546.6; 
567; 0; 1438.8528; 170; 546.8; 
567; 0; 1438.8294; 170; 547; 
567; 0; 1437.3144; 170; 547.2; 
567; 0; 1434.3082; 170; 547.4; 
567; 0; 1431.3083; 170; 547.6; 
567; 0; 1428.3149; 170; 547.8; 
567; 0; 1425.3273; 170; 548; 
567; 0; 1422.344; 170; 548.2; 
567; 0; 1419.3633; 170; 548.4; 
567; 0; 1416.384; 170; 548.6; 
567; 0; 1414.9009; 170; 548.8; 
567; 0; 1413.4152; 170; 549; 
567; 0; 1411.9258; 170; 549.2; 
567; 0; 1411.9291; 170; 549.4; 
567; 0; 1411.9282; 170; 549.6; 
567; 0; 1411.9238; 170; 549.8; 
567; 0; 1410.42; 170; 550; 
567; 0; 1410.4116; 170; 550.2; 
567; 0; 1408.9059; 170; 550.4; 
567; 0; 1408.8976; 170; 550.6; 
567; 0; 1407.3939; 170; 550.8; 
567; 0; 1405.8924; 170; 551; 
567; 0; 1404.3929; 170; 551.2; 
567; 0; 1401.3985; 170; 551.4; 
567; 0; 1399.9027; 170; 551.6; 
567; 0; 1398.4081; 170; 551.8; 
567; 0; 1396.9143; 170; 552; 
567; 0; 1395.4208; 170; 552.2; 
567; 0; 1393.9271; 170; 552.4; 
567; 0; 1392.4327; 170; 552.6; 
567; 0; 1392.4344; 170; 552.8; 
567; 0; 1390.9381; 170; 553; 
567; 0; 1389.4408; 170; 553.2; 
567; 0; 1389.4396; 170; 553.4; 
567; 0; 1387.941; 170; 553.6; 
567; 0; 1387.9389; 170; 553.8; 
567; 0; 1386.44; 170; 554; 
567; 0; 1386.4383; 170; 554.2; 
567; 0; 1384.94; 170; 554.4; 
567; 0; 1383.4422; 170; 554.6; 
567; 0; 1383.4416; 170; 554.8; 
567; 0; 1381.9445; 170; 555; 
567; 0; 1381.9445; 170; 555.2; 
567; 0; 1380.4477; 170; 555.4; 
567; 0; 1380.4479; 170; 555.6; 
567; 0; 1378.9512; 170; 555.8; 
567; 0; 1378.9514; 170; 556; 
567; 0; 1377.4545; 170; 556.2; 
567; 0; 1377.4544; 170; 556.4; 
567; 0; 1375.9573; 170; 556.6; 
567; 0; 1375.957; 170; 556.8; 
567; 0; 1375.9565; 170; 557; 
567; 0; 1374.4592; 170; 557.2; 
567; 0; 1374.4587; 170; 557.4; 
567; 0; 1374.4582; 170; 557.6; 
567; 0; 1372.9609; 170; 557.8; 
567; 0; 1372.9606; 170; 558; 
567; 0; 1372.9603; 170; 558.2; 
567; 0; 1371.4631; 170; 558.4; 
567; 0; 1371.463; 170; 558.6; 
567; 0; 1371.4629; 170; 558.8; 
567; 0; 1369.966; 170; 559; 
567; 0; 1369.9659; 170; 559.2; 
567; 0; 1369.9659; 170; 559.4; 
567; 0; 1369.9658; 170; 559.6; 
567; 0; 1368.4688; 170; 559.8; 
567; 0; 1368.4686; 170; 560; 
567; 0; 1368.4685; 170; 560.2; 
567; 0; 1368.4684; 170; 560.4; 
567; 0; 1368.4681; 170; 560.6; 
567; 0; 1366.971; 170; 560.8; 
567; 0; 1366.9707; 170; 561; 
567; 0; 1376.9242; 170; 561.2; 
567; 0; 1376.924; 170; 561.4; 
567; 0; 1376.9238; 170; 561.6; 
567; 0; 1375.42; 170; 561.8; 
567; 0; 1375.4199; 170; 562; 
567; 0; 1375.4198; 170; 562.2; 
567; 0; 1373.9162; 170; 562.4; 
567; 0; 1373.9162; 170; 562.6; 
567; 0; 1372.4126; 170; 562.8; 
567; 0; 1372.4124; 170; 563; 
567; 0; 1370.9087; 170; 563.2; 
567; 0; 1370.9086; 170; 563.4; 
567; 0; 1369.4049; 170; 563.6; 
567; 0; 1369.4047; 170; 563.8; 
567; 0; 1367.9008; 170; 564; 
567; 0; 1367.9006; 170; 564.2; 
567; 0; 1366.3968; 170; 564.4; 
567; 0; 1366.3967; 170; 564.6; 
567; 0; 1366.3965; 170; 564.8; 
567; 0; 1364.8928; 170; 565; 
567; 0; 1364.8927; 170; 565.2; 
567; 0; 1363.3891; 170; 565.4; 
567; 0; 1363.3892; 170; 565.6; 
567; 0; 1361.8856; 170; 565.8; 
567; 0; 1361.8856; 170; 566; 
567; 0; 1361.8854; 170; 566.2; 
567; 0; 1360.3817; 170; 566.4; 
567; 0; 1360.3815; 170; 566.6; 
567; 0; 1360.3813; 170; 566.8; 
567; 0; 1358.8774; 170; 567; 
567; 0; 1358.8771; 170; 567.2; 
567; 0; 1358.877; 170; 567.4; 
567; 0; 1358.8769; 170; 567.6; 
567; 0; 1357.3732; 170; 567.8; 
567; 0; 1357.3732; 170; 568; 
567; 0; 1357.3732; 170; 568.2; 
567; 0; 1357.3731; 170; 568.4; 
567; 0; 1355.8695; 170; 568.6; 
567; 0; 1355.8695; 170; 568.8; 
567; 0; 1355.8695; 170; 569; 
567; 0; 1355.8696; 170; 569.2; 
567; 0; 1355.8695; 170; 569.4; 
567; 0; 1355.8694; 170; 569.6; 
567; 0; 1354.3658; 170; 569.8; 
567; 0; 1354.3657; 170; 570; 
567; 0; 1354.3655; 170; 570.2; 
567; 0; 1354.3654; 170; 570.4; 
567; 0; 1354.3653; 170; 570.6; 
567; 0; 1354.3652; 170; 570.8; 
567; 0; 1354.3652; 170; 571; 
567; 0; 1354.3652; 170; 571.2; 
567; 0; 1354.3652; 170; 571.4; 
567; 0; 1354.3652; 170; 571.6; 
567; 0; 1352.8616; 170; 571.8; 
567; 0; 1352.8617; 170; 572; 
567; 0; 1352.8617; 170; 572.2; 
567; 0; 1352.8617; 170; 572.4; 
567; 0; 1352.8617; 170; 572.6; 
567; 0; 1352.8617; 170; 572.8; 
567; 0; 1352.8617; 170; 573; 
567; 0; 1352.8616; 170; 573.2; 
567; 0; 1352.8614; 170; 573.4; 
567; 0; 1352.8611; 170; 573.6; 
567; 0; 1352.8609; 170; 573.8; 
567; 0; 1352.8608; 170; 574; 
567; 0; 1352.8609; 170; 574.2; 
567; 0; 1352.8609; 170; 574.4; 
567; 0; 1352.861; 170; 574.6; 
567; 0; 1352.8611; 170; 574.8; 
567; 0; 1352.8611; 170; 575; 
567; 0; 1352.8611; 170; 575.2; 
567; 0; 1352.8611; 170; 575.4; 
567; 0; 1352.8611; 170; 575.6; 
567; 0; 1352.861; 170; 575.8; 
567; 0; 1351.3573; 170; 576; 
567; 0; 1351.3571; 170; 576.2; 
567; 0; 1351.357; 170; 576.4; 
567; 0; 1351.3568; 170; 576.6; 
567; 0; 1351.3566; 170; 576.8; 
567; 0; 1351.3566; 170; 577; 
567; 0; 1351.3567; 170; 577.2; 
567; 0; 1351.3568; 170; 577.4; 
567; 0; 1351.357; 170; 577.6; 
567; 0; 1351.3571; 170; 577.8; 
567; 0; 1351.3571; 170; 578; 
567; 0; 1351.3571; 170; 578.2; 
567; 0; 1351.3571; 170; 578.4; 
567; 0; 1351.3572; 170; 578.6; 
567; 0; 1351.3572; 170; 578.8; 
567; 0; 1351.3572; 170; 579; 
567; 0; 1351.3572; 170; 579.2; 
567; 0; 1351.3571; 170; 579.4; 
567; 0; 1351.357; 170; 579.6; 
567; 0; 1351.3569; 170; 579.8; 
567; 0; 1351.3569; 170; 580; 
567; 0; 1351.3567; 170; 580.2; 
567; 0; 1351.3565; 170; 580.4; 
567; 0; 1351.3564; 170; 580.6; 
567; 0; 1351.3563; 170; 580.8; 
567; 0; 1351.3564; 170; 581; 
567; 0; 1351.3565; 170; 581.2; 
567; 0; 1351.3566; 170; 581.4; 
567; 0; 1351.3567; 170; 581.6; 
567; 0; 1351.3567; 170; 581.8; 
567; 0; 1351.3568; 170; 582; 
567; 0; 1351.3569; 170; 582.2; 
567; 0; 1351.3569; 170; 582.4; 
567; 0; 1351.3568; 170; 582.6; 
567; 0; 1351.3568; 170; 582.8; 
567; 0; 1351.3567; 170; 583; 
567; 0; 1351.3566; 170; 583.2; 
567; 0; 1351.3565; 170; 583.4; 
567; 0; 1351.3565; 170; 583.6; 
567; 0; 1351.3565; 170; 583.8; 
567; 0; 1351.3565; 170; 584; 
567; 0; 1351.3565; 170; 584.2; 
567; 0; 1351.3565; 170; 584.4; 
567; 0; 1351.3565; 170; 584.6; 
567; 0; 1352.8606; 170; 584.8; 
567; 0; 1352.8623; 170; 585; 
567; 0; 1352.8661; 170; 585.2; 
567; 0; 1352.8732; 170; 585.4; 
567; 0; 1354.389; 170; 585.6; 
567; 0; 1354.4074; 170; 585.8; 
567; 0; 1352.9294; 170; 586; 
567; 0; 1354.4653; 170; 586.2; 
567; 0; 1354.5015; 170; 586.4; 
567; 0; 1357.5453; 170; 586.6; 
567; 0; 1363.5927; 170; 586.8; 
567; 0; 1369.633; 170; 587; 
567; 0; 1368.7093; 170; 587.2; 
567; 0; 1379.1917; 170; 587.4; 
567; 0; 1389.6623; 170; 587.6; 
567; 0; 1401.619; 170; 587.8; 
567; 0; 1410.5734; 170; 588; 
567; 0; 1419.522; 170; 588.2; 
567; 0; 1426.9713; 170; 588.4; 
567; 0; 1431.4278; 170; 588.6; 
567; 0; 1435.8881; 170; 588.8; 
567; 0; 1438.8576; 170; 589; 
567; 0; 1438.8412; 170; 589.2; 
567; 0; 1440.3303; 170; 589.4; 
567; 0; 1440.3306; 170; 589.6; 
567; 0; 1438.8408; 170; 589.8; 
567; 0; 1438.8524; 170; 590; 
567; 0; 1440.3625; 170; 590.2; 
567; 0; 1440.3744; 170; 590.4; 
567; 0; 1441.8795; 170; 590.6; 
567; 0; 1444.8759; 170; 590.8; 
567; 0; 1446.3688; 170; 591; 
567; 0; 1447.8554; 170; 591.2; 
567; 0; 1449.3367; 170; 591.4; 
567; 0; 1449.3177; 170; 591.6; 
567; 0; 1449.2981; 170; 591.8; 
567; 0; 1447.7836; 170; 592; 
567; 0; 1444.7756; 170; 592.2; 
567; 0; 1441.7724; 170; 592.4; 
567; 0; 1438.7746; 170; 592.6; 
567; 0; 1434.2856; 170; 592.8; 
567; 0; 1429.8014; 170; 593; 
567; 0; 1426.8176; 170; 593.2; 
567; 0; 1422.339; 170; 593.4; 
567; 0; 1419.3576; 170; 593.6; 
567; 0; 1416.3752; 170; 593.8; 
567; 0; 1414.8879; 170; 594; 
567; 0; 1411.9006; 170; 594.2; 
567; 0; 1410.4065; 170; 594.4; 
567; 0; 1410.4059; 170; 594.6; 
567; 0; 1408.9057; 170; 594.8; 
567; 0; 1407.4036; 170; 595; 
567; 0; 1405.9005; 170; 595.2; 
567; 0; 1404.3975; 170; 595.4; 
567; 0; 1402.8955; 170; 595.6; 
567; 0; 1401.3946; 170; 595.8; 
567; 0; 1398.3982; 170; 596; 
567; 0; 1396.9002; 170; 596.2; 
567; 0; 1395.4034; 170; 596.4; 
567; 0; 1393.9078; 170; 596.6; 
567; 0; 1390.916; 170; 596.8; 
567; 0; 1389.4213; 170; 597; 
567; 0; 1387.9266; 170; 597.2; 
567; 0; 1386.4317; 170; 597.4; 
567; 0; 1384.9361; 170; 597.6; 
567; 0; 1384.9369; 170; 597.8; 
567; 0; 1383.4401; 170; 598; 
567; 0; 1381.9427; 170; 598.2; 
567; 0; 1381.9418; 170; 598.4; 
567; 0; 1380.4437; 170; 598.6; 
567; 0; 1380.4424; 170; 598.8; 
567; 0; 1378.9443; 170; 599; 
567; 0; 1377.4465; 170; 599.2; 
567; 0; 1377.4457; 170; 599.4; 
567; 0; 1375.9484; 170; 599.6; 
567; 0; 1375.9483; 170; 599.8; 
567; 0; 1374.4515; 170; 600; 
567; 0; 1374.4517; 170; 600.2; 
567; 0; 1372.955; 170; 600.4; 
567; 0; 1372.9551; 170; 600.6; 
567; 0; 1371.4582; 170; 600.8; 
567; 0; 1371.4581; 170; 601; 
567; 0; 1371.4578; 170; 601.2; 
567; 0; 1369.9607; 170; 601.4; 
567; 0; 1369.9604; 170; 601.6; 
567; 0; 1369.9601; 170; 601.8; 
567; 0; 1368.463; 170; 602; 
567; 0; 1368.4627; 170; 602.2; 
567; 0; 1368.4624; 170; 602.4; 
567; 0; 1366.9654; 170; 602.6; 
567; 0; 1366.9652; 170; 602.8; 
567; 0; 1376.9187; 170; 603; 
567; 0; 1376.9186; 170; 603.2; 
567; 0; 1375.4149; 170; 603.4; 
567; 0; 1375.4149; 170; 603.6; 
567; 0; 1375.4149; 170; 603.8; 
567; 0; 1373.9114; 170; 604; 
567; 0; 1373.9114; 170; 604.2; 
567; 0; 1373.9113; 170; 604.4; 
567; 0; 1372.4076; 170; 604.6; 
567; 0; 1372.4074; 170; 604.8; 
567; 0; 1370.9035; 170; 605; 
567; 0; 1370.9033; 170; 605.2; 
567; 0; 1369.3994; 170; 605.4; 
567; 0; 1367.8955; 170; 605.6; 
567; 0; 1367.8953; 170; 605.8; 
567; 0; 1366.3915; 170; 606; 
567; 0; 1366.3913; 170; 606.2; 
567; 0; 1364.8876; 170; 606.4; 
567; 0; 1364.8875; 170; 606.6; 
567; 0; 1363.3837; 170; 606.8; 
567; 0; 1363.3835; 170; 607; 
567; 0; 1361.8797; 170; 607.2; 
567; 0; 1361.8795; 170; 607.4; 
567; 0; 1361.8795; 170; 607.6; 
567; 0; 1360.3759; 170; 607.8; 
567; 0; 1360.376; 170; 608; 
567; 0; 1358.8726; 170; 608.2; 
567; 0; 1358.8727; 170; 608.4; 
567; 0; 1358.8728; 170; 608.6; 
567; 0; 1357.3692; 170; 608.8; 
567; 0; 1357.3689; 170; 609; 
567; 0; 1357.3686; 170; 609.2; 
567; 0; 1357.3683; 170; 609.4; 
567; 0; 1355.8644; 170; 609.6; 
567; 0; 1355.8643; 170; 609.8; 
567; 0; 1355.8641; 170; 610; 
567; 0; 1355.8641; 170; 610.2; 
567; 0; 1354.3605; 170; 610.4; 
567; 0; 1354.3604; 170; 610.6; 
567; 0; 1354.3604; 170; 610.8; 
567; 0; 1354.3603; 170; 611; 
567; 0; 1354.3603; 170; 611.2; 
567; 0; 1354.3601; 170; 611.4; 
567; 0; 1354.3598; 170; 611.6; 
567; 0; 1352.856; 170; 611.8; 
567; 0; 1352.856; 170; 612; 
567; 0; 1352.8561; 170; 612.2; 
567; 0; 1352.8562; 170; 612.4; 
567; 0; 1352.8563; 170; 612.6; 
567; 0; 1352.8564; 170; 612.8; 
567; 0; 1352.8564; 170; 613; 
567; 0; 1352.8563; 170; 613.2; 
567; 0; 1352.8562; 170; 613.4; 
567; 0; 1352.8561; 170; 613.6; 
567; 0; 1351.3524; 170; 613.8; 
567; 0; 1351.3523; 170; 614; 
567; 0; 1351.3523; 170; 614.2; 
567; 0; 1351.3523; 170; 614.4; 
567; 0; 1351.3523; 170; 614.6; 
567; 0; 1351.3523; 170; 614.8; 
567; 0; 1351.3523; 170; 615; 
567; 0; 1351.3524; 170; 615.2; 
567; 0; 1351.3525; 170; 615.4; 
567; 0; 1351.3524; 170; 615.6; 
567; 0; 1351.3523; 170; 615.8; 
567; 0; 1351.3522; 170; 616; 
567; 0; 1351.352; 170; 616.2; 
567; 0; 1351.3518; 170; 616.4; 
567; 0; 1351.3517; 170; 616.6; 
567; 0; 1351.3516; 170; 616.8; 
567; 0; 1351.3515; 170; 617; 
567; 0; 1351.3515; 170; 617.2; 
567; 0; 1351.3514; 170; 617.4; 
567; 0; 1349.8479; 170; 617.6; 
567; 0; 1349.848; 170; 617.8; 
567; 0; 1349.8481; 170; 618; 
567; 0; 1349.8483; 170; 618.2; 
567; 0; 1349.8484; 170; 618.4; 
567; 0; 1349.8484; 170; 618.6; 
567; 0; 1349.8484; 170; 618.8; 
567; 0; 1349.8484; 170; 619; 
567; 0; 1349.8484; 170; 619.2; 
567; 0; 1349.8483; 170; 619.4; 
567; 0; 1349.8482; 170; 619.6; 
567; 0; 1349.8481; 170; 619.8; 
567; 0; 1349.848; 170; 620; 
567; 0; 1349.8478; 170; 620.2; 
567; 0; 1349.8477; 170; 620.4; 
567; 0; 1349.8477; 170; 620.6; 
567; 0; 1349.8477; 170; 620.8; 
567; 0; 1349.8479; 170; 621; 
567; 0; 1349.848; 170; 621.2; 
567; 0; 1349.848; 170; 621.4; 
567; 0; 1349.8479; 170; 621.6; 
567; 0; 1349.8479; 170; 621.8; 
567; 0; 1349.8479; 170; 622; 
567; 0; 1349.8479; 170; 622.2; 
567; 0; 1349.8479; 170; 622.4; 
567; 0; 1349.848; 170; 622.6; 
567; 0; 1349.8481; 170; 622.8; 
567; 0; 1349.848; 170; 623; 
567; 0; 1349.8479; 170; 623.2; 
567; 0; 1349.8478; 170; 623.4; 
567; 0; 1349.8477; 170; 623.6; 
567; 0; 1349.8476; 170; 623.8; 
567; 0; 1349.8475; 170; 624; 
567; 0; 1349.8474; 170; 624.2; 
567; 0; 1349.8476; 170; 624.4; 
567; 0; 1349.8477; 170; 624.6; 
567; 0; 1349.8479; 170; 624.8; 
567; 0; 1349.848; 170; 625; 
567; 0; 1349.848; 170; 625.2; 
567; 0; 1349.8479; 170; 625.4; 
567; 0; 1349.8477; 170; 625.6; 
567; 0; 1349.8476; 170; 625.8; 
567; 0; 1349.8474; 170; 626; 
567; 0; 1349.8473; 170; 626.2; 
567; 0; 1349.8473; 170; 626.4; 
567; 0; 1349.8473; 170; 626.6; 
567; 0; 1349.8474; 170; 626.8; 
567; 0; 1349.8475; 170; 627; 
567; 0; 1349.8477; 170; 627.2; 
567; 0; 1349.8479; 170; 627.4; 
567; 0; 1349.8481; 170; 627.6; 
567; 0; 1349.8481; 170; 627.8; 
567; 0; 1349.848; 170; 628; 
567; 0; 1349.8478; 170; 628.2; 
567; 0; 1349.8476; 170; 628.4; 
567; 0; 1349.8474; 170; 628.6; 
567; 0; 1349.8472; 170; 628.8; 
567; 0; 1349.847; 170; 629; 
567; 0; 1349.8469; 170; 629.2; 
567; 0; 1349.847; 170; 629.4; 
567; 0; 1348.3436; 170; 629.6; 
567; 0; 1348.3438; 170; 629.8; 
567; 0; 1348.3441; 0; 630; 
567; 0; 0; 0; 630.2; 
567; 0; 0; 0; 630.4; 
567; 0; 0; 0; 630.6; 
567; 0; 0; 0; 630.8; 
567; 0; 0; 0; 631; 
567; 0; 0; 0; 631.2; 
567; 0; 0; 0; 631.4; 
567; 0; 0; 0; 631.6; 
567; 0; 0; 0; 631.8; 
567; 0; 0; 0; 632; 
567; 0; 0; 0; 632.2; 
567; 0; 0; 0; 632.4; 
567; 0; 0; 0; 632.6; 
567; 0; 0; 0; 632.8; 
567; 0; 0; 0; 633; 
567; 0; 0; 0; 633.2; 
567; 0; 0; 0; 633.4; 
567; 0; 0; 0; 633.6; 
567; 0; 0; 0; 633.8; 
567; 0; 0; 0; 634; 
567; 0; 0; 0; 634.2; 
567; 0; 0; 0; 634.4; 
567; 0; 0; 0; 634.6; 
567; 0; 0; 0; 634.8; 
567; 0; 0; 0; 635; 
567; 0; 0; 0; 635.2; 
567; 0; 0; 0; 635.4; 
567; 0; 0; 0; 635.6; 
567; 0; 0; 0; 635.8; 
567; 0; 0; 0; 636; 
567; 0; 0; 0; 636.2; 
567; 0; 0; 0; 636.4; 
567; 0; 0; 0; 636.6; 
567; 0; 0; 0; 636.8; 
567; 0; 0; 0; 637; 
567; 0; 0; 0; 637.2; 
567; 0; 0; 0; 637.4; 
567; 0; 0; 0; 637.6; 
567; 0; 0; 0; 637.8; 
567; 0; 0; 0; 638; 
567; 0; 0; 0; 638.2; 
567; 0; 0; 0; 638.4; 
567; 0; 0; 0; 638.6; 
567; 0; 0; 0; 638.8; 
567; 0; 0; 0; 639; 
567; 0; 0; 0; 639.2; 
567; 0; 0; 0; 639.4; 
567; 0; 0; 0; 639.6; 
567; 0; 0; 0; 639.8; 
567; 0; 0; 0; 640; 
567; 0; 0; 0; 640.2; 
567; 0; 0; 0; 640.4; 
567; 0; 0; 0; 640.6; 
567; 0; 0; 0; 640.8; 
567; 0; 0; 0; 641; 
567; 0; 0; 0; 641.2; 
567; 0; 0; 0; 641.4; 
567; 0; 0; 0; 641.6; 
567; 0; 0; 0; 641.8; 
567; 0; 0; 0; 642; 
567; 0; 0; 0; 642.2; 
567; 0; 0; 0; 642.4; 
567; 0; 0; 0; 642.6; 
567; 0; 0; 0; 642.8; 
567; 0; 0; 0; 643; 
567; 0; 0; 0; 643.2; 
567; 0; 0; 0; 643.4; 
567; 0; 0; 0; 643.6; 
567; 0; 0; 0; 643.8; 
567; 0; 0; 0; 644; 
567; 0; 0; 0; 644.2; 
567; 0; 0; 0; 644.4; 
567; 0; 0; 0; 644.6; 
567; 0; 0; 0; 644.8; 
567; 0; 0; 0; 645; 
567; 0; 0; 0; 645.2; 
567; 0; 0; 0; 645.4; 
567; 0; 0; 0; 645.6; 
567; 0; 0; 0; 645.8; 
567; 0; 0; 0; 646; 
567; 0; 0; 0; 646.2; 
567; 0; 0; 0; 646.4; 
567; 0; 0; 0; 646.6; 
567; 0; 0; 0; 646.8; 
567; 0; 0; 0; 647; 
567; 0; 0; 0; 647.2; 
567; 0; 0; 0; 647.4; 
567; 0; 0; 0; 647.6; 
567; 0; 0; 0; 647.8; 
567; 0; 0; 0; 648; 
567; 0; 0; 0; 648.2; 
567; 0; 0; 0; 648.4; 
567; 0; 0; 0; 648.6; 
567; 0; 0; 0; 648.8; 
567; 0; 0; 0; 649; 
567; 0; 0; 0; 649.2; 
567; 0; 0; 0; 649.4; 
567; 0; 0; 0; 649.6; 
567; 0; 0; 0; 649.8; 
567; 0; 0; 0; 650; 
567; 0; 0; 0; 650.2; 
567; 0; 0; 0; 650.4; 
567; 0; 0; 0; 650.6; 
567; 0; 0; 0; 650.8; 
567; 0; 0; 0; 651; 
567; 0; 0; 0; 651.2; 
567; 0; 0; 0; 651.4; 
567; 0; 0; 0; 651.6; 
567; 0; 0; 0; 651.8; 
567; 0; 0; 0; 652; 
567; 0; 0; 0; 652.2; 
567; 0; 0; 0; 652.4; 
567; 0; 0; 0; 652.6; 
567; 0; 0; 0; 652.8; 
567; 0; 0; 0; 653; 
567; 0; 0; 0; 653.2; 
567; 0; 0; 0; 653.4; 
567; 0; 0; 0; 653.6; 
567; 0; 0; 0; 653.8; 
567; 0; 0; 0; 654; 
567; 0; 0; 0; 654.2; 
567; 0; 0; 0; 654.4; 
567; 0; 0; 0; 654.6; 
567; 0; 0; 0; 654.8; 
567; 0; 0; 0; 655; 
567; 0; 0; 0; 655.2; 
567; 0; 0; 0; 655.4; 
567; 0; 0; 0; 655.6; 
567; 0; 0; 0; 655.8; 
567; 0; 0; 0; 656; 
567; 0; 0; 0; 656.2; 
567; 0; 0; 0; 656.4; 
567; 0; 0; 0; 656.6; 
567; 0; 0; 0; 656.8; 
567; 0; 0; 0; 657; 
567; 0; 0; 0; 657.2; 
567; 0; 0; 0; 657.4; 
567; 0; 0; 0; 657.6; 
567; 0; 0; 0; 657.8; 
567; 0; 0; 0; 658; 
567; 0; 0; 0; 658.2; 
567; 0; 0; 0; 658.4; 
567; 0; 0; 0; 658.6; 
567; 0; 0; 0; 658.8; 
567; 0; 0; 0; 659; 
567; 0; 0; 0; 659.2; 
567; 0; 0; 0; 659.4; 
567; 0; 0; 0; 659.6; 
567; 0; 0; 0; 659.8; 
567; 0; 0; 0; 660; 
567; 0; 0; 0; 660.2; 
567; 0; 0; 0; 660.4; 
567; 0; 0; 0; 660.6; 
567; 0; 0; 0; 660.8; 
567; 0; 0; 0; 661; 
567; 0; 0; 0; 661.2; 
567; 0; 0; 0; 661.4; 
567; 0; 0; 0; 661.6; 
567; 0; 0; 0; 661.8; 
567; 0; 0; 0; 662; 
567; 0; 0; 0; 662.2; 
567; 0; 0; 0; 662.4; 
567; 0; 0; 0; 662.6; 
567; 0; 0; 0; 662.8; 
567; 0; 0; 0; 663; 
567; 0; 0; 0; 663.2; 
567; 0; 0; 0; 663.4; 
567; 0; 0; 0; 663.6; 
567; 0; 0; 0; 663.8; 
567; 0; 0; 0; 664; 
567; 0; 0; 0; 664.2; 
567; 0; 0; 0; 664.4; 
567; 0; 0; 0; 664.6; 
567; 0; 0; 0; 664.8; 
567; 0; 0; 0; 665; 
567; 0; 0; 0; 665.2; 
567; 0; 0; 0; 665.4; 
567; 0; 0; 0; 665.6; 
567; 0; 0; 0; 665.8; 
567; 0; 0; 0; 666; 
567; 0; 0; 0; 666.2; 
567; 0; 0; 0; 666.4; 
567; 0; 0; 0; 666.6; 
567; 0; 0; 0; 666.8; 
567; 0; 0; 0; 667; 
567; 0; 0; 0; 667.2; 
567; 0; 0; 0; 667.4; 
567; 0; 0; 0; 667.6; 
567; 0; 0; 0; 667.8; 
567; 0; 0; 0; 668; 
567; 0; 0; 0; 668.2; 
567; 0; 0; 0; 668.4; 
567; 0; 0; 0; 668.6; 
567; 0; 0; 0; 668.8; 
567; 0; 0; 0; 669; 
567; 0; 0; 0; 669.2; 
567; 0; 0; 0; 669.4; 
567; 0; 0; 0; 669.6; 
567; 0; 0; 0; 669.8; 
567; 0; 0; 0; 670; 
567; 0; 0; 0; 670.2; 
567; 0; 0; 0; 670.4; 
567; 0; 0; 0; 670.6; 
567; 0; 0; 0; 670.8; 
567; 0; 0; 0; 671; 
567; 0; 0; 0; 671.2; 
567; 0; 0; 0; 671.4; 
567; 0; 0; 0; 671.6; 
567; 0; 0; 0; 671.8; 
567; 0; 0; 0; 672; 
567; 0; 0; 0; 672.2; 
567; 0; 0; 0; 672.4; 
567; 0; 0; 0; 672.6; 
567; 0; 0; 0; 672.8; 
567; 0; 0; 0; 673; 
567; 0; 0; 0; 673.2; 
567; 0; 0; 0; 673.4; 
567; 0; 0; 0; 673.6; 
567; 0; 0; 0; 673.8; 
567; 0; 0; 0; 674; 
567; 0; 0; 0; 674.2; 
567; 0; 0; 0; 674.4; 
567; 0; 0; 0; 674.6; 
567; 0; 0; 0; 674.8; 
567; 0; 0; 0; 675; 
567; 0; 0; 0; 675.2; 
567; 0; 0; 0; 675.4; 
567; 0; 0; 0; 675.6; 
567; 0; 0; 0; 675.8; 
567; 0; 0; 0; 676; 
567; 0; 0; 0; 676.2; 
567; 0; 0; 0; 676.4; 
567; 0; 0; 0; 676.6; 
567; 0; 0; 0; 676.8; 
567; 0; 0; 0; 677; 
567; 0; 0; 0; 677.2; 
567; 0; 0; 0; 677.4; 
567; 0; 0; 0; 677.6; 
567; 0; 0; 0; 677.8; 
567; 0; 0; 0; 678; 
567; 0; 0; 0; 678.2; 
567; 0; 0; 0; 678.4; 
567; 0; 0; 0; 678.6; 
567; 0; 0; 0; 678.8; 
567; 0; 0; 0; 679; 
567; 0; 0; 0; 679.2; 
567; 0; 0; 0; 679.4; 
567; 0; 0; 0; 679.6; 
567; 0; 0; 0; 679.8; 
567; 0; 0; 0; 680; 
567; 0; 0; 0; 680.2; 
567; 0; 0; 0; 680.4; 
567; 0; 0; 0; 680.6; 
567; 0; 0; 0; 680.8; 
567; 0; 0; 0; 681; 
567; 0; 0; 0; 681.2; 
567; 0; 0; 0; 681.4; 
567; 0; 0; 0; 681.6; 
567; 0; 0; 0; 681.8; 
567; 0; 0; 0; 682; 
567; 0; 0; 0; 682.2; 
567; 0; 0; 0; 682.4; 
567; 0; 0; 0; 682.6; 
567; 0; 0; 0; 682.8; 
567; 0; 0; 0; 683; 
567; 0; 0; 0; 683.2; 
567; 0; 0; 0; 683.4; 
567; 0; 0; 0; 683.6; 
567; 0; 0; 0; 683.8; 
567; 0; 0; 0; 684; 
567; 0; 0; 0; 684.2; 
567; 0; 0; 0; 684.4; 
567; 0; 0; 0; 684.6; 
567; 0; 0; 0; 684.8; 
567; 0; 0; 0; 685; 
567; 0; 0; 0; 685.2; 
567; 0; 0; 0; 685.4; 
567; 0; 0; 0; 685.6; 
567; 0; 0; 0; 685.8; 
567; 0; 0; 0; 686; 
567; 0; 0; 0; 686.2; 
567; 0; 0; 0; 686.4; 
567; 0; 0; 0; 686.6; 
567; 0; 0; 0; 686.8; 
567; 0; 0; 0; 687; 
567; 0; 0; 0; 687.2; 
567; 0; 0; 0; 687.4; 
567; 0; 0; 0; 687.6; 
567; 0; 0; 0; 687.8; 
567; 0; 0; 0; 688; 
567; 0; 0; 0; 688.2; 
567; 0; 0; 0; 688.4; 
567; 0; 0; 0; 688.6; 
567; 0; 0; 0; 688.8; 
567; 0; 0; 0; 689; 
567; 0; 0; 0; 689.2; 
567; 0; 0; 0; 689.4; 
567; 0; 0; 0; 689.6; 
567; 0; 0; 0; 689.8; 
567; 0; 0; 0; 690; 
567; 0; 0; 0; 690.2; 
567; 0; 0; 0; 690.4; 
567; 0; 0; 0; 690.6; 
567; 0; 0; 0; 690.8; 
567; 0; 0; 0; 691; 
567; 0; 0; 0; 691.2; 
567; 0; 0; 0; 691.4; 
567; 0; 0; 0; 691.6; 
567; 0; 0; 0; 691.8; 
567; 0; 0; 0; 692; 
567; 0; 0; 0; 692.2; 
567; 0; 0; 0; 692.4; 
567; 0; 0; 0; 692.6; 
567; 0; 0; 0; 692.8; 
567; 0; 0; 0; 693; 
567; 0; 0; 0; 693.2; 
567; 0; 0; 0; 693.4; 
567; 0; 0; 0; 693.6; 
567; 0; 0; 0; 693.8; 
567; 0; 0; 0; 694; 
567; 0; 0; 0; 694.2; 
567; 0; 0; 0; 694.4; 
567; 0; 0; 0; 694.6; 
567; 0; 0; 0; 694.8; 
567; 0; 0; 0; 695; 
567; 0; 0; 0; 695.2; 
567; 0; 0; 0; 695.4; 
567; 0; 0; 0; 695.6; 
567; 0; 0; 0; 695.8; 
567; 0; 0; 0; 696; 
567; 0; 0; 0; 696.2; 
567; 0; 0; 0; 696.4; 
567; 0; 0; 0; 696.6; 
567; 0; 0; 0; 696.8; 
567; 0; 0; 0; 697; 
567; 0; 0; 0; 697.2; 
567; 0; 0; 0; 697.4; 
567; 0; 0; 0; 697.6; 
567; 0; 0; 0; 697.8; 
567; 0; 0; 0; 698; 
567; 0; 0; 0; 698.2; 
567; 0; 0; 0; 698.4; 
567; 0; 0; 0; 698.6; 
567; 0; 0; 0; 698.8; 
567; 0; 0; 0; 699; 
567; 0; 0; 0; 699.2; 
567; 0; 0; 0; 699.4; 
567; 0; 0; 0; 699.6; 
567; 0; 0; 0; 699.8; 
567; 0; 0; 0; 700; 
567; 0; 0; 0; 700.2; 
567; 0; 0; 0; 700.4; 
567; 0; 0; 0; 700.6; 
567; 0; 0; 0; 700.8; 
567; 0; 0; 0; 701; 
567; 0; 0; 0; 701.2; 
567; 0; 0; 0; 701.4; 
567; 0; 0; 0; 701.6; 
567; 0; 0; 0; 701.8; 
567; 0; 0; 0; 702; 
567; 0; 0; 0; 702.2; 
567; 0; 0; 0; 702.4; 
567; 0; 0; 0; 702.6; 
567; 0; 0; 0; 702.8; 
567; 0; 0; 0; 703; 
567; 0; 0; 0; 703.2; 
567; 0; 0; 0; 703.4; 
567; 0; 0; 0; 703.6; 
567; 0; 0; 0; 703.8; 
567; 0; 0; 0; 704; 
567; 0; 0; 0; 704.2; 
567; 0; 0; 0; 704.4; 
567; 0; 0; 0; 704.6; 
567; 0; 0; 0; 704.8; 
567; 0; 0; 0; 705; 
567; 0; 0; 0; 705.2; 
567; 0; 0; 0; 705.4; 
567; 0; 0; 0; 705.6; 
567; 0; 0; 0; 705.8; 
567; 0; 0; 0; 706; 
567; 0; 0; 0; 706.2; 
567; 0; 0; 0; 706.4; 
567; 0; 0; 0; 706.6; 
567; 0; 0; 0; 706.8; 
567; 0; 0; 0; 707; 
567; 0; 0; 0; 707.2; 
567; 0; 0; 0; 707.4; 
567; 0; 0; 0; 707.6; 
567; 0; 0; 0; 707.8; 
567; 0; 0; 0; 708; 
567; 0; 0; 0; 708.2; 
567; 0; 0; 0; 708.4; 
567; 0; 0; 0; 708.6; 
567; 0; 0; 0; 708.8; 
567; 0; 0; 0; 709; 
567; 0; 0; 0; 709.2; 
567; 0; 0; 0; 709.4; 
567; 0; 0; 0; 709.6; 
567; 0; 0; 0; 709.8; 
567; 0; 0; 0; 710; 
567; 0; 0; 0; 710.2; 
567; 0; 0; 0; 710.4; 
567; 0; 0; 0; 710.6; 
567; 0; 0; 0; 710.8; 
567; 0; 0; 0; 711; 
567; 0; 0; 0; 711.2; 
567; 0; 0; 0; 711.4; 
567; 0; 0; 0; 711.6; 
567; 0; 0; 0; 711.8; 
567; 0; 0; 0; 712; 
567; 0; 0; 0; 712.2; 
567; 0; 0; 0; 712.4; 
567; 0; 0; 0; 712.6; 
567; 0; 0; 0; 712.8; 
567; 0; 0; 0; 713; 
567; 0; 0; 0; 713.2; 
567; 0; 0; 0; 713.4; 
567; 0; 0; 0; 713.6; 
567; 0; 0; 0; 713.8; 
567; 0; 0; 0; 714; 
567; 0; 0; 0; 714.2; 
567; 0; 0; 0; 714.4; 
567; 0; 0; 0; 714.6; 
567; 0; 0; 0; 714.8; 
567; 0; 0; 0; 715; 
567; 0; 0; 0; 715.2; 
567; 0; 0; 0; 715.4; 
567; 0; 0; 0; 715.6; 
567; 0; 0; 0; 715.8; 
567; 0; 0; 0; 716; 
567; 0; 0; 0; 716.2; 
567; 0; 0; 0; 716.4; 
567; 0; 0; 0; 716.6; 
567; 0; 0; 0; 716.8; 
567; 0; 0; 0; 717; 
567; 0; 0; 0; 717.2; 
567; 0; 0; 0; 717.4; 
567; 0; 0; 0; 717.6; 
567; 0; 0; 0; 717.8; 
567; 0; 0; 0; 718; 
567; 0; 0; 0; 718.2; 
567; 0; 0; 0; 718.4; 
567; 0; 0; 0; 718.6; 
567; 0; 0; 0; 718.8; 
567; 0; 0; 0; 719; 
567; 0; 0; 0; 719.2; 
567; 0; 0; 0; 719.4; 
567; 0; 0; 0; 719.6; 
567; 0; 0; 0; 719.8; 
567; 0; 0; 0; 720; 
567; 0; 0; 0; 720.2; 
567; 0; 0; 0; 720.4; 
567; 0; 0; 0; 720.6; 
567; 0; 0; 0; 720.8; 
567; 0; 0; 0; 721; 
567; 0; 0; 0; 721.2; 
567; 0; 0; 0; 721.4; 
567; 0; 0; 0; 721.6; 
567; 0; 0; 0; 721.8; 
567; 0; 0; 0; 722; 
567; 0; 0; 0; 722.2; 
567; 0; 0; 0; 722.4; 
567; 0; 0; 0; 722.6; 
567; 0; 0; 0; 722.8; 
567; 0; 0; 0; 723; 
567; 0; 0; 0; 723.2; 
567; 0; 0; 0; 723.4; 
567; 0; 0; 0; 723.6; 
567; 0; 0; 0; 723.8; 
567; 0; 0; 0; 724; 
567; 0; 0; 0; 724.2; 
567; 0; 0; 0; 724.4; 
567; 0; 0; 0; 724.6; 
567; 0; 0; 0; 724.8; 
567; 0; 0; 0; 725; 
567; 0; 0; 0; 725.2; 
567; 0; 0; 0; 725.4; 
567; 0; 0; 0; 725.6; 
567; 0; 0; 0; 725.8; 
567; 0; 0; 0; 726; 
567; 0; 0; 0; 726.2; 
567; 0; 0; 0; 726.4; 
567; 0; 0; 0; 726.6; 
567; 0; 0; 0; 726.8; 
567; 0; 0; 0; 727; 
567; 0; 0; 0; 727.2; 
567; 0; 0; 0; 727.4; 
567; 0; 0; 0; 727.6; 
567; 0; 0; 0; 727.8; 
567; 0; 0; 0; 728; 
567; 0; 0; 0; 728.2; 
567; 0; 0; 0; 728.4; 
567; 0; 0; 0; 728.6; 
567; 0; 0; 0; 728.8; 
567; 0; 0; 0; 729; 
567; 0; 0; 0; 729.2; 
567; 0; 0; 0; 729.4; 
567; 0; 0; 0; 729.6; 
567; 0; 0; 0; 729.8; 
567; 0; 0; 0; 730; 
567; 0; 0; 0; 730.2; 
567; 0; 0; 0; 730.4; 
567; 0; 0; 0; 730.6; 
567; 0; 0; 0; 730.8; 
567; 0; 0; 0; 731; 
567; 0; 0; 0; 731.2; 
567; 0; 0; 0; 731.4; 
567; 0; 0; 0; 731.6; 
567; 0; 0; 0; 731.8; 
567; 0; 0; 0; 732; 
567; 0; 0; 0; 732.2; 
567; 0; 0; 0; 732.4; 
567; 0; 0; 0; 732.6; 
567; 0; 0; 0; 732.8; 
567; 0; 0; 0; 733; 
567; 0; 0; 0; 733.2; 
567; 0; 0; 0; 733.4; 
567; 0; 0; 0; 733.6; 
567; 0; 0; 0; 733.8; 
567; 0; 0; 0; 734; 
567; 0; 0; 0; 734.2; 
567; 0; 0; 0; 734.4; 
567; 0; 0; 0; 734.6; 
567; 0; 0; 0; 734.8; 
567; 0; 0; 0; 735; 
567; 0; 0; 0; 735.2; 
567; 0; 0; 0; 735.4; 
567; 0; 0; 0; 735.6; 
567; 0; 0; 0; 735.8; 
567; 0; 0; 0; 736; 
567; 0; 0; 0; 736.2; 
567; 0; 0; 0; 736.4; 
567; 0; 0; 0; 736.6; 
567; 0; 0; 0; 736.8; 
567; 0; 0; 0; 737; 
567; 0; 0; 0; 737.2; 
567; 0; 0; 0; 737.4; 
567; 0; 0; 0; 737.6; 
567; 0; 0; 0; 737.8; 
567; 0; 0; 0; 738; 
567; 0; 0; 0; 738.2; 
567; 0; 0; 0; 738.4; 
567; 0; 0; 0; 738.6; 
567; 0; 0; 0; 738.8; 
567; 0; 0; 0; 739; 
567; 0; 0; 0; 739.2; 
567; 0; 0; 0; 739.4; 
567; 0; 0; 0; 739.6; 
567; 0; 0; 0; 739.8; 
567; 0; 0; 0; 740; 
567; 0; 0; 0; 740.2; 
567; 0; 0; 0; 740.4; 
567; 0; 0; 0; 740.6; 
567; 0; 0; 0; 740.8; 
567; 0; 0; 0; 741; 
567; 0; 0; 0; 741.2; 
567; 0; 0; 0; 741.4; 
567; 0; 0; 0; 741.6; 
567; 0; 0; 0; 741.8; 
567; 0; 0; 0; 742; 
567; 0; 0; 0; 742.2; 
567; 0; 0; 0; 742.4; 
567; 0; 0; 0; 742.6; 
567; 0; 0; 0; 742.8; 
567; 0; 0; 0; 743; 
567; 0; 0; 0; 743.2; 
567; 0; 0; 0; 743.4; 
567; 0; 0; 0; 743.6; 
567; 0; 0; 0; 743.8; 
567; 0; 0; 0; 744; 
567; 0; 0; 0; 744.2; 
567; 0; 0; 0; 744.4; 
567; 0; 0; 0; 744.6; 
567; 0; 0; 0; 744.8; 
567; 0; 0; 0; 745; 
567; 0; 0; 0; 745.2; 
567; 0; 0; 0; 745.4; 
567; 0; 0; 0; 745.6; 
567; 0; 0; 0; 745.8; 
567; 0; 0; 0; 746; 
567; 0; 0; 0; 746.2; 
567; 0; 0; 0; 746.4; 
567; 0; 0; 0; 746.6; 
567; 0; 0; 0; 746.8; 
567; 0; 0; 0; 747; 
567; 0; 0; 0; 747.2; 
567; 0; 0; 0; 747.4; 
567; 0; 0; 0; 747.6; 
567; 0; 0; 0; 747.8; 
567; 0; 0; 0; 748; 
567; 0; 0; 0; 748.2; 
567; 0; 0; 0; 748.4; 
567; 0; 0; 0; 748.6; 
567; 0; 0; 0; 748.8; 
567; 0; 0; 0; 749; 
567; 0; 0; 0; 749.2; 
567; 0; 0; 0; 749.4; 
567; 0; 0; 0; 749.6; 
567; 0; 0; 0; 749.8; 
567; 0; 0; 0; 750; 
567; 0; 0; 0; 750.2; 
567; 0; 0; 0; 750.4; 
567; 0; 0; 0; 750.6; 
567; 0; 0; 0; 750.8; 
567; 0; 0; 0; 751; 
567; 0; 0; 0; 751.2; 
567; 0; 0; 0; 751.4; 
567; 0; 0; 0; 751.6; 
567; 0; 0; 0; 751.8; 
567; 0; 0; 0; 752; 
567; 0; 0; 0; 752.2; 
567; 0; 0; 0; 752.4; 
567; 0; 0; 0; 752.6; 
567; 0; 0; 0; 752.8; 
567; 0; 0; 0; 753; 
567; 0; 0; 0; 753.2; 
567; 0; 0; 0; 753.4; 
567; 0; 0; 0; 753.6; 
567; 0; 0; 0; 753.8; 
567; 0; 0; 0; 754; 
567; 0; 0; 0; 754.2; 
567; 0; 0; 0; 754.4; 
567; 0; 0; 0; 754.6; 
567; 0; 0; 0; 754.8; 
567; 0; 0; 0; 755; 
567; 0; 0; 0; 755.2; 
567; 0; 0; 0; 755.4; 
567; 0; 0; 0; 755.6; 
567; 0; 0; 0; 755.8; 
567; 0; 0; 0; 756; 
567; 0; 0; 0; 756.2; 
567; 0; 0; 0; 756.4; 
567; 0; 0; 0; 756.6; 
567; 0; 0; 0; 756.8; 
567; 0; 0; 0; 757; 
567; 0; 0; 0; 757.2; 
567; 0; 0; 0; 757.4; 
567; 0; 0; 0; 757.6; 
567; 0; 0; 0; 757.8; 
567; 0; 0; 0; 758; 
567; 0; 0; 0; 758.2; 
567; 0; 0; 0; 758.4; 
567; 0; 0; 0; 758.6; 
567; 0; 0; 0; 758.8; 
567; 0; 0; 0; 759; 
567; 0; 0; 0; 759.2; 
567; 0; 0; 0; 759.4; 
567; 0; 0; 0; 759.6; 
567; 0; 0; 0; 759.8; 
567; 0; 0; 0; 760; 
567; 0; 0; 0; 760.2; 
567; 0; 0; 0; 760.4; 
567; 0; 0; 0; 760.6; 
567; 0; 0; 0; 760.8; 
567; 0; 0; 0; 761; 
567; 0; 0; 0; 761.2; 
567; 0; 0; 0; 761.4; 
567; 0; 0; 0; 761.6; 
567; 0; 0; 0; 761.8; 
567; 0; 0; 0; 762; 
567; 0; 0; 0; 762.2; 
567; 0; 0; 0; 762.4; 
567; 0; 0; 0; 762.6; 
567; 0; 0; 0; 762.8; 
567; 0; 0; 0; 763; 
567; 0; 0; 0; 763.2; 
567; 0; 0; 0; 763.4; 
567; 0; 0; 0; 763.6; 
567; 0; 0; 0; 763.8; 
567; 0; 0; 0; 764; 
567; 0; 0; 0; 764.2; 
567; 0; 0; 0; 764.4; 
567; 0; 0; 0; 764.6; 
567; 0; 0; 0; 764.8; 
567; 0; 0; 0; 765; 
567; 0; 0; 0; 765.2; 
567; 0; 0; 0; 765.4; 
567; 0; 0; 0; 765.6; 
567; 0; 0; 0; 765.8; 
567; 0; 0; 0; 766; 
567; 0; 0; 0; 766.2; 
567; 0; 0; 0; 766.4; 
567; 0; 0; 0; 766.6; 
567; 0; 0; 0; 766.8; 
567; 0; 0; 0; 767; 
567; 0; 0; 0; 767.2; 
567; 0; 0; 0; 767.4; 
567; 0; 0; 0; 767.6; 
567; 0; 0; 0; 767.8; 
567; 0; 0; 0; 768; 
567; 0; 0; 0; 768.2; 
567; 0; 0; 0; 768.4; 
567; 0; 0; 0; 768.6; 
567; 0; 0; 0; 768.8; 
567; 0; 0; 0; 769; 
567; 0; 0; 0; 769.2; 
567; 0; 0; 0; 769.4; 
567; 0; 0; 0; 769.6; 
567; 0; 0; 0; 769.8; 
567; 0; 0; 0; 770; 
567; 0; 0; 0; 770.2; 
567; 0; 0; 0; 770.4; 
567; 0; 0; 0; 770.6; 
567; 0; 0; 0; 770.8; 
567; 0; 0; 0; 771; 
567; 0; 0; 0; 771.2; 
567; 0; 0; 0; 771.4; 
567; 0; 0; 0; 771.6; 
567; 0; 0; 0; 771.8; 
567; 0; 0; 0; 772; 
567; 0; 0; 0; 772.2; 
567; 0; 0; 0; 772.4; 
567; 0; 0; 0; 772.6; 
567; 0; 0; 0; 772.8; 
567; 0; 0; 0; 773; 
567; 0; 0; 0; 773.2; 
567; 0; 0; 0; 773.4; 
567; 0; 0; 0; 773.6; 
567; 0; 0; 0; 773.8; 
567; 0; 0; 0; 774; 
567; 0; 0; 0; 774.2; 
567; 0; 0; 0; 774.4; 
567; 0; 0; 0; 774.6; 
567; 0; 0; 0; 774.8; 
567; 0; 0; 0; 775; 
567; 0; 0; 0; 775.2; 
567; 0; 0; 0; 775.4; 
567; 0; 0; 0; 775.6; 
567; 0; 0; 0; 775.8; 
567; 0; 0; 0; 776; 
567; 0; 0; 0; 776.2; 
567; 0; 0; 0; 776.4; 
567; 0; 0; 0; 776.6; 
567; 0; 0; 0; 776.8; 
567; 0; 0; 0; 777; 
567; 0; 0; 0; 777.2; 
567; 0; 0; 0; 777.4; 
567; 0; 0; 0; 777.6; 
567; 0; 0; 0; 777.8; 
567; 0; 0; 0; 778; 
567; 0; 0; 0; 778.2; 
567; 0; 0; 0; 778.4; 
567; 0; 0; 0; 778.6; 
567; 0; 0; 0; 778.8; 
567; 0; 0; 0; 779; 
567; 0; 0; 0; 779.2; 
567; 0; 0; 0; 779.4; 
567; 0; 0; 0; 779.6; 
567; 0; 0; 0; 779.8; 
567; 0; 0; 0; 780; 
567; 0; 0; 0; 780.2; 
567; 0; 0; 0; 780.4; 
567; 0; 0; 0; 780.6; 
567; 0; 0; 0; 780.8; 
567; 0; 0; 0; 781; 
567; 0; 0; 0; 781.2; 
567; 0; 0; 0; 781.4; 
567; 0; 0; 0; 781.6; 
567; 0; 0; 0; 781.8; 
567; 0; 0; 0; 782; 
567; 0; 0; 0; 782.2; 
567; 0; 0; 0; 782.4; 
567; 0; 0; 0; 782.6; 
567; 0; 0; 0; 782.8; 
567; 0; 0; 0; 783; 
567; 0; 0; 0; 783.2; 
567; 0; 0; 0; 783.4; 
567; 0; 0; 0; 783.6; 
567; 0; 0; 0; 783.8; 
567; 0; 0; 0; 784; 
567; 0; 0; 0; 784.2; 
567; 0; 0; 0; 784.4; 
567; 0; 0; 0; 784.6; 
567; 0; 0; 0; 784.8; 
567; 0; 0; 0; 785; 
567; 0; 0; 0; 785.2; 
567; 0; 0; 0; 785.4; 
567; 0; 0; 0; 785.6; 
567; 0; 0; 0; 785.8; 
567; 0; 0; 0; 786; 
567; 0; 0; 0; 786.2; 
567; 0; 0; 0; 786.4; 
567; 0; 0; 0; 786.6; 
567; 0; 0; 0; 786.8; 
567; 0; 0; 0; 787; 
567; 0; 0; 0; 787.2; 
567; 0; 0; 0; 787.4; 
567; 0; 0; 0; 787.6; 
567; 0; 0; 0; 787.8; 
567; 0; 0; 0; 788; 
567; 0; 0; 0; 788.2; 
567; 0; 0; 0; 788.4; 
567; 0; 0; 0; 788.6; 
567; 0; 0; 0; 788.8; 
567; 0; 0; 0; 789; 
567; 0; 0; 0; 789.2; 
567; 0; 0; 0; 789.4; 
567; 0; 0; 0; 789.6; 
567; 0; 0; 0; 789.8; 
567; 0; 0; 0; 790; 
567; 0; 0; 0; 790.2; 
567; 0; 0; 0; 790.4; 
567; 0; 0; 0; 790.6; 
567; 0; 0; 0; 790.8; 
567; 0; 0; 0; 791; 
567; 0; 0; 0; 791.2; 
567; 0; 0; 0; 791.4; 
567; 0; 0; 0; 791.6; 
567; 0; 0; 0; 791.8; 
567; 0; 0; 0; 792; 
567; 0; 0; 0; 792.2; 
567; 0; 0; 0; 792.4; 
567; 0; 0; 0; 792.6; 
567; 0; 0; 0; 792.8; 
567; 0; 0; 0; 793; 
567; 0; 0; 0; 793.2; 
567; 0; 0; 0; 793.4; 
567; 0; 0; 0; 793.6; 
567; 0; 0; 0; 793.8; 
567; 0; 0; 0; 794; 
567; 0; 0; 0; 794.2; 
567; 0; 0; 0; 794.4; 
567; 0; 0; 0; 794.6; 
567; 0; 0; 0; 794.8; 
567; 0; 0; 0; 795; 
567; 0; 0; 0; 795.2; 
567; 0; 0; 0; 795.4; 
567; 0; 0; 0; 795.6; 
567; 0; 0; 0; 795.8; 
567; 0; 0; 0; 796; 
567; 0; 0; 0; 796.2; 
567; 0; 0; 0; 796.4; 
567; 0; 0; 0; 796.6; 
567; 0; 0; 0; 796.8; 
567; 0; 0; 0; 797; 
567; 0; 0; 0; 797.2; 
567; 0; 0; 0; 797.4; 
567; 0; 0; 0; 797.6; 
567; 0; 0; 0; 797.8; 
567; 0; 0; 0; 798; 
567; 0; 0; 0; 798.2; 
567; 0; 0; 0; 798.4; 
567; 0; 0; 0; 798.6; 
567; 0; 0; 0; 798.8; 
567; 0; 0; 0; 799; 
567; 0; 0; 0; 799.2; 
567; 0; 0; 0; 799.4; 
567; 0; 0; 0; 799.6; 
567; 0; 0; 0; 799.8; 
567; 0; 0; 0; 800; 
567; 0; 0; 0; 800.2; 
567; 0; 0; 0; 800.4; 
567; 0; 0; 0; 800.6; 
567; 0; 0; 0; 800.8; 
567; 0; 0; 0; 801; 
567; 0; 0; 0; 801.2; 
567; 0; 0; 0; 801.4; 
567; 0; 0; 0; 801.6; 
567; 0; 0; 0; 801.8; 
567; 0; 0; 0; 802; 
567; 0; 0; 0; 802.2; 
567; 0; 0; 0; 802.4; 
567; 0; 0; 0; 802.6; 
567; 0; 0; 0; 802.8; 
567; 0; 0; 0; 803; 
567; 0; 0; 0; 803.2; 
567; 0; 0; 0; 803.4; 
567; 0; 0; 0; 803.6; 
567; 0; 0; 0; 803.8; 
567; 0; 0; 0; 804; 
567; 0; 0; 0; 804.2; 
567; 0; 0; 0; 804.4; 
567; 0; 0; 0; 804.6; 
567; 0; 0; 0; 804.8; 
567; 0; 0; 0; 805; 
567; 0; 0; 0; 805.2; 
567; 0; 0; 0; 805.4; 
567; 0; 0; 0; 805.6; 
567; 0; 0; 0; 805.8; 
567; 0; 0; 0; 806; 
567; 0; 0; 0; 806.2; 
567; 0; 0; 0; 806.4; 
567; 0; 0; 0; 806.6; 
567; 0; 0; 0; 806.8; 
567; 0; 0; 0; 807; 
567; 0; 0; 0; 807.2; 
567; 0; 0; 0; 807.4; 
567; 0; 0; 0; 807.6; 
567; 0; 0; 0; 807.8; 
567; 0; 0; 0; 808; 
567; 0; 0; 0; 808.2; 
567; 0; 0; 0; 808.4; 
567; 0; 0; 0; 808.6; 
567; 0; 0; 0; 808.8; 
567; 0; 0; 0; 809; 
567; 0; 0; 0; 809.2; 
567; 0; 0; 0; 809.4; 
567; 0; 0; 0; 809.6; 
567; 0; 0; 0; 809.8; 
567; 0; 0; 0; 810; 
567; 0; 0; 0; 810.2; 
567; 0; 0; 0; 810.4; 
567; 0; 0; 0; 810.6; 
567; 0; 0; 0; 810.8; 
567; 0; 0; 0; 811; 
567; 0; 0; 0; 811.2; 
567; 0; 0; 0; 811.4; 
567; 0; 0; 0; 811.6; 
567; 0; 0; 0; 811.8; 
567; 0; 0; 0; 812; 
567; 0; 0; 0; 812.2; 
567; 0; 0; 0; 812.4; 
567; 0; 0; 0; 812.6; 
567; 0; 0; 0; 812.8; 
567; 0; 0; 0; 813; 
567; 0; 0; 0; 813.2; 
567; 0; 0; 0; 813.4; 
567; 0; 0; 0; 813.6; 
567; 0; 0; 0; 813.8; 
567; 0; 0; 0; 814; 
567; 0; 0; 0; 814.2; 
567; 0; 0; 0; 814.4; 
567; 0; 0; 0; 814.6; 
567; 0; 0; 0; 814.8; 
567; 0; 0; 0; 815; 
567; 0; 0; 0; 815.2; 
567; 0; 0; 0; 815.4; 
567; 0; 0; 0; 815.6; 
567; 0; 0; 0; 815.8; 
567; 0; 0; 0; 816; 
567; 0; 0; 0; 816.2; 
567; 0; 0; 0; 816.4; 
567; 0; 0; 0; 816.6; 
567; 0; 0; 0; 816.8; 
567; 0; 0; 0; 817; 
567; 0; 0; 0; 817.2; 
567; 0; 0; 0; 817.4; 
567; 0; 0; 0; 817.6; 
567; 0; 0; 0; 817.8; 
567; 0; 0; 0; 818; 
567; 0; 0; 0; 818.2; 
567; 0; 0; 0; 818.4; 
567; 0; 0; 0; 818.6; 
567; 0; 0; 0; 818.8; 
567; 0; 0; 0; 819; 
567; 0; 0; 0; 819.2; 
567; 0; 0; 0; 819.4; 
567; 0; 0; 0; 819.6; 
567; 0; 0; 0; 819.8; 
567; 0; 0; 0; 820; 
567; 0; 0; 0; 820.2; 
567; 0; 0; 0; 820.4; 
567; 0; 0; 0; 820.6; 
567; 0; 0; 0; 820.8; 
567; 0; 0; 0; 821; 
567; 0; 0; 0; 821.2; 
567; 0; 0; 0; 821.4; 
567; 0; 0; 0; 821.6; 
567; 0; 0; 0; 821.8; 
567; 0; 0; 0; 822; 
567; 0; 0; 0; 822.2; 
567; 0; 0; 0; 822.4; 
567; 0; 0; 0; 822.6; 
567; 0; 0; 0; 822.8; 
567; 0; 0; 0; 823; 
567; 0; 0; 0; 823.2; 
567; 0; 0; 0; 823.4; 
567; 0; 0; 0; 823.6; 
567; 0; 0; 0; 823.8; 
567; 0; 0; 0; 824; 
567; 0; 0; 0; 824.2; 
