925; 0; 0; 170; 0; 
925; 0; 0; 170; 0.2; 
925; 0; 0; 170; 0.4; 
925; 0; 0; 170; 0.6; 
925; 0; 0; 170; 0.8; 
925; 0; 0; 170; 1; 
925; 0; 0; 170; 1.2; 
925; 0; 0; 170; 1.4; 
925; 0; 0; 170; 1.6; 
925; 0; 0; 170; 1.8; 
925; 0; 0; 170; 2; 
925; 0; 0; 170; 2.2; 
925; 0; 0; 170; 2.4; 
925; 0; 0; 170; 2.6; 
925; 0; 0; 170; 2.8; 
925; 0; 0; 170; 3; 
925; 0; 0; 170; 3.2; 
925; 0; 0; 170; 3.4; 
925; 0; 0; 170; 3.6; 
925; 0; 0; 170; 3.8; 
925; 0; 0; 170; 4; 
925; 0; 0; 170; 4.2; 
925; 0; 0; 170; 4.4; 
925; 0; 0; 170; 4.6; 
925; 0; 0; 170; 4.8; 
925; 0; 0; 170; 5; 
925; 0; 0; 170; 5.2; 
925; 0; 0; 170; 5.4; 
925; 0; 0; 170; 5.6; 
925; 0; 0; 170; 5.8; 
925; 0; 0; 170; 6; 
925; 0; 0; 170; 6.2; 
925; 0; 0; 170; 6.4; 
925; 0; 0; 170; 6.6; 
925; 0; 0; 170; 6.8; 
925; 0; 0; 170; 7; 
925; 0; 0; 170; 7.2; 
925; 0; 0; 170; 7.4; 
925; 0; 0; 170; 7.6; 
925; 0; 0; 170; 7.8; 
925; 0; 0; 170; 8; 
925; 0; 0; 170; 8.2; 
925; 0; 0; 170; 8.4; 
925; 0; 0; 170; 8.6; 
925; 0; 0; 170; 8.8; 
925; 0; 0; 170; 9; 
925; 0; 0; 170; 9.2; 
925; 0; 0; 170; 9.4; 
925; 0; 0; 170; 9.6; 
925; 0; 0; 170; 9.8; 
925; 0; 0; 170; 10; 
925; 0; 0; 170; 10.2; 
925; 0; 0; 170; 10.4; 
925; 0; 0; 170; 10.6; 
925; 0; 0; 170; 10.8; 
925; 0; 0; 170; 11; 
925; 0; 0; 170; 11.2; 
925; 0; 0; 170; 11.4; 
925; 0; 0; 170; 11.6; 
925; 0; 0; 170; 11.8; 
925; 0; 0; 170; 12; 
925; 0; 0; 170; 12.2; 
925; 0; 0; 170; 12.4; 
925; 0; 0; 170; 12.6; 
925; 0; 0; 170; 12.8; 
925; 0; 0; 170; 13; 
925; 0; 0; 170; 13.2; 
925; 0; 0; 170; 13.4; 
925; 0; 0; 170; 13.6; 
925; 0; 0; 170; 13.8; 
925; 0; 0; 170; 14; 
925; 0; 0; 170; 14.2; 
925; 0; 0; 170; 14.4; 
925; 0; 0; 170; 14.6; 
925; 0; 0; 170; 14.8; 
925; 0; 0; 170; 15; 
925; 0; 0; 170; 15.2; 
925; 0; 0; 170; 15.4; 
925; 0; 0; 170; 15.6; 
925; 0; 0; 170; 15.8; 
925; 0; 0; 170; 16; 
925; 0; 0; 170; 16.2; 
925; 0; 0; 170; 16.4; 
925; 0; 0; 170; 16.6; 
925; 0; 0; 170; 16.8; 
925; 0; 0; 170; 17; 
925; 0; 0; 170; 17.2; 
925; 0; 0; 170; 17.4; 
925; 0; 0; 170; 17.6; 
925; 0; 0; 170; 17.8; 
925; 0; 0; 170; 18; 
925; 0; 0; 170; 18.2; 
925; 0; 0; 170; 18.4; 
925; 0; 0; 170; 18.6; 
925; 0; 0; 170; 18.8; 
925; 0; 0; 170; 19; 
925; 0; 0; 170; 19.2; 
925; 0; 0; 170; 19.4; 
925; 0; 0; 170; 19.6; 
925; 0; 0; 170; 19.8; 
925; 0; 0; 170; 20; 
925; 0; 0; 170; 20.2; 
925; 0; 0; 170; 20.4; 
925; 0; 0; 170; 20.6; 
925; 0; 0; 170; 20.8; 
925; 0; 0; 170; 21; 
925; 0; 0; 170; 21.2; 
925; 0; 0; 170; 21.4; 
925; 0; 0; 170; 21.6; 
925; 0; 0; 170; 21.8; 
925; 0; 0; 170; 22; 
925; 0; 0; 170; 22.2; 
925; 0; 0; 170; 22.4; 
925; 0; 0; 170; 22.6; 
925; 0; 0; 170; 22.8; 
925; 0; 0; 170; 23; 
925; 0; 0; 170; 23.2; 
925; 0; 0; 170; 23.4; 
925; 0; 0; 170; 23.6; 
925; 0; 2460; 170; 23.8; 
925; 0; 2460; 170; 24; 
925; 0; 2460; 170; 24.2; 
925; 0; 2460; 170; 24.4; 
925; 0; 2460; 170; 24.6; 
925; 0; 2460; 170; 24.8; 
925; 0; 2460; 170; 25; 
925; 0; 2460; 170; 25.2; 
925; 0; 2460; 170; 25.4; 
925; 0; 2460; 170; 25.6; 
925; 0; 2460; 170; 25.8; 
925; 0; 2460; 170; 26; 
925; 0; 2460; 170; 26.2; 
925; 0; 2460; 170; 26.4; 
925; 0; 2460; 170; 26.6; 
925; 0; 2460; 170; 26.8; 
925; 0; 2460; 170; 27; 
925; 0; 2460; 170; 27.2; 
925; 0; 2460; 170; 27.4; 
925; 0; 2460; 170; 27.6; 
925; 0; 2460; 170; 27.8; 
925; 0; 2460; 170; 28; 
925; 0; 2460; 170; 28.2; 
925; 0; 2460; 170; 28.4; 
925; 0; 2460; 170; 28.6; 
925; 0; 2460; 170; 28.8; 
925; 0; 2460; 170; 29; 
925; 0; 2460; 170; 29.2; 
925; 0; 2460; 170; 29.4; 
925; 0; 2460; 170; 29.6; 
925; 0; 2460; 170; 29.8; 
925; 0; 2460; 170; 30; 
925; 0; 2460; 170; 30.2; 
925; 0; 2460; 170; 30.4; 
925; 0; 2460; 170; 30.6; 
925; 0; 2460; 170; 30.8; 
925; 0; 2460; 170; 31; 
925; 0; 2460; 170; 31.2; 
925; 0; 2460; 170; 31.4; 
925; 0; 2460; 170; 31.6; 
925; 0; 2460; 170; 31.8; 
925; 0; 2460; 170; 32; 
925; 0; 2460; 170; 32.2; 
925; 0; 2460; 170; 32.4; 
925; 0; 2460; 170; 32.6; 
925; 0; 2460; 170; 32.8; 
925; 0; 2460; 170; 33; 
925; 0; 2460; 170; 33.2; 
925; 0; 2460; 170; 33.4; 
925; 0; 2460; 170; 33.6; 
925; 0; 2460; 170; 33.8; 
925; 0; 2460; 170; 34; 
925; 0; 2460; 170; 34.2; 
925; 0; 2460; 170; 34.4; 
925; 0; 2460; 170; 34.6; 
925; 0; 2460; 170; 34.8; 
925; 0; 2460; 170; 35; 
925; 0; 2460; 170; 35.2; 
925; 0; 2460; 170; 35.4; 
925; 0; 2460; 170; 35.6; 
925; 0; 2460; 170; 35.8; 
925; 0; 2460; 170; 36; 
925; 0; 2460; 170; 36.2; 
925; 0; 2460; 170; 36.4; 
925; 0; 2460; 170; 36.6; 
925; 0; 2460; 170; 36.8; 
925; 0; 2460; 170; 37; 
925; 0; 2460; 170; 37.2; 
925; 0; 2460; 170; 37.4; 
925; 0; 2460; 170; 37.6; 
925; 0; 2460; 170; 37.8; 
925; 0; 2460; 170; 38; 
925; 0; 2460; 170; 38.2; 
925; 0; 2460; 170; 38.4; 
925; 0; 2460; 170; 38.6; 
925; 0; 2460; 170; 38.8; 
925.1695; 0.01; 2460; 170; 39; 
926.4348; 0.03; 2460; 170; 39.2; 
928.9272; 0.06; 2459; 170; 39.4; 
932.6496; 0.08; 2609; 170; 39.6; 
937.7271; 0.11; 2800; 170; 39.8; 
944.1239; 0.14; 2800; 170; 40; 
951.8152; 0.16; 2800; 170; 40.2; 
960.8454; 0.19; 2800; 170; 40.4; 
971.1665; 0.21; 2800; 170; 40.6; 
982.4636; 0.23; 2800; 170; 40.8; 
994.3093; 0.24; 2800; 170; 41; 
1006.373; 0.25; 2800; 170; 41.2; 
1018.2997; 0.25; 2800; 170; 41.4; 
1029.9683; 0.25; 2800; 170; 41.6; 
1041.3885; 0.24; 2800; 170; 41.8; 
1052.5792; 0.24; 2800; 170; 42; 
1063.5327; 0.24; 2800; 170; 42.2; 
1074.2343; 0.24; 2800; 170; 42.4; 
1084.6665; 0.24; 2800; 170; 42.6; 
1094.8123; 0.24; 2800; 170; 42.8; 
1104.6573; 0.24; 2800; 170; 43; 
1114.1868; 0.24; 2800; 170; 43.2; 
1123.399; 0.24; 2800; 170; 43.4; 
1132.3246; 0.24; 2800; 170; 43.6; 
1140.9921; 0.24; 2800; 170; 43.8; 
1149.4229; 0.24; 2800; 170; 44; 
1157.6311; 0.24; 2800; 170; 44.2; 
1165.626; 0.24; 2800; 170; 44.4; 
1173.4124; 0.24; 2800; 170; 44.6; 
1180.993; 0.24; 2800; 170; 44.8; 
1188.3691; 0.24; 2800; 170; 45; 
1195.5406; 0.24; 2800; 170; 45.2; 
1202.5074; 0.24; 2800; 170; 45.4; 
1209.2684; 0.24; 2800; 170; 45.6; 
1215.8225; 0.24; 2800; 170; 45.8; 
1222.1685; 0.24; 2800; 170; 46; 
1228.3054; 0.24; 2800; 170; 46.2; 
1234.2321; 0.24; 2800; 170; 46.4; 
1239.947; 0.24; 2800; 170; 46.6; 
1245.4492; 0.24; 2800; 170; 46.8; 
1250.7373; 0.24; 2800; 170; 47; 
1255.8102; 0.24; 2800; 170; 47.2; 
1260.6663; 0.25; 2800; 170; 47.4; 
1265.3044; 0.25; 2800; 170; 47.6; 
1269.723; 0.25; 2800; 170; 47.8; 
1273.9207; 0.25; 2800; 170; 48; 
1277.8958; 0.25; 2800; 170; 48.2; 
1281.647; 0.25; 2800; 170; 48.4; 
1285.1729; 0.26; 2800; 170; 48.6; 
1288.4718; 0.26; 2800; 170; 48.8; 
1291.5421; 0.26; 2800; 170; 49; 
1294.3821; 0.26; 2800; 170; 49.2; 
1296.99; 0.26; 2800; 170; 49.4; 
1299.3643; 0.26; 2800; 170; 49.6; 
1301.5031; 0.27; 2800; 170; 49.8; 
1303.4049; 0.27; 2800; 170; 50; 
1305.0677; 0.27; 2800; 170; 50.2; 
1306.4897; 0.27; 2800; 170; 50.4; 
1307.6693; 0.28; 2800; 170; 50.6; 
1308.6042; 0.28; 2800; 170; 50.8; 
1309.293; 0.28; 2800; 170; 51; 
1309.7334; 0.28; 2800; 170; 51.2; 
1309.9238; 0.29; 2800; 170; 51.4; 
1309.8625; 0.29; 2800; 170; 51.6; 
1309.5471; 0.29; 2800; 170; 51.8; 
1308.9696; 0.3; 2800; 170; 52; 
1308.1484; 0.3; 2800; 170; 52.2; 
1307.14; 0.3; 2800; 170; 52.4; 
1306.0146; 0.3; 2800; 170; 52.6; 
1304.8387; 0.31; 2800; 170; 52.8; 
1303.6678; 0.31; 2800; 170; 53; 
1302.5477; 0.31; 2800; 170; 53.2; 
1301.5168; 0.31; 2800; 170; 53.4; 
1300.6071; 0.32; 2800; 170; 53.6; 
1299.8424; 0.32; 2800; 170; 53.8; 
1299.2383; 0.32; 2800; 170; 54; 
1298.801; 0.32; 2800; 170; 54.2; 
1298.5297; 0.33; 2800; 170; 54.4; 
1298.4165; 0.33; 2800; 170; 54.6; 
1298.4493; 0.33; 2800; 170; 54.8; 
1298.6125; 0.33; 2800; 170; 55; 
1298.8875; 0.34; 2800; 170; 55.2; 
1299.2534; 0.34; 2800; 170; 55.4; 
1299.6882; 0.34; 2800; 170; 55.6; 
1300.1704; 0.34; 2800; 170; 55.8; 
1300.6781; 0.34; 2800; 170; 56; 
1301.192; 0.35; 2800; 170; 56.2; 
1301.6951; 0.35; 2800; 170; 56.4; 
1302.1731; 0.35; 2800; 170; 56.6; 
1302.6143; 0.35; 2800; 170; 56.8; 
1303.0104; 0.36; 2800; 170; 57; 
1303.3563; 0.36; 2800; 170; 57.2; 
1303.6501; 0.36; 2800; 170; 57.4; 
1303.8927; 0.36; 2800; 170; 57.6; 
1304.0865; 0.37; 2800; 170; 57.8; 
1304.2365; 0.37; 2800; 170; 58; 
1304.348; 0.37; 2800; 170; 58.2; 
1304.4283; 0.37; 2800; 170; 58.4; 
1304.4849; 0.37; 2800; 170; 58.6; 
1304.5256; 0.38; 2800; 170; 58.8; 
1304.5577; 0.38; 2800; 170; 59; 
1304.5872; 0.38; 2800; 170; 59.2; 
1304.6191; 0.38; 2800; 170; 59.4; 
1304.6583; 0.39; 2800; 170; 59.6; 
1304.7079; 0.39; 2800; 170; 59.8; 
1304.7704; 0.39; 2800; 170; 60; 
1304.8462; 0.39; 2800; 170; 60.2; 
1304.9349; 0.4; 2800; 170; 60.4; 
1305.0356; 0.4; 2800; 170; 60.6; 
1305.1462; 0.4; 2800; 170; 60.8; 
1305.2643; 0.4; 2800; 170; 61; 
1305.3875; 0.4; 2800; 170; 61.2; 
1305.5138; 0.41; 2800; 170; 61.4; 
1305.6407; 0.41; 2800; 170; 61.6; 
1305.7659; 0.41; 2800; 170; 61.8; 
1305.8875; 0.41; 2800; 170; 62; 
1306.0042; 0.42; 2800; 170; 62.2; 
1306.1151; 0.42; 2800; 170; 62.4; 
1306.22; 0.42; 2800; 170; 62.6; 
1306.3182; 0.42; 2800; 170; 62.8; 
1306.4094; 0.42; 2800; 170; 63; 
1306.4941; 0.43; 2800; 170; 63.2; 
1306.5732; 0.43; 2800; 170; 63.4; 
1306.6476; 0.43; 2800; 170; 63.6; 
1306.7183; 0.43; 2800; 170; 63.8; 
1306.7867; 0.43; 2800; 170; 64; 
1306.8538; 0.44; 2800; 170; 64.2; 
1306.92; 0.44; 2800; 170; 64.4; 
1306.9857; 0.44; 2800; 170; 64.6; 
1307.0491; 0.44; 2800; 170; 64.8; 
1307.1292; 0.44; 2800; 170; 65; 
1307.2793; 0.45; 2800; 170; 65.2; 
1307.551; 0.45; 2800; 170; 65.4; 
1307.9833; 0.45; 2800; 170; 65.6; 
1308.6102; 0.45; 2800; 170; 65.8; 
1309.4622; 0.45; 2800; 170; 66; 
1310.5658; 0.46; 2800; 170; 66.2; 
1311.9457; 0.46; 2800; 170; 66.4; 
1313.6078; 0.46; 2800; 170; 66.6; 
1315.5045; 0.46; 2800; 170; 66.8; 
1317.5591; 0.46; 2800; 170; 67; 
1319.6938; 0.46; 2800; 170; 67.2; 
1321.8372; 0.47; 2800; 170; 67.4; 
1323.9236; 0.47; 2800; 170; 67.6; 
1325.9032; 0.47; 2800; 170; 67.8; 
1327.7438; 0.47; 2800; 170; 68; 
1329.4308; 0.47; 2800; 170; 68.2; 
1330.9637; 0.47; 2800; 170; 68.4; 
1332.3533; 0.48; 2800; 170; 68.6; 
1333.6165; 0.48; 2800; 170; 68.8; 
1334.7745; 0.48; 2800; 170; 69; 
1335.8494; 0.48; 2800; 170; 69.2; 
1336.8606; 0.48; 2800; 170; 69.4; 
1337.8245; 0.49; 2800; 170; 69.6; 
1338.7526; 0.49; 2800; 170; 69.8; 
1339.6526; 0.49; 2800; 170; 70; 
1340.5286; 0.49; 2770; 170; 70.2; 
1341.3793; 0.49; 2729; 170; 70.4; 
1342.2024; 0.49; 2688; 170; 70.6; 
1342.9934; 0.5; 2646; 170; 70.8; 
1343.748; 0.5; 2603; 170; 71; 
1344.4617; 0.5; 2560; 170; 71.2; 
1345.132; 0.5; 2517; 170; 71.4; 
1345.7568; 0.5; 2473; 170; 71.6; 
1346.3361; 0.5; 2430; 170; 71.8; 
1346.8708; 0.51; 2388; 170; 72; 
1347.3635; 0.51; 2346; 170; 72.2; 
1347.8181; 0.51; 2304; 170; 72.4; 
1348.2385; 0.51; 2264; 170; 72.6; 
1348.6292; 0.51; 2224; 170; 72.8; 
1348.993; 0.51; 2185; 170; 73; 
1349.3339; 0.52; 2147; 170; 73.2; 
1349.6537; 0.52; 2110; 170; 73.4; 
1349.9539; 0.52; 2074; 170; 73.6; 
1350.2357; 0.52; 2039; 170; 73.8; 
1350.5012; 0.52; 2006; 170; 74; 
1350.7513; 0.52; 1973; 170; 74.2; 
1350.9855; 0.52; 1942; 170; 74.4; 
1351.2031; 0.52; 1911; 170; 74.6; 
1351.4047; 0.52; 1882; 170; 74.8; 
1351.5902; 0.53; 1853; 170; 75; 
1351.761; 0.53; 1826; 170; 75.2; 
1351.9185; 0.53; 1799; 170; 75.4; 
1352.0636; 0.53; 1774; 170; 75.6; 
1352.1979; 0.53; 1749; 170; 75.8; 
1352.3223; 0.53; 1725; 170; 76; 
1352.4377; 0.53; 1702; 170; 76.2; 
1352.5453; 0.53; 1680; 170; 76.4; 
1352.645; 0.53; 1659; 170; 76.6; 
1352.7371; 0.53; 1639; 170; 76.8; 
1352.8234; 0.53; 1619; 170; 77; 
1352.9091; 0.53; 1601; 170; 77.2; 
1352.9994; 0.53; 1583; 170; 77.4; 
1353.0958; 0.53; 1567; 170; 77.6; 
1353.1969; 0.53; 1551; 170; 77.8; 
1353.299; 0.53; 1535; 170; 78; 
1353.3975; 0.54; 1520; 170; 78.2; 
1353.4883; 0.54; 1506; 170; 78.4; 
1353.5695; 0.54; 1492; 170; 78.6; 
1353.6387; 0.54; 1479; 170; 78.8; 
1353.6947; 0.54; 1466; 170; 79; 
1353.7379; 0.54; 1454; 170; 79.2; 
1353.7709; 0.54; 1442; 170; 79.4; 
1353.7964; 0.54; 1431; 170; 79.6; 
1353.8156; 0.54; 1420; 170; 79.8; 
1353.8315; 0.54; 1409; 170; 80; 
1353.8461; 0.54; 1399; 170; 80.2; 
1353.8604; 0.54; 1390; 170; 80.4; 
1353.8739; 0.54; 1381; 170; 80.6; 
1353.8878; 0.54; 1372; 170; 80.8; 
1353.9019; 0.54; 1364; 170; 81; 
1353.9158; 0.54; 1357; 170; 81.2; 
1353.9297; 0.54; 1349; 170; 81.4; 
1353.9421; 0.54; 1342; 170; 81.6; 
1353.9528; 0.54; 1335; 170; 81.8; 
1353.9615; 0.54; 1329; 170; 82; 
1353.9679; 0.54; 1323; 170; 82.2; 
1353.9723; 0.54; 1318; 170; 82.4; 
1353.975; 0.54; 1312; 170; 82.6; 
1353.9767; 0.54; 1307; 170; 82.8; 
1353.9771; 0.54; 1302; 170; 83; 
1353.9764; 0.54; 1298; 170; 83.2; 
1353.975; 0.54; 1294; 170; 83.4; 
1353.9729; 0.54; 1290; 170; 83.6; 
1353.9701; 0.54; 1286; 170; 83.8; 
1353.9663; 0.54; 1282; 170; 84; 
1353.9625; 0.54; 1279; 170; 84.2; 
1353.9586; 0.54; 1276; 170; 84.4; 
1353.9547; 0.54; 1273; 170; 84.6; 
1353.9512; 0.54; 1270; 170; 84.8; 
1353.9479; 0.54; 1267; 170; 85; 
1353.9446; 0.54; 1265; 170; 85.2; 
1353.9404; 0.54; 1263; 170; 85.4; 
1353.9355; 0.54; 1261; 170; 85.6; 
1353.9302; 0.54; 1259; 170; 85.8; 
1353.9247; 0.54; 1257; 170; 86; 
1353.9192; 0.54; 1255; 170; 86.2; 
1353.9127; 0.54; 1254; 170; 86.4; 
1353.9055; 0.54; 1252; 170; 86.6; 
1353.8984; 0.54; 1251; 170; 86.8; 
1353.8912; 0.54; 1250; 170; 87; 
1353.8842; 0.54; 1249; 170; 87.2; 
1353.8774; 0.54; 1248; 170; 87.4; 
1353.8704; 0.54; 1247; 170; 87.6; 
1353.8628; 0.54; 1247; 170; 87.8; 
1353.8544; 0.54; 1246; 170; 88; 
1353.8461; 0.54; 1245; 170; 88.2; 
1353.8376; 0.54; 1245; 170; 88.4; 
1353.8293; 0.54; 1245; 170; 88.6; 
1353.8206; 0.54; 1244; 170; 88.8; 
1353.8114; 0.54; 1244; 170; 89; 
1353.8032; 0.54; 1244; 170; 89.2; 
1353.7966; 0.54; 1244; 170; 89.4; 
1353.7904; 0.54; 1244; 170; 89.6; 
1353.7842; 0.54; 1244; 170; 89.8; 
1353.7775; 0.54; 1244; 170; 90; 
1353.7699; 0.54; 1244; 170; 90.2; 
1353.762; 0.54; 1244; 170; 90.4; 
1353.7539; 0.54; 1244; 170; 90.6; 
1353.7452; 0.54; 1244; 170; 90.8; 
1353.7361; 0.54; 1245; 170; 91; 
1353.7272; 0.53; 1245; 170; 91.2; 
1353.7181; 0.53; 1245; 170; 91.4; 
1353.7086; 0.53; 1246; 170; 91.6; 
1353.7001; 0.53; 1246; 170; 91.8; 
1353.6924; 0.53; 1247; 170; 92; 
1353.6854; 0.53; 1247; 170; 92.2; 
1353.6787; 0.53; 1248; 170; 92.4; 
1353.6719; 0.53; 1249; 170; 92.6; 
1353.6642; 0.53; 1250; 170; 92.8; 
1353.656; 0.53; 1250; 170; 93; 
1353.6476; 0.53; 1251; 170; 93.2; 
1353.6393; 0.53; 1252; 170; 93.4; 
1353.631; 0.53; 1253; 170; 93.6; 
1353.6222; 0.53; 1254; 170; 93.8; 
1353.6133; 0.53; 1255; 170; 94; 
1353.6049; 0.53; 1256; 170; 94.2; 
1353.5966; 0.53; 1257; 170; 94.4; 
1353.5881; 0.53; 1258; 170; 94.6; 
1353.5801; 0.53; 1259; 170; 94.8; 
1353.5728; 0.53; 1260; 170; 95; 
1353.5656; 0.53; 1261; 170; 95.2; 
1353.5607; 0.53; 1262; 170; 95.4; 
1353.5967; 0.53; 1264; 170; 95.6; 
1353.7355; 0.53; 1268; 170; 95.8; 
1354.0331; 0.53; 1273; 170; 96; 
1354.5367; 0.53; 1280; 170; 96.2; 
1355.2859; 0.53; 1290; 170; 96.4; 
1356.3134; 0.53; 1301; 170; 96.6; 
1357.6433; 0.53; 1315; 170; 96.8; 
1359.2931; 0.53; 1331; 170; 97; 
1361.2733; 0.53; 1348; 170; 97.2; 
1363.5541; 0.53; 1365; 170; 97.4; 
1366.0624; 0.53; 1382; 170; 97.6; 
1368.7168; 0.53; 1397; 170; 97.8; 
1371.4424; 0.53; 1412; 170; 98; 
1374.1769; 0.53; 1426; 170; 98.2; 
1376.8745; 0.53; 1438; 170; 98.4; 
1379.5098; 0.53; 1450; 170; 98.6; 
1382.075; 0.53; 1461; 170; 98.8; 
1384.5771; 0.53; 1471; 170; 99; 
1387.0338; 0.53; 1481; 170; 99.2; 
1389.4679; 0.53; 1491; 170; 99.4; 
1391.9021; 0.52; 1500; 170; 99.6; 
1394.356; 0.52; 1510; 170; 99.8; 
1396.8445; 0.52; 1519; 170; 100; 
1399.3759; 0.52; 1529; 170; 100.2; 
1401.9523; 0.52; 1538; 170; 100.4; 
1404.5709; 0.52; 1547; 170; 100.6; 
1407.2261; 0.52; 1556; 170; 100.8; 
1409.9092; 0.52; 1565; 170; 101; 
1412.6105; 0.52; 1573; 170; 101.2; 
1415.321; 0.52; 1581; 170; 101.4; 
1418.0331; 0.52; 1588; 170; 101.6; 
1420.7402; 0.52; 1595; 170; 101.8; 
1423.4402; 0.52; 1602; 170; 102; 
1426.132; 0.52; 1608; 170; 102.2; 
1428.8175; 0.52; 1614; 170; 102.4; 
1431.4982; 0.52; 1620; 170; 102.6; 
1434.1763; 0.52; 1626; 170; 102.8; 
1436.854; 0.52; 1631; 170; 103; 
1439.5332; 0.52; 1636; 170; 103.2; 
1442.2157; 0.52; 1641; 170; 103.4; 
1444.9026; 0.52; 1645; 170; 103.6; 
1447.5951; 0.52; 1649; 170; 103.8; 
1450.2937; 0.52; 1654; 170; 104; 
1452.9963; 0.52; 1658; 170; 104.2; 
1455.7024; 0.52; 1661; 170; 104.4; 
1458.4111; 0.52; 1665; 170; 104.6; 
1461.1221; 0.52; 1668; 170; 104.8; 
1463.8344; 0.52; 1671; 170; 105; 
1466.5466; 0.52; 1674; 170; 105.2; 
1469.2572; 0.52; 1677; 170; 105.4; 
1471.9666; 0.52; 1679; 170; 105.6; 
1474.675; 0.52; 1682; 170; 105.8; 
1477.3821; 0.52; 1684; 170; 106; 
1480.0887; 0.52; 1686; 170; 106.2; 
1482.7957; 0.52; 1688; 170; 106.4; 
1485.5032; 0.52; 1690; 170; 106.6; 
1488.2112; 0.52; 1691; 170; 106.8; 
1490.9208; 0.52; 1693; 170; 107; 
1493.6321; 0.52; 1694; 170; 107.2; 
1496.3446; 0.52; 1696; 170; 107.4; 
1499.0582; 0.52; 1697; 170; 107.6; 
1501.7723; 0.52; 1698; 170; 107.8; 
1504.4863; 0.52; 1699; 170; 108; 
1507.2003; 0.52; 1700; 170; 108.2; 
1509.9139; 0.52; 1701; 170; 108.4; 
1512.6279; 0.52; 1701; 170; 108.6; 
1515.3435; 0.52; 1702; 170; 108.8; 
1518.0594; 0.52; 1702; 170; 109; 
1520.7748; 0.52; 1703; 170; 109.2; 
1523.4907; 0.52; 1703; 170; 109.4; 
1526.2076; 0.52; 1703; 170; 109.6; 
1528.9263; 0.52; 1704; 170; 109.8; 
1531.6454; 0.52; 1704; 170; 110; 
1534.3649; 0.52; 1704; 170; 110.2; 
1537.0846; 0.52; 1704; 170; 110.4; 
1539.8048; 0.52; 1704; 170; 110.6; 
1542.525; 0.52; 1704; 170; 110.8; 
1545.245; 0.52; 1704; 170; 111; 
1547.9653; 0.52; 1704; 170; 111.2; 
1550.6853; 0.52; 1704; 170; 111.4; 
1553.4059; 0.52; 1703; 170; 111.6; 
1556.1274; 0.52; 1703; 170; 111.8; 
1558.8495; 0.52; 1703; 170; 112; 
1561.572; 0.52; 1702; 170; 112.2; 
1564.2939; 0.52; 1702; 170; 112.4; 
1567.0166; 0.52; 1702; 170; 112.6; 
1569.7401; 0.52; 1701; 170; 112.8; 
1572.4639; 0.52; 1701; 170; 113; 
1575.188; 0.52; 1700; 170; 113.2; 
1577.9126; 0.52; 1700; 170; 113.4; 
1580.6378; 0.52; 1699; 170; 113.6; 
1583.363; 0.52; 1699; 170; 113.8; 
1586.089; 0.52; 1698; 170; 114; 
1588.8156; 0.52; 1698; 170; 114.2; 
1591.542; 0.53; 1697; 170; 114.4; 
1594.2681; 0.53; 1696; 170; 114.6; 
1596.9938; 0.53; 1696; 170; 114.8; 
1599.7206; 0.53; 1695; 170; 115; 
1602.4482; 0.53; 1694; 170; 115.2; 
1605.1761; 0.53; 1694; 170; 115.4; 
1607.905; 0.53; 1693; 170; 115.6; 
1610.6348; 0.53; 1692; 170; 115.8; 
1613.3643; 0.53; 1691; 170; 116; 
1616.0942; 0.53; 1690; 170; 116.2; 
1618.8246; 0.53; 1689; 170; 116.4; 
1621.5551; 0.53; 1688; 170; 116.6; 
1624.2858; 0.53; 1687; 170; 116.8; 
1627.0164; 0.53; 1687; 170; 117; 
1629.7469; 0.53; 1686; 170; 117.2; 
1632.4769; 0.53; 1685; 170; 117.4; 
1635.2073; 0.53; 1684; 170; 117.6; 
1637.9386; 0.53; 1683; 170; 117.8; 
1640.6707; 0.53; 1682; 170; 118; 
1643.4028; 0.53; 1681; 170; 118.2; 
1646.1354; 0.53; 1680; 170; 118.4; 
1648.869; 0.53; 1679; 170; 118.6; 
1651.603; 0.53; 1678; 170; 118.8; 
1654.3365; 0.53; 1677; 170; 119; 
1657.0703; 0.53; 1676; 170; 119.2; 
1659.8049; 0.53; 1675; 170; 119.4; 
1662.5404; 0.53; 1674; 170; 119.6; 
1665.2761; 0.53; 1673; 170; 119.8; 
1668.0114; 0.53; 1672; 170; 120; 
1670.7463; 0.53; 1672; 170; 120.2; 
1673.4816; 0.53; 1671; 170; 120.4; 
1676.2164; 0.53; 1670; 170; 120.6; 
1678.9513; 0.53; 1669; 170; 120.8; 
1681.6866; 0.53; 1668; 170; 121; 
1684.4221; 0.53; 1667; 170; 121.2; 
1687.1576; 0.53; 1667; 170; 121.4; 
1689.8932; 0.53; 1666; 170; 121.6; 
1692.6283; 0.53; 1665; 170; 121.8; 
1695.364; 0.53; 1664; 170; 122; 
1698.1008; 0.53; 1663; 170; 122.2; 
1700.8376; 0.53; 1662; 170; 122.4; 
1703.5748; 0.53; 1662; 170; 122.6; 
1706.3118; 0.53; 1661; 170; 122.8; 
1709.0491; 0.53; 1660; 170; 123; 
1711.7866; 0.53; 1659; 170; 123.2; 
1714.524; 0.53; 1659; 170; 123.4; 
1717.2616; 0.53; 1658; 170; 123.6; 
1719.9994; 0.53; 1657; 170; 123.8; 
1722.7372; 0.53; 1656; 170; 124; 
1725.4752; 0.53; 1656; 170; 124.2; 
1728.2129; 0.53; 1655; 170; 124.4; 
1730.9504; 0.53; 1654; 170; 124.6; 
1733.6876; 0.53; 1654; 170; 124.8; 
1736.4253; 0.53; 1653; 170; 125; 
1739.1633; 0.53; 1652; 170; 125.2; 
1741.9016; 0.53; 1652; 170; 125.4; 
1744.6399; 0.53; 1651; 170; 125.6; 
1747.3784; 0.53; 1650; 170; 125.8; 
1750.1173; 0.53; 1650; 170; 126; 
1752.8564; 0.53; 1649; 170; 126.2; 
1755.5947; 0.53; 1648; 170; 126.4; 
1758.3324; 0.53; 1648; 170; 126.6; 
1761.0701; 0.53; 1647; 170; 126.8; 
1763.8085; 0.53; 1646; 170; 127; 
1766.5474; 0.53; 1646; 170; 127.2; 
1769.2864; 0.53; 1645; 170; 127.4; 
1772.0258; 0.53; 1644; 170; 127.6; 
1774.7651; 0.53; 1644; 170; 127.8; 
1777.5048; 0.53; 1643; 170; 128; 
1780.2446; 0.53; 1643; 170; 128.2; 
1782.9839; 0.53; 1642; 170; 128.4; 
1785.7201; 0.53; 1642; 170; 128.6; 
1788.4486; 0.53; 1642; 170; 128.8; 
1791.1626; 0.53; 1642; 170; 129; 
1793.8239; 0.53; 1640; 170; 129.2; 
1796.364; 0.53; 1638; 170; 129.4; 
1798.7175; 0.53; 1634; 170; 129.6; 
1800.8383; 0.53; 1628; 170; 129.8; 
1802.6934; 0.53; 1621; 170; 130; 
1804.2589; 0.53; 1613; 170; 130.2; 
1805.5175; 0.53; 1602; 170; 130.4; 
1806.4595; 0.53; 1590; 170; 130.6; 
1807.0787; 0.53; 1576; 170; 130.8; 
1807.3693; 0.53; 1561; 170; 131; 
1807.3425; 0.53; 1545; 170; 131.2; 
1807.0587; 0.53; 1528; 170; 131.4; 
1806.6102; 0.53; 1511; 170; 131.6; 
1806.0945; 0.53; 1496; 170; 131.8; 
1805.6021; 0.53; 1483; 170; 132; 
1805.2078; 0.53; 1472; 170; 132.2; 
1804.9637; 0.53; 1463; 170; 132.4; 
1804.8954; 0.54; 1455; 170; 132.6; 
1805.0011; 0.54; 1448; 170; 132.8; 
1805.2543; 0.54; 1441; 170; 133; 
1805.6093; 0.54; 1433; 170; 133.2; 
1806.0094; 0.54; 1425; 170; 133.4; 
1806.3978; 0.54; 1417; 170; 133.6; 
1806.7279; 0.54; 1408; 170; 133.8; 
1806.9689; 0.54; 1398; 170; 134; 
1807.1057; 0.54; 1388; 170; 134.2; 
1807.1403; 0.54; 1378; 170; 134.4; 
1807.0887; 0.54; 1368; 170; 134.6; 
1806.9761; 0.54; 1359; 170; 134.8; 
1806.8301; 0.54; 1349; 170; 135; 
1806.6765; 0.54; 1341; 170; 135.2; 
1806.5378; 0.54; 1333; 170; 135.4; 
1806.4285; 0.54; 1325; 170; 135.6; 
1806.3563; 0.54; 1318; 170; 135.8; 
1806.322; 0.54; 1312; 170; 136; 
1806.322; 0.54; 1306; 170; 136.2; 
1806.3485; 0.54; 1300; 170; 136.4; 
1806.3917; 0.54; 1295; 170; 136.6; 
1806.4414; 0.54; 1290; 170; 136.8; 
1806.489; 0.54; 1285; 170; 137; 
1806.5281; 0.54; 1280; 170; 137.2; 
1806.5544; 0.54; 1275; 170; 137.4; 
1806.5667; 0.54; 1270; 170; 137.6; 
1806.5651; 0.54; 1266; 170; 137.8; 
1806.5519; 0.54; 1262; 170; 138; 
1806.5306; 0.54; 1258; 170; 138.2; 
1806.506; 0.54; 1254; 170; 138.4; 
1806.4808; 0.54; 1250; 170; 138.6; 
1806.458; 0.54; 1247; 170; 138.8; 
1806.4379; 0.54; 1244; 170; 139; 
1806.4213; 0.54; 1241; 170; 139.2; 
1806.4091; 0.54; 1238; 170; 139.4; 
1806.4008; 0.54; 1236; 170; 139.6; 
1806.3956; 0.54; 1234; 170; 139.8; 
1806.3926; 0.54; 1231; 170; 140; 
1806.3905; 0.54; 1229; 170; 140.2; 
1806.3881; 0.54; 1227; 170; 140.4; 
1806.3848; 0.54; 1226; 170; 140.6; 
1806.3795; 0.54; 1224; 170; 140.8; 
1806.373; 0.54; 1222; 170; 141; 
1806.3654; 0.54; 1221; 170; 141.2; 
1806.3553; 0.54; 1219; 170; 141.4; 
1806.3436; 0.54; 1218; 170; 141.6; 
1806.3309; 0.54; 1217; 170; 141.8; 
1806.3175; 0.54; 1216; 170; 142; 
1806.304; 0.54; 1215; 170; 142.2; 
1806.2911; 0.54; 1214; 170; 142.4; 
1806.2799; 0.54; 1213; 170; 142.6; 
1806.2704; 0.54; 1213; 170; 142.8; 
1806.2607; 0.54; 1212; 170; 143; 
1806.2501; 0.54; 1211; 170; 143.2; 
1806.2391; 0.54; 1211; 170; 143.4; 
1806.2279; 0.54; 1210; 170; 143.6; 
1806.2164; 0.54; 1210; 170; 143.8; 
1806.2052; 0.54; 1210; 170; 144; 
1806.1942; 0.54; 1210; 170; 144.2; 
1806.1836; 0.54; 1209; 170; 144.4; 
1806.1731; 0.54; 1209; 170; 144.6; 
1806.1628; 0.54; 1209; 170; 144.8; 
1806.153; 0.54; 1209; 170; 145; 
1806.1437; 0.54; 1209; 170; 145.2; 
1806.1335; 0.54; 1209; 170; 145.4; 
1806.1364; 0.54; 1210; 170; 145.6; 
1806.2065; 0.54; 1212; 170; 145.8; 
1806.4095; 0.54; 1215; 170; 146; 
1806.8022; 0.54; 1221; 170; 146.2; 
1807.4299; 0.54; 1229; 170; 146.4; 
1808.3273; 0.53; 1239; 170; 146.6; 
1809.5209; 0.53; 1252; 170; 146.8; 
1811.0304; 0.53; 1266; 170; 147; 
1812.8578; 0.53; 1281; 170; 147.2; 
1814.953; 0.53; 1296; 170; 147.4; 
1817.2345; 0.53; 1311; 170; 147.6; 
1819.6163; 0.53; 1324; 170; 147.8; 
1822.0225; 0.53; 1336; 170; 148; 
1824.3921; 0.53; 1347; 170; 148.2; 
1826.684; 0.53; 1357; 170; 148.4; 
1828.88; 0.53; 1366; 170; 148.6; 
1830.9814; 0.53; 1375; 170; 148.8; 
1833.0024; 0.53; 1383; 170; 149; 
1834.9659; 0.53; 1390; 170; 149.2; 
1836.8993; 0.53; 1397; 170; 149.4; 
1838.8282; 0.53; 1405; 170; 149.6; 
1840.7743; 0.53; 1412; 170; 149.8; 
1842.7526; 0.53; 1419; 170; 150; 
1844.7704; 0.53; 1427; 170; 150.2; 
1846.8286; 0.53; 1434; 170; 150.4; 
1848.9233; 0.53; 1441; 170; 150.6; 
1851.0466; 0.53; 1448; 170; 150.8; 
1853.189; 0.53; 1454; 170; 151; 
1855.3412; 0.53; 1460; 170; 151.2; 
1857.4944; 0.53; 1466; 170; 151.4; 
1859.6428; 0.53; 1471; 170; 151.6; 
1861.7826; 0.53; 1476; 170; 151.8; 
1863.9116; 0.53; 1481; 170; 152; 
1866.0294; 0.53; 1486; 170; 152.2; 
1868.1377; 0.53; 1490; 170; 152.4; 
1870.2401; 0.53; 1494; 170; 152.6; 
1872.3397; 0.53; 1498; 170; 152.8; 
1874.4391; 0.53; 1501; 170; 153; 
1876.5413; 0.53; 1505; 170; 153.2; 
1878.6476; 0.53; 1508; 170; 153.4; 
1880.7581; 0.53; 1512; 170; 153.6; 
1882.8727; 0.53; 1515; 170; 153.8; 
1884.9922; 0.53; 1518; 170; 154; 
1887.1156; 0.53; 1520; 170; 154.2; 
1889.2416; 0.53; 1523; 170; 154.4; 
1891.3684; 0.53; 1526; 170; 154.6; 
1893.4956; 0.53; 1528; 170; 154.8; 
1895.623; 0.53; 1530; 170; 155; 
1897.7499; 0.53; 1532; 170; 155.2; 
1899.8755; 0.53; 1534; 170; 155.4; 
1901.9995; 0.53; 1536; 170; 155.6; 
1904.1222; 0.53; 1537; 170; 155.8; 
1906.2439; 0.53; 1539; 170; 156; 
1908.3651; 0.53; 1540; 170; 156.2; 
1910.4865; 0.53; 1542; 170; 156.4; 
1912.6086; 0.53; 1543; 170; 156.6; 
1914.7329; 0.53; 1544; 170; 156.8; 
1916.8586; 0.53; 1545; 170; 157; 
1918.9846; 0.53; 1546; 170; 157.2; 
1921.1108; 0.53; 1547; 170; 157.4; 
1923.2377; 0.53; 1548; 170; 157.6; 
1925.3655; 0.53; 1549; 170; 157.8; 
1927.4941; 0.53; 1550; 170; 158; 
1929.6233; 0.53; 1550; 170; 158.2; 
1931.7537; 0.53; 1551; 170; 158.4; 
1933.8848; 0.53; 1551; 170; 158.6; 
1936.015; 0.53; 1552; 170; 158.8; 
1938.1448; 0.53; 1552; 170; 159; 
1940.2739; 0.53; 1553; 170; 159.2; 
1942.4034; 0.53; 1553; 170; 159.4; 
1944.5332; 0.53; 1553; 170; 159.6; 
1946.6631; 0.53; 1554; 170; 159.8; 
1948.7932; 0.53; 1554; 170; 160; 
1950.923; 0.53; 1554; 170; 160.2; 
1953.0526; 0.53; 1554; 170; 160.4; 
1955.1826; 0.53; 1554; 170; 160.6; 
1957.313; 0.53; 1554; 170; 160.8; 
1959.4438; 0.53; 1554; 170; 161; 
1961.5743; 0.53; 1555; 170; 161.2; 
1963.7002; 0.53; 1555; 170; 161.4; 
1965.8152; 0.53; 1555; 170; 161.6; 
1967.9111; 0.53; 1555; 170; 161.8; 
1969.9788; 0.53; 1555; 170; 162; 
1972.0089; 0.53; 1555; 170; 162.2; 
1973.9917; 0.53; 1555; 170; 162.4; 
1975.9213; 0.53; 1555; 170; 162.6; 
1977.8065; 0.53; 1555; 170; 162.8; 
1979.6691; 0.53; 1556; 170; 163; 
1981.5375; 0.53; 1558; 170; 163.2; 
1983.4423; 0.53; 1561; 170; 163.4; 
1985.4092; 0.53; 1565; 170; 163.6; 
1987.4556; 0.53; 1570; 170; 163.8; 
1989.588; 0.53; 1576; 170; 164; 
1991.8036; 0.53; 1582; 170; 164.2; 
1994.097; 0.53; 1588; 170; 164.4; 
1996.4521; 0.53; 1593; 170; 164.6; 
1998.8229; 0.53; 1596; 170; 164.8; 
2001.1434; 0.53; 1597; 170; 165; 
2003.3414; 0.53; 1596; 170; 165.2; 
2005.3445; 0.53; 1593; 170; 165.4; 
2007.0875; 0.53; 1587; 170; 165.6; 
2008.5176; 0.53; 1580; 170; 165.8; 
2009.5968; 0.53; 1571; 170; 166; 
2010.3018; 0.53; 1560; 170; 166.2; 
2010.6216; 0.53; 1546; 170; 166.4; 
2010.5533; 0.53; 1531; 170; 166.6; 
2010.1067; 0.53; 1514; 170; 166.8; 
2009.3434; 0.53; 1496; 170; 167; 
2008.3685; 0.53; 1478; 170; 167.2; 
2007.303; 0.53; 1463; 170; 167.4; 
2006.2642; 0.53; 1451; 170; 167.6; 
2005.3507; 0.53; 1443; 170; 167.8; 
2004.6355; 0.53; 1440; 170; 168; 
2004.1646; 0.53; 1440; 170; 168.2; 
2003.9683; 0.53; 1443; 170; 168.4; 
2004.0642; 0.53; 1446; 170; 168.6; 
2004.4425; 0.53; 1449; 170; 168.8; 
2005.0558; 0.53; 1450; 170; 169; 
2005.819; 0.53; 1448; 170; 169.2; 
2006.6229; 0.53; 1444; 170; 169.4; 
2007.3542; 0.53; 1437; 170; 169.6; 
2007.9207; 0.53; 1430; 170; 169.8; 
2008.2666; 0.53; 1421; 170; 170; 
2008.3754; 0.53; 1411; 170; 170.2; 
2008.2671; 0.53; 1400; 170; 170.4; 
2007.9907; 0.53; 1389; 170; 170.6; 
2007.611; 0.53; 1378; 170; 170.8; 
2007.1924; 0.53; 1368; 170; 171; 
2006.7928; 0.54; 1359; 170; 171.2; 
2006.4574; 0.54; 1351; 170; 171.4; 
2006.214; 0.54; 1344; 170; 171.6; 
2006.0729; 0.54; 1338; 170; 171.8; 
2006.0284; 0.54; 1332; 170; 172; 
2006.0653; 0.54; 1327; 170; 172.2; 
2006.1613; 0.54; 1322; 170; 172.4; 
2006.2906; 0.54; 1316; 170; 172.6; 
2006.4286; 0.54; 1311; 170; 172.8; 
2006.5538; 0.54; 1306; 170; 173; 
2006.652; 0.54; 1300; 170; 173.2; 
2006.7152; 0.54; 1295; 170; 173.4; 
2006.7418; 0.54; 1289; 170; 173.6; 
2006.7361; 0.54; 1284; 170; 173.8; 
2006.7057; 0.54; 1279; 170; 174; 
2006.6594; 0.54; 1274; 170; 174.2; 
2006.6062; 0.54; 1269; 170; 174.4; 
2006.5521; 0.54; 1264; 170; 174.6; 
2006.5037; 0.54; 1260; 170; 174.8; 
2006.4655; 0.54; 1256; 170; 175; 
2006.4384; 0.54; 1253; 170; 175.2; 
2006.4227; 0.54; 1249; 170; 175.4; 
2006.4171; 0.54; 1246; 170; 175.6; 
2006.4194; 0.54; 1243; 170; 175.8; 
2006.4266; 0.54; 1240; 170; 176; 
2006.4362; 0.54; 1237; 170; 176.2; 
2006.4451; 0.54; 1235; 170; 176.4; 
2006.4512; 0.54; 1232; 170; 176.6; 
2006.4535; 0.54; 1230; 170; 176.8; 
2006.4517; 0.54; 1228; 170; 177; 
2006.4456; 0.54; 1226; 170; 177.2; 
2006.4349; 0.54; 1224; 170; 177.4; 
2006.4214; 0.54; 1222; 170; 177.6; 
2006.4063; 0.54; 1220; 170; 177.8; 
2006.391; 0.54; 1218; 170; 178; 
2006.3768; 0.54; 1217; 170; 178.2; 
2006.3652; 0.54; 1215; 170; 178.4; 
2006.356; 0.54; 1214; 170; 178.6; 
2006.3485; 0.54; 1212; 170; 178.8; 
2006.342; 0.54; 1211; 170; 179; 
2006.3351; 0.54; 1210; 170; 179.2; 
2006.3274; 0.54; 1209; 170; 179.4; 
2006.3193; 0.54; 1208; 170; 179.6; 
2006.3105; 0.54; 1207; 170; 179.8; 
2006.3019; 0.54; 1207; 170; 180; 
2006.2931; 0.54; 1206; 170; 180.2; 
2006.2845; 0.54; 1205; 170; 180.4; 
2006.2754; 0.54; 1205; 170; 180.6; 
2006.2655; 0.54; 1204; 170; 180.8; 
2006.2557; 0.54; 1204; 170; 181; 
2006.2455; 0.54; 1203; 170; 181.2; 
2006.2352; 0.54; 1203; 170; 181.4; 
2006.2244; 0.54; 1202; 170; 181.6; 
2006.2134; 0.54; 1202; 170; 181.8; 
2006.203; 0.54; 1202; 170; 182; 
2006.1927; 0.54; 1202; 170; 182.2; 
2006.1827; 0.54; 1201; 170; 182.4; 
2006.1733; 0.54; 1201; 170; 182.6; 
2006.1635; 0.54; 1201; 170; 182.8; 
2006.1533; 0.54; 1201; 170; 183; 
2006.1428; 0.54; 1201; 170; 183.2; 
2006.1318; 0.54; 1201; 170; 183.4; 
2006.1217; 0.54; 1201; 170; 183.6; 
2006.1118; 0.54; 1201; 170; 183.8; 
2006.1023; 0.54; 1201; 170; 184; 
2006.093; 0.54; 1201; 170; 184.2; 
2006.0841; 0.54; 1201; 170; 184.4; 
2006.0756; 0.54; 1201; 170; 184.6; 
2006.067; 0.54; 1202; 170; 184.8; 
2006.058; 0.54; 1202; 170; 185; 
2006.0487; 0.54; 1202; 170; 185.2; 
2006.0392; 0.54; 1202; 170; 185.4; 
2006.0291; 0.54; 1202; 170; 185.6; 
2006.019; 0.54; 1202; 170; 185.8; 
2006.0088; 0.54; 1203; 170; 186; 
2005.9979; 0.54; 1203; 170; 186.2; 
2005.9873; 0.54; 1203; 170; 186.4; 
2005.9768; 0.53; 1203; 170; 186.6; 
2005.9664; 0.53; 1204; 170; 186.8; 
2005.9565; 0.53; 1204; 170; 187; 
2005.9471; 0.53; 1204; 170; 187.2; 
2005.9379; 0.53; 1205; 170; 187.4; 
2005.9286; 0.53; 1205; 170; 187.6; 
2005.9188; 0.53; 1206; 170; 187.8; 
2005.9094; 0.53; 1206; 170; 188; 
2005.9008; 0.53; 1207; 170; 188.2; 
2005.8923; 0.53; 1207; 170; 188.4; 
2005.8833; 0.53; 1208; 170; 188.6; 
2005.874; 0.53; 1208; 170; 188.8; 
2005.8644; 0.53; 1209; 170; 189; 
2005.8552; 0.53; 1210; 170; 189.2; 
2005.8463; 0.53; 1210; 170; 189.4; 
2005.8372; 0.53; 1211; 170; 189.6; 
2005.8274; 0.53; 1212; 170; 189.8; 
2005.8171; 0.53; 1212; 170; 190; 
2005.8074; 0.53; 1213; 170; 190.2; 
2005.7976; 0.53; 1214; 170; 190.4; 
2005.7852; 0.53; 1215; 170; 190.6; 
2005.7701; 0.53; 1215; 170; 190.8; 
2005.754; 0.53; 1216; 170; 191; 
2005.7379; 0.53; 1216; 170; 191.2; 
2005.7238; 0.53; 1217; 170; 191.4; 
2005.7125; 0.53; 1218; 170; 191.6; 
2005.7043; 0.53; 1218; 170; 191.8; 
2005.6996; 0.53; 1219; 170; 192; 
2005.6971; 0.53; 1220; 170; 192.2; 
2005.6949; 0.53; 1220; 170; 192.4; 
2005.6917; 0.53; 1221; 170; 192.6; 
2005.6874; 0.53; 1221; 170; 192.8; 
2005.6819; 0.53; 1222; 170; 193; 
2005.6754; 0.53; 1222; 170; 193.2; 
2005.6678; 0.53; 1223; 170; 193.4; 
2005.6602; 0.53; 1223; 170; 193.6; 
2005.6522; 0.53; 1224; 170; 193.8; 
2005.6438; 0.53; 1224; 170; 194; 
2005.6351; 0.53; 1225; 170; 194.2; 
2005.6266; 0.53; 1225; 170; 194.4; 
2005.6182; 0.53; 1226; 170; 194.6; 
2005.6095; 0.53; 1226; 170; 194.8; 
2005.6013; 0.53; 1226; 170; 195; 
2005.5934; 0.53; 1227; 170; 195.2; 
2005.585; 0.53; 1227; 170; 195.4; 
2005.5758; 0.53; 1228; 170; 195.6; 
2005.5667; 0.53; 1228; 170; 195.8; 
2005.5579; 0.53; 1228; 170; 196; 
2005.5492; 0.53; 1229; 170; 196.2; 
2005.5409; 0.53; 1229; 170; 196.4; 
2005.5326; 0.53; 1229; 170; 196.6; 
2005.5244; 0.53; 1229; 170; 196.8; 
2005.5166; 0.53; 1230; 170; 197; 
2005.5095; 0.53; 1230; 170; 197.2; 
2005.5026; 0.53; 1230; 170; 197.4; 
2005.495; 0.53; 1231; 170; 197.6; 
2005.4872; 0.53; 1231; 170; 197.8; 
2005.4791; 0.53; 1231; 170; 198; 
2005.4718; 0.53; 1231; 170; 198.2; 
2005.4656; 0.53; 1232; 170; 198.4; 
2005.46; 0.53; 1232; 170; 198.6; 
2005.4537; 0.53; 1232; 170; 198.8; 
2005.447; 0.53; 1232; 170; 199; 
2005.4396; 0.53; 1233; 170; 199.2; 
2005.4313; 0.53; 1233; 170; 199.4; 
2005.4226; 0.53; 1233; 170; 199.6; 
2005.4144; 0.53; 1233; 170; 199.8; 
2005.4066; 0.53; 1233; 170; 200; 
2005.3994; 0.53; 1234; 170; 200.2; 
2005.3923; 0.53; 1234; 170; 200.4; 
2005.3851; 0.53; 1234; 170; 200.6; 
2005.3779; 0.53; 1234; 170; 200.8; 
2005.371; 0.53; 1234; 170; 201; 
2005.3643; 0.53; 1234; 170; 201.2; 
2005.3577; 0.53; 1235; 170; 201.4; 
2005.351; 0.53; 1235; 170; 201.6; 
2005.3445; 0.53; 1235; 170; 201.8; 
2005.3381; 0.53; 1235; 170; 202; 
2005.3324; 0.53; 1235; 170; 202.2; 
2005.3262; 0.53; 1235; 170; 202.4; 
2005.3193; 0.53; 1236; 170; 202.6; 
2005.3125; 0.53; 1236; 170; 202.8; 
2005.3049; 0.53; 1236; 170; 203; 
2005.2969; 0.53; 1236; 170; 203.2; 
2005.2889; 0.53; 1236; 170; 203.4; 
2005.2815; 0.53; 1236; 170; 203.6; 
2005.2751; 0.53; 1236; 170; 203.8; 
2005.2692; 0.53; 1236; 170; 204; 
2005.2634; 0.53; 1237; 170; 204.2; 
2005.2579; 0.53; 1237; 170; 204.4; 
2005.2517; 0.53; 1237; 170; 204.6; 
2005.2444; 0.53; 1237; 170; 204.8; 
2005.2365; 0.53; 1237; 170; 205; 
2005.2288; 0.53; 1237; 170; 205.2; 
2005.2219; 0.53; 1237; 170; 205.4; 
2005.2155; 0.53; 1237; 170; 205.6; 
2005.2085; 0.53; 1237; 170; 205.8; 
2005.2018; 0.53; 1237; 170; 206; 
2005.1956; 0.53; 1238; 170; 206.2; 
2005.1902; 0.53; 1238; 170; 206.4; 
2005.1854; 0.53; 1238; 170; 206.6; 
2005.1808; 0.53; 1238; 170; 206.8; 
2005.1755; 0.53; 1238; 170; 207; 
2005.1692; 0.53; 1238; 170; 207.2; 
2005.1625; 0.53; 1238; 170; 207.4; 
2005.156; 0.53; 1238; 170; 207.6; 
2005.1495; 0.53; 1238; 170; 207.8; 
2005.1427; 0.53; 1238; 170; 208; 
2005.1359; 0.53; 1239; 170; 208.2; 
2005.1293; 0.53; 1239; 170; 208.4; 
2005.1224; 0.53; 1239; 170; 208.6; 
2005.1158; 0.53; 1239; 170; 208.8; 
2005.1093; 0.53; 1239; 170; 209; 
2005.1025; 0.53; 1240; 170; 209.2; 
2005.0957; 0.53; 1240; 170; 209.4; 
2005.0894; 0.53; 1240; 170; 209.6; 
2005.083; 0.53; 1240; 170; 209.8; 
2005.0765; 0.53; 1240; 170; 210; 
2005.0703; 0.53; 1240; 170; 210.2; 
2005.0636; 0.53; 1240; 170; 210.4; 
2005.0568; 0.53; 1241; 170; 210.6; 
2005.0508; 0.53; 1241; 170; 210.8; 
2005.0458; 0.53; 1241; 170; 211; 
2005.0415; 0.53; 1241; 170; 211.2; 
2005.0374; 0.53; 1241; 170; 211.4; 
2005.0323; 0.53; 1241; 170; 211.6; 
2005.027; 0.53; 1241; 170; 211.8; 
2005.0209; 0.53; 1241; 170; 212; 
2005.0142; 0.53; 1241; 170; 212.2; 
2005.0072; 0.53; 1241; 170; 212.4; 
2005.0005; 0.53; 1242; 170; 212.6; 
2004.9943; 0.53; 1242; 170; 212.8; 
2004.9879; 0.53; 1242; 170; 213; 
2004.9808; 0.53; 1242; 170; 213.2; 
2004.974; 0.53; 1242; 170; 213.4; 
2004.9681; 0.53; 1242; 170; 213.6; 
2004.9628; 0.53; 1242; 170; 213.8; 
2004.9575; 0.53; 1242; 170; 214; 
2004.9519; 0.53; 1242; 170; 214.2; 
2004.9454; 0.53; 1242; 170; 214.4; 
2004.9393; 0.53; 1242; 170; 214.6; 
2004.9335; 0.53; 1242; 170; 214.8; 
2004.9277; 0.53; 1242; 170; 215; 
2004.9221; 0.53; 1242; 170; 215.2; 
2004.9167; 0.53; 1242; 170; 215.4; 
2004.9111; 0.53; 1242; 170; 215.6; 
2004.9053; 0.53; 1242; 170; 215.8; 
2004.8993; 0.53; 1242; 170; 216; 
2004.8937; 0.53; 1242; 170; 216.2; 
2004.8883; 0.53; 1242; 170; 216.4; 
2004.8829; 0.53; 1242; 170; 216.6; 
2004.8782; 0.53; 1242; 170; 216.8; 
2004.8735; 0.53; 1242; 170; 217; 
2004.8677; 0.53; 1242; 170; 217.2; 
2004.8606; 0.53; 1242; 170; 217.4; 
2004.8542; 0.53; 1242; 170; 217.6; 
2004.8485; 0.53; 1243; 170; 217.8; 
2004.8395; 0.53; 1243; 170; 218; 
2004.8215; 0.53; 1243; 170; 218.2; 
2004.7883; 0.53; 1244; 170; 218.4; 
2004.7313; 0.53; 1244; 170; 218.6; 
2004.6432; 0.53; 1244; 170; 218.8; 
2004.5128; 0.53; 1245; 170; 219; 
2004.3304; 0.53; 1245; 170; 219.2; 
2004.0977; 0.53; 1245; 170; 219.4; 
2003.8315; 0.53; 1245; 170; 219.6; 
2003.5574; 0.53; 1247; 170; 219.8; 
2003.3051; 0.53; 1249; 170; 220; 
2003.1028; 0.53; 1253; 170; 220.2; 
2002.9724; 0.53; 1258; 170; 220.4; 
2002.927; 0.53; 1264; 170; 220.6; 
2002.9681; 0.53; 1270; 170; 220.8; 
2003.0883; 0.53; 1277; 170; 221; 
2003.2721; 0.53; 1282; 170; 221.2; 
2003.4988; 0.53; 1288; 170; 221.4; 
2003.7444; 0.53; 1292; 170; 221.6; 
2003.984; 0.53; 1295; 170; 221.8; 
2004.1951; 0.53; 1298; 170; 222; 
2004.3589; 0.53; 1300; 170; 222.2; 
2004.4642; 0.53; 1301; 170; 222.4; 
2004.5066; 0.53; 1302; 170; 222.6; 
2004.4886; 0.53; 1302; 170; 222.8; 
2004.4193; 0.53; 1302; 170; 223; 
2004.3115; 0.53; 1302; 170; 223.2; 
2004.1804; 0.53; 1303; 170; 223.4; 
2004.0427; 0.53; 1304; 170; 223.6; 
2003.9135; 0.53; 1305; 170; 223.8; 
2003.8052; 0.53; 1306; 170; 224; 
2003.7273; 0.53; 1308; 170; 224.2; 
2003.6843; 0.53; 1310; 170; 224.4; 
2003.679; 0.53; 1313; 170; 224.6; 
2003.7163; 0.53; 1315; 170; 224.8; 
2003.8011; 0.53; 1317; 170; 225; 
2003.9331; 0.53; 1319; 170; 225.2; 
2004.1035; 0.53; 1321; 170; 225.4; 
2004.2977; 0.53; 1322; 170; 225.6; 
2004.4963; 0.53; 1322; 170; 225.8; 
2004.679; 0.53; 1321; 170; 226; 
2004.8275; 0.53; 1320; 170; 226.2; 
2004.929; 0.53; 1318; 170; 226.4; 
2004.9758; 0.53; 1316; 170; 226.6; 
2004.967; 0.53; 1314; 170; 226.8; 
2004.9089; 0.53; 1311; 170; 227; 
2004.8134; 0.53; 1308; 170; 227.2; 
2004.6957; 0.53; 1305; 170; 227.4; 
2004.5723; 0.53; 1303; 170; 227.6; 
2004.4591; 0.53; 1301; 170; 227.8; 
2004.3678; 0.53; 1299; 170; 228; 
2004.3065; 0.53; 1298; 170; 228.2; 
2004.2776; 0.53; 1296; 170; 228.4; 
2004.2787; 0.53; 1295; 170; 228.6; 
2004.3047; 0.53; 1294; 170; 228.8; 
2004.348; 0.53; 1292; 170; 229; 
2004.4008; 0.53; 1291; 170; 229.2; 
2004.4551; 0.53; 1290; 170; 229.4; 
2004.5035; 0.53; 1288; 170; 229.6; 
2004.5404; 0.53; 1286; 170; 229.8; 
2004.5625; 0.53; 1285; 170; 230; 
2004.5691; 0.53; 1283; 170; 230.2; 
2004.5626; 0.53; 1281; 170; 230.4; 
2004.5463; 0.53; 1279; 170; 230.6; 
2004.5233; 0.53; 1277; 170; 230.8; 
2004.4972; 0.53; 1276; 170; 231; 
2004.4723; 0.53; 1274; 170; 231.2; 
2004.4507; 0.53; 1273; 170; 231.4; 
2004.4337; 0.53; 1271; 170; 231.6; 
2004.423; 0.53; 1270; 170; 231.8; 
2004.4182; 0.53; 1269; 170; 232; 
2004.4181; 0.53; 1267; 170; 232.2; 
2004.4216; 0.53; 1266; 170; 232.4; 
2004.4272; 0.53; 1265; 170; 232.6; 
2004.4336; 0.53; 1264; 170; 232.8; 
2004.4398; 0.53; 1263; 170; 233; 
2004.4449; 0.53; 1262; 170; 233.2; 
2004.4484; 0.53; 1261; 170; 233.4; 
2004.4497; 0.53; 1260; 170; 233.6; 
2004.4478; 0.53; 1259; 170; 233.8; 
2004.4432; 0.53; 1258; 170; 234; 
2004.4375; 0.53; 1257; 170; 234.2; 
2004.431; 0.53; 1256; 170; 234.4; 
2004.424; 0.53; 1255; 170; 234.6; 
2004.4167; 0.53; 1254; 170; 234.8; 
2004.4108; 0.53; 1253; 170; 235; 
2004.4061; 0.53; 1252; 170; 235.2; 
2004.4023; 0.53; 1252; 170; 235.4; 
2004.3997; 0.53; 1251; 170; 235.6; 
2004.3979; 0.53; 1250; 170; 235.8; 
2004.396; 0.53; 1250; 170; 236; 
2004.394; 0.53; 1249; 170; 236.2; 
2004.3915; 0.53; 1248; 170; 236.4; 
2004.3884; 0.53; 1248; 170; 236.6; 
2004.385; 0.53; 1247; 170; 236.8; 
2004.382; 0.53; 1247; 170; 237; 
2004.3783; 0.53; 1246; 170; 237.2; 
2004.3741; 0.53; 1246; 170; 237.4; 
2004.3699; 0.53; 1245; 170; 237.6; 
2004.3656; 0.53; 1245; 170; 237.8; 
2004.3615; 0.53; 1244; 170; 238; 
2004.3571; 0.53; 1244; 170; 238.2; 
2004.3523; 0.53; 1244; 170; 238.4; 
2004.3472; 0.53; 1243; 170; 238.6; 
2004.3418; 0.53; 1243; 170; 238.8; 
2004.3365; 0.53; 1243; 170; 239; 
2004.3317; 0.53; 1242; 170; 239.2; 
2004.3273; 0.53; 1242; 170; 239.4; 
2004.3234; 0.53; 1242; 170; 239.6; 
2004.3191; 0.53; 1241; 170; 239.8; 
2004.314; 0.53; 1241; 170; 240; 
2004.309; 0.53; 1241; 170; 240.2; 
2004.3047; 0.53; 1241; 170; 240.4; 
2004.3013; 0.53; 1240; 170; 240.6; 
2004.2972; 0.53; 1240; 170; 240.8; 
2004.2924; 0.53; 1240; 170; 241; 
2004.287; 0.53; 1240; 170; 241.2; 
2004.2819; 0.53; 1239; 170; 241.4; 
2004.2765; 0.53; 1239; 170; 241.6; 
2004.2703; 0.53; 1239; 170; 241.8; 
2004.2646; 0.53; 1239; 170; 242; 
2004.2594; 0.53; 1239; 170; 242.2; 
2004.2546; 0.53; 1239; 170; 242.4; 
2004.2494; 0.53; 1239; 170; 242.6; 
2004.2441; 0.53; 1238; 170; 242.8; 
2004.2394; 0.53; 1238; 170; 243; 
2004.235; 0.53; 1238; 170; 243.2; 
2004.2305; 0.53; 1238; 170; 243.4; 
2004.2261; 0.53; 1238; 170; 243.6; 
2004.2214; 0.53; 1238; 170; 243.8; 
2004.2175; 0.53; 1238; 170; 244; 
2004.2137; 0.53; 1238; 170; 244.2; 
2004.2096; 0.53; 1238; 170; 244.4; 
2004.2043; 0.53; 1238; 170; 244.6; 
2004.198; 0.53; 1238; 170; 244.8; 
2004.1913; 0.53; 1238; 170; 245; 
2004.1854; 0.53; 1238; 170; 245.2; 
2004.1794; 0.53; 1238; 170; 245.4; 
2004.1736; 0.53; 1237; 170; 245.6; 
2004.1691; 0.53; 1237; 170; 245.8; 
2004.1647; 0.53; 1237; 170; 246; 
2004.1595; 0.53; 1238; 170; 246.2; 
2004.1504; 0.53; 1238; 170; 246.4; 
2004.1305; 0.53; 1239; 170; 246.6; 
2004.0911; 0.53; 1239; 170; 246.8; 
2004.0253; 0.53; 1239; 170; 247; 
2003.9354; 0.53; 1239; 170; 247.2; 
2003.8306; 0.53; 1239; 170; 247.4; 
2003.7247; 0.53; 1239; 170; 247.6; 
2003.6361; 0.53; 1239; 170; 247.8; 
2003.5802; 0.53; 1240; 170; 248; 
2003.5665; 0.53; 1242; 170; 248.2; 
2003.5962; 0.53; 1243; 170; 248.4; 
2003.6635; 0.53; 1244; 170; 248.6; 
2003.7576; 0.53; 1246; 170; 248.8; 
2003.8669; 0.53; 1247; 170; 249; 
2003.9786; 0.53; 1248; 170; 249.2; 
2004.0796; 0.53; 1248; 170; 249.4; 
2004.1598; 0.53; 1249; 170; 249.6; 
2004.214; 0.53; 1249; 170; 249.8; 
2004.241; 0.53; 1248; 170; 250; 
2004.2421; 0.53; 1248; 170; 250.2; 
2004.2214; 0.53; 1248; 170; 250.4; 
2004.1865; 0.53; 1247; 170; 250.6; 
2004.1449; 0.53; 1247; 170; 250.8; 
2004.1029; 0.53; 1247; 170; 251; 
2004.0648; 0.53; 1246; 170; 251.2; 
2004.0338; 0.53; 1246; 170; 251.4; 
2004.0114; 0.53; 1246; 170; 251.6; 
2003.9974; 0.53; 1246; 170; 251.8; 
2003.9913; 0.53; 1245; 170; 252; 
2003.9916; 0.53; 1245; 170; 252.2; 
2003.9957; 0.53; 1245; 170; 252.4; 
2004.0009; 0.53; 1245; 170; 252.6; 
2004.0052; 0.53; 1245; 170; 252.8; 
2004.0073; 0.53; 1245; 170; 253; 
2004.0071; 0.53; 1244; 170; 253.2; 
2004.0045; 0.53; 1244; 170; 253.4; 
2003.9995; 0.53; 1244; 170; 253.6; 
2003.9929; 0.53; 1244; 170; 253.8; 
2003.9854; 0.53; 1243; 170; 254; 
2003.9777; 0.53; 1243; 170; 254.2; 
2003.9709; 0.53; 1243; 170; 254.4; 
2003.9646; 0.53; 1243; 170; 254.6; 
2003.958; 0.53; 1243; 170; 254.8; 
2003.9514; 0.53; 1242; 170; 255; 
2003.9449; 0.53; 1242; 170; 255.2; 
2003.9397; 0.53; 1242; 170; 255.4; 
2003.9351; 0.53; 1242; 170; 255.6; 
2003.9302; 0.53; 1242; 170; 255.8; 
2003.9259; 0.53; 1242; 170; 256; 
2003.9221; 0.53; 1242; 170; 256.2; 
2003.9188; 0.53; 1241; 170; 256.4; 
2003.9147; 0.53; 1241; 170; 256.6; 
2003.91; 0.53; 1241; 170; 256.8; 
2003.9052; 0.53; 1241; 170; 257; 
2003.9003; 0.53; 1241; 170; 257.2; 
2003.8954; 0.53; 1241; 170; 257.4; 
2003.8866; 0.53; 1241; 170; 257.6; 
2003.8674; 0.53; 1242; 170; 257.8; 
2003.8311; 0.53; 1242; 170; 258; 
2003.7698; 0.53; 1242; 170; 258.2; 
2003.6736; 0.53; 1242; 170; 258.4; 
2003.532; 0.53; 1243; 170; 258.6; 
2003.3369; 0.53; 1242; 170; 258.8; 
2003.0936; 0.53; 1243; 170; 259; 
2002.822; 0.53; 1243; 170; 259.2; 
2002.5497; 0.53; 1245; 170; 259.4; 
2002.3073; 0.53; 1248; 170; 259.6; 
2002.1229; 0.53; 1252; 170; 259.8; 
2002.0166; 0.53; 1257; 170; 260; 
2001.9973; 0.53; 1263; 170; 260.2; 
2002.0641; 0.53; 1270; 170; 260.4; 
2002.2067; 0.53; 1276; 170; 260.6; 
2002.4077; 0.53; 1281; 170; 260.8; 
2002.6438; 0.53; 1286; 170; 261; 
2002.8905; 0.53; 1290; 170; 261.2; 
2003.1234; 0.53; 1294; 170; 261.4; 
2003.321; 0.53; 1296; 170; 261.6; 
2003.4674; 0.53; 1298; 170; 261.8; 
2003.5527; 0.53; 1299; 170; 262; 
2003.575; 0.53; 1299; 170; 262.2; 
2003.5387; 0.53; 1299; 170; 262.4; 
2003.4548; 0.53; 1300; 170; 262.6; 
2003.3385; 0.53; 1300; 170; 262.8; 
2003.2063; 0.53; 1301; 170; 263; 
2003.0739; 0.53; 1302; 170; 263.2; 
2002.9552; 0.53; 1303; 170; 263.4; 
2002.8608; 0.53; 1305; 170; 263.6; 
2002.7982; 0.53; 1306; 170; 263.8; 
2002.7701; 0.53; 1309; 170; 264; 
2002.7749; 0.53; 1311; 170; 264.2; 
2002.8075; 0.53; 1313; 170; 264.4; 
2002.8606; 0.53; 1315; 170; 264.6; 
2002.9259; 0.53; 1316; 170; 264.8; 
2002.9944; 0.53; 1317; 170; 265; 
2003.0579; 0.53; 1319; 170; 265.2; 
2003.1106; 0.53; 1319; 170; 265.4; 
2003.1479; 0.53; 1320; 170; 265.6; 
2003.167; 0.53; 1320; 170; 265.8; 
2003.1672; 0.53; 1320; 170; 266; 
2003.1508; 0.53; 1320; 170; 266.2; 
2003.1207; 0.53; 1320; 170; 266.4; 
2003.082; 0.53; 1320; 170; 266.6; 
2003.0397; 0.53; 1321; 170; 266.8; 
2002.9985; 0.53; 1321; 170; 267; 
2002.9626; 0.53; 1321; 170; 267.2; 
2002.9347; 0.53; 1322; 170; 267.4; 
2002.9164; 0.53; 1322; 170; 267.6; 
2002.9089; 0.53; 1323; 170; 267.8; 
2002.9148; 0.53; 1324; 170; 268; 
2002.9408; 0.53; 1325; 170; 268.2; 
2002.9956; 0.53; 1326; 170; 268.4; 
2003.0852; 0.53; 1326; 170; 268.6; 
2003.2094; 0.53; 1327; 170; 268.8; 
2003.3608; 0.53; 1327; 170; 269; 
2003.5258; 0.53; 1326; 170; 269.2; 
2003.6871; 0.53; 1325; 170; 269.4; 
2003.8279; 0.53; 1324; 170; 269.6; 
2003.9336; 0.53; 1321; 170; 269.8; 
2003.995; 0.53; 1319; 170; 270; 
2004.0092; 0.53; 1316; 170; 270.2; 
2003.9785; 0.53; 1313; 170; 270.4; 
2003.9109; 0.53; 1310; 170; 270.6; 
2003.8184; 0.53; 1306; 170; 270.8; 
2003.7152; 0.53; 1303; 170; 271; 
2003.6146; 0.53; 1301; 170; 271.2; 
2003.5275; 0.53; 1298; 170; 271.4; 
2003.4617; 0.53; 1296; 170; 271.6; 
2003.4214; 0.53; 1294; 170; 271.8; 
2003.4063; 0.53; 1292; 170; 272; 
2003.4133; 0.53; 1290; 170; 272.2; 
2003.4373; 0.53; 1289; 170; 272.4; 
2003.4718; 0.53; 1287; 170; 272.6; 
2003.5106; 0.53; 1285; 170; 272.8; 
2003.5477; 0.53; 1283; 170; 273; 
2003.5778; 0.53; 1282; 170; 273.2; 
2003.5981; 0.53; 1280; 170; 273.4; 
2003.608; 0.53; 1278; 170; 273.6; 
2003.6068; 0.53; 1276; 170; 273.8; 
2003.5963; 0.53; 1274; 170; 274; 
2003.5797; 0.53; 1272; 170; 274.2; 
2003.5596; 0.53; 1270; 170; 274.4; 
2003.5388; 0.53; 1269; 170; 274.6; 
2003.5198; 0.53; 1267; 170; 274.8; 
2003.5045; 0.53; 1266; 170; 275; 
2003.4943; 0.53; 1264; 170; 275.2; 
2003.4894; 0.53; 1263; 170; 275.4; 
2003.4897; 0.53; 1262; 170; 275.6; 
2003.4934; 0.53; 1261; 170; 275.8; 
2003.4994; 0.53; 1260; 170; 276; 
2003.5066; 0.53; 1259; 170; 276.2; 
2003.5127; 0.53; 1258; 170; 276.4; 
2003.516; 0.53; 1257; 170; 276.6; 
2003.5168; 0.53; 1256; 170; 276.8; 
2003.5156; 0.53; 1255; 170; 277; 
2003.512; 0.53; 1254; 170; 277.2; 
2003.5065; 0.53; 1253; 170; 277.4; 
2003.4991; 0.53; 1252; 170; 277.6; 
2003.4917; 0.53; 1251; 170; 277.8; 
2003.4856; 0.53; 1250; 170; 278; 
2003.4803; 0.53; 1249; 170; 278.2; 
2003.4769; 0.53; 1249; 170; 278.4; 
2003.4744; 0.53; 1248; 170; 278.6; 
2003.4733; 0.53; 1247; 170; 278.8; 
2003.4727; 0.53; 1247; 170; 279; 
2003.4722; 0.53; 1246; 170; 279.2; 
2003.4713; 0.53; 1245; 170; 279.4; 
2003.4692; 0.53; 1245; 170; 279.6; 
2003.4667; 0.53; 1244; 170; 279.8; 
2003.464; 0.53; 1244; 170; 280; 
2003.4612; 0.53; 1243; 170; 280.2; 
2003.4578; 0.53; 1243; 170; 280.4; 
2003.4542; 0.53; 1242; 170; 280.6; 
2003.4507; 0.53; 1242; 170; 280.8; 
2003.4478; 0.53; 1242; 170; 281; 
2003.4451; 0.53; 1241; 170; 281.2; 
2003.4421; 0.53; 1241; 170; 281.4; 
2003.4385; 0.53; 1240; 170; 281.6; 
2003.4351; 0.53; 1240; 170; 281.8; 
2003.4324; 0.53; 1240; 170; 282; 
2003.4296; 0.53; 1240; 170; 282.2; 
2003.4261; 0.53; 1239; 170; 282.4; 
2003.4225; 0.53; 1239; 170; 282.6; 
2003.4187; 0.53; 1239; 170; 282.8; 
2003.4143; 0.53; 1239; 170; 283; 
2003.4093; 0.53; 1238; 170; 283.2; 
2003.4043; 0.53; 1238; 170; 283.4; 
2003.4001; 0.53; 1238; 170; 283.6; 
2003.3969; 0.53; 1238; 170; 283.8; 
2003.394; 0.53; 1238; 170; 284; 
2003.3915; 0.53; 1237; 170; 284.2; 
2003.3888; 0.53; 1237; 170; 284.4; 
2003.3861; 0.53; 1237; 170; 284.6; 
2003.3829; 0.53; 1237; 170; 284.8; 
2003.3799; 0.53; 1237; 170; 285; 
2003.3762; 0.53; 1237; 170; 285.2; 
2003.3726; 0.53; 1237; 170; 285.4; 
2003.3691; 0.53; 1237; 170; 285.6; 
2003.366; 0.53; 1237; 170; 285.8; 
2003.3618; 0.53; 1237; 170; 286; 
2003.3574; 0.53; 1236; 170; 286.2; 
2003.3531; 0.53; 1236; 170; 286.4; 
2003.3489; 0.53; 1236; 170; 286.6; 
2003.3448; 0.53; 1236; 170; 286.8; 
2003.3413; 0.53; 1236; 170; 287; 
2003.3373; 0.53; 1236; 170; 287.2; 
2003.3333; 0.53; 1236; 170; 287.4; 
2003.3291; 0.53; 1236; 170; 287.6; 
2003.3253; 0.53; 1236; 170; 287.8; 
2003.321; 0.53; 1236; 170; 288; 
2003.3168; 0.53; 1236; 170; 288.2; 
2003.3113; 0.53; 1237; 170; 288.4; 
2003.3031; 0.53; 1237; 170; 288.6; 
2003.2898; 0.53; 1237; 170; 288.8; 
2003.2711; 0.53; 1237; 170; 289; 
2003.2504; 0.53; 1237; 170; 289.2; 
2003.2283; 0.53; 1237; 170; 289.4; 
2003.208; 0.53; 1237; 170; 289.6; 
2003.1937; 0.53; 1237; 170; 289.8; 
2003.188; 0.53; 1238; 170; 290; 
2003.1909; 0.53; 1238; 170; 290.2; 
2003.201; 0.53; 1238; 170; 290.4; 
2003.2167; 0.53; 1238; 170; 290.6; 
2003.2345; 0.53; 1239; 170; 290.8; 
2003.2517; 0.53; 1239; 170; 291; 
2003.2668; 0.53; 1239; 170; 291.2; 
2003.2778; 0.53; 1239; 170; 291.4; 
2003.2841; 0.53; 1239; 170; 291.6; 
2003.2848; 0.53; 1239; 170; 291.8; 
2003.2804; 0.53; 1239; 170; 292; 
2003.2726; 0.53; 1239; 170; 292.2; 
2003.2626; 0.53; 1239; 170; 292.4; 
2003.2513; 0.53; 1239; 170; 292.6; 
2003.2399; 0.53; 1238; 170; 292.8; 
2003.2291; 0.53; 1238; 170; 293; 
2003.2198; 0.53; 1238; 170; 293.2; 
2003.2115; 0.53; 1238; 170; 293.4; 
2003.2046; 0.53; 1238; 170; 293.6; 
2003.1996; 0.53; 1238; 170; 293.8; 
2003.1958; 0.53; 1238; 170; 294; 
2003.1924; 0.53; 1238; 170; 294.2; 
2003.189; 0.53; 1238; 170; 294.4; 
2003.1859; 0.53; 1238; 170; 294.6; 
2003.1825; 0.53; 1238; 170; 294.8; 
2003.1783; 0.53; 1238; 170; 295; 
2003.1742; 0.53; 1238; 170; 295.2; 
2003.1708; 0.53; 1238; 170; 295.4; 
2003.1682; 0.53; 1238; 170; 295.6; 
2003.1655; 0.53; 1238; 170; 295.8; 
2003.1611; 0.53; 1238; 170; 296; 
2003.1564; 0.53; 1238; 170; 296.2; 
2003.1514; 0.53; 1238; 170; 296.4; 
2003.1464; 0.53; 1238; 170; 296.6; 
2003.1421; 0.53; 1238; 170; 296.8; 
2003.1383; 0.53; 1238; 170; 297; 
2003.1348; 0.53; 1238; 170; 297.2; 
2003.1307; 0.53; 1238; 170; 297.4; 
2003.1272; 0.53; 1238; 170; 297.6; 
2003.1244; 0.53; 1238; 170; 297.8; 
2003.1217; 0.53; 1238; 170; 298; 
2003.115; 0.53; 1239; 170; 298.2; 
2003.0959; 0.53; 1239; 170; 298.4; 
2003.0544; 0.53; 1239; 170; 298.6; 
2002.9807; 0.53; 1240; 170; 298.8; 
2002.8656; 0.53; 1240; 170; 299; 
2002.6992; 0.53; 1240; 170; 299.2; 
2002.4795; 0.53; 1240; 170; 299.4; 
2002.2208; 0.53; 1241; 170; 299.6; 
2001.9475; 0.53; 1242; 170; 299.8; 
2001.6897; 0.53; 1245; 170; 300; 
2001.4768; 0.53; 1248; 170; 300.2; 
2001.3334; 0.53; 1253; 170; 300.4; 
2001.2739; 0.53; 1259; 170; 300.6; 
2001.3021; 0.53; 1265; 170; 300.8; 
2001.4105; 0.53; 1271; 170; 301; 
2001.585; 0.53; 1277; 170; 301.2; 
2001.8053; 0.53; 1282; 170; 301.4; 
2002.047; 0.53; 1286; 170; 301.6; 
2002.285; 0.53; 1290; 170; 301.8; 
2002.4961; 0.53; 1292; 170; 302; 
2002.6624; 0.53; 1294; 170; 302.2; 
2002.7716; 0.53; 1296; 170; 302.4; 
2002.8186; 0.53; 1296; 170; 302.6; 
2002.8055; 0.53; 1297; 170; 302.8; 
2002.7417; 0.53; 1297; 170; 303; 
2002.6405; 0.53; 1297; 170; 303.2; 
2002.5168; 0.53; 1298; 170; 303.4; 
2002.3865; 0.53; 1299; 170; 303.6; 
2002.2646; 0.53; 1300; 170; 303.8; 
2002.1639; 0.53; 1301; 170; 304; 
2002.0923; 0.53; 1303; 170; 304.2; 
2002.0541; 0.53; 1305; 170; 304.4; 
2002.0491; 0.53; 1308; 170; 304.6; 
2002.0742; 0.53; 1310; 170; 304.8; 
2002.1228; 0.53; 1312; 170; 305; 
2002.1862; 0.53; 1313; 170; 305.2; 
2002.2551; 0.53; 1315; 170; 305.4; 
2002.3215; 0.53; 1316; 170; 305.6; 
2002.3783; 0.53; 1317; 170; 305.8; 
2002.4202; 0.53; 1317; 170; 306; 
2002.4437; 0.53; 1317; 170; 306.2; 
2002.4485; 0.53; 1318; 170; 306.4; 
2002.4363; 0.53; 1318; 170; 306.6; 
2002.4098; 0.53; 1318; 170; 306.8; 
2002.3734; 0.53; 1318; 170; 307; 
2002.3319; 0.53; 1318; 170; 307.2; 
2002.2905; 0.53; 1318; 170; 307.4; 
2002.2538; 0.53; 1319; 170; 307.6; 
2002.225; 0.53; 1319; 170; 307.8; 
2002.2063; 0.53; 1320; 170; 308; 
2002.1978; 0.53; 1321; 170; 308.2; 
2002.199; 0.53; 1321; 170; 308.4; 
2002.2086; 0.53; 1322; 170; 308.6; 
2002.2242; 0.53; 1322; 170; 308.8; 
2002.2437; 0.53; 1323; 170; 309; 
2002.2643; 0.53; 1323; 170; 309.2; 
2002.2832; 0.53; 1323; 170; 309.4; 
2002.2977; 0.53; 1323; 170; 309.6; 
2002.3066; 0.53; 1323; 170; 309.8; 
2002.3098; 0.53; 1323; 170; 310; 
2002.3071; 0.53; 1323; 170; 310.2; 
2002.2996; 0.53; 1323; 170; 310.4; 
2002.288; 0.53; 1323; 170; 310.6; 
2002.2734; 0.53; 1323; 170; 310.8; 
2002.2574; 0.53; 1323; 170; 311; 
2002.2423; 0.53; 1323; 170; 311.2; 
2002.2299; 0.53; 1323; 170; 311.4; 
2002.2206; 0.53; 1323; 170; 311.6; 
2002.215; 0.53; 1324; 170; 311.8; 
2002.213; 0.53; 1324; 170; 312; 
2002.2139; 0.53; 1324; 170; 312.2; 
2002.2174; 0.53; 1324; 170; 312.4; 
2002.2228; 0.53; 1324; 170; 312.6; 
2002.2284; 0.53; 1324; 170; 312.8; 
2002.2338; 0.53; 1324; 170; 313; 
2002.238; 0.53; 1324; 170; 313.2; 
2002.2411; 0.53; 1324; 170; 313.4; 
2002.2449; 0.53; 1324; 170; 313.6; 
2002.2583; 0.53; 1324; 170; 313.8; 
2002.2941; 0.53; 1325; 170; 314; 
2002.3628; 0.53; 1325; 170; 314.2; 
2002.4689; 0.53; 1325; 170; 314.4; 
2002.609; 0.53; 1325; 170; 314.6; 
2002.7704; 0.53; 1324; 170; 314.8; 
2002.9351; 0.53; 1323; 170; 315; 
2003.0846; 0.53; 1321; 170; 315.2; 
2003.2032; 0.53; 1318; 170; 315.4; 
2003.2793; 0.53; 1316; 170; 315.6; 
2003.3079; 0.53; 1313; 170; 315.8; 
2003.2913; 0.53; 1309; 170; 316; 
2003.2363; 0.53; 1306; 170; 316.2; 
2003.1537; 0.53; 1303; 170; 316.4; 
2003.0571; 0.53; 1299; 170; 316.6; 
2002.9592; 0.53; 1296; 170; 316.8; 
2002.8713; 0.53; 1293; 170; 317; 
2002.8021; 0.53; 1291; 170; 317.2; 
2002.7561; 0.53; 1289; 170; 317.4; 
2002.7344; 0.53; 1286; 170; 317.6; 
2002.7343; 0.53; 1284; 170; 317.8; 
2002.7505; 0.53; 1282; 170; 318; 
2002.7766; 0.53; 1280; 170; 318.2; 
2002.8062; 0.53; 1279; 170; 318.4; 
2002.8344; 0.53; 1277; 170; 318.6; 
2002.8579; 0.53; 1275; 170; 318.8; 
2002.8738; 0.53; 1273; 170; 319; 
2002.8812; 0.53; 1271; 170; 319.2; 
2002.8801; 0.53; 1269; 170; 319.4; 
2002.8718; 0.53; 1267; 170; 319.6; 
2002.859; 0.53; 1265; 170; 319.8; 
2002.8436; 0.53; 1263; 170; 320; 
2002.8274; 0.53; 1262; 170; 320.2; 
2002.8114; 0.53; 1260; 170; 320.4; 
2002.7975; 0.53; 1259; 170; 320.6; 
2002.7875; 0.53; 1258; 170; 320.8; 
2002.7819; 0.53; 1256; 170; 321; 
2002.7797; 0.53; 1255; 170; 321.2; 
2002.7798; 0.53; 1254; 170; 321.4; 
2002.7811; 0.53; 1253; 170; 321.6; 
2002.7836; 0.53; 1252; 170; 321.8; 
2002.7869; 0.53; 1251; 170; 322; 
2002.7896; 0.53; 1250; 170; 322.2; 
2002.7911; 0.53; 1249; 170; 322.4; 
2002.7915; 0.53; 1248; 170; 322.6; 
2002.7902; 0.53; 1247; 170; 322.8; 
2002.7876; 0.53; 1246; 170; 323; 
2002.7832; 0.53; 1245; 170; 323.2; 
2002.7786; 0.53; 1244; 170; 323.4; 
2002.7748; 0.53; 1244; 170; 323.6; 
2002.7712; 0.53; 1243; 170; 323.8; 
2002.7682; 0.53; 1242; 170; 324; 
2002.7654; 0.53; 1242; 170; 324.2; 
2002.7626; 0.53; 1241; 170; 324.4; 
2002.76; 0.53; 1241; 170; 324.6; 
2002.7571; 0.53; 1240; 170; 324.8; 
2002.7544; 0.53; 1240; 170; 325; 
2002.7521; 0.53; 1239; 170; 325.2; 
2002.75; 0.53; 1239; 170; 325.4; 
2002.7473; 0.53; 1238; 170; 325.6; 
2002.7449; 0.53; 1238; 170; 325.8; 
2002.7423; 0.53; 1238; 170; 326; 
2002.7396; 0.53; 1237; 170; 326.2; 
2002.7367; 0.53; 1237; 170; 326.4; 
2002.7341; 0.53; 1237; 170; 326.6; 
2002.7323; 0.53; 1236; 170; 326.8; 
2002.7305; 0.53; 1236; 170; 327; 
2002.7285; 0.53; 1236; 170; 327.2; 
2002.7262; 0.53; 1236; 170; 327.4; 
2002.7233; 0.53; 1235; 170; 327.6; 
2002.7201; 0.53; 1235; 170; 327.8; 
2002.7164; 0.53; 1235; 170; 328; 
2002.7125; 0.53; 1235; 170; 328.2; 
2002.7094; 0.53; 1235; 170; 328.4; 
2002.7063; 0.53; 1235; 170; 328.6; 
2002.7032; 0.53; 1234; 170; 328.8; 
2002.7001; 0.53; 1234; 170; 329; 
2002.6978; 0.53; 1234; 170; 329.2; 
2002.6953; 0.53; 1234; 170; 329.4; 
2002.692; 0.53; 1234; 170; 329.6; 
2002.688; 0.53; 1234; 170; 329.8; 
2002.6838; 0.53; 1234; 170; 330; 
2002.6794; 0.53; 1234; 170; 330.2; 
2002.675; 0.53; 1234; 170; 330.4; 
2002.6709; 0.53; 1234; 170; 330.6; 
2002.6676; 0.53; 1234; 170; 330.8; 
2002.6649; 0.53; 1234; 170; 331; 
2002.6625; 0.53; 1233; 170; 331.2; 
2002.6602; 0.53; 1233; 170; 331.4; 
2002.6582; 0.53; 1233; 170; 331.6; 
2002.6565; 0.53; 1233; 170; 331.8; 
2002.6544; 0.53; 1233; 170; 332; 
2002.651; 0.53; 1233; 170; 332.2; 
2002.647; 0.53; 1233; 170; 332.4; 
2002.6428; 0.53; 1233; 170; 332.6; 
2002.6398; 0.53; 1233; 170; 332.8; 
2002.6373; 0.53; 1233; 170; 333; 
2002.635; 0.53; 1233; 170; 333.2; 
2002.6332; 0.53; 1233; 170; 333.4; 
2002.6311; 0.53; 1234; 170; 333.6; 
2002.6283; 0.53; 1234; 170; 333.8; 
2002.6245; 0.53; 1234; 170; 334; 
2002.6199; 0.53; 1234; 170; 334.2; 
2002.615; 0.53; 1234; 170; 334.4; 
2002.6106; 0.53; 1234; 170; 334.6; 
2002.6066; 0.53; 1234; 170; 334.8; 
2002.6035; 0.53; 1234; 170; 335; 
2002.6014; 0.53; 1234; 170; 335.2; 
2002.5994; 0.53; 1234; 170; 335.4; 
2002.5969; 0.53; 1234; 170; 335.6; 
2002.594; 0.53; 1234; 170; 335.8; 
2002.5907; 0.53; 1234; 170; 336; 
2002.5874; 0.53; 1234; 170; 336.2; 
2002.5842; 0.53; 1234; 170; 336.4; 
2002.5809; 0.53; 1234; 170; 336.6; 
2002.5774; 0.53; 1234; 170; 336.8; 
2002.5739; 0.53; 1234; 170; 337; 
2002.5704; 0.53; 1234; 170; 337.2; 
2002.5674; 0.53; 1234; 170; 337.4; 
2002.5642; 0.53; 1234; 170; 337.6; 
2002.561; 0.53; 1234; 170; 337.8; 
2002.5581; 0.53; 1234; 170; 338; 
2002.5551; 0.53; 1234; 170; 338.2; 
2002.5518; 0.53; 1234; 170; 338.4; 
2002.549; 0.53; 1234; 170; 338.6; 
2002.5469; 0.53; 1235; 170; 338.8; 
2002.5453; 0.53; 1235; 170; 339; 
2002.5436; 0.53; 1235; 170; 339.2; 
2002.541; 0.53; 1235; 170; 339.4; 
2002.5385; 0.53; 1235; 170; 339.6; 
2002.5356; 0.53; 1235; 170; 339.8; 
2002.5326; 0.53; 1235; 170; 340; 
2002.5298; 0.53; 1235; 170; 340.2; 
2002.527; 0.53; 1235; 170; 340.4; 
2002.5234; 0.53; 1235; 170; 340.6; 
2002.5193; 0.53; 1235; 170; 340.8; 
2002.515; 0.53; 1235; 170; 341; 
2002.5106; 0.53; 1235; 170; 341.2; 
2002.5071; 0.53; 1235; 170; 341.4; 
2002.5039; 0.53; 1235; 170; 341.6; 
2002.5009; 0.53; 1235; 170; 341.8; 
2002.4979; 0.53; 1235; 170; 342; 
2002.4946; 0.53; 1235; 170; 342.2; 
2002.4918; 0.53; 1236; 170; 342.4; 
2002.4894; 0.53; 1236; 170; 342.6; 
2002.4866; 0.53; 1236; 170; 342.8; 
2002.4838; 0.53; 1236; 170; 343; 
2002.481; 0.53; 1236; 170; 343.2; 
2002.478; 0.53; 1237; 170; 343.4; 
2002.475; 0.53; 1237; 170; 343.6; 
2002.4692; 0.53; 1238; 170; 343.8; 
2002.454; 0.53; 1238; 170; 344; 
2002.4213; 0.53; 1239; 170; 344.2; 
2002.3636; 0.53; 1239; 170; 344.4; 
2002.2722; 0.53; 1240; 170; 344.6; 
2002.1359; 0.53; 1240; 170; 344.8; 
2001.946; 0.53; 1240; 170; 345; 
2001.7074; 0.53; 1240; 170; 345.2; 
2001.4404; 0.53; 1241; 170; 345.4; 
2001.173; 0.53; 1243; 170; 345.6; 
2000.9359; 0.53; 1246; 170; 345.8; 
2000.7561; 0.53; 1250; 170; 346; 
2000.6537; 0.53; 1255; 170; 346.2; 
2000.6383; 0.53; 1261; 170; 346.4; 
2000.7089; 0.53; 1267; 170; 346.6; 
2000.8541; 0.53; 1273; 170; 346.8; 
2001.0563; 0.53; 1279; 170; 347; 
2001.2919; 0.53; 1283; 170; 347.2; 
2001.5353; 0.53; 1287; 170; 347.4; 
2001.7628; 0.53; 1290; 170; 347.6; 
2001.9535; 0.53; 1292; 170; 347.8; 
2002.0912; 0.53; 1294; 170; 348; 
2002.1672; 0.53; 1295; 170; 348.2; 
2002.1808; 0.53; 1295; 170; 348.4; 
2002.1382; 0.53; 1296; 170; 348.6; 
2002.0515; 0.53; 1296; 170; 348.8; 
2001.9357; 0.53; 1296; 170; 349; 
2001.8071; 0.53; 1297; 170; 349.2; 
2001.6824; 0.53; 1298; 170; 349.4; 
2001.575; 0.53; 1299; 170; 349.6; 
2001.4944; 0.53; 1301; 170; 349.8; 
2001.4457; 0.53; 1303; 170; 350; 
2001.4302; 0.53; 1305; 170; 350.2; 
2001.4459; 0.53; 1307; 170; 350.4; 
2001.4879; 0.53; 1309; 170; 350.6; 
2001.5474; 0.53; 1311; 170; 350.8; 
2001.6154; 0.53; 1312; 170; 351; 
2001.6835; 0.53; 1313; 170; 351.2; 
2001.7443; 0.53; 1314; 170; 351.4; 
2001.7966; 0.53; 1315; 170; 351.6; 
2001.8444; 0.53; 1315; 170; 351.8; 
2001.8925; 0.53; 1316; 170; 352; 
2001.9452; 0.53; 1316; 170; 352.2; 
2002.0046; 0.53; 1316; 170; 352.4; 
2002.0718; 0.53; 1316; 170; 352.6; 
2002.1431; 0.53; 1315; 170; 352.8; 
2002.2142; 0.53; 1315; 170; 353; 
2002.2797; 0.53; 1314; 170; 353.2; 
2002.3337; 0.53; 1312; 170; 353.4; 
2002.3722; 0.53; 1311; 170; 353.6; 
2002.3927; 0.53; 1309; 170; 353.8; 
2002.3945; 0.53; 1307; 170; 354; 
2002.3792; 0.53; 1305; 170; 354.2; 
2002.3502; 0.53; 1302; 170; 354.4; 
2002.3123; 0.53; 1300; 170; 354.6; 
2002.2704; 0.53; 1298; 170; 354.8; 
2002.23; 0.53; 1296; 170; 355; 
2002.1959; 0.53; 1294; 170; 355.2; 
2002.1718; 0.53; 1293; 170; 355.4; 
2002.1587; 0.53; 1291; 170; 355.6; 
2002.1569; 0.53; 1289; 170; 355.8; 
2002.1649; 0.53; 1288; 170; 356; 
2002.1799; 0.53; 1286; 170; 356.2; 
2002.1993; 0.53; 1285; 170; 356.4; 
2002.2206; 0.53; 1283; 170; 356.6; 
2002.2407; 0.53; 1281; 170; 356.8; 
2002.2572; 0.53; 1280; 170; 357; 
2002.2682; 0.53; 1278; 170; 357.2; 
2002.2732; 0.53; 1276; 170; 357.4; 
2002.2734; 0.53; 1275; 170; 357.6; 
2002.2698; 0.53; 1273; 170; 357.8; 
2002.2634; 0.53; 1272; 170; 358; 
2002.2556; 0.53; 1270; 170; 358.2; 
2002.2474; 0.53; 1269; 170; 358.4; 
2002.2402; 0.53; 1267; 170; 358.6; 
2002.235; 0.53; 1266; 170; 358.8; 
2002.2323; 0.53; 1265; 170; 359; 
2002.2322; 0.53; 1264; 170; 359.2; 
2002.2343; 0.53; 1262; 170; 359.4; 
2002.2378; 0.53; 1261; 170; 359.6; 
2002.2423; 0.53; 1260; 170; 359.8; 
2002.2466; 0.53; 1259; 170; 360; 
2002.2502; 0.53; 1258; 170; 360.2; 
2002.2534; 0.53; 1257; 170; 360.4; 
2002.2555; 0.53; 1256; 170; 360.6; 
2002.2566; 0.53; 1255; 170; 360.8; 
2002.2566; 0.53; 1254; 170; 361; 
2002.2559; 0.53; 1253; 170; 361.2; 
2002.2544; 0.53; 1252; 170; 361.4; 
2002.2523; 0.53; 1252; 170; 361.6; 
2002.2499; 0.53; 1251; 170; 361.8; 
2002.2484; 0.53; 1250; 170; 362; 
2002.2469; 0.53; 1249; 170; 362.2; 
2002.2454; 0.53; 1248; 170; 362.4; 
2002.2437; 0.53; 1248; 170; 362.6; 
2002.2424; 0.53; 1247; 170; 362.8; 
2002.2418; 0.53; 1247; 170; 363; 
2002.2417; 0.53; 1246; 170; 363.2; 
2002.2417; 0.53; 1245; 170; 363.4; 
2002.2421; 0.53; 1245; 170; 363.6; 
2002.2427; 0.53; 1244; 170; 363.8; 
2002.2427; 0.53; 1244; 170; 364; 
2002.2418; 0.53; 1243; 170; 364.2; 
2002.2404; 0.53; 1243; 170; 364.4; 
2002.2377; 0.53; 1242; 170; 364.6; 
2002.2346; 0.53; 1242; 170; 364.8; 
2002.2317; 0.53; 1241; 170; 365; 
2002.23; 0.53; 1241; 170; 365.2; 
2002.2295; 0.53; 1241; 170; 365.4; 
2002.2289; 0.53; 1240; 170; 365.6; 
2002.2289; 0.53; 1240; 170; 365.8; 
2002.2288; 0.53; 1240; 170; 366; 
2002.2281; 0.53; 1239; 170; 366.2; 
2002.2271; 0.53; 1239; 170; 366.4; 
2002.2256; 0.53; 1239; 170; 366.6; 
2002.2239; 0.53; 1238; 170; 366.8; 
2002.2222; 0.53; 1238; 170; 367; 
2002.2203; 0.53; 1238; 170; 367.2; 
2002.2175; 0.53; 1238; 170; 367.4; 
2002.2135; 0.53; 1237; 170; 367.6; 
2002.2086; 0.53; 1237; 170; 367.8; 
2002.205; 0.53; 1237; 170; 368; 
2002.2028; 0.53; 1237; 170; 368.2; 
2002.2015; 0.53; 1236; 170; 368.4; 
2002.2; 0.53; 1236; 170; 368.6; 
2002.1978; 0.53; 1236; 170; 368.8; 
2002.1957; 0.53; 1236; 170; 369; 
2002.1936; 0.53; 1236; 170; 369.2; 
2002.1915; 0.53; 1236; 170; 369.4; 
2002.1898; 0.53; 1236; 170; 369.6; 
2002.1884; 0.53; 1235; 170; 369.8; 
2002.1868; 0.53; 1235; 170; 370; 
2002.1843; 0.53; 1235; 170; 370.2; 
2002.1812; 0.53; 1235; 170; 370.4; 
2002.1781; 0.53; 1235; 170; 370.6; 
2002.175; 0.53; 1235; 170; 370.8; 
2002.1722; 0.53; 1235; 170; 371; 
2002.1698; 0.53; 1235; 170; 371.2; 
2002.1681; 0.53; 1235; 170; 371.4; 
2002.1663; 0.53; 1235; 170; 371.6; 
2002.1641; 0.53; 1235; 170; 371.8; 
2002.1617; 0.53; 1235; 170; 372; 
2002.1598; 0.53; 1235; 170; 372.2; 
2002.1582; 0.53; 1235; 170; 372.4; 
2002.1563; 0.53; 1234; 170; 372.6; 
2002.1544; 0.53; 1234; 170; 372.8; 
2002.1522; 0.53; 1234; 170; 373; 
2002.1492; 0.53; 1234; 170; 373.2; 
2002.1451; 0.53; 1234; 170; 373.4; 
2002.1405; 0.53; 1234; 170; 373.6; 
2002.1364; 0.53; 1234; 170; 373.8; 
2002.1332; 0.53; 1234; 170; 374; 
2002.1309; 0.53; 1234; 170; 374.2; 
2002.1292; 0.53; 1234; 170; 374.4; 
2002.1281; 0.53; 1234; 170; 374.6; 
2002.1272; 0.53; 1234; 170; 374.8; 
2002.1252; 0.53; 1234; 170; 375; 
2002.1222; 0.53; 1234; 170; 375.2; 
2002.1194; 0.53; 1234; 170; 375.4; 
2002.1176; 0.53; 1234; 170; 375.6; 
2002.1158; 0.53; 1234; 170; 375.8; 
2002.1136; 0.53; 1234; 170; 376; 
2002.1111; 0.53; 1234; 170; 376.2; 
2002.1082; 0.53; 1234; 170; 376.4; 
2002.1049; 0.53; 1234; 170; 376.6; 
2002.1016; 0.53; 1234; 170; 376.8; 
2002.0995; 0.53; 1234; 170; 377; 
2002.098; 0.53; 1235; 170; 377.2; 
2002.0964; 0.53; 1235; 170; 377.4; 
2002.0952; 0.53; 1235; 170; 377.6; 
2002.0931; 0.53; 1235; 170; 377.8; 
2002.0897; 0.53; 1235; 170; 378; 
2002.0862; 0.53; 1235; 170; 378.2; 
2002.0825; 0.53; 1235; 170; 378.4; 
2002.0796; 0.53; 1235; 170; 378.6; 
2002.0774; 0.53; 1235; 170; 378.8; 
2002.0762; 0.53; 1236; 170; 379; 
2002.0753; 0.53; 1236; 170; 379.2; 
2002.0741; 0.53; 1236; 170; 379.4; 
2002.0728; 0.53; 1236; 170; 379.6; 
2002.0703; 0.53; 1236; 170; 379.8; 
2002.0674; 0.53; 1236; 170; 380; 
2002.0632; 0.53; 1236; 170; 380.2; 
2002.0581; 0.53; 1237; 170; 380.4; 
2002.0531; 0.53; 1237; 170; 380.6; 
2002.0492; 0.53; 1237; 170; 380.8; 
2002.0461; 0.53; 1237; 170; 381; 
2002.0435; 0.53; 1237; 170; 381.2; 
2002.0416; 0.53; 1237; 170; 381.4; 
2002.0408; 0.53; 1237; 170; 381.6; 
2002.0399; 0.53; 1238; 170; 381.8; 
2002.0382; 0.53; 1238; 170; 382; 
2002.0361; 0.53; 1238; 170; 382.2; 
2002.0339; 0.53; 1238; 170; 382.4; 
2002.0317; 0.53; 1238; 170; 382.6; 
2002.0294; 0.53; 1238; 170; 382.8; 
2002.0272; 0.53; 1238; 170; 383; 
2002.0251; 0.53; 1238; 170; 383.2; 
2002.0229; 0.53; 1238; 170; 383.4; 
2002.0204; 0.53; 1238; 170; 383.6; 
2002.0182; 0.53; 1238; 170; 383.8; 
2002.0167; 0.53; 1238; 170; 384; 
2002.0148; 0.53; 1238; 170; 384.2; 
2002.0117; 0.53; 1238; 170; 384.4; 
2002.0083; 0.53; 1238; 170; 384.6; 
2002.0052; 0.53; 1238; 170; 384.8; 
2002.0027; 0.53; 1238; 170; 385; 
2001.9998; 0.53; 1238; 170; 385.2; 
2001.9974; 0.53; 1238; 170; 385.4; 
2001.996; 0.53; 1239; 170; 385.6; 
2001.9946; 0.53; 1239; 170; 385.8; 
2001.9932; 0.53; 1239; 170; 386; 
2001.9917; 0.53; 1239; 170; 386.2; 
2001.99; 0.53; 1239; 170; 386.4; 
2001.9878; 0.53; 1239; 170; 386.6; 
2001.9849; 0.53; 1239; 170; 386.8; 
2001.9817; 0.53; 1239; 170; 387; 
2001.9789; 0.53; 1239; 170; 387.2; 
2001.9768; 0.53; 1239; 170; 387.4; 
2001.9751; 0.53; 1239; 170; 387.6; 
2001.9738; 0.53; 1239; 170; 387.8; 
2001.9723; 0.53; 1239; 170; 388; 
2001.9703; 0.53; 1239; 170; 388.2; 
2001.968; 0.53; 1239; 170; 388.4; 
2001.9658; 0.53; 1239; 170; 388.6; 
2001.9637; 0.53; 1239; 170; 388.8; 
2001.962; 0.53; 1239; 170; 389; 
2001.96; 0.53; 1239; 170; 389.2; 
2001.9572; 0.53; 1239; 170; 389.4; 
2001.9541; 0.53; 1239; 170; 389.6; 
2001.9509; 0.53; 1239; 170; 389.8; 
2001.9474; 0.53; 1238; 170; 390; 
2001.944; 0.53; 1238; 170; 390.2; 
2001.9418; 0.53; 1238; 170; 390.4; 
2001.9402; 0.53; 1238; 170; 390.6; 
2001.9377; 0.53; 1238; 170; 390.8; 
2001.9343; 0.53; 1238; 170; 391; 
2001.9316; 0.53; 1238; 170; 391.2; 
2001.9302; 0.53; 1238; 170; 391.4; 
2001.9292; 0.53; 1238; 170; 391.6; 
2001.9282; 0.53; 1238; 170; 391.8; 
2001.9276; 0.53; 1239; 170; 392; 
2001.927; 0.53; 1239; 170; 392.2; 
2001.9263; 0.53; 1239; 170; 392.4; 
2001.9243; 0.53; 1239; 170; 392.6; 
2001.9214; 0.53; 1239; 170; 392.8; 
2001.9183; 0.53; 1239; 170; 393; 
2001.9165; 0.53; 1239; 170; 393.2; 
2001.915; 0.53; 1239; 170; 393.4; 
2001.9135; 0.53; 1239; 170; 393.6; 
2001.9113; 0.53; 1239; 170; 393.8; 
2001.9084; 0.53; 1239; 170; 394; 
2001.9054; 0.53; 1239; 170; 394.2; 
2001.9026; 0.53; 1239; 170; 394.4; 
2001.9001; 0.53; 1239; 170; 394.6; 
2001.8979; 0.53; 1238; 170; 394.8; 
2001.8959; 0.53; 1238; 170; 395; 
2001.8939; 0.53; 1238; 170; 395.2; 
2001.8931; 0.53; 1238; 170; 395.4; 
2001.8922; 0.53; 1238; 170; 395.6; 
2001.8906; 0.53; 1238; 170; 395.8; 
2001.8883; 0.53; 1238; 170; 396; 
2001.8857; 0.53; 1238; 170; 396.2; 
2001.8831; 0.53; 1238; 170; 396.4; 
2001.8801; 0.53; 1238; 170; 396.6; 
2001.8772; 0.53; 1238; 170; 396.8; 
2001.875; 0.53; 1238; 170; 397; 
2001.8732; 0.53; 1238; 170; 397.2; 
2001.8712; 0.53; 1238; 170; 397.4; 
2001.8685; 0.53; 1238; 170; 397.6; 
2001.866; 0.53; 1238; 170; 397.8; 
2001.864; 0.53; 1239; 170; 398; 
2001.8622; 0.53; 1239; 170; 398.2; 
2001.861; 0.53; 1239; 170; 398.4; 
2001.8589; 0.53; 1239; 170; 398.6; 
2001.8564; 0.53; 1239; 170; 398.8; 
2001.8539; 0.53; 1239; 170; 399; 
2001.8528; 0.53; 1239; 170; 399.2; 
2001.8534; 0.53; 1239; 170; 399.4; 
2001.8542; 0.53; 1239; 170; 399.6; 
2001.8538; 0.53; 1239; 170; 399.8; 
2001.8514; 0.53; 1239; 170; 400; 
2001.8479; 0.53; 1239; 170; 400.2; 
2001.8442; 0.53; 1238; 170; 400.4; 
2001.8406; 0.53; 1238; 170; 400.6; 
2001.8373; 0.53; 1238; 170; 400.8; 
2001.8348; 0.53; 1238; 170; 401; 
2001.8326; 0.53; 1238; 170; 401.2; 
2001.8301; 0.53; 1238; 170; 401.4; 
2001.8271; 0.53; 1238; 170; 401.6; 
2001.824; 0.53; 1238; 170; 401.8; 
2001.8209; 0.53; 1238; 170; 402; 
2001.8188; 0.53; 1238; 170; 402.2; 
2001.8173; 0.53; 1238; 170; 402.4; 
2001.8158; 0.53; 1238; 170; 402.6; 
2001.8145; 0.53; 1238; 170; 402.8; 
2001.8135; 0.53; 1238; 170; 403; 
2001.8126; 0.53; 1238; 170; 403.2; 
2001.8115; 0.53; 1238; 170; 403.4; 
2001.8104; 0.53; 1238; 170; 403.6; 
2001.8099; 0.53; 1238; 170; 403.8; 
2001.8096; 0.53; 1238; 170; 404; 
2001.8086; 0.53; 1238; 170; 404.2; 
2001.8074; 0.53; 1238; 170; 404.4; 
2001.8055; 0.53; 1238; 170; 404.6; 
2001.8024; 0.53; 1238; 170; 404.8; 
2001.799; 0.53; 1238; 170; 405; 
2001.7953; 0.53; 1238; 170; 405.2; 
2001.7917; 0.53; 1238; 170; 405.4; 
2001.7885; 0.53; 1238; 170; 405.6; 
2001.7847; 0.53; 1238; 170; 405.8; 
2001.7816; 0.53; 1238; 170; 406; 
2001.7799; 0.53; 1239; 170; 406.2; 
2001.7791; 0.53; 1239; 170; 406.4; 
2001.7789; 0.53; 1239; 170; 406.6; 
2001.7787; 0.53; 1239; 170; 406.8; 
2001.7775; 0.53; 1239; 170; 407; 
2001.7762; 0.53; 1239; 170; 407.2; 
2001.7748; 0.53; 1239; 170; 407.4; 
2001.772; 0.53; 1239; 170; 407.6; 
2001.7688; 0.53; 1238; 170; 407.8; 
2001.766; 0.53; 1238; 170; 408; 
2001.7631; 0.53; 1238; 170; 408.2; 
2001.7605; 0.53; 1238; 170; 408.4; 
2001.7581; 0.53; 1238; 170; 408.6; 
2001.7557; 0.53; 1238; 170; 408.8; 
2001.7543; 0.53; 1238; 170; 409; 
2001.7529; 0.53; 1238; 170; 409.2; 
2001.7516; 0.53; 1238; 170; 409.4; 
2001.7504; 0.53; 1238; 170; 409.6; 
2001.7491; 0.53; 1238; 170; 409.8; 
2001.7479; 0.53; 1238; 170; 410; 
2001.7461; 0.53; 1238; 170; 410.2; 
2001.744; 0.53; 1238; 170; 410.4; 
2001.7422; 0.53; 1238; 170; 410.6; 
2001.7405; 0.53; 1238; 170; 410.8; 
2001.7389; 0.53; 1238; 170; 411; 
2001.7375; 0.53; 1228; 170; 411.2; 
2001.7363; 0.53; 1028; 170; 411.4; 
2001.7345; 0.53; 828; 170; 411.6; 
2001.7328; 0.53; 808; 170; 411.8; 
2001.7308; 0.53; 808; 170; 412; 
2001.7278; 0.53; 808; 170; 412.2; 
2001.7245; 0.53; 808; 170; 412.4; 
2001.7209; 0.53; 808; 170; 412.6; 
2001.717; 0.53; 808; 170; 412.8; 
2001.7131; 0.53; 808; 170; 413; 
2001.7085; 0.53; 808; 170; 413.2; 
2001.7023; 0.53; 808; 170; 413.4; 
2001.6949; 0.53; 808; 170; 413.6; 
2001.6866; 0.53; 808; 170; 413.8; 
2001.6775; 0.53; 808; 170; 414; 
2001.6677; 0.53; 808; 170; 414.2; 
2001.6575; 0.53; 808; 170; 414.4; 
2001.6472; 0.53; 808; 170; 414.6; 
2001.6364; 0.53; 808; 170; 414.8; 
2001.625; 0.53; 808; 170; 415; 
2001.6132; 0.53; 808; 170; 415.2; 
2001.6002; 0.53; 808; 170; 415.4; 
2001.5858; 0.53; 808; 170; 415.6; 
2001.5709; 0.53; 808; 170; 415.8; 
2001.5554; 0.53; 808; 170; 416; 
2001.5392; 0.52; 808; 170; 416.2; 
2001.5226; 0.52; 808; 170; 416.4; 
2001.5052; 0.52; 808; 170; 416.6; 
2001.4882; 0.52; 808; 170; 416.8; 
2001.4706; 0.52; 808; 170; 417; 
2001.4528; 0.52; 808; 170; 417.2; 
2001.4352; 0.52; 808; 170; 417.4; 
2001.4192; 0.52; 808; 170; 417.6; 
2001.4044; 0.52; 808; 170; 417.8; 
2001.3896; 0.52; 808; 170; 418; 
2001.3743; 0.52; 808; 170; 418.2; 
2001.3585; 0.52; 808; 170; 418.4; 
2001.3424; 0.52; 808; 170; 418.6; 
2001.3263; 0.52; 808; 170; 418.8; 
2001.3099; 0.52; 808; 170; 419; 
2001.2933; 0.52; 808; 170; 419.2; 
2001.2771; 0.52; 808; 170; 419.4; 
2001.2606; 0.52; 808; 170; 419.6; 
2001.2437; 0.52; 808; 170; 419.8; 
2001.2266; 0.52; 808; 170; 420; 
2001.2097; 0.52; 808; 170; 420.2; 
2001.1931; 0.51; 808; 170; 420.4; 
2001.1774; 0.51; 808; 170; 420.6; 
2001.1621; 0.51; 808; 170; 420.8; 
2001.1465; 0.51; 808; 170; 421; 
2001.1315; 0.51; 808; 170; 421.2; 
2001.1172; 0.51; 808; 170; 421.4; 
2001.1036; 0.51; 808; 170; 421.6; 
2001.09; 0.51; 808; 170; 421.8; 
2001.0757; 0.51; 808; 170; 422; 
2001.061; 0.51; 808; 170; 422.2; 
2001.0463; 0.51; 808; 170; 422.4; 
2001.0319; 0.51; 808; 170; 422.6; 
2001.0165; 0.51; 808; 170; 422.8; 
2000.9999; 0.51; 808; 170; 423; 
2000.9836; 0.51; 808; 170; 423.2; 
2000.968; 0.51; 808; 170; 423.4; 
2000.953; 0.51; 808; 170; 423.6; 
2000.9386; 0.51; 808; 170; 423.8; 
2000.9244; 0.51; 808; 170; 424; 
2000.9104; 0.51; 808; 170; 424.2; 
2000.8962; 0.51; 808; 170; 424.4; 
2000.882; 0.51; 808; 170; 424.6; 
2000.8676; 0.51; 808; 170; 424.8; 
2000.8529; 0.5; 808; 170; 425; 
2000.8381; 0.5; 808; 170; 425.2; 
2000.8231; 0.5; 808; 170; 425.4; 
2000.8085; 0.5; 808; 170; 425.6; 
2000.7949; 0.5; 808; 170; 425.8; 
2000.782; 0.5; 808; 170; 426; 
2000.7689; 0.5; 808; 170; 426.2; 
2000.7562; 0.5; 808; 170; 426.4; 
2000.744; 0.5; 808; 170; 426.6; 
2000.7321; 0.5; 808; 170; 426.8; 
2000.719; 0.5; 808; 170; 427; 
2000.7047; 0.5; 808; 170; 427.2; 
2000.6897; 0.5; 808; 170; 427.4; 
2000.675; 0.5; 808; 170; 427.6; 
2000.6605; 0.5; 808; 170; 427.8; 
2000.6467; 0.5; 808; 170; 428; 
2000.6328; 0.5; 808; 170; 428.2; 
2000.6198; 0.5; 808; 170; 428.4; 
2000.6072; 0.5; 808; 170; 428.6; 
2000.5951; 0.5; 808; 170; 428.8; 
2000.5829; 0.5; 808; 170; 429; 
2000.5703; 0.5; 808; 170; 429.2; 
2000.5569; 0.5; 808; 170; 429.4; 
2000.5436; 0.5; 808; 170; 429.6; 
2000.5309; 0.5; 808; 170; 429.8; 
2000.5183; 0.49; 808; 170; 430; 
2000.5057; 0.49; 808; 170; 430.2; 
2000.4934; 0.49; 808; 170; 430.4; 
2000.4816; 0.49; 808; 170; 430.6; 
2000.47; 0.49; 808; 170; 430.8; 
2000.4578; 0.49; 808; 170; 431; 
2000.4454; 0.49; 808; 170; 431.2; 
2000.4338; 0.49; 808; 170; 431.4; 
2000.4221; 0.49; 808; 170; 431.6; 
2000.4099; 0.49; 808; 170; 431.8; 
2000.3981; 0.49; 808; 170; 432; 
2000.3867; 0.49; 808; 170; 432.2; 
2000.3748; 0.49; 808; 170; 432.4; 
2000.3625; 0.49; 808; 170; 432.6; 
2000.3503; 0.49; 808; 170; 432.8; 
2000.3385; 0.49; 808; 170; 433; 
2000.3267; 0.49; 808; 170; 433.2; 
2000.3145; 0.49; 808; 170; 433.4; 
2000.3024; 0.49; 808; 170; 433.6; 
2000.2906; 0.49; 808; 170; 433.8; 
2000.2798; 0.49; 808; 170; 434; 
2000.2693; 0.49; 808; 170; 434.2; 
2000.2585; 0.49; 808; 170; 434.4; 
2000.2472; 0.49; 808; 170; 434.6; 
2000.2352; 0.49; 808; 170; 434.8; 
2000.223; 0.49; 808; 170; 435; 
2000.2108; 0.49; 808; 170; 435.2; 
2000.1991; 0.49; 808; 170; 435.4; 
2000.1877; 0.48; 808; 170; 435.6; 
2000.1766; 0.48; 808; 170; 435.8; 
2000.1653; 0.48; 808; 170; 436; 
2000.1545; 0.48; 808; 170; 436.2; 
2000.1447; 0.48; 808; 170; 436.4; 
2000.1351; 0.48; 809; 170; 436.6; 
2000.1256; 0.48; 819; 170; 436.8; 
2000.1162; 0.48; 830; 170; 437; 
2000.1061; 0.48; 840; 170; 437.2; 
2000.0947; 0.48; 851; 170; 437.4; 
2000.083; 0.48; 861; 170; 437.6; 
2000.0715; 0.48; 871; 170; 437.8; 
2000.0603; 0.48; 881; 170; 438; 
2000.0497; 0.48; 891; 170; 438.2; 
2000.0397; 0.48; 900; 170; 438.4; 
2000.03; 0.48; 909; 170; 438.6; 
2000.0209; 0.48; 918; 170; 438.8; 
2000.0115; 0.48; 926; 170; 439; 
2000.0018; 0.48; 934; 170; 439.2; 
1999.9927; 0.48; 942; 170; 439.4; 
1999.984; 0.48; 949; 170; 439.6; 
1999.976; 0.48; 956; 170; 439.8; 
1999.9688; 0.48; 962; 170; 440; 
1999.9614; 0.48; 968; 170; 440.2; 
1999.9539; 0.48; 974; 170; 440.4; 
1999.9465; 0.48; 980; 170; 440.6; 
1999.9371; 0.48; 985; 170; 440.8; 
1999.9203; 0.48; 990; 170; 441; 
1999.8898; 0.48; 995; 170; 441.2; 
1999.8379; 0.48; 1000; 170; 441.4; 
1999.7555; 0.48; 1004; 170; 441.6; 
1999.6321; 0.48; 1007; 170; 441.8; 
1999.4576; 0.48; 1011; 170; 442; 
1999.2301; 0.48; 1014; 170; 442.2; 
1998.9628; 0.48; 1018; 170; 442.4; 
1998.6796; 0.48; 1022; 170; 442.6; 
1998.4094; 0.48; 1027; 170; 442.8; 
1998.1809; 0.48; 1034; 170; 443; 
1998.0182; 0.48; 1041; 170; 443.2; 
1997.9379; 0.48; 1050; 170; 443.4; 
1997.9465; 0.48; 1059; 170; 443.6; 
1998.0409; 0.47; 1068; 170; 443.8; 
1998.209; 0.47; 1077; 170; 444; 
1998.4335; 0.47; 1085; 170; 444.2; 
1998.6912; 0.47; 1092; 170; 444.4; 
1998.9575; 0.47; 1097; 170; 444.6; 
1999.2092; 0.47; 1102; 170; 444.8; 
1999.4254; 0.47; 1105; 170; 445; 
1999.5903; 0.47; 1107; 170; 445.2; 
1999.6951; 0.47; 1109; 170; 445.4; 
1999.736; 0.47; 1110; 170; 445.6; 
1999.7167; 0.47; 1110; 170; 445.8; 
1999.6462; 0.47; 1111; 170; 446; 
1999.5382; 0.47; 1111; 170; 446.2; 
1999.4083; 0.47; 1112; 170; 446.4; 
1999.2728; 0.47; 1113; 170; 446.6; 
1999.146; 0.47; 1115; 170; 446.8; 
1999.0397; 0.47; 1117; 170; 447; 
1998.9624; 0.47; 1119; 170; 447.2; 
1998.9187; 0.47; 1122; 170; 447.4; 
1998.9094; 0.47; 1124; 170; 447.6; 
1998.932; 0.47; 1127; 170; 447.8; 
1998.9796; 0.47; 1129; 170; 448; 
1999.0443; 0.47; 1131; 170; 448.2; 
1999.1179; 0.47; 1133; 170; 448.4; 
1999.1917; 0.47; 1134; 170; 448.6; 
1999.2581; 0.47; 1135; 170; 448.8; 
1999.3116; 0.47; 1136; 170; 449; 
1999.3483; 0.47; 1136; 170; 449.2; 
1999.3666; 0.47; 1137; 170; 449.4; 
1999.3667; 0.47; 1137; 170; 449.6; 
1999.3513; 0.47; 1137; 170; 449.8; 
1999.3235; 0.47; 1137; 170; 450; 
1999.288; 0.47; 1137; 170; 450.2; 
1999.2493; 0.47; 1137; 170; 450.4; 
1999.2128; 0.47; 1137; 170; 450.6; 
1999.187; 0.47; 1138; 170; 450.8; 
1999.1854; 0.47; 1138; 170; 451; 
1999.2201; 0.47; 1139; 170; 451.2; 
1999.2993; 0.47; 1140; 170; 451.4; 
1999.4242; 0.47; 1141; 170; 451.6; 
1999.5868; 0.47; 1141; 170; 451.8; 
1999.7729; 0.47; 1141; 170; 452; 
1999.9634; 0.47; 1140; 170; 452.2; 
2000.1377; 0.47; 1138; 170; 452.4; 
2000.2771; 0.47; 1135; 170; 452.6; 
2000.3683; 0.47; 1132; 170; 452.8; 
2000.406; 0.47; 1129; 170; 453; 
2000.3911; 0.47; 1125; 170; 453.2; 
2000.3289; 0.47; 1121; 170; 453.4; 
2000.2312; 0.47; 1117; 170; 453.6; 
2000.1123; 0.47; 1114; 170; 453.8; 
1999.9874; 0.47; 1111; 170; 454; 
1999.8713; 0.47; 1108; 170; 454.2; 
1999.7755; 0.47; 1106; 170; 454.4; 
1999.7073; 0.47; 1104; 170; 454.6; 
1999.6698; 0.47; 1102; 170; 454.8; 
1999.6616; 0.47; 1101; 170; 455; 
1999.678; 0.47; 1099; 170; 455.2; 
1999.7115; 0.47; 1098; 170; 455.4; 
1999.7543; 0.47; 1096; 170; 455.6; 
1999.7992; 0.47; 1095; 170; 455.8; 
1999.8407; 0.47; 1094; 170; 456; 
1999.8744; 0.47; 1092; 170; 456.2; 
1999.8975; 0.47; 1091; 170; 456.4; 
1999.9087; 0.47; 1089; 170; 456.6; 
1999.9093; 0.47; 1088; 170; 456.8; 
1999.9009; 0.47; 1086; 170; 457; 
1999.8857; 0.47; 1085; 170; 457.2; 
1999.8665; 0.47; 1083; 170; 457.4; 
1999.8463; 0.47; 1082; 170; 457.6; 
1999.8278; 0.47; 1081; 170; 457.8; 
1999.813; 0.47; 1080; 170; 458; 
1999.8036; 0.47; 1079; 170; 458.2; 
1999.7996; 0.47; 1078; 170; 458.4; 
1999.7999; 0.47; 1078; 170; 458.6; 
1999.8035; 0.47; 1077; 170; 458.8; 
1999.809; 0.47; 1076; 170; 459; 
1999.816; 0.47; 1076; 170; 459.2; 
1999.8234; 0.47; 1075; 170; 459.4; 
1999.8301; 0.47; 1075; 170; 459.6; 
1999.8361; 0.47; 1074; 170; 459.8; 
1999.8408; 0.47; 1074; 170; 460; 
1999.8442; 0.47; 1073; 170; 460.2; 
1999.8462; 0.47; 1073; 170; 460.4; 
1999.8467; 0.47; 1072; 170; 460.6; 
1999.8456; 0.47; 1072; 170; 460.8; 
1999.8446; 0.47; 1071; 170; 461; 
1999.8444; 0.47; 1071; 170; 461.2; 
1999.8448; 0.47; 1071; 170; 461.4; 
1999.8459; 0.47; 1070; 170; 461.6; 
1999.8474; 0.47; 1070; 170; 461.8; 
1999.849; 0.47; 1070; 170; 462; 
1999.85; 0.47; 1069; 170; 462.2; 
1999.8507; 0.47; 1069; 170; 462.4; 
1999.8516; 0.47; 1069; 170; 462.6; 
1999.8525; 0.47; 1069; 170; 462.8; 
1999.854; 0.47; 1068; 170; 463; 
1999.8556; 0.47; 1068; 170; 463.2; 
1999.8572; 0.47; 1068; 170; 463.4; 
1999.8586; 0.47; 1068; 170; 463.6; 
1999.8597; 0.47; 1067; 170; 463.8; 
1999.8601; 0.47; 1067; 170; 464; 
1999.8606; 0.47; 1067; 170; 464.2; 
1999.8612; 0.47; 1067; 170; 464.4; 
1999.8619; 0.47; 1067; 170; 464.6; 
1999.8634; 0.47; 1067; 170; 464.8; 
1999.8649; 0.47; 1067; 170; 465; 
1999.8663; 0.47; 1066; 170; 465.2; 
1999.8677; 0.47; 1066; 170; 465.4; 
1999.8687; 0.47; 1066; 170; 465.6; 
1999.8691; 0.47; 1066; 170; 465.8; 
1999.8694; 0.47; 1066; 170; 466; 
1999.8695; 0.47; 1066; 170; 466.2; 
1999.87; 0.47; 1066; 170; 466.4; 
1999.871; 0.47; 1066; 170; 466.6; 
1999.8723; 0.47; 1066; 170; 466.8; 
1999.8738; 0.47; 1065; 170; 467; 
1999.8755; 0.47; 1065; 170; 467.2; 
1999.8766; 0.47; 1065; 170; 467.4; 
1999.8777; 0.47; 1065; 170; 467.6; 
1999.879; 0.47; 1065; 170; 467.8; 
1999.8804; 0.48; 1065; 170; 468; 
1999.8813; 0.48; 1065; 170; 468.2; 
1999.8824; 0.48; 1065; 170; 468.4; 
1999.8832; 0.48; 1065; 170; 468.6; 
1999.8835; 0.48; 1065; 170; 468.8; 
1999.8839; 0.48; 1064; 170; 469; 
1999.8846; 0.48; 1064; 170; 469.2; 
1999.8855; 0.48; 1064; 170; 469.4; 
1999.8859; 0.48; 1063; 170; 469.6; 
1999.8857; 0.48; 1063; 170; 469.8; 
1999.886; 0.48; 1063; 170; 470; 
1999.8862; 0.48; 1062; 170; 470.2; 
1999.8864; 0.48; 1062; 170; 470.4; 
1999.8868; 0.48; 1061; 170; 470.6; 
1999.8879; 0.48; 1061; 170; 470.8; 
1999.8896; 0.48; 1060; 170; 471; 
1999.8918; 0.48; 1060; 170; 471.2; 
1999.894; 0.48; 1060; 170; 471.4; 
1999.8959; 0.48; 1059; 170; 471.6; 
1999.8975; 0.48; 1059; 170; 471.8; 
1999.8994; 0.48; 1058; 170; 472; 
1999.9014; 0.48; 1058; 170; 472.2; 
1999.9025; 0.48; 1058; 170; 472.4; 
1999.9031; 0.48; 1057; 170; 472.6; 
1999.9025; 0.48; 1057; 170; 472.8; 
1999.9016; 0.48; 1056; 170; 473; 
1999.9012; 0.48; 1056; 170; 473.2; 
1999.9016; 0.48; 1056; 170; 473.4; 
1999.9028; 0.48; 1056; 170; 473.6; 
1999.9043; 0.48; 1055; 170; 473.8; 
1999.906; 0.48; 1055; 170; 474; 
1999.9083; 0.48; 1055; 170; 474.2; 
1999.9106; 0.48; 1055; 170; 474.4; 
1999.9126; 0.48; 1055; 170; 474.6; 
1999.9139; 0.48; 1054; 170; 474.8; 
1999.9149; 0.48; 1054; 170; 475; 
1999.9153; 0.48; 1054; 170; 475.2; 
1999.9135; 0.48; 1054; 170; 475.4; 
1999.9036; 0.48; 1054; 170; 475.6; 
1999.8761; 0.48; 1055; 170; 475.8; 
1999.8201; 0.48; 1055; 170; 476; 
1999.7255; 0.48; 1055; 170; 476.2; 
1999.5813; 0.48; 1054; 170; 476.4; 
1999.3811; 0.48; 1054; 170; 476.6; 
1999.1329; 0.48; 1054; 170; 476.8; 
1998.8584; 0.48; 1055; 170; 477; 
1998.5848; 0.48; 1057; 170; 477.2; 
1998.3414; 0.48; 1061; 170; 477.4; 
1998.1544; 0.47; 1066; 170; 477.6; 
1998.0438; 0.47; 1072; 170; 477.8; 
1998.0198; 0.47; 1078; 170; 478; 
1998.0824; 0.47; 1086; 170; 478.2; 
1998.2231; 0.47; 1093; 170; 478.4; 
1998.4259; 0.47; 1100; 170; 478.6; 
1998.6692; 0.47; 1105; 170; 478.8; 
1998.9299; 0.47; 1110; 170; 479; 
1999.1851; 0.47; 1114; 170; 479.2; 
1999.4124; 0.47; 1116; 170; 479.4; 
1999.5952; 0.47; 1118; 170; 479.6; 
1999.7213; 0.47; 1119; 170; 479.8; 
1999.7848; 0.47; 1119; 170; 480; 
1999.7872; 0.47; 1119; 170; 480.2; 
1999.7357; 0.47; 1119; 170; 480.4; 
1999.6422; 0.47; 1119; 170; 480.6; 
1999.5223; 0.47; 1119; 170; 480.8; 
1999.3917; 0.47; 1119; 170; 481; 
1999.2654; 0.47; 1120; 170; 481.2; 
1999.155; 0.47; 1121; 170; 481.4; 
1999.0707; 0.47; 1123; 170; 481.6; 
1999.0181; 0.47; 1125; 170; 481.8; 
1998.9995; 0.47; 1127; 170; 482; 
1999.0126; 0.47; 1130; 170; 482.2; 
1999.0521; 0.47; 1132; 170; 482.4; 
1999.1111; 0.47; 1133; 170; 482.6; 
1999.1816; 0.47; 1135; 170; 482.8; 
1999.2552; 0.47; 1136; 170; 483; 
1999.324; 0.47; 1137; 170; 483.2; 
1999.3815; 0.47; 1137; 170; 483.4; 
1999.4232; 0.47; 1137; 170; 483.6; 
1999.4467; 0.47; 1137; 170; 483.8; 
1999.4513; 0.47; 1137; 170; 484; 
1999.4395; 0.47; 1137; 170; 484.2; 
1999.4143; 0.47; 1137; 170; 484.4; 
1999.38; 0.47; 1137; 170; 484.6; 
1999.3411; 0.47; 1137; 170; 484.8; 
1999.3027; 0.47; 1137; 170; 485; 
1999.2693; 0.47; 1137; 170; 485.2; 
1999.2439; 0.47; 1137; 170; 485.4; 
1999.2283; 0.47; 1138; 170; 485.6; 
1999.2224; 0.47; 1138; 170; 485.8; 
1999.226; 0.47; 1139; 170; 486; 
1999.2371; 0.47; 1139; 170; 486.2; 
1999.2538; 0.47; 1140; 170; 486.4; 
1999.2745; 0.47; 1140; 170; 486.6; 
1999.2961; 0.47; 1140; 170; 486.8; 
1999.316; 0.47; 1140; 170; 487; 
1999.3325; 0.47; 1141; 170; 487.2; 
1999.3446; 0.47; 1141; 170; 487.4; 
1999.3523; 0.47; 1140; 170; 487.6; 
1999.3553; 0.47; 1140; 170; 487.8; 
1999.3535; 0.47; 1140; 170; 488; 
1999.3474; 0.47; 1140; 170; 488.2; 
1999.3381; 0.47; 1140; 170; 488.4; 
1999.328; 0.47; 1140; 170; 488.6; 
1999.3184; 0.47; 1140; 170; 488.8; 
1999.3101; 0.47; 1140; 170; 489; 
1999.3037; 0.47; 1140; 170; 489.2; 
1999.2998; 0.47; 1140; 170; 489.4; 
1999.2985; 0.47; 1140; 170; 489.6; 
1999.2996; 0.47; 1140; 170; 489.8; 
1999.3026; 0.47; 1141; 170; 490; 
1999.3077; 0.47; 1141; 170; 490.2; 
1999.3141; 0.47; 1141; 170; 490.4; 
1999.3209; 0.47; 1141; 170; 490.6; 
1999.3269; 0.47; 1141; 170; 490.8; 
1999.3314; 0.47; 1141; 170; 491; 
1999.3342; 0.47; 1141; 170; 491.2; 
1999.3361; 0.47; 1141; 170; 491.4; 
1999.3368; 0.47; 1141; 170; 491.6; 
1999.3361; 0.47; 1141; 170; 491.8; 
1999.335; 0.47; 1141; 170; 492; 
1999.3342; 0.47; 1140; 170; 492.2; 
1999.3337; 0.47; 1140; 170; 492.4; 
1999.3334; 0.47; 1140; 170; 492.6; 
1999.3329; 0.47; 1140; 170; 492.8; 
1999.3325; 0.47; 1140; 170; 493; 
1999.3326; 0.47; 1140; 170; 493.2; 
1999.3357; 0.47; 1141; 170; 493.4; 
1999.3508; 0.47; 1141; 170; 493.6; 
1999.3906; 0.47; 1141; 170; 493.8; 
1999.4664; 0.47; 1142; 170; 494; 
1999.5834; 0.47; 1142; 170; 494.2; 
1999.7384; 0.47; 1142; 170; 494.4; 
1999.9207; 0.47; 1141; 170; 494.6; 
2000.1121; 0.47; 1140; 170; 494.8; 
2000.2917; 0.47; 1138; 170; 495; 
2000.4396; 0.47; 1135; 170; 495.2; 
2000.541; 0.47; 1132; 170; 495.4; 
2000.5889; 0.47; 1128; 170; 495.6; 
2000.5831; 0.47; 1124; 170; 495.8; 
2000.5308; 0.47; 1120; 170; 496; 
2000.4432; 0.47; 1116; 170; 496.2; 
2000.3347; 0.47; 1113; 170; 496.4; 
2000.2202; 0.47; 1109; 170; 496.6; 
2000.1128; 0.47; 1106; 170; 496.8; 
2000.0226; 0.47; 1103; 170; 497; 
1999.9557; 0.47; 1101; 170; 497.2; 
1999.9149; 0.47; 1099; 170; 497.4; 
1999.8984; 0.47; 1097; 170; 497.6; 
1999.9014; 0.47; 1095; 170; 497.8; 
1999.9188; 0.47; 1094; 170; 498; 
1999.9453; 0.47; 1092; 170; 498.2; 
1999.9747; 0.47; 1090; 170; 498.4; 
2000.0016; 0.47; 1089; 170; 498.6; 
2000.0223; 0.47; 1087; 170; 498.8; 
2000.0359; 0.47; 1085; 170; 499; 
2000.0419; 0.47; 1084; 170; 499.2; 
2000.041; 0.47; 1082; 170; 499.4; 
2000.0339; 0.47; 1081; 170; 499.6; 
2000.0222; 0.47; 1080; 170; 499.8; 
2000.0079; 0.47; 1078; 170; 500; 
1999.9939; 0.47; 1077; 170; 500.2; 
1999.9812; 0.47; 1076; 170; 500.4; 
1999.9708; 0.47; 1075; 170; 500.6; 
1999.9636; 0.47; 1074; 170; 500.8; 
1999.9596; 0.47; 1073; 170; 501; 
1999.9594; 0.47; 1073; 170; 501.2; 
1999.9617; 0.47; 1072; 170; 501.4; 
1999.9659; 0.47; 1071; 170; 501.6; 
1999.9706; 0.47; 1071; 170; 501.8; 
1999.9746; 0.47; 1070; 170; 502; 
1999.978; 0.47; 1070; 170; 502.2; 
1999.981; 0.47; 1069; 170; 502.4; 
1999.9832; 0.47; 1069; 170; 502.6; 
1999.9839; 0.47; 1068; 170; 502.8; 
1999.9829; 0.47; 1068; 170; 503; 
1999.9813; 0.47; 1067; 170; 503.2; 
1999.9794; 0.47; 1067; 170; 503.4; 
1999.9786; 0.47; 1067; 170; 503.6; 
1999.9781; 0.47; 1066; 170; 503.8; 
1999.9774; 0.47; 1066; 170; 504; 
1999.9768; 0.47; 1066; 170; 504.2; 
1999.9773; 0.47; 1066; 170; 504.4; 
1999.9791; 0.47; 1065; 170; 504.6; 
1999.9818; 0.47; 1065; 170; 504.8; 
1999.9845; 0.48; 1065; 170; 505; 
1999.9863; 0.48; 1065; 170; 505.2; 
1999.9878; 0.48; 1065; 170; 505.4; 
1999.9889; 0.48; 1064; 170; 505.6; 
1999.9896; 0.48; 1064; 170; 505.8; 
1999.9899; 0.48; 1064; 170; 506; 
1999.9904; 0.48; 1063; 170; 506.2; 
1999.9915; 0.48; 1063; 170; 506.4; 
1999.9918; 0.48; 1063; 170; 506.6; 
1999.9918; 0.48; 1062; 170; 506.8; 
1999.9913; 0.48; 1062; 170; 507; 
1999.9901; 0.48; 1061; 170; 507.2; 
1999.9889; 0.48; 1061; 170; 507.4; 
1999.9878; 0.48; 1060; 170; 507.6; 
1999.9872; 0.48; 1060; 170; 507.8; 
1999.9875; 0.48; 1059; 170; 508; 
1999.9893; 0.48; 1059; 170; 508.2; 
1999.9919; 0.48; 1058; 170; 508.4; 
1999.9954; 0.48; 1058; 170; 508.6; 
1999.999; 0.48; 1058; 170; 508.8; 
2000.0023; 0.48; 1057; 170; 509; 
2000.004; 0.48; 1057; 170; 509.2; 
2000.0046; 0.48; 1056; 170; 509.4; 
2000.0046; 0.48; 1056; 170; 509.6; 
2000.0045; 0.48; 1056; 170; 509.8; 
2000.0043; 0.48; 1055; 170; 510; 
2000.0044; 0.48; 1055; 170; 510.2; 
2000.005; 0.48; 1055; 170; 510.4; 
2000.0059; 0.48; 1054; 170; 510.6; 
2000.0066; 0.48; 1054; 170; 510.8; 
2000.0068; 0.48; 1054; 170; 511; 
2000.0067; 0.48; 1054; 170; 511.2; 
2000.0062; 0.48; 1053; 170; 511.4; 
2000.0056; 0.48; 1053; 170; 511.6; 
2000.0054; 0.48; 1053; 170; 511.8; 
2000.006; 0.48; 1053; 170; 512; 
2000.0072; 0.48; 1053; 170; 512.2; 
2000.0088; 0.48; 1053; 170; 512.4; 
2000.0099; 0.48; 1052; 170; 512.6; 
2000.0107; 0.48; 1052; 170; 512.8; 
2000.0118; 0.48; 1052; 170; 513; 
2000.0132; 0.48; 1052; 170; 513.2; 
2000.0143; 0.48; 1052; 170; 513.4; 
2000.0154; 0.48; 1052; 170; 513.6; 
2000.0165; 0.48; 1052; 170; 513.8; 
2000.0176; 0.48; 1052; 170; 514; 
2000.0184; 0.48; 1052; 170; 514.2; 
2000.0189; 0.48; 1051; 170; 514.4; 
2000.0194; 0.48; 1051; 170; 514.6; 
2000.0198; 0.48; 1051; 170; 514.8; 
2000.02; 0.48; 1051; 170; 515; 
2000.0198; 0.48; 1051; 170; 515.2; 
2000.0194; 0.48; 1051; 170; 515.4; 
2000.0192; 0.48; 1051; 170; 515.6; 
2000.0186; 0.48; 1051; 170; 515.8; 
2000.0181; 0.48; 1051; 170; 516; 
2000.0175; 0.48; 1051; 170; 516.2; 
2000.0171; 0.48; 1051; 170; 516.4; 
2000.0173; 0.48; 1051; 170; 516.6; 
2000.0178; 0.48; 1051; 170; 516.8; 
2000.0188; 0.48; 1051; 170; 517; 
2000.02; 0.48; 1051; 170; 517.2; 
2000.0215; 0.48; 1051; 170; 517.4; 
2000.0227; 0.48; 1051; 170; 517.6; 
2000.0238; 0.48; 1051; 170; 517.8; 
2000.025; 0.48; 1051; 170; 518; 
2000.026; 0.48; 1050; 170; 518.2; 
2000.0265; 0.48; 1050; 170; 518.4; 
2000.027; 0.48; 1050; 170; 518.6; 
2000.0276; 0.48; 1050; 170; 518.8; 
2000.028; 0.48; 1050; 170; 519; 
2000.028; 0.48; 1050; 170; 519.2; 
2000.0276; 0.48; 1050; 170; 519.4; 
2000.0265; 0.48; 1050; 170; 519.6; 
2000.025; 0.48; 1050; 170; 519.8; 
2000.0242; 0.48; 1050; 170; 520; 
2000.0238; 0.48; 1050; 170; 520.2; 
2000.0236; 0.48; 1050; 170; 520.4; 
2000.0237; 0.48; 1050; 170; 520.6; 
2000.0243; 0.48; 1050; 170; 520.8; 
2000.0248; 0.48; 1050; 170; 521; 
2000.0253; 0.48; 1050; 170; 521.2; 
2000.0261; 0.48; 1050; 170; 521.4; 
2000.0271; 0.48; 1050; 170; 521.6; 
2000.028; 0.48; 1050; 170; 521.8; 
2000.0288; 0.48; 1050; 170; 522; 
2000.0302; 0.48; 1050; 170; 522.2; 
2000.0315; 0.48; 1050; 170; 522.4; 
2000.0325; 0.48; 1050; 170; 522.6; 
2000.0328; 0.48; 1050; 170; 522.8; 
2000.0325; 0.48; 1050; 170; 523; 
2000.0316; 0.48; 1050; 170; 523.2; 
2000.0309; 0.48; 1050; 170; 523.4; 
2000.0308; 0.48; 1050; 170; 523.6; 
2000.0313; 0.48; 1050; 170; 523.8; 
2000.0322; 0.48; 1050; 170; 524; 
2000.0332; 0.48; 1050; 170; 524.2; 
2000.0342; 0.48; 1050; 170; 524.4; 
2000.0348; 0.48; 1050; 170; 524.6; 
2000.035; 0.48; 1050; 170; 524.8; 
2000.035; 0.48; 1050; 170; 525; 
2000.0343; 0.48; 1050; 170; 525.2; 
2000.0333; 0.48; 1050; 170; 525.4; 
2000.0326; 0.48; 1050; 170; 525.6; 
2000.0323; 0.48; 1050; 170; 525.8; 
2000.0326; 0.48; 1050; 170; 526; 
2000.0334; 0.48; 1050; 170; 526.2; 
2000.0343; 0.48; 1050; 170; 526.4; 
2000.0352; 0.48; 1050; 170; 526.6; 
2000.0358; 0.48; 1050; 170; 526.8; 
2000.0361; 0.48; 1050; 170; 527; 
2000.0364; 0.48; 1050; 170; 527.2; 
2000.0367; 0.48; 1050; 170; 527.4; 
2000.0375; 0.48; 1050; 170; 527.6; 
2000.0381; 0.48; 1050; 170; 527.8; 
2000.0385; 0.48; 1050; 170; 528; 
2000.0385; 0.48; 1050; 170; 528.2; 
2000.0382; 0.48; 1050; 170; 528.4; 
2000.038; 0.48; 1050; 170; 528.6; 
2000.0378; 0.48; 1049; 170; 528.8; 
2000.0381; 0.48; 1049; 170; 529; 
2000.0387; 0.48; 1049; 170; 529.2; 
2000.0393; 0.48; 1049; 170; 529.4; 
2000.0393; 0.48; 1049; 170; 529.6; 
2000.0391; 0.48; 1049; 170; 529.8; 
2000.0392; 0.48; 1049; 170; 530; 
2000.0396; 0.48; 1049; 170; 530.2; 
2000.0396; 0.48; 1049; 170; 530.4; 
2000.0393; 0.48; 1049; 170; 530.6; 
2000.0396; 0.48; 1049; 170; 530.8; 
2000.0403; 0.48; 1049; 170; 531; 
2000.041; 0.48; 1049; 170; 531.2; 
2000.0417; 0.48; 1049; 170; 531.4; 
2000.0425; 0.48; 1049; 170; 531.6; 
2000.0431; 0.48; 1049; 170; 531.8; 
2000.0428; 0.48; 1049; 170; 532; 
2000.0425; 0.48; 1049; 170; 532.2; 
2000.0425; 0.48; 1049; 170; 532.4; 
2000.0424; 0.48; 1049; 170; 532.6; 
2000.0422; 0.48; 1049; 170; 532.8; 
2000.0424; 0.48; 1049; 170; 533; 
2000.0428; 0.48; 1049; 170; 533.2; 
2000.0442; 0.48; 1049; 170; 533.4; 
2000.0449; 0.48; 1049; 170; 533.6; 
2000.0452; 0.48; 1049; 170; 533.8; 
2000.0452; 0.48; 1049; 170; 534; 
2000.0449; 0.48; 1049; 170; 534.2; 
2000.045; 0.48; 1049; 170; 534.4; 
2000.0453; 0.48; 1049; 170; 534.6; 
2000.0454; 0.48; 1049; 170; 534.8; 
2000.0454; 0.48; 1049; 170; 535; 
2000.0457; 0.48; 1049; 170; 535.2; 
2000.0458; 0.48; 1049; 170; 535.4; 
2000.0458; 0.48; 1049; 170; 535.6; 
2000.0459; 0.48; 1049; 170; 535.8; 
2000.0458; 0.48; 1049; 170; 536; 
2000.0459; 0.48; 1049; 170; 536.2; 
2000.0463; 0.48; 1049; 170; 536.4; 
2000.0463; 0.48; 1049; 170; 536.6; 
2000.0461; 0.48; 1049; 170; 536.8; 
2000.0463; 0.48; 1049; 170; 537; 
2000.047; 0.48; 1049; 170; 537.2; 
2000.0476; 0.48; 1049; 170; 537.4; 
2000.0482; 0.48; 1049; 170; 537.6; 
2000.0488; 0.48; 1049; 170; 537.8; 
2000.0491; 0.48; 1049; 170; 538; 
2000.049; 0.48; 1049; 170; 538.2; 
2000.0488; 0.48; 1049; 170; 538.4; 
2000.0487; 0.48; 1049; 170; 538.6; 
2000.0479; 0.48; 1050; 170; 538.8; 
2000.0458; 0.48; 1050; 170; 539; 
2000.04; 0.48; 1050; 170; 539.2; 
2000.0244; 0.48; 1050; 170; 539.4; 
1999.9899; 0.48; 1051; 170; 539.6; 
1999.9272; 0.48; 1051; 170; 539.8; 
1999.8273; 0.48; 1051; 170; 540; 
1999.6847; 0.48; 1051; 170; 540.2; 
1999.5015; 0.48; 1051; 170; 540.4; 
1999.2865; 0.48; 1051; 170; 540.6; 
1999.0526; 0.48; 1053; 170; 540.8; 
1998.8165; 0.48; 1054; 170; 541; 
1998.5989; 0.48; 1057; 170; 541.2; 
1998.4213; 0.48; 1061; 170; 541.4; 
1998.3031; 0.47; 1067; 170; 541.6; 
1998.2572; 0.47; 1073; 170; 541.8; 
1998.2915; 0.47; 1079; 170; 542; 
1998.4078; 0.47; 1086; 170; 542.2; 
1998.6017; 0.47; 1093; 170; 542.4; 
1998.8605; 0.47; 1099; 170; 542.6; 
1999.1637; 0.47; 1104; 170; 542.8; 
1999.4851; 0.47; 1107; 170; 543; 
1999.795; 0.47; 1110; 170; 543.2; 
2000.0642; 0.47; 1111; 170; 543.4; 
2000.2684; 0.47; 1111; 170; 543.6; 
2000.3915; 0.47; 1110; 170; 543.8; 
2000.4248; 0.47; 1109; 170; 544; 
2000.37; 0.47; 1107; 170; 544.2; 
2000.2396; 0.47; 1105; 170; 544.4; 
2000.0538; 0.47; 1103; 170; 544.6; 
1999.8373; 0.47; 1102; 170; 544.8; 
1999.6165; 0.47; 1101; 170; 545; 
1999.4175; 0.47; 1101; 170; 545.2; 
1999.2622; 0.47; 1102; 170; 545.4; 
1999.1666; 0.47; 1104; 170; 545.6; 
1999.1392; 0.47; 1106; 170; 545.8; 
1999.1809; 0.47; 1108; 170; 546; 
1999.2853; 0.47; 1110; 170; 546.2; 
1999.4382; 0.47; 1112; 170; 546.4; 
1999.6201; 0.47; 1113; 170; 546.6; 
1999.8097; 0.47; 1113; 170; 546.8; 
1999.9855; 0.47; 1113; 170; 547; 
2000.1294; 0.47; 1112; 170; 547.2; 
2000.2291; 0.47; 1110; 170; 547.4; 
2000.2778; 0.47; 1108; 170; 547.6; 
2000.2748; 0.47; 1106; 170; 547.8; 
2000.2261; 0.47; 1104; 170; 548; 
2000.1422; 0.47; 1102; 170; 548.2; 
2000.0374; 0.47; 1100; 170; 548.4; 
1999.9261; 0.47; 1098; 170; 548.6; 
1999.8229; 0.47; 1097; 170; 548.8; 
1999.739; 0.47; 1096; 170; 549; 
1999.6826; 0.47; 1095; 170; 549.2; 
1999.6577; 0.47; 1095; 170; 549.4; 
1999.6642; 0.47; 1095; 170; 549.6; 
1999.6973; 0.47; 1095; 170; 549.8; 
1999.7496; 0.47; 1094; 170; 550; 
1999.8127; 0.47; 1094; 170; 550.2; 
1999.8792; 0.47; 1093; 170; 550.4; 
1999.941; 0.47; 1093; 170; 550.6; 
1999.9924; 0.47; 1092; 170; 550.8; 
2000.0293; 0.47; 1091; 170; 551; 
2000.0499; 0.47; 1090; 170; 551.2; 
2000.0551; 0.47; 1088; 170; 551.4; 
2000.0466; 0.47; 1087; 170; 551.6; 
2000.0282; 0.47; 1086; 170; 551.8; 
2000.0037; 0.47; 1085; 170; 552; 
1999.9778; 0.47; 1084; 170; 552.2; 
1999.954; 0.47; 1083; 170; 552.4; 
1999.9349; 0.47; 1082; 170; 552.6; 
1999.9226; 0.47; 1082; 170; 552.8; 
1999.9183; 0.47; 1081; 170; 553; 
1999.9211; 0.47; 1080; 170; 553.2; 
1999.9298; 0.47; 1080; 170; 553.4; 
1999.9431; 0.47; 1079; 170; 553.6; 
1999.9587; 0.47; 1079; 170; 553.8; 
1999.974; 0.47; 1078; 170; 554; 
1999.9871; 0.47; 1078; 170; 554.2; 
1999.9973; 0.47; 1077; 170; 554.4; 
2000.0048; 0.47; 1076; 170; 554.6; 
2000.0094; 0.47; 1076; 170; 554.8; 
2000.0116; 0.47; 1075; 170; 555; 
2000.0117; 0.47; 1075; 170; 555.2; 
2000.0107; 0.47; 1074; 170; 555.4; 
2000.0094; 0.47; 1074; 170; 555.6; 
2000.0076; 0.47; 1073; 170; 555.8; 
2000.0062; 0.47; 1073; 170; 556; 
2000.006; 0.47; 1072; 170; 556.2; 
2000.0068; 0.47; 1072; 170; 556.4; 
2000.0085; 0.47; 1071; 170; 556.6; 
2000.0114; 0.47; 1071; 170; 556.8; 
2000.0149; 0.47; 1071; 170; 557; 
2000.0188; 0.47; 1070; 170; 557.2; 
2000.0225; 0.47; 1070; 170; 557.4; 
2000.0262; 0.47; 1070; 170; 557.6; 
2000.0297; 0.47; 1069; 170; 557.8; 
2000.0322; 0.47; 1069; 170; 558; 
2000.0348; 0.47; 1069; 170; 558.2; 
2000.0371; 0.47; 1068; 170; 558.4; 
2000.0385; 0.47; 1068; 170; 558.6; 
2000.0391; 0.47; 1068; 170; 558.8; 
2000.0396; 0.47; 1067; 170; 559; 
2000.0398; 0.47; 1067; 170; 559.2; 
2000.0403; 0.47; 1067; 170; 559.4; 
2000.0409; 0.47; 1067; 170; 559.6; 
2000.0421; 0.47; 1066; 170; 559.8; 
2000.043; 0.47; 1066; 170; 560; 
2000.0441; 0.47; 1066; 170; 560.2; 
2000.045; 0.47; 1066; 170; 560.4; 
2000.047; 0.47; 1066; 170; 560.6; 
2000.0493; 0.47; 1065; 170; 560.8; 
2000.0515; 0.47; 1065; 170; 561; 
2000.053; 0.48; 1065; 170; 561.2; 
2000.0542; 0.48; 1065; 170; 561.4; 
2000.0558; 0.48; 1065; 170; 561.6; 
2000.0575; 0.48; 1064; 170; 561.8; 
2000.0587; 0.48; 1064; 170; 562; 
2000.0591; 0.48; 1064; 170; 562.2; 
2000.0593; 0.48; 1063; 170; 562.4; 
2000.0593; 0.48; 1063; 170; 562.6; 
2000.0598; 0.48; 1062; 170; 562.8; 
2000.0607; 0.48; 1062; 170; 563; 
2000.0619; 0.48; 1061; 170; 563.2; 
2000.0629; 0.48; 1061; 170; 563.4; 
2000.064; 0.48; 1060; 170; 563.6; 
2000.0657; 0.48; 1060; 170; 563.8; 
2000.0676; 0.48; 1059; 170; 564; 
2000.0693; 0.48; 1059; 170; 564.2; 
2000.071; 0.48; 1058; 170; 564.4; 
2000.0723; 0.48; 1058; 170; 564.6; 
2000.0734; 0.48; 1058; 170; 564.8; 
2000.0743; 0.48; 1057; 170; 565; 
2000.0753; 0.48; 1057; 170; 565.2; 
2000.0753; 0.48; 1056; 170; 565.4; 
2000.0747; 0.48; 1056; 170; 565.6; 
2000.0743; 0.48; 1055; 170; 565.8; 
2000.0747; 0.48; 1055; 170; 566; 
2000.076; 0.48; 1055; 170; 566.2; 
2000.0775; 0.48; 1054; 170; 566.4; 
2000.0789; 0.48; 1054; 170; 566.6; 
2000.0806; 0.48; 1054; 170; 566.8; 
2000.083; 0.48; 1053; 170; 567; 
2000.0852; 0.48; 1053; 170; 567.2; 
2000.0864; 0.48; 1053; 170; 567.4; 
2000.0873; 0.48; 1053; 170; 567.6; 
2000.088; 0.48; 1052; 170; 567.8; 
2000.088; 0.48; 1052; 170; 568; 
2000.0881; 0.48; 1052; 170; 568.2; 
2000.0886; 0.48; 1052; 170; 568.4; 
2000.0891; 0.48; 1051; 170; 568.6; 
2000.089; 0.48; 1051; 170; 568.8; 
2000.0886; 0.48; 1051; 170; 569; 
2000.0881; 0.48; 1051; 170; 569.2; 
2000.0884; 0.48; 1051; 170; 569.4; 
2000.0892; 0.48; 1051; 170; 569.6; 
2000.09; 0.48; 1050; 170; 569.8; 
2000.0908; 0.48; 1050; 170; 570; 
2000.0918; 0.48; 1050; 170; 570.2; 
2000.0929; 0.48; 1050; 170; 570.4; 
2000.0938; 0.48; 1050; 170; 570.6; 
2000.0941; 0.48; 1050; 170; 570.8; 
2000.0945; 0.48; 1050; 170; 571; 
2000.0946; 0.48; 1050; 170; 571.2; 
2000.0945; 0.48; 1050; 170; 571.4; 
2000.0946; 0.48; 1050; 170; 571.6; 
2000.0946; 0.48; 1049; 170; 571.8; 
2000.0941; 0.48; 1049; 170; 572; 
2000.0938; 0.48; 1049; 170; 572.2; 
2000.0938; 0.48; 1049; 170; 572.4; 
2000.0939; 0.48; 1049; 170; 572.6; 
2000.094; 0.48; 1049; 170; 572.8; 
2000.0941; 0.48; 1049; 170; 573; 
2000.0947; 0.48; 1049; 170; 573.2; 
2000.0959; 0.48; 1049; 170; 573.4; 
2000.0983; 0.48; 1049; 170; 573.6; 
2000.1001; 0.48; 1049; 170; 573.8; 
2000.1007; 0.48; 1049; 170; 574; 
2000.1006; 0.48; 1049; 170; 574.2; 
2000.1002; 0.48; 1049; 170; 574.4; 
2000.0994; 0.48; 1049; 170; 574.6; 
2000.0988; 0.48; 1049; 170; 574.8; 
2000.0985; 0.48; 1049; 170; 575; 
2000.0985; 0.48; 1049; 170; 575.2; 
2000.0984; 0.48; 1049; 170; 575.4; 
2000.0989; 0.48; 1049; 170; 575.6; 
2000.0997; 0.48; 1049; 170; 575.8; 
2000.1005; 0.48; 1048; 170; 576; 
2000.1016; 0.48; 1048; 170; 576.2; 
2000.1029; 0.48; 1048; 170; 576.4; 
2000.1045; 0.48; 1048; 170; 576.6; 
2000.1057; 0.48; 1048; 170; 576.8; 
2000.1057; 0.48; 1048; 170; 577; 
2000.1052; 0.48; 1048; 170; 577.2; 
2000.1042; 0.48; 1048; 170; 577.4; 
2000.103; 0.48; 1048; 170; 577.6; 
2000.1022; 0.48; 1048; 170; 577.8; 
2000.1017; 0.48; 1048; 170; 578; 
2000.1016; 0.48; 1048; 170; 578.2; 
2000.1016; 0.48; 1048; 170; 578.4; 
2000.1014; 0.48; 1048; 170; 578.6; 
2000.1011; 0.48; 1048; 170; 578.8; 
2000.1011; 0.48; 1048; 170; 579; 
2000.1013; 0.48; 1048; 170; 579.2; 
2000.1019; 0.48; 1048; 170; 579.4; 
2000.1028; 0.48; 1048; 170; 579.6; 
2000.1033; 0.48; 1048; 170; 579.8; 
2000.1039; 0.48; 1048; 170; 580; 
2000.1049; 0.48; 1048; 170; 580.2; 
2000.1064; 0.48; 1048; 170; 580.4; 
2000.1077; 0.48; 1048; 170; 580.6; 
2000.108; 0.48; 1048; 170; 580.8; 
2000.1077; 0.48; 1048; 170; 581; 
2000.1067; 0.48; 1048; 170; 581.2; 
2000.1058; 0.48; 1048; 170; 581.4; 
2000.1053; 0.48; 1048; 170; 581.6; 
2000.1049; 0.48; 1048; 170; 581.8; 
2000.1042; 0.48; 1048; 170; 582; 
2000.1035; 0.48; 1048; 170; 582.2; 
2000.1035; 0.48; 1048; 170; 582.4; 
2000.104; 0.48; 1048; 170; 582.6; 
2000.1046; 0.48; 1048; 170; 582.8; 
2000.1055; 0.48; 1048; 170; 583; 
2000.1061; 0.48; 1048; 170; 583.2; 
2000.1064; 0.48; 1048; 170; 583.4; 
2000.1068; 0.48; 1048; 170; 583.6; 
2000.1069; 0.48; 1048; 170; 583.8; 
2000.1068; 0.48; 1048; 170; 584; 
2000.1066; 0.48; 1048; 170; 584.2; 
2000.1067; 0.48; 1048; 170; 584.4; 
2000.1064; 0.48; 1048; 170; 584.6; 
2000.1028; 0.48; 1049; 170; 584.8; 
2000.0891; 0.48; 1049; 170; 585; 
2000.0581; 0.48; 1049; 170; 585.2; 
2000.0011; 0.48; 1049; 170; 585.4; 
1999.9089; 0.48; 1050; 170; 585.6; 
1999.7704; 0.48; 1050; 170; 585.8; 
1999.5775; 0.48; 1049; 170; 586; 
1999.3347; 0.48; 1050; 170; 586.2; 
1999.0619; 0.48; 1050; 170; 586.4; 
1998.7864; 0.48; 1052; 170; 586.6; 
1998.5377; 0.48; 1056; 170; 586.8; 
1998.3431; 0.48; 1060; 170; 587; 
1998.2245; 0.47; 1066; 170; 587.2; 
1998.194; 0.47; 1073; 170; 587.4; 
1998.2528; 0.47; 1080; 170; 587.6; 
1998.3926; 0.47; 1088; 170; 587.8; 
1998.5964; 0.47; 1094; 170; 588; 
1998.8428; 0.47; 1100; 170; 588.2; 
1999.1069; 0.47; 1105; 170; 588.4; 
1999.3638; 0.47; 1108; 170; 588.6; 
1999.5917; 0.47; 1111; 170; 588.8; 
1999.7734; 0.47; 1113; 170; 589; 
1999.8964; 0.47; 1113; 170; 589.2; 
1999.9553; 0.47; 1114; 170; 589.4; 
1999.9529; 0.47; 1114; 170; 589.6; 
1999.8994; 0.47; 1113; 170; 589.8; 
1999.8127; 0.47; 1113; 170; 590; 
1999.7137; 0.47; 1114; 170; 590.2; 
1999.624; 0.47; 1114; 170; 590.4; 
1999.5625; 0.47; 1115; 170; 590.6; 
1999.5432; 0.47; 1117; 170; 590.8; 
1999.5728; 0.47; 1118; 170; 591; 
1999.6501; 0.47; 1119; 170; 591.2; 
1999.7671; 0.47; 1120; 170; 591.4; 
1999.9095; 0.47; 1120; 170; 591.6; 
2000.0601; 0.47; 1120; 170; 591.8; 
2000.2006; 0.47; 1119; 170; 592; 
2000.3145; 0.47; 1117; 170; 592.2; 
2000.3906; 0.47; 1115; 170; 592.4; 
2000.4224; 0.47; 1113; 170; 592.6; 
2000.4098; 0.47; 1110; 170; 592.8; 
2000.3585; 0.47; 1107; 170; 593; 
2000.2784; 0.47; 1105; 170; 593.2; 
2000.1825; 0.47; 1102; 170; 593.4; 
2000.0831; 0.47; 1100; 170; 593.6; 
1999.9927; 0.47; 1098; 170; 593.8; 
1999.9202; 0.47; 1097; 170; 594; 
1999.8721; 0.47; 1095; 170; 594.2; 
1999.8512; 0.47; 1094; 170; 594.4; 
1999.8556; 0.47; 1094; 170; 594.6; 
1999.8804; 0.47; 1093; 170; 594.8; 
1999.9196; 0.47; 1092; 170; 595; 
1999.9661; 0.47; 1091; 170; 595.2; 
2000.0129; 0.47; 1090; 170; 595.4; 
2000.0544; 0.47; 1089; 170; 595.6; 
2000.0865; 0.47; 1088; 170; 595.8; 
2000.1074; 0.47; 1086; 170; 596; 
2000.1171; 0.47; 1085; 170; 596.2; 
2000.1157; 0.47; 1084; 170; 596.4; 
2000.106; 0.47; 1083; 170; 596.6; 
2000.0905; 0.47; 1081; 170; 596.8; 
2000.0725; 0.47; 1080; 170; 597; 
2000.0548; 0.47; 1079; 170; 597.2; 
2000.0394; 0.47; 1078; 170; 597.4; 
2000.0284; 0.47; 1077; 170; 597.6; 
2000.0225; 0.47; 1077; 170; 597.8; 
2000.0215; 0.47; 1076; 170; 598; 
2000.0256; 0.47; 1075; 170; 598.2; 
2000.0334; 0.47; 1075; 170; 598.4; 
2000.0433; 0.47; 1074; 170; 598.6; 
2000.0535; 0.47; 1074; 170; 598.8; 
2000.0629; 0.47; 1073; 170; 599; 
2000.0709; 0.47; 1072; 170; 599.2; 
2000.077; 0.47; 1072; 170; 599.4; 
2000.0806; 0.47; 1071; 170; 599.6; 
2000.0814; 0.47; 1071; 170; 599.8; 
2000.0807; 0.47; 1070; 170; 600; 
2000.0792; 0.47; 1070; 170; 600.2; 
2000.0778; 0.47; 1069; 170; 600.4; 
2000.0767; 0.47; 1069; 170; 600.6; 
2000.0765; 0.47; 1068; 170; 600.8; 
2000.0779; 0.47; 1068; 170; 601; 
2000.08; 0.47; 1068; 170; 601.2; 
2000.0822; 0.47; 1067; 170; 601.4; 
2000.0844; 0.47; 1067; 170; 601.6; 
2000.0865; 0.47; 1067; 170; 601.8; 
2000.0887; 0.47; 1066; 170; 602; 
2000.0912; 0.47; 1066; 170; 602.2; 
2000.0933; 0.47; 1066; 170; 602.4; 
2000.0945; 0.47; 1065; 170; 602.6; 
2000.0959; 0.47; 1065; 170; 602.8; 
2000.0969; 0.48; 1065; 170; 603; 
2000.0977; 0.48; 1065; 170; 603.2; 
2000.0985; 0.48; 1064; 170; 603.4; 
2000.0986; 0.48; 1064; 170; 603.6; 
2000.0983; 0.48; 1064; 170; 603.8; 
2000.0977; 0.48; 1063; 170; 604; 
2000.0979; 0.48; 1063; 170; 604.2; 
2000.0986; 0.48; 1063; 170; 604.4; 
2000.0997; 0.48; 1062; 170; 604.6; 
2000.1014; 0.48; 1062; 170; 604.8; 
2000.1034; 0.48; 1061; 170; 605; 
2000.1057; 0.48; 1061; 170; 605.2; 
2000.1082; 0.48; 1060; 170; 605.4; 
2000.1101; 0.48; 1059; 170; 605.6; 
2000.1123; 0.48; 1059; 170; 605.8; 
2000.114; 0.48; 1058; 170; 606; 
2000.1152; 0.48; 1058; 170; 606.2; 
2000.1162; 0.48; 1057; 170; 606.4; 
2000.1173; 0.48; 1057; 170; 606.6; 
2000.1185; 0.48; 1056; 170; 606.8; 
2000.1202; 0.48; 1056; 170; 607; 
2000.1222; 0.48; 1055; 170; 607.2; 
2000.1238; 0.48; 1055; 170; 607.4; 
2000.1239; 0.48; 1055; 170; 607.6; 
2000.1238; 0.48; 1054; 170; 607.8; 
2000.123; 0.48; 1054; 170; 608; 
2000.1217; 0.48; 1053; 170; 608.2; 
2000.1204; 0.48; 1053; 170; 608.4; 
2000.1198; 0.48; 1053; 170; 608.6; 
2000.1204; 0.48; 1052; 170; 608.8; 
2000.1222; 0.48; 1052; 170; 609; 
2000.1246; 0.48; 1052; 170; 609.2; 
2000.1273; 0.48; 1052; 170; 609.4; 
2000.1294; 0.48; 1051; 170; 609.6; 
2000.1307; 0.48; 1051; 170; 609.8; 
2000.1318; 0.48; 1051; 170; 610; 
2000.1323; 0.48; 1051; 170; 610.2; 
2000.1326; 0.48; 1050; 170; 610.4; 
2000.1329; 0.48; 1050; 170; 610.6; 
2000.1334; 0.48; 1050; 170; 610.8; 
2000.1335; 0.48; 1050; 170; 611; 
2000.1342; 0.48; 1050; 170; 611.2; 
2000.1356; 0.48; 1050; 170; 611.4; 
2000.1377; 0.48; 1050; 170; 611.6; 
2000.1394; 0.48; 1049; 170; 611.8; 
2000.1399; 0.48; 1049; 170; 612; 
2000.1392; 0.48; 1049; 170; 612.2; 
2000.1379; 0.48; 1049; 170; 612.4; 
2000.1371; 0.48; 1049; 170; 612.6; 
2000.1362; 0.48; 1049; 170; 612.8; 
2000.1362; 0.48; 1049; 170; 613; 
2000.1371; 0.48; 1049; 170; 613.2; 
2000.1382; 0.48; 1049; 170; 613.4; 
2000.1392; 0.48; 1049; 170; 613.6; 
2000.1396; 0.48; 1048; 170; 613.8; 
2000.1401; 0.48; 1048; 170; 614; 
2000.1403; 0.48; 1048; 170; 614.2; 
2000.1403; 0.48; 1048; 170; 614.4; 
2000.1404; 0.48; 1048; 170; 614.6; 
2000.1404; 0.48; 1048; 170; 614.8; 
2000.1401; 0.48; 1048; 170; 615; 
2000.1395; 0.48; 1048; 170; 615.2; 
2000.1392; 0.48; 1048; 170; 615.4; 
2000.1394; 0.48; 1048; 170; 615.6; 
2000.1401; 0.48; 1048; 170; 615.8; 
2000.1415; 0.48; 1048; 170; 616; 
2000.1432; 0.48; 1048; 170; 616.2; 
2000.1444; 0.48; 1048; 170; 616.4; 
2000.1454; 0.48; 1048; 170; 616.6; 
2000.1461; 0.48; 1048; 170; 616.8; 
2000.1467; 0.48; 1048; 170; 617; 
2000.1472; 0.48; 1048; 170; 617.2; 
2000.1477; 0.48; 1048; 170; 617.4; 
2000.1472; 0.48; 1047; 170; 617.6; 
2000.1464; 0.48; 1047; 170; 617.8; 
2000.1451; 0.48; 1047; 170; 618; 
2000.1439; 0.48; 1047; 170; 618.2; 
2000.1429; 0.48; 1047; 170; 618.4; 
2000.1427; 0.48; 1047; 170; 618.6; 
2000.1427; 0.48; 1047; 170; 618.8; 
2000.1429; 0.48; 1047; 170; 619; 
2000.1434; 0.48; 1047; 170; 619.2; 
2000.1439; 0.48; 1047; 170; 619.4; 
2000.1443; 0.48; 1047; 170; 619.6; 
2000.1451; 0.48; 1047; 170; 619.8; 
2000.1462; 0.48; 1047; 170; 620; 
2000.1476; 0.48; 1047; 170; 620.2; 
2000.1484; 0.48; 1047; 170; 620.4; 
2000.1487; 0.48; 1047; 170; 620.6; 
2000.1483; 0.48; 1047; 170; 620.8; 
2000.1475; 0.48; 1047; 170; 621; 
2000.1465; 0.48; 1047; 170; 621.2; 
2000.1464; 0.48; 1047; 170; 621.4; 
2000.1469; 0.48; 1047; 170; 621.6; 
2000.1472; 0.48; 1047; 170; 621.8; 
2000.1472; 0.48; 1047; 170; 622; 
2000.147; 0.48; 1047; 170; 622.2; 
2000.1469; 0.48; 1047; 170; 622.4; 
2000.1464; 0.48; 1047; 170; 622.6; 
2000.1458; 0.48; 1047; 170; 622.8; 
2000.146; 0.48; 1047; 170; 623; 
2000.1467; 0.48; 1047; 170; 623.2; 
2000.1477; 0.48; 1047; 170; 623.4; 
2000.1487; 0.48; 1047; 170; 623.6; 
2000.1497; 0.48; 1047; 170; 623.8; 
2000.1506; 0.48; 1047; 170; 624; 
2000.1508; 0.48; 1047; 170; 624.2; 
2000.1498; 0.48; 1047; 170; 624.4; 
2000.1487; 0.48; 1047; 170; 624.6; 
2000.1473; 0.48; 1047; 170; 624.8; 
2000.1462; 0.48; 1047; 170; 625; 
2000.146; 0.48; 1047; 170; 625.2; 
2000.1469; 0.48; 1047; 170; 625.4; 
2000.1483; 0.48; 1047; 170; 625.6; 
2000.1498; 0.48; 1047; 170; 625.8; 
2000.1509; 0.48; 1047; 170; 626; 
2000.1517; 0.48; 1047; 170; 626.2; 
2000.1517; 0.48; 1047; 170; 626.4; 
2000.1517; 0.48; 1047; 170; 626.6; 
2000.1515; 0.48; 1047; 170; 626.8; 
2000.1501; 0.48; 1047; 170; 627; 
2000.1487; 0.48; 1047; 170; 627.2; 
2000.1472; 0.48; 1047; 170; 627.4; 
2000.1458; 0.48; 1047; 170; 627.6; 
2000.1454; 0.48; 1047; 170; 627.8; 
2000.1464; 0.48; 1047; 170; 628; 
2000.1477; 0.48; 1047; 170; 628.2; 
2000.1493; 0.48; 1047; 170; 628.4; 
2000.1509; 0.48; 1047; 170; 628.6; 
2000.1525; 0.48; 1047; 170; 628.8; 
2000.1542; 0.48; 1047; 170; 629; 
2000.1552; 0.48; 1047; 170; 629.2; 
2000.1544; 0.48; 1047; 170; 629.4; 
2000.1531; 0.48; 1046; 170; 629.6; 
2000.1511; 0.48; 1046; 170; 629.8; 
2000.1488; 0.48; 1046; 0; 630; 
2000.147; 0.48; 0; 0; 630.2; 
2000.1443; 0.47; 0; 0; 630.4; 
2000.1359; 0.47; 0; 0; 630.6; 
2000.1146; 0.47; 0; 0; 630.8; 
2000.0802; 0.47; 0; 0; 631; 
2000.0382; 0.47; 0; 0; 631.2; 
1999.993; 0.47; 0; 0; 631.4; 
1999.9464; 0.46; 0; 0; 631.6; 
1999.8988; 0.46; 0; 0; 631.8; 
1999.8505; 0.46; 0; 0; 632; 
1999.8024; 0.46; 0; 0; 632.2; 
1999.7542; 0.46; 0; 0; 632.4; 
1999.7053; 0.46; 0; 0; 632.6; 
1999.6561; 0.45; 0; 0; 632.8; 
1999.6063; 0.45; 0; 0; 633; 
1999.5559; 0.45; 0; 0; 633.2; 
1999.5046; 0.45; 0; 0; 633.4; 
1999.4529; 0.45; 0; 0; 633.6; 
1999.4005; 0.45; 0; 0; 633.8; 
1999.3469; 0.44; 0; 0; 634; 
1999.2916; 0.44; 0; 0; 634.2; 
1999.2355; 0.44; 0; 0; 634.4; 
1999.1787; 0.44; 0; 0; 634.6; 
1999.1218; 0.44; 0; 0; 634.8; 
1999.0647; 0.44; 0; 0; 635; 
1999.0076; 0.43; 0; 0; 635.2; 
1998.9506; 0.43; 0; 0; 635.4; 
1998.8934; 0.43; 0; 0; 635.6; 
1998.8367; 0.43; 0; 0; 635.8; 
1998.7805; 0.43; 0; 0; 636; 
1998.7253; 0.43; 0; 0; 636.2; 
1998.6713; 0.42; 0; 0; 636.4; 
1998.6182; 0.42; 0; 0; 636.6; 
1998.5652; 0.42; 0; 0; 636.8; 
1998.5116; 0.42; 0; 0; 637; 
1998.4572; 0.42; 0; 0; 637.2; 
1998.402; 0.42; 0; 0; 637.4; 
1998.3463; 0.42; 0; 0; 637.6; 
1998.2903; 0.41; 0; 0; 637.8; 
1998.234; 0.41; 0; 0; 638; 
1998.1776; 0.41; 0; 0; 638.2; 
1998.1211; 0.41; 0; 0; 638.4; 
1998.0647; 0.41; 0; 0; 638.6; 
1998.0087; 0.41; 0; 0; 638.8; 
1997.9535; 0.41; 0; 0; 639; 
1997.8989; 0.4; 0; 0; 639.2; 
1997.8442; 0.4; 0; 0; 639.4; 
1997.7894; 0.4; 0; 0; 639.6; 
1997.7349; 0.4; 0; 0; 639.8; 
1997.6805; 0.4; 0; 0; 640; 
1997.6257; 0.4; 0; 0; 640.2; 
1997.5712; 0.4; 0; 0; 640.4; 
1997.5179; 0.39; 0; 0; 640.6; 
1997.4667; 0.39; 0; 0; 640.8; 
1997.4171; 0.39; 0; 0; 641; 
1997.3699; 0.39; 0; 0; 641.2; 
1997.3246; 0.39; 0; 0; 641.4; 
1997.2803; 0.39; 0; 0; 641.6; 
1997.2366; 0.39; 0; 0; 641.8; 
1997.1929; 0.38; 0; 0; 642; 
1997.1484; 0.38; 0; 0; 642.2; 
1997.103; 0.38; 0; 0; 642.4; 
1997.0566; 0.38; 0; 0; 642.6; 
1997.0092; 0.38; 0; 0; 642.8; 
1996.9603; 0.38; 0; 0; 643; 
1996.9105; 0.38; 0; 0; 643.2; 
1996.8597; 0.38; 0; 0; 643.4; 
1996.8081; 0.37; 0; 0; 643.6; 
1996.7555; 0.37; 0; 0; 643.8; 
1996.7028; 0.37; 0; 0; 644; 
1996.6504; 0.37; 0; 0; 644.2; 
1996.598; 0.37; 0; 0; 644.4; 
1996.5459; 0.37; 0; 0; 644.6; 
1996.4943; 0.37; 0; 0; 644.8; 
1996.4427; 0.37; 0; 0; 645; 
1996.3912; 0.36; 0; 0; 645.2; 
1996.34; 0.36; 0; 0; 645.4; 
1996.2889; 0.36; 0; 0; 645.6; 
1996.2382; 0.36; 0; 0; 645.8; 
1996.1868; 0.36; 0; 0; 646; 
1996.1349; 0.36; 0; 0; 646.2; 
1996.0829; 0.36; 0; 0; 646.4; 
1996.0303; 0.36; 0; 0; 646.6; 
1995.9775; 0.35; 0; 0; 646.8; 
1995.9249; 0.35; 0; 0; 647; 
1995.8727; 0.35; 0; 0; 647.2; 
1995.8202; 0.35; 0; 0; 647.4; 
1995.7675; 0.35; 0; 0; 647.6; 
1995.7142; 0.35; 0; 0; 647.8; 
1995.6608; 0.35; 0; 0; 648; 
1995.6073; 0.35; 0; 0; 648.2; 
1995.5535; 0.34; 0; 0; 648.4; 
1995.4993; 0.34; 0; 0; 648.6; 
1995.4442; 0.34; 0; 0; 648.8; 
1995.3888; 0.34; 0; 0; 649; 
1995.3335; 0.34; 0; 0; 649.2; 
1995.2788; 0.34; 0; 0; 649.4; 
1995.2241; 0.34; 0; 0; 649.6; 
1995.1698; 0.34; 0; 0; 649.8; 
1995.1157; 0.34; 0; 0; 650; 
1995.0623; 0.33; 0; 0; 650.2; 
1995.0087; 0.33; 0; 0; 650.4; 
1994.9546; 0.33; 0; 0; 650.6; 
1994.8997; 0.33; 0; 0; 650.8; 
1994.8441; 0.33; 0; 0; 651; 
1994.7883; 0.33; 0; 0; 651.2; 
1994.7319; 0.33; 0; 0; 651.4; 
1994.6748; 0.33; 0; 0; 651.6; 
1994.6169; 0.33; 0; 0; 651.8; 
1994.5587; 0.32; 0; 0; 652; 
1994.5005; 0.32; 0; 0; 652.2; 
1994.4425; 0.32; 0; 0; 652.4; 
1994.3846; 0.32; 0; 0; 652.6; 
1994.3264; 0.32; 0; 0; 652.8; 
1994.2678; 0.32; 0; 0; 653; 
1994.209; 0.32; 0; 0; 653.2; 
1994.1501; 0.32; 0; 0; 653.4; 
1994.0913; 0.32; 0; 0; 653.6; 
1994.0322; 0.32; 0; 0; 653.8; 
1993.9725; 0.31; 0; 0; 654; 
1993.9122; 0.31; 0; 0; 654.2; 
1993.8513; 0.31; 0; 0; 654.4; 
1993.7897; 0.31; 0; 0; 654.6; 
1993.7271; 0.31; 0; 0; 654.8; 
1993.6635; 0.31; 0; 0; 655; 
1993.5996; 0.31; 0; 0; 655.2; 
1993.5356; 0.31; 0; 0; 655.4; 
1993.4709; 0.31; 0; 0; 655.6; 
1993.4065; 0.3; 0; 0; 655.8; 
1993.3416; 0.3; 0; 0; 656; 
1993.2758; 0.3; 0; 0; 656.2; 
1993.2091; 0.3; 0; 0; 656.4; 
1993.1417; 0.3; 0; 0; 656.6; 
1993.0736; 0.3; 0; 0; 656.8; 
1993.0049; 0.3; 0; 0; 657; 
1992.9355; 0.3; 0; 0; 657.2; 
1992.8655; 0.3; 0; 0; 657.4; 
1992.7941; 0.3; 0; 0; 657.6; 
1992.7208; 0.29; 0; 0; 657.8; 
1992.6458; 0.29; 0; 0; 658; 
1992.5685; 0.29; 0; 0; 658.2; 
1992.489; 0.29; 0; 0; 658.4; 
1992.4073; 0.29; 0; 0; 658.6; 
1992.324; 0.29; 0; 0; 658.8; 
1992.2391; 0.29; 0; 0; 659; 
1992.153; 0.29; 0; 0; 659.2; 
1992.0654; 0.29; 0; 0; 659.4; 
1991.9767; 0.29; 0; 0; 659.6; 
1991.8872; 0.28; 0; 0; 659.8; 
1991.7972; 0.28; 0; 0; 660; 
1991.7068; 0.28; 0; 0; 660.2; 
1991.6161; 0.28; 0; 0; 660.4; 
1991.5256; 0.28; 0; 0; 660.6; 
1991.4354; 0.28; 0; 0; 660.8; 
1991.3453; 0.28; 0; 0; 661; 
1991.2546; 0.28; 0; 0; 661.2; 
1991.1624; 0.28; 0; 0; 661.4; 
1991.0677; 0.28; 0; 0; 661.6; 
1990.9712; 0.27; 0; 0; 661.8; 
1990.8728; 0.27; 0; 0; 662; 
1990.7743; 0.27; 0; 0; 662.2; 
1990.6771; 0.27; 0; 0; 662.4; 
1990.5829; 0.27; 0; 0; 662.6; 
1990.4924; 0.27; 0; 0; 662.8; 
1990.4065; 0.27; 0; 0; 663; 
0; 0; 0; 0; 663.2; 
0; 0; 0; 0; 663.4; 
0; 0; 0; 0; 663.6; 
0; 0; 0; 0; 663.8; 
0; 0; 0; 0; 664; 
0; 0; 0; 0; 664.2; 
0; 0; 0; 0; 664.4; 
0; 0; 0; 0; 664.6; 
0; 0; 0; 0; 664.8; 
0; 0; 0; 0; 665; 
0; 0; 0; 0; 665.2; 
0; 0; 0; 0; 665.4; 
0; 0; 0; 0; 665.6; 
0; 0; 0; 0; 665.8; 
0; 0; 0; 0; 666; 
0; 0; 0; 0; 666.2; 
0; 0; 0; 0; 666.4; 
0; 0; 0; 0; 666.6; 
0; 0; 0; 0; 666.8; 
0; 0; 0; 0; 667; 
0; 0; 0; 0; 667.2; 
0; 0; 0; 0; 667.4; 
0; 0; 0; 0; 667.6; 
0; 0; 0; 0; 667.8; 
0; 0; 0; 0; 668; 
0; 0; 0; 0; 668.2; 
0; 0; 0; 0; 668.4; 
0; 0; 0; 0; 668.6; 
0; 0; 0; 0; 668.8; 
0; 0; 0; 0; 669; 
0; 0; 0; 0; 669.2; 
0; 0; 0; 0; 669.4; 
0; 0; 0; 0; 669.6; 
0; 0; 0; 0; 669.8; 
0; 0; 0; 0; 670; 
0; 0; 0; 0; 670.2; 
0; 0; 0; 0; 670.4; 
0; 0; 0; 0; 670.6; 
0; 0; 0; 0; 670.8; 
0; 0; 0; 0; 671; 
0; 0; 0; 0; 671.2; 
0; 0; 0; 0; 671.4; 
0; 0; 0; 0; 671.6; 
0; 0; 0; 0; 671.8; 
0; 0; 0; 0; 672; 
0; 0; 0; 0; 672.2; 
0; 0; 0; 0; 672.4; 
0; 0; 0; 0; 672.6; 
0; 0; 0; 0; 672.8; 
0; 0; 0; 0; 673; 
0; 0; 0; 0; 673.2; 
0; 0; 0; 0; 673.4; 
0; 0; 0; 0; 673.6; 
0; 0; 0; 0; 673.8; 
0; 0; 0; 0; 674; 
0; 0; 0; 0; 674.2; 
0; 0; 0; 0; 674.4; 
0; 0; 0; 0; 674.6; 
0; 0; 0; 0; 674.8; 
0; 0; 0; 0; 675; 
0; 0; 0; 0; 675.2; 
0; 0; 0; 0; 675.4; 
0; 0; 0; 0; 675.6; 
0; 0; 0; 0; 675.8; 
0; 0; 0; 0; 676; 
0; 0; 0; 0; 676.2; 
0; 0; 0; 0; 676.4; 
0; 0; 0; 0; 676.6; 
0; 0; 0; 0; 676.8; 
0; 0; 0; 0; 677; 
0; 0; 0; 0; 677.2; 
0; 0; 0; 0; 677.4; 
0; 0; 0; 0; 677.6; 
0; 0; 0; 0; 677.8; 
0; 0; 0; 0; 678; 
0; 0; 0; 0; 678.2; 
0; 0; 0; 0; 678.4; 
0; 0; 0; 0; 678.6; 
0; 0; 0; 0; 678.8; 
0; 0; 0; 0; 679; 
0; 0; 0; 0; 679.2; 
0; 0; 0; 0; 679.4; 
0; 0; 0; 0; 679.6; 
0; 0; 0; 0; 679.8; 
0; 0; 0; 0; 680; 
0; 0; 0; 0; 680.2; 
0; 0; 0; 0; 680.4; 
0; 0; 0; 0; 680.6; 
0; 0; 0; 0; 680.8; 
0; 0; 0; 0; 681; 
0; 0; 0; 0; 681.2; 
0; 0; 0; 0; 681.4; 
0; 0; 0; 0; 681.6; 
0; 0; 0; 0; 681.8; 
0; 0; 0; 0; 682; 
0; 0; 0; 0; 682.2; 
0; 0; 0; 0; 682.4; 
0; 0; 0; 0; 682.6; 
0; 0; 0; 0; 682.8; 
0; 0; 0; 0; 683; 
0; 0; 0; 0; 683.2; 
0; 0; 0; 0; 683.4; 
0; 0; 0; 0; 683.6; 
0; 0; 0; 0; 683.8; 
0; 0; 0; 0; 684; 
0; 0; 0; 0; 684.2; 
0; 0; 0; 0; 684.4; 
0; 0; 0; 0; 684.6; 
0; 0; 0; 0; 684.8; 
0; 0; 0; 0; 685; 
0; 0; 0; 0; 685.2; 
0; 0; 0; 0; 685.4; 
0; 0; 0; 0; 685.6; 
0; 0; 0; 0; 685.8; 
0; 0; 0; 0; 686; 
0; 0; 0; 0; 686.2; 
0; 0; 0; 0; 686.4; 
0; 0; 0; 0; 686.6; 
0; 0; 0; 0; 686.8; 
0; 0; 0; 0; 687; 
0; 0; 0; 0; 687.2; 
0; 0; 0; 0; 687.4; 
0; 0; 0; 0; 687.6; 
0; 0; 0; 0; 687.8; 
0; 0; 0; 0; 688; 
0; 0; 0; 0; 688.2; 
0; 0; 0; 0; 688.4; 
0; 0; 0; 0; 688.6; 
0; 0; 0; 0; 688.8; 
0; 0; 0; 0; 689; 
0; 0; 0; 0; 689.2; 
0; 0; 0; 0; 689.4; 
0; 0; 0; 0; 689.6; 
0; 0; 0; 0; 689.8; 
0; 0; 0; 0; 690; 
0; 0; 0; 0; 690.2; 
0; 0; 0; 0; 690.4; 
0; 0; 0; 0; 690.6; 
0; 0; 0; 0; 690.8; 
0; 0; 0; 0; 691; 
0; 0; 0; 0; 691.2; 
0; 0; 0; 0; 691.4; 
0; 0; 0; 0; 691.6; 
0; 0; 0; 0; 691.8; 
0; 0; 0; 0; 692; 
0; 0; 0; 0; 692.2; 
0; 0; 0; 0; 692.4; 
0; 0; 0; 0; 692.6; 
0; 0; 0; 0; 692.8; 
0; 0; 0; 0; 693; 
0; 0; 0; 0; 693.2; 
0; 0; 0; 0; 693.4; 
0; 0; 0; 0; 693.6; 
0; 0; 0; 0; 693.8; 
0; 0; 0; 0; 694; 
0; 0; 0; 0; 694.2; 
0; 0; 0; 0; 694.4; 
0; 0; 0; 0; 694.6; 
0; 0; 0; 0; 694.8; 
0; 0; 0; 0; 695; 
0; 0; 0; 0; 695.2; 
0; 0; 0; 0; 695.4; 
0; 0; 0; 0; 695.6; 
0; 0; 0; 0; 695.8; 
0; 0; 0; 0; 696; 
0; 0; 0; 0; 696.2; 
0; 0; 0; 0; 696.4; 
0; 0; 0; 0; 696.6; 
0; 0; 0; 0; 696.8; 
0; 0; 0; 0; 697; 
0; 0; 0; 0; 697.2; 
0; 0; 0; 0; 697.4; 
0; 0; 0; 0; 697.6; 
0; 0; 0; 0; 697.8; 
0; 0; 0; 0; 698; 
0; 0; 0; 0; 698.2; 
0; 0; 0; 0; 698.4; 
0; 0; 0; 0; 698.6; 
0; 0; 0; 0; 698.8; 
0; 0; 0; 0; 699; 
0; 0; 0; 0; 699.2; 
0; 0; 0; 0; 699.4; 
0; 0; 0; 0; 699.6; 
0; 0; 0; 0; 699.8; 
0; 0; 0; 0; 700; 
0; 0; 0; 0; 700.2; 
0; 0; 0; 0; 700.4; 
0; 0; 0; 0; 700.6; 
0; 0; 0; 0; 700.8; 
0; 0; 0; 0; 701; 
0; 0; 0; 0; 701.2; 
0; 0; 0; 0; 701.4; 
0; 0; 0; 0; 701.6; 
0; 0; 0; 0; 701.8; 
0; 0; 0; 0; 702; 
0; 0; 0; 0; 702.2; 
0; 0; 0; 0; 702.4; 
0; 0; 0; 0; 702.6; 
0; 0; 0; 0; 702.8; 
0; 0; 0; 0; 703; 
0; 0; 0; 0; 703.2; 
0; 0; 0; 0; 703.4; 
0; 0; 0; 0; 703.6; 
0; 0; 0; 0; 703.8; 
0; 0; 0; 0; 704; 
0; 0; 0; 0; 704.2; 
0; 0; 0; 0; 704.4; 
0; 0; 0; 0; 704.6; 
0; 0; 0; 0; 704.8; 
0; 0; 0; 0; 705; 
0; 0; 0; 0; 705.2; 
0; 0; 0; 0; 705.4; 
0; 0; 0; 0; 705.6; 
0; 0; 0; 0; 705.8; 
0; 0; 0; 0; 706; 
0; 0; 0; 0; 706.2; 
0; 0; 0; 0; 706.4; 
0; 0; 0; 0; 706.6; 
0; 0; 0; 0; 706.8; 
0; 0; 0; 0; 707; 
0; 0; 0; 0; 707.2; 
0; 0; 0; 0; 707.4; 
0; 0; 0; 0; 707.6; 
0; 0; 0; 0; 707.8; 
0; 0; 0; 0; 708; 
0; 0; 0; 0; 708.2; 
0; 0; 0; 0; 708.4; 
0; 0; 0; 0; 708.6; 
0; 0; 0; 0; 708.8; 
0; 0; 0; 0; 709; 
0; 0; 0; 0; 709.2; 
0; 0; 0; 0; 709.4; 
0; 0; 0; 0; 709.6; 
0; 0; 0; 0; 709.8; 
0; 0; 0; 0; 710; 
0; 0; 0; 0; 710.2; 
0; 0; 0; 0; 710.4; 
0; 0; 0; 0; 710.6; 
0; 0; 0; 0; 710.8; 
0; 0; 0; 0; 711; 
0; 0; 0; 0; 711.2; 
0; 0; 0; 0; 711.4; 
0; 0; 0; 0; 711.6; 
0; 0; 0; 0; 711.8; 
0; 0; 0; 0; 712; 
0; 0; 0; 0; 712.2; 
0; 0; 0; 0; 712.4; 
0; 0; 0; 0; 712.6; 
0; 0; 0; 0; 712.8; 
0; 0; 0; 0; 713; 
0; 0; 0; 0; 713.2; 
0; 0; 0; 0; 713.4; 
0; 0; 0; 0; 713.6; 
0; 0; 0; 0; 713.8; 
0; 0; 0; 0; 714; 
0; 0; 0; 0; 714.2; 
0; 0; 0; 0; 714.4; 
0; 0; 0; 0; 714.6; 
0; 0; 0; 0; 714.8; 
0; 0; 0; 0; 715; 
0; 0; 0; 0; 715.2; 
0; 0; 0; 0; 715.4; 
0; 0; 0; 0; 715.6; 
0; 0; 0; 0; 715.8; 
0; 0; 0; 0; 716; 
0; 0; 0; 0; 716.2; 
0; 0; 0; 0; 716.4; 
0; 0; 0; 0; 716.6; 
0; 0; 0; 0; 716.8; 
0; 0; 0; 0; 717; 
0; 0; 0; 0; 717.2; 
0; 0; 0; 0; 717.4; 
0; 0; 0; 0; 717.6; 
0; 0; 0; 0; 717.8; 
0; 0; 0; 0; 718; 
0; 0; 0; 0; 718.2; 
0; 0; 0; 0; 718.4; 
0; 0; 0; 0; 718.6; 
0; 0; 0; 0; 718.8; 
0; 0; 0; 0; 719; 
0; 0; 0; 0; 719.2; 
0; 0; 0; 0; 719.4; 
0; 0; 0; 0; 719.6; 
0; 0; 0; 0; 719.8; 
0; 0; 0; 0; 720; 
0; 0; 0; 0; 720.2; 
0; 0; 0; 0; 720.4; 
0; 0; 0; 0; 720.6; 
0; 0; 0; 0; 720.8; 
0; 0; 0; 0; 721; 
0; 0; 0; 0; 721.2; 
0; 0; 0; 0; 721.4; 
0; 0; 0; 0; 721.6; 
0; 0; 0; 0; 721.8; 
0; 0; 0; 0; 722; 
0; 0; 0; 0; 722.2; 
0; 0; 0; 0; 722.4; 
0; 0; 0; 0; 722.6; 
0; 0; 0; 0; 722.8; 
0; 0; 0; 0; 723; 
0; 0; 0; 0; 723.2; 
0; 0; 0; 0; 723.4; 
0; 0; 0; 0; 723.6; 
0; 0; 0; 0; 723.8; 
0; 0; 0; 0; 724; 
0; 0; 0; 0; 724.2; 
0; 0; 0; 0; 724.4; 
0; 0; 0; 0; 724.6; 
0; 0; 0; 0; 724.8; 
0; 0; 0; 0; 725; 
0; 0; 0; 0; 725.2; 
0; 0; 0; 0; 725.4; 
0; 0; 0; 0; 725.6; 
0; 0; 0; 0; 725.8; 
0; 0; 0; 0; 726; 
0; 0; 0; 0; 726.2; 
0; 0; 0; 0; 726.4; 
0; 0; 0; 0; 726.6; 
0; 0; 0; 0; 726.8; 
0; 0; 0; 0; 727; 
0; 0; 0; 0; 727.2; 
0; 0; 0; 0; 727.4; 
0; 0; 0; 0; 727.6; 
0; 0; 0; 0; 727.8; 
0; 0; 0; 0; 728; 
0; 0; 0; 0; 728.2; 
0; 0; 0; 0; 728.4; 
0; 0; 0; 0; 728.6; 
0; 0; 0; 0; 728.8; 
0; 0; 0; 0; 729; 
0; 0; 0; 0; 729.2; 
0; 0; 0; 0; 729.4; 
0; 0; 0; 0; 729.6; 
0; 0; 0; 0; 729.8; 
0; 0; 0; 0; 730; 
0; 0; 0; 0; 730.2; 
0; 0; 0; 0; 730.4; 
0; 0; 0; 0; 730.6; 
0; 0; 0; 0; 730.8; 
0; 0; 0; 0; 731; 
0; 0; 0; 0; 731.2; 
0; 0; 0; 0; 731.4; 
0; 0; 0; 0; 731.6; 
0; 0; 0; 0; 731.8; 
0; 0; 0; 0; 732; 
0; 0; 0; 0; 732.2; 
0; 0; 0; 0; 732.4; 
0; 0; 0; 0; 732.6; 
0; 0; 0; 0; 732.8; 
0; 0; 0; 0; 733; 
0; 0; 0; 0; 733.2; 
0; 0; 0; 0; 733.4; 
0; 0; 0; 0; 733.6; 
0; 0; 0; 0; 733.8; 
0; 0; 0; 0; 734; 
0; 0; 0; 0; 734.2; 
0; 0; 0; 0; 734.4; 
0; 0; 0; 0; 734.6; 
0; 0; 0; 0; 734.8; 
0; 0; 0; 0; 735; 
0; 0; 0; 0; 735.2; 
0; 0; 0; 0; 735.4; 
0; 0; 0; 0; 735.6; 
0; 0; 0; 0; 735.8; 
0; 0; 0; 0; 736; 
0; 0; 0; 0; 736.2; 
0; 0; 0; 0; 736.4; 
0; 0; 0; 0; 736.6; 
0; 0; 0; 0; 736.8; 
0; 0; 0; 0; 737; 
0; 0; 0; 0; 737.2; 
0; 0; 0; 0; 737.4; 
0; 0; 0; 0; 737.6; 
0; 0; 0; 0; 737.8; 
0; 0; 0; 0; 738; 
0; 0; 0; 0; 738.2; 
0; 0; 0; 0; 738.4; 
0; 0; 0; 0; 738.6; 
0; 0; 0; 0; 738.8; 
0; 0; 0; 0; 739; 
0; 0; 0; 0; 739.2; 
0; 0; 0; 0; 739.4; 
0; 0; 0; 0; 739.6; 
0; 0; 0; 0; 739.8; 
0; 0; 0; 0; 740; 
0; 0; 0; 0; 740.2; 
0; 0; 0; 0; 740.4; 
0; 0; 0; 0; 740.6; 
0; 0; 0; 0; 740.8; 
0; 0; 0; 0; 741; 
0; 0; 0; 0; 741.2; 
0; 0; 0; 0; 741.4; 
0; 0; 0; 0; 741.6; 
0; 0; 0; 0; 741.8; 
0; 0; 0; 0; 742; 
0; 0; 0; 0; 742.2; 
0; 0; 0; 0; 742.4; 
0; 0; 0; 0; 742.6; 
0; 0; 0; 0; 742.8; 
0; 0; 0; 0; 743; 
0; 0; 0; 0; 743.2; 
0; 0; 0; 0; 743.4; 
0; 0; 0; 0; 743.6; 
0; 0; 0; 0; 743.8; 
0; 0; 0; 0; 744; 
0; 0; 0; 0; 744.2; 
0; 0; 0; 0; 744.4; 
0; 0; 0; 0; 744.6; 
0; 0; 0; 0; 744.8; 
0; 0; 0; 0; 745; 
0; 0; 0; 0; 745.2; 
0; 0; 0; 0; 745.4; 
0; 0; 0; 0; 745.6; 
0; 0; 0; 0; 745.8; 
0; 0; 0; 0; 746; 
0; 0; 0; 0; 746.2; 
0; 0; 0; 0; 746.4; 
0; 0; 0; 0; 746.6; 
0; 0; 0; 0; 746.8; 
0; 0; 0; 0; 747; 
0; 0; 0; 0; 747.2; 
0; 0; 0; 0; 747.4; 
0; 0; 0; 0; 747.6; 
0; 0; 0; 0; 747.8; 
0; 0; 0; 0; 748; 
0; 0; 0; 0; 748.2; 
0; 0; 0; 0; 748.4; 
0; 0; 0; 0; 748.6; 
0; 0; 0; 0; 748.8; 
0; 0; 0; 0; 749; 
0; 0; 0; 0; 749.2; 
0; 0; 0; 0; 749.4; 
0; 0; 0; 0; 749.6; 
0; 0; 0; 0; 749.8; 
0; 0; 0; 0; 750; 
0; 0; 0; 0; 750.2; 
0; 0; 0; 0; 750.4; 
0; 0; 0; 0; 750.6; 
0; 0; 0; 0; 750.8; 
0; 0; 0; 0; 751; 
0; 0; 0; 0; 751.2; 
0; 0; 0; 0; 751.4; 
0; 0; 0; 0; 751.6; 
0; 0; 0; 0; 751.8; 
0; 0; 0; 0; 752; 
0; 0; 0; 0; 752.2; 
0; 0; 0; 0; 752.4; 
0; 0; 0; 0; 752.6; 
0; 0; 0; 0; 752.8; 
0; 0; 0; 0; 753; 
0; 0; 0; 0; 753.2; 
0; 0; 0; 0; 753.4; 
0; 0; 0; 0; 753.6; 
0; 0; 0; 0; 753.8; 
0; 0; 0; 0; 754; 
0; 0; 0; 0; 754.2; 
0; 0; 0; 0; 754.4; 
0; 0; 0; 0; 754.6; 
0; 0; 0; 0; 754.8; 
0; 0; 0; 0; 755; 
0; 0; 0; 0; 755.2; 
0; 0; 0; 0; 755.4; 
0; 0; 0; 0; 755.6; 
0; 0; 0; 0; 755.8; 
0; 0; 0; 0; 756; 
0; 0; 0; 0; 756.2; 
0; 0; 0; 0; 756.4; 
0; 0; 0; 0; 756.6; 
0; 0; 0; 0; 756.8; 
0; 0; 0; 0; 757; 
0; 0; 0; 0; 757.2; 
0; 0; 0; 0; 757.4; 
0; 0; 0; 0; 757.6; 
0; 0; 0; 0; 757.8; 
0; 0; 0; 0; 758; 
0; 0; 0; 0; 758.2; 
0; 0; 0; 0; 758.4; 
0; 0; 0; 0; 758.6; 
0; 0; 0; 0; 758.8; 
0; 0; 0; 0; 759; 
0; 0; 0; 0; 759.2; 
0; 0; 0; 0; 759.4; 
0; 0; 0; 0; 759.6; 
0; 0; 0; 0; 759.8; 
0; 0; 0; 0; 760; 
0; 0; 0; 0; 760.2; 
0; 0; 0; 0; 760.4; 
0; 0; 0; 0; 760.6; 
0; 0; 0; 0; 760.8; 
0; 0; 0; 0; 761; 
0; 0; 0; 0; 761.2; 
0; 0; 0; 0; 761.4; 
0; 0; 0; 0; 761.6; 
0; 0; 0; 0; 761.8; 
0; 0; 0; 0; 762; 
0; 0; 0; 0; 762.2; 
0; 0; 0; 0; 762.4; 
0; 0; 0; 0; 762.6; 
0; 0; 0; 0; 762.8; 
0; 0; 0; 0; 763; 
0; 0; 0; 0; 763.2; 
0; 0; 0; 0; 763.4; 
0; 0; 0; 0; 763.6; 
0; 0; 0; 0; 763.8; 
0; 0; 0; 0; 764; 
0; 0; 0; 0; 764.2; 
0; 0; 0; 0; 764.4; 
0; 0; 0; 0; 764.6; 
0; 0; 0; 0; 764.8; 
0; 0; 0; 0; 765; 
0; 0; 0; 0; 765.2; 
0; 0; 0; 0; 765.4; 
0; 0; 0; 0; 765.6; 
0; 0; 0; 0; 765.8; 
0; 0; 0; 0; 766; 
0; 0; 0; 0; 766.2; 
0; 0; 0; 0; 766.4; 
0; 0; 0; 0; 766.6; 
0; 0; 0; 0; 766.8; 
0; 0; 0; 0; 767; 
0; 0; 0; 0; 767.2; 
0; 0; 0; 0; 767.4; 
0; 0; 0; 0; 767.6; 
0; 0; 0; 0; 767.8; 
0; 0; 0; 0; 768; 
0; 0; 0; 0; 768.2; 
0; 0; 0; 0; 768.4; 
0; 0; 0; 0; 768.6; 
0; 0; 0; 0; 768.8; 
0; 0; 0; 0; 769; 
0; 0; 0; 0; 769.2; 
0; 0; 0; 0; 769.4; 
0; 0; 0; 0; 769.6; 
0; 0; 0; 0; 769.8; 
0; 0; 0; 0; 770; 
0; 0; 0; 0; 770.2; 
0; 0; 0; 0; 770.4; 
0; 0; 0; 0; 770.6; 
0; 0; 0; 0; 770.8; 
0; 0; 0; 0; 771; 
0; 0; 0; 0; 771.2; 
0; 0; 0; 0; 771.4; 
0; 0; 0; 0; 771.6; 
0; 0; 0; 0; 771.8; 
0; 0; 0; 0; 772; 
0; 0; 0; 0; 772.2; 
0; 0; 0; 0; 772.4; 
0; 0; 0; 0; 772.6; 
0; 0; 0; 0; 772.8; 
0; 0; 0; 0; 773; 
0; 0; 0; 0; 773.2; 
0; 0; 0; 0; 773.4; 
0; 0; 0; 0; 773.6; 
0; 0; 0; 0; 773.8; 
0; 0; 0; 0; 774; 
0; 0; 0; 0; 774.2; 
0; 0; 0; 0; 774.4; 
0; 0; 0; 0; 774.6; 
0; 0; 0; 0; 774.8; 
0; 0; 0; 0; 775; 
0; 0; 0; 0; 775.2; 
0; 0; 0; 0; 775.4; 
0; 0; 0; 0; 775.6; 
0; 0; 0; 0; 775.8; 
0; 0; 0; 0; 776; 
0; 0; 0; 0; 776.2; 
0; 0; 0; 0; 776.4; 
0; 0; 0; 0; 776.6; 
0; 0; 0; 0; 776.8; 
0; 0; 0; 0; 777; 
0; 0; 0; 0; 777.2; 
0; 0; 0; 0; 777.4; 
0; 0; 0; 0; 777.6; 
0; 0; 0; 0; 777.8; 
0; 0; 0; 0; 778; 
0; 0; 0; 0; 778.2; 
0; 0; 0; 0; 778.4; 
0; 0; 0; 0; 778.6; 
0; 0; 0; 0; 778.8; 
0; 0; 0; 0; 779; 
0; 0; 0; 0; 779.2; 
0; 0; 0; 0; 779.4; 
0; 0; 0; 0; 779.6; 
0; 0; 0; 0; 779.8; 
0; 0; 0; 0; 780; 
0; 0; 0; 0; 780.2; 
0; 0; 0; 0; 780.4; 
0; 0; 0; 0; 780.6; 
0; 0; 0; 0; 780.8; 
0; 0; 0; 0; 781; 
0; 0; 0; 0; 781.2; 
0; 0; 0; 0; 781.4; 
0; 0; 0; 0; 781.6; 
0; 0; 0; 0; 781.8; 
0; 0; 0; 0; 782; 
0; 0; 0; 0; 782.2; 
0; 0; 0; 0; 782.4; 
0; 0; 0; 0; 782.6; 
0; 0; 0; 0; 782.8; 
0; 0; 0; 0; 783; 
0; 0; 0; 0; 783.2; 
0; 0; 0; 0; 783.4; 
0; 0; 0; 0; 783.6; 
0; 0; 0; 0; 783.8; 
0; 0; 0; 0; 784; 
0; 0; 0; 0; 784.2; 
0; 0; 0; 0; 784.4; 
0; 0; 0; 0; 784.6; 
0; 0; 0; 0; 784.8; 
0; 0; 0; 0; 785; 
0; 0; 0; 0; 785.2; 
0; 0; 0; 0; 785.4; 
0; 0; 0; 0; 785.6; 
0; 0; 0; 0; 785.8; 
0; 0; 0; 0; 786; 
0; 0; 0; 0; 786.2; 
0; 0; 0; 0; 786.4; 
0; 0; 0; 0; 786.6; 
0; 0; 0; 0; 786.8; 
0; 0; 0; 0; 787; 
0; 0; 0; 0; 787.2; 
0; 0; 0; 0; 787.4; 
0; 0; 0; 0; 787.6; 
0; 0; 0; 0; 787.8; 
0; 0; 0; 0; 788; 
0; 0; 0; 0; 788.2; 
0; 0; 0; 0; 788.4; 
0; 0; 0; 0; 788.6; 
0; 0; 0; 0; 788.8; 
0; 0; 0; 0; 789; 
0; 0; 0; 0; 789.2; 
0; 0; 0; 0; 789.4; 
0; 0; 0; 0; 789.6; 
0; 0; 0; 0; 789.8; 
0; 0; 0; 0; 790; 
0; 0; 0; 0; 790.2; 
0; 0; 0; 0; 790.4; 
0; 0; 0; 0; 790.6; 
0; 0; 0; 0; 790.8; 
0; 0; 0; 0; 791; 
0; 0; 0; 0; 791.2; 
0; 0; 0; 0; 791.4; 
0; 0; 0; 0; 791.6; 
0; 0; 0; 0; 791.8; 
0; 0; 0; 0; 792; 
0; 0; 0; 0; 792.2; 
0; 0; 0; 0; 792.4; 
0; 0; 0; 0; 792.6; 
0; 0; 0; 0; 792.8; 
0; 0; 0; 0; 793; 
0; 0; 0; 0; 793.2; 
0; 0; 0; 0; 793.4; 
0; 0; 0; 0; 793.6; 
0; 0; 0; 0; 793.8; 
0; 0; 0; 0; 794; 
0; 0; 0; 0; 794.2; 
0; 0; 0; 0; 794.4; 
0; 0; 0; 0; 794.6; 
0; 0; 0; 0; 794.8; 
0; 0; 0; 0; 795; 
0; 0; 0; 0; 795.2; 
0; 0; 0; 0; 795.4; 
0; 0; 0; 0; 795.6; 
0; 0; 0; 0; 795.8; 
0; 0; 0; 0; 796; 
0; 0; 0; 0; 796.2; 
0; 0; 0; 0; 796.4; 
0; 0; 0; 0; 796.6; 
0; 0; 0; 0; 796.8; 
0; 0; 0; 0; 797; 
0; 0; 0; 0; 797.2; 
0; 0; 0; 0; 797.4; 
0; 0; 0; 0; 797.6; 
0; 0; 0; 0; 797.8; 
0; 0; 0; 0; 798; 
0; 0; 0; 0; 798.2; 
0; 0; 0; 0; 798.4; 
0; 0; 0; 0; 798.6; 
0; 0; 0; 0; 798.8; 
0; 0; 0; 0; 799; 
0; 0; 0; 0; 799.2; 
0; 0; 0; 0; 799.4; 
0; 0; 0; 0; 799.6; 
0; 0; 0; 0; 799.8; 
0; 0; 0; 0; 800; 
0; 0; 0; 0; 800.2; 
0; 0; 0; 0; 800.4; 
0; 0; 0; 0; 800.6; 
0; 0; 0; 0; 800.8; 
0; 0; 0; 0; 801; 
0; 0; 0; 0; 801.2; 
0; 0; 0; 0; 801.4; 
0; 0; 0; 0; 801.6; 
0; 0; 0; 0; 801.8; 
0; 0; 0; 0; 802; 
0; 0; 0; 0; 802.2; 
0; 0; 0; 0; 802.4; 
0; 0; 0; 0; 802.6; 
0; 0; 0; 0; 802.8; 
0; 0; 0; 0; 803; 
0; 0; 0; 0; 803.2; 
0; 0; 0; 0; 803.4; 
0; 0; 0; 0; 803.6; 
0; 0; 0; 0; 803.8; 
0; 0; 0; 0; 804; 
0; 0; 0; 0; 804.2; 
0; 0; 0; 0; 804.4; 
0; 0; 0; 0; 804.6; 
0; 0; 0; 0; 804.8; 
0; 0; 0; 0; 805; 
0; 0; 0; 0; 805.2; 
0; 0; 0; 0; 805.4; 
0; 0; 0; 0; 805.6; 
0; 0; 0; 0; 805.8; 
0; 0; 0; 0; 806; 
0; 0; 0; 0; 806.2; 
0; 0; 0; 0; 806.4; 
0; 0; 0; 0; 806.6; 
0; 0; 0; 0; 806.8; 
0; 0; 0; 0; 807; 
0; 0; 0; 0; 807.2; 
0; 0; 0; 0; 807.4; 
0; 0; 0; 0; 807.6; 
0; 0; 0; 0; 807.8; 
0; 0; 0; 0; 808; 
0; 0; 0; 0; 808.2; 
0; 0; 0; 0; 808.4; 
0; 0; 0; 0; 808.6; 
0; 0; 0; 0; 808.8; 
0; 0; 0; 0; 809; 
0; 0; 0; 0; 809.2; 
0; 0; 0; 0; 809.4; 
0; 0; 0; 0; 809.6; 
0; 0; 0; 0; 809.8; 
0; 0; 0; 0; 810; 
0; 0; 0; 0; 810.2; 
0; 0; 0; 0; 810.4; 
0; 0; 0; 0; 810.6; 
0; 0; 0; 0; 810.8; 
0; 0; 0; 0; 811; 
0; 0; 0; 0; 811.2; 
0; 0; 0; 0; 811.4; 
0; 0; 0; 0; 811.6; 
0; 0; 0; 0; 811.8; 
0; 0; 0; 0; 812; 
0; 0; 0; 0; 812.2; 
0; 0; 0; 0; 812.4; 
0; 0; 0; 0; 812.6; 
0; 0; 0; 0; 812.8; 
0; 0; 0; 0; 813; 
0; 0; 0; 0; 813.2; 
0; 0; 0; 0; 813.4; 
0; 0; 0; 0; 813.6; 
0; 0; 0; 0; 813.8; 
0; 0; 0; 0; 814; 
0; 0; 0; 0; 814.2; 
0; 0; 0; 0; 814.4; 
0; 0; 0; 0; 814.6; 
0; 0; 0; 0; 814.8; 
0; 0; 0; 0; 815; 
0; 0; 0; 0; 815.2; 
0; 0; 0; 0; 815.4; 
0; 0; 0; 0; 815.6; 
0; 0; 0; 0; 815.8; 
0; 0; 0; 0; 816; 
0; 0; 0; 0; 816.2; 
0; 0; 0; 0; 816.4; 
0; 0; 0; 0; 816.6; 
0; 0; 0; 0; 816.8; 
0; 0; 0; 0; 817; 
0; 0; 0; 0; 817.2; 
0; 0; 0; 0; 817.4; 
0; 0; 0; 0; 817.6; 
0; 0; 0; 0; 817.8; 
0; 0; 0; 0; 818; 
0; 0; 0; 0; 818.2; 
0; 0; 0; 0; 818.4; 
0; 0; 0; 0; 818.6; 
0; 0; 0; 0; 818.8; 
0; 0; 0; 0; 819; 
0; 0; 0; 0; 819.2; 
0; 0; 0; 0; 819.4; 
0; 0; 0; 0; 819.6; 
0; 0; 0; 0; 819.8; 
0; 0; 0; 0; 820; 
0; 0; 0; 0; 820.2; 
0; 0; 0; 0; 820.4; 
0; 0; 0; 0; 820.6; 
0; 0; 0; 0; 820.8; 
0; 0; 0; 0; 821; 
0; 0; 0; 0; 821.2; 
0; 0; 0; 0; 821.4; 
0; 0; 0; 0; 821.6; 
0; 0; 0; 0; 821.8; 
0; 0; 0; 0; 822; 
0; 0; 0; 0; 822.2; 
0; 0; 0; 0; 822.4; 
0; 0; 0; 0; 822.6; 
0; 0; 0; 0; 822.8; 
0; 0; 0; 0; 823; 
0; 0; 0; 0; 823.2; 
0; 0; 0; 0; 823.4; 
0; 0; 0; 0; 823.6; 
0; 0; 0; 0; 823.8; 
0; 0; 0; 0; 824; 
0; 0; 0; 0; 824.2; 
