925; 0; 0; 170; 0; 
925; 0; 0; 170; 0.2; 
925; 0; 0; 170; 0.4; 
925; 0; 0; 170; 0.6; 
925; 0; 0; 170; 0.8; 
925; 0; 0; 170; 1; 
925; 0; 0; 170; 1.2; 
925; 0; 0; 170; 1.4; 
925; 0; 0; 170; 1.6; 
925; 0; 0; 170; 1.8; 
925; 0; 0; 170; 2; 
925; 0; 0; 170; 2.2; 
925; 0; 0; 170; 2.4; 
925; 0; 0; 170; 2.6; 
925; 0; 0; 170; 2.8; 
925; 0; 0; 170; 3; 
925; 0; 0; 170; 3.2; 
925; 0; 0; 170; 3.4; 
925; 0; 0; 170; 3.6; 
925; 0; 0; 170; 3.8; 
925; 0; 0; 170; 4; 
925; 0; 0; 170; 4.2; 
925; 0; 0; 170; 4.4; 
925; 0; 0; 170; 4.6; 
925; 0; 0; 170; 4.8; 
925; 0; 0; 170; 5; 
925; 0; 0; 170; 5.2; 
925; 0; 0; 170; 5.4; 
925; 0; 0; 170; 5.6; 
925; 0; 0; 170; 5.8; 
925; 0; 0; 170; 6; 
925; 0; 0; 170; 6.2; 
925; 0; 0; 170; 6.4; 
925; 0; 0; 170; 6.6; 
925; 0; 0; 170; 6.8; 
925; 0; 0; 170; 7; 
925; 0; 0; 170; 7.2; 
925; 0; 0; 170; 7.4; 
925; 0; 0; 170; 7.6; 
925; 0; 0; 170; 7.8; 
925; 0; 0; 170; 8; 
925; 0; 0; 170; 8.2; 
925; 0; 0; 170; 8.4; 
925; 0; 0; 170; 8.6; 
925; 0; 0; 170; 8.8; 
925; 0; 0; 170; 9; 
925; 0; 0; 170; 9.2; 
925; 0; 0; 170; 9.4; 
925; 0; 0; 170; 9.6; 
925; 0; 0; 170; 9.8; 
925; 0; 0; 170; 10; 
925; 0; 0; 170; 10.2; 
925; 0; 0; 170; 10.4; 
925; 0; 0; 170; 10.6; 
925; 0; 0; 170; 10.8; 
925; 0; 0; 170; 11; 
925; 0; 0; 170; 11.2; 
925; 0; 0; 170; 11.4; 
925; 0; 0; 170; 11.6; 
925; 0; 0; 170; 11.8; 
925; 0; 0; 170; 12; 
925; 0; 0; 170; 12.2; 
925; 0; 0; 170; 12.4; 
925; 0; 0; 170; 12.6; 
925; 0; 0; 170; 12.8; 
925; 0; 0; 170; 13; 
925; 0; 0; 170; 13.2; 
925; 0; 0; 170; 13.4; 
925; 0; 0; 170; 13.6; 
925; 0; 0; 170; 13.8; 
925; 0; 0; 170; 14; 
925; 0; 0; 170; 14.2; 
925; 0; 0; 170; 14.4; 
925; 0; 0; 170; 14.6; 
925; 0; 0; 170; 14.8; 
925; 0; 0; 170; 15; 
925; 0; 0; 170; 15.2; 
925; 0; 0; 170; 15.4; 
925; 0; 1334.7826; 170; 15.6; 
925; 0; 1334.7826; 170; 15.8; 
925; 0; 1334.7826; 170; 16; 
925; 0; 1334.7826; 170; 16.2; 
925; 0; 1334.7826; 170; 16.4; 
925; 0; 1334.7826; 170; 16.6; 
925; 0; 1334.7826; 170; 16.8; 
925; 0; 1334.7826; 170; 17; 
925; 0; 1334.7826; 170; 17.2; 
925; 0; 1334.7826; 170; 17.4; 
925; 0; 1334.7826; 170; 17.6; 
925; 0; 1334.7826; 170; 17.8; 
925; 0; 1334.7826; 170; 18; 
925; 0; 1334.7826; 170; 18.2; 
925; 0; 1334.7826; 170; 18.4; 
925; 0; 1334.7826; 170; 18.6; 
925; 0; 1350.6868; 170; 18.8; 
925; 0; 1369.2977; 170; 19; 
925; 0; 1387.9088; 170; 19.2; 
925; 0; 1406.5199; 170; 19.4; 
925; 0; 1425.7859; 170; 19.6; 
925; 0; 1446.5577; 170; 19.8; 
925; 0; 1467.3295; 170; 20; 
925; 0; 1488.1013; 170; 20.2; 
925; 0; 1508.873; 170; 20.4; 
925; 0; 1529.6448; 170; 20.6; 
925; 0; 1550.4166; 170; 20.8; 
925; 0; 1571.1884; 170; 21; 
925; 0; 1591.9602; 170; 21.2; 
925; 0; 1612.7319; 170; 21.4; 
925; 0; 1633.5038; 170; 21.6; 
925; 0; 1654.2755; 170; 21.8; 
925; 0; 1677.0635; 170; 22; 
925; 0; 1700.5731; 170; 22.2; 
925; 0; 1724.0828; 170; 22.4; 
925; 0; 1747.5923; 170; 22.6; 
925; 0; 1771.1019; 170; 22.8; 
925; 0; 1794.6116; 170; 23; 
925; 0; 1818.1212; 170; 23.2; 
925; 0; 1841.6309; 170; 23.4; 
925; 0; 1865.1405; 170; 23.6; 
925; 0; 1888.6501; 170; 23.8; 
925; 0; 1912.1598; 170; 24; 
925; 0; 1935.9945; 170; 24.2; 
925; 0; 1961.3331; 170; 24.4; 
925; 0; 1986.6718; 170; 24.6; 
925; 0; 2012.0104; 170; 24.8; 
925; 0; 2037.349; 170; 25; 
925; 0; 2062.6875; 170; 25.2; 
925; 0; 2088.0261; 170; 25.4; 
925; 0; 2113.3647; 170; 25.6; 
925; 0; 2138.7034; 170; 25.8; 
925; 0; 2164.042; 170; 26; 
925; 0; 2189.3806; 170; 26.2; 
925; 0; 2214.7192; 170; 26.4; 
925; 0; 2242.3062; 170; 26.6; 
925; 0; 2271.311; 170; 26.8; 
925; 0; 2299.5527; 170; 27; 
925; 0; 2325.7339; 170; 27.2; 
925; 0; 2349.1494; 170; 27.4; 
925; 0; 2369.5459; 170; 27.6; 
925; 0; 2386.9524; 170; 27.8; 
925; 0; 2401.5618; 170; 28; 
925; 0; 2413.6543; 170; 28.2; 
925; 0; 2423.5437; 170; 28.4; 
925; 0; 2431.5459; 170; 28.6; 
925; 0; 2437.9595; 170; 28.8; 
925; 0; 2443.0544; 170; 29; 
925; 0; 2447.0688; 170; 29.2; 
925; 0; 2450.2068; 170; 29.4; 
925; 0; 2452.6411; 170; 29.6; 
925; 0; 2454.5156; 170; 29.8; 
925; 0; 2455.948; 170; 30; 
925; 0; 2457.0347; 170; 30.2; 
925; 0; 2457.8523; 170; 30.4; 
925; 0; 2458.4629; 170; 30.6; 
925; 0; 2458.9148; 170; 30.8; 
925; 0; 2459.2461; 170; 31; 
925; 0; 2459.4866; 170; 31.2; 
925; 0; 2459.6592; 170; 31.4; 
925; 0; 2459.7813; 170; 31.6; 
925; 0; 2459.8665; 170; 31.8; 
925; 0; 2459.9248; 170; 32; 
925; 0; 2459.9636; 170; 32.2; 
925; 0; 2459.9888; 170; 32.4; 
925; 0; 2460.0044; 170; 32.6; 
925; 0; 2460.0132; 170; 32.8; 
925; 0; 2460.0178; 170; 33; 
925; 0; 2460.0193; 170; 33.2; 
925; 0; 2460.0193; 170; 33.4; 
925; 0; 2460.0181; 170; 33.6; 
925; 0; 2460.0161; 170; 33.8; 
925.3199; 0.017282; 2429.6824; 170; 34; 
926.821; 0.041668; 2387.6218; 170; 34.2; 
929.5447; 0.065879; 2348.8042; 170; 34.4; 
933.5117; 0.092012; 2310.95; 170; 34.6; 
938.8418; 0.11855; 2284.6462; 170; 34.8; 
945.4763; 0.14426; 2273.126; 170; 35; 
953.4063; 0.17072; 2262.0144; 170; 35.2; 
962.6774; 0.19804; 2249.937; 170; 35.4; 
973.1845; 0.22101; 2249.5764; 170; 35.6; 
984.5716; 0.23634; 2263.1763; 170; 35.8; 
996.4159; 0.24502; 2286.0251; 170; 36; 
1008.3961; 0.24738; 2316.8784; 170; 36.2; 
1020.1698; 0.24543; 2352.967; 170; 36.4; 
1031.6672; 0.24357; 2388.7986; 170; 36.6; 
1042.9022; 0.24218; 2423.9519; 170; 36.8; 
1053.8907; 0.24092; 2458.8354; 170; 37; 
1064.627; 0.23978; 2493.4871; 170; 37.2; 
1075.0996; 0.23876; 2527.9158; 170; 37.4; 
1085.2959; 0.23785; 2562.1313; 170; 37.6; 
1095.2031; 0.23708; 2596.1433; 170; 37.8; 
1104.811; 0.23644; 2632.4966; 170; 38; 
1114.1069; 0.23592; 2670.8865; 170; 38.2; 
1123.0961; 0.23557; 2709.0576; 170; 38.4; 
1131.8083; 0.23536; 2747.0374; 170; 38.6; 
1140.2695; 0.23529; 2784.8518; 170; 38.8; 
1148.4983; 0.23533; 2822.5166; 170; 39; 
1156.5068; 0.2355; 2860.0422; 170; 39.2; 
1164.3022; 0.23578; 2897.4365; 170; 39.4; 
1171.8887; 0.23617; 2934.7078; 170; 39.6; 
1179.2679; 0.23669; 2971.864; 170; 39.8; 
1186.4408; 0.23732; 3008.9133; 170; 40; 
1193.4073; 0.23808; 3046.1829; 170; 40.2; 
1200.1676; 0.23896; 3084.1143; 170; 40.4; 
1206.7212; 0.23996; 3121.9331; 170; 40.6; 
1213.0674; 0.24108; 3159.6438; 170; 40.8; 
1219.2061; 0.24233; 3197.2517; 170; 41; 
1225.1365; 0.2437; 3234.7617; 170; 41.2; 
1230.8579; 0.2452; 3272.1792; 170; 41.4; 
1236.3695; 0.24681; 3309.5103; 170; 41.6; 
1241.6702; 0.24855; 3346.7603; 170; 41.8; 
1246.7589; 0.2504; 3348.4424; 170; 42; 
1251.6339; 0.25232; 3345.7888; 170; 42.2; 
1256.2932; 0.25431; 3343.1292; 170; 42.4; 
1260.7346; 0.25638; 3340.4648; 170; 42.6; 
1264.9558; 0.25852; 3337.7971; 170; 42.8; 
1268.9547; 0.26073; 3335.1272; 170; 43; 
1272.7295; 0.26302; 3332.4568; 170; 43.2; 
1276.278; 0.26538; 3329.7869; 170; 43.4; 
1279.598; 0.2678; 3327.1191; 170; 43.6; 
1282.6875; 0.2703; 3324.4551; 170; 43.8; 
1285.5444; 0.27287; 3321.7959; 170; 44; 
1288.1669; 0.27551; 3319.1433; 170; 44.2; 
1290.5524; 0.27821; 3316.4988; 170; 44.4; 
1292.6995; 0.28098; 3313.864; 170; 44.6; 
1294.6056; 0.28381; 3311.2402; 170; 44.8; 
1296.2689; 0.28671; 3308.6289; 170; 45; 
1297.6871; 0.28967; 3306.0315; 170; 45.2; 
1298.8582; 0.29269; 3303.4497; 170; 45.4; 
1299.7798; 0.29577; 3300.8848; 170; 45.6; 
1300.45; 0.29891; 3298.3379; 170; 45.8; 
1300.8666; 0.30211; 3296.5227; 170; 46; 
1301.0273; 0.30537; 3295.125; 170; 46.2; 
1300.9304; 0.30868; 3293.77; 170; 46.4; 
1300.573; 0.31205; 3292.4602; 170; 46.6; 
1299.946; 0.31547; 3291.2031; 170; 46.8; 
1299.0601; 0.31891; 3289.9995; 170; 47; 
1297.9701; 0.32236; 3288.8496; 170; 47.2; 
1296.7505; 0.32577; 3287.7515; 170; 47.4; 
1295.4739; 0.32912; 3286.7004; 170; 47.6; 
1294.2039; 0.33239; 3285.6895; 170; 47.8; 
1292.9924; 0.33556; 3284.7114; 170; 48; 
1291.8849; 0.33862; 3283.7573; 170; 48.2; 
1290.9181; 0.34159; 3282.8157; 170; 48.4; 
1290.1185; 0.34448; 3281.8745; 170; 48.6; 
1289.5018; 0.34731; 3280.9236; 170; 48.8; 
1289.0748; 0.35009; 3279.9553; 170; 49; 
1288.8357; 0.35283; 3278.9636; 170; 49.2; 
1288.7749; 0.35556; 3277.9453; 170; 49.4; 
1288.877; 0.35827; 3276.9006; 170; 49.6; 
1289.1246; 0.36098; 3275.8315; 170; 49.8; 
1289.4954; 0.3637; 3274.74; 170; 50; 
1289.9613; 0.36642; 3273.6301; 170; 50.2; 
1290.4954; 0.36914; 3272.5083; 170; 50.4; 
1291.072; 0.37187; 3271.3792; 170; 50.6; 
1291.6644; 0.37461; 3270.2478; 170; 50.8; 
1292.2498; 0.37737; 3269.1194; 170; 51; 
1292.8107; 0.38013; 3267.9973; 170; 51.2; 
1293.3302; 0.3829; 3266.8853; 170; 51.4; 
1293.7958; 0.38568; 3265.7861; 170; 51.6; 
1294.1993; 0.38847; 3264.7024; 170; 51.8; 
1294.5372; 0.39126; 3263.6355; 170; 52; 
1294.8109; 0.39405; 3262.5867; 170; 52.2; 
1295.0264; 0.39684; 3261.5554; 170; 52.4; 
1295.1919; 0.39962; 3260.5415; 170; 52.6; 
1295.3184; 0.40239; 3260.2791; 170; 52.8; 
1295.4192; 0.40515; 3260.1497; 170; 53; 
1295.5067; 0.40789; 3260.0293; 170; 53.2; 
1295.593; 0.41061; 3259.9153; 170; 53.4; 
1295.688; 0.41332; 3259.8054; 170; 53.6; 
1295.804; 0.416; 3259.697; 170; 53.8; 
1295.9501; 0.41866; 3259.5876; 170; 54; 
1296.1267; 0.42131; 3259.4771; 170; 54.2; 
1296.3339; 0.42395; 3259.3652; 170; 54.4; 
1296.5753; 0.42657; 3259.2512; 170; 54.6; 
1296.8525; 0.42917; 3259.1343; 170; 54.8; 
1297.1582; 0.43177; 3259.0159; 170; 55; 
1297.4811; 0.43436; 3258.8984; 170; 55.2; 
1297.8134; 0.43695; 3258.7832; 170; 55.4; 
1298.1494; 0.43953; 3258.6716; 170; 55.6; 
1298.4846; 0.4421; 3258.5642; 170; 55.8; 
1298.8185; 0.44466; 3258.4612; 170; 56; 
1299.1509; 0.44722; 3258.3625; 170; 56.2; 
1299.4763; 0.44977; 3258.2693; 170; 56.4; 
1299.7906; 0.45232; 3258.1821; 170; 56.6; 
1300.0905; 0.45486; 3258.1016; 170; 56.8; 
1300.3788; 0.45739; 3258.0271; 170; 57; 
1300.6591; 0.45992; 3257.9578; 170; 57.2; 
1300.9296; 0.46243; 3257.8938; 170; 57.4; 
1301.1895; 0.46494; 3257.8354; 170; 57.6; 
1301.4377; 0.46745; 3257.7827; 170; 57.8; 
1301.6726; 0.46994; 3257.7358; 170; 58; 
1301.8926; 0.47243; 3257.6951; 170; 58.2; 
1302.0985; 0.47491; 3257.6599; 170; 58.4; 
1302.2896; 0.47739; 3257.6309; 170; 58.6; 
1302.4637; 0.47986; 3257.6079; 170; 58.8; 
1302.616; 0.48233; 3257.5923; 170; 59; 
1302.7463; 0.48479; 3257.5835; 170; 59.2; 
1302.856; 0.48725; 3257.5818; 170; 59.4; 
1302.9452; 0.48969; 3257.5864; 170; 59.6; 
1303.0153; 0.49212; 3257.5969; 170; 59.8; 
1303.097; 0.49451; 3257.6069; 170; 60; 
1303.255; 0.49684; 3257.6025; 170; 60.2; 
1303.548; 0.4991; 3257.571; 170; 60.4; 
1304.0222; 0.50129; 3257.8472; 170; 60.6; 
1304.7238; 0.50341; 3258.3022; 170; 60.8; 
1305.6892; 0.50544; 3258.6833; 170; 61; 
1306.9476; 0.50741; 3258.9854; 170; 61.2; 
1308.5211; 0.50932; 3259.2095; 170; 61.4; 
1310.3884; 0.51123; 3259.374; 170; 61.6; 
1312.4722; 0.51317; 3259.5039; 170; 61.8; 
1314.6783; 0.51514; 3259.6208; 170; 62; 
1316.9177; 0.51715; 3259.7427; 170; 62.2; 
1319.1091; 0.51918; 3259.8857; 170; 62.4; 
1321.1892; 0.52125; 3260.0625; 170; 62.6; 
1323.1163; 0.52333; 3260.2808; 170; 62.8; 
1324.8708; 0.52544; 3260.5435; 170; 63; 
1326.4508; 0.52756; 3260.8501; 170; 63.2; 
1327.8727; 0.5297; 3261.1956; 170; 63.4; 
1329.1635; 0.53184; 3261.5723; 170; 63.6; 
1330.349; 0.53398; 3261.9731; 170; 63.8; 
1331.4493; 0.53611; 3262.3936; 170; 64; 
1332.4846; 0.53825; 3262.8284; 170; 64.2; 
1333.4738; 0.54037; 3263.2739; 170; 64.4; 
1334.4236; 0.5425; 3260.3765; 170; 64.6; 
1335.338; 0.54461; 3251.1372; 170; 64.8; 
1336.2197; 0.5467; 3236.012; 170; 65; 
1337.0594; 0.54878; 3215.4409; 170; 65.2; 
1337.8416; 0.55083; 3190.0139; 170; 65.4; 
1338.5575; 0.55285; 3160.4258; 170; 65.6; 
1339.2109; 0.55483; 3127.3203; 170; 65.8; 
1339.8; 0.55677; 3091.2859; 170; 66; 
1340.3203; 0.55867; 3052.8325; 170; 66.2; 
1340.7771; 0.56052; 3012.4768; 170; 66.4; 
1341.1777; 0.56232; 2970.7261; 170; 66.6; 
1341.5288; 0.56407; 2927.9954; 170; 66.8; 
1341.8324; 0.56577; 2885.0039; 170; 67; 
1342.0956; 0.56741; 2841.9536; 170; 67.2; 
1342.3296; 0.56899; 2798.8518; 170; 67.4; 
1342.5498; 0.57051; 2754.7415; 170; 67.6; 
1342.7651; 0.57197; 2710.3386; 170; 67.8; 
1342.9769; 0.57337; 2666.1821; 170; 68; 
1343.1805; 0.57471; 2622.4846; 170; 68.2; 
1343.3701; 0.57601; 2579.4031; 170; 68.4; 
1343.5371; 0.57725; 2537.145; 170; 68.6; 
1343.6819; 0.57844; 2495.761; 170; 68.8; 
1343.803; 0.57958; 2455.1409; 170; 69; 
1343.8915; 0.58067; 2415.2585; 170; 69.2; 
1343.9438; 0.58172; 2376.1113; 170; 69.4; 
1343.9652; 0.58271; 2337.6875; 170; 69.6; 
1343.9617; 0.58366; 2300.0005; 170; 69.8; 
1343.9458; 0.58456; 2264.3779; 170; 70; 
1343.9358; 0.58541; 2230.7397; 170; 70.2; 
1343.9401; 0.58621; 2197.8157; 170; 70.4; 
1343.9567; 0.58696; 2165.8599; 170; 70.6; 
1343.9832; 0.58768; 2135.0024; 170; 70.8; 
1344.0244; 0.58835; 2105.1487; 170; 71; 
1344.0898; 0.58898; 2076.241; 170; 71.2; 
1344.1794; 0.58957; 2048.2488; 170; 71.4; 
1344.2867; 0.59012; 2021.1899; 170; 71.6; 
1344.4005; 0.59065; 1995.0427; 170; 71.8; 
1344.5084; 0.59114; 1969.7788; 170; 72; 
1344.6104; 0.5916; 1945.4165; 170; 72.2; 
1344.7168; 0.59203; 1921.9407; 170; 72.4; 
1344.8313; 0.59243; 1899.1558; 170; 72.6; 
1344.9503; 0.5928; 1876.8737; 170; 72.8; 
1345.0709; 0.59314; 1855.022; 170; 73; 
1345.201; 0.59344; 1833.5739; 170; 73.2; 
1345.35; 0.59372; 1812.5632; 170; 73.4; 
1345.5186; 0.59397; 1792.0574; 170; 73.6; 
1345.701; 0.5942; 1775.6857; 170; 73.8; 
1345.8894; 0.59441; 1759.9546; 170; 74; 
1346.0736; 0.59461; 1744.7399; 170; 74.2; 
1346.2395; 0.59479; 1730.0679; 170; 74.4; 
1346.3796; 0.59496; 1716.1906; 170; 74.6; 
1346.4955; 0.59511; 1703.2048; 170; 74.8; 
1346.5966; 0.59525; 1690.9242; 170; 75; 
1346.6925; 0.59537; 1679.196; 170; 75.2; 
1346.7869; 0.59548; 1667.9309; 170; 75.4; 
1346.8818; 0.59557; 1657.1072; 170; 75.6; 
1346.9825; 0.59564; 1646.7144; 170; 75.8; 
1347.0917; 0.5957; 1636.7534; 170; 76; 
1347.2172; 0.59575; 1627.2267; 170; 76.2; 
1347.3644; 0.59578; 1618.1101; 170; 76.4; 
1347.5303; 0.5958; 1609.4276; 170; 76.6; 
1347.7052; 0.59581; 1601.1912; 170; 76.8; 
1347.8851; 0.59581; 1593.3855; 170; 77; 
1348.0613; 0.59581; 1586.0032; 170; 77.2; 
1348.219; 0.5958; 1579.0144; 170; 77.4; 
1348.3519; 0.59579; 1572.4137; 170; 77.6; 
1348.4639; 0.59577; 1566.2024; 170; 77.8; 
1348.5638; 0.59575; 1560.3577; 170; 78; 
1348.6547; 0.59572; 1554.843; 170; 78.2; 
1348.7362; 0.59568; 1549.6508; 170; 78.4; 
1348.8096; 0.59564; 1544.7513; 170; 78.6; 
1348.8755; 0.5956; 1540.1166; 170; 78.8; 
1348.9364; 0.59555; 1535.7413; 170; 79; 
1348.9944; 0.59549; 1531.6385; 170; 79.2; 
1349.0515; 0.59543; 1527.8278; 170; 79.4; 
1349.1094; 0.59537; 1524.3021; 170; 79.6; 
1349.1674; 0.5953; 1521.0421; 170; 79.8; 
1349.2262; 0.59522; 1518.02; 170; 80; 
1349.2887; 0.59515; 1515.2379; 170; 80.2; 
1349.3538; 0.59507; 1512.6775; 170; 80.4; 
1349.4229; 0.59498; 1510.3207; 170; 80.6; 
1349.4985; 0.5949; 1508.2017; 170; 80.8; 
1349.5759; 0.59481; 1506.3208; 170; 81; 
1349.6421; 0.59473; 1504.6381; 170; 81.2; 
1349.6947; 0.59465; 1502.7765; 170; 81.4; 
1349.7372; 0.59456; 1500.6147; 170; 81.6; 
1349.7683; 0.59448; 1498.3778; 170; 81.8; 
1349.791; 0.59439; 1496.2098; 170; 82; 
1349.818; 0.59429; 1494.1874; 170; 82.2; 
1349.8607; 0.59419; 1492.3518; 170; 82.4; 
1349.923; 0.59408; 1490.7734; 170; 82.6; 
1349.998; 0.59398; 1489.4724; 170; 82.8; 
1350.076; 0.59387; 1488.4508; 170; 83; 
1350.1505; 0.59377; 1487.6877; 170; 83.2; 
1350.2208; 0.59367; 1487.1617; 170; 83.4; 
1350.2852; 0.59356; 1486.8411; 170; 83.6; 
1350.3453; 0.59346; 1486.6982; 170; 83.8; 
1350.4006; 0.59336; 1486.7346; 170; 84; 
1350.4453; 0.59327; 1486.9065; 170; 84.2; 
1350.4801; 0.59317; 1487.1853; 170; 84.4; 
1350.5021; 0.59308; 1487.5752; 170; 84.6; 
1350.5072; 0.593; 1488.0385; 170; 84.8; 
1350.4943; 0.59291; 1488.5553; 170; 85; 
1350.464; 0.59283; 1489.1063; 170; 85.2; 
1350.4224; 0.59275; 1489.651; 170; 85.4; 
1350.3767; 0.59267; 1490.198; 170; 85.6; 
1350.3353; 0.59259; 1490.7462; 170; 85.8; 
1350.3005; 0.5925; 1491.2679; 170; 86; 
1350.2714; 0.59242; 1491.7782; 170; 86.2; 
1350.2397; 0.59235; 1492.2817; 170; 86.4; 
1350.1954; 0.59228; 1492.7548; 170; 86.6; 
1350.1346; 0.59221; 1493.1833; 170; 86.8; 
1350.0494; 0.59215; 1493.5649; 170; 87; 
1349.9404; 0.59209; 1493.8997; 170; 87.2; 
1349.8136; 0.59204; 1494.1896; 170; 87.4; 
1349.6624; 0.59199; 1494.4059; 170; 87.6; 
1349.4868; 0.59194; 1494.5438; 170; 87.8; 
1349.2957; 0.59189; 1494.5999; 170; 88; 
1349.0986; 0.59184; 1494.5806; 170; 88.2; 
1348.8986; 0.59179; 1494.4885; 170; 88.4; 
1348.6952; 0.59174; 1494.3024; 170; 88.6; 
1348.4862; 0.59169; 1494.0502; 170; 88.8; 
1348.2786; 0.59164; 1493.7478; 170; 89; 
1348.0889; 0.59158; 1493.413; 170; 89.2; 
1347.926; 0.59151; 1493.0505; 170; 89.4; 
1347.7864; 0.59145; 1492.6692; 170; 89.6; 
1347.6625; 0.59138; 1492.3032; 170; 89.8; 
1347.551; 0.59131; 1491.9712; 170; 90; 
1347.4454; 0.59125; 1491.6826; 170; 90.2; 
1347.3364; 0.59118; 1491.4409; 170; 90.4; 
1347.2252; 0.59112; 1491.2461; 170; 90.6; 
1347.1167; 0.59106; 1491.0956; 170; 90.8; 
1347.0111; 0.59099; 1491.0167; 170; 91; 
1346.9119; 0.59092; 1491.0154; 170; 91.2; 
1346.8143; 0.59086; 1491.0632; 170; 91.4; 
1346.7141; 0.5908; 1491.1418; 170; 91.6; 
1346.6134; 0.59073; 1491.2706; 170; 91.8; 
1346.515; 0.59067; 1491.4545; 170; 92; 
1346.4249; 0.5906; 1491.6654; 170; 92.2; 
1346.3516; 0.59053; 1491.9174; 170; 92.4; 
1346.2955; 0.59045; 1492.2108; 170; 92.6; 
1346.259; 0.59038; 1492.5477; 170; 92.8; 
1346.2404; 0.5903; 1492.953; 170; 93; 
1346.2308; 0.59023; 1493.4382; 170; 93.2; 
1346.2277; 0.59015; 1493.9735; 170; 93.4; 
1346.2343; 0.59008; 1494.5433; 170; 93.6; 
1346.2478; 0.59001; 1495.1616; 170; 93.8; 
1346.2607; 0.58994; 1495.8328; 170; 94; 
1346.2598; 0.58988; 1496.5569; 170; 94.2; 
1346.2407; 0.58982; 1497.3301; 170; 94.4; 
1346.2008; 0.58977; 1498.1168; 170; 94.6; 
1346.1387; 0.58972; 1498.9016; 170; 94.8; 
1346.066; 0.58966; 1499.7019; 170; 95; 
1345.9918; 0.58961; 1500.4955; 170; 95.2; 
1345.9243; 0.58956; 1501.2751; 170; 95.4; 
1345.874; 0.5895; 1502.0623; 170; 95.6; 
1345.8409; 0.58944; 1502.8685; 170; 95.8; 
1345.8192; 0.58939; 1503.6984; 170; 96; 
1345.7982; 0.58933; 1504.5554; 170; 96.2; 
1345.7765; 0.58928; 1505.4719; 170; 96.4; 
1345.7592; 0.58923; 1506.4586; 170; 96.6; 
1345.7472; 0.58918; 1507.4889; 170; 96.8; 
1345.7345; 0.58913; 1508.5443; 170; 97; 
1345.7156; 0.58909; 1509.6144; 170; 97.2; 
1345.6934; 0.58904; 1510.7246; 170; 97.4; 
1345.6803; 0.58899; 1511.8822; 170; 97.6; 
1345.6805; 0.58895; 1513.0613; 170; 97.8; 
1345.6929; 0.5889; 1514.2753; 170; 98; 
1345.7153; 0.58885; 1515.5262; 170; 98.2; 
1345.7467; 0.58881; 1516.7855; 170; 98.4; 
1345.7848; 0.58877; 1518.0665; 170; 98.6; 
1345.8196; 0.58873; 1519.3715; 170; 98.8; 
1345.8463; 0.58869; 1520.7057; 170; 99; 
1345.8671; 0.58866; 1522.0657; 170; 99.2; 
1345.8837; 0.58863; 1523.4204; 170; 99.4; 
1345.8965; 0.5886; 1524.7528; 170; 99.6; 
1345.9093; 0.58857; 1526.0541; 170; 99.8; 
1345.9314; 0.58854; 1527.3229; 170; 100; 
1345.9727; 0.5885; 1528.5581; 170; 100.2; 
1346.0375; 0.58846; 1529.761; 170; 100.4; 
1346.1235; 0.58842; 1530.9335; 170; 100.6; 
1346.2312; 0.58838; 1532.111; 170; 100.8; 
1346.3558; 0.58834; 1533.3088; 170; 101; 
1346.4963; 0.58831; 1534.5386; 170; 101.2; 
1346.645; 0.58827; 1535.7998; 170; 101.4; 
1346.7902; 0.58824; 1537.0961; 170; 101.6; 
1346.9259; 0.58822; 1538.4211; 170; 101.8; 
1347.0481; 0.5882; 1539.7437; 170; 102; 
1347.1498; 0.58819; 1541.0455; 170; 102.2; 
1347.2335; 0.58817; 1542.3177; 170; 102.4; 
1347.3064; 0.58816; 1543.5249; 170; 102.6; 
1347.3741; 0.58815; 1544.6556; 170; 102.8; 
1347.4435; 0.58814; 1545.7007; 170; 103; 
1347.5183; 0.58813; 1546.6647; 170; 103.2; 
1347.5922; 0.58813; 1547.5496; 170; 103.4; 
1347.6613; 0.58812; 1548.3344; 170; 103.6; 
1347.7229; 0.58812; 1549.046; 170; 103.8; 
1347.7793; 0.58812; 1549.6985; 170; 104; 
1347.8315; 0.58812; 1550.2759; 170; 104.2; 
1347.8748; 0.58812; 1550.7739; 170; 104.4; 
1347.9061; 0.58813; 1551.1938; 170; 104.6; 
1347.922; 0.58814; 1551.5421; 170; 104.8; 
1347.9237; 0.58815; 1551.7949; 170; 105; 
1347.918; 0.58816; 1551.9504; 170; 105.2; 
1347.9131; 0.58817; 1552.0081; 170; 105.4; 
1347.9203; 0.58817; 1551.979; 170; 105.6; 
1347.9487; 0.58816; 1551.8689; 170; 105.8; 
1348.0015; 0.58816; 1551.6904; 170; 106; 
1348.077; 0.58814; 1551.4828; 170; 106.2; 
1348.1769; 0.58813; 1551.2689; 170; 106.4; 
1348.2931; 0.58812; 1551.0637; 170; 106.6; 
1348.4175; 0.58811; 1550.8757; 170; 106.8; 
1348.5482; 0.5881; 1550.7094; 170; 107; 
1348.683; 0.58808; 1550.5653; 170; 107.2; 
1348.8179; 0.58807; 1550.4106; 170; 107.4; 
1348.9485; 0.58806; 1550.2314; 170; 107.6; 
1349.0729; 0.58806; 1550.0157; 170; 107.8; 
1349.1854; 0.58805; 1549.7635; 170; 108; 
1349.2823; 0.58805; 1549.4724; 170; 108.2; 
1349.3646; 0.58805; 1549.1167; 170; 108.4; 
1349.434; 0.58805; 1548.6865; 170; 108.6; 
1349.4995; 0.58804; 1548.1796; 170; 108.8; 
1349.5698; 0.58803; 1547.6316; 170; 109; 
1349.6448; 0.58803; 1547.0594; 170; 109.2; 
1349.7267; 0.58802; 1546.4484; 170; 109.4; 
1349.8115; 0.58801; 1545.7905; 170; 109.6; 
1349.8948; 0.588; 1545.0858; 170; 109.8; 
1349.9725; 0.58799; 1544.3698; 170; 110; 
1350.0518; 0.58798; 1543.6576; 170; 110.2; 
1350.1346; 0.58797; 1542.9316; 170; 110.4; 
1350.2151; 0.58796; 1542.213; 170; 110.6; 
1350.2893; 0.58795; 1541.5094; 170; 110.8; 
1350.3557; 0.58794; 1540.7982; 170; 111; 
1350.4155; 0.58793; 1540.0665; 170; 111.2; 
1350.4711; 0.58791; 1539.3409; 170; 111.4; 
1350.5251; 0.5879; 1538.6322; 170; 111.6; 
1350.5875; 0.58788; 1537.9178; 170; 111.8; 
1350.663; 0.58786; 1537.2161; 170; 112; 
1350.745; 0.58784; 1536.5309; 170; 112.2; 
1350.8245; 0.58782; 1535.8691; 170; 112.4; 
1350.8959; 0.58781; 1535.2621; 170; 112.6; 
1350.962; 0.58779; 1534.6927; 170; 112.8; 
1351.0254; 0.58777; 1534.1536; 170; 113; 
1351.087; 0.58775; 1533.6322; 170; 113.2; 
1351.1414; 0.58774; 1533.1256; 170; 113.4; 
1351.1825; 0.58773; 1532.626; 170; 113.6; 
1351.2111; 0.58771; 1532.1335; 170; 113.8; 
1351.2263; 0.5877; 1531.6432; 170; 114; 
1351.2263; 0.58769; 1531.1576; 170; 114.2; 
1351.2157; 0.58768; 1530.6735; 170; 114.4; 
1351.2047; 0.58767; 1530.1616; 170; 114.6; 
1351.2; 0.58765; 1529.6387; 170; 114.8; 
1351.2024; 0.58763; 1529.1095; 170; 115; 
1351.214; 0.58761; 1528.5834; 170; 115.2; 
1351.2399; 0.58759; 1528.0907; 170; 115.4; 
1351.277; 0.58756; 1527.6486; 170; 115.6; 
1351.3115; 0.58753; 1527.272; 170; 115.8; 
1351.3326; 0.5875; 1526.9523; 170; 116; 
1351.3348; 0.58747; 1526.7183; 170; 116.2; 
1351.3102; 0.58744; 1526.5778; 170; 116.4; 
1351.2516; 0.58741; 1526.5348; 170; 116.6; 
1351.1515; 0.58739; 1526.5813; 170; 116.8; 
1351.0054; 0.58738; 1526.7009; 170; 117; 
1350.8163; 0.58737; 1526.8923; 170; 117.2; 
1350.6073; 0.58734; 1527.1285; 170; 117.4; 
1350.4131; 0.5873; 1527.3918; 170; 117.6; 
1350.2743; 0.58723; 1527.699; 170; 117.8; 
1350.2181; 0.58714; 1528.1073; 170; 118; 
1350.248; 0.58705; 1528.6979; 170; 118.2; 
1350.3521; 0.58697; 1529.5336; 170; 118.4; 
1350.5055; 0.5869; 1530.6356; 170; 118.6; 
1350.6766; 0.58685; 1532.0031; 170; 118.8; 
1350.8405; 0.58681; 1533.5902; 170; 119; 
1350.9775; 0.58679; 1535.2969; 170; 119.2; 
1351.0692; 0.58679; 1537.061; 170; 119.4; 
1351.1036; 0.5868; 1538.839; 170; 119.6; 
1351.0803; 0.58681; 1540.5461; 170; 119.8; 
1351.0024; 0.58684; 1542.1111; 170; 120; 
1350.8807; 0.58687; 1543.5004; 170; 120.2; 
1350.7335; 0.58689; 1544.6725; 170; 120.4; 
1350.5747; 0.58692; 1545.6196; 170; 120.6; 
1350.4137; 0.58695; 1546.3448; 170; 120.8; 
1350.2546; 0.58697; 1546.8679; 170; 121; 
1350.0974; 0.587; 1547.2062; 170; 121.2; 
1349.9391; 0.58703; 1547.3547; 170; 121.4; 
1349.7777; 0.58706; 1547.354; 170; 121.6; 
1349.6091; 0.58709; 1547.2322; 170; 121.8; 
1349.4344; 0.58712; 1546.9541; 170; 122; 
1349.259; 0.58715; 1546.5144; 170; 122.2; 
1349.0859; 0.58717; 1545.9463; 170; 122.4; 
1348.9182; 0.5872; 1545.2451; 170; 122.6; 
1348.7621; 0.58722; 1544.4222; 170; 122.8; 
1348.6241; 0.58723; 1543.5183; 170; 123; 
1348.5103; 0.58724; 1542.5621; 170; 123.2; 
1348.4225; 0.58724; 1541.5723; 170; 123.4; 
1348.3573; 0.58724; 1540.5615; 170; 123.6; 
1348.3076; 0.58724; 1539.5387; 170; 123.8; 
1348.2655; 0.58725; 1538.5105; 170; 124; 
1348.2261; 0.58725; 1537.4818; 170; 124.2; 
1348.1891; 0.58724; 1536.4557; 170; 124.4; 
1348.1552; 0.58724; 1535.4352; 170; 124.6; 
1348.1312; 0.58723; 1534.4213; 170; 124.8; 
1348.1212; 0.58722; 1533.4128; 170; 125; 
1348.1226; 0.58721; 1532.4075; 170; 125.2; 
1348.1252; 0.5872; 1531.4039; 170; 125.4; 
1348.1178; 0.58719; 1530.4021; 170; 125.6; 
1348.0978; 0.58718; 1529.4031; 170; 125.8; 
1348.0674; 0.58717; 1528.4073; 170; 126; 
1348.0325; 0.58716; 1527.4161; 170; 126.2; 
1347.9998; 0.58715; 1526.4298; 170; 126.4; 
1347.979; 0.58713; 1525.4481; 170; 126.6; 
1347.9742; 0.5871; 1524.502; 170; 126.8; 
1347.9846; 0.58708; 1523.6027; 170; 127; 
1348.0105; 0.58705; 1522.7281; 170; 127.2; 
1348.0568; 0.58701; 1521.8625; 170; 127.4; 
1348.1185; 0.58698; 1521.0262; 170; 127.6; 
1348.1807; 0.58695; 1520.2269; 170; 127.8; 
1348.2394; 0.58692; 1519.473; 170; 128; 
1348.3066; 0.58688; 1518.7931; 170; 128.2; 
1348.3807; 0.58685; 1518.1976; 170; 128.4; 
1348.4487; 0.58681; 1517.6874; 170; 128.6; 
1348.5055; 0.58678; 1517.2582; 170; 128.8; 
1348.546; 0.58676; 1516.9034; 170; 129; 
1348.5656; 0.58673; 1516.6156; 170; 129.2; 
1348.5698; 0.58671; 1516.354; 170; 129.4; 
1348.5653; 0.58669; 1516.0992; 170; 129.6; 
1348.5557; 0.58666; 1515.8661; 170; 129.8; 
1348.5482; 0.58663; 1515.6611; 170; 130; 
1348.5474; 0.5866; 1515.4541; 170; 130.2; 
1348.5497; 0.58658; 1515.2318; 170; 130.4; 
1348.5496; 0.58655; 1515.0146; 170; 130.6; 
1348.5435; 0.58652; 1514.8147; 170; 130.8; 
1348.5325; 0.5865; 1514.6384; 170; 131; 
1348.5184; 0.58647; 1514.4882; 170; 131.2; 
1348.5029; 0.58645; 1514.3638; 170; 131.4; 
1348.4858; 0.58642; 1514.2634; 170; 131.6; 
1348.4698; 0.58639; 1514.1866; 170; 131.8; 
1348.4615; 0.58636; 1514.1305; 170; 132; 
1348.4686; 0.58633; 1514.0928; 170; 132.2; 
1348.4897; 0.58629; 1514.1024; 170; 132.4; 
1348.528; 0.58626; 1514.1685; 170; 132.6; 
1348.5853; 0.58622; 1514.2977; 170; 132.8; 
1348.6558; 0.58618; 1514.517; 170; 133; 
1348.7356; 0.58614; 1514.8041; 170; 133.2; 
1348.8207; 0.5861; 1515.1478; 170; 133.4; 
1348.9058; 0.58606; 1515.5637; 170; 133.6; 
1348.9843; 0.58603; 1516.0255; 170; 133.8; 
1349.0504; 0.586; 1516.5204; 170; 134; 
1349.1046; 0.58597; 1517.0663; 170; 134.2; 
1349.1538; 0.58594; 1517.6396; 170; 134.4; 
1349.2079; 0.58591; 1518.2294; 170; 134.6; 
1349.2709; 0.58588; 1518.8219; 170; 134.8; 
1349.3408; 0.58585; 1519.4122; 170; 135; 
1349.4103; 0.58583; 1520.0255; 170; 135.2; 
1349.4727; 0.5858; 1520.6743; 170; 135.4; 
1349.524; 0.58578; 1521.3335; 170; 135.6; 
1349.5626; 0.58576; 1521.9935; 170; 135.8; 
1349.5959; 0.58575; 1522.6754; 170; 136; 
1349.6323; 0.58573; 1523.3899; 170; 136.2; 
1349.6753; 0.58571; 1524.1079; 170; 136.4; 
1349.7208; 0.58569; 1524.8181; 170; 136.6; 
1349.7666; 0.58567; 1525.5405; 170; 136.8; 
1349.8149; 0.58565; 1526.2869; 170; 137; 
1349.8652; 0.58564; 1527.0619; 170; 137.2; 
1349.9163; 0.58562; 1527.8676; 170; 137.4; 
1349.9701; 0.58561; 1528.7023; 170; 137.6; 
1350.0266; 0.58559; 1529.5322; 170; 137.8; 
1350.0869; 0.58558; 1530.3412; 170; 138; 
1350.149; 0.58557; 1531.1484; 170; 138.2; 
1350.2067; 0.58556; 1531.9645; 170; 138.4; 
1350.2585; 0.58555; 1532.8273; 170; 138.6; 
1350.3022; 0.58555; 1533.7522; 170; 138.8; 
1350.3379; 0.58554; 1534.7174; 170; 139; 
1350.3708; 0.58554; 1535.7084; 170; 139.2; 
1350.4064; 0.58554; 1536.7156; 170; 139.4; 
1350.4492; 0.58553; 1537.7314; 170; 139.6; 
1350.5059; 0.58553; 1538.7828; 170; 139.8; 
1350.5767; 0.58552; 1539.8779; 170; 140; 
1350.6578; 0.58551; 1540.9928; 170; 140.2; 
1350.7544; 0.5855; 1542.1444; 170; 140.4; 
1350.869; 0.5855; 1543.3663; 170; 140.6; 
1350.9972; 0.58549; 1544.6733; 170; 140.8; 
1351.1346; 0.58548; 1546.0684; 170; 141; 
1351.2721; 0.58548; 1547.517; 170; 141.2; 
1351.4019; 0.58549; 1549; 170; 141.4; 
1351.5229; 0.58549; 1550.5314; 170; 141.6; 
1351.6292; 0.5855; 1552.1173; 170; 141.8; 
1351.7228; 0.58552; 1553.7252; 170; 142; 
1351.8108; 0.58553; 1555.3427; 170; 142.2; 
1351.9031; 0.58554; 1556.9541; 170; 142.4; 
1352.0076; 0.58556; 1558.5558; 170; 142.6; 
1352.1232; 0.58557; 1560.1713; 170; 142.8; 
1352.2417; 0.58558; 1561.783; 170; 143; 
1352.3632; 0.5856; 1563.3857; 170; 143.2; 
1352.4894; 0.58562; 1564.9728; 170; 143.4; 
1352.623; 0.58564; 1566.5131; 170; 143.6; 
1352.7648; 0.58566; 1567.9912; 170; 143.8; 
1352.9126; 0.58568; 1569.4338; 170; 144; 
1353.0668; 0.5857; 1570.8534; 170; 144.2; 
1353.2277; 0.58572; 1572.2321; 170; 144.4; 
1353.3949; 0.58574; 1573.5612; 170; 144.6; 
1353.5691; 0.58577; 1574.8387; 170; 144.8; 
1353.7473; 0.58579; 1576.0656; 170; 145; 
1353.9244; 0.58581; 1577.2537; 170; 145.2; 
1354.0944; 0.58583; 1578.4049; 170; 145.4; 
1354.2509; 0.58585; 1579.5527; 170; 145.6; 
1354.3953; 0.58587; 1580.7161; 170; 145.8; 
1354.5269; 0.58588; 1581.8789; 170; 146; 
1354.6447; 0.5859; 1582.9982; 170; 146.2; 
1354.7416; 0.58591; 1584.0574; 170; 146.4; 
1354.8055; 0.58593; 1585.0735; 170; 146.6; 
1354.8276; 0.58595; 1586.0575; 170; 146.8; 
1354.8108; 0.58597; 1587.0011; 170; 147; 
1354.7708; 0.58597; 1587.9016; 170; 147.2; 
1354.7328; 0.58596; 1588.791; 170; 147.4; 
1354.7247; 0.58592; 1589.6897; 170; 147.6; 
1354.7704; 0.58586; 1590.6381; 170; 147.8; 
1354.887; 0.58578; 1591.7102; 170; 148; 
1355.074; 0.5857; 1592.6897; 170; 148.2; 
1355.3252; 0.58561; 1593.5385; 170; 148.4; 
1355.6359; 0.58553; 1594.4653; 170; 148.6; 
1355.9955; 0.58545; 1595.5894; 170; 148.8; 
1356.3817; 0.5854; 1596.9937; 170; 149; 
1356.7694; 0.58536; 1598.6824; 170; 149.2; 
1357.1384; 0.58534; 1600.5845; 170; 149.4; 
1357.4764; 0.58533; 1602.6506; 170; 149.6; 
1357.7764; 0.58533; 1604.8356; 170; 149.8; 
1358.032; 0.58535; 1607.0466; 170; 150; 
1358.2443; 0.58536; 1609.2034; 170; 150.2; 
1358.4253; 0.58538; 1611.2938; 170; 150.4; 
1358.5889; 0.58539; 1613.3077; 170; 150.6; 
1358.7421; 0.58541; 1615.2146; 170; 150.8; 
1358.8871; 0.58543; 1617.0029; 170; 151; 
1359.0261; 0.58544; 1618.6741; 170; 151.2; 
1359.1636; 0.58546; 1620.2688; 170; 151.4; 
1359.3035; 0.58548; 1621.8085; 170; 151.6; 
1359.4452; 0.58549; 1623.2856; 170; 151.8; 
1359.594; 0.5855; 1624.7013; 170; 152; 
1359.7675; 0.5855; 1626.0529; 170; 152.2; 
1359.9818; 0.5855; 1627.3419; 170; 152.4; 
1360.2423; 0.58551; 1628.6045; 170; 152.6; 
1360.5513; 0.58553; 1629.8569; 170; 152.8; 
1360.8978; 0.58556; 1631.0784; 170; 153; 
1361.2549; 0.58562; 1632.2249; 170; 153.2; 
1361.587; 0.5857; 1633.2526; 170; 153.4; 
1361.8624; 0.5858; 1634.1074; 170; 153.6; 
1362.0591; 0.58591; 1634.7129; 170; 153.8; 
1362.1688; 0.58604; 1635.0111; 170; 154; 
1362.2003; 0.58618; 1634.9561; 170; 154.2; 
1362.1746; 0.58631; 1634.5151; 170; 154.4; 
1362.1227; 0.58643; 1633.6577; 170; 154.6; 
1362.0698; 0.58655; 1632.6567; 170; 154.8; 
1362.0275; 0.58667; 1631.6654; 170; 155; 
1361.9979; 0.58678; 1630.5562; 170; 155.2; 
1361.9802; 0.58688; 1629.2623; 170; 155.4; 
1361.9747; 0.58699; 1627.7537; 170; 155.6; 
1361.9768; 0.58709; 1626.0575; 170; 155.8; 
1361.975; 0.5872; 1624.1959; 170; 156; 
1361.9626; 0.5873; 1622.1654; 170; 156.2; 
1361.9376; 0.58741; 1619.9429; 170; 156.4; 
1361.9003; 0.58751; 1617.5317; 170; 156.6; 
1361.8544; 0.58761; 1614.9723; 170; 156.8; 
1361.8076; 0.5877; 1612.2977; 170; 157; 
1361.7688; 0.58779; 1609.5332; 170; 157.2; 
1361.7377; 0.58788; 1606.6987; 170; 157.4; 
1361.7084; 0.58796; 1603.8094; 170; 157.6; 
1361.6715; 0.58804; 1600.8774; 170; 157.8; 
1361.6173; 0.58813; 1597.913; 170; 158; 
1361.5382; 0.58821; 1594.9246; 170; 158.2; 
1361.4363; 0.5883; 1591.8876; 170; 158.4; 
1361.3126; 0.58838; 1588.7953; 170; 158.6; 
1361.1699; 0.58846; 1585.6741; 170; 158.8; 
1361.0101; 0.58853; 1582.51; 170; 159; 
1360.8403; 0.5886; 1579.3036; 170; 159.2; 
1360.6741; 0.58866; 1576.0851; 170; 159.4; 
1360.5232; 0.58871; 1572.8717; 170; 159.6; 
1360.3917; 0.58876; 1569.673; 170; 159.8; 
1360.2701; 0.58881; 1566.5242; 170; 160; 
1360.1512; 0.58885; 1563.4386; 170; 160.2; 
1360.0236; 0.58889; 1560.394; 170; 160.4; 
1359.8777; 0.58893; 1557.4088; 170; 160.6; 
1359.7164; 0.58897; 1554.4861; 170; 160.8; 
1359.5524; 0.589; 1551.5974; 170; 161; 
1359.3926; 0.58903; 1548.7231; 170; 161.2; 
1359.2404; 0.58905; 1545.8834; 170; 161.4; 
1359.0973; 0.58907; 1543.1154; 170; 161.6; 
1358.9696; 0.58908; 1540.4039; 170; 161.8; 
1358.8571; 0.58908; 1537.7426; 170; 162; 
1358.7537; 0.58908; 1535.1492; 170; 162.2; 
1358.6509; 0.58909; 1532.6321; 170; 162.4; 
1358.5419; 0.58909; 1530.1913; 170; 162.6; 
1358.4235; 0.58908; 1527.8566; 170; 162.8; 
1358.2981; 0.58908; 1525.6331; 170; 163; 
1358.1708; 0.58907; 1523.4918; 170; 163.2; 
1358.0477; 0.58906; 1521.4097; 170; 163.4; 
1357.9316; 0.58905; 1519.4021; 170; 163.6; 
1357.8204; 0.58903; 1517.4677; 170; 163.8; 
1357.7114; 0.58901; 1515.6082; 170; 164; 
1357.6093; 0.58898; 1513.8148; 170; 164.2; 
1357.519; 0.58895; 1512.0839; 170; 164.4; 
1357.4387; 0.58892; 1510.4338; 170; 164.6; 
1357.359; 0.58889; 1508.8717; 170; 164.8; 
1357.2701; 0.58886; 1507.3971; 170; 165; 
1357.1707; 0.58884; 1506.037; 170; 165.2; 
1357.0619; 0.58881; 1504.7955; 170; 165.4; 
1356.9418; 0.58878; 1503.6404; 170; 165.6; 
1356.8119; 0.58875; 1502.5483; 170; 165.8; 
1356.6732; 0.58872; 1501.5337; 170; 166; 
1356.5247; 0.58869; 1500.5962; 170; 166.2; 
1356.3745; 0.58866; 1499.702; 170; 166.4; 
1356.2208; 0.58863; 1498.8628; 170; 166.6; 
1356.0582; 0.5886; 1498.076; 170; 166.8; 
1355.8953; 0.58856; 1497.3448; 170; 167; 
1355.7412; 0.58852; 1496.6945; 170; 167.2; 
1355.6023; 0.58848; 1496.1007; 170; 167.4; 
1355.4775; 0.58844; 1495.5513; 170; 167.6; 
1355.3612; 0.5884; 1495.0632; 170; 167.8; 
1355.2502; 0.58835; 1494.6425; 170; 168; 
1355.1407; 0.58831; 1494.3214; 170; 168.2; 
1355.0289; 0.58827; 1494.1067; 170; 168.4; 
1354.9086; 0.58823; 1493.9702; 170; 168.6; 
1354.7778; 0.5882; 1493.8892; 170; 168.8; 
1354.634; 0.58816; 1493.8788; 170; 169; 
1354.4692; 0.58814; 1493.9382; 170; 169.2; 
1354.2805; 0.58811; 1494.0374; 170; 169.4; 
1354.0701; 0.58809; 1494.1576; 170; 169.6; 
1353.8441; 0.58806; 1494.3181; 170; 169.8; 
1353.611; 0.58804; 1494.522; 170; 170; 
1353.3748; 0.58802; 1494.7416; 170; 170.2; 
1353.1378; 0.58799; 1494.959; 170; 170.4; 
1352.9022; 0.58797; 1495.1959; 170; 170.6; 
1352.6661; 0.58795; 1495.4583; 170; 170.8; 
1352.4246; 0.58793; 1495.7225; 170; 171; 
1352.1821; 0.5879; 1496.0065; 170; 171.2; 
1351.9426; 0.58788; 1496.3145; 170; 171.4; 
1351.7079; 0.58785; 1496.6611; 170; 171.6; 
1351.4747; 0.58782; 1497.0609; 170; 171.8; 
1351.2363; 0.5878; 1497.5247; 170; 172; 
1350.9866; 0.58779; 1498.0629; 170; 172.2; 
1350.7275; 0.58777; 1498.6753; 170; 172.4; 
1350.4718; 0.58775; 1499.3575; 170; 172.6; 
1350.2317; 0.58772; 1500.1056; 170; 172.8; 
1350.0205; 0.58769; 1500.9105; 170; 173; 
1349.8468; 0.58766; 1501.7952; 170; 173.2; 
1349.7068; 0.58762; 1502.7605; 170; 173.4; 
1349.5941; 0.58758; 1503.807; 170; 173.6; 
1349.4915; 0.58755; 1504.958; 170; 173.8; 
1349.3876; 0.58752; 1506.1887; 170; 174; 
1349.2806; 0.5875; 1507.4546; 170; 174.2; 
1349.1688; 0.58747; 1508.7255; 170; 174.4; 
1349.048; 0.58745; 1509.9843; 170; 174.6; 
1348.916; 0.58744; 1511.223; 170; 174.8; 
1348.7859; 0.58742; 1512.4386; 170; 175; 
1348.6716; 0.5874; 1513.6299; 170; 175.2; 
1348.5732; 0.58737; 1514.7955; 170; 175.4; 
1348.4886; 0.58735; 1515.9365; 170; 175.6; 
1348.4165; 0.58733; 1517.0544; 170; 175.8; 
1348.348; 0.58731; 1518.152; 170; 176; 
1348.282; 0.5873; 1519.2319; 170; 176.2; 
1348.2175; 0.58728; 1520.297; 170; 176.4; 
1348.1489; 0.58727; 1521.3495; 170; 176.6; 
1348.0752; 0.58726; 1522.3923; 170; 176.8; 
1348.0038; 0.58725; 1523.3956; 170; 177; 
1347.9395; 0.58724; 1524.3494; 170; 177.2; 
1347.8815; 0.58722; 1525.276; 170; 177.4; 
1347.829; 0.58721; 1526.1605; 170; 177.6; 
1347.7878; 0.5872; 1527.002; 170; 177.8; 
1347.7667; 0.58718; 1527.7958; 170; 178; 
1347.7649; 0.58716; 1528.5481; 170; 178.2; 
1347.7831; 0.58714; 1529.2589; 170; 178.4; 
1347.8223; 0.58712; 1529.9371; 170; 178.6; 
1347.8823; 0.58709; 1530.6134; 170; 178.8; 
1347.9539; 0.58707; 1531.2747; 170; 179; 
1348.0234; 0.58706; 1531.9192; 170; 179.2; 
1348.0868; 0.58704; 1532.5433; 170; 179.4; 
1348.1417; 0.58703; 1533.1179; 170; 179.6; 
1348.1885; 0.58702; 1533.6617; 170; 179.8; 
1348.2269; 0.58701; 1534.1819; 170; 180; 
1348.2598; 0.58701; 1534.6575; 170; 180.2; 
1348.2881; 0.587; 1535.0787; 170; 180.4; 
1348.3123; 0.58699; 1535.4429; 170; 180.6; 
1348.3348; 0.58699; 1535.7532; 170; 180.8; 
1348.3643; 0.58698; 1536.0155; 170; 181; 
1348.4092; 0.58696; 1536.2354; 170; 181.2; 
1348.4769; 0.58694; 1536.4181; 170; 181.4; 
1348.5669; 0.58693; 1536.5671; 170; 181.6; 
1348.6705; 0.58691; 1536.7188; 170; 181.8; 
1348.7762; 0.58689; 1536.8895; 170; 182; 
1348.881; 0.58688; 1537.0952; 170; 182.2; 
1348.9867; 0.58686; 1537.3361; 170; 182.4; 
1349.0945; 0.58685; 1537.5844; 170; 182.6; 
1349.202; 0.58684; 1537.8528; 170; 182.8; 
1349.3027; 0.58683; 1538.1433; 170; 183; 
1349.3878; 0.58682; 1538.4594; 170; 183.2; 
1349.4508; 0.58683; 1538.7972; 170; 183.4; 
1349.4871; 0.58683; 1539.1282; 170; 183.6; 
1349.5004; 0.58684; 1539.4042; 170; 183.8; 
1349.4973; 0.58685; 1539.6051; 170; 184; 
1349.4868; 0.58685; 1539.749; 170; 184.2; 
1349.4692; 0.58686; 1539.8174; 170; 184.4; 
1349.4403; 0.58687; 1539.8092; 170; 184.6; 
1349.4009; 0.58688; 1539.7567; 170; 184.8; 
1349.3564; 0.58689; 1539.6499; 170; 185; 
1349.3141; 0.5869; 1539.4911; 170; 185.2; 
1349.2799; 0.5869; 1539.2792; 170; 185.4; 
1349.2576; 0.58691; 1539.0208; 170; 185.6; 
1349.2411; 0.58691; 1538.717; 170; 185.8; 
1349.2238; 0.58692; 1538.3778; 170; 186; 
1349.2035; 0.58692; 1538.0061; 170; 186.2; 
1349.186; 0.58692; 1537.5791; 170; 186.4; 
1349.1732; 0.58692; 1537.1194; 170; 186.6; 
1349.1685; 0.58692; 1536.6351; 170; 186.8; 
1349.1726; 0.58691; 1536.1082; 170; 187; 
1349.1857; 0.58691; 1535.5603; 170; 187.2; 
1349.2097; 0.5869; 1535.0012; 170; 187.4; 
1349.2415; 0.58689; 1534.4419; 170; 187.6; 
1349.2759; 0.58688; 1533.8827; 170; 187.8; 
1349.3063; 0.58688; 1533.3302; 170; 188; 
1349.3276; 0.58687; 1532.7823; 170; 188.2; 
1349.3391; 0.58687; 1532.2428; 170; 188.4; 
1349.3392; 0.58687; 1531.709; 170; 188.6; 
1349.3281; 0.58686; 1531.1512; 170; 188.8; 
1349.3082; 0.58686; 1530.5555; 170; 189; 
1349.2845; 0.58686; 1529.9138; 170; 189.2; 
1349.2615; 0.58685; 1529.257; 170; 189.4; 
1349.2363; 0.58685; 1528.5973; 170; 189.6; 
1349.2029; 0.58684; 1527.916; 170; 189.8; 
1349.16; 0.58684; 1527.236; 170; 190; 
1349.1073; 0.58684; 1526.5664; 170; 190.2; 
1349.0498; 0.58683; 1525.8848; 170; 190.4; 
1348.9949; 0.58683; 1525.2113; 170; 190.6; 
1348.943; 0.58682; 1524.5514; 170; 190.8; 
1348.8971; 0.58681; 1523.8816; 170; 191; 
1348.8617; 0.58679; 1523.2207; 170; 191.2; 
1348.84; 0.58677; 1522.5724; 170; 191.4; 
1348.8264; 0.58676; 1521.9442; 170; 191.6; 
1348.816; 0.58674; 1521.3668; 170; 191.8; 
1348.8113; 0.58672; 1520.8246; 170; 192; 
1348.8196; 0.58669; 1520.3113; 170; 192.2; 
1348.8472; 0.58666; 1519.8461; 170; 192.4; 
1348.8872; 0.58664; 1519.4375; 170; 192.6; 
1348.9299; 0.58661; 1519.0548; 170; 192.8; 
1348.9709; 0.58659; 1518.6846; 170; 193; 
1349.007; 0.58656; 1518.3442; 170; 193.2; 
1349.0333; 0.58654; 1518.0099; 170; 193.4; 
1349.0432; 0.58652; 1517.6731; 170; 193.6; 
1349.0378; 0.58651; 1517.3239; 170; 193.8; 
1349.0201; 0.58649; 1516.9628; 170; 194; 
1348.9924; 0.58648; 1516.5839; 170; 194.2; 
1348.9518; 0.58646; 1516.1918; 170; 194.4; 
1348.9009; 0.58645; 1515.7849; 170; 194.6; 
1348.849; 0.58643; 1515.3379; 170; 194.8; 
1348.8075; 0.5864; 1514.8716; 170; 195; 
1348.7899; 0.58637; 1514.392; 170; 195.2; 
1348.8027; 0.58633; 1513.9094; 170; 195.4; 
1348.8461; 0.5863; 1513.4535; 170; 195.6; 
1348.91; 0.58626; 1513.0408; 170; 195.8; 
1348.9808; 0.58622; 1512.6777; 170; 196; 
1349.0466; 0.58619; 1512.4; 170; 196.2; 
1349.0986; 0.58615; 1512.2257; 170; 196.4; 
1349.1273; 0.58611; 1512.1189; 170; 196.6; 
1349.1235; 0.58608; 1512.0577; 170; 196.8; 
1349.0798; 0.58605; 1512.0631; 170; 197; 
1348.9919; 0.58602; 1512.1385; 170; 197.2; 
1348.8654; 0.58599; 1512.255; 170; 197.4; 
1348.7036; 0.58596; 1512.3956; 170; 197.6; 
1348.5073; 0.58592; 1512.5746; 170; 197.8; 
1348.2822; 0.58588; 1512.8323; 170; 198; 
1348.0443; 0.58582; 1513.1958; 170; 198.2; 
1347.8171; 0.58573; 1513.7047; 170; 198.4; 
1347.6261; 0.58563; 1514.4033; 170; 198.6; 
1347.4963; 0.58549; 1515.3368; 170; 198.8; 
1347.448; 0.58534; 1516.5752; 170; 199; 
1347.4902; 0.58517; 1518.1919; 170; 199.2; 
1347.619; 0.585; 1520.2611; 170; 199.4; 
1347.8197; 0.58484; 1522.8256; 170; 199.6; 
1348.0715; 0.5847; 1525.8472; 170; 199.8; 
1348.3473; 0.58459; 1529.2793; 170; 200; 
1348.6196; 0.5845; 1533.0364; 170; 200.2; 
1348.8644; 0.58443; 1536.9969; 170; 200.4; 
1349.0625; 0.58438; 1541.0757; 170; 200.6; 
1349.2026; 0.58435; 1545.1862; 170; 200.8; 
1349.2842; 0.58432; 1549.2195; 170; 201; 
1349.3168; 0.58431; 1553.0873; 170; 201.2; 
1349.3069; 0.5843; 1556.7474; 170; 201.4; 
1349.2661; 0.58429; 1560.1876; 170; 201.6; 
1349.2089; 0.58427; 1563.4158; 170; 201.8; 
1349.1498; 0.58425; 1566.4474; 170; 202; 
1349.1; 0.58423; 1569.3013; 170; 202.2; 
1349.0629; 0.58421; 1571.9994; 170; 202.4; 
1349.0437; 0.58418; 1574.5647; 170; 202.6; 
1349.0463; 0.58416; 1577.0146; 170; 202.8; 
1349.064; 0.58414; 1579.084; 170; 203; 
1349.0898; 0.58413; 1580.6877; 170; 203.2; 
1349.1139; 0.58413; 1582.0397; 170; 203.4; 
1349.132; 0.58413; 1583.2806; 170; 203.6; 
1349.1404; 0.58414; 1584.4661; 170; 203.8; 
1349.1292; 0.58416; 1585.6379; 170; 204; 
1349.0929; 0.58419; 1586.8177; 170; 204.2; 
1349.0309; 0.58422; 1587.9913; 170; 204.4; 
1348.9445; 0.58425; 1589.118; 170; 204.6; 
1348.8374; 0.58429; 1590.1829; 170; 204.8; 
1348.7152; 0.58432; 1591.1738; 170; 205; 
1348.5807; 0.58435; 1592.095; 170; 205.2; 
1348.4401; 0.58439; 1592.9469; 170; 205.4; 
1348.2975; 0.58442; 1593.7374; 170; 205.6; 
1348.1512; 0.58445; 1594.4705; 170; 205.8; 
1348.0027; 0.58449; 1595.1257; 170; 206; 
1347.8546; 0.58452; 1595.7278; 170; 206.2; 
1347.708; 0.58455; 1596.2893; 170; 206.4; 
1347.5656; 0.58458; 1596.7942; 170; 206.6; 
1347.4316; 0.58461; 1597.2679; 170; 206.8; 
1347.308; 0.58464; 1597.7195; 170; 207; 
1347.1908; 0.58467; 1598.1609; 170; 207.2; 
1347.075; 0.5847; 1598.5952; 170; 207.4; 
1346.9559; 0.58474; 1599.032; 170; 207.6; 
1346.8354; 0.58477; 1599.4756; 170; 207.8; 
1346.718; 0.5848; 1599.8945; 170; 208; 
1346.6177; 0.58482; 1600.2727; 170; 208.2; 
1346.5486; 0.58485; 1600.9067; 170; 208.4; 
1346.5171; 0.58488; 1601.9021; 170; 208.6; 
1346.5206; 0.58492; 1603.0449; 170; 208.8; 
1346.5459; 0.58498; 1604.1975; 170; 209; 
1346.5725; 0.58505; 1605.2485; 170; 209.2; 
1346.5765; 0.58514; 1606.1113; 170; 209.4; 
1346.5325; 0.58525; 1606.7123; 170; 209.6; 
1346.4181; 0.58538; 1606.9683; 170; 209.8; 
1346.2291; 0.58551; 1606.8257; 170; 210; 
1345.9791; 0.58565; 1606.2452; 170; 210.2; 
1345.6882; 0.58578; 1605.2039; 170; 210.4; 
1345.375; 0.5859; 1603.7133; 170; 210.6; 
1345.0612; 0.58602; 1601.8082; 170; 210.8; 
1344.7668; 0.58613; 1599.5333; 170; 211; 
1344.5042; 0.58622; 1596.9675; 170; 211.2; 
1344.2736; 0.58632; 1594.168; 170; 211.4; 
1344.0682; 0.5864; 1591.1902; 170; 211.6; 
1343.8859; 0.58648; 1588.104; 170; 211.8; 
1343.7294; 0.58655; 1584.9572; 170; 212; 
1343.593; 0.58662; 1581.7794; 170; 212.2; 
1343.4617; 0.58669; 1578.5901; 170; 212.4; 
1343.3192; 0.58676; 1575.4026; 170; 212.6; 
1343.1559; 0.58684; 1572.2236; 170; 212.8; 
1342.9656; 0.58691; 1569.0577; 170; 213; 
1342.7427; 0.58699; 1565.876; 170; 213.2; 
1342.4907; 0.58706; 1562.6697; 170; 213.4; 
1342.223; 0.58712; 1559.4635; 170; 213.6; 
1341.9589; 0.58718; 1556.2382; 170; 213.8; 
1341.7155; 0.58722; 1552.9902; 170; 214; 
1341.5013; 0.58725; 1549.778; 170; 214.2; 
1341.3251; 0.58727; 1546.6605; 170; 214.4; 
1341.194; 0.58728; 1543.6671; 170; 214.6; 
1341.1066; 0.58728; 1540.8065; 170; 214.8; 
1341.0587; 0.58728; 1538.1069; 170; 215; 
1341.0363; 0.58727; 1535.603; 170; 215.2; 
1341.0239; 0.58727; 1533.3033; 170; 215.4; 
1341.0117; 0.58726; 1531.234; 170; 215.6; 
1340.9927; 0.58726; 1529.392; 170; 215.8; 
1340.9633; 0.58725; 1527.7347; 170; 216; 
1340.9225; 0.58724; 1526.2599; 170; 216.2; 
1340.8745; 0.58723; 1524.9493; 170; 216.4; 
1340.8262; 0.58722; 1523.7896; 170; 216.6; 
1340.7863; 0.5872; 1522.7572; 170; 216.8; 
1340.7612; 0.58718; 1521.8373; 170; 217; 
1340.7548; 0.58716; 1521.0399; 170; 217.2; 
1340.7686; 0.58713; 1520.3645; 170; 217.4; 
1340.8033; 0.58709; 1519.8358; 170; 217.6; 
1340.8615; 0.58705; 1519.4551; 170; 217.8; 
1340.9457; 0.58701; 1519.2191; 170; 218; 
1341.0548; 0.58697; 1519.1438; 170; 218.2; 
1341.1877; 0.58692; 1519.228; 170; 218.4; 
1341.3387; 0.58687; 1519.4624; 170; 218.6; 
1341.5005; 0.58683; 1519.8317; 170; 218.8; 
1341.6689; 0.58678; 1520.3187; 170; 219; 
1341.8367; 0.58674; 1520.9065; 170; 219.2; 
1341.9966; 0.5867; 1521.5778; 170; 219.4; 
1342.1431; 0.58667; 1522.3171; 170; 219.6; 
1342.2679; 0.58665; 1523.113; 170; 219.8; 
1342.3738; 0.58662; 1523.9557; 170; 220; 
1342.4651; 0.5866; 1524.8356; 170; 220.2; 
1342.5422; 0.58658; 1525.7129; 170; 220.4; 
1342.6052; 0.58656; 1526.5706; 170; 220.6; 
1342.6615; 0.58655; 1527.3933; 170; 220.8; 
1342.7179; 0.58653; 1528.1793; 170; 221; 
1342.7719; 0.58652; 1528.923; 170; 221.2; 
1342.8163; 0.58651; 1529.6285; 170; 221.4; 
1342.8452; 0.5865; 1530.2965; 170; 221.6; 
1342.8599; 0.5865; 1530.9344; 170; 221.8; 
1342.8585; 0.58649; 1531.5524; 170; 222; 
1342.8383; 0.58648; 1532.1523; 170; 222.2; 
1342.792; 0.58647; 1532.7644; 170; 222.4; 
1342.7183; 0.58646; 1533.3855; 170; 222.6; 
1342.6545; 0.58642; 1534.0172; 170; 222.8; 
1342.6711; 0.58635; 1534.7074; 170; 223; 
1342.8452; 0.58621; 1535.545; 170; 223.2; 
1343.2375; 0.58601; 1536.6913; 170; 223.4; 
1343.9077; 0.58573; 1538.3154; 170; 223.6; 
1344.9041; 0.5854; 1540.6163; 170; 223.8; 
1346.214; 0.58507; 1543.7893; 170; 224; 
1347.7865; 0.58475; 1547.9602; 170; 224.2; 
1349.5568; 0.58445; 1552.8955; 170; 224.4; 
1351.4491; 0.58419; 1558.4683; 170; 224.6; 
1353.3901; 0.58396; 1564.7708; 170; 224.8; 
1355.3203; 0.58376; 1571.7565; 170; 225; 
1357.1958; 0.58359; 1579.2982; 170; 225.2; 
1358.9967; 0.58344; 1587.2627; 170; 225.4; 
1360.7255; 0.58331; 1595.4827; 170; 225.6; 
1362.4036; 0.58319; 1603.8218; 170; 225.8; 
1364.0586; 0.58307; 1612.1868; 170; 226; 
1365.7148; 0.58295; 1620.4915; 170; 226.2; 
1367.3927; 0.58284; 1628.6888; 170; 226.4; 
1369.1101; 0.58273; 1636.7571; 170; 226.6; 
1370.8795; 0.58262; 1644.6556; 170; 226.8; 
1372.6992; 0.58251; 1652.3751; 170; 227; 
1374.5625; 0.58241; 1659.9479; 170; 227.2; 
1376.4652; 0.58232; 1667.4006; 170; 227.4; 
1378.3983; 0.58224; 1674.7225; 170; 227.6; 
1380.3416; 0.58217; 1681.8881; 170; 227.8; 
1382.2773; 0.58212; 1688.8931; 170; 228; 
1384.1962; 0.58208; 1695.7106; 170; 228.2; 
1386.0925; 0.58206; 1702.3104; 170; 228.4; 
1387.9651; 0.58204; 1708.656; 170; 228.6; 
1389.8235; 0.58203; 1714.6818; 170; 228.8; 
1391.691; 0.58202; 1720.3734; 170; 229; 
1393.59; 0.582; 1725.7361; 170; 229.2; 
1395.5363; 0.58198; 1730.7948; 170; 229.4; 
1397.5299; 0.58197; 1735.5762; 170; 229.6; 
1399.5596; 0.58196; 1740.1167; 170; 229.8; 
1401.6136; 0.58195; 1744.4271; 170; 230; 
1403.6881; 0.58195; 1748.4845; 170; 230.2; 
1405.7728; 0.58196; 1752.2902; 170; 230.4; 
1407.8599; 0.58198; 1755.8591; 170; 230.6; 
1409.9397; 0.582; 1759.1895; 170; 230.8; 
1412.0076; 0.58203; 1762.2977; 170; 231; 
1414.0648; 0.58206; 1765.2031; 170; 231.2; 
1416.1099; 0.5821; 1768.0416; 170; 231.4; 
1418.1471; 0.58214; 1771.1512; 170; 231.6; 
1420.1785; 0.58219; 1773.9946; 170; 231.8; 
1422.2; 0.58224; 1776.6029; 170; 232; 
1424.2157; 0.58229; 1779.0094; 170; 232.2; 
1426.2297; 0.58233; 1781.2056; 170; 232.4; 
1428.2319; 0.58238; 1783.2024; 170; 232.6; 
1430.2072; 0.58244; 1785.0188; 170; 232.8; 
1432.1426; 0.5825; 1786.6781; 170; 233; 
1434.0319; 0.58256; 1788.171; 170; 233.2; 
1435.8679; 0.58263; 1789.4772; 170; 233.4; 
1437.6506; 0.5827; 1790.5891; 170; 233.6; 
1439.3945; 0.58276; 1791.5305; 170; 233.8; 
1441.1257; 0.5828; 1792.3217; 170; 234; 
1442.8727; 0.58282; 1792.9858; 170; 234.2; 
1444.6666; 0.5828; 1793.5769; 170; 234.4; 
1446.5359; 0.58275; 1794.1892; 170; 234.6; 
1448.4982; 0.58268; 1794.933; 170; 234.8; 
1450.5593; 0.5826; 1795.9172; 170; 235; 
1452.7085; 0.58253; 1797.215; 170; 235.2; 
1454.925; 0.58247; 1798.8533; 170; 235.4; 
1457.1865; 0.58243; 1800.8284; 170; 235.6; 
1459.4685; 0.5824; 1803.0844; 170; 235.8; 
1461.7491; 0.5824; 1805.5479; 170; 236; 
1464.0125; 0.58241; 1808.1299; 170; 236.2; 
1466.2434; 0.58244; 1810.7104; 170; 236.4; 
1468.4255; 0.58249; 1813.1918; 170; 236.6; 
1470.5504; 0.58255; 1815.5243; 170; 236.8; 
1472.6194; 0.58261; 1817.6569; 170; 237; 
1474.6399; 0.58268; 1819.5128; 170; 237.2; 
1476.6266; 0.58274; 1821.0701; 170; 237.4; 
1478.6044; 0.58279; 1822.3622; 170; 237.6; 
1480.5968; 0.58283; 1823.3911; 170; 237.8; 
1482.6215; 0.58284; 1824.209; 170; 238; 
1484.6885; 0.58285; 1824.91; 170; 238.2; 
1486.7996; 0.58286; 1825.5562; 170; 238.4; 
1488.9489; 0.58287; 1826.1843; 170; 238.6; 
1491.1219; 0.5829; 1826.8165; 170; 238.8; 
1493.2998; 0.58293; 1827.4689; 170; 239; 
1495.4709; 0.58298; 1828.1527; 170; 239.2; 
1497.6329; 0.58302; 1828.8384; 170; 239.4; 
1499.78; 0.58308; 1829.4812; 170; 239.6; 
1501.908; 0.58314; 1830.0585; 170; 239.8; 
1504.0195; 0.58319; 1830.5619; 170; 240; 
1506.1202; 0.58325; 1830.9904; 170; 240.2; 
1508.2156; 0.58331; 1831.3468; 170; 240.4; 
1510.3085; 0.58336; 1831.6346; 170; 240.6; 
1512.3931; 0.58343; 1831.8612; 170; 240.8; 
1514.4673; 0.58349; 1832.036; 170; 241; 
1516.5339; 0.58355; 1832.1674; 170; 241.2; 
1518.5922; 0.58362; 1832.2616; 170; 241.4; 
1520.6414; 0.58369; 1832.3246; 170; 241.6; 
1522.6793; 0.58377; 1832.3604; 170; 241.8; 
1524.6986; 0.58385; 1832.3734; 170; 242; 
1526.6947; 0.58393; 1832.3361; 170; 242.2; 
1528.6656; 0.58403; 1832.2406; 170; 242.4; 
1530.6102; 0.58412; 1832.1116; 170; 242.6; 
1532.5258; 0.58422; 1831.932; 170; 242.8; 
1534.4044; 0.58433; 1831.6692; 170; 243; 
1536.2441; 0.58445; 1831.3103; 170; 243.2; 
1538.0513; 0.58456; 1830.8549; 170; 243.4; 
1539.8401; 0.58467; 1830.3021; 170; 243.6; 
1541.6041; 0.58481; 1829.6464; 170; 243.8; 
1543.2957; 0.58499; 1828.8867; 170; 244; 
1544.8461; 0.58522; 1827.9689; 170; 244.2; 
1546.1899; 0.5855; 1826.7842; 170; 244.4; 
1547.2671; 0.58582; 1825.4299; 170; 244.6; 
1548.0319; 0.58617; 1823.8497; 170; 244.8; 
1548.4852; 0.58656; 1821.7379; 170; 245; 
1548.6731; 0.58697; 1818.8622; 170; 245.2; 
1548.6597; 0.58737; 1815.0775; 170; 245.4; 
1548.5165; 0.58775; 1810.2964; 170; 245.6; 
1548.3214; 0.58809; 1804.5671; 170; 245.8; 
1548.1443; 0.58837; 1798.0278; 170; 246; 
1548.0354; 0.5886; 1790.8208; 170; 246.2; 
1548.0211; 0.58879; 1783.1478; 170; 246.4; 
1548.1113; 0.58896; 1775.2441; 170; 246.6; 
1548.2982; 0.58911; 1767.3341; 170; 246.8; 
1548.5658; 0.58926; 1759.5842; 170; 247; 
1548.8909; 0.58942; 1752.1218; 170; 247.2; 
1549.2428; 0.58959; 1744.9977; 170; 247.4; 
1549.5931; 0.58977; 1739.2925; 170; 247.6; 
1549.9171; 0.58996; 1733.975; 170; 247.8; 
1550.194; 0.59015; 1728.7893; 170; 248; 
1550.4099; 0.59036; 1723.6526; 170; 248.2; 
1550.5554; 0.59057; 1718.4878; 170; 248.4; 
1550.6281; 0.59078; 1713.252; 170; 248.6; 
1550.6349; 0.59099; 1707.8927; 170; 248.8; 
1550.5934; 0.59118; 1702.394; 170; 249; 
1550.5267; 0.59135; 1696.7815; 170; 249.2; 
1550.4622; 0.59149; 1691.0804; 170; 249.4; 
1550.4303; 0.5916; 1685.3397; 170; 249.6; 
1550.4689; 0.59168; 1679.6501; 170; 249.8; 
1550.6063; 0.59174; 1674.1145; 170; 250; 
1550.8475; 0.5918; 1668.8407; 170; 250.2; 
1551.182; 0.59187; 1663.9043; 170; 250.4; 
1551.5829; 0.59194; 1659.2986; 170; 250.6; 
1552.0139; 0.59203; 1655.0048; 170; 250.8; 
1552.4348; 0.59214; 1650.9592; 170; 251; 
1552.8075; 0.59226; 1647.0868; 170; 251.2; 
1553.1034; 0.5924; 1643.2963; 170; 251.4; 
1553.3025; 0.59254; 1639.4769; 170; 251.6; 
1553.3994; 0.5927; 1635.5651; 170; 251.8; 
1553.4093; 0.59285; 1631.4972; 170; 252; 
1553.3568; 0.593; 1627.2191; 170; 252.2; 
1553.2694; 0.59314; 1622.7444; 170; 252.4; 
1553.1743; 0.59326; 1618.0867; 170; 252.6; 
1553.1041; 0.59337; 1613.2709; 170; 252.8; 
1553.0791; 0.59345; 1608.3458; 170; 253; 
1553.1005; 0.59353; 1603.3774; 170; 253.2; 
1553.1583; 0.5936; 1598.4351; 170; 253.4; 
1553.2388; 0.59367; 1593.5911; 170; 253.6; 
1553.3303; 0.59373; 1588.879; 170; 253.8; 
1553.4244; 0.59379; 1584.2836; 170; 254; 
1553.5166; 0.59384; 1579.8223; 170; 254.2; 
1553.6034; 0.59389; 1575.5247; 170; 254.4; 
1553.6899; 0.59394; 1571.3977; 170; 254.6; 
1553.7734; 0.59398; 1567.4341; 170; 254.8; 
1553.8384; 0.59403; 1563.6204; 170; 255; 
1553.8795; 0.59407; 1559.941; 170; 255.2; 
1553.9003; 0.59411; 1556.3793; 170; 255.4; 
1553.8982; 0.59415; 1552.9175; 170; 255.6; 
1553.8713; 0.59419; 1549.5419; 170; 255.8; 
1553.828; 0.59422; 1546.241; 170; 256; 
1553.7905; 0.59424; 1543.0354; 170; 256.2; 
1553.776; 0.59425; 1539.9257; 170; 256.4; 
1553.7896; 0.59426; 1536.9109; 170; 256.6; 
1553.829; 0.59425; 1534.0432; 170; 256.8; 
1553.8866; 0.59425; 1531.3392; 170; 257; 
1553.9474; 0.59424; 1528.8054; 170; 257.2; 
1554.0011; 0.59424; 1526.431; 170; 257.4; 
1554.0485; 0.59423; 1524.2058; 170; 257.6; 
1554.092; 0.59422; 1522.1085; 170; 257.8; 
1554.1235; 0.59421; 1520.1237; 170; 258; 
1554.1354; 0.59421; 1518.2631; 170; 258.2; 
1554.1255; 0.5942; 1516.5299; 170; 258.4; 
1554.1051; 0.59419; 1514.8864; 170; 258.6; 
1554.0897; 0.59417; 1513.3094; 170; 258.8; 
1554.0892; 0.59415; 1511.8091; 170; 259; 
1554.1141; 0.59412; 1510.3848; 170; 259.2; 
1554.1636; 0.59409; 1509.0614; 170; 259.4; 
1554.2162; 0.59406; 1507.8442; 170; 259.6; 
1554.2605; 0.59403; 1506.7014; 170; 259.8; 
1554.2891; 0.59401; 1505.6444; 170; 260; 
1554.293; 0.59398; 1504.6776; 170; 260.2; 
1554.2594; 0.59395; 1503.76; 170; 260.4; 
1554.1885; 0.59393; 1502.9015; 170; 260.6; 
1554.0947; 0.59391; 1502.0928; 170; 260.8; 
1553.9912; 0.59389; 1501.3043; 170; 261; 
1553.8923; 0.59386; 1500.522; 170; 261.2; 
1553.803; 0.59383; 1499.7313; 170; 261.4; 
1553.7332; 0.5938; 1498.9606; 170; 261.6; 
1553.6957; 0.59375; 1498.2217; 170; 261.8; 
1553.7025; 0.59369; 1497.5231; 170; 262; 
1553.7588; 0.59363; 1496.8927; 170; 262.2; 
1553.8628; 0.59356; 1496.3715; 170; 262.4; 
1553.9943; 0.5935; 1495.972; 170; 262.6; 
1554.1279; 0.59345; 1495.701; 170; 262.8; 
1554.2468; 0.5934; 1495.5466; 170; 263; 
1554.3337; 0.59337; 1495.4709; 170; 263.2; 
1554.3766; 0.59334; 1495.447; 170; 263.4; 
1554.3766; 0.59332; 1495.4249; 170; 263.6; 
1554.3403; 0.5933; 1495.3795; 170; 263.8; 
1554.2725; 0.59328; 1495.293; 170; 264; 
1554.1791; 0.59326; 1495.131; 170; 264.2; 
1554.0773; 0.59324; 1494.8781; 170; 264.4; 
1553.9823; 0.59322; 1494.5291; 170; 264.6; 
1553.9001; 0.59319; 1494.0868; 170; 264.8; 
1553.8336; 0.59315; 1493.5588; 170; 265; 
1553.7853; 0.59312; 1492.9866; 170; 265.2; 
1553.7543; 0.59308; 1492.3927; 170; 265.4; 
1553.7426; 0.59303; 1491.7969; 170; 265.6; 
1553.7515; 0.59299; 1491.2374; 170; 265.8; 
1553.7767; 0.59294; 1490.7018; 170; 266; 
1553.8099; 0.5929; 1490.187; 170; 266.2; 
1553.847; 0.59285; 1489.7163; 170; 266.4; 
1553.8813; 0.59281; 1489.3003; 170; 266.6; 
1553.9016; 0.59277; 1488.911; 170; 266.8; 
1553.9067; 0.59274; 1488.5374; 170; 267; 
1553.9067; 0.59269; 1488.1666; 170; 267.2; 
1553.9126; 0.59265; 1487.7627; 170; 267.4; 
1553.9232; 0.59261; 1487.3379; 170; 267.6; 
1553.936; 0.59256; 1486.8953; 170; 267.8; 
1553.9482; 0.59252; 1486.4459; 170; 268; 
1553.9681; 0.59247; 1485.9913; 170; 268.2; 
1554.0088; 0.59241; 1485.5391; 170; 268.4; 
1554.0791; 0.59235; 1485.1189; 170; 268.6; 
1554.1809; 0.59228; 1484.7465; 170; 268.8; 
1554.3086; 0.59221; 1484.4324; 170; 269; 
1554.451; 0.59213; 1484.2073; 170; 269.2; 
1554.592; 0.59205; 1484.1068; 170; 269.4; 
1554.7146; 0.59198; 1484.1162; 170; 269.6; 
1554.8047; 0.59191; 1484.2266; 170; 269.8; 
1554.853; 0.59184; 1484.4194; 170; 270; 
1554.848; 0.59178; 1484.6857; 170; 270.2; 
1554.7734; 0.59173; 1485.0007; 170; 270.4; 
1554.6295; 0.59168; 1485.337; 170; 270.6; 
1554.4399; 0.59162; 1485.6521; 170; 270.8; 
1554.2355; 0.59153; 1485.9224; 170; 271; 
1554.0521; 0.59142; 1486.2029; 170; 271.2; 
1553.925; 0.59128; 1486.5493; 170; 271.4; 
1553.8804; 0.59111; 1487.0188; 170; 271.6; 
1553.9296; 0.59092; 1487.7213; 170; 271.8; 
1554.0676; 0.59074; 1488.7551; 170; 272; 
1554.2756; 0.59056; 1490.1592; 170; 272.2; 
1554.53; 0.59041; 1491.9355; 170; 272.4; 
1554.8085; 0.59027; 1494.0631; 170; 272.6; 
1555.0896; 0.59015; 1496.4779; 170; 272.8; 
1555.3542; 0.59004; 1499.0984; 170; 273; 
1555.5863; 0.58996; 1501.8618; 170; 273.2; 
1555.7695; 0.58989; 1504.6588; 170; 273.4; 
1555.8964; 0.58984; 1507.4012; 170; 273.6; 
1555.9603; 0.5898; 1510.0356; 170; 273.8; 
1555.9578; 0.58977; 1512.4805; 170; 274; 
1555.8983; 0.58974; 1514.7098; 170; 274.2; 
1555.8059; 0.58971; 1516.7145; 170; 274.4; 
1555.7061; 0.58966; 1518.474; 170; 274.6; 
1555.6156; 0.5896; 1520.0233; 170; 274.8; 
1555.5503; 0.58954; 1521.4218; 170; 275; 
1555.519; 0.58946; 1522.7411; 170; 275.2; 
1555.5206; 0.58939; 1524.0557; 170; 275.4; 
1555.5547; 0.58931; 1525.411; 170; 275.6; 
1555.6187; 0.58923; 1526.83; 170; 275.8; 
1555.7078; 0.58916; 1528.3203; 170; 276; 
1555.8121; 0.5891; 1529.8793; 170; 276.2; 
1555.9141; 0.58906; 1531.5034; 170; 276.4; 
1556.0012; 0.58902; 1533.1552; 170; 276.6; 
1556.062; 0.589; 1534.7842; 170; 276.8; 
1556.0878; 0.58898; 1536.364; 170; 277; 
1556.0797; 0.58897; 1537.8511; 170; 277.2; 
1556.0459; 0.58896; 1539.1967; 170; 277.4; 
1555.991; 0.58895; 1540.3801; 170; 277.6; 
1555.9174; 0.58895; 1541.3993; 170; 277.8; 
1555.8334; 0.58894; 1542.2629; 170; 278; 
1555.7429; 0.58893; 1542.9832; 170; 278.2; 
1555.6461; 0.58893; 1543.5763; 170; 278.4; 
1555.5442; 0.58892; 1544.0582; 170; 278.6; 
1555.434; 0.58892; 1544.4462; 170; 278.8; 
1555.3156; 0.58892; 1544.7242; 170; 279; 
1555.1903; 0.58892; 1544.8944; 170; 279.2; 
1555.0582; 0.58893; 1544.959; 170; 279.4; 
1554.9198; 0.58893; 1544.9327; 170; 279.6; 
1554.78; 0.58892; 1544.8579; 170; 279.8; 
1554.6473; 0.58891; 1544.7291; 170; 280; 
1554.5267; 0.5889; 1544.5837; 170; 280.2; 
1554.4227; 0.58888; 1544.4666; 170; 280.4; 
1554.3395; 0.58886; 1544.3739; 170; 280.6; 
1554.2751; 0.58883; 1544.3317; 170; 280.8; 
1554.2219; 0.58882; 1544.348; 170; 281; 
1554.1744; 0.5888; 1544.4307; 170; 281.2; 
1554.1281; 0.58879; 1544.605; 170; 281.4; 
1554.073; 0.58879; 1544.8492; 170; 281.6; 
1554.0034; 0.58879; 1545.1543; 170; 281.8; 
1553.9213; 0.58879; 1545.5057; 170; 282; 
1553.829; 0.58879; 1545.8643; 170; 282.2; 
1553.7269; 0.58879; 1546.2388; 170; 282.4; 
1553.6183; 0.58879; 1546.6283; 170; 282.6; 
1553.5052; 0.58879; 1547.0385; 170; 282.8; 
1553.3944; 0.58878; 1547.4995; 170; 283; 
1553.2968; 0.58877; 1548.0254; 170; 283.2; 
1553.218; 0.58876; 1548.6169; 170; 283.4; 
1553.1563; 0.58874; 1549.269; 170; 283.6; 
1553.1044; 0.58873; 1549.9742; 170; 283.8; 
1553.0515; 0.58873; 1550.7255; 170; 284; 
1552.9869; 0.58874; 1551.5168; 170; 284.2; 
1552.9027; 0.58876; 1552.3428; 170; 284.4; 
1552.7932; 0.58878; 1553.1643; 170; 284.6; 
1552.6519; 0.58882; 1553.9323; 170; 284.8; 
1552.4729; 0.58886; 1554.6218; 170; 285; 
1552.2584; 0.5889; 1555.1927; 170; 285.2; 
1552.0156; 0.58894; 1555.6329; 170; 285.4; 
1551.7532; 0.58897; 1555.9402; 170; 285.6; 
1551.485; 0.589; 1556.0955; 170; 285.8; 
1551.2278; 0.58901; 1556.1304; 170; 286; 
1550.9991; 0.58901; 1556.0975; 170; 286.2; 
1550.8143; 0.58899; 1556.0625; 170; 286.4; 
1550.6826; 0.58895; 1556.0891; 170; 286.6; 
1550.6089; 0.58891; 1556.2433; 170; 286.8; 
1550.5923; 0.58887; 1556.5811; 170; 287; 
1550.626; 0.58882; 1557.1233; 170; 287.2; 
1550.6981; 0.58878; 1557.8694; 170; 287.4; 
1550.7968; 0.58875; 1558.8068; 170; 287.6; 
1550.9065; 0.58874; 1559.9149; 170; 287.8; 
1551.0073; 0.58874; 1561.1412; 170; 288; 
1551.0857; 0.58874; 1562.4222; 170; 288.2; 
1551.1317; 0.58876; 1563.7174; 170; 288.4; 
1551.1416; 0.58879; 1564.9706; 170; 288.6; 
1551.1178; 0.58881; 1566.1255; 170; 288.8; 
1551.0692; 0.58884; 1567.1565; 170; 289; 
1551.0096; 0.58885; 1568.026; 170; 289.2; 
1550.9624; 0.58884; 1568.7323; 170; 289.4; 
1550.9502; 0.58882; 1569.3362; 170; 289.6; 
1551.0023; 0.58877; 1569.9364; 170; 289.8; 
1551.1393; 0.58873; 1570.5782; 170; 290; 
1551.3594; 0.58869; 1571.2887; 170; 290.2; 
1551.6501; 0.58867; 1572.108; 170; 290.4; 
1551.9872; 0.58867; 1573.0519; 170; 290.6; 
1552.3334; 0.58869; 1574.058; 170; 290.8; 
1552.6522; 0.58873; 1575.0364; 170; 291; 
1552.9154; 0.5888; 1575.934; 170; 291.2; 
1553.1038; 0.58888; 1576.6619; 170; 291.4; 
1553.2084; 0.58897; 1577.1243; 170; 291.6; 
1553.234; 0.58907; 1577.2487; 170; 291.8; 
1553.1902; 0.58917; 1576.9883; 170; 292; 
1553.1035; 0.58927; 1576.3381; 170; 292.2; 
1553.0049; 0.58936; 1575.3156; 170; 292.4; 
1552.9098; 0.58944; 1573.9543; 170; 292.6; 
1552.8317; 0.58951; 1572.2955; 170; 292.8; 
1552.7926; 0.58957; 1570.4131; 170; 293; 
1552.8029; 0.58962; 1568.3896; 170; 293.2; 
1552.863; 0.58966; 1566.281; 170; 293.4; 
1552.9678; 0.58969; 1564.1581; 170; 293.6; 
1553.1108; 0.58972; 1562.09; 170; 293.8; 
1553.283; 0.58975; 1560.1134; 170; 294; 
1553.4645; 0.58979; 1558.244; 170; 294.2; 
1553.6333; 0.58982; 1556.4547; 170; 294.4; 
1553.7771; 0.58987; 1554.7288; 170; 294.6; 
1553.8921; 0.58991; 1553.0496; 170; 294.8; 
1553.9764; 0.58996; 1551.377; 170; 295; 
1554.0302; 0.59001; 1549.687; 170; 295.2; 
1554.0575; 0.59006; 1547.9996; 170; 295.4; 
1554.0642; 0.59011; 1546.3221; 170; 295.6; 
1554.0625; 0.59015; 1544.6299; 170; 295.8; 
1554.0618; 0.59019; 1542.9094; 170; 296; 
1554.0626; 0.59022; 1541.1542; 170; 296.2; 
1554.0653; 0.59026; 1539.3943; 170; 296.4; 
1554.0692; 0.59029; 1537.6444; 170; 296.6; 
1554.0801; 0.59031; 1535.9175; 170; 296.8; 
1554.1033; 0.59033; 1534.2152; 170; 297; 
1554.1421; 0.59034; 1532.5427; 170; 297.2; 
1554.2035; 0.59035; 1530.9287; 170; 297.4; 
1554.2946; 0.59035; 1529.3865; 170; 297.6; 
1554.4156; 0.59034; 1527.9192; 170; 297.8; 
1554.5669; 0.59033; 1526.5551; 170; 298; 
1554.741; 0.59032; 1525.3002; 170; 298.2; 
1554.9288; 0.59031; 1524.1567; 170; 298.4; 
1555.1261; 0.59029; 1523.1147; 170; 298.6; 
1555.328; 0.59028; 1522.1656; 170; 298.8; 
1555.5226; 0.59027; 1521.2944; 170; 299; 
1555.6991; 0.59026; 1520.4612; 170; 299.2; 
1555.8604; 0.59025; 1519.6741; 170; 299.4; 
1556.0103; 0.59025; 1518.9291; 170; 299.6; 
1556.1545; 0.59024; 1518.1945; 170; 299.8; 
1556.2971; 0.59022; 1517.4518; 170; 300; 
1556.4475; 0.59021; 1516.7239; 170; 300.2; 
1556.6169; 0.59018; 1516.0159; 170; 300.4; 
1556.8085; 0.59016; 1515.3354; 170; 300.6; 
1557.0165; 0.59013; 1514.7106; 170; 300.8; 
1557.2335; 0.59011; 1514.155; 170; 301; 
1557.4518; 0.59008; 1513.6725; 170; 301.2; 
1557.6615; 0.59006; 1513.2622; 170; 301.4; 
1557.8595; 0.59004; 1512.918; 170; 301.6; 
1558.0442; 0.59002; 1512.6344; 170; 301.8; 
1558.2158; 0.59; 1512.4058; 170; 302; 
1558.3867; 0.58998; 1512.2242; 170; 302.2; 
1558.5681; 0.58996; 1512.0836; 170; 302.4; 
1558.7623; 0.58993; 1512.0074; 170; 302.6; 
1558.9696; 0.5899; 1512.033; 170; 302.8; 
1559.1843; 0.58988; 1512.144; 170; 303; 
1559.401; 0.58985; 1512.3301; 170; 303.2; 
1559.6118; 0.58983; 1512.608; 170; 303.4; 
1559.8079; 0.58982; 1512.9823; 170; 303.6; 
1559.9883; 0.5898; 1513.4183; 170; 303.8; 
1560.1558; 0.58979; 1513.8973; 170; 304; 
1560.3088; 0.58978; 1514.4009; 170; 304.2; 
1560.4521; 0.58977; 1514.9225; 170; 304.4; 
1560.5963; 0.58976; 1515.4515; 170; 304.6; 
1560.7495; 0.58974; 1515.9868; 170; 304.8; 
1560.915; 0.58973; 1516.5193; 170; 305; 
1561.0873; 0.58971; 1517.0497; 170; 305.2; 
1561.2568; 0.5897; 1517.6053; 170; 305.4; 
1561.4203; 0.5897; 1518.1689; 170; 305.6; 
1561.5723; 0.58969; 1518.7378; 170; 305.8; 
1561.7208; 0.58968; 1519.303; 170; 306; 
1561.8762; 0.58968; 1519.8647; 170; 306.2; 
1562.0388; 0.58967; 1520.4167; 170; 306.4; 
1562.201; 0.58966; 1520.9622; 170; 306.6; 
1562.3606; 0.58966; 1521.4976; 170; 306.8; 
1562.5208; 0.58965; 1521.9971; 170; 307; 
1562.6892; 0.58965; 1522.4771; 170; 307.2; 
1562.8687; 0.58964; 1522.9434; 170; 307.4; 
1563.0547; 0.58963; 1523.3735; 170; 307.6; 
1563.2428; 0.58963; 1523.7563; 170; 307.8; 
1563.4349; 0.58962; 1524.1205; 170; 308; 
1563.6326; 0.58962; 1524.4774; 170; 308.2; 
1563.8284; 0.58961; 1524.8081; 170; 308.4; 
1564.0157; 0.58961; 1525.1034; 170; 308.6; 
1564.1993; 0.58961; 1525.3594; 170; 308.8; 
1564.3818; 0.58961; 1525.5765; 170; 309; 
1564.5571; 0.58961; 1525.7889; 170; 309.2; 
1564.7231; 0.58961; 1525.9799; 170; 309.4; 
1564.8851; 0.58962; 1526.1184; 170; 309.6; 
1565.0388; 0.58963; 1526.2166; 170; 309.8; 
1565.1768; 0.58964; 1526.2838; 170; 310; 
1565.3016; 0.58965; 1526.2958; 170; 310.2; 
1565.4158; 0.58966; 1526.248; 170; 310.4; 
1565.5215; 0.58967; 1526.1372; 170; 310.6; 
1565.6278; 0.58966; 1525.9456; 170; 310.8; 
1565.7368; 0.58966; 1525.6855; 170; 311; 
1565.8374; 0.58965; 1525.3987; 170; 311.2; 
1565.9126; 0.58965; 1525.1129; 170; 311.4; 
1565.9493; 0.58965; 1524.8461; 170; 311.6; 
1565.9431; 0.58965; 1524.5763; 170; 311.8; 
1565.89; 0.58965; 1524.2957; 170; 312; 
1565.7904; 0.58966; 1524.022; 170; 312.2; 
1565.6553; 0.58965; 1523.7527; 170; 312.4; 
1565.5096; 0.58962; 1523.484; 170; 312.6; 
1565.3817; 0.58957; 1523.2729; 170; 312.8; 
1565.2924; 0.5895; 1523.1766; 170; 313; 
1565.2567; 0.58942; 1523.251; 170; 313.2; 
1565.283; 0.58932; 1523.5433; 170; 313.4; 
1565.3694; 0.58922; 1524.0964; 170; 313.6; 
1565.5002; 0.58914; 1524.9417; 170; 313.8; 
1565.6528; 0.58907; 1526.0826; 170; 314; 
1565.8036; 0.58902; 1527.4724; 170; 314.2; 
1565.9283; 0.58899; 1529.0421; 170; 314.4; 
1566.0057; 0.58898; 1530.707; 170; 314.6; 
1566.02; 0.58899; 1532.3558; 170; 314.8; 
1565.9631; 0.58902; 1533.8979; 170; 315; 
1565.8374; 0.58904; 1535.2548; 170; 315.2; 
1565.6501; 0.58908; 1536.332; 170; 315.4; 
1565.4127; 0.58911; 1537.0955; 170; 315.6; 
1565.1334; 0.58915; 1537.5383; 170; 315.8; 
1564.822; 0.58918; 1537.6504; 170; 316; 
1564.4962; 0.5892; 1537.479; 170; 316.2; 
1564.1732; 0.58921; 1537.0634; 170; 316.4; 
1563.8665; 0.58921; 1536.4453; 170; 316.6; 
1563.5852; 0.5892; 1535.6874; 170; 316.8; 
1563.3328; 0.58918; 1534.8657; 170; 317; 
1563.1086; 0.58917; 1534.0239; 170; 317.2; 
1562.911; 0.58914; 1533.1935; 170; 317.4; 
1562.7339; 0.58913; 1532.4161; 170; 317.6; 
1562.5627; 0.58912; 1531.6802; 170; 317.8; 
1562.3818; 0.58913; 1530.9521; 170; 318; 
1562.1772; 0.58914; 1530.2129; 170; 318.2; 
1561.9446; 0.58915; 1529.4523; 170; 318.4; 
1561.6807; 0.58917; 1528.6639; 170; 318.6; 
1561.3805; 0.58919; 1527.816; 170; 318.8; 
1561.049; 0.58922; 1526.8672; 170; 319; 
1560.6946; 0.58924; 1525.8323; 170; 319.2; 
1560.3269; 0.58925; 1524.7209; 170; 319.4; 
1559.9607; 0.58925; 1523.5182; 170; 319.6; 
1559.6104; 0.58924; 1522.2511; 170; 319.8; 
1559.2838; 0.58921; 1520.9657; 170; 320; 
1558.9873; 0.58918; 1519.6892; 170; 320.2; 
1558.7219; 0.58915; 1518.4678; 170; 320.4; 
1558.4836; 0.58912; 1517.318; 170; 320.6; 
1558.2628; 0.58909; 1516.2527; 170; 320.8; 
1558.0524; 0.58906; 1515.2708; 170; 321; 
1557.8502; 0.58903; 1514.3706; 170; 321.2; 
1557.6498; 0.589; 1513.5405; 170; 321.4; 
1557.4449; 0.58898; 1512.7429; 170; 321.6; 
1557.2312; 0.58896; 1511.9545; 170; 321.8; 
1557.0062; 0.58894; 1511.1619; 170; 322; 
1556.7712; 0.58892; 1510.3588; 170; 322.2; 
1556.533; 0.58889; 1509.5411; 170; 322.4; 
1556.2948; 0.58887; 1508.7073; 170; 322.6; 
1556.0592; 0.58883; 1507.8582; 170; 322.8; 
1555.8309; 0.5888; 1506.9941; 170; 323; 
1555.6122; 0.58875; 1506.1188; 170; 323.2; 
1555.4092; 0.5887; 1505.2378; 170; 323.4; 
1555.2344; 0.58864; 1504.3842; 170; 323.6; 
1555.0909; 0.58857; 1503.5996; 170; 323.8; 
1554.9768; 0.5885; 1502.9088; 170; 324; 
1554.894; 0.58841; 1502.3243; 170; 324.2; 
1554.8524; 0.58832; 1501.87; 170; 324.4; 
1554.8645; 0.58824; 1501.5802; 170; 324.6; 
1554.9348; 0.58815; 1501.4629; 170; 324.8; 
1555.0576; 0.58808; 1501.5111; 170; 325; 
1555.2178; 0.58802; 1501.6748; 170; 325.2; 
1555.3867; 0.58798; 1501.9244; 170; 325.4; 
1555.5354; 0.58796; 1502.2351; 170; 325.6; 
1555.6393; 0.58795; 1502.527; 170; 325.8; 
1555.6776; 0.58796; 1502.7299; 170; 326; 
1555.6417; 0.58799; 1502.7762; 170; 326.2; 
1555.5378; 0.58802; 1502.6096; 170; 326.4; 
1555.376; 0.58805; 1502.2102; 170; 326.6; 
1555.1724; 0.58809; 1501.5488; 170; 326.8; 
1554.9476; 0.58811; 1500.5973; 170; 327; 
1554.7252; 0.58813; 1499.3872; 170; 327.2; 
1554.5219; 0.58814; 1497.9812; 170; 327.4; 
1554.3503; 0.58814; 1496.4281; 170; 327.6; 
1554.2279; 0.58812; 1494.766; 170; 327.8; 
1554.1637; 0.5881; 1493.0525; 170; 328; 
1554.1512; 0.58807; 1491.349; 170; 328.2; 
1554.1693; 0.58804; 1489.6919; 170; 328.4; 
1554.1984; 0.58802; 1488.1342; 170; 328.6; 
1554.2274; 0.588; 1486.6964; 170; 328.8; 
1554.2527; 0.58797; 1485.3589; 170; 329; 
1554.2758; 0.58795; 1484.1017; 170; 329.2; 
1554.2963; 0.58792; 1482.9412; 170; 329.4; 
1554.3107; 0.5879; 1481.8748; 170; 329.6; 
1554.3147; 0.58787; 1480.9027; 170; 329.8; 
1554.3082; 0.58785; 1480.0148; 170; 330; 
1554.3046; 0.58782; 1479.2054; 170; 330.2; 
1554.3129; 0.58779; 1478.4937; 170; 330.4; 
1554.3345; 0.58775; 1477.8846; 170; 330.6; 
1554.3737; 0.58771; 1477.3745; 170; 330.8; 
1554.4341; 0.58767; 1476.9882; 170; 331; 
1554.5121; 0.58762; 1476.7583; 170; 331.2; 
1554.6027; 0.58758; 1476.6952; 170; 331.4; 
1554.7039; 0.58753; 1476.7937; 170; 331.6; 
1554.8047; 0.58749; 1477.075; 170; 331.8; 
1554.8971; 0.58745; 1477.5339; 170; 332; 
1554.9818; 0.58742; 1478.1323; 170; 332.2; 
1555.0587; 0.58738; 1478.8394; 170; 332.4; 
1555.1361; 0.58735; 1479.6294; 170; 332.6; 
1555.2178; 0.58731; 1480.514; 170; 332.8; 
1555.3013; 0.58728; 1481.4866; 170; 333; 
1555.3723; 0.58726; 1482.5115; 170; 333.2; 
1555.4216; 0.58724; 1483.5342; 170; 333.4; 
1555.4519; 0.58722; 1484.5282; 170; 333.6; 
1555.4642; 0.58721; 1485.5065; 170; 333.8; 
1555.4607; 0.5872; 1486.4452; 170; 334; 
1555.4468; 0.58719; 1487.3057; 170; 334.2; 
1555.4243; 0.58718; 1488.1014; 170; 334.4; 
1555.3945; 0.58718; 1488.837; 170; 334.6; 
1555.3524; 0.58718; 1489.4911; 170; 334.8; 
1555.2877; 0.58719; 1490.056; 170; 335; 
1555.1932; 0.5872; 1490.5334; 170; 335.2; 
1555.0652; 0.58722; 1490.9327; 170; 335.4; 
1554.9135; 0.58724; 1491.2653; 170; 335.6; 
1554.7594; 0.58724; 1491.5089; 170; 335.8; 
1554.6239; 0.58725; 1491.6597; 170; 336; 
1554.5145; 0.58725; 1491.7469; 170; 336.2; 
1554.4263; 0.58725; 1491.79; 170; 336.4; 
1554.3544; 0.58724; 1491.8375; 170; 336.6; 
1554.2993; 0.58724; 1491.912; 170; 336.8; 
1554.2587; 0.58723; 1491.9984; 170; 337; 
1554.2313; 0.58723; 1492.119; 170; 337.2; 
1554.2131; 0.58722; 1492.2791; 170; 337.4; 
1554.1998; 0.58721; 1492.4843; 170; 337.6; 
1554.1837; 0.58721; 1492.7288; 170; 337.8; 
1554.1523; 0.58722; 1492.9803; 170; 338; 
1554.0986; 0.58722; 1493.254; 170; 338.2; 
1554.0289; 0.58723; 1493.5544; 170; 338.4; 
1553.9573; 0.58723; 1493.8533; 170; 338.6; 
1553.897; 0.58723; 1494.1344; 170; 338.8; 
1553.8502; 0.58723; 1494.3873; 170; 339; 
1553.8138; 0.58723; 1494.6095; 170; 339.2; 
1553.7888; 0.58722; 1494.8334; 170; 339.4; 
1553.7828; 0.58721; 1495.0715; 170; 339.6; 
1553.7941; 0.58721; 1495.3027; 170; 339.8; 
1553.8076; 0.5872; 1495.5461; 170; 340; 
1553.8114; 0.5872; 1495.809; 170; 340.2; 
1553.8064; 0.5872; 1496.068; 170; 340.4; 
1553.7955; 0.5872; 1496.3102; 170; 340.6; 
1553.7825; 0.5872; 1496.5276; 170; 340.8; 
1553.7686; 0.5872; 1496.7188; 170; 341; 
1553.7588; 0.5872; 1496.8508; 170; 341.2; 
1553.7587; 0.58719; 1496.9155; 170; 341.4; 
1553.7721; 0.58719; 1496.936; 170; 341.6; 
1553.8002; 0.58718; 1496.9287; 170; 341.8; 
1553.8353; 0.58717; 1496.9041; 170; 342; 
1553.8677; 0.58717; 1496.8694; 170; 342.2; 
1553.8879; 0.58717; 1496.8298; 170; 342.4; 
1553.8922; 0.58717; 1496.7915; 170; 342.6; 
1553.8878; 0.58717; 1496.7261; 170; 342.8; 
1553.887; 0.58717; 1496.6232; 170; 343; 
1553.8972; 0.58716; 1496.473; 170; 343.2; 
1553.9229; 0.58715; 1496.2773; 170; 343.4; 
1553.9607; 0.58714; 1496.0646; 170; 343.6; 
1554.0001; 0.58714; 1495.8535; 170; 343.8; 
1554.0297; 0.58713; 1495.6221; 170; 344; 
1554.0422; 0.58714; 1495.3662; 170; 344.2; 
1554.0393; 0.58713; 1495.0817; 170; 344.4; 
1554.032; 0.58713; 1494.7723; 170; 344.6; 
1554.0334; 0.58712; 1494.437; 170; 344.8; 
1554.0536; 0.58711; 1494.0806; 170; 345; 
1554.0969; 0.58709; 1493.7032; 170; 345.2; 
1554.1583; 0.58707; 1493.3086; 170; 345.4; 
1554.226; 0.58706; 1492.9221; 170; 345.6; 
1554.2869; 0.58705; 1492.5627; 170; 345.8; 
1554.3309; 0.58706; 1492.2271; 170; 346; 
1554.303; 0.5871; 1491.8813; 170; 346.2; 
1554.1215; 0.58717; 1491.4758; 170; 346.4; 
1553.7172; 0.58728; 1490.9235; 170; 346.6; 
1553.0353; 0.58744; 1490.1222; 170; 346.8; 
1552.0342; 0.58764; 1488.962; 170; 347; 
1550.6825; 0.58788; 1487.2833; 170; 347.2; 
1548.9655; 0.58816; 1484.9338; 170; 347.4; 
1546.9335; 0.58847; 1481.8024; 170; 347.6; 
1544.6932; 0.58878; 1477.823; 170; 347.8; 
1542.3585; 0.58908; 1472.9877; 170; 348; 
1540.0205; 0.58934; 1467.3396; 170; 348.2; 
1537.7448; 0.58957; 1460.9792; 170; 348.4; 
1535.5587; 0.58977; 1454.0632; 170; 348.6; 
1533.4623; 0.58995; 1446.7706; 170; 348.8; 
1531.4324; 0.59013; 1439.2902; 170; 349; 
1529.4395; 0.5903; 1431.8054; 170; 349.2; 
1527.4554; 0.59046; 1424.422; 170; 349.4; 
1525.4584; 0.59062; 1417.1995; 170; 349.6; 
1523.4355; 0.59079; 1410.1592; 170; 349.8; 
1521.3727; 0.59095; 1403.3083; 170; 350; 
1519.2562; 0.59111; 1396.6672; 170; 350.2; 
1517.0815; 0.59127; 1390.2045; 170; 350.4; 
1514.8533; 0.59142; 1383.8754; 170; 350.6; 
1512.578; 0.59157; 1377.646; 170; 350.8; 
1510.265; 0.59172; 1371.4836; 170; 351; 
1507.9261; 0.59185; 1365.3652; 170; 351.2; 
1505.5741; 0.59197; 1359.2764; 170; 351.4; 
1503.2184; 0.59208; 1353.3481; 170; 351.6; 
1500.8699; 0.59218; 1348.4241; 170; 351.8; 
1498.5358; 0.59227; 1343.6484; 170; 352; 
1496.2249; 0.59234; 1339.0359; 170; 352.2; 
1493.9414; 0.59241; 1334.6453; 170; 352.4; 
1491.687; 0.59246; 1330.4902; 170; 352.6; 
1489.4515; 0.59251; 1326.5713; 170; 352.8; 
1487.2212; 0.59256; 1322.9016; 170; 353; 
1484.989; 0.59261; 1319.5084; 170; 353.2; 
1482.7546; 0.59265; 1316.386; 170; 353.4; 
1480.5161; 0.59269; 1313.4877; 170; 353.6; 
1478.2716; 0.59272; 1310.806; 170; 353.8; 
1476.0238; 0.59275; 1308.3199; 170; 354; 
1473.7791; 0.59277; 1306.0106; 170; 354.2; 
1471.5441; 0.59279; 1303.8831; 170; 354.4; 
1469.3219; 0.59279; 1301.9314; 170; 354.6; 
1467.1213; 0.5928; 1300.1392; 170; 354.8; 
1464.9425; 0.5928; 1298.5198; 170; 355; 
1462.7738; 0.5928; 1297.0636; 170; 355.2; 
1460.6029; 0.5928; 1295.7614; 170; 355.4; 
1458.4246; 0.5928; 1294.6272; 170; 355.6; 
1456.2385; 0.5928; 1293.6284; 170; 355.8; 
1454.0459; 0.59279; 1292.7432; 170; 356; 
1451.854; 0.59279; 1291.9783; 170; 356.2; 
1449.6648; 0.59278; 1291.3297; 170; 356.4; 
1447.4774; 0.59277; 1290.7869; 170; 356.6; 
1445.2856; 0.59277; 1290.3375; 170; 356.8; 
1443.0842; 0.59276; 1290.0032; 170; 357; 
1440.8755; 0.59275; 1289.786; 170; 357.2; 
1438.6686; 0.59274; 1289.6543; 170; 357.4; 
1436.4736; 0.59272; 1289.5814; 170; 357.6; 
1434.2942; 0.59271; 1289.5813; 170; 357.8; 
1432.1284; 0.59268; 1289.6525; 170; 358; 
1429.9774; 0.59266; 1289.7974; 170; 358.2; 
1427.849; 0.59263; 1290.0378; 170; 358.4; 
1425.7458; 0.5926; 1290.3832; 170; 358.6; 
1423.6639; 0.59256; 1290.8297; 170; 358.8; 
1421.604; 0.59253; 1291.3691; 170; 359; 
1419.5541; 0.5925; 1291.989; 170; 359.2; 
1417.4966; 0.59248; 1292.6759; 170; 359.4; 
1415.4186; 0.59246; 1293.4235; 170; 359.6; 
1413.3241; 0.59244; 1294.2234; 170; 359.8; 
1411.2206; 0.59242; 1295.0671; 170; 360; 
1409.1075; 0.5924; 1295.9451; 170; 360.2; 
1406.9828; 0.59239; 1296.8506; 170; 360.4; 
1404.8477; 0.59238; 1297.7784; 170; 360.6; 
1402.7041; 0.59237; 1298.7247; 170; 360.8; 
1400.5553; 0.59236; 1299.6855; 170; 361; 
1398.4061; 0.59235; 1300.6584; 170; 361.2; 
1396.26; 0.59234; 1301.6735; 170; 361.4; 
1394.1194; 0.59232; 1302.7399; 170; 361.6; 
1391.9885; 0.59231; 1303.8643; 170; 361.8; 
1389.8624; 0.5923; 1305.0405; 170; 362; 
1387.7336; 0.59229; 1306.2678; 170; 362.2; 
1385.5977; 0.59229; 1307.5708; 170; 362.4; 
1383.4539; 0.59229; 1308.927; 170; 362.6; 
1381.3035; 0.59229; 1310.3279; 170; 362.8; 
1379.1547; 0.59228; 1311.7593; 170; 363; 
1377.0157; 0.59228; 1313.2155; 170; 363.2; 
1374.8845; 0.59227; 1314.7196; 170; 363.4; 
1372.7681; 0.59227; 1316.2484; 170; 363.6; 
1370.6703; 0.59226; 1317.7922; 170; 363.8; 
1368.5809; 0.59226; 1319.3668; 170; 364; 
1366.4835; 0.59227; 1320.9481; 170; 364.2; 
1364.3636; 0.59228; 1322.5298; 170; 364.4; 
1362.2197; 0.5923; 1324.104; 170; 364.6; 
1360.059; 0.59232; 1325.6398; 170; 364.8; 
1357.8873; 0.59234; 1327.1216; 170; 365; 
1355.713; 0.59235; 1328.5425; 170; 365.2; 
1353.5442; 0.59237; 1329.9008; 170; 365.4; 
1351.3785; 0.59239; 1331.1995; 170; 365.6; 
1349.2152; 0.59241; 1332.4446; 170; 365.8; 
1347.0601; 0.59243; 1333.6736; 170; 366; 
1344.9083; 0.59245; 1334.9008; 170; 366.2; 
1342.7428; 0.59248; 1336.1088; 170; 366.4; 
1340.5515; 0.59252; 1337.2888; 170; 366.6; 
1338.3307; 0.59256; 1338.4075; 170; 366.8; 
1336.079; 0.59261; 1339.4529; 170; 367; 
1333.8011; 0.59266; 1340.4174; 170; 367.2; 
1331.5016; 0.59271; 1341.275; 170; 367.4; 
1329.1871; 0.59276; 1342.0153; 170; 367.6; 
1326.8606; 0.59281; 1342.6395; 170; 367.8; 
1324.524; 0.59287; 1343.1239; 170; 368; 
1322.1829; 0.59291; 1343.4696; 170; 368.2; 
1319.8488; 0.59296; 1343.7115; 170; 368.4; 
1317.5262; 0.593; 1343.8765; 170; 368.6; 
1315.218; 0.59304; 1343.9514; 170; 368.8; 
1312.928; 0.59307; 1343.9409; 170; 369; 
1310.655; 0.59311; 1343.8776; 170; 369.2; 
1308.396; 0.59314; 1343.7844; 170; 369.4; 
1306.1417; 0.59317; 1343.6747; 170; 369.6; 
1303.8857; 0.59321; 1343.5609; 170; 369.8; 
1301.6276; 0.59324; 1343.4165; 170; 370; 
1299.3672; 0.59328; 1343.2316; 170; 370.2; 
1297.0938; 0.59332; 1343.0287; 170; 370.4; 
1294.7961; 0.59336; 1342.7896; 170; 370.6; 
1292.4658; 0.59341; 1342.4816; 170; 370.8; 
1290.1022; 0.59346; 1342.0895; 170; 371; 
1287.7128; 0.59351; 1341.6133; 170; 371.2; 
1285.3176; 0.59355; 1341.0585; 170; 371.4; 
1282.9374; 0.59359; 1340.4304; 170; 371.6; 
1280.5798; 0.59361; 1339.7362; 170; 371.8; 
1278.2469; 0.59364; 1338.9834; 170; 372; 
1275.9415; 0.59365; 1334.9725; 170; 372.2; 
1273.6556; 0.59366; 1320.047; 170; 372.4; 
1271.3691; 0.59364; 1291.786; 170; 372.6; 
1269.0774; 0.59357; 1262.5587; 170; 372.8; 
1266.8365; 0.59343; 1233.4061; 170; 373; 
1264.7361; 0.5932; 1204.3607; 170; 373.2; 
1262.8546; 0.59288; 1175.4402; 170; 373.4; 
1261.2415; 0.59245; 1146.6539; 170; 373.6; 
1259.9364; 0.59194; 1118.0048; 170; 373.8; 
1258.9514; 0.59137; 1089.4703; 170; 374; 
1258.2443; 0.59076; 1061.0181; 170; 374.2; 
1257.7396; 0.59013; 1035.1711; 170; 374.4; 
1257.3562; 0.58949; 1012.627; 170; 374.6; 
1257.0179; 0.58884; 990.1289; 170; 374.8; 
1256.6715; 0.58818; 967.6806; 170; 375; 
1256.2913; 0.58751; 945.2897; 170; 375.2; 
1255.8702; 0.58681; 922.963; 170; 375.4; 
1255.4136; 0.58609; 900.7099; 170; 375.6; 
1254.9421; 0.58534; 878.5401; 170; 375.8; 
1254.4836; 0.58456; 856.4594; 170; 376; 
1254.0621; 0.58374; 834.4743; 170; 376.2; 
1253.6992; 0.58288; 812.5887; 170; 376.4; 
1253.4073; 0.58199; 790.8024; 170; 376.6; 
1253.1886; 0.58107; 770.0539; 170; 376.8; 
1253.0303; 0.58012; 752.6554; 170; 377; 
1252.9106; 0.57917; 735.3084; 170; 377.2; 
1252.8094; 0.57819; 718.0143; 170; 377.4; 
1252.7146; 0.5772; 700.774; 170; 377.6; 
1252.6199; 0.5762; 683.5917; 170; 377.8; 
1252.531; 0.57517; 666.4691; 170; 378; 
1252.4561; 0.57413; 649.4086; 170; 378.2; 
1252.3945; 0.57307; 632.4085; 170; 378.4; 
1252.3447; 0.57199; 615.4682; 170; 378.6; 
1252.3052; 0.57089; 598.5863; 170; 378.8; 
1252.269; 0.56978; 581.7629; 170; 379; 
1252.2314; 0.56866; 564.9963; 170; 379.2; 
1252.1921; 0.56752; 552.558; 170; 379.4; 
1252.1505; 0.56638; 550.1774; 170; 379.6; 
1252.1139; 0.56524; 551.8416; 170; 379.8; 
1252.0874; 0.56411; 553.4971; 170; 380; 
1252.0769; 0.56298; 555.1431; 170; 380.2; 
1252.0856; 0.56185; 556.7787; 170; 380.4; 
1252.1077; 0.56073; 558.4002; 170; 380.6; 
1252.1381; 0.55962; 560.0053; 170; 380.8; 
1252.1676; 0.55853; 561.592; 170; 381; 
1252.1842; 0.55744; 563.1572; 170; 381.2; 
1252.1729; 0.55637; 564.7026; 170; 381.4; 
1252.1295; 0.55531; 566.23; 170; 381.6; 
1252.0616; 0.55425; 567.7444; 170; 381.8; 
1251.979; 0.5532; 569.2505; 170; 382; 
1251.8989; 0.55216; 570.752; 170; 382.2; 
1251.8357; 0.55111; 572.2495; 170; 382.4; 
1251.7953; 0.55006; 573.7393; 170; 382.6; 
1251.7743; 0.54903; 575.2164; 170; 382.8; 
1251.7635; 0.548; 576.6785; 170; 383; 
1251.7499; 0.54698; 578.1222; 170; 383.2; 
1251.7251; 0.54598; 579.5471; 170; 383.4; 
1251.6766; 0.54498; 580.9536; 170; 383.6; 
1251.5975; 0.544; 582.3433; 170; 383.8; 
1251.4932; 0.54303; 583.7212; 170; 384; 
1251.374; 0.54206; 585.0901; 170; 384.2; 
1251.2515; 0.54109; 586.4512; 170; 384.4; 
1251.129; 0.54013; 587.8039; 170; 384.6; 
1251.0088; 0.53917; 589.1494; 170; 384.8; 
1250.896; 0.53822; 590.4878; 170; 385; 
1250.7954; 0.53727; 591.8192; 170; 385.2; 
1250.7062; 0.53632; 593.1429; 170; 385.4; 
1250.6288; 0.53538; 594.4568; 170; 385.6; 
1250.561; 0.53445; 595.759; 170; 385.8; 
1250.4929; 0.53352; 597.0489; 170; 386; 
1250.4215; 0.5326; 598.3274; 170; 386.2; 
1250.3485; 0.53169; 599.592; 170; 386.4; 
1250.2664; 0.53079; 600.8414; 170; 386.6; 
1250.1631; 0.5299; 602.0752; 170; 386.8; 
1250.037; 0.52902; 603.3701; 170; 387; 
1249.8918; 0.52815; 604.6953; 170; 387.2; 
1249.7324; 0.52728; 606.0098; 170; 387.4; 
1249.5651; 0.52642; 607.3135; 170; 387.6; 
1249.3895; 0.52556; 608.6071; 170; 387.8; 
1249.2081; 0.52471; 609.8913; 170; 388; 
1249.0256; 0.52386; 611.1702; 170; 388.2; 
1248.8486; 0.52301; 612.444; 170; 388.4; 
1248.684; 0.52216; 613.714; 170; 388.6; 
1248.5344; 0.52132; 614.9765; 170; 388.8; 
1248.3976; 0.52048; 616.231; 170; 389; 
1248.2694; 0.51964; 617.4785; 170; 389.2; 
1248.1538; 0.51881; 618.7224; 170; 389.4; 
1248.0576; 0.51797; 619.9639; 170; 389.6; 
1247.9868; 0.51714; 621.2027; 170; 389.8; 
1247.9425; 0.51631; 622.436; 170; 390; 
1247.9204; 0.51548; 623.66; 170; 390.2; 
1247.9121; 0.51466; 624.8737; 170; 390.4; 
1247.9094; 0.51384; 626.0761; 170; 390.6; 
1247.9095; 0.51303; 627.2681; 170; 390.8; 
1247.9121; 0.51223; 628.4495; 170; 391; 
1247.9128; 0.51143; 629.6202; 170; 391.2; 
1247.9104; 0.51064; 630.7811; 170; 391.4; 
1247.9061; 0.50985; 631.9329; 170; 391.6; 
1247.8988; 0.50907; 633.0741; 170; 391.8; 
1247.8873; 0.5083; 634.204; 170; 392; 
1247.8687; 0.50753; 635.3209; 170; 392.2; 
1247.838; 0.50677; 636.4252; 170; 392.4; 
1247.7933; 0.50602; 637.5187; 170; 392.6; 
1247.7373; 0.50527; 638.6053; 170; 392.8; 
1247.6772; 0.50453; 639.6855; 170; 393; 
1247.6191; 0.50379; 640.7594; 170; 393.2; 
1247.562; 0.50305; 641.8266; 170; 393.4; 
1247.5077; 0.50231; 642.8882; 170; 393.6; 
1247.4611; 0.50158; 643.9451; 170; 393.8; 
1247.4246; 0.50085; 644.9965; 170; 394; 
1247.3976; 0.50013; 646.0404; 170; 394.2; 
1247.3762; 0.49941; 647.1144; 170; 394.4; 
1247.3569; 0.49869; 648.1868; 170; 394.6; 
1247.3364; 0.49798; 649.2482; 170; 394.8; 
1247.3088; 0.49728; 650.2963; 170; 395; 
1247.2679; 0.49659; 651.3329; 170; 395.2; 
1247.2124; 0.4959; 652.3605; 170; 395.4; 
1247.1488; 0.49522; 653.381; 170; 395.6; 
1247.0823; 0.49454; 654.3943; 170; 395.8; 
1247.0122; 0.49387; 655.3987; 170; 396; 
1246.9349; 0.4932; 656.3932; 170; 396.2; 
1246.8488; 0.49254; 657.3784; 170; 396.4; 
1246.7542; 0.49188; 658.3568; 170; 396.6; 
1246.6556; 0.49122; 659.3319; 170; 396.8; 
1246.5619; 0.49057; 660.3057; 170; 397; 
1246.4799; 0.48991; 661.2764; 170; 397.2; 
1246.4075; 0.48926; 662.2414; 170; 397.4; 
1246.3438; 0.48862; 663.1997; 170; 397.6; 
1246.2847; 0.48797; 664.1511; 170; 397.8; 
1246.229; 0.48733; 665.095; 170; 398; 
1246.1754; 0.4867; 666.0314; 170; 398.2; 
1246.1211; 0.48607; 666.9595; 170; 398.4; 
1246.0656; 0.48544; 667.8804; 170; 398.6; 
1246.007; 0.48482; 668.9228; 170; 398.8; 
1245.9462; 0.4842; 671.764; 170; 399; 
1245.8837; 0.48358; 676.7818; 170; 399.2; 
1245.818; 0.48297; 684.0087; 170; 399.4; 
1245.7483; 0.48237; 693.3062; 170; 399.6; 
1245.6663; 0.48179; 704.4385; 170; 399.8; 
1245.561; 0.48123; 717.1539; 170; 400; 
1245.4192; 0.48069; 731.1748; 170; 400.2; 
1245.226; 0.48018; 746.2015; 170; 400.4; 
1244.9713; 0.47969; 761.8761; 170; 400.6; 
1244.6591; 0.47922; 777.8408; 170; 400.8; 
1244.3073; 0.47875; 793.8007; 170; 401; 
1243.9432; 0.47827; 809.5845; 170; 401.2; 
1243.6007; 0.47777; 825.1297; 170; 401.4; 
1243.3101; 0.47724; 840.4079; 170; 401.6; 
1243.0944; 0.4767; 855.4356; 170; 401.8; 
1242.9633; 0.47617; 872.4429; 170; 402; 
1242.9125; 0.47565; 889.8502; 170; 402.2; 
1242.9331; 0.47515; 907.11; 170; 402.4; 
1243.016; 0.47469; 924.2125; 170; 402.6; 
1243.1469; 0.47426; 940.6697; 170; 402.8; 
1243.3042; 0.47387; 956.2432; 170; 403; 
1243.4668; 0.47353; 971.1183; 170; 403.2; 
1243.6165; 0.47323; 985.3895; 170; 403.4; 
1243.7402; 0.47296; 999.0551; 170; 403.6; 
1243.8274; 0.47272; 1012.0626; 170; 403.8; 
1243.8712; 0.47251; 1024.3622; 170; 404; 
1243.8704; 0.47232; 1035.9104; 170; 404.2; 
1243.8322; 0.47214; 1046.6647; 170; 404.4; 
1243.7671; 0.47197; 1056.589; 170; 404.6; 
1243.686; 0.47181; 1065.6847; 170; 404.8; 
1243.5959; 0.47166; 1073.9989; 170; 405; 
1243.4995; 0.47151; 1081.6068; 170; 405.2; 
1243.4017; 0.47137; 1088.5713; 170; 405.4; 
1243.3082; 0.47123; 1094.9697; 170; 405.6; 
1243.2224; 0.47109; 1100.8757; 170; 405.8; 
1243.1462; 0.47096; 1106.6101; 170; 406; 
1243.0842; 0.47082; 1112.9768; 170; 406.2; 
1243.0441; 0.47069; 1118.9874; 170; 406.4; 
1243.0309; 0.47057; 1124.734; 170; 406.6; 
1243.0493; 0.47045; 1130.2493; 170; 406.8; 
1243.0988; 0.47035; 1135.5328; 170; 407; 
1243.1722; 0.47028; 1140.5958; 170; 407.2; 
1243.2577; 0.47022; 1145.4598; 170; 407.4; 
1243.3428; 0.47018; 1150.115; 170; 407.6; 
1243.4169; 0.47017; 1154.5104; 170; 407.8; 
1243.4701; 0.47017; 1158.573; 170; 408; 
1243.498; 0.47019; 1162.2546; 170; 408.2; 
1243.5006; 0.47021; 1165.5149; 170; 408.4; 
1243.4741; 0.47025; 1168.36; 170; 408.6; 
1243.4176; 0.47029; 1170.8143; 170; 408.8; 
1243.3352; 0.47034; 1172.8917; 170; 409; 
1243.2361; 0.47039; 1174.5918; 170; 409.2; 
1243.1327; 0.47043; 1175.941; 170; 409.4; 
1243.0333; 0.47047; 1177.0015; 170; 409.6; 
1242.9408; 0.4705; 1177.8264; 170; 409.8; 
1242.8602; 0.47053; 1178.4962; 170; 410; 
1242.7988; 0.47056; 1179.0624; 170; 410.2; 
1242.7614; 0.47058; 1179.5641; 170; 410.4; 
1242.7478; 0.4706; 1180.0229; 170; 410.6; 
1242.7587; 0.47061; 1180.4619; 170; 410.8; 
1242.7974; 0.47063; 1180.9216; 170; 411; 
1242.8636; 0.47064; 1181.4218; 170; 411.2; 
1242.953; 0.47065; 1181.9696; 170; 411.4; 
1243.0571; 0.47067; 1182.5338; 170; 411.6; 
1243.1665; 0.4707; 1183.1014; 170; 411.8; 
1243.2748; 0.47073; 1183.6605; 170; 412; 
1243.3787; 0.47077; 1184.1759; 170; 412.2; 
1243.4728; 0.47081; 1184.6294; 170; 412.4; 
1243.5529; 0.47086; 1185.0153; 170; 412.6; 
1243.6191; 0.47091; 1185.3013; 170; 412.8; 
1243.6721; 0.47096; 1185.4463; 170; 413; 
1243.7081; 0.47102; 1185.4642; 170; 413.2; 
1243.7225; 0.47109; 1185.3676; 170; 413.4; 
1243.7141; 0.47115; 1185.1453; 170; 413.6; 
1243.6866; 0.47122; 1184.7662; 170; 413.8; 
1243.6438; 0.47129; 1184.2273; 170; 414; 
1243.5906; 0.47135; 1183.5626; 170; 414.2; 
1243.5321; 0.47141; 1182.7671; 170; 414.4; 
1243.4696; 0.47147; 1181.8508; 170; 414.6; 
1243.4042; 0.47153; 1180.8546; 170; 414.8; 
1243.3396; 0.47159; 1179.8104; 170; 415; 
1243.2823; 0.47164; 1178.7412; 170; 415.2; 
1243.2424; 0.47168; 1177.6608; 170; 415.4; 
1243.2224; 0.47171; 1176.5743; 170; 415.6; 
1243.2206; 0.47175; 1175.4849; 170; 415.8; 
1243.2301; 0.47178; 1174.3956; 170; 416; 
1243.2489; 0.47181; 1173.3423; 170; 416.2; 
1243.2776; 0.47184; 1172.3381; 170; 416.4; 
1243.3132; 0.47187; 1171.3613; 170; 416.6; 
1243.3549; 0.4719; 1170.3979; 170; 416.8; 
1243.4041; 0.47192; 1169.438; 170; 417; 
1243.4591; 0.47195; 1168.5081; 170; 417.2; 
1243.5164; 0.47197; 1167.6161; 170; 417.4; 
1243.5756; 0.47199; 1166.7391; 170; 417.6; 
1243.6379; 0.47202; 1165.8619; 170; 417.8; 
1243.7007; 0.47204; 1164.9741; 170; 418; 
1243.7611; 0.47206; 1164.0697; 170; 418.2; 
1243.8169; 0.47209; 1163.1794; 170; 418.4; 
1243.8649; 0.47211; 1162.3148; 170; 418.6; 
1243.9033; 0.47214; 1161.4558; 170; 418.8; 
1243.9346; 0.47217; 1160.5571; 170; 419; 
1243.9585; 0.4722; 1159.5996; 170; 419.2; 
1243.9725; 0.47222; 1158.603; 170; 419.4; 
1243.9789; 0.47225; 1157.583; 170; 419.6; 
1243.983; 0.47227; 1156.5497; 170; 419.8; 
1243.9858; 0.4723; 1155.5068; 170; 420; 
1243.985; 0.47232; 1154.4594; 170; 420.2; 
1243.9799; 0.47234; 1153.4111; 170; 420.4; 
1243.973; 0.47236; 1152.3658; 170; 420.6; 
1243.9673; 0.47238; 1151.3577; 170; 420.8; 
1243.9652; 0.47239; 1150.3983; 170; 421; 
1243.9675; 0.47241; 1149.4955; 170; 421.2; 
1243.9727; 0.47242; 1148.6774; 170; 421.4; 
1243.9758; 0.47243; 1147.9246; 170; 421.6; 
1243.9785; 0.47244; 1147.2307; 170; 421.8; 
1243.9857; 0.47245; 1146.6133; 170; 422; 
1244.0002; 0.47246; 1146.0762; 170; 422.2; 
1244.0189; 0.47246; 1145.6154; 170; 422.4; 
1244.0366; 0.47247; 1145.2261; 170; 422.6; 
1244.0538; 0.47247; 1144.9049; 170; 422.8; 
1244.075; 0.47248; 1144.6453; 170; 423; 
1244.106; 0.47248; 1144.4711; 170; 423.2; 
1244.1487; 0.47247; 1144.3831; 170; 423.4; 
1244.2001; 0.47247; 1144.349; 170; 423.6; 
1244.2551; 0.47247; 1144.3805; 170; 423.8; 
1244.312; 0.47247; 1144.4767; 170; 424; 
1244.3732; 0.47247; 1144.608; 170; 424.2; 
1244.4421; 0.47246; 1144.785; 170; 424.4; 
1244.5183; 0.47246; 1145.0033; 170; 424.6; 
1244.5978; 0.47245; 1145.2645; 170; 424.8; 
1244.6792; 0.47245; 1145.5612; 170; 425; 
1244.7617; 0.47246; 1145.8594; 170; 425.2; 
1244.84; 0.47246; 1146.1721; 170; 425.4; 
1244.9136; 0.47246; 1146.501; 170; 425.6; 
1244.9829; 0.47247; 1146.8199; 170; 425.8; 
1245.049; 0.47248; 1147.1122; 170; 426; 
1245.111; 0.47249; 1147.3693; 170; 426.2; 
1245.1665; 0.4725; 1147.5883; 170; 426.4; 
1245.2146; 0.47251; 1147.7703; 170; 426.6; 
1245.256; 0.47252; 1147.9194; 170; 426.8; 
1245.2938; 0.47254; 1148.0411; 170; 427; 
1245.3313; 0.47255; 1148.1393; 170; 427.2; 
1245.3721; 0.47255; 1148.1866; 170; 427.4; 
1245.4186; 0.47256; 1148.1754; 170; 427.6; 
1245.4758; 0.47256; 1148.1327; 170; 427.8; 
1245.5474; 0.47255; 1148.1073; 170; 428; 
1245.6343; 0.47255; 1148.1226; 170; 428.2; 
1245.7389; 0.47254; 1148.1606; 170; 428.4; 
1245.8611; 0.47253; 1148.2411; 170; 428.6; 
1245.9929; 0.47252; 1148.3639; 170; 428.8; 
1246.1245; 0.47252; 1148.5005; 170; 429; 
1246.2477; 0.47253; 1148.6676; 170; 429.2; 
1246.3574; 0.47253; 1148.8373; 170; 429.4; 
1246.4559; 0.47254; 1148.9706; 170; 429.6; 
1246.5449; 0.47255; 1149.0747; 170; 429.8; 
1246.6263; 0.47256; 1149.1545; 170; 430; 
1246.7028; 0.47258; 1149.2137; 170; 430.2; 
1246.7756; 0.47259; 1149.2207; 170; 430.4; 
1246.8384; 0.47261; 1149.1653; 170; 430.6; 
1246.8855; 0.47263; 1149.0742; 170; 430.8; 
1246.9183; 0.47265; 1148.9358; 170; 431; 
1246.9434; 0.47267; 1148.7505; 170; 431.2; 
1246.9658; 0.47269; 1148.5146; 170; 431.4; 
1246.9849; 0.4727; 1148.2035; 170; 431.6; 
1247.0034; 0.47272; 1147.8409; 170; 431.8; 
1247.0292; 0.47272; 1147.4404; 170; 432; 
1247.0685; 0.47273; 1147.0153; 170; 432.2; 
1247.1252; 0.47273; 1146.5986; 170; 432.4; 
1247.1932; 0.47273; 1146.2065; 170; 432.6; 
1247.2625; 0.47274; 1145.8159; 170; 432.8; 
1247.3254; 0.47275; 1145.4199; 170; 433; 
1247.3782; 0.47276; 1145.0116; 170; 433.2; 
1247.4209; 0.47277; 1144.5596; 170; 433.4; 
1247.4552; 0.47279; 1144.0483; 170; 433.6; 
1247.4802; 0.4728; 1143.4772; 170; 433.8; 
1247.5; 0.4728; 1142.8578; 170; 434; 
1247.519; 0.47279; 1142.2135; 170; 434.2; 
1247.5408; 0.47278; 1141.5624; 170; 434.4; 
1247.566; 0.47278; 1140.9073; 170; 434.6; 
1247.5933; 0.47278; 1140.2628; 170; 434.8; 
1247.6263; 0.47278; 1139.6393; 170; 435; 
1247.666; 0.47277; 1139.0309; 170; 435.2; 
1247.7102; 0.47277; 1138.4404; 170; 435.4; 
1247.7621; 0.47276; 1137.8666; 170; 435.6; 
1247.8237; 0.47275; 1137.313; 170; 435.8; 
1247.8936; 0.47274; 1136.7698; 170; 436; 
1247.9668; 0.47273; 1136.2368; 170; 436.2; 
1248.0377; 0.47272; 1135.7078; 170; 436.4; 
1248.1034; 0.47272; 1135.1531; 170; 436.6; 
1248.1638; 0.47272; 1134.5554; 170; 436.8; 
1248.2151; 0.47272; 1133.9058; 170; 437; 
1248.2502; 0.47272; 1133.2037; 170; 437.2; 
1248.2687; 0.47273; 1132.4546; 170; 437.4; 
1248.2782; 0.47273; 1131.635; 170; 437.6; 
1248.2878; 0.47273; 1130.7394; 170; 437.8; 
1248.3041; 0.47272; 1129.7937; 170; 438; 
1248.327; 0.47271; 1128.8143; 170; 438.2; 
1248.3534; 0.47271; 1127.8131; 170; 438.4; 
1248.3787; 0.4727; 1126.7982; 170; 438.6; 
1248.3995; 0.4727; 1125.7755; 170; 438.8; 
1248.4119; 0.4727; 1124.7488; 170; 439; 
1248.412; 0.47269; 1123.7218; 170; 439.2; 
1248.4003; 0.47269; 1122.7303; 170; 439.4; 
1248.3811; 0.47269; 1121.7887; 170; 439.6; 
1248.3579; 0.47269; 1120.8746; 170; 439.8; 
1248.334; 0.47268; 1120.0048; 170; 440; 
1248.3087; 0.47267; 1119.1809; 170; 440.2; 
1248.2809; 0.47266; 1118.4084; 170; 440.4; 
1248.254; 0.47265; 1117.7157; 170; 440.6; 
1248.2324; 0.47264; 1117.0819; 170; 440.8; 
1248.2198; 0.47262; 1116.4937; 170; 441; 
1248.2125; 0.47261; 1115.9968; 170; 441.2; 
1248.1997; 0.47259; 1115.6095; 170; 441.4; 
1248.1779; 0.47259; 1115.3093; 170; 441.6; 
1248.146; 0.47258; 1115.0806; 170; 441.8; 
1248.1045; 0.47257; 1114.8766; 170; 442; 
1248.0573; 0.47256; 1114.6788; 170; 442.2; 
1248.0104; 0.47254; 1114.5129; 170; 442.4; 
1247.969; 0.47251; 1114.4016; 170; 442.6; 
1247.9271; 0.47249; 1114.3564; 170; 442.8; 
1247.8754; 0.47246; 1114.3866; 170; 443; 
1247.8048; 0.47244; 1114.488; 170; 443.2; 
1247.7054; 0.47241; 1114.6605; 170; 443.4; 
1247.5676; 0.47239; 1114.8949; 170; 443.6; 
1247.382; 0.47238; 1115.1469; 170; 443.8; 
1247.1423; 0.47236; 1115.4326; 170; 444; 
1246.8597; 0.47233; 1115.7754; 170; 444.2; 
1246.5546; 0.47227; 1116.1533; 170; 444.4; 
1246.2543; 0.47219; 1116.5914; 170; 444.6; 
1245.9849; 0.47206; 1117.1898; 170; 444.8; 
1245.7671; 0.47191; 1118.0549; 170; 445; 
1245.6165; 0.47173; 1119.2531; 170; 445.2; 
1245.5366; 0.47154; 1120.8893; 170; 445.4; 
1245.5265; 0.47134; 1123.0183; 170; 445.6; 
1245.578; 0.47116; 1125.6432; 170; 445.8; 
1245.6799; 0.47099; 1128.7587; 170; 446; 
1245.8147; 0.47084; 1132.2982; 170; 446.2; 
1245.9634; 0.47072; 1136.1371; 170; 446.4; 
1246.1061; 0.47063; 1140.1563; 170; 446.6; 
1246.2255; 0.47056; 1144.2128; 170; 446.8; 
1246.3068; 0.47052; 1148.1653; 170; 447; 
1246.3385; 0.47049; 1151.9048; 170; 447.2; 
1246.3164; 0.47049; 1155.3231; 170; 447.4; 
1246.2412; 0.47049; 1158.3511; 170; 447.6; 
1246.1185; 0.47049; 1160.9729; 170; 447.8; 
1245.958; 0.4705; 1163.1704; 170; 448; 
1245.7712; 0.4705; 1164.9653; 170; 448.2; 
1245.5686; 0.47049; 1166.3901; 170; 448.4; 
1245.3612; 0.47048; 1167.4952; 170; 448.6; 
1245.1627; 0.47045; 1168.3876; 170; 448.8; 
1244.9829; 0.47041; 1169.1644; 170; 449; 
1244.8265; 0.47037; 1169.89; 170; 449.2; 
1244.6953; 0.47031; 1170.6077; 170; 449.4; 
1244.5919; 0.47026; 1171.3778; 170; 449.6; 
1244.5199; 0.47019; 1172.2572; 170; 449.8; 
1244.4788; 0.47013; 1173.2694; 170; 450; 
1244.4651; 0.47006; 1174.4218; 170; 450.2; 
1244.476; 0.47; 1175.7434; 170; 450.4; 
1244.509; 0.46994; 1177.2325; 170; 450.6; 
1244.5576; 0.46988; 1178.8496; 170; 450.8; 
1244.6145; 0.46983; 1180.566; 170; 451; 
1244.6766; 0.46979; 1182.3934; 170; 451.2; 
1244.7432; 0.46975; 1184.325; 170; 451.4; 
1244.812; 0.46971; 1186.3207; 170; 451.6; 
1244.88; 0.46968; 1188.3201; 170; 451.8; 
1244.9429; 0.46966; 1190.2946; 170; 452; 
1244.9995; 0.46964; 1192.2576; 170; 452.2; 
1245.0508; 0.46963; 1194.1844; 170; 452.4; 
1245.0973; 0.46961; 1196.0674; 170; 452.6; 
1245.1398; 0.4696; 1197.9008; 170; 452.8; 
1245.1809; 0.46959; 1199.6884; 170; 453; 
1245.2218; 0.46958; 1201.4287; 170; 453.2; 
1245.2628; 0.46957; 1203.0951; 170; 453.4; 
1245.3027; 0.46957; 1204.7076; 170; 453.6; 
1245.3387; 0.46957; 1206.2765; 170; 453.8; 
1245.3689; 0.46958; 1207.7871; 170; 454; 
1245.3964; 0.46958; 1209.2366; 170; 454.2; 
1245.426; 0.46958; 1210.5906; 170; 454.4; 
1245.4586; 0.46958; 1211.838; 170; 454.6; 
1245.4935; 0.46959; 1213.0037; 170; 454.8; 
1245.5276; 0.4696; 1214.1077; 170; 455; 
1245.5587; 0.46961; 1215.1343; 170; 455.2; 
1245.5854; 0.46963; 1216.0498; 170; 455.4; 
1245.6036; 0.46966; 1216.8398; 170; 455.6; 
1245.61; 0.46969; 1217.5067; 170; 455.8; 
1245.6042; 0.46972; 1218.0273; 170; 456; 
1245.5875; 0.46975; 1218.3723; 170; 456.2; 
1245.5649; 0.46978; 1218.5353; 170; 456.4; 
1245.5409; 0.46981; 1218.5526; 170; 456.6; 
1245.5168; 0.46983; 1218.4481; 170; 456.8; 
1245.4929; 0.46985; 1218.2169; 170; 457; 
1245.4698; 0.46987; 1217.8634; 170; 457.2; 
1245.4465; 0.4699; 1217.3969; 170; 457.4; 
1245.4222; 0.46992; 1216.8289; 170; 457.6; 
1245.3954; 0.46995; 1216.1724; 170; 457.8; 
1245.3639; 0.46997; 1215.4071; 170; 458; 
1245.3252; 0.47001; 1214.5304; 170; 458.2; 
1245.2742; 0.47005; 1213.5747; 170; 458.4; 
1245.2057; 0.47009; 1212.5356; 170; 458.6; 
1245.1208; 0.47012; 1211.3954; 170; 458.8; 
1245.0286; 0.47015; 1210.1835; 170; 459; 
1244.9388; 0.47017; 1208.9153; 170; 459.2; 
1244.8606; 0.47017; 1207.6067; 170; 459.4; 
1244.7992; 0.47016; 1206.2937; 170; 459.6; 
1244.7573; 0.47015; 1204.9969; 170; 459.8; 
1244.7335; 0.47014; 1203.7592; 170; 460; 
1244.7247; 0.47013; 1202.5973; 170; 460.2; 
1244.7281; 0.47011; 1201.4902; 170; 460.4; 
1244.7411; 0.4701; 1200.4535; 170; 460.6; 
1244.7595; 0.47008; 1199.4888; 170; 460.8; 
1244.7832; 0.47007; 1198.5691; 170; 461; 
1244.8137; 0.47005; 1197.6735; 170; 461.2; 
1244.8508; 0.47003; 1196.788; 170; 461.4; 
1244.8951; 0.47; 1195.906; 170; 461.6; 
1244.9481; 0.46997; 1195.0569; 170; 461.8; 
1245.0125; 0.46993; 1194.2513; 170; 462; 
1245.0914; 0.46989; 1193.4968; 170; 462.2; 
1245.1868; 0.46984; 1192.7876; 170; 462.4; 
1245.2964; 0.4698; 1192.1232; 170; 462.6; 
1245.4194; 0.46975; 1191.5289; 170; 462.8; 
1245.5555; 0.4697; 1191.0146; 170; 463; 
1245.703; 0.46965; 1190.61; 170; 463.2; 
1245.8566; 0.4696; 1190.3202; 170; 463.4; 
1246.0114; 0.46956; 1190.1166; 170; 463.6; 
1246.1639; 0.46952; 1189.9771; 170; 463.8; 
1246.3118; 0.46949; 1189.8851; 170; 464; 
1246.4531; 0.46946; 1189.826; 170; 464.2; 
1246.5844; 0.46944; 1189.7896; 170; 464.4; 
1246.7035; 0.46941; 1189.7703; 170; 464.6; 
1246.8112; 0.46939; 1189.7631; 170; 464.8; 
1246.9065; 0.46938; 1189.7623; 170; 465; 
1246.9878; 0.46936; 1189.7677; 170; 465.2; 
1247.0571; 0.46934; 1189.7826; 170; 465.4; 
1247.1215; 0.46932; 1189.8081; 170; 465.6; 
1247.186; 0.46929; 1189.8403; 170; 465.8; 
1247.2524; 0.46926; 1189.8811; 170; 466; 
1247.3254; 0.46923; 1189.953; 170; 466.2; 
1247.4149; 0.4692; 1190.1005; 170; 466.4; 
1247.5317; 0.46917; 1190.3115; 170; 466.6; 
1247.6859; 0.46915; 1190.574; 170; 466.8; 
1247.8748; 0.46914; 1190.8983; 170; 467; 
1248.0847; 0.46915; 1191.2512; 170; 467.2; 
1248.2975; 0.46918; 1191.5872; 170; 467.4; 
1248.4918; 0.46923; 1191.8468; 170; 467.6; 
1248.6472; 0.46931; 1191.9426; 170; 467.8; 
1248.7502; 0.4694; 1191.7753; 170; 468; 
1248.7959; 0.4695; 1191.2738; 170; 468.2; 
1248.7806; 0.46962; 1190.4169; 170; 468.4; 
1248.701; 0.46974; 1189.1823; 170; 468.6; 
1248.5669; 0.46987; 1187.5544; 170; 468.8; 
1248.3932; 0.46999; 1185.553; 170; 469; 
1248.1991; 0.4701; 1183.2111; 170; 469.2; 
1248.004; 0.4702; 1180.5697; 170; 469.4; 
1247.8196; 0.47029; 1177.6984; 170; 469.6; 
1247.6514; 0.47038; 1174.6781; 170; 469.8; 
1247.4994; 0.47045; 1171.5669; 170; 470; 
1247.3615; 0.47052; 1168.4058; 170; 470.2; 
1247.24; 0.47058; 1165.2537; 170; 470.4; 
1247.1335; 0.47064; 1162.1705; 170; 470.6; 
1247.0366; 0.4707; 1159.1887; 170; 470.8; 
1246.9462; 0.47075; 1156.3224; 170; 471; 
1246.8627; 0.4708; 1153.5717; 170; 471.2; 
1246.7811; 0.47085; 1150.9608; 170; 471.4; 
1246.6954; 0.4709; 1148.4911; 170; 471.6; 
1246.6013; 0.47095; 1146.1622; 170; 471.8; 
1246.4977; 0.471; 1143.9601; 170; 472; 
1246.3867; 0.47105; 1141.874; 170; 472.2; 
1246.2666; 0.47109; 1139.886; 170; 472.4; 
1246.1382; 0.47114; 1137.9851; 170; 472.6; 
1246.0037; 0.47118; 1136.1558; 170; 472.8; 
1245.865; 0.47122; 1134.3904; 170; 473; 
1245.7263; 0.47125; 1132.7086; 170; 473.2; 
1245.5927; 0.47128; 1131.1172; 170; 473.4; 
1245.4679; 0.4713; 1129.6134; 170; 473.6; 
1245.3522; 0.47132; 1128.1891; 170; 473.8; 
1245.2418; 0.47134; 1126.8674; 170; 474; 
1245.1332; 0.47136; 1125.6531; 170; 474.2; 
1245.0293; 0.47138; 1124.5161; 170; 474.4; 
1244.933; 0.47139; 1123.4651; 170; 474.6; 
1244.8429; 0.4714; 1122.4934; 170; 474.8; 
1244.7551; 0.47141; 1121.5968; 170; 475; 
1244.666; 0.47142; 1120.7644; 170; 475.2; 
1244.5737; 0.47144; 1119.991; 170; 475.4; 
1244.4766; 0.47145; 1119.2643; 170; 475.6; 
1244.3708; 0.47147; 1118.5474; 170; 475.8; 
1244.2552; 0.47148; 1117.8512; 170; 476; 
1244.1323; 0.4715; 1117.1764; 170; 476.2; 
1244.0044; 0.47151; 1116.4945; 170; 476.4; 
1243.873; 0.47152; 1115.7899; 170; 476.6; 
1243.739; 0.47153; 1115.0907; 170; 476.8; 
1243.6116; 0.47153; 1114.4097; 170; 477; 
1243.5024; 0.47152; 1113.76; 170; 477.2; 
1243.4216; 0.47151; 1113.1705; 170; 477.4; 
1243.3728; 0.47148; 1112.653; 170; 477.6; 
1243.3503; 0.47146; 1112.2091; 170; 477.8; 
1243.3475; 0.47143; 1111.8673; 170; 478; 
1243.3599; 0.47141; 1111.6335; 170; 478.2; 
1243.3811; 0.47138; 1111.5099; 170; 478.4; 
1243.4041; 0.47136; 1111.5182; 170; 478.6; 
1243.426; 0.47134; 1111.6345; 170; 478.8; 
1243.45; 0.47132; 1111.8427; 170; 479; 
1243.4775; 0.4713; 1112.1527; 170; 479.2; 
1243.5074; 0.47128; 1112.564; 170; 479.4; 
1243.5363; 0.47126; 1113.0706; 170; 479.6; 
1243.5637; 0.47124; 1113.6658; 170; 479.8; 
1243.5938; 0.47122; 1114.3417; 170; 480; 
1243.6329; 0.4712; 1115.0894; 170; 480.2; 
1243.6869; 0.47117; 1115.8977; 170; 480.4; 
1243.7581; 0.47114; 1116.7567; 170; 480.6; 
1243.8483; 0.4711; 1117.6895; 170; 480.8; 
1243.9589; 0.47107; 1118.7302; 170; 481; 
1244.0859; 0.47103; 1119.8906; 170; 481.2; 
1244.2229; 0.471; 1121.17; 170; 481.4; 
1244.3623; 0.47098; 1122.5278; 170; 481.6; 
1244.4966; 0.47096; 1123.9432; 170; 481.8; 
1244.6226; 0.47094; 1125.3961; 170; 482; 
1244.7437; 0.47093; 1126.8788; 170; 482.2; 
1244.8641; 0.47091; 1128.3792; 170; 482.4; 
1244.9873; 0.4709; 1129.8607; 170; 482.6; 
1245.1144; 0.47088; 1131.3024; 170; 482.8; 
1245.2451; 0.47087; 1132.6948; 170; 483; 
1245.3801; 0.47086; 1134.0352; 170; 483.2; 
1245.5208; 0.47085; 1135.3236; 170; 483.4; 
1245.6646; 0.47084; 1136.5626; 170; 483.6; 
1245.8071; 0.47084; 1137.7566; 170; 483.8; 
1245.9478; 0.47083; 1138.881; 170; 484; 
1246.0879; 0.47083; 1139.9312; 170; 484.2; 
1246.2325; 0.47083; 1140.9041; 170; 484.4; 
1246.3845; 0.47082; 1141.809; 170; 484.6; 
1246.5494; 0.47081; 1142.6489; 170; 484.8; 
1246.7333; 0.47079; 1143.4329; 170; 485; 
1246.931; 0.47078; 1144.1617; 170; 485.2; 
1247.1367; 0.47077; 1144.8453; 170; 485.4; 
1247.3475; 0.47076; 1145.4869; 170; 485.6; 
1247.5588; 0.47076; 1146.063; 170; 485.8; 
1247.7632; 0.47076; 1146.5616; 170; 486; 
1247.9536; 0.47077; 1146.9821; 170; 486.2; 
1248.1259; 0.47078; 1147.33; 170; 486.4; 
1248.2816; 0.47079; 1147.6124; 170; 486.6; 
1248.4241; 0.47081; 1147.8065; 170; 486.8; 
1248.5564; 0.47082; 1147.8773; 170; 487; 
1248.6818; 0.47084; 1147.8451; 170; 487.2; 
1248.8075; 0.47084; 1147.7246; 170; 487.4; 
1248.9434; 0.47085; 1147.5343; 170; 487.6; 
1249.095; 0.47084; 1147.3146; 170; 487.8; 
1249.2622; 0.47084; 1147.0881; 170; 488; 
1249.4403; 0.47084; 1146.8702; 170; 488.2; 
1249.6268; 0.47083; 1146.6696; 170; 488.4; 
1249.8196; 0.47083; 1146.4895; 170; 488.6; 
1250.014; 0.47083; 1146.3308; 170; 488.8; 
1250.2064; 0.47083; 1146.1923; 170; 489; 
1250.3925; 0.47083; 1146.074; 170; 489.2; 
1250.5736; 0.47083; 1145.9755; 170; 489.4; 
1250.7545; 0.47083; 1145.8948; 170; 489.6; 
1250.9359; 0.47083; 1145.8599; 170; 489.8; 
1251.1134; 0.47084; 1145.8778; 170; 490; 
1251.2848; 0.47085; 1145.9224; 170; 490.2; 
1251.4436; 0.47086; 1145.9785; 170; 490.4; 
1251.5876; 0.47087; 1146.0356; 170; 490.6; 
1251.7183; 0.47088; 1146.0906; 170; 490.8; 
1251.8396; 0.4709; 1146.141; 170; 491; 
1251.9581; 0.47091; 1146.1849; 170; 491.2; 
1252.0748; 0.47093; 1146.2205; 170; 491.4; 
1252.1886; 0.47094; 1146.2456; 170; 491.6; 
1252.2966; 0.47096; 1146.2605; 170; 491.8; 
1252.3962; 0.47098; 1146.2649; 170; 492; 
1252.4863; 0.471; 1146.2596; 170; 492.2; 
1252.5629; 0.47103; 1146.2448; 170; 492.4; 
1252.6224; 0.47105; 1146.2233; 170; 492.6; 
1252.6674; 0.47108; 1146.1981; 170; 492.8; 
1252.704; 0.47111; 1146.1708; 170; 493; 
1252.7354; 0.47114; 1146.1425; 170; 493.2; 
1252.7623; 0.47117; 1146.1145; 170; 493.4; 
1252.7904; 0.47119; 1146.0875; 170; 493.6; 
1252.8236; 0.47121; 1146.0604; 170; 493.8; 
1252.8585; 0.47124; 1146.0308; 170; 494; 
1252.8915; 0.47127; 1145.9983; 170; 494.2; 
1252.9193; 0.47129; 1145.9631; 170; 494.4; 
1252.9413; 0.47132; 1145.9585; 170; 494.6; 
1252.9565; 0.47136; 1145.996; 170; 494.8; 
1252.9646; 0.47139; 1146.0525; 170; 495; 
1252.9642; 0.47143; 1146.0796; 170; 495.2; 
1252.9502; 0.47147; 1146.0563; 170; 495.4; 
1252.9197; 0.47151; 1146.0011; 170; 495.6; 
1252.8735; 0.47155; 1145.8949; 170; 495.8; 
1252.8142; 0.4716; 1145.7014; 170; 496; 
1252.7415; 0.47165; 1145.4363; 170; 496.2; 
1252.6525; 0.4717; 1145.1074; 170; 496.4; 
1252.5481; 0.47175; 1144.6974; 170; 496.6; 
1252.4298; 0.47181; 1144.2018; 170; 496.8; 
1252.2991; 0.47186; 1143.5914; 170; 497; 
1252.1638; 0.47191; 1142.8618; 170; 497.2; 
1252.028; 0.47195; 1142.0432; 170; 497.4; 
1251.8931; 0.472; 1141.1246; 170; 497.6; 
1251.7563; 0.47205; 1140.1105; 170; 497.8; 
1251.6141; 0.47209; 1139.0033; 170; 498; 
1251.4628; 0.47214; 1137.8182; 170; 498.2; 
1251.3013; 0.47219; 1136.5648; 170; 498.4; 
1251.1365; 0.47223; 1135.2609; 170; 498.6; 
1250.976; 0.47226; 1133.9154; 170; 498.8; 
1250.83; 0.47229; 1132.5404; 170; 499; 
1250.7024; 0.47231; 1131.1366; 170; 499.2; 
1250.5912; 0.47233; 1129.7426; 170; 499.4; 
1250.4915; 0.47235; 1128.3993; 170; 499.6; 
1250.3933; 0.47237; 1127.103; 170; 499.8; 
1250.2861; 0.47239; 1125.8496; 170; 500; 
1250.1696; 0.47241; 1124.6356; 170; 500.2; 
1250.0439; 0.47244; 1123.4567; 170; 500.4; 
1249.9087; 0.47246; 1122.3087; 170; 500.6; 
1249.7661; 0.47248; 1121.1882; 170; 500.8; 
1249.6219; 0.4725; 1120.0936; 170; 501; 
1249.4821; 0.47251; 1119.0221; 170; 501.2; 
1249.3522; 0.47252; 1118.0022; 170; 501.4; 
1249.235; 0.47252; 1117.0763; 170; 501.6; 
1249.1332; 0.47251; 1116.231; 170; 501.8; 
1249.0504; 0.4725; 1115.4587; 170; 502; 
1248.9865; 0.47249; 1114.8097; 170; 502.2; 
1248.9397; 0.47247; 1114.2994; 170; 502.4; 
1248.9078; 0.47246; 1113.9335; 170; 502.6; 
1248.8853; 0.47244; 1113.6993; 170; 502.8; 
1248.8622; 0.47244; 1113.5876; 170; 503; 
1248.8318; 0.47243; 1113.5829; 170; 503.2; 
1248.7952; 0.47242; 1113.6433; 170; 503.4; 
1248.7549; 0.47241; 1113.7731; 170; 503.6; 
1248.7131; 0.4724; 1113.9648; 170; 503.8; 
1248.674; 0.47239; 1114.184; 170; 504; 
1248.6407; 0.47238; 1114.4403; 170; 504.2; 
1248.6138; 0.47237; 1114.7618; 170; 504.4; 
1248.5912; 0.47236; 1115.1315; 170; 504.6; 
1248.572; 0.47234; 1115.5413; 170; 504.8; 
1248.5602; 0.47233; 1116.0115; 170; 505; 
1248.5552; 0.47232; 1116.5156; 170; 505.2; 
1248.552; 0.47231; 1117.0427; 170; 505.4; 
1248.55; 0.47229; 1117.6139; 170; 505.6; 
1248.5526; 0.47228; 1118.2429; 170; 505.8; 
1248.5682; 0.47225; 1118.9446; 170; 506; 
1248.5968; 0.47221; 1119.7; 170; 506.2; 
1248.6305; 0.47218; 1120.501; 170; 506.4; 
1248.6603; 0.47216; 1121.3743; 170; 506.6; 
1248.6729; 0.47213; 1122.3263; 170; 506.8; 
1248.6588; 0.4721; 1123.3302; 170; 507; 
1248.6099; 0.47208; 1124.368; 170; 507.2; 
1248.5167; 0.47207; 1125.4144; 170; 507.4; 
1248.3691; 0.47205; 1126.47; 170; 507.6; 
1248.1764; 0.47202; 1127.5535; 170; 507.8; 
1247.9628; 0.47197; 1128.6711; 170; 508; 
1247.7559; 0.47189; 1129.8619; 170; 508.2; 
1247.5813; 0.47177; 1131.2013; 170; 508.4; 
1247.4595; 0.47162; 1132.7863; 170; 508.6; 
1247.405; 0.47144; 1134.7102; 170; 508.8; 
1247.4243; 0.47126; 1137.0548; 170; 509; 
1247.5117; 0.47108; 1139.8644; 170; 509.2; 
1247.6561; 0.47091; 1143.1373; 170; 509.4; 
1247.845; 0.47076; 1146.8452; 170; 509.6; 
1248.0632; 0.47063; 1150.9097; 170; 509.8; 
1248.2932; 0.47052; 1155.2317; 170; 510; 
1248.5157; 0.47045; 1159.7056; 170; 510.2; 
1248.7125; 0.47039; 1164.2369; 170; 510.4; 
1248.87; 0.47036; 1168.7029; 170; 510.6; 
1248.9817; 0.47035; 1172.98; 170; 510.8; 
1249.0448; 0.47036; 1176.9767; 170; 511; 
1249.0594; 0.47037; 1180.5992; 170; 511.2; 
1249.0331; 0.47038; 1183.8235; 170; 511.4; 
1248.9792; 0.47039; 1186.6534; 170; 511.6; 
1248.911; 0.47039; 1189.0874; 170; 511.8; 
1248.8389; 0.47039; 1191.1798; 170; 512; 
1248.7712; 0.47038; 1193.0101; 170; 512.2; 
1248.7159; 0.47036; 1194.6417; 170; 512.4; 
1248.6797; 0.47033; 1196.1216; 170; 512.6; 
1248.6669; 0.4703; 1197.5176; 170; 512.8; 
1248.6782; 0.47027; 1198.8989; 170; 513; 
1248.7111; 0.47024; 1200.2728; 170; 513.2; 
1248.7588; 0.47022; 1201.6484; 170; 513.4; 
1248.8147; 0.47021; 1203.026; 170; 513.6; 
1248.8727; 0.4702; 1204.3799; 170; 513.8; 
1248.9283; 0.4702; 1205.6981; 170; 514; 
1248.9795; 0.4702; 1206.9814; 170; 514.2; 
1249.03; 0.4702; 1208.1967; 170; 514.4; 
1249.0898; 0.4702; 1209.3259; 170; 514.6; 
1249.1665; 0.47021; 1210.359; 170; 514.8; 
1249.2655; 0.47022; 1211.267; 170; 515; 
1249.3878; 0.47025; 1212.0392; 170; 515.2; 
1249.53; 0.47028; 1212.6726; 170; 515.4; 
1249.6837; 0.47034; 1213.1417; 170; 515.6; 
1249.8369; 0.47041; 1213.4154; 170; 515.8; 
1249.9763; 0.47049; 1213.4529; 170; 516; 
1250.0903; 0.47059; 1213.1854; 170; 516.2; 
1250.1703; 0.4707; 1212.5658; 170; 516.4; 
1250.2107; 0.47082; 1211.5547; 170; 516.6; 
1250.2119; 0.47094; 1210.1288; 170; 516.8; 
1250.1793; 0.47106; 1208.3004; 170; 517; 
1250.1276; 0.47117; 1206.1025; 170; 517.2; 
1250.0698; 0.47128; 1203.5436; 170; 517.4; 
1250.0133; 0.47138; 1200.6552; 170; 517.6; 
1249.9658; 0.47147; 1197.5018; 170; 517.8; 
1249.9301; 0.47155; 1194.1387; 170; 518; 
1249.9091; 0.47163; 1190.6395; 170; 518.2; 
1249.9006; 0.4717; 1187.0493; 170; 518.4; 
1249.895; 0.47178; 1183.4053; 170; 518.6; 
1249.8824; 0.47185; 1179.7295; 170; 518.8; 
1249.859; 0.47192; 1176.0454; 170; 519; 
1249.8276; 0.47199; 1172.3945; 170; 519.2; 
1249.7926; 0.47205; 1168.7661; 170; 519.4; 
1249.7523; 0.47212; 1165.1563; 170; 519.6; 
1249.705; 0.47217; 1161.588; 170; 519.8; 
1249.6458; 0.47223; 1158.0747; 170; 520; 
1249.5734; 0.47229; 1154.6212; 170; 520.2; 
1249.4918; 0.47234; 1151.2618; 170; 520.4; 
1249.4037; 0.47238; 1148.0062; 170; 520.6; 
1249.3146; 0.47242; 1144.8574; 170; 520.8; 
1249.226; 0.47246; 1141.8069; 170; 521; 
1249.1379; 0.47249; 1138.8467; 170; 521.2; 
1249.0487; 0.47252; 1135.9958; 170; 521.4; 
1248.9564; 0.47255; 1133.2909; 170; 521.6; 
1248.861; 0.47257; 1130.7385; 170; 521.8; 
1248.76; 0.4726; 1128.3055; 170; 522; 
1248.6466; 0.47263; 1125.9966; 170; 522.2; 
1248.5143; 0.47265; 1123.8048; 170; 522.4; 
1248.363; 0.47268; 1121.6946; 170; 522.6; 
1248.2012; 0.4727; 1119.6753; 170; 522.8; 
1248.0391; 0.47272; 1117.7413; 170; 523; 
1247.8843; 0.47272; 1115.8893; 170; 523.2; 
1247.7429; 0.47272; 1114.139; 170; 523.4; 
1247.6191; 0.47272; 1112.5284; 170; 523.6; 
1247.5133; 0.4727; 1111.0665; 170; 523.8; 
1247.4274; 0.47269; 1109.7567; 170; 524; 
1247.3632; 0.47266; 1108.6165; 170; 524.2; 
1247.3197; 0.47264; 1107.6439; 170; 524.4; 
1247.2872; 0.47262; 1106.8252; 170; 524.6; 
1247.2549; 0.4726; 1106.147; 170; 524.8; 
1247.2183; 0.47258; 1105.5936; 170; 525; 
1247.1782; 0.47256; 1105.1487; 170; 525.2; 
1247.1326; 0.47254; 1104.7633; 170; 525.4; 
1247.0809; 0.47253; 1104.4122; 170; 525.6; 
1247.0284; 0.47251; 1104.1068; 170; 525.8; 
1246.9814; 0.47248; 1103.8475; 170; 526; 
1246.9396; 0.47246; 1103.6729; 170; 526.2; 
1246.8948; 0.47245; 1103.5023; 170; 526.4; 
1246.8407; 0.47243; 1103.3201; 170; 526.6; 
1246.7764; 0.47242; 1103.1116; 170; 526.8; 
1246.7043; 0.4724; 1102.8741; 170; 527; 
1246.6268; 0.47239; 1102.6017; 170; 527.2; 
1246.5428; 0.47238; 1102.2651; 170; 527.4; 
1246.4482; 0.47237; 1101.8845; 170; 527.6; 
1246.345; 0.47236; 1101.472; 170; 527.8; 
1246.2422; 0.47235; 1101.0096; 170; 528; 
1246.1447; 0.47232; 1100.5232; 170; 528.2; 
1246.0585; 0.4723; 1100.0258; 170; 528.4; 
1245.9957; 0.47226; 1099.5323; 170; 528.6; 
1245.9663; 0.47221; 1099.0732; 170; 528.8; 
1245.9696; 0.47217; 1098.6608; 170; 529; 
1245.9906; 0.47212; 1098.3306; 170; 529.2; 
1246.0176; 0.47208; 1098.0972; 170; 529.4; 
1246.045; 0.47204; 1097.9707; 170; 529.6; 
1246.0732; 0.472; 1097.9457; 170; 529.8; 
1246.1035; 0.47196; 1098.0176; 170; 530; 
1246.1366; 0.47192; 1098.1737; 170; 530.2; 
1246.1758; 0.47188; 1098.4058; 170; 530.4; 
1246.223; 0.47183; 1098.7308; 170; 530.6; 
1246.2767; 0.47179; 1099.1539; 170; 530.8; 
1246.3386; 0.47174; 1099.6694; 170; 531; 
1246.4098; 0.4717; 1100.2623; 170; 531.2; 
1246.4889; 0.47165; 1100.9161; 170; 531.4; 
1246.5763; 0.4716; 1101.6177; 170; 531.6; 
1246.6707; 0.47156; 1102.3809; 170; 531.8; 
1246.7682; 0.47151; 1103.2081; 170; 532; 
1246.8698; 0.47147; 1104.1011; 170; 532.2; 
1246.9781; 0.47142; 1105.2081; 170; 532.4; 
1247.0952; 0.47138; 1106.5022; 170; 532.6; 
1247.2277; 0.47133; 1107.8608; 170; 532.8; 
1247.3721; 0.47129; 1109.3263; 170; 533; 
1247.5159; 0.47125; 1110.9133; 170; 533.2; 
1247.6553; 0.47121; 1112.5979; 170; 533.4; 
1247.7917; 0.47118; 1114.3624; 170; 533.6; 
1247.9279; 0.47115; 1116.191; 170; 533.8; 
1248.0679; 0.47112; 1118.1028; 170; 534; 
1248.2151; 0.47108; 1120.0983; 170; 534.2; 
1248.3722; 0.47105; 1122.177; 170; 534.4; 
1248.5397; 0.47102; 1124.3257; 170; 534.6; 
1248.7133; 0.471; 1126.5376; 170; 534.8; 
1248.8867; 0.47098; 1128.7997; 170; 535; 
1249.0573; 0.47096; 1131.1071; 170; 535.2; 
1249.2238; 0.47095; 1133.448; 170; 535.4; 
1249.3826; 0.47095; 1135.786; 170; 535.6; 
1249.5306; 0.47095; 1138.1002; 170; 535.8; 
1249.6702; 0.47096; 1140.3799; 170; 536; 
1249.8018; 0.47097; 1142.6193; 170; 536.2; 
1249.9229; 0.47098; 1144.7843; 170; 536.4; 
1250.0322; 0.471; 1146.8319; 170; 536.6; 
1250.1274; 0.47103; 1148.7769; 170; 536.8; 
1250.2096; 0.47106; 1150.6292; 170; 537; 
1250.2822; 0.47109; 1152.3726; 170; 537.2; 
1250.3455; 0.47113; 1153.9724; 170; 537.4; 
1250.4015; 0.47116; 1155.4229; 170; 537.6; 
1250.4564; 0.4712; 1156.7251; 170; 537.8; 
1250.5159; 0.47123; 1157.8943; 170; 538; 
1250.5842; 0.47126; 1158.9398; 170; 538.2; 
1250.663; 0.47129; 1159.8466; 170; 538.4; 
1250.7501; 0.47133; 1160.6439; 170; 538.6; 
1250.8384; 0.47137; 1161.3479; 170; 538.8; 
1250.9167; 0.47141; 1161.9144; 170; 539; 
1250.9733; 0.47147; 1162.3318; 170; 539.2; 
1250.9994; 0.47153; 1162.5983; 170; 539.4; 
1250.9957; 0.4716; 1162.6981; 170; 539.6; 
1250.9708; 0.47166; 1162.6322; 170; 539.8; 
1250.9353; 0.47172; 1162.4115; 170; 540; 
1250.8971; 0.47178; 1162.0159; 170; 540.2; 
1250.8556; 0.47184; 1161.4491; 170; 540.4; 
1250.8097; 0.4719; 1160.7498; 170; 540.6; 
1250.7578; 0.47196; 1159.9476; 170; 540.8; 
1250.6948; 0.47203; 1159.0321; 170; 541; 
1250.6121; 0.4721; 1158.0101; 170; 541.2; 
1250.502; 0.47218; 1156.8867; 170; 541.4; 
1250.3624; 0.47226; 1155.6455; 170; 541.6; 
1250.1954; 0.47234; 1154.2859; 170; 541.8; 
1250.0065; 0.47241; 1152.8167; 170; 542; 
1249.8065; 0.47249; 1151.2516; 170; 542.2; 
1249.61; 0.47255; 1149.604; 170; 542.4; 
1249.4257; 0.4726; 1147.8838; 170; 542.6; 
1249.2529; 0.47266; 1146.1006; 170; 542.8; 
1249.0907; 0.4727; 1144.2961; 170; 543; 
1248.9392; 0.47275; 1142.491; 170; 543.2; 
1248.7924; 0.47279; 1140.7025; 170; 543.4; 
1248.6451; 0.47284; 1138.9668; 170; 543.6; 
1248.4966; 0.47288; 1137.2706; 170; 543.8; 
1248.3434; 0.47292; 1135.6086; 170; 544; 
1248.1825; 0.47297; 1133.9718; 170; 544.2; 
1248.0145; 0.47301; 1132.359; 170; 544.4; 
1247.8434; 0.47304; 1130.7952; 170; 544.6; 
1247.6698; 0.47308; 1129.2598; 170; 544.8; 
1247.4932; 0.47311; 1127.7426; 170; 545; 
1247.314; 0.47315; 1126.2661; 170; 545.2; 
1247.1317; 0.47318; 1124.8406; 170; 545.4; 
1246.9478; 0.47321; 1123.4696; 170; 545.6; 
1246.7638; 0.47323; 1122.1525; 170; 545.8; 
1246.5834; 0.47325; 1120.8844; 170; 546; 
1246.4039; 0.47328; 1119.6918; 170; 546.2; 
1246.2219; 0.4733; 1118.5809; 170; 546.4; 
1246.0376; 0.47332; 1117.5249; 170; 546.6; 
1245.8546; 0.47333; 1116.506; 170; 546.8; 
1245.675; 0.47335; 1115.5438; 170; 547; 
1245.5026; 0.47335; 1114.6417; 170; 547.2; 
1245.3411; 0.47336; 1113.8042; 170; 547.4; 
1245.1952; 0.47336; 1113.0563; 170; 547.6; 
1245.0654; 0.47335; 1112.4061; 170; 547.8; 
1244.9485; 0.47335; 1111.8528; 170; 548; 
1244.8436; 0.47334; 1111.3903; 170; 548.2; 
1244.7482; 0.47333; 1111.0073; 170; 548.4; 
1244.6566; 0.47333; 1110.6917; 170; 548.6; 
1244.558; 0.47332; 1110.4348; 170; 548.8; 
1244.452; 0.47332; 1110.2301; 170; 549; 
1244.3462; 0.47332; 1110.0726; 170; 549.2; 
1244.2445; 0.47331; 1109.9552; 170; 549.4; 
1244.1508; 0.47329; 1109.8734; 170; 549.6; 
1244.0735; 0.47327; 1109.8219; 170; 549.8; 
1244.0175; 0.47325; 1109.7928; 170; 550; 
1243.9786; 0.47323; 1109.8115; 170; 550.2; 
1243.9524; 0.4732; 1109.8853; 170; 550.4; 
1243.9368; 0.47318; 1110.0204; 170; 550.6; 
1243.9266; 0.47316; 1110.2103; 170; 550.8; 
1243.9165; 0.47314; 1110.4211; 170; 551; 
1243.9023; 0.47313; 1110.6305; 170; 551.2; 
1243.8777; 0.47312; 1110.8257; 170; 551.4; 
1243.838; 0.47311; 1111.0004; 170; 551.6; 
1243.7848; 0.47311; 1111.1528; 170; 551.8; 
1243.7185; 0.4731; 1111.2839; 170; 552; 
1243.6403; 0.4731; 1111.3635; 170; 552.2; 
1243.5558; 0.4731; 1111.385; 170; 552.4; 
1243.4744; 0.47308; 1111.354; 170; 552.6; 
1243.4022; 0.47306; 1111.2683; 170; 552.8; 
1243.3347; 0.47303; 1111.1498; 170; 553; 
1243.2604; 0.47301; 1111.0206; 170; 553.2; 
1243.1676; 0.47299; 1110.8954; 170; 553.4; 
1243.0497; 0.47297; 1110.7517; 170; 553.6; 
1242.9004; 0.47294; 1110.583; 170; 553.8; 
1242.7095; 0.47292; 1110.4072; 170; 554; 
1242.4709; 0.4729; 1110.2402; 170; 554.2; 
1242.1951; 0.47286; 1110.0854; 170; 554.4; 
1241.9032; 0.47279; 1109.9434; 170; 554.6; 
1241.6206; 0.47269; 1109.8512; 170; 554.8; 
1241.3785; 0.47255; 1109.8951; 170; 555; 
1241.2045; 0.47237; 1110.2036; 170; 555.2; 
1241.1162; 0.47215; 1110.9144; 170; 555.4; 
1241.1194; 0.47192; 1112.1279; 170; 555.6; 
1241.2092; 0.47169; 1113.9327; 170; 555.8; 
1241.373; 0.47147; 1116.3651; 170; 556; 
1241.595; 0.47126; 1119.3816; 170; 556.2; 
1241.8588; 0.47108; 1122.9203; 170; 556.4; 
1242.1451; 0.47092; 1126.848; 170; 556.6; 
1242.4363; 0.47079; 1131.0422; 170; 556.8; 
1242.719; 0.47067; 1135.3777; 170; 557; 
1242.98; 0.47058; 1139.7169; 170; 557.2; 
1243.2086; 0.4705; 1143.9459; 170; 557.4; 
1243.3984; 0.47044; 1147.9456; 170; 557.6; 
1243.5474; 0.47039; 1151.634; 170; 557.8; 
1243.6571; 0.47035; 1154.983; 170; 558; 
1243.7325; 0.47032; 1157.9635; 170; 558.2; 
1243.7803; 0.47029; 1160.5547; 170; 558.4; 
1243.8091; 0.47025; 1162.7715; 170; 558.6; 
1243.8304; 0.4702; 1164.6785; 170; 558.8; 
1243.8574; 0.47015; 1166.3262; 170; 559; 
1243.8987; 0.47009; 1167.7611; 170; 559.2; 
1243.9586; 0.47002; 1169.0488; 170; 559.4; 
1244.0378; 0.46995; 1170.238; 170; 559.6; 
1244.1388; 0.46988; 1171.3953; 170; 559.8; 
1244.261; 0.46981; 1172.584; 170; 560; 
1244.3986; 0.46974; 1173.8043; 170; 560.2; 
1244.5441; 0.46969; 1175.061; 170; 560.4; 
1244.6896; 0.46965; 1176.3474; 170; 560.6; 
1244.8248; 0.46961; 1177.635; 170; 560.8; 
1244.9479; 0.46958; 1178.9106; 170; 561; 
1245.0597; 0.46955; 1180.1371; 170; 561.2; 
1245.1652; 0.46952; 1181.2915; 170; 561.4; 
1245.2769; 0.4695; 1182.3969; 170; 561.6; 
1245.4067; 0.46947; 1183.4683; 170; 561.8; 
1245.5658; 0.46945; 1184.4811; 170; 562; 
1245.76; 0.46943; 1185.4248; 170; 562.2; 
1245.9825; 0.46943; 1186.3177; 170; 562.4; 
1246.2207; 0.46945; 1187.1432; 170; 562.6; 
1246.4574; 0.46948; 1187.8666; 170; 562.8; 
1246.6714; 0.46954; 1188.4393; 170; 563; 
1246.8409; 0.46962; 1188.8192; 170; 563.2; 
1246.955; 0.46971; 1188.9624; 170; 563.4; 
1247.0132; 0.46981; 1188.7997; 170; 563.6; 
1247.0219; 0.46991; 1188.282; 170; 563.8; 
1246.9908; 0.47001; 1187.4041; 170; 564; 
1246.934; 0.47011; 1186.1855; 170; 564.2; 
1246.8679; 0.47021; 1184.6599; 170; 564.4; 
1246.8068; 0.47029; 1182.8978; 170; 564.6; 
1246.7626; 0.47036; 1180.9476; 170; 564.8; 
1246.7449; 0.47042; 1178.8514; 170; 565; 
1246.7501; 0.47047; 1176.7031; 170; 565.2; 
1246.7726; 0.47053; 1174.5559; 170; 565.4; 
1246.8137; 0.47057; 1172.4495; 170; 565.6; 
1246.8745; 0.47061; 1170.3965; 170; 565.8; 
1246.9507; 0.47066; 1168.4052; 170; 566; 
1247.0334; 0.4707; 1166.5039; 170; 566.2; 
1247.1178; 0.47074; 1164.7079; 170; 566.4; 
1247.2037; 0.47077; 1163.0223; 170; 566.6; 
1247.2986; 0.4708; 1161.4453; 170; 566.8; 
1247.4099; 0.47083; 1159.9657; 170; 567; 
1247.5391; 0.47084; 1158.601; 170; 567.2; 
1247.6792; 0.47087; 1157.3472; 170; 567.4; 
1247.8229; 0.47089; 1156.2017; 170; 567.6; 
1247.962; 0.47091; 1155.1504; 170; 567.8; 
1248.0872; 0.47094; 1154.156; 170; 568; 
1248.1976; 0.47097; 1153.1942; 170; 568.2; 
1248.3015; 0.471; 1152.2489; 170; 568.4; 
1248.4015; 0.47103; 1151.3088; 170; 568.6; 
1248.4967; 0.47105; 1150.3981; 170; 568.8; 
1248.5896; 0.47107; 1149.5261; 170; 569; 
1248.6832; 0.47109; 1148.6687; 170; 569.2; 
1248.78; 0.47111; 1147.8108; 170; 569.4; 
1248.8792; 0.47113; 1146.9423; 170; 569.6; 
1248.9817; 0.47114; 1146.0928; 170; 569.8; 
1249.0887; 0.47115; 1145.2729; 170; 570; 
1249.204; 0.47116; 1144.4606; 170; 570.2; 
1249.3284; 0.47116; 1143.6729; 170; 570.4; 
1249.4608; 0.47117; 1142.9113; 170; 570.6; 
1249.5947; 0.47117; 1142.1495; 170; 570.8; 
1249.726; 0.47118; 1141.4053; 170; 571; 
1249.8558; 0.47119; 1140.6825; 170; 571.2; 
1249.9835; 0.47119; 1139.9542; 170; 571.4; 
1250.1036; 0.4712; 1139.2042; 170; 571.6; 
1250.2134; 0.47121; 1138.4265; 170; 571.8; 
1250.3148; 0.47122; 1137.6196; 170; 572; 
1250.4113; 0.47123; 1136.7845; 170; 572.2; 
1250.504; 0.47124; 1135.8888; 170; 572.4; 
1250.5907; 0.47125; 1134.9229; 170; 572.6; 
1250.6693; 0.47126; 1133.8796; 170; 572.8; 
1250.739; 0.47127; 1132.7646; 170; 573; 
1250.7969; 0.47128; 1131.5804; 170; 573.2; 
1250.8411; 0.47129; 1130.3383; 170; 573.4; 
1250.8722; 0.47131; 1129.0446; 170; 573.6; 
1250.8918; 0.47132; 1127.6804; 170; 573.8; 
1250.9076; 0.47133; 1126.27; 170; 574; 
1250.9222; 0.47133; 1124.8236; 170; 574.2; 
1250.9327; 0.47134; 1123.3534; 170; 574.4; 
1250.9349; 0.47135; 1121.8639; 170; 574.6; 
1250.9271; 0.47136; 1120.3651; 170; 574.8; 
1250.9105; 0.47136; 1118.8594; 170; 575; 
1250.8871; 0.47137; 1117.3547; 170; 575.2; 
1250.8621; 0.47137; 1115.8502; 170; 575.4; 
1250.8373; 0.47137; 1114.3492; 170; 575.6; 
1250.8125; 0.47136; 1112.8806; 170; 575.8; 
1250.7875; 0.47136; 1111.4576; 170; 576; 
1250.7606; 0.47135; 1110.037; 170; 576.2; 
1250.7294; 0.47135; 1108.5957; 170; 576.4; 
1250.6929; 0.47134; 1107.1527; 170; 576.6; 
1250.6477; 0.47134; 1105.7214; 170; 576.8; 
1250.5903; 0.47134; 1104.3093; 170; 577; 
1250.524; 0.47133; 1103.1608; 170; 577.2; 
1250.4546; 0.47132; 1102.0386; 170; 577.4; 
1250.3917; 0.4713; 1100.931; 170; 577.6; 
1250.3475; 0.47127; 1099.8718; 170; 577.8; 
1250.3286; 0.47123; 1098.8815; 170; 578; 
1250.3379; 0.47119; 1097.9937; 170; 578.2; 
1250.3721; 0.47114; 1097.219; 170; 578.4; 
1250.4219; 0.4711; 1096.5583; 170; 578.6; 
1250.4808; 0.47106; 1096.0071; 170; 578.8; 
1250.5448; 0.47102; 1095.5856; 170; 579; 
1250.6061; 0.47098; 1095.2926; 170; 579.2; 
1250.6564; 0.47095; 1095.0952; 170; 579.4; 
1250.6945; 0.47092; 1094.9679; 170; 579.6; 
1250.7223; 0.47089; 1094.9248; 170; 579.8; 
1250.7408; 0.47086; 1094.9625; 170; 580; 
1250.7511; 0.47084; 1095.0487; 170; 580.2; 
1250.7567; 0.47081; 1095.1606; 170; 580.4; 
1250.7603; 0.47078; 1095.2833; 170; 580.6; 
1250.7617; 0.47075; 1095.4088; 170; 580.8; 
1250.7661; 0.47072; 1095.5643; 170; 581; 
1250.7792; 0.47068; 1095.7588; 170; 581.2; 
1250.8029; 0.47065; 1095.9987; 170; 581.4; 
1250.8336; 0.47061; 1096.28; 170; 581.6; 
1250.8716; 0.47058; 1096.6057; 170; 581.8; 
1250.9208; 0.47054; 1096.9987; 170; 582; 
1250.9783; 0.4705; 1097.4666; 170; 582.2; 
1251.0352; 0.47047; 1098.011; 170; 582.4; 
1251.0878; 0.47044; 1098.6294; 170; 582.6; 
1251.1385; 0.47041; 1099.3168; 170; 582.8; 
1251.1898; 0.47038; 1100.0608; 170; 583; 
1251.2394; 0.47035; 1100.8701; 170; 583.2; 
1251.2883; 0.47032; 1101.7416; 170; 583.4; 
1251.3375; 0.4703; 1102.6481; 170; 583.6; 
1251.3916; 0.47027; 1103.5702; 170; 583.8; 
1251.4492; 0.47025; 1104.4949; 170; 584; 
1251.5077; 0.47022; 1105.6036; 170; 584.2; 
1251.5679; 0.4702; 1106.8103; 170; 584.4; 
1251.6318; 0.47018; 1108.0254; 170; 584.6; 
1251.6974; 0.47016; 1109.2648; 170; 584.8; 
1251.7633; 0.47014; 1110.5297; 170; 585; 
1251.8267; 0.47013; 1111.7919; 170; 585.2; 
1251.8813; 0.47012; 1113.0347; 170; 585.4; 
1251.9235; 0.47012; 1114.2524; 170; 585.6; 
1251.957; 0.47011; 1115.4437; 170; 585.8; 
1251.9895; 0.47011; 1116.6097; 170; 586; 
1252.024; 0.47011; 1117.7483; 170; 586.2; 
1252.0574; 0.47011; 1118.8613; 170; 586.4; 
1252.0878; 0.47011; 1119.9542; 170; 586.6; 
1252.1222; 0.47011; 1121.031; 170; 586.8; 
1252.166; 0.4701; 1122.0947; 170; 587; 
1252.2194; 0.4701; 1123.1428; 170; 587.2; 
1252.2764; 0.4701; 1124.176; 170; 587.4; 
1252.3302; 0.47011; 1125.1949; 170; 587.6; 
1252.3772; 0.47012; 1126.2035; 170; 587.8; 
1252.4183; 0.47013; 1127.2014; 170; 588; 
1252.451; 0.47015; 1128.1576; 170; 588.2; 
1252.4691; 0.47017; 1129.0278; 170; 588.4; 
1252.4708; 0.4702; 1129.7924; 170; 588.6; 
1252.4547; 0.47023; 1130.4481; 170; 588.8; 
1252.426; 0.47026; 1130.9998; 170; 589; 
1252.3921; 0.47029; 1131.4561; 170; 589.2; 
1252.3544; 0.47032; 1131.826; 170; 589.4; 
1252.3145; 0.47035; 1132.0907; 170; 589.6; 
1252.2773; 0.47037; 1132.2511; 170; 589.8; 
1252.2483; 0.47039; 1132.3416; 170; 590; 
1252.233; 0.47041; 1132.3864; 170; 590.2; 
1252.2351; 0.47042; 1132.3999; 170; 590.4; 
1252.2521; 0.47043; 1132.3922; 170; 590.6; 
1252.2808; 0.47044; 1132.3715; 170; 590.8; 
1252.3187; 0.47045; 1132.3423; 170; 591; 
1252.3644; 0.47047; 1132.3074; 170; 591.2; 
1252.411; 0.47048; 1132.2662; 170; 591.4; 
1252.4496; 0.4705; 1132.1884; 170; 591.6; 
1252.4774; 0.47052; 1132.0642; 170; 591.8; 
1252.4926; 0.47055; 1131.8856; 170; 592; 
1252.495; 0.47058; 1131.6558; 170; 592.2; 
1252.486; 0.4706; 1131.3762; 170; 592.4; 
1252.4667; 0.47063; 1131.0242; 170; 592.6; 
1252.444; 0.47065; 1130.6235; 170; 592.8; 
1252.4232; 0.47067; 1130.1857; 170; 593; 
1252.4069; 0.47069; 1129.6904; 170; 593.2; 
1252.3948; 0.47071; 1129.1626; 170; 593.4; 
1252.3842; 0.47073; 1128.6133; 170; 593.6; 
1252.3762; 0.47074; 1128.058; 170; 593.8; 
1252.3744; 0.47075; 1127.5333; 170; 594; 
1252.3806; 0.47076; 1127.0591; 170; 594.2; 
1252.3989; 0.47076; 1126.6426; 170; 594.4; 
1252.4293; 0.47077; 1126.2837; 170; 594.6; 
1252.4669; 0.47077; 1125.9786; 170; 594.8; 
1252.5081; 0.47077; 1125.7538; 170; 595; 
1252.5499; 0.47078; 1125.6146; 170; 595.2; 
1252.5885; 0.47079; 1125.532; 170; 595.4; 
1252.6188; 0.4708; 1125.5176; 170; 595.6; 
1252.6384; 0.47081; 1125.569; 170; 595.8; 
1252.6462; 0.47083; 1125.6567; 170; 596; 
1252.646; 0.47084; 1125.7621; 170; 596.2; 
1252.6465; 0.47085; 1125.9047; 170; 596.4; 
1252.6526; 0.47086; 1126.0861; 170; 596.6; 
1252.6616; 0.47088; 1126.3073; 170; 596.8; 
1252.6669; 0.47089; 1126.5624; 170; 597; 
1252.6637; 0.47091; 1126.8528; 170; 597.2; 
1252.6521; 0.47093; 1127.2045; 170; 597.4; 
1252.6334; 0.47095; 1127.5979; 170; 597.6; 
1252.611; 0.47097; 1128.0247; 170; 597.8; 
1252.5887; 0.47098; 1128.472; 170; 598; 
1252.5702; 0.471; 1128.9434; 0; 598.2; 
1252.5527; 0.46906; 0; 0; 598.4; 
1252.5308; 0.46711; 0; 0; 598.6; 
1252.4956; 0.4652; 0; 0; 598.8; 
1252.4491; 0.46331; 0; 0; 599; 
1252.3978; 0.46143; 0; 0; 599.2; 
1252.347; 0.45956; 0; 0; 599.4; 
1252.2998; 0.4577; 0; 0; 599.6; 
1252.2552; 0.45586; 0; 0; 599.8; 
1252.2115; 0.45403; 0; 0; 600; 
1252.1643; 0.45221; 0; 0; 600.2; 
1252.1099; 0.45042; 0; 0; 600.4; 
1252.0474; 0.44863; 0; 0; 600.6; 
1251.9733; 0.44686; 0; 0; 600.8; 
1251.8831; 0.44511; 0; 0; 601; 
1251.7759; 0.44337; 0; 0; 601.2; 
1251.6538; 0.44163; 0; 0; 601.4; 
1251.5286; 0.43991; 0; 0; 601.6; 
1251.4081; 0.43819; 0; 0; 601.8; 
1251.2919; 0.43648; 0; 0; 602; 
1251.1771; 0.43478; 0; 0; 602.2; 
1251.0571; 0.4331; 0; 0; 602.4; 
1250.9264; 0.43143; 0; 0; 602.6; 
1250.7834; 0.42978; 0; 0; 602.8; 
1250.6323; 0.42813; 0; 0; 603; 
1250.481; 0.42648; 0; 0; 603.2; 
1250.3333; 0.42484; 0; 0; 603.4; 
1250.1885; 0.42322; 0; 0; 603.6; 
1250.0405; 0.42161; 0; 0; 603.8; 
1249.8829; 0.42001; 0; 0; 604; 
1249.7129; 0.41842; 0; 0; 604.2; 
1249.5311; 0.41685; 0; 0; 604.4; 
1249.3385; 0.41528; 0; 0; 604.6; 
1249.1364; 0.41372; 0; 0; 604.8; 
1248.9282; 0.41217; 0; 0; 605; 
1248.718; 0.41063; 0; 0; 605.2; 
1248.5057; 0.4091; 0; 0; 605.4; 
1248.2911; 0.40757; 0; 0; 605.6; 
1248.0731; 0.40606; 0; 0; 605.8; 
1247.8518; 0.40455; 0; 0; 606; 
1247.6267; 0.40306; 0; 0; 606.2; 
1247.4008; 0.40157; 0; 0; 606.4; 
1247.1764; 0.40009; 0; 0; 606.6; 
1246.9486; 0.39862; 0; 0; 606.8; 
1246.7086; 0.39716; 0; 0; 607; 
1246.4543; 0.39572; 0; 0; 607.2; 
1246.1912; 0.39428; 0; 0; 607.4; 
1245.9252; 0.39284; 0; 0; 607.6; 
1245.6594; 0.39142; 0; 0; 607.8; 
1245.395; 0.38999; 0; 0; 608; 
1245.1339; 0.38858; 0; 0; 608.2; 
1244.8751; 0.38717; 0; 0; 608.4; 
1244.6161; 0.38577; 0; 0; 608.6; 
1244.3556; 0.38438; 0; 0; 608.8; 
1244.0962; 0.38299; 0; 0; 609; 
1243.8391; 0.38161; 0; 0; 609.2; 
1243.5876; 0.38023; 0; 0; 609.4; 
1243.3434; 0.37886; 0; 0; 609.6; 
1243.1064; 0.3775; 0; 0; 609.8; 
1242.8751; 0.37614; 0; 0; 610; 
1242.6471; 0.37479; 0; 0; 610.2; 
1242.4159; 0.37346; 0; 0; 610.4; 
1242.1743; 0.37213; 0; 0; 610.6; 
1241.9196; 0.37082; 0; 0; 610.8; 
1241.6528; 0.36951; 0; 0; 611; 
1241.3796; 0.36821; 0; 0; 611.2; 
1241.1069; 0.36691; 0; 0; 611.4; 
1240.8384; 0.36561; 0; 0; 611.6; 
1240.5767; 0.36432; 0; 0; 611.8; 
1240.3214; 0.36303; 0; 0; 612; 
1240.0725; 0.36175; 0; 0; 612.2; 
1239.8303; 0.36047; 0; 0; 612.4; 
1239.5957; 0.35919; 0; 0; 612.6; 
1239.3683; 0.35792; 0; 0; 612.8; 
1239.1483; 0.35665; 0; 0; 613; 
1238.9377; 0.35539; 0; 0; 613.2; 
1238.7386; 0.35413; 0; 0; 613.4; 
1238.5498; 0.35287; 0; 0; 613.6; 
1238.3676; 0.35162; 0; 0; 613.8; 
1238.1875; 0.35038; 0; 0; 614; 
1238.007; 0.34915; 0; 0; 614.2; 
1237.823; 0.34793; 0; 0; 614.4; 
1237.6355; 0.34671; 0; 0; 614.6; 
1237.4492; 0.34549; 0; 0; 614.8; 
1237.2709; 0.34427; 0; 0; 615; 
1237.1028; 0.34305; 0; 0; 615.2; 
1236.9445; 0.34184; 0; 0; 615.4; 
1236.7953; 0.34063; 0; 0; 615.6; 
1236.6545; 0.33943; 0; 0; 615.8; 
1236.5198; 0.33823; 0; 0; 616; 
1236.3889; 0.33704; 0; 0; 616.2; 
1236.2605; 0.33585; 0; 0; 616.4; 
1236.1372; 0.33466; 0; 0; 616.6; 
1236.0201; 0.33348; 0; 0; 616.8; 
1235.9081; 0.3323; 0; 0; 617; 
1235.801; 0.33112; 0; 0; 617.2; 
1235.7029; 0.32994; 0; 0; 617.4; 
1235.6163; 0.32877; 0; 0; 617.6; 
1235.5435; 0.32759; 0; 0; 617.8; 
1235.4827; 0.32641; 0; 0; 618; 
1235.4346; 0.32524; 0; 0; 618.2; 
1235.4005; 0.32407; 0; 0; 618.4; 
1235.3789; 0.3229; 0; 0; 618.6; 
1235.3691; 0.32173; 0; 0; 618.8; 
1235.3682; 0.32057; 0; 0; 619; 
1235.3738; 0.31941; 0; 0; 619.2; 
1235.385; 0.31826; 0; 0; 619.4; 
1235.3997; 0.31711; 0; 0; 619.6; 
1235.4194; 0.31596; 0; 0; 619.8; 
1235.4451; 0.31482; 0; 0; 620; 
1235.4771; 0.31367; 0; 0; 620.2; 
1235.514; 0.31253; 0; 0; 620.4; 
1235.5548; 0.3114; 0; 0; 620.6; 
1235.5986; 0.31027; 0; 0; 620.8; 
1235.6428; 0.30915; 0; 0; 621; 
1235.6885; 0.30802; 0; 0; 621.2; 
1235.7394; 0.3069; 0; 0; 621.4; 
1235.7975; 0.30577; 0; 0; 621.6; 
1235.8621; 0.30465; 0; 0; 621.8; 
1235.9305; 0.30353; 0; 0; 622; 
1236.002; 0.30242; 0; 0; 622.2; 
1236.0735; 0.30132; 0; 0; 622.4; 
1236.1425; 0.30022; 0; 0; 622.6; 
1236.2056; 0.29914; 0; 0; 622.8; 
1236.2612; 0.29806; 0; 0; 623; 
1236.3091; 0.29698; 0; 0; 623.2; 
1236.3501; 0.29591; 0; 0; 623.4; 
1236.3856; 0.29484; 0; 0; 623.6; 
1236.4167; 0.29378; 0; 0; 623.8; 
1236.4427; 0.29272; 0; 0; 624; 
1236.4619; 0.29167; 0; 0; 624.2; 
1236.4727; 0.29063; 0; 0; 624.4; 
1236.476; 0.28959; 0; 0; 624.6; 
1236.4702; 0.28856; 0; 0; 624.8; 
1236.4521; 0.28754; 0; 0; 625; 
1236.4218; 0.28653; 0; 0; 625.2; 
1236.3793; 0.28552; 0; 0; 625.4; 
1236.3229; 0.28453; 0; 0; 625.6; 
1236.2524; 0.28354; 0; 0; 625.8; 
1236.1689; 0.28255; 0; 0; 626; 
1236.0717; 0.28157; 0; 0; 626.2; 
1235.9604; 0.2806; 0; 0; 626.4; 
1235.8348; 0.27964; 0; 0; 626.6; 
1235.6948; 0.27868; 0; 0; 626.8; 
1235.5411; 0.27773; 0; 0; 627; 
1235.3739; 0.27678; 0; 0; 627.2; 
1235.1946; 0.27583; 0; 0; 627.4; 
1235.0057; 0.27488; 0; 0; 627.6; 
1234.8105; 0.27394; 0; 0; 627.8; 
1234.6111; 0.27299; 0; 0; 628; 
1234.4077; 0.27205; 0; 0; 628.2; 
1234.2009; 0.2711; 0; 0; 628.4; 
1233.9918; 0.27016; 0; 0; 628.6; 
1233.7842; 0.26921; 0; 0; 628.8; 
1233.5815; 0.26826; 0; 0; 629; 
1233.3873; 0.26729; 0; 0; 629.2; 
1233.2029; 0.26633; 0; 0; 629.4; 
1233.0275; 0.26538; 0; 0; 629.6; 
1232.8596; 0.26443; 0; 0; 629.8; 
1232.6963; 0.26348; 0; 0; 630; 
1232.5342; 0.26253; 0; 0; 630.2; 
1232.3739; 0.26159; 0; 0; 630.4; 
1232.218; 0.26065; 0; 0; 630.6; 
1232.0687; 0.2597; 0; 0; 630.8; 
1231.928; 0.25876; 0; 0; 631; 
1231.7936; 0.25782; 0; 0; 631.2; 
1231.6626; 0.25689; 0; 0; 631.4; 
1231.532; 0.25596; 0; 0; 631.6; 
1231.4016; 0.25503; 0; 0; 631.8; 
1231.2716; 0.25411; 0; 0; 632; 
1231.1414; 0.2532; 0; 0; 632.2; 
1231.0105; 0.25229; 0; 0; 632.4; 
1230.8782; 0.25139; 0; 0; 632.6; 
1230.7427; 0.25049; 0; 0; 632.8; 
1230.6025; 0.2496; 0; 0; 633; 
1230.2877; 0.23911; 0; 0; 633.2; 
1229.6302; 0.21053; 0; 0; 633.4; 
1228.7112; 0.1752; 0; 0; 633.6; 
1227.6075; 0.14187; 0; 0; 633.8; 
1226.3716; 0.11417; 0; 0; 634; 
1225.0321; 0.092493; 0; 0; 634.2; 
1223.6028; 0.075993; 0; 0; 634.4; 
1222.0901; 0.063588; 0; 0; 634.6; 
1220.4973; 0.054327; 0; 0; 634.8; 
1218.8279; 0.047462; 0; 0; 635; 
1217.0869; 0.042411; 0; 0; 635.2; 
1215.2819; 0.03872; 0; 0; 635.4; 
1213.4222; 0.036031; 0; 0; 635.6; 
1211.5201; 0.034055; 0; 0; 635.8; 
1209.5886; 0.032571; 0; 0; 636; 
1207.6411; 0.03141; 0; 0; 636.2; 
1205.6903; 0.030455; 0; 0; 636.4; 
1203.7476; 0.029626; 0; 0; 636.6; 
1201.8223; 0.028875; 0; 0; 636.8; 
1199.9215; 0.028173; 0; 0; 637; 
1198.0509; 0.027507; 0; 0; 637.2; 
1196.2135; 0.026869; 0; 0; 637.4; 
1194.4116; 0.026257; 0; 0; 637.6; 
1192.6458; 0.025671; 0; 0; 637.8; 
1190.916; 0.025111; 0; 0; 638; 
1189.2216; 0.024577; 0; 0; 638.2; 
1187.5614; 0.02407; 0; 0; 638.4; 
1185.9343; 0.023589; 0; 0; 638.6; 
1184.3386; 0.023133; 0; 0; 638.8; 
1182.7731; 0.0227; 0; 0; 639; 
1181.2361; 0.02229; 0; 0; 639.2; 
1179.7263; 0.0219; 0; 0; 639.4; 
1178.2424; 0.02153; 0; 0; 639.6; 
1176.7831; 0.021179; 0; 0; 639.8; 
1175.347; 0.020844; 0; 0; 640; 
1173.9335; 0.020525; 0; 0; 640.2; 
1172.5411; 0.02022; 0; 0; 640.4; 
1171.1691; 0.019929; 0; 0; 640.6; 
1169.8165; 0.01965; 0; 0; 640.8; 
1168.4825; 0.019383; 0; 0; 641; 
1167.1652; 0.019181; 0; 0; 641.2; 
1165.8583; 0.019071; 0; 0; 641.4; 
1164.5569; 0.019011; 0; 0; 641.6; 
1163.2587; 0.018977; 0; 0; 641.8; 
1161.9622; 0.018958; 0; 0; 642; 
1160.6666; 0.018947; 0; 0; 642.2; 
1159.3716; 0.01894; 0; 0; 642.4; 
1158.077; 0.018936; 0; 0; 642.6; 
1156.7826; 0.018933; 0; 0; 642.8; 
1155.4884; 0.018931; 0; 0; 643; 
1154.1943; 0.018929; 0; 0; 643.2; 
1152.9003; 0.018927; 0; 0; 643.4; 
1151.6064; 0.018925; 0; 0; 643.6; 
1150.3126; 0.018924; 0; 0; 643.8; 
1149.0189; 0.018922; 0; 0; 644; 
1147.7252; 0.018921; 0; 0; 644.2; 
1146.4316; 0.01892; 0; 0; 644.4; 
1145.1382; 0.018918; 0; 0; 644.6; 
1143.8447; 0.018917; 0; 0; 644.8; 
1142.5514; 0.018915; 0; 0; 645; 
1141.2582; 0.018914; 0; 0; 645.2; 
1139.965; 0.018912; 0; 0; 645.4; 
1138.6719; 0.018911; 0; 0; 645.6; 
1137.3789; 0.01891; 0; 0; 645.8; 
1136.0859; 0.018908; 0; 0; 646; 
1134.7931; 0.018907; 0; 0; 646.2; 
1133.5004; 0.018905; 0; 0; 646.4; 
1132.2076; 0.018904; 0; 0; 646.6; 
1130.915; 0.018902; 0; 0; 646.8; 
1129.6224; 0.018901; 0; 0; 647; 
1128.33; 0.0189; 0; 0; 647.2; 
1127.0376; 0.018898; 0; 0; 647.4; 
1125.7454; 0.018897; 0; 0; 647.6; 
1124.4531; 0.018895; 0; 0; 647.8; 
1123.1609; 0.018894; 0; 0; 648; 
1121.8689; 0.018892; 0; 0; 648.2; 
1120.5769; 0.018891; 0; 0; 648.4; 
1119.285; 0.018889; 0; 0; 648.6; 
1117.9932; 0.018888; 0; 0; 648.8; 
1116.7014; 0.018887; 0; 0; 649; 
1115.4098; 0.018885; 0; 0; 649.2; 
1114.1182; 0.018884; 0; 0; 649.4; 
1112.8267; 0.018882; 0; 0; 649.6; 
1111.5352; 0.018881; 0; 0; 649.8; 
1110.2439; 0.018879; 0; 0; 650; 
1108.9526; 0.018878; 0; 0; 650.2; 
1107.6614; 0.018877; 0; 0; 650.4; 
1106.3702; 0.018875; 0; 0; 650.6; 
1105.0792; 0.018874; 0; 0; 650.8; 
1103.7883; 0.018872; 0; 0; 651; 
1102.4974; 0.018871; 0; 0; 651.2; 
1101.2065; 0.01887; 0; 0; 651.4; 
1099.9159; 0.018868; 0; 0; 651.6; 
1098.6252; 0.018867; 0; 0; 651.8; 
1097.3347; 0.018865; 0; 0; 652; 
1096.0442; 0.018864; 0; 0; 652.2; 
1094.7538; 0.018862; 0; 0; 652.4; 
1093.4635; 0.018861; 0; 0; 652.6; 
1092.1732; 0.01886; 0; 0; 652.8; 
1090.8831; 0.018858; 0; 0; 653; 
1089.593; 0.018857; 0; 0; 653.2; 
1088.303; 0.018855; 0; 0; 653.4; 
1087.0131; 0.018854; 0; 0; 653.6; 
1085.7231; 0.018852; 0; 0; 653.8; 
1084.4333; 0.018851; 0; 0; 654; 
1083.1437; 0.01885; 0; 0; 654.2; 
1081.8541; 0.018848; 0; 0; 654.4; 
1080.5646; 0.018847; 0; 0; 654.6; 
1079.275; 0.018845; 0; 0; 654.8; 
1077.9857; 0.018844; 0; 0; 655; 
1076.6964; 0.018842; 0; 0; 655.2; 
1075.4072; 0.018841; 0; 0; 655.4; 
1074.118; 0.01884; 0; 0; 655.6; 
1072.829; 0.018838; 0; 0; 655.8; 
1071.5399; 0.018837; 0; 0; 656; 
1070.2511; 0.018835; 0; 0; 656.2; 
1068.9623; 0.018834; 0; 0; 656.4; 
1067.6735; 0.018833; 0; 0; 656.6; 
1066.3848; 0.018831; 0; 0; 656.8; 
1065.0962; 0.01883; 0; 0; 657; 
1063.8077; 0.018828; 0; 0; 657.2; 
1062.5193; 0.018827; 0; 0; 657.4; 
1061.231; 0.018825; 0; 0; 657.6; 
1059.9426; 0.018824; 0; 0; 657.8; 
1058.6544; 0.018823; 0; 0; 658; 
1057.3663; 0.018821; 0; 0; 658.2; 
1056.0782; 0.01882; 0; 0; 658.4; 
1054.7903; 0.018818; 0; 0; 658.6; 
1053.5024; 0.018817; 0; 0; 658.8; 
1052.2146; 0.018815; 0; 0; 659; 
1050.9269; 0.018814; 0; 0; 659.2; 
1049.6393; 0.018813; 0; 0; 659.4; 
1048.3517; 0.018811; 0; 0; 659.6; 
1047.0642; 0.01881; 0; 0; 659.8; 
1045.7767; 0.018808; 0; 0; 660; 
1044.4894; 0.018807; 0; 0; 660.2; 
1043.2021; 0.018806; 0; 0; 660.4; 
1041.9149; 0.018804; 0; 0; 660.6; 
1040.6279; 0.018803; 0; 0; 660.8; 
1039.3408; 0.018801; 0; 0; 661; 
1038.054; 0.0188; 0; 0; 661.2; 
1036.7671; 0.018798; 0; 0; 661.4; 
1035.4802; 0.018797; 0; 0; 661.6; 
1034.1935; 0.018796; 0; 0; 661.8; 
1032.9069; 0.018794; 0; 0; 662; 
1031.6204; 0.018793; 0; 0; 662.2; 
1030.3339; 0.018791; 0; 0; 662.4; 
1029.0475; 0.01879; 0; 0; 662.6; 
1027.7611; 0.018789; 0; 0; 662.8; 
1026.475; 0.018787; 0; 0; 663; 
1025.1887; 0.018786; 0; 0; 663.2; 
1023.9026; 0.018784; 0; 0; 663.4; 
1022.6167; 0.018783; 0; 0; 663.6; 
1021.3307; 0.018782; 0; 0; 663.8; 
1020.0449; 0.01878; 0; 0; 664; 
1018.7591; 0.018779; 0; 0; 664.2; 
1017.4734; 0.018777; 0; 0; 664.4; 
1016.1878; 0.018776; 0; 0; 664.6; 
1014.9023; 0.018774; 0; 0; 664.8; 
1013.6168; 0.018773; 0; 0; 665; 
1012.3314; 0.018772; 0; 0; 665.2; 
1011.0461; 0.01877; 0; 0; 665.4; 
1009.7609; 0.018769; 0; 0; 665.6; 
1008.4758; 0.018767; 0; 0; 665.8; 
1007.1907; 0.018766; 0; 0; 666; 
1005.9057; 0.018765; 0; 0; 666.2; 
1004.6208; 0.018763; 0; 0; 666.4; 
1003.336; 0.018762; 0; 0; 666.6; 
1002.0512; 0.01876; 0; 0; 666.8; 
1000.7665; 0.018759; 0; 0; 667; 
999.4819; 0.018758; 0; 0; 667.2; 
998.1974; 0.018756; 0; 0; 667.4; 
996.913; 0.018755; 0; 0; 667.6; 
995.6286; 0.018753; 0; 0; 667.8; 
994.3443; 0.018752; 0; 0; 668; 
993.0601; 0.018751; 0; 0; 668.2; 
991.776; 0.018749; 0; 0; 668.4; 
990.4919; 0.018748; 0; 0; 668.6; 
989.2079; 0.018746; 0; 0; 668.8; 
987.9241; 0.018745; 0; 0; 669; 
986.6403; 0.018744; 0; 0; 669.2; 
985.3565; 0.018742; 0; 0; 669.4; 
984.0728; 0.018741; 0; 0; 669.6; 
982.7892; 0.018739; 0; 0; 669.8; 
981.5057; 0.018738; 0; 0; 670; 
980.2223; 0.018736; 0; 0; 670.2; 
978.939; 0.018735; 0; 0; 670.4; 
977.6557; 0.018734; 0; 0; 670.6; 
976.3725; 0.018732; 0; 0; 670.8; 
975.0894; 0.018731; 0; 0; 671; 
973.8063; 0.018729; 0; 0; 671.2; 
972.5234; 0.018728; 0; 0; 671.4; 
971.2405; 0.018727; 0; 0; 671.6; 
969.9576; 0.018725; 0; 0; 671.8; 
968.6749; 0.018724; 0; 0; 672; 
967.3923; 0.018722; 0; 0; 672.2; 
966.1097; 0.018721; 0; 0; 672.4; 
964.8272; 0.01872; 0; 0; 672.6; 
963.5448; 0.018718; 0; 0; 672.8; 
962.2625; 0.018717; 0; 0; 673; 
960.9802; 0.018715; 0; 0; 673.2; 
959.698; 0.018714; 0; 0; 673.4; 
958.4159; 0.018713; 0; 0; 673.6; 
957.1339; 0.018711; 0; 0; 673.8; 
955.8519; 0.01871; 0; 0; 674; 
954.57; 0.018708; 0; 0; 674.2; 
953.2882; 0.018707; 0; 0; 674.4; 
952.0065; 0.018706; 0; 0; 674.6; 
950.7249; 0.018704; 0; 0; 674.8; 
949.4433; 0.018703; 0; 0; 675; 
948.1618; 0.018701; 0; 0; 675.2; 
946.8804; 0.0187; 0; 0; 675.4; 
945.5991; 0.018699; 0; 0; 675.6; 
944.3178; 0.018697; 0; 0; 675.8; 
943.0366; 0.018696; 0; 0; 676; 
941.7556; 0.018694; 0; 0; 676.2; 
940.4745; 0.018693; 0; 0; 676.4; 
939.1936; 0.018692; 0; 0; 676.6; 
937.9127; 0.01869; 0; 0; 676.8; 
936.6319; 0.018689; 0; 0; 677; 
935.3512; 0.018687; 0; 0; 677.2; 
934.0706; 0.018686; 0; 0; 677.4; 
932.79; 0.018685; 0; 0; 677.6; 
931.5095; 0.018683; 0; 0; 677.8; 
930.2291; 0.018682; 0; 0; 678; 
928.9488; 0.01868; 0; 0; 678.2; 
927.6686; 0.018679; 0; 0; 678.4; 
926.3884; 0.018678; 0; 0; 678.6; 
925.1083; 0.018676; 0; 0; 678.8; 
