567; 0; 0; 170; 0; 
567; 0; 0; 170; 0.2; 
567; 0; 0; 170; 0.4; 
567; 0; 0; 170; 0.6; 
567; 0; 0; 170; 0.8; 
567; 0; 0; 170; 1; 
567; 0; 0; 170; 1.2; 
567; 0; 0; 170; 1.4; 
567; 0; 0; 170; 1.6; 
567; 0; 0; 170; 1.8; 
567; 0; 0; 170; 2; 
567; 0; 0; 170; 2.2; 
567; 0; 0; 170; 2.4; 
567; 0; 0; 170; 2.6; 
567; 0; 0; 170; 2.8; 
567; 0; 0; 170; 3; 
567; 0; 0; 170; 3.2; 
567; 0; 0; 170; 3.4; 
567; 0; 0; 170; 3.6; 
567; 0; 0; 170; 3.8; 
567; 0; 0; 170; 4; 
567; 0; 0; 170; 4.2; 
567; 0; 0; 170; 4.4; 
567; 0; 0; 170; 4.6; 
567; 0; 0; 170; 4.8; 
567; 0; 0; 170; 5; 
567; 0; 0; 170; 5.2; 
567; 0; 0; 170; 5.4; 
567; 0; 0; 170; 5.6; 
567; 0; 0; 170; 5.8; 
567; 0; 0; 170; 6; 
567; 0; 0; 170; 6.2; 
567; 0; 0; 170; 6.4; 
567; 0; 0; 170; 6.6; 
567; 0; 0; 170; 6.8; 
567; 0; 0; 170; 7; 
567; 0; 0; 170; 7.2; 
567; 0; 0; 170; 7.4; 
567; 0; 0; 170; 7.6; 
567; 0; 0; 170; 7.8; 
567; 0; 0; 170; 8; 
567; 0; 0; 170; 8.2; 
567; 0; 0; 170; 8.4; 
567; 0; 0; 170; 8.6; 
567; 0; 0; 170; 8.8; 
567; 0; 0; 170; 9; 
567; 0; 0; 170; 9.2; 
567; 0; 0; 170; 9.4; 
567; 0; 0; 170; 9.6; 
567; 0; 0; 170; 9.8; 
567; 0; 0; 170; 10; 
567; 0; 0; 170; 10.2; 
567; 0; 0; 170; 10.4; 
567; 0; 0; 170; 10.6; 
567; 0; 0; 170; 10.8; 
567; 0; 0; 170; 11; 
567; 0; 0; 170; 11.2; 
567; 0; 0; 170; 11.4; 
567; 0; 0; 170; 11.6; 
567; 0; 0; 170; 11.8; 
567; 0; 0; 170; 12; 
567; 0; 0; 170; 12.2; 
567; 0; 0; 170; 12.4; 
567; 0; 0; 170; 12.6; 
567; 0; 0; 170; 12.8; 
567; 0; 0; 170; 13; 
567; 0; 0; 170; 13.2; 
567; 0; 0; 170; 13.4; 
567; 0; 0; 170; 13.6; 
567; 0; 0; 170; 13.8; 
567; 0; 0; 170; 14; 
567; 0; 0; 170; 14.2; 
567; 0; 0; 170; 14.4; 
567; 0; 0; 170; 14.6; 
567; 0; 0; 170; 14.8; 
567; 0; 0; 170; 15; 
567; 0; 0; 170; 15.2; 
567; 0; 0; 170; 15.4; 
567; 0; 1370.749; 170; 15.6; 
567; 0; 1370.749; 170; 15.8; 
567; 0; 1370.749; 170; 16; 
567; 0; 1370.749; 170; 16.2; 
567; 0; 1370.749; 170; 16.4; 
567; 0; 1370.749; 170; 16.6; 
567; 0; 1370.749; 170; 16.8; 
567; 0; 1370.749; 170; 17; 
567; 0; 1370.749; 170; 17.2; 
567; 0; 1370.749; 170; 17.4; 
567; 0; 1370.749; 170; 17.6; 
567; 0; 1370.749; 170; 17.8; 
567; 0; 1370.749; 170; 18; 
567; 0; 1370.749; 170; 18.2; 
567; 0; 1370.749; 170; 18.4; 
567; 0; 1370.749; 170; 18.6; 
567; 0; 1387.2875; 170; 18.8; 
567; 0; 1406.6407; 170; 19; 
567; 0; 1425.994; 170; 19.2; 
567; 0; 1445.3473; 170; 19.4; 
567; 0; 1464.7004; 170; 19.6; 
567; 0; 1484.3075; 170; 19.8; 
567; 0; 1505.9076; 170; 20; 
567; 0; 1527.5078; 170; 20.2; 
567; 0; 1549.108; 170; 20.4; 
567; 0; 1570.7081; 170; 20.6; 
567; 0; 1592.3083; 170; 20.8; 
567; 0; 1613.9084; 170; 21; 
567; 0; 1635.5087; 170; 21.2; 
567; 0; 1657.1088; 170; 21.4; 
567; 0; 1678.7091; 170; 21.6; 
567; 0; 1700.3092; 170; 21.8; 
567; 0; 1721.9094; 170; 22; 
567; 0; 1744.9359; 170; 22.2; 
567; 0; 1769.3831; 170; 22.4; 
567; 0; 1793.8302; 170; 22.6; 
567; 0; 1818.2775; 170; 22.8; 
567; 0; 1842.7247; 170; 23; 
567; 0; 1867.1719; 170; 23.2; 
567; 0; 1891.6191; 170; 23.4; 
567; 0; 1916.0664; 170; 23.6; 
567; 0; 1940.5136; 170; 23.8; 
567; 0; 1964.9608; 170; 24; 
567; 0; 1989.408; 170; 24.2; 
567; 0; 2013.8553; 170; 24.4; 
567; 0; 2040.0088; 170; 24.6; 
567; 0; 2066.3579; 170; 24.8; 
567; 0; 2092.7071; 170; 25; 
567; 0; 2119.0561; 170; 25.2; 
567; 0; 2145.4053; 170; 25.4; 
567; 0; 2171.7544; 170; 25.6; 
567; 0; 2198.1035; 170; 25.8; 
567; 0; 2224.4527; 170; 26; 
567; 0; 2250.8018; 170; 26.2; 
567; 0; 2277.151; 170; 26.4; 
567; 0; 2303.5002; 170; 26.6; 
567; 0; 2330.9203; 170; 26.8; 
567; 0; 2360.2883; 170; 27; 
567; 0; 2387.5136; 170; 27.2; 
567; 0; 2411.863; 170; 27.4; 
567; 0; 2433.0729; 170; 27.6; 
567; 0; 2451.1735; 170; 27.8; 
567; 0; 2466.3655; 170; 28; 
567; 0; 2478.9403; 170; 28.2; 
567; 0; 2489.2241; 170; 28.4; 
567; 0; 2497.5455; 170; 28.6; 
567; 0; 2504.2148; 170; 28.8; 
567; 0; 2509.513; 170; 29; 
567; 0; 2513.6875; 170; 29.2; 
567; 0; 2516.9506; 170; 29.4; 
567; 0; 2519.482; 170; 29.6; 
567; 0; 2521.4312; 170; 29.8; 
567; 0; 2522.9207; 170; 30; 
567; 0; 2524.0507; 170; 30.2; 
567; 0; 2524.901; 170; 30.4; 
567; 0; 2525.5359; 170; 30.6; 
567; 0; 2526.0059; 170; 30.8; 
567; 0; 2526.3504; 170; 31; 
567; 0; 2526.6004; 170; 31.2; 
567; 0; 2526.7799; 170; 31.4; 
567; 0; 2526.9069; 170; 31.6; 
567; 0; 2526.9955; 170; 31.8; 
567; 0; 2527.0561; 170; 32; 
567; 0; 2527.0965; 170; 32.2; 
567; 0; 2527.1227; 170; 32.4; 
567; 0; 2527.1389; 170; 32.6; 
567; 0; 2527.148; 170; 32.8; 
567; 0; 2527.1529; 170; 33; 
567; 0; 2527.1544; 170; 33.2; 
567; 0; 2527.1544; 170; 33.4; 
567; 0; 2527.1531; 170; 33.6; 
567; 0; 2527.1511; 170; 33.8; 
567; 0; 2527.3742; 170; 34; 
567; 0; 2527.9732; 170; 34.2; 
567; 0; 2531.1624; 170; 34.4; 
567; 0; 2538.361; 170; 34.6; 
567; 0; 2554.8196; 170; 34.8; 
567; 0; 2583.7999; 170; 35; 
567; 0; 2614.0055; 170; 35.2; 
567; 0; 2644.1901; 170; 35.4; 
567; 0; 2674.5764; 170; 35.6; 
567; 0; 2709.7176; 170; 35.8; 
567; 0; 2744.8946; 170; 36; 
567; 0; 2780.0551; 170; 36.2; 
567; 0; 2815.2666; 170; 36.4; 
567; 0; 2850.4777; 170; 36.6; 
567; 0; 2885.6908; 170; 36.8; 
567; 0; 2920.9009; 170; 37; 
567; 0; 2956.1107; 170; 37.2; 
567; 0; 2991.32; 170; 37.4; 
567; 0; 3026.5289; 170; 37.6; 
567; 0; 3061.737; 170; 37.8; 
567; 0; 3098.9864; 170; 38; 
567; 0; 3138.7795; 170; 38.2; 
567; 0; 3178.5723; 170; 38.4; 
567; 0; 3218.3642; 170; 38.6; 
567; 0; 3258.1556; 170; 38.8; 
567; 0; 3297.9463; 170; 39; 
567; 0; 3337.7365; 170; 39.2; 
567; 0; 3377.526; 170; 39.4; 
567; 0; 3417.3153; 170; 39.6; 
567; 0; 3457.1042; 170; 39.8; 
567; 0; 3496.8924; 170; 40; 
567; 0; 3536.6799; 170; 40.2; 
567; 0; 3579.4056; 170; 40.4; 
567; 0; 3622.6876; 170; 40.6; 
567; 0; 3665.9687; 170; 40.8; 
567; 0; 3709.2496; 170; 41; 
567; 0; 3752.5297; 170; 41.2; 
567; 0; 3795.8092; 170; 41.4; 
567; 0; 3839.0882; 170; 41.6; 
567; 0; 3882.3665; 170; 41.8; 
567; 0; 3887.0809; 170; 42; 
567; 0; 3887.0962; 170; 42.2; 
567; 0; 3887.1109; 170; 42.4; 
567; 0; 3887.1249; 170; 42.6; 
567; 0; 3887.1383; 170; 42.8; 
567; 0; 3887.1509; 170; 43; 
567; 0; 3887.1629; 170; 43.2; 
567; 0; 3887.174; 170; 43.4; 
567; 0; 3887.1845; 170; 43.6; 
567; 0; 3887.1942; 170; 43.8; 
567; 0; 3887.2032; 170; 44; 
567; 0; 3887.2115; 170; 44.2; 
567; 0; 3887.2188; 170; 44.4; 
567; 0; 3887.2257; 170; 44.6; 
567; 0; 3887.2316; 170; 44.8; 
567; 0; 3887.2368; 170; 45; 
567; 0; 3887.2411; 170; 45.2; 
567; 0; 3887.2449; 170; 45.4; 
567; 0; 3887.2476; 170; 45.6; 
567; 0; 3887.2495; 170; 45.8; 
567; 0; 3887.2449; 170; 46; 
567; 0; 3887.2452; 170; 46.2; 
567; 0; 3887.2444; 170; 46.4; 
567; 0; 3887.2432; 170; 46.6; 
567; 0; 3887.2408; 170; 46.8; 
567; 0; 3887.2376; 170; 47; 
567; 0; 3887.234; 170; 47.2; 
567; 0; 3887.2299; 170; 47.4; 
567; 0; 3887.2257; 170; 47.6; 
567; 0; 3887.2213; 170; 47.8; 
567; 0; 3887.2173; 170; 48; 
567; 0; 3887.2136; 170; 48.2; 
567; 0; 3887.2107; 170; 48.4; 
567; 0; 3887.2083; 170; 48.6; 
567; 0; 3887.2063; 170; 48.8; 
567; 0; 3887.2051; 170; 49; 
567; 0; 3887.2043; 170; 49.2; 
567; 0; 3887.2044; 170; 49.4; 
567; 0; 3887.2047; 170; 49.6; 
567; 0; 3887.2056; 170; 49.8; 
567; 0; 3887.207; 170; 50; 
567; 0; 3887.2084; 170; 50.2; 
567; 0; 3887.2102; 170; 50.4; 
567; 0; 3887.2121; 170; 50.6; 
567; 0; 3887.2139; 170; 50.8; 
567; 0; 3887.2157; 170; 51; 
567; 0; 3887.2174; 170; 51.2; 
567; 0; 3887.2189; 170; 51.4; 
567; 0; 3887.2204; 170; 51.6; 
567; 0; 3887.2217; 170; 51.8; 
567; 0; 3887.2225; 170; 52; 
567; 0; 3887.2233; 170; 52.2; 
567; 0; 3887.2238; 170; 52.4; 
567; 0; 3887.2242; 170; 52.6; 
567; 0; 3887.2201; 170; 52.8; 
567; 0; 3887.2203; 170; 53; 
567; 0; 3887.2205; 170; 53.2; 
567; 0; 3887.2207; 170; 53.4; 
567; 0; 3887.221; 170; 53.6; 
567; 0; 3887.2215; 170; 53.8; 
567; 0; 3887.222; 170; 54; 
567; 0; 3887.2225; 170; 54.2; 
567; 0; 3887.2232; 170; 54.4; 
567; 0; 3887.224; 170; 54.6; 
567; 0; 3887.2249; 170; 54.8; 
567; 0; 3887.2258; 170; 55; 
567; 0; 3887.2269; 170; 55.2; 
567; 0; 3887.2279; 170; 55.4; 
567; 0; 3887.229; 170; 55.6; 
567; 0; 3887.23; 170; 55.8; 
567; 0; 3887.2309; 170; 56; 
567; 0; 3887.232; 170; 56.2; 
567; 0; 3887.2331; 170; 56.4; 
567; 0; 3887.2341; 170; 56.6; 
567; 0; 3887.235; 170; 56.8; 
567; 0; 3887.2359; 170; 57; 
567; 0; 3887.2367; 170; 57.2; 
567; 0; 3887.2375; 170; 57.4; 
567; 0; 3887.2384; 170; 57.6; 
567; 0; 3887.2392; 170; 57.8; 
567; 0; 3887.24; 170; 58; 
567; 0; 3887.2407; 170; 58.2; 
567; 0; 3887.2412; 170; 58.4; 
567; 0; 3887.2418; 170; 58.6; 
567; 0; 3887.2423; 170; 58.8; 
567; 0; 3887.2428; 170; 59; 
567; 0; 3887.2431; 170; 59.2; 
567; 0; 3887.2436; 170; 59.4; 
567; 0; 3887.2439; 170; 59.6; 
567; 0; 3887.2439; 170; 59.8; 
567; 0; 3887.2442; 170; 60; 
567; 0; 3887.2448; 170; 60.2; 
567; 0; 3887.2459; 170; 60.4; 
567; 0; 3887.2447; 170; 60.6; 
567; 0; 3887.2474; 170; 60.8; 
567; 0; 3887.2507; 170; 61; 
567; 0; 3887.2551; 170; 61.2; 
567; 0; 3887.2605; 170; 61.4; 
567; 0; 3887.2666; 170; 61.6; 
567; 0; 3887.2732; 170; 61.8; 
567; 0; 3887.2803; 170; 62; 
567; 0; 3887.2872; 170; 62.2; 
567; 0; 3887.2939; 170; 62.4; 
567; 0; 3887.3003; 170; 62.6; 
567; 0; 3887.3062; 170; 62.8; 
567; 0; 3887.3114; 170; 63; 
567; 0; 3887.3162; 170; 63.2; 
567; 0; 3887.3206; 170; 63.4; 
567; 0; 3887.3245; 170; 63.6; 
567; 0; 3887.3281; 170; 63.8; 
567; 0; 3887.3317; 170; 64; 
567; 0; 3887.3348; 170; 64.2; 
567; 0; 3887.338; 170; 64.4; 
567; 0; 3883.9727; 170; 64.6; 
567; 0; 3874.2222; 170; 64.8; 
567; 0; 3858.5019; 170; 65; 
567; 0; 3837.3162; 170; 65.2; 
567; 0; 3811.271; 170; 65.4; 
567; 0; 3781.0768; 170; 65.6; 
567; 0; 3747.3929; 170; 65.8; 
567; 0; 3710.819; 170; 66; 
567; 0; 3671.873; 170; 66.2; 
567; 0; 3631.0798; 170; 66.4; 
567; 0; 3588.9527; 170; 66.6; 
567; 0; 3545.9099; 170; 66.8; 
567; 0; 3505.9293; 170; 67; 
567; 0; 3466.1881; 170; 67.2; 
567; 0; 3426.459; 170; 67.4; 
567; 0; 3386.7596; 170; 67.6; 
567; 0; 3347.1413; 170; 67.8; 
567; 0; 3307.7962; 170; 68; 
567; 0; 3268.9096; 170; 68.2; 
567; 0; 3230.617; 170; 68.4; 
567; 0; 3193.0983; 170; 68.6; 
567; 0; 3156.3948; 170; 68.8; 
567; 0; 3120.4049; 170; 69; 
567; 0; 3085.1014; 170; 69.2; 
567; 0; 3054.026; 170; 69.4; 
567; 0; 3023.9843; 170; 69.6; 
567; 0; 2994.5413; 170; 69.8; 
567; 0; 2965.7162; 170; 70; 
567; 0; 2937.5344; 170; 70.2; 
567; 0; 2910.0226; 170; 70.4; 
567; 0; 2883.385; 170; 70.6; 
567; 0; 2857.7216; 170; 70.8; 
567; 0; 2832.9446; 170; 71; 
567; 0; 2808.9988; 170; 71.2; 
567; 0; 2785.8524; 170; 71.4; 
567; 0; 2763.5148; 170; 71.6; 
567; 0; 2741.9622; 170; 71.8; 
567; 0; 2721.1654; 170; 72; 
567; 0; 2701.1341; 170; 72.2; 
567; 0; 2681.8514; 170; 72.4; 
567; 0; 2664.5177; 170; 72.6; 
567; 0; 2648.8397; 170; 72.8; 
567; 0; 2633.4701; 170; 73; 
567; 0; 2618.3866; 170; 73.2; 
567; 0; 2603.6112; 170; 73.4; 
567; 0; 2589.1907; 170; 73.6; 
567; 0; 2575.1556; 170; 73.8; 
567; 0; 2561.5299; 170; 74; 
567; 0; 2548.3552; 170; 74.2; 
567; 0; 2535.6538; 170; 74.4; 
567; 0; 2523.6434; 170; 74.6; 
567; 0; 2512.4061; 170; 74.8; 
567; 0; 2501.7777; 170; 75; 
567; 0; 2491.6251; 170; 75.2; 
567; 0; 2481.8696; 170; 75.4; 
567; 0; 2472.4924; 170; 75.6; 
567; 0; 2463.483; 170; 75.8; 
567; 0; 2454.8418; 170; 76; 
567; 0; 2446.5704; 170; 76.2; 
567; 0; 2438.648; 170; 76.4; 
567; 0; 2431.0974; 170; 76.6; 
567; 0; 2423.9292; 170; 76.8; 
567; 0; 2417.1314; 170; 77; 
567; 0; 2410.6984; 170; 77.2; 
567; 0; 2404.6054; 170; 77.4; 
567; 0; 2398.8455; 170; 77.6; 
567; 0; 2393.4181; 170; 77.8; 
567; 0; 2388.3035; 170; 78; 
567; 0; 2383.4709; 170; 78.2; 
567; 0; 2378.914; 170; 78.4; 
567; 0; 2374.6075; 170; 78.6; 
567; 0; 2370.5269; 170; 78.8; 
567; 0; 2366.6672; 170; 79; 
567; 0; 2363.0405; 170; 79.2; 
567; 0; 2359.6636; 170; 79.4; 
567; 0; 2356.5314; 170; 79.6; 
567; 0; 2353.6268; 170; 79.8; 
567; 0; 2350.9259; 170; 80; 
567; 0; 2348.4308; 170; 80.2; 
567; 0; 2346.1257; 170; 80.4; 
567; 0; 2343.995; 170; 80.6; 
567; 0; 2342.0701; 170; 80.8; 
567; 0; 2340.3531; 170; 81; 
567; 0; 2338.8092; 170; 81.2; 
567; 0; 2337.1086; 170; 81.4; 
567; 0; 2335.1436; 170; 81.6; 
567; 0; 2333.1102; 170; 81.8; 
567; 0; 2331.1328; 170; 82; 
567; 0; 2329.2771; 170; 82.2; 
567; 0; 2327.5796; 170; 82.4; 
567; 0; 2326.1045; 170; 82.6; 
567; 0; 2324.8717; 170; 82.8; 
567; 0; 2323.8839; 170; 83; 
567; 0; 2323.123; 170; 83.2; 
567; 0; 2322.57; 170; 83.4; 
567; 0; 2322.2168; 170; 83.6; 
567; 0; 2322.0278; 170; 83.8; 
567; 0; 2321.9767; 170; 84; 
567; 0; 2322.0311; 170; 84.2; 
567; 0; 2322.1696; 170; 84.4; 
567; 0; 2322.4012; 170; 84.6; 
567; 0; 2322.7276; 170; 84.8; 
567; 0; 2323.1031; 170; 85; 
567; 0; 2323.5096; 170; 85.2; 
567; 0; 2323.9104; 170; 85.4; 
567; 0; 2324.3127; 170; 85.6; 
567; 0; 2324.7161; 170; 85.8; 
567; 0; 2325.0964; 170; 86; 
567; 0; 2325.4692; 170; 86.2; 
567; 0; 2325.8393; 170; 86.4; 
567; 0; 2326.1863; 170; 86.6; 
567; 0; 2326.4992; 170; 86.8; 
567; 0; 2326.7738; 170; 87; 
567; 0; 2327.0094; 170; 87.2; 
567; 0; 2327.2084; 170; 87.4; 
567; 0; 2327.3452; 170; 87.6; 
567; 0; 2327.4139; 170; 87.8; 
567; 0; 2327.4094; 170; 88; 
567; 0; 2327.3381; 170; 88.2; 
567; 0; 2327.203; 170; 88.4; 
567; 0; 2326.9858; 170; 88.6; 
567; 0; 2326.7089; 170; 88.8; 
567; 0; 2326.3845; 170; 89; 
567; 0; 2326.027; 170; 89.2; 
567; 0; 2325.6427; 170; 89.4; 
567; 0; 2325.2412; 170; 89.6; 
567; 0; 2324.8532; 170; 89.8; 
567; 0; 2324.496; 170; 90; 
567; 0; 2324.178; 170; 90.2; 
567; 0; 2323.9019; 170; 90.4; 
567; 0; 2323.6668; 170; 90.6; 
567; 0; 2323.4698; 170; 90.8; 
567; 0; 2323.3353; 170; 91; 
567; 0; 2323.2692; 170; 91.2; 
567; 0; 2323.2474; 170; 91.4; 
567; 0; 2323.253; 170; 91.6; 
567; 0; 2323.3029; 170; 91.8; 
567; 0; 2323.3995; 170; 92; 
567; 0; 2323.518; 170; 92.2; 
567; 0; 2323.6708; 170; 92.4; 
567; 0; 2323.8587; 170; 92.6; 
567; 0; 2324.0844; 170; 92.8; 
567; 0; 2324.3714; 170; 93; 
567; 0; 2324.7298; 170; 93.2; 
567; 0; 2325.1328; 170; 93.4; 
567; 0; 2325.5671; 170; 93.6; 
567; 0; 2326.0463; 170; 93.8; 
567; 0; 2326.576; 170; 94; 
567; 0; 2327.1561; 170; 94.2; 
567; 0; 2327.7841; 170; 94.4; 
567; 0; 2328.4267; 170; 94.6; 
567; 0; 2329.0684; 170; 94.8; 
567; 0; 2329.7234; 170; 95; 
567; 0; 2330.3711; 170; 95.2; 
567; 0; 2331.0043; 170; 95.4; 
567; 0; 2331.6435; 170; 95.6; 
567; 0; 2332.3003; 170; 95.8; 
567; 0; 2332.9806; 170; 96; 
567; 0; 2333.6866; 170; 96.2; 
567; 0; 2334.4465; 170; 96.4; 
567; 0; 2335.2688; 170; 96.6; 
567; 0; 2336.1316; 170; 96.8; 
567; 0; 2337.0192; 170; 97; 
567; 0; 2337.9209; 170; 97.2; 
567; 0; 2338.8582; 170; 97.4; 
567; 0; 2339.8364; 170; 97.6; 
567; 0; 2340.8332; 170; 97.8; 
567; 0; 2341.8625; 170; 98; 
567; 0; 2342.9256; 170; 98.2; 
567; 0; 2343.9979; 170; 98.4; 
567; 0; 2345.0927; 170; 98.6; 
567; 0; 2346.2115; 170; 98.8; 
567; 0; 2347.3589; 170; 99; 
567; 0; 2348.5308; 170; 99.2; 
567; 0; 2349.6998; 170; 99.4; 
567; 0; 2350.8498; 170; 99.6; 
567; 0; 2351.9723; 170; 99.8; 
567; 0; 2353.0642; 170; 100; 
567; 0; 2354.1251; 170; 100.2; 
567; 0; 2355.1568; 170; 100.4; 
567; 0; 2356.1621; 170; 100.6; 
567; 0; 2357.1728; 170; 100.8; 
567; 0; 2358.2025; 170; 101; 
567; 0; 2359.263; 170; 101.2; 
567; 0; 2360.3548; 170; 101.4; 
567; 0; 2361.4812; 170; 101.6; 
567; 0; 2362.6371; 170; 101.8; 
567; 0; 2363.7944; 170; 102; 
567; 0; 2364.9363; 170; 102.2; 
567; 0; 2366.0537; 170; 102.4; 
567; 0; 2367.1141; 170; 102.6; 
567; 0; 2368.1068; 170; 102.8; 
567; 0; 2369.0243; 170; 103; 
567; 0; 2369.8715; 170; 103.2; 
567; 0; 2370.6508; 170; 103.4; 
567; 0; 2371.3438; 170; 103.6; 
567; 0; 2371.9733; 170; 103.8; 
567; 0; 2372.5516; 170; 104; 
567; 0; 2373.0654; 170; 104.2; 
567; 0; 2373.5106; 170; 104.4; 
567; 0; 2373.8887; 170; 104.6; 
567; 0; 2374.2047; 170; 104.8; 
567; 0; 2374.4366; 170; 105; 
567; 0; 2374.5811; 170; 105.2; 
567; 0; 2374.6366; 170; 105.4; 
567; 0; 2374.6122; 170; 105.6; 
567; 0; 2374.5133; 170; 105.8; 
567; 0; 2374.3523; 170; 106; 
567; 0; 2374.1639; 170; 106.2; 
567; 0; 2373.9701; 170; 106.4; 
567; 0; 2373.7845; 170; 106.6; 
567; 0; 2373.6147; 170; 106.8; 
567; 0; 2373.4644; 170; 107; 
567; 0; 2373.3343; 170; 107.2; 
567; 0; 2373.1955; 170; 107.4; 
567; 0; 2373.0363; 170; 107.6; 
567; 0; 2372.8461; 170; 107.8; 
567; 0; 2372.6251; 170; 108; 
567; 0; 2372.3706; 170; 108.2; 
567; 0; 2372.0594; 170; 108.4; 
567; 0; 2371.6808; 170; 108.6; 
567; 0; 2371.233; 170; 108.8; 
567; 0; 2370.7468; 170; 109; 
567; 0; 2370.2383; 170; 109.2; 
567; 0; 2369.6947; 170; 109.4; 
567; 0; 2369.1103; 170; 109.6; 
567; 0; 2368.4845; 170; 109.8; 
567; 0; 2367.8475; 170; 110; 
567; 0; 2367.2132; 170; 110.2; 
567; 0; 2366.566; 170; 110.4; 
567; 0; 2365.9258; 170; 110.6; 
567; 0; 2365.299; 170; 110.8; 
567; 0; 2364.6655; 170; 111; 
567; 0; 2364.0132; 170; 111.2; 
567; 0; 2363.3649; 170; 111.4; 
567; 0; 2362.7288; 170; 111.6; 
567; 0; 2362.0856; 170; 111.8; 
567; 0; 2361.4525; 170; 112; 
567; 0; 2360.8347; 170; 112.2; 
567; 0; 2360.2387; 170; 112.4; 
567; 0; 2359.6911; 170; 112.6; 
567; 0; 2359.1762; 170; 112.8; 
567; 0; 2358.6876; 170; 113; 
567; 0; 2358.2152; 170; 113.2; 
567; 0; 2357.7567; 170; 113.4; 
567; 0; 2357.3054; 170; 113.6; 
567; 0; 2356.8612; 170; 113.8; 
567; 0; 2356.4193; 170; 114; 
567; 0; 2355.9812; 170; 114.2; 
567; 0; 2355.5428; 170; 114.4; 
567; 0; 2355.0781; 170; 114.6; 
567; 0; 2354.6015; 170; 114.8; 
567; 0; 2354.1175; 170; 115; 
567; 0; 2353.6342; 170; 115.2; 
567; 0; 2353.1798; 170; 115.4; 
567; 0; 2352.7693; 170; 115.6; 
567; 0; 2352.4091; 170; 115.8; 
567; 0; 2352.0999; 170; 116; 
567; 0; 2351.8678; 170; 116.2; 
567; 0; 2351.7185; 170; 116.4; 
567; 0; 2351.6555; 170; 116.6; 
567; 0; 2351.6706; 170; 116.8; 
567; 0; 2351.7594; 170; 117; 
567; 0; 2351.9099; 170; 117.2; 
567; 0; 2352.0875; 170; 117.4; 
567; 0; 2352.2704; 170; 117.6; 
567; 0; 2352.4739; 170; 117.8; 
567; 0; 2352.7577; 170; 118; 
567; 0; 2353.2048; 170; 118.2; 
567; 0; 2353.8787; 170; 118.4; 
567; 0; 2354.8034; 170; 118.6; 
567; 0; 2355.9786; 170; 118.8; 
567; 0; 2357.361; 170; 119; 
567; 0; 2358.8607; 170; 119.2; 
567; 0; 2360.4228; 170; 119.4; 
567; 0; 2362.0055; 170; 119.6; 
567; 0; 2363.5313; 170; 119.8; 
567; 0; 2364.9336; 170; 120; 
567; 0; 2366.1806; 170; 120.2; 
567; 0; 2367.2335; 170; 120.4; 
567; 0; 2368.086; 170; 120.6; 
567; 0; 2368.7414; 170; 120.8; 
567; 0; 2369.2176; 170; 121; 
567; 0; 2369.5314; 170; 121.2; 
567; 0; 2369.6784; 170; 121.4; 
567; 0; 2369.6945; 170; 121.6; 
567; 0; 2369.6037; 170; 121.8; 
567; 0; 2369.3744; 170; 122; 
567; 0; 2369.0009; 170; 122.2; 
567; 0; 2368.5121; 170; 122.4; 
567; 0; 2367.9031; 170; 122.6; 
567; 0; 2367.1832; 170; 122.8; 
567; 0; 2366.3881; 170; 123; 
567; 0; 2365.5433; 170; 123.2; 
567; 0; 2364.6667; 170; 123.4; 
567; 0; 2363.7712; 170; 123.6; 
567; 0; 2362.8651; 170; 123.8; 
567; 0; 2361.9542; 170; 124; 
567; 0; 2361.0425; 170; 124.2; 
567; 0; 2360.1318; 170; 124.4; 
567; 0; 2359.2235; 170; 124.6; 
567; 0; 2358.3184; 170; 124.8; 
567; 0; 2357.4165; 170; 125; 
567; 0; 2356.5177; 170; 125.2; 
567; 0; 2355.6219; 170; 125.4; 
567; 0; 2354.7285; 170; 125.6; 
567; 0; 2353.8373; 170; 125.8; 
567; 0; 2352.9479; 170; 126; 
567; 0; 2352.0597; 170; 126.2; 
567; 0; 2351.1727; 170; 126.4; 
567; 0; 2350.2864; 170; 126.6; 
567; 0; 2349.4292; 170; 126.8; 
567; 0; 2348.6112; 170; 127; 
567; 0; 2347.8124; 170; 127.2; 
567; 0; 2347.0203; 170; 127.4; 
567; 0; 2346.2551; 170; 127.6; 
567; 0; 2345.5227; 170; 127.8; 
567; 0; 2344.8294; 170; 128; 
567; 0; 2344.2002; 170; 128.2; 
567; 0; 2343.6463; 170; 128.4; 
567; 0; 2343.1696; 170; 128.6; 
567; 0; 2342.7669; 170; 128.8; 
567; 0; 2342.4317; 170; 129; 
567; 0; 2342.1563; 170; 129.2; 
567; 0; 2341.9042; 170; 129.4; 
567; 0; 2341.657; 170; 129.6; 
567; 0; 2341.4272; 170; 129.8; 
567; 0; 2341.2213; 170; 130; 
567; 0; 2341.0129; 170; 130.2; 
567; 0; 2340.7919; 170; 130.4; 
567; 0; 2340.5761; 170; 130.6; 
567; 0; 2340.3763; 170; 130.8; 
567; 0; 2340.1974; 170; 131; 
567; 0; 2340.0415; 170; 131.2; 
567; 0; 2339.908; 170; 131.4; 
567; 0; 2339.7957; 170; 131.6; 
567; 0; 2339.7022; 170; 131.8; 
567; 0; 2339.6254; 170; 132; 
567; 0; 2339.5628; 170; 132.2; 
567; 0; 2339.5405; 170; 132.4; 
567; 0; 2339.5669; 170; 132.6; 
567; 0; 2339.6491; 170; 132.8; 
567; 0; 2339.8113; 170; 133; 
567; 0; 2340.0349; 170; 133.2; 
567; 0; 2340.3103; 170; 133.4; 
567; 0; 2340.652; 170; 133.6; 
567; 0; 2341.0366; 170; 133.8; 
567; 0; 2341.4523; 170; 134; 
567; 0; 2341.9138; 170; 134.2; 
567; 0; 2342.3989; 170; 134.4; 
567; 0; 2342.8976; 170; 134.6; 
567; 0; 2343.3987; 170; 134.8; 
567; 0; 2343.8999; 170; 135; 
567; 0; 2344.4237; 170; 135.2; 
567; 0; 2344.9819; 170; 135.4; 
567; 0; 2345.551; 170; 135.6; 
567; 0; 2346.1215; 170; 135.8; 
567; 0; 2346.711; 170; 136; 
567; 0; 2347.3289; 170; 136.2; 
567; 0; 2347.9506; 170; 136.4; 
567; 0; 2348.5662; 170; 136.6; 
567; 0; 2349.1937; 170; 136.8; 
567; 0; 2349.8432; 170; 137; 
567; 0; 2350.5189; 170; 137.2; 
567; 0; 2351.2225; 170; 137.4; 
567; 0; 2351.9526; 170; 137.6; 
567; 0; 2352.679; 170; 137.8; 
567; 0; 2353.3881; 170; 138; 
567; 0; 2354.0973; 170; 138.2; 
567; 0; 2354.8163; 170; 138.4; 
567; 0; 2355.5789; 170; 138.6; 
567; 0; 2356.3979; 170; 138.8; 
567; 0; 2357.2534; 170; 139; 
567; 0; 2358.1319; 170; 139.2; 
567; 0; 2359.0238; 170; 139.4; 
567; 0; 2359.9228; 170; 139.6; 
567; 0; 2360.853; 170; 139.8; 
567; 0; 2361.8223; 170; 140; 
567; 0; 2362.8091; 170; 140.2; 
567; 0; 2363.8283; 170; 140.4; 
567; 0; 2364.9104; 170; 140.6; 
567; 0; 2366.0697; 170; 140.8; 
567; 0; 2367.3104; 170; 141; 
567; 0; 2368.6013; 170; 141.2; 
567; 0; 2369.9264; 170; 141.4; 
567; 0; 2371.2974; 170; 141.6; 
567; 0; 2372.7185; 170; 141.8; 
567; 0; 2374.161; 170; 142; 
567; 0; 2375.6112; 170; 142.2; 
567; 0; 2377.0559; 170; 142.4; 
567; 0; 2378.4923; 170; 142.6; 
567; 0; 2379.9428; 170; 142.8; 
567; 0; 2381.3914; 170; 143; 
567; 0; 2382.8337; 170; 143.2; 
567; 0; 2384.2624; 170; 143.4; 
567; 0; 2385.6508; 170; 143.6; 
567; 0; 2386.985; 170; 143.8; 
567; 0; 2388.2888; 170; 144; 
567; 0; 2389.5731; 170; 144.2; 
567; 0; 2390.8218; 170; 144.4; 
567; 0; 2392.0277; 170; 144.6; 
567; 0; 2393.189; 170; 144.8; 
567; 0; 2394.3073; 170; 145; 
567; 0; 2395.3859; 170; 145.2; 
567; 0; 2396.4295; 170; 145.4; 
567; 0; 2397.471; 170; 145.6; 
567; 0; 2398.5252; 170; 145.8; 
567; 0; 2399.5767; 170; 146; 
567; 0; 2400.5875; 170; 146.2; 
567; 0; 2401.5431; 170; 146.4; 
567; 0; 2402.4609; 170; 146.6; 
567; 0; 2403.3538; 170; 146.8; 
567; 0; 2404.2023; 170; 147; 
567; 0; 2405.0021; 170; 147.2; 
567; 0; 2405.7772; 170; 147.4; 
567; 0; 2406.543; 170; 147.6; 
567; 0; 2407.338; 170; 147.8; 
567; 0; 2408.2352; 170; 148; 
567; 0; 2409.0506; 170; 148.2; 
567; 0; 2409.7522; 170; 148.4; 
567; 0; 2410.5277; 170; 148.6; 
567; 0; 2411.4888; 170; 148.8; 
567; 0; 2412.7148; 170; 149; 
567; 0; 2414.2081; 170; 149.2; 
567; 0; 2415.9019; 170; 149.4; 
567; 0; 2417.7493; 170; 149.6; 
567; 0; 2419.7087; 170; 149.8; 
567; 0; 2421.6959; 170; 150; 
567; 0; 2423.6355; 170; 150.2; 
567; 0; 2425.5141; 170; 150.4; 
567; 0; 2427.3228; 170; 150.6; 
567; 0; 2429.0363; 170; 150.8; 
567; 0; 2430.6449; 170; 151; 
567; 0; 2432.1496; 170; 151.2; 
567; 0; 2433.5856; 170; 151.4; 
567; 0; 2434.9733; 170; 151.6; 
567; 0; 2436.3031; 170; 151.8; 
567; 0; 2437.5734; 170; 152; 
567; 0; 2438.7863; 170; 152.2; 
567; 0; 2439.947; 170; 152.4; 
567; 0; 2441.0902; 170; 152.6; 
567; 0; 2442.2334; 170; 152.8; 
567; 0; 2443.3624; 170; 153; 
567; 0; 2444.4413; 170; 153.2; 
567; 0; 2445.428; 170; 153.4; 
567; 0; 2446.2739; 170; 153.6; 
567; 0; 2446.9056; 170; 153.8; 
567; 0; 2447.2684; 170; 154; 
567; 0; 2447.3165; 170; 154.2; 
567; 0; 2447.0171; 170; 154.4; 
567; 0; 2446.3426; 170; 154.6; 
567; 0; 2445.5361; 170; 154.8; 
567; 0; 2444.7353; 170; 155; 
567; 0; 2443.829; 170; 155.2; 
567; 0; 2442.7577; 170; 155.4; 
567; 0; 2441.4962; 170; 155.6; 
567; 0; 2440.0692; 170; 155.8; 
567; 0; 2438.4964; 170; 156; 
567; 0; 2436.7742; 170; 156.2; 
567; 0; 2434.8812; 170; 156.4; 
567; 0; 2432.8197; 170; 156.6; 
567; 0; 2430.6242; 170; 156.8; 
567; 0; 2428.3235; 170; 157; 
567; 0; 2425.9405; 170; 157.2; 
567; 0; 2423.494; 170; 157.4; 
567; 0; 2420.9984; 170; 157.6; 
567; 0; 2418.4655; 170; 157.8; 
567; 0; 2415.9044; 170; 158; 
567; 0; 2413.3222; 170; 158.2; 
567; 0; 2410.6954; 170; 158.4; 
567; 0; 2408.0179; 170; 158.6; 
567; 0; 2405.3126; 170; 158.8; 
567; 0; 2402.566; 170; 159; 
567; 0; 2399.7775; 170; 159.2; 
567; 0; 2396.9729; 170; 159.4; 
567; 0; 2394.1681; 170; 159.6; 
567; 0; 2391.3729; 170; 159.8; 
567; 0; 2388.6207; 170; 160; 
567; 0; 2385.9241; 170; 160.2; 
567; 0; 2383.2636; 170; 160.4; 
567; 0; 2380.654; 170; 160.6; 
567; 0; 2378.0962; 170; 160.8; 
567; 0; 2375.564; 170; 161; 
567; 0; 2373.0402; 170; 161.2; 
567; 0; 2370.5428; 170; 161.4; 
567; 0; 2368.1044; 170; 161.6; 
567; 0; 2365.7122; 170; 161.8; 
567; 0; 2363.3612; 170; 162; 
567; 0; 2361.0693; 170; 162.2; 
567; 0; 2358.8435; 170; 162.4; 
567; 0; 2356.6842; 170; 162.6; 
567; 0; 2354.6164; 170; 162.8; 
567; 0; 2352.6441; 170; 163; 
567; 0; 2350.7408; 170; 163.2; 
567; 0; 2348.8866; 170; 163.4; 
567; 0; 2347.0952; 170; 163.6; 
567; 0; 2345.3664; 170; 163.8; 
567; 0; 2343.7008; 170; 164; 
567; 0; 2342.0908; 170; 164.2; 
567; 0; 2340.533; 170; 164.4; 
567; 0; 2339.0461; 170; 164.6; 
567; 0; 2337.637; 170; 164.8; 
567; 0; 2336.3051; 170; 165; 
567; 0; 2335.074; 170; 165.2; 
567; 0; 2333.947; 170; 165.4; 
567; 0; 2332.8959; 170; 165.6; 
567; 0; 2331.8997; 170; 165.8; 
567; 0; 2330.9715; 170; 166; 
567; 0; 2330.1094; 170; 166.2; 
567; 0; 2329.2856; 170; 166.4; 
567; 0; 2328.5093; 170; 166.6; 
567; 0; 2327.7785; 170; 166.8; 
567; 0; 2327.0941; 170; 167; 
567; 0; 2326.4775; 170; 167.2; 
567; 0; 2325.9091; 170; 167.4; 
567; 0; 2325.3789; 170; 167.6; 
567; 0; 2324.9029; 170; 167.8; 
567; 0; 2324.4869; 170; 168; 
567; 0; 2324.1597; 170; 168.2; 
567; 0; 2323.9278; 170; 168.4; 
567; 0; 2323.7662; 170; 168.6; 
567; 0; 2323.6558; 170; 168.8; 
567; 0; 2323.6106; 170; 169; 
567; 0; 2323.6304; 170; 169.2; 
567; 0; 2323.6873; 170; 169.4; 
567; 0; 2323.763; 170; 169.6; 
567; 0; 2323.8733; 170; 169.8; 
567; 0; 2324.0214; 170; 170; 
567; 0; 2324.1829; 170; 170.2; 
567; 0; 2324.3425; 170; 170.4; 
567; 0; 2324.5199; 170; 170.6; 
567; 0; 2324.7208; 170; 170.8; 
567; 0; 2324.9234; 170; 171; 
567; 0; 2325.1435; 170; 171.2; 
567; 0; 2325.3842; 170; 171.4; 
567; 0; 2325.6512; 170; 171.6; 
567; 0; 2325.9697; 170; 171.8; 
567; 0; 2326.3519; 170; 172; 
567; 0; 2326.8007; 170; 172.2; 
567; 0; 2327.3143; 170; 172.4; 
567; 0; 2327.8876; 170; 172.6; 
567; 0; 2328.5142; 170; 172.8; 
567; 0; 2329.187; 170; 173; 
567; 0; 2329.9277; 170; 173.2; 
567; 0; 2330.7403; 170; 173.4; 
567; 0; 2331.6278; 170; 173.6; 
567; 0; 2332.6114; 170; 173.8; 
567; 0; 2333.6693; 170; 174; 
567; 0; 2334.7608; 170; 174.2; 
567; 0; 2335.8598; 170; 174.4; 
567; 0; 2336.9502; 170; 174.6; 
567; 0; 2338.0234; 170; 174.8; 
567; 0; 2339.0748; 170; 175; 
567; 0; 2340.1034; 170; 175.2; 
567; 0; 2341.1096; 170; 175.4; 
567; 0; 2342.0951; 170; 175.6; 
567; 0; 2343.0623; 170; 175.8; 
567; 0; 2344.0135; 170; 176; 
567; 0; 2344.9509; 170; 176.2; 
567; 0; 2345.877; 170; 176.4; 
567; 0; 2346.7936; 170; 176.6; 
567; 0; 2347.7023; 170; 176.8; 
567; 0; 2348.5762; 170; 177; 
567; 0; 2349.4064; 170; 177.2; 
567; 0; 2350.2132; 170; 177.4; 
567; 0; 2350.9823; 170; 177.6; 
567; 0; 2351.7119; 170; 177.8; 
567; 0; 2352.3983; 170; 178; 
567; 0; 2353.047; 170; 178.2; 
567; 0; 2353.6585; 170; 178.4; 
567; 0; 2354.2404; 170; 178.6; 
567; 0; 2354.8222; 170; 178.8; 
567; 0; 2355.3934; 170; 179; 
567; 0; 2355.9527; 170; 179.2; 
567; 0; 2356.4958; 170; 179.4; 
567; 0; 2356.9969; 170; 179.6; 
567; 0; 2357.472; 170; 179.8; 
567; 0; 2357.927; 170; 180; 
567; 0; 2358.3433; 170; 180.2; 
567; 0; 2358.7117; 170; 180.4; 
567; 0; 2359.0299; 170; 180.6; 
567; 0; 2359.2994; 170; 180.8; 
567; 0; 2359.5241; 170; 181; 
567; 0; 2359.7087; 170; 181.2; 
567; 0; 2359.8586; 170; 181.4; 
567; 0; 2359.9793; 170; 181.6; 
567; 0; 2360.1037; 170; 181.8; 
567; 0; 2360.2468; 170; 182; 
567; 0; 2360.421; 170; 182.2; 
567; 0; 2360.6271; 170; 182.4; 
567; 0; 2360.8399; 170; 182.6; 
567; 0; 2361.0727; 170; 182.8; 
567; 0; 2361.3273; 170; 183; 
567; 0; 2361.6084; 170; 183.2; 
567; 0; 2361.9122; 170; 183.4; 
567; 0; 2362.2118; 170; 183.6; 
567; 0; 2362.4627; 170; 183.8; 
567; 0; 2362.6462; 170; 184; 
567; 0; 2362.7794; 170; 184.2; 
567; 0; 2362.8462; 170; 184.4; 
567; 0; 2362.8461; 170; 184.6; 
567; 0; 2362.8066; 170; 184.8; 
567; 0; 2362.7176; 170; 185; 
567; 0; 2362.5809; 170; 185.2; 
567; 0; 2362.3954; 170; 185.4; 
567; 0; 2362.1687; 170; 185.6; 
567; 0; 2361.9022; 170; 185.8; 
567; 0; 2361.6047; 170; 186; 
567; 0; 2361.2778; 170; 186.2; 
567; 0; 2360.9009; 170; 186.4; 
567; 0; 2360.493; 170; 186.6; 
567; 0; 2360.0628; 170; 186.8; 
567; 0; 2359.5926; 170; 187; 
567; 0; 2359.1032; 170; 187.2; 
567; 0; 2358.6029; 170; 187.4; 
567; 0; 2358.1023; 170; 187.6; 
567; 0; 2357.6028; 170; 187.8; 
567; 0; 2357.11; 170; 188; 
567; 0; 2356.622; 170; 188.2; 
567; 0; 2356.1421; 170; 188.4; 
567; 0; 2355.6671; 170; 188.6; 
567; 0; 2355.1711; 170; 188.8; 
567; 0; 2354.64; 170; 189; 
567; 0; 2354.0674; 170; 189.2; 
567; 0; 2353.4806; 170; 189.4; 
567; 0; 2352.8916; 170; 189.6; 
567; 0; 2352.2842; 170; 189.8; 
567; 0; 2351.6779; 170; 190; 
567; 0; 2351.0799; 170; 190.2; 
567; 0; 2350.4697; 170; 190.4; 
567; 0; 2349.8651; 170; 190.6; 
567; 0; 2349.2708; 170; 190.8; 
567; 0; 2348.6656; 170; 191; 
567; 0; 2348.0662; 170; 191.2; 
567; 0; 2347.4773; 170; 191.4; 
567; 0; 2346.9055; 170; 191.6; 
567; 0; 2346.3779; 170; 191.8; 
567; 0; 2345.879; 170; 192; 
567; 0; 2345.4032; 170; 192.2; 
567; 0; 2344.969; 170; 192.4; 
567; 0; 2344.5852; 170; 192.6; 
567; 0; 2344.2256; 170; 192.8; 
567; 0; 2343.8781; 170; 193; 
567; 0; 2343.5583; 170; 193.2; 
567; 0; 2343.2454; 170; 193.4; 
567; 0; 2342.9316; 170; 193.6; 
567; 0; 2342.6072; 170; 193.8; 
567; 0; 2342.2723; 170; 194; 
567; 0; 2341.9223; 170; 194.2; 
567; 0; 2341.5602; 170; 194.4; 
567; 0; 2341.1839; 170; 194.6; 
567; 0; 2340.769; 170; 194.8; 
567; 0; 2340.3321; 170; 195; 
567; 0; 2339.8792; 170; 195.2; 
567; 0; 2339.4202; 170; 195.4; 
567; 0; 2338.9844; 170; 195.6; 
567; 0; 2338.5881; 170; 195.8; 
567; 0; 2338.2388; 170; 196; 
567; 0; 2337.9663; 170; 196.2; 
567; 0; 2337.7791; 170; 196.4; 
567; 0; 2337.6534; 170; 196.6; 
567; 0; 2337.5715; 170; 196.8; 
567; 0; 2337.5487; 170; 197; 
567; 0; 2337.5856; 170; 197.2; 
567; 0; 2337.6553; 170; 197.4; 
567; 0; 2337.7401; 170; 197.6; 
567; 0; 2337.8565; 170; 197.8; 
567; 0; 2338.0362; 170; 198; 
567; 0; 2338.2942; 170; 198.2; 
567; 0; 2338.6629; 170; 198.4; 
567; 0; 2339.1788; 170; 198.6; 
567; 0; 2339.8831; 170; 198.8; 
567; 0; 2340.8414; 170; 199; 
567; 0; 2342.1294; 170; 199.2; 
567; 0; 2343.8249; 170; 199.4; 
567; 0; 2345.9733; 170; 199.6; 
567; 0; 2348.5471; 170; 199.8; 
567; 0; 2351.5092; 170; 200; 
567; 0; 2354.7819; 170; 200.2; 
567; 0; 2358.2536; 170; 200.4; 
567; 0; 2361.8466; 170; 200.6; 
567; 0; 2365.4792; 170; 200.8; 
567; 0; 2369.0486; 170; 201; 
567; 0; 2372.474; 170; 201.2; 
567; 0; 2375.716; 170; 201.4; 
567; 0; 2378.7619; 170; 201.6; 
567; 0; 2381.6161; 170; 201.8; 
567; 0; 2384.292; 170; 202; 
567; 0; 2386.8083; 170; 202.2; 
567; 0; 2389.1855; 170; 202.4; 
567; 0; 2391.4442; 170; 202.6; 
567; 0; 2393.6033; 170; 202.8; 
567; 0; 2395.43; 170; 203; 
567; 0; 2396.8496; 170; 203.2; 
567; 0; 2398.0504; 170; 203.4; 
567; 0; 2399.1567; 170; 203.6; 
567; 0; 2400.2191; 170; 203.8; 
567; 0; 2401.2748; 170; 204; 
567; 0; 2402.3411; 170; 204.2; 
567; 0; 2403.4038; 170; 204.4; 
567; 0; 2404.4256; 170; 204.6; 
567; 0; 2405.3919; 170; 204.8; 
567; 0; 2406.2922; 170; 205; 
567; 0; 2407.1293; 170; 205.2; 
567; 0; 2407.9033; 170; 205.4; 
567; 0; 2408.6233; 170; 205.6; 
567; 0; 2409.2926; 170; 205.8; 
567; 0; 2409.8924; 170; 206; 
567; 0; 2410.4446; 170; 206.2; 
567; 0; 2410.9599; 170; 206.4; 
567; 0; 2411.4232; 170; 206.6; 
567; 0; 2411.8571; 170; 206.8; 
567; 0; 2412.2722; 170; 207; 
567; 0; 2412.6808; 170; 207.2; 
567; 0; 2413.0854; 170; 207.4; 
567; 0; 2413.493; 170; 207.6; 
567; 0; 2413.9025; 170; 207.8; 
567; 0; 2414.2893; 170; 208; 
567; 0; 2414.6399; 170; 208.2; 
567; 0; 2415.2194; 170; 208.4; 
567; 0; 2416.1249; 170; 208.6; 
567; 0; 2417.1703; 170; 208.8; 
567; 0; 2418.2373; 170; 209; 
567; 0; 2419.2266; 170; 209.2; 
567; 0; 2420.0602; 170; 209.4; 
567; 0; 2420.6727; 170; 209.6; 
567; 0; 2420.9865; 170; 209.8; 
567; 0; 2420.9492; 170; 210; 
567; 0; 2420.5223; 170; 210.2; 
567; 0; 2419.682; 170; 210.4; 
567; 0; 2418.4386; 170; 210.6; 
567; 0; 2416.8218; 170; 210.8; 
567; 0; 2414.8713; 170; 211; 
567; 0; 2412.6587; 170; 211.2; 
567; 0; 2410.2371; 170; 211.4; 
567; 0; 2407.655; 170; 211.6; 
567; 0; 2404.9745; 170; 211.8; 
567; 0; 2402.2379; 170; 212; 
567; 0; 2399.474; 170; 212.2; 
567; 0; 2396.7011; 170; 212.4; 
567; 0; 2393.9306; 170; 212.6; 
567; 0; 2391.1693; 170; 212.8; 
567; 0; 2388.4204; 170; 213; 
567; 0; 2385.6566; 170; 213.2; 
567; 0; 2382.8673; 170; 213.4; 
567; 0; 2380.0712; 170; 213.6; 
567; 0; 2377.2514; 170; 213.8; 
567; 0; 2374.4041; 170; 214; 
567; 0; 2371.5806; 170; 214.2; 
567; 0; 2368.8335; 170; 214.4; 
567; 0; 2366.1896; 170; 214.6; 
567; 0; 2363.6585; 170; 214.8; 
567; 0; 2361.2679; 170; 215; 
567; 0; 2359.0496; 170; 215.2; 
567; 0; 2357.012; 170; 215.4; 
567; 0; 2355.1782; 170; 215.6; 
567; 0; 2353.5445; 170; 215.8; 
567; 0; 2352.0737; 170; 216; 
567; 0; 2350.7624; 170; 216.2; 
567; 0; 2349.5941; 170; 216.4; 
567; 0; 2348.5556; 170; 216.6; 
567; 0; 2347.6265; 170; 216.8; 
567; 0; 2346.7932; 170; 217; 
567; 0; 2346.0653; 170; 217.2; 
567; 0; 2345.4426; 170; 217.4; 
567; 0; 2344.9471; 170; 217.6; 
567; 0; 2344.5795; 170; 217.8; 
567; 0; 2344.3377; 170; 218; 
567; 0; 2344.2365; 170; 218.2; 
567; 0; 2344.2765; 170; 218.4; 
567; 0; 2344.4497; 170; 218.6; 
567; 0; 2344.7438; 170; 218.8; 
567; 0; 2345.1441; 170; 219; 
567; 0; 2345.636; 170; 219.2; 
567; 0; 2346.2053; 170; 219.4; 
567; 0; 2346.839; 170; 219.6; 
567; 0; 2347.5256; 170; 219.8; 
567; 0; 2348.2552; 170; 220; 
567; 0; 2349.0193; 170; 220.2; 
567; 0; 2349.7825; 170; 220.4; 
567; 0; 2350.5288; 170; 220.6; 
567; 0; 2351.2446; 170; 220.8; 
567; 0; 2351.9288; 170; 221; 
567; 0; 2352.5777; 170; 221.2; 
567; 0; 2353.1959; 170; 221.4; 
567; 0; 2353.7833; 170; 221.6; 
567; 0; 2354.3464; 170; 221.8; 
567; 0; 2354.8856; 170; 222; 
567; 0; 2355.4074; 170; 222.2; 
567; 0; 2355.9402; 170; 222.4; 
567; 0; 2356.4717; 170; 222.6; 
567; 0; 2356.9995; 170; 222.8; 
567; 0; 2357.5459; 170; 223; 
567; 0; 2358.1803; 170; 223.2; 
567; 0; 2359.0429; 170; 223.4; 
567; 0; 2360.2795; 170; 223.6; 
567; 0; 2362.0924; 170; 223.8; 
567; 0; 2364.691; 170; 224; 
567; 0; 2368.2054; 170; 224.2; 
567; 0; 2372.4367; 170; 224.4; 
567; 0; 2377.2729; 170; 224.6; 
567; 0; 2382.7935; 170; 224.8; 
567; 0; 2388.9528; 170; 225; 
567; 0; 2395.6331; 170; 225.2; 
567; 0; 2402.7103; 170; 225.4; 
567; 0; 2410.0297; 170; 225.6; 
567; 0; 2417.4661; 170; 225.8; 
567; 0; 2424.9337; 170; 226; 
567; 0; 2432.356; 170; 226.2; 
567; 0; 2439.6904; 170; 226.4; 
567; 0; 2446.9173; 170; 226.6; 
567; 0; 2454.0026; 170; 226.8; 
567; 0; 2460.9397; 170; 227; 
567; 0; 2467.758; 170; 227.2; 
567; 0; 2474.4822; 170; 227.4; 
567; 0; 2481.1036; 170; 227.6; 
567; 0; 2487.5994; 170; 227.8; 
567; 0; 2493.9638; 170; 228; 
567; 0; 2500.1719; 170; 228.2; 
567; 0; 2506.1947; 170; 228.4; 
567; 0; 2511.9964; 170; 228.6; 
567; 0; 2517.5163; 170; 228.8; 
567; 0; 2522.7397; 170; 229; 
567; 0; 2527.6708; 170; 229.2; 
567; 0; 2532.3343; 170; 229.4; 
567; 0; 2536.7561; 170; 229.6; 
567; 0; 2540.9696; 170; 229.8; 
567; 0; 2544.9835; 170; 230; 
567; 0; 2548.777; 170; 230.2; 
567; 0; 2552.3505; 170; 230.4; 
567; 0; 2555.7175; 170; 230.6; 
567; 0; 2558.8746; 170; 230.8; 
567; 0; 2561.8362; 170; 231; 
567; 0; 2564.6186; 170; 231.2; 
567; 0; 2567.1983; 170; 231.4; 
567; 0; 2569.5781; 170; 231.6; 
567; 0; 2571.7671; 170; 231.8; 
567; 0; 2573.7859; 170; 232; 
567; 0; 2575.6528; 170; 232.2; 
567; 0; 2577.3682; 170; 232.4; 
567; 0; 2578.9409; 170; 232.6; 
567; 0; 2580.3849; 170; 232.8; 
567; 0; 2581.7156; 170; 233; 
567; 0; 2582.9256; 170; 233.2; 
567; 0; 2583.9974; 170; 233.4; 
567; 0; 2584.9288; 170; 233.6; 
567; 0; 2585.7269; 170; 233.8; 
567; 0; 2586.4034; 170; 234; 
567; 0; 2586.9726; 170; 234.2; 
567; 0; 2587.4728; 170; 234.4; 
567; 0; 2587.9746; 170; 234.6; 
567; 0; 2588.5632; 170; 234.8; 
567; 0; 2589.3275; 170; 235; 
567; 0; 2590.3298; 170; 235.2; 
567; 0; 2591.5931; 170; 235.4; 
567; 0; 2593.1158; 170; 235.6; 
567; 0; 2594.858; 170; 235.8; 
567; 0; 2596.7637; 170; 236; 
567; 0; 2598.7661; 170; 236.2; 
567; 0; 2600.7767; 170; 236.4; 
567; 0; 2602.7228; 170; 236.6; 
567; 0; 2604.5649; 170; 236.8; 
567; 0; 2606.2621; 170; 237; 
567; 0; 2607.755; 170; 237.2; 
567; 0; 2609.0243; 170; 237.4; 
567; 0; 2610.0917; 170; 237.6; 
567; 0; 2610.9579; 170; 237.8; 
567; 0; 2611.6634; 170; 238; 
567; 0; 2612.2809; 170; 238.2; 
567; 0; 2612.8591; 170; 238.4; 
567; 0; 2613.429; 170; 238.6; 
567; 0; 2614.0097; 170; 238.8; 
567; 0; 2614.6119; 170; 239; 
567; 0; 2615.2408; 170; 239.2; 
567; 0; 2615.8739; 170; 239.4; 
567; 0; 2616.4781; 170; 239.6; 
567; 0; 2617.0353; 170; 239.8; 
567; 0; 2617.5377; 170; 240; 
567; 0; 2617.9839; 170; 240.2; 
567; 0; 2618.3765; 170; 240.4; 
567; 0; 2618.7199; 170; 240.6; 
567; 0; 2619.0199; 170; 240.8; 
567; 0; 2619.2824; 170; 241; 
567; 0; 2619.5132; 170; 241.2; 
567; 0; 2619.7175; 170; 241.4; 
567; 0; 2619.8999; 170; 241.6; 
567; 0; 2620.0646; 170; 241.8; 
567; 0; 2620.2149; 170; 242; 
567; 0; 2620.3299; 170; 242.2; 
567; 0; 2620.4031; 170; 242.4; 
567; 0; 2620.453; 170; 242.6; 
567; 0; 2620.468; 170; 242.8; 
567; 0; 2620.4232; 170; 243; 
567; 0; 2620.3074; 170; 243.2; 
567; 0; 2620.1179; 170; 243.4; 
567; 0; 2619.8576; 170; 243.6; 
567; 0; 2619.5322; 170; 243.8; 
567; 0; 2619.1488; 170; 244; 
567; 0; 2618.6666; 170; 244.2; 
567; 0; 2618.0033; 170; 244.4; 
567; 0; 2617.2247; 170; 244.6; 
567; 0; 2616.2852; 170; 244.8; 
567; 0; 2614.9584; 170; 245; 
567; 0; 2613.0693; 170; 245.2; 
567; 0; 2610.504; 170; 245.4; 
567; 0; 2607.1911; 170; 245.6; 
567; 0; 2603.1597; 170; 245.8; 
567; 0; 2598.5088; 170; 246; 
567; 0; 2593.348; 170; 246.2; 
567; 0; 2587.8314; 170; 246.4; 
567; 0; 2582.1396; 170; 246.6; 
567; 0; 2576.4436; 170; 246.8; 
567; 0; 2570.8691; 170; 247; 
567; 0; 2565.5127; 170; 247.2; 
567; 0; 2560.4141; 170; 247.4; 
567; 0; 2555.5572; 170; 247.6; 
567; 0; 2550.8899; 170; 247.8; 
567; 0; 2546.3456; 170; 248; 
567; 0; 2541.8481; 170; 248.2; 
567; 0; 2537.3258; 170; 248.4; 
567; 0; 2532.7373; 170; 248.6; 
567; 0; 2528.0324; 170; 248.8; 
567; 0; 2523.1933; 170; 249; 
567; 0; 2518.2412; 170; 249.2; 
567; 0; 2513.1951; 170; 249.4; 
567; 0; 2508.1009; 170; 249.6; 
567; 0; 2503.042; 170; 249.8; 
567; 0; 2498.1187; 170; 250; 
567; 0; 2493.4362; 170; 250.2; 
567; 0; 2489.0665; 170; 250.4; 
567; 0; 2485.0055; 170; 250.6; 
567; 0; 2481.2372; 170; 250.8; 
567; 0; 2477.7013; 170; 251; 
567; 0; 2474.3292; 170; 251.2; 
567; 0; 2471.0363; 170; 251.4; 
567; 0; 2467.7196; 170; 251.6; 
567; 0; 2464.3194; 170; 251.8; 
567; 0; 2460.7754; 170; 252; 
567; 0; 2457.0367; 170; 252.2; 
567; 0; 2453.1131; 170; 252.4; 
567; 0; 2449.0165; 170; 252.6; 
567; 0; 2444.7689; 170; 252.8; 
567; 0; 2440.4166; 170; 253; 
567; 0; 2436.0223; 170; 253.2; 
567; 0; 2431.65; 170; 253.4; 
567; 0; 2427.3653; 170; 253.6; 
567; 0; 2423.1969; 170; 253.8; 
567; 0; 2419.1311; 170; 254; 
567; 0; 2415.1825; 170; 254.2; 
567; 0; 2411.3772; 170; 254.4; 
567; 0; 2407.7222; 170; 254.6; 
567; 0; 2404.2124; 170; 254.8; 
567; 0; 2400.8365; 170; 255; 
567; 0; 2397.5797; 170; 255.2; 
567; 0; 2394.4263; 170; 255.4; 
567; 0; 2391.3605; 170; 255.6; 
567; 0; 2388.3681; 170; 255.8; 
567; 0; 2385.4359; 170; 256; 
567; 0; 2382.582; 170; 256.2; 
567; 0; 2379.8071; 170; 256.4; 
567; 0; 2377.1123; 170; 256.6; 
567; 0; 2374.5467; 170; 256.8; 
567; 0; 2372.1266; 170; 257; 
567; 0; 2369.8582; 170; 257.2; 
567; 0; 2367.7314; 170; 257.4; 
567; 0; 2365.7365; 170; 257.6; 
567; 0; 2363.8554; 170; 257.8; 
567; 0; 2362.0754; 170; 258; 
567; 0; 2360.4069; 170; 258.2; 
567; 0; 2358.85; 170; 258.4; 
567; 0; 2357.3684; 170; 258.6; 
567; 0; 2355.9416; 170; 258.8; 
567; 0; 2354.5781; 170; 259; 
567; 0; 2353.2796; 170; 259.2; 
567; 0; 2352.0718; 170; 259.4; 
567; 0; 2350.9603; 170; 259.6; 
567; 0; 2349.9182; 170; 259.8; 
567; 0; 2348.9546; 170; 260; 
567; 0; 2348.0655; 170; 260.2; 
567; 0; 2347.2194; 170; 260.4; 
567; 0; 2346.4246; 170; 260.6; 
567; 0; 2345.6779; 170; 260.8; 
567; 0; 2344.9498; 170; 261; 
567; 0; 2344.2225; 170; 261.2; 
567; 0; 2343.485; 170; 261.4; 
567; 0; 2342.7603; 170; 261.6; 
567; 0; 2342.0566; 170; 261.8; 
567; 0; 2341.3826; 170; 262; 
567; 0; 2340.766; 170; 262.2; 
567; 0; 2340.2488; 170; 262.4; 
567; 0; 2339.8452; 170; 262.6; 
567; 0; 2339.562; 170; 262.8; 
567; 0; 2339.3911; 170; 263; 
567; 0; 2339.297; 170; 263.2; 
567; 0; 2339.2541; 170; 263.4; 
567; 0; 2339.2149; 170; 263.6; 
567; 0; 2339.1561; 170; 263.8; 
567; 0; 2339.06; 170; 264; 
567; 0; 2338.8939; 170; 264.2; 
567; 0; 2338.6429; 170; 264.4; 
567; 0; 2338.3029; 170; 264.6; 
567; 0; 2337.8768; 170; 264.8; 
567; 0; 2337.3714; 170; 265; 
567; 0; 2336.8245; 170; 265.2; 
567; 0; 2336.2563; 170; 265.4; 
567; 0; 2335.6846; 170; 265.6; 
567; 0; 2335.1445; 170; 265.8; 
567; 0; 2334.626; 170; 266; 
567; 0; 2334.1266; 170; 266.2; 
567; 0; 2333.6681; 170; 266.4; 
567; 0; 2333.2607; 170; 266.6; 
567; 0; 2332.8788; 170; 266.8; 
567; 0; 2332.51; 170; 267; 
567; 0; 2332.1417; 170; 267.2; 
567; 0; 2331.7422; 170; 267.4; 
567; 0; 2331.3234; 170; 267.6; 
567; 0; 2330.8887; 170; 267.8; 
567; 0; 2330.4458; 170; 268; 
567; 0; 2329.995; 170; 268.2; 
567; 0; 2329.5419; 170; 268.4; 
567; 0; 2329.1139; 170; 268.6; 
567; 0; 2328.726; 170; 268.8; 
567; 0; 2328.3844; 170; 269; 
567; 0; 2328.1197; 170; 269.2; 
567; 0; 2327.9693; 170; 269.4; 
567; 0; 2327.9194; 170; 269.6; 
567; 0; 2327.9611; 170; 269.8; 
567; 0; 2328.0786; 170; 270; 
567; 0; 2328.2628; 170; 270.2; 
567; 0; 2328.4993; 170; 270.4; 
567; 0; 2328.7525; 170; 270.6; 
567; 0; 2328.9706; 170; 270.8; 
567; 0; 2329.1305; 170; 271; 
567; 0; 2329.2747; 170; 271.2; 
567; 0; 2329.4534; 170; 271.4; 
567; 0; 2329.7239; 170; 271.6; 
567; 0; 2330.1967; 170; 271.8; 
567; 0; 2330.9739; 170; 272; 
567; 0; 2332.0982; 170; 272.2; 
567; 0; 2333.5745; 170; 272.4; 
567; 0; 2335.3851; 170; 272.6; 
567; 0; 2337.4707; 170; 272.8; 
567; 0; 2339.7563; 170; 273; 
567; 0; 2342.1854; 170; 273.2; 
567; 0; 2344.6581; 170; 273.4; 
567; 0; 2347.0931; 170; 273.6; 
567; 0; 2349.4398; 170; 273.8; 
567; 0; 2351.6199; 170; 274; 
567; 0; 2353.6019; 170; 274.2; 
567; 0; 2355.3736; 170; 274.4; 
567; 0; 2356.9161; 170; 274.6; 
567; 0; 2358.2606; 170; 274.8; 
567; 0; 2359.4619; 170; 275; 
567; 0; 2360.5894; 170; 275.2; 
567; 0; 2361.7131; 170; 275.4; 
567; 0; 2362.8747; 170; 275.6; 
567; 0; 2364.0967; 170; 275.8; 
567; 0; 2365.3891; 170; 276; 
567; 0; 2366.7535; 170; 276.2; 
567; 0; 2368.1868; 170; 276.4; 
567; 0; 2369.6542; 170; 276.6; 
567; 0; 2371.1088; 170; 276.8; 
567; 0; 2372.5235; 170; 277; 
567; 0; 2373.8557; 170; 277.2; 
567; 0; 2375.0608; 170; 277.4; 
567; 0; 2376.1196; 170; 277.6; 
567; 0; 2377.0296; 170; 277.8; 
567; 0; 2377.798; 170; 278; 
567; 0; 2378.4371; 170; 278.2; 
567; 0; 2378.9623; 170; 278.4; 
567; 0; 2379.3889; 170; 278.6; 
567; 0; 2379.7321; 170; 278.8; 
567; 0; 2379.9767; 170; 279; 
567; 0; 2380.1242; 170; 279.2; 
567; 0; 2380.1767; 170; 279.4; 
567; 0; 2380.1457; 170; 279.6; 
567; 0; 2380.0671; 170; 279.8; 
567; 0; 2379.9358; 170; 280; 
567; 0; 2379.7861; 170; 280.2; 
567; 0; 2379.6584; 170; 280.4; 
567; 0; 2379.5516; 170; 280.6; 
567; 0; 2379.4925; 170; 280.8; 
567; 0; 2379.4895; 170; 281; 
567; 0; 2379.5494; 170; 281.2; 
567; 0; 2379.6963; 170; 281.4; 
567; 0; 2379.9106; 170; 281.6; 
567; 0; 2380.1815; 170; 281.8; 
567; 0; 2380.4944; 170; 282; 
567; 0; 2380.8137; 170; 282.2; 
567; 0; 2381.1474; 170; 282.4; 
567; 0; 2381.4941; 170; 282.6; 
567; 0; 2381.8572; 170; 282.8; 
567; 0; 2382.2618; 170; 283; 
567; 0; 2382.7205; 170; 283.2; 
567; 0; 2383.2374; 170; 283.4; 
567; 0; 2383.8115; 170; 283.6; 
567; 0; 2384.4389; 170; 283.8; 
567; 0; 2385.1143; 170; 284; 
567; 0; 2385.8314; 170; 284.2; 
567; 0; 2386.5844; 170; 284.4; 
567; 0; 2387.3384; 170; 284.6; 
567; 0; 2388.0483; 170; 284.8; 
567; 0; 2388.6902; 170; 285; 
567; 0; 2389.2246; 170; 285.2; 
567; 0; 2389.6391; 170; 285.4; 
567; 0; 2389.9288; 170; 285.6; 
567; 0; 2390.0738; 170; 285.8; 
567; 0; 2390.0997; 170; 286; 
567; 0; 2390.0531; 170; 286.2; 
567; 0; 2389.9948; 170; 286.4; 
567; 0; 2389.9856; 170; 286.6; 
567; 0; 2390.088; 170; 286.8; 
567; 0; 2390.3563; 170; 287; 
567; 0; 2390.8134; 170; 287.2; 
567; 0; 2391.4615; 170; 287.4; 
567; 0; 2392.2908; 170; 287.6; 
567; 0; 2393.2849; 170; 287.8; 
567; 0; 2394.3951; 170; 288; 
567; 0; 2395.562; 170; 288.2; 
567; 0; 2396.7467; 170; 288.4; 
567; 0; 2397.8959; 170; 288.6; 
567; 0; 2398.9563; 170; 288.8; 
567; 0; 2399.9011; 170; 289; 
567; 0; 2400.6922; 170; 289.2; 
567; 0; 2401.321; 170; 289.4; 
567; 0; 2401.8456; 170; 289.6; 
567; 0; 2402.359; 170; 289.8; 
567; 0; 2402.9129; 170; 290; 
567; 0; 2403.5403; 170; 290.2; 
567; 0; 2404.2806; 170; 290.4; 
567; 0; 2405.1509; 170; 290.6; 
567; 0; 2406.0957; 170; 290.8; 
567; 0; 2407.0294; 170; 291; 
567; 0; 2407.9021; 170; 291.2; 
567; 0; 2408.6295; 170; 291.4; 
567; 0; 2409.122; 170; 291.6; 
567; 0; 2409.311; 170; 291.8; 
567; 0; 2409.1495; 170; 292; 
567; 0; 2408.6301; 170; 292.2; 
567; 0; 2407.7696; 170; 292.4; 
567; 0; 2406.5978; 170; 292.6; 
567; 0; 2405.1507; 170; 292.8; 
567; 0; 2403.4952; 170; 293; 
567; 0; 2401.7073; 170; 293.2; 
567; 0; 2399.8399; 170; 293.4; 
567; 0; 2397.9581; 170; 293.6; 
567; 0; 2396.1259; 170; 293.8; 
567; 0; 2394.378; 170; 294; 
567; 0; 2392.7304; 170; 294.2; 
567; 0; 2391.1575; 170; 294.4; 
567; 0; 2389.6443; 170; 294.6; 
567; 0; 2388.1742; 170; 294.8; 
567; 0; 2386.71; 170; 295; 
567; 0; 2385.2295; 170; 295.2; 
567; 0; 2383.7496; 170; 295.4; 
567; 0; 2382.275; 170; 295.6; 
567; 0; 2380.7842; 170; 295.8; 
567; 0; 2379.2653; 170; 296; 
567; 0; 2377.7129; 170; 296.2; 
567; 0; 2376.1548; 170; 296.4; 
567; 0; 2374.6028; 170; 296.6; 
567; 0; 2373.0685; 170; 296.8; 
567; 0; 2371.5528; 170; 297; 
567; 0; 2370.06; 170; 297.2; 
567; 0; 2368.6156; 170; 297.4; 
567; 0; 2367.2316; 170; 297.6; 
567; 0; 2365.9117; 170; 297.8; 
567; 0; 2364.6834; 170; 298; 
567; 0; 2363.5529; 170; 298.2; 
567; 0; 2362.5227; 170; 298.4; 
567; 0; 2361.5836; 170; 298.6; 
567; 0; 2360.7296; 170; 298.8; 
567; 0; 2359.9474; 170; 299; 
567; 0; 2359.2006; 170; 299.2; 
567; 0; 2358.4944; 170; 299.4; 
567; 0; 2357.8248; 170; 299.6; 
567; 0; 2357.1629; 170; 299.8; 
567; 0; 2356.4911; 170; 300; 
567; 0; 2355.8289; 170; 300.2; 
567; 0; 2355.1819; 170; 300.4; 
567; 0; 2354.558; 170; 300.6; 
567; 0; 2353.9843; 170; 300.8; 
567; 0; 2353.4741; 170; 301; 
567; 0; 2353.0315; 170; 301.2; 
567; 0; 2352.655; 170; 301.4; 
567; 0; 2352.3397; 170; 301.6; 
567; 0; 2352.0792; 170; 301.8; 
567; 0; 2351.8664; 170; 302; 
567; 0; 2351.6943; 170; 302.2; 
567; 0; 2351.5565; 170; 302.4; 
567; 0; 2351.4761; 170; 302.6; 
567; 0; 2351.4876; 170; 302.8; 
567; 0; 2351.577; 170; 303; 
567; 0; 2351.7363; 170; 303.2; 
567; 0; 2351.981; 170; 303.4; 
567; 0; 2352.3151; 170; 303.6; 
567; 0; 2352.7064; 170; 303.8; 
567; 0; 2353.1377; 170; 304; 
567; 0; 2353.5912; 170; 304.2; 
567; 0; 2354.0601; 170; 304.4; 
567; 0; 2354.5347; 170; 304.6; 
567; 0; 2355.0137; 170; 304.8; 
567; 0; 2355.491; 170; 305; 
567; 0; 2355.9682; 170; 305.2; 
567; 0; 2356.4705; 170; 305.4; 
567; 0; 2356.9822; 170; 305.6; 
567; 0; 2357.4983; 170; 305.8; 
567; 0; 2358.0108; 170; 306; 
567; 0; 2358.5199; 170; 306.2; 
567; 0; 2359.0213; 170; 306.4; 
567; 0; 2359.5175; 170; 306.6; 
567; 0; 2360.0056; 170; 306.8; 
567; 0; 2360.4601; 170; 307; 
567; 0; 2360.8971; 170; 307.2; 
567; 0; 2361.322; 170; 307.4; 
567; 0; 2361.7148; 170; 307.6; 
567; 0; 2362.0656; 170; 307.8; 
567; 0; 2362.3998; 170; 308; 
567; 0; 2362.7288; 170; 308.2; 
567; 0; 2363.0354; 170; 308.4; 
567; 0; 2363.3108; 170; 308.6; 
567; 0; 2363.5515; 170; 308.8; 
567; 0; 2363.7578; 170; 309; 
567; 0; 2363.9606; 170; 309.2; 
567; 0; 2364.1447; 170; 309.4; 
567; 0; 2364.2828; 170; 309.6; 
567; 0; 2364.3858; 170; 309.8; 
567; 0; 2364.4621; 170; 310; 
567; 0; 2364.4892; 170; 310.2; 
567; 0; 2364.4617; 170; 310.4; 
567; 0; 2364.3745; 170; 310.6; 
567; 0; 2364.2043; 170; 310.8; 
567; 0; 2363.9711; 170; 311; 
567; 0; 2363.7147; 170; 311.2; 
567; 0; 2363.4599; 170; 311.4; 
567; 0; 2363.2214; 170; 311.6; 
567; 0; 2362.9777; 170; 311.8; 
567; 0; 2362.7213; 170; 312; 
567; 0; 2362.4726; 170; 312.2; 
567; 0; 2362.2138; 170; 312.4; 
567; 0; 2361.9402; 170; 312.6; 
567; 0; 2361.703; 170; 312.8; 
567; 0; 2361.5544; 170; 313; 
567; 0; 2361.5496; 170; 313.2; 
567; 0; 2361.7366; 170; 313.4; 
567; 0; 2362.1621; 170; 313.6; 
567; 0; 2362.8637; 170; 313.8; 
567; 0; 2363.8477; 170; 314; 
567; 0; 2365.0721; 170; 314.2; 
567; 0; 2366.4739; 170; 314.4; 
567; 0; 2367.9761; 170; 314.6; 
567; 0; 2369.474; 170; 314.8; 
567; 0; 2370.8817; 170; 315; 
567; 0; 2372.1241; 170; 315.2; 
567; 0; 2373.1136; 170; 315.4; 
567; 0; 2373.8178; 170; 315.6; 
567; 0; 2374.2292; 170; 315.8; 
567; 0; 2374.3366; 170; 316; 
567; 0; 2374.1803; 170; 316.2; 
567; 0; 2373.7946; 170; 316.4; 
567; 0; 2373.2184; 170; 316.6; 
567; 0; 2372.5103; 170; 316.8; 
567; 0; 2371.7416; 170; 317; 
567; 0; 2370.9535; 170; 317.2; 
567; 0; 2370.1764; 170; 317.4; 
567; 0; 2369.452; 170; 317.6; 
567; 0; 2368.7726; 170; 317.8; 
567; 0; 2368.1071; 170; 318; 
567; 0; 2367.436; 170; 318.2; 
567; 0; 2366.7483; 170; 318.4; 
567; 0; 2366.0383; 170; 318.6; 
567; 0; 2365.2748; 170; 318.8; 
567; 0; 2364.4182; 170; 319; 
567; 0; 2363.4797; 170; 319.2; 
567; 0; 2362.4654; 170; 319.4; 
567; 0; 2361.3597; 170; 319.6; 
567; 0; 2360.1874; 170; 319.8; 
567; 0; 2358.9914; 170; 320; 
567; 0; 2357.7986; 170; 320.2; 
567; 0; 2356.6539; 170; 320.4; 
567; 0; 2355.5759; 170; 320.6; 
567; 0; 2354.5771; 170; 320.8; 
567; 0; 2353.6547; 170; 321; 
567; 0; 2352.8078; 170; 321.2; 
567; 0; 2352.0266; 170; 321.4; 
567; 0; 2351.2771; 170; 321.6; 
567; 0; 2350.5371; 170; 321.8; 
567; 0; 2349.7931; 170; 322; 
567; 0; 2349.0374; 170; 322.2; 
567; 0; 2348.2657; 170; 322.4; 
567; 0; 2347.4766; 170; 322.6; 
567; 0; 2346.6703; 170; 322.8; 
567; 0; 2345.8476; 170; 323; 
567; 0; 2345.0101; 170; 323.2; 
567; 0; 2344.1597; 170; 323.4; 
567; 0; 2343.3273; 170; 323.6; 
567; 0; 2342.5544; 170; 323.8; 
567; 0; 2341.8619; 170; 324; 
567; 0; 2341.2577; 170; 324.2; 
567; 0; 2340.7705; 170; 324.4; 
567; 0; 2340.4345; 170; 324.6; 
567; 0; 2340.2612; 170; 324.8; 
567; 0; 2340.2479; 170; 325; 
567; 0; 2340.3547; 170; 325.2; 
567; 0; 2340.556; 170; 325.4; 
567; 0; 2340.8259; 170; 325.6; 
567; 0; 2341.0922; 170; 325.8; 
567; 0; 2341.2877; 170; 326; 
567; 0; 2341.3478; 170; 326.2; 
567; 0; 2341.2179; 170; 326.4; 
567; 0; 2340.8768; 170; 326.6; 
567; 0; 2340.295; 170; 326.8; 
567; 0; 2339.4452; 170; 327; 
567; 0; 2338.3559; 170; 327.2; 
567; 0; 2337.0821; 170; 327.4; 
567; 0; 2335.6675; 170; 327.6; 
567; 0; 2334.1461; 170; 327.8; 
567; 0; 2332.5737; 170; 328; 
567; 0; 2331.0105; 170; 328.2; 
567; 0; 2329.4916; 170; 328.4; 
567; 0; 2328.0645; 170; 328.6; 
567; 0; 2326.7467; 170; 328.8; 
567; 0; 2325.5183; 170; 329; 
567; 0; 2324.3621; 170; 329.2; 
567; 0; 2323.2928; 170; 329.4; 
567; 0; 2322.3147; 170; 329.6; 
567; 0; 2321.5294; 170; 329.8; 
567; 0; 2320.8088; 170; 330; 
567; 0; 2320.1478; 170; 330.2; 
567; 0; 2319.5609; 170; 330.4; 
567; 0; 2319.0527; 170; 330.6; 
567; 0; 2318.6209; 170; 330.8; 
567; 0; 2318.2853; 170; 331; 
567; 0; 2318.0728; 170; 331.2; 
567; 0; 2317.9926; 170; 331.4; 
567; 0; 2318.0417; 170; 331.6; 
567; 0; 2318.2366; 170; 331.8; 
567; 0; 2318.5739; 170; 332; 
567; 0; 2319.0222; 170; 332.2; 
567; 0; 2319.5565; 170; 332.4; 
567; 0; 2320.1568; 170; 332.6; 
567; 0; 2320.8328; 170; 332.8; 
567; 0; 2321.5815; 170; 333; 
567; 0; 2322.3787; 170; 333.2; 
567; 0; 2323.2901; 170; 333.4; 
567; 0; 2324.178; 170; 333.6; 
567; 0; 2325.0531; 170; 333.8; 
567; 0; 2325.8933; 170; 334; 
567; 0; 2326.6635; 170; 334.2; 
567; 0; 2327.376; 170; 334.4; 
567; 0; 2328.0368; 170; 334.6; 
567; 0; 2328.628; 170; 334.8; 
567; 0; 2329.1432; 170; 335; 
567; 0; 2329.583; 170; 335.2; 
567; 0; 2329.9522; 170; 335.4; 
567; 0; 2330.2577; 170; 335.6; 
567; 0; 2330.4783; 170; 335.8; 
567; 0; 2330.6111; 170; 336; 
567; 0; 2330.6839; 170; 336.2; 
567; 0; 2330.7168; 170; 336.4; 
567; 0; 2330.753; 170; 336.6; 
567; 0; 2330.8131; 170; 336.8; 
567; 0; 2330.8838; 170; 337; 
567; 0; 2330.9855; 170; 337.2; 
567; 0; 2331.1239; 170; 337.4; 
567; 0; 2331.3048; 170; 337.6; 
567; 0; 2331.5242; 170; 337.8; 
567; 0; 2331.7536; 170; 338; 
567; 0; 2332.0043; 170; 338.2; 
567; 0; 2332.2766; 170; 338.4; 
567; 0; 2332.5457; 170; 338.6; 
567; 0; 2332.7965; 170; 338.8; 
567; 0; 2333.0215; 170; 339; 
567; 0; 2333.2176; 170; 339.2; 
567; 0; 2333.414; 170; 339.4; 
567; 0; 2333.6228; 170; 339.6; 
567; 0; 2333.8266; 170; 339.8; 
567; 0; 2334.0441; 170; 340; 
567; 0; 2334.281; 170; 340.2; 
567; 0; 2334.5152; 170; 340.4; 
567; 0; 2334.7338; 170; 340.6; 
567; 0; 2334.9303; 170; 340.8; 
567; 0; 2335.1017; 170; 341; 
567; 0; 2335.2189; 170; 341.2; 
567; 0; 2335.2731; 170; 341.4; 
567; 0; 2335.2864; 170; 341.6; 
567; 0; 2335.275; 170; 341.8; 
567; 0; 2335.2494; 170; 342; 
567; 0; 2335.2172; 170; 342.2; 
567; 0; 2335.1829; 170; 342.4; 
567; 0; 2335.1494; 170; 342.6; 
567; 0; 2335.0893; 170; 342.8; 
567; 0; 2334.993; 170; 343; 
567; 0; 2334.8519; 170; 343.2; 
567; 0; 2334.6684; 170; 343.4; 
567; 0; 2334.4709; 170; 343.6; 
567; 0; 2334.2768; 170; 343.8; 
567; 0; 2334.0674; 170; 344; 
567; 0; 2333.837; 170; 344.2; 
567; 0; 2333.579; 170; 344.4; 
567; 0; 2333.2958; 170; 344.6; 
567; 0; 2332.9853; 170; 344.8; 
567; 0; 2332.653; 170; 345; 
567; 0; 2332.2985; 170; 345.2; 
567; 0; 2331.9277; 170; 345.4; 
567; 0; 2331.5695; 170; 345.6; 
567; 0; 2331.2403; 170; 345.8; 
567; 0; 2330.9477; 170; 346; 
567; 0; 2330.6653; 170; 346.2; 
567; 0; 2330.3521; 170; 346.4; 
567; 0; 2329.9274; 170; 346.6; 
567; 0; 2329.3011; 170; 346.8; 
567; 0; 2328.3729; 170; 347; 
567; 0; 2326.9941; 170; 347.2; 
567; 0; 2325.0252; 170; 347.4; 
567; 0; 2322.3642; 170; 347.6; 
567; 0; 2319.3721; 170; 347.8; 
567; 0; 2315.6937; 170; 348; 
567; 0; 2311.3569; 170; 348.2; 
567; 0; 2306.443; 170; 348.4; 
567; 0; 2301.0812; 170; 348.6; 
567; 0; 2295.4207; 170; 348.8; 
567; 0; 2289.6144; 170; 349; 
567; 0; 2283.8077; 170; 349.2; 
567; 0; 2278.0828; 170; 349.4; 
567; 0; 2272.4878; 170; 349.6; 
567; 0; 2267.0391; 170; 349.8; 
567; 0; 2261.7425; 170; 350; 
567; 0; 2256.6131; 170; 350.2; 
567; 0; 2251.625; 170; 350.4; 
567; 0; 2246.7417; 170; 350.6; 
567; 0; 2241.935; 170; 350.8; 
567; 0; 2237.1773; 170; 351; 
567; 0; 2232.4494; 170; 351.2; 
567; 0; 2227.7383; 170; 351.4; 
567; 0; 2223.0648; 170; 351.6; 
567; 0; 2218.4946; 170; 351.8; 
567; 0; 2214.0547; 170; 352; 
567; 0; 2209.7588; 170; 352.2; 
567; 0; 2205.6612; 170; 352.4; 
567; 0; 2201.7773; 170; 352.6; 
567; 0; 2198.1089; 170; 352.8; 
567; 0; 2194.6689; 170; 353; 
567; 0; 2191.4816; 170; 353.2; 
567; 0; 2188.5412; 170; 353.4; 
567; 0; 2185.8049; 170; 353.6; 
567; 0; 2183.2654; 170; 353.8; 
567; 0; 2180.9015; 170; 354; 
567; 0; 2178.6953; 170; 354.2; 
567; 0; 2176.6518; 170; 354.4; 
567; 0; 2174.7643; 170; 354.6; 
567; 0; 2173.0198; 170; 354.8; 
567; 0; 2171.4316; 170; 355; 
567; 0; 2169.9936; 170; 355.2; 
567; 0; 2168.6983; 170; 355.4; 
567; 0; 2167.5575; 170; 355.6; 
567; 0; 2166.5396; 170; 355.8; 
567; 0; 2165.6233; 170; 356; 
567; 0; 2164.8151; 170; 356.2; 
567; 0; 2164.112; 170; 356.4; 
567; 0; 2163.5063; 170; 356.6; 
567; 0; 2162.9876; 170; 356.8; 
567; 0; 2162.5741; 170; 357; 
567; 0; 2162.2656; 170; 357.2; 
567; 0; 2162.0312; 170; 357.4; 
567; 0; 2161.8478; 170; 357.6; 
567; 0; 2161.7287; 170; 357.8; 
567; 0; 2161.6728; 170; 358; 
567; 0; 2161.681; 170; 358.2; 
567; 0; 2161.7743; 170; 358.4; 
567; 0; 2161.9604; 170; 358.6; 
567; 0; 2162.238; 170; 358.8; 
567; 0; 2162.6016; 170; 359; 
567; 0; 2163.0424; 170; 359.2; 
567; 0; 2163.5506; 170; 359.4; 
567; 0; 2164.1168; 170; 359.6; 
567; 0; 2164.7317; 170; 359.8; 
567; 0; 2165.387; 170; 360; 
567; 0; 2166.0751; 170; 360.2; 
567; 0; 2166.7898; 170; 360.4; 
567; 0; 2167.5258; 170; 360.6; 
567; 0; 2168.2784; 170; 360.8; 
567; 0; 2169.044; 170; 361; 
567; 0; 2169.8197; 170; 361.2; 
567; 0; 2170.6326; 170; 361.4; 
567; 0; 2171.4914; 170; 361.6; 
567; 0; 2172.4036; 170; 361.8; 
567; 0; 2173.3654; 170; 362; 
567; 0; 2174.3766; 170; 362.2; 
567; 0; 2175.4587; 170; 362.4; 
567; 0; 2176.5907; 170; 362.6; 
567; 0; 2177.7622; 170; 362.8; 
567; 0; 2178.9597; 170; 363; 
567; 0; 2180.1785; 170; 363.2; 
567; 0; 2181.4394; 170; 363.4; 
567; 0; 2182.7225; 170; 363.6; 
567; 0; 2184.0197; 170; 363.8; 
567; 0; 2185.3501; 170; 364; 
567; 0; 2186.6935; 170; 364.2; 
567; 0; 2188.0419; 170; 364.4; 
567; 0; 2189.3857; 170; 364.6; 
567; 0; 2190.6947; 170; 364.8; 
567; 0; 2191.9534; 170; 365; 
567; 0; 2193.1554; 170; 365.2; 
567; 0; 2194.3003; 170; 365.4; 
567; 0; 2195.3913; 170; 365.6; 
567; 0; 2196.4332; 170; 365.8; 
567; 0; 2197.4616; 170; 366; 
567; 0; 2198.4931; 170; 366.2; 
567; 0; 2199.5129; 170; 366.4; 
567; 0; 2200.5129; 170; 366.6; 
567; 0; 2201.4605; 170; 366.8; 
567; 0; 2202.3441; 170; 367; 
567; 0; 2203.1555; 170; 367.2; 
567; 0; 2203.8701; 170; 367.4; 
567; 0; 2204.479; 170; 367.6; 
567; 0; 2204.9828; 170; 367.8; 
567; 0; 2205.3592; 170; 368; 
567; 0; 2205.6073; 170; 368.2; 
567; 0; 2205.7585; 170; 368.4; 
567; 0; 2205.837; 170; 368.6; 
567; 0; 2205.8324; 170; 368.8; 
567; 0; 2205.7482; 170; 369; 
567; 0; 2205.6158; 170; 369.2; 
567; 0; 2205.4565; 170; 369.4; 
567; 0; 2205.2845; 170; 369.6; 
567; 0; 2205.1091; 170; 369.8; 
567; 0; 2204.9068; 170; 370; 
567; 0; 2204.6703; 170; 370.2; 
567; 0; 2204.4213; 170; 370.4; 
567; 0; 2204.1446; 170; 370.6; 
567; 0; 2203.8083; 170; 370.8; 
567; 0; 2203.3971; 170; 371; 
567; 0; 2202.9063; 170; 371.2; 
567; 0; 2202.3379; 170; 371.4; 
567; 0; 2201.6975; 170; 371.6; 
567; 0; 2200.9929; 170; 371.8; 
567; 0; 2200.2323; 170; 372; 
567; 0; 2196.5476; 170; 372.2; 
567; 0; 2183.0729; 170; 372.4; 
567; 0; 2157.6262; 170; 372.6; 
567; 0; 2131.2713; 170; 372.8; 
567; 0; 2104.9162; 170; 373; 
567; 0; 2078.5614; 170; 373.2; 
567; 0; 2052.2069; 170; 373.4; 
567; 0; 2025.8528; 170; 373.6; 
567; 0; 2000.717; 170; 373.8; 
567; 0; 1976.2664; 170; 374; 
567; 0; 1951.8164; 170; 374.2; 
567; 0; 1927.3663; 170; 374.4; 
567; 0; 1902.9169; 170; 374.6; 
567; 0; 1878.4675; 170; 374.8; 
567; 0; 1854.018; 170; 375; 
567; 0; 1829.5685; 170; 375.2; 
567; 0; 1805.1189; 170; 375.4; 
567; 0; 1780.669; 170; 375.6; 
567; 0; 1756.2193; 170; 375.8; 
567; 0; 1731.8765; 170; 376; 
567; 0; 1710.274; 170; 376.2; 
567; 0; 1688.6717; 170; 376.4; 
567; 0; 1667.0694; 170; 376.6; 
567; 0; 1645.4665; 170; 376.8; 
567; 0; 1623.8645; 170; 377; 
567; 0; 1602.2626; 170; 377.2; 
567; 0; 1580.6607; 170; 377.4; 
567; 0; 1559.0589; 170; 377.6; 
567; 0; 1537.457; 170; 377.8; 
567; 0; 1515.8551; 170; 378; 
567; 0; 1494.2532; 170; 378.2; 
567; 0; 1473.61; 170; 378.4; 
567; 0; 1454.2553; 170; 378.6; 
567; 0; 1434.9007; 170; 378.8; 
567; 0; 1415.5461; 170; 379; 
567; 0; 1396.1914; 170; 379.2; 
567; 0; 1376.8346; 170; 379.4; 
567; 0; 1371.0952; 170; 379.6; 
567; 0; 1371.0953; 170; 379.8; 
567; 0; 1371.0952; 170; 380; 
567; 0; 1371.0954; 170; 380.2; 
567; 0; 1371.0954; 170; 380.4; 
567; 0; 1371.0955; 170; 380.6; 
567; 0; 1371.0957; 170; 380.8; 
567; 0; 1371.0958; 170; 381; 
567; 0; 1371.096; 170; 381.2; 
567; 0; 1371.0961; 170; 381.4; 
567; 0; 1371.0962; 170; 381.6; 
567; 0; 1371.0962; 170; 381.8; 
567; 0; 1371.0961; 170; 382; 
567; 0; 1371.0961; 170; 382.2; 
567; 0; 1371.0961; 170; 382.4; 
567; 0; 1371.0961; 170; 382.6; 
567; 0; 1371.0961; 170; 382.8; 
567; 0; 1371.0962; 170; 383; 
567; 0; 1371.0964; 170; 383.2; 
567; 0; 1371.0965; 170; 383.4; 
567; 0; 1371.0965; 170; 383.6; 
567; 0; 1371.0966; 170; 383.8; 
567; 0; 1371.0965; 170; 384; 
567; 0; 1371.0964; 170; 384.2; 
567; 0; 1371.0963; 170; 384.4; 
567; 0; 1371.0963; 170; 384.6; 
567; 0; 1371.0962; 170; 384.8; 
567; 0; 1371.0961; 170; 385; 
567; 0; 1371.096; 170; 385.2; 
567; 0; 1371.096; 170; 385.4; 
567; 0; 1371.096; 170; 385.6; 
567; 0; 1371.0959; 170; 385.8; 
567; 0; 1371.0961; 170; 386; 
567; 0; 1371.096; 170; 386.2; 
567; 0; 1371.096; 170; 386.4; 
567; 0; 1371.0961; 170; 386.6; 
567; 0; 1371.096; 170; 386.8; 
567; 0; 1371.0975; 170; 387; 
567; 0; 1371.0974; 170; 387.2; 
567; 0; 1371.0972; 170; 387.4; 
567; 0; 1371.0971; 170; 387.6; 
567; 0; 1371.097; 170; 387.8; 
567; 0; 1371.0969; 170; 388; 
567; 0; 1371.0967; 170; 388.2; 
567; 0; 1371.0965; 170; 388.4; 
567; 0; 1371.0963; 170; 388.6; 
567; 0; 1371.0962; 170; 388.8; 
567; 0; 1371.0961; 170; 389; 
567; 0; 1371.096; 170; 389.2; 
567; 0; 1371.0958; 170; 389.4; 
567; 0; 1371.0958; 170; 389.6; 
567; 0; 1371.0957; 170; 389.8; 
567; 0; 1371.0957; 170; 390; 
567; 0; 1371.0957; 170; 390.2; 
567; 0; 1371.0958; 170; 390.4; 
567; 0; 1371.0958; 170; 390.6; 
567; 0; 1371.0958; 170; 390.8; 
567; 0; 1371.096; 170; 391; 
567; 0; 1371.096; 170; 391.2; 
567; 0; 1371.096; 170; 391.4; 
567; 0; 1371.096; 170; 391.6; 
567; 0; 1371.0961; 170; 391.8; 
567; 0; 1371.0962; 170; 392; 
567; 0; 1371.0962; 170; 392.2; 
567; 0; 1371.0963; 170; 392.4; 
567; 0; 1371.0963; 170; 392.6; 
567; 0; 1371.0962; 170; 392.8; 
567; 0; 1371.0961; 170; 393; 
567; 0; 1371.0961; 170; 393.2; 
567; 0; 1371.0961; 170; 393.4; 
567; 0; 1371.096; 170; 393.6; 
567; 0; 1371.096; 170; 393.8; 
567; 0; 1371.096; 170; 394; 
567; 0; 1371.0961; 170; 394.2; 
567; 0; 1371.0958; 170; 394.4; 
567; 0; 1371.0959; 170; 394.6; 
567; 0; 1371.0959; 170; 394.8; 
567; 0; 1371.0959; 170; 395; 
567; 0; 1371.0959; 170; 395.2; 
567; 0; 1371.0959; 170; 395.4; 
567; 0; 1371.0959; 170; 395.6; 
567; 0; 1371.0958; 170; 395.8; 
567; 0; 1371.0958; 170; 396; 
567; 0; 1371.0958; 170; 396.2; 
567; 0; 1371.0957; 170; 396.4; 
567; 0; 1371.0956; 170; 396.6; 
567; 0; 1371.0955; 170; 396.8; 
567; 0; 1371.0955; 170; 397; 
567; 0; 1371.0954; 170; 397.2; 
567; 0; 1371.0954; 170; 397.4; 
567; 0; 1371.0953; 170; 397.6; 
567; 0; 1371.0953; 170; 397.8; 
567; 0; 1371.0953; 170; 398; 
567; 0; 1371.0952; 170; 398.2; 
567; 0; 1371.0952; 170; 398.4; 
567; 0; 1371.0953; 170; 398.6; 
567; 0; 1371.2386; 170; 398.8; 
567; 0; 1373.3959; 170; 399; 
567; 0; 1377.9813; 170; 399.2; 
567; 0; 1385.0536; 170; 399.4; 
567; 0; 1394.4649; 170; 399.6; 
567; 0; 1405.9592; 170; 399.8; 
567; 0; 1419.2621; 170; 400; 
567; 0; 1434.0683; 170; 400.2; 
567; 0; 1450.0423; 170; 400.4; 
567; 0; 1466.7921; 170; 400.6; 
567; 0; 1484.1311; 170; 400.8; 
567; 0; 1503.2184; 170; 401; 
567; 0; 1522.0746; 170; 401.2; 
567; 0; 1540.6059; 170; 401.4; 
567; 0; 1558.776; 170; 401.6; 
567; 0; 1576.6187; 170; 401.8; 
567; 0; 1594.2355; 170; 402; 
567; 0; 1611.693; 170; 402.2; 
567; 0; 1629.0469; 170; 402.4; 
567; 0; 1646.297; 170; 402.6; 
567; 0; 1662.9424; 170; 402.8; 
567; 0; 1678.7348; 170; 403; 
567; 0; 1693.8652; 170; 403.2; 
567; 0; 1708.4239; 170; 403.4; 
567; 0; 1722.4015; 170; 403.6; 
567; 0; 1736.1382; 170; 403.8; 
567; 0; 1750.4346; 170; 404; 
567; 0; 1763.8707; 170; 404.2; 
567; 0; 1776.3848; 170; 404.4; 
567; 0; 1787.926; 170; 404.6; 
567; 0; 1798.4937; 170; 404.8; 
567; 0; 1808.145; 170; 405; 
567; 0; 1816.9677; 170; 405.2; 
567; 0; 1825.032; 170; 405.4; 
567; 0; 1832.4289; 170; 405.6; 
567; 0; 1839.247; 170; 405.8; 
567; 0; 1845.5779; 170; 406; 
567; 0; 1851.4992; 170; 406.2; 
567; 0; 1857.0863; 170; 406.4; 
567; 0; 1862.4296; 170; 406.6; 
567; 0; 1867.566; 170; 406.8; 
567; 0; 1872.5036; 170; 407; 
567; 0; 1877.259; 170; 407.2; 
567; 0; 1881.8533; 170; 407.4; 
567; 0; 1886.2769; 170; 407.6; 
567; 0; 1890.478; 170; 407.8; 
567; 0; 1894.3819; 170; 408; 
567; 0; 1897.9367; 170; 408.2; 
567; 0; 1901.1007; 170; 408.4; 
567; 0; 1903.8778; 170; 408.6; 
567; 0; 1906.2878; 170; 408.8; 
567; 0; 1908.3382; 170; 409; 
567; 0; 1910.0236; 170; 409.2; 
567; 0; 1911.3675; 170; 409.4; 
567; 0; 1912.4299; 170; 409.6; 
567; 0; 1913.2627; 170; 409.8; 
567; 0; 1913.9412; 170; 410; 
567; 0; 1914.5137; 170; 410.2; 
567; 0; 1915.0205; 170; 410.4; 
567; 0; 1915.4842; 170; 410.6; 
567; 0; 1915.9254; 170; 410.8; 
567; 0; 1916.3842; 170; 411; 
567; 0; 1916.8828; 170; 411.2; 
567; 0; 1917.4324; 170; 411.4; 
567; 0; 1918.0054; 170; 411.6; 
567; 0; 1918.5897; 170; 411.8; 
567; 0; 1919.1719; 170; 412; 
567; 0; 1919.7189; 170; 412.2; 
567; 0; 1920.2128; 170; 412.4; 
567; 0; 1920.6465; 170; 412.6; 
567; 0; 1920.9881; 170; 412.8; 
567; 0; 1921.1985; 170; 413; 
567; 0; 1921.2933; 170; 413.2; 
567; 0; 1921.2832; 170; 413.4; 
567; 0; 1921.1549; 170; 413.6; 
567; 0; 1920.8765; 170; 413.8; 
567; 0; 1920.4431; 170; 414; 
567; 0; 1919.8868; 170; 414.2; 
567; 0; 1919.2026; 170; 414.4; 
567; 0; 1918.4006; 170; 414.6; 
567; 0; 1917.519; 170; 414.8; 
567; 0; 1916.5856; 170; 415; 
567; 0; 1915.6194; 170; 415.2; 
567; 0; 1914.6342; 170; 415.4; 
567; 0; 1913.6387; 170; 415.6; 
567; 0; 1912.6391; 170; 415.8; 
567; 0; 1911.6392; 170; 416; 
567; 0; 1910.6723; 170; 416.2; 
567; 0; 1909.7509; 170; 416.4; 
567; 0; 1908.8541; 170; 416.6; 
567; 0; 1907.968; 170; 416.8; 
567; 0; 1907.0839; 170; 417; 
567; 0; 1906.2274; 170; 417.2; 
567; 0; 1905.4068; 170; 417.4; 
567; 0; 1904.5991; 170; 417.6; 
567; 0; 1903.7903; 170; 417.8; 
567; 0; 1902.9719; 170; 418; 
567; 0; 1902.1394; 170; 418.2; 
567; 0; 1901.3222; 170; 418.4; 
567; 0; 1900.5314; 170; 418.6; 
567; 0; 1899.7462; 170; 418.8; 
567; 0; 1898.9231; 170; 419; 
567; 0; 1898.0439; 170; 419.2; 
567; 0; 1897.1267; 170; 419.4; 
567; 0; 1896.1844; 170; 419.6; 
567; 0; 1895.2264; 170; 419.8; 
567; 0; 1894.259; 170; 420; 
567; 0; 1893.2864; 170; 420.2; 
567; 0; 1892.3116; 170; 420.4; 
567; 0; 1891.3361; 170; 420.6; 
567; 0; 1890.3923; 170; 420.8; 
567; 0; 1889.4918; 170; 421; 
567; 0; 1888.6445; 170; 421.2; 
567; 0; 1887.8786; 170; 421.4; 
567; 0; 1887.175; 170; 421.6; 
567; 0; 1886.5241; 170; 421.8; 
567; 0; 1885.9426; 170; 422; 
567; 0; 1885.4367; 170; 422.2; 
567; 0; 1885.0051; 170; 422.4; 
567; 0; 1884.6429; 170; 422.6; 
567; 0; 1884.3432; 170; 422.8; 
567; 0; 1884.098; 170; 423; 
567; 0; 1883.9305; 170; 423.2; 
567; 0; 1883.8444; 170; 423.4; 
567; 0; 1883.8116; 170; 423.6; 
567; 0; 1883.8431; 170; 423.8; 
567; 0; 1883.9364; 170; 424; 
567; 0; 1884.0609; 170; 424.2; 
567; 0; 1884.2273; 170; 424.4; 
567; 0; 1884.4344; 170; 424.6; 
567; 0; 1884.6842; 170; 424.8; 
567; 0; 1884.9706; 170; 425; 
567; 0; 1885.2613; 170; 425.2; 
567; 0; 1885.5689; 170; 425.4; 
567; 0; 1885.8938; 170; 425.6; 
567; 0; 1886.2098; 170; 425.8; 
567; 0; 1886.502; 170; 426; 
567; 0; 1886.7628; 170; 426.2; 
567; 0; 1886.9899; 170; 426.4; 
567; 0; 1887.1834; 170; 426.6; 
567; 0; 1887.3456; 170; 426.8; 
567; 0; 1887.4797; 170; 427; 
567; 0; 1887.5891; 170; 427.2; 
567; 0; 1887.6465; 170; 427.4; 
567; 0; 1887.6437; 170; 427.6; 
567; 0; 1887.6055; 170; 427.8; 
567; 0; 1887.5796; 170; 428; 
567; 0; 1887.5881; 170; 428.2; 
567; 0; 1887.6166; 170; 428.4; 
567; 0; 1887.6862; 170; 428.6; 
567; 0; 1887.8019; 170; 428.8; 
567; 0; 1887.9383; 170; 429; 
567; 0; 1888.1099; 170; 429.2; 
567; 0; 1888.2872; 170; 429.4; 
567; 0; 1888.4318; 170; 429.6; 
567; 0; 1888.5487; 170; 429.8; 
567; 0; 1888.6424; 170; 430; 
567; 0; 1888.7169; 170; 430.2; 
567; 0; 1888.7448; 170; 430.4; 
567; 0; 1888.7176; 170; 430.6; 
567; 0; 1888.6596; 170; 430.8; 
567; 0; 1888.5556; 170; 431; 
567; 0; 1888.4049; 170; 431.2; 
567; 0; 1888.2042; 170; 431.4; 
567; 0; 1887.9291; 170; 431.6; 
567; 0; 1887.6003; 170; 431.8; 
567; 0; 1887.228; 170; 432; 
567; 0; 1886.8261; 170; 432.2; 
567; 0; 1886.4303; 170; 432.4; 
567; 0; 1886.0615; 170; 432.6; 
567; 0; 1885.6994; 170; 432.8; 
567; 0; 1885.3369; 170; 433; 
567; 0; 1884.9645; 170; 433.2; 
567; 0; 1884.5517; 170; 433.4; 
567; 0; 1884.0824; 170; 433.6; 
567; 0; 1883.5506; 170; 433.8; 
567; 0; 1882.9567; 170; 434; 
567; 0; 1882.3352; 170; 434.2; 
567; 0; 1881.7031; 170; 434.4; 
567; 0; 1881.0763; 170; 434.6; 
567; 0; 1880.4586; 170; 434.8; 
567; 0; 1879.8571; 170; 435; 
567; 0; 1879.2696; 170; 435.2; 
567; 0; 1878.6996; 170; 435.4; 
567; 0; 1878.1427; 170; 435.6; 
567; 0; 1877.6008; 170; 435.8; 
567; 0; 1877.0689; 170; 436; 
567; 0; 1876.5489; 170; 436.2; 
567; 0; 1876.0359; 170; 436.4; 
567; 0; 1875.5008; 170; 436.6; 
567; 0; 1874.9278; 170; 436.8; 
567; 0; 1874.3096; 170; 437; 
567; 0; 1873.6449; 170; 437.2; 
567; 0; 1872.9353; 170; 437.4; 
567; 0; 1872.1536; 170; 437.6; 
567; 0; 1871.293; 170; 437.8; 
567; 0; 1870.3802; 170; 438; 
567; 0; 1869.434; 170; 438.2; 
567; 0; 1868.4673; 170; 438.4; 
567; 0; 1867.4891; 170; 438.6; 
567; 0; 1866.5053; 170; 438.8; 
567; 0; 1865.5201; 170; 439; 
567; 0; 1864.5354; 170; 439.2; 
567; 0; 1863.5839; 170; 439.4; 
567; 0; 1862.6774; 170; 439.6; 
567; 0; 1861.7943; 170; 439.8; 
567; 0; 1860.9518; 170; 440; 
567; 0; 1860.1521; 170; 440.2; 
567; 0; 1859.3993; 170; 440.4; 
567; 0; 1858.7188; 170; 440.6; 
567; 0; 1858.0904; 170; 440.8; 
567; 0; 1857.5044; 170; 441; 
567; 0; 1857.009; 170; 441.2; 
567; 0; 1856.6223; 170; 441.4; 
567; 0; 1856.3229; 170; 441.6; 
567; 0; 1856.0929; 170; 441.8; 
567; 0; 1855.8865; 170; 442; 
567; 0; 1855.6805; 170; 442.2; 
567; 0; 1855.487; 170; 442.4; 
567; 0; 1855.3433; 170; 442.6; 
567; 0; 1855.263; 170; 442.8; 
567; 0; 1855.2563; 170; 443; 
567; 0; 1855.319; 170; 443.2; 
567; 0; 1855.4498; 170; 443.4; 
567; 0; 1855.639; 170; 443.6; 
567; 0; 1855.8514; 170; 443.8; 
567; 0; 1856.0953; 170; 444; 
567; 0; 1856.3689; 170; 444.2; 
567; 0; 1856.6433; 170; 444.4; 
567; 0; 1856.9325; 170; 444.6; 
567; 0; 1857.3314; 170; 444.8; 
567; 0; 1857.9415; 170; 445; 
567; 0; 1858.8412; 170; 445.2; 
567; 0; 1860.1477; 170; 445.4; 
567; 0; 1861.927; 170; 445.6; 
567; 0; 1864.1954; 170; 445.8; 
567; 0; 1866.9598; 170; 446; 
567; 0; 1870.1641; 170; 446.2; 
567; 0; 1873.6924; 170; 446.4; 
567; 0; 1877.4314; 170; 446.6; 
567; 0; 1881.2397; 170; 446.8; 
567; 0; 1884.978; 170; 447; 
567; 0; 1888.5371; 170; 447.2; 
567; 0; 1891.806; 170; 447.4; 
567; 0; 1894.7103; 170; 447.6; 
567; 0; 1897.2274; 170; 447.8; 
567; 0; 1899.3358; 170; 448; 
567; 0; 1901.0519; 170; 448.2; 
567; 0; 1902.4031; 170; 448.4; 
567; 0; 1903.4327; 170; 448.6; 
567; 0; 1904.2416; 170; 448.8; 
567; 0; 1904.9286; 170; 449; 
567; 0; 1905.5591; 170; 449.2; 
567; 0; 1906.1752; 170; 449.4; 
567; 0; 1906.8338; 170; 449.6; 
567; 0; 1907.5916; 170; 449.8; 
567; 0; 1908.4765; 170; 450; 
567; 0; 1909.4975; 170; 450.2; 
567; 0; 1910.683; 170; 450.4; 
567; 0; 1912.0349; 170; 450.6; 
567; 0; 1913.5186; 170; 450.8; 
567; 0; 1915.1062; 170; 451; 
567; 0; 1916.8058; 170; 451.2; 
567; 0; 1918.6106; 170; 451.4; 
567; 0; 1920.4844; 170; 451.6; 
567; 0; 1922.3709; 170; 451.8; 
567; 0; 1924.2411; 170; 452; 
567; 0; 1926.1049; 170; 452.2; 
567; 0; 1927.9374; 170; 452.4; 
567; 0; 1929.7309; 170; 452.6; 
567; 0; 1931.4778; 170; 452.8; 
567; 0; 1933.1817; 170; 453; 
567; 0; 1934.8423; 170; 453.2; 
567; 0; 1936.4358; 170; 453.4; 
567; 0; 1937.9834; 170; 453.6; 
567; 0; 1939.4949; 170; 453.8; 
567; 0; 1940.9526; 170; 454; 
567; 0; 1942.3491; 170; 454.2; 
567; 0; 1943.6527; 170; 454.4; 
567; 0; 1944.8555; 170; 454.6; 
567; 0; 1945.9844; 170; 454.8; 
567; 0; 1947.0594; 170; 455; 
567; 0; 1948.0649; 170; 455.2; 
567; 0; 1948.97; 170; 455.4; 
567; 0; 1949.762; 170; 455.6; 
567; 0; 1950.4405; 170; 455.8; 
567; 0; 1950.9806; 170; 456; 
567; 0; 1951.3502; 170; 456.2; 
567; 0; 1951.5401; 170; 456.4; 
567; 0; 1951.5869; 170; 456.6; 
567; 0; 1951.5151; 170; 456.8; 
567; 0; 1951.3206; 170; 457; 
567; 0; 1951.0081; 170; 457.2; 
567; 0; 1950.5875; 170; 457.4; 
567; 0; 1950.0709; 170; 457.6; 
567; 0; 1949.4714; 170; 457.8; 
567; 0; 1948.7704; 170; 458; 
567; 0; 1947.9682; 170; 458.2; 
567; 0; 1947.0967; 170; 458.4; 
567; 0; 1946.1478; 170; 458.6; 
567; 0; 1945.0956; 170; 458.8; 
567; 0; 1943.9617; 170; 459; 
567; 0; 1942.7584; 170; 459.2; 
567; 0; 1941.5026; 170; 459.4; 
567; 0; 1940.2328; 170; 459.6; 
567; 0; 1938.9727; 170; 459.8; 
567; 0; 1937.7669; 170; 460; 
567; 0; 1936.6332; 170; 460.2; 
567; 0; 1935.5522; 170; 460.4; 
567; 0; 1934.5402; 170; 460.6; 
567; 0; 1933.5976; 170; 460.8; 
567; 0; 1932.695; 170; 461; 
567; 0; 1931.8123; 170; 461.2; 
567; 0; 1930.9368; 170; 461.4; 
567; 0; 1930.0602; 170; 461.6; 
567; 0; 1929.2089; 170; 461.8; 
567; 0; 1928.3917; 170; 462; 
567; 0; 1927.6171; 170; 462.2; 
567; 0; 1926.8823; 170; 462.4; 
567; 0; 1926.1886; 170; 462.6; 
567; 0; 1925.5602; 170; 462.8; 
567; 0; 1925.0074; 170; 463; 
567; 0; 1924.5629; 170; 463.2; 
567; 0; 1924.2345; 170; 463.4; 
567; 0; 1923.9942; 170; 463.6; 
567; 0; 1923.8202; 170; 463.8; 
567; 0; 1923.6956; 170; 464; 
567; 0; 1923.6078; 170; 464.2; 
567; 0; 1923.5468; 170; 464.4; 
567; 0; 1923.5054; 170; 464.6; 
567; 0; 1923.4782; 170; 464.8; 
567; 0; 1923.4609; 170; 465; 
567; 0; 1923.4506; 170; 465.2; 
567; 0; 1923.4452; 170; 465.4; 
567; 0; 1923.4429; 170; 465.6; 
567; 0; 1923.4428; 170; 465.8; 
567; 0; 1923.4441; 170; 466; 
567; 0; 1923.4775; 170; 466.2; 
567; 0; 1923.5845; 170; 466.4; 
567; 0; 1923.7549; 170; 466.6; 
567; 0; 1923.9843; 170; 466.8; 
567; 0; 1924.292; 170; 467; 
567; 0; 1924.6544; 170; 467.2; 
567; 0; 1925.0284; 170; 467.4; 
567; 0; 1925.3569; 170; 467.6; 
567; 0; 1925.5521; 170; 467.8; 
567; 0; 1925.5132; 170; 468; 
567; 0; 1925.1685; 170; 468.2; 
567; 0; 1924.4935; 170; 468.4; 
567; 0; 1923.4622; 170; 468.6; 
567; 0; 1922.0542; 170; 468.8; 
567; 0; 1920.2796; 170; 469; 
567; 0; 1918.1658; 170; 469.2; 
567; 0; 1915.7493; 170; 469.4; 
567; 0; 1913.1002; 170; 469.6; 
567; 0; 1910.2997; 170; 469.8; 
567; 0; 1907.4046; 170; 470; 
567; 0; 1904.4545; 170; 470.2; 
567; 0; 1901.5065; 170; 470.4; 
567; 0; 1898.6207; 170; 470.6; 
567; 0; 1895.8285; 170; 470.8; 
567; 0; 1893.1433; 170; 471; 
567; 0; 1890.5666; 170; 471.2; 
567; 0; 1888.1238; 170; 471.4; 
567; 0; 1885.8169; 170; 471.6; 
567; 0; 1883.6442; 170; 471.8; 
567; 0; 1881.5916; 170; 472; 
567; 0; 1879.6487; 170; 472.2; 
567; 0; 1877.7979; 170; 472.4; 
567; 0; 1876.0282; 170; 472.6; 
567; 0; 1874.3234; 170; 472.8; 
567; 0; 1872.6752; 170; 473; 
567; 0; 1871.101; 170; 473.2; 
567; 0; 1869.6069; 170; 473.4; 
567; 0; 1868.1917; 170; 473.6; 
567; 0; 1866.8501; 170; 473.8; 
567; 0; 1865.6055; 170; 474; 
567; 0; 1864.4609; 170; 474.2; 
567; 0; 1863.3865; 170; 474.4; 
567; 0; 1862.3913; 170; 474.6; 
567; 0; 1861.4711; 170; 474.8; 
567; 0; 1860.6238; 170; 475; 
567; 0; 1859.8386; 170; 475.2; 
567; 0; 1859.1112; 170; 475.4; 
567; 0; 1858.4297; 170; 475.6; 
567; 0; 1857.7591; 170; 475.8; 
567; 0; 1857.1086; 170; 476; 
567; 0; 1856.4773; 170; 476.2; 
567; 0; 1855.8379; 170; 476.4; 
567; 0; 1855.1746; 170; 476.6; 
567; 0; 1854.5104; 170; 476.8; 
567; 0; 1853.8535; 170; 477; 
567; 0; 1853.2138; 170; 477.2; 
567; 0; 1852.6218; 170; 477.4; 
567; 0; 1852.0927; 170; 477.6; 
567; 0; 1851.6321; 170; 477.8; 
567; 0; 1851.2698; 170; 478; 
567; 0; 1851.0129; 170; 478.2; 
567; 0; 1850.8643; 170; 478.4; 
567; 0; 1850.8452; 170; 478.6; 
567; 0; 1850.9296; 170; 478.8; 
567; 0; 1851.1012; 170; 479; 
567; 0; 1851.3706; 170; 479.2; 
567; 0; 1851.7389; 170; 479.4; 
567; 0; 1852.2004; 170; 479.6; 
567; 0; 1852.7462; 170; 479.8; 
567; 0; 1853.3665; 170; 480; 
567; 0; 1854.0506; 170; 480.2; 
567; 0; 1854.7887; 170; 480.4; 
567; 0; 1855.5718; 170; 480.6; 
567; 0; 1856.4227; 170; 480.8; 
567; 0; 1857.3769; 170; 481; 
567; 0; 1858.4494; 170; 481.2; 
567; 0; 1859.6419; 170; 481.4; 
567; 0; 1860.9173; 170; 481.6; 
567; 0; 1862.2542; 170; 481.8; 
567; 0; 1863.6311; 170; 482; 
567; 0; 1865.0379; 170; 482.2; 
567; 0; 1866.4617; 170; 482.4; 
567; 0; 1867.8682; 170; 482.6; 
567; 0; 1869.2383; 170; 482.8; 
567; 0; 1870.5623; 170; 483; 
567; 0; 1871.8377; 170; 483.2; 
567; 0; 1873.0658; 170; 483.4; 
567; 0; 1874.2501; 170; 483.6; 
567; 0; 1875.395; 170; 483.8; 
567; 0; 1876.475; 170; 484; 
567; 0; 1877.4837; 170; 484.2; 
567; 0; 1878.4163; 170; 484.4; 
567; 0; 1879.2798; 170; 484.6; 
567; 0; 1880.0772; 170; 484.8; 
567; 0; 1880.8193; 170; 485; 
567; 0; 1881.5106; 170; 485.2; 
567; 0; 1882.1621; 170; 485.4; 
567; 0; 1882.7774; 170; 485.6; 
567; 0; 1883.3349; 170; 485.8; 
567; 0; 1883.8253; 170; 486; 
567; 0; 1884.2471; 170; 486.2; 
567; 0; 1884.6033; 170; 486.4; 
567; 0; 1884.8995; 170; 486.6; 
567; 0; 1885.1116; 170; 486.8; 
567; 0; 1885.2046; 170; 487; 
567; 0; 1885.1957; 170; 487.2; 
567; 0; 1885.0959; 170; 487.4; 
567; 0; 1884.9222; 170; 487.6; 
567; 0; 1884.7151; 170; 487.8; 
567; 0; 1884.5003; 170; 488; 
567; 0; 1884.2936; 170; 488.2; 
567; 0; 1884.1039; 170; 488.4; 
567; 0; 1883.9356; 170; 488.6; 
567; 0; 1883.7898; 170; 488.8; 
567; 0; 1883.6662; 170; 489; 
567; 0; 1883.5633; 170; 489.2; 
567; 0; 1883.4786; 170; 489.4; 
567; 0; 1883.4103; 170; 489.6; 
567; 0; 1883.3866; 170; 489.8; 
567; 0; 1883.4168; 170; 490; 
567; 0; 1883.4773; 170; 490.2; 
567; 0; 1883.5525; 170; 490.4; 
567; 0; 1883.632; 170; 490.6; 
567; 0; 1883.7097; 170; 490.8; 
567; 0; 1883.7818; 170; 491; 
567; 0; 1883.8465; 170; 491.2; 
567; 0; 1883.9033; 170; 491.4; 
567; 0; 1883.952; 170; 491.6; 
567; 0; 1883.9934; 170; 491.8; 
567; 0; 1884.0281; 170; 492; 
567; 0; 1884.057; 170; 492.2; 
567; 0; 1884.0809; 170; 492.4; 
567; 0; 1884.1006; 170; 492.6; 
567; 0; 1884.1169; 170; 492.8; 
567; 0; 1884.1302; 170; 493; 
567; 0; 1884.1412; 170; 493.2; 
567; 0; 1884.1504; 170; 493.4; 
567; 0; 1884.1582; 170; 493.6; 
567; 0; 1884.165; 170; 493.8; 
567; 0; 1884.1708; 170; 494; 
567; 0; 1884.1763; 170; 494.2; 
567; 0; 1884.1813; 170; 494.4; 
567; 0; 1884.2172; 170; 494.6; 
567; 0; 1884.2952; 170; 494.8; 
567; 0; 1884.3939; 170; 495; 
567; 0; 1884.4682; 170; 495.2; 
567; 0; 1884.4985; 170; 495.4; 
567; 0; 1884.501; 170; 495.6; 
567; 0; 1884.4564; 170; 495.8; 
567; 0; 1884.33; 170; 496; 
567; 0; 1884.1371; 170; 496.2; 
567; 0; 1883.8855; 170; 496.4; 
567; 0; 1883.5576; 170; 496.6; 
567; 0; 1883.1473; 170; 496.8; 
567; 0; 1882.6247; 170; 497; 
567; 0; 1881.9843; 170; 497.2; 
567; 0; 1881.2554; 170; 497.4; 
567; 0; 1880.4295; 170; 497.6; 
567; 0; 1879.5127; 170; 497.8; 
567; 0; 1878.5086; 170; 498; 
567; 0; 1877.4295; 170; 498.2; 
567; 0; 1876.2823; 170; 498.4; 
567; 0; 1875.0799; 170; 498.6; 
567; 0; 1873.8282; 170; 498.8; 
567; 0; 1872.5389; 170; 499; 
567; 0; 1871.2157; 170; 499.2; 
567; 0; 1869.8993; 170; 499.4; 
567; 0; 1868.6335; 170; 499.6; 
567; 0; 1867.416; 170; 499.8; 
567; 0; 1866.2421; 170; 500; 
567; 0; 1865.1067; 170; 500.2; 
567; 0; 1864.0043; 170; 500.4; 
567; 0; 1862.9298; 170; 500.6; 
567; 0; 1861.8785; 170; 500.8; 
567; 0; 1860.8461; 170; 501; 
567; 0; 1859.829; 170; 501.2; 
567; 0; 1858.8551; 170; 501.4; 
567; 0; 1857.9642; 170; 501.6; 
567; 0; 1857.1438; 170; 501.8; 
567; 0; 1856.3877; 170; 502; 
567; 0; 1855.7454; 170; 502.2; 
567; 0; 1855.2339; 170; 502.4; 
567; 0; 1854.8608; 170; 502.6; 
567; 0; 1854.6175; 170; 502.8; 
567; 0; 1854.4963; 170; 503; 
567; 0; 1854.4803; 170; 503.2; 
567; 0; 1854.5272; 170; 503.4; 
567; 0; 1854.6397; 170; 503.6; 
567; 0; 1854.8099; 170; 503.8; 
567; 0; 1855.004; 170; 504; 
567; 0; 1855.2318; 170; 504.2; 
567; 0; 1855.5225; 170; 504.4; 
567; 0; 1855.8589; 170; 504.6; 
567; 0; 1856.2333; 170; 504.8; 
567; 0; 1856.6648; 170; 505; 
567; 0; 1857.13; 170; 505.2; 
567; 0; 1857.6188; 170; 505.4; 
567; 0; 1858.1491; 170; 505.6; 
567; 0; 1858.7292; 170; 505.8; 
567; 0; 1859.3614; 170; 506; 
567; 0; 1860.0435; 170; 506.2; 
567; 0; 1860.7716; 170; 506.4; 
567; 0; 1861.5716; 170; 506.6; 
567; 0; 1862.4491; 170; 506.8; 
567; 0; 1863.3774; 170; 507; 
567; 0; 1864.3375; 170; 507.2; 
567; 0; 1865.3162; 170; 507.4; 
567; 0; 1866.3043; 170; 507.6; 
567; 0; 1867.296; 170; 507.8; 
567; 0; 1868.2874; 170; 508; 
567; 0; 1869.3071; 170; 508.2; 
567; 0; 1870.4274; 170; 508.4; 
567; 0; 1871.7414; 170; 508.6; 
567; 0; 1873.3501; 170; 508.8; 
567; 0; 1875.3523; 170; 509; 
567; 0; 1877.8094; 170; 509.2; 
567; 0; 1880.7308; 170; 509.4; 
567; 0; 1884.0949; 170; 509.6; 
567; 0; 1887.8319; 170; 509.8; 
567; 0; 1891.8526; 170; 510; 
567; 0; 1896.057; 170; 510.2; 
567; 0; 1900.3491; 170; 510.4; 
567; 0; 1904.6049; 170; 510.6; 
567; 0; 1908.7017; 170; 510.8; 
567; 0; 1912.5454; 170; 511; 
567; 0; 1916.0381; 170; 511.2; 
567; 0; 1919.148; 170; 511.4; 
567; 0; 1921.8734; 170; 511.6; 
567; 0; 1924.2104; 170; 511.8; 
567; 0; 1926.2103; 170; 512; 
567; 0; 1927.9493; 170; 512.2; 
567; 0; 1929.4877; 170; 512.4; 
567; 0; 1930.8732; 170; 512.6; 
567; 0; 1932.1739; 170; 512.8; 
567; 0; 1933.461; 170; 513; 
567; 0; 1934.7465; 170; 513.2; 
567; 0; 1936.0428; 170; 513.4; 
567; 0; 1937.3515; 170; 513.6; 
567; 0; 1938.6469; 170; 513.8; 
567; 0; 1939.9149; 170; 514; 
567; 0; 1941.1486; 170; 514.2; 
567; 0; 1942.3149; 170; 514.4; 
567; 0; 1943.4037; 170; 514.6; 
567; 0; 1944.4082; 170; 514.8; 
567; 0; 1945.3037; 170; 515; 
567; 0; 1946.0821; 170; 515.2; 
567; 0; 1946.7458; 170; 515.4; 
567; 0; 1947.2715; 170; 515.6; 
567; 0; 1947.6286; 170; 515.8; 
567; 0; 1947.7773; 170; 516; 
567; 0; 1947.6502; 170; 516.2; 
567; 0; 1947.1974; 170; 516.4; 
567; 0; 1946.3778; 170; 516.6; 
567; 0; 1945.163; 170; 516.8; 
567; 0; 1943.5593; 170; 517; 
567; 0; 1941.5934; 170; 517.2; 
567; 0; 1939.2713; 170; 517.4; 
567; 0; 1936.6231; 170; 517.6; 
567; 0; 1933.7114; 170; 517.8; 
567; 0; 1930.5891; 170; 518; 
567; 0; 1927.3306; 170; 518.2; 
567; 0; 1923.9831; 170; 518.4; 
567; 0; 1920.5848; 170; 518.6; 
567; 0; 1917.1561; 170; 518.8; 
567; 0; 1913.7162; 170; 519; 
567; 0; 1910.3028; 170; 519.2; 
567; 0; 1906.9057; 170; 519.4; 
567; 0; 1903.5231; 170; 519.6; 
567; 0; 1900.1788; 170; 519.8; 
567; 0; 1896.8846; 170; 520; 
567; 0; 1893.6444; 170; 520.2; 
567; 0; 1890.4887; 170; 520.4; 
567; 0; 1887.4248; 170; 520.6; 
567; 0; 1884.4572; 170; 520.8; 
567; 0; 1881.5775; 170; 521; 
567; 0; 1878.7807; 170; 521.2; 
567; 0; 1876.0848; 170; 521.4; 
567; 0; 1873.5256; 170; 521.6; 
567; 0; 1871.1107; 170; 521.8; 
567; 0; 1868.8106; 170; 522; 
567; 0; 1866.6316; 170; 522.2; 
567; 0; 1864.5653; 170; 522.4; 
567; 0; 1862.5744; 170; 522.6; 
567; 0; 1860.663; 170; 522.8; 
567; 0; 1858.8237; 170; 523; 
567; 0; 1857.0529; 170; 523.2; 
567; 0; 1855.3705; 170; 523.4; 
567; 0; 1853.8138; 170; 523.6; 
567; 0; 1852.3921; 170; 523.8; 
567; 0; 1851.1087; 170; 524; 
567; 0; 1849.9826; 170; 524.2; 
567; 0; 1849.016; 170; 524.4; 
567; 0; 1848.201; 170; 524.6; 
567; 0; 1847.5237; 170; 524.8; 
567; 0; 1846.9677; 170; 525; 
567; 0; 1846.5163; 170; 525.2; 
567; 0; 1846.1224; 170; 525.4; 
567; 0; 1845.76; 170; 525.6; 
567; 0; 1845.4375; 170; 525.8; 
567; 0; 1845.1576; 170; 526; 
567; 0; 1844.9193; 170; 526.2; 
567; 0; 1844.6869; 170; 526.4; 
567; 0; 1844.444; 170; 526.6; 
567; 0; 1844.171; 170; 526.8; 
567; 0; 1843.8637; 170; 527; 
567; 0; 1843.5156; 170; 527.2; 
567; 0; 1843.0931; 170; 527.4; 
567; 0; 1842.6191; 170; 527.6; 
567; 0; 1842.1039; 170; 527.8; 
567; 0; 1841.5236; 170; 528; 
567; 0; 1840.9066; 170; 528.2; 
567; 0; 1840.2653; 170; 528.4; 
567; 0; 1839.6151; 170; 528.6; 
567; 0; 1838.9974; 170; 528.8; 
567; 0; 1838.4352; 170; 529; 
567; 0; 1837.9771; 170; 529.2; 
567; 0; 1837.6394; 170; 529.4; 
567; 0; 1837.431; 170; 529.6; 
567; 0; 1837.343; 170; 529.8; 
567; 0; 1837.3695; 170; 530; 
567; 0; 1837.494; 170; 530.2; 
567; 0; 1837.7071; 170; 530.4; 
567; 0; 1838.0302; 170; 530.6; 
567; 0; 1838.4692; 170; 530.8; 
567; 0; 1839.0175; 170; 531; 
567; 0; 1839.6576; 170; 531.2; 
567; 0; 1840.3707; 170; 531.4; 
567; 0; 1841.1416; 170; 531.6; 
567; 0; 1841.9886; 170; 531.8; 
567; 0; 1842.9129; 170; 532; 
567; 0; 1843.9158; 170; 532.2; 
567; 0; 1845.0192; 170; 532.4; 
567; 0; 1846.1995; 170; 532.6; 
567; 0; 1847.443; 170; 532.8; 
567; 0; 1848.7949; 170; 533; 
567; 0; 1850.2701; 170; 533.2; 
567; 0; 1851.8444; 170; 533.4; 
567; 0; 1853.4979; 170; 533.6; 
567; 0; 1855.214; 170; 533.8; 
567; 0; 1857.0099; 170; 534; 
567; 0; 1858.8864; 170; 534.2; 
567; 0; 1860.8441; 170; 534.4; 
567; 0; 1862.8734; 170; 534.6; 
567; 0; 1864.9696; 170; 534.8; 
567; 0; 1867.121; 170; 535; 
567; 0; 1869.3225; 170; 535.2; 
567; 0; 1871.563; 170; 535.4; 
567; 0; 1873.8077; 170; 535.6; 
567; 0; 1876.0359; 170; 535.8; 
567; 0; 1878.2364; 170; 536; 
567; 0; 1880.404; 170; 536.2; 
567; 0; 1882.5068; 170; 536.4; 
567; 0; 1884.504; 170; 536.6; 
567; 0; 1886.4083; 170; 536.8; 
567; 0; 1888.2282; 170; 537; 
567; 0; 1889.947; 170; 537.2; 
567; 0; 1891.5307; 170; 537.4; 
567; 0; 1892.9719; 170; 537.6; 
567; 0; 1894.2695; 170; 537.8; 
567; 0; 1895.4366; 170; 538; 
567; 0; 1896.4837; 170; 538.2; 
567; 0; 1897.398; 170; 538.4; 
567; 0; 1898.2112; 170; 538.6; 
567; 0; 1898.9425; 170; 538.8; 
567; 0; 1899.5516; 170; 539; 
567; 0; 1900.0272; 170; 539.2; 
567; 0; 1900.3649; 170; 539.4; 
567; 0; 1900.5449; 170; 539.6; 
567; 0; 1900.5645; 170; 539.8; 
567; 0; 1900.4315; 170; 540; 
567; 0; 1900.1289; 170; 540.2; 
567; 0; 1899.6614; 170; 540.4; 
567; 0; 1899.0677; 170; 540.6; 
567; 0; 1898.378; 170; 540.8; 
567; 0; 1897.5847; 170; 541; 
567; 0; 1896.695; 170; 541.2; 
567; 0; 1895.7131; 170; 541.4; 
567; 0; 1894.6216; 170; 541.6; 
567; 0; 1893.4163; 170; 541.8; 
567; 0; 1892.1015; 170; 542; 
567; 0; 1890.6863; 170; 542.2; 
567; 0; 1889.1817; 170; 542.4; 
567; 0; 1887.5997; 170; 542.6; 
567; 0; 1885.9519; 170; 542.8; 
567; 0; 1884.2801; 170; 543; 
567; 0; 1882.6052; 170; 543.2; 
567; 0; 1880.945; 170; 543.4; 
567; 0; 1879.3349; 170; 543.6; 
567; 0; 1877.7619; 170; 543.8; 
567; 0; 1876.2214; 170; 544; 
567; 0; 1874.7033; 170; 544.2; 
567; 0; 1873.2057; 170; 544.4; 
567; 0; 1871.7522; 170; 544.6; 
567; 0; 1870.3226; 170; 544.8; 
567; 0; 1868.9092; 170; 545; 
567; 0; 1867.5322; 170; 545.2; 
567; 0; 1866.2012; 170; 545.4; 
567; 0; 1864.9194; 170; 545.6; 
567; 0; 1863.6855; 170; 545.8; 
567; 0; 1862.4961; 170; 546; 
567; 0; 1861.3776; 170; 546.2; 
567; 0; 1860.336; 170; 546.4; 
567; 0; 1859.3445; 170; 546.6; 
567; 0; 1858.3844; 170; 546.8; 
567; 0; 1857.4737; 170; 547; 
567; 0; 1856.6148; 170; 547.2; 
567; 0; 1855.8114; 170; 547.4; 
567; 0; 1855.0881; 170; 547.6; 
567; 0; 1854.4549; 170; 547.8; 
567; 0; 1853.9121; 170; 548; 
567; 0; 1853.4548; 170; 548.2; 
567; 0; 1853.075; 170; 548.4; 
567; 0; 1852.7635; 170; 548.6; 
567; 0; 1852.5107; 170; 548.8; 
567; 0; 1852.3074; 170; 549; 
567; 0; 1852.1453; 170; 549.2; 
567; 0; 1852.017; 170; 549.4; 
567; 0; 1851.9163; 170; 549.6; 
567; 0; 1851.8375; 170; 549.8; 
567; 0; 1851.7765; 170; 550; 
567; 0; 1851.7604; 170; 550.2; 
567; 0; 1851.7975; 170; 550.4; 
567; 0; 1851.895; 170; 550.6; 
567; 0; 1852.048; 170; 550.8; 
567; 0; 1852.2249; 170; 551; 
567; 0; 1852.4054; 170; 551.2; 
567; 0; 1852.5776; 170; 551.4; 
567; 0; 1852.7345; 170; 551.6; 
567; 0; 1852.8731; 170; 551.8; 
567; 0; 1852.9926; 170; 552; 
567; 0; 1853.0627; 170; 552.2; 
567; 0; 1853.0735; 170; 552.4; 
567; 0; 1853.0175; 170; 552.6; 
567; 0; 1852.8995; 170; 552.8; 
567; 0; 1852.7516; 170; 553; 
567; 0; 1852.5945; 170; 553.2; 
567; 0; 1852.4413; 170; 553.4; 
567; 0; 1852.268; 170; 553.6; 
567; 0; 1852.0672; 170; 553.8; 
567; 0; 1851.8614; 170; 554; 
567; 0; 1851.6643; 170; 554.2; 
567; 0; 1851.4524; 170; 554.4; 
567; 0; 1851.2178; 170; 554.6; 
567; 0; 1850.9828; 170; 554.8; 
567; 0; 1850.8224; 170; 555; 
567; 0; 1850.8595; 170; 555.2; 
567; 0; 1851.2427; 170; 555.4; 
567; 0; 1852.0911; 170; 555.6; 
567; 0; 1853.5097; 170; 555.8; 
567; 0; 1855.5476; 170; 556; 
567; 0; 1858.1719; 170; 556.2; 
567; 0; 1861.3283; 170; 556.4; 
567; 0; 1864.8916; 170; 556.6; 
567; 0; 1868.7433; 170; 556.8; 
567; 0; 1872.76; 170; 557; 
567; 0; 1876.8076; 170; 557.2; 
567; 0; 1880.7737; 170; 557.4; 
567; 0; 1884.5403; 170; 557.6; 
567; 0; 1888.023; 170; 557.8; 
567; 0; 1891.1891; 170; 558; 
567; 0; 1894.0065; 170; 558.2; 
567; 0; 1896.4512; 170; 558.4; 
567; 0; 1898.531; 170; 558.6; 
567; 0; 1900.3027; 170; 558.8; 
567; 0; 1901.8134; 170; 559; 
567; 0; 1903.111; 170; 559.2; 
567; 0; 1904.2627; 170; 559.4; 
567; 0; 1905.3166; 170; 559.6; 
567; 0; 1906.3382; 170; 559.8; 
567; 0; 1907.3937; 170; 560; 
567; 0; 1908.4896; 170; 560.2; 
567; 0; 1909.6324; 170; 560.4; 
567; 0; 1910.8183; 170; 560.6; 
567; 0; 1912.0162; 170; 560.8; 
567; 0; 1913.2076; 170; 561; 
567; 0; 1914.3506; 170; 561.2; 
567; 0; 1915.4287; 170; 561.4; 
567; 0; 1916.4614; 170; 561.6; 
567; 0; 1917.4632; 170; 561.8; 
567; 0; 1918.4135; 170; 562; 
567; 0; 1919.3087; 170; 562.2; 
567; 0; 1920.1754; 170; 562.4; 
567; 0; 1921.0004; 170; 562.6; 
567; 0; 1921.7525; 170; 562.8; 
567; 0; 1922.3869; 170; 563; 
567; 0; 1922.8577; 170; 563.2; 
567; 0; 1923.1168; 170; 563.4; 
567; 0; 1923.0913; 170; 563.6; 
567; 0; 1922.729; 170; 563.8; 
567; 0; 1922.0186; 170; 564; 
567; 0; 1920.9742; 170; 564.2; 
567; 0; 1919.6235; 170; 564.4; 
567; 0; 1918.0321; 170; 564.6; 
567; 0; 1916.2477; 170; 564.8; 
567; 0; 1914.3151; 170; 565; 
567; 0; 1912.3265; 170; 565.2; 
567; 0; 1910.3342; 170; 565.4; 
567; 0; 1908.3749; 170; 565.6; 
567; 0; 1906.4632; 170; 565.8; 
567; 0; 1904.61; 170; 566; 
567; 0; 1902.8439; 170; 566.2; 
567; 0; 1901.1771; 170; 566.4; 
567; 0; 1899.6106; 170; 566.6; 
567; 0; 1898.1392; 170; 566.8; 
567; 0; 1896.7542; 170; 567; 
567; 0; 1895.4765; 170; 567.2; 
567; 0; 1894.3067; 170; 567.4; 
567; 0; 1893.2441; 170; 567.6; 
567; 0; 1892.2768; 170; 567.8; 
567; 0; 1891.3663; 170; 568; 
567; 0; 1890.4865; 170; 568.2; 
567; 0; 1889.62; 170; 568.4; 
567; 0; 1888.7562; 170; 568.6; 
567; 0; 1887.919; 170; 568.8; 
567; 0; 1887.1159; 170; 569; 
567; 0; 1886.3238; 170; 569.2; 
567; 0; 1885.5282; 170; 569.4; 
567; 0; 1884.7206; 170; 569.6; 
567; 0; 1883.928; 170; 569.8; 
567; 0; 1883.1599; 170; 570; 
567; 0; 1882.3951; 170; 570.2; 
567; 0; 1881.6515; 170; 570.4; 
567; 0; 1880.9337; 170; 570.6; 
567; 0; 1880.2166; 170; 570.8; 
567; 0; 1879.5168; 170; 571; 
567; 0; 1878.8377; 170; 571.2; 
567; 0; 1878.1545; 170; 571.4; 
567; 0; 1877.4524; 170; 571.6; 
567; 0; 1876.7242; 170; 571.8; 
567; 0; 1875.967; 170; 572; 
567; 0; 1875.1809; 170; 572.2; 
567; 0; 1874.3366; 170; 572.4; 
567; 0; 1873.4256; 170; 572.6; 
567; 0; 1872.4414; 170; 572.8; 
567; 0; 1871.3899; 170; 573; 
567; 0; 1870.2733; 170; 573.2; 
567; 0; 1869.1017; 170; 573.4; 
567; 0; 1867.8795; 170; 573.6; 
567; 0; 1866.5861; 170; 573.8; 
567; 0; 1865.2449; 170; 574; 
567; 0; 1863.8672; 170; 574.2; 
567; 0; 1862.467; 170; 574.4; 
567; 0; 1861.0486; 170; 574.6; 
567; 0; 1859.6209; 170; 574.8; 
567; 0; 1858.1846; 170; 575; 
567; 0; 1856.7456; 170; 575.2; 
567; 0; 1855.3024; 170; 575.4; 
567; 0; 1853.8596; 170; 575.6; 
567; 0; 1852.4455; 170; 575.8; 
567; 0; 1851.0734; 170; 576; 
567; 0; 1849.7033; 170; 576.2; 
567; 0; 1848.3126; 170; 576.4; 
567; 0; 1846.9215; 170; 576.6; 
567; 0; 1845.5418; 170; 576.8; 
567; 0; 1844.1795; 170; 577; 
567; 0; 1842.8375; 170; 577.2; 
567; 0; 1841.4776; 170; 577.4; 
567; 0; 1840.1233; 170; 577.6; 
567; 0; 1838.8135; 170; 577.8; 
567; 0; 1837.5753; 170; 578; 
567; 0; 1836.4527; 170; 578.2; 
567; 0; 1835.4647; 170; 578.4; 
567; 0; 1834.6147; 170; 578.6; 
567; 0; 1833.8969; 170; 578.8; 
567; 0; 1833.3384; 170; 579; 
567; 0; 1832.9391; 170; 579.2; 
567; 0; 1832.6578; 170; 579.4; 
567; 0; 1832.463; 170; 579.6; 
567; 0; 1832.3694; 170; 579.8; 
567; 0; 1832.3734; 170; 580; 
567; 0; 1832.4345; 170; 580.2; 
567; 0; 1832.5259; 170; 580.4; 
567; 0; 1832.6294; 170; 580.6; 
567; 0; 1832.7341; 170; 580.8; 
567; 0; 1832.8712; 170; 581; 
567; 0; 1833.0515; 170; 581.2; 
567; 0; 1833.2846; 170; 581.4; 
567; 0; 1833.5669; 170; 581.6; 
567; 0; 1833.9001; 170; 581.8; 
567; 0; 1834.314; 170; 582; 
567; 0; 1834.8215; 170; 582.2; 
567; 0; 1835.4247; 170; 582.4; 
567; 0; 1836.1192; 170; 582.6; 
567; 0; 1836.897; 170; 582.8; 
567; 0; 1837.7433; 170; 583; 
567; 0; 1838.6698; 170; 583.2; 
567; 0; 1839.6713; 170; 583.4; 
567; 0; 1840.7145; 170; 583.6; 
567; 0; 1841.7776; 170; 583.8; 
567; 0; 1842.846; 170; 584; 
567; 0; 1843.9421; 170; 584.2; 
567; 0; 1845.0721; 170; 584.4; 
567; 0; 1846.2122; 170; 584.6; 
567; 0; 1847.3785; 170; 584.8; 
567; 0; 1848.5738; 170; 585; 
567; 0; 1849.7723; 170; 585.2; 
567; 0; 1850.9586; 170; 585.4; 
567; 0; 1852.1243; 170; 585.6; 
567; 0; 1853.2656; 170; 585.8; 
567; 0; 1854.3819; 170; 586; 
567; 0; 1855.4741; 170; 586.2; 
567; 0; 1856.544; 170; 586.4; 
567; 0; 1857.5944; 170; 586.6; 
567; 0; 1858.6279; 170; 586.8; 
567; 0; 1859.647; 170; 587; 
567; 0; 1860.6543; 170; 587.2; 
567; 0; 1861.6518; 170; 587.4; 
567; 0; 1862.6414; 170; 587.6; 
567; 0; 1863.6247; 170; 587.8; 
567; 0; 1864.603; 170; 588; 
567; 0; 1865.5464; 170; 588.2; 
567; 0; 1866.4136; 170; 588.4; 
567; 0; 1867.1845; 170; 588.6; 
567; 0; 1867.8529; 170; 588.8; 
567; 0; 1868.4214; 170; 589; 
567; 0; 1868.8971; 170; 589.2; 
567; 0; 1869.29; 170; 589.4; 
567; 0; 1869.5794; 170; 589.6; 
567; 0; 1869.7649; 170; 589.8; 
567; 0; 1869.8779; 170; 590; 
567; 0; 1869.9414; 170; 590.2; 
567; 0; 1869.9717; 170; 590.4; 
567; 0; 1869.9808; 170; 590.6; 
567; 0; 1869.9767; 170; 590.8; 
567; 0; 1869.9651; 170; 591; 
567; 0; 1869.95; 170; 591.2; 
567; 0; 1869.9337; 170; 591.4; 
567; 0; 1869.8869; 170; 591.6; 
567; 0; 1869.7991; 170; 591.8; 
567; 0; 1869.6612; 170; 592; 
567; 0; 1869.4762; 170; 592.2; 
567; 0; 1869.2433; 170; 592.4; 
567; 0; 1868.939; 170; 592.6; 
567; 0; 1868.5848; 170; 592.8; 
567; 0; 1868.1908; 170; 593; 
567; 0; 1867.74; 170; 593.2; 
567; 0; 1867.2564; 170; 593.4; 
567; 0; 1866.7508; 170; 593.6; 
567; 0; 1866.2365; 170; 593.8; 
567; 0; 1865.7475; 170; 594; 
567; 0; 1865.3021; 170; 594.2; 
567; 0; 1864.9089; 170; 594.4; 
567; 0; 1864.5699; 170; 594.6; 
567; 0; 1864.2832; 170; 594.8; 
567; 0; 1864.0749; 170; 595; 
567; 0; 1863.9515; 170; 595.2; 
567; 0; 1863.8855; 170; 595.4; 
567; 0; 1863.8884; 170; 595.6; 
567; 0; 1863.9576; 170; 595.8; 
567; 0; 1864.062; 170; 596; 
567; 0; 1864.1811; 170; 596.2; 
567; 0; 1864.3327; 170; 596.4; 
567; 0; 1864.5203; 170; 596.6; 
567; 0; 1864.7492; 170; 596.8; 
567; 0; 1865.0146; 170; 597; 
567; 0; 1865.317; 170; 597.2; 
567; 0; 1865.68; 170; 597.4; 
567; 0; 1866.0831; 170; 597.6; 
567; 0; 1866.517; 170; 597.8; 
567; 0; 1866.9691; 170; 598; 
567; 0; 1867.4362; 0; 598.2; 
567; 0; 0; 0; 598.4; 
567; 0; 0; 0; 598.6; 
567; 0; 0; 0; 598.8; 
567; 0; 0; 0; 599; 
567; 0; 0; 0; 599.2; 
567; 0; 0; 0; 599.4; 
567; 0; 0; 0; 599.6; 
567; 0; 0; 0; 599.8; 
567; 0; 0; 0; 600; 
567; 0; 0; 0; 600.2; 
567; 0; 0; 0; 600.4; 
567; 0; 0; 0; 600.6; 
567; 0; 0; 0; 600.8; 
567; 0; 0; 0; 601; 
567; 0; 0; 0; 601.2; 
567; 0; 0; 0; 601.4; 
567; 0; 0; 0; 601.6; 
567; 0; 0; 0; 601.8; 
567; 0; 0; 0; 602; 
567; 0; 0; 0; 602.2; 
567; 0; 0; 0; 602.4; 
567; 0; 0; 0; 602.6; 
567; 0; 0; 0; 602.8; 
567; 0; 0; 0; 603; 
567; 0; 0; 0; 603.2; 
567; 0; 0; 0; 603.4; 
567; 0; 0; 0; 603.6; 
567; 0; 0; 0; 603.8; 
567; 0; 0; 0; 604; 
567; 0; 0; 0; 604.2; 
567; 0; 0; 0; 604.4; 
567; 0; 0; 0; 604.6; 
567; 0; 0; 0; 604.8; 
567; 0; 0; 0; 605; 
567; 0; 0; 0; 605.2; 
567; 0; 0; 0; 605.4; 
567; 0; 0; 0; 605.6; 
567; 0; 0; 0; 605.8; 
567; 0; 0; 0; 606; 
567; 0; 0; 0; 606.2; 
567; 0; 0; 0; 606.4; 
567; 0; 0; 0; 606.6; 
567; 0; 0; 0; 606.8; 
567; 0; 0; 0; 607; 
567; 0; 0; 0; 607.2; 
567; 0; 0; 0; 607.4; 
567; 0; 0; 0; 607.6; 
567; 0; 0; 0; 607.8; 
567; 0; 0; 0; 608; 
567; 0; 0; 0; 608.2; 
567; 0; 0; 0; 608.4; 
567; 0; 0; 0; 608.6; 
567; 0; 0; 0; 608.8; 
567; 0; 0; 0; 609; 
567; 0; 0; 0; 609.2; 
567; 0; 0; 0; 609.4; 
567; 0; 0; 0; 609.6; 
567; 0; 0; 0; 609.8; 
567; 0; 0; 0; 610; 
567; 0; 0; 0; 610.2; 
567; 0; 0; 0; 610.4; 
567; 0; 0; 0; 610.6; 
567; 0; 0; 0; 610.8; 
567; 0; 0; 0; 611; 
567; 0; 0; 0; 611.2; 
567; 0; 0; 0; 611.4; 
567; 0; 0; 0; 611.6; 
567; 0; 0; 0; 611.8; 
567; 0; 0; 0; 612; 
567; 0; 0; 0; 612.2; 
567; 0; 0; 0; 612.4; 
567; 0; 0; 0; 612.6; 
567; 0; 0; 0; 612.8; 
567; 0; 0; 0; 613; 
567; 0; 0; 0; 613.2; 
567; 0; 0; 0; 613.4; 
567; 0; 0; 0; 613.6; 
567; 0; 0; 0; 613.8; 
567; 0; 0; 0; 614; 
567; 0; 0; 0; 614.2; 
567; 0; 0; 0; 614.4; 
567; 0; 0; 0; 614.6; 
567; 0; 0; 0; 614.8; 
567; 0; 0; 0; 615; 
567; 0; 0; 0; 615.2; 
567; 0; 0; 0; 615.4; 
567; 0; 0; 0; 615.6; 
567; 0; 0; 0; 615.8; 
567; 0; 0; 0; 616; 
567; 0; 0; 0; 616.2; 
567; 0; 0; 0; 616.4; 
567; 0; 0; 0; 616.6; 
567; 0; 0; 0; 616.8; 
567; 0; 0; 0; 617; 
567; 0; 0; 0; 617.2; 
567; 0; 0; 0; 617.4; 
567; 0; 0; 0; 617.6; 
567; 0; 0; 0; 617.8; 
567; 0; 0; 0; 618; 
567; 0; 0; 0; 618.2; 
567; 0; 0; 0; 618.4; 
567; 0; 0; 0; 618.6; 
567; 0; 0; 0; 618.8; 
567; 0; 0; 0; 619; 
567; 0; 0; 0; 619.2; 
567; 0; 0; 0; 619.4; 
567; 0; 0; 0; 619.6; 
567; 0; 0; 0; 619.8; 
567; 0; 0; 0; 620; 
567; 0; 0; 0; 620.2; 
567; 0; 0; 0; 620.4; 
567; 0; 0; 0; 620.6; 
567; 0; 0; 0; 620.8; 
567; 0; 0; 0; 621; 
567; 0; 0; 0; 621.2; 
567; 0; 0; 0; 621.4; 
567; 0; 0; 0; 621.6; 
567; 0; 0; 0; 621.8; 
567; 0; 0; 0; 622; 
567; 0; 0; 0; 622.2; 
567; 0; 0; 0; 622.4; 
567; 0; 0; 0; 622.6; 
567; 0; 0; 0; 622.8; 
567; 0; 0; 0; 623; 
567; 0; 0; 0; 623.2; 
567; 0; 0; 0; 623.4; 
567; 0; 0; 0; 623.6; 
567; 0; 0; 0; 623.8; 
567; 0; 0; 0; 624; 
567; 0; 0; 0; 624.2; 
567; 0; 0; 0; 624.4; 
567; 0; 0; 0; 624.6; 
567; 0; 0; 0; 624.8; 
567; 0; 0; 0; 625; 
567; 0; 0; 0; 625.2; 
567; 0; 0; 0; 625.4; 
567; 0; 0; 0; 625.6; 
567; 0; 0; 0; 625.8; 
567; 0; 0; 0; 626; 
567; 0; 0; 0; 626.2; 
567; 0; 0; 0; 626.4; 
567; 0; 0; 0; 626.6; 
567; 0; 0; 0; 626.8; 
567; 0; 0; 0; 627; 
567; 0; 0; 0; 627.2; 
567; 0; 0; 0; 627.4; 
567; 0; 0; 0; 627.6; 
567; 0; 0; 0; 627.8; 
567; 0; 0; 0; 628; 
567; 0; 0; 0; 628.2; 
567; 0; 0; 0; 628.4; 
567; 0; 0; 0; 628.6; 
567; 0; 0; 0; 628.8; 
567; 0; 0; 0; 629; 
567; 0; 0; 0; 629.2; 
567; 0; 0; 0; 629.4; 
567; 0; 0; 0; 629.6; 
567; 0; 0; 0; 629.8; 
567; 0; 0; 0; 630; 
567; 0; 0; 0; 630.2; 
567; 0; 0; 0; 630.4; 
567; 0; 0; 0; 630.6; 
567; 0; 0; 0; 630.8; 
567; 0; 0; 0; 631; 
567; 0; 0; 0; 631.2; 
567; 0; 0; 0; 631.4; 
567; 0; 0; 0; 631.6; 
567; 0; 0; 0; 631.8; 
567; 0; 0; 0; 632; 
567; 0; 0; 0; 632.2; 
567; 0; 0; 0; 632.4; 
567; 0; 0; 0; 632.6; 
567; 0; 0; 0; 632.8; 
567; 0; 0; 0; 633; 
567; 0; 0; 0; 633.2; 
567; 0; 0; 0; 633.4; 
567; 0; 0; 0; 633.6; 
567; 0; 0; 0; 633.8; 
567; 0; 0; 0; 634; 
567; 0; 0; 0; 634.2; 
567; 0; 0; 0; 634.4; 
567; 0; 0; 0; 634.6; 
567; 0; 0; 0; 634.8; 
567; 0; 0; 0; 635; 
567; 0; 0; 0; 635.2; 
567; 0; 0; 0; 635.4; 
567; 0; 0; 0; 635.6; 
567; 0; 0; 0; 635.8; 
567; 0; 0; 0; 636; 
567; 0; 0; 0; 636.2; 
567; 0; 0; 0; 636.4; 
567; 0; 0; 0; 636.6; 
567; 0; 0; 0; 636.8; 
567; 0; 0; 0; 637; 
567; 0; 0; 0; 637.2; 
567; 0; 0; 0; 637.4; 
567; 0; 0; 0; 637.6; 
567; 0; 0; 0; 637.8; 
567; 0; 0; 0; 638; 
567; 0; 0; 0; 638.2; 
567; 0; 0; 0; 638.4; 
567; 0; 0; 0; 638.6; 
567; 0; 0; 0; 638.8; 
567; 0; 0; 0; 639; 
567; 0; 0; 0; 639.2; 
567; 0; 0; 0; 639.4; 
567; 0; 0; 0; 639.6; 
567; 0; 0; 0; 639.8; 
567; 0; 0; 0; 640; 
567; 0; 0; 0; 640.2; 
567; 0; 0; 0; 640.4; 
567; 0; 0; 0; 640.6; 
567; 0; 0; 0; 640.8; 
567; 0; 0; 0; 641; 
567; 0; 0; 0; 641.2; 
567; 0; 0; 0; 641.4; 
567; 0; 0; 0; 641.6; 
567; 0; 0; 0; 641.8; 
567; 0; 0; 0; 642; 
567; 0; 0; 0; 642.2; 
567; 0; 0; 0; 642.4; 
567; 0; 0; 0; 642.6; 
567; 0; 0; 0; 642.8; 
567; 0; 0; 0; 643; 
567; 0; 0; 0; 643.2; 
567; 0; 0; 0; 643.4; 
567; 0; 0; 0; 643.6; 
567; 0; 0; 0; 643.8; 
567; 0; 0; 0; 644; 
567; 0; 0; 0; 644.2; 
567; 0; 0; 0; 644.4; 
567; 0; 0; 0; 644.6; 
567; 0; 0; 0; 644.8; 
567; 0; 0; 0; 645; 
567; 0; 0; 0; 645.2; 
567; 0; 0; 0; 645.4; 
567; 0; 0; 0; 645.6; 
567; 0; 0; 0; 645.8; 
567; 0; 0; 0; 646; 
567; 0; 0; 0; 646.2; 
567; 0; 0; 0; 646.4; 
567; 0; 0; 0; 646.6; 
567; 0; 0; 0; 646.8; 
567; 0; 0; 0; 647; 
567; 0; 0; 0; 647.2; 
567; 0; 0; 0; 647.4; 
567; 0; 0; 0; 647.6; 
567; 0; 0; 0; 647.8; 
567; 0; 0; 0; 648; 
567; 0; 0; 0; 648.2; 
567; 0; 0; 0; 648.4; 
567; 0; 0; 0; 648.6; 
567; 0; 0; 0; 648.8; 
567; 0; 0; 0; 649; 
567; 0; 0; 0; 649.2; 
567; 0; 0; 0; 649.4; 
567; 0; 0; 0; 649.6; 
567; 0; 0; 0; 649.8; 
567; 0; 0; 0; 650; 
567; 0; 0; 0; 650.2; 
567; 0; 0; 0; 650.4; 
567; 0; 0; 0; 650.6; 
567; 0; 0; 0; 650.8; 
567; 0; 0; 0; 651; 
567; 0; 0; 0; 651.2; 
567; 0; 0; 0; 651.4; 
567; 0; 0; 0; 651.6; 
567; 0; 0; 0; 651.8; 
567; 0; 0; 0; 652; 
567; 0; 0; 0; 652.2; 
567; 0; 0; 0; 652.4; 
567; 0; 0; 0; 652.6; 
567; 0; 0; 0; 652.8; 
567; 0; 0; 0; 653; 
567; 0; 0; 0; 653.2; 
567; 0; 0; 0; 653.4; 
567; 0; 0; 0; 653.6; 
567; 0; 0; 0; 653.8; 
567; 0; 0; 0; 654; 
567; 0; 0; 0; 654.2; 
567; 0; 0; 0; 654.4; 
567; 0; 0; 0; 654.6; 
567; 0; 0; 0; 654.8; 
567; 0; 0; 0; 655; 
567; 0; 0; 0; 655.2; 
567; 0; 0; 0; 655.4; 
567; 0; 0; 0; 655.6; 
567; 0; 0; 0; 655.8; 
567; 0; 0; 0; 656; 
567; 0; 0; 0; 656.2; 
567; 0; 0; 0; 656.4; 
567; 0; 0; 0; 656.6; 
567; 0; 0; 0; 656.8; 
567; 0; 0; 0; 657; 
567; 0; 0; 0; 657.2; 
567; 0; 0; 0; 657.4; 
567; 0; 0; 0; 657.6; 
567; 0; 0; 0; 657.8; 
567; 0; 0; 0; 658; 
567; 0; 0; 0; 658.2; 
567; 0; 0; 0; 658.4; 
567; 0; 0; 0; 658.6; 
567; 0; 0; 0; 658.8; 
567; 0; 0; 0; 659; 
567; 0; 0; 0; 659.2; 
567; 0; 0; 0; 659.4; 
567; 0; 0; 0; 659.6; 
567; 0; 0; 0; 659.8; 
567; 0; 0; 0; 660; 
567; 0; 0; 0; 660.2; 
567; 0; 0; 0; 660.4; 
567; 0; 0; 0; 660.6; 
567; 0; 0; 0; 660.8; 
567; 0; 0; 0; 661; 
567; 0; 0; 0; 661.2; 
567; 0; 0; 0; 661.4; 
567; 0; 0; 0; 661.6; 
567; 0; 0; 0; 661.8; 
567; 0; 0; 0; 662; 
567; 0; 0; 0; 662.2; 
567; 0; 0; 0; 662.4; 
567; 0; 0; 0; 662.6; 
567; 0; 0; 0; 662.8; 
567; 0; 0; 0; 663; 
567; 0; 0; 0; 663.2; 
567; 0; 0; 0; 663.4; 
567; 0; 0; 0; 663.6; 
567; 0; 0; 0; 663.8; 
567; 0; 0; 0; 664; 
567; 0; 0; 0; 664.2; 
567; 0; 0; 0; 664.4; 
567; 0; 0; 0; 664.6; 
567; 0; 0; 0; 664.8; 
567; 0; 0; 0; 665; 
567; 0; 0; 0; 665.2; 
567; 0; 0; 0; 665.4; 
567; 0; 0; 0; 665.6; 
567; 0; 0; 0; 665.8; 
567; 0; 0; 0; 666; 
567; 0; 0; 0; 666.2; 
567; 0; 0; 0; 666.4; 
567; 0; 0; 0; 666.6; 
567; 0; 0; 0; 666.8; 
567; 0; 0; 0; 667; 
567; 0; 0; 0; 667.2; 
567; 0; 0; 0; 667.4; 
567; 0; 0; 0; 667.6; 
567; 0; 0; 0; 667.8; 
567; 0; 0; 0; 668; 
567; 0; 0; 0; 668.2; 
567; 0; 0; 0; 668.4; 
567; 0; 0; 0; 668.6; 
567; 0; 0; 0; 668.8; 
567; 0; 0; 0; 669; 
567; 0; 0; 0; 669.2; 
567; 0; 0; 0; 669.4; 
567; 0; 0; 0; 669.6; 
567; 0; 0; 0; 669.8; 
567; 0; 0; 0; 670; 
567; 0; 0; 0; 670.2; 
567; 0; 0; 0; 670.4; 
567; 0; 0; 0; 670.6; 
567; 0; 0; 0; 670.8; 
567; 0; 0; 0; 671; 
567; 0; 0; 0; 671.2; 
567; 0; 0; 0; 671.4; 
567; 0; 0; 0; 671.6; 
567; 0; 0; 0; 671.8; 
567; 0; 0; 0; 672; 
567; 0; 0; 0; 672.2; 
567; 0; 0; 0; 672.4; 
567; 0; 0; 0; 672.6; 
567; 0; 0; 0; 672.8; 
567; 0; 0; 0; 673; 
567; 0; 0; 0; 673.2; 
567; 0; 0; 0; 673.4; 
567; 0; 0; 0; 673.6; 
567; 0; 0; 0; 673.8; 
567; 0; 0; 0; 674; 
567; 0; 0; 0; 674.2; 
567; 0; 0; 0; 674.4; 
567; 0; 0; 0; 674.6; 
567; 0; 0; 0; 674.8; 
567; 0; 0; 0; 675; 
567; 0; 0; 0; 675.2; 
567; 0; 0; 0; 675.4; 
567; 0; 0; 0; 675.6; 
567; 0; 0; 0; 675.8; 
567; 0; 0; 0; 676; 
567; 0; 0; 0; 676.2; 
567; 0; 0; 0; 676.4; 
567; 0; 0; 0; 676.6; 
567; 0; 0; 0; 676.8; 
567; 0; 0; 0; 677; 
567; 0; 0; 0; 677.2; 
567; 0; 0; 0; 677.4; 
567; 0; 0; 0; 677.6; 
567; 0; 0; 0; 677.8; 
567; 0; 0; 0; 678; 
567; 0; 0; 0; 678.2; 
567; 0; 0; 0; 678.4; 
567; 0; 0; 0; 678.6; 
567; 0; 0; 0; 678.8; 
