567; 0; 0; 170; 0; 
567; 0; 0; 170; 0.2; 
567; 0; 0; 170; 0.4; 
567; 0; 0; 170; 0.6; 
567; 0; 0; 170; 0.8; 
567; 0; 0; 170; 1; 
567; 0; 0; 170; 1.2; 
567; 0; 0; 170; 1.4; 
567; 0; 0; 170; 1.6; 
567; 0; 0; 170; 1.8; 
567; 0; 0; 170; 2; 
567; 0; 0; 170; 2.2; 
567; 0; 0; 170; 2.4; 
567; 0; 0; 170; 2.6; 
567; 0; 0; 170; 2.8; 
567; 0; 0; 170; 3; 
567; 0; 0; 170; 3.2; 
567; 0; 0; 170; 3.4; 
567; 0; 0; 170; 3.6; 
567; 0; 0; 170; 3.8; 
567; 0; 0; 170; 4; 
567; 0; 0; 170; 4.2; 
567; 0; 0; 170; 4.4; 
567; 0; 0; 170; 4.6; 
567; 0; 0; 170; 4.8; 
567; 0; 0; 170; 5; 
567; 0; 0; 170; 5.2; 
567; 0; 0; 170; 5.4; 
567; 0; 0; 170; 5.6; 
567; 0; 0; 170; 5.8; 
567; 0; 0; 170; 6; 
567; 0; 0; 170; 6.2; 
567; 0; 0; 170; 6.4; 
567; 0; 0; 170; 6.6; 
567; 0; 0; 170; 6.8; 
567; 0; 0; 170; 7; 
567; 0; 0; 170; 7.2; 
567; 0; 0; 170; 7.4; 
567; 0; 0; 170; 7.6; 
567; 0; 0; 170; 7.8; 
567; 0; 0; 170; 8; 
567; 0; 0; 170; 8.2; 
567; 0; 0; 170; 8.4; 
567; 0; 0; 170; 8.6; 
567; 0; 0; 170; 8.8; 
567; 0; 0; 170; 9; 
567; 0; 0; 170; 9.2; 
567; 0; 0; 170; 9.4; 
567; 0; 0; 170; 9.6; 
567; 0; 0; 170; 9.8; 
567; 0; 0; 170; 10; 
567; 0; 0; 170; 10.2; 
567; 0; 0; 170; 10.4; 
567; 0; 0; 170; 10.6; 
567; 0; 0; 170; 10.8; 
567; 0; 0; 170; 11; 
567; 0; 0; 170; 11.2; 
567; 0; 0; 170; 11.4; 
567; 0; 0; 170; 11.6; 
567; 0; 0; 170; 11.8; 
567; 0; 0; 170; 12; 
567; 0; 0; 170; 12.2; 
567; 0; 0; 170; 12.4; 
567; 0; 0; 170; 12.6; 
567; 0; 0; 170; 12.8; 
567; 0; 0; 170; 13; 
567; 0; 0; 170; 13.2; 
567; 0; 0; 170; 13.4; 
567; 0; 0; 170; 13.6; 
567; 0; 0; 170; 13.8; 
567; 0; 0; 170; 14; 
567; 0; 0; 170; 14.2; 
567; 0; 0; 170; 14.4; 
567; 0; 0; 170; 14.6; 
567; 0; 0; 170; 14.8; 
567; 0; 0; 170; 15; 
567; 0; 0; 170; 15.2; 
567; 0; 0; 170; 15.4; 
567; 0; 2334.7826; 170; 15.6; 
567; 0; 2334.7826; 170; 15.8; 
567; 0; 2334.7826; 170; 16; 
567; 0; 2334.7826; 170; 16.2; 
567; 0; 2334.7826; 170; 16.4; 
567; 0; 2334.7826; 170; 16.6; 
567; 0; 2334.7826; 170; 16.8; 
567; 0; 2334.7826; 170; 17; 
567; 0; 2334.7826; 170; 17.2; 
567; 0; 2334.7826; 170; 17.4; 
567; 0; 2334.7826; 170; 17.6; 
567; 0; 2334.7826; 170; 17.8; 
567; 0; 2334.7826; 170; 18; 
567; 0; 2334.7826; 170; 18.2; 
567; 0; 2334.7826; 170; 18.4; 
567; 0; 2334.7826; 170; 18.6; 
567; 0; 2350.6868; 170; 18.8; 
567; 0; 2369.2977; 170; 19; 
567; 0; 2387.9088; 170; 19.2; 
567; 0; 2406.5199; 170; 19.4; 
567; 0; 2425.7859; 170; 19.6; 
567; 0; 2446.5577; 170; 19.8; 
567; 0; 2467.3295; 170; 20; 
567; 0; 2488.1013; 170; 20.2; 
567; 0; 2508.873; 170; 20.4; 
567; 0; 2529.6448; 170; 20.6; 
567; 0; 2550.4166; 170; 20.8; 
567; 0; 2571.1884; 170; 21; 
567; 0; 2591.9602; 170; 21.2; 
567; 0; 2612.7319; 170; 21.4; 
567; 0; 2633.5038; 170; 21.6; 
567; 0; 2654.2755; 170; 21.8; 
567; 0; 2677.0635; 170; 22; 
567; 0; 2700.5731; 170; 22.2; 
567; 0; 2724.0828; 170; 22.4; 
567; 0; 2747.5923; 170; 22.6; 
567; 0; 2771.1019; 170; 22.8; 
567; 0; 2794.6116; 170; 23; 
567; 0; 2818.1212; 170; 23.2; 
567; 0; 2841.6309; 170; 23.4; 
567; 0; 2865.1405; 170; 23.6; 
567; 0; 2888.6501; 170; 23.8; 
567; 0; 2912.1598; 170; 24; 
567; 0; 2935.9945; 170; 24.2; 
567; 0; 2961.3331; 170; 24.4; 
567; 0; 2986.6718; 170; 24.6; 
567; 0; 3000; 170; 24.8; 
567; 0; 3000; 170; 25; 
567; 0; 3000; 170; 25.2; 
567; 0; 3000; 170; 25.4; 
567; 0; 3000; 170; 25.6; 
567; 0; 3000; 170; 25.8; 
567; 0; 3000; 170; 26; 
567; 0; 3000; 170; 26.2; 
567; 0; 3000; 170; 26.4; 
567; 0; 3000; 170; 26.6; 
567; 0; 3000; 170; 26.8; 
567; 0; 3000; 170; 27; 
567; 0; 3000; 170; 27.2; 
567; 0; 3000; 170; 27.4; 
567; 0; 3000; 170; 27.6; 
567; 0; 3000; 170; 27.8; 
567; 0; 3000; 170; 28; 
567; 0; 3000; 170; 28.2; 
567; 0; 3000; 170; 28.4; 
567; 0; 3000; 170; 28.6; 
567; 0; 3000; 170; 28.8; 
567; 0; 3000; 170; 29; 
567; 0; 3000; 170; 29.2; 
567; 0; 3000; 170; 29.4; 
567; 0; 3000; 170; 29.6; 
567; 0; 3000; 170; 29.8; 
567; 0; 3000; 170; 30; 
567; 0; 3000; 170; 30.2; 
567; 0; 3000; 170; 30.4; 
567; 0; 3000; 170; 30.6; 
567; 0; 3000; 170; 30.8; 
567; 0; 3000; 170; 31; 
567; 0; 3000; 170; 31.2; 
567; 0; 3000; 170; 31.4; 
567; 0; 3000; 170; 31.6; 
567; 0; 3000; 170; 31.8; 
567; 0; 3000; 170; 32; 
567; 0; 3000; 170; 32.2; 
567; 0; 3000; 170; 32.4; 
567; 0; 3000; 170; 32.6; 
567; 0; 3000; 170; 32.8; 
567; 0; 3000; 170; 33; 
567; 0; 3000; 170; 33.2; 
567; 0; 3000; 170; 33.4; 
567; 0; 3000; 170; 33.6; 
567; 0; 3000; 170; 33.8; 
567; 0; 3000; 170; 34; 
567; 0; 3000; 170; 34.2; 
567; 0; 3000; 170; 34.4; 
567; 0; 3000; 170; 34.6; 
567; 0; 3000; 170; 34.8; 
567; 0; 3000; 170; 35; 
567; 0; 3000; 170; 35.2; 
567; 0; 3000; 170; 35.4; 
567; 0; 3000; 170; 35.6; 
567; 0; 3000; 170; 35.8; 
567; 0; 3000; 170; 36; 
567; 0; 3000; 170; 36.2; 
567; 0; 3000; 170; 36.4; 
567; 0; 3000; 170; 36.6; 
567; 0; 3000; 170; 36.8; 
567; 0; 3000; 170; 37; 
567; 0; 3000; 170; 37.2; 
567; 0; 3000; 170; 37.4; 
567; 0; 3000; 170; 37.6; 
567; 0; 3000; 170; 37.8; 
567; 0; 3000; 170; 38; 
567; 0; 3000; 170; 38.2; 
567; 0; 3000; 170; 38.4; 
567; 0; 3000; 170; 38.6; 
567; 0; 3000; 170; 38.8; 
567; 0; 3000; 170; 39; 
567; 0; 3000; 170; 39.2; 
567; 0; 3000; 170; 39.4; 
567; 0; 3000; 170; 39.6; 
567; 0; 3000; 170; 39.8; 
567; 0; 3000; 170; 40; 
567; 0; 3000; 170; 40.2; 
567; 0; 3000; 170; 40.4; 
567; 0; 3000; 170; 40.6; 
567; 0; 3000; 170; 40.8; 
567; 0; 3000; 170; 41; 
567; 0; 3000; 170; 41.2; 
567; 0; 3000; 170; 41.4; 
567; 0; 3000; 170; 41.6; 
567; 0; 3000; 170; 41.8; 
567; 0; 3000; 170; 42; 
567; 0; 3000; 170; 42.2; 
567; 0; 3000; 170; 42.4; 
567; 0; 3000; 170; 42.6; 
567; 0; 3000; 170; 42.8; 
567; 0; 3000; 170; 43; 
567; 0; 3000; 170; 43.2; 
567; 0; 3000; 170; 43.4; 
567; 0; 3000; 170; 43.6; 
567; 0; 3000; 170; 43.8; 
567; 0; 3000; 170; 44; 
567; 0; 3000; 170; 44.2; 
567; 0; 3000; 170; 44.4; 
567; 0; 3000; 170; 44.6; 
567; 0; 3000; 170; 44.8; 
567; 0; 3000; 170; 45; 
567; 0; 3000; 170; 45.2; 
567; 0; 3000; 170; 45.4; 
567; 0; 3000; 170; 45.6; 
567; 0; 3000; 170; 45.8; 
567; 0; 3000; 170; 46; 
567; 0; 3000; 170; 46.2; 
567; 0; 3000; 170; 46.4; 
567; 0; 3000; 170; 46.6; 
567; 0; 3000; 170; 46.8; 
567; 0; 3000; 170; 47; 
567; 0; 3000; 170; 47.2; 
567; 0; 3000; 170; 47.4; 
567; 0; 3000; 170; 47.6; 
567; 0; 3000; 170; 47.8; 
567; 0; 3000; 170; 48; 
567; 0; 3000; 170; 48.2; 
567; 0; 3000; 170; 48.4; 
567; 0; 3000; 170; 48.6; 
567; 0; 3000; 170; 48.8; 
567; 0; 3000; 170; 49; 
567; 0; 3000; 170; 49.2; 
567; 0; 3000; 170; 49.4; 
567; 0; 3000; 170; 49.6; 
567; 0; 3000; 170; 49.8; 
567; 0; 3000; 170; 50; 
567; 0; 3000; 170; 50.2; 
567; 0; 3000; 170; 50.4; 
567; 0; 3000; 170; 50.6; 
567; 0; 3000; 170; 50.8; 
567; 0; 3000; 170; 51; 
567; 0; 3000; 170; 51.2; 
567; 0; 3000; 170; 51.4; 
567; 0; 3000; 170; 51.6; 
567; 0; 3000; 170; 51.8; 
567; 0; 3000; 170; 52; 
567; 0; 3000; 170; 52.2; 
567; 0; 3000; 170; 52.4; 
567; 0; 3000; 170; 52.6; 
567; 0; 3000; 170; 52.8; 
567; 0; 3000; 170; 53; 
567; 0; 3000; 170; 53.2; 
567; 0; 3000; 170; 53.4; 
567; 0; 3000; 170; 53.6; 
567; 0; 3000; 170; 53.8; 
567; 0; 3000; 170; 54; 
567; 0; 3000; 170; 54.2; 
567; 0; 3000; 170; 54.4; 
567; 0; 3000; 170; 54.6; 
567; 0; 3000; 170; 54.8; 
567; 0; 3000; 170; 55; 
567; 0; 3000; 170; 55.2; 
567; 0; 3000; 170; 55.4; 
567; 0; 3000; 170; 55.6; 
567; 0; 3000; 170; 55.8; 
567; 0; 3000; 170; 56; 
567; 0; 3000; 170; 56.2; 
567; 0; 3000; 170; 56.4; 
567; 0; 3000; 170; 56.6; 
567; 0; 3000; 170; 56.8; 
567; 0; 3000; 170; 57; 
567; 0; 3000; 170; 57.2; 
567; 0; 3000; 170; 57.4; 
567; 0; 3000; 170; 57.6; 
567; 0; 3000; 170; 57.8; 
567; 0; 3000; 170; 58; 
567; 0; 3000; 170; 58.2; 
567; 0; 3000; 170; 58.4; 
567; 0; 3000; 170; 58.6; 
567; 0; 3000; 170; 58.8; 
567; 0; 3000; 170; 59; 
567; 0; 3000; 170; 59.2; 
567; 0; 3000; 170; 59.4; 
567; 0; 3000; 170; 59.6; 
567; 0; 3000; 170; 59.8; 
567; 0; 3000; 170; 60; 
567; 0; 3000; 170; 60.2; 
567; 0; 3000; 170; 60.4; 
567; 0; 3000; 170; 60.6; 
567; 0; 3000; 170; 60.8; 
567; 0; 3000; 170; 61; 
567; 0; 3000; 170; 61.2; 
567; 0; 3000; 170; 61.4; 
567; 0; 3000; 170; 61.6; 
567; 0; 3000; 170; 61.8; 
567; 0; 3000; 170; 62; 
567; 0; 3000; 170; 62.2; 
567; 0; 3000; 170; 62.4; 
567; 0; 3000; 170; 62.6; 
567; 0; 3000; 170; 62.8; 
567; 0; 3000; 170; 63; 
567; 0; 3000; 170; 63.2; 
567; 0; 3000; 170; 63.4; 
567; 0; 3000; 170; 63.6; 
567; 0; 3000; 170; 63.8; 
567; 0; 3000; 170; 64; 
567; 0; 3000; 170; 64.2; 
567; 0; 3000; 170; 64.4; 
567; 0; 3000; 170; 64.6; 
567; 0; 3000; 170; 64.8; 
567; 0; 3000; 170; 65; 
567; 0; 3000; 170; 65.2; 
567; 0; 3000; 170; 65.4; 
567; 0; 3000; 170; 65.6; 
567; 0; 3000; 170; 65.8; 
567; 0; 3000; 170; 66; 
567; 0; 3000; 170; 66.2; 
567; 0; 3000; 170; 66.4; 
567; 0; 3000; 170; 66.6; 
567; 0; 3000; 170; 66.8; 
567; 0; 3000; 170; 67; 
567; 0; 3000; 170; 67.2; 
567; 0; 3000; 170; 67.4; 
567; 0; 3000; 170; 67.6; 
567; 0; 3000; 170; 67.8; 
567; 0; 3000; 170; 68; 
567; 0; 3000; 170; 68.2; 
567; 0; 3000; 170; 68.4; 
567; 0; 3000; 170; 68.6; 
567; 0; 3000; 170; 68.8; 
567; 0; 3000; 170; 69; 
567; 0; 3000; 170; 69.2; 
567; 0; 3000; 170; 69.4; 
567; 0; 3000; 170; 69.6; 
567; 0; 3000; 170; 69.8; 
567; 0; 3000; 170; 70; 
567; 0; 3000; 170; 70.2; 
567; 0; 3000; 170; 70.4; 
567; 0; 3000; 170; 70.6; 
567; 0; 3000; 170; 70.8; 
567; 0; 3000; 170; 71; 
567; 0; 3000; 170; 71.2; 
567; 0; 3000; 170; 71.4; 
567; 0; 3000; 170; 71.6; 
567; 0; 2995.0427; 170; 71.8; 
567; 0; 2969.7788; 170; 72; 
567; 0; 2945.4165; 170; 72.2; 
567; 0; 2921.9407; 170; 72.4; 
567; 0; 2899.1558; 170; 72.6; 
567; 0; 2876.8737; 170; 72.8; 
567; 0; 2855.022; 170; 73; 
567; 0; 2833.5739; 170; 73.2; 
567; 0; 2812.5632; 170; 73.4; 
567; 0; 2792.0574; 170; 73.6; 
567; 0; 2775.6857; 170; 73.8; 
567; 0; 2759.9546; 170; 74; 
567; 0; 2744.7399; 170; 74.2; 
567; 0; 2730.0679; 170; 74.4; 
567; 0; 2716.1906; 170; 74.6; 
567; 0; 2703.2048; 170; 74.8; 
567; 0; 2690.9242; 170; 75; 
567; 0; 2679.196; 170; 75.2; 
567; 0; 2667.9309; 170; 75.4; 
567; 0; 2657.1072; 170; 75.6; 
567; 0; 2646.7144; 170; 75.8; 
567; 0; 2636.7534; 170; 76; 
567; 0; 2627.2267; 170; 76.2; 
567; 0; 2618.1101; 170; 76.4; 
567; 0; 2609.4276; 170; 76.6; 
567; 0; 2601.1912; 170; 76.8; 
567; 0; 2593.3855; 170; 77; 
567; 0; 2586.0032; 170; 77.2; 
567; 0; 2579.0144; 170; 77.4; 
567; 0; 2572.4137; 170; 77.6; 
567; 0; 2566.2024; 170; 77.8; 
567; 0; 2560.3577; 170; 78; 
567; 0; 2554.843; 170; 78.2; 
567; 0; 2549.6508; 170; 78.4; 
567; 0; 2544.7513; 170; 78.6; 
567; 0; 2540.1166; 170; 78.8; 
567; 0; 2535.7413; 170; 79; 
567; 0; 2531.6385; 170; 79.2; 
567; 0; 2527.8278; 170; 79.4; 
567; 0; 2524.3021; 170; 79.6; 
567; 0; 2521.0421; 170; 79.8; 
567; 0; 2518.02; 170; 80; 
567; 0; 2515.2379; 170; 80.2; 
567; 0; 2512.6775; 170; 80.4; 
567; 0; 2510.3207; 170; 80.6; 
567; 0; 2508.2017; 170; 80.8; 
567; 0; 2506.3208; 170; 81; 
567; 0; 2504.6381; 170; 81.2; 
567; 0; 2502.7765; 170; 81.4; 
567; 0; 2500.6147; 170; 81.6; 
567; 0; 2498.3778; 170; 81.8; 
567; 0; 2496.2098; 170; 82; 
567; 0; 2494.1874; 170; 82.2; 
567; 0; 2492.3518; 170; 82.4; 
567; 0; 2490.7734; 170; 82.6; 
567; 0; 2489.4724; 170; 82.8; 
567; 0; 2488.4508; 170; 83; 
567; 0; 2487.6877; 170; 83.2; 
567; 0; 2487.1617; 170; 83.4; 
567; 0; 2486.8411; 170; 83.6; 
567; 0; 2486.6982; 170; 83.8; 
567; 0; 2486.7346; 170; 84; 
567; 0; 2486.9065; 170; 84.2; 
567; 0; 2487.1853; 170; 84.4; 
567; 0; 2487.5752; 170; 84.6; 
567; 0; 2488.0385; 170; 84.8; 
567; 0; 2488.5553; 170; 85; 
567; 0; 2489.1063; 170; 85.2; 
567; 0; 2489.651; 170; 85.4; 
567; 0; 2490.198; 170; 85.6; 
567; 0; 2490.7462; 170; 85.8; 
567; 0; 2491.2679; 170; 86; 
567; 0; 2491.7782; 170; 86.2; 
567; 0; 2492.2817; 170; 86.4; 
567; 0; 2492.7548; 170; 86.6; 
567; 0; 2493.1833; 170; 86.8; 
567; 0; 2493.5649; 170; 87; 
567; 0; 2493.8997; 170; 87.2; 
567; 0; 2494.1896; 170; 87.4; 
567; 0; 2494.4059; 170; 87.6; 
567; 0; 2494.5438; 170; 87.8; 
567; 0; 2494.5999; 170; 88; 
567; 0; 2494.5806; 170; 88.2; 
567; 0; 2494.4885; 170; 88.4; 
567; 0; 2494.3024; 170; 88.6; 
567; 0; 2494.0502; 170; 88.8; 
567; 0; 2493.7478; 170; 89; 
567; 0; 2493.413; 170; 89.2; 
567; 0; 2493.0505; 170; 89.4; 
567; 0; 2492.6692; 170; 89.6; 
567; 0; 2492.3032; 170; 89.8; 
567; 0; 2491.9712; 170; 90; 
567; 0; 2491.6826; 170; 90.2; 
567; 0; 2491.4409; 170; 90.4; 
567; 0; 2491.2461; 170; 90.6; 
567; 0; 2491.0956; 170; 90.8; 
567; 0; 2491.0167; 170; 91; 
567; 0; 2491.0154; 170; 91.2; 
567; 0; 2491.0632; 170; 91.4; 
567; 0; 2491.1418; 170; 91.6; 
567; 0; 2491.2706; 170; 91.8; 
567; 0; 2491.4545; 170; 92; 
567; 0; 2491.6654; 170; 92.2; 
567; 0; 2491.9174; 170; 92.4; 
567; 0; 2492.2108; 170; 92.6; 
567; 0; 2492.5477; 170; 92.8; 
567; 0; 2492.953; 170; 93; 
567; 0; 2493.4382; 170; 93.2; 
567; 0; 2493.9735; 170; 93.4; 
567; 0; 2494.5433; 170; 93.6; 
567; 0; 2495.1616; 170; 93.8; 
567; 0; 2495.8328; 170; 94; 
567; 0; 2496.5569; 170; 94.2; 
567; 0; 2497.3301; 170; 94.4; 
567; 0; 2498.1168; 170; 94.6; 
567; 0; 2498.9016; 170; 94.8; 
567; 0; 2499.7019; 170; 95; 
567; 0; 2500.4955; 170; 95.2; 
567; 0; 2501.2751; 170; 95.4; 
567; 0; 2502.0623; 170; 95.6; 
567; 0; 2502.8685; 170; 95.8; 
567; 0; 2503.6984; 170; 96; 
567; 0; 2504.5554; 170; 96.2; 
567; 0; 2505.4719; 170; 96.4; 
567; 0; 2506.4586; 170; 96.6; 
567; 0; 2507.4889; 170; 96.8; 
567; 0; 2508.5443; 170; 97; 
567; 0; 2509.6144; 170; 97.2; 
567; 0; 2510.7246; 170; 97.4; 
567; 0; 2511.8822; 170; 97.6; 
567; 0; 2513.0613; 170; 97.8; 
567; 0; 2514.2753; 170; 98; 
567; 0; 2515.5262; 170; 98.2; 
567; 0; 2516.7855; 170; 98.4; 
567; 0; 2518.0665; 170; 98.6; 
567; 0; 2519.3715; 170; 98.8; 
567; 0; 2520.7057; 170; 99; 
567; 0; 2522.0657; 170; 99.2; 
567; 0; 2523.4204; 170; 99.4; 
567; 0; 2524.7528; 170; 99.6; 
567; 0; 2526.0541; 170; 99.8; 
567; 0; 2527.3229; 170; 100; 
567; 0; 2528.5581; 170; 100.2; 
567; 0; 2529.761; 170; 100.4; 
567; 0; 2530.9335; 170; 100.6; 
567; 0; 2532.111; 170; 100.8; 
567; 0; 2533.3088; 170; 101; 
567; 0; 2534.5386; 170; 101.2; 
567; 0; 2535.7998; 170; 101.4; 
567; 0; 2537.0961; 170; 101.6; 
567; 0; 2538.4211; 170; 101.8; 
567; 0; 2539.7437; 170; 102; 
567; 0; 2541.0455; 170; 102.2; 
567; 0; 2542.3177; 170; 102.4; 
567; 0; 2543.5249; 170; 102.6; 
567; 0; 2544.6556; 170; 102.8; 
567; 0; 2545.7007; 170; 103; 
567; 0; 2546.6647; 170; 103.2; 
567; 0; 2547.5496; 170; 103.4; 
567; 0; 2548.3344; 170; 103.6; 
567; 0; 2549.046; 170; 103.8; 
567; 0; 2549.6985; 170; 104; 
567; 0; 2550.2759; 170; 104.2; 
567; 0; 2550.7739; 170; 104.4; 
567; 0; 2551.1938; 170; 104.6; 
567; 0; 2551.5421; 170; 104.8; 
567; 0; 2551.7949; 170; 105; 
567; 0; 2551.9504; 170; 105.2; 
567; 0; 2552.0081; 170; 105.4; 
567; 0; 2551.979; 170; 105.6; 
567; 0; 2551.8689; 170; 105.8; 
567; 0; 2551.6904; 170; 106; 
567; 0; 2551.4828; 170; 106.2; 
567; 0; 2551.2689; 170; 106.4; 
567; 0; 2551.0637; 170; 106.6; 
567; 0; 2550.8757; 170; 106.8; 
567; 0; 2550.7094; 170; 107; 
567; 0; 2550.5653; 170; 107.2; 
567; 0; 2550.4106; 170; 107.4; 
567; 0; 2550.2314; 170; 107.6; 
567; 0; 2550.0157; 170; 107.8; 
567; 0; 2549.7635; 170; 108; 
567; 0; 2549.4724; 170; 108.2; 
567; 0; 2549.1167; 170; 108.4; 
567; 0; 2548.6865; 170; 108.6; 
567; 0; 2548.1796; 170; 108.8; 
567; 0; 2547.6316; 170; 109; 
567; 0; 2547.0594; 170; 109.2; 
567; 0; 2546.4484; 170; 109.4; 
567; 0; 2545.7905; 170; 109.6; 
567; 0; 2545.0858; 170; 109.8; 
567; 0; 2544.3698; 170; 110; 
567; 0; 2543.6576; 170; 110.2; 
567; 0; 2542.9316; 170; 110.4; 
567; 0; 2542.213; 170; 110.6; 
567; 0; 2541.5094; 170; 110.8; 
567; 0; 2540.7982; 170; 111; 
567; 0; 2540.0665; 170; 111.2; 
567; 0; 2539.3409; 170; 111.4; 
567; 0; 2538.6322; 170; 111.6; 
567; 0; 2537.9178; 170; 111.8; 
567; 0; 2537.2161; 170; 112; 
567; 0; 2536.5309; 170; 112.2; 
567; 0; 2535.8691; 170; 112.4; 
567; 0; 2535.2621; 170; 112.6; 
567; 0; 2534.6927; 170; 112.8; 
567; 0; 2534.1536; 170; 113; 
567; 0; 2533.6322; 170; 113.2; 
567; 0; 2533.1256; 170; 113.4; 
567; 0; 2532.626; 170; 113.6; 
567; 0; 2532.1335; 170; 113.8; 
567; 0; 2531.6432; 170; 114; 
567; 0; 2531.1576; 170; 114.2; 
567; 0; 2530.6735; 170; 114.4; 
567; 0; 2530.1616; 170; 114.6; 
567; 0; 2529.6387; 170; 114.8; 
567; 0; 2529.1095; 170; 115; 
567; 0; 2528.5834; 170; 115.2; 
567; 0; 2528.0907; 170; 115.4; 
567; 0; 2527.6486; 170; 115.6; 
567; 0; 2527.272; 170; 115.8; 
567; 0; 2526.9523; 170; 116; 
567; 0; 2526.7183; 170; 116.2; 
567; 0; 2526.5778; 170; 116.4; 
567; 0; 2526.5348; 170; 116.6; 
567; 0; 2526.5813; 170; 116.8; 
567; 0; 2526.7009; 170; 117; 
567; 0; 2526.8923; 170; 117.2; 
567; 0; 2527.1285; 170; 117.4; 
567; 0; 2527.3918; 170; 117.6; 
567; 0; 2527.699; 170; 117.8; 
567; 0; 2528.1073; 170; 118; 
567; 0; 2528.6979; 170; 118.2; 
567; 0; 2529.5336; 170; 118.4; 
567; 0; 2530.6356; 170; 118.6; 
567; 0; 2532.0031; 170; 118.8; 
567; 0; 2533.5902; 170; 119; 
567; 0; 2535.2969; 170; 119.2; 
567; 0; 2537.061; 170; 119.4; 
567; 0; 2538.839; 170; 119.6; 
567; 0; 2540.5461; 170; 119.8; 
567; 0; 2542.1111; 170; 120; 
567; 0; 2543.5004; 170; 120.2; 
567; 0; 2544.6725; 170; 120.4; 
567; 0; 2545.6196; 170; 120.6; 
567; 0; 2546.3448; 170; 120.8; 
567; 0; 2546.8679; 170; 121; 
567; 0; 2547.2062; 170; 121.2; 
567; 0; 2547.3547; 170; 121.4; 
567; 0; 2547.354; 170; 121.6; 
567; 0; 2547.2322; 170; 121.8; 
567; 0; 2546.9541; 170; 122; 
567; 0; 2546.5144; 170; 122.2; 
567; 0; 2545.9463; 170; 122.4; 
567; 0; 2545.2451; 170; 122.6; 
567; 0; 2544.4222; 170; 122.8; 
567; 0; 2543.5183; 170; 123; 
567; 0; 2542.5621; 170; 123.2; 
567; 0; 2541.5723; 170; 123.4; 
567; 0; 2540.5615; 170; 123.6; 
567; 0; 2539.5387; 170; 123.8; 
567; 0; 2538.5105; 170; 124; 
567; 0; 2537.4818; 170; 124.2; 
567; 0; 2536.4557; 170; 124.4; 
567; 0; 2535.4352; 170; 124.6; 
567; 0; 2534.4213; 170; 124.8; 
567; 0; 2533.4128; 170; 125; 
567; 0; 2532.4075; 170; 125.2; 
567; 0; 2531.4039; 170; 125.4; 
567; 0; 2530.4021; 170; 125.6; 
567; 0; 2529.4031; 170; 125.8; 
567; 0; 2528.4073; 170; 126; 
567; 0; 2527.4161; 170; 126.2; 
567; 0; 2526.4298; 170; 126.4; 
567; 0; 2525.4481; 170; 126.6; 
567; 0; 2524.502; 170; 126.8; 
567; 0; 2523.6027; 170; 127; 
567; 0; 2522.7281; 170; 127.2; 
567; 0; 2521.8625; 170; 127.4; 
567; 0; 2521.0262; 170; 127.6; 
567; 0; 2520.2269; 170; 127.8; 
567; 0; 2519.473; 170; 128; 
567; 0; 2518.7931; 170; 128.2; 
567; 0; 2518.1976; 170; 128.4; 
567; 0; 2517.6874; 170; 128.6; 
567; 0; 2517.2582; 170; 128.8; 
567; 0; 2516.9034; 170; 129; 
567; 0; 2516.6156; 170; 129.2; 
567; 0; 2516.354; 170; 129.4; 
567; 0; 2516.0992; 170; 129.6; 
567; 0; 2515.8661; 170; 129.8; 
567; 0; 2515.6611; 170; 130; 
567; 0; 2515.4541; 170; 130.2; 
567; 0; 2515.2318; 170; 130.4; 
567; 0; 2515.0146; 170; 130.6; 
567; 0; 2514.8147; 170; 130.8; 
567; 0; 2514.6384; 170; 131; 
567; 0; 2514.4882; 170; 131.2; 
567; 0; 2514.3638; 170; 131.4; 
567; 0; 2514.2634; 170; 131.6; 
567; 0; 2514.1866; 170; 131.8; 
567; 0; 2514.1305; 170; 132; 
567; 0; 2514.0928; 170; 132.2; 
567; 0; 2514.1024; 170; 132.4; 
567; 0; 2514.1685; 170; 132.6; 
567; 0; 2514.2977; 170; 132.8; 
567; 0; 2514.517; 170; 133; 
567; 0; 2514.8041; 170; 133.2; 
567; 0; 2515.1478; 170; 133.4; 
567; 0; 2515.5637; 170; 133.6; 
567; 0; 2516.0255; 170; 133.8; 
567; 0; 2516.5204; 170; 134; 
567; 0; 2517.0663; 170; 134.2; 
567; 0; 2517.6396; 170; 134.4; 
567; 0; 2518.2294; 170; 134.6; 
567; 0; 2518.8219; 170; 134.8; 
567; 0; 2519.4122; 170; 135; 
567; 0; 2520.0255; 170; 135.2; 
567; 0; 2520.6743; 170; 135.4; 
567; 0; 2521.3335; 170; 135.6; 
567; 0; 2521.9935; 170; 135.8; 
567; 0; 2522.6754; 170; 136; 
567; 0; 2523.3899; 170; 136.2; 
567; 0; 2524.1079; 170; 136.4; 
567; 0; 2524.8181; 170; 136.6; 
567; 0; 2525.5405; 170; 136.8; 
567; 0; 2526.2869; 170; 137; 
567; 0; 2527.0619; 170; 137.2; 
567; 0; 2527.8676; 170; 137.4; 
567; 0; 2528.7023; 170; 137.6; 
567; 0; 2529.5322; 170; 137.8; 
567; 0; 2530.3412; 170; 138; 
567; 0; 2531.1484; 170; 138.2; 
567; 0; 2531.9645; 170; 138.4; 
567; 0; 2532.8273; 170; 138.6; 
567; 0; 2533.7522; 170; 138.8; 
567; 0; 2534.7174; 170; 139; 
567; 0; 2535.7084; 170; 139.2; 
567; 0; 2536.7156; 170; 139.4; 
567; 0; 2537.7314; 170; 139.6; 
567; 0; 2538.7828; 170; 139.8; 
567; 0; 2539.8779; 170; 140; 
567; 0; 2540.9928; 170; 140.2; 
567; 0; 2542.1444; 170; 140.4; 
567; 0; 2543.3663; 170; 140.6; 
567; 0; 2544.6733; 170; 140.8; 
567; 0; 2546.0684; 170; 141; 
567; 0; 2547.517; 170; 141.2; 
567; 0; 2549; 170; 141.4; 
567; 0; 2550.5314; 170; 141.6; 
567; 0; 2552.1173; 170; 141.8; 
567; 0; 2553.7252; 170; 142; 
567; 0; 2555.3427; 170; 142.2; 
567; 0; 2556.9541; 170; 142.4; 
567; 0; 2558.5558; 170; 142.6; 
567; 0; 2560.1713; 170; 142.8; 
567; 0; 2561.783; 170; 143; 
567; 0; 2563.3857; 170; 143.2; 
567; 0; 2564.9728; 170; 143.4; 
567; 0; 2566.5131; 170; 143.6; 
567; 0; 2567.9912; 170; 143.8; 
567; 0; 2569.4338; 170; 144; 
567; 0; 2570.8534; 170; 144.2; 
567; 0; 2572.2321; 170; 144.4; 
567; 0; 2573.5612; 170; 144.6; 
567; 0; 2574.8387; 170; 144.8; 
567; 0; 2576.0656; 170; 145; 
567; 0; 2577.2537; 170; 145.2; 
567; 0; 2578.4049; 170; 145.4; 
567; 0; 2579.5527; 170; 145.6; 
567; 0; 2580.7161; 170; 145.8; 
567; 0; 2581.8789; 170; 146; 
567; 0; 2582.9982; 170; 146.2; 
567; 0; 2584.0574; 170; 146.4; 
567; 0; 2585.0735; 170; 146.6; 
567; 0; 2586.0575; 170; 146.8; 
567; 0; 2587.0011; 170; 147; 
567; 0; 2587.9016; 170; 147.2; 
567; 0; 2588.791; 170; 147.4; 
567; 0; 2589.6897; 170; 147.6; 
567; 0; 2590.6381; 170; 147.8; 
567; 0; 2591.7102; 170; 148; 
567; 0; 2592.6897; 170; 148.2; 
567; 0; 2593.5385; 170; 148.4; 
567; 0; 2594.4653; 170; 148.6; 
567; 0; 2595.5894; 170; 148.8; 
567; 0; 2596.9937; 170; 149; 
567; 0; 2598.6824; 170; 149.2; 
567; 0; 2600.5845; 170; 149.4; 
567; 0; 2602.6506; 170; 149.6; 
567; 0; 2604.8356; 170; 149.8; 
567; 0; 2607.0466; 170; 150; 
567; 0; 2609.2034; 170; 150.2; 
567; 0; 2611.2938; 170; 150.4; 
567; 0; 2613.3077; 170; 150.6; 
567; 0; 2615.2146; 170; 150.8; 
567; 0; 2617.0029; 170; 151; 
567; 0; 2618.6741; 170; 151.2; 
567; 0; 2620.2688; 170; 151.4; 
567; 0; 2621.8085; 170; 151.6; 
567; 0; 2623.2856; 170; 151.8; 
567; 0; 2624.7013; 170; 152; 
567; 0; 2626.0529; 170; 152.2; 
567; 0; 2627.3419; 170; 152.4; 
567; 0; 2628.6045; 170; 152.6; 
567; 0; 2629.8569; 170; 152.8; 
567; 0; 2631.0784; 170; 153; 
567; 0; 2632.2249; 170; 153.2; 
567; 0; 2633.2526; 170; 153.4; 
567; 0; 2634.1074; 170; 153.6; 
567; 0; 2634.7129; 170; 153.8; 
567; 0; 2635.0111; 170; 154; 
567; 0; 2634.9561; 170; 154.2; 
567; 0; 2634.5151; 170; 154.4; 
567; 0; 2633.6577; 170; 154.6; 
567; 0; 2632.6567; 170; 154.8; 
567; 0; 2631.6654; 170; 155; 
567; 0; 2630.5562; 170; 155.2; 
567; 0; 2629.2623; 170; 155.4; 
567; 0; 2627.7537; 170; 155.6; 
567; 0; 2626.0575; 170; 155.8; 
567; 0; 2624.1959; 170; 156; 
567; 0; 2622.1654; 170; 156.2; 
567; 0; 2619.9429; 170; 156.4; 
567; 0; 2617.5317; 170; 156.6; 
567; 0; 2614.9723; 170; 156.8; 
567; 0; 2612.2977; 170; 157; 
567; 0; 2609.5332; 170; 157.2; 
567; 0; 2606.6987; 170; 157.4; 
567; 0; 2603.8094; 170; 157.6; 
567; 0; 2600.8774; 170; 157.8; 
567; 0; 2597.913; 170; 158; 
567; 0; 2594.9246; 170; 158.2; 
567; 0; 2591.8876; 170; 158.4; 
567; 0; 2588.7953; 170; 158.6; 
567; 0; 2585.6741; 170; 158.8; 
567; 0; 2582.51; 170; 159; 
567; 0; 2579.3036; 170; 159.2; 
567; 0; 2576.0851; 170; 159.4; 
567; 0; 2572.8717; 170; 159.6; 
567; 0; 2569.673; 170; 159.8; 
567; 0; 2566.5242; 170; 160; 
567; 0; 2563.4386; 170; 160.2; 
567; 0; 2560.394; 170; 160.4; 
567; 0; 2557.4088; 170; 160.6; 
567; 0; 2554.4861; 170; 160.8; 
567; 0; 2551.5974; 170; 161; 
567; 0; 2548.7231; 170; 161.2; 
567; 0; 2545.8834; 170; 161.4; 
567; 0; 2543.1154; 170; 161.6; 
567; 0; 2540.4039; 170; 161.8; 
567; 0; 2537.7426; 170; 162; 
567; 0; 2535.1492; 170; 162.2; 
567; 0; 2532.6321; 170; 162.4; 
567; 0; 2530.1913; 170; 162.6; 
567; 0; 2527.8566; 170; 162.8; 
567; 0; 2525.6331; 170; 163; 
567; 0; 2523.4918; 170; 163.2; 
567; 0; 2521.4097; 170; 163.4; 
567; 0; 2519.4021; 170; 163.6; 
567; 0; 2517.4677; 170; 163.8; 
567; 0; 2515.6082; 170; 164; 
567; 0; 2513.8148; 170; 164.2; 
567; 0; 2512.0839; 170; 164.4; 
567; 0; 2510.4338; 170; 164.6; 
567; 0; 2508.8717; 170; 164.8; 
567; 0; 2507.3971; 170; 165; 
567; 0; 2506.037; 170; 165.2; 
567; 0; 2504.7955; 170; 165.4; 
567; 0; 2503.6404; 170; 165.6; 
567; 0; 2502.5483; 170; 165.8; 
567; 0; 2501.5337; 170; 166; 
567; 0; 2500.5962; 170; 166.2; 
567; 0; 2499.702; 170; 166.4; 
567; 0; 2498.8628; 170; 166.6; 
567; 0; 2498.076; 170; 166.8; 
567; 0; 2497.3448; 170; 167; 
567; 0; 2496.6945; 170; 167.2; 
567; 0; 2496.1007; 170; 167.4; 
567; 0; 2495.5513; 170; 167.6; 
567; 0; 2495.0632; 170; 167.8; 
567; 0; 2494.6425; 170; 168; 
567; 0; 2494.3214; 170; 168.2; 
567; 0; 2494.1067; 170; 168.4; 
567; 0; 2493.9702; 170; 168.6; 
567; 0; 2493.8892; 170; 168.8; 
567; 0; 2493.8788; 170; 169; 
567; 0; 2493.9382; 170; 169.2; 
567; 0; 2494.0374; 170; 169.4; 
567; 0; 2494.1576; 170; 169.6; 
567; 0; 2494.3181; 170; 169.8; 
567; 0; 2494.522; 170; 170; 
567; 0; 2494.7416; 170; 170.2; 
567; 0; 2494.959; 170; 170.4; 
567; 0; 2495.1959; 170; 170.6; 
567; 0; 2495.4583; 170; 170.8; 
567; 0; 2495.7225; 170; 171; 
567; 0; 2496.0065; 170; 171.2; 
567; 0; 2496.3145; 170; 171.4; 
567; 0; 2496.6611; 170; 171.6; 
567; 0; 2497.0609; 170; 171.8; 
567; 0; 2497.5247; 170; 172; 
567; 0; 2498.0629; 170; 172.2; 
567; 0; 2498.6753; 170; 172.4; 
567; 0; 2499.3575; 170; 172.6; 
567; 0; 2500.1056; 170; 172.8; 
567; 0; 2500.9105; 170; 173; 
567; 0; 2501.7952; 170; 173.2; 
567; 0; 2502.7605; 170; 173.4; 
567; 0; 2503.807; 170; 173.6; 
567; 0; 2504.958; 170; 173.8; 
567; 0; 2506.1887; 170; 174; 
567; 0; 2507.4546; 170; 174.2; 
567; 0; 2508.7255; 170; 174.4; 
567; 0; 2509.9843; 170; 174.6; 
567; 0; 2511.223; 170; 174.8; 
567; 0; 2512.4386; 170; 175; 
567; 0; 2513.6299; 170; 175.2; 
567; 0; 2514.7955; 170; 175.4; 
567; 0; 2515.9365; 170; 175.6; 
567; 0; 2517.0544; 170; 175.8; 
567; 0; 2518.152; 170; 176; 
567; 0; 2519.2319; 170; 176.2; 
567; 0; 2520.297; 170; 176.4; 
567; 0; 2521.3495; 170; 176.6; 
567; 0; 2522.3923; 170; 176.8; 
567; 0; 2523.3956; 170; 177; 
567; 0; 2524.3494; 170; 177.2; 
567; 0; 2525.276; 170; 177.4; 
567; 0; 2526.1605; 170; 177.6; 
567; 0; 2527.002; 170; 177.8; 
567; 0; 2527.7958; 170; 178; 
567; 0; 2528.5481; 170; 178.2; 
567; 0; 2529.2589; 170; 178.4; 
567; 0; 2529.9371; 170; 178.6; 
567; 0; 2530.6134; 170; 178.8; 
567; 0; 2531.2747; 170; 179; 
567; 0; 2531.9192; 170; 179.2; 
567; 0; 2532.5433; 170; 179.4; 
567; 0; 2533.1179; 170; 179.6; 
567; 0; 2533.6617; 170; 179.8; 
567; 0; 2534.1819; 170; 180; 
567; 0; 2534.6575; 170; 180.2; 
567; 0; 2535.0787; 170; 180.4; 
567; 0; 2535.4429; 170; 180.6; 
567; 0; 2535.7532; 170; 180.8; 
567; 0; 2536.0155; 170; 181; 
567; 0; 2536.2354; 170; 181.2; 
567; 0; 2536.4181; 170; 181.4; 
567; 0; 2536.5671; 170; 181.6; 
567; 0; 2536.7188; 170; 181.8; 
567; 0; 2536.8895; 170; 182; 
567; 0; 2537.0952; 170; 182.2; 
567; 0; 2537.3361; 170; 182.4; 
567; 0; 2537.5844; 170; 182.6; 
567; 0; 2537.8528; 170; 182.8; 
567; 0; 2538.1433; 170; 183; 
567; 0; 2538.4594; 170; 183.2; 
567; 0; 2538.7972; 170; 183.4; 
567; 0; 2539.1282; 170; 183.6; 
567; 0; 2539.4042; 170; 183.8; 
567; 0; 2539.6051; 170; 184; 
567; 0; 2539.749; 170; 184.2; 
567; 0; 2539.8174; 170; 184.4; 
567; 0; 2539.8092; 170; 184.6; 
567; 0; 2539.7567; 170; 184.8; 
567; 0; 2539.6499; 170; 185; 
567; 0; 2539.4911; 170; 185.2; 
567; 0; 2539.2792; 170; 185.4; 
567; 0; 2539.0208; 170; 185.6; 
567; 0; 2538.717; 170; 185.8; 
567; 0; 2538.3778; 170; 186; 
567; 0; 2538.0061; 170; 186.2; 
567; 0; 2537.5791; 170; 186.4; 
567; 0; 2537.1194; 170; 186.6; 
567; 0; 2536.6351; 170; 186.8; 
567; 0; 2536.1082; 170; 187; 
567; 0; 2535.5603; 170; 187.2; 
567; 0; 2535.0012; 170; 187.4; 
567; 0; 2534.4419; 170; 187.6; 
567; 0; 2533.8827; 170; 187.8; 
567; 0; 2533.3302; 170; 188; 
567; 0; 2532.7823; 170; 188.2; 
567; 0; 2532.2428; 170; 188.4; 
567; 0; 2531.709; 170; 188.6; 
567; 0; 2531.1512; 170; 188.8; 
567; 0; 2530.5555; 170; 189; 
567; 0; 2529.9138; 170; 189.2; 
567; 0; 2529.257; 170; 189.4; 
567; 0; 2528.5973; 170; 189.6; 
567; 0; 2527.916; 170; 189.8; 
567; 0; 2527.236; 170; 190; 
567; 0; 2526.5664; 170; 190.2; 
567; 0; 2525.8848; 170; 190.4; 
567; 0; 2525.2113; 170; 190.6; 
567; 0; 2524.5514; 170; 190.8; 
567; 0; 2523.8816; 170; 191; 
567; 0; 2523.2207; 170; 191.2; 
567; 0; 2522.5724; 170; 191.4; 
567; 0; 2521.9442; 170; 191.6; 
567; 0; 2521.3668; 170; 191.8; 
567; 0; 2520.8246; 170; 192; 
567; 0; 2520.3113; 170; 192.2; 
567; 0; 2519.8461; 170; 192.4; 
567; 0; 2519.4375; 170; 192.6; 
567; 0; 2519.0548; 170; 192.8; 
567; 0; 2518.6846; 170; 193; 
567; 0; 2518.3442; 170; 193.2; 
567; 0; 2518.0099; 170; 193.4; 
567; 0; 2517.6731; 170; 193.6; 
567; 0; 2517.3239; 170; 193.8; 
567; 0; 2516.9628; 170; 194; 
567; 0; 2516.5839; 170; 194.2; 
567; 0; 2516.1918; 170; 194.4; 
567; 0; 2515.7849; 170; 194.6; 
567; 0; 2515.3379; 170; 194.8; 
567; 0; 2514.8716; 170; 195; 
567; 0; 2514.392; 170; 195.2; 
567; 0; 2513.9094; 170; 195.4; 
567; 0; 2513.4535; 170; 195.6; 
567; 0; 2513.0408; 170; 195.8; 
567; 0; 2512.6777; 170; 196; 
567; 0; 2512.4; 170; 196.2; 
567; 0; 2512.2257; 170; 196.4; 
567; 0; 2512.1189; 170; 196.6; 
567; 0; 2512.0577; 170; 196.8; 
567; 0; 2512.0631; 170; 197; 
567; 0; 2512.1385; 170; 197.2; 
567; 0; 2512.255; 170; 197.4; 
567; 0; 2512.3956; 170; 197.6; 
567; 0; 2512.5746; 170; 197.8; 
567; 0; 2512.8323; 170; 198; 
567; 0; 2513.1958; 170; 198.2; 
567; 0; 2513.7047; 170; 198.4; 
567; 0; 2514.4033; 170; 198.6; 
567; 0; 2515.3368; 170; 198.8; 
567; 0; 2516.5752; 170; 199; 
567; 0; 2518.1919; 170; 199.2; 
567; 0; 2520.2611; 170; 199.4; 
567; 0; 2522.8256; 170; 199.6; 
567; 0; 2525.8472; 170; 199.8; 
567; 0; 2529.2793; 170; 200; 
567; 0; 2533.0364; 170; 200.2; 
567; 0; 2536.9969; 170; 200.4; 
567; 0; 2541.0757; 170; 200.6; 
567; 0; 2545.1862; 170; 200.8; 
567; 0; 2549.2195; 170; 201; 
567; 0; 2553.0873; 170; 201.2; 
567; 0; 2556.7474; 170; 201.4; 
567; 0; 2560.1876; 170; 201.6; 
567; 0; 2563.4158; 170; 201.8; 
567; 0; 2566.4474; 170; 202; 
567; 0; 2569.3013; 170; 202.2; 
567; 0; 2571.9994; 170; 202.4; 
567; 0; 2574.5647; 170; 202.6; 
567; 0; 2577.0146; 170; 202.8; 
567; 0; 2579.084; 170; 203; 
567; 0; 2580.6877; 170; 203.2; 
567; 0; 2582.0397; 170; 203.4; 
567; 0; 2583.2806; 170; 203.6; 
567; 0; 2584.4661; 170; 203.8; 
567; 0; 2585.6379; 170; 204; 
567; 0; 2586.8177; 170; 204.2; 
567; 0; 2587.9913; 170; 204.4; 
567; 0; 2589.118; 170; 204.6; 
567; 0; 2590.1829; 170; 204.8; 
567; 0; 2591.1738; 170; 205; 
567; 0; 2592.095; 170; 205.2; 
567; 0; 2592.9469; 170; 205.4; 
567; 0; 2593.7374; 170; 205.6; 
567; 0; 2594.4705; 170; 205.8; 
567; 0; 2595.1257; 170; 206; 
567; 0; 2595.7278; 170; 206.2; 
567; 0; 2596.2893; 170; 206.4; 
567; 0; 2596.7942; 170; 206.6; 
567; 0; 2597.2679; 170; 206.8; 
567; 0; 2597.7195; 170; 207; 
567; 0; 2598.1609; 170; 207.2; 
567; 0; 2598.5952; 170; 207.4; 
567; 0; 2599.032; 170; 207.6; 
567; 0; 2599.4756; 170; 207.8; 
567; 0; 2599.8945; 170; 208; 
567; 0; 2600.2727; 170; 208.2; 
567; 0; 2600.9067; 170; 208.4; 
567; 0; 2601.9021; 170; 208.6; 
567; 0; 2603.0449; 170; 208.8; 
567; 0; 2604.1975; 170; 209; 
567; 0; 2605.2485; 170; 209.2; 
567; 0; 2606.1113; 170; 209.4; 
567; 0; 2606.7123; 170; 209.6; 
567; 0; 2606.9683; 170; 209.8; 
567; 0; 2606.8257; 170; 210; 
567; 0; 2606.2452; 170; 210.2; 
567; 0; 2605.2039; 170; 210.4; 
567; 0; 2603.7133; 170; 210.6; 
567; 0; 2601.8082; 170; 210.8; 
567; 0; 2599.5333; 170; 211; 
567; 0; 2596.9675; 170; 211.2; 
567; 0; 2594.168; 170; 211.4; 
567; 0; 2591.1902; 170; 211.6; 
567; 0; 2588.104; 170; 211.8; 
567; 0; 2584.9572; 170; 212; 
567; 0; 2581.7794; 170; 212.2; 
567; 0; 2578.5901; 170; 212.4; 
567; 0; 2575.4026; 170; 212.6; 
567; 0; 2572.2236; 170; 212.8; 
567; 0; 2569.0577; 170; 213; 
567; 0; 2565.876; 170; 213.2; 
567; 0; 2562.6697; 170; 213.4; 
567; 0; 2559.4635; 170; 213.6; 
567; 0; 2556.2382; 170; 213.8; 
567; 0; 2552.9902; 170; 214; 
567; 0; 2549.778; 170; 214.2; 
567; 0; 2546.6605; 170; 214.4; 
567; 0; 2543.6671; 170; 214.6; 
567; 0; 2540.8065; 170; 214.8; 
567; 0; 2538.1069; 170; 215; 
567; 0; 2535.603; 170; 215.2; 
567; 0; 2533.3033; 170; 215.4; 
567; 0; 2531.234; 170; 215.6; 
567; 0; 2529.392; 170; 215.8; 
567; 0; 2527.7347; 170; 216; 
567; 0; 2526.2599; 170; 216.2; 
567; 0; 2524.9493; 170; 216.4; 
567; 0; 2523.7896; 170; 216.6; 
567; 0; 2522.7572; 170; 216.8; 
567; 0; 2521.8373; 170; 217; 
567; 0; 2521.0399; 170; 217.2; 
567; 0; 2520.3645; 170; 217.4; 
567; 0; 2519.8358; 170; 217.6; 
567; 0; 2519.4551; 170; 217.8; 
567; 0; 2519.2191; 170; 218; 
567; 0; 2519.1438; 170; 218.2; 
567; 0; 2519.228; 170; 218.4; 
567; 0; 2519.4624; 170; 218.6; 
567; 0; 2519.8317; 170; 218.8; 
567; 0; 2520.3187; 170; 219; 
567; 0; 2520.9065; 170; 219.2; 
567; 0; 2521.5778; 170; 219.4; 
567; 0; 2522.3171; 170; 219.6; 
567; 0; 2523.113; 170; 219.8; 
567; 0; 2523.9557; 170; 220; 
567; 0; 2524.8356; 170; 220.2; 
567; 0; 2525.7129; 170; 220.4; 
567; 0; 2526.5706; 170; 220.6; 
567; 0; 2527.3933; 170; 220.8; 
567; 0; 2528.1793; 170; 221; 
567; 0; 2528.923; 170; 221.2; 
567; 0; 2529.6285; 170; 221.4; 
567; 0; 2530.2965; 170; 221.6; 
567; 0; 2530.9344; 170; 221.8; 
567; 0; 2531.5524; 170; 222; 
567; 0; 2532.1523; 170; 222.2; 
567; 0; 2532.7644; 170; 222.4; 
567; 0; 2533.3855; 170; 222.6; 
567; 0; 2534.0172; 170; 222.8; 
567; 0; 2534.7074; 170; 223; 
567; 0; 2535.545; 170; 223.2; 
567; 0; 2536.6913; 170; 223.4; 
567; 0; 2538.3154; 170; 223.6; 
567; 0; 2540.6163; 170; 223.8; 
567; 0; 2543.7893; 170; 224; 
567; 0; 2547.9602; 170; 224.2; 
567; 0; 2552.8955; 170; 224.4; 
567; 0; 2558.4683; 170; 224.6; 
567; 0; 2564.7708; 170; 224.8; 
567; 0; 2571.7565; 170; 225; 
567; 0; 2579.2982; 170; 225.2; 
567; 0; 2587.2627; 170; 225.4; 
567; 0; 2595.4827; 170; 225.6; 
567; 0; 2603.8218; 170; 225.8; 
567; 0; 2612.1868; 170; 226; 
567; 0; 2620.4915; 170; 226.2; 
567; 0; 2628.6888; 170; 226.4; 
567; 0; 2636.7571; 170; 226.6; 
567; 0; 2644.6556; 170; 226.8; 
567; 0; 2652.3751; 170; 227; 
567; 0; 2659.9479; 170; 227.2; 
567; 0; 2667.4006; 170; 227.4; 
567; 0; 2674.7225; 170; 227.6; 
567; 0; 2681.8881; 170; 227.8; 
567; 0; 2688.8931; 170; 228; 
567; 0; 2695.7106; 170; 228.2; 
567; 0; 2702.3104; 170; 228.4; 
567; 0; 2708.656; 170; 228.6; 
567; 0; 2714.6818; 170; 228.8; 
567; 0; 2720.3734; 170; 229; 
567; 0; 2725.7361; 170; 229.2; 
567; 0; 2730.7948; 170; 229.4; 
567; 0; 2735.5762; 170; 229.6; 
567; 0; 2740.1167; 170; 229.8; 
567; 0; 2744.4271; 170; 230; 
567; 0; 2748.4845; 170; 230.2; 
567; 0; 2752.2902; 170; 230.4; 
567; 0; 2755.8591; 170; 230.6; 
567; 0; 2759.1895; 170; 230.8; 
567; 0; 2762.2977; 170; 231; 
567; 0; 2765.2031; 170; 231.2; 
567; 0; 2768.0416; 170; 231.4; 
567; 0; 2771.1512; 170; 231.6; 
567; 0; 2773.9946; 170; 231.8; 
567; 0; 2776.6029; 170; 232; 
567; 0; 2779.0094; 170; 232.2; 
567; 0; 2781.2056; 170; 232.4; 
567; 0; 2783.2024; 170; 232.6; 
567; 0; 2785.0188; 170; 232.8; 
567; 0; 2786.6781; 170; 233; 
567; 0; 2788.171; 170; 233.2; 
567; 0; 2789.4772; 170; 233.4; 
567; 0; 2790.5891; 170; 233.6; 
567; 0; 2791.5305; 170; 233.8; 
567; 0; 2792.3217; 170; 234; 
567; 0; 2792.9858; 170; 234.2; 
567; 0; 2793.5769; 170; 234.4; 
567; 0; 2794.1892; 170; 234.6; 
567; 0; 2794.933; 170; 234.8; 
567; 0; 2795.9172; 170; 235; 
567; 0; 2797.215; 170; 235.2; 
567; 0; 2798.8533; 170; 235.4; 
567; 0; 2800.8284; 170; 235.6; 
567; 0; 2803.0844; 170; 235.8; 
567; 0; 2805.5479; 170; 236; 
567; 0; 2808.1299; 170; 236.2; 
567; 0; 2810.7104; 170; 236.4; 
567; 0; 2813.1918; 170; 236.6; 
567; 0; 2815.5243; 170; 236.8; 
567; 0; 2817.6569; 170; 237; 
567; 0; 2819.5128; 170; 237.2; 
567; 0; 2821.0701; 170; 237.4; 
567; 0; 2822.3622; 170; 237.6; 
567; 0; 2823.3911; 170; 237.8; 
567; 0; 2824.209; 170; 238; 
567; 0; 2824.91; 170; 238.2; 
567; 0; 2825.5562; 170; 238.4; 
567; 0; 2826.1843; 170; 238.6; 
567; 0; 2826.8165; 170; 238.8; 
567; 0; 2827.4689; 170; 239; 
567; 0; 2828.1527; 170; 239.2; 
567; 0; 2828.8384; 170; 239.4; 
567; 0; 2829.4812; 170; 239.6; 
567; 0; 2830.0585; 170; 239.8; 
567; 0; 2830.5619; 170; 240; 
567; 0; 2830.9904; 170; 240.2; 
567; 0; 2831.3468; 170; 240.4; 
567; 0; 2831.6346; 170; 240.6; 
567; 0; 2831.8612; 170; 240.8; 
567; 0; 2832.036; 170; 241; 
567; 0; 2832.1674; 170; 241.2; 
567; 0; 2832.2616; 170; 241.4; 
567; 0; 2832.3246; 170; 241.6; 
567; 0; 2832.3604; 170; 241.8; 
567; 0; 2832.3734; 170; 242; 
567; 0; 2832.3361; 170; 242.2; 
567; 0; 2832.2406; 170; 242.4; 
567; 0; 2832.1116; 170; 242.6; 
567; 0; 2831.932; 170; 242.8; 
567; 0; 2831.6692; 170; 243; 
567; 0; 2831.3103; 170; 243.2; 
567; 0; 2830.8549; 170; 243.4; 
567; 0; 2830.3021; 170; 243.6; 
567; 0; 2829.6464; 170; 243.8; 
567; 0; 2828.8867; 170; 244; 
567; 0; 2827.9689; 170; 244.2; 
567; 0; 2826.7842; 170; 244.4; 
567; 0; 2825.4299; 170; 244.6; 
567; 0; 2823.8497; 170; 244.8; 
567; 0; 2821.7379; 170; 245; 
567; 0; 2818.8622; 170; 245.2; 
567; 0; 2815.0775; 170; 245.4; 
567; 0; 2810.2964; 170; 245.6; 
567; 0; 2804.5671; 170; 245.8; 
567; 0; 2798.0278; 170; 246; 
567; 0; 2790.8208; 170; 246.2; 
567; 0; 2783.1478; 170; 246.4; 
567; 0; 2775.2441; 170; 246.6; 
567; 0; 2767.3341; 170; 246.8; 
567; 0; 2759.5842; 170; 247; 
567; 0; 2752.1218; 170; 247.2; 
567; 0; 2744.9977; 170; 247.4; 
567; 0; 2739.2925; 170; 247.6; 
567; 0; 2733.975; 170; 247.8; 
567; 0; 2728.7893; 170; 248; 
567; 0; 2723.6526; 170; 248.2; 
567; 0; 2718.4878; 170; 248.4; 
567; 0; 2713.252; 170; 248.6; 
567; 0; 2707.8927; 170; 248.8; 
567; 0; 2702.394; 170; 249; 
567; 0; 2696.7815; 170; 249.2; 
567; 0; 2691.0804; 170; 249.4; 
567; 0; 2685.3397; 170; 249.6; 
567; 0; 2679.6501; 170; 249.8; 
567; 0; 2674.1145; 170; 250; 
567; 0; 2668.8407; 170; 250.2; 
567; 0; 2663.9043; 170; 250.4; 
567; 0; 2659.2986; 170; 250.6; 
567; 0; 2655.0048; 170; 250.8; 
567; 0; 2650.9592; 170; 251; 
567; 0; 2647.0868; 170; 251.2; 
567; 0; 2643.2963; 170; 251.4; 
567; 0; 2639.4769; 170; 251.6; 
567; 0; 2635.5651; 170; 251.8; 
567; 0; 2631.4972; 170; 252; 
567; 0; 2627.2191; 170; 252.2; 
567; 0; 2622.7444; 170; 252.4; 
567; 0; 2618.0867; 170; 252.6; 
567; 0; 2613.2709; 170; 252.8; 
567; 0; 2608.3458; 170; 253; 
567; 0; 2603.3774; 170; 253.2; 
567; 0; 2598.4351; 170; 253.4; 
567; 0; 2593.5911; 170; 253.6; 
567; 0; 2588.879; 170; 253.8; 
567; 0; 2584.2836; 170; 254; 
567; 0; 2579.8223; 170; 254.2; 
567; 0; 2575.5247; 170; 254.4; 
567; 0; 2571.3977; 170; 254.6; 
567; 0; 2567.4341; 170; 254.8; 
567; 0; 2563.6204; 170; 255; 
567; 0; 2559.941; 170; 255.2; 
567; 0; 2556.3793; 170; 255.4; 
567; 0; 2552.9175; 170; 255.6; 
567; 0; 2549.5419; 170; 255.8; 
567; 0; 2546.241; 170; 256; 
567; 0; 2543.0354; 170; 256.2; 
567; 0; 2539.9257; 170; 256.4; 
567; 0; 2536.9109; 170; 256.6; 
567; 0; 2534.0432; 170; 256.8; 
567; 0; 2531.3392; 170; 257; 
567; 0; 2528.8054; 170; 257.2; 
567; 0; 2526.431; 170; 257.4; 
567; 0; 2524.2058; 170; 257.6; 
567; 0; 2522.1085; 170; 257.8; 
567; 0; 2520.1237; 170; 258; 
567; 0; 2518.2631; 170; 258.2; 
567; 0; 2516.5299; 170; 258.4; 
567; 0; 2514.8864; 170; 258.6; 
567; 0; 2513.3094; 170; 258.8; 
567; 0; 2511.8091; 170; 259; 
567; 0; 2510.3848; 170; 259.2; 
567; 0; 2509.0614; 170; 259.4; 
567; 0; 2507.8442; 170; 259.6; 
567; 0; 2506.7014; 170; 259.8; 
567; 0; 2505.6444; 170; 260; 
567; 0; 2504.6776; 170; 260.2; 
567; 0; 2503.76; 170; 260.4; 
567; 0; 2502.9015; 170; 260.6; 
567; 0; 2502.0928; 170; 260.8; 
567; 0; 2501.3043; 170; 261; 
567; 0; 2500.522; 170; 261.2; 
567; 0; 2499.7313; 170; 261.4; 
567; 0; 2498.9606; 170; 261.6; 
567; 0; 2498.2217; 170; 261.8; 
567; 0; 2497.5231; 170; 262; 
567; 0; 2496.8927; 170; 262.2; 
567; 0; 2496.3715; 170; 262.4; 
567; 0; 2495.972; 170; 262.6; 
567; 0; 2495.701; 170; 262.8; 
567; 0; 2495.5466; 170; 263; 
567; 0; 2495.4709; 170; 263.2; 
567; 0; 2495.447; 170; 263.4; 
567; 0; 2495.4249; 170; 263.6; 
567; 0; 2495.3795; 170; 263.8; 
567; 0; 2495.293; 170; 264; 
567; 0; 2495.131; 170; 264.2; 
567; 0; 2494.8781; 170; 264.4; 
567; 0; 2494.5291; 170; 264.6; 
567; 0; 2494.0868; 170; 264.8; 
567; 0; 2493.5588; 170; 265; 
567; 0; 2492.9866; 170; 265.2; 
567; 0; 2492.3927; 170; 265.4; 
567; 0; 2491.7969; 170; 265.6; 
567; 0; 2491.2374; 170; 265.8; 
567; 0; 2490.7018; 170; 266; 
567; 0; 2490.187; 170; 266.2; 
567; 0; 2489.7163; 170; 266.4; 
567; 0; 2489.3003; 170; 266.6; 
567; 0; 2488.911; 170; 266.8; 
567; 0; 2488.5374; 170; 267; 
567; 0; 2488.1666; 170; 267.2; 
567; 0; 2487.7627; 170; 267.4; 
567; 0; 2487.3379; 170; 267.6; 
567; 0; 2486.8953; 170; 267.8; 
567; 0; 2486.4459; 170; 268; 
567; 0; 2485.9913; 170; 268.2; 
567; 0; 2485.5391; 170; 268.4; 
567; 0; 2485.1189; 170; 268.6; 
567; 0; 2484.7465; 170; 268.8; 
567; 0; 2484.4324; 170; 269; 
567; 0; 2484.2073; 170; 269.2; 
567; 0; 2484.1068; 170; 269.4; 
567; 0; 2484.1162; 170; 269.6; 
567; 0; 2484.2266; 170; 269.8; 
567; 0; 2484.4194; 170; 270; 
567; 0; 2484.6857; 170; 270.2; 
567; 0; 2485.0007; 170; 270.4; 
567; 0; 2485.337; 170; 270.6; 
567; 0; 2485.6521; 170; 270.8; 
567; 0; 2485.9224; 170; 271; 
567; 0; 2486.2029; 170; 271.2; 
567; 0; 2486.5493; 170; 271.4; 
567; 0; 2487.0188; 170; 271.6; 
567; 0; 2487.7213; 170; 271.8; 
567; 0; 2488.7551; 170; 272; 
567; 0; 2490.1592; 170; 272.2; 
567; 0; 2491.9355; 170; 272.4; 
567; 0; 2494.0631; 170; 272.6; 
567; 0; 2496.4779; 170; 272.8; 
567; 0; 2499.0984; 170; 273; 
567; 0; 2501.8618; 170; 273.2; 
567; 0; 2504.6588; 170; 273.4; 
567; 0; 2507.4012; 170; 273.6; 
567; 0; 2510.0356; 170; 273.8; 
567; 0; 2512.4805; 170; 274; 
567; 0; 2514.7098; 170; 274.2; 
567; 0; 2516.7145; 170; 274.4; 
567; 0; 2518.474; 170; 274.6; 
567; 0; 2520.0233; 170; 274.8; 
567; 0; 2521.4218; 170; 275; 
567; 0; 2522.7411; 170; 275.2; 
567; 0; 2524.0557; 170; 275.4; 
567; 0; 2525.411; 170; 275.6; 
567; 0; 2526.83; 170; 275.8; 
567; 0; 2528.3203; 170; 276; 
567; 0; 2529.8793; 170; 276.2; 
567; 0; 2531.5034; 170; 276.4; 
567; 0; 2533.1552; 170; 276.6; 
567; 0; 2534.7842; 170; 276.8; 
567; 0; 2536.364; 170; 277; 
567; 0; 2537.8511; 170; 277.2; 
567; 0; 2539.1967; 170; 277.4; 
567; 0; 2540.3801; 170; 277.6; 
567; 0; 2541.3993; 170; 277.8; 
567; 0; 2542.2629; 170; 278; 
567; 0; 2542.9832; 170; 278.2; 
567; 0; 2543.5763; 170; 278.4; 
567; 0; 2544.0582; 170; 278.6; 
567; 0; 2544.4462; 170; 278.8; 
567; 0; 2544.7242; 170; 279; 
567; 0; 2544.8944; 170; 279.2; 
567; 0; 2544.959; 170; 279.4; 
567; 0; 2544.9327; 170; 279.6; 
567; 0; 2544.8579; 170; 279.8; 
567; 0; 2544.7291; 170; 280; 
567; 0; 2544.5837; 170; 280.2; 
567; 0; 2544.4666; 170; 280.4; 
567; 0; 2544.3739; 170; 280.6; 
567; 0; 2544.3317; 170; 280.8; 
567; 0; 2544.348; 170; 281; 
567; 0; 2544.4307; 170; 281.2; 
567; 0; 2544.605; 170; 281.4; 
567; 0; 2544.8492; 170; 281.6; 
567; 0; 2545.1543; 170; 281.8; 
567; 0; 2545.5057; 170; 282; 
567; 0; 2545.8643; 170; 282.2; 
567; 0; 2546.2388; 170; 282.4; 
567; 0; 2546.6283; 170; 282.6; 
567; 0; 2547.0385; 170; 282.8; 
567; 0; 2547.4995; 170; 283; 
567; 0; 2548.0254; 170; 283.2; 
567; 0; 2548.6169; 170; 283.4; 
567; 0; 2549.269; 170; 283.6; 
567; 0; 2549.9742; 170; 283.8; 
567; 0; 2550.7255; 170; 284; 
567; 0; 2551.5168; 170; 284.2; 
567; 0; 2552.3428; 170; 284.4; 
567; 0; 2553.1643; 170; 284.6; 
567; 0; 2553.9323; 170; 284.8; 
567; 0; 2554.6218; 170; 285; 
567; 0; 2555.1927; 170; 285.2; 
567; 0; 2555.6329; 170; 285.4; 
567; 0; 2555.9402; 170; 285.6; 
567; 0; 2556.0955; 170; 285.8; 
567; 0; 2556.1304; 170; 286; 
567; 0; 2556.0975; 170; 286.2; 
567; 0; 2556.0625; 170; 286.4; 
567; 0; 2556.0891; 170; 286.6; 
567; 0; 2556.2433; 170; 286.8; 
567; 0; 2556.5811; 170; 287; 
567; 0; 2557.1233; 170; 287.2; 
567; 0; 2557.8694; 170; 287.4; 
567; 0; 2558.8068; 170; 287.6; 
567; 0; 2559.9149; 170; 287.8; 
567; 0; 2561.1412; 170; 288; 
567; 0; 2562.4222; 170; 288.2; 
567; 0; 2563.7174; 170; 288.4; 
567; 0; 2564.9706; 170; 288.6; 
567; 0; 2566.1255; 170; 288.8; 
567; 0; 2567.1565; 170; 289; 
567; 0; 2568.026; 170; 289.2; 
567; 0; 2568.7323; 170; 289.4; 
567; 0; 2569.3362; 170; 289.6; 
567; 0; 2569.9364; 170; 289.8; 
567; 0; 2570.5782; 170; 290; 
567; 0; 2571.2887; 170; 290.2; 
567; 0; 2572.108; 170; 290.4; 
567; 0; 2573.0519; 170; 290.6; 
567; 0; 2574.058; 170; 290.8; 
567; 0; 2575.0364; 170; 291; 
567; 0; 2575.934; 170; 291.2; 
567; 0; 2576.6619; 170; 291.4; 
567; 0; 2577.1243; 170; 291.6; 
567; 0; 2577.2487; 170; 291.8; 
567; 0; 2576.9883; 170; 292; 
567; 0; 2576.3381; 170; 292.2; 
567; 0; 2575.3156; 170; 292.4; 
567; 0; 2573.9543; 170; 292.6; 
567; 0; 2572.2955; 170; 292.8; 
567; 0; 2570.4131; 170; 293; 
567; 0; 2568.3896; 170; 293.2; 
567; 0; 2566.281; 170; 293.4; 
567; 0; 2564.1581; 170; 293.6; 
567; 0; 2562.09; 170; 293.8; 
567; 0; 2560.1134; 170; 294; 
567; 0; 2558.244; 170; 294.2; 
567; 0; 2556.4547; 170; 294.4; 
567; 0; 2554.7288; 170; 294.6; 
567; 0; 2553.0496; 170; 294.8; 
567; 0; 2551.377; 170; 295; 
567; 0; 2549.687; 170; 295.2; 
567; 0; 2547.9996; 170; 295.4; 
567; 0; 2546.3221; 170; 295.6; 
567; 0; 2544.6299; 170; 295.8; 
567; 0; 2542.9094; 170; 296; 
567; 0; 2541.1542; 170; 296.2; 
567; 0; 2539.3943; 170; 296.4; 
567; 0; 2537.6444; 170; 296.6; 
567; 0; 2535.9175; 170; 296.8; 
567; 0; 2534.2152; 170; 297; 
567; 0; 2532.5427; 170; 297.2; 
567; 0; 2530.9287; 170; 297.4; 
567; 0; 2529.3865; 170; 297.6; 
567; 0; 2527.9192; 170; 297.8; 
567; 0; 2526.5551; 170; 298; 
567; 0; 2525.3002; 170; 298.2; 
567; 0; 2524.1567; 170; 298.4; 
567; 0; 2523.1147; 170; 298.6; 
567; 0; 2522.1656; 170; 298.8; 
567; 0; 2521.2944; 170; 299; 
567; 0; 2520.4612; 170; 299.2; 
567; 0; 2519.6741; 170; 299.4; 
567; 0; 2518.9291; 170; 299.6; 
567; 0; 2518.1945; 170; 299.8; 
567; 0; 2517.4518; 170; 300; 
567; 0; 2516.7239; 170; 300.2; 
567; 0; 2516.0159; 170; 300.4; 
567; 0; 2515.3354; 170; 300.6; 
567; 0; 2514.7106; 170; 300.8; 
567; 0; 2514.155; 170; 301; 
567; 0; 2513.6725; 170; 301.2; 
567; 0; 2513.2622; 170; 301.4; 
567; 0; 2512.918; 170; 301.6; 
567; 0; 2512.6344; 170; 301.8; 
567; 0; 2512.4058; 170; 302; 
567; 0; 2512.2242; 170; 302.2; 
567; 0; 2512.0836; 170; 302.4; 
567; 0; 2512.0074; 170; 302.6; 
567; 0; 2512.033; 170; 302.8; 
567; 0; 2512.144; 170; 303; 
567; 0; 2512.3301; 170; 303.2; 
567; 0; 2512.608; 170; 303.4; 
567; 0; 2512.9823; 170; 303.6; 
567; 0; 2513.4183; 170; 303.8; 
567; 0; 2513.8973; 170; 304; 
567; 0; 2514.4009; 170; 304.2; 
567; 0; 2514.9225; 170; 304.4; 
567; 0; 2515.4515; 170; 304.6; 
567; 0; 2515.9868; 170; 304.8; 
567; 0; 2516.5193; 170; 305; 
567; 0; 2517.0497; 170; 305.2; 
567; 0; 2517.6053; 170; 305.4; 
567; 0; 2518.1689; 170; 305.6; 
567; 0; 2518.7378; 170; 305.8; 
567; 0; 2519.303; 170; 306; 
567; 0; 2519.8647; 170; 306.2; 
567; 0; 2520.4167; 170; 306.4; 
567; 0; 2520.9622; 170; 306.6; 
567; 0; 2521.4976; 170; 306.8; 
567; 0; 2521.9971; 170; 307; 
567; 0; 2522.4771; 170; 307.2; 
567; 0; 2522.9434; 170; 307.4; 
567; 0; 2523.3735; 170; 307.6; 
567; 0; 2523.7563; 170; 307.8; 
567; 0; 2524.1205; 170; 308; 
567; 0; 2524.4774; 170; 308.2; 
567; 0; 2524.8081; 170; 308.4; 
567; 0; 2525.1034; 170; 308.6; 
567; 0; 2525.3594; 170; 308.8; 
567; 0; 2525.5765; 170; 309; 
567; 0; 2525.7889; 170; 309.2; 
567; 0; 2525.9799; 170; 309.4; 
567; 0; 2526.1184; 170; 309.6; 
567; 0; 2526.2166; 170; 309.8; 
567; 0; 2526.2838; 170; 310; 
567; 0; 2526.2958; 170; 310.2; 
567; 0; 2526.248; 170; 310.4; 
567; 0; 2526.1372; 170; 310.6; 
567; 0; 2525.9456; 170; 310.8; 
567; 0; 2525.6855; 170; 311; 
567; 0; 2525.3987; 170; 311.2; 
567; 0; 2525.1129; 170; 311.4; 
567; 0; 2524.8461; 170; 311.6; 
567; 0; 2524.5763; 170; 311.8; 
567; 0; 2524.2957; 170; 312; 
567; 0; 2524.022; 170; 312.2; 
567; 0; 2523.7527; 170; 312.4; 
567; 0; 2523.484; 170; 312.6; 
567; 0; 2523.2729; 170; 312.8; 
567; 0; 2523.1766; 170; 313; 
567; 0; 2523.251; 170; 313.2; 
567; 0; 2523.5433; 170; 313.4; 
567; 0; 2524.0964; 170; 313.6; 
567; 0; 2524.9417; 170; 313.8; 
567; 0; 2526.0826; 170; 314; 
567; 0; 2527.4724; 170; 314.2; 
567; 0; 2529.0421; 170; 314.4; 
567; 0; 2530.707; 170; 314.6; 
567; 0; 2532.3558; 170; 314.8; 
567; 0; 2533.8979; 170; 315; 
567; 0; 2535.2548; 170; 315.2; 
567; 0; 2536.332; 170; 315.4; 
567; 0; 2537.0955; 170; 315.6; 
567; 0; 2537.5383; 170; 315.8; 
567; 0; 2537.6504; 170; 316; 
567; 0; 2537.479; 170; 316.2; 
567; 0; 2537.0634; 170; 316.4; 
567; 0; 2536.4453; 170; 316.6; 
567; 0; 2535.6874; 170; 316.8; 
567; 0; 2534.8657; 170; 317; 
567; 0; 2534.0239; 170; 317.2; 
567; 0; 2533.1935; 170; 317.4; 
567; 0; 2532.4161; 170; 317.6; 
567; 0; 2531.6802; 170; 317.8; 
567; 0; 2530.9521; 170; 318; 
567; 0; 2530.2129; 170; 318.2; 
567; 0; 2529.4523; 170; 318.4; 
567; 0; 2528.6639; 170; 318.6; 
567; 0; 2527.816; 170; 318.8; 
567; 0; 2526.8672; 170; 319; 
567; 0; 2525.8323; 170; 319.2; 
567; 0; 2524.7209; 170; 319.4; 
567; 0; 2523.5182; 170; 319.6; 
567; 0; 2522.2511; 170; 319.8; 
567; 0; 2520.9657; 170; 320; 
567; 0; 2519.6892; 170; 320.2; 
567; 0; 2518.4678; 170; 320.4; 
567; 0; 2517.318; 170; 320.6; 
567; 0; 2516.2527; 170; 320.8; 
567; 0; 2515.2708; 170; 321; 
567; 0; 2514.3706; 170; 321.2; 
567; 0; 2513.5405; 170; 321.4; 
567; 0; 2512.7429; 170; 321.6; 
567; 0; 2511.9545; 170; 321.8; 
567; 0; 2511.1619; 170; 322; 
567; 0; 2510.3588; 170; 322.2; 
567; 0; 2509.5411; 170; 322.4; 
567; 0; 2508.7073; 170; 322.6; 
567; 0; 2507.8582; 170; 322.8; 
567; 0; 2506.9941; 170; 323; 
567; 0; 2506.1188; 170; 323.2; 
567; 0; 2505.2378; 170; 323.4; 
567; 0; 2504.3842; 170; 323.6; 
567; 0; 2503.5996; 170; 323.8; 
567; 0; 2502.9088; 170; 324; 
567; 0; 2502.3243; 170; 324.2; 
567; 0; 2501.87; 170; 324.4; 
567; 0; 2501.5802; 170; 324.6; 
567; 0; 2501.4629; 170; 324.8; 
567; 0; 2501.5111; 170; 325; 
567; 0; 2501.6748; 170; 325.2; 
567; 0; 2501.9244; 170; 325.4; 
567; 0; 2502.2351; 170; 325.6; 
567; 0; 2502.527; 170; 325.8; 
567; 0; 2502.7299; 170; 326; 
567; 0; 2502.7762; 170; 326.2; 
567; 0; 2502.6096; 170; 326.4; 
567; 0; 2502.2102; 170; 326.6; 
567; 0; 2501.5488; 170; 326.8; 
567; 0; 2500.5973; 170; 327; 
567; 0; 2499.3872; 170; 327.2; 
567; 0; 2497.9812; 170; 327.4; 
567; 0; 2496.4281; 170; 327.6; 
567; 0; 2494.766; 170; 327.8; 
567; 0; 2493.0525; 170; 328; 
567; 0; 2491.349; 170; 328.2; 
567; 0; 2489.6919; 170; 328.4; 
567; 0; 2488.1342; 170; 328.6; 
567; 0; 2486.6964; 170; 328.8; 
567; 0; 2485.3589; 170; 329; 
567; 0; 2484.1017; 170; 329.2; 
567; 0; 2482.9412; 170; 329.4; 
567; 0; 2481.8748; 170; 329.6; 
567; 0; 2480.9027; 170; 329.8; 
567; 0; 2480.0148; 170; 330; 
567; 0; 2479.2054; 170; 330.2; 
567; 0; 2478.4937; 170; 330.4; 
567; 0; 2477.8846; 170; 330.6; 
567; 0; 2477.3745; 170; 330.8; 
567; 0; 2476.9882; 170; 331; 
567; 0; 2476.7583; 170; 331.2; 
567; 0; 2476.6952; 170; 331.4; 
567; 0; 2476.7937; 170; 331.6; 
567; 0; 2477.075; 170; 331.8; 
567; 0; 2477.5339; 170; 332; 
567; 0; 2478.1323; 170; 332.2; 
567; 0; 2478.8394; 170; 332.4; 
567; 0; 2479.6294; 170; 332.6; 
567; 0; 2480.514; 170; 332.8; 
567; 0; 2481.4866; 170; 333; 
567; 0; 2482.5115; 170; 333.2; 
567; 0; 2483.5342; 170; 333.4; 
567; 0; 2484.5282; 170; 333.6; 
567; 0; 2485.5065; 170; 333.8; 
567; 0; 2486.4452; 170; 334; 
567; 0; 2487.3057; 170; 334.2; 
567; 0; 2488.1014; 170; 334.4; 
567; 0; 2488.837; 170; 334.6; 
567; 0; 2489.4911; 170; 334.8; 
567; 0; 2490.056; 170; 335; 
567; 0; 2490.5334; 170; 335.2; 
567; 0; 2490.9327; 170; 335.4; 
567; 0; 2491.2653; 170; 335.6; 
567; 0; 2491.5089; 170; 335.8; 
567; 0; 2491.6597; 170; 336; 
567; 0; 2491.7469; 170; 336.2; 
567; 0; 2491.79; 170; 336.4; 
567; 0; 2491.8375; 170; 336.6; 
567; 0; 2491.912; 170; 336.8; 
567; 0; 2491.9984; 170; 337; 
567; 0; 2492.119; 170; 337.2; 
567; 0; 2492.2791; 170; 337.4; 
567; 0; 2492.4843; 170; 337.6; 
567; 0; 2492.7288; 170; 337.8; 
567; 0; 2492.9803; 170; 338; 
567; 0; 2493.254; 170; 338.2; 
567; 0; 2493.5544; 170; 338.4; 
567; 0; 2493.8533; 170; 338.6; 
567; 0; 2494.1344; 170; 338.8; 
567; 0; 2494.3873; 170; 339; 
567; 0; 2494.6095; 170; 339.2; 
567; 0; 2494.8334; 170; 339.4; 
567; 0; 2495.0715; 170; 339.6; 
567; 0; 2495.3027; 170; 339.8; 
567; 0; 2495.5461; 170; 340; 
567; 0; 2495.809; 170; 340.2; 
567; 0; 2496.068; 170; 340.4; 
567; 0; 2496.3102; 170; 340.6; 
567; 0; 2496.5276; 170; 340.8; 
567; 0; 2496.7188; 170; 341; 
567; 0; 2496.8508; 170; 341.2; 
567; 0; 2496.9155; 170; 341.4; 
567; 0; 2496.936; 170; 341.6; 
567; 0; 2496.9287; 170; 341.8; 
567; 0; 2496.9041; 170; 342; 
567; 0; 2496.8694; 170; 342.2; 
567; 0; 2496.8298; 170; 342.4; 
567; 0; 2496.7915; 170; 342.6; 
567; 0; 2496.7261; 170; 342.8; 
567; 0; 2496.6232; 170; 343; 
567; 0; 2496.473; 170; 343.2; 
567; 0; 2496.2773; 170; 343.4; 
567; 0; 2496.0646; 170; 343.6; 
567; 0; 2495.8535; 170; 343.8; 
567; 0; 2495.6221; 170; 344; 
567; 0; 2495.3662; 170; 344.2; 
567; 0; 2495.0817; 170; 344.4; 
567; 0; 2494.7723; 170; 344.6; 
567; 0; 2494.437; 170; 344.8; 
567; 0; 2494.0806; 170; 345; 
567; 0; 2493.7032; 170; 345.2; 
567; 0; 2493.3086; 170; 345.4; 
567; 0; 2492.9221; 170; 345.6; 
567; 0; 2492.5627; 170; 345.8; 
567; 0; 2492.2271; 170; 346; 
567; 0; 2491.8813; 170; 346.2; 
567; 0; 2491.4758; 170; 346.4; 
567; 0; 2490.9235; 170; 346.6; 
567; 0; 2490.1222; 170; 346.8; 
567; 0; 2488.962; 170; 347; 
567; 0; 2487.2833; 170; 347.2; 
567; 0; 2484.9338; 170; 347.4; 
567; 0; 2481.8024; 170; 347.6; 
567; 0; 2477.823; 170; 347.8; 
567; 0; 2472.9877; 170; 348; 
567; 0; 2467.3396; 170; 348.2; 
567; 0; 2460.9792; 170; 348.4; 
567; 0; 2454.0632; 170; 348.6; 
567; 0; 2446.7706; 170; 348.8; 
567; 0; 2439.2902; 170; 349; 
567; 0; 2431.8054; 170; 349.2; 
567; 0; 2424.422; 170; 349.4; 
567; 0; 2417.1995; 170; 349.6; 
567; 0; 2410.1592; 170; 349.8; 
567; 0; 2403.3083; 170; 350; 
567; 0; 2396.6672; 170; 350.2; 
567; 0; 2390.2045; 170; 350.4; 
567; 0; 2383.8754; 170; 350.6; 
567; 0; 2377.646; 170; 350.8; 
567; 0; 2371.4836; 170; 351; 
567; 0; 2365.3652; 170; 351.2; 
567; 0; 2359.2764; 170; 351.4; 
567; 0; 2353.3481; 170; 351.6; 
567; 0; 2348.4241; 170; 351.8; 
567; 0; 2343.6484; 170; 352; 
567; 0; 2339.0359; 170; 352.2; 
567; 0; 2334.6453; 170; 352.4; 
567; 0; 2330.4902; 170; 352.6; 
567; 0; 2326.5713; 170; 352.8; 
567; 0; 2322.9016; 170; 353; 
567; 0; 2319.5084; 170; 353.2; 
567; 0; 2316.386; 170; 353.4; 
567; 0; 2313.4877; 170; 353.6; 
567; 0; 2310.806; 170; 353.8; 
567; 0; 2308.3199; 170; 354; 
567; 0; 2306.0106; 170; 354.2; 
567; 0; 2303.8831; 170; 354.4; 
567; 0; 2301.9314; 170; 354.6; 
567; 0; 2300.1392; 170; 354.8; 
567; 0; 2298.5198; 170; 355; 
567; 0; 2297.0636; 170; 355.2; 
567; 0; 2295.7614; 170; 355.4; 
567; 0; 2294.6272; 170; 355.6; 
567; 0; 2293.6284; 170; 355.8; 
567; 0; 2292.7432; 170; 356; 
567; 0; 2291.9783; 170; 356.2; 
567; 0; 2291.3297; 170; 356.4; 
567; 0; 2290.7869; 170; 356.6; 
567; 0; 2290.3375; 170; 356.8; 
567; 0; 2290.0032; 170; 357; 
567; 0; 2289.786; 170; 357.2; 
567; 0; 2289.6543; 170; 357.4; 
567; 0; 2289.5814; 170; 357.6; 
567; 0; 2289.5813; 170; 357.8; 
567; 0; 2289.6525; 170; 358; 
567; 0; 2289.7974; 170; 358.2; 
567; 0; 2290.0378; 170; 358.4; 
567; 0; 2290.3832; 170; 358.6; 
567; 0; 2290.8297; 170; 358.8; 
567; 0; 2291.3691; 170; 359; 
567; 0; 2291.989; 170; 359.2; 
567; 0; 2292.6759; 170; 359.4; 
567; 0; 2293.4235; 170; 359.6; 
567; 0; 2294.2234; 170; 359.8; 
567; 0; 2295.0671; 170; 360; 
567; 0; 2295.9451; 170; 360.2; 
567; 0; 2296.8506; 170; 360.4; 
567; 0; 2297.7784; 170; 360.6; 
567; 0; 2298.7247; 170; 360.8; 
567; 0; 2299.6855; 170; 361; 
567; 0; 2300.6584; 170; 361.2; 
567; 0; 2301.6735; 170; 361.4; 
567; 0; 2302.7399; 170; 361.6; 
567; 0; 2303.8643; 170; 361.8; 
567; 0; 2305.0405; 170; 362; 
567; 0; 2306.2678; 170; 362.2; 
567; 0; 2307.5708; 170; 362.4; 
567; 0; 2308.927; 170; 362.6; 
567; 0; 2310.3279; 170; 362.8; 
567; 0; 2311.7593; 170; 363; 
567; 0; 2313.2155; 170; 363.2; 
567; 0; 2314.7196; 170; 363.4; 
567; 0; 2316.2484; 170; 363.6; 
567; 0; 2317.7922; 170; 363.8; 
567; 0; 2319.3668; 170; 364; 
567; 0; 2320.9481; 170; 364.2; 
567; 0; 2322.5298; 170; 364.4; 
567; 0; 2324.104; 170; 364.6; 
567; 0; 2325.6398; 170; 364.8; 
567; 0; 2327.1216; 170; 365; 
567; 0; 2328.5425; 170; 365.2; 
567; 0; 2329.9008; 170; 365.4; 
567; 0; 2331.1995; 170; 365.6; 
567; 0; 2332.4446; 170; 365.8; 
567; 0; 2333.6736; 170; 366; 
567; 0; 2334.9008; 170; 366.2; 
567; 0; 2336.1088; 170; 366.4; 
567; 0; 2337.2888; 170; 366.6; 
567; 0; 2338.4075; 170; 366.8; 
567; 0; 2339.4529; 170; 367; 
567; 0; 2340.4174; 170; 367.2; 
567; 0; 2341.275; 170; 367.4; 
567; 0; 2342.0153; 170; 367.6; 
567; 0; 2342.6395; 170; 367.8; 
567; 0; 2343.1239; 170; 368; 
567; 0; 2343.4696; 170; 368.2; 
567; 0; 2343.7115; 170; 368.4; 
567; 0; 2343.8765; 170; 368.6; 
567; 0; 2343.9514; 170; 368.8; 
567; 0; 2343.9409; 170; 369; 
567; 0; 2343.8776; 170; 369.2; 
567; 0; 2343.7844; 170; 369.4; 
567; 0; 2343.6747; 170; 369.6; 
567; 0; 2343.5609; 170; 369.8; 
567; 0; 2343.4165; 170; 370; 
567; 0; 2343.2316; 170; 370.2; 
567; 0; 2343.0287; 170; 370.4; 
567; 0; 2342.7896; 170; 370.6; 
567; 0; 2342.4816; 170; 370.8; 
567; 0; 2342.0895; 170; 371; 
567; 0; 2341.6133; 170; 371.2; 
567; 0; 2341.0585; 170; 371.4; 
567; 0; 2340.4304; 170; 371.6; 
567; 0; 2339.7362; 170; 371.8; 
567; 0; 2338.9834; 170; 372; 
567; 0; 2334.9725; 170; 372.2; 
567; 0; 2320.047; 170; 372.4; 
567; 0; 2291.786; 170; 372.6; 
567; 0; 2262.5587; 170; 372.8; 
567; 0; 2233.4061; 170; 373; 
567; 0; 2204.3607; 170; 373.2; 
567; 0; 2175.4402; 170; 373.4; 
567; 0; 2146.6539; 170; 373.6; 
567; 0; 2118.0048; 170; 373.8; 
567; 0; 2089.4703; 170; 374; 
567; 0; 2061.0181; 170; 374.2; 
567; 0; 2035.1711; 170; 374.4; 
567; 0; 2012.627; 170; 374.6; 
567; 0; 1990.1289; 170; 374.8; 
567; 0; 1967.6806; 170; 375; 
567; 0; 1945.2897; 170; 375.2; 
567; 0; 1922.963; 170; 375.4; 
567; 0; 1900.7099; 170; 375.6; 
567; 0; 1878.5401; 170; 375.8; 
567; 0; 1856.4594; 170; 376; 
567; 0; 1834.4743; 170; 376.2; 
567; 0; 1812.5887; 170; 376.4; 
567; 0; 1790.8024; 170; 376.6; 
567; 0; 1770.0539; 170; 376.8; 
567; 0; 1752.6554; 170; 377; 
567; 0; 1735.3084; 170; 377.2; 
567; 0; 1718.0143; 170; 377.4; 
567; 0; 1700.774; 170; 377.6; 
567; 0; 1683.5917; 170; 377.8; 
567; 0; 1666.4691; 170; 378; 
567; 0; 1649.4086; 170; 378.2; 
567; 0; 1632.4085; 170; 378.4; 
567; 0; 1615.4682; 170; 378.6; 
567; 0; 1598.5863; 170; 378.8; 
567; 0; 1581.7629; 170; 379; 
567; 0; 1564.9963; 170; 379.2; 
567; 0; 1552.558; 170; 379.4; 
567; 0; 1550.1774; 170; 379.6; 
567; 0; 1551.8416; 170; 379.8; 
567; 0; 1553.4971; 170; 380; 
567; 0; 1555.1431; 170; 380.2; 
567; 0; 1556.7787; 170; 380.4; 
567; 0; 1558.4002; 170; 380.6; 
567; 0; 1560.0053; 170; 380.8; 
567; 0; 1561.592; 170; 381; 
567; 0; 1563.1572; 170; 381.2; 
567; 0; 1564.7026; 170; 381.4; 
567; 0; 1566.23; 170; 381.6; 
567; 0; 1567.7444; 170; 381.8; 
567; 0; 1569.2505; 170; 382; 
567; 0; 1570.752; 170; 382.2; 
567; 0; 1572.2495; 170; 382.4; 
567; 0; 1573.7393; 170; 382.6; 
567; 0; 1575.2164; 170; 382.8; 
567; 0; 1576.6785; 170; 383; 
567; 0; 1578.1222; 170; 383.2; 
567; 0; 1579.5471; 170; 383.4; 
567; 0; 1580.9536; 170; 383.6; 
567; 0; 1582.3433; 170; 383.8; 
567; 0; 1583.7212; 170; 384; 
567; 0; 1585.0901; 170; 384.2; 
567; 0; 1586.4512; 170; 384.4; 
567; 0; 1587.8039; 170; 384.6; 
567; 0; 1589.1494; 170; 384.8; 
567; 0; 1590.4878; 170; 385; 
567; 0; 1591.8192; 170; 385.2; 
567; 0; 1593.1429; 170; 385.4; 
567; 0; 1594.4568; 170; 385.6; 
567; 0; 1595.759; 170; 385.8; 
567; 0; 1597.0489; 170; 386; 
567; 0; 1598.3274; 170; 386.2; 
567; 0; 1599.592; 170; 386.4; 
567; 0; 1600.8414; 170; 386.6; 
567; 0; 1602.0752; 170; 386.8; 
567; 0; 1603.3701; 170; 387; 
567; 0; 1604.6953; 170; 387.2; 
567; 0; 1606.0098; 170; 387.4; 
567; 0; 1607.3135; 170; 387.6; 
567; 0; 1608.6071; 170; 387.8; 
567; 0; 1609.8913; 170; 388; 
567; 0; 1611.1702; 170; 388.2; 
567; 0; 1612.444; 170; 388.4; 
567; 0; 1613.714; 170; 388.6; 
567; 0; 1614.9765; 170; 388.8; 
567; 0; 1616.231; 170; 389; 
567; 0; 1617.4785; 170; 389.2; 
567; 0; 1618.7224; 170; 389.4; 
567; 0; 1619.9639; 170; 389.6; 
567; 0; 1621.2027; 170; 389.8; 
567; 0; 1622.436; 170; 390; 
567; 0; 1623.66; 170; 390.2; 
567; 0; 1624.8737; 170; 390.4; 
567; 0; 1626.0761; 170; 390.6; 
567; 0; 1627.2681; 170; 390.8; 
567; 0; 1628.4495; 170; 391; 
567; 0; 1629.6202; 170; 391.2; 
567; 0; 1630.7811; 170; 391.4; 
567; 0; 1631.9329; 170; 391.6; 
567; 0; 1633.0741; 170; 391.8; 
567; 0; 1634.204; 170; 392; 
567; 0; 1635.3209; 170; 392.2; 
567; 0; 1636.4252; 170; 392.4; 
567; 0; 1637.5187; 170; 392.6; 
567; 0; 1638.6053; 170; 392.8; 
567; 0; 1639.6855; 170; 393; 
567; 0; 1640.7594; 170; 393.2; 
567; 0; 1641.8266; 170; 393.4; 
567; 0; 1642.8882; 170; 393.6; 
567; 0; 1643.9451; 170; 393.8; 
567; 0; 1644.9965; 170; 394; 
567; 0; 1646.0404; 170; 394.2; 
567; 0; 1647.1144; 170; 394.4; 
567; 0; 1648.1868; 170; 394.6; 
567; 0; 1649.2482; 170; 394.8; 
567; 0; 1650.2963; 170; 395; 
567; 0; 1651.3329; 170; 395.2; 
567; 0; 1652.3605; 170; 395.4; 
567; 0; 1653.381; 170; 395.6; 
567; 0; 1654.3943; 170; 395.8; 
567; 0; 1655.3987; 170; 396; 
567; 0; 1656.3932; 170; 396.2; 
567; 0; 1657.3784; 170; 396.4; 
567; 0; 1658.3568; 170; 396.6; 
567; 0; 1659.3319; 170; 396.8; 
567; 0; 1660.3057; 170; 397; 
567; 0; 1661.2764; 170; 397.2; 
567; 0; 1662.2414; 170; 397.4; 
567; 0; 1663.1997; 170; 397.6; 
567; 0; 1664.1511; 170; 397.8; 
567; 0; 1665.095; 170; 398; 
567; 0; 1666.0314; 170; 398.2; 
567; 0; 1666.9595; 170; 398.4; 
567; 0; 1667.8804; 170; 398.6; 
567; 0; 1668.9228; 170; 398.8; 
567; 0; 1671.764; 170; 399; 
567; 0; 1676.7818; 170; 399.2; 
567; 0; 1684.0087; 170; 399.4; 
567; 0; 1693.3062; 170; 399.6; 
567; 0; 1704.4385; 170; 399.8; 
567; 0; 1717.1539; 170; 400; 
567; 0; 1731.1748; 170; 400.2; 
567; 0; 1746.2015; 170; 400.4; 
567; 0; 1761.8761; 170; 400.6; 
567; 0; 1777.8408; 170; 400.8; 
567; 0; 1793.8007; 170; 401; 
567; 0; 1809.5845; 170; 401.2; 
567; 0; 1825.1297; 170; 401.4; 
567; 0; 1840.4079; 170; 401.6; 
567; 0; 1855.4356; 170; 401.8; 
567; 0; 1872.4429; 170; 402; 
567; 0; 1889.8502; 170; 402.2; 
567; 0; 1907.11; 170; 402.4; 
567; 0; 1924.2125; 170; 402.6; 
567; 0; 1940.6697; 170; 402.8; 
567; 0; 1956.2432; 170; 403; 
567; 0; 1971.1183; 170; 403.2; 
567; 0; 1985.3895; 170; 403.4; 
567; 0; 1999.0551; 170; 403.6; 
567; 0; 2012.0626; 170; 403.8; 
567; 0; 2024.3622; 170; 404; 
567; 0; 2035.9104; 170; 404.2; 
567; 0; 2046.6647; 170; 404.4; 
567; 0; 2056.589; 170; 404.6; 
567; 0; 2065.6847; 170; 404.8; 
567; 0; 2073.9989; 170; 405; 
567; 0; 2081.6068; 170; 405.2; 
567; 0; 2088.5713; 170; 405.4; 
567; 0; 2094.9697; 170; 405.6; 
567; 0; 2100.8757; 170; 405.8; 
567; 0; 2106.6101; 170; 406; 
567; 0; 2112.9768; 170; 406.2; 
567; 0; 2118.9874; 170; 406.4; 
567; 0; 2124.734; 170; 406.6; 
567; 0; 2130.2493; 170; 406.8; 
567; 0; 2135.5328; 170; 407; 
567; 0; 2140.5958; 170; 407.2; 
567; 0; 2145.4598; 170; 407.4; 
567; 0; 2150.115; 170; 407.6; 
567; 0; 2154.5104; 170; 407.8; 
567; 0; 2158.573; 170; 408; 
567; 0; 2162.2546; 170; 408.2; 
567; 0; 2165.5149; 170; 408.4; 
567; 0; 2168.36; 170; 408.6; 
567; 0; 2170.8143; 170; 408.8; 
567; 0; 2172.8917; 170; 409; 
567; 0; 2174.5918; 170; 409.2; 
567; 0; 2175.941; 170; 409.4; 
567; 0; 2177.0015; 170; 409.6; 
567; 0; 2177.8264; 170; 409.8; 
567; 0; 2178.4962; 170; 410; 
567; 0; 2179.0624; 170; 410.2; 
567; 0; 2179.5641; 170; 410.4; 
567; 0; 2180.0229; 170; 410.6; 
567; 0; 2180.4619; 170; 410.8; 
567; 0; 2180.9216; 170; 411; 
567; 0; 2181.4218; 170; 411.2; 
567; 0; 2181.9696; 170; 411.4; 
567; 0; 2182.5338; 170; 411.6; 
567; 0; 2183.1014; 170; 411.8; 
567; 0; 2183.6605; 170; 412; 
567; 0; 2184.1759; 170; 412.2; 
567; 0; 2184.6294; 170; 412.4; 
567; 0; 2185.0153; 170; 412.6; 
567; 0; 2185.3013; 170; 412.8; 
567; 0; 2185.4463; 170; 413; 
567; 0; 2185.4642; 170; 413.2; 
567; 0; 2185.3676; 170; 413.4; 
567; 0; 2185.1453; 170; 413.6; 
567; 0; 2184.7662; 170; 413.8; 
567; 0; 2184.2273; 170; 414; 
567; 0; 2183.5626; 170; 414.2; 
567; 0; 2182.7671; 170; 414.4; 
567; 0; 2181.8508; 170; 414.6; 
567; 0; 2180.8546; 170; 414.8; 
567; 0; 2179.8104; 170; 415; 
567; 0; 2178.7412; 170; 415.2; 
567; 0; 2177.6608; 170; 415.4; 
567; 0; 2176.5743; 170; 415.6; 
567; 0; 2175.4849; 170; 415.8; 
567; 0; 2174.3956; 170; 416; 
567; 0; 2173.3423; 170; 416.2; 
567; 0; 2172.3381; 170; 416.4; 
567; 0; 2171.3613; 170; 416.6; 
567; 0; 2170.3979; 170; 416.8; 
567; 0; 2169.438; 170; 417; 
567; 0; 2168.5081; 170; 417.2; 
567; 0; 2167.6161; 170; 417.4; 
567; 0; 2166.7391; 170; 417.6; 
567; 0; 2165.8619; 170; 417.8; 
567; 0; 2164.9741; 170; 418; 
567; 0; 2164.0697; 170; 418.2; 
567; 0; 2163.1794; 170; 418.4; 
567; 0; 2162.3148; 170; 418.6; 
567; 0; 2161.4558; 170; 418.8; 
567; 0; 2160.5571; 170; 419; 
567; 0; 2159.5996; 170; 419.2; 
567; 0; 2158.603; 170; 419.4; 
567; 0; 2157.583; 170; 419.6; 
567; 0; 2156.5497; 170; 419.8; 
567; 0; 2155.5068; 170; 420; 
567; 0; 2154.4594; 170; 420.2; 
567; 0; 2153.4111; 170; 420.4; 
567; 0; 2152.3658; 170; 420.6; 
567; 0; 2151.3577; 170; 420.8; 
567; 0; 2150.3983; 170; 421; 
567; 0; 2149.4955; 170; 421.2; 
567; 0; 2148.6774; 170; 421.4; 
567; 0; 2147.9246; 170; 421.6; 
567; 0; 2147.2307; 170; 421.8; 
567; 0; 2146.6133; 170; 422; 
567; 0; 2146.0762; 170; 422.2; 
567; 0; 2145.6154; 170; 422.4; 
567; 0; 2145.2261; 170; 422.6; 
567; 0; 2144.9049; 170; 422.8; 
567; 0; 2144.6453; 170; 423; 
567; 0; 2144.4711; 170; 423.2; 
567; 0; 2144.3831; 170; 423.4; 
567; 0; 2144.349; 170; 423.6; 
567; 0; 2144.3805; 170; 423.8; 
567; 0; 2144.4767; 170; 424; 
567; 0; 2144.608; 170; 424.2; 
567; 0; 2144.785; 170; 424.4; 
567; 0; 2145.0033; 170; 424.6; 
567; 0; 2145.2645; 170; 424.8; 
567; 0; 2145.5612; 170; 425; 
567; 0; 2145.8594; 170; 425.2; 
567; 0; 2146.1721; 170; 425.4; 
567; 0; 2146.501; 170; 425.6; 
567; 0; 2146.8199; 170; 425.8; 
567; 0; 2147.1122; 170; 426; 
567; 0; 2147.3693; 170; 426.2; 
567; 0; 2147.5883; 170; 426.4; 
567; 0; 2147.7703; 170; 426.6; 
567; 0; 2147.9194; 170; 426.8; 
567; 0; 2148.0411; 170; 427; 
567; 0; 2148.1393; 170; 427.2; 
567; 0; 2148.1866; 170; 427.4; 
567; 0; 2148.1754; 170; 427.6; 
567; 0; 2148.1327; 170; 427.8; 
567; 0; 2148.1073; 170; 428; 
567; 0; 2148.1226; 170; 428.2; 
567; 0; 2148.1606; 170; 428.4; 
567; 0; 2148.2411; 170; 428.6; 
567; 0; 2148.3639; 170; 428.8; 
567; 0; 2148.5005; 170; 429; 
567; 0; 2148.6676; 170; 429.2; 
567; 0; 2148.8373; 170; 429.4; 
567; 0; 2148.9706; 170; 429.6; 
567; 0; 2149.0747; 170; 429.8; 
567; 0; 2149.1545; 170; 430; 
567; 0; 2149.2137; 170; 430.2; 
567; 0; 2149.2207; 170; 430.4; 
567; 0; 2149.1653; 170; 430.6; 
567; 0; 2149.0742; 170; 430.8; 
567; 0; 2148.9358; 170; 431; 
567; 0; 2148.7505; 170; 431.2; 
567; 0; 2148.5146; 170; 431.4; 
567; 0; 2148.2035; 170; 431.6; 
567; 0; 2147.8409; 170; 431.8; 
567; 0; 2147.4404; 170; 432; 
567; 0; 2147.0153; 170; 432.2; 
567; 0; 2146.5986; 170; 432.4; 
567; 0; 2146.2065; 170; 432.6; 
567; 0; 2145.8159; 170; 432.8; 
567; 0; 2145.4199; 170; 433; 
567; 0; 2145.0116; 170; 433.2; 
567; 0; 2144.5596; 170; 433.4; 
567; 0; 2144.0483; 170; 433.6; 
567; 0; 2143.4772; 170; 433.8; 
567; 0; 2142.8578; 170; 434; 
567; 0; 2142.2135; 170; 434.2; 
567; 0; 2141.5624; 170; 434.4; 
567; 0; 2140.9073; 170; 434.6; 
567; 0; 2140.2628; 170; 434.8; 
567; 0; 2139.6393; 170; 435; 
567; 0; 2139.0309; 170; 435.2; 
567; 0; 2138.4404; 170; 435.4; 
567; 0; 2137.8666; 170; 435.6; 
567; 0; 2137.313; 170; 435.8; 
567; 0; 2136.7698; 170; 436; 
567; 0; 2136.2368; 170; 436.2; 
567; 0; 2135.7078; 170; 436.4; 
567; 0; 2135.1531; 170; 436.6; 
567; 0; 2134.5554; 170; 436.8; 
567; 0; 2133.9058; 170; 437; 
567; 0; 2133.2037; 170; 437.2; 
567; 0; 2132.4546; 170; 437.4; 
567; 0; 2131.635; 170; 437.6; 
567; 0; 2130.7394; 170; 437.8; 
567; 0; 2129.7937; 170; 438; 
567; 0; 2128.8143; 170; 438.2; 
567; 0; 2127.8131; 170; 438.4; 
567; 0; 2126.7982; 170; 438.6; 
567; 0; 2125.7755; 170; 438.8; 
567; 0; 2124.7488; 170; 439; 
567; 0; 2123.7218; 170; 439.2; 
567; 0; 2122.7303; 170; 439.4; 
567; 0; 2121.7887; 170; 439.6; 
567; 0; 2120.8746; 170; 439.8; 
567; 0; 2120.0048; 170; 440; 
567; 0; 2119.1809; 170; 440.2; 
567; 0; 2118.4084; 170; 440.4; 
567; 0; 2117.7157; 170; 440.6; 
567; 0; 2117.0819; 170; 440.8; 
567; 0; 2116.4937; 170; 441; 
567; 0; 2115.9968; 170; 441.2; 
567; 0; 2115.6095; 170; 441.4; 
567; 0; 2115.3093; 170; 441.6; 
567; 0; 2115.0806; 170; 441.8; 
567; 0; 2114.8766; 170; 442; 
567; 0; 2114.6788; 170; 442.2; 
567; 0; 2114.5129; 170; 442.4; 
567; 0; 2114.4016; 170; 442.6; 
567; 0; 2114.3564; 170; 442.8; 
567; 0; 2114.3866; 170; 443; 
567; 0; 2114.488; 170; 443.2; 
567; 0; 2114.6605; 170; 443.4; 
567; 0; 2114.8949; 170; 443.6; 
567; 0; 2115.1469; 170; 443.8; 
567; 0; 2115.4326; 170; 444; 
567; 0; 2115.7754; 170; 444.2; 
567; 0; 2116.1533; 170; 444.4; 
567; 0; 2116.5914; 170; 444.6; 
567; 0; 2117.1898; 170; 444.8; 
567; 0; 2118.0549; 170; 445; 
567; 0; 2119.2531; 170; 445.2; 
567; 0; 2120.8893; 170; 445.4; 
567; 0; 2123.0183; 170; 445.6; 
567; 0; 2125.6432; 170; 445.8; 
567; 0; 2128.7587; 170; 446; 
567; 0; 2132.2982; 170; 446.2; 
567; 0; 2136.1371; 170; 446.4; 
567; 0; 2140.1563; 170; 446.6; 
567; 0; 2144.2128; 170; 446.8; 
567; 0; 2148.1653; 170; 447; 
567; 0; 2151.9048; 170; 447.2; 
567; 0; 2155.3231; 170; 447.4; 
567; 0; 2158.3511; 170; 447.6; 
567; 0; 2160.9729; 170; 447.8; 
567; 0; 2163.1704; 170; 448; 
567; 0; 2164.9653; 170; 448.2; 
567; 0; 2166.3901; 170; 448.4; 
567; 0; 2167.4952; 170; 448.6; 
567; 0; 2168.3876; 170; 448.8; 
567; 0; 2169.1644; 170; 449; 
567; 0; 2169.89; 170; 449.2; 
567; 0; 2170.6077; 170; 449.4; 
567; 0; 2171.3778; 170; 449.6; 
567; 0; 2172.2572; 170; 449.8; 
567; 0; 2173.2694; 170; 450; 
567; 0; 2174.4218; 170; 450.2; 
567; 0; 2175.7434; 170; 450.4; 
567; 0; 2177.2325; 170; 450.6; 
567; 0; 2178.8496; 170; 450.8; 
567; 0; 2180.566; 170; 451; 
567; 0; 2182.3934; 170; 451.2; 
567; 0; 2184.325; 170; 451.4; 
567; 0; 2186.3207; 170; 451.6; 
567; 0; 2188.3201; 170; 451.8; 
567; 0; 2190.2946; 170; 452; 
567; 0; 2192.2576; 170; 452.2; 
567; 0; 2194.1844; 170; 452.4; 
567; 0; 2196.0674; 170; 452.6; 
567; 0; 2197.9008; 170; 452.8; 
567; 0; 2199.6884; 170; 453; 
567; 0; 2201.4287; 170; 453.2; 
567; 0; 2203.0951; 170; 453.4; 
567; 0; 2204.7076; 170; 453.6; 
567; 0; 2206.2765; 170; 453.8; 
567; 0; 2207.7871; 170; 454; 
567; 0; 2209.2366; 170; 454.2; 
567; 0; 2210.5906; 170; 454.4; 
567; 0; 2211.838; 170; 454.6; 
567; 0; 2213.0037; 170; 454.8; 
567; 0; 2214.1077; 170; 455; 
567; 0; 2215.1343; 170; 455.2; 
567; 0; 2216.0498; 170; 455.4; 
567; 0; 2216.8398; 170; 455.6; 
567; 0; 2217.5067; 170; 455.8; 
567; 0; 2218.0273; 170; 456; 
567; 0; 2218.3723; 170; 456.2; 
567; 0; 2218.5353; 170; 456.4; 
567; 0; 2218.5526; 170; 456.6; 
567; 0; 2218.4481; 170; 456.8; 
567; 0; 2218.2169; 170; 457; 
567; 0; 2217.8634; 170; 457.2; 
567; 0; 2217.3969; 170; 457.4; 
567; 0; 2216.8289; 170; 457.6; 
567; 0; 2216.1724; 170; 457.8; 
567; 0; 2215.4071; 170; 458; 
567; 0; 2214.5304; 170; 458.2; 
567; 0; 2213.5747; 170; 458.4; 
567; 0; 2212.5356; 170; 458.6; 
567; 0; 2211.3954; 170; 458.8; 
567; 0; 2210.1835; 170; 459; 
567; 0; 2208.9153; 170; 459.2; 
567; 0; 2207.6067; 170; 459.4; 
567; 0; 2206.2937; 170; 459.6; 
567; 0; 2204.9969; 170; 459.8; 
567; 0; 2203.7592; 170; 460; 
567; 0; 2202.5973; 170; 460.2; 
567; 0; 2201.4902; 170; 460.4; 
567; 0; 2200.4535; 170; 460.6; 
567; 0; 2199.4888; 170; 460.8; 
567; 0; 2198.5691; 170; 461; 
567; 0; 2197.6735; 170; 461.2; 
567; 0; 2196.788; 170; 461.4; 
567; 0; 2195.906; 170; 461.6; 
567; 0; 2195.0569; 170; 461.8; 
567; 0; 2194.2513; 170; 462; 
567; 0; 2193.4968; 170; 462.2; 
567; 0; 2192.7876; 170; 462.4; 
567; 0; 2192.1232; 170; 462.6; 
567; 0; 2191.5289; 170; 462.8; 
567; 0; 2191.0146; 170; 463; 
567; 0; 2190.61; 170; 463.2; 
567; 0; 2190.3202; 170; 463.4; 
567; 0; 2190.1166; 170; 463.6; 
567; 0; 2189.9771; 170; 463.8; 
567; 0; 2189.8851; 170; 464; 
567; 0; 2189.826; 170; 464.2; 
567; 0; 2189.7896; 170; 464.4; 
567; 0; 2189.7703; 170; 464.6; 
567; 0; 2189.7631; 170; 464.8; 
567; 0; 2189.7623; 170; 465; 
567; 0; 2189.7677; 170; 465.2; 
567; 0; 2189.7826; 170; 465.4; 
567; 0; 2189.8081; 170; 465.6; 
567; 0; 2189.8403; 170; 465.8; 
567; 0; 2189.8811; 170; 466; 
567; 0; 2189.953; 170; 466.2; 
567; 0; 2190.1005; 170; 466.4; 
567; 0; 2190.3115; 170; 466.6; 
567; 0; 2190.574; 170; 466.8; 
567; 0; 2190.8983; 170; 467; 
567; 0; 2191.2512; 170; 467.2; 
567; 0; 2191.5872; 170; 467.4; 
567; 0; 2191.8468; 170; 467.6; 
567; 0; 2191.9426; 170; 467.8; 
567; 0; 2191.7753; 170; 468; 
567; 0; 2191.2738; 170; 468.2; 
567; 0; 2190.4169; 170; 468.4; 
567; 0; 2189.1823; 170; 468.6; 
567; 0; 2187.5544; 170; 468.8; 
567; 0; 2185.553; 170; 469; 
567; 0; 2183.2111; 170; 469.2; 
567; 0; 2180.5697; 170; 469.4; 
567; 0; 2177.6984; 170; 469.6; 
567; 0; 2174.6781; 170; 469.8; 
567; 0; 2171.5669; 170; 470; 
567; 0; 2168.4058; 170; 470.2; 
567; 0; 2165.2537; 170; 470.4; 
567; 0; 2162.1705; 170; 470.6; 
567; 0; 2159.1887; 170; 470.8; 
567; 0; 2156.3224; 170; 471; 
567; 0; 2153.5717; 170; 471.2; 
567; 0; 2150.9608; 170; 471.4; 
567; 0; 2148.4911; 170; 471.6; 
567; 0; 2146.1622; 170; 471.8; 
567; 0; 2143.9601; 170; 472; 
567; 0; 2141.874; 170; 472.2; 
567; 0; 2139.886; 170; 472.4; 
567; 0; 2137.9851; 170; 472.6; 
567; 0; 2136.1558; 170; 472.8; 
567; 0; 2134.3904; 170; 473; 
567; 0; 2132.7086; 170; 473.2; 
567; 0; 2131.1172; 170; 473.4; 
567; 0; 2129.6134; 170; 473.6; 
567; 0; 2128.1891; 170; 473.8; 
567; 0; 2126.8674; 170; 474; 
567; 0; 2125.6531; 170; 474.2; 
567; 0; 2124.5161; 170; 474.4; 
567; 0; 2123.4651; 170; 474.6; 
567; 0; 2122.4934; 170; 474.8; 
567; 0; 2121.5968; 170; 475; 
567; 0; 2120.7644; 170; 475.2; 
567; 0; 2119.991; 170; 475.4; 
567; 0; 2119.2643; 170; 475.6; 
567; 0; 2118.5474; 170; 475.8; 
567; 0; 2117.8512; 170; 476; 
567; 0; 2117.1764; 170; 476.2; 
567; 0; 2116.4945; 170; 476.4; 
567; 0; 2115.7899; 170; 476.6; 
567; 0; 2115.0907; 170; 476.8; 
567; 0; 2114.4097; 170; 477; 
567; 0; 2113.76; 170; 477.2; 
567; 0; 2113.1705; 170; 477.4; 
567; 0; 2112.653; 170; 477.6; 
567; 0; 2112.2091; 170; 477.8; 
567; 0; 2111.8673; 170; 478; 
567; 0; 2111.6335; 170; 478.2; 
567; 0; 2111.5099; 170; 478.4; 
567; 0; 2111.5182; 170; 478.6; 
567; 0; 2111.6345; 170; 478.8; 
567; 0; 2111.8427; 170; 479; 
567; 0; 2112.1527; 170; 479.2; 
567; 0; 2112.564; 170; 479.4; 
567; 0; 2113.0706; 170; 479.6; 
567; 0; 2113.6658; 170; 479.8; 
567; 0; 2114.3417; 170; 480; 
567; 0; 2115.0894; 170; 480.2; 
567; 0; 2115.8977; 170; 480.4; 
567; 0; 2116.7567; 170; 480.6; 
567; 0; 2117.6895; 170; 480.8; 
567; 0; 2118.7302; 170; 481; 
567; 0; 2119.8906; 170; 481.2; 
567; 0; 2121.17; 170; 481.4; 
567; 0; 2122.5278; 170; 481.6; 
567; 0; 2123.9432; 170; 481.8; 
567; 0; 2125.3961; 170; 482; 
567; 0; 2126.8788; 170; 482.2; 
567; 0; 2128.3792; 170; 482.4; 
567; 0; 2129.8607; 170; 482.6; 
567; 0; 2131.3024; 170; 482.8; 
567; 0; 2132.6948; 170; 483; 
567; 0; 2134.0352; 170; 483.2; 
567; 0; 2135.3236; 170; 483.4; 
567; 0; 2136.5626; 170; 483.6; 
567; 0; 2137.7566; 170; 483.8; 
567; 0; 2138.881; 170; 484; 
567; 0; 2139.9312; 170; 484.2; 
567; 0; 2140.9041; 170; 484.4; 
567; 0; 2141.809; 170; 484.6; 
567; 0; 2142.6489; 170; 484.8; 
567; 0; 2143.4329; 170; 485; 
567; 0; 2144.1617; 170; 485.2; 
567; 0; 2144.8453; 170; 485.4; 
567; 0; 2145.4869; 170; 485.6; 
567; 0; 2146.063; 170; 485.8; 
567; 0; 2146.5616; 170; 486; 
567; 0; 2146.9821; 170; 486.2; 
567; 0; 2147.33; 170; 486.4; 
567; 0; 2147.6124; 170; 486.6; 
567; 0; 2147.8065; 170; 486.8; 
567; 0; 2147.8773; 170; 487; 
567; 0; 2147.8451; 170; 487.2; 
567; 0; 2147.7246; 170; 487.4; 
567; 0; 2147.5343; 170; 487.6; 
567; 0; 2147.3146; 170; 487.8; 
567; 0; 2147.0881; 170; 488; 
567; 0; 2146.8702; 170; 488.2; 
567; 0; 2146.6696; 170; 488.4; 
567; 0; 2146.4895; 170; 488.6; 
567; 0; 2146.3308; 170; 488.8; 
567; 0; 2146.1923; 170; 489; 
567; 0; 2146.074; 170; 489.2; 
567; 0; 2145.9755; 170; 489.4; 
567; 0; 2145.8948; 170; 489.6; 
567; 0; 2145.8599; 170; 489.8; 
567; 0; 2145.8778; 170; 490; 
567; 0; 2145.9224; 170; 490.2; 
567; 0; 2145.9785; 170; 490.4; 
567; 0; 2146.0356; 170; 490.6; 
567; 0; 2146.0906; 170; 490.8; 
567; 0; 2146.141; 170; 491; 
567; 0; 2146.1849; 170; 491.2; 
567; 0; 2146.2205; 170; 491.4; 
567; 0; 2146.2456; 170; 491.6; 
567; 0; 2146.2605; 170; 491.8; 
567; 0; 2146.2649; 170; 492; 
567; 0; 2146.2596; 170; 492.2; 
567; 0; 2146.2448; 170; 492.4; 
567; 0; 2146.2233; 170; 492.6; 
567; 0; 2146.1981; 170; 492.8; 
567; 0; 2146.1708; 170; 493; 
567; 0; 2146.1425; 170; 493.2; 
567; 0; 2146.1145; 170; 493.4; 
567; 0; 2146.0875; 170; 493.6; 
567; 0; 2146.0604; 170; 493.8; 
567; 0; 2146.0308; 170; 494; 
567; 0; 2145.9983; 170; 494.2; 
567; 0; 2145.9631; 170; 494.4; 
567; 0; 2145.9585; 170; 494.6; 
567; 0; 2145.996; 170; 494.8; 
567; 0; 2146.0525; 170; 495; 
567; 0; 2146.0796; 170; 495.2; 
567; 0; 2146.0563; 170; 495.4; 
567; 0; 2146.0011; 170; 495.6; 
567; 0; 2145.8949; 170; 495.8; 
567; 0; 2145.7014; 170; 496; 
567; 0; 2145.4363; 170; 496.2; 
567; 0; 2145.1074; 170; 496.4; 
567; 0; 2144.6974; 170; 496.6; 
567; 0; 2144.2018; 170; 496.8; 
567; 0; 2143.5914; 170; 497; 
567; 0; 2142.8618; 170; 497.2; 
567; 0; 2142.0432; 170; 497.4; 
567; 0; 2141.1246; 170; 497.6; 
567; 0; 2140.1105; 170; 497.8; 
567; 0; 2139.0033; 170; 498; 
567; 0; 2137.8182; 170; 498.2; 
567; 0; 2136.5648; 170; 498.4; 
567; 0; 2135.2609; 170; 498.6; 
567; 0; 2133.9154; 170; 498.8; 
567; 0; 2132.5404; 170; 499; 
567; 0; 2131.1366; 170; 499.2; 
567; 0; 2129.7426; 170; 499.4; 
567; 0; 2128.3993; 170; 499.6; 
567; 0; 2127.103; 170; 499.8; 
567; 0; 2125.8496; 170; 500; 
567; 0; 2124.6356; 170; 500.2; 
567; 0; 2123.4567; 170; 500.4; 
567; 0; 2122.3087; 170; 500.6; 
567; 0; 2121.1882; 170; 500.8; 
567; 0; 2120.0936; 170; 501; 
567; 0; 2119.0221; 170; 501.2; 
567; 0; 2118.0022; 170; 501.4; 
567; 0; 2117.0763; 170; 501.6; 
567; 0; 2116.231; 170; 501.8; 
567; 0; 2115.4587; 170; 502; 
567; 0; 2114.8097; 170; 502.2; 
567; 0; 2114.2994; 170; 502.4; 
567; 0; 2113.9335; 170; 502.6; 
567; 0; 2113.6993; 170; 502.8; 
567; 0; 2113.5876; 170; 503; 
567; 0; 2113.5829; 170; 503.2; 
567; 0; 2113.6433; 170; 503.4; 
567; 0; 2113.7731; 170; 503.6; 
567; 0; 2113.9648; 170; 503.8; 
567; 0; 2114.184; 170; 504; 
567; 0; 2114.4403; 170; 504.2; 
567; 0; 2114.7618; 170; 504.4; 
567; 0; 2115.1315; 170; 504.6; 
567; 0; 2115.5413; 170; 504.8; 
567; 0; 2116.0115; 170; 505; 
567; 0; 2116.5156; 170; 505.2; 
567; 0; 2117.0427; 170; 505.4; 
567; 0; 2117.6139; 170; 505.6; 
567; 0; 2118.2429; 170; 505.8; 
567; 0; 2118.9446; 170; 506; 
567; 0; 2119.7; 170; 506.2; 
567; 0; 2120.501; 170; 506.4; 
567; 0; 2121.3743; 170; 506.6; 
567; 0; 2122.3263; 170; 506.8; 
567; 0; 2123.3302; 170; 507; 
567; 0; 2124.368; 170; 507.2; 
567; 0; 2125.4144; 170; 507.4; 
567; 0; 2126.47; 170; 507.6; 
567; 0; 2127.5535; 170; 507.8; 
567; 0; 2128.6711; 170; 508; 
567; 0; 2129.8619; 170; 508.2; 
567; 0; 2131.2013; 170; 508.4; 
567; 0; 2132.7863; 170; 508.6; 
567; 0; 2134.7102; 170; 508.8; 
567; 0; 2137.0548; 170; 509; 
567; 0; 2139.8644; 170; 509.2; 
567; 0; 2143.1373; 170; 509.4; 
567; 0; 2146.8452; 170; 509.6; 
567; 0; 2150.9097; 170; 509.8; 
567; 0; 2155.2317; 170; 510; 
567; 0; 2159.7056; 170; 510.2; 
567; 0; 2164.2369; 170; 510.4; 
567; 0; 2168.7029; 170; 510.6; 
567; 0; 2172.98; 170; 510.8; 
567; 0; 2176.9767; 170; 511; 
567; 0; 2180.5992; 170; 511.2; 
567; 0; 2183.8235; 170; 511.4; 
567; 0; 2186.6534; 170; 511.6; 
567; 0; 2189.0874; 170; 511.8; 
567; 0; 2191.1798; 170; 512; 
567; 0; 2193.0101; 170; 512.2; 
567; 0; 2194.6417; 170; 512.4; 
567; 0; 2196.1216; 170; 512.6; 
567; 0; 2197.5176; 170; 512.8; 
567; 0; 2198.8989; 170; 513; 
567; 0; 2200.2728; 170; 513.2; 
567; 0; 2201.6484; 170; 513.4; 
567; 0; 2203.026; 170; 513.6; 
567; 0; 2204.3799; 170; 513.8; 
567; 0; 2205.6981; 170; 514; 
567; 0; 2206.9814; 170; 514.2; 
567; 0; 2208.1967; 170; 514.4; 
567; 0; 2209.3259; 170; 514.6; 
567; 0; 2210.359; 170; 514.8; 
567; 0; 2211.267; 170; 515; 
567; 0; 2212.0392; 170; 515.2; 
567; 0; 2212.6726; 170; 515.4; 
567; 0; 2213.1417; 170; 515.6; 
567; 0; 2213.4154; 170; 515.8; 
567; 0; 2213.4529; 170; 516; 
567; 0; 2213.1854; 170; 516.2; 
567; 0; 2212.5658; 170; 516.4; 
567; 0; 2211.5547; 170; 516.6; 
567; 0; 2210.1288; 170; 516.8; 
567; 0; 2208.3004; 170; 517; 
567; 0; 2206.1025; 170; 517.2; 
567; 0; 2203.5436; 170; 517.4; 
567; 0; 2200.6552; 170; 517.6; 
567; 0; 2197.5018; 170; 517.8; 
567; 0; 2194.1387; 170; 518; 
567; 0; 2190.6395; 170; 518.2; 
567; 0; 2187.0493; 170; 518.4; 
567; 0; 2183.4053; 170; 518.6; 
567; 0; 2179.7295; 170; 518.8; 
567; 0; 2176.0454; 170; 519; 
567; 0; 2172.3945; 170; 519.2; 
567; 0; 2168.7661; 170; 519.4; 
567; 0; 2165.1563; 170; 519.6; 
567; 0; 2161.588; 170; 519.8; 
567; 0; 2158.0747; 170; 520; 
567; 0; 2154.6212; 170; 520.2; 
567; 0; 2151.2618; 170; 520.4; 
567; 0; 2148.0062; 170; 520.6; 
567; 0; 2144.8574; 170; 520.8; 
567; 0; 2141.8069; 170; 521; 
567; 0; 2138.8467; 170; 521.2; 
567; 0; 2135.9958; 170; 521.4; 
567; 0; 2133.2909; 170; 521.6; 
567; 0; 2130.7385; 170; 521.8; 
567; 0; 2128.3055; 170; 522; 
567; 0; 2125.9966; 170; 522.2; 
567; 0; 2123.8048; 170; 522.4; 
567; 0; 2121.6946; 170; 522.6; 
567; 0; 2119.6753; 170; 522.8; 
567; 0; 2117.7413; 170; 523; 
567; 0; 2115.8893; 170; 523.2; 
567; 0; 2114.139; 170; 523.4; 
567; 0; 2112.5284; 170; 523.6; 
567; 0; 2111.0665; 170; 523.8; 
567; 0; 2109.7567; 170; 524; 
567; 0; 2108.6165; 170; 524.2; 
567; 0; 2107.6439; 170; 524.4; 
567; 0; 2106.8252; 170; 524.6; 
567; 0; 2106.147; 170; 524.8; 
567; 0; 2105.5936; 170; 525; 
567; 0; 2105.1487; 170; 525.2; 
567; 0; 2104.7633; 170; 525.4; 
567; 0; 2104.4122; 170; 525.6; 
567; 0; 2104.1068; 170; 525.8; 
567; 0; 2103.8475; 170; 526; 
567; 0; 2103.6729; 170; 526.2; 
567; 0; 2103.5023; 170; 526.4; 
567; 0; 2103.3201; 170; 526.6; 
567; 0; 2103.1116; 170; 526.8; 
567; 0; 2102.8741; 170; 527; 
567; 0; 2102.6017; 170; 527.2; 
567; 0; 2102.2651; 170; 527.4; 
567; 0; 2101.8845; 170; 527.6; 
567; 0; 2101.472; 170; 527.8; 
567; 0; 2101.0096; 170; 528; 
567; 0; 2100.5232; 170; 528.2; 
567; 0; 2100.0258; 170; 528.4; 
567; 0; 2099.5323; 170; 528.6; 
567; 0; 2099.0732; 170; 528.8; 
567; 0; 2098.6608; 170; 529; 
567; 0; 2098.3306; 170; 529.2; 
567; 0; 2098.0972; 170; 529.4; 
567; 0; 2097.9707; 170; 529.6; 
567; 0; 2097.9457; 170; 529.8; 
567; 0; 2098.0176; 170; 530; 
567; 0; 2098.1737; 170; 530.2; 
567; 0; 2098.4058; 170; 530.4; 
567; 0; 2098.7308; 170; 530.6; 
567; 0; 2099.1539; 170; 530.8; 
567; 0; 2099.6694; 170; 531; 
567; 0; 2100.2623; 170; 531.2; 
567; 0; 2100.9161; 170; 531.4; 
567; 0; 2101.6177; 170; 531.6; 
567; 0; 2102.3809; 170; 531.8; 
567; 0; 2103.2081; 170; 532; 
567; 0; 2104.1011; 170; 532.2; 
567; 0; 2105.2081; 170; 532.4; 
567; 0; 2106.5022; 170; 532.6; 
567; 0; 2107.8608; 170; 532.8; 
567; 0; 2109.3263; 170; 533; 
567; 0; 2110.9133; 170; 533.2; 
567; 0; 2112.5979; 170; 533.4; 
567; 0; 2114.3624; 170; 533.6; 
567; 0; 2116.191; 170; 533.8; 
567; 0; 2118.1028; 170; 534; 
567; 0; 2120.0983; 170; 534.2; 
567; 0; 2122.177; 170; 534.4; 
567; 0; 2124.3257; 170; 534.6; 
567; 0; 2126.5376; 170; 534.8; 
567; 0; 2128.7997; 170; 535; 
567; 0; 2131.1071; 170; 535.2; 
567; 0; 2133.448; 170; 535.4; 
567; 0; 2135.786; 170; 535.6; 
567; 0; 2138.1002; 170; 535.8; 
567; 0; 2140.3799; 170; 536; 
567; 0; 2142.6193; 170; 536.2; 
567; 0; 2144.7843; 170; 536.4; 
567; 0; 2146.8319; 170; 536.6; 
567; 0; 2148.7769; 170; 536.8; 
567; 0; 2150.6292; 170; 537; 
567; 0; 2152.3726; 170; 537.2; 
567; 0; 2153.9724; 170; 537.4; 
567; 0; 2155.4229; 170; 537.6; 
567; 0; 2156.7251; 170; 537.8; 
567; 0; 2157.8943; 170; 538; 
567; 0; 2158.9398; 170; 538.2; 
567; 0; 2159.8466; 170; 538.4; 
567; 0; 2160.6439; 170; 538.6; 
567; 0; 2161.3479; 170; 538.8; 
567; 0; 2161.9144; 170; 539; 
567; 0; 2162.3318; 170; 539.2; 
567; 0; 2162.5983; 170; 539.4; 
567; 0; 2162.6981; 170; 539.6; 
567; 0; 2162.6322; 170; 539.8; 
567; 0; 2162.4115; 170; 540; 
567; 0; 2162.0159; 170; 540.2; 
567; 0; 2161.4491; 170; 540.4; 
567; 0; 2160.7498; 170; 540.6; 
567; 0; 2159.9476; 170; 540.8; 
567; 0; 2159.0321; 170; 541; 
567; 0; 2158.0101; 170; 541.2; 
567; 0; 2156.8867; 170; 541.4; 
567; 0; 2155.6455; 170; 541.6; 
567; 0; 2154.2859; 170; 541.8; 
567; 0; 2152.8167; 170; 542; 
567; 0; 2151.2516; 170; 542.2; 
567; 0; 2149.604; 170; 542.4; 
567; 0; 2147.8838; 170; 542.6; 
567; 0; 2146.1006; 170; 542.8; 
567; 0; 2144.2961; 170; 543; 
567; 0; 2142.491; 170; 543.2; 
567; 0; 2140.7025; 170; 543.4; 
567; 0; 2138.9668; 170; 543.6; 
567; 0; 2137.2706; 170; 543.8; 
567; 0; 2135.6086; 170; 544; 
567; 0; 2133.9718; 170; 544.2; 
567; 0; 2132.359; 170; 544.4; 
567; 0; 2130.7952; 170; 544.6; 
567; 0; 2129.2598; 170; 544.8; 
567; 0; 2127.7426; 170; 545; 
567; 0; 2126.2661; 170; 545.2; 
567; 0; 2124.8406; 170; 545.4; 
567; 0; 2123.4696; 170; 545.6; 
567; 0; 2122.1525; 170; 545.8; 
567; 0; 2120.8844; 170; 546; 
567; 0; 2119.6918; 170; 546.2; 
567; 0; 2118.5809; 170; 546.4; 
567; 0; 2117.5249; 170; 546.6; 
567; 0; 2116.506; 170; 546.8; 
567; 0; 2115.5438; 170; 547; 
567; 0; 2114.6417; 170; 547.2; 
567; 0; 2113.8042; 170; 547.4; 
567; 0; 2113.0563; 170; 547.6; 
567; 0; 2112.4061; 170; 547.8; 
567; 0; 2111.8528; 170; 548; 
567; 0; 2111.3903; 170; 548.2; 
567; 0; 2111.0073; 170; 548.4; 
567; 0; 2110.6917; 170; 548.6; 
567; 0; 2110.4348; 170; 548.8; 
567; 0; 2110.2301; 170; 549; 
567; 0; 2110.0726; 170; 549.2; 
567; 0; 2109.9552; 170; 549.4; 
567; 0; 2109.8734; 170; 549.6; 
567; 0; 2109.8219; 170; 549.8; 
567; 0; 2109.7928; 170; 550; 
567; 0; 2109.8115; 170; 550.2; 
567; 0; 2109.8853; 170; 550.4; 
567; 0; 2110.0204; 170; 550.6; 
567; 0; 2110.2103; 170; 550.8; 
567; 0; 2110.4211; 170; 551; 
567; 0; 2110.6305; 170; 551.2; 
567; 0; 2110.8257; 170; 551.4; 
567; 0; 2111.0004; 170; 551.6; 
567; 0; 2111.1528; 170; 551.8; 
567; 0; 2111.2839; 170; 552; 
567; 0; 2111.3635; 170; 552.2; 
567; 0; 2111.385; 170; 552.4; 
567; 0; 2111.354; 170; 552.6; 
567; 0; 2111.2683; 170; 552.8; 
567; 0; 2111.1498; 170; 553; 
567; 0; 2111.0206; 170; 553.2; 
567; 0; 2110.8954; 170; 553.4; 
567; 0; 2110.7517; 170; 553.6; 
567; 0; 2110.583; 170; 553.8; 
567; 0; 2110.4072; 170; 554; 
567; 0; 2110.2402; 170; 554.2; 
567; 0; 2110.0854; 170; 554.4; 
567; 0; 2109.9434; 170; 554.6; 
567; 0; 2109.8512; 170; 554.8; 
567; 0; 2109.8951; 170; 555; 
567; 0; 2110.2036; 170; 555.2; 
567; 0; 2110.9144; 170; 555.4; 
567; 0; 2112.1279; 170; 555.6; 
567; 0; 2113.9327; 170; 555.8; 
567; 0; 2116.3651; 170; 556; 
567; 0; 2119.3816; 170; 556.2; 
567; 0; 2122.9203; 170; 556.4; 
567; 0; 2126.848; 170; 556.6; 
567; 0; 2131.0422; 170; 556.8; 
567; 0; 2135.3777; 170; 557; 
567; 0; 2139.7169; 170; 557.2; 
567; 0; 2143.9459; 170; 557.4; 
567; 0; 2147.9456; 170; 557.6; 
567; 0; 2151.634; 170; 557.8; 
567; 0; 2154.983; 170; 558; 
567; 0; 2157.9635; 170; 558.2; 
567; 0; 2160.5547; 170; 558.4; 
567; 0; 2162.7715; 170; 558.6; 
567; 0; 2164.6785; 170; 558.8; 
567; 0; 2166.3262; 170; 559; 
567; 0; 2167.7611; 170; 559.2; 
567; 0; 2169.0488; 170; 559.4; 
567; 0; 2170.238; 170; 559.6; 
567; 0; 2171.3953; 170; 559.8; 
567; 0; 2172.584; 170; 560; 
567; 0; 2173.8043; 170; 560.2; 
567; 0; 2175.061; 170; 560.4; 
567; 0; 2176.3474; 170; 560.6; 
567; 0; 2177.635; 170; 560.8; 
567; 0; 2178.9106; 170; 561; 
567; 0; 2180.1371; 170; 561.2; 
567; 0; 2181.2915; 170; 561.4; 
567; 0; 2182.3969; 170; 561.6; 
567; 0; 2183.4683; 170; 561.8; 
567; 0; 2184.4811; 170; 562; 
567; 0; 2185.4248; 170; 562.2; 
567; 0; 2186.3177; 170; 562.4; 
567; 0; 2187.1432; 170; 562.6; 
567; 0; 2187.8666; 170; 562.8; 
567; 0; 2188.4393; 170; 563; 
567; 0; 2188.8192; 170; 563.2; 
567; 0; 2188.9624; 170; 563.4; 
567; 0; 2188.7997; 170; 563.6; 
567; 0; 2188.282; 170; 563.8; 
567; 0; 2187.4041; 170; 564; 
567; 0; 2186.1855; 170; 564.2; 
567; 0; 2184.6599; 170; 564.4; 
567; 0; 2182.8978; 170; 564.6; 
567; 0; 2180.9476; 170; 564.8; 
567; 0; 2178.8514; 170; 565; 
567; 0; 2176.7031; 170; 565.2; 
567; 0; 2174.5559; 170; 565.4; 
567; 0; 2172.4495; 170; 565.6; 
567; 0; 2170.3965; 170; 565.8; 
567; 0; 2168.4052; 170; 566; 
567; 0; 2166.5039; 170; 566.2; 
567; 0; 2164.7079; 170; 566.4; 
567; 0; 2163.0223; 170; 566.6; 
567; 0; 2161.4453; 170; 566.8; 
567; 0; 2159.9657; 170; 567; 
567; 0; 2158.601; 170; 567.2; 
567; 0; 2157.3472; 170; 567.4; 
567; 0; 2156.2017; 170; 567.6; 
567; 0; 2155.1504; 170; 567.8; 
567; 0; 2154.156; 170; 568; 
567; 0; 2153.1942; 170; 568.2; 
567; 0; 2152.2489; 170; 568.4; 
567; 0; 2151.3088; 170; 568.6; 
567; 0; 2150.3981; 170; 568.8; 
567; 0; 2149.5261; 170; 569; 
567; 0; 2148.6687; 170; 569.2; 
567; 0; 2147.8108; 170; 569.4; 
567; 0; 2146.9423; 170; 569.6; 
567; 0; 2146.0928; 170; 569.8; 
567; 0; 2145.2729; 170; 570; 
567; 0; 2144.4606; 170; 570.2; 
567; 0; 2143.6729; 170; 570.4; 
567; 0; 2142.9113; 170; 570.6; 
567; 0; 2142.1495; 170; 570.8; 
567; 0; 2141.4053; 170; 571; 
567; 0; 2140.6825; 170; 571.2; 
567; 0; 2139.9542; 170; 571.4; 
567; 0; 2139.2042; 170; 571.6; 
567; 0; 2138.4265; 170; 571.8; 
567; 0; 2137.6196; 170; 572; 
567; 0; 2136.7845; 170; 572.2; 
567; 0; 2135.8888; 170; 572.4; 
567; 0; 2134.9229; 170; 572.6; 
567; 0; 2133.8796; 170; 572.8; 
567; 0; 2132.7646; 170; 573; 
567; 0; 2131.5804; 170; 573.2; 
567; 0; 2130.3383; 170; 573.4; 
567; 0; 2129.0446; 170; 573.6; 
567; 0; 2127.6804; 170; 573.8; 
567; 0; 2126.27; 170; 574; 
567; 0; 2124.8236; 170; 574.2; 
567; 0; 2123.3534; 170; 574.4; 
567; 0; 2121.8639; 170; 574.6; 
567; 0; 2120.3651; 170; 574.8; 
567; 0; 2118.8594; 170; 575; 
567; 0; 2117.3547; 170; 575.2; 
567; 0; 2115.8502; 170; 575.4; 
567; 0; 2114.3492; 170; 575.6; 
567; 0; 2112.8806; 170; 575.8; 
567; 0; 2111.4576; 170; 576; 
567; 0; 2110.037; 170; 576.2; 
567; 0; 2108.5957; 170; 576.4; 
567; 0; 2107.1527; 170; 576.6; 
567; 0; 2105.7214; 170; 576.8; 
567; 0; 2104.3093; 170; 577; 
567; 0; 2103.1608; 170; 577.2; 
567; 0; 2102.0386; 170; 577.4; 
567; 0; 2100.931; 170; 577.6; 
567; 0; 2099.8718; 170; 577.8; 
567; 0; 2098.8815; 170; 578; 
567; 0; 2097.9937; 170; 578.2; 
567; 0; 2097.219; 170; 578.4; 
567; 0; 2096.5583; 170; 578.6; 
567; 0; 2096.0071; 170; 578.8; 
567; 0; 2095.5856; 170; 579; 
567; 0; 2095.2926; 170; 579.2; 
567; 0; 2095.0952; 170; 579.4; 
567; 0; 2094.9679; 170; 579.6; 
567; 0; 2094.9248; 170; 579.8; 
567; 0; 2094.9625; 170; 580; 
567; 0; 2095.0487; 170; 580.2; 
567; 0; 2095.1606; 170; 580.4; 
567; 0; 2095.2833; 170; 580.6; 
567; 0; 2095.4088; 170; 580.8; 
567; 0; 2095.5643; 170; 581; 
567; 0; 2095.7588; 170; 581.2; 
567; 0; 2095.9987; 170; 581.4; 
567; 0; 2096.28; 170; 581.6; 
567; 0; 2096.6057; 170; 581.8; 
567; 0; 2096.9987; 170; 582; 
567; 0; 2097.4666; 170; 582.2; 
567; 0; 2098.011; 170; 582.4; 
567; 0; 2098.6294; 170; 582.6; 
567; 0; 2099.3168; 170; 582.8; 
567; 0; 2100.0608; 170; 583; 
567; 0; 2100.8701; 170; 583.2; 
567; 0; 2101.7416; 170; 583.4; 
567; 0; 2102.6481; 170; 583.6; 
567; 0; 2103.5702; 170; 583.8; 
567; 0; 2104.4949; 170; 584; 
567; 0; 2105.6036; 170; 584.2; 
567; 0; 2106.8103; 170; 584.4; 
567; 0; 2108.0254; 170; 584.6; 
567; 0; 2109.2648; 170; 584.8; 
567; 0; 2110.5297; 170; 585; 
567; 0; 2111.7919; 170; 585.2; 
567; 0; 2113.0347; 170; 585.4; 
567; 0; 2114.2524; 170; 585.6; 
567; 0; 2115.4437; 170; 585.8; 
567; 0; 2116.6097; 170; 586; 
567; 0; 2117.7483; 170; 586.2; 
567; 0; 2118.8613; 170; 586.4; 
567; 0; 2119.9542; 170; 586.6; 
567; 0; 2121.031; 170; 586.8; 
567; 0; 2122.0947; 170; 587; 
567; 0; 2123.1428; 170; 587.2; 
567; 0; 2124.176; 170; 587.4; 
567; 0; 2125.1949; 170; 587.6; 
567; 0; 2126.2035; 170; 587.8; 
567; 0; 2127.2014; 170; 588; 
567; 0; 2128.1576; 170; 588.2; 
567; 0; 2129.0278; 170; 588.4; 
567; 0; 2129.7924; 170; 588.6; 
567; 0; 2130.4481; 170; 588.8; 
567; 0; 2130.9998; 170; 589; 
567; 0; 2131.4561; 170; 589.2; 
567; 0; 2131.826; 170; 589.4; 
567; 0; 2132.0907; 170; 589.6; 
567; 0; 2132.2511; 170; 589.8; 
567; 0; 2132.3416; 170; 590; 
567; 0; 2132.3864; 170; 590.2; 
567; 0; 2132.3999; 170; 590.4; 
567; 0; 2132.3922; 170; 590.6; 
567; 0; 2132.3715; 170; 590.8; 
567; 0; 2132.3423; 170; 591; 
567; 0; 2132.3074; 170; 591.2; 
567; 0; 2132.2662; 170; 591.4; 
567; 0; 2132.1884; 170; 591.6; 
567; 0; 2132.0642; 170; 591.8; 
567; 0; 2131.8856; 170; 592; 
567; 0; 2131.6558; 170; 592.2; 
567; 0; 2131.3762; 170; 592.4; 
567; 0; 2131.0242; 170; 592.6; 
567; 0; 2130.6235; 170; 592.8; 
567; 0; 2130.1857; 170; 593; 
567; 0; 2129.6904; 170; 593.2; 
567; 0; 2129.1626; 170; 593.4; 
567; 0; 2128.6133; 170; 593.6; 
567; 0; 2128.058; 170; 593.8; 
567; 0; 2127.5333; 170; 594; 
567; 0; 2127.0591; 170; 594.2; 
567; 0; 2126.6426; 170; 594.4; 
567; 0; 2126.2837; 170; 594.6; 
567; 0; 2125.9786; 170; 594.8; 
567; 0; 2125.7538; 170; 595; 
567; 0; 2125.6146; 170; 595.2; 
567; 0; 2125.532; 170; 595.4; 
567; 0; 2125.5176; 170; 595.6; 
567; 0; 2125.569; 170; 595.8; 
567; 0; 2125.6567; 170; 596; 
567; 0; 2125.7621; 170; 596.2; 
567; 0; 2125.9047; 170; 596.4; 
567; 0; 2126.0861; 170; 596.6; 
567; 0; 2126.3073; 170; 596.8; 
567; 0; 2126.5624; 170; 597; 
567; 0; 2126.8528; 170; 597.2; 
567; 0; 2127.2045; 170; 597.4; 
567; 0; 2127.5979; 170; 597.6; 
567; 0; 2128.0247; 170; 597.8; 
567; 0; 2128.472; 170; 598; 
567; 0; 2128.9434; 0; 598.2; 
567; 0; 0; 0; 598.4; 
567; 0; 0; 0; 598.6; 
567; 0; 0; 0; 598.8; 
567; 0; 0; 0; 599; 
567; 0; 0; 0; 599.2; 
567; 0; 0; 0; 599.4; 
567; 0; 0; 0; 599.6; 
567; 0; 0; 0; 599.8; 
567; 0; 0; 0; 600; 
567; 0; 0; 0; 600.2; 
567; 0; 0; 0; 600.4; 
567; 0; 0; 0; 600.6; 
567; 0; 0; 0; 600.8; 
567; 0; 0; 0; 601; 
567; 0; 0; 0; 601.2; 
567; 0; 0; 0; 601.4; 
567; 0; 0; 0; 601.6; 
567; 0; 0; 0; 601.8; 
567; 0; 0; 0; 602; 
567; 0; 0; 0; 602.2; 
567; 0; 0; 0; 602.4; 
567; 0; 0; 0; 602.6; 
567; 0; 0; 0; 602.8; 
567; 0; 0; 0; 603; 
567; 0; 0; 0; 603.2; 
567; 0; 0; 0; 603.4; 
567; 0; 0; 0; 603.6; 
567; 0; 0; 0; 603.8; 
567; 0; 0; 0; 604; 
567; 0; 0; 0; 604.2; 
567; 0; 0; 0; 604.4; 
567; 0; 0; 0; 604.6; 
567; 0; 0; 0; 604.8; 
567; 0; 0; 0; 605; 
567; 0; 0; 0; 605.2; 
567; 0; 0; 0; 605.4; 
567; 0; 0; 0; 605.6; 
567; 0; 0; 0; 605.8; 
567; 0; 0; 0; 606; 
567; 0; 0; 0; 606.2; 
567; 0; 0; 0; 606.4; 
567; 0; 0; 0; 606.6; 
567; 0; 0; 0; 606.8; 
567; 0; 0; 0; 607; 
567; 0; 0; 0; 607.2; 
567; 0; 0; 0; 607.4; 
567; 0; 0; 0; 607.6; 
567; 0; 0; 0; 607.8; 
567; 0; 0; 0; 608; 
567; 0; 0; 0; 608.2; 
567; 0; 0; 0; 608.4; 
567; 0; 0; 0; 608.6; 
567; 0; 0; 0; 608.8; 
567; 0; 0; 0; 609; 
567; 0; 0; 0; 609.2; 
567; 0; 0; 0; 609.4; 
567; 0; 0; 0; 609.6; 
567; 0; 0; 0; 609.8; 
567; 0; 0; 0; 610; 
567; 0; 0; 0; 610.2; 
567; 0; 0; 0; 610.4; 
567; 0; 0; 0; 610.6; 
567; 0; 0; 0; 610.8; 
567; 0; 0; 0; 611; 
567; 0; 0; 0; 611.2; 
567; 0; 0; 0; 611.4; 
567; 0; 0; 0; 611.6; 
567; 0; 0; 0; 611.8; 
567; 0; 0; 0; 612; 
567; 0; 0; 0; 612.2; 
567; 0; 0; 0; 612.4; 
567; 0; 0; 0; 612.6; 
567; 0; 0; 0; 612.8; 
567; 0; 0; 0; 613; 
567; 0; 0; 0; 613.2; 
567; 0; 0; 0; 613.4; 
567; 0; 0; 0; 613.6; 
567; 0; 0; 0; 613.8; 
567; 0; 0; 0; 614; 
567; 0; 0; 0; 614.2; 
567; 0; 0; 0; 614.4; 
567; 0; 0; 0; 614.6; 
567; 0; 0; 0; 614.8; 
567; 0; 0; 0; 615; 
567; 0; 0; 0; 615.2; 
567; 0; 0; 0; 615.4; 
567; 0; 0; 0; 615.6; 
567; 0; 0; 0; 615.8; 
567; 0; 0; 0; 616; 
567; 0; 0; 0; 616.2; 
567; 0; 0; 0; 616.4; 
567; 0; 0; 0; 616.6; 
567; 0; 0; 0; 616.8; 
567; 0; 0; 0; 617; 
567; 0; 0; 0; 617.2; 
567; 0; 0; 0; 617.4; 
567; 0; 0; 0; 617.6; 
567; 0; 0; 0; 617.8; 
567; 0; 0; 0; 618; 
567; 0; 0; 0; 618.2; 
567; 0; 0; 0; 618.4; 
567; 0; 0; 0; 618.6; 
567; 0; 0; 0; 618.8; 
567; 0; 0; 0; 619; 
567; 0; 0; 0; 619.2; 
567; 0; 0; 0; 619.4; 
567; 0; 0; 0; 619.6; 
567; 0; 0; 0; 619.8; 
567; 0; 0; 0; 620; 
567; 0; 0; 0; 620.2; 
567; 0; 0; 0; 620.4; 
567; 0; 0; 0; 620.6; 
567; 0; 0; 0; 620.8; 
567; 0; 0; 0; 621; 
567; 0; 0; 0; 621.2; 
567; 0; 0; 0; 621.4; 
567; 0; 0; 0; 621.6; 
567; 0; 0; 0; 621.8; 
567; 0; 0; 0; 622; 
567; 0; 0; 0; 622.2; 
567; 0; 0; 0; 622.4; 
567; 0; 0; 0; 622.6; 
567; 0; 0; 0; 622.8; 
567; 0; 0; 0; 623; 
567; 0; 0; 0; 623.2; 
567; 0; 0; 0; 623.4; 
567; 0; 0; 0; 623.6; 
567; 0; 0; 0; 623.8; 
567; 0; 0; 0; 624; 
567; 0; 0; 0; 624.2; 
567; 0; 0; 0; 624.4; 
567; 0; 0; 0; 624.6; 
567; 0; 0; 0; 624.8; 
567; 0; 0; 0; 625; 
567; 0; 0; 0; 625.2; 
567; 0; 0; 0; 625.4; 
567; 0; 0; 0; 625.6; 
567; 0; 0; 0; 625.8; 
567; 0; 0; 0; 626; 
567; 0; 0; 0; 626.2; 
567; 0; 0; 0; 626.4; 
567; 0; 0; 0; 626.6; 
567; 0; 0; 0; 626.8; 
567; 0; 0; 0; 627; 
567; 0; 0; 0; 627.2; 
567; 0; 0; 0; 627.4; 
567; 0; 0; 0; 627.6; 
567; 0; 0; 0; 627.8; 
567; 0; 0; 0; 628; 
567; 0; 0; 0; 628.2; 
567; 0; 0; 0; 628.4; 
567; 0; 0; 0; 628.6; 
567; 0; 0; 0; 628.8; 
567; 0; 0; 0; 629; 
567; 0; 0; 0; 629.2; 
567; 0; 0; 0; 629.4; 
567; 0; 0; 0; 629.6; 
567; 0; 0; 0; 629.8; 
567; 0; 0; 0; 630; 
567; 0; 0; 0; 630.2; 
567; 0; 0; 0; 630.4; 
567; 0; 0; 0; 630.6; 
567; 0; 0; 0; 630.8; 
567; 0; 0; 0; 631; 
567; 0; 0; 0; 631.2; 
567; 0; 0; 0; 631.4; 
567; 0; 0; 0; 631.6; 
567; 0; 0; 0; 631.8; 
567; 0; 0; 0; 632; 
567; 0; 0; 0; 632.2; 
567; 0; 0; 0; 632.4; 
567; 0; 0; 0; 632.6; 
567; 0; 0; 0; 632.8; 
567; 0; 0; 0; 633; 
567; 0; 0; 0; 633.2; 
567; 0; 0; 0; 633.4; 
567; 0; 0; 0; 633.6; 
567; 0; 0; 0; 633.8; 
567; 0; 0; 0; 634; 
567; 0; 0; 0; 634.2; 
567; 0; 0; 0; 634.4; 
567; 0; 0; 0; 634.6; 
567; 0; 0; 0; 634.8; 
567; 0; 0; 0; 635; 
567; 0; 0; 0; 635.2; 
567; 0; 0; 0; 635.4; 
567; 0; 0; 0; 635.6; 
567; 0; 0; 0; 635.8; 
567; 0; 0; 0; 636; 
567; 0; 0; 0; 636.2; 
567; 0; 0; 0; 636.4; 
567; 0; 0; 0; 636.6; 
567; 0; 0; 0; 636.8; 
567; 0; 0; 0; 637; 
567; 0; 0; 0; 637.2; 
567; 0; 0; 0; 637.4; 
567; 0; 0; 0; 637.6; 
567; 0; 0; 0; 637.8; 
567; 0; 0; 0; 638; 
567; 0; 0; 0; 638.2; 
567; 0; 0; 0; 638.4; 
567; 0; 0; 0; 638.6; 
567; 0; 0; 0; 638.8; 
567; 0; 0; 0; 639; 
567; 0; 0; 0; 639.2; 
567; 0; 0; 0; 639.4; 
567; 0; 0; 0; 639.6; 
567; 0; 0; 0; 639.8; 
567; 0; 0; 0; 640; 
567; 0; 0; 0; 640.2; 
567; 0; 0; 0; 640.4; 
567; 0; 0; 0; 640.6; 
567; 0; 0; 0; 640.8; 
567; 0; 0; 0; 641; 
567; 0; 0; 0; 641.2; 
567; 0; 0; 0; 641.4; 
567; 0; 0; 0; 641.6; 
567; 0; 0; 0; 641.8; 
567; 0; 0; 0; 642; 
567; 0; 0; 0; 642.2; 
567; 0; 0; 0; 642.4; 
567; 0; 0; 0; 642.6; 
567; 0; 0; 0; 642.8; 
567; 0; 0; 0; 643; 
567; 0; 0; 0; 643.2; 
567; 0; 0; 0; 643.4; 
567; 0; 0; 0; 643.6; 
567; 0; 0; 0; 643.8; 
567; 0; 0; 0; 644; 
567; 0; 0; 0; 644.2; 
567; 0; 0; 0; 644.4; 
567; 0; 0; 0; 644.6; 
567; 0; 0; 0; 644.8; 
567; 0; 0; 0; 645; 
567; 0; 0; 0; 645.2; 
567; 0; 0; 0; 645.4; 
567; 0; 0; 0; 645.6; 
567; 0; 0; 0; 645.8; 
567; 0; 0; 0; 646; 
567; 0; 0; 0; 646.2; 
567; 0; 0; 0; 646.4; 
567; 0; 0; 0; 646.6; 
567; 0; 0; 0; 646.8; 
567; 0; 0; 0; 647; 
567; 0; 0; 0; 647.2; 
567; 0; 0; 0; 647.4; 
567; 0; 0; 0; 647.6; 
567; 0; 0; 0; 647.8; 
567; 0; 0; 0; 648; 
567; 0; 0; 0; 648.2; 
567; 0; 0; 0; 648.4; 
567; 0; 0; 0; 648.6; 
567; 0; 0; 0; 648.8; 
567; 0; 0; 0; 649; 
567; 0; 0; 0; 649.2; 
567; 0; 0; 0; 649.4; 
567; 0; 0; 0; 649.6; 
567; 0; 0; 0; 649.8; 
567; 0; 0; 0; 650; 
567; 0; 0; 0; 650.2; 
567; 0; 0; 0; 650.4; 
567; 0; 0; 0; 650.6; 
567; 0; 0; 0; 650.8; 
567; 0; 0; 0; 651; 
567; 0; 0; 0; 651.2; 
567; 0; 0; 0; 651.4; 
567; 0; 0; 0; 651.6; 
567; 0; 0; 0; 651.8; 
567; 0; 0; 0; 652; 
567; 0; 0; 0; 652.2; 
567; 0; 0; 0; 652.4; 
567; 0; 0; 0; 652.6; 
567; 0; 0; 0; 652.8; 
567; 0; 0; 0; 653; 
567; 0; 0; 0; 653.2; 
567; 0; 0; 0; 653.4; 
567; 0; 0; 0; 653.6; 
567; 0; 0; 0; 653.8; 
567; 0; 0; 0; 654; 
567; 0; 0; 0; 654.2; 
567; 0; 0; 0; 654.4; 
567; 0; 0; 0; 654.6; 
567; 0; 0; 0; 654.8; 
567; 0; 0; 0; 655; 
567; 0; 0; 0; 655.2; 
567; 0; 0; 0; 655.4; 
567; 0; 0; 0; 655.6; 
567; 0; 0; 0; 655.8; 
567; 0; 0; 0; 656; 
567; 0; 0; 0; 656.2; 
567; 0; 0; 0; 656.4; 
567; 0; 0; 0; 656.6; 
567; 0; 0; 0; 656.8; 
567; 0; 0; 0; 657; 
567; 0; 0; 0; 657.2; 
567; 0; 0; 0; 657.4; 
567; 0; 0; 0; 657.6; 
567; 0; 0; 0; 657.8; 
567; 0; 0; 0; 658; 
567; 0; 0; 0; 658.2; 
567; 0; 0; 0; 658.4; 
567; 0; 0; 0; 658.6; 
567; 0; 0; 0; 658.8; 
567; 0; 0; 0; 659; 
567; 0; 0; 0; 659.2; 
567; 0; 0; 0; 659.4; 
567; 0; 0; 0; 659.6; 
567; 0; 0; 0; 659.8; 
567; 0; 0; 0; 660; 
567; 0; 0; 0; 660.2; 
567; 0; 0; 0; 660.4; 
567; 0; 0; 0; 660.6; 
567; 0; 0; 0; 660.8; 
567; 0; 0; 0; 661; 
567; 0; 0; 0; 661.2; 
567; 0; 0; 0; 661.4; 
567; 0; 0; 0; 661.6; 
567; 0; 0; 0; 661.8; 
567; 0; 0; 0; 662; 
567; 0; 0; 0; 662.2; 
567; 0; 0; 0; 662.4; 
567; 0; 0; 0; 662.6; 
567; 0; 0; 0; 662.8; 
567; 0; 0; 0; 663; 
567; 0; 0; 0; 663.2; 
567; 0; 0; 0; 663.4; 
567; 0; 0; 0; 663.6; 
567; 0; 0; 0; 663.8; 
567; 0; 0; 0; 664; 
567; 0; 0; 0; 664.2; 
567; 0; 0; 0; 664.4; 
567; 0; 0; 0; 664.6; 
567; 0; 0; 0; 664.8; 
567; 0; 0; 0; 665; 
567; 0; 0; 0; 665.2; 
567; 0; 0; 0; 665.4; 
567; 0; 0; 0; 665.6; 
567; 0; 0; 0; 665.8; 
567; 0; 0; 0; 666; 
567; 0; 0; 0; 666.2; 
567; 0; 0; 0; 666.4; 
567; 0; 0; 0; 666.6; 
567; 0; 0; 0; 666.8; 
567; 0; 0; 0; 667; 
567; 0; 0; 0; 667.2; 
567; 0; 0; 0; 667.4; 
567; 0; 0; 0; 667.6; 
567; 0; 0; 0; 667.8; 
567; 0; 0; 0; 668; 
567; 0; 0; 0; 668.2; 
567; 0; 0; 0; 668.4; 
567; 0; 0; 0; 668.6; 
567; 0; 0; 0; 668.8; 
567; 0; 0; 0; 669; 
567; 0; 0; 0; 669.2; 
567; 0; 0; 0; 669.4; 
567; 0; 0; 0; 669.6; 
567; 0; 0; 0; 669.8; 
567; 0; 0; 0; 670; 
567; 0; 0; 0; 670.2; 
567; 0; 0; 0; 670.4; 
567; 0; 0; 0; 670.6; 
567; 0; 0; 0; 670.8; 
567; 0; 0; 0; 671; 
567; 0; 0; 0; 671.2; 
567; 0; 0; 0; 671.4; 
567; 0; 0; 0; 671.6; 
567; 0; 0; 0; 671.8; 
567; 0; 0; 0; 672; 
567; 0; 0; 0; 672.2; 
567; 0; 0; 0; 672.4; 
567; 0; 0; 0; 672.6; 
567; 0; 0; 0; 672.8; 
567; 0; 0; 0; 673; 
567; 0; 0; 0; 673.2; 
567; 0; 0; 0; 673.4; 
567; 0; 0; 0; 673.6; 
567; 0; 0; 0; 673.8; 
567; 0; 0; 0; 674; 
567; 0; 0; 0; 674.2; 
567; 0; 0; 0; 674.4; 
567; 0; 0; 0; 674.6; 
567; 0; 0; 0; 674.8; 
567; 0; 0; 0; 675; 
567; 0; 0; 0; 675.2; 
567; 0; 0; 0; 675.4; 
567; 0; 0; 0; 675.6; 
567; 0; 0; 0; 675.8; 
567; 0; 0; 0; 676; 
567; 0; 0; 0; 676.2; 
567; 0; 0; 0; 676.4; 
567; 0; 0; 0; 676.6; 
567; 0; 0; 0; 676.8; 
567; 0; 0; 0; 677; 
567; 0; 0; 0; 677.2; 
567; 0; 0; 0; 677.4; 
567; 0; 0; 0; 677.6; 
567; 0; 0; 0; 677.8; 
567; 0; 0; 0; 678; 
567; 0; 0; 0; 678.2; 
567; 0; 0; 0; 678.4; 
567; 0; 0; 0; 678.6; 
567; 0; 0; 0; 678.8; 
