567; 0; 0; 170; 0; 
567; 0; 0; 170; 0.2; 
567; 0; 0; 170; 0.4; 
567; 0; 0; 170; 0.6; 
567; 0; 0; 170; 0.8; 
567; 0; 0; 170; 1; 
567; 0; 0; 170; 1.2; 
567; 0; 0; 170; 1.4; 
567; 0; 0; 170; 1.6; 
567; 0; 0; 170; 1.8; 
567; 0; 0; 170; 2; 
567; 0; 0; 170; 2.2; 
567; 0; 0; 170; 2.4; 
567; 0; 0; 170; 2.6; 
567; 0; 0; 170; 2.8; 
567; 0; 0; 170; 3; 
567; 0; 0; 170; 3.2; 
567; 0; 0; 170; 3.4; 
567; 0; 0; 170; 3.6; 
567; 0; 0; 170; 3.8; 
567; 0; 0; 170; 4; 
567; 0; 0; 170; 4.2; 
567; 0; 0; 170; 4.4; 
567; 0; 0; 170; 4.6; 
567; 0; 0; 170; 4.8; 
567; 0; 0; 170; 5; 
567; 0; 0; 170; 5.2; 
567; 0; 0; 170; 5.4; 
567; 0; 0; 170; 5.6; 
567; 0; 0; 170; 5.8; 
567; 0; 0; 170; 6; 
567; 0; 0; 170; 6.2; 
567; 0; 0; 170; 6.4; 
567; 0; 0; 170; 6.6; 
567; 0; 0; 170; 6.8; 
567; 0; 0; 170; 7; 
567; 0; 0; 170; 7.2; 
567; 0; 0; 170; 7.4; 
567; 0; 0; 170; 7.6; 
567; 0; 0; 170; 7.8; 
567; 0; 0; 170; 8; 
567; 0; 0; 170; 8.2; 
567; 0; 0; 170; 8.4; 
567; 0; 0; 170; 8.6; 
567; 0; 0; 170; 8.8; 
567; 0; 0; 170; 9; 
567; 0; 0; 170; 9.2; 
567; 0; 0; 170; 9.4; 
567; 0; 0; 170; 9.6; 
567; 0; 0; 170; 9.8; 
567; 0; 0; 170; 10; 
567; 0; 0; 170; 10.2; 
567; 0; 0; 170; 10.4; 
567; 0; 0; 170; 10.6; 
567; 0; 0; 170; 10.8; 
567; 0; 0; 170; 11; 
567; 0; 0; 170; 11.2; 
567; 0; 0; 170; 11.4; 
567; 0; 0; 170; 11.6; 
567; 0; 0; 170; 11.8; 
567; 0; 0; 170; 12; 
567; 0; 0; 170; 12.2; 
567; 0; 0; 170; 12.4; 
567; 0; 0; 170; 12.6; 
567; 0; 0; 170; 12.8; 
567; 0; 0; 170; 13; 
567; 0; 0; 170; 13.2; 
567; 0; 0; 170; 13.4; 
567; 0; 0; 170; 13.6; 
567; 0; 0; 170; 13.8; 
567; 0; 0; 170; 14; 
567; 0; 0; 170; 14.2; 
567; 0; 0; 170; 14.4; 
567; 0; 0; 170; 14.6; 
567; 0; 0; 170; 14.8; 
567; 0; 0; 170; 15; 
567; 0; 0; 170; 15.2; 
567; 0; 0; 170; 15.4; 
567; 0; 1282.1281; 170; 15.6; 
567; 0; 1282.1281; 170; 15.8; 
567; 0; 1282.1281; 170; 16; 
567; 0; 1282.1281; 170; 16.2; 
567; 0; 1282.1281; 170; 16.4; 
567; 0; 1282.1281; 170; 16.6; 
567; 0; 1282.1281; 170; 16.8; 
567; 0; 1282.1281; 170; 17; 
567; 0; 1282.1281; 170; 17.2; 
567; 0; 1282.1281; 170; 17.4; 
567; 0; 1282.1281; 170; 17.6; 
567; 0; 1282.1281; 170; 17.8; 
567; 0; 1282.1281; 170; 18; 
567; 0; 1282.1281; 170; 18.2; 
567; 0; 1282.1281; 170; 18.4; 
567; 0; 1282.1281; 170; 18.6; 
567; 0; 1297.9704; 170; 18.8; 
567; 0; 1316.5089; 170; 19; 
567; 0; 1335.0475; 170; 19.2; 
567; 0; 1353.5861; 170; 19.4; 
567; 0; 1373.4095; 170; 19.6; 
567; 0; 1396.1864; 170; 19.8; 
567; 0; 1418.9631; 170; 20; 
567; 0; 1441.74; 170; 20.2; 
567; 0; 1464.5168; 170; 20.4; 
567; 0; 1486.7967; 170; 20.6; 
567; 0; 1507.4877; 170; 20.8; 
567; 0; 1528.1785; 170; 21; 
567; 0; 1548.8695; 170; 21.2; 
567; 0; 1569.5604; 170; 21.4; 
567; 0; 1590.2514; 170; 21.6; 
567; 0; 1610.9422; 170; 21.8; 
567; 0; 1634.9517; 170; 22; 
567; 0; 1660.149; 170; 22.2; 
567; 0; 1685.3463; 170; 22.4; 
567; 0; 1710.5434; 170; 22.6; 
567; 0; 1735.5252; 170; 22.8; 
567; 0; 1758.9433; 170; 23; 
567; 0; 1782.3614; 170; 23.2; 
567; 0; 1805.7796; 170; 23.4; 
567; 0; 1829.1977; 170; 23.6; 
567; 0; 1852.6158; 170; 23.8; 
567; 0; 1876.0339; 170; 24; 
567; 0; 1900.0933; 170; 24.2; 
567; 0; 1927.1194; 170; 24.4; 
567; 0; 1954.1454; 170; 24.6; 
567; 0; 1981.1715; 170; 24.8; 
567; 0; 2008.1976; 170; 25; 
567; 0; 2033.9775; 170; 25.2; 
567; 0; 2059.2175; 170; 25.4; 
567; 0; 2084.4574; 170; 25.6; 
567; 0; 2109.6974; 170; 25.8; 
567; 0; 2134.9374; 170; 26; 
567; 0; 2160.1774; 170; 26.2; 
567; 0; 2185.4174; 170; 26.4; 
567; 0; 2213.9822; 170; 26.6; 
567; 0; 2244.6515; 170; 26.8; 
567; 0; 2274.5138; 170; 27; 
567; 0; 2302.1973; 170; 27.2; 
567; 0; 2326.6899; 170; 27.4; 
567; 0; 2347.007; 170; 27.6; 
567; 0; 2364.3457; 170; 27.8; 
567; 0; 2378.8982; 170; 28; 
567; 0; 2390.9436; 170; 28.2; 
567; 0; 2400.7946; 170; 28.4; 
567; 0; 2408.7656; 170; 28.6; 
567; 0; 2415.1542; 170; 28.8; 
567; 0; 2420.2293; 170; 29; 
567; 0; 2424.2281; 170; 29.2; 
567; 0; 2427.3538; 170; 29.4; 
567; 0; 2429.7787; 170; 29.6; 
567; 0; 2431.6459; 170; 29.8; 
567; 0; 2433.0727; 170; 30; 
567; 0; 2434.1551; 170; 30.2; 
567; 0; 2434.9696; 170; 30.4; 
567; 0; 2435.5778; 170; 30.6; 
567; 0; 2436.028; 170; 30.8; 
567; 0; 2436.358; 170; 31; 
567; 0; 2436.5975; 170; 31.2; 
567; 0; 2436.7694; 170; 31.4; 
567; 0; 2436.891; 170; 31.6; 
567; 0; 2436.9759; 170; 31.8; 
567; 0; 2437.034; 170; 32; 
567; 0; 2437.0727; 170; 32.2; 
567; 0; 2437.0977; 170; 32.4; 
567; 0; 2437.1133; 170; 32.6; 
567; 0; 2437.1221; 170; 32.8; 
567; 0; 2437.1267; 170; 33; 
567; 0; 2437.1281; 170; 33.2; 
567; 0; 2437.1281; 170; 33.4; 
567; 0; 2437.1269; 170; 33.6; 
567; 0; 2437.125; 170; 33.8; 
567; 0; 2435.444; 170; 34; 
567; 0; 2434.2665; 170; 34.2; 
567; 0; 2436.6548; 170; 34.4; 
567; 0; 2444.1512; 170; 34.6; 
567; 0; 2457.8602; 170; 34.8; 
567; 0; 2483.6708; 170; 35; 
567; 0; 2512.4189; 170; 35.2; 
567; 0; 2543.0565; 170; 35.4; 
567; 0; 2572.7119; 170; 35.6; 
567; 0; 2609.348; 170; 35.8; 
567; 0; 2647.8351; 170; 36; 
567; 0; 2685.5031; 170; 36.2; 
567; 0; 2720.9736; 170; 36.4; 
567; 0; 2756.2533; 170; 36.6; 
567; 0; 2791.4348; 170; 36.8; 
567; 0; 2826.4878; 170; 37; 
567; 0; 2861.431; 170; 37.2; 
567; 0; 2896.2852; 170; 37.4; 
567; 0; 2931.0733; 170; 37.6; 
567; 0; 2965.8184; 170; 37.8; 
567; 0; 3004.7713; 170; 38; 
567; 0; 3047.3906; 170; 38.2; 
567; 0; 3089.3651; 170; 38.4; 
567; 0; 3128.8658; 170; 38.6; 
567; 0; 3168.3725; 170; 38.8; 
567; 0; 3207.8927; 170; 39; 
567; 0; 3247.4371; 170; 39.2; 
567; 0; 3287.018; 170; 39.4; 
567; 0; 3326.6492; 170; 39.6; 
567; 0; 3366.3446; 170; 39.8; 
567; 0; 3406.1184; 170; 40; 
567; 0; 3447.0049; 170; 40.2; 
567; 0; 3490.4395; 170; 40.4; 
567; 0; 3533.9548; 170; 40.6; 
567; 0; 3575.49; 170; 40.8; 
567; 0; 3616.5778; 170; 41; 
567; 0; 3657.7709; 170; 41.2; 
567; 0; 3699.0799; 170; 41.4; 
567; 0; 3740.5153; 170; 41.6; 
567; 0; 3782.0877; 170; 41.8; 
567; 0; 3786.5095; 170; 42; 
567; 0; 3786.502; 170; 42.2; 
567; 0; 3786.6089; 170; 42.4; 
567; 0; 3786.831; 170; 42.6; 
567; 0; 3787.1698; 170; 42.8; 
567; 0; 3787.6263; 170; 43; 
567; 0; 3788.2021; 170; 43.2; 
567; 0; 3788.8978; 170; 43.4; 
567; 0; 3789.7152; 170; 43.6; 
567; 0; 3790.6551; 170; 43.8; 
567; 0; 3791.7186; 170; 44; 
567; 0; 3792.9069; 170; 44.2; 
567; 0; 3794.2207; 170; 44.4; 
567; 0; 3795.6614; 170; 44.6; 
567; 0; 3797.2294; 170; 44.8; 
567; 0; 3798.926; 170; 45; 
567; 0; 3800.7523; 170; 45.2; 
567; 0; 3802.7091; 170; 45.4; 
567; 0; 3804.7967; 170; 45.6; 
567; 0; 3807.0166; 170; 45.8; 
567; 0; 3809.4596; 170; 46; 
567; 0; 3812.0955; 170; 46.2; 
567; 0; 3814.8703; 170; 46.4; 
567; 0; 3817.7845; 170; 46.6; 
567; 0; 3820.8284; 170; 46.8; 
567; 0; 3823.9944; 170; 47; 
567; 0; 3827.2419; 170; 47.2; 
567; 0; 3830.5182; 170; 47.4; 
567; 0; 3833.7771; 170; 47.6; 
567; 0; 3836.9822; 170; 47.8; 
567; 0; 3840.1076; 170; 48; 
567; 0; 3843.1346; 170; 48.2; 
567; 0; 3846.0583; 170; 48.4; 
567; 0; 3848.8825; 170; 48.6; 
567; 0; 3851.6159; 170; 48.8; 
567; 0; 3854.2702; 170; 49; 
567; 0; 3856.8593; 170; 49.2; 
567; 0; 3859.3994; 170; 49.4; 
567; 0; 3861.8995; 170; 49.6; 
567; 0; 3864.3701; 170; 49.8; 
567; 0; 3866.8246; 170; 50; 
567; 0; 3869.2734; 170; 50.2; 
567; 0; 3871.7245; 170; 50.4; 
567; 0; 3874.1865; 170; 50.6; 
567; 0; 3876.6678; 170; 50.8; 
567; 0; 3879.1746; 170; 51; 
567; 0; 3881.7122; 170; 51.2; 
567; 0; 3884.2848; 170; 51.4; 
567; 0; 3886.8964; 170; 51.6; 
567; 0; 3889.5459; 170; 51.8; 
567; 0; 3892.2315; 170; 52; 
567; 0; 3894.9497; 170; 52.2; 
567; 0; 3897.6946; 170; 52.4; 
567; 0; 3900.4602; 170; 52.6; 
567; 0; 3903.3438; 170; 52.8; 
567; 0; 3906.2557; 170; 53; 
567; 0; 3909.1679; 170; 53.2; 
567; 0; 3912.0749; 170; 53.4; 
567; 0; 3914.9721; 170; 53.6; 
567; 0; 3917.8551; 170; 53.8; 
567; 0; 3920.723; 170; 54; 
567; 0; 3923.5778; 170; 54.2; 
567; 0; 3926.4192; 170; 54.4; 
567; 0; 3929.246; 170; 54.6; 
567; 0; 3932.0618; 170; 54.8; 
567; 0; 3934.8734; 170; 55; 
567; 0; 3937.6861; 170; 55.2; 
567; 0; 3940.5003; 170; 55.4; 
567; 0; 3943.3176; 170; 55.6; 
567; 0; 3946.1385; 170; 55.8; 
567; 0; 3948.9625; 170; 56; 
567; 0; 3951.7905; 170; 56.2; 
567; 0; 3954.6256; 170; 56.4; 
567; 0; 3957.4686; 170; 56.6; 
567; 0; 3960.3177; 170; 56.8; 
567; 0; 3963.1713; 170; 57; 
567; 0; 3966.028; 170; 57.2; 
567; 0; 3968.8888; 170; 57.4; 
567; 0; 3971.7546; 170; 57.6; 
567; 0; 3974.6259; 170; 57.8; 
567; 0; 3977.5029; 170; 58; 
567; 0; 3980.3863; 170; 58.2; 
567; 0; 3983.2755; 170; 58.4; 
567; 0; 3986.1718; 170; 58.6; 
567; 0; 3989.0768; 170; 58.8; 
567; 0; 3991.9908; 170; 59; 
567; 0; 3994.9132; 170; 59.2; 
567; 0; 3997.8425; 170; 59.4; 
567; 0; 4000.7762; 170; 59.6; 
567; 0; 4003.7; 170; 59.8; 
567; 0; 4006.5829; 170; 60; 
567; 0; 4009.3827; 170; 60.2; 
567; 0; 4012.0724; 170; 60.4; 
567; 0; 4014.6867; 170; 60.6; 
567; 0; 4017.1946; 170; 60.8; 
567; 0; 4019.5398; 170; 61; 
567; 0; 4021.7176; 170; 61.2; 
567; 0; 4023.7491; 170; 61.4; 
567; 0; 4025.7023; 170; 61.6; 
567; 0; 4027.6379; 170; 61.8; 
567; 0; 4029.5898; 170; 62; 
567; 0; 4031.58; 170; 62.2; 
567; 0; 4033.627; 170; 62.4; 
567; 0; 4035.7451; 170; 62.6; 
567; 0; 4037.942; 170; 62.8; 
567; 0; 4040.2179; 170; 63; 
567; 0; 4042.5691; 170; 63.2; 
567; 0; 4044.7967; 170; 63.4; 
567; 0; 4046.967; 170; 63.6; 
567; 0; 4049.1669; 170; 63.8; 
567; 0; 4051.3892; 170; 64; 
567; 0; 4053.6273; 170; 64.2; 
567; 0; 4055.8764; 170; 64.4; 
567; 0; 4054.742; 170; 64.6; 
567; 0; 4047.3572; 170; 64.8; 
567; 0; 4033.6378; 170; 65; 
567; 0; 4013.4058; 170; 65.2; 
567; 0; 3987.8195; 170; 65.4; 
567; 0; 3957.6231; 170; 65.6; 
567; 0; 3923.5052; 170; 65.8; 
567; 0; 3886.0988; 170; 66; 
567; 0; 3845.9537; 170; 66.2; 
567; 0; 3803.6271; 170; 66.4; 
567; 0; 3759.6687; 170; 66.6; 
567; 0; 3714.5322; 170; 66.8; 
567; 0; 3669.0045; 170; 67; 
567; 0; 3623.3078; 170; 67.2; 
567; 0; 3577.4489; 170; 67.4; 
567; 0; 3531.6474; 170; 67.6; 
567; 0; 3483.8731; 170; 67.8; 
567; 0; 3436.2634; 170; 68; 
567; 0; 3389.0608; 170; 68.2; 
567; 0; 3342.4457; 170; 68.4; 
567; 0; 3296.6541; 170; 68.6; 
567; 0; 3251.7474; 170; 68.8; 
567; 0; 3207.6082; 170; 69; 
567; 0; 3164.2132; 170; 69.2; 
567; 0; 3121.5624; 170; 69.4; 
567; 0; 3079.5166; 170; 69.6; 
567; 0; 3035.1007; 170; 69.8; 
567; 0; 2994.2929; 170; 70; 
567; 0; 2956.946; 170; 70.2; 
567; 0; 2920.3402; 170; 70.4; 
567; 0; 2884.7694; 170; 70.6; 
567; 0; 2850.3856; 170; 70.8; 
567; 0; 2817.0825; 170; 71; 
567; 0; 2784.797; 170; 71.2; 
567; 0; 2753.4998; 170; 71.4; 
567; 0; 2723.2179; 170; 71.6; 
567; 0; 2693.9318; 170; 71.8; 
567; 0; 2665.0116; 170; 72; 
567; 0; 2635.3838; 170; 72.2; 
567; 0; 2606.8084; 170; 72.4; 
567; 0; 2579.0465; 170; 72.6; 
567; 0; 2551.8691; 170; 72.8; 
567; 0; 2525.187; 170; 73; 
567; 0; 2498.966; 170; 73.2; 
567; 0; 2473.2485; 170; 73.4; 
567; 0; 2448.1214; 170; 73.6; 
567; 0; 2428.9859; 170; 73.8; 
567; 0; 2410.6376; 170; 74; 
567; 0; 2392.881; 170; 74.2; 
567; 0; 2375.7514; 170; 74.4; 
567; 0; 2359.5459; 170; 74.6; 
567; 0; 2344.3764; 170; 74.8; 
567; 0; 2330.0216; 170; 75; 
567; 0; 2315.9297; 170; 75.2; 
567; 0; 2301.9284; 170; 75.4; 
567; 0; 2288.4635; 170; 75.6; 
567; 0; 2275.5207; 170; 75.8; 
567; 0; 2263.1012; 170; 76; 
567; 0; 2251.2069; 170; 76.2; 
567; 0; 2239.8086; 170; 76.4; 
567; 0; 2228.9401; 170; 76.6; 
567; 0; 2218.6192; 170; 76.8; 
567; 0; 2208.8297; 170; 77; 
567; 0; 2199.5655; 170; 77.2; 
567; 0; 2190.7932; 170; 77.4; 
567; 0; 2182.5048; 170; 77.6; 
567; 0; 2174.6992; 170; 77.8; 
567; 0; 2167.3463; 170; 78; 
567; 0; 2160.4019; 170; 78.2; 
567; 0; 2153.8567; 170; 78.4; 
567; 0; 2147.6743; 170; 78.6; 
567; 0; 2141.8193; 170; 78.8; 
567; 0; 2136.2846; 170; 79; 
567; 0; 2131.0867; 170; 79.2; 
567; 0; 2126.2495; 170; 79.4; 
567; 0; 2121.7655; 170; 79.6; 
567; 0; 2117.6099; 170; 79.8; 
567; 0; 2113.7483; 170; 80; 
567; 0; 2110.1832; 170; 80.2; 
567; 0; 2106.892; 170; 80.4; 
567; 0; 2103.852; 170; 80.6; 
567; 0; 2101.1072; 170; 80.8; 
567; 0; 2098.6607; 170; 81; 
567; 0; 2096.4645; 170; 81.2; 
567; 0; 2094.0467; 170; 81.4; 
567; 0; 2091.2534; 170; 81.6; 
567; 0; 2088.3656; 170; 81.8; 
567; 0; 2085.5615; 170; 82; 
567; 0; 2082.9337; 170; 82.2; 
567; 0; 2080.5324; 170; 82.4; 
567; 0; 2078.4478; 170; 82.6; 
567; 0; 2076.7085; 170; 82.8; 
567; 0; 2075.3193; 170; 83; 
567; 0; 2074.2552; 170; 83.2; 
567; 0; 2073.489; 170; 83.4; 
567; 0; 2072.9806; 170; 83.6; 
567; 0; 2072.6965; 170; 83.8; 
567; 0; 2072.6385; 170; 84; 
567; 0; 2072.7538; 170; 84.2; 
567; 0; 2073.0071; 170; 84.4; 
567; 0; 2073.404; 170; 84.6; 
567; 0; 2073.8986; 170; 84.8; 
567; 0; 2074.4654; 170; 85; 
567; 0; 2075.0784; 170; 85.2; 
567; 0; 2075.6849; 170; 85.4; 
567; 0; 2076.2942; 170; 85.6; 
567; 0; 2076.9043; 170; 85.8; 
567; 0; 2077.4802; 170; 86; 
567; 0; 2078.0434; 170; 86.2; 
567; 0; 2078.602; 170; 86.4; 
567; 0; 2079.128; 170; 86.6; 
567; 0; 2079.6062; 170; 86.8; 
567; 0; 2080.0323; 170; 87; 
567; 0; 2080.4059; 170; 87.2; 
567; 0; 2080.7289; 170; 87.4; 
567; 0; 2080.9663; 170; 87.6; 
567; 0; 2081.1101; 170; 87.8; 
567; 0; 2081.1525; 170; 88; 
567; 0; 2081.1011; 170; 88.2; 
567; 0; 2080.9591; 170; 88.4; 
567; 0; 2080.7006; 170; 88.6; 
567; 0; 2080.3586; 170; 88.8; 
567; 0; 2079.9501; 170; 89; 
567; 0; 2079.4935; 170; 89.2; 
567; 0; 2078.9954; 170; 89.4; 
567; 0; 2078.4696; 170; 89.6; 
567; 0; 2077.9605; 170; 89.8; 
567; 0; 2077.4932; 170; 90; 
567; 0; 2077.0804; 170; 90.2; 
567; 0; 2076.7276; 170; 90.4; 
567; 0; 2076.4336; 170; 90.6; 
567; 0; 2076.1937; 170; 90.8; 
567; 0; 2076.0424; 170; 91; 
567; 0; 2075.9874; 170; 91.2; 
567; 0; 2075.9947; 170; 91.4; 
567; 0; 2076.0413; 170; 91.6; 
567; 0; 2076.1507; 170; 91.8; 
567; 0; 2076.3269; 170; 92; 
567; 0; 2076.5335; 170; 92.2; 
567; 0; 2076.7869; 170; 92.4; 
567; 0; 2077.0878; 170; 92.6; 
567; 0; 2077.4396; 170; 92.8; 
567; 0; 2077.8751; 170; 93; 
567; 0; 2078.4102; 170; 93.2; 
567; 0; 2079.0073; 170; 93.4; 
567; 0; 2079.6468; 170; 93.6; 
567; 0; 2080.3481; 170; 93.8; 
567; 0; 2081.1195; 170; 94; 
567; 0; 2081.9632; 170; 94.2; 
567; 0; 2082.8758; 170; 94.4; 
567; 0; 2083.8114; 170; 94.6; 
567; 0; 2084.7487; 170; 94.8; 
567; 0; 2085.7065; 170; 95; 
567; 0; 2086.6545; 170; 95.2; 
567; 0; 2087.5816; 170; 95.4; 
567; 0; 2088.5145; 170; 95.6; 
567; 0; 2089.4692; 170; 95.8; 
567; 0; 2090.4543; 170; 96; 
567; 0; 2091.4751; 170; 96.2; 
567; 0; 2092.5718; 170; 96.4; 
567; 0; 2093.7558; 170; 96.6; 
567; 0; 2094.9955; 170; 96.8; 
567; 0; 2096.2694; 170; 97; 
567; 0; 2097.5638; 170; 97.2; 
567; 0; 2098.9088; 170; 97.4; 
567; 0; 2100.3106; 170; 97.6; 
567; 0; 2101.7363; 170; 97.8; 
567; 0; 2103.2054; 170; 98; 
567; 0; 2104.7202; 170; 98.2; 
567; 0; 2106.2458; 170; 98.4; 
567; 0; 2107.8009; 170; 98.6; 
567; 0; 2109.3895; 170; 98.8; 
567; 0; 2111.0189; 170; 99; 
567; 0; 2112.6831; 170; 99.2; 
567; 0; 2114.3434; 170; 99.4; 
567; 0; 2115.9769; 170; 99.6; 
567; 0; 2117.5713; 170; 99.8; 
567; 0; 2119.1213; 170; 100; 
567; 0; 2120.6245; 170; 100.2; 
567; 0; 2122.0825; 170; 100.4; 
567; 0; 2123.4994; 170; 100.6; 
567; 0; 2124.9198; 170; 100.8; 
567; 0; 2126.3638; 170; 101; 
567; 0; 2127.8479; 170; 101.2; 
567; 0; 2129.3738; 170; 101.4; 
567; 0; 2130.948; 170; 101.6; 
567; 0; 2132.5644; 170; 101.8; 
567; 0; 2134.1839; 170; 102; 
567; 0; 2135.7841; 170; 102.2; 
567; 0; 2137.3521; 170; 102.4; 
567; 0; 2138.8412; 170; 102.6; 
567; 0; 2140.2354; 170; 102.8; 
567; 0; 2141.5227; 170; 103; 
567; 0; 2142.7093; 170; 103.2; 
567; 0; 2143.7996; 170; 103.4; 
567; 0; 2144.7681; 170; 103.6; 
567; 0; 2145.6478; 170; 103.8; 
567; 0; 2146.4556; 170; 104; 
567; 0; 2147.1726; 170; 104.2; 
567; 0; 2147.7936; 170; 104.4; 
567; 0; 2148.3215; 170; 104.6; 
567; 0; 2148.7638; 170; 104.8; 
567; 0; 2149.0896; 170; 105; 
567; 0; 2149.2934; 170; 105.2; 
567; 0; 2149.3717; 170; 105.4; 
567; 0; 2149.3358; 170; 105.6; 
567; 0; 2149.1914; 170; 105.8; 
567; 0; 2148.9555; 170; 106; 
567; 0; 2148.6774; 170; 106.2; 
567; 0; 2148.3875; 170; 106.4; 
567; 0; 2148.1063; 170; 106.6; 
567; 0; 2147.846; 170; 106.8; 
567; 0; 2147.6121; 170; 107; 
567; 0; 2147.406; 170; 107.2; 
567; 0; 2147.1875; 170; 107.4; 
567; 0; 2146.9405; 170; 107.6; 
567; 0; 2146.6505; 170; 107.8; 
567; 0; 2146.3186; 170; 108; 
567; 0; 2145.9418; 170; 108.2; 
567; 0; 2145.4873; 170; 108.4; 
567; 0; 2144.9401; 170; 108.6; 
567; 0; 2144.2959; 170; 108.8; 
567; 0; 2143.5972; 170; 109; 
567; 0; 2142.8664; 170; 109.2; 
567; 0; 2142.0851; 170; 109.4; 
567; 0; 2141.2455; 170; 109.6; 
567; 0; 2140.3476; 170; 109.8; 
567; 0; 2139.4352; 170; 110; 
567; 0; 2138.5266; 170; 110.2; 
567; 0; 2137.5992; 170; 110.4; 
567; 0; 2136.6822; 170; 110.6; 
567; 0; 2135.7852; 170; 110.8; 
567; 0; 2134.88; 170; 111; 
567; 0; 2133.9496; 170; 111.2; 
567; 0; 2133.0258; 170; 111.4; 
567; 0; 2132.1204; 170; 111.6; 
567; 0; 2131.204; 170; 111.8; 
567; 0; 2130.3002; 170; 112; 
567; 0; 2129.4167; 170; 112.2; 
567; 0; 2128.5642; 170; 112.4; 
567; 0; 2127.7816; 170; 112.6; 
567; 0; 2127.0462; 170; 112.8; 
567; 0; 2126.3485; 170; 113; 
567; 0; 2125.674; 170; 113.2; 
567; 0; 2125.0202; 170; 113.4; 
567; 0; 2124.3783; 170; 113.6; 
567; 0; 2123.7486; 170; 113.8; 
567; 0; 2123.1241; 170; 114; 
567; 0; 2122.5076; 170; 114.2; 
567; 0; 2121.8929; 170; 114.4; 
567; 0; 2121.2415; 170; 114.6; 
567; 0; 2120.573; 170; 114.8; 
567; 0; 2119.8934; 170; 115; 
567; 0; 2119.2139; 170; 115.2; 
567; 0; 2118.573; 170; 115.4; 
567; 0; 2117.9926; 170; 115.6; 
567; 0; 2117.4857; 170; 115.8; 
567; 0; 2117.053; 170; 116; 
567; 0; 2116.7318; 170; 116.2; 
567; 0; 2116.532; 170; 116.4; 
567; 0; 2116.4595; 170; 116.6; 
567; 0; 2116.5045; 170; 116.8; 
567; 0; 2116.6584; 170; 117; 
567; 0; 2116.907; 170; 117.2; 
567; 0; 2117.2004; 170; 117.4; 
567; 0; 2117.5041; 170; 117.6; 
567; 0; 2117.8327; 170; 117.8; 
567; 0; 2118.2636; 170; 118; 
567; 0; 2118.9101; 170; 118.2; 
567; 0; 2119.8614; 170; 118.4; 
567; 0; 2121.1542; 170; 118.6; 
567; 0; 2122.7928; 170; 118.8; 
567; 0; 2124.7212; 170; 119; 
567; 0; 2126.8162; 170; 119.2; 
567; 0; 2129.0036; 170; 119.4; 
567; 0; 2131.2276; 170; 119.6; 
567; 0; 2133.3795; 170; 119.8; 
567; 0; 2135.366; 170; 120; 
567; 0; 2137.1409; 170; 120.2; 
567; 0; 2138.6471; 170; 120.4; 
567; 0; 2139.8729; 170; 120.6; 
567; 0; 2140.8213; 170; 120.8; 
567; 0; 2141.5169; 170; 121; 
567; 0; 2141.9828; 170; 121.2; 
567; 0; 2142.2134; 170; 121.4; 
567; 0; 2142.2595; 170; 121.6; 
567; 0; 2142.1559; 170; 121.8; 
567; 0; 2141.8579; 170; 122; 
567; 0; 2141.3568; 170; 122.2; 
567; 0; 2140.6928; 170; 122.4; 
567; 0; 2139.8588; 170; 122.6; 
567; 0; 2138.8669; 170; 122.8; 
567; 0; 2137.7666; 170; 123; 
567; 0; 2136.5929; 170; 123.2; 
567; 0; 2135.3703; 170; 123.4; 
567; 0; 2134.1172; 170; 123.6; 
567; 0; 2132.8466; 170; 123.8; 
567; 0; 2131.5681; 170; 124; 
567; 0; 2130.2879; 170; 124.2; 
567; 0; 2129.0091; 170; 124.4; 
567; 0; 2127.7339; 170; 124.6; 
567; 0; 2126.4622; 170; 124.8; 
567; 0; 2125.1932; 170; 125; 
567; 0; 2123.9266; 170; 125.2; 
567; 0; 2122.6637; 170; 125.4; 
567; 0; 2121.4057; 170; 125.6; 
567; 0; 2120.1529; 170; 125.8; 
567; 0; 2118.9048; 170; 126; 
567; 0; 2117.6599; 170; 126.2; 
567; 0; 2116.4171; 170; 126.4; 
567; 0; 2115.1745; 170; 126.6; 
567; 0; 2113.971; 170; 126.8; 
567; 0; 2112.8211; 170; 127; 
567; 0; 2111.6967; 170; 127.2; 
567; 0; 2110.5789; 170; 127.4; 
567; 0; 2109.4964; 170; 127.6; 
567; 0; 2108.4602; 170; 127.8; 
567; 0; 2107.48; 170; 128; 
567; 0; 2106.5896; 170; 128.2; 
567; 0; 2105.8041; 170; 128.4; 
567; 0; 2105.1281; 170; 128.6; 
567; 0; 2104.5576; 170; 128.8; 
567; 0; 2104.0847; 170; 129; 
567; 0; 2103.6993; 170; 129.2; 
567; 0; 2103.3491; 170; 129.4; 
567; 0; 2103.0077; 170; 129.6; 
567; 0; 2102.6922; 170; 129.8; 
567; 0; 2102.4104; 170; 130; 
567; 0; 2102.1243; 170; 130.2; 
567; 0; 2101.8195; 170; 130.4; 
567; 0; 2101.5224; 170; 130.6; 
567; 0; 2101.2486; 170; 130.8; 
567; 0; 2101.0051; 170; 131; 
567; 0; 2100.7944; 170; 131.2; 
567; 0; 2100.6158; 170; 131.4; 
567; 0; 2100.4673; 170; 131.6; 
567; 0; 2100.3459; 170; 131.8; 
567; 0; 2100.2471; 170; 132; 
567; 0; 2100.1666; 170; 132.2; 
567; 0; 2100.1411; 170; 132.4; 
567; 0; 2100.1819; 170; 132.6; 
567; 0; 2100.2983; 170; 132.8; 
567; 0; 2100.5251; 170; 133; 
567; 0; 2100.8366; 170; 133.2; 
567; 0; 2101.2196; 170; 133.4; 
567; 0; 2101.6953; 170; 133.6; 
567; 0; 2102.2317; 170; 133.8; 
567; 0; 2102.8132; 170; 134; 
567; 0; 2103.461; 170; 134.2; 
567; 0; 2104.143; 170; 134.4; 
567; 0; 2104.8435; 170; 134.6; 
567; 0; 2105.5459; 170; 134.8; 
567; 0; 2106.2466; 170; 135; 
567; 0; 2106.9785; 170; 135.2; 
567; 0; 2107.7591; 170; 135.4; 
567; 0; 2108.5562; 170; 135.6; 
567; 0; 2109.3572; 170; 135.8; 
567; 0; 2110.1858; 170; 136; 
567; 0; 2111.054; 170; 136.2; 
567; 0; 2111.9262; 170; 136.4; 
567; 0; 2112.789; 170; 136.6; 
567; 0; 2113.6683; 170; 136.8; 
567; 0; 2114.5777; 170; 137; 
567; 0; 2115.5236; 170; 137.2; 
567; 0; 2116.5082; 170; 137.4; 
567; 0; 2117.5295; 170; 137.6; 
567; 0; 2118.5448; 170; 137.8; 
567; 0; 2119.5348; 170; 138; 
567; 0; 2120.5242; 170; 138.2; 
567; 0; 2121.5276; 170; 138.4; 
567; 0; 2122.5926; 170; 138.6; 
567; 0; 2123.7379; 170; 138.8; 
567; 0; 2124.9358; 170; 139; 
567; 0; 2126.1663; 170; 139.2; 
567; 0; 2127.4157; 170; 139.4; 
567; 0; 2128.6737; 170; 139.6; 
567; 0; 2129.9736; 170; 139.8; 
567; 0; 2131.3258; 170; 140; 
567; 0; 2132.7009; 170; 140.2; 
567; 0; 2134.1191; 170; 140.4; 
567; 0; 2135.6224; 170; 140.6; 
567; 0; 2137.2316; 170; 140.8; 
567; 0; 2138.9529; 170; 141; 
567; 0; 2140.7442; 170; 141.2; 
567; 0; 2142.5839; 170; 141.4; 
567; 0; 2144.4891; 170; 141.6; 
567; 0; 2146.467; 170; 141.8; 
567; 0; 2148.4766; 170; 142; 
567; 0; 2150.4983; 170; 142.2; 
567; 0; 2152.5116; 170; 142.4; 
567; 0; 2154.5111; 170; 142.6; 
567; 0; 2156.5282; 170; 142.8; 
567; 0; 2158.5419; 170; 143; 
567; 0; 2160.5459; 170; 143.2; 
567; 0; 2162.5301; 170; 143.4; 
567; 0; 2164.4561; 170; 143.6; 
567; 0; 2166.3044; 170; 143.8; 
567; 0; 2168.1087; 170; 144; 
567; 0; 2169.8844; 170; 144.2; 
567; 0; 2171.6088; 170; 144.4; 
567; 0; 2173.2718; 170; 144.6; 
567; 0; 2174.8707; 170; 144.8; 
567; 0; 2176.4081; 170; 145; 
567; 0; 2177.8908; 170; 145.2; 
567; 0; 2179.3258; 170; 145.4; 
567; 0; 2180.7601; 170; 145.6; 
567; 0; 2182.2148; 170; 145.8; 
567; 0; 2183.6681; 170; 146; 
567; 0; 2185.0672; 170; 146.2; 
567; 0; 2186.3923; 170; 146.4; 
567; 0; 2187.6703; 170; 146.6; 
567; 0; 2188.9205; 170; 146.8; 
567; 0; 2190.1161; 170; 147; 
567; 0; 2191.2487; 170; 147.2; 
567; 0; 2192.3479; 170; 147.4; 
567; 0; 2193.4304; 170; 147.6; 
567; 0; 2194.5457; 170; 147.8; 
567; 0; 2195.7923; 170; 148; 
567; 0; 2196.9106; 170; 148.2; 
567; 0; 2197.8565; 170; 148.4; 
567; 0; 2198.8947; 170; 148.6; 
567; 0; 2200.1835; 170; 148.8; 
567; 0; 2201.8378; 170; 149; 
567; 0; 2203.8658; 170; 149.2; 
567; 0; 2206.1776; 170; 149.4; 
567; 0; 2208.71; 170; 149.6; 
567; 0; 2211.4063; 170; 149.8; 
567; 0; 2214.1496; 170; 150; 
567; 0; 2216.8339; 170; 150.2; 
567; 0; 2219.4385; 170; 150.4; 
567; 0; 2221.9484; 170; 150.6; 
567; 0; 2224.3264; 170; 150.8; 
567; 0; 2226.5587; 170; 151; 
567; 0; 2228.6462; 170; 151.2; 
567; 0; 2230.6376; 170; 151.4; 
567; 0; 2232.5606; 170; 151.6; 
567; 0; 2234.402; 170; 151.8; 
567; 0; 2236.1584; 170; 152; 
567; 0; 2237.8294; 170; 152.2; 
567; 0; 2239.4191; 170; 152.4; 
567; 0; 2240.9754; 170; 152.6; 
567; 0; 2242.5223; 170; 152.8; 
567; 0; 2244.0423; 170; 153; 
567; 0; 2245.4906; 170; 153.2; 
567; 0; 2246.8146; 170; 153.4; 
567; 0; 2247.9526; 170; 153.6; 
567; 0; 2248.8057; 170; 153.8; 
567; 0; 2249.2982; 170; 154; 
567; 0; 2249.3633; 170; 154.2; 
567; 0; 2248.9507; 170; 154.4; 
567; 0; 2248.0147; 170; 154.6; 
567; 0; 2246.8925; 170; 154.8; 
567; 0; 2245.7755; 170; 155; 
567; 0; 2244.507; 170; 155.2; 
567; 0; 2243.0031; 170; 155.4; 
567; 0; 2241.2282; 170; 155.6; 
567; 0; 2239.2179; 170; 155.8; 
567; 0; 2237.0019; 170; 156; 
567; 0; 2234.5765; 170; 156.2; 
567; 0; 2231.9117; 170; 156.4; 
567; 0; 2229.0104; 170; 156.6; 
567; 0; 2225.9207; 170; 156.8; 
567; 0; 2222.6816; 170; 157; 
567; 0; 2219.324; 170; 157.2; 
567; 0; 2215.8741; 170; 157.4; 
567; 0; 2212.3535; 170; 157.6; 
567; 0; 2208.7806; 170; 157.8; 
567; 0; 2205.1697; 170; 158; 
567; 0; 2201.5324; 170; 158.2; 
567; 0; 2197.8353; 170; 158.4; 
567; 0; 2194.0694; 170; 158.6; 
567; 0; 2190.2668; 170; 158.8; 
567; 0; 2186.4081; 170; 159; 
567; 0; 2182.4913; 170; 159.2; 
567; 0; 2178.5508; 170; 159.4; 
567; 0; 2174.6072; 170; 159.6; 
567; 0; 2170.6734; 170; 159.8; 
567; 0; 2166.7982; 170; 160; 
567; 0; 2163.0004; 170; 160.2; 
567; 0; 2159.2547; 170; 160.4; 
567; 0; 2155.5837; 170; 160.6; 
567; 0; 2151.9885; 170; 160.8; 
567; 0; 2148.4304; 170; 161; 
567; 0; 2144.8841; 170; 161.2; 
567; 0; 2141.3742; 170; 161.4; 
567; 0; 2137.9469; 170; 161.6; 
567; 0; 2134.5833; 170; 161.8; 
567; 0; 2131.2758; 170; 162; 
567; 0; 2128.0506; 170; 162.2; 
567; 0; 2124.919; 170; 162.4; 
567; 0; 2121.8828; 170; 162.6; 
567; 0; 2118.978; 170; 162.8; 
567; 0; 2116.2103; 170; 163; 
567; 0; 2113.5414; 170; 163.2; 
567; 0; 2110.9422; 170; 163.4; 
567; 0; 2108.4317; 170; 163.6; 
567; 0; 2106.0096; 170; 163.8; 
567; 0; 2103.6777; 170; 164; 
567; 0; 2101.4242; 170; 164.2; 
567; 0; 2099.2437; 170; 164.4; 
567; 0; 2097.1622; 170; 164.6; 
567; 0; 2095.1908; 170; 164.8; 
567; 0; 2093.3304; 170; 165; 
567; 0; 2091.6144; 170; 165.2; 
567; 0; 2090.0473; 170; 165.4; 
567; 0; 2088.5897; 170; 165.6; 
567; 0; 2087.2117; 170; 165.8; 
567; 0; 2085.9314; 170; 166; 
567; 0; 2084.747; 170; 166.2; 
567; 0; 2083.6169; 170; 166.4; 
567; 0; 2082.5551; 170; 166.6; 
567; 0; 2081.5593; 170; 166.8; 
567; 0; 2080.6302; 170; 167; 
567; 0; 2079.797; 170; 167.2; 
567; 0; 2079.0301; 170; 167.4; 
567; 0; 2078.3154; 170; 167.6; 
567; 0; 2077.6761; 170; 167.8; 
567; 0; 2077.1208; 170; 168; 
567; 0; 2076.6904; 170; 168.2; 
567; 0; 2076.3948; 170; 168.4; 
567; 0; 2076.1994; 170; 168.6; 
567; 0; 2076.0774; 170; 168.8; 
567; 0; 2076.0485; 170; 169; 
567; 0; 2076.1135; 170; 169.2; 
567; 0; 2076.2341; 170; 169.4; 
567; 0; 2076.3846; 170; 169.6; 
567; 0; 2076.5867; 170; 169.8; 
567; 0; 2076.8435; 170; 170; 
567; 0; 2077.12; 170; 170.2; 
567; 0; 2077.3938; 170; 170.4; 
567; 0; 2077.6923; 170; 170.6; 
567; 0; 2078.0237; 170; 170.8; 
567; 0; 2078.3585; 170; 171; 
567; 0; 2078.718; 170; 171.2; 
567; 0; 2079.1065; 170; 171.4; 
567; 0; 2079.534; 170; 171.6; 
567; 0; 2080.0324; 170; 171.8; 
567; 0; 2080.6192; 170; 172; 
567; 0; 2081.3016; 170; 172.2; 
567; 0; 2082.0773; 170; 172.4; 
567; 0; 2082.9376; 170; 172.6; 
567; 0; 2083.8722; 170; 172.8; 
567; 0; 2084.8689; 170; 173; 
567; 0; 2085.9563; 170; 173.2; 
567; 0; 2087.1398; 170; 173.4; 
567; 0; 2088.4236; 170; 173.6; 
567; 0; 2089.8403; 170; 173.8; 
567; 0; 2091.3606; 170; 174; 
567; 0; 2092.9281; 170; 174.2; 
567; 0; 2094.5057; 170; 174.4; 
567; 0; 2096.0721; 170; 174.6; 
567; 0; 2097.6157; 170; 174.8; 
567; 0; 2099.1285; 170; 175; 
567; 0; 2100.607; 170; 175.2; 
567; 0; 2102.0511; 170; 175.4; 
567; 0; 2103.4634; 170; 175.6; 
567; 0; 2104.8471; 170; 175.8; 
567; 0; 2106.207; 170; 176; 
567; 0; 2107.5465; 170; 176.2; 
567; 0; 2108.8691; 170; 176.4; 
567; 0; 2110.1785; 170; 176.6; 
567; 0; 2111.4772; 170; 176.8; 
567; 0; 2112.7266; 170; 177; 
567; 0; 2113.9128; 170; 177.2; 
567; 0; 2115.065; 170; 177.4; 
567; 0; 2116.163; 170; 177.6; 
567; 0; 2117.2037; 170; 177.8; 
567; 0; 2118.1805; 170; 178; 
567; 0; 2119.1011; 170; 178.2; 
567; 0; 2119.966; 170; 178.4; 
567; 0; 2120.7859; 170; 178.6; 
567; 0; 2121.6017; 170; 178.8; 
567; 0; 2122.3998; 170; 179; 
567; 0; 2123.1805; 170; 179.2; 
567; 0; 2123.939; 170; 179.4; 
567; 0; 2124.639; 170; 179.6; 
567; 0; 2125.3034; 170; 179.8; 
567; 0; 2125.9404; 170; 180; 
567; 0; 2126.5236; 170; 180.2; 
567; 0; 2127.04; 170; 180.4; 
567; 0; 2127.486; 170; 180.6; 
567; 0; 2127.8639; 170; 180.8; 
567; 0; 2128.1779; 170; 181; 
567; 0; 2128.4335; 170; 181.2; 
567; 0; 2128.6368; 170; 181.4; 
567; 0; 2128.7949; 170; 181.6; 
567; 0; 2128.9558; 170; 181.8; 
567; 0; 2129.1421; 170; 182; 
567; 0; 2129.3725; 170; 182.2; 
567; 0; 2129.6474; 170; 182.4; 
567; 0; 2129.9314; 170; 182.6; 
567; 0; 2130.2431; 170; 182.8; 
567; 0; 2130.5862; 170; 183; 
567; 0; 2130.9681; 170; 183.2; 
567; 0; 2131.385; 170; 183.4; 
567; 0; 2131.7999; 170; 183.6; 
567; 0; 2132.1499; 170; 183.8; 
567; 0; 2132.4079; 170; 184; 
567; 0; 2132.5961; 170; 184.2; 
567; 0; 2132.6917; 170; 184.4; 
567; 0; 2132.6947; 170; 184.6; 
567; 0; 2132.6439; 170; 184.8; 
567; 0; 2132.5243; 170; 185; 
567; 0; 2132.3375; 170; 185.2; 
567; 0; 2132.0811; 170; 185.4; 
567; 0; 2131.7645; 170; 185.6; 
567; 0; 2131.3907; 170; 185.8; 
567; 0; 2130.9732; 170; 186; 
567; 0; 2130.5149; 170; 186.2; 
567; 0; 2129.9858; 170; 186.4; 
567; 0; 2129.4128; 170; 186.6; 
567; 0; 2128.8071; 170; 186.8; 
567; 0; 2128.144; 170; 187; 
567; 0; 2127.4526; 170; 187.2; 
567; 0; 2126.7442; 170; 187.4; 
567; 0; 2126.0343; 170; 187.6; 
567; 0; 2125.3252; 170; 187.8; 
567; 0; 2124.626; 170; 188; 
567; 0; 2123.9348; 170; 188.2; 
567; 0; 2123.2567; 170; 188.4; 
567; 0; 2122.5872; 170; 188.6; 
567; 0; 2121.8901; 170; 188.8; 
567; 0; 2121.1452; 170; 189; 
567; 0; 2120.3426; 170; 189.2; 
567; 0; 2119.5202; 170; 189.4; 
567; 0; 2118.6949; 170; 189.6; 
567; 0; 2117.8448; 170; 189.8; 
567; 0; 2116.9978; 170; 190; 
567; 0; 2116.1643; 170; 190.2; 
567; 0; 2115.315; 170; 190.4; 
567; 0; 2114.4735; 170; 190.6; 
567; 0; 2113.6465; 170; 190.8; 
567; 0; 2112.8038; 170; 191; 
567; 0; 2111.9683; 170; 191.2; 
567; 0; 2111.1454; 170; 191.4; 
567; 0; 2110.3457; 170; 191.6; 
567; 0; 2109.6079; 170; 191.8; 
567; 0; 2108.9106; 170; 192; 
567; 0; 2108.2444; 170; 192.2; 
567; 0; 2107.6342; 170; 192.4; 
567; 0; 2107.093; 170; 192.6; 
567; 0; 2106.5851; 170; 192.8; 
567; 0; 2106.0943; 170; 193; 
567; 0; 2105.6429; 170; 193.2; 
567; 0; 2105.2026; 170; 193.4; 
567; 0; 2104.7631; 170; 193.6; 
567; 0; 2104.3112; 170; 193.8; 
567; 0; 2103.8465; 170; 194; 
567; 0; 2103.3618; 170; 194.2; 
567; 0; 2102.8624; 170; 194.4; 
567; 0; 2102.345; 170; 194.6; 
567; 0; 2101.7742; 170; 194.8; 
567; 0; 2101.1723; 170; 195; 
567; 0; 2100.5454; 170; 195.2; 
567; 0; 2099.906; 170; 195.4; 
567; 0; 2099.2945; 170; 195.6; 
567; 0; 2098.7353; 170; 195.8; 
567; 0; 2098.2402; 170; 196; 
567; 0; 2097.8539; 170; 196.2; 
567; 0; 2097.5918; 170; 196.4; 
567; 0; 2097.4196; 170; 196.6; 
567; 0; 2097.3134; 170; 196.8; 
567; 0; 2097.2968; 170; 197; 
567; 0; 2097.3721; 170; 197.2; 
567; 0; 2097.5007; 170; 197.4; 
567; 0; 2097.6583; 170; 197.6; 
567; 0; 2097.8665; 170; 197.8; 
567; 0; 2098.1706; 170; 198; 
567; 0; 2098.5916; 170; 198.2; 
567; 0; 2099.1722; 170; 198.4; 
567; 0; 2099.9604; 170; 198.6; 
567; 0; 2101.0095; 170; 198.8; 
567; 0; 2102.4072; 170; 199; 
567; 0; 2104.2549; 170; 199.2; 
567; 0; 2106.6588; 170; 199.4; 
567; 0; 2109.6823; 170; 199.6; 
567; 0; 2113.288; 170; 199.8; 
567; 0; 2117.4269; 170; 200; 
567; 0; 2121.9952; 170; 200.2; 
567; 0; 2126.8414; 170; 200.4; 
567; 0; 2131.8605; 170; 200.6; 
567; 0; 2136.9412; 170; 200.8; 
567; 0; 2141.9415; 170; 201; 
567; 0; 2146.7467; 170; 201.2; 
567; 0; 2151.3015; 170; 201.4; 
567; 0; 2155.5861; 170; 201.6; 
567; 0; 2159.605; 170; 201.8; 
567; 0; 2163.3744; 170; 202; 
567; 0; 2166.9184; 170; 202.2; 
567; 0; 2170.2647; 170; 202.4; 
567; 0; 2173.4413; 170; 202.6; 
567; 0; 2176.4737; 170; 202.8; 
567; 0; 2179.0357; 170; 203; 
567; 0; 2181.024; 170; 203.2; 
567; 0; 2182.705; 170; 203.4; 
567; 0; 2184.2539; 170; 203.6; 
567; 0; 2185.7422; 170; 203.8; 
567; 0; 2187.224; 170; 204; 
567; 0; 2188.725; 170; 204.2; 
567; 0; 2190.2254; 170; 204.4; 
567; 0; 2191.673; 170; 204.6; 
567; 0; 2193.0466; 170; 204.8; 
567; 0; 2194.3306; 170; 205; 
567; 0; 2195.5284; 170; 205.2; 
567; 0; 2196.6391; 170; 205.4; 
567; 0; 2197.6742; 170; 205.6; 
567; 0; 2198.6392; 170; 205.8; 
567; 0; 2199.507; 170; 206; 
567; 0; 2200.3079; 170; 206.2; 
567; 0; 2201.057; 170; 206.4; 
567; 0; 2201.7326; 170; 206.6; 
567; 0; 2202.3656; 170; 206.8; 
567; 0; 2202.9702; 170; 207; 
567; 0; 2203.5643; 170; 207.2; 
567; 0; 2204.1525; 170; 207.4; 
567; 0; 2204.7455; 170; 207.6; 
567; 0; 2205.3418; 170; 207.8; 
567; 0; 2205.9059; 170; 208; 
567; 0; 2206.4159; 170; 208.2; 
567; 0; 2207.2419; 170; 208.4; 
567; 0; 2208.5189; 170; 208.6; 
567; 0; 2209.9857; 170; 208.8; 
567; 0; 2211.4782; 170; 209; 
567; 0; 2212.8606; 170; 209.2; 
567; 0; 2214.0279; 170; 209.4; 
567; 0; 2214.8928; 170; 209.6; 
567; 0; 2215.3503; 170; 209.8; 
567; 0; 2215.3277; 170; 210; 
567; 0; 2214.7677; 170; 210.2; 
567; 0; 2213.633; 170; 210.4; 
567; 0; 2211.9341; 170; 210.6; 
567; 0; 2209.7089; 170; 210.8; 
567; 0; 2207.0088; 170; 211; 
567; 0; 2203.9328; 170; 211.2; 
567; 0; 2200.555; 170; 211.4; 
567; 0; 2196.9454; 170; 211.6; 
567; 0; 2193.1917; 170; 211.8; 
567; 0; 2189.3536; 170; 212; 
567; 0; 2185.4721; 170; 212.2; 
567; 0; 2181.5757; 170; 212.4; 
567; 0; 2177.6835; 170; 212.6; 
567; 0; 2173.8065; 170; 212.8; 
567; 0; 2169.9504; 170; 213; 
567; 0; 2166.0778; 170; 213.2; 
567; 0; 2162.1738; 170; 213.4; 
567; 0; 2158.2631; 170; 213.6; 
567; 0; 2154.3186; 170; 213.8; 
567; 0; 2150.3324; 170; 214; 
567; 0; 2146.3758; 170; 214.2; 
567; 0; 2142.522; 170; 214.4; 
567; 0; 2138.8075; 170; 214.6; 
567; 0; 2135.2462; 170; 214.8; 
567; 0; 2131.8773; 170; 215; 
567; 0; 2128.7478; 170; 215.2; 
567; 0; 2125.8719; 170; 215.4; 
567; 0; 2123.2839; 170; 215.6; 
567; 0; 2120.9801; 170; 215.8; 
567; 0; 2118.9084; 170; 216; 
567; 0; 2117.0643; 170; 216.2; 
567; 0; 2115.4242; 170; 216.4; 
567; 0; 2113.9685; 170; 216.6; 
567; 0; 2112.6671; 170; 216.8; 
567; 0; 2111.4995; 170; 217; 
567; 0; 2110.4789; 170; 217.2; 
567; 0; 2109.6046; 170; 217.4; 
567; 0; 2108.9073; 170; 217.6; 
567; 0; 2108.3879; 170; 217.8; 
567; 0; 2108.0425; 170; 218; 
567; 0; 2107.8922; 170; 218.2; 
567; 0; 2107.9375; 170; 218.4; 
567; 0; 2108.1678; 170; 218.6; 
567; 0; 2108.5665; 170; 218.8; 
567; 0; 2109.1134; 170; 219; 
567; 0; 2109.7888; 170; 219.2; 
567; 0; 2110.5736; 170; 219.4; 
567; 0; 2111.4501; 170; 219.6; 
567; 0; 2112.4038; 170; 219.8; 
567; 0; 2113.4207; 170; 220; 
567; 0; 2114.4882; 170; 220.2; 
567; 0; 2115.5562; 170; 220.4; 
567; 0; 2116.6024; 170; 220.6; 
567; 0; 2117.6065; 170; 220.8; 
567; 0; 2118.5657; 170; 221; 
567; 0; 2119.4748; 170; 221.2; 
567; 0; 2120.3413; 170; 221.4; 
567; 0; 2121.1663; 170; 221.6; 
567; 0; 2121.9586; 170; 221.8; 
567; 0; 2122.7214; 170; 222; 
567; 0; 2123.4633; 170; 222.2; 
567; 0; 2124.2249; 170; 222.4; 
567; 0; 2124.9915; 170; 222.6; 
567; 0; 2125.7547; 170; 222.8; 
567; 0; 2126.5393; 170; 223; 
567; 0; 2127.4327; 170; 223.2; 
567; 0; 2128.6225; 170; 223.4; 
567; 0; 2130.3041; 170; 223.6; 
567; 0; 2132.746; 170; 223.8; 
567; 0; 2136.2334; 170; 224; 
567; 0; 2140.9511; 170; 224.2; 
567; 0; 2146.6261; 170; 224.4; 
567; 0; 2153.1126; 170; 224.6; 
567; 0; 2160.5348; 170; 224.8; 
567; 0; 2168.839; 170; 225; 
567; 0; 2177.8692; 170; 225.2; 
567; 0; 2187.4561; 170; 225.4; 
567; 0; 2197.3842; 170; 225.6; 
567; 0; 2207.4754; 170; 225.8; 
567; 0; 2217.6051; 170; 226; 
567; 0; 2227.6623; 170; 226.2; 
567; 0; 2237.5836; 170; 226.4; 
567; 0; 2247.3382; 170; 226.6; 
567; 0; 2256.8764; 170; 226.8; 
567; 0; 2266.1897; 170; 227; 
567; 0; 2275.3208; 170; 227.2; 
567; 0; 2284.3056; 170; 227.4; 
567; 0; 2293.1349; 170; 227.6; 
567; 0; 2301.782; 170; 227.8; 
567; 0; 2310.2434; 170; 228; 
567; 0; 2318.4874; 170; 228.2; 
567; 0; 2326.2364; 170; 228.4; 
567; 0; 2333.4738; 170; 228.6; 
567; 0; 2340.3417; 170; 228.8; 
567; 0; 2346.8156; 170; 229; 
567; 0; 2352.8959; 170; 229.2; 
567; 0; 2358.6128; 170; 229.4; 
567; 0; 2364.0009; 170; 229.6; 
567; 0; 2369.1074; 170; 229.8; 
567; 0; 2373.9467; 170; 230; 
567; 0; 2378.4924; 170; 230.2; 
567; 0; 2382.7479; 170; 230.4; 
567; 0; 2386.7333; 170; 230.6; 
567; 0; 2390.4459; 170; 230.8; 
567; 0; 2393.9061; 170; 231; 
567; 0; 2397.1345; 170; 231.2; 
567; 0; 2400.3402; 170; 231.4; 
567; 0; 2404.0219; 170; 231.6; 
567; 0; 2407.3811; 170; 231.8; 
567; 0; 2410.454; 170; 232; 
567; 0; 2413.2712; 170; 232.2; 
567; 0; 2415.832; 170; 232.4; 
567; 0; 2418.1534; 170; 232.6; 
567; 0; 2420.2611; 170; 232.8; 
567; 0; 2422.184; 170; 233; 
567; 0; 2423.9103; 170; 233.2; 
567; 0; 2425.4123; 170; 233.4; 
567; 0; 2426.6862; 170; 233.6; 
567; 0; 2427.7419; 170; 233.8; 
567; 0; 2428.5949; 170; 234; 
567; 0; 2429.2646; 170; 234.2; 
567; 0; 2429.8103; 170; 234.4; 
567; 0; 2430.3457; 170; 234.6; 
567; 0; 2431.0108; 170; 234.8; 
567; 0; 2431.9539; 170; 235; 
567; 0; 2433.2807; 170; 235.2; 
567; 0; 2435.0331; 170; 235.4; 
567; 0; 2437.2117; 170; 235.6; 
567; 0; 2439.7537; 170; 235.8; 
567; 0; 2442.5686; 170; 236; 
567; 0; 2445.5472; 170; 236.2; 
567; 0; 2448.5441; 170; 236.4; 
567; 0; 2451.4402; 170; 236.6; 
567; 0; 2454.1715; 170; 236.8; 
567; 0; 2456.6688; 170; 237; 
567; 0; 2458.8312; 170; 237.2; 
567; 0; 2460.6237; 170; 237.4; 
567; 0; 2462.0777; 170; 237.6; 
567; 0; 2463.1903; 170; 237.8; 
567; 0; 2464.0263; 170; 238; 
567; 0; 2464.7063; 170; 238.2; 
567; 0; 2465.3122; 170; 238.4; 
567; 0; 2465.8973; 170; 238.6; 
567; 0; 2466.497; 170; 238.8; 
567; 0; 2467.1325; 170; 239; 
567; 0; 2467.8139; 170; 239.2; 
567; 0; 2468.5039; 170; 239.4; 
567; 0; 2469.1484; 170; 239.6; 
567; 0; 2469.7175; 170; 239.8; 
567; 0; 2470.1975; 170; 240; 
567; 0; 2470.585; 170; 240.2; 
567; 0; 2470.8834; 170; 240.4; 
567; 0; 2471.1001; 170; 240.6; 
567; 0; 2471.2459; 170; 240.8; 
567; 0; 2471.3308; 170; 241; 
567; 0; 2471.364; 170; 241.2; 
567; 0; 2471.3545; 170; 241.4; 
567; 0; 2471.3101; 170; 241.6; 
567; 0; 2471.2389; 170; 241.8; 
567; 0; 2471.1473; 170; 242; 
567; 0; 2471.0013; 170; 242.2; 
567; 0; 2470.7905; 170; 242.4; 
567; 0; 2470.5461; 170; 242.6; 
567; 0; 2470.2492; 170; 242.8; 
567; 0; 2469.8598; 170; 243; 
567; 0; 2469.359; 170; 243.2; 
567; 0; 2468.7407; 170; 243.4; 
567; 0; 2468.0079; 170; 243.6; 
567; 0; 2467.1734; 170; 243.8; 
567; 0; 2466.2598; 170; 244; 
567; 0; 2465.2112; 170; 244.2; 
567; 0; 2463.9015; 170; 244.4; 
567; 0; 2462.449; 170; 244.6; 
567; 0; 2460.7843; 170; 244.8; 
567; 0; 2458.5266; 170; 245; 
567; 0; 2455.3715; 170; 245.2; 
567; 0; 2451.1119; 170; 245.4; 
567; 0; 2445.6115; 170; 245.6; 
567; 0; 2438.9026; 170; 245.8; 
567; 0; 2431.1387; 170; 246; 
567; 0; 2422.4964; 170; 246.2; 
567; 0; 2413.2323; 170; 246.4; 
567; 0; 2403.6499; 170; 246.6; 
567; 0; 2394.0388; 170; 246.8; 
567; 0; 2384.6135; 170; 247; 
567; 0; 2375.5405; 170; 247.2; 
567; 0; 2366.8911; 170; 247.4; 
567; 0; 2360.2751; 170; 247.6; 
567; 0; 2354.1832; 170; 247.8; 
567; 0; 2348.2606; 170; 248; 
567; 0; 2342.4098; 170; 248.2; 
567; 0; 2336.5378; 170; 248.4; 
567; 0; 2330.5892; 170; 248.6; 
567; 0; 2324.4949; 170; 248.8; 
567; 0; 2317.9723; 170; 249; 
567; 0; 2311.1559; 170; 249.2; 
567; 0; 2304.1969; 170; 249.4; 
567; 0; 2297.1539; 170; 249.6; 
567; 0; 2290.1361; 170; 249.8; 
567; 0; 2283.2809; 170; 250; 
567; 0; 2276.7366; 170; 250.2; 
567; 0; 2270.6077; 170; 250.4; 
567; 0; 2264.8948; 170; 250.6; 
567; 0; 2259.5839; 170; 250.8; 
567; 0; 2254.5989; 170; 251; 
567; 0; 2249.8519; 170; 251.2; 
567; 0; 2245.2307; 170; 251.4; 
567; 0; 2240.595; 170; 251.6; 
567; 0; 2235.8617; 170; 251.8; 
567; 0; 2230.9432; 170; 252; 
567; 0; 2225.7624; 170; 252.2; 
567; 0; 2220.3271; 170; 252.4; 
567; 0; 2214.6483; 170; 252.6; 
567; 0; 2208.7507; 170; 252.8; 
567; 0; 2202.6951; 170; 253; 
567; 0; 2196.5697; 170; 253.2; 
567; 0; 2190.466; 170; 253.4; 
567; 0; 2184.4782; 170; 253.6; 
567; 0; 2178.6493; 170; 253.8; 
567; 0; 2172.9616; 170; 254; 
567; 0; 2167.4369; 170; 254.2; 
567; 0; 2162.1121; 170; 254.4; 
567; 0; 2156.9962; 170; 254.6; 
567; 0; 2152.0828; 170; 254.8; 
567; 0; 2147.359; 170; 255; 
567; 0; 2142.8051; 170; 255.2; 
567; 0; 2138.3986; 170; 255.4; 
567; 0; 2134.1181; 170; 255.6; 
567; 0; 2129.9443; 170; 255.8; 
567; 0; 2125.8578; 170; 256; 
567; 0; 2121.8801; 170; 256.2; 
567; 0; 2118.0095; 170; 256.4; 
567; 0; 2114.2463; 170; 256.6; 
567; 0; 2110.6592; 170; 256.8; 
567; 0; 2107.2723; 170; 257; 
567; 0; 2104.0967; 170; 257.2; 
567; 0; 2101.1202; 170; 257.4; 
567; 0; 2098.3293; 170; 257.6; 
567; 0; 2095.6981; 170; 257.8; 
567; 0; 2093.2099; 170; 258; 
567; 0; 2090.8807; 170; 258.2; 
567; 0; 2088.7114; 170; 258.4; 
567; 0; 2086.6502; 170; 258.6; 
567; 0; 2084.6658; 170; 258.8; 
567; 0; 2082.7684; 170; 259; 
567; 0; 2080.9583; 170; 259.2; 
567; 0; 2079.2709; 170; 259.4; 
567; 0; 2077.7169; 170; 259.6; 
567; 0; 2076.2607; 170; 259.8; 
567; 0; 2074.9162; 170; 260; 
567; 0; 2073.6814; 170; 260.2; 
567; 0; 2072.5133; 170; 260.4; 
567; 0; 2071.4235; 170; 260.6; 
567; 0; 2070.4036; 170; 260.8; 
567; 0; 2069.4114; 170; 261; 
567; 0; 2068.4206; 170; 261.2; 
567; 0; 2067.4148; 170; 261.4; 
567; 0; 2066.425; 170; 261.6; 
567; 0; 2065.4614; 170; 261.8; 
567; 0; 2064.5336; 170; 262; 
567; 0; 2063.6787; 170; 262.2; 
567; 0; 2062.9541; 170; 262.4; 
567; 0; 2062.3823; 170; 262.6; 
567; 0; 2061.9766; 170; 262.8; 
567; 0; 2061.7276; 170; 263; 
567; 0; 2061.5892; 170; 263.2; 
567; 0; 2061.5282; 170; 263.4; 
567; 0; 2061.4788; 170; 263.6; 
567; 0; 2061.4078; 170; 263.8; 
567; 0; 2061.2902; 170; 264; 
567; 0; 2061.0799; 170; 264.2; 
567; 0; 2060.7537; 170; 264.4; 
567; 0; 2060.3033; 170; 264.6; 
567; 0; 2059.7315; 170; 264.8; 
567; 0; 2059.0476; 170; 265; 
567; 0; 2058.3034; 170; 265.2; 
567; 0; 2057.5272; 170; 265.4; 
567; 0; 2056.7435; 170; 265.6; 
567; 0; 2056.001; 170; 265.8; 
567; 0; 2055.2857; 170; 266; 
567; 0; 2054.5958; 170; 266.2; 
567; 0; 2053.9619; 170; 266.4; 
567; 0; 2053.3991; 170; 266.6; 
567; 0; 2052.8736; 170; 266.8; 
567; 0; 2052.3691; 170; 267; 
567; 0; 2051.8669; 170; 267.2; 
567; 0; 2051.3207; 170; 267.4; 
567; 0; 2050.7472; 170; 267.6; 
567; 0; 2050.1513; 170; 267.8; 
567; 0; 2049.5448; 170; 268; 
567; 0; 2048.927; 170; 268.2; 
567; 0; 2048.3041; 170; 268.4; 
567; 0; 2047.7123; 170; 268.6; 
567; 0; 2047.172; 170; 268.8; 
567; 0; 2046.6939; 170; 269; 
567; 0; 2046.3211; 170; 269.2; 
567; 0; 2046.1068; 170; 269.4; 
567; 0; 2046.0346; 170; 269.6; 
567; 0; 2046.0945; 170; 269.8; 
567; 0; 2046.2661; 170; 270; 
567; 0; 2046.5387; 170; 270.2; 
567; 0; 2046.8928; 170; 270.4; 
567; 0; 2047.2819; 170; 270.6; 
567; 0; 2047.6345; 170; 270.8; 
567; 0; 2047.9136; 170; 271; 
567; 0; 2048.1746; 170; 271.2; 
567; 0; 2048.4813; 170; 271.4; 
567; 0; 2048.907; 170; 271.6; 
567; 0; 2049.5996; 170; 271.8; 
567; 0; 2050.6972; 170; 272; 
567; 0; 2052.2596; 170; 272.2; 
567; 0; 2054.2963; 170; 272.4; 
567; 0; 2056.7858; 170; 272.6; 
567; 0; 2059.6502; 170; 272.8; 
567; 0; 2062.7888; 170; 273; 
567; 0; 2066.1266; 170; 273.2; 
567; 0; 2069.5286; 170; 273.4; 
567; 0; 2072.8844; 170; 273.6; 
567; 0; 2076.126; 170; 273.8; 
567; 0; 2079.1472; 170; 274; 
567; 0; 2081.9047; 170; 274.2; 
567; 0; 2084.3783; 170; 274.4; 
567; 0; 2086.5378; 170; 274.6; 
567; 0; 2088.4231; 170; 274.8; 
567; 0; 2090.1072; 170; 275; 
567; 0; 2091.6835; 170; 275.2; 
567; 0; 2093.2483; 170; 275.4; 
567; 0; 2094.8593; 170; 275.6; 
567; 0; 2096.5474; 170; 275.8; 
567; 0; 2098.3269; 170; 276; 
567; 0; 2100.2009; 170; 276.2; 
567; 0; 2102.1685; 170; 276.4; 
567; 0; 2104.1838; 170; 276.6; 
567; 0; 2106.1845; 170; 276.8; 
567; 0; 2108.1355; 170; 277; 
567; 0; 2109.9783; 170; 277.2; 
567; 0; 2111.65; 170; 277.4; 
567; 0; 2113.1234; 170; 277.6; 
567; 0; 2114.3947; 170; 277.8; 
567; 0; 2115.4724; 170; 278; 
567; 0; 2116.3727; 170; 278.2; 
567; 0; 2117.1167; 170; 278.4; 
567; 0; 2117.7252; 170; 278.6; 
567; 0; 2118.2199; 170; 278.8; 
567; 0; 2118.5798; 170; 279; 
567; 0; 2118.8069; 170; 279.2; 
567; 0; 2118.904; 170; 279.4; 
567; 0; 2118.887; 170; 279.6; 
567; 0; 2118.805; 170; 279.8; 
567; 0; 2118.6496; 170; 280; 
567; 0; 2118.4669; 170; 280.2; 
567; 0; 2118.3121; 170; 280.4; 
567; 0; 2118.1827; 170; 280.6; 
567; 0; 2118.1154; 170; 280.8; 
567; 0; 2118.1233; 170; 281; 
567; 0; 2118.2165; 170; 281.2; 
567; 0; 2118.4291; 170; 281.4; 
567; 0; 2118.7358; 170; 281.6; 
567; 0; 2119.123; 170; 281.8; 
567; 0; 2119.5703; 170; 282; 
567; 0; 2120.0285; 170; 282.2; 
567; 0; 2120.5082; 170; 282.4; 
567; 0; 2121.0071; 170; 282.6; 
567; 0; 2121.5299; 170; 282.8; 
567; 0; 2122.1102; 170; 283; 
567; 0; 2122.7632; 170; 283.2; 
567; 0; 2123.4933; 170; 283.4; 
567; 0; 2124.2991; 170; 283.6; 
567; 0; 2125.176; 170; 283.8; 
567; 0; 2126.1185; 170; 284; 
567; 0; 2127.1203; 170; 284.2; 
567; 0; 2128.1746; 170; 284.4; 
567; 0; 2129.2345; 170; 284.6; 
567; 0; 2130.2389; 170; 284.8; 
567; 0; 2131.1561; 170; 285; 
567; 0; 2131.9315; 170; 285.2; 
567; 0; 2132.5467; 170; 285.4; 
567; 0; 2132.9937; 170; 285.6; 
567; 0; 2133.2427; 170; 285.8; 
567; 0; 2133.3262; 170; 286; 
567; 0; 2133.3053; 170; 286.2; 
567; 0; 2133.2613; 170; 286.4; 
567; 0; 2133.2761; 170; 286.6; 
567; 0; 2133.4348; 170; 286.8; 
567; 0; 2133.8124; 170; 287; 
567; 0; 2134.441; 170; 287.2; 
567; 0; 2135.3256; 170; 287.4; 
567; 0; 2136.4546; 170; 287.6; 
567; 0; 2137.8081; 170; 287.8; 
567; 0; 2139.3227; 170; 288; 
567; 0; 2140.919; 170; 288.2; 
567; 0; 2142.5456; 170; 288.4; 
567; 0; 2144.1299; 170; 288.6; 
567; 0; 2145.5978; 170; 288.8; 
567; 0; 2146.911; 170; 289; 
567; 0; 2148.0146; 170; 289.2; 
567; 0; 2148.8928; 170; 289.4; 
567; 0; 2149.6211; 170; 289.6; 
567; 0; 2150.3223; 170; 289.8; 
567; 0; 2151.0632; 170; 290; 
567; 0; 2151.8892; 170; 290.2; 
567; 0; 2152.8568; 170; 290.4; 
567; 0; 2153.9943; 170; 290.6; 
567; 0; 2155.2318; 170; 290.8; 
567; 0; 2156.4585; 170; 291; 
567; 0; 2157.6113; 170; 291.2; 
567; 0; 2158.5773; 170; 291.4; 
567; 0; 2159.2349; 170; 291.6; 
567; 0; 2159.4882; 170; 291.8; 
567; 0; 2159.2705; 170; 292; 
567; 0; 2158.5664; 170; 292.2; 
567; 0; 2157.3928; 170; 292.4; 
567; 0; 2155.788; 170; 292.6; 
567; 0; 2153.799; 170; 292.8; 
567; 0; 2151.5142; 170; 293; 
567; 0; 2149.0369; 170; 293.2; 
567; 0; 2146.44; 170; 293.4; 
567; 0; 2143.8148; 170; 293.6; 
567; 0; 2141.2509; 170; 293.8; 
567; 0; 2138.7979; 170; 294; 
567; 0; 2136.4814; 170; 294.2; 
567; 0; 2134.2701; 170; 294.4; 
567; 0; 2132.1456; 170; 294.6; 
567; 0; 2130.0855; 170; 294.8; 
567; 0; 2128.0389; 170; 295; 
567; 0; 2125.975; 170; 295.2; 
567; 0; 2123.9166; 170; 295.4; 
567; 0; 2121.8694; 170; 295.6; 
567; 0; 2119.8014; 170; 295.8; 
567; 0; 2117.6942; 170; 296; 
567; 0; 2115.5404; 170; 296.2; 
567; 0; 2113.3785; 170; 296.4; 
567; 0; 2111.2249; 170; 296.6; 
567; 0; 2109.0949; 170; 296.8; 
567; 0; 2106.989; 170; 297; 
567; 0; 2104.9124; 170; 297.2; 
567; 0; 2102.8997; 170; 297.4; 
567; 0; 2100.9661; 170; 297.6; 
567; 0; 2099.1167; 170; 297.8; 
567; 0; 2097.3893; 170; 298; 
567; 0; 2095.7936; 170; 298.2; 
567; 0; 2094.3344; 170; 298.4; 
567; 0; 2093; 170; 298.6; 
567; 0; 2091.7825; 170; 298.8; 
567; 0; 2090.6653; 170; 299; 
567; 0; 2089.6001; 170; 299.2; 
567; 0; 2088.5941; 170; 299.4; 
567; 0; 2087.6409; 170; 299.6; 
567; 0; 2086.6998; 170; 299.8; 
567; 0; 2085.7459; 170; 300; 
567; 0; 2084.8048; 170; 300.2; 
567; 0; 2083.8822; 170; 300.4; 
567; 0; 2082.9882; 170; 300.6; 
567; 0; 2082.1608; 170; 300.8; 
567; 0; 2081.4197; 170; 301; 
567; 0; 2080.7716; 170; 301.2; 
567; 0; 2080.2163; 170; 301.4; 
567; 0; 2079.7474; 170; 301.6; 
567; 0; 2079.3566; 170; 301.8; 
567; 0; 2079.0344; 170; 302; 
567; 0; 2078.7691; 170; 302.2; 
567; 0; 2078.55; 170; 302.4; 
567; 0; 2078.4082; 170; 302.6; 
567; 0; 2078.3912; 170; 302.8; 
567; 0; 2078.4806; 170; 303; 
567; 0; 2078.6658; 170; 303.2; 
567; 0; 2078.9695; 170; 303.4; 
567; 0; 2079.3986; 170; 303.6; 
567; 0; 2079.9092; 170; 303.8; 
567; 0; 2080.477; 170; 304; 
567; 0; 2081.0778; 170; 304.2; 
567; 0; 2081.7018; 170; 304.4; 
567; 0; 2082.3337; 170; 304.6; 
567; 0; 2082.9702; 170; 304.8; 
567; 0; 2083.6022; 170; 305; 
567; 0; 2084.2324; 170; 305.2; 
567; 0; 2084.8972; 170; 305.4; 
567; 0; 2085.5755; 170; 305.6; 
567; 0; 2086.262; 170; 305.8; 
567; 0; 2086.9441; 170; 306; 
567; 0; 2087.6203; 170; 306.2; 
567; 0; 2088.2843; 170; 306.4; 
567; 0; 2088.9411; 170; 306.6; 
567; 0; 2089.5869; 170; 306.8; 
567; 0; 2090.1864; 170; 307; 
567; 0; 2090.7602; 170; 307.2; 
567; 0; 2091.3153; 170; 307.4; 
567; 0; 2091.8248; 170; 307.6; 
567; 0; 2092.2757; 170; 307.8; 
567; 0; 2092.7029; 170; 308; 
567; 0; 2093.1217; 170; 308.2; 
567; 0; 2093.5096; 170; 308.4; 
567; 0; 2093.8557; 170; 308.6; 
567; 0; 2094.1544; 170; 308.8; 
567; 0; 2094.4056; 170; 309; 
567; 0; 2094.6531; 170; 309.2; 
567; 0; 2094.8763; 170; 309.4; 
567; 0; 2095.0364; 170; 309.6; 
567; 0; 2095.1492; 170; 309.8; 
567; 0; 2095.2276; 170; 310; 
567; 0; 2095.2403; 170; 310.2; 
567; 0; 2095.1796; 170; 310.4; 
567; 0; 2095.0384; 170; 310.6; 
567; 0; 2094.7841; 170; 310.8; 
567; 0; 2094.4428; 170; 311; 
567; 0; 2094.0706; 170; 311.2; 
567; 0; 2093.705; 170; 311.4; 
567; 0; 2093.3687; 170; 311.6; 
567; 0; 2093.0333; 170; 311.8; 
567; 0; 2092.689; 170; 312; 
567; 0; 2092.3631; 170; 312.2; 
567; 0; 2092.0322; 170; 312.4; 
567; 0; 2091.6855; 170; 312.6; 
567; 0; 2091.3888; 170; 312.8; 
567; 0; 2091.2107; 170; 313; 
567; 0; 2091.2237; 170; 313.2; 
567; 0; 2091.4915; 170; 313.4; 
567; 0; 2092.0774; 170; 313.6; 
567; 0; 2093.034; 170; 313.8; 
567; 0; 2094.3733; 170; 314; 
567; 0; 2096.0416; 170; 314.2; 
567; 0; 2097.9562; 170; 314.4; 
567; 0; 2100.0151; 170; 314.6; 
567; 0; 2102.0774; 170; 314.8; 
567; 0; 2104.0269; 170; 315; 
567; 0; 2105.7606; 170; 315.2; 
567; 0; 2107.1566; 170; 315.4; 
567; 0; 2108.1683; 170; 315.6; 
567; 0; 2108.7841; 170; 315.8; 
567; 0; 2108.9869; 170; 316; 
567; 0; 2108.8294; 170; 316.2; 
567; 0; 2108.3561; 170; 316.4; 
567; 0; 2107.6181; 170; 316.6; 
567; 0; 2106.6943; 170; 316.8; 
567; 0; 2105.6822; 170; 317; 
567; 0; 2104.6384; 170; 317.2; 
567; 0; 2103.605; 170; 317.4; 
567; 0; 2102.6401; 170; 317.6; 
567; 0; 2101.735; 170; 317.8; 
567; 0; 2100.8496; 170; 318; 
567; 0; 2099.9598; 170; 318.2; 
567; 0; 2099.0516; 170; 318.4; 
567; 0; 2098.1175; 170; 318.6; 
567; 0; 2097.1156; 170; 318.8; 
567; 0; 2095.9908; 170; 319; 
567; 0; 2094.7576; 170; 319.2; 
567; 0; 2093.4231; 170; 319.4; 
567; 0; 2091.9635; 170; 319.6; 
567; 0; 2090.4107; 170; 319.8; 
567; 0; 2088.8225; 170; 320; 
567; 0; 2087.2343; 170; 320.2; 
567; 0; 2085.7077; 170; 320.4; 
567; 0; 2084.2682; 170; 320.6; 
567; 0; 2082.9345; 170; 320.8; 
567; 0; 2081.7044; 170; 321; 
567; 0; 2080.5768; 170; 321.2; 
567; 0; 2079.5392; 170; 321.4; 
567; 0; 2078.5456; 170; 321.6; 
567; 0; 2077.5664; 170; 321.8; 
567; 0; 2076.5838; 170; 322; 
567; 0; 2075.5871; 170; 322.2; 
567; 0; 2074.5696; 170; 322.4; 
567; 0; 2073.5287; 170; 322.6; 
567; 0; 2072.4644; 170; 322.8; 
567; 0; 2071.3771; 170; 323; 
567; 0; 2070.2688; 170; 323.2; 
567; 0; 2069.142; 170; 323.4; 
567; 0; 2068.0369; 170; 323.6; 
567; 0; 2067.0096; 170; 323.8; 
567; 0; 2066.0896; 170; 324; 
567; 0; 2065.2882; 170; 324.2; 
567; 0; 2064.6416; 170; 324.4; 
567; 0; 2064.194; 170; 324.6; 
567; 0; 2063.9594; 170; 324.8; 
567; 0; 2063.9343; 170; 325; 
567; 0; 2064.0646; 170; 325.2; 
567; 0; 2064.3195; 170; 325.4; 
567; 0; 2064.6692; 170; 325.6; 
567; 0; 2065.0181; 170; 325.8; 
567; 0; 2065.2783; 170; 326; 
567; 0; 2065.3629; 170; 326.2; 
567; 0; 2065.1963; 170; 326.4; 
567; 0; 2064.7485; 170; 326.6; 
567; 0; 2063.9768; 170; 326.8; 
567; 0; 2062.8403; 170; 327; 
567; 0; 2061.3744; 170; 327.2; 
567; 0; 2059.6526; 170; 327.4; 
567; 0; 2057.7331; 170; 327.6; 
567; 0; 2055.6605; 170; 327.8; 
567; 0; 2053.5089; 170; 328; 
567; 0; 2051.3617; 170; 328.2; 
567; 0; 2049.2699; 170; 328.4; 
567; 0; 2047.3027; 170; 328.6; 
567; 0; 2045.4859; 170; 328.8; 
567; 0; 2043.7937; 170; 329; 
567; 0; 2042.2015; 170; 329.2; 
567; 0; 2040.7297; 170; 329.4; 
567; 0; 2039.3768; 170; 329.6; 
567; 0; 2038.1423; 170; 329.8; 
567; 0; 2037.0122; 170; 330; 
567; 0; 2035.9766; 170; 330.2; 
567; 0; 2035.0573; 170; 330.4; 
567; 0; 2034.2609; 170; 330.6; 
567; 0; 2033.5828; 170; 330.8; 
567; 0; 2033.0538; 170; 331; 
567; 0; 2032.7164; 170; 331.2; 
567; 0; 2032.5855; 170; 331.4; 
567; 0; 2032.6563; 170; 331.6; 
567; 0; 2032.9567; 170; 331.8; 
567; 0; 2033.4825; 170; 332; 
567; 0; 2034.1841; 170; 332.2; 
567; 0; 2035.0225; 170; 332.4; 
567; 0; 2035.9645; 170; 332.6; 
567; 0; 2037.0249; 170; 332.8; 
567; 0; 2038.1984; 170; 333; 
567; 0; 2039.4441; 170; 333.2; 
567; 0; 2040.6947; 170; 333.4; 
567; 0; 2041.9152; 170; 333.6; 
567; 0; 2043.1206; 170; 333.8; 
567; 0; 2044.2803; 170; 334; 
567; 0; 2045.345; 170; 334.2; 
567; 0; 2046.3316; 170; 334.4; 
567; 0; 2047.2473; 170; 334.6; 
567; 0; 2048.0682; 170; 334.8; 
567; 0; 2048.787; 170; 335; 
567; 0; 2049.406; 170; 335.2; 
567; 0; 2049.9334; 170; 335.4; 
567; 0; 2050.3778; 170; 335.6; 
567; 0; 2050.707; 170; 335.8; 
567; 0; 2050.9132; 170; 336; 
567; 0; 2051.0332; 170; 336.2; 
567; 0; 2051.0948; 170; 336.4; 
567; 0; 2051.1583; 170; 336.6; 
567; 0; 2051.2521; 170; 336.8; 
567; 0; 2051.3581; 170; 337; 
567; 0; 2051.5046; 170; 337.2; 
567; 0; 2051.6998; 170; 337.4; 
567; 0; 2051.9523; 170; 337.6; 
567; 0; 2052.2576; 170; 337.8; 
567; 0; 2052.5782; 170; 338; 
567; 0; 2052.9314; 170; 338.2; 
567; 0; 2053.3178; 170; 338.4; 
567; 0; 2053.7005; 170; 338.6; 
567; 0; 2054.0567; 170; 338.8; 
567; 0; 2054.3753; 170; 339; 
567; 0; 2054.6526; 170; 339.2; 
567; 0; 2054.9288; 170; 339.4; 
567; 0; 2055.2189; 170; 339.6; 
567; 0; 2055.499; 170; 339.8; 
567; 0; 2055.7969; 170; 340; 
567; 0; 2056.1226; 170; 340.2; 
567; 0; 2056.446; 170; 340.4; 
567; 0; 2056.7489; 170; 340.6; 
567; 0; 2057.0216; 170; 340.8; 
567; 0; 2057.2603; 170; 341; 
567; 0; 2057.4239; 170; 341.2; 
567; 0; 2057.4996; 170; 341.4; 
567; 0; 2057.517; 170; 341.6; 
567; 0; 2057.4978; 170; 341.8; 
567; 0; 2057.4576; 170; 342; 
567; 0; 2057.4081; 170; 342.2; 
567; 0; 2057.357; 170; 342.4; 
567; 0; 2057.3099; 170; 342.6; 
567; 0; 2057.2282; 170; 342.8; 
567; 0; 2057.0966; 170; 343; 
567; 0; 2056.9019; 170; 343.2; 
567; 0; 2056.6467; 170; 343.4; 
567; 0; 2056.3697; 170; 343.6; 
567; 0; 2056.0967; 170; 343.8; 
567; 0; 2055.8035; 170; 344; 
567; 0; 2055.484; 170; 344.2; 
567; 0; 2055.1294; 170; 344.4; 
567; 0; 2054.7417; 170; 344.6; 
567; 0; 2054.3158; 170; 344.8; 
567; 0; 2053.8576; 170; 345; 
567; 0; 2053.3658; 170; 345.2; 
567; 0; 2052.8488; 170; 345.4; 
567; 0; 2052.3467; 170; 345.6; 
567; 0; 2051.8845; 170; 345.8; 
567; 0; 2051.4716; 170; 346; 
567; 0; 2051.0795; 170; 346.2; 
567; 0; 2050.6644; 170; 346.4; 
567; 0; 2050.1267; 170; 346.6; 
567; 0; 2049.3506; 170; 346.8; 
567; 0; 2048.2042; 170; 347; 
567; 0; 2046.4878; 170; 347.2; 
567; 0; 2044.01; 170; 347.4; 
567; 0; 2040.6198; 170; 347.6; 
567; 0; 2036.2003; 170; 347.8; 
567; 0; 2030.7039; 170; 348; 
567; 0; 2024.1625; 170; 348.2; 
567; 0; 2016.6929; 170; 348.4; 
567; 0; 2007.9363; 170; 348.6; 
567; 0; 1998.6257; 170; 348.8; 
567; 0; 1989.0458; 170; 349; 
567; 0; 1979.4488; 170; 349.2; 
567; 0; 1969.9799; 170; 349.4; 
567; 0; 1960.7242; 170; 349.6; 
567; 0; 1951.7123; 170; 349.8; 
567; 0; 1942.9563; 170; 350; 
567; 0; 1934.485; 170; 350.2; 
567; 0; 1926.2556; 170; 350.4; 
567; 0; 1918.2064; 170; 350.6; 
567; 0; 1910.2891; 170; 350.8; 
567; 0; 1902.4569; 170; 351; 
567; 0; 1894.676; 170; 351.2; 
567; 0; 1886.9239; 170; 351.4; 
567; 0; 1879.4012; 170; 351.6; 
567; 0; 1873.4329; 170; 351.8; 
567; 0; 1867.6426; 170; 352; 
567; 0; 1862.048; 170; 352.2; 
567; 0; 1856.7251; 170; 352.4; 
567; 0; 1851.6946; 170; 352.6; 
567; 0; 1846.9607; 170; 352.8; 
567; 0; 1842.5438; 170; 353; 
567; 0; 1838.4801; 170; 353.2; 
567; 0; 1834.7618; 170; 353.4; 
567; 0; 1831.3295; 170; 353.6; 
567; 0; 1828.1736; 170; 353.8; 
567; 0; 1825.2651; 170; 354; 
567; 0; 1822.5781; 170; 354.2; 
567; 0; 1820.1186; 170; 354.4; 
567; 0; 1817.8774; 170; 354.6; 
567; 0; 1815.8342; 170; 354.8; 
567; 0; 1814.0072; 170; 355; 
567; 0; 1812.3889; 170; 355.2; 
567; 0; 1810.9703; 170; 355.4; 
567; 0; 1809.7697; 170; 355.6; 
567; 0; 1808.7432; 170; 355.8; 
567; 0; 1807.8616; 170; 356; 
567; 0; 1807.1325; 170; 356.2; 
567; 0; 1806.5515; 170; 356.4; 
567; 0; 1806.1068; 170; 356.6; 
567; 0; 1805.7845; 170; 356.8; 
567; 0; 1805.612; 170; 357; 
567; 0; 1805.5896; 170; 357.2; 
567; 0; 1805.6731; 170; 357.4; 
567; 0; 1805.8279; 170; 357.6; 
567; 0; 1806.0718; 170; 357.8; 
567; 0; 1806.4035; 170; 358; 
567; 0; 1806.8249; 170; 358.2; 
567; 0; 1807.3638; 170; 358.4; 
567; 0; 1808.0312; 170; 358.6; 
567; 0; 1808.825; 170; 358.8; 
567; 0; 1809.7362; 170; 359; 
567; 0; 1810.7535; 170; 359.2; 
567; 0; 1811.8645; 170; 359.4; 
567; 0; 1813.0599; 170; 359.6; 
567; 0; 1814.3267; 170; 359.8; 
567; 0; 1815.6522; 170; 360; 
567; 0; 1817.0251; 170; 360.2; 
567; 0; 1818.4373; 170; 360.4; 
567; 0; 1819.8811; 170; 360.6; 
567; 0; 1821.3503; 170; 360.8; 
567; 0; 1822.8392; 170; 361; 
567; 0; 1824.3431; 170; 361.2; 
567; 0; 1825.9001; 170; 361.4; 
567; 0; 1827.5221; 170; 361.6; 
567; 0; 1829.2183; 170; 361.8; 
567; 0; 1830.9835; 170; 362; 
567; 0; 1832.8183; 170; 362.2; 
567; 0; 1834.7543; 170; 362.4; 
567; 0; 1836.7624; 170; 362.6; 
567; 0; 1838.8286; 170; 362.8; 
567; 0; 1840.9329; 170; 363; 
567; 0; 1843.067; 170; 363.2; 
567; 0; 1845.2609; 170; 363.4; 
567; 0; 1847.4844; 170; 363.6; 
567; 0; 1849.7254; 170; 363.8; 
567; 0; 1852.0104; 170; 364; 
567; 0; 1854.3127; 170; 364.2; 
567; 0; 1856.6247; 170; 364.4; 
567; 0; 1858.9337; 170; 364.6; 
567; 0; 1861.1967; 170; 364.8; 
567; 0; 1863.3912; 170; 365; 
567; 0; 1865.5066; 170; 365.2; 
567; 0; 1867.5404; 170; 365.4; 
567; 0; 1869.4973; 170; 365.6; 
567; 0; 1871.3848; 170; 365.8; 
567; 0; 1873.2515; 170; 366; 
567; 0; 1875.1206; 170; 366.2; 
567; 0; 1876.9734; 170; 366.4; 
567; 0; 1878.8006; 170; 366.6; 
567; 0; 1880.5572; 170; 366.8; 
567; 0; 1882.2271; 170; 367; 
567; 0; 1883.7983; 170; 367.2; 
567; 0; 1885.2353; 170; 367.4; 
567; 0; 1886.5238; 170; 367.6; 
567; 0; 1887.6644; 170; 367.8; 
567; 0; 1888.6251; 170; 368; 
567; 0; 1889.4041; 170; 368.2; 
567; 0; 1890.0446; 170; 368.4; 
567; 0; 1890.5802; 170; 368.6; 
567; 0; 1890.995; 170; 368.8; 
567; 0; 1891.2937; 170; 369; 
567; 0; 1891.5202; 170; 369.2; 
567; 0; 1891.7056; 170; 369.4; 
567; 0; 1891.8708; 170; 369.6; 
567; 0; 1892.0311; 170; 369.8; 
567; 0; 1892.1526; 170; 370; 
567; 0; 1892.224; 170; 370.2; 
567; 0; 1892.2779; 170; 370.4; 
567; 0; 1892.2935; 170; 370.6; 
567; 0; 1892.2277; 170; 370.8; 
567; 0; 1892.0589; 170; 371; 
567; 0; 1891.7812; 170; 371.2; 
567; 0; 1891.3953; 170; 371.4; 
567; 0; 1890.9052; 170; 371.6; 
567; 0; 1890.3204; 170; 371.8; 
567; 0; 1889.6517; 170; 372; 
567; 0; 1884.7618; 170; 372.2; 
567; 0; 1865.7458; 170; 372.4; 
567; 0; 1829.4571; 170; 372.6; 
567; 0; 1791.87; 170; 372.8; 
567; 0; 1754.3066; 170; 373; 
567; 0; 1715.5718; 170; 373.2; 
567; 0; 1675.2456; 170; 373.4; 
567; 0; 1634.9821; 170; 373.6; 
567; 0; 1594.7907; 170; 373.8; 
567; 0; 1554.6655; 170; 374; 
567; 0; 1514.5975; 170; 374.2; 
567; 0; 1478.4921; 170; 374.4; 
567; 0; 1445.0947; 170; 374.6; 
567; 0; 1411.7689; 170; 374.8; 
567; 0; 1378.5277; 170; 375; 
567; 0; 1345.3826; 170; 375.2; 
567; 0; 1312.3414; 170; 375.4; 
567; 0; 1279.4124; 170; 375.6; 
567; 0; 1245.3312; 170; 375.8; 
567; 0; 1208.7134; 170; 376; 
567; 0; 1172.2393; 170; 376.2; 
567; 0; 1135.9132; 170; 376.4; 
567; 0; 1099.7368; 170; 376.6; 
567; 0; 1065.3424; 170; 376.8; 
567; 0; 1037.4101; 170; 377; 
567; 0; 1009.566; 170; 377.2; 
567; 0; 981.8163; 170; 377.4; 
567; 0; 954.1651; 170; 377.6; 
567; 0; 926.6189; 170; 377.8; 
567; 0; 920.3765; 170; 378; 
567; 0; 920.3765; 170; 378.2; 
567; 0; 920.3765; 170; 378.4; 
567; 0; 920.3765; 170; 378.6; 
567; 0; 920.3765; 170; 378.8; 
567; 0; 920.3765; 170; 379; 
567; 0; 920.3765; 170; 379.2; 
567; 0; 920.3765; 170; 379.4; 
567; 0; 920.3765; 170; 379.6; 
567; 0; 920.3765; 170; 379.8; 
567; 0; 920.3765; 170; 380; 
567; 0; 920.3765; 170; 380.2; 
567; 0; 920.3765; 170; 380.4; 
567; 0; 920.3765; 170; 380.6; 
567; 0; 920.3765; 170; 380.8; 
567; 0; 920.3765; 170; 381; 
567; 0; 920.3765; 170; 381.2; 
567; 0; 920.3765; 170; 381.4; 
567; 0; 920.3765; 170; 381.6; 
567; 0; 920.3765; 170; 381.8; 
567; 0; 920.3765; 170; 382; 
567; 0; 920.3765; 170; 382.2; 
567; 0; 920.3765; 170; 382.4; 
567; 0; 920.3765; 170; 382.6; 
567; 0; 920.3765; 170; 382.8; 
567; 0; 920.3765; 170; 383; 
567; 0; 920.3765; 170; 383.2; 
567; 0; 920.3765; 170; 383.4; 
567; 0; 920.3765; 170; 383.6; 
567; 0; 920.3765; 170; 383.8; 
567; 0; 920.3765; 170; 384; 
567; 0; 920.3765; 170; 384.2; 
567; 0; 920.3765; 170; 384.4; 
567; 0; 920.3765; 170; 384.6; 
567; 0; 920.3765; 170; 384.8; 
567; 0; 920.3765; 170; 385; 
567; 0; 920.3765; 170; 385.2; 
567; 0; 920.3765; 170; 385.4; 
567; 0; 920.3765; 170; 385.6; 
567; 0; 920.3765; 170; 385.8; 
567; 0; 920.3765; 170; 386; 
567; 0; 920.3765; 170; 386.2; 
567; 0; 920.3765; 170; 386.4; 
567; 0; 920.3765; 170; 386.6; 
567; 0; 920.3765; 170; 386.8; 
567; 0; 920.3765; 170; 387; 
567; 0; 920.3765; 170; 387.2; 
567; 0; 920.3765; 170; 387.4; 
567; 0; 920.3765; 170; 387.6; 
567; 0; 920.3765; 170; 387.8; 
567; 0; 920.3765; 170; 388; 
567; 0; 920.3765; 170; 388.2; 
567; 0; 920.3765; 170; 388.4; 
567; 0; 920.3765; 170; 388.6; 
567; 0; 920.3765; 170; 388.8; 
567; 0; 920.3765; 170; 389; 
567; 0; 920.3765; 170; 389.2; 
567; 0; 920.3765; 170; 389.4; 
567; 0; 920.3765; 170; 389.6; 
567; 0; 920.3765; 170; 389.8; 
567; 0; 920.3765; 170; 390; 
567; 0; 920.3765; 170; 390.2; 
567; 0; 920.3765; 170; 390.4; 
567; 0; 920.3765; 170; 390.6; 
567; 0; 920.3765; 170; 390.8; 
567; 0; 920.3765; 170; 391; 
567; 0; 920.3765; 170; 391.2; 
567; 0; 920.3765; 170; 391.4; 
567; 0; 920.3765; 170; 391.6; 
567; 0; 920.3765; 170; 391.8; 
567; 0; 920.3765; 170; 392; 
567; 0; 920.3765; 170; 392.2; 
567; 0; 920.3765; 170; 392.4; 
567; 0; 920.3765; 170; 392.6; 
567; 0; 920.3765; 170; 392.8; 
567; 0; 920.3765; 170; 393; 
567; 0; 920.3765; 170; 393.2; 
567; 0; 920.3765; 170; 393.4; 
567; 0; 920.3765; 170; 393.6; 
567; 0; 920.3765; 170; 393.8; 
567; 0; 920.3765; 170; 394; 
567; 0; 920.3765; 170; 394.2; 
567; 0; 920.3765; 170; 394.4; 
567; 0; 920.3765; 170; 394.6; 
567; 0; 920.3765; 170; 394.8; 
567; 0; 920.3765; 170; 395; 
567; 0; 920.3765; 170; 395.2; 
567; 0; 920.3765; 170; 395.4; 
567; 0; 920.3765; 170; 395.6; 
567; 0; 920.3765; 170; 395.8; 
567; 0; 920.3765; 170; 396; 
567; 0; 920.3765; 170; 396.2; 
567; 0; 920.3765; 170; 396.4; 
567; 0; 920.3765; 170; 396.6; 
567; 0; 920.3765; 170; 396.8; 
567; 0; 920.3765; 170; 397; 
567; 0; 920.3765; 170; 397.2; 
567; 0; 920.3765; 170; 397.4; 
567; 0; 920.3765; 170; 397.6; 
567; 0; 920.3765; 170; 397.8; 
567; 0; 920.3765; 170; 398; 
567; 0; 920.3765; 170; 398.2; 
567; 0; 920.3765; 170; 398.4; 
567; 0; 920.3765; 170; 398.6; 
567; 0; 920.3765; 170; 398.8; 
567; 0; 920.3765; 170; 399; 
567; 0; 920.3765; 170; 399.2; 
567; 0; 920.3765; 170; 399.4; 
567; 0; 920.3765; 170; 399.6; 
567; 0; 920.3765; 170; 399.8; 
567; 0; 920.3765; 170; 400; 
567; 0; 935.3621; 170; 400.2; 
567; 0; 957.3759; 170; 400.4; 
567; 0; 980.3757; 170; 400.6; 
567; 0; 1003.8183; 170; 400.8; 
567; 0; 1027.2494; 170; 401; 
567; 0; 1050.4022; 170; 401.2; 
567; 0; 1073.1697; 170; 401.4; 
567; 0; 1094.9706; 170; 401.6; 
567; 0; 1116.27; 170; 401.8; 
567; 0; 1141.6978; 170; 402; 
567; 0; 1168.0268; 170; 402.2; 
567; 0; 1194.1252; 170; 402.4; 
567; 0; 1219.9874; 170; 402.6; 
567; 0; 1244.8748; 170; 402.8; 
567; 0; 1267.2215; 170; 403; 
567; 0; 1287.3167; 170; 403.2; 
567; 0; 1306.6117; 170; 403.4; 
567; 0; 1325.1042; 170; 403.6; 
567; 0; 1342.7225; 170; 403.8; 
567; 0; 1359.3962; 170; 404; 
567; 0; 1375.0605; 170; 404.2; 
567; 0; 1389.651; 170; 404.4; 
567; 0; 1403.1126; 170; 404.6; 
567; 0; 1415.4449; 170; 404.8; 
567; 0; 1426.7126; 170; 405; 
567; 0; 1437.0176; 170; 405.2; 
567; 0; 1446.4432; 170; 405.4; 
567; 0; 1455.0939; 170; 405.6; 
567; 0; 1463.071; 170; 405.8; 
567; 0; 1470.9418; 170; 406; 
567; 0; 1480.2003; 170; 406.2; 
567; 0; 1488.2867; 170; 406.4; 
567; 0; 1495.8673; 170; 406.6; 
567; 0; 1503.1423; 170; 406.8; 
567; 0; 1510.1174; 170; 407; 
567; 0; 1516.8133; 170; 407.2; 
567; 0; 1523.2612; 170; 407.4; 
567; 0; 1529.4502; 170; 407.6; 
567; 0; 1535.312; 170; 407.8; 
567; 0; 1540.7475; 170; 408; 
567; 0; 1545.6887; 170; 408.2; 
567; 0; 1550.0799; 170; 408.4; 
567; 0; 1553.9283; 170; 408.6; 
567; 0; 1557.2643; 170; 408.8; 
567; 0; 1560.1013; 170; 409; 
567; 0; 1562.4338; 170; 409.2; 
567; 0; 1564.2937; 170; 409.4; 
567; 0; 1565.763; 170; 409.6; 
567; 0; 1566.9132; 170; 409.8; 
567; 0; 1567.8498; 170; 410; 
567; 0; 1568.6397; 170; 410.2; 
567; 0; 1569.3367; 170; 410.4; 
567; 0; 1569.971; 170; 410.6; 
567; 0; 1570.5725; 170; 410.8; 
567; 0; 1571.1956; 170; 411; 
567; 0; 1571.8693; 170; 411.2; 
567; 0; 1572.6073; 170; 411.4; 
567; 0; 1573.3707; 170; 411.6; 
567; 0; 1574.1439; 170; 411.8; 
567; 0; 1574.9106; 170; 412; 
567; 0; 1575.6245; 170; 412.2; 
567; 0; 1576.2618; 170; 412.4; 
567; 0; 1576.8144; 170; 412.6; 
567; 0; 1577.2382; 170; 412.8; 
567; 0; 1577.4783; 170; 413; 
567; 0; 1577.5556; 170; 413.2; 
567; 0; 1577.4866; 170; 413.4; 
567; 0; 1577.2546; 170; 413.6; 
567; 0; 1576.8157; 170; 413.8; 
567; 0; 1576.1637; 170; 414; 
567; 0; 1575.3429; 170; 414.2; 
567; 0; 1574.3456; 170; 414.4; 
567; 0; 1573.1855; 170; 414.6; 
567; 0; 1571.9164; 170; 414.8; 
567; 0; 1570.5782; 170; 415; 
567; 0; 1569.1987; 170; 415.2; 
567; 0; 1567.795; 170; 415.4; 
567; 0; 1566.3767; 170; 415.6; 
567; 0; 1564.9504; 170; 415.8; 
567; 0; 1563.5222; 170; 416; 
567; 0; 1562.1396; 170; 416.2; 
567; 0; 1560.82; 170; 416.4; 
567; 0; 1559.5347; 170; 416.6; 
567; 0; 1558.2648; 170; 416.8; 
567; 0; 1556.9973; 170; 417; 
567; 0; 1555.7682; 170; 417.2; 
567; 0; 1554.5893; 170; 417.4; 
567; 0; 1553.4291; 170; 417.6; 
567; 0; 1552.2673; 170; 417.8; 
567; 0; 1551.0917; 170; 418; 
567; 0; 1549.8954; 170; 418.2; 
567; 0; 1548.7201; 170; 418.4; 
567; 0; 1547.5816; 170; 418.6; 
567; 0; 1546.4523; 170; 418.8; 
567; 0; 1545.2708; 170; 419; 
567; 0; 1544.0118; 170; 419.2; 
567; 0; 1542.7015; 170; 419.4; 
567; 0; 1541.3589; 170; 419.6; 
567; 0; 1539.9966; 170; 419.8; 
567; 0; 1538.6214; 170; 420; 
567; 0; 1537.2401; 170; 420.2; 
567; 0; 1535.8571; 170; 420.4; 
567; 0; 1534.4758; 170; 420.6; 
567; 0; 1533.1412; 170; 420.8; 
567; 0; 1531.869; 170; 421; 
567; 0; 1530.671; 170; 421.2; 
567; 0; 1529.5864; 170; 421.4; 
567; 0; 1528.5895; 170; 421.6; 
567; 0; 1527.6688; 170; 421.8; 
567; 0; 1526.8472; 170; 422; 
567; 0; 1526.1312; 170; 422.2; 
567; 0; 1525.5177; 170; 422.4; 
567; 0; 1525.0009; 170; 422.6; 
567; 0; 1524.5735; 170; 422.8; 
567; 0; 1524.2247; 170; 423; 
567; 0; 1523.986; 170; 423.2; 
567; 0; 1523.8603; 170; 423.4; 
567; 0; 1523.8067; 170; 423.6; 
567; 0; 1523.8415; 170; 423.8; 
567; 0; 1523.9628; 170; 424; 
567; 0; 1524.1286; 170; 424.2; 
567; 0; 1524.3532; 170; 424.4; 
567; 0; 1524.6328; 170; 424.6; 
567; 0; 1524.9707; 170; 424.8; 
567; 0; 1525.3576; 170; 425; 
567; 0; 1525.7486; 170; 425.2; 
567; 0; 1526.1617; 170; 425.4; 
567; 0; 1526.5985; 170; 425.6; 
567; 0; 1527.0232; 170; 425.8; 
567; 0; 1527.4139; 170; 426; 
567; 0; 1527.7596; 170; 426.2; 
567; 0; 1528.0573; 170; 426.4; 
567; 0; 1528.3079; 170; 426.6; 
567; 0; 1528.5155; 170; 426.8; 
567; 0; 1528.6856; 170; 427; 
567; 0; 1528.8227; 170; 427.2; 
567; 0; 1528.8887; 170; 427.4; 
567; 0; 1528.8724; 170; 427.6; 
567; 0; 1528.8085; 170; 427.8; 
567; 0; 1528.7624; 170; 428; 
567; 0; 1528.7652; 170; 428.2; 
567; 0; 1528.7946; 170; 428.4; 
567; 0; 1528.8785; 170; 428.6; 
567; 0; 1529.0217; 170; 428.8; 
567; 0; 1529.1888; 170; 429; 
567; 0; 1529.4025; 170; 429.2; 
567; 0; 1529.624; 170; 429.4; 
567; 0; 1529.8; 170; 429.6; 
567; 0; 1529.9385; 170; 429.8; 
567; 0; 1530.0457; 170; 430; 
567; 0; 1530.1263; 170; 430.2; 
567; 0; 1530.14; 170; 430.4; 
567; 0; 1530.075; 170; 430.6; 
567; 0; 1529.967; 170; 430.8; 
567; 0; 1529.7972; 170; 431; 
567; 0; 1529.5644; 170; 431.2; 
567; 0; 1529.2632; 170; 431.4; 
567; 0; 1528.8599; 170; 431.6; 
567; 0; 1528.3843; 170; 431.8; 
567; 0; 1527.8517; 170; 432; 
567; 0; 1527.2796; 170; 432.2; 
567; 0; 1526.7149; 170; 432.4; 
567; 0; 1526.1838; 170; 432.6; 
567; 0; 1525.6584; 170; 432.8; 
567; 0; 1525.1301; 170; 433; 
567; 0; 1524.5882; 170; 433.2; 
567; 0; 1523.9903; 170; 433.4; 
567; 0; 1523.3144; 170; 433.6; 
567; 0; 1522.5559; 170; 433.8; 
567; 0; 1521.7221; 170; 434; 
567; 0; 1520.8523; 170; 434.2; 
567; 0; 1519.97; 170; 434.4; 
567; 0; 1519.0884; 170; 434.6; 
567; 0; 1518.22; 170; 434.8; 
567; 0; 1517.376; 170; 435; 
567; 0; 1516.551; 170; 435.2; 
567; 0; 1515.7496; 170; 435.4; 
567; 0; 1514.9672; 170; 435.6; 
567; 0; 1514.2074; 170; 435.8; 
567; 0; 1513.4605; 170; 436; 
567; 0; 1512.7282; 170; 436.2; 
567; 0; 1512.0038; 170; 436.4; 
567; 0; 1511.2477; 170; 436.6; 
567; 0; 1510.437; 170; 436.8; 
567; 0; 1509.5614; 170; 437; 
567; 0; 1508.6205; 170; 437.2; 
567; 0; 1507.6191; 170; 437.4; 
567; 0; 1506.5214; 170; 437.6; 
567; 0; 1505.3175; 170; 437.8; 
567; 0; 1504.0424; 170; 438; 
567; 0; 1502.7203; 170; 438.2; 
567; 0; 1501.3688; 170; 438.4; 
567; 0; 1500.0003; 170; 438.6; 
567; 0; 1498.6233; 170; 438.8; 
567; 0; 1497.2439; 170; 439; 
567; 0; 1495.8666; 170; 439.2; 
567; 0; 1494.538; 170; 439.4; 
567; 0; 1493.2754; 170; 439.6; 
567; 0; 1492.0483; 170; 439.8; 
567; 0; 1490.8793; 170; 440; 
567; 0; 1489.7713; 170; 440.2; 
567; 0; 1488.7309; 170; 440.4; 
567; 0; 1487.7945; 170; 440.6; 
567; 0; 1486.9333; 170; 440.8; 
567; 0; 1486.131; 170; 441; 
567; 0; 1485.4525; 170; 441.2; 
567; 0; 1484.9244; 170; 441.4; 
567; 0; 1484.517; 170; 441.6; 
567; 0; 1484.2076; 170; 441.8; 
567; 0; 1483.9326; 170; 442; 
567; 0; 1483.663; 170; 442.2; 
567; 0; 1483.4236; 170; 442.4; 
567; 0; 1483.2548; 170; 442.6; 
567; 0; 1483.1748; 170; 442.8; 
567; 0; 1483.1981; 170; 443; 
567; 0; 1483.3206; 170; 443.2; 
567; 0; 1483.5426; 170; 443.4; 
567; 0; 1483.8525; 170; 443.6; 
567; 0; 1484.1975; 170; 443.8; 
567; 0; 1484.5951; 170; 444; 
567; 0; 1485.0583; 170; 444.2; 
567; 0; 1485.549; 170; 444.4; 
567; 0; 1486.0898; 170; 444.6; 
567; 0; 1486.8104; 170; 444.8; 
567; 0; 1487.8498; 170; 445; 
567; 0; 1489.3045; 170; 445.2; 
567; 0; 1491.3261; 170; 445.4; 
567; 0; 1493.9971; 170; 445.6; 
567; 0; 1497.3318; 170; 445.8; 
567; 0; 1501.3328; 170; 446; 
567; 0; 1505.919; 170; 446.2; 
567; 0; 1510.9287; 170; 446.4; 
567; 0; 1516.2064; 170; 446.6; 
567; 0; 1521.5607; 170; 446.8; 
567; 0; 1526.8022; 170; 447; 
567; 0; 1531.7838; 170; 447.2; 
567; 0; 1536.3564; 170; 447.4; 
567; 0; 1540.4217; 170; 447.6; 
567; 0; 1543.9524; 170; 447.8; 
567; 0; 1546.9195; 170; 448; 
567; 0; 1549.3473; 170; 448.2; 
567; 0; 1551.2747; 170; 448.4; 
567; 0; 1552.7638; 170; 448.6; 
567; 0; 1553.9544; 170; 448.8; 
567; 0; 1554.9791; 170; 449; 
567; 0; 1555.9261; 170; 449.2; 
567; 0; 1556.8535; 170; 449.4; 
567; 0; 1557.8409; 170; 449.6; 
567; 0; 1558.9654; 170; 449.8; 
567; 0; 1560.2626; 170; 450; 
567; 0; 1561.7442; 170; 450.2; 
567; 0; 1563.4499; 170; 450.4; 
567; 0; 1565.3804; 170; 450.6; 
567; 0; 1567.4863; 170; 450.8; 
567; 0; 1569.73; 170; 451; 
567; 0; 1572.1254; 170; 451.2; 
567; 0; 1574.6632; 170; 451.4; 
567; 0; 1577.2919; 170; 451.6; 
567; 0; 1579.9324; 170; 451.8; 
567; 0; 1582.5461; 170; 452; 
567; 0; 1585.1487; 170; 452.2; 
567; 0; 1587.7062; 170; 452.4; 
567; 0; 1590.2081; 170; 452.6; 
567; 0; 1592.6449; 170; 452.8; 
567; 0; 1595.0214; 170; 453; 
567; 0; 1597.3362; 170; 453.2; 
567; 0; 1599.555; 170; 453.4; 
567; 0; 1601.7063; 170; 453.6; 
567; 0; 1603.8043; 170; 453.8; 
567; 0; 1605.827; 170; 454; 
567; 0; 1607.7663; 170; 454.2; 
567; 0; 1609.5765; 170; 454.4; 
567; 0; 1611.2448; 170; 454.6; 
567; 0; 1612.8069; 170; 454.8; 
567; 0; 1614.2908; 170; 455; 
567; 0; 1615.6754; 170; 455.2; 
567; 0; 1616.917; 170; 455.4; 
567; 0; 1617.998; 170; 455.6; 
567; 0; 1618.9197; 170; 455.8; 
567; 0; 1619.6493; 170; 456; 
567; 0; 1620.1442; 170; 456.2; 
567; 0; 1620.3925; 170; 456.4; 
567; 0; 1620.4434; 170; 456.6; 
567; 0; 1620.3301; 170; 456.8; 
567; 0; 1620.0462; 170; 457; 
567; 0; 1619.5979; 170; 457.2; 
567; 0; 1618.9987; 170; 457.4; 
567; 0; 1618.2649; 170; 457.6; 
567; 0; 1617.4146; 170; 457.8; 
567; 0; 1616.4218; 170; 458; 
567; 0; 1615.2854; 170; 458.2; 
567; 0; 1614.0502; 170; 458.4; 
567; 0; 1612.7082; 170; 458.6; 
567; 0; 1611.2283; 170; 458.8; 
567; 0; 1609.6435; 170; 459; 
567; 0; 1607.9708; 170; 459.2; 
567; 0; 1606.2313; 170; 459.4; 
567; 0; 1604.4756; 170; 459.6; 
567; 0; 1602.7339; 170; 459.8; 
567; 0; 1601.0666; 170; 460; 
567; 0; 1599.4979; 170; 460.2; 
567; 0; 1598.0008; 170; 460.4; 
567; 0; 1596.5976; 170; 460.6; 
567; 0; 1595.2902; 170; 460.8; 
567; 0; 1594.0397; 170; 461; 
567; 0; 1592.818; 170; 461.2; 
567; 0; 1591.6069; 170; 461.4; 
567; 0; 1590.396; 170; 461.6; 
567; 0; 1589.223; 170; 461.8; 
567; 0; 1588.1007; 170; 462; 
567; 0; 1587.0396; 170; 462.2; 
567; 0; 1586.0338; 170; 462.4; 
567; 0; 1585.0844; 170; 462.6; 
567; 0; 1584.2253; 170; 462.8; 
567; 0; 1583.4704; 170; 463; 
567; 0; 1582.8628; 170; 463.2; 
567; 0; 1582.4126; 170; 463.4; 
567; 0; 1582.0816; 170; 463.6; 
567; 0; 1581.8403; 170; 463.8; 
567; 0; 1581.6663; 170; 464; 
567; 0; 1581.5413; 170; 464.2; 
567; 0; 1581.4521; 170; 464.4; 
567; 0; 1581.3902; 170; 464.6; 
567; 0; 1581.3481; 170; 464.8; 
567; 0; 1581.3195; 170; 465; 
567; 0; 1581.3021; 170; 465.2; 
567; 0; 1581.2961; 170; 465.4; 
567; 0; 1581.2997; 170; 465.6; 
567; 0; 1581.3091; 170; 465.8; 
567; 0; 1581.3244; 170; 466; 
567; 0; 1581.3819; 170; 466.2; 
567; 0; 1581.5388; 170; 466.4; 
567; 0; 1581.7782; 170; 466.6; 
567; 0; 1582.0877; 170; 466.8; 
567; 0; 1582.489; 170; 467; 
567; 0; 1582.9458; 170; 467.2; 
567; 0; 1583.4008; 170; 467.4; 
567; 0; 1583.7778; 170; 467.6; 
567; 0; 1583.9602; 170; 467.8; 
567; 0; 1583.8131; 170; 468; 
567; 0; 1583.2392; 170; 468.2; 
567; 0; 1582.2077; 170; 468.4; 
567; 0; 1580.6854; 170; 468.6; 
567; 0; 1578.6457; 170; 468.8; 
567; 0; 1576.1055; 170; 469; 
567; 0; 1573.1027; 170; 469.2; 
567; 0; 1569.6869; 170; 469.4; 
567; 0; 1565.9519; 170; 469.6; 
567; 0; 1562.0078; 170; 469.8; 
567; 0; 1557.9334; 170; 470; 
567; 0; 1553.7838; 170; 470.2; 
567; 0; 1549.6385; 170; 470.4; 
567; 0; 1545.5796; 170; 470.6; 
567; 0; 1541.6518; 170; 470.8; 
567; 0; 1537.8744; 170; 471; 
567; 0; 1534.2486; 170; 471.2; 
567; 0; 1530.8092; 170; 471.4; 
567; 0; 1527.5596; 170; 471.6; 
567; 0; 1524.4988; 170; 471.8; 
567; 0; 1521.6079; 170; 472; 
567; 0; 1518.872; 170; 472.2; 
567; 0; 1516.2672; 170; 472.4; 
567; 0; 1513.7784; 170; 472.6; 
567; 0; 1511.3834; 170; 472.8; 
567; 0; 1509.0712; 170; 473; 
567; 0; 1506.8663; 170; 473.2; 
567; 0; 1504.7769; 170; 473.4; 
567; 0; 1502.7999; 170; 473.6; 
567; 0; 1500.926; 170; 473.8; 
567; 0; 1499.1878; 170; 474; 
567; 0; 1497.5909; 170; 474.2; 
567; 0; 1496.0941; 170; 474.4; 
567; 0; 1494.7091; 170; 474.6; 
567; 0; 1493.4286; 170; 474.8; 
567; 0; 1492.2489; 170; 475; 
567; 0; 1491.1559; 170; 475.2; 
567; 0; 1490.1431; 170; 475.4; 
567; 0; 1489.1944; 170; 475.6; 
567; 0; 1488.2611; 170; 475.8; 
567; 0; 1487.3572; 170; 476; 
567; 0; 1486.4821; 170; 476.2; 
567; 0; 1485.5972; 170; 476.4; 
567; 0; 1484.6809; 170; 476.6; 
567; 0; 1483.768; 170; 476.8; 
567; 0; 1482.8714; 170; 477; 
567; 0; 1482.0053; 170; 477.2; 
567; 0; 1481.1423; 170; 477.4; 
567; 0; 1480.3618; 170; 477.6; 
567; 0; 1479.6841; 170; 477.8; 
567; 0; 1479.1541; 170; 478; 
567; 0; 1478.7825; 170; 478.2; 
567; 0; 1478.5739; 170; 478.4; 
567; 0; 1478.5619; 170; 478.6; 
567; 0; 1478.7094; 170; 478.8; 
567; 0; 1478.9913; 170; 479; 
567; 0; 1479.423; 170; 479.2; 
567; 0; 1480.005; 170; 479.4; 
567; 0; 1480.729; 170; 479.6; 
567; 0; 1481.5835; 170; 479.8; 
567; 0; 1482.4915; 170; 480; 
567; 0; 1483.4647; 170; 480.2; 
567; 0; 1484.5141; 170; 480.4; 
567; 0; 1485.6262; 170; 480.6; 
567; 0; 1486.8323; 170; 480.8; 
567; 0; 1488.1797; 170; 481; 
567; 0; 1489.6873; 170; 481.2; 
567; 0; 1491.3568; 170; 481.4; 
567; 0; 1493.1363; 170; 481.6; 
567; 0; 1494.9979; 170; 481.8; 
567; 0; 1496.9137; 170; 482; 
567; 0; 1498.8709; 170; 482.2; 
567; 0; 1500.8519; 170; 482.4; 
567; 0; 1502.8078; 170; 482.6; 
567; 0; 1504.7107; 170; 482.8; 
567; 0; 1506.5481; 170; 483; 
567; 0; 1508.3158; 170; 483.2; 
567; 0; 1510.0148; 170; 483.4; 
567; 0; 1511.6497; 170; 483.6; 
567; 0; 1513.2272; 170; 483.8; 
567; 0; 1514.713; 170; 484; 
567; 0; 1516.0993; 170; 484.2; 
567; 0; 1517.38; 170; 484.4; 
567; 0; 1518.5658; 170; 484.6; 
567; 0; 1519.6598; 170; 484.8; 
567; 0; 1520.6747; 170; 485; 
567; 0; 1521.6153; 170; 485.2; 
567; 0; 1522.4965; 170; 485.4; 
567; 0; 1523.3237; 170; 485.6; 
567; 0; 1524.0666; 170; 485.8; 
567; 0; 1524.7121; 170; 486; 
567; 0; 1525.2595; 170; 486.2; 
567; 0; 1525.7154; 170; 486.4; 
567; 0; 1526.0882; 170; 486.6; 
567; 0; 1526.3452; 170; 486.8; 
567; 0; 1526.438; 170; 487; 
567; 0; 1526.3918; 170; 487.2; 
567; 0; 1526.2227; 170; 487.4; 
567; 0; 1525.9536; 170; 487.6; 
567; 0; 1525.6391; 170; 487.8; 
567; 0; 1525.3122; 170; 488; 
567; 0; 1524.9951; 170; 488.2; 
567; 0; 1524.7001; 170; 488.4; 
567; 0; 1524.4329; 170; 488.6; 
567; 0; 1524.1956; 170; 488.8; 
567; 0; 1523.9877; 170; 489; 
567; 0; 1523.8087; 170; 489.2; 
567; 0; 1523.6564; 170; 489.4; 
567; 0; 1523.5274; 170; 489.6; 
567; 0; 1523.4603; 170; 489.8; 
567; 0; 1523.4667; 170; 490; 
567; 0; 1523.5132; 170; 490.2; 
567; 0; 1523.5797; 170; 490.4; 
567; 0; 1523.6521; 170; 490.6; 
567; 0; 1523.7239; 170; 490.8; 
567; 0; 1523.7901; 170; 491; 
567; 0; 1523.8472; 170; 491.2; 
567; 0; 1523.8934; 170; 491.4; 
567; 0; 1523.9275; 170; 491.6; 
567; 0; 1523.9507; 170; 491.8; 
567; 0; 1523.9634; 170; 492; 
567; 0; 1523.9671; 170; 492.2; 
567; 0; 1523.9631; 170; 492.4; 
567; 0; 1523.9544; 170; 492.6; 
567; 0; 1523.943; 170; 492.8; 
567; 0; 1523.9294; 170; 493; 
567; 0; 1523.9142; 170; 493.2; 
567; 0; 1523.8986; 170; 493.4; 
567; 0; 1523.8826; 170; 493.6; 
567; 0; 1523.8649; 170; 493.8; 
567; 0; 1523.8446; 170; 494; 
567; 0; 1523.8225; 170; 494.2; 
567; 0; 1523.7991; 170; 494.4; 
567; 0; 1523.8187; 170; 494.6; 
567; 0; 1523.8969; 170; 494.8; 
567; 0; 1524.0034; 170; 495; 
567; 0; 1524.0747; 170; 495.2; 
567; 0; 1524.0836; 170; 495.4; 
567; 0; 1524.0543; 170; 495.6; 
567; 0; 1523.9604; 170; 495.8; 
567; 0; 1523.7529; 170; 496; 
567; 0; 1523.4531; 170; 496.2; 
567; 0; 1523.072; 170; 496.4; 
567; 0; 1522.5856; 170; 496.6; 
567; 0; 1521.9863; 170; 496.8; 
567; 0; 1521.2335; 170; 497; 
567; 0; 1520.3191; 170; 497.2; 
567; 0; 1519.2831; 170; 497.4; 
567; 0; 1518.112; 170; 497.6; 
567; 0; 1516.8135; 170; 497.8; 
567; 0; 1515.3925; 170; 498; 
567; 0; 1513.868; 170; 498.2; 
567; 0; 1512.2514; 170; 498.4; 
567; 0; 1510.5627; 170; 498.6; 
567; 0; 1508.8107; 170; 498.8; 
567; 0; 1507.0102; 170; 499; 
567; 0; 1505.1637; 170; 499.2; 
567; 0; 1503.326; 170; 499.4; 
567; 0; 1501.5559; 170; 499.6; 
567; 0; 1499.8508; 170; 499.8; 
567; 0; 1498.2061; 170; 500; 
567; 0; 1496.616; 170; 500.2; 
567; 0; 1495.0739; 170; 500.4; 
567; 0; 1493.5732; 170; 500.6; 
567; 0; 1492.1083; 170; 500.8; 
567; 0; 1490.674; 170; 501; 
567; 0; 1489.2652; 170; 501.2; 
567; 0; 1487.9197; 170; 501.4; 
567; 0; 1486.6934; 170; 501.6; 
567; 0; 1485.5681; 170; 501.8; 
567; 0; 1484.534; 170; 502; 
567; 0; 1483.6593; 170; 502.2; 
567; 0; 1482.9666; 170; 502.4; 
567; 0; 1482.4652; 170; 502.6; 
567; 0; 1482.1416; 170; 502.8; 
567; 0; 1481.9855; 170; 503; 
567; 0; 1481.9756; 170; 503.2; 
567; 0; 1482.0544; 170; 503.4; 
567; 0; 1482.2261; 170; 503.6; 
567; 0; 1482.4799; 170; 503.8; 
567; 0; 1482.7684; 170; 504; 
567; 0; 1483.1045; 170; 504.2; 
567; 0; 1483.5273; 170; 504.4; 
567; 0; 1484.0138; 170; 504.6; 
567; 0; 1484.5532; 170; 504.8; 
567; 0; 1485.1719; 170; 505; 
567; 0; 1485.8359; 170; 505.2; 
567; 0; 1486.5315; 170; 505.4; 
567; 0; 1487.2854; 170; 505.6; 
567; 0; 1488.1123; 170; 505.8; 
567; 0; 1489.0223; 170; 506; 
567; 0; 1490.0013; 170; 506.2; 
567; 0; 1491.0422; 170; 506.4; 
567; 0; 1492.1823; 170; 506.6; 
567; 0; 1493.4319; 170; 506.8; 
567; 0; 1494.7556; 170; 507; 
567; 0; 1496.1294; 170; 507.2; 
567; 0; 1497.5285; 170; 507.4; 
567; 0; 1498.9485; 170; 507.6; 
567; 0; 1500.3962; 170; 507.8; 
567; 0; 1501.8696; 170; 508; 
567; 0; 1503.4102; 170; 508.2; 
567; 0; 1505.1153; 170; 508.4; 
567; 0; 1507.1117; 170; 508.6; 
567; 0; 1509.53; 170; 508.8; 
567; 0; 1512.4929; 170; 509; 
567; 0; 1516.0737; 170; 509.2; 
567; 0; 1520.2793; 170; 509.4; 
567; 0; 1525.0776; 170; 509.6; 
567; 0; 1530.3696; 170; 509.8; 
567; 0; 1536.0299; 170; 510; 
567; 0; 1541.9211; 170; 510.2; 
567; 0; 1547.9161; 170; 510.4; 
567; 0; 1553.8486; 170; 510.6; 
567; 0; 1559.5514; 170; 510.8; 
567; 0; 1564.8981; 170; 511; 
567; 0; 1569.7577; 170; 511.2; 
567; 0; 1574.0902; 170; 511.4; 
567; 0; 1577.8945; 170; 511.6; 
567; 0; 1581.1647; 170; 511.8; 
567; 0; 1583.9712; 170; 512; 
567; 0; 1586.4188; 170; 512.2; 
567; 0; 1588.5909; 170; 512.4; 
567; 0; 1590.5511; 170; 512.6; 
567; 0; 1592.3919; 170; 512.8; 
567; 0; 1594.2095; 170; 513; 
567; 0; 1596.018; 170; 513.2; 
567; 0; 1597.8333; 170; 513.4; 
567; 0; 1599.6579; 170; 513.6; 
567; 0; 1601.4579; 170; 513.8; 
567; 0; 1603.2158; 170; 514; 
567; 0; 1604.927; 170; 514.2; 
567; 0; 1606.5455; 170; 514.4; 
567; 0; 1608.0514; 170; 514.6; 
567; 0; 1609.4321; 170; 514.8; 
567; 0; 1610.6505; 170; 515; 
567; 0; 1611.6939; 170; 515.2; 
567; 0; 1612.5627; 170; 515.4; 
567; 0; 1613.2254; 170; 515.6; 
567; 0; 1613.6415; 170; 515.8; 
567; 0; 1613.7581; 170; 516; 
567; 0; 1613.4837; 170; 516.2; 
567; 0; 1612.7529; 170; 516.4; 
567; 0; 1611.5111; 170; 516.6; 
567; 0; 1609.722; 170; 516.8; 
567; 0; 1607.3966; 170; 517; 
567; 0; 1604.5727; 170; 517.2; 
567; 0; 1601.2579; 170; 517.4; 
567; 0; 1597.4929; 170; 517.6; 
567; 0; 1593.3635; 170; 517.8; 
567; 0; 1588.9432; 170; 518; 
567; 0; 1584.3332; 170; 518.2; 
567; 0; 1579.5972; 170; 518.4; 
567; 0; 1574.7885; 170; 518.6; 
567; 0; 1569.9377; 170; 518.8; 
567; 0; 1565.0744; 170; 519; 
567; 0; 1560.252; 170; 519.2; 
567; 0; 1555.4558; 170; 519.4; 
567; 0; 1550.6822; 170; 519.6; 
567; 0; 1545.9638; 170; 519.8; 
567; 0; 1541.3183; 170; 520; 
567; 0; 1536.752; 170; 520.2; 
567; 0; 1532.3086; 170; 520.4; 
567; 0; 1527.9992; 170; 520.6; 
567; 0; 1523.8284; 170; 520.8; 
567; 0; 1519.7843; 170; 521; 
567; 0; 1515.8582; 170; 521.2; 
567; 0; 1512.0759; 170; 521.4; 
567; 0; 1508.4872; 170; 521.6; 
567; 0; 1505.1019; 170; 521.8; 
567; 0; 1501.8774; 170; 522; 
567; 0; 1498.8226; 170; 522.2; 
567; 0; 1495.9278; 170; 522.4; 
567; 0; 1493.1429; 170; 522.6; 
567; 0; 1490.4761; 170; 522.8; 
567; 0; 1487.9167; 170; 523; 
567; 0; 1485.4591; 170; 523.2; 
567; 0; 1483.1295; 170; 523.4; 
567; 0; 1480.8893; 170; 523.6; 
567; 0; 1478.7328; 170; 523.8; 
567; 0; 1476.7919; 170; 524; 
567; 0; 1475.0939; 170; 524.2; 
567; 0; 1473.6393; 170; 524.4; 
567; 0; 1472.4131; 170; 524.6; 
567; 0; 1471.3966; 170; 524.8; 
567; 0; 1470.5665; 170; 525; 
567; 0; 1469.8974; 170; 525.2; 
567; 0; 1469.3174; 170; 525.4; 
567; 0; 1468.7881; 170; 525.6; 
567; 0; 1468.3233; 170; 525.8; 
567; 0; 1467.9245; 170; 526; 
567; 0; 1467.6692; 170; 526.2; 
567; 0; 1467.4253; 170; 526.4; 
567; 0; 1467.1693; 170; 526.6; 
567; 0; 1466.8799; 170; 526.8; 
567; 0; 1466.5523; 170; 527; 
567; 0; 1466.1784; 170; 527.2; 
567; 0; 1465.719; 170; 527.4; 
567; 0; 1465.2018; 170; 527.6; 
567; 0; 1464.6404; 170; 527.8; 
567; 0; 1464.0069; 170; 528; 
567; 0; 1463.3344; 170; 528.2; 
567; 0; 1462.6378; 170; 528.4; 
567; 0; 1461.9336; 170; 528.6; 
567; 0; 1461.2652; 170; 528.8; 
567; 0; 1460.6546; 170; 529; 
567; 0; 1460.1574; 170; 529.2; 
567; 0; 1459.7949; 170; 529.4; 
567; 0; 1459.5804; 170; 529.6; 
567; 0; 1459.5046; 170; 529.8; 
567; 0; 1459.5607; 170; 530; 
567; 0; 1459.7304; 170; 530.2; 
567; 0; 1460.0018; 170; 530.4; 
567; 0; 1460.3988; 170; 530.6; 
567; 0; 1460.9284; 170; 530.8; 
567; 0; 1461.5827; 170; 531; 
567; 0; 1462.341; 170; 531.2; 
567; 0; 1463.1815; 170; 531.4; 
567; 0; 1464.0865; 170; 531.6; 
567; 0; 1465.0762; 170; 531.8; 
567; 0; 1466.1536; 170; 532; 
567; 0; 1467.3205; 170; 532.2; 
567; 0; 1468.8473; 170; 532.4; 
567; 0; 1470.6913; 170; 532.6; 
567; 0; 1472.6288; 170; 532.8; 
567; 0; 1474.7261; 170; 533; 
567; 0; 1477.0077; 170; 533.2; 
567; 0; 1479.4379; 170; 533.4; 
567; 0; 1481.9772; 170; 533.6; 
567; 0; 1484.3803; 170; 533.8; 
567; 0; 1486.8941; 170; 534; 
567; 0; 1489.519; 170; 534.2; 
567; 0; 1492.2547; 170; 534.4; 
567; 0; 1495.0854; 170; 534.6; 
567; 0; 1498.0041; 170; 534.8; 
567; 0; 1500.9947; 170; 535; 
567; 0; 1504.051; 170; 535.2; 
567; 0; 1507.1574; 170; 535.4; 
567; 0; 1510.266; 170; 535.6; 
567; 0; 1513.3487; 170; 535.8; 
567; 0; 1516.3903; 170; 536; 
567; 0; 1519.3832; 170; 536.2; 
567; 0; 1522.2829; 170; 536.4; 
567; 0; 1525.0322; 170; 536.6; 
567; 0; 1527.6503; 170; 536.8; 
567; 0; 1530.1496; 170; 537; 
567; 0; 1532.5071; 170; 537.2; 
567; 0; 1534.6759; 170; 537.4; 
567; 0; 1536.6462; 170; 537.6; 
567; 0; 1538.4174; 170; 537.8; 
567; 0; 1540.0077; 170; 538; 
567; 0; 1541.43; 170; 538.2; 
567; 0; 1542.6651; 170; 538.4; 
567; 0; 1543.7554; 170; 538.6; 
567; 0; 1544.726; 170; 538.8; 
567; 0; 1545.5213; 170; 539; 
567; 0; 1546.1272; 170; 539.2; 
567; 0; 1546.5407; 170; 539.4; 
567; 0; 1546.7373; 170; 539.6; 
567; 0; 1546.7139; 170; 539.8; 
567; 0; 1546.4818; 170; 540; 
567; 0; 1546.0142; 170; 540.2; 
567; 0; 1545.3173; 170; 540.4; 
567; 0; 1544.4439; 170; 540.6; 
567; 0; 1543.4355; 170; 540.8; 
567; 0; 1542.2805; 170; 541; 
567; 0; 1540.9898; 170; 541.2; 
567; 0; 1539.571; 170; 541.4; 
567; 0; 1538.0009; 170; 541.6; 
567; 0; 1536.2758; 170; 541.8; 
567; 0; 1534.4036; 170; 542; 
567; 0; 1532.398; 170; 542.2; 
567; 0; 1530.2735; 170; 542.4; 
567; 0; 1528.0438; 170; 542.6; 
567; 0; 1525.7236; 170; 542.8; 
567; 0; 1523.3704; 170; 543; 
567; 0; 1521.0127; 170; 543.2; 
567; 0; 1518.6754; 170; 543.4; 
567; 0; 1516.4084; 170; 543.6; 
567; 0; 1514.1938; 170; 543.8; 
567; 0; 1512.0253; 170; 544; 
567; 0; 1509.8902; 170; 544.2; 
567; 0; 1507.7865; 170; 544.4; 
567; 0; 1505.7467; 170; 544.6; 
567; 0; 1503.7428; 170; 544.8; 
567; 0; 1501.7627; 170; 545; 
567; 0; 1499.8357; 170; 545.2; 
567; 0; 1497.9752; 170; 545.4; 
567; 0; 1496.1859; 170; 545.6; 
567; 0; 1494.4661; 170; 545.8; 
567; 0; 1492.8097; 170; 546; 
567; 0; 1491.2532; 170; 546.2; 
567; 0; 1489.8058; 170; 546.4; 
567; 0; 1488.4304; 170; 546.6; 
567; 0; 1487.1017; 170; 546.8; 
567; 0; 1485.8451; 170; 547; 
567; 0; 1484.664; 170; 547.2; 
567; 0; 1483.5634; 170; 547.4; 
567; 0; 1482.5767; 170; 547.6; 
567; 0; 1481.701; 170; 547.8; 
567; 0; 1480.8931; 170; 548; 
567; 0; 1480.2161; 170; 548.2; 
567; 0; 1479.6561; 170; 548.4; 
567; 0; 1479.1978; 170; 548.6; 
567; 0; 1478.8292; 170; 548.8; 
567; 0; 1478.5386; 170; 549; 
567; 0; 1478.3146; 170; 549.2; 
567; 0; 1478.1456; 170; 549.4; 
567; 0; 1478.0229; 170; 549.6; 
567; 0; 1477.937; 170; 549.8; 
567; 0; 1477.8779; 170; 550; 
567; 0; 1477.886; 170; 550.2; 
567; 0; 1477.9736; 170; 550.4; 
567; 0; 1478.1514; 170; 550.6; 
567; 0; 1478.4115; 170; 550.8; 
567; 0; 1478.7054; 170; 551; 
567; 0; 1479.0016; 170; 551.2; 
567; 0; 1479.2826; 170; 551.4; 
567; 0; 1479.539; 170; 551.6; 
567; 0; 1479.7671; 170; 551.8; 
567; 0; 1479.9669; 170; 552; 
567; 0; 1480.0924; 170; 552.2; 
567; 0; 1480.1303; 170; 552.4; 
567; 0; 1480.0777; 170; 552.6; 
567; 0; 1479.9355; 170; 552.8; 
567; 0; 1479.7452; 170; 553; 
567; 0; 1479.5412; 170; 553.2; 
567; 0; 1479.346; 170; 553.4; 
567; 0; 1479.1258; 170; 553.6; 
567; 0; 1478.871; 170; 553.8; 
567; 0; 1478.614; 170; 554; 
567; 0; 1478.3778; 170; 554.2; 
567; 0; 1478.1456; 170; 554.4; 
567; 0; 1477.9082; 170; 554.6; 
567; 0; 1477.7064; 170; 554.8; 
567; 0; 1477.6568; 170; 555; 
567; 0; 1477.9443; 170; 555.2; 
567; 0; 1478.7817; 170; 555.4; 
567; 0; 1480.3333; 170; 555.6; 
567; 0; 1482.6648; 170; 555.8; 
567; 0; 1485.6972; 170; 556; 
567; 0; 1489.5207; 170; 556.2; 
567; 0; 1494.0579; 170; 556.4; 
567; 0; 1499.135; 170; 556.6; 
567; 0; 1504.5896; 170; 556.8; 
567; 0; 1510.254; 170; 557; 
567; 0; 1515.9447; 170; 557.2; 
567; 0; 1521.509; 170; 557.4; 
567; 0; 1526.7857; 170; 557.6; 
567; 0; 1531.6619; 170; 557.8; 
567; 0; 1536.0956; 170; 558; 
567; 0; 1540.0442; 170; 558.2; 
567; 0; 1543.4762; 170; 558.4; 
567; 0; 1546.4053; 170; 558.6; 
567; 0; 1548.9126; 170; 558.8; 
567; 0; 1551.0625; 170; 559; 
567; 0; 1552.9187; 170; 559.2; 
567; 0; 1554.5712; 170; 559.4; 
567; 0; 1556.0862; 170; 559.6; 
567; 0; 1557.5535; 170; 559.8; 
567; 0; 1559.0623; 170; 560; 
567; 0; 1560.6182; 170; 560.2; 
567; 0; 1562.2304; 170; 560.4; 
567; 0; 1563.8929; 170; 560.6; 
567; 0; 1565.5667; 170; 560.8; 
567; 0; 1567.2298; 170; 561; 
567; 0; 1568.8279; 170; 561.2; 
567; 0; 1570.3337; 170; 561.4; 
567; 0; 1571.774; 170; 561.6; 
567; 0; 1573.1673; 170; 561.8; 
567; 0; 1574.481; 170; 562; 
567; 0; 1575.7052; 170; 562.2; 
567; 0; 1576.8723; 170; 562.4; 
567; 0; 1577.964; 170; 562.6; 
567; 0; 1578.9385; 170; 562.8; 
567; 0; 1579.7354; 170; 563; 
567; 0; 1580.2977; 170; 563.2; 
567; 0; 1580.5639; 170; 563.4; 
567; 0; 1580.4364; 170; 563.6; 
567; 0; 1579.8445; 170; 563.8; 
567; 0; 1578.7748; 170; 564; 
567; 0; 1577.2476; 170; 564.2; 
567; 0; 1575.3017; 170; 564.4; 
567; 0; 1573.0275; 170; 564.6; 
567; 0; 1570.4891; 170; 564.8; 
567; 0; 1567.7447; 170; 565; 
567; 0; 1564.922; 170; 565.2; 
567; 0; 1562.0942; 170; 565.4; 
567; 0; 1559.3134; 170; 565.6; 
567; 0; 1556.5981; 170; 565.8; 
567; 0; 1553.9623; 170; 566; 
567; 0; 1551.4464; 170; 566.2; 
567; 0; 1549.0698; 170; 566.4; 
567; 0; 1546.8366; 170; 566.6; 
567; 0; 1544.7406; 170; 566.8; 
567; 0; 1542.7673; 170; 567; 
567; 0; 1540.9429; 170; 567.2; 
567; 0; 1539.2664; 170; 567.4; 
567; 0; 1537.7368; 170; 567.6; 
567; 0; 1536.3376; 170; 567.8; 
567; 0; 1535.0184; 170; 568; 
567; 0; 1533.7446; 170; 568.2; 
567; 0; 1532.492; 170; 568.4; 
567; 0; 1531.2452; 170; 568.6; 
567; 0; 1530.0373; 170; 568.8; 
567; 0; 1528.8795; 170; 569; 
567; 0; 1527.7388; 170; 569.2; 
567; 0; 1526.5948; 170; 569.4; 
567; 0; 1525.4349; 170; 569.6; 
567; 0; 1524.2976; 170; 569.8; 
567; 0; 1523.1964; 170; 570; 
567; 0; 1522.1013; 170; 570.2; 
567; 0; 1521.036; 170; 570.4; 
567; 0; 1520.0049; 170; 570.6; 
567; 0; 1518.9742; 170; 570.8; 
567; 0; 1517.9676; 170; 571; 
567; 0; 1516.9901; 170; 571.2; 
567; 0; 1516.0063; 170; 571.4; 
567; 0; 1514.9961; 170; 571.6; 
567; 0; 1513.9506; 170; 571.8; 
567; 0; 1512.8665; 170; 572; 
567; 0; 1511.7442; 170; 572.2; 
567; 0; 1510.541; 170; 572.4; 
567; 0; 1509.2453; 170; 572.6; 
567; 0; 1507.8479; 170; 572.8; 
567; 0; 1506.3567; 170; 573; 
567; 0; 1504.7756; 170; 573.2; 
567; 0; 1503.1192; 170; 573.4; 
567; 0; 1501.3949; 170; 573.6; 
567; 0; 1499.5754; 170; 573.8; 
567; 0; 1497.6921; 170; 574; 
567; 0; 1495.7593; 170; 574.2; 
567; 0; 1493.7954; 170; 574.4; 
567; 0; 1491.8071; 170; 574.6; 
567; 0; 1489.8076; 170; 574.8; 
567; 0; 1487.7986; 170; 575; 
567; 0; 1485.7895; 170; 575.2; 
567; 0; 1483.7778; 170; 575.4; 
567; 0; 1481.7588; 170; 575.6; 
567; 0; 1479.5931; 170; 575.8; 
567; 0; 1477.4935; 170; 576; 
567; 0; 1475.3973; 170; 576.2; 
567; 0; 1473.2709; 170; 576.4; 
567; 0; 1471.1438; 170; 576.6; 
567; 0; 1469.0354; 170; 576.8; 
567; 0; 1466.9566; 170; 577; 
567; 0; 1465.3678; 170; 577.2; 
567; 0; 1463.8287; 170; 577.4; 
567; 0; 1462.3011; 170; 577.6; 
567; 0; 1460.8281; 170; 577.8; 
567; 0; 1459.4383; 170; 578; 
567; 0; 1458.1797; 170; 578.2; 
567; 0; 1457.0715; 170; 578.4; 
567; 0; 1456.118; 170; 578.6; 
567; 0; 1455.3139; 170; 578.8; 
567; 0; 1454.6895; 170; 579; 
567; 0; 1454.2456; 170; 579.2; 
567; 0; 1453.9373; 170; 579.4; 
567; 0; 1453.729; 170; 579.6; 
567; 0; 1453.6387; 170; 579.8; 
567; 0; 1453.6616; 170; 580; 
567; 0; 1453.752; 170; 580.2; 
567; 0; 1453.8784; 170; 580.4; 
567; 0; 1454.0194; 170; 580.6; 
567; 0; 1454.1633; 170; 580.8; 
567; 0; 1454.3458; 170; 581; 
567; 0; 1454.5779; 170; 581.2; 
567; 0; 1454.8694; 170; 581.4; 
567; 0; 1455.2162; 170; 581.6; 
567; 0; 1455.6212; 170; 581.8; 
567; 0; 1456.1165; 170; 582; 
567; 0; 1456.7155; 170; 582.2; 
567; 0; 1457.4221; 170; 582.4; 
567; 0; 1458.2328; 170; 582.6; 
567; 0; 1459.1389; 170; 582.8; 
567; 0; 1460.1231; 170; 583; 
567; 0; 1461.1984; 170; 583.2; 
567; 0; 1462.3594; 170; 583.4; 
567; 0; 1463.5682; 170; 583.6; 
567; 0; 1464.7983; 170; 583.8; 
567; 0; 1466.0325; 170; 584; 
567; 0; 1467.6068; 170; 584.2; 
567; 0; 1469.3539; 170; 584.4; 
567; 0; 1471.1141; 170; 584.6; 
567; 0; 1472.912; 170; 584.8; 
567; 0; 1474.7507; 170; 585; 
567; 0; 1476.5902; 170; 585.2; 
567; 0; 1478.4073; 170; 585.4; 
567; 0; 1480.1921; 170; 585.6; 
567; 0; 1481.9335; 170; 585.8; 
567; 0; 1483.4872; 170; 586; 
567; 0; 1485.0053; 170; 586.2; 
567; 0; 1486.491; 170; 586.4; 
567; 0; 1487.9502; 170; 586.6; 
567; 0; 1489.386; 170; 586.8; 
567; 0; 1490.8018; 170; 587; 
567; 0; 1492.1974; 170; 587.2; 
567; 0; 1493.5756; 170; 587.4; 
567; 0; 1494.9393; 170; 587.6; 
567; 0; 1496.2927; 170; 587.8; 
567; 0; 1497.6364; 170; 588; 
567; 0; 1498.9291; 170; 588.2; 
567; 0; 1500.1134; 170; 588.4; 
567; 0; 1501.1624; 170; 588.6; 
567; 0; 1502.07; 170; 588.8; 
567; 0; 1502.8401; 170; 589; 
567; 0; 1503.4825; 170; 589.2; 
567; 0; 1504.01; 170; 589.4; 
567; 0; 1504.3952; 170; 589.6; 
567; 0; 1504.6378; 170; 589.8; 
567; 0; 1504.7816; 170; 590; 
567; 0; 1504.8584; 170; 590.2; 
567; 0; 1504.8885; 170; 590.4; 
567; 0; 1504.8872; 170; 590.6; 
567; 0; 1504.8664; 170; 590.8; 
567; 0; 1504.8332; 170; 591; 
567; 0; 1504.7926; 170; 591.2; 
567; 0; 1504.7469; 170; 591.4; 
567; 0; 1504.6566; 170; 591.6; 
567; 0; 1504.5084; 170; 591.8; 
567; 0; 1504.2908; 170; 592; 
567; 0; 1504.0078; 170; 592.2; 
567; 0; 1503.6599; 170; 592.4; 
567; 0; 1503.2151; 170; 592.6; 
567; 0; 1502.7035; 170; 592.8; 
567; 0; 1502.1389; 170; 593; 
567; 0; 1501.4955; 170; 593.2; 
567; 0; 1500.8067; 170; 593.4; 
567; 0; 1500.0881; 170; 593.6; 
567; 0; 1499.3588; 170; 593.8; 
567; 0; 1498.6668; 170; 594; 
567; 0; 1498.0376; 170; 594.2; 
567; 0; 1497.4818; 170; 594.4; 
567; 0; 1497.0006; 170; 594.6; 
567; 0; 1496.5907; 170; 594.8; 
567; 0; 1496.2888; 170; 595; 
567; 0; 1496.1033; 170; 595.2; 
567; 0; 1495.9962; 170; 595.4; 
567; 0; 1495.9842; 170; 595.6; 
567; 0; 1496.064; 170; 595.8; 
567; 0; 1496.1945; 170; 596; 
567; 0; 1496.3481; 170; 596.2; 
567; 0; 1496.5494; 170; 596.4; 
567; 0; 1496.8008; 170; 596.6; 
567; 0; 1497.1073; 170; 596.8; 
567; 0; 1497.4627; 170; 597; 
567; 0; 1497.8687; 170; 597.2; 
567; 0; 1498.3592; 170; 597.4; 
567; 0; 1498.9068; 170; 597.6; 
567; 0; 1499.4988; 170; 597.8; 
567; 0; 1500.1173; 170; 598; 
567; 0; 1500.7617; 0; 598.2; 
567; 0; 0; 0; 598.4; 
567; 0; 0; 0; 598.6; 
567; 0; 0; 0; 598.8; 
567; 0; 0; 0; 599; 
567; 0; 0; 0; 599.2; 
567; 0; 0; 0; 599.4; 
567; 0; 0; 0; 599.6; 
567; 0; 0; 0; 599.8; 
567; 0; 0; 0; 600; 
567; 0; 0; 0; 600.2; 
567; 0; 0; 0; 600.4; 
567; 0; 0; 0; 600.6; 
567; 0; 0; 0; 600.8; 
567; 0; 0; 0; 601; 
567; 0; 0; 0; 601.2; 
567; 0; 0; 0; 601.4; 
567; 0; 0; 0; 601.6; 
567; 0; 0; 0; 601.8; 
567; 0; 0; 0; 602; 
567; 0; 0; 0; 602.2; 
567; 0; 0; 0; 602.4; 
567; 0; 0; 0; 602.6; 
567; 0; 0; 0; 602.8; 
567; 0; 0; 0; 603; 
567; 0; 0; 0; 603.2; 
567; 0; 0; 0; 603.4; 
567; 0; 0; 0; 603.6; 
567; 0; 0; 0; 603.8; 
567; 0; 0; 0; 604; 
567; 0; 0; 0; 604.2; 
567; 0; 0; 0; 604.4; 
567; 0; 0; 0; 604.6; 
567; 0; 0; 0; 604.8; 
567; 0; 0; 0; 605; 
567; 0; 0; 0; 605.2; 
567; 0; 0; 0; 605.4; 
567; 0; 0; 0; 605.6; 
567; 0; 0; 0; 605.8; 
567; 0; 0; 0; 606; 
567; 0; 0; 0; 606.2; 
567; 0; 0; 0; 606.4; 
567; 0; 0; 0; 606.6; 
567; 0; 0; 0; 606.8; 
567; 0; 0; 0; 607; 
567; 0; 0; 0; 607.2; 
567; 0; 0; 0; 607.4; 
567; 0; 0; 0; 607.6; 
567; 0; 0; 0; 607.8; 
567; 0; 0; 0; 608; 
567; 0; 0; 0; 608.2; 
567; 0; 0; 0; 608.4; 
567; 0; 0; 0; 608.6; 
567; 0; 0; 0; 608.8; 
567; 0; 0; 0; 609; 
567; 0; 0; 0; 609.2; 
567; 0; 0; 0; 609.4; 
567; 0; 0; 0; 609.6; 
567; 0; 0; 0; 609.8; 
567; 0; 0; 0; 610; 
567; 0; 0; 0; 610.2; 
567; 0; 0; 0; 610.4; 
567; 0; 0; 0; 610.6; 
567; 0; 0; 0; 610.8; 
567; 0; 0; 0; 611; 
567; 0; 0; 0; 611.2; 
567; 0; 0; 0; 611.4; 
567; 0; 0; 0; 611.6; 
567; 0; 0; 0; 611.8; 
567; 0; 0; 0; 612; 
567; 0; 0; 0; 612.2; 
567; 0; 0; 0; 612.4; 
567; 0; 0; 0; 612.6; 
567; 0; 0; 0; 612.8; 
567; 0; 0; 0; 613; 
567; 0; 0; 0; 613.2; 
567; 0; 0; 0; 613.4; 
567; 0; 0; 0; 613.6; 
567; 0; 0; 0; 613.8; 
567; 0; 0; 0; 614; 
567; 0; 0; 0; 614.2; 
567; 0; 0; 0; 614.4; 
567; 0; 0; 0; 614.6; 
567; 0; 0; 0; 614.8; 
567; 0; 0; 0; 615; 
567; 0; 0; 0; 615.2; 
567; 0; 0; 0; 615.4; 
567; 0; 0; 0; 615.6; 
567; 0; 0; 0; 615.8; 
567; 0; 0; 0; 616; 
567; 0; 0; 0; 616.2; 
567; 0; 0; 0; 616.4; 
567; 0; 0; 0; 616.6; 
567; 0; 0; 0; 616.8; 
567; 0; 0; 0; 617; 
567; 0; 0; 0; 617.2; 
567; 0; 0; 0; 617.4; 
567; 0; 0; 0; 617.6; 
567; 0; 0; 0; 617.8; 
567; 0; 0; 0; 618; 
567; 0; 0; 0; 618.2; 
567; 0; 0; 0; 618.4; 
567; 0; 0; 0; 618.6; 
567; 0; 0; 0; 618.8; 
567; 0; 0; 0; 619; 
567; 0; 0; 0; 619.2; 
567; 0; 0; 0; 619.4; 
567; 0; 0; 0; 619.6; 
567; 0; 0; 0; 619.8; 
567; 0; 0; 0; 620; 
567; 0; 0; 0; 620.2; 
567; 0; 0; 0; 620.4; 
567; 0; 0; 0; 620.6; 
567; 0; 0; 0; 620.8; 
567; 0; 0; 0; 621; 
567; 0; 0; 0; 621.2; 
567; 0; 0; 0; 621.4; 
567; 0; 0; 0; 621.6; 
567; 0; 0; 0; 621.8; 
567; 0; 0; 0; 622; 
567; 0; 0; 0; 622.2; 
567; 0; 0; 0; 622.4; 
567; 0; 0; 0; 622.6; 
567; 0; 0; 0; 622.8; 
567; 0; 0; 0; 623; 
567; 0; 0; 0; 623.2; 
567; 0; 0; 0; 623.4; 
567; 0; 0; 0; 623.6; 
567; 0; 0; 0; 623.8; 
567; 0; 0; 0; 624; 
567; 0; 0; 0; 624.2; 
567; 0; 0; 0; 624.4; 
567; 0; 0; 0; 624.6; 
567; 0; 0; 0; 624.8; 
567; 0; 0; 0; 625; 
567; 0; 0; 0; 625.2; 
567; 0; 0; 0; 625.4; 
567; 0; 0; 0; 625.6; 
567; 0; 0; 0; 625.8; 
567; 0; 0; 0; 626; 
567; 0; 0; 0; 626.2; 
567; 0; 0; 0; 626.4; 
567; 0; 0; 0; 626.6; 
567; 0; 0; 0; 626.8; 
567; 0; 0; 0; 627; 
567; 0; 0; 0; 627.2; 
567; 0; 0; 0; 627.4; 
567; 0; 0; 0; 627.6; 
567; 0; 0; 0; 627.8; 
567; 0; 0; 0; 628; 
567; 0; 0; 0; 628.2; 
567; 0; 0; 0; 628.4; 
567; 0; 0; 0; 628.6; 
567; 0; 0; 0; 628.8; 
567; 0; 0; 0; 629; 
567; 0; 0; 0; 629.2; 
567; 0; 0; 0; 629.4; 
567; 0; 0; 0; 629.6; 
567; 0; 0; 0; 629.8; 
567; 0; 0; 0; 630; 
567; 0; 0; 0; 630.2; 
567; 0; 0; 0; 630.4; 
567; 0; 0; 0; 630.6; 
567; 0; 0; 0; 630.8; 
567; 0; 0; 0; 631; 
567; 0; 0; 0; 631.2; 
567; 0; 0; 0; 631.4; 
567; 0; 0; 0; 631.6; 
567; 0; 0; 0; 631.8; 
567; 0; 0; 0; 632; 
567; 0; 0; 0; 632.2; 
567; 0; 0; 0; 632.4; 
567; 0; 0; 0; 632.6; 
567; 0; 0; 0; 632.8; 
567; 0; 0; 0; 633; 
567; 0; 0; 0; 633.2; 
567; 0; 0; 0; 633.4; 
567; 0; 0; 0; 633.6; 
567; 0; 0; 0; 633.8; 
567; 0; 0; 0; 634; 
567; 0; 0; 0; 634.2; 
567; 0; 0; 0; 634.4; 
567; 0; 0; 0; 634.6; 
567; 0; 0; 0; 634.8; 
567; 0; 0; 0; 635; 
567; 0; 0; 0; 635.2; 
567; 0; 0; 0; 635.4; 
567; 0; 0; 0; 635.6; 
567; 0; 0; 0; 635.8; 
567; 0; 0; 0; 636; 
567; 0; 0; 0; 636.2; 
567; 0; 0; 0; 636.4; 
567; 0; 0; 0; 636.6; 
567; 0; 0; 0; 636.8; 
567; 0; 0; 0; 637; 
567; 0; 0; 0; 637.2; 
567; 0; 0; 0; 637.4; 
567; 0; 0; 0; 637.6; 
567; 0; 0; 0; 637.8; 
567; 0; 0; 0; 638; 
567; 0; 0; 0; 638.2; 
567; 0; 0; 0; 638.4; 
567; 0; 0; 0; 638.6; 
567; 0; 0; 0; 638.8; 
567; 0; 0; 0; 639; 
567; 0; 0; 0; 639.2; 
567; 0; 0; 0; 639.4; 
567; 0; 0; 0; 639.6; 
567; 0; 0; 0; 639.8; 
567; 0; 0; 0; 640; 
567; 0; 0; 0; 640.2; 
567; 0; 0; 0; 640.4; 
567; 0; 0; 0; 640.6; 
567; 0; 0; 0; 640.8; 
567; 0; 0; 0; 641; 
567; 0; 0; 0; 641.2; 
567; 0; 0; 0; 641.4; 
567; 0; 0; 0; 641.6; 
567; 0; 0; 0; 641.8; 
567; 0; 0; 0; 642; 
567; 0; 0; 0; 642.2; 
567; 0; 0; 0; 642.4; 
567; 0; 0; 0; 642.6; 
567; 0; 0; 0; 642.8; 
567; 0; 0; 0; 643; 
567; 0; 0; 0; 643.2; 
567; 0; 0; 0; 643.4; 
567; 0; 0; 0; 643.6; 
567; 0; 0; 0; 643.8; 
567; 0; 0; 0; 644; 
567; 0; 0; 0; 644.2; 
567; 0; 0; 0; 644.4; 
567; 0; 0; 0; 644.6; 
567; 0; 0; 0; 644.8; 
567; 0; 0; 0; 645; 
567; 0; 0; 0; 645.2; 
567; 0; 0; 0; 645.4; 
567; 0; 0; 0; 645.6; 
567; 0; 0; 0; 645.8; 
567; 0; 0; 0; 646; 
567; 0; 0; 0; 646.2; 
567; 0; 0; 0; 646.4; 
567; 0; 0; 0; 646.6; 
567; 0; 0; 0; 646.8; 
567; 0; 0; 0; 647; 
567; 0; 0; 0; 647.2; 
567; 0; 0; 0; 647.4; 
567; 0; 0; 0; 647.6; 
567; 0; 0; 0; 647.8; 
567; 0; 0; 0; 648; 
567; 0; 0; 0; 648.2; 
567; 0; 0; 0; 648.4; 
567; 0; 0; 0; 648.6; 
567; 0; 0; 0; 648.8; 
567; 0; 0; 0; 649; 
567; 0; 0; 0; 649.2; 
567; 0; 0; 0; 649.4; 
567; 0; 0; 0; 649.6; 
567; 0; 0; 0; 649.8; 
567; 0; 0; 0; 650; 
567; 0; 0; 0; 650.2; 
567; 0; 0; 0; 650.4; 
567; 0; 0; 0; 650.6; 
567; 0; 0; 0; 650.8; 
567; 0; 0; 0; 651; 
567; 0; 0; 0; 651.2; 
567; 0; 0; 0; 651.4; 
567; 0; 0; 0; 651.6; 
567; 0; 0; 0; 651.8; 
567; 0; 0; 0; 652; 
567; 0; 0; 0; 652.2; 
567; 0; 0; 0; 652.4; 
567; 0; 0; 0; 652.6; 
567; 0; 0; 0; 652.8; 
567; 0; 0; 0; 653; 
567; 0; 0; 0; 653.2; 
567; 0; 0; 0; 653.4; 
567; 0; 0; 0; 653.6; 
567; 0; 0; 0; 653.8; 
567; 0; 0; 0; 654; 
567; 0; 0; 0; 654.2; 
567; 0; 0; 0; 654.4; 
567; 0; 0; 0; 654.6; 
567; 0; 0; 0; 654.8; 
567; 0; 0; 0; 655; 
567; 0; 0; 0; 655.2; 
567; 0; 0; 0; 655.4; 
567; 0; 0; 0; 655.6; 
567; 0; 0; 0; 655.8; 
567; 0; 0; 0; 656; 
567; 0; 0; 0; 656.2; 
567; 0; 0; 0; 656.4; 
567; 0; 0; 0; 656.6; 
567; 0; 0; 0; 656.8; 
567; 0; 0; 0; 657; 
567; 0; 0; 0; 657.2; 
567; 0; 0; 0; 657.4; 
567; 0; 0; 0; 657.6; 
567; 0; 0; 0; 657.8; 
567; 0; 0; 0; 658; 
567; 0; 0; 0; 658.2; 
567; 0; 0; 0; 658.4; 
567; 0; 0; 0; 658.6; 
567; 0; 0; 0; 658.8; 
567; 0; 0; 0; 659; 
567; 0; 0; 0; 659.2; 
567; 0; 0; 0; 659.4; 
567; 0; 0; 0; 659.6; 
567; 0; 0; 0; 659.8; 
567; 0; 0; 0; 660; 
567; 0; 0; 0; 660.2; 
567; 0; 0; 0; 660.4; 
567; 0; 0; 0; 660.6; 
567; 0; 0; 0; 660.8; 
567; 0; 0; 0; 661; 
567; 0; 0; 0; 661.2; 
567; 0; 0; 0; 661.4; 
567; 0; 0; 0; 661.6; 
567; 0; 0; 0; 661.8; 
567; 0; 0; 0; 662; 
567; 0; 0; 0; 662.2; 
567; 0; 0; 0; 662.4; 
567; 0; 0; 0; 662.6; 
567; 0; 0; 0; 662.8; 
567; 0; 0; 0; 663; 
567; 0; 0; 0; 663.2; 
567; 0; 0; 0; 663.4; 
567; 0; 0; 0; 663.6; 
567; 0; 0; 0; 663.8; 
567; 0; 0; 0; 664; 
567; 0; 0; 0; 664.2; 
567; 0; 0; 0; 664.4; 
567; 0; 0; 0; 664.6; 
567; 0; 0; 0; 664.8; 
567; 0; 0; 0; 665; 
567; 0; 0; 0; 665.2; 
567; 0; 0; 0; 665.4; 
567; 0; 0; 0; 665.6; 
567; 0; 0; 0; 665.8; 
567; 0; 0; 0; 666; 
567; 0; 0; 0; 666.2; 
567; 0; 0; 0; 666.4; 
567; 0; 0; 0; 666.6; 
567; 0; 0; 0; 666.8; 
567; 0; 0; 0; 667; 
567; 0; 0; 0; 667.2; 
567; 0; 0; 0; 667.4; 
567; 0; 0; 0; 667.6; 
567; 0; 0; 0; 667.8; 
567; 0; 0; 0; 668; 
567; 0; 0; 0; 668.2; 
567; 0; 0; 0; 668.4; 
567; 0; 0; 0; 668.6; 
567; 0; 0; 0; 668.8; 
567; 0; 0; 0; 669; 
567; 0; 0; 0; 669.2; 
567; 0; 0; 0; 669.4; 
567; 0; 0; 0; 669.6; 
567; 0; 0; 0; 669.8; 
567; 0; 0; 0; 670; 
567; 0; 0; 0; 670.2; 
567; 0; 0; 0; 670.4; 
567; 0; 0; 0; 670.6; 
567; 0; 0; 0; 670.8; 
567; 0; 0; 0; 671; 
567; 0; 0; 0; 671.2; 
567; 0; 0; 0; 671.4; 
567; 0; 0; 0; 671.6; 
567; 0; 0; 0; 671.8; 
567; 0; 0; 0; 672; 
567; 0; 0; 0; 672.2; 
567; 0; 0; 0; 672.4; 
567; 0; 0; 0; 672.6; 
567; 0; 0; 0; 672.8; 
567; 0; 0; 0; 673; 
567; 0; 0; 0; 673.2; 
567; 0; 0; 0; 673.4; 
567; 0; 0; 0; 673.6; 
567; 0; 0; 0; 673.8; 
567; 0; 0; 0; 674; 
567; 0; 0; 0; 674.2; 
567; 0; 0; 0; 674.4; 
567; 0; 0; 0; 674.6; 
567; 0; 0; 0; 674.8; 
567; 0; 0; 0; 675; 
567; 0; 0; 0; 675.2; 
567; 0; 0; 0; 675.4; 
567; 0; 0; 0; 675.6; 
567; 0; 0; 0; 675.8; 
567; 0; 0; 0; 676; 
567; 0; 0; 0; 676.2; 
567; 0; 0; 0; 676.4; 
567; 0; 0; 0; 676.6; 
567; 0; 0; 0; 676.8; 
567; 0; 0; 0; 677; 
567; 0; 0; 0; 677.2; 
567; 0; 0; 0; 677.4; 
567; 0; 0; 0; 677.6; 
567; 0; 0; 0; 677.8; 
567; 0; 0; 0; 678; 
567; 0; 0; 0; 678.2; 
567; 0; 0; 0; 678.4; 
567; 0; 0; 0; 678.6; 
567; 0; 0; 0; 678.8; 
