567; 0; 0; 170; 0; 
567; 0; 0; 170; 0.2; 
567; 0; 0; 170; 0.4; 
567; 0; 0; 170; 0.6; 
567; 0; 0; 170; 0.8; 
567; 0; 0; 170; 1; 
567; 0; 0; 170; 1.2; 
567; 0; 0; 170; 1.4; 
567; 0; 0; 170; 1.6; 
567; 0; 0; 170; 1.8; 
567; 0; 0; 170; 2; 
567; 0; 0; 170; 2.2; 
567; 0; 0; 170; 2.4; 
567; 0; 0; 170; 2.6; 
567; 0; 0; 170; 2.8; 
567; 0; 0; 170; 3; 
567; 0; 0; 170; 3.2; 
567; 0; 0; 170; 3.4; 
567; 0; 0; 170; 3.6; 
567; 0; 0; 170; 3.8; 
567; 0; 0; 170; 4; 
567; 0; 0; 170; 4.2; 
567; 0; 0; 170; 4.4; 
567; 0; 0; 170; 4.6; 
567; 0; 0; 170; 4.8; 
567; 0; 0; 170; 5; 
567; 0; 0; 170; 5.2; 
567; 0; 0; 170; 5.4; 
567; 0; 0; 170; 5.6; 
567; 0; 0; 170; 5.8; 
567; 0; 0; 170; 6; 
567; 0; 0; 170; 6.2; 
567; 0; 0; 170; 6.4; 
567; 0; 0; 170; 6.6; 
567; 0; 0; 170; 6.8; 
567; 0; 0; 170; 7; 
567; 0; 0; 170; 7.2; 
567; 0; 0; 170; 7.4; 
567; 0; 0; 170; 7.6; 
567; 0; 0; 170; 7.8; 
567; 0; 0; 170; 8; 
567; 0; 0; 170; 8.2; 
567; 0; 0; 170; 8.4; 
567; 0; 0; 170; 8.6; 
567; 0; 0; 170; 8.8; 
567; 0; 0; 170; 9; 
567; 0; 0; 170; 9.2; 
567; 0; 0; 170; 9.4; 
567; 0; 0; 170; 9.6; 
567; 0; 0; 170; 9.8; 
567; 0; 0; 170; 10; 
567; 0; 0; 170; 10.2; 
567; 0; 0; 170; 10.4; 
567; 0; 0; 170; 10.6; 
567; 0; 0; 170; 10.8; 
567; 0; 0; 170; 11; 
567; 0; 0; 170; 11.2; 
567; 0; 0; 170; 11.4; 
567; 0; 0; 170; 11.6; 
567; 0; 0; 170; 11.8; 
567; 0; 0; 170; 12; 
567; 0; 0; 170; 12.2; 
567; 0; 0; 170; 12.4; 
567; 0; 0; 170; 12.6; 
567; 0; 0; 170; 12.8; 
567; 0; 0; 170; 13; 
567; 0; 0; 170; 13.2; 
567; 0; 0; 170; 13.4; 
567; 0; 0; 170; 13.6; 
567; 0; 0; 170; 13.8; 
567; 0; 0; 170; 14; 
567; 0; 0; 170; 14.2; 
567; 0; 0; 170; 14.4; 
567; 0; 0; 170; 14.6; 
567; 0; 0; 170; 14.8; 
567; 0; 0; 170; 15; 
567; 0; 0; 170; 15.2; 
567; 0; 0; 170; 15.4; 
567; 0; 0; 170; 15.6; 
567; 0; 0; 170; 15.8; 
567; 0; 0; 170; 16; 
567; 0; 0; 170; 16.2; 
567; 0; 0; 170; 16.4; 
567; 0; 0; 170; 16.6; 
567; 0; 0; 170; 16.8; 
567; 0; 0; 170; 17; 
567; 0; 0; 170; 17.2; 
567; 0; 0; 170; 17.4; 
567; 0; 0; 170; 17.6; 
567; 0; 0; 170; 17.8; 
567; 0; 0; 170; 18; 
567; 0; 0; 170; 18.2; 
567; 0; 0; 170; 18.4; 
567; 0; 0; 170; 18.6; 
567; 0; 0; 170; 18.8; 
567; 0; 0; 170; 19; 
567; 0; 0; 170; 19.2; 
567; 0; 0; 170; 19.4; 
567; 0; 0; 170; 19.6; 
567; 0; 0; 170; 19.8; 
567; 0; 0; 170; 20; 
567; 0; 0; 170; 20.2; 
567; 0; 0; 170; 20.4; 
567; 0; 0; 170; 20.6; 
567; 0; 0; 170; 20.8; 
567; 0; 0; 170; 21; 
567; 0; 0; 170; 21.2; 
567; 0; 0; 170; 21.4; 
567; 0; 0; 170; 21.6; 
567; 0; 0; 170; 21.8; 
567; 0; 0; 170; 22; 
567; 0; 0; 170; 22.2; 
567; 0; 0; 170; 22.4; 
567; 0; 0; 170; 22.6; 
567; 0; 0; 170; 22.8; 
567; 0; 0; 170; 23; 
567; 0; 0; 170; 23.2; 
567; 0; 0; 170; 23.4; 
567; 0; 0; 170; 23.6; 
567; 0; 2712.2994; 170; 23.8; 
567; 0; 2712.2994; 170; 24; 
567; 0; 2712.2994; 170; 24.2; 
567; 0; 2712.2994; 170; 24.4; 
567; 0; 2712.2994; 170; 24.6; 
567; 0; 2712.2994; 170; 24.8; 
567; 0; 2712.2994; 170; 25; 
567; 0; 2712.2994; 170; 25.2; 
567; 0; 2712.2994; 170; 25.4; 
567; 0; 2712.2994; 170; 25.6; 
567; 0; 2712.2994; 170; 25.8; 
567; 0; 2712.2994; 170; 26; 
567; 0; 2712.2994; 170; 26.2; 
567; 0; 2712.2994; 170; 26.4; 
567; 0; 2712.2994; 170; 26.6; 
567; 0; 2712.2994; 170; 26.8; 
567; 0; 2712.2994; 170; 27; 
567; 0; 2712.2994; 170; 27.2; 
567; 0; 2712.2994; 170; 27.4; 
567; 0; 2712.2994; 170; 27.6; 
567; 0; 2712.2994; 170; 27.8; 
567; 0; 2712.2994; 170; 28; 
567; 0; 2712.2994; 170; 28.2; 
567; 0; 2712.2994; 170; 28.4; 
567; 0; 2712.2994; 170; 28.6; 
567; 0; 2712.2994; 170; 28.8; 
567; 0; 2712.2994; 170; 29; 
567; 0; 2712.2994; 170; 29.2; 
567; 0; 2712.2994; 170; 29.4; 
567; 0; 2712.2994; 170; 29.6; 
567; 0; 2712.2994; 170; 29.8; 
567; 0; 2712.2994; 170; 30; 
567; 0; 2712.2994; 170; 30.2; 
567; 0; 2712.2994; 170; 30.4; 
567; 0; 2712.2994; 170; 30.6; 
567; 0; 2712.2994; 170; 30.8; 
567; 0; 2712.2994; 170; 31; 
567; 0; 2712.2994; 170; 31.2; 
567; 0; 2712.2994; 170; 31.4; 
567; 0; 2712.2994; 170; 31.6; 
567; 0; 2712.2994; 170; 31.8; 
567; 0; 2712.2994; 170; 32; 
567; 0; 2712.2994; 170; 32.2; 
567; 0; 2712.2994; 170; 32.4; 
567; 0; 2712.2994; 170; 32.6; 
567; 0; 2712.2994; 170; 32.8; 
567; 0; 2712.2994; 170; 33; 
567; 0; 2712.2994; 170; 33.2; 
567; 0; 2712.2994; 170; 33.4; 
567; 0; 2712.2994; 170; 33.6; 
567; 0; 2712.2994; 170; 33.8; 
567; 0; 2712.2994; 170; 34; 
567; 0; 2712.2994; 170; 34.2; 
567; 0; 2712.2994; 170; 34.4; 
567; 0; 2712.2994; 170; 34.6; 
567; 0; 2712.2994; 170; 34.8; 
567; 0; 2712.2994; 170; 35; 
567; 0; 2712.2994; 170; 35.2; 
567; 0; 2712.2994; 170; 35.4; 
567; 0; 2712.2994; 170; 35.6; 
567; 0; 2712.2994; 170; 35.8; 
567; 0; 2712.2994; 170; 36; 
567; 0; 2712.2994; 170; 36.2; 
567; 0; 2712.2994; 170; 36.4; 
567; 0; 2712.2994; 170; 36.6; 
567; 0; 2712.2994; 170; 36.8; 
567; 0; 2712.2994; 170; 37; 
567; 0; 2712.2994; 170; 37.2; 
567; 0; 2712.2994; 170; 37.4; 
567; 0; 2712.2994; 170; 37.6; 
567; 0; 2712.2994; 170; 37.8; 
567; 0; 2712.2994; 170; 38; 
567; 0; 2712.2994; 170; 38.2; 
567; 0; 2712.2994; 170; 38.4; 
567; 0; 2712.2994; 170; 38.6; 
567; 0; 2712.2994; 170; 38.8; 
567; 0; 2734.1999; 170; 39; 
567; 0; 2777.9838; 170; 39.2; 
567; 0; 2841.6524; 170; 39.4; 
567; 0; 3039.1442; 170; 39.6; 
567; 0; 3319.4426; 170; 39.8; 
567; 0; 3366.056; 170; 40; 
567; 0; 3397.1481; 170; 40.2; 
567; 0; 3442.3703; 170; 40.4; 
567; 0; 3469.0785; 170; 40.6; 
567; 0; 3491.8545; 170; 40.8; 
567; 0; 3504.2742; 170; 41; 
567; 0; 3516.4853; 170; 41.2; 
567; 0; 3518.4538; 170; 41.4; 
567; 0; 3520.3889; 170; 41.6; 
567; 0; 3512.2729; 170; 41.8; 
567; 0; 3514.1641; 170; 42; 
567; 0; 3516.0234; 170; 42.2; 
567; 0; 3517.848; 170; 42.4; 
567; 0; 3519.6342; 170; 42.6; 
567; 0; 3521.3786; 170; 42.8; 
567; 0; 3523.0781; 170; 43; 
567; 0; 3524.7295; 170; 43.2; 
567; 0; 3526.332; 170; 43.4; 
567; 0; 3527.8903; 170; 43.6; 
567; 0; 3529.4089; 170; 43.8; 
567; 0; 3530.8911; 170; 44; 
567; 0; 3532.339; 170; 44.2; 
567; 0; 3533.7538; 170; 44.4; 
567; 0; 3535.1361; 170; 44.6; 
567; 0; 3536.4861; 170; 44.8; 
567; 0; 3537.8035; 170; 45; 
567; 0; 3539.0882; 170; 45.2; 
567; 0; 3540.3397; 170; 45.4; 
567; 0; 3541.5576; 170; 45.6; 
567; 0; 3542.7414; 170; 45.8; 
567; 0; 3543.9675; 170; 46; 
567; 0; 3545.1795; 170; 46.2; 
567; 0; 3546.3527; 170; 46.4; 
567; 0; 3547.4867; 170; 46.6; 
567; 0; 3548.5809; 170; 46.8; 
567; 0; 3549.6348; 170; 47; 
567; 0; 3550.6479; 170; 47.2; 
567; 0; 3562.1259; 170; 47.4; 
567; 0; 3563.0473; 170; 47.6; 
567; 0; 3563.9266; 170; 47.8; 
567; 0; 3564.7635; 170; 48; 
567; 0; 3565.5573; 170; 48.2; 
567; 0; 3566.3075; 170; 48.4; 
567; 0; 3577.3962; 170; 48.6; 
567; 0; 3578.0517; 170; 48.8; 
567; 0; 3578.6625; 170; 49; 
567; 0; 3579.2282; 170; 49.2; 
567; 0; 3579.7482; 170; 49.4; 
567; 0; 3580.2221; 170; 49.6; 
567; 0; 3590.9286; 170; 49.8; 
567; 0; 3591.3053; 170; 50; 
567; 0; 3591.6348; 170; 50.2; 
567; 0; 3591.9168; 170; 50.4; 
567; 0; 3602.3521; 170; 50.6; 
567; 0; 3602.5358; 170; 50.8; 
567; 0; 3602.6712; 170; 51; 
567; 0; 3602.7579; 170; 51.2; 
567; 0; 3612.9328; 170; 51.4; 
567; 0; 3612.9209; 170; 51.6; 
567; 0; 3612.8595; 170; 51.8; 
567; 0; 3622.834; 170; 52; 
567; 0; 3622.6758; 170; 52.2; 
567; 0; 3622.4817; 170; 52.4; 
567; 0; 3622.2652; 170; 52.6; 
567; 0; 3627.7672; 170; 52.8; 
567; 0; 3627.5432; 170; 53; 
567; 0; 3627.3291; 170; 53.2; 
567; 0; 3627.1322; 170; 53.4; 
567; 0; 3632.6372; 170; 53.6; 
567; 0; 3632.492; 170; 53.8; 
567; 0; 3632.3774; 170; 54; 
567; 0; 3632.2944; 170; 54.2; 
567; 0; 3637.8743; 170; 54.4; 
567; 0; 3637.853; 170; 54.6; 
567; 0; 3637.8591; 170; 54.8; 
567; 0; 3637.8899; 170; 55; 
567; 0; 3643.5273; 170; 55.2; 
567; 0; 3643.5959; 170; 55.4; 
567; 0; 3643.6775; 170; 55.6; 
567; 0; 3643.768; 170; 55.8; 
567; 0; 3643.8634; 170; 56; 
567; 0; 3649.5012; 170; 56.2; 
567; 0; 3649.5951; 170; 56.4; 
567; 0; 3649.6844; 170; 56.6; 
567; 0; 3649.7668; 170; 56.8; 
567; 0; 3655.3427; 170; 57; 
567; 0; 3655.4069; 170; 57.2; 
567; 0; 3655.4614; 170; 57.4; 
567; 0; 3655.5065; 170; 57.6; 
567; 0; 3661.01; 170; 57.8; 
567; 0; 3661.0376; 170; 58; 
567; 0; 3661.0582; 170; 58.2; 
567; 0; 3661.073; 170; 58.4; 
567; 0; 3661.0835; 170; 58.6; 
567; 0; 3666.5293; 170; 58.8; 
567; 0; 3666.5351; 170; 59; 
567; 0; 3666.5405; 170; 59.2; 
567; 0; 3666.5464; 170; 59.4; 
567; 0; 3671.9675; 170; 59.6; 
567; 0; 3671.9765; 170; 59.8; 
567; 0; 3671.9879; 170; 60; 
567; 0; 3672.0017; 170; 60.2; 
567; 0; 3677.4118; 170; 60.4; 
567; 0; 3677.4299; 170; 60.6; 
567; 0; 3677.4499; 170; 60.8; 
567; 0; 3677.4713; 170; 61; 
567; 0; 3677.4935; 170; 61.2; 
567; 0; 3679.4024; 170; 61.4; 
567; 0; 3679.4252; 170; 61.6; 
567; 0; 3679.4477; 170; 61.8; 
567; 0; 3679.4696; 170; 62; 
567; 0; 3681.3357; 170; 62.2; 
567; 0; 3681.3555; 170; 62.4; 
567; 0; 3681.3743; 170; 62.6; 
567; 0; 3681.3918; 170; 62.8; 
567; 0; 3681.4081; 170; 63; 
567; 0; 3683.2313; 170; 63.2; 
567; 0; 3683.2453; 170; 63.4; 
567; 0; 3683.2585; 170; 63.6; 
567; 0; 3683.2711; 170; 63.8; 
567; 0; 3683.2832; 170; 64; 
567; 0; 3685.0699; 170; 64.2; 
567; 0; 3685.0816; 170; 64.4; 
567; 0; 3685.0932; 170; 64.6; 
567; 0; 3685.1044; 170; 64.8; 
567; 0; 3685.1185; 170; 65; 
567; 0; 3686.8904; 170; 65.2; 
567; 0; 3686.938; 170; 65.4; 
567; 0; 3687.0137; 170; 65.6; 
567; 0; 3687.1237; 170; 65.8; 
567; 0; 3687.2731; 170; 66; 
567; 0; 3689.1832; 170; 66.2; 
567; 0; 3689.4237; 170; 66.4; 
567; 0; 3689.7136; 170; 66.6; 
567; 0; 3690.0447; 170; 66.8; 
567; 0; 3690.4037; 170; 67; 
567; 0; 3690.777; 170; 67.2; 
567; 0; 3692.8335; 170; 67.4; 
567; 0; 3693.1964; 170; 67.6; 
567; 0; 3693.5411; 170; 67.8; 
567; 0; 3693.8618; 170; 68; 
567; 0; 3694.1559; 170; 68.2; 
567; 0; 3694.4234; 170; 68.4; 
567; 0; 3696.3167; 170; 68.6; 
567; 0; 3696.5357; 170; 68.8; 
567; 0; 3696.7366; 170; 69; 
567; 0; 3696.9232; 170; 69.2; 
567; 0; 3697.0988; 170; 69.4; 
567; 0; 3698.8964; 170; 69.6; 
567; 0; 3699.0565; 170; 69.8; 
567; 0; 3699.2118; 170; 70; 
567; 0; 3667.8568; 170; 70.2; 
567; 0; 3624.9383; 170; 70.4; 
567; 0; 3582.0075; 170; 70.6; 
567; 0; 3541.1102; 170; 70.8; 
567; 0; 3500.9386; 170; 71; 
567; 0; 3460.7553; 170; 71.2; 
567; 0; 3420.5605; 170; 71.4; 
567; 0; 3379.4178; 170; 71.6; 
567; 0; 3339.2013; 170; 71.8; 
567; 0; 3300.852; 170; 72; 
567; 0; 3261.7158; 170; 72.2; 
567; 0; 3222.5717; 170; 72.4; 
567; 0; 3185.2867; 170; 72.6; 
567; 0; 3147.9957; 170; 72.8; 
567; 0; 3111.6325; 170; 73; 
567; 0; 3073.5218; 170; 73.2; 
567; 0; 3038.4872; 170; 73.4; 
567; 0; 3004.3961; 170; 73.6; 
567; 0; 2971.249; 170; 73.8; 
567; 0; 2939.994; 170; 74; 
567; 0; 2908.736; 170; 74.2; 
567; 0; 2879.3707; 170; 74.4; 
567; 0; 2850.0026; 170; 74.6; 
567; 0; 2822.5278; 170; 74.8; 
567; 0; 2800.0273; 170; 75; 
567; 0; 2774.8433; 170; 75.2; 
567; 0; 2749.6574; 170; 75.4; 
567; 0; 2726.3364; 170; 75.6; 
567; 0; 2703.0139; 170; 75.8; 
567; 0; 2676.1636; 170; 76; 
567; 0; 2653.0286; 170; 76.2; 
567; 0; 2631.3615; 170; 76.4; 
567; 0; 2610.6786; 170; 76.6; 
567; 0; 2590.9799; 170; 76.8; 
567; 0; 2571.2804; 170; 77; 
567; 0; 2553.5511; 170; 77.2; 
567; 0; 2535.8219; 170; 77.4; 
567; 0; 2520.0633; 170; 77.6; 
567; 0; 2504.3048; 170; 77.8; 
567; 0; 2488.546; 170; 78; 
567; 0; 2481.9225; 170; 78.2; 
567; 0; 2468.3492; 170; 78.4; 
567; 0; 2454.775; 170; 78.6; 
567; 0; 2442.1699; 170; 78.8; 
567; 0; 2429.5638; 170; 79; 
567; 0; 2417.9268; 170; 79.2; 
567; 0; 2406.2892; 170; 79.4; 
567; 0; 2395.621; 170; 79.6; 
567; 0; 2384.9525; 170; 79.8; 
567; 0; 2374.2837; 170; 80; 
567; 0; 2364.5848; 170; 80.2; 
567; 0; 2355.8558; 170; 80.4; 
567; 0; 2347.1268; 170; 80.6; 
567; 0; 2337.6231; 170; 80.8; 
567; 0; 2328.6089; 170; 81; 
567; 0; 2320.9289; 170; 81.2; 
567; 0; 2313.0589; 170; 81.4; 
567; 0; 2306.1726; 170; 81.6; 
567; 0; 2299.2862; 170; 81.8; 
567; 0; 2293.3836; 170; 82; 
567; 0; 2287.4808; 170; 82.2; 
567; 0; 2282.5618; 170; 82.4; 
567; 0; 2276.6588; 170; 82.6; 
567; 0; 2271.7396; 170; 82.8; 
567; 0; 2266.8203; 170; 83; 
567; 0; 2262.8848; 170; 83.2; 
567; 0; 2258.9493; 170; 83.4; 
567; 0; 2255.0137; 170; 83.6; 
567; 0; 2251.0781; 170; 83.8; 
567; 0; 2247.1425; 170; 84; 
567; 0; 2244.1907; 170; 84.2; 
567; 0; 2241.2389; 170; 84.4; 
567; 0; 2238.2871; 170; 84.6; 
567; 0; 2235.3354; 170; 84.8; 
567; 0; 2232.3836; 170; 85; 
567; 0; 2230.4157; 170; 85.2; 
567; 0; 2228.4478; 170; 85.4; 
567; 0; 2226.4798; 170; 85.6; 
567; 0; 2224.5118; 170; 85.8; 
567; 0; 2222.5439; 170; 86; 
567; 0; 2220.5759; 170; 86.2; 
567; 0; 2219.5917; 170; 86.4; 
567; 0; 2217.6236; 170; 86.6; 
567; 0; 2216.6394; 170; 86.8; 
567; 0; 2215.6552; 170; 87; 
567; 0; 2214.671; 170; 87.2; 
567; 0; 2213.6868; 170; 87.4; 
567; 0; 2212.7026; 170; 87.6; 
567; 0; 2212.7022; 170; 87.8; 
567; 0; 2211.7179; 170; 88; 
567; 0; 2210.7337; 170; 88.2; 
567; 0; 2210.7333; 170; 88.4; 
567; 0; 2210.7329; 170; 88.6; 
567; 0; 2209.7486; 170; 88.8; 
567; 0; 2209.7481; 170; 89; 
567; 0; 2209.7477; 170; 89.2; 
567; 0; 2209.7474; 170; 89.4; 
567; 0; 2209.7471; 170; 89.6; 
567; 0; 2209.7468; 170; 89.8; 
567; 0; 2209.7464; 170; 90; 
567; 0; 2209.7461; 170; 90.2; 
567; 0; 2209.7457; 170; 90.4; 
567; 0; 2209.7453; 170; 90.6; 
567; 0; 2209.7448; 170; 90.8; 
567; 0; 2210.7282; 170; 91; 
567; 0; 2200.0744; 170; 91.2; 
567; 0; 2200.0739; 170; 91.4; 
567; 0; 2201.0695; 170; 91.6; 
567; 0; 2201.069; 170; 91.8; 
567; 0; 2202.0647; 170; 92; 
567; 0; 2202.0644; 170; 92.2; 
567; 0; 2203.0601; 170; 92.4; 
567; 0; 2204.0558; 170; 92.6; 
567; 0; 2205.0515; 170; 92.8; 
567; 0; 2205.0511; 170; 93; 
567; 0; 2206.0467; 170; 93.2; 
567; 0; 2207.0423; 170; 93.4; 
567; 0; 2208.038; 170; 93.6; 
567; 0; 2209.0336; 170; 93.8; 
567; 0; 2210.0292; 170; 94; 
567; 0; 2211.0248; 170; 94.2; 
567; 0; 2212.0204; 170; 94.4; 
567; 0; 2213.0161; 170; 94.6; 
567; 0; 2214.0117; 170; 94.8; 
567; 0; 2215.0074; 170; 95; 
567; 0; 2216.0031; 170; 95.2; 
567; 0; 2216.9989; 170; 95.4; 
567; 0; 2218.9929; 170; 95.6; 
567; 0; 2222.9847; 170; 95.8; 
567; 0; 2227.9814; 170; 96; 
567; 0; 2234.9821; 170; 96.2; 
567; 0; 2244.9862; 170; 96.4; 
567; 0; 2256.0044; 170; 96.6; 
567; 0; 2270.0325; 170; 96.8; 
567; 0; 2286.0775; 170; 97; 
567; 0; 2303.1462; 170; 97.2; 
567; 0; 2320.2419; 170; 97.4; 
567; 0; 2338.431; 170; 97.6; 
567; 0; 2353.3714; 170; 97.8; 
567; 0; 2368.3245; 170; 98; 
567; 0; 2382.2996; 170; 98.2; 
567; 0; 2394.3054; 170; 98.4; 
567; 0; 2406.3148; 170; 98.6; 
567; 0; 2417.3386; 170; 98.8; 
567; 0; 2427.3761; 170; 99; 
567; 0; 2437.4165; 170; 99.2; 
567; 0; 2447.4611; 170; 99.4; 
567; 0; 2448.2957; 170; 99.6; 
567; 0; 2458.5172; 170; 99.8; 
567; 0; 2467.741; 170; 100; 
567; 0; 2477.9792; 170; 100.2; 
567; 0; 2487.22; 170; 100.4; 
567; 0; 2496.4694; 170; 100.6; 
567; 0; 2505.7269; 170; 100.8; 
567; 0; 2514.9922; 170; 101; 
567; 0; 2523.2569; 170; 101.2; 
567; 0; 2531.5274; 170; 101.4; 
567; 0; 2538.795; 170; 101.6; 
567; 0; 2546.0667; 170; 101.8; 
567; 0; 2553.3423; 170; 102; 
567; 0; 2559.6127; 170; 102.2; 
567; 0; 2565.8865; 170; 102.4; 
567; 0; 2572.1638; 170; 102.6; 
567; 0; 2578.4448; 170; 102.8; 
567; 0; 2583.7193; 170; 103; 
567; 0; 2588.9972; 170; 103.2; 
567; 0; 2594.2788; 170; 103.4; 
567; 0; 2598.5528; 170; 103.6; 
567; 0; 2602.8301; 170; 103.8; 
567; 0; 2608.1224; 170; 104; 
567; 0; 2612.4063; 170; 104.2; 
567; 0; 2615.6808; 170; 104.4; 
567; 0; 2619.9704; 170; 104.6; 
567; 0; 2623.25; 170; 104.8; 
567; 0; 2626.5318; 170; 105; 
567; 0; 2629.8158; 170; 105.2; 
567; 0; 2633.1018; 170; 105.4; 
567; 0; 2635.3756; 170; 105.6; 
567; 0; 2638.6654; 170; 105.8; 
567; 0; 2640.9424; 170; 106; 
567; 0; 2643.221; 170; 106.2; 
567; 0; 2645.5011; 170; 106.4; 
567; 0; 2647.7828; 170; 106.6; 
567; 0; 2649.05; 170; 106.8; 
567; 0; 2651.3347; 170; 107; 
567; 0; 2652.6045; 170; 107.2; 
567; 0; 2654.8923; 170; 107.4; 
567; 0; 2656.1645; 170; 107.6; 
567; 0; 2657.4376; 170; 107.8; 
567; 0; 2658.7117; 170; 108; 
567; 0; 2659.9868; 170; 108.2; 
567; 0; 2661.2628; 170; 108.4; 
567; 0; 2661.521; 170; 108.6; 
567; 0; 2662.7987; 170; 108.8; 
567; 0; 2663.0581; 170; 109; 
567; 0; 2664.3374; 170; 109.2; 
567; 0; 2664.5977; 170; 109.4; 
567; 0; 2664.8585; 170; 109.6; 
567; 0; 2665.8757; 170; 109.8; 
567; 0; 2666.0285; 170; 110; 
567; 0; 2666.1816; 170; 110.2; 
567; 0; 2666.335; 170; 110.4; 
567; 0; 2666.4888; 170; 110.6; 
567; 0; 2666.6427; 170; 110.8; 
567; 0; 2666.797; 170; 111; 
567; 0; 2666.9516; 170; 111.2; 
567; 0; 2667.1064; 170; 111.4; 
567; 0; 2666.4299; 170; 111.6; 
567; 0; 2666.5851; 170; 111.8; 
567; 0; 2666.7406; 170; 112; 
567; 0; 2666.0641; 170; 112.2; 
567; 0; 2666.2199; 170; 112.4; 
567; 0; 2666.3761; 170; 112.6; 
567; 0; 2665.6995; 170; 112.8; 
567; 0; 2665.856; 170; 113; 
567; 0; 2665.1792; 170; 113.2; 
567; 0; 2665.3361; 170; 113.4; 
567; 0; 2664.6591; 170; 113.6; 
567; 0; 2664.8163; 170; 113.8; 
567; 0; 2664.1392; 170; 114; 
567; 0; 2664.2969; 170; 114.2; 
567; 0; 2669.2141; 170; 114.4; 
567; 0; 2668.542; 170; 114.6; 
567; 0; 2668.6922; 170; 114.8; 
567; 0; 2668.0199; 170; 115; 
567; 0; 2667.3475; 170; 115.2; 
567; 0; 2667.4982; 170; 115.4; 
567; 0; 2666.8256; 170; 115.6; 
567; 0; 2666.1528; 170; 115.8; 
567; 0; 2665.4798; 170; 116; 
567; 0; 2664.7573; 170; 116.2; 
567; 0; 2664.0028; 170; 116.4; 
567; 0; 2663.248; 170; 116.6; 
567; 0; 2662.493; 170; 116.8; 
567; 0; 2662.7536; 170; 117; 
567; 0; 2661.9984; 170; 117.2; 
567; 0; 2661.2428; 170; 117.4; 
567; 0; 2660.4869; 170; 117.6; 
567; 0; 2659.7309; 170; 117.8; 
567; 0; 2658.9747; 170; 118; 
567; 0; 2658.2182; 170; 118.2; 
567; 0; 2657.4614; 170; 118.4; 
567; 0; 2656.7045; 170; 118.6; 
567; 0; 2655.9473; 170; 118.8; 
567; 0; 2655.1898; 170; 119; 
567; 0; 2654.4321; 170; 119.2; 
567; 0; 2653.6741; 170; 119.4; 
567; 0; 2652.916; 170; 119.6; 
567; 0; 2652.1576; 170; 119.8; 
567; 0; 2651.3988; 170; 120; 
567; 0; 2651.6607; 170; 120.2; 
567; 0; 2650.9018; 170; 120.4; 
567; 0; 2650.1425; 170; 120.6; 
567; 0; 2649.3829; 170; 120.8; 
567; 0; 2648.6231; 170; 121; 
567; 0; 2647.863; 170; 121.2; 
567; 0; 2648.1255; 170; 121.4; 
567; 0; 2647.3651; 170; 121.6; 
567; 0; 2646.6045; 170; 121.8; 
567; 0; 2645.8436; 170; 122; 
567; 0; 2645.0825; 170; 122.2; 
567; 0; 2644.3212; 170; 122.4; 
567; 0; 2644.5844; 170; 122.6; 
567; 0; 2643.8228; 170; 122.8; 
567; 0; 2643.061; 170; 123; 
567; 0; 2642.2989; 170; 123.2; 
567; 0; 2642.5625; 170; 123.4; 
567; 0; 2641.8002; 170; 123.6; 
567; 0; 2641.0376; 170; 123.8; 
567; 0; 2640.2747; 170; 124; 
567; 0; 2640.5389; 170; 124.2; 
567; 0; 2639.7757; 170; 124.4; 
567; 0; 2639.0123; 170; 124.6; 
567; 0; 2639.2768; 170; 124.8; 
567; 0; 2638.5131; 170; 125; 
567; 0; 2637.7492; 170; 125.2; 
567; 0; 2638.0143; 170; 125.4; 
567; 0; 2637.2501; 170; 125.6; 
567; 0; 2636.4857; 170; 125.8; 
567; 0; 2636.7513; 170; 126; 
567; 0; 2635.9866; 170; 126.2; 
567; 0; 2635.2216; 170; 126.4; 
567; 0; 2635.4875; 170; 126.6; 
567; 0; 2634.7222; 170; 126.8; 
567; 0; 2633.9567; 170; 127; 
567; 0; 2634.2232; 170; 127.2; 
567; 0; 2633.4574; 170; 127.4; 
567; 0; 2632.6914; 170; 127.6; 
567; 0; 2632.9584; 170; 127.8; 
567; 0; 2632.1922; 170; 128; 
567; 0; 2632.4596; 170; 128.2; 
567; 0; 2631.6931; 170; 128.4; 
567; 0; 2631.9605; 170; 128.6; 
567; 0; 2632.2276; 170; 128.8; 
567; 0; 2632.4935; 170; 129; 
567; 0; 2630.6837; 170; 129.2; 
567; 0; 2628.8611; 170; 129.4; 
567; 0; 2624.9472; 170; 129.6; 
567; 0; 2618.9359; 170; 129.8; 
567; 0; 2611.8597; 170; 130; 
567; 0; 2603.7162; 170; 130.2; 
567; 0; 2592.4301; 170; 130.4; 
567; 0; 2580.0743; 170; 130.6; 
567; 0; 2565.6123; 170; 130.8; 
567; 0; 2550.0817; 170; 131; 
567; 0; 2533.4853; 170; 131.2; 
567; 0; 2515.83; 170; 131.4; 
567; 0; 2498.1621; 170; 131.6; 
567; 0; 2482.5646; 170; 131.8; 
567; 0; 2469.0447; 170; 132; 
567; 0; 2457.6077; 170; 132.2; 
567; 0; 2448.2571; 170; 132.4; 
567; 0; 2447.7796; 170; 132.6; 
567; 0; 2440.6433; 170; 132.8; 
567; 0; 2433.5173; 170; 133; 
567; 0; 2425.3775; 170; 133.2; 
567; 0; 2417.2401; 170; 133.4; 
567; 0; 2409.1012; 170; 133.6; 
567; 0; 2399.9368; 170; 133.8; 
567; 0; 2389.7449; 170; 134; 
567; 0; 2379.5457; 170; 134.2; 
567; 0; 2369.3396; 170; 134.4; 
567; 0; 2359.128; 170; 134.6; 
567; 0; 2349.9336; 170; 134.8; 
567; 0; 2339.7166; 170; 135; 
567; 0; 2331.5411; 170; 135.2; 
567; 0; 2323.3667; 170; 135.4; 
567; 0; 2316.1032; 170; 135.6; 
567; 0; 2309.8614; 170; 135.8; 
567; 0; 2304.5128; 170; 136; 
567; 0; 2299.1658; 170; 136.2; 
567; 0; 2293.5472; 170; 136.4; 
567; 0; 2288.3735; 170; 136.6; 
567; 0; 2283.2002; 170; 136.8; 
567; 0; 2278.0268; 170; 137; 
567; 0; 2272.8526; 170; 137.2; 
567; 0; 2267.6776; 170; 137.4; 
567; 0; 2262.5015; 170; 137.6; 
567; 0; 2258.3599; 170; 137.8; 
567; 0; 2254.2175; 170; 138; 
567; 0; 2250.0746; 170; 138.2; 
567; 0; 2245.9315; 170; 138.4; 
567; 0; 2241.7883; 170; 138.6; 
567; 0; 2238.6808; 170; 138.8; 
567; 0; 2235.5734; 170; 139; 
567; 0; 2232.4662; 170; 139.2; 
567; 0; 2229.3593; 170; 139.4; 
567; 0; 2227.2881; 170; 139.6; 
567; 0; 2225.217; 170; 139.8; 
567; 0; 2222.1108; 170; 140; 
567; 0; 2220.0399; 170; 140.2; 
567; 0; 2217.9691; 170; 140.4; 
567; 0; 2216.9335; 170; 140.6; 
567; 0; 2214.8625; 170; 140.8; 
567; 0; 2212.7914; 170; 141; 
567; 0; 2211.7555; 170; 141.2; 
567; 0; 2209.6842; 170; 141.4; 
567; 0; 2208.6481; 170; 141.6; 
567; 0; 2207.612; 170; 141.8; 
567; 0; 2206.5758; 170; 142; 
567; 0; 2205.5396; 170; 142.2; 
567; 0; 2204.5035; 170; 142.4; 
567; 0; 2203.4675; 170; 142.6; 
567; 0; 2203.4669; 170; 142.8; 
567; 0; 2202.431; 170; 143; 
567; 0; 2201.395; 170; 143.2; 
567; 0; 2201.3943; 170; 143.4; 
567; 0; 2200.3583; 170; 143.6; 
567; 0; 2200.3576; 170; 143.8; 
567; 0; 2200.3569; 170; 144; 
567; 0; 2200.3562; 170; 144.2; 
567; 0; 2199.3203; 170; 144.4; 
567; 0; 2199.3196; 170; 144.6; 
567; 0; 2199.319; 170; 144.8; 
567; 0; 2199.3184; 170; 145; 
567; 0; 2199.3178; 170; 145.2; 
567; 0; 2199.3172; 170; 145.4; 
567; 0; 2200.3527; 170; 145.6; 
567; 0; 2202.4277; 170; 145.8; 
567; 0; 2205.5461; 170; 146; 
567; 0; 2211.7827; 170; 146.2; 
567; 0; 2220.1056; 170; 146.4; 
567; 0; 2220.72; 170; 146.6; 
567; 0; 2234.4316; 170; 146.8; 
567; 0; 2249.218; 170; 147; 
567; 0; 2265.0814; 170; 147.2; 
567; 0; 2280.9714; 170; 147.4; 
567; 0; 2295.3141; 170; 147.6; 
567; 0; 2307.2255; 170; 147.8; 
567; 0; 2318.238; 170; 148; 
567; 0; 2329.2189; 170; 148.2; 
567; 0; 2339.7603; 170; 148.4; 
567; 0; 2349.2613; 170; 148.6; 
567; 0; 2358.761; 170; 148.8; 
567; 0; 2367.2196; 170; 149; 
567; 0; 2374.6379; 170; 149.2; 
567; 0; 2382.0575; 170; 149.4; 
567; 0; 2390.5212; 170; 149.6; 
567; 0; 2397.9489; 170; 149.8; 
567; 0; 2405.3825; 170; 150; 
567; 0; 2413.8641; 170; 150.2; 
567; 0; 2421.311; 170; 150.4; 
567; 0; 2428.7644; 170; 150.6; 
567; 0; 2436.2238; 170; 150.8; 
567; 0; 2442.6458; 170; 151; 
567; 0; 2449.0719; 170; 151.2; 
567; 0; 2455.5015; 170; 151.4; 
567; 0; 2460.8906; 170; 151.6; 
567; 0; 2466.2817; 170; 151.8; 
567; 0; 2471.6749; 170; 152; 
567; 0; 2477.0699; 170; 152.2; 
567; 0; 2481.4224; 170; 152.4; 
567; 0; 2485.7767; 170; 152.6; 
567; 0; 2490.1329; 170; 152.8; 
567; 0; 2493.4462; 170; 153; 
567; 0; 2497.807; 170; 153.2; 
567; 0; 2501.1246; 170; 153.4; 
567; 0; 2505.4904; 170; 153.6; 
567; 0; 2508.8125; 170; 153.8; 
567; 0; 2512.1368; 170; 154; 
567; 0; 2514.4163; 170; 154.2; 
567; 0; 2517.7445; 170; 154.4; 
567; 0; 2521.0745; 170; 154.6; 
567; 0; 2523.3587; 170; 154.8; 
567; 0; 2525.6442; 170; 155; 
567; 0; 2527.9309; 170; 155.2; 
567; 0; 2530.2188; 170; 155.4; 
567; 0; 2532.5077; 170; 155.6; 
567; 0; 2533.7489; 170; 155.8; 
567; 0; 2536.0399; 170; 156; 
567; 0; 2537.2827; 170; 156.2; 
567; 0; 2539.576; 170; 156.4; 
567; 0; 2540.8206; 170; 156.6; 
567; 0; 2542.0661; 170; 156.8; 
567; 0; 2543.3126; 170; 157; 
567; 0; 2544.5598; 170; 157.2; 
567; 0; 2545.8077; 170; 157.4; 
567; 0; 2547.0565; 170; 157.6; 
567; 0; 2548.3061; 170; 157.8; 
567; 0; 2549.5565; 170; 158; 
567; 0; 2549.7557; 170; 158.2; 
567; 0; 2551.0075; 170; 158.4; 
567; 0; 2551.2075; 170; 158.6; 
567; 0; 2552.4605; 170; 158.8; 
567; 0; 2552.6611; 170; 159; 
567; 0; 2553.9153; 170; 159.2; 
567; 0; 2554.1166; 170; 159.4; 
567; 0; 2554.3181; 170; 159.6; 
567; 0; 2555.5741; 170; 159.8; 
567; 0; 2555.7764; 170; 160; 
567; 0; 2555.9788; 170; 160.2; 
567; 0; 2556.1815; 170; 160.4; 
567; 0; 2556.3844; 170; 160.6; 
567; 0; 2556.5876; 170; 160.8; 
567; 0; 2556.7911; 170; 161; 
567; 0; 2558.0508; 170; 161.2; 
567; 0; 2558.2545; 170; 161.4; 
567; 0; 2558.4574; 170; 161.6; 
567; 0; 2558.6587; 170; 161.8; 
567; 0; 2558.8574; 170; 162; 
567; 0; 2559.0528; 170; 162.2; 
567; 0; 2559.2438; 170; 162.4; 
567; 0; 2559.4298; 170; 162.6; 
567; 0; 2559.6118; 170; 162.8; 
567; 0; 2560.8501; 170; 163; 
567; 0; 2563.1483; 170; 163.2; 
567; 0; 2566.5099; 170; 163.4; 
567; 0; 2570.9384; 170; 163.6; 
567; 0; 2576.4362; 170; 163.8; 
567; 0; 2583.0051; 170; 164; 
567; 0; 2589.5857; 170; 164.2; 
567; 0; 2596.1779; 170; 164.4; 
567; 0; 2601.7197; 170; 164.6; 
567; 0; 2605.1448; 170; 164.8; 
567; 0; 2606.4249; 170; 165; 
567; 0; 2605.5524; 170; 165.2; 
567; 0; 2602.5397; 170; 165.4; 
567; 0; 2596.3183; 170; 165.6; 
567; 0; 2589.0064; 170; 165.8; 
567; 0; 2579.5388; 170; 166; 
567; 0; 2567.9139; 170; 166.2; 
567; 0; 2553.0697; 170; 166.4; 
567; 0; 2537.1318; 170; 166.6; 
567; 0; 2519.0408; 170; 166.8; 
567; 0; 2499.8659; 170; 167; 
567; 0; 2480.6789; 170; 167.2; 
567; 0; 2464.6751; 170; 167.4; 
567; 0; 2451.8618; 170; 167.6; 
567; 0; 2443.3062; 170; 167.8; 
567; 0; 2440.073; 170; 168; 
567; 0; 2440.0411; 170; 168.2; 
567; 0; 2443.2119; 170; 168.4; 
567; 0; 2446.4027; 170; 168.6; 
567; 0; 2449.613; 170; 168.8; 
567; 0; 2450.7167; 170; 169; 
567; 0; 2448.6462; 170; 169.2; 
567; 0; 2444.4546; 170; 169.4; 
567; 0; 2437.0721; 170; 169.6; 
567; 0; 2429.6773; 170; 169.8; 
567; 0; 2420.1433; 170; 170; 
567; 0; 2409.5314; 170; 170.2; 
567; 0; 2397.8435; 170; 170.4; 
567; 0; 2386.1455; 170; 170.6; 
567; 0; 2374.4419; 170; 170.8; 
567; 0; 2363.7987; 170; 171; 
567; 0; 2363.0017; 170; 171.2; 
567; 0; 2354.6227; 170; 171.4; 
567; 0; 2347.2944; 170; 171.6; 
567; 0; 2341.0168; 170; 171.8; 
567; 0; 2334.7446; 170; 172; 
567; 0; 2329.5215; 170; 172.2; 
567; 0; 2324.3015; 170; 172.4; 
567; 0; 2318.5861; 170; 172.6; 
567; 0; 2314.0303; 170; 172.8; 
567; 0; 2309.4739; 170; 173; 
567; 0; 2304.0038; 170; 173.2; 
567; 0; 2299.4445; 170; 173.4; 
567; 0; 2293.9712; 170; 173.6; 
567; 0; 2289.409; 170; 173.8; 
567; 0; 2284.8457; 170; 174; 
567; 0; 2280.2819; 170; 174.2; 
567; 0; 2275.7178; 170; 174.4; 
567; 0; 2270.4491; 170; 174.6; 
567; 0; 2266.2061; 170; 174.8; 
567; 0; 2261.9638; 170; 175; 
567; 0; 2258.7822; 170; 175.2; 
567; 0; 2254.5413; 170; 175.4; 
567; 0; 2251.361; 170; 175.6; 
567; 0; 2248.1812; 170; 175.8; 
567; 0; 2245.0017; 170; 176; 
567; 0; 2241.8223; 170; 176.2; 
567; 0; 2239.7028; 170; 176.4; 
567; 0; 2236.5232; 170; 176.6; 
567; 0; 2234.4034; 170; 176.8; 
567; 0; 2232.2833; 170; 177; 
567; 0; 2230.1629; 170; 177.2; 
567; 0; 2228.0423; 170; 177.4; 
567; 0; 2225.9216; 170; 177.6; 
567; 0; 2223.8008; 170; 177.8; 
567; 0; 2221.6799; 170; 178; 
567; 0; 2220.6192; 170; 178.2; 
567; 0; 2218.4986; 170; 178.4; 
567; 0; 2217.4381; 170; 178.6; 
567; 0; 2215.3177; 170; 178.8; 
567; 0; 2214.2573; 170; 179; 
567; 0; 2213.197; 170; 179.2; 
567; 0; 2212.1366; 170; 179.4; 
567; 0; 2211.0762; 170; 179.6; 
567; 0; 2210.0157; 170; 179.8; 
567; 0; 2210.0152; 170; 180; 
567; 0; 2208.9548; 170; 180.2; 
567; 0; 2207.8943; 170; 180.4; 
567; 0; 2207.8938; 170; 180.6; 
567; 0; 2206.8333; 170; 180.8; 
567; 0; 2206.8328; 170; 181; 
567; 0; 2205.7723; 170; 181.2; 
567; 0; 2205.7717; 170; 181.4; 
567; 0; 2204.7111; 170; 181.6; 
567; 0; 2204.7105; 170; 181.8; 
567; 0; 2204.71; 170; 182; 
567; 0; 2204.7094; 170; 182.2; 
567; 0; 2203.6489; 170; 182.4; 
567; 0; 2203.6484; 170; 182.6; 
567; 0; 2203.6479; 170; 182.8; 
567; 0; 2203.6473; 170; 183; 
567; 0; 2203.6467; 170; 183.2; 
567; 0; 2203.6462; 170; 183.4; 
567; 0; 2203.6456; 170; 183.6; 
567; 0; 2203.6451; 170; 183.8; 
567; 0; 2203.6445; 170; 184; 
567; 0; 2203.644; 170; 184.2; 
567; 0; 2203.6436; 170; 184.4; 
567; 0; 2203.6431; 170; 184.6; 
567; 0; 2204.7026; 170; 184.8; 
567; 0; 2204.7021; 170; 185; 
567; 0; 2204.7016; 170; 185.2; 
567; 0; 2204.7011; 170; 185.4; 
567; 0; 2204.7005; 170; 185.6; 
567; 0; 2204.7; 170; 185.8; 
567; 0; 2205.7594; 170; 186; 
567; 0; 2205.7588; 170; 186.2; 
567; 0; 2205.7582; 170; 186.4; 
567; 0; 2195.9167; 170; 186.6; 
567; 0; 2196.9892; 170; 186.8; 
567; 0; 2196.9887; 170; 187; 
567; 0; 2196.9882; 170; 187.2; 
567; 0; 2198.0608; 170; 187.4; 
567; 0; 2198.0602; 170; 187.6; 
567; 0; 2199.1328; 170; 187.8; 
567; 0; 2199.1323; 170; 188; 
567; 0; 2200.2049; 170; 188.2; 
567; 0; 2200.2044; 170; 188.4; 
567; 0; 2201.277; 170; 188.6; 
567; 0; 2201.2765; 170; 188.8; 
567; 0; 2202.3491; 170; 189; 
567; 0; 2203.4216; 170; 189.2; 
567; 0; 2203.4211; 170; 189.4; 
567; 0; 2204.4937; 170; 189.6; 
567; 0; 2205.5663; 170; 189.8; 
567; 0; 2205.5657; 170; 190; 
567; 0; 2206.6382; 170; 190.2; 
567; 0; 2207.7108; 170; 190.4; 
567; 0; 2208.7832; 170; 190.6; 
567; 0; 2208.7823; 170; 190.8; 
567; 0; 2209.8545; 170; 191; 
567; 0; 2209.8535; 170; 191.2; 
567; 0; 2210.9258; 170; 191.4; 
567; 0; 2211.9983; 170; 191.6; 
567; 0; 2211.9978; 170; 191.8; 
567; 0; 2213.0706; 170; 192; 
567; 0; 2214.1436; 170; 192.2; 
567; 0; 2214.1434; 170; 192.4; 
567; 0; 2215.2163; 170; 192.6; 
567; 0; 2215.2161; 170; 192.8; 
567; 0; 2216.2889; 170; 193; 
567; 0; 2216.2885; 170; 193.2; 
567; 0; 2217.3611; 170; 193.4; 
567; 0; 2217.3607; 170; 193.6; 
567; 0; 2218.4333; 170; 193.8; 
567; 0; 2218.4328; 170; 194; 
567; 0; 2219.5054; 170; 194.2; 
567; 0; 2219.5049; 170; 194.4; 
567; 0; 2220.5775; 170; 194.6; 
567; 0; 2220.577; 170; 194.8; 
567; 0; 2220.5765; 170; 195; 
567; 0; 2221.6491; 170; 195.2; 
567; 0; 2221.6486; 170; 195.4; 
567; 0; 2222.7211; 170; 195.6; 
567; 0; 2222.7206; 170; 195.8; 
567; 0; 2222.7201; 170; 196; 
567; 0; 2223.7926; 170; 196.2; 
567; 0; 2223.7921; 170; 196.4; 
567; 0; 2223.7916; 170; 196.6; 
567; 0; 2223.7912; 170; 196.8; 
567; 0; 2224.8638; 170; 197; 
567; 0; 2224.8633; 170; 197.2; 
567; 0; 2224.8629; 170; 197.4; 
567; 0; 2225.9355; 170; 197.6; 
567; 0; 2225.9351; 170; 197.8; 
567; 0; 2225.9346; 170; 198; 
567; 0; 2225.9342; 170; 198.2; 
567; 0; 2227.0069; 170; 198.4; 
567; 0; 2227.0065; 170; 198.6; 
567; 0; 2227.0062; 170; 198.8; 
567; 0; 2227.0057; 170; 199; 
567; 0; 2228.0784; 170; 199.2; 
567; 0; 2228.0779; 170; 199.4; 
567; 0; 2228.0774; 170; 199.6; 
567; 0; 2228.0769; 170; 199.8; 
567; 0; 2228.0764; 170; 200; 
567; 0; 2229.149; 170; 200.2; 
567; 0; 2229.1486; 170; 200.4; 
567; 0; 2229.1482; 170; 200.6; 
567; 0; 2229.1477; 170; 200.8; 
567; 0; 2229.1473; 170; 201; 
567; 0; 2229.1469; 170; 201.2; 
567; 0; 2230.2196; 170; 201.4; 
567; 0; 2230.2192; 170; 201.6; 
567; 0; 2230.2188; 170; 201.8; 
567; 0; 2230.2184; 170; 202; 
567; 0; 2230.218; 170; 202.2; 
567; 0; 2230.2177; 170; 202.4; 
567; 0; 2231.2903; 170; 202.6; 
567; 0; 2231.2899; 170; 202.8; 
567; 0; 2231.2894; 170; 203; 
567; 0; 2231.289; 170; 203.2; 
567; 0; 2231.2885; 170; 203.4; 
567; 0; 2231.288; 170; 203.6; 
567; 0; 2231.2876; 170; 203.8; 
567; 0; 2231.2873; 170; 204; 
567; 0; 2232.36; 170; 204.2; 
567; 0; 2232.3597; 170; 204.4; 
567; 0; 2232.3593; 170; 204.6; 
567; 0; 2232.3588; 170; 204.8; 
567; 0; 2232.3584; 170; 205; 
567; 0; 2232.3579; 170; 205.2; 
567; 0; 2232.3575; 170; 205.4; 
567; 0; 2232.3571; 170; 205.6; 
567; 0; 2232.3567; 170; 205.8; 
567; 0; 2232.3563; 170; 206; 
567; 0; 2233.4289; 170; 206.2; 
567; 0; 2233.4286; 170; 206.4; 
567; 0; 2233.4283; 170; 206.6; 
567; 0; 2233.428; 170; 206.8; 
567; 0; 2233.4277; 170; 207; 
567; 0; 2233.4273; 170; 207.2; 
567; 0; 2233.4269; 170; 207.4; 
567; 0; 2233.4265; 170; 207.6; 
567; 0; 2233.4261; 170; 207.8; 
567; 0; 2233.4257; 170; 208; 
567; 0; 2234.4983; 170; 208.2; 
567; 0; 2234.4979; 170; 208.4; 
567; 0; 2234.4975; 170; 208.6; 
567; 0; 2234.4971; 170; 208.8; 
567; 0; 2234.4967; 170; 209; 
567; 0; 2235.5693; 170; 209.2; 
567; 0; 2235.5689; 170; 209.4; 
567; 0; 2235.5685; 170; 209.6; 
567; 0; 2235.5681; 170; 209.8; 
567; 0; 2235.5678; 170; 210; 
567; 0; 2235.5674; 170; 210.2; 
567; 0; 2235.567; 170; 210.4; 
567; 0; 2236.6396; 170; 210.6; 
567; 0; 2236.6392; 170; 210.8; 
567; 0; 2236.6389; 170; 211; 
567; 0; 2236.6386; 170; 211.2; 
567; 0; 2236.6384; 170; 211.4; 
567; 0; 2236.6381; 170; 211.6; 
567; 0; 2236.6378; 170; 211.8; 
567; 0; 2236.6374; 170; 212; 
567; 0; 2236.637; 170; 212.2; 
567; 0; 2236.6366; 170; 212.4; 
567; 0; 2237.7092; 170; 212.6; 
567; 0; 2237.7088; 170; 212.8; 
567; 0; 2237.7084; 170; 213; 
567; 0; 2237.708; 170; 213.2; 
567; 0; 2237.7075; 170; 213.4; 
567; 0; 2237.7072; 170; 213.6; 
567; 0; 2237.7069; 170; 213.8; 
567; 0; 2237.7065; 170; 214; 
567; 0; 2237.7062; 170; 214.2; 
567; 0; 2237.7058; 170; 214.4; 
567; 0; 2237.7054; 170; 214.6; 
567; 0; 2237.7051; 170; 214.8; 
567; 0; 2237.7047; 170; 215; 
567; 0; 2237.7044; 170; 215.2; 
567; 0; 2237.704; 170; 215.4; 
567; 0; 2237.7037; 170; 215.6; 
567; 0; 2237.7033; 170; 215.8; 
567; 0; 2237.703; 170; 216; 
567; 0; 2237.7026; 170; 216.2; 
567; 0; 2237.7023; 170; 216.4; 
567; 0; 2237.702; 170; 216.6; 
567; 0; 2237.7017; 170; 216.8; 
567; 0; 2237.7014; 170; 217; 
567; 0; 2237.701; 170; 217.2; 
567; 0; 2237.7006; 170; 217.4; 
567; 0; 2237.7002; 170; 217.6; 
567; 0; 2238.7729; 170; 217.8; 
567; 0; 2238.7723; 170; 218; 
567; 0; 2238.7712; 170; 218.2; 
567; 0; 2239.8422; 170; 218.4; 
567; 0; 2239.8387; 170; 218.6; 
567; 0; 2239.8333; 170; 218.8; 
567; 0; 2240.8983; 170; 219; 
567; 0; 2240.8871; 170; 219.2; 
567; 0; 2240.8728; 170; 219.4; 
567; 0; 2240.8564; 170; 219.6; 
567; 0; 2242.9853; 170; 219.8; 
567; 0; 2245.1154; 170; 220; 
567; 0; 2249.3941; 170; 220.2; 
567; 0; 2254.7498; 170; 220.4; 
567; 0; 2261.1836; 170; 220.6; 
567; 0; 2267.5154; 170; 220.8; 
567; 0; 2274.0064; 170; 221; 
567; 0; 2278.6472; 170; 221.2; 
567; 0; 2284.2167; 170; 221.4; 
567; 0; 2287.934; 170; 221.6; 
567; 0; 2290.7246; 170; 221.8; 
567; 0; 2293.514; 170; 222; 
567; 0; 2295.3748; 170; 222.2; 
567; 0; 2296.3062; 170; 222.4; 
567; 0; 2297.2349; 170; 222.6; 
567; 0; 2297.2341; 170; 222.8; 
567; 0; 2297.2309; 170; 223; 
567; 0; 2297.226; 170; 223.2; 
567; 0; 2298.1468; 170; 223.4; 
567; 0; 2299.0672; 170; 223.6; 
567; 0; 2299.988; 170; 223.8; 
567; 0; 2300.9097; 170; 224; 
567; 0; 2302.7595; 170; 224.2; 
567; 0; 2304.6108; 170; 224.4; 
567; 0; 2307.3904; 170; 224.6; 
567; 0; 2309.2454; 170; 224.8; 
567; 0; 2311.1027; 170; 225; 
567; 0; 2312.9621; 170; 225.2; 
567; 0; 2314.8235; 170; 225.4; 
567; 0; 2315.7593; 170; 225.6; 
567; 0; 2315.7687; 170; 225.8; 
567; 0; 2314.8506; 170; 226; 
567; 0; 2313.9309; 170; 226.2; 
567; 0; 2312.0821; 170; 226.4; 
567; 0; 2310.2308; 170; 226.6; 
567; 0; 2308.3768; 170; 226.8; 
567; 0; 2305.5939; 170; 227; 
567; 0; 2302.8092; 170; 227.2; 
567; 0; 2300.0236; 170; 227.4; 
567; 0; 2298.1646; 170; 227.6; 
567; 0; 2296.306; 170; 227.8; 
567; 0; 2294.4485; 170; 228; 
567; 0; 2293.519; 170; 228.2; 
567; 0; 2291.6644; 170; 228.4; 
567; 0; 2290.7377; 170; 228.6; 
567; 0; 2289.8122; 170; 228.8; 
567; 0; 2287.9607; 170; 229; 
567; 0; 2287.0363; 170; 229.2; 
567; 0; 2286.112; 170; 229.4; 
567; 0; 2284.2607; 170; 229.6; 
567; 0; 2282.4089; 170; 229.8; 
567; 0; 2281.4831; 170; 230; 
567; 0; 2279.63; 170; 230.2; 
567; 0; 2277.7762; 170; 230.4; 
567; 0; 2275.9221; 170; 230.6; 
567; 0; 2274.0677; 170; 230.8; 
567; 0; 2273.1398; 170; 231; 
567; 0; 2271.2854; 170; 231.2; 
567; 0; 2270.3577; 170; 231.4; 
567; 0; 2268.5036; 170; 231.6; 
567; 0; 2267.5764; 170; 231.8; 
567; 0; 2266.6432; 170; 232; 
567; 0; 2264.4973; 170; 232.2; 
567; 0; 2263.4246; 170; 232.4; 
567; 0; 2262.352; 170; 232.6; 
567; 0; 2261.2794; 170; 232.8; 
567; 0; 2260.2069; 170; 233; 
567; 0; 2259.1343; 170; 233.2; 
567; 0; 2258.0615; 170; 233.4; 
567; 0; 2256.9887; 170; 233.6; 
567; 0; 2255.9156; 170; 233.8; 
567; 0; 2254.8423; 170; 234; 
567; 0; 2253.769; 170; 234.2; 
567; 0; 2252.6957; 170; 234.4; 
567; 0; 2251.6223; 170; 234.6; 
567; 0; 2250.5489; 170; 234.8; 
567; 0; 2249.4756; 170; 235; 
567; 0; 2248.4023; 170; 235.2; 
567; 0; 2248.4021; 170; 235.4; 
567; 0; 2247.329; 170; 235.6; 
567; 0; 2246.2559; 170; 235.8; 
567; 0; 2246.2558; 170; 236; 
567; 0; 2245.1827; 170; 236.2; 
567; 0; 2244.1096; 170; 236.4; 
567; 0; 2244.1095; 170; 236.6; 
567; 0; 2243.0363; 170; 236.8; 
567; 0; 2243.0361; 170; 237; 
567; 0; 2241.9629; 170; 237.2; 
567; 0; 2241.9627; 170; 237.4; 
567; 0; 2240.8895; 170; 237.6; 
567; 0; 2240.8892; 170; 237.8; 
567; 0; 2239.816; 170; 238; 
567; 0; 2239.8158; 170; 238.2; 
567; 0; 2239.8155; 170; 238.4; 
567; 0; 2238.7422; 170; 238.6; 
567; 0; 2238.7419; 170; 238.8; 
567; 0; 2238.7416; 170; 239; 
567; 0; 2237.6683; 170; 239.2; 
567; 0; 2237.6681; 170; 239.4; 
567; 0; 2237.6678; 170; 239.6; 
567; 0; 2236.5946; 170; 239.8; 
567; 0; 2236.5943; 170; 240; 
567; 0; 2236.594; 170; 240.2; 
567; 0; 2236.5937; 170; 240.4; 
567; 0; 2235.5206; 170; 240.6; 
567; 0; 2235.5204; 170; 240.8; 
567; 0; 2235.5201; 170; 241; 
567; 0; 2235.5197; 170; 241.2; 
567; 0; 2234.4465; 170; 241.4; 
567; 0; 2234.4462; 170; 241.6; 
567; 0; 2234.4458; 170; 241.8; 
567; 0; 2234.4454; 170; 242; 
567; 0; 2234.4451; 170; 242.2; 
567; 0; 2234.4448; 170; 242.4; 
567; 0; 2234.4445; 170; 242.6; 
567; 0; 2233.3713; 170; 242.8; 
567; 0; 2233.371; 170; 243; 
567; 0; 2233.3707; 170; 243.2; 
567; 0; 2233.3704; 170; 243.4; 
567; 0; 2233.3702; 170; 243.6; 
567; 0; 2233.3699; 170; 243.8; 
567; 0; 2233.3697; 170; 244; 
567; 0; 2233.3694; 170; 244.2; 
567; 0; 2233.3692; 170; 244.4; 
567; 0; 2233.3689; 170; 244.6; 
567; 0; 2233.3685; 170; 244.8; 
567; 0; 2233.3681; 170; 245; 
567; 0; 2233.3677; 170; 245.2; 
567; 0; 2233.3673; 170; 245.4; 
567; 0; 2232.2941; 170; 245.6; 
567; 0; 2232.2938; 170; 245.8; 
567; 0; 2232.2935; 170; 246; 
567; 0; 2233.3661; 170; 246.2; 
567; 0; 2233.3656; 170; 246.4; 
567; 0; 2234.4373; 170; 246.6; 
567; 0; 2234.4349; 170; 246.8; 
567; 0; 2234.4309; 170; 247; 
567; 0; 2234.4255; 170; 247.2; 
567; 0; 2234.4191; 170; 247.4; 
567; 0; 2234.4127; 170; 247.6; 
567; 0; 2234.4073; 170; 247.8; 
567; 0; 2235.4768; 170; 248; 
567; 0; 2237.6216; 170; 248.2; 
567; 0; 2238.6963; 170; 248.4; 
567; 0; 2239.7733; 170; 248.6; 
567; 0; 2241.9248; 170; 248.8; 
567; 0; 2243.0044; 170; 249; 
567; 0; 2244.0841; 170; 249.2; 
567; 0; 2244.0904; 170; 249.4; 
567; 0; 2245.1683; 170; 249.6; 
567; 0; 2245.1716; 170; 249.8; 
567; 0; 2244.1003; 170; 250; 
567; 0; 2244.1004; 170; 250.2; 
567; 0; 2244.0991; 170; 250.4; 
567; 0; 2243.0241; 170; 250.6; 
567; 0; 2243.0215; 170; 250.8; 
567; 0; 2243.0189; 170; 251; 
567; 0; 2241.9437; 170; 251.2; 
567; 0; 2241.9418; 170; 251.4; 
567; 0; 2241.9404; 170; 251.6; 
567; 0; 2241.9395; 170; 251.8; 
567; 0; 2240.8662; 170; 252; 
567; 0; 2240.8663; 170; 252.2; 
567; 0; 2240.8665; 170; 252.4; 
567; 0; 2240.8668; 170; 252.6; 
567; 0; 2240.8671; 170; 252.8; 
567; 0; 2240.8672; 170; 253; 
567; 0; 2239.7943; 170; 253.2; 
567; 0; 2239.7941; 170; 253.4; 
567; 0; 2239.7938; 170; 253.6; 
567; 0; 2239.7934; 170; 253.8; 
567; 0; 2238.7201; 170; 254; 
567; 0; 2238.7196; 170; 254.2; 
567; 0; 2238.7192; 170; 254.4; 
567; 0; 2238.7188; 170; 254.6; 
567; 0; 2238.7184; 170; 254.8; 
567; 0; 2237.6451; 170; 255; 
567; 0; 2237.6447; 170; 255.2; 
567; 0; 2237.6444; 170; 255.4; 
567; 0; 2237.6441; 170; 255.6; 
567; 0; 2237.6438; 170; 255.8; 
567; 0; 2237.6436; 170; 256; 
567; 0; 2237.6433; 170; 256.2; 
567; 0; 2236.5702; 170; 256.4; 
567; 0; 2236.57; 170; 256.6; 
567; 0; 2236.5697; 170; 256.8; 
567; 0; 2236.5694; 170; 257; 
567; 0; 2236.5691; 170; 257.2; 
567; 0; 2236.5688; 170; 257.4; 
567; 0; 2236.5683; 170; 257.6; 
567; 0; 2237.64; 170; 257.8; 
567; 0; 2237.6378; 170; 258; 
567; 0; 2237.634; 170; 258.2; 
567; 0; 2237.6282; 170; 258.4; 
567; 0; 2238.6924; 170; 258.6; 
567; 0; 2237.6076; 170; 258.8; 
567; 0; 2238.6656; 170; 259; 
567; 0; 2238.649; 170; 259.2; 
567; 0; 2240.7778; 170; 259.4; 
567; 0; 2243.981; 170; 259.6; 
567; 0; 2248.2603; 170; 259.8; 
567; 0; 2253.6171; 170; 260; 
567; 0; 2260.0519; 170; 260.2; 
567; 0; 2267.4775; 170; 260.4; 
567; 0; 2273.0424; 170; 260.6; 
567; 0; 2277.6835; 170; 260.8; 
567; 0; 2282.3262; 170; 261; 
567; 0; 2286.0432; 170; 261.2; 
567; 0; 2289.7597; 170; 261.4; 
567; 0; 2291.6217; 170; 261.6; 
567; 0; 2293.4815; 170; 261.8; 
567; 0; 2294.4119; 170; 262; 
567; 0; 2294.4129; 170; 262.2; 
567; 0; 2294.4113; 170; 262.4; 
567; 0; 2295.3341; 170; 262.6; 
567; 0; 2295.3289; 170; 262.8; 
567; 0; 2296.2495; 170; 263; 
567; 0; 2297.1701; 170; 263.2; 
567; 0; 2298.0913; 170; 263.4; 
567; 0; 2299.9401; 170; 263.6; 
567; 0; 2300.8638; 170; 263.8; 
567; 0; 2303.6422; 170; 264; 
567; 0; 2305.4955; 170; 264.2; 
567; 0; 2307.3501; 170; 264.4; 
567; 0; 2309.2056; 170; 264.6; 
567; 0; 2310.1352; 170; 264.8; 
567; 0; 2311.065; 170; 265; 
567; 0; 2312.9211; 170; 265.2; 
567; 0; 2312.9236; 170; 265.4; 
567; 0; 2313.8519; 170; 265.6; 
567; 0; 2313.8528; 170; 265.8; 
567; 0; 2313.8528; 170; 266; 
567; 0; 2313.852; 170; 266.2; 
567; 0; 2313.8506; 170; 266.4; 
567; 0; 2313.8488; 170; 266.6; 
567; 0; 2314.7734; 170; 266.8; 
567; 0; 2314.7714; 170; 267; 
567; 0; 2314.7697; 170; 267.2; 
567; 0; 2315.695; 170; 267.4; 
567; 0; 2315.6941; 170; 267.6; 
567; 0; 2316.6203; 170; 267.8; 
567; 0; 2317.5471; 170; 268; 
567; 0; 2318.4749; 170; 268.2; 
567; 0; 2319.4041; 170; 268.4; 
567; 0; 2319.4084; 170; 268.6; 
567; 0; 2320.3409; 170; 268.8; 
567; 0; 2320.3481; 170; 269; 
567; 0; 2319.4293; 170; 269.2; 
567; 0; 2318.5104; 170; 269.4; 
567; 0; 2317.5904; 170; 269.6; 
567; 0; 2314.8155; 170; 269.8; 
567; 0; 2312.965; 170; 270; 
567; 0; 2310.1857; 170; 270.2; 
567; 0; 2307.4043; 170; 270.4; 
567; 0; 2304.6212; 170; 270.6; 
567; 0; 2300.9103; 170; 270.8; 
567; 0; 2298.1257; 170; 271; 
567; 0; 2296.2679; 170; 271.2; 
567; 0; 2293.4841; 170; 271.4; 
567; 0; 2291.628; 170; 271.6; 
567; 0; 2289.773; 170; 271.8; 
567; 0; 2287.9191; 170; 272; 
567; 0; 2286.0662; 170; 272.2; 
567; 0; 2285.1406; 170; 272.4; 
567; 0; 2283.2889; 170; 272.6; 
567; 0; 2281.4374; 170; 272.8; 
567; 0; 2279.5858; 170; 273; 
567; 0; 2278.6604; 170; 273.2; 
567; 0; 2276.8081; 170; 273.4; 
567; 0; 2274.9552; 170; 273.6; 
567; 0; 2273.1019; 170; 273.8; 
567; 0; 2271.2482; 170; 274; 
567; 0; 2269.3943; 170; 274.2; 
567; 0; 2267.5402; 170; 274.4; 
567; 0; 2266.5867; 170; 274.6; 
567; 0; 2264.4398; 170; 274.8; 
567; 0; 2263.366; 170; 275; 
567; 0; 2261.2197; 170; 275.2; 
567; 0; 2260.1465; 170; 275.4; 
567; 0; 2259.0737; 170; 275.6; 
567; 0; 2258.0011; 170; 275.8; 
567; 0; 2256.9286; 170; 276; 
567; 0; 2255.8563; 170; 276.2; 
567; 0; 2254.7838; 170; 276.4; 
567; 0; 2253.7112; 170; 276.6; 
567; 0; 2252.6384; 170; 276.8; 
567; 0; 2251.5655; 170; 277; 
567; 0; 2250.4924; 170; 277.2; 
567; 0; 2249.4192; 170; 277.4; 
567; 0; 2248.3459; 170; 277.6; 
567; 0; 2247.2726; 170; 277.8; 
567; 0; 2246.1994; 170; 278; 
567; 0; 2245.1262; 170; 278.2; 
567; 0; 2245.126; 170; 278.4; 
567; 0; 2244.053; 170; 278.6; 
567; 0; 2242.9801; 170; 278.8; 
567; 0; 2242.9801; 170; 279; 
567; 0; 2241.9072; 170; 279.2; 
567; 0; 2240.8343; 170; 279.4; 
567; 0; 2240.8342; 170; 279.6; 
567; 0; 2239.7612; 170; 279.8; 
567; 0; 2239.761; 170; 280; 
567; 0; 2238.688; 170; 280.2; 
567; 0; 2238.6878; 170; 280.4; 
567; 0; 2237.6148; 170; 280.6; 
567; 0; 2237.6145; 170; 280.8; 
567; 0; 2237.6144; 170; 281; 
567; 0; 2236.5414; 170; 281.2; 
567; 0; 2236.5412; 170; 281.4; 
567; 0; 2235.4681; 170; 281.6; 
567; 0; 2235.4679; 170; 281.8; 
567; 0; 2235.4678; 170; 282; 
567; 0; 2235.4676; 170; 282.2; 
567; 0; 2234.3946; 170; 282.4; 
567; 0; 2234.3943; 170; 282.6; 
567; 0; 2234.3941; 170; 282.8; 
567; 0; 2234.3938; 170; 283; 
567; 0; 2233.3207; 170; 283.2; 
567; 0; 2233.3204; 170; 283.4; 
567; 0; 2233.3202; 170; 283.6; 
567; 0; 2233.32; 170; 283.8; 
567; 0; 2233.3198; 170; 284; 
567; 0; 2232.2468; 170; 284.2; 
567; 0; 2232.2466; 170; 284.4; 
567; 0; 2232.2465; 170; 284.6; 
567; 0; 2232.2463; 170; 284.8; 
567; 0; 2232.2461; 170; 285; 
567; 0; 2232.2459; 170; 285.2; 
567; 0; 2232.2457; 170; 285.4; 
567; 0; 2232.2454; 170; 285.6; 
567; 0; 2232.2453; 170; 285.8; 
567; 0; 2232.245; 170; 286; 
567; 0; 2231.1719; 170; 286.2; 
567; 0; 2231.1717; 170; 286.4; 
567; 0; 2231.1714; 170; 286.6; 
567; 0; 2231.1712; 170; 286.8; 
567; 0; 2231.1709; 170; 287; 
567; 0; 2231.1707; 170; 287.2; 
567; 0; 2231.1705; 170; 287.4; 
567; 0; 2231.1702; 170; 287.6; 
567; 0; 2231.17; 170; 287.8; 
567; 0; 2231.1697; 170; 288; 
567; 0; 2231.1695; 170; 288.2; 
567; 0; 2232.242; 170; 288.4; 
567; 0; 2232.2415; 170; 288.6; 
567; 0; 2232.2407; 170; 288.8; 
567; 0; 2232.2395; 170; 289; 
567; 0; 2232.2383; 170; 289.2; 
567; 0; 2232.2369; 170; 289.4; 
567; 0; 2232.2357; 170; 289.6; 
567; 0; 2232.2348; 170; 289.8; 
567; 0; 2233.3073; 170; 290; 
567; 0; 2233.3075; 170; 290.2; 
567; 0; 2233.3081; 170; 290.4; 
567; 0; 2233.309; 170; 290.6; 
567; 0; 2234.3829; 170; 290.8; 
567; 0; 2234.384; 170; 291; 
567; 0; 2234.3849; 170; 291.2; 
567; 0; 2234.3856; 170; 291.4; 
567; 0; 2234.3859; 170; 291.6; 
567; 0; 2234.386; 170; 291.8; 
567; 0; 2234.3857; 170; 292; 
567; 0; 2234.3852; 170; 292.2; 
567; 0; 2234.3846; 170; 292.4; 
567; 0; 2234.384; 170; 292.6; 
567; 0; 2233.3104; 170; 292.8; 
567; 0; 2233.3098; 170; 293; 
567; 0; 2233.3092; 170; 293.2; 
567; 0; 2233.3087; 170; 293.4; 
567; 0; 2233.3083; 170; 293.6; 
567; 0; 2233.308; 170; 293.8; 
567; 0; 2233.3078; 170; 294; 
567; 0; 2233.3076; 170; 294.2; 
567; 0; 2233.3074; 170; 294.4; 
567; 0; 2233.3072; 170; 294.6; 
567; 0; 2233.307; 170; 294.8; 
567; 0; 2233.3067; 170; 295; 
567; 0; 2233.3065; 170; 295.2; 
567; 0; 2233.3063; 170; 295.4; 
567; 0; 2233.3061; 170; 295.6; 
567; 0; 2233.3059; 170; 295.8; 
567; 0; 2233.3057; 170; 296; 
567; 0; 2233.3054; 170; 296.2; 
567; 0; 2233.3051; 170; 296.4; 
567; 0; 2233.3048; 170; 296.6; 
567; 0; 2233.3045; 170; 296.8; 
567; 0; 2233.3043; 170; 297; 
567; 0; 2233.3041; 170; 297.2; 
567; 0; 2233.3038; 170; 297.4; 
567; 0; 2233.3036; 170; 297.6; 
567; 0; 2233.3035; 170; 297.8; 
567; 0; 2233.3033; 170; 298; 
567; 0; 2234.3757; 170; 298.2; 
567; 0; 2234.3745; 170; 298.4; 
567; 0; 2234.372; 170; 298.6; 
567; 0; 2235.4403; 170; 298.8; 
567; 0; 2235.4333; 170; 299; 
567; 0; 2235.4232; 170; 299.2; 
567; 0; 2235.4099; 170; 299.4; 
567; 0; 2236.4668; 170; 299.6; 
567; 0; 2237.5229; 170; 299.8; 
567; 0; 2240.725; 170; 300; 
567; 0; 2243.9298; 170; 300.2; 
567; 0; 2249.2839; 170; 300.4; 
567; 0; 2255.7157; 170; 300.6; 
567; 0; 2262.1529; 170; 300.8; 
567; 0; 2268.3765; 170; 301; 
567; 0; 2273.9424; 170; 301.2; 
567; 0; 2278.584; 170; 301.4; 
567; 0; 2282.3003; 170; 301.6; 
567; 0; 2286.0166; 170; 301.8; 
567; 0; 2287.8789; 170; 302; 
567; 0; 2289.7393; 170; 302.2; 
567; 0; 2291.5972; 170; 302.4; 
567; 0; 2291.5993; 170; 302.6; 
567; 0; 2292.5253; 170; 302.8; 
567; 0; 2292.5224; 170; 303; 
567; 0; 2292.5179; 170; 303.2; 
567; 0; 2293.4389; 170; 303.4; 
567; 0; 2294.3596; 170; 303.6; 
567; 0; 2295.2806; 170; 303.8; 
567; 0; 2296.2025; 170; 304; 
567; 0; 2298.0523; 170; 304.2; 
567; 0; 2299.9035; 170; 304.4; 
567; 0; 2302.6827; 170; 304.6; 
567; 0; 2304.5367; 170; 304.8; 
567; 0; 2306.3919; 170; 305; 
567; 0; 2307.3213; 170; 305.2; 
567; 0; 2309.1775; 170; 305.4; 
567; 0; 2310.1071; 170; 305.6; 
567; 0; 2311.0362; 170; 305.8; 
567; 0; 2311.0382; 170; 306; 
567; 0; 2311.0393; 170; 306.2; 
567; 0; 2311.966; 170; 306.4; 
567; 0; 2311.9654; 170; 306.6; 
567; 0; 2311.9642; 170; 306.8; 
567; 0; 2311.9625; 170; 307; 
567; 0; 2311.9606; 170; 307.2; 
567; 0; 2311.9586; 170; 307.4; 
567; 0; 2312.8834; 170; 307.6; 
567; 0; 2312.882; 170; 307.8; 
567; 0; 2313.8076; 170; 308; 
567; 0; 2314.7337; 170; 308.2; 
567; 0; 2314.7338; 170; 308.4; 
567; 0; 2315.6607; 170; 308.6; 
567; 0; 2315.6615; 170; 308.8; 
567; 0; 2316.5889; 170; 309; 
567; 0; 2316.5898; 170; 309.2; 
567; 0; 2316.5907; 170; 309.4; 
567; 0; 2316.5914; 170; 309.6; 
567; 0; 2316.5918; 170; 309.8; 
567; 0; 2316.592; 170; 310; 
567; 0; 2316.5919; 170; 310.2; 
567; 0; 2316.5915; 170; 310.4; 
567; 0; 2316.591; 170; 310.6; 
567; 0; 2316.5903; 170; 310.8; 
567; 0; 2316.5895; 170; 311; 
567; 0; 2316.5888; 170; 311.2; 
567; 0; 2316.5882; 170; 311.4; 
567; 0; 2316.5878; 170; 311.6; 
567; 0; 2317.514; 170; 311.8; 
567; 0; 2317.5139; 170; 312; 
567; 0; 2317.5139; 170; 312.2; 
567; 0; 2317.5141; 170; 312.4; 
567; 0; 2317.5144; 170; 312.6; 
567; 0; 2317.5146; 170; 312.8; 
567; 0; 2317.5149; 170; 313; 
567; 0; 2317.5151; 170; 313.2; 
567; 0; 2317.5152; 170; 313.4; 
567; 0; 2317.5154; 170; 313.6; 
567; 0; 2317.516; 170; 313.8; 
567; 0; 2318.4442; 170; 314; 
567; 0; 2318.4475; 170; 314.2; 
567; 0; 2318.4525; 170; 314.4; 
567; 0; 2318.4592; 170; 314.6; 
567; 0; 2317.5403; 170; 314.8; 
567; 0; 2316.6216; 170; 315; 
567; 0; 2314.7755; 170; 315.2; 
567; 0; 2312.0013; 170; 315.4; 
567; 0; 2310.1517; 170; 315.6; 
567; 0; 2307.3732; 170; 315.8; 
567; 0; 2303.6661; 170; 316; 
567; 0; 2300.8838; 170; 316.2; 
567; 0; 2298.1003; 170; 316.4; 
567; 0; 2294.3897; 170; 316.6; 
567; 0; 2291.6056; 170; 316.8; 
567; 0; 2288.822; 170; 317; 
567; 0; 2286.9659; 170; 317.2; 
567; 0; 2285.1108; 170; 317.4; 
567; 0; 2282.3302; 170; 317.6; 
567; 0; 2280.4771; 170; 317.8; 
567; 0; 2278.6247; 170; 318; 
567; 0; 2276.7728; 170; 318.2; 
567; 0; 2275.8475; 170; 318.4; 
567; 0; 2273.9956; 170; 318.6; 
567; 0; 2272.1435; 170; 318.8; 
567; 0; 2270.2911; 170; 319; 
567; 0; 2268.4383; 170; 319.2; 
567; 0; 2266.5445; 170; 319.4; 
567; 0; 2264.3984; 170; 319.6; 
567; 0; 2262.2521; 170; 319.8; 
567; 0; 2260.1055; 170; 320; 
567; 0; 2259.0318; 170; 320.2; 
567; 0; 2256.8852; 170; 320.4; 
567; 0; 2255.8116; 170; 320.6; 
567; 0; 2254.7382; 170; 320.8; 
567; 0; 2252.5923; 170; 321; 
567; 0; 2251.5194; 170; 321.2; 
567; 0; 2250.4467; 170; 321.4; 
567; 0; 2249.374; 170; 321.6; 
567; 0; 2248.3014; 170; 321.8; 
567; 0; 2247.2289; 170; 322; 
567; 0; 2246.1563; 170; 322.2; 
567; 0; 2245.0836; 170; 322.4; 
567; 0; 2244.0109; 170; 322.6; 
567; 0; 2242.938; 170; 322.8; 
567; 0; 2241.8651; 170; 323; 
567; 0; 2240.7921; 170; 323.2; 
567; 0; 2239.7191; 170; 323.4; 
567; 0; 2239.7188; 170; 323.6; 
567; 0; 2238.6459; 170; 323.8; 
567; 0; 2237.5729; 170; 324; 
567; 0; 2237.5727; 170; 324.2; 
567; 0; 2236.4998; 170; 324.4; 
567; 0; 2236.4997; 170; 324.6; 
567; 0; 2235.4267; 170; 324.8; 
567; 0; 2235.4266; 170; 325; 
567; 0; 2234.3537; 170; 325.2; 
567; 0; 2234.3535; 170; 325.4; 
567; 0; 2233.2806; 170; 325.6; 
567; 0; 2233.2805; 170; 325.8; 
567; 0; 2233.2803; 170; 326; 
567; 0; 2232.2074; 170; 326.2; 
567; 0; 2232.2072; 170; 326.4; 
567; 0; 2232.2071; 170; 326.6; 
567; 0; 2231.1342; 170; 326.8; 
567; 0; 2231.1341; 170; 327; 
567; 0; 2231.134; 170; 327.2; 
567; 0; 2231.1339; 170; 327.4; 
567; 0; 2230.0609; 170; 327.6; 
567; 0; 2230.0607; 170; 327.8; 
567; 0; 2230.0605; 170; 328; 
567; 0; 2230.0603; 170; 328.2; 
567; 0; 2230.0601; 170; 328.4; 
567; 0; 2230.0599; 170; 328.6; 
567; 0; 2228.987; 170; 328.8; 
567; 0; 2228.9868; 170; 329; 
567; 0; 2228.9866; 170; 329.2; 
567; 0; 2228.9865; 170; 329.4; 
567; 0; 2228.9863; 170; 329.6; 
567; 0; 2228.9861; 170; 329.8; 
567; 0; 2228.9858; 170; 330; 
567; 0; 2228.9855; 170; 330.2; 
567; 0; 2228.9853; 170; 330.4; 
567; 0; 2228.985; 170; 330.6; 
567; 0; 2228.9848; 170; 330.8; 
567; 0; 2228.9847; 170; 331; 
567; 0; 2227.9118; 170; 331.2; 
567; 0; 2227.9116; 170; 331.4; 
567; 0; 2227.9115; 170; 331.6; 
567; 0; 2227.9114; 170; 331.8; 
567; 0; 2227.9113; 170; 332; 
567; 0; 2227.9111; 170; 332.2; 
567; 0; 2227.9109; 170; 332.4; 
567; 0; 2227.9106; 170; 332.6; 
567; 0; 2227.9104; 170; 332.8; 
567; 0; 2227.9103; 170; 333; 
567; 0; 2227.9101; 170; 333.2; 
567; 0; 2227.91; 170; 333.4; 
567; 0; 2228.9826; 170; 333.6; 
567; 0; 2228.9825; 170; 333.8; 
567; 0; 2228.9822; 170; 334; 
567; 0; 2228.982; 170; 334.2; 
567; 0; 2228.9817; 170; 334.4; 
567; 0; 2228.9814; 170; 334.6; 
567; 0; 2228.9812; 170; 334.8; 
567; 0; 2228.981; 170; 335; 
567; 0; 2228.9809; 170; 335.2; 
567; 0; 2228.9807; 170; 335.4; 
567; 0; 2228.9806; 170; 335.6; 
567; 0; 2228.9804; 170; 335.8; 
567; 0; 2228.9802; 170; 336; 
567; 0; 2228.98; 170; 336.2; 
567; 0; 2228.9798; 170; 336.4; 
567; 0; 2228.9796; 170; 336.6; 
567; 0; 2228.9794; 170; 336.8; 
567; 0; 2228.9792; 170; 337; 
567; 0; 2228.979; 170; 337.2; 
567; 0; 2228.9788; 170; 337.4; 
567; 0; 2228.9786; 170; 337.6; 
567; 0; 2228.9784; 170; 337.8; 
567; 0; 2228.9783; 170; 338; 
567; 0; 2228.9781; 170; 338.2; 
567; 0; 2228.9779; 170; 338.4; 
567; 0; 2228.9777; 170; 338.6; 
567; 0; 2230.0503; 170; 338.8; 
567; 0; 2230.0502; 170; 339; 
567; 0; 2230.0501; 170; 339.2; 
567; 0; 2230.05; 170; 339.4; 
567; 0; 2230.0498; 170; 339.6; 
567; 0; 2230.0496; 170; 339.8; 
567; 0; 2230.0495; 170; 340; 
567; 0; 2230.0493; 170; 340.2; 
567; 0; 2230.0491; 170; 340.4; 
567; 0; 2230.0489; 170; 340.6; 
567; 0; 2230.0487; 170; 340.8; 
567; 0; 2230.0484; 170; 341; 
567; 0; 2230.0481; 170; 341.2; 
567; 0; 2230.0479; 170; 341.4; 
567; 0; 2230.0477; 170; 341.6; 
567; 0; 2230.0475; 170; 341.8; 
567; 0; 2230.0474; 170; 342; 
567; 0; 2230.0472; 170; 342.2; 
567; 0; 2231.1197; 170; 342.4; 
567; 0; 2231.1196; 170; 342.6; 
567; 0; 2231.1194; 170; 342.8; 
567; 0; 2231.1192; 170; 343; 
567; 0; 2231.1191; 170; 343.2; 
567; 0; 2232.1916; 170; 343.4; 
567; 0; 2232.1914; 170; 343.6; 
567; 0; 2233.2638; 170; 343.8; 
567; 0; 2233.2629; 170; 344; 
567; 0; 2234.3336; 170; 344.2; 
567; 0; 2234.3301; 170; 344.4; 
567; 0; 2235.3973; 170; 344.6; 
567; 0; 2235.389; 170; 344.8; 
567; 0; 2235.3775; 170; 345; 
567; 0; 2235.363; 170; 345.2; 
567; 0; 2236.4194; 170; 345.4; 
567; 0; 2238.5482; 170; 345.6; 
567; 0; 2241.7514; 170; 345.8; 
567; 0; 2246.0304; 170; 346; 
567; 0; 2251.3866; 170; 346.2; 
567; 0; 2257.8207; 170; 346.4; 
567; 0; 2264.2602; 170; 346.6; 
567; 0; 2270.2059; 170; 346.8; 
567; 0; 2275.7726; 170; 347; 
567; 0; 2279.4882; 170; 347.2; 
567; 0; 2283.2044; 170; 347.4; 
567; 0; 2285.9937; 170; 347.6; 
567; 0; 2287.8549; 170; 347.8; 
567; 0; 2289.714; 170; 348; 
567; 0; 2290.6438; 170; 348.2; 
567; 0; 2290.6444; 170; 348.4; 
567; 0; 2291.569; 170; 348.6; 
567; 0; 2291.5651; 170; 348.8; 
567; 0; 2291.56; 170; 349; 
567; 0; 2292.4807; 170; 349.2; 
567; 0; 2293.4016; 170; 349.4; 
567; 0; 2294.3232; 170; 349.6; 
567; 0; 2296.1724; 170; 349.8; 
567; 0; 2298.023; 170; 350; 
567; 0; 2299.8751; 170; 350.2; 
567; 0; 2301.7287; 170; 350.4; 
567; 0; 2303.5834; 170; 350.6; 
567; 0; 2305.439; 170; 350.8; 
567; 0; 2306.3685; 170; 351; 
567; 0; 2307.2981; 170; 351.2; 
567; 0; 2308.2273; 170; 351.4; 
567; 0; 2309.1562; 170; 351.6; 
567; 0; 2309.1584; 170; 351.8; 
567; 0; 2310.0871; 170; 352; 
567; 0; 2310.0896; 170; 352.2; 
567; 0; 2310.0923; 170; 352.4; 
567; 0; 2310.0954; 170; 352.6; 
567; 0; 2309.1723; 170; 352.8; 
567; 0; 2309.1756; 170; 353; 
567; 0; 2308.2521; 170; 353.2; 
567; 0; 2306.4017; 170; 353.4; 
567; 0; 2305.4769; 170; 353.6; 
567; 0; 2303.6249; 170; 353.8; 
567; 0; 2301.772; 170; 354; 
567; 0; 2299.9182; 170; 354.2; 
567; 0; 2297.1374; 170; 354.4; 
567; 0; 2295.2827; 170; 354.6; 
567; 0; 2293.4279; 170; 354.8; 
567; 0; 2291.5731; 170; 355; 
567; 0; 2289.7186; 170; 355.2; 
567; 0; 2288.7911; 170; 355.4; 
567; 0; 2286.9375; 170; 355.6; 
567; 0; 2285.0845; 170; 355.8; 
567; 0; 2284.1584; 170; 356; 
567; 0; 2282.3061; 170; 356.2; 
567; 0; 2281.3804; 170; 356.4; 
567; 0; 2279.5284; 170; 356.6; 
567; 0; 2277.6763; 170; 356.8; 
567; 0; 2276.7505; 170; 357; 
567; 0; 2274.898; 170; 357.2; 
567; 0; 2273.0452; 170; 357.4; 
567; 0; 2272.1187; 170; 357.6; 
567; 0; 2270.2656; 170; 357.8; 
567; 0; 2269.3388; 170; 358; 
567; 0; 2267.4855; 170; 358.2; 
567; 0; 2266.5039; 170; 358.4; 
567; 0; 2264.358; 170; 358.6; 
567; 0; 2263.285; 170; 358.8; 
567; 0; 2262.2121; 170; 359; 
567; 0; 2261.1394; 170; 359.2; 
567; 0; 2258.9942; 170; 359.4; 
567; 0; 2257.9217; 170; 359.6; 
567; 0; 2256.8493; 170; 359.8; 
567; 0; 2255.7769; 170; 360; 
567; 0; 2254.7044; 170; 360.2; 
567; 0; 2253.6319; 170; 360.4; 
567; 0; 2252.5594; 170; 360.6; 
567; 0; 2251.4867; 170; 360.8; 
567; 0; 2250.414; 170; 361; 
567; 0; 2249.3413; 170; 361.2; 
567; 0; 2248.2685; 170; 361.4; 
567; 0; 2248.2684; 170; 361.6; 
567; 0; 2247.1955; 170; 361.8; 
567; 0; 2246.1228; 170; 362; 
567; 0; 2245.05; 170; 362.2; 
567; 0; 2243.9772; 170; 362.4; 
567; 0; 2243.9771; 170; 362.6; 
567; 0; 2242.9043; 170; 362.8; 
567; 0; 2242.9043; 170; 363; 
567; 0; 2241.8316; 170; 363.2; 
567; 0; 2240.7589; 170; 363.4; 
567; 0; 2240.7589; 170; 363.6; 
567; 0; 2239.6862; 170; 363.8; 
567; 0; 2239.6862; 170; 364; 
567; 0; 2238.6135; 170; 364.2; 
567; 0; 2238.6134; 170; 364.4; 
567; 0; 2237.5406; 170; 364.6; 
567; 0; 2237.5404; 170; 364.8; 
567; 0; 2236.4675; 170; 365; 
567; 0; 2236.4674; 170; 365.2; 
567; 0; 2236.4674; 170; 365.4; 
567; 0; 2235.3946; 170; 365.6; 
567; 0; 2235.3946; 170; 365.8; 
567; 0; 2235.3946; 170; 366; 
567; 0; 2234.3219; 170; 366.2; 
567; 0; 2234.3218; 170; 366.4; 
567; 0; 2234.3217; 170; 366.6; 
567; 0; 2233.249; 170; 366.8; 
567; 0; 2233.2488; 170; 367; 
567; 0; 2233.2487; 170; 367.2; 
567; 0; 2233.2486; 170; 367.4; 
567; 0; 2232.1756; 170; 367.6; 
567; 0; 2232.1753; 170; 367.8; 
567; 0; 2232.1751; 170; 368; 
567; 0; 2232.175; 170; 368.2; 
567; 0; 2231.1022; 170; 368.4; 
567; 0; 2231.1021; 170; 368.6; 
567; 0; 2231.102; 170; 368.8; 
567; 0; 2231.1019; 170; 369; 
567; 0; 2231.1017; 170; 369.2; 
567; 0; 2231.1016; 170; 369.4; 
567; 0; 2231.1015; 170; 369.6; 
567; 0; 2230.0287; 170; 369.8; 
567; 0; 2230.0286; 170; 370; 
567; 0; 2230.0285; 170; 370.2; 
567; 0; 2230.0283; 170; 370.4; 
567; 0; 2230.0281; 170; 370.6; 
567; 0; 2230.0279; 170; 370.8; 
567; 0; 2230.0278; 170; 371; 
567; 0; 2230.0276; 170; 371.2; 
567; 0; 2230.0275; 170; 371.4; 
567; 0; 2230.0274; 170; 371.6; 
567; 0; 2230.0273; 170; 371.8; 
567; 0; 2230.0271; 170; 372; 
567; 0; 2230.027; 170; 372.2; 
567; 0; 2230.0269; 170; 372.4; 
567; 0; 2228.9541; 170; 372.6; 
567; 0; 2228.954; 170; 372.8; 
567; 0; 2228.9539; 170; 373; 
567; 0; 2228.9537; 170; 373.2; 
567; 0; 2228.9535; 170; 373.4; 
567; 0; 2228.9532; 170; 373.6; 
567; 0; 2228.9529; 170; 373.8; 
567; 0; 2228.9527; 170; 374; 
567; 0; 2228.9526; 170; 374.2; 
567; 0; 2228.9525; 170; 374.4; 
567; 0; 2228.9524; 170; 374.6; 
567; 0; 2228.9524; 170; 374.8; 
567; 0; 2228.9523; 170; 375; 
567; 0; 2228.9521; 170; 375.2; 
567; 0; 2228.9519; 170; 375.4; 
567; 0; 2228.9518; 170; 375.6; 
567; 0; 2228.9517; 170; 375.8; 
567; 0; 2228.9516; 170; 376; 
567; 0; 2228.9514; 170; 376.2; 
567; 0; 2228.9512; 170; 376.4; 
567; 0; 2228.951; 170; 376.6; 
567; 0; 2228.9508; 170; 376.8; 
567; 0; 2228.9507; 170; 377; 
567; 0; 2230.0233; 170; 377.2; 
567; 0; 2230.0232; 170; 377.4; 
567; 0; 2230.0231; 170; 377.6; 
567; 0; 2230.023; 170; 377.8; 
567; 0; 2230.0228; 170; 378; 
567; 0; 2230.0226; 170; 378.2; 
567; 0; 2230.0224; 170; 378.4; 
567; 0; 2230.0222; 170; 378.6; 
567; 0; 2230.0221; 170; 378.8; 
567; 0; 2231.0947; 170; 379; 
567; 0; 2231.0946; 170; 379.2; 
567; 0; 2231.0945; 170; 379.4; 
567; 0; 2231.0945; 170; 379.6; 
567; 0; 2231.0943; 170; 379.8; 
567; 0; 2231.0941; 170; 380; 
567; 0; 2231.0939; 170; 380.2; 
567; 0; 2232.1662; 170; 380.4; 
567; 0; 2232.1659; 170; 380.6; 
567; 0; 2232.1657; 170; 380.8; 
567; 0; 2232.1655; 170; 381; 
567; 0; 2232.1654; 170; 381.2; 
567; 0; 2232.1653; 170; 381.4; 
567; 0; 2232.1652; 170; 381.6; 
567; 0; 2233.2378; 170; 381.8; 
567; 0; 2233.2377; 170; 382; 
567; 0; 2233.2376; 170; 382.2; 
567; 0; 2233.2375; 170; 382.4; 
567; 0; 2233.2373; 170; 382.6; 
567; 0; 2233.2372; 170; 382.8; 
567; 0; 2233.2371; 170; 383; 
567; 0; 2233.2369; 170; 383.2; 
567; 0; 2233.2368; 170; 383.4; 
567; 0; 2233.2366; 170; 383.6; 
567; 0; 2233.2365; 170; 383.8; 
567; 0; 2233.2364; 170; 384; 
567; 0; 2233.2363; 170; 384.2; 
567; 0; 2233.2361; 170; 384.4; 
567; 0; 2233.2359; 170; 384.6; 
567; 0; 2233.2357; 170; 384.8; 
567; 0; 2233.2356; 170; 385; 
567; 0; 2233.2354; 170; 385.2; 
567; 0; 2233.2352; 170; 385.4; 
567; 0; 2234.3078; 170; 385.6; 
567; 0; 2234.3077; 170; 385.8; 
567; 0; 2234.3077; 170; 386; 
567; 0; 2234.3076; 170; 386.2; 
567; 0; 2234.3075; 170; 386.4; 
567; 0; 2234.3073; 170; 386.6; 
567; 0; 2234.3072; 170; 386.8; 
567; 0; 2234.307; 170; 387; 
567; 0; 2234.3068; 170; 387.2; 
567; 0; 2234.3067; 170; 387.4; 
567; 0; 2234.3066; 170; 387.6; 
567; 0; 2234.3065; 170; 387.8; 
567; 0; 2234.3064; 170; 388; 
567; 0; 2234.3063; 170; 388.2; 
567; 0; 2234.3061; 170; 388.4; 
567; 0; 2234.306; 170; 388.6; 
567; 0; 2234.3059; 170; 388.8; 
567; 0; 2234.3058; 170; 389; 
567; 0; 2234.3056; 170; 389.2; 
567; 0; 2234.3055; 170; 389.4; 
567; 0; 2234.3053; 170; 389.6; 
567; 0; 2234.3051; 170; 389.8; 
567; 0; 2233.2322; 170; 390; 
567; 0; 2233.232; 170; 390.2; 
567; 0; 2233.2319; 170; 390.4; 
567; 0; 2233.2318; 170; 390.6; 
567; 0; 2233.2316; 170; 390.8; 
567; 0; 2233.2314; 170; 391; 
567; 0; 2233.2313; 170; 391.2; 
567; 0; 2233.2312; 170; 391.4; 
567; 0; 2233.2311; 170; 391.6; 
567; 0; 2233.2311; 170; 391.8; 
567; 0; 2234.3037; 170; 392; 
567; 0; 2234.3036; 170; 392.2; 
567; 0; 2234.3036; 170; 392.4; 
567; 0; 2234.3035; 170; 392.6; 
567; 0; 2234.3033; 170; 392.8; 
567; 0; 2234.3031; 170; 393; 
567; 0; 2234.303; 170; 393.2; 
567; 0; 2234.3029; 170; 393.4; 
567; 0; 2234.3028; 170; 393.6; 
567; 0; 2234.3027; 170; 393.8; 
567; 0; 2234.3025; 170; 394; 
567; 0; 2234.3023; 170; 394.2; 
567; 0; 2234.3022; 170; 394.4; 
567; 0; 2234.302; 170; 394.6; 
567; 0; 2233.2292; 170; 394.8; 
567; 0; 2233.2291; 170; 395; 
567; 0; 2233.229; 170; 395.2; 
567; 0; 2233.2289; 170; 395.4; 
567; 0; 2233.2289; 170; 395.6; 
567; 0; 2233.2288; 170; 395.8; 
567; 0; 2233.2286; 170; 396; 
567; 0; 2233.2285; 170; 396.2; 
567; 0; 2233.2283; 170; 396.4; 
567; 0; 2233.2282; 170; 396.6; 
567; 0; 2233.228; 170; 396.8; 
567; 0; 2233.2278; 170; 397; 
567; 0; 2233.2277; 170; 397.2; 
567; 0; 2233.2276; 170; 397.4; 
567; 0; 2233.2275; 170; 397.6; 
567; 0; 2233.2273; 170; 397.8; 
567; 0; 2234.2998; 170; 398; 
567; 0; 2234.2997; 170; 398.2; 
567; 0; 2234.2996; 170; 398.4; 
567; 0; 2234.2995; 170; 398.6; 
567; 0; 2234.2994; 170; 398.8; 
567; 0; 2234.2992; 170; 399; 
567; 0; 2234.2991; 170; 399.2; 
567; 0; 2234.2992; 170; 399.4; 
567; 0; 2234.2992; 170; 399.6; 
567; 0; 2234.2992; 170; 399.8; 
567; 0; 2234.2991; 170; 400; 
567; 0; 2234.2988; 170; 400.2; 
567; 0; 2233.226; 170; 400.4; 
567; 0; 2233.2258; 170; 400.6; 
567; 0; 2233.2256; 170; 400.8; 
567; 0; 2233.2254; 170; 401; 
567; 0; 2233.2253; 170; 401.2; 
567; 0; 2233.2251; 170; 401.4; 
567; 0; 2233.2249; 170; 401.6; 
567; 0; 2233.2248; 170; 401.8; 
567; 0; 2233.2246; 170; 402; 
567; 0; 2233.2244; 170; 402.2; 
567; 0; 2233.2243; 170; 402.4; 
567; 0; 2233.2243; 170; 402.6; 
567; 0; 2233.2242; 170; 402.8; 
567; 0; 2233.2241; 170; 403; 
567; 0; 2233.2241; 170; 403.2; 
567; 0; 2233.224; 170; 403.4; 
567; 0; 2233.2239; 170; 403.6; 
567; 0; 2233.2239; 170; 403.8; 
567; 0; 2233.2239; 170; 404; 
567; 0; 2233.2238; 170; 404.2; 
567; 0; 2233.2238; 170; 404.4; 
567; 0; 2233.2236; 170; 404.6; 
567; 0; 2233.2234; 170; 404.8; 
567; 0; 2233.2232; 170; 405; 
567; 0; 2233.223; 170; 405.2; 
567; 0; 2233.2228; 170; 405.4; 
567; 0; 2233.2226; 170; 405.6; 
567; 0; 2233.2224; 170; 405.8; 
567; 0; 2233.2222; 170; 406; 
567; 0; 2234.2947; 170; 406.2; 
567; 0; 2234.2947; 170; 406.4; 
567; 0; 2234.2947; 170; 406.6; 
567; 0; 2234.2947; 170; 406.8; 
567; 0; 2234.2946; 170; 407; 
567; 0; 2234.2945; 170; 407.2; 
567; 0; 2234.2944; 170; 407.4; 
567; 0; 2234.2942; 170; 407.6; 
567; 0; 2233.2214; 170; 407.8; 
567; 0; 2233.2212; 170; 408; 
567; 0; 2233.2211; 170; 408.2; 
567; 0; 2233.2209; 170; 408.4; 
567; 0; 2233.2208; 170; 408.6; 
567; 0; 2233.2206; 170; 408.8; 
567; 0; 2233.2205; 170; 409; 
567; 0; 2233.2205; 170; 409.2; 
567; 0; 2233.2204; 170; 409.4; 
567; 0; 2233.2203; 170; 409.6; 
567; 0; 2233.2202; 170; 409.8; 
567; 0; 2233.2202; 170; 410; 
567; 0; 2233.22; 170; 410.2; 
567; 0; 2233.2199; 170; 410.4; 
567; 0; 2233.2198; 170; 410.6; 
567; 0; 2233.2197; 170; 410.8; 
567; 0; 2233.2196; 170; 411; 
567; 0; 2222.4932; 170; 411.2; 
567; 0; 2008.5729; 170; 411.4; 
567; 0; 1772.472; 170; 411.6; 
567; 0; 1747.5595; 170; 411.8; 
567; 0; 1747.5594; 170; 412; 
567; 0; 1747.5593; 170; 412.2; 
567; 0; 1747.5592; 170; 412.4; 
567; 0; 1747.5591; 170; 412.6; 
567; 0; 1747.559; 170; 412.8; 
567; 0; 1747.5588; 170; 413; 
567; 0; 1747.5587; 170; 413.2; 
567; 0; 1747.5585; 170; 413.4; 
567; 0; 1747.5582; 170; 413.6; 
567; 0; 1747.5579; 170; 413.8; 
567; 0; 1747.5576; 170; 414; 
567; 0; 1747.5573; 170; 414.2; 
567; 0; 1747.5569; 170; 414.4; 
567; 0; 1747.5566; 170; 414.6; 
567; 0; 1747.5562; 170; 414.8; 
567; 0; 1747.5558; 170; 415; 
567; 0; 1747.5554; 170; 415.2; 
567; 0; 1747.555; 170; 415.4; 
567; 0; 1747.5545; 170; 415.6; 
567; 0; 1747.554; 170; 415.8; 
567; 0; 1747.5534; 170; 416; 
567; 0; 1732.2003; 170; 416.2; 
567; 0; 1732.1998; 170; 416.4; 
567; 0; 1732.1993; 170; 416.6; 
567; 0; 1732.1987; 170; 416.8; 
567; 0; 1732.1982; 170; 417; 
567; 0; 1732.1976; 170; 417.2; 
567; 0; 1732.197; 170; 417.4; 
567; 0; 1732.1965; 170; 417.6; 
567; 0; 1732.1961; 170; 417.8; 
567; 0; 1732.1956; 170; 418; 
567; 0; 1732.1951; 170; 418.2; 
567; 0; 1732.1946; 170; 418.4; 
567; 0; 1732.1941; 170; 418.6; 
567; 0; 1732.1936; 170; 418.8; 
567; 0; 1732.1931; 170; 419; 
567; 0; 1732.1925; 170; 419.2; 
567; 0; 1732.192; 170; 419.4; 
567; 0; 1732.1915; 170; 419.6; 
567; 0; 1732.191; 170; 419.8; 
567; 0; 1732.1904; 170; 420; 
567; 0; 1732.1899; 170; 420.2; 
567; 0; 1718.5558; 170; 420.4; 
567; 0; 1718.5553; 170; 420.6; 
567; 0; 1718.5548; 170; 420.8; 
567; 0; 1718.5543; 170; 421; 
567; 0; 1718.5538; 170; 421.2; 
567; 0; 1718.5533; 170; 421.4; 
567; 0; 1718.5528; 170; 421.6; 
567; 0; 1718.5524; 170; 421.8; 
567; 0; 1718.5519; 170; 422; 
567; 0; 1718.5514; 170; 422.2; 
567; 0; 1718.5509; 170; 422.4; 
567; 0; 1718.5505; 170; 422.6; 
567; 0; 1718.5499; 170; 422.8; 
567; 0; 1718.5494; 170; 423; 
567; 0; 1718.5489; 170; 423.2; 
567; 0; 1718.5483; 170; 423.4; 
567; 0; 1718.5478; 170; 423.6; 
567; 0; 1718.5474; 170; 423.8; 
567; 0; 1718.5469; 170; 424; 
567; 0; 1718.5464; 170; 424.2; 
567; 0; 1718.546; 170; 424.4; 
567; 0; 1718.5455; 170; 424.6; 
567; 0; 1718.545; 170; 424.8; 
567; 0; 1704.8939; 170; 425; 
567; 0; 1704.8934; 170; 425.2; 
567; 0; 1704.8929; 170; 425.4; 
567; 0; 1704.8924; 170; 425.6; 
567; 0; 1704.8919; 170; 425.8; 
567; 0; 1704.8915; 170; 426; 
567; 0; 1704.891; 170; 426.2; 
567; 0; 1704.8906; 170; 426.4; 
567; 0; 1704.8902; 170; 426.6; 
567; 0; 1704.8898; 170; 426.8; 
567; 0; 1704.8893; 170; 427; 
567; 0; 1704.8888; 170; 427.2; 
567; 0; 1704.8883; 170; 427.4; 
567; 0; 1704.8878; 170; 427.6; 
567; 0; 1704.8873; 170; 427.8; 
567; 0; 1704.8868; 170; 428; 
567; 0; 1704.8863; 170; 428.2; 
567; 0; 1704.8859; 170; 428.4; 
567; 0; 1704.8854; 170; 428.6; 
567; 0; 1704.885; 170; 428.8; 
567; 0; 1704.8846; 170; 429; 
567; 0; 1704.8842; 170; 429.2; 
567; 0; 1704.8837; 170; 429.4; 
567; 0; 1704.8832; 170; 429.6; 
567; 0; 1704.8828; 170; 429.8; 
567; 0; 1689.5616; 170; 430; 
567; 0; 1689.5612; 170; 430.2; 
567; 0; 1689.5607; 170; 430.4; 
567; 0; 1689.5603; 170; 430.6; 
567; 0; 1689.5599; 170; 430.8; 
567; 0; 1689.5595; 170; 431; 
567; 0; 1689.559; 170; 431.2; 
567; 0; 1689.5586; 170; 431.4; 
567; 0; 1689.5582; 170; 431.6; 
567; 0; 1689.5578; 170; 431.8; 
567; 0; 1689.5573; 170; 432; 
567; 0; 1689.5569; 170; 432.2; 
567; 0; 1689.5565; 170; 432.4; 
567; 0; 1689.5561; 170; 432.6; 
567; 0; 1689.5556; 170; 432.8; 
567; 0; 1689.5552; 170; 433; 
567; 0; 1689.5548; 170; 433.2; 
567; 0; 1689.5544; 170; 433.4; 
567; 0; 1689.5539; 170; 433.6; 
567; 0; 1689.5535; 170; 433.8; 
567; 0; 1689.5531; 170; 434; 
567; 0; 1689.5528; 170; 434.2; 
567; 0; 1689.5524; 170; 434.4; 
567; 0; 1689.552; 170; 434.6; 
567; 0; 1689.5515; 170; 434.8; 
567; 0; 1689.5511; 170; 435; 
567; 0; 1689.5507; 170; 435.2; 
567; 0; 1689.5503; 170; 435.4; 
567; 0; 1674.2605; 170; 435.6; 
567; 0; 1674.2601; 170; 435.8; 
567; 0; 1674.2597; 170; 436; 
567; 0; 1674.2593; 170; 436.2; 
567; 0; 1674.259; 170; 436.4; 
567; 0; 1675.4169; 170; 436.6; 
567; 0; 1686.9997; 170; 436.8; 
567; 0; 1699.7407; 170; 437; 
567; 0; 1711.3234; 170; 437.2; 
567; 0; 1724.0643; 170; 437.4; 
567; 0; 1736.0368; 170; 437.6; 
567; 0; 1749.146; 170; 437.8; 
567; 0; 1762.2552; 170; 438; 
567; 0; 1775.3643; 170; 438.2; 
567; 0; 1787.1625; 170; 438.4; 
567; 0; 1798.9607; 170; 438.6; 
567; 0; 1810.7589; 170; 438.8; 
567; 0; 1821.2461; 170; 439; 
567; 0; 1831.7332; 170; 439.2; 
567; 0; 1842.2203; 170; 439.4; 
567; 0; 1851.3964; 170; 439.6; 
567; 0; 1860.5725; 170; 439.8; 
567; 0; 1868.4377; 170; 440; 
567; 0; 1876.3029; 170; 440.2; 
567; 0; 1884.1681; 170; 440.4; 
567; 0; 1892.0333; 170; 440.6; 
567; 0; 1898.5873; 170; 440.8; 
567; 0; 1905.1407; 170; 441; 
567; 0; 1911.693; 170; 441.2; 
567; 0; 1918.2434; 170; 441.4; 
567; 0; 1922.5445; 170; 441.6; 
567; 0; 1925.6979; 170; 441.8; 
567; 0; 1929.9017; 170; 442; 
567; 0; 1933.0497; 170; 442.2; 
567; 0; 1937.2484; 170; 442.4; 
567; 0; 1941.4462; 170; 442.6; 
567; 0; 1946.6972; 170; 442.8; 
567; 0; 1954.0561; 170; 443; 
567; 0; 1961.4181; 170; 443.2; 
567; 0; 1970.8902; 170; 443.4; 
567; 0; 1980.367; 170; 443.6; 
567; 0; 1976.7634; 170; 443.8; 
567; 0; 1986.3443; 170; 444; 
567; 0; 1994.8655; 170; 444.2; 
567; 0; 2002.3258; 170; 444.4; 
567; 0; 2007.66; 170; 444.6; 
567; 0; 2012.9935; 170; 444.8; 
567; 0; 2016.198; 170; 445; 
567; 0; 2018.4887; 170; 445.2; 
567; 0; 2020.7886; 170; 445.4; 
567; 0; 2021.9378; 170; 445.6; 
567; 0; 2021.9365; 170; 445.8; 
567; 0; 2023.078; 170; 446; 
567; 0; 2023.0705; 170; 446.2; 
567; 0; 2024.2079; 170; 446.4; 
567; 0; 2025.3448; 170; 446.6; 
567; 0; 2027.6286; 170; 446.8; 
567; 0; 2029.9138; 170; 447; 
567; 0; 2032.201; 170; 447.2; 
567; 0; 2035.6367; 170; 447.4; 
567; 0; 2037.9286; 170; 447.6; 
567; 0; 2041.3691; 170; 447.8; 
567; 0; 2043.6651; 170; 448; 
567; 0; 2045.9623; 170; 448.2; 
567; 0; 2048.2602; 170; 448.4; 
567; 0; 2049.4118; 170; 448.6; 
567; 0; 2050.563; 170; 448.8; 
567; 0; 2051.7132; 170; 449; 
567; 0; 2051.7158; 170; 449.2; 
567; 0; 2052.8635; 170; 449.4; 
567; 0; 2052.8635; 170; 449.6; 
567; 0; 2052.8624; 170; 449.8; 
567; 0; 2052.8604; 170; 450; 
567; 0; 2052.8578; 170; 450.2; 
567; 0; 2052.855; 170; 450.4; 
567; 0; 2052.8523; 170; 450.6; 
567; 0; 2053.9968; 170; 450.8; 
567; 0; 2053.9966; 170; 451; 
567; 0; 2055.1455; 170; 451.2; 
567; 0; 2056.2976; 170; 451.4; 
567; 0; 2057.4531; 170; 451.6; 
567; 0; 2057.465; 170; 451.8; 
567; 0; 2057.4786; 170; 452; 
567; 0; 2056.3462; 170; 452.2; 
567; 0; 2054.0642; 170; 452.4; 
567; 0; 2050.6332; 170; 452.6; 
567; 0; 2047.1991; 170; 452.8; 
567; 0; 2043.7619; 170; 453; 
567; 0; 2039.1752; 170; 453.2; 
567; 0; 2034.5857; 170; 453.4; 
567; 0; 2029.9942; 170; 453.6; 
567; 0; 2026.5481; 170; 453.8; 
567; 0; 2023.1016; 170; 454; 
567; 0; 2019.6544; 170; 454.2; 
567; 0; 2017.355; 170; 454.4; 
567; 0; 2015.1522; 170; 454.6; 
567; 0; 2013.0226; 170; 454.8; 
567; 0; 2011.9584; 170; 455; 
567; 0; 2009.8322; 170; 455.2; 
567; 0; 2008.7707; 170; 455.4; 
567; 0; 2006.646; 170; 455.6; 
567; 0; 2005.5852; 170; 455.8; 
567; 0; 2004.5241; 170; 456; 
567; 0; 2002.3989; 170; 456.2; 
567; 0; 2001.3366; 170; 456.4; 
567; 0; 1999.21; 170; 456.6; 
567; 0; 1998.1464; 170; 456.8; 
567; 0; 1996.0185; 170; 457; 
567; 0; 1994.9539; 170; 457.2; 
567; 0; 1992.8255; 170; 457.4; 
567; 0; 1991.7606; 170; 457.6; 
567; 0; 1990.6958; 170; 457.8; 
567; 0; 1989.6313; 170; 458; 
567; 0; 1988.567; 170; 458.2; 
567; 0; 1987.5031; 170; 458.4; 
567; 0; 1987.5032; 170; 458.6; 
567; 0; 1986.4397; 170; 458.8; 
567; 0; 1985.3764; 170; 459; 
567; 0; 1985.3768; 170; 459.2; 
567; 0; 1984.3136; 170; 459.4; 
567; 0; 1984.314; 170; 459.6; 
567; 0; 1983.2507; 170; 459.8; 
567; 0; 1983.251; 170; 460; 
567; 0; 1982.1875; 170; 460.2; 
567; 0; 1982.1877; 170; 460.4; 
567; 0; 1981.124; 170; 460.6; 
567; 0; 1981.124; 170; 460.8; 
567; 0; 1980.0603; 170; 461; 
567; 0; 1980.0602; 170; 461.2; 
567; 0; 1980.0603; 170; 461.4; 
567; 0; 1978.9967; 170; 461.6; 
567; 0; 1978.9968; 170; 461.8; 
567; 0; 1978.9969; 170; 462; 
567; 0; 1977.9333; 170; 462.2; 
567; 0; 1977.9333; 170; 462.4; 
567; 0; 1977.9334; 170; 462.6; 
567; 0; 1977.9334; 170; 462.8; 
567; 0; 1976.8698; 170; 463; 
567; 0; 1976.8699; 170; 463.2; 
567; 0; 1976.87; 170; 463.4; 
567; 0; 1976.8701; 170; 463.6; 
567; 0; 1975.8065; 170; 463.8; 
567; 0; 1975.8065; 170; 464; 
567; 0; 1975.8066; 170; 464.2; 
567; 0; 1975.8066; 170; 464.4; 
567; 0; 1975.8066; 170; 464.6; 
567; 0; 1975.8067; 170; 464.8; 
567; 0; 1975.8068; 170; 465; 
567; 0; 1974.7432; 170; 465.2; 
567; 0; 1974.7433; 170; 465.4; 
567; 0; 1974.7434; 170; 465.6; 
567; 0; 1974.7434; 170; 465.8; 
567; 0; 1974.7434; 170; 466; 
567; 0; 1974.7434; 170; 466.2; 
567; 0; 1974.7435; 170; 466.4; 
567; 0; 1974.7435; 170; 466.6; 
567; 0; 1974.7436; 170; 466.8; 
567; 0; 1973.68; 170; 467; 
567; 0; 1973.6801; 170; 467.2; 
567; 0; 1973.6802; 170; 467.4; 
567; 0; 1973.6802; 170; 467.6; 
567; 0; 1973.6803; 170; 467.8; 
567; 0; 1986.7943; 170; 468; 
567; 0; 1986.7943; 170; 468.2; 
567; 0; 1986.7944; 170; 468.4; 
567; 0; 1986.7945; 170; 468.6; 
567; 0; 1986.7945; 170; 468.8; 
567; 0; 1985.7413; 170; 469; 
567; 0; 1985.7414; 170; 469.2; 
567; 0; 1985.7414; 170; 469.4; 
567; 0; 1984.6883; 170; 469.6; 
567; 0; 1984.6882; 170; 469.8; 
567; 0; 1984.6883; 170; 470; 
567; 0; 1983.6351; 170; 470.2; 
567; 0; 1983.6351; 170; 470.4; 
567; 0; 1982.582; 170; 470.6; 
567; 0; 1982.582; 170; 470.8; 
567; 0; 1981.5289; 170; 471; 
567; 0; 1981.5291; 170; 471.2; 
567; 0; 1981.5292; 170; 471.4; 
567; 0; 1980.4761; 170; 471.6; 
567; 0; 1980.4762; 170; 471.8; 
567; 0; 1979.4231; 170; 472; 
567; 0; 1979.4232; 170; 472.2; 
567; 0; 1979.4233; 170; 472.4; 
567; 0; 1978.3702; 170; 472.6; 
567; 0; 1978.3701; 170; 472.8; 
567; 0; 1977.3169; 170; 473; 
567; 0; 1977.3169; 170; 473.2; 
567; 0; 1977.3169; 170; 473.4; 
567; 0; 1977.317; 170; 473.6; 
567; 0; 1976.2639; 170; 473.8; 
567; 0; 1976.264; 170; 474; 
567; 0; 1976.2641; 170; 474.2; 
567; 0; 1976.2642; 170; 474.4; 
567; 0; 1976.2643; 170; 474.6; 
567; 0; 1975.2112; 170; 474.8; 
567; 0; 1975.2113; 170; 475; 
567; 0; 1975.2113; 170; 475.2; 
567; 0; 1975.2112; 170; 475.4; 
567; 0; 1975.2107; 170; 475.6; 
567; 0; 1976.2623; 170; 475.8; 
567; 0; 1976.2592; 170; 476; 
567; 0; 1976.254; 170; 476.2; 
567; 0; 1975.1928; 170; 476.4; 
567; 0; 1975.1817; 170; 476.6; 
567; 0; 1975.168; 170; 476.8; 
567; 0; 1976.2058; 170; 477; 
567; 0; 1978.2967; 170; 477.2; 
567; 0; 1982.4951; 170; 477.4; 
567; 0; 1974.6432; 170; 477.6; 
567; 0; 1981.0173; 170; 477.8; 
567; 0; 1987.3964; 170; 478; 
567; 0; 1995.9076; 170; 478.2; 
567; 0; 2003.3603; 170; 478.4; 
567; 0; 2010.8172; 170; 478.6; 
567; 0; 2016.15; 170; 478.8; 
567; 0; 2021.8822; 170; 479; 
567; 0; 2026.485; 170; 479.2; 
567; 0; 2028.7936; 170; 479.4; 
567; 0; 2031.0991; 170; 479.6; 
567; 0; 2032.2543; 170; 479.8; 
567; 0; 2032.2588; 170; 480; 
567; 0; 2032.2589; 170; 480.2; 
567; 0; 2032.2553; 170; 480.4; 
567; 0; 2032.2488; 170; 480.6; 
567; 0; 2032.2403; 170; 480.8; 
567; 0; 2032.2311; 170; 481; 
567; 0; 2033.3686; 170; 481.2; 
567; 0; 2034.5071; 170; 481.4; 
567; 0; 2036.7938; 170; 481.6; 
567; 0; 2039.0826; 170; 481.8; 
567; 0; 2041.3739; 170; 482; 
567; 0; 2044.8137; 170; 482.2; 
567; 0; 2047.1091; 170; 482.4; 
567; 0; 2048.2597; 170; 482.6; 
567; 0; 2050.5574; 170; 482.8; 
567; 0; 2051.7091; 170; 483; 
567; 0; 2052.8604; 170; 483.2; 
567; 0; 2052.8646; 170; 483.4; 
567; 0; 2052.8676; 170; 483.6; 
567; 0; 2052.8693; 170; 483.8; 
567; 0; 2052.8697; 170; 484; 
567; 0; 2052.8688; 170; 484.2; 
567; 0; 2052.867; 170; 484.4; 
567; 0; 2052.8645; 170; 484.6; 
567; 0; 2052.8616; 170; 484.8; 
567; 0; 2052.8589; 170; 485; 
567; 0; 2052.8564; 170; 485.2; 
567; 0; 2052.8546; 170; 485.4; 
567; 0; 2053.9998; 170; 485.6; 
567; 0; 2053.9993; 170; 485.8; 
567; 0; 2055.1459; 170; 486; 
567; 0; 2055.1467; 170; 486.2; 
567; 0; 2056.2943; 170; 486.4; 
567; 0; 2056.2958; 170; 486.6; 
567; 0; 2056.2974; 170; 486.8; 
567; 0; 2056.2988; 170; 487; 
567; 0; 2057.4464; 170; 487.2; 
567; 0; 2057.4473; 170; 487.4; 
567; 0; 2056.3015; 170; 487.6; 
567; 0; 2056.3017; 170; 487.8; 
567; 0; 2056.3016; 170; 488; 
567; 0; 2056.3011; 170; 488.2; 
567; 0; 2056.3004; 170; 488.4; 
567; 0; 2056.2997; 170; 488.6; 
567; 0; 2056.299; 170; 488.8; 
567; 0; 2056.2984; 170; 489; 
567; 0; 2056.2979; 170; 489.2; 
567; 0; 2056.2976; 170; 489.4; 
567; 0; 2056.2975; 170; 489.6; 
567; 0; 2056.2976; 170; 489.8; 
567; 0; 2057.4442; 170; 490; 
567; 0; 2057.4445; 170; 490.2; 
567; 0; 2057.445; 170; 490.4; 
567; 0; 2057.4455; 170; 490.6; 
567; 0; 2057.446; 170; 490.8; 
567; 0; 2057.4463; 170; 491; 
567; 0; 2057.4465; 170; 491.2; 
567; 0; 2057.4466; 170; 491.4; 
567; 0; 2057.4467; 170; 491.6; 
567; 0; 2057.4466; 170; 491.8; 
567; 0; 2057.4465; 170; 492; 
567; 0; 2056.3002; 170; 492.2; 
567; 0; 2056.3001; 170; 492.4; 
567; 0; 2056.3001; 170; 492.6; 
567; 0; 2056.3001; 170; 492.8; 
567; 0; 2056.3; 170; 493; 
567; 0; 2056.3; 170; 493.2; 
567; 0; 2057.4466; 170; 493.4; 
567; 0; 2057.4477; 170; 493.6; 
567; 0; 2057.4506; 170; 493.8; 
567; 0; 2058.6025; 170; 494; 
567; 0; 2058.6111; 170; 494.2; 
567; 0; 2058.6225; 170; 494.4; 
567; 0; 2057.4895; 170; 494.6; 
567; 0; 2056.3556; 170; 494.8; 
567; 0; 2054.0734; 170; 495; 
567; 0; 2050.6428; 170; 495.2; 
567; 0; 2047.2093; 170; 495.4; 
567; 0; 2042.6261; 170; 495.6; 
567; 0; 2038.0398; 170; 495.8; 
567; 0; 2033.4508; 170; 496; 
567; 0; 2028.8598; 170; 496.2; 
567; 0; 2025.4143; 170; 496.4; 
567; 0; 2020.822; 170; 496.6; 
567; 0; 2017.3766; 170; 496.8; 
567; 0; 2014.1082; 170; 497; 
567; 0; 2011.9769; 170; 497.2; 
567; 0; 2009.847; 170; 497.4; 
567; 0; 2007.7187; 170; 497.6; 
567; 0; 2005.5915; 170; 497.8; 
567; 0; 2004.529; 170; 498; 
567; 0; 2002.4033; 170; 498.2; 
567; 0; 2000.2777; 170; 498.4; 
567; 0; 1999.2157; 170; 498.6; 
567; 0; 1997.0894; 170; 498.8; 
567; 0; 1994.9627; 170; 499; 
567; 0; 1993.8993; 170; 499.2; 
567; 0; 1991.7719; 170; 499.4; 
567; 0; 1990.7079; 170; 499.6; 
567; 0; 1989.6436; 170; 499.8; 
567; 0; 1987.5156; 170; 500; 
567; 0; 1986.4511; 170; 500.2; 
567; 0; 1985.3867; 170; 500.4; 
567; 0; 1984.3224; 170; 500.6; 
567; 0; 1983.2583; 170; 500.8; 
567; 0; 1982.1944; 170; 501; 
567; 0; 1982.1944; 170; 501.2; 
567; 0; 1981.1308; 170; 501.4; 
567; 0; 1980.0674; 170; 501.6; 
567; 0; 1980.0677; 170; 501.8; 
567; 0; 1979.0043; 170; 502; 
567; 0; 1979.0045; 170; 502.2; 
567; 0; 1977.941; 170; 502.4; 
567; 0; 1977.9411; 170; 502.6; 
567; 0; 1976.8775; 170; 502.8; 
567; 0; 1976.8774; 170; 503; 
567; 0; 1975.8136; 170; 503.2; 
567; 0; 1975.8135; 170; 503.4; 
567; 0; 1975.8135; 170; 503.6; 
567; 0; 1974.7498; 170; 503.8; 
567; 0; 1974.7497; 170; 504; 
567; 0; 1974.7497; 170; 504.2; 
567; 0; 1974.7497; 170; 504.4; 
567; 0; 1973.6862; 170; 504.6; 
567; 0; 1973.6863; 170; 504.8; 
567; 0; 1986.8002; 170; 505; 
567; 0; 1986.8003; 170; 505.2; 
567; 0; 1986.8004; 170; 505.4; 
567; 0; 1985.7473; 170; 505.6; 
567; 0; 1985.7473; 170; 505.8; 
567; 0; 1985.7473; 170; 506; 
567; 0; 1984.6942; 170; 506.2; 
567; 0; 1984.6942; 170; 506.4; 
567; 0; 1984.6942; 170; 506.6; 
567; 0; 1983.6411; 170; 506.8; 
567; 0; 1983.641; 170; 507; 
567; 0; 1982.5878; 170; 507.2; 
567; 0; 1982.5877; 170; 507.4; 
567; 0; 1981.5344; 170; 507.6; 
567; 0; 1981.5344; 170; 507.8; 
567; 0; 1980.4812; 170; 508; 
567; 0; 1980.4813; 170; 508.2; 
567; 0; 1979.4283; 170; 508.4; 
567; 0; 1979.4285; 170; 508.6; 
567; 0; 1979.4287; 170; 508.8; 
567; 0; 1978.3757; 170; 509; 
567; 0; 1978.3757; 170; 509.2; 
567; 0; 1977.3226; 170; 509.4; 
567; 0; 1977.3226; 170; 509.6; 
567; 0; 1977.3226; 170; 509.8; 
567; 0; 1976.2694; 170; 510; 
567; 0; 1976.2694; 170; 510.2; 
567; 0; 1976.2694; 170; 510.4; 
567; 0; 1975.2163; 170; 510.6; 
567; 0; 1975.2163; 170; 510.8; 
567; 0; 1975.2163; 170; 511; 
567; 0; 1975.2163; 170; 511.2; 
567; 0; 1974.1631; 170; 511.4; 
567; 0; 1974.1631; 170; 511.6; 
567; 0; 1974.163; 170; 511.8; 
567; 0; 1974.1631; 170; 512; 
567; 0; 1974.1631; 170; 512.2; 
567; 0; 1974.1632; 170; 512.4; 
567; 0; 1973.1101; 170; 512.6; 
567; 0; 1973.1101; 170; 512.8; 
567; 0; 1973.1101; 170; 513; 
567; 0; 1973.1102; 170; 513.2; 
567; 0; 1973.1102; 170; 513.4; 
567; 0; 1973.1103; 170; 513.6; 
567; 0; 1973.1103; 170; 513.8; 
567; 0; 1973.1104; 170; 514; 
567; 0; 1973.1104; 170; 514.2; 
567; 0; 1972.0573; 170; 514.4; 
567; 0; 1972.0573; 170; 514.6; 
567; 0; 1972.0573; 170; 514.8; 
567; 0; 1972.0573; 170; 515; 
567; 0; 1972.0573; 170; 515.2; 
567; 0; 1972.0573; 170; 515.4; 
567; 0; 1972.0573; 170; 515.6; 
567; 0; 1972.0572; 170; 515.8; 
567; 0; 1972.0572; 170; 516; 
567; 0; 1972.0572; 170; 516.2; 
567; 0; 1972.0572; 170; 516.4; 
567; 0; 1972.0572; 170; 516.6; 
567; 0; 1972.0572; 170; 516.8; 
567; 0; 1972.0573; 170; 517; 
567; 0; 1972.0573; 170; 517.2; 
567; 0; 1972.0574; 170; 517.4; 
567; 0; 1972.0574; 170; 517.6; 
567; 0; 1972.0575; 170; 517.8; 
567; 0; 1972.0575; 170; 518; 
567; 0; 1971.0044; 170; 518.2; 
567; 0; 1971.0044; 170; 518.4; 
567; 0; 1971.0044; 170; 518.6; 
567; 0; 1971.0044; 170; 518.8; 
567; 0; 1971.0045; 170; 519; 
567; 0; 1971.0045; 170; 519.2; 
567; 0; 1971.0044; 170; 519.4; 
567; 0; 1971.0044; 170; 519.6; 
567; 0; 1971.0043; 170; 519.8; 
567; 0; 1971.0043; 170; 520; 
567; 0; 1971.0043; 170; 520.2; 
567; 0; 1971.0043; 170; 520.4; 
567; 0; 1971.0043; 170; 520.6; 
567; 0; 1971.0043; 170; 520.8; 
567; 0; 1971.0043; 170; 521; 
567; 0; 1971.0043; 170; 521.2; 
567; 0; 1971.0044; 170; 521.4; 
567; 0; 1971.0044; 170; 521.6; 
567; 0; 1971.0045; 170; 521.8; 
567; 0; 1971.0045; 170; 522; 
567; 0; 1971.0046; 170; 522.2; 
567; 0; 1971.0046; 170; 522.4; 
567; 0; 1971.0047; 170; 522.6; 
567; 0; 1971.0047; 170; 522.8; 
567; 0; 1971.0047; 170; 523; 
567; 0; 1971.0046; 170; 523.2; 
567; 0; 1971.0046; 170; 523.4; 
567; 0; 1971.0046; 170; 523.6; 
567; 0; 1971.0046; 170; 523.8; 
567; 0; 1971.0046; 170; 524; 
567; 0; 1971.0047; 170; 524.2; 
567; 0; 1971.0047; 170; 524.4; 
567; 0; 1971.0048; 170; 524.6; 
567; 0; 1971.0048; 170; 524.8; 
567; 0; 1971.0048; 170; 525; 
567; 0; 1971.0047; 170; 525.2; 
567; 0; 1971.0047; 170; 525.4; 
567; 0; 1971.0047; 170; 525.6; 
567; 0; 1971.0047; 170; 525.8; 
567; 0; 1971.0047; 170; 526; 
567; 0; 1971.0047; 170; 526.2; 
567; 0; 1971.0047; 170; 526.4; 
567; 0; 1971.0048; 170; 526.6; 
567; 0; 1971.0048; 170; 526.8; 
567; 0; 1971.0048; 170; 527; 
567; 0; 1971.0048; 170; 527.2; 
567; 0; 1971.0048; 170; 527.4; 
567; 0; 1971.0049; 170; 527.6; 
567; 0; 1971.0049; 170; 527.8; 
567; 0; 1971.0049; 170; 528; 
567; 0; 1971.0049; 170; 528.2; 
567; 0; 1971.0049; 170; 528.4; 
567; 0; 1971.0049; 170; 528.6; 
567; 0; 1969.9517; 170; 528.8; 
567; 0; 1969.9517; 170; 529; 
567; 0; 1969.9517; 170; 529.2; 
567; 0; 1969.9518; 170; 529.4; 
567; 0; 1969.9518; 170; 529.6; 
567; 0; 1969.9518; 170; 529.8; 
567; 0; 1969.9518; 170; 530; 
567; 0; 1969.9518; 170; 530.2; 
567; 0; 1969.9518; 170; 530.4; 
567; 0; 1969.9518; 170; 530.6; 
567; 0; 1969.9518; 170; 530.8; 
567; 0; 1969.9518; 170; 531; 
567; 0; 1969.9518; 170; 531.2; 
567; 0; 1969.9519; 170; 531.4; 
567; 0; 1969.9519; 170; 531.6; 
567; 0; 1969.9519; 170; 531.8; 
567; 0; 1969.9519; 170; 532; 
567; 0; 1969.9519; 170; 532.2; 
567; 0; 1969.9519; 170; 532.4; 
567; 0; 1969.9519; 170; 532.6; 
567; 0; 1969.9519; 170; 532.8; 
567; 0; 1969.9519; 170; 533; 
567; 0; 1969.9519; 170; 533.2; 
567; 0; 1969.952; 170; 533.4; 
567; 0; 1969.952; 170; 533.6; 
567; 0; 1969.952; 170; 533.8; 
567; 0; 1969.952; 170; 534; 
567; 0; 1969.952; 170; 534.2; 
567; 0; 1969.952; 170; 534.4; 
567; 0; 1969.952; 170; 534.6; 
567; 0; 1969.952; 170; 534.8; 
567; 0; 1969.952; 170; 535; 
567; 0; 1969.952; 170; 535.2; 
567; 0; 1969.952; 170; 535.4; 
567; 0; 1969.952; 170; 535.6; 
567; 0; 1969.952; 170; 535.8; 
567; 0; 1969.952; 170; 536; 
567; 0; 1969.952; 170; 536.2; 
567; 0; 1969.9521; 170; 536.4; 
567; 0; 1969.9521; 170; 536.6; 
567; 0; 1969.9521; 170; 536.8; 
567; 0; 1969.9521; 170; 537; 
567; 0; 1969.9521; 170; 537.2; 
567; 0; 1969.9521; 170; 537.4; 
567; 0; 1969.9521; 170; 537.6; 
567; 0; 1969.9522; 170; 537.8; 
567; 0; 1969.9522; 170; 538; 
567; 0; 1969.9522; 170; 538.2; 
567; 0; 1969.9522; 170; 538.4; 
567; 0; 1969.9522; 170; 538.6; 
567; 0; 1971.0053; 170; 538.8; 
567; 0; 1971.0052; 170; 539; 
567; 0; 1971.005; 170; 539.2; 
567; 0; 1971.0043; 170; 539.4; 
567; 0; 1972.0559; 170; 539.6; 
567; 0; 1972.0524; 170; 539.8; 
567; 0; 1972.0469; 170; 540; 
567; 0; 1972.0391; 170; 540.2; 
567; 0; 1972.029; 170; 540.4; 
567; 0; 1972.0172; 170; 540.6; 
567; 0; 1974.1105; 170; 540.8; 
567; 0; 1975.1505; 170; 541; 
567; 0; 1978.2975; 170; 541.2; 
567; 0; 1982.4996; 170; 541.4; 
567; 0; 1975.7153; 170; 541.6; 
567; 0; 1982.0934; 170; 541.8; 
567; 0; 1988.4761; 170; 542; 
567; 0; 1995.9275; 170; 542.2; 
567; 0; 2003.3838; 170; 542.4; 
567; 0; 2009.781; 170; 542.6; 
567; 0; 2015.1178; 170; 542.8; 
567; 0; 2018.4814; 170; 543; 
567; 0; 2021.9419; 170; 543.2; 
567; 0; 2023.1061; 170; 543.4; 
567; 0; 2023.1176; 170; 543.6; 
567; 0; 2021.978; 170; 543.8; 
567; 0; 2020.8334; 170; 544; 
567; 0; 2018.5374; 170; 544.2; 
567; 0; 2016.2468; 170; 544.4; 
567; 0; 2014.1098; 170; 544.6; 
567; 0; 2013.0331; 170; 544.8; 
567; 0; 2011.9556; 170; 545; 
567; 0; 2011.9431; 170; 545.2; 
567; 0; 2012.9969; 170; 545.4; 
567; 0; 2015.118; 170; 545.6; 
567; 0; 2017.3114; 170; 545.8; 
567; 0; 2019.6069; 170; 546; 
567; 0; 2021.9067; 170; 546.2; 
567; 0; 2024.21; 170; 546.4; 
567; 0; 2025.3689; 170; 546.6; 
567; 0; 2025.3821; 170; 546.8; 
567; 0; 2025.3943; 170; 547; 
567; 0; 2024.2562; 170; 547.2; 
567; 0; 2021.9689; 170; 547.4; 
567; 0; 2019.6787; 170; 547.6; 
567; 0; 2017.3856; 170; 547.8; 
567; 0; 2015.1824; 170; 548; 
567; 0; 2013.0507; 170; 548.2; 
567; 0; 2010.9179; 170; 548.4; 
567; 0; 2008.7841; 170; 548.6; 
567; 0; 2007.714; 170; 548.8; 
567; 0; 2006.6451; 170; 549; 
567; 0; 2005.5779; 170; 549.2; 
567; 0; 2005.5764; 170; 549.4; 
567; 0; 2005.5768; 170; 549.6; 
567; 0; 2005.5788; 170; 549.8; 
567; 0; 2004.5185; 170; 550; 
567; 0; 2004.5224; 170; 550.2; 
567; 0; 2003.4628; 170; 550.4; 
567; 0; 2003.4667; 170; 550.6; 
567; 0; 2002.4062; 170; 550.8; 
567; 0; 2001.3444; 170; 551; 
567; 0; 2000.2818; 170; 551.2; 
567; 0; 1998.1547; 170; 551.4; 
567; 0; 1997.0906; 170; 551.6; 
567; 0; 1996.026; 170; 551.8; 
567; 0; 1994.9611; 170; 552; 
567; 0; 1993.8959; 170; 552.2; 
567; 0; 1992.8308; 170; 552.4; 
567; 0; 1991.7659; 170; 552.6; 
567; 0; 1991.7652; 170; 552.8; 
567; 0; 1990.7013; 170; 553; 
567; 0; 1989.6378; 170; 553.2; 
567; 0; 1989.6383; 170; 553.4; 
567; 0; 1988.5754; 170; 553.6; 
567; 0; 1988.5764; 170; 553.8; 
567; 0; 1987.5136; 170; 554; 
567; 0; 1987.5144; 170; 554.2; 
567; 0; 1986.4513; 170; 554.4; 
567; 0; 1985.3881; 170; 554.6; 
567; 0; 1985.3883; 170; 554.8; 
567; 0; 1984.3247; 170; 555; 
567; 0; 1984.3247; 170; 555.2; 
567; 0; 1983.261; 170; 555.4; 
567; 0; 1983.2609; 170; 555.6; 
567; 0; 1982.1972; 170; 555.8; 
567; 0; 1982.1971; 170; 556; 
567; 0; 1981.1334; 170; 556.2; 
567; 0; 1981.1334; 170; 556.4; 
567; 0; 1980.0699; 170; 556.6; 
567; 0; 1980.07; 170; 556.8; 
567; 0; 1980.0702; 170; 557; 
567; 0; 1979.0067; 170; 557.2; 
567; 0; 1979.0068; 170; 557.4; 
567; 0; 1979.007; 170; 557.6; 
567; 0; 1977.9435; 170; 557.8; 
567; 0; 1977.9436; 170; 558; 
567; 0; 1977.9437; 170; 558.2; 
567; 0; 1976.8802; 170; 558.4; 
567; 0; 1976.8802; 170; 558.6; 
567; 0; 1976.8803; 170; 558.8; 
567; 0; 1975.8166; 170; 559; 
567; 0; 1975.8166; 170; 559.2; 
567; 0; 1975.8166; 170; 559.4; 
567; 0; 1975.8167; 170; 559.6; 
567; 0; 1974.753; 170; 559.8; 
567; 0; 1974.7531; 170; 560; 
567; 0; 1974.7531; 170; 560.2; 
567; 0; 1974.7532; 170; 560.4; 
567; 0; 1974.7533; 170; 560.6; 
567; 0; 1973.6897; 170; 560.8; 
567; 0; 1973.6898; 170; 561; 
567; 0; 1986.8035; 170; 561.2; 
567; 0; 1986.8035; 170; 561.4; 
567; 0; 1986.8036; 170; 561.6; 
567; 0; 1985.7505; 170; 561.8; 
567; 0; 1985.7506; 170; 562; 
567; 0; 1985.7506; 170; 562.2; 
567; 0; 1984.6974; 170; 562.4; 
567; 0; 1984.6974; 170; 562.6; 
567; 0; 1983.6442; 170; 562.8; 
567; 0; 1983.6442; 170; 563; 
567; 0; 1982.5911; 170; 563.2; 
567; 0; 1982.5911; 170; 563.4; 
567; 0; 1981.538; 170; 563.6; 
567; 0; 1981.5381; 170; 563.8; 
567; 0; 1980.485; 170; 564; 
567; 0; 1980.485; 170; 564.2; 
567; 0; 1979.4319; 170; 564.4; 
567; 0; 1979.432; 170; 564.6; 
567; 0; 1979.432; 170; 564.8; 
567; 0; 1978.3789; 170; 565; 
567; 0; 1978.3789; 170; 565.2; 
567; 0; 1977.3257; 170; 565.4; 
567; 0; 1977.3257; 170; 565.6; 
567; 0; 1976.2725; 170; 565.8; 
567; 0; 1976.2725; 170; 566; 
567; 0; 1976.2726; 170; 566.2; 
567; 0; 1975.2194; 170; 566.4; 
567; 0; 1975.2195; 170; 566.6; 
567; 0; 1975.2196; 170; 566.8; 
567; 0; 1974.1665; 170; 567; 
567; 0; 1974.1666; 170; 567.2; 
567; 0; 1974.1666; 170; 567.4; 
567; 0; 1974.1666; 170; 567.6; 
567; 0; 1973.1135; 170; 567.8; 
567; 0; 1973.1135; 170; 568; 
567; 0; 1973.1135; 170; 568.2; 
567; 0; 1973.1135; 170; 568.4; 
567; 0; 1972.0603; 170; 568.6; 
567; 0; 1972.0603; 170; 568.8; 
567; 0; 1972.0603; 170; 569; 
567; 0; 1972.0603; 170; 569.2; 
567; 0; 1972.0603; 170; 569.4; 
567; 0; 1972.0603; 170; 569.6; 
567; 0; 1971.0072; 170; 569.8; 
567; 0; 1971.0072; 170; 570; 
567; 0; 1971.0072; 170; 570.2; 
567; 0; 1971.0073; 170; 570.4; 
567; 0; 1971.0073; 170; 570.6; 
567; 0; 1971.0073; 170; 570.8; 
567; 0; 1971.0074; 170; 571; 
567; 0; 1971.0074; 170; 571.2; 
567; 0; 1971.0074; 170; 571.4; 
567; 0; 1971.0074; 170; 571.6; 
567; 0; 1969.9542; 170; 571.8; 
567; 0; 1969.9541; 170; 572; 
567; 0; 1969.9541; 170; 572.2; 
567; 0; 1969.9541; 170; 572.4; 
567; 0; 1969.9541; 170; 572.6; 
567; 0; 1969.9541; 170; 572.8; 
567; 0; 1969.9541; 170; 573; 
567; 0; 1969.9542; 170; 573.2; 
567; 0; 1969.9542; 170; 573.4; 
567; 0; 1969.9543; 170; 573.6; 
567; 0; 1969.9544; 170; 573.8; 
567; 0; 1969.9544; 170; 574; 
567; 0; 1969.9544; 170; 574.2; 
567; 0; 1969.9544; 170; 574.4; 
567; 0; 1969.9544; 170; 574.6; 
567; 0; 1969.9543; 170; 574.8; 
567; 0; 1969.9543; 170; 575; 
567; 0; 1969.9543; 170; 575.2; 
567; 0; 1969.9543; 170; 575.4; 
567; 0; 1969.9544; 170; 575.6; 
567; 0; 1969.9544; 170; 575.8; 
567; 0; 1968.9012; 170; 576; 
567; 0; 1968.9013; 170; 576.2; 
567; 0; 1968.9013; 170; 576.4; 
567; 0; 1968.9014; 170; 576.6; 
567; 0; 1968.9015; 170; 576.8; 
567; 0; 1968.9015; 170; 577; 
567; 0; 1968.9014; 170; 577.2; 
567; 0; 1968.9014; 170; 577.4; 
567; 0; 1968.9013; 170; 577.6; 
567; 0; 1968.9013; 170; 577.8; 
567; 0; 1968.9013; 170; 578; 
567; 0; 1968.9013; 170; 578.2; 
567; 0; 1968.9013; 170; 578.4; 
567; 0; 1968.9013; 170; 578.6; 
567; 0; 1968.9012; 170; 578.8; 
567; 0; 1968.9012; 170; 579; 
567; 0; 1968.9013; 170; 579.2; 
567; 0; 1968.9013; 170; 579.4; 
567; 0; 1968.9013; 170; 579.6; 
567; 0; 1968.9013; 170; 579.8; 
567; 0; 1968.9014; 170; 580; 
567; 0; 1968.9014; 170; 580.2; 
567; 0; 1968.9015; 170; 580.4; 
567; 0; 1968.9015; 170; 580.6; 
567; 0; 1968.9016; 170; 580.8; 
567; 0; 1968.9015; 170; 581; 
567; 0; 1968.9015; 170; 581.2; 
567; 0; 1968.9015; 170; 581.4; 
567; 0; 1968.9014; 170; 581.6; 
567; 0; 1968.9014; 170; 581.8; 
567; 0; 1968.9014; 170; 582; 
567; 0; 1968.9014; 170; 582.2; 
567; 0; 1968.9014; 170; 582.4; 
567; 0; 1968.9014; 170; 582.6; 
567; 0; 1968.9014; 170; 582.8; 
567; 0; 1968.9014; 170; 583; 
567; 0; 1968.9015; 170; 583.2; 
567; 0; 1968.9015; 170; 583.4; 
567; 0; 1968.9015; 170; 583.6; 
567; 0; 1968.9015; 170; 583.8; 
567; 0; 1968.9015; 170; 584; 
567; 0; 1968.9015; 170; 584.2; 
567; 0; 1968.9015; 170; 584.4; 
567; 0; 1968.9015; 170; 584.6; 
567; 0; 1969.9545; 170; 584.8; 
567; 0; 1969.9539; 170; 585; 
567; 0; 1969.9526; 170; 585.2; 
567; 0; 1969.9501; 170; 585.4; 
567; 0; 1970.9982; 170; 585.6; 
567; 0; 1970.9906; 170; 585.8; 
567; 0; 1969.9269; 170; 586; 
567; 0; 1970.9667; 170; 586.2; 
567; 0; 1970.9518; 170; 586.4; 
567; 0; 1973.0427; 170; 586.6; 
567; 0; 1977.2411; 170; 586.8; 
567; 0; 1981.4422; 170; 587; 
567; 0; 1974.6473; 170; 587.2; 
567; 0; 1982.0896; 170; 587.4; 
567; 0; 1989.5373; 170; 587.6; 
567; 0; 1998.0535; 170; 587.8; 
567; 0; 2004.4469; 170; 588; 
567; 0; 2010.8434; 170; 588.2; 
567; 0; 2016.1778; 170; 588.4; 
567; 0; 2019.6194; 170; 588.6; 
567; 0; 2023.0742; 170; 588.8; 
567; 0; 2025.3796; 170; 589; 
567; 0; 2025.3881; 170; 589.2; 
567; 0; 2026.5387; 170; 589.4; 
567; 0; 2026.5385; 170; 589.6; 
567; 0; 2025.3884; 170; 589.8; 
567; 0; 2025.3823; 170; 590; 
567; 0; 2026.5218; 170; 590.2; 
567; 0; 2026.5156; 170; 590.4; 
567; 0; 2027.6577; 170; 590.6; 
567; 0; 2029.9491; 170; 590.8; 
567; 0; 2031.0975; 170; 591; 
567; 0; 2032.2493; 170; 591.2; 
567; 0; 2033.4039; 170; 591.4; 
567; 0; 2033.414; 170; 591.6; 
567; 0; 2033.4238; 170; 591.8; 
567; 0; 2032.2854; 170; 592; 
567; 0; 2029.999; 170; 592.2; 
567; 0; 2027.7104; 170; 592.4; 
567; 0; 2025.4192; 170; 592.6; 
567; 0; 2021.9791; 170; 592.8; 
567; 0; 2018.5368; 170; 593; 
567; 0; 2016.2488; 170; 593.2; 
567; 0; 2013.0527; 170; 593.4; 
567; 0; 2010.9203; 170; 593.6; 
567; 0; 2008.7882; 170; 593.8; 
567; 0; 2007.72; 170; 594; 
567; 0; 2005.5897; 170; 594.2; 
567; 0; 2004.5248; 170; 594.4; 
567; 0; 2004.525; 170; 594.6; 
567; 0; 2003.4629; 170; 594.8; 
567; 0; 2002.4017; 170; 595; 
567; 0; 2001.3409; 170; 595.2; 
567; 0; 2000.2799; 170; 595.4; 
567; 0; 1999.2183; 170; 595.6; 
567; 0; 1998.1562; 170; 595.8; 
567; 0; 1996.0299; 170; 596; 
567; 0; 1994.9667; 170; 596.2; 
567; 0; 1993.9029; 170; 596.4; 
567; 0; 1992.8387; 170; 596.6; 
567; 0; 1990.7106; 170; 596.8; 
567; 0; 1989.6461; 170; 597; 
567; 0; 1988.5815; 170; 597.2; 
567; 0; 1987.5171; 170; 597.4; 
567; 0; 1986.4529; 170; 597.6; 
567; 0; 1986.4526; 170; 597.8; 
567; 0; 1985.3889; 170; 598; 
567; 0; 1984.3254; 170; 598.2; 
567; 0; 1984.3258; 170; 598.4; 
567; 0; 1983.2625; 170; 598.6; 
567; 0; 1983.263; 170; 598.8; 
567; 0; 1982.1998; 170; 599; 
567; 0; 1981.1365; 170; 599.2; 
567; 0; 1981.1368; 170; 599.4; 
567; 0; 1980.0733; 170; 599.6; 
567; 0; 1980.0733; 170; 599.8; 
567; 0; 1979.0096; 170; 600; 
567; 0; 1979.0095; 170; 600.2; 
567; 0; 1977.9458; 170; 600.4; 
567; 0; 1977.9457; 170; 600.6; 
567; 0; 1976.882; 170; 600.8; 
567; 0; 1976.8821; 170; 601; 
567; 0; 1976.8822; 170; 601.2; 
567; 0; 1975.8186; 170; 601.4; 
567; 0; 1975.8187; 170; 601.6; 
567; 0; 1975.8188; 170; 601.8; 
567; 0; 1974.7552; 170; 602; 
567; 0; 1974.7553; 170; 602.2; 
567; 0; 1974.7554; 170; 602.4; 
567; 0; 1973.6918; 170; 602.6; 
567; 0; 1973.6919; 170; 602.8; 
567; 0; 1986.8055; 170; 603; 
567; 0; 1986.8055; 170; 603.2; 
567; 0; 1985.7524; 170; 603.4; 
567; 0; 1985.7524; 170; 603.6; 
567; 0; 1985.7523; 170; 603.8; 
567; 0; 1984.6991; 170; 604; 
567; 0; 1984.6991; 170; 604.2; 
567; 0; 1984.6992; 170; 604.4; 
567; 0; 1983.646; 170; 604.6; 
567; 0; 1983.6461; 170; 604.8; 
567; 0; 1982.593; 170; 605; 
567; 0; 1982.5931; 170; 605.2; 
567; 0; 1981.54; 170; 605.4; 
567; 0; 1980.4869; 170; 605.6; 
567; 0; 1980.487; 170; 605.8; 
567; 0; 1979.4338; 170; 606; 
567; 0; 1979.4339; 170; 606.2; 
567; 0; 1978.3807; 170; 606.4; 
567; 0; 1978.3808; 170; 606.6; 
567; 0; 1977.3276; 170; 606.8; 
567; 0; 1977.3277; 170; 607; 
567; 0; 1976.2746; 170; 607.2; 
567; 0; 1976.2747; 170; 607.4; 
567; 0; 1976.2747; 170; 607.6; 
567; 0; 1975.2215; 170; 607.8; 
567; 0; 1975.2214; 170; 608; 
567; 0; 1974.1682; 170; 608.2; 
567; 0; 1974.1681; 170; 608.4; 
567; 0; 1974.1681; 170; 608.6; 
567; 0; 1973.1149; 170; 608.8; 
567; 0; 1973.115; 170; 609; 
567; 0; 1973.1151; 170; 609.2; 
567; 0; 1973.1152; 170; 609.4; 
567; 0; 1972.0621; 170; 609.6; 
567; 0; 1972.0622; 170; 609.8; 
567; 0; 1972.0622; 170; 610; 
567; 0; 1972.0622; 170; 610.2; 
567; 0; 1971.009; 170; 610.4; 
567; 0; 1971.009; 170; 610.6; 
567; 0; 1971.0091; 170; 610.8; 
567; 0; 1971.0091; 170; 611; 
567; 0; 1971.0091; 170; 611.2; 
567; 0; 1971.0092; 170; 611.4; 
567; 0; 1971.0093; 170; 611.6; 
567; 0; 1969.9561; 170; 611.8; 
567; 0; 1969.9561; 170; 612; 
567; 0; 1969.9561; 170; 612.2; 
567; 0; 1969.9561; 170; 612.4; 
567; 0; 1969.956; 170; 612.6; 
567; 0; 1969.956; 170; 612.8; 
567; 0; 1969.956; 170; 613; 
567; 0; 1969.956; 170; 613.2; 
567; 0; 1969.9561; 170; 613.4; 
567; 0; 1969.9561; 170; 613.6; 
567; 0; 1968.9029; 170; 613.8; 
567; 0; 1968.9029; 170; 614; 
567; 0; 1968.903; 170; 614.2; 
567; 0; 1968.903; 170; 614.4; 
567; 0; 1968.903; 170; 614.6; 
567; 0; 1968.903; 170; 614.8; 
567; 0; 1968.9029; 170; 615; 
567; 0; 1968.9029; 170; 615.2; 
567; 0; 1968.9029; 170; 615.4; 
567; 0; 1968.9029; 170; 615.6; 
567; 0; 1968.9029; 170; 615.8; 
567; 0; 1968.903; 170; 616; 
567; 0; 1968.9031; 170; 616.2; 
567; 0; 1968.9031; 170; 616.4; 
567; 0; 1968.9032; 170; 616.6; 
567; 0; 1968.9032; 170; 616.8; 
567; 0; 1968.9032; 170; 617; 
567; 0; 1968.9033; 170; 617.2; 
567; 0; 1968.9033; 170; 617.4; 
567; 0; 1967.85; 170; 617.6; 
567; 0; 1967.85; 170; 617.8; 
567; 0; 1967.85; 170; 618; 
567; 0; 1967.8499; 170; 618.2; 
567; 0; 1967.8499; 170; 618.4; 
567; 0; 1967.8499; 170; 618.6; 
567; 0; 1967.8499; 170; 618.8; 
567; 0; 1967.8499; 170; 619; 
567; 0; 1967.8499; 170; 619.2; 
567; 0; 1967.8499; 170; 619.4; 
567; 0; 1967.8499; 170; 619.6; 
567; 0; 1967.85; 170; 619.8; 
567; 0; 1967.85; 170; 620; 
567; 0; 1967.8501; 170; 620.2; 
567; 0; 1967.8501; 170; 620.4; 
567; 0; 1967.8501; 170; 620.6; 
567; 0; 1967.8501; 170; 620.8; 
567; 0; 1967.8501; 170; 621; 
567; 0; 1967.85; 170; 621.2; 
567; 0; 1967.85; 170; 621.4; 
567; 0; 1967.85; 170; 621.6; 
567; 0; 1967.85; 170; 621.8; 
567; 0; 1967.85; 170; 622; 
567; 0; 1967.85; 170; 622.2; 
567; 0; 1967.85; 170; 622.4; 
567; 0; 1967.85; 170; 622.6; 
567; 0; 1967.85; 170; 622.8; 
567; 0; 1967.85; 170; 623; 
567; 0; 1967.85; 170; 623.2; 
567; 0; 1967.8501; 170; 623.4; 
567; 0; 1967.8501; 170; 623.6; 
567; 0; 1967.8502; 170; 623.8; 
567; 0; 1967.8502; 170; 624; 
567; 0; 1967.8502; 170; 624.2; 
567; 0; 1967.8502; 170; 624.4; 
567; 0; 1967.8501; 170; 624.6; 
567; 0; 1967.8501; 170; 624.8; 
567; 0; 1967.85; 170; 625; 
567; 0; 1967.85; 170; 625.2; 
567; 0; 1967.85; 170; 625.4; 
567; 0; 1967.8501; 170; 625.6; 
567; 0; 1967.8502; 170; 625.8; 
567; 0; 1967.8502; 170; 626; 
567; 0; 1967.8502; 170; 626.2; 
567; 0; 1967.8502; 170; 626.4; 
567; 0; 1967.8502; 170; 626.6; 
567; 0; 1967.8502; 170; 626.8; 
567; 0; 1967.8502; 170; 627; 
567; 0; 1967.8501; 170; 627.2; 
567; 0; 1967.85; 170; 627.4; 
567; 0; 1967.85; 170; 627.6; 
567; 0; 1967.85; 170; 627.8; 
567; 0; 1967.85; 170; 628; 
567; 0; 1967.8501; 170; 628.2; 
567; 0; 1967.8501; 170; 628.4; 
567; 0; 1967.8502; 170; 628.6; 
567; 0; 1967.8503; 170; 628.8; 
567; 0; 1967.8503; 170; 629; 
567; 0; 1967.8504; 170; 629.2; 
567; 0; 1967.8504; 170; 629.4; 
567; 0; 1966.7971; 170; 629.6; 
567; 0; 1966.797; 170; 629.8; 
567; 0; 1966.7969; 0; 630; 
567; 0; 0; 0; 630.2; 
567; 0; 0; 0; 630.4; 
567; 0; 0; 0; 630.6; 
567; 0; 0; 0; 630.8; 
567; 0; 0; 0; 631; 
567; 0; 0; 0; 631.2; 
567; 0; 0; 0; 631.4; 
567; 0; 0; 0; 631.6; 
567; 0; 0; 0; 631.8; 
567; 0; 0; 0; 632; 
567; 0; 0; 0; 632.2; 
567; 0; 0; 0; 632.4; 
567; 0; 0; 0; 632.6; 
567; 0; 0; 0; 632.8; 
567; 0; 0; 0; 633; 
567; 0; 0; 0; 633.2; 
567; 0; 0; 0; 633.4; 
567; 0; 0; 0; 633.6; 
567; 0; 0; 0; 633.8; 
567; 0; 0; 0; 634; 
567; 0; 0; 0; 634.2; 
567; 0; 0; 0; 634.4; 
567; 0; 0; 0; 634.6; 
567; 0; 0; 0; 634.8; 
567; 0; 0; 0; 635; 
567; 0; 0; 0; 635.2; 
567; 0; 0; 0; 635.4; 
567; 0; 0; 0; 635.6; 
567; 0; 0; 0; 635.8; 
567; 0; 0; 0; 636; 
567; 0; 0; 0; 636.2; 
567; 0; 0; 0; 636.4; 
567; 0; 0; 0; 636.6; 
567; 0; 0; 0; 636.8; 
567; 0; 0; 0; 637; 
567; 0; 0; 0; 637.2; 
567; 0; 0; 0; 637.4; 
567; 0; 0; 0; 637.6; 
567; 0; 0; 0; 637.8; 
567; 0; 0; 0; 638; 
567; 0; 0; 0; 638.2; 
567; 0; 0; 0; 638.4; 
567; 0; 0; 0; 638.6; 
567; 0; 0; 0; 638.8; 
567; 0; 0; 0; 639; 
567; 0; 0; 0; 639.2; 
567; 0; 0; 0; 639.4; 
567; 0; 0; 0; 639.6; 
567; 0; 0; 0; 639.8; 
567; 0; 0; 0; 640; 
567; 0; 0; 0; 640.2; 
567; 0; 0; 0; 640.4; 
567; 0; 0; 0; 640.6; 
567; 0; 0; 0; 640.8; 
567; 0; 0; 0; 641; 
567; 0; 0; 0; 641.2; 
567; 0; 0; 0; 641.4; 
567; 0; 0; 0; 641.6; 
567; 0; 0; 0; 641.8; 
567; 0; 0; 0; 642; 
567; 0; 0; 0; 642.2; 
567; 0; 0; 0; 642.4; 
567; 0; 0; 0; 642.6; 
567; 0; 0; 0; 642.8; 
567; 0; 0; 0; 643; 
567; 0; 0; 0; 643.2; 
567; 0; 0; 0; 643.4; 
567; 0; 0; 0; 643.6; 
567; 0; 0; 0; 643.8; 
567; 0; 0; 0; 644; 
567; 0; 0; 0; 644.2; 
567; 0; 0; 0; 644.4; 
567; 0; 0; 0; 644.6; 
567; 0; 0; 0; 644.8; 
567; 0; 0; 0; 645; 
567; 0; 0; 0; 645.2; 
567; 0; 0; 0; 645.4; 
567; 0; 0; 0; 645.6; 
567; 0; 0; 0; 645.8; 
567; 0; 0; 0; 646; 
567; 0; 0; 0; 646.2; 
567; 0; 0; 0; 646.4; 
567; 0; 0; 0; 646.6; 
567; 0; 0; 0; 646.8; 
567; 0; 0; 0; 647; 
567; 0; 0; 0; 647.2; 
567; 0; 0; 0; 647.4; 
567; 0; 0; 0; 647.6; 
567; 0; 0; 0; 647.8; 
567; 0; 0; 0; 648; 
567; 0; 0; 0; 648.2; 
567; 0; 0; 0; 648.4; 
567; 0; 0; 0; 648.6; 
567; 0; 0; 0; 648.8; 
567; 0; 0; 0; 649; 
567; 0; 0; 0; 649.2; 
567; 0; 0; 0; 649.4; 
567; 0; 0; 0; 649.6; 
567; 0; 0; 0; 649.8; 
567; 0; 0; 0; 650; 
567; 0; 0; 0; 650.2; 
567; 0; 0; 0; 650.4; 
567; 0; 0; 0; 650.6; 
567; 0; 0; 0; 650.8; 
567; 0; 0; 0; 651; 
567; 0; 0; 0; 651.2; 
567; 0; 0; 0; 651.4; 
567; 0; 0; 0; 651.6; 
567; 0; 0; 0; 651.8; 
567; 0; 0; 0; 652; 
567; 0; 0; 0; 652.2; 
567; 0; 0; 0; 652.4; 
567; 0; 0; 0; 652.6; 
567; 0; 0; 0; 652.8; 
567; 0; 0; 0; 653; 
567; 0; 0; 0; 653.2; 
567; 0; 0; 0; 653.4; 
567; 0; 0; 0; 653.6; 
567; 0; 0; 0; 653.8; 
567; 0; 0; 0; 654; 
567; 0; 0; 0; 654.2; 
567; 0; 0; 0; 654.4; 
567; 0; 0; 0; 654.6; 
567; 0; 0; 0; 654.8; 
567; 0; 0; 0; 655; 
567; 0; 0; 0; 655.2; 
567; 0; 0; 0; 655.4; 
567; 0; 0; 0; 655.6; 
567; 0; 0; 0; 655.8; 
567; 0; 0; 0; 656; 
567; 0; 0; 0; 656.2; 
567; 0; 0; 0; 656.4; 
567; 0; 0; 0; 656.6; 
567; 0; 0; 0; 656.8; 
567; 0; 0; 0; 657; 
567; 0; 0; 0; 657.2; 
567; 0; 0; 0; 657.4; 
567; 0; 0; 0; 657.6; 
567; 0; 0; 0; 657.8; 
567; 0; 0; 0; 658; 
567; 0; 0; 0; 658.2; 
567; 0; 0; 0; 658.4; 
567; 0; 0; 0; 658.6; 
567; 0; 0; 0; 658.8; 
567; 0; 0; 0; 659; 
567; 0; 0; 0; 659.2; 
567; 0; 0; 0; 659.4; 
567; 0; 0; 0; 659.6; 
567; 0; 0; 0; 659.8; 
567; 0; 0; 0; 660; 
567; 0; 0; 0; 660.2; 
567; 0; 0; 0; 660.4; 
567; 0; 0; 0; 660.6; 
567; 0; 0; 0; 660.8; 
567; 0; 0; 0; 661; 
567; 0; 0; 0; 661.2; 
567; 0; 0; 0; 661.4; 
567; 0; 0; 0; 661.6; 
567; 0; 0; 0; 661.8; 
567; 0; 0; 0; 662; 
567; 0; 0; 0; 662.2; 
567; 0; 0; 0; 662.4; 
567; 0; 0; 0; 662.6; 
567; 0; 0; 0; 662.8; 
567; 0; 0; 0; 663; 
567; 0; 0; 0; 663.2; 
567; 0; 0; 0; 663.4; 
567; 0; 0; 0; 663.6; 
567; 0; 0; 0; 663.8; 
567; 0; 0; 0; 664; 
567; 0; 0; 0; 664.2; 
567; 0; 0; 0; 664.4; 
567; 0; 0; 0; 664.6; 
567; 0; 0; 0; 664.8; 
567; 0; 0; 0; 665; 
567; 0; 0; 0; 665.2; 
567; 0; 0; 0; 665.4; 
567; 0; 0; 0; 665.6; 
567; 0; 0; 0; 665.8; 
567; 0; 0; 0; 666; 
567; 0; 0; 0; 666.2; 
567; 0; 0; 0; 666.4; 
567; 0; 0; 0; 666.6; 
567; 0; 0; 0; 666.8; 
567; 0; 0; 0; 667; 
567; 0; 0; 0; 667.2; 
567; 0; 0; 0; 667.4; 
567; 0; 0; 0; 667.6; 
567; 0; 0; 0; 667.8; 
567; 0; 0; 0; 668; 
567; 0; 0; 0; 668.2; 
567; 0; 0; 0; 668.4; 
567; 0; 0; 0; 668.6; 
567; 0; 0; 0; 668.8; 
567; 0; 0; 0; 669; 
567; 0; 0; 0; 669.2; 
567; 0; 0; 0; 669.4; 
567; 0; 0; 0; 669.6; 
567; 0; 0; 0; 669.8; 
567; 0; 0; 0; 670; 
567; 0; 0; 0; 670.2; 
567; 0; 0; 0; 670.4; 
567; 0; 0; 0; 670.6; 
567; 0; 0; 0; 670.8; 
567; 0; 0; 0; 671; 
567; 0; 0; 0; 671.2; 
567; 0; 0; 0; 671.4; 
567; 0; 0; 0; 671.6; 
567; 0; 0; 0; 671.8; 
567; 0; 0; 0; 672; 
567; 0; 0; 0; 672.2; 
567; 0; 0; 0; 672.4; 
567; 0; 0; 0; 672.6; 
567; 0; 0; 0; 672.8; 
567; 0; 0; 0; 673; 
567; 0; 0; 0; 673.2; 
567; 0; 0; 0; 673.4; 
567; 0; 0; 0; 673.6; 
567; 0; 0; 0; 673.8; 
567; 0; 0; 0; 674; 
567; 0; 0; 0; 674.2; 
567; 0; 0; 0; 674.4; 
567; 0; 0; 0; 674.6; 
567; 0; 0; 0; 674.8; 
567; 0; 0; 0; 675; 
567; 0; 0; 0; 675.2; 
567; 0; 0; 0; 675.4; 
567; 0; 0; 0; 675.6; 
567; 0; 0; 0; 675.8; 
567; 0; 0; 0; 676; 
567; 0; 0; 0; 676.2; 
567; 0; 0; 0; 676.4; 
567; 0; 0; 0; 676.6; 
567; 0; 0; 0; 676.8; 
567; 0; 0; 0; 677; 
567; 0; 0; 0; 677.2; 
567; 0; 0; 0; 677.4; 
567; 0; 0; 0; 677.6; 
567; 0; 0; 0; 677.8; 
567; 0; 0; 0; 678; 
567; 0; 0; 0; 678.2; 
567; 0; 0; 0; 678.4; 
567; 0; 0; 0; 678.6; 
567; 0; 0; 0; 678.8; 
567; 0; 0; 0; 679; 
567; 0; 0; 0; 679.2; 
567; 0; 0; 0; 679.4; 
567; 0; 0; 0; 679.6; 
567; 0; 0; 0; 679.8; 
567; 0; 0; 0; 680; 
567; 0; 0; 0; 680.2; 
567; 0; 0; 0; 680.4; 
567; 0; 0; 0; 680.6; 
567; 0; 0; 0; 680.8; 
567; 0; 0; 0; 681; 
567; 0; 0; 0; 681.2; 
567; 0; 0; 0; 681.4; 
567; 0; 0; 0; 681.6; 
567; 0; 0; 0; 681.8; 
567; 0; 0; 0; 682; 
567; 0; 0; 0; 682.2; 
567; 0; 0; 0; 682.4; 
567; 0; 0; 0; 682.6; 
567; 0; 0; 0; 682.8; 
567; 0; 0; 0; 683; 
567; 0; 0; 0; 683.2; 
567; 0; 0; 0; 683.4; 
567; 0; 0; 0; 683.6; 
567; 0; 0; 0; 683.8; 
567; 0; 0; 0; 684; 
567; 0; 0; 0; 684.2; 
567; 0; 0; 0; 684.4; 
567; 0; 0; 0; 684.6; 
567; 0; 0; 0; 684.8; 
567; 0; 0; 0; 685; 
567; 0; 0; 0; 685.2; 
567; 0; 0; 0; 685.4; 
567; 0; 0; 0; 685.6; 
567; 0; 0; 0; 685.8; 
567; 0; 0; 0; 686; 
567; 0; 0; 0; 686.2; 
567; 0; 0; 0; 686.4; 
567; 0; 0; 0; 686.6; 
567; 0; 0; 0; 686.8; 
567; 0; 0; 0; 687; 
567; 0; 0; 0; 687.2; 
567; 0; 0; 0; 687.4; 
567; 0; 0; 0; 687.6; 
567; 0; 0; 0; 687.8; 
567; 0; 0; 0; 688; 
567; 0; 0; 0; 688.2; 
567; 0; 0; 0; 688.4; 
567; 0; 0; 0; 688.6; 
567; 0; 0; 0; 688.8; 
567; 0; 0; 0; 689; 
567; 0; 0; 0; 689.2; 
567; 0; 0; 0; 689.4; 
567; 0; 0; 0; 689.6; 
567; 0; 0; 0; 689.8; 
567; 0; 0; 0; 690; 
567; 0; 0; 0; 690.2; 
567; 0; 0; 0; 690.4; 
567; 0; 0; 0; 690.6; 
567; 0; 0; 0; 690.8; 
567; 0; 0; 0; 691; 
567; 0; 0; 0; 691.2; 
567; 0; 0; 0; 691.4; 
567; 0; 0; 0; 691.6; 
567; 0; 0; 0; 691.8; 
567; 0; 0; 0; 692; 
567; 0; 0; 0; 692.2; 
567; 0; 0; 0; 692.4; 
567; 0; 0; 0; 692.6; 
567; 0; 0; 0; 692.8; 
567; 0; 0; 0; 693; 
567; 0; 0; 0; 693.2; 
567; 0; 0; 0; 693.4; 
567; 0; 0; 0; 693.6; 
567; 0; 0; 0; 693.8; 
567; 0; 0; 0; 694; 
567; 0; 0; 0; 694.2; 
567; 0; 0; 0; 694.4; 
567; 0; 0; 0; 694.6; 
567; 0; 0; 0; 694.8; 
567; 0; 0; 0; 695; 
567; 0; 0; 0; 695.2; 
567; 0; 0; 0; 695.4; 
567; 0; 0; 0; 695.6; 
567; 0; 0; 0; 695.8; 
567; 0; 0; 0; 696; 
567; 0; 0; 0; 696.2; 
567; 0; 0; 0; 696.4; 
567; 0; 0; 0; 696.6; 
567; 0; 0; 0; 696.8; 
567; 0; 0; 0; 697; 
567; 0; 0; 0; 697.2; 
567; 0; 0; 0; 697.4; 
567; 0; 0; 0; 697.6; 
567; 0; 0; 0; 697.8; 
567; 0; 0; 0; 698; 
567; 0; 0; 0; 698.2; 
567; 0; 0; 0; 698.4; 
567; 0; 0; 0; 698.6; 
567; 0; 0; 0; 698.8; 
567; 0; 0; 0; 699; 
567; 0; 0; 0; 699.2; 
567; 0; 0; 0; 699.4; 
567; 0; 0; 0; 699.6; 
567; 0; 0; 0; 699.8; 
567; 0; 0; 0; 700; 
567; 0; 0; 0; 700.2; 
567; 0; 0; 0; 700.4; 
567; 0; 0; 0; 700.6; 
567; 0; 0; 0; 700.8; 
567; 0; 0; 0; 701; 
567; 0; 0; 0; 701.2; 
567; 0; 0; 0; 701.4; 
567; 0; 0; 0; 701.6; 
567; 0; 0; 0; 701.8; 
567; 0; 0; 0; 702; 
567; 0; 0; 0; 702.2; 
567; 0; 0; 0; 702.4; 
567; 0; 0; 0; 702.6; 
567; 0; 0; 0; 702.8; 
567; 0; 0; 0; 703; 
567; 0; 0; 0; 703.2; 
567; 0; 0; 0; 703.4; 
567; 0; 0; 0; 703.6; 
567; 0; 0; 0; 703.8; 
567; 0; 0; 0; 704; 
567; 0; 0; 0; 704.2; 
567; 0; 0; 0; 704.4; 
567; 0; 0; 0; 704.6; 
567; 0; 0; 0; 704.8; 
567; 0; 0; 0; 705; 
567; 0; 0; 0; 705.2; 
567; 0; 0; 0; 705.4; 
567; 0; 0; 0; 705.6; 
567; 0; 0; 0; 705.8; 
567; 0; 0; 0; 706; 
567; 0; 0; 0; 706.2; 
567; 0; 0; 0; 706.4; 
567; 0; 0; 0; 706.6; 
567; 0; 0; 0; 706.8; 
567; 0; 0; 0; 707; 
567; 0; 0; 0; 707.2; 
567; 0; 0; 0; 707.4; 
567; 0; 0; 0; 707.6; 
567; 0; 0; 0; 707.8; 
567; 0; 0; 0; 708; 
567; 0; 0; 0; 708.2; 
567; 0; 0; 0; 708.4; 
567; 0; 0; 0; 708.6; 
567; 0; 0; 0; 708.8; 
567; 0; 0; 0; 709; 
567; 0; 0; 0; 709.2; 
567; 0; 0; 0; 709.4; 
567; 0; 0; 0; 709.6; 
567; 0; 0; 0; 709.8; 
567; 0; 0; 0; 710; 
567; 0; 0; 0; 710.2; 
567; 0; 0; 0; 710.4; 
567; 0; 0; 0; 710.6; 
567; 0; 0; 0; 710.8; 
567; 0; 0; 0; 711; 
567; 0; 0; 0; 711.2; 
567; 0; 0; 0; 711.4; 
567; 0; 0; 0; 711.6; 
567; 0; 0; 0; 711.8; 
567; 0; 0; 0; 712; 
567; 0; 0; 0; 712.2; 
567; 0; 0; 0; 712.4; 
567; 0; 0; 0; 712.6; 
567; 0; 0; 0; 712.8; 
567; 0; 0; 0; 713; 
567; 0; 0; 0; 713.2; 
567; 0; 0; 0; 713.4; 
567; 0; 0; 0; 713.6; 
567; 0; 0; 0; 713.8; 
567; 0; 0; 0; 714; 
567; 0; 0; 0; 714.2; 
567; 0; 0; 0; 714.4; 
567; 0; 0; 0; 714.6; 
567; 0; 0; 0; 714.8; 
567; 0; 0; 0; 715; 
567; 0; 0; 0; 715.2; 
567; 0; 0; 0; 715.4; 
567; 0; 0; 0; 715.6; 
567; 0; 0; 0; 715.8; 
567; 0; 0; 0; 716; 
567; 0; 0; 0; 716.2; 
567; 0; 0; 0; 716.4; 
567; 0; 0; 0; 716.6; 
567; 0; 0; 0; 716.8; 
567; 0; 0; 0; 717; 
567; 0; 0; 0; 717.2; 
567; 0; 0; 0; 717.4; 
567; 0; 0; 0; 717.6; 
567; 0; 0; 0; 717.8; 
567; 0; 0; 0; 718; 
567; 0; 0; 0; 718.2; 
567; 0; 0; 0; 718.4; 
567; 0; 0; 0; 718.6; 
567; 0; 0; 0; 718.8; 
567; 0; 0; 0; 719; 
567; 0; 0; 0; 719.2; 
567; 0; 0; 0; 719.4; 
567; 0; 0; 0; 719.6; 
567; 0; 0; 0; 719.8; 
567; 0; 0; 0; 720; 
567; 0; 0; 0; 720.2; 
567; 0; 0; 0; 720.4; 
567; 0; 0; 0; 720.6; 
567; 0; 0; 0; 720.8; 
567; 0; 0; 0; 721; 
567; 0; 0; 0; 721.2; 
567; 0; 0; 0; 721.4; 
567; 0; 0; 0; 721.6; 
567; 0; 0; 0; 721.8; 
567; 0; 0; 0; 722; 
567; 0; 0; 0; 722.2; 
567; 0; 0; 0; 722.4; 
567; 0; 0; 0; 722.6; 
567; 0; 0; 0; 722.8; 
567; 0; 0; 0; 723; 
567; 0; 0; 0; 723.2; 
567; 0; 0; 0; 723.4; 
567; 0; 0; 0; 723.6; 
567; 0; 0; 0; 723.8; 
567; 0; 0; 0; 724; 
567; 0; 0; 0; 724.2; 
567; 0; 0; 0; 724.4; 
567; 0; 0; 0; 724.6; 
567; 0; 0; 0; 724.8; 
567; 0; 0; 0; 725; 
567; 0; 0; 0; 725.2; 
567; 0; 0; 0; 725.4; 
567; 0; 0; 0; 725.6; 
567; 0; 0; 0; 725.8; 
567; 0; 0; 0; 726; 
567; 0; 0; 0; 726.2; 
567; 0; 0; 0; 726.4; 
567; 0; 0; 0; 726.6; 
567; 0; 0; 0; 726.8; 
567; 0; 0; 0; 727; 
567; 0; 0; 0; 727.2; 
567; 0; 0; 0; 727.4; 
567; 0; 0; 0; 727.6; 
567; 0; 0; 0; 727.8; 
567; 0; 0; 0; 728; 
567; 0; 0; 0; 728.2; 
567; 0; 0; 0; 728.4; 
567; 0; 0; 0; 728.6; 
567; 0; 0; 0; 728.8; 
567; 0; 0; 0; 729; 
567; 0; 0; 0; 729.2; 
567; 0; 0; 0; 729.4; 
567; 0; 0; 0; 729.6; 
567; 0; 0; 0; 729.8; 
567; 0; 0; 0; 730; 
567; 0; 0; 0; 730.2; 
567; 0; 0; 0; 730.4; 
567; 0; 0; 0; 730.6; 
567; 0; 0; 0; 730.8; 
567; 0; 0; 0; 731; 
567; 0; 0; 0; 731.2; 
567; 0; 0; 0; 731.4; 
567; 0; 0; 0; 731.6; 
567; 0; 0; 0; 731.8; 
567; 0; 0; 0; 732; 
567; 0; 0; 0; 732.2; 
567; 0; 0; 0; 732.4; 
567; 0; 0; 0; 732.6; 
567; 0; 0; 0; 732.8; 
567; 0; 0; 0; 733; 
567; 0; 0; 0; 733.2; 
567; 0; 0; 0; 733.4; 
567; 0; 0; 0; 733.6; 
567; 0; 0; 0; 733.8; 
567; 0; 0; 0; 734; 
567; 0; 0; 0; 734.2; 
567; 0; 0; 0; 734.4; 
567; 0; 0; 0; 734.6; 
567; 0; 0; 0; 734.8; 
567; 0; 0; 0; 735; 
567; 0; 0; 0; 735.2; 
567; 0; 0; 0; 735.4; 
567; 0; 0; 0; 735.6; 
567; 0; 0; 0; 735.8; 
567; 0; 0; 0; 736; 
567; 0; 0; 0; 736.2; 
567; 0; 0; 0; 736.4; 
567; 0; 0; 0; 736.6; 
567; 0; 0; 0; 736.8; 
567; 0; 0; 0; 737; 
567; 0; 0; 0; 737.2; 
567; 0; 0; 0; 737.4; 
567; 0; 0; 0; 737.6; 
567; 0; 0; 0; 737.8; 
567; 0; 0; 0; 738; 
567; 0; 0; 0; 738.2; 
567; 0; 0; 0; 738.4; 
567; 0; 0; 0; 738.6; 
567; 0; 0; 0; 738.8; 
567; 0; 0; 0; 739; 
567; 0; 0; 0; 739.2; 
567; 0; 0; 0; 739.4; 
567; 0; 0; 0; 739.6; 
567; 0; 0; 0; 739.8; 
567; 0; 0; 0; 740; 
567; 0; 0; 0; 740.2; 
567; 0; 0; 0; 740.4; 
567; 0; 0; 0; 740.6; 
567; 0; 0; 0; 740.8; 
567; 0; 0; 0; 741; 
567; 0; 0; 0; 741.2; 
567; 0; 0; 0; 741.4; 
567; 0; 0; 0; 741.6; 
567; 0; 0; 0; 741.8; 
567; 0; 0; 0; 742; 
567; 0; 0; 0; 742.2; 
567; 0; 0; 0; 742.4; 
567; 0; 0; 0; 742.6; 
567; 0; 0; 0; 742.8; 
567; 0; 0; 0; 743; 
567; 0; 0; 0; 743.2; 
567; 0; 0; 0; 743.4; 
567; 0; 0; 0; 743.6; 
567; 0; 0; 0; 743.8; 
567; 0; 0; 0; 744; 
567; 0; 0; 0; 744.2; 
567; 0; 0; 0; 744.4; 
567; 0; 0; 0; 744.6; 
567; 0; 0; 0; 744.8; 
567; 0; 0; 0; 745; 
567; 0; 0; 0; 745.2; 
567; 0; 0; 0; 745.4; 
567; 0; 0; 0; 745.6; 
567; 0; 0; 0; 745.8; 
567; 0; 0; 0; 746; 
567; 0; 0; 0; 746.2; 
567; 0; 0; 0; 746.4; 
567; 0; 0; 0; 746.6; 
567; 0; 0; 0; 746.8; 
567; 0; 0; 0; 747; 
567; 0; 0; 0; 747.2; 
567; 0; 0; 0; 747.4; 
567; 0; 0; 0; 747.6; 
567; 0; 0; 0; 747.8; 
567; 0; 0; 0; 748; 
567; 0; 0; 0; 748.2; 
567; 0; 0; 0; 748.4; 
567; 0; 0; 0; 748.6; 
567; 0; 0; 0; 748.8; 
567; 0; 0; 0; 749; 
567; 0; 0; 0; 749.2; 
567; 0; 0; 0; 749.4; 
567; 0; 0; 0; 749.6; 
567; 0; 0; 0; 749.8; 
567; 0; 0; 0; 750; 
567; 0; 0; 0; 750.2; 
567; 0; 0; 0; 750.4; 
567; 0; 0; 0; 750.6; 
567; 0; 0; 0; 750.8; 
567; 0; 0; 0; 751; 
567; 0; 0; 0; 751.2; 
567; 0; 0; 0; 751.4; 
567; 0; 0; 0; 751.6; 
567; 0; 0; 0; 751.8; 
567; 0; 0; 0; 752; 
567; 0; 0; 0; 752.2; 
567; 0; 0; 0; 752.4; 
567; 0; 0; 0; 752.6; 
567; 0; 0; 0; 752.8; 
567; 0; 0; 0; 753; 
567; 0; 0; 0; 753.2; 
567; 0; 0; 0; 753.4; 
567; 0; 0; 0; 753.6; 
567; 0; 0; 0; 753.8; 
567; 0; 0; 0; 754; 
567; 0; 0; 0; 754.2; 
567; 0; 0; 0; 754.4; 
567; 0; 0; 0; 754.6; 
567; 0; 0; 0; 754.8; 
567; 0; 0; 0; 755; 
567; 0; 0; 0; 755.2; 
567; 0; 0; 0; 755.4; 
567; 0; 0; 0; 755.6; 
567; 0; 0; 0; 755.8; 
567; 0; 0; 0; 756; 
567; 0; 0; 0; 756.2; 
567; 0; 0; 0; 756.4; 
567; 0; 0; 0; 756.6; 
567; 0; 0; 0; 756.8; 
567; 0; 0; 0; 757; 
567; 0; 0; 0; 757.2; 
567; 0; 0; 0; 757.4; 
567; 0; 0; 0; 757.6; 
567; 0; 0; 0; 757.8; 
567; 0; 0; 0; 758; 
567; 0; 0; 0; 758.2; 
567; 0; 0; 0; 758.4; 
567; 0; 0; 0; 758.6; 
567; 0; 0; 0; 758.8; 
567; 0; 0; 0; 759; 
567; 0; 0; 0; 759.2; 
567; 0; 0; 0; 759.4; 
567; 0; 0; 0; 759.6; 
567; 0; 0; 0; 759.8; 
567; 0; 0; 0; 760; 
567; 0; 0; 0; 760.2; 
567; 0; 0; 0; 760.4; 
567; 0; 0; 0; 760.6; 
567; 0; 0; 0; 760.8; 
567; 0; 0; 0; 761; 
567; 0; 0; 0; 761.2; 
567; 0; 0; 0; 761.4; 
567; 0; 0; 0; 761.6; 
567; 0; 0; 0; 761.8; 
567; 0; 0; 0; 762; 
567; 0; 0; 0; 762.2; 
567; 0; 0; 0; 762.4; 
567; 0; 0; 0; 762.6; 
567; 0; 0; 0; 762.8; 
567; 0; 0; 0; 763; 
567; 0; 0; 0; 763.2; 
567; 0; 0; 0; 763.4; 
567; 0; 0; 0; 763.6; 
567; 0; 0; 0; 763.8; 
567; 0; 0; 0; 764; 
567; 0; 0; 0; 764.2; 
567; 0; 0; 0; 764.4; 
567; 0; 0; 0; 764.6; 
567; 0; 0; 0; 764.8; 
567; 0; 0; 0; 765; 
567; 0; 0; 0; 765.2; 
567; 0; 0; 0; 765.4; 
567; 0; 0; 0; 765.6; 
567; 0; 0; 0; 765.8; 
567; 0; 0; 0; 766; 
567; 0; 0; 0; 766.2; 
567; 0; 0; 0; 766.4; 
567; 0; 0; 0; 766.6; 
567; 0; 0; 0; 766.8; 
567; 0; 0; 0; 767; 
567; 0; 0; 0; 767.2; 
567; 0; 0; 0; 767.4; 
567; 0; 0; 0; 767.6; 
567; 0; 0; 0; 767.8; 
567; 0; 0; 0; 768; 
567; 0; 0; 0; 768.2; 
567; 0; 0; 0; 768.4; 
567; 0; 0; 0; 768.6; 
567; 0; 0; 0; 768.8; 
567; 0; 0; 0; 769; 
567; 0; 0; 0; 769.2; 
567; 0; 0; 0; 769.4; 
567; 0; 0; 0; 769.6; 
567; 0; 0; 0; 769.8; 
567; 0; 0; 0; 770; 
567; 0; 0; 0; 770.2; 
567; 0; 0; 0; 770.4; 
567; 0; 0; 0; 770.6; 
567; 0; 0; 0; 770.8; 
567; 0; 0; 0; 771; 
567; 0; 0; 0; 771.2; 
567; 0; 0; 0; 771.4; 
567; 0; 0; 0; 771.6; 
567; 0; 0; 0; 771.8; 
567; 0; 0; 0; 772; 
567; 0; 0; 0; 772.2; 
567; 0; 0; 0; 772.4; 
567; 0; 0; 0; 772.6; 
567; 0; 0; 0; 772.8; 
567; 0; 0; 0; 773; 
567; 0; 0; 0; 773.2; 
567; 0; 0; 0; 773.4; 
567; 0; 0; 0; 773.6; 
567; 0; 0; 0; 773.8; 
567; 0; 0; 0; 774; 
567; 0; 0; 0; 774.2; 
567; 0; 0; 0; 774.4; 
567; 0; 0; 0; 774.6; 
567; 0; 0; 0; 774.8; 
567; 0; 0; 0; 775; 
567; 0; 0; 0; 775.2; 
567; 0; 0; 0; 775.4; 
567; 0; 0; 0; 775.6; 
567; 0; 0; 0; 775.8; 
567; 0; 0; 0; 776; 
567; 0; 0; 0; 776.2; 
567; 0; 0; 0; 776.4; 
567; 0; 0; 0; 776.6; 
567; 0; 0; 0; 776.8; 
567; 0; 0; 0; 777; 
567; 0; 0; 0; 777.2; 
567; 0; 0; 0; 777.4; 
567; 0; 0; 0; 777.6; 
567; 0; 0; 0; 777.8; 
567; 0; 0; 0; 778; 
567; 0; 0; 0; 778.2; 
567; 0; 0; 0; 778.4; 
567; 0; 0; 0; 778.6; 
567; 0; 0; 0; 778.8; 
567; 0; 0; 0; 779; 
567; 0; 0; 0; 779.2; 
567; 0; 0; 0; 779.4; 
567; 0; 0; 0; 779.6; 
567; 0; 0; 0; 779.8; 
567; 0; 0; 0; 780; 
567; 0; 0; 0; 780.2; 
567; 0; 0; 0; 780.4; 
567; 0; 0; 0; 780.6; 
567; 0; 0; 0; 780.8; 
567; 0; 0; 0; 781; 
567; 0; 0; 0; 781.2; 
567; 0; 0; 0; 781.4; 
567; 0; 0; 0; 781.6; 
567; 0; 0; 0; 781.8; 
567; 0; 0; 0; 782; 
567; 0; 0; 0; 782.2; 
567; 0; 0; 0; 782.4; 
567; 0; 0; 0; 782.6; 
567; 0; 0; 0; 782.8; 
567; 0; 0; 0; 783; 
567; 0; 0; 0; 783.2; 
567; 0; 0; 0; 783.4; 
567; 0; 0; 0; 783.6; 
567; 0; 0; 0; 783.8; 
567; 0; 0; 0; 784; 
567; 0; 0; 0; 784.2; 
567; 0; 0; 0; 784.4; 
567; 0; 0; 0; 784.6; 
567; 0; 0; 0; 784.8; 
567; 0; 0; 0; 785; 
567; 0; 0; 0; 785.2; 
567; 0; 0; 0; 785.4; 
567; 0; 0; 0; 785.6; 
567; 0; 0; 0; 785.8; 
567; 0; 0; 0; 786; 
567; 0; 0; 0; 786.2; 
567; 0; 0; 0; 786.4; 
567; 0; 0; 0; 786.6; 
567; 0; 0; 0; 786.8; 
567; 0; 0; 0; 787; 
567; 0; 0; 0; 787.2; 
567; 0; 0; 0; 787.4; 
567; 0; 0; 0; 787.6; 
567; 0; 0; 0; 787.8; 
567; 0; 0; 0; 788; 
567; 0; 0; 0; 788.2; 
567; 0; 0; 0; 788.4; 
567; 0; 0; 0; 788.6; 
567; 0; 0; 0; 788.8; 
567; 0; 0; 0; 789; 
567; 0; 0; 0; 789.2; 
567; 0; 0; 0; 789.4; 
567; 0; 0; 0; 789.6; 
567; 0; 0; 0; 789.8; 
567; 0; 0; 0; 790; 
567; 0; 0; 0; 790.2; 
567; 0; 0; 0; 790.4; 
567; 0; 0; 0; 790.6; 
567; 0; 0; 0; 790.8; 
567; 0; 0; 0; 791; 
567; 0; 0; 0; 791.2; 
567; 0; 0; 0; 791.4; 
567; 0; 0; 0; 791.6; 
567; 0; 0; 0; 791.8; 
567; 0; 0; 0; 792; 
567; 0; 0; 0; 792.2; 
567; 0; 0; 0; 792.4; 
567; 0; 0; 0; 792.6; 
567; 0; 0; 0; 792.8; 
567; 0; 0; 0; 793; 
567; 0; 0; 0; 793.2; 
567; 0; 0; 0; 793.4; 
567; 0; 0; 0; 793.6; 
567; 0; 0; 0; 793.8; 
567; 0; 0; 0; 794; 
567; 0; 0; 0; 794.2; 
567; 0; 0; 0; 794.4; 
567; 0; 0; 0; 794.6; 
567; 0; 0; 0; 794.8; 
567; 0; 0; 0; 795; 
567; 0; 0; 0; 795.2; 
567; 0; 0; 0; 795.4; 
567; 0; 0; 0; 795.6; 
567; 0; 0; 0; 795.8; 
567; 0; 0; 0; 796; 
567; 0; 0; 0; 796.2; 
567; 0; 0; 0; 796.4; 
567; 0; 0; 0; 796.6; 
567; 0; 0; 0; 796.8; 
567; 0; 0; 0; 797; 
567; 0; 0; 0; 797.2; 
567; 0; 0; 0; 797.4; 
567; 0; 0; 0; 797.6; 
567; 0; 0; 0; 797.8; 
567; 0; 0; 0; 798; 
567; 0; 0; 0; 798.2; 
567; 0; 0; 0; 798.4; 
567; 0; 0; 0; 798.6; 
567; 0; 0; 0; 798.8; 
567; 0; 0; 0; 799; 
567; 0; 0; 0; 799.2; 
567; 0; 0; 0; 799.4; 
567; 0; 0; 0; 799.6; 
567; 0; 0; 0; 799.8; 
567; 0; 0; 0; 800; 
567; 0; 0; 0; 800.2; 
567; 0; 0; 0; 800.4; 
567; 0; 0; 0; 800.6; 
567; 0; 0; 0; 800.8; 
567; 0; 0; 0; 801; 
567; 0; 0; 0; 801.2; 
567; 0; 0; 0; 801.4; 
567; 0; 0; 0; 801.6; 
567; 0; 0; 0; 801.8; 
567; 0; 0; 0; 802; 
567; 0; 0; 0; 802.2; 
567; 0; 0; 0; 802.4; 
567; 0; 0; 0; 802.6; 
567; 0; 0; 0; 802.8; 
567; 0; 0; 0; 803; 
567; 0; 0; 0; 803.2; 
567; 0; 0; 0; 803.4; 
567; 0; 0; 0; 803.6; 
567; 0; 0; 0; 803.8; 
567; 0; 0; 0; 804; 
567; 0; 0; 0; 804.2; 
567; 0; 0; 0; 804.4; 
567; 0; 0; 0; 804.6; 
567; 0; 0; 0; 804.8; 
567; 0; 0; 0; 805; 
567; 0; 0; 0; 805.2; 
567; 0; 0; 0; 805.4; 
567; 0; 0; 0; 805.6; 
567; 0; 0; 0; 805.8; 
567; 0; 0; 0; 806; 
567; 0; 0; 0; 806.2; 
567; 0; 0; 0; 806.4; 
567; 0; 0; 0; 806.6; 
567; 0; 0; 0; 806.8; 
567; 0; 0; 0; 807; 
567; 0; 0; 0; 807.2; 
567; 0; 0; 0; 807.4; 
567; 0; 0; 0; 807.6; 
567; 0; 0; 0; 807.8; 
567; 0; 0; 0; 808; 
567; 0; 0; 0; 808.2; 
567; 0; 0; 0; 808.4; 
567; 0; 0; 0; 808.6; 
567; 0; 0; 0; 808.8; 
567; 0; 0; 0; 809; 
567; 0; 0; 0; 809.2; 
567; 0; 0; 0; 809.4; 
567; 0; 0; 0; 809.6; 
567; 0; 0; 0; 809.8; 
567; 0; 0; 0; 810; 
567; 0; 0; 0; 810.2; 
567; 0; 0; 0; 810.4; 
567; 0; 0; 0; 810.6; 
567; 0; 0; 0; 810.8; 
567; 0; 0; 0; 811; 
567; 0; 0; 0; 811.2; 
567; 0; 0; 0; 811.4; 
567; 0; 0; 0; 811.6; 
567; 0; 0; 0; 811.8; 
567; 0; 0; 0; 812; 
567; 0; 0; 0; 812.2; 
567; 0; 0; 0; 812.4; 
567; 0; 0; 0; 812.6; 
567; 0; 0; 0; 812.8; 
567; 0; 0; 0; 813; 
567; 0; 0; 0; 813.2; 
567; 0; 0; 0; 813.4; 
567; 0; 0; 0; 813.6; 
567; 0; 0; 0; 813.8; 
567; 0; 0; 0; 814; 
567; 0; 0; 0; 814.2; 
567; 0; 0; 0; 814.4; 
567; 0; 0; 0; 814.6; 
567; 0; 0; 0; 814.8; 
567; 0; 0; 0; 815; 
567; 0; 0; 0; 815.2; 
567; 0; 0; 0; 815.4; 
567; 0; 0; 0; 815.6; 
567; 0; 0; 0; 815.8; 
567; 0; 0; 0; 816; 
567; 0; 0; 0; 816.2; 
567; 0; 0; 0; 816.4; 
567; 0; 0; 0; 816.6; 
567; 0; 0; 0; 816.8; 
567; 0; 0; 0; 817; 
567; 0; 0; 0; 817.2; 
567; 0; 0; 0; 817.4; 
567; 0; 0; 0; 817.6; 
567; 0; 0; 0; 817.8; 
567; 0; 0; 0; 818; 
567; 0; 0; 0; 818.2; 
567; 0; 0; 0; 818.4; 
567; 0; 0; 0; 818.6; 
567; 0; 0; 0; 818.8; 
567; 0; 0; 0; 819; 
567; 0; 0; 0; 819.2; 
567; 0; 0; 0; 819.4; 
567; 0; 0; 0; 819.6; 
567; 0; 0; 0; 819.8; 
567; 0; 0; 0; 820; 
567; 0; 0; 0; 820.2; 
567; 0; 0; 0; 820.4; 
567; 0; 0; 0; 820.6; 
567; 0; 0; 0; 820.8; 
567; 0; 0; 0; 821; 
567; 0; 0; 0; 821.2; 
567; 0; 0; 0; 821.4; 
567; 0; 0; 0; 821.6; 
567; 0; 0; 0; 821.8; 
567; 0; 0; 0; 822; 
567; 0; 0; 0; 822.2; 
567; 0; 0; 0; 822.4; 
567; 0; 0; 0; 822.6; 
567; 0; 0; 0; 822.8; 
567; 0; 0; 0; 823; 
567; 0; 0; 0; 823.2; 
567; 0; 0; 0; 823.4; 
567; 0; 0; 0; 823.6; 
567; 0; 0; 0; 823.8; 
567; 0; 0; 0; 824; 
567; 0; 0; 0; 824.2; 
