567; 0; 0; 170; 0; 
567; 0; 0; 170; 0.2; 
567; 0; 0; 170; 0.4; 
567; 0; 0; 170; 0.6; 
567; 0; 0; 170; 0.8; 
567; 0; 0; 170; 1; 
567; 0; 0; 170; 1.2; 
567; 0; 0; 170; 1.4; 
567; 0; 0; 170; 1.6; 
567; 0; 0; 170; 1.8; 
567; 0; 0; 170; 2; 
567; 0; 0; 170; 2.2; 
567; 0; 0; 170; 2.4; 
567; 0; 0; 170; 2.6; 
567; 0; 0; 170; 2.8; 
567; 0; 0; 170; 3; 
567; 0; 0; 170; 3.2; 
567; 0; 0; 170; 3.4; 
567; 0; 0; 170; 3.6; 
567; 0; 0; 170; 3.8; 
567; 0; 0; 170; 4; 
567; 0; 0; 170; 4.2; 
567; 0; 0; 170; 4.4; 
567; 0; 0; 170; 4.6; 
567; 0; 0; 170; 4.8; 
567; 0; 0; 170; 5; 
567; 0; 0; 170; 5.2; 
567; 0; 0; 170; 5.4; 
567; 0; 0; 170; 5.6; 
567; 0; 0; 170; 5.8; 
567; 0; 0; 170; 6; 
567; 0; 0; 170; 6.2; 
567; 0; 0; 170; 6.4; 
567; 0; 0; 170; 6.6; 
567; 0; 0; 170; 6.8; 
567; 0; 0; 170; 7; 
567; 0; 0; 170; 7.2; 
567; 0; 0; 170; 7.4; 
567; 0; 0; 170; 7.6; 
567; 0; 0; 170; 7.8; 
567; 0; 0; 170; 8; 
567; 0; 0; 170; 8.2; 
567; 0; 0; 170; 8.4; 
567; 0; 0; 170; 8.6; 
567; 0; 0; 170; 8.8; 
567; 0; 0; 170; 9; 
567; 0; 0; 170; 9.2; 
567; 0; 0; 170; 9.4; 
567; 0; 0; 170; 9.6; 
567; 0; 0; 170; 9.8; 
567; 0; 0; 170; 10; 
567; 0; 0; 170; 10.2; 
567; 0; 0; 170; 10.4; 
567; 0; 0; 170; 10.6; 
567; 0; 0; 170; 10.8; 
567; 0; 0; 170; 11; 
567; 0; 0; 170; 11.2; 
567; 0; 0; 170; 11.4; 
567; 0; 0; 170; 11.6; 
567; 0; 0; 170; 11.8; 
567; 0; 0; 170; 12; 
567; 0; 0; 170; 12.2; 
567; 0; 0; 170; 12.4; 
567; 0; 0; 170; 12.6; 
567; 0; 0; 170; 12.8; 
567; 0; 0; 170; 13; 
567; 0; 0; 170; 13.2; 
567; 0; 0; 170; 13.4; 
567; 0; 0; 170; 13.6; 
567; 0; 0; 170; 13.8; 
567; 0; 0; 170; 14; 
567; 0; 0; 170; 14.2; 
567; 0; 0; 170; 14.4; 
567; 0; 0; 170; 14.6; 
567; 0; 0; 170; 14.8; 
567; 0; 0; 170; 15; 
567; 0; 0; 170; 15.2; 
567; 0; 0; 170; 15.4; 
567; 0; 0; 170; 15.6; 
567; 0; 0; 170; 15.8; 
567; 0; 0; 170; 16; 
567; 0; 0; 170; 16.2; 
567; 0; 0; 170; 16.4; 
567; 0; 0; 170; 16.6; 
567; 0; 0; 170; 16.8; 
567; 0; 0; 170; 17; 
567; 0; 0; 170; 17.2; 
567; 0; 0; 170; 17.4; 
567; 0; 0; 170; 17.6; 
567; 0; 0; 170; 17.8; 
567; 0; 0; 170; 18; 
567; 0; 0; 170; 18.2; 
567; 0; 0; 170; 18.4; 
567; 0; 0; 170; 18.6; 
567; 0; 0; 170; 18.8; 
567; 0; 0; 170; 19; 
567; 0; 0; 170; 19.2; 
567; 0; 0; 170; 19.4; 
567; 0; 0; 170; 19.6; 
567; 0; 0; 170; 19.8; 
567; 0; 0; 170; 20; 
567; 0; 0; 170; 20.2; 
567; 0; 0; 170; 20.4; 
567; 0; 0; 170; 20.6; 
567; 0; 0; 170; 20.8; 
567; 0; 0; 170; 21; 
567; 0; 0; 170; 21.2; 
567; 0; 0; 170; 21.4; 
567; 0; 0; 170; 21.6; 
567; 0; 0; 170; 21.8; 
567; 0; 0; 170; 22; 
567; 0; 0; 170; 22.2; 
567; 0; 0; 170; 22.4; 
567; 0; 0; 170; 22.6; 
567; 0; 0; 170; 22.8; 
567; 0; 0; 170; 23; 
567; 0; 0; 170; 23.2; 
567; 0; 0; 170; 23.4; 
567; 0; 0; 170; 23.6; 
567; 0; 2389.8515; 170; 23.8; 
567; 0; 2389.8515; 170; 24; 
567; 0; 2389.8515; 170; 24.2; 
567; 0; 2389.8515; 170; 24.4; 
567; 0; 2389.8515; 170; 24.6; 
567; 0; 2389.8515; 170; 24.8; 
567; 0; 2389.8515; 170; 25; 
567; 0; 2389.8515; 170; 25.2; 
567; 0; 2389.8515; 170; 25.4; 
567; 0; 2389.8515; 170; 25.6; 
567; 0; 2389.8515; 170; 25.8; 
567; 0; 2389.8515; 170; 26; 
567; 0; 2389.8515; 170; 26.2; 
567; 0; 2389.8515; 170; 26.4; 
567; 0; 2389.8515; 170; 26.6; 
567; 0; 2389.8515; 170; 26.8; 
567; 0; 2389.8515; 170; 27; 
567; 0; 2389.8515; 170; 27.2; 
567; 0; 2389.8515; 170; 27.4; 
567; 0; 2389.8515; 170; 27.6; 
567; 0; 2389.8515; 170; 27.8; 
567; 0; 2389.8515; 170; 28; 
567; 0; 2389.8515; 170; 28.2; 
567; 0; 2389.8515; 170; 28.4; 
567; 0; 2389.8515; 170; 28.6; 
567; 0; 2389.8515; 170; 28.8; 
567; 0; 2389.8515; 170; 29; 
567; 0; 2389.8515; 170; 29.2; 
567; 0; 2389.8515; 170; 29.4; 
567; 0; 2389.8515; 170; 29.6; 
567; 0; 2389.8515; 170; 29.8; 
567; 0; 2389.8515; 170; 30; 
567; 0; 2389.8515; 170; 30.2; 
567; 0; 2389.8515; 170; 30.4; 
567; 0; 2389.8515; 170; 30.6; 
567; 0; 2389.8515; 170; 30.8; 
567; 0; 2389.8515; 170; 31; 
567; 0; 2389.8515; 170; 31.2; 
567; 0; 2389.8515; 170; 31.4; 
567; 0; 2389.8515; 170; 31.6; 
567; 0; 2389.8515; 170; 31.8; 
567; 0; 2389.8515; 170; 32; 
567; 0; 2389.8515; 170; 32.2; 
567; 0; 2389.8515; 170; 32.4; 
567; 0; 2389.8515; 170; 32.6; 
567; 0; 2389.8515; 170; 32.8; 
567; 0; 2389.8515; 170; 33; 
567; 0; 2389.8515; 170; 33.2; 
567; 0; 2389.8515; 170; 33.4; 
567; 0; 2389.8515; 170; 33.6; 
567; 0; 2389.8515; 170; 33.8; 
567; 0; 2389.8515; 170; 34; 
567; 0; 2389.8515; 170; 34.2; 
567; 0; 2389.8515; 170; 34.4; 
567; 0; 2389.8515; 170; 34.6; 
567; 0; 2389.8515; 170; 34.8; 
567; 0; 2389.8515; 170; 35; 
567; 0; 2389.8515; 170; 35.2; 
567; 0; 2389.8515; 170; 35.4; 
567; 0; 2389.8515; 170; 35.6; 
567; 0; 2389.8515; 170; 35.8; 
567; 0; 2389.8515; 170; 36; 
567; 0; 2389.8515; 170; 36.2; 
567; 0; 2389.8515; 170; 36.4; 
567; 0; 2389.8515; 170; 36.6; 
567; 0; 2389.8515; 170; 36.8; 
567; 0; 2389.8515; 170; 37; 
567; 0; 2389.8515; 170; 37.2; 
567; 0; 2389.8515; 170; 37.4; 
567; 0; 2389.8515; 170; 37.6; 
567; 0; 2389.8515; 170; 37.8; 
567; 0; 2389.8515; 170; 38; 
567; 0; 2389.8515; 170; 38.2; 
567; 0; 2389.8515; 170; 38.4; 
567; 0; 2389.8515; 170; 38.6; 
567; 0; 2389.8515; 170; 38.8; 
567; 0; 2408.0801; 170; 39; 
567; 0; 2444.523; 170; 39.2; 
567; 0; 2497.5166; 170; 39.4; 
567; 0; 2661.896; 170; 39.6; 
567; 0; 2905.4282; 170; 39.8; 
567; 0; 2945.4437; 170; 40; 
567; 0; 2972.1349; 170; 40.2; 
567; 0; 3010.956; 170; 40.4; 
567; 0; 3033.8838; 170; 40.6; 
567; 0; 3053.4359; 170; 40.8; 
567; 0; 3064.0977; 170; 41; 
567; 0; 3074.5804; 170; 41.2; 
567; 0; 3076.2702; 170; 41.4; 
567; 0; 3077.9314; 170; 41.6; 
567; 0; 3070.9642; 170; 41.8; 
567; 0; 3072.5877; 170; 42; 
567; 0; 3074.1839; 170; 42.2; 
567; 0; 3075.7502; 170; 42.4; 
567; 0; 3077.2836; 170; 42.6; 
567; 0; 3078.781; 170; 42.8; 
567; 0; 3080.24; 170; 43; 
567; 0; 3081.7099; 170; 43.2; 
567; 0; 3083.2648; 170; 43.4; 
567; 0; 3084.7768; 170; 43.6; 
567; 0; 3086.2502; 170; 43.8; 
567; 0; 3087.6884; 170; 44; 
567; 0; 3089.0933; 170; 44.2; 
567; 0; 3090.4661; 170; 44.4; 
567; 0; 3091.8073; 170; 44.6; 
567; 0; 3093.1171; 170; 44.8; 
567; 0; 3094.3955; 170; 45; 
567; 0; 3095.642; 170; 45.2; 
567; 0; 3096.8563; 170; 45.4; 
567; 0; 3098.038; 170; 45.6; 
567; 0; 3099.1866; 170; 45.8; 
567; 0; 3100.3016; 170; 46; 
567; 0; 3101.3826; 170; 46.2; 
567; 0; 3102.4291; 170; 46.4; 
567; 0; 3103.4405; 170; 46.6; 
567; 0; 3104.4165; 170; 46.8; 
567; 0; 3105.3565; 170; 47; 
567; 0; 3106.2601; 170; 47.2; 
567; 0; 3116.4977; 170; 47.4; 
567; 0; 3117.3196; 170; 47.6; 
567; 0; 3118.1039; 170; 47.8; 
567; 0; 3118.8503; 170; 48; 
567; 0; 3119.5583; 170; 48.2; 
567; 0; 3120.2275; 170; 48.4; 
567; 0; 3130.1179; 170; 48.6; 
567; 0; 3130.7026; 170; 48.8; 
567; 0; 3131.2474; 170; 49; 
567; 0; 3131.7519; 170; 49.2; 
567; 0; 3132.2158; 170; 49.4; 
567; 0; 3132.6384; 170; 49.6; 
567; 0; 3142.188; 170; 49.8; 
567; 0; 3142.5239; 170; 50; 
567; 0; 3142.8179; 170; 50.2; 
567; 0; 3143.0694; 170; 50.4; 
567; 0; 3152.377; 170; 50.6; 
567; 0; 3152.5409; 170; 50.8; 
567; 0; 3152.6617; 170; 51; 
567; 0; 3152.7389; 170; 51.2; 
567; 0; 3161.8144; 170; 51.4; 
567; 0; 3161.8037; 170; 51.6; 
567; 0; 3161.7489; 170; 51.8; 
567; 0; 3170.6456; 170; 52; 
567; 0; 3170.5045; 170; 52.2; 
567; 0; 3170.3314; 170; 52.4; 
567; 0; 3170.1382; 170; 52.6; 
567; 0; 3175.0457; 170; 52.8; 
567; 0; 3174.846; 170; 53; 
567; 0; 3174.655; 170; 53.2; 
567; 0; 3174.4793; 170; 53.4; 
567; 0; 3179.3895; 170; 53.6; 
567; 0; 3179.26; 170; 53.8; 
567; 0; 3179.1577; 170; 54; 
567; 0; 3179.0837; 170; 54.2; 
567; 0; 3184.0606; 170; 54.4; 
567; 0; 3184.0416; 170; 54.6; 
567; 0; 3184.0471; 170; 54.8; 
567; 0; 3184.0746; 170; 55; 
567; 0; 3189.1027; 170; 55.2; 
567; 0; 3189.164; 170; 55.4; 
567; 0; 3189.2368; 170; 55.6; 
567; 0; 3189.3175; 170; 55.8; 
567; 0; 3189.4025; 170; 56; 
567; 0; 3194.4311; 170; 56.2; 
567; 0; 3194.5149; 170; 56.4; 
567; 0; 3194.5945; 170; 56.6; 
567; 0; 3194.668; 170; 56.8; 
567; 0; 3199.6413; 170; 57; 
567; 0; 3199.6986; 170; 57.2; 
567; 0; 3199.7472; 170; 57.4; 
567; 0; 3199.7874; 170; 57.6; 
567; 0; 3204.6962; 170; 57.8; 
567; 0; 3204.7209; 170; 58; 
567; 0; 3204.7392; 170; 58.2; 
567; 0; 3204.7525; 170; 58.4; 
567; 0; 3204.7618; 170; 58.6; 
567; 0; 3209.6191; 170; 58.8; 
567; 0; 3209.6243; 170; 59; 
567; 0; 3209.6291; 170; 59.2; 
567; 0; 3209.6344; 170; 59.4; 
567; 0; 3214.4696; 170; 59.6; 
567; 0; 3214.4777; 170; 59.8; 
567; 0; 3214.4878; 170; 60; 
567; 0; 3214.5001; 170; 60.2; 
567; 0; 3219.3256; 170; 60.4; 
567; 0; 3219.3418; 170; 60.6; 
567; 0; 3219.3596; 170; 60.8; 
567; 0; 3219.3787; 170; 61; 
567; 0; 3219.3985; 170; 61.2; 
567; 0; 3221.1012; 170; 61.4; 
567; 0; 3221.1215; 170; 61.6; 
567; 0; 3221.1415; 170; 61.8; 
567; 0; 3221.161; 170; 62; 
567; 0; 3222.8255; 170; 62.2; 
567; 0; 3222.8432; 170; 62.4; 
567; 0; 3222.8599; 170; 62.6; 
567; 0; 3222.8756; 170; 62.8; 
567; 0; 3222.8901; 170; 63; 
567; 0; 3224.5162; 170; 63.2; 
567; 0; 3224.5288; 170; 63.4; 
567; 0; 3224.5405; 170; 63.6; 
567; 0; 3224.5517; 170; 63.8; 
567; 0; 3224.5626; 170; 64; 
567; 0; 3226.1562; 170; 64.2; 
567; 0; 3226.1666; 170; 64.4; 
567; 0; 3226.1769; 170; 64.6; 
567; 0; 3226.1869; 170; 64.8; 
567; 0; 3226.1995; 170; 65; 
567; 0; 3227.7799; 170; 65.2; 
567; 0; 3227.8224; 170; 65.4; 
567; 0; 3227.89; 170; 65.6; 
567; 0; 3227.988; 170; 65.8; 
567; 0; 3228.1213; 170; 66; 
567; 0; 3229.825; 170; 66.2; 
567; 0; 3230.0395; 170; 66.4; 
567; 0; 3230.2981; 170; 66.6; 
567; 0; 3230.5934; 170; 66.8; 
567; 0; 3230.9136; 170; 67; 
567; 0; 3231.2466; 170; 67.2; 
567; 0; 3233.0809; 170; 67.4; 
567; 0; 3233.4046; 170; 67.6; 
567; 0; 3233.7119; 170; 67.8; 
567; 0; 3233.998; 170; 68; 
567; 0; 3234.2603; 170; 68.2; 
567; 0; 3234.4989; 170; 68.4; 
567; 0; 3236.1876; 170; 68.6; 
567; 0; 3236.383; 170; 68.8; 
567; 0; 3236.5622; 170; 69; 
567; 0; 3236.7286; 170; 69.2; 
567; 0; 3236.8852; 170; 69.4; 
567; 0; 3238.4885; 170; 69.6; 
567; 0; 3238.6313; 170; 69.8; 
567; 0; 3238.7698; 170; 70; 
567; 0; 3210.8032; 170; 70.2; 
567; 0; 3172.5225; 170; 70.4; 
567; 0; 3134.2309; 170; 70.6; 
567; 0; 3097.6039; 170; 70.8; 
567; 0; 3061.2343; 170; 71; 
567; 0; 3026.7387; 170; 71.2; 
567; 0; 2992.2333; 170; 71.4; 
567; 0; 2956.9142; 170; 71.6; 
567; 0; 2922.3901; 170; 71.8; 
567; 0; 2889.469; 170; 72; 
567; 0; 2855.8724; 170; 72.2; 
567; 0; 2822.2689; 170; 72.4; 
567; 0; 2790.2615; 170; 72.6; 
567; 0; 2758.2489; 170; 72.8; 
567; 0; 2727.0327; 170; 73; 
567; 0; 2693.4514; 170; 73.2; 
567; 0; 2661.3491; 170; 73.4; 
567; 0; 2632.9739; 170; 73.6; 
567; 0; 2605.3844; 170; 73.8; 
567; 0; 2579.3698; 170; 74; 
567; 0; 2553.3526; 170; 74.2; 
567; 0; 2528.9108; 170; 74.4; 
567; 0; 2504.4668; 170; 74.6; 
567; 0; 2481.5985; 170; 74.8; 
567; 0; 2462.8706; 170; 75; 
567; 0; 2441.909; 170; 75.2; 
567; 0; 2420.9459; 170; 75.4; 
567; 0; 2401.535; 170; 75.6; 
567; 0; 2382.1229; 170; 75.8; 
567; 0; 2359.7744; 170; 76; 
567; 0; 2337.7963; 170; 76.2; 
567; 0; 2317.4816; 170; 76.4; 
567; 0; 2299.9607; 170; 76.6; 
567; 0; 2283.2737; 170; 76.8; 
567; 0; 2266.5859; 170; 77; 
567; 0; 2251.5672; 170; 77.2; 
567; 0; 2236.5485; 170; 77.4; 
567; 0; 2223.1992; 170; 77.6; 
567; 0; 2209.8499; 170; 77.8; 
567; 0; 2196.5004; 170; 78; 
567; 0; 2190.8895; 170; 78.2; 
567; 0; 2179.3913; 170; 78.4; 
567; 0; 2167.8925; 170; 78.6; 
567; 0; 2157.2145; 170; 78.8; 
567; 0; 2146.5357; 170; 79; 
567; 0; 2136.6778; 170; 79.2; 
567; 0; 2126.8194; 170; 79.4; 
567; 0; 2117.7822; 170; 79.6; 
567; 0; 2108.7448; 170; 79.8; 
567; 0; 2099.7071; 170; 80; 
567; 0; 2091.491; 170; 80.2; 
567; 0; 2084.0966; 170; 80.4; 
567; 0; 2076.7021; 170; 80.6; 
567; 0; 2068.6514; 170; 80.8; 
567; 0; 2061.0153; 170; 81; 
567; 0; 2054.3338; 170; 81.2; 
567; 0; 2046.6976; 170; 81.4; 
567; 0; 2040.016; 170; 81.6; 
567; 0; 2033.3342; 170; 81.8; 
567; 0; 2027.607; 170; 82; 
567; 0; 2021.8796; 170; 82.2; 
567; 0; 2017.1067; 170; 82.4; 
567; 0; 2011.7393; 170; 82.6; 
567; 0; 2007.3108; 170; 82.8; 
567; 0; 2002.8822; 170; 83; 
567; 0; 1999.3393; 170; 83.2; 
567; 0; 1995.7963; 170; 83.4; 
567; 0; 1992.2533; 170; 83.6; 
567; 0; 1988.7103; 170; 83.8; 
567; 0; 1985.1673; 170; 84; 
567; 0; 1982.5099; 170; 84.2; 
567; 0; 1979.8526; 170; 84.4; 
567; 0; 1977.1952; 170; 84.6; 
567; 0; 1974.5379; 170; 84.8; 
567; 0; 1971.8806; 170; 85; 
567; 0; 1970.109; 170; 85.2; 
567; 0; 1968.3374; 170; 85.4; 
567; 0; 1966.5657; 170; 85.6; 
567; 0; 1964.794; 170; 85.8; 
567; 0; 1963.0223; 170; 86; 
567; 0; 1961.2507; 170; 86.2; 
567; 0; 1960.3646; 170; 86.4; 
567; 0; 1958.5929; 170; 86.6; 
567; 0; 1957.7069; 170; 86.8; 
567; 0; 1956.8208; 170; 87; 
567; 0; 1955.9348; 170; 87.2; 
567; 0; 1955.0488; 170; 87.4; 
567; 0; 1954.1627; 170; 87.6; 
567; 0; 1954.1624; 170; 87.8; 
567; 0; 1953.2763; 170; 88; 
567; 0; 1952.3902; 170; 88.2; 
567; 0; 1952.3899; 170; 88.4; 
567; 0; 1952.3895; 170; 88.6; 
567; 0; 1951.5034; 170; 88.8; 
567; 0; 1951.503; 170; 89; 
567; 0; 1951.5026; 170; 89.2; 
567; 0; 1951.5023; 170; 89.4; 
567; 0; 1951.502; 170; 89.6; 
567; 0; 1951.5018; 170; 89.8; 
567; 0; 1951.5015; 170; 90; 
567; 0; 1951.5011; 170; 90.2; 
567; 0; 1951.5008; 170; 90.4; 
567; 0; 1951.5004; 170; 90.6; 
567; 0; 1951.5; 170; 90.8; 
567; 0; 1952.3853; 170; 91; 
567; 0; 1942.7942; 170; 91.2; 
567; 0; 1942.7938; 170; 91.4; 
567; 0; 1943.69; 170; 91.6; 
567; 0; 1943.6896; 170; 91.8; 
567; 0; 1944.586; 170; 92; 
567; 0; 1944.5857; 170; 92.2; 
567; 0; 1945.4821; 170; 92.4; 
567; 0; 1946.3785; 170; 92.6; 
567; 0; 1947.2748; 170; 92.8; 
567; 0; 1947.2745; 170; 93; 
567; 0; 1948.1708; 170; 93.2; 
567; 0; 1949.0671; 170; 93.4; 
567; 0; 1949.9634; 170; 93.6; 
567; 0; 1950.8597; 170; 93.8; 
567; 0; 1951.756; 170; 94; 
567; 0; 1952.6523; 170; 94.2; 
567; 0; 1953.5486; 170; 94.4; 
567; 0; 1954.4449; 170; 94.6; 
567; 0; 1955.3413; 170; 94.8; 
567; 0; 1956.2376; 170; 95; 
567; 0; 1957.134; 170; 95.2; 
567; 0; 1958.0305; 170; 95.4; 
567; 0; 1959.8256; 170; 95.6; 
567; 0; 1963.4192; 170; 95.8; 
567; 0; 1967.9175; 170; 96; 
567; 0; 1974.2199; 170; 96.2; 
567; 0; 1983.2261; 170; 96.4; 
567; 0; 1993.1452; 170; 96.6; 
567; 0; 2005.774; 170; 96.8; 
567; 0; 2020.518; 170; 97; 
567; 0; 2037.0795; 170; 97.2; 
567; 0; 2053.6672; 170; 97.4; 
567; 0; 2069.3357; 170; 97.6; 
567; 0; 2081.9919; 170; 97.8; 
567; 0; 2094.659; 170; 98; 
567; 0; 2106.4975; 170; 98.2; 
567; 0; 2116.6677; 170; 98.4; 
567; 0; 2126.8411; 170; 98.6; 
567; 0; 2136.1795; 170; 98.8; 
567; 0; 2144.6825; 170; 99; 
567; 0; 2153.1879; 170; 99.2; 
567; 0; 2161.6967; 170; 99.4; 
567; 0; 2162.4037; 170; 99.6; 
567; 0; 2171.0626; 170; 99.8; 
567; 0; 2178.8762; 170; 100; 
567; 0; 2187.5491; 170; 100.2; 
567; 0; 2195.3771; 170; 100.4; 
567; 0; 2203.2124; 170; 100.6; 
567; 0; 2211.0546; 170; 100.8; 
567; 0; 2218.9033; 170; 101; 
567; 0; 2225.9045; 170; 101.2; 
567; 0; 2232.9106; 170; 101.4; 
567; 0; 2239.067; 170; 101.6; 
567; 0; 2245.227; 170; 101.8; 
567; 0; 2251.3903; 170; 102; 
567; 0; 2256.702; 170; 102.2; 
567; 0; 2262.0167; 170; 102.4; 
567; 0; 2267.3343; 170; 102.6; 
567; 0; 2272.655; 170; 102.8; 
567; 0; 2277.1231; 170; 103; 
567; 0; 2281.5941; 170; 103.2; 
567; 0; 2286.0682; 170; 103.4; 
567; 0; 2289.6888; 170; 103.6; 
567; 0; 2293.3121; 170; 103.8; 
567; 0; 2297.7953; 170; 104; 
567; 0; 2301.4243; 170; 104.2; 
567; 0; 2304.1982; 170; 104.4; 
567; 0; 2307.832; 170; 104.6; 
567; 0; 2310.6101; 170; 104.8; 
567; 0; 2313.3902; 170; 105; 
567; 0; 2316.1721; 170; 105.2; 
567; 0; 2318.9558; 170; 105.4; 
567; 0; 2320.8819; 170; 105.6; 
567; 0; 2323.8599; 170; 105.8; 
567; 0; 2326.0692; 170; 106; 
567; 0; 2328.28; 170; 106.2; 
567; 0; 2330.4924; 170; 106.4; 
567; 0; 2332.7063; 170; 106.6; 
567; 0; 2333.9359; 170; 106.8; 
567; 0; 2336.1527; 170; 107; 
567; 0; 2337.3847; 170; 107.2; 
567; 0; 2339.6046; 170; 107.4; 
567; 0; 2340.8389; 170; 107.6; 
567; 0; 2342.0743; 170; 107.8; 
567; 0; 2343.3105; 170; 108; 
567; 0; 2344.5477; 170; 108.2; 
567; 0; 2345.7858; 170; 108.4; 
567; 0; 2346.0363; 170; 108.6; 
567; 0; 2347.2761; 170; 108.8; 
567; 0; 2347.5277; 170; 109; 
567; 0; 2348.7691; 170; 109.2; 
567; 0; 2349.0216; 170; 109.4; 
567; 0; 2349.2746; 170; 109.6; 
567; 0; 2350.2617; 170; 109.8; 
567; 0; 2350.4099; 170; 110; 
567; 0; 2350.5585; 170; 110.2; 
567; 0; 2350.7073; 170; 110.4; 
567; 0; 2350.8565; 170; 110.6; 
567; 0; 2351.0059; 170; 110.8; 
567; 0; 2351.1556; 170; 111; 
567; 0; 2351.3055; 170; 111.2; 
567; 0; 2351.4557; 170; 111.4; 
567; 0; 2350.7994; 170; 111.6; 
567; 0; 2350.95; 170; 111.8; 
567; 0; 2351.1009; 170; 112; 
567; 0; 2350.4445; 170; 112.2; 
567; 0; 2350.5957; 170; 112.4; 
567; 0; 2350.7472; 170; 112.6; 
567; 0; 2350.0906; 170; 112.8; 
567; 0; 2350.2425; 170; 113; 
567; 0; 2349.5858; 170; 113.2; 
567; 0; 2349.738; 170; 113.4; 
567; 0; 2349.0812; 170; 113.6; 
567; 0; 2349.2338; 170; 113.8; 
567; 0; 2348.5768; 170; 114; 
567; 0; 2348.7297; 170; 114.2; 
567; 0; 2353.5008; 170; 114.4; 
567; 0; 2352.8487; 170; 114.6; 
567; 0; 2352.9945; 170; 114.8; 
567; 0; 2352.3422; 170; 115; 
567; 0; 2351.6897; 170; 115.2; 
567; 0; 2351.8359; 170; 115.4; 
567; 0; 2351.1833; 170; 115.6; 
567; 0; 2350.5305; 170; 115.8; 
567; 0; 2349.8775; 170; 116; 
567; 0; 2349.1765; 170; 116.2; 
567; 0; 2348.4444; 170; 116.4; 
567; 0; 2347.7121; 170; 116.6; 
567; 0; 2346.9795; 170; 116.8; 
567; 0; 2347.2323; 170; 117; 
567; 0; 2346.4995; 170; 117.2; 
567; 0; 2345.7664; 170; 117.4; 
567; 0; 2345.033; 170; 117.6; 
567; 0; 2344.2994; 170; 117.8; 
567; 0; 2343.5657; 170; 118; 
567; 0; 2342.8316; 170; 118.2; 
567; 0; 2342.0974; 170; 118.4; 
567; 0; 2341.3629; 170; 118.6; 
567; 0; 2340.6283; 170; 118.8; 
567; 0; 2339.8933; 170; 119; 
567; 0; 2339.158; 170; 119.2; 
567; 0; 2338.4226; 170; 119.4; 
567; 0; 2337.687; 170; 119.6; 
567; 0; 2336.9511; 170; 119.8; 
567; 0; 2336.2149; 170; 120; 
567; 0; 2336.469; 170; 120.2; 
567; 0; 2335.7326; 170; 120.4; 
567; 0; 2334.9959; 170; 120.6; 
567; 0; 2334.2589; 170; 120.8; 
567; 0; 2333.5216; 170; 121; 
567; 0; 2332.7841; 170; 121.2; 
567; 0; 2333.0388; 170; 121.4; 
567; 0; 2332.3011; 170; 121.6; 
567; 0; 2331.563; 170; 121.8; 
567; 0; 2330.8247; 170; 122; 
567; 0; 2330.0863; 170; 122.2; 
567; 0; 2329.3476; 170; 122.4; 
567; 0; 2329.6029; 170; 122.6; 
567; 0; 2328.864; 170; 122.8; 
567; 0; 2328.1248; 170; 123; 
567; 0; 2327.3853; 170; 123.2; 
567; 0; 2327.6412; 170; 123.4; 
567; 0; 2326.9015; 170; 123.6; 
567; 0; 2326.1615; 170; 123.8; 
567; 0; 2325.4213; 170; 124; 
567; 0; 2325.6777; 170; 124.2; 
567; 0; 2324.9372; 170; 124.4; 
567; 0; 2324.1964; 170; 124.6; 
567; 0; 2324.4531; 170; 124.8; 
567; 0; 2323.7121; 170; 125; 
567; 0; 2322.9709; 170; 125.2; 
567; 0; 2323.2281; 170; 125.4; 
567; 0; 2322.4866; 170; 125.6; 
567; 0; 2321.8223; 170; 125.8; 
567; 0; 2322.0473; 170; 126; 
567; 0; 2321.3996; 170; 126.2; 
567; 0; 2320.7515; 170; 126.4; 
567; 0; 2320.9768; 170; 126.6; 
567; 0; 2320.3284; 170; 126.8; 
567; 0; 2319.68; 170; 127; 
567; 0; 2319.9057; 170; 127.2; 
567; 0; 2319.257; 170; 127.4; 
567; 0; 2318.6081; 170; 127.6; 
567; 0; 2318.8343; 170; 127.8; 
567; 0; 2318.1852; 170; 128; 
567; 0; 2318.4117; 170; 128.2; 
567; 0; 2317.7624; 170; 128.4; 
567; 0; 2317.989; 170; 128.6; 
567; 0; 2318.2152; 170; 128.8; 
567; 0; 2318.4405; 170; 129; 
567; 0; 2316.9074; 170; 129.2; 
567; 0; 2315.3634; 170; 129.4; 
567; 0; 2312.0478; 170; 129.6; 
567; 0; 2306.9556; 170; 129.8; 
567; 0; 2300.9613; 170; 130; 
567; 0; 2294.0628; 170; 130.2; 
567; 0; 2284.5021; 170; 130.4; 
567; 0; 2274.0354; 170; 130.6; 
567; 0; 2261.7844; 170; 130.8; 
567; 0; 2248.6282; 170; 131; 
567; 0; 2234.5691; 170; 131.2; 
567; 0; 2219.613; 170; 131.4; 
567; 0; 2204.6463; 170; 131.6; 
567; 0; 2191.4335; 170; 131.8; 
567; 0; 2179.9805; 170; 132; 
567; 0; 2170.2921; 170; 132.2; 
567; 0; 2162.371; 170; 132.4; 
567; 0; 2161.9666; 170; 132.6; 
567; 0; 2155.9213; 170; 132.8; 
567; 0; 2149.8848; 170; 133; 
567; 0; 2142.9894; 170; 133.2; 
567; 0; 2136.0961; 170; 133.4; 
567; 0; 2129.2015; 170; 133.6; 
567; 0; 2121.4382; 170; 133.8; 
567; 0; 2112.8045; 170; 134; 
567; 0; 2104.1646; 170; 134.2; 
567; 0; 2095.5189; 170; 134.4; 
567; 0; 2086.8685; 170; 134.6; 
567; 0; 2079.0797; 170; 134.8; 
567; 0; 2070.4248; 170; 135; 
567; 0; 2063.4992; 170; 135.2; 
567; 0; 2056.5745; 170; 135.4; 
567; 0; 2049.6515; 170; 135.6; 
567; 0; 2043.5952; 170; 135.8; 
567; 0; 2038.4055; 170; 136; 
567; 0; 2033.2174; 170; 136.2; 
567; 0; 2027.7657; 170; 136.4; 
567; 0; 2022.7457; 170; 136.6; 
567; 0; 2017.7262; 170; 136.8; 
567; 0; 2012.9708; 170; 137; 
567; 0; 2008.3128; 170; 137.2; 
567; 0; 2003.654; 170; 137.4; 
567; 0; 1998.9942; 170; 137.6; 
567; 0; 1995.2657; 170; 137.8; 
567; 0; 1991.5366; 170; 138; 
567; 0; 1987.8069; 170; 138.2; 
567; 0; 1984.0771; 170; 138.4; 
567; 0; 1980.3472; 170; 138.6; 
567; 0; 1977.5496; 170; 138.8; 
567; 0; 1974.7521; 170; 139; 
567; 0; 1971.9549; 170; 139.2; 
567; 0; 1969.158; 170; 139.4; 
567; 0; 1967.2933; 170; 139.6; 
567; 0; 1965.4289; 170; 139.8; 
567; 0; 1962.6325; 170; 140; 
567; 0; 1960.7682; 170; 140.2; 
567; 0; 1958.9039; 170; 140.4; 
567; 0; 1957.9716; 170; 140.6; 
567; 0; 1956.1072; 170; 140.8; 
567; 0; 1954.2427; 170; 141; 
567; 0; 1953.3102; 170; 141.2; 
567; 0; 1951.4454; 170; 141.4; 
567; 0; 1950.5127; 170; 141.6; 
567; 0; 1949.5799; 170; 141.8; 
567; 0; 1948.6471; 170; 142; 
567; 0; 1947.7143; 170; 142.2; 
567; 0; 1946.7815; 170; 142.4; 
567; 0; 1945.8488; 170; 142.6; 
567; 0; 1945.8483; 170; 142.8; 
567; 0; 1944.9157; 170; 143; 
567; 0; 1943.9831; 170; 143.2; 
567; 0; 1943.9825; 170; 143.4; 
567; 0; 1943.0498; 170; 143.6; 
567; 0; 1943.0492; 170; 143.8; 
567; 0; 1943.0485; 170; 144; 
567; 0; 1943.0479; 170; 144.2; 
567; 0; 1942.1153; 170; 144.4; 
567; 0; 1942.1147; 170; 144.6; 
567; 0; 1942.1142; 170; 144.8; 
567; 0; 1942.1136; 170; 145; 
567; 0; 1942.1131; 170; 145.2; 
567; 0; 1942.1126; 170; 145.4; 
567; 0; 1943.0448; 170; 145.6; 
567; 0; 1944.9127; 170; 145.8; 
567; 0; 1947.7201; 170; 146; 
567; 0; 1953.3346; 170; 146.2; 
567; 0; 1960.8273; 170; 146.4; 
567; 0; 1961.3804; 170; 146.6; 
567; 0; 1973.7243; 170; 146.8; 
567; 0; 1987.0357; 170; 147; 
567; 0; 2001.3168; 170; 147.2; 
567; 0; 2015.6218; 170; 147.4; 
567; 0; 2029.4801; 170; 147.6; 
567; 0; 2041.0376; 170; 147.8; 
567; 0; 2051.7229; 170; 148; 
567; 0; 2061.532; 170; 148.2; 
567; 0; 2070.4618; 170; 148.4; 
567; 0; 2078.5103; 170; 148.6; 
567; 0; 2086.5575; 170; 148.8; 
567; 0; 2093.723; 170; 149; 
567; 0; 2100.0071; 170; 149.2; 
567; 0; 2106.2924; 170; 149.4; 
567; 0; 2113.4621; 170; 149.6; 
567; 0; 2119.7542; 170; 149.8; 
567; 0; 2126.0513; 170; 150; 
567; 0; 2133.2362; 170; 150.2; 
567; 0; 2139.5446; 170; 150.4; 
567; 0; 2145.8585; 170; 150.6; 
567; 0; 2152.1775; 170; 150.8; 
567; 0; 2157.6177; 170; 151; 
567; 0; 2163.0613; 170; 151.2; 
567; 0; 2168.5079; 170; 151.4; 
567; 0; 2173.073; 170; 151.6; 
567; 0; 2177.64; 170; 151.8; 
567; 0; 2182.2086; 170; 152; 
567; 0; 2186.7788; 170; 152.2; 
567; 0; 2190.4659; 170; 152.4; 
567; 0; 2194.1544; 170; 152.6; 
567; 0; 2197.8447; 170; 152.8; 
567; 0; 2200.6514; 170; 153; 
567; 0; 2204.3455; 170; 153.2; 
567; 0; 2207.1559; 170; 153.4; 
567; 0; 2210.8542; 170; 153.6; 
567; 0; 2213.6684; 170; 153.8; 
567; 0; 2216.4845; 170; 154; 
567; 0; 2218.4155; 170; 154.2; 
567; 0; 2221.2349; 170; 154.4; 
567; 0; 2224.0558; 170; 154.6; 
567; 0; 2225.9908; 170; 154.8; 
567; 0; 2227.9268; 170; 155; 
567; 0; 2229.8639; 170; 155.2; 
567; 0; 2231.802; 170; 155.4; 
567; 0; 2233.741; 170; 155.6; 
567; 0; 2234.7924; 170; 155.8; 
567; 0; 2236.7332; 170; 156; 
567; 0; 2237.786; 170; 156.2; 
567; 0; 2239.7286; 170; 156.4; 
567; 0; 2240.783; 170; 156.6; 
567; 0; 2241.8381; 170; 156.8; 
567; 0; 2242.894; 170; 157; 
567; 0; 2243.9505; 170; 157.2; 
567; 0; 2245.0076; 170; 157.4; 
567; 0; 2246.0655; 170; 157.6; 
567; 0; 2247.124; 170; 157.8; 
567; 0; 2248.1833; 170; 158; 
567; 0; 2248.352; 170; 158.2; 
567; 0; 2249.4124; 170; 158.4; 
567; 0; 2249.5819; 170; 158.6; 
567; 0; 2250.6433; 170; 158.8; 
567; 0; 2250.8133; 170; 159; 
567; 0; 2251.8757; 170; 159.2; 
567; 0; 2252.0462; 170; 159.4; 
567; 0; 2252.2169; 170; 159.6; 
567; 0; 2253.2809; 170; 159.8; 
567; 0; 2253.4522; 170; 160; 
567; 0; 2253.6238; 170; 160.2; 
567; 0; 2253.7954; 170; 160.4; 
567; 0; 2253.9673; 170; 160.6; 
567; 0; 2254.1395; 170; 160.8; 
567; 0; 2254.3118; 170; 161; 
567; 0; 2255.379; 170; 161.2; 
567; 0; 2255.5515; 170; 161.4; 
567; 0; 2255.7234; 170; 161.6; 
567; 0; 2255.8939; 170; 161.8; 
567; 0; 2256.0622; 170; 162; 
567; 0; 2256.2277; 170; 162.2; 
567; 0; 2256.3895; 170; 162.4; 
567; 0; 2256.5471; 170; 162.6; 
567; 0; 2256.7013; 170; 162.8; 
567; 0; 2257.7503; 170; 163; 
567; 0; 2259.6971; 170; 163.2; 
567; 0; 2262.5448; 170; 163.4; 
567; 0; 2266.2962; 170; 163.6; 
567; 0; 2270.9535; 170; 163.8; 
567; 0; 2276.5181; 170; 164; 
567; 0; 2282.0926; 170; 164.2; 
567; 0; 2287.677; 170; 164.4; 
567; 0; 2292.3715; 170; 164.6; 
567; 0; 2295.2729; 170; 164.8; 
567; 0; 2296.3573; 170; 165; 
567; 0; 2295.6182; 170; 165.2; 
567; 0; 2293.0661; 170; 165.4; 
567; 0; 2287.7959; 170; 165.6; 
567; 0; 2281.6018; 170; 165.8; 
567; 0; 2273.5817; 170; 166; 
567; 0; 2263.7341; 170; 166.2; 
567; 0; 2251.1594; 170; 166.4; 
567; 0; 2237.6581; 170; 166.6; 
567; 0; 2222.333; 170; 166.8; 
567; 0; 2206.0896; 170; 167; 
567; 0; 2189.8361; 170; 167.2; 
567; 0; 2176.2789; 170; 167.4; 
567; 0; 2165.4246; 170; 167.6; 
567; 0; 2158.177; 170; 167.8; 
567; 0; 2155.4382; 170; 168; 
567; 0; 2155.4111; 170; 168.2; 
567; 0; 2158.0972; 170; 168.4; 
567; 0; 2160.8002; 170; 168.6; 
567; 0; 2163.5196; 170; 168.8; 
567; 0; 2164.4546; 170; 169; 
567; 0; 2162.7006; 170; 169.2; 
567; 0; 2159.1499; 170; 169.4; 
567; 0; 2152.896; 170; 169.6; 
567; 0; 2146.6318; 170; 169.8; 
567; 0; 2138.5554; 170; 170; 
567; 0; 2129.5659; 170; 170.2; 
567; 0; 2119.6649; 170; 170.4; 
567; 0; 2109.7553; 170; 170.6; 
567; 0; 2099.8411; 170; 170.8; 
567; 0; 2090.8251; 170; 171; 
567; 0; 2090.1499; 170; 171.2; 
567; 0; 2083.052; 170; 171.4; 
567; 0; 2076.844; 170; 171.6; 
567; 0; 2071.5262; 170; 171.8; 
567; 0; 2066.2129; 170; 172; 
567; 0; 2061.7884; 170; 172.2; 
567; 0; 2057.3664; 170; 172.4; 
567; 0; 2052.0606; 170; 172.6; 
567; 0; 2047.6402; 170; 172.8; 
567; 0; 2043.2192; 170; 173; 
567; 0; 2037.9116; 170; 173.2; 
567; 0; 2033.4878; 170; 173.4; 
567; 0; 2028.1771; 170; 173.6; 
567; 0; 2023.7504; 170; 173.8; 
567; 0; 2019.3228; 170; 174; 
567; 0; 2015.001; 170; 174.2; 
567; 0; 2010.8922; 170; 174.4; 
567; 0; 2006.1491; 170; 174.6; 
567; 0; 2002.3293; 170; 174.8; 
567; 0; 1998.5102; 170; 175; 
567; 0; 1995.6459; 170; 175.2; 
567; 0; 1991.8281; 170; 175.4; 
567; 0; 1988.965; 170; 175.6; 
567; 0; 1986.1024; 170; 175.8; 
567; 0; 1983.24; 170; 176; 
567; 0; 1980.3777; 170; 176.2; 
567; 0; 1978.4697; 170; 176.4; 
567; 0; 1975.6072; 170; 176.6; 
567; 0; 1973.6989; 170; 176.8; 
567; 0; 1971.7902; 170; 177; 
567; 0; 1969.8814; 170; 177.2; 
567; 0; 1967.9724; 170; 177.4; 
567; 0; 1966.0632; 170; 177.6; 
567; 0; 1964.1539; 170; 177.8; 
567; 0; 1962.2446; 170; 178; 
567; 0; 1961.2896; 170; 178.2; 
567; 0; 1959.3806; 170; 178.4; 
567; 0; 1958.4258; 170; 178.6; 
567; 0; 1956.517; 170; 178.8; 
567; 0; 1955.5624; 170; 179; 
567; 0; 1954.6078; 170; 179.2; 
567; 0; 1953.6532; 170; 179.4; 
567; 0; 1952.6985; 170; 179.6; 
567; 0; 1951.7439; 170; 179.8; 
567; 0; 1951.7434; 170; 180; 
567; 0; 1950.7888; 170; 180.2; 
567; 0; 1949.8341; 170; 180.4; 
567; 0; 1949.8336; 170; 180.6; 
567; 0; 1948.8789; 170; 180.8; 
567; 0; 1948.8784; 170; 181; 
567; 0; 1947.9237; 170; 181.2; 
567; 0; 1947.9232; 170; 181.4; 
567; 0; 1946.9684; 170; 181.6; 
567; 0; 1946.9679; 170; 181.8; 
567; 0; 1946.9674; 170; 182; 
567; 0; 1946.9669; 170; 182.2; 
567; 0; 1946.0122; 170; 182.4; 
567; 0; 1946.0117; 170; 182.6; 
567; 0; 1946.0112; 170; 182.8; 
567; 0; 1946.0107; 170; 183; 
567; 0; 1946.0102; 170; 183.2; 
567; 0; 1946.0097; 170; 183.4; 
567; 0; 1946.0092; 170; 183.6; 
567; 0; 1946.0087; 170; 183.8; 
567; 0; 1946.0082; 170; 184; 
567; 0; 1946.0078; 170; 184.2; 
567; 0; 1946.0073; 170; 184.4; 
567; 0; 1946.0069; 170; 184.6; 
567; 0; 1946.9607; 170; 184.8; 
567; 0; 1946.9603; 170; 185; 
567; 0; 1946.9598; 170; 185.2; 
567; 0; 1946.9594; 170; 185.4; 
567; 0; 1946.9589; 170; 185.6; 
567; 0; 1946.9584; 170; 185.8; 
567; 0; 1947.9121; 170; 186; 
567; 0; 1947.9116; 170; 186.2; 
567; 0; 1947.911; 170; 186.4; 
567; 0; 1939.0512; 170; 186.6; 
567; 0; 1940.0168; 170; 186.8; 
567; 0; 1940.0163; 170; 187; 
567; 0; 1940.0158; 170; 187.2; 
567; 0; 1940.9814; 170; 187.4; 
567; 0; 1940.981; 170; 187.6; 
567; 0; 1941.9465; 170; 187.8; 
567; 0; 1941.9461; 170; 188; 
567; 0; 1942.9117; 170; 188.2; 
567; 0; 1942.9113; 170; 188.4; 
567; 0; 1943.8769; 170; 188.6; 
567; 0; 1943.8764; 170; 188.8; 
567; 0; 1944.842; 170; 189; 
567; 0; 1945.8076; 170; 189.2; 
567; 0; 1945.8071; 170; 189.4; 
567; 0; 1946.7727; 170; 189.6; 
567; 0; 1947.7383; 170; 189.8; 
567; 0; 1947.7377; 170; 190; 
567; 0; 1948.7033; 170; 190.2; 
567; 0; 1949.6689; 170; 190.4; 
567; 0; 1950.6343; 170; 190.6; 
567; 0; 1950.6335; 170; 190.8; 
567; 0; 1951.5987; 170; 191; 
567; 0; 1951.5979; 170; 191.2; 
567; 0; 1952.5632; 170; 191.4; 
567; 0; 1953.5287; 170; 191.6; 
567; 0; 1953.5282; 170; 191.8; 
567; 0; 1954.494; 170; 192; 
567; 0; 1955.46; 170; 192.2; 
567; 0; 1955.4599; 170; 192.4; 
567; 0; 1956.4257; 170; 192.6; 
567; 0; 1956.4255; 170; 192.8; 
567; 0; 1957.3913; 170; 193; 
567; 0; 1957.3909; 170; 193.2; 
567; 0; 1958.3566; 170; 193.4; 
567; 0; 1958.3562; 170; 193.6; 
567; 0; 1959.3218; 170; 193.8; 
567; 0; 1959.3214; 170; 194; 
567; 0; 1960.287; 170; 194.2; 
567; 0; 1960.2865; 170; 194.4; 
567; 0; 1961.2521; 170; 194.6; 
567; 0; 1961.2516; 170; 194.8; 
567; 0; 1961.2512; 170; 195; 
567; 0; 1962.2168; 170; 195.2; 
567; 0; 1962.2164; 170; 195.4; 
567; 0; 1963.1819; 170; 195.6; 
567; 0; 1963.1814; 170; 195.8; 
567; 0; 1963.181; 170; 196; 
567; 0; 1964.1465; 170; 196.2; 
567; 0; 1964.1461; 170; 196.4; 
567; 0; 1964.1457; 170; 196.6; 
567; 0; 1964.1452; 170; 196.8; 
567; 0; 1965.1108; 170; 197; 
567; 0; 1965.1105; 170; 197.2; 
567; 0; 1965.1101; 170; 197.4; 
567; 0; 1966.0757; 170; 197.6; 
567; 0; 1966.0753; 170; 197.8; 
567; 0; 1966.0749; 170; 198; 
567; 0; 1966.0745; 170; 198.2; 
567; 0; 1967.0402; 170; 198.4; 
567; 0; 1967.0399; 170; 198.6; 
567; 0; 1967.0395; 170; 198.8; 
567; 0; 1967.0392; 170; 199; 
567; 0; 1968.0048; 170; 199.2; 
567; 0; 1968.0043; 170; 199.4; 
567; 0; 1968.0039; 170; 199.6; 
567; 0; 1968.0034; 170; 199.8; 
567; 0; 1968.003; 170; 200; 
567; 0; 1968.9686; 170; 200.2; 
567; 0; 1968.9683; 170; 200.4; 
567; 0; 1968.9679; 170; 200.6; 
567; 0; 1968.9675; 170; 200.8; 
567; 0; 1968.9671; 170; 201; 
567; 0; 1968.9667; 170; 201.2; 
567; 0; 1969.9324; 170; 201.4; 
567; 0; 1969.932; 170; 201.6; 
567; 0; 1969.9317; 170; 201.8; 
567; 0; 1969.9313; 170; 202; 
567; 0; 1969.931; 170; 202.2; 
567; 0; 1969.9307; 170; 202.4; 
567; 0; 1970.8963; 170; 202.6; 
567; 0; 1970.896; 170; 202.8; 
567; 0; 1970.8956; 170; 203; 
567; 0; 1970.8951; 170; 203.2; 
567; 0; 1970.8947; 170; 203.4; 
567; 0; 1970.8943; 170; 203.6; 
567; 0; 1970.8939; 170; 203.8; 
567; 0; 1970.8936; 170; 204; 
567; 0; 1971.8593; 170; 204.2; 
567; 0; 1971.859; 170; 204.4; 
567; 0; 1971.8587; 170; 204.6; 
567; 0; 1971.8583; 170; 204.8; 
567; 0; 1971.8578; 170; 205; 
567; 0; 1971.8574; 170; 205.2; 
567; 0; 1971.8571; 170; 205.4; 
567; 0; 1971.8567; 170; 205.6; 
567; 0; 1971.8563; 170; 205.8; 
567; 0; 1971.856; 170; 206; 
567; 0; 1972.8216; 170; 206.2; 
567; 0; 1972.8213; 170; 206.4; 
567; 0; 1972.8211; 170; 206.6; 
567; 0; 1972.8208; 170; 206.8; 
567; 0; 1972.8205; 170; 207; 
567; 0; 1972.8202; 170; 207.2; 
567; 0; 1972.8198; 170; 207.4; 
567; 0; 1972.8195; 170; 207.6; 
567; 0; 1972.8191; 170; 207.8; 
567; 0; 1972.8187; 170; 208; 
567; 0; 1973.7844; 170; 208.2; 
567; 0; 1973.784; 170; 208.4; 
567; 0; 1973.7836; 170; 208.6; 
567; 0; 1973.7833; 170; 208.8; 
567; 0; 1973.7829; 170; 209; 
567; 0; 1974.7485; 170; 209.2; 
567; 0; 1974.7482; 170; 209.4; 
567; 0; 1974.7478; 170; 209.6; 
567; 0; 1974.7475; 170; 209.8; 
567; 0; 1974.7471; 170; 210; 
567; 0; 1974.7468; 170; 210.2; 
567; 0; 1974.7464; 170; 210.4; 
567; 0; 1975.712; 170; 210.6; 
567; 0; 1975.7117; 170; 210.8; 
567; 0; 1975.7114; 170; 211; 
567; 0; 1975.7112; 170; 211.2; 
567; 0; 1975.7109; 170; 211.4; 
567; 0; 1975.7107; 170; 211.6; 
567; 0; 1975.7104; 170; 211.8; 
567; 0; 1975.71; 170; 212; 
567; 0; 1975.7097; 170; 212.2; 
567; 0; 1975.7093; 170; 212.4; 
567; 0; 1976.6749; 170; 212.6; 
567; 0; 1976.6746; 170; 212.8; 
567; 0; 1976.6742; 170; 213; 
567; 0; 1976.6738; 170; 213.2; 
567; 0; 1976.6735; 170; 213.4; 
567; 0; 1976.6731; 170; 213.6; 
567; 0; 1976.6728; 170; 213.8; 
567; 0; 1976.6725; 170; 214; 
567; 0; 1976.6722; 170; 214.2; 
567; 0; 1976.6719; 170; 214.4; 
567; 0; 1976.6715; 170; 214.6; 
567; 0; 1976.6712; 170; 214.8; 
567; 0; 1976.6709; 170; 215; 
567; 0; 1976.6706; 170; 215.2; 
567; 0; 1976.6703; 170; 215.4; 
567; 0; 1976.67; 170; 215.6; 
567; 0; 1976.6697; 170; 215.8; 
567; 0; 1976.6693; 170; 216; 
567; 0; 1976.669; 170; 216.2; 
567; 0; 1976.6687; 170; 216.4; 
567; 0; 1976.6684; 170; 216.6; 
567; 0; 1976.6682; 170; 216.8; 
567; 0; 1976.6679; 170; 217; 
567; 0; 1976.6676; 170; 217.2; 
567; 0; 1976.6672; 170; 217.4; 
567; 0; 1976.6669; 170; 217.6; 
567; 0; 1977.6325; 170; 217.8; 
567; 0; 1977.632; 170; 218; 
567; 0; 1977.631; 170; 218.2; 
567; 0; 1978.5952; 170; 218.4; 
567; 0; 1978.592; 170; 218.6; 
567; 0; 1978.5872; 170; 218.8; 
567; 0; 1979.5459; 170; 219; 
567; 0; 1979.5358; 170; 219.2; 
567; 0; 1979.5229; 170; 219.4; 
567; 0; 1979.5082; 170; 219.6; 
567; 0; 1981.4247; 170; 219.8; 
567; 0; 1983.3424; 170; 220; 
567; 0; 1987.1942; 170; 220.2; 
567; 0; 1992.0158; 170; 220.4; 
567; 0; 1997.8078; 170; 220.6; 
567; 0; 2003.508; 170; 220.8; 
567; 0; 2009.3515; 170; 221; 
567; 0; 2013.5294; 170; 221.2; 
567; 0; 2018.7125; 170; 221.4; 
567; 0; 2022.3193; 170; 221.6; 
567; 0; 2025.027; 170; 221.8; 
567; 0; 2027.7335; 170; 222; 
567; 0; 2029.539; 170; 222.2; 
567; 0; 2030.4428; 170; 222.4; 
567; 0; 2031.3438; 170; 222.6; 
567; 0; 2031.343; 170; 222.8; 
567; 0; 2031.34; 170; 223; 
567; 0; 2031.3352; 170; 223.2; 
567; 0; 2032.2286; 170; 223.4; 
567; 0; 2033.1217; 170; 223.6; 
567; 0; 2034.0152; 170; 223.8; 
567; 0; 2034.9095; 170; 224; 
567; 0; 2036.7042; 170; 224.2; 
567; 0; 2038.5005; 170; 224.4; 
567; 0; 2041.1976; 170; 224.6; 
567; 0; 2042.9975; 170; 224.8; 
567; 0; 2044.7995; 170; 225; 
567; 0; 2046.6038; 170; 225.2; 
567; 0; 2048.4098; 170; 225.4; 
567; 0; 2049.3178; 170; 225.6; 
567; 0; 2049.3269; 170; 225.8; 
567; 0; 2048.4361; 170; 226; 
567; 0; 2047.5437; 170; 226.2; 
567; 0; 2045.7499; 170; 226.4; 
567; 0; 2043.9536; 170; 226.6; 
567; 0; 2042.1547; 170; 226.8; 
567; 0; 2039.4544; 170; 227; 
567; 0; 2036.7525; 170; 227.2; 
567; 0; 2034.0497; 170; 227.4; 
567; 0; 2032.2459; 170; 227.6; 
567; 0; 2030.4425; 170; 227.8; 
567; 0; 2028.6402; 170; 228; 
567; 0; 2027.7384; 170; 228.2; 
567; 0; 2025.9388; 170; 228.4; 
567; 0; 2025.0397; 170; 228.6; 
567; 0; 2024.1417; 170; 228.8; 
567; 0; 2022.3452; 170; 229; 
567; 0; 2021.4483; 170; 229.2; 
567; 0; 2020.5514; 170; 229.4; 
567; 0; 2018.7551; 170; 229.6; 
567; 0; 2016.9583; 170; 229.8; 
567; 0; 2016.0824; 170; 230; 
567; 0; 2014.4141; 170; 230.2; 
567; 0; 2012.7453; 170; 230.4; 
567; 0; 2011.0761; 170; 230.6; 
567; 0; 2009.4067; 170; 230.8; 
567; 0; 2008.5714; 170; 231; 
567; 0; 2006.9019; 170; 231.2; 
567; 0; 2006.0668; 170; 231.4; 
567; 0; 2004.3976; 170; 231.6; 
567; 0; 2003.5629; 170; 231.8; 
567; 0; 2002.7228; 170; 232; 
567; 0; 2000.7909; 170; 232.2; 
567; 0; 1999.8252; 170; 232.4; 
567; 0; 1998.8596; 170; 232.6; 
567; 0; 1997.8941; 170; 232.8; 
567; 0; 1996.9285; 170; 233; 
567; 0; 1995.9629; 170; 233.2; 
567; 0; 1994.9971; 170; 233.4; 
567; 0; 1994.0313; 170; 233.6; 
567; 0; 1993.0652; 170; 233.8; 
567; 0; 1992.0991; 170; 234; 
567; 0; 1991.1328; 170; 234.2; 
567; 0; 1990.1665; 170; 234.4; 
567; 0; 1989.2002; 170; 234.6; 
567; 0; 1988.2339; 170; 234.8; 
567; 0; 1987.2676; 170; 235; 
567; 0; 1986.3014; 170; 235.2; 
567; 0; 1986.3012; 170; 235.4; 
567; 0; 1985.3352; 170; 235.6; 
567; 0; 1984.3691; 170; 235.8; 
567; 0; 1984.369; 170; 236; 
567; 0; 1983.403; 170; 236.2; 
567; 0; 1982.4369; 170; 236.4; 
567; 0; 1982.4368; 170; 236.6; 
567; 0; 1981.4707; 170; 236.8; 
567; 0; 1981.4705; 170; 237; 
567; 0; 1980.5044; 170; 237.2; 
567; 0; 1980.5041; 170; 237.4; 
567; 0; 1979.538; 170; 237.6; 
567; 0; 1979.5378; 170; 237.8; 
567; 0; 1978.5716; 170; 238; 
567; 0; 1978.5714; 170; 238.2; 
567; 0; 1978.5711; 170; 238.4; 
567; 0; 1977.6049; 170; 238.6; 
567; 0; 1977.6046; 170; 238.8; 
567; 0; 1977.6043; 170; 239; 
567; 0; 1976.6381; 170; 239.2; 
567; 0; 1976.6379; 170; 239.4; 
567; 0; 1976.6377; 170; 239.6; 
567; 0; 1975.6715; 170; 239.8; 
567; 0; 1975.6713; 170; 240; 
567; 0; 1975.671; 170; 240.2; 
567; 0; 1975.6707; 170; 240.4; 
567; 0; 1974.7047; 170; 240.6; 
567; 0; 1974.7044; 170; 240.8; 
567; 0; 1974.7042; 170; 241; 
567; 0; 1974.7039; 170; 241.2; 
567; 0; 1973.7377; 170; 241.4; 
567; 0; 1973.7374; 170; 241.6; 
567; 0; 1973.737; 170; 241.8; 
567; 0; 1973.7367; 170; 242; 
567; 0; 1973.7365; 170; 242.2; 
567; 0; 1973.7362; 170; 242.4; 
567; 0; 1973.7359; 170; 242.6; 
567; 0; 1972.7697; 170; 242.8; 
567; 0; 1972.7695; 170; 243; 
567; 0; 1972.7692; 170; 243.2; 
567; 0; 1972.769; 170; 243.4; 
567; 0; 1972.7687; 170; 243.6; 
567; 0; 1972.7685; 170; 243.8; 
567; 0; 1972.7683; 170; 244; 
567; 0; 1972.7681; 170; 244.2; 
567; 0; 1972.7678; 170; 244.4; 
567; 0; 1972.7675; 170; 244.6; 
567; 0; 1972.7672; 170; 244.8; 
567; 0; 1972.7668; 170; 245; 
567; 0; 1972.7665; 170; 245.2; 
567; 0; 1972.7662; 170; 245.4; 
567; 0; 1971.8; 170; 245.6; 
567; 0; 1971.7997; 170; 245.8; 
567; 0; 1971.7995; 170; 246; 
567; 0; 1972.7651; 170; 246.2; 
567; 0; 1972.7646; 170; 246.4; 
567; 0; 1973.7294; 170; 246.6; 
567; 0; 1973.7273; 170; 246.8; 
567; 0; 1973.7237; 170; 247; 
567; 0; 1973.7188; 170; 247.2; 
567; 0; 1973.713; 170; 247.4; 
567; 0; 1973.7072; 170; 247.6; 
567; 0; 1973.7024; 170; 247.8; 
567; 0; 1974.6652; 170; 248; 
567; 0; 1976.5961; 170; 248.2; 
567; 0; 1977.5636; 170; 248.4; 
567; 0; 1978.5331; 170; 248.6; 
567; 0; 1980.47; 170; 248.8; 
567; 0; 1981.4419; 170; 249; 
567; 0; 1982.414; 170; 249.2; 
567; 0; 1982.4196; 170; 249.4; 
567; 0; 1983.39; 170; 249.6; 
567; 0; 1983.393; 170; 249.8; 
567; 0; 1982.4286; 170; 250; 
567; 0; 1982.4286; 170; 250.2; 
567; 0; 1982.4275; 170; 250.4; 
567; 0; 1981.4597; 170; 250.6; 
567; 0; 1981.4573; 170; 250.8; 
567; 0; 1981.455; 170; 251; 
567; 0; 1980.487; 170; 251.2; 
567; 0; 1980.4853; 170; 251.4; 
567; 0; 1980.4841; 170; 251.6; 
567; 0; 1980.4833; 170; 251.8; 
567; 0; 1979.5171; 170; 252; 
567; 0; 1979.5171; 170; 252.2; 
567; 0; 1979.5173; 170; 252.4; 
567; 0; 1979.5176; 170; 252.6; 
567; 0; 1979.5178; 170; 252.8; 
567; 0; 1979.518; 170; 253; 
567; 0; 1978.5521; 170; 253.2; 
567; 0; 1978.5519; 170; 253.4; 
567; 0; 1978.5516; 170; 253.6; 
567; 0; 1978.5513; 170; 253.8; 
567; 0; 1977.585; 170; 254; 
567; 0; 1977.5846; 170; 254.2; 
567; 0; 1977.5842; 170; 254.4; 
567; 0; 1977.5838; 170; 254.6; 
567; 0; 1977.5835; 170; 254.8; 
567; 0; 1976.6172; 170; 255; 
567; 0; 1976.6169; 170; 255.2; 
567; 0; 1976.6166; 170; 255.4; 
567; 0; 1976.6163; 170; 255.6; 
567; 0; 1976.6161; 170; 255.8; 
567; 0; 1976.6158; 170; 256; 
567; 0; 1976.6156; 170; 256.2; 
567; 0; 1975.6496; 170; 256.4; 
567; 0; 1975.6494; 170; 256.6; 
567; 0; 1975.6491; 170; 256.8; 
567; 0; 1975.6488; 170; 257; 
567; 0; 1975.6486; 170; 257.2; 
567; 0; 1975.6483; 170; 257.4; 
567; 0; 1975.6478; 170; 257.6; 
567; 0; 1976.6126; 170; 257.8; 
567; 0; 1976.6106; 170; 258; 
567; 0; 1976.6073; 170; 258.2; 
567; 0; 1976.602; 170; 258.4; 
567; 0; 1977.56; 170; 258.6; 
567; 0; 1976.5835; 170; 258.8; 
567; 0; 1977.5359; 170; 259; 
567; 0; 1977.521; 170; 259.2; 
567; 0; 1979.4374; 170; 259.4; 
567; 0; 1982.3211; 170; 259.6; 
567; 0; 1986.1736; 170; 259.8; 
567; 0; 1990.996; 170; 260; 
567; 0; 1996.7889; 170; 260.2; 
567; 0; 2003.4739; 170; 260.4; 
567; 0; 2008.4836; 170; 260.6; 
567; 0; 2012.6618; 170; 260.8; 
567; 0; 2016.8782; 170; 261; 
567; 0; 2020.4847; 170; 261.2; 
567; 0; 2024.0908; 170; 261.4; 
567; 0; 2025.8974; 170; 261.6; 
567; 0; 2027.7019; 170; 261.8; 
567; 0; 2028.6047; 170; 262; 
567; 0; 2028.6057; 170; 262.2; 
567; 0; 2028.6041; 170; 262.4; 
567; 0; 2029.4995; 170; 262.6; 
567; 0; 2029.4944; 170; 262.8; 
567; 0; 2030.3877; 170; 263; 
567; 0; 2031.281; 170; 263.2; 
567; 0; 2032.1748; 170; 263.4; 
567; 0; 2033.9687; 170; 263.6; 
567; 0; 2034.865; 170; 263.8; 
567; 0; 2037.5607; 170; 264; 
567; 0; 2039.359; 170; 264.2; 
567; 0; 2041.1585; 170; 264.4; 
567; 0; 2042.9589; 170; 264.6; 
567; 0; 2043.8609; 170; 264.8; 
567; 0; 2044.763; 170; 265; 
567; 0; 2046.5639; 170; 265.2; 
567; 0; 2046.5663; 170; 265.4; 
567; 0; 2047.4671; 170; 265.6; 
567; 0; 2047.4679; 170; 265.8; 
567; 0; 2047.468; 170; 266; 
567; 0; 2047.4672; 170; 266.2; 
567; 0; 2047.4658; 170; 266.4; 
567; 0; 2047.4641; 170; 266.6; 
567; 0; 2048.3612; 170; 266.8; 
567; 0; 2048.3593; 170; 267; 
567; 0; 2048.3577; 170; 267.2; 
567; 0; 2049.2554; 170; 267.4; 
567; 0; 2049.2546; 170; 267.6; 
567; 0; 2050.1533; 170; 267.8; 
567; 0; 2051.0525; 170; 268; 
567; 0; 2051.9528; 170; 268.2; 
567; 0; 2052.8543; 170; 268.4; 
567; 0; 2052.8585; 170; 268.6; 
567; 0; 2053.7633; 170; 268.8; 
567; 0; 2053.7703; 170; 269; 
567; 0; 2052.8788; 170; 269.2; 
567; 0; 2051.9872; 170; 269.4; 
567; 0; 2051.0945; 170; 269.6; 
567; 0; 2048.402; 170; 269.8; 
567; 0; 2046.6066; 170; 270; 
567; 0; 2043.9098; 170; 270.2; 
567; 0; 2041.2111; 170; 270.4; 
567; 0; 2038.5107; 170; 270.6; 
567; 0; 2034.9101; 170; 270.8; 
567; 0; 2032.2082; 170; 271; 
567; 0; 2030.4056; 170; 271.2; 
567; 0; 2027.7045; 170; 271.4; 
567; 0; 2025.9035; 170; 271.6; 
567; 0; 2024.1036; 170; 271.8; 
567; 0; 2022.3048; 170; 272; 
567; 0; 2020.507; 170; 272.2; 
567; 0; 2019.6089; 170; 272.4; 
567; 0; 2017.8122; 170; 272.6; 
567; 0; 2016.0412; 170; 272.8; 
567; 0; 2014.3743; 170; 273; 
567; 0; 2013.5413; 170; 273.2; 
567; 0; 2011.8737; 170; 273.4; 
567; 0; 2010.2057; 170; 273.6; 
567; 0; 2008.5373; 170; 273.8; 
567; 0; 2006.8685; 170; 274; 
567; 0; 2005.1994; 170; 274.2; 
567; 0; 2003.5303; 170; 274.4; 
567; 0; 2002.672; 170; 274.6; 
567; 0; 2000.7392; 170; 274.8; 
567; 0; 1999.7725; 170; 275; 
567; 0; 1997.8403; 170; 275.2; 
567; 0; 1996.8742; 170; 275.4; 
567; 0; 1995.9084; 170; 275.6; 
567; 0; 1994.9427; 170; 275.8; 
567; 0; 1993.9773; 170; 276; 
567; 0; 1993.0118; 170; 276.2; 
567; 0; 1992.0464; 170; 276.4; 
567; 0; 1991.0807; 170; 276.6; 
567; 0; 1990.1149; 170; 276.8; 
567; 0; 1989.149; 170; 277; 
567; 0; 1988.183; 170; 277.2; 
567; 0; 1987.2169; 170; 277.4; 
567; 0; 1986.2506; 170; 277.6; 
567; 0; 1985.2844; 170; 277.8; 
567; 0; 1984.3182; 170; 278; 
567; 0; 1983.3521; 170; 278.2; 
567; 0; 1983.3519; 170; 278.4; 
567; 0; 1982.386; 170; 278.6; 
567; 0; 1981.4201; 170; 278.8; 
567; 0; 1981.42; 170; 279; 
567; 0; 1980.4542; 170; 279.2; 
567; 0; 1979.4883; 170; 279.4; 
567; 0; 1979.4882; 170; 279.6; 
567; 0; 1978.5223; 170; 279.8; 
567; 0; 1978.5221; 170; 280; 
567; 0; 1977.5561; 170; 280.2; 
567; 0; 1977.5559; 170; 280.4; 
567; 0; 1976.5899; 170; 280.6; 
567; 0; 1976.5897; 170; 280.8; 
567; 0; 1976.5896; 170; 281; 
567; 0; 1975.6236; 170; 281.2; 
567; 0; 1975.6234; 170; 281.4; 
567; 0; 1974.6574; 170; 281.6; 
567; 0; 1974.6572; 170; 281.8; 
567; 0; 1974.6571; 170; 282; 
567; 0; 1974.6569; 170; 282.2; 
567; 0; 1973.6909; 170; 282.4; 
567; 0; 1973.6907; 170; 282.6; 
567; 0; 1973.6905; 170; 282.8; 
567; 0; 1973.6903; 170; 283; 
567; 0; 1972.7242; 170; 283.2; 
567; 0; 1972.7239; 170; 283.4; 
567; 0; 1972.7237; 170; 283.6; 
567; 0; 1972.7235; 170; 283.8; 
567; 0; 1972.7234; 170; 284; 
567; 0; 1971.7574; 170; 284.2; 
567; 0; 1971.7573; 170; 284.4; 
567; 0; 1971.7571; 170; 284.6; 
567; 0; 1971.757; 170; 284.8; 
567; 0; 1971.7568; 170; 285; 
567; 0; 1971.7566; 170; 285.2; 
567; 0; 1971.7564; 170; 285.4; 
567; 0; 1971.7562; 170; 285.6; 
567; 0; 1971.756; 170; 285.8; 
567; 0; 1971.7558; 170; 286; 
567; 0; 1970.7898; 170; 286.2; 
567; 0; 1970.7895; 170; 286.4; 
567; 0; 1970.7893; 170; 286.6; 
567; 0; 1970.7891; 170; 286.8; 
567; 0; 1970.7889; 170; 287; 
567; 0; 1970.7887; 170; 287.2; 
567; 0; 1970.7884; 170; 287.4; 
567; 0; 1970.7882; 170; 287.6; 
567; 0; 1970.788; 170; 287.8; 
567; 0; 1970.7878; 170; 288; 
567; 0; 1970.7875; 170; 288.2; 
567; 0; 1971.7531; 170; 288.4; 
567; 0; 1971.7526; 170; 288.6; 
567; 0; 1971.7519; 170; 288.8; 
567; 0; 1971.7509; 170; 289; 
567; 0; 1971.7497; 170; 289.2; 
567; 0; 1971.7485; 170; 289.4; 
567; 0; 1971.7474; 170; 289.6; 
567; 0; 1971.7467; 170; 289.8; 
567; 0; 1972.7121; 170; 290; 
567; 0; 1972.7123; 170; 290.2; 
567; 0; 1972.7128; 170; 290.4; 
567; 0; 1972.7137; 170; 290.6; 
567; 0; 1973.6805; 170; 290.8; 
567; 0; 1973.6814; 170; 291; 
567; 0; 1973.6822; 170; 291.2; 
567; 0; 1973.6828; 170; 291.4; 
567; 0; 1973.6832; 170; 291.6; 
567; 0; 1973.6832; 170; 291.8; 
567; 0; 1973.683; 170; 292; 
567; 0; 1973.6825; 170; 292.2; 
567; 0; 1973.682; 170; 292.4; 
567; 0; 1973.6814; 170; 292.6; 
567; 0; 1972.715; 170; 292.8; 
567; 0; 1972.7144; 170; 293; 
567; 0; 1972.7139; 170; 293.2; 
567; 0; 1972.7134; 170; 293.4; 
567; 0; 1972.713; 170; 293.6; 
567; 0; 1972.7128; 170; 293.8; 
567; 0; 1972.7126; 170; 294; 
567; 0; 1972.7124; 170; 294.2; 
567; 0; 1972.7122; 170; 294.4; 
567; 0; 1972.712; 170; 294.6; 
567; 0; 1972.7118; 170; 294.8; 
567; 0; 1972.7116; 170; 295; 
567; 0; 1972.7114; 170; 295.2; 
567; 0; 1972.7112; 170; 295.4; 
567; 0; 1972.7111; 170; 295.6; 
567; 0; 1972.7109; 170; 295.8; 
567; 0; 1972.7107; 170; 296; 
567; 0; 1972.7104; 170; 296.2; 
567; 0; 1972.7101; 170; 296.4; 
567; 0; 1972.7099; 170; 296.6; 
567; 0; 1972.7096; 170; 296.8; 
567; 0; 1972.7094; 170; 297; 
567; 0; 1972.7092; 170; 297.2; 
567; 0; 1972.709; 170; 297.4; 
567; 0; 1972.7088; 170; 297.6; 
567; 0; 1972.7087; 170; 297.8; 
567; 0; 1972.7085; 170; 298; 
567; 0; 1973.6739; 170; 298.2; 
567; 0; 1973.6729; 170; 298.4; 
567; 0; 1973.6706; 170; 298.6; 
567; 0; 1974.6324; 170; 298.8; 
567; 0; 1974.6261; 170; 299; 
567; 0; 1974.617; 170; 299.2; 
567; 0; 1974.605; 170; 299.4; 
567; 0; 1975.5565; 170; 299.6; 
567; 0; 1976.5072; 170; 299.8; 
567; 0; 1979.3899; 170; 300; 
567; 0; 1982.275; 170; 300.2; 
567; 0; 1987.095; 170; 300.4; 
567; 0; 1992.8853; 170; 300.6; 
567; 0; 1998.6804; 170; 300.8; 
567; 0; 2004.2832; 170; 301; 
567; 0; 2009.2939; 170; 301.2; 
567; 0; 2013.4725; 170; 301.4; 
567; 0; 2016.853; 170; 301.6; 
567; 0; 2020.4589; 170; 301.8; 
567; 0; 2022.2658; 170; 302; 
567; 0; 2024.0709; 170; 302.2; 
567; 0; 2025.8737; 170; 302.4; 
567; 0; 2025.8757; 170; 302.6; 
567; 0; 2026.7742; 170; 302.8; 
567; 0; 2026.7714; 170; 303; 
567; 0; 2026.767; 170; 303.2; 
567; 0; 2027.6606; 170; 303.4; 
567; 0; 2028.5539; 170; 303.6; 
567; 0; 2029.4476; 170; 303.8; 
567; 0; 2030.3422; 170; 304; 
567; 0; 2032.1369; 170; 304.2; 
567; 0; 2033.9331; 170; 304.4; 
567; 0; 2036.6297; 170; 304.6; 
567; 0; 2038.4287; 170; 304.8; 
567; 0; 2040.2288; 170; 305; 
567; 0; 2041.1306; 170; 305.2; 
567; 0; 2042.9316; 170; 305.4; 
567; 0; 2043.8335; 170; 305.6; 
567; 0; 2044.7351; 170; 305.8; 
567; 0; 2044.737; 170; 306; 
567; 0; 2044.738; 170; 306.2; 
567; 0; 2045.6372; 170; 306.4; 
567; 0; 2045.6367; 170; 306.6; 
567; 0; 2045.6355; 170; 306.8; 
567; 0; 2045.6338; 170; 307; 
567; 0; 2045.6319; 170; 307.2; 
567; 0; 2045.6301; 170; 307.4; 
567; 0; 2046.5274; 170; 307.6; 
567; 0; 2046.526; 170; 307.8; 
567; 0; 2047.4242; 170; 308; 
567; 0; 2048.3227; 170; 308.2; 
567; 0; 2048.3228; 170; 308.4; 
567; 0; 2049.2222; 170; 308.6; 
567; 0; 2049.2229; 170; 308.8; 
567; 0; 2050.1227; 170; 309; 
567; 0; 2050.1237; 170; 309.2; 
567; 0; 2050.1245; 170; 309.4; 
567; 0; 2050.1252; 170; 309.6; 
567; 0; 2050.1256; 170; 309.8; 
567; 0; 2050.1258; 170; 310; 
567; 0; 2050.1256; 170; 310.2; 
567; 0; 2050.1253; 170; 310.4; 
567; 0; 2050.1248; 170; 310.6; 
567; 0; 2050.1241; 170; 310.8; 
567; 0; 2050.1234; 170; 311; 
567; 0; 2050.1227; 170; 311.2; 
567; 0; 2050.1221; 170; 311.4; 
567; 0; 2050.1217; 170; 311.6; 
567; 0; 2051.0204; 170; 311.8; 
567; 0; 2051.0203; 170; 312; 
567; 0; 2051.0203; 170; 312.2; 
567; 0; 2051.0205; 170; 312.4; 
567; 0; 2051.0207; 170; 312.6; 
567; 0; 2051.021; 170; 312.8; 
567; 0; 2051.0212; 170; 313; 
567; 0; 2051.0214; 170; 313.2; 
567; 0; 2051.0216; 170; 313.4; 
567; 0; 2051.0217; 170; 313.6; 
567; 0; 2051.0224; 170; 313.8; 
567; 0; 2051.923; 170; 314; 
567; 0; 2051.9261; 170; 314.2; 
567; 0; 2051.931; 170; 314.4; 
567; 0; 2051.9375; 170; 314.6; 
567; 0; 2051.0459; 170; 314.8; 
567; 0; 2050.1545; 170; 315; 
567; 0; 2048.3632; 170; 315.2; 
567; 0; 2045.6715; 170; 315.4; 
567; 0; 2043.8768; 170; 315.6; 
567; 0; 2041.1809; 170; 315.8; 
567; 0; 2037.5839; 170; 316; 
567; 0; 2034.8843; 170; 316.2; 
567; 0; 2032.1835; 170; 316.4; 
567; 0; 2028.5831; 170; 316.6; 
567; 0; 2025.8818; 170; 316.8; 
567; 0; 2023.1809; 170; 317; 
567; 0; 2021.3799; 170; 317.2; 
567; 0; 2019.5799; 170; 317.4; 
567; 0; 2016.882; 170; 317.6; 
567; 0; 2015.1768; 170; 317.8; 
567; 0; 2013.5092; 170; 318; 
567; 0; 2011.8419; 170; 318.2; 
567; 0; 2011.009; 170; 318.4; 
567; 0; 2009.3418; 170; 318.6; 
567; 0; 2007.6744; 170; 318.8; 
567; 0; 2006.0068; 170; 319; 
567; 0; 2004.3388; 170; 319.2; 
567; 0; 2002.6339; 170; 319.4; 
567; 0; 2000.7019; 170; 319.6; 
567; 0; 1998.7696; 170; 319.8; 
567; 0; 1996.8373; 170; 320; 
567; 0; 1995.8706; 170; 320.2; 
567; 0; 1993.9382; 170; 320.4; 
567; 0; 1992.9716; 170; 320.6; 
567; 0; 1992.0053; 170; 320.8; 
567; 0; 1990.0735; 170; 321; 
567; 0; 1989.1076; 170; 321.2; 
567; 0; 1988.1419; 170; 321.4; 
567; 0; 1987.1762; 170; 321.6; 
567; 0; 1986.2106; 170; 321.8; 
567; 0; 1985.245; 170; 322; 
567; 0; 1984.2794; 170; 322.2; 
567; 0; 1983.3138; 170; 322.4; 
567; 0; 1982.348; 170; 322.6; 
567; 0; 1981.3822; 170; 322.8; 
567; 0; 1980.4163; 170; 323; 
567; 0; 1979.4503; 170; 323.2; 
567; 0; 1978.4843; 170; 323.4; 
567; 0; 1978.4841; 170; 323.6; 
567; 0; 1977.5182; 170; 323.8; 
567; 0; 1976.5522; 170; 324; 
567; 0; 1976.5521; 170; 324.2; 
567; 0; 1975.5862; 170; 324.4; 
567; 0; 1975.5861; 170; 324.6; 
567; 0; 1974.6201; 170; 324.8; 
567; 0; 1974.62; 170; 325; 
567; 0; 1973.6541; 170; 325.2; 
567; 0; 1973.654; 170; 325.4; 
567; 0; 1972.6881; 170; 325.6; 
567; 0; 1972.688; 170; 325.8; 
567; 0; 1972.6878; 170; 326; 
567; 0; 1971.722; 170; 326.2; 
567; 0; 1971.7218; 170; 326.4; 
567; 0; 1971.7217; 170; 326.6; 
567; 0; 1970.7558; 170; 326.8; 
567; 0; 1970.7557; 170; 327; 
567; 0; 1970.7556; 170; 327.2; 
567; 0; 1970.7555; 170; 327.4; 
567; 0; 1969.7896; 170; 327.6; 
567; 0; 1969.7894; 170; 327.8; 
567; 0; 1969.7892; 170; 328; 
567; 0; 1969.789; 170; 328.2; 
567; 0; 1969.7888; 170; 328.4; 
567; 0; 1969.7887; 170; 328.6; 
567; 0; 1968.8228; 170; 328.8; 
567; 0; 1968.8226; 170; 329; 
567; 0; 1968.8225; 170; 329.2; 
567; 0; 1968.8223; 170; 329.4; 
567; 0; 1968.8221; 170; 329.6; 
567; 0; 1968.8219; 170; 329.8; 
567; 0; 1968.8217; 170; 330; 
567; 0; 1968.8215; 170; 330.2; 
567; 0; 1968.8212; 170; 330.4; 
567; 0; 1968.821; 170; 330.6; 
567; 0; 1968.8208; 170; 330.8; 
567; 0; 1968.8207; 170; 331; 
567; 0; 1967.8548; 170; 331.2; 
567; 0; 1967.8547; 170; 331.4; 
567; 0; 1967.8546; 170; 331.6; 
567; 0; 1967.8545; 170; 331.8; 
567; 0; 1967.8544; 170; 332; 
567; 0; 1967.8542; 170; 332.2; 
567; 0; 1967.854; 170; 332.4; 
567; 0; 1967.8538; 170; 332.6; 
567; 0; 1967.8536; 170; 332.8; 
567; 0; 1967.8535; 170; 333; 
567; 0; 1967.8533; 170; 333.2; 
567; 0; 1967.8532; 170; 333.4; 
567; 0; 1968.8189; 170; 333.6; 
567; 0; 1968.8187; 170; 333.8; 
567; 0; 1968.8185; 170; 334; 
567; 0; 1968.8182; 170; 334.2; 
567; 0; 1968.818; 170; 334.4; 
567; 0; 1968.8177; 170; 334.6; 
567; 0; 1968.8175; 170; 334.8; 
567; 0; 1968.8174; 170; 335; 
567; 0; 1968.8173; 170; 335.2; 
567; 0; 1968.8171; 170; 335.4; 
567; 0; 1968.817; 170; 335.6; 
567; 0; 1968.8169; 170; 335.8; 
567; 0; 1968.8167; 170; 336; 
567; 0; 1968.8165; 170; 336.2; 
567; 0; 1968.8163; 170; 336.4; 
567; 0; 1968.8161; 170; 336.6; 
567; 0; 1968.816; 170; 336.8; 
567; 0; 1968.8158; 170; 337; 
567; 0; 1968.8156; 170; 337.2; 
567; 0; 1968.8154; 170; 337.4; 
567; 0; 1968.8152; 170; 337.6; 
567; 0; 1968.8151; 170; 337.8; 
567; 0; 1968.8149; 170; 338; 
567; 0; 1968.8147; 170; 338.2; 
567; 0; 1968.8146; 170; 338.4; 
567; 0; 1968.8144; 170; 338.6; 
567; 0; 1969.78; 170; 338.8; 
567; 0; 1969.7799; 170; 339; 
567; 0; 1969.7798; 170; 339.2; 
567; 0; 1969.7797; 170; 339.4; 
567; 0; 1969.7796; 170; 339.6; 
567; 0; 1969.7794; 170; 339.8; 
567; 0; 1969.7793; 170; 340; 
567; 0; 1969.7791; 170; 340.2; 
567; 0; 1969.7789; 170; 340.4; 
567; 0; 1969.7788; 170; 340.6; 
567; 0; 1969.7785; 170; 340.8; 
567; 0; 1969.7783; 170; 341; 
567; 0; 1969.7781; 170; 341.2; 
567; 0; 1969.7779; 170; 341.4; 
567; 0; 1969.7777; 170; 341.6; 
567; 0; 1969.7775; 170; 341.8; 
567; 0; 1969.7774; 170; 342; 
567; 0; 1969.7772; 170; 342.2; 
567; 0; 1970.7428; 170; 342.4; 
567; 0; 1970.7426; 170; 342.6; 
567; 0; 1970.7425; 170; 342.8; 
567; 0; 1970.7423; 170; 343; 
567; 0; 1970.7422; 170; 343.2; 
567; 0; 1971.7077; 170; 343.4; 
567; 0; 1971.7076; 170; 343.6; 
567; 0; 1972.673; 170; 343.8; 
567; 0; 1972.6721; 170; 344; 
567; 0; 1973.6361; 170; 344.2; 
567; 0; 1973.6329; 170; 344.4; 
567; 0; 1974.5936; 170; 344.6; 
567; 0; 1974.5862; 170; 344.8; 
567; 0; 1974.5758; 170; 345; 
567; 0; 1974.5627; 170; 345.2; 
567; 0; 1975.5138; 170; 345.4; 
567; 0; 1977.4303; 170; 345.6; 
567; 0; 1980.3139; 170; 345.8; 
567; 0; 1984.1661; 170; 346; 
567; 0; 1988.988; 170; 346.2; 
567; 0; 1994.7803; 170; 346.4; 
567; 0; 2000.5775; 170; 346.6; 
567; 0; 2005.9301; 170; 346.8; 
567; 0; 2010.9415; 170; 347; 
567; 0; 2014.2865; 170; 347.2; 
567; 0; 2017.7302; 170; 347.4; 
567; 0; 2020.4366; 170; 347.6; 
567; 0; 2022.2426; 170; 347.8; 
567; 0; 2024.0464; 170; 348; 
567; 0; 2024.9486; 170; 348.2; 
567; 0; 2024.9492; 170; 348.4; 
567; 0; 2025.8463; 170; 348.6; 
567; 0; 2025.8425; 170; 348.8; 
567; 0; 2025.8375; 170; 349; 
567; 0; 2026.7309; 170; 349.2; 
567; 0; 2027.6244; 170; 349.4; 
567; 0; 2028.5186; 170; 349.6; 
567; 0; 2030.3129; 170; 349.8; 
567; 0; 2032.1085; 170; 350; 
567; 0; 2033.9056; 170; 350.2; 
567; 0; 2035.7041; 170; 350.4; 
567; 0; 2037.5037; 170; 350.6; 
567; 0; 2039.3041; 170; 350.8; 
567; 0; 2040.2061; 170; 351; 
567; 0; 2041.108; 170; 351.2; 
567; 0; 2042.0096; 170; 351.4; 
567; 0; 2042.9109; 170; 351.6; 
567; 0; 2042.9131; 170; 351.8; 
567; 0; 2043.8142; 170; 352; 
567; 0; 2043.8165; 170; 352.2; 
567; 0; 2043.8192; 170; 352.4; 
567; 0; 2043.8223; 170; 352.6; 
567; 0; 2042.9265; 170; 352.8; 
567; 0; 2042.9297; 170; 353; 
567; 0; 2042.0337; 170; 353.2; 
567; 0; 2040.2382; 170; 353.4; 
567; 0; 2039.341; 170; 353.6; 
567; 0; 2037.5439; 170; 353.8; 
567; 0; 2035.7461; 170; 354; 
567; 0; 2033.9475; 170; 354.2; 
567; 0; 2031.2493; 170; 354.4; 
567; 0; 2029.4497; 170; 354.6; 
567; 0; 2027.6499; 170; 354.8; 
567; 0; 2025.8503; 170; 355; 
567; 0; 2024.0509; 170; 355.2; 
567; 0; 2023.1509; 170; 355.4; 
567; 0; 2021.3524; 170; 355.6; 
567; 0; 2019.5545; 170; 355.8; 
567; 0; 2018.6558; 170; 356; 
567; 0; 2016.8586; 170; 356.2; 
567; 0; 2015.99; 170; 356.4; 
567; 0; 2014.3227; 170; 356.6; 
567; 0; 2012.6553; 170; 356.8; 
567; 0; 2011.8219; 170; 357; 
567; 0; 2010.1541; 170; 357.2; 
567; 0; 2008.4862; 170; 357.4; 
567; 0; 2007.6521; 170; 357.6; 
567; 0; 2005.9838; 170; 357.8; 
567; 0; 2005.1495; 170; 358; 
567; 0; 2003.4811; 170; 358.2; 
567; 0; 2002.5974; 170; 358.4; 
567; 0; 2000.6656; 170; 358.6; 
567; 0; 1999.6996; 170; 358.8; 
567; 0; 1998.7337; 170; 359; 
567; 0; 1997.768; 170; 359.2; 
567; 0; 1995.8368; 170; 359.4; 
567; 0; 1994.8713; 170; 359.6; 
567; 0; 1993.9058; 170; 359.8; 
567; 0; 1992.9404; 170; 360; 
567; 0; 1991.9749; 170; 360.2; 
567; 0; 1991.0094; 170; 360.4; 
567; 0; 1990.0438; 170; 360.6; 
567; 0; 1989.0782; 170; 360.8; 
567; 0; 1988.1125; 170; 361; 
567; 0; 1987.1467; 170; 361.2; 
567; 0; 1986.181; 170; 361.4; 
567; 0; 1986.1809; 170; 361.6; 
567; 0; 1985.215; 170; 361.8; 
567; 0; 1984.2493; 170; 362; 
567; 0; 1983.2835; 170; 362.2; 
567; 0; 1982.3177; 170; 362.4; 
567; 0; 1982.3176; 170; 362.6; 
567; 0; 1981.3518; 170; 362.8; 
567; 0; 1981.3518; 170; 363; 
567; 0; 1980.3861; 170; 363.2; 
567; 0; 1979.4204; 170; 363.4; 
567; 0; 1979.4204; 170; 363.6; 
567; 0; 1978.4548; 170; 363.8; 
567; 0; 1978.4548; 170; 364; 
567; 0; 1977.489; 170; 364.2; 
567; 0; 1977.489; 170; 364.4; 
567; 0; 1976.5231; 170; 364.6; 
567; 0; 1976.523; 170; 364.8; 
567; 0; 1975.5571; 170; 365; 
567; 0; 1975.557; 170; 365.2; 
567; 0; 1975.557; 170; 365.4; 
567; 0; 1974.5913; 170; 365.6; 
567; 0; 1974.5913; 170; 365.8; 
567; 0; 1974.5912; 170; 366; 
567; 0; 1973.6255; 170; 366.2; 
567; 0; 1973.6255; 170; 366.4; 
567; 0; 1973.6254; 170; 366.6; 
567; 0; 1972.6596; 170; 366.8; 
567; 0; 1972.6595; 170; 367; 
567; 0; 1972.6594; 170; 367.2; 
567; 0; 1972.6593; 170; 367.4; 
567; 0; 1971.6933; 170; 367.6; 
567; 0; 1971.6931; 170; 367.8; 
567; 0; 1971.6929; 170; 368; 
567; 0; 1971.6928; 170; 368.2; 
567; 0; 1970.727; 170; 368.4; 
567; 0; 1970.7269; 170; 368.6; 
567; 0; 1970.7268; 170; 368.8; 
567; 0; 1970.7267; 170; 369; 
567; 0; 1970.7266; 170; 369.2; 
567; 0; 1970.7265; 170; 369.4; 
567; 0; 1970.7264; 170; 369.6; 
567; 0; 1969.7606; 170; 369.8; 
567; 0; 1969.7605; 170; 370; 
567; 0; 1969.7604; 170; 370.2; 
567; 0; 1969.7602; 170; 370.4; 
567; 0; 1969.7601; 170; 370.6; 
567; 0; 1969.7599; 170; 370.8; 
567; 0; 1969.7597; 170; 371; 
567; 0; 1969.7596; 170; 371.2; 
567; 0; 1969.7595; 170; 371.4; 
567; 0; 1969.7594; 170; 371.6; 
567; 0; 1969.7593; 170; 371.8; 
567; 0; 1969.7592; 170; 372; 
567; 0; 1969.7591; 170; 372.2; 
567; 0; 1969.759; 170; 372.4; 
567; 0; 1968.7932; 170; 372.6; 
567; 0; 1968.7931; 170; 372.8; 
567; 0; 1968.793; 170; 373; 
567; 0; 1968.7928; 170; 373.2; 
567; 0; 1968.7926; 170; 373.4; 
567; 0; 1968.7923; 170; 373.6; 
567; 0; 1968.7921; 170; 373.8; 
567; 0; 1968.7919; 170; 374; 
567; 0; 1968.7918; 170; 374.2; 
567; 0; 1968.7917; 170; 374.4; 
567; 0; 1968.7917; 170; 374.6; 
567; 0; 1968.7916; 170; 374.8; 
567; 0; 1968.7915; 170; 375; 
567; 0; 1968.7913; 170; 375.2; 
567; 0; 1968.7912; 170; 375.4; 
567; 0; 1968.7911; 170; 375.6; 
567; 0; 1968.791; 170; 375.8; 
567; 0; 1968.7909; 170; 376; 
567; 0; 1968.7907; 170; 376.2; 
567; 0; 1968.7906; 170; 376.4; 
567; 0; 1968.7904; 170; 376.6; 
567; 0; 1968.7902; 170; 376.8; 
567; 0; 1968.7901; 170; 377; 
567; 0; 1969.7557; 170; 377.2; 
567; 0; 1969.7556; 170; 377.4; 
567; 0; 1969.7556; 170; 377.6; 
567; 0; 1969.7555; 170; 377.8; 
567; 0; 1969.7553; 170; 378; 
567; 0; 1969.7551; 170; 378.2; 
567; 0; 1969.7549; 170; 378.4; 
567; 0; 1969.7547; 170; 378.6; 
567; 0; 1969.7546; 170; 378.8; 
567; 0; 1970.7202; 170; 379; 
567; 0; 1970.7202; 170; 379.2; 
567; 0; 1970.7201; 170; 379.4; 
567; 0; 1970.72; 170; 379.6; 
567; 0; 1970.7199; 170; 379.8; 
567; 0; 1970.7197; 170; 380; 
567; 0; 1970.7195; 170; 380.2; 
567; 0; 1971.6849; 170; 380.4; 
567; 0; 1971.6846; 170; 380.6; 
567; 0; 1971.6844; 170; 380.8; 
567; 0; 1971.6842; 170; 381; 
567; 0; 1971.6841; 170; 381.2; 
567; 0; 1971.684; 170; 381.4; 
567; 0; 1971.684; 170; 381.6; 
567; 0; 1972.6496; 170; 381.8; 
567; 0; 1972.6495; 170; 382; 
567; 0; 1972.6494; 170; 382.2; 
567; 0; 1972.6493; 170; 382.4; 
567; 0; 1972.6491; 170; 382.6; 
567; 0; 1972.649; 170; 382.8; 
567; 0; 1972.6489; 170; 383; 
567; 0; 1972.6488; 170; 383.2; 
567; 0; 1972.6487; 170; 383.4; 
567; 0; 1972.6485; 170; 383.6; 
567; 0; 1972.6484; 170; 383.8; 
567; 0; 1972.6483; 170; 384; 
567; 0; 1972.6482; 170; 384.2; 
567; 0; 1972.648; 170; 384.4; 
567; 0; 1972.6479; 170; 384.6; 
567; 0; 1972.6477; 170; 384.8; 
567; 0; 1972.6476; 170; 385; 
567; 0; 1972.6474; 170; 385.2; 
567; 0; 1972.6473; 170; 385.4; 
567; 0; 1973.6129; 170; 385.6; 
567; 0; 1973.6128; 170; 385.8; 
567; 0; 1973.6127; 170; 386; 
567; 0; 1973.6126; 170; 386.2; 
567; 0; 1973.6125; 170; 386.4; 
567; 0; 1973.6124; 170; 386.6; 
567; 0; 1973.6122; 170; 386.8; 
567; 0; 1973.6121; 170; 387; 
567; 0; 1973.6119; 170; 387.2; 
567; 0; 1973.6118; 170; 387.4; 
567; 0; 1973.6117; 170; 387.6; 
567; 0; 1973.6116; 170; 387.8; 
567; 0; 1973.6116; 170; 388; 
567; 0; 1973.6115; 170; 388.2; 
567; 0; 1973.6113; 170; 388.4; 
567; 0; 1973.6112; 170; 388.6; 
567; 0; 1973.6111; 170; 388.8; 
567; 0; 1973.611; 170; 389; 
567; 0; 1973.6109; 170; 389.2; 
567; 0; 1973.6107; 170; 389.4; 
567; 0; 1973.6106; 170; 389.6; 
567; 0; 1973.6104; 170; 389.8; 
567; 0; 1972.6445; 170; 390; 
567; 0; 1972.6444; 170; 390.2; 
567; 0; 1972.6442; 170; 390.4; 
567; 0; 1972.6441; 170; 390.6; 
567; 0; 1972.644; 170; 390.8; 
567; 0; 1972.6438; 170; 391; 
567; 0; 1972.6437; 170; 391.2; 
567; 0; 1972.6436; 170; 391.4; 
567; 0; 1972.6436; 170; 391.6; 
567; 0; 1972.6435; 170; 391.8; 
567; 0; 1973.6091; 170; 392; 
567; 0; 1973.6091; 170; 392.2; 
567; 0; 1973.6091; 170; 392.4; 
567; 0; 1973.6089; 170; 392.6; 
567; 0; 1973.6088; 170; 392.8; 
567; 0; 1973.6086; 170; 393; 
567; 0; 1973.6085; 170; 393.2; 
567; 0; 1973.6084; 170; 393.4; 
567; 0; 1973.6084; 170; 393.6; 
567; 0; 1973.6082; 170; 393.8; 
567; 0; 1973.6081; 170; 394; 
567; 0; 1973.6079; 170; 394.2; 
567; 0; 1973.6078; 170; 394.4; 
567; 0; 1973.6076; 170; 394.6; 
567; 0; 1972.6418; 170; 394.8; 
567; 0; 1972.6417; 170; 395; 
567; 0; 1972.6416; 170; 395.2; 
567; 0; 1972.6416; 170; 395.4; 
567; 0; 1972.6415; 170; 395.6; 
567; 0; 1972.6415; 170; 395.8; 
567; 0; 1972.6413; 170; 396; 
567; 0; 1972.6412; 170; 396.2; 
567; 0; 1972.641; 170; 396.4; 
567; 0; 1972.6409; 170; 396.6; 
567; 0; 1972.6407; 170; 396.8; 
567; 0; 1972.6406; 170; 397; 
567; 0; 1972.6405; 170; 397.2; 
567; 0; 1972.6404; 170; 397.4; 
567; 0; 1972.6402; 170; 397.6; 
567; 0; 1972.6401; 170; 397.8; 
567; 0; 1973.6057; 170; 398; 
567; 0; 1973.6056; 170; 398.2; 
567; 0; 1973.6055; 170; 398.4; 
567; 0; 1973.6054; 170; 398.6; 
567; 0; 1973.6052; 170; 398.8; 
567; 0; 1973.6051; 170; 399; 
567; 0; 1973.605; 170; 399.2; 
567; 0; 1973.6051; 170; 399.4; 
567; 0; 1973.6051; 170; 399.6; 
567; 0; 1973.6051; 170; 399.8; 
567; 0; 1973.605; 170; 400; 
567; 0; 1973.6048; 170; 400.2; 
567; 0; 1972.6389; 170; 400.4; 
567; 0; 1972.6387; 170; 400.6; 
567; 0; 1972.6385; 170; 400.8; 
567; 0; 1972.6384; 170; 401; 
567; 0; 1972.6383; 170; 401.2; 
567; 0; 1972.6382; 170; 401.4; 
567; 0; 1972.638; 170; 401.6; 
567; 0; 1972.6378; 170; 401.8; 
567; 0; 1972.6377; 170; 402; 
567; 0; 1972.6375; 170; 402.2; 
567; 0; 1972.6375; 170; 402.4; 
567; 0; 1972.6374; 170; 402.6; 
567; 0; 1972.6373; 170; 402.8; 
567; 0; 1972.6372; 170; 403; 
567; 0; 1972.6372; 170; 403.2; 
567; 0; 1972.6371; 170; 403.4; 
567; 0; 1972.6371; 170; 403.6; 
567; 0; 1972.6371; 170; 403.8; 
567; 0; 1972.637; 170; 404; 
567; 0; 1972.637; 170; 404.2; 
567; 0; 1972.6369; 170; 404.4; 
567; 0; 1972.6368; 170; 404.6; 
567; 0; 1972.6366; 170; 404.8; 
567; 0; 1972.6365; 170; 405; 
567; 0; 1972.6363; 170; 405.2; 
567; 0; 1972.6361; 170; 405.4; 
567; 0; 1972.6359; 170; 405.6; 
567; 0; 1972.6357; 170; 405.8; 
567; 0; 1972.6355; 170; 406; 
567; 0; 1973.6011; 170; 406.2; 
567; 0; 1973.601; 170; 406.4; 
567; 0; 1973.601; 170; 406.6; 
567; 0; 1973.601; 170; 406.8; 
567; 0; 1973.6009; 170; 407; 
567; 0; 1973.6009; 170; 407.2; 
567; 0; 1973.6008; 170; 407.4; 
567; 0; 1973.6006; 170; 407.6; 
567; 0; 1972.6348; 170; 407.8; 
567; 0; 1972.6347; 170; 408; 
567; 0; 1972.6345; 170; 408.2; 
567; 0; 1972.6344; 170; 408.4; 
567; 0; 1972.6342; 170; 408.6; 
567; 0; 1972.6341; 170; 408.8; 
567; 0; 1972.634; 170; 409; 
567; 0; 1972.634; 170; 409.2; 
567; 0; 1972.6339; 170; 409.4; 
567; 0; 1972.6338; 170; 409.6; 
567; 0; 1972.6337; 170; 409.8; 
567; 0; 1972.6337; 170; 410; 
567; 0; 1972.6336; 170; 410.2; 
567; 0; 1972.6335; 170; 410.4; 
567; 0; 1972.6334; 170; 410.6; 
567; 0; 1972.6333; 170; 410.8; 
567; 0; 1972.6332; 170; 411; 
567; 0; 1962.9767; 170; 411.2; 
567; 0; 1769.8489; 170; 411.4; 
567; 0; 1563.1141; 170; 411.6; 
567; 0; 1541.7569; 170; 411.8; 
567; 0; 1541.7568; 170; 412; 
567; 0; 1541.7567; 170; 412.2; 
567; 0; 1541.7566; 170; 412.4; 
567; 0; 1541.7565; 170; 412.6; 
567; 0; 1541.7564; 170; 412.8; 
567; 0; 1541.7563; 170; 413; 
567; 0; 1541.7561; 170; 413.2; 
567; 0; 1541.756; 170; 413.4; 
567; 0; 1541.7558; 170; 413.6; 
567; 0; 1541.7555; 170; 413.8; 
567; 0; 1541.7552; 170; 414; 
567; 0; 1541.755; 170; 414.2; 
567; 0; 1541.7547; 170; 414.4; 
567; 0; 1541.7544; 170; 414.6; 
567; 0; 1541.754; 170; 414.8; 
567; 0; 1541.7537; 170; 415; 
567; 0; 1541.7534; 170; 415.2; 
567; 0; 1541.753; 170; 415.4; 
567; 0; 1541.7526; 170; 415.6; 
567; 0; 1541.7521; 170; 415.8; 
567; 0; 1541.7517; 170; 416; 
567; 0; 1528.5344; 170; 416.2; 
567; 0; 1528.5339; 170; 416.4; 
567; 0; 1528.5334; 170; 416.6; 
567; 0; 1528.5329; 170; 416.8; 
567; 0; 1528.5323; 170; 417; 
567; 0; 1528.5318; 170; 417.2; 
567; 0; 1528.5312; 170; 417.4; 
567; 0; 1528.5307; 170; 417.6; 
567; 0; 1528.5303; 170; 417.8; 
567; 0; 1528.5298; 170; 418; 
567; 0; 1528.5294; 170; 418.2; 
567; 0; 1528.5289; 170; 418.4; 
567; 0; 1528.5284; 170; 418.6; 
567; 0; 1528.5279; 170; 418.8; 
567; 0; 1528.5274; 170; 419; 
567; 0; 1528.5269; 170; 419.2; 
567; 0; 1528.5264; 170; 419.4; 
567; 0; 1528.5259; 170; 419.6; 
567; 0; 1528.5254; 170; 419.8; 
567; 0; 1528.5248; 170; 420; 
567; 0; 1528.5243; 170; 420.2; 
567; 0; 1515.2953; 170; 420.4; 
567; 0; 1515.2948; 170; 420.6; 
567; 0; 1515.2943; 170; 420.8; 
567; 0; 1515.2938; 170; 421; 
567; 0; 1515.2933; 170; 421.2; 
567; 0; 1515.2929; 170; 421.4; 
567; 0; 1515.2925; 170; 421.6; 
567; 0; 1515.292; 170; 421.8; 
567; 0; 1515.2916; 170; 422; 
567; 0; 1515.2911; 170; 422.2; 
567; 0; 1515.2906; 170; 422.4; 
567; 0; 1515.2901; 170; 422.6; 
567; 0; 1515.2897; 170; 422.8; 
567; 0; 1515.2891; 170; 423; 
567; 0; 1515.2886; 170; 423.2; 
567; 0; 1515.2881; 170; 423.4; 
567; 0; 1515.2876; 170; 423.6; 
567; 0; 1515.2871; 170; 423.8; 
567; 0; 1515.2867; 170; 424; 
567; 0; 1515.2862; 170; 424.2; 
567; 0; 1515.2858; 170; 424.4; 
567; 0; 1515.2853; 170; 424.6; 
567; 0; 1515.2849; 170; 424.8; 
567; 0; 1502.0394; 170; 425; 
567; 0; 1502.0389; 170; 425.2; 
567; 0; 1502.0384; 170; 425.4; 
567; 0; 1502.0379; 170; 425.6; 
567; 0; 1502.0375; 170; 425.8; 
567; 0; 1502.037; 170; 426; 
567; 0; 1502.0366; 170; 426.2; 
567; 0; 1502.0362; 170; 426.4; 
567; 0; 1502.0357; 170; 426.6; 
567; 0; 1502.0353; 170; 426.8; 
567; 0; 1502.0349; 170; 427; 
567; 0; 1502.0344; 170; 427.2; 
567; 0; 1502.0339; 170; 427.4; 
567; 0; 1502.0334; 170; 427.6; 
567; 0; 1502.0329; 170; 427.8; 
567; 0; 1502.0325; 170; 428; 
567; 0; 1502.032; 170; 428.2; 
567; 0; 1502.0316; 170; 428.4; 
567; 0; 1502.0312; 170; 428.6; 
567; 0; 1502.0307; 170; 428.8; 
567; 0; 1502.0303; 170; 429; 
567; 0; 1502.0299; 170; 429.2; 
567; 0; 1502.0295; 170; 429.4; 
567; 0; 1502.029; 170; 429.6; 
567; 0; 1502.0286; 170; 429.8; 
567; 0; 1487.1627; 170; 430; 
567; 0; 1487.1622; 170; 430.2; 
567; 0; 1487.1618; 170; 430.4; 
567; 0; 1487.1614; 170; 430.6; 
567; 0; 1487.161; 170; 430.8; 
567; 0; 1487.1606; 170; 431; 
567; 0; 1487.1601; 170; 431.2; 
567; 0; 1487.1597; 170; 431.4; 
567; 0; 1487.1593; 170; 431.6; 
567; 0; 1487.1589; 170; 431.8; 
567; 0; 1487.1585; 170; 432; 
567; 0; 1487.1581; 170; 432.2; 
567; 0; 1487.1577; 170; 432.4; 
567; 0; 1487.1573; 170; 432.6; 
567; 0; 1487.1569; 170; 432.8; 
567; 0; 1487.1564; 170; 433; 
567; 0; 1487.156; 170; 433.2; 
567; 0; 1487.1556; 170; 433.4; 
567; 0; 1487.1552; 170; 433.6; 
567; 0; 1487.1548; 170; 433.8; 
567; 0; 1487.1544; 170; 434; 
567; 0; 1487.1541; 170; 434.2; 
567; 0; 1487.1537; 170; 434.4; 
567; 0; 1487.1533; 170; 434.6; 
567; 0; 1487.1529; 170; 434.8; 
567; 0; 1487.1525; 170; 435; 
567; 0; 1487.152; 170; 435.2; 
567; 0; 1487.1516; 170; 435.4; 
567; 0; 1473.3098; 170; 435.6; 
567; 0; 1473.3095; 170; 435.8; 
567; 0; 1473.3091; 170; 436; 
567; 0; 1473.3088; 170; 436.2; 
567; 0; 1473.3085; 170; 436.4; 
567; 0; 1474.3151; 170; 436.6; 
567; 0; 1484.6768; 170; 436.8; 
567; 0; 1497.0393; 170; 437; 
567; 0; 1508.2778; 170; 437.2; 
567; 0; 1520.6402; 170; 437.4; 
567; 0; 1531.8786; 170; 437.6; 
567; 0; 1543.1169; 170; 437.8; 
567; 0; 1554.3553; 170; 438; 
567; 0; 1565.5937; 170; 438.2; 
567; 0; 1575.7082; 170; 438.4; 
567; 0; 1585.8227; 170; 438.6; 
567; 0; 1595.9371; 170; 438.8; 
567; 0; 1604.9277; 170; 439; 
567; 0; 1613.9183; 170; 439.2; 
567; 0; 1622.9087; 170; 439.4; 
567; 0; 1630.7753; 170; 439.6; 
567; 0; 1638.6419; 170; 439.8; 
567; 0; 1645.3847; 170; 440; 
567; 0; 1652.1275; 170; 440.2; 
567; 0; 1658.8702; 170; 440.4; 
567; 0; 1665.6129; 170; 440.6; 
567; 0; 1671.2316; 170; 440.8; 
567; 0; 1676.8498; 170; 441; 
567; 0; 1682.467; 170; 441.2; 
567; 0; 1688.0827; 170; 441.4; 
567; 0; 1691.77; 170; 441.6; 
567; 0; 1694.4733; 170; 441.8; 
567; 0; 1698.0773; 170; 442; 
567; 0; 1700.7759; 170; 442.2; 
567; 0; 1704.3755; 170; 442.4; 
567; 0; 1707.9742; 170; 442.6; 
567; 0; 1712.4759; 170; 442.8; 
567; 0; 1718.7846; 170; 443; 
567; 0; 1725.0959; 170; 443.2; 
567; 0; 1733.2859; 170; 443.4; 
567; 0; 1742.4811; 170; 443.6; 
567; 0; 1738.9846; 170; 443.8; 
567; 0; 1748.2808; 170; 444; 
567; 0; 1756.5489; 170; 444.2; 
567; 0; 1763.7874; 170; 444.4; 
567; 0; 1768.9631; 170; 444.6; 
567; 0; 1774.1382; 170; 444.8; 
567; 0; 1777.2474; 170; 445; 
567; 0; 1779.3216; 170; 445.2; 
567; 0; 1781.3922; 170; 445.4; 
567; 0; 1782.4267; 170; 445.6; 
567; 0; 1782.4255; 170; 445.8; 
567; 0; 1783.4532; 170; 446; 
567; 0; 1783.4465; 170; 446.2; 
567; 0; 1784.4704; 170; 446.4; 
567; 0; 1785.4939; 170; 446.6; 
567; 0; 1787.5499; 170; 446.8; 
567; 0; 1789.6071; 170; 447; 
567; 0; 1791.6661; 170; 447.2; 
567; 0; 1794.7592; 170; 447.4; 
567; 0; 1796.8225; 170; 447.6; 
567; 0; 1799.9197; 170; 447.8; 
567; 0; 1801.9867; 170; 448; 
567; 0; 1804.0548; 170; 448.2; 
567; 0; 1806.1235; 170; 448.4; 
567; 0; 1807.1602; 170; 448.6; 
567; 0; 1808.1965; 170; 448.8; 
567; 0; 1809.232; 170; 449; 
567; 0; 1809.2344; 170; 449.2; 
567; 0; 1810.2676; 170; 449.4; 
567; 0; 1810.2676; 170; 449.6; 
567; 0; 1810.2666; 170; 449.8; 
567; 0; 1810.2648; 170; 450; 
567; 0; 1810.2624; 170; 450.2; 
567; 0; 1810.2599; 170; 450.4; 
567; 0; 1810.2575; 170; 450.6; 
567; 0; 1811.2878; 170; 450.8; 
567; 0; 1811.2877; 170; 451; 
567; 0; 1812.3219; 170; 451.2; 
567; 0; 1813.3591; 170; 451.4; 
567; 0; 1814.3994; 170; 451.6; 
567; 0; 1814.4101; 170; 451.8; 
567; 0; 1814.4224; 170; 452; 
567; 0; 1813.4029; 170; 452.2; 
567; 0; 1811.3485; 170; 452.4; 
567; 0; 1808.2597; 170; 452.6; 
567; 0; 1805.1683; 170; 452.8; 
567; 0; 1802.0739; 170; 453; 
567; 0; 1797.9447; 170; 453.2; 
567; 0; 1793.813; 170; 453.4; 
567; 0; 1789.6795; 170; 453.6; 
567; 0; 1786.5772; 170; 453.8; 
567; 0; 1783.4744; 170; 454; 
567; 0; 1780.371; 170; 454.2; 
567; 0; 1778.301; 170; 454.4; 
567; 0; 1776.2328; 170; 454.6; 
567; 0; 1774.1664; 170; 454.8; 
567; 0; 1773.1339; 170; 455; 
567; 0; 1771.0708; 170; 455.2; 
567; 0; 1770.0408; 170; 455.4; 
567; 0; 1767.9793; 170; 455.6; 
567; 0; 1766.95; 170; 455.8; 
567; 0; 1765.9204; 170; 456; 
567; 0; 1763.8584; 170; 456.2; 
567; 0; 1762.8277; 170; 456.4; 
567; 0; 1760.7642; 170; 456.6; 
567; 0; 1759.7322; 170; 456.8; 
567; 0; 1757.6676; 170; 457; 
567; 0; 1756.6346; 170; 457.2; 
567; 0; 1754.5694; 170; 457.4; 
567; 0; 1753.5362; 170; 457.6; 
567; 0; 1752.503; 170; 457.8; 
567; 0; 1751.4701; 170; 458; 
567; 0; 1750.4375; 170; 458.2; 
567; 0; 1749.4052; 170; 458.4; 
567; 0; 1749.4052; 170; 458.6; 
567; 0; 1748.3734; 170; 458.8; 
567; 0; 1747.3417; 170; 459; 
567; 0; 1747.3421; 170; 459.2; 
567; 0; 1746.3105; 170; 459.4; 
567; 0; 1746.3108; 170; 459.6; 
567; 0; 1745.2791; 170; 459.8; 
567; 0; 1745.2794; 170; 460; 
567; 0; 1744.2476; 170; 460.2; 
567; 0; 1744.2477; 170; 460.4; 
567; 0; 1743.2157; 170; 460.6; 
567; 0; 1743.2156; 170; 460.8; 
567; 0; 1742.1835; 170; 461; 
567; 0; 1742.1835; 170; 461.2; 
567; 0; 1742.1835; 170; 461.4; 
567; 0; 1741.1515; 170; 461.6; 
567; 0; 1741.1516; 170; 461.8; 
567; 0; 1741.1517; 170; 462; 
567; 0; 1740.1197; 170; 462.2; 
567; 0; 1740.1197; 170; 462.4; 
567; 0; 1740.1198; 170; 462.6; 
567; 0; 1740.1198; 170; 462.8; 
567; 0; 1739.0879; 170; 463; 
567; 0; 1739.088; 170; 463.2; 
567; 0; 1739.088; 170; 463.4; 
567; 0; 1739.0881; 170; 463.6; 
567; 0; 1738.0561; 170; 463.8; 
567; 0; 1738.0562; 170; 464; 
567; 0; 1738.0562; 170; 464.2; 
567; 0; 1738.0562; 170; 464.4; 
567; 0; 1738.0563; 170; 464.6; 
567; 0; 1738.0563; 170; 464.8; 
567; 0; 1738.0564; 170; 465; 
567; 0; 1737.0245; 170; 465.2; 
567; 0; 1737.0245; 170; 465.4; 
567; 0; 1737.0246; 170; 465.6; 
567; 0; 1737.0246; 170; 465.8; 
567; 0; 1737.0246; 170; 466; 
567; 0; 1737.0246; 170; 466.2; 
567; 0; 1737.0247; 170; 466.4; 
567; 0; 1737.0247; 170; 466.6; 
567; 0; 1737.0248; 170; 466.8; 
567; 0; 1735.9928; 170; 467; 
567; 0; 1735.9929; 170; 467.2; 
567; 0; 1735.993; 170; 467.4; 
567; 0; 1735.993; 170; 467.6; 
567; 0; 1735.9931; 170; 467.8; 
567; 0; 1748.7174; 170; 468; 
567; 0; 1748.7175; 170; 468.2; 
567; 0; 1748.7175; 170; 468.4; 
567; 0; 1748.7176; 170; 468.6; 
567; 0; 1748.7176; 170; 468.8; 
567; 0; 1747.6957; 170; 469; 
567; 0; 1747.6958; 170; 469.2; 
567; 0; 1747.6958; 170; 469.4; 
567; 0; 1746.674; 170; 469.6; 
567; 0; 1746.674; 170; 469.8; 
567; 0; 1746.674; 170; 470; 
567; 0; 1745.6521; 170; 470.2; 
567; 0; 1745.6521; 170; 470.4; 
567; 0; 1744.6303; 170; 470.6; 
567; 0; 1744.6303; 170; 470.8; 
567; 0; 1743.6085; 170; 471; 
567; 0; 1743.6086; 170; 471.2; 
567; 0; 1743.6088; 170; 471.4; 
567; 0; 1742.587; 170; 471.6; 
567; 0; 1742.5871; 170; 471.8; 
567; 0; 1741.5653; 170; 472; 
567; 0; 1741.5654; 170; 472.2; 
567; 0; 1741.5655; 170; 472.4; 
567; 0; 1740.5436; 170; 472.6; 
567; 0; 1740.5436; 170; 472.8; 
567; 0; 1739.5216; 170; 473; 
567; 0; 1739.5216; 170; 473.2; 
567; 0; 1739.5216; 170; 473.4; 
567; 0; 1739.5217; 170; 473.6; 
567; 0; 1738.4999; 170; 473.8; 
567; 0; 1738.5; 170; 474; 
567; 0; 1738.5001; 170; 474.2; 
567; 0; 1738.5002; 170; 474.4; 
567; 0; 1738.5003; 170; 474.6; 
567; 0; 1737.4785; 170; 474.8; 
567; 0; 1737.4786; 170; 475; 
567; 0; 1737.4786; 170; 475.2; 
567; 0; 1737.4785; 170; 475.4; 
567; 0; 1737.478; 170; 475.6; 
567; 0; 1738.4984; 170; 475.8; 
567; 0; 1738.4954; 170; 476; 
567; 0; 1738.4903; 170; 476.2; 
567; 0; 1737.4607; 170; 476.4; 
567; 0; 1737.4499; 170; 476.6; 
567; 0; 1737.4366; 170; 476.8; 
567; 0; 1738.4436; 170; 477; 
567; 0; 1740.4723; 170; 477.2; 
567; 0; 1744.5459; 170; 477.4; 
567; 0; 1736.9274; 170; 477.6; 
567; 0; 1743.1121; 170; 477.8; 
567; 0; 1749.3016; 170; 478; 
567; 0; 1757.56; 170; 478.2; 
567; 0; 1764.7913; 170; 478.4; 
567; 0; 1772.0266; 170; 478.6; 
567; 0; 1777.2009; 170; 478.8; 
567; 0; 1782.3766; 170; 479; 
567; 0; 1786.5204; 170; 479.2; 
567; 0; 1788.5986; 170; 479.4; 
567; 0; 1790.6742; 170; 479.6; 
567; 0; 1791.7142; 170; 479.8; 
567; 0; 1791.7182; 170; 480; 
567; 0; 1791.7183; 170; 480.2; 
567; 0; 1791.7151; 170; 480.4; 
567; 0; 1791.7092; 170; 480.6; 
567; 0; 1791.7016; 170; 480.8; 
567; 0; 1791.6933; 170; 481; 
567; 0; 1792.7173; 170; 481.2; 
567; 0; 1793.7423; 170; 481.4; 
567; 0; 1795.8008; 170; 481.6; 
567; 0; 1797.8614; 170; 481.8; 
567; 0; 1799.9241; 170; 482; 
567; 0; 1803.0208; 170; 482.2; 
567; 0; 1805.0872; 170; 482.4; 
567; 0; 1806.123; 170; 482.6; 
567; 0; 1808.1915; 170; 482.8; 
567; 0; 1809.2283; 170; 483; 
567; 0; 1810.2648; 170; 483.2; 
567; 0; 1810.2686; 170; 483.4; 
567; 0; 1810.2713; 170; 483.6; 
567; 0; 1810.2728; 170; 483.8; 
567; 0; 1810.2731; 170; 484; 
567; 0; 1810.2724; 170; 484.2; 
567; 0; 1810.2707; 170; 484.4; 
567; 0; 1810.2685; 170; 484.6; 
567; 0; 1810.2659; 170; 484.8; 
567; 0; 1810.2634; 170; 485; 
567; 0; 1810.2612; 170; 485.2; 
567; 0; 1810.2596; 170; 485.4; 
567; 0; 1811.2905; 170; 485.6; 
567; 0; 1811.2901; 170; 485.8; 
567; 0; 1812.3223; 170; 486; 
567; 0; 1812.3231; 170; 486.2; 
567; 0; 1813.3561; 170; 486.4; 
567; 0; 1813.3575; 170; 486.6; 
567; 0; 1813.3589; 170; 486.8; 
567; 0; 1813.3602; 170; 487; 
567; 0; 1814.3933; 170; 487.2; 
567; 0; 1814.3941; 170; 487.4; 
567; 0; 1813.3626; 170; 487.6; 
567; 0; 1813.3628; 170; 487.8; 
567; 0; 1813.3627; 170; 488; 
567; 0; 1813.3623; 170; 488.2; 
567; 0; 1813.3617; 170; 488.4; 
567; 0; 1813.361; 170; 488.6; 
567; 0; 1813.3604; 170; 488.8; 
567; 0; 1813.3598; 170; 489; 
567; 0; 1813.3594; 170; 489.2; 
567; 0; 1813.3592; 170; 489.4; 
567; 0; 1813.3591; 170; 489.6; 
567; 0; 1813.3592; 170; 489.8; 
567; 0; 1814.3913; 170; 490; 
567; 0; 1814.3917; 170; 490.2; 
567; 0; 1814.3921; 170; 490.4; 
567; 0; 1814.3925; 170; 490.6; 
567; 0; 1814.3929; 170; 490.8; 
567; 0; 1814.3932; 170; 491; 
567; 0; 1814.3934; 170; 491.2; 
567; 0; 1814.3935; 170; 491.4; 
567; 0; 1814.3936; 170; 491.6; 
567; 0; 1814.3935; 170; 491.8; 
567; 0; 1814.3935; 170; 492; 
567; 0; 1813.3614; 170; 492.2; 
567; 0; 1813.3614; 170; 492.4; 
567; 0; 1813.3614; 170; 492.6; 
567; 0; 1813.3613; 170; 492.8; 
567; 0; 1813.3613; 170; 493; 
567; 0; 1813.3613; 170; 493.2; 
567; 0; 1814.3935; 170; 493.4; 
567; 0; 1814.3945; 170; 493.6; 
567; 0; 1814.3971; 170; 493.8; 
567; 0; 1815.4341; 170; 494; 
567; 0; 1815.4419; 170; 494.2; 
567; 0; 1815.4521; 170; 494.4; 
567; 0; 1814.4321; 170; 494.6; 
567; 0; 1813.4113; 170; 494.8; 
567; 0; 1811.3568; 170; 495; 
567; 0; 1808.2684; 170; 495.2; 
567; 0; 1805.1774; 170; 495.4; 
567; 0; 1801.0514; 170; 495.6; 
567; 0; 1796.9226; 170; 495.8; 
567; 0; 1792.7913; 170; 496; 
567; 0; 1788.6583; 170; 496.2; 
567; 0; 1785.5564; 170; 496.4; 
567; 0; 1781.4222; 170; 496.6; 
567; 0; 1778.3205; 170; 496.8; 
567; 0; 1775.2198; 170; 497; 
567; 0; 1773.1518; 170; 497.2; 
567; 0; 1771.0852; 170; 497.4; 
567; 0; 1769.0201; 170; 497.6; 
567; 0; 1766.9561; 170; 497.8; 
567; 0; 1765.9251; 170; 498; 
567; 0; 1763.8626; 170; 498.2; 
567; 0; 1761.8002; 170; 498.4; 
567; 0; 1760.7697; 170; 498.6; 
567; 0; 1758.7066; 170; 498.8; 
567; 0; 1756.6431; 170; 499; 
567; 0; 1755.6113; 170; 499.2; 
567; 0; 1753.5471; 170; 499.4; 
567; 0; 1752.5147; 170; 499.6; 
567; 0; 1751.4821; 170; 499.8; 
567; 0; 1749.4173; 170; 500; 
567; 0; 1748.3845; 170; 500.2; 
567; 0; 1747.3517; 170; 500.4; 
567; 0; 1746.319; 170; 500.6; 
567; 0; 1745.2865; 170; 500.8; 
567; 0; 1744.2542; 170; 501; 
567; 0; 1744.2542; 170; 501.2; 
567; 0; 1743.2223; 170; 501.4; 
567; 0; 1742.1904; 170; 501.6; 
567; 0; 1742.1907; 170; 501.8; 
567; 0; 1741.1589; 170; 502; 
567; 0; 1741.1591; 170; 502.2; 
567; 0; 1740.1272; 170; 502.4; 
567; 0; 1740.1273; 170; 502.6; 
567; 0; 1739.0953; 170; 502.8; 
567; 0; 1739.0952; 170; 503; 
567; 0; 1738.0631; 170; 503.2; 
567; 0; 1738.0629; 170; 503.4; 
567; 0; 1738.0629; 170; 503.6; 
567; 0; 1737.0308; 170; 503.8; 
567; 0; 1737.0308; 170; 504; 
567; 0; 1737.0307; 170; 504.2; 
567; 0; 1737.0308; 170; 504.4; 
567; 0; 1735.9988; 170; 504.6; 
567; 0; 1735.9989; 170; 504.8; 
567; 0; 1748.7232; 170; 505; 
567; 0; 1748.7233; 170; 505.2; 
567; 0; 1748.7233; 170; 505.4; 
567; 0; 1747.7015; 170; 505.6; 
567; 0; 1747.7016; 170; 505.8; 
567; 0; 1747.7016; 170; 506; 
567; 0; 1746.6797; 170; 506.2; 
567; 0; 1746.6798; 170; 506.4; 
567; 0; 1746.6798; 170; 506.6; 
567; 0; 1745.6579; 170; 506.8; 
567; 0; 1745.6579; 170; 507; 
567; 0; 1744.6359; 170; 507.2; 
567; 0; 1744.6358; 170; 507.4; 
567; 0; 1743.6139; 170; 507.6; 
567; 0; 1743.6138; 170; 507.8; 
567; 0; 1742.592; 170; 508; 
567; 0; 1742.5921; 170; 508.2; 
567; 0; 1741.5703; 170; 508.4; 
567; 0; 1741.5705; 170; 508.6; 
567; 0; 1741.5707; 170; 508.8; 
567; 0; 1740.5489; 170; 509; 
567; 0; 1740.549; 170; 509.2; 
567; 0; 1739.5272; 170; 509.4; 
567; 0; 1739.5272; 170; 509.6; 
567; 0; 1739.5271; 170; 509.8; 
567; 0; 1738.5052; 170; 510; 
567; 0; 1738.5052; 170; 510.2; 
567; 0; 1738.5053; 170; 510.4; 
567; 0; 1737.4834; 170; 510.6; 
567; 0; 1737.4834; 170; 510.8; 
567; 0; 1737.4835; 170; 511; 
567; 0; 1737.4834; 170; 511.2; 
567; 0; 1736.4615; 170; 511.4; 
567; 0; 1736.4615; 170; 511.6; 
567; 0; 1736.4615; 170; 511.8; 
567; 0; 1736.4615; 170; 512; 
567; 0; 1736.4616; 170; 512.2; 
567; 0; 1736.4616; 170; 512.4; 
567; 0; 1735.4398; 170; 512.6; 
567; 0; 1735.4398; 170; 512.8; 
567; 0; 1735.4399; 170; 513; 
567; 0; 1735.4399; 170; 513.2; 
567; 0; 1735.44; 170; 513.4; 
567; 0; 1735.44; 170; 513.6; 
567; 0; 1735.4401; 170; 513.8; 
567; 0; 1735.4401; 170; 514; 
567; 0; 1735.4402; 170; 514.2; 
567; 0; 1734.4183; 170; 514.4; 
567; 0; 1734.4183; 170; 514.6; 
567; 0; 1734.4183; 170; 514.8; 
567; 0; 1734.4183; 170; 515; 
567; 0; 1734.4183; 170; 515.2; 
567; 0; 1734.4183; 170; 515.4; 
567; 0; 1734.4183; 170; 515.6; 
567; 0; 1734.4183; 170; 515.8; 
567; 0; 1734.4182; 170; 516; 
567; 0; 1734.4182; 170; 516.2; 
567; 0; 1734.4182; 170; 516.4; 
567; 0; 1734.4182; 170; 516.6; 
567; 0; 1734.4182; 170; 516.8; 
567; 0; 1734.4183; 170; 517; 
567; 0; 1734.4183; 170; 517.2; 
567; 0; 1734.4184; 170; 517.4; 
567; 0; 1734.4184; 170; 517.6; 
567; 0; 1734.4185; 170; 517.8; 
567; 0; 1734.4185; 170; 518; 
567; 0; 1733.3967; 170; 518.2; 
567; 0; 1733.3967; 170; 518.4; 
567; 0; 1733.3967; 170; 518.6; 
567; 0; 1733.3967; 170; 518.8; 
567; 0; 1733.3968; 170; 519; 
567; 0; 1733.3968; 170; 519.2; 
567; 0; 1733.3967; 170; 519.4; 
567; 0; 1733.3967; 170; 519.6; 
567; 0; 1733.3966; 170; 519.8; 
567; 0; 1733.3966; 170; 520; 
567; 0; 1733.3966; 170; 520.2; 
567; 0; 1733.3966; 170; 520.4; 
567; 0; 1733.3966; 170; 520.6; 
567; 0; 1733.3966; 170; 520.8; 
567; 0; 1733.3966; 170; 521; 
567; 0; 1733.3966; 170; 521.2; 
567; 0; 1733.3967; 170; 521.4; 
567; 0; 1733.3967; 170; 521.6; 
567; 0; 1733.3968; 170; 521.8; 
567; 0; 1733.3968; 170; 522; 
567; 0; 1733.3969; 170; 522.2; 
567; 0; 1733.3969; 170; 522.4; 
567; 0; 1733.397; 170; 522.6; 
567; 0; 1733.397; 170; 522.8; 
567; 0; 1733.397; 170; 523; 
567; 0; 1733.3969; 170; 523.2; 
567; 0; 1733.3969; 170; 523.4; 
567; 0; 1733.3969; 170; 523.6; 
567; 0; 1733.3969; 170; 523.8; 
567; 0; 1733.3969; 170; 524; 
567; 0; 1733.397; 170; 524.2; 
567; 0; 1733.397; 170; 524.4; 
567; 0; 1733.397; 170; 524.6; 
567; 0; 1733.3971; 170; 524.8; 
567; 0; 1733.3971; 170; 525; 
567; 0; 1733.397; 170; 525.2; 
567; 0; 1733.397; 170; 525.4; 
567; 0; 1733.397; 170; 525.6; 
567; 0; 1733.3969; 170; 525.8; 
567; 0; 1733.397; 170; 526; 
567; 0; 1733.397; 170; 526.2; 
567; 0; 1733.397; 170; 526.4; 
567; 0; 1733.3971; 170; 526.6; 
567; 0; 1733.3971; 170; 526.8; 
567; 0; 1733.3971; 170; 527; 
567; 0; 1733.3971; 170; 527.2; 
567; 0; 1733.3971; 170; 527.4; 
567; 0; 1733.3972; 170; 527.6; 
567; 0; 1733.3972; 170; 527.8; 
567; 0; 1733.3972; 170; 528; 
567; 0; 1733.3972; 170; 528.2; 
567; 0; 1733.3972; 170; 528.4; 
567; 0; 1733.3972; 170; 528.6; 
567; 0; 1732.4117; 170; 528.8; 
567; 0; 1732.4117; 170; 529; 
567; 0; 1732.4118; 170; 529.2; 
567; 0; 1732.4118; 170; 529.4; 
567; 0; 1732.4118; 170; 529.6; 
567; 0; 1732.4118; 170; 529.8; 
567; 0; 1732.4118; 170; 530; 
567; 0; 1732.4118; 170; 530.2; 
567; 0; 1732.4118; 170; 530.4; 
567; 0; 1732.4118; 170; 530.6; 
567; 0; 1732.4118; 170; 530.8; 
567; 0; 1732.4118; 170; 531; 
567; 0; 1732.4118; 170; 531.2; 
567; 0; 1732.4119; 170; 531.4; 
567; 0; 1732.4119; 170; 531.6; 
567; 0; 1732.4119; 170; 531.8; 
567; 0; 1732.4119; 170; 532; 
567; 0; 1732.4119; 170; 532.2; 
567; 0; 1732.4119; 170; 532.4; 
567; 0; 1732.4119; 170; 532.6; 
567; 0; 1732.4119; 170; 532.8; 
567; 0; 1732.4119; 170; 533; 
567; 0; 1732.4119; 170; 533.2; 
567; 0; 1732.412; 170; 533.4; 
567; 0; 1732.412; 170; 533.6; 
567; 0; 1732.412; 170; 533.8; 
567; 0; 1732.412; 170; 534; 
567; 0; 1732.412; 170; 534.2; 
567; 0; 1732.412; 170; 534.4; 
567; 0; 1732.412; 170; 534.6; 
567; 0; 1732.412; 170; 534.8; 
567; 0; 1732.412; 170; 535; 
567; 0; 1732.412; 170; 535.2; 
567; 0; 1732.412; 170; 535.4; 
567; 0; 1732.412; 170; 535.6; 
567; 0; 1732.412; 170; 535.8; 
567; 0; 1732.412; 170; 536; 
567; 0; 1732.412; 170; 536.2; 
567; 0; 1732.412; 170; 536.4; 
567; 0; 1732.412; 170; 536.6; 
567; 0; 1732.412; 170; 536.8; 
567; 0; 1732.412; 170; 537; 
567; 0; 1732.4121; 170; 537.2; 
567; 0; 1732.4121; 170; 537.4; 
567; 0; 1732.4121; 170; 537.6; 
567; 0; 1732.4121; 170; 537.8; 
567; 0; 1732.4121; 170; 538; 
567; 0; 1732.4121; 170; 538.2; 
567; 0; 1732.4121; 170; 538.4; 
567; 0; 1732.4121; 170; 538.6; 
567; 0; 1733.3976; 170; 538.8; 
567; 0; 1733.3975; 170; 539; 
567; 0; 1733.3973; 170; 539.2; 
567; 0; 1733.3966; 170; 539.4; 
567; 0; 1734.4169; 170; 539.6; 
567; 0; 1734.4136; 170; 539.8; 
567; 0; 1734.4083; 170; 540; 
567; 0; 1734.4006; 170; 540.2; 
567; 0; 1734.3909; 170; 540.4; 
567; 0; 1734.3794; 170; 540.6; 
567; 0; 1736.4105; 170; 540.8; 
567; 0; 1737.4196; 170; 541; 
567; 0; 1740.4731; 170; 541.2; 
567; 0; 1744.5503; 170; 541.4; 
567; 0; 1737.9676; 170; 541.6; 
567; 0; 1744.1562; 170; 541.8; 
567; 0; 1750.3493; 170; 542; 
567; 0; 1757.5792; 170; 542.2; 
567; 0; 1764.814; 170; 542.4; 
567; 0; 1771.0211; 170; 542.6; 
567; 0; 1776.1994; 170; 542.8; 
567; 0; 1779.3151; 170; 543; 
567; 0; 1782.4304; 170; 543.2; 
567; 0; 1783.4785; 170; 543.4; 
567; 0; 1783.4888; 170; 543.6; 
567; 0; 1782.463; 170; 543.8; 
567; 0; 1781.4325; 170; 544; 
567; 0; 1779.3655; 170; 544.2; 
567; 0; 1777.2948; 170; 544.4; 
567; 0; 1775.2213; 170; 544.6; 
567; 0; 1774.1766; 170; 544.8; 
567; 0; 1773.1311; 170; 545; 
567; 0; 1773.119; 170; 545.2; 
567; 0; 1774.1415; 170; 545.4; 
567; 0; 1776.1995; 170; 545.6; 
567; 0; 1778.2618; 170; 545.8; 
567; 0; 1780.3283; 170; 546; 
567; 0; 1782.3987; 170; 546.2; 
567; 0; 1784.4722; 170; 546.4; 
567; 0; 1785.5156; 170; 546.6; 
567; 0; 1785.5275; 170; 546.8; 
567; 0; 1785.5385; 170; 547; 
567; 0; 1784.5139; 170; 547.2; 
567; 0; 1782.4547; 170; 547.4; 
567; 0; 1780.393; 170; 547.6; 
567; 0; 1778.3286; 170; 547.8; 
567; 0; 1776.262; 170; 548; 
567; 0; 1774.1937; 170; 548.2; 
567; 0; 1772.1243; 170; 548.4; 
567; 0; 1770.0538; 170; 548.6; 
567; 0; 1769.0155; 170; 548.8; 
567; 0; 1767.9784; 170; 549; 
567; 0; 1766.943; 170; 549.2; 
567; 0; 1766.9414; 170; 549.4; 
567; 0; 1766.9418; 170; 549.6; 
567; 0; 1766.9438; 170; 549.8; 
567; 0; 1765.915; 170; 550; 
567; 0; 1765.9188; 170; 550.2; 
567; 0; 1764.8907; 170; 550.4; 
567; 0; 1764.8944; 170; 550.6; 
567; 0; 1763.8654; 170; 550.8; 
567; 0; 1762.8352; 170; 551; 
567; 0; 1761.8042; 170; 551.2; 
567; 0; 1759.7402; 170; 551.4; 
567; 0; 1758.7078; 170; 551.6; 
567; 0; 1757.6748; 170; 551.8; 
567; 0; 1756.6416; 170; 552; 
567; 0; 1755.608; 170; 552.2; 
567; 0; 1754.5745; 170; 552.4; 
567; 0; 1753.5414; 170; 552.6; 
567; 0; 1753.5406; 170; 552.8; 
567; 0; 1752.5083; 170; 553; 
567; 0; 1751.4764; 170; 553.2; 
567; 0; 1751.4769; 170; 553.4; 
567; 0; 1750.4456; 170; 553.6; 
567; 0; 1750.4466; 170; 553.8; 
567; 0; 1749.4154; 170; 554; 
567; 0; 1749.4161; 170; 554.2; 
567; 0; 1748.3847; 170; 554.4; 
567; 0; 1747.353; 170; 554.6; 
567; 0; 1747.3532; 170; 554.8; 
567; 0; 1746.3212; 170; 555; 
567; 0; 1746.3212; 170; 555.2; 
567; 0; 1745.2891; 170; 555.4; 
567; 0; 1745.289; 170; 555.6; 
567; 0; 1744.2569; 170; 555.8; 
567; 0; 1744.2568; 170; 556; 
567; 0; 1743.2247; 170; 556.2; 
567; 0; 1743.2248; 170; 556.4; 
567; 0; 1742.1928; 170; 556.6; 
567; 0; 1742.1929; 170; 556.8; 
567; 0; 1742.1931; 170; 557; 
567; 0; 1741.1612; 170; 557.2; 
567; 0; 1741.1614; 170; 557.4; 
567; 0; 1741.1615; 170; 557.6; 
567; 0; 1740.1296; 170; 557.8; 
567; 0; 1740.1297; 170; 558; 
567; 0; 1740.1299; 170; 558.2; 
567; 0; 1739.0979; 170; 558.4; 
567; 0; 1739.0979; 170; 558.6; 
567; 0; 1739.098; 170; 558.8; 
567; 0; 1738.0659; 170; 559; 
567; 0; 1738.0659; 170; 559.2; 
567; 0; 1738.066; 170; 559.4; 
567; 0; 1738.066; 170; 559.6; 
567; 0; 1737.034; 170; 559.8; 
567; 0; 1737.034; 170; 560; 
567; 0; 1737.0341; 170; 560.2; 
567; 0; 1737.0341; 170; 560.4; 
567; 0; 1737.0342; 170; 560.6; 
567; 0; 1736.0022; 170; 560.8; 
567; 0; 1736.0023; 170; 561; 
567; 0; 1748.7264; 170; 561.2; 
567; 0; 1748.7264; 170; 561.4; 
567; 0; 1748.7265; 170; 561.6; 
567; 0; 1747.7046; 170; 561.8; 
567; 0; 1747.7047; 170; 562; 
567; 0; 1747.7047; 170; 562.2; 
567; 0; 1746.6828; 170; 562.4; 
567; 0; 1746.6828; 170; 562.6; 
567; 0; 1745.6609; 170; 562.8; 
567; 0; 1745.661; 170; 563; 
567; 0; 1744.6391; 170; 563.2; 
567; 0; 1744.6392; 170; 563.4; 
567; 0; 1743.6173; 170; 563.6; 
567; 0; 1743.6174; 170; 563.8; 
567; 0; 1742.5956; 170; 564; 
567; 0; 1742.5956; 170; 564.2; 
567; 0; 1741.5738; 170; 564.4; 
567; 0; 1741.5739; 170; 564.6; 
567; 0; 1741.5739; 170; 564.8; 
567; 0; 1740.5521; 170; 565; 
567; 0; 1740.5521; 170; 565.2; 
567; 0; 1739.5302; 170; 565.4; 
567; 0; 1739.5302; 170; 565.6; 
567; 0; 1738.5082; 170; 565.8; 
567; 0; 1738.5083; 170; 566; 
567; 0; 1738.5083; 170; 566.2; 
567; 0; 1737.4865; 170; 566.4; 
567; 0; 1737.4865; 170; 566.6; 
567; 0; 1737.4866; 170; 566.8; 
567; 0; 1736.4648; 170; 567; 
567; 0; 1736.4649; 170; 567.2; 
567; 0; 1736.465; 170; 567.4; 
567; 0; 1736.465; 170; 567.6; 
567; 0; 1735.4431; 170; 567.8; 
567; 0; 1735.4431; 170; 568; 
567; 0; 1735.4431; 170; 568.2; 
567; 0; 1735.4431; 170; 568.4; 
567; 0; 1734.4213; 170; 568.6; 
567; 0; 1734.4213; 170; 568.8; 
567; 0; 1734.4212; 170; 569; 
567; 0; 1734.4212; 170; 569.2; 
567; 0; 1734.4212; 170; 569.4; 
567; 0; 1734.4213; 170; 569.6; 
567; 0; 1733.3994; 170; 569.8; 
567; 0; 1733.3994; 170; 570; 
567; 0; 1733.3995; 170; 570.2; 
567; 0; 1733.3995; 170; 570.4; 
567; 0; 1733.3995; 170; 570.6; 
567; 0; 1733.3996; 170; 570.8; 
567; 0; 1733.3996; 170; 571; 
567; 0; 1733.3996; 170; 571.2; 
567; 0; 1733.3996; 170; 571.4; 
567; 0; 1733.3996; 170; 571.6; 
567; 0; 1732.4138; 170; 571.8; 
567; 0; 1732.4138; 170; 572; 
567; 0; 1732.4138; 170; 572.2; 
567; 0; 1732.4138; 170; 572.4; 
567; 0; 1732.4138; 170; 572.6; 
567; 0; 1732.4138; 170; 572.8; 
567; 0; 1732.4138; 170; 573; 
567; 0; 1732.4139; 170; 573.2; 
567; 0; 1732.4139; 170; 573.4; 
567; 0; 1732.414; 170; 573.6; 
567; 0; 1732.4141; 170; 573.8; 
567; 0; 1732.4141; 170; 574; 
567; 0; 1732.4141; 170; 574.2; 
567; 0; 1732.4141; 170; 574.4; 
567; 0; 1732.414; 170; 574.6; 
567; 0; 1732.414; 170; 574.8; 
567; 0; 1732.414; 170; 575; 
567; 0; 1732.414; 170; 575.2; 
567; 0; 1732.414; 170; 575.4; 
567; 0; 1732.414; 170; 575.6; 
567; 0; 1732.414; 170; 575.8; 
567; 0; 1731.5112; 170; 576; 
567; 0; 1731.5112; 170; 576.2; 
567; 0; 1731.5113; 170; 576.4; 
567; 0; 1731.5113; 170; 576.6; 
567; 0; 1731.5114; 170; 576.8; 
567; 0; 1731.5114; 170; 577; 
567; 0; 1731.5113; 170; 577.2; 
567; 0; 1731.5113; 170; 577.4; 
567; 0; 1731.5113; 170; 577.6; 
567; 0; 1731.5112; 170; 577.8; 
567; 0; 1731.5112; 170; 578; 
567; 0; 1731.5112; 170; 578.2; 
567; 0; 1731.5112; 170; 578.4; 
567; 0; 1731.5112; 170; 578.6; 
567; 0; 1731.5112; 170; 578.8; 
567; 0; 1731.5112; 170; 579; 
567; 0; 1731.5112; 170; 579.2; 
567; 0; 1731.5112; 170; 579.4; 
567; 0; 1731.5113; 170; 579.6; 
567; 0; 1731.5113; 170; 579.8; 
567; 0; 1731.5113; 170; 580; 
567; 0; 1731.5113; 170; 580.2; 
567; 0; 1731.5114; 170; 580.4; 
567; 0; 1731.5114; 170; 580.6; 
567; 0; 1731.5114; 170; 580.8; 
567; 0; 1731.5114; 170; 581; 
567; 0; 1731.5114; 170; 581.2; 
567; 0; 1731.5114; 170; 581.4; 
567; 0; 1731.5113; 170; 581.6; 
567; 0; 1731.5113; 170; 581.8; 
567; 0; 1731.5113; 170; 582; 
567; 0; 1731.5113; 170; 582.2; 
567; 0; 1731.5113; 170; 582.4; 
567; 0; 1731.5113; 170; 582.6; 
567; 0; 1731.5113; 170; 582.8; 
567; 0; 1731.5114; 170; 583; 
567; 0; 1731.5114; 170; 583.2; 
567; 0; 1731.5114; 170; 583.4; 
567; 0; 1731.5114; 170; 583.6; 
567; 0; 1731.5114; 170; 583.8; 
567; 0; 1731.5114; 170; 584; 
567; 0; 1731.5114; 170; 584.2; 
567; 0; 1731.5114; 170; 584.4; 
567; 0; 1731.5114; 170; 584.6; 
567; 0; 1732.4142; 170; 584.8; 
567; 0; 1732.4136; 170; 585; 
567; 0; 1732.4125; 170; 585.2; 
567; 0; 1732.4104; 170; 585.4; 
567; 0; 1733.3907; 170; 585.6; 
567; 0; 1733.3834; 170; 585.8; 
567; 0; 1732.3905; 170; 586; 
567; 0; 1733.3602; 170; 586.2; 
567; 0; 1733.3456; 170; 586.4; 
567; 0; 1735.3745; 170; 586.6; 
567; 0; 1739.4481; 170; 586.8; 
567; 0; 1743.5243; 170; 587; 
567; 0; 1736.9313; 170; 587.2; 
567; 0; 1744.1525; 170; 587.4; 
567; 0; 1751.3789; 170; 587.6; 
567; 0; 1759.6421; 170; 587.8; 
567; 0; 1765.8456; 170; 588; 
567; 0; 1772.0519; 170; 588.2; 
567; 0; 1777.2278; 170; 588.4; 
567; 0; 1780.3396; 170; 588.6; 
567; 0; 1783.4498; 170; 588.8; 
567; 0; 1785.5252; 170; 589; 
567; 0; 1785.5329; 170; 589.2; 
567; 0; 1786.5686; 170; 589.4; 
567; 0; 1786.5685; 170; 589.6; 
567; 0; 1785.5331; 170; 589.8; 
567; 0; 1785.5277; 170; 590; 
567; 0; 1786.5535; 170; 590.2; 
567; 0; 1786.5479; 170; 590.4; 
567; 0; 1787.576; 170; 590.6; 
567; 0; 1789.6389; 170; 590.8; 
567; 0; 1790.6727; 170; 591; 
567; 0; 1791.7097; 170; 591.2; 
567; 0; 1792.7491; 170; 591.4; 
567; 0; 1792.7581; 170; 591.6; 
567; 0; 1792.767; 170; 591.8; 
567; 0; 1791.7421; 170; 592; 
567; 0; 1789.6838; 170; 592.2; 
567; 0; 1787.6235; 170; 592.4; 
567; 0; 1785.5609; 170; 592.6; 
567; 0; 1782.4639; 170; 592.8; 
567; 0; 1779.365; 170; 593; 
567; 0; 1777.2967; 170; 593.2; 
567; 0; 1774.1957; 170; 593.4; 
567; 0; 1772.1266; 170; 593.6; 
567; 0; 1770.0579; 170; 593.8; 
567; 0; 1769.0214; 170; 594; 
567; 0; 1766.9544; 170; 594.2; 
567; 0; 1765.9211; 170; 594.4; 
567; 0; 1765.9213; 170; 594.6; 
567; 0; 1764.8908; 170; 594.8; 
567; 0; 1763.8611; 170; 595; 
567; 0; 1762.8318; 170; 595.2; 
567; 0; 1761.8024; 170; 595.4; 
567; 0; 1760.7723; 170; 595.6; 
567; 0; 1759.7418; 170; 595.8; 
567; 0; 1757.6786; 170; 596; 
567; 0; 1756.647; 170; 596.2; 
567; 0; 1755.6148; 170; 596.4; 
567; 0; 1754.5823; 170; 596.6; 
567; 0; 1752.5174; 170; 596.8; 
567; 0; 1751.4845; 170; 597; 
567; 0; 1750.4515; 170; 597.2; 
567; 0; 1749.4187; 170; 597.4; 
567; 0; 1748.3862; 170; 597.6; 
567; 0; 1748.3859; 170; 597.8; 
567; 0; 1747.3538; 170; 598; 
567; 0; 1746.3219; 170; 598.2; 
567; 0; 1746.3222; 170; 598.4; 
567; 0; 1745.2906; 170; 598.6; 
567; 0; 1745.2911; 170; 598.8; 
567; 0; 1744.2595; 170; 599; 
567; 0; 1743.2277; 170; 599.2; 
567; 0; 1743.228; 170; 599.4; 
567; 0; 1742.1961; 170; 599.6; 
567; 0; 1742.1962; 170; 599.8; 
567; 0; 1741.164; 170; 600; 
567; 0; 1741.164; 170; 600.2; 
567; 0; 1740.1318; 170; 600.4; 
567; 0; 1740.1318; 170; 600.6; 
567; 0; 1739.0997; 170; 600.8; 
567; 0; 1739.0998; 170; 601; 
567; 0; 1739.0998; 170; 601.2; 
567; 0; 1738.0679; 170; 601.4; 
567; 0; 1738.068; 170; 601.6; 
567; 0; 1738.0681; 170; 601.8; 
567; 0; 1737.0361; 170; 602; 
567; 0; 1737.0362; 170; 602.2; 
567; 0; 1737.0363; 170; 602.4; 
567; 0; 1736.0043; 170; 602.6; 
567; 0; 1736.0043; 170; 602.8; 
567; 0; 1748.7283; 170; 603; 
567; 0; 1748.7283; 170; 603.2; 
567; 0; 1747.7064; 170; 603.4; 
567; 0; 1747.7065; 170; 603.6; 
567; 0; 1747.7064; 170; 603.8; 
567; 0; 1746.6845; 170; 604; 
567; 0; 1746.6845; 170; 604.2; 
567; 0; 1746.6845; 170; 604.4; 
567; 0; 1745.6627; 170; 604.6; 
567; 0; 1745.6628; 170; 604.8; 
567; 0; 1744.6409; 170; 605; 
567; 0; 1744.641; 170; 605.2; 
567; 0; 1743.6192; 170; 605.4; 
567; 0; 1742.5974; 170; 605.6; 
567; 0; 1742.5975; 170; 605.8; 
567; 0; 1741.5757; 170; 606; 
567; 0; 1741.5757; 170; 606.2; 
567; 0; 1740.5539; 170; 606.4; 
567; 0; 1740.5539; 170; 606.6; 
567; 0; 1739.5321; 170; 606.8; 
567; 0; 1739.5321; 170; 607; 
567; 0; 1738.5103; 170; 607.2; 
567; 0; 1738.5104; 170; 607.4; 
567; 0; 1738.5104; 170; 607.6; 
567; 0; 1737.4885; 170; 607.8; 
567; 0; 1737.4884; 170; 608; 
567; 0; 1736.4665; 170; 608.2; 
567; 0; 1736.4664; 170; 608.4; 
567; 0; 1736.4664; 170; 608.6; 
567; 0; 1735.4445; 170; 608.8; 
567; 0; 1735.4446; 170; 609; 
567; 0; 1735.4447; 170; 609.2; 
567; 0; 1735.4448; 170; 609.4; 
567; 0; 1734.423; 170; 609.6; 
567; 0; 1734.423; 170; 609.8; 
567; 0; 1734.4231; 170; 610; 
567; 0; 1734.4231; 170; 610.2; 
567; 0; 1733.4012; 170; 610.4; 
567; 0; 1733.4012; 170; 610.6; 
567; 0; 1733.4012; 170; 610.8; 
567; 0; 1733.4012; 170; 611; 
567; 0; 1733.4013; 170; 611.2; 
567; 0; 1733.4013; 170; 611.4; 
567; 0; 1733.4014; 170; 611.6; 
567; 0; 1732.4155; 170; 611.8; 
567; 0; 1732.4155; 170; 612; 
567; 0; 1732.4155; 170; 612.2; 
567; 0; 1732.4155; 170; 612.4; 
567; 0; 1732.4154; 170; 612.6; 
567; 0; 1732.4154; 170; 612.8; 
567; 0; 1732.4154; 170; 613; 
567; 0; 1732.4154; 170; 613.2; 
567; 0; 1732.4155; 170; 613.4; 
567; 0; 1732.4155; 170; 613.6; 
567; 0; 1731.5126; 170; 613.8; 
567; 0; 1731.5126; 170; 614; 
567; 0; 1731.5126; 170; 614.2; 
567; 0; 1731.5126; 170; 614.4; 
567; 0; 1731.5127; 170; 614.6; 
567; 0; 1731.5127; 170; 614.8; 
567; 0; 1731.5126; 170; 615; 
567; 0; 1731.5126; 170; 615.2; 
567; 0; 1731.5126; 170; 615.4; 
567; 0; 1731.5126; 170; 615.6; 
567; 0; 1731.5126; 170; 615.8; 
567; 0; 1731.5127; 170; 616; 
567; 0; 1731.5128; 170; 616.2; 
567; 0; 1731.5128; 170; 616.4; 
567; 0; 1731.5128; 170; 616.6; 
567; 0; 1731.5129; 170; 616.8; 
567; 0; 1731.5129; 170; 617; 
567; 0; 1731.5129; 170; 617.2; 
567; 0; 1731.5129; 170; 617.4; 
567; 0; 1730.61; 170; 617.6; 
567; 0; 1730.61; 170; 617.8; 
567; 0; 1730.6099; 170; 618; 
567; 0; 1730.6099; 170; 618.2; 
567; 0; 1730.6098; 170; 618.4; 
567; 0; 1730.6098; 170; 618.6; 
567; 0; 1730.6098; 170; 618.8; 
567; 0; 1730.6098; 170; 619; 
567; 0; 1730.6099; 170; 619.2; 
567; 0; 1730.6099; 170; 619.4; 
567; 0; 1730.6099; 170; 619.6; 
567; 0; 1730.6099; 170; 619.8; 
567; 0; 1730.61; 170; 620; 
567; 0; 1730.61; 170; 620.2; 
567; 0; 1730.61; 170; 620.4; 
567; 0; 1730.6101; 170; 620.6; 
567; 0; 1730.61; 170; 620.8; 
567; 0; 1730.61; 170; 621; 
567; 0; 1730.61; 170; 621.2; 
567; 0; 1730.61; 170; 621.4; 
567; 0; 1730.61; 170; 621.6; 
567; 0; 1730.61; 170; 621.8; 
567; 0; 1730.61; 170; 622; 
567; 0; 1730.61; 170; 622.2; 
567; 0; 1730.61; 170; 622.4; 
567; 0; 1730.61; 170; 622.6; 
567; 0; 1730.6099; 170; 622.8; 
567; 0; 1730.61; 170; 623; 
567; 0; 1730.61; 170; 623.2; 
567; 0; 1730.61; 170; 623.4; 
567; 0; 1730.6101; 170; 623.6; 
567; 0; 1730.6101; 170; 623.8; 
567; 0; 1730.6101; 170; 624; 
567; 0; 1730.6101; 170; 624.2; 
567; 0; 1730.6101; 170; 624.4; 
567; 0; 1730.6101; 170; 624.6; 
567; 0; 1730.61; 170; 624.8; 
567; 0; 1730.61; 170; 625; 
567; 0; 1730.61; 170; 625.2; 
567; 0; 1730.61; 170; 625.4; 
567; 0; 1730.61; 170; 625.6; 
567; 0; 1730.6101; 170; 625.8; 
567; 0; 1730.6101; 170; 626; 
567; 0; 1730.6102; 170; 626.2; 
567; 0; 1730.6102; 170; 626.4; 
567; 0; 1730.6102; 170; 626.6; 
567; 0; 1730.6102; 170; 626.8; 
567; 0; 1730.6101; 170; 627; 
567; 0; 1730.6101; 170; 627.2; 
567; 0; 1730.61; 170; 627.4; 
567; 0; 1730.6099; 170; 627.6; 
567; 0; 1730.6099; 170; 627.8; 
567; 0; 1730.61; 170; 628; 
567; 0; 1730.61; 170; 628.2; 
567; 0; 1730.6101; 170; 628.4; 
567; 0; 1730.6101; 170; 628.6; 
567; 0; 1730.6102; 170; 628.8; 
567; 0; 1730.6103; 170; 629; 
567; 0; 1730.6103; 170; 629.2; 
567; 0; 1730.6103; 170; 629.4; 
567; 0; 1729.7073; 170; 629.6; 
567; 0; 1729.7072; 170; 629.8; 
567; 0; 1729.7072; 0; 630; 
567; 0; 0; 0; 630.2; 
567; 0; 0; 0; 630.4; 
567; 0; 0; 0; 630.6; 
567; 0; 0; 0; 630.8; 
567; 0; 0; 0; 631; 
567; 0; 0; 0; 631.2; 
567; 0; 0; 0; 631.4; 
567; 0; 0; 0; 631.6; 
567; 0; 0; 0; 631.8; 
567; 0; 0; 0; 632; 
567; 0; 0; 0; 632.2; 
567; 0; 0; 0; 632.4; 
567; 0; 0; 0; 632.6; 
567; 0; 0; 0; 632.8; 
567; 0; 0; 0; 633; 
567; 0; 0; 0; 633.2; 
567; 0; 0; 0; 633.4; 
567; 0; 0; 0; 633.6; 
567; 0; 0; 0; 633.8; 
567; 0; 0; 0; 634; 
567; 0; 0; 0; 634.2; 
567; 0; 0; 0; 634.4; 
567; 0; 0; 0; 634.6; 
567; 0; 0; 0; 634.8; 
567; 0; 0; 0; 635; 
567; 0; 0; 0; 635.2; 
567; 0; 0; 0; 635.4; 
567; 0; 0; 0; 635.6; 
567; 0; 0; 0; 635.8; 
567; 0; 0; 0; 636; 
567; 0; 0; 0; 636.2; 
567; 0; 0; 0; 636.4; 
567; 0; 0; 0; 636.6; 
567; 0; 0; 0; 636.8; 
567; 0; 0; 0; 637; 
567; 0; 0; 0; 637.2; 
567; 0; 0; 0; 637.4; 
567; 0; 0; 0; 637.6; 
567; 0; 0; 0; 637.8; 
567; 0; 0; 0; 638; 
567; 0; 0; 0; 638.2; 
567; 0; 0; 0; 638.4; 
567; 0; 0; 0; 638.6; 
567; 0; 0; 0; 638.8; 
567; 0; 0; 0; 639; 
567; 0; 0; 0; 639.2; 
567; 0; 0; 0; 639.4; 
567; 0; 0; 0; 639.6; 
567; 0; 0; 0; 639.8; 
567; 0; 0; 0; 640; 
567; 0; 0; 0; 640.2; 
567; 0; 0; 0; 640.4; 
567; 0; 0; 0; 640.6; 
567; 0; 0; 0; 640.8; 
567; 0; 0; 0; 641; 
567; 0; 0; 0; 641.2; 
567; 0; 0; 0; 641.4; 
567; 0; 0; 0; 641.6; 
567; 0; 0; 0; 641.8; 
567; 0; 0; 0; 642; 
567; 0; 0; 0; 642.2; 
567; 0; 0; 0; 642.4; 
567; 0; 0; 0; 642.6; 
567; 0; 0; 0; 642.8; 
567; 0; 0; 0; 643; 
567; 0; 0; 0; 643.2; 
567; 0; 0; 0; 643.4; 
567; 0; 0; 0; 643.6; 
567; 0; 0; 0; 643.8; 
567; 0; 0; 0; 644; 
567; 0; 0; 0; 644.2; 
567; 0; 0; 0; 644.4; 
567; 0; 0; 0; 644.6; 
567; 0; 0; 0; 644.8; 
567; 0; 0; 0; 645; 
567; 0; 0; 0; 645.2; 
567; 0; 0; 0; 645.4; 
567; 0; 0; 0; 645.6; 
567; 0; 0; 0; 645.8; 
567; 0; 0; 0; 646; 
567; 0; 0; 0; 646.2; 
567; 0; 0; 0; 646.4; 
567; 0; 0; 0; 646.6; 
567; 0; 0; 0; 646.8; 
567; 0; 0; 0; 647; 
567; 0; 0; 0; 647.2; 
567; 0; 0; 0; 647.4; 
567; 0; 0; 0; 647.6; 
567; 0; 0; 0; 647.8; 
567; 0; 0; 0; 648; 
567; 0; 0; 0; 648.2; 
567; 0; 0; 0; 648.4; 
567; 0; 0; 0; 648.6; 
567; 0; 0; 0; 648.8; 
567; 0; 0; 0; 649; 
567; 0; 0; 0; 649.2; 
567; 0; 0; 0; 649.4; 
567; 0; 0; 0; 649.6; 
567; 0; 0; 0; 649.8; 
567; 0; 0; 0; 650; 
567; 0; 0; 0; 650.2; 
567; 0; 0; 0; 650.4; 
567; 0; 0; 0; 650.6; 
567; 0; 0; 0; 650.8; 
567; 0; 0; 0; 651; 
567; 0; 0; 0; 651.2; 
567; 0; 0; 0; 651.4; 
567; 0; 0; 0; 651.6; 
567; 0; 0; 0; 651.8; 
567; 0; 0; 0; 652; 
567; 0; 0; 0; 652.2; 
567; 0; 0; 0; 652.4; 
567; 0; 0; 0; 652.6; 
567; 0; 0; 0; 652.8; 
567; 0; 0; 0; 653; 
567; 0; 0; 0; 653.2; 
567; 0; 0; 0; 653.4; 
567; 0; 0; 0; 653.6; 
567; 0; 0; 0; 653.8; 
567; 0; 0; 0; 654; 
567; 0; 0; 0; 654.2; 
567; 0; 0; 0; 654.4; 
567; 0; 0; 0; 654.6; 
567; 0; 0; 0; 654.8; 
567; 0; 0; 0; 655; 
567; 0; 0; 0; 655.2; 
567; 0; 0; 0; 655.4; 
567; 0; 0; 0; 655.6; 
567; 0; 0; 0; 655.8; 
567; 0; 0; 0; 656; 
567; 0; 0; 0; 656.2; 
567; 0; 0; 0; 656.4; 
567; 0; 0; 0; 656.6; 
567; 0; 0; 0; 656.8; 
567; 0; 0; 0; 657; 
567; 0; 0; 0; 657.2; 
567; 0; 0; 0; 657.4; 
567; 0; 0; 0; 657.6; 
567; 0; 0; 0; 657.8; 
567; 0; 0; 0; 658; 
567; 0; 0; 0; 658.2; 
567; 0; 0; 0; 658.4; 
567; 0; 0; 0; 658.6; 
567; 0; 0; 0; 658.8; 
567; 0; 0; 0; 659; 
567; 0; 0; 0; 659.2; 
567; 0; 0; 0; 659.4; 
567; 0; 0; 0; 659.6; 
567; 0; 0; 0; 659.8; 
567; 0; 0; 0; 660; 
567; 0; 0; 0; 660.2; 
567; 0; 0; 0; 660.4; 
567; 0; 0; 0; 660.6; 
567; 0; 0; 0; 660.8; 
567; 0; 0; 0; 661; 
567; 0; 0; 0; 661.2; 
567; 0; 0; 0; 661.4; 
567; 0; 0; 0; 661.6; 
567; 0; 0; 0; 661.8; 
567; 0; 0; 0; 662; 
567; 0; 0; 0; 662.2; 
567; 0; 0; 0; 662.4; 
567; 0; 0; 0; 662.6; 
567; 0; 0; 0; 662.8; 
567; 0; 0; 0; 663; 
567; 0; 0; 0; 663.2; 
567; 0; 0; 0; 663.4; 
567; 0; 0; 0; 663.6; 
567; 0; 0; 0; 663.8; 
567; 0; 0; 0; 664; 
567; 0; 0; 0; 664.2; 
567; 0; 0; 0; 664.4; 
567; 0; 0; 0; 664.6; 
567; 0; 0; 0; 664.8; 
567; 0; 0; 0; 665; 
567; 0; 0; 0; 665.2; 
567; 0; 0; 0; 665.4; 
567; 0; 0; 0; 665.6; 
567; 0; 0; 0; 665.8; 
567; 0; 0; 0; 666; 
567; 0; 0; 0; 666.2; 
567; 0; 0; 0; 666.4; 
567; 0; 0; 0; 666.6; 
567; 0; 0; 0; 666.8; 
567; 0; 0; 0; 667; 
567; 0; 0; 0; 667.2; 
567; 0; 0; 0; 667.4; 
567; 0; 0; 0; 667.6; 
567; 0; 0; 0; 667.8; 
567; 0; 0; 0; 668; 
567; 0; 0; 0; 668.2; 
567; 0; 0; 0; 668.4; 
567; 0; 0; 0; 668.6; 
567; 0; 0; 0; 668.8; 
567; 0; 0; 0; 669; 
567; 0; 0; 0; 669.2; 
567; 0; 0; 0; 669.4; 
567; 0; 0; 0; 669.6; 
567; 0; 0; 0; 669.8; 
567; 0; 0; 0; 670; 
567; 0; 0; 0; 670.2; 
567; 0; 0; 0; 670.4; 
567; 0; 0; 0; 670.6; 
567; 0; 0; 0; 670.8; 
567; 0; 0; 0; 671; 
567; 0; 0; 0; 671.2; 
567; 0; 0; 0; 671.4; 
567; 0; 0; 0; 671.6; 
567; 0; 0; 0; 671.8; 
567; 0; 0; 0; 672; 
567; 0; 0; 0; 672.2; 
567; 0; 0; 0; 672.4; 
567; 0; 0; 0; 672.6; 
567; 0; 0; 0; 672.8; 
567; 0; 0; 0; 673; 
567; 0; 0; 0; 673.2; 
567; 0; 0; 0; 673.4; 
567; 0; 0; 0; 673.6; 
567; 0; 0; 0; 673.8; 
567; 0; 0; 0; 674; 
567; 0; 0; 0; 674.2; 
567; 0; 0; 0; 674.4; 
567; 0; 0; 0; 674.6; 
567; 0; 0; 0; 674.8; 
567; 0; 0; 0; 675; 
567; 0; 0; 0; 675.2; 
567; 0; 0; 0; 675.4; 
567; 0; 0; 0; 675.6; 
567; 0; 0; 0; 675.8; 
567; 0; 0; 0; 676; 
567; 0; 0; 0; 676.2; 
567; 0; 0; 0; 676.4; 
567; 0; 0; 0; 676.6; 
567; 0; 0; 0; 676.8; 
567; 0; 0; 0; 677; 
567; 0; 0; 0; 677.2; 
567; 0; 0; 0; 677.4; 
567; 0; 0; 0; 677.6; 
567; 0; 0; 0; 677.8; 
567; 0; 0; 0; 678; 
567; 0; 0; 0; 678.2; 
567; 0; 0; 0; 678.4; 
567; 0; 0; 0; 678.6; 
567; 0; 0; 0; 678.8; 
567; 0; 0; 0; 679; 
567; 0; 0; 0; 679.2; 
567; 0; 0; 0; 679.4; 
567; 0; 0; 0; 679.6; 
567; 0; 0; 0; 679.8; 
567; 0; 0; 0; 680; 
567; 0; 0; 0; 680.2; 
567; 0; 0; 0; 680.4; 
567; 0; 0; 0; 680.6; 
567; 0; 0; 0; 680.8; 
567; 0; 0; 0; 681; 
567; 0; 0; 0; 681.2; 
567; 0; 0; 0; 681.4; 
567; 0; 0; 0; 681.6; 
567; 0; 0; 0; 681.8; 
567; 0; 0; 0; 682; 
567; 0; 0; 0; 682.2; 
567; 0; 0; 0; 682.4; 
567; 0; 0; 0; 682.6; 
567; 0; 0; 0; 682.8; 
567; 0; 0; 0; 683; 
567; 0; 0; 0; 683.2; 
567; 0; 0; 0; 683.4; 
567; 0; 0; 0; 683.6; 
567; 0; 0; 0; 683.8; 
567; 0; 0; 0; 684; 
567; 0; 0; 0; 684.2; 
567; 0; 0; 0; 684.4; 
567; 0; 0; 0; 684.6; 
567; 0; 0; 0; 684.8; 
567; 0; 0; 0; 685; 
567; 0; 0; 0; 685.2; 
567; 0; 0; 0; 685.4; 
567; 0; 0; 0; 685.6; 
567; 0; 0; 0; 685.8; 
567; 0; 0; 0; 686; 
567; 0; 0; 0; 686.2; 
567; 0; 0; 0; 686.4; 
567; 0; 0; 0; 686.6; 
567; 0; 0; 0; 686.8; 
567; 0; 0; 0; 687; 
567; 0; 0; 0; 687.2; 
567; 0; 0; 0; 687.4; 
567; 0; 0; 0; 687.6; 
567; 0; 0; 0; 687.8; 
567; 0; 0; 0; 688; 
567; 0; 0; 0; 688.2; 
567; 0; 0; 0; 688.4; 
567; 0; 0; 0; 688.6; 
567; 0; 0; 0; 688.8; 
567; 0; 0; 0; 689; 
567; 0; 0; 0; 689.2; 
567; 0; 0; 0; 689.4; 
567; 0; 0; 0; 689.6; 
567; 0; 0; 0; 689.8; 
567; 0; 0; 0; 690; 
567; 0; 0; 0; 690.2; 
567; 0; 0; 0; 690.4; 
567; 0; 0; 0; 690.6; 
567; 0; 0; 0; 690.8; 
567; 0; 0; 0; 691; 
567; 0; 0; 0; 691.2; 
567; 0; 0; 0; 691.4; 
567; 0; 0; 0; 691.6; 
567; 0; 0; 0; 691.8; 
567; 0; 0; 0; 692; 
567; 0; 0; 0; 692.2; 
567; 0; 0; 0; 692.4; 
567; 0; 0; 0; 692.6; 
567; 0; 0; 0; 692.8; 
567; 0; 0; 0; 693; 
567; 0; 0; 0; 693.2; 
567; 0; 0; 0; 693.4; 
567; 0; 0; 0; 693.6; 
567; 0; 0; 0; 693.8; 
567; 0; 0; 0; 694; 
567; 0; 0; 0; 694.2; 
567; 0; 0; 0; 694.4; 
567; 0; 0; 0; 694.6; 
567; 0; 0; 0; 694.8; 
567; 0; 0; 0; 695; 
567; 0; 0; 0; 695.2; 
567; 0; 0; 0; 695.4; 
567; 0; 0; 0; 695.6; 
567; 0; 0; 0; 695.8; 
567; 0; 0; 0; 696; 
567; 0; 0; 0; 696.2; 
567; 0; 0; 0; 696.4; 
567; 0; 0; 0; 696.6; 
567; 0; 0; 0; 696.8; 
567; 0; 0; 0; 697; 
567; 0; 0; 0; 697.2; 
567; 0; 0; 0; 697.4; 
567; 0; 0; 0; 697.6; 
567; 0; 0; 0; 697.8; 
567; 0; 0; 0; 698; 
567; 0; 0; 0; 698.2; 
567; 0; 0; 0; 698.4; 
567; 0; 0; 0; 698.6; 
567; 0; 0; 0; 698.8; 
567; 0; 0; 0; 699; 
567; 0; 0; 0; 699.2; 
567; 0; 0; 0; 699.4; 
567; 0; 0; 0; 699.6; 
567; 0; 0; 0; 699.8; 
567; 0; 0; 0; 700; 
567; 0; 0; 0; 700.2; 
567; 0; 0; 0; 700.4; 
567; 0; 0; 0; 700.6; 
567; 0; 0; 0; 700.8; 
567; 0; 0; 0; 701; 
567; 0; 0; 0; 701.2; 
567; 0; 0; 0; 701.4; 
567; 0; 0; 0; 701.6; 
567; 0; 0; 0; 701.8; 
567; 0; 0; 0; 702; 
567; 0; 0; 0; 702.2; 
567; 0; 0; 0; 702.4; 
567; 0; 0; 0; 702.6; 
567; 0; 0; 0; 702.8; 
567; 0; 0; 0; 703; 
567; 0; 0; 0; 703.2; 
567; 0; 0; 0; 703.4; 
567; 0; 0; 0; 703.6; 
567; 0; 0; 0; 703.8; 
567; 0; 0; 0; 704; 
567; 0; 0; 0; 704.2; 
567; 0; 0; 0; 704.4; 
567; 0; 0; 0; 704.6; 
567; 0; 0; 0; 704.8; 
567; 0; 0; 0; 705; 
567; 0; 0; 0; 705.2; 
567; 0; 0; 0; 705.4; 
567; 0; 0; 0; 705.6; 
567; 0; 0; 0; 705.8; 
567; 0; 0; 0; 706; 
567; 0; 0; 0; 706.2; 
567; 0; 0; 0; 706.4; 
567; 0; 0; 0; 706.6; 
567; 0; 0; 0; 706.8; 
567; 0; 0; 0; 707; 
567; 0; 0; 0; 707.2; 
567; 0; 0; 0; 707.4; 
567; 0; 0; 0; 707.6; 
567; 0; 0; 0; 707.8; 
567; 0; 0; 0; 708; 
567; 0; 0; 0; 708.2; 
567; 0; 0; 0; 708.4; 
567; 0; 0; 0; 708.6; 
567; 0; 0; 0; 708.8; 
567; 0; 0; 0; 709; 
567; 0; 0; 0; 709.2; 
567; 0; 0; 0; 709.4; 
567; 0; 0; 0; 709.6; 
567; 0; 0; 0; 709.8; 
567; 0; 0; 0; 710; 
567; 0; 0; 0; 710.2; 
567; 0; 0; 0; 710.4; 
567; 0; 0; 0; 710.6; 
567; 0; 0; 0; 710.8; 
567; 0; 0; 0; 711; 
567; 0; 0; 0; 711.2; 
567; 0; 0; 0; 711.4; 
567; 0; 0; 0; 711.6; 
567; 0; 0; 0; 711.8; 
567; 0; 0; 0; 712; 
567; 0; 0; 0; 712.2; 
567; 0; 0; 0; 712.4; 
567; 0; 0; 0; 712.6; 
567; 0; 0; 0; 712.8; 
567; 0; 0; 0; 713; 
567; 0; 0; 0; 713.2; 
567; 0; 0; 0; 713.4; 
567; 0; 0; 0; 713.6; 
567; 0; 0; 0; 713.8; 
567; 0; 0; 0; 714; 
567; 0; 0; 0; 714.2; 
567; 0; 0; 0; 714.4; 
567; 0; 0; 0; 714.6; 
567; 0; 0; 0; 714.8; 
567; 0; 0; 0; 715; 
567; 0; 0; 0; 715.2; 
567; 0; 0; 0; 715.4; 
567; 0; 0; 0; 715.6; 
567; 0; 0; 0; 715.8; 
567; 0; 0; 0; 716; 
567; 0; 0; 0; 716.2; 
567; 0; 0; 0; 716.4; 
567; 0; 0; 0; 716.6; 
567; 0; 0; 0; 716.8; 
567; 0; 0; 0; 717; 
567; 0; 0; 0; 717.2; 
567; 0; 0; 0; 717.4; 
567; 0; 0; 0; 717.6; 
567; 0; 0; 0; 717.8; 
567; 0; 0; 0; 718; 
567; 0; 0; 0; 718.2; 
567; 0; 0; 0; 718.4; 
567; 0; 0; 0; 718.6; 
567; 0; 0; 0; 718.8; 
567; 0; 0; 0; 719; 
567; 0; 0; 0; 719.2; 
567; 0; 0; 0; 719.4; 
567; 0; 0; 0; 719.6; 
567; 0; 0; 0; 719.8; 
567; 0; 0; 0; 720; 
567; 0; 0; 0; 720.2; 
567; 0; 0; 0; 720.4; 
567; 0; 0; 0; 720.6; 
567; 0; 0; 0; 720.8; 
567; 0; 0; 0; 721; 
567; 0; 0; 0; 721.2; 
567; 0; 0; 0; 721.4; 
567; 0; 0; 0; 721.6; 
567; 0; 0; 0; 721.8; 
567; 0; 0; 0; 722; 
567; 0; 0; 0; 722.2; 
567; 0; 0; 0; 722.4; 
567; 0; 0; 0; 722.6; 
567; 0; 0; 0; 722.8; 
567; 0; 0; 0; 723; 
567; 0; 0; 0; 723.2; 
567; 0; 0; 0; 723.4; 
567; 0; 0; 0; 723.6; 
567; 0; 0; 0; 723.8; 
567; 0; 0; 0; 724; 
567; 0; 0; 0; 724.2; 
567; 0; 0; 0; 724.4; 
567; 0; 0; 0; 724.6; 
567; 0; 0; 0; 724.8; 
567; 0; 0; 0; 725; 
567; 0; 0; 0; 725.2; 
567; 0; 0; 0; 725.4; 
567; 0; 0; 0; 725.6; 
567; 0; 0; 0; 725.8; 
567; 0; 0; 0; 726; 
567; 0; 0; 0; 726.2; 
567; 0; 0; 0; 726.4; 
567; 0; 0; 0; 726.6; 
567; 0; 0; 0; 726.8; 
567; 0; 0; 0; 727; 
567; 0; 0; 0; 727.2; 
567; 0; 0; 0; 727.4; 
567; 0; 0; 0; 727.6; 
567; 0; 0; 0; 727.8; 
567; 0; 0; 0; 728; 
567; 0; 0; 0; 728.2; 
567; 0; 0; 0; 728.4; 
567; 0; 0; 0; 728.6; 
567; 0; 0; 0; 728.8; 
567; 0; 0; 0; 729; 
567; 0; 0; 0; 729.2; 
567; 0; 0; 0; 729.4; 
567; 0; 0; 0; 729.6; 
567; 0; 0; 0; 729.8; 
567; 0; 0; 0; 730; 
567; 0; 0; 0; 730.2; 
567; 0; 0; 0; 730.4; 
567; 0; 0; 0; 730.6; 
567; 0; 0; 0; 730.8; 
567; 0; 0; 0; 731; 
567; 0; 0; 0; 731.2; 
567; 0; 0; 0; 731.4; 
567; 0; 0; 0; 731.6; 
567; 0; 0; 0; 731.8; 
567; 0; 0; 0; 732; 
567; 0; 0; 0; 732.2; 
567; 0; 0; 0; 732.4; 
567; 0; 0; 0; 732.6; 
567; 0; 0; 0; 732.8; 
567; 0; 0; 0; 733; 
567; 0; 0; 0; 733.2; 
567; 0; 0; 0; 733.4; 
567; 0; 0; 0; 733.6; 
567; 0; 0; 0; 733.8; 
567; 0; 0; 0; 734; 
567; 0; 0; 0; 734.2; 
567; 0; 0; 0; 734.4; 
567; 0; 0; 0; 734.6; 
567; 0; 0; 0; 734.8; 
567; 0; 0; 0; 735; 
567; 0; 0; 0; 735.2; 
567; 0; 0; 0; 735.4; 
567; 0; 0; 0; 735.6; 
567; 0; 0; 0; 735.8; 
567; 0; 0; 0; 736; 
567; 0; 0; 0; 736.2; 
567; 0; 0; 0; 736.4; 
567; 0; 0; 0; 736.6; 
567; 0; 0; 0; 736.8; 
567; 0; 0; 0; 737; 
567; 0; 0; 0; 737.2; 
567; 0; 0; 0; 737.4; 
567; 0; 0; 0; 737.6; 
567; 0; 0; 0; 737.8; 
567; 0; 0; 0; 738; 
567; 0; 0; 0; 738.2; 
567; 0; 0; 0; 738.4; 
567; 0; 0; 0; 738.6; 
567; 0; 0; 0; 738.8; 
567; 0; 0; 0; 739; 
567; 0; 0; 0; 739.2; 
567; 0; 0; 0; 739.4; 
567; 0; 0; 0; 739.6; 
567; 0; 0; 0; 739.8; 
567; 0; 0; 0; 740; 
567; 0; 0; 0; 740.2; 
567; 0; 0; 0; 740.4; 
567; 0; 0; 0; 740.6; 
567; 0; 0; 0; 740.8; 
567; 0; 0; 0; 741; 
567; 0; 0; 0; 741.2; 
567; 0; 0; 0; 741.4; 
567; 0; 0; 0; 741.6; 
567; 0; 0; 0; 741.8; 
567; 0; 0; 0; 742; 
567; 0; 0; 0; 742.2; 
567; 0; 0; 0; 742.4; 
567; 0; 0; 0; 742.6; 
567; 0; 0; 0; 742.8; 
567; 0; 0; 0; 743; 
567; 0; 0; 0; 743.2; 
567; 0; 0; 0; 743.4; 
567; 0; 0; 0; 743.6; 
567; 0; 0; 0; 743.8; 
567; 0; 0; 0; 744; 
567; 0; 0; 0; 744.2; 
567; 0; 0; 0; 744.4; 
567; 0; 0; 0; 744.6; 
567; 0; 0; 0; 744.8; 
567; 0; 0; 0; 745; 
567; 0; 0; 0; 745.2; 
567; 0; 0; 0; 745.4; 
567; 0; 0; 0; 745.6; 
567; 0; 0; 0; 745.8; 
567; 0; 0; 0; 746; 
567; 0; 0; 0; 746.2; 
567; 0; 0; 0; 746.4; 
567; 0; 0; 0; 746.6; 
567; 0; 0; 0; 746.8; 
567; 0; 0; 0; 747; 
567; 0; 0; 0; 747.2; 
567; 0; 0; 0; 747.4; 
567; 0; 0; 0; 747.6; 
567; 0; 0; 0; 747.8; 
567; 0; 0; 0; 748; 
567; 0; 0; 0; 748.2; 
567; 0; 0; 0; 748.4; 
567; 0; 0; 0; 748.6; 
567; 0; 0; 0; 748.8; 
567; 0; 0; 0; 749; 
567; 0; 0; 0; 749.2; 
567; 0; 0; 0; 749.4; 
567; 0; 0; 0; 749.6; 
567; 0; 0; 0; 749.8; 
567; 0; 0; 0; 750; 
567; 0; 0; 0; 750.2; 
567; 0; 0; 0; 750.4; 
567; 0; 0; 0; 750.6; 
567; 0; 0; 0; 750.8; 
567; 0; 0; 0; 751; 
567; 0; 0; 0; 751.2; 
567; 0; 0; 0; 751.4; 
567; 0; 0; 0; 751.6; 
567; 0; 0; 0; 751.8; 
567; 0; 0; 0; 752; 
567; 0; 0; 0; 752.2; 
567; 0; 0; 0; 752.4; 
567; 0; 0; 0; 752.6; 
567; 0; 0; 0; 752.8; 
567; 0; 0; 0; 753; 
567; 0; 0; 0; 753.2; 
567; 0; 0; 0; 753.4; 
567; 0; 0; 0; 753.6; 
567; 0; 0; 0; 753.8; 
567; 0; 0; 0; 754; 
567; 0; 0; 0; 754.2; 
567; 0; 0; 0; 754.4; 
567; 0; 0; 0; 754.6; 
567; 0; 0; 0; 754.8; 
567; 0; 0; 0; 755; 
567; 0; 0; 0; 755.2; 
567; 0; 0; 0; 755.4; 
567; 0; 0; 0; 755.6; 
567; 0; 0; 0; 755.8; 
567; 0; 0; 0; 756; 
567; 0; 0; 0; 756.2; 
567; 0; 0; 0; 756.4; 
567; 0; 0; 0; 756.6; 
567; 0; 0; 0; 756.8; 
567; 0; 0; 0; 757; 
567; 0; 0; 0; 757.2; 
567; 0; 0; 0; 757.4; 
567; 0; 0; 0; 757.6; 
567; 0; 0; 0; 757.8; 
567; 0; 0; 0; 758; 
567; 0; 0; 0; 758.2; 
567; 0; 0; 0; 758.4; 
567; 0; 0; 0; 758.6; 
567; 0; 0; 0; 758.8; 
567; 0; 0; 0; 759; 
567; 0; 0; 0; 759.2; 
567; 0; 0; 0; 759.4; 
567; 0; 0; 0; 759.6; 
567; 0; 0; 0; 759.8; 
567; 0; 0; 0; 760; 
567; 0; 0; 0; 760.2; 
567; 0; 0; 0; 760.4; 
567; 0; 0; 0; 760.6; 
567; 0; 0; 0; 760.8; 
567; 0; 0; 0; 761; 
567; 0; 0; 0; 761.2; 
567; 0; 0; 0; 761.4; 
567; 0; 0; 0; 761.6; 
567; 0; 0; 0; 761.8; 
567; 0; 0; 0; 762; 
567; 0; 0; 0; 762.2; 
567; 0; 0; 0; 762.4; 
567; 0; 0; 0; 762.6; 
567; 0; 0; 0; 762.8; 
567; 0; 0; 0; 763; 
567; 0; 0; 0; 763.2; 
567; 0; 0; 0; 763.4; 
567; 0; 0; 0; 763.6; 
567; 0; 0; 0; 763.8; 
567; 0; 0; 0; 764; 
567; 0; 0; 0; 764.2; 
567; 0; 0; 0; 764.4; 
567; 0; 0; 0; 764.6; 
567; 0; 0; 0; 764.8; 
567; 0; 0; 0; 765; 
567; 0; 0; 0; 765.2; 
567; 0; 0; 0; 765.4; 
567; 0; 0; 0; 765.6; 
567; 0; 0; 0; 765.8; 
567; 0; 0; 0; 766; 
567; 0; 0; 0; 766.2; 
567; 0; 0; 0; 766.4; 
567; 0; 0; 0; 766.6; 
567; 0; 0; 0; 766.8; 
567; 0; 0; 0; 767; 
567; 0; 0; 0; 767.2; 
567; 0; 0; 0; 767.4; 
567; 0; 0; 0; 767.6; 
567; 0; 0; 0; 767.8; 
567; 0; 0; 0; 768; 
567; 0; 0; 0; 768.2; 
567; 0; 0; 0; 768.4; 
567; 0; 0; 0; 768.6; 
567; 0; 0; 0; 768.8; 
567; 0; 0; 0; 769; 
567; 0; 0; 0; 769.2; 
567; 0; 0; 0; 769.4; 
567; 0; 0; 0; 769.6; 
567; 0; 0; 0; 769.8; 
567; 0; 0; 0; 770; 
567; 0; 0; 0; 770.2; 
567; 0; 0; 0; 770.4; 
567; 0; 0; 0; 770.6; 
567; 0; 0; 0; 770.8; 
567; 0; 0; 0; 771; 
567; 0; 0; 0; 771.2; 
567; 0; 0; 0; 771.4; 
567; 0; 0; 0; 771.6; 
567; 0; 0; 0; 771.8; 
567; 0; 0; 0; 772; 
567; 0; 0; 0; 772.2; 
567; 0; 0; 0; 772.4; 
567; 0; 0; 0; 772.6; 
567; 0; 0; 0; 772.8; 
567; 0; 0; 0; 773; 
567; 0; 0; 0; 773.2; 
567; 0; 0; 0; 773.4; 
567; 0; 0; 0; 773.6; 
567; 0; 0; 0; 773.8; 
567; 0; 0; 0; 774; 
567; 0; 0; 0; 774.2; 
567; 0; 0; 0; 774.4; 
567; 0; 0; 0; 774.6; 
567; 0; 0; 0; 774.8; 
567; 0; 0; 0; 775; 
567; 0; 0; 0; 775.2; 
567; 0; 0; 0; 775.4; 
567; 0; 0; 0; 775.6; 
567; 0; 0; 0; 775.8; 
567; 0; 0; 0; 776; 
567; 0; 0; 0; 776.2; 
567; 0; 0; 0; 776.4; 
567; 0; 0; 0; 776.6; 
567; 0; 0; 0; 776.8; 
567; 0; 0; 0; 777; 
567; 0; 0; 0; 777.2; 
567; 0; 0; 0; 777.4; 
567; 0; 0; 0; 777.6; 
567; 0; 0; 0; 777.8; 
567; 0; 0; 0; 778; 
567; 0; 0; 0; 778.2; 
567; 0; 0; 0; 778.4; 
567; 0; 0; 0; 778.6; 
567; 0; 0; 0; 778.8; 
567; 0; 0; 0; 779; 
567; 0; 0; 0; 779.2; 
567; 0; 0; 0; 779.4; 
567; 0; 0; 0; 779.6; 
567; 0; 0; 0; 779.8; 
567; 0; 0; 0; 780; 
567; 0; 0; 0; 780.2; 
567; 0; 0; 0; 780.4; 
567; 0; 0; 0; 780.6; 
567; 0; 0; 0; 780.8; 
567; 0; 0; 0; 781; 
567; 0; 0; 0; 781.2; 
567; 0; 0; 0; 781.4; 
567; 0; 0; 0; 781.6; 
567; 0; 0; 0; 781.8; 
567; 0; 0; 0; 782; 
567; 0; 0; 0; 782.2; 
567; 0; 0; 0; 782.4; 
567; 0; 0; 0; 782.6; 
567; 0; 0; 0; 782.8; 
567; 0; 0; 0; 783; 
567; 0; 0; 0; 783.2; 
567; 0; 0; 0; 783.4; 
567; 0; 0; 0; 783.6; 
567; 0; 0; 0; 783.8; 
567; 0; 0; 0; 784; 
567; 0; 0; 0; 784.2; 
567; 0; 0; 0; 784.4; 
567; 0; 0; 0; 784.6; 
567; 0; 0; 0; 784.8; 
567; 0; 0; 0; 785; 
567; 0; 0; 0; 785.2; 
567; 0; 0; 0; 785.4; 
567; 0; 0; 0; 785.6; 
567; 0; 0; 0; 785.8; 
567; 0; 0; 0; 786; 
567; 0; 0; 0; 786.2; 
567; 0; 0; 0; 786.4; 
567; 0; 0; 0; 786.6; 
567; 0; 0; 0; 786.8; 
567; 0; 0; 0; 787; 
567; 0; 0; 0; 787.2; 
567; 0; 0; 0; 787.4; 
567; 0; 0; 0; 787.6; 
567; 0; 0; 0; 787.8; 
567; 0; 0; 0; 788; 
567; 0; 0; 0; 788.2; 
567; 0; 0; 0; 788.4; 
567; 0; 0; 0; 788.6; 
567; 0; 0; 0; 788.8; 
567; 0; 0; 0; 789; 
567; 0; 0; 0; 789.2; 
567; 0; 0; 0; 789.4; 
567; 0; 0; 0; 789.6; 
567; 0; 0; 0; 789.8; 
567; 0; 0; 0; 790; 
567; 0; 0; 0; 790.2; 
567; 0; 0; 0; 790.4; 
567; 0; 0; 0; 790.6; 
567; 0; 0; 0; 790.8; 
567; 0; 0; 0; 791; 
567; 0; 0; 0; 791.2; 
567; 0; 0; 0; 791.4; 
567; 0; 0; 0; 791.6; 
567; 0; 0; 0; 791.8; 
567; 0; 0; 0; 792; 
567; 0; 0; 0; 792.2; 
567; 0; 0; 0; 792.4; 
567; 0; 0; 0; 792.6; 
567; 0; 0; 0; 792.8; 
567; 0; 0; 0; 793; 
567; 0; 0; 0; 793.2; 
567; 0; 0; 0; 793.4; 
567; 0; 0; 0; 793.6; 
567; 0; 0; 0; 793.8; 
567; 0; 0; 0; 794; 
567; 0; 0; 0; 794.2; 
567; 0; 0; 0; 794.4; 
567; 0; 0; 0; 794.6; 
567; 0; 0; 0; 794.8; 
567; 0; 0; 0; 795; 
567; 0; 0; 0; 795.2; 
567; 0; 0; 0; 795.4; 
567; 0; 0; 0; 795.6; 
567; 0; 0; 0; 795.8; 
567; 0; 0; 0; 796; 
567; 0; 0; 0; 796.2; 
567; 0; 0; 0; 796.4; 
567; 0; 0; 0; 796.6; 
567; 0; 0; 0; 796.8; 
567; 0; 0; 0; 797; 
567; 0; 0; 0; 797.2; 
567; 0; 0; 0; 797.4; 
567; 0; 0; 0; 797.6; 
567; 0; 0; 0; 797.8; 
567; 0; 0; 0; 798; 
567; 0; 0; 0; 798.2; 
567; 0; 0; 0; 798.4; 
567; 0; 0; 0; 798.6; 
567; 0; 0; 0; 798.8; 
567; 0; 0; 0; 799; 
567; 0; 0; 0; 799.2; 
567; 0; 0; 0; 799.4; 
567; 0; 0; 0; 799.6; 
567; 0; 0; 0; 799.8; 
567; 0; 0; 0; 800; 
567; 0; 0; 0; 800.2; 
567; 0; 0; 0; 800.4; 
567; 0; 0; 0; 800.6; 
567; 0; 0; 0; 800.8; 
567; 0; 0; 0; 801; 
567; 0; 0; 0; 801.2; 
567; 0; 0; 0; 801.4; 
567; 0; 0; 0; 801.6; 
567; 0; 0; 0; 801.8; 
567; 0; 0; 0; 802; 
567; 0; 0; 0; 802.2; 
567; 0; 0; 0; 802.4; 
567; 0; 0; 0; 802.6; 
567; 0; 0; 0; 802.8; 
567; 0; 0; 0; 803; 
567; 0; 0; 0; 803.2; 
567; 0; 0; 0; 803.4; 
567; 0; 0; 0; 803.6; 
567; 0; 0; 0; 803.8; 
567; 0; 0; 0; 804; 
567; 0; 0; 0; 804.2; 
567; 0; 0; 0; 804.4; 
567; 0; 0; 0; 804.6; 
567; 0; 0; 0; 804.8; 
567; 0; 0; 0; 805; 
567; 0; 0; 0; 805.2; 
567; 0; 0; 0; 805.4; 
567; 0; 0; 0; 805.6; 
567; 0; 0; 0; 805.8; 
567; 0; 0; 0; 806; 
567; 0; 0; 0; 806.2; 
567; 0; 0; 0; 806.4; 
567; 0; 0; 0; 806.6; 
567; 0; 0; 0; 806.8; 
567; 0; 0; 0; 807; 
567; 0; 0; 0; 807.2; 
567; 0; 0; 0; 807.4; 
567; 0; 0; 0; 807.6; 
567; 0; 0; 0; 807.8; 
567; 0; 0; 0; 808; 
567; 0; 0; 0; 808.2; 
567; 0; 0; 0; 808.4; 
567; 0; 0; 0; 808.6; 
567; 0; 0; 0; 808.8; 
567; 0; 0; 0; 809; 
567; 0; 0; 0; 809.2; 
567; 0; 0; 0; 809.4; 
567; 0; 0; 0; 809.6; 
567; 0; 0; 0; 809.8; 
567; 0; 0; 0; 810; 
567; 0; 0; 0; 810.2; 
567; 0; 0; 0; 810.4; 
567; 0; 0; 0; 810.6; 
567; 0; 0; 0; 810.8; 
567; 0; 0; 0; 811; 
567; 0; 0; 0; 811.2; 
567; 0; 0; 0; 811.4; 
567; 0; 0; 0; 811.6; 
567; 0; 0; 0; 811.8; 
567; 0; 0; 0; 812; 
567; 0; 0; 0; 812.2; 
567; 0; 0; 0; 812.4; 
567; 0; 0; 0; 812.6; 
567; 0; 0; 0; 812.8; 
567; 0; 0; 0; 813; 
567; 0; 0; 0; 813.2; 
567; 0; 0; 0; 813.4; 
567; 0; 0; 0; 813.6; 
567; 0; 0; 0; 813.8; 
567; 0; 0; 0; 814; 
567; 0; 0; 0; 814.2; 
567; 0; 0; 0; 814.4; 
567; 0; 0; 0; 814.6; 
567; 0; 0; 0; 814.8; 
567; 0; 0; 0; 815; 
567; 0; 0; 0; 815.2; 
567; 0; 0; 0; 815.4; 
567; 0; 0; 0; 815.6; 
567; 0; 0; 0; 815.8; 
567; 0; 0; 0; 816; 
567; 0; 0; 0; 816.2; 
567; 0; 0; 0; 816.4; 
567; 0; 0; 0; 816.6; 
567; 0; 0; 0; 816.8; 
567; 0; 0; 0; 817; 
567; 0; 0; 0; 817.2; 
567; 0; 0; 0; 817.4; 
567; 0; 0; 0; 817.6; 
567; 0; 0; 0; 817.8; 
567; 0; 0; 0; 818; 
567; 0; 0; 0; 818.2; 
567; 0; 0; 0; 818.4; 
567; 0; 0; 0; 818.6; 
567; 0; 0; 0; 818.8; 
567; 0; 0; 0; 819; 
567; 0; 0; 0; 819.2; 
567; 0; 0; 0; 819.4; 
567; 0; 0; 0; 819.6; 
567; 0; 0; 0; 819.8; 
567; 0; 0; 0; 820; 
567; 0; 0; 0; 820.2; 
567; 0; 0; 0; 820.4; 
567; 0; 0; 0; 820.6; 
567; 0; 0; 0; 820.8; 
567; 0; 0; 0; 821; 
567; 0; 0; 0; 821.2; 
567; 0; 0; 0; 821.4; 
567; 0; 0; 0; 821.6; 
567; 0; 0; 0; 821.8; 
567; 0; 0; 0; 822; 
567; 0; 0; 0; 822.2; 
567; 0; 0; 0; 822.4; 
567; 0; 0; 0; 822.6; 
567; 0; 0; 0; 822.8; 
567; 0; 0; 0; 823; 
567; 0; 0; 0; 823.2; 
567; 0; 0; 0; 823.4; 
567; 0; 0; 0; 823.6; 
567; 0; 0; 0; 823.8; 
567; 0; 0; 0; 824; 
567; 0; 0; 0; 824.2; 
