567; 0; 0; 170; 0; 
567; 0; 0; 170; 0.2; 
567; 0; 0; 170; 0.4; 
567; 0; 0; 170; 0.6; 
567; 0; 0; 170; 0.8; 
567; 0; 0; 170; 1; 
567; 0; 0; 170; 1.2; 
567; 0; 0; 170; 1.4; 
567; 0; 0; 170; 1.6; 
567; 0; 0; 170; 1.8; 
567; 0; 0; 170; 2; 
567; 0; 0; 170; 2.2; 
567; 0; 0; 170; 2.4; 
567; 0; 0; 170; 2.6; 
567; 0; 0; 170; 2.8; 
567; 0; 0; 170; 3; 
567; 0; 0; 170; 3.2; 
567; 0; 0; 170; 3.4; 
567; 0; 0; 170; 3.6; 
567; 0; 0; 170; 3.8; 
567; 0; 0; 170; 4; 
567; 0; 0; 170; 4.2; 
567; 0; 0; 170; 4.4; 
567; 0; 0; 170; 4.6; 
567; 0; 0; 170; 4.8; 
567; 0; 0; 170; 5; 
567; 0; 0; 170; 5.2; 
567; 0; 0; 170; 5.4; 
567; 0; 0; 170; 5.6; 
567; 0; 0; 170; 5.8; 
567; 0; 0; 170; 6; 
567; 0; 0; 170; 6.2; 
567; 0; 0; 170; 6.4; 
567; 0; 0; 170; 6.6; 
567; 0; 0; 170; 6.8; 
567; 0; 0; 170; 7; 
567; 0; 0; 170; 7.2; 
567; 0; 0; 170; 7.4; 
567; 0; 0; 170; 7.6; 
567; 0; 0; 170; 7.8; 
567; 0; 0; 170; 8; 
567; 0; 0; 170; 8.2; 
567; 0; 0; 170; 8.4; 
567; 0; 0; 170; 8.6; 
567; 0; 0; 170; 8.8; 
567; 0; 0; 170; 9; 
567; 0; 0; 170; 9.2; 
567; 0; 0; 170; 9.4; 
567; 0; 0; 170; 9.6; 
567; 0; 0; 170; 9.8; 
567; 0; 0; 170; 10; 
567; 0; 0; 170; 10.2; 
567; 0; 0; 170; 10.4; 
567; 0; 0; 170; 10.6; 
567; 0; 0; 170; 10.8; 
567; 0; 0; 170; 11; 
567; 0; 0; 170; 11.2; 
567; 0; 0; 170; 11.4; 
567; 0; 0; 170; 11.6; 
567; 0; 0; 170; 11.8; 
567; 0; 0; 170; 12; 
567; 0; 0; 170; 12.2; 
567; 0; 0; 170; 12.4; 
567; 0; 0; 170; 12.6; 
567; 0; 0; 170; 12.8; 
567; 0; 0; 170; 13; 
567; 0; 0; 170; 13.2; 
567; 0; 0; 170; 13.4; 
567; 0; 0; 170; 13.6; 
567; 0; 0; 170; 13.8; 
567; 0; 0; 170; 14; 
567; 0; 0; 170; 14.2; 
567; 0; 0; 170; 14.4; 
567; 0; 0; 170; 14.6; 
567; 0; 0; 170; 14.8; 
567; 0; 0; 170; 15; 
567; 0; 0; 170; 15.2; 
567; 0; 0; 170; 15.4; 
567; 0; 0; 170; 15.6; 
567; 0; 0; 170; 15.8; 
567; 0; 0; 170; 16; 
567; 0; 0; 170; 16.2; 
567; 0; 0; 170; 16.4; 
567; 0; 0; 170; 16.6; 
567; 0; 0; 170; 16.8; 
567; 0; 0; 170; 17; 
567; 0; 0; 170; 17.2; 
567; 0; 0; 170; 17.4; 
567; 0; 0; 170; 17.6; 
567; 0; 0; 170; 17.8; 
567; 0; 0; 170; 18; 
567; 0; 0; 170; 18.2; 
567; 0; 0; 170; 18.4; 
567; 0; 0; 170; 18.6; 
567; 0; 0; 170; 18.8; 
567; 0; 0; 170; 19; 
567; 0; 0; 170; 19.2; 
567; 0; 0; 170; 19.4; 
567; 0; 0; 170; 19.6; 
567; 0; 0; 170; 19.8; 
567; 0; 0; 170; 20; 
567; 0; 0; 170; 20.2; 
567; 0; 0; 170; 20.4; 
567; 0; 0; 170; 20.6; 
567; 0; 0; 170; 20.8; 
567; 0; 0; 170; 21; 
567; 0; 0; 170; 21.2; 
567; 0; 0; 170; 21.4; 
567; 0; 0; 170; 21.6; 
567; 0; 0; 170; 21.8; 
567; 0; 0; 170; 22; 
567; 0; 0; 170; 22.2; 
567; 0; 0; 170; 22.4; 
567; 0; 0; 170; 22.6; 
567; 0; 0; 170; 22.8; 
567; 0; 0; 170; 23; 
567; 0; 0; 170; 23.2; 
567; 0; 0; 170; 23.4; 
567; 0; 0; 170; 23.6; 
567; 0; 2356.3653; 170; 23.8; 
567; 0; 2356.3653; 170; 24; 
567; 0; 2356.3653; 170; 24.2; 
567; 0; 2356.3653; 170; 24.4; 
567; 0; 2356.3653; 170; 24.6; 
567; 0; 2356.3653; 170; 24.8; 
567; 0; 2356.3653; 170; 25; 
567; 0; 2356.3653; 170; 25.2; 
567; 0; 2356.3653; 170; 25.4; 
567; 0; 2356.3653; 170; 25.6; 
567; 0; 2356.3653; 170; 25.8; 
567; 0; 2356.3653; 170; 26; 
567; 0; 2356.3653; 170; 26.2; 
567; 0; 2356.3653; 170; 26.4; 
567; 0; 2356.3653; 170; 26.6; 
567; 0; 2356.3653; 170; 26.8; 
567; 0; 2356.3653; 170; 27; 
567; 0; 2356.3653; 170; 27.2; 
567; 0; 2356.3653; 170; 27.4; 
567; 0; 2356.3653; 170; 27.6; 
567; 0; 2356.3653; 170; 27.8; 
567; 0; 2356.3653; 170; 28; 
567; 0; 2356.3653; 170; 28.2; 
567; 0; 2356.3653; 170; 28.4; 
567; 0; 2356.3653; 170; 28.6; 
567; 0; 2356.3653; 170; 28.8; 
567; 0; 2356.3653; 170; 29; 
567; 0; 2356.3653; 170; 29.2; 
567; 0; 2356.3653; 170; 29.4; 
567; 0; 2356.3653; 170; 29.6; 
567; 0; 2356.3653; 170; 29.8; 
567; 0; 2356.3653; 170; 30; 
567; 0; 2356.3653; 170; 30.2; 
567; 0; 2356.3653; 170; 30.4; 
567; 0; 2356.3653; 170; 30.6; 
567; 0; 2356.3653; 170; 30.8; 
567; 0; 2356.3653; 170; 31; 
567; 0; 2356.3653; 170; 31.2; 
567; 0; 2356.3653; 170; 31.4; 
567; 0; 2356.3653; 170; 31.6; 
567; 0; 2356.3653; 170; 31.8; 
567; 0; 2356.3653; 170; 32; 
567; 0; 2356.3653; 170; 32.2; 
567; 0; 2356.3653; 170; 32.4; 
567; 0; 2356.3653; 170; 32.6; 
567; 0; 2356.3653; 170; 32.8; 
567; 0; 2356.3653; 170; 33; 
567; 0; 2356.3653; 170; 33.2; 
567; 0; 2356.3653; 170; 33.4; 
567; 0; 2356.3653; 170; 33.6; 
567; 0; 2356.3653; 170; 33.8; 
567; 0; 2356.3653; 170; 34; 
567; 0; 2356.3653; 170; 34.2; 
567; 0; 2356.3653; 170; 34.4; 
567; 0; 2356.3653; 170; 34.6; 
567; 0; 2356.3653; 170; 34.8; 
567; 0; 2356.3653; 170; 35; 
567; 0; 2356.3653; 170; 35.2; 
567; 0; 2356.3653; 170; 35.4; 
567; 0; 2356.3653; 170; 35.6; 
567; 0; 2356.3653; 170; 35.8; 
567; 0; 2356.3653; 170; 36; 
567; 0; 2356.3653; 170; 36.2; 
567; 0; 2356.3653; 170; 36.4; 
567; 0; 2356.3653; 170; 36.6; 
567; 0; 2356.3653; 170; 36.8; 
567; 0; 2356.3653; 170; 37; 
567; 0; 2356.3653; 170; 37.2; 
567; 0; 2356.3653; 170; 37.4; 
567; 0; 2356.3653; 170; 37.6; 
567; 0; 2356.3653; 170; 37.8; 
567; 0; 2356.3653; 170; 38; 
567; 0; 2356.3653; 170; 38.2; 
567; 0; 2356.3653; 170; 38.4; 
567; 0; 2356.3653; 170; 38.6; 
567; 0; 2356.3653; 170; 38.8; 
567; 0; 2374.5349; 170; 39; 
567; 0; 2410.8598; 170; 39.2; 
567; 0; 2463.6819; 170; 39.4; 
567; 0; 2627.5293; 170; 39.6; 
567; 0; 2864.5715; 170; 39.8; 
567; 0; 2904.4575; 170; 40; 
567; 0; 2931.0622; 170; 40.2; 
567; 0; 2969.7577; 170; 40.4; 
567; 0; 2992.6113; 170; 40.6; 
567; 0; 3012.1002; 170; 40.8; 
567; 0; 3022.7275; 170; 41; 
567; 0; 3033.1762; 170; 41.2; 
567; 0; 3034.8605; 170; 41.4; 
567; 0; 3036.5164; 170; 41.6; 
567; 0; 3029.5717; 170; 41.8; 
567; 0; 3031.1899; 170; 42; 
567; 0; 3032.781; 170; 42.2; 
567; 0; 3034.3422; 170; 42.4; 
567; 0; 3035.8706; 170; 42.6; 
567; 0; 3037.3632; 170; 42.8; 
567; 0; 3038.8175; 170; 43; 
567; 0; 3040.2305; 170; 43.2; 
567; 0; 3041.6018; 170; 43.4; 
567; 0; 3042.9351; 170; 43.6; 
567; 0; 3044.2346; 170; 43.8; 
567; 0; 3045.5028; 170; 44; 
567; 0; 3046.7418; 170; 44.2; 
567; 0; 3047.9524; 170; 44.4; 
567; 0; 3049.1352; 170; 44.6; 
567; 0; 3050.2904; 170; 44.8; 
567; 0; 3051.4177; 170; 45; 
567; 0; 3052.5169; 170; 45.2; 
567; 0; 3053.5878; 170; 45.4; 
567; 0; 3054.63; 170; 45.6; 
567; 0; 3055.6429; 170; 45.8; 
567; 0; 3056.6262; 170; 46; 
567; 0; 3057.5795; 170; 46.2; 
567; 0; 3058.5023; 170; 46.4; 
567; 0; 3059.3943; 170; 46.6; 
567; 0; 3060.255; 170; 46.8; 
567; 0; 3061.084; 170; 47; 
567; 0; 3061.8808; 170; 47.2; 
567; 0; 3070.9092; 170; 47.4; 
567; 0; 3071.634; 170; 47.6; 
567; 0; 3072.3257; 170; 47.8; 
567; 0; 3072.9839; 170; 48; 
567; 0; 3073.6083; 170; 48.2; 
567; 0; 3074.1984; 170; 48.4; 
567; 0; 3083.1374; 170; 48.6; 
567; 0; 3083.7201; 170; 48.8; 
567; 0; 3084.2631; 170; 49; 
567; 0; 3084.7661; 170; 49.2; 
567; 0; 3085.2284; 170; 49.4; 
567; 0; 3085.6497; 170; 49.6; 
567; 0; 3095.1684; 170; 49.8; 
567; 0; 3095.5032; 170; 50; 
567; 0; 3095.7962; 170; 50.2; 
567; 0; 3096.0469; 170; 50.4; 
567; 0; 3105.3244; 170; 50.6; 
567; 0; 3105.4878; 170; 50.8; 
567; 0; 3105.6081; 170; 51; 
567; 0; 3105.6851; 170; 51.2; 
567; 0; 3114.7312; 170; 51.4; 
567; 0; 3114.7206; 170; 51.6; 
567; 0; 3114.666; 170; 51.8; 
567; 0; 3123.5338; 170; 52; 
567; 0; 3123.3932; 170; 52.2; 
567; 0; 3123.2206; 170; 52.4; 
567; 0; 3123.0281; 170; 52.6; 
567; 0; 3127.9197; 170; 52.8; 
567; 0; 3127.7206; 170; 53; 
567; 0; 3127.5303; 170; 53.2; 
567; 0; 3127.3552; 170; 53.4; 
567; 0; 3132.2494; 170; 53.6; 
567; 0; 3132.1204; 170; 53.8; 
567; 0; 3132.0184; 170; 54; 
567; 0; 3131.9446; 170; 54.2; 
567; 0; 3136.9055; 170; 54.4; 
567; 0; 3136.8865; 170; 54.6; 
567; 0; 3136.892; 170; 54.8; 
567; 0; 3136.9194; 170; 55; 
567; 0; 3141.9312; 170; 55.2; 
567; 0; 3141.9923; 170; 55.4; 
567; 0; 3142.0648; 170; 55.6; 
567; 0; 3142.1453; 170; 55.8; 
567; 0; 3142.23; 170; 56; 
567; 0; 3147.2424; 170; 56.2; 
567; 0; 3147.3259; 170; 56.4; 
567; 0; 3147.4052; 170; 56.6; 
567; 0; 3147.4785; 170; 56.8; 
567; 0; 3152.4357; 170; 57; 
567; 0; 3152.4928; 170; 57.2; 
567; 0; 3152.5413; 170; 57.4; 
567; 0; 3152.5813; 170; 57.6; 
567; 0; 3157.4742; 170; 57.8; 
567; 0; 3157.4988; 170; 58; 
567; 0; 3157.5171; 170; 58.2; 
567; 0; 3157.5303; 170; 58.4; 
567; 0; 3157.5396; 170; 58.6; 
567; 0; 3162.3812; 170; 58.8; 
567; 0; 3162.3864; 170; 59; 
567; 0; 3162.3912; 170; 59.2; 
567; 0; 3162.3964; 170; 59.4; 
567; 0; 3167.216; 170; 59.6; 
567; 0; 3167.224; 170; 59.8; 
567; 0; 3167.2342; 170; 60; 
567; 0; 3167.2464; 170; 60.2; 
567; 0; 3172.0563; 170; 60.4; 
567; 0; 3172.0724; 170; 60.6; 
567; 0; 3172.0902; 170; 60.8; 
567; 0; 3172.1092; 170; 61; 
567; 0; 3172.129; 170; 61.2; 
567; 0; 3173.8261; 170; 61.4; 
567; 0; 3173.8464; 170; 61.6; 
567; 0; 3173.8664; 170; 61.8; 
567; 0; 3173.8858; 170; 62; 
567; 0; 3175.5449; 170; 62.2; 
567; 0; 3175.5625; 170; 62.4; 
567; 0; 3175.5792; 170; 62.6; 
567; 0; 3175.5948; 170; 62.8; 
567; 0; 3175.6092; 170; 63; 
567; 0; 3177.2301; 170; 63.2; 
567; 0; 3177.2426; 170; 63.4; 
567; 0; 3177.2543; 170; 63.6; 
567; 0; 3177.2655; 170; 63.8; 
567; 0; 3177.2763; 170; 64; 
567; 0; 3178.8648; 170; 64.2; 
567; 0; 3178.8751; 170; 64.4; 
567; 0; 3178.8854; 170; 64.6; 
567; 0; 3178.8954; 170; 64.8; 
567; 0; 3178.9079; 170; 65; 
567; 0; 3180.4832; 170; 65.2; 
567; 0; 3180.5256; 170; 65.4; 
567; 0; 3180.5929; 170; 65.6; 
567; 0; 3180.6907; 170; 65.8; 
567; 0; 3180.8235; 170; 66; 
567; 0; 3182.5217; 170; 66.2; 
567; 0; 3182.7355; 170; 66.4; 
567; 0; 3182.9933; 170; 66.6; 
567; 0; 3183.2876; 170; 66.8; 
567; 0; 3183.6068; 170; 67; 
567; 0; 3183.9387; 170; 67.2; 
567; 0; 3185.767; 170; 67.4; 
567; 0; 3186.0897; 170; 67.6; 
567; 0; 3186.3961; 170; 67.8; 
567; 0; 3186.6812; 170; 68; 
567; 0; 3186.9427; 170; 68.2; 
567; 0; 3187.1805; 170; 68.4; 
567; 0; 3188.8637; 170; 68.6; 
567; 0; 3189.0584; 170; 68.8; 
567; 0; 3189.2371; 170; 69; 
567; 0; 3189.403; 170; 69.2; 
567; 0; 3189.5591; 170; 69.4; 
567; 0; 3191.1572; 170; 69.6; 
567; 0; 3191.2995; 170; 69.8; 
567; 0; 3191.4376; 170; 70; 
567; 0; 3163.5614; 170; 70.2; 
567; 0; 3125.4047; 170; 70.4; 
567; 0; 3087.237; 170; 70.6; 
567; 0; 3054.2471; 170; 70.8; 
567; 0; 3019.8732; 170; 71; 
567; 0; 2985.4893; 170; 71.2; 
567; 0; 2951.0956; 170; 71.4; 
567; 0; 2915.8908; 170; 71.6; 
567; 0; 2881.4785; 170; 71.8; 
567; 0; 2848.664; 170; 72; 
567; 0; 2815.176; 170; 72.2; 
567; 0; 2781.6813; 170; 72.4; 
567; 0; 2749.7775; 170; 72.6; 
567; 0; 2717.8685; 170; 72.8; 
567; 0; 2686.7534; 170; 73; 
567; 0; 2656.0503; 170; 73.2; 
567; 0; 2626.9842; 170; 73.4; 
567; 0; 2598.7008; 170; 73.6; 
567; 0; 2571.2006; 170; 73.8; 
567; 0; 2545.2702; 170; 74; 
567; 0; 2519.3372; 170; 74.2; 
567; 0; 2494.9745; 170; 74.4; 
567; 0; 2470.6096; 170; 74.6; 
567; 0; 2447.8154; 170; 74.8; 
567; 0; 2429.148; 170; 75; 
567; 0; 2408.2543; 170; 75.2; 
567; 0; 2387.359; 170; 75.4; 
567; 0; 2368.0109; 170; 75.6; 
567; 0; 2348.6617; 170; 75.8; 
567; 0; 2326.3855; 170; 76; 
567; 0; 2306.7478; 170; 76.2; 
567; 0; 2288.4527; 170; 76.4; 
567; 0; 2270.9886; 170; 76.6; 
567; 0; 2254.3556; 170; 76.8; 
567; 0; 2237.7218; 170; 77; 
567; 0; 2222.7517; 170; 77.2; 
567; 0; 2207.7816; 170; 77.4; 
567; 0; 2194.4755; 170; 77.6; 
567; 0; 2181.1694; 170; 77.8; 
567; 0; 2167.8631; 170; 78; 
567; 0; 2162.2704; 170; 78.2; 
567; 0; 2150.8094; 170; 78.4; 
567; 0; 2139.3478; 170; 78.6; 
567; 0; 2128.7044; 170; 78.8; 
567; 0; 2118.0601; 170; 79; 
567; 0; 2108.2342; 170; 79.2; 
567; 0; 2098.4077; 170; 79.4; 
567; 0; 2089.3998; 170; 79.6; 
567; 0; 2080.3915; 170; 79.8; 
567; 0; 2071.3831; 170; 80; 
567; 0; 2063.1936; 170; 80.2; 
567; 0; 2055.8231; 170; 80.4; 
567; 0; 2048.4525; 170; 80.6; 
567; 0; 2040.4279; 170; 80.8; 
567; 0; 2032.8165; 170; 81; 
567; 0; 2026.1566; 170; 81.2; 
567; 0; 2018.5452; 170; 81.4; 
567; 0; 2012.2089; 170; 81.6; 
567; 0; 2006.0295; 170; 81.8; 
567; 0; 2000.7328; 170; 82; 
567; 0; 1995.436; 170; 82.2; 
567; 0; 1991.022; 170; 82.4; 
567; 0; 1985.725; 170; 82.6; 
567; 0; 1981.3108; 170; 82.8; 
567; 0; 1976.8966; 170; 83; 
567; 0; 1973.3651; 170; 83.2; 
567; 0; 1969.8337; 170; 83.4; 
567; 0; 1966.3021; 170; 83.6; 
567; 0; 1962.7706; 170; 83.8; 
567; 0; 1959.239; 170; 84; 
567; 0; 1956.5902; 170; 84.2; 
567; 0; 1953.9415; 170; 84.4; 
567; 0; 1951.2928; 170; 84.6; 
567; 0; 1948.644; 170; 84.8; 
567; 0; 1945.9953; 170; 85; 
567; 0; 1944.2295; 170; 85.2; 
567; 0; 1942.4636; 170; 85.4; 
567; 0; 1940.6976; 170; 85.6; 
567; 0; 1938.9317; 170; 85.8; 
567; 0; 1937.1657; 170; 86; 
567; 0; 1935.3998; 170; 86.2; 
567; 0; 1934.5167; 170; 86.4; 
567; 0; 1932.7506; 170; 86.6; 
567; 0; 1931.8675; 170; 86.8; 
567; 0; 1930.9843; 170; 87; 
567; 0; 1930.1011; 170; 87.2; 
567; 0; 1929.218; 170; 87.4; 
567; 0; 1928.3348; 170; 87.6; 
567; 0; 1928.3345; 170; 87.8; 
567; 0; 1927.4513; 170; 88; 
567; 0; 1926.5681; 170; 88.2; 
567; 0; 1926.5677; 170; 88.4; 
567; 0; 1926.5673; 170; 88.6; 
567; 0; 1925.6841; 170; 88.8; 
567; 0; 1925.6837; 170; 89; 
567; 0; 1925.6833; 170; 89.2; 
567; 0; 1925.683; 170; 89.4; 
567; 0; 1925.6827; 170; 89.6; 
567; 0; 1925.6825; 170; 89.8; 
567; 0; 1925.6822; 170; 90; 
567; 0; 1925.6818; 170; 90.2; 
567; 0; 1925.6815; 170; 90.4; 
567; 0; 1925.6811; 170; 90.6; 
567; 0; 1925.6807; 170; 90.8; 
567; 0; 1926.5631; 170; 91; 
567; 0; 1917.0031; 170; 91.2; 
567; 0; 1917.0026; 170; 91.4; 
567; 0; 1917.896; 170; 91.6; 
567; 0; 1917.8956; 170; 91.8; 
567; 0; 1918.7891; 170; 92; 
567; 0; 1918.7888; 170; 92.2; 
567; 0; 1919.6823; 170; 92.4; 
567; 0; 1920.5758; 170; 92.6; 
567; 0; 1921.4692; 170; 92.8; 
567; 0; 1921.4688; 170; 93; 
567; 0; 1922.3622; 170; 93.2; 
567; 0; 1923.2557; 170; 93.4; 
567; 0; 1924.1491; 170; 93.6; 
567; 0; 1925.0425; 170; 93.8; 
567; 0; 1925.9359; 170; 94; 
567; 0; 1926.8293; 170; 94.2; 
567; 0; 1927.7227; 170; 94.4; 
567; 0; 1928.6161; 170; 94.6; 
567; 0; 1929.5095; 170; 94.8; 
567; 0; 1930.403; 170; 95; 
567; 0; 1931.2964; 170; 95.2; 
567; 0; 1932.19; 170; 95.4; 
567; 0; 1933.9794; 170; 95.6; 
567; 0; 1937.5613; 170; 95.8; 
567; 0; 1942.045; 170; 96; 
567; 0; 1948.3271; 170; 96.2; 
567; 0; 1957.3041; 170; 96.4; 
567; 0; 1967.1911; 170; 96.6; 
567; 0; 1979.779; 170; 96.8; 
567; 0; 1994.1768; 170; 97; 
567; 0; 2009.4931; 170; 97.2; 
567; 0; 2025.4922; 170; 97.4; 
567; 0; 2041.11; 170; 97.6; 
567; 0; 2053.7253; 170; 97.8; 
567; 0; 2066.3513; 170; 98; 
567; 0; 2078.1515; 170; 98.2; 
567; 0; 2088.2889; 170; 98.4; 
567; 0; 2098.4293; 170; 98.6; 
567; 0; 2107.7375; 170; 98.8; 
567; 0; 2116.2129; 170; 99; 
567; 0; 2124.6908; 170; 99.2; 
567; 0; 2133.1721; 170; 99.4; 
567; 0; 2133.8768; 170; 99.6; 
567; 0; 2142.5076; 170; 99.8; 
567; 0; 2150.2959; 170; 100; 
567; 0; 2158.9408; 170; 100.2; 
567; 0; 2166.7435; 170; 100.4; 
567; 0; 2174.5534; 170; 100.6; 
567; 0; 2182.3702; 170; 100.8; 
567; 0; 2190.1936; 170; 101; 
567; 0; 2197.1721; 170; 101.2; 
567; 0; 2204.1555; 170; 101.4; 
567; 0; 2210.292; 170; 101.6; 
567; 0; 2216.432; 170; 101.8; 
567; 0; 2222.5754; 170; 102; 
567; 0; 2227.8699; 170; 102.2; 
567; 0; 2233.1673; 170; 102.4; 
567; 0; 2238.4677; 170; 102.6; 
567; 0; 2243.7712; 170; 102.8; 
567; 0; 2248.2249; 170; 103; 
567; 0; 2252.6814; 170; 103.2; 
567; 0; 2257.141; 170; 103.4; 
567; 0; 2260.7499; 170; 103.6; 
567; 0; 2264.3615; 170; 103.8; 
567; 0; 2268.8302; 170; 104; 
567; 0; 2272.4474; 170; 104.2; 
567; 0; 2275.2123; 170; 104.4; 
567; 0; 2278.8343; 170; 104.6; 
567; 0; 2281.6035; 170; 104.8; 
567; 0; 2284.3746; 170; 105; 
567; 0; 2287.1475; 170; 105.2; 
567; 0; 2289.9221; 170; 105.4; 
567; 0; 2291.8421; 170; 105.6; 
567; 0; 2294.6199; 170; 105.8; 
567; 0; 2296.5426; 170; 106; 
567; 0; 2298.4665; 170; 106.2; 
567; 0; 2300.3917; 170; 106.4; 
567; 0; 2302.3184; 170; 106.6; 
567; 0; 2303.3884; 170; 106.8; 
567; 0; 2305.3175; 170; 107; 
567; 0; 2306.3897; 170; 107.2; 
567; 0; 2308.3214; 170; 107.4; 
567; 0; 2309.3956; 170; 107.6; 
567; 0; 2310.4707; 170; 107.8; 
567; 0; 2311.5465; 170; 108; 
567; 0; 2312.6231; 170; 108.2; 
567; 0; 2313.7005; 170; 108.4; 
567; 0; 2313.9185; 170; 108.6; 
567; 0; 2314.9974; 170; 108.8; 
567; 0; 2315.2164; 170; 109; 
567; 0; 2316.2967; 170; 109.2; 
567; 0; 2316.5165; 170; 109.4; 
567; 0; 2316.7366; 170; 109.6; 
567; 0; 2317.5956; 170; 109.8; 
567; 0; 2317.7246; 170; 110; 
567; 0; 2317.8539; 170; 110.2; 
567; 0; 2317.9834; 170; 110.4; 
567; 0; 2318.1132; 170; 110.6; 
567; 0; 2318.2432; 170; 110.8; 
567; 0; 2318.3735; 170; 111; 
567; 0; 2318.504; 170; 111.2; 
567; 0; 2318.6347; 170; 111.4; 
567; 0; 2318.0635; 170; 111.6; 
567; 0; 2318.1946; 170; 111.8; 
567; 0; 2318.3259; 170; 112; 
567; 0; 2317.7546; 170; 112.2; 
567; 0; 2317.8862; 170; 112.4; 
567; 0; 2318.0181; 170; 112.6; 
567; 0; 2317.4467; 170; 112.8; 
567; 0; 2317.5789; 170; 113; 
567; 0; 2317.0074; 170; 113.2; 
567; 0; 2317.1399; 170; 113.4; 
567; 0; 2316.5683; 170; 113.6; 
567; 0; 2316.7011; 170; 113.8; 
567; 0; 2316.1293; 170; 114; 
567; 0; 2316.2624; 170; 114.2; 
567; 0; 2320.4144; 170; 114.4; 
567; 0; 2319.8469; 170; 114.6; 
567; 0; 2319.9737; 170; 114.8; 
567; 0; 2319.4061; 170; 115; 
567; 0; 2318.8383; 170; 115.2; 
567; 0; 2318.9655; 170; 115.4; 
567; 0; 2318.3976; 170; 115.6; 
567; 0; 2317.8295; 170; 115.8; 
567; 0; 2317.2613; 170; 116; 
567; 0; 2316.6512; 170; 116.2; 
567; 0; 2316.0141; 170; 116.4; 
567; 0; 2315.3768; 170; 116.6; 
567; 0; 2314.7393; 170; 116.8; 
567; 0; 2314.9593; 170; 117; 
567; 0; 2314.3216; 170; 117.2; 
567; 0; 2313.6836; 170; 117.4; 
567; 0; 2313.0454; 170; 117.6; 
567; 0; 2312.407; 170; 117.8; 
567; 0; 2311.7685; 170; 118; 
567; 0; 2311.1297; 170; 118.2; 
567; 0; 2310.4907; 170; 118.4; 
567; 0; 2309.8516; 170; 118.6; 
567; 0; 2309.2123; 170; 118.8; 
567; 0; 2308.5727; 170; 119; 
567; 0; 2307.9329; 170; 119.2; 
567; 0; 2307.2929; 170; 119.4; 
567; 0; 2306.6527; 170; 119.6; 
567; 0; 2306.0123; 170; 119.8; 
567; 0; 2305.3717; 170; 120; 
567; 0; 2305.5928; 170; 120.2; 
567; 0; 2304.9519; 170; 120.4; 
567; 0; 2304.3108; 170; 120.6; 
567; 0; 2303.6694; 170; 120.8; 
567; 0; 2303.0279; 170; 121; 
567; 0; 2302.3861; 170; 121.2; 
567; 0; 2302.6077; 170; 121.4; 
567; 0; 2301.9657; 170; 121.6; 
567; 0; 2301.3234; 170; 121.8; 
567; 0; 2300.681; 170; 122; 
567; 0; 2300.0383; 170; 122.2; 
567; 0; 2299.3955; 170; 122.4; 
567; 0; 2299.6177; 170; 122.6; 
567; 0; 2298.9747; 170; 122.8; 
567; 0; 2298.3314; 170; 123; 
567; 0; 2297.6879; 170; 123.2; 
567; 0; 2297.9105; 170; 123.4; 
567; 0; 2297.2668; 170; 123.6; 
567; 0; 2296.6229; 170; 123.8; 
567; 0; 2295.9787; 170; 124; 
567; 0; 2296.2018; 170; 124.2; 
567; 0; 2295.5574; 170; 124.4; 
567; 0; 2294.9128; 170; 124.6; 
567; 0; 2295.1362; 170; 124.8; 
567; 0; 2294.4913; 170; 125; 
567; 0; 2293.8463; 170; 125.2; 
567; 0; 2294.0701; 170; 125.4; 
567; 0; 2293.4249; 170; 125.6; 
567; 0; 2292.7794; 170; 125.8; 
567; 0; 2293.0037; 170; 126; 
567; 0; 2292.358; 170; 126.2; 
567; 0; 2291.7121; 170; 126.4; 
567; 0; 2291.9366; 170; 126.6; 
567; 0; 2291.2904; 170; 126.8; 
567; 0; 2290.644; 170; 127; 
567; 0; 2290.869; 170; 127.2; 
567; 0; 2290.2224; 170; 127.4; 
567; 0; 2289.5757; 170; 127.6; 
567; 0; 2289.8011; 170; 127.8; 
567; 0; 2289.1541; 170; 128; 
567; 0; 2289.3799; 170; 128.2; 
567; 0; 2288.7326; 170; 128.4; 
567; 0; 2288.9585; 170; 128.6; 
567; 0; 2289.184; 170; 128.8; 
567; 0; 2289.4085; 170; 129; 
567; 0; 2287.8804; 170; 129.2; 
567; 0; 2286.3414; 170; 129.4; 
567; 0; 2283.0366; 170; 129.6; 
567; 0; 2277.9609; 170; 129.8; 
567; 0; 2271.9859; 170; 130; 
567; 0; 2265.1097; 170; 130.2; 
567; 0; 2255.58; 170; 130.4; 
567; 0; 2245.1472; 170; 130.6; 
567; 0; 2232.9358; 170; 130.8; 
567; 0; 2219.8222; 170; 131; 
567; 0; 2205.8086; 170; 131.2; 
567; 0; 2190.9009; 170; 131.4; 
567; 0; 2175.9827; 170; 131.6; 
567; 0; 2162.8126; 170; 131.8; 
567; 0; 2151.3967; 170; 132; 
567; 0; 2141.7397; 170; 132.2; 
567; 0; 2133.8442; 170; 132.4; 
567; 0; 2133.4411; 170; 132.6; 
567; 0; 2127.4154; 170; 132.8; 
567; 0; 2121.3984; 170; 133; 
567; 0; 2114.5253; 170; 133.2; 
567; 0; 2107.6543; 170; 133.4; 
567; 0; 2100.782; 170; 133.6; 
567; 0; 2093.0438; 170; 133.8; 
567; 0; 2084.4381; 170; 134; 
567; 0; 2075.8262; 170; 134.2; 
567; 0; 2067.2084; 170; 134.4; 
567; 0; 2058.586; 170; 134.6; 
567; 0; 2050.8225; 170; 134.8; 
567; 0; 2042.1956; 170; 135; 
567; 0; 2035.2924; 170; 135.2; 
567; 0; 2028.3901; 170; 135.4; 
567; 0; 2021.4896; 170; 135.6; 
567; 0; 2015.519; 170; 135.8; 
567; 0; 2010.7194; 170; 136; 
567; 0; 2005.9214; 170; 136.2; 
567; 0; 2000.8796; 170; 136.4; 
567; 0; 1996.2371; 170; 136.6; 
567; 0; 1991.5949; 170; 136.8; 
567; 0; 1986.9526; 170; 137; 
567; 0; 1982.3096; 170; 137.2; 
567; 0; 1977.6659; 170; 137.4; 
567; 0; 1973.0212; 170; 137.6; 
567; 0; 1969.3048; 170; 137.8; 
567; 0; 1965.5877; 170; 138; 
567; 0; 1961.8701; 170; 138.2; 
567; 0; 1958.1523; 170; 138.4; 
567; 0; 1954.4345; 170; 138.6; 
567; 0; 1951.646; 170; 138.8; 
567; 0; 1948.8576; 170; 139; 
567; 0; 1946.0694; 170; 139.2; 
567; 0; 1943.2815; 170; 139.4; 
567; 0; 1941.4229; 170; 139.6; 
567; 0; 1939.5645; 170; 139.8; 
567; 0; 1936.7771; 170; 140; 
567; 0; 1934.9189; 170; 140.2; 
567; 0; 1933.0606; 170; 140.4; 
567; 0; 1932.1314; 170; 140.6; 
567; 0; 1930.273; 170; 140.8; 
567; 0; 1928.4145; 170; 141; 
567; 0; 1927.485; 170; 141.2; 
567; 0; 1925.6263; 170; 141.4; 
567; 0; 1924.6966; 170; 141.6; 
567; 0; 1923.7668; 170; 141.8; 
567; 0; 1922.8371; 170; 142; 
567; 0; 1921.9072; 170; 142.2; 
567; 0; 1920.9775; 170; 142.4; 
567; 0; 1920.0478; 170; 142.6; 
567; 0; 1920.0473; 170; 142.8; 
567; 0; 1919.1177; 170; 143; 
567; 0; 1918.1881; 170; 143.2; 
567; 0; 1918.1875; 170; 143.4; 
567; 0; 1917.2578; 170; 143.6; 
567; 0; 1917.2572; 170; 143.8; 
567; 0; 1917.2566; 170; 144; 
567; 0; 1917.256; 170; 144.2; 
567; 0; 1916.3264; 170; 144.4; 
567; 0; 1916.3258; 170; 144.6; 
567; 0; 1916.3252; 170; 144.8; 
567; 0; 1916.3247; 170; 145; 
567; 0; 1916.3242; 170; 145.2; 
567; 0; 1916.3236; 170; 145.4; 
567; 0; 1917.2528; 170; 145.6; 
567; 0; 1919.1147; 170; 145.8; 
567; 0; 1921.9131; 170; 146; 
567; 0; 1927.5094; 170; 146.2; 
567; 0; 1934.9778; 170; 146.4; 
567; 0; 1935.5291; 170; 146.6; 
567; 0; 1947.8331; 170; 146.8; 
567; 0; 1961.1014; 170; 147; 
567; 0; 1975.3362; 170; 147.2; 
567; 0; 1989.5949; 170; 147.4; 
567; 0; 2002.4651; 170; 147.6; 
567; 0; 2013.1537; 170; 147.8; 
567; 0; 2023.5542; 170; 148; 
567; 0; 2033.3315; 170; 148.2; 
567; 0; 2042.2324; 170; 148.4; 
567; 0; 2050.2549; 170; 148.6; 
567; 0; 2058.2761; 170; 148.8; 
567; 0; 2065.4184; 170; 149; 
567; 0; 2071.6822; 170; 149.2; 
567; 0; 2077.9471; 170; 149.4; 
567; 0; 2085.0936; 170; 149.6; 
567; 0; 2091.3654; 170; 149.8; 
567; 0; 2097.642; 170; 150; 
567; 0; 2104.8037; 170; 150.2; 
567; 0; 2111.0917; 170; 150.4; 
567; 0; 2117.3852; 170; 150.6; 
567; 0; 2123.6837; 170; 150.8; 
567; 0; 2129.1062; 170; 151; 
567; 0; 2134.5323; 170; 151.2; 
567; 0; 2139.9612; 170; 151.4; 
567; 0; 2144.5116; 170; 151.6; 
567; 0; 2149.0638; 170; 151.8; 
567; 0; 2153.6176; 170; 152; 
567; 0; 2158.173; 170; 152.2; 
567; 0; 2161.8481; 170; 152.4; 
567; 0; 2165.5247; 170; 152.6; 
567; 0; 2169.2031; 170; 152.8; 
567; 0; 2172.0007; 170; 153; 
567; 0; 2175.6828; 170; 153.2; 
567; 0; 2178.4841; 170; 153.4; 
567; 0; 2182.1705; 170; 153.6; 
567; 0; 2184.9756; 170; 153.8; 
567; 0; 2187.7825; 170; 154; 
567; 0; 2189.7073; 170; 154.2; 
567; 0; 2192.5175; 170; 154.4; 
567; 0; 2195.3293; 170; 154.6; 
567; 0; 2197.258; 170; 154.8; 
567; 0; 2199.1878; 170; 155; 
567; 0; 2201.1187; 170; 155.2; 
567; 0; 2203.0505; 170; 155.4; 
567; 0; 2204.9832; 170; 155.6; 
567; 0; 2206.0312; 170; 155.8; 
567; 0; 2207.9657; 170; 156; 
567; 0; 2209.0151; 170; 156.2; 
567; 0; 2210.9514; 170; 156.4; 
567; 0; 2212.0024; 170; 156.6; 
567; 0; 2213.0541; 170; 156.8; 
567; 0; 2214.1065; 170; 157; 
567; 0; 2215.1596; 170; 157.2; 
567; 0; 2216.2134; 170; 157.4; 
567; 0; 2217.2678; 170; 157.6; 
567; 0; 2218.3229; 170; 157.8; 
567; 0; 2219.3788; 170; 158; 
567; 0; 2219.5469; 170; 158.2; 
567; 0; 2220.6039; 170; 158.4; 
567; 0; 2220.7728; 170; 158.6; 
567; 0; 2221.8308; 170; 158.8; 
567; 0; 2222.0002; 170; 159; 
567; 0; 2223.0592; 170; 159.2; 
567; 0; 2223.2292; 170; 159.4; 
567; 0; 2223.3993; 170; 159.6; 
567; 0; 2224.4599; 170; 159.8; 
567; 0; 2224.6306; 170; 160; 
567; 0; 2224.8016; 170; 160.2; 
567; 0; 2224.9727; 170; 160.4; 
567; 0; 2225.1441; 170; 160.6; 
567; 0; 2225.3156; 170; 160.8; 
567; 0; 2225.4874; 170; 161; 
567; 0; 2226.5511; 170; 161.2; 
567; 0; 2226.7231; 170; 161.4; 
567; 0; 2226.8944; 170; 161.6; 
567; 0; 2227.0644; 170; 161.8; 
567; 0; 2227.2322; 170; 162; 
567; 0; 2227.3971; 170; 162.2; 
567; 0; 2227.5584; 170; 162.4; 
567; 0; 2227.7155; 170; 162.6; 
567; 0; 2227.8692; 170; 162.8; 
567; 0; 2228.9148; 170; 163; 
567; 0; 2230.8553; 170; 163.2; 
567; 0; 2233.6937; 170; 163.4; 
567; 0; 2237.433; 170; 163.6; 
567; 0; 2242.0752; 170; 163.8; 
567; 0; 2247.6218; 170; 164; 
567; 0; 2253.1783; 170; 164.2; 
567; 0; 2258.7446; 170; 164.4; 
567; 0; 2263.4239; 170; 164.6; 
567; 0; 2266.316; 170; 164.8; 
567; 0; 2267.3969; 170; 165; 
567; 0; 2266.6601; 170; 165.2; 
567; 0; 2264.1163; 170; 165.4; 
567; 0; 2258.8632; 170; 165.6; 
567; 0; 2252.6891; 170; 165.8; 
567; 0; 2244.695; 170; 166; 
567; 0; 2234.8793; 170; 166.2; 
567; 0; 2222.3452; 170; 166.4; 
567; 0; 2208.8876; 170; 166.6; 
567; 0; 2193.6121; 170; 166.8; 
567; 0; 2177.4213; 170; 167; 
567; 0; 2161.2204; 170; 167.2; 
567; 0; 2147.7071; 170; 167.4; 
567; 0; 2136.8879; 170; 167.6; 
567; 0; 2129.6638; 170; 167.8; 
567; 0; 2126.9338; 170; 168; 
567; 0; 2126.9068; 170; 168.2; 
567; 0; 2129.5842; 170; 168.4; 
567; 0; 2132.2784; 170; 168.6; 
567; 0; 2134.9891; 170; 168.8; 
567; 0; 2135.9211; 170; 169; 
567; 0; 2134.1727; 170; 169.2; 
567; 0; 2130.6335; 170; 169.4; 
567; 0; 2124.3999; 170; 169.6; 
567; 0; 2118.156; 170; 169.8; 
567; 0; 2110.1057; 170; 170; 
567; 0; 2101.1453; 170; 170.2; 
567; 0; 2091.2763; 170; 170.4; 
567; 0; 2081.3988; 170; 170.6; 
567; 0; 2071.5166; 170; 170.8; 
567; 0; 2062.5298; 170; 171; 
567; 0; 2061.8568; 170; 171.2; 
567; 0; 2054.7819; 170; 171.4; 
567; 0; 2048.594; 170; 171.6; 
567; 0; 2043.2934; 170; 171.8; 
567; 0; 2037.9973; 170; 172; 
567; 0; 2033.5871; 170; 172.2; 
567; 0; 2029.1795; 170; 172.4; 
567; 0; 2023.8908; 170; 172.6; 
567; 0; 2019.4847; 170; 172.8; 
567; 0; 2015.1712; 170; 173; 
567; 0; 2010.2627; 170; 173.2; 
567; 0; 2006.1715; 170; 173.4; 
567; 0; 2001.2601; 170; 173.6; 
567; 0; 1997.1662; 170; 173.8; 
567; 0; 1993.0715; 170; 174; 
567; 0; 1988.9762; 170; 174.2; 
567; 0; 1984.8807; 170; 174.4; 
567; 0; 1980.1529; 170; 174.6; 
567; 0; 1976.3455; 170; 174.8; 
567; 0; 1972.5387; 170; 175; 
567; 0; 1969.6838; 170; 175.2; 
567; 0; 1965.8783; 170; 175.4; 
567; 0; 1963.0245; 170; 175.6; 
567; 0; 1960.1711; 170; 175.8; 
567; 0; 1957.318; 170; 176; 
567; 0; 1954.465; 170; 176.2; 
567; 0; 1952.5631; 170; 176.4; 
567; 0; 1949.7099; 170; 176.6; 
567; 0; 1947.8077; 170; 176.8; 
567; 0; 1945.9053; 170; 177; 
567; 0; 1944.0026; 170; 177.2; 
567; 0; 1942.0997; 170; 177.4; 
567; 0; 1940.1967; 170; 177.6; 
567; 0; 1938.2936; 170; 177.8; 
567; 0; 1936.3905; 170; 178; 
567; 0; 1935.4387; 170; 178.2; 
567; 0; 1933.5358; 170; 178.4; 
567; 0; 1932.5841; 170; 178.6; 
567; 0; 1930.6814; 170; 178.8; 
567; 0; 1929.73; 170; 179; 
567; 0; 1928.7785; 170; 179.2; 
567; 0; 1927.8269; 170; 179.4; 
567; 0; 1926.8754; 170; 179.6; 
567; 0; 1925.9238; 170; 179.8; 
567; 0; 1925.9234; 170; 180; 
567; 0; 1924.9718; 170; 180.2; 
567; 0; 1924.0202; 170; 180.4; 
567; 0; 1924.0197; 170; 180.6; 
567; 0; 1923.0681; 170; 180.8; 
567; 0; 1923.0676; 170; 181; 
567; 0; 1922.116; 170; 181.2; 
567; 0; 1922.1155; 170; 181.4; 
567; 0; 1921.1638; 170; 181.6; 
567; 0; 1921.1633; 170; 181.8; 
567; 0; 1921.1628; 170; 182; 
567; 0; 1921.1623; 170; 182.2; 
567; 0; 1920.2106; 170; 182.4; 
567; 0; 1920.2102; 170; 182.6; 
567; 0; 1920.2097; 170; 182.8; 
567; 0; 1920.2092; 170; 183; 
567; 0; 1920.2087; 170; 183.2; 
567; 0; 1920.2082; 170; 183.4; 
567; 0; 1920.2077; 170; 183.6; 
567; 0; 1920.2072; 170; 183.8; 
567; 0; 1920.2067; 170; 184; 
567; 0; 1920.2063; 170; 184.2; 
567; 0; 1920.2058; 170; 184.4; 
567; 0; 1920.2054; 170; 184.6; 
567; 0; 1921.1561; 170; 184.8; 
567; 0; 1921.1557; 170; 185; 
567; 0; 1921.1552; 170; 185.2; 
567; 0; 1921.1548; 170; 185.4; 
567; 0; 1921.1543; 170; 185.6; 
567; 0; 1921.1538; 170; 185.8; 
567; 0; 1922.1044; 170; 186; 
567; 0; 1922.1039; 170; 186.2; 
567; 0; 1922.1034; 170; 186.4; 
567; 0; 1913.2722; 170; 186.6; 
567; 0; 1914.2347; 170; 186.8; 
567; 0; 1914.2342; 170; 187; 
567; 0; 1914.2337; 170; 187.2; 
567; 0; 1915.1962; 170; 187.4; 
567; 0; 1915.1957; 170; 187.6; 
567; 0; 1916.1582; 170; 187.8; 
567; 0; 1916.1577; 170; 188; 
567; 0; 1917.1202; 170; 188.2; 
567; 0; 1917.1198; 170; 188.4; 
567; 0; 1918.0822; 170; 188.6; 
567; 0; 1918.0818; 170; 188.8; 
567; 0; 1919.0442; 170; 189; 
567; 0; 1920.0067; 170; 189.2; 
567; 0; 1920.0062; 170; 189.4; 
567; 0; 1920.9687; 170; 189.6; 
567; 0; 1921.9311; 170; 189.8; 
567; 0; 1921.9306; 170; 190; 
567; 0; 1922.8931; 170; 190.2; 
567; 0; 1923.8555; 170; 190.4; 
567; 0; 1924.8178; 170; 190.6; 
567; 0; 1924.817; 170; 190.8; 
567; 0; 1925.7791; 170; 191; 
567; 0; 1925.7783; 170; 191.2; 
567; 0; 1926.7405; 170; 191.4; 
567; 0; 1927.7028; 170; 191.6; 
567; 0; 1927.7024; 170; 191.8; 
567; 0; 1928.6651; 170; 192; 
567; 0; 1929.6279; 170; 192.2; 
567; 0; 1929.6277; 170; 192.4; 
567; 0; 1930.5905; 170; 192.6; 
567; 0; 1930.5903; 170; 192.8; 
567; 0; 1931.5529; 170; 193; 
567; 0; 1931.5526; 170; 193.2; 
567; 0; 1932.5151; 170; 193.4; 
567; 0; 1932.5147; 170; 193.6; 
567; 0; 1933.4772; 170; 193.8; 
567; 0; 1933.4768; 170; 194; 
567; 0; 1934.4392; 170; 194.2; 
567; 0; 1934.4388; 170; 194.4; 
567; 0; 1935.4012; 170; 194.6; 
567; 0; 1935.4008; 170; 194.8; 
567; 0; 1935.4003; 170; 195; 
567; 0; 1936.3628; 170; 195.2; 
567; 0; 1936.3624; 170; 195.4; 
567; 0; 1937.3248; 170; 195.6; 
567; 0; 1937.3243; 170; 195.8; 
567; 0; 1937.3239; 170; 196; 
567; 0; 1938.2863; 170; 196.2; 
567; 0; 1938.2859; 170; 196.4; 
567; 0; 1938.2854; 170; 196.6; 
567; 0; 1938.285; 170; 196.8; 
567; 0; 1939.2475; 170; 197; 
567; 0; 1939.2471; 170; 197.2; 
567; 0; 1939.2467; 170; 197.4; 
567; 0; 1940.2092; 170; 197.6; 
567; 0; 1940.2088; 170; 197.8; 
567; 0; 1940.2084; 170; 198; 
567; 0; 1940.208; 170; 198.2; 
567; 0; 1941.1706; 170; 198.4; 
567; 0; 1941.1703; 170; 198.6; 
567; 0; 1941.1699; 170; 198.8; 
567; 0; 1941.1696; 170; 199; 
567; 0; 1942.1321; 170; 199.2; 
567; 0; 1942.1316; 170; 199.4; 
567; 0; 1942.1312; 170; 199.6; 
567; 0; 1942.1307; 170; 199.8; 
567; 0; 1942.1303; 170; 200; 
567; 0; 1943.0928; 170; 200.2; 
567; 0; 1943.0924; 170; 200.4; 
567; 0; 1943.092; 170; 200.6; 
567; 0; 1943.0916; 170; 200.8; 
567; 0; 1943.0913; 170; 201; 
567; 0; 1943.0909; 170; 201.2; 
567; 0; 1944.0534; 170; 201.4; 
567; 0; 1944.0531; 170; 201.6; 
567; 0; 1944.0527; 170; 201.8; 
567; 0; 1944.0524; 170; 202; 
567; 0; 1944.0521; 170; 202.2; 
567; 0; 1944.0517; 170; 202.4; 
567; 0; 1945.0143; 170; 202.6; 
567; 0; 1945.0139; 170; 202.8; 
567; 0; 1945.0135; 170; 203; 
567; 0; 1945.013; 170; 203.2; 
567; 0; 1945.0126; 170; 203.4; 
567; 0; 1945.0122; 170; 203.6; 
567; 0; 1945.0119; 170; 203.8; 
567; 0; 1945.0115; 170; 204; 
567; 0; 1945.9741; 170; 204.2; 
567; 0; 1945.9738; 170; 204.4; 
567; 0; 1945.9735; 170; 204.6; 
567; 0; 1945.9731; 170; 204.8; 
567; 0; 1945.9727; 170; 205; 
567; 0; 1945.9722; 170; 205.2; 
567; 0; 1945.9719; 170; 205.4; 
567; 0; 1945.9715; 170; 205.6; 
567; 0; 1945.9711; 170; 205.8; 
567; 0; 1945.9708; 170; 206; 
567; 0; 1946.9333; 170; 206.2; 
567; 0; 1946.933; 170; 206.4; 
567; 0; 1946.9328; 170; 206.6; 
567; 0; 1946.9325; 170; 206.8; 
567; 0; 1946.9322; 170; 207; 
567; 0; 1946.9319; 170; 207.2; 
567; 0; 1946.9315; 170; 207.4; 
567; 0; 1946.9312; 170; 207.6; 
567; 0; 1946.9308; 170; 207.8; 
567; 0; 1946.9304; 170; 208; 
567; 0; 1947.8929; 170; 208.2; 
567; 0; 1947.8926; 170; 208.4; 
567; 0; 1947.8922; 170; 208.6; 
567; 0; 1947.8918; 170; 208.8; 
567; 0; 1947.8915; 170; 209; 
567; 0; 1948.854; 170; 209.2; 
567; 0; 1948.8536; 170; 209.4; 
567; 0; 1948.8533; 170; 209.6; 
567; 0; 1948.8529; 170; 209.8; 
567; 0; 1948.8526; 170; 210; 
567; 0; 1948.8522; 170; 210.2; 
567; 0; 1948.8519; 170; 210.4; 
567; 0; 1949.8143; 170; 210.6; 
567; 0; 1949.814; 170; 210.8; 
567; 0; 1949.8137; 170; 211; 
567; 0; 1949.8135; 170; 211.2; 
567; 0; 1949.8133; 170; 211.4; 
567; 0; 1949.813; 170; 211.6; 
567; 0; 1949.8127; 170; 211.8; 
567; 0; 1949.8124; 170; 212; 
567; 0; 1949.812; 170; 212.2; 
567; 0; 1949.8116; 170; 212.4; 
567; 0; 1950.7741; 170; 212.6; 
567; 0; 1950.7738; 170; 212.8; 
567; 0; 1950.7734; 170; 213; 
567; 0; 1950.773; 170; 213.2; 
567; 0; 1950.7727; 170; 213.4; 
567; 0; 1950.7724; 170; 213.6; 
567; 0; 1950.7721; 170; 213.8; 
567; 0; 1950.7718; 170; 214; 
567; 0; 1950.7715; 170; 214.2; 
567; 0; 1950.7711; 170; 214.4; 
567; 0; 1950.7708; 170; 214.6; 
567; 0; 1950.7705; 170; 214.8; 
567; 0; 1950.7701; 170; 215; 
567; 0; 1950.7698; 170; 215.2; 
567; 0; 1950.7695; 170; 215.4; 
567; 0; 1950.7692; 170; 215.6; 
567; 0; 1950.7689; 170; 215.8; 
567; 0; 1950.7686; 170; 216; 
567; 0; 1950.7683; 170; 216.2; 
567; 0; 1950.768; 170; 216.4; 
567; 0; 1950.7677; 170; 216.6; 
567; 0; 1950.7674; 170; 216.8; 
567; 0; 1950.7672; 170; 217; 
567; 0; 1950.7668; 170; 217.2; 
567; 0; 1950.7665; 170; 217.4; 
567; 0; 1950.7661; 170; 217.6; 
567; 0; 1951.7286; 170; 217.8; 
567; 0; 1951.7281; 170; 218; 
567; 0; 1951.7272; 170; 218.2; 
567; 0; 1952.6882; 170; 218.4; 
567; 0; 1952.685; 170; 218.6; 
567; 0; 1952.6802; 170; 218.8; 
567; 0; 1953.6358; 170; 219; 
567; 0; 1953.6258; 170; 219.2; 
567; 0; 1953.6129; 170; 219.4; 
567; 0; 1953.5983; 170; 219.6; 
567; 0; 1955.5086; 170; 219.8; 
567; 0; 1957.42; 170; 220; 
567; 0; 1961.2594; 170; 220.2; 
567; 0; 1966.0653; 170; 220.4; 
567; 0; 1971.8386; 170; 220.6; 
567; 0; 1977.5203; 170; 220.8; 
567; 0; 1983.345; 170; 221; 
567; 0; 1987.5094; 170; 221.2; 
567; 0; 1992.507; 170; 221.4; 
567; 0; 1995.8427; 170; 221.6; 
567; 0; 1998.3468; 170; 221.8; 
567; 0; 2000.8499; 170; 222; 
567; 0; 2002.5196; 170; 222.2; 
567; 0; 2003.3554; 170; 222.4; 
567; 0; 2004.1887; 170; 222.6; 
567; 0; 2004.188; 170; 222.8; 
567; 0; 2004.1852; 170; 223; 
567; 0; 2004.1808; 170; 223.2; 
567; 0; 2005.007; 170; 223.4; 
567; 0; 2005.833; 170; 223.6; 
567; 0; 2006.6592; 170; 223.8; 
567; 0; 2007.4863; 170; 224; 
567; 0; 2009.1461; 170; 224.2; 
567; 0; 2010.8074; 170; 224.4; 
567; 0; 2013.3016; 170; 224.6; 
567; 0; 2014.9662; 170; 224.8; 
567; 0; 2016.6533; 170; 225; 
567; 0; 2018.4516; 170; 225.2; 
567; 0; 2020.2518; 170; 225.4; 
567; 0; 2021.1569; 170; 225.6; 
567; 0; 2021.166; 170; 225.8; 
567; 0; 2020.2781; 170; 226; 
567; 0; 2019.3885; 170; 226.2; 
567; 0; 2017.6005; 170; 226.4; 
567; 0; 2015.8504; 170; 226.6; 
567; 0; 2014.1868; 170; 226.8; 
567; 0; 2011.6895; 170; 227; 
567; 0; 2009.1908; 170; 227.2; 
567; 0; 2006.6912; 170; 227.4; 
567; 0; 2005.0229; 170; 227.6; 
567; 0; 2003.3552; 170; 227.8; 
567; 0; 2001.6884; 170; 228; 
567; 0; 2000.8544; 170; 228.2; 
567; 0; 1999.1901; 170; 228.4; 
567; 0; 1998.3586; 170; 228.6; 
567; 0; 1997.528; 170; 228.8; 
567; 0; 1995.8666; 170; 229; 
567; 0; 1995.0372; 170; 229.2; 
567; 0; 1994.2078; 170; 229.4; 
567; 0; 1992.5465; 170; 229.6; 
567; 0; 1990.8848; 170; 229.8; 
567; 0; 1990.0541; 170; 230; 
567; 0; 1988.3912; 170; 230.2; 
567; 0; 1986.7278; 170; 230.4; 
567; 0; 1985.064; 170; 230.6; 
567; 0; 1983.3999; 170; 230.8; 
567; 0; 1982.5674; 170; 231; 
567; 0; 1980.9033; 170; 231.2; 
567; 0; 1980.0709; 170; 231.4; 
567; 0; 1978.4071; 170; 231.6; 
567; 0; 1977.5751; 170; 231.8; 
567; 0; 1976.7377; 170; 232; 
567; 0; 1974.8121; 170; 232.2; 
567; 0; 1973.8495; 170; 232.4; 
567; 0; 1972.887; 170; 232.6; 
567; 0; 1971.9246; 170; 232.8; 
567; 0; 1970.9622; 170; 233; 
567; 0; 1969.9996; 170; 233.2; 
567; 0; 1969.037; 170; 233.4; 
567; 0; 1968.0743; 170; 233.6; 
567; 0; 1967.1114; 170; 233.8; 
567; 0; 1966.1484; 170; 234; 
567; 0; 1965.1852; 170; 234.2; 
567; 0; 1964.2221; 170; 234.4; 
567; 0; 1963.2589; 170; 234.6; 
567; 0; 1962.2957; 170; 234.8; 
567; 0; 1961.3326; 170; 235; 
567; 0; 1960.3695; 170; 235.2; 
567; 0; 1960.3693; 170; 235.4; 
567; 0; 1959.4063; 170; 235.6; 
567; 0; 1958.4435; 170; 235.8; 
567; 0; 1958.4433; 170; 236; 
567; 0; 1957.4804; 170; 236.2; 
567; 0; 1956.5175; 170; 236.4; 
567; 0; 1956.5173; 170; 236.6; 
567; 0; 1955.5544; 170; 236.8; 
567; 0; 1955.5542; 170; 237; 
567; 0; 1954.5912; 170; 237.2; 
567; 0; 1954.591; 170; 237.4; 
567; 0; 1953.6279; 170; 237.6; 
567; 0; 1953.6277; 170; 237.8; 
567; 0; 1952.6647; 170; 238; 
567; 0; 1952.6644; 170; 238.2; 
567; 0; 1952.6642; 170; 238.4; 
567; 0; 1951.7011; 170; 238.6; 
567; 0; 1951.7008; 170; 238.8; 
567; 0; 1951.7005; 170; 239; 
567; 0; 1950.7375; 170; 239.2; 
567; 0; 1950.7372; 170; 239.4; 
567; 0; 1950.737; 170; 239.6; 
567; 0; 1949.774; 170; 239.8; 
567; 0; 1949.7737; 170; 240; 
567; 0; 1949.7735; 170; 240.2; 
567; 0; 1949.7732; 170; 240.4; 
567; 0; 1948.8102; 170; 240.6; 
567; 0; 1948.81; 170; 240.8; 
567; 0; 1948.8098; 170; 241; 
567; 0; 1948.8095; 170; 241.2; 
567; 0; 1947.8464; 170; 241.4; 
567; 0; 1947.8461; 170; 241.6; 
567; 0; 1947.8458; 170; 241.8; 
567; 0; 1947.8455; 170; 242; 
567; 0; 1947.8452; 170; 242.2; 
567; 0; 1947.8449; 170; 242.4; 
567; 0; 1947.8446; 170; 242.6; 
567; 0; 1946.8816; 170; 242.8; 
567; 0; 1946.8813; 170; 243; 
567; 0; 1946.8811; 170; 243.2; 
567; 0; 1946.8808; 170; 243.4; 
567; 0; 1946.8806; 170; 243.6; 
567; 0; 1946.8803; 170; 243.8; 
567; 0; 1946.8801; 170; 244; 
567; 0; 1946.8799; 170; 244.2; 
567; 0; 1946.8797; 170; 244.4; 
567; 0; 1946.8794; 170; 244.6; 
567; 0; 1946.8791; 170; 244.8; 
567; 0; 1946.8787; 170; 245; 
567; 0; 1946.8784; 170; 245.2; 
567; 0; 1946.8781; 170; 245.4; 
567; 0; 1945.915; 170; 245.6; 
567; 0; 1945.9147; 170; 245.8; 
567; 0; 1945.9145; 170; 246; 
567; 0; 1946.877; 170; 246.2; 
567; 0; 1946.8765; 170; 246.4; 
567; 0; 1947.8382; 170; 246.6; 
567; 0; 1947.836; 170; 246.8; 
567; 0; 1947.8324; 170; 247; 
567; 0; 1947.8275; 170; 247.2; 
567; 0; 1947.8218; 170; 247.4; 
567; 0; 1947.8161; 170; 247.6; 
567; 0; 1947.8112; 170; 247.8; 
567; 0; 1948.7709; 170; 248; 
567; 0; 1950.6956; 170; 248.2; 
567; 0; 1951.6599; 170; 248.4; 
567; 0; 1952.6263; 170; 248.6; 
567; 0; 1954.5569; 170; 248.8; 
567; 0; 1955.5257; 170; 249; 
567; 0; 1956.4946; 170; 249.2; 
567; 0; 1956.5002; 170; 249.4; 
567; 0; 1957.4674; 170; 249.6; 
567; 0; 1957.4704; 170; 249.8; 
567; 0; 1956.5092; 170; 250; 
567; 0; 1956.5092; 170; 250.2; 
567; 0; 1956.5081; 170; 250.4; 
567; 0; 1955.5434; 170; 250.6; 
567; 0; 1955.5411; 170; 250.8; 
567; 0; 1955.5388; 170; 251; 
567; 0; 1954.5739; 170; 251.2; 
567; 0; 1954.5722; 170; 251.4; 
567; 0; 1954.5709; 170; 251.6; 
567; 0; 1954.5702; 170; 251.8; 
567; 0; 1953.6071; 170; 252; 
567; 0; 1953.6071; 170; 252.2; 
567; 0; 1953.6073; 170; 252.4; 
567; 0; 1953.6076; 170; 252.6; 
567; 0; 1953.6079; 170; 252.8; 
567; 0; 1953.608; 170; 253; 
567; 0; 1952.6452; 170; 253.2; 
567; 0; 1952.6451; 170; 253.4; 
567; 0; 1952.6448; 170; 253.6; 
567; 0; 1952.6444; 170; 253.8; 
567; 0; 1951.6813; 170; 254; 
567; 0; 1951.6808; 170; 254.2; 
567; 0; 1951.6805; 170; 254.4; 
567; 0; 1951.6801; 170; 254.6; 
567; 0; 1951.6798; 170; 254.8; 
567; 0; 1950.7167; 170; 255; 
567; 0; 1950.7163; 170; 255.2; 
567; 0; 1950.716; 170; 255.4; 
567; 0; 1950.7158; 170; 255.6; 
567; 0; 1950.7155; 170; 255.8; 
567; 0; 1950.7153; 170; 256; 
567; 0; 1950.715; 170; 256.2; 
567; 0; 1949.7521; 170; 256.4; 
567; 0; 1949.7519; 170; 256.6; 
567; 0; 1949.7516; 170; 256.8; 
567; 0; 1949.7514; 170; 257; 
567; 0; 1949.7511; 170; 257.2; 
567; 0; 1949.7508; 170; 257.4; 
567; 0; 1949.7504; 170; 257.6; 
567; 0; 1950.7121; 170; 257.8; 
567; 0; 1950.7101; 170; 258; 
567; 0; 1950.7067; 170; 258.2; 
567; 0; 1950.7014; 170; 258.4; 
567; 0; 1951.6564; 170; 258.6; 
567; 0; 1950.683; 170; 258.8; 
567; 0; 1951.6323; 170; 259; 
567; 0; 1951.6174; 170; 259.2; 
567; 0; 1953.5277; 170; 259.4; 
567; 0; 1956.4021; 170; 259.6; 
567; 0; 1960.2421; 170; 259.8; 
567; 0; 1965.0489; 170; 260; 
567; 0; 1970.823; 170; 260.2; 
567; 0; 1977.4863; 170; 260.4; 
567; 0; 1982.4799; 170; 260.6; 
567; 0; 1986.6445; 170; 260.8; 
567; 0; 1990.8107; 170; 261; 
567; 0; 1994.146; 170; 261.2; 
567; 0; 1997.481; 170; 261.4; 
567; 0; 1999.1518; 170; 261.6; 
567; 0; 2000.8206; 170; 261.8; 
567; 0; 2001.6555; 170; 262; 
567; 0; 2001.6564; 170; 262.2; 
567; 0; 2001.655; 170; 262.4; 
567; 0; 2002.4831; 170; 262.6; 
567; 0; 2002.4784; 170; 262.8; 
567; 0; 2003.3045; 170; 263; 
567; 0; 2004.1306; 170; 263.2; 
567; 0; 2004.9572; 170; 263.4; 
567; 0; 2006.6162; 170; 263.6; 
567; 0; 2007.4451; 170; 263.8; 
567; 0; 2009.9382; 170; 264; 
567; 0; 2011.6013; 170; 264.2; 
567; 0; 2013.2654; 170; 264.4; 
567; 0; 2014.9305; 170; 264.6; 
567; 0; 2015.7647; 170; 264.8; 
567; 0; 2016.6168; 170; 265; 
567; 0; 2018.4119; 170; 265.2; 
567; 0; 2018.4143; 170; 265.4; 
567; 0; 2019.3122; 170; 265.6; 
567; 0; 2019.313; 170; 265.8; 
567; 0; 2019.313; 170; 266; 
567; 0; 2019.3123; 170; 266.2; 
567; 0; 2019.3109; 170; 266.4; 
567; 0; 2019.3092; 170; 266.6; 
567; 0; 2020.2034; 170; 266.8; 
567; 0; 2020.2015; 170; 267; 
567; 0; 2020.1999; 170; 267.2; 
567; 0; 2021.0947; 170; 267.4; 
567; 0; 2021.0939; 170; 267.6; 
567; 0; 2021.9897; 170; 267.8; 
567; 0; 2022.886; 170; 268; 
567; 0; 2023.7833; 170; 268.2; 
567; 0; 2024.682; 170; 268.4; 
567; 0; 2024.6861; 170; 268.6; 
567; 0; 2025.588; 170; 268.8; 
567; 0; 2025.595; 170; 269; 
567; 0; 2024.7064; 170; 269.2; 
567; 0; 2023.8176; 170; 269.4; 
567; 0; 2022.9279; 170; 269.6; 
567; 0; 2020.2441; 170; 269.8; 
567; 0; 2018.4545; 170; 270; 
567; 0; 2015.81; 170; 270.2; 
567; 0; 2013.3141; 170; 270.4; 
567; 0; 2010.8167; 170; 270.6; 
567; 0; 2007.4868; 170; 270.8; 
567; 0; 2004.9881; 170; 271; 
567; 0; 2003.321; 170; 271.2; 
567; 0; 2000.823; 170; 271.4; 
567; 0; 1999.1574; 170; 271.6; 
567; 0; 1997.4929; 170; 271.8; 
567; 0; 1995.8293; 170; 272; 
567; 0; 1994.1666; 170; 272.2; 
567; 0; 1993.3361; 170; 272.4; 
567; 0; 1991.6745; 170; 272.6; 
567; 0; 1990.013; 170; 272.8; 
567; 0; 1988.3515; 170; 273; 
567; 0; 1987.5212; 170; 273.2; 
567; 0; 1985.859; 170; 273.4; 
567; 0; 1984.1964; 170; 273.6; 
567; 0; 1982.5333; 170; 273.8; 
567; 0; 1980.87; 170; 274; 
567; 0; 1979.2063; 170; 274.2; 
567; 0; 1977.5426; 170; 274.4; 
567; 0; 1976.687; 170; 274.6; 
567; 0; 1974.7605; 170; 274.8; 
567; 0; 1973.797; 170; 275; 
567; 0; 1971.871; 170; 275.2; 
567; 0; 1970.908; 170; 275.4; 
567; 0; 1969.9453; 170; 275.6; 
567; 0; 1968.9828; 170; 275.8; 
567; 0; 1968.0205; 170; 276; 
567; 0; 1967.0582; 170; 276.2; 
567; 0; 1966.0958; 170; 276.4; 
567; 0; 1965.1333; 170; 276.6; 
567; 0; 1964.1707; 170; 276.8; 
567; 0; 1963.2079; 170; 277; 
567; 0; 1962.245; 170; 277.2; 
567; 0; 1961.282; 170; 277.4; 
567; 0; 1960.3189; 170; 277.6; 
567; 0; 1959.3558; 170; 277.8; 
567; 0; 1958.3927; 170; 278; 
567; 0; 1957.4297; 170; 278.2; 
567; 0; 1957.4295; 170; 278.4; 
567; 0; 1956.4667; 170; 278.6; 
567; 0; 1955.5039; 170; 278.8; 
567; 0; 1955.5039; 170; 279; 
567; 0; 1954.5412; 170; 279.2; 
567; 0; 1953.5784; 170; 279.4; 
567; 0; 1953.5783; 170; 279.6; 
567; 0; 1952.6155; 170; 279.8; 
567; 0; 1952.6153; 170; 280; 
567; 0; 1951.6525; 170; 280.2; 
567; 0; 1951.6523; 170; 280.4; 
567; 0; 1950.6894; 170; 280.6; 
567; 0; 1950.6892; 170; 280.8; 
567; 0; 1950.6891; 170; 281; 
567; 0; 1949.7262; 170; 281.2; 
567; 0; 1949.7261; 170; 281.4; 
567; 0; 1948.7632; 170; 281.6; 
567; 0; 1948.763; 170; 281.8; 
567; 0; 1948.7628; 170; 282; 
567; 0; 1948.7627; 170; 282.2; 
567; 0; 1947.7998; 170; 282.4; 
567; 0; 1947.7996; 170; 282.6; 
567; 0; 1947.7994; 170; 282.8; 
567; 0; 1947.7992; 170; 283; 
567; 0; 1946.8362; 170; 283.2; 
567; 0; 1946.8359; 170; 283.4; 
567; 0; 1946.8357; 170; 283.6; 
567; 0; 1946.8355; 170; 283.8; 
567; 0; 1946.8354; 170; 284; 
567; 0; 1945.8726; 170; 284.2; 
567; 0; 1945.8724; 170; 284.4; 
567; 0; 1945.8723; 170; 284.6; 
567; 0; 1945.8721; 170; 284.8; 
567; 0; 1945.8719; 170; 285; 
567; 0; 1945.8717; 170; 285.2; 
567; 0; 1945.8715; 170; 285.4; 
567; 0; 1945.8713; 170; 285.6; 
567; 0; 1945.8712; 170; 285.8; 
567; 0; 1945.8709; 170; 286; 
567; 0; 1944.908; 170; 286.2; 
567; 0; 1944.9078; 170; 286.4; 
567; 0; 1944.9076; 170; 286.6; 
567; 0; 1944.9073; 170; 286.8; 
567; 0; 1944.9071; 170; 287; 
567; 0; 1944.9069; 170; 287.2; 
567; 0; 1944.9067; 170; 287.4; 
567; 0; 1944.9065; 170; 287.6; 
567; 0; 1944.9063; 170; 287.8; 
567; 0; 1944.9061; 170; 288; 
567; 0; 1944.9058; 170; 288.2; 
567; 0; 1945.8682; 170; 288.4; 
567; 0; 1945.8678; 170; 288.6; 
567; 0; 1945.867; 170; 288.8; 
567; 0; 1945.866; 170; 289; 
567; 0; 1945.8649; 170; 289.2; 
567; 0; 1945.8637; 170; 289.4; 
567; 0; 1945.8626; 170; 289.6; 
567; 0; 1945.8618; 170; 289.8; 
567; 0; 1946.8242; 170; 290; 
567; 0; 1946.8243; 170; 290.2; 
567; 0; 1946.8249; 170; 290.4; 
567; 0; 1946.8257; 170; 290.6; 
567; 0; 1947.7894; 170; 290.8; 
567; 0; 1947.7903; 170; 291; 
567; 0; 1947.7911; 170; 291.2; 
567; 0; 1947.7917; 170; 291.4; 
567; 0; 1947.7921; 170; 291.6; 
567; 0; 1947.7921; 170; 291.8; 
567; 0; 1947.7919; 170; 292; 
567; 0; 1947.7915; 170; 292.2; 
567; 0; 1947.7909; 170; 292.4; 
567; 0; 1947.7903; 170; 292.6; 
567; 0; 1946.827; 170; 292.8; 
567; 0; 1946.8264; 170; 293; 
567; 0; 1946.8259; 170; 293.2; 
567; 0; 1946.8255; 170; 293.4; 
567; 0; 1946.8251; 170; 293.6; 
567; 0; 1946.8248; 170; 293.8; 
567; 0; 1946.8246; 170; 294; 
567; 0; 1946.8244; 170; 294.2; 
567; 0; 1946.8242; 170; 294.4; 
567; 0; 1946.8241; 170; 294.6; 
567; 0; 1946.8239; 170; 294.8; 
567; 0; 1946.8237; 170; 295; 
567; 0; 1946.8234; 170; 295.2; 
567; 0; 1946.8232; 170; 295.4; 
567; 0; 1946.8231; 170; 295.6; 
567; 0; 1946.823; 170; 295.8; 
567; 0; 1946.8227; 170; 296; 
567; 0; 1946.8225; 170; 296.2; 
567; 0; 1946.8222; 170; 296.4; 
567; 0; 1946.8219; 170; 296.6; 
567; 0; 1946.8217; 170; 296.8; 
567; 0; 1946.8215; 170; 297; 
567; 0; 1946.8213; 170; 297.2; 
567; 0; 1946.8211; 170; 297.4; 
567; 0; 1946.8209; 170; 297.6; 
567; 0; 1946.8207; 170; 297.8; 
567; 0; 1946.8206; 170; 298; 
567; 0; 1947.7829; 170; 298.2; 
567; 0; 1947.7818; 170; 298.4; 
567; 0; 1947.7796; 170; 298.6; 
567; 0; 1948.7382; 170; 298.8; 
567; 0; 1948.7319; 170; 299; 
567; 0; 1948.7229; 170; 299.2; 
567; 0; 1948.7109; 170; 299.4; 
567; 0; 1949.6593; 170; 299.6; 
567; 0; 1950.607; 170; 299.8; 
567; 0; 1953.4804; 170; 300; 
567; 0; 1956.3561; 170; 300.2; 
567; 0; 1961.1605; 170; 300.4; 
567; 0; 1966.932; 170; 300.6; 
567; 0; 1972.7084; 170; 300.8; 
567; 0; 1978.2931; 170; 301; 
567; 0; 1983.2875; 170; 301.2; 
567; 0; 1987.4526; 170; 301.4; 
567; 0; 1990.7873; 170; 301.6; 
567; 0; 1994.1221; 170; 301.8; 
567; 0; 1995.7933; 170; 302; 
567; 0; 1997.4627; 170; 302.2; 
567; 0; 1999.1298; 170; 302.4; 
567; 0; 1999.1317; 170; 302.6; 
567; 0; 1999.9626; 170; 302.8; 
567; 0; 1999.9601; 170; 303; 
567; 0; 1999.956; 170; 303.2; 
567; 0; 2000.7824; 170; 303.4; 
567; 0; 2001.6086; 170; 303.6; 
567; 0; 2002.4351; 170; 303.8; 
567; 0; 2003.2624; 170; 304; 
567; 0; 2004.9222; 170; 304.2; 
567; 0; 2006.5833; 170; 304.4; 
567; 0; 2009.0772; 170; 304.6; 
567; 0; 2010.7409; 170; 304.8; 
567; 0; 2012.4057; 170; 305; 
567; 0; 2013.2397; 170; 305.2; 
567; 0; 2014.9053; 170; 305.4; 
567; 0; 2015.7394; 170; 305.6; 
567; 0; 2016.589; 170; 305.8; 
567; 0; 2016.5909; 170; 306; 
567; 0; 2016.592; 170; 306.2; 
567; 0; 2017.4882; 170; 306.4; 
567; 0; 2017.4877; 170; 306.6; 
567; 0; 2017.4865; 170; 306.8; 
567; 0; 2017.4849; 170; 307; 
567; 0; 2017.483; 170; 307.2; 
567; 0; 2017.4811; 170; 307.4; 
567; 0; 2018.3755; 170; 307.6; 
567; 0; 2018.3742; 170; 307.8; 
567; 0; 2019.2694; 170; 308; 
567; 0; 2020.165; 170; 308.2; 
567; 0; 2020.1651; 170; 308.4; 
567; 0; 2021.0616; 170; 308.6; 
567; 0; 2021.0623; 170; 308.8; 
567; 0; 2021.9592; 170; 309; 
567; 0; 2021.9602; 170; 309.2; 
567; 0; 2021.961; 170; 309.4; 
567; 0; 2021.9617; 170; 309.6; 
567; 0; 2021.9621; 170; 309.8; 
567; 0; 2021.9623; 170; 310; 
567; 0; 2021.9621; 170; 310.2; 
567; 0; 2021.9618; 170; 310.4; 
567; 0; 2021.9613; 170; 310.6; 
567; 0; 2021.9606; 170; 310.8; 
567; 0; 2021.9599; 170; 311; 
567; 0; 2021.9592; 170; 311.2; 
567; 0; 2021.9586; 170; 311.4; 
567; 0; 2021.9582; 170; 311.6; 
567; 0; 2022.854; 170; 311.8; 
567; 0; 2022.8539; 170; 312; 
567; 0; 2022.8539; 170; 312.2; 
567; 0; 2022.8541; 170; 312.4; 
567; 0; 2022.8543; 170; 312.6; 
567; 0; 2022.8546; 170; 312.8; 
567; 0; 2022.8548; 170; 313; 
567; 0; 2022.855; 170; 313.2; 
567; 0; 2022.8552; 170; 313.4; 
567; 0; 2022.8553; 170; 313.6; 
567; 0; 2022.8559; 170; 313.8; 
567; 0; 2023.7536; 170; 314; 
567; 0; 2023.7568; 170; 314.2; 
567; 0; 2023.7617; 170; 314.4; 
567; 0; 2023.7681; 170; 314.6; 
567; 0; 2022.8794; 170; 314.8; 
567; 0; 2021.9908; 170; 315; 
567; 0; 2020.2054; 170; 315.2; 
567; 0; 2017.5224; 170; 315.4; 
567; 0; 2015.7794; 170; 315.6; 
567; 0; 2013.2862; 170; 315.8; 
567; 0; 2009.9597; 170; 316; 
567; 0; 2007.463; 170; 316.2; 
567; 0; 2004.9653; 170; 316.4; 
567; 0; 2001.6356; 170; 316.6; 
567; 0; 1999.1373; 170; 316.8; 
567; 0; 1996.6395; 170; 317; 
567; 0; 1994.974; 170; 317.2; 
567; 0; 1993.3093; 170; 317.4; 
567; 0; 1990.8142; 170; 317.6; 
567; 0; 1989.1514; 170; 317.8; 
567; 0; 1987.4892; 170; 318; 
567; 0; 1985.8273; 170; 318.2; 
567; 0; 1984.997; 170; 318.4; 
567; 0; 1983.3353; 170; 318.6; 
567; 0; 1981.6733; 170; 318.8; 
567; 0; 1980.0111; 170; 319; 
567; 0; 1978.3485; 170; 319.2; 
567; 0; 1976.6491; 170; 319.4; 
567; 0; 1974.7234; 170; 319.6; 
567; 0; 1972.7974; 170; 319.8; 
567; 0; 1970.8712; 170; 320; 
567; 0; 1969.9077; 170; 320.2; 
567; 0; 1967.9815; 170; 320.4; 
567; 0; 1967.0181; 170; 320.6; 
567; 0; 1966.0549; 170; 320.8; 
567; 0; 1964.1293; 170; 321; 
567; 0; 1963.1666; 170; 321.2; 
567; 0; 1962.204; 170; 321.4; 
567; 0; 1961.2414; 170; 321.6; 
567; 0; 1960.2789; 170; 321.8; 
567; 0; 1959.3165; 170; 322; 
567; 0; 1958.354; 170; 322.2; 
567; 0; 1957.3915; 170; 322.4; 
567; 0; 1956.4289; 170; 322.6; 
567; 0; 1955.4662; 170; 322.8; 
567; 0; 1954.5034; 170; 323; 
567; 0; 1953.5406; 170; 323.2; 
567; 0; 1952.5777; 170; 323.4; 
567; 0; 1952.5775; 170; 323.6; 
567; 0; 1951.6147; 170; 323.8; 
567; 0; 1950.6519; 170; 324; 
567; 0; 1950.6517; 170; 324.2; 
567; 0; 1949.6889; 170; 324.4; 
567; 0; 1949.6888; 170; 324.6; 
567; 0; 1948.726; 170; 324.8; 
567; 0; 1948.7259; 170; 325; 
567; 0; 1947.7631; 170; 325.2; 
567; 0; 1947.763; 170; 325.4; 
567; 0; 1946.8002; 170; 325.6; 
567; 0; 1946.8001; 170; 325.8; 
567; 0; 1946.8; 170; 326; 
567; 0; 1945.8372; 170; 326.2; 
567; 0; 1945.837; 170; 326.4; 
567; 0; 1945.8369; 170; 326.6; 
567; 0; 1944.8742; 170; 326.8; 
567; 0; 1944.8741; 170; 327; 
567; 0; 1944.874; 170; 327.2; 
567; 0; 1944.8739; 170; 327.4; 
567; 0; 1943.9111; 170; 327.6; 
567; 0; 1943.9109; 170; 327.8; 
567; 0; 1943.9107; 170; 328; 
567; 0; 1943.9105; 170; 328.2; 
567; 0; 1943.9103; 170; 328.4; 
567; 0; 1943.9102; 170; 328.6; 
567; 0; 1942.9474; 170; 328.8; 
567; 0; 1942.9472; 170; 329; 
567; 0; 1942.9471; 170; 329.2; 
567; 0; 1942.947; 170; 329.4; 
567; 0; 1942.9468; 170; 329.6; 
567; 0; 1942.9466; 170; 329.8; 
567; 0; 1942.9463; 170; 330; 
567; 0; 1942.9461; 170; 330.2; 
567; 0; 1942.9459; 170; 330.4; 
567; 0; 1942.9456; 170; 330.6; 
567; 0; 1942.9455; 170; 330.8; 
567; 0; 1942.9453; 170; 331; 
567; 0; 1941.9826; 170; 331.2; 
567; 0; 1941.9825; 170; 331.4; 
567; 0; 1941.9824; 170; 331.6; 
567; 0; 1941.9823; 170; 331.8; 
567; 0; 1941.9821; 170; 332; 
567; 0; 1941.982; 170; 332.2; 
567; 0; 1941.9817; 170; 332.4; 
567; 0; 1941.9815; 170; 332.6; 
567; 0; 1941.9814; 170; 332.8; 
567; 0; 1941.9812; 170; 333; 
567; 0; 1941.9811; 170; 333.2; 
567; 0; 1941.981; 170; 333.4; 
567; 0; 1942.9435; 170; 333.6; 
567; 0; 1942.9434; 170; 333.8; 
567; 0; 1942.9431; 170; 334; 
567; 0; 1942.9429; 170; 334.2; 
567; 0; 1942.9426; 170; 334.4; 
567; 0; 1942.9424; 170; 334.6; 
567; 0; 1942.9422; 170; 334.8; 
567; 0; 1942.942; 170; 335; 
567; 0; 1942.9419; 170; 335.2; 
567; 0; 1942.9418; 170; 335.4; 
567; 0; 1942.9417; 170; 335.6; 
567; 0; 1942.9415; 170; 335.8; 
567; 0; 1942.9413; 170; 336; 
567; 0; 1942.9411; 170; 336.2; 
567; 0; 1942.941; 170; 336.4; 
567; 0; 1942.9408; 170; 336.6; 
567; 0; 1942.9406; 170; 336.8; 
567; 0; 1942.9404; 170; 337; 
567; 0; 1942.9402; 170; 337.2; 
567; 0; 1942.9401; 170; 337.4; 
567; 0; 1942.9399; 170; 337.6; 
567; 0; 1942.9397; 170; 337.8; 
567; 0; 1942.9396; 170; 338; 
567; 0; 1942.9394; 170; 338.2; 
567; 0; 1942.9392; 170; 338.4; 
567; 0; 1942.9391; 170; 338.6; 
567; 0; 1943.9016; 170; 338.8; 
567; 0; 1943.9015; 170; 339; 
567; 0; 1943.9014; 170; 339.2; 
567; 0; 1943.9012; 170; 339.4; 
567; 0; 1943.9011; 170; 339.6; 
567; 0; 1943.901; 170; 339.8; 
567; 0; 1943.9008; 170; 340; 
567; 0; 1943.9006; 170; 340.2; 
567; 0; 1943.9005; 170; 340.4; 
567; 0; 1943.9003; 170; 340.6; 
567; 0; 1943.9001; 170; 340.8; 
567; 0; 1943.8998; 170; 341; 
567; 0; 1943.8996; 170; 341.2; 
567; 0; 1943.8994; 170; 341.4; 
567; 0; 1943.8992; 170; 341.6; 
567; 0; 1943.8991; 170; 341.8; 
567; 0; 1943.8989; 170; 342; 
567; 0; 1943.8987; 170; 342.2; 
567; 0; 1944.8612; 170; 342.4; 
567; 0; 1944.8611; 170; 342.6; 
567; 0; 1944.8609; 170; 342.8; 
567; 0; 1944.8607; 170; 343; 
567; 0; 1944.8606; 170; 343.2; 
567; 0; 1945.823; 170; 343.4; 
567; 0; 1945.8229; 170; 343.6; 
567; 0; 1946.7851; 170; 343.8; 
567; 0; 1946.7843; 170; 344; 
567; 0; 1947.7451; 170; 344.2; 
567; 0; 1947.742; 170; 344.4; 
567; 0; 1948.6996; 170; 344.6; 
567; 0; 1948.6921; 170; 344.8; 
567; 0; 1948.6818; 170; 345; 
567; 0; 1948.6688; 170; 345.2; 
567; 0; 1949.6167; 170; 345.4; 
567; 0; 1951.527; 170; 345.6; 
567; 0; 1954.4013; 170; 345.8; 
567; 0; 1958.2411; 170; 346; 
567; 0; 1963.0474; 170; 346.2; 
567; 0; 1968.8209; 170; 346.4; 
567; 0; 1974.5993; 170; 346.6; 
567; 0; 1979.9346; 170; 346.8; 
567; 0; 1984.9298; 170; 347; 
567; 0; 1988.264; 170; 347.2; 
567; 0; 1991.5987; 170; 347.4; 
567; 0; 1994.1016; 170; 347.6; 
567; 0; 1995.7718; 170; 347.8; 
567; 0; 1997.4399; 170; 348; 
567; 0; 1998.2743; 170; 348.2; 
567; 0; 1998.2749; 170; 348.4; 
567; 0; 1999.1045; 170; 348.6; 
567; 0; 1999.1011; 170; 348.8; 
567; 0; 1999.0964; 170; 349; 
567; 0; 1999.9226; 170; 349.2; 
567; 0; 2000.7489; 170; 349.4; 
567; 0; 2001.5759; 170; 349.6; 
567; 0; 2003.2353; 170; 349.8; 
567; 0; 2004.8959; 170; 350; 
567; 0; 2006.5579; 170; 350.2; 
567; 0; 2008.2211; 170; 350.4; 
567; 0; 2009.8855; 170; 350.6; 
567; 0; 2011.5505; 170; 350.8; 
567; 0; 2012.3847; 170; 351; 
567; 0; 2013.2188; 170; 351.2; 
567; 0; 2014.0526; 170; 351.4; 
567; 0; 2014.8861; 170; 351.6; 
567; 0; 2014.8881; 170; 351.8; 
567; 0; 2015.7215; 170; 352; 
567; 0; 2015.7237; 170; 352.2; 
567; 0; 2015.7262; 170; 352.4; 
567; 0; 2015.729; 170; 352.6; 
567; 0; 2014.9006; 170; 352.8; 
567; 0; 2014.9036; 170; 353; 
567; 0; 2014.0749; 170; 353.2; 
567; 0; 2012.4144; 170; 353.4; 
567; 0; 2011.5846; 170; 353.6; 
567; 0; 2009.9227; 170; 353.8; 
567; 0; 2008.26; 170; 354; 
567; 0; 2006.5966; 170; 354.2; 
567; 0; 2004.1013; 170; 354.4; 
567; 0; 2002.437; 170; 354.6; 
567; 0; 2000.7726; 170; 354.8; 
567; 0; 1999.1082; 170; 355; 
567; 0; 1997.4441; 170; 355.2; 
567; 0; 1996.6118; 170; 355.4; 
567; 0; 1994.9485; 170; 355.6; 
567; 0; 1993.2857; 170; 355.8; 
567; 0; 1992.4547; 170; 356; 
567; 0; 1990.7925; 170; 356.2; 
567; 0; 1989.9619; 170; 356.4; 
567; 0; 1988.3; 170; 356.6; 
567; 0; 1986.6381; 170; 356.8; 
567; 0; 1985.8073; 170; 357; 
567; 0; 1984.145; 170; 357.2; 
567; 0; 1982.4824; 170; 357.4; 
567; 0; 1981.6511; 170; 357.6; 
567; 0; 1979.9882; 170; 357.8; 
567; 0; 1979.1566; 170; 358; 
567; 0; 1977.4935; 170; 358.2; 
567; 0; 1976.6127; 170; 358.4; 
567; 0; 1974.6871; 170; 358.6; 
567; 0; 1973.7243; 170; 358.8; 
567; 0; 1972.7615; 170; 359; 
567; 0; 1971.799; 170; 359.2; 
567; 0; 1969.874; 170; 359.4; 
567; 0; 1968.9116; 170; 359.6; 
567; 0; 1967.9493; 170; 359.8; 
567; 0; 1966.987; 170; 360; 
567; 0; 1966.0246; 170; 360.2; 
567; 0; 1965.0622; 170; 360.4; 
567; 0; 1964.0998; 170; 360.6; 
567; 0; 1963.1372; 170; 360.8; 
567; 0; 1962.1747; 170; 361; 
567; 0; 1961.2121; 170; 361.2; 
567; 0; 1960.2494; 170; 361.4; 
567; 0; 1960.2493; 170; 361.6; 
567; 0; 1959.2866; 170; 361.8; 
567; 0; 1958.324; 170; 362; 
567; 0; 1957.3613; 170; 362.2; 
567; 0; 1956.3987; 170; 362.4; 
567; 0; 1956.3986; 170; 362.6; 
567; 0; 1955.4359; 170; 362.8; 
567; 0; 1955.4359; 170; 363; 
567; 0; 1954.4733; 170; 363.2; 
567; 0; 1953.5108; 170; 363.4; 
567; 0; 1953.5108; 170; 363.6; 
567; 0; 1952.5482; 170; 363.8; 
567; 0; 1952.5482; 170; 364; 
567; 0; 1951.5856; 170; 364.2; 
567; 0; 1951.5855; 170; 364.4; 
567; 0; 1950.6228; 170; 364.6; 
567; 0; 1950.6227; 170; 364.8; 
567; 0; 1949.6599; 170; 365; 
567; 0; 1949.6598; 170; 365.2; 
567; 0; 1949.6598; 170; 365.4; 
567; 0; 1948.6972; 170; 365.6; 
567; 0; 1948.6972; 170; 365.8; 
567; 0; 1948.6972; 170; 366; 
567; 0; 1947.7346; 170; 366.2; 
567; 0; 1947.7346; 170; 366.4; 
567; 0; 1947.7345; 170; 366.6; 
567; 0; 1946.7718; 170; 366.8; 
567; 0; 1946.7717; 170; 367; 
567; 0; 1946.7716; 170; 367.2; 
567; 0; 1946.7715; 170; 367.4; 
567; 0; 1945.8087; 170; 367.6; 
567; 0; 1945.8084; 170; 367.8; 
567; 0; 1945.8082; 170; 368; 
567; 0; 1945.8081; 170; 368.2; 
567; 0; 1944.8455; 170; 368.4; 
567; 0; 1944.8454; 170; 368.6; 
567; 0; 1944.8453; 170; 368.8; 
567; 0; 1944.8452; 170; 369; 
567; 0; 1944.8451; 170; 369.2; 
567; 0; 1944.8449; 170; 369.4; 
567; 0; 1944.8448; 170; 369.6; 
567; 0; 1943.8822; 170; 369.8; 
567; 0; 1943.8821; 170; 370; 
567; 0; 1943.882; 170; 370.2; 
567; 0; 1943.8818; 170; 370.4; 
567; 0; 1943.8817; 170; 370.6; 
567; 0; 1943.8815; 170; 370.8; 
567; 0; 1943.8813; 170; 371; 
567; 0; 1943.8812; 170; 371.2; 
567; 0; 1943.8811; 170; 371.4; 
567; 0; 1943.881; 170; 371.6; 
567; 0; 1943.8809; 170; 371.8; 
567; 0; 1943.8808; 170; 372; 
567; 0; 1943.8807; 170; 372.2; 
567; 0; 1943.8806; 170; 372.4; 
567; 0; 1942.9179; 170; 372.6; 
567; 0; 1942.9178; 170; 372.8; 
567; 0; 1942.9177; 170; 373; 
567; 0; 1942.9175; 170; 373.2; 
567; 0; 1942.9173; 170; 373.4; 
567; 0; 1942.9171; 170; 373.6; 
567; 0; 1942.9168; 170; 373.8; 
567; 0; 1942.9167; 170; 374; 
567; 0; 1942.9165; 170; 374.2; 
567; 0; 1942.9165; 170; 374.4; 
567; 0; 1942.9164; 170; 374.6; 
567; 0; 1942.9164; 170; 374.8; 
567; 0; 1942.9162; 170; 375; 
567; 0; 1942.9161; 170; 375.2; 
567; 0; 1942.9159; 170; 375.4; 
567; 0; 1942.9158; 170; 375.6; 
567; 0; 1942.9157; 170; 375.8; 
567; 0; 1942.9156; 170; 376; 
567; 0; 1942.9155; 170; 376.2; 
567; 0; 1942.9153; 170; 376.4; 
567; 0; 1942.9151; 170; 376.6; 
567; 0; 1942.915; 170; 376.8; 
567; 0; 1942.9149; 170; 377; 
567; 0; 1943.8773; 170; 377.2; 
567; 0; 1943.8772; 170; 377.4; 
567; 0; 1943.8772; 170; 377.6; 
567; 0; 1943.8771; 170; 377.8; 
567; 0; 1943.8769; 170; 378; 
567; 0; 1943.8767; 170; 378.2; 
567; 0; 1943.8765; 170; 378.4; 
567; 0; 1943.8763; 170; 378.6; 
567; 0; 1943.8762; 170; 378.8; 
567; 0; 1944.8387; 170; 379; 
567; 0; 1944.8387; 170; 379.2; 
567; 0; 1944.8386; 170; 379.4; 
567; 0; 1944.8385; 170; 379.6; 
567; 0; 1944.8384; 170; 379.8; 
567; 0; 1944.8382; 170; 380; 
567; 0; 1944.838; 170; 380.2; 
567; 0; 1945.8003; 170; 380.4; 
567; 0; 1945.8; 170; 380.6; 
567; 0; 1945.7998; 170; 380.8; 
567; 0; 1945.7996; 170; 381; 
567; 0; 1945.7995; 170; 381.2; 
567; 0; 1945.7994; 170; 381.4; 
567; 0; 1945.7993; 170; 381.6; 
567; 0; 1946.7618; 170; 381.8; 
567; 0; 1946.7617; 170; 382; 
567; 0; 1946.7616; 170; 382.2; 
567; 0; 1946.7615; 170; 382.4; 
567; 0; 1946.7614; 170; 382.6; 
567; 0; 1946.7613; 170; 382.8; 
567; 0; 1946.7611; 170; 383; 
567; 0; 1946.761; 170; 383.2; 
567; 0; 1946.7609; 170; 383.4; 
567; 0; 1946.7608; 170; 383.6; 
567; 0; 1946.7607; 170; 383.8; 
567; 0; 1946.7606; 170; 384; 
567; 0; 1946.7605; 170; 384.2; 
567; 0; 1946.7603; 170; 384.4; 
567; 0; 1946.7601; 170; 384.6; 
567; 0; 1946.7599; 170; 384.8; 
567; 0; 1946.7598; 170; 385; 
567; 0; 1946.7596; 170; 385.2; 
567; 0; 1946.7595; 170; 385.4; 
567; 0; 1947.722; 170; 385.6; 
567; 0; 1947.7219; 170; 385.8; 
567; 0; 1947.7218; 170; 386; 
567; 0; 1947.7218; 170; 386.2; 
567; 0; 1947.7217; 170; 386.4; 
567; 0; 1947.7215; 170; 386.6; 
567; 0; 1947.7214; 170; 386.8; 
567; 0; 1947.7212; 170; 387; 
567; 0; 1947.7211; 170; 387.2; 
567; 0; 1947.7209; 170; 387.4; 
567; 0; 1947.7208; 170; 387.6; 
567; 0; 1947.7208; 170; 387.8; 
567; 0; 1947.7207; 170; 388; 
567; 0; 1947.7206; 170; 388.2; 
567; 0; 1947.7205; 170; 388.4; 
567; 0; 1947.7203; 170; 388.6; 
567; 0; 1947.7202; 170; 388.8; 
567; 0; 1947.7201; 170; 389; 
567; 0; 1947.72; 170; 389.2; 
567; 0; 1947.7199; 170; 389.4; 
567; 0; 1947.7197; 170; 389.6; 
567; 0; 1947.7195; 170; 389.8; 
567; 0; 1946.7568; 170; 390; 
567; 0; 1946.7566; 170; 390.2; 
567; 0; 1946.7565; 170; 390.4; 
567; 0; 1946.7564; 170; 390.6; 
567; 0; 1946.7563; 170; 390.8; 
567; 0; 1946.7561; 170; 391; 
567; 0; 1946.756; 170; 391.2; 
567; 0; 1946.7559; 170; 391.4; 
567; 0; 1946.7558; 170; 391.6; 
567; 0; 1946.7558; 170; 391.8; 
567; 0; 1947.7183; 170; 392; 
567; 0; 1947.7182; 170; 392.2; 
567; 0; 1947.7182; 170; 392.4; 
567; 0; 1947.7181; 170; 392.6; 
567; 0; 1947.7179; 170; 392.8; 
567; 0; 1947.7178; 170; 393; 
567; 0; 1947.7177; 170; 393.2; 
567; 0; 1947.7176; 170; 393.4; 
567; 0; 1947.7175; 170; 393.6; 
567; 0; 1947.7174; 170; 393.8; 
567; 0; 1947.7172; 170; 394; 
567; 0; 1947.7171; 170; 394.2; 
567; 0; 1947.7169; 170; 394.4; 
567; 0; 1947.7168; 170; 394.6; 
567; 0; 1946.7541; 170; 394.8; 
567; 0; 1946.754; 170; 395; 
567; 0; 1946.7539; 170; 395.2; 
567; 0; 1946.7539; 170; 395.4; 
567; 0; 1946.7538; 170; 395.6; 
567; 0; 1946.7537; 170; 395.8; 
567; 0; 1946.7536; 170; 396; 
567; 0; 1946.7535; 170; 396.2; 
567; 0; 1946.7533; 170; 396.4; 
567; 0; 1946.7532; 170; 396.6; 
567; 0; 1946.753; 170; 396.8; 
567; 0; 1946.7529; 170; 397; 
567; 0; 1946.7528; 170; 397.2; 
567; 0; 1946.7527; 170; 397.4; 
567; 0; 1946.7525; 170; 397.6; 
567; 0; 1946.7524; 170; 397.8; 
567; 0; 1947.7148; 170; 398; 
567; 0; 1947.7147; 170; 398.2; 
567; 0; 1947.7146; 170; 398.4; 
567; 0; 1947.7145; 170; 398.6; 
567; 0; 1947.7144; 170; 398.8; 
567; 0; 1947.7143; 170; 399; 
567; 0; 1947.7142; 170; 399.2; 
567; 0; 1947.7142; 170; 399.4; 
567; 0; 1947.7143; 170; 399.6; 
567; 0; 1947.7142; 170; 399.8; 
567; 0; 1947.7141; 170; 400; 
567; 0; 1947.7139; 170; 400.2; 
567; 0; 1946.7512; 170; 400.4; 
567; 0; 1946.751; 170; 400.6; 
567; 0; 1946.7508; 170; 400.8; 
567; 0; 1946.7507; 170; 401; 
567; 0; 1946.7506; 170; 401.2; 
567; 0; 1946.7504; 170; 401.4; 
567; 0; 1946.7503; 170; 401.6; 
567; 0; 1946.7501; 170; 401.8; 
567; 0; 1946.7499; 170; 402; 
567; 0; 1946.7498; 170; 402.2; 
567; 0; 1946.7497; 170; 402.4; 
567; 0; 1946.7497; 170; 402.6; 
567; 0; 1946.7496; 170; 402.8; 
567; 0; 1946.7495; 170; 403; 
567; 0; 1946.7495; 170; 403.2; 
567; 0; 1946.7494; 170; 403.4; 
567; 0; 1946.7494; 170; 403.6; 
567; 0; 1946.7493; 170; 403.8; 
567; 0; 1946.7493; 170; 404; 
567; 0; 1946.7493; 170; 404.2; 
567; 0; 1946.7492; 170; 404.4; 
567; 0; 1946.7491; 170; 404.6; 
567; 0; 1946.7489; 170; 404.8; 
567; 0; 1946.7487; 170; 405; 
567; 0; 1946.7485; 170; 405.2; 
567; 0; 1946.7484; 170; 405.4; 
567; 0; 1946.7482; 170; 405.6; 
567; 0; 1946.748; 170; 405.8; 
567; 0; 1946.7478; 170; 406; 
567; 0; 1947.7102; 170; 406.2; 
567; 0; 1947.7102; 170; 406.4; 
567; 0; 1947.7102; 170; 406.6; 
567; 0; 1947.7102; 170; 406.8; 
567; 0; 1947.7101; 170; 407; 
567; 0; 1947.71; 170; 407.2; 
567; 0; 1947.71; 170; 407.4; 
567; 0; 1947.7098; 170; 407.6; 
567; 0; 1946.7471; 170; 407.8; 
567; 0; 1946.747; 170; 408; 
567; 0; 1946.7468; 170; 408.2; 
567; 0; 1946.7467; 170; 408.4; 
567; 0; 1946.7465; 170; 408.6; 
567; 0; 1946.7464; 170; 408.8; 
567; 0; 1946.7463; 170; 409; 
567; 0; 1946.7462; 170; 409.2; 
567; 0; 1946.7462; 170; 409.4; 
567; 0; 1946.7461; 170; 409.6; 
567; 0; 1946.746; 170; 409.8; 
567; 0; 1946.746; 170; 410; 
567; 0; 1946.7459; 170; 410.2; 
567; 0; 1946.7458; 170; 410.4; 
567; 0; 1946.7457; 170; 410.6; 
567; 0; 1946.7456; 170; 410.8; 
567; 0; 1946.7455; 170; 411; 
567; 0; 1937.1203; 170; 411.2; 
567; 0; 1744.6176; 170; 411.4; 
567; 0; 1541.4762; 170; 411.6; 
567; 0; 1520.1881; 170; 411.8; 
567; 0; 1520.188; 170; 412; 
567; 0; 1520.1879; 170; 412.2; 
567; 0; 1520.1878; 170; 412.4; 
567; 0; 1520.1877; 170; 412.6; 
567; 0; 1520.1876; 170; 412.8; 
567; 0; 1520.1875; 170; 413; 
567; 0; 1520.1874; 170; 413.2; 
567; 0; 1520.1872; 170; 413.4; 
567; 0; 1520.187; 170; 413.6; 
567; 0; 1520.1867; 170; 413.8; 
567; 0; 1520.1865; 170; 414; 
567; 0; 1520.1862; 170; 414.2; 
567; 0; 1520.1859; 170; 414.4; 
567; 0; 1520.1856; 170; 414.6; 
567; 0; 1520.1853; 170; 414.8; 
567; 0; 1520.1849; 170; 415; 
567; 0; 1520.1846; 170; 415.2; 
567; 0; 1520.1842; 170; 415.4; 
567; 0; 1520.1838; 170; 415.6; 
567; 0; 1520.1834; 170; 415.8; 
567; 0; 1520.1829; 170; 416; 
567; 0; 1507.0085; 170; 416.2; 
567; 0; 1507.0079; 170; 416.4; 
567; 0; 1507.0074; 170; 416.6; 
567; 0; 1507.0069; 170; 416.8; 
567; 0; 1507.0064; 170; 417; 
567; 0; 1507.0058; 170; 417.2; 
567; 0; 1507.0053; 170; 417.4; 
567; 0; 1507.0048; 170; 417.6; 
567; 0; 1507.0043; 170; 417.8; 
567; 0; 1507.0039; 170; 418; 
567; 0; 1507.0034; 170; 418.2; 
567; 0; 1507.0029; 170; 418.4; 
567; 0; 1507.0024; 170; 418.6; 
567; 0; 1507.0019; 170; 418.8; 
567; 0; 1507.0014; 170; 419; 
567; 0; 1507.0009; 170; 419.2; 
567; 0; 1507.0004; 170; 419.4; 
567; 0; 1506.9999; 170; 419.6; 
567; 0; 1506.9994; 170; 419.8; 
567; 0; 1506.9989; 170; 420; 
567; 0; 1506.9984; 170; 420.2; 
567; 0; 1493.8122; 170; 420.4; 
567; 0; 1493.8117; 170; 420.6; 
567; 0; 1493.8112; 170; 420.8; 
567; 0; 1493.8107; 170; 421; 
567; 0; 1493.8102; 170; 421.2; 
567; 0; 1493.8098; 170; 421.4; 
567; 0; 1493.8093; 170; 421.6; 
567; 0; 1493.8089; 170; 421.8; 
567; 0; 1493.8084; 170; 422; 
567; 0; 1493.808; 170; 422.2; 
567; 0; 1493.8075; 170; 422.4; 
567; 0; 1493.807; 170; 422.6; 
567; 0; 1493.8065; 170; 422.8; 
567; 0; 1493.806; 170; 423; 
567; 0; 1493.8055; 170; 423.2; 
567; 0; 1493.805; 170; 423.4; 
567; 0; 1493.8045; 170; 423.6; 
567; 0; 1493.804; 170; 423.8; 
567; 0; 1493.8036; 170; 424; 
567; 0; 1493.8031; 170; 424.2; 
567; 0; 1493.8027; 170; 424.4; 
567; 0; 1493.8022; 170; 424.6; 
567; 0; 1493.8018; 170; 424.8; 
567; 0; 1480.7312; 170; 425; 
567; 0; 1480.7307; 170; 425.2; 
567; 0; 1480.7303; 170; 425.4; 
567; 0; 1480.7298; 170; 425.6; 
567; 0; 1480.7294; 170; 425.8; 
567; 0; 1480.729; 170; 426; 
567; 0; 1480.7286; 170; 426.2; 
567; 0; 1480.7283; 170; 426.4; 
567; 0; 1480.7279; 170; 426.6; 
567; 0; 1480.7275; 170; 426.8; 
567; 0; 1480.7271; 170; 427; 
567; 0; 1480.7267; 170; 427.2; 
567; 0; 1480.7263; 170; 427.4; 
567; 0; 1480.7258; 170; 427.6; 
567; 0; 1480.7254; 170; 427.8; 
567; 0; 1480.725; 170; 428; 
567; 0; 1480.7246; 170; 428.2; 
567; 0; 1480.7242; 170; 428.4; 
567; 0; 1480.7238; 170; 428.6; 
567; 0; 1480.7234; 170; 428.8; 
567; 0; 1480.7231; 170; 429; 
567; 0; 1480.7227; 170; 429.2; 
567; 0; 1480.7223; 170; 429.4; 
567; 0; 1480.7219; 170; 429.6; 
567; 0; 1480.7215; 170; 429.8; 
567; 0; 1467.4451; 170; 430; 
567; 0; 1467.4447; 170; 430.2; 
567; 0; 1467.4444; 170; 430.4; 
567; 0; 1467.444; 170; 430.6; 
567; 0; 1467.4436; 170; 430.8; 
567; 0; 1467.4433; 170; 431; 
567; 0; 1467.4429; 170; 431.2; 
567; 0; 1467.4425; 170; 431.4; 
567; 0; 1467.4422; 170; 431.6; 
567; 0; 1467.4418; 170; 431.8; 
567; 0; 1467.4414; 170; 432; 
567; 0; 1467.4411; 170; 432.2; 
567; 0; 1467.4407; 170; 432.4; 
567; 0; 1467.4403; 170; 432.6; 
567; 0; 1467.4399; 170; 432.8; 
567; 0; 1467.4396; 170; 433; 
567; 0; 1467.4392; 170; 433.2; 
567; 0; 1467.4388; 170; 433.4; 
567; 0; 1467.4385; 170; 433.6; 
567; 0; 1467.4381; 170; 433.8; 
567; 0; 1467.4378; 170; 434; 
567; 0; 1467.4374; 170; 434.2; 
567; 0; 1467.4371; 170; 434.4; 
567; 0; 1467.4368; 170; 434.6; 
567; 0; 1467.4364; 170; 434.8; 
567; 0; 1467.436; 170; 435; 
567; 0; 1467.4356; 170; 435.2; 
567; 0; 1467.4353; 170; 435.4; 
567; 0; 1454.1861; 170; 435.6; 
567; 0; 1454.1858; 170; 435.8; 
567; 0; 1454.1854; 170; 436; 
567; 0; 1454.1851; 170; 436.2; 
567; 0; 1454.1848; 170; 436.4; 
567; 0; 1455.1882; 170; 436.6; 
567; 0; 1465.2251; 170; 436.8; 
567; 0; 1476.2657; 170; 437; 
567; 0; 1486.8174; 170; 437.2; 
567; 0; 1499.1397; 170; 437.4; 
567; 0; 1510.3418; 170; 437.6; 
567; 0; 1521.5438; 170; 437.8; 
567; 0; 1532.7458; 170; 438; 
567; 0; 1543.9478; 170; 438.2; 
567; 0; 1554.0295; 170; 438.4; 
567; 0; 1564.1113; 170; 438.6; 
567; 0; 1574.193; 170; 438.8; 
567; 0; 1583.1545; 170; 439; 
567; 0; 1592.1159; 170; 439.2; 
567; 0; 1601.0773; 170; 439.4; 
567; 0; 1608.9184; 170; 439.6; 
567; 0; 1616.7596; 170; 439.8; 
567; 0; 1623.4805; 170; 440; 
567; 0; 1630.2015; 170; 440.2; 
567; 0; 1636.9224; 170; 440.4; 
567; 0; 1643.6433; 170; 440.6; 
567; 0; 1649.2438; 170; 440.8; 
567; 0; 1654.8438; 170; 441; 
567; 0; 1660.4428; 170; 441.2; 
567; 0; 1666.0403; 170; 441.4; 
567; 0; 1669.7157; 170; 441.6; 
567; 0; 1672.4103; 170; 441.8; 
567; 0; 1676.0025; 170; 442; 
567; 0; 1678.6925; 170; 442.2; 
567; 0; 1682.2804; 170; 442.4; 
567; 0; 1685.8674; 170; 442.6; 
567; 0; 1690.3546; 170; 442.8; 
567; 0; 1696.6428; 170; 443; 
567; 0; 1702.9338; 170; 443.2; 
567; 0; 1711.0278; 170; 443.4; 
567; 0; 1719.1259; 170; 443.6; 
567; 0; 1716.0466; 170; 443.8; 
567; 0; 1724.2336; 170; 444; 
567; 0; 1731.5152; 170; 444.2; 
567; 0; 1738.5757; 170; 444.4; 
567; 0; 1743.7346; 170; 444.6; 
567; 0; 1748.893; 170; 444.8; 
567; 0; 1751.9921; 170; 445; 
567; 0; 1754.0596; 170; 445.2; 
567; 0; 1756.1234; 170; 445.4; 
567; 0; 1757.1547; 170; 445.6; 
567; 0; 1757.1535; 170; 445.8; 
567; 0; 1758.1778; 170; 446; 
567; 0; 1758.1711; 170; 446.2; 
567; 0; 1759.1917; 170; 446.4; 
567; 0; 1760.2119; 170; 446.6; 
567; 0; 1762.2612; 170; 446.8; 
567; 0; 1764.3118; 170; 447; 
567; 0; 1766.3642; 170; 447.2; 
567; 0; 1769.4472; 170; 447.4; 
567; 0; 1771.5038; 170; 447.6; 
567; 0; 1774.5911; 170; 447.8; 
567; 0; 1776.6513; 170; 448; 
567; 0; 1778.7127; 170; 448.2; 
567; 0; 1780.7747; 170; 448.4; 
567; 0; 1781.8081; 170; 448.6; 
567; 0; 1782.841; 170; 448.8; 
567; 0; 1783.8732; 170; 449; 
567; 0; 1783.8756; 170; 449.2; 
567; 0; 1784.9054; 170; 449.4; 
567; 0; 1784.9054; 170; 449.6; 
567; 0; 1784.9044; 170; 449.8; 
567; 0; 1784.9026; 170; 450; 
567; 0; 1784.9003; 170; 450.2; 
567; 0; 1784.8977; 170; 450.4; 
567; 0; 1784.8954; 170; 450.6; 
567; 0; 1785.9223; 170; 450.8; 
567; 0; 1785.9222; 170; 451; 
567; 0; 1786.9531; 170; 451.2; 
567; 0; 1787.9869; 170; 451.4; 
567; 0; 1789.0238; 170; 451.6; 
567; 0; 1789.0345; 170; 451.8; 
567; 0; 1789.0467; 170; 452; 
567; 0; 1788.0305; 170; 452.2; 
567; 0; 1785.9829; 170; 452.4; 
567; 0; 1782.904; 170; 452.6; 
567; 0; 1779.8226; 170; 452.8; 
567; 0; 1776.7382; 170; 453; 
567; 0; 1772.6224; 170; 453.2; 
567; 0; 1768.504; 170; 453.4; 
567; 0; 1764.384; 170; 453.6; 
567; 0; 1761.2917; 170; 453.8; 
567; 0; 1758.199; 170; 454; 
567; 0; 1755.1056; 170; 454.2; 
567; 0; 1753.0423; 170; 454.4; 
567; 0; 1750.9807; 170; 454.6; 
567; 0; 1748.9211; 170; 454.8; 
567; 0; 1747.8919; 170; 455; 
567; 0; 1745.8355; 170; 455.2; 
567; 0; 1744.8088; 170; 455.4; 
567; 0; 1742.754; 170; 455.6; 
567; 0; 1741.728; 170; 455.8; 
567; 0; 1740.7018; 170; 456; 
567; 0; 1738.6464; 170; 456.2; 
567; 0; 1737.619; 170; 456.4; 
567; 0; 1735.5623; 170; 456.6; 
567; 0; 1734.5336; 170; 456.8; 
567; 0; 1732.5004; 170; 457; 
567; 0; 1731.5907; 170; 457.2; 
567; 0; 1729.7719; 170; 457.4; 
567; 0; 1728.8619; 170; 457.6; 
567; 0; 1727.952; 170; 457.8; 
567; 0; 1727.0424; 170; 458; 
567; 0; 1726.133; 170; 458.2; 
567; 0; 1725.2239; 170; 458.4; 
567; 0; 1725.2239; 170; 458.6; 
567; 0; 1724.3152; 170; 458.8; 
567; 0; 1723.4065; 170; 459; 
567; 0; 1723.4069; 170; 459.2; 
567; 0; 1722.4984; 170; 459.4; 
567; 0; 1722.4987; 170; 459.6; 
567; 0; 1721.5901; 170; 459.8; 
567; 0; 1721.5903; 170; 460; 
567; 0; 1720.6816; 170; 460.2; 
567; 0; 1720.6817; 170; 460.4; 
567; 0; 1719.7728; 170; 460.6; 
567; 0; 1719.7728; 170; 460.8; 
567; 0; 1718.8638; 170; 461; 
567; 0; 1718.8638; 170; 461.2; 
567; 0; 1718.8638; 170; 461.4; 
567; 0; 1717.955; 170; 461.6; 
567; 0; 1717.955; 170; 461.8; 
567; 0; 1717.9551; 170; 462; 
567; 0; 1717.0462; 170; 462.2; 
567; 0; 1717.0463; 170; 462.4; 
567; 0; 1717.0463; 170; 462.6; 
567; 0; 1717.0464; 170; 462.8; 
567; 0; 1716.1375; 170; 463; 
567; 0; 1716.1376; 170; 463.2; 
567; 0; 1716.1377; 170; 463.4; 
567; 0; 1716.1378; 170; 463.6; 
567; 0; 1715.2289; 170; 463.8; 
567; 0; 1715.2289; 170; 464; 
567; 0; 1715.229; 170; 464.2; 
567; 0; 1715.229; 170; 464.4; 
567; 0; 1715.229; 170; 464.6; 
567; 0; 1715.2291; 170; 464.8; 
567; 0; 1715.2292; 170; 465; 
567; 0; 1714.3203; 170; 465.2; 
567; 0; 1714.3204; 170; 465.4; 
567; 0; 1714.3204; 170; 465.6; 
567; 0; 1714.3205; 170; 465.8; 
567; 0; 1714.3205; 170; 466; 
567; 0; 1714.3205; 170; 466.2; 
567; 0; 1714.3205; 170; 466.4; 
567; 0; 1714.3206; 170; 466.6; 
567; 0; 1714.3206; 170; 466.8; 
567; 0; 1713.4118; 170; 467; 
567; 0; 1713.4119; 170; 467.2; 
567; 0; 1713.4119; 170; 467.4; 
567; 0; 1713.412; 170; 467.6; 
567; 0; 1713.412; 170; 467.8; 
567; 0; 1724.6181; 170; 468; 
567; 0; 1724.6182; 170; 468.2; 
567; 0; 1724.6182; 170; 468.4; 
567; 0; 1724.6183; 170; 468.6; 
567; 0; 1724.6183; 170; 468.8; 
567; 0; 1723.7184; 170; 469; 
567; 0; 1723.7184; 170; 469.2; 
567; 0; 1723.7184; 170; 469.4; 
567; 0; 1722.8185; 170; 469.6; 
567; 0; 1722.8185; 170; 469.8; 
567; 0; 1722.8185; 170; 470; 
567; 0; 1721.9186; 170; 470.2; 
567; 0; 1721.9186; 170; 470.4; 
567; 0; 1721.0186; 170; 470.6; 
567; 0; 1721.0187; 170; 470.8; 
567; 0; 1720.1188; 170; 471; 
567; 0; 1720.1189; 170; 471.2; 
567; 0; 1720.119; 170; 471.4; 
567; 0; 1719.2192; 170; 471.6; 
567; 0; 1719.2192; 170; 471.8; 
567; 0; 1718.3194; 170; 472; 
567; 0; 1718.3195; 170; 472.2; 
567; 0; 1718.3195; 170; 472.4; 
567; 0; 1717.4196; 170; 472.6; 
567; 0; 1717.4196; 170; 472.8; 
567; 0; 1716.5196; 170; 473; 
567; 0; 1716.5195; 170; 473.2; 
567; 0; 1716.5196; 170; 473.4; 
567; 0; 1716.5196; 170; 473.6; 
567; 0; 1715.6197; 170; 473.8; 
567; 0; 1715.6198; 170; 474; 
567; 0; 1715.6199; 170; 474.2; 
567; 0; 1715.62; 170; 474.4; 
567; 0; 1715.6201; 170; 474.6; 
567; 0; 1714.7202; 170; 474.8; 
567; 0; 1714.7203; 170; 475; 
567; 0; 1714.7203; 170; 475.2; 
567; 0; 1714.7202; 170; 475.4; 
567; 0; 1714.7197; 170; 475.6; 
567; 0; 1715.6184; 170; 475.8; 
567; 0; 1715.6157; 170; 476; 
567; 0; 1715.6113; 170; 476.2; 
567; 0; 1714.7045; 170; 476.4; 
567; 0; 1714.695; 170; 476.6; 
567; 0; 1714.6833; 170; 476.8; 
567; 0; 1715.5701; 170; 477; 
567; 0; 1717.3568; 170; 477.2; 
567; 0; 1720.9444; 170; 477.4; 
567; 0; 1714.2348; 170; 477.6; 
567; 0; 1719.6816; 170; 477.8; 
567; 0; 1725.1327; 170; 478; 
567; 0; 1732.4056; 170; 478.2; 
567; 0; 1739.5763; 170; 478.4; 
567; 0; 1746.7882; 170; 478.6; 
567; 0; 1751.9458; 170; 478.8; 
567; 0; 1757.1047; 170; 479; 
567; 0; 1761.2351; 170; 479.2; 
567; 0; 1763.3066; 170; 479.4; 
567; 0; 1765.3754; 170; 479.6; 
567; 0; 1766.412; 170; 479.8; 
567; 0; 1766.416; 170; 480; 
567; 0; 1766.4162; 170; 480.2; 
567; 0; 1766.4129; 170; 480.4; 
567; 0; 1766.407; 170; 480.6; 
567; 0; 1766.3995; 170; 480.8; 
567; 0; 1766.3912; 170; 481; 
567; 0; 1767.4119; 170; 481.2; 
567; 0; 1768.4336; 170; 481.4; 
567; 0; 1770.4855; 170; 481.6; 
567; 0; 1772.5393; 170; 481.8; 
567; 0; 1774.5954; 170; 482; 
567; 0; 1777.682; 170; 482.2; 
567; 0; 1779.7418; 170; 482.4; 
567; 0; 1780.7742; 170; 482.6; 
567; 0; 1782.8361; 170; 482.8; 
567; 0; 1783.8695; 170; 483; 
567; 0; 1784.9026; 170; 483.2; 
567; 0; 1784.9064; 170; 483.4; 
567; 0; 1784.9091; 170; 483.6; 
567; 0; 1784.9106; 170; 483.8; 
567; 0; 1784.9109; 170; 484; 
567; 0; 1784.9102; 170; 484.2; 
567; 0; 1784.9085; 170; 484.4; 
567; 0; 1784.9063; 170; 484.6; 
567; 0; 1784.9037; 170; 484.8; 
567; 0; 1784.9012; 170; 485; 
567; 0; 1784.8991; 170; 485.2; 
567; 0; 1784.8974; 170; 485.4; 
567; 0; 1785.925; 170; 485.6; 
567; 0; 1785.9246; 170; 485.8; 
567; 0; 1786.9535; 170; 486; 
567; 0; 1786.9542; 170; 486.2; 
567; 0; 1787.984; 170; 486.4; 
567; 0; 1787.9853; 170; 486.6; 
567; 0; 1787.9867; 170; 486.8; 
567; 0; 1787.988; 170; 487; 
567; 0; 1789.0178; 170; 487.2; 
567; 0; 1789.0186; 170; 487.4; 
567; 0; 1787.9904; 170; 487.6; 
567; 0; 1787.9906; 170; 487.8; 
567; 0; 1787.9905; 170; 488; 
567; 0; 1787.9901; 170; 488.2; 
567; 0; 1787.9895; 170; 488.4; 
567; 0; 1787.9888; 170; 488.6; 
567; 0; 1787.9882; 170; 488.8; 
567; 0; 1787.9877; 170; 489; 
567; 0; 1787.9872; 170; 489.2; 
567; 0; 1787.987; 170; 489.4; 
567; 0; 1787.9869; 170; 489.6; 
567; 0; 1787.987; 170; 489.8; 
567; 0; 1789.0158; 170; 490; 
567; 0; 1789.0161; 170; 490.2; 
567; 0; 1789.0166; 170; 490.4; 
567; 0; 1789.017; 170; 490.6; 
567; 0; 1789.0174; 170; 490.8; 
567; 0; 1789.0177; 170; 491; 
567; 0; 1789.0179; 170; 491.2; 
567; 0; 1789.018; 170; 491.4; 
567; 0; 1789.0181; 170; 491.6; 
567; 0; 1789.018; 170; 491.8; 
567; 0; 1789.0179; 170; 492; 
567; 0; 1787.9892; 170; 492.2; 
567; 0; 1787.9892; 170; 492.4; 
567; 0; 1787.9892; 170; 492.6; 
567; 0; 1787.9891; 170; 492.8; 
567; 0; 1787.9891; 170; 493; 
567; 0; 1787.9891; 170; 493.2; 
567; 0; 1789.018; 170; 493.4; 
567; 0; 1789.019; 170; 493.6; 
567; 0; 1789.0216; 170; 493.8; 
567; 0; 1790.0552; 170; 494; 
567; 0; 1790.063; 170; 494.2; 
567; 0; 1790.0732; 170; 494.4; 
567; 0; 1789.0565; 170; 494.6; 
567; 0; 1788.039; 170; 494.8; 
567; 0; 1785.9911; 170; 495; 
567; 0; 1782.9127; 170; 495.2; 
567; 0; 1779.8317; 170; 495.4; 
567; 0; 1775.7191; 170; 495.6; 
567; 0; 1771.6036; 170; 495.8; 
567; 0; 1767.4857; 170; 496; 
567; 0; 1763.3661; 170; 496.2; 
567; 0; 1760.2742; 170; 496.4; 
567; 0; 1756.1534; 170; 496.6; 
567; 0; 1753.0617; 170; 496.8; 
567; 0; 1749.971; 170; 497; 
567; 0; 1747.9098; 170; 497.2; 
567; 0; 1745.8498; 170; 497.4; 
567; 0; 1743.7914; 170; 497.6; 
567; 0; 1741.7341; 170; 497.8; 
567; 0; 1740.7065; 170; 498; 
567; 0; 1738.6506; 170; 498.2; 
567; 0; 1736.5949; 170; 498.4; 
567; 0; 1735.5678; 170; 498.6; 
567; 0; 1733.5113; 170; 498.8; 
567; 0; 1731.5982; 170; 499; 
567; 0; 1730.6895; 170; 499.2; 
567; 0; 1728.8716; 170; 499.4; 
567; 0; 1727.9624; 170; 499.6; 
567; 0; 1727.0529; 170; 499.8; 
567; 0; 1725.2345; 170; 500; 
567; 0; 1724.3249; 170; 500.2; 
567; 0; 1723.4153; 170; 500.4; 
567; 0; 1722.5059; 170; 500.6; 
567; 0; 1721.5966; 170; 500.8; 
567; 0; 1720.6875; 170; 501; 
567; 0; 1720.6874; 170; 501.2; 
567; 0; 1719.7786; 170; 501.4; 
567; 0; 1718.8699; 170; 501.6; 
567; 0; 1718.8702; 170; 501.8; 
567; 0; 1717.9614; 170; 502; 
567; 0; 1717.9616; 170; 502.2; 
567; 0; 1717.0528; 170; 502.4; 
567; 0; 1717.0529; 170; 502.6; 
567; 0; 1716.1441; 170; 502.8; 
567; 0; 1716.144; 170; 503; 
567; 0; 1715.235; 170; 503.2; 
567; 0; 1715.2349; 170; 503.4; 
567; 0; 1715.2349; 170; 503.6; 
567; 0; 1714.3259; 170; 503.8; 
567; 0; 1714.3259; 170; 504; 
567; 0; 1714.3258; 170; 504.2; 
567; 0; 1714.3259; 170; 504.4; 
567; 0; 1713.417; 170; 504.6; 
567; 0; 1713.4172; 170; 504.8; 
567; 0; 1724.6232; 170; 505; 
567; 0; 1724.6233; 170; 505.2; 
567; 0; 1724.6234; 170; 505.4; 
567; 0; 1723.7234; 170; 505.6; 
567; 0; 1723.7235; 170; 505.8; 
567; 0; 1723.7235; 170; 506; 
567; 0; 1722.8235; 170; 506.2; 
567; 0; 1722.8236; 170; 506.4; 
567; 0; 1722.8236; 170; 506.6; 
567; 0; 1721.9237; 170; 506.8; 
567; 0; 1721.9236; 170; 507; 
567; 0; 1721.0236; 170; 507.2; 
567; 0; 1721.0235; 170; 507.4; 
567; 0; 1720.1235; 170; 507.6; 
567; 0; 1720.1235; 170; 507.8; 
567; 0; 1719.2235; 170; 508; 
567; 0; 1719.2236; 170; 508.2; 
567; 0; 1718.3238; 170; 508.4; 
567; 0; 1718.324; 170; 508.6; 
567; 0; 1718.3241; 170; 508.8; 
567; 0; 1717.4243; 170; 509; 
567; 0; 1717.4244; 170; 509.2; 
567; 0; 1716.5244; 170; 509.4; 
567; 0; 1716.5244; 170; 509.6; 
567; 0; 1716.5244; 170; 509.8; 
567; 0; 1715.6244; 170; 510; 
567; 0; 1715.6244; 170; 510.2; 
567; 0; 1715.6245; 170; 510.4; 
567; 0; 1714.7245; 170; 510.6; 
567; 0; 1714.7246; 170; 510.8; 
567; 0; 1714.7246; 170; 511; 
567; 0; 1714.7246; 170; 511.2; 
567; 0; 1713.8246; 170; 511.4; 
567; 0; 1713.8245; 170; 511.6; 
567; 0; 1713.8245; 170; 511.8; 
567; 0; 1713.8246; 170; 512; 
567; 0; 1713.8246; 170; 512.2; 
567; 0; 1713.8247; 170; 512.4; 
567; 0; 1712.9247; 170; 512.6; 
567; 0; 1712.9248; 170; 512.8; 
567; 0; 1712.9248; 170; 513; 
567; 0; 1712.9249; 170; 513.2; 
567; 0; 1712.9249; 170; 513.4; 
567; 0; 1712.9249; 170; 513.6; 
567; 0; 1712.925; 170; 513.8; 
567; 0; 1712.925; 170; 514; 
567; 0; 1712.9251; 170; 514.2; 
567; 0; 1712.0251; 170; 514.4; 
567; 0; 1712.0251; 170; 514.6; 
567; 0; 1712.0251; 170; 514.8; 
567; 0; 1712.0251; 170; 515; 
567; 0; 1712.0251; 170; 515.2; 
567; 0; 1712.0251; 170; 515.4; 
567; 0; 1712.0251; 170; 515.6; 
567; 0; 1712.0251; 170; 515.8; 
567; 0; 1712.0251; 170; 516; 
567; 0; 1712.0251; 170; 516.2; 
567; 0; 1712.025; 170; 516.4; 
567; 0; 1712.025; 170; 516.6; 
567; 0; 1712.0251; 170; 516.8; 
567; 0; 1712.0251; 170; 517; 
567; 0; 1712.0251; 170; 517.2; 
567; 0; 1712.0252; 170; 517.4; 
567; 0; 1712.0252; 170; 517.6; 
567; 0; 1712.0253; 170; 517.8; 
567; 0; 1712.0253; 170; 518; 
567; 0; 1711.1254; 170; 518.2; 
567; 0; 1711.1254; 170; 518.4; 
567; 0; 1711.1254; 170; 518.6; 
567; 0; 1711.1255; 170; 518.8; 
567; 0; 1711.1255; 170; 519; 
567; 0; 1711.1255; 170; 519.2; 
567; 0; 1711.1255; 170; 519.4; 
567; 0; 1711.1254; 170; 519.6; 
567; 0; 1711.1254; 170; 519.8; 
567; 0; 1711.1253; 170; 520; 
567; 0; 1711.1253; 170; 520.2; 
567; 0; 1711.1253; 170; 520.4; 
567; 0; 1711.1253; 170; 520.6; 
567; 0; 1711.1253; 170; 520.8; 
567; 0; 1711.1254; 170; 521; 
567; 0; 1711.1254; 170; 521.2; 
567; 0; 1711.1254; 170; 521.4; 
567; 0; 1711.1254; 170; 521.6; 
567; 0; 1711.1255; 170; 521.8; 
567; 0; 1711.1255; 170; 522; 
567; 0; 1711.1256; 170; 522.2; 
567; 0; 1711.1256; 170; 522.4; 
567; 0; 1711.1256; 170; 522.6; 
567; 0; 1711.1257; 170; 522.8; 
567; 0; 1711.1256; 170; 523; 
567; 0; 1711.1256; 170; 523.2; 
567; 0; 1711.1256; 170; 523.4; 
567; 0; 1711.1256; 170; 523.6; 
567; 0; 1711.1256; 170; 523.8; 
567; 0; 1711.1256; 170; 524; 
567; 0; 1711.1257; 170; 524.2; 
567; 0; 1711.1257; 170; 524.4; 
567; 0; 1711.1257; 170; 524.6; 
567; 0; 1711.1257; 170; 524.8; 
567; 0; 1711.1257; 170; 525; 
567; 0; 1711.1257; 170; 525.2; 
567; 0; 1711.1257; 170; 525.4; 
567; 0; 1711.1256; 170; 525.6; 
567; 0; 1711.1256; 170; 525.8; 
567; 0; 1711.1256; 170; 526; 
567; 0; 1711.1257; 170; 526.2; 
567; 0; 1711.1257; 170; 526.4; 
567; 0; 1711.1257; 170; 526.6; 
567; 0; 1711.1258; 170; 526.8; 
567; 0; 1711.1258; 170; 527; 
567; 0; 1711.1258; 170; 527.2; 
567; 0; 1711.1258; 170; 527.4; 
567; 0; 1711.1258; 170; 527.6; 
567; 0; 1711.1259; 170; 527.8; 
567; 0; 1711.1259; 170; 528; 
567; 0; 1711.1259; 170; 528.2; 
567; 0; 1711.1259; 170; 528.4; 
567; 0; 1711.1258; 170; 528.6; 
567; 0; 1710.2259; 170; 528.8; 
567; 0; 1710.2259; 170; 529; 
567; 0; 1710.2259; 170; 529.2; 
567; 0; 1710.2259; 170; 529.4; 
567; 0; 1710.2259; 170; 529.6; 
567; 0; 1710.2259; 170; 529.8; 
567; 0; 1710.2259; 170; 530; 
567; 0; 1710.2259; 170; 530.2; 
567; 0; 1710.2259; 170; 530.4; 
567; 0; 1710.2259; 170; 530.6; 
567; 0; 1710.2259; 170; 530.8; 
567; 0; 1710.226; 170; 531; 
567; 0; 1710.226; 170; 531.2; 
567; 0; 1710.226; 170; 531.4; 
567; 0; 1710.226; 170; 531.6; 
567; 0; 1710.2261; 170; 531.8; 
567; 0; 1710.2261; 170; 532; 
567; 0; 1710.226; 170; 532.2; 
567; 0; 1710.226; 170; 532.4; 
567; 0; 1710.226; 170; 532.6; 
567; 0; 1710.226; 170; 532.8; 
567; 0; 1710.226; 170; 533; 
567; 0; 1710.2261; 170; 533.2; 
567; 0; 1710.2261; 170; 533.4; 
567; 0; 1710.2261; 170; 533.6; 
567; 0; 1710.2261; 170; 533.8; 
567; 0; 1710.2261; 170; 534; 
567; 0; 1710.2261; 170; 534.2; 
567; 0; 1710.2261; 170; 534.4; 
567; 0; 1710.2261; 170; 534.6; 
567; 0; 1710.2262; 170; 534.8; 
567; 0; 1710.2262; 170; 535; 
567; 0; 1710.2262; 170; 535.2; 
567; 0; 1710.2262; 170; 535.4; 
567; 0; 1710.2262; 170; 535.6; 
567; 0; 1710.2262; 170; 535.8; 
567; 0; 1710.2262; 170; 536; 
567; 0; 1710.2262; 170; 536.2; 
567; 0; 1710.2262; 170; 536.4; 
567; 0; 1710.2262; 170; 536.6; 
567; 0; 1710.2262; 170; 536.8; 
567; 0; 1710.2262; 170; 537; 
567; 0; 1710.2262; 170; 537.2; 
567; 0; 1710.2262; 170; 537.4; 
567; 0; 1710.2263; 170; 537.6; 
567; 0; 1710.2263; 170; 537.8; 
567; 0; 1710.2263; 170; 538; 
567; 0; 1710.2263; 170; 538.2; 
567; 0; 1710.2263; 170; 538.4; 
567; 0; 1710.2263; 170; 538.6; 
567; 0; 1711.1262; 170; 538.8; 
567; 0; 1711.1261; 170; 539; 
567; 0; 1711.1259; 170; 539.2; 
567; 0; 1711.1253; 170; 539.4; 
567; 0; 1712.0239; 170; 539.6; 
567; 0; 1712.021; 170; 539.8; 
567; 0; 1712.0163; 170; 540; 
567; 0; 1712.0096; 170; 540.2; 
567; 0; 1712.001; 170; 540.4; 
567; 0; 1711.9909; 170; 540.6; 
567; 0; 1713.7796; 170; 540.8; 
567; 0; 1714.6683; 170; 541; 
567; 0; 1717.3575; 170; 541.2; 
567; 0; 1720.9482; 170; 541.4; 
567; 0; 1715.151; 170; 541.6; 
567; 0; 1720.6011; 170; 541.8; 
567; 0; 1726.0553; 170; 542; 
567; 0; 1732.4226; 170; 542.2; 
567; 0; 1739.5989; 170; 542.4; 
567; 0; 1745.7859; 170; 542.6; 
567; 0; 1750.9474; 170; 542.8; 
567; 0; 1754.0531; 170; 543; 
567; 0; 1757.1583; 170; 543.2; 
567; 0; 1758.203; 170; 543.4; 
567; 0; 1758.2133; 170; 543.6; 
567; 0; 1757.1908; 170; 543.8; 
567; 0; 1756.1637; 170; 544; 
567; 0; 1754.1034; 170; 544.2; 
567; 0; 1752.0393; 170; 544.4; 
567; 0; 1749.9726; 170; 544.6; 
567; 0; 1748.9313; 170; 544.8; 
567; 0; 1747.8891; 170; 545; 
567; 0; 1747.877; 170; 545.2; 
567; 0; 1748.8962; 170; 545.4; 
567; 0; 1750.9476; 170; 545.6; 
567; 0; 1753.0032; 170; 545.8; 
567; 0; 1755.063; 170; 546; 
567; 0; 1757.1267; 170; 546.2; 
567; 0; 1759.1935; 170; 546.4; 
567; 0; 1760.2335; 170; 546.6; 
567; 0; 1760.2454; 170; 546.8; 
567; 0; 1760.2563; 170; 547; 
567; 0; 1759.235; 170; 547.2; 
567; 0; 1757.1826; 170; 547.4; 
567; 0; 1755.1275; 170; 547.6; 
567; 0; 1753.0698; 170; 547.8; 
567; 0; 1751.0099; 170; 548; 
567; 0; 1748.9482; 170; 548.2; 
567; 0; 1746.8856; 170; 548.4; 
567; 0; 1744.8218; 170; 548.6; 
567; 0; 1743.7868; 170; 548.8; 
567; 0; 1742.7531; 170; 549; 
567; 0; 1741.721; 170; 549.2; 
567; 0; 1741.7195; 170; 549.4; 
567; 0; 1741.7199; 170; 549.6; 
567; 0; 1741.7219; 170; 549.8; 
567; 0; 1740.6963; 170; 550; 
567; 0; 1740.7001; 170; 550.2; 
567; 0; 1739.6754; 170; 550.4; 
567; 0; 1739.6791; 170; 550.6; 
567; 0; 1738.6534; 170; 550.8; 
567; 0; 1737.6266; 170; 551; 
567; 0; 1736.5988; 170; 551.2; 
567; 0; 1734.5416; 170; 551.4; 
567; 0; 1733.5125; 170; 551.6; 
567; 0; 1732.5068; 170; 551.8; 
567; 0; 1731.5968; 170; 552; 
567; 0; 1730.6866; 170; 552.2; 
567; 0; 1729.7764; 170; 552.4; 
567; 0; 1728.8665; 170; 552.6; 
567; 0; 1728.8659; 170; 552.8; 
567; 0; 1727.9567; 170; 553; 
567; 0; 1727.0479; 170; 553.2; 
567; 0; 1727.0484; 170; 553.4; 
567; 0; 1726.1402; 170; 553.6; 
567; 0; 1726.141; 170; 553.8; 
567; 0; 1725.2328; 170; 554; 
567; 0; 1725.2335; 170; 554.2; 
567; 0; 1724.3251; 170; 554.4; 
567; 0; 1723.4165; 170; 554.6; 
567; 0; 1723.4167; 170; 554.8; 
567; 0; 1722.5078; 170; 555; 
567; 0; 1722.5078; 170; 555.2; 
567; 0; 1721.5989; 170; 555.4; 
567; 0; 1721.5988; 170; 555.6; 
567; 0; 1720.6898; 170; 555.8; 
567; 0; 1720.6898; 170; 556; 
567; 0; 1719.7808; 170; 556.2; 
567; 0; 1719.7809; 170; 556.4; 
567; 0; 1718.872; 170; 556.6; 
567; 0; 1718.8721; 170; 556.8; 
567; 0; 1718.8723; 170; 557; 
567; 0; 1717.9635; 170; 557.2; 
567; 0; 1717.9636; 170; 557.4; 
567; 0; 1717.9638; 170; 557.6; 
567; 0; 1717.055; 170; 557.8; 
567; 0; 1717.0551; 170; 558; 
567; 0; 1717.0552; 170; 558.2; 
567; 0; 1716.1464; 170; 558.4; 
567; 0; 1716.1464; 170; 558.6; 
567; 0; 1716.1464; 170; 558.8; 
567; 0; 1715.2375; 170; 559; 
567; 0; 1715.2375; 170; 559.2; 
567; 0; 1715.2376; 170; 559.4; 
567; 0; 1715.2376; 170; 559.6; 
567; 0; 1714.3287; 170; 559.8; 
567; 0; 1714.3287; 170; 560; 
567; 0; 1714.3288; 170; 560.2; 
567; 0; 1714.3288; 170; 560.4; 
567; 0; 1714.3289; 170; 560.6; 
567; 0; 1713.4201; 170; 560.8; 
567; 0; 1713.4201; 170; 561; 
567; 0; 1724.626; 170; 561.2; 
567; 0; 1724.6261; 170; 561.4; 
567; 0; 1724.6261; 170; 561.6; 
567; 0; 1723.7262; 170; 561.8; 
567; 0; 1723.7263; 170; 562; 
567; 0; 1723.7263; 170; 562.2; 
567; 0; 1722.8263; 170; 562.4; 
567; 0; 1722.8263; 170; 562.6; 
567; 0; 1721.9263; 170; 562.8; 
567; 0; 1721.9264; 170; 563; 
567; 0; 1721.0265; 170; 563.2; 
567; 0; 1721.0265; 170; 563.4; 
567; 0; 1720.1266; 170; 563.6; 
567; 0; 1720.1266; 170; 563.8; 
567; 0; 1719.2267; 170; 564; 
567; 0; 1719.2268; 170; 564.2; 
567; 0; 1718.3269; 170; 564.4; 
567; 0; 1718.3269; 170; 564.6; 
567; 0; 1718.327; 170; 564.8; 
567; 0; 1717.427; 170; 565; 
567; 0; 1717.4271; 170; 565.2; 
567; 0; 1716.5271; 170; 565.4; 
567; 0; 1716.5271; 170; 565.6; 
567; 0; 1715.6271; 170; 565.8; 
567; 0; 1715.6271; 170; 566; 
567; 0; 1715.6271; 170; 566.2; 
567; 0; 1714.7272; 170; 566.4; 
567; 0; 1714.7273; 170; 566.6; 
567; 0; 1714.7273; 170; 566.8; 
567; 0; 1713.8275; 170; 567; 
567; 0; 1713.8275; 170; 567.2; 
567; 0; 1713.8276; 170; 567.4; 
567; 0; 1713.8276; 170; 567.6; 
567; 0; 1712.9277; 170; 567.8; 
567; 0; 1712.9277; 170; 568; 
567; 0; 1712.9277; 170; 568.2; 
567; 0; 1712.9277; 170; 568.4; 
567; 0; 1712.0277; 170; 568.6; 
567; 0; 1712.0277; 170; 568.8; 
567; 0; 1712.0277; 170; 569; 
567; 0; 1712.0277; 170; 569.2; 
567; 0; 1712.0277; 170; 569.4; 
567; 0; 1712.0277; 170; 569.6; 
567; 0; 1711.1278; 170; 569.8; 
567; 0; 1711.1278; 170; 570; 
567; 0; 1711.1279; 170; 570.2; 
567; 0; 1711.1279; 170; 570.4; 
567; 0; 1711.1279; 170; 570.6; 
567; 0; 1711.1279; 170; 570.8; 
567; 0; 1711.128; 170; 571; 
567; 0; 1711.128; 170; 571.2; 
567; 0; 1711.128; 170; 571.4; 
567; 0; 1711.128; 170; 571.6; 
567; 0; 1710.228; 170; 571.8; 
567; 0; 1710.228; 170; 572; 
567; 0; 1710.228; 170; 572.2; 
567; 0; 1710.228; 170; 572.4; 
567; 0; 1710.228; 170; 572.6; 
567; 0; 1710.228; 170; 572.8; 
567; 0; 1710.228; 170; 573; 
567; 0; 1710.228; 170; 573.2; 
567; 0; 1710.228; 170; 573.4; 
567; 0; 1710.2281; 170; 573.6; 
567; 0; 1710.2282; 170; 573.8; 
567; 0; 1710.2282; 170; 574; 
567; 0; 1710.2282; 170; 574.2; 
567; 0; 1710.2282; 170; 574.4; 
567; 0; 1710.2282; 170; 574.6; 
567; 0; 1710.2281; 170; 574.8; 
567; 0; 1710.2281; 170; 575; 
567; 0; 1710.2281; 170; 575.2; 
567; 0; 1710.2281; 170; 575.4; 
567; 0; 1710.2281; 170; 575.6; 
567; 0; 1710.2282; 170; 575.8; 
567; 0; 1709.3282; 170; 576; 
567; 0; 1709.3283; 170; 576.2; 
567; 0; 1709.3283; 170; 576.4; 
567; 0; 1709.3284; 170; 576.6; 
567; 0; 1709.3284; 170; 576.8; 
567; 0; 1709.3284; 170; 577; 
567; 0; 1709.3284; 170; 577.2; 
567; 0; 1709.3284; 170; 577.4; 
567; 0; 1709.3283; 170; 577.6; 
567; 0; 1709.3283; 170; 577.8; 
567; 0; 1709.3283; 170; 578; 
567; 0; 1709.3283; 170; 578.2; 
567; 0; 1709.3283; 170; 578.4; 
567; 0; 1709.3283; 170; 578.6; 
567; 0; 1709.3282; 170; 578.8; 
567; 0; 1709.3282; 170; 579; 
567; 0; 1709.3283; 170; 579.2; 
567; 0; 1709.3283; 170; 579.4; 
567; 0; 1709.3283; 170; 579.6; 
567; 0; 1709.3283; 170; 579.8; 
567; 0; 1709.3283; 170; 580; 
567; 0; 1709.3284; 170; 580.2; 
567; 0; 1709.3284; 170; 580.4; 
567; 0; 1709.3285; 170; 580.6; 
567; 0; 1709.3285; 170; 580.8; 
567; 0; 1709.3285; 170; 581; 
567; 0; 1709.3285; 170; 581.2; 
567; 0; 1709.3284; 170; 581.4; 
567; 0; 1709.3284; 170; 581.6; 
567; 0; 1709.3284; 170; 581.8; 
567; 0; 1709.3284; 170; 582; 
567; 0; 1709.3283; 170; 582.2; 
567; 0; 1709.3283; 170; 582.4; 
567; 0; 1709.3284; 170; 582.6; 
567; 0; 1709.3284; 170; 582.8; 
567; 0; 1709.3284; 170; 583; 
567; 0; 1709.3284; 170; 583.2; 
567; 0; 1709.3284; 170; 583.4; 
567; 0; 1709.3285; 170; 583.6; 
567; 0; 1709.3285; 170; 583.8; 
567; 0; 1709.3285; 170; 584; 
567; 0; 1709.3284; 170; 584.2; 
567; 0; 1709.3285; 170; 584.4; 
567; 0; 1709.3284; 170; 584.6; 
567; 0; 1710.2283; 170; 584.8; 
567; 0; 1710.2278; 170; 585; 
567; 0; 1710.2266; 170; 585.2; 
567; 0; 1710.2245; 170; 585.4; 
567; 0; 1711.1202; 170; 585.6; 
567; 0; 1711.1137; 170; 585.8; 
567; 0; 1710.2047; 170; 586; 
567; 0; 1711.0932; 170; 586.2; 
567; 0; 1711.0805; 170; 586.4; 
567; 0; 1712.8672; 170; 586.6; 
567; 0; 1716.4548; 170; 586.8; 
567; 0; 1720.0447; 170; 587; 
567; 0; 1714.2383; 170; 587.2; 
567; 0; 1720.5979; 170; 587.4; 
567; 0; 1726.9621; 170; 587.6; 
567; 0; 1734.4437; 170; 587.8; 
567; 0; 1740.6272; 170; 588; 
567; 0; 1746.8135; 170; 588.2; 
567; 0; 1751.9726; 170; 588.4; 
567; 0; 1755.0743; 170; 588.6; 
567; 0; 1758.1744; 170; 588.8; 
567; 0; 1760.2431; 170; 589; 
567; 0; 1760.2508; 170; 589.2; 
567; 0; 1761.2832; 170; 589.4; 
567; 0; 1761.283; 170; 589.6; 
567; 0; 1760.251; 170; 589.8; 
567; 0; 1760.2456; 170; 590; 
567; 0; 1761.2681; 170; 590.2; 
567; 0; 1761.2625; 170; 590.4; 
567; 0; 1762.2873; 170; 590.6; 
567; 0; 1764.3434; 170; 590.8; 
567; 0; 1765.374; 170; 591; 
567; 0; 1766.4075; 170; 591.2; 
567; 0; 1767.4436; 170; 591.4; 
567; 0; 1767.4526; 170; 591.6; 
567; 0; 1767.4614; 170; 591.8; 
567; 0; 1766.4399; 170; 592; 
567; 0; 1764.3882; 170; 592.2; 
567; 0; 1762.3346; 170; 592.4; 
567; 0; 1760.2787; 170; 592.6; 
567; 0; 1757.1917; 170; 592.8; 
567; 0; 1754.1028; 170; 593; 
567; 0; 1752.0413; 170; 593.2; 
567; 0; 1748.9502; 170; 593.4; 
567; 0; 1746.8878; 170; 593.6; 
567; 0; 1744.8258; 170; 593.8; 
567; 0; 1743.7927; 170; 594; 
567; 0; 1741.7324; 170; 594.2; 
567; 0; 1740.7024; 170; 594.4; 
567; 0; 1740.7027; 170; 594.6; 
567; 0; 1739.6755; 170; 594.8; 
567; 0; 1738.6491; 170; 595; 
567; 0; 1737.6231; 170; 595.2; 
567; 0; 1736.597; 170; 595.4; 
567; 0; 1735.5703; 170; 595.6; 
567; 0; 1734.5431; 170; 595.8; 
567; 0; 1732.5101; 170; 596; 
567; 0; 1731.6016; 170; 596.2; 
567; 0; 1730.6926; 170; 596.4; 
567; 0; 1729.7832; 170; 596.6; 
567; 0; 1727.9647; 170; 596.8; 
567; 0; 1727.055; 170; 597; 
567; 0; 1726.1454; 170; 597.2; 
567; 0; 1725.2358; 170; 597.4; 
567; 0; 1724.3264; 170; 597.6; 
567; 0; 1724.3261; 170; 597.8; 
567; 0; 1723.4172; 170; 598; 
567; 0; 1722.5084; 170; 598.2; 
567; 0; 1722.5087; 170; 598.4; 
567; 0; 1721.6002; 170; 598.6; 
567; 0; 1721.6006; 170; 598.8; 
567; 0; 1720.6921; 170; 599; 
567; 0; 1719.7835; 170; 599.2; 
567; 0; 1719.7837; 170; 599.4; 
567; 0; 1718.8749; 170; 599.6; 
567; 0; 1718.875; 170; 599.8; 
567; 0; 1717.966; 170; 600; 
567; 0; 1717.9659; 170; 600.2; 
567; 0; 1717.0569; 170; 600.4; 
567; 0; 1717.0569; 170; 600.6; 
567; 0; 1716.148; 170; 600.8; 
567; 0; 1716.148; 170; 601; 
567; 0; 1716.1481; 170; 601.2; 
567; 0; 1715.2392; 170; 601.4; 
567; 0; 1715.2393; 170; 601.6; 
567; 0; 1715.2394; 170; 601.8; 
567; 0; 1714.3306; 170; 602; 
567; 0; 1714.3307; 170; 602.2; 
567; 0; 1714.3308; 170; 602.4; 
567; 0; 1713.4219; 170; 602.6; 
567; 0; 1713.4219; 170; 602.8; 
567; 0; 1724.6277; 170; 603; 
567; 0; 1724.6277; 170; 603.2; 
567; 0; 1723.7278; 170; 603.4; 
567; 0; 1723.7278; 170; 603.6; 
567; 0; 1723.7278; 170; 603.8; 
567; 0; 1722.8278; 170; 604; 
567; 0; 1722.8278; 170; 604.2; 
567; 0; 1722.8278; 170; 604.4; 
567; 0; 1721.9279; 170; 604.6; 
567; 0; 1721.9279; 170; 604.8; 
567; 0; 1721.028; 170; 605; 
567; 0; 1721.0281; 170; 605.2; 
567; 0; 1720.1283; 170; 605.4; 
567; 0; 1719.2283; 170; 605.6; 
567; 0; 1719.2284; 170; 605.8; 
567; 0; 1718.3285; 170; 606; 
567; 0; 1718.3286; 170; 606.2; 
567; 0; 1717.4286; 170; 606.4; 
567; 0; 1717.4287; 170; 606.6; 
567; 0; 1716.5287; 170; 606.8; 
567; 0; 1716.5288; 170; 607; 
567; 0; 1715.6289; 170; 607.2; 
567; 0; 1715.6289; 170; 607.4; 
567; 0; 1715.629; 170; 607.6; 
567; 0; 1714.729; 170; 607.8; 
567; 0; 1714.7289; 170; 608; 
567; 0; 1713.8289; 170; 608.2; 
567; 0; 1713.8289; 170; 608.4; 
567; 0; 1713.8288; 170; 608.6; 
567; 0; 1712.9289; 170; 608.8; 
567; 0; 1712.9289; 170; 609; 
567; 0; 1712.929; 170; 609.2; 
567; 0; 1712.9291; 170; 609.4; 
567; 0; 1712.0292; 170; 609.6; 
567; 0; 1712.0293; 170; 609.8; 
567; 0; 1712.0293; 170; 610; 
567; 0; 1712.0293; 170; 610.2; 
567; 0; 1711.1294; 170; 610.4; 
567; 0; 1711.1294; 170; 610.6; 
567; 0; 1711.1294; 170; 610.8; 
567; 0; 1711.1294; 170; 611; 
567; 0; 1711.1294; 170; 611.2; 
567; 0; 1711.1295; 170; 611.4; 
567; 0; 1711.1296; 170; 611.6; 
567; 0; 1710.2297; 170; 611.8; 
567; 0; 1710.2297; 170; 612; 
567; 0; 1710.2296; 170; 612.2; 
567; 0; 1710.2296; 170; 612.4; 
567; 0; 1710.2296; 170; 612.6; 
567; 0; 1710.2295; 170; 612.8; 
567; 0; 1710.2295; 170; 613; 
567; 0; 1710.2296; 170; 613.2; 
567; 0; 1710.2296; 170; 613.4; 
567; 0; 1710.2296; 170; 613.6; 
567; 0; 1709.3297; 170; 613.8; 
567; 0; 1709.3297; 170; 614; 
567; 0; 1709.3297; 170; 614.2; 
567; 0; 1709.3297; 170; 614.4; 
567; 0; 1709.3297; 170; 614.6; 
567; 0; 1709.3297; 170; 614.8; 
567; 0; 1709.3297; 170; 615; 
567; 0; 1709.3297; 170; 615.2; 
567; 0; 1709.3297; 170; 615.4; 
567; 0; 1709.3297; 170; 615.6; 
567; 0; 1709.3297; 170; 615.8; 
567; 0; 1709.3297; 170; 616; 
567; 0; 1709.3298; 170; 616.2; 
567; 0; 1709.3299; 170; 616.4; 
567; 0; 1709.3299; 170; 616.6; 
567; 0; 1709.3299; 170; 616.8; 
567; 0; 1709.3299; 170; 617; 
567; 0; 1709.33; 170; 617.2; 
567; 0; 1709.33; 170; 617.4; 
567; 0; 1708.43; 170; 617.6; 
567; 0; 1708.4299; 170; 617.8; 
567; 0; 1708.4299; 170; 618; 
567; 0; 1708.4299; 170; 618.2; 
567; 0; 1708.4298; 170; 618.4; 
567; 0; 1708.4298; 170; 618.6; 
567; 0; 1708.4298; 170; 618.8; 
567; 0; 1708.4298; 170; 619; 
567; 0; 1708.4298; 170; 619.2; 
567; 0; 1708.4299; 170; 619.4; 
567; 0; 1708.4299; 170; 619.6; 
567; 0; 1708.4299; 170; 619.8; 
567; 0; 1708.4299; 170; 620; 
567; 0; 1708.43; 170; 620.2; 
567; 0; 1708.43; 170; 620.4; 
567; 0; 1708.43; 170; 620.6; 
567; 0; 1708.43; 170; 620.8; 
567; 0; 1708.43; 170; 621; 
567; 0; 1708.4299; 170; 621.2; 
567; 0; 1708.4299; 170; 621.4; 
567; 0; 1708.43; 170; 621.6; 
567; 0; 1708.43; 170; 621.8; 
567; 0; 1708.43; 170; 622; 
567; 0; 1708.43; 170; 622.2; 
567; 0; 1708.43; 170; 622.4; 
567; 0; 1708.4299; 170; 622.6; 
567; 0; 1708.4299; 170; 622.8; 
567; 0; 1708.4299; 170; 623; 
567; 0; 1708.43; 170; 623.2; 
567; 0; 1708.43; 170; 623.4; 
567; 0; 1708.43; 170; 623.6; 
567; 0; 1708.4301; 170; 623.8; 
567; 0; 1708.4301; 170; 624; 
567; 0; 1708.4301; 170; 624.2; 
567; 0; 1708.4301; 170; 624.4; 
567; 0; 1708.43; 170; 624.6; 
567; 0; 1708.43; 170; 624.8; 
567; 0; 1708.4299; 170; 625; 
567; 0; 1708.4299; 170; 625.2; 
567; 0; 1708.43; 170; 625.4; 
567; 0; 1708.43; 170; 625.6; 
567; 0; 1708.4301; 170; 625.8; 
567; 0; 1708.4301; 170; 626; 
567; 0; 1708.4301; 170; 626.2; 
567; 0; 1708.4301; 170; 626.4; 
567; 0; 1708.4301; 170; 626.6; 
567; 0; 1708.4301; 170; 626.8; 
567; 0; 1708.4301; 170; 627; 
567; 0; 1708.43; 170; 627.2; 
567; 0; 1708.43; 170; 627.4; 
567; 0; 1708.4299; 170; 627.6; 
567; 0; 1708.4299; 170; 627.8; 
567; 0; 1708.4299; 170; 628; 
567; 0; 1708.43; 170; 628.2; 
567; 0; 1708.4301; 170; 628.4; 
567; 0; 1708.4301; 170; 628.6; 
567; 0; 1708.4302; 170; 628.8; 
567; 0; 1708.4302; 170; 629; 
567; 0; 1708.4303; 170; 629.2; 
567; 0; 1708.4302; 170; 629.4; 
567; 0; 1707.5302; 170; 629.6; 
567; 0; 1707.5301; 170; 629.8; 
567; 0; 1707.5301; 0; 630; 
567; 0; 0; 0; 630.2; 
567; 0; 0; 0; 630.4; 
567; 0; 0; 0; 630.6; 
567; 0; 0; 0; 630.8; 
567; 0; 0; 0; 631; 
567; 0; 0; 0; 631.2; 
567; 0; 0; 0; 631.4; 
567; 0; 0; 0; 631.6; 
567; 0; 0; 0; 631.8; 
567; 0; 0; 0; 632; 
567; 0; 0; 0; 632.2; 
567; 0; 0; 0; 632.4; 
567; 0; 0; 0; 632.6; 
567; 0; 0; 0; 632.8; 
567; 0; 0; 0; 633; 
567; 0; 0; 0; 633.2; 
567; 0; 0; 0; 633.4; 
567; 0; 0; 0; 633.6; 
567; 0; 0; 0; 633.8; 
567; 0; 0; 0; 634; 
567; 0; 0; 0; 634.2; 
567; 0; 0; 0; 634.4; 
567; 0; 0; 0; 634.6; 
567; 0; 0; 0; 634.8; 
567; 0; 0; 0; 635; 
567; 0; 0; 0; 635.2; 
567; 0; 0; 0; 635.4; 
567; 0; 0; 0; 635.6; 
567; 0; 0; 0; 635.8; 
567; 0; 0; 0; 636; 
567; 0; 0; 0; 636.2; 
567; 0; 0; 0; 636.4; 
567; 0; 0; 0; 636.6; 
567; 0; 0; 0; 636.8; 
567; 0; 0; 0; 637; 
567; 0; 0; 0; 637.2; 
567; 0; 0; 0; 637.4; 
567; 0; 0; 0; 637.6; 
567; 0; 0; 0; 637.8; 
567; 0; 0; 0; 638; 
567; 0; 0; 0; 638.2; 
567; 0; 0; 0; 638.4; 
567; 0; 0; 0; 638.6; 
567; 0; 0; 0; 638.8; 
567; 0; 0; 0; 639; 
567; 0; 0; 0; 639.2; 
567; 0; 0; 0; 639.4; 
567; 0; 0; 0; 639.6; 
567; 0; 0; 0; 639.8; 
567; 0; 0; 0; 640; 
567; 0; 0; 0; 640.2; 
567; 0; 0; 0; 640.4; 
567; 0; 0; 0; 640.6; 
567; 0; 0; 0; 640.8; 
567; 0; 0; 0; 641; 
567; 0; 0; 0; 641.2; 
567; 0; 0; 0; 641.4; 
567; 0; 0; 0; 641.6; 
567; 0; 0; 0; 641.8; 
567; 0; 0; 0; 642; 
567; 0; 0; 0; 642.2; 
567; 0; 0; 0; 642.4; 
567; 0; 0; 0; 642.6; 
567; 0; 0; 0; 642.8; 
567; 0; 0; 0; 643; 
567; 0; 0; 0; 643.2; 
567; 0; 0; 0; 643.4; 
567; 0; 0; 0; 643.6; 
567; 0; 0; 0; 643.8; 
567; 0; 0; 0; 644; 
567; 0; 0; 0; 644.2; 
567; 0; 0; 0; 644.4; 
567; 0; 0; 0; 644.6; 
567; 0; 0; 0; 644.8; 
567; 0; 0; 0; 645; 
567; 0; 0; 0; 645.2; 
567; 0; 0; 0; 645.4; 
567; 0; 0; 0; 645.6; 
567; 0; 0; 0; 645.8; 
567; 0; 0; 0; 646; 
567; 0; 0; 0; 646.2; 
567; 0; 0; 0; 646.4; 
567; 0; 0; 0; 646.6; 
567; 0; 0; 0; 646.8; 
567; 0; 0; 0; 647; 
567; 0; 0; 0; 647.2; 
567; 0; 0; 0; 647.4; 
567; 0; 0; 0; 647.6; 
567; 0; 0; 0; 647.8; 
567; 0; 0; 0; 648; 
567; 0; 0; 0; 648.2; 
567; 0; 0; 0; 648.4; 
567; 0; 0; 0; 648.6; 
567; 0; 0; 0; 648.8; 
567; 0; 0; 0; 649; 
567; 0; 0; 0; 649.2; 
567; 0; 0; 0; 649.4; 
567; 0; 0; 0; 649.6; 
567; 0; 0; 0; 649.8; 
567; 0; 0; 0; 650; 
567; 0; 0; 0; 650.2; 
567; 0; 0; 0; 650.4; 
567; 0; 0; 0; 650.6; 
567; 0; 0; 0; 650.8; 
567; 0; 0; 0; 651; 
567; 0; 0; 0; 651.2; 
567; 0; 0; 0; 651.4; 
567; 0; 0; 0; 651.6; 
567; 0; 0; 0; 651.8; 
567; 0; 0; 0; 652; 
567; 0; 0; 0; 652.2; 
567; 0; 0; 0; 652.4; 
567; 0; 0; 0; 652.6; 
567; 0; 0; 0; 652.8; 
567; 0; 0; 0; 653; 
567; 0; 0; 0; 653.2; 
567; 0; 0; 0; 653.4; 
567; 0; 0; 0; 653.6; 
567; 0; 0; 0; 653.8; 
567; 0; 0; 0; 654; 
567; 0; 0; 0; 654.2; 
567; 0; 0; 0; 654.4; 
567; 0; 0; 0; 654.6; 
567; 0; 0; 0; 654.8; 
567; 0; 0; 0; 655; 
567; 0; 0; 0; 655.2; 
567; 0; 0; 0; 655.4; 
567; 0; 0; 0; 655.6; 
567; 0; 0; 0; 655.8; 
567; 0; 0; 0; 656; 
567; 0; 0; 0; 656.2; 
567; 0; 0; 0; 656.4; 
567; 0; 0; 0; 656.6; 
567; 0; 0; 0; 656.8; 
567; 0; 0; 0; 657; 
567; 0; 0; 0; 657.2; 
567; 0; 0; 0; 657.4; 
567; 0; 0; 0; 657.6; 
567; 0; 0; 0; 657.8; 
567; 0; 0; 0; 658; 
567; 0; 0; 0; 658.2; 
567; 0; 0; 0; 658.4; 
567; 0; 0; 0; 658.6; 
567; 0; 0; 0; 658.8; 
567; 0; 0; 0; 659; 
567; 0; 0; 0; 659.2; 
567; 0; 0; 0; 659.4; 
567; 0; 0; 0; 659.6; 
567; 0; 0; 0; 659.8; 
567; 0; 0; 0; 660; 
567; 0; 0; 0; 660.2; 
567; 0; 0; 0; 660.4; 
567; 0; 0; 0; 660.6; 
567; 0; 0; 0; 660.8; 
567; 0; 0; 0; 661; 
567; 0; 0; 0; 661.2; 
567; 0; 0; 0; 661.4; 
567; 0; 0; 0; 661.6; 
567; 0; 0; 0; 661.8; 
567; 0; 0; 0; 662; 
567; 0; 0; 0; 662.2; 
567; 0; 0; 0; 662.4; 
567; 0; 0; 0; 662.6; 
567; 0; 0; 0; 662.8; 
567; 0; 0; 0; 663; 
567; 0; 0; 0; 663.2; 
567; 0; 0; 0; 663.4; 
567; 0; 0; 0; 663.6; 
567; 0; 0; 0; 663.8; 
567; 0; 0; 0; 664; 
567; 0; 0; 0; 664.2; 
567; 0; 0; 0; 664.4; 
567; 0; 0; 0; 664.6; 
567; 0; 0; 0; 664.8; 
567; 0; 0; 0; 665; 
567; 0; 0; 0; 665.2; 
567; 0; 0; 0; 665.4; 
567; 0; 0; 0; 665.6; 
567; 0; 0; 0; 665.8; 
567; 0; 0; 0; 666; 
567; 0; 0; 0; 666.2; 
567; 0; 0; 0; 666.4; 
567; 0; 0; 0; 666.6; 
567; 0; 0; 0; 666.8; 
567; 0; 0; 0; 667; 
567; 0; 0; 0; 667.2; 
567; 0; 0; 0; 667.4; 
567; 0; 0; 0; 667.6; 
567; 0; 0; 0; 667.8; 
567; 0; 0; 0; 668; 
567; 0; 0; 0; 668.2; 
567; 0; 0; 0; 668.4; 
567; 0; 0; 0; 668.6; 
567; 0; 0; 0; 668.8; 
567; 0; 0; 0; 669; 
567; 0; 0; 0; 669.2; 
567; 0; 0; 0; 669.4; 
567; 0; 0; 0; 669.6; 
567; 0; 0; 0; 669.8; 
567; 0; 0; 0; 670; 
567; 0; 0; 0; 670.2; 
567; 0; 0; 0; 670.4; 
567; 0; 0; 0; 670.6; 
567; 0; 0; 0; 670.8; 
567; 0; 0; 0; 671; 
567; 0; 0; 0; 671.2; 
567; 0; 0; 0; 671.4; 
567; 0; 0; 0; 671.6; 
567; 0; 0; 0; 671.8; 
567; 0; 0; 0; 672; 
567; 0; 0; 0; 672.2; 
567; 0; 0; 0; 672.4; 
567; 0; 0; 0; 672.6; 
567; 0; 0; 0; 672.8; 
567; 0; 0; 0; 673; 
567; 0; 0; 0; 673.2; 
567; 0; 0; 0; 673.4; 
567; 0; 0; 0; 673.6; 
567; 0; 0; 0; 673.8; 
567; 0; 0; 0; 674; 
567; 0; 0; 0; 674.2; 
567; 0; 0; 0; 674.4; 
567; 0; 0; 0; 674.6; 
567; 0; 0; 0; 674.8; 
567; 0; 0; 0; 675; 
567; 0; 0; 0; 675.2; 
567; 0; 0; 0; 675.4; 
567; 0; 0; 0; 675.6; 
567; 0; 0; 0; 675.8; 
567; 0; 0; 0; 676; 
567; 0; 0; 0; 676.2; 
567; 0; 0; 0; 676.4; 
567; 0; 0; 0; 676.6; 
567; 0; 0; 0; 676.8; 
567; 0; 0; 0; 677; 
567; 0; 0; 0; 677.2; 
567; 0; 0; 0; 677.4; 
567; 0; 0; 0; 677.6; 
567; 0; 0; 0; 677.8; 
567; 0; 0; 0; 678; 
567; 0; 0; 0; 678.2; 
567; 0; 0; 0; 678.4; 
567; 0; 0; 0; 678.6; 
567; 0; 0; 0; 678.8; 
567; 0; 0; 0; 679; 
567; 0; 0; 0; 679.2; 
567; 0; 0; 0; 679.4; 
567; 0; 0; 0; 679.6; 
567; 0; 0; 0; 679.8; 
567; 0; 0; 0; 680; 
567; 0; 0; 0; 680.2; 
567; 0; 0; 0; 680.4; 
567; 0; 0; 0; 680.6; 
567; 0; 0; 0; 680.8; 
567; 0; 0; 0; 681; 
567; 0; 0; 0; 681.2; 
567; 0; 0; 0; 681.4; 
567; 0; 0; 0; 681.6; 
567; 0; 0; 0; 681.8; 
567; 0; 0; 0; 682; 
567; 0; 0; 0; 682.2; 
567; 0; 0; 0; 682.4; 
567; 0; 0; 0; 682.6; 
567; 0; 0; 0; 682.8; 
567; 0; 0; 0; 683; 
567; 0; 0; 0; 683.2; 
567; 0; 0; 0; 683.4; 
567; 0; 0; 0; 683.6; 
567; 0; 0; 0; 683.8; 
567; 0; 0; 0; 684; 
567; 0; 0; 0; 684.2; 
567; 0; 0; 0; 684.4; 
567; 0; 0; 0; 684.6; 
567; 0; 0; 0; 684.8; 
567; 0; 0; 0; 685; 
567; 0; 0; 0; 685.2; 
567; 0; 0; 0; 685.4; 
567; 0; 0; 0; 685.6; 
567; 0; 0; 0; 685.8; 
567; 0; 0; 0; 686; 
567; 0; 0; 0; 686.2; 
567; 0; 0; 0; 686.4; 
567; 0; 0; 0; 686.6; 
567; 0; 0; 0; 686.8; 
567; 0; 0; 0; 687; 
567; 0; 0; 0; 687.2; 
567; 0; 0; 0; 687.4; 
567; 0; 0; 0; 687.6; 
567; 0; 0; 0; 687.8; 
567; 0; 0; 0; 688; 
567; 0; 0; 0; 688.2; 
567; 0; 0; 0; 688.4; 
567; 0; 0; 0; 688.6; 
567; 0; 0; 0; 688.8; 
567; 0; 0; 0; 689; 
567; 0; 0; 0; 689.2; 
567; 0; 0; 0; 689.4; 
567; 0; 0; 0; 689.6; 
567; 0; 0; 0; 689.8; 
567; 0; 0; 0; 690; 
567; 0; 0; 0; 690.2; 
567; 0; 0; 0; 690.4; 
567; 0; 0; 0; 690.6; 
567; 0; 0; 0; 690.8; 
567; 0; 0; 0; 691; 
567; 0; 0; 0; 691.2; 
567; 0; 0; 0; 691.4; 
567; 0; 0; 0; 691.6; 
567; 0; 0; 0; 691.8; 
567; 0; 0; 0; 692; 
567; 0; 0; 0; 692.2; 
567; 0; 0; 0; 692.4; 
567; 0; 0; 0; 692.6; 
567; 0; 0; 0; 692.8; 
567; 0; 0; 0; 693; 
567; 0; 0; 0; 693.2; 
567; 0; 0; 0; 693.4; 
567; 0; 0; 0; 693.6; 
567; 0; 0; 0; 693.8; 
567; 0; 0; 0; 694; 
567; 0; 0; 0; 694.2; 
567; 0; 0; 0; 694.4; 
567; 0; 0; 0; 694.6; 
567; 0; 0; 0; 694.8; 
567; 0; 0; 0; 695; 
567; 0; 0; 0; 695.2; 
567; 0; 0; 0; 695.4; 
567; 0; 0; 0; 695.6; 
567; 0; 0; 0; 695.8; 
567; 0; 0; 0; 696; 
567; 0; 0; 0; 696.2; 
567; 0; 0; 0; 696.4; 
567; 0; 0; 0; 696.6; 
567; 0; 0; 0; 696.8; 
567; 0; 0; 0; 697; 
567; 0; 0; 0; 697.2; 
567; 0; 0; 0; 697.4; 
567; 0; 0; 0; 697.6; 
567; 0; 0; 0; 697.8; 
567; 0; 0; 0; 698; 
567; 0; 0; 0; 698.2; 
567; 0; 0; 0; 698.4; 
567; 0; 0; 0; 698.6; 
567; 0; 0; 0; 698.8; 
567; 0; 0; 0; 699; 
567; 0; 0; 0; 699.2; 
567; 0; 0; 0; 699.4; 
567; 0; 0; 0; 699.6; 
567; 0; 0; 0; 699.8; 
567; 0; 0; 0; 700; 
567; 0; 0; 0; 700.2; 
567; 0; 0; 0; 700.4; 
567; 0; 0; 0; 700.6; 
567; 0; 0; 0; 700.8; 
567; 0; 0; 0; 701; 
567; 0; 0; 0; 701.2; 
567; 0; 0; 0; 701.4; 
567; 0; 0; 0; 701.6; 
567; 0; 0; 0; 701.8; 
567; 0; 0; 0; 702; 
567; 0; 0; 0; 702.2; 
567; 0; 0; 0; 702.4; 
567; 0; 0; 0; 702.6; 
567; 0; 0; 0; 702.8; 
567; 0; 0; 0; 703; 
567; 0; 0; 0; 703.2; 
567; 0; 0; 0; 703.4; 
567; 0; 0; 0; 703.6; 
567; 0; 0; 0; 703.8; 
567; 0; 0; 0; 704; 
567; 0; 0; 0; 704.2; 
567; 0; 0; 0; 704.4; 
567; 0; 0; 0; 704.6; 
567; 0; 0; 0; 704.8; 
567; 0; 0; 0; 705; 
567; 0; 0; 0; 705.2; 
567; 0; 0; 0; 705.4; 
567; 0; 0; 0; 705.6; 
567; 0; 0; 0; 705.8; 
567; 0; 0; 0; 706; 
567; 0; 0; 0; 706.2; 
567; 0; 0; 0; 706.4; 
567; 0; 0; 0; 706.6; 
567; 0; 0; 0; 706.8; 
567; 0; 0; 0; 707; 
567; 0; 0; 0; 707.2; 
567; 0; 0; 0; 707.4; 
567; 0; 0; 0; 707.6; 
567; 0; 0; 0; 707.8; 
567; 0; 0; 0; 708; 
567; 0; 0; 0; 708.2; 
567; 0; 0; 0; 708.4; 
567; 0; 0; 0; 708.6; 
567; 0; 0; 0; 708.8; 
567; 0; 0; 0; 709; 
567; 0; 0; 0; 709.2; 
567; 0; 0; 0; 709.4; 
567; 0; 0; 0; 709.6; 
567; 0; 0; 0; 709.8; 
567; 0; 0; 0; 710; 
567; 0; 0; 0; 710.2; 
567; 0; 0; 0; 710.4; 
567; 0; 0; 0; 710.6; 
567; 0; 0; 0; 710.8; 
567; 0; 0; 0; 711; 
567; 0; 0; 0; 711.2; 
567; 0; 0; 0; 711.4; 
567; 0; 0; 0; 711.6; 
567; 0; 0; 0; 711.8; 
567; 0; 0; 0; 712; 
567; 0; 0; 0; 712.2; 
567; 0; 0; 0; 712.4; 
567; 0; 0; 0; 712.6; 
567; 0; 0; 0; 712.8; 
567; 0; 0; 0; 713; 
567; 0; 0; 0; 713.2; 
567; 0; 0; 0; 713.4; 
567; 0; 0; 0; 713.6; 
567; 0; 0; 0; 713.8; 
567; 0; 0; 0; 714; 
567; 0; 0; 0; 714.2; 
567; 0; 0; 0; 714.4; 
567; 0; 0; 0; 714.6; 
567; 0; 0; 0; 714.8; 
567; 0; 0; 0; 715; 
567; 0; 0; 0; 715.2; 
567; 0; 0; 0; 715.4; 
567; 0; 0; 0; 715.6; 
567; 0; 0; 0; 715.8; 
567; 0; 0; 0; 716; 
567; 0; 0; 0; 716.2; 
567; 0; 0; 0; 716.4; 
567; 0; 0; 0; 716.6; 
567; 0; 0; 0; 716.8; 
567; 0; 0; 0; 717; 
567; 0; 0; 0; 717.2; 
567; 0; 0; 0; 717.4; 
567; 0; 0; 0; 717.6; 
567; 0; 0; 0; 717.8; 
567; 0; 0; 0; 718; 
567; 0; 0; 0; 718.2; 
567; 0; 0; 0; 718.4; 
567; 0; 0; 0; 718.6; 
567; 0; 0; 0; 718.8; 
567; 0; 0; 0; 719; 
567; 0; 0; 0; 719.2; 
567; 0; 0; 0; 719.4; 
567; 0; 0; 0; 719.6; 
567; 0; 0; 0; 719.8; 
567; 0; 0; 0; 720; 
567; 0; 0; 0; 720.2; 
567; 0; 0; 0; 720.4; 
567; 0; 0; 0; 720.6; 
567; 0; 0; 0; 720.8; 
567; 0; 0; 0; 721; 
567; 0; 0; 0; 721.2; 
567; 0; 0; 0; 721.4; 
567; 0; 0; 0; 721.6; 
567; 0; 0; 0; 721.8; 
567; 0; 0; 0; 722; 
567; 0; 0; 0; 722.2; 
567; 0; 0; 0; 722.4; 
567; 0; 0; 0; 722.6; 
567; 0; 0; 0; 722.8; 
567; 0; 0; 0; 723; 
567; 0; 0; 0; 723.2; 
567; 0; 0; 0; 723.4; 
567; 0; 0; 0; 723.6; 
567; 0; 0; 0; 723.8; 
567; 0; 0; 0; 724; 
567; 0; 0; 0; 724.2; 
567; 0; 0; 0; 724.4; 
567; 0; 0; 0; 724.6; 
567; 0; 0; 0; 724.8; 
567; 0; 0; 0; 725; 
567; 0; 0; 0; 725.2; 
567; 0; 0; 0; 725.4; 
567; 0; 0; 0; 725.6; 
567; 0; 0; 0; 725.8; 
567; 0; 0; 0; 726; 
567; 0; 0; 0; 726.2; 
567; 0; 0; 0; 726.4; 
567; 0; 0; 0; 726.6; 
567; 0; 0; 0; 726.8; 
567; 0; 0; 0; 727; 
567; 0; 0; 0; 727.2; 
567; 0; 0; 0; 727.4; 
567; 0; 0; 0; 727.6; 
567; 0; 0; 0; 727.8; 
567; 0; 0; 0; 728; 
567; 0; 0; 0; 728.2; 
567; 0; 0; 0; 728.4; 
567; 0; 0; 0; 728.6; 
567; 0; 0; 0; 728.8; 
567; 0; 0; 0; 729; 
567; 0; 0; 0; 729.2; 
567; 0; 0; 0; 729.4; 
567; 0; 0; 0; 729.6; 
567; 0; 0; 0; 729.8; 
567; 0; 0; 0; 730; 
567; 0; 0; 0; 730.2; 
567; 0; 0; 0; 730.4; 
567; 0; 0; 0; 730.6; 
567; 0; 0; 0; 730.8; 
567; 0; 0; 0; 731; 
567; 0; 0; 0; 731.2; 
567; 0; 0; 0; 731.4; 
567; 0; 0; 0; 731.6; 
567; 0; 0; 0; 731.8; 
567; 0; 0; 0; 732; 
567; 0; 0; 0; 732.2; 
567; 0; 0; 0; 732.4; 
567; 0; 0; 0; 732.6; 
567; 0; 0; 0; 732.8; 
567; 0; 0; 0; 733; 
567; 0; 0; 0; 733.2; 
567; 0; 0; 0; 733.4; 
567; 0; 0; 0; 733.6; 
567; 0; 0; 0; 733.8; 
567; 0; 0; 0; 734; 
567; 0; 0; 0; 734.2; 
567; 0; 0; 0; 734.4; 
567; 0; 0; 0; 734.6; 
567; 0; 0; 0; 734.8; 
567; 0; 0; 0; 735; 
567; 0; 0; 0; 735.2; 
567; 0; 0; 0; 735.4; 
567; 0; 0; 0; 735.6; 
567; 0; 0; 0; 735.8; 
567; 0; 0; 0; 736; 
567; 0; 0; 0; 736.2; 
567; 0; 0; 0; 736.4; 
567; 0; 0; 0; 736.6; 
567; 0; 0; 0; 736.8; 
567; 0; 0; 0; 737; 
567; 0; 0; 0; 737.2; 
567; 0; 0; 0; 737.4; 
567; 0; 0; 0; 737.6; 
567; 0; 0; 0; 737.8; 
567; 0; 0; 0; 738; 
567; 0; 0; 0; 738.2; 
567; 0; 0; 0; 738.4; 
567; 0; 0; 0; 738.6; 
567; 0; 0; 0; 738.8; 
567; 0; 0; 0; 739; 
567; 0; 0; 0; 739.2; 
567; 0; 0; 0; 739.4; 
567; 0; 0; 0; 739.6; 
567; 0; 0; 0; 739.8; 
567; 0; 0; 0; 740; 
567; 0; 0; 0; 740.2; 
567; 0; 0; 0; 740.4; 
567; 0; 0; 0; 740.6; 
567; 0; 0; 0; 740.8; 
567; 0; 0; 0; 741; 
567; 0; 0; 0; 741.2; 
567; 0; 0; 0; 741.4; 
567; 0; 0; 0; 741.6; 
567; 0; 0; 0; 741.8; 
567; 0; 0; 0; 742; 
567; 0; 0; 0; 742.2; 
567; 0; 0; 0; 742.4; 
567; 0; 0; 0; 742.6; 
567; 0; 0; 0; 742.8; 
567; 0; 0; 0; 743; 
567; 0; 0; 0; 743.2; 
567; 0; 0; 0; 743.4; 
567; 0; 0; 0; 743.6; 
567; 0; 0; 0; 743.8; 
567; 0; 0; 0; 744; 
567; 0; 0; 0; 744.2; 
567; 0; 0; 0; 744.4; 
567; 0; 0; 0; 744.6; 
567; 0; 0; 0; 744.8; 
567; 0; 0; 0; 745; 
567; 0; 0; 0; 745.2; 
567; 0; 0; 0; 745.4; 
567; 0; 0; 0; 745.6; 
567; 0; 0; 0; 745.8; 
567; 0; 0; 0; 746; 
567; 0; 0; 0; 746.2; 
567; 0; 0; 0; 746.4; 
567; 0; 0; 0; 746.6; 
567; 0; 0; 0; 746.8; 
567; 0; 0; 0; 747; 
567; 0; 0; 0; 747.2; 
567; 0; 0; 0; 747.4; 
567; 0; 0; 0; 747.6; 
567; 0; 0; 0; 747.8; 
567; 0; 0; 0; 748; 
567; 0; 0; 0; 748.2; 
567; 0; 0; 0; 748.4; 
567; 0; 0; 0; 748.6; 
567; 0; 0; 0; 748.8; 
567; 0; 0; 0; 749; 
567; 0; 0; 0; 749.2; 
567; 0; 0; 0; 749.4; 
567; 0; 0; 0; 749.6; 
567; 0; 0; 0; 749.8; 
567; 0; 0; 0; 750; 
567; 0; 0; 0; 750.2; 
567; 0; 0; 0; 750.4; 
567; 0; 0; 0; 750.6; 
567; 0; 0; 0; 750.8; 
567; 0; 0; 0; 751; 
567; 0; 0; 0; 751.2; 
567; 0; 0; 0; 751.4; 
567; 0; 0; 0; 751.6; 
567; 0; 0; 0; 751.8; 
567; 0; 0; 0; 752; 
567; 0; 0; 0; 752.2; 
567; 0; 0; 0; 752.4; 
567; 0; 0; 0; 752.6; 
567; 0; 0; 0; 752.8; 
567; 0; 0; 0; 753; 
567; 0; 0; 0; 753.2; 
567; 0; 0; 0; 753.4; 
567; 0; 0; 0; 753.6; 
567; 0; 0; 0; 753.8; 
567; 0; 0; 0; 754; 
567; 0; 0; 0; 754.2; 
567; 0; 0; 0; 754.4; 
567; 0; 0; 0; 754.6; 
567; 0; 0; 0; 754.8; 
567; 0; 0; 0; 755; 
567; 0; 0; 0; 755.2; 
567; 0; 0; 0; 755.4; 
567; 0; 0; 0; 755.6; 
567; 0; 0; 0; 755.8; 
567; 0; 0; 0; 756; 
567; 0; 0; 0; 756.2; 
567; 0; 0; 0; 756.4; 
567; 0; 0; 0; 756.6; 
567; 0; 0; 0; 756.8; 
567; 0; 0; 0; 757; 
567; 0; 0; 0; 757.2; 
567; 0; 0; 0; 757.4; 
567; 0; 0; 0; 757.6; 
567; 0; 0; 0; 757.8; 
567; 0; 0; 0; 758; 
567; 0; 0; 0; 758.2; 
567; 0; 0; 0; 758.4; 
567; 0; 0; 0; 758.6; 
567; 0; 0; 0; 758.8; 
567; 0; 0; 0; 759; 
567; 0; 0; 0; 759.2; 
567; 0; 0; 0; 759.4; 
567; 0; 0; 0; 759.6; 
567; 0; 0; 0; 759.8; 
567; 0; 0; 0; 760; 
567; 0; 0; 0; 760.2; 
567; 0; 0; 0; 760.4; 
567; 0; 0; 0; 760.6; 
567; 0; 0; 0; 760.8; 
567; 0; 0; 0; 761; 
567; 0; 0; 0; 761.2; 
567; 0; 0; 0; 761.4; 
567; 0; 0; 0; 761.6; 
567; 0; 0; 0; 761.8; 
567; 0; 0; 0; 762; 
567; 0; 0; 0; 762.2; 
567; 0; 0; 0; 762.4; 
567; 0; 0; 0; 762.6; 
567; 0; 0; 0; 762.8; 
567; 0; 0; 0; 763; 
567; 0; 0; 0; 763.2; 
567; 0; 0; 0; 763.4; 
567; 0; 0; 0; 763.6; 
567; 0; 0; 0; 763.8; 
567; 0; 0; 0; 764; 
567; 0; 0; 0; 764.2; 
567; 0; 0; 0; 764.4; 
567; 0; 0; 0; 764.6; 
567; 0; 0; 0; 764.8; 
567; 0; 0; 0; 765; 
567; 0; 0; 0; 765.2; 
567; 0; 0; 0; 765.4; 
567; 0; 0; 0; 765.6; 
567; 0; 0; 0; 765.8; 
567; 0; 0; 0; 766; 
567; 0; 0; 0; 766.2; 
567; 0; 0; 0; 766.4; 
567; 0; 0; 0; 766.6; 
567; 0; 0; 0; 766.8; 
567; 0; 0; 0; 767; 
567; 0; 0; 0; 767.2; 
567; 0; 0; 0; 767.4; 
567; 0; 0; 0; 767.6; 
567; 0; 0; 0; 767.8; 
567; 0; 0; 0; 768; 
567; 0; 0; 0; 768.2; 
567; 0; 0; 0; 768.4; 
567; 0; 0; 0; 768.6; 
567; 0; 0; 0; 768.8; 
567; 0; 0; 0; 769; 
567; 0; 0; 0; 769.2; 
567; 0; 0; 0; 769.4; 
567; 0; 0; 0; 769.6; 
567; 0; 0; 0; 769.8; 
567; 0; 0; 0; 770; 
567; 0; 0; 0; 770.2; 
567; 0; 0; 0; 770.4; 
567; 0; 0; 0; 770.6; 
567; 0; 0; 0; 770.8; 
567; 0; 0; 0; 771; 
567; 0; 0; 0; 771.2; 
567; 0; 0; 0; 771.4; 
567; 0; 0; 0; 771.6; 
567; 0; 0; 0; 771.8; 
567; 0; 0; 0; 772; 
567; 0; 0; 0; 772.2; 
567; 0; 0; 0; 772.4; 
567; 0; 0; 0; 772.6; 
567; 0; 0; 0; 772.8; 
567; 0; 0; 0; 773; 
567; 0; 0; 0; 773.2; 
567; 0; 0; 0; 773.4; 
567; 0; 0; 0; 773.6; 
567; 0; 0; 0; 773.8; 
567; 0; 0; 0; 774; 
567; 0; 0; 0; 774.2; 
567; 0; 0; 0; 774.4; 
567; 0; 0; 0; 774.6; 
567; 0; 0; 0; 774.8; 
567; 0; 0; 0; 775; 
567; 0; 0; 0; 775.2; 
567; 0; 0; 0; 775.4; 
567; 0; 0; 0; 775.6; 
567; 0; 0; 0; 775.8; 
567; 0; 0; 0; 776; 
567; 0; 0; 0; 776.2; 
567; 0; 0; 0; 776.4; 
567; 0; 0; 0; 776.6; 
567; 0; 0; 0; 776.8; 
567; 0; 0; 0; 777; 
567; 0; 0; 0; 777.2; 
567; 0; 0; 0; 777.4; 
567; 0; 0; 0; 777.6; 
567; 0; 0; 0; 777.8; 
567; 0; 0; 0; 778; 
567; 0; 0; 0; 778.2; 
567; 0; 0; 0; 778.4; 
567; 0; 0; 0; 778.6; 
567; 0; 0; 0; 778.8; 
567; 0; 0; 0; 779; 
567; 0; 0; 0; 779.2; 
567; 0; 0; 0; 779.4; 
567; 0; 0; 0; 779.6; 
567; 0; 0; 0; 779.8; 
567; 0; 0; 0; 780; 
567; 0; 0; 0; 780.2; 
567; 0; 0; 0; 780.4; 
567; 0; 0; 0; 780.6; 
567; 0; 0; 0; 780.8; 
567; 0; 0; 0; 781; 
567; 0; 0; 0; 781.2; 
567; 0; 0; 0; 781.4; 
567; 0; 0; 0; 781.6; 
567; 0; 0; 0; 781.8; 
567; 0; 0; 0; 782; 
567; 0; 0; 0; 782.2; 
567; 0; 0; 0; 782.4; 
567; 0; 0; 0; 782.6; 
567; 0; 0; 0; 782.8; 
567; 0; 0; 0; 783; 
567; 0; 0; 0; 783.2; 
567; 0; 0; 0; 783.4; 
567; 0; 0; 0; 783.6; 
567; 0; 0; 0; 783.8; 
567; 0; 0; 0; 784; 
567; 0; 0; 0; 784.2; 
567; 0; 0; 0; 784.4; 
567; 0; 0; 0; 784.6; 
567; 0; 0; 0; 784.8; 
567; 0; 0; 0; 785; 
567; 0; 0; 0; 785.2; 
567; 0; 0; 0; 785.4; 
567; 0; 0; 0; 785.6; 
567; 0; 0; 0; 785.8; 
567; 0; 0; 0; 786; 
567; 0; 0; 0; 786.2; 
567; 0; 0; 0; 786.4; 
567; 0; 0; 0; 786.6; 
567; 0; 0; 0; 786.8; 
567; 0; 0; 0; 787; 
567; 0; 0; 0; 787.2; 
567; 0; 0; 0; 787.4; 
567; 0; 0; 0; 787.6; 
567; 0; 0; 0; 787.8; 
567; 0; 0; 0; 788; 
567; 0; 0; 0; 788.2; 
567; 0; 0; 0; 788.4; 
567; 0; 0; 0; 788.6; 
567; 0; 0; 0; 788.8; 
567; 0; 0; 0; 789; 
567; 0; 0; 0; 789.2; 
567; 0; 0; 0; 789.4; 
567; 0; 0; 0; 789.6; 
567; 0; 0; 0; 789.8; 
567; 0; 0; 0; 790; 
567; 0; 0; 0; 790.2; 
567; 0; 0; 0; 790.4; 
567; 0; 0; 0; 790.6; 
567; 0; 0; 0; 790.8; 
567; 0; 0; 0; 791; 
567; 0; 0; 0; 791.2; 
567; 0; 0; 0; 791.4; 
567; 0; 0; 0; 791.6; 
567; 0; 0; 0; 791.8; 
567; 0; 0; 0; 792; 
567; 0; 0; 0; 792.2; 
567; 0; 0; 0; 792.4; 
567; 0; 0; 0; 792.6; 
567; 0; 0; 0; 792.8; 
567; 0; 0; 0; 793; 
567; 0; 0; 0; 793.2; 
567; 0; 0; 0; 793.4; 
567; 0; 0; 0; 793.6; 
567; 0; 0; 0; 793.8; 
567; 0; 0; 0; 794; 
567; 0; 0; 0; 794.2; 
567; 0; 0; 0; 794.4; 
567; 0; 0; 0; 794.6; 
567; 0; 0; 0; 794.8; 
567; 0; 0; 0; 795; 
567; 0; 0; 0; 795.2; 
567; 0; 0; 0; 795.4; 
567; 0; 0; 0; 795.6; 
567; 0; 0; 0; 795.8; 
567; 0; 0; 0; 796; 
567; 0; 0; 0; 796.2; 
567; 0; 0; 0; 796.4; 
567; 0; 0; 0; 796.6; 
567; 0; 0; 0; 796.8; 
567; 0; 0; 0; 797; 
567; 0; 0; 0; 797.2; 
567; 0; 0; 0; 797.4; 
567; 0; 0; 0; 797.6; 
567; 0; 0; 0; 797.8; 
567; 0; 0; 0; 798; 
567; 0; 0; 0; 798.2; 
567; 0; 0; 0; 798.4; 
567; 0; 0; 0; 798.6; 
567; 0; 0; 0; 798.8; 
567; 0; 0; 0; 799; 
567; 0; 0; 0; 799.2; 
567; 0; 0; 0; 799.4; 
567; 0; 0; 0; 799.6; 
567; 0; 0; 0; 799.8; 
567; 0; 0; 0; 800; 
567; 0; 0; 0; 800.2; 
567; 0; 0; 0; 800.4; 
567; 0; 0; 0; 800.6; 
567; 0; 0; 0; 800.8; 
567; 0; 0; 0; 801; 
567; 0; 0; 0; 801.2; 
567; 0; 0; 0; 801.4; 
567; 0; 0; 0; 801.6; 
567; 0; 0; 0; 801.8; 
567; 0; 0; 0; 802; 
567; 0; 0; 0; 802.2; 
567; 0; 0; 0; 802.4; 
567; 0; 0; 0; 802.6; 
567; 0; 0; 0; 802.8; 
567; 0; 0; 0; 803; 
567; 0; 0; 0; 803.2; 
567; 0; 0; 0; 803.4; 
567; 0; 0; 0; 803.6; 
567; 0; 0; 0; 803.8; 
567; 0; 0; 0; 804; 
567; 0; 0; 0; 804.2; 
567; 0; 0; 0; 804.4; 
567; 0; 0; 0; 804.6; 
567; 0; 0; 0; 804.8; 
567; 0; 0; 0; 805; 
567; 0; 0; 0; 805.2; 
567; 0; 0; 0; 805.4; 
567; 0; 0; 0; 805.6; 
567; 0; 0; 0; 805.8; 
567; 0; 0; 0; 806; 
567; 0; 0; 0; 806.2; 
567; 0; 0; 0; 806.4; 
567; 0; 0; 0; 806.6; 
567; 0; 0; 0; 806.8; 
567; 0; 0; 0; 807; 
567; 0; 0; 0; 807.2; 
567; 0; 0; 0; 807.4; 
567; 0; 0; 0; 807.6; 
567; 0; 0; 0; 807.8; 
567; 0; 0; 0; 808; 
567; 0; 0; 0; 808.2; 
567; 0; 0; 0; 808.4; 
567; 0; 0; 0; 808.6; 
567; 0; 0; 0; 808.8; 
567; 0; 0; 0; 809; 
567; 0; 0; 0; 809.2; 
567; 0; 0; 0; 809.4; 
567; 0; 0; 0; 809.6; 
567; 0; 0; 0; 809.8; 
567; 0; 0; 0; 810; 
567; 0; 0; 0; 810.2; 
567; 0; 0; 0; 810.4; 
567; 0; 0; 0; 810.6; 
567; 0; 0; 0; 810.8; 
567; 0; 0; 0; 811; 
567; 0; 0; 0; 811.2; 
567; 0; 0; 0; 811.4; 
567; 0; 0; 0; 811.6; 
567; 0; 0; 0; 811.8; 
567; 0; 0; 0; 812; 
567; 0; 0; 0; 812.2; 
567; 0; 0; 0; 812.4; 
567; 0; 0; 0; 812.6; 
567; 0; 0; 0; 812.8; 
567; 0; 0; 0; 813; 
567; 0; 0; 0; 813.2; 
567; 0; 0; 0; 813.4; 
567; 0; 0; 0; 813.6; 
567; 0; 0; 0; 813.8; 
567; 0; 0; 0; 814; 
567; 0; 0; 0; 814.2; 
567; 0; 0; 0; 814.4; 
567; 0; 0; 0; 814.6; 
567; 0; 0; 0; 814.8; 
567; 0; 0; 0; 815; 
567; 0; 0; 0; 815.2; 
567; 0; 0; 0; 815.4; 
567; 0; 0; 0; 815.6; 
567; 0; 0; 0; 815.8; 
567; 0; 0; 0; 816; 
567; 0; 0; 0; 816.2; 
567; 0; 0; 0; 816.4; 
567; 0; 0; 0; 816.6; 
567; 0; 0; 0; 816.8; 
567; 0; 0; 0; 817; 
567; 0; 0; 0; 817.2; 
567; 0; 0; 0; 817.4; 
567; 0; 0; 0; 817.6; 
567; 0; 0; 0; 817.8; 
567; 0; 0; 0; 818; 
567; 0; 0; 0; 818.2; 
567; 0; 0; 0; 818.4; 
567; 0; 0; 0; 818.6; 
567; 0; 0; 0; 818.8; 
567; 0; 0; 0; 819; 
567; 0; 0; 0; 819.2; 
567; 0; 0; 0; 819.4; 
567; 0; 0; 0; 819.6; 
567; 0; 0; 0; 819.8; 
567; 0; 0; 0; 820; 
567; 0; 0; 0; 820.2; 
567; 0; 0; 0; 820.4; 
567; 0; 0; 0; 820.6; 
567; 0; 0; 0; 820.8; 
567; 0; 0; 0; 821; 
567; 0; 0; 0; 821.2; 
567; 0; 0; 0; 821.4; 
567; 0; 0; 0; 821.6; 
567; 0; 0; 0; 821.8; 
567; 0; 0; 0; 822; 
567; 0; 0; 0; 822.2; 
567; 0; 0; 0; 822.4; 
567; 0; 0; 0; 822.6; 
567; 0; 0; 0; 822.8; 
567; 0; 0; 0; 823; 
567; 0; 0; 0; 823.2; 
567; 0; 0; 0; 823.4; 
567; 0; 0; 0; 823.6; 
567; 0; 0; 0; 823.8; 
567; 0; 0; 0; 824; 
567; 0; 0; 0; 824.2; 
