567; 0; 0; 170; 0; 
567; 0; 0; 170; 0.2; 
567; 0; 0; 170; 0.4; 
567; 0; 0; 170; 0.6; 
567; 0; 0; 170; 0.8; 
567; 0; 0; 170; 1; 
567; 0; 0; 170; 1.2; 
567; 0; 0; 170; 1.4; 
567; 0; 0; 170; 1.6; 
567; 0; 0; 170; 1.8; 
567; 0; 0; 170; 2; 
567; 0; 0; 170; 2.2; 
567; 0; 0; 170; 2.4; 
567; 0; 0; 170; 2.6; 
567; 0; 0; 170; 2.8; 
567; 0; 0; 170; 3; 
567; 0; 0; 170; 3.2; 
567; 0; 0; 170; 3.4; 
567; 0; 0; 170; 3.6; 
567; 0; 0; 170; 3.8; 
567; 0; 0; 170; 4; 
567; 0; 0; 170; 4.2; 
567; 0; 0; 170; 4.4; 
567; 0; 0; 170; 4.6; 
567; 0; 0; 170; 4.8; 
567; 0; 0; 170; 5; 
567; 0; 0; 170; 5.2; 
567; 0; 0; 170; 5.4; 
567; 0; 0; 170; 5.6; 
567; 0; 0; 170; 5.8; 
567; 0; 0; 170; 6; 
567; 0; 0; 170; 6.2; 
567; 0; 0; 170; 6.4; 
567; 0; 0; 170; 6.6; 
567; 0; 0; 170; 6.8; 
567; 0; 0; 170; 7; 
567; 0; 0; 170; 7.2; 
567; 0; 0; 170; 7.4; 
567; 0; 0; 170; 7.6; 
567; 0; 0; 170; 7.8; 
567; 0; 0; 170; 8; 
567; 0; 0; 170; 8.2; 
567; 0; 0; 170; 8.4; 
567; 0; 0; 170; 8.6; 
567; 0; 0; 170; 8.8; 
567; 0; 0; 170; 9; 
567; 0; 0; 170; 9.2; 
567; 0; 0; 170; 9.4; 
567; 0; 0; 170; 9.6; 
567; 0; 0; 170; 9.8; 
567; 0; 0; 170; 10; 
567; 0; 0; 170; 10.2; 
567; 0; 0; 170; 10.4; 
567; 0; 0; 170; 10.6; 
567; 0; 0; 170; 10.8; 
567; 0; 0; 170; 11; 
567; 0; 0; 170; 11.2; 
567; 0; 0; 170; 11.4; 
567; 0; 0; 170; 11.6; 
567; 0; 0; 170; 11.8; 
567; 0; 0; 170; 12; 
567; 0; 0; 170; 12.2; 
567; 0; 0; 170; 12.4; 
567; 0; 0; 170; 12.6; 
567; 0; 0; 170; 12.8; 
567; 0; 0; 170; 13; 
567; 0; 0; 170; 13.2; 
567; 0; 0; 170; 13.4; 
567; 0; 0; 170; 13.6; 
567; 0; 0; 170; 13.8; 
567; 0; 0; 170; 14; 
567; 0; 0; 170; 14.2; 
567; 0; 0; 170; 14.4; 
567; 0; 0; 170; 14.6; 
567; 0; 0; 170; 14.8; 
567; 0; 0; 170; 15; 
567; 0; 0; 170; 15.2; 
567; 0; 0; 170; 15.4; 
567; 0; 0; 170; 15.6; 
567; 0; 0; 170; 15.8; 
567; 0; 0; 170; 16; 
567; 0; 0; 170; 16.2; 
567; 0; 0; 170; 16.4; 
567; 0; 0; 170; 16.6; 
567; 0; 0; 170; 16.8; 
567; 0; 0; 170; 17; 
567; 0; 0; 170; 17.2; 
567; 0; 0; 170; 17.4; 
567; 0; 0; 170; 17.6; 
567; 0; 0; 170; 17.8; 
567; 0; 0; 170; 18; 
567; 0; 0; 170; 18.2; 
567; 0; 0; 170; 18.4; 
567; 0; 0; 170; 18.6; 
567; 0; 0; 170; 18.8; 
567; 0; 0; 170; 19; 
567; 0; 0; 170; 19.2; 
567; 0; 0; 170; 19.4; 
567; 0; 0; 170; 19.6; 
567; 0; 0; 170; 19.8; 
567; 0; 0; 170; 20; 
567; 0; 0; 170; 20.2; 
567; 0; 0; 170; 20.4; 
567; 0; 0; 170; 20.6; 
567; 0; 0; 170; 20.8; 
567; 0; 0; 170; 21; 
567; 0; 0; 170; 21.2; 
567; 0; 0; 170; 21.4; 
567; 0; 0; 170; 21.6; 
567; 0; 0; 170; 21.8; 
567; 0; 0; 170; 22; 
567; 0; 0; 170; 22.2; 
567; 0; 0; 170; 22.4; 
567; 0; 0; 170; 22.6; 
567; 0; 0; 170; 22.8; 
567; 0; 0; 170; 23; 
567; 0; 0; 170; 23.2; 
567; 0; 0; 170; 23.4; 
567; 0; 0; 170; 23.6; 
567; 0; 2670.0312; 170; 23.8; 
567; 0; 2670.0312; 170; 24; 
567; 0; 2670.0312; 170; 24.2; 
567; 0; 2670.0312; 170; 24.4; 
567; 0; 2670.0312; 170; 24.6; 
567; 0; 2670.0312; 170; 24.8; 
567; 0; 2670.0312; 170; 25; 
567; 0; 2670.0312; 170; 25.2; 
567; 0; 2670.0312; 170; 25.4; 
567; 0; 2670.0312; 170; 25.6; 
567; 0; 2670.0312; 170; 25.8; 
567; 0; 2670.0312; 170; 26; 
567; 0; 2670.0312; 170; 26.2; 
567; 0; 2670.0312; 170; 26.4; 
567; 0; 2670.0312; 170; 26.6; 
567; 0; 2670.0312; 170; 26.8; 
567; 0; 2670.0312; 170; 27; 
567; 0; 2670.0312; 170; 27.2; 
567; 0; 2670.0312; 170; 27.4; 
567; 0; 2670.0312; 170; 27.6; 
567; 0; 2670.0312; 170; 27.8; 
567; 0; 2670.0312; 170; 28; 
567; 0; 2670.0312; 170; 28.2; 
567; 0; 2670.0312; 170; 28.4; 
567; 0; 2670.0312; 170; 28.6; 
567; 0; 2670.0312; 170; 28.8; 
567; 0; 2670.0312; 170; 29; 
567; 0; 2670.0312; 170; 29.2; 
567; 0; 2670.0312; 170; 29.4; 
567; 0; 2670.0312; 170; 29.6; 
567; 0; 2670.0312; 170; 29.8; 
567; 0; 2670.0312; 170; 30; 
567; 0; 2670.0312; 170; 30.2; 
567; 0; 2670.0312; 170; 30.4; 
567; 0; 2670.0312; 170; 30.6; 
567; 0; 2670.0312; 170; 30.8; 
567; 0; 2670.0312; 170; 31; 
567; 0; 2670.0312; 170; 31.2; 
567; 0; 2670.0312; 170; 31.4; 
567; 0; 2670.0312; 170; 31.6; 
567; 0; 2670.0312; 170; 31.8; 
567; 0; 2670.0312; 170; 32; 
567; 0; 2670.0312; 170; 32.2; 
567; 0; 2670.0312; 170; 32.4; 
567; 0; 2670.0312; 170; 32.6; 
567; 0; 2670.0312; 170; 32.8; 
567; 0; 2670.0312; 170; 33; 
567; 0; 2670.0312; 170; 33.2; 
567; 0; 2670.0312; 170; 33.4; 
567; 0; 2670.0312; 170; 33.6; 
567; 0; 2670.0312; 170; 33.8; 
567; 0; 2670.0312; 170; 34; 
567; 0; 2670.0312; 170; 34.2; 
567; 0; 2670.0312; 170; 34.4; 
567; 0; 2670.0312; 170; 34.6; 
567; 0; 2670.0312; 170; 34.8; 
567; 0; 2670.0312; 170; 35; 
567; 0; 2670.0312; 170; 35.2; 
567; 0; 2670.0312; 170; 35.4; 
567; 0; 2670.0312; 170; 35.6; 
567; 0; 2670.0312; 170; 35.8; 
567; 0; 2670.0312; 170; 36; 
567; 0; 2670.0312; 170; 36.2; 
567; 0; 2670.0312; 170; 36.4; 
567; 0; 2670.0312; 170; 36.6; 
567; 0; 2670.0312; 170; 36.8; 
567; 0; 2670.0312; 170; 37; 
567; 0; 2670.0312; 170; 37.2; 
567; 0; 2670.0312; 170; 37.4; 
567; 0; 2670.0312; 170; 37.6; 
567; 0; 2670.0312; 170; 37.8; 
567; 0; 2670.0312; 170; 38; 
567; 0; 2670.0312; 170; 38.2; 
567; 0; 2670.0312; 170; 38.4; 
567; 0; 2670.0312; 170; 38.6; 
567; 0; 2670.0312; 170; 38.8; 
567; 0; 2691.4042; 170; 39; 
567; 0; 2735.0376; 170; 39.2; 
567; 0; 2798.4873; 170; 39.4; 
567; 0; 2995.3004; 170; 39.6; 
567; 0; 3268.9049; 170; 39.8; 
567; 0; 3315.3582; 170; 40; 
567; 0; 3346.3434; 170; 40.2; 
567; 0; 3391.4101; 170; 40.4; 
567; 0; 3418.0266; 170; 40.6; 
567; 0; 3440.7243; 170; 40.8; 
567; 0; 3453.1013; 170; 41; 
567; 0; 3465.2704; 170; 41.2; 
567; 0; 3467.2321; 170; 41.4; 
567; 0; 3469.1606; 170; 41.6; 
567; 0; 3461.0725; 170; 41.8; 
567; 0; 3462.9572; 170; 42; 
567; 0; 3464.8102; 170; 42.2; 
567; 0; 3466.6285; 170; 42.4; 
567; 0; 3468.4085; 170; 42.6; 
567; 0; 3470.1469; 170; 42.8; 
567; 0; 3471.8406; 170; 43; 
567; 0; 3473.4863; 170; 43.2; 
567; 0; 3475.0833; 170; 43.4; 
567; 0; 3476.6362; 170; 43.6; 
567; 0; 3478.1496; 170; 43.8; 
567; 0; 3479.6267; 170; 44; 
567; 0; 3481.0696; 170; 44.2; 
567; 0; 3482.4796; 170; 44.4; 
567; 0; 3483.8572; 170; 44.6; 
567; 0; 3485.2025; 170; 44.8; 
567; 0; 3486.5154; 170; 45; 
567; 0; 3487.7957; 170; 45.2; 
567; 0; 3489.0429; 170; 45.4; 
567; 0; 3490.2566; 170; 45.6; 
567; 0; 3491.4363; 170; 45.8; 
567; 0; 3492.5815; 170; 46; 
567; 0; 3493.6918; 170; 46.2; 
567; 0; 3494.7666; 170; 46.4; 
567; 0; 3495.8054; 170; 46.6; 
567; 0; 3496.8078; 170; 46.8; 
567; 0; 3497.7732; 170; 47; 
567; 0; 3498.7013; 170; 47.2; 
567; 0; 3509.2162; 170; 47.4; 
567; 0; 3510.0603; 170; 47.6; 
567; 0; 3510.8659; 170; 47.8; 
567; 0; 3511.6325; 170; 48; 
567; 0; 3512.3597; 170; 48.2; 
567; 0; 3513.047; 170; 48.4; 
567; 0; 3523.2053; 170; 48.6; 
567; 0; 3523.8058; 170; 48.8; 
567; 0; 3524.3653; 170; 49; 
567; 0; 3524.8835; 170; 49.2; 
567; 0; 3525.3599; 170; 49.4; 
567; 0; 3525.7941; 170; 49.6; 
567; 0; 3535.6022; 170; 49.8; 
567; 0; 3535.9473; 170; 50; 
567; 0; 3536.2491; 170; 50.2; 
567; 0; 3536.5075; 170; 50.4; 
567; 0; 3546.3353; 170; 50.6; 
567; 0; 3546.5185; 170; 50.8; 
567; 0; 3546.6534; 170; 51; 
567; 0; 3546.7397; 170; 51.2; 
567; 0; 3556.8797; 170; 51.4; 
567; 0; 3556.8678; 170; 51.6; 
567; 0; 3556.8066; 170; 51.8; 
567; 0; 3566.7468; 170; 52; 
567; 0; 3566.5892; 170; 52.2; 
567; 0; 3566.3958; 170; 52.4; 
567; 0; 3566.18; 170; 52.6; 
567; 0; 3571.6631; 170; 52.8; 
567; 0; 3571.4399; 170; 53; 
567; 0; 3571.2265; 170; 53.2; 
567; 0; 3571.0302; 170; 53.4; 
567; 0; 3576.5164; 170; 53.6; 
567; 0; 3576.3717; 170; 53.8; 
567; 0; 3576.2574; 170; 54; 
567; 0; 3576.1747; 170; 54.2; 
567; 0; 3581.7355; 170; 54.4; 
567; 0; 3581.7142; 170; 54.6; 
567; 0; 3581.7204; 170; 54.8; 
567; 0; 3581.7511; 170; 55; 
567; 0; 3587.369; 170; 55.2; 
567; 0; 3587.4374; 170; 55.4; 
567; 0; 3587.5188; 170; 55.6; 
567; 0; 3587.609; 170; 55.8; 
567; 0; 3587.7039; 170; 56; 
567; 0; 3593.3224; 170; 56.2; 
567; 0; 3593.416; 170; 56.4; 
567; 0; 3593.5049; 170; 56.6; 
567; 0; 3593.587; 170; 56.8; 
567; 0; 3599.1438; 170; 57; 
567; 0; 3599.2078; 170; 57.2; 
567; 0; 3599.2621; 170; 57.4; 
567; 0; 3599.307; 170; 57.6; 
567; 0; 3604.7916; 170; 57.8; 
567; 0; 3604.8192; 170; 58; 
567; 0; 3604.8397; 170; 58.2; 
567; 0; 3604.8545; 170; 58.4; 
567; 0; 3604.8648; 170; 58.6; 
567; 0; 3610.2919; 170; 58.8; 
567; 0; 3610.2978; 170; 59; 
567; 0; 3610.3032; 170; 59.2; 
567; 0; 3610.309; 170; 59.4; 
567; 0; 3615.7115; 170; 59.6; 
567; 0; 3615.7204; 170; 59.8; 
567; 0; 3615.7318; 170; 60; 
567; 0; 3615.7455; 170; 60.2; 
567; 0; 3621.137; 170; 60.4; 
567; 0; 3621.1552; 170; 60.6; 
567; 0; 3621.1751; 170; 60.8; 
567; 0; 3621.1963; 170; 61; 
567; 0; 3621.2185; 170; 61.2; 
567; 0; 3623.1209; 170; 61.4; 
567; 0; 3623.1436; 170; 61.6; 
567; 0; 3623.166; 170; 61.8; 
567; 0; 3623.1878; 170; 62; 
567; 0; 3625.0475; 170; 62.2; 
567; 0; 3625.0673; 170; 62.4; 
567; 0; 3625.0859; 170; 62.6; 
567; 0; 3625.1034; 170; 62.8; 
567; 0; 3625.1197; 170; 63; 
567; 0; 3626.9365; 170; 63.2; 
567; 0; 3626.9505; 170; 63.4; 
567; 0; 3626.9637; 170; 63.6; 
567; 0; 3626.9762; 170; 63.8; 
567; 0; 3626.9883; 170; 64; 
567; 0; 3628.7689; 170; 64.2; 
567; 0; 3628.7805; 170; 64.4; 
567; 0; 3628.7921; 170; 64.6; 
567; 0; 3628.8032; 170; 64.8; 
567; 0; 3628.8173; 170; 65; 
567; 0; 3630.5831; 170; 65.2; 
567; 0; 3630.6305; 170; 65.4; 
567; 0; 3630.706; 170; 65.6; 
567; 0; 3630.8156; 170; 65.8; 
567; 0; 3630.9644; 170; 66; 
567; 0; 3632.868; 170; 66.2; 
567; 0; 3633.1077; 170; 66.4; 
567; 0; 3633.3966; 170; 66.6; 
567; 0; 3633.7266; 170; 66.8; 
567; 0; 3634.0843; 170; 67; 
567; 0; 3634.4564; 170; 67.2; 
567; 0; 3636.5058; 170; 67.4; 
567; 0; 3636.8675; 170; 67.6; 
567; 0; 3637.2109; 170; 67.8; 
567; 0; 3637.5305; 170; 68; 
567; 0; 3637.8237; 170; 68.2; 
567; 0; 3638.0902; 170; 68.4; 
567; 0; 3639.977; 170; 68.6; 
567; 0; 3640.1953; 170; 68.8; 
567; 0; 3640.3955; 170; 69; 
567; 0; 3640.5814; 170; 69.2; 
567; 0; 3640.7564; 170; 69.4; 
567; 0; 3642.5478; 170; 69.6; 
567; 0; 3642.7074; 170; 69.8; 
567; 0; 3642.8621; 170; 70; 
567; 0; 3611.6149; 170; 70.2; 
567; 0; 3568.8439; 170; 70.4; 
567; 0; 3527.4296; 170; 70.6; 
567; 0; 3489.8107; 170; 70.8; 
567; 0; 3449.7772; 170; 71; 
567; 0; 3409.732; 170; 71.2; 
567; 0; 3369.6753; 170; 71.4; 
567; 0; 3328.6741; 170; 71.6; 
567; 0; 3288.5957; 170; 71.8; 
567; 0; 3250.3783; 170; 72; 
567; 0; 3211.3766; 170; 72.2; 
567; 0; 3172.3669; 170; 72.4; 
567; 0; 3135.2102; 170; 72.6; 
567; 0; 3098.0473; 170; 72.8; 
567; 0; 3064.0505; 170; 73; 
567; 0; 3029.5598; 170; 73.2; 
567; 0; 2994.6456; 170; 73.4; 
567; 0; 2960.6717; 170; 73.6; 
567; 0; 2927.6385; 170; 73.8; 
567; 0; 2896.491; 170; 74; 
567; 0; 2865.3403; 170; 74.2; 
567; 0; 2836.076; 170; 74.4; 
567; 0; 2806.8088; 170; 74.6; 
567; 0; 2779.4285; 170; 74.8; 
567; 0; 2757.0053; 170; 75; 
567; 0; 2731.9078; 170; 75.2; 
567; 0; 2706.8085; 170; 75.4; 
567; 0; 2683.5676; 170; 75.6; 
567; 0; 2662.0933; 170; 75.8; 
567; 0; 2639.1396; 170; 76; 
567; 0; 2616.5663; 170; 76.2; 
567; 0; 2594.9737; 170; 76.4; 
567; 0; 2574.3619; 170; 76.6; 
567; 0; 2554.7309; 170; 76.8; 
567; 0; 2535.0991; 170; 77; 
567; 0; 2517.4307; 170; 77.2; 
567; 0; 2499.7624; 170; 77.4; 
567; 0; 2484.058; 170; 77.6; 
567; 0; 2468.3537; 170; 77.8; 
567; 0; 2452.649; 170; 78; 
567; 0; 2446.0482; 170; 78.2; 
567; 0; 2432.5216; 170; 78.4; 
567; 0; 2418.9941; 170; 78.6; 
567; 0; 2406.4323; 170; 78.8; 
567; 0; 2393.8695; 170; 79; 
567; 0; 2382.2726; 170; 79.2; 
567; 0; 2370.6749; 170; 79.4; 
567; 0; 2360.0434; 170; 79.6; 
567; 0; 2349.4115; 170; 79.8; 
567; 0; 2338.7794; 170; 80; 
567; 0; 2329.1139; 170; 80.2; 
567; 0; 2320.6611; 170; 80.4; 
567; 0; 2313.0664; 170; 80.6; 
567; 0; 2304.7977; 170; 80.8; 
567; 0; 2296.9548; 170; 81; 
567; 0; 2290.0923; 170; 81.2; 
567; 0; 2282.2494; 170; 81.4; 
567; 0; 2275.3868; 170; 81.6; 
567; 0; 2268.5241; 170; 81.8; 
567; 0; 2262.6418; 170; 82; 
567; 0; 2256.7593; 170; 82.2; 
567; 0; 2251.8571; 170; 82.4; 
567; 0; 2245.9744; 170; 82.6; 
567; 0; 2241.0721; 170; 82.8; 
567; 0; 2236.1697; 170; 83; 
567; 0; 2232.2478; 170; 83.2; 
567; 0; 2228.3258; 170; 83.4; 
567; 0; 2224.4037; 170; 83.6; 
567; 0; 2220.4817; 170; 83.8; 
567; 0; 2216.5596; 170; 84; 
567; 0; 2213.6179; 170; 84.2; 
567; 0; 2210.6763; 170; 84.4; 
567; 0; 2207.7346; 170; 84.6; 
567; 0; 2204.793; 170; 84.8; 
567; 0; 2201.8514; 170; 85; 
567; 0; 2199.8903; 170; 85.2; 
567; 0; 2197.9291; 170; 85.4; 
567; 0; 2195.9679; 170; 85.6; 
567; 0; 2194.0067; 170; 85.8; 
567; 0; 2192.0455; 170; 86; 
567; 0; 2190.0842; 170; 86.2; 
567; 0; 2189.1034; 170; 86.4; 
567; 0; 2187.1421; 170; 86.6; 
567; 0; 2186.1613; 170; 86.8; 
567; 0; 2185.1805; 170; 87; 
567; 0; 2184.1997; 170; 87.2; 
567; 0; 2183.2189; 170; 87.4; 
567; 0; 2182.238; 170; 87.6; 
567; 0; 2182.2377; 170; 87.8; 
567; 0; 2181.2568; 170; 88; 
567; 0; 2180.2759; 170; 88.2; 
567; 0; 2180.2755; 170; 88.4; 
567; 0; 2180.2751; 170; 88.6; 
567; 0; 2179.2942; 170; 88.8; 
567; 0; 2179.2937; 170; 89; 
567; 0; 2179.2933; 170; 89.2; 
567; 0; 2179.293; 170; 89.4; 
567; 0; 2179.2927; 170; 89.6; 
567; 0; 2179.2924; 170; 89.8; 
567; 0; 2179.292; 170; 90; 
567; 0; 2179.2917; 170; 90.2; 
567; 0; 2179.2913; 170; 90.4; 
567; 0; 2179.2909; 170; 90.6; 
567; 0; 2179.2904; 170; 90.8; 
567; 0; 2180.2704; 170; 91; 
567; 0; 2169.6532; 170; 91.2; 
567; 0; 2169.6527; 170; 91.4; 
567; 0; 2170.6449; 170; 91.6; 
567; 0; 2170.6445; 170; 91.8; 
567; 0; 2171.6367; 170; 92; 
567; 0; 2171.6364; 170; 92.2; 
567; 0; 2172.6287; 170; 92.4; 
567; 0; 2173.621; 170; 92.6; 
567; 0; 2174.6132; 170; 92.8; 
567; 0; 2174.6128; 170; 93; 
567; 0; 2175.605; 170; 93.2; 
567; 0; 2176.5972; 170; 93.4; 
567; 0; 2177.5894; 170; 93.6; 
567; 0; 2178.5816; 170; 93.8; 
567; 0; 2179.5738; 170; 94; 
567; 0; 2180.566; 170; 94.2; 
567; 0; 2181.5582; 170; 94.4; 
567; 0; 2182.5504; 170; 94.6; 
567; 0; 2183.5426; 170; 94.8; 
567; 0; 2184.5349; 170; 95; 
567; 0; 2185.5271; 170; 95.2; 
567; 0; 2186.5195; 170; 95.4; 
567; 0; 2188.5067; 170; 95.6; 
567; 0; 2192.4848; 170; 95.8; 
567; 0; 2197.4643; 170; 96; 
567; 0; 2204.441; 170; 96.2; 
567; 0; 2214.4107; 170; 96.4; 
567; 0; 2225.391; 170; 96.6; 
567; 0; 2239.3709; 170; 96.8; 
567; 0; 2255.3608; 170; 97; 
567; 0; 2272.3708; 170; 97.2; 
567; 0; 2289.4077; 170; 97.4; 
567; 0; 2305.5005; 170; 97.6; 
567; 0; 2318.4995; 170; 97.8; 
567; 0; 2332.8407; 170; 98; 
567; 0; 2346.7678; 170; 98.2; 
567; 0; 2358.7323; 170; 98.4; 
567; 0; 2370.7004; 170; 98.6; 
567; 0; 2381.6863; 170; 98.8; 
567; 0; 2391.6894; 170; 99; 
567; 0; 2401.6953; 170; 99.2; 
567; 0; 2411.7053; 170; 99.4; 
567; 0; 2412.537; 170; 99.6; 
567; 0; 2422.7235; 170; 99.8; 
567; 0; 2431.9155; 170; 100; 
567; 0; 2442.1185; 170; 100.2; 
567; 0; 2451.3276; 170; 100.4; 
567; 0; 2460.5452; 170; 100.6; 
567; 0; 2469.7709; 170; 100.8; 
567; 0; 2479.0043; 170; 101; 
567; 0; 2487.2406; 170; 101.2; 
567; 0; 2495.4827; 170; 101.4; 
567; 0; 2502.7253; 170; 101.6; 
567; 0; 2509.972; 170; 101.8; 
567; 0; 2517.2226; 170; 102; 
567; 0; 2523.4715; 170; 102.2; 
567; 0; 2529.7237; 170; 102.4; 
567; 0; 2535.9794; 170; 102.6; 
567; 0; 2542.2388; 170; 102.8; 
567; 0; 2547.4952; 170; 103; 
567; 0; 2552.755; 170; 103.2; 
567; 0; 2558.0184; 170; 103.4; 
567; 0; 2562.2777; 170; 103.6; 
567; 0; 2566.5403; 170; 103.8; 
567; 0; 2571.8144; 170; 104; 
567; 0; 2576.0836; 170; 104.2; 
567; 0; 2579.3468; 170; 104.4; 
567; 0; 2583.6217; 170; 104.6; 
567; 0; 2586.89; 170; 104.8; 
567; 0; 2590.1606; 170; 105; 
567; 0; 2593.4333; 170; 105.2; 
567; 0; 2596.708; 170; 105.4; 
567; 0; 2598.974; 170; 105.6; 
567; 0; 2602.2525; 170; 105.8; 
567; 0; 2604.5217; 170; 106; 
567; 0; 2606.7924; 170; 106.2; 
567; 0; 2609.0646; 170; 106.4; 
567; 0; 2611.3385; 170; 106.6; 
567; 0; 2612.6014; 170; 106.8; 
567; 0; 2614.8783; 170; 107; 
567; 0; 2616.1436; 170; 107.2; 
567; 0; 2618.4236; 170; 107.4; 
567; 0; 2619.6914; 170; 107.6; 
567; 0; 2620.9602; 170; 107.8; 
567; 0; 2622.2299; 170; 108; 
567; 0; 2623.5006; 170; 108.2; 
567; 0; 2624.7722; 170; 108.4; 
567; 0; 2625.0295; 170; 108.6; 
567; 0; 2626.3029; 170; 108.8; 
567; 0; 2626.5613; 170; 109; 
567; 0; 2627.8363; 170; 109.2; 
567; 0; 2628.0957; 170; 109.4; 
567; 0; 2628.3555; 170; 109.6; 
567; 0; 2629.3693; 170; 109.8; 
567; 0; 2629.5216; 170; 110; 
567; 0; 2629.6741; 170; 110.2; 
567; 0; 2629.827; 170; 110.4; 
567; 0; 2629.9802; 170; 110.6; 
567; 0; 2630.1337; 170; 110.8; 
567; 0; 2630.2874; 170; 111; 
567; 0; 2630.4414; 170; 111.2; 
567; 0; 2630.5957; 170; 111.4; 
567; 0; 2629.9216; 170; 111.6; 
567; 0; 2630.0762; 170; 111.8; 
567; 0; 2630.2312; 170; 112; 
567; 0; 2629.557; 170; 112.2; 
567; 0; 2629.7123; 170; 112.4; 
567; 0; 2629.8679; 170; 112.6; 
567; 0; 2629.1936; 170; 112.8; 
567; 0; 2629.3496; 170; 113; 
567; 0; 2628.6751; 170; 113.2; 
567; 0; 2628.8315; 170; 113.4; 
567; 0; 2628.1568; 170; 113.6; 
567; 0; 2628.3135; 170; 113.8; 
567; 0; 2627.6388; 170; 114; 
567; 0; 2627.7958; 170; 114.2; 
567; 0; 2632.6962; 170; 114.4; 
567; 0; 2632.0264; 170; 114.6; 
567; 0; 2632.1761; 170; 114.8; 
567; 0; 2631.5061; 170; 115; 
567; 0; 2630.836; 170; 115.2; 
567; 0; 2630.9862; 170; 115.4; 
567; 0; 2630.3159; 170; 115.6; 
567; 0; 2629.6454; 170; 115.8; 
567; 0; 2628.9747; 170; 116; 
567; 0; 2628.2547; 170; 116.2; 
567; 0; 2627.5028; 170; 116.4; 
567; 0; 2626.7506; 170; 116.6; 
567; 0; 2625.9982; 170; 116.8; 
567; 0; 2626.2579; 170; 117; 
567; 0; 2625.5052; 170; 117.2; 
567; 0; 2624.7522; 170; 117.4; 
567; 0; 2623.999; 170; 117.6; 
567; 0; 2623.2456; 170; 117.8; 
567; 0; 2622.4919; 170; 118; 
567; 0; 2621.738; 170; 118.2; 
567; 0; 2620.9839; 170; 118.4; 
567; 0; 2620.2296; 170; 118.6; 
567; 0; 2619.475; 170; 118.8; 
567; 0; 2618.7201; 170; 119; 
567; 0; 2617.965; 170; 119.2; 
567; 0; 2617.2096; 170; 119.4; 
567; 0; 2616.4541; 170; 119.6; 
567; 0; 2615.6983; 170; 119.8; 
567; 0; 2614.9422; 170; 120; 
567; 0; 2615.2031; 170; 120.2; 
567; 0; 2614.4468; 170; 120.4; 
567; 0; 2613.6901; 170; 120.6; 
567; 0; 2612.9331; 170; 120.8; 
567; 0; 2612.1759; 170; 121; 
567; 0; 2611.4184; 170; 121.2; 
567; 0; 2611.68; 170; 121.4; 
567; 0; 2610.9223; 170; 121.6; 
567; 0; 2610.1643; 170; 121.8; 
567; 0; 2609.406; 170; 122; 
567; 0; 2608.6475; 170; 122.2; 
567; 0; 2607.8888; 170; 122.4; 
567; 0; 2608.1511; 170; 122.6; 
567; 0; 2607.3921; 170; 122.8; 
567; 0; 2606.6329; 170; 123; 
567; 0; 2605.8734; 170; 123.2; 
567; 0; 2606.1362; 170; 123.4; 
567; 0; 2605.3765; 170; 123.6; 
567; 0; 2604.6165; 170; 123.8; 
567; 0; 2603.8562; 170; 124; 
567; 0; 2604.1195; 170; 124.2; 
567; 0; 2603.359; 170; 124.4; 
567; 0; 2602.5982; 170; 124.6; 
567; 0; 2602.8618; 170; 124.8; 
567; 0; 2602.1007; 170; 125; 
567; 0; 2601.3394; 170; 125.2; 
567; 0; 2601.6036; 170; 125.4; 
567; 0; 2600.8421; 170; 125.6; 
567; 0; 2600.0802; 170; 125.8; 
567; 0; 2600.3449; 170; 126; 
567; 0; 2599.5829; 170; 126.2; 
567; 0; 2598.8205; 170; 126.4; 
567; 0; 2599.0855; 170; 126.6; 
567; 0; 2598.3229; 170; 126.8; 
567; 0; 2597.56; 170; 127; 
567; 0; 2597.8255; 170; 127.2; 
567; 0; 2597.0624; 170; 127.4; 
567; 0; 2596.299; 170; 127.6; 
567; 0; 2596.5651; 170; 127.8; 
567; 0; 2595.8015; 170; 128; 
567; 0; 2596.068; 170; 128.2; 
567; 0; 2595.3041; 170; 128.4; 
567; 0; 2595.5706; 170; 128.6; 
567; 0; 2595.8368; 170; 128.8; 
567; 0; 2596.1018; 170; 129; 
567; 0; 2594.2982; 170; 129.2; 
567; 0; 2592.4819; 170; 129.4; 
567; 0; 2588.5814; 170; 129.6; 
567; 0; 2582.5908; 170; 129.8; 
567; 0; 2575.5389; 170; 130; 
567; 0; 2567.4234; 170; 130.2; 
567; 0; 2556.176; 170; 130.4; 
567; 0; 2543.8628; 170; 130.6; 
567; 0; 2529.4504; 170; 130.8; 
567; 0; 2513.9733; 170; 131; 
567; 0; 2497.4339; 170; 131.2; 
567; 0; 2479.8392; 170; 131.4; 
567; 0; 2462.2321; 170; 131.6; 
567; 0; 2446.6882; 170; 131.8; 
567; 0; 2433.2147; 170; 132; 
567; 0; 2421.8171; 170; 132.2; 
567; 0; 2412.4985; 170; 132.4; 
567; 0; 2412.0228; 170; 132.6; 
567; 0; 2404.9109; 170; 132.8; 
567; 0; 2397.8095; 170; 133; 
567; 0; 2389.6976; 170; 133.2; 
567; 0; 2381.5882; 170; 133.4; 
567; 0; 2373.4772; 170; 133.6; 
567; 0; 2364.3443; 170; 133.8; 
567; 0; 2354.1875; 170; 134; 
567; 0; 2344.0233; 170; 134.2; 
567; 0; 2333.8523; 170; 134.4; 
567; 0; 2323.6758; 170; 134.6; 
567; 0; 2315.5085; 170; 134.8; 
567; 0; 2306.6191; 170; 135; 
567; 0; 2299.5059; 170; 135.2; 
567; 0; 2292.3938; 170; 135.4; 
567; 0; 2285.2833; 170; 135.6; 
567; 0; 2279.063; 170; 135.8; 
567; 0; 2273.7327; 170; 136; 
567; 0; 2268.4041; 170; 136.2; 
567; 0; 2262.8048; 170; 136.4; 
567; 0; 2257.6489; 170; 136.6; 
567; 0; 2252.4934; 170; 136.8; 
567; 0; 2247.3377; 170; 137; 
567; 0; 2242.1813; 170; 137.2; 
567; 0; 2237.0241; 170; 137.4; 
567; 0; 2231.8658; 170; 137.6; 
567; 0; 2227.7384; 170; 137.8; 
567; 0; 2223.6103; 170; 138; 
567; 0; 2219.4816; 170; 138.2; 
567; 0; 2215.3527; 170; 138.4; 
567; 0; 2211.2238; 170; 138.6; 
567; 0; 2208.1269; 170; 138.8; 
567; 0; 2205.0302; 170; 139; 
567; 0; 2201.9337; 170; 139.2; 
567; 0; 2198.8375; 170; 139.4; 
567; 0; 2196.7734; 170; 139.6; 
567; 0; 2194.7095; 170; 139.8; 
567; 0; 2191.6139; 170; 140; 
567; 0; 2189.5502; 170; 140.2; 
567; 0; 2187.4864; 170; 140.4; 
567; 0; 2186.4544; 170; 140.6; 
567; 0; 2184.3905; 170; 140.8; 
567; 0; 2182.3265; 170; 141; 
567; 0; 2181.2942; 170; 141.2; 
567; 0; 2179.23; 170; 141.4; 
567; 0; 2178.1975; 170; 141.6; 
567; 0; 2177.1649; 170; 141.8; 
567; 0; 2176.1323; 170; 142; 
567; 0; 2175.0997; 170; 142.2; 
567; 0; 2174.0671; 170; 142.4; 
567; 0; 2173.0347; 170; 142.6; 
567; 0; 2173.0341; 170; 142.8; 
567; 0; 2172.0017; 170; 143; 
567; 0; 2170.9693; 170; 143.2; 
567; 0; 2170.9686; 170; 143.4; 
567; 0; 2169.9362; 170; 143.6; 
567; 0; 2169.9355; 170; 143.8; 
567; 0; 2169.9348; 170; 144; 
567; 0; 2169.9341; 170; 144.2; 
567; 0; 2168.9017; 170; 144.4; 
567; 0; 2168.9011; 170; 144.6; 
567; 0; 2168.9004; 170; 144.8; 
567; 0; 2168.8998; 170; 145; 
567; 0; 2168.8993; 170; 145.2; 
567; 0; 2168.8987; 170; 145.4; 
567; 0; 2169.9306; 170; 145.6; 
567; 0; 2171.9984; 170; 145.8; 
567; 0; 2175.1062; 170; 146; 
567; 0; 2181.3213; 170; 146.2; 
567; 0; 2189.6156; 170; 146.4; 
567; 0; 2190.2278; 170; 146.6; 
567; 0; 2203.8924; 170; 146.8; 
567; 0; 2218.6279; 170; 147; 
567; 0; 2234.4368; 170; 147.2; 
567; 0; 2250.2722; 170; 147.4; 
567; 0; 2264.5656; 170; 147.6; 
567; 0; 2276.4361; 170; 147.8; 
567; 0; 2287.4107; 170; 148; 
567; 0; 2297.4855; 170; 148.2; 
567; 0; 2306.6571; 170; 148.4; 
567; 0; 2314.9235; 170; 148.6; 
567; 0; 2323.31; 170; 148.8; 
567; 0; 2331.7396; 170; 149; 
567; 0; 2339.1324; 170; 149.2; 
567; 0; 2346.5265; 170; 149.4; 
567; 0; 2354.9612; 170; 149.6; 
567; 0; 2362.3633; 170; 149.8; 
567; 0; 2369.7713; 170; 150; 
567; 0; 2378.2238; 170; 150.2; 
567; 0; 2385.6451; 170; 150.4; 
567; 0; 2393.0729; 170; 150.6; 
567; 0; 2400.5067; 170; 150.8; 
567; 0; 2406.9066; 170; 151; 
567; 0; 2413.3106; 170; 151.2; 
567; 0; 2419.7181; 170; 151.4; 
567; 0; 2425.0886; 170; 151.6; 
567; 0; 2430.4613; 170; 151.8; 
567; 0; 2435.8359; 170; 152; 
567; 0; 2441.2123; 170; 152.2; 
567; 0; 2445.5499; 170; 152.4; 
567; 0; 2449.8892; 170; 152.6; 
567; 0; 2454.2305; 170; 152.8; 
567; 0; 2457.5324; 170; 153; 
567; 0; 2461.8782; 170; 153.2; 
567; 0; 2465.1844; 170; 153.4; 
567; 0; 2469.5351; 170; 153.6; 
567; 0; 2472.8458; 170; 153.8; 
567; 0; 2476.1587; 170; 154; 
567; 0; 2478.4304; 170; 154.2; 
567; 0; 2481.7472; 170; 154.4; 
567; 0; 2485.0657; 170; 154.6; 
567; 0; 2487.3421; 170; 154.8; 
567; 0; 2489.6197; 170; 155; 
567; 0; 2491.8986; 170; 155.2; 
567; 0; 2494.1785; 170; 155.4; 
567; 0; 2496.4597; 170; 155.6; 
567; 0; 2497.6966; 170; 155.8; 
567; 0; 2499.9797; 170; 156; 
567; 0; 2501.2182; 170; 156.2; 
567; 0; 2503.5036; 170; 156.4; 
567; 0; 2504.7439; 170; 156.6; 
567; 0; 2505.9852; 170; 156.8; 
567; 0; 2507.2274; 170; 157; 
567; 0; 2508.4703; 170; 157.2; 
567; 0; 2509.7139; 170; 157.4; 
567; 0; 2510.9584; 170; 157.6; 
567; 0; 2512.2037; 170; 157.8; 
567; 0; 2513.4499; 170; 158; 
567; 0; 2513.6483; 170; 158.2; 
567; 0; 2514.8958; 170; 158.4; 
567; 0; 2515.0951; 170; 158.6; 
567; 0; 2516.3439; 170; 158.8; 
567; 0; 2516.5438; 170; 159; 
567; 0; 2517.7937; 170; 159.2; 
567; 0; 2517.9943; 170; 159.4; 
567; 0; 2518.1951; 170; 159.6; 
567; 0; 2519.4468; 170; 159.8; 
567; 0; 2519.6483; 170; 160; 
567; 0; 2519.8501; 170; 160.2; 
567; 0; 2520.0521; 170; 160.4; 
567; 0; 2520.2543; 170; 160.6; 
567; 0; 2520.4568; 170; 160.8; 
567; 0; 2520.6595; 170; 161; 
567; 0; 2521.915; 170; 161.2; 
567; 0; 2522.118; 170; 161.4; 
567; 0; 2522.3201; 170; 161.6; 
567; 0; 2522.5207; 170; 161.8; 
567; 0; 2522.7188; 170; 162; 
567; 0; 2522.9135; 170; 162.2; 
567; 0; 2523.1038; 170; 162.4; 
567; 0; 2523.2892; 170; 162.6; 
567; 0; 2523.4706; 170; 162.8; 
567; 0; 2524.7046; 170; 163; 
567; 0; 2526.9949; 170; 163.2; 
567; 0; 2530.345; 170; 163.4; 
567; 0; 2534.7582; 170; 163.6; 
567; 0; 2540.2372; 170; 163.8; 
567; 0; 2546.7834; 170; 164; 
567; 0; 2553.3415; 170; 164.2; 
567; 0; 2559.911; 170; 164.4; 
567; 0; 2565.4337; 170; 164.6; 
567; 0; 2568.847; 170; 164.8; 
567; 0; 2570.1228; 170; 165; 
567; 0; 2569.2532; 170; 165.2; 
567; 0; 2566.2509; 170; 165.4; 
567; 0; 2560.0509; 170; 165.6; 
567; 0; 2552.7641; 170; 165.8; 
567; 0; 2543.329; 170; 166; 
567; 0; 2531.7442; 170; 166.2; 
567; 0; 2516.951; 170; 166.4; 
567; 0; 2501.0678; 170; 166.6; 
567; 0; 2483.039; 170; 166.8; 
567; 0; 2463.93; 170; 167; 
567; 0; 2444.809; 170; 167.2; 
567; 0; 2428.8601; 170; 167.4; 
567; 0; 2416.0909; 170; 167.6; 
567; 0; 2407.5646; 170; 167.8; 
567; 0; 2404.3426; 170; 168; 
567; 0; 2404.3108; 170; 168.2; 
567; 0; 2407.4708; 170; 168.4; 
567; 0; 2410.6506; 170; 168.6; 
567; 0; 2413.8498; 170; 168.8; 
567; 0; 2414.9498; 170; 169; 
567; 0; 2412.8863; 170; 169.2; 
567; 0; 2408.7092; 170; 169.4; 
567; 0; 2401.352; 170; 169.6; 
567; 0; 2393.9826; 170; 169.8; 
567; 0; 2384.4814; 170; 170; 
567; 0; 2373.9059; 170; 170.2; 
567; 0; 2362.2582; 170; 170.4; 
567; 0; 2350.6004; 170; 170.6; 
567; 0; 2338.937; 170; 170.8; 
567; 0; 2328.3305; 170; 171; 
567; 0; 2327.5362; 170; 171.2; 
567; 0; 2319.5883; 170; 171.4; 
567; 0; 2313.2122; 170; 171.6; 
567; 0; 2307.7504; 170; 171.8; 
567; 0; 2302.2931; 170; 172; 
567; 0; 2297.7488; 170; 172.2; 
567; 0; 2293.2071; 170; 172.4; 
567; 0; 2287.7576; 170; 172.6; 
567; 0; 2283.2175; 170; 172.8; 
567; 0; 2278.6767; 170; 173; 
567; 0; 2273.2254; 170; 173.2; 
567; 0; 2268.6818; 170; 173.4; 
567; 0; 2263.2273; 170; 173.6; 
567; 0; 2258.6808; 170; 173.8; 
567; 0; 2254.1332; 170; 174; 
567; 0; 2249.5851; 170; 174.2; 
567; 0; 2245.0367; 170; 174.4; 
567; 0; 2239.7861; 170; 174.6; 
567; 0; 2235.5577; 170; 174.8; 
567; 0; 2231.33; 170; 175; 
567; 0; 2228.1593; 170; 175.2; 
567; 0; 2223.933; 170; 175.4; 
567; 0; 2220.7636; 170; 175.6; 
567; 0; 2217.5947; 170; 175.8; 
567; 0; 2214.4261; 170; 176; 
567; 0; 2211.2576; 170; 176.2; 
567; 0; 2209.1455; 170; 176.4; 
567; 0; 2205.9768; 170; 176.6; 
567; 0; 2203.8642; 170; 176.8; 
567; 0; 2201.7514; 170; 177; 
567; 0; 2199.6384; 170; 177.2; 
567; 0; 2197.5251; 170; 177.4; 
567; 0; 2195.4116; 170; 177.6; 
567; 0; 2193.2981; 170; 177.8; 
567; 0; 2191.1845; 170; 178; 
567; 0; 2190.1274; 170; 178.2; 
567; 0; 2188.0141; 170; 178.4; 
567; 0; 2186.9572; 170; 178.6; 
567; 0; 2184.8441; 170; 178.8; 
567; 0; 2183.7874; 170; 179; 
567; 0; 2182.7307; 170; 179.2; 
567; 0; 2181.674; 170; 179.4; 
567; 0; 2180.6172; 170; 179.6; 
567; 0; 2179.5604; 170; 179.8; 
567; 0; 2179.5599; 170; 180; 
567; 0; 2178.5031; 170; 180.2; 
567; 0; 2177.4463; 170; 180.4; 
567; 0; 2177.4458; 170; 180.6; 
567; 0; 2176.3889; 170; 180.8; 
567; 0; 2176.3884; 170; 181; 
567; 0; 2175.3315; 170; 181.2; 
567; 0; 2175.331; 170; 181.4; 
567; 0; 2174.274; 170; 181.6; 
567; 0; 2174.2734; 170; 181.8; 
567; 0; 2174.2729; 170; 182; 
567; 0; 2174.2723; 170; 182.2; 
567; 0; 2173.2155; 170; 182.4; 
567; 0; 2173.215; 170; 182.6; 
567; 0; 2173.2144; 170; 182.8; 
567; 0; 2173.2139; 170; 183; 
567; 0; 2173.2133; 170; 183.2; 
567; 0; 2173.2127; 170; 183.4; 
567; 0; 2173.2122; 170; 183.6; 
567; 0; 2173.2116; 170; 183.8; 
567; 0; 2173.2111; 170; 184; 
567; 0; 2173.2106; 170; 184.2; 
567; 0; 2173.2101; 170; 184.4; 
567; 0; 2173.2097; 170; 184.6; 
567; 0; 2174.2655; 170; 184.8; 
567; 0; 2174.265; 170; 185; 
567; 0; 2174.2645; 170; 185.2; 
567; 0; 2174.264; 170; 185.4; 
567; 0; 2174.2635; 170; 185.6; 
567; 0; 2174.2629; 170; 185.8; 
567; 0; 2175.3187; 170; 186; 
567; 0; 2175.3181; 170; 186.2; 
567; 0; 2175.3175; 170; 186.4; 
567; 0; 2165.5098; 170; 186.6; 
567; 0; 2166.5787; 170; 186.8; 
567; 0; 2166.5781; 170; 187; 
567; 0; 2166.5776; 170; 187.2; 
567; 0; 2167.6465; 170; 187.4; 
567; 0; 2167.646; 170; 187.6; 
567; 0; 2168.7149; 170; 187.8; 
567; 0; 2168.7143; 170; 188; 
567; 0; 2169.7833; 170; 188.2; 
567; 0; 2169.7828; 170; 188.4; 
567; 0; 2170.8517; 170; 188.6; 
567; 0; 2170.8512; 170; 188.8; 
567; 0; 2171.9201; 170; 189; 
567; 0; 2172.989; 170; 189.2; 
567; 0; 2172.9885; 170; 189.4; 
567; 0; 2174.0574; 170; 189.6; 
567; 0; 2175.1262; 170; 189.8; 
567; 0; 2175.1257; 170; 190; 
567; 0; 2176.1945; 170; 190.2; 
567; 0; 2177.2634; 170; 190.4; 
567; 0; 2178.3321; 170; 190.6; 
567; 0; 2178.3312; 170; 190.8; 
567; 0; 2179.3997; 170; 191; 
567; 0; 2179.3988; 170; 191.2; 
567; 0; 2180.4674; 170; 191.4; 
567; 0; 2181.5361; 170; 191.6; 
567; 0; 2181.5356; 170; 191.8; 
567; 0; 2182.6048; 170; 192; 
567; 0; 2183.674; 170; 192.2; 
567; 0; 2183.6739; 170; 192.4; 
567; 0; 2184.7431; 170; 192.6; 
567; 0; 2184.7429; 170; 192.8; 
567; 0; 2185.812; 170; 193; 
567; 0; 2185.8116; 170; 193.2; 
567; 0; 2186.8806; 170; 193.4; 
567; 0; 2186.8801; 170; 193.6; 
567; 0; 2187.949; 170; 193.8; 
567; 0; 2187.9486; 170; 194; 
567; 0; 2189.0174; 170; 194.2; 
567; 0; 2189.0169; 170; 194.4; 
567; 0; 2190.0858; 170; 194.6; 
567; 0; 2190.0853; 170; 194.8; 
567; 0; 2190.0849; 170; 195; 
567; 0; 2191.1538; 170; 195.2; 
567; 0; 2191.1533; 170; 195.4; 
567; 0; 2192.2221; 170; 195.6; 
567; 0; 2192.2216; 170; 195.8; 
567; 0; 2192.2211; 170; 196; 
567; 0; 2193.29; 170; 196.2; 
567; 0; 2193.2895; 170; 196.4; 
567; 0; 2193.289; 170; 196.6; 
567; 0; 2193.2885; 170; 196.8; 
567; 0; 2194.3574; 170; 197; 
567; 0; 2194.357; 170; 197.2; 
567; 0; 2194.3566; 170; 197.4; 
567; 0; 2195.4255; 170; 197.6; 
567; 0; 2195.425; 170; 197.8; 
567; 0; 2195.4246; 170; 198; 
567; 0; 2195.4241; 170; 198.2; 
567; 0; 2196.4931; 170; 198.4; 
567; 0; 2196.4928; 170; 198.6; 
567; 0; 2196.4924; 170; 198.8; 
567; 0; 2196.492; 170; 199; 
567; 0; 2197.561; 170; 199.2; 
567; 0; 2197.5605; 170; 199.4; 
567; 0; 2197.5599; 170; 199.6; 
567; 0; 2197.5595; 170; 199.8; 
567; 0; 2197.559; 170; 200; 
567; 0; 2198.6279; 170; 200.2; 
567; 0; 2198.6275; 170; 200.4; 
567; 0; 2198.6271; 170; 200.6; 
567; 0; 2198.6266; 170; 200.8; 
567; 0; 2198.6262; 170; 201; 
567; 0; 2198.6258; 170; 201.2; 
567; 0; 2199.6948; 170; 201.4; 
567; 0; 2199.6944; 170; 201.6; 
567; 0; 2199.694; 170; 201.8; 
567; 0; 2199.6936; 170; 202; 
567; 0; 2199.6933; 170; 202.2; 
567; 0; 2199.6929; 170; 202.4; 
567; 0; 2200.7619; 170; 202.6; 
567; 0; 2200.7615; 170; 202.8; 
567; 0; 2200.761; 170; 203; 
567; 0; 2200.7605; 170; 203.2; 
567; 0; 2200.76; 170; 203.4; 
567; 0; 2200.7596; 170; 203.6; 
567; 0; 2200.7592; 170; 203.8; 
567; 0; 2200.7588; 170; 204; 
567; 0; 2201.8279; 170; 204.2; 
567; 0; 2201.8275; 170; 204.4; 
567; 0; 2201.8272; 170; 204.6; 
567; 0; 2201.8267; 170; 204.8; 
567; 0; 2201.8262; 170; 205; 
567; 0; 2201.8258; 170; 205.2; 
567; 0; 2201.8254; 170; 205.4; 
567; 0; 2201.825; 170; 205.6; 
567; 0; 2201.8246; 170; 205.8; 
567; 0; 2201.8241; 170; 206; 
567; 0; 2202.8931; 170; 206.2; 
567; 0; 2202.8928; 170; 206.4; 
567; 0; 2202.8925; 170; 206.6; 
567; 0; 2202.8922; 170; 206.8; 
567; 0; 2202.8919; 170; 207; 
567; 0; 2202.8915; 170; 207.2; 
567; 0; 2202.8911; 170; 207.4; 
567; 0; 2202.8907; 170; 207.6; 
567; 0; 2202.8903; 170; 207.8; 
567; 0; 2202.8899; 170; 208; 
567; 0; 2203.9589; 170; 208.2; 
567; 0; 2203.9585; 170; 208.4; 
567; 0; 2203.958; 170; 208.6; 
567; 0; 2203.9577; 170; 208.8; 
567; 0; 2203.9573; 170; 209; 
567; 0; 2205.0262; 170; 209.2; 
567; 0; 2205.0258; 170; 209.4; 
567; 0; 2205.0254; 170; 209.6; 
567; 0; 2205.025; 170; 209.8; 
567; 0; 2205.0246; 170; 210; 
567; 0; 2205.0242; 170; 210.2; 
567; 0; 2205.0238; 170; 210.4; 
567; 0; 2206.0927; 170; 210.6; 
567; 0; 2206.0924; 170; 210.8; 
567; 0; 2206.0921; 170; 211; 
567; 0; 2206.0918; 170; 211.2; 
567; 0; 2206.0916; 170; 211.4; 
567; 0; 2206.0913; 170; 211.6; 
567; 0; 2206.0909; 170; 211.8; 
567; 0; 2206.0906; 170; 212; 
567; 0; 2206.0902; 170; 212.2; 
567; 0; 2206.0897; 170; 212.4; 
567; 0; 2207.1587; 170; 212.6; 
567; 0; 2207.1583; 170; 212.8; 
567; 0; 2207.1579; 170; 213; 
567; 0; 2207.1575; 170; 213.2; 
567; 0; 2207.157; 170; 213.4; 
567; 0; 2207.1567; 170; 213.6; 
567; 0; 2207.1564; 170; 213.8; 
567; 0; 2207.156; 170; 214; 
567; 0; 2207.1557; 170; 214.2; 
567; 0; 2207.1553; 170; 214.4; 
567; 0; 2207.1549; 170; 214.6; 
567; 0; 2207.1546; 170; 214.8; 
567; 0; 2207.1542; 170; 215; 
567; 0; 2207.1539; 170; 215.2; 
567; 0; 2207.1536; 170; 215.4; 
567; 0; 2207.1532; 170; 215.6; 
567; 0; 2207.1529; 170; 215.8; 
567; 0; 2207.1525; 170; 216; 
567; 0; 2207.1522; 170; 216.2; 
567; 0; 2207.1518; 170; 216.4; 
567; 0; 2207.1515; 170; 216.6; 
567; 0; 2207.1512; 170; 216.8; 
567; 0; 2207.1509; 170; 217; 
567; 0; 2207.1506; 170; 217.2; 
567; 0; 2207.1501; 170; 217.4; 
567; 0; 2207.1498; 170; 217.6; 
567; 0; 2208.2187; 170; 217.8; 
567; 0; 2208.2182; 170; 218; 
567; 0; 2208.2171; 170; 218.2; 
567; 0; 2209.2844; 170; 218.4; 
567; 0; 2209.2809; 170; 218.6; 
567; 0; 2209.2755; 170; 218.8; 
567; 0; 2210.3368; 170; 219; 
567; 0; 2210.3256; 170; 219.2; 
567; 0; 2210.3114; 170; 219.4; 
567; 0; 2210.2951; 170; 219.6; 
567; 0; 2212.4167; 170; 219.8; 
567; 0; 2214.5394; 170; 220; 
567; 0; 2218.8034; 170; 220.2; 
567; 0; 2224.1408; 170; 220.4; 
567; 0; 2230.5524; 170; 220.6; 
567; 0; 2236.8625; 170; 220.8; 
567; 0; 2243.3312; 170; 221; 
567; 0; 2247.956; 170; 221.2; 
567; 0; 2253.5064; 170; 221.4; 
567; 0; 2257.2109; 170; 221.6; 
567; 0; 2259.9919; 170; 221.8; 
567; 0; 2262.7717; 170; 222; 
567; 0; 2264.6261; 170; 222.2; 
567; 0; 2265.5543; 170; 222.4; 
567; 0; 2266.4798; 170; 222.6; 
567; 0; 2266.479; 170; 222.8; 
567; 0; 2266.4758; 170; 223; 
567; 0; 2266.471; 170; 223.2; 
567; 0; 2267.3886; 170; 223.4; 
567; 0; 2268.3058; 170; 223.6; 
567; 0; 2269.2235; 170; 223.8; 
567; 0; 2270.142; 170; 224; 
567; 0; 2271.9854; 170; 224.2; 
567; 0; 2273.8303; 170; 224.4; 
567; 0; 2276.6004; 170; 224.6; 
567; 0; 2278.4491; 170; 224.8; 
567; 0; 2280.2999; 170; 225; 
567; 0; 2282.153; 170; 225.2; 
567; 0; 2284.0079; 170; 225.4; 
567; 0; 2284.9406; 170; 225.6; 
567; 0; 2284.9499; 170; 225.8; 
567; 0; 2284.035; 170; 226; 
567; 0; 2283.1184; 170; 226.2; 
567; 0; 2281.276; 170; 226.4; 
567; 0; 2279.431; 170; 226.6; 
567; 0; 2277.5835; 170; 226.8; 
567; 0; 2274.8101; 170; 227; 
567; 0; 2272.035; 170; 227.2; 
567; 0; 2269.2589; 170; 227.4; 
567; 0; 2267.4063; 170; 227.6; 
567; 0; 2265.5541; 170; 227.8; 
567; 0; 2263.703; 170; 228; 
567; 0; 2262.7767; 170; 228.2; 
567; 0; 2260.9284; 170; 228.4; 
567; 0; 2260.0049; 170; 228.6; 
567; 0; 2259.0826; 170; 228.8; 
567; 0; 2257.2375; 170; 229; 
567; 0; 2256.3163; 170; 229.2; 
567; 0; 2255.3951; 170; 229.4; 
567; 0; 2253.5502; 170; 229.6; 
567; 0; 2251.7047; 170; 229.8; 
567; 0; 2250.7822; 170; 230; 
567; 0; 2248.9354; 170; 230.2; 
567; 0; 2247.088; 170; 230.4; 
567; 0; 2245.2402; 170; 230.6; 
567; 0; 2243.3922; 170; 230.8; 
567; 0; 2242.4676; 170; 231; 
567; 0; 2240.6194; 170; 231.2; 
567; 0; 2239.695; 170; 231.4; 
567; 0; 2237.8472; 170; 231.6; 
567; 0; 2236.9233; 170; 231.8; 
567; 0; 2235.9933; 170; 232; 
567; 0; 2233.8547; 170; 232.2; 
567; 0; 2232.7857; 170; 232.4; 
567; 0; 2231.7168; 170; 232.6; 
567; 0; 2230.6479; 170; 232.8; 
567; 0; 2229.5791; 170; 233; 
567; 0; 2228.5101; 170; 233.2; 
567; 0; 2227.4411; 170; 233.4; 
567; 0; 2226.3719; 170; 233.6; 
567; 0; 2225.3025; 170; 233.8; 
567; 0; 2224.233; 170; 234; 
567; 0; 2223.1633; 170; 234.2; 
567; 0; 2222.0937; 170; 234.4; 
567; 0; 2221.024; 170; 234.6; 
567; 0; 2219.9543; 170; 234.8; 
567; 0; 2218.8846; 170; 235; 
567; 0; 2217.8151; 170; 235.2; 
567; 0; 2217.8148; 170; 235.4; 
567; 0; 2216.7454; 170; 235.6; 
567; 0; 2215.6761; 170; 235.8; 
567; 0; 2215.6759; 170; 236; 
567; 0; 2214.6066; 170; 236.2; 
567; 0; 2213.5371; 170; 236.4; 
567; 0; 2213.537; 170; 236.6; 
567; 0; 2212.4675; 170; 236.8; 
567; 0; 2212.4673; 170; 237; 
567; 0; 2211.3978; 170; 237.2; 
567; 0; 2211.3976; 170; 237.4; 
567; 0; 2210.328; 170; 237.6; 
567; 0; 2210.3278; 170; 237.8; 
567; 0; 2209.2583; 170; 238; 
567; 0; 2209.258; 170; 238.2; 
567; 0; 2209.2577; 170; 238.4; 
567; 0; 2208.1882; 170; 238.6; 
567; 0; 2208.1878; 170; 238.8; 
567; 0; 2208.1875; 170; 239; 
567; 0; 2207.118; 170; 239.2; 
567; 0; 2207.1177; 170; 239.4; 
567; 0; 2207.1175; 170; 239.6; 
567; 0; 2206.0479; 170; 239.8; 
567; 0; 2206.0476; 170; 240; 
567; 0; 2206.0473; 170; 240.2; 
567; 0; 2206.0471; 170; 240.4; 
567; 0; 2204.9776; 170; 240.6; 
567; 0; 2204.9774; 170; 240.8; 
567; 0; 2204.9771; 170; 241; 
567; 0; 2204.9767; 170; 241.2; 
567; 0; 2203.9072; 170; 241.4; 
567; 0; 2203.9069; 170; 241.6; 
567; 0; 2203.9065; 170; 241.8; 
567; 0; 2203.9062; 170; 242; 
567; 0; 2203.9058; 170; 242.2; 
567; 0; 2203.9055; 170; 242.4; 
567; 0; 2203.9052; 170; 242.6; 
567; 0; 2202.8357; 170; 242.8; 
567; 0; 2202.8354; 170; 243; 
567; 0; 2202.8351; 170; 243.2; 
567; 0; 2202.8348; 170; 243.4; 
567; 0; 2202.8346; 170; 243.6; 
567; 0; 2202.8343; 170; 243.8; 
567; 0; 2202.8341; 170; 244; 
567; 0; 2202.8338; 170; 244.2; 
567; 0; 2202.8336; 170; 244.4; 
567; 0; 2202.8333; 170; 244.6; 
567; 0; 2202.8329; 170; 244.8; 
567; 0; 2202.8325; 170; 245; 
567; 0; 2202.8321; 170; 245.2; 
567; 0; 2202.8318; 170; 245.4; 
567; 0; 2201.7622; 170; 245.6; 
567; 0; 2201.7619; 170; 245.8; 
567; 0; 2201.7616; 170; 246; 
567; 0; 2202.8306; 170; 246.2; 
567; 0; 2202.83; 170; 246.4; 
567; 0; 2203.898; 170; 246.6; 
567; 0; 2203.8957; 170; 246.8; 
567; 0; 2203.8917; 170; 247; 
567; 0; 2203.8862; 170; 247.2; 
567; 0; 2203.8799; 170; 247.4; 
567; 0; 2203.8735; 170; 247.6; 
567; 0; 2203.8681; 170; 247.8; 
567; 0; 2204.9339; 170; 248; 
567; 0; 2207.0714; 170; 248.2; 
567; 0; 2208.1424; 170; 248.4; 
567; 0; 2209.2157; 170; 248.6; 
567; 0; 2211.3598; 170; 248.8; 
567; 0; 2212.4357; 170; 249; 
567; 0; 2213.5117; 170; 249.2; 
567; 0; 2213.5179; 170; 249.4; 
567; 0; 2214.5921; 170; 249.6; 
567; 0; 2214.5955; 170; 249.8; 
567; 0; 2213.5279; 170; 250; 
567; 0; 2213.5279; 170; 250.2; 
567; 0; 2213.5267; 170; 250.4; 
567; 0; 2212.4553; 170; 250.6; 
567; 0; 2212.4527; 170; 250.8; 
567; 0; 2212.4502; 170; 251; 
567; 0; 2211.3786; 170; 251.2; 
567; 0; 2211.3767; 170; 251.4; 
567; 0; 2211.3753; 170; 251.6; 
567; 0; 2211.3745; 170; 251.8; 
567; 0; 2210.3049; 170; 252; 
567; 0; 2210.3049; 170; 252.2; 
567; 0; 2210.3052; 170; 252.4; 
567; 0; 2210.3055; 170; 252.6; 
567; 0; 2210.3057; 170; 252.8; 
567; 0; 2210.3059; 170; 253; 
567; 0; 2209.2366; 170; 253.2; 
567; 0; 2209.2365; 170; 253.4; 
567; 0; 2209.2362; 170; 253.6; 
567; 0; 2209.2358; 170; 253.8; 
567; 0; 2208.1661; 170; 254; 
567; 0; 2208.1656; 170; 254.2; 
567; 0; 2208.1652; 170; 254.4; 
567; 0; 2208.1648; 170; 254.6; 
567; 0; 2208.1644; 170; 254.8; 
567; 0; 2207.0948; 170; 255; 
567; 0; 2207.0944; 170; 255.2; 
567; 0; 2207.0941; 170; 255.4; 
567; 0; 2207.0938; 170; 255.6; 
567; 0; 2207.0935; 170; 255.8; 
567; 0; 2207.0933; 170; 256; 
567; 0; 2207.093; 170; 256.2; 
567; 0; 2206.0236; 170; 256.4; 
567; 0; 2206.0234; 170; 256.6; 
567; 0; 2206.0231; 170; 256.8; 
567; 0; 2206.0228; 170; 257; 
567; 0; 2206.0225; 170; 257.2; 
567; 0; 2206.0222; 170; 257.4; 
567; 0; 2206.0217; 170; 257.6; 
567; 0; 2207.0897; 170; 257.8; 
567; 0; 2207.0875; 170; 258; 
567; 0; 2207.0838; 170; 258.2; 
567; 0; 2207.0779; 170; 258.4; 
567; 0; 2208.1385; 170; 258.6; 
567; 0; 2207.0575; 170; 258.8; 
567; 0; 2208.1118; 170; 259; 
567; 0; 2208.0952; 170; 259.2; 
567; 0; 2210.2167; 170; 259.4; 
567; 0; 2213.4089; 170; 259.6; 
567; 0; 2217.6736; 170; 259.8; 
567; 0; 2223.0119; 170; 260; 
567; 0; 2229.4246; 170; 260.2; 
567; 0; 2236.8247; 170; 260.4; 
567; 0; 2242.3704; 170; 260.6; 
567; 0; 2246.9956; 170; 260.8; 
567; 0; 2251.6224; 170; 261; 
567; 0; 2255.3266; 170; 261.2; 
567; 0; 2259.0303; 170; 261.4; 
567; 0; 2260.8859; 170; 261.6; 
567; 0; 2262.7393; 170; 261.8; 
567; 0; 2263.6665; 170; 262; 
567; 0; 2263.6675; 170; 262.2; 
567; 0; 2263.6659; 170; 262.4; 
567; 0; 2264.5856; 170; 262.6; 
567; 0; 2264.5803; 170; 262.8; 
567; 0; 2265.4978; 170; 263; 
567; 0; 2266.4153; 170; 263.2; 
567; 0; 2267.3333; 170; 263.4; 
567; 0; 2269.1758; 170; 263.6; 
567; 0; 2270.0963; 170; 263.8; 
567; 0; 2272.8651; 170; 264; 
567; 0; 2274.712; 170; 264.2; 
567; 0; 2276.5602; 170; 264.4; 
567; 0; 2278.4094; 170; 264.6; 
567; 0; 2279.3358; 170; 264.8; 
567; 0; 2280.2624; 170; 265; 
567; 0; 2282.1121; 170; 265.2; 
567; 0; 2282.1145; 170; 265.4; 
567; 0; 2283.0397; 170; 265.6; 
567; 0; 2283.0406; 170; 265.8; 
567; 0; 2283.0406; 170; 266; 
567; 0; 2283.0398; 170; 266.2; 
567; 0; 2283.0384; 170; 266.4; 
567; 0; 2283.0366; 170; 266.6; 
567; 0; 2283.958; 170; 266.8; 
567; 0; 2283.9561; 170; 267; 
567; 0; 2283.9544; 170; 267.2; 
567; 0; 2284.8764; 170; 267.4; 
567; 0; 2284.8756; 170; 267.6; 
567; 0; 2285.7986; 170; 267.8; 
567; 0; 2286.7223; 170; 268; 
567; 0; 2287.6469; 170; 268.2; 
567; 0; 2288.5728; 170; 268.4; 
567; 0; 2288.5771; 170; 268.6; 
567; 0; 2289.5064; 170; 268.8; 
567; 0; 2289.5136; 170; 269; 
567; 0; 2288.598; 170; 269.2; 
567; 0; 2287.6822; 170; 269.4; 
567; 0; 2286.7654; 170; 269.6; 
567; 0; 2284; 170; 269.8; 
567; 0; 2282.1559; 170; 270; 
567; 0; 2279.3861; 170; 270.2; 
567; 0; 2276.6142; 170; 270.4; 
567; 0; 2273.8407; 170; 270.6; 
567; 0; 2270.1426; 170; 270.8; 
567; 0; 2267.3676; 170; 271; 
567; 0; 2265.5162; 170; 271.2; 
567; 0; 2262.7419; 170; 271.4; 
567; 0; 2260.8922; 170; 271.6; 
567; 0; 2259.0435; 170; 271.8; 
567; 0; 2257.196; 170; 272; 
567; 0; 2255.3495; 170; 272.2; 
567; 0; 2254.4271; 170; 272.4; 
567; 0; 2252.5818; 170; 272.6; 
567; 0; 2250.7366; 170; 272.8; 
567; 0; 2248.8913; 170; 273; 
567; 0; 2247.9692; 170; 273.2; 
567; 0; 2246.1232; 170; 273.4; 
567; 0; 2244.2767; 170; 273.6; 
567; 0; 2242.4298; 170; 273.8; 
567; 0; 2240.5825; 170; 274; 
567; 0; 2238.7349; 170; 274.2; 
567; 0; 2236.8872; 170; 274.4; 
567; 0; 2235.937; 170; 274.6; 
567; 0; 2233.7975; 170; 274.8; 
567; 0; 2232.7273; 170; 275; 
567; 0; 2230.5884; 170; 275.2; 
567; 0; 2229.5189; 170; 275.4; 
567; 0; 2228.4498; 170; 275.6; 
567; 0; 2227.3809; 170; 275.8; 
567; 0; 2226.3121; 170; 276; 
567; 0; 2225.2434; 170; 276.2; 
567; 0; 2224.1746; 170; 276.4; 
567; 0; 2223.1057; 170; 276.6; 
567; 0; 2222.0366; 170; 276.8; 
567; 0; 2220.9673; 170; 277; 
567; 0; 2219.898; 170; 277.2; 
567; 0; 2218.8285; 170; 277.4; 
567; 0; 2217.7588; 170; 277.6; 
567; 0; 2216.6892; 170; 277.8; 
567; 0; 2215.6197; 170; 278; 
567; 0; 2214.5502; 170; 278.2; 
567; 0; 2214.55; 170; 278.4; 
567; 0; 2213.4807; 170; 278.6; 
567; 0; 2212.4115; 170; 278.8; 
567; 0; 2212.4115; 170; 279; 
567; 0; 2211.3423; 170; 279.2; 
567; 0; 2210.2731; 170; 279.4; 
567; 0; 2210.2729; 170; 279.6; 
567; 0; 2209.2036; 170; 279.8; 
567; 0; 2209.2035; 170; 280; 
567; 0; 2208.1342; 170; 280.2; 
567; 0; 2208.1339; 170; 280.4; 
567; 0; 2207.0646; 170; 280.6; 
567; 0; 2207.0644; 170; 280.8; 
567; 0; 2207.0642; 170; 281; 
567; 0; 2205.9949; 170; 281.2; 
567; 0; 2205.9947; 170; 281.4; 
567; 0; 2204.9253; 170; 281.6; 
567; 0; 2204.9251; 170; 281.8; 
567; 0; 2204.925; 170; 282; 
567; 0; 2204.9248; 170; 282.2; 
567; 0; 2203.8554; 170; 282.4; 
567; 0; 2203.8552; 170; 282.6; 
567; 0; 2203.855; 170; 282.8; 
567; 0; 2203.8547; 170; 283; 
567; 0; 2202.7853; 170; 283.2; 
567; 0; 2202.785; 170; 283.4; 
567; 0; 2202.7847; 170; 283.6; 
567; 0; 2202.7845; 170; 283.8; 
567; 0; 2202.7844; 170; 284; 
567; 0; 2201.7151; 170; 284.2; 
567; 0; 2201.7149; 170; 284.4; 
567; 0; 2201.7147; 170; 284.6; 
567; 0; 2201.7146; 170; 284.8; 
567; 0; 2201.7144; 170; 285; 
567; 0; 2201.7141; 170; 285.2; 
567; 0; 2201.7139; 170; 285.4; 
567; 0; 2201.7137; 170; 285.6; 
567; 0; 2201.7135; 170; 285.8; 
567; 0; 2201.7133; 170; 286; 
567; 0; 2200.6439; 170; 286.2; 
567; 0; 2200.6436; 170; 286.4; 
567; 0; 2200.6434; 170; 286.6; 
567; 0; 2200.6431; 170; 286.8; 
567; 0; 2200.6429; 170; 287; 
567; 0; 2200.6427; 170; 287.2; 
567; 0; 2200.6424; 170; 287.4; 
567; 0; 2200.6422; 170; 287.6; 
567; 0; 2200.6419; 170; 287.8; 
567; 0; 2200.6417; 170; 288; 
567; 0; 2200.6414; 170; 288.2; 
567; 0; 2201.7102; 170; 288.4; 
567; 0; 2201.7097; 170; 288.6; 
567; 0; 2201.7089; 170; 288.8; 
567; 0; 2201.7078; 170; 289; 
567; 0; 2201.7066; 170; 289.2; 
567; 0; 2201.7052; 170; 289.4; 
567; 0; 2201.704; 170; 289.6; 
567; 0; 2201.7032; 170; 289.8; 
567; 0; 2202.7719; 170; 290; 
567; 0; 2202.7721; 170; 290.2; 
567; 0; 2202.7727; 170; 290.4; 
567; 0; 2202.7737; 170; 290.6; 
567; 0; 2203.8439; 170; 290.8; 
567; 0; 2203.8449; 170; 291; 
567; 0; 2203.8458; 170; 291.2; 
567; 0; 2203.8465; 170; 291.4; 
567; 0; 2203.8469; 170; 291.6; 
567; 0; 2203.8469; 170; 291.8; 
567; 0; 2203.8466; 170; 292; 
567; 0; 2203.8462; 170; 292.2; 
567; 0; 2203.8456; 170; 292.4; 
567; 0; 2203.8449; 170; 292.6; 
567; 0; 2202.7751; 170; 292.8; 
567; 0; 2202.7744; 170; 293; 
567; 0; 2202.7739; 170; 293.2; 
567; 0; 2202.7733; 170; 293.4; 
567; 0; 2202.7729; 170; 293.6; 
567; 0; 2202.7726; 170; 293.8; 
567; 0; 2202.7724; 170; 294; 
567; 0; 2202.7722; 170; 294.2; 
567; 0; 2202.772; 170; 294.4; 
567; 0; 2202.7718; 170; 294.6; 
567; 0; 2202.7716; 170; 294.8; 
567; 0; 2202.7713; 170; 295; 
567; 0; 2202.7711; 170; 295.2; 
567; 0; 2202.7709; 170; 295.4; 
567; 0; 2202.7707; 170; 295.6; 
567; 0; 2202.7706; 170; 295.8; 
567; 0; 2202.7703; 170; 296; 
567; 0; 2202.77; 170; 296.2; 
567; 0; 2202.7697; 170; 296.4; 
567; 0; 2202.7694; 170; 296.6; 
567; 0; 2202.7692; 170; 296.8; 
567; 0; 2202.7689; 170; 297; 
567; 0; 2202.7687; 170; 297.2; 
567; 0; 2202.7685; 170; 297.4; 
567; 0; 2202.7683; 170; 297.6; 
567; 0; 2202.7681; 170; 297.8; 
567; 0; 2202.7679; 170; 298; 
567; 0; 2203.8366; 170; 298.2; 
567; 0; 2203.8355; 170; 298.4; 
567; 0; 2203.833; 170; 298.6; 
567; 0; 2204.8976; 170; 298.8; 
567; 0; 2204.8906; 170; 299; 
567; 0; 2204.8806; 170; 299.2; 
567; 0; 2204.8673; 170; 299.4; 
567; 0; 2205.9206; 170; 299.6; 
567; 0; 2206.973; 170; 299.8; 
567; 0; 2210.1642; 170; 300; 
567; 0; 2213.3579; 170; 300.2; 
567; 0; 2218.6936; 170; 300.4; 
567; 0; 2225.1033; 170; 300.6; 
567; 0; 2231.5184; 170; 300.8; 
567; 0; 2237.7206; 170; 301; 
567; 0; 2243.2673; 170; 301.2; 
567; 0; 2247.893; 170; 301.4; 
567; 0; 2251.5965; 170; 301.6; 
567; 0; 2255.3001; 170; 301.8; 
567; 0; 2257.156; 170; 302; 
567; 0; 2259.01; 170; 302.2; 
567; 0; 2260.8615; 170; 302.4; 
567; 0; 2260.8636; 170; 302.6; 
567; 0; 2261.7864; 170; 302.8; 
567; 0; 2261.7835; 170; 303; 
567; 0; 2261.779; 170; 303.2; 
567; 0; 2262.6969; 170; 303.4; 
567; 0; 2263.6144; 170; 303.6; 
567; 0; 2264.5322; 170; 303.8; 
567; 0; 2265.451; 170; 304; 
567; 0; 2267.2944; 170; 304.2; 
567; 0; 2269.1392; 170; 304.4; 
567; 0; 2271.9088; 170; 304.6; 
567; 0; 2273.7566; 170; 304.8; 
567; 0; 2275.6054; 170; 305; 
567; 0; 2276.5316; 170; 305.2; 
567; 0; 2278.3814; 170; 305.4; 
567; 0; 2279.3078; 170; 305.6; 
567; 0; 2280.2337; 170; 305.8; 
567; 0; 2280.2356; 170; 306; 
567; 0; 2280.2367; 170; 306.2; 
567; 0; 2281.1603; 170; 306.4; 
567; 0; 2281.1597; 170; 306.6; 
567; 0; 2281.1585; 170; 306.8; 
567; 0; 2281.1568; 170; 307; 
567; 0; 2281.1549; 170; 307.2; 
567; 0; 2281.1529; 170; 307.4; 
567; 0; 2282.0745; 170; 307.6; 
567; 0; 2282.0732; 170; 307.8; 
567; 0; 2282.9956; 170; 308; 
567; 0; 2283.9185; 170; 308.2; 
567; 0; 2283.9186; 170; 308.4; 
567; 0; 2284.8423; 170; 308.6; 
567; 0; 2284.843; 170; 308.8; 
567; 0; 2285.7673; 170; 309; 
567; 0; 2285.7682; 170; 309.2; 
567; 0; 2285.7691; 170; 309.4; 
567; 0; 2285.7698; 170; 309.6; 
567; 0; 2285.7702; 170; 309.8; 
567; 0; 2285.7704; 170; 310; 
567; 0; 2285.7702; 170; 310.2; 
567; 0; 2285.7699; 170; 310.4; 
567; 0; 2285.7693; 170; 310.6; 
567; 0; 2285.7687; 170; 310.8; 
567; 0; 2285.7679; 170; 311; 
567; 0; 2285.7672; 170; 311.2; 
567; 0; 2285.7666; 170; 311.4; 
567; 0; 2285.7662; 170; 311.6; 
567; 0; 2286.6892; 170; 311.8; 
567; 0; 2286.6891; 170; 312; 
567; 0; 2286.6892; 170; 312.2; 
567; 0; 2286.6893; 170; 312.4; 
567; 0; 2286.6896; 170; 312.6; 
567; 0; 2286.6898; 170; 312.8; 
567; 0; 2286.6901; 170; 313; 
567; 0; 2286.6903; 170; 313.2; 
567; 0; 2286.6904; 170; 313.4; 
567; 0; 2286.6906; 170; 313.6; 
567; 0; 2286.6913; 170; 313.8; 
567; 0; 2287.6163; 170; 314; 
567; 0; 2287.6195; 170; 314.2; 
567; 0; 2287.6245; 170; 314.4; 
567; 0; 2287.6312; 170; 314.6; 
567; 0; 2286.7154; 170; 314.8; 
567; 0; 2285.7998; 170; 315; 
567; 0; 2283.9601; 170; 315.2; 
567; 0; 2281.1955; 170; 315.4; 
567; 0; 2279.3522; 170; 315.6; 
567; 0; 2276.5833; 170; 315.8; 
567; 0; 2272.8889; 170; 316; 
567; 0; 2270.1162; 170; 316.2; 
567; 0; 2267.3422; 170; 316.4; 
567; 0; 2263.6443; 170; 316.6; 
567; 0; 2260.8698; 170; 316.8; 
567; 0; 2258.0958; 170; 317; 
567; 0; 2256.2461; 170; 317.2; 
567; 0; 2254.3973; 170; 317.4; 
567; 0; 2251.6263; 170; 317.6; 
567; 0; 2249.7796; 170; 317.8; 
567; 0; 2247.9336; 170; 318; 
567; 0; 2246.088; 170; 318.2; 
567; 0; 2245.1659; 170; 318.4; 
567; 0; 2243.3204; 170; 318.6; 
567; 0; 2241.4747; 170; 318.8; 
567; 0; 2239.6286; 170; 319; 
567; 0; 2237.7822; 170; 319.2; 
567; 0; 2235.8949; 170; 319.4; 
567; 0; 2233.7562; 170; 319.6; 
567; 0; 2231.6172; 170; 319.8; 
567; 0; 2229.4781; 170; 320; 
567; 0; 2228.408; 170; 320.2; 
567; 0; 2226.2688; 170; 320.4; 
567; 0; 2225.1989; 170; 320.6; 
567; 0; 2224.1292; 170; 320.8; 
567; 0; 2221.9907; 170; 321; 
567; 0; 2220.9215; 170; 321.2; 
567; 0; 2219.8524; 170; 321.4; 
567; 0; 2218.7834; 170; 321.6; 
567; 0; 2217.7145; 170; 321.8; 
567; 0; 2216.6456; 170; 322; 
567; 0; 2215.5767; 170; 322.2; 
567; 0; 2214.5078; 170; 322.4; 
567; 0; 2213.4387; 170; 322.6; 
567; 0; 2212.3696; 170; 322.8; 
567; 0; 2211.3003; 170; 323; 
567; 0; 2210.231; 170; 323.2; 
567; 0; 2209.1616; 170; 323.4; 
567; 0; 2209.1614; 170; 323.6; 
567; 0; 2208.0921; 170; 323.8; 
567; 0; 2207.0229; 170; 324; 
567; 0; 2207.0227; 170; 324.2; 
567; 0; 2205.9535; 170; 324.4; 
567; 0; 2205.9533; 170; 324.6; 
567; 0; 2204.8841; 170; 324.8; 
567; 0; 2204.8839; 170; 325; 
567; 0; 2203.8147; 170; 325.2; 
567; 0; 2203.8146; 170; 325.4; 
567; 0; 2202.7453; 170; 325.6; 
567; 0; 2202.7452; 170; 325.8; 
567; 0; 2202.745; 170; 326; 
567; 0; 2201.6758; 170; 326.2; 
567; 0; 2201.6756; 170; 326.4; 
567; 0; 2201.6755; 170; 326.6; 
567; 0; 2200.6063; 170; 326.8; 
567; 0; 2200.6062; 170; 327; 
567; 0; 2200.6061; 170; 327.2; 
567; 0; 2200.6059; 170; 327.4; 
567; 0; 2199.5367; 170; 327.6; 
567; 0; 2199.5365; 170; 327.8; 
567; 0; 2199.5363; 170; 328; 
567; 0; 2199.5361; 170; 328.2; 
567; 0; 2199.5359; 170; 328.4; 
567; 0; 2199.5357; 170; 328.6; 
567; 0; 2198.4664; 170; 328.8; 
567; 0; 2198.4663; 170; 329; 
567; 0; 2198.4661; 170; 329.2; 
567; 0; 2198.466; 170; 329.4; 
567; 0; 2198.4658; 170; 329.6; 
567; 0; 2198.4655; 170; 329.8; 
567; 0; 2198.4653; 170; 330; 
567; 0; 2198.465; 170; 330.2; 
567; 0; 2198.4648; 170; 330.4; 
567; 0; 2198.4645; 170; 330.6; 
567; 0; 2198.4643; 170; 330.8; 
567; 0; 2198.4642; 170; 331; 
567; 0; 2197.3949; 170; 331.2; 
567; 0; 2197.3948; 170; 331.4; 
567; 0; 2197.3947; 170; 331.6; 
567; 0; 2197.3946; 170; 331.8; 
567; 0; 2197.3945; 170; 332; 
567; 0; 2197.3943; 170; 332.2; 
567; 0; 2197.394; 170; 332.4; 
567; 0; 2197.3938; 170; 332.6; 
567; 0; 2197.3936; 170; 332.8; 
567; 0; 2197.3934; 170; 333; 
567; 0; 2197.3933; 170; 333.2; 
567; 0; 2197.3932; 170; 333.4; 
567; 0; 2198.4621; 170; 333.6; 
567; 0; 2198.462; 170; 333.8; 
567; 0; 2198.4617; 170; 334; 
567; 0; 2198.4615; 170; 334.2; 
567; 0; 2198.4612; 170; 334.4; 
567; 0; 2198.4609; 170; 334.6; 
567; 0; 2198.4607; 170; 334.8; 
567; 0; 2198.4605; 170; 335; 
567; 0; 2198.4604; 170; 335.2; 
567; 0; 2198.4602; 170; 335.4; 
567; 0; 2198.4601; 170; 335.6; 
567; 0; 2198.4599; 170; 335.8; 
567; 0; 2198.4597; 170; 336; 
567; 0; 2198.4595; 170; 336.2; 
567; 0; 2198.4593; 170; 336.4; 
567; 0; 2198.4591; 170; 336.6; 
567; 0; 2198.4589; 170; 336.8; 
567; 0; 2198.4587; 170; 337; 
567; 0; 2198.4585; 170; 337.2; 
567; 0; 2198.4583; 170; 337.4; 
567; 0; 2198.4581; 170; 337.6; 
567; 0; 2198.4579; 170; 337.8; 
567; 0; 2198.4578; 170; 338; 
567; 0; 2198.4576; 170; 338.2; 
567; 0; 2198.4574; 170; 338.4; 
567; 0; 2198.4572; 170; 338.6; 
567; 0; 2199.5261; 170; 338.8; 
567; 0; 2199.526; 170; 339; 
567; 0; 2199.5259; 170; 339.2; 
567; 0; 2199.5258; 170; 339.4; 
567; 0; 2199.5256; 170; 339.6; 
567; 0; 2199.5255; 170; 339.8; 
567; 0; 2199.5253; 170; 340; 
567; 0; 2199.5251; 170; 340.2; 
567; 0; 2199.5249; 170; 340.4; 
567; 0; 2199.5247; 170; 340.6; 
567; 0; 2199.5245; 170; 340.8; 
567; 0; 2199.5242; 170; 341; 
567; 0; 2199.524; 170; 341.2; 
567; 0; 2199.5237; 170; 341.4; 
567; 0; 2199.5236; 170; 341.6; 
567; 0; 2199.5234; 170; 341.8; 
567; 0; 2199.5232; 170; 342; 
567; 0; 2199.523; 170; 342.2; 
567; 0; 2200.5919; 170; 342.4; 
567; 0; 2200.5917; 170; 342.6; 
567; 0; 2200.5915; 170; 342.8; 
567; 0; 2200.5914; 170; 343; 
567; 0; 2200.5912; 170; 343.2; 
567; 0; 2201.6601; 170; 343.4; 
567; 0; 2201.6599; 170; 343.6; 
567; 0; 2202.7286; 170; 343.8; 
567; 0; 2202.7277; 170; 344; 
567; 0; 2203.7947; 170; 344.2; 
567; 0; 2203.7912; 170; 344.4; 
567; 0; 2204.8547; 170; 344.6; 
567; 0; 2204.8465; 170; 344.8; 
567; 0; 2204.835; 170; 345; 
567; 0; 2204.8205; 170; 345.2; 
567; 0; 2205.8733; 170; 345.4; 
567; 0; 2207.9948; 170; 345.6; 
567; 0; 2211.187; 170; 345.8; 
567; 0; 2215.4513; 170; 346; 
567; 0; 2220.7891; 170; 346.2; 
567; 0; 2227.201; 170; 346.4; 
567; 0; 2233.6184; 170; 346.6; 
567; 0; 2239.5437; 170; 346.8; 
567; 0; 2245.0913; 170; 347; 
567; 0; 2248.7941; 170; 347.2; 
567; 0; 2252.4976; 170; 347.4; 
567; 0; 2255.2772; 170; 347.6; 
567; 0; 2257.1321; 170; 347.8; 
567; 0; 2258.9847; 170; 348; 
567; 0; 2259.9114; 170; 348.2; 
567; 0; 2259.912; 170; 348.4; 
567; 0; 2260.8334; 170; 348.6; 
567; 0; 2260.8295; 170; 348.8; 
567; 0; 2260.8244; 170; 349; 
567; 0; 2261.742; 170; 349.2; 
567; 0; 2262.6597; 170; 349.4; 
567; 0; 2263.5781; 170; 349.6; 
567; 0; 2265.421; 170; 349.8; 
567; 0; 2267.2652; 170; 350; 
567; 0; 2269.111; 170; 350.2; 
567; 0; 2270.9581; 170; 350.4; 
567; 0; 2272.8065; 170; 350.6; 
567; 0; 2274.6557; 170; 350.8; 
567; 0; 2275.582; 170; 351; 
567; 0; 2276.5084; 170; 351.2; 
567; 0; 2277.4345; 170; 351.4; 
567; 0; 2278.3601; 170; 351.6; 
567; 0; 2278.3623; 170; 351.8; 
567; 0; 2279.2878; 170; 352; 
567; 0; 2279.2903; 170; 352.2; 
567; 0; 2279.293; 170; 352.4; 
567; 0; 2279.2962; 170; 352.6; 
567; 0; 2278.3762; 170; 352.8; 
567; 0; 2278.3795; 170; 353; 
567; 0; 2277.4592; 170; 353.2; 
567; 0; 2275.6151; 170; 353.4; 
567; 0; 2274.6935; 170; 353.6; 
567; 0; 2272.8478; 170; 353.8; 
567; 0; 2271.0013; 170; 354; 
567; 0; 2269.1539; 170; 354.2; 
567; 0; 2266.3827; 170; 354.4; 
567; 0; 2264.5344; 170; 354.6; 
567; 0; 2262.6859; 170; 354.8; 
567; 0; 2260.8375; 170; 355; 
567; 0; 2258.9894; 170; 355.2; 
567; 0; 2258.065; 170; 355.4; 
567; 0; 2256.2178; 170; 355.6; 
567; 0; 2254.3712; 170; 355.8; 
567; 0; 2253.4482; 170; 356; 
567; 0; 2251.6023; 170; 356.2; 
567; 0; 2250.6798; 170; 356.4; 
567; 0; 2248.8341; 170; 356.6; 
567; 0; 2246.9884; 170; 356.8; 
567; 0; 2246.0658; 170; 357; 
567; 0; 2244.2197; 170; 357.2; 
567; 0; 2242.3733; 170; 357.4; 
567; 0; 2241.45; 170; 357.6; 
567; 0; 2239.6032; 170; 357.8; 
567; 0; 2238.6796; 170; 358; 
567; 0; 2236.8327; 170; 358.2; 
567; 0; 2235.8544; 170; 358.4; 
567; 0; 2233.7159; 170; 358.6; 
567; 0; 2232.6466; 170; 358.8; 
567; 0; 2231.5774; 170; 359; 
567; 0; 2230.5084; 170; 359.2; 
567; 0; 2228.3705; 170; 359.4; 
567; 0; 2227.3017; 170; 359.6; 
567; 0; 2226.233; 170; 359.8; 
567; 0; 2225.1643; 170; 360; 
567; 0; 2224.0955; 170; 360.2; 
567; 0; 2223.0267; 170; 360.4; 
567; 0; 2221.9578; 170; 360.6; 
567; 0; 2220.8889; 170; 360.8; 
567; 0; 2219.8199; 170; 361; 
567; 0; 2218.7508; 170; 361.2; 
567; 0; 2217.6817; 170; 361.4; 
567; 0; 2217.6816; 170; 361.6; 
567; 0; 2216.6124; 170; 361.8; 
567; 0; 2215.5433; 170; 362; 
567; 0; 2214.4742; 170; 362.2; 
567; 0; 2213.4051; 170; 362.4; 
567; 0; 2213.405; 170; 362.6; 
567; 0; 2212.336; 170; 362.8; 
567; 0; 2212.3359; 170; 363; 
567; 0; 2211.2669; 170; 363.2; 
567; 0; 2210.1979; 170; 363.4; 
567; 0; 2210.1979; 170; 363.6; 
567; 0; 2209.1289; 170; 363.8; 
567; 0; 2209.1289; 170; 364; 
567; 0; 2208.0599; 170; 364.2; 
567; 0; 2208.0598; 170; 364.4; 
567; 0; 2206.9906; 170; 364.6; 
567; 0; 2206.9904; 170; 364.8; 
567; 0; 2205.9213; 170; 365; 
567; 0; 2205.9212; 170; 365.2; 
567; 0; 2205.9211; 170; 365.4; 
567; 0; 2204.8521; 170; 365.6; 
567; 0; 2204.8521; 170; 365.8; 
567; 0; 2204.8521; 170; 366; 
567; 0; 2203.783; 170; 366.2; 
567; 0; 2203.783; 170; 366.4; 
567; 0; 2203.7829; 170; 366.6; 
567; 0; 2202.7138; 170; 366.8; 
567; 0; 2202.7137; 170; 367; 
567; 0; 2202.7136; 170; 367.2; 
567; 0; 2202.7134; 170; 367.4; 
567; 0; 2201.6441; 170; 367.6; 
567; 0; 2201.6439; 170; 367.8; 
567; 0; 2201.6436; 170; 368; 
567; 0; 2201.6435; 170; 368.2; 
567; 0; 2200.5744; 170; 368.4; 
567; 0; 2200.5743; 170; 368.6; 
567; 0; 2200.5742; 170; 368.8; 
567; 0; 2200.5741; 170; 369; 
567; 0; 2200.5739; 170; 369.2; 
567; 0; 2200.5738; 170; 369.4; 
567; 0; 2200.5737; 170; 369.6; 
567; 0; 2199.5046; 170; 369.8; 
567; 0; 2199.5045; 170; 370; 
567; 0; 2199.5044; 170; 370.2; 
567; 0; 2199.5042; 170; 370.4; 
567; 0; 2199.504; 170; 370.6; 
567; 0; 2199.5038; 170; 370.8; 
567; 0; 2199.5037; 170; 371; 
567; 0; 2199.5035; 170; 371.2; 
567; 0; 2199.5034; 170; 371.4; 
567; 0; 2199.5033; 170; 371.6; 
567; 0; 2199.5032; 170; 371.8; 
567; 0; 2199.503; 170; 372; 
567; 0; 2199.5029; 170; 372.2; 
567; 0; 2199.5028; 170; 372.4; 
567; 0; 2198.4337; 170; 372.6; 
567; 0; 2198.4336; 170; 372.8; 
567; 0; 2198.4335; 170; 373; 
567; 0; 2198.4333; 170; 373.2; 
567; 0; 2198.433; 170; 373.4; 
567; 0; 2198.4328; 170; 373.6; 
567; 0; 2198.4325; 170; 373.8; 
567; 0; 2198.4323; 170; 374; 
567; 0; 2198.4322; 170; 374.2; 
567; 0; 2198.4321; 170; 374.4; 
567; 0; 2198.432; 170; 374.6; 
567; 0; 2198.432; 170; 374.8; 
567; 0; 2198.4319; 170; 375; 
567; 0; 2198.4317; 170; 375.2; 
567; 0; 2198.4315; 170; 375.4; 
567; 0; 2198.4314; 170; 375.6; 
567; 0; 2198.4313; 170; 375.8; 
567; 0; 2198.4312; 170; 376; 
567; 0; 2198.431; 170; 376.2; 
567; 0; 2198.4308; 170; 376.4; 
567; 0; 2198.4306; 170; 376.6; 
567; 0; 2198.4304; 170; 376.8; 
567; 0; 2198.4303; 170; 377; 
567; 0; 2199.4992; 170; 377.2; 
567; 0; 2199.4991; 170; 377.4; 
567; 0; 2199.499; 170; 377.6; 
567; 0; 2199.4989; 170; 377.8; 
567; 0; 2199.4987; 170; 378; 
567; 0; 2199.4985; 170; 378.2; 
567; 0; 2199.4983; 170; 378.4; 
567; 0; 2199.4981; 170; 378.6; 
567; 0; 2199.498; 170; 378.8; 
567; 0; 2200.5669; 170; 379; 
567; 0; 2200.5668; 170; 379.2; 
567; 0; 2200.5668; 170; 379.4; 
567; 0; 2200.5667; 170; 379.6; 
567; 0; 2200.5665; 170; 379.8; 
567; 0; 2200.5664; 170; 380; 
567; 0; 2200.5661; 170; 380.2; 
567; 0; 2201.6348; 170; 380.4; 
567; 0; 2201.6345; 170; 380.6; 
567; 0; 2201.6343; 170; 380.8; 
567; 0; 2201.6341; 170; 381; 
567; 0; 2201.6339; 170; 381.2; 
567; 0; 2201.6338; 170; 381.4; 
567; 0; 2201.6338; 170; 381.6; 
567; 0; 2202.7027; 170; 381.8; 
567; 0; 2202.7026; 170; 382; 
567; 0; 2202.7025; 170; 382.2; 
567; 0; 2202.7023; 170; 382.4; 
567; 0; 2202.7022; 170; 382.6; 
567; 0; 2202.702; 170; 382.8; 
567; 0; 2202.7019; 170; 383; 
567; 0; 2202.7018; 170; 383.2; 
567; 0; 2202.7017; 170; 383.4; 
567; 0; 2202.7015; 170; 383.6; 
567; 0; 2202.7014; 170; 383.8; 
567; 0; 2202.7013; 170; 384; 
567; 0; 2202.7012; 170; 384.2; 
567; 0; 2202.701; 170; 384.4; 
567; 0; 2202.7008; 170; 384.6; 
567; 0; 2202.7006; 170; 384.8; 
567; 0; 2202.7004; 170; 385; 
567; 0; 2202.7003; 170; 385.2; 
567; 0; 2202.7001; 170; 385.4; 
567; 0; 2203.769; 170; 385.6; 
567; 0; 2203.7689; 170; 385.8; 
567; 0; 2203.7688; 170; 386; 
567; 0; 2203.7688; 170; 386.2; 
567; 0; 2203.7686; 170; 386.4; 
567; 0; 2203.7685; 170; 386.6; 
567; 0; 2203.7683; 170; 386.8; 
567; 0; 2203.7681; 170; 387; 
567; 0; 2203.768; 170; 387.2; 
567; 0; 2203.7679; 170; 387.4; 
567; 0; 2203.7677; 170; 387.6; 
567; 0; 2203.7677; 170; 387.8; 
567; 0; 2203.7676; 170; 388; 
567; 0; 2203.7675; 170; 388.2; 
567; 0; 2203.7673; 170; 388.4; 
567; 0; 2203.7672; 170; 388.6; 
567; 0; 2203.7671; 170; 388.8; 
567; 0; 2203.767; 170; 389; 
567; 0; 2203.7668; 170; 389.2; 
567; 0; 2203.7667; 170; 389.4; 
567; 0; 2203.7665; 170; 389.6; 
567; 0; 2203.7663; 170; 389.8; 
567; 0; 2202.6971; 170; 390; 
567; 0; 2202.6969; 170; 390.2; 
567; 0; 2202.6968; 170; 390.4; 
567; 0; 2202.6967; 170; 390.6; 
567; 0; 2202.6965; 170; 390.8; 
567; 0; 2202.6963; 170; 391; 
567; 0; 2202.6962; 170; 391.2; 
567; 0; 2202.6961; 170; 391.4; 
567; 0; 2202.696; 170; 391.6; 
567; 0; 2202.6959; 170; 391.8; 
567; 0; 2203.7649; 170; 392; 
567; 0; 2203.7648; 170; 392.2; 
567; 0; 2203.7648; 170; 392.4; 
567; 0; 2203.7647; 170; 392.6; 
567; 0; 2203.7645; 170; 392.8; 
567; 0; 2203.7643; 170; 393; 
567; 0; 2203.7642; 170; 393.2; 
567; 0; 2203.7641; 170; 393.4; 
567; 0; 2203.764; 170; 393.6; 
567; 0; 2203.7639; 170; 393.8; 
567; 0; 2203.7637; 170; 394; 
567; 0; 2203.7635; 170; 394.2; 
567; 0; 2203.7634; 170; 394.4; 
567; 0; 2203.7632; 170; 394.6; 
567; 0; 2202.6941; 170; 394.8; 
567; 0; 2202.694; 170; 395; 
567; 0; 2202.6939; 170; 395.2; 
567; 0; 2202.6938; 170; 395.4; 
567; 0; 2202.6938; 170; 395.6; 
567; 0; 2202.6937; 170; 395.8; 
567; 0; 2202.6935; 170; 396; 
567; 0; 2202.6934; 170; 396.2; 
567; 0; 2202.6932; 170; 396.4; 
567; 0; 2202.693; 170; 396.6; 
567; 0; 2202.6929; 170; 396.8; 
567; 0; 2202.6927; 170; 397; 
567; 0; 2202.6926; 170; 397.2; 
567; 0; 2202.6925; 170; 397.4; 
567; 0; 2202.6923; 170; 397.6; 
567; 0; 2202.6922; 170; 397.8; 
567; 0; 2203.761; 170; 398; 
567; 0; 2203.7609; 170; 398.2; 
567; 0; 2203.7609; 170; 398.4; 
567; 0; 2203.7607; 170; 398.6; 
567; 0; 2203.7606; 170; 398.8; 
567; 0; 2203.7604; 170; 399; 
567; 0; 2203.7604; 170; 399.2; 
567; 0; 2203.7604; 170; 399.4; 
567; 0; 2203.7604; 170; 399.6; 
567; 0; 2203.7604; 170; 399.8; 
567; 0; 2203.7603; 170; 400; 
567; 0; 2203.7601; 170; 400.2; 
567; 0; 2202.6909; 170; 400.4; 
567; 0; 2202.6907; 170; 400.6; 
567; 0; 2202.6905; 170; 400.8; 
567; 0; 2202.6903; 170; 401; 
567; 0; 2202.6902; 170; 401.2; 
567; 0; 2202.69; 170; 401.4; 
567; 0; 2202.6899; 170; 401.6; 
567; 0; 2202.6897; 170; 401.8; 
567; 0; 2202.6895; 170; 402; 
567; 0; 2202.6894; 170; 402.2; 
567; 0; 2202.6893; 170; 402.4; 
567; 0; 2202.6892; 170; 402.6; 
567; 0; 2202.6891; 170; 402.8; 
567; 0; 2202.689; 170; 403; 
567; 0; 2202.689; 170; 403.2; 
567; 0; 2202.6889; 170; 403.4; 
567; 0; 2202.6888; 170; 403.6; 
567; 0; 2202.6888; 170; 403.8; 
567; 0; 2202.6888; 170; 404; 
567; 0; 2202.6887; 170; 404.2; 
567; 0; 2202.6887; 170; 404.4; 
567; 0; 2202.6886; 170; 404.6; 
567; 0; 2202.6884; 170; 404.8; 
567; 0; 2202.6882; 170; 405; 
567; 0; 2202.6879; 170; 405.2; 
567; 0; 2202.6877; 170; 405.4; 
567; 0; 2202.6875; 170; 405.6; 
567; 0; 2202.6873; 170; 405.8; 
567; 0; 2202.6871; 170; 406; 
567; 0; 2203.756; 170; 406.2; 
567; 0; 2203.7559; 170; 406.4; 
567; 0; 2203.7559; 170; 406.6; 
567; 0; 2203.7559; 170; 406.8; 
567; 0; 2203.7558; 170; 407; 
567; 0; 2203.7557; 170; 407.2; 
567; 0; 2203.7556; 170; 407.4; 
567; 0; 2203.7555; 170; 407.6; 
567; 0; 2202.6863; 170; 407.8; 
567; 0; 2202.6862; 170; 408; 
567; 0; 2202.686; 170; 408.2; 
567; 0; 2202.6858; 170; 408.4; 
567; 0; 2202.6857; 170; 408.6; 
567; 0; 2202.6855; 170; 408.8; 
567; 0; 2202.6855; 170; 409; 
567; 0; 2202.6854; 170; 409.2; 
567; 0; 2202.6853; 170; 409.4; 
567; 0; 2202.6852; 170; 409.6; 
567; 0; 2202.6852; 170; 409.8; 
567; 0; 2202.6851; 170; 410; 
567; 0; 2202.685; 170; 410.2; 
567; 0; 2202.6848; 170; 410.4; 
567; 0; 2202.6847; 170; 410.6; 
567; 0; 2202.6846; 170; 410.8; 
567; 0; 2202.6845; 170; 411; 
567; 0; 2191.995; 170; 411.2; 
567; 0; 1980.9602; 170; 411.4; 
567; 0; 1745.6707; 170; 411.6; 
567; 0; 1722.2232; 170; 411.8; 
567; 0; 1722.2231; 170; 412; 
567; 0; 1722.2231; 170; 412.2; 
567; 0; 1722.223; 170; 412.4; 
567; 0; 1722.2228; 170; 412.6; 
567; 0; 1722.2227; 170; 412.8; 
567; 0; 1722.2226; 170; 413; 
567; 0; 1722.2225; 170; 413.2; 
567; 0; 1722.2223; 170; 413.4; 
567; 0; 1722.2221; 170; 413.6; 
567; 0; 1722.2218; 170; 413.8; 
567; 0; 1722.2215; 170; 414; 
567; 0; 1722.2212; 170; 414.2; 
567; 0; 1722.2209; 170; 414.4; 
567; 0; 1722.2206; 170; 414.6; 
567; 0; 1722.2203; 170; 414.8; 
567; 0; 1722.22; 170; 415; 
567; 0; 1722.2196; 170; 415.2; 
567; 0; 1722.2192; 170; 415.4; 
567; 0; 1722.2188; 170; 415.6; 
567; 0; 1722.2183; 170; 415.8; 
567; 0; 1722.2179; 170; 416; 
567; 0; 1708.6427; 170; 416.2; 
567; 0; 1708.6422; 170; 416.4; 
567; 0; 1708.6416; 170; 416.6; 
567; 0; 1708.6411; 170; 416.8; 
567; 0; 1708.6405; 170; 417; 
567; 0; 1708.64; 170; 417.2; 
567; 0; 1708.6394; 170; 417.4; 
567; 0; 1708.6389; 170; 417.6; 
567; 0; 1708.6384; 170; 417.8; 
567; 0; 1708.638; 170; 418; 
567; 0; 1708.6375; 170; 418.2; 
567; 0; 1708.637; 170; 418.4; 
567; 0; 1708.6365; 170; 418.6; 
567; 0; 1708.636; 170; 418.8; 
567; 0; 1708.6355; 170; 419; 
567; 0; 1708.6349; 170; 419.2; 
567; 0; 1708.6344; 170; 419.4; 
567; 0; 1708.6339; 170; 419.6; 
567; 0; 1708.6334; 170; 419.8; 
567; 0; 1708.6328; 170; 420; 
567; 0; 1708.6323; 170; 420.2; 
567; 0; 1695.0451; 170; 420.4; 
567; 0; 1695.0445; 170; 420.6; 
567; 0; 1695.044; 170; 420.8; 
567; 0; 1695.0435; 170; 421; 
567; 0; 1695.043; 170; 421.2; 
567; 0; 1695.0426; 170; 421.4; 
567; 0; 1695.0421; 170; 421.6; 
567; 0; 1695.0417; 170; 421.8; 
567; 0; 1695.0412; 170; 422; 
567; 0; 1695.0407; 170; 422.2; 
567; 0; 1695.0402; 170; 422.4; 
567; 0; 1695.0397; 170; 422.6; 
567; 0; 1695.0392; 170; 422.8; 
567; 0; 1695.0387; 170; 423; 
567; 0; 1695.0382; 170; 423.2; 
567; 0; 1695.0376; 170; 423.4; 
567; 0; 1695.0371; 170; 423.6; 
567; 0; 1695.0367; 170; 423.8; 
567; 0; 1695.0362; 170; 424; 
567; 0; 1695.0357; 170; 424.2; 
567; 0; 1695.0353; 170; 424.4; 
567; 0; 1695.0348; 170; 424.6; 
567; 0; 1695.0343; 170; 424.8; 
567; 0; 1681.4302; 170; 425; 
567; 0; 1681.4296; 170; 425.2; 
567; 0; 1681.4291; 170; 425.4; 
567; 0; 1681.4286; 170; 425.6; 
567; 0; 1681.4282; 170; 425.8; 
567; 0; 1681.4277; 170; 426; 
567; 0; 1681.4273; 170; 426.2; 
567; 0; 1681.4268; 170; 426.4; 
567; 0; 1681.4264; 170; 426.6; 
567; 0; 1681.426; 170; 426.8; 
567; 0; 1681.4255; 170; 427; 
567; 0; 1681.425; 170; 427.2; 
567; 0; 1681.4245; 170; 427.4; 
567; 0; 1681.424; 170; 427.6; 
567; 0; 1681.4235; 170; 427.8; 
567; 0; 1681.423; 170; 428; 
567; 0; 1681.4226; 170; 428.2; 
567; 0; 1681.4221; 170; 428.4; 
567; 0; 1681.4217; 170; 428.6; 
567; 0; 1681.4213; 170; 428.8; 
567; 0; 1681.4208; 170; 429; 
567; 0; 1681.4204; 170; 429.2; 
567; 0; 1681.4199; 170; 429.4; 
567; 0; 1681.4195; 170; 429.6; 
567; 0; 1681.4191; 170; 429.8; 
567; 0; 1666.1505; 170; 430; 
567; 0; 1666.1501; 170; 430.2; 
567; 0; 1666.1497; 170; 430.4; 
567; 0; 1666.1492; 170; 430.6; 
567; 0; 1666.1488; 170; 430.8; 
567; 0; 1666.1484; 170; 431; 
567; 0; 1666.148; 170; 431.2; 
567; 0; 1666.1475; 170; 431.4; 
567; 0; 1666.1471; 170; 431.6; 
567; 0; 1666.1467; 170; 431.8; 
567; 0; 1666.1463; 170; 432; 
567; 0; 1666.1459; 170; 432.2; 
567; 0; 1666.1454; 170; 432.4; 
567; 0; 1666.145; 170; 432.6; 
567; 0; 1666.1446; 170; 432.8; 
567; 0; 1666.1442; 170; 433; 
567; 0; 1666.1437; 170; 433.2; 
567; 0; 1666.1433; 170; 433.4; 
567; 0; 1666.1429; 170; 433.6; 
567; 0; 1666.1425; 170; 433.8; 
567; 0; 1666.1421; 170; 434; 
567; 0; 1666.1417; 170; 434.2; 
567; 0; 1666.1413; 170; 434.4; 
567; 0; 1666.1409; 170; 434.6; 
567; 0; 1666.1405; 170; 434.8; 
567; 0; 1666.1401; 170; 435; 
567; 0; 1666.1396; 170; 435.2; 
567; 0; 1666.1392; 170; 435.4; 
567; 0; 1650.902; 170; 435.6; 
567; 0; 1650.9016; 170; 435.8; 
567; 0; 1650.9012; 170; 436; 
567; 0; 1650.9008; 170; 436.2; 
567; 0; 1650.9005; 170; 436.4; 
567; 0; 1652.0544; 170; 436.6; 
567; 0; 1663.5974; 170; 436.8; 
567; 0; 1676.2946; 170; 437; 
567; 0; 1687.8375; 170; 437.2; 
567; 0; 1700.5346; 170; 437.4; 
567; 0; 1712.0774; 170; 437.6; 
567; 0; 1723.6201; 170; 437.8; 
567; 0; 1735.489; 170; 438; 
567; 0; 1748.5531; 170; 438.2; 
567; 0; 1760.3107; 170; 438.4; 
567; 0; 1772.0684; 170; 438.6; 
567; 0; 1783.826; 170; 438.8; 
567; 0; 1794.2772; 170; 439; 
567; 0; 1804.7283; 170; 439.2; 
567; 0; 1815.1793; 170; 439.4; 
567; 0; 1824.3239; 170; 439.6; 
567; 0; 1833.4685; 170; 439.8; 
567; 0; 1841.3066; 170; 440; 
567; 0; 1849.1448; 170; 440.2; 
567; 0; 1856.9829; 170; 440.4; 
567; 0; 1864.8211; 170; 440.6; 
567; 0; 1871.3526; 170; 440.8; 
567; 0; 1877.8834; 170; 441; 
567; 0; 1884.4132; 170; 441.2; 
567; 0; 1890.9412; 170; 441.4; 
567; 0; 1895.2275; 170; 441.6; 
567; 0; 1898.37; 170; 441.8; 
567; 0; 1902.5594; 170; 442; 
567; 0; 1905.6965; 170; 442.2; 
567; 0; 1909.8809; 170; 442.4; 
567; 0; 1914.0641; 170; 442.6; 
567; 0; 1919.2972; 170; 442.8; 
567; 0; 1926.6307; 170; 443; 
567; 0; 1933.9674; 170; 443.2; 
567; 0; 1943.4069; 170; 443.4; 
567; 0; 1952.8512; 170; 443.6; 
567; 0; 1949.26; 170; 443.8; 
567; 0; 1958.808; 170; 444; 
567; 0; 1967.2999; 170; 444.2; 
567; 0; 1974.7345; 170; 444.4; 
567; 0; 1980.0504; 170; 444.6; 
567; 0; 1985.3656; 170; 444.8; 
567; 0; 1988.559; 170; 445; 
567; 0; 1990.6894; 170; 445.2; 
567; 0; 1992.816; 170; 445.4; 
567; 0; 1993.8786; 170; 445.6; 
567; 0; 1993.8774; 170; 445.8; 
567; 0; 1994.9329; 170; 446; 
567; 0; 1994.9259; 170; 446.2; 
567; 0; 1995.9776; 170; 446.4; 
567; 0; 1997.0288; 170; 446.6; 
567; 0; 1999.1405; 170; 446.8; 
567; 0; 2001.2535; 170; 447; 
567; 0; 2003.3682; 170; 447.2; 
567; 0; 2006.545; 170; 447.4; 
567; 0; 2008.6642; 170; 447.6; 
567; 0; 2011.8453; 170; 447.8; 
567; 0; 2013.9683; 170; 448; 
567; 0; 2016.0923; 170; 448.2; 
567; 0; 2018.3608; 170; 448.4; 
567; 0; 2019.5085; 170; 448.6; 
567; 0; 2020.6556; 170; 448.8; 
567; 0; 2021.8019; 170; 449; 
567; 0; 2021.8046; 170; 449.2; 
567; 0; 2022.9483; 170; 449.4; 
567; 0; 2022.9483; 170; 449.6; 
567; 0; 2022.9472; 170; 449.8; 
567; 0; 2022.9452; 170; 450; 
567; 0; 2022.9426; 170; 450.2; 
567; 0; 2022.9398; 170; 450.4; 
567; 0; 2022.9371; 170; 450.6; 
567; 0; 2024.0776; 170; 450.8; 
567; 0; 2024.0775; 170; 451; 
567; 0; 2025.2224; 170; 451.2; 
567; 0; 2026.3706; 170; 451.4; 
567; 0; 2027.5221; 170; 451.6; 
567; 0; 2027.534; 170; 451.8; 
567; 0; 2027.5476; 170; 452; 
567; 0; 2026.419; 170; 452.2; 
567; 0; 2024.1449; 170; 452.4; 
567; 0; 2020.7256; 170; 452.6; 
567; 0; 2017.3034; 170; 452.8; 
567; 0; 2014.0578; 170; 453; 
567; 0; 2009.8168; 170; 453.2; 
567; 0; 2005.5732; 170; 453.4; 
567; 0; 2001.3278; 170; 453.6; 
567; 0; 1998.1414; 170; 453.8; 
567; 0; 1994.9547; 170; 454; 
567; 0; 1991.7672; 170; 454.2; 
567; 0; 1989.6412; 170; 454.4; 
567; 0; 1987.5169; 170; 454.6; 
567; 0; 1985.3946; 170; 454.8; 
567; 0; 1984.3341; 170; 455; 
567; 0; 1982.2151; 170; 455.2; 
567; 0; 1981.1572; 170; 455.4; 
567; 0; 1979.0399; 170; 455.6; 
567; 0; 1977.9827; 170; 455.8; 
567; 0; 1976.9253; 170; 456; 
567; 0; 1974.8074; 170; 456.2; 
567; 0; 1973.7488; 170; 456.4; 
567; 0; 1971.6295; 170; 456.6; 
567; 0; 1970.5695; 170; 456.8; 
567; 0; 1968.449; 170; 457; 
567; 0; 1967.388; 170; 457.2; 
567; 0; 1965.2669; 170; 457.4; 
567; 0; 1964.2056; 170; 457.6; 
567; 0; 1963.1445; 170; 457.8; 
567; 0; 1962.0836; 170; 458; 
567; 0; 1961.0231; 170; 458.2; 
567; 0; 1959.9628; 170; 458.4; 
567; 0; 1959.9629; 170; 458.6; 
567; 0; 1958.9031; 170; 458.8; 
567; 0; 1957.8434; 170; 459; 
567; 0; 1957.8438; 170; 459.2; 
567; 0; 1956.7843; 170; 459.4; 
567; 0; 1956.7847; 170; 459.6; 
567; 0; 1955.725; 170; 459.8; 
567; 0; 1955.7253; 170; 460; 
567; 0; 1954.6655; 170; 460.2; 
567; 0; 1954.6656; 170; 460.4; 
567; 0; 1953.6056; 170; 460.6; 
567; 0; 1953.6056; 170; 460.8; 
567; 0; 1952.5455; 170; 461; 
567; 0; 1952.5455; 170; 461.2; 
567; 0; 1952.5455; 170; 461.4; 
567; 0; 1951.4856; 170; 461.6; 
567; 0; 1951.4857; 170; 461.8; 
567; 0; 1951.4858; 170; 462; 
567; 0; 1950.4258; 170; 462.2; 
567; 0; 1950.4259; 170; 462.4; 
567; 0; 1950.4259; 170; 462.6; 
567; 0; 1950.426; 170; 462.8; 
567; 0; 1949.3661; 170; 463; 
567; 0; 1949.3662; 170; 463.2; 
567; 0; 1949.3663; 170; 463.4; 
567; 0; 1949.3663; 170; 463.6; 
567; 0; 1948.3064; 170; 463.8; 
567; 0; 1948.3064; 170; 464; 
567; 0; 1948.3065; 170; 464.2; 
567; 0; 1948.3065; 170; 464.4; 
567; 0; 1948.3065; 170; 464.6; 
567; 0; 1948.3066; 170; 464.8; 
567; 0; 1948.3067; 170; 465; 
567; 0; 1947.2468; 170; 465.2; 
567; 0; 1947.2469; 170; 465.4; 
567; 0; 1947.2469; 170; 465.6; 
567; 0; 1947.247; 170; 465.8; 
567; 0; 1947.247; 170; 466; 
567; 0; 1947.247; 170; 466.2; 
567; 0; 1947.247; 170; 466.4; 
567; 0; 1947.2471; 170; 466.6; 
567; 0; 1947.2471; 170; 466.8; 
567; 0; 1946.1872; 170; 467; 
567; 0; 1946.1873; 170; 467.2; 
567; 0; 1946.1874; 170; 467.4; 
567; 0; 1946.1874; 170; 467.6; 
567; 0; 1946.1875; 170; 467.8; 
567; 0; 1959.2564; 170; 468; 
567; 0; 1959.2565; 170; 468.2; 
567; 0; 1959.2565; 170; 468.4; 
567; 0; 1959.2566; 170; 468.6; 
567; 0; 1959.2566; 170; 468.8; 
567; 0; 1958.2071; 170; 469; 
567; 0; 1958.2071; 170; 469.2; 
567; 0; 1958.2072; 170; 469.4; 
567; 0; 1957.1576; 170; 469.6; 
567; 0; 1957.1576; 170; 469.8; 
567; 0; 1957.1576; 170; 470; 
567; 0; 1956.1081; 170; 470.2; 
567; 0; 1956.1081; 170; 470.4; 
567; 0; 1955.0586; 170; 470.6; 
567; 0; 1955.0586; 170; 470.8; 
567; 0; 1954.0092; 170; 471; 
567; 0; 1954.0093; 170; 471.2; 
567; 0; 1954.0094; 170; 471.4; 
567; 0; 1952.96; 170; 471.6; 
567; 0; 1952.96; 170; 471.8; 
567; 0; 1951.9106; 170; 472; 
567; 0; 1951.9107; 170; 472.2; 
567; 0; 1951.9108; 170; 472.4; 
567; 0; 1950.8612; 170; 472.6; 
567; 0; 1950.8612; 170; 472.8; 
567; 0; 1949.8116; 170; 473; 
567; 0; 1949.8116; 170; 473.2; 
567; 0; 1949.8116; 170; 473.4; 
567; 0; 1949.8117; 170; 473.6; 
567; 0; 1948.7622; 170; 473.8; 
567; 0; 1948.7623; 170; 474; 
567; 0; 1948.7624; 170; 474.2; 
567; 0; 1948.7625; 170; 474.4; 
567; 0; 1948.7627; 170; 474.6; 
567; 0; 1947.7132; 170; 474.8; 
567; 0; 1947.7132; 170; 475; 
567; 0; 1947.7132; 170; 475.2; 
567; 0; 1947.7131; 170; 475.4; 
567; 0; 1947.7126; 170; 475.6; 
567; 0; 1948.7606; 170; 475.8; 
567; 0; 1948.7575; 170; 476; 
567; 0; 1948.7523; 170; 476.2; 
567; 0; 1947.6948; 170; 476.4; 
567; 0; 1947.6838; 170; 476.6; 
567; 0; 1947.6701; 170; 476.8; 
567; 0; 1948.7044; 170; 477; 
567; 0; 1950.788; 170; 477.2; 
567; 0; 1954.972; 170; 477.4; 
567; 0; 1947.1471; 170; 477.6; 
567; 0; 1953.4993; 170; 477.8; 
567; 0; 1959.8565; 170; 478; 
567; 0; 1968.3384; 170; 478.2; 
567; 0; 1975.7655; 170; 478.4; 
567; 0; 1983.1968; 170; 478.6; 
567; 0; 1988.5113; 170; 478.8; 
567; 0; 1993.8272; 170; 479; 
567; 0; 1998.0831; 170; 479.2; 
567; 0; 2000.2176; 170; 479.4; 
567; 0; 2002.3494; 170; 479.6; 
567; 0; 2003.4175; 170; 479.8; 
567; 0; 2003.4217; 170; 480; 
567; 0; 2003.4218; 170; 480.2; 
567; 0; 2003.4185; 170; 480.4; 
567; 0; 2003.4124; 170; 480.6; 
567; 0; 2003.4046; 170; 480.8; 
567; 0; 2003.3961; 170; 481; 
567; 0; 2004.4478; 170; 481.2; 
567; 0; 2005.5006; 170; 481.4; 
567; 0; 2007.6149; 170; 481.6; 
567; 0; 2009.7312; 170; 481.8; 
567; 0; 2011.8498; 170; 482; 
567; 0; 2015.0303; 170; 482.2; 
567; 0; 2017.2137; 170; 482.4; 
567; 0; 2018.3603; 170; 482.6; 
567; 0; 2020.6501; 170; 482.8; 
567; 0; 2021.7978; 170; 483; 
567; 0; 2022.9452; 170; 483.2; 
567; 0; 2022.9494; 170; 483.4; 
567; 0; 2022.9524; 170; 483.6; 
567; 0; 2022.9541; 170; 483.8; 
567; 0; 2022.9544; 170; 484; 
567; 0; 2022.9536; 170; 484.2; 
567; 0; 2022.9517; 170; 484.4; 
567; 0; 2022.9493; 170; 484.6; 
567; 0; 2022.9464; 170; 484.8; 
567; 0; 2022.9437; 170; 485; 
567; 0; 2022.9412; 170; 485.2; 
567; 0; 2022.9394; 170; 485.4; 
567; 0; 2024.0806; 170; 485.6; 
567; 0; 2024.0802; 170; 485.8; 
567; 0; 2025.2229; 170; 486; 
567; 0; 2025.2237; 170; 486.2; 
567; 0; 2026.3673; 170; 486.4; 
567; 0; 2026.3688; 170; 486.6; 
567; 0; 2026.3703; 170; 486.8; 
567; 0; 2026.3718; 170; 487; 
567; 0; 2027.5154; 170; 487.2; 
567; 0; 2027.5163; 170; 487.4; 
567; 0; 2026.3744; 170; 487.6; 
567; 0; 2026.3747; 170; 487.8; 
567; 0; 2026.3745; 170; 488; 
567; 0; 2026.3741; 170; 488.2; 
567; 0; 2026.3734; 170; 488.4; 
567; 0; 2026.3727; 170; 488.6; 
567; 0; 2026.372; 170; 488.8; 
567; 0; 2026.3714; 170; 489; 
567; 0; 2026.3709; 170; 489.2; 
567; 0; 2026.3706; 170; 489.4; 
567; 0; 2026.3705; 170; 489.6; 
567; 0; 2026.3706; 170; 489.8; 
567; 0; 2027.5132; 170; 490; 
567; 0; 2027.5136; 170; 490.2; 
567; 0; 2027.5141; 170; 490.4; 
567; 0; 2027.5146; 170; 490.6; 
567; 0; 2027.515; 170; 490.8; 
567; 0; 2027.5153; 170; 491; 
567; 0; 2027.5155; 170; 491.2; 
567; 0; 2027.5157; 170; 491.4; 
567; 0; 2027.5157; 170; 491.6; 
567; 0; 2027.5157; 170; 491.8; 
567; 0; 2027.5156; 170; 492; 
567; 0; 2026.3731; 170; 492.2; 
567; 0; 2026.3731; 170; 492.4; 
567; 0; 2026.3731; 170; 492.6; 
567; 0; 2026.373; 170; 492.8; 
567; 0; 2026.373; 170; 493; 
567; 0; 2026.373; 170; 493.2; 
567; 0; 2027.5156; 170; 493.4; 
567; 0; 2027.5167; 170; 493.6; 
567; 0; 2027.5196; 170; 493.8; 
567; 0; 2028.6676; 170; 494; 
567; 0; 2028.6761; 170; 494.2; 
567; 0; 2028.6875; 170; 494.4; 
567; 0; 2027.5584; 170; 494.6; 
567; 0; 2026.4284; 170; 494.8; 
567; 0; 2024.154; 170; 495; 
567; 0; 2020.7352; 170; 495.2; 
567; 0; 2017.3135; 170; 495.4; 
567; 0; 2013.0076; 170; 495.6; 
567; 0; 2008.767; 170; 495.8; 
567; 0; 2004.5239; 170; 496; 
567; 0; 2000.2789; 170; 496.2; 
567; 0; 1997.093; 170; 496.4; 
567; 0; 1992.8469; 170; 496.6; 
567; 0; 1989.6612; 170; 496.8; 
567; 0; 1986.4765; 170; 497; 
567; 0; 1984.3525; 170; 497.2; 
567; 0; 1982.2299; 170; 497.4; 
567; 0; 1980.1089; 170; 497.6; 
567; 0; 1977.9891; 170; 497.8; 
567; 0; 1976.9301; 170; 498; 
567; 0; 1974.8117; 170; 498.2; 
567; 0; 1972.6935; 170; 498.4; 
567; 0; 1971.6351; 170; 498.6; 
567; 0; 1969.5161; 170; 498.8; 
567; 0; 1967.3967; 170; 499; 
567; 0; 1966.337; 170; 499.2; 
567; 0; 1964.2169; 170; 499.4; 
567; 0; 1963.1565; 170; 499.6; 
567; 0; 1962.0959; 170; 499.8; 
567; 0; 1959.9752; 170; 500; 
567; 0; 1958.9144; 170; 500.2; 
567; 0; 1957.8537; 170; 500.4; 
567; 0; 1956.793; 170; 500.6; 
567; 0; 1955.7326; 170; 500.8; 
567; 0; 1954.6723; 170; 501; 
567; 0; 1954.6723; 170; 501.2; 
567; 0; 1953.6124; 170; 501.4; 
567; 0; 1952.5527; 170; 501.6; 
567; 0; 1952.5529; 170; 501.8; 
567; 0; 1951.4932; 170; 502; 
567; 0; 1951.4934; 170; 502.2; 
567; 0; 1950.4335; 170; 502.4; 
567; 0; 1950.4337; 170; 502.6; 
567; 0; 1949.3737; 170; 502.8; 
567; 0; 1949.3736; 170; 503; 
567; 0; 1948.3135; 170; 503.2; 
567; 0; 1948.3134; 170; 503.4; 
567; 0; 1948.3134; 170; 503.6; 
567; 0; 1947.2533; 170; 503.8; 
567; 0; 1947.2533; 170; 504; 
567; 0; 1947.2532; 170; 504.2; 
567; 0; 1947.2533; 170; 504.4; 
567; 0; 1946.1933; 170; 504.6; 
567; 0; 1946.1935; 170; 504.8; 
567; 0; 1959.2623; 170; 505; 
567; 0; 1959.2624; 170; 505.2; 
567; 0; 1959.2625; 170; 505.4; 
567; 0; 1958.213; 170; 505.6; 
567; 0; 1958.213; 170; 505.8; 
567; 0; 1958.213; 170; 506; 
567; 0; 1957.1635; 170; 506.2; 
567; 0; 1957.1636; 170; 506.4; 
567; 0; 1957.1636; 170; 506.6; 
567; 0; 1956.114; 170; 506.8; 
567; 0; 1956.114; 170; 507; 
567; 0; 1955.0644; 170; 507.2; 
567; 0; 1955.0643; 170; 507.4; 
567; 0; 1954.0147; 170; 507.6; 
567; 0; 1954.0146; 170; 507.8; 
567; 0; 1952.9651; 170; 508; 
567; 0; 1952.9652; 170; 508.2; 
567; 0; 1951.9157; 170; 508.4; 
567; 0; 1951.9159; 170; 508.6; 
567; 0; 1951.9161; 170; 508.8; 
567; 0; 1950.8667; 170; 509; 
567; 0; 1950.8668; 170; 509.2; 
567; 0; 1949.8173; 170; 509.4; 
567; 0; 1949.8173; 170; 509.6; 
567; 0; 1949.8173; 170; 509.8; 
567; 0; 1948.7677; 170; 510; 
567; 0; 1948.7677; 170; 510.2; 
567; 0; 1948.7677; 170; 510.4; 
567; 0; 1947.7182; 170; 510.6; 
567; 0; 1947.7182; 170; 510.8; 
567; 0; 1947.7182; 170; 511; 
567; 0; 1947.7182; 170; 511.2; 
567; 0; 1946.6686; 170; 511.4; 
567; 0; 1946.6686; 170; 511.6; 
567; 0; 1946.6686; 170; 511.8; 
567; 0; 1946.6686; 170; 512; 
567; 0; 1946.6687; 170; 512.2; 
567; 0; 1946.6687; 170; 512.4; 
567; 0; 1945.6192; 170; 512.6; 
567; 0; 1945.6192; 170; 512.8; 
567; 0; 1945.6193; 170; 513; 
567; 0; 1945.6194; 170; 513.2; 
567; 0; 1945.6194; 170; 513.4; 
567; 0; 1945.6194; 170; 513.6; 
567; 0; 1945.6195; 170; 513.8; 
567; 0; 1945.6195; 170; 514; 
567; 0; 1945.6196; 170; 514.2; 
567; 0; 1944.57; 170; 514.4; 
567; 0; 1944.5701; 170; 514.6; 
567; 0; 1944.5701; 170; 514.8; 
567; 0; 1944.5701; 170; 515; 
567; 0; 1944.5701; 170; 515.2; 
567; 0; 1944.5701; 170; 515.4; 
567; 0; 1944.57; 170; 515.6; 
567; 0; 1944.57; 170; 515.8; 
567; 0; 1944.57; 170; 516; 
567; 0; 1944.57; 170; 516.2; 
567; 0; 1944.57; 170; 516.4; 
567; 0; 1944.57; 170; 516.6; 
567; 0; 1944.57; 170; 516.8; 
567; 0; 1944.57; 170; 517; 
567; 0; 1944.5701; 170; 517.2; 
567; 0; 1944.5701; 170; 517.4; 
567; 0; 1944.5702; 170; 517.6; 
567; 0; 1944.5702; 170; 517.8; 
567; 0; 1944.5703; 170; 518; 
567; 0; 1943.5208; 170; 518.2; 
567; 0; 1943.5208; 170; 518.4; 
567; 0; 1943.5208; 170; 518.6; 
567; 0; 1943.5208; 170; 518.8; 
567; 0; 1943.5209; 170; 519; 
567; 0; 1943.5209; 170; 519.2; 
567; 0; 1943.5208; 170; 519.4; 
567; 0; 1943.5208; 170; 519.6; 
567; 0; 1943.5207; 170; 519.8; 
567; 0; 1943.5207; 170; 520; 
567; 0; 1943.5207; 170; 520.2; 
567; 0; 1943.5207; 170; 520.4; 
567; 0; 1943.5207; 170; 520.6; 
567; 0; 1943.5207; 170; 520.8; 
567; 0; 1943.5207; 170; 521; 
567; 0; 1943.5207; 170; 521.2; 
567; 0; 1943.5208; 170; 521.4; 
567; 0; 1943.5208; 170; 521.6; 
567; 0; 1943.5209; 170; 521.8; 
567; 0; 1943.5209; 170; 522; 
567; 0; 1943.5209; 170; 522.2; 
567; 0; 1943.521; 170; 522.4; 
567; 0; 1943.521; 170; 522.6; 
567; 0; 1943.5211; 170; 522.8; 
567; 0; 1943.521; 170; 523; 
567; 0; 1943.521; 170; 523.2; 
567; 0; 1943.521; 170; 523.4; 
567; 0; 1943.521; 170; 523.6; 
567; 0; 1943.521; 170; 523.8; 
567; 0; 1943.521; 170; 524; 
567; 0; 1943.5211; 170; 524.2; 
567; 0; 1943.5211; 170; 524.4; 
567; 0; 1943.5211; 170; 524.6; 
567; 0; 1943.5212; 170; 524.8; 
567; 0; 1943.5212; 170; 525; 
567; 0; 1943.5211; 170; 525.2; 
567; 0; 1943.5211; 170; 525.4; 
567; 0; 1943.5211; 170; 525.6; 
567; 0; 1943.521; 170; 525.8; 
567; 0; 1943.5211; 170; 526; 
567; 0; 1943.5211; 170; 526.2; 
567; 0; 1943.5211; 170; 526.4; 
567; 0; 1943.5212; 170; 526.6; 
567; 0; 1943.5212; 170; 526.8; 
567; 0; 1943.5212; 170; 527; 
567; 0; 1943.5212; 170; 527.2; 
567; 0; 1943.5212; 170; 527.4; 
567; 0; 1943.5213; 170; 527.6; 
567; 0; 1943.5213; 170; 527.8; 
567; 0; 1943.5213; 170; 528; 
567; 0; 1943.5213; 170; 528.2; 
567; 0; 1943.5213; 170; 528.4; 
567; 0; 1943.5213; 170; 528.6; 
567; 0; 1942.4717; 170; 528.8; 
567; 0; 1942.4717; 170; 529; 
567; 0; 1942.4717; 170; 529.2; 
567; 0; 1942.4718; 170; 529.4; 
567; 0; 1942.4718; 170; 529.6; 
567; 0; 1942.4718; 170; 529.8; 
567; 0; 1942.4718; 170; 530; 
567; 0; 1942.4718; 170; 530.2; 
567; 0; 1942.4718; 170; 530.4; 
567; 0; 1942.4718; 170; 530.6; 
567; 0; 1942.4718; 170; 530.8; 
567; 0; 1942.4718; 170; 531; 
567; 0; 1942.4718; 170; 531.2; 
567; 0; 1942.4719; 170; 531.4; 
567; 0; 1942.4719; 170; 531.6; 
567; 0; 1942.4719; 170; 531.8; 
567; 0; 1942.4719; 170; 532; 
567; 0; 1942.4719; 170; 532.2; 
567; 0; 1942.4719; 170; 532.4; 
567; 0; 1942.4719; 170; 532.6; 
567; 0; 1942.4719; 170; 532.8; 
567; 0; 1942.4719; 170; 533; 
567; 0; 1942.4719; 170; 533.2; 
567; 0; 1942.472; 170; 533.4; 
567; 0; 1942.472; 170; 533.6; 
567; 0; 1942.472; 170; 533.8; 
567; 0; 1942.472; 170; 534; 
567; 0; 1942.472; 170; 534.2; 
567; 0; 1942.472; 170; 534.4; 
567; 0; 1942.472; 170; 534.6; 
567; 0; 1942.472; 170; 534.8; 
567; 0; 1942.472; 170; 535; 
567; 0; 1942.472; 170; 535.2; 
567; 0; 1942.4721; 170; 535.4; 
567; 0; 1942.4721; 170; 535.6; 
567; 0; 1942.4721; 170; 535.8; 
567; 0; 1942.4721; 170; 536; 
567; 0; 1942.4721; 170; 536.2; 
567; 0; 1942.4721; 170; 536.4; 
567; 0; 1942.4721; 170; 536.6; 
567; 0; 1942.4721; 170; 536.8; 
567; 0; 1942.4721; 170; 537; 
567; 0; 1942.4721; 170; 537.2; 
567; 0; 1942.4721; 170; 537.4; 
567; 0; 1942.4722; 170; 537.6; 
567; 0; 1942.4722; 170; 537.8; 
567; 0; 1942.4722; 170; 538; 
567; 0; 1942.4722; 170; 538.2; 
567; 0; 1942.4722; 170; 538.4; 
567; 0; 1942.4722; 170; 538.6; 
567; 0; 1943.5217; 170; 538.8; 
567; 0; 1943.5216; 170; 539; 
567; 0; 1943.5214; 170; 539.2; 
567; 0; 1943.5207; 170; 539.4; 
567; 0; 1944.5687; 170; 539.6; 
567; 0; 1944.5652; 170; 539.8; 
567; 0; 1944.5597; 170; 540; 
567; 0; 1944.5519; 170; 540.2; 
567; 0; 1944.5419; 170; 540.4; 
567; 0; 1944.5301; 170; 540.6; 
567; 0; 1946.6162; 170; 540.8; 
567; 0; 1947.6526; 170; 541; 
567; 0; 1950.7888; 170; 541.2; 
567; 0; 1954.9764; 170; 541.4; 
567; 0; 1948.2155; 170; 541.6; 
567; 0; 1954.5716; 170; 541.8; 
567; 0; 1960.9325; 170; 542; 
567; 0; 1968.3582; 170; 542.2; 
567; 0; 1975.7889; 170; 542.4; 
567; 0; 1982.1641; 170; 542.6; 
567; 0; 1987.4826; 170; 542.8; 
567; 0; 1990.6827; 170; 543; 
567; 0; 1993.8824; 170; 543.2; 
567; 0; 1994.9588; 170; 543.4; 
567; 0; 1994.9695; 170; 543.6; 
567; 0; 1993.9158; 170; 543.8; 
567; 0; 1992.8575; 170; 544; 
567; 0; 1990.7345; 170; 544.2; 
567; 0; 1988.6077; 170; 544.4; 
567; 0; 1986.4781; 170; 544.6; 
567; 0; 1985.4051; 170; 544.8; 
567; 0; 1984.3312; 170; 545; 
567; 0; 1984.3188; 170; 545.2; 
567; 0; 1985.369; 170; 545.4; 
567; 0; 1987.4828; 170; 545.6; 
567; 0; 1989.6009; 170; 545.8; 
567; 0; 1991.7233; 170; 546; 
567; 0; 1993.8498; 170; 546.2; 
567; 0; 1995.9795; 170; 546.4; 
567; 0; 1997.0511; 170; 546.6; 
567; 0; 1997.0633; 170; 546.8; 
567; 0; 1997.0746; 170; 547; 
567; 0; 1996.0223; 170; 547.2; 
567; 0; 1993.9074; 170; 547.4; 
567; 0; 1991.7898; 170; 547.6; 
567; 0; 1989.6695; 170; 547.8; 
567; 0; 1987.5469; 170; 548; 
567; 0; 1985.4226; 170; 548.2; 
567; 0; 1983.2972; 170; 548.4; 
567; 0; 1981.1706; 170; 548.6; 
567; 0; 1980.1042; 170; 548.8; 
567; 0; 1979.039; 170; 549; 
567; 0; 1977.9755; 170; 549.2; 
567; 0; 1977.974; 170; 549.4; 
567; 0; 1977.9744; 170; 549.6; 
567; 0; 1977.9764; 170; 549.8; 
567; 0; 1976.9197; 170; 550; 
567; 0; 1976.9236; 170; 550.2; 
567; 0; 1975.8677; 170; 550.4; 
567; 0; 1975.8715; 170; 550.6; 
567; 0; 1974.8146; 170; 550.8; 
567; 0; 1973.7565; 170; 551; 
567; 0; 1972.6975; 170; 551.2; 
567; 0; 1970.5777; 170; 551.4; 
567; 0; 1969.5173; 170; 551.6; 
567; 0; 1968.4564; 170; 551.8; 
567; 0; 1967.3951; 170; 552; 
567; 0; 1966.3336; 170; 552.2; 
567; 0; 1965.2721; 170; 552.4; 
567; 0; 1964.211; 170; 552.6; 
567; 0; 1964.2102; 170; 552.8; 
567; 0; 1963.15; 170; 553; 
567; 0; 1962.0901; 170; 553.2; 
567; 0; 1962.0906; 170; 553.4; 
567; 0; 1961.0314; 170; 553.6; 
567; 0; 1961.0324; 170; 553.8; 
567; 0; 1959.9733; 170; 554; 
567; 0; 1959.974; 170; 554.2; 
567; 0; 1958.9146; 170; 554.4; 
567; 0; 1957.855; 170; 554.6; 
567; 0; 1957.8552; 170; 554.8; 
567; 0; 1956.7953; 170; 555; 
567; 0; 1956.7953; 170; 555.2; 
567; 0; 1955.7353; 170; 555.4; 
567; 0; 1955.7352; 170; 555.6; 
567; 0; 1954.6751; 170; 555.8; 
567; 0; 1954.675; 170; 556; 
567; 0; 1953.615; 170; 556.2; 
567; 0; 1953.615; 170; 556.4; 
567; 0; 1952.5551; 170; 556.6; 
567; 0; 1952.5552; 170; 556.8; 
567; 0; 1952.5554; 170; 557; 
567; 0; 1951.4956; 170; 557.2; 
567; 0; 1951.4957; 170; 557.4; 
567; 0; 1951.4959; 170; 557.6; 
567; 0; 1950.436; 170; 557.8; 
567; 0; 1950.4362; 170; 558; 
567; 0; 1950.4363; 170; 558.2; 
567; 0; 1949.3764; 170; 558.4; 
567; 0; 1949.3764; 170; 558.6; 
567; 0; 1949.3765; 170; 558.8; 
567; 0; 1948.3165; 170; 559; 
567; 0; 1948.3165; 170; 559.2; 
567; 0; 1948.3165; 170; 559.4; 
567; 0; 1948.3165; 170; 559.6; 
567; 0; 1947.2566; 170; 559.8; 
567; 0; 1947.2566; 170; 560; 
567; 0; 1947.2566; 170; 560.2; 
567; 0; 1947.2567; 170; 560.4; 
567; 0; 1947.2568; 170; 560.6; 
567; 0; 1946.1969; 170; 560.8; 
567; 0; 1946.197; 170; 561; 
567; 0; 1959.2656; 170; 561.2; 
567; 0; 1959.2656; 170; 561.4; 
567; 0; 1959.2657; 170; 561.6; 
567; 0; 1958.2162; 170; 561.8; 
567; 0; 1958.2163; 170; 562; 
567; 0; 1958.2163; 170; 562.2; 
567; 0; 1957.1667; 170; 562.4; 
567; 0; 1957.1667; 170; 562.6; 
567; 0; 1956.1172; 170; 562.8; 
567; 0; 1956.1172; 170; 563; 
567; 0; 1955.0677; 170; 563.2; 
567; 0; 1955.0677; 170; 563.4; 
567; 0; 1954.0182; 170; 563.6; 
567; 0; 1954.0183; 170; 563.8; 
567; 0; 1952.9688; 170; 564; 
567; 0; 1952.9689; 170; 564.2; 
567; 0; 1951.9194; 170; 564.4; 
567; 0; 1951.9194; 170; 564.6; 
567; 0; 1951.9195; 170; 564.8; 
567; 0; 1950.8699; 170; 565; 
567; 0; 1950.87; 170; 565.2; 
567; 0; 1949.8204; 170; 565.4; 
567; 0; 1949.8204; 170; 565.6; 
567; 0; 1948.7708; 170; 565.8; 
567; 0; 1948.7708; 170; 566; 
567; 0; 1948.7708; 170; 566.2; 
567; 0; 1947.7213; 170; 566.4; 
567; 0; 1947.7214; 170; 566.6; 
567; 0; 1947.7215; 170; 566.8; 
567; 0; 1946.672; 170; 567; 
567; 0; 1946.6721; 170; 567.2; 
567; 0; 1946.6721; 170; 567.4; 
567; 0; 1946.6722; 170; 567.6; 
567; 0; 1945.6226; 170; 567.8; 
567; 0; 1945.6226; 170; 568; 
567; 0; 1945.6226; 170; 568.2; 
567; 0; 1945.6227; 170; 568.4; 
567; 0; 1944.5731; 170; 568.6; 
567; 0; 1944.5731; 170; 568.8; 
567; 0; 1944.5731; 170; 569; 
567; 0; 1944.5731; 170; 569.2; 
567; 0; 1944.5731; 170; 569.4; 
567; 0; 1944.5731; 170; 569.6; 
567; 0; 1943.5236; 170; 569.8; 
567; 0; 1943.5236; 170; 570; 
567; 0; 1943.5236; 170; 570.2; 
567; 0; 1943.5237; 170; 570.4; 
567; 0; 1943.5237; 170; 570.6; 
567; 0; 1943.5237; 170; 570.8; 
567; 0; 1943.5237; 170; 571; 
567; 0; 1943.5238; 170; 571.2; 
567; 0; 1943.5237; 170; 571.4; 
567; 0; 1943.5238; 170; 571.6; 
567; 0; 1942.4742; 170; 571.8; 
567; 0; 1942.4742; 170; 572; 
567; 0; 1942.4741; 170; 572.2; 
567; 0; 1942.4741; 170; 572.4; 
567; 0; 1942.4741; 170; 572.6; 
567; 0; 1942.4741; 170; 572.8; 
567; 0; 1942.4742; 170; 573; 
567; 0; 1942.4742; 170; 573.2; 
567; 0; 1942.4742; 170; 573.4; 
567; 0; 1942.4743; 170; 573.6; 
567; 0; 1942.4744; 170; 573.8; 
567; 0; 1942.4744; 170; 574; 
567; 0; 1942.4744; 170; 574.2; 
567; 0; 1942.4744; 170; 574.4; 
567; 0; 1942.4744; 170; 574.6; 
567; 0; 1942.4744; 170; 574.8; 
567; 0; 1942.4743; 170; 575; 
567; 0; 1942.4743; 170; 575.2; 
567; 0; 1942.4743; 170; 575.4; 
567; 0; 1942.4744; 170; 575.6; 
567; 0; 1942.4744; 170; 575.8; 
567; 0; 1941.4248; 170; 576; 
567; 0; 1941.4249; 170; 576.2; 
567; 0; 1941.425; 170; 576.4; 
567; 0; 1941.425; 170; 576.6; 
567; 0; 1941.4251; 170; 576.8; 
567; 0; 1941.4251; 170; 577; 
567; 0; 1941.4251; 170; 577.2; 
567; 0; 1941.425; 170; 577.4; 
567; 0; 1941.425; 170; 577.6; 
567; 0; 1941.4249; 170; 577.8; 
567; 0; 1941.4249; 170; 578; 
567; 0; 1941.4249; 170; 578.2; 
567; 0; 1941.4249; 170; 578.4; 
567; 0; 1941.4249; 170; 578.6; 
567; 0; 1941.4249; 170; 578.8; 
567; 0; 1941.4249; 170; 579; 
567; 0; 1941.4249; 170; 579.2; 
567; 0; 1941.4249; 170; 579.4; 
567; 0; 1941.4249; 170; 579.6; 
567; 0; 1941.425; 170; 579.8; 
567; 0; 1941.425; 170; 580; 
567; 0; 1941.425; 170; 580.2; 
567; 0; 1941.4251; 170; 580.4; 
567; 0; 1941.4252; 170; 580.6; 
567; 0; 1941.4252; 170; 580.8; 
567; 0; 1941.4252; 170; 581; 
567; 0; 1941.4251; 170; 581.2; 
567; 0; 1941.4251; 170; 581.4; 
567; 0; 1941.4251; 170; 581.6; 
567; 0; 1941.425; 170; 581.8; 
567; 0; 1941.425; 170; 582; 
567; 0; 1941.425; 170; 582.2; 
567; 0; 1941.425; 170; 582.4; 
567; 0; 1941.425; 170; 582.6; 
567; 0; 1941.425; 170; 582.8; 
567; 0; 1941.4251; 170; 583; 
567; 0; 1941.4251; 170; 583.2; 
567; 0; 1941.4251; 170; 583.4; 
567; 0; 1941.4251; 170; 583.6; 
567; 0; 1941.4251; 170; 583.8; 
567; 0; 1941.4251; 170; 584; 
567; 0; 1941.4251; 170; 584.2; 
567; 0; 1941.4251; 170; 584.4; 
567; 0; 1941.4251; 170; 584.6; 
567; 0; 1942.4745; 170; 584.8; 
567; 0; 1942.4739; 170; 585; 
567; 0; 1942.4726; 170; 585.2; 
567; 0; 1942.4701; 170; 585.4; 
567; 0; 1943.5147; 170; 585.6; 
567; 0; 1943.5071; 170; 585.8; 
567; 0; 1942.447; 170; 586; 
567; 0; 1943.4833; 170; 586.2; 
567; 0; 1943.4684; 170; 586.4; 
567; 0; 1945.5521; 170; 586.6; 
567; 0; 1949.736; 170; 586.8; 
567; 0; 1953.9227; 170; 587; 
567; 0; 1947.1511; 170; 587.2; 
567; 0; 1954.5679; 170; 587.4; 
567; 0; 1961.99; 170; 587.6; 
567; 0; 1970.4769; 170; 587.8; 
567; 0; 1976.8484; 170; 588; 
567; 0; 1983.2229; 170; 588.2; 
567; 0; 1988.5389; 170; 588.4; 
567; 0; 1991.735; 170; 588.6; 
567; 0; 1994.9294; 170; 588.8; 
567; 0; 1997.061; 170; 589; 
567; 0; 1997.0689; 170; 589.2; 
567; 0; 1998.1327; 170; 589.4; 
567; 0; 1998.1325; 170; 589.6; 
567; 0; 1997.0691; 170; 589.8; 
567; 0; 1997.0635; 170; 590; 
567; 0; 1998.1171; 170; 590.2; 
567; 0; 1998.1114; 170; 590.4; 
567; 0; 1999.1674; 170; 590.6; 
567; 0; 2001.286; 170; 590.8; 
567; 0; 2002.3479; 170; 591; 
567; 0; 2003.4129; 170; 591.2; 
567; 0; 2004.4805; 170; 591.4; 
567; 0; 2004.4898; 170; 591.6; 
567; 0; 2004.4989; 170; 591.8; 
567; 0; 2003.4463; 170; 592; 
567; 0; 2001.3322; 170; 592.2; 
567; 0; 1999.2161; 170; 592.4; 
567; 0; 1997.0976; 170; 592.6; 
567; 0; 1993.9168; 170; 592.8; 
567; 0; 1990.7339; 170; 593; 
567; 0; 1988.6097; 170; 593.2; 
567; 0; 1985.4246; 170; 593.4; 
567; 0; 1983.2995; 170; 593.6; 
567; 0; 1981.1748; 170; 593.8; 
567; 0; 1980.1102; 170; 594; 
567; 0; 1977.9872; 170; 594.2; 
567; 0; 1976.9259; 170; 594.4; 
567; 0; 1976.9262; 170; 594.6; 
567; 0; 1975.8677; 170; 594.8; 
567; 0; 1974.8102; 170; 595; 
567; 0; 1973.753; 170; 595.2; 
567; 0; 1972.6957; 170; 595.4; 
567; 0; 1971.6377; 170; 595.6; 
567; 0; 1970.5793; 170; 595.8; 
567; 0; 1968.4603; 170; 596; 
567; 0; 1967.4007; 170; 596.2; 
567; 0; 1966.3406; 170; 596.4; 
567; 0; 1965.2801; 170; 596.6; 
567; 0; 1963.1593; 170; 596.8; 
567; 0; 1962.0984; 170; 597; 
567; 0; 1961.0375; 170; 597.2; 
567; 0; 1959.9767; 170; 597.4; 
567; 0; 1958.9162; 170; 597.6; 
567; 0; 1958.9159; 170; 597.8; 
567; 0; 1957.8558; 170; 598; 
567; 0; 1956.796; 170; 598.2; 
567; 0; 1956.7964; 170; 598.4; 
567; 0; 1955.7368; 170; 598.6; 
567; 0; 1955.7373; 170; 598.8; 
567; 0; 1954.6777; 170; 599; 
567; 0; 1953.6181; 170; 599.2; 
567; 0; 1953.6184; 170; 599.4; 
567; 0; 1952.5585; 170; 599.6; 
567; 0; 1952.5585; 170; 599.8; 
567; 0; 1951.4985; 170; 600; 
567; 0; 1951.4984; 170; 600.2; 
567; 0; 1950.4383; 170; 600.4; 
567; 0; 1950.4383; 170; 600.6; 
567; 0; 1949.3782; 170; 600.8; 
567; 0; 1949.3783; 170; 601; 
567; 0; 1949.3784; 170; 601.2; 
567; 0; 1948.3185; 170; 601.4; 
567; 0; 1948.3186; 170; 601.6; 
567; 0; 1948.3187; 170; 601.8; 
567; 0; 1947.2587; 170; 602; 
567; 0; 1947.2589; 170; 602.2; 
567; 0; 1947.2589; 170; 602.4; 
567; 0; 1946.199; 170; 602.6; 
567; 0; 1946.199; 170; 602.8; 
567; 0; 1959.2676; 170; 603; 
567; 0; 1959.2676; 170; 603.2; 
567; 0; 1958.2181; 170; 603.4; 
567; 0; 1958.2181; 170; 603.6; 
567; 0; 1958.218; 170; 603.8; 
567; 0; 1957.1684; 170; 604; 
567; 0; 1957.1685; 170; 604.2; 
567; 0; 1957.1685; 170; 604.4; 
567; 0; 1956.119; 170; 604.6; 
567; 0; 1956.119; 170; 604.8; 
567; 0; 1955.0695; 170; 605; 
567; 0; 1955.0696; 170; 605.2; 
567; 0; 1954.0202; 170; 605.4; 
567; 0; 1952.9707; 170; 605.6; 
567; 0; 1952.9708; 170; 605.8; 
567; 0; 1951.9213; 170; 606; 
567; 0; 1951.9213; 170; 606.2; 
567; 0; 1950.8718; 170; 606.4; 
567; 0; 1950.8718; 170; 606.6; 
567; 0; 1949.8223; 170; 606.8; 
567; 0; 1949.8224; 170; 607; 
567; 0; 1948.7729; 170; 607.2; 
567; 0; 1948.7729; 170; 607.4; 
567; 0; 1948.7729; 170; 607.6; 
567; 0; 1947.7234; 170; 607.8; 
567; 0; 1947.7233; 170; 608; 
567; 0; 1946.6737; 170; 608.2; 
567; 0; 1946.6736; 170; 608.4; 
567; 0; 1946.6736; 170; 608.6; 
567; 0; 1945.624; 170; 608.8; 
567; 0; 1945.6241; 170; 609; 
567; 0; 1945.6242; 170; 609.2; 
567; 0; 1945.6243; 170; 609.4; 
567; 0; 1944.5749; 170; 609.6; 
567; 0; 1944.5749; 170; 609.8; 
567; 0; 1944.575; 170; 610; 
567; 0; 1944.575; 170; 610.2; 
567; 0; 1943.5254; 170; 610.4; 
567; 0; 1943.5254; 170; 610.6; 
567; 0; 1943.5254; 170; 610.8; 
567; 0; 1943.5254; 170; 611; 
567; 0; 1943.5255; 170; 611.2; 
567; 0; 1943.5255; 170; 611.4; 
567; 0; 1943.5256; 170; 611.6; 
567; 0; 1942.4761; 170; 611.8; 
567; 0; 1942.4761; 170; 612; 
567; 0; 1942.4761; 170; 612.2; 
567; 0; 1942.4761; 170; 612.4; 
567; 0; 1942.476; 170; 612.6; 
567; 0; 1942.476; 170; 612.8; 
567; 0; 1942.476; 170; 613; 
567; 0; 1942.476; 170; 613.2; 
567; 0; 1942.4761; 170; 613.4; 
567; 0; 1942.4761; 170; 613.6; 
567; 0; 1941.4265; 170; 613.8; 
567; 0; 1941.4266; 170; 614; 
567; 0; 1941.4266; 170; 614.2; 
567; 0; 1941.4266; 170; 614.4; 
567; 0; 1941.4266; 170; 614.6; 
567; 0; 1941.4266; 170; 614.8; 
567; 0; 1941.4266; 170; 615; 
567; 0; 1941.4265; 170; 615.2; 
567; 0; 1941.4265; 170; 615.4; 
567; 0; 1941.4265; 170; 615.6; 
567; 0; 1941.4266; 170; 615.8; 
567; 0; 1941.4266; 170; 616; 
567; 0; 1941.4267; 170; 616.2; 
567; 0; 1941.4267; 170; 616.4; 
567; 0; 1941.4268; 170; 616.6; 
567; 0; 1941.4268; 170; 616.8; 
567; 0; 1941.4268; 170; 617; 
567; 0; 1941.4269; 170; 617.2; 
567; 0; 1941.4269; 170; 617.4; 
567; 0; 1940.3773; 170; 617.6; 
567; 0; 1940.3772; 170; 617.8; 
567; 0; 1940.3772; 170; 618; 
567; 0; 1940.3771; 170; 618.2; 
567; 0; 1940.3771; 170; 618.4; 
567; 0; 1940.3771; 170; 618.6; 
567; 0; 1940.3771; 170; 618.8; 
567; 0; 1940.3771; 170; 619; 
567; 0; 1940.3771; 170; 619.2; 
567; 0; 1940.3771; 170; 619.4; 
567; 0; 1940.3772; 170; 619.6; 
567; 0; 1940.3772; 170; 619.8; 
567; 0; 1940.3772; 170; 620; 
567; 0; 1940.3773; 170; 620.2; 
567; 0; 1940.3773; 170; 620.4; 
567; 0; 1940.3773; 170; 620.6; 
567; 0; 1940.3773; 170; 620.8; 
567; 0; 1940.3773; 170; 621; 
567; 0; 1940.3772; 170; 621.2; 
567; 0; 1940.3772; 170; 621.4; 
567; 0; 1940.3773; 170; 621.6; 
567; 0; 1940.3773; 170; 621.8; 
567; 0; 1940.3773; 170; 622; 
567; 0; 1940.3773; 170; 622.2; 
567; 0; 1940.3773; 170; 622.4; 
567; 0; 1940.3772; 170; 622.6; 
567; 0; 1940.3772; 170; 622.8; 
567; 0; 1940.3772; 170; 623; 
567; 0; 1940.3773; 170; 623.2; 
567; 0; 1940.3773; 170; 623.4; 
567; 0; 1940.3773; 170; 623.6; 
567; 0; 1940.3774; 170; 623.8; 
567; 0; 1940.3774; 170; 624; 
567; 0; 1940.3774; 170; 624.2; 
567; 0; 1940.3774; 170; 624.4; 
567; 0; 1940.3773; 170; 624.6; 
567; 0; 1940.3773; 170; 624.8; 
567; 0; 1940.3772; 170; 625; 
567; 0; 1940.3772; 170; 625.2; 
567; 0; 1940.3773; 170; 625.4; 
567; 0; 1940.3773; 170; 625.6; 
567; 0; 1940.3774; 170; 625.8; 
567; 0; 1940.3774; 170; 626; 
567; 0; 1940.3775; 170; 626.2; 
567; 0; 1940.3775; 170; 626.4; 
567; 0; 1940.3775; 170; 626.6; 
567; 0; 1940.3775; 170; 626.8; 
567; 0; 1940.3774; 170; 627; 
567; 0; 1940.3773; 170; 627.2; 
567; 0; 1940.3773; 170; 627.4; 
567; 0; 1940.3772; 170; 627.6; 
567; 0; 1940.3772; 170; 627.8; 
567; 0; 1940.3772; 170; 628; 
567; 0; 1940.3773; 170; 628.2; 
567; 0; 1940.3774; 170; 628.4; 
567; 0; 1940.3774; 170; 628.6; 
567; 0; 1940.3775; 170; 628.8; 
567; 0; 1940.3776; 170; 629; 
567; 0; 1940.3776; 170; 629.2; 
567; 0; 1940.3776; 170; 629.4; 
567; 0; 1939.3279; 170; 629.6; 
567; 0; 1939.3279; 170; 629.8; 
567; 0; 1939.3278; 0; 630; 
567; 0; 0; 0; 630.2; 
567; 0; 0; 0; 630.4; 
567; 0; 0; 0; 630.6; 
567; 0; 0; 0; 630.8; 
567; 0; 0; 0; 631; 
567; 0; 0; 0; 631.2; 
567; 0; 0; 0; 631.4; 
567; 0; 0; 0; 631.6; 
567; 0; 0; 0; 631.8; 
567; 0; 0; 0; 632; 
567; 0; 0; 0; 632.2; 
567; 0; 0; 0; 632.4; 
567; 0; 0; 0; 632.6; 
567; 0; 0; 0; 632.8; 
567; 0; 0; 0; 633; 
567; 0; 0; 0; 633.2; 
567; 0; 0; 0; 633.4; 
567; 0; 0; 0; 633.6; 
567; 0; 0; 0; 633.8; 
567; 0; 0; 0; 634; 
567; 0; 0; 0; 634.2; 
567; 0; 0; 0; 634.4; 
567; 0; 0; 0; 634.6; 
567; 0; 0; 0; 634.8; 
567; 0; 0; 0; 635; 
567; 0; 0; 0; 635.2; 
567; 0; 0; 0; 635.4; 
567; 0; 0; 0; 635.6; 
567; 0; 0; 0; 635.8; 
567; 0; 0; 0; 636; 
567; 0; 0; 0; 636.2; 
567; 0; 0; 0; 636.4; 
567; 0; 0; 0; 636.6; 
567; 0; 0; 0; 636.8; 
567; 0; 0; 0; 637; 
567; 0; 0; 0; 637.2; 
567; 0; 0; 0; 637.4; 
567; 0; 0; 0; 637.6; 
567; 0; 0; 0; 637.8; 
567; 0; 0; 0; 638; 
567; 0; 0; 0; 638.2; 
567; 0; 0; 0; 638.4; 
567; 0; 0; 0; 638.6; 
567; 0; 0; 0; 638.8; 
567; 0; 0; 0; 639; 
567; 0; 0; 0; 639.2; 
567; 0; 0; 0; 639.4; 
567; 0; 0; 0; 639.6; 
567; 0; 0; 0; 639.8; 
567; 0; 0; 0; 640; 
567; 0; 0; 0; 640.2; 
567; 0; 0; 0; 640.4; 
567; 0; 0; 0; 640.6; 
567; 0; 0; 0; 640.8; 
567; 0; 0; 0; 641; 
567; 0; 0; 0; 641.2; 
567; 0; 0; 0; 641.4; 
567; 0; 0; 0; 641.6; 
567; 0; 0; 0; 641.8; 
567; 0; 0; 0; 642; 
567; 0; 0; 0; 642.2; 
567; 0; 0; 0; 642.4; 
567; 0; 0; 0; 642.6; 
567; 0; 0; 0; 642.8; 
567; 0; 0; 0; 643; 
567; 0; 0; 0; 643.2; 
567; 0; 0; 0; 643.4; 
567; 0; 0; 0; 643.6; 
567; 0; 0; 0; 643.8; 
567; 0; 0; 0; 644; 
567; 0; 0; 0; 644.2; 
567; 0; 0; 0; 644.4; 
567; 0; 0; 0; 644.6; 
567; 0; 0; 0; 644.8; 
567; 0; 0; 0; 645; 
567; 0; 0; 0; 645.2; 
567; 0; 0; 0; 645.4; 
567; 0; 0; 0; 645.6; 
567; 0; 0; 0; 645.8; 
567; 0; 0; 0; 646; 
567; 0; 0; 0; 646.2; 
567; 0; 0; 0; 646.4; 
567; 0; 0; 0; 646.6; 
567; 0; 0; 0; 646.8; 
567; 0; 0; 0; 647; 
567; 0; 0; 0; 647.2; 
567; 0; 0; 0; 647.4; 
567; 0; 0; 0; 647.6; 
567; 0; 0; 0; 647.8; 
567; 0; 0; 0; 648; 
567; 0; 0; 0; 648.2; 
567; 0; 0; 0; 648.4; 
567; 0; 0; 0; 648.6; 
567; 0; 0; 0; 648.8; 
567; 0; 0; 0; 649; 
567; 0; 0; 0; 649.2; 
567; 0; 0; 0; 649.4; 
567; 0; 0; 0; 649.6; 
567; 0; 0; 0; 649.8; 
567; 0; 0; 0; 650; 
567; 0; 0; 0; 650.2; 
567; 0; 0; 0; 650.4; 
567; 0; 0; 0; 650.6; 
567; 0; 0; 0; 650.8; 
567; 0; 0; 0; 651; 
567; 0; 0; 0; 651.2; 
567; 0; 0; 0; 651.4; 
567; 0; 0; 0; 651.6; 
567; 0; 0; 0; 651.8; 
567; 0; 0; 0; 652; 
567; 0; 0; 0; 652.2; 
567; 0; 0; 0; 652.4; 
567; 0; 0; 0; 652.6; 
567; 0; 0; 0; 652.8; 
567; 0; 0; 0; 653; 
567; 0; 0; 0; 653.2; 
567; 0; 0; 0; 653.4; 
567; 0; 0; 0; 653.6; 
567; 0; 0; 0; 653.8; 
567; 0; 0; 0; 654; 
567; 0; 0; 0; 654.2; 
567; 0; 0; 0; 654.4; 
567; 0; 0; 0; 654.6; 
567; 0; 0; 0; 654.8; 
567; 0; 0; 0; 655; 
567; 0; 0; 0; 655.2; 
567; 0; 0; 0; 655.4; 
567; 0; 0; 0; 655.6; 
567; 0; 0; 0; 655.8; 
567; 0; 0; 0; 656; 
567; 0; 0; 0; 656.2; 
567; 0; 0; 0; 656.4; 
567; 0; 0; 0; 656.6; 
567; 0; 0; 0; 656.8; 
567; 0; 0; 0; 657; 
567; 0; 0; 0; 657.2; 
567; 0; 0; 0; 657.4; 
567; 0; 0; 0; 657.6; 
567; 0; 0; 0; 657.8; 
567; 0; 0; 0; 658; 
567; 0; 0; 0; 658.2; 
567; 0; 0; 0; 658.4; 
567; 0; 0; 0; 658.6; 
567; 0; 0; 0; 658.8; 
567; 0; 0; 0; 659; 
567; 0; 0; 0; 659.2; 
567; 0; 0; 0; 659.4; 
567; 0; 0; 0; 659.6; 
567; 0; 0; 0; 659.8; 
567; 0; 0; 0; 660; 
567; 0; 0; 0; 660.2; 
567; 0; 0; 0; 660.4; 
567; 0; 0; 0; 660.6; 
567; 0; 0; 0; 660.8; 
567; 0; 0; 0; 661; 
567; 0; 0; 0; 661.2; 
567; 0; 0; 0; 661.4; 
567; 0; 0; 0; 661.6; 
567; 0; 0; 0; 661.8; 
567; 0; 0; 0; 662; 
567; 0; 0; 0; 662.2; 
567; 0; 0; 0; 662.4; 
567; 0; 0; 0; 662.6; 
567; 0; 0; 0; 662.8; 
567; 0; 0; 0; 663; 
567; 0; 0; 0; 663.2; 
567; 0; 0; 0; 663.4; 
567; 0; 0; 0; 663.6; 
567; 0; 0; 0; 663.8; 
567; 0; 0; 0; 664; 
567; 0; 0; 0; 664.2; 
567; 0; 0; 0; 664.4; 
567; 0; 0; 0; 664.6; 
567; 0; 0; 0; 664.8; 
567; 0; 0; 0; 665; 
567; 0; 0; 0; 665.2; 
567; 0; 0; 0; 665.4; 
567; 0; 0; 0; 665.6; 
567; 0; 0; 0; 665.8; 
567; 0; 0; 0; 666; 
567; 0; 0; 0; 666.2; 
567; 0; 0; 0; 666.4; 
567; 0; 0; 0; 666.6; 
567; 0; 0; 0; 666.8; 
567; 0; 0; 0; 667; 
567; 0; 0; 0; 667.2; 
567; 0; 0; 0; 667.4; 
567; 0; 0; 0; 667.6; 
567; 0; 0; 0; 667.8; 
567; 0; 0; 0; 668; 
567; 0; 0; 0; 668.2; 
567; 0; 0; 0; 668.4; 
567; 0; 0; 0; 668.6; 
567; 0; 0; 0; 668.8; 
567; 0; 0; 0; 669; 
567; 0; 0; 0; 669.2; 
567; 0; 0; 0; 669.4; 
567; 0; 0; 0; 669.6; 
567; 0; 0; 0; 669.8; 
567; 0; 0; 0; 670; 
567; 0; 0; 0; 670.2; 
567; 0; 0; 0; 670.4; 
567; 0; 0; 0; 670.6; 
567; 0; 0; 0; 670.8; 
567; 0; 0; 0; 671; 
567; 0; 0; 0; 671.2; 
567; 0; 0; 0; 671.4; 
567; 0; 0; 0; 671.6; 
567; 0; 0; 0; 671.8; 
567; 0; 0; 0; 672; 
567; 0; 0; 0; 672.2; 
567; 0; 0; 0; 672.4; 
567; 0; 0; 0; 672.6; 
567; 0; 0; 0; 672.8; 
567; 0; 0; 0; 673; 
567; 0; 0; 0; 673.2; 
567; 0; 0; 0; 673.4; 
567; 0; 0; 0; 673.6; 
567; 0; 0; 0; 673.8; 
567; 0; 0; 0; 674; 
567; 0; 0; 0; 674.2; 
567; 0; 0; 0; 674.4; 
567; 0; 0; 0; 674.6; 
567; 0; 0; 0; 674.8; 
567; 0; 0; 0; 675; 
567; 0; 0; 0; 675.2; 
567; 0; 0; 0; 675.4; 
567; 0; 0; 0; 675.6; 
567; 0; 0; 0; 675.8; 
567; 0; 0; 0; 676; 
567; 0; 0; 0; 676.2; 
567; 0; 0; 0; 676.4; 
567; 0; 0; 0; 676.6; 
567; 0; 0; 0; 676.8; 
567; 0; 0; 0; 677; 
567; 0; 0; 0; 677.2; 
567; 0; 0; 0; 677.4; 
567; 0; 0; 0; 677.6; 
567; 0; 0; 0; 677.8; 
567; 0; 0; 0; 678; 
567; 0; 0; 0; 678.2; 
567; 0; 0; 0; 678.4; 
567; 0; 0; 0; 678.6; 
567; 0; 0; 0; 678.8; 
567; 0; 0; 0; 679; 
567; 0; 0; 0; 679.2; 
567; 0; 0; 0; 679.4; 
567; 0; 0; 0; 679.6; 
567; 0; 0; 0; 679.8; 
567; 0; 0; 0; 680; 
567; 0; 0; 0; 680.2; 
567; 0; 0; 0; 680.4; 
567; 0; 0; 0; 680.6; 
567; 0; 0; 0; 680.8; 
567; 0; 0; 0; 681; 
567; 0; 0; 0; 681.2; 
567; 0; 0; 0; 681.4; 
567; 0; 0; 0; 681.6; 
567; 0; 0; 0; 681.8; 
567; 0; 0; 0; 682; 
567; 0; 0; 0; 682.2; 
567; 0; 0; 0; 682.4; 
567; 0; 0; 0; 682.6; 
567; 0; 0; 0; 682.8; 
567; 0; 0; 0; 683; 
567; 0; 0; 0; 683.2; 
567; 0; 0; 0; 683.4; 
567; 0; 0; 0; 683.6; 
567; 0; 0; 0; 683.8; 
567; 0; 0; 0; 684; 
567; 0; 0; 0; 684.2; 
567; 0; 0; 0; 684.4; 
567; 0; 0; 0; 684.6; 
567; 0; 0; 0; 684.8; 
567; 0; 0; 0; 685; 
567; 0; 0; 0; 685.2; 
567; 0; 0; 0; 685.4; 
567; 0; 0; 0; 685.6; 
567; 0; 0; 0; 685.8; 
567; 0; 0; 0; 686; 
567; 0; 0; 0; 686.2; 
567; 0; 0; 0; 686.4; 
567; 0; 0; 0; 686.6; 
567; 0; 0; 0; 686.8; 
567; 0; 0; 0; 687; 
567; 0; 0; 0; 687.2; 
567; 0; 0; 0; 687.4; 
567; 0; 0; 0; 687.6; 
567; 0; 0; 0; 687.8; 
567; 0; 0; 0; 688; 
567; 0; 0; 0; 688.2; 
567; 0; 0; 0; 688.4; 
567; 0; 0; 0; 688.6; 
567; 0; 0; 0; 688.8; 
567; 0; 0; 0; 689; 
567; 0; 0; 0; 689.2; 
567; 0; 0; 0; 689.4; 
567; 0; 0; 0; 689.6; 
567; 0; 0; 0; 689.8; 
567; 0; 0; 0; 690; 
567; 0; 0; 0; 690.2; 
567; 0; 0; 0; 690.4; 
567; 0; 0; 0; 690.6; 
567; 0; 0; 0; 690.8; 
567; 0; 0; 0; 691; 
567; 0; 0; 0; 691.2; 
567; 0; 0; 0; 691.4; 
567; 0; 0; 0; 691.6; 
567; 0; 0; 0; 691.8; 
567; 0; 0; 0; 692; 
567; 0; 0; 0; 692.2; 
567; 0; 0; 0; 692.4; 
567; 0; 0; 0; 692.6; 
567; 0; 0; 0; 692.8; 
567; 0; 0; 0; 693; 
567; 0; 0; 0; 693.2; 
567; 0; 0; 0; 693.4; 
567; 0; 0; 0; 693.6; 
567; 0; 0; 0; 693.8; 
567; 0; 0; 0; 694; 
567; 0; 0; 0; 694.2; 
567; 0; 0; 0; 694.4; 
567; 0; 0; 0; 694.6; 
567; 0; 0; 0; 694.8; 
567; 0; 0; 0; 695; 
567; 0; 0; 0; 695.2; 
567; 0; 0; 0; 695.4; 
567; 0; 0; 0; 695.6; 
567; 0; 0; 0; 695.8; 
567; 0; 0; 0; 696; 
567; 0; 0; 0; 696.2; 
567; 0; 0; 0; 696.4; 
567; 0; 0; 0; 696.6; 
567; 0; 0; 0; 696.8; 
567; 0; 0; 0; 697; 
567; 0; 0; 0; 697.2; 
567; 0; 0; 0; 697.4; 
567; 0; 0; 0; 697.6; 
567; 0; 0; 0; 697.8; 
567; 0; 0; 0; 698; 
567; 0; 0; 0; 698.2; 
567; 0; 0; 0; 698.4; 
567; 0; 0; 0; 698.6; 
567; 0; 0; 0; 698.8; 
567; 0; 0; 0; 699; 
567; 0; 0; 0; 699.2; 
567; 0; 0; 0; 699.4; 
567; 0; 0; 0; 699.6; 
567; 0; 0; 0; 699.8; 
567; 0; 0; 0; 700; 
567; 0; 0; 0; 700.2; 
567; 0; 0; 0; 700.4; 
567; 0; 0; 0; 700.6; 
567; 0; 0; 0; 700.8; 
567; 0; 0; 0; 701; 
567; 0; 0; 0; 701.2; 
567; 0; 0; 0; 701.4; 
567; 0; 0; 0; 701.6; 
567; 0; 0; 0; 701.8; 
567; 0; 0; 0; 702; 
567; 0; 0; 0; 702.2; 
567; 0; 0; 0; 702.4; 
567; 0; 0; 0; 702.6; 
567; 0; 0; 0; 702.8; 
567; 0; 0; 0; 703; 
567; 0; 0; 0; 703.2; 
567; 0; 0; 0; 703.4; 
567; 0; 0; 0; 703.6; 
567; 0; 0; 0; 703.8; 
567; 0; 0; 0; 704; 
567; 0; 0; 0; 704.2; 
567; 0; 0; 0; 704.4; 
567; 0; 0; 0; 704.6; 
567; 0; 0; 0; 704.8; 
567; 0; 0; 0; 705; 
567; 0; 0; 0; 705.2; 
567; 0; 0; 0; 705.4; 
567; 0; 0; 0; 705.6; 
567; 0; 0; 0; 705.8; 
567; 0; 0; 0; 706; 
567; 0; 0; 0; 706.2; 
567; 0; 0; 0; 706.4; 
567; 0; 0; 0; 706.6; 
567; 0; 0; 0; 706.8; 
567; 0; 0; 0; 707; 
567; 0; 0; 0; 707.2; 
567; 0; 0; 0; 707.4; 
567; 0; 0; 0; 707.6; 
567; 0; 0; 0; 707.8; 
567; 0; 0; 0; 708; 
567; 0; 0; 0; 708.2; 
567; 0; 0; 0; 708.4; 
567; 0; 0; 0; 708.6; 
567; 0; 0; 0; 708.8; 
567; 0; 0; 0; 709; 
567; 0; 0; 0; 709.2; 
567; 0; 0; 0; 709.4; 
567; 0; 0; 0; 709.6; 
567; 0; 0; 0; 709.8; 
567; 0; 0; 0; 710; 
567; 0; 0; 0; 710.2; 
567; 0; 0; 0; 710.4; 
567; 0; 0; 0; 710.6; 
567; 0; 0; 0; 710.8; 
567; 0; 0; 0; 711; 
567; 0; 0; 0; 711.2; 
567; 0; 0; 0; 711.4; 
567; 0; 0; 0; 711.6; 
567; 0; 0; 0; 711.8; 
567; 0; 0; 0; 712; 
567; 0; 0; 0; 712.2; 
567; 0; 0; 0; 712.4; 
567; 0; 0; 0; 712.6; 
567; 0; 0; 0; 712.8; 
567; 0; 0; 0; 713; 
567; 0; 0; 0; 713.2; 
567; 0; 0; 0; 713.4; 
567; 0; 0; 0; 713.6; 
567; 0; 0; 0; 713.8; 
567; 0; 0; 0; 714; 
567; 0; 0; 0; 714.2; 
567; 0; 0; 0; 714.4; 
567; 0; 0; 0; 714.6; 
567; 0; 0; 0; 714.8; 
567; 0; 0; 0; 715; 
567; 0; 0; 0; 715.2; 
567; 0; 0; 0; 715.4; 
567; 0; 0; 0; 715.6; 
567; 0; 0; 0; 715.8; 
567; 0; 0; 0; 716; 
567; 0; 0; 0; 716.2; 
567; 0; 0; 0; 716.4; 
567; 0; 0; 0; 716.6; 
567; 0; 0; 0; 716.8; 
567; 0; 0; 0; 717; 
567; 0; 0; 0; 717.2; 
567; 0; 0; 0; 717.4; 
567; 0; 0; 0; 717.6; 
567; 0; 0; 0; 717.8; 
567; 0; 0; 0; 718; 
567; 0; 0; 0; 718.2; 
567; 0; 0; 0; 718.4; 
567; 0; 0; 0; 718.6; 
567; 0; 0; 0; 718.8; 
567; 0; 0; 0; 719; 
567; 0; 0; 0; 719.2; 
567; 0; 0; 0; 719.4; 
567; 0; 0; 0; 719.6; 
567; 0; 0; 0; 719.8; 
567; 0; 0; 0; 720; 
567; 0; 0; 0; 720.2; 
567; 0; 0; 0; 720.4; 
567; 0; 0; 0; 720.6; 
567; 0; 0; 0; 720.8; 
567; 0; 0; 0; 721; 
567; 0; 0; 0; 721.2; 
567; 0; 0; 0; 721.4; 
567; 0; 0; 0; 721.6; 
567; 0; 0; 0; 721.8; 
567; 0; 0; 0; 722; 
567; 0; 0; 0; 722.2; 
567; 0; 0; 0; 722.4; 
567; 0; 0; 0; 722.6; 
567; 0; 0; 0; 722.8; 
567; 0; 0; 0; 723; 
567; 0; 0; 0; 723.2; 
567; 0; 0; 0; 723.4; 
567; 0; 0; 0; 723.6; 
567; 0; 0; 0; 723.8; 
567; 0; 0; 0; 724; 
567; 0; 0; 0; 724.2; 
567; 0; 0; 0; 724.4; 
567; 0; 0; 0; 724.6; 
567; 0; 0; 0; 724.8; 
567; 0; 0; 0; 725; 
567; 0; 0; 0; 725.2; 
567; 0; 0; 0; 725.4; 
567; 0; 0; 0; 725.6; 
567; 0; 0; 0; 725.8; 
567; 0; 0; 0; 726; 
567; 0; 0; 0; 726.2; 
567; 0; 0; 0; 726.4; 
567; 0; 0; 0; 726.6; 
567; 0; 0; 0; 726.8; 
567; 0; 0; 0; 727; 
567; 0; 0; 0; 727.2; 
567; 0; 0; 0; 727.4; 
567; 0; 0; 0; 727.6; 
567; 0; 0; 0; 727.8; 
567; 0; 0; 0; 728; 
567; 0; 0; 0; 728.2; 
567; 0; 0; 0; 728.4; 
567; 0; 0; 0; 728.6; 
567; 0; 0; 0; 728.8; 
567; 0; 0; 0; 729; 
567; 0; 0; 0; 729.2; 
567; 0; 0; 0; 729.4; 
567; 0; 0; 0; 729.6; 
567; 0; 0; 0; 729.8; 
567; 0; 0; 0; 730; 
567; 0; 0; 0; 730.2; 
567; 0; 0; 0; 730.4; 
567; 0; 0; 0; 730.6; 
567; 0; 0; 0; 730.8; 
567; 0; 0; 0; 731; 
567; 0; 0; 0; 731.2; 
567; 0; 0; 0; 731.4; 
567; 0; 0; 0; 731.6; 
567; 0; 0; 0; 731.8; 
567; 0; 0; 0; 732; 
567; 0; 0; 0; 732.2; 
567; 0; 0; 0; 732.4; 
567; 0; 0; 0; 732.6; 
567; 0; 0; 0; 732.8; 
567; 0; 0; 0; 733; 
567; 0; 0; 0; 733.2; 
567; 0; 0; 0; 733.4; 
567; 0; 0; 0; 733.6; 
567; 0; 0; 0; 733.8; 
567; 0; 0; 0; 734; 
567; 0; 0; 0; 734.2; 
567; 0; 0; 0; 734.4; 
567; 0; 0; 0; 734.6; 
567; 0; 0; 0; 734.8; 
567; 0; 0; 0; 735; 
567; 0; 0; 0; 735.2; 
567; 0; 0; 0; 735.4; 
567; 0; 0; 0; 735.6; 
567; 0; 0; 0; 735.8; 
567; 0; 0; 0; 736; 
567; 0; 0; 0; 736.2; 
567; 0; 0; 0; 736.4; 
567; 0; 0; 0; 736.6; 
567; 0; 0; 0; 736.8; 
567; 0; 0; 0; 737; 
567; 0; 0; 0; 737.2; 
567; 0; 0; 0; 737.4; 
567; 0; 0; 0; 737.6; 
567; 0; 0; 0; 737.8; 
567; 0; 0; 0; 738; 
567; 0; 0; 0; 738.2; 
567; 0; 0; 0; 738.4; 
567; 0; 0; 0; 738.6; 
567; 0; 0; 0; 738.8; 
567; 0; 0; 0; 739; 
567; 0; 0; 0; 739.2; 
567; 0; 0; 0; 739.4; 
567; 0; 0; 0; 739.6; 
567; 0; 0; 0; 739.8; 
567; 0; 0; 0; 740; 
567; 0; 0; 0; 740.2; 
567; 0; 0; 0; 740.4; 
567; 0; 0; 0; 740.6; 
567; 0; 0; 0; 740.8; 
567; 0; 0; 0; 741; 
567; 0; 0; 0; 741.2; 
567; 0; 0; 0; 741.4; 
567; 0; 0; 0; 741.6; 
567; 0; 0; 0; 741.8; 
567; 0; 0; 0; 742; 
567; 0; 0; 0; 742.2; 
567; 0; 0; 0; 742.4; 
567; 0; 0; 0; 742.6; 
567; 0; 0; 0; 742.8; 
567; 0; 0; 0; 743; 
567; 0; 0; 0; 743.2; 
567; 0; 0; 0; 743.4; 
567; 0; 0; 0; 743.6; 
567; 0; 0; 0; 743.8; 
567; 0; 0; 0; 744; 
567; 0; 0; 0; 744.2; 
567; 0; 0; 0; 744.4; 
567; 0; 0; 0; 744.6; 
567; 0; 0; 0; 744.8; 
567; 0; 0; 0; 745; 
567; 0; 0; 0; 745.2; 
567; 0; 0; 0; 745.4; 
567; 0; 0; 0; 745.6; 
567; 0; 0; 0; 745.8; 
567; 0; 0; 0; 746; 
567; 0; 0; 0; 746.2; 
567; 0; 0; 0; 746.4; 
567; 0; 0; 0; 746.6; 
567; 0; 0; 0; 746.8; 
567; 0; 0; 0; 747; 
567; 0; 0; 0; 747.2; 
567; 0; 0; 0; 747.4; 
567; 0; 0; 0; 747.6; 
567; 0; 0; 0; 747.8; 
567; 0; 0; 0; 748; 
567; 0; 0; 0; 748.2; 
567; 0; 0; 0; 748.4; 
567; 0; 0; 0; 748.6; 
567; 0; 0; 0; 748.8; 
567; 0; 0; 0; 749; 
567; 0; 0; 0; 749.2; 
567; 0; 0; 0; 749.4; 
567; 0; 0; 0; 749.6; 
567; 0; 0; 0; 749.8; 
567; 0; 0; 0; 750; 
567; 0; 0; 0; 750.2; 
567; 0; 0; 0; 750.4; 
567; 0; 0; 0; 750.6; 
567; 0; 0; 0; 750.8; 
567; 0; 0; 0; 751; 
567; 0; 0; 0; 751.2; 
567; 0; 0; 0; 751.4; 
567; 0; 0; 0; 751.6; 
567; 0; 0; 0; 751.8; 
567; 0; 0; 0; 752; 
567; 0; 0; 0; 752.2; 
567; 0; 0; 0; 752.4; 
567; 0; 0; 0; 752.6; 
567; 0; 0; 0; 752.8; 
567; 0; 0; 0; 753; 
567; 0; 0; 0; 753.2; 
567; 0; 0; 0; 753.4; 
567; 0; 0; 0; 753.6; 
567; 0; 0; 0; 753.8; 
567; 0; 0; 0; 754; 
567; 0; 0; 0; 754.2; 
567; 0; 0; 0; 754.4; 
567; 0; 0; 0; 754.6; 
567; 0; 0; 0; 754.8; 
567; 0; 0; 0; 755; 
567; 0; 0; 0; 755.2; 
567; 0; 0; 0; 755.4; 
567; 0; 0; 0; 755.6; 
567; 0; 0; 0; 755.8; 
567; 0; 0; 0; 756; 
567; 0; 0; 0; 756.2; 
567; 0; 0; 0; 756.4; 
567; 0; 0; 0; 756.6; 
567; 0; 0; 0; 756.8; 
567; 0; 0; 0; 757; 
567; 0; 0; 0; 757.2; 
567; 0; 0; 0; 757.4; 
567; 0; 0; 0; 757.6; 
567; 0; 0; 0; 757.8; 
567; 0; 0; 0; 758; 
567; 0; 0; 0; 758.2; 
567; 0; 0; 0; 758.4; 
567; 0; 0; 0; 758.6; 
567; 0; 0; 0; 758.8; 
567; 0; 0; 0; 759; 
567; 0; 0; 0; 759.2; 
567; 0; 0; 0; 759.4; 
567; 0; 0; 0; 759.6; 
567; 0; 0; 0; 759.8; 
567; 0; 0; 0; 760; 
567; 0; 0; 0; 760.2; 
567; 0; 0; 0; 760.4; 
567; 0; 0; 0; 760.6; 
567; 0; 0; 0; 760.8; 
567; 0; 0; 0; 761; 
567; 0; 0; 0; 761.2; 
567; 0; 0; 0; 761.4; 
567; 0; 0; 0; 761.6; 
567; 0; 0; 0; 761.8; 
567; 0; 0; 0; 762; 
567; 0; 0; 0; 762.2; 
567; 0; 0; 0; 762.4; 
567; 0; 0; 0; 762.6; 
567; 0; 0; 0; 762.8; 
567; 0; 0; 0; 763; 
567; 0; 0; 0; 763.2; 
567; 0; 0; 0; 763.4; 
567; 0; 0; 0; 763.6; 
567; 0; 0; 0; 763.8; 
567; 0; 0; 0; 764; 
567; 0; 0; 0; 764.2; 
567; 0; 0; 0; 764.4; 
567; 0; 0; 0; 764.6; 
567; 0; 0; 0; 764.8; 
567; 0; 0; 0; 765; 
567; 0; 0; 0; 765.2; 
567; 0; 0; 0; 765.4; 
567; 0; 0; 0; 765.6; 
567; 0; 0; 0; 765.8; 
567; 0; 0; 0; 766; 
567; 0; 0; 0; 766.2; 
567; 0; 0; 0; 766.4; 
567; 0; 0; 0; 766.6; 
567; 0; 0; 0; 766.8; 
567; 0; 0; 0; 767; 
567; 0; 0; 0; 767.2; 
567; 0; 0; 0; 767.4; 
567; 0; 0; 0; 767.6; 
567; 0; 0; 0; 767.8; 
567; 0; 0; 0; 768; 
567; 0; 0; 0; 768.2; 
567; 0; 0; 0; 768.4; 
567; 0; 0; 0; 768.6; 
567; 0; 0; 0; 768.8; 
567; 0; 0; 0; 769; 
567; 0; 0; 0; 769.2; 
567; 0; 0; 0; 769.4; 
567; 0; 0; 0; 769.6; 
567; 0; 0; 0; 769.8; 
567; 0; 0; 0; 770; 
567; 0; 0; 0; 770.2; 
567; 0; 0; 0; 770.4; 
567; 0; 0; 0; 770.6; 
567; 0; 0; 0; 770.8; 
567; 0; 0; 0; 771; 
567; 0; 0; 0; 771.2; 
567; 0; 0; 0; 771.4; 
567; 0; 0; 0; 771.6; 
567; 0; 0; 0; 771.8; 
567; 0; 0; 0; 772; 
567; 0; 0; 0; 772.2; 
567; 0; 0; 0; 772.4; 
567; 0; 0; 0; 772.6; 
567; 0; 0; 0; 772.8; 
567; 0; 0; 0; 773; 
567; 0; 0; 0; 773.2; 
567; 0; 0; 0; 773.4; 
567; 0; 0; 0; 773.6; 
567; 0; 0; 0; 773.8; 
567; 0; 0; 0; 774; 
567; 0; 0; 0; 774.2; 
567; 0; 0; 0; 774.4; 
567; 0; 0; 0; 774.6; 
567; 0; 0; 0; 774.8; 
567; 0; 0; 0; 775; 
567; 0; 0; 0; 775.2; 
567; 0; 0; 0; 775.4; 
567; 0; 0; 0; 775.6; 
567; 0; 0; 0; 775.8; 
567; 0; 0; 0; 776; 
567; 0; 0; 0; 776.2; 
567; 0; 0; 0; 776.4; 
567; 0; 0; 0; 776.6; 
567; 0; 0; 0; 776.8; 
567; 0; 0; 0; 777; 
567; 0; 0; 0; 777.2; 
567; 0; 0; 0; 777.4; 
567; 0; 0; 0; 777.6; 
567; 0; 0; 0; 777.8; 
567; 0; 0; 0; 778; 
567; 0; 0; 0; 778.2; 
567; 0; 0; 0; 778.4; 
567; 0; 0; 0; 778.6; 
567; 0; 0; 0; 778.8; 
567; 0; 0; 0; 779; 
567; 0; 0; 0; 779.2; 
567; 0; 0; 0; 779.4; 
567; 0; 0; 0; 779.6; 
567; 0; 0; 0; 779.8; 
567; 0; 0; 0; 780; 
567; 0; 0; 0; 780.2; 
567; 0; 0; 0; 780.4; 
567; 0; 0; 0; 780.6; 
567; 0; 0; 0; 780.8; 
567; 0; 0; 0; 781; 
567; 0; 0; 0; 781.2; 
567; 0; 0; 0; 781.4; 
567; 0; 0; 0; 781.6; 
567; 0; 0; 0; 781.8; 
567; 0; 0; 0; 782; 
567; 0; 0; 0; 782.2; 
567; 0; 0; 0; 782.4; 
567; 0; 0; 0; 782.6; 
567; 0; 0; 0; 782.8; 
567; 0; 0; 0; 783; 
567; 0; 0; 0; 783.2; 
567; 0; 0; 0; 783.4; 
567; 0; 0; 0; 783.6; 
567; 0; 0; 0; 783.8; 
567; 0; 0; 0; 784; 
567; 0; 0; 0; 784.2; 
567; 0; 0; 0; 784.4; 
567; 0; 0; 0; 784.6; 
567; 0; 0; 0; 784.8; 
567; 0; 0; 0; 785; 
567; 0; 0; 0; 785.2; 
567; 0; 0; 0; 785.4; 
567; 0; 0; 0; 785.6; 
567; 0; 0; 0; 785.8; 
567; 0; 0; 0; 786; 
567; 0; 0; 0; 786.2; 
567; 0; 0; 0; 786.4; 
567; 0; 0; 0; 786.6; 
567; 0; 0; 0; 786.8; 
567; 0; 0; 0; 787; 
567; 0; 0; 0; 787.2; 
567; 0; 0; 0; 787.4; 
567; 0; 0; 0; 787.6; 
567; 0; 0; 0; 787.8; 
567; 0; 0; 0; 788; 
567; 0; 0; 0; 788.2; 
567; 0; 0; 0; 788.4; 
567; 0; 0; 0; 788.6; 
567; 0; 0; 0; 788.8; 
567; 0; 0; 0; 789; 
567; 0; 0; 0; 789.2; 
567; 0; 0; 0; 789.4; 
567; 0; 0; 0; 789.6; 
567; 0; 0; 0; 789.8; 
567; 0; 0; 0; 790; 
567; 0; 0; 0; 790.2; 
567; 0; 0; 0; 790.4; 
567; 0; 0; 0; 790.6; 
567; 0; 0; 0; 790.8; 
567; 0; 0; 0; 791; 
567; 0; 0; 0; 791.2; 
567; 0; 0; 0; 791.4; 
567; 0; 0; 0; 791.6; 
567; 0; 0; 0; 791.8; 
567; 0; 0; 0; 792; 
567; 0; 0; 0; 792.2; 
567; 0; 0; 0; 792.4; 
567; 0; 0; 0; 792.6; 
567; 0; 0; 0; 792.8; 
567; 0; 0; 0; 793; 
567; 0; 0; 0; 793.2; 
567; 0; 0; 0; 793.4; 
567; 0; 0; 0; 793.6; 
567; 0; 0; 0; 793.8; 
567; 0; 0; 0; 794; 
567; 0; 0; 0; 794.2; 
567; 0; 0; 0; 794.4; 
567; 0; 0; 0; 794.6; 
567; 0; 0; 0; 794.8; 
567; 0; 0; 0; 795; 
567; 0; 0; 0; 795.2; 
567; 0; 0; 0; 795.4; 
567; 0; 0; 0; 795.6; 
567; 0; 0; 0; 795.8; 
567; 0; 0; 0; 796; 
567; 0; 0; 0; 796.2; 
567; 0; 0; 0; 796.4; 
567; 0; 0; 0; 796.6; 
567; 0; 0; 0; 796.8; 
567; 0; 0; 0; 797; 
567; 0; 0; 0; 797.2; 
567; 0; 0; 0; 797.4; 
567; 0; 0; 0; 797.6; 
567; 0; 0; 0; 797.8; 
567; 0; 0; 0; 798; 
567; 0; 0; 0; 798.2; 
567; 0; 0; 0; 798.4; 
567; 0; 0; 0; 798.6; 
567; 0; 0; 0; 798.8; 
567; 0; 0; 0; 799; 
567; 0; 0; 0; 799.2; 
567; 0; 0; 0; 799.4; 
567; 0; 0; 0; 799.6; 
567; 0; 0; 0; 799.8; 
567; 0; 0; 0; 800; 
567; 0; 0; 0; 800.2; 
567; 0; 0; 0; 800.4; 
567; 0; 0; 0; 800.6; 
567; 0; 0; 0; 800.8; 
567; 0; 0; 0; 801; 
567; 0; 0; 0; 801.2; 
567; 0; 0; 0; 801.4; 
567; 0; 0; 0; 801.6; 
567; 0; 0; 0; 801.8; 
567; 0; 0; 0; 802; 
567; 0; 0; 0; 802.2; 
567; 0; 0; 0; 802.4; 
567; 0; 0; 0; 802.6; 
567; 0; 0; 0; 802.8; 
567; 0; 0; 0; 803; 
567; 0; 0; 0; 803.2; 
567; 0; 0; 0; 803.4; 
567; 0; 0; 0; 803.6; 
567; 0; 0; 0; 803.8; 
567; 0; 0; 0; 804; 
567; 0; 0; 0; 804.2; 
567; 0; 0; 0; 804.4; 
567; 0; 0; 0; 804.6; 
567; 0; 0; 0; 804.8; 
567; 0; 0; 0; 805; 
567; 0; 0; 0; 805.2; 
567; 0; 0; 0; 805.4; 
567; 0; 0; 0; 805.6; 
567; 0; 0; 0; 805.8; 
567; 0; 0; 0; 806; 
567; 0; 0; 0; 806.2; 
567; 0; 0; 0; 806.4; 
567; 0; 0; 0; 806.6; 
567; 0; 0; 0; 806.8; 
567; 0; 0; 0; 807; 
567; 0; 0; 0; 807.2; 
567; 0; 0; 0; 807.4; 
567; 0; 0; 0; 807.6; 
567; 0; 0; 0; 807.8; 
567; 0; 0; 0; 808; 
567; 0; 0; 0; 808.2; 
567; 0; 0; 0; 808.4; 
567; 0; 0; 0; 808.6; 
567; 0; 0; 0; 808.8; 
567; 0; 0; 0; 809; 
567; 0; 0; 0; 809.2; 
567; 0; 0; 0; 809.4; 
567; 0; 0; 0; 809.6; 
567; 0; 0; 0; 809.8; 
567; 0; 0; 0; 810; 
567; 0; 0; 0; 810.2; 
567; 0; 0; 0; 810.4; 
567; 0; 0; 0; 810.6; 
567; 0; 0; 0; 810.8; 
567; 0; 0; 0; 811; 
567; 0; 0; 0; 811.2; 
567; 0; 0; 0; 811.4; 
567; 0; 0; 0; 811.6; 
567; 0; 0; 0; 811.8; 
567; 0; 0; 0; 812; 
567; 0; 0; 0; 812.2; 
567; 0; 0; 0; 812.4; 
567; 0; 0; 0; 812.6; 
567; 0; 0; 0; 812.8; 
567; 0; 0; 0; 813; 
567; 0; 0; 0; 813.2; 
567; 0; 0; 0; 813.4; 
567; 0; 0; 0; 813.6; 
567; 0; 0; 0; 813.8; 
567; 0; 0; 0; 814; 
567; 0; 0; 0; 814.2; 
567; 0; 0; 0; 814.4; 
567; 0; 0; 0; 814.6; 
567; 0; 0; 0; 814.8; 
567; 0; 0; 0; 815; 
567; 0; 0; 0; 815.2; 
567; 0; 0; 0; 815.4; 
567; 0; 0; 0; 815.6; 
567; 0; 0; 0; 815.8; 
567; 0; 0; 0; 816; 
567; 0; 0; 0; 816.2; 
567; 0; 0; 0; 816.4; 
567; 0; 0; 0; 816.6; 
567; 0; 0; 0; 816.8; 
567; 0; 0; 0; 817; 
567; 0; 0; 0; 817.2; 
567; 0; 0; 0; 817.4; 
567; 0; 0; 0; 817.6; 
567; 0; 0; 0; 817.8; 
567; 0; 0; 0; 818; 
567; 0; 0; 0; 818.2; 
567; 0; 0; 0; 818.4; 
567; 0; 0; 0; 818.6; 
567; 0; 0; 0; 818.8; 
567; 0; 0; 0; 819; 
567; 0; 0; 0; 819.2; 
567; 0; 0; 0; 819.4; 
567; 0; 0; 0; 819.6; 
567; 0; 0; 0; 819.8; 
567; 0; 0; 0; 820; 
567; 0; 0; 0; 820.2; 
567; 0; 0; 0; 820.4; 
567; 0; 0; 0; 820.6; 
567; 0; 0; 0; 820.8; 
567; 0; 0; 0; 821; 
567; 0; 0; 0; 821.2; 
567; 0; 0; 0; 821.4; 
567; 0; 0; 0; 821.6; 
567; 0; 0; 0; 821.8; 
567; 0; 0; 0; 822; 
567; 0; 0; 0; 822.2; 
567; 0; 0; 0; 822.4; 
567; 0; 0; 0; 822.6; 
567; 0; 0; 0; 822.8; 
567; 0; 0; 0; 823; 
567; 0; 0; 0; 823.2; 
567; 0; 0; 0; 823.4; 
567; 0; 0; 0; 823.6; 
567; 0; 0; 0; 823.8; 
567; 0; 0; 0; 824; 
567; 0; 0; 0; 824.2; 
