567; 0; 0; 170; 0; 
567; 0; 0; 170; 0.2; 
567; 0; 0; 170; 0.4; 
567; 0; 0; 170; 0.6; 
567; 0; 0; 170; 0.8; 
567; 0; 0; 170; 1; 
567; 0; 0; 170; 1.2; 
567; 0; 0; 170; 1.4; 
567; 0; 0; 170; 1.6; 
567; 0; 0; 170; 1.8; 
567; 0; 0; 170; 2; 
567; 0; 0; 170; 2.2; 
567; 0; 0; 170; 2.4; 
567; 0; 0; 170; 2.6; 
567; 0; 0; 170; 2.8; 
567; 0; 0; 170; 3; 
567; 0; 0; 170; 3.2; 
567; 0; 0; 170; 3.4; 
567; 0; 0; 170; 3.6; 
567; 0; 0; 170; 3.8; 
567; 0; 0; 170; 4; 
567; 0; 0; 170; 4.2; 
567; 0; 0; 170; 4.4; 
567; 0; 0; 170; 4.6; 
567; 0; 0; 170; 4.8; 
567; 0; 0; 170; 5; 
567; 0; 0; 170; 5.2; 
567; 0; 0; 170; 5.4; 
567; 0; 0; 170; 5.6; 
567; 0; 0; 170; 5.8; 
567; 0; 0; 170; 6; 
567; 0; 0; 170; 6.2; 
567; 0; 0; 170; 6.4; 
567; 0; 0; 170; 6.6; 
567; 0; 0; 170; 6.8; 
567; 0; 0; 170; 7; 
567; 0; 0; 170; 7.2; 
567; 0; 0; 170; 7.4; 
567; 0; 0; 170; 7.6; 
567; 0; 0; 170; 7.8; 
567; 0; 0; 170; 8; 
567; 0; 0; 170; 8.2; 
567; 0; 0; 170; 8.4; 
567; 0; 0; 170; 8.6; 
567; 0; 0; 170; 8.8; 
567; 0; 0; 170; 9; 
567; 0; 0; 170; 9.2; 
567; 0; 0; 170; 9.4; 
567; 0; 0; 170; 9.6; 
567; 0; 0; 170; 9.8; 
567; 0; 0; 170; 10; 
567; 0; 0; 170; 10.2; 
567; 0; 0; 170; 10.4; 
567; 0; 0; 170; 10.6; 
567; 0; 0; 170; 10.8; 
567; 0; 0; 170; 11; 
567; 0; 0; 170; 11.2; 
567; 0; 0; 170; 11.4; 
567; 0; 0; 170; 11.6; 
567; 0; 0; 170; 11.8; 
567; 0; 0; 170; 12; 
567; 0; 0; 170; 12.2; 
567; 0; 0; 170; 12.4; 
567; 0; 0; 170; 12.6; 
567; 0; 0; 170; 12.8; 
567; 0; 0; 170; 13; 
567; 0; 0; 170; 13.2; 
567; 0; 0; 170; 13.4; 
567; 0; 0; 170; 13.6; 
567; 0; 0; 170; 13.8; 
567; 0; 0; 170; 14; 
567; 0; 0; 170; 14.2; 
567; 0; 0; 170; 14.4; 
567; 0; 0; 170; 14.6; 
567; 0; 0; 170; 14.8; 
567; 0; 0; 170; 15; 
567; 0; 0; 170; 15.2; 
567; 0; 0; 170; 15.4; 
567; 0; 0; 170; 15.6; 
567; 0; 0; 170; 15.8; 
567; 0; 0; 170; 16; 
567; 0; 0; 170; 16.2; 
567; 0; 0; 170; 16.4; 
567; 0; 0; 170; 16.6; 
567; 0; 0; 170; 16.8; 
567; 0; 0; 170; 17; 
567; 0; 0; 170; 17.2; 
567; 0; 0; 170; 17.4; 
567; 0; 0; 170; 17.6; 
567; 0; 0; 170; 17.8; 
567; 0; 0; 170; 18; 
567; 0; 0; 170; 18.2; 
567; 0; 0; 170; 18.4; 
567; 0; 0; 170; 18.6; 
567; 0; 0; 170; 18.8; 
567; 0; 0; 170; 19; 
567; 0; 0; 170; 19.2; 
567; 0; 0; 170; 19.4; 
567; 0; 0; 170; 19.6; 
567; 0; 0; 170; 19.8; 
567; 0; 0; 170; 20; 
567; 0; 0; 170; 20.2; 
567; 0; 0; 170; 20.4; 
567; 0; 0; 170; 20.6; 
567; 0; 0; 170; 20.8; 
567; 0; 0; 170; 21; 
567; 0; 0; 170; 21.2; 
567; 0; 0; 170; 21.4; 
567; 0; 0; 170; 21.6; 
567; 0; 0; 170; 21.8; 
567; 0; 0; 170; 22; 
567; 0; 0; 170; 22.2; 
567; 0; 0; 170; 22.4; 
567; 0; 0; 170; 22.6; 
567; 0; 0; 170; 22.8; 
567; 0; 0; 170; 23; 
567; 0; 0; 170; 23.2; 
567; 0; 0; 170; 23.4; 
567; 0; 0; 170; 23.6; 
567; 0; 2544.6817; 170; 23.8; 
567; 0; 2544.6817; 170; 24; 
567; 0; 2544.6817; 170; 24.2; 
567; 0; 2544.6817; 170; 24.4; 
567; 0; 2544.6817; 170; 24.6; 
567; 0; 2544.6817; 170; 24.8; 
567; 0; 2544.6817; 170; 25; 
567; 0; 2544.6817; 170; 25.2; 
567; 0; 2544.6817; 170; 25.4; 
567; 0; 2544.6817; 170; 25.6; 
567; 0; 2544.6817; 170; 25.8; 
567; 0; 2544.6817; 170; 26; 
567; 0; 2544.6817; 170; 26.2; 
567; 0; 2544.6817; 170; 26.4; 
567; 0; 2544.6817; 170; 26.6; 
567; 0; 2544.6817; 170; 26.8; 
567; 0; 2544.6817; 170; 27; 
567; 0; 2544.6817; 170; 27.2; 
567; 0; 2544.6817; 170; 27.4; 
567; 0; 2544.6817; 170; 27.6; 
567; 0; 2544.6817; 170; 27.8; 
567; 0; 2544.6817; 170; 28; 
567; 0; 2544.6817; 170; 28.2; 
567; 0; 2544.6817; 170; 28.4; 
567; 0; 2544.6817; 170; 28.6; 
567; 0; 2544.6817; 170; 28.8; 
567; 0; 2544.6817; 170; 29; 
567; 0; 2544.6817; 170; 29.2; 
567; 0; 2544.6817; 170; 29.4; 
567; 0; 2544.6817; 170; 29.6; 
567; 0; 2544.6817; 170; 29.8; 
567; 0; 2544.6817; 170; 30; 
567; 0; 2544.6817; 170; 30.2; 
567; 0; 2544.6817; 170; 30.4; 
567; 0; 2544.6817; 170; 30.6; 
567; 0; 2544.6817; 170; 30.8; 
567; 0; 2544.6817; 170; 31; 
567; 0; 2544.6817; 170; 31.2; 
567; 0; 2544.6817; 170; 31.4; 
567; 0; 2544.6817; 170; 31.6; 
567; 0; 2544.6817; 170; 31.8; 
567; 0; 2544.6817; 170; 32; 
567; 0; 2544.6817; 170; 32.2; 
567; 0; 2544.6817; 170; 32.4; 
567; 0; 2544.6817; 170; 32.6; 
567; 0; 2544.6817; 170; 32.8; 
567; 0; 2544.6817; 170; 33; 
567; 0; 2544.6817; 170; 33.2; 
567; 0; 2544.6817; 170; 33.4; 
567; 0; 2544.6817; 170; 33.6; 
567; 0; 2544.6817; 170; 33.8; 
567; 0; 2544.6817; 170; 34; 
567; 0; 2544.6817; 170; 34.2; 
567; 0; 2544.6817; 170; 34.4; 
567; 0; 2544.6817; 170; 34.6; 
567; 0; 2544.6817; 170; 34.8; 
567; 0; 2544.6817; 170; 35; 
567; 0; 2544.6817; 170; 35.2; 
567; 0; 2544.6817; 170; 35.4; 
567; 0; 2544.6817; 170; 35.6; 
567; 0; 2544.6817; 170; 35.8; 
567; 0; 2544.6817; 170; 36; 
567; 0; 2544.6817; 170; 36.2; 
567; 0; 2544.6817; 170; 36.4; 
567; 0; 2544.6817; 170; 36.6; 
567; 0; 2544.6817; 170; 36.8; 
567; 0; 2544.6817; 170; 37; 
567; 0; 2544.6817; 170; 37.2; 
567; 0; 2544.6817; 170; 37.4; 
567; 0; 2544.6817; 170; 37.6; 
567; 0; 2544.6817; 170; 37.8; 
567; 0; 2544.6817; 170; 38; 
567; 0; 2544.6817; 170; 38.2; 
567; 0; 2544.6817; 170; 38.4; 
567; 0; 2544.6817; 170; 38.6; 
567; 0; 2544.6817; 170; 38.8; 
567; 0; 2563.1831; 170; 39; 
567; 0; 2600.1714; 170; 39.2; 
567; 0; 2653.9581; 170; 39.4; 
567; 0; 2845.3331; 170; 39.6; 
567; 0; 3096.0415; 170; 39.8; 
567; 0; 3141.9468; 170; 40; 
567; 0; 3172.5665; 170; 40.2; 
567; 0; 3217.1016; 170; 40.4; 
567; 0; 3243.4041; 170; 40.6; 
567; 0; 3265.834; 170; 40.8; 
567; 0; 3278.0651; 170; 41; 
567; 0; 3290.0906; 170; 41.2; 
567; 0; 3292.0292; 170; 41.4; 
567; 0; 3293.9349; 170; 41.6; 
567; 0; 3285.9422; 170; 41.8; 
567; 0; 3287.8047; 170; 42; 
567; 0; 3289.6358; 170; 42.2; 
567; 0; 3291.4327; 170; 42.4; 
567; 0; 3293.1917; 170; 42.6; 
567; 0; 3294.9096; 170; 42.8; 
567; 0; 3296.5833; 170; 43; 
567; 0; 3298.2096; 170; 43.2; 
567; 0; 3299.7878; 170; 43.4; 
567; 0; 3301.3224; 170; 43.6; 
567; 0; 3302.8179; 170; 43.8; 
567; 0; 3304.2776; 170; 44; 
567; 0; 3305.7035; 170; 44.2; 
567; 0; 3307.0968; 170; 44.4; 
567; 0; 3308.4581; 170; 44.6; 
567; 0; 3309.7876; 170; 44.8; 
567; 0; 3311.085; 170; 45; 
567; 0; 3312.3502; 170; 45.2; 
567; 0; 3313.5827; 170; 45.4; 
567; 0; 3314.7821; 170; 45.6; 
567; 0; 3315.9479; 170; 45.8; 
567; 0; 3317.0796; 170; 46; 
567; 0; 3318.1767; 170; 46.2; 
567; 0; 3319.2388; 170; 46.4; 
567; 0; 3320.2654; 170; 46.6; 
567; 0; 3321.256; 170; 46.8; 
567; 0; 3322.2101; 170; 47; 
567; 0; 3323.1272; 170; 47.2; 
567; 0; 3333.5181; 170; 47.4; 
567; 0; 3334.3522; 170; 47.6; 
567; 0; 3335.1483; 170; 47.8; 
567; 0; 3335.9059; 170; 48; 
567; 0; 3336.6245; 170; 48.2; 
567; 0; 3337.3036; 170; 48.4; 
567; 0; 3347.3421; 170; 48.6; 
567; 0; 3347.9355; 170; 48.8; 
567; 0; 3348.4884; 170; 49; 
567; 0; 3349.0005; 170; 49.2; 
567; 0; 3349.4713; 170; 49.4; 
567; 0; 3349.9003; 170; 49.6; 
567; 0; 3359.5928; 170; 49.8; 
567; 0; 3359.9338; 170; 50; 
567; 0; 3360.2321; 170; 50.2; 
567; 0; 3360.4873; 170; 50.4; 
567; 0; 3369.9343; 170; 50.6; 
567; 0; 3370.1006; 170; 50.8; 
567; 0; 3370.2232; 170; 51; 
567; 0; 3370.3016; 170; 51.2; 
567; 0; 3379.5129; 170; 51.4; 
567; 0; 3379.5021; 170; 51.6; 
567; 0; 3379.4465; 170; 51.8; 
567; 0; 3388.4762; 170; 52; 
567; 0; 3388.3331; 170; 52.2; 
567; 0; 3388.1573; 170; 52.4; 
567; 0; 3387.9613; 170; 52.6; 
567; 0; 3392.9422; 170; 52.8; 
567; 0; 3392.7395; 170; 53; 
567; 0; 3392.5457; 170; 53.2; 
567; 0; 3392.3673; 170; 53.4; 
567; 0; 3397.351; 170; 53.6; 
567; 0; 3397.2196; 170; 53.8; 
567; 0; 3397.1157; 170; 54; 
567; 0; 3397.0406; 170; 54.2; 
567; 0; 3402.092; 170; 54.4; 
567; 0; 3402.0727; 170; 54.6; 
567; 0; 3402.0783; 170; 54.8; 
567; 0; 3402.1062; 170; 55; 
567; 0; 3407.2096; 170; 55.2; 
567; 0; 3407.2718; 170; 55.4; 
567; 0; 3407.3456; 170; 55.6; 
567; 0; 3407.4276; 170; 55.8; 
567; 0; 3407.5139; 170; 56; 
567; 0; 3412.6177; 170; 56.2; 
567; 0; 3412.7027; 170; 56.4; 
567; 0; 3412.7835; 170; 56.6; 
567; 0; 3412.8581; 170; 56.8; 
567; 0; 3417.9059; 170; 57; 
567; 0; 3417.964; 170; 57.2; 
567; 0; 3418.0134; 170; 57.4; 
567; 0; 3418.0542; 170; 57.6; 
567; 0; 3423.0364; 170; 57.8; 
567; 0; 3423.0615; 170; 58; 
567; 0; 3423.0801; 170; 58.2; 
567; 0; 3423.0935; 170; 58.4; 
567; 0; 3423.103; 170; 58.6; 
567; 0; 3428.033; 170; 58.8; 
567; 0; 3428.0383; 170; 59; 
567; 0; 3428.0432; 170; 59.2; 
567; 0; 3428.0485; 170; 59.4; 
567; 0; 3432.9561; 170; 59.6; 
567; 0; 3432.9643; 170; 59.8; 
567; 0; 3432.9746; 170; 60; 
567; 0; 3432.9871; 170; 60.2; 
567; 0; 3437.8847; 170; 60.4; 
567; 0; 3437.9012; 170; 60.6; 
567; 0; 3437.9193; 170; 60.8; 
567; 0; 3437.9386; 170; 61; 
567; 0; 3437.9588; 170; 61.2; 
567; 0; 3439.6869; 170; 61.4; 
567; 0; 3439.7075; 170; 61.6; 
567; 0; 3439.7279; 170; 61.8; 
567; 0; 3439.7477; 170; 62; 
567; 0; 3441.4371; 170; 62.2; 
567; 0; 3441.455; 170; 62.4; 
567; 0; 3441.472; 170; 62.6; 
567; 0; 3441.4879; 170; 62.8; 
567; 0; 3441.5026; 170; 63; 
567; 0; 3443.1531; 170; 63.2; 
567; 0; 3443.1658; 170; 63.4; 
567; 0; 3443.1777; 170; 63.6; 
567; 0; 3443.1891; 170; 63.8; 
567; 0; 3443.2001; 170; 64; 
567; 0; 3444.8176; 170; 64.2; 
567; 0; 3444.8281; 170; 64.4; 
567; 0; 3444.8386; 170; 64.6; 
567; 0; 3444.8487; 170; 64.8; 
567; 0; 3444.8615; 170; 65; 
567; 0; 3446.4656; 170; 65.2; 
567; 0; 3446.5087; 170; 65.4; 
567; 0; 3446.5773; 170; 65.6; 
567; 0; 3446.6768; 170; 65.8; 
567; 0; 3446.8121; 170; 66; 
567; 0; 3448.5412; 170; 66.2; 
567; 0; 3448.759; 170; 66.4; 
567; 0; 3449.0215; 170; 66.6; 
567; 0; 3449.3212; 170; 66.8; 
567; 0; 3449.6462; 170; 67; 
567; 0; 3449.9841; 170; 67.2; 
567; 0; 3451.8459; 170; 67.4; 
567; 0; 3452.1744; 170; 67.6; 
567; 0; 3452.4864; 170; 67.8; 
567; 0; 3452.7767; 170; 68; 
567; 0; 3453.043; 170; 68.2; 
567; 0; 3453.2852; 170; 68.4; 
567; 0; 3454.9991; 170; 68.6; 
567; 0; 3455.1974; 170; 68.8; 
567; 0; 3455.3793; 170; 69; 
567; 0; 3455.5482; 170; 69.2; 
567; 0; 3455.7072; 170; 69.4; 
567; 0; 3457.3345; 170; 69.6; 
567; 0; 3457.4794; 170; 69.8; 
567; 0; 3457.62; 170; 70; 
567; 0; 3429.2348; 170; 70.2; 
567; 0; 3390.3813; 170; 70.4; 
567; 0; 3351.5166; 170; 70.6; 
567; 0; 3314.3415; 170; 70.8; 
567; 0; 3274.7802; 170; 71; 
567; 0; 3235.2073; 170; 71.2; 
567; 0; 3195.6232; 170; 71.4; 
567; 0; 3155.1056; 170; 71.6; 
567; 0; 3115.5; 170; 71.8; 
567; 0; 3078.1395; 170; 72; 
567; 0; 3044.04; 170; 72.2; 
567; 0; 3009.9337; 170; 72.4; 
567; 0; 2977.4473; 170; 72.6; 
567; 0; 2944.9556; 170; 72.8; 
567; 0; 2913.2723; 170; 73; 
567; 0; 2879.1884; 170; 73.2; 
567; 0; 2844.6861; 170; 73.4; 
567; 0; 2811.1129; 170; 73.6; 
567; 0; 2778.4694; 170; 73.8; 
567; 0; 2747.6893; 170; 74; 
567; 0; 2716.9061; 170; 74.2; 
567; 0; 2687.987; 170; 74.4; 
567; 0; 2661.0122; 170; 74.6; 
567; 0; 2637.8018; 170; 74.8; 
567; 0; 2618.7936; 170; 75; 
567; 0; 2597.5183; 170; 75.2; 
567; 0; 2576.2415; 170; 75.4; 
567; 0; 2556.54; 170; 75.6; 
567; 0; 2536.8374; 170; 75.8; 
567; 0; 2514.1545; 170; 76; 
567; 0; 2491.8475; 170; 76.2; 
567; 0; 2470.5096; 170; 76.4; 
567; 0; 2450.1409; 170; 76.6; 
567; 0; 2430.7415; 170; 76.8; 
567; 0; 2411.3413; 170; 77; 
567; 0; 2393.8813; 170; 77.2; 
567; 0; 2376.4214; 170; 77.4; 
567; 0; 2360.9023; 170; 77.6; 
567; 0; 2345.3832; 170; 77.8; 
567; 0; 2329.8638; 170; 78; 
567; 0; 2323.3409; 170; 78.2; 
567; 0; 2311.5455; 170; 78.4; 
567; 0; 2299.8745; 170; 78.6; 
567; 0; 2289.0367; 170; 78.8; 
567; 0; 2278.1981; 170; 79; 
567; 0; 2268.1928; 170; 79.2; 
567; 0; 2258.1868; 170; 79.4; 
567; 0; 2249.0144; 170; 79.6; 
567; 0; 2239.8417; 170; 79.8; 
567; 0; 2230.6688; 170; 80; 
567; 0; 2222.3297; 170; 80.2; 
567; 0; 2214.8246; 170; 80.4; 
567; 0; 2207.3194; 170; 80.6; 
567; 0; 2199.1483; 170; 80.8; 
567; 0; 2191.3979; 170; 81; 
567; 0; 2184.6164; 170; 81.2; 
567; 0; 2176.866; 170; 81.4; 
567; 0; 2170.0844; 170; 81.6; 
567; 0; 2163.3026; 170; 81.8; 
567; 0; 2157.4896; 170; 82; 
567; 0; 2151.6765; 170; 82.2; 
567; 0; 2146.8322; 170; 82.4; 
567; 0; 2141.0189; 170; 82.6; 
567; 0; 2136.1744; 170; 82.8; 
567; 0; 2131.3299; 170; 83; 
567; 0; 2127.4542; 170; 83.2; 
567; 0; 2123.5785; 170; 83.4; 
567; 0; 2119.7027; 170; 83.6; 
567; 0; 2115.8269; 170; 83.8; 
567; 0; 2111.951; 170; 84; 
567; 0; 2109.0441; 170; 84.2; 
567; 0; 2106.1372; 170; 84.4; 
567; 0; 2103.2302; 170; 84.6; 
567; 0; 2100.3233; 170; 84.8; 
567; 0; 2097.4164; 170; 85; 
567; 0; 2095.4784; 170; 85.2; 
567; 0; 2093.5404; 170; 85.4; 
567; 0; 2091.6023; 170; 85.6; 
567; 0; 2089.6642; 170; 85.8; 
567; 0; 2087.7261; 170; 86; 
567; 0; 2085.788; 170; 86.2; 
567; 0; 2084.8188; 170; 86.4; 
567; 0; 2082.8806; 170; 86.6; 
567; 0; 2081.9114; 170; 86.8; 
567; 0; 2080.9421; 170; 87; 
567; 0; 2079.9729; 170; 87.2; 
567; 0; 2079.0036; 170; 87.4; 
567; 0; 2078.0344; 170; 87.6; 
567; 0; 2078.034; 170; 87.8; 
567; 0; 2077.0647; 170; 88; 
567; 0; 2076.0954; 170; 88.2; 
567; 0; 2076.095; 170; 88.4; 
567; 0; 2076.0946; 170; 88.6; 
567; 0; 2075.1252; 170; 88.8; 
567; 0; 2075.1248; 170; 89; 
567; 0; 2075.1244; 170; 89.2; 
567; 0; 2075.1241; 170; 89.4; 
567; 0; 2075.1238; 170; 89.6; 
567; 0; 2075.1235; 170; 89.8; 
567; 0; 2075.1231; 170; 90; 
567; 0; 2075.1228; 170; 90.2; 
567; 0; 2075.1224; 170; 90.4; 
567; 0; 2075.122; 170; 90.6; 
567; 0; 2075.1216; 170; 90.8; 
567; 0; 2076.09; 170; 91; 
567; 0; 2065.598; 170; 91.2; 
567; 0; 2065.5975; 170; 91.4; 
567; 0; 2066.578; 170; 91.6; 
567; 0; 2066.5776; 170; 91.8; 
567; 0; 2067.5581; 170; 92; 
567; 0; 2067.5578; 170; 92.2; 
567; 0; 2068.5384; 170; 92.4; 
567; 0; 2069.519; 170; 92.6; 
567; 0; 2070.4995; 170; 92.8; 
567; 0; 2070.4991; 170; 93; 
567; 0; 2071.4796; 170; 93.2; 
567; 0; 2072.4601; 170; 93.4; 
567; 0; 2073.4406; 170; 93.6; 
567; 0; 2074.4211; 170; 93.8; 
567; 0; 2075.4016; 170; 94; 
567; 0; 2076.3821; 170; 94.2; 
567; 0; 2077.3626; 170; 94.4; 
567; 0; 2078.3431; 170; 94.6; 
567; 0; 2079.3236; 170; 94.8; 
567; 0; 2080.3041; 170; 95; 
567; 0; 2081.2847; 170; 95.2; 
567; 0; 2082.2654; 170; 95.4; 
567; 0; 2084.2291; 170; 95.6; 
567; 0; 2088.1603; 170; 95.8; 
567; 0; 2093.0811; 170; 96; 
567; 0; 2099.9754; 170; 96.2; 
567; 0; 2109.8275; 170; 96.4; 
567; 0; 2120.6783; 170; 96.6; 
567; 0; 2134.4933; 170; 96.8; 
567; 0; 2150.2946; 170; 97; 
567; 0; 2167.1039; 170; 97.2; 
567; 0; 2183.9398; 170; 97.4; 
567; 0; 2199.8428; 170; 97.6; 
567; 0; 2212.6885; 170; 97.8; 
567; 0; 2225.5451; 170; 98; 
567; 0; 2237.5608; 170; 98.2; 
567; 0; 2247.8832; 170; 98.4; 
567; 0; 2258.2088; 170; 98.6; 
567; 0; 2267.687; 170; 98.8; 
567; 0; 2276.3172; 170; 99; 
567; 0; 2284.9499; 170; 99.2; 
567; 0; 2293.5861; 170; 99.4; 
567; 0; 2294.3037; 170; 99.6; 
567; 0; 2303.0921; 170; 99.8; 
567; 0; 2311.0226; 170; 100; 
567; 0; 2319.8253; 170; 100.2; 
567; 0; 2328.558; 170; 100.4; 
567; 0; 2337.6668; 170; 100.6; 
567; 0; 2346.7837; 170; 100.8; 
567; 0; 2355.9082; 170; 101; 
567; 0; 2364.0473; 170; 101.2; 
567; 0; 2372.1922; 170; 101.4; 
567; 0; 2379.3494; 170; 101.6; 
567; 0; 2386.5106; 170; 101.8; 
567; 0; 2393.6757; 170; 102; 
567; 0; 2399.8508; 170; 102.2; 
567; 0; 2406.0293; 170; 102.4; 
567; 0; 2412.2112; 170; 102.6; 
567; 0; 2418.3968; 170; 102.8; 
567; 0; 2423.5912; 170; 103; 
567; 0; 2428.7889; 170; 103.2; 
567; 0; 2433.9902; 170; 103.4; 
567; 0; 2438.1993; 170; 103.6; 
567; 0; 2442.4116; 170; 103.8; 
567; 0; 2447.6235; 170; 104; 
567; 0; 2451.8423; 170; 104.2; 
567; 0; 2455.0671; 170; 104.4; 
567; 0; 2459.2915; 170; 104.6; 
567; 0; 2462.5213; 170; 104.8; 
567; 0; 2465.7532; 170; 105; 
567; 0; 2468.9874; 170; 105.2; 
567; 0; 2472.2234; 170; 105.4; 
567; 0; 2474.4627; 170; 105.6; 
567; 0; 2477.7025; 170; 105.8; 
567; 0; 2479.9449; 170; 106; 
567; 0; 2482.1889; 170; 106.2; 
567; 0; 2484.4343; 170; 106.4; 
567; 0; 2486.6814; 170; 106.6; 
567; 0; 2487.9293; 170; 106.8; 
567; 0; 2490.1793; 170; 107; 
567; 0; 2491.4298; 170; 107.2; 
567; 0; 2493.6829; 170; 107.4; 
567; 0; 2494.9357; 170; 107.6; 
567; 0; 2496.1895; 170; 107.8; 
567; 0; 2497.4443; 170; 108; 
567; 0; 2498.7; 170; 108.2; 
567; 0; 2499.9566; 170; 108.4; 
567; 0; 2500.2108; 170; 108.6; 
567; 0; 2501.4692; 170; 108.8; 
567; 0; 2501.7246; 170; 109; 
567; 0; 2502.9845; 170; 109.2; 
567; 0; 2503.2409; 170; 109.4; 
567; 0; 2503.4976; 170; 109.6; 
567; 0; 2504.4994; 170; 109.8; 
567; 0; 2504.6499; 170; 110; 
567; 0; 2504.8007; 170; 110.2; 
567; 0; 2504.9518; 170; 110.4; 
567; 0; 2505.1031; 170; 110.6; 
567; 0; 2505.2548; 170; 110.8; 
567; 0; 2505.4067; 170; 111; 
567; 0; 2505.5589; 170; 111.2; 
567; 0; 2505.7114; 170; 111.4; 
567; 0; 2505.0452; 170; 111.6; 
567; 0; 2505.198; 170; 111.8; 
567; 0; 2505.3512; 170; 112; 
567; 0; 2504.685; 170; 112.2; 
567; 0; 2504.8384; 170; 112.4; 
567; 0; 2504.9922; 170; 112.6; 
567; 0; 2504.3258; 170; 112.8; 
567; 0; 2504.48; 170; 113; 
567; 0; 2503.8135; 170; 113.2; 
567; 0; 2503.968; 170; 113.4; 
567; 0; 2503.3013; 170; 113.6; 
567; 0; 2503.4561; 170; 113.8; 
567; 0; 2502.7893; 170; 114; 
567; 0; 2502.9446; 170; 114.2; 
567; 0; 2507.7871; 170; 114.4; 
567; 0; 2507.1252; 170; 114.6; 
567; 0; 2507.2731; 170; 114.8; 
567; 0; 2506.6111; 170; 115; 
567; 0; 2505.9488; 170; 115.2; 
567; 0; 2506.0972; 170; 115.4; 
567; 0; 2505.4349; 170; 115.6; 
567; 0; 2504.7723; 170; 115.8; 
567; 0; 2504.1095; 170; 116; 
567; 0; 2503.398; 170; 116.2; 
567; 0; 2502.655; 170; 116.4; 
567; 0; 2501.9117; 170; 116.6; 
567; 0; 2501.1681; 170; 116.8; 
567; 0; 2501.4248; 170; 117; 
567; 0; 2500.681; 170; 117.2; 
567; 0; 2499.9369; 170; 117.4; 
567; 0; 2499.1925; 170; 117.6; 
567; 0; 2498.448; 170; 117.8; 
567; 0; 2497.7032; 170; 118; 
567; 0; 2496.9582; 170; 118.2; 
567; 0; 2496.213; 170; 118.4; 
567; 0; 2495.4675; 170; 118.6; 
567; 0; 2494.7219; 170; 118.8; 
567; 0; 2493.9759; 170; 119; 
567; 0; 2493.2296; 170; 119.2; 
567; 0; 2492.4832; 170; 119.4; 
567; 0; 2491.7366; 170; 119.6; 
567; 0; 2490.9897; 170; 119.8; 
567; 0; 2490.2425; 170; 120; 
567; 0; 2490.5004; 170; 120.2; 
567; 0; 2489.753; 170; 120.4; 
567; 0; 2489.0052; 170; 120.6; 
567; 0; 2488.2572; 170; 120.8; 
567; 0; 2487.5089; 170; 121; 
567; 0; 2486.7603; 170; 121.2; 
567; 0; 2487.0188; 170; 121.4; 
567; 0; 2486.2701; 170; 121.6; 
567; 0; 2485.521; 170; 121.8; 
567; 0; 2484.7716; 170; 122; 
567; 0; 2484.0221; 170; 122.2; 
567; 0; 2483.2724; 170; 122.4; 
567; 0; 2483.5315; 170; 122.6; 
567; 0; 2482.7815; 170; 122.8; 
567; 0; 2482.0313; 170; 123; 
567; 0; 2481.2808; 170; 123.2; 
567; 0; 2481.5404; 170; 123.4; 
567; 0; 2480.7897; 170; 123.6; 
567; 0; 2480.0386; 170; 123.8; 
567; 0; 2479.2873; 170; 124; 
567; 0; 2479.5475; 170; 124.2; 
567; 0; 2478.796; 170; 124.4; 
567; 0; 2478.0441; 170; 124.6; 
567; 0; 2478.3047; 170; 124.8; 
567; 0; 2477.5526; 170; 125; 
567; 0; 2476.8002; 170; 125.2; 
567; 0; 2477.0613; 170; 125.4; 
567; 0; 2476.3087; 170; 125.6; 
567; 0; 2475.5559; 170; 125.8; 
567; 0; 2475.8175; 170; 126; 
567; 0; 2475.0644; 170; 126.2; 
567; 0; 2474.3111; 170; 126.4; 
567; 0; 2474.5729; 170; 126.6; 
567; 0; 2473.8192; 170; 126.8; 
567; 0; 2473.0653; 170; 127; 
567; 0; 2473.3277; 170; 127.2; 
567; 0; 2472.5737; 170; 127.4; 
567; 0; 2471.8193; 170; 127.6; 
567; 0; 2472.0822; 170; 127.8; 
567; 0; 2471.3276; 170; 128; 
567; 0; 2471.591; 170; 128.2; 
567; 0; 2470.8361; 170; 128.4; 
567; 0; 2471.0995; 170; 128.6; 
567; 0; 2471.3625; 170; 128.8; 
567; 0; 2471.6244; 170; 129; 
567; 0; 2469.8421; 170; 129.2; 
567; 0; 2468.0471; 170; 129.4; 
567; 0; 2464.1927; 170; 129.6; 
567; 0; 2458.2728; 170; 129.8; 
567; 0; 2451.3041; 170; 130; 
567; 0; 2443.2842; 170; 130.2; 
567; 0; 2432.1696; 170; 130.4; 
567; 0; 2420.0016; 170; 130.6; 
567; 0; 2405.7593; 170; 130.8; 
567; 0; 2390.4646; 170; 131; 
567; 0; 2374.1204; 170; 131.2; 
567; 0; 2356.7332; 170; 131.4; 
567; 0; 2339.3338; 170; 131.6; 
567; 0; 2323.9733; 170; 131.8; 
567; 0; 2312.1435; 170; 132; 
567; 0; 2302.3101; 170; 132.2; 
567; 0; 2294.2704; 170; 132.4; 
567; 0; 2293.86; 170; 132.6; 
567; 0; 2287.7242; 170; 132.8; 
567; 0; 2281.5973; 170; 133; 
567; 0; 2274.5988; 170; 133.2; 
567; 0; 2267.6023; 170; 133.4; 
567; 0; 2260.6045; 170; 133.6; 
567; 0; 2252.725; 170; 133.8; 
567; 0; 2243.9622; 170; 134; 
567; 0; 2235.193; 170; 134.2; 
567; 0; 2226.4178; 170; 134.4; 
567; 0; 2217.638; 170; 134.6; 
567; 0; 2209.7327; 170; 134.8; 
567; 0; 2200.9482; 170; 135; 
567; 0; 2193.9189; 170; 135.2; 
567; 0; 2186.8907; 170; 135.4; 
567; 0; 2179.8641; 170; 135.6; 
567; 0; 2173.7171; 170; 135.8; 
567; 0; 2168.4497; 170; 136; 
567; 0; 2163.184; 170; 136.2; 
567; 0; 2157.6507; 170; 136.4; 
567; 0; 2152.5557; 170; 136.6; 
567; 0; 2147.461; 170; 136.8; 
567; 0; 2142.3661; 170; 137; 
567; 0; 2137.2706; 170; 137.2; 
567; 0; 2132.1741; 170; 137.4; 
567; 0; 2127.0767; 170; 137.6; 
567; 0; 2122.998; 170; 137.8; 
567; 0; 2118.9186; 170; 138; 
567; 0; 2114.8386; 170; 138.2; 
567; 0; 2110.7584; 170; 138.4; 
567; 0; 2106.6782; 170; 138.6; 
567; 0; 2103.6179; 170; 138.8; 
567; 0; 2100.5577; 170; 139; 
567; 0; 2097.4977; 170; 139.2; 
567; 0; 2094.4381; 170; 139.4; 
567; 0; 2092.3983; 170; 139.6; 
567; 0; 2090.3587; 170; 139.8; 
567; 0; 2087.2996; 170; 140; 
567; 0; 2085.2603; 170; 140.2; 
567; 0; 2083.2209; 170; 140.4; 
567; 0; 2082.201; 170; 140.6; 
567; 0; 2080.1614; 170; 140.8; 
567; 0; 2078.1218; 170; 141; 
567; 0; 2077.1017; 170; 141.2; 
567; 0; 2075.0618; 170; 141.4; 
567; 0; 2074.0415; 170; 141.6; 
567; 0; 2073.0211; 170; 141.8; 
567; 0; 2072.0007; 170; 142; 
567; 0; 2070.9802; 170; 142.2; 
567; 0; 2069.9599; 170; 142.4; 
567; 0; 2068.9396; 170; 142.6; 
567; 0; 2068.939; 170; 142.8; 
567; 0; 2067.9188; 170; 143; 
567; 0; 2066.8986; 170; 143.2; 
567; 0; 2066.8979; 170; 143.4; 
567; 0; 2065.8776; 170; 143.6; 
567; 0; 2065.8769; 170; 143.8; 
567; 0; 2065.8763; 170; 144; 
567; 0; 2065.8756; 170; 144.2; 
567; 0; 2064.8554; 170; 144.4; 
567; 0; 2064.8547; 170; 144.6; 
567; 0; 2064.8541; 170; 144.8; 
567; 0; 2064.8535; 170; 145; 
567; 0; 2064.853; 170; 145.2; 
567; 0; 2064.8524; 170; 145.4; 
567; 0; 2065.8721; 170; 145.6; 
567; 0; 2067.9155; 170; 145.8; 
567; 0; 2070.9866; 170; 146; 
567; 0; 2077.1285; 170; 146.2; 
567; 0; 2085.3249; 170; 146.4; 
567; 0; 2085.9299; 170; 146.6; 
567; 0; 2099.4333; 170; 146.8; 
567; 0; 2113.995; 170; 147; 
567; 0; 2129.6174; 170; 147.2; 
567; 0; 2145.266; 170; 147.4; 
567; 0; 2159.3908; 170; 147.6; 
567; 0; 2171.1213; 170; 147.8; 
567; 0; 2181.9664; 170; 148; 
567; 0; 2191.9223; 170; 148.2; 
567; 0; 2200.9858; 170; 148.4; 
567; 0; 2209.1547; 170; 148.6; 
567; 0; 2217.3224; 170; 148.8; 
567; 0; 2224.5951; 170; 149; 
567; 0; 2230.9733; 170; 149.2; 
567; 0; 2237.3526; 170; 149.4; 
567; 0; 2244.6296; 170; 149.6; 
567; 0; 2251.0159; 170; 149.8; 
567; 0; 2257.4072; 170; 150; 
567; 0; 2264.6997; 170; 150.2; 
567; 0; 2271.1025; 170; 150.4; 
567; 0; 2277.5108; 170; 150.6; 
567; 0; 2283.9244; 170; 150.8; 
567; 0; 2289.4459; 170; 151; 
567; 0; 2294.9711; 170; 151.2; 
567; 0; 2300.4992; 170; 151.4; 
567; 0; 2305.1326; 170; 151.6; 
567; 0; 2309.7679; 170; 151.8; 
567; 0; 2314.4049; 170; 152; 
567; 0; 2319.0435; 170; 152.2; 
567; 0; 2322.8484; 170; 152.4; 
567; 0; 2327.1365; 170; 152.6; 
567; 0; 2331.4266; 170; 152.8; 
567; 0; 2334.6896; 170; 153; 
567; 0; 2338.9841; 170; 153.2; 
567; 0; 2342.2513; 170; 153.4; 
567; 0; 2346.5507; 170; 153.6; 
567; 0; 2349.8224; 170; 153.8; 
567; 0; 2353.0962; 170; 154; 
567; 0; 2355.3411; 170; 154.2; 
567; 0; 2358.6187; 170; 154.4; 
567; 0; 2361.8981; 170; 154.6; 
567; 0; 2364.1476; 170; 154.8; 
567; 0; 2366.3984; 170; 155; 
567; 0; 2368.6504; 170; 155.2; 
567; 0; 2370.9034; 170; 155.4; 
567; 0; 2373.1576; 170; 155.6; 
567; 0; 2374.38; 170; 155.8; 
567; 0; 2376.6362; 170; 156; 
567; 0; 2377.8601; 170; 156.2; 
567; 0; 2380.1185; 170; 156.4; 
567; 0; 2381.3442; 170; 156.6; 
567; 0; 2382.5708; 170; 156.8; 
567; 0; 2383.7983; 170; 157; 
567; 0; 2385.0266; 170; 157.2; 
567; 0; 2386.2556; 170; 157.4; 
567; 0; 2387.4854; 170; 157.6; 
567; 0; 2388.716; 170; 157.8; 
567; 0; 2389.9474; 170; 158; 
567; 0; 2390.1435; 170; 158.2; 
567; 0; 2391.3763; 170; 158.4; 
567; 0; 2391.5733; 170; 158.6; 
567; 0; 2392.8073; 170; 158.8; 
567; 0; 2393.0049; 170; 159; 
567; 0; 2394.24; 170; 159.2; 
567; 0; 2394.4382; 170; 159.4; 
567; 0; 2394.6367; 170; 159.6; 
567; 0; 2395.8736; 170; 159.8; 
567; 0; 2396.0728; 170; 160; 
567; 0; 2396.2722; 170; 160.2; 
567; 0; 2396.4718; 170; 160.4; 
567; 0; 2396.6716; 170; 160.6; 
567; 0; 2396.8717; 170; 160.8; 
567; 0; 2397.0721; 170; 161; 
567; 0; 2398.3127; 170; 161.2; 
567; 0; 2398.5133; 170; 161.4; 
567; 0; 2398.7131; 170; 161.6; 
567; 0; 2398.9113; 170; 161.8; 
567; 0; 2399.107; 170; 162; 
567; 0; 2399.2994; 170; 162.2; 
567; 0; 2399.4875; 170; 162.4; 
567; 0; 2399.6707; 170; 162.6; 
567; 0; 2399.8499; 170; 162.8; 
567; 0; 2401.0694; 170; 163; 
567; 0; 2403.3327; 170; 163.2; 
567; 0; 2406.6432; 170; 163.4; 
567; 0; 2411.0044; 170; 163.6; 
567; 0; 2416.4187; 170; 163.8; 
567; 0; 2422.8878; 170; 164; 
567; 0; 2429.3685; 170; 164.2; 
567; 0; 2435.8605; 170; 164.4; 
567; 0; 2441.3181; 170; 164.6; 
567; 0; 2444.6911; 170; 164.8; 
567; 0; 2445.9518; 170; 165; 
567; 0; 2445.0925; 170; 165.2; 
567; 0; 2442.1256; 170; 165.4; 
567; 0; 2435.9988; 170; 165.6; 
567; 0; 2428.7979; 170; 165.8; 
567; 0; 2419.4741; 170; 166; 
567; 0; 2408.0259; 170; 166.2; 
567; 0; 2393.4073; 170; 166.4; 
567; 0; 2377.7115; 170; 166.6; 
567; 0; 2359.8953; 170; 166.8; 
567; 0; 2341.0117; 170; 167; 
567; 0; 2322.1465; 170; 167.2; 
567; 0; 2308.3865; 170; 167.4; 
567; 0; 2297.3697; 170; 167.6; 
567; 0; 2290.0137; 170; 167.8; 
567; 0; 2287.2338; 170; 168; 
567; 0; 2287.2064; 170; 168.2; 
567; 0; 2289.9327; 170; 168.4; 
567; 0; 2292.6761; 170; 168.6; 
567; 0; 2295.4363; 170; 168.8; 
567; 0; 2296.3853; 170; 169; 
567; 0; 2294.605; 170; 169.2; 
567; 0; 2291.0011; 170; 169.4; 
567; 0; 2284.6537; 170; 169.6; 
567; 0; 2278.2957; 170; 169.8; 
567; 0; 2270.0985; 170; 170; 
567; 0; 2260.9744; 170; 170.2; 
567; 0; 2250.9252; 170; 170.4; 
567; 0; 2240.8674; 170; 170.6; 
567; 0; 2230.8047; 170; 170.8; 
567; 0; 2221.6538; 170; 171; 
567; 0; 2220.9685; 170; 171.2; 
567; 0; 2213.7644; 170; 171.4; 
567; 0; 2207.4635; 170; 171.6; 
567; 0; 2202.0661; 170; 171.8; 
567; 0; 2196.6733; 170; 172; 
567; 0; 2192.1826; 170; 172.2; 
567; 0; 2187.6945; 170; 172.4; 
567; 0; 2182.3092; 170; 172.6; 
567; 0; 2177.8227; 170; 172.8; 
567; 0; 2173.3355; 170; 173; 
567; 0; 2167.9485; 170; 173.2; 
567; 0; 2163.4584; 170; 173.4; 
567; 0; 2158.0683; 170; 173.6; 
567; 0; 2153.5754; 170; 173.8; 
567; 0; 2149.0815; 170; 174; 
567; 0; 2144.587; 170; 174.2; 
567; 0; 2140.0922; 170; 174.4; 
567; 0; 2134.9036; 170; 174.6; 
567; 0; 2130.7251; 170; 174.8; 
567; 0; 2126.5472; 170; 175; 
567; 0; 2123.4139; 170; 175.2; 
567; 0; 2119.2375; 170; 175.4; 
567; 0; 2116.1055; 170; 175.6; 
567; 0; 2112.974; 170; 175.8; 
567; 0; 2109.8428; 170; 176; 
567; 0; 2106.7117; 170; 176.2; 
567; 0; 2104.6244; 170; 176.4; 
567; 0; 2101.4931; 170; 176.6; 
567; 0; 2099.4054; 170; 176.8; 
567; 0; 2097.3176; 170; 177; 
567; 0; 2095.2295; 170; 177.2; 
567; 0; 2093.1411; 170; 177.4; 
567; 0; 2091.0526; 170; 177.6; 
567; 0; 2088.9639; 170; 177.8; 
567; 0; 2086.8753; 170; 178; 
567; 0; 2085.8307; 170; 178.2; 
567; 0; 2083.7423; 170; 178.4; 
567; 0; 2082.6979; 170; 178.6; 
567; 0; 2080.6097; 170; 178.8; 
567; 0; 2079.5655; 170; 179; 
567; 0; 2078.5213; 170; 179.2; 
567; 0; 2077.477; 170; 179.4; 
567; 0; 2076.4327; 170; 179.6; 
567; 0; 2075.3883; 170; 179.8; 
567; 0; 2075.3878; 170; 180; 
567; 0; 2074.3435; 170; 180.2; 
567; 0; 2073.2992; 170; 180.4; 
567; 0; 2073.2987; 170; 180.6; 
567; 0; 2072.2543; 170; 180.8; 
567; 0; 2072.2537; 170; 181; 
567; 0; 2071.2093; 170; 181.2; 
567; 0; 2071.2088; 170; 181.4; 
567; 0; 2070.1643; 170; 181.6; 
567; 0; 2070.1637; 170; 181.8; 
567; 0; 2070.1632; 170; 182; 
567; 0; 2070.1626; 170; 182.2; 
567; 0; 2069.1182; 170; 182.4; 
567; 0; 2069.1177; 170; 182.6; 
567; 0; 2069.1172; 170; 182.8; 
567; 0; 2069.1167; 170; 183; 
567; 0; 2069.1161; 170; 183.2; 
567; 0; 2069.1155; 170; 183.4; 
567; 0; 2069.115; 170; 183.6; 
567; 0; 2069.1145; 170; 183.8; 
567; 0; 2069.1139; 170; 184; 
567; 0; 2069.1135; 170; 184.2; 
567; 0; 2069.113; 170; 184.4; 
567; 0; 2069.1125; 170; 184.6; 
567; 0; 2070.1559; 170; 184.8; 
567; 0; 2070.1554; 170; 185; 
567; 0; 2070.1549; 170; 185.2; 
567; 0; 2070.1544; 170; 185.4; 
567; 0; 2070.1539; 170; 185.6; 
567; 0; 2070.1533; 170; 185.8; 
567; 0; 2071.1966; 170; 186; 
567; 0; 2071.196; 170; 186.2; 
567; 0; 2071.1955; 170; 186.4; 
567; 0; 2061.5035; 170; 186.6; 
567; 0; 2062.5598; 170; 186.8; 
567; 0; 2062.5592; 170; 187; 
567; 0; 2062.5587; 170; 187.2; 
567; 0; 2063.615; 170; 187.4; 
567; 0; 2063.6145; 170; 187.6; 
567; 0; 2064.6707; 170; 187.8; 
567; 0; 2064.6702; 170; 188; 
567; 0; 2065.7265; 170; 188.2; 
567; 0; 2065.7261; 170; 188.4; 
567; 0; 2066.7824; 170; 188.6; 
567; 0; 2066.7819; 170; 188.8; 
567; 0; 2067.8381; 170; 189; 
567; 0; 2068.8944; 170; 189.2; 
567; 0; 2068.8939; 170; 189.4; 
567; 0; 2069.9502; 170; 189.6; 
567; 0; 2071.0065; 170; 189.8; 
567; 0; 2071.0059; 170; 190; 
567; 0; 2072.0622; 170; 190.2; 
567; 0; 2073.1184; 170; 190.4; 
567; 0; 2074.1745; 170; 190.6; 
567; 0; 2074.1736; 170; 190.8; 
567; 0; 2075.2295; 170; 191; 
567; 0; 2075.2286; 170; 191.2; 
567; 0; 2076.2846; 170; 191.4; 
567; 0; 2077.3407; 170; 191.6; 
567; 0; 2077.3403; 170; 191.8; 
567; 0; 2078.3968; 170; 192; 
567; 0; 2079.4535; 170; 192.2; 
567; 0; 2079.4533; 170; 192.4; 
567; 0; 2080.5099; 170; 192.6; 
567; 0; 2080.5097; 170; 192.8; 
567; 0; 2081.5662; 170; 193; 
567; 0; 2081.5658; 170; 193.2; 
567; 0; 2082.6221; 170; 193.4; 
567; 0; 2082.6217; 170; 193.6; 
567; 0; 2083.678; 170; 193.8; 
567; 0; 2083.6775; 170; 194; 
567; 0; 2084.7338; 170; 194.2; 
567; 0; 2084.7333; 170; 194.4; 
567; 0; 2085.7896; 170; 194.6; 
567; 0; 2085.7891; 170; 194.8; 
567; 0; 2085.7886; 170; 195; 
567; 0; 2086.845; 170; 195.2; 
567; 0; 2086.8445; 170; 195.4; 
567; 0; 2087.9007; 170; 195.6; 
567; 0; 2087.9002; 170; 195.8; 
567; 0; 2087.8997; 170; 196; 
567; 0; 2088.9559; 170; 196.2; 
567; 0; 2088.9554; 170; 196.4; 
567; 0; 2088.955; 170; 196.6; 
567; 0; 2088.9545; 170; 196.8; 
567; 0; 2090.0108; 170; 197; 
567; 0; 2090.0104; 170; 197.2; 
567; 0; 2090.01; 170; 197.4; 
567; 0; 2091.0663; 170; 197.6; 
567; 0; 2091.0658; 170; 197.8; 
567; 0; 2091.0654; 170; 198; 
567; 0; 2091.0649; 170; 198.2; 
567; 0; 2092.1213; 170; 198.4; 
567; 0; 2092.121; 170; 198.6; 
567; 0; 2092.1206; 170; 198.8; 
567; 0; 2092.1202; 170; 199; 
567; 0; 2093.1766; 170; 199.2; 
567; 0; 2093.1761; 170; 199.4; 
567; 0; 2093.1756; 170; 199.6; 
567; 0; 2093.1751; 170; 199.8; 
567; 0; 2093.1746; 170; 200; 
567; 0; 2094.2309; 170; 200.2; 
567; 0; 2094.2305; 170; 200.4; 
567; 0; 2094.2301; 170; 200.6; 
567; 0; 2094.2297; 170; 200.8; 
567; 0; 2094.2293; 170; 201; 
567; 0; 2094.2289; 170; 201.2; 
567; 0; 2095.2852; 170; 201.4; 
567; 0; 2095.2848; 170; 201.6; 
567; 0; 2095.2844; 170; 201.8; 
567; 0; 2095.2841; 170; 202; 
567; 0; 2095.2837; 170; 202.2; 
567; 0; 2095.2834; 170; 202.4; 
567; 0; 2096.3397; 170; 202.6; 
567; 0; 2096.3393; 170; 202.8; 
567; 0; 2096.3388; 170; 203; 
567; 0; 2096.3384; 170; 203.2; 
567; 0; 2096.3379; 170; 203.4; 
567; 0; 2096.3375; 170; 203.6; 
567; 0; 2096.3371; 170; 203.8; 
567; 0; 2096.3367; 170; 204; 
567; 0; 2097.3931; 170; 204.2; 
567; 0; 2097.3928; 170; 204.4; 
567; 0; 2097.3924; 170; 204.6; 
567; 0; 2097.392; 170; 204.8; 
567; 0; 2097.3915; 170; 205; 
567; 0; 2097.3911; 170; 205.2; 
567; 0; 2097.3906; 170; 205.4; 
567; 0; 2097.3903; 170; 205.6; 
567; 0; 2097.3898; 170; 205.8; 
567; 0; 2097.3894; 170; 206; 
567; 0; 2098.4458; 170; 206.2; 
567; 0; 2098.4455; 170; 206.4; 
567; 0; 2098.4452; 170; 206.6; 
567; 0; 2098.4449; 170; 206.8; 
567; 0; 2098.4446; 170; 207; 
567; 0; 2098.4442; 170; 207.2; 
567; 0; 2098.4438; 170; 207.4; 
567; 0; 2098.4435; 170; 207.6; 
567; 0; 2098.4431; 170; 207.8; 
567; 0; 2098.4427; 170; 208; 
567; 0; 2099.499; 170; 208.2; 
567; 0; 2099.4986; 170; 208.4; 
567; 0; 2099.4982; 170; 208.6; 
567; 0; 2099.4978; 170; 208.8; 
567; 0; 2099.4974; 170; 209; 
567; 0; 2100.5537; 170; 209.2; 
567; 0; 2100.5533; 170; 209.4; 
567; 0; 2100.5529; 170; 209.6; 
567; 0; 2100.5525; 170; 209.8; 
567; 0; 2100.5522; 170; 210; 
567; 0; 2100.5518; 170; 210.2; 
567; 0; 2100.5514; 170; 210.4; 
567; 0; 2101.6077; 170; 210.6; 
567; 0; 2101.6073; 170; 210.8; 
567; 0; 2101.607; 170; 211; 
567; 0; 2101.6068; 170; 211.2; 
567; 0; 2101.6065; 170; 211.4; 
567; 0; 2101.6062; 170; 211.6; 
567; 0; 2101.6059; 170; 211.8; 
567; 0; 2101.6055; 170; 212; 
567; 0; 2101.6051; 170; 212.2; 
567; 0; 2101.6047; 170; 212.4; 
567; 0; 2102.661; 170; 212.6; 
567; 0; 2102.6607; 170; 212.8; 
567; 0; 2102.6603; 170; 213; 
567; 0; 2102.6598; 170; 213.2; 
567; 0; 2102.6594; 170; 213.4; 
567; 0; 2102.6591; 170; 213.6; 
567; 0; 2102.6588; 170; 213.8; 
567; 0; 2102.6584; 170; 214; 
567; 0; 2102.6581; 170; 214.2; 
567; 0; 2102.6577; 170; 214.4; 
567; 0; 2102.6574; 170; 214.6; 
567; 0; 2102.657; 170; 214.8; 
567; 0; 2102.6567; 170; 215; 
567; 0; 2102.6563; 170; 215.2; 
567; 0; 2102.656; 170; 215.4; 
567; 0; 2102.6557; 170; 215.6; 
567; 0; 2102.6553; 170; 215.8; 
567; 0; 2102.6549; 170; 216; 
567; 0; 2102.6546; 170; 216.2; 
567; 0; 2102.6543; 170; 216.4; 
567; 0; 2102.654; 170; 216.6; 
567; 0; 2102.6537; 170; 216.8; 
567; 0; 2102.6534; 170; 217; 
567; 0; 2102.653; 170; 217.2; 
567; 0; 2102.6526; 170; 217.4; 
567; 0; 2102.6522; 170; 217.6; 
567; 0; 2103.7086; 170; 217.8; 
567; 0; 2103.708; 170; 218; 
567; 0; 2103.707; 170; 218.2; 
567; 0; 2104.7617; 170; 218.4; 
567; 0; 2104.7582; 170; 218.6; 
567; 0; 2104.7529; 170; 218.8; 
567; 0; 2105.8017; 170; 219; 
567; 0; 2105.7906; 170; 219.2; 
567; 0; 2105.7766; 170; 219.4; 
567; 0; 2105.7605; 170; 219.6; 
567; 0; 2107.857; 170; 219.8; 
567; 0; 2109.9547; 170; 220; 
567; 0; 2114.1684; 170; 220.2; 
567; 0; 2119.4428; 170; 220.4; 
567; 0; 2125.7788; 170; 220.6; 
567; 0; 2132.0144; 170; 220.8; 
567; 0; 2138.4069; 170; 221; 
567; 0; 2142.9772; 170; 221.2; 
567; 0; 2148.462; 170; 221.4; 
567; 0; 2152.1228; 170; 221.6; 
567; 0; 2154.871; 170; 221.8; 
567; 0; 2157.6181; 170; 222; 
567; 0; 2159.4506; 170; 222.2; 
567; 0; 2160.3679; 170; 222.4; 
567; 0; 2161.2824; 170; 222.6; 
567; 0; 2161.2816; 170; 222.8; 
567; 0; 2161.2785; 170; 223; 
567; 0; 2161.2737; 170; 223.2; 
567; 0; 2162.1805; 170; 223.4; 
567; 0; 2163.0869; 170; 223.6; 
567; 0; 2163.9937; 170; 223.8; 
567; 0; 2164.9014; 170; 224; 
567; 0; 2166.7231; 170; 224.2; 
567; 0; 2168.5462; 170; 224.4; 
567; 0; 2171.2836; 170; 224.6; 
567; 0; 2173.1105; 170; 224.8; 
567; 0; 2174.9395; 170; 225; 
567; 0; 2176.7707; 170; 225.2; 
567; 0; 2178.6038; 170; 225.4; 
567; 0; 2179.5254; 170; 225.6; 
567; 0; 2179.5347; 170; 225.8; 
567; 0; 2178.6305; 170; 226; 
567; 0; 2177.7247; 170; 226.2; 
567; 0; 2175.9041; 170; 226.4; 
567; 0; 2174.0809; 170; 226.6; 
567; 0; 2172.2551; 170; 226.8; 
567; 0; 2169.5144; 170; 227; 
567; 0; 2166.7721; 170; 227.2; 
567; 0; 2164.0288; 170; 227.4; 
567; 0; 2162.198; 170; 227.6; 
567; 0; 2160.3676; 170; 227.8; 
567; 0; 2158.5383; 170; 228; 
567; 0; 2157.623; 170; 228.2; 
567; 0; 2155.7965; 170; 228.4; 
567; 0; 2154.8839; 170; 228.6; 
567; 0; 2153.9725; 170; 228.8; 
567; 0; 2152.1491; 170; 229; 
567; 0; 2151.2388; 170; 229.2; 
567; 0; 2150.3285; 170; 229.4; 
567; 0; 2148.5053; 170; 229.6; 
567; 0; 2146.6816; 170; 229.8; 
567; 0; 2145.7699; 170; 230; 
567; 0; 2143.9449; 170; 230.2; 
567; 0; 2142.1194; 170; 230.4; 
567; 0; 2140.2934; 170; 230.6; 
567; 0; 2138.4672; 170; 230.8; 
567; 0; 2137.5534; 170; 231; 
567; 0; 2135.7271; 170; 231.2; 
567; 0; 2134.8136; 170; 231.4; 
567; 0; 2132.9876; 170; 231.6; 
567; 0; 2132.0745; 170; 231.8; 
567; 0; 2131.1555; 170; 232; 
567; 0; 2129.0422; 170; 232.2; 
567; 0; 2127.9858; 170; 232.4; 
567; 0; 2126.9295; 170; 232.6; 
567; 0; 2125.8732; 170; 232.8; 
567; 0; 2124.817; 170; 233; 
567; 0; 2123.7606; 170; 233.2; 
567; 0; 2122.7042; 170; 233.4; 
567; 0; 2121.6476; 170; 233.6; 
567; 0; 2120.5909; 170; 233.8; 
567; 0; 2119.5339; 170; 234; 
567; 0; 2118.4769; 170; 234.2; 
567; 0; 2117.4199; 170; 234.4; 
567; 0; 2116.3628; 170; 234.6; 
567; 0; 2115.3057; 170; 234.8; 
567; 0; 2114.2487; 170; 235; 
567; 0; 2113.1917; 170; 235.2; 
567; 0; 2113.1915; 170; 235.4; 
567; 0; 2112.1347; 170; 235.6; 
567; 0; 2111.078; 170; 235.8; 
567; 0; 2111.0778; 170; 236; 
567; 0; 2110.0211; 170; 236.2; 
567; 0; 2108.9643; 170; 236.4; 
567; 0; 2108.9641; 170; 236.6; 
567; 0; 2107.9072; 170; 236.8; 
567; 0; 2107.907; 170; 237; 
567; 0; 2106.8502; 170; 237.2; 
567; 0; 2106.8499; 170; 237.4; 
567; 0; 2105.793; 170; 237.6; 
567; 0; 2105.7928; 170; 237.8; 
567; 0; 2104.7359; 170; 238; 
567; 0; 2104.7356; 170; 238.2; 
567; 0; 2104.7353; 170; 238.4; 
567; 0; 2103.6784; 170; 238.6; 
567; 0; 2103.6781; 170; 238.8; 
567; 0; 2103.6777; 170; 239; 
567; 0; 2102.6208; 170; 239.2; 
567; 0; 2102.6205; 170; 239.4; 
567; 0; 2102.6203; 170; 239.6; 
567; 0; 2101.5634; 170; 239.8; 
567; 0; 2101.5631; 170; 240; 
567; 0; 2101.5628; 170; 240.2; 
567; 0; 2101.5626; 170; 240.4; 
567; 0; 2100.5057; 170; 240.6; 
567; 0; 2100.5055; 170; 240.8; 
567; 0; 2100.5052; 170; 241; 
567; 0; 2100.5049; 170; 241.2; 
567; 0; 2099.4479; 170; 241.4; 
567; 0; 2099.4476; 170; 241.6; 
567; 0; 2099.4472; 170; 241.8; 
567; 0; 2099.4469; 170; 242; 
567; 0; 2099.4466; 170; 242.2; 
567; 0; 2099.4463; 170; 242.4; 
567; 0; 2099.446; 170; 242.6; 
567; 0; 2098.389; 170; 242.8; 
567; 0; 2098.3888; 170; 243; 
567; 0; 2098.3885; 170; 243.2; 
567; 0; 2098.3882; 170; 243.4; 
567; 0; 2098.388; 170; 243.6; 
567; 0; 2098.3877; 170; 243.8; 
567; 0; 2098.3875; 170; 244; 
567; 0; 2098.3872; 170; 244.2; 
567; 0; 2098.387; 170; 244.4; 
567; 0; 2098.3867; 170; 244.6; 
567; 0; 2098.3863; 170; 244.8; 
567; 0; 2098.3859; 170; 245; 
567; 0; 2098.3855; 170; 245.2; 
567; 0; 2098.3852; 170; 245.4; 
567; 0; 2097.3282; 170; 245.6; 
567; 0; 2097.3279; 170; 245.8; 
567; 0; 2097.3277; 170; 246; 
567; 0; 2098.384; 170; 246.2; 
567; 0; 2098.3834; 170; 246.4; 
567; 0; 2099.4389; 170; 246.6; 
567; 0; 2099.4365; 170; 246.8; 
567; 0; 2099.4326; 170; 247; 
567; 0; 2099.4272; 170; 247.2; 
567; 0; 2099.4209; 170; 247.4; 
567; 0; 2099.4146; 170; 247.6; 
567; 0; 2099.4093; 170; 247.8; 
567; 0; 2100.4625; 170; 248; 
567; 0; 2102.5748; 170; 248.2; 
567; 0; 2103.6332; 170; 248.4; 
567; 0; 2104.6938; 170; 248.6; 
567; 0; 2106.8126; 170; 248.8; 
567; 0; 2107.8758; 170; 249; 
567; 0; 2108.9392; 170; 249.2; 
567; 0; 2108.9453; 170; 249.4; 
567; 0; 2110.0068; 170; 249.6; 
567; 0; 2110.0101; 170; 249.8; 
567; 0; 2108.9551; 170; 250; 
567; 0; 2108.9552; 170; 250.2; 
567; 0; 2108.9539; 170; 250.4; 
567; 0; 2107.8952; 170; 250.6; 
567; 0; 2107.8927; 170; 250.8; 
567; 0; 2107.8901; 170; 251; 
567; 0; 2106.8312; 170; 251.2; 
567; 0; 2106.8293; 170; 251.4; 
567; 0; 2106.828; 170; 251.6; 
567; 0; 2106.8271; 170; 251.8; 
567; 0; 2105.7701; 170; 252; 
567; 0; 2105.7702; 170; 252.2; 
567; 0; 2105.7704; 170; 252.4; 
567; 0; 2105.7707; 170; 252.6; 
567; 0; 2105.771; 170; 252.8; 
567; 0; 2105.7711; 170; 253; 
567; 0; 2104.7145; 170; 253.2; 
567; 0; 2104.7143; 170; 253.4; 
567; 0; 2104.714; 170; 253.6; 
567; 0; 2104.7136; 170; 253.8; 
567; 0; 2103.6566; 170; 254; 
567; 0; 2103.6561; 170; 254.2; 
567; 0; 2103.6557; 170; 254.4; 
567; 0; 2103.6553; 170; 254.6; 
567; 0; 2103.6549; 170; 254.8; 
567; 0; 2102.598; 170; 255; 
567; 0; 2102.5976; 170; 255.2; 
567; 0; 2102.5972; 170; 255.4; 
567; 0; 2102.597; 170; 255.6; 
567; 0; 2102.5967; 170; 255.8; 
567; 0; 2102.5964; 170; 256; 
567; 0; 2102.5962; 170; 256.2; 
567; 0; 2101.5394; 170; 256.4; 
567; 0; 2101.5392; 170; 256.6; 
567; 0; 2101.5389; 170; 256.8; 
567; 0; 2101.5386; 170; 257; 
567; 0; 2101.5383; 170; 257.2; 
567; 0; 2101.538; 170; 257.4; 
567; 0; 2101.5375; 170; 257.6; 
567; 0; 2102.5929; 170; 257.8; 
567; 0; 2102.5907; 170; 258; 
567; 0; 2102.587; 170; 258.2; 
567; 0; 2102.5813; 170; 258.4; 
567; 0; 2103.6293; 170; 258.6; 
567; 0; 2102.561; 170; 258.8; 
567; 0; 2103.6029; 170; 259; 
567; 0; 2103.5865; 170; 259.2; 
567; 0; 2105.683; 170; 259.4; 
567; 0; 2108.8376; 170; 259.6; 
567; 0; 2113.0519; 170; 259.8; 
567; 0; 2118.3273; 170; 260; 
567; 0; 2124.6643; 170; 260.2; 
567; 0; 2131.9771; 170; 260.4; 
567; 0; 2137.4574; 170; 260.6; 
567; 0; 2142.028; 170; 260.8; 
567; 0; 2146.6003; 170; 261; 
567; 0; 2150.2608; 170; 261.2; 
567; 0; 2153.9208; 170; 261.4; 
567; 0; 2155.7545; 170; 261.6; 
567; 0; 2157.586; 170; 261.8; 
567; 0; 2158.5023; 170; 262; 
567; 0; 2158.5033; 170; 262.2; 
567; 0; 2158.5017; 170; 262.4; 
567; 0; 2159.4105; 170; 262.6; 
567; 0; 2159.4054; 170; 262.8; 
567; 0; 2160.312; 170; 263; 
567; 0; 2161.2186; 170; 263.2; 
567; 0; 2162.1258; 170; 263.4; 
567; 0; 2163.9466; 170; 263.6; 
567; 0; 2164.8562; 170; 263.8; 
567; 0; 2167.5924; 170; 264; 
567; 0; 2169.4175; 170; 264.2; 
567; 0; 2171.2439; 170; 264.4; 
567; 0; 2173.0713; 170; 264.6; 
567; 0; 2173.9868; 170; 264.8; 
567; 0; 2174.9024; 170; 265; 
567; 0; 2176.7303; 170; 265.2; 
567; 0; 2176.7327; 170; 265.4; 
567; 0; 2177.6469; 170; 265.6; 
567; 0; 2177.6478; 170; 265.8; 
567; 0; 2177.6478; 170; 266; 
567; 0; 2177.6471; 170; 266.2; 
567; 0; 2177.6457; 170; 266.4; 
567; 0; 2177.6439; 170; 266.6; 
567; 0; 2178.5544; 170; 266.8; 
567; 0; 2178.5525; 170; 267; 
567; 0; 2178.5509; 170; 267.2; 
567; 0; 2179.462; 170; 267.4; 
567; 0; 2179.4612; 170; 267.6; 
567; 0; 2180.3733; 170; 267.8; 
567; 0; 2181.2861; 170; 268; 
567; 0; 2182.1998; 170; 268.2; 
567; 0; 2183.1148; 170; 268.4; 
567; 0; 2183.119; 170; 268.6; 
567; 0; 2184.0373; 170; 268.8; 
567; 0; 2184.0445; 170; 269; 
567; 0; 2183.1397; 170; 269.2; 
567; 0; 2182.2347; 170; 269.4; 
567; 0; 2181.3287; 170; 269.6; 
567; 0; 2178.5959; 170; 269.8; 
567; 0; 2176.7736; 170; 270; 
567; 0; 2174.0365; 170; 270.2; 
567; 0; 2171.2973; 170; 270.4; 
567; 0; 2168.5565; 170; 270.6; 
567; 0; 2164.902; 170; 270.8; 
567; 0; 2162.1597; 170; 271; 
567; 0; 2160.3301; 170; 271.2; 
567; 0; 2157.5886; 170; 271.4; 
567; 0; 2155.7607; 170; 271.6; 
567; 0; 2153.9338; 170; 271.8; 
567; 0; 2152.1081; 170; 272; 
567; 0; 2150.2834; 170; 272.2; 
567; 0; 2149.3719; 170; 272.4; 
567; 0; 2147.5483; 170; 272.6; 
567; 0; 2145.7249; 170; 272.8; 
567; 0; 2143.9014; 170; 273; 
567; 0; 2142.9901; 170; 273.2; 
567; 0; 2141.1659; 170; 273.4; 
567; 0; 2139.3412; 170; 273.6; 
567; 0; 2137.5161; 170; 273.8; 
567; 0; 2135.6906; 170; 274; 
567; 0; 2133.8648; 170; 274.2; 
567; 0; 2132.0389; 170; 274.4; 
567; 0; 2131.0999; 170; 274.6; 
567; 0; 2128.9856; 170; 274.8; 
567; 0; 2127.9281; 170; 275; 
567; 0; 2125.8144; 170; 275.2; 
567; 0; 2124.7575; 170; 275.4; 
567; 0; 2123.701; 170; 275.6; 
567; 0; 2122.6447; 170; 275.8; 
567; 0; 2121.5885; 170; 276; 
567; 0; 2120.5324; 170; 276.2; 
567; 0; 2119.4763; 170; 276.4; 
567; 0; 2118.4199; 170; 276.6; 
567; 0; 2117.3634; 170; 276.8; 
567; 0; 2116.3068; 170; 277; 
567; 0; 2115.2501; 170; 277.2; 
567; 0; 2114.1932; 170; 277.4; 
567; 0; 2113.1362; 170; 277.6; 
567; 0; 2112.0792; 170; 277.8; 
567; 0; 2111.0223; 170; 278; 
567; 0; 2109.9654; 170; 278.2; 
567; 0; 2109.9652; 170; 278.4; 
567; 0; 2108.9085; 170; 278.6; 
567; 0; 2107.8519; 170; 278.8; 
567; 0; 2107.8519; 170; 279; 
567; 0; 2106.7953; 170; 279.2; 
567; 0; 2105.7387; 170; 279.4; 
567; 0; 2105.7386; 170; 279.6; 
567; 0; 2104.6819; 170; 279.8; 
567; 0; 2104.6817; 170; 280; 
567; 0; 2103.625; 170; 280.2; 
567; 0; 2103.6248; 170; 280.4; 
567; 0; 2102.5681; 170; 280.6; 
567; 0; 2102.5679; 170; 280.8; 
567; 0; 2102.5677; 170; 281; 
567; 0; 2101.511; 170; 281.2; 
567; 0; 2101.5108; 170; 281.4; 
567; 0; 2100.4541; 170; 281.6; 
567; 0; 2100.4538; 170; 281.8; 
567; 0; 2100.4537; 170; 282; 
567; 0; 2100.4535; 170; 282.2; 
567; 0; 2099.3968; 170; 282.4; 
567; 0; 2099.3966; 170; 282.6; 
567; 0; 2099.3963; 170; 282.8; 
567; 0; 2099.3961; 170; 283; 
567; 0; 2098.3392; 170; 283.2; 
567; 0; 2098.3389; 170; 283.4; 
567; 0; 2098.3387; 170; 283.6; 
567; 0; 2098.3385; 170; 283.8; 
567; 0; 2098.3383; 170; 284; 
567; 0; 2097.2817; 170; 284.2; 
567; 0; 2097.2815; 170; 284.4; 
567; 0; 2097.2813; 170; 284.6; 
567; 0; 2097.2811; 170; 284.8; 
567; 0; 2097.281; 170; 285; 
567; 0; 2097.2807; 170; 285.2; 
567; 0; 2097.2805; 170; 285.4; 
567; 0; 2097.2803; 170; 285.6; 
567; 0; 2097.2801; 170; 285.8; 
567; 0; 2097.2799; 170; 286; 
567; 0; 2096.2231; 170; 286.2; 
567; 0; 2096.2228; 170; 286.4; 
567; 0; 2096.2226; 170; 286.6; 
567; 0; 2096.2224; 170; 286.8; 
567; 0; 2096.2221; 170; 287; 
567; 0; 2096.2219; 170; 287.2; 
567; 0; 2096.2217; 170; 287.4; 
567; 0; 2096.2214; 170; 287.6; 
567; 0; 2096.2212; 170; 287.8; 
567; 0; 2096.2209; 170; 288; 
567; 0; 2096.2207; 170; 288.2; 
567; 0; 2097.2769; 170; 288.4; 
567; 0; 2097.2764; 170; 288.6; 
567; 0; 2097.2756; 170; 288.8; 
567; 0; 2097.2745; 170; 289; 
567; 0; 2097.2733; 170; 289.2; 
567; 0; 2097.2719; 170; 289.4; 
567; 0; 2097.2707; 170; 289.6; 
567; 0; 2097.2699; 170; 289.8; 
567; 0; 2098.3261; 170; 290; 
567; 0; 2098.3262; 170; 290.2; 
567; 0; 2098.3268; 170; 290.4; 
567; 0; 2098.3278; 170; 290.6; 
567; 0; 2099.3853; 170; 290.8; 
567; 0; 2099.3864; 170; 291; 
567; 0; 2099.3873; 170; 291.2; 
567; 0; 2099.3879; 170; 291.4; 
567; 0; 2099.3883; 170; 291.6; 
567; 0; 2099.3883; 170; 291.8; 
567; 0; 2099.3881; 170; 292; 
567; 0; 2099.3876; 170; 292.2; 
567; 0; 2099.387; 170; 292.4; 
567; 0; 2099.3863; 170; 292.6; 
567; 0; 2098.3291; 170; 292.8; 
567; 0; 2098.3285; 170; 293; 
567; 0; 2098.3279; 170; 293.2; 
567; 0; 2098.3275; 170; 293.4; 
567; 0; 2098.327; 170; 293.6; 
567; 0; 2098.3267; 170; 293.8; 
567; 0; 2098.3265; 170; 294; 
567; 0; 2098.3263; 170; 294.2; 
567; 0; 2098.3261; 170; 294.4; 
567; 0; 2098.3259; 170; 294.6; 
567; 0; 2098.3257; 170; 294.8; 
567; 0; 2098.3255; 170; 295; 
567; 0; 2098.3252; 170; 295.2; 
567; 0; 2098.325; 170; 295.4; 
567; 0; 2098.3249; 170; 295.6; 
567; 0; 2098.3247; 170; 295.8; 
567; 0; 2098.3244; 170; 296; 
567; 0; 2098.3242; 170; 296.2; 
567; 0; 2098.3239; 170; 296.4; 
567; 0; 2098.3236; 170; 296.6; 
567; 0; 2098.3233; 170; 296.8; 
567; 0; 2098.3231; 170; 297; 
567; 0; 2098.3229; 170; 297.2; 
567; 0; 2098.3226; 170; 297.4; 
567; 0; 2098.3224; 170; 297.6; 
567; 0; 2098.3223; 170; 297.8; 
567; 0; 2098.3221; 170; 298; 
567; 0; 2099.3782; 170; 298.2; 
567; 0; 2099.3771; 170; 298.4; 
567; 0; 2099.3746; 170; 298.6; 
567; 0; 2100.4267; 170; 298.8; 
567; 0; 2100.4198; 170; 299; 
567; 0; 2100.4098; 170; 299.2; 
567; 0; 2100.3967; 170; 299.4; 
567; 0; 2101.4376; 170; 299.6; 
567; 0; 2102.4776; 170; 299.8; 
567; 0; 2105.6311; 170; 300; 
567; 0; 2108.7872; 170; 300.2; 
567; 0; 2114.0599; 170; 300.4; 
567; 0; 2120.394; 170; 300.6; 
567; 0; 2126.7334; 170; 300.8; 
567; 0; 2132.8625; 170; 301; 
567; 0; 2138.3438; 170; 301.2; 
567; 0; 2142.9149; 170; 301.4; 
567; 0; 2146.5747; 170; 301.6; 
567; 0; 2150.2346; 170; 301.8; 
567; 0; 2152.0686; 170; 302; 
567; 0; 2153.9007; 170; 302.2; 
567; 0; 2155.7304; 170; 302.4; 
567; 0; 2155.7325; 170; 302.6; 
567; 0; 2156.6443; 170; 302.8; 
567; 0; 2156.6415; 170; 303; 
567; 0; 2156.6371; 170; 303.2; 
567; 0; 2157.5441; 170; 303.4; 
567; 0; 2158.4508; 170; 303.6; 
567; 0; 2159.3578; 170; 303.8; 
567; 0; 2160.2658; 170; 304; 
567; 0; 2162.0874; 170; 304.2; 
567; 0; 2163.9105; 170; 304.4; 
567; 0; 2166.6474; 170; 304.6; 
567; 0; 2168.4733; 170; 304.8; 
567; 0; 2170.3003; 170; 305; 
567; 0; 2171.2156; 170; 305.2; 
567; 0; 2173.0436; 170; 305.4; 
567; 0; 2173.959; 170; 305.6; 
567; 0; 2174.8741; 170; 305.8; 
567; 0; 2174.876; 170; 306; 
567; 0; 2174.8771; 170; 306.2; 
567; 0; 2175.7897; 170; 306.4; 
567; 0; 2175.7892; 170; 306.6; 
567; 0; 2175.7879; 170; 306.8; 
567; 0; 2175.7863; 170; 307; 
567; 0; 2175.7844; 170; 307.2; 
567; 0; 2175.7824; 170; 307.4; 
567; 0; 2176.6932; 170; 307.6; 
567; 0; 2176.6918; 170; 307.8; 
567; 0; 2177.6034; 170; 308; 
567; 0; 2178.5154; 170; 308.2; 
567; 0; 2178.5155; 170; 308.4; 
567; 0; 2179.4283; 170; 308.6; 
567; 0; 2179.429; 170; 308.8; 
567; 0; 2180.3423; 170; 309; 
567; 0; 2180.3433; 170; 309.2; 
567; 0; 2180.3442; 170; 309.4; 
567; 0; 2180.3449; 170; 309.6; 
567; 0; 2180.3453; 170; 309.8; 
567; 0; 2180.3454; 170; 310; 
567; 0; 2180.3453; 170; 310.2; 
567; 0; 2180.3449; 170; 310.4; 
567; 0; 2180.3444; 170; 310.6; 
567; 0; 2180.3437; 170; 310.8; 
567; 0; 2180.343; 170; 311; 
567; 0; 2180.3423; 170; 311.2; 
567; 0; 2180.3417; 170; 311.4; 
567; 0; 2180.3413; 170; 311.6; 
567; 0; 2181.2534; 170; 311.8; 
567; 0; 2181.2533; 170; 312; 
567; 0; 2181.2534; 170; 312.2; 
567; 0; 2181.2535; 170; 312.4; 
567; 0; 2181.2538; 170; 312.6; 
567; 0; 2181.254; 170; 312.8; 
567; 0; 2181.2543; 170; 313; 
567; 0; 2181.2545; 170; 313.2; 
567; 0; 2181.2546; 170; 313.4; 
567; 0; 2181.2548; 170; 313.6; 
567; 0; 2181.2554; 170; 313.8; 
567; 0; 2182.1695; 170; 314; 
567; 0; 2182.1727; 170; 314.2; 
567; 0; 2182.1777; 170; 314.4; 
567; 0; 2182.1843; 170; 314.6; 
567; 0; 2181.2793; 170; 314.8; 
567; 0; 2180.3745; 170; 315; 
567; 0; 2178.5565; 170; 315.2; 
567; 0; 2175.8245; 170; 315.4; 
567; 0; 2174.003; 170; 315.6; 
567; 0; 2171.2667; 170; 315.8; 
567; 0; 2167.6159; 170; 316; 
567; 0; 2164.8759; 170; 316.2; 
567; 0; 2162.1347; 170; 316.4; 
567; 0; 2158.4804; 170; 316.6; 
567; 0; 2155.7386; 170; 316.8; 
567; 0; 2152.9973; 170; 317; 
567; 0; 2151.1694; 170; 317.2; 
567; 0; 2149.3425; 170; 317.4; 
567; 0; 2146.6042; 170; 317.6; 
567; 0; 2144.7792; 170; 317.8; 
567; 0; 2142.955; 170; 318; 
567; 0; 2141.1312; 170; 318.2; 
567; 0; 2140.22; 170; 318.4; 
567; 0; 2138.3962; 170; 318.6; 
567; 0; 2136.5722; 170; 318.8; 
567; 0; 2134.748; 170; 319; 
567; 0; 2132.9233; 170; 319.2; 
567; 0; 2131.0583; 170; 319.4; 
567; 0; 2128.9448; 170; 319.6; 
567; 0; 2126.8311; 170; 319.8; 
567; 0; 2124.7172; 170; 320; 
567; 0; 2123.6597; 170; 320.2; 
567; 0; 2121.5458; 170; 320.4; 
567; 0; 2120.4884; 170; 320.6; 
567; 0; 2119.4314; 170; 320.8; 
567; 0; 2117.3181; 170; 321; 
567; 0; 2116.2615; 170; 321.2; 
567; 0; 2115.205; 170; 321.4; 
567; 0; 2114.1487; 170; 321.6; 
567; 0; 2113.0924; 170; 321.8; 
567; 0; 2112.0361; 170; 322; 
567; 0; 2110.9798; 170; 322.2; 
567; 0; 2109.9234; 170; 322.4; 
567; 0; 2108.867; 170; 322.6; 
567; 0; 2107.8105; 170; 322.8; 
567; 0; 2106.7539; 170; 323; 
567; 0; 2105.6971; 170; 323.2; 
567; 0; 2104.6404; 170; 323.4; 
567; 0; 2104.6402; 170; 323.6; 
567; 0; 2103.5835; 170; 323.8; 
567; 0; 2102.5269; 170; 324; 
567; 0; 2102.5267; 170; 324.2; 
567; 0; 2101.4701; 170; 324.4; 
567; 0; 2101.4699; 170; 324.6; 
567; 0; 2100.4133; 170; 324.8; 
567; 0; 2100.4131; 170; 325; 
567; 0; 2099.3565; 170; 325.2; 
567; 0; 2099.3564; 170; 325.4; 
567; 0; 2098.2998; 170; 325.6; 
567; 0; 2098.2996; 170; 325.8; 
567; 0; 2098.2995; 170; 326; 
567; 0; 2097.2429; 170; 326.2; 
567; 0; 2097.2427; 170; 326.4; 
567; 0; 2097.2425; 170; 326.6; 
567; 0; 2096.186; 170; 326.8; 
567; 0; 2096.1859; 170; 327; 
567; 0; 2096.1858; 170; 327.2; 
567; 0; 2096.1856; 170; 327.4; 
567; 0; 2095.129; 170; 327.6; 
567; 0; 2095.1288; 170; 327.8; 
567; 0; 2095.1286; 170; 328; 
567; 0; 2095.1284; 170; 328.2; 
567; 0; 2095.1282; 170; 328.4; 
567; 0; 2095.128; 170; 328.6; 
567; 0; 2094.0714; 170; 328.8; 
567; 0; 2094.0712; 170; 329; 
567; 0; 2094.071; 170; 329.2; 
567; 0; 2094.0709; 170; 329.4; 
567; 0; 2094.0707; 170; 329.6; 
567; 0; 2094.0705; 170; 329.8; 
567; 0; 2094.0702; 170; 330; 
567; 0; 2094.0699; 170; 330.2; 
567; 0; 2094.0697; 170; 330.4; 
567; 0; 2094.0694; 170; 330.6; 
567; 0; 2094.0692; 170; 330.8; 
567; 0; 2094.0691; 170; 331; 
567; 0; 2093.0125; 170; 331.2; 
567; 0; 2093.0124; 170; 331.4; 
567; 0; 2093.0122; 170; 331.6; 
567; 0; 2093.0121; 170; 331.8; 
567; 0; 2093.012; 170; 332; 
567; 0; 2093.0118; 170; 332.2; 
567; 0; 2093.0116; 170; 332.4; 
567; 0; 2093.0113; 170; 332.6; 
567; 0; 2093.0112; 170; 332.8; 
567; 0; 2093.011; 170; 333; 
567; 0; 2093.0109; 170; 333.2; 
567; 0; 2093.0108; 170; 333.4; 
567; 0; 2094.0671; 170; 333.6; 
567; 0; 2094.0669; 170; 333.8; 
567; 0; 2094.0667; 170; 334; 
567; 0; 2094.0664; 170; 334.2; 
567; 0; 2094.0661; 170; 334.4; 
567; 0; 2094.0659; 170; 334.6; 
567; 0; 2094.0656; 170; 334.8; 
567; 0; 2094.0655; 170; 335; 
567; 0; 2094.0653; 170; 335.2; 
567; 0; 2094.0652; 170; 335.4; 
567; 0; 2094.0651; 170; 335.6; 
567; 0; 2094.0649; 170; 335.8; 
567; 0; 2094.0647; 170; 336; 
567; 0; 2094.0645; 170; 336.2; 
567; 0; 2094.0643; 170; 336.4; 
567; 0; 2094.0641; 170; 336.6; 
567; 0; 2094.0639; 170; 336.8; 
567; 0; 2094.0637; 170; 337; 
567; 0; 2094.0635; 170; 337.2; 
567; 0; 2094.0633; 170; 337.4; 
567; 0; 2094.0631; 170; 337.6; 
567; 0; 2094.0629; 170; 337.8; 
567; 0; 2094.0628; 170; 338; 
567; 0; 2094.0626; 170; 338.2; 
567; 0; 2094.0624; 170; 338.4; 
567; 0; 2094.0622; 170; 338.6; 
567; 0; 2095.1185; 170; 338.8; 
567; 0; 2095.1184; 170; 339; 
567; 0; 2095.1183; 170; 339.2; 
567; 0; 2095.1182; 170; 339.4; 
567; 0; 2095.118; 170; 339.6; 
567; 0; 2095.1179; 170; 339.8; 
567; 0; 2095.1177; 170; 340; 
567; 0; 2095.1175; 170; 340.2; 
567; 0; 2095.1174; 170; 340.4; 
567; 0; 2095.1171; 170; 340.6; 
567; 0; 2095.1169; 170; 340.8; 
567; 0; 2095.1167; 170; 341; 
567; 0; 2095.1164; 170; 341.2; 
567; 0; 2095.1162; 170; 341.4; 
567; 0; 2095.116; 170; 341.6; 
567; 0; 2095.1158; 170; 341.8; 
567; 0; 2095.1156; 170; 342; 
567; 0; 2095.1154; 170; 342.2; 
567; 0; 2096.1717; 170; 342.4; 
567; 0; 2096.1716; 170; 342.6; 
567; 0; 2096.1714; 170; 342.8; 
567; 0; 2096.1712; 170; 343; 
567; 0; 2096.1711; 170; 343.2; 
567; 0; 2097.2273; 170; 343.4; 
567; 0; 2097.2271; 170; 343.6; 
567; 0; 2098.2832; 170; 343.8; 
567; 0; 2098.2823; 170; 344; 
567; 0; 2099.3368; 170; 344.2; 
567; 0; 2099.3333; 170; 344.4; 
567; 0; 2100.3843; 170; 344.6; 
567; 0; 2100.3761; 170; 344.8; 
567; 0; 2100.3648; 170; 345; 
567; 0; 2100.3505; 170; 345.2; 
567; 0; 2101.3908; 170; 345.4; 
567; 0; 2103.4873; 170; 345.6; 
567; 0; 2106.6418; 170; 345.8; 
567; 0; 2110.8558; 170; 346; 
567; 0; 2116.1307; 170; 346.2; 
567; 0; 2122.467; 170; 346.4; 
567; 0; 2128.8087; 170; 346.6; 
567; 0; 2134.664; 170; 346.8; 
567; 0; 2140.1462; 170; 347; 
567; 0; 2143.8054; 170; 347.2; 
567; 0; 2147.4651; 170; 347.4; 
567; 0; 2150.212; 170; 347.6; 
567; 0; 2152.045; 170; 347.8; 
567; 0; 2153.8758; 170; 348; 
567; 0; 2154.7915; 170; 348.2; 
567; 0; 2154.7921; 170; 348.4; 
567; 0; 2155.7026; 170; 348.6; 
567; 0; 2155.6988; 170; 348.8; 
567; 0; 2155.6937; 170; 349; 
567; 0; 2156.6005; 170; 349.2; 
567; 0; 2157.5073; 170; 349.4; 
567; 0; 2158.4149; 170; 349.6; 
567; 0; 2160.2361; 170; 349.8; 
567; 0; 2162.0586; 170; 350; 
567; 0; 2163.8825; 170; 350.2; 
567; 0; 2165.7079; 170; 350.4; 
567; 0; 2167.5345; 170; 350.6; 
567; 0; 2169.3618; 170; 350.8; 
567; 0; 2170.2773; 170; 351; 
567; 0; 2171.1927; 170; 351.2; 
567; 0; 2172.1078; 170; 351.4; 
567; 0; 2173.0226; 170; 351.6; 
567; 0; 2173.0248; 170; 351.8; 
567; 0; 2173.9394; 170; 352; 
567; 0; 2173.9418; 170; 352.2; 
567; 0; 2173.9445; 170; 352.4; 
567; 0; 2173.9476; 170; 352.6; 
567; 0; 2173.0385; 170; 352.8; 
567; 0; 2173.0417; 170; 353; 
567; 0; 2172.1323; 170; 353.2; 
567; 0; 2170.3099; 170; 353.4; 
567; 0; 2169.3992; 170; 353.6; 
567; 0; 2167.5753; 170; 353.8; 
567; 0; 2165.7505; 170; 354; 
567; 0; 2163.925; 170; 354.2; 
567; 0; 2161.1864; 170; 354.4; 
567; 0; 2159.3599; 170; 354.6; 
567; 0; 2157.5332; 170; 354.8; 
567; 0; 2155.7066; 170; 355; 
567; 0; 2153.8803; 170; 355.2; 
567; 0; 2152.9669; 170; 355.4; 
567; 0; 2151.1415; 170; 355.6; 
567; 0; 2149.3166; 170; 355.8; 
567; 0; 2148.4045; 170; 356; 
567; 0; 2146.5804; 170; 356.2; 
567; 0; 2145.6688; 170; 356.4; 
567; 0; 2143.8449; 170; 356.6; 
567; 0; 2142.0209; 170; 356.8; 
567; 0; 2141.1092; 170; 357; 
567; 0; 2139.2849; 170; 357.2; 
567; 0; 2137.4602; 170; 357.4; 
567; 0; 2136.5478; 170; 357.6; 
567; 0; 2134.7228; 170; 357.8; 
567; 0; 2133.8102; 170; 358; 
567; 0; 2131.985; 170; 358.2; 
567; 0; 2131.0183; 170; 358.4; 
567; 0; 2128.905; 170; 358.6; 
567; 0; 2127.8483; 170; 358.8; 
567; 0; 2126.7917; 170; 359; 
567; 0; 2125.7353; 170; 359.2; 
567; 0; 2123.6227; 170; 359.4; 
567; 0; 2122.5665; 170; 359.6; 
567; 0; 2121.5104; 170; 359.8; 
567; 0; 2120.4543; 170; 360; 
567; 0; 2119.3981; 170; 360.2; 
567; 0; 2118.3419; 170; 360.4; 
567; 0; 2117.2856; 170; 360.6; 
567; 0; 2116.2293; 170; 360.8; 
567; 0; 2115.1729; 170; 361; 
567; 0; 2114.1165; 170; 361.2; 
567; 0; 2113.06; 170; 361.4; 
567; 0; 2113.0598; 170; 361.6; 
567; 0; 2112.0033; 170; 361.8; 
567; 0; 2110.9468; 170; 362; 
567; 0; 2109.8903; 170; 362.2; 
567; 0; 2108.8338; 170; 362.4; 
567; 0; 2108.8337; 170; 362.6; 
567; 0; 2107.7773; 170; 362.8; 
567; 0; 2107.7772; 170; 363; 
567; 0; 2106.7208; 170; 363.2; 
567; 0; 2105.6644; 170; 363.4; 
567; 0; 2105.6644; 170; 363.6; 
567; 0; 2104.6081; 170; 363.8; 
567; 0; 2104.6081; 170; 364; 
567; 0; 2103.5516; 170; 364.2; 
567; 0; 2103.5515; 170; 364.4; 
567; 0; 2102.495; 170; 364.6; 
567; 0; 2102.4948; 170; 364.8; 
567; 0; 2101.4382; 170; 365; 
567; 0; 2101.4381; 170; 365.2; 
567; 0; 2101.4381; 170; 365.4; 
567; 0; 2100.3817; 170; 365.6; 
567; 0; 2100.3817; 170; 365.8; 
567; 0; 2100.3817; 170; 366; 
567; 0; 2099.3252; 170; 366.2; 
567; 0; 2099.3252; 170; 366.4; 
567; 0; 2099.3251; 170; 366.6; 
567; 0; 2098.2686; 170; 366.8; 
567; 0; 2098.2685; 170; 367; 
567; 0; 2098.2684; 170; 367.2; 
567; 0; 2098.2682; 170; 367.4; 
567; 0; 2097.2116; 170; 367.6; 
567; 0; 2097.2113; 170; 367.8; 
567; 0; 2097.2111; 170; 368; 
567; 0; 2097.2109; 170; 368.2; 
567; 0; 2096.1545; 170; 368.4; 
567; 0; 2096.1544; 170; 368.6; 
567; 0; 2096.1542; 170; 368.8; 
567; 0; 2096.1541; 170; 369; 
567; 0; 2096.154; 170; 369.2; 
567; 0; 2096.1539; 170; 369.4; 
567; 0; 2096.1538; 170; 369.6; 
567; 0; 2095.0973; 170; 369.8; 
567; 0; 2095.0972; 170; 370; 
567; 0; 2095.0971; 170; 370.2; 
567; 0; 2095.0969; 170; 370.4; 
567; 0; 2095.0967; 170; 370.6; 
567; 0; 2095.0965; 170; 370.8; 
567; 0; 2095.0963; 170; 371; 
567; 0; 2095.0962; 170; 371.2; 
567; 0; 2095.0961; 170; 371.4; 
567; 0; 2095.096; 170; 371.6; 
567; 0; 2095.0959; 170; 371.8; 
567; 0; 2095.0957; 170; 372; 
567; 0; 2095.0956; 170; 372.2; 
567; 0; 2095.0955; 170; 372.4; 
567; 0; 2094.039; 170; 372.6; 
567; 0; 2094.0389; 170; 372.8; 
567; 0; 2094.0388; 170; 373; 
567; 0; 2094.0386; 170; 373.2; 
567; 0; 2094.0384; 170; 373.4; 
567; 0; 2094.0381; 170; 373.6; 
567; 0; 2094.0378; 170; 373.8; 
567; 0; 2094.0376; 170; 374; 
567; 0; 2094.0375; 170; 374.2; 
567; 0; 2094.0374; 170; 374.4; 
567; 0; 2094.0373; 170; 374.6; 
567; 0; 2094.0373; 170; 374.8; 
567; 0; 2094.0372; 170; 375; 
567; 0; 2094.037; 170; 375.2; 
567; 0; 2094.0368; 170; 375.4; 
567; 0; 2094.0367; 170; 375.6; 
567; 0; 2094.0366; 170; 375.8; 
567; 0; 2094.0365; 170; 376; 
567; 0; 2094.0363; 170; 376.2; 
567; 0; 2094.0362; 170; 376.4; 
567; 0; 2094.036; 170; 376.6; 
567; 0; 2094.0358; 170; 376.8; 
567; 0; 2094.0357; 170; 377; 
567; 0; 2095.0919; 170; 377.2; 
567; 0; 2095.0919; 170; 377.4; 
567; 0; 2095.0918; 170; 377.6; 
567; 0; 2095.0917; 170; 377.8; 
567; 0; 2095.0915; 170; 378; 
567; 0; 2095.0912; 170; 378.2; 
567; 0; 2095.091; 170; 378.4; 
567; 0; 2095.0909; 170; 378.6; 
567; 0; 2095.0907; 170; 378.8; 
567; 0; 2096.147; 170; 379; 
567; 0; 2096.147; 170; 379.2; 
567; 0; 2096.1469; 170; 379.4; 
567; 0; 2096.1468; 170; 379.6; 
567; 0; 2096.1467; 170; 379.8; 
567; 0; 2096.1465; 170; 380; 
567; 0; 2096.1463; 170; 380.2; 
567; 0; 2097.2023; 170; 380.4; 
567; 0; 2097.202; 170; 380.6; 
567; 0; 2097.2018; 170; 380.8; 
567; 0; 2097.2016; 170; 381; 
567; 0; 2097.2015; 170; 381.2; 
567; 0; 2097.2013; 170; 381.4; 
567; 0; 2097.2013; 170; 381.6; 
567; 0; 2098.2576; 170; 381.8; 
567; 0; 2098.2575; 170; 382; 
567; 0; 2098.2574; 170; 382.2; 
567; 0; 2098.2573; 170; 382.4; 
567; 0; 2098.2571; 170; 382.6; 
567; 0; 2098.257; 170; 382.8; 
567; 0; 2098.2569; 170; 383; 
567; 0; 2098.2567; 170; 383.2; 
567; 0; 2098.2566; 170; 383.4; 
567; 0; 2098.2565; 170; 383.6; 
567; 0; 2098.2563; 170; 383.8; 
567; 0; 2098.2562; 170; 384; 
567; 0; 2098.2561; 170; 384.2; 
567; 0; 2098.2559; 170; 384.4; 
567; 0; 2098.2557; 170; 384.6; 
567; 0; 2098.2556; 170; 384.8; 
567; 0; 2098.2554; 170; 385; 
567; 0; 2098.2552; 170; 385.2; 
567; 0; 2098.2551; 170; 385.4; 
567; 0; 2099.3114; 170; 385.6; 
567; 0; 2099.3113; 170; 385.8; 
567; 0; 2099.3112; 170; 386; 
567; 0; 2099.3111; 170; 386.2; 
567; 0; 2099.311; 170; 386.4; 
567; 0; 2099.3109; 170; 386.6; 
567; 0; 2099.3107; 170; 386.8; 
567; 0; 2099.3105; 170; 387; 
567; 0; 2099.3103; 170; 387.2; 
567; 0; 2099.3102; 170; 387.4; 
567; 0; 2099.3101; 170; 387.6; 
567; 0; 2099.31; 170; 387.8; 
567; 0; 2099.31; 170; 388; 
567; 0; 2099.3098; 170; 388.2; 
567; 0; 2099.3097; 170; 388.4; 
567; 0; 2099.3096; 170; 388.6; 
567; 0; 2099.3094; 170; 388.8; 
567; 0; 2099.3093; 170; 389; 
567; 0; 2099.3092; 170; 389.2; 
567; 0; 2099.3091; 170; 389.4; 
567; 0; 2099.3089; 170; 389.6; 
567; 0; 2099.3087; 170; 389.8; 
567; 0; 2098.2521; 170; 390; 
567; 0; 2098.2519; 170; 390.2; 
567; 0; 2098.2518; 170; 390.4; 
567; 0; 2098.2517; 170; 390.6; 
567; 0; 2098.2515; 170; 390.8; 
567; 0; 2098.2513; 170; 391; 
567; 0; 2098.2512; 170; 391.2; 
567; 0; 2098.2511; 170; 391.4; 
567; 0; 2098.251; 170; 391.6; 
567; 0; 2098.251; 170; 391.8; 
567; 0; 2099.3073; 170; 392; 
567; 0; 2099.3073; 170; 392.2; 
567; 0; 2099.3072; 170; 392.4; 
567; 0; 2099.3071; 170; 392.6; 
567; 0; 2099.3069; 170; 392.8; 
567; 0; 2099.3067; 170; 393; 
567; 0; 2099.3066; 170; 393.2; 
567; 0; 2099.3065; 170; 393.4; 
567; 0; 2099.3064; 170; 393.6; 
567; 0; 2099.3063; 170; 393.8; 
567; 0; 2099.3061; 170; 394; 
567; 0; 2099.306; 170; 394.2; 
567; 0; 2099.3058; 170; 394.4; 
567; 0; 2099.3056; 170; 394.6; 
567; 0; 2098.2492; 170; 394.8; 
567; 0; 2098.249; 170; 395; 
567; 0; 2098.2489; 170; 395.2; 
567; 0; 2098.2489; 170; 395.4; 
567; 0; 2098.2488; 170; 395.6; 
567; 0; 2098.2487; 170; 395.8; 
567; 0; 2098.2486; 170; 396; 
567; 0; 2098.2484; 170; 396.2; 
567; 0; 2098.2483; 170; 396.4; 
567; 0; 2098.2481; 170; 396.6; 
567; 0; 2098.2479; 170; 396.8; 
567; 0; 2098.2478; 170; 397; 
567; 0; 2098.2477; 170; 397.2; 
567; 0; 2098.2476; 170; 397.4; 
567; 0; 2098.2474; 170; 397.6; 
567; 0; 2098.2473; 170; 397.8; 
567; 0; 2099.3035; 170; 398; 
567; 0; 2099.3034; 170; 398.2; 
567; 0; 2099.3033; 170; 398.4; 
567; 0; 2099.3032; 170; 398.6; 
567; 0; 2099.303; 170; 398.8; 
567; 0; 2099.3029; 170; 399; 
567; 0; 2099.3028; 170; 399.2; 
567; 0; 2099.3029; 170; 399.4; 
567; 0; 2099.3029; 170; 399.6; 
567; 0; 2099.3029; 170; 399.8; 
567; 0; 2099.3027; 170; 400; 
567; 0; 2099.3025; 170; 400.2; 
567; 0; 2098.246; 170; 400.4; 
567; 0; 2098.2457; 170; 400.6; 
567; 0; 2098.2455; 170; 400.8; 
567; 0; 2098.2454; 170; 401; 
567; 0; 2098.2453; 170; 401.2; 
567; 0; 2098.2451; 170; 401.4; 
567; 0; 2098.2449; 170; 401.6; 
567; 0; 2098.2448; 170; 401.8; 
567; 0; 2098.2446; 170; 402; 
567; 0; 2098.2444; 170; 402.2; 
567; 0; 2098.2444; 170; 402.4; 
567; 0; 2098.2443; 170; 402.6; 
567; 0; 2098.2442; 170; 402.8; 
567; 0; 2098.2441; 170; 403; 
567; 0; 2098.2441; 170; 403.2; 
567; 0; 2098.244; 170; 403.4; 
567; 0; 2098.2439; 170; 403.6; 
567; 0; 2098.2439; 170; 403.8; 
567; 0; 2098.2439; 170; 404; 
567; 0; 2098.2438; 170; 404.2; 
567; 0; 2098.2438; 170; 404.4; 
567; 0; 2098.2437; 170; 404.6; 
567; 0; 2098.2435; 170; 404.8; 
567; 0; 2098.2433; 170; 405; 
567; 0; 2098.243; 170; 405.2; 
567; 0; 2098.2428; 170; 405.4; 
567; 0; 2098.2426; 170; 405.6; 
567; 0; 2098.2424; 170; 405.8; 
567; 0; 2098.2422; 170; 406; 
567; 0; 2099.2985; 170; 406.2; 
567; 0; 2099.2984; 170; 406.4; 
567; 0; 2099.2984; 170; 406.6; 
567; 0; 2099.2984; 170; 406.8; 
567; 0; 2099.2983; 170; 407; 
567; 0; 2099.2983; 170; 407.2; 
567; 0; 2099.2982; 170; 407.4; 
567; 0; 2099.298; 170; 407.6; 
567; 0; 2098.2415; 170; 407.8; 
567; 0; 2098.2413; 170; 408; 
567; 0; 2098.2411; 170; 408.2; 
567; 0; 2098.241; 170; 408.4; 
567; 0; 2098.2408; 170; 408.6; 
567; 0; 2098.2407; 170; 408.8; 
567; 0; 2098.2406; 170; 409; 
567; 0; 2098.2405; 170; 409.2; 
567; 0; 2098.2404; 170; 409.4; 
567; 0; 2098.2404; 170; 409.6; 
567; 0; 2098.2403; 170; 409.8; 
567; 0; 2098.2402; 170; 410; 
567; 0; 2098.2401; 170; 410.2; 
567; 0; 2098.24; 170; 410.4; 
567; 0; 2098.2399; 170; 410.6; 
567; 0; 2098.2398; 170; 410.8; 
567; 0; 2098.2397; 170; 411; 
567; 0; 2087.6762; 170; 411.2; 
567; 0; 1886.5112; 170; 411.4; 
567; 0; 1663.1613; 170; 411.6; 
567; 0; 1641.4844; 170; 411.8; 
567; 0; 1641.4844; 170; 412; 
567; 0; 1641.4843; 170; 412.2; 
567; 0; 1641.4842; 170; 412.4; 
567; 0; 1641.4841; 170; 412.6; 
567; 0; 1641.484; 170; 412.8; 
567; 0; 1641.4839; 170; 413; 
567; 0; 1641.4837; 170; 413.2; 
567; 0; 1641.4835; 170; 413.4; 
567; 0; 1641.4833; 170; 413.6; 
567; 0; 1641.4831; 170; 413.8; 
567; 0; 1641.4828; 170; 414; 
567; 0; 1641.4825; 170; 414.2; 
567; 0; 1641.4822; 170; 414.4; 
567; 0; 1641.4819; 170; 414.6; 
567; 0; 1641.4816; 170; 414.8; 
567; 0; 1641.4812; 170; 415; 
567; 0; 1641.4809; 170; 415.2; 
567; 0; 1641.4805; 170; 415.4; 
567; 0; 1641.4801; 170; 415.6; 
567; 0; 1641.4796; 170; 415.8; 
567; 0; 1641.4792; 170; 416; 
567; 0; 1628.0641; 170; 416.2; 
567; 0; 1628.0636; 170; 416.4; 
567; 0; 1628.0631; 170; 416.6; 
567; 0; 1628.0625; 170; 416.8; 
567; 0; 1628.062; 170; 417; 
567; 0; 1628.0614; 170; 417.2; 
567; 0; 1628.0609; 170; 417.4; 
567; 0; 1628.0604; 170; 417.6; 
567; 0; 1628.0599; 170; 417.8; 
567; 0; 1628.0595; 170; 418; 
567; 0; 1628.059; 170; 418.2; 
567; 0; 1628.0585; 170; 418.4; 
567; 0; 1628.058; 170; 418.6; 
567; 0; 1628.0575; 170; 418.8; 
567; 0; 1628.057; 170; 419; 
567; 0; 1628.0565; 170; 419.2; 
567; 0; 1628.056; 170; 419.4; 
567; 0; 1628.0554; 170; 419.6; 
567; 0; 1628.0549; 170; 419.8; 
567; 0; 1628.0544; 170; 420; 
567; 0; 1628.0539; 170; 420.2; 
567; 0; 1614.6269; 170; 420.4; 
567; 0; 1614.6264; 170; 420.6; 
567; 0; 1614.6259; 170; 420.8; 
567; 0; 1614.6254; 170; 421; 
567; 0; 1614.6249; 170; 421.2; 
567; 0; 1614.6244; 170; 421.4; 
567; 0; 1614.624; 170; 421.6; 
567; 0; 1614.6235; 170; 421.8; 
567; 0; 1614.6231; 170; 422; 
567; 0; 1614.6226; 170; 422.2; 
567; 0; 1614.6221; 170; 422.4; 
567; 0; 1614.6216; 170; 422.6; 
567; 0; 1614.6211; 170; 422.8; 
567; 0; 1614.6206; 170; 423; 
567; 0; 1614.6201; 170; 423.2; 
567; 0; 1614.6196; 170; 423.4; 
567; 0; 1614.6191; 170; 423.6; 
567; 0; 1614.6186; 170; 423.8; 
567; 0; 1614.6181; 170; 424; 
567; 0; 1614.6177; 170; 424.2; 
567; 0; 1614.6172; 170; 424.4; 
567; 0; 1614.6167; 170; 424.6; 
567; 0; 1614.6163; 170; 424.8; 
567; 0; 1601.1726; 170; 425; 
567; 0; 1601.1721; 170; 425.2; 
567; 0; 1601.1716; 170; 425.4; 
567; 0; 1601.1711; 170; 425.6; 
567; 0; 1601.1706; 170; 425.8; 
567; 0; 1601.1702; 170; 426; 
567; 0; 1601.1697; 170; 426.2; 
567; 0; 1601.1693; 170; 426.4; 
567; 0; 1601.1689; 170; 426.6; 
567; 0; 1601.1685; 170; 426.8; 
567; 0; 1601.168; 170; 427; 
567; 0; 1601.1675; 170; 427.2; 
567; 0; 1601.167; 170; 427.4; 
567; 0; 1601.1665; 170; 427.6; 
567; 0; 1601.166; 170; 427.8; 
567; 0; 1601.1656; 170; 428; 
567; 0; 1601.1651; 170; 428.2; 
567; 0; 1601.1647; 170; 428.4; 
567; 0; 1601.1642; 170; 428.6; 
567; 0; 1601.1638; 170; 428.8; 
567; 0; 1601.1634; 170; 429; 
567; 0; 1601.163; 170; 429.2; 
567; 0; 1601.1625; 170; 429.4; 
567; 0; 1601.1621; 170; 429.6; 
567; 0; 1601.1616; 170; 429.8; 
567; 0; 1586.0732; 170; 430; 
567; 0; 1586.0728; 170; 430.2; 
567; 0; 1586.0724; 170; 430.4; 
567; 0; 1586.0719; 170; 430.6; 
567; 0; 1586.0715; 170; 430.8; 
567; 0; 1586.0711; 170; 431; 
567; 0; 1586.0707; 170; 431.2; 
567; 0; 1586.0703; 170; 431.4; 
567; 0; 1586.0699; 170; 431.6; 
567; 0; 1586.0694; 170; 431.8; 
567; 0; 1586.069; 170; 432; 
567; 0; 1586.0686; 170; 432.2; 
567; 0; 1586.0682; 170; 432.4; 
567; 0; 1586.0678; 170; 432.6; 
567; 0; 1586.0673; 170; 432.8; 
567; 0; 1586.0669; 170; 433; 
567; 0; 1586.0665; 170; 433.2; 
567; 0; 1586.0661; 170; 433.4; 
567; 0; 1586.0657; 170; 433.6; 
567; 0; 1586.0652; 170; 433.8; 
567; 0; 1586.0649; 170; 434; 
567; 0; 1586.0645; 170; 434.2; 
567; 0; 1586.0641; 170; 434.4; 
567; 0; 1586.0637; 170; 434.6; 
567; 0; 1586.0633; 170; 434.8; 
567; 0; 1586.0629; 170; 435; 
567; 0; 1586.0624; 170; 435.2; 
567; 0; 1586.062; 170; 435.4; 
567; 0; 1571.0046; 170; 435.6; 
567; 0; 1571.0042; 170; 435.8; 
567; 0; 1571.0038; 170; 436; 
567; 0; 1571.0034; 170; 436.2; 
567; 0; 1571.003; 170; 436.4; 
567; 0; 1572.1434; 170; 436.6; 
567; 0; 1583.5502; 170; 436.8; 
567; 0; 1596.0977; 170; 437; 
567; 0; 1607.5044; 170; 437.2; 
567; 0; 1620.0517; 170; 437.4; 
567; 0; 1631.4583; 170; 437.6; 
567; 0; 1642.8649; 170; 437.8; 
567; 0; 1654.2714; 170; 438; 
567; 0; 1665.678; 170; 438.2; 
567; 0; 1675.9438; 170; 438.4; 
567; 0; 1686.2097; 170; 438.6; 
567; 0; 1696.4755; 170; 438.8; 
567; 0; 1705.6007; 170; 439; 
567; 0; 1714.7257; 170; 439.2; 
567; 0; 1723.8508; 170; 439.4; 
567; 0; 1731.8351; 170; 439.6; 
567; 0; 1740.7593; 170; 439.8; 
567; 0; 1748.5051; 170; 440; 
567; 0; 1756.2508; 170; 440.2; 
567; 0; 1763.9964; 170; 440.4; 
567; 0; 1771.7421; 170; 440.6; 
567; 0; 1778.1965; 170; 440.8; 
567; 0; 1784.6504; 170; 441; 
567; 0; 1791.1031; 170; 441.2; 
567; 0; 1797.5541; 170; 441.4; 
567; 0; 1801.7898; 170; 441.6; 
567; 0; 1804.8953; 170; 441.8; 
567; 0; 1809.0353; 170; 442; 
567; 0; 1812.1353; 170; 442.2; 
567; 0; 1816.2703; 170; 442.4; 
567; 0; 1820.4043; 170; 442.6; 
567; 0; 1825.5756; 170; 442.8; 
567; 0; 1832.8226; 170; 443; 
567; 0; 1840.0728; 170; 443.2; 
567; 0; 1849.401; 170; 443.4; 
567; 0; 1858.7338; 170; 443.6; 
567; 0; 1855.185; 170; 443.8; 
567; 0; 1864.6203; 170; 444; 
567; 0; 1873.0121; 170; 444.2; 
567; 0; 1880.359; 170; 444.4; 
567; 0; 1885.6121; 170; 444.6; 
567; 0; 1890.8647; 170; 444.8; 
567; 0; 1894.0204; 170; 445; 
567; 0; 1896.1257; 170; 445.2; 
567; 0; 1898.2272; 170; 445.4; 
567; 0; 1899.2772; 170; 445.6; 
567; 0; 1899.276; 170; 445.8; 
567; 0; 1900.3191; 170; 446; 
567; 0; 1900.3122; 170; 446.2; 
567; 0; 1901.3515; 170; 446.4; 
567; 0; 1902.3903; 170; 446.6; 
567; 0; 1904.4771; 170; 446.8; 
567; 0; 1906.5651; 170; 447; 
567; 0; 1908.6549; 170; 447.2; 
567; 0; 1911.7943; 170; 447.4; 
567; 0; 1913.8884; 170; 447.6; 
567; 0; 1917.032; 170; 447.8; 
567; 0; 1919.1299; 170; 448; 
567; 0; 1921.2289; 170; 448.2; 
567; 0; 1923.3286; 170; 448.4; 
567; 0; 1924.3809; 170; 448.6; 
567; 0; 1925.4327; 170; 448.8; 
567; 0; 1926.4836; 170; 449; 
567; 0; 1926.4861; 170; 449.2; 
567; 0; 1927.5347; 170; 449.4; 
567; 0; 1927.5347; 170; 449.6; 
567; 0; 1927.5337; 170; 449.8; 
567; 0; 1927.5319; 170; 450; 
567; 0; 1927.5295; 170; 450.2; 
567; 0; 1927.5269; 170; 450.4; 
567; 0; 1927.5245; 170; 450.6; 
567; 0; 1928.5702; 170; 450.8; 
567; 0; 1928.5701; 170; 451; 
567; 0; 1929.6198; 170; 451.2; 
567; 0; 1930.6725; 170; 451.4; 
567; 0; 1931.7283; 170; 451.6; 
567; 0; 1931.7392; 170; 451.8; 
567; 0; 1931.7517; 170; 452; 
567; 0; 1930.7169; 170; 452.2; 
567; 0; 1928.6319; 170; 452.4; 
567; 0; 1925.4968; 170; 452.6; 
567; 0; 1922.3591; 170; 452.8; 
567; 0; 1919.2184; 170; 453; 
567; 0; 1915.0274; 170; 453.2; 
567; 0; 1910.8339; 170; 453.4; 
567; 0; 1906.6386; 170; 453.6; 
567; 0; 1903.4898; 170; 453.8; 
567; 0; 1900.3406; 170; 454; 
567; 0; 1897.1908; 170; 454.2; 
567; 0; 1895.0898; 170; 454.4; 
567; 0; 1892.9906; 170; 454.6; 
567; 0; 1890.8933; 170; 454.8; 
567; 0; 1889.8453; 170; 455; 
567; 0; 1887.7514; 170; 455.2; 
567; 0; 1886.7059; 170; 455.4; 
567; 0; 1884.6136; 170; 455.6; 
567; 0; 1883.5689; 170; 455.8; 
567; 0; 1882.5239; 170; 456; 
567; 0; 1880.431; 170; 456.2; 
567; 0; 1879.3849; 170; 456.4; 
567; 0; 1877.2905; 170; 456.6; 
567; 0; 1876.2431; 170; 456.8; 
567; 0; 1874.1476; 170; 457; 
567; 0; 1873.0992; 170; 457.2; 
567; 0; 1871.003; 170; 457.4; 
567; 0; 1869.9543; 170; 457.6; 
567; 0; 1868.9057; 170; 457.8; 
567; 0; 1867.8573; 170; 458; 
567; 0; 1866.8093; 170; 458.2; 
567; 0; 1865.7615; 170; 458.4; 
567; 0; 1865.7616; 170; 458.6; 
567; 0; 1864.7143; 170; 458.8; 
567; 0; 1863.6671; 170; 459; 
567; 0; 1863.6675; 170; 459.2; 
567; 0; 1862.6205; 170; 459.4; 
567; 0; 1862.6209; 170; 459.6; 
567; 0; 1861.5737; 170; 459.8; 
567; 0; 1861.574; 170; 460; 
567; 0; 1860.5267; 170; 460.2; 
567; 0; 1860.5268; 170; 460.4; 
567; 0; 1859.4794; 170; 460.6; 
567; 0; 1859.4793; 170; 460.8; 
567; 0; 1858.4317; 170; 461; 
567; 0; 1858.4317; 170; 461.2; 
567; 0; 1858.4317; 170; 461.4; 
567; 0; 1857.3843; 170; 461.6; 
567; 0; 1857.3844; 170; 461.8; 
567; 0; 1857.3845; 170; 462; 
567; 0; 1856.3371; 170; 462.2; 
567; 0; 1856.3371; 170; 462.4; 
567; 0; 1856.3371; 170; 462.6; 
567; 0; 1856.3372; 170; 462.8; 
567; 0; 1855.2898; 170; 463; 
567; 0; 1855.2899; 170; 463.2; 
567; 0; 1855.29; 170; 463.4; 
567; 0; 1855.2901; 170; 463.6; 
567; 0; 1854.2426; 170; 463.8; 
567; 0; 1854.2426; 170; 464; 
567; 0; 1854.2427; 170; 464.2; 
567; 0; 1854.2427; 170; 464.4; 
567; 0; 1854.2427; 170; 464.6; 
567; 0; 1854.2428; 170; 464.8; 
567; 0; 1854.2429; 170; 465; 
567; 0; 1853.1955; 170; 465.2; 
567; 0; 1853.1956; 170; 465.4; 
567; 0; 1853.1956; 170; 465.6; 
567; 0; 1853.1957; 170; 465.8; 
567; 0; 1853.1957; 170; 466; 
567; 0; 1853.1957; 170; 466.2; 
567; 0; 1853.1957; 170; 466.4; 
567; 0; 1853.1958; 170; 466.6; 
567; 0; 1853.1958; 170; 466.8; 
567; 0; 1852.1484; 170; 467; 
567; 0; 1852.1485; 170; 467.2; 
567; 0; 1852.1486; 170; 467.4; 
567; 0; 1852.1487; 170; 467.6; 
567; 0; 1852.1487; 170; 467.8; 
567; 0; 1865.0635; 170; 468; 
567; 0; 1865.0635; 170; 468.2; 
567; 0; 1865.0636; 170; 468.4; 
567; 0; 1865.0636; 170; 468.6; 
567; 0; 1865.0636; 170; 468.8; 
567; 0; 1864.0265; 170; 469; 
567; 0; 1864.0265; 170; 469.2; 
567; 0; 1864.0266; 170; 469.4; 
567; 0; 1862.9894; 170; 469.6; 
567; 0; 1862.9894; 170; 469.8; 
567; 0; 1862.9894; 170; 470; 
567; 0; 1861.9523; 170; 470.2; 
567; 0; 1861.9523; 170; 470.4; 
567; 0; 1860.9151; 170; 470.6; 
567; 0; 1860.9152; 170; 470.8; 
567; 0; 1859.8781; 170; 471; 
567; 0; 1859.8782; 170; 471.2; 
567; 0; 1859.8783; 170; 471.4; 
567; 0; 1858.8413; 170; 471.6; 
567; 0; 1858.8414; 170; 471.8; 
567; 0; 1857.8043; 170; 472; 
567; 0; 1857.8044; 170; 472.2; 
567; 0; 1857.8045; 170; 472.4; 
567; 0; 1856.7673; 170; 472.6; 
567; 0; 1856.7673; 170; 472.8; 
567; 0; 1855.7301; 170; 473; 
567; 0; 1855.73; 170; 473.2; 
567; 0; 1855.7301; 170; 473.4; 
567; 0; 1855.7301; 170; 473.6; 
567; 0; 1854.693; 170; 473.8; 
567; 0; 1854.6931; 170; 474; 
567; 0; 1854.6932; 170; 474.2; 
567; 0; 1854.6934; 170; 474.4; 
567; 0; 1854.6935; 170; 474.6; 
567; 0; 1853.6564; 170; 474.8; 
567; 0; 1853.6564; 170; 475; 
567; 0; 1853.6565; 170; 475.2; 
567; 0; 1853.6564; 170; 475.4; 
567; 0; 1853.6558; 170; 475.6; 
567; 0; 1854.6915; 170; 475.8; 
567; 0; 1854.6884; 170; 476; 
567; 0; 1854.6833; 170; 476.2; 
567; 0; 1853.6382; 170; 476.4; 
567; 0; 1853.6273; 170; 476.6; 
567; 0; 1853.6138; 170; 476.8; 
567; 0; 1854.6359; 170; 477; 
567; 0; 1856.695; 170; 477.2; 
567; 0; 1860.8296; 170; 477.4; 
567; 0; 1853.0969; 170; 477.6; 
567; 0; 1859.3742; 170; 477.8; 
567; 0; 1865.6564; 170; 478; 
567; 0; 1874.0383; 170; 478.2; 
567; 0; 1881.3778; 170; 478.4; 
567; 0; 1888.7214; 170; 478.6; 
567; 0; 1893.9732; 170; 478.8; 
567; 0; 1899.2264; 170; 479; 
567; 0; 1903.4321; 170; 479.2; 
567; 0; 1905.5415; 170; 479.4; 
567; 0; 1907.6481; 170; 479.6; 
567; 0; 1908.7036; 170; 479.8; 
567; 0; 1908.7077; 170; 480; 
567; 0; 1908.7079; 170; 480.2; 
567; 0; 1908.7046; 170; 480.4; 
567; 0; 1908.6986; 170; 480.6; 
567; 0; 1908.6909; 170; 480.8; 
567; 0; 1908.6825; 170; 481; 
567; 0; 1909.7218; 170; 481.2; 
567; 0; 1910.7621; 170; 481.4; 
567; 0; 1912.8515; 170; 481.6; 
567; 0; 1914.9429; 170; 481.8; 
567; 0; 1917.0364; 170; 482; 
567; 0; 1920.1795; 170; 482.2; 
567; 0; 1922.2768; 170; 482.4; 
567; 0; 1923.3281; 170; 482.6; 
567; 0; 1925.4276; 170; 482.8; 
567; 0; 1926.4799; 170; 483; 
567; 0; 1927.5319; 170; 483.2; 
567; 0; 1927.5357; 170; 483.4; 
567; 0; 1927.5385; 170; 483.6; 
567; 0; 1927.5401; 170; 483.8; 
567; 0; 1927.5404; 170; 484; 
567; 0; 1927.5396; 170; 484.2; 
567; 0; 1927.5379; 170; 484.4; 
567; 0; 1927.5356; 170; 484.6; 
567; 0; 1927.533; 170; 484.8; 
567; 0; 1927.5305; 170; 485; 
567; 0; 1927.5283; 170; 485.2; 
567; 0; 1927.5266; 170; 485.4; 
567; 0; 1928.573; 170; 485.6; 
567; 0; 1928.5726; 170; 485.8; 
567; 0; 1929.6202; 170; 486; 
567; 0; 1929.621; 170; 486.2; 
567; 0; 1930.6695; 170; 486.4; 
567; 0; 1930.6709; 170; 486.6; 
567; 0; 1930.6723; 170; 486.8; 
567; 0; 1930.6737; 170; 487; 
567; 0; 1931.7222; 170; 487.2; 
567; 0; 1931.723; 170; 487.4; 
567; 0; 1930.6761; 170; 487.6; 
567; 0; 1930.6763; 170; 487.8; 
567; 0; 1930.6762; 170; 488; 
567; 0; 1930.6758; 170; 488.2; 
567; 0; 1930.6751; 170; 488.4; 
567; 0; 1930.6745; 170; 488.6; 
567; 0; 1930.6738; 170; 488.8; 
567; 0; 1930.6733; 170; 489; 
567; 0; 1930.6728; 170; 489.2; 
567; 0; 1930.6726; 170; 489.4; 
567; 0; 1930.6725; 170; 489.6; 
567; 0; 1930.6726; 170; 489.8; 
567; 0; 1931.7202; 170; 490; 
567; 0; 1931.7205; 170; 490.2; 
567; 0; 1931.721; 170; 490.4; 
567; 0; 1931.7214; 170; 490.6; 
567; 0; 1931.7218; 170; 490.8; 
567; 0; 1931.7221; 170; 491; 
567; 0; 1931.7223; 170; 491.2; 
567; 0; 1931.7224; 170; 491.4; 
567; 0; 1931.7225; 170; 491.6; 
567; 0; 1931.7224; 170; 491.8; 
567; 0; 1931.7224; 170; 492; 
567; 0; 1930.6749; 170; 492.2; 
567; 0; 1930.6748; 170; 492.4; 
567; 0; 1930.6748; 170; 492.6; 
567; 0; 1930.6748; 170; 492.8; 
567; 0; 1930.6748; 170; 493; 
567; 0; 1930.6748; 170; 493.2; 
567; 0; 1931.7224; 170; 493.4; 
567; 0; 1931.7234; 170; 493.6; 
567; 0; 1931.7261; 170; 493.8; 
567; 0; 1932.7786; 170; 494; 
567; 0; 1932.7865; 170; 494.2; 
567; 0; 1932.7969; 170; 494.4; 
567; 0; 1931.7616; 170; 494.6; 
567; 0; 1930.7255; 170; 494.8; 
567; 0; 1928.6403; 170; 495; 
567; 0; 1925.5056; 170; 495.2; 
567; 0; 1922.3684; 170; 495.4; 
567; 0; 1918.1806; 170; 495.6; 
567; 0; 1913.99; 170; 495.8; 
567; 0; 1909.7969; 170; 496; 
567; 0; 1905.6021; 170; 496.2; 
567; 0; 1902.4537; 170; 496.4; 
567; 0; 1898.2577; 170; 496.6; 
567; 0; 1895.1096; 170; 496.8; 
567; 0; 1891.9624; 170; 497; 
567; 0; 1889.8635; 170; 497.2; 
567; 0; 1887.766; 170; 497.4; 
567; 0; 1885.67; 170; 497.6; 
567; 0; 1883.5751; 170; 497.8; 
567; 0; 1882.5287; 170; 498; 
567; 0; 1880.4353; 170; 498.2; 
567; 0; 1878.3421; 170; 498.4; 
567; 0; 1877.2961; 170; 498.6; 
567; 0; 1875.2021; 170; 498.8; 
567; 0; 1873.1077; 170; 499; 
567; 0; 1872.0605; 170; 499.2; 
567; 0; 1869.9654; 170; 499.4; 
567; 0; 1868.9176; 170; 499.6; 
567; 0; 1867.8695; 170; 499.8; 
567; 0; 1865.7738; 170; 500; 
567; 0; 1864.7255; 170; 500.2; 
567; 0; 1863.6773; 170; 500.4; 
567; 0; 1862.6291; 170; 500.6; 
567; 0; 1861.5812; 170; 500.8; 
567; 0; 1860.5334; 170; 501; 
567; 0; 1860.5334; 170; 501.2; 
567; 0; 1859.4861; 170; 501.4; 
567; 0; 1858.4388; 170; 501.6; 
567; 0; 1858.4391; 170; 501.8; 
567; 0; 1857.3918; 170; 502; 
567; 0; 1857.392; 170; 502.2; 
567; 0; 1856.3446; 170; 502.4; 
567; 0; 1856.3448; 170; 502.6; 
567; 0; 1855.2973; 170; 502.8; 
567; 0; 1855.2972; 170; 503; 
567; 0; 1854.2496; 170; 503.2; 
567; 0; 1854.2495; 170; 503.4; 
567; 0; 1854.2495; 170; 503.6; 
567; 0; 1853.2019; 170; 503.8; 
567; 0; 1853.2019; 170; 504; 
567; 0; 1853.2019; 170; 504.2; 
567; 0; 1853.2019; 170; 504.4; 
567; 0; 1852.1545; 170; 504.6; 
567; 0; 1852.1546; 170; 504.8; 
567; 0; 1865.0693; 170; 505; 
567; 0; 1865.0694; 170; 505.2; 
567; 0; 1865.0695; 170; 505.4; 
567; 0; 1864.0323; 170; 505.6; 
567; 0; 1864.0324; 170; 505.8; 
567; 0; 1864.0324; 170; 506; 
567; 0; 1862.9952; 170; 506.2; 
567; 0; 1862.9953; 170; 506.4; 
567; 0; 1862.9953; 170; 506.6; 
567; 0; 1861.9581; 170; 506.8; 
567; 0; 1861.9581; 170; 507; 
567; 0; 1860.9208; 170; 507.2; 
567; 0; 1860.9208; 170; 507.4; 
567; 0; 1859.8835; 170; 507.6; 
567; 0; 1859.8835; 170; 507.8; 
567; 0; 1858.8463; 170; 508; 
567; 0; 1858.8464; 170; 508.2; 
567; 0; 1857.8094; 170; 508.4; 
567; 0; 1857.8096; 170; 508.6; 
567; 0; 1857.8098; 170; 508.8; 
567; 0; 1856.7727; 170; 509; 
567; 0; 1856.7728; 170; 509.2; 
567; 0; 1855.7357; 170; 509.4; 
567; 0; 1855.7357; 170; 509.6; 
567; 0; 1855.7356; 170; 509.8; 
567; 0; 1854.6984; 170; 510; 
567; 0; 1854.6985; 170; 510.2; 
567; 0; 1854.6985; 170; 510.4; 
567; 0; 1853.6613; 170; 510.6; 
567; 0; 1853.6614; 170; 510.8; 
567; 0; 1853.6614; 170; 511; 
567; 0; 1853.6614; 170; 511.2; 
567; 0; 1852.6242; 170; 511.4; 
567; 0; 1852.6241; 170; 511.6; 
567; 0; 1852.6241; 170; 511.8; 
567; 0; 1852.6241; 170; 512; 
567; 0; 1852.6242; 170; 512.2; 
567; 0; 1852.6243; 170; 512.4; 
567; 0; 1851.5871; 170; 512.6; 
567; 0; 1851.5872; 170; 512.8; 
567; 0; 1851.5872; 170; 513; 
567; 0; 1851.5873; 170; 513.2; 
567; 0; 1851.5873; 170; 513.4; 
567; 0; 1851.5874; 170; 513.6; 
567; 0; 1851.5874; 170; 513.8; 
567; 0; 1851.5875; 170; 514; 
567; 0; 1851.5875; 170; 514.2; 
567; 0; 1850.5503; 170; 514.4; 
567; 0; 1850.5503; 170; 514.6; 
567; 0; 1850.5504; 170; 514.8; 
567; 0; 1850.5504; 170; 515; 
567; 0; 1850.5504; 170; 515.2; 
567; 0; 1850.5503; 170; 515.4; 
567; 0; 1850.5503; 170; 515.6; 
567; 0; 1850.5503; 170; 515.8; 
567; 0; 1850.5503; 170; 516; 
567; 0; 1850.5503; 170; 516.2; 
567; 0; 1850.5502; 170; 516.4; 
567; 0; 1850.5503; 170; 516.6; 
567; 0; 1850.5503; 170; 516.8; 
567; 0; 1850.5503; 170; 517; 
567; 0; 1850.5504; 170; 517.2; 
567; 0; 1850.5504; 170; 517.4; 
567; 0; 1850.5505; 170; 517.6; 
567; 0; 1850.5505; 170; 517.8; 
567; 0; 1850.5506; 170; 518; 
567; 0; 1849.5134; 170; 518.2; 
567; 0; 1849.5135; 170; 518.4; 
567; 0; 1849.5135; 170; 518.6; 
567; 0; 1849.5135; 170; 518.8; 
567; 0; 1849.5135; 170; 519; 
567; 0; 1849.5135; 170; 519.2; 
567; 0; 1849.5135; 170; 519.4; 
567; 0; 1849.5135; 170; 519.6; 
567; 0; 1849.5134; 170; 519.8; 
567; 0; 1849.5134; 170; 520; 
567; 0; 1849.5133; 170; 520.2; 
567; 0; 1849.5133; 170; 520.4; 
567; 0; 1849.5133; 170; 520.6; 
567; 0; 1849.5134; 170; 520.8; 
567; 0; 1849.5134; 170; 521; 
567; 0; 1849.5134; 170; 521.2; 
567; 0; 1849.5134; 170; 521.4; 
567; 0; 1849.5135; 170; 521.6; 
567; 0; 1849.5135; 170; 521.8; 
567; 0; 1849.5136; 170; 522; 
567; 0; 1849.5136; 170; 522.2; 
567; 0; 1849.5137; 170; 522.4; 
567; 0; 1849.5137; 170; 522.6; 
567; 0; 1849.5137; 170; 522.8; 
567; 0; 1849.5137; 170; 523; 
567; 0; 1849.5137; 170; 523.2; 
567; 0; 1849.5136; 170; 523.4; 
567; 0; 1849.5136; 170; 523.6; 
567; 0; 1849.5137; 170; 523.8; 
567; 0; 1849.5137; 170; 524; 
567; 0; 1849.5137; 170; 524.2; 
567; 0; 1849.5138; 170; 524.4; 
567; 0; 1849.5138; 170; 524.6; 
567; 0; 1849.5138; 170; 524.8; 
567; 0; 1849.5138; 170; 525; 
567; 0; 1849.5138; 170; 525.2; 
567; 0; 1849.5137; 170; 525.4; 
567; 0; 1849.5137; 170; 525.6; 
567; 0; 1849.5137; 170; 525.8; 
567; 0; 1849.5137; 170; 526; 
567; 0; 1849.5138; 170; 526.2; 
567; 0; 1849.5138; 170; 526.4; 
567; 0; 1849.5138; 170; 526.6; 
567; 0; 1849.5139; 170; 526.8; 
567; 0; 1849.5139; 170; 527; 
567; 0; 1849.5139; 170; 527.2; 
567; 0; 1849.5139; 170; 527.4; 
567; 0; 1849.5139; 170; 527.6; 
567; 0; 1849.514; 170; 527.8; 
567; 0; 1849.514; 170; 528; 
567; 0; 1849.514; 170; 528.2; 
567; 0; 1849.514; 170; 528.4; 
567; 0; 1849.5139; 170; 528.6; 
567; 0; 1848.4767; 170; 528.8; 
567; 0; 1848.4768; 170; 529; 
567; 0; 1848.4768; 170; 529.2; 
567; 0; 1848.4768; 170; 529.4; 
567; 0; 1848.4768; 170; 529.6; 
567; 0; 1848.4768; 170; 529.8; 
567; 0; 1848.4768; 170; 530; 
567; 0; 1848.4768; 170; 530.2; 
567; 0; 1848.4768; 170; 530.4; 
567; 0; 1848.4768; 170; 530.6; 
567; 0; 1848.4768; 170; 530.8; 
567; 0; 1848.4769; 170; 531; 
567; 0; 1848.4769; 170; 531.2; 
567; 0; 1848.4769; 170; 531.4; 
567; 0; 1848.4769; 170; 531.6; 
567; 0; 1848.477; 170; 531.8; 
567; 0; 1848.477; 170; 532; 
567; 0; 1848.4769; 170; 532.2; 
567; 0; 1848.4769; 170; 532.4; 
567; 0; 1848.4769; 170; 532.6; 
567; 0; 1848.4769; 170; 532.8; 
567; 0; 1848.4769; 170; 533; 
567; 0; 1848.477; 170; 533.2; 
567; 0; 1848.477; 170; 533.4; 
567; 0; 1848.4771; 170; 533.6; 
567; 0; 1848.4771; 170; 533.8; 
567; 0; 1848.4771; 170; 534; 
567; 0; 1848.4771; 170; 534.2; 
567; 0; 1848.4771; 170; 534.4; 
567; 0; 1848.4771; 170; 534.6; 
567; 0; 1848.4771; 170; 534.8; 
567; 0; 1848.4771; 170; 535; 
567; 0; 1848.4771; 170; 535.2; 
567; 0; 1848.4771; 170; 535.4; 
567; 0; 1848.4771; 170; 535.6; 
567; 0; 1848.4771; 170; 535.8; 
567; 0; 1848.4771; 170; 536; 
567; 0; 1848.4771; 170; 536.2; 
567; 0; 1848.4771; 170; 536.4; 
567; 0; 1848.4771; 170; 536.6; 
567; 0; 1848.4771; 170; 536.8; 
567; 0; 1848.4771; 170; 537; 
567; 0; 1848.4771; 170; 537.2; 
567; 0; 1848.4772; 170; 537.4; 
567; 0; 1848.4772; 170; 537.6; 
567; 0; 1848.4772; 170; 537.8; 
567; 0; 1848.4772; 170; 538; 
567; 0; 1848.4772; 170; 538.2; 
567; 0; 1848.4772; 170; 538.4; 
567; 0; 1848.4772; 170; 538.6; 
567; 0; 1849.5144; 170; 538.8; 
567; 0; 1849.5143; 170; 539; 
567; 0; 1849.514; 170; 539.2; 
567; 0; 1849.5134; 170; 539.4; 
567; 0; 1850.549; 170; 539.6; 
567; 0; 1850.5456; 170; 539.8; 
567; 0; 1850.5401; 170; 540; 
567; 0; 1850.5324; 170; 540.2; 
567; 0; 1850.5225; 170; 540.4; 
567; 0; 1850.5109; 170; 540.6; 
567; 0; 1852.5723; 170; 540.8; 
567; 0; 1853.5966; 170; 541; 
567; 0; 1856.6957; 170; 541.2; 
567; 0; 1860.834; 170; 541.4; 
567; 0; 1854.1528; 170; 541.6; 
567; 0; 1860.4339; 170; 541.8; 
567; 0; 1866.7198; 170; 542; 
567; 0; 1874.0579; 170; 542.2; 
567; 0; 1881.4009; 170; 542.4; 
567; 0; 1887.7009; 170; 542.6; 
567; 0; 1892.9567; 170; 542.8; 
567; 0; 1896.1191; 170; 543; 
567; 0; 1899.281; 170; 543.2; 
567; 0; 1900.3447; 170; 543.4; 
567; 0; 1900.3552; 170; 543.6; 
567; 0; 1899.314; 170; 543.8; 
567; 0; 1898.2681; 170; 544; 
567; 0; 1896.1702; 170; 544.2; 
567; 0; 1894.0685; 170; 544.4; 
567; 0; 1891.964; 170; 544.6; 
567; 0; 1890.9037; 170; 544.8; 
567; 0; 1889.8425; 170; 545; 
567; 0; 1889.8302; 170; 545.2; 
567; 0; 1890.868; 170; 545.4; 
567; 0; 1892.9569; 170; 545.6; 
567; 0; 1895.05; 170; 545.8; 
567; 0; 1897.1474; 170; 546; 
567; 0; 1899.2488; 170; 546.2; 
567; 0; 1901.3533; 170; 546.4; 
567; 0; 1902.4123; 170; 546.6; 
567; 0; 1902.4244; 170; 546.8; 
567; 0; 1902.4355; 170; 547; 
567; 0; 1901.3956; 170; 547.2; 
567; 0; 1899.3057; 170; 547.4; 
567; 0; 1897.2131; 170; 547.6; 
567; 0; 1895.1178; 170; 547.8; 
567; 0; 1893.0203; 170; 548; 
567; 0; 1890.9209; 170; 548.2; 
567; 0; 1888.8206; 170; 548.4; 
567; 0; 1886.7192; 170; 548.6; 
567; 0; 1885.6653; 170; 548.8; 
567; 0; 1884.6127; 170; 549; 
567; 0; 1883.5617; 170; 549.2; 
567; 0; 1883.5602; 170; 549.4; 
567; 0; 1883.5606; 170; 549.6; 
567; 0; 1883.5626; 170; 549.8; 
567; 0; 1882.5184; 170; 550; 
567; 0; 1882.5222; 170; 550.2; 
567; 0; 1881.4788; 170; 550.4; 
567; 0; 1881.4825; 170; 550.6; 
567; 0; 1880.4382; 170; 550.8; 
567; 0; 1879.3925; 170; 551; 
567; 0; 1878.346; 170; 551.2; 
567; 0; 1876.2512; 170; 551.4; 
567; 0; 1875.2033; 170; 551.6; 
567; 0; 1874.1549; 170; 551.8; 
567; 0; 1873.1062; 170; 552; 
567; 0; 1872.0572; 170; 552.2; 
567; 0; 1871.0082; 170; 552.4; 
567; 0; 1869.9596; 170; 552.6; 
567; 0; 1869.9588; 170; 552.8; 
567; 0; 1868.9111; 170; 553; 
567; 0; 1867.8637; 170; 553.2; 
567; 0; 1867.8643; 170; 553.4; 
567; 0; 1866.8175; 170; 553.6; 
567; 0; 1866.8185; 170; 553.8; 
567; 0; 1865.7719; 170; 554; 
567; 0; 1865.7726; 170; 554.2; 
567; 0; 1864.7257; 170; 554.4; 
567; 0; 1863.6786; 170; 554.6; 
567; 0; 1863.6788; 170; 554.8; 
567; 0; 1862.6314; 170; 555; 
567; 0; 1862.6314; 170; 555.2; 
567; 0; 1861.5838; 170; 555.4; 
567; 0; 1861.5838; 170; 555.6; 
567; 0; 1860.5362; 170; 555.8; 
567; 0; 1860.5361; 170; 556; 
567; 0; 1859.4886; 170; 556.2; 
567; 0; 1859.4886; 170; 556.4; 
567; 0; 1858.4412; 170; 556.6; 
567; 0; 1858.4413; 170; 556.8; 
567; 0; 1858.4415; 170; 557; 
567; 0; 1857.3941; 170; 557.2; 
567; 0; 1857.3943; 170; 557.4; 
567; 0; 1857.3945; 170; 557.6; 
567; 0; 1856.3471; 170; 557.8; 
567; 0; 1856.3473; 170; 558; 
567; 0; 1856.3474; 170; 558.2; 
567; 0; 1855.3; 170; 558.4; 
567; 0; 1855.3; 170; 558.6; 
567; 0; 1855.3; 170; 558.8; 
567; 0; 1854.2526; 170; 559; 
567; 0; 1854.2526; 170; 559.2; 
567; 0; 1854.2526; 170; 559.4; 
567; 0; 1854.2526; 170; 559.6; 
567; 0; 1853.2051; 170; 559.8; 
567; 0; 1853.2052; 170; 560; 
567; 0; 1853.2052; 170; 560.2; 
567; 0; 1853.2053; 170; 560.4; 
567; 0; 1853.2054; 170; 560.6; 
567; 0; 1852.158; 170; 560.8; 
567; 0; 1852.1581; 170; 561; 
567; 0; 1865.0725; 170; 561.2; 
567; 0; 1865.0726; 170; 561.4; 
567; 0; 1865.0726; 170; 561.6; 
567; 0; 1864.0355; 170; 561.8; 
567; 0; 1864.0356; 170; 562; 
567; 0; 1864.0356; 170; 562.2; 
567; 0; 1862.9984; 170; 562.4; 
567; 0; 1862.9984; 170; 562.6; 
567; 0; 1861.9612; 170; 562.8; 
567; 0; 1861.9613; 170; 563; 
567; 0; 1860.9241; 170; 563.2; 
567; 0; 1860.9242; 170; 563.4; 
567; 0; 1859.887; 170; 563.6; 
567; 0; 1859.8871; 170; 563.8; 
567; 0; 1858.85; 170; 564; 
567; 0; 1858.8501; 170; 564.2; 
567; 0; 1857.8129; 170; 564.4; 
567; 0; 1857.813; 170; 564.6; 
567; 0; 1857.813; 170; 564.8; 
567; 0; 1856.7759; 170; 565; 
567; 0; 1856.7759; 170; 565.2; 
567; 0; 1855.7387; 170; 565.4; 
567; 0; 1855.7387; 170; 565.6; 
567; 0; 1854.7015; 170; 565.8; 
567; 0; 1854.7015; 170; 566; 
567; 0; 1854.7016; 170; 566.2; 
567; 0; 1853.6644; 170; 566.4; 
567; 0; 1853.6645; 170; 566.6; 
567; 0; 1853.6646; 170; 566.8; 
567; 0; 1852.6275; 170; 567; 
567; 0; 1852.6276; 170; 567.2; 
567; 0; 1852.6276; 170; 567.4; 
567; 0; 1852.6277; 170; 567.6; 
567; 0; 1851.5905; 170; 567.8; 
567; 0; 1851.5905; 170; 568; 
567; 0; 1851.5905; 170; 568.2; 
567; 0; 1851.5905; 170; 568.4; 
567; 0; 1850.5533; 170; 568.6; 
567; 0; 1850.5533; 170; 568.8; 
567; 0; 1850.5533; 170; 569; 
567; 0; 1850.5533; 170; 569.2; 
567; 0; 1850.5533; 170; 569.4; 
567; 0; 1850.5534; 170; 569.6; 
567; 0; 1849.5162; 170; 569.8; 
567; 0; 1849.5162; 170; 570; 
567; 0; 1849.5163; 170; 570.2; 
567; 0; 1849.5163; 170; 570.4; 
567; 0; 1849.5163; 170; 570.6; 
567; 0; 1849.5164; 170; 570.8; 
567; 0; 1849.5164; 170; 571; 
567; 0; 1849.5164; 170; 571.2; 
567; 0; 1849.5164; 170; 571.4; 
567; 0; 1849.5164; 170; 571.6; 
567; 0; 1848.4792; 170; 571.8; 
567; 0; 1848.4792; 170; 572; 
567; 0; 1848.4791; 170; 572.2; 
567; 0; 1848.4791; 170; 572.4; 
567; 0; 1848.4792; 170; 572.6; 
567; 0; 1848.4792; 170; 572.8; 
567; 0; 1848.4792; 170; 573; 
567; 0; 1848.4792; 170; 573.2; 
567; 0; 1848.4792; 170; 573.4; 
567; 0; 1848.4793; 170; 573.6; 
567; 0; 1848.4794; 170; 573.8; 
567; 0; 1848.4794; 170; 574; 
567; 0; 1848.4794; 170; 574.2; 
567; 0; 1848.4794; 170; 574.4; 
567; 0; 1848.4794; 170; 574.6; 
567; 0; 1848.4794; 170; 574.8; 
567; 0; 1848.4794; 170; 575; 
567; 0; 1848.4794; 170; 575.2; 
567; 0; 1848.4793; 170; 575.4; 
567; 0; 1848.4794; 170; 575.6; 
567; 0; 1848.4794; 170; 575.8; 
567; 0; 1847.4422; 170; 576; 
567; 0; 1847.4423; 170; 576.2; 
567; 0; 1847.4423; 170; 576.4; 
567; 0; 1847.4424; 170; 576.6; 
567; 0; 1847.4425; 170; 576.8; 
567; 0; 1847.4425; 170; 577; 
567; 0; 1847.4424; 170; 577.2; 
567; 0; 1847.4424; 170; 577.4; 
567; 0; 1847.4423; 170; 577.6; 
567; 0; 1847.4423; 170; 577.8; 
567; 0; 1847.4423; 170; 578; 
567; 0; 1847.4423; 170; 578.2; 
567; 0; 1847.4423; 170; 578.4; 
567; 0; 1847.4423; 170; 578.6; 
567; 0; 1847.4423; 170; 578.8; 
567; 0; 1847.4423; 170; 579; 
567; 0; 1847.4423; 170; 579.2; 
567; 0; 1847.4423; 170; 579.4; 
567; 0; 1847.4423; 170; 579.6; 
567; 0; 1847.4424; 170; 579.8; 
567; 0; 1847.4424; 170; 580; 
567; 0; 1847.4424; 170; 580.2; 
567; 0; 1847.4425; 170; 580.4; 
567; 0; 1847.4425; 170; 580.6; 
567; 0; 1847.4426; 170; 580.8; 
567; 0; 1847.4425; 170; 581; 
567; 0; 1847.4425; 170; 581.2; 
567; 0; 1847.4425; 170; 581.4; 
567; 0; 1847.4424; 170; 581.6; 
567; 0; 1847.4424; 170; 581.8; 
567; 0; 1847.4424; 170; 582; 
567; 0; 1847.4424; 170; 582.2; 
567; 0; 1847.4424; 170; 582.4; 
567; 0; 1847.4424; 170; 582.6; 
567; 0; 1847.4424; 170; 582.8; 
567; 0; 1847.4424; 170; 583; 
567; 0; 1847.4425; 170; 583.2; 
567; 0; 1847.4425; 170; 583.4; 
567; 0; 1847.4425; 170; 583.6; 
567; 0; 1847.4425; 170; 583.8; 
567; 0; 1847.4425; 170; 584; 
567; 0; 1847.4425; 170; 584.2; 
567; 0; 1847.4425; 170; 584.4; 
567; 0; 1847.4425; 170; 584.6; 
567; 0; 1848.4795; 170; 584.8; 
567; 0; 1848.4789; 170; 585; 
567; 0; 1848.4776; 170; 585.2; 
567; 0; 1848.4752; 170; 585.4; 
567; 0; 1849.5074; 170; 585.6; 
567; 0; 1849.4999; 170; 585.8; 
567; 0; 1848.4524; 170; 586; 
567; 0; 1849.4764; 170; 586.2; 
567; 0; 1849.4616; 170; 586.4; 
567; 0; 1851.5208; 170; 586.6; 
567; 0; 1855.6554; 170; 586.8; 
567; 0; 1859.7927; 170; 587; 
567; 0; 1853.101; 170; 587.2; 
567; 0; 1860.4303; 170; 587.4; 
567; 0; 1867.7648; 170; 587.6; 
567; 0; 1876.1516; 170; 587.8; 
567; 0; 1882.4479; 170; 588; 
567; 0; 1888.7472; 170; 588.2; 
567; 0; 1894.0005; 170; 588.4; 
567; 0; 1897.1589; 170; 588.6; 
567; 0; 1900.3156; 170; 588.8; 
567; 0; 1902.4221; 170; 589; 
567; 0; 1902.4299; 170; 589.2; 
567; 0; 1903.4811; 170; 589.4; 
567; 0; 1903.481; 170; 589.6; 
567; 0; 1902.4301; 170; 589.8; 
567; 0; 1902.4246; 170; 590; 
567; 0; 1903.4658; 170; 590.2; 
567; 0; 1903.4601; 170; 590.4; 
567; 0; 1904.5036; 170; 590.6; 
567; 0; 1906.5973; 170; 590.8; 
567; 0; 1907.6466; 170; 591; 
567; 0; 1908.6991; 170; 591.2; 
567; 0; 1909.7541; 170; 591.4; 
567; 0; 1909.7632; 170; 591.6; 
567; 0; 1909.7722; 170; 591.8; 
567; 0; 1908.732; 170; 592; 
567; 0; 1906.6429; 170; 592.2; 
567; 0; 1904.5518; 170; 592.4; 
567; 0; 1902.4583; 170; 592.6; 
567; 0; 1899.3149; 170; 592.8; 
567; 0; 1896.1696; 170; 593; 
567; 0; 1894.0705; 170; 593.2; 
567; 0; 1890.923; 170; 593.4; 
567; 0; 1888.8229; 170; 593.6; 
567; 0; 1886.7233; 170; 593.8; 
567; 0; 1885.6713; 170; 594; 
567; 0; 1883.5733; 170; 594.2; 
567; 0; 1882.5246; 170; 594.4; 
567; 0; 1882.5248; 170; 594.6; 
567; 0; 1881.4788; 170; 594.8; 
567; 0; 1880.4337; 170; 595; 
567; 0; 1879.389; 170; 595.2; 
567; 0; 1878.3442; 170; 595.4; 
567; 0; 1877.2987; 170; 595.6; 
567; 0; 1876.2528; 170; 595.8; 
567; 0; 1874.1587; 170; 596; 
567; 0; 1873.1117; 170; 596.2; 
567; 0; 1872.0641; 170; 596.4; 
567; 0; 1871.0161; 170; 596.6; 
567; 0; 1868.9203; 170; 596.8; 
567; 0; 1867.8719; 170; 597; 
567; 0; 1866.8235; 170; 597.2; 
567; 0; 1865.7753; 170; 597.4; 
567; 0; 1864.7272; 170; 597.6; 
567; 0; 1864.7269; 170; 597.8; 
567; 0; 1863.6794; 170; 598; 
567; 0; 1862.6321; 170; 598.2; 
567; 0; 1862.6324; 170; 598.4; 
567; 0; 1861.5854; 170; 598.6; 
567; 0; 1861.5859; 170; 598.8; 
567; 0; 1860.5388; 170; 599; 
567; 0; 1859.4916; 170; 599.2; 
567; 0; 1859.4919; 170; 599.4; 
567; 0; 1858.4446; 170; 599.6; 
567; 0; 1858.4446; 170; 599.8; 
567; 0; 1857.397; 170; 600; 
567; 0; 1857.397; 170; 600.2; 
567; 0; 1856.3494; 170; 600.4; 
567; 0; 1856.3493; 170; 600.6; 
567; 0; 1855.3018; 170; 600.8; 
567; 0; 1855.3019; 170; 601; 
567; 0; 1855.302; 170; 601.2; 
567; 0; 1854.2545; 170; 601.4; 
567; 0; 1854.2546; 170; 601.6; 
567; 0; 1854.2547; 170; 601.8; 
567; 0; 1853.2073; 170; 602; 
567; 0; 1853.2074; 170; 602.2; 
567; 0; 1853.2075; 170; 602.4; 
567; 0; 1852.16; 170; 602.6; 
567; 0; 1852.1601; 170; 602.8; 
567; 0; 1865.0745; 170; 603; 
567; 0; 1865.0745; 170; 603.2; 
567; 0; 1864.0374; 170; 603.4; 
567; 0; 1864.0374; 170; 603.6; 
567; 0; 1864.0373; 170; 603.8; 
567; 0; 1863.0001; 170; 604; 
567; 0; 1863.0001; 170; 604.2; 
567; 0; 1863.0002; 170; 604.4; 
567; 0; 1861.963; 170; 604.6; 
567; 0; 1861.9631; 170; 604.8; 
567; 0; 1860.926; 170; 605; 
567; 0; 1860.9261; 170; 605.2; 
567; 0; 1859.889; 170; 605.4; 
567; 0; 1858.8519; 170; 605.6; 
567; 0; 1858.852; 170; 605.8; 
567; 0; 1857.8148; 170; 606; 
567; 0; 1857.8149; 170; 606.2; 
567; 0; 1856.7777; 170; 606.4; 
567; 0; 1856.7778; 170; 606.6; 
567; 0; 1855.7406; 170; 606.8; 
567; 0; 1855.7407; 170; 607; 
567; 0; 1854.7036; 170; 607.2; 
567; 0; 1854.7037; 170; 607.4; 
567; 0; 1854.7037; 170; 607.6; 
567; 0; 1853.6664; 170; 607.8; 
567; 0; 1853.6664; 170; 608; 
567; 0; 1852.6292; 170; 608.2; 
567; 0; 1852.6291; 170; 608.4; 
567; 0; 1852.6291; 170; 608.6; 
567; 0; 1851.5919; 170; 608.8; 
567; 0; 1851.592; 170; 609; 
567; 0; 1851.5921; 170; 609.2; 
567; 0; 1851.5922; 170; 609.4; 
567; 0; 1850.5551; 170; 609.6; 
567; 0; 1850.5551; 170; 609.8; 
567; 0; 1850.5552; 170; 610; 
567; 0; 1850.5552; 170; 610.2; 
567; 0; 1849.518; 170; 610.4; 
567; 0; 1849.518; 170; 610.6; 
567; 0; 1849.5181; 170; 610.8; 
567; 0; 1849.5181; 170; 611; 
567; 0; 1849.5181; 170; 611.2; 
567; 0; 1849.5181; 170; 611.4; 
567; 0; 1849.5182; 170; 611.6; 
567; 0; 1848.4811; 170; 611.8; 
567; 0; 1848.4811; 170; 612; 
567; 0; 1848.4811; 170; 612.2; 
567; 0; 1848.481; 170; 612.4; 
567; 0; 1848.481; 170; 612.6; 
567; 0; 1848.481; 170; 612.8; 
567; 0; 1848.481; 170; 613; 
567; 0; 1848.481; 170; 613.2; 
567; 0; 1848.4811; 170; 613.4; 
567; 0; 1848.4811; 170; 613.6; 
567; 0; 1847.4439; 170; 613.8; 
567; 0; 1847.4439; 170; 614; 
567; 0; 1847.4439; 170; 614.2; 
567; 0; 1847.4439; 170; 614.4; 
567; 0; 1847.4439; 170; 614.6; 
567; 0; 1847.4439; 170; 614.8; 
567; 0; 1847.4439; 170; 615; 
567; 0; 1847.4439; 170; 615.2; 
567; 0; 1847.4439; 170; 615.4; 
567; 0; 1847.4439; 170; 615.6; 
567; 0; 1847.4439; 170; 615.8; 
567; 0; 1847.444; 170; 616; 
567; 0; 1847.4441; 170; 616.2; 
567; 0; 1847.4441; 170; 616.4; 
567; 0; 1847.4442; 170; 616.6; 
567; 0; 1847.4442; 170; 616.8; 
567; 0; 1847.4442; 170; 617; 
567; 0; 1847.4442; 170; 617.2; 
567; 0; 1847.4443; 170; 617.4; 
567; 0; 1846.407; 170; 617.6; 
567; 0; 1846.407; 170; 617.8; 
567; 0; 1846.4069; 170; 618; 
567; 0; 1846.4069; 170; 618.2; 
567; 0; 1846.4068; 170; 618.4; 
567; 0; 1846.4068; 170; 618.6; 
567; 0; 1846.4068; 170; 618.8; 
567; 0; 1846.4068; 170; 619; 
567; 0; 1846.4069; 170; 619.2; 
567; 0; 1846.4069; 170; 619.4; 
567; 0; 1846.4069; 170; 619.6; 
567; 0; 1846.4069; 170; 619.8; 
567; 0; 1846.407; 170; 620; 
567; 0; 1846.407; 170; 620.2; 
567; 0; 1846.4071; 170; 620.4; 
567; 0; 1846.4071; 170; 620.6; 
567; 0; 1846.4071; 170; 620.8; 
567; 0; 1846.407; 170; 621; 
567; 0; 1846.407; 170; 621.2; 
567; 0; 1846.407; 170; 621.4; 
567; 0; 1846.407; 170; 621.6; 
567; 0; 1846.407; 170; 621.8; 
567; 0; 1846.407; 170; 622; 
567; 0; 1846.407; 170; 622.2; 
567; 0; 1846.407; 170; 622.4; 
567; 0; 1846.407; 170; 622.6; 
567; 0; 1846.407; 170; 622.8; 
567; 0; 1846.407; 170; 623; 
567; 0; 1846.407; 170; 623.2; 
567; 0; 1846.407; 170; 623.4; 
567; 0; 1846.4071; 170; 623.6; 
567; 0; 1846.4071; 170; 623.8; 
567; 0; 1846.4072; 170; 624; 
567; 0; 1846.4072; 170; 624.2; 
567; 0; 1846.4071; 170; 624.4; 
567; 0; 1846.4071; 170; 624.6; 
567; 0; 1846.407; 170; 624.8; 
567; 0; 1846.407; 170; 625; 
567; 0; 1846.407; 170; 625.2; 
567; 0; 1846.407; 170; 625.4; 
567; 0; 1846.4071; 170; 625.6; 
567; 0; 1846.4071; 170; 625.8; 
567; 0; 1846.4072; 170; 626; 
567; 0; 1846.4072; 170; 626.2; 
567; 0; 1846.4072; 170; 626.4; 
567; 0; 1846.4072; 170; 626.6; 
567; 0; 1846.4072; 170; 626.8; 
567; 0; 1846.4072; 170; 627; 
567; 0; 1846.4071; 170; 627.2; 
567; 0; 1846.407; 170; 627.4; 
567; 0; 1846.407; 170; 627.6; 
567; 0; 1846.407; 170; 627.8; 
567; 0; 1846.407; 170; 628; 
567; 0; 1846.407; 170; 628.2; 
567; 0; 1846.4071; 170; 628.4; 
567; 0; 1846.4072; 170; 628.6; 
567; 0; 1846.4073; 170; 628.8; 
567; 0; 1846.4073; 170; 629; 
567; 0; 1846.4074; 170; 629.2; 
567; 0; 1846.4073; 170; 629.4; 
567; 0; 1845.3701; 170; 629.6; 
567; 0; 1845.37; 170; 629.8; 
567; 0; 1845.3699; 0; 630; 
567; 0; 0; 0; 630.2; 
567; 0; 0; 0; 630.4; 
567; 0; 0; 0; 630.6; 
567; 0; 0; 0; 630.8; 
567; 0; 0; 0; 631; 
567; 0; 0; 0; 631.2; 
567; 0; 0; 0; 631.4; 
567; 0; 0; 0; 631.6; 
567; 0; 0; 0; 631.8; 
567; 0; 0; 0; 632; 
567; 0; 0; 0; 632.2; 
567; 0; 0; 0; 632.4; 
567; 0; 0; 0; 632.6; 
567; 0; 0; 0; 632.8; 
567; 0; 0; 0; 633; 
567; 0; 0; 0; 633.2; 
567; 0; 0; 0; 633.4; 
567; 0; 0; 0; 633.6; 
567; 0; 0; 0; 633.8; 
567; 0; 0; 0; 634; 
567; 0; 0; 0; 634.2; 
567; 0; 0; 0; 634.4; 
567; 0; 0; 0; 634.6; 
567; 0; 0; 0; 634.8; 
567; 0; 0; 0; 635; 
567; 0; 0; 0; 635.2; 
567; 0; 0; 0; 635.4; 
567; 0; 0; 0; 635.6; 
567; 0; 0; 0; 635.8; 
567; 0; 0; 0; 636; 
567; 0; 0; 0; 636.2; 
567; 0; 0; 0; 636.4; 
567; 0; 0; 0; 636.6; 
567; 0; 0; 0; 636.8; 
567; 0; 0; 0; 637; 
567; 0; 0; 0; 637.2; 
567; 0; 0; 0; 637.4; 
567; 0; 0; 0; 637.6; 
567; 0; 0; 0; 637.8; 
567; 0; 0; 0; 638; 
567; 0; 0; 0; 638.2; 
567; 0; 0; 0; 638.4; 
567; 0; 0; 0; 638.6; 
567; 0; 0; 0; 638.8; 
567; 0; 0; 0; 639; 
567; 0; 0; 0; 639.2; 
567; 0; 0; 0; 639.4; 
567; 0; 0; 0; 639.6; 
567; 0; 0; 0; 639.8; 
567; 0; 0; 0; 640; 
567; 0; 0; 0; 640.2; 
567; 0; 0; 0; 640.4; 
567; 0; 0; 0; 640.6; 
567; 0; 0; 0; 640.8; 
567; 0; 0; 0; 641; 
567; 0; 0; 0; 641.2; 
567; 0; 0; 0; 641.4; 
567; 0; 0; 0; 641.6; 
567; 0; 0; 0; 641.8; 
567; 0; 0; 0; 642; 
567; 0; 0; 0; 642.2; 
567; 0; 0; 0; 642.4; 
567; 0; 0; 0; 642.6; 
567; 0; 0; 0; 642.8; 
567; 0; 0; 0; 643; 
567; 0; 0; 0; 643.2; 
567; 0; 0; 0; 643.4; 
567; 0; 0; 0; 643.6; 
567; 0; 0; 0; 643.8; 
567; 0; 0; 0; 644; 
567; 0; 0; 0; 644.2; 
567; 0; 0; 0; 644.4; 
567; 0; 0; 0; 644.6; 
567; 0; 0; 0; 644.8; 
567; 0; 0; 0; 645; 
567; 0; 0; 0; 645.2; 
567; 0; 0; 0; 645.4; 
567; 0; 0; 0; 645.6; 
567; 0; 0; 0; 645.8; 
567; 0; 0; 0; 646; 
567; 0; 0; 0; 646.2; 
567; 0; 0; 0; 646.4; 
567; 0; 0; 0; 646.6; 
567; 0; 0; 0; 646.8; 
567; 0; 0; 0; 647; 
567; 0; 0; 0; 647.2; 
567; 0; 0; 0; 647.4; 
567; 0; 0; 0; 647.6; 
567; 0; 0; 0; 647.8; 
567; 0; 0; 0; 648; 
567; 0; 0; 0; 648.2; 
567; 0; 0; 0; 648.4; 
567; 0; 0; 0; 648.6; 
567; 0; 0; 0; 648.8; 
567; 0; 0; 0; 649; 
567; 0; 0; 0; 649.2; 
567; 0; 0; 0; 649.4; 
567; 0; 0; 0; 649.6; 
567; 0; 0; 0; 649.8; 
567; 0; 0; 0; 650; 
567; 0; 0; 0; 650.2; 
567; 0; 0; 0; 650.4; 
567; 0; 0; 0; 650.6; 
567; 0; 0; 0; 650.8; 
567; 0; 0; 0; 651; 
567; 0; 0; 0; 651.2; 
567; 0; 0; 0; 651.4; 
567; 0; 0; 0; 651.6; 
567; 0; 0; 0; 651.8; 
567; 0; 0; 0; 652; 
567; 0; 0; 0; 652.2; 
567; 0; 0; 0; 652.4; 
567; 0; 0; 0; 652.6; 
567; 0; 0; 0; 652.8; 
567; 0; 0; 0; 653; 
567; 0; 0; 0; 653.2; 
567; 0; 0; 0; 653.4; 
567; 0; 0; 0; 653.6; 
567; 0; 0; 0; 653.8; 
567; 0; 0; 0; 654; 
567; 0; 0; 0; 654.2; 
567; 0; 0; 0; 654.4; 
567; 0; 0; 0; 654.6; 
567; 0; 0; 0; 654.8; 
567; 0; 0; 0; 655; 
567; 0; 0; 0; 655.2; 
567; 0; 0; 0; 655.4; 
567; 0; 0; 0; 655.6; 
567; 0; 0; 0; 655.8; 
567; 0; 0; 0; 656; 
567; 0; 0; 0; 656.2; 
567; 0; 0; 0; 656.4; 
567; 0; 0; 0; 656.6; 
567; 0; 0; 0; 656.8; 
567; 0; 0; 0; 657; 
567; 0; 0; 0; 657.2; 
567; 0; 0; 0; 657.4; 
567; 0; 0; 0; 657.6; 
567; 0; 0; 0; 657.8; 
567; 0; 0; 0; 658; 
567; 0; 0; 0; 658.2; 
567; 0; 0; 0; 658.4; 
567; 0; 0; 0; 658.6; 
567; 0; 0; 0; 658.8; 
567; 0; 0; 0; 659; 
567; 0; 0; 0; 659.2; 
567; 0; 0; 0; 659.4; 
567; 0; 0; 0; 659.6; 
567; 0; 0; 0; 659.8; 
567; 0; 0; 0; 660; 
567; 0; 0; 0; 660.2; 
567; 0; 0; 0; 660.4; 
567; 0; 0; 0; 660.6; 
567; 0; 0; 0; 660.8; 
567; 0; 0; 0; 661; 
567; 0; 0; 0; 661.2; 
567; 0; 0; 0; 661.4; 
567; 0; 0; 0; 661.6; 
567; 0; 0; 0; 661.8; 
567; 0; 0; 0; 662; 
567; 0; 0; 0; 662.2; 
567; 0; 0; 0; 662.4; 
567; 0; 0; 0; 662.6; 
567; 0; 0; 0; 662.8; 
567; 0; 0; 0; 663; 
567; 0; 0; 0; 663.2; 
567; 0; 0; 0; 663.4; 
567; 0; 0; 0; 663.6; 
567; 0; 0; 0; 663.8; 
567; 0; 0; 0; 664; 
567; 0; 0; 0; 664.2; 
567; 0; 0; 0; 664.4; 
567; 0; 0; 0; 664.6; 
567; 0; 0; 0; 664.8; 
567; 0; 0; 0; 665; 
567; 0; 0; 0; 665.2; 
567; 0; 0; 0; 665.4; 
567; 0; 0; 0; 665.6; 
567; 0; 0; 0; 665.8; 
567; 0; 0; 0; 666; 
567; 0; 0; 0; 666.2; 
567; 0; 0; 0; 666.4; 
567; 0; 0; 0; 666.6; 
567; 0; 0; 0; 666.8; 
567; 0; 0; 0; 667; 
567; 0; 0; 0; 667.2; 
567; 0; 0; 0; 667.4; 
567; 0; 0; 0; 667.6; 
567; 0; 0; 0; 667.8; 
567; 0; 0; 0; 668; 
567; 0; 0; 0; 668.2; 
567; 0; 0; 0; 668.4; 
567; 0; 0; 0; 668.6; 
567; 0; 0; 0; 668.8; 
567; 0; 0; 0; 669; 
567; 0; 0; 0; 669.2; 
567; 0; 0; 0; 669.4; 
567; 0; 0; 0; 669.6; 
567; 0; 0; 0; 669.8; 
567; 0; 0; 0; 670; 
567; 0; 0; 0; 670.2; 
567; 0; 0; 0; 670.4; 
567; 0; 0; 0; 670.6; 
567; 0; 0; 0; 670.8; 
567; 0; 0; 0; 671; 
567; 0; 0; 0; 671.2; 
567; 0; 0; 0; 671.4; 
567; 0; 0; 0; 671.6; 
567; 0; 0; 0; 671.8; 
567; 0; 0; 0; 672; 
567; 0; 0; 0; 672.2; 
567; 0; 0; 0; 672.4; 
567; 0; 0; 0; 672.6; 
567; 0; 0; 0; 672.8; 
567; 0; 0; 0; 673; 
567; 0; 0; 0; 673.2; 
567; 0; 0; 0; 673.4; 
567; 0; 0; 0; 673.6; 
567; 0; 0; 0; 673.8; 
567; 0; 0; 0; 674; 
567; 0; 0; 0; 674.2; 
567; 0; 0; 0; 674.4; 
567; 0; 0; 0; 674.6; 
567; 0; 0; 0; 674.8; 
567; 0; 0; 0; 675; 
567; 0; 0; 0; 675.2; 
567; 0; 0; 0; 675.4; 
567; 0; 0; 0; 675.6; 
567; 0; 0; 0; 675.8; 
567; 0; 0; 0; 676; 
567; 0; 0; 0; 676.2; 
567; 0; 0; 0; 676.4; 
567; 0; 0; 0; 676.6; 
567; 0; 0; 0; 676.8; 
567; 0; 0; 0; 677; 
567; 0; 0; 0; 677.2; 
567; 0; 0; 0; 677.4; 
567; 0; 0; 0; 677.6; 
567; 0; 0; 0; 677.8; 
567; 0; 0; 0; 678; 
567; 0; 0; 0; 678.2; 
567; 0; 0; 0; 678.4; 
567; 0; 0; 0; 678.6; 
567; 0; 0; 0; 678.8; 
567; 0; 0; 0; 679; 
567; 0; 0; 0; 679.2; 
567; 0; 0; 0; 679.4; 
567; 0; 0; 0; 679.6; 
567; 0; 0; 0; 679.8; 
567; 0; 0; 0; 680; 
567; 0; 0; 0; 680.2; 
567; 0; 0; 0; 680.4; 
567; 0; 0; 0; 680.6; 
567; 0; 0; 0; 680.8; 
567; 0; 0; 0; 681; 
567; 0; 0; 0; 681.2; 
567; 0; 0; 0; 681.4; 
567; 0; 0; 0; 681.6; 
567; 0; 0; 0; 681.8; 
567; 0; 0; 0; 682; 
567; 0; 0; 0; 682.2; 
567; 0; 0; 0; 682.4; 
567; 0; 0; 0; 682.6; 
567; 0; 0; 0; 682.8; 
567; 0; 0; 0; 683; 
567; 0; 0; 0; 683.2; 
567; 0; 0; 0; 683.4; 
567; 0; 0; 0; 683.6; 
567; 0; 0; 0; 683.8; 
567; 0; 0; 0; 684; 
567; 0; 0; 0; 684.2; 
567; 0; 0; 0; 684.4; 
567; 0; 0; 0; 684.6; 
567; 0; 0; 0; 684.8; 
567; 0; 0; 0; 685; 
567; 0; 0; 0; 685.2; 
567; 0; 0; 0; 685.4; 
567; 0; 0; 0; 685.6; 
567; 0; 0; 0; 685.8; 
567; 0; 0; 0; 686; 
567; 0; 0; 0; 686.2; 
567; 0; 0; 0; 686.4; 
567; 0; 0; 0; 686.6; 
567; 0; 0; 0; 686.8; 
567; 0; 0; 0; 687; 
567; 0; 0; 0; 687.2; 
567; 0; 0; 0; 687.4; 
567; 0; 0; 0; 687.6; 
567; 0; 0; 0; 687.8; 
567; 0; 0; 0; 688; 
567; 0; 0; 0; 688.2; 
567; 0; 0; 0; 688.4; 
567; 0; 0; 0; 688.6; 
567; 0; 0; 0; 688.8; 
567; 0; 0; 0; 689; 
567; 0; 0; 0; 689.2; 
567; 0; 0; 0; 689.4; 
567; 0; 0; 0; 689.6; 
567; 0; 0; 0; 689.8; 
567; 0; 0; 0; 690; 
567; 0; 0; 0; 690.2; 
567; 0; 0; 0; 690.4; 
567; 0; 0; 0; 690.6; 
567; 0; 0; 0; 690.8; 
567; 0; 0; 0; 691; 
567; 0; 0; 0; 691.2; 
567; 0; 0; 0; 691.4; 
567; 0; 0; 0; 691.6; 
567; 0; 0; 0; 691.8; 
567; 0; 0; 0; 692; 
567; 0; 0; 0; 692.2; 
567; 0; 0; 0; 692.4; 
567; 0; 0; 0; 692.6; 
567; 0; 0; 0; 692.8; 
567; 0; 0; 0; 693; 
567; 0; 0; 0; 693.2; 
567; 0; 0; 0; 693.4; 
567; 0; 0; 0; 693.6; 
567; 0; 0; 0; 693.8; 
567; 0; 0; 0; 694; 
567; 0; 0; 0; 694.2; 
567; 0; 0; 0; 694.4; 
567; 0; 0; 0; 694.6; 
567; 0; 0; 0; 694.8; 
567; 0; 0; 0; 695; 
567; 0; 0; 0; 695.2; 
567; 0; 0; 0; 695.4; 
567; 0; 0; 0; 695.6; 
567; 0; 0; 0; 695.8; 
567; 0; 0; 0; 696; 
567; 0; 0; 0; 696.2; 
567; 0; 0; 0; 696.4; 
567; 0; 0; 0; 696.6; 
567; 0; 0; 0; 696.8; 
567; 0; 0; 0; 697; 
567; 0; 0; 0; 697.2; 
567; 0; 0; 0; 697.4; 
567; 0; 0; 0; 697.6; 
567; 0; 0; 0; 697.8; 
567; 0; 0; 0; 698; 
567; 0; 0; 0; 698.2; 
567; 0; 0; 0; 698.4; 
567; 0; 0; 0; 698.6; 
567; 0; 0; 0; 698.8; 
567; 0; 0; 0; 699; 
567; 0; 0; 0; 699.2; 
567; 0; 0; 0; 699.4; 
567; 0; 0; 0; 699.6; 
567; 0; 0; 0; 699.8; 
567; 0; 0; 0; 700; 
567; 0; 0; 0; 700.2; 
567; 0; 0; 0; 700.4; 
567; 0; 0; 0; 700.6; 
567; 0; 0; 0; 700.8; 
567; 0; 0; 0; 701; 
567; 0; 0; 0; 701.2; 
567; 0; 0; 0; 701.4; 
567; 0; 0; 0; 701.6; 
567; 0; 0; 0; 701.8; 
567; 0; 0; 0; 702; 
567; 0; 0; 0; 702.2; 
567; 0; 0; 0; 702.4; 
567; 0; 0; 0; 702.6; 
567; 0; 0; 0; 702.8; 
567; 0; 0; 0; 703; 
567; 0; 0; 0; 703.2; 
567; 0; 0; 0; 703.4; 
567; 0; 0; 0; 703.6; 
567; 0; 0; 0; 703.8; 
567; 0; 0; 0; 704; 
567; 0; 0; 0; 704.2; 
567; 0; 0; 0; 704.4; 
567; 0; 0; 0; 704.6; 
567; 0; 0; 0; 704.8; 
567; 0; 0; 0; 705; 
567; 0; 0; 0; 705.2; 
567; 0; 0; 0; 705.4; 
567; 0; 0; 0; 705.6; 
567; 0; 0; 0; 705.8; 
567; 0; 0; 0; 706; 
567; 0; 0; 0; 706.2; 
567; 0; 0; 0; 706.4; 
567; 0; 0; 0; 706.6; 
567; 0; 0; 0; 706.8; 
567; 0; 0; 0; 707; 
567; 0; 0; 0; 707.2; 
567; 0; 0; 0; 707.4; 
567; 0; 0; 0; 707.6; 
567; 0; 0; 0; 707.8; 
567; 0; 0; 0; 708; 
567; 0; 0; 0; 708.2; 
567; 0; 0; 0; 708.4; 
567; 0; 0; 0; 708.6; 
567; 0; 0; 0; 708.8; 
567; 0; 0; 0; 709; 
567; 0; 0; 0; 709.2; 
567; 0; 0; 0; 709.4; 
567; 0; 0; 0; 709.6; 
567; 0; 0; 0; 709.8; 
567; 0; 0; 0; 710; 
567; 0; 0; 0; 710.2; 
567; 0; 0; 0; 710.4; 
567; 0; 0; 0; 710.6; 
567; 0; 0; 0; 710.8; 
567; 0; 0; 0; 711; 
567; 0; 0; 0; 711.2; 
567; 0; 0; 0; 711.4; 
567; 0; 0; 0; 711.6; 
567; 0; 0; 0; 711.8; 
567; 0; 0; 0; 712; 
567; 0; 0; 0; 712.2; 
567; 0; 0; 0; 712.4; 
567; 0; 0; 0; 712.6; 
567; 0; 0; 0; 712.8; 
567; 0; 0; 0; 713; 
567; 0; 0; 0; 713.2; 
567; 0; 0; 0; 713.4; 
567; 0; 0; 0; 713.6; 
567; 0; 0; 0; 713.8; 
567; 0; 0; 0; 714; 
567; 0; 0; 0; 714.2; 
567; 0; 0; 0; 714.4; 
567; 0; 0; 0; 714.6; 
567; 0; 0; 0; 714.8; 
567; 0; 0; 0; 715; 
567; 0; 0; 0; 715.2; 
567; 0; 0; 0; 715.4; 
567; 0; 0; 0; 715.6; 
567; 0; 0; 0; 715.8; 
567; 0; 0; 0; 716; 
567; 0; 0; 0; 716.2; 
567; 0; 0; 0; 716.4; 
567; 0; 0; 0; 716.6; 
567; 0; 0; 0; 716.8; 
567; 0; 0; 0; 717; 
567; 0; 0; 0; 717.2; 
567; 0; 0; 0; 717.4; 
567; 0; 0; 0; 717.6; 
567; 0; 0; 0; 717.8; 
567; 0; 0; 0; 718; 
567; 0; 0; 0; 718.2; 
567; 0; 0; 0; 718.4; 
567; 0; 0; 0; 718.6; 
567; 0; 0; 0; 718.8; 
567; 0; 0; 0; 719; 
567; 0; 0; 0; 719.2; 
567; 0; 0; 0; 719.4; 
567; 0; 0; 0; 719.6; 
567; 0; 0; 0; 719.8; 
567; 0; 0; 0; 720; 
567; 0; 0; 0; 720.2; 
567; 0; 0; 0; 720.4; 
567; 0; 0; 0; 720.6; 
567; 0; 0; 0; 720.8; 
567; 0; 0; 0; 721; 
567; 0; 0; 0; 721.2; 
567; 0; 0; 0; 721.4; 
567; 0; 0; 0; 721.6; 
567; 0; 0; 0; 721.8; 
567; 0; 0; 0; 722; 
567; 0; 0; 0; 722.2; 
567; 0; 0; 0; 722.4; 
567; 0; 0; 0; 722.6; 
567; 0; 0; 0; 722.8; 
567; 0; 0; 0; 723; 
567; 0; 0; 0; 723.2; 
567; 0; 0; 0; 723.4; 
567; 0; 0; 0; 723.6; 
567; 0; 0; 0; 723.8; 
567; 0; 0; 0; 724; 
567; 0; 0; 0; 724.2; 
567; 0; 0; 0; 724.4; 
567; 0; 0; 0; 724.6; 
567; 0; 0; 0; 724.8; 
567; 0; 0; 0; 725; 
567; 0; 0; 0; 725.2; 
567; 0; 0; 0; 725.4; 
567; 0; 0; 0; 725.6; 
567; 0; 0; 0; 725.8; 
567; 0; 0; 0; 726; 
567; 0; 0; 0; 726.2; 
567; 0; 0; 0; 726.4; 
567; 0; 0; 0; 726.6; 
567; 0; 0; 0; 726.8; 
567; 0; 0; 0; 727; 
567; 0; 0; 0; 727.2; 
567; 0; 0; 0; 727.4; 
567; 0; 0; 0; 727.6; 
567; 0; 0; 0; 727.8; 
567; 0; 0; 0; 728; 
567; 0; 0; 0; 728.2; 
567; 0; 0; 0; 728.4; 
567; 0; 0; 0; 728.6; 
567; 0; 0; 0; 728.8; 
567; 0; 0; 0; 729; 
567; 0; 0; 0; 729.2; 
567; 0; 0; 0; 729.4; 
567; 0; 0; 0; 729.6; 
567; 0; 0; 0; 729.8; 
567; 0; 0; 0; 730; 
567; 0; 0; 0; 730.2; 
567; 0; 0; 0; 730.4; 
567; 0; 0; 0; 730.6; 
567; 0; 0; 0; 730.8; 
567; 0; 0; 0; 731; 
567; 0; 0; 0; 731.2; 
567; 0; 0; 0; 731.4; 
567; 0; 0; 0; 731.6; 
567; 0; 0; 0; 731.8; 
567; 0; 0; 0; 732; 
567; 0; 0; 0; 732.2; 
567; 0; 0; 0; 732.4; 
567; 0; 0; 0; 732.6; 
567; 0; 0; 0; 732.8; 
567; 0; 0; 0; 733; 
567; 0; 0; 0; 733.2; 
567; 0; 0; 0; 733.4; 
567; 0; 0; 0; 733.6; 
567; 0; 0; 0; 733.8; 
567; 0; 0; 0; 734; 
567; 0; 0; 0; 734.2; 
567; 0; 0; 0; 734.4; 
567; 0; 0; 0; 734.6; 
567; 0; 0; 0; 734.8; 
567; 0; 0; 0; 735; 
567; 0; 0; 0; 735.2; 
567; 0; 0; 0; 735.4; 
567; 0; 0; 0; 735.6; 
567; 0; 0; 0; 735.8; 
567; 0; 0; 0; 736; 
567; 0; 0; 0; 736.2; 
567; 0; 0; 0; 736.4; 
567; 0; 0; 0; 736.6; 
567; 0; 0; 0; 736.8; 
567; 0; 0; 0; 737; 
567; 0; 0; 0; 737.2; 
567; 0; 0; 0; 737.4; 
567; 0; 0; 0; 737.6; 
567; 0; 0; 0; 737.8; 
567; 0; 0; 0; 738; 
567; 0; 0; 0; 738.2; 
567; 0; 0; 0; 738.4; 
567; 0; 0; 0; 738.6; 
567; 0; 0; 0; 738.8; 
567; 0; 0; 0; 739; 
567; 0; 0; 0; 739.2; 
567; 0; 0; 0; 739.4; 
567; 0; 0; 0; 739.6; 
567; 0; 0; 0; 739.8; 
567; 0; 0; 0; 740; 
567; 0; 0; 0; 740.2; 
567; 0; 0; 0; 740.4; 
567; 0; 0; 0; 740.6; 
567; 0; 0; 0; 740.8; 
567; 0; 0; 0; 741; 
567; 0; 0; 0; 741.2; 
567; 0; 0; 0; 741.4; 
567; 0; 0; 0; 741.6; 
567; 0; 0; 0; 741.8; 
567; 0; 0; 0; 742; 
567; 0; 0; 0; 742.2; 
567; 0; 0; 0; 742.4; 
567; 0; 0; 0; 742.6; 
567; 0; 0; 0; 742.8; 
567; 0; 0; 0; 743; 
567; 0; 0; 0; 743.2; 
567; 0; 0; 0; 743.4; 
567; 0; 0; 0; 743.6; 
567; 0; 0; 0; 743.8; 
567; 0; 0; 0; 744; 
567; 0; 0; 0; 744.2; 
567; 0; 0; 0; 744.4; 
567; 0; 0; 0; 744.6; 
567; 0; 0; 0; 744.8; 
567; 0; 0; 0; 745; 
567; 0; 0; 0; 745.2; 
567; 0; 0; 0; 745.4; 
567; 0; 0; 0; 745.6; 
567; 0; 0; 0; 745.8; 
567; 0; 0; 0; 746; 
567; 0; 0; 0; 746.2; 
567; 0; 0; 0; 746.4; 
567; 0; 0; 0; 746.6; 
567; 0; 0; 0; 746.8; 
567; 0; 0; 0; 747; 
567; 0; 0; 0; 747.2; 
567; 0; 0; 0; 747.4; 
567; 0; 0; 0; 747.6; 
567; 0; 0; 0; 747.8; 
567; 0; 0; 0; 748; 
567; 0; 0; 0; 748.2; 
567; 0; 0; 0; 748.4; 
567; 0; 0; 0; 748.6; 
567; 0; 0; 0; 748.8; 
567; 0; 0; 0; 749; 
567; 0; 0; 0; 749.2; 
567; 0; 0; 0; 749.4; 
567; 0; 0; 0; 749.6; 
567; 0; 0; 0; 749.8; 
567; 0; 0; 0; 750; 
567; 0; 0; 0; 750.2; 
567; 0; 0; 0; 750.4; 
567; 0; 0; 0; 750.6; 
567; 0; 0; 0; 750.8; 
567; 0; 0; 0; 751; 
567; 0; 0; 0; 751.2; 
567; 0; 0; 0; 751.4; 
567; 0; 0; 0; 751.6; 
567; 0; 0; 0; 751.8; 
567; 0; 0; 0; 752; 
567; 0; 0; 0; 752.2; 
567; 0; 0; 0; 752.4; 
567; 0; 0; 0; 752.6; 
567; 0; 0; 0; 752.8; 
567; 0; 0; 0; 753; 
567; 0; 0; 0; 753.2; 
567; 0; 0; 0; 753.4; 
567; 0; 0; 0; 753.6; 
567; 0; 0; 0; 753.8; 
567; 0; 0; 0; 754; 
567; 0; 0; 0; 754.2; 
567; 0; 0; 0; 754.4; 
567; 0; 0; 0; 754.6; 
567; 0; 0; 0; 754.8; 
567; 0; 0; 0; 755; 
567; 0; 0; 0; 755.2; 
567; 0; 0; 0; 755.4; 
567; 0; 0; 0; 755.6; 
567; 0; 0; 0; 755.8; 
567; 0; 0; 0; 756; 
567; 0; 0; 0; 756.2; 
567; 0; 0; 0; 756.4; 
567; 0; 0; 0; 756.6; 
567; 0; 0; 0; 756.8; 
567; 0; 0; 0; 757; 
567; 0; 0; 0; 757.2; 
567; 0; 0; 0; 757.4; 
567; 0; 0; 0; 757.6; 
567; 0; 0; 0; 757.8; 
567; 0; 0; 0; 758; 
567; 0; 0; 0; 758.2; 
567; 0; 0; 0; 758.4; 
567; 0; 0; 0; 758.6; 
567; 0; 0; 0; 758.8; 
567; 0; 0; 0; 759; 
567; 0; 0; 0; 759.2; 
567; 0; 0; 0; 759.4; 
567; 0; 0; 0; 759.6; 
567; 0; 0; 0; 759.8; 
567; 0; 0; 0; 760; 
567; 0; 0; 0; 760.2; 
567; 0; 0; 0; 760.4; 
567; 0; 0; 0; 760.6; 
567; 0; 0; 0; 760.8; 
567; 0; 0; 0; 761; 
567; 0; 0; 0; 761.2; 
567; 0; 0; 0; 761.4; 
567; 0; 0; 0; 761.6; 
567; 0; 0; 0; 761.8; 
567; 0; 0; 0; 762; 
567; 0; 0; 0; 762.2; 
567; 0; 0; 0; 762.4; 
567; 0; 0; 0; 762.6; 
567; 0; 0; 0; 762.8; 
567; 0; 0; 0; 763; 
567; 0; 0; 0; 763.2; 
567; 0; 0; 0; 763.4; 
567; 0; 0; 0; 763.6; 
567; 0; 0; 0; 763.8; 
567; 0; 0; 0; 764; 
567; 0; 0; 0; 764.2; 
567; 0; 0; 0; 764.4; 
567; 0; 0; 0; 764.6; 
567; 0; 0; 0; 764.8; 
567; 0; 0; 0; 765; 
567; 0; 0; 0; 765.2; 
567; 0; 0; 0; 765.4; 
567; 0; 0; 0; 765.6; 
567; 0; 0; 0; 765.8; 
567; 0; 0; 0; 766; 
567; 0; 0; 0; 766.2; 
567; 0; 0; 0; 766.4; 
567; 0; 0; 0; 766.6; 
567; 0; 0; 0; 766.8; 
567; 0; 0; 0; 767; 
567; 0; 0; 0; 767.2; 
567; 0; 0; 0; 767.4; 
567; 0; 0; 0; 767.6; 
567; 0; 0; 0; 767.8; 
567; 0; 0; 0; 768; 
567; 0; 0; 0; 768.2; 
567; 0; 0; 0; 768.4; 
567; 0; 0; 0; 768.6; 
567; 0; 0; 0; 768.8; 
567; 0; 0; 0; 769; 
567; 0; 0; 0; 769.2; 
567; 0; 0; 0; 769.4; 
567; 0; 0; 0; 769.6; 
567; 0; 0; 0; 769.8; 
567; 0; 0; 0; 770; 
567; 0; 0; 0; 770.2; 
567; 0; 0; 0; 770.4; 
567; 0; 0; 0; 770.6; 
567; 0; 0; 0; 770.8; 
567; 0; 0; 0; 771; 
567; 0; 0; 0; 771.2; 
567; 0; 0; 0; 771.4; 
567; 0; 0; 0; 771.6; 
567; 0; 0; 0; 771.8; 
567; 0; 0; 0; 772; 
567; 0; 0; 0; 772.2; 
567; 0; 0; 0; 772.4; 
567; 0; 0; 0; 772.6; 
567; 0; 0; 0; 772.8; 
567; 0; 0; 0; 773; 
567; 0; 0; 0; 773.2; 
567; 0; 0; 0; 773.4; 
567; 0; 0; 0; 773.6; 
567; 0; 0; 0; 773.8; 
567; 0; 0; 0; 774; 
567; 0; 0; 0; 774.2; 
567; 0; 0; 0; 774.4; 
567; 0; 0; 0; 774.6; 
567; 0; 0; 0; 774.8; 
567; 0; 0; 0; 775; 
567; 0; 0; 0; 775.2; 
567; 0; 0; 0; 775.4; 
567; 0; 0; 0; 775.6; 
567; 0; 0; 0; 775.8; 
567; 0; 0; 0; 776; 
567; 0; 0; 0; 776.2; 
567; 0; 0; 0; 776.4; 
567; 0; 0; 0; 776.6; 
567; 0; 0; 0; 776.8; 
567; 0; 0; 0; 777; 
567; 0; 0; 0; 777.2; 
567; 0; 0; 0; 777.4; 
567; 0; 0; 0; 777.6; 
567; 0; 0; 0; 777.8; 
567; 0; 0; 0; 778; 
567; 0; 0; 0; 778.2; 
567; 0; 0; 0; 778.4; 
567; 0; 0; 0; 778.6; 
567; 0; 0; 0; 778.8; 
567; 0; 0; 0; 779; 
567; 0; 0; 0; 779.2; 
567; 0; 0; 0; 779.4; 
567; 0; 0; 0; 779.6; 
567; 0; 0; 0; 779.8; 
567; 0; 0; 0; 780; 
567; 0; 0; 0; 780.2; 
567; 0; 0; 0; 780.4; 
567; 0; 0; 0; 780.6; 
567; 0; 0; 0; 780.8; 
567; 0; 0; 0; 781; 
567; 0; 0; 0; 781.2; 
567; 0; 0; 0; 781.4; 
567; 0; 0; 0; 781.6; 
567; 0; 0; 0; 781.8; 
567; 0; 0; 0; 782; 
567; 0; 0; 0; 782.2; 
567; 0; 0; 0; 782.4; 
567; 0; 0; 0; 782.6; 
567; 0; 0; 0; 782.8; 
567; 0; 0; 0; 783; 
567; 0; 0; 0; 783.2; 
567; 0; 0; 0; 783.4; 
567; 0; 0; 0; 783.6; 
567; 0; 0; 0; 783.8; 
567; 0; 0; 0; 784; 
567; 0; 0; 0; 784.2; 
567; 0; 0; 0; 784.4; 
567; 0; 0; 0; 784.6; 
567; 0; 0; 0; 784.8; 
567; 0; 0; 0; 785; 
567; 0; 0; 0; 785.2; 
567; 0; 0; 0; 785.4; 
567; 0; 0; 0; 785.6; 
567; 0; 0; 0; 785.8; 
567; 0; 0; 0; 786; 
567; 0; 0; 0; 786.2; 
567; 0; 0; 0; 786.4; 
567; 0; 0; 0; 786.6; 
567; 0; 0; 0; 786.8; 
567; 0; 0; 0; 787; 
567; 0; 0; 0; 787.2; 
567; 0; 0; 0; 787.4; 
567; 0; 0; 0; 787.6; 
567; 0; 0; 0; 787.8; 
567; 0; 0; 0; 788; 
567; 0; 0; 0; 788.2; 
567; 0; 0; 0; 788.4; 
567; 0; 0; 0; 788.6; 
567; 0; 0; 0; 788.8; 
567; 0; 0; 0; 789; 
567; 0; 0; 0; 789.2; 
567; 0; 0; 0; 789.4; 
567; 0; 0; 0; 789.6; 
567; 0; 0; 0; 789.8; 
567; 0; 0; 0; 790; 
567; 0; 0; 0; 790.2; 
567; 0; 0; 0; 790.4; 
567; 0; 0; 0; 790.6; 
567; 0; 0; 0; 790.8; 
567; 0; 0; 0; 791; 
567; 0; 0; 0; 791.2; 
567; 0; 0; 0; 791.4; 
567; 0; 0; 0; 791.6; 
567; 0; 0; 0; 791.8; 
567; 0; 0; 0; 792; 
567; 0; 0; 0; 792.2; 
567; 0; 0; 0; 792.4; 
567; 0; 0; 0; 792.6; 
567; 0; 0; 0; 792.8; 
567; 0; 0; 0; 793; 
567; 0; 0; 0; 793.2; 
567; 0; 0; 0; 793.4; 
567; 0; 0; 0; 793.6; 
567; 0; 0; 0; 793.8; 
567; 0; 0; 0; 794; 
567; 0; 0; 0; 794.2; 
567; 0; 0; 0; 794.4; 
567; 0; 0; 0; 794.6; 
567; 0; 0; 0; 794.8; 
567; 0; 0; 0; 795; 
567; 0; 0; 0; 795.2; 
567; 0; 0; 0; 795.4; 
567; 0; 0; 0; 795.6; 
567; 0; 0; 0; 795.8; 
567; 0; 0; 0; 796; 
567; 0; 0; 0; 796.2; 
567; 0; 0; 0; 796.4; 
567; 0; 0; 0; 796.6; 
567; 0; 0; 0; 796.8; 
567; 0; 0; 0; 797; 
567; 0; 0; 0; 797.2; 
567; 0; 0; 0; 797.4; 
567; 0; 0; 0; 797.6; 
567; 0; 0; 0; 797.8; 
567; 0; 0; 0; 798; 
567; 0; 0; 0; 798.2; 
567; 0; 0; 0; 798.4; 
567; 0; 0; 0; 798.6; 
567; 0; 0; 0; 798.8; 
567; 0; 0; 0; 799; 
567; 0; 0; 0; 799.2; 
567; 0; 0; 0; 799.4; 
567; 0; 0; 0; 799.6; 
567; 0; 0; 0; 799.8; 
567; 0; 0; 0; 800; 
567; 0; 0; 0; 800.2; 
567; 0; 0; 0; 800.4; 
567; 0; 0; 0; 800.6; 
567; 0; 0; 0; 800.8; 
567; 0; 0; 0; 801; 
567; 0; 0; 0; 801.2; 
567; 0; 0; 0; 801.4; 
567; 0; 0; 0; 801.6; 
567; 0; 0; 0; 801.8; 
567; 0; 0; 0; 802; 
567; 0; 0; 0; 802.2; 
567; 0; 0; 0; 802.4; 
567; 0; 0; 0; 802.6; 
567; 0; 0; 0; 802.8; 
567; 0; 0; 0; 803; 
567; 0; 0; 0; 803.2; 
567; 0; 0; 0; 803.4; 
567; 0; 0; 0; 803.6; 
567; 0; 0; 0; 803.8; 
567; 0; 0; 0; 804; 
567; 0; 0; 0; 804.2; 
567; 0; 0; 0; 804.4; 
567; 0; 0; 0; 804.6; 
567; 0; 0; 0; 804.8; 
567; 0; 0; 0; 805; 
567; 0; 0; 0; 805.2; 
567; 0; 0; 0; 805.4; 
567; 0; 0; 0; 805.6; 
567; 0; 0; 0; 805.8; 
567; 0; 0; 0; 806; 
567; 0; 0; 0; 806.2; 
567; 0; 0; 0; 806.4; 
567; 0; 0; 0; 806.6; 
567; 0; 0; 0; 806.8; 
567; 0; 0; 0; 807; 
567; 0; 0; 0; 807.2; 
567; 0; 0; 0; 807.4; 
567; 0; 0; 0; 807.6; 
567; 0; 0; 0; 807.8; 
567; 0; 0; 0; 808; 
567; 0; 0; 0; 808.2; 
567; 0; 0; 0; 808.4; 
567; 0; 0; 0; 808.6; 
567; 0; 0; 0; 808.8; 
567; 0; 0; 0; 809; 
567; 0; 0; 0; 809.2; 
567; 0; 0; 0; 809.4; 
567; 0; 0; 0; 809.6; 
567; 0; 0; 0; 809.8; 
567; 0; 0; 0; 810; 
567; 0; 0; 0; 810.2; 
567; 0; 0; 0; 810.4; 
567; 0; 0; 0; 810.6; 
567; 0; 0; 0; 810.8; 
567; 0; 0; 0; 811; 
567; 0; 0; 0; 811.2; 
567; 0; 0; 0; 811.4; 
567; 0; 0; 0; 811.6; 
567; 0; 0; 0; 811.8; 
567; 0; 0; 0; 812; 
567; 0; 0; 0; 812.2; 
567; 0; 0; 0; 812.4; 
567; 0; 0; 0; 812.6; 
567; 0; 0; 0; 812.8; 
567; 0; 0; 0; 813; 
567; 0; 0; 0; 813.2; 
567; 0; 0; 0; 813.4; 
567; 0; 0; 0; 813.6; 
567; 0; 0; 0; 813.8; 
567; 0; 0; 0; 814; 
567; 0; 0; 0; 814.2; 
567; 0; 0; 0; 814.4; 
567; 0; 0; 0; 814.6; 
567; 0; 0; 0; 814.8; 
567; 0; 0; 0; 815; 
567; 0; 0; 0; 815.2; 
567; 0; 0; 0; 815.4; 
567; 0; 0; 0; 815.6; 
567; 0; 0; 0; 815.8; 
567; 0; 0; 0; 816; 
567; 0; 0; 0; 816.2; 
567; 0; 0; 0; 816.4; 
567; 0; 0; 0; 816.6; 
567; 0; 0; 0; 816.8; 
567; 0; 0; 0; 817; 
567; 0; 0; 0; 817.2; 
567; 0; 0; 0; 817.4; 
567; 0; 0; 0; 817.6; 
567; 0; 0; 0; 817.8; 
567; 0; 0; 0; 818; 
567; 0; 0; 0; 818.2; 
567; 0; 0; 0; 818.4; 
567; 0; 0; 0; 818.6; 
567; 0; 0; 0; 818.8; 
567; 0; 0; 0; 819; 
567; 0; 0; 0; 819.2; 
567; 0; 0; 0; 819.4; 
567; 0; 0; 0; 819.6; 
567; 0; 0; 0; 819.8; 
567; 0; 0; 0; 820; 
567; 0; 0; 0; 820.2; 
567; 0; 0; 0; 820.4; 
567; 0; 0; 0; 820.6; 
567; 0; 0; 0; 820.8; 
567; 0; 0; 0; 821; 
567; 0; 0; 0; 821.2; 
567; 0; 0; 0; 821.4; 
567; 0; 0; 0; 821.6; 
567; 0; 0; 0; 821.8; 
567; 0; 0; 0; 822; 
567; 0; 0; 0; 822.2; 
567; 0; 0; 0; 822.4; 
567; 0; 0; 0; 822.6; 
567; 0; 0; 0; 822.8; 
567; 0; 0; 0; 823; 
567; 0; 0; 0; 823.2; 
567; 0; 0; 0; 823.4; 
567; 0; 0; 0; 823.6; 
567; 0; 0; 0; 823.8; 
567; 0; 0; 0; 824; 
567; 0; 0; 0; 824.2; 
