567; 0; 0; 170; 0; 
567; 0; 0; 170; 0.2; 
567; 0; 0; 170; 0.4; 
567; 0; 0; 170; 0.6; 
567; 0; 0; 170; 0.8; 
567; 0; 0; 170; 1; 
567; 0; 0; 170; 1.2; 
567; 0; 0; 170; 1.4; 
567; 0; 0; 170; 1.6; 
567; 0; 0; 170; 1.8; 
567; 0; 0; 170; 2; 
567; 0; 0; 170; 2.2; 
567; 0; 0; 170; 2.4; 
567; 0; 0; 170; 2.6; 
567; 0; 0; 170; 2.8; 
567; 0; 0; 170; 3; 
567; 0; 0; 170; 3.2; 
567; 0; 0; 170; 3.4; 
567; 0; 0; 170; 3.6; 
567; 0; 0; 170; 3.8; 
567; 0; 0; 170; 4; 
567; 0; 0; 170; 4.2; 
567; 0; 0; 170; 4.4; 
567; 0; 0; 170; 4.6; 
567; 0; 0; 170; 4.8; 
567; 0; 0; 170; 5; 
567; 0; 0; 170; 5.2; 
567; 0; 0; 170; 5.4; 
567; 0; 0; 170; 5.6; 
567; 0; 0; 170; 5.8; 
567; 0; 0; 170; 6; 
567; 0; 0; 170; 6.2; 
567; 0; 0; 170; 6.4; 
567; 0; 0; 170; 6.6; 
567; 0; 0; 170; 6.8; 
567; 0; 0; 170; 7; 
567; 0; 0; 170; 7.2; 
567; 0; 0; 170; 7.4; 
567; 0; 0; 170; 7.6; 
567; 0; 0; 170; 7.8; 
567; 0; 0; 170; 8; 
567; 0; 0; 170; 8.2; 
567; 0; 0; 170; 8.4; 
567; 0; 0; 170; 8.6; 
567; 0; 0; 170; 8.8; 
567; 0; 0; 170; 9; 
567; 0; 0; 170; 9.2; 
567; 0; 0; 170; 9.4; 
567; 0; 0; 170; 9.6; 
567; 0; 0; 170; 9.8; 
567; 0; 0; 170; 10; 
567; 0; 0; 170; 10.2; 
567; 0; 0; 170; 10.4; 
567; 0; 0; 170; 10.6; 
567; 0; 0; 170; 10.8; 
567; 0; 0; 170; 11; 
567; 0; 0; 170; 11.2; 
567; 0; 0; 170; 11.4; 
567; 0; 0; 170; 11.6; 
567; 0; 0; 170; 11.8; 
567; 0; 0; 170; 12; 
567; 0; 0; 170; 12.2; 
567; 0; 0; 170; 12.4; 
567; 0; 0; 170; 12.6; 
567; 0; 0; 170; 12.8; 
567; 0; 0; 170; 13; 
567; 0; 0; 170; 13.2; 
567; 0; 0; 170; 13.4; 
567; 0; 0; 170; 13.6; 
567; 0; 0; 170; 13.8; 
567; 0; 0; 170; 14; 
567; 0; 0; 170; 14.2; 
567; 0; 0; 170; 14.4; 
567; 0; 0; 170; 14.6; 
567; 0; 0; 170; 14.8; 
567; 0; 0; 170; 15; 
567; 0; 0; 170; 15.2; 
567; 0; 0; 170; 15.4; 
567; 0; 0; 170; 15.6; 
567; 0; 0; 170; 15.8; 
567; 0; 0; 170; 16; 
567; 0; 0; 170; 16.2; 
567; 0; 0; 170; 16.4; 
567; 0; 0; 170; 16.6; 
567; 0; 0; 170; 16.8; 
567; 0; 0; 170; 17; 
567; 0; 0; 170; 17.2; 
567; 0; 0; 170; 17.4; 
567; 0; 0; 170; 17.6; 
567; 0; 0; 170; 17.8; 
567; 0; 0; 170; 18; 
567; 0; 0; 170; 18.2; 
567; 0; 0; 170; 18.4; 
567; 0; 0; 170; 18.6; 
567; 0; 0; 170; 18.8; 
567; 0; 0; 170; 19; 
567; 0; 0; 170; 19.2; 
567; 0; 0; 170; 19.4; 
567; 0; 0; 170; 19.6; 
567; 0; 0; 170; 19.8; 
567; 0; 0; 170; 20; 
567; 0; 0; 170; 20.2; 
567; 0; 0; 170; 20.4; 
567; 0; 0; 170; 20.6; 
567; 0; 0; 170; 20.8; 
567; 0; 0; 170; 21; 
567; 0; 0; 170; 21.2; 
567; 0; 0; 170; 21.4; 
567; 0; 0; 170; 21.6; 
567; 0; 0; 170; 21.8; 
567; 0; 0; 170; 22; 
567; 0; 0; 170; 22.2; 
567; 0; 0; 170; 22.4; 
567; 0; 0; 170; 22.6; 
567; 0; 0; 170; 22.8; 
567; 0; 0; 170; 23; 
567; 0; 0; 170; 23.2; 
567; 0; 0; 170; 23.4; 
567; 0; 0; 170; 23.6; 
567; 0; 2509.6746; 170; 23.8; 
567; 0; 2509.6746; 170; 24; 
567; 0; 2509.6746; 170; 24.2; 
567; 0; 2509.6746; 170; 24.4; 
567; 0; 2509.6746; 170; 24.6; 
567; 0; 2509.6746; 170; 24.8; 
567; 0; 2509.6746; 170; 25; 
567; 0; 2509.6746; 170; 25.2; 
567; 0; 2509.6746; 170; 25.4; 
567; 0; 2509.6746; 170; 25.6; 
567; 0; 2509.6746; 170; 25.8; 
567; 0; 2509.6746; 170; 26; 
567; 0; 2509.6746; 170; 26.2; 
567; 0; 2509.6746; 170; 26.4; 
567; 0; 2509.6746; 170; 26.6; 
567; 0; 2509.6746; 170; 26.8; 
567; 0; 2509.6746; 170; 27; 
567; 0; 2509.6746; 170; 27.2; 
567; 0; 2509.6746; 170; 27.4; 
567; 0; 2509.6746; 170; 27.6; 
567; 0; 2509.6746; 170; 27.8; 
567; 0; 2509.6746; 170; 28; 
567; 0; 2509.6746; 170; 28.2; 
567; 0; 2509.6746; 170; 28.4; 
567; 0; 2509.6746; 170; 28.6; 
567; 0; 2509.6746; 170; 28.8; 
567; 0; 2509.6746; 170; 29; 
567; 0; 2509.6746; 170; 29.2; 
567; 0; 2509.6746; 170; 29.4; 
567; 0; 2509.6746; 170; 29.6; 
567; 0; 2509.6746; 170; 29.8; 
567; 0; 2509.6746; 170; 30; 
567; 0; 2509.6746; 170; 30.2; 
567; 0; 2509.6746; 170; 30.4; 
567; 0; 2509.6746; 170; 30.6; 
567; 0; 2509.6746; 170; 30.8; 
567; 0; 2509.6746; 170; 31; 
567; 0; 2509.6746; 170; 31.2; 
567; 0; 2509.6746; 170; 31.4; 
567; 0; 2509.6746; 170; 31.6; 
567; 0; 2509.6746; 170; 31.8; 
567; 0; 2509.6746; 170; 32; 
567; 0; 2509.6746; 170; 32.2; 
567; 0; 2509.6746; 170; 32.4; 
567; 0; 2509.6746; 170; 32.6; 
567; 0; 2509.6746; 170; 32.8; 
567; 0; 2509.6746; 170; 33; 
567; 0; 2509.6746; 170; 33.2; 
567; 0; 2509.6746; 170; 33.4; 
567; 0; 2509.6746; 170; 33.6; 
567; 0; 2509.6746; 170; 33.8; 
567; 0; 2509.6746; 170; 34; 
567; 0; 2509.6746; 170; 34.2; 
567; 0; 2509.6746; 170; 34.4; 
567; 0; 2509.6746; 170; 34.6; 
567; 0; 2509.6746; 170; 34.8; 
567; 0; 2509.6746; 170; 35; 
567; 0; 2509.6746; 170; 35.2; 
567; 0; 2509.6746; 170; 35.4; 
567; 0; 2509.6746; 170; 35.6; 
567; 0; 2509.6746; 170; 35.8; 
567; 0; 2509.6746; 170; 36; 
567; 0; 2509.6746; 170; 36.2; 
567; 0; 2509.6746; 170; 36.4; 
567; 0; 2509.6746; 170; 36.6; 
567; 0; 2509.6746; 170; 36.8; 
567; 0; 2509.6746; 170; 37; 
567; 0; 2509.6746; 170; 37.2; 
567; 0; 2509.6746; 170; 37.4; 
567; 0; 2509.6746; 170; 37.6; 
567; 0; 2509.6746; 170; 37.8; 
567; 0; 2509.6746; 170; 38; 
567; 0; 2509.6746; 170; 38.2; 
567; 0; 2509.6746; 170; 38.4; 
567; 0; 2509.6746; 170; 38.6; 
567; 0; 2509.6746; 170; 38.8; 
567; 0; 2528.1144; 170; 39; 
567; 0; 2564.9793; 170; 39.2; 
567; 0; 2618.5867; 170; 39.4; 
567; 0; 2803.4509; 170; 39.6; 
567; 0; 3051.6251; 170; 39.8; 
567; 0; 3093.5172; 170; 40; 
567; 0; 3124.0348; 170; 40.2; 
567; 0; 3168.4215; 170; 40.4; 
567; 0; 3194.6363; 170; 40.6; 
567; 0; 3216.9914; 170; 40.8; 
567; 0; 3229.1817; 170; 41; 
567; 0; 3241.1672; 170; 41.2; 
567; 0; 3243.0993; 170; 41.4; 
567; 0; 3244.9986; 170; 41.6; 
567; 0; 3237.0326; 170; 41.8; 
567; 0; 3238.8888; 170; 42; 
567; 0; 3240.7139; 170; 42.2; 
567; 0; 3242.5047; 170; 42.4; 
567; 0; 3244.2579; 170; 42.6; 
567; 0; 3245.9701; 170; 42.8; 
567; 0; 3247.6382; 170; 43; 
567; 0; 3249.2591; 170; 43.2; 
567; 0; 3250.832; 170; 43.4; 
567; 0; 3252.3615; 170; 43.6; 
567; 0; 3253.852; 170; 43.8; 
567; 0; 3255.3068; 170; 44; 
567; 0; 3256.7279; 170; 44.2; 
567; 0; 3258.1166; 170; 44.4; 
567; 0; 3259.4734; 170; 44.6; 
567; 0; 3260.7984; 170; 44.8; 
567; 0; 3262.0916; 170; 45; 
567; 0; 3263.3525; 170; 45.2; 
567; 0; 3264.5809; 170; 45.4; 
567; 0; 3265.7763; 170; 45.6; 
567; 0; 3266.9382; 170; 45.8; 
567; 0; 3268.0661; 170; 46; 
567; 0; 3269.1596; 170; 46.2; 
567; 0; 3270.2182; 170; 46.4; 
567; 0; 3271.2413; 170; 46.6; 
567; 0; 3272.2286; 170; 46.8; 
567; 0; 3273.1795; 170; 47; 
567; 0; 3274.0936; 170; 47.2; 
567; 0; 3284.4498; 170; 47.4; 
567; 0; 3285.2812; 170; 47.6; 
567; 0; 3286.0746; 170; 47.8; 
567; 0; 3286.8296; 170; 48; 
567; 0; 3287.5458; 170; 48.2; 
567; 0; 3288.2228; 170; 48.4; 
567; 0; 3298.2277; 170; 48.6; 
567; 0; 3298.8192; 170; 48.8; 
567; 0; 3299.3703; 170; 49; 
567; 0; 3299.8807; 170; 49.2; 
567; 0; 3300.3499; 170; 49.4; 
567; 0; 3300.7774; 170; 49.6; 
567; 0; 3310.4376; 170; 49.8; 
567; 0; 3310.7774; 170; 50; 
567; 0; 3311.0748; 170; 50.2; 
567; 0; 3311.3292; 170; 50.4; 
567; 0; 3320.7446; 170; 50.6; 
567; 0; 3320.9104; 170; 50.8; 
567; 0; 3321.0326; 170; 51; 
567; 0; 3321.1107; 170; 51.2; 
567; 0; 3330.2913; 170; 51.4; 
567; 0; 3330.2805; 170; 51.6; 
567; 0; 3330.2251; 170; 51.8; 
567; 0; 3339.2248; 170; 52; 
567; 0; 3339.0821; 170; 52.2; 
567; 0; 3338.9069; 170; 52.4; 
567; 0; 3338.7115; 170; 52.6; 
567; 0; 3343.6758; 170; 52.8; 
567; 0; 3343.4738; 170; 53; 
567; 0; 3343.2806; 170; 53.2; 
567; 0; 3343.1029; 170; 53.4; 
567; 0; 3348.07; 170; 53.6; 
567; 0; 3347.9389; 170; 53.8; 
567; 0; 3347.8355; 170; 54; 
567; 0; 3347.7606; 170; 54.2; 
567; 0; 3352.7952; 170; 54.4; 
567; 0; 3352.7759; 170; 54.6; 
567; 0; 3352.7815; 170; 54.8; 
567; 0; 3352.8093; 170; 55; 
567; 0; 3357.8957; 170; 55.2; 
567; 0; 3357.9576; 170; 55.4; 
567; 0; 3358.0313; 170; 55.6; 
567; 0; 3358.1129; 170; 55.8; 
567; 0; 3358.1989; 170; 56; 
567; 0; 3363.2858; 170; 56.2; 
567; 0; 3363.3705; 170; 56.4; 
567; 0; 3363.451; 170; 56.6; 
567; 0; 3363.5254; 170; 56.8; 
567; 0; 3368.5563; 170; 57; 
567; 0; 3368.6143; 170; 57.2; 
567; 0; 3368.6635; 170; 57.4; 
567; 0; 3368.7041; 170; 57.6; 
567; 0; 3373.6698; 170; 57.8; 
567; 0; 3373.6947; 170; 58; 
567; 0; 3373.7133; 170; 58.2; 
567; 0; 3373.7266; 170; 58.4; 
567; 0; 3373.7361; 170; 58.6; 
567; 0; 3378.6496; 170; 58.8; 
567; 0; 3378.6549; 170; 59; 
567; 0; 3378.6598; 170; 59.2; 
567; 0; 3378.6651; 170; 59.4; 
567; 0; 3383.5564; 170; 59.6; 
567; 0; 3383.5645; 170; 59.8; 
567; 0; 3383.5748; 170; 60; 
567; 0; 3383.5872; 170; 60.2; 
567; 0; 3388.4686; 170; 60.4; 
567; 0; 3388.485; 170; 60.6; 
567; 0; 3388.503; 170; 60.8; 
567; 0; 3388.5222; 170; 61; 
567; 0; 3388.5423; 170; 61.2; 
567; 0; 3390.2647; 170; 61.4; 
567; 0; 3390.2853; 170; 61.6; 
567; 0; 3390.3056; 170; 61.8; 
567; 0; 3390.3253; 170; 62; 
567; 0; 3392.009; 170; 62.2; 
567; 0; 3392.0269; 170; 62.4; 
567; 0; 3392.0438; 170; 62.6; 
567; 0; 3392.0597; 170; 62.8; 
567; 0; 3392.0744; 170; 63; 
567; 0; 3393.7193; 170; 63.2; 
567; 0; 3393.732; 170; 63.4; 
567; 0; 3393.7439; 170; 63.6; 
567; 0; 3393.7552; 170; 63.8; 
567; 0; 3393.7662; 170; 64; 
567; 0; 3395.3783; 170; 64.2; 
567; 0; 3395.3888; 170; 64.4; 
567; 0; 3395.3993; 170; 64.6; 
567; 0; 3395.4093; 170; 64.8; 
567; 0; 3395.4221; 170; 65; 
567; 0; 3397.0208; 170; 65.2; 
567; 0; 3397.0638; 170; 65.4; 
567; 0; 3397.1321; 170; 65.6; 
567; 0; 3397.2313; 170; 65.8; 
567; 0; 3397.3661; 170; 66; 
567; 0; 3399.0895; 170; 66.2; 
567; 0; 3399.3066; 170; 66.4; 
567; 0; 3399.5682; 170; 66.6; 
567; 0; 3399.8669; 170; 66.8; 
567; 0; 3400.1908; 170; 67; 
567; 0; 3400.5276; 170; 67.2; 
567; 0; 3402.3831; 170; 67.4; 
567; 0; 3402.7106; 170; 67.6; 
567; 0; 3403.0215; 170; 67.8; 
567; 0; 3403.3109; 170; 68; 
567; 0; 3403.5763; 170; 68.2; 
567; 0; 3403.8176; 170; 68.4; 
567; 0; 3405.5259; 170; 68.6; 
567; 0; 3405.7235; 170; 68.8; 
567; 0; 3405.9048; 170; 69; 
567; 0; 3406.0731; 170; 69.2; 
567; 0; 3406.2316; 170; 69.4; 
567; 0; 3407.8535; 170; 69.6; 
567; 0; 3407.9979; 170; 69.8; 
567; 0; 3408.138; 170; 70; 
567; 0; 3379.8474; 170; 70.2; 
567; 0; 3341.1235; 170; 70.4; 
567; 0; 3302.3883; 170; 70.6; 
567; 0; 3265.3371; 170; 70.8; 
567; 0; 3225.9077; 170; 71; 
567; 0; 3186.4668; 170; 71.2; 
567; 0; 3147.0147; 170; 71.4; 
567; 0; 3106.6321; 170; 71.6; 
567; 0; 3068.7835; 170; 71.8; 
567; 0; 3035.4811; 170; 72; 
567; 0; 3001.4954; 170; 72.2; 
567; 0; 2967.5027; 170; 72.4; 
567; 0; 2935.1246; 170; 72.6; 
567; 0; 2902.7412; 170; 72.8; 
567; 0; 2871.1635; 170; 73; 
567; 0; 2837.1933; 170; 73.2; 
567; 0; 2802.806; 170; 73.4; 
567; 0; 2769.3448; 170; 73.6; 
567; 0; 2736.81; 170; 73.8; 
567; 0; 2706.1325; 170; 74; 
567; 0; 2675.452; 170; 74.2; 
567; 0; 2650.3445; 170; 74.4; 
567; 0; 2625.6173; 170; 74.6; 
567; 0; 2602.4842; 170; 74.8; 
567; 0; 2583.5394; 170; 75; 
567; 0; 2562.335; 170; 75.2; 
567; 0; 2541.1292; 170; 75.4; 
567; 0; 2521.4934; 170; 75.6; 
567; 0; 2501.8565; 170; 75.8; 
567; 0; 2479.2492; 170; 76; 
567; 0; 2457.0166; 170; 76.2; 
567; 0; 2435.7498; 170; 76.4; 
567; 0; 2415.449; 170; 76.6; 
567; 0; 2396.1143; 170; 76.8; 
567; 0; 2376.7787; 170; 77; 
567; 0; 2359.377; 170; 77.2; 
567; 0; 2341.9753; 170; 77.4; 
567; 0; 2326.5079; 170; 77.6; 
567; 0; 2312.4768; 170; 77.8; 
567; 0; 2298.9726; 170; 78; 
567; 0; 2293.2968; 170; 78.2; 
567; 0; 2281.6654; 170; 78.4; 
567; 0; 2270.0334; 170; 78.6; 
567; 0; 2259.2318; 170; 78.8; 
567; 0; 2248.4293; 170; 79; 
567; 0; 2238.4573; 170; 79.2; 
567; 0; 2228.4847; 170; 79.4; 
567; 0; 2219.3428; 170; 79.6; 
567; 0; 2210.2007; 170; 79.8; 
567; 0; 2201.0583; 170; 80; 
567; 0; 2192.7471; 170; 80.2; 
567; 0; 2185.267; 170; 80.4; 
567; 0; 2177.7869; 170; 80.6; 
567; 0; 2169.6429; 170; 80.8; 
567; 0; 2161.9184; 170; 81; 
567; 0; 2155.1595; 170; 81.2; 
567; 0; 2147.4349; 170; 81.4; 
567; 0; 2140.6759; 170; 81.6; 
567; 0; 2133.9168; 170; 81.8; 
567; 0; 2128.1232; 170; 82; 
567; 0; 2122.3295; 170; 82.2; 
567; 0; 2117.5013; 170; 82.4; 
567; 0; 2111.7074; 170; 82.6; 
567; 0; 2106.879; 170; 82.8; 
567; 0; 2102.0506; 170; 83; 
567; 0; 2098.1879; 170; 83.2; 
567; 0; 2094.3251; 170; 83.4; 
567; 0; 2090.4622; 170; 83.6; 
567; 0; 2086.5993; 170; 83.8; 
567; 0; 2082.7364; 170; 84; 
567; 0; 2079.8392; 170; 84.2; 
567; 0; 2076.9419; 170; 84.4; 
567; 0; 2074.0447; 170; 84.6; 
567; 0; 2071.1474; 170; 84.8; 
567; 0; 2068.2502; 170; 85; 
567; 0; 2066.3187; 170; 85.2; 
567; 0; 2064.3871; 170; 85.4; 
567; 0; 2062.4555; 170; 85.6; 
567; 0; 2060.5239; 170; 85.8; 
567; 0; 2058.5923; 170; 86; 
567; 0; 2056.6606; 170; 86.2; 
567; 0; 2055.6946; 170; 86.4; 
567; 0; 2053.7629; 170; 86.6; 
567; 0; 2052.7969; 170; 86.8; 
567; 0; 2051.8309; 170; 87; 
567; 0; 2050.8648; 170; 87.2; 
567; 0; 2049.8988; 170; 87.4; 
567; 0; 2048.9328; 170; 87.6; 
567; 0; 2048.9324; 170; 87.8; 
567; 0; 2047.9664; 170; 88; 
567; 0; 2047.0003; 170; 88.2; 
567; 0; 2046.9999; 170; 88.4; 
567; 0; 2046.9995; 170; 88.6; 
567; 0; 2046.0334; 170; 88.8; 
567; 0; 2046.0329; 170; 89; 
567; 0; 2046.0325; 170; 89.2; 
567; 0; 2046.0322; 170; 89.4; 
567; 0; 2046.0319; 170; 89.6; 
567; 0; 2046.0316; 170; 89.8; 
567; 0; 2046.0313; 170; 90; 
567; 0; 2046.0309; 170; 90.2; 
567; 0; 2046.0305; 170; 90.4; 
567; 0; 2046.0301; 170; 90.6; 
567; 0; 2046.0297; 170; 90.8; 
567; 0; 2046.9949; 170; 91; 
567; 0; 2036.5379; 170; 91.2; 
567; 0; 2036.5374; 170; 91.4; 
567; 0; 2037.5146; 170; 91.6; 
567; 0; 2037.5142; 170; 91.8; 
567; 0; 2038.4915; 170; 92; 
567; 0; 2038.4911; 170; 92.2; 
567; 0; 2039.4685; 170; 92.4; 
567; 0; 2040.4458; 170; 92.6; 
567; 0; 2041.4231; 170; 92.8; 
567; 0; 2041.4227; 170; 93; 
567; 0; 2042.3999; 170; 93.2; 
567; 0; 2043.3771; 170; 93.4; 
567; 0; 2044.3544; 170; 93.6; 
567; 0; 2045.3316; 170; 93.8; 
567; 0; 2046.3088; 170; 94; 
567; 0; 2047.286; 170; 94.2; 
567; 0; 2048.2633; 170; 94.4; 
567; 0; 2049.2405; 170; 94.6; 
567; 0; 2050.2177; 170; 94.8; 
567; 0; 2051.195; 170; 95; 
567; 0; 2052.1723; 170; 95.2; 
567; 0; 2053.1497; 170; 95.4; 
567; 0; 2055.1069; 170; 95.6; 
567; 0; 2059.025; 170; 95.8; 
567; 0; 2063.9293; 170; 96; 
567; 0; 2070.8007; 170; 96.2; 
567; 0; 2080.62; 170; 96.4; 
567; 0; 2091.4346; 170; 96.6; 
567; 0; 2105.2035; 170; 96.8; 
567; 0; 2120.9521; 170; 97; 
567; 0; 2137.7054; 170; 97.2; 
567; 0; 2154.4852; 170; 97.4; 
567; 0; 2170.3352; 170; 97.6; 
567; 0; 2183.138; 170; 97.8; 
567; 0; 2195.9517; 170; 98; 
567; 0; 2207.9274; 170; 98.2; 
567; 0; 2218.2154; 170; 98.4; 
567; 0; 2228.5066; 170; 98.6; 
567; 0; 2237.9532; 170; 98.8; 
567; 0; 2246.5546; 170; 99; 
567; 0; 2255.1585; 170; 99.2; 
567; 0; 2263.7659; 170; 99.4; 
567; 0; 2264.4811; 170; 99.6; 
567; 0; 2273.2402; 170; 99.8; 
567; 0; 2281.1443; 170; 100; 
567; 0; 2289.9177; 170; 100.2; 
567; 0; 2297.8364; 170; 100.4; 
567; 0; 2305.7624; 170; 100.6; 
567; 0; 2313.6954; 170; 100.8; 
567; 0; 2321.6351; 170; 101; 
567; 0; 2329.6424; 170; 101.2; 
567; 0; 2337.7602; 170; 101.4; 
567; 0; 2344.8934; 170; 101.6; 
567; 0; 2352.0308; 170; 101.8; 
567; 0; 2359.172; 170; 102; 
567; 0; 2365.3266; 170; 102.2; 
567; 0; 2371.4844; 170; 102.4; 
567; 0; 2377.6457; 170; 102.6; 
567; 0; 2383.8107; 170; 102.8; 
567; 0; 2388.9878; 170; 103; 
567; 0; 2394.1682; 170; 103.2; 
567; 0; 2399.3522; 170; 103.4; 
567; 0; 2403.5472; 170; 103.6; 
567; 0; 2407.7454; 170; 103.8; 
567; 0; 2412.94; 170; 104; 
567; 0; 2417.1447; 170; 104.2; 
567; 0; 2420.3587; 170; 104.4; 
567; 0; 2424.5691; 170; 104.6; 
567; 0; 2427.7881; 170; 104.8; 
567; 0; 2431.0093; 170; 105; 
567; 0; 2434.2326; 170; 105.2; 
567; 0; 2437.4579; 170; 105.4; 
567; 0; 2439.6897; 170; 105.6; 
567; 0; 2442.9187; 170; 105.8; 
567; 0; 2445.1537; 170; 106; 
567; 0; 2447.3901; 170; 106.2; 
567; 0; 2449.6281; 170; 106.4; 
567; 0; 2451.8676; 170; 106.6; 
567; 0; 2453.1115; 170; 106.8; 
567; 0; 2455.354; 170; 107; 
567; 0; 2456.6002; 170; 107.2; 
567; 0; 2458.8458; 170; 107.4; 
567; 0; 2460.0945; 170; 107.6; 
567; 0; 2461.3441; 170; 107.8; 
567; 0; 2462.5947; 170; 108; 
567; 0; 2463.8462; 170; 108.2; 
567; 0; 2465.0986; 170; 108.4; 
567; 0; 2465.352; 170; 108.6; 
567; 0; 2466.6062; 170; 108.8; 
567; 0; 2466.8607; 170; 109; 
567; 0; 2468.1164; 170; 109.2; 
567; 0; 2468.3719; 170; 109.4; 
567; 0; 2468.6279; 170; 109.6; 
567; 0; 2469.6263; 170; 109.8; 
567; 0; 2469.7763; 170; 110; 
567; 0; 2469.9266; 170; 110.2; 
567; 0; 2470.0771; 170; 110.4; 
567; 0; 2470.228; 170; 110.6; 
567; 0; 2470.3791; 170; 110.8; 
567; 0; 2470.5305; 170; 111; 
567; 0; 2470.6823; 170; 111.2; 
567; 0; 2470.8342; 170; 111.4; 
567; 0; 2470.1702; 170; 111.6; 
567; 0; 2470.3226; 170; 111.8; 
567; 0; 2470.4752; 170; 112; 
567; 0; 2469.8112; 170; 112.2; 
567; 0; 2469.9642; 170; 112.4; 
567; 0; 2470.1174; 170; 112.6; 
567; 0; 2469.4533; 170; 112.8; 
567; 0; 2469.6069; 170; 113; 
567; 0; 2468.9426; 170; 113.2; 
567; 0; 2469.0966; 170; 113.4; 
567; 0; 2468.4322; 170; 113.6; 
567; 0; 2468.5865; 170; 113.8; 
567; 0; 2467.9219; 170; 114; 
567; 0; 2468.0766; 170; 114.2; 
567; 0; 2472.903; 170; 114.4; 
567; 0; 2472.2433; 170; 114.6; 
567; 0; 2472.3908; 170; 114.8; 
567; 0; 2471.7309; 170; 115; 
567; 0; 2471.0709; 170; 115.2; 
567; 0; 2471.2188; 170; 115.4; 
567; 0; 2470.5586; 170; 115.6; 
567; 0; 2469.8983; 170; 115.8; 
567; 0; 2469.2377; 170; 116; 
567; 0; 2468.5285; 170; 116.2; 
567; 0; 2467.788; 170; 116.4; 
567; 0; 2467.0472; 170; 116.6; 
567; 0; 2466.3061; 170; 116.8; 
567; 0; 2466.5619; 170; 117; 
567; 0; 2465.8206; 170; 117.2; 
567; 0; 2465.0789; 170; 117.4; 
567; 0; 2464.3371; 170; 117.6; 
567; 0; 2463.595; 170; 117.8; 
567; 0; 2462.8527; 170; 118; 
567; 0; 2462.1102; 170; 118.2; 
567; 0; 2461.3675; 170; 118.4; 
567; 0; 2460.6245; 170; 118.6; 
567; 0; 2459.8813; 170; 118.8; 
567; 0; 2459.1378; 170; 119; 
567; 0; 2458.3941; 170; 119.2; 
567; 0; 2457.6501; 170; 119.4; 
567; 0; 2456.906; 170; 119.6; 
567; 0; 2456.1616; 170; 119.8; 
567; 0; 2455.4169; 170; 120; 
567; 0; 2455.6739; 170; 120.2; 
567; 0; 2454.929; 170; 120.4; 
567; 0; 2454.1837; 170; 120.6; 
567; 0; 2453.4382; 170; 120.8; 
567; 0; 2452.6924; 170; 121; 
567; 0; 2451.9463; 170; 121.2; 
567; 0; 2452.204; 170; 121.4; 
567; 0; 2451.4577; 170; 121.6; 
567; 0; 2450.7111; 170; 121.8; 
567; 0; 2449.9643; 170; 122; 
567; 0; 2449.2173; 170; 122.2; 
567; 0; 2448.47; 170; 122.4; 
567; 0; 2448.7283; 170; 122.6; 
567; 0; 2447.9808; 170; 122.8; 
567; 0; 2447.233; 170; 123; 
567; 0; 2446.485; 170; 123.2; 
567; 0; 2446.7438; 170; 123.4; 
567; 0; 2445.9956; 170; 123.6; 
567; 0; 2445.2471; 170; 123.8; 
567; 0; 2444.4983; 170; 124; 
567; 0; 2444.7576; 170; 124.2; 
567; 0; 2444.0085; 170; 124.4; 
567; 0; 2443.2592; 170; 124.6; 
567; 0; 2443.5188; 170; 124.8; 
567; 0; 2442.7693; 170; 125; 
567; 0; 2442.0194; 170; 125.2; 
567; 0; 2442.2796; 170; 125.4; 
567; 0; 2441.5296; 170; 125.6; 
567; 0; 2440.7793; 170; 125.8; 
567; 0; 2441.0399; 170; 126; 
567; 0; 2440.2894; 170; 126.2; 
567; 0; 2439.5386; 170; 126.4; 
567; 0; 2439.7996; 170; 126.6; 
567; 0; 2439.0484; 170; 126.8; 
567; 0; 2438.297; 170; 127; 
567; 0; 2438.5585; 170; 127.2; 
567; 0; 2437.807; 170; 127.4; 
567; 0; 2437.0551; 170; 127.6; 
567; 0; 2437.3171; 170; 127.8; 
567; 0; 2436.5651; 170; 128; 
567; 0; 2436.8275; 170; 128.2; 
567; 0; 2436.0752; 170; 128.4; 
567; 0; 2436.3377; 170; 128.6; 
567; 0; 2436.5998; 170; 128.8; 
567; 0; 2436.8609; 170; 129; 
567; 0; 2435.0845; 170; 129.2; 
567; 0; 2433.2955; 170; 129.4; 
567; 0; 2429.4539; 170; 129.6; 
567; 0; 2423.5537; 170; 129.8; 
567; 0; 2416.6083; 170; 130; 
567; 0; 2408.6152; 170; 130.2; 
567; 0; 2397.5376; 170; 130.4; 
567; 0; 2385.4101; 170; 130.6; 
567; 0; 2371.2153; 170; 130.8; 
567; 0; 2355.9717; 170; 131; 
567; 0; 2339.6819; 170; 131.2; 
567; 0; 2322.353; 170; 131.4; 
567; 0; 2307.2129; 170; 131.6; 
567; 0; 2293.847; 170; 131.8; 
567; 0; 2282.2615; 170; 132; 
567; 0; 2272.4608; 170; 132.2; 
567; 0; 2264.448; 170; 132.4; 
567; 0; 2264.0389; 170; 132.6; 
567; 0; 2257.9236; 170; 132.8; 
567; 0; 2251.8172; 170; 133; 
567; 0; 2244.8419; 170; 133.2; 
567; 0; 2237.8688; 170; 133.4; 
567; 0; 2230.8943; 170; 133.6; 
567; 0; 2223.0411; 170; 133.8; 
567; 0; 2214.3074; 170; 134; 
567; 0; 2205.5675; 170; 134.2; 
567; 0; 2196.8216; 170; 134.4; 
567; 0; 2188.071; 170; 134.6; 
567; 0; 2180.1921; 170; 134.8; 
567; 0; 2171.4369; 170; 135; 
567; 0; 2164.4311; 170; 135.2; 
567; 0; 2157.4262; 170; 135.4; 
567; 0; 2150.4231; 170; 135.6; 
567; 0; 2144.2966; 170; 135.8; 
567; 0; 2139.0467; 170; 136; 
567; 0; 2133.7986; 170; 136.2; 
567; 0; 2128.2838; 170; 136.4; 
567; 0; 2123.2057; 170; 136.6; 
567; 0; 2118.128; 170; 136.8; 
567; 0; 2113.0501; 170; 137; 
567; 0; 2107.9715; 170; 137.2; 
567; 0; 2102.8921; 170; 137.4; 
567; 0; 2097.8117; 170; 137.6; 
567; 0; 2093.7466; 170; 137.8; 
567; 0; 2089.6807; 170; 138; 
567; 0; 2085.6143; 170; 138.2; 
567; 0; 2081.5478; 170; 138.4; 
567; 0; 2077.4812; 170; 138.6; 
567; 0; 2074.431; 170; 138.8; 
567; 0; 2071.381; 170; 139; 
567; 0; 2068.3313; 170; 139.2; 
567; 0; 2065.2818; 170; 139.4; 
567; 0; 2063.2488; 170; 139.6; 
567; 0; 2061.2161; 170; 139.8; 
567; 0; 2058.1672; 170; 140; 
567; 0; 2056.1346; 170; 140.2; 
567; 0; 2054.102; 170; 140.4; 
567; 0; 2053.0856; 170; 140.6; 
567; 0; 2051.0528; 170; 140.8; 
567; 0; 2049.0199; 170; 141; 
567; 0; 2048.0033; 170; 141.2; 
567; 0; 2045.9702; 170; 141.4; 
567; 0; 2044.9533; 170; 141.6; 
567; 0; 2043.9363; 170; 141.8; 
567; 0; 2042.9192; 170; 142; 
567; 0; 2041.9022; 170; 142.2; 
567; 0; 2040.8852; 170; 142.4; 
567; 0; 2039.8683; 170; 142.6; 
567; 0; 2039.8678; 170; 142.8; 
567; 0; 2038.851; 170; 143; 
567; 0; 2037.8341; 170; 143.2; 
567; 0; 2037.8335; 170; 143.4; 
567; 0; 2036.8166; 170; 143.6; 
567; 0; 2036.8159; 170; 143.8; 
567; 0; 2036.8152; 170; 144; 
567; 0; 2036.8146; 170; 144.2; 
567; 0; 2035.7977; 170; 144.4; 
567; 0; 2035.7971; 170; 144.6; 
567; 0; 2035.7965; 170; 144.8; 
567; 0; 2035.7959; 170; 145; 
567; 0; 2035.7953; 170; 145.2; 
567; 0; 2035.7947; 170; 145.4; 
567; 0; 2036.8111; 170; 145.6; 
567; 0; 2038.8477; 170; 145.8; 
567; 0; 2041.9086; 170; 146; 
567; 0; 2048.0299; 170; 146.2; 
567; 0; 2056.1991; 170; 146.4; 
567; 0; 2056.802; 170; 146.6; 
567; 0; 2070.2604; 170; 146.8; 
567; 0; 2084.7735; 170; 147; 
567; 0; 2100.3439; 170; 147.2; 
567; 0; 2115.9403; 170; 147.4; 
567; 0; 2130.018; 170; 147.6; 
567; 0; 2141.7094; 170; 147.8; 
567; 0; 2152.5184; 170; 148; 
567; 0; 2162.4411; 170; 148.2; 
567; 0; 2171.4743; 170; 148.4; 
567; 0; 2179.616; 170; 148.6; 
567; 0; 2187.7565; 170; 148.8; 
567; 0; 2195.0049; 170; 149; 
567; 0; 2201.3618; 170; 149.2; 
567; 0; 2207.7199; 170; 149.4; 
567; 0; 2214.9727; 170; 149.6; 
567; 0; 2221.3377; 170; 149.8; 
567; 0; 2227.7076; 170; 150; 
567; 0; 2234.9758; 170; 150.2; 
567; 0; 2241.3573; 170; 150.4; 
567; 0; 2247.7443; 170; 150.6; 
567; 0; 2254.1364; 170; 150.8; 
567; 0; 2259.6396; 170; 151; 
567; 0; 2265.1463; 170; 151.2; 
567; 0; 2270.656; 170; 151.4; 
567; 0; 2275.274; 170; 151.6; 
567; 0; 2279.8938; 170; 151.8; 
567; 0; 2284.5153; 170; 152; 
567; 0; 2289.1385; 170; 152.2; 
567; 0; 2292.8682; 170; 152.4; 
567; 0; 2296.5995; 170; 152.6; 
567; 0; 2300.3325; 170; 152.8; 
567; 0; 2303.1717; 170; 153; 
567; 0; 2306.9086; 170; 153.2; 
567; 0; 2309.7516; 170; 153.4; 
567; 0; 2313.4927; 170; 153.6; 
567; 0; 2316.3395; 170; 153.8; 
567; 0; 2319.1882; 170; 154; 
567; 0; 2321.1416; 170; 154.2; 
567; 0; 2324.2319; 170; 154.4; 
567; 0; 2327.5004; 170; 154.6; 
567; 0; 2329.7424; 170; 154.8; 
567; 0; 2331.9857; 170; 155; 
567; 0; 2334.2301; 170; 155.2; 
567; 0; 2336.4757; 170; 155.4; 
567; 0; 2338.7224; 170; 155.6; 
567; 0; 2339.9406; 170; 155.8; 
567; 0; 2342.1893; 170; 156; 
567; 0; 2343.4091; 170; 156.2; 
567; 0; 2345.66; 170; 156.4; 
567; 0; 2346.8816; 170; 156.6; 
567; 0; 2348.1042; 170; 156.8; 
567; 0; 2349.3276; 170; 157; 
567; 0; 2350.5517; 170; 157.2; 
567; 0; 2351.7766; 170; 157.4; 
567; 0; 2353.0023; 170; 157.6; 
567; 0; 2354.2288; 170; 157.8; 
567; 0; 2355.4562; 170; 158; 
567; 0; 2355.6516; 170; 158.2; 
567; 0; 2356.8803; 170; 158.4; 
567; 0; 2357.0766; 170; 158.6; 
567; 0; 2358.3065; 170; 158.8; 
567; 0; 2358.5034; 170; 159; 
567; 0; 2359.7344; 170; 159.2; 
567; 0; 2359.932; 170; 159.4; 
567; 0; 2360.1298; 170; 159.6; 
567; 0; 2361.3626; 170; 159.8; 
567; 0; 2361.5611; 170; 160; 
567; 0; 2361.7598; 170; 160.2; 
567; 0; 2361.9588; 170; 160.4; 
567; 0; 2362.1579; 170; 160.6; 
567; 0; 2362.3574; 170; 160.8; 
567; 0; 2362.5571; 170; 161; 
567; 0; 2363.7935; 170; 161.2; 
567; 0; 2363.9935; 170; 161.4; 
567; 0; 2364.1926; 170; 161.6; 
567; 0; 2364.3901; 170; 161.8; 
567; 0; 2364.5852; 170; 162; 
567; 0; 2364.777; 170; 162.2; 
567; 0; 2364.9644; 170; 162.4; 
567; 0; 2365.1471; 170; 162.6; 
567; 0; 2365.3257; 170; 162.8; 
567; 0; 2366.5411; 170; 163; 
567; 0; 2368.7968; 170; 163.2; 
567; 0; 2372.0963; 170; 163.4; 
567; 0; 2376.443; 170; 163.6; 
567; 0; 2381.8392; 170; 163.8; 
567; 0; 2388.2867; 170; 164; 
567; 0; 2394.7458; 170; 164.2; 
567; 0; 2401.2162; 170; 164.4; 
567; 0; 2406.6556; 170; 164.6; 
567; 0; 2410.0174; 170; 164.8; 
567; 0; 2411.2739; 170; 165; 
567; 0; 2410.4174; 170; 165.2; 
567; 0; 2407.4604; 170; 165.4; 
567; 0; 2401.354; 170; 165.6; 
567; 0; 2394.1771; 170; 165.8; 
567; 0; 2384.8845; 170; 166; 
567; 0; 2373.4744; 170; 166.2; 
567; 0; 2358.9045; 170; 166.4; 
567; 0; 2343.261; 170; 166.6; 
567; 0; 2325.5042; 170; 166.8; 
567; 0; 2308.673; 170; 167; 
567; 0; 2292.2311; 170; 167.2; 
567; 0; 2278.517; 170; 167.4; 
567; 0; 2267.537; 170; 167.6; 
567; 0; 2260.2054; 170; 167.8; 
567; 0; 2257.4349; 170; 168; 
567; 0; 2257.4075; 170; 168.2; 
567; 0; 2260.1247; 170; 168.4; 
567; 0; 2262.859; 170; 168.6; 
567; 0; 2265.6099; 170; 168.8; 
567; 0; 2266.5558; 170; 169; 
567; 0; 2264.7814; 170; 169.2; 
567; 0; 2261.1896; 170; 169.4; 
567; 0; 2254.8633; 170; 169.6; 
567; 0; 2248.5265; 170; 169.8; 
567; 0; 2240.3566; 170; 170; 
567; 0; 2231.263; 170; 170.2; 
567; 0; 2221.2473; 170; 170.4; 
567; 0; 2211.223; 170; 170.6; 
567; 0; 2201.1939; 170; 170.8; 
567; 0; 2192.0735; 170; 171; 
567; 0; 2191.3905; 170; 171.2; 
567; 0; 2184.2103; 170; 171.4; 
567; 0; 2177.9305; 170; 171.6; 
567; 0; 2172.5511; 170; 171.8; 
567; 0; 2167.1762; 170; 172; 
567; 0; 2162.7005; 170; 172.2; 
567; 0; 2158.2273; 170; 172.4; 
567; 0; 2152.86; 170; 172.6; 
567; 0; 2148.3884; 170; 172.8; 
567; 0; 2143.9162; 170; 173; 
567; 0; 2138.5472; 170; 173.2; 
567; 0; 2134.0721; 170; 173.4; 
567; 0; 2128.6999; 170; 173.6; 
567; 0; 2124.222; 170; 173.8; 
567; 0; 2119.7431; 170; 174; 
567; 0; 2115.2635; 170; 174.2; 
567; 0; 2110.7838; 170; 174.4; 
567; 0; 2105.6124; 170; 174.6; 
567; 0; 2101.4479; 170; 174.8; 
567; 0; 2097.2839; 170; 175; 
567; 0; 2094.1611; 170; 175.2; 
567; 0; 2089.9986; 170; 175.4; 
567; 0; 2086.877; 170; 175.6; 
567; 0; 2083.7559; 170; 175.8; 
567; 0; 2080.6352; 170; 176; 
567; 0; 2077.5145; 170; 176.2; 
567; 0; 2075.4342; 170; 176.4; 
567; 0; 2072.3133; 170; 176.6; 
567; 0; 2070.2326; 170; 176.8; 
567; 0; 2068.1517; 170; 177; 
567; 0; 2066.0706; 170; 177.2; 
567; 0; 2063.9892; 170; 177.4; 
567; 0; 2061.9076; 170; 177.6; 
567; 0; 2059.8259; 170; 177.8; 
567; 0; 2057.7443; 170; 178; 
567; 0; 2056.7031; 170; 178.2; 
567; 0; 2054.6217; 170; 178.4; 
567; 0; 2053.5808; 170; 178.6; 
567; 0; 2051.4996; 170; 178.8; 
567; 0; 2050.4588; 170; 179; 
567; 0; 2049.4181; 170; 179.2; 
567; 0; 2048.3773; 170; 179.4; 
567; 0; 2047.3364; 170; 179.6; 
567; 0; 2046.2956; 170; 179.8; 
567; 0; 2046.2951; 170; 180; 
567; 0; 2045.2542; 170; 180.2; 
567; 0; 2044.2134; 170; 180.4; 
567; 0; 2044.2129; 170; 180.6; 
567; 0; 2043.172; 170; 180.8; 
567; 0; 2043.1715; 170; 181; 
567; 0; 2042.1305; 170; 181.2; 
567; 0; 2042.13; 170; 181.4; 
567; 0; 2041.089; 170; 181.6; 
567; 0; 2041.0884; 170; 181.8; 
567; 0; 2041.0879; 170; 182; 
567; 0; 2041.0873; 170; 182.2; 
567; 0; 2040.0464; 170; 182.4; 
567; 0; 2040.0459; 170; 182.6; 
567; 0; 2040.0454; 170; 182.8; 
567; 0; 2040.0448; 170; 183; 
567; 0; 2040.0443; 170; 183.2; 
567; 0; 2040.0437; 170; 183.4; 
567; 0; 2040.0432; 170; 183.6; 
567; 0; 2040.0426; 170; 183.8; 
567; 0; 2040.0421; 170; 184; 
567; 0; 2040.0416; 170; 184.2; 
567; 0; 2040.0412; 170; 184.4; 
567; 0; 2040.0407; 170; 184.6; 
567; 0; 2041.0806; 170; 184.8; 
567; 0; 2041.0801; 170; 185; 
567; 0; 2041.0796; 170; 185.2; 
567; 0; 2041.0791; 170; 185.4; 
567; 0; 2041.0786; 170; 185.6; 
567; 0; 2041.078; 170; 185.8; 
567; 0; 2042.1179; 170; 186; 
567; 0; 2042.1173; 170; 186.2; 
567; 0; 2042.1167; 170; 186.4; 
567; 0; 2032.4571; 170; 186.6; 
567; 0; 2033.5098; 170; 186.8; 
567; 0; 2033.5092; 170; 187; 
567; 0; 2033.5087; 170; 187.2; 
567; 0; 2034.5615; 170; 187.4; 
567; 0; 2034.561; 170; 187.6; 
567; 0; 2035.6137; 170; 187.8; 
567; 0; 2035.6132; 170; 188; 
567; 0; 2036.666; 170; 188.2; 
567; 0; 2036.6655; 170; 188.4; 
567; 0; 2037.7183; 170; 188.6; 
567; 0; 2037.7178; 170; 188.8; 
567; 0; 2038.7706; 170; 189; 
567; 0; 2039.8233; 170; 189.2; 
567; 0; 2039.8228; 170; 189.4; 
567; 0; 2040.8756; 170; 189.6; 
567; 0; 2041.9283; 170; 189.8; 
567; 0; 2041.9278; 170; 190; 
567; 0; 2042.9805; 170; 190.2; 
567; 0; 2044.0332; 170; 190.4; 
567; 0; 2045.0858; 170; 190.6; 
567; 0; 2045.0849; 170; 190.8; 
567; 0; 2046.1373; 170; 191; 
567; 0; 2046.1364; 170; 191.2; 
567; 0; 2047.1889; 170; 191.4; 
567; 0; 2048.2415; 170; 191.6; 
567; 0; 2048.241; 170; 191.8; 
567; 0; 2049.294; 170; 192; 
567; 0; 2050.3472; 170; 192.2; 
567; 0; 2050.347; 170; 192.4; 
567; 0; 2051.4001; 170; 192.6; 
567; 0; 2051.3999; 170; 192.8; 
567; 0; 2052.4528; 170; 193; 
567; 0; 2052.4524; 170; 193.2; 
567; 0; 2053.5053; 170; 193.4; 
567; 0; 2053.5048; 170; 193.6; 
567; 0; 2054.5576; 170; 193.8; 
567; 0; 2054.5572; 170; 194; 
567; 0; 2055.6099; 170; 194.2; 
567; 0; 2055.6094; 170; 194.4; 
567; 0; 2056.6622; 170; 194.6; 
567; 0; 2056.6617; 170; 194.8; 
567; 0; 2056.6612; 170; 195; 
567; 0; 2057.714; 170; 195.2; 
567; 0; 2057.7135; 170; 195.4; 
567; 0; 2058.7663; 170; 195.6; 
567; 0; 2058.7657; 170; 195.8; 
567; 0; 2058.7652; 170; 196; 
567; 0; 2059.818; 170; 196.2; 
567; 0; 2059.8175; 170; 196.4; 
567; 0; 2059.817; 170; 196.6; 
567; 0; 2059.8165; 170; 196.8; 
567; 0; 2060.8693; 170; 197; 
567; 0; 2060.8689; 170; 197.2; 
567; 0; 2060.8685; 170; 197.4; 
567; 0; 2061.9213; 170; 197.6; 
567; 0; 2061.9208; 170; 197.8; 
567; 0; 2061.9204; 170; 198; 
567; 0; 2061.9199; 170; 198.2; 
567; 0; 2062.9728; 170; 198.4; 
567; 0; 2062.9725; 170; 198.6; 
567; 0; 2062.9721; 170; 198.8; 
567; 0; 2062.9717; 170; 199; 
567; 0; 2064.0245; 170; 199.2; 
567; 0; 2064.024; 170; 199.4; 
567; 0; 2064.0235; 170; 199.6; 
567; 0; 2064.023; 170; 199.8; 
567; 0; 2064.0226; 170; 200; 
567; 0; 2065.0754; 170; 200.2; 
567; 0; 2065.075; 170; 200.4; 
567; 0; 2065.0745; 170; 200.6; 
567; 0; 2065.0741; 170; 200.8; 
567; 0; 2065.0737; 170; 201; 
567; 0; 2065.0733; 170; 201.2; 
567; 0; 2066.1262; 170; 201.4; 
567; 0; 2066.1258; 170; 201.6; 
567; 0; 2066.1254; 170; 201.8; 
567; 0; 2066.125; 170; 202; 
567; 0; 2066.1247; 170; 202.2; 
567; 0; 2066.1243; 170; 202.4; 
567; 0; 2067.1771; 170; 202.6; 
567; 0; 2067.1767; 170; 202.8; 
567; 0; 2067.1763; 170; 203; 
567; 0; 2067.1758; 170; 203.2; 
567; 0; 2067.1753; 170; 203.4; 
567; 0; 2067.1749; 170; 203.6; 
567; 0; 2067.1745; 170; 203.8; 
567; 0; 2067.1741; 170; 204; 
567; 0; 2068.227; 170; 204.2; 
567; 0; 2068.2267; 170; 204.4; 
567; 0; 2068.2263; 170; 204.6; 
567; 0; 2068.2259; 170; 204.8; 
567; 0; 2068.2254; 170; 205; 
567; 0; 2068.225; 170; 205.2; 
567; 0; 2068.2246; 170; 205.4; 
567; 0; 2068.2242; 170; 205.6; 
567; 0; 2068.2238; 170; 205.8; 
567; 0; 2068.2234; 170; 206; 
567; 0; 2069.2762; 170; 206.2; 
567; 0; 2069.2759; 170; 206.4; 
567; 0; 2069.2756; 170; 206.6; 
567; 0; 2069.2753; 170; 206.8; 
567; 0; 2069.275; 170; 207; 
567; 0; 2069.2746; 170; 207.2; 
567; 0; 2069.2742; 170; 207.4; 
567; 0; 2069.2739; 170; 207.6; 
567; 0; 2069.2735; 170; 207.8; 
567; 0; 2069.2731; 170; 208; 
567; 0; 2070.3259; 170; 208.2; 
567; 0; 2070.3255; 170; 208.4; 
567; 0; 2070.3251; 170; 208.6; 
567; 0; 2070.3247; 170; 208.8; 
567; 0; 2070.3243; 170; 209; 
567; 0; 2071.3771; 170; 209.2; 
567; 0; 2071.3767; 170; 209.4; 
567; 0; 2071.3763; 170; 209.6; 
567; 0; 2071.3759; 170; 209.8; 
567; 0; 2071.3755; 170; 210; 
567; 0; 2071.3752; 170; 210.2; 
567; 0; 2071.3748; 170; 210.4; 
567; 0; 2072.4275; 170; 210.6; 
567; 0; 2072.4272; 170; 210.8; 
567; 0; 2072.4269; 170; 211; 
567; 0; 2072.4266; 170; 211.2; 
567; 0; 2072.4264; 170; 211.4; 
567; 0; 2072.4261; 170; 211.6; 
567; 0; 2072.4258; 170; 211.8; 
567; 0; 2072.4254; 170; 212; 
567; 0; 2072.425; 170; 212.2; 
567; 0; 2072.4246; 170; 212.4; 
567; 0; 2073.4774; 170; 212.6; 
567; 0; 2073.477; 170; 212.8; 
567; 0; 2073.4766; 170; 213; 
567; 0; 2073.4762; 170; 213.2; 
567; 0; 2073.4758; 170; 213.4; 
567; 0; 2073.4754; 170; 213.6; 
567; 0; 2073.4751; 170; 213.8; 
567; 0; 2073.4748; 170; 214; 
567; 0; 2073.4745; 170; 214.2; 
567; 0; 2073.4741; 170; 214.4; 
567; 0; 2073.4737; 170; 214.6; 
567; 0; 2073.4734; 170; 214.8; 
567; 0; 2073.473; 170; 215; 
567; 0; 2073.4727; 170; 215.2; 
567; 0; 2073.4723; 170; 215.4; 
567; 0; 2073.472; 170; 215.6; 
567; 0; 2073.4717; 170; 215.8; 
567; 0; 2073.4713; 170; 216; 
567; 0; 2073.471; 170; 216.2; 
567; 0; 2073.4706; 170; 216.4; 
567; 0; 2073.4703; 170; 216.6; 
567; 0; 2073.47; 170; 216.8; 
567; 0; 2073.4698; 170; 217; 
567; 0; 2073.4694; 170; 217.2; 
567; 0; 2073.469; 170; 217.4; 
567; 0; 2073.4686; 170; 217.6; 
567; 0; 2074.5214; 170; 217.8; 
567; 0; 2074.5209; 170; 218; 
567; 0; 2074.5198; 170; 218.2; 
567; 0; 2075.571; 170; 218.4; 
567; 0; 2075.5676; 170; 218.6; 
567; 0; 2075.5623; 170; 218.8; 
567; 0; 2076.6075; 170; 219; 
567; 0; 2076.5966; 170; 219.2; 
567; 0; 2076.5825; 170; 219.4; 
567; 0; 2076.5665; 170; 219.6; 
567; 0; 2078.656; 170; 219.8; 
567; 0; 2080.7468; 170; 220; 
567; 0; 2084.9464; 170; 220.2; 
567; 0; 2090.2032; 170; 220.4; 
567; 0; 2096.5181; 170; 220.6; 
567; 0; 2102.7329; 170; 220.8; 
567; 0; 2109.104; 170; 221; 
567; 0; 2113.6591; 170; 221.2; 
567; 0; 2119.1257; 170; 221.4; 
567; 0; 2122.7743; 170; 221.6; 
567; 0; 2125.5133; 170; 221.8; 
567; 0; 2128.2512; 170; 222; 
567; 0; 2130.0776; 170; 222.2; 
567; 0; 2130.9918; 170; 222.4; 
567; 0; 2131.9033; 170; 222.6; 
567; 0; 2131.9025; 170; 222.8; 
567; 0; 2131.8994; 170; 223; 
567; 0; 2131.8946; 170; 223.2; 
567; 0; 2132.7984; 170; 223.4; 
567; 0; 2133.7018; 170; 223.6; 
567; 0; 2134.6056; 170; 223.8; 
567; 0; 2135.5103; 170; 224; 
567; 0; 2137.3258; 170; 224.2; 
567; 0; 2139.1429; 170; 224.4; 
567; 0; 2141.8712; 170; 224.6; 
567; 0; 2143.6919; 170; 224.8; 
567; 0; 2145.5149; 170; 225; 
567; 0; 2147.34; 170; 225.2; 
567; 0; 2149.1669; 170; 225.4; 
567; 0; 2150.0855; 170; 225.6; 
567; 0; 2150.0947; 170; 225.8; 
567; 0; 2149.1936; 170; 226; 
567; 0; 2148.2908; 170; 226.2; 
567; 0; 2146.4762; 170; 226.4; 
567; 0; 2144.6591; 170; 226.6; 
567; 0; 2142.8394; 170; 226.8; 
567; 0; 2140.1079; 170; 227; 
567; 0; 2137.3747; 170; 227.2; 
567; 0; 2134.6405; 170; 227.4; 
567; 0; 2132.8158; 170; 227.6; 
567; 0; 2130.9916; 170; 227.8; 
567; 0; 2129.1684; 170; 228; 
567; 0; 2128.2561; 170; 228.2; 
567; 0; 2126.4357; 170; 228.4; 
567; 0; 2125.5262; 170; 228.6; 
567; 0; 2124.6177; 170; 228.8; 
567; 0; 2122.8005; 170; 229; 
567; 0; 2121.8932; 170; 229.2; 
567; 0; 2120.9859; 170; 229.4; 
567; 0; 2119.1688; 170; 229.6; 
567; 0; 2117.3512; 170; 229.8; 
567; 0; 2116.4426; 170; 230; 
567; 0; 2114.6237; 170; 230.2; 
567; 0; 2112.8042; 170; 230.4; 
567; 0; 2110.9843; 170; 230.6; 
567; 0; 2109.1641; 170; 230.8; 
567; 0; 2108.2534; 170; 231; 
567; 0; 2106.4332; 170; 231.2; 
567; 0; 2105.5227; 170; 231.4; 
567; 0; 2103.7028; 170; 231.6; 
567; 0; 2102.7928; 170; 231.8; 
567; 0; 2101.8768; 170; 232; 
567; 0; 2099.7706; 170; 232.2; 
567; 0; 2098.7177; 170; 232.4; 
567; 0; 2097.6649; 170; 232.6; 
567; 0; 2096.6122; 170; 232.8; 
567; 0; 2095.5594; 170; 233; 
567; 0; 2094.5066; 170; 233.2; 
567; 0; 2093.4537; 170; 233.4; 
567; 0; 2092.4007; 170; 233.6; 
567; 0; 2091.3474; 170; 233.8; 
567; 0; 2090.294; 170; 234; 
567; 0; 2089.2405; 170; 234.2; 
567; 0; 2088.187; 170; 234.4; 
567; 0; 2087.1334; 170; 234.6; 
567; 0; 2086.0799; 170; 234.8; 
567; 0; 2085.0264; 170; 235; 
567; 0; 2083.973; 170; 235.2; 
567; 0; 2083.9727; 170; 235.4; 
567; 0; 2082.9195; 170; 235.6; 
567; 0; 2081.8662; 170; 235.8; 
567; 0; 2081.8661; 170; 236; 
567; 0; 2080.8129; 170; 236.2; 
567; 0; 2079.7596; 170; 236.4; 
567; 0; 2079.7594; 170; 236.6; 
567; 0; 2078.7061; 170; 236.8; 
567; 0; 2078.7059; 170; 237; 
567; 0; 2077.6526; 170; 237.2; 
567; 0; 2077.6523; 170; 237.4; 
567; 0; 2076.5989; 170; 237.6; 
567; 0; 2076.5987; 170; 237.8; 
567; 0; 2075.5453; 170; 238; 
567; 0; 2075.545; 170; 238.2; 
567; 0; 2075.5448; 170; 238.4; 
567; 0; 2074.4913; 170; 238.6; 
567; 0; 2074.491; 170; 238.8; 
567; 0; 2074.4907; 170; 239; 
567; 0; 2073.4373; 170; 239.2; 
567; 0; 2073.437; 170; 239.4; 
567; 0; 2073.4368; 170; 239.6; 
567; 0; 2072.3834; 170; 239.8; 
567; 0; 2072.3831; 170; 240; 
567; 0; 2072.3828; 170; 240.2; 
567; 0; 2072.3826; 170; 240.4; 
567; 0; 2071.3292; 170; 240.6; 
567; 0; 2071.329; 170; 240.8; 
567; 0; 2071.3287; 170; 241; 
567; 0; 2071.3284; 170; 241.2; 
567; 0; 2070.275; 170; 241.4; 
567; 0; 2070.2747; 170; 241.6; 
567; 0; 2070.2743; 170; 241.8; 
567; 0; 2070.2739; 170; 242; 
567; 0; 2070.2736; 170; 242.2; 
567; 0; 2070.2733; 170; 242.4; 
567; 0; 2070.273; 170; 242.6; 
567; 0; 2069.2196; 170; 242.8; 
567; 0; 2069.2193; 170; 243; 
567; 0; 2069.2191; 170; 243.2; 
567; 0; 2069.2188; 170; 243.4; 
567; 0; 2069.2185; 170; 243.6; 
567; 0; 2069.2183; 170; 243.8; 
567; 0; 2069.218; 170; 244; 
567; 0; 2069.2178; 170; 244.2; 
567; 0; 2069.2176; 170; 244.4; 
567; 0; 2069.2173; 170; 244.6; 
567; 0; 2069.2169; 170; 244.8; 
567; 0; 2069.2165; 170; 245; 
567; 0; 2069.2161; 170; 245.2; 
567; 0; 2069.2158; 170; 245.4; 
567; 0; 2068.1623; 170; 245.6; 
567; 0; 2068.1621; 170; 245.8; 
567; 0; 2068.1618; 170; 246; 
567; 0; 2069.2146; 170; 246.2; 
567; 0; 2069.214; 170; 246.4; 
567; 0; 2070.266; 170; 246.6; 
567; 0; 2070.2636; 170; 246.8; 
567; 0; 2070.2597; 170; 247; 
567; 0; 2070.2543; 170; 247.2; 
567; 0; 2070.2481; 170; 247.4; 
567; 0; 2070.2418; 170; 247.6; 
567; 0; 2070.2365; 170; 247.8; 
567; 0; 2071.2862; 170; 248; 
567; 0; 2073.3914; 170; 248.2; 
567; 0; 2074.4463; 170; 248.4; 
567; 0; 2075.5033; 170; 248.6; 
567; 0; 2077.6151; 170; 248.8; 
567; 0; 2078.6747; 170; 249; 
567; 0; 2079.7346; 170; 249.2; 
567; 0; 2079.7407; 170; 249.4; 
567; 0; 2080.7986; 170; 249.6; 
567; 0; 2080.8019; 170; 249.8; 
567; 0; 2079.7505; 170; 250; 
567; 0; 2079.7505; 170; 250.2; 
567; 0; 2079.7493; 170; 250.4; 
567; 0; 2078.6941; 170; 250.6; 
567; 0; 2078.6916; 170; 250.8; 
567; 0; 2078.689; 170; 251; 
567; 0; 2077.6336; 170; 251.2; 
567; 0; 2077.6318; 170; 251.4; 
567; 0; 2077.6304; 170; 251.6; 
567; 0; 2077.6296; 170; 251.8; 
567; 0; 2076.5761; 170; 252; 
567; 0; 2076.5761; 170; 252.2; 
567; 0; 2076.5764; 170; 252.4; 
567; 0; 2076.5767; 170; 252.6; 
567; 0; 2076.577; 170; 252.8; 
567; 0; 2076.5771; 170; 253; 
567; 0; 2075.524; 170; 253.2; 
567; 0; 2075.5238; 170; 253.4; 
567; 0; 2075.5235; 170; 253.6; 
567; 0; 2075.5231; 170; 253.8; 
567; 0; 2074.4696; 170; 254; 
567; 0; 2074.4691; 170; 254.2; 
567; 0; 2074.4687; 170; 254.4; 
567; 0; 2074.4684; 170; 254.6; 
567; 0; 2074.468; 170; 254.8; 
567; 0; 2073.4145; 170; 255; 
567; 0; 2073.4141; 170; 255.2; 
567; 0; 2073.4138; 170; 255.4; 
567; 0; 2073.4135; 170; 255.6; 
567; 0; 2073.4132; 170; 255.8; 
567; 0; 2073.413; 170; 256; 
567; 0; 2073.4127; 170; 256.2; 
567; 0; 2072.3595; 170; 256.4; 
567; 0; 2072.3592; 170; 256.6; 
567; 0; 2072.359; 170; 256.8; 
567; 0; 2072.3587; 170; 257; 
567; 0; 2072.3584; 170; 257.2; 
567; 0; 2072.3581; 170; 257.4; 
567; 0; 2072.3576; 170; 257.6; 
567; 0; 2073.4095; 170; 257.8; 
567; 0; 2073.4073; 170; 258; 
567; 0; 2073.4036; 170; 258.2; 
567; 0; 2073.3979; 170; 258.4; 
567; 0; 2074.4424; 170; 258.6; 
567; 0; 2073.3777; 170; 258.8; 
567; 0; 2074.4161; 170; 259; 
567; 0; 2074.3998; 170; 259.2; 
567; 0; 2076.4893; 170; 259.4; 
567; 0; 2079.6333; 170; 259.6; 
567; 0; 2083.8336; 170; 259.8; 
567; 0; 2089.0914; 170; 260; 
567; 0; 2095.4073; 170; 260.2; 
567; 0; 2102.6957; 170; 260.4; 
567; 0; 2108.1578; 170; 260.6; 
567; 0; 2112.7131; 170; 260.8; 
567; 0; 2117.2701; 170; 261; 
567; 0; 2120.9184; 170; 261.2; 
567; 0; 2124.5663; 170; 261.4; 
567; 0; 2126.3938; 170; 261.6; 
567; 0; 2128.2192; 170; 261.8; 
567; 0; 2129.1325; 170; 262; 
567; 0; 2129.1335; 170; 262.2; 
567; 0; 2129.1319; 170; 262.4; 
567; 0; 2130.0377; 170; 262.6; 
567; 0; 2130.0325; 170; 262.8; 
567; 0; 2130.9361; 170; 263; 
567; 0; 2131.8397; 170; 263.2; 
567; 0; 2132.7439; 170; 263.4; 
567; 0; 2134.5586; 170; 263.6; 
567; 0; 2135.4652; 170; 263.8; 
567; 0; 2138.1922; 170; 264; 
567; 0; 2140.0113; 170; 264.2; 
567; 0; 2141.8316; 170; 264.4; 
567; 0; 2143.6529; 170; 264.6; 
567; 0; 2144.5653; 170; 264.8; 
567; 0; 2145.4779; 170; 265; 
567; 0; 2147.2997; 170; 265.2; 
567; 0; 2147.3021; 170; 265.4; 
567; 0; 2148.2133; 170; 265.6; 
567; 0; 2148.2142; 170; 265.8; 
567; 0; 2148.2142; 170; 266; 
567; 0; 2148.2134; 170; 266.2; 
567; 0; 2148.212; 170; 266.4; 
567; 0; 2148.2103; 170; 266.6; 
567; 0; 2149.1178; 170; 266.8; 
567; 0; 2149.1159; 170; 267; 
567; 0; 2149.1142; 170; 267.2; 
567; 0; 2150.0223; 170; 267.4; 
567; 0; 2150.0215; 170; 267.6; 
567; 0; 2150.9306; 170; 267.8; 
567; 0; 2151.8403; 170; 268; 
567; 0; 2152.7509; 170; 268.2; 
567; 0; 2153.6629; 170; 268.4; 
567; 0; 2153.6671; 170; 268.6; 
567; 0; 2154.5824; 170; 268.8; 
567; 0; 2154.5895; 170; 269; 
567; 0; 2153.6877; 170; 269.2; 
567; 0; 2152.7857; 170; 269.4; 
567; 0; 2151.8828; 170; 269.6; 
567; 0; 2149.1591; 170; 269.8; 
567; 0; 2147.3428; 170; 270; 
567; 0; 2144.6149; 170; 270.2; 
567; 0; 2141.8848; 170; 270.4; 
567; 0; 2139.1531; 170; 270.6; 
567; 0; 2135.5109; 170; 270.8; 
567; 0; 2132.7777; 170; 271; 
567; 0; 2130.9542; 170; 271.2; 
567; 0; 2128.2219; 170; 271.4; 
567; 0; 2126.4; 170; 271.6; 
567; 0; 2124.5793; 170; 271.8; 
567; 0; 2122.7596; 170; 272; 
567; 0; 2120.941; 170; 272.2; 
567; 0; 2120.0325; 170; 272.4; 
567; 0; 2118.215; 170; 272.6; 
567; 0; 2116.3977; 170; 272.8; 
567; 0; 2114.5803; 170; 273; 
567; 0; 2113.672; 170; 273.2; 
567; 0; 2111.8539; 170; 273.4; 
567; 0; 2110.0353; 170; 273.6; 
567; 0; 2108.2162; 170; 273.8; 
567; 0; 2106.3968; 170; 274; 
567; 0; 2104.5771; 170; 274.2; 
567; 0; 2102.7573; 170; 274.4; 
567; 0; 2101.8214; 170; 274.6; 
567; 0; 2099.7142; 170; 274.8; 
567; 0; 2098.6602; 170; 275; 
567; 0; 2096.5535; 170; 275.2; 
567; 0; 2095.5002; 170; 275.4; 
567; 0; 2094.4472; 170; 275.6; 
567; 0; 2093.3944; 170; 275.8; 
567; 0; 2092.3418; 170; 276; 
567; 0; 2091.2892; 170; 276.2; 
567; 0; 2090.2365; 170; 276.4; 
567; 0; 2089.1837; 170; 276.6; 
567; 0; 2088.1308; 170; 276.8; 
567; 0; 2087.0777; 170; 277; 
567; 0; 2086.0244; 170; 277.2; 
567; 0; 2084.9711; 170; 277.4; 
567; 0; 2083.9176; 170; 277.6; 
567; 0; 2082.8641; 170; 277.8; 
567; 0; 2081.8107; 170; 278; 
567; 0; 2080.7574; 170; 278.2; 
567; 0; 2080.7572; 170; 278.4; 
567; 0; 2079.704; 170; 278.6; 
567; 0; 2078.6509; 170; 278.8; 
567; 0; 2078.6509; 170; 279; 
567; 0; 2077.5979; 170; 279.2; 
567; 0; 2076.5448; 170; 279.4; 
567; 0; 2076.5447; 170; 279.6; 
567; 0; 2075.4915; 170; 279.8; 
567; 0; 2075.4913; 170; 280; 
567; 0; 2074.4381; 170; 280.2; 
567; 0; 2074.4379; 170; 280.4; 
567; 0; 2073.3847; 170; 280.6; 
567; 0; 2073.3845; 170; 280.8; 
567; 0; 2073.3843; 170; 281; 
567; 0; 2072.3312; 170; 281.2; 
567; 0; 2072.331; 170; 281.4; 
567; 0; 2071.2777; 170; 281.6; 
567; 0; 2071.2775; 170; 281.8; 
567; 0; 2071.2774; 170; 282; 
567; 0; 2071.2772; 170; 282.2; 
567; 0; 2070.224; 170; 282.4; 
567; 0; 2070.2238; 170; 282.6; 
567; 0; 2070.2236; 170; 282.8; 
567; 0; 2070.2233; 170; 283; 
567; 0; 2069.17; 170; 283.2; 
567; 0; 2069.1697; 170; 283.4; 
567; 0; 2069.1694; 170; 283.6; 
567; 0; 2069.1693; 170; 283.8; 
567; 0; 2069.1691; 170; 284; 
567; 0; 2068.1159; 170; 284.2; 
567; 0; 2068.1158; 170; 284.4; 
567; 0; 2068.1156; 170; 284.6; 
567; 0; 2068.1154; 170; 284.8; 
567; 0; 2068.1152; 170; 285; 
567; 0; 2068.115; 170; 285.2; 
567; 0; 2068.1148; 170; 285.4; 
567; 0; 2068.1146; 170; 285.6; 
567; 0; 2068.1144; 170; 285.8; 
567; 0; 2068.1142; 170; 286; 
567; 0; 2067.0609; 170; 286.2; 
567; 0; 2067.0607; 170; 286.4; 
567; 0; 2067.0604; 170; 286.6; 
567; 0; 2067.0602; 170; 286.8; 
567; 0; 2067.0599; 170; 287; 
567; 0; 2067.0597; 170; 287.2; 
567; 0; 2067.0595; 170; 287.4; 
567; 0; 2067.0592; 170; 287.6; 
567; 0; 2067.059; 170; 287.8; 
567; 0; 2067.0588; 170; 288; 
567; 0; 2067.0585; 170; 288.2; 
567; 0; 2068.1112; 170; 288.4; 
567; 0; 2068.1107; 170; 288.6; 
567; 0; 2068.1099; 170; 288.8; 
567; 0; 2068.1088; 170; 289; 
567; 0; 2068.1076; 170; 289.2; 
567; 0; 2068.1062; 170; 289.4; 
567; 0; 2068.105; 170; 289.6; 
567; 0; 2068.1042; 170; 289.8; 
567; 0; 2069.1568; 170; 290; 
567; 0; 2069.157; 170; 290.2; 
567; 0; 2069.1576; 170; 290.4; 
567; 0; 2069.1585; 170; 290.6; 
567; 0; 2070.2126; 170; 290.8; 
567; 0; 2070.2136; 170; 291; 
567; 0; 2070.2145; 170; 291.2; 
567; 0; 2070.2152; 170; 291.4; 
567; 0; 2070.2155; 170; 291.6; 
567; 0; 2070.2156; 170; 291.8; 
567; 0; 2070.2153; 170; 292; 
567; 0; 2070.2149; 170; 292.2; 
567; 0; 2070.2143; 170; 292.4; 
567; 0; 2070.2136; 170; 292.6; 
567; 0; 2069.1599; 170; 292.8; 
567; 0; 2069.1593; 170; 293; 
567; 0; 2069.1587; 170; 293.2; 
567; 0; 2069.1582; 170; 293.4; 
567; 0; 2069.1578; 170; 293.6; 
567; 0; 2069.1575; 170; 293.8; 
567; 0; 2069.1573; 170; 294; 
567; 0; 2069.1571; 170; 294.2; 
567; 0; 2069.1569; 170; 294.4; 
567; 0; 2069.1567; 170; 294.6; 
567; 0; 2069.1565; 170; 294.8; 
567; 0; 2069.1563; 170; 295; 
567; 0; 2069.156; 170; 295.2; 
567; 0; 2069.1558; 170; 295.4; 
567; 0; 2069.1557; 170; 295.6; 
567; 0; 2069.1555; 170; 295.8; 
567; 0; 2069.1552; 170; 296; 
567; 0; 2069.155; 170; 296.2; 
567; 0; 2069.1547; 170; 296.4; 
567; 0; 2069.1544; 170; 296.6; 
567; 0; 2069.1541; 170; 296.8; 
567; 0; 2069.1539; 170; 297; 
567; 0; 2069.1537; 170; 297.2; 
567; 0; 2069.1534; 170; 297.4; 
567; 0; 2069.1532; 170; 297.6; 
567; 0; 2069.1531; 170; 297.8; 
567; 0; 2069.1529; 170; 298; 
567; 0; 2070.2055; 170; 298.2; 
567; 0; 2070.2043; 170; 298.4; 
567; 0; 2070.2019; 170; 298.6; 
567; 0; 2071.2504; 170; 298.8; 
567; 0; 2071.2436; 170; 299; 
567; 0; 2071.2337; 170; 299.2; 
567; 0; 2071.2205; 170; 299.4; 
567; 0; 2072.258; 170; 299.6; 
567; 0; 2073.2945; 170; 299.8; 
567; 0; 2076.4375; 170; 300; 
567; 0; 2079.5831; 170; 300.2; 
567; 0; 2084.8382; 170; 300.4; 
567; 0; 2091.1512; 170; 300.6; 
567; 0; 2097.4695; 170; 300.8; 
567; 0; 2103.5781; 170; 301; 
567; 0; 2109.0412; 170; 301.2; 
567; 0; 2113.597; 170; 301.4; 
567; 0; 2117.2446; 170; 301.6; 
567; 0; 2120.8923; 170; 301.8; 
567; 0; 2122.7202; 170; 302; 
567; 0; 2124.5462; 170; 302.2; 
567; 0; 2126.3698; 170; 302.4; 
567; 0; 2126.3719; 170; 302.6; 
567; 0; 2127.2807; 170; 302.8; 
567; 0; 2127.2779; 170; 303; 
567; 0; 2127.2735; 170; 303.2; 
567; 0; 2128.1775; 170; 303.4; 
567; 0; 2129.0811; 170; 303.6; 
567; 0; 2129.9851; 170; 303.8; 
567; 0; 2130.8901; 170; 304; 
567; 0; 2132.7056; 170; 304.2; 
567; 0; 2134.5226; 170; 304.4; 
567; 0; 2137.2504; 170; 304.6; 
567; 0; 2139.0703; 170; 304.8; 
567; 0; 2140.8912; 170; 305; 
567; 0; 2141.8034; 170; 305.2; 
567; 0; 2143.6253; 170; 305.4; 
567; 0; 2144.5377; 170; 305.6; 
567; 0; 2145.4497; 170; 305.8; 
567; 0; 2145.4516; 170; 306; 
567; 0; 2145.4527; 170; 306.2; 
567; 0; 2146.3623; 170; 306.4; 
567; 0; 2146.3617; 170; 306.6; 
567; 0; 2146.3605; 170; 306.8; 
567; 0; 2146.3588; 170; 307; 
567; 0; 2146.3569; 170; 307.2; 
567; 0; 2146.355; 170; 307.4; 
567; 0; 2147.2627; 170; 307.6; 
567; 0; 2147.2614; 170; 307.8; 
567; 0; 2148.1699; 170; 308; 
567; 0; 2149.0789; 170; 308.2; 
567; 0; 2149.0789; 170; 308.4; 
567; 0; 2149.9887; 170; 308.6; 
567; 0; 2149.9894; 170; 308.8; 
567; 0; 2150.8997; 170; 309; 
567; 0; 2150.9007; 170; 309.2; 
567; 0; 2150.9015; 170; 309.4; 
567; 0; 2150.9022; 170; 309.6; 
567; 0; 2150.9026; 170; 309.8; 
567; 0; 2150.9028; 170; 310; 
567; 0; 2150.9027; 170; 310.2; 
567; 0; 2150.9023; 170; 310.4; 
567; 0; 2150.9018; 170; 310.6; 
567; 0; 2150.9011; 170; 310.8; 
567; 0; 2150.9004; 170; 311; 
567; 0; 2150.8997; 170; 311.2; 
567; 0; 2150.8991; 170; 311.4; 
567; 0; 2150.8986; 170; 311.6; 
567; 0; 2151.8078; 170; 311.8; 
567; 0; 2151.8077; 170; 312; 
567; 0; 2151.8077; 170; 312.2; 
567; 0; 2151.8079; 170; 312.4; 
567; 0; 2151.8081; 170; 312.6; 
567; 0; 2151.8084; 170; 312.8; 
567; 0; 2151.8086; 170; 313; 
567; 0; 2151.8088; 170; 313.2; 
567; 0; 2151.809; 170; 313.4; 
567; 0; 2151.8091; 170; 313.6; 
567; 0; 2151.8098; 170; 313.8; 
567; 0; 2152.7208; 170; 314; 
567; 0; 2152.724; 170; 314.2; 
567; 0; 2152.7289; 170; 314.4; 
567; 0; 2152.7355; 170; 314.6; 
567; 0; 2151.8336; 170; 314.8; 
567; 0; 2150.9318; 170; 315; 
567; 0; 2149.1198; 170; 315.2; 
567; 0; 2146.3969; 170; 315.4; 
567; 0; 2144.5815; 170; 315.6; 
567; 0; 2141.8544; 170; 315.8; 
567; 0; 2138.2157; 170; 316; 
567; 0; 2135.4848; 170; 316.2; 
567; 0; 2132.7527; 170; 316.4; 
567; 0; 2129.1106; 170; 316.6; 
567; 0; 2126.378; 170; 316.8; 
567; 0; 2123.6459; 170; 317; 
567; 0; 2121.824; 170; 317.2; 
567; 0; 2120.0032; 170; 317.4; 
567; 0; 2117.274; 170; 317.6; 
567; 0; 2115.4552; 170; 317.8; 
567; 0; 2113.637; 170; 318; 
567; 0; 2111.8193; 170; 318.2; 
567; 0; 2110.9111; 170; 318.4; 
567; 0; 2109.0934; 170; 318.6; 
567; 0; 2107.2755; 170; 318.8; 
567; 0; 2105.4573; 170; 319; 
567; 0; 2103.6388; 170; 319.2; 
567; 0; 2101.7799; 170; 319.4; 
567; 0; 2099.6735; 170; 319.6; 
567; 0; 2097.5668; 170; 319.8; 
567; 0; 2095.46; 170; 320; 
567; 0; 2094.406; 170; 320.2; 
567; 0; 2092.2991; 170; 320.4; 
567; 0; 2091.2453; 170; 320.6; 
567; 0; 2090.1918; 170; 320.8; 
567; 0; 2088.0856; 170; 321; 
567; 0; 2087.0325; 170; 321.2; 
567; 0; 2085.9796; 170; 321.4; 
567; 0; 2084.9267; 170; 321.6; 
567; 0; 2083.8739; 170; 321.8; 
567; 0; 2082.8212; 170; 322; 
567; 0; 2081.7684; 170; 322.2; 
567; 0; 2080.7156; 170; 322.4; 
567; 0; 2079.6627; 170; 322.6; 
567; 0; 2078.6096; 170; 322.8; 
567; 0; 2077.5565; 170; 323; 
567; 0; 2076.5033; 170; 323.2; 
567; 0; 2075.4501; 170; 323.4; 
567; 0; 2075.4499; 170; 323.6; 
567; 0; 2074.3968; 170; 323.8; 
567; 0; 2073.3436; 170; 324; 
567; 0; 2073.3435; 170; 324.2; 
567; 0; 2072.2904; 170; 324.4; 
567; 0; 2072.2902; 170; 324.6; 
567; 0; 2071.2371; 170; 324.8; 
567; 0; 2071.2369; 170; 325; 
567; 0; 2070.1839; 170; 325.2; 
567; 0; 2070.1837; 170; 325.4; 
567; 0; 2069.1307; 170; 325.6; 
567; 0; 2069.1305; 170; 325.8; 
567; 0; 2069.1304; 170; 326; 
567; 0; 2068.0773; 170; 326.2; 
567; 0; 2068.0771; 170; 326.4; 
567; 0; 2068.0769; 170; 326.6; 
567; 0; 2067.0239; 170; 326.8; 
567; 0; 2067.0238; 170; 327; 
567; 0; 2067.0237; 170; 327.2; 
567; 0; 2067.0235; 170; 327.4; 
567; 0; 2065.9704; 170; 327.6; 
567; 0; 2065.9703; 170; 327.8; 
567; 0; 2065.97; 170; 328; 
567; 0; 2065.9698; 170; 328.2; 
567; 0; 2065.9696; 170; 328.4; 
567; 0; 2065.9694; 170; 328.6; 
567; 0; 2064.9163; 170; 328.8; 
567; 0; 2064.9161; 170; 329; 
567; 0; 2064.916; 170; 329.2; 
567; 0; 2064.9159; 170; 329.4; 
567; 0; 2064.9157; 170; 329.6; 
567; 0; 2064.9154; 170; 329.8; 
567; 0; 2064.9152; 170; 330; 
567; 0; 2064.9149; 170; 330.2; 
567; 0; 2064.9147; 170; 330.4; 
567; 0; 2064.9144; 170; 330.6; 
567; 0; 2064.9142; 170; 330.8; 
567; 0; 2064.9141; 170; 331; 
567; 0; 2063.861; 170; 331.2; 
567; 0; 2063.8609; 170; 331.4; 
567; 0; 2063.8608; 170; 331.6; 
567; 0; 2063.8607; 170; 331.8; 
567; 0; 2063.8605; 170; 332; 
567; 0; 2063.8603; 170; 332.2; 
567; 0; 2063.8601; 170; 332.4; 
567; 0; 2063.8598; 170; 332.6; 
567; 0; 2063.8597; 170; 332.8; 
567; 0; 2063.8595; 170; 333; 
567; 0; 2063.8594; 170; 333.2; 
567; 0; 2063.8593; 170; 333.4; 
567; 0; 2064.9121; 170; 333.6; 
567; 0; 2064.9119; 170; 333.8; 
567; 0; 2064.9117; 170; 334; 
567; 0; 2064.9114; 170; 334.2; 
567; 0; 2064.9111; 170; 334.4; 
567; 0; 2064.9109; 170; 334.6; 
567; 0; 2064.9106; 170; 334.8; 
567; 0; 2064.9104; 170; 335; 
567; 0; 2064.9103; 170; 335.2; 
567; 0; 2064.9102; 170; 335.4; 
567; 0; 2064.9101; 170; 335.6; 
567; 0; 2064.9099; 170; 335.8; 
567; 0; 2064.9097; 170; 336; 
567; 0; 2064.9095; 170; 336.2; 
567; 0; 2064.9093; 170; 336.4; 
567; 0; 2064.9091; 170; 336.6; 
567; 0; 2064.9089; 170; 336.8; 
567; 0; 2064.9087; 170; 337; 
567; 0; 2064.9085; 170; 337.2; 
567; 0; 2064.9083; 170; 337.4; 
567; 0; 2064.9081; 170; 337.6; 
567; 0; 2064.9079; 170; 337.8; 
567; 0; 2064.9078; 170; 338; 
567; 0; 2064.9076; 170; 338.2; 
567; 0; 2064.9074; 170; 338.4; 
567; 0; 2064.9072; 170; 338.6; 
567; 0; 2065.96; 170; 338.8; 
567; 0; 2065.9599; 170; 339; 
567; 0; 2065.9598; 170; 339.2; 
567; 0; 2065.9597; 170; 339.4; 
567; 0; 2065.9595; 170; 339.6; 
567; 0; 2065.9594; 170; 339.8; 
567; 0; 2065.9592; 170; 340; 
567; 0; 2065.959; 170; 340.2; 
567; 0; 2065.9588; 170; 340.4; 
567; 0; 2065.9586; 170; 340.6; 
567; 0; 2065.9584; 170; 340.8; 
567; 0; 2065.9581; 170; 341; 
567; 0; 2065.9579; 170; 341.2; 
567; 0; 2065.9577; 170; 341.4; 
567; 0; 2065.9575; 170; 341.6; 
567; 0; 2065.9573; 170; 341.8; 
567; 0; 2065.9571; 170; 342; 
567; 0; 2065.9569; 170; 342.2; 
567; 0; 2067.0097; 170; 342.4; 
567; 0; 2067.0095; 170; 342.6; 
567; 0; 2067.0094; 170; 342.8; 
567; 0; 2067.0092; 170; 343; 
567; 0; 2067.009; 170; 343.2; 
567; 0; 2068.0618; 170; 343.4; 
567; 0; 2068.0616; 170; 343.6; 
567; 0; 2069.1141; 170; 343.8; 
567; 0; 2069.1132; 170; 344; 
567; 0; 2070.1642; 170; 344.2; 
567; 0; 2070.1608; 170; 344.4; 
567; 0; 2071.2082; 170; 344.6; 
567; 0; 2071.2001; 170; 344.8; 
567; 0; 2071.1887; 170; 345; 
567; 0; 2071.1745; 170; 345.2; 
567; 0; 2072.2114; 170; 345.4; 
567; 0; 2074.3009; 170; 345.6; 
567; 0; 2077.4449; 170; 345.8; 
567; 0; 2081.6449; 170; 346; 
567; 0; 2086.9021; 170; 346.2; 
567; 0; 2093.2173; 170; 346.4; 
567; 0; 2099.5379; 170; 346.6; 
567; 0; 2105.3737; 170; 346.8; 
567; 0; 2110.8376; 170; 347; 
567; 0; 2114.4846; 170; 347.2; 
567; 0; 2118.1321; 170; 347.4; 
567; 0; 2120.8698; 170; 347.6; 
567; 0; 2122.6967; 170; 347.8; 
567; 0; 2124.5214; 170; 348; 
567; 0; 2125.434; 170; 348.2; 
567; 0; 2125.4346; 170; 348.4; 
567; 0; 2126.3421; 170; 348.6; 
567; 0; 2126.3383; 170; 348.8; 
567; 0; 2126.3333; 170; 349; 
567; 0; 2127.237; 170; 349.2; 
567; 0; 2128.1408; 170; 349.4; 
567; 0; 2129.0454; 170; 349.6; 
567; 0; 2130.8605; 170; 349.8; 
567; 0; 2132.6769; 170; 350; 
567; 0; 2134.4948; 170; 350.2; 
567; 0; 2136.3141; 170; 350.4; 
567; 0; 2138.1345; 170; 350.6; 
567; 0; 2139.9558; 170; 350.8; 
567; 0; 2140.8682; 170; 351; 
567; 0; 2141.7806; 170; 351.2; 
567; 0; 2142.6927; 170; 351.4; 
567; 0; 2143.6044; 170; 351.6; 
567; 0; 2143.6065; 170; 351.8; 
567; 0; 2144.5181; 170; 352; 
567; 0; 2144.5205; 170; 352.2; 
567; 0; 2144.5232; 170; 352.4; 
567; 0; 2144.5263; 170; 352.6; 
567; 0; 2143.6202; 170; 352.8; 
567; 0; 2143.6234; 170; 353; 
567; 0; 2142.717; 170; 353.2; 
567; 0; 2140.9007; 170; 353.4; 
567; 0; 2139.9931; 170; 353.6; 
567; 0; 2138.1752; 170; 353.8; 
567; 0; 2136.3566; 170; 354; 
567; 0; 2134.5371; 170; 354.2; 
567; 0; 2131.8077; 170; 354.4; 
567; 0; 2129.9872; 170; 354.6; 
567; 0; 2128.1666; 170; 354.8; 
567; 0; 2126.3461; 170; 355; 
567; 0; 2124.5259; 170; 355.2; 
567; 0; 2123.6155; 170; 355.4; 
567; 0; 2121.7962; 170; 355.6; 
567; 0; 2119.9774; 170; 355.8; 
567; 0; 2119.0684; 170; 356; 
567; 0; 2117.2503; 170; 356.2; 
567; 0; 2116.3418; 170; 356.4; 
567; 0; 2114.5239; 170; 356.6; 
567; 0; 2112.7061; 170; 356.8; 
567; 0; 2111.7974; 170; 357; 
567; 0; 2109.9791; 170; 357.2; 
567; 0; 2108.1606; 170; 357.4; 
567; 0; 2107.2512; 170; 357.6; 
567; 0; 2105.4323; 170; 357.8; 
567; 0; 2104.5227; 170; 358; 
567; 0; 2102.7036; 170; 358.2; 
567; 0; 2101.7401; 170; 358.4; 
567; 0; 2099.6339; 170; 358.6; 
567; 0; 2098.5807; 170; 358.8; 
567; 0; 2097.5276; 170; 359; 
567; 0; 2096.4748; 170; 359.2; 
567; 0; 2094.3691; 170; 359.4; 
567; 0; 2093.3165; 170; 359.6; 
567; 0; 2092.2639; 170; 359.8; 
567; 0; 2091.2113; 170; 360; 
567; 0; 2090.1586; 170; 360.2; 
567; 0; 2089.106; 170; 360.4; 
567; 0; 2088.0532; 170; 360.6; 
567; 0; 2087.0004; 170; 360.8; 
567; 0; 2085.9475; 170; 361; 
567; 0; 2084.8946; 170; 361.2; 
567; 0; 2083.8416; 170; 361.4; 
567; 0; 2083.8415; 170; 361.6; 
567; 0; 2082.7885; 170; 361.8; 
567; 0; 2081.7355; 170; 362; 
567; 0; 2080.6826; 170; 362.2; 
567; 0; 2079.6296; 170; 362.4; 
567; 0; 2079.6295; 170; 362.6; 
567; 0; 2078.5765; 170; 362.8; 
567; 0; 2078.5765; 170; 363; 
567; 0; 2077.5236; 170; 363.2; 
567; 0; 2076.4707; 170; 363.4; 
567; 0; 2076.4708; 170; 363.6; 
567; 0; 2075.4179; 170; 363.8; 
567; 0; 2075.4179; 170; 364; 
567; 0; 2074.365; 170; 364.2; 
567; 0; 2074.3649; 170; 364.4; 
567; 0; 2073.3119; 170; 364.6; 
567; 0; 2073.3117; 170; 364.8; 
567; 0; 2072.2586; 170; 365; 
567; 0; 2072.2585; 170; 365.2; 
567; 0; 2072.2585; 170; 365.4; 
567; 0; 2071.2056; 170; 365.6; 
567; 0; 2071.2056; 170; 365.8; 
567; 0; 2071.2056; 170; 366; 
567; 0; 2070.1527; 170; 366.2; 
567; 0; 2070.1526; 170; 366.4; 
567; 0; 2070.1525; 170; 366.6; 
567; 0; 2069.0996; 170; 366.8; 
567; 0; 2069.0995; 170; 367; 
567; 0; 2069.0994; 170; 367.2; 
567; 0; 2069.0992; 170; 367.4; 
567; 0; 2068.0461; 170; 367.6; 
567; 0; 2068.0458; 170; 367.8; 
567; 0; 2068.0456; 170; 368; 
567; 0; 2068.0454; 170; 368.2; 
567; 0; 2066.9925; 170; 368.4; 
567; 0; 2066.9924; 170; 368.6; 
567; 0; 2066.9923; 170; 368.8; 
567; 0; 2066.9922; 170; 369; 
567; 0; 2066.992; 170; 369.2; 
567; 0; 2066.9919; 170; 369.4; 
567; 0; 2066.9918; 170; 369.6; 
567; 0; 2065.9388; 170; 369.8; 
567; 0; 2065.9388; 170; 370; 
567; 0; 2065.9386; 170; 370.2; 
567; 0; 2065.9384; 170; 370.4; 
567; 0; 2065.9382; 170; 370.6; 
567; 0; 2065.9381; 170; 370.8; 
567; 0; 2065.9379; 170; 371; 
567; 0; 2065.9378; 170; 371.2; 
567; 0; 2065.9377; 170; 371.4; 
567; 0; 2065.9375; 170; 371.6; 
567; 0; 2065.9374; 170; 371.8; 
567; 0; 2065.9373; 170; 372; 
567; 0; 2065.9372; 170; 372.2; 
567; 0; 2065.9371; 170; 372.4; 
567; 0; 2064.8841; 170; 372.6; 
567; 0; 2064.884; 170; 372.8; 
567; 0; 2064.8839; 170; 373; 
567; 0; 2064.8837; 170; 373.2; 
567; 0; 2064.8834; 170; 373.4; 
567; 0; 2064.8832; 170; 373.6; 
567; 0; 2064.8829; 170; 373.8; 
567; 0; 2064.8827; 170; 374; 
567; 0; 2064.8826; 170; 374.2; 
567; 0; 2064.8825; 170; 374.4; 
567; 0; 2064.8824; 170; 374.6; 
567; 0; 2064.8824; 170; 374.8; 
567; 0; 2064.8823; 170; 375; 
567; 0; 2064.8821; 170; 375.2; 
567; 0; 2064.8819; 170; 375.4; 
567; 0; 2064.8818; 170; 375.6; 
567; 0; 2064.8817; 170; 375.8; 
567; 0; 2064.8816; 170; 376; 
567; 0; 2064.8814; 170; 376.2; 
567; 0; 2064.8813; 170; 376.4; 
567; 0; 2064.8811; 170; 376.6; 
567; 0; 2064.8809; 170; 376.8; 
567; 0; 2064.8807; 170; 377; 
567; 0; 2065.9335; 170; 377.2; 
567; 0; 2065.9334; 170; 377.4; 
567; 0; 2065.9333; 170; 377.6; 
567; 0; 2065.9332; 170; 377.8; 
567; 0; 2065.933; 170; 378; 
567; 0; 2065.9328; 170; 378.2; 
567; 0; 2065.9326; 170; 378.4; 
567; 0; 2065.9324; 170; 378.6; 
567; 0; 2065.9323; 170; 378.8; 
567; 0; 2066.9851; 170; 379; 
567; 0; 2066.985; 170; 379.2; 
567; 0; 2066.985; 170; 379.4; 
567; 0; 2066.9849; 170; 379.6; 
567; 0; 2066.9847; 170; 379.8; 
567; 0; 2066.9846; 170; 380; 
567; 0; 2066.9843; 170; 380.2; 
567; 0; 2068.0369; 170; 380.4; 
567; 0; 2068.0366; 170; 380.6; 
567; 0; 2068.0363; 170; 380.8; 
567; 0; 2068.0362; 170; 381; 
567; 0; 2068.036; 170; 381.2; 
567; 0; 2068.0359; 170; 381.4; 
567; 0; 2068.0358; 170; 381.6; 
567; 0; 2069.0886; 170; 381.8; 
567; 0; 2069.0885; 170; 382; 
567; 0; 2069.0884; 170; 382.2; 
567; 0; 2069.0883; 170; 382.4; 
567; 0; 2069.0882; 170; 382.6; 
567; 0; 2069.088; 170; 382.8; 
567; 0; 2069.0879; 170; 383; 
567; 0; 2069.0878; 170; 383.2; 
567; 0; 2069.0876; 170; 383.4; 
567; 0; 2069.0875; 170; 383.6; 
567; 0; 2069.0873; 170; 383.8; 
567; 0; 2069.0873; 170; 384; 
567; 0; 2069.0871; 170; 384.2; 
567; 0; 2069.087; 170; 384.4; 
567; 0; 2069.0868; 170; 384.6; 
567; 0; 2069.0866; 170; 384.8; 
567; 0; 2069.0864; 170; 385; 
567; 0; 2069.0863; 170; 385.2; 
567; 0; 2069.0861; 170; 385.4; 
567; 0; 2070.1389; 170; 385.6; 
567; 0; 2070.1388; 170; 385.8; 
567; 0; 2070.1387; 170; 386; 
567; 0; 2070.1386; 170; 386.2; 
567; 0; 2070.1385; 170; 386.4; 
567; 0; 2070.1384; 170; 386.6; 
567; 0; 2070.1382; 170; 386.8; 
567; 0; 2070.138; 170; 387; 
567; 0; 2070.1379; 170; 387.2; 
567; 0; 2070.1377; 170; 387.4; 
567; 0; 2070.1376; 170; 387.6; 
567; 0; 2070.1376; 170; 387.8; 
567; 0; 2070.1375; 170; 388; 
567; 0; 2070.1373; 170; 388.2; 
567; 0; 2070.1372; 170; 388.4; 
567; 0; 2070.1371; 170; 388.6; 
567; 0; 2070.137; 170; 388.8; 
567; 0; 2070.1369; 170; 389; 
567; 0; 2070.1367; 170; 389.2; 
567; 0; 2070.1366; 170; 389.4; 
567; 0; 2070.1364; 170; 389.6; 
567; 0; 2070.1362; 170; 389.8; 
567; 0; 2069.0831; 170; 390; 
567; 0; 2069.0829; 170; 390.2; 
567; 0; 2069.0828; 170; 390.4; 
567; 0; 2069.0827; 170; 390.6; 
567; 0; 2069.0826; 170; 390.8; 
567; 0; 2069.0824; 170; 391; 
567; 0; 2069.0822; 170; 391.2; 
567; 0; 2069.0821; 170; 391.4; 
567; 0; 2069.0821; 170; 391.6; 
567; 0; 2069.082; 170; 391.8; 
567; 0; 2070.1348; 170; 392; 
567; 0; 2070.1348; 170; 392.2; 
567; 0; 2070.1347; 170; 392.4; 
567; 0; 2070.1346; 170; 392.6; 
567; 0; 2070.1344; 170; 392.8; 
567; 0; 2070.1343; 170; 393; 
567; 0; 2070.1341; 170; 393.2; 
567; 0; 2070.1341; 170; 393.4; 
567; 0; 2070.134; 170; 393.6; 
567; 0; 2070.1338; 170; 393.8; 
567; 0; 2070.1337; 170; 394; 
567; 0; 2070.1335; 170; 394.2; 
567; 0; 2070.1333; 170; 394.4; 
567; 0; 2070.1332; 170; 394.6; 
567; 0; 2069.0802; 170; 394.8; 
567; 0; 2069.0801; 170; 395; 
567; 0; 2069.08; 170; 395.2; 
567; 0; 2069.0799; 170; 395.4; 
567; 0; 2069.0799; 170; 395.6; 
567; 0; 2069.0798; 170; 395.8; 
567; 0; 2069.0796; 170; 396; 
567; 0; 2069.0795; 170; 396.2; 
567; 0; 2069.0793; 170; 396.4; 
567; 0; 2069.0791; 170; 396.6; 
567; 0; 2069.079; 170; 396.8; 
567; 0; 2069.0788; 170; 397; 
567; 0; 2069.0787; 170; 397.2; 
567; 0; 2069.0786; 170; 397.4; 
567; 0; 2069.0785; 170; 397.6; 
567; 0; 2069.0783; 170; 397.8; 
567; 0; 2070.131; 170; 398; 
567; 0; 2070.1309; 170; 398.2; 
567; 0; 2070.1308; 170; 398.4; 
567; 0; 2070.1307; 170; 398.6; 
567; 0; 2070.1306; 170; 398.8; 
567; 0; 2070.1304; 170; 399; 
567; 0; 2070.1304; 170; 399.2; 
567; 0; 2070.1304; 170; 399.4; 
567; 0; 2070.1304; 170; 399.6; 
567; 0; 2070.1304; 170; 399.8; 
567; 0; 2070.1303; 170; 400; 
567; 0; 2070.1301; 170; 400.2; 
567; 0; 2069.077; 170; 400.4; 
567; 0; 2069.0768; 170; 400.6; 
567; 0; 2069.0766; 170; 400.8; 
567; 0; 2069.0765; 170; 401; 
567; 0; 2069.0763; 170; 401.2; 
567; 0; 2069.0762; 170; 401.4; 
567; 0; 2069.076; 170; 401.6; 
567; 0; 2069.0758; 170; 401.8; 
567; 0; 2069.0756; 170; 402; 
567; 0; 2069.0755; 170; 402.2; 
567; 0; 2069.0754; 170; 402.4; 
567; 0; 2069.0753; 170; 402.6; 
567; 0; 2069.0752; 170; 402.8; 
567; 0; 2069.0752; 170; 403; 
567; 0; 2069.0751; 170; 403.2; 
567; 0; 2069.0751; 170; 403.4; 
567; 0; 2069.075; 170; 403.6; 
567; 0; 2069.075; 170; 403.8; 
567; 0; 2069.075; 170; 404; 
567; 0; 2069.0749; 170; 404.2; 
567; 0; 2069.0748; 170; 404.4; 
567; 0; 2069.0747; 170; 404.6; 
567; 0; 2069.0745; 170; 404.8; 
567; 0; 2069.0743; 170; 405; 
567; 0; 2069.0741; 170; 405.2; 
567; 0; 2069.0739; 170; 405.4; 
567; 0; 2069.0737; 170; 405.6; 
567; 0; 2069.0735; 170; 405.8; 
567; 0; 2069.0733; 170; 406; 
567; 0; 2070.126; 170; 406.2; 
567; 0; 2070.126; 170; 406.4; 
567; 0; 2070.126; 170; 406.6; 
567; 0; 2070.1259; 170; 406.8; 
567; 0; 2070.1259; 170; 407; 
567; 0; 2070.1258; 170; 407.2; 
567; 0; 2070.1257; 170; 407.4; 
567; 0; 2070.1255; 170; 407.6; 
567; 0; 2069.0725; 170; 407.8; 
567; 0; 2069.0724; 170; 408; 
567; 0; 2069.0722; 170; 408.2; 
567; 0; 2069.072; 170; 408.4; 
567; 0; 2069.0719; 170; 408.6; 
567; 0; 2069.0718; 170; 408.8; 
567; 0; 2069.0717; 170; 409; 
567; 0; 2069.0716; 170; 409.2; 
567; 0; 2069.0715; 170; 409.4; 
567; 0; 2069.0714; 170; 409.6; 
567; 0; 2069.0714; 170; 409.8; 
567; 0; 2069.0713; 170; 410; 
567; 0; 2069.0712; 170; 410.2; 
567; 0; 2069.0711; 170; 410.4; 
567; 0; 2069.071; 170; 410.6; 
567; 0; 2069.0709; 170; 410.8; 
567; 0; 2069.0708; 170; 411; 
567; 0; 2058.5425; 170; 411.2; 
567; 0; 1860.1339; 170; 411.4; 
567; 0; 1640.5407; 170; 411.6; 
567; 0; 1618.936; 170; 411.8; 
567; 0; 1618.936; 170; 412; 
567; 0; 1618.9359; 170; 412.2; 
567; 0; 1618.9358; 170; 412.4; 
567; 0; 1618.9357; 170; 412.6; 
567; 0; 1618.9356; 170; 412.8; 
567; 0; 1618.9355; 170; 413; 
567; 0; 1618.9353; 170; 413.2; 
567; 0; 1618.9351; 170; 413.4; 
567; 0; 1618.9349; 170; 413.6; 
567; 0; 1618.9347; 170; 413.8; 
567; 0; 1618.9344; 170; 414; 
567; 0; 1618.9341; 170; 414.2; 
567; 0; 1618.9338; 170; 414.4; 
567; 0; 1618.9335; 170; 414.6; 
567; 0; 1618.9332; 170; 414.8; 
567; 0; 1618.9329; 170; 415; 
567; 0; 1618.9325; 170; 415.2; 
567; 0; 1618.9321; 170; 415.4; 
567; 0; 1618.9317; 170; 415.6; 
567; 0; 1618.9312; 170; 415.8; 
567; 0; 1618.9308; 170; 416; 
567; 0; 1605.5605; 170; 416.2; 
567; 0; 1605.56; 170; 416.4; 
567; 0; 1605.5594; 170; 416.6; 
567; 0; 1605.5589; 170; 416.8; 
567; 0; 1605.5584; 170; 417; 
567; 0; 1605.5578; 170; 417.2; 
567; 0; 1605.5573; 170; 417.4; 
567; 0; 1605.5568; 170; 417.6; 
567; 0; 1605.5563; 170; 417.8; 
567; 0; 1605.5558; 170; 418; 
567; 0; 1605.5554; 170; 418.2; 
567; 0; 1605.5549; 170; 418.4; 
567; 0; 1605.5544; 170; 418.6; 
567; 0; 1605.5539; 170; 418.8; 
567; 0; 1605.5534; 170; 419; 
567; 0; 1605.5528; 170; 419.2; 
567; 0; 1605.5523; 170; 419.4; 
567; 0; 1605.5518; 170; 419.6; 
567; 0; 1605.5513; 170; 419.8; 
567; 0; 1605.5508; 170; 420; 
567; 0; 1605.5502; 170; 420.2; 
567; 0; 1592.1681; 170; 420.4; 
567; 0; 1592.1675; 170; 420.6; 
567; 0; 1592.167; 170; 420.8; 
567; 0; 1592.1665; 170; 421; 
567; 0; 1592.166; 170; 421.2; 
567; 0; 1592.1656; 170; 421.4; 
567; 0; 1592.1651; 170; 421.6; 
567; 0; 1592.1647; 170; 421.8; 
567; 0; 1592.1642; 170; 422; 
567; 0; 1592.1638; 170; 422.2; 
567; 0; 1592.1633; 170; 422.4; 
567; 0; 1592.1628; 170; 422.6; 
567; 0; 1592.1623; 170; 422.8; 
567; 0; 1592.1618; 170; 423; 
567; 0; 1592.1612; 170; 423.2; 
567; 0; 1592.1607; 170; 423.4; 
567; 0; 1592.1602; 170; 423.6; 
567; 0; 1592.1598; 170; 423.8; 
567; 0; 1592.1593; 170; 424; 
567; 0; 1592.1589; 170; 424.2; 
567; 0; 1592.1584; 170; 424.4; 
567; 0; 1592.1579; 170; 424.6; 
567; 0; 1592.1575; 170; 424.8; 
567; 0; 1578.7586; 170; 425; 
567; 0; 1578.7581; 170; 425.2; 
567; 0; 1578.7576; 170; 425.4; 
567; 0; 1578.7571; 170; 425.6; 
567; 0; 1578.7566; 170; 425.8; 
567; 0; 1578.7562; 170; 426; 
567; 0; 1578.7557; 170; 426.2; 
567; 0; 1578.7553; 170; 426.4; 
567; 0; 1578.7549; 170; 426.6; 
567; 0; 1578.7545; 170; 426.8; 
567; 0; 1578.7541; 170; 427; 
567; 0; 1578.7536; 170; 427.2; 
567; 0; 1578.7531; 170; 427.4; 
567; 0; 1578.7526; 170; 427.6; 
567; 0; 1578.7521; 170; 427.8; 
567; 0; 1578.7516; 170; 428; 
567; 0; 1578.7511; 170; 428.2; 
567; 0; 1578.7507; 170; 428.4; 
567; 0; 1578.7503; 170; 428.6; 
567; 0; 1578.7498; 170; 428.8; 
567; 0; 1578.7494; 170; 429; 
567; 0; 1578.749; 170; 429.2; 
567; 0; 1578.7485; 170; 429.4; 
567; 0; 1578.7481; 170; 429.6; 
567; 0; 1578.7477; 170; 429.8; 
567; 0; 1563.7096; 170; 430; 
567; 0; 1563.7091; 170; 430.2; 
567; 0; 1563.7087; 170; 430.4; 
567; 0; 1563.7083; 170; 430.6; 
567; 0; 1563.7079; 170; 430.8; 
567; 0; 1563.7074; 170; 431; 
567; 0; 1563.707; 170; 431.2; 
567; 0; 1563.7066; 170; 431.4; 
567; 0; 1563.7062; 170; 431.6; 
567; 0; 1563.7058; 170; 431.8; 
567; 0; 1563.7054; 170; 432; 
567; 0; 1563.705; 170; 432.2; 
567; 0; 1563.7045; 170; 432.4; 
567; 0; 1563.7041; 170; 432.6; 
567; 0; 1563.7037; 170; 432.8; 
567; 0; 1563.7033; 170; 433; 
567; 0; 1563.7029; 170; 433.2; 
567; 0; 1563.7024; 170; 433.4; 
567; 0; 1563.702; 170; 433.6; 
567; 0; 1563.7016; 170; 433.8; 
567; 0; 1563.7012; 170; 434; 
567; 0; 1563.7009; 170; 434.2; 
567; 0; 1563.7005; 170; 434.4; 
567; 0; 1563.7001; 170; 434.6; 
567; 0; 1563.6997; 170; 434.8; 
567; 0; 1563.6992; 170; 435; 
567; 0; 1563.6988; 170; 435.2; 
567; 0; 1563.6984; 170; 435.4; 
567; 0; 1548.6912; 170; 435.6; 
567; 0; 1548.6908; 170; 435.8; 
567; 0; 1548.6904; 170; 436; 
567; 0; 1548.69; 170; 436.2; 
567; 0; 1548.6896; 170; 436.4; 
567; 0; 1549.8262; 170; 436.6; 
567; 0; 1561.1949; 170; 436.8; 
567; 0; 1573.7006; 170; 437; 
567; 0; 1585.0693; 170; 437.2; 
567; 0; 1597.5748; 170; 437.4; 
567; 0; 1608.9433; 170; 437.6; 
567; 0; 1620.3119; 170; 437.8; 
567; 0; 1631.6804; 170; 438; 
567; 0; 1643.0489; 170; 438.2; 
567; 0; 1653.2806; 170; 438.4; 
567; 0; 1663.5122; 170; 438.6; 
567; 0; 1673.7438; 170; 438.8; 
567; 0; 1682.8385; 170; 439; 
567; 0; 1691.9332; 170; 439.2; 
567; 0; 1701.0278; 170; 439.4; 
567; 0; 1708.9855; 170; 439.6; 
567; 0; 1716.9432; 170; 439.8; 
567; 0; 1723.7641; 170; 440; 
567; 0; 1730.5849; 170; 440.2; 
567; 0; 1738.0275; 170; 440.4; 
567; 0; 1745.7474; 170; 440.6; 
567; 0; 1752.1803; 170; 440.8; 
567; 0; 1758.6126; 170; 441; 
567; 0; 1765.0439; 170; 441.2; 
567; 0; 1771.4733; 170; 441.4; 
567; 0; 1775.6949; 170; 441.6; 
567; 0; 1778.79; 170; 441.8; 
567; 0; 1782.9162; 170; 442; 
567; 0; 1786.006; 170; 442.2; 
567; 0; 1790.1272; 170; 442.4; 
567; 0; 1794.2473; 170; 442.6; 
567; 0; 1799.4014; 170; 442.8; 
567; 0; 1806.6243; 170; 443; 
567; 0; 1813.8503; 170; 443.2; 
567; 0; 1823.1473; 170; 443.4; 
567; 0; 1832.4491; 170; 443.6; 
567; 0; 1828.9121; 170; 443.8; 
567; 0; 1838.316; 170; 444; 
567; 0; 1846.6798; 170; 444.2; 
567; 0; 1854.0022; 170; 444.4; 
567; 0; 1859.2378; 170; 444.6; 
567; 0; 1864.4728; 170; 444.8; 
567; 0; 1867.6181; 170; 445; 
567; 0; 1869.7163; 170; 445.2; 
567; 0; 1871.8108; 170; 445.4; 
567; 0; 1872.8574; 170; 445.6; 
567; 0; 1872.8562; 170; 445.8; 
567; 0; 1873.8957; 170; 446; 
567; 0; 1873.8889; 170; 446.2; 
567; 0; 1874.9247; 170; 446.4; 
567; 0; 1875.96; 170; 446.6; 
567; 0; 1878.0399; 170; 446.8; 
567; 0; 1880.1209; 170; 447; 
567; 0; 1882.2038; 170; 447.2; 
567; 0; 1885.3327; 170; 447.4; 
567; 0; 1887.4198; 170; 447.6; 
567; 0; 1890.553; 170; 447.8; 
567; 0; 1892.6438; 170; 448; 
567; 0; 1894.7359; 170; 448.2; 
567; 0; 1896.8285; 170; 448.4; 
567; 0; 1897.8773; 170; 448.6; 
567; 0; 1898.9256; 170; 448.8; 
567; 0; 1899.9731; 170; 449; 
567; 0; 1899.9755; 170; 449.2; 
567; 0; 1901.0206; 170; 449.4; 
567; 0; 1901.0207; 170; 449.6; 
567; 0; 1901.0196; 170; 449.8; 
567; 0; 1901.0178; 170; 450; 
567; 0; 1901.0154; 170; 450.2; 
567; 0; 1901.0129; 170; 450.4; 
567; 0; 1901.0105; 170; 450.6; 
567; 0; 1902.0527; 170; 450.8; 
567; 0; 1902.0526; 170; 451; 
567; 0; 1903.0988; 170; 451.2; 
567; 0; 1904.148; 170; 451.4; 
567; 0; 1905.2003; 170; 451.6; 
567; 0; 1905.2111; 170; 451.8; 
567; 0; 1905.2236; 170; 452; 
567; 0; 1904.1922; 170; 452.2; 
567; 0; 1902.1141; 170; 452.4; 
567; 0; 1898.9895; 170; 452.6; 
567; 0; 1895.8623; 170; 452.8; 
567; 0; 1892.7321; 170; 453; 
567; 0; 1888.555; 170; 453.2; 
567; 0; 1884.3755; 170; 453.4; 
567; 0; 1880.1941; 170; 453.6; 
567; 0; 1877.0559; 170; 453.8; 
567; 0; 1873.9172; 170; 454; 
567; 0; 1870.7779; 170; 454.2; 
567; 0; 1868.6839; 170; 454.4; 
567; 0; 1866.5916; 170; 454.6; 
567; 0; 1864.5013; 170; 454.8; 
567; 0; 1863.4569; 170; 455; 
567; 0; 1861.3699; 170; 455.2; 
567; 0; 1860.328; 170; 455.4; 
567; 0; 1858.2426; 170; 455.6; 
567; 0; 1857.2014; 170; 455.8; 
567; 0; 1856.1599; 170; 456; 
567; 0; 1854.0739; 170; 456.2; 
567; 0; 1853.0313; 170; 456.4; 
567; 0; 1850.944; 170; 456.6; 
567; 0; 1849.9; 170; 456.8; 
567; 0; 1847.8115; 170; 457; 
567; 0; 1846.7665; 170; 457.2; 
567; 0; 1844.6774; 170; 457.4; 
567; 0; 1843.6322; 170; 457.6; 
567; 0; 1842.5871; 170; 457.8; 
567; 0; 1841.5422; 170; 458; 
567; 0; 1840.4976; 170; 458.2; 
567; 0; 1839.4534; 170; 458.4; 
567; 0; 1839.4534; 170; 458.6; 
567; 0; 1838.4096; 170; 458.8; 
567; 0; 1837.366; 170; 459; 
567; 0; 1837.3664; 170; 459.2; 
567; 0; 1836.3228; 170; 459.4; 
567; 0; 1836.3232; 170; 459.6; 
567; 0; 1835.2795; 170; 459.8; 
567; 0; 1835.2798; 170; 460; 
567; 0; 1834.236; 170; 460.2; 
567; 0; 1834.2361; 170; 460.4; 
567; 0; 1833.1921; 170; 460.6; 
567; 0; 1833.1921; 170; 460.8; 
567; 0; 1832.148; 170; 461; 
567; 0; 1832.148; 170; 461.2; 
567; 0; 1832.148; 170; 461.4; 
567; 0; 1831.1041; 170; 461.6; 
567; 0; 1831.1042; 170; 461.8; 
567; 0; 1831.1043; 170; 462; 
567; 0; 1830.0603; 170; 462.2; 
567; 0; 1830.0604; 170; 462.4; 
567; 0; 1830.0604; 170; 462.6; 
567; 0; 1830.0605; 170; 462.8; 
567; 0; 1829.0166; 170; 463; 
567; 0; 1829.0166; 170; 463.2; 
567; 0; 1829.0167; 170; 463.4; 
567; 0; 1829.0168; 170; 463.6; 
567; 0; 1827.9729; 170; 463.8; 
567; 0; 1827.9729; 170; 464; 
567; 0; 1827.9729; 170; 464.2; 
567; 0; 1827.973; 170; 464.4; 
567; 0; 1827.973; 170; 464.6; 
567; 0; 1827.9731; 170; 464.8; 
567; 0; 1827.9732; 170; 465; 
567; 0; 1826.9292; 170; 465.2; 
567; 0; 1826.9293; 170; 465.4; 
567; 0; 1826.9294; 170; 465.6; 
567; 0; 1826.9294; 170; 465.8; 
567; 0; 1826.9294; 170; 466; 
567; 0; 1826.9294; 170; 466.2; 
567; 0; 1826.9295; 170; 466.4; 
567; 0; 1826.9295; 170; 466.6; 
567; 0; 1826.9296; 170; 466.8; 
567; 0; 1825.8857; 170; 467; 
567; 0; 1825.8858; 170; 467.2; 
567; 0; 1825.8858; 170; 467.4; 
567; 0; 1825.8859; 170; 467.6; 
567; 0; 1825.886; 170; 467.8; 
567; 0; 1838.7576; 170; 468; 
567; 0; 1838.7577; 170; 468.2; 
567; 0; 1838.7578; 170; 468.4; 
567; 0; 1838.7578; 170; 468.6; 
567; 0; 1838.7578; 170; 468.8; 
567; 0; 1837.7241; 170; 469; 
567; 0; 1837.7242; 170; 469.2; 
567; 0; 1837.7242; 170; 469.4; 
567; 0; 1836.6905; 170; 469.6; 
567; 0; 1836.6905; 170; 469.8; 
567; 0; 1836.6905; 170; 470; 
567; 0; 1835.6568; 170; 470.2; 
567; 0; 1835.6568; 170; 470.4; 
567; 0; 1834.6231; 170; 470.6; 
567; 0; 1834.6232; 170; 470.8; 
567; 0; 1833.5896; 170; 471; 
567; 0; 1833.5897; 170; 471.2; 
567; 0; 1833.5898; 170; 471.4; 
567; 0; 1832.5562; 170; 471.6; 
567; 0; 1832.5563; 170; 471.8; 
567; 0; 1831.5227; 170; 472; 
567; 0; 1831.5228; 170; 472.2; 
567; 0; 1831.5228; 170; 472.4; 
567; 0; 1830.4892; 170; 472.6; 
567; 0; 1830.4891; 170; 472.8; 
567; 0; 1829.4554; 170; 473; 
567; 0; 1829.4553; 170; 473.2; 
567; 0; 1829.4554; 170; 473.4; 
567; 0; 1829.4554; 170; 473.6; 
567; 0; 1828.4218; 170; 473.8; 
567; 0; 1828.4219; 170; 474; 
567; 0; 1828.422; 170; 474.2; 
567; 0; 1828.4221; 170; 474.4; 
567; 0; 1828.4222; 170; 474.6; 
567; 0; 1827.3886; 170; 474.8; 
567; 0; 1827.3886; 170; 475; 
567; 0; 1827.3887; 170; 475.2; 
567; 0; 1827.3886; 170; 475.4; 
567; 0; 1827.388; 170; 475.6; 
567; 0; 1828.4202; 170; 475.8; 
567; 0; 1828.4172; 170; 476; 
567; 0; 1828.412; 170; 476.2; 
567; 0; 1827.3705; 170; 476.4; 
567; 0; 1827.3596; 170; 476.6; 
567; 0; 1827.3462; 170; 476.8; 
567; 0; 1828.3648; 170; 477; 
567; 0; 1830.4171; 170; 477.2; 
567; 0; 1834.5379; 170; 477.4; 
567; 0; 1826.831; 170; 477.6; 
567; 0; 1833.0874; 170; 477.8; 
567; 0; 1839.3486; 170; 478; 
567; 0; 1847.7026; 170; 478.2; 
567; 0; 1855.0176; 170; 478.4; 
567; 0; 1862.3367; 170; 478.6; 
567; 0; 1867.571; 170; 478.8; 
567; 0; 1872.8067; 170; 479; 
567; 0; 1876.9984; 170; 479.2; 
567; 0; 1879.1007; 170; 479.4; 
567; 0; 1881.2003; 170; 479.6; 
567; 0; 1882.2523; 170; 479.8; 
567; 0; 1882.2564; 170; 480; 
567; 0; 1882.2566; 170; 480.2; 
567; 0; 1882.2533; 170; 480.4; 
567; 0; 1882.2473; 170; 480.6; 
567; 0; 1882.2396; 170; 480.8; 
567; 0; 1882.2313; 170; 481; 
567; 0; 1883.2671; 170; 481.2; 
567; 0; 1884.3039; 170; 481.4; 
567; 0; 1886.3863; 170; 481.6; 
567; 0; 1888.4707; 170; 481.8; 
567; 0; 1890.5573; 170; 482; 
567; 0; 1893.6899; 170; 482.2; 
567; 0; 1895.7803; 170; 482.4; 
567; 0; 1896.8281; 170; 482.6; 
567; 0; 1898.9206; 170; 482.8; 
567; 0; 1899.9693; 170; 483; 
567; 0; 1901.0178; 170; 483.2; 
567; 0; 1901.0216; 170; 483.4; 
567; 0; 1901.0244; 170; 483.6; 
567; 0; 1901.026; 170; 483.8; 
567; 0; 1901.0263; 170; 484; 
567; 0; 1901.0255; 170; 484.2; 
567; 0; 1901.0238; 170; 484.4; 
567; 0; 1901.0215; 170; 484.6; 
567; 0; 1901.019; 170; 484.8; 
567; 0; 1901.0164; 170; 485; 
567; 0; 1901.0142; 170; 485.2; 
567; 0; 1901.0125; 170; 485.4; 
567; 0; 1902.0554; 170; 485.6; 
567; 0; 1902.055; 170; 485.8; 
567; 0; 1903.0992; 170; 486; 
567; 0; 1903.0999; 170; 486.2; 
567; 0; 1904.145; 170; 486.4; 
567; 0; 1904.1464; 170; 486.6; 
567; 0; 1904.1478; 170; 486.8; 
567; 0; 1904.1491; 170; 487; 
567; 0; 1905.1942; 170; 487.2; 
567; 0; 1905.195; 170; 487.4; 
567; 0; 1904.1515; 170; 487.6; 
567; 0; 1904.1517; 170; 487.8; 
567; 0; 1904.1516; 170; 488; 
567; 0; 1904.1512; 170; 488.2; 
567; 0; 1904.1506; 170; 488.4; 
567; 0; 1904.1499; 170; 488.6; 
567; 0; 1904.1493; 170; 488.8; 
567; 0; 1904.1487; 170; 489; 
567; 0; 1904.1483; 170; 489.2; 
567; 0; 1904.148; 170; 489.4; 
567; 0; 1904.1479; 170; 489.6; 
567; 0; 1904.148; 170; 489.8; 
567; 0; 1905.1922; 170; 490; 
567; 0; 1905.1925; 170; 490.2; 
567; 0; 1905.1929; 170; 490.4; 
567; 0; 1905.1934; 170; 490.6; 
567; 0; 1905.1938; 170; 490.8; 
567; 0; 1905.1941; 170; 491; 
567; 0; 1905.1943; 170; 491.2; 
567; 0; 1905.1944; 170; 491.4; 
567; 0; 1905.1944; 170; 491.6; 
567; 0; 1905.1944; 170; 491.8; 
567; 0; 1905.1943; 170; 492; 
567; 0; 1904.1503; 170; 492.2; 
567; 0; 1904.1503; 170; 492.4; 
567; 0; 1904.1503; 170; 492.6; 
567; 0; 1904.1502; 170; 492.8; 
567; 0; 1904.1502; 170; 493; 
567; 0; 1904.1502; 170; 493.2; 
567; 0; 1905.1944; 170; 493.4; 
567; 0; 1905.1954; 170; 493.6; 
567; 0; 1905.198; 170; 493.8; 
567; 0; 1906.247; 170; 494; 
567; 0; 1906.2549; 170; 494.2; 
567; 0; 1906.2652; 170; 494.4; 
567; 0; 1905.2334; 170; 494.6; 
567; 0; 1904.2008; 170; 494.8; 
567; 0; 1902.1225; 170; 495; 
567; 0; 1898.9983; 170; 495.2; 
567; 0; 1895.8715; 170; 495.4; 
567; 0; 1891.6977; 170; 495.6; 
567; 0; 1887.5211; 170; 495.8; 
567; 0; 1883.342; 170; 496; 
567; 0; 1879.1611; 170; 496.2; 
567; 0; 1876.0233; 170; 496.4; 
567; 0; 1871.8412; 170; 496.6; 
567; 0; 1868.7036; 170; 496.8; 
567; 0; 1865.5669; 170; 497; 
567; 0; 1863.475; 170; 497.2; 
567; 0; 1861.3845; 170; 497.4; 
567; 0; 1859.2954; 170; 497.6; 
567; 0; 1857.2076; 170; 497.8; 
567; 0; 1856.1646; 170; 498; 
567; 0; 1854.0782; 170; 498.2; 
567; 0; 1851.992; 170; 498.4; 
567; 0; 1850.9495; 170; 498.6; 
567; 0; 1848.8625; 170; 498.8; 
567; 0; 1846.7751; 170; 499; 
567; 0; 1845.7314; 170; 499.2; 
567; 0; 1843.6433; 170; 499.4; 
567; 0; 1842.5989; 170; 499.6; 
567; 0; 1841.5543; 170; 499.8; 
567; 0; 1839.4656; 170; 500; 
567; 0; 1838.4208; 170; 500.2; 
567; 0; 1837.3761; 170; 500.4; 
567; 0; 1836.3314; 170; 500.6; 
567; 0; 1835.287; 170; 500.8; 
567; 0; 1834.2427; 170; 501; 
567; 0; 1834.2427; 170; 501.2; 
567; 0; 1833.1988; 170; 501.4; 
567; 0; 1832.1551; 170; 501.6; 
567; 0; 1832.1553; 170; 501.8; 
567; 0; 1831.1115; 170; 502; 
567; 0; 1831.1117; 170; 502.2; 
567; 0; 1830.0679; 170; 502.4; 
567; 0; 1830.068; 170; 502.6; 
567; 0; 1829.024; 170; 502.8; 
567; 0; 1829.024; 170; 503; 
567; 0; 1827.9799; 170; 503.2; 
567; 0; 1827.9798; 170; 503.4; 
567; 0; 1827.9797; 170; 503.6; 
567; 0; 1826.9357; 170; 503.8; 
567; 0; 1826.9356; 170; 504; 
567; 0; 1826.9356; 170; 504.2; 
567; 0; 1826.9356; 170; 504.4; 
567; 0; 1825.8917; 170; 504.6; 
567; 0; 1825.8919; 170; 504.8; 
567; 0; 1838.7634; 170; 505; 
567; 0; 1838.7635; 170; 505.2; 
567; 0; 1838.7636; 170; 505.4; 
567; 0; 1837.73; 170; 505.6; 
567; 0; 1837.73; 170; 505.8; 
567; 0; 1837.73; 170; 506; 
567; 0; 1836.6963; 170; 506.2; 
567; 0; 1836.6964; 170; 506.4; 
567; 0; 1836.6964; 170; 506.6; 
567; 0; 1835.6627; 170; 506.8; 
567; 0; 1835.6626; 170; 507; 
567; 0; 1834.6288; 170; 507.2; 
567; 0; 1834.6288; 170; 507.4; 
567; 0; 1833.595; 170; 507.6; 
567; 0; 1833.5949; 170; 507.8; 
567; 0; 1832.5612; 170; 508; 
567; 0; 1832.5613; 170; 508.2; 
567; 0; 1831.5277; 170; 508.4; 
567; 0; 1831.5279; 170; 508.6; 
567; 0; 1831.5281; 170; 508.8; 
567; 0; 1830.4946; 170; 509; 
567; 0; 1830.4946; 170; 509.2; 
567; 0; 1829.4609; 170; 509.4; 
567; 0; 1829.4609; 170; 509.6; 
567; 0; 1829.4609; 170; 509.8; 
567; 0; 1828.4272; 170; 510; 
567; 0; 1828.4272; 170; 510.2; 
567; 0; 1828.4272; 170; 510.4; 
567; 0; 1827.3935; 170; 510.6; 
567; 0; 1827.3936; 170; 510.8; 
567; 0; 1827.3936; 170; 511; 
567; 0; 1827.3936; 170; 511.2; 
567; 0; 1826.3598; 170; 511.4; 
567; 0; 1826.3598; 170; 511.6; 
567; 0; 1826.3598; 170; 511.8; 
567; 0; 1826.3598; 170; 512; 
567; 0; 1826.3598; 170; 512.2; 
567; 0; 1826.3599; 170; 512.4; 
567; 0; 1825.3262; 170; 512.6; 
567; 0; 1825.3263; 170; 512.8; 
567; 0; 1825.3263; 170; 513; 
567; 0; 1825.3264; 170; 513.2; 
567; 0; 1825.3264; 170; 513.4; 
567; 0; 1825.3265; 170; 513.6; 
567; 0; 1825.3265; 170; 513.8; 
567; 0; 1825.3266; 170; 514; 
567; 0; 1825.3266; 170; 514.2; 
567; 0; 1824.2929; 170; 514.4; 
567; 0; 1824.2929; 170; 514.6; 
567; 0; 1824.2929; 170; 514.8; 
567; 0; 1824.2929; 170; 515; 
567; 0; 1824.2929; 170; 515.2; 
567; 0; 1824.2929; 170; 515.4; 
567; 0; 1824.2929; 170; 515.6; 
567; 0; 1824.2929; 170; 515.8; 
567; 0; 1824.2928; 170; 516; 
567; 0; 1824.2928; 170; 516.2; 
567; 0; 1824.2928; 170; 516.4; 
567; 0; 1824.2928; 170; 516.6; 
567; 0; 1824.2928; 170; 516.8; 
567; 0; 1824.2929; 170; 517; 
567; 0; 1824.2929; 170; 517.2; 
567; 0; 1824.293; 170; 517.4; 
567; 0; 1824.293; 170; 517.6; 
567; 0; 1824.2931; 170; 517.8; 
567; 0; 1824.2931; 170; 518; 
567; 0; 1823.2595; 170; 518.2; 
567; 0; 1823.2595; 170; 518.4; 
567; 0; 1823.2595; 170; 518.6; 
567; 0; 1823.2595; 170; 518.8; 
567; 0; 1823.2595; 170; 519; 
567; 0; 1823.2595; 170; 519.2; 
567; 0; 1823.2595; 170; 519.4; 
567; 0; 1823.2595; 170; 519.6; 
567; 0; 1823.2594; 170; 519.8; 
567; 0; 1823.2594; 170; 520; 
567; 0; 1823.2594; 170; 520.2; 
567; 0; 1823.2594; 170; 520.4; 
567; 0; 1823.2594; 170; 520.6; 
567; 0; 1823.2594; 170; 520.8; 
567; 0; 1823.2594; 170; 521; 
567; 0; 1823.2594; 170; 521.2; 
567; 0; 1823.2595; 170; 521.4; 
567; 0; 1823.2595; 170; 521.6; 
567; 0; 1823.2595; 170; 521.8; 
567; 0; 1823.2596; 170; 522; 
567; 0; 1823.2596; 170; 522.2; 
567; 0; 1823.2597; 170; 522.4; 
567; 0; 1823.2597; 170; 522.6; 
567; 0; 1823.2597; 170; 522.8; 
567; 0; 1823.2597; 170; 523; 
567; 0; 1823.2597; 170; 523.2; 
567; 0; 1823.2597; 170; 523.4; 
567; 0; 1823.2597; 170; 523.6; 
567; 0; 1823.2597; 170; 523.8; 
567; 0; 1823.2597; 170; 524; 
567; 0; 1823.2598; 170; 524.2; 
567; 0; 1823.2598; 170; 524.4; 
567; 0; 1823.2598; 170; 524.6; 
567; 0; 1823.2598; 170; 524.8; 
567; 0; 1823.2598; 170; 525; 
567; 0; 1823.2598; 170; 525.2; 
567; 0; 1823.2598; 170; 525.4; 
567; 0; 1823.2597; 170; 525.6; 
567; 0; 1823.2597; 170; 525.8; 
567; 0; 1823.2597; 170; 526; 
567; 0; 1823.2598; 170; 526.2; 
567; 0; 1823.2598; 170; 526.4; 
567; 0; 1823.2598; 170; 526.6; 
567; 0; 1823.2599; 170; 526.8; 
567; 0; 1823.2599; 170; 527; 
567; 0; 1823.2599; 170; 527.2; 
567; 0; 1823.2599; 170; 527.4; 
567; 0; 1823.2599; 170; 527.6; 
567; 0; 1823.26; 170; 527.8; 
567; 0; 1823.26; 170; 528; 
567; 0; 1823.26; 170; 528.2; 
567; 0; 1823.26; 170; 528.4; 
567; 0; 1823.26; 170; 528.6; 
567; 0; 1822.2262; 170; 528.8; 
567; 0; 1822.2262; 170; 529; 
567; 0; 1822.2263; 170; 529.2; 
567; 0; 1822.2263; 170; 529.4; 
567; 0; 1822.2263; 170; 529.6; 
567; 0; 1822.2263; 170; 529.8; 
567; 0; 1822.2263; 170; 530; 
567; 0; 1822.2263; 170; 530.2; 
567; 0; 1822.2263; 170; 530.4; 
567; 0; 1822.2263; 170; 530.6; 
567; 0; 1822.2263; 170; 530.8; 
567; 0; 1822.2263; 170; 531; 
567; 0; 1822.2264; 170; 531.2; 
567; 0; 1822.2264; 170; 531.4; 
567; 0; 1822.2264; 170; 531.6; 
567; 0; 1822.2265; 170; 531.8; 
567; 0; 1822.2264; 170; 532; 
567; 0; 1822.2264; 170; 532.2; 
567; 0; 1822.2264; 170; 532.4; 
567; 0; 1822.2264; 170; 532.6; 
567; 0; 1822.2264; 170; 532.8; 
567; 0; 1822.2264; 170; 533; 
567; 0; 1822.2264; 170; 533.2; 
567; 0; 1822.2265; 170; 533.4; 
567; 0; 1822.2265; 170; 533.6; 
567; 0; 1822.2265; 170; 533.8; 
567; 0; 1822.2265; 170; 534; 
567; 0; 1822.2265; 170; 534.2; 
567; 0; 1822.2265; 170; 534.4; 
567; 0; 1822.2265; 170; 534.6; 
567; 0; 1822.2266; 170; 534.8; 
567; 0; 1822.2266; 170; 535; 
567; 0; 1822.2266; 170; 535.2; 
567; 0; 1822.2266; 170; 535.4; 
567; 0; 1822.2266; 170; 535.6; 
567; 0; 1822.2266; 170; 535.8; 
567; 0; 1822.2266; 170; 536; 
567; 0; 1822.2266; 170; 536.2; 
567; 0; 1822.2266; 170; 536.4; 
567; 0; 1822.2266; 170; 536.6; 
567; 0; 1822.2266; 170; 536.8; 
567; 0; 1822.2266; 170; 537; 
567; 0; 1822.2266; 170; 537.2; 
567; 0; 1822.2266; 170; 537.4; 
567; 0; 1822.2267; 170; 537.6; 
567; 0; 1822.2267; 170; 537.8; 
567; 0; 1822.2267; 170; 538; 
567; 0; 1822.2267; 170; 538.2; 
567; 0; 1822.2267; 170; 538.4; 
567; 0; 1822.2267; 170; 538.6; 
567; 0; 1823.2604; 170; 538.8; 
567; 0; 1823.2603; 170; 539; 
567; 0; 1823.2601; 170; 539.2; 
567; 0; 1823.2594; 170; 539.4; 
567; 0; 1824.2915; 170; 539.6; 
567; 0; 1824.2881; 170; 539.8; 
567; 0; 1824.2827; 170; 540; 
567; 0; 1824.2751; 170; 540.2; 
567; 0; 1824.2652; 170; 540.4; 
567; 0; 1824.2536; 170; 540.6; 
567; 0; 1826.3082; 170; 540.8; 
567; 0; 1827.329; 170; 541; 
567; 0; 1830.4178; 170; 541.2; 
567; 0; 1834.5423; 170; 541.4; 
567; 0; 1827.8834; 170; 541.6; 
567; 0; 1834.1436; 170; 541.8; 
567; 0; 1840.4084; 170; 542; 
567; 0; 1847.7221; 170; 542.2; 
567; 0; 1855.0406; 170; 542.4; 
567; 0; 1861.3196; 170; 542.6; 
567; 0; 1866.5579; 170; 542.8; 
567; 0; 1869.7097; 170; 543; 
567; 0; 1872.8611; 170; 543.2; 
567; 0; 1873.9213; 170; 543.4; 
567; 0; 1873.9318; 170; 543.6; 
567; 0; 1872.894; 170; 543.8; 
567; 0; 1871.8516; 170; 544; 
567; 0; 1869.7607; 170; 544.2; 
567; 0; 1867.666; 170; 544.4; 
567; 0; 1865.5685; 170; 544.6; 
567; 0; 1864.5117; 170; 544.8; 
567; 0; 1863.4541; 170; 545; 
567; 0; 1863.4418; 170; 545.2; 
567; 0; 1864.4761; 170; 545.4; 
567; 0; 1866.558; 170; 545.6; 
567; 0; 1868.6442; 170; 545.8; 
567; 0; 1870.7346; 170; 546; 
567; 0; 1872.829; 170; 546.2; 
567; 0; 1874.9266; 170; 546.4; 
567; 0; 1875.982; 170; 546.6; 
567; 0; 1875.994; 170; 546.8; 
567; 0; 1876.0051; 170; 547; 
567; 0; 1874.9687; 170; 547.2; 
567; 0; 1872.8857; 170; 547.4; 
567; 0; 1870.8001; 170; 547.6; 
567; 0; 1868.7118; 170; 547.8; 
567; 0; 1866.6212; 170; 548; 
567; 0; 1864.5289; 170; 548.2; 
567; 0; 1862.4356; 170; 548.4; 
567; 0; 1860.3412; 170; 548.6; 
567; 0; 1859.2908; 170; 548.8; 
567; 0; 1858.2417; 170; 549; 
567; 0; 1857.1942; 170; 549.2; 
567; 0; 1857.1927; 170; 549.4; 
567; 0; 1857.1931; 170; 549.6; 
567; 0; 1857.1951; 170; 549.8; 
567; 0; 1856.1543; 170; 550; 
567; 0; 1856.1582; 170; 550.2; 
567; 0; 1855.1182; 170; 550.4; 
567; 0; 1855.122; 170; 550.6; 
567; 0; 1854.0811; 170; 550.8; 
567; 0; 1853.039; 170; 551; 
567; 0; 1851.9959; 170; 551.2; 
567; 0; 1849.9081; 170; 551.4; 
567; 0; 1848.8637; 170; 551.6; 
567; 0; 1847.8188; 170; 551.8; 
567; 0; 1846.7736; 170; 552; 
567; 0; 1845.728; 170; 552.2; 
567; 0; 1844.6826; 170; 552.4; 
567; 0; 1843.6374; 170; 552.6; 
567; 0; 1843.6367; 170; 552.8; 
567; 0; 1842.5924; 170; 553; 
567; 0; 1841.5486; 170; 553.2; 
567; 0; 1841.5491; 170; 553.4; 
567; 0; 1840.5059; 170; 553.6; 
567; 0; 1840.5068; 170; 553.8; 
567; 0; 1839.4637; 170; 554; 
567; 0; 1839.4644; 170; 554.2; 
567; 0; 1838.421; 170; 554.4; 
567; 0; 1837.3774; 170; 554.6; 
567; 0; 1837.3776; 170; 554.8; 
567; 0; 1836.3337; 170; 555; 
567; 0; 1836.3337; 170; 555.2; 
567; 0; 1835.2896; 170; 555.4; 
567; 0; 1835.2896; 170; 555.6; 
567; 0; 1834.2454; 170; 555.8; 
567; 0; 1834.2454; 170; 556; 
567; 0; 1833.2013; 170; 556.2; 
567; 0; 1833.2014; 170; 556.4; 
567; 0; 1832.1574; 170; 556.6; 
567; 0; 1832.1576; 170; 556.8; 
567; 0; 1832.1577; 170; 557; 
567; 0; 1831.1139; 170; 557.2; 
567; 0; 1831.1141; 170; 557.4; 
567; 0; 1831.1142; 170; 557.6; 
567; 0; 1830.0704; 170; 557.8; 
567; 0; 1830.0705; 170; 558; 
567; 0; 1830.0706; 170; 558.2; 
567; 0; 1829.0267; 170; 558.4; 
567; 0; 1829.0268; 170; 558.6; 
567; 0; 1829.0268; 170; 558.8; 
567; 0; 1827.9828; 170; 559; 
567; 0; 1827.9828; 170; 559.2; 
567; 0; 1827.9828; 170; 559.4; 
567; 0; 1827.9828; 170; 559.6; 
567; 0; 1826.9389; 170; 559.8; 
567; 0; 1826.9389; 170; 560; 
567; 0; 1826.939; 170; 560.2; 
567; 0; 1826.939; 170; 560.4; 
567; 0; 1826.9391; 170; 560.6; 
567; 0; 1825.8952; 170; 560.8; 
567; 0; 1825.8953; 170; 561; 
567; 0; 1838.7667; 170; 561.2; 
567; 0; 1838.7667; 170; 561.4; 
567; 0; 1838.7668; 170; 561.6; 
567; 0; 1837.7331; 170; 561.8; 
567; 0; 1837.7332; 170; 562; 
567; 0; 1837.7332; 170; 562.2; 
567; 0; 1836.6995; 170; 562.4; 
567; 0; 1836.6995; 170; 562.6; 
567; 0; 1835.6658; 170; 562.8; 
567; 0; 1835.6658; 170; 563; 
567; 0; 1834.6321; 170; 563.2; 
567; 0; 1834.6322; 170; 563.4; 
567; 0; 1833.5985; 170; 563.6; 
567; 0; 1833.5985; 170; 563.8; 
567; 0; 1832.5649; 170; 564; 
567; 0; 1832.565; 170; 564.2; 
567; 0; 1831.5313; 170; 564.4; 
567; 0; 1831.5314; 170; 564.6; 
567; 0; 1831.5314; 170; 564.8; 
567; 0; 1830.4977; 170; 565; 
567; 0; 1830.4977; 170; 565.2; 
567; 0; 1829.464; 170; 565.4; 
567; 0; 1829.464; 170; 565.6; 
567; 0; 1828.4302; 170; 565.8; 
567; 0; 1828.4302; 170; 566; 
567; 0; 1828.4303; 170; 566.2; 
567; 0; 1827.3966; 170; 566.4; 
567; 0; 1827.3967; 170; 566.6; 
567; 0; 1827.3968; 170; 566.8; 
567; 0; 1826.3631; 170; 567; 
567; 0; 1826.3632; 170; 567.2; 
567; 0; 1826.3633; 170; 567.4; 
567; 0; 1826.3633; 170; 567.6; 
567; 0; 1825.3296; 170; 567.8; 
567; 0; 1825.3296; 170; 568; 
567; 0; 1825.3296; 170; 568.2; 
567; 0; 1825.3296; 170; 568.4; 
567; 0; 1824.2959; 170; 568.6; 
567; 0; 1824.2959; 170; 568.8; 
567; 0; 1824.2959; 170; 569; 
567; 0; 1824.2959; 170; 569.2; 
567; 0; 1824.2959; 170; 569.4; 
567; 0; 1824.2959; 170; 569.6; 
567; 0; 1823.2622; 170; 569.8; 
567; 0; 1823.2622; 170; 570; 
567; 0; 1823.2623; 170; 570.2; 
567; 0; 1823.2623; 170; 570.4; 
567; 0; 1823.2624; 170; 570.6; 
567; 0; 1823.2624; 170; 570.8; 
567; 0; 1823.2624; 170; 571; 
567; 0; 1823.2624; 170; 571.2; 
567; 0; 1823.2624; 170; 571.4; 
567; 0; 1823.2624; 170; 571.6; 
567; 0; 1822.2287; 170; 571.8; 
567; 0; 1822.2286; 170; 572; 
567; 0; 1822.2286; 170; 572.2; 
567; 0; 1822.2286; 170; 572.4; 
567; 0; 1822.2286; 170; 572.6; 
567; 0; 1822.2286; 170; 572.8; 
567; 0; 1822.2286; 170; 573; 
567; 0; 1822.2287; 170; 573.2; 
567; 0; 1822.2287; 170; 573.4; 
567; 0; 1822.2288; 170; 573.6; 
567; 0; 1822.2289; 170; 573.8; 
567; 0; 1822.2289; 170; 574; 
567; 0; 1822.2289; 170; 574.2; 
567; 0; 1822.2289; 170; 574.4; 
567; 0; 1822.2289; 170; 574.6; 
567; 0; 1822.2288; 170; 574.8; 
567; 0; 1822.2288; 170; 575; 
567; 0; 1822.2288; 170; 575.2; 
567; 0; 1822.2288; 170; 575.4; 
567; 0; 1822.2288; 170; 575.6; 
567; 0; 1822.2289; 170; 575.8; 
567; 0; 1821.1952; 170; 576; 
567; 0; 1821.1952; 170; 576.2; 
567; 0; 1821.1953; 170; 576.4; 
567; 0; 1821.1953; 170; 576.6; 
567; 0; 1821.1954; 170; 576.8; 
567; 0; 1821.1954; 170; 577; 
567; 0; 1821.1954; 170; 577.2; 
567; 0; 1821.1953; 170; 577.4; 
567; 0; 1821.1953; 170; 577.6; 
567; 0; 1821.1952; 170; 577.8; 
567; 0; 1821.1952; 170; 578; 
567; 0; 1821.1952; 170; 578.2; 
567; 0; 1821.1952; 170; 578.4; 
567; 0; 1821.1952; 170; 578.6; 
567; 0; 1821.1952; 170; 578.8; 
567; 0; 1821.1952; 170; 579; 
567; 0; 1821.1952; 170; 579.2; 
567; 0; 1821.1952; 170; 579.4; 
567; 0; 1821.1953; 170; 579.6; 
567; 0; 1821.1953; 170; 579.8; 
567; 0; 1821.1953; 170; 580; 
567; 0; 1821.1953; 170; 580.2; 
567; 0; 1821.1954; 170; 580.4; 
567; 0; 1821.1955; 170; 580.6; 
567; 0; 1821.1955; 170; 580.8; 
567; 0; 1821.1955; 170; 581; 
567; 0; 1821.1954; 170; 581.2; 
567; 0; 1821.1954; 170; 581.4; 
567; 0; 1821.1954; 170; 581.6; 
567; 0; 1821.1953; 170; 581.8; 
567; 0; 1821.1953; 170; 582; 
567; 0; 1821.1953; 170; 582.2; 
567; 0; 1821.1953; 170; 582.4; 
567; 0; 1821.1953; 170; 582.6; 
567; 0; 1821.1953; 170; 582.8; 
567; 0; 1821.1954; 170; 583; 
567; 0; 1821.1954; 170; 583.2; 
567; 0; 1821.1954; 170; 583.4; 
567; 0; 1821.1954; 170; 583.6; 
567; 0; 1821.1954; 170; 583.8; 
567; 0; 1821.1954; 170; 584; 
567; 0; 1821.1954; 170; 584.2; 
567; 0; 1821.1954; 170; 584.4; 
567; 0; 1821.1954; 170; 584.6; 
567; 0; 1822.229; 170; 584.8; 
567; 0; 1822.2284; 170; 585; 
567; 0; 1822.2271; 170; 585.2; 
567; 0; 1822.2247; 170; 585.4; 
567; 0; 1823.2534; 170; 585.6; 
567; 0; 1823.246; 170; 585.8; 
567; 0; 1822.2019; 170; 586; 
567; 0; 1823.2225; 170; 586.2; 
567; 0; 1823.2078; 170; 586.4; 
567; 0; 1825.2602; 170; 586.6; 
567; 0; 1829.3809; 170; 586.8; 
567; 0; 1833.5044; 170; 587; 
567; 0; 1826.835; 170; 587.2; 
567; 0; 1834.1399; 170; 587.4; 
567; 0; 1841.45; 170; 587.6; 
567; 0; 1849.8088; 170; 587.8; 
567; 0; 1856.0841; 170; 588; 
567; 0; 1862.3624; 170; 588.2; 
567; 0; 1867.5983; 170; 588.4; 
567; 0; 1870.7461; 170; 588.6; 
567; 0; 1873.8923; 170; 588.8; 
567; 0; 1875.9917; 170; 589; 
567; 0; 1875.9995; 170; 589.2; 
567; 0; 1877.0472; 170; 589.4; 
567; 0; 1877.0471; 170; 589.6; 
567; 0; 1875.9997; 170; 589.8; 
567; 0; 1875.9942; 170; 590; 
567; 0; 1877.0319; 170; 590.2; 
567; 0; 1877.0262; 170; 590.4; 
567; 0; 1878.0663; 170; 590.6; 
567; 0; 1880.153; 170; 590.8; 
567; 0; 1881.1989; 170; 591; 
567; 0; 1882.2478; 170; 591.2; 
567; 0; 1883.2993; 170; 591.4; 
567; 0; 1883.3084; 170; 591.6; 
567; 0; 1883.3173; 170; 591.8; 
567; 0; 1882.2806; 170; 592; 
567; 0; 1880.1985; 170; 592.2; 
567; 0; 1878.1143; 170; 592.4; 
567; 0; 1876.0278; 170; 592.6; 
567; 0; 1872.8949; 170; 592.8; 
567; 0; 1869.7601; 170; 593; 
567; 0; 1867.6679; 170; 593.2; 
567; 0; 1864.5309; 170; 593.4; 
567; 0; 1862.4379; 170; 593.6; 
567; 0; 1860.3452; 170; 593.8; 
567; 0; 1859.2968; 170; 594; 
567; 0; 1857.2058; 170; 594.2; 
567; 0; 1856.1605; 170; 594.4; 
567; 0; 1856.1608; 170; 594.6; 
567; 0; 1855.1183; 170; 594.8; 
567; 0; 1854.0767; 170; 595; 
567; 0; 1853.0355; 170; 595.2; 
567; 0; 1851.9941; 170; 595.4; 
567; 0; 1850.9521; 170; 595.6; 
567; 0; 1849.9097; 170; 595.8; 
567; 0; 1847.8226; 170; 596; 
567; 0; 1846.779; 170; 596.2; 
567; 0; 1845.7349; 170; 596.4; 
567; 0; 1844.6904; 170; 596.6; 
567; 0; 1842.6016; 170; 596.8; 
567; 0; 1841.5567; 170; 597; 
567; 0; 1840.5118; 170; 597.2; 
567; 0; 1839.4671; 170; 597.4; 
567; 0; 1838.4225; 170; 597.6; 
567; 0; 1838.4222; 170; 597.8; 
567; 0; 1837.3782; 170; 598; 
567; 0; 1836.3343; 170; 598.2; 
567; 0; 1836.3347; 170; 598.4; 
567; 0; 1835.2912; 170; 598.6; 
567; 0; 1835.2916; 170; 598.8; 
567; 0; 1834.248; 170; 599; 
567; 0; 1833.2044; 170; 599.2; 
567; 0; 1833.2047; 170; 599.4; 
567; 0; 1832.1608; 170; 599.6; 
567; 0; 1832.1608; 170; 599.8; 
567; 0; 1831.1168; 170; 600; 
567; 0; 1831.1167; 170; 600.2; 
567; 0; 1830.0726; 170; 600.4; 
567; 0; 1830.0726; 170; 600.6; 
567; 0; 1829.0285; 170; 600.8; 
567; 0; 1829.0286; 170; 601; 
567; 0; 1829.0287; 170; 601.2; 
567; 0; 1827.9847; 170; 601.4; 
567; 0; 1827.9848; 170; 601.6; 
567; 0; 1827.9849; 170; 601.8; 
567; 0; 1826.941; 170; 602; 
567; 0; 1826.9411; 170; 602.2; 
567; 0; 1826.9412; 170; 602.4; 
567; 0; 1825.8972; 170; 602.6; 
567; 0; 1825.8973; 170; 602.8; 
567; 0; 1838.7686; 170; 603; 
567; 0; 1838.7687; 170; 603.2; 
567; 0; 1837.735; 170; 603.4; 
567; 0; 1837.735; 170; 603.6; 
567; 0; 1837.7349; 170; 603.8; 
567; 0; 1836.7012; 170; 604; 
567; 0; 1836.7012; 170; 604.2; 
567; 0; 1836.7012; 170; 604.4; 
567; 0; 1835.6675; 170; 604.6; 
567; 0; 1835.6676; 170; 604.8; 
567; 0; 1834.6339; 170; 605; 
567; 0; 1834.634; 170; 605.2; 
567; 0; 1833.6004; 170; 605.4; 
567; 0; 1832.5668; 170; 605.6; 
567; 0; 1832.5668; 170; 605.8; 
567; 0; 1831.5332; 170; 606; 
567; 0; 1831.5332; 170; 606.2; 
567; 0; 1830.4995; 170; 606.4; 
567; 0; 1830.4996; 170; 606.6; 
567; 0; 1829.4659; 170; 606.8; 
567; 0; 1829.466; 170; 607; 
567; 0; 1828.4323; 170; 607.2; 
567; 0; 1828.4324; 170; 607.4; 
567; 0; 1828.4324; 170; 607.6; 
567; 0; 1827.3986; 170; 607.8; 
567; 0; 1827.3986; 170; 608; 
567; 0; 1826.3648; 170; 608.2; 
567; 0; 1826.3647; 170; 608.4; 
567; 0; 1826.3647; 170; 608.6; 
567; 0; 1825.331; 170; 608.8; 
567; 0; 1825.3311; 170; 609; 
567; 0; 1825.3312; 170; 609.2; 
567; 0; 1825.3313; 170; 609.4; 
567; 0; 1824.2976; 170; 609.6; 
567; 0; 1824.2977; 170; 609.8; 
567; 0; 1824.2977; 170; 610; 
567; 0; 1824.2978; 170; 610.2; 
567; 0; 1823.264; 170; 610.4; 
567; 0; 1823.264; 170; 610.6; 
567; 0; 1823.2641; 170; 610.8; 
567; 0; 1823.2641; 170; 611; 
567; 0; 1823.2641; 170; 611.2; 
567; 0; 1823.2642; 170; 611.4; 
567; 0; 1823.2642; 170; 611.6; 
567; 0; 1822.2306; 170; 611.8; 
567; 0; 1822.2306; 170; 612; 
567; 0; 1822.2306; 170; 612.2; 
567; 0; 1822.2305; 170; 612.4; 
567; 0; 1822.2305; 170; 612.6; 
567; 0; 1822.2304; 170; 612.8; 
567; 0; 1822.2304; 170; 613; 
567; 0; 1822.2305; 170; 613.2; 
567; 0; 1822.2305; 170; 613.4; 
567; 0; 1822.2306; 170; 613.6; 
567; 0; 1821.1968; 170; 613.8; 
567; 0; 1821.1969; 170; 614; 
567; 0; 1821.1969; 170; 614.2; 
567; 0; 1821.1969; 170; 614.4; 
567; 0; 1821.1969; 170; 614.6; 
567; 0; 1821.1969; 170; 614.8; 
567; 0; 1821.1969; 170; 615; 
567; 0; 1821.1968; 170; 615.2; 
567; 0; 1821.1968; 170; 615.4; 
567; 0; 1821.1968; 170; 615.6; 
567; 0; 1821.1969; 170; 615.8; 
567; 0; 1821.1969; 170; 616; 
567; 0; 1821.197; 170; 616.2; 
567; 0; 1821.197; 170; 616.4; 
567; 0; 1821.1971; 170; 616.6; 
567; 0; 1821.1971; 170; 616.8; 
567; 0; 1821.1971; 170; 617; 
567; 0; 1821.1972; 170; 617.2; 
567; 0; 1821.1972; 170; 617.4; 
567; 0; 1820.1634; 170; 617.6; 
567; 0; 1820.1634; 170; 617.8; 
567; 0; 1820.1633; 170; 618; 
567; 0; 1820.1633; 170; 618.2; 
567; 0; 1820.1632; 170; 618.4; 
567; 0; 1820.1632; 170; 618.6; 
567; 0; 1820.1632; 170; 618.8; 
567; 0; 1820.1632; 170; 619; 
567; 0; 1820.1632; 170; 619.2; 
567; 0; 1820.1633; 170; 619.4; 
567; 0; 1820.1633; 170; 619.6; 
567; 0; 1820.1633; 170; 619.8; 
567; 0; 1820.1634; 170; 620; 
567; 0; 1820.1634; 170; 620.2; 
567; 0; 1820.1635; 170; 620.4; 
567; 0; 1820.1635; 170; 620.6; 
567; 0; 1820.1635; 170; 620.8; 
567; 0; 1820.1634; 170; 621; 
567; 0; 1820.1634; 170; 621.2; 
567; 0; 1820.1634; 170; 621.4; 
567; 0; 1820.1634; 170; 621.6; 
567; 0; 1820.1634; 170; 621.8; 
567; 0; 1820.1634; 170; 622; 
567; 0; 1820.1634; 170; 622.2; 
567; 0; 1820.1634; 170; 622.4; 
567; 0; 1820.1634; 170; 622.6; 
567; 0; 1820.1633; 170; 622.8; 
567; 0; 1820.1634; 170; 623; 
567; 0; 1820.1634; 170; 623.2; 
567; 0; 1820.1634; 170; 623.4; 
567; 0; 1820.1635; 170; 623.6; 
567; 0; 1820.1635; 170; 623.8; 
567; 0; 1820.1636; 170; 624; 
567; 0; 1820.1636; 170; 624.2; 
567; 0; 1820.1635; 170; 624.4; 
567; 0; 1820.1635; 170; 624.6; 
567; 0; 1820.1634; 170; 624.8; 
567; 0; 1820.1634; 170; 625; 
567; 0; 1820.1634; 170; 625.2; 
567; 0; 1820.1634; 170; 625.4; 
567; 0; 1820.1635; 170; 625.6; 
567; 0; 1820.1635; 170; 625.8; 
567; 0; 1820.1636; 170; 626; 
567; 0; 1820.1636; 170; 626.2; 
567; 0; 1820.1636; 170; 626.4; 
567; 0; 1820.1636; 170; 626.6; 
567; 0; 1820.1636; 170; 626.8; 
567; 0; 1820.1635; 170; 627; 
567; 0; 1820.1635; 170; 627.2; 
567; 0; 1820.1634; 170; 627.4; 
567; 0; 1820.1633; 170; 627.6; 
567; 0; 1820.1633; 170; 627.8; 
567; 0; 1820.1634; 170; 628; 
567; 0; 1820.1634; 170; 628.2; 
567; 0; 1820.1635; 170; 628.4; 
567; 0; 1820.1636; 170; 628.6; 
567; 0; 1820.1636; 170; 628.8; 
567; 0; 1820.1637; 170; 629; 
567; 0; 1820.1637; 170; 629.2; 
567; 0; 1820.1637; 170; 629.4; 
567; 0; 1819.1299; 170; 629.6; 
567; 0; 1819.1298; 170; 629.8; 
567; 0; 1819.1297; 0; 630; 
567; 0; 0; 0; 630.2; 
567; 0; 0; 0; 630.4; 
567; 0; 0; 0; 630.6; 
567; 0; 0; 0; 630.8; 
567; 0; 0; 0; 631; 
567; 0; 0; 0; 631.2; 
567; 0; 0; 0; 631.4; 
567; 0; 0; 0; 631.6; 
567; 0; 0; 0; 631.8; 
567; 0; 0; 0; 632; 
567; 0; 0; 0; 632.2; 
567; 0; 0; 0; 632.4; 
567; 0; 0; 0; 632.6; 
567; 0; 0; 0; 632.8; 
567; 0; 0; 0; 633; 
567; 0; 0; 0; 633.2; 
567; 0; 0; 0; 633.4; 
567; 0; 0; 0; 633.6; 
567; 0; 0; 0; 633.8; 
567; 0; 0; 0; 634; 
567; 0; 0; 0; 634.2; 
567; 0; 0; 0; 634.4; 
567; 0; 0; 0; 634.6; 
567; 0; 0; 0; 634.8; 
567; 0; 0; 0; 635; 
567; 0; 0; 0; 635.2; 
567; 0; 0; 0; 635.4; 
567; 0; 0; 0; 635.6; 
567; 0; 0; 0; 635.8; 
567; 0; 0; 0; 636; 
567; 0; 0; 0; 636.2; 
567; 0; 0; 0; 636.4; 
567; 0; 0; 0; 636.6; 
567; 0; 0; 0; 636.8; 
567; 0; 0; 0; 637; 
567; 0; 0; 0; 637.2; 
567; 0; 0; 0; 637.4; 
567; 0; 0; 0; 637.6; 
567; 0; 0; 0; 637.8; 
567; 0; 0; 0; 638; 
567; 0; 0; 0; 638.2; 
567; 0; 0; 0; 638.4; 
567; 0; 0; 0; 638.6; 
567; 0; 0; 0; 638.8; 
567; 0; 0; 0; 639; 
567; 0; 0; 0; 639.2; 
567; 0; 0; 0; 639.4; 
567; 0; 0; 0; 639.6; 
567; 0; 0; 0; 639.8; 
567; 0; 0; 0; 640; 
567; 0; 0; 0; 640.2; 
567; 0; 0; 0; 640.4; 
567; 0; 0; 0; 640.6; 
567; 0; 0; 0; 640.8; 
567; 0; 0; 0; 641; 
567; 0; 0; 0; 641.2; 
567; 0; 0; 0; 641.4; 
567; 0; 0; 0; 641.6; 
567; 0; 0; 0; 641.8; 
567; 0; 0; 0; 642; 
567; 0; 0; 0; 642.2; 
567; 0; 0; 0; 642.4; 
567; 0; 0; 0; 642.6; 
567; 0; 0; 0; 642.8; 
567; 0; 0; 0; 643; 
567; 0; 0; 0; 643.2; 
567; 0; 0; 0; 643.4; 
567; 0; 0; 0; 643.6; 
567; 0; 0; 0; 643.8; 
567; 0; 0; 0; 644; 
567; 0; 0; 0; 644.2; 
567; 0; 0; 0; 644.4; 
567; 0; 0; 0; 644.6; 
567; 0; 0; 0; 644.8; 
567; 0; 0; 0; 645; 
567; 0; 0; 0; 645.2; 
567; 0; 0; 0; 645.4; 
567; 0; 0; 0; 645.6; 
567; 0; 0; 0; 645.8; 
567; 0; 0; 0; 646; 
567; 0; 0; 0; 646.2; 
567; 0; 0; 0; 646.4; 
567; 0; 0; 0; 646.6; 
567; 0; 0; 0; 646.8; 
567; 0; 0; 0; 647; 
567; 0; 0; 0; 647.2; 
567; 0; 0; 0; 647.4; 
567; 0; 0; 0; 647.6; 
567; 0; 0; 0; 647.8; 
567; 0; 0; 0; 648; 
567; 0; 0; 0; 648.2; 
567; 0; 0; 0; 648.4; 
567; 0; 0; 0; 648.6; 
567; 0; 0; 0; 648.8; 
567; 0; 0; 0; 649; 
567; 0; 0; 0; 649.2; 
567; 0; 0; 0; 649.4; 
567; 0; 0; 0; 649.6; 
567; 0; 0; 0; 649.8; 
567; 0; 0; 0; 650; 
567; 0; 0; 0; 650.2; 
567; 0; 0; 0; 650.4; 
567; 0; 0; 0; 650.6; 
567; 0; 0; 0; 650.8; 
567; 0; 0; 0; 651; 
567; 0; 0; 0; 651.2; 
567; 0; 0; 0; 651.4; 
567; 0; 0; 0; 651.6; 
567; 0; 0; 0; 651.8; 
567; 0; 0; 0; 652; 
567; 0; 0; 0; 652.2; 
567; 0; 0; 0; 652.4; 
567; 0; 0; 0; 652.6; 
567; 0; 0; 0; 652.8; 
567; 0; 0; 0; 653; 
567; 0; 0; 0; 653.2; 
567; 0; 0; 0; 653.4; 
567; 0; 0; 0; 653.6; 
567; 0; 0; 0; 653.8; 
567; 0; 0; 0; 654; 
567; 0; 0; 0; 654.2; 
567; 0; 0; 0; 654.4; 
567; 0; 0; 0; 654.6; 
567; 0; 0; 0; 654.8; 
567; 0; 0; 0; 655; 
567; 0; 0; 0; 655.2; 
567; 0; 0; 0; 655.4; 
567; 0; 0; 0; 655.6; 
567; 0; 0; 0; 655.8; 
567; 0; 0; 0; 656; 
567; 0; 0; 0; 656.2; 
567; 0; 0; 0; 656.4; 
567; 0; 0; 0; 656.6; 
567; 0; 0; 0; 656.8; 
567; 0; 0; 0; 657; 
567; 0; 0; 0; 657.2; 
567; 0; 0; 0; 657.4; 
567; 0; 0; 0; 657.6; 
567; 0; 0; 0; 657.8; 
567; 0; 0; 0; 658; 
567; 0; 0; 0; 658.2; 
567; 0; 0; 0; 658.4; 
567; 0; 0; 0; 658.6; 
567; 0; 0; 0; 658.8; 
567; 0; 0; 0; 659; 
567; 0; 0; 0; 659.2; 
567; 0; 0; 0; 659.4; 
567; 0; 0; 0; 659.6; 
567; 0; 0; 0; 659.8; 
567; 0; 0; 0; 660; 
567; 0; 0; 0; 660.2; 
567; 0; 0; 0; 660.4; 
567; 0; 0; 0; 660.6; 
567; 0; 0; 0; 660.8; 
567; 0; 0; 0; 661; 
567; 0; 0; 0; 661.2; 
567; 0; 0; 0; 661.4; 
567; 0; 0; 0; 661.6; 
567; 0; 0; 0; 661.8; 
567; 0; 0; 0; 662; 
567; 0; 0; 0; 662.2; 
567; 0; 0; 0; 662.4; 
567; 0; 0; 0; 662.6; 
567; 0; 0; 0; 662.8; 
567; 0; 0; 0; 663; 
567; 0; 0; 0; 663.2; 
567; 0; 0; 0; 663.4; 
567; 0; 0; 0; 663.6; 
567; 0; 0; 0; 663.8; 
567; 0; 0; 0; 664; 
567; 0; 0; 0; 664.2; 
567; 0; 0; 0; 664.4; 
567; 0; 0; 0; 664.6; 
567; 0; 0; 0; 664.8; 
567; 0; 0; 0; 665; 
567; 0; 0; 0; 665.2; 
567; 0; 0; 0; 665.4; 
567; 0; 0; 0; 665.6; 
567; 0; 0; 0; 665.8; 
567; 0; 0; 0; 666; 
567; 0; 0; 0; 666.2; 
567; 0; 0; 0; 666.4; 
567; 0; 0; 0; 666.6; 
567; 0; 0; 0; 666.8; 
567; 0; 0; 0; 667; 
567; 0; 0; 0; 667.2; 
567; 0; 0; 0; 667.4; 
567; 0; 0; 0; 667.6; 
567; 0; 0; 0; 667.8; 
567; 0; 0; 0; 668; 
567; 0; 0; 0; 668.2; 
567; 0; 0; 0; 668.4; 
567; 0; 0; 0; 668.6; 
567; 0; 0; 0; 668.8; 
567; 0; 0; 0; 669; 
567; 0; 0; 0; 669.2; 
567; 0; 0; 0; 669.4; 
567; 0; 0; 0; 669.6; 
567; 0; 0; 0; 669.8; 
567; 0; 0; 0; 670; 
567; 0; 0; 0; 670.2; 
567; 0; 0; 0; 670.4; 
567; 0; 0; 0; 670.6; 
567; 0; 0; 0; 670.8; 
567; 0; 0; 0; 671; 
567; 0; 0; 0; 671.2; 
567; 0; 0; 0; 671.4; 
567; 0; 0; 0; 671.6; 
567; 0; 0; 0; 671.8; 
567; 0; 0; 0; 672; 
567; 0; 0; 0; 672.2; 
567; 0; 0; 0; 672.4; 
567; 0; 0; 0; 672.6; 
567; 0; 0; 0; 672.8; 
567; 0; 0; 0; 673; 
567; 0; 0; 0; 673.2; 
567; 0; 0; 0; 673.4; 
567; 0; 0; 0; 673.6; 
567; 0; 0; 0; 673.8; 
567; 0; 0; 0; 674; 
567; 0; 0; 0; 674.2; 
567; 0; 0; 0; 674.4; 
567; 0; 0; 0; 674.6; 
567; 0; 0; 0; 674.8; 
567; 0; 0; 0; 675; 
567; 0; 0; 0; 675.2; 
567; 0; 0; 0; 675.4; 
567; 0; 0; 0; 675.6; 
567; 0; 0; 0; 675.8; 
567; 0; 0; 0; 676; 
567; 0; 0; 0; 676.2; 
567; 0; 0; 0; 676.4; 
567; 0; 0; 0; 676.6; 
567; 0; 0; 0; 676.8; 
567; 0; 0; 0; 677; 
567; 0; 0; 0; 677.2; 
567; 0; 0; 0; 677.4; 
567; 0; 0; 0; 677.6; 
567; 0; 0; 0; 677.8; 
567; 0; 0; 0; 678; 
567; 0; 0; 0; 678.2; 
567; 0; 0; 0; 678.4; 
567; 0; 0; 0; 678.6; 
567; 0; 0; 0; 678.8; 
567; 0; 0; 0; 679; 
567; 0; 0; 0; 679.2; 
567; 0; 0; 0; 679.4; 
567; 0; 0; 0; 679.6; 
567; 0; 0; 0; 679.8; 
567; 0; 0; 0; 680; 
567; 0; 0; 0; 680.2; 
567; 0; 0; 0; 680.4; 
567; 0; 0; 0; 680.6; 
567; 0; 0; 0; 680.8; 
567; 0; 0; 0; 681; 
567; 0; 0; 0; 681.2; 
567; 0; 0; 0; 681.4; 
567; 0; 0; 0; 681.6; 
567; 0; 0; 0; 681.8; 
567; 0; 0; 0; 682; 
567; 0; 0; 0; 682.2; 
567; 0; 0; 0; 682.4; 
567; 0; 0; 0; 682.6; 
567; 0; 0; 0; 682.8; 
567; 0; 0; 0; 683; 
567; 0; 0; 0; 683.2; 
567; 0; 0; 0; 683.4; 
567; 0; 0; 0; 683.6; 
567; 0; 0; 0; 683.8; 
567; 0; 0; 0; 684; 
567; 0; 0; 0; 684.2; 
567; 0; 0; 0; 684.4; 
567; 0; 0; 0; 684.6; 
567; 0; 0; 0; 684.8; 
567; 0; 0; 0; 685; 
567; 0; 0; 0; 685.2; 
567; 0; 0; 0; 685.4; 
567; 0; 0; 0; 685.6; 
567; 0; 0; 0; 685.8; 
567; 0; 0; 0; 686; 
567; 0; 0; 0; 686.2; 
567; 0; 0; 0; 686.4; 
567; 0; 0; 0; 686.6; 
567; 0; 0; 0; 686.8; 
567; 0; 0; 0; 687; 
567; 0; 0; 0; 687.2; 
567; 0; 0; 0; 687.4; 
567; 0; 0; 0; 687.6; 
567; 0; 0; 0; 687.8; 
567; 0; 0; 0; 688; 
567; 0; 0; 0; 688.2; 
567; 0; 0; 0; 688.4; 
567; 0; 0; 0; 688.6; 
567; 0; 0; 0; 688.8; 
567; 0; 0; 0; 689; 
567; 0; 0; 0; 689.2; 
567; 0; 0; 0; 689.4; 
567; 0; 0; 0; 689.6; 
567; 0; 0; 0; 689.8; 
567; 0; 0; 0; 690; 
567; 0; 0; 0; 690.2; 
567; 0; 0; 0; 690.4; 
567; 0; 0; 0; 690.6; 
567; 0; 0; 0; 690.8; 
567; 0; 0; 0; 691; 
567; 0; 0; 0; 691.2; 
567; 0; 0; 0; 691.4; 
567; 0; 0; 0; 691.6; 
567; 0; 0; 0; 691.8; 
567; 0; 0; 0; 692; 
567; 0; 0; 0; 692.2; 
567; 0; 0; 0; 692.4; 
567; 0; 0; 0; 692.6; 
567; 0; 0; 0; 692.8; 
567; 0; 0; 0; 693; 
567; 0; 0; 0; 693.2; 
567; 0; 0; 0; 693.4; 
567; 0; 0; 0; 693.6; 
567; 0; 0; 0; 693.8; 
567; 0; 0; 0; 694; 
567; 0; 0; 0; 694.2; 
567; 0; 0; 0; 694.4; 
567; 0; 0; 0; 694.6; 
567; 0; 0; 0; 694.8; 
567; 0; 0; 0; 695; 
567; 0; 0; 0; 695.2; 
567; 0; 0; 0; 695.4; 
567; 0; 0; 0; 695.6; 
567; 0; 0; 0; 695.8; 
567; 0; 0; 0; 696; 
567; 0; 0; 0; 696.2; 
567; 0; 0; 0; 696.4; 
567; 0; 0; 0; 696.6; 
567; 0; 0; 0; 696.8; 
567; 0; 0; 0; 697; 
567; 0; 0; 0; 697.2; 
567; 0; 0; 0; 697.4; 
567; 0; 0; 0; 697.6; 
567; 0; 0; 0; 697.8; 
567; 0; 0; 0; 698; 
567; 0; 0; 0; 698.2; 
567; 0; 0; 0; 698.4; 
567; 0; 0; 0; 698.6; 
567; 0; 0; 0; 698.8; 
567; 0; 0; 0; 699; 
567; 0; 0; 0; 699.2; 
567; 0; 0; 0; 699.4; 
567; 0; 0; 0; 699.6; 
567; 0; 0; 0; 699.8; 
567; 0; 0; 0; 700; 
567; 0; 0; 0; 700.2; 
567; 0; 0; 0; 700.4; 
567; 0; 0; 0; 700.6; 
567; 0; 0; 0; 700.8; 
567; 0; 0; 0; 701; 
567; 0; 0; 0; 701.2; 
567; 0; 0; 0; 701.4; 
567; 0; 0; 0; 701.6; 
567; 0; 0; 0; 701.8; 
567; 0; 0; 0; 702; 
567; 0; 0; 0; 702.2; 
567; 0; 0; 0; 702.4; 
567; 0; 0; 0; 702.6; 
567; 0; 0; 0; 702.8; 
567; 0; 0; 0; 703; 
567; 0; 0; 0; 703.2; 
567; 0; 0; 0; 703.4; 
567; 0; 0; 0; 703.6; 
567; 0; 0; 0; 703.8; 
567; 0; 0; 0; 704; 
567; 0; 0; 0; 704.2; 
567; 0; 0; 0; 704.4; 
567; 0; 0; 0; 704.6; 
567; 0; 0; 0; 704.8; 
567; 0; 0; 0; 705; 
567; 0; 0; 0; 705.2; 
567; 0; 0; 0; 705.4; 
567; 0; 0; 0; 705.6; 
567; 0; 0; 0; 705.8; 
567; 0; 0; 0; 706; 
567; 0; 0; 0; 706.2; 
567; 0; 0; 0; 706.4; 
567; 0; 0; 0; 706.6; 
567; 0; 0; 0; 706.8; 
567; 0; 0; 0; 707; 
567; 0; 0; 0; 707.2; 
567; 0; 0; 0; 707.4; 
567; 0; 0; 0; 707.6; 
567; 0; 0; 0; 707.8; 
567; 0; 0; 0; 708; 
567; 0; 0; 0; 708.2; 
567; 0; 0; 0; 708.4; 
567; 0; 0; 0; 708.6; 
567; 0; 0; 0; 708.8; 
567; 0; 0; 0; 709; 
567; 0; 0; 0; 709.2; 
567; 0; 0; 0; 709.4; 
567; 0; 0; 0; 709.6; 
567; 0; 0; 0; 709.8; 
567; 0; 0; 0; 710; 
567; 0; 0; 0; 710.2; 
567; 0; 0; 0; 710.4; 
567; 0; 0; 0; 710.6; 
567; 0; 0; 0; 710.8; 
567; 0; 0; 0; 711; 
567; 0; 0; 0; 711.2; 
567; 0; 0; 0; 711.4; 
567; 0; 0; 0; 711.6; 
567; 0; 0; 0; 711.8; 
567; 0; 0; 0; 712; 
567; 0; 0; 0; 712.2; 
567; 0; 0; 0; 712.4; 
567; 0; 0; 0; 712.6; 
567; 0; 0; 0; 712.8; 
567; 0; 0; 0; 713; 
567; 0; 0; 0; 713.2; 
567; 0; 0; 0; 713.4; 
567; 0; 0; 0; 713.6; 
567; 0; 0; 0; 713.8; 
567; 0; 0; 0; 714; 
567; 0; 0; 0; 714.2; 
567; 0; 0; 0; 714.4; 
567; 0; 0; 0; 714.6; 
567; 0; 0; 0; 714.8; 
567; 0; 0; 0; 715; 
567; 0; 0; 0; 715.2; 
567; 0; 0; 0; 715.4; 
567; 0; 0; 0; 715.6; 
567; 0; 0; 0; 715.8; 
567; 0; 0; 0; 716; 
567; 0; 0; 0; 716.2; 
567; 0; 0; 0; 716.4; 
567; 0; 0; 0; 716.6; 
567; 0; 0; 0; 716.8; 
567; 0; 0; 0; 717; 
567; 0; 0; 0; 717.2; 
567; 0; 0; 0; 717.4; 
567; 0; 0; 0; 717.6; 
567; 0; 0; 0; 717.8; 
567; 0; 0; 0; 718; 
567; 0; 0; 0; 718.2; 
567; 0; 0; 0; 718.4; 
567; 0; 0; 0; 718.6; 
567; 0; 0; 0; 718.8; 
567; 0; 0; 0; 719; 
567; 0; 0; 0; 719.2; 
567; 0; 0; 0; 719.4; 
567; 0; 0; 0; 719.6; 
567; 0; 0; 0; 719.8; 
567; 0; 0; 0; 720; 
567; 0; 0; 0; 720.2; 
567; 0; 0; 0; 720.4; 
567; 0; 0; 0; 720.6; 
567; 0; 0; 0; 720.8; 
567; 0; 0; 0; 721; 
567; 0; 0; 0; 721.2; 
567; 0; 0; 0; 721.4; 
567; 0; 0; 0; 721.6; 
567; 0; 0; 0; 721.8; 
567; 0; 0; 0; 722; 
567; 0; 0; 0; 722.2; 
567; 0; 0; 0; 722.4; 
567; 0; 0; 0; 722.6; 
567; 0; 0; 0; 722.8; 
567; 0; 0; 0; 723; 
567; 0; 0; 0; 723.2; 
567; 0; 0; 0; 723.4; 
567; 0; 0; 0; 723.6; 
567; 0; 0; 0; 723.8; 
567; 0; 0; 0; 724; 
567; 0; 0; 0; 724.2; 
567; 0; 0; 0; 724.4; 
567; 0; 0; 0; 724.6; 
567; 0; 0; 0; 724.8; 
567; 0; 0; 0; 725; 
567; 0; 0; 0; 725.2; 
567; 0; 0; 0; 725.4; 
567; 0; 0; 0; 725.6; 
567; 0; 0; 0; 725.8; 
567; 0; 0; 0; 726; 
567; 0; 0; 0; 726.2; 
567; 0; 0; 0; 726.4; 
567; 0; 0; 0; 726.6; 
567; 0; 0; 0; 726.8; 
567; 0; 0; 0; 727; 
567; 0; 0; 0; 727.2; 
567; 0; 0; 0; 727.4; 
567; 0; 0; 0; 727.6; 
567; 0; 0; 0; 727.8; 
567; 0; 0; 0; 728; 
567; 0; 0; 0; 728.2; 
567; 0; 0; 0; 728.4; 
567; 0; 0; 0; 728.6; 
567; 0; 0; 0; 728.8; 
567; 0; 0; 0; 729; 
567; 0; 0; 0; 729.2; 
567; 0; 0; 0; 729.4; 
567; 0; 0; 0; 729.6; 
567; 0; 0; 0; 729.8; 
567; 0; 0; 0; 730; 
567; 0; 0; 0; 730.2; 
567; 0; 0; 0; 730.4; 
567; 0; 0; 0; 730.6; 
567; 0; 0; 0; 730.8; 
567; 0; 0; 0; 731; 
567; 0; 0; 0; 731.2; 
567; 0; 0; 0; 731.4; 
567; 0; 0; 0; 731.6; 
567; 0; 0; 0; 731.8; 
567; 0; 0; 0; 732; 
567; 0; 0; 0; 732.2; 
567; 0; 0; 0; 732.4; 
567; 0; 0; 0; 732.6; 
567; 0; 0; 0; 732.8; 
567; 0; 0; 0; 733; 
567; 0; 0; 0; 733.2; 
567; 0; 0; 0; 733.4; 
567; 0; 0; 0; 733.6; 
567; 0; 0; 0; 733.8; 
567; 0; 0; 0; 734; 
567; 0; 0; 0; 734.2; 
567; 0; 0; 0; 734.4; 
567; 0; 0; 0; 734.6; 
567; 0; 0; 0; 734.8; 
567; 0; 0; 0; 735; 
567; 0; 0; 0; 735.2; 
567; 0; 0; 0; 735.4; 
567; 0; 0; 0; 735.6; 
567; 0; 0; 0; 735.8; 
567; 0; 0; 0; 736; 
567; 0; 0; 0; 736.2; 
567; 0; 0; 0; 736.4; 
567; 0; 0; 0; 736.6; 
567; 0; 0; 0; 736.8; 
567; 0; 0; 0; 737; 
567; 0; 0; 0; 737.2; 
567; 0; 0; 0; 737.4; 
567; 0; 0; 0; 737.6; 
567; 0; 0; 0; 737.8; 
567; 0; 0; 0; 738; 
567; 0; 0; 0; 738.2; 
567; 0; 0; 0; 738.4; 
567; 0; 0; 0; 738.6; 
567; 0; 0; 0; 738.8; 
567; 0; 0; 0; 739; 
567; 0; 0; 0; 739.2; 
567; 0; 0; 0; 739.4; 
567; 0; 0; 0; 739.6; 
567; 0; 0; 0; 739.8; 
567; 0; 0; 0; 740; 
567; 0; 0; 0; 740.2; 
567; 0; 0; 0; 740.4; 
567; 0; 0; 0; 740.6; 
567; 0; 0; 0; 740.8; 
567; 0; 0; 0; 741; 
567; 0; 0; 0; 741.2; 
567; 0; 0; 0; 741.4; 
567; 0; 0; 0; 741.6; 
567; 0; 0; 0; 741.8; 
567; 0; 0; 0; 742; 
567; 0; 0; 0; 742.2; 
567; 0; 0; 0; 742.4; 
567; 0; 0; 0; 742.6; 
567; 0; 0; 0; 742.8; 
567; 0; 0; 0; 743; 
567; 0; 0; 0; 743.2; 
567; 0; 0; 0; 743.4; 
567; 0; 0; 0; 743.6; 
567; 0; 0; 0; 743.8; 
567; 0; 0; 0; 744; 
567; 0; 0; 0; 744.2; 
567; 0; 0; 0; 744.4; 
567; 0; 0; 0; 744.6; 
567; 0; 0; 0; 744.8; 
567; 0; 0; 0; 745; 
567; 0; 0; 0; 745.2; 
567; 0; 0; 0; 745.4; 
567; 0; 0; 0; 745.6; 
567; 0; 0; 0; 745.8; 
567; 0; 0; 0; 746; 
567; 0; 0; 0; 746.2; 
567; 0; 0; 0; 746.4; 
567; 0; 0; 0; 746.6; 
567; 0; 0; 0; 746.8; 
567; 0; 0; 0; 747; 
567; 0; 0; 0; 747.2; 
567; 0; 0; 0; 747.4; 
567; 0; 0; 0; 747.6; 
567; 0; 0; 0; 747.8; 
567; 0; 0; 0; 748; 
567; 0; 0; 0; 748.2; 
567; 0; 0; 0; 748.4; 
567; 0; 0; 0; 748.6; 
567; 0; 0; 0; 748.8; 
567; 0; 0; 0; 749; 
567; 0; 0; 0; 749.2; 
567; 0; 0; 0; 749.4; 
567; 0; 0; 0; 749.6; 
567; 0; 0; 0; 749.8; 
567; 0; 0; 0; 750; 
567; 0; 0; 0; 750.2; 
567; 0; 0; 0; 750.4; 
567; 0; 0; 0; 750.6; 
567; 0; 0; 0; 750.8; 
567; 0; 0; 0; 751; 
567; 0; 0; 0; 751.2; 
567; 0; 0; 0; 751.4; 
567; 0; 0; 0; 751.6; 
567; 0; 0; 0; 751.8; 
567; 0; 0; 0; 752; 
567; 0; 0; 0; 752.2; 
567; 0; 0; 0; 752.4; 
567; 0; 0; 0; 752.6; 
567; 0; 0; 0; 752.8; 
567; 0; 0; 0; 753; 
567; 0; 0; 0; 753.2; 
567; 0; 0; 0; 753.4; 
567; 0; 0; 0; 753.6; 
567; 0; 0; 0; 753.8; 
567; 0; 0; 0; 754; 
567; 0; 0; 0; 754.2; 
567; 0; 0; 0; 754.4; 
567; 0; 0; 0; 754.6; 
567; 0; 0; 0; 754.8; 
567; 0; 0; 0; 755; 
567; 0; 0; 0; 755.2; 
567; 0; 0; 0; 755.4; 
567; 0; 0; 0; 755.6; 
567; 0; 0; 0; 755.8; 
567; 0; 0; 0; 756; 
567; 0; 0; 0; 756.2; 
567; 0; 0; 0; 756.4; 
567; 0; 0; 0; 756.6; 
567; 0; 0; 0; 756.8; 
567; 0; 0; 0; 757; 
567; 0; 0; 0; 757.2; 
567; 0; 0; 0; 757.4; 
567; 0; 0; 0; 757.6; 
567; 0; 0; 0; 757.8; 
567; 0; 0; 0; 758; 
567; 0; 0; 0; 758.2; 
567; 0; 0; 0; 758.4; 
567; 0; 0; 0; 758.6; 
567; 0; 0; 0; 758.8; 
567; 0; 0; 0; 759; 
567; 0; 0; 0; 759.2; 
567; 0; 0; 0; 759.4; 
567; 0; 0; 0; 759.6; 
567; 0; 0; 0; 759.8; 
567; 0; 0; 0; 760; 
567; 0; 0; 0; 760.2; 
567; 0; 0; 0; 760.4; 
567; 0; 0; 0; 760.6; 
567; 0; 0; 0; 760.8; 
567; 0; 0; 0; 761; 
567; 0; 0; 0; 761.2; 
567; 0; 0; 0; 761.4; 
567; 0; 0; 0; 761.6; 
567; 0; 0; 0; 761.8; 
567; 0; 0; 0; 762; 
567; 0; 0; 0; 762.2; 
567; 0; 0; 0; 762.4; 
567; 0; 0; 0; 762.6; 
567; 0; 0; 0; 762.8; 
567; 0; 0; 0; 763; 
567; 0; 0; 0; 763.2; 
567; 0; 0; 0; 763.4; 
567; 0; 0; 0; 763.6; 
567; 0; 0; 0; 763.8; 
567; 0; 0; 0; 764; 
567; 0; 0; 0; 764.2; 
567; 0; 0; 0; 764.4; 
567; 0; 0; 0; 764.6; 
567; 0; 0; 0; 764.8; 
567; 0; 0; 0; 765; 
567; 0; 0; 0; 765.2; 
567; 0; 0; 0; 765.4; 
567; 0; 0; 0; 765.6; 
567; 0; 0; 0; 765.8; 
567; 0; 0; 0; 766; 
567; 0; 0; 0; 766.2; 
567; 0; 0; 0; 766.4; 
567; 0; 0; 0; 766.6; 
567; 0; 0; 0; 766.8; 
567; 0; 0; 0; 767; 
567; 0; 0; 0; 767.2; 
567; 0; 0; 0; 767.4; 
567; 0; 0; 0; 767.6; 
567; 0; 0; 0; 767.8; 
567; 0; 0; 0; 768; 
567; 0; 0; 0; 768.2; 
567; 0; 0; 0; 768.4; 
567; 0; 0; 0; 768.6; 
567; 0; 0; 0; 768.8; 
567; 0; 0; 0; 769; 
567; 0; 0; 0; 769.2; 
567; 0; 0; 0; 769.4; 
567; 0; 0; 0; 769.6; 
567; 0; 0; 0; 769.8; 
567; 0; 0; 0; 770; 
567; 0; 0; 0; 770.2; 
567; 0; 0; 0; 770.4; 
567; 0; 0; 0; 770.6; 
567; 0; 0; 0; 770.8; 
567; 0; 0; 0; 771; 
567; 0; 0; 0; 771.2; 
567; 0; 0; 0; 771.4; 
567; 0; 0; 0; 771.6; 
567; 0; 0; 0; 771.8; 
567; 0; 0; 0; 772; 
567; 0; 0; 0; 772.2; 
567; 0; 0; 0; 772.4; 
567; 0; 0; 0; 772.6; 
567; 0; 0; 0; 772.8; 
567; 0; 0; 0; 773; 
567; 0; 0; 0; 773.2; 
567; 0; 0; 0; 773.4; 
567; 0; 0; 0; 773.6; 
567; 0; 0; 0; 773.8; 
567; 0; 0; 0; 774; 
567; 0; 0; 0; 774.2; 
567; 0; 0; 0; 774.4; 
567; 0; 0; 0; 774.6; 
567; 0; 0; 0; 774.8; 
567; 0; 0; 0; 775; 
567; 0; 0; 0; 775.2; 
567; 0; 0; 0; 775.4; 
567; 0; 0; 0; 775.6; 
567; 0; 0; 0; 775.8; 
567; 0; 0; 0; 776; 
567; 0; 0; 0; 776.2; 
567; 0; 0; 0; 776.4; 
567; 0; 0; 0; 776.6; 
567; 0; 0; 0; 776.8; 
567; 0; 0; 0; 777; 
567; 0; 0; 0; 777.2; 
567; 0; 0; 0; 777.4; 
567; 0; 0; 0; 777.6; 
567; 0; 0; 0; 777.8; 
567; 0; 0; 0; 778; 
567; 0; 0; 0; 778.2; 
567; 0; 0; 0; 778.4; 
567; 0; 0; 0; 778.6; 
567; 0; 0; 0; 778.8; 
567; 0; 0; 0; 779; 
567; 0; 0; 0; 779.2; 
567; 0; 0; 0; 779.4; 
567; 0; 0; 0; 779.6; 
567; 0; 0; 0; 779.8; 
567; 0; 0; 0; 780; 
567; 0; 0; 0; 780.2; 
567; 0; 0; 0; 780.4; 
567; 0; 0; 0; 780.6; 
567; 0; 0; 0; 780.8; 
567; 0; 0; 0; 781; 
567; 0; 0; 0; 781.2; 
567; 0; 0; 0; 781.4; 
567; 0; 0; 0; 781.6; 
567; 0; 0; 0; 781.8; 
567; 0; 0; 0; 782; 
567; 0; 0; 0; 782.2; 
567; 0; 0; 0; 782.4; 
567; 0; 0; 0; 782.6; 
567; 0; 0; 0; 782.8; 
567; 0; 0; 0; 783; 
567; 0; 0; 0; 783.2; 
567; 0; 0; 0; 783.4; 
567; 0; 0; 0; 783.6; 
567; 0; 0; 0; 783.8; 
567; 0; 0; 0; 784; 
567; 0; 0; 0; 784.2; 
567; 0; 0; 0; 784.4; 
567; 0; 0; 0; 784.6; 
567; 0; 0; 0; 784.8; 
567; 0; 0; 0; 785; 
567; 0; 0; 0; 785.2; 
567; 0; 0; 0; 785.4; 
567; 0; 0; 0; 785.6; 
567; 0; 0; 0; 785.8; 
567; 0; 0; 0; 786; 
567; 0; 0; 0; 786.2; 
567; 0; 0; 0; 786.4; 
567; 0; 0; 0; 786.6; 
567; 0; 0; 0; 786.8; 
567; 0; 0; 0; 787; 
567; 0; 0; 0; 787.2; 
567; 0; 0; 0; 787.4; 
567; 0; 0; 0; 787.6; 
567; 0; 0; 0; 787.8; 
567; 0; 0; 0; 788; 
567; 0; 0; 0; 788.2; 
567; 0; 0; 0; 788.4; 
567; 0; 0; 0; 788.6; 
567; 0; 0; 0; 788.8; 
567; 0; 0; 0; 789; 
567; 0; 0; 0; 789.2; 
567; 0; 0; 0; 789.4; 
567; 0; 0; 0; 789.6; 
567; 0; 0; 0; 789.8; 
567; 0; 0; 0; 790; 
567; 0; 0; 0; 790.2; 
567; 0; 0; 0; 790.4; 
567; 0; 0; 0; 790.6; 
567; 0; 0; 0; 790.8; 
567; 0; 0; 0; 791; 
567; 0; 0; 0; 791.2; 
567; 0; 0; 0; 791.4; 
567; 0; 0; 0; 791.6; 
567; 0; 0; 0; 791.8; 
567; 0; 0; 0; 792; 
567; 0; 0; 0; 792.2; 
567; 0; 0; 0; 792.4; 
567; 0; 0; 0; 792.6; 
567; 0; 0; 0; 792.8; 
567; 0; 0; 0; 793; 
567; 0; 0; 0; 793.2; 
567; 0; 0; 0; 793.4; 
567; 0; 0; 0; 793.6; 
567; 0; 0; 0; 793.8; 
567; 0; 0; 0; 794; 
567; 0; 0; 0; 794.2; 
567; 0; 0; 0; 794.4; 
567; 0; 0; 0; 794.6; 
567; 0; 0; 0; 794.8; 
567; 0; 0; 0; 795; 
567; 0; 0; 0; 795.2; 
567; 0; 0; 0; 795.4; 
567; 0; 0; 0; 795.6; 
567; 0; 0; 0; 795.8; 
567; 0; 0; 0; 796; 
567; 0; 0; 0; 796.2; 
567; 0; 0; 0; 796.4; 
567; 0; 0; 0; 796.6; 
567; 0; 0; 0; 796.8; 
567; 0; 0; 0; 797; 
567; 0; 0; 0; 797.2; 
567; 0; 0; 0; 797.4; 
567; 0; 0; 0; 797.6; 
567; 0; 0; 0; 797.8; 
567; 0; 0; 0; 798; 
567; 0; 0; 0; 798.2; 
567; 0; 0; 0; 798.4; 
567; 0; 0; 0; 798.6; 
567; 0; 0; 0; 798.8; 
567; 0; 0; 0; 799; 
567; 0; 0; 0; 799.2; 
567; 0; 0; 0; 799.4; 
567; 0; 0; 0; 799.6; 
567; 0; 0; 0; 799.8; 
567; 0; 0; 0; 800; 
567; 0; 0; 0; 800.2; 
567; 0; 0; 0; 800.4; 
567; 0; 0; 0; 800.6; 
567; 0; 0; 0; 800.8; 
567; 0; 0; 0; 801; 
567; 0; 0; 0; 801.2; 
567; 0; 0; 0; 801.4; 
567; 0; 0; 0; 801.6; 
567; 0; 0; 0; 801.8; 
567; 0; 0; 0; 802; 
567; 0; 0; 0; 802.2; 
567; 0; 0; 0; 802.4; 
567; 0; 0; 0; 802.6; 
567; 0; 0; 0; 802.8; 
567; 0; 0; 0; 803; 
567; 0; 0; 0; 803.2; 
567; 0; 0; 0; 803.4; 
567; 0; 0; 0; 803.6; 
567; 0; 0; 0; 803.8; 
567; 0; 0; 0; 804; 
567; 0; 0; 0; 804.2; 
567; 0; 0; 0; 804.4; 
567; 0; 0; 0; 804.6; 
567; 0; 0; 0; 804.8; 
567; 0; 0; 0; 805; 
567; 0; 0; 0; 805.2; 
567; 0; 0; 0; 805.4; 
567; 0; 0; 0; 805.6; 
567; 0; 0; 0; 805.8; 
567; 0; 0; 0; 806; 
567; 0; 0; 0; 806.2; 
567; 0; 0; 0; 806.4; 
567; 0; 0; 0; 806.6; 
567; 0; 0; 0; 806.8; 
567; 0; 0; 0; 807; 
567; 0; 0; 0; 807.2; 
567; 0; 0; 0; 807.4; 
567; 0; 0; 0; 807.6; 
567; 0; 0; 0; 807.8; 
567; 0; 0; 0; 808; 
567; 0; 0; 0; 808.2; 
567; 0; 0; 0; 808.4; 
567; 0; 0; 0; 808.6; 
567; 0; 0; 0; 808.8; 
567; 0; 0; 0; 809; 
567; 0; 0; 0; 809.2; 
567; 0; 0; 0; 809.4; 
567; 0; 0; 0; 809.6; 
567; 0; 0; 0; 809.8; 
567; 0; 0; 0; 810; 
567; 0; 0; 0; 810.2; 
567; 0; 0; 0; 810.4; 
567; 0; 0; 0; 810.6; 
567; 0; 0; 0; 810.8; 
567; 0; 0; 0; 811; 
567; 0; 0; 0; 811.2; 
567; 0; 0; 0; 811.4; 
567; 0; 0; 0; 811.6; 
567; 0; 0; 0; 811.8; 
567; 0; 0; 0; 812; 
567; 0; 0; 0; 812.2; 
567; 0; 0; 0; 812.4; 
567; 0; 0; 0; 812.6; 
567; 0; 0; 0; 812.8; 
567; 0; 0; 0; 813; 
567; 0; 0; 0; 813.2; 
567; 0; 0; 0; 813.4; 
567; 0; 0; 0; 813.6; 
567; 0; 0; 0; 813.8; 
567; 0; 0; 0; 814; 
567; 0; 0; 0; 814.2; 
567; 0; 0; 0; 814.4; 
567; 0; 0; 0; 814.6; 
567; 0; 0; 0; 814.8; 
567; 0; 0; 0; 815; 
567; 0; 0; 0; 815.2; 
567; 0; 0; 0; 815.4; 
567; 0; 0; 0; 815.6; 
567; 0; 0; 0; 815.8; 
567; 0; 0; 0; 816; 
567; 0; 0; 0; 816.2; 
567; 0; 0; 0; 816.4; 
567; 0; 0; 0; 816.6; 
567; 0; 0; 0; 816.8; 
567; 0; 0; 0; 817; 
567; 0; 0; 0; 817.2; 
567; 0; 0; 0; 817.4; 
567; 0; 0; 0; 817.6; 
567; 0; 0; 0; 817.8; 
567; 0; 0; 0; 818; 
567; 0; 0; 0; 818.2; 
567; 0; 0; 0; 818.4; 
567; 0; 0; 0; 818.6; 
567; 0; 0; 0; 818.8; 
567; 0; 0; 0; 819; 
567; 0; 0; 0; 819.2; 
567; 0; 0; 0; 819.4; 
567; 0; 0; 0; 819.6; 
567; 0; 0; 0; 819.8; 
567; 0; 0; 0; 820; 
567; 0; 0; 0; 820.2; 
567; 0; 0; 0; 820.4; 
567; 0; 0; 0; 820.6; 
567; 0; 0; 0; 820.8; 
567; 0; 0; 0; 821; 
567; 0; 0; 0; 821.2; 
567; 0; 0; 0; 821.4; 
567; 0; 0; 0; 821.6; 
567; 0; 0; 0; 821.8; 
567; 0; 0; 0; 822; 
567; 0; 0; 0; 822.2; 
567; 0; 0; 0; 822.4; 
567; 0; 0; 0; 822.6; 
567; 0; 0; 0; 822.8; 
567; 0; 0; 0; 823; 
567; 0; 0; 0; 823.2; 
567; 0; 0; 0; 823.4; 
567; 0; 0; 0; 823.6; 
567; 0; 0; 0; 823.8; 
567; 0; 0; 0; 824; 
567; 0; 0; 0; 824.2; 
