567; 0; 0; 170; 0; 
567; 0; 0; 170; 0.2; 
567; 0; 0; 170; 0.4; 
567; 0; 0; 170; 0.6; 
567; 0; 0; 170; 0.8; 
567; 0; 0; 170; 1; 
567; 0; 0; 170; 1.2; 
567; 0; 0; 170; 1.4; 
567; 0; 0; 170; 1.6; 
567; 0; 0; 170; 1.8; 
567; 0; 0; 170; 2; 
567; 0; 0; 170; 2.2; 
567; 0; 0; 170; 2.4; 
567; 0; 0; 170; 2.6; 
567; 0; 0; 170; 2.8; 
567; 0; 0; 170; 3; 
567; 0; 0; 170; 3.2; 
567; 0; 0; 170; 3.4; 
567; 0; 0; 170; 3.6; 
567; 0; 0; 170; 3.8; 
567; 0; 0; 170; 4; 
567; 0; 0; 170; 4.2; 
567; 0; 0; 170; 4.4; 
567; 0; 0; 170; 4.6; 
567; 0; 0; 170; 4.8; 
567; 0; 0; 170; 5; 
567; 0; 0; 170; 5.2; 
567; 0; 0; 170; 5.4; 
567; 0; 0; 170; 5.6; 
567; 0; 0; 170; 5.8; 
567; 0; 0; 170; 6; 
567; 0; 0; 170; 6.2; 
567; 0; 0; 170; 6.4; 
567; 0; 0; 170; 6.6; 
567; 0; 0; 170; 6.8; 
567; 0; 0; 170; 7; 
567; 0; 0; 170; 7.2; 
567; 0; 0; 170; 7.4; 
567; 0; 0; 170; 7.6; 
567; 0; 0; 170; 7.8; 
567; 0; 0; 170; 8; 
567; 0; 0; 170; 8.2; 
567; 0; 0; 170; 8.4; 
567; 0; 0; 170; 8.6; 
567; 0; 0; 170; 8.8; 
567; 0; 0; 170; 9; 
567; 0; 0; 170; 9.2; 
567; 0; 0; 170; 9.4; 
567; 0; 0; 170; 9.6; 
567; 0; 0; 170; 9.8; 
567; 0; 0; 170; 10; 
567; 0; 0; 170; 10.2; 
567; 0; 0; 170; 10.4; 
567; 0; 0; 170; 10.6; 
567; 0; 0; 170; 10.8; 
567; 0; 0; 170; 11; 
567; 0; 0; 170; 11.2; 
567; 0; 0; 170; 11.4; 
567; 0; 0; 170; 11.6; 
567; 0; 0; 170; 11.8; 
567; 0; 0; 170; 12; 
567; 0; 0; 170; 12.2; 
567; 0; 0; 170; 12.4; 
567; 0; 0; 170; 12.6; 
567; 0; 0; 170; 12.8; 
567; 0; 0; 170; 13; 
567; 0; 0; 170; 13.2; 
567; 0; 0; 170; 13.4; 
567; 0; 0; 170; 13.6; 
567; 0; 0; 170; 13.8; 
567; 0; 0; 170; 14; 
567; 0; 0; 170; 14.2; 
567; 0; 0; 170; 14.4; 
567; 0; 0; 170; 14.6; 
567; 0; 0; 170; 14.8; 
567; 0; 0; 170; 15; 
567; 0; 0; 170; 15.2; 
567; 0; 0; 170; 15.4; 
567; 0; 0; 170; 15.6; 
567; 0; 0; 170; 15.8; 
567; 0; 0; 170; 16; 
567; 0; 0; 170; 16.2; 
567; 0; 0; 170; 16.4; 
567; 0; 0; 170; 16.6; 
567; 0; 0; 170; 16.8; 
567; 0; 0; 170; 17; 
567; 0; 0; 170; 17.2; 
567; 0; 0; 170; 17.4; 
567; 0; 0; 170; 17.6; 
567; 0; 0; 170; 17.8; 
567; 0; 0; 170; 18; 
567; 0; 0; 170; 18.2; 
567; 0; 0; 170; 18.4; 
567; 0; 0; 170; 18.6; 
567; 0; 0; 170; 18.8; 
567; 0; 0; 170; 19; 
567; 0; 0; 170; 19.2; 
567; 0; 0; 170; 19.4; 
567; 0; 0; 170; 19.6; 
567; 0; 0; 170; 19.8; 
567; 0; 0; 170; 20; 
567; 0; 0; 170; 20.2; 
567; 0; 0; 170; 20.4; 
567; 0; 0; 170; 20.6; 
567; 0; 0; 170; 20.8; 
567; 0; 0; 170; 21; 
567; 0; 0; 170; 21.2; 
567; 0; 0; 170; 21.4; 
567; 0; 0; 170; 21.6; 
567; 0; 0; 170; 21.8; 
567; 0; 0; 170; 22; 
567; 0; 0; 170; 22.2; 
567; 0; 0; 170; 22.4; 
567; 0; 0; 170; 22.6; 
567; 0; 0; 170; 22.8; 
567; 0; 0; 170; 23; 
567; 0; 0; 170; 23.2; 
567; 0; 0; 170; 23.4; 
567; 0; 0; 170; 23.6; 
567; 0; 2492.3019; 170; 23.8; 
567; 0; 2492.3019; 170; 24; 
567; 0; 2492.3019; 170; 24.2; 
567; 0; 2492.3019; 170; 24.4; 
567; 0; 2492.3019; 170; 24.6; 
567; 0; 2492.3019; 170; 24.8; 
567; 0; 2492.3019; 170; 25; 
567; 0; 2492.3019; 170; 25.2; 
567; 0; 2492.3019; 170; 25.4; 
567; 0; 2492.3019; 170; 25.6; 
567; 0; 2492.3019; 170; 25.8; 
567; 0; 2492.3019; 170; 26; 
567; 0; 2492.3019; 170; 26.2; 
567; 0; 2492.3019; 170; 26.4; 
567; 0; 2492.3019; 170; 26.6; 
567; 0; 2492.3019; 170; 26.8; 
567; 0; 2492.3019; 170; 27; 
567; 0; 2492.3019; 170; 27.2; 
567; 0; 2492.3019; 170; 27.4; 
567; 0; 2492.3019; 170; 27.6; 
567; 0; 2492.3019; 170; 27.8; 
567; 0; 2492.3019; 170; 28; 
567; 0; 2492.3019; 170; 28.2; 
567; 0; 2492.3019; 170; 28.4; 
567; 0; 2492.3019; 170; 28.6; 
567; 0; 2492.3019; 170; 28.8; 
567; 0; 2492.3019; 170; 29; 
567; 0; 2492.3019; 170; 29.2; 
567; 0; 2492.3019; 170; 29.4; 
567; 0; 2492.3019; 170; 29.6; 
567; 0; 2492.3019; 170; 29.8; 
567; 0; 2492.3019; 170; 30; 
567; 0; 2492.3019; 170; 30.2; 
567; 0; 2492.3019; 170; 30.4; 
567; 0; 2492.3019; 170; 30.6; 
567; 0; 2492.3019; 170; 30.8; 
567; 0; 2492.3019; 170; 31; 
567; 0; 2492.3019; 170; 31.2; 
567; 0; 2492.3019; 170; 31.4; 
567; 0; 2492.3019; 170; 31.6; 
567; 0; 2492.3019; 170; 31.8; 
567; 0; 2492.3019; 170; 32; 
567; 0; 2492.3019; 170; 32.2; 
567; 0; 2492.3019; 170; 32.4; 
567; 0; 2492.3019; 170; 32.6; 
567; 0; 2492.3019; 170; 32.8; 
567; 0; 2492.3019; 170; 33; 
567; 0; 2492.3019; 170; 33.2; 
567; 0; 2492.3019; 170; 33.4; 
567; 0; 2492.3019; 170; 33.6; 
567; 0; 2492.3019; 170; 33.8; 
567; 0; 2492.3019; 170; 34; 
567; 0; 2492.3019; 170; 34.2; 
567; 0; 2492.3019; 170; 34.4; 
567; 0; 2492.3019; 170; 34.6; 
567; 0; 2492.3019; 170; 34.8; 
567; 0; 2492.3019; 170; 35; 
567; 0; 2492.3019; 170; 35.2; 
567; 0; 2492.3019; 170; 35.4; 
567; 0; 2492.3019; 170; 35.6; 
567; 0; 2492.3019; 170; 35.8; 
567; 0; 2492.3019; 170; 36; 
567; 0; 2492.3019; 170; 36.2; 
567; 0; 2492.3019; 170; 36.4; 
567; 0; 2492.3019; 170; 36.6; 
567; 0; 2492.3019; 170; 36.8; 
567; 0; 2492.3019; 170; 37; 
567; 0; 2492.3019; 170; 37.2; 
567; 0; 2492.3019; 170; 37.4; 
567; 0; 2492.3019; 170; 37.6; 
567; 0; 2492.3019; 170; 37.8; 
567; 0; 2492.3019; 170; 38; 
567; 0; 2492.3019; 170; 38.2; 
567; 0; 2492.3019; 170; 38.4; 
567; 0; 2492.3019; 170; 38.6; 
567; 0; 2492.3019; 170; 38.8; 
567; 0; 2510.711; 170; 39; 
567; 0; 2547.5147; 170; 39.2; 
567; 0; 2601.0331; 170; 39.4; 
567; 0; 2782.6662; 170; 39.6; 
567; 0; 3030.4285; 170; 39.8; 
567; 0; 3070.8403; 170; 40; 
567; 0; 3099.9503; 170; 40.2; 
567; 0; 3144.2633; 170; 40.4; 
567; 0; 3170.4345; 170; 40.6; 
567; 0; 3192.7526; 170; 40.8; 
567; 0; 3204.9226; 170; 41; 
567; 0; 3216.8882; 170; 41.2; 
567; 0; 3218.8171; 170; 41.4; 
567; 0; 3220.7133; 170; 41.6; 
567; 0; 3212.7605; 170; 41.8; 
567; 0; 3214.6137; 170; 42; 
567; 0; 3216.4356; 170; 42.2; 
567; 0; 3218.2235; 170; 42.4; 
567; 0; 3219.9738; 170; 42.6; 
567; 0; 3221.6831; 170; 42.8; 
567; 0; 3223.3485; 170; 43; 
567; 0; 3224.9667; 170; 43.2; 
567; 0; 3226.537; 170; 43.4; 
567; 0; 3228.0639; 170; 43.6; 
567; 0; 3229.552; 170; 43.8; 
567; 0; 3231.0044; 170; 44; 
567; 0; 3232.4231; 170; 44.2; 
567; 0; 3233.8095; 170; 44.4; 
567; 0; 3235.1641; 170; 44.6; 
567; 0; 3236.4869; 170; 44.8; 
567; 0; 3237.7779; 170; 45; 
567; 0; 3239.0367; 170; 45.2; 
567; 0; 3240.2631; 170; 45.4; 
567; 0; 3241.4565; 170; 45.6; 
567; 0; 3242.6164; 170; 45.8; 
567; 0; 3243.7425; 170; 46; 
567; 0; 3244.8342; 170; 46.2; 
567; 0; 3245.891; 170; 46.4; 
567; 0; 3246.9124; 170; 46.6; 
567; 0; 3247.8981; 170; 46.8; 
567; 0; 3248.8474; 170; 47; 
567; 0; 3249.76; 170; 47.2; 
567; 0; 3260.099; 170; 47.4; 
567; 0; 3260.929; 170; 47.6; 
567; 0; 3261.7211; 170; 47.8; 
567; 0; 3262.4749; 170; 48; 
567; 0; 3263.1899; 170; 48.2; 
567; 0; 3263.8657; 170; 48.4; 
567; 0; 3273.8541; 170; 48.6; 
567; 0; 3274.4445; 170; 48.8; 
567; 0; 3274.9947; 170; 49; 
567; 0; 3275.5042; 170; 49.2; 
567; 0; 3275.9727; 170; 49.4; 
567; 0; 3276.3995; 170; 49.6; 
567; 0; 3286.0437; 170; 49.8; 
567; 0; 3286.3829; 170; 50; 
567; 0; 3286.6798; 170; 50.2; 
567; 0; 3286.9337; 170; 50.4; 
567; 0; 3296.3336; 170; 50.6; 
567; 0; 3296.4991; 170; 50.8; 
567; 0; 3296.6211; 170; 51; 
567; 0; 3296.6991; 170; 51.2; 
567; 0; 3305.8644; 170; 51.4; 
567; 0; 3305.8536; 170; 51.6; 
567; 0; 3305.7983; 170; 51.8; 
567; 0; 3314.783; 170; 52; 
567; 0; 3314.6406; 170; 52.2; 
567; 0; 3314.4657; 170; 52.4; 
567; 0; 3314.2707; 170; 52.6; 
567; 0; 3319.2267; 170; 52.8; 
567; 0; 3319.025; 170; 53; 
567; 0; 3318.8321; 170; 53.2; 
567; 0; 3318.6547; 170; 53.4; 
567; 0; 3323.6135; 170; 53.6; 
567; 0; 3323.4827; 170; 53.8; 
567; 0; 3323.3794; 170; 54; 
567; 0; 3323.3047; 170; 54.2; 
567; 0; 3328.3309; 170; 54.4; 
567; 0; 3328.3117; 170; 54.6; 
567; 0; 3328.3173; 170; 54.8; 
567; 0; 3328.345; 170; 55; 
567; 0; 3333.423; 170; 55.2; 
567; 0; 3333.4848; 170; 55.4; 
567; 0; 3333.5583; 170; 55.6; 
567; 0; 3333.6398; 170; 55.8; 
567; 0; 3333.7257; 170; 56; 
567; 0; 3338.8041; 170; 56.2; 
567; 0; 3338.8887; 170; 56.4; 
567; 0; 3338.9691; 170; 56.6; 
567; 0; 3339.0433; 170; 56.8; 
567; 0; 3344.0659; 170; 57; 
567; 0; 3344.1237; 170; 57.2; 
567; 0; 3344.1729; 170; 57.4; 
567; 0; 3344.2134; 170; 57.6; 
567; 0; 3349.1708; 170; 57.8; 
567; 0; 3349.1957; 170; 58; 
567; 0; 3349.2143; 170; 58.2; 
567; 0; 3349.2276; 170; 58.4; 
567; 0; 3349.237; 170; 58.6; 
567; 0; 3354.1424; 170; 58.8; 
567; 0; 3354.1477; 170; 59; 
567; 0; 3354.1526; 170; 59.2; 
567; 0; 3354.1579; 170; 59.4; 
567; 0; 3359.041; 170; 59.6; 
567; 0; 3359.0492; 170; 59.8; 
567; 0; 3359.0594; 170; 60; 
567; 0; 3359.0718; 170; 60.2; 
567; 0; 3363.9451; 170; 60.4; 
567; 0; 3363.9615; 170; 60.6; 
567; 0; 3363.9795; 170; 60.8; 
567; 0; 3363.9987; 170; 61; 
567; 0; 3364.0187; 170; 61.2; 
567; 0; 3365.7382; 170; 61.4; 
567; 0; 3365.7588; 170; 61.6; 
567; 0; 3365.779; 170; 61.8; 
567; 0; 3365.7987; 170; 62; 
567; 0; 3367.4797; 170; 62.2; 
567; 0; 3367.4975; 170; 62.4; 
567; 0; 3367.5144; 170; 62.6; 
567; 0; 3367.5302; 170; 62.8; 
567; 0; 3367.5449; 170; 63; 
567; 0; 3369.1871; 170; 63.2; 
567; 0; 3369.1998; 170; 63.4; 
567; 0; 3369.2117; 170; 63.6; 
567; 0; 3369.223; 170; 63.8; 
567; 0; 3369.2339; 170; 64; 
567; 0; 3370.8433; 170; 64.2; 
567; 0; 3370.8538; 170; 64.4; 
567; 0; 3370.8643; 170; 64.6; 
567; 0; 3370.8743; 170; 64.8; 
567; 0; 3370.8871; 170; 65; 
567; 0; 3372.4831; 170; 65.2; 
567; 0; 3372.526; 170; 65.4; 
567; 0; 3372.5943; 170; 65.6; 
567; 0; 3372.6933; 170; 65.8; 
567; 0; 3372.8279; 170; 66; 
567; 0; 3374.5484; 170; 66.2; 
567; 0; 3374.7651; 170; 66.4; 
567; 0; 3375.0262; 170; 66.6; 
567; 0; 3375.3245; 170; 66.8; 
567; 0; 3375.6478; 170; 67; 
567; 0; 3375.9841; 170; 67.2; 
567; 0; 3377.8366; 170; 67.4; 
567; 0; 3378.1635; 170; 67.6; 
567; 0; 3378.4739; 170; 67.8; 
567; 0; 3378.7628; 170; 68; 
567; 0; 3379.0277; 170; 68.2; 
567; 0; 3379.2687; 170; 68.4; 
567; 0; 3380.9741; 170; 68.6; 
567; 0; 3381.1714; 170; 68.8; 
567; 0; 3381.3524; 170; 69; 
567; 0; 3381.5204; 170; 69.2; 
567; 0; 3381.6786; 170; 69.4; 
567; 0; 3383.2978; 170; 69.6; 
567; 0; 3383.442; 170; 69.8; 
567; 0; 3383.5819; 170; 70; 
567; 0; 3355.3383; 170; 70.2; 
567; 0; 3316.6786; 170; 70.4; 
567; 0; 3278.0077; 170; 70.6; 
567; 0; 3241.018; 170; 70.8; 
567; 0; 3201.6541; 170; 71; 
567; 0; 3162.2787; 170; 71.2; 
567; 0; 3122.892; 170; 71.4; 
567; 0; 3082.5765; 170; 71.6; 
567; 0; 3047.5584; 170; 71.8; 
567; 0; 3014.3113; 170; 72; 
567; 0; 2980.382; 170; 72.2; 
567; 0; 2946.4458; 170; 72.4; 
567; 0; 2914.1214; 170; 72.6; 
567; 0; 2881.7918; 170; 72.8; 
567; 0; 2850.2665; 170; 73; 
567; 0; 2816.3526; 170; 73.2; 
567; 0; 2782.0224; 170; 73.4; 
567; 0; 2748.6167; 170; 73.6; 
567; 0; 2716.136; 170; 73.8; 
567; 0; 2685.5094; 170; 74; 
567; 0; 2657.422; 170; 74.2; 
567; 0; 2632.7382; 170; 74.4; 
567; 0; 2608.0521; 170; 74.6; 
567; 0; 2584.9574; 170; 74.8; 
567; 0; 2566.044; 170; 75; 
567; 0; 2544.8749; 170; 75.2; 
567; 0; 2523.7042; 170; 75.4; 
567; 0; 2504.101; 170; 75.6; 
567; 0; 2484.4967; 170; 75.8; 
567; 0; 2461.9269; 170; 76; 
567; 0; 2439.7312; 170; 76.2; 
567; 0; 2418.4997; 170; 76.4; 
567; 0; 2398.2326; 170; 76.6; 
567; 0; 2378.93; 170; 76.8; 
567; 0; 2359.6265; 170; 77; 
567; 0; 2342.2537; 170; 77.2; 
567; 0; 2324.8809; 170; 77.4; 
567; 0; 2311.0787; 170; 77.6; 
567; 0; 2297.5972; 170; 77.8; 
567; 0; 2284.1155; 170; 78; 
567; 0; 2278.4491; 170; 78.2; 
567; 0; 2266.8371; 170; 78.4; 
567; 0; 2255.2243; 170; 78.6; 
567; 0; 2244.4406; 170; 78.8; 
567; 0; 2233.6561; 170; 79; 
567; 0; 2223.7006; 170; 79.2; 
567; 0; 2213.7446; 170; 79.4; 
567; 0; 2204.6179; 170; 79.6; 
567; 0; 2195.4909; 170; 79.8; 
567; 0; 2186.3638; 170; 80; 
567; 0; 2178.0663; 170; 80.2; 
567; 0; 2170.5986; 170; 80.4; 
567; 0; 2163.1309; 170; 80.6; 
567; 0; 2155.0005; 170; 80.8; 
567; 0; 2147.2888; 170; 81; 
567; 0; 2140.5411; 170; 81.2; 
567; 0; 2132.8294; 170; 81.4; 
567; 0; 2126.0816; 170; 81.6; 
567; 0; 2119.3336; 170; 81.8; 
567; 0; 2113.5497; 170; 82; 
567; 0; 2107.7656; 170; 82.2; 
567; 0; 2102.9454; 170; 82.4; 
567; 0; 2097.1611; 170; 82.6; 
567; 0; 2092.3408; 170; 82.8; 
567; 0; 2087.5204; 170; 83; 
567; 0; 2083.664; 170; 83.2; 
567; 0; 2079.8076; 170; 83.4; 
567; 0; 2075.9512; 170; 83.6; 
567; 0; 2072.0947; 170; 83.8; 
567; 0; 2068.2382; 170; 84; 
567; 0; 2065.3458; 170; 84.2; 
567; 0; 2062.4533; 170; 84.4; 
567; 0; 2059.5609; 170; 84.6; 
567; 0; 2056.6685; 170; 84.8; 
567; 0; 2053.7761; 170; 85; 
567; 0; 2051.8478; 170; 85.2; 
567; 0; 2049.9194; 170; 85.4; 
567; 0; 2047.991; 170; 85.6; 
567; 0; 2046.0626; 170; 85.8; 
567; 0; 2044.1342; 170; 86; 
567; 0; 2042.2057; 170; 86.2; 
567; 0; 2041.2413; 170; 86.4; 
567; 0; 2039.3128; 170; 86.6; 
567; 0; 2038.3484; 170; 86.8; 
567; 0; 2037.384; 170; 87; 
567; 0; 2036.4196; 170; 87.2; 
567; 0; 2035.4552; 170; 87.4; 
567; 0; 2034.4908; 170; 87.6; 
567; 0; 2034.4904; 170; 87.8; 
567; 0; 2033.5259; 170; 88; 
567; 0; 2032.5614; 170; 88.2; 
567; 0; 2032.561; 170; 88.4; 
567; 0; 2032.5606; 170; 88.6; 
567; 0; 2031.5961; 170; 88.8; 
567; 0; 2031.5957; 170; 89; 
567; 0; 2031.5953; 170; 89.2; 
567; 0; 2031.595; 170; 89.4; 
567; 0; 2031.5947; 170; 89.6; 
567; 0; 2031.5944; 170; 89.8; 
567; 0; 2031.594; 170; 90; 
567; 0; 2031.5937; 170; 90.2; 
567; 0; 2031.5933; 170; 90.4; 
567; 0; 2031.5929; 170; 90.6; 
567; 0; 2031.5925; 170; 90.8; 
567; 0; 2032.5561; 170; 91; 
567; 0; 2022.1164; 170; 91.2; 
567; 0; 2022.116; 170; 91.4; 
567; 0; 2023.0915; 170; 91.6; 
567; 0; 2023.0911; 170; 91.8; 
567; 0; 2024.0668; 170; 92; 
567; 0; 2024.0664; 170; 92.2; 
567; 0; 2025.0421; 170; 92.4; 
567; 0; 2026.0178; 170; 92.6; 
567; 0; 2026.9935; 170; 92.8; 
567; 0; 2026.9931; 170; 93; 
567; 0; 2027.9687; 170; 93.2; 
567; 0; 2028.9443; 170; 93.4; 
567; 0; 2029.9199; 170; 93.6; 
567; 0; 2030.8955; 170; 93.8; 
567; 0; 2031.8711; 170; 94; 
567; 0; 2032.8467; 170; 94.2; 
567; 0; 2033.8223; 170; 94.4; 
567; 0; 2034.7979; 170; 94.6; 
567; 0; 2035.7735; 170; 94.8; 
567; 0; 2036.7492; 170; 95; 
567; 0; 2037.7249; 170; 95.2; 
567; 0; 2038.7006; 170; 95.4; 
567; 0; 2040.6546; 170; 95.6; 
567; 0; 2044.5661; 170; 95.8; 
567; 0; 2049.4624; 170; 96; 
567; 0; 2056.3224; 170; 96.2; 
567; 0; 2066.1253; 170; 96.4; 
567; 0; 2076.922; 170; 96.6; 
567; 0; 2090.668; 170; 96.8; 
567; 0; 2106.3905; 170; 97; 
567; 0; 2123.116; 170; 97.2; 
567; 0; 2139.8679; 170; 97.4; 
567; 0; 2155.6916; 170; 97.6; 
567; 0; 2168.4732; 170; 97.8; 
567; 0; 2181.2656; 170; 98; 
567; 0; 2193.2214; 170; 98.2; 
567; 0; 2203.4924; 170; 98.4; 
567; 0; 2213.7664; 170; 98.6; 
567; 0; 2223.1973; 170; 98.8; 
567; 0; 2231.7845; 170; 99; 
567; 0; 2240.3741; 170; 99.2; 
567; 0; 2248.9672; 170; 99.4; 
567; 0; 2249.6813; 170; 99.6; 
567; 0; 2258.4258; 170; 99.8; 
567; 0; 2266.3168; 170; 100; 
567; 0; 2275.0756; 170; 100.2; 
567; 0; 2282.9812; 170; 100.4; 
567; 0; 2290.894; 170; 100.6; 
567; 0; 2298.8139; 170; 100.8; 
567; 0; 2306.7403; 170; 101; 
567; 0; 2313.8108; 170; 101.2; 
567; 0; 2320.8863; 170; 101.4; 
567; 0; 2327.7942; 170; 101.6; 
567; 0; 2334.9197; 170; 101.8; 
567; 0; 2342.0491; 170; 102; 
567; 0; 2348.1934; 170; 102.2; 
567; 0; 2354.3411; 170; 102.4; 
567; 0; 2360.4921; 170; 102.6; 
567; 0; 2366.6468; 170; 102.8; 
567; 0; 2371.8153; 170; 103; 
567; 0; 2376.9872; 170; 103.2; 
567; 0; 2382.1625; 170; 103.4; 
567; 0; 2386.3506; 170; 103.6; 
567; 0; 2390.5419; 170; 103.8; 
567; 0; 2395.7278; 170; 104; 
567; 0; 2399.9255; 170; 104.2; 
567; 0; 2403.1342; 170; 104.4; 
567; 0; 2407.3376; 170; 104.6; 
567; 0; 2410.5513; 170; 104.8; 
567; 0; 2413.7671; 170; 105; 
567; 0; 2416.9851; 170; 105.2; 
567; 0; 2420.205; 170; 105.4; 
567; 0; 2422.4331; 170; 105.6; 
567; 0; 2425.6568; 170; 105.8; 
567; 0; 2427.888; 170; 106; 
567; 0; 2430.1207; 170; 106.2; 
567; 0; 2432.355; 170; 106.4; 
567; 0; 2434.5908; 170; 106.6; 
567; 0; 2435.8326; 170; 106.8; 
567; 0; 2438.0714; 170; 107; 
567; 0; 2439.3156; 170; 107.2; 
567; 0; 2441.5574; 170; 107.4; 
567; 0; 2442.804; 170; 107.6; 
567; 0; 2444.0516; 170; 107.8; 
567; 0; 2445.3001; 170; 108; 
567; 0; 2446.5495; 170; 108.2; 
567; 0; 2447.7998; 170; 108.4; 
567; 0; 2448.0528; 170; 108.6; 
567; 0; 2449.3049; 170; 108.8; 
567; 0; 2449.559; 170; 109; 
567; 0; 2450.8126; 170; 109.2; 
567; 0; 2451.0677; 170; 109.4; 
567; 0; 2451.3232; 170; 109.6; 
567; 0; 2452.32; 170; 109.8; 
567; 0; 2452.4698; 170; 110; 
567; 0; 2452.6198; 170; 110.2; 
567; 0; 2452.7701; 170; 110.4; 
567; 0; 2452.9207; 170; 110.6; 
567; 0; 2453.0716; 170; 110.8; 
567; 0; 2453.2228; 170; 111; 
567; 0; 2453.3742; 170; 111.2; 
567; 0; 2453.5259; 170; 111.4; 
567; 0; 2452.8631; 170; 111.6; 
567; 0; 2453.0151; 170; 111.8; 
567; 0; 2453.1675; 170; 112; 
567; 0; 2452.5046; 170; 112.2; 
567; 0; 2452.6573; 170; 112.4; 
567; 0; 2452.8103; 170; 112.6; 
567; 0; 2452.1473; 170; 112.8; 
567; 0; 2452.3007; 170; 113; 
567; 0; 2451.6375; 170; 113.2; 
567; 0; 2451.7912; 170; 113.4; 
567; 0; 2451.1279; 170; 113.6; 
567; 0; 2451.2819; 170; 113.8; 
567; 0; 2450.6184; 170; 114; 
567; 0; 2450.7729; 170; 114.2; 
567; 0; 2455.5913; 170; 114.4; 
567; 0; 2454.9326; 170; 114.6; 
567; 0; 2455.0799; 170; 114.8; 
567; 0; 2454.4211; 170; 115; 
567; 0; 2453.7622; 170; 115.2; 
567; 0; 2453.9099; 170; 115.4; 
567; 0; 2453.2508; 170; 115.6; 
567; 0; 2452.5915; 170; 115.8; 
567; 0; 2451.932; 170; 116; 
567; 0; 2451.2241; 170; 116.2; 
567; 0; 2450.4847; 170; 116.4; 
567; 0; 2449.7452; 170; 116.6; 
567; 0; 2449.0053; 170; 116.8; 
567; 0; 2449.2607; 170; 117; 
567; 0; 2448.5206; 170; 117.2; 
567; 0; 2447.7802; 170; 117.4; 
567; 0; 2447.0396; 170; 117.6; 
567; 0; 2446.2987; 170; 117.8; 
567; 0; 2445.5577; 170; 118; 
567; 0; 2444.8164; 170; 118.2; 
567; 0; 2444.0749; 170; 118.4; 
567; 0; 2443.3332; 170; 118.6; 
567; 0; 2442.5912; 170; 118.8; 
567; 0; 2441.849; 170; 119; 
567; 0; 2441.1065; 170; 119.2; 
567; 0; 2440.3637; 170; 119.4; 
567; 0; 2439.6208; 170; 119.6; 
567; 0; 2438.8777; 170; 119.8; 
567; 0; 2438.1342; 170; 120; 
567; 0; 2438.3908; 170; 120.2; 
567; 0; 2437.6471; 170; 120.4; 
567; 0; 2436.9031; 170; 120.6; 
567; 0; 2436.1588; 170; 120.8; 
567; 0; 2435.4142; 170; 121; 
567; 0; 2434.6694; 170; 121.2; 
567; 0; 2434.9266; 170; 121.4; 
567; 0; 2434.1816; 170; 121.6; 
567; 0; 2433.4362; 170; 121.8; 
567; 0; 2432.6906; 170; 122; 
567; 0; 2431.9449; 170; 122.2; 
567; 0; 2431.1988; 170; 122.4; 
567; 0; 2431.4567; 170; 122.6; 
567; 0; 2430.7104; 170; 122.8; 
567; 0; 2429.9639; 170; 123; 
567; 0; 2429.2172; 170; 123.2; 
567; 0; 2429.4755; 170; 123.4; 
567; 0; 2428.7285; 170; 123.6; 
567; 0; 2427.9812; 170; 123.8; 
567; 0; 2427.2337; 170; 124; 
567; 0; 2427.4926; 170; 124.2; 
567; 0; 2426.7448; 170; 124.4; 
567; 0; 2425.9967; 170; 124.6; 
567; 0; 2426.2559; 170; 124.8; 
567; 0; 2425.5076; 170; 125; 
567; 0; 2424.759; 170; 125.2; 
567; 0; 2425.0187; 170; 125.4; 
567; 0; 2424.2699; 170; 125.6; 
567; 0; 2423.5209; 170; 125.8; 
567; 0; 2423.7811; 170; 126; 
567; 0; 2423.0319; 170; 126.2; 
567; 0; 2422.2822; 170; 126.4; 
567; 0; 2422.5428; 170; 126.6; 
567; 0; 2421.7929; 170; 126.8; 
567; 0; 2421.0427; 170; 127; 
567; 0; 2421.3038; 170; 127.2; 
567; 0; 2420.5535; 170; 127.4; 
567; 0; 2419.8029; 170; 127.6; 
567; 0; 2420.0645; 170; 127.8; 
567; 0; 2419.3137; 170; 128; 
567; 0; 2419.5757; 170; 128.2; 
567; 0; 2418.8246; 170; 128.4; 
567; 0; 2419.0867; 170; 128.6; 
567; 0; 2419.3483; 170; 128.8; 
567; 0; 2419.609; 170; 129; 
567; 0; 2417.8355; 170; 129.2; 
567; 0; 2416.0496; 170; 129.4; 
567; 0; 2412.2143; 170; 129.6; 
567; 0; 2406.3239; 170; 129.8; 
567; 0; 2399.39; 170; 130; 
567; 0; 2391.4102; 170; 130.2; 
567; 0; 2380.351; 170; 130.4; 
567; 0; 2368.2437; 170; 130.6; 
567; 0; 2354.0724; 170; 130.8; 
567; 0; 2338.8541; 170; 131; 
567; 0; 2322.5913; 170; 131.2; 
567; 0; 2307.457; 170; 131.4; 
567; 0; 2292.3421; 170; 131.6; 
567; 0; 2278.9984; 170; 131.8; 
567; 0; 2267.4321; 170; 132; 
567; 0; 2257.6477; 170; 132.2; 
567; 0; 2249.6482; 170; 132.4; 
567; 0; 2249.2398; 170; 132.6; 
567; 0; 2243.1346; 170; 132.8; 
567; 0; 2237.0383; 170; 133; 
567; 0; 2230.0746; 170; 133.2; 
567; 0; 2223.1131; 170; 133.4; 
567; 0; 2216.1502; 170; 133.6; 
567; 0; 2208.31; 170; 133.8; 
567; 0; 2199.5909; 170; 134; 
567; 0; 2190.8654; 170; 134.2; 
567; 0; 2182.1341; 170; 134.4; 
567; 0; 2173.398; 170; 134.6; 
567; 0; 2165.5322; 170; 134.8; 
567; 0; 2156.7915; 170; 135; 
567; 0; 2149.7973; 170; 135.2; 
567; 0; 2142.8041; 170; 135.4; 
567; 0; 2135.8125; 170; 135.6; 
567; 0; 2129.6962; 170; 135.8; 
567; 0; 2124.4551; 170; 136; 
567; 0; 2119.2156; 170; 136.2; 
567; 0; 2113.71; 170; 136.4; 
567; 0; 2108.6403; 170; 136.6; 
567; 0; 2103.571; 170; 136.8; 
567; 0; 2098.5016; 170; 137; 
567; 0; 2093.4315; 170; 137.2; 
567; 0; 2088.3605; 170; 137.4; 
567; 0; 2083.2885; 170; 137.6; 
567; 0; 2079.2301; 170; 137.8; 
567; 0; 2075.171; 170; 138; 
567; 0; 2071.1114; 170; 138.2; 
567; 0; 2067.0516; 170; 138.4; 
567; 0; 2062.9917; 170; 138.6; 
567; 0; 2059.9466; 170; 138.8; 
567; 0; 2056.9017; 170; 139; 
567; 0; 2053.857; 170; 139.2; 
567; 0; 2050.8126; 170; 139.4; 
567; 0; 2048.783; 170; 139.6; 
567; 0; 2046.7536; 170; 139.8; 
567; 0; 2043.7098; 170; 140; 
567; 0; 2041.6806; 170; 140.2; 
567; 0; 2039.6514; 170; 140.4; 
567; 0; 2038.6366; 170; 140.6; 
567; 0; 2036.6072; 170; 140.8; 
567; 0; 2034.5777; 170; 141; 
567; 0; 2033.5627; 170; 141.2; 
567; 0; 2031.5331; 170; 141.4; 
567; 0; 2030.5178; 170; 141.6; 
567; 0; 2029.5025; 170; 141.8; 
567; 0; 2028.4872; 170; 142; 
567; 0; 2027.4718; 170; 142.2; 
567; 0; 2026.4565; 170; 142.4; 
567; 0; 2025.4413; 170; 142.6; 
567; 0; 2025.4407; 170; 142.8; 
567; 0; 2024.4256; 170; 143; 
567; 0; 2023.4105; 170; 143.2; 
567; 0; 2023.4098; 170; 143.4; 
567; 0; 2022.3946; 170; 143.6; 
567; 0; 2022.3939; 170; 143.8; 
567; 0; 2022.3933; 170; 144; 
567; 0; 2022.3926; 170; 144.2; 
567; 0; 2021.3775; 170; 144.4; 
567; 0; 2021.3768; 170; 144.6; 
567; 0; 2021.3762; 170; 144.8; 
567; 0; 2021.3756; 170; 145; 
567; 0; 2021.3751; 170; 145.2; 
567; 0; 2021.3745; 170; 145.4; 
567; 0; 2022.3892; 170; 145.6; 
567; 0; 2024.4224; 170; 145.8; 
567; 0; 2027.4782; 170; 146; 
567; 0; 2033.5894; 170; 146.2; 
567; 0; 2041.7449; 170; 146.4; 
567; 0; 2042.3469; 170; 146.6; 
567; 0; 2055.7829; 170; 146.8; 
567; 0; 2070.272; 170; 147; 
567; 0; 2085.8165; 170; 147.2; 
567; 0; 2101.3871; 170; 147.4; 
567; 0; 2115.4413; 170; 147.6; 
567; 0; 2127.1133; 170; 147.8; 
567; 0; 2137.9044; 170; 148; 
567; 0; 2147.8106; 170; 148.2; 
567; 0; 2156.8288; 170; 148.4; 
567; 0; 2164.957; 170; 148.6; 
567; 0; 2173.084; 170; 148.8; 
567; 0; 2180.3204; 170; 149; 
567; 0; 2186.6668; 170; 149.2; 
567; 0; 2193.0143; 170; 149.4; 
567; 0; 2200.255; 170; 149.6; 
567; 0; 2206.6094; 170; 149.8; 
567; 0; 2212.9688; 170; 150; 
567; 0; 2220.2249; 170; 150.2; 
567; 0; 2226.5958; 170; 150.4; 
567; 0; 2232.9722; 170; 150.6; 
567; 0; 2239.3537; 170; 150.8; 
567; 0; 2244.8478; 170; 151; 
567; 0; 2250.3453; 170; 151.2; 
567; 0; 2255.8458; 170; 151.4; 
567; 0; 2260.4562; 170; 151.6; 
567; 0; 2265.0684; 170; 151.8; 
567; 0; 2269.6822; 170; 152; 
567; 0; 2274.2977; 170; 152.2; 
567; 0; 2278.0212; 170; 152.4; 
567; 0; 2281.7463; 170; 152.6; 
567; 0; 2285.4732; 170; 152.8; 
567; 0; 2288.3077; 170; 153; 
567; 0; 2292.0383; 170; 153.2; 
567; 0; 2294.8766; 170; 153.4; 
567; 0; 2298.6115; 170; 153.6; 
567; 0; 2301.4536; 170; 153.8; 
567; 0; 2304.2975; 170; 154; 
567; 0; 2306.2477; 170; 154.2; 
567; 0; 2309.0949; 170; 154.4; 
567; 0; 2311.9438; 170; 154.6; 
567; 0; 2313.8979; 170; 154.8; 
567; 0; 2315.8532; 170; 155; 
567; 0; 2317.8095; 170; 155.2; 
567; 0; 2319.7667; 170; 155.4; 
567; 0; 2321.7249; 170; 155.6; 
567; 0; 2322.8496; 170; 155.8; 
567; 0; 2325.0946; 170; 156; 
567; 0; 2326.3124; 170; 156.2; 
567; 0; 2328.5595; 170; 156.4; 
567; 0; 2329.7791; 170; 156.6; 
567; 0; 2330.9996; 170; 156.8; 
567; 0; 2332.221; 170; 157; 
567; 0; 2333.4431; 170; 157.2; 
567; 0; 2334.666; 170; 157.4; 
567; 0; 2335.8896; 170; 157.6; 
567; 0; 2337.1141; 170; 157.8; 
567; 0; 2338.3394; 170; 158; 
567; 0; 2338.5345; 170; 158.2; 
567; 0; 2339.7612; 170; 158.4; 
567; 0; 2339.9572; 170; 158.6; 
567; 0; 2341.185; 170; 158.8; 
567; 0; 2341.3816; 170; 159; 
567; 0; 2342.6106; 170; 159.2; 
567; 0; 2342.8078; 170; 159.4; 
567; 0; 2343.0053; 170; 159.6; 
567; 0; 2344.236; 170; 159.8; 
567; 0; 2344.4342; 170; 160; 
567; 0; 2344.6326; 170; 160.2; 
567; 0; 2344.8312; 170; 160.4; 
567; 0; 2345.0301; 170; 160.6; 
567; 0; 2345.2292; 170; 160.8; 
567; 0; 2345.4285; 170; 161; 
567; 0; 2346.6629; 170; 161.2; 
567; 0; 2346.8625; 170; 161.4; 
567; 0; 2347.0613; 170; 161.6; 
567; 0; 2347.2585; 170; 161.8; 
567; 0; 2347.4533; 170; 162; 
567; 0; 2347.6447; 170; 162.2; 
567; 0; 2347.8319; 170; 162.4; 
567; 0; 2348.0142; 170; 162.6; 
567; 0; 2348.1925; 170; 162.8; 
567; 0; 2349.406; 170; 163; 
567; 0; 2351.6579; 170; 163.2; 
567; 0; 2354.9519; 170; 163.4; 
567; 0; 2359.2914; 170; 163.6; 
567; 0; 2364.6787; 170; 163.8; 
567; 0; 2371.1155; 170; 164; 
567; 0; 2377.5638; 170; 164.2; 
567; 0; 2384.0235; 170; 164.4; 
567; 0; 2389.4538; 170; 164.6; 
567; 0; 2392.81; 170; 164.8; 
567; 0; 2394.0644; 170; 165; 
567; 0; 2393.2095; 170; 165.2; 
567; 0; 2390.2573; 170; 165.4; 
567; 0; 2384.1611; 170; 165.6; 
567; 0; 2376.9961; 170; 165.8; 
567; 0; 2367.7189; 170; 166; 
567; 0; 2356.3277; 170; 166.2; 
567; 0; 2341.782; 170; 166.4; 
567; 0; 2326.1645; 170; 166.6; 
567; 0; 2310.2039; 170; 166.8; 
567; 0; 2293.7997; 170; 167; 
567; 0; 2277.3852; 170; 167.2; 
567; 0; 2263.6939; 170; 167.4; 
567; 0; 2252.732; 170; 167.6; 
567; 0; 2245.4127; 170; 167.8; 
567; 0; 2242.6467; 170; 168; 
567; 0; 2242.6194; 170; 168.2; 
567; 0; 2245.3321; 170; 168.4; 
567; 0; 2248.0618; 170; 168.6; 
567; 0; 2250.8082; 170; 168.8; 
567; 0; 2251.7525; 170; 169; 
567; 0; 2249.9811; 170; 169.2; 
567; 0; 2246.3952; 170; 169.4; 
567; 0; 2240.0794; 170; 169.6; 
567; 0; 2233.7532; 170; 169.8; 
567; 0; 2225.5968; 170; 170; 
567; 0; 2216.5182; 170; 170.2; 
567; 0; 2206.5192; 170; 170.4; 
567; 0; 2196.5115; 170; 170.6; 
567; 0; 2186.499; 170; 170.8; 
567; 0; 2177.3938; 170; 171; 
567; 0; 2176.7119; 170; 171.2; 
567; 0; 2169.5437; 170; 171.4; 
567; 0; 2163.2743; 170; 171.6; 
567; 0; 2157.9038; 170; 171.8; 
567; 0; 2152.5379; 170; 172; 
567; 0; 2148.0696; 170; 172.2; 
567; 0; 2143.6038; 170; 172.4; 
567; 0; 2138.2454; 170; 172.6; 
567; 0; 2133.7813; 170; 172.8; 
567; 0; 2129.3165; 170; 173; 
567; 0; 2123.9563; 170; 173.2; 
567; 0; 2119.4887; 170; 173.4; 
567; 0; 2114.1255; 170; 173.6; 
567; 0; 2109.6549; 170; 173.8; 
567; 0; 2105.1835; 170; 174; 
567; 0; 2100.7114; 170; 174.2; 
567; 0; 2096.2391; 170; 174.4; 
567; 0; 2091.0763; 170; 174.6; 
567; 0; 2086.9186; 170; 174.8; 
567; 0; 2082.7616; 170; 175; 
567; 0; 2079.644; 170; 175.2; 
567; 0; 2075.4883; 170; 175.4; 
567; 0; 2072.372; 170; 175.6; 
567; 0; 2069.2561; 170; 175.8; 
567; 0; 2066.1405; 170; 176; 
567; 0; 2063.025; 170; 176.2; 
567; 0; 2060.9481; 170; 176.4; 
567; 0; 2057.8324; 170; 176.6; 
567; 0; 2055.7552; 170; 176.8; 
567; 0; 2053.6778; 170; 177; 
567; 0; 2051.6001; 170; 177.2; 
567; 0; 2049.5221; 170; 177.4; 
567; 0; 2047.444; 170; 177.6; 
567; 0; 2045.3658; 170; 177.8; 
567; 0; 2043.2876; 170; 178; 
567; 0; 2042.2482; 170; 178.2; 
567; 0; 2040.1702; 170; 178.4; 
567; 0; 2039.131; 170; 178.6; 
567; 0; 2037.0533; 170; 178.8; 
567; 0; 2036.0142; 170; 179; 
567; 0; 2034.9752; 170; 179.2; 
567; 0; 2033.9361; 170; 179.4; 
567; 0; 2032.897; 170; 179.6; 
567; 0; 2031.8579; 170; 179.8; 
567; 0; 2031.8574; 170; 180; 
567; 0; 2030.8183; 170; 180.2; 
567; 0; 2029.7792; 170; 180.4; 
567; 0; 2029.7787; 170; 180.6; 
567; 0; 2028.7395; 170; 180.8; 
567; 0; 2028.739; 170; 181; 
567; 0; 2027.6997; 170; 181.2; 
567; 0; 2027.6992; 170; 181.4; 
567; 0; 2026.66; 170; 181.6; 
567; 0; 2026.6594; 170; 181.8; 
567; 0; 2026.6588; 170; 182; 
567; 0; 2026.6583; 170; 182.2; 
567; 0; 2025.6191; 170; 182.4; 
567; 0; 2025.6186; 170; 182.6; 
567; 0; 2025.6181; 170; 182.8; 
567; 0; 2025.6175; 170; 183; 
567; 0; 2025.617; 170; 183.2; 
567; 0; 2025.6164; 170; 183.4; 
567; 0; 2025.6159; 170; 183.6; 
567; 0; 2025.6153; 170; 183.8; 
567; 0; 2025.6148; 170; 184; 
567; 0; 2025.6143; 170; 184.2; 
567; 0; 2025.6139; 170; 184.4; 
567; 0; 2025.6134; 170; 184.6; 
567; 0; 2026.6516; 170; 184.8; 
567; 0; 2026.6511; 170; 185; 
567; 0; 2026.6506; 170; 185.2; 
567; 0; 2026.6501; 170; 185.4; 
567; 0; 2026.6496; 170; 185.6; 
567; 0; 2026.649; 170; 185.8; 
567; 0; 2027.6871; 170; 186; 
567; 0; 2027.6865; 170; 186.2; 
567; 0; 2027.686; 170; 186.4; 
567; 0; 2018.0423; 170; 186.6; 
567; 0; 2019.0933; 170; 186.8; 
567; 0; 2019.0928; 170; 187; 
567; 0; 2019.0923; 170; 187.2; 
567; 0; 2020.1433; 170; 187.4; 
567; 0; 2020.1428; 170; 187.6; 
567; 0; 2021.1938; 170; 187.8; 
567; 0; 2021.1933; 170; 188; 
567; 0; 2022.2443; 170; 188.2; 
567; 0; 2022.2438; 170; 188.4; 
567; 0; 2023.2949; 170; 188.6; 
567; 0; 2023.2944; 170; 188.8; 
567; 0; 2024.3454; 170; 189; 
567; 0; 2025.3964; 170; 189.2; 
567; 0; 2025.3959; 170; 189.4; 
567; 0; 2026.4469; 170; 189.6; 
567; 0; 2027.4979; 170; 189.8; 
567; 0; 2027.4973; 170; 190; 
567; 0; 2028.5483; 170; 190.2; 
567; 0; 2029.5993; 170; 190.4; 
567; 0; 2030.6501; 170; 190.6; 
567; 0; 2030.6493; 170; 190.8; 
567; 0; 2031.6999; 170; 191; 
567; 0; 2031.699; 170; 191.2; 
567; 0; 2032.7497; 170; 191.4; 
567; 0; 2033.8006; 170; 191.6; 
567; 0; 2033.8001; 170; 191.8; 
567; 0; 2034.8514; 170; 192; 
567; 0; 2035.9027; 170; 192.2; 
567; 0; 2035.9026; 170; 192.4; 
567; 0; 2036.954; 170; 192.6; 
567; 0; 2036.9537; 170; 192.8; 
567; 0; 2038.0049; 170; 193; 
567; 0; 2038.0045; 170; 193.2; 
567; 0; 2039.0556; 170; 193.4; 
567; 0; 2039.0552; 170; 193.6; 
567; 0; 2040.1062; 170; 193.8; 
567; 0; 2040.1058; 170; 194; 
567; 0; 2041.1568; 170; 194.2; 
567; 0; 2041.1563; 170; 194.4; 
567; 0; 2042.2073; 170; 194.6; 
567; 0; 2042.2068; 170; 194.8; 
567; 0; 2042.2063; 170; 195; 
567; 0; 2043.2574; 170; 195.2; 
567; 0; 2043.2569; 170; 195.4; 
567; 0; 2044.3079; 170; 195.6; 
567; 0; 2044.3073; 170; 195.8; 
567; 0; 2044.3068; 170; 196; 
567; 0; 2045.3578; 170; 196.2; 
567; 0; 2045.3573; 170; 196.4; 
567; 0; 2045.3569; 170; 196.6; 
567; 0; 2045.3564; 170; 196.8; 
567; 0; 2046.4074; 170; 197; 
567; 0; 2046.407; 170; 197.2; 
567; 0; 2046.4066; 170; 197.4; 
567; 0; 2047.4577; 170; 197.6; 
567; 0; 2047.4572; 170; 197.8; 
567; 0; 2047.4567; 170; 198; 
567; 0; 2047.4563; 170; 198.2; 
567; 0; 2048.5074; 170; 198.4; 
567; 0; 2048.5071; 170; 198.6; 
567; 0; 2048.5067; 170; 198.8; 
567; 0; 2048.5063; 170; 199; 
567; 0; 2049.5574; 170; 199.2; 
567; 0; 2049.5569; 170; 199.4; 
567; 0; 2049.5564; 170; 199.6; 
567; 0; 2049.5559; 170; 199.8; 
567; 0; 2049.5555; 170; 200; 
567; 0; 2050.6065; 170; 200.2; 
567; 0; 2050.6061; 170; 200.4; 
567; 0; 2050.6057; 170; 200.6; 
567; 0; 2050.6053; 170; 200.8; 
567; 0; 2050.6049; 170; 201; 
567; 0; 2050.6045; 170; 201.2; 
567; 0; 2051.6556; 170; 201.4; 
567; 0; 2051.6552; 170; 201.6; 
567; 0; 2051.6548; 170; 201.8; 
567; 0; 2051.6544; 170; 202; 
567; 0; 2051.6541; 170; 202.2; 
567; 0; 2051.6537; 170; 202.4; 
567; 0; 2052.7048; 170; 202.6; 
567; 0; 2052.7044; 170; 202.8; 
567; 0; 2052.7039; 170; 203; 
567; 0; 2052.7034; 170; 203.2; 
567; 0; 2052.703; 170; 203.4; 
567; 0; 2052.7025; 170; 203.6; 
567; 0; 2052.7022; 170; 203.8; 
567; 0; 2052.7018; 170; 204; 
567; 0; 2053.7529; 170; 204.2; 
567; 0; 2053.7526; 170; 204.4; 
567; 0; 2053.7522; 170; 204.6; 
567; 0; 2053.7518; 170; 204.8; 
567; 0; 2053.7513; 170; 205; 
567; 0; 2053.7509; 170; 205.2; 
567; 0; 2053.7505; 170; 205.4; 
567; 0; 2053.7501; 170; 205.6; 
567; 0; 2053.7497; 170; 205.8; 
567; 0; 2053.7493; 170; 206; 
567; 0; 2054.8004; 170; 206.2; 
567; 0; 2054.8001; 170; 206.4; 
567; 0; 2054.7998; 170; 206.6; 
567; 0; 2054.7995; 170; 206.8; 
567; 0; 2054.7992; 170; 207; 
567; 0; 2054.7988; 170; 207.2; 
567; 0; 2054.7984; 170; 207.4; 
567; 0; 2054.798; 170; 207.6; 
567; 0; 2054.7976; 170; 207.8; 
567; 0; 2054.7972; 170; 208; 
567; 0; 2055.8483; 170; 208.2; 
567; 0; 2055.8479; 170; 208.4; 
567; 0; 2055.8475; 170; 208.6; 
567; 0; 2055.8471; 170; 208.8; 
567; 0; 2055.8467; 170; 209; 
567; 0; 2056.8978; 170; 209.2; 
567; 0; 2056.8974; 170; 209.4; 
567; 0; 2056.897; 170; 209.6; 
567; 0; 2056.8966; 170; 209.8; 
567; 0; 2056.8962; 170; 210; 
567; 0; 2056.8958; 170; 210.2; 
567; 0; 2056.8954; 170; 210.4; 
567; 0; 2057.9465; 170; 210.6; 
567; 0; 2057.9461; 170; 210.8; 
567; 0; 2057.9458; 170; 211; 
567; 0; 2057.9456; 170; 211.2; 
567; 0; 2057.9453; 170; 211.4; 
567; 0; 2057.945; 170; 211.6; 
567; 0; 2057.9447; 170; 211.8; 
567; 0; 2057.9443; 170; 212; 
567; 0; 2057.9439; 170; 212.2; 
567; 0; 2057.9435; 170; 212.4; 
567; 0; 2058.9946; 170; 212.6; 
567; 0; 2058.9942; 170; 212.8; 
567; 0; 2058.9938; 170; 213; 
567; 0; 2058.9934; 170; 213.2; 
567; 0; 2058.993; 170; 213.4; 
567; 0; 2058.9926; 170; 213.6; 
567; 0; 2058.9923; 170; 213.8; 
567; 0; 2058.992; 170; 214; 
567; 0; 2058.9917; 170; 214.2; 
567; 0; 2058.9913; 170; 214.4; 
567; 0; 2058.9909; 170; 214.6; 
567; 0; 2058.9906; 170; 214.8; 
567; 0; 2058.9902; 170; 215; 
567; 0; 2058.9899; 170; 215.2; 
567; 0; 2058.9896; 170; 215.4; 
567; 0; 2058.9892; 170; 215.6; 
567; 0; 2058.9889; 170; 215.8; 
567; 0; 2058.9885; 170; 216; 
567; 0; 2058.9882; 170; 216.2; 
567; 0; 2058.9879; 170; 216.4; 
567; 0; 2058.9875; 170; 216.6; 
567; 0; 2058.9872; 170; 216.8; 
567; 0; 2058.987; 170; 217; 
567; 0; 2058.9866; 170; 217.2; 
567; 0; 2058.9862; 170; 217.4; 
567; 0; 2058.9858; 170; 217.6; 
567; 0; 2060.0369; 170; 217.8; 
567; 0; 2060.0364; 170; 218; 
567; 0; 2060.0353; 170; 218.2; 
567; 0; 2061.0847; 170; 218.4; 
567; 0; 2061.0813; 170; 218.6; 
567; 0; 2061.076; 170; 218.8; 
567; 0; 2062.1195; 170; 219; 
567; 0; 2062.1086; 170; 219.2; 
567; 0; 2062.0946; 170; 219.4; 
567; 0; 2062.0786; 170; 219.6; 
567; 0; 2064.1646; 170; 219.8; 
567; 0; 2066.2519; 170; 220; 
567; 0; 2070.4445; 170; 220.2; 
567; 0; 2075.6926; 170; 220.4; 
567; 0; 2081.9971; 170; 220.6; 
567; 0; 2088.2016; 170; 220.8; 
567; 0; 2094.5621; 170; 221; 
567; 0; 2099.1096; 170; 221.2; 
567; 0; 2104.5671; 170; 221.4; 
567; 0; 2108.2097; 170; 221.6; 
567; 0; 2110.9441; 170; 221.8; 
567; 0; 2113.6775; 170; 222; 
567; 0; 2115.5008; 170; 222.2; 
567; 0; 2116.4135; 170; 222.4; 
567; 0; 2117.3235; 170; 222.6; 
567; 0; 2117.3227; 170; 222.8; 
567; 0; 2117.3196; 170; 223; 
567; 0; 2117.3149; 170; 223.2; 
567; 0; 2118.2171; 170; 223.4; 
567; 0; 2119.119; 170; 223.6; 
567; 0; 2120.0213; 170; 223.8; 
567; 0; 2120.9245; 170; 224; 
567; 0; 2122.737; 170; 224.2; 
567; 0; 2124.5511; 170; 224.4; 
567; 0; 2127.2749; 170; 224.6; 
567; 0; 2129.0926; 170; 224.8; 
567; 0; 2130.9125; 170; 225; 
567; 0; 2132.7346; 170; 225.2; 
567; 0; 2134.5585; 170; 225.4; 
567; 0; 2135.4755; 170; 225.6; 
567; 0; 2135.4847; 170; 225.8; 
567; 0; 2134.5851; 170; 226; 
567; 0; 2133.6838; 170; 226.2; 
567; 0; 2131.8723; 170; 226.4; 
567; 0; 2130.0581; 170; 226.6; 
567; 0; 2128.2415; 170; 226.8; 
567; 0; 2125.5145; 170; 227; 
567; 0; 2122.7858; 170; 227.2; 
567; 0; 2120.0562; 170; 227.4; 
567; 0; 2118.2345; 170; 227.6; 
567; 0; 2116.4133; 170; 227.8; 
567; 0; 2114.5931; 170; 228; 
567; 0; 2113.6824; 170; 228.2; 
567; 0; 2111.865; 170; 228.4; 
567; 0; 2110.957; 170; 228.6; 
567; 0; 2110.05; 170; 228.8; 
567; 0; 2108.2358; 170; 229; 
567; 0; 2107.33; 170; 229.2; 
567; 0; 2106.4243; 170; 229.4; 
567; 0; 2104.6102; 170; 229.6; 
567; 0; 2102.7956; 170; 229.8; 
567; 0; 2101.8884; 170; 230; 
567; 0; 2100.0725; 170; 230.2; 
567; 0; 2098.2561; 170; 230.4; 
567; 0; 2096.4392; 170; 230.6; 
567; 0; 2094.6221; 170; 230.8; 
567; 0; 2093.7129; 170; 231; 
567; 0; 2091.8957; 170; 231.2; 
567; 0; 2090.9867; 170; 231.4; 
567; 0; 2089.1699; 170; 231.6; 
567; 0; 2088.2614; 170; 231.8; 
567; 0; 2087.3469; 170; 232; 
567; 0; 2085.2441; 170; 232.2; 
567; 0; 2084.193; 170; 232.4; 
567; 0; 2083.1419; 170; 232.6; 
567; 0; 2082.091; 170; 232.8; 
567; 0; 2081.04; 170; 233; 
567; 0; 2079.9889; 170; 233.2; 
567; 0; 2078.9377; 170; 233.4; 
567; 0; 2077.8865; 170; 233.6; 
567; 0; 2076.8349; 170; 233.8; 
567; 0; 2075.7833; 170; 234; 
567; 0; 2074.7316; 170; 234.2; 
567; 0; 2073.6798; 170; 234.4; 
567; 0; 2072.628; 170; 234.6; 
567; 0; 2071.5762; 170; 234.8; 
567; 0; 2070.5244; 170; 235; 
567; 0; 2069.4728; 170; 235.2; 
567; 0; 2069.4725; 170; 235.4; 
567; 0; 2068.421; 170; 235.6; 
567; 0; 2067.3695; 170; 235.8; 
567; 0; 2067.3694; 170; 236; 
567; 0; 2066.3179; 170; 236.2; 
567; 0; 2065.2664; 170; 236.4; 
567; 0; 2065.2662; 170; 236.6; 
567; 0; 2064.2146; 170; 236.8; 
567; 0; 2064.2144; 170; 237; 
567; 0; 2063.1628; 170; 237.2; 
567; 0; 2063.1626; 170; 237.4; 
567; 0; 2062.1109; 170; 237.6; 
567; 0; 2062.1107; 170; 237.8; 
567; 0; 2061.0591; 170; 238; 
567; 0; 2061.0588; 170; 238.2; 
567; 0; 2061.0585; 170; 238.4; 
567; 0; 2060.0068; 170; 238.6; 
567; 0; 2060.0065; 170; 238.8; 
567; 0; 2060.0062; 170; 239; 
567; 0; 2058.9545; 170; 239.2; 
567; 0; 2058.9543; 170; 239.4; 
567; 0; 2058.954; 170; 239.6; 
567; 0; 2057.9024; 170; 239.8; 
567; 0; 2057.9021; 170; 240; 
567; 0; 2057.9018; 170; 240.2; 
567; 0; 2057.9016; 170; 240.4; 
567; 0; 2056.85; 170; 240.6; 
567; 0; 2056.8498; 170; 240.8; 
567; 0; 2056.8495; 170; 241; 
567; 0; 2056.8492; 170; 241.2; 
567; 0; 2055.7975; 170; 241.4; 
567; 0; 2055.7972; 170; 241.6; 
567; 0; 2055.7968; 170; 241.8; 
567; 0; 2055.7965; 170; 242; 
567; 0; 2055.7961; 170; 242.2; 
567; 0; 2055.7959; 170; 242.4; 
567; 0; 2055.7956; 170; 242.6; 
567; 0; 2054.7439; 170; 242.8; 
567; 0; 2054.7436; 170; 243; 
567; 0; 2054.7433; 170; 243.2; 
567; 0; 2054.7431; 170; 243.4; 
567; 0; 2054.7428; 170; 243.6; 
567; 0; 2054.7425; 170; 243.8; 
567; 0; 2054.7423; 170; 244; 
567; 0; 2054.7421; 170; 244.2; 
567; 0; 2054.7418; 170; 244.4; 
567; 0; 2054.7415; 170; 244.6; 
567; 0; 2054.7411; 170; 244.8; 
567; 0; 2054.7407; 170; 245; 
567; 0; 2054.7404; 170; 245.2; 
567; 0; 2054.74; 170; 245.4; 
567; 0; 2053.6883; 170; 245.6; 
567; 0; 2053.6881; 170; 245.8; 
567; 0; 2053.6878; 170; 246; 
567; 0; 2054.7389; 170; 246.2; 
567; 0; 2054.7383; 170; 246.4; 
567; 0; 2055.7885; 170; 246.6; 
567; 0; 2055.7861; 170; 246.8; 
567; 0; 2055.7822; 170; 247; 
567; 0; 2055.7769; 170; 247.2; 
567; 0; 2055.7706; 170; 247.4; 
567; 0; 2055.7644; 170; 247.6; 
567; 0; 2055.7591; 170; 247.8; 
567; 0; 2056.807; 170; 248; 
567; 0; 2058.9088; 170; 248.2; 
567; 0; 2059.9618; 170; 248.4; 
567; 0; 2061.0172; 170; 248.6; 
567; 0; 2063.1254; 170; 248.8; 
567; 0; 2064.1833; 170; 249; 
567; 0; 2065.2414; 170; 249.2; 
567; 0; 2065.2475; 170; 249.4; 
567; 0; 2066.3037; 170; 249.6; 
567; 0; 2066.307; 170; 249.8; 
567; 0; 2065.2573; 170; 250; 
567; 0; 2065.2573; 170; 250.2; 
567; 0; 2065.2561; 170; 250.4; 
567; 0; 2064.2026; 170; 250.6; 
567; 0; 2064.2001; 170; 250.8; 
567; 0; 2064.1976; 170; 251; 
567; 0; 2063.1439; 170; 251.2; 
567; 0; 2063.1421; 170; 251.4; 
567; 0; 2063.1407; 170; 251.6; 
567; 0; 2063.1399; 170; 251.8; 
567; 0; 2062.0882; 170; 252; 
567; 0; 2062.0882; 170; 252.2; 
567; 0; 2062.0884; 170; 252.4; 
567; 0; 2062.0887; 170; 252.6; 
567; 0; 2062.089; 170; 252.8; 
567; 0; 2062.0891; 170; 253; 
567; 0; 2061.0378; 170; 253.2; 
567; 0; 2061.0376; 170; 253.4; 
567; 0; 2061.0373; 170; 253.6; 
567; 0; 2061.0369; 170; 253.8; 
567; 0; 2059.9852; 170; 254; 
567; 0; 2059.9847; 170; 254.2; 
567; 0; 2059.9843; 170; 254.4; 
567; 0; 2059.9839; 170; 254.6; 
567; 0; 2059.9835; 170; 254.8; 
567; 0; 2058.9318; 170; 255; 
567; 0; 2058.9314; 170; 255.2; 
567; 0; 2058.9311; 170; 255.4; 
567; 0; 2058.9308; 170; 255.6; 
567; 0; 2058.9305; 170; 255.8; 
567; 0; 2058.9303; 170; 256; 
567; 0; 2058.93; 170; 256.2; 
567; 0; 2057.8785; 170; 256.4; 
567; 0; 2057.8783; 170; 256.6; 
567; 0; 2057.878; 170; 256.8; 
567; 0; 2057.8777; 170; 257; 
567; 0; 2057.8774; 170; 257.2; 
567; 0; 2057.8771; 170; 257.4; 
567; 0; 2057.8766; 170; 257.6; 
567; 0; 2058.9268; 170; 257.8; 
567; 0; 2058.9246; 170; 258; 
567; 0; 2058.9209; 170; 258.2; 
567; 0; 2058.9152; 170; 258.4; 
567; 0; 2059.958; 170; 258.6; 
567; 0; 2058.8951; 170; 258.8; 
567; 0; 2059.9317; 170; 259; 
567; 0; 2059.9155; 170; 259.2; 
567; 0; 2062.0015; 170; 259.4; 
567; 0; 2065.1403; 170; 259.6; 
567; 0; 2069.3336; 170; 259.8; 
567; 0; 2074.5827; 170; 260; 
567; 0; 2080.8881; 170; 260.2; 
567; 0; 2088.1644; 170; 260.4; 
567; 0; 2093.6174; 170; 260.6; 
567; 0; 2098.1652; 170; 260.8; 
567; 0; 2102.7146; 170; 261; 
567; 0; 2106.3569; 170; 261.2; 
567; 0; 2109.9987; 170; 261.4; 
567; 0; 2111.8232; 170; 261.6; 
567; 0; 2113.6456; 170; 261.8; 
567; 0; 2114.5573; 170; 262; 
567; 0; 2114.5583; 170; 262.2; 
567; 0; 2114.5567; 170; 262.4; 
567; 0; 2115.461; 170; 262.6; 
567; 0; 2115.4558; 170; 262.8; 
567; 0; 2116.358; 170; 263; 
567; 0; 2117.2601; 170; 263.2; 
567; 0; 2118.1627; 170; 263.4; 
567; 0; 2119.9744; 170; 263.6; 
567; 0; 2120.8795; 170; 263.8; 
567; 0; 2123.602; 170; 264; 
567; 0; 2125.418; 170; 264.2; 
567; 0; 2127.2354; 170; 264.4; 
567; 0; 2129.0536; 170; 264.6; 
567; 0; 2129.9645; 170; 264.8; 
567; 0; 2130.8756; 170; 265; 
567; 0; 2132.6944; 170; 265.2; 
567; 0; 2132.6968; 170; 265.4; 
567; 0; 2133.6064; 170; 265.6; 
567; 0; 2133.6073; 170; 265.8; 
567; 0; 2133.6073; 170; 266; 
567; 0; 2133.6066; 170; 266.2; 
567; 0; 2133.6052; 170; 266.4; 
567; 0; 2133.6034; 170; 266.6; 
567; 0; 2134.5094; 170; 266.8; 
567; 0; 2134.5075; 170; 267; 
567; 0; 2134.5058; 170; 267.2; 
567; 0; 2135.4125; 170; 267.4; 
567; 0; 2135.4116; 170; 267.6; 
567; 0; 2136.3192; 170; 267.8; 
567; 0; 2137.2274; 170; 268; 
567; 0; 2138.1366; 170; 268.2; 
567; 0; 2139.047; 170; 268.4; 
567; 0; 2139.0512; 170; 268.6; 
567; 0; 2139.965; 170; 268.8; 
567; 0; 2139.972; 170; 269; 
567; 0; 2139.0718; 170; 269.2; 
567; 0; 2138.1713; 170; 269.4; 
567; 0; 2137.2698; 170; 269.6; 
567; 0; 2134.5507; 170; 269.8; 
567; 0; 2132.7374; 170; 270; 
567; 0; 2130.014; 170; 270.2; 
567; 0; 2127.2885; 170; 270.4; 
567; 0; 2124.5613; 170; 270.6; 
567; 0; 2120.9251; 170; 270.8; 
567; 0; 2118.1965; 170; 271; 
567; 0; 2116.376; 170; 271.2; 
567; 0; 2113.6482; 170; 271.4; 
567; 0; 2111.8293; 170; 271.6; 
567; 0; 2110.0116; 170; 271.8; 
567; 0; 2108.195; 170; 272; 
567; 0; 2106.3794; 170; 272.2; 
567; 0; 2105.4724; 170; 272.4; 
567; 0; 2103.6579; 170; 272.6; 
567; 0; 2101.8436; 170; 272.8; 
567; 0; 2100.0292; 170; 273; 
567; 0; 2099.1225; 170; 273.2; 
567; 0; 2097.3074; 170; 273.4; 
567; 0; 2095.4918; 170; 273.6; 
567; 0; 2093.6758; 170; 273.8; 
567; 0; 2091.8593; 170; 274; 
567; 0; 2090.0427; 170; 274.2; 
567; 0; 2088.2259; 170; 274.4; 
567; 0; 2087.2916; 170; 274.6; 
567; 0; 2085.1878; 170; 274.8; 
567; 0; 2084.1356; 170; 275; 
567; 0; 2082.0324; 170; 275.2; 
567; 0; 2080.9808; 170; 275.4; 
567; 0; 2079.9296; 170; 275.6; 
567; 0; 2078.8785; 170; 275.8; 
567; 0; 2077.8276; 170; 276; 
567; 0; 2076.7768; 170; 276.2; 
567; 0; 2075.7259; 170; 276.4; 
567; 0; 2074.6749; 170; 276.6; 
567; 0; 2073.6236; 170; 276.8; 
567; 0; 2072.5723; 170; 277; 
567; 0; 2071.5208; 170; 277.2; 
567; 0; 2070.4692; 170; 277.4; 
567; 0; 2069.4175; 170; 277.6; 
567; 0; 2068.3657; 170; 277.8; 
567; 0; 2067.3141; 170; 278; 
567; 0; 2066.2625; 170; 278.2; 
567; 0; 2066.2623; 170; 278.4; 
567; 0; 2065.2109; 170; 278.6; 
567; 0; 2064.1595; 170; 278.8; 
567; 0; 2064.1595; 170; 279; 
567; 0; 2063.1082; 170; 279.2; 
567; 0; 2062.0569; 170; 279.4; 
567; 0; 2062.0568; 170; 279.6; 
567; 0; 2061.0053; 170; 279.8; 
567; 0; 2061.0052; 170; 280; 
567; 0; 2059.9538; 170; 280.2; 
567; 0; 2059.9535; 170; 280.4; 
567; 0; 2058.9021; 170; 280.6; 
567; 0; 2058.9019; 170; 280.8; 
567; 0; 2058.9017; 170; 281; 
567; 0; 2057.8503; 170; 281.2; 
567; 0; 2057.8501; 170; 281.4; 
567; 0; 2056.7986; 170; 281.6; 
567; 0; 2056.7984; 170; 281.8; 
567; 0; 2056.7982; 170; 282; 
567; 0; 2056.7981; 170; 282.2; 
567; 0; 2055.7466; 170; 282.4; 
567; 0; 2055.7464; 170; 282.6; 
567; 0; 2055.7462; 170; 282.8; 
567; 0; 2055.7459; 170; 283; 
567; 0; 2054.6943; 170; 283.2; 
567; 0; 2054.694; 170; 283.4; 
567; 0; 2054.6938; 170; 283.6; 
567; 0; 2054.6936; 170; 283.8; 
567; 0; 2054.6934; 170; 284; 
567; 0; 2053.642; 170; 284.2; 
567; 0; 2053.6419; 170; 284.4; 
567; 0; 2053.6417; 170; 284.6; 
567; 0; 2053.6415; 170; 284.8; 
567; 0; 2053.6413; 170; 285; 
567; 0; 2053.6411; 170; 285.2; 
567; 0; 2053.6409; 170; 285.4; 
567; 0; 2053.6407; 170; 285.6; 
567; 0; 2053.6405; 170; 285.8; 
567; 0; 2053.6403; 170; 286; 
567; 0; 2052.5888; 170; 286.2; 
567; 0; 2052.5885; 170; 286.4; 
567; 0; 2052.5882; 170; 286.6; 
567; 0; 2052.588; 170; 286.8; 
567; 0; 2052.5878; 170; 287; 
567; 0; 2052.5876; 170; 287.2; 
567; 0; 2052.5873; 170; 287.4; 
567; 0; 2052.5871; 170; 287.6; 
567; 0; 2052.5869; 170; 287.8; 
567; 0; 2052.5866; 170; 288; 
567; 0; 2052.5863; 170; 288.2; 
567; 0; 2053.6373; 170; 288.4; 
567; 0; 2053.6368; 170; 288.6; 
567; 0; 2053.636; 170; 288.8; 
567; 0; 2053.6349; 170; 289; 
567; 0; 2053.6337; 170; 289.2; 
567; 0; 2053.6324; 170; 289.4; 
567; 0; 2053.6312; 170; 289.6; 
567; 0; 2053.6303; 170; 289.8; 
567; 0; 2054.6812; 170; 290; 
567; 0; 2054.6814; 170; 290.2; 
567; 0; 2054.682; 170; 290.4; 
567; 0; 2054.6829; 170; 290.6; 
567; 0; 2055.7352; 170; 290.8; 
567; 0; 2055.7362; 170; 291; 
567; 0; 2055.7371; 170; 291.2; 
567; 0; 2055.7378; 170; 291.4; 
567; 0; 2055.7382; 170; 291.6; 
567; 0; 2055.7382; 170; 291.8; 
567; 0; 2055.7379; 170; 292; 
567; 0; 2055.7375; 170; 292.2; 
567; 0; 2055.7369; 170; 292.4; 
567; 0; 2055.7362; 170; 292.6; 
567; 0; 2054.6843; 170; 292.8; 
567; 0; 2054.6836; 170; 293; 
567; 0; 2054.6831; 170; 293.2; 
567; 0; 2054.6826; 170; 293.4; 
567; 0; 2054.6822; 170; 293.6; 
567; 0; 2054.6819; 170; 293.8; 
567; 0; 2054.6817; 170; 294; 
567; 0; 2054.6815; 170; 294.2; 
567; 0; 2054.6813; 170; 294.4; 
567; 0; 2054.6811; 170; 294.6; 
567; 0; 2054.6809; 170; 294.8; 
567; 0; 2054.6806; 170; 295; 
567; 0; 2054.6804; 170; 295.2; 
567; 0; 2054.6802; 170; 295.4; 
567; 0; 2054.68; 170; 295.6; 
567; 0; 2054.6799; 170; 295.8; 
567; 0; 2054.6796; 170; 296; 
567; 0; 2054.6793; 170; 296.2; 
567; 0; 2054.679; 170; 296.4; 
567; 0; 2054.6787; 170; 296.6; 
567; 0; 2054.6785; 170; 296.8; 
567; 0; 2054.6783; 170; 297; 
567; 0; 2054.6781; 170; 297.2; 
567; 0; 2054.6778; 170; 297.4; 
567; 0; 2054.6776; 170; 297.6; 
567; 0; 2054.6774; 170; 297.8; 
567; 0; 2054.6773; 170; 298; 
567; 0; 2055.7281; 170; 298.2; 
567; 0; 2055.727; 170; 298.4; 
567; 0; 2055.7245; 170; 298.6; 
567; 0; 2056.7713; 170; 298.8; 
567; 0; 2056.7645; 170; 299; 
567; 0; 2056.7546; 170; 299.2; 
567; 0; 2056.7415; 170; 299.4; 
567; 0; 2057.7772; 170; 299.6; 
567; 0; 2058.812; 170; 299.8; 
567; 0; 2061.9498; 170; 300; 
567; 0; 2065.0901; 170; 300.2; 
567; 0; 2070.3366; 170; 300.4; 
567; 0; 2076.639; 170; 300.6; 
567; 0; 2082.9469; 170; 300.8; 
567; 0; 2089.0454; 170; 301; 
567; 0; 2094.4993; 170; 301.2; 
567; 0; 2099.0476; 170; 301.4; 
567; 0; 2102.6892; 170; 301.6; 
567; 0; 2106.3308; 170; 301.8; 
567; 0; 2108.1556; 170; 302; 
567; 0; 2109.9786; 170; 302.2; 
567; 0; 2111.7992; 170; 302.4; 
567; 0; 2111.8013; 170; 302.6; 
567; 0; 2112.7086; 170; 302.8; 
567; 0; 2112.7058; 170; 303; 
567; 0; 2112.7014; 170; 303.2; 
567; 0; 2113.6039; 170; 303.4; 
567; 0; 2114.506; 170; 303.6; 
567; 0; 2115.4085; 170; 303.8; 
567; 0; 2116.3119; 170; 304; 
567; 0; 2118.1245; 170; 304.2; 
567; 0; 2119.9385; 170; 304.4; 
567; 0; 2122.6618; 170; 304.6; 
567; 0; 2124.4786; 170; 304.8; 
567; 0; 2126.2965; 170; 305; 
567; 0; 2127.2072; 170; 305.2; 
567; 0; 2129.026; 170; 305.4; 
567; 0; 2129.9369; 170; 305.6; 
567; 0; 2130.8474; 170; 305.8; 
567; 0; 2130.8493; 170; 306; 
567; 0; 2130.8504; 170; 306.2; 
567; 0; 2131.7585; 170; 306.4; 
567; 0; 2131.7579; 170; 306.6; 
567; 0; 2131.7567; 170; 306.8; 
567; 0; 2131.755; 170; 307; 
567; 0; 2131.7531; 170; 307.2; 
567; 0; 2131.7512; 170; 307.4; 
567; 0; 2132.6574; 170; 307.6; 
567; 0; 2132.6561; 170; 307.8; 
567; 0; 2133.5631; 170; 308; 
567; 0; 2134.4706; 170; 308.2; 
567; 0; 2134.4706; 170; 308.4; 
567; 0; 2135.3789; 170; 308.6; 
567; 0; 2135.3796; 170; 308.8; 
567; 0; 2136.2884; 170; 309; 
567; 0; 2136.2894; 170; 309.2; 
567; 0; 2136.2902; 170; 309.4; 
567; 0; 2136.2909; 170; 309.6; 
567; 0; 2136.2913; 170; 309.8; 
567; 0; 2136.2915; 170; 310; 
567; 0; 2136.2913; 170; 310.2; 
567; 0; 2136.291; 170; 310.4; 
567; 0; 2136.2904; 170; 310.6; 
567; 0; 2136.2898; 170; 310.8; 
567; 0; 2136.289; 170; 311; 
567; 0; 2136.2883; 170; 311.2; 
567; 0; 2136.2878; 170; 311.4; 
567; 0; 2136.2873; 170; 311.6; 
567; 0; 2137.1949; 170; 311.8; 
567; 0; 2137.1948; 170; 312; 
567; 0; 2137.1949; 170; 312.2; 
567; 0; 2137.195; 170; 312.4; 
567; 0; 2137.1953; 170; 312.6; 
567; 0; 2137.1955; 170; 312.8; 
567; 0; 2137.1958; 170; 313; 
567; 0; 2137.196; 170; 313.2; 
567; 0; 2137.1961; 170; 313.4; 
567; 0; 2137.1963; 170; 313.6; 
567; 0; 2137.1969; 170; 313.8; 
567; 0; 2138.1065; 170; 314; 
567; 0; 2138.1097; 170; 314.2; 
567; 0; 2138.1146; 170; 314.4; 
567; 0; 2138.1211; 170; 314.6; 
567; 0; 2137.2207; 170; 314.8; 
567; 0; 2136.3204; 170; 315; 
567; 0; 2134.5115; 170; 315.2; 
567; 0; 2131.7931; 170; 315.4; 
567; 0; 2129.9806; 170; 315.6; 
567; 0; 2127.258; 170; 315.8; 
567; 0; 2123.6254; 170; 316; 
567; 0; 2120.8991; 170; 316.2; 
567; 0; 2118.1715; 170; 316.4; 
567; 0; 2114.5355; 170; 316.6; 
567; 0; 2111.8074; 170; 316.8; 
567; 0; 2109.0798; 170; 317; 
567; 0; 2107.261; 170; 317.2; 
567; 0; 2105.4432; 170; 317.4; 
567; 0; 2102.7185; 170; 317.6; 
567; 0; 2100.9027; 170; 317.8; 
567; 0; 2099.0875; 170; 318; 
567; 0; 2097.2728; 170; 318.2; 
567; 0; 2096.3661; 170; 318.4; 
567; 0; 2094.5515; 170; 318.6; 
567; 0; 2092.7366; 170; 318.8; 
567; 0; 2090.9214; 170; 319; 
567; 0; 2089.1059; 170; 319.2; 
567; 0; 2087.2501; 170; 319.4; 
567; 0; 2085.1472; 170; 319.6; 
567; 0; 2083.044; 170; 319.8; 
567; 0; 2080.9407; 170; 320; 
567; 0; 2079.8885; 170; 320.2; 
567; 0; 2077.7851; 170; 320.4; 
567; 0; 2076.733; 170; 320.6; 
567; 0; 2075.6812; 170; 320.8; 
567; 0; 2073.5785; 170; 321; 
567; 0; 2072.5272; 170; 321.2; 
567; 0; 2071.476; 170; 321.4; 
567; 0; 2070.4249; 170; 321.6; 
567; 0; 2069.3739; 170; 321.8; 
567; 0; 2068.3229; 170; 322; 
567; 0; 2067.2718; 170; 322.2; 
567; 0; 2066.2208; 170; 322.4; 
567; 0; 2065.1696; 170; 322.6; 
567; 0; 2064.1183; 170; 322.8; 
567; 0; 2063.067; 170; 323; 
567; 0; 2062.0155; 170; 323.2; 
567; 0; 2060.9641; 170; 323.4; 
567; 0; 2060.9638; 170; 323.6; 
567; 0; 2059.9124; 170; 323.8; 
567; 0; 2058.8611; 170; 324; 
567; 0; 2058.8609; 170; 324.2; 
567; 0; 2057.8095; 170; 324.4; 
567; 0; 2057.8094; 170; 324.6; 
567; 0; 2056.758; 170; 324.8; 
567; 0; 2056.7579; 170; 325; 
567; 0; 2055.7065; 170; 325.2; 
567; 0; 2055.7064; 170; 325.4; 
567; 0; 2054.6551; 170; 325.6; 
567; 0; 2054.6549; 170; 325.8; 
567; 0; 2054.6548; 170; 326; 
567; 0; 2053.6034; 170; 326.2; 
567; 0; 2053.6033; 170; 326.4; 
567; 0; 2053.6031; 170; 326.6; 
567; 0; 2052.5518; 170; 326.8; 
567; 0; 2052.5517; 170; 327; 
567; 0; 2052.5516; 170; 327.2; 
567; 0; 2052.5515; 170; 327.4; 
567; 0; 2051.5001; 170; 327.6; 
567; 0; 2051.4999; 170; 327.8; 
567; 0; 2051.4997; 170; 328; 
567; 0; 2051.4995; 170; 328.2; 
567; 0; 2051.4993; 170; 328.4; 
567; 0; 2051.4991; 170; 328.6; 
567; 0; 2050.4477; 170; 328.8; 
567; 0; 2050.4475; 170; 329; 
567; 0; 2050.4474; 170; 329.2; 
567; 0; 2050.4473; 170; 329.4; 
567; 0; 2050.4471; 170; 329.6; 
567; 0; 2050.4468; 170; 329.8; 
567; 0; 2050.4466; 170; 330; 
567; 0; 2050.4463; 170; 330.2; 
567; 0; 2050.4461; 170; 330.4; 
567; 0; 2050.4458; 170; 330.6; 
567; 0; 2050.4456; 170; 330.8; 
567; 0; 2050.4455; 170; 331; 
567; 0; 2049.3942; 170; 331.2; 
567; 0; 2049.394; 170; 331.4; 
567; 0; 2049.3939; 170; 331.6; 
567; 0; 2049.3938; 170; 331.8; 
567; 0; 2049.3937; 170; 332; 
567; 0; 2049.3935; 170; 332.2; 
567; 0; 2049.3933; 170; 332.4; 
567; 0; 2049.393; 170; 332.6; 
567; 0; 2049.3928; 170; 332.8; 
567; 0; 2049.3927; 170; 333; 
567; 0; 2049.3925; 170; 333.2; 
567; 0; 2049.3924; 170; 333.4; 
567; 0; 2050.4435; 170; 333.6; 
567; 0; 2050.4433; 170; 333.8; 
567; 0; 2050.4431; 170; 334; 
567; 0; 2050.4428; 170; 334.2; 
567; 0; 2050.4425; 170; 334.4; 
567; 0; 2050.4423; 170; 334.6; 
567; 0; 2050.442; 170; 334.8; 
567; 0; 2050.4419; 170; 335; 
567; 0; 2050.4417; 170; 335.2; 
567; 0; 2050.4416; 170; 335.4; 
567; 0; 2050.4415; 170; 335.6; 
567; 0; 2050.4413; 170; 335.8; 
567; 0; 2050.4411; 170; 336; 
567; 0; 2050.4409; 170; 336.2; 
567; 0; 2050.4407; 170; 336.4; 
567; 0; 2050.4405; 170; 336.6; 
567; 0; 2050.4403; 170; 336.8; 
567; 0; 2050.4401; 170; 337; 
567; 0; 2050.4399; 170; 337.2; 
567; 0; 2050.4397; 170; 337.4; 
567; 0; 2050.4396; 170; 337.6; 
567; 0; 2050.4394; 170; 337.8; 
567; 0; 2050.4392; 170; 338; 
567; 0; 2050.439; 170; 338.2; 
567; 0; 2050.4388; 170; 338.4; 
567; 0; 2050.4387; 170; 338.6; 
567; 0; 2051.4897; 170; 338.8; 
567; 0; 2051.4896; 170; 339; 
567; 0; 2051.4895; 170; 339.2; 
567; 0; 2051.4894; 170; 339.4; 
567; 0; 2051.4892; 170; 339.6; 
567; 0; 2051.489; 170; 339.8; 
567; 0; 2051.4889; 170; 340; 
567; 0; 2051.4887; 170; 340.2; 
567; 0; 2051.4885; 170; 340.4; 
567; 0; 2051.4883; 170; 340.6; 
567; 0; 2051.4881; 170; 340.8; 
567; 0; 2051.4878; 170; 341; 
567; 0; 2051.4876; 170; 341.2; 
567; 0; 2051.4873; 170; 341.4; 
567; 0; 2051.4872; 170; 341.6; 
567; 0; 2051.487; 170; 341.8; 
567; 0; 2051.4868; 170; 342; 
567; 0; 2051.4866; 170; 342.2; 
567; 0; 2052.5376; 170; 342.4; 
567; 0; 2052.5375; 170; 342.6; 
567; 0; 2052.5373; 170; 342.8; 
567; 0; 2052.5371; 170; 343; 
567; 0; 2052.537; 170; 343.2; 
567; 0; 2053.5879; 170; 343.4; 
567; 0; 2053.5878; 170; 343.6; 
567; 0; 2054.6386; 170; 343.8; 
567; 0; 2054.6377; 170; 344; 
567; 0; 2055.6869; 170; 344.2; 
567; 0; 2055.6835; 170; 344.4; 
567; 0; 2056.7292; 170; 344.6; 
567; 0; 2056.721; 170; 344.8; 
567; 0; 2056.7097; 170; 345; 
567; 0; 2056.6955; 170; 345.2; 
567; 0; 2057.7307; 170; 345.4; 
567; 0; 2059.8168; 170; 345.6; 
567; 0; 2062.9555; 170; 345.8; 
567; 0; 2067.1485; 170; 346; 
567; 0; 2072.397; 170; 346.2; 
567; 0; 2078.7017; 170; 346.4; 
567; 0; 2085.0118; 170; 346.6; 
567; 0; 2090.8379; 170; 346.8; 
567; 0; 2096.2927; 170; 347; 
567; 0; 2099.9337; 170; 347.2; 
567; 0; 2103.5751; 170; 347.4; 
567; 0; 2106.3083; 170; 347.6; 
567; 0; 2108.1322; 170; 347.8; 
567; 0; 2109.9538; 170; 348; 
567; 0; 2110.865; 170; 348.2; 
567; 0; 2110.8656; 170; 348.4; 
567; 0; 2111.7716; 170; 348.6; 
567; 0; 2111.7678; 170; 348.8; 
567; 0; 2111.7627; 170; 349; 
567; 0; 2112.6649; 170; 349.2; 
567; 0; 2113.5673; 170; 349.4; 
567; 0; 2114.4704; 170; 349.6; 
567; 0; 2116.2824; 170; 349.8; 
567; 0; 2118.0958; 170; 350; 
567; 0; 2119.9107; 170; 350.2; 
567; 0; 2121.727; 170; 350.4; 
567; 0; 2123.5444; 170; 350.6; 
567; 0; 2125.3627; 170; 350.8; 
567; 0; 2126.2735; 170; 351; 
567; 0; 2127.1844; 170; 351.2; 
567; 0; 2128.095; 170; 351.4; 
567; 0; 2129.0052; 170; 351.6; 
567; 0; 2129.0073; 170; 351.8; 
567; 0; 2129.9174; 170; 352; 
567; 0; 2129.9198; 170; 352.2; 
567; 0; 2129.9225; 170; 352.4; 
567; 0; 2129.9255; 170; 352.6; 
567; 0; 2129.0209; 170; 352.8; 
567; 0; 2129.0242; 170; 353; 
567; 0; 2128.1193; 170; 353.2; 
567; 0; 2126.306; 170; 353.4; 
567; 0; 2125.3999; 170; 353.6; 
567; 0; 2123.585; 170; 353.8; 
567; 0; 2121.7694; 170; 354; 
567; 0; 2119.9529; 170; 354.2; 
567; 0; 2117.228; 170; 354.4; 
567; 0; 2115.4106; 170; 354.6; 
567; 0; 2113.5931; 170; 354.8; 
567; 0; 2111.7756; 170; 355; 
567; 0; 2109.9584; 170; 355.2; 
567; 0; 2109.0495; 170; 355.4; 
567; 0; 2107.2332; 170; 355.6; 
567; 0; 2105.4174; 170; 355.8; 
567; 0; 2104.5099; 170; 356; 
567; 0; 2102.6948; 170; 356.2; 
567; 0; 2101.7878; 170; 356.4; 
567; 0; 2099.973; 170; 356.6; 
567; 0; 2098.1581; 170; 356.8; 
567; 0; 2097.251; 170; 357; 
567; 0; 2095.4357; 170; 357.2; 
567; 0; 2093.6202; 170; 357.4; 
567; 0; 2092.7123; 170; 357.6; 
567; 0; 2090.8965; 170; 357.8; 
567; 0; 2089.9883; 170; 358; 
567; 0; 2088.1723; 170; 358.2; 
567; 0; 2087.2104; 170; 358.4; 
567; 0; 2085.1077; 170; 358.6; 
567; 0; 2084.0562; 170; 358.8; 
567; 0; 2083.0049; 170; 359; 
567; 0; 2081.9538; 170; 359.2; 
567; 0; 2079.8517; 170; 359.4; 
567; 0; 2078.8008; 170; 359.6; 
567; 0; 2077.7499; 170; 359.8; 
567; 0; 2076.699; 170; 360; 
567; 0; 2075.6481; 170; 360.2; 
567; 0; 2074.5972; 170; 360.4; 
567; 0; 2073.5462; 170; 360.6; 
567; 0; 2072.4951; 170; 360.8; 
567; 0; 2071.444; 170; 361; 
567; 0; 2070.3928; 170; 361.2; 
567; 0; 2069.3416; 170; 361.4; 
567; 0; 2069.3415; 170; 361.6; 
567; 0; 2068.2902; 170; 361.8; 
567; 0; 2067.239; 170; 362; 
567; 0; 2066.1878; 170; 362.2; 
567; 0; 2065.1366; 170; 362.4; 
567; 0; 2065.1365; 170; 362.6; 
567; 0; 2064.0853; 170; 362.8; 
567; 0; 2064.0852; 170; 363; 
567; 0; 2063.0341; 170; 363.2; 
567; 0; 2061.983; 170; 363.4; 
567; 0; 2061.983; 170; 363.6; 
567; 0; 2060.9319; 170; 363.8; 
567; 0; 2060.9319; 170; 364; 
567; 0; 2059.8807; 170; 364.2; 
567; 0; 2059.8806; 170; 364.4; 
567; 0; 2058.8293; 170; 364.6; 
567; 0; 2058.8292; 170; 364.8; 
567; 0; 2057.7779; 170; 365; 
567; 0; 2057.7778; 170; 365.2; 
567; 0; 2057.7777; 170; 365.4; 
567; 0; 2056.7266; 170; 365.6; 
567; 0; 2056.7266; 170; 365.8; 
567; 0; 2056.7266; 170; 366; 
567; 0; 2055.6754; 170; 366.2; 
567; 0; 2055.6753; 170; 366.4; 
567; 0; 2055.6753; 170; 366.6; 
567; 0; 2054.624; 170; 366.8; 
567; 0; 2054.6239; 170; 367; 
567; 0; 2054.6238; 170; 367.2; 
567; 0; 2054.6237; 170; 367.4; 
567; 0; 2053.5723; 170; 367.6; 
567; 0; 2053.572; 170; 367.8; 
567; 0; 2053.5718; 170; 368; 
567; 0; 2053.5717; 170; 368.2; 
567; 0; 2052.5205; 170; 368.4; 
567; 0; 2052.5204; 170; 368.6; 
567; 0; 2052.5202; 170; 368.8; 
567; 0; 2052.5201; 170; 369; 
567; 0; 2052.52; 170; 369.2; 
567; 0; 2052.5199; 170; 369.4; 
567; 0; 2052.5198; 170; 369.6; 
567; 0; 2051.4686; 170; 369.8; 
567; 0; 2051.4685; 170; 370; 
567; 0; 2051.4683; 170; 370.2; 
567; 0; 2051.4681; 170; 370.4; 
567; 0; 2051.468; 170; 370.6; 
567; 0; 2051.4678; 170; 370.8; 
567; 0; 2051.4676; 170; 371; 
567; 0; 2051.4675; 170; 371.2; 
567; 0; 2051.4674; 170; 371.4; 
567; 0; 2051.4673; 170; 371.6; 
567; 0; 2051.4671; 170; 371.8; 
567; 0; 2051.467; 170; 372; 
567; 0; 2051.4669; 170; 372.2; 
567; 0; 2051.4668; 170; 372.4; 
567; 0; 2050.4156; 170; 372.6; 
567; 0; 2050.4154; 170; 372.8; 
567; 0; 2050.4153; 170; 373; 
567; 0; 2050.4151; 170; 373.2; 
567; 0; 2050.4149; 170; 373.4; 
567; 0; 2050.4146; 170; 373.6; 
567; 0; 2050.4144; 170; 373.8; 
567; 0; 2050.4142; 170; 374; 
567; 0; 2050.4141; 170; 374.2; 
567; 0; 2050.414; 170; 374.4; 
567; 0; 2050.4139; 170; 374.6; 
567; 0; 2050.4138; 170; 374.8; 
567; 0; 2050.4137; 170; 375; 
567; 0; 2050.4135; 170; 375.2; 
567; 0; 2050.4134; 170; 375.4; 
567; 0; 2050.4133; 170; 375.6; 
567; 0; 2050.4132; 170; 375.8; 
567; 0; 2050.413; 170; 376; 
567; 0; 2050.4129; 170; 376.2; 
567; 0; 2050.4127; 170; 376.4; 
567; 0; 2050.4125; 170; 376.6; 
567; 0; 2050.4123; 170; 376.8; 
567; 0; 2050.4122; 170; 377; 
567; 0; 2051.4632; 170; 377.2; 
567; 0; 2051.4631; 170; 377.4; 
567; 0; 2051.4631; 170; 377.6; 
567; 0; 2051.4629; 170; 377.8; 
567; 0; 2051.4627; 170; 378; 
567; 0; 2051.4625; 170; 378.2; 
567; 0; 2051.4623; 170; 378.4; 
567; 0; 2051.4621; 170; 378.6; 
567; 0; 2051.462; 170; 378.8; 
567; 0; 2052.5131; 170; 379; 
567; 0; 2052.513; 170; 379.2; 
567; 0; 2052.5129; 170; 379.4; 
567; 0; 2052.5129; 170; 379.6; 
567; 0; 2052.5127; 170; 379.8; 
567; 0; 2052.5125; 170; 380; 
567; 0; 2052.5123; 170; 380.2; 
567; 0; 2053.5631; 170; 380.4; 
567; 0; 2053.5628; 170; 380.6; 
567; 0; 2053.5626; 170; 380.8; 
567; 0; 2053.5624; 170; 381; 
567; 0; 2053.5622; 170; 381.2; 
567; 0; 2053.5621; 170; 381.4; 
567; 0; 2053.5621; 170; 381.6; 
567; 0; 2054.6131; 170; 381.8; 
567; 0; 2054.613; 170; 382; 
567; 0; 2054.6129; 170; 382.2; 
567; 0; 2054.6128; 170; 382.4; 
567; 0; 2054.6126; 170; 382.6; 
567; 0; 2054.6125; 170; 382.8; 
567; 0; 2054.6124; 170; 383; 
567; 0; 2054.6122; 170; 383.2; 
567; 0; 2054.6121; 170; 383.4; 
567; 0; 2054.612; 170; 383.6; 
567; 0; 2054.6118; 170; 383.8; 
567; 0; 2054.6117; 170; 384; 
567; 0; 2054.6116; 170; 384.2; 
567; 0; 2054.6114; 170; 384.4; 
567; 0; 2054.6112; 170; 384.6; 
567; 0; 2054.6111; 170; 384.8; 
567; 0; 2054.6109; 170; 385; 
567; 0; 2054.6107; 170; 385.2; 
567; 0; 2054.6106; 170; 385.4; 
567; 0; 2055.6616; 170; 385.6; 
567; 0; 2055.6615; 170; 385.8; 
567; 0; 2055.6614; 170; 386; 
567; 0; 2055.6614; 170; 386.2; 
567; 0; 2055.6613; 170; 386.4; 
567; 0; 2055.6611; 170; 386.6; 
567; 0; 2055.661; 170; 386.8; 
567; 0; 2055.6608; 170; 387; 
567; 0; 2055.6606; 170; 387.2; 
567; 0; 2055.6605; 170; 387.4; 
567; 0; 2055.6604; 170; 387.6; 
567; 0; 2055.6603; 170; 387.8; 
567; 0; 2055.6602; 170; 388; 
567; 0; 2055.6601; 170; 388.2; 
567; 0; 2055.66; 170; 388.4; 
567; 0; 2055.6598; 170; 388.6; 
567; 0; 2055.6597; 170; 388.8; 
567; 0; 2055.6596; 170; 389; 
567; 0; 2055.6595; 170; 389.2; 
567; 0; 2055.6593; 170; 389.4; 
567; 0; 2055.6591; 170; 389.6; 
567; 0; 2055.6589; 170; 389.8; 
567; 0; 2054.6076; 170; 390; 
567; 0; 2054.6074; 170; 390.2; 
567; 0; 2054.6073; 170; 390.4; 
567; 0; 2054.6072; 170; 390.6; 
567; 0; 2054.6071; 170; 390.8; 
567; 0; 2054.6069; 170; 391; 
567; 0; 2054.6067; 170; 391.2; 
567; 0; 2054.6066; 170; 391.4; 
567; 0; 2054.6066; 170; 391.6; 
567; 0; 2054.6065; 170; 391.8; 
567; 0; 2055.6576; 170; 392; 
567; 0; 2055.6575; 170; 392.2; 
567; 0; 2055.6575; 170; 392.4; 
567; 0; 2055.6574; 170; 392.6; 
567; 0; 2055.6572; 170; 392.8; 
567; 0; 2055.657; 170; 393; 
567; 0; 2055.6569; 170; 393.2; 
567; 0; 2055.6568; 170; 393.4; 
567; 0; 2055.6567; 170; 393.6; 
567; 0; 2055.6566; 170; 393.8; 
567; 0; 2055.6564; 170; 394; 
567; 0; 2055.6562; 170; 394.2; 
567; 0; 2055.6561; 170; 394.4; 
567; 0; 2055.6559; 170; 394.6; 
567; 0; 2054.6047; 170; 394.8; 
567; 0; 2054.6046; 170; 395; 
567; 0; 2054.6045; 170; 395.2; 
567; 0; 2054.6044; 170; 395.4; 
567; 0; 2054.6044; 170; 395.6; 
567; 0; 2054.6043; 170; 395.8; 
567; 0; 2054.6041; 170; 396; 
567; 0; 2054.604; 170; 396.2; 
567; 0; 2054.6038; 170; 396.4; 
567; 0; 2054.6036; 170; 396.6; 
567; 0; 2054.6035; 170; 396.8; 
567; 0; 2054.6033; 170; 397; 
567; 0; 2054.6032; 170; 397.2; 
567; 0; 2054.6031; 170; 397.4; 
567; 0; 2054.603; 170; 397.6; 
567; 0; 2054.6028; 170; 397.8; 
567; 0; 2055.6538; 170; 398; 
567; 0; 2055.6537; 170; 398.2; 
567; 0; 2055.6536; 170; 398.4; 
567; 0; 2055.6535; 170; 398.6; 
567; 0; 2055.6533; 170; 398.8; 
567; 0; 2055.6532; 170; 399; 
567; 0; 2055.6531; 170; 399.2; 
567; 0; 2055.6531; 170; 399.4; 
567; 0; 2055.6532; 170; 399.6; 
567; 0; 2055.6532; 170; 399.8; 
567; 0; 2055.653; 170; 400; 
567; 0; 2055.6528; 170; 400.2; 
567; 0; 2054.6015; 170; 400.4; 
567; 0; 2054.6013; 170; 400.6; 
567; 0; 2054.6011; 170; 400.8; 
567; 0; 2054.601; 170; 401; 
567; 0; 2054.6008; 170; 401.2; 
567; 0; 2054.6007; 170; 401.4; 
567; 0; 2054.6005; 170; 401.6; 
567; 0; 2054.6003; 170; 401.8; 
567; 0; 2054.6001; 170; 402; 
567; 0; 2054.6; 170; 402.2; 
567; 0; 2054.5999; 170; 402.4; 
567; 0; 2054.5998; 170; 402.6; 
567; 0; 2054.5998; 170; 402.8; 
567; 0; 2054.5997; 170; 403; 
567; 0; 2054.5996; 170; 403.2; 
567; 0; 2054.5996; 170; 403.4; 
567; 0; 2054.5995; 170; 403.6; 
567; 0; 2054.5995; 170; 403.8; 
567; 0; 2054.5995; 170; 404; 
567; 0; 2054.5994; 170; 404.2; 
567; 0; 2054.5993; 170; 404.4; 
567; 0; 2054.5992; 170; 404.6; 
567; 0; 2054.599; 170; 404.8; 
567; 0; 2054.5988; 170; 405; 
567; 0; 2054.5986; 170; 405.2; 
567; 0; 2054.5984; 170; 405.4; 
567; 0; 2054.5982; 170; 405.6; 
567; 0; 2054.598; 170; 405.8; 
567; 0; 2054.5978; 170; 406; 
567; 0; 2055.6488; 170; 406.2; 
567; 0; 2055.6487; 170; 406.4; 
567; 0; 2055.6487; 170; 406.6; 
567; 0; 2055.6487; 170; 406.8; 
567; 0; 2055.6486; 170; 407; 
567; 0; 2055.6486; 170; 407.2; 
567; 0; 2055.6485; 170; 407.4; 
567; 0; 2055.6483; 170; 407.6; 
567; 0; 2054.597; 170; 407.8; 
567; 0; 2054.5969; 170; 408; 
567; 0; 2054.5967; 170; 408.2; 
567; 0; 2054.5966; 170; 408.4; 
567; 0; 2054.5964; 170; 408.6; 
567; 0; 2054.5963; 170; 408.8; 
567; 0; 2054.5962; 170; 409; 
567; 0; 2054.5961; 170; 409.2; 
567; 0; 2054.596; 170; 409.4; 
567; 0; 2054.596; 170; 409.6; 
567; 0; 2054.5959; 170; 409.8; 
567; 0; 2054.5958; 170; 410; 
567; 0; 2054.5957; 170; 410.2; 
567; 0; 2054.5956; 170; 410.4; 
567; 0; 2054.5955; 170; 410.6; 
567; 0; 2054.5954; 170; 410.8; 
567; 0; 2054.5953; 170; 411; 
567; 0; 2044.0845; 170; 411.2; 
567; 0; 1847.0438; 170; 411.4; 
567; 0; 1629.3148; 170; 411.6; 
567; 0; 1607.7461; 170; 411.8; 
567; 0; 1607.746; 170; 412; 
567; 0; 1607.7459; 170; 412.2; 
567; 0; 1607.7458; 170; 412.4; 
567; 0; 1607.7457; 170; 412.6; 
567; 0; 1607.7456; 170; 412.8; 
567; 0; 1607.7455; 170; 413; 
567; 0; 1607.7454; 170; 413.2; 
567; 0; 1607.7452; 170; 413.4; 
567; 0; 1607.745; 170; 413.6; 
567; 0; 1607.7447; 170; 413.8; 
567; 0; 1607.7445; 170; 414; 
567; 0; 1607.7442; 170; 414.2; 
567; 0; 1607.7439; 170; 414.4; 
567; 0; 1607.7436; 170; 414.6; 
567; 0; 1607.7432; 170; 414.8; 
567; 0; 1607.7429; 170; 415; 
567; 0; 1607.7426; 170; 415.2; 
567; 0; 1607.7422; 170; 415.4; 
567; 0; 1607.7417; 170; 415.6; 
567; 0; 1607.7413; 170; 415.8; 
567; 0; 1607.7408; 170; 416; 
567; 0; 1594.3927; 170; 416.2; 
567; 0; 1594.3922; 170; 416.4; 
567; 0; 1594.3917; 170; 416.6; 
567; 0; 1594.3912; 170; 416.8; 
567; 0; 1594.3906; 170; 417; 
567; 0; 1594.3901; 170; 417.2; 
567; 0; 1594.3895; 170; 417.4; 
567; 0; 1594.389; 170; 417.6; 
567; 0; 1594.3886; 170; 417.8; 
567; 0; 1594.3881; 170; 418; 
567; 0; 1594.3876; 170; 418.2; 
567; 0; 1594.3871; 170; 418.4; 
567; 0; 1594.3866; 170; 418.6; 
567; 0; 1594.3861; 170; 418.8; 
567; 0; 1594.3856; 170; 419; 
567; 0; 1594.3851; 170; 419.2; 
567; 0; 1594.3846; 170; 419.4; 
567; 0; 1594.3841; 170; 419.6; 
567; 0; 1594.3836; 170; 419.8; 
567; 0; 1594.383; 170; 420; 
567; 0; 1594.3825; 170; 420.2; 
567; 0; 1581.0225; 170; 420.4; 
567; 0; 1581.022; 170; 420.6; 
567; 0; 1581.0215; 170; 420.8; 
567; 0; 1581.021; 170; 421; 
567; 0; 1581.0205; 170; 421.2; 
567; 0; 1581.0201; 170; 421.4; 
567; 0; 1581.0196; 170; 421.6; 
567; 0; 1581.0192; 170; 421.8; 
567; 0; 1581.0187; 170; 422; 
567; 0; 1581.0182; 170; 422.2; 
567; 0; 1581.0178; 170; 422.4; 
567; 0; 1581.0173; 170; 422.6; 
567; 0; 1581.0168; 170; 422.8; 
567; 0; 1581.0163; 170; 423; 
567; 0; 1581.0157; 170; 423.2; 
567; 0; 1581.0152; 170; 423.4; 
567; 0; 1581.0147; 170; 423.6; 
567; 0; 1581.0143; 170; 423.8; 
567; 0; 1581.0138; 170; 424; 
567; 0; 1581.0134; 170; 424.2; 
567; 0; 1581.0129; 170; 424.4; 
567; 0; 1581.0124; 170; 424.6; 
567; 0; 1581.012; 170; 424.8; 
567; 0; 1567.6353; 170; 425; 
567; 0; 1567.6348; 170; 425.2; 
567; 0; 1567.6343; 170; 425.4; 
567; 0; 1567.6338; 170; 425.6; 
567; 0; 1567.6334; 170; 425.8; 
567; 0; 1567.6329; 170; 426; 
567; 0; 1567.6325; 170; 426.2; 
567; 0; 1567.6321; 170; 426.4; 
567; 0; 1567.6316; 170; 426.6; 
567; 0; 1567.6312; 170; 426.8; 
567; 0; 1567.6308; 170; 427; 
567; 0; 1567.6303; 170; 427.2; 
567; 0; 1567.6298; 170; 427.4; 
567; 0; 1567.6293; 170; 427.6; 
567; 0; 1567.6288; 170; 427.8; 
567; 0; 1567.6283; 170; 428; 
567; 0; 1567.6279; 170; 428.2; 
567; 0; 1567.6274; 170; 428.4; 
567; 0; 1567.627; 170; 428.6; 
567; 0; 1567.6266; 170; 428.8; 
567; 0; 1567.6262; 170; 429; 
567; 0; 1567.6258; 170; 429.2; 
567; 0; 1567.6253; 170; 429.4; 
567; 0; 1567.6248; 170; 429.6; 
567; 0; 1567.6244; 170; 429.8; 
567; 0; 1552.6113; 170; 430; 
567; 0; 1552.6108; 170; 430.2; 
567; 0; 1552.6104; 170; 430.4; 
567; 0; 1552.61; 170; 430.6; 
567; 0; 1552.6096; 170; 430.8; 
567; 0; 1552.6092; 170; 431; 
567; 0; 1552.6087; 170; 431.2; 
567; 0; 1552.6083; 170; 431.4; 
567; 0; 1552.6079; 170; 431.6; 
567; 0; 1552.6075; 170; 431.8; 
567; 0; 1552.6071; 170; 432; 
567; 0; 1552.6067; 170; 432.2; 
567; 0; 1552.6063; 170; 432.4; 
567; 0; 1552.6058; 170; 432.6; 
567; 0; 1552.6054; 170; 432.8; 
567; 0; 1552.605; 170; 433; 
567; 0; 1552.6046; 170; 433.2; 
567; 0; 1552.6042; 170; 433.4; 
567; 0; 1552.6037; 170; 433.6; 
567; 0; 1552.6033; 170; 433.8; 
567; 0; 1552.603; 170; 434; 
567; 0; 1552.6026; 170; 434.2; 
567; 0; 1552.6022; 170; 434.4; 
567; 0; 1552.6018; 170; 434.6; 
567; 0; 1552.6014; 170; 434.8; 
567; 0; 1552.601; 170; 435; 
567; 0; 1552.6006; 170; 435.2; 
567; 0; 1552.6001; 170; 435.4; 
567; 0; 1537.6178; 170; 435.6; 
567; 0; 1537.6174; 170; 435.8; 
567; 0; 1537.617; 170; 436; 
567; 0; 1537.6166; 170; 436.2; 
567; 0; 1537.6163; 170; 436.4; 
567; 0; 1538.751; 170; 436.6; 
567; 0; 1550.1008; 170; 436.8; 
567; 0; 1562.5857; 170; 437; 
567; 0; 1573.9355; 170; 437.2; 
567; 0; 1586.4203; 170; 437.4; 
567; 0; 1597.77; 170; 437.6; 
567; 0; 1609.1196; 170; 437.8; 
567; 0; 1620.4693; 170; 438; 
567; 0; 1631.819; 170; 438.2; 
567; 0; 1642.0336; 170; 438.4; 
567; 0; 1652.2482; 170; 438.6; 
567; 0; 1662.4629; 170; 438.8; 
567; 0; 1671.5425; 170; 439; 
567; 0; 1680.6221; 170; 439.2; 
567; 0; 1689.7016; 170; 439.4; 
567; 0; 1697.646; 170; 439.6; 
567; 0; 1705.5906; 170; 439.8; 
567; 0; 1712.4001; 170; 440; 
567; 0; 1719.2096; 170; 440.2; 
567; 0; 1726.0191; 170; 440.4; 
567; 0; 1732.8471; 170; 440.6; 
567; 0; 1739.2694; 170; 440.8; 
567; 0; 1745.6911; 170; 441; 
567; 0; 1752.1116; 170; 441.2; 
567; 0; 1758.5304; 170; 441.4; 
567; 0; 1762.745; 170; 441.6; 
567; 0; 1765.8349; 170; 441.8; 
567; 0; 1769.9543; 170; 442; 
567; 0; 1773.0389; 170; 442.2; 
567; 0; 1777.1533; 170; 442.4; 
567; 0; 1781.2666; 170; 442.6; 
567; 0; 1786.4121; 170; 442.8; 
567; 0; 1793.623; 170; 443; 
567; 0; 1800.837; 170; 443.2; 
567; 0; 1810.1186; 170; 443.4; 
567; 0; 1819.405; 170; 443.6; 
567; 0; 1815.8738; 170; 443.8; 
567; 0; 1825.2621; 170; 444; 
567; 0; 1833.612; 170; 444.2; 
567; 0; 1840.9223; 170; 444.4; 
567; 0; 1846.1492; 170; 444.6; 
567; 0; 1851.3755; 170; 444.8; 
567; 0; 1854.5155; 170; 445; 
567; 0; 1856.6103; 170; 445.2; 
567; 0; 1858.7013; 170; 445.4; 
567; 0; 1859.7461; 170; 445.6; 
567; 0; 1859.7449; 170; 445.8; 
567; 0; 1860.7827; 170; 446; 
567; 0; 1860.7759; 170; 446.2; 
567; 0; 1861.81; 170; 446.4; 
567; 0; 1862.8437; 170; 446.6; 
567; 0; 1864.92; 170; 446.8; 
567; 0; 1866.9976; 170; 447; 
567; 0; 1869.077; 170; 447.2; 
567; 0; 1872.2007; 170; 447.4; 
567; 0; 1874.2844; 170; 447.6; 
567; 0; 1877.4124; 170; 447.8; 
567; 0; 1879.4998; 170; 448; 
567; 0; 1881.5883; 170; 448.2; 
567; 0; 1883.6775; 170; 448.4; 
567; 0; 1884.7245; 170; 448.6; 
567; 0; 1885.7711; 170; 448.8; 
567; 0; 1886.8168; 170; 449; 
567; 0; 1886.8192; 170; 449.2; 
567; 0; 1887.8627; 170; 449.4; 
567; 0; 1887.8627; 170; 449.6; 
567; 0; 1887.8617; 170; 449.8; 
567; 0; 1887.8598; 170; 450; 
567; 0; 1887.8575; 170; 450.2; 
567; 0; 1887.8549; 170; 450.4; 
567; 0; 1887.8525; 170; 450.6; 
567; 0; 1888.893; 170; 450.8; 
567; 0; 1888.8929; 170; 451; 
567; 0; 1889.9374; 170; 451.2; 
567; 0; 1890.9848; 170; 451.4; 
567; 0; 1892.0354; 170; 451.6; 
567; 0; 1892.0462; 170; 451.8; 
567; 0; 1892.0586; 170; 452; 
567; 0; 1891.029; 170; 452.2; 
567; 0; 1888.9543; 170; 452.4; 
567; 0; 1885.8349; 170; 452.6; 
567; 0; 1882.7128; 170; 452.8; 
567; 0; 1879.5878; 170; 453; 
567; 0; 1875.4177; 170; 453.2; 
567; 0; 1871.2451; 170; 453.4; 
567; 0; 1867.0707; 170; 453.6; 
567; 0; 1863.9377; 170; 453.8; 
567; 0; 1860.8042; 170; 454; 
567; 0; 1857.6701; 170; 454.2; 
567; 0; 1855.5796; 170; 454.4; 
567; 0; 1853.4908; 170; 454.6; 
567; 0; 1851.404; 170; 454.8; 
567; 0; 1850.3612; 170; 455; 
567; 0; 1848.2777; 170; 455.2; 
567; 0; 1847.2375; 170; 455.4; 
567; 0; 1845.1556; 170; 455.6; 
567; 0; 1844.1161; 170; 455.8; 
567; 0; 1843.0764; 170; 456; 
567; 0; 1840.9939; 170; 456.2; 
567; 0; 1839.953; 170; 456.4; 
567; 0; 1837.8691; 170; 456.6; 
567; 0; 1836.8269; 170; 456.8; 
567; 0; 1834.7418; 170; 457; 
567; 0; 1833.6986; 170; 457.2; 
567; 0; 1831.6129; 170; 457.4; 
567; 0; 1830.5695; 170; 457.6; 
567; 0; 1829.5261; 170; 457.8; 
567; 0; 1828.4829; 170; 458; 
567; 0; 1827.4401; 170; 458.2; 
567; 0; 1826.3976; 170; 458.4; 
567; 0; 1826.3976; 170; 458.6; 
567; 0; 1825.3556; 170; 458.8; 
567; 0; 1824.3136; 170; 459; 
567; 0; 1824.314; 170; 459.2; 
567; 0; 1823.2722; 170; 459.4; 
567; 0; 1823.2726; 170; 459.6; 
567; 0; 1822.2307; 170; 459.8; 
567; 0; 1822.231; 170; 460; 
567; 0; 1821.1889; 170; 460.2; 
567; 0; 1821.189; 170; 460.4; 
567; 0; 1820.1468; 170; 460.6; 
567; 0; 1820.1467; 170; 460.8; 
567; 0; 1819.1044; 170; 461; 
567; 0; 1819.1043; 170; 461.2; 
567; 0; 1819.1044; 170; 461.4; 
567; 0; 1818.0622; 170; 461.6; 
567; 0; 1818.0623; 170; 461.8; 
567; 0; 1818.0623; 170; 462; 
567; 0; 1817.0201; 170; 462.2; 
567; 0; 1817.0202; 170; 462.4; 
567; 0; 1817.0202; 170; 462.6; 
567; 0; 1817.0203; 170; 462.8; 
567; 0; 1815.9781; 170; 463; 
567; 0; 1815.9782; 170; 463.2; 
567; 0; 1815.9783; 170; 463.4; 
567; 0; 1815.9784; 170; 463.6; 
567; 0; 1814.9361; 170; 463.8; 
567; 0; 1814.9362; 170; 464; 
567; 0; 1814.9362; 170; 464.2; 
567; 0; 1814.9362; 170; 464.4; 
567; 0; 1814.9363; 170; 464.6; 
567; 0; 1814.9364; 170; 464.8; 
567; 0; 1814.9364; 170; 465; 
567; 0; 1813.8943; 170; 465.2; 
567; 0; 1813.8943; 170; 465.4; 
567; 0; 1813.8944; 170; 465.6; 
567; 0; 1813.8944; 170; 465.8; 
567; 0; 1813.8944; 170; 466; 
567; 0; 1813.8944; 170; 466.2; 
567; 0; 1813.8945; 170; 466.4; 
567; 0; 1813.8945; 170; 466.6; 
567; 0; 1813.8946; 170; 466.8; 
567; 0; 1812.8524; 170; 467; 
567; 0; 1812.8525; 170; 467.2; 
567; 0; 1812.8526; 170; 467.4; 
567; 0; 1812.8526; 170; 467.6; 
567; 0; 1812.8527; 170; 467.8; 
567; 0; 1825.703; 170; 468; 
567; 0; 1825.7031; 170; 468.2; 
567; 0; 1825.7031; 170; 468.4; 
567; 0; 1825.7032; 170; 468.6; 
567; 0; 1825.7032; 170; 468.8; 
567; 0; 1824.6712; 170; 469; 
567; 0; 1824.6712; 170; 469.2; 
567; 0; 1824.6713; 170; 469.4; 
567; 0; 1823.6393; 170; 469.6; 
567; 0; 1823.6393; 170; 469.8; 
567; 0; 1823.6393; 170; 470; 
567; 0; 1822.6073; 170; 470.2; 
567; 0; 1822.6073; 170; 470.4; 
567; 0; 1821.5754; 170; 470.6; 
567; 0; 1821.5754; 170; 470.8; 
567; 0; 1820.5435; 170; 471; 
567; 0; 1820.5436; 170; 471.2; 
567; 0; 1820.5438; 170; 471.4; 
567; 0; 1819.5119; 170; 471.6; 
567; 0; 1819.5119; 170; 471.8; 
567; 0; 1818.4801; 170; 472; 
567; 0; 1818.4802; 170; 472.2; 
567; 0; 1818.4802; 170; 472.4; 
567; 0; 1817.4482; 170; 472.6; 
567; 0; 1817.4482; 170; 472.8; 
567; 0; 1816.4162; 170; 473; 
567; 0; 1816.4161; 170; 473.2; 
567; 0; 1816.4162; 170; 473.4; 
567; 0; 1816.4162; 170; 473.6; 
567; 0; 1815.3843; 170; 473.8; 
567; 0; 1815.3844; 170; 474; 
567; 0; 1815.3845; 170; 474.2; 
567; 0; 1815.3847; 170; 474.4; 
567; 0; 1815.3848; 170; 474.6; 
567; 0; 1814.3528; 170; 474.8; 
567; 0; 1814.3529; 170; 475; 
567; 0; 1814.3529; 170; 475.2; 
567; 0; 1814.3528; 170; 475.4; 
567; 0; 1814.3523; 170; 475.6; 
567; 0; 1815.3828; 170; 475.8; 
567; 0; 1815.3797; 170; 476; 
567; 0; 1815.3746; 170; 476.2; 
567; 0; 1814.3348; 170; 476.4; 
567; 0; 1814.3239; 170; 476.6; 
567; 0; 1814.3105; 170; 476.8; 
567; 0; 1815.3274; 170; 477; 
567; 0; 1817.3763; 170; 477.2; 
567; 0; 1821.4902; 170; 477.4; 
567; 0; 1813.7962; 170; 477.6; 
567; 0; 1820.0421; 170; 477.8; 
567; 0; 1826.293; 170; 478; 
567; 0; 1834.6331; 170; 478.2; 
567; 0; 1841.936; 170; 478.4; 
567; 0; 1849.243; 170; 478.6; 
567; 0; 1854.4685; 170; 478.8; 
567; 0; 1859.6955; 170; 479; 
567; 0; 1863.8803; 170; 479.2; 
567; 0; 1865.9791; 170; 479.4; 
567; 0; 1868.0752; 170; 479.6; 
567; 0; 1869.1255; 170; 479.8; 
567; 0; 1869.1296; 170; 480; 
567; 0; 1869.1297; 170; 480.2; 
567; 0; 1869.1264; 170; 480.4; 
567; 0; 1869.1205; 170; 480.6; 
567; 0; 1869.1128; 170; 480.8; 
567; 0; 1869.1045; 170; 481; 
567; 0; 1870.1386; 170; 481.2; 
567; 0; 1871.1737; 170; 481.4; 
567; 0; 1873.2526; 170; 481.6; 
567; 0; 1875.3336; 170; 481.8; 
567; 0; 1877.4167; 170; 482; 
567; 0; 1880.5441; 170; 482.2; 
567; 0; 1882.631; 170; 482.4; 
567; 0; 1883.677; 170; 482.6; 
567; 0; 1885.7661; 170; 482.8; 
567; 0; 1886.8131; 170; 483; 
567; 0; 1887.8598; 170; 483.2; 
567; 0; 1887.8636; 170; 483.4; 
567; 0; 1887.8664; 170; 483.6; 
567; 0; 1887.868; 170; 483.8; 
567; 0; 1887.8683; 170; 484; 
567; 0; 1887.8675; 170; 484.2; 
567; 0; 1887.8658; 170; 484.4; 
567; 0; 1887.8636; 170; 484.6; 
567; 0; 1887.861; 170; 484.8; 
567; 0; 1887.8584; 170; 485; 
567; 0; 1887.8562; 170; 485.2; 
567; 0; 1887.8546; 170; 485.4; 
567; 0; 1888.8957; 170; 485.6; 
567; 0; 1888.8953; 170; 485.8; 
567; 0; 1889.9378; 170; 486; 
567; 0; 1889.9385; 170; 486.2; 
567; 0; 1890.9818; 170; 486.4; 
567; 0; 1890.9832; 170; 486.6; 
567; 0; 1890.9846; 170; 486.8; 
567; 0; 1890.9859; 170; 487; 
567; 0; 1892.0292; 170; 487.2; 
567; 0; 1892.03; 170; 487.4; 
567; 0; 1890.9883; 170; 487.6; 
567; 0; 1890.9886; 170; 487.8; 
567; 0; 1890.9884; 170; 488; 
567; 0; 1890.988; 170; 488.2; 
567; 0; 1890.9874; 170; 488.4; 
567; 0; 1890.9867; 170; 488.6; 
567; 0; 1890.9861; 170; 488.8; 
567; 0; 1890.9855; 170; 489; 
567; 0; 1890.9851; 170; 489.2; 
567; 0; 1890.9849; 170; 489.4; 
567; 0; 1890.9848; 170; 489.6; 
567; 0; 1890.9848; 170; 489.8; 
567; 0; 1892.0272; 170; 490; 
567; 0; 1892.0276; 170; 490.2; 
567; 0; 1892.028; 170; 490.4; 
567; 0; 1892.0285; 170; 490.6; 
567; 0; 1892.0289; 170; 490.8; 
567; 0; 1892.0292; 170; 491; 
567; 0; 1892.0294; 170; 491.2; 
567; 0; 1892.0295; 170; 491.4; 
567; 0; 1892.0295; 170; 491.6; 
567; 0; 1892.0295; 170; 491.8; 
567; 0; 1892.0294; 170; 492; 
567; 0; 1890.9871; 170; 492.2; 
567; 0; 1890.9871; 170; 492.4; 
567; 0; 1890.9871; 170; 492.6; 
567; 0; 1890.9871; 170; 492.8; 
567; 0; 1890.987; 170; 493; 
567; 0; 1890.987; 170; 493.2; 
567; 0; 1892.0295; 170; 493.4; 
567; 0; 1892.0305; 170; 493.6; 
567; 0; 1892.0331; 170; 493.8; 
567; 0; 1893.0804; 170; 494; 
567; 0; 1893.0882; 170; 494.2; 
567; 0; 1893.0985; 170; 494.4; 
567; 0; 1892.0684; 170; 494.6; 
567; 0; 1891.0375; 170; 494.8; 
567; 0; 1888.9627; 170; 495; 
567; 0; 1885.8437; 170; 495.2; 
567; 0; 1882.7221; 170; 495.4; 
567; 0; 1878.5552; 170; 495.6; 
567; 0; 1874.3855; 170; 495.8; 
567; 0; 1870.2133; 170; 496; 
567; 0; 1866.0394; 170; 496.2; 
567; 0; 1862.9068; 170; 496.4; 
567; 0; 1858.7316; 170; 496.6; 
567; 0; 1855.5993; 170; 496.8; 
567; 0; 1852.4678; 170; 497; 
567; 0; 1850.3794; 170; 497.2; 
567; 0; 1848.2923; 170; 497.4; 
567; 0; 1846.2067; 170; 497.6; 
567; 0; 1844.1223; 170; 497.8; 
567; 0; 1843.0811; 170; 498; 
567; 0; 1840.9982; 170; 498.2; 
567; 0; 1838.9154; 170; 498.4; 
567; 0; 1837.8747; 170; 498.6; 
567; 0; 1835.7911; 170; 498.8; 
567; 0; 1833.7072; 170; 499; 
567; 0; 1832.6652; 170; 499.2; 
567; 0; 1830.5805; 170; 499.4; 
567; 0; 1829.5379; 170; 499.6; 
567; 0; 1828.495; 170; 499.8; 
567; 0; 1826.4098; 170; 500; 
567; 0; 1825.3668; 170; 500.2; 
567; 0; 1824.3237; 170; 500.4; 
567; 0; 1823.2808; 170; 500.6; 
567; 0; 1822.2381; 170; 500.8; 
567; 0; 1821.1956; 170; 501; 
567; 0; 1821.1956; 170; 501.2; 
567; 0; 1820.1534; 170; 501.4; 
567; 0; 1819.1114; 170; 501.6; 
567; 0; 1819.1117; 170; 501.8; 
567; 0; 1818.0696; 170; 502; 
567; 0; 1818.0698; 170; 502.2; 
567; 0; 1817.0277; 170; 502.4; 
567; 0; 1817.0278; 170; 502.6; 
567; 0; 1815.9856; 170; 502.8; 
567; 0; 1815.9855; 170; 503; 
567; 0; 1814.9431; 170; 503.2; 
567; 0; 1814.943; 170; 503.4; 
567; 0; 1814.943; 170; 503.6; 
567; 0; 1813.9007; 170; 503.8; 
567; 0; 1813.9006; 170; 504; 
567; 0; 1813.9006; 170; 504.2; 
567; 0; 1813.9006; 170; 504.4; 
567; 0; 1812.8584; 170; 504.6; 
567; 0; 1812.8586; 170; 504.8; 
567; 0; 1825.7088; 170; 505; 
567; 0; 1825.7089; 170; 505.2; 
567; 0; 1825.709; 170; 505.4; 
567; 0; 1824.677; 170; 505.6; 
567; 0; 1824.6771; 170; 505.8; 
567; 0; 1824.6771; 170; 506; 
567; 0; 1823.6451; 170; 506.2; 
567; 0; 1823.6452; 170; 506.4; 
567; 0; 1823.6452; 170; 506.6; 
567; 0; 1822.6132; 170; 506.8; 
567; 0; 1822.6131; 170; 507; 
567; 0; 1821.5811; 170; 507.2; 
567; 0; 1821.581; 170; 507.4; 
567; 0; 1820.5489; 170; 507.6; 
567; 0; 1820.5489; 170; 507.8; 
567; 0; 1819.5169; 170; 508; 
567; 0; 1819.517; 170; 508.2; 
567; 0; 1818.4851; 170; 508.4; 
567; 0; 1818.4853; 170; 508.6; 
567; 0; 1818.4855; 170; 508.8; 
567; 0; 1817.4536; 170; 509; 
567; 0; 1817.4537; 170; 509.2; 
567; 0; 1816.4217; 170; 509.4; 
567; 0; 1816.4217; 170; 509.6; 
567; 0; 1816.4217; 170; 509.8; 
567; 0; 1815.3897; 170; 510; 
567; 0; 1815.3897; 170; 510.2; 
567; 0; 1815.3897; 170; 510.4; 
567; 0; 1814.3578; 170; 510.6; 
567; 0; 1814.3578; 170; 510.8; 
567; 0; 1814.3578; 170; 511; 
567; 0; 1814.3578; 170; 511.2; 
567; 0; 1813.3258; 170; 511.4; 
567; 0; 1813.3257; 170; 511.6; 
567; 0; 1813.3257; 170; 511.8; 
567; 0; 1813.3257; 170; 512; 
567; 0; 1813.3258; 170; 512.2; 
567; 0; 1813.3259; 170; 512.4; 
567; 0; 1812.2939; 170; 512.6; 
567; 0; 1812.2939; 170; 512.8; 
567; 0; 1812.294; 170; 513; 
567; 0; 1812.294; 170; 513.2; 
567; 0; 1812.2941; 170; 513.4; 
567; 0; 1812.2941; 170; 513.6; 
567; 0; 1812.2942; 170; 513.8; 
567; 0; 1812.2942; 170; 514; 
567; 0; 1812.2943; 170; 514.2; 
567; 0; 1811.2623; 170; 514.4; 
567; 0; 1811.2623; 170; 514.6; 
567; 0; 1811.2623; 170; 514.8; 
567; 0; 1811.2623; 170; 515; 
567; 0; 1811.2623; 170; 515.2; 
567; 0; 1811.2623; 170; 515.4; 
567; 0; 1811.2623; 170; 515.6; 
567; 0; 1811.2622; 170; 515.8; 
567; 0; 1811.2622; 170; 516; 
567; 0; 1811.2622; 170; 516.2; 
567; 0; 1811.2622; 170; 516.4; 
567; 0; 1811.2622; 170; 516.6; 
567; 0; 1811.2622; 170; 516.8; 
567; 0; 1811.2623; 170; 517; 
567; 0; 1811.2623; 170; 517.2; 
567; 0; 1811.2624; 170; 517.4; 
567; 0; 1811.2624; 170; 517.6; 
567; 0; 1811.2625; 170; 517.8; 
567; 0; 1811.2625; 170; 518; 
567; 0; 1810.2305; 170; 518.2; 
567; 0; 1810.2306; 170; 518.4; 
567; 0; 1810.2306; 170; 518.6; 
567; 0; 1810.2306; 170; 518.8; 
567; 0; 1810.2306; 170; 519; 
567; 0; 1810.2306; 170; 519.2; 
567; 0; 1810.2306; 170; 519.4; 
567; 0; 1810.2306; 170; 519.6; 
567; 0; 1810.2305; 170; 519.8; 
567; 0; 1810.2305; 170; 520; 
567; 0; 1810.2305; 170; 520.2; 
567; 0; 1810.2304; 170; 520.4; 
567; 0; 1810.2304; 170; 520.6; 
567; 0; 1810.2305; 170; 520.8; 
567; 0; 1810.2305; 170; 521; 
567; 0; 1810.2305; 170; 521.2; 
567; 0; 1810.2306; 170; 521.4; 
567; 0; 1810.2306; 170; 521.6; 
567; 0; 1810.2306; 170; 521.8; 
567; 0; 1810.2307; 170; 522; 
567; 0; 1810.2307; 170; 522.2; 
567; 0; 1810.2308; 170; 522.4; 
567; 0; 1810.2308; 170; 522.6; 
567; 0; 1810.2308; 170; 522.8; 
567; 0; 1810.2308; 170; 523; 
567; 0; 1810.2308; 170; 523.2; 
567; 0; 1810.2308; 170; 523.4; 
567; 0; 1810.2308; 170; 523.6; 
567; 0; 1810.2308; 170; 523.8; 
567; 0; 1810.2308; 170; 524; 
567; 0; 1810.2309; 170; 524.2; 
567; 0; 1810.2309; 170; 524.4; 
567; 0; 1810.2309; 170; 524.6; 
567; 0; 1810.2309; 170; 524.8; 
567; 0; 1810.2309; 170; 525; 
567; 0; 1810.2309; 170; 525.2; 
567; 0; 1810.2309; 170; 525.4; 
567; 0; 1810.2308; 170; 525.6; 
567; 0; 1810.2308; 170; 525.8; 
567; 0; 1810.2308; 170; 526; 
567; 0; 1810.2309; 170; 526.2; 
567; 0; 1810.2309; 170; 526.4; 
567; 0; 1810.2309; 170; 526.6; 
567; 0; 1810.231; 170; 526.8; 
567; 0; 1810.231; 170; 527; 
567; 0; 1810.231; 170; 527.2; 
567; 0; 1810.231; 170; 527.4; 
567; 0; 1810.231; 170; 527.6; 
567; 0; 1810.2311; 170; 527.8; 
567; 0; 1810.2311; 170; 528; 
567; 0; 1810.2311; 170; 528.2; 
567; 0; 1810.2311; 170; 528.4; 
567; 0; 1810.2311; 170; 528.6; 
567; 0; 1809.199; 170; 528.8; 
567; 0; 1809.199; 170; 529; 
567; 0; 1809.1991; 170; 529.2; 
567; 0; 1809.1991; 170; 529.4; 
567; 0; 1809.1991; 170; 529.6; 
567; 0; 1809.1991; 170; 529.8; 
567; 0; 1809.1991; 170; 530; 
567; 0; 1809.1991; 170; 530.2; 
567; 0; 1809.1991; 170; 530.4; 
567; 0; 1809.1991; 170; 530.6; 
567; 0; 1809.1991; 170; 530.8; 
567; 0; 1809.1991; 170; 531; 
567; 0; 1809.1992; 170; 531.2; 
567; 0; 1809.1992; 170; 531.4; 
567; 0; 1809.1992; 170; 531.6; 
567; 0; 1809.1993; 170; 531.8; 
567; 0; 1809.1992; 170; 532; 
567; 0; 1809.1992; 170; 532.2; 
567; 0; 1809.1992; 170; 532.4; 
567; 0; 1809.1992; 170; 532.6; 
567; 0; 1809.1992; 170; 532.8; 
567; 0; 1809.1992; 170; 533; 
567; 0; 1809.1992; 170; 533.2; 
567; 0; 1809.1993; 170; 533.4; 
567; 0; 1809.1993; 170; 533.6; 
567; 0; 1809.1993; 170; 533.8; 
567; 0; 1809.1993; 170; 534; 
567; 0; 1809.1993; 170; 534.2; 
567; 0; 1809.1993; 170; 534.4; 
567; 0; 1809.1994; 170; 534.6; 
567; 0; 1809.1994; 170; 534.8; 
567; 0; 1809.1994; 170; 535; 
567; 0; 1809.1994; 170; 535.2; 
567; 0; 1809.1994; 170; 535.4; 
567; 0; 1809.1994; 170; 535.6; 
567; 0; 1809.1994; 170; 535.8; 
567; 0; 1809.1994; 170; 536; 
567; 0; 1809.1994; 170; 536.2; 
567; 0; 1809.1994; 170; 536.4; 
567; 0; 1809.1994; 170; 536.6; 
567; 0; 1809.1994; 170; 536.8; 
567; 0; 1809.1994; 170; 537; 
567; 0; 1809.1994; 170; 537.2; 
567; 0; 1809.1995; 170; 537.4; 
567; 0; 1809.1995; 170; 537.6; 
567; 0; 1809.1995; 170; 537.8; 
567; 0; 1809.1995; 170; 538; 
567; 0; 1809.1995; 170; 538.2; 
567; 0; 1809.1995; 170; 538.4; 
567; 0; 1809.1995; 170; 538.6; 
567; 0; 1810.2315; 170; 538.8; 
567; 0; 1810.2314; 170; 539; 
567; 0; 1810.2311; 170; 539.2; 
567; 0; 1810.2305; 170; 539.4; 
567; 0; 1811.2609; 170; 539.6; 
567; 0; 1811.2575; 170; 539.8; 
567; 0; 1811.2521; 170; 540; 
567; 0; 1811.2445; 170; 540.2; 
567; 0; 1811.2346; 170; 540.4; 
567; 0; 1811.223; 170; 540.6; 
567; 0; 1813.2742; 170; 540.8; 
567; 0; 1814.2933; 170; 541; 
567; 0; 1817.377; 170; 541.2; 
567; 0; 1821.4946; 170; 541.4; 
567; 0; 1814.8468; 170; 541.6; 
567; 0; 1821.0966; 170; 541.8; 
567; 0; 1827.3511; 170; 542; 
567; 0; 1834.6526; 170; 542.2; 
567; 0; 1841.959; 170; 542.4; 
567; 0; 1848.2275; 170; 542.6; 
567; 0; 1853.4571; 170; 542.8; 
567; 0; 1856.6037; 170; 543; 
567; 0; 1859.7498; 170; 543.2; 
567; 0; 1860.8083; 170; 543.4; 
567; 0; 1860.8187; 170; 543.6; 
567; 0; 1859.7827; 170; 543.8; 
567; 0; 1858.7421; 170; 544; 
567; 0; 1856.6546; 170; 544.2; 
567; 0; 1854.5634; 170; 544.4; 
567; 0; 1852.4694; 170; 544.6; 
567; 0; 1851.4143; 170; 544.8; 
567; 0; 1850.3584; 170; 545; 
567; 0; 1850.3462; 170; 545.2; 
567; 0; 1851.3788; 170; 545.4; 
567; 0; 1853.4573; 170; 545.6; 
567; 0; 1855.5399; 170; 545.8; 
567; 0; 1857.6269; 170; 546; 
567; 0; 1859.7178; 170; 546.2; 
567; 0; 1861.8119; 170; 546.4; 
567; 0; 1862.8656; 170; 546.6; 
567; 0; 1862.8776; 170; 546.8; 
567; 0; 1862.8887; 170; 547; 
567; 0; 1861.8539; 170; 547.2; 
567; 0; 1859.7744; 170; 547.4; 
567; 0; 1857.6922; 170; 547.6; 
567; 0; 1855.6074; 170; 547.8; 
567; 0; 1853.5204; 170; 548; 
567; 0; 1851.4315; 170; 548.2; 
567; 0; 1849.3417; 170; 548.4; 
567; 0; 1847.2507; 170; 548.6; 
567; 0; 1846.2021; 170; 548.8; 
567; 0; 1845.1547; 170; 549; 
567; 0; 1844.109; 170; 549.2; 
567; 0; 1844.1075; 170; 549.4; 
567; 0; 1844.1079; 170; 549.6; 
567; 0; 1844.1099; 170; 549.8; 
567; 0; 1843.0708; 170; 550; 
567; 0; 1843.0747; 170; 550.2; 
567; 0; 1842.0364; 170; 550.4; 
567; 0; 1842.0402; 170; 550.6; 
567; 0; 1841.001; 170; 550.8; 
567; 0; 1839.9606; 170; 551; 
567; 0; 1838.9193; 170; 551.2; 
567; 0; 1836.835; 170; 551.4; 
567; 0; 1835.7923; 170; 551.6; 
567; 0; 1834.7491; 170; 551.8; 
567; 0; 1833.7056; 170; 552; 
567; 0; 1832.6618; 170; 552.2; 
567; 0; 1831.6181; 170; 552.4; 
567; 0; 1830.5747; 170; 552.6; 
567; 0; 1830.574; 170; 552.8; 
567; 0; 1829.5314; 170; 553; 
567; 0; 1828.4893; 170; 553.2; 
567; 0; 1828.4898; 170; 553.4; 
567; 0; 1827.4483; 170; 553.6; 
567; 0; 1827.4493; 170; 553.8; 
567; 0; 1826.4079; 170; 554; 
567; 0; 1826.4086; 170; 554.2; 
567; 0; 1825.367; 170; 554.4; 
567; 0; 1824.325; 170; 554.6; 
567; 0; 1824.3253; 170; 554.8; 
567; 0; 1823.2831; 170; 555; 
567; 0; 1823.2831; 170; 555.2; 
567; 0; 1822.2407; 170; 555.4; 
567; 0; 1822.2407; 170; 555.6; 
567; 0; 1821.1983; 170; 555.8; 
567; 0; 1821.1982; 170; 556; 
567; 0; 1820.1559; 170; 556.2; 
567; 0; 1820.156; 170; 556.4; 
567; 0; 1819.1138; 170; 556.6; 
567; 0; 1819.1139; 170; 556.8; 
567; 0; 1819.1141; 170; 557; 
567; 0; 1818.0719; 170; 557.2; 
567; 0; 1818.0721; 170; 557.4; 
567; 0; 1818.0723; 170; 557.6; 
567; 0; 1817.0302; 170; 557.8; 
567; 0; 1817.0303; 170; 558; 
567; 0; 1817.0304; 170; 558.2; 
567; 0; 1815.9882; 170; 558.4; 
567; 0; 1815.9883; 170; 558.6; 
567; 0; 1815.9883; 170; 558.8; 
567; 0; 1814.946; 170; 559; 
567; 0; 1814.946; 170; 559.2; 
567; 0; 1814.9461; 170; 559.4; 
567; 0; 1814.9461; 170; 559.6; 
567; 0; 1813.9039; 170; 559.8; 
567; 0; 1813.9039; 170; 560; 
567; 0; 1813.9039; 170; 560.2; 
567; 0; 1813.904; 170; 560.4; 
567; 0; 1813.9041; 170; 560.6; 
567; 0; 1812.8619; 170; 560.8; 
567; 0; 1812.862; 170; 561; 
567; 0; 1825.712; 170; 561.2; 
567; 0; 1825.7121; 170; 561.4; 
567; 0; 1825.7121; 170; 561.6; 
567; 0; 1824.6802; 170; 561.8; 
567; 0; 1824.6803; 170; 562; 
567; 0; 1824.6803; 170; 562.2; 
567; 0; 1823.6483; 170; 562.4; 
567; 0; 1823.6483; 170; 562.6; 
567; 0; 1822.6163; 170; 562.8; 
567; 0; 1822.6163; 170; 563; 
567; 0; 1821.5843; 170; 563.2; 
567; 0; 1821.5844; 170; 563.4; 
567; 0; 1820.5524; 170; 563.6; 
567; 0; 1820.5525; 170; 563.8; 
567; 0; 1819.5205; 170; 564; 
567; 0; 1819.5206; 170; 564.2; 
567; 0; 1818.4887; 170; 564.4; 
567; 0; 1818.4887; 170; 564.6; 
567; 0; 1818.4888; 170; 564.8; 
567; 0; 1817.4568; 170; 565; 
567; 0; 1817.4568; 170; 565.2; 
567; 0; 1816.4248; 170; 565.4; 
567; 0; 1816.4248; 170; 565.6; 
567; 0; 1815.3927; 170; 565.8; 
567; 0; 1815.3928; 170; 566; 
567; 0; 1815.3928; 170; 566.2; 
567; 0; 1814.3608; 170; 566.4; 
567; 0; 1814.3609; 170; 566.6; 
567; 0; 1814.361; 170; 566.8; 
567; 0; 1813.3291; 170; 567; 
567; 0; 1813.3292; 170; 567.2; 
567; 0; 1813.3292; 170; 567.4; 
567; 0; 1813.3292; 170; 567.6; 
567; 0; 1812.2973; 170; 567.8; 
567; 0; 1812.2973; 170; 568; 
567; 0; 1812.2973; 170; 568.2; 
567; 0; 1812.2973; 170; 568.4; 
567; 0; 1811.2653; 170; 568.6; 
567; 0; 1811.2653; 170; 568.8; 
567; 0; 1811.2653; 170; 569; 
567; 0; 1811.2652; 170; 569.2; 
567; 0; 1811.2652; 170; 569.4; 
567; 0; 1811.2653; 170; 569.6; 
567; 0; 1810.2333; 170; 569.8; 
567; 0; 1810.2333; 170; 570; 
567; 0; 1810.2334; 170; 570.2; 
567; 0; 1810.2334; 170; 570.4; 
567; 0; 1810.2334; 170; 570.6; 
567; 0; 1810.2335; 170; 570.8; 
567; 0; 1810.2335; 170; 571; 
567; 0; 1810.2335; 170; 571.2; 
567; 0; 1810.2335; 170; 571.4; 
567; 0; 1810.2335; 170; 571.6; 
567; 0; 1809.2015; 170; 571.8; 
567; 0; 1809.2014; 170; 572; 
567; 0; 1809.2014; 170; 572.2; 
567; 0; 1809.2014; 170; 572.4; 
567; 0; 1809.2014; 170; 572.6; 
567; 0; 1809.2014; 170; 572.8; 
567; 0; 1809.2014; 170; 573; 
567; 0; 1809.2015; 170; 573.2; 
567; 0; 1809.2015; 170; 573.4; 
567; 0; 1809.2016; 170; 573.6; 
567; 0; 1809.2017; 170; 573.8; 
567; 0; 1809.2017; 170; 574; 
567; 0; 1809.2017; 170; 574.2; 
567; 0; 1809.2017; 170; 574.4; 
567; 0; 1809.2017; 170; 574.6; 
567; 0; 1809.2016; 170; 574.8; 
567; 0; 1809.2016; 170; 575; 
567; 0; 1809.2016; 170; 575.2; 
567; 0; 1809.2016; 170; 575.4; 
567; 0; 1809.2016; 170; 575.6; 
567; 0; 1809.2017; 170; 575.8; 
567; 0; 1808.1697; 170; 576; 
567; 0; 1808.1697; 170; 576.2; 
567; 0; 1808.1698; 170; 576.4; 
567; 0; 1808.1699; 170; 576.6; 
567; 0; 1808.1699; 170; 576.8; 
567; 0; 1808.1699; 170; 577; 
567; 0; 1808.1699; 170; 577.2; 
567; 0; 1808.1698; 170; 577.4; 
567; 0; 1808.1698; 170; 577.6; 
567; 0; 1808.1698; 170; 577.8; 
567; 0; 1808.1697; 170; 578; 
567; 0; 1808.1697; 170; 578.2; 
567; 0; 1808.1697; 170; 578.4; 
567; 0; 1808.1697; 170; 578.6; 
567; 0; 1808.1697; 170; 578.8; 
567; 0; 1808.1697; 170; 579; 
567; 0; 1808.1697; 170; 579.2; 
567; 0; 1808.1697; 170; 579.4; 
567; 0; 1808.1698; 170; 579.6; 
567; 0; 1808.1698; 170; 579.8; 
567; 0; 1808.1698; 170; 580; 
567; 0; 1808.1699; 170; 580.2; 
567; 0; 1808.1699; 170; 580.4; 
567; 0; 1808.17; 170; 580.6; 
567; 0; 1808.17; 170; 580.8; 
567; 0; 1808.17; 170; 581; 
567; 0; 1808.1699; 170; 581.2; 
567; 0; 1808.1699; 170; 581.4; 
567; 0; 1808.1699; 170; 581.6; 
567; 0; 1808.1699; 170; 581.8; 
567; 0; 1808.1698; 170; 582; 
567; 0; 1808.1698; 170; 582.2; 
567; 0; 1808.1698; 170; 582.4; 
567; 0; 1808.1698; 170; 582.6; 
567; 0; 1808.1699; 170; 582.8; 
567; 0; 1808.1699; 170; 583; 
567; 0; 1808.1699; 170; 583.2; 
567; 0; 1808.1699; 170; 583.4; 
567; 0; 1808.17; 170; 583.6; 
567; 0; 1808.17; 170; 583.8; 
567; 0; 1808.17; 170; 584; 
567; 0; 1808.1699; 170; 584.2; 
567; 0; 1808.1699; 170; 584.4; 
567; 0; 1808.1699; 170; 584.6; 
567; 0; 1809.2018; 170; 584.8; 
567; 0; 1809.2012; 170; 585; 
567; 0; 1809.1999; 170; 585.2; 
567; 0; 1809.1975; 170; 585.4; 
567; 0; 1810.2245; 170; 585.6; 
567; 0; 1810.2171; 170; 585.8; 
567; 0; 1809.1748; 170; 586; 
567; 0; 1810.1937; 170; 586.2; 
567; 0; 1810.179; 170; 586.4; 
567; 0; 1812.2279; 170; 586.6; 
567; 0; 1816.3419; 170; 586.8; 
567; 0; 1820.4585; 170; 587; 
567; 0; 1813.8002; 170; 587.2; 
567; 0; 1821.0929; 170; 587.4; 
567; 0; 1828.3909; 170; 587.6; 
567; 0; 1836.7358; 170; 587.8; 
567; 0; 1843.0008; 170; 588; 
567; 0; 1849.2686; 170; 588.2; 
567; 0; 1854.4957; 170; 588.4; 
567; 0; 1857.6383; 170; 588.6; 
567; 0; 1860.7793; 170; 588.8; 
567; 0; 1862.8753; 170; 589; 
567; 0; 1862.883; 170; 589.2; 
567; 0; 1863.929; 170; 589.4; 
567; 0; 1863.9289; 170; 589.6; 
567; 0; 1862.8832; 170; 589.8; 
567; 0; 1862.8778; 170; 590; 
567; 0; 1863.9138; 170; 590.2; 
567; 0; 1863.9081; 170; 590.4; 
567; 0; 1864.9464; 170; 590.6; 
567; 0; 1867.0297; 170; 590.8; 
567; 0; 1868.0738; 170; 591; 
567; 0; 1869.121; 170; 591.2; 
567; 0; 1870.1707; 170; 591.4; 
567; 0; 1870.1798; 170; 591.6; 
567; 0; 1870.1887; 170; 591.8; 
567; 0; 1869.1538; 170; 592; 
567; 0; 1867.0751; 170; 592.2; 
567; 0; 1864.9943; 170; 592.4; 
567; 0; 1862.9113; 170; 592.6; 
567; 0; 1859.7836; 170; 592.8; 
567; 0; 1856.654; 170; 593; 
567; 0; 1854.5653; 170; 593.2; 
567; 0; 1851.4335; 170; 593.4; 
567; 0; 1849.3439; 170; 593.6; 
567; 0; 1847.2548; 170; 593.8; 
567; 0; 1846.208; 170; 594; 
567; 0; 1844.1206; 170; 594.2; 
567; 0; 1843.077; 170; 594.4; 
567; 0; 1843.0773; 170; 594.6; 
567; 0; 1842.0365; 170; 594.8; 
567; 0; 1840.9966; 170; 595; 
567; 0; 1839.9571; 170; 595.2; 
567; 0; 1838.9175; 170; 595.4; 
567; 0; 1837.8773; 170; 595.6; 
567; 0; 1836.8365; 170; 595.8; 
567; 0; 1834.7529; 170; 596; 
567; 0; 1833.7111; 170; 596.2; 
567; 0; 1832.6687; 170; 596.4; 
567; 0; 1831.6259; 170; 596.6; 
567; 0; 1829.5406; 170; 596.8; 
567; 0; 1828.4974; 170; 597; 
567; 0; 1827.4543; 170; 597.2; 
567; 0; 1826.4113; 170; 597.4; 
567; 0; 1825.3685; 170; 597.6; 
567; 0; 1825.3682; 170; 597.8; 
567; 0; 1824.3258; 170; 598; 
567; 0; 1823.2837; 170; 598.2; 
567; 0; 1823.2841; 170; 598.4; 
567; 0; 1822.2423; 170; 598.6; 
567; 0; 1822.2427; 170; 598.8; 
567; 0; 1821.2009; 170; 599; 
567; 0; 1820.159; 170; 599.2; 
567; 0; 1820.1593; 170; 599.4; 
567; 0; 1819.1171; 170; 599.6; 
567; 0; 1819.1172; 170; 599.8; 
567; 0; 1818.0748; 170; 600; 
567; 0; 1818.0748; 170; 600.2; 
567; 0; 1817.0324; 170; 600.4; 
567; 0; 1817.0323; 170; 600.6; 
567; 0; 1815.99; 170; 600.8; 
567; 0; 1815.9901; 170; 601; 
567; 0; 1815.9902; 170; 601.2; 
567; 0; 1814.948; 170; 601.4; 
567; 0; 1814.9481; 170; 601.6; 
567; 0; 1814.9482; 170; 601.8; 
567; 0; 1813.906; 170; 602; 
567; 0; 1813.9061; 170; 602.2; 
567; 0; 1813.9062; 170; 602.4; 
567; 0; 1812.864; 170; 602.6; 
567; 0; 1812.864; 170; 602.8; 
567; 0; 1825.714; 170; 603; 
567; 0; 1825.714; 170; 603.2; 
567; 0; 1824.682; 170; 603.4; 
567; 0; 1824.682; 170; 603.6; 
567; 0; 1824.682; 170; 603.8; 
567; 0; 1823.65; 170; 604; 
567; 0; 1823.65; 170; 604.2; 
567; 0; 1823.65; 170; 604.4; 
567; 0; 1822.618; 170; 604.6; 
567; 0; 1822.6181; 170; 604.8; 
567; 0; 1821.5862; 170; 605; 
567; 0; 1821.5863; 170; 605.2; 
567; 0; 1820.5543; 170; 605.4; 
567; 0; 1819.5224; 170; 605.6; 
567; 0; 1819.5225; 170; 605.8; 
567; 0; 1818.4905; 170; 606; 
567; 0; 1818.4906; 170; 606.2; 
567; 0; 1817.4586; 170; 606.4; 
567; 0; 1817.4587; 170; 606.6; 
567; 0; 1816.4267; 170; 606.8; 
567; 0; 1816.4268; 170; 607; 
567; 0; 1815.3948; 170; 607.2; 
567; 0; 1815.3949; 170; 607.4; 
567; 0; 1815.3949; 170; 607.6; 
567; 0; 1814.3628; 170; 607.8; 
567; 0; 1814.3628; 170; 608; 
567; 0; 1813.3307; 170; 608.2; 
567; 0; 1813.3307; 170; 608.4; 
567; 0; 1813.3306; 170; 608.6; 
567; 0; 1812.2986; 170; 608.8; 
567; 0; 1812.2987; 170; 609; 
567; 0; 1812.2988; 170; 609.2; 
567; 0; 1812.2989; 170; 609.4; 
567; 0; 1811.267; 170; 609.6; 
567; 0; 1811.2671; 170; 609.8; 
567; 0; 1811.2671; 170; 610; 
567; 0; 1811.2671; 170; 610.2; 
567; 0; 1810.2351; 170; 610.4; 
567; 0; 1810.2351; 170; 610.6; 
567; 0; 1810.2351; 170; 610.8; 
567; 0; 1810.2352; 170; 611; 
567; 0; 1810.2352; 170; 611.2; 
567; 0; 1810.2352; 170; 611.4; 
567; 0; 1810.2353; 170; 611.6; 
567; 0; 1809.2034; 170; 611.8; 
567; 0; 1809.2034; 170; 612; 
567; 0; 1809.2034; 170; 612.2; 
567; 0; 1809.2033; 170; 612.4; 
567; 0; 1809.2033; 170; 612.6; 
567; 0; 1809.2032; 170; 612.8; 
567; 0; 1809.2032; 170; 613; 
567; 0; 1809.2033; 170; 613.2; 
567; 0; 1809.2033; 170; 613.4; 
567; 0; 1809.2034; 170; 613.6; 
567; 0; 1808.1713; 170; 613.8; 
567; 0; 1808.1714; 170; 614; 
567; 0; 1808.1714; 170; 614.2; 
567; 0; 1808.1714; 170; 614.4; 
567; 0; 1808.1714; 170; 614.6; 
567; 0; 1808.1714; 170; 614.8; 
567; 0; 1808.1714; 170; 615; 
567; 0; 1808.1713; 170; 615.2; 
567; 0; 1808.1713; 170; 615.4; 
567; 0; 1808.1713; 170; 615.6; 
567; 0; 1808.1714; 170; 615.8; 
567; 0; 1808.1714; 170; 616; 
567; 0; 1808.1715; 170; 616.2; 
567; 0; 1808.1716; 170; 616.4; 
567; 0; 1808.1716; 170; 616.6; 
567; 0; 1808.1716; 170; 616.8; 
567; 0; 1808.1717; 170; 617; 
567; 0; 1808.1717; 170; 617.2; 
567; 0; 1808.1717; 170; 617.4; 
567; 0; 1807.1396; 170; 617.6; 
567; 0; 1807.1396; 170; 617.8; 
567; 0; 1807.1396; 170; 618; 
567; 0; 1807.1395; 170; 618.2; 
567; 0; 1807.1395; 170; 618.4; 
567; 0; 1807.1394; 170; 618.6; 
567; 0; 1807.1394; 170; 618.8; 
567; 0; 1807.1395; 170; 619; 
567; 0; 1807.1395; 170; 619.2; 
567; 0; 1807.1395; 170; 619.4; 
567; 0; 1807.1395; 170; 619.6; 
567; 0; 1807.1396; 170; 619.8; 
567; 0; 1807.1396; 170; 620; 
567; 0; 1807.1397; 170; 620.2; 
567; 0; 1807.1397; 170; 620.4; 
567; 0; 1807.1397; 170; 620.6; 
567; 0; 1807.1397; 170; 620.8; 
567; 0; 1807.1397; 170; 621; 
567; 0; 1807.1396; 170; 621.2; 
567; 0; 1807.1396; 170; 621.4; 
567; 0; 1807.1396; 170; 621.6; 
567; 0; 1807.1396; 170; 621.8; 
567; 0; 1807.1396; 170; 622; 
567; 0; 1807.1396; 170; 622.2; 
567; 0; 1807.1396; 170; 622.4; 
567; 0; 1807.1396; 170; 622.6; 
567; 0; 1807.1396; 170; 622.8; 
567; 0; 1807.1396; 170; 623; 
567; 0; 1807.1396; 170; 623.2; 
567; 0; 1807.1397; 170; 623.4; 
567; 0; 1807.1397; 170; 623.6; 
567; 0; 1807.1397; 170; 623.8; 
567; 0; 1807.1398; 170; 624; 
567; 0; 1807.1398; 170; 624.2; 
567; 0; 1807.1397; 170; 624.4; 
567; 0; 1807.1397; 170; 624.6; 
567; 0; 1807.1396; 170; 624.8; 
567; 0; 1807.1396; 170; 625; 
567; 0; 1807.1396; 170; 625.2; 
567; 0; 1807.1396; 170; 625.4; 
567; 0; 1807.1397; 170; 625.6; 
567; 0; 1807.1397; 170; 625.8; 
567; 0; 1807.1398; 170; 626; 
567; 0; 1807.1398; 170; 626.2; 
567; 0; 1807.1398; 170; 626.4; 
567; 0; 1807.1398; 170; 626.6; 
567; 0; 1807.1398; 170; 626.8; 
567; 0; 1807.1398; 170; 627; 
567; 0; 1807.1397; 170; 627.2; 
567; 0; 1807.1396; 170; 627.4; 
567; 0; 1807.1396; 170; 627.6; 
567; 0; 1807.1396; 170; 627.8; 
567; 0; 1807.1396; 170; 628; 
567; 0; 1807.1397; 170; 628.2; 
567; 0; 1807.1397; 170; 628.4; 
567; 0; 1807.1398; 170; 628.6; 
567; 0; 1807.1399; 170; 628.8; 
567; 0; 1807.1399; 170; 629; 
567; 0; 1807.14; 170; 629.2; 
567; 0; 1807.1399; 170; 629.4; 
567; 0; 1806.1079; 170; 629.6; 
567; 0; 1806.1078; 170; 629.8; 
567; 0; 1806.1077; 0; 630; 
567; 0; 0; 0; 630.2; 
567; 0; 0; 0; 630.4; 
567; 0; 0; 0; 630.6; 
567; 0; 0; 0; 630.8; 
567; 0; 0; 0; 631; 
567; 0; 0; 0; 631.2; 
567; 0; 0; 0; 631.4; 
567; 0; 0; 0; 631.6; 
567; 0; 0; 0; 631.8; 
567; 0; 0; 0; 632; 
567; 0; 0; 0; 632.2; 
567; 0; 0; 0; 632.4; 
567; 0; 0; 0; 632.6; 
567; 0; 0; 0; 632.8; 
567; 0; 0; 0; 633; 
567; 0; 0; 0; 633.2; 
567; 0; 0; 0; 633.4; 
567; 0; 0; 0; 633.6; 
567; 0; 0; 0; 633.8; 
567; 0; 0; 0; 634; 
567; 0; 0; 0; 634.2; 
567; 0; 0; 0; 634.4; 
567; 0; 0; 0; 634.6; 
567; 0; 0; 0; 634.8; 
567; 0; 0; 0; 635; 
567; 0; 0; 0; 635.2; 
567; 0; 0; 0; 635.4; 
567; 0; 0; 0; 635.6; 
567; 0; 0; 0; 635.8; 
567; 0; 0; 0; 636; 
567; 0; 0; 0; 636.2; 
567; 0; 0; 0; 636.4; 
567; 0; 0; 0; 636.6; 
567; 0; 0; 0; 636.8; 
567; 0; 0; 0; 637; 
567; 0; 0; 0; 637.2; 
567; 0; 0; 0; 637.4; 
567; 0; 0; 0; 637.6; 
567; 0; 0; 0; 637.8; 
567; 0; 0; 0; 638; 
567; 0; 0; 0; 638.2; 
567; 0; 0; 0; 638.4; 
567; 0; 0; 0; 638.6; 
567; 0; 0; 0; 638.8; 
567; 0; 0; 0; 639; 
567; 0; 0; 0; 639.2; 
567; 0; 0; 0; 639.4; 
567; 0; 0; 0; 639.6; 
567; 0; 0; 0; 639.8; 
567; 0; 0; 0; 640; 
567; 0; 0; 0; 640.2; 
567; 0; 0; 0; 640.4; 
567; 0; 0; 0; 640.6; 
567; 0; 0; 0; 640.8; 
567; 0; 0; 0; 641; 
567; 0; 0; 0; 641.2; 
567; 0; 0; 0; 641.4; 
567; 0; 0; 0; 641.6; 
567; 0; 0; 0; 641.8; 
567; 0; 0; 0; 642; 
567; 0; 0; 0; 642.2; 
567; 0; 0; 0; 642.4; 
567; 0; 0; 0; 642.6; 
567; 0; 0; 0; 642.8; 
567; 0; 0; 0; 643; 
567; 0; 0; 0; 643.2; 
567; 0; 0; 0; 643.4; 
567; 0; 0; 0; 643.6; 
567; 0; 0; 0; 643.8; 
567; 0; 0; 0; 644; 
567; 0; 0; 0; 644.2; 
567; 0; 0; 0; 644.4; 
567; 0; 0; 0; 644.6; 
567; 0; 0; 0; 644.8; 
567; 0; 0; 0; 645; 
567; 0; 0; 0; 645.2; 
567; 0; 0; 0; 645.4; 
567; 0; 0; 0; 645.6; 
567; 0; 0; 0; 645.8; 
567; 0; 0; 0; 646; 
567; 0; 0; 0; 646.2; 
567; 0; 0; 0; 646.4; 
567; 0; 0; 0; 646.6; 
567; 0; 0; 0; 646.8; 
567; 0; 0; 0; 647; 
567; 0; 0; 0; 647.2; 
567; 0; 0; 0; 647.4; 
567; 0; 0; 0; 647.6; 
567; 0; 0; 0; 647.8; 
567; 0; 0; 0; 648; 
567; 0; 0; 0; 648.2; 
567; 0; 0; 0; 648.4; 
567; 0; 0; 0; 648.6; 
567; 0; 0; 0; 648.8; 
567; 0; 0; 0; 649; 
567; 0; 0; 0; 649.2; 
567; 0; 0; 0; 649.4; 
567; 0; 0; 0; 649.6; 
567; 0; 0; 0; 649.8; 
567; 0; 0; 0; 650; 
567; 0; 0; 0; 650.2; 
567; 0; 0; 0; 650.4; 
567; 0; 0; 0; 650.6; 
567; 0; 0; 0; 650.8; 
567; 0; 0; 0; 651; 
567; 0; 0; 0; 651.2; 
567; 0; 0; 0; 651.4; 
567; 0; 0; 0; 651.6; 
567; 0; 0; 0; 651.8; 
567; 0; 0; 0; 652; 
567; 0; 0; 0; 652.2; 
567; 0; 0; 0; 652.4; 
567; 0; 0; 0; 652.6; 
567; 0; 0; 0; 652.8; 
567; 0; 0; 0; 653; 
567; 0; 0; 0; 653.2; 
567; 0; 0; 0; 653.4; 
567; 0; 0; 0; 653.6; 
567; 0; 0; 0; 653.8; 
567; 0; 0; 0; 654; 
567; 0; 0; 0; 654.2; 
567; 0; 0; 0; 654.4; 
567; 0; 0; 0; 654.6; 
567; 0; 0; 0; 654.8; 
567; 0; 0; 0; 655; 
567; 0; 0; 0; 655.2; 
567; 0; 0; 0; 655.4; 
567; 0; 0; 0; 655.6; 
567; 0; 0; 0; 655.8; 
567; 0; 0; 0; 656; 
567; 0; 0; 0; 656.2; 
567; 0; 0; 0; 656.4; 
567; 0; 0; 0; 656.6; 
567; 0; 0; 0; 656.8; 
567; 0; 0; 0; 657; 
567; 0; 0; 0; 657.2; 
567; 0; 0; 0; 657.4; 
567; 0; 0; 0; 657.6; 
567; 0; 0; 0; 657.8; 
567; 0; 0; 0; 658; 
567; 0; 0; 0; 658.2; 
567; 0; 0; 0; 658.4; 
567; 0; 0; 0; 658.6; 
567; 0; 0; 0; 658.8; 
567; 0; 0; 0; 659; 
567; 0; 0; 0; 659.2; 
567; 0; 0; 0; 659.4; 
567; 0; 0; 0; 659.6; 
567; 0; 0; 0; 659.8; 
567; 0; 0; 0; 660; 
567; 0; 0; 0; 660.2; 
567; 0; 0; 0; 660.4; 
567; 0; 0; 0; 660.6; 
567; 0; 0; 0; 660.8; 
567; 0; 0; 0; 661; 
567; 0; 0; 0; 661.2; 
567; 0; 0; 0; 661.4; 
567; 0; 0; 0; 661.6; 
567; 0; 0; 0; 661.8; 
567; 0; 0; 0; 662; 
567; 0; 0; 0; 662.2; 
567; 0; 0; 0; 662.4; 
567; 0; 0; 0; 662.6; 
567; 0; 0; 0; 662.8; 
567; 0; 0; 0; 663; 
567; 0; 0; 0; 663.2; 
567; 0; 0; 0; 663.4; 
567; 0; 0; 0; 663.6; 
567; 0; 0; 0; 663.8; 
567; 0; 0; 0; 664; 
567; 0; 0; 0; 664.2; 
567; 0; 0; 0; 664.4; 
567; 0; 0; 0; 664.6; 
567; 0; 0; 0; 664.8; 
567; 0; 0; 0; 665; 
567; 0; 0; 0; 665.2; 
567; 0; 0; 0; 665.4; 
567; 0; 0; 0; 665.6; 
567; 0; 0; 0; 665.8; 
567; 0; 0; 0; 666; 
567; 0; 0; 0; 666.2; 
567; 0; 0; 0; 666.4; 
567; 0; 0; 0; 666.6; 
567; 0; 0; 0; 666.8; 
567; 0; 0; 0; 667; 
567; 0; 0; 0; 667.2; 
567; 0; 0; 0; 667.4; 
567; 0; 0; 0; 667.6; 
567; 0; 0; 0; 667.8; 
567; 0; 0; 0; 668; 
567; 0; 0; 0; 668.2; 
567; 0; 0; 0; 668.4; 
567; 0; 0; 0; 668.6; 
567; 0; 0; 0; 668.8; 
567; 0; 0; 0; 669; 
567; 0; 0; 0; 669.2; 
567; 0; 0; 0; 669.4; 
567; 0; 0; 0; 669.6; 
567; 0; 0; 0; 669.8; 
567; 0; 0; 0; 670; 
567; 0; 0; 0; 670.2; 
567; 0; 0; 0; 670.4; 
567; 0; 0; 0; 670.6; 
567; 0; 0; 0; 670.8; 
567; 0; 0; 0; 671; 
567; 0; 0; 0; 671.2; 
567; 0; 0; 0; 671.4; 
567; 0; 0; 0; 671.6; 
567; 0; 0; 0; 671.8; 
567; 0; 0; 0; 672; 
567; 0; 0; 0; 672.2; 
567; 0; 0; 0; 672.4; 
567; 0; 0; 0; 672.6; 
567; 0; 0; 0; 672.8; 
567; 0; 0; 0; 673; 
567; 0; 0; 0; 673.2; 
567; 0; 0; 0; 673.4; 
567; 0; 0; 0; 673.6; 
567; 0; 0; 0; 673.8; 
567; 0; 0; 0; 674; 
567; 0; 0; 0; 674.2; 
567; 0; 0; 0; 674.4; 
567; 0; 0; 0; 674.6; 
567; 0; 0; 0; 674.8; 
567; 0; 0; 0; 675; 
567; 0; 0; 0; 675.2; 
567; 0; 0; 0; 675.4; 
567; 0; 0; 0; 675.6; 
567; 0; 0; 0; 675.8; 
567; 0; 0; 0; 676; 
567; 0; 0; 0; 676.2; 
567; 0; 0; 0; 676.4; 
567; 0; 0; 0; 676.6; 
567; 0; 0; 0; 676.8; 
567; 0; 0; 0; 677; 
567; 0; 0; 0; 677.2; 
567; 0; 0; 0; 677.4; 
567; 0; 0; 0; 677.6; 
567; 0; 0; 0; 677.8; 
567; 0; 0; 0; 678; 
567; 0; 0; 0; 678.2; 
567; 0; 0; 0; 678.4; 
567; 0; 0; 0; 678.6; 
567; 0; 0; 0; 678.8; 
567; 0; 0; 0; 679; 
567; 0; 0; 0; 679.2; 
567; 0; 0; 0; 679.4; 
567; 0; 0; 0; 679.6; 
567; 0; 0; 0; 679.8; 
567; 0; 0; 0; 680; 
567; 0; 0; 0; 680.2; 
567; 0; 0; 0; 680.4; 
567; 0; 0; 0; 680.6; 
567; 0; 0; 0; 680.8; 
567; 0; 0; 0; 681; 
567; 0; 0; 0; 681.2; 
567; 0; 0; 0; 681.4; 
567; 0; 0; 0; 681.6; 
567; 0; 0; 0; 681.8; 
567; 0; 0; 0; 682; 
567; 0; 0; 0; 682.2; 
567; 0; 0; 0; 682.4; 
567; 0; 0; 0; 682.6; 
567; 0; 0; 0; 682.8; 
567; 0; 0; 0; 683; 
567; 0; 0; 0; 683.2; 
567; 0; 0; 0; 683.4; 
567; 0; 0; 0; 683.6; 
567; 0; 0; 0; 683.8; 
567; 0; 0; 0; 684; 
567; 0; 0; 0; 684.2; 
567; 0; 0; 0; 684.4; 
567; 0; 0; 0; 684.6; 
567; 0; 0; 0; 684.8; 
567; 0; 0; 0; 685; 
567; 0; 0; 0; 685.2; 
567; 0; 0; 0; 685.4; 
567; 0; 0; 0; 685.6; 
567; 0; 0; 0; 685.8; 
567; 0; 0; 0; 686; 
567; 0; 0; 0; 686.2; 
567; 0; 0; 0; 686.4; 
567; 0; 0; 0; 686.6; 
567; 0; 0; 0; 686.8; 
567; 0; 0; 0; 687; 
567; 0; 0; 0; 687.2; 
567; 0; 0; 0; 687.4; 
567; 0; 0; 0; 687.6; 
567; 0; 0; 0; 687.8; 
567; 0; 0; 0; 688; 
567; 0; 0; 0; 688.2; 
567; 0; 0; 0; 688.4; 
567; 0; 0; 0; 688.6; 
567; 0; 0; 0; 688.8; 
567; 0; 0; 0; 689; 
567; 0; 0; 0; 689.2; 
567; 0; 0; 0; 689.4; 
567; 0; 0; 0; 689.6; 
567; 0; 0; 0; 689.8; 
567; 0; 0; 0; 690; 
567; 0; 0; 0; 690.2; 
567; 0; 0; 0; 690.4; 
567; 0; 0; 0; 690.6; 
567; 0; 0; 0; 690.8; 
567; 0; 0; 0; 691; 
567; 0; 0; 0; 691.2; 
567; 0; 0; 0; 691.4; 
567; 0; 0; 0; 691.6; 
567; 0; 0; 0; 691.8; 
567; 0; 0; 0; 692; 
567; 0; 0; 0; 692.2; 
567; 0; 0; 0; 692.4; 
567; 0; 0; 0; 692.6; 
567; 0; 0; 0; 692.8; 
567; 0; 0; 0; 693; 
567; 0; 0; 0; 693.2; 
567; 0; 0; 0; 693.4; 
567; 0; 0; 0; 693.6; 
567; 0; 0; 0; 693.8; 
567; 0; 0; 0; 694; 
567; 0; 0; 0; 694.2; 
567; 0; 0; 0; 694.4; 
567; 0; 0; 0; 694.6; 
567; 0; 0; 0; 694.8; 
567; 0; 0; 0; 695; 
567; 0; 0; 0; 695.2; 
567; 0; 0; 0; 695.4; 
567; 0; 0; 0; 695.6; 
567; 0; 0; 0; 695.8; 
567; 0; 0; 0; 696; 
567; 0; 0; 0; 696.2; 
567; 0; 0; 0; 696.4; 
567; 0; 0; 0; 696.6; 
567; 0; 0; 0; 696.8; 
567; 0; 0; 0; 697; 
567; 0; 0; 0; 697.2; 
567; 0; 0; 0; 697.4; 
567; 0; 0; 0; 697.6; 
567; 0; 0; 0; 697.8; 
567; 0; 0; 0; 698; 
567; 0; 0; 0; 698.2; 
567; 0; 0; 0; 698.4; 
567; 0; 0; 0; 698.6; 
567; 0; 0; 0; 698.8; 
567; 0; 0; 0; 699; 
567; 0; 0; 0; 699.2; 
567; 0; 0; 0; 699.4; 
567; 0; 0; 0; 699.6; 
567; 0; 0; 0; 699.8; 
567; 0; 0; 0; 700; 
567; 0; 0; 0; 700.2; 
567; 0; 0; 0; 700.4; 
567; 0; 0; 0; 700.6; 
567; 0; 0; 0; 700.8; 
567; 0; 0; 0; 701; 
567; 0; 0; 0; 701.2; 
567; 0; 0; 0; 701.4; 
567; 0; 0; 0; 701.6; 
567; 0; 0; 0; 701.8; 
567; 0; 0; 0; 702; 
567; 0; 0; 0; 702.2; 
567; 0; 0; 0; 702.4; 
567; 0; 0; 0; 702.6; 
567; 0; 0; 0; 702.8; 
567; 0; 0; 0; 703; 
567; 0; 0; 0; 703.2; 
567; 0; 0; 0; 703.4; 
567; 0; 0; 0; 703.6; 
567; 0; 0; 0; 703.8; 
567; 0; 0; 0; 704; 
567; 0; 0; 0; 704.2; 
567; 0; 0; 0; 704.4; 
567; 0; 0; 0; 704.6; 
567; 0; 0; 0; 704.8; 
567; 0; 0; 0; 705; 
567; 0; 0; 0; 705.2; 
567; 0; 0; 0; 705.4; 
567; 0; 0; 0; 705.6; 
567; 0; 0; 0; 705.8; 
567; 0; 0; 0; 706; 
567; 0; 0; 0; 706.2; 
567; 0; 0; 0; 706.4; 
567; 0; 0; 0; 706.6; 
567; 0; 0; 0; 706.8; 
567; 0; 0; 0; 707; 
567; 0; 0; 0; 707.2; 
567; 0; 0; 0; 707.4; 
567; 0; 0; 0; 707.6; 
567; 0; 0; 0; 707.8; 
567; 0; 0; 0; 708; 
567; 0; 0; 0; 708.2; 
567; 0; 0; 0; 708.4; 
567; 0; 0; 0; 708.6; 
567; 0; 0; 0; 708.8; 
567; 0; 0; 0; 709; 
567; 0; 0; 0; 709.2; 
567; 0; 0; 0; 709.4; 
567; 0; 0; 0; 709.6; 
567; 0; 0; 0; 709.8; 
567; 0; 0; 0; 710; 
567; 0; 0; 0; 710.2; 
567; 0; 0; 0; 710.4; 
567; 0; 0; 0; 710.6; 
567; 0; 0; 0; 710.8; 
567; 0; 0; 0; 711; 
567; 0; 0; 0; 711.2; 
567; 0; 0; 0; 711.4; 
567; 0; 0; 0; 711.6; 
567; 0; 0; 0; 711.8; 
567; 0; 0; 0; 712; 
567; 0; 0; 0; 712.2; 
567; 0; 0; 0; 712.4; 
567; 0; 0; 0; 712.6; 
567; 0; 0; 0; 712.8; 
567; 0; 0; 0; 713; 
567; 0; 0; 0; 713.2; 
567; 0; 0; 0; 713.4; 
567; 0; 0; 0; 713.6; 
567; 0; 0; 0; 713.8; 
567; 0; 0; 0; 714; 
567; 0; 0; 0; 714.2; 
567; 0; 0; 0; 714.4; 
567; 0; 0; 0; 714.6; 
567; 0; 0; 0; 714.8; 
567; 0; 0; 0; 715; 
567; 0; 0; 0; 715.2; 
567; 0; 0; 0; 715.4; 
567; 0; 0; 0; 715.6; 
567; 0; 0; 0; 715.8; 
567; 0; 0; 0; 716; 
567; 0; 0; 0; 716.2; 
567; 0; 0; 0; 716.4; 
567; 0; 0; 0; 716.6; 
567; 0; 0; 0; 716.8; 
567; 0; 0; 0; 717; 
567; 0; 0; 0; 717.2; 
567; 0; 0; 0; 717.4; 
567; 0; 0; 0; 717.6; 
567; 0; 0; 0; 717.8; 
567; 0; 0; 0; 718; 
567; 0; 0; 0; 718.2; 
567; 0; 0; 0; 718.4; 
567; 0; 0; 0; 718.6; 
567; 0; 0; 0; 718.8; 
567; 0; 0; 0; 719; 
567; 0; 0; 0; 719.2; 
567; 0; 0; 0; 719.4; 
567; 0; 0; 0; 719.6; 
567; 0; 0; 0; 719.8; 
567; 0; 0; 0; 720; 
567; 0; 0; 0; 720.2; 
567; 0; 0; 0; 720.4; 
567; 0; 0; 0; 720.6; 
567; 0; 0; 0; 720.8; 
567; 0; 0; 0; 721; 
567; 0; 0; 0; 721.2; 
567; 0; 0; 0; 721.4; 
567; 0; 0; 0; 721.6; 
567; 0; 0; 0; 721.8; 
567; 0; 0; 0; 722; 
567; 0; 0; 0; 722.2; 
567; 0; 0; 0; 722.4; 
567; 0; 0; 0; 722.6; 
567; 0; 0; 0; 722.8; 
567; 0; 0; 0; 723; 
567; 0; 0; 0; 723.2; 
567; 0; 0; 0; 723.4; 
567; 0; 0; 0; 723.6; 
567; 0; 0; 0; 723.8; 
567; 0; 0; 0; 724; 
567; 0; 0; 0; 724.2; 
567; 0; 0; 0; 724.4; 
567; 0; 0; 0; 724.6; 
567; 0; 0; 0; 724.8; 
567; 0; 0; 0; 725; 
567; 0; 0; 0; 725.2; 
567; 0; 0; 0; 725.4; 
567; 0; 0; 0; 725.6; 
567; 0; 0; 0; 725.8; 
567; 0; 0; 0; 726; 
567; 0; 0; 0; 726.2; 
567; 0; 0; 0; 726.4; 
567; 0; 0; 0; 726.6; 
567; 0; 0; 0; 726.8; 
567; 0; 0; 0; 727; 
567; 0; 0; 0; 727.2; 
567; 0; 0; 0; 727.4; 
567; 0; 0; 0; 727.6; 
567; 0; 0; 0; 727.8; 
567; 0; 0; 0; 728; 
567; 0; 0; 0; 728.2; 
567; 0; 0; 0; 728.4; 
567; 0; 0; 0; 728.6; 
567; 0; 0; 0; 728.8; 
567; 0; 0; 0; 729; 
567; 0; 0; 0; 729.2; 
567; 0; 0; 0; 729.4; 
567; 0; 0; 0; 729.6; 
567; 0; 0; 0; 729.8; 
567; 0; 0; 0; 730; 
567; 0; 0; 0; 730.2; 
567; 0; 0; 0; 730.4; 
567; 0; 0; 0; 730.6; 
567; 0; 0; 0; 730.8; 
567; 0; 0; 0; 731; 
567; 0; 0; 0; 731.2; 
567; 0; 0; 0; 731.4; 
567; 0; 0; 0; 731.6; 
567; 0; 0; 0; 731.8; 
567; 0; 0; 0; 732; 
567; 0; 0; 0; 732.2; 
567; 0; 0; 0; 732.4; 
567; 0; 0; 0; 732.6; 
567; 0; 0; 0; 732.8; 
567; 0; 0; 0; 733; 
567; 0; 0; 0; 733.2; 
567; 0; 0; 0; 733.4; 
567; 0; 0; 0; 733.6; 
567; 0; 0; 0; 733.8; 
567; 0; 0; 0; 734; 
567; 0; 0; 0; 734.2; 
567; 0; 0; 0; 734.4; 
567; 0; 0; 0; 734.6; 
567; 0; 0; 0; 734.8; 
567; 0; 0; 0; 735; 
567; 0; 0; 0; 735.2; 
567; 0; 0; 0; 735.4; 
567; 0; 0; 0; 735.6; 
567; 0; 0; 0; 735.8; 
567; 0; 0; 0; 736; 
567; 0; 0; 0; 736.2; 
567; 0; 0; 0; 736.4; 
567; 0; 0; 0; 736.6; 
567; 0; 0; 0; 736.8; 
567; 0; 0; 0; 737; 
567; 0; 0; 0; 737.2; 
567; 0; 0; 0; 737.4; 
567; 0; 0; 0; 737.6; 
567; 0; 0; 0; 737.8; 
567; 0; 0; 0; 738; 
567; 0; 0; 0; 738.2; 
567; 0; 0; 0; 738.4; 
567; 0; 0; 0; 738.6; 
567; 0; 0; 0; 738.8; 
567; 0; 0; 0; 739; 
567; 0; 0; 0; 739.2; 
567; 0; 0; 0; 739.4; 
567; 0; 0; 0; 739.6; 
567; 0; 0; 0; 739.8; 
567; 0; 0; 0; 740; 
567; 0; 0; 0; 740.2; 
567; 0; 0; 0; 740.4; 
567; 0; 0; 0; 740.6; 
567; 0; 0; 0; 740.8; 
567; 0; 0; 0; 741; 
567; 0; 0; 0; 741.2; 
567; 0; 0; 0; 741.4; 
567; 0; 0; 0; 741.6; 
567; 0; 0; 0; 741.8; 
567; 0; 0; 0; 742; 
567; 0; 0; 0; 742.2; 
567; 0; 0; 0; 742.4; 
567; 0; 0; 0; 742.6; 
567; 0; 0; 0; 742.8; 
567; 0; 0; 0; 743; 
567; 0; 0; 0; 743.2; 
567; 0; 0; 0; 743.4; 
567; 0; 0; 0; 743.6; 
567; 0; 0; 0; 743.8; 
567; 0; 0; 0; 744; 
567; 0; 0; 0; 744.2; 
567; 0; 0; 0; 744.4; 
567; 0; 0; 0; 744.6; 
567; 0; 0; 0; 744.8; 
567; 0; 0; 0; 745; 
567; 0; 0; 0; 745.2; 
567; 0; 0; 0; 745.4; 
567; 0; 0; 0; 745.6; 
567; 0; 0; 0; 745.8; 
567; 0; 0; 0; 746; 
567; 0; 0; 0; 746.2; 
567; 0; 0; 0; 746.4; 
567; 0; 0; 0; 746.6; 
567; 0; 0; 0; 746.8; 
567; 0; 0; 0; 747; 
567; 0; 0; 0; 747.2; 
567; 0; 0; 0; 747.4; 
567; 0; 0; 0; 747.6; 
567; 0; 0; 0; 747.8; 
567; 0; 0; 0; 748; 
567; 0; 0; 0; 748.2; 
567; 0; 0; 0; 748.4; 
567; 0; 0; 0; 748.6; 
567; 0; 0; 0; 748.8; 
567; 0; 0; 0; 749; 
567; 0; 0; 0; 749.2; 
567; 0; 0; 0; 749.4; 
567; 0; 0; 0; 749.6; 
567; 0; 0; 0; 749.8; 
567; 0; 0; 0; 750; 
567; 0; 0; 0; 750.2; 
567; 0; 0; 0; 750.4; 
567; 0; 0; 0; 750.6; 
567; 0; 0; 0; 750.8; 
567; 0; 0; 0; 751; 
567; 0; 0; 0; 751.2; 
567; 0; 0; 0; 751.4; 
567; 0; 0; 0; 751.6; 
567; 0; 0; 0; 751.8; 
567; 0; 0; 0; 752; 
567; 0; 0; 0; 752.2; 
567; 0; 0; 0; 752.4; 
567; 0; 0; 0; 752.6; 
567; 0; 0; 0; 752.8; 
567; 0; 0; 0; 753; 
567; 0; 0; 0; 753.2; 
567; 0; 0; 0; 753.4; 
567; 0; 0; 0; 753.6; 
567; 0; 0; 0; 753.8; 
567; 0; 0; 0; 754; 
567; 0; 0; 0; 754.2; 
567; 0; 0; 0; 754.4; 
567; 0; 0; 0; 754.6; 
567; 0; 0; 0; 754.8; 
567; 0; 0; 0; 755; 
567; 0; 0; 0; 755.2; 
567; 0; 0; 0; 755.4; 
567; 0; 0; 0; 755.6; 
567; 0; 0; 0; 755.8; 
567; 0; 0; 0; 756; 
567; 0; 0; 0; 756.2; 
567; 0; 0; 0; 756.4; 
567; 0; 0; 0; 756.6; 
567; 0; 0; 0; 756.8; 
567; 0; 0; 0; 757; 
567; 0; 0; 0; 757.2; 
567; 0; 0; 0; 757.4; 
567; 0; 0; 0; 757.6; 
567; 0; 0; 0; 757.8; 
567; 0; 0; 0; 758; 
567; 0; 0; 0; 758.2; 
567; 0; 0; 0; 758.4; 
567; 0; 0; 0; 758.6; 
567; 0; 0; 0; 758.8; 
567; 0; 0; 0; 759; 
567; 0; 0; 0; 759.2; 
567; 0; 0; 0; 759.4; 
567; 0; 0; 0; 759.6; 
567; 0; 0; 0; 759.8; 
567; 0; 0; 0; 760; 
567; 0; 0; 0; 760.2; 
567; 0; 0; 0; 760.4; 
567; 0; 0; 0; 760.6; 
567; 0; 0; 0; 760.8; 
567; 0; 0; 0; 761; 
567; 0; 0; 0; 761.2; 
567; 0; 0; 0; 761.4; 
567; 0; 0; 0; 761.6; 
567; 0; 0; 0; 761.8; 
567; 0; 0; 0; 762; 
567; 0; 0; 0; 762.2; 
567; 0; 0; 0; 762.4; 
567; 0; 0; 0; 762.6; 
567; 0; 0; 0; 762.8; 
567; 0; 0; 0; 763; 
567; 0; 0; 0; 763.2; 
567; 0; 0; 0; 763.4; 
567; 0; 0; 0; 763.6; 
567; 0; 0; 0; 763.8; 
567; 0; 0; 0; 764; 
567; 0; 0; 0; 764.2; 
567; 0; 0; 0; 764.4; 
567; 0; 0; 0; 764.6; 
567; 0; 0; 0; 764.8; 
567; 0; 0; 0; 765; 
567; 0; 0; 0; 765.2; 
567; 0; 0; 0; 765.4; 
567; 0; 0; 0; 765.6; 
567; 0; 0; 0; 765.8; 
567; 0; 0; 0; 766; 
567; 0; 0; 0; 766.2; 
567; 0; 0; 0; 766.4; 
567; 0; 0; 0; 766.6; 
567; 0; 0; 0; 766.8; 
567; 0; 0; 0; 767; 
567; 0; 0; 0; 767.2; 
567; 0; 0; 0; 767.4; 
567; 0; 0; 0; 767.6; 
567; 0; 0; 0; 767.8; 
567; 0; 0; 0; 768; 
567; 0; 0; 0; 768.2; 
567; 0; 0; 0; 768.4; 
567; 0; 0; 0; 768.6; 
567; 0; 0; 0; 768.8; 
567; 0; 0; 0; 769; 
567; 0; 0; 0; 769.2; 
567; 0; 0; 0; 769.4; 
567; 0; 0; 0; 769.6; 
567; 0; 0; 0; 769.8; 
567; 0; 0; 0; 770; 
567; 0; 0; 0; 770.2; 
567; 0; 0; 0; 770.4; 
567; 0; 0; 0; 770.6; 
567; 0; 0; 0; 770.8; 
567; 0; 0; 0; 771; 
567; 0; 0; 0; 771.2; 
567; 0; 0; 0; 771.4; 
567; 0; 0; 0; 771.6; 
567; 0; 0; 0; 771.8; 
567; 0; 0; 0; 772; 
567; 0; 0; 0; 772.2; 
567; 0; 0; 0; 772.4; 
567; 0; 0; 0; 772.6; 
567; 0; 0; 0; 772.8; 
567; 0; 0; 0; 773; 
567; 0; 0; 0; 773.2; 
567; 0; 0; 0; 773.4; 
567; 0; 0; 0; 773.6; 
567; 0; 0; 0; 773.8; 
567; 0; 0; 0; 774; 
567; 0; 0; 0; 774.2; 
567; 0; 0; 0; 774.4; 
567; 0; 0; 0; 774.6; 
567; 0; 0; 0; 774.8; 
567; 0; 0; 0; 775; 
567; 0; 0; 0; 775.2; 
567; 0; 0; 0; 775.4; 
567; 0; 0; 0; 775.6; 
567; 0; 0; 0; 775.8; 
567; 0; 0; 0; 776; 
567; 0; 0; 0; 776.2; 
567; 0; 0; 0; 776.4; 
567; 0; 0; 0; 776.6; 
567; 0; 0; 0; 776.8; 
567; 0; 0; 0; 777; 
567; 0; 0; 0; 777.2; 
567; 0; 0; 0; 777.4; 
567; 0; 0; 0; 777.6; 
567; 0; 0; 0; 777.8; 
567; 0; 0; 0; 778; 
567; 0; 0; 0; 778.2; 
567; 0; 0; 0; 778.4; 
567; 0; 0; 0; 778.6; 
567; 0; 0; 0; 778.8; 
567; 0; 0; 0; 779; 
567; 0; 0; 0; 779.2; 
567; 0; 0; 0; 779.4; 
567; 0; 0; 0; 779.6; 
567; 0; 0; 0; 779.8; 
567; 0; 0; 0; 780; 
567; 0; 0; 0; 780.2; 
567; 0; 0; 0; 780.4; 
567; 0; 0; 0; 780.6; 
567; 0; 0; 0; 780.8; 
567; 0; 0; 0; 781; 
567; 0; 0; 0; 781.2; 
567; 0; 0; 0; 781.4; 
567; 0; 0; 0; 781.6; 
567; 0; 0; 0; 781.8; 
567; 0; 0; 0; 782; 
567; 0; 0; 0; 782.2; 
567; 0; 0; 0; 782.4; 
567; 0; 0; 0; 782.6; 
567; 0; 0; 0; 782.8; 
567; 0; 0; 0; 783; 
567; 0; 0; 0; 783.2; 
567; 0; 0; 0; 783.4; 
567; 0; 0; 0; 783.6; 
567; 0; 0; 0; 783.8; 
567; 0; 0; 0; 784; 
567; 0; 0; 0; 784.2; 
567; 0; 0; 0; 784.4; 
567; 0; 0; 0; 784.6; 
567; 0; 0; 0; 784.8; 
567; 0; 0; 0; 785; 
567; 0; 0; 0; 785.2; 
567; 0; 0; 0; 785.4; 
567; 0; 0; 0; 785.6; 
567; 0; 0; 0; 785.8; 
567; 0; 0; 0; 786; 
567; 0; 0; 0; 786.2; 
567; 0; 0; 0; 786.4; 
567; 0; 0; 0; 786.6; 
567; 0; 0; 0; 786.8; 
567; 0; 0; 0; 787; 
567; 0; 0; 0; 787.2; 
567; 0; 0; 0; 787.4; 
567; 0; 0; 0; 787.6; 
567; 0; 0; 0; 787.8; 
567; 0; 0; 0; 788; 
567; 0; 0; 0; 788.2; 
567; 0; 0; 0; 788.4; 
567; 0; 0; 0; 788.6; 
567; 0; 0; 0; 788.8; 
567; 0; 0; 0; 789; 
567; 0; 0; 0; 789.2; 
567; 0; 0; 0; 789.4; 
567; 0; 0; 0; 789.6; 
567; 0; 0; 0; 789.8; 
567; 0; 0; 0; 790; 
567; 0; 0; 0; 790.2; 
567; 0; 0; 0; 790.4; 
567; 0; 0; 0; 790.6; 
567; 0; 0; 0; 790.8; 
567; 0; 0; 0; 791; 
567; 0; 0; 0; 791.2; 
567; 0; 0; 0; 791.4; 
567; 0; 0; 0; 791.6; 
567; 0; 0; 0; 791.8; 
567; 0; 0; 0; 792; 
567; 0; 0; 0; 792.2; 
567; 0; 0; 0; 792.4; 
567; 0; 0; 0; 792.6; 
567; 0; 0; 0; 792.8; 
567; 0; 0; 0; 793; 
567; 0; 0; 0; 793.2; 
567; 0; 0; 0; 793.4; 
567; 0; 0; 0; 793.6; 
567; 0; 0; 0; 793.8; 
567; 0; 0; 0; 794; 
567; 0; 0; 0; 794.2; 
567; 0; 0; 0; 794.4; 
567; 0; 0; 0; 794.6; 
567; 0; 0; 0; 794.8; 
567; 0; 0; 0; 795; 
567; 0; 0; 0; 795.2; 
567; 0; 0; 0; 795.4; 
567; 0; 0; 0; 795.6; 
567; 0; 0; 0; 795.8; 
567; 0; 0; 0; 796; 
567; 0; 0; 0; 796.2; 
567; 0; 0; 0; 796.4; 
567; 0; 0; 0; 796.6; 
567; 0; 0; 0; 796.8; 
567; 0; 0; 0; 797; 
567; 0; 0; 0; 797.2; 
567; 0; 0; 0; 797.4; 
567; 0; 0; 0; 797.6; 
567; 0; 0; 0; 797.8; 
567; 0; 0; 0; 798; 
567; 0; 0; 0; 798.2; 
567; 0; 0; 0; 798.4; 
567; 0; 0; 0; 798.6; 
567; 0; 0; 0; 798.8; 
567; 0; 0; 0; 799; 
567; 0; 0; 0; 799.2; 
567; 0; 0; 0; 799.4; 
567; 0; 0; 0; 799.6; 
567; 0; 0; 0; 799.8; 
567; 0; 0; 0; 800; 
567; 0; 0; 0; 800.2; 
567; 0; 0; 0; 800.4; 
567; 0; 0; 0; 800.6; 
567; 0; 0; 0; 800.8; 
567; 0; 0; 0; 801; 
567; 0; 0; 0; 801.2; 
567; 0; 0; 0; 801.4; 
567; 0; 0; 0; 801.6; 
567; 0; 0; 0; 801.8; 
567; 0; 0; 0; 802; 
567; 0; 0; 0; 802.2; 
567; 0; 0; 0; 802.4; 
567; 0; 0; 0; 802.6; 
567; 0; 0; 0; 802.8; 
567; 0; 0; 0; 803; 
567; 0; 0; 0; 803.2; 
567; 0; 0; 0; 803.4; 
567; 0; 0; 0; 803.6; 
567; 0; 0; 0; 803.8; 
567; 0; 0; 0; 804; 
567; 0; 0; 0; 804.2; 
567; 0; 0; 0; 804.4; 
567; 0; 0; 0; 804.6; 
567; 0; 0; 0; 804.8; 
567; 0; 0; 0; 805; 
567; 0; 0; 0; 805.2; 
567; 0; 0; 0; 805.4; 
567; 0; 0; 0; 805.6; 
567; 0; 0; 0; 805.8; 
567; 0; 0; 0; 806; 
567; 0; 0; 0; 806.2; 
567; 0; 0; 0; 806.4; 
567; 0; 0; 0; 806.6; 
567; 0; 0; 0; 806.8; 
567; 0; 0; 0; 807; 
567; 0; 0; 0; 807.2; 
567; 0; 0; 0; 807.4; 
567; 0; 0; 0; 807.6; 
567; 0; 0; 0; 807.8; 
567; 0; 0; 0; 808; 
567; 0; 0; 0; 808.2; 
567; 0; 0; 0; 808.4; 
567; 0; 0; 0; 808.6; 
567; 0; 0; 0; 808.8; 
567; 0; 0; 0; 809; 
567; 0; 0; 0; 809.2; 
567; 0; 0; 0; 809.4; 
567; 0; 0; 0; 809.6; 
567; 0; 0; 0; 809.8; 
567; 0; 0; 0; 810; 
567; 0; 0; 0; 810.2; 
567; 0; 0; 0; 810.4; 
567; 0; 0; 0; 810.6; 
567; 0; 0; 0; 810.8; 
567; 0; 0; 0; 811; 
567; 0; 0; 0; 811.2; 
567; 0; 0; 0; 811.4; 
567; 0; 0; 0; 811.6; 
567; 0; 0; 0; 811.8; 
567; 0; 0; 0; 812; 
567; 0; 0; 0; 812.2; 
567; 0; 0; 0; 812.4; 
567; 0; 0; 0; 812.6; 
567; 0; 0; 0; 812.8; 
567; 0; 0; 0; 813; 
567; 0; 0; 0; 813.2; 
567; 0; 0; 0; 813.4; 
567; 0; 0; 0; 813.6; 
567; 0; 0; 0; 813.8; 
567; 0; 0; 0; 814; 
567; 0; 0; 0; 814.2; 
567; 0; 0; 0; 814.4; 
567; 0; 0; 0; 814.6; 
567; 0; 0; 0; 814.8; 
567; 0; 0; 0; 815; 
567; 0; 0; 0; 815.2; 
567; 0; 0; 0; 815.4; 
567; 0; 0; 0; 815.6; 
567; 0; 0; 0; 815.8; 
567; 0; 0; 0; 816; 
567; 0; 0; 0; 816.2; 
567; 0; 0; 0; 816.4; 
567; 0; 0; 0; 816.6; 
567; 0; 0; 0; 816.8; 
567; 0; 0; 0; 817; 
567; 0; 0; 0; 817.2; 
567; 0; 0; 0; 817.4; 
567; 0; 0; 0; 817.6; 
567; 0; 0; 0; 817.8; 
567; 0; 0; 0; 818; 
567; 0; 0; 0; 818.2; 
567; 0; 0; 0; 818.4; 
567; 0; 0; 0; 818.6; 
567; 0; 0; 0; 818.8; 
567; 0; 0; 0; 819; 
567; 0; 0; 0; 819.2; 
567; 0; 0; 0; 819.4; 
567; 0; 0; 0; 819.6; 
567; 0; 0; 0; 819.8; 
567; 0; 0; 0; 820; 
567; 0; 0; 0; 820.2; 
567; 0; 0; 0; 820.4; 
567; 0; 0; 0; 820.6; 
567; 0; 0; 0; 820.8; 
567; 0; 0; 0; 821; 
567; 0; 0; 0; 821.2; 
567; 0; 0; 0; 821.4; 
567; 0; 0; 0; 821.6; 
567; 0; 0; 0; 821.8; 
567; 0; 0; 0; 822; 
567; 0; 0; 0; 822.2; 
567; 0; 0; 0; 822.4; 
567; 0; 0; 0; 822.6; 
567; 0; 0; 0; 822.8; 
567; 0; 0; 0; 823; 
567; 0; 0; 0; 823.2; 
567; 0; 0; 0; 823.4; 
567; 0; 0; 0; 823.6; 
567; 0; 0; 0; 823.8; 
567; 0; 0; 0; 824; 
567; 0; 0; 0; 824.2; 
