567; 0; 0; 170; 0; 
567; 0; 0; 170; 0.2; 
567; 0; 0; 170; 0.4; 
567; 0; 0; 170; 0.6; 
567; 0; 0; 170; 0.8; 
567; 0; 0; 170; 1; 
567; 0; 0; 170; 1.2; 
567; 0; 0; 170; 1.4; 
567; 0; 0; 170; 1.6; 
567; 0; 0; 170; 1.8; 
567; 0; 0; 170; 2; 
567; 0; 0; 170; 2.2; 
567; 0; 0; 170; 2.4; 
567; 0; 0; 170; 2.6; 
567; 0; 0; 170; 2.8; 
567; 0; 0; 170; 3; 
567; 0; 0; 170; 3.2; 
567; 0; 0; 170; 3.4; 
567; 0; 0; 170; 3.6; 
567; 0; 0; 170; 3.8; 
567; 0; 0; 170; 4; 
567; 0; 0; 170; 4.2; 
567; 0; 0; 170; 4.4; 
567; 0; 0; 170; 4.6; 
567; 0; 0; 170; 4.8; 
567; 0; 0; 170; 5; 
567; 0; 0; 170; 5.2; 
567; 0; 0; 170; 5.4; 
567; 0; 0; 170; 5.6; 
567; 0; 0; 170; 5.8; 
567; 0; 0; 170; 6; 
567; 0; 0; 170; 6.2; 
567; 0; 0; 170; 6.4; 
567; 0; 0; 170; 6.6; 
567; 0; 0; 170; 6.8; 
567; 0; 0; 170; 7; 
567; 0; 0; 170; 7.2; 
567; 0; 0; 170; 7.4; 
567; 0; 0; 170; 7.6; 
567; 0; 0; 170; 7.8; 
567; 0; 0; 170; 8; 
567; 0; 0; 170; 8.2; 
567; 0; 0; 170; 8.4; 
567; 0; 0; 170; 8.6; 
567; 0; 0; 170; 8.8; 
567; 0; 0; 170; 9; 
567; 0; 0; 170; 9.2; 
567; 0; 0; 170; 9.4; 
567; 0; 0; 170; 9.6; 
567; 0; 0; 170; 9.8; 
567; 0; 0; 170; 10; 
567; 0; 0; 170; 10.2; 
567; 0; 0; 170; 10.4; 
567; 0; 0; 170; 10.6; 
567; 0; 0; 170; 10.8; 
567; 0; 0; 170; 11; 
567; 0; 0; 170; 11.2; 
567; 0; 0; 170; 11.4; 
567; 0; 0; 170; 11.6; 
567; 0; 0; 170; 11.8; 
567; 0; 0; 170; 12; 
567; 0; 0; 170; 12.2; 
567; 0; 0; 170; 12.4; 
567; 0; 0; 170; 12.6; 
567; 0; 0; 170; 12.8; 
567; 0; 0; 170; 13; 
567; 0; 0; 170; 13.2; 
567; 0; 0; 170; 13.4; 
567; 0; 0; 170; 13.6; 
567; 0; 0; 170; 13.8; 
567; 0; 0; 170; 14; 
567; 0; 0; 170; 14.2; 
567; 0; 0; 170; 14.4; 
567; 0; 0; 170; 14.6; 
567; 0; 0; 170; 14.8; 
567; 0; 0; 170; 15; 
567; 0; 0; 170; 15.2; 
567; 0; 0; 170; 15.4; 
567; 0; 0; 170; 15.6; 
567; 0; 0; 170; 15.8; 
567; 0; 0; 170; 16; 
567; 0; 0; 170; 16.2; 
567; 0; 0; 170; 16.4; 
567; 0; 0; 170; 16.6; 
567; 0; 0; 170; 16.8; 
567; 0; 0; 170; 17; 
567; 0; 0; 170; 17.2; 
567; 0; 0; 170; 17.4; 
567; 0; 0; 170; 17.6; 
567; 0; 0; 170; 17.8; 
567; 0; 0; 170; 18; 
567; 0; 0; 170; 18.2; 
567; 0; 0; 170; 18.4; 
567; 0; 0; 170; 18.6; 
567; 0; 0; 170; 18.8; 
567; 0; 0; 170; 19; 
567; 0; 0; 170; 19.2; 
567; 0; 0; 170; 19.4; 
567; 0; 0; 170; 19.6; 
567; 0; 0; 170; 19.8; 
567; 0; 0; 170; 20; 
567; 0; 0; 170; 20.2; 
567; 0; 0; 170; 20.4; 
567; 0; 0; 170; 20.6; 
567; 0; 0; 170; 20.8; 
567; 0; 0; 170; 21; 
567; 0; 0; 170; 21.2; 
567; 0; 0; 170; 21.4; 
567; 0; 0; 170; 21.6; 
567; 0; 0; 170; 21.8; 
567; 0; 0; 170; 22; 
567; 0; 0; 170; 22.2; 
567; 0; 0; 170; 22.4; 
567; 0; 0; 170; 22.6; 
567; 0; 0; 170; 22.8; 
567; 0; 0; 170; 23; 
567; 0; 0; 170; 23.2; 
567; 0; 0; 170; 23.4; 
567; 0; 0; 170; 23.6; 
567; 0; 2615.7628; 170; 23.8; 
567; 0; 2615.7628; 170; 24; 
567; 0; 2615.7628; 170; 24.2; 
567; 0; 2615.7628; 170; 24.4; 
567; 0; 2615.7628; 170; 24.6; 
567; 0; 2615.7628; 170; 24.8; 
567; 0; 2615.7628; 170; 25; 
567; 0; 2615.7628; 170; 25.2; 
567; 0; 2615.7628; 170; 25.4; 
567; 0; 2615.7628; 170; 25.6; 
567; 0; 2615.7628; 170; 25.8; 
567; 0; 2615.7628; 170; 26; 
567; 0; 2615.7628; 170; 26.2; 
567; 0; 2615.7628; 170; 26.4; 
567; 0; 2615.7628; 170; 26.6; 
567; 0; 2615.7628; 170; 26.8; 
567; 0; 2615.7628; 170; 27; 
567; 0; 2615.7628; 170; 27.2; 
567; 0; 2615.7628; 170; 27.4; 
567; 0; 2615.7628; 170; 27.6; 
567; 0; 2615.7628; 170; 27.8; 
567; 0; 2615.7628; 170; 28; 
567; 0; 2615.7628; 170; 28.2; 
567; 0; 2615.7628; 170; 28.4; 
567; 0; 2615.7628; 170; 28.6; 
567; 0; 2615.7628; 170; 28.8; 
567; 0; 2615.7628; 170; 29; 
567; 0; 2615.7628; 170; 29.2; 
567; 0; 2615.7628; 170; 29.4; 
567; 0; 2615.7628; 170; 29.6; 
567; 0; 2615.7628; 170; 29.8; 
567; 0; 2615.7628; 170; 30; 
567; 0; 2615.7628; 170; 30.2; 
567; 0; 2615.7628; 170; 30.4; 
567; 0; 2615.7628; 170; 30.6; 
567; 0; 2615.7628; 170; 30.8; 
567; 0; 2615.7628; 170; 31; 
567; 0; 2615.7628; 170; 31.2; 
567; 0; 2615.7628; 170; 31.4; 
567; 0; 2615.7628; 170; 31.6; 
567; 0; 2615.7628; 170; 31.8; 
567; 0; 2615.7628; 170; 32; 
567; 0; 2615.7628; 170; 32.2; 
567; 0; 2615.7628; 170; 32.4; 
567; 0; 2615.7628; 170; 32.6; 
567; 0; 2615.7628; 170; 32.8; 
567; 0; 2615.7628; 170; 33; 
567; 0; 2615.7628; 170; 33.2; 
567; 0; 2615.7628; 170; 33.4; 
567; 0; 2615.7628; 170; 33.6; 
567; 0; 2615.7628; 170; 33.8; 
567; 0; 2615.7628; 170; 34; 
567; 0; 2615.7628; 170; 34.2; 
567; 0; 2615.7628; 170; 34.4; 
567; 0; 2615.7628; 170; 34.6; 
567; 0; 2615.7628; 170; 34.8; 
567; 0; 2615.7628; 170; 35; 
567; 0; 2615.7628; 170; 35.2; 
567; 0; 2615.7628; 170; 35.4; 
567; 0; 2615.7628; 170; 35.6; 
567; 0; 2615.7628; 170; 35.8; 
567; 0; 2615.7628; 170; 36; 
567; 0; 2615.7628; 170; 36.2; 
567; 0; 2615.7628; 170; 36.4; 
567; 0; 2615.7628; 170; 36.6; 
567; 0; 2615.7628; 170; 36.8; 
567; 0; 2615.7628; 170; 37; 
567; 0; 2615.7628; 170; 37.2; 
567; 0; 2615.7628; 170; 37.4; 
567; 0; 2615.7628; 170; 37.6; 
567; 0; 2615.7628; 170; 37.8; 
567; 0; 2615.7628; 170; 38; 
567; 0; 2615.7628; 170; 38.2; 
567; 0; 2615.7628; 170; 38.4; 
567; 0; 2615.7628; 170; 38.6; 
567; 0; 2615.7628; 170; 38.8; 
567; 0; 2634.3895; 170; 39; 
567; 0; 2671.6281; 170; 39.2; 
567; 0; 2734.5662; 170; 39.4; 
567; 0; 2930.3741; 170; 39.6; 
567; 0; 3194.0661; 170; 39.8; 
567; 0; 3240.2821; 170; 40; 
567; 0; 3271.1091; 170; 40.2; 
567; 0; 3315.9456; 170; 40.4; 
567; 0; 3342.4261; 170; 40.6; 
567; 0; 3365.0079; 170; 40.8; 
567; 0; 3377.3218; 170; 41; 
567; 0; 3389.4287; 170; 41.2; 
567; 0; 3391.3804; 170; 41.4; 
567; 0; 3393.299; 170; 41.6; 
567; 0; 3385.2522; 170; 41.8; 
567; 0; 3387.1273; 170; 42; 
567; 0; 3388.9708; 170; 42.2; 
567; 0; 3390.7798; 170; 42.4; 
567; 0; 3392.5508; 170; 42.6; 
567; 0; 3394.2803; 170; 42.8; 
567; 0; 3395.9653; 170; 43; 
567; 0; 3397.6026; 170; 43.2; 
567; 0; 3399.1915; 170; 43.4; 
567; 0; 3400.7365; 170; 43.6; 
567; 0; 3402.2421; 170; 43.8; 
567; 0; 3403.7117; 170; 44; 
567; 0; 3405.1472; 170; 44.2; 
567; 0; 3406.55; 170; 44.4; 
567; 0; 3407.9205; 170; 44.6; 
567; 0; 3409.259; 170; 44.8; 
567; 0; 3410.5652; 170; 45; 
567; 0; 3411.8389; 170; 45.2; 
567; 0; 3413.0798; 170; 45.4; 
567; 0; 3414.2873; 170; 45.6; 
567; 0; 3415.461; 170; 45.8; 
567; 0; 3416.6003; 170; 46; 
567; 0; 3417.7049; 170; 46.2; 
567; 0; 3418.7742; 170; 46.4; 
567; 0; 3419.8077; 170; 46.6; 
567; 0; 3420.805; 170; 46.8; 
567; 0; 3421.7655; 170; 47; 
567; 0; 3422.6889; 170; 47.2; 
567; 0; 3433.1501; 170; 47.4; 
567; 0; 3433.9899; 170; 47.6; 
567; 0; 3434.7913; 170; 47.8; 
567; 0; 3435.554; 170; 48; 
567; 0; 3436.2775; 170; 48.2; 
567; 0; 3436.9613; 170; 48.4; 
567; 0; 3447.0677; 170; 48.6; 
567; 0; 3447.6651; 170; 48.8; 
567; 0; 3448.2218; 170; 49; 
567; 0; 3448.7374; 170; 49.2; 
567; 0; 3449.2113; 170; 49.4; 
567; 0; 3449.6432; 170; 49.6; 
567; 0; 3459.4013; 170; 49.8; 
567; 0; 3459.7446; 170; 50; 
567; 0; 3460.0449; 170; 50.2; 
567; 0; 3460.3019; 170; 50.4; 
567; 0; 3469.8128; 170; 50.6; 
567; 0; 3469.9803; 170; 50.8; 
567; 0; 3470.1037; 170; 51; 
567; 0; 3470.1826; 170; 51.2; 
567; 0; 3479.4562; 170; 51.4; 
567; 0; 3479.4453; 170; 51.6; 
567; 0; 3479.3894; 170; 51.8; 
567; 0; 3488.4803; 170; 52; 
567; 0; 3488.3361; 170; 52.2; 
567; 0; 3488.1592; 170; 52.4; 
567; 0; 3487.9618; 170; 52.6; 
567; 0; 3492.9765; 170; 52.8; 
567; 0; 3492.7724; 170; 53; 
567; 0; 3492.5772; 170; 53.2; 
567; 0; 3492.3977; 170; 53.4; 
567; 0; 3497.4151; 170; 53.6; 
567; 0; 3497.2828; 170; 53.8; 
567; 0; 3497.1783; 170; 54; 
567; 0; 3497.1026; 170; 54.2; 
567; 0; 3502.1882; 170; 54.4; 
567; 0; 3502.1688; 170; 54.6; 
567; 0; 3502.1744; 170; 54.8; 
567; 0; 3502.2025; 170; 55; 
567; 0; 3507.3405; 170; 55.2; 
567; 0; 3507.403; 170; 55.4; 
567; 0; 3507.4774; 170; 55.6; 
567; 0; 3507.5599; 170; 55.8; 
567; 0; 3507.6468; 170; 56; 
567; 0; 3512.7852; 170; 56.2; 
567; 0; 3512.8708; 170; 56.4; 
567; 0; 3512.9521; 170; 56.6; 
567; 0; 3513.0272; 170; 56.8; 
567; 0; 3518.1091; 170; 57; 
567; 0; 3518.1677; 170; 57.2; 
567; 0; 3518.2174; 170; 57.4; 
567; 0; 3518.2584; 170; 57.6; 
567; 0; 3523.2744; 170; 57.8; 
567; 0; 3523.2996; 170; 58; 
567; 0; 3523.3184; 170; 58.2; 
567; 0; 3523.3319; 170; 58.4; 
567; 0; 3523.3414; 170; 58.6; 
567; 0; 3528.3048; 170; 58.8; 
567; 0; 3528.3101; 170; 59; 
567; 0; 3528.315; 170; 59.2; 
567; 0; 3528.3204; 170; 59.4; 
567; 0; 3533.2612; 170; 59.6; 
567; 0; 3533.2695; 170; 59.8; 
567; 0; 3533.2798; 170; 60; 
567; 0; 3533.2924; 170; 60.2; 
567; 0; 3538.2232; 170; 60.4; 
567; 0; 3538.2398; 170; 60.6; 
567; 0; 3538.258; 170; 60.8; 
567; 0; 3538.2775; 170; 61; 
567; 0; 3538.2977; 170; 61.2; 
567; 0; 3540.0376; 170; 61.4; 
567; 0; 3540.0584; 170; 61.6; 
567; 0; 3540.0788; 170; 61.8; 
567; 0; 3540.0988; 170; 62; 
567; 0; 3541.7996; 170; 62.2; 
567; 0; 3541.8177; 170; 62.4; 
567; 0; 3541.8347; 170; 62.6; 
567; 0; 3541.8507; 170; 62.8; 
567; 0; 3541.8656; 170; 63; 
567; 0; 3543.5723; 170; 63.2; 
567; 0; 3543.5862; 170; 63.4; 
567; 0; 3543.5993; 170; 63.6; 
567; 0; 3543.6117; 170; 63.8; 
567; 0; 3543.6238; 170; 64; 
567; 0; 3545.3952; 170; 64.2; 
567; 0; 3545.4068; 170; 64.4; 
567; 0; 3545.4183; 170; 64.6; 
567; 0; 3545.4294; 170; 64.8; 
567; 0; 3545.4434; 170; 65; 
567; 0; 3547.2002; 170; 65.2; 
567; 0; 3547.2474; 170; 65.4; 
567; 0; 3547.3225; 170; 65.6; 
567; 0; 3547.4315; 170; 65.8; 
567; 0; 3547.5796; 170; 66; 
567; 0; 3549.4734; 170; 66.2; 
567; 0; 3549.7119; 170; 66.4; 
567; 0; 3549.9994; 170; 66.6; 
567; 0; 3550.3276; 170; 66.8; 
567; 0; 3550.6835; 170; 67; 
567; 0; 3551.0537; 170; 67.2; 
567; 0; 3553.0927; 170; 67.4; 
567; 0; 3553.4525; 170; 67.6; 
567; 0; 3553.7942; 170; 67.8; 
567; 0; 3554.1121; 170; 68; 
567; 0; 3554.4038; 170; 68.2; 
567; 0; 3554.669; 170; 68.4; 
567; 0; 3556.5461; 170; 68.6; 
567; 0; 3556.7633; 170; 68.8; 
567; 0; 3556.9625; 170; 69; 
567; 0; 3557.1475; 170; 69.2; 
567; 0; 3557.3216; 170; 69.4; 
567; 0; 3559.1038; 170; 69.6; 
567; 0; 3559.2625; 170; 69.8; 
567; 0; 3559.4165; 170; 70; 
567; 0; 3529.5147; 170; 70.2; 
567; 0; 3490.3982; 170; 70.4; 
567; 0; 3451.2704; 170; 70.6; 
567; 0; 3413.8437; 170; 70.8; 
567; 0; 3374.0146; 170; 71; 
567; 0; 3334.1739; 170; 71.2; 
567; 0; 3294.3218; 170; 71.4; 
567; 0; 3253.5299; 170; 71.6; 
567; 0; 3213.6563; 170; 71.8; 
567; 0; 3175.634; 170; 72; 
567; 0; 3136.8315; 170; 72.2; 
567; 0; 3098.0211; 170; 72.4; 
567; 0; 3063.3826; 170; 72.6; 
567; 0; 3030.6709; 170; 72.8; 
567; 0; 2998.7731; 170; 73; 
567; 0; 2964.4585; 170; 73.2; 
567; 0; 2929.7227; 170; 73.4; 
567; 0; 2895.9223; 170; 73.6; 
567; 0; 2863.0577; 170; 73.8; 
567; 0; 2832.0693; 170; 74; 
567; 0; 2801.0777; 170; 74.2; 
567; 0; 2771.9628; 170; 74.4; 
567; 0; 2742.8452; 170; 74.6; 
567; 0; 2715.6046; 170; 74.8; 
567; 0; 2693.296; 170; 75; 
567; 0; 2668.9571; 170; 75.2; 
567; 0; 2647.5362; 170; 75.4; 
567; 0; 2627.7014; 170; 75.6; 
567; 0; 2607.8655; 170; 75.8; 
567; 0; 2585.029; 170; 76; 
567; 0; 2562.571; 170; 76.2; 
567; 0; 2541.0886; 170; 76.4; 
567; 0; 2520.5821; 170; 76.6; 
567; 0; 2501.0514; 170; 76.8; 
567; 0; 2481.5198; 170; 77; 
567; 0; 2463.9417; 170; 77.2; 
567; 0; 2446.3636; 170; 77.4; 
567; 0; 2430.7394; 170; 77.6; 
567; 0; 2415.1152; 170; 77.8; 
567; 0; 2399.4908; 170; 78; 
567; 0; 2392.9237; 170; 78.2; 
567; 0; 2379.4662; 170; 78.4; 
567; 0; 2366.0078; 170; 78.6; 
567; 0; 2353.5101; 170; 78.8; 
567; 0; 2341.0115; 170; 79; 
567; 0; 2329.4738; 170; 79.2; 
567; 0; 2318.4964; 170; 79.4; 
567; 0; 2309.2619; 170; 79.6; 
567; 0; 2300.027; 170; 79.8; 
567; 0; 2290.792; 170; 80; 
567; 0; 2282.3965; 170; 80.2; 
567; 0; 2274.8406; 170; 80.4; 
567; 0; 2267.2847; 170; 80.6; 
567; 0; 2259.0582; 170; 80.8; 
567; 0; 2251.2553; 170; 81; 
567; 0; 2244.4279; 170; 81.2; 
567; 0; 2236.6251; 170; 81.4; 
567; 0; 2229.7975; 170; 81.6; 
567; 0; 2222.9699; 170; 81.8; 
567; 0; 2217.1176; 170; 82; 
567; 0; 2211.2651; 170; 82.2; 
567; 0; 2206.388; 170; 82.4; 
567; 0; 2200.5353; 170; 82.6; 
567; 0; 2195.6581; 170; 82.8; 
567; 0; 2190.7807; 170; 83; 
567; 0; 2186.8788; 170; 83.2; 
567; 0; 2182.9768; 170; 83.4; 
567; 0; 2179.0748; 170; 83.6; 
567; 0; 2175.1728; 170; 83.8; 
567; 0; 2171.2707; 170; 84; 
567; 0; 2168.3441; 170; 84.2; 
567; 0; 2165.4175; 170; 84.4; 
567; 0; 2162.4909; 170; 84.6; 
567; 0; 2159.5643; 170; 84.8; 
567; 0; 2156.6377; 170; 85; 
567; 0; 2154.6866; 170; 85.2; 
567; 0; 2152.7354; 170; 85.4; 
567; 0; 2150.7842; 170; 85.6; 
567; 0; 2148.833; 170; 85.8; 
567; 0; 2146.8818; 170; 86; 
567; 0; 2144.9306; 170; 86.2; 
567; 0; 2143.9548; 170; 86.4; 
567; 0; 2142.0035; 170; 86.6; 
567; 0; 2141.0277; 170; 86.8; 
567; 0; 2140.0519; 170; 87; 
567; 0; 2139.0761; 170; 87.2; 
567; 0; 2138.1003; 170; 87.4; 
567; 0; 2137.1245; 170; 87.6; 
567; 0; 2137.1241; 170; 87.8; 
567; 0; 2136.1482; 170; 88; 
567; 0; 2135.1723; 170; 88.2; 
567; 0; 2135.1719; 170; 88.4; 
567; 0; 2135.1715; 170; 88.6; 
567; 0; 2134.1956; 170; 88.8; 
567; 0; 2134.1952; 170; 89; 
567; 0; 2134.1948; 170; 89.2; 
567; 0; 2134.1945; 170; 89.4; 
567; 0; 2134.1941; 170; 89.6; 
567; 0; 2134.1938; 170; 89.8; 
567; 0; 2134.1935; 170; 90; 
567; 0; 2134.1931; 170; 90.2; 
567; 0; 2134.1927; 170; 90.4; 
567; 0; 2134.1924; 170; 90.6; 
567; 0; 2134.1919; 170; 90.8; 
567; 0; 2135.1669; 170; 91; 
567; 0; 2124.6039; 170; 91.2; 
567; 0; 2124.6034; 170; 91.4; 
567; 0; 2125.5905; 170; 91.6; 
567; 0; 2125.5901; 170; 91.8; 
567; 0; 2126.5773; 170; 92; 
567; 0; 2126.5769; 170; 92.2; 
567; 0; 2127.5642; 170; 92.4; 
567; 0; 2128.5514; 170; 92.6; 
567; 0; 2129.5386; 170; 92.8; 
567; 0; 2129.5382; 170; 93; 
567; 0; 2130.5253; 170; 93.2; 
567; 0; 2131.5125; 170; 93.4; 
567; 0; 2132.4996; 170; 93.6; 
567; 0; 2133.4867; 170; 93.8; 
567; 0; 2134.4738; 170; 94; 
567; 0; 2135.461; 170; 94.2; 
567; 0; 2136.4481; 170; 94.4; 
567; 0; 2137.4353; 170; 94.6; 
567; 0; 2138.4224; 170; 94.8; 
567; 0; 2139.4096; 170; 95; 
567; 0; 2140.3968; 170; 95.2; 
567; 0; 2141.3841; 170; 95.4; 
567; 0; 2143.3611; 170; 95.6; 
567; 0; 2147.3189; 170; 95.8; 
567; 0; 2152.273; 170; 96; 
567; 0; 2159.214; 170; 96.2; 
567; 0; 2169.1328; 170; 96.4; 
567; 0; 2180.0571; 170; 96.6; 
567; 0; 2193.9655; 170; 96.8; 
567; 0; 2209.8738; 170; 97; 
567; 0; 2226.7969; 170; 97.2; 
567; 0; 2243.7468; 170; 97.4; 
567; 0; 2259.7575; 170; 97.6; 
567; 0; 2272.6901; 170; 97.8; 
567; 0; 2285.6337; 170; 98; 
567; 0; 2297.7307; 170; 98.2; 
567; 0; 2308.123; 170; 98.4; 
567; 0; 2318.5185; 170; 98.6; 
567; 0; 2328.8905; 170; 98.8; 
567; 0; 2338.8425; 170; 99; 
567; 0; 2348.7973; 170; 99.2; 
567; 0; 2358.7562; 170; 99.4; 
567; 0; 2359.5837; 170; 99.6; 
567; 0; 2369.7181; 170; 99.8; 
567; 0; 2378.8632; 170; 100; 
567; 0; 2389.0141; 170; 100.2; 
567; 0; 2398.1761; 170; 100.4; 
567; 0; 2407.3466; 170; 100.6; 
567; 0; 2416.5253; 170; 100.8; 
567; 0; 2425.7115; 170; 101; 
567; 0; 2433.9057; 170; 101.2; 
567; 0; 2442.1057; 170; 101.4; 
567; 0; 2449.3113; 170; 101.6; 
567; 0; 2456.521; 170; 101.8; 
567; 0; 2463.7346; 170; 102; 
567; 0; 2469.9516; 170; 102.2; 
567; 0; 2476.1719; 170; 102.4; 
567; 0; 2482.3956; 170; 102.6; 
567; 0; 2488.6231; 170; 102.8; 
567; 0; 2493.8526; 170; 103; 
567; 0; 2499.0856; 170; 103.2; 
567; 0; 2504.3221; 170; 103.4; 
567; 0; 2508.5597; 170; 103.6; 
567; 0; 2512.8004; 170; 103.8; 
567; 0; 2518.0476; 170; 104; 
567; 0; 2522.295; 170; 104.2; 
567; 0; 2525.5416; 170; 104.4; 
567; 0; 2529.7946; 170; 104.6; 
567; 0; 2533.0462; 170; 104.8; 
567; 0; 2536.3001; 170; 105; 
567; 0; 2539.5561; 170; 105.2; 
567; 0; 2542.8141; 170; 105.4; 
567; 0; 2545.0685; 170; 105.6; 
567; 0; 2548.3303; 170; 105.8; 
567; 0; 2550.5879; 170; 106; 
567; 0; 2552.847; 170; 106.2; 
567; 0; 2555.1076; 170; 106.4; 
567; 0; 2557.3699; 170; 106.6; 
567; 0; 2558.6263; 170; 106.8; 
567; 0; 2560.8915; 170; 107; 
567; 0; 2562.1505; 170; 107.2; 
567; 0; 2564.4188; 170; 107.4; 
567; 0; 2565.6801; 170; 107.6; 
567; 0; 2566.9424; 170; 107.8; 
567; 0; 2568.2057; 170; 108; 
567; 0; 2569.4699; 170; 108.2; 
567; 0; 2570.735; 170; 108.4; 
567; 0; 2570.9909; 170; 108.6; 
567; 0; 2572.2578; 170; 108.8; 
567; 0; 2572.5149; 170; 109; 
567; 0; 2573.7834; 170; 109.2; 
567; 0; 2574.0415; 170; 109.4; 
567; 0; 2574.3; 170; 109.6; 
567; 0; 2575.3086; 170; 109.8; 
567; 0; 2575.4601; 170; 110; 
567; 0; 2575.6119; 170; 110.2; 
567; 0; 2575.764; 170; 110.4; 
567; 0; 2575.9164; 170; 110.6; 
567; 0; 2576.069; 170; 110.8; 
567; 0; 2576.222; 170; 111; 
567; 0; 2576.3752; 170; 111.2; 
567; 0; 2576.5287; 170; 111.4; 
567; 0; 2575.858; 170; 111.6; 
567; 0; 2576.0119; 170; 111.8; 
567; 0; 2576.1661; 170; 112; 
567; 0; 2575.4953; 170; 112.2; 
567; 0; 2575.6498; 170; 112.4; 
567; 0; 2575.8047; 170; 112.6; 
567; 0; 2575.1338; 170; 112.8; 
567; 0; 2575.289; 170; 113; 
567; 0; 2574.6179; 170; 113.2; 
567; 0; 2574.7735; 170; 113.4; 
567; 0; 2574.1023; 170; 113.6; 
567; 0; 2574.2582; 170; 113.8; 
567; 0; 2573.5869; 170; 114; 
567; 0; 2573.7432; 170; 114.2; 
567; 0; 2578.6185; 170; 114.4; 
567; 0; 2577.9521; 170; 114.6; 
567; 0; 2578.101; 170; 114.8; 
567; 0; 2577.4345; 170; 115; 
567; 0; 2576.7678; 170; 115.2; 
567; 0; 2576.9172; 170; 115.4; 
567; 0; 2576.2503; 170; 115.6; 
567; 0; 2575.5833; 170; 115.8; 
567; 0; 2574.916; 170; 116; 
567; 0; 2574.1997; 170; 116.2; 
567; 0; 2573.4516; 170; 116.4; 
567; 0; 2572.7033; 170; 116.6; 
567; 0; 2571.9547; 170; 116.8; 
567; 0; 2572.2131; 170; 117; 
567; 0; 2571.4643; 170; 117.2; 
567; 0; 2570.7151; 170; 117.4; 
567; 0; 2569.9657; 170; 117.6; 
567; 0; 2569.2161; 170; 117.8; 
567; 0; 2568.4663; 170; 118; 
567; 0; 2567.7163; 170; 118.2; 
567; 0; 2566.966; 170; 118.4; 
567; 0; 2566.2155; 170; 118.6; 
567; 0; 2565.4648; 170; 118.8; 
567; 0; 2564.7138; 170; 119; 
567; 0; 2563.9625; 170; 119.2; 
567; 0; 2563.211; 170; 119.4; 
567; 0; 2562.4593; 170; 119.6; 
567; 0; 2561.7074; 170; 119.8; 
567; 0; 2560.9551; 170; 120; 
567; 0; 2561.2148; 170; 120.2; 
567; 0; 2560.4623; 170; 120.4; 
567; 0; 2559.7094; 170; 120.6; 
567; 0; 2558.9563; 170; 120.8; 
567; 0; 2558.203; 170; 121; 
567; 0; 2557.4494; 170; 121.2; 
567; 0; 2557.7096; 170; 121.4; 
567; 0; 2556.9558; 170; 121.6; 
567; 0; 2556.2016; 170; 121.8; 
567; 0; 2555.4472; 170; 122; 
567; 0; 2554.6927; 170; 122.2; 
567; 0; 2553.9378; 170; 122.4; 
567; 0; 2554.1987; 170; 122.6; 
567; 0; 2553.4437; 170; 122.8; 
567; 0; 2552.6883; 170; 123; 
567; 0; 2551.9327; 170; 123.2; 
567; 0; 2552.1941; 170; 123.4; 
567; 0; 2551.4383; 170; 123.6; 
567; 0; 2550.6822; 170; 123.8; 
567; 0; 2549.9258; 170; 124; 
567; 0; 2550.1878; 170; 124.2; 
567; 0; 2549.4311; 170; 124.4; 
567; 0; 2548.6742; 170; 124.6; 
567; 0; 2548.9365; 170; 124.8; 
567; 0; 2548.1793; 170; 125; 
567; 0; 2547.4219; 170; 125.2; 
567; 0; 2547.6847; 170; 125.4; 
567; 0; 2546.927; 170; 125.6; 
567; 0; 2546.1691; 170; 125.8; 
567; 0; 2546.4324; 170; 126; 
567; 0; 2545.6743; 170; 126.2; 
567; 0; 2544.9158; 170; 126.4; 
567; 0; 2545.1795; 170; 126.6; 
567; 0; 2544.4207; 170; 126.8; 
567; 0; 2543.6617; 170; 127; 
567; 0; 2543.9259; 170; 127.2; 
567; 0; 2543.1667; 170; 127.4; 
567; 0; 2542.4072; 170; 127.6; 
567; 0; 2542.6719; 170; 127.8; 
567; 0; 2541.9122; 170; 128; 
567; 0; 2542.1773; 170; 128.2; 
567; 0; 2541.4174; 170; 128.4; 
567; 0; 2541.6825; 170; 128.6; 
567; 0; 2541.9473; 170; 128.8; 
567; 0; 2542.211; 170; 129; 
567; 0; 2540.4166; 170; 129.2; 
567; 0; 2538.6095; 170; 129.4; 
567; 0; 2534.729; 170; 129.6; 
567; 0; 2528.769; 170; 129.8; 
567; 0; 2521.7531; 170; 130; 
567; 0; 2513.679; 170; 130.2; 
567; 0; 2502.4891; 170; 130.4; 
567; 0; 2490.2387; 170; 130.6; 
567; 0; 2475.9; 170; 130.8; 
567; 0; 2460.5019; 170; 131; 
567; 0; 2444.0469; 170; 131.2; 
567; 0; 2426.5421; 170; 131.4; 
567; 0; 2409.0249; 170; 131.6; 
567; 0; 2393.5604; 170; 131.8; 
567; 0; 2380.1558; 170; 132; 
567; 0; 2368.8163; 170; 132.2; 
567; 0; 2359.5454; 170; 132.4; 
567; 0; 2359.072; 170; 132.6; 
567; 0; 2351.9965; 170; 132.8; 
567; 0; 2344.9313; 170; 133; 
567; 0; 2336.8609; 170; 133.2; 
567; 0; 2328.7929; 170; 133.4; 
567; 0; 2320.9304; 170; 133.6; 
567; 0; 2312.9976; 170; 133.8; 
567; 0; 2304.1754; 170; 134; 
567; 0; 2295.3469; 170; 134.2; 
567; 0; 2286.5123; 170; 134.4; 
567; 0; 2277.6731; 170; 134.6; 
567; 0; 2269.7143; 170; 134.8; 
567; 0; 2260.8703; 170; 135; 
567; 0; 2253.7935; 170; 135.2; 
567; 0; 2246.7176; 170; 135.4; 
567; 0; 2239.6435; 170; 135.6; 
567; 0; 2233.4549; 170; 135.8; 
567; 0; 2228.1518; 170; 136; 
567; 0; 2222.8505; 170; 136.2; 
567; 0; 2217.2798; 170; 136.4; 
567; 0; 2212.1502; 170; 136.6; 
567; 0; 2207.021; 170; 136.8; 
567; 0; 2201.8916; 170; 137; 
567; 0; 2196.7616; 170; 137.2; 
567; 0; 2191.6307; 170; 137.4; 
567; 0; 2186.4988; 170; 137.6; 
567; 0; 2182.3925; 170; 137.8; 
567; 0; 2178.2854; 170; 138; 
567; 0; 2174.1778; 170; 138.2; 
567; 0; 2170.07; 170; 138.4; 
567; 0; 2165.9622; 170; 138.6; 
567; 0; 2162.8811; 170; 138.8; 
567; 0; 2159.8002; 170; 139; 
567; 0; 2156.7196; 170; 139.2; 
567; 0; 2153.6392; 170; 139.4; 
567; 0; 2151.5856; 170; 139.6; 
567; 0; 2149.5322; 170; 139.8; 
567; 0; 2146.4524; 170; 140; 
567; 0; 2144.3993; 170; 140.2; 
567; 0; 2142.346; 170; 140.4; 
567; 0; 2141.3193; 170; 140.6; 
567; 0; 2139.2659; 170; 140.8; 
567; 0; 2137.2125; 170; 141; 
567; 0; 2136.1855; 170; 141.2; 
567; 0; 2134.1318; 170; 141.4; 
567; 0; 2133.1046; 170; 141.6; 
567; 0; 2132.0773; 170; 141.8; 
567; 0; 2131.0499; 170; 142; 
567; 0; 2130.0226; 170; 142.2; 
567; 0; 2128.9953; 170; 142.4; 
567; 0; 2127.9681; 170; 142.6; 
567; 0; 2127.9675; 170; 142.8; 
567; 0; 2126.9404; 170; 143; 
567; 0; 2125.9133; 170; 143.2; 
567; 0; 2125.9126; 170; 143.4; 
567; 0; 2124.8854; 170; 143.6; 
567; 0; 2124.8847; 170; 143.8; 
567; 0; 2124.884; 170; 144; 
567; 0; 2124.8834; 170; 144.2; 
567; 0; 2123.8562; 170; 144.4; 
567; 0; 2123.8556; 170; 144.6; 
567; 0; 2123.855; 170; 144.8; 
567; 0; 2123.8544; 170; 145; 
567; 0; 2123.8538; 170; 145.2; 
567; 0; 2123.8532; 170; 145.4; 
567; 0; 2124.8799; 170; 145.6; 
567; 0; 2126.9371; 170; 145.8; 
567; 0; 2130.029; 170; 146; 
567; 0; 2136.2124; 170; 146.2; 
567; 0; 2144.4644; 170; 146.4; 
567; 0; 2145.0735; 170; 146.6; 
567; 0; 2158.6682; 170; 146.8; 
567; 0; 2173.3285; 170; 147; 
567; 0; 2189.0567; 170; 147.2; 
567; 0; 2204.8112; 170; 147.4; 
567; 0; 2219.0316; 170; 147.6; 
567; 0; 2230.8415; 170; 147.8; 
567; 0; 2241.76; 170; 148; 
567; 0; 2251.7833; 170; 148.2; 
567; 0; 2260.9081; 170; 148.4; 
567; 0; 2269.1323; 170; 148.6; 
567; 0; 2277.3554; 170; 148.8; 
567; 0; 2284.6773; 170; 149; 
567; 0; 2291.0986; 170; 149.2; 
567; 0; 2297.5211; 170; 149.4; 
567; 0; 2304.8474; 170; 149.6; 
567; 0; 2311.2769; 170; 149.8; 
567; 0; 2317.7115; 170; 150; 
567; 0; 2325.4457; 170; 150.2; 
567; 0; 2332.8291; 170; 150.4; 
567; 0; 2340.219; 170; 150.6; 
567; 0; 2347.6147; 170; 150.8; 
567; 0; 2353.982; 170; 151; 
567; 0; 2360.3533; 170; 151.2; 
567; 0; 2366.7281; 170; 151.4; 
567; 0; 2372.0712; 170; 151.6; 
567; 0; 2377.4164; 170; 151.8; 
567; 0; 2382.7635; 170; 152; 
567; 0; 2388.1125; 170; 152.2; 
567; 0; 2392.4279; 170; 152.4; 
567; 0; 2396.7451; 170; 152.6; 
567; 0; 2401.0642; 170; 152.8; 
567; 0; 2404.3492; 170; 153; 
567; 0; 2408.6728; 170; 153.2; 
567; 0; 2411.9621; 170; 153.4; 
567; 0; 2416.2907; 170; 153.6; 
567; 0; 2419.5845; 170; 153.8; 
567; 0; 2422.8804; 170; 154; 
567; 0; 2425.1406; 170; 154.2; 
567; 0; 2428.4403; 170; 154.4; 
567; 0; 2431.742; 170; 154.6; 
567; 0; 2434.0067; 170; 154.8; 
567; 0; 2436.2727; 170; 155; 
567; 0; 2438.5399; 170; 155.2; 
567; 0; 2440.8083; 170; 155.4; 
567; 0; 2443.0777; 170; 155.6; 
567; 0; 2444.3083; 170; 155.8; 
567; 0; 2446.5798; 170; 156; 
567; 0; 2447.812; 170; 156.2; 
567; 0; 2450.0857; 170; 156.4; 
567; 0; 2451.3197; 170; 156.6; 
567; 0; 2452.5546; 170; 156.8; 
567; 0; 2453.7904; 170; 157; 
567; 0; 2455.027; 170; 157.2; 
567; 0; 2456.2643; 170; 157.4; 
567; 0; 2457.5024; 170; 157.6; 
567; 0; 2458.7414; 170; 157.8; 
567; 0; 2459.9811; 170; 158; 
567; 0; 2460.1786; 170; 158.2; 
567; 0; 2461.4197; 170; 158.4; 
567; 0; 2461.618; 170; 158.6; 
567; 0; 2462.8604; 170; 158.8; 
567; 0; 2463.0593; 170; 159; 
567; 0; 2464.3028; 170; 159.2; 
567; 0; 2464.5023; 170; 159.4; 
567; 0; 2464.7021; 170; 159.6; 
567; 0; 2465.9474; 170; 159.8; 
567; 0; 2466.148; 170; 160; 
567; 0; 2466.3487; 170; 160.2; 
567; 0; 2466.5496; 170; 160.4; 
567; 0; 2466.7508; 170; 160.6; 
567; 0; 2466.9523; 170; 160.8; 
567; 0; 2467.154; 170; 161; 
567; 0; 2468.403; 170; 161.2; 
567; 0; 2468.605; 170; 161.4; 
567; 0; 2468.8061; 170; 161.6; 
567; 0; 2469.0057; 170; 161.8; 
567; 0; 2469.2027; 170; 162; 
567; 0; 2469.3964; 170; 162.2; 
567; 0; 2469.5858; 170; 162.4; 
567; 0; 2469.7703; 170; 162.6; 
567; 0; 2469.9507; 170; 162.8; 
567; 0; 2471.1784; 170; 163; 
567; 0; 2473.457; 170; 163.2; 
567; 0; 2476.79; 170; 163.4; 
567; 0; 2481.1807; 170; 163.6; 
567; 0; 2486.6316; 170; 163.8; 
567; 0; 2493.1445; 170; 164; 
567; 0; 2499.669; 170; 164.2; 
567; 0; 2506.205; 170; 164.4; 
567; 0; 2511.6995; 170; 164.6; 
567; 0; 2515.0954; 170; 164.8; 
567; 0; 2516.3646; 170; 165; 
567; 0; 2515.4995; 170; 165.2; 
567; 0; 2512.5125; 170; 165.4; 
567; 0; 2506.3442; 170; 165.6; 
567; 0; 2499.0946; 170; 165.8; 
567; 0; 2489.7077; 170; 166; 
567; 0; 2478.182; 170; 166.2; 
567; 0; 2463.4644; 170; 166.4; 
567; 0; 2447.6623; 170; 166.6; 
567; 0; 2429.7256; 170; 166.8; 
567; 0; 2410.7142; 170; 167; 
567; 0; 2391.6908; 170; 167.2; 
567; 0; 2375.8234; 170; 167.4; 
567; 0; 2363.1194; 170; 167.6; 
567; 0; 2354.6367; 170; 167.8; 
567; 0; 2351.4311; 170; 168; 
567; 0; 2351.3994; 170; 168.2; 
567; 0; 2354.5433; 170; 168.4; 
567; 0; 2357.7069; 170; 168.6; 
567; 0; 2360.8897; 170; 168.8; 
567; 0; 2361.9841; 170; 169; 
567; 0; 2359.9312; 170; 169.2; 
567; 0; 2355.7754; 170; 169.4; 
567; 0; 2348.4557; 170; 169.6; 
567; 0; 2341.1241; 170; 169.8; 
567; 0; 2331.6714; 170; 170; 
567; 0; 2321.3028; 170; 170.2; 
567; 0; 2311.1856; 170; 170.4; 
567; 0; 2301.0597; 170; 170.6; 
567; 0; 2290.9289; 170; 170.8; 
567; 0; 2281.7161; 170; 171; 
567; 0; 2281.0261; 170; 171.2; 
567; 0; 2273.7732; 170; 171.4; 
567; 0; 2267.4297; 170; 171.6; 
567; 0; 2261.9958; 170; 171.8; 
567; 0; 2256.5664; 170; 172; 
567; 0; 2252.0453; 170; 172.2; 
567; 0; 2247.5268; 170; 172.4; 
567; 0; 2242.1051; 170; 172.6; 
567; 0; 2237.5882; 170; 172.8; 
567; 0; 2233.0707; 170; 173; 
567; 0; 2227.6472; 170; 173.2; 
567; 0; 2223.1268; 170; 173.4; 
567; 0; 2217.7002; 170; 173.6; 
567; 0; 2213.1768; 170; 173.8; 
567; 0; 2208.6525; 170; 174; 
567; 0; 2204.1275; 170; 174.2; 
567; 0; 2199.6024; 170; 174.4; 
567; 0; 2194.3786; 170; 174.6; 
567; 0; 2190.1718; 170; 174.8; 
567; 0; 2185.9657; 170; 175; 
567; 0; 2182.8112; 170; 175.2; 
567; 0; 2178.6065; 170; 175.4; 
567; 0; 2175.4533; 170; 175.6; 
567; 0; 2172.3006; 170; 175.8; 
567; 0; 2169.1482; 170; 176; 
567; 0; 2165.9959; 170; 176.2; 
567; 0; 2163.8945; 170; 176.4; 
567; 0; 2160.742; 170; 176.6; 
567; 0; 2158.6402; 170; 176.8; 
567; 0; 2156.5382; 170; 177; 
567; 0; 2154.4359; 170; 177.2; 
567; 0; 2152.3334; 170; 177.4; 
567; 0; 2150.2308; 170; 177.6; 
567; 0; 2148.128; 170; 177.8; 
567; 0; 2146.0253; 170; 178; 
567; 0; 2144.9735; 170; 178.2; 
567; 0; 2142.871; 170; 178.4; 
567; 0; 2141.8195; 170; 178.6; 
567; 0; 2139.7173; 170; 178.8; 
567; 0; 2138.666; 170; 179; 
567; 0; 2137.6146; 170; 179.2; 
567; 0; 2136.5633; 170; 179.4; 
567; 0; 2135.5119; 170; 179.6; 
567; 0; 2134.4605; 170; 179.8; 
567; 0; 2134.46; 170; 180; 
567; 0; 2133.4086; 170; 180.2; 
567; 0; 2132.3572; 170; 180.4; 
567; 0; 2132.3567; 170; 180.6; 
567; 0; 2131.3052; 170; 180.8; 
567; 0; 2131.3047; 170; 181; 
567; 0; 2130.2532; 170; 181.2; 
567; 0; 2130.2527; 170; 181.4; 
567; 0; 2129.2011; 170; 181.6; 
567; 0; 2129.2006; 170; 181.8; 
567; 0; 2129.2; 170; 182; 
567; 0; 2129.1994; 170; 182.2; 
567; 0; 2128.148; 170; 182.4; 
567; 0; 2128.1475; 170; 182.6; 
567; 0; 2128.1469; 170; 182.8; 
567; 0; 2128.1464; 170; 183; 
567; 0; 2128.1458; 170; 183.2; 
567; 0; 2128.1452; 170; 183.4; 
567; 0; 2128.1447; 170; 183.6; 
567; 0; 2128.1442; 170; 183.8; 
567; 0; 2128.1436; 170; 184; 
567; 0; 2128.1431; 170; 184.2; 
567; 0; 2128.1427; 170; 184.4; 
567; 0; 2128.1422; 170; 184.6; 
567; 0; 2129.1927; 170; 184.8; 
567; 0; 2129.1922; 170; 185; 
567; 0; 2129.1917; 170; 185.2; 
567; 0; 2129.1912; 170; 185.4; 
567; 0; 2129.1906; 170; 185.6; 
567; 0; 2129.1901; 170; 185.8; 
567; 0; 2130.2404; 170; 186; 
567; 0; 2130.2398; 170; 186.2; 
567; 0; 2130.2393; 170; 186.4; 
567; 0; 2120.4817; 170; 186.6; 
567; 0; 2121.5451; 170; 186.8; 
567; 0; 2121.5445; 170; 187; 
567; 0; 2121.544; 170; 187.2; 
567; 0; 2122.6075; 170; 187.4; 
567; 0; 2122.6069; 170; 187.6; 
567; 0; 2123.6704; 170; 187.8; 
567; 0; 2123.6698; 170; 188; 
567; 0; 2124.7333; 170; 188.2; 
567; 0; 2124.7328; 170; 188.4; 
567; 0; 2125.7963; 170; 188.6; 
567; 0; 2125.7958; 170; 188.8; 
567; 0; 2126.8592; 170; 189; 
567; 0; 2127.9226; 170; 189.2; 
567; 0; 2127.9221; 170; 189.4; 
567; 0; 2128.9856; 170; 189.6; 
567; 0; 2130.049; 170; 189.8; 
567; 0; 2130.0484; 170; 190; 
567; 0; 2131.1118; 170; 190.2; 
567; 0; 2132.1752; 170; 190.4; 
567; 0; 2133.2385; 170; 190.6; 
567; 0; 2133.2376; 170; 190.8; 
567; 0; 2134.3006; 170; 191; 
567; 0; 2134.2997; 170; 191.2; 
567; 0; 2135.3628; 170; 191.4; 
567; 0; 2136.4261; 170; 191.6; 
567; 0; 2136.4257; 170; 191.8; 
567; 0; 2137.4893; 170; 192; 
567; 0; 2138.5531; 170; 192.2; 
567; 0; 2138.553; 170; 192.4; 
567; 0; 2139.6168; 170; 192.6; 
567; 0; 2139.6165; 170; 192.8; 
567; 0; 2140.6802; 170; 193; 
567; 0; 2140.6798; 170; 193.2; 
567; 0; 2141.7433; 170; 193.4; 
567; 0; 2141.7428; 170; 193.6; 
567; 0; 2142.8063; 170; 193.8; 
567; 0; 2142.8058; 170; 194; 
567; 0; 2143.8693; 170; 194.2; 
567; 0; 2143.8688; 170; 194.4; 
567; 0; 2144.9322; 170; 194.6; 
567; 0; 2144.9317; 170; 194.8; 
567; 0; 2144.9312; 170; 195; 
567; 0; 2145.9947; 170; 195.2; 
567; 0; 2145.9942; 170; 195.4; 
567; 0; 2147.0576; 170; 195.6; 
567; 0; 2147.057; 170; 195.8; 
567; 0; 2147.0565; 170; 196; 
567; 0; 2148.1199; 170; 196.2; 
567; 0; 2148.1195; 170; 196.4; 
567; 0; 2148.119; 170; 196.6; 
567; 0; 2148.1185; 170; 196.8; 
567; 0; 2149.1819; 170; 197; 
567; 0; 2149.1815; 170; 197.2; 
567; 0; 2149.1811; 170; 197.4; 
567; 0; 2150.2446; 170; 197.6; 
567; 0; 2150.2441; 170; 197.8; 
567; 0; 2150.2436; 170; 198; 
567; 0; 2150.2432; 170; 198.2; 
567; 0; 2151.3068; 170; 198.4; 
567; 0; 2151.3064; 170; 198.6; 
567; 0; 2151.3061; 170; 198.8; 
567; 0; 2151.3057; 170; 199; 
567; 0; 2152.3691; 170; 199.2; 
567; 0; 2152.3686; 170; 199.4; 
567; 0; 2152.3681; 170; 199.6; 
567; 0; 2152.3676; 170; 199.8; 
567; 0; 2152.3672; 170; 200; 
567; 0; 2153.4307; 170; 200.2; 
567; 0; 2153.4302; 170; 200.4; 
567; 0; 2153.4298; 170; 200.6; 
567; 0; 2153.4294; 170; 200.8; 
567; 0; 2153.429; 170; 201; 
567; 0; 2153.4286; 170; 201.2; 
567; 0; 2154.4921; 170; 201.4; 
567; 0; 2154.4917; 170; 201.6; 
567; 0; 2154.4913; 170; 201.8; 
567; 0; 2154.4909; 170; 202; 
567; 0; 2154.4906; 170; 202.2; 
567; 0; 2154.4902; 170; 202.4; 
567; 0; 2155.5537; 170; 202.6; 
567; 0; 2155.5533; 170; 202.8; 
567; 0; 2155.5528; 170; 203; 
567; 0; 2155.5524; 170; 203.2; 
567; 0; 2155.5519; 170; 203.4; 
567; 0; 2155.5514; 170; 203.6; 
567; 0; 2155.5511; 170; 203.8; 
567; 0; 2155.5507; 170; 204; 
567; 0; 2156.6142; 170; 204.2; 
567; 0; 2156.6139; 170; 204.4; 
567; 0; 2156.6135; 170; 204.6; 
567; 0; 2156.6131; 170; 204.8; 
567; 0; 2156.6126; 170; 205; 
567; 0; 2156.6122; 170; 205.2; 
567; 0; 2156.6118; 170; 205.4; 
567; 0; 2156.6114; 170; 205.6; 
567; 0; 2156.611; 170; 205.8; 
567; 0; 2156.6106; 170; 206; 
567; 0; 2157.6741; 170; 206.2; 
567; 0; 2157.6737; 170; 206.4; 
567; 0; 2157.6735; 170; 206.6; 
567; 0; 2157.6732; 170; 206.8; 
567; 0; 2157.6729; 170; 207; 
567; 0; 2157.6725; 170; 207.2; 
567; 0; 2157.6721; 170; 207.4; 
567; 0; 2157.6717; 170; 207.6; 
567; 0; 2157.6713; 170; 207.8; 
567; 0; 2157.6709; 170; 208; 
567; 0; 2158.7344; 170; 208.2; 
567; 0; 2158.734; 170; 208.4; 
567; 0; 2158.7336; 170; 208.6; 
567; 0; 2158.7332; 170; 208.8; 
567; 0; 2158.7328; 170; 209; 
567; 0; 2159.7962; 170; 209.2; 
567; 0; 2159.7958; 170; 209.4; 
567; 0; 2159.7954; 170; 209.6; 
567; 0; 2159.7951; 170; 209.8; 
567; 0; 2159.7947; 170; 210; 
567; 0; 2159.7943; 170; 210.2; 
567; 0; 2159.7939; 170; 210.4; 
567; 0; 2160.8573; 170; 210.6; 
567; 0; 2160.857; 170; 210.8; 
567; 0; 2160.8567; 170; 211; 
567; 0; 2160.8564; 170; 211.2; 
567; 0; 2160.8562; 170; 211.4; 
567; 0; 2160.8559; 170; 211.6; 
567; 0; 2160.8555; 170; 211.8; 
567; 0; 2160.8552; 170; 212; 
567; 0; 2160.8548; 170; 212.2; 
567; 0; 2160.8544; 170; 212.4; 
567; 0; 2161.9178; 170; 212.6; 
567; 0; 2161.9174; 170; 212.8; 
567; 0; 2161.9171; 170; 213; 
567; 0; 2161.9166; 170; 213.2; 
567; 0; 2161.9162; 170; 213.4; 
567; 0; 2161.9159; 170; 213.6; 
567; 0; 2161.9155; 170; 213.8; 
567; 0; 2161.9152; 170; 214; 
567; 0; 2161.9149; 170; 214.2; 
567; 0; 2161.9145; 170; 214.4; 
567; 0; 2161.9141; 170; 214.6; 
567; 0; 2161.9138; 170; 214.8; 
567; 0; 2161.9134; 170; 215; 
567; 0; 2161.9131; 170; 215.2; 
567; 0; 2161.9127; 170; 215.4; 
567; 0; 2161.9124; 170; 215.6; 
567; 0; 2161.912; 170; 215.8; 
567; 0; 2161.9117; 170; 216; 
567; 0; 2161.9113; 170; 216.2; 
567; 0; 2161.911; 170; 216.4; 
567; 0; 2161.9107; 170; 216.6; 
567; 0; 2161.9104; 170; 216.8; 
567; 0; 2161.9101; 170; 217; 
567; 0; 2161.9098; 170; 217.2; 
567; 0; 2161.9093; 170; 217.4; 
567; 0; 2161.909; 170; 217.6; 
567; 0; 2162.9725; 170; 217.8; 
567; 0; 2162.9719; 170; 218; 
567; 0; 2162.9708; 170; 218.2; 
567; 0; 2164.0327; 170; 218.4; 
567; 0; 2164.0292; 170; 218.6; 
567; 0; 2164.0238; 170; 218.8; 
567; 0; 2165.0797; 170; 219; 
567; 0; 2165.0686; 170; 219.2; 
567; 0; 2165.0544; 170; 219.4; 
567; 0; 2165.0383; 170; 219.6; 
567; 0; 2167.149; 170; 219.8; 
567; 0; 2169.2609; 170; 220; 
567; 0; 2173.5031; 170; 220.2; 
567; 0; 2178.8132; 170; 220.4; 
567; 0; 2185.1921; 170; 220.6; 
567; 0; 2191.4699; 170; 220.8; 
567; 0; 2197.9056; 170; 221; 
567; 0; 2202.5068; 170; 221.2; 
567; 0; 2208.0288; 170; 221.4; 
567; 0; 2211.7144; 170; 221.6; 
567; 0; 2214.4812; 170; 221.8; 
567; 0; 2217.2469; 170; 222; 
567; 0; 2219.0918; 170; 222.2; 
567; 0; 2220.0153; 170; 222.4; 
567; 0; 2220.936; 170; 222.6; 
567; 0; 2220.9352; 170; 222.8; 
567; 0; 2220.9321; 170; 223; 
567; 0; 2220.9272; 170; 223.2; 
567; 0; 2221.8401; 170; 223.4; 
567; 0; 2222.7527; 170; 223.6; 
567; 0; 2223.6657; 170; 223.8; 
567; 0; 2224.5795; 170; 224; 
567; 0; 2226.4135; 170; 224.2; 
567; 0; 2228.249; 170; 224.4; 
567; 0; 2231.0049; 170; 224.6; 
567; 0; 2232.8441; 170; 224.8; 
567; 0; 2234.6855; 170; 225; 
567; 0; 2236.5292; 170; 225.2; 
567; 0; 2238.3746; 170; 225.4; 
567; 0; 2239.3025; 170; 225.6; 
567; 0; 2239.3118; 170; 225.8; 
567; 0; 2238.4015; 170; 226; 
567; 0; 2237.4896; 170; 226.2; 
567; 0; 2235.6566; 170; 226.4; 
567; 0; 2233.8211; 170; 226.6; 
567; 0; 2231.983; 170; 226.8; 
567; 0; 2229.2237; 170; 227; 
567; 0; 2226.4628; 170; 227.2; 
567; 0; 2223.701; 170; 227.4; 
567; 0; 2221.8577; 170; 227.6; 
567; 0; 2220.015; 170; 227.8; 
567; 0; 2218.1734; 170; 228; 
567; 0; 2217.2518; 170; 228.2; 
567; 0; 2215.413; 170; 228.4; 
567; 0; 2214.4942; 170; 228.6; 
567; 0; 2213.5766; 170; 228.8; 
567; 0; 2211.7409; 170; 229; 
567; 0; 2210.8244; 170; 229.2; 
567; 0; 2209.908; 170; 229.4; 
567; 0; 2208.0724; 170; 229.6; 
567; 0; 2206.2364; 170; 229.8; 
567; 0; 2205.3185; 170; 230; 
567; 0; 2203.4812; 170; 230.2; 
567; 0; 2201.6433; 170; 230.4; 
567; 0; 2199.8049; 170; 230.6; 
567; 0; 2197.9663; 170; 230.8; 
567; 0; 2197.0464; 170; 231; 
567; 0; 2195.2077; 170; 231.2; 
567; 0; 2194.288; 170; 231.4; 
567; 0; 2192.4497; 170; 231.6; 
567; 0; 2191.5304; 170; 231.8; 
567; 0; 2190.6052; 170; 232; 
567; 0; 2188.4775; 170; 232.2; 
567; 0; 2187.414; 170; 232.4; 
567; 0; 2186.3505; 170; 232.6; 
567; 0; 2185.2871; 170; 232.8; 
567; 0; 2184.2237; 170; 233; 
567; 0; 2183.1602; 170; 233.2; 
567; 0; 2182.0966; 170; 233.4; 
567; 0; 2181.0329; 170; 233.6; 
567; 0; 2179.969; 170; 233.8; 
567; 0; 2178.9049; 170; 234; 
567; 0; 2177.8408; 170; 234.2; 
567; 0; 2176.7766; 170; 234.4; 
567; 0; 2175.7123; 170; 234.6; 
567; 0; 2174.6481; 170; 234.8; 
567; 0; 2173.5839; 170; 235; 
567; 0; 2172.5198; 170; 235.2; 
567; 0; 2172.5196; 170; 235.4; 
567; 0; 2171.4556; 170; 235.6; 
567; 0; 2170.3917; 170; 235.8; 
567; 0; 2170.3916; 170; 236; 
567; 0; 2169.3277; 170; 236.2; 
567; 0; 2168.2637; 170; 236.4; 
567; 0; 2168.2635; 170; 236.6; 
567; 0; 2167.1995; 170; 236.8; 
567; 0; 2167.1993; 170; 237; 
567; 0; 2166.1353; 170; 237.2; 
567; 0; 2166.1351; 170; 237.4; 
567; 0; 2165.071; 170; 237.6; 
567; 0; 2165.0708; 170; 237.8; 
567; 0; 2164.0067; 170; 238; 
567; 0; 2164.0064; 170; 238.2; 
567; 0; 2164.0062; 170; 238.4; 
567; 0; 2162.9421; 170; 238.6; 
567; 0; 2162.9417; 170; 238.8; 
567; 0; 2162.9414; 170; 239; 
567; 0; 2161.8773; 170; 239.2; 
567; 0; 2161.8771; 170; 239.4; 
567; 0; 2161.8768; 170; 239.6; 
567; 0; 2160.8128; 170; 239.8; 
567; 0; 2160.8125; 170; 240; 
567; 0; 2160.8122; 170; 240.2; 
567; 0; 2160.8119; 170; 240.4; 
567; 0; 2159.7479; 170; 240.6; 
567; 0; 2159.7477; 170; 240.8; 
567; 0; 2159.7474; 170; 241; 
567; 0; 2159.7471; 170; 241.2; 
567; 0; 2158.683; 170; 241.4; 
567; 0; 2158.6826; 170; 241.6; 
567; 0; 2158.6823; 170; 241.8; 
567; 0; 2158.6819; 170; 242; 
567; 0; 2158.6816; 170; 242.2; 
567; 0; 2158.6813; 170; 242.4; 
567; 0; 2158.681; 170; 242.6; 
567; 0; 2157.6169; 170; 242.8; 
567; 0; 2157.6166; 170; 243; 
567; 0; 2157.6164; 170; 243.2; 
567; 0; 2157.6161; 170; 243.4; 
567; 0; 2157.6158; 170; 243.6; 
567; 0; 2157.6155; 170; 243.8; 
567; 0; 2157.6153; 170; 244; 
567; 0; 2157.6151; 170; 244.2; 
567; 0; 2157.6148; 170; 244.4; 
567; 0; 2157.6145; 170; 244.6; 
567; 0; 2157.6141; 170; 244.8; 
567; 0; 2157.6137; 170; 245; 
567; 0; 2157.6134; 170; 245.2; 
567; 0; 2157.613; 170; 245.4; 
567; 0; 2156.5489; 170; 245.6; 
567; 0; 2156.5486; 170; 245.8; 
567; 0; 2156.5484; 170; 246; 
567; 0; 2157.6118; 170; 246.2; 
567; 0; 2157.6113; 170; 246.4; 
567; 0; 2158.6738; 170; 246.6; 
567; 0; 2158.6715; 170; 246.8; 
567; 0; 2158.6675; 170; 247; 
567; 0; 2158.6621; 170; 247.2; 
567; 0; 2158.6558; 170; 247.4; 
567; 0; 2158.6494; 170; 247.6; 
567; 0; 2158.6441; 170; 247.8; 
567; 0; 2159.7044; 170; 248; 
567; 0; 2161.831; 170; 248.2; 
567; 0; 2162.8965; 170; 248.4; 
567; 0; 2163.9643; 170; 248.6; 
567; 0; 2166.0975; 170; 248.8; 
567; 0; 2167.1679; 170; 249; 
567; 0; 2168.2384; 170; 249.2; 
567; 0; 2168.2446; 170; 249.4; 
567; 0; 2169.3133; 170; 249.6; 
567; 0; 2169.3166; 170; 249.8; 
567; 0; 2168.2545; 170; 250; 
567; 0; 2168.2546; 170; 250.2; 
567; 0; 2168.2533; 170; 250.4; 
567; 0; 2167.1874; 170; 250.6; 
567; 0; 2167.1849; 170; 250.8; 
567; 0; 2167.1823; 170; 251; 
567; 0; 2166.1162; 170; 251.2; 
567; 0; 2166.1143; 170; 251.4; 
567; 0; 2166.1129; 170; 251.6; 
567; 0; 2166.1121; 170; 251.8; 
567; 0; 2165.048; 170; 252; 
567; 0; 2165.048; 170; 252.2; 
567; 0; 2165.0482; 170; 252.4; 
567; 0; 2165.0486; 170; 252.6; 
567; 0; 2165.0488; 170; 252.8; 
567; 0; 2165.0489; 170; 253; 
567; 0; 2163.9852; 170; 253.2; 
567; 0; 2163.985; 170; 253.4; 
567; 0; 2163.9847; 170; 253.6; 
567; 0; 2163.9843; 170; 253.8; 
567; 0; 2162.9201; 170; 254; 
567; 0; 2162.9196; 170; 254.2; 
567; 0; 2162.9192; 170; 254.4; 
567; 0; 2162.9189; 170; 254.6; 
567; 0; 2162.9185; 170; 254.8; 
567; 0; 2161.8543; 170; 255; 
567; 0; 2161.8539; 170; 255.2; 
567; 0; 2161.8536; 170; 255.4; 
567; 0; 2161.8533; 170; 255.6; 
567; 0; 2161.853; 170; 255.8; 
567; 0; 2161.8528; 170; 256; 
567; 0; 2161.8525; 170; 256.2; 
567; 0; 2160.7886; 170; 256.4; 
567; 0; 2160.7883; 170; 256.6; 
567; 0; 2160.7881; 170; 256.8; 
567; 0; 2160.7878; 170; 257; 
567; 0; 2160.7875; 170; 257.2; 
567; 0; 2160.7872; 170; 257.4; 
567; 0; 2160.7866; 170; 257.6; 
567; 0; 2161.8492; 170; 257.8; 
567; 0; 2161.847; 170; 258; 
567; 0; 2161.8433; 170; 258.2; 
567; 0; 2161.8375; 170; 258.4; 
567; 0; 2162.8926; 170; 258.6; 
567; 0; 2161.8171; 170; 258.8; 
567; 0; 2162.8661; 170; 259; 
567; 0; 2162.8496; 170; 259.2; 
567; 0; 2164.9603; 170; 259.4; 
567; 0; 2168.1362; 170; 259.6; 
567; 0; 2172.379; 170; 259.8; 
567; 0; 2177.6901; 170; 260; 
567; 0; 2184.07; 170; 260.2; 
567; 0; 2191.4323; 170; 260.4; 
567; 0; 2196.9498; 170; 260.6; 
567; 0; 2201.5513; 170; 260.8; 
567; 0; 2206.1545; 170; 261; 
567; 0; 2209.8397; 170; 261.2; 
567; 0; 2213.5246; 170; 261.4; 
567; 0; 2215.3707; 170; 261.6; 
567; 0; 2217.2146; 170; 261.8; 
567; 0; 2218.1371; 170; 262; 
567; 0; 2218.1381; 170; 262.2; 
567; 0; 2218.1365; 170; 262.4; 
567; 0; 2219.0514; 170; 262.6; 
567; 0; 2219.0462; 170; 262.8; 
567; 0; 2219.959; 170; 263; 
567; 0; 2220.8718; 170; 263.2; 
567; 0; 2221.7851; 170; 263.4; 
567; 0; 2223.6182; 170; 263.6; 
567; 0; 2224.534; 170; 263.8; 
567; 0; 2227.2887; 170; 264; 
567; 0; 2229.1262; 170; 264.2; 
567; 0; 2230.9649; 170; 264.4; 
567; 0; 2232.8047; 170; 264.6; 
567; 0; 2233.7263; 170; 264.8; 
567; 0; 2234.6482; 170; 265; 
567; 0; 2236.4885; 170; 265.2; 
567; 0; 2236.4909; 170; 265.4; 
567; 0; 2237.4113; 170; 265.6; 
567; 0; 2237.4122; 170; 265.8; 
567; 0; 2237.4122; 170; 266; 
567; 0; 2237.4115; 170; 266.2; 
567; 0; 2237.4101; 170; 266.4; 
567; 0; 2237.4082; 170; 266.6; 
567; 0; 2238.3249; 170; 266.8; 
567; 0; 2238.323; 170; 267; 
567; 0; 2238.3213; 170; 267.2; 
567; 0; 2239.2387; 170; 267.4; 
567; 0; 2239.2378; 170; 267.6; 
567; 0; 2240.1561; 170; 267.8; 
567; 0; 2241.0751; 170; 268; 
567; 0; 2241.995; 170; 268.2; 
567; 0; 2242.9162; 170; 268.4; 
567; 0; 2242.9204; 170; 268.6; 
567; 0; 2243.845; 170; 268.8; 
567; 0; 2243.8521; 170; 269; 
567; 0; 2242.9412; 170; 269.2; 
567; 0; 2242.0301; 170; 269.4; 
567; 0; 2241.118; 170; 269.6; 
567; 0; 2238.3667; 170; 269.8; 
567; 0; 2236.532; 170; 270; 
567; 0; 2233.7764; 170; 270.2; 
567; 0; 2231.0187; 170; 270.4; 
567; 0; 2228.2593; 170; 270.6; 
567; 0; 2224.5801; 170; 270.8; 
567; 0; 2221.8193; 170; 271; 
567; 0; 2219.9773; 170; 271.2; 
567; 0; 2217.2172; 170; 271.4; 
567; 0; 2215.3769; 170; 271.6; 
567; 0; 2213.5377; 170; 271.8; 
567; 0; 2211.6996; 170; 272; 
567; 0; 2209.8625; 170; 272.2; 
567; 0; 2208.9449; 170; 272.4; 
567; 0; 2207.1089; 170; 272.6; 
567; 0; 2205.2732; 170; 272.8; 
567; 0; 2203.4374; 170; 273; 
567; 0; 2202.5199; 170; 273.2; 
567; 0; 2200.6833; 170; 273.4; 
567; 0; 2198.8463; 170; 273.6; 
567; 0; 2197.0088; 170; 273.8; 
567; 0; 2195.1709; 170; 274; 
567; 0; 2193.3328; 170; 274.2; 
567; 0; 2191.4945; 170; 274.4; 
567; 0; 2190.5492; 170; 274.6; 
567; 0; 2188.4206; 170; 274.8; 
567; 0; 2187.3559; 170; 275; 
567; 0; 2185.2279; 170; 275.2; 
567; 0; 2184.1639; 170; 275.4; 
567; 0; 2183.1002; 170; 275.6; 
567; 0; 2182.0367; 170; 275.8; 
567; 0; 2180.9734; 170; 276; 
567; 0; 2179.9102; 170; 276.2; 
567; 0; 2178.8469; 170; 276.4; 
567; 0; 2177.7834; 170; 276.6; 
567; 0; 2176.7197; 170; 276.8; 
567; 0; 2175.656; 170; 277; 
567; 0; 2174.5921; 170; 277.2; 
567; 0; 2173.528; 170; 277.4; 
567; 0; 2172.4639; 170; 277.6; 
567; 0; 2171.3997; 170; 277.8; 
567; 0; 2170.3357; 170; 278; 
567; 0; 2169.2716; 170; 278.2; 
567; 0; 2169.2714; 170; 278.4; 
567; 0; 2168.2076; 170; 278.6; 
567; 0; 2167.1438; 170; 278.8; 
567; 0; 2167.1438; 170; 279; 
567; 0; 2166.0801; 170; 279.2; 
567; 0; 2165.0163; 170; 279.4; 
567; 0; 2165.0162; 170; 279.6; 
567; 0; 2163.9524; 170; 279.8; 
567; 0; 2163.9522; 170; 280; 
567; 0; 2162.8883; 170; 280.2; 
567; 0; 2162.8881; 170; 280.4; 
567; 0; 2161.8242; 170; 280.6; 
567; 0; 2161.824; 170; 280.8; 
567; 0; 2161.8238; 170; 281; 
567; 0; 2160.76; 170; 281.2; 
567; 0; 2160.7598; 170; 281.4; 
567; 0; 2159.6959; 170; 281.6; 
567; 0; 2159.6957; 170; 281.8; 
567; 0; 2159.6955; 170; 282; 
567; 0; 2159.6954; 170; 282.2; 
567; 0; 2158.6315; 170; 282.4; 
567; 0; 2158.6313; 170; 282.6; 
567; 0; 2158.631; 170; 282.8; 
567; 0; 2158.6308; 170; 283; 
567; 0; 2157.5668; 170; 283.2; 
567; 0; 2157.5665; 170; 283.4; 
567; 0; 2157.5662; 170; 283.6; 
567; 0; 2157.566; 170; 283.8; 
567; 0; 2157.5659; 170; 284; 
567; 0; 2156.502; 170; 284.2; 
567; 0; 2156.5019; 170; 284.4; 
567; 0; 2156.5017; 170; 284.6; 
567; 0; 2156.5015; 170; 284.8; 
567; 0; 2156.5013; 170; 285; 
567; 0; 2156.5011; 170; 285.2; 
567; 0; 2156.5009; 170; 285.4; 
567; 0; 2156.5007; 170; 285.6; 
567; 0; 2156.5005; 170; 285.8; 
567; 0; 2156.5002; 170; 286; 
567; 0; 2155.4363; 170; 286.2; 
567; 0; 2155.4361; 170; 286.4; 
567; 0; 2155.4358; 170; 286.6; 
567; 0; 2155.4356; 170; 286.8; 
567; 0; 2155.4353; 170; 287; 
567; 0; 2155.4351; 170; 287.2; 
567; 0; 2155.4349; 170; 287.4; 
567; 0; 2155.4346; 170; 287.6; 
567; 0; 2155.4344; 170; 287.8; 
567; 0; 2155.4341; 170; 288; 
567; 0; 2155.4339; 170; 288.2; 
567; 0; 2156.4972; 170; 288.4; 
567; 0; 2156.4967; 170; 288.6; 
567; 0; 2156.4959; 170; 288.8; 
567; 0; 2156.4948; 170; 289; 
567; 0; 2156.4936; 170; 289.2; 
567; 0; 2156.4922; 170; 289.4; 
567; 0; 2156.491; 170; 289.6; 
567; 0; 2156.4902; 170; 289.8; 
567; 0; 2157.5535; 170; 290; 
567; 0; 2157.5537; 170; 290.2; 
567; 0; 2157.5543; 170; 290.4; 
567; 0; 2157.5552; 170; 290.6; 
567; 0; 2158.6199; 170; 290.8; 
567; 0; 2158.621; 170; 291; 
567; 0; 2158.6219; 170; 291.2; 
567; 0; 2158.6226; 170; 291.4; 
567; 0; 2158.6229; 170; 291.6; 
567; 0; 2158.623; 170; 291.8; 
567; 0; 2158.6227; 170; 292; 
567; 0; 2158.6222; 170; 292.2; 
567; 0; 2158.6216; 170; 292.4; 
567; 0; 2158.621; 170; 292.6; 
567; 0; 2157.5566; 170; 292.8; 
567; 0; 2157.556; 170; 293; 
567; 0; 2157.5554; 170; 293.2; 
567; 0; 2157.5549; 170; 293.4; 
567; 0; 2157.5545; 170; 293.6; 
567; 0; 2157.5542; 170; 293.8; 
567; 0; 2157.554; 170; 294; 
567; 0; 2157.5538; 170; 294.2; 
567; 0; 2157.5536; 170; 294.4; 
567; 0; 2157.5534; 170; 294.6; 
567; 0; 2157.5532; 170; 294.8; 
567; 0; 2157.5529; 170; 295; 
567; 0; 2157.5527; 170; 295.2; 
567; 0; 2157.5525; 170; 295.4; 
567; 0; 2157.5523; 170; 295.6; 
567; 0; 2157.5521; 170; 295.8; 
567; 0; 2157.5519; 170; 296; 
567; 0; 2157.5516; 170; 296.2; 
567; 0; 2157.5513; 170; 296.4; 
567; 0; 2157.551; 170; 296.6; 
567; 0; 2157.5507; 170; 296.8; 
567; 0; 2157.5505; 170; 297; 
567; 0; 2157.5503; 170; 297.2; 
567; 0; 2157.5501; 170; 297.4; 
567; 0; 2157.5498; 170; 297.6; 
567; 0; 2157.5497; 170; 297.8; 
567; 0; 2157.5495; 170; 298; 
567; 0; 2158.6128; 170; 298.2; 
567; 0; 2158.6116; 170; 298.4; 
567; 0; 2158.6091; 170; 298.6; 
567; 0; 2159.6683; 170; 298.8; 
567; 0; 2159.6614; 170; 299; 
567; 0; 2159.6514; 170; 299.2; 
567; 0; 2159.6381; 170; 299.4; 
567; 0; 2160.6861; 170; 299.6; 
567; 0; 2161.7331; 170; 299.8; 
567; 0; 2164.908; 170; 300; 
567; 0; 2168.0854; 170; 300.2; 
567; 0; 2173.3938; 170; 300.4; 
567; 0; 2179.7708; 170; 300.6; 
567; 0; 2186.1532; 170; 300.8; 
567; 0; 2192.3237; 170; 301; 
567; 0; 2197.8421; 170; 301.2; 
567; 0; 2202.4441; 170; 301.4; 
567; 0; 2206.1287; 170; 301.6; 
567; 0; 2209.8134; 170; 301.8; 
567; 0; 2211.6598; 170; 302; 
567; 0; 2213.5043; 170; 302.2; 
567; 0; 2215.3464; 170; 302.4; 
567; 0; 2215.3485; 170; 302.6; 
567; 0; 2216.2666; 170; 302.8; 
567; 0; 2216.2637; 170; 303; 
567; 0; 2216.2592; 170; 303.2; 
567; 0; 2217.1724; 170; 303.4; 
567; 0; 2218.0852; 170; 303.6; 
567; 0; 2218.9984; 170; 303.8; 
567; 0; 2219.9125; 170; 304; 
567; 0; 2221.7464; 170; 304.2; 
567; 0; 2223.5818; 170; 304.4; 
567; 0; 2226.3373; 170; 304.6; 
567; 0; 2228.1756; 170; 304.8; 
567; 0; 2230.015; 170; 305; 
567; 0; 2230.9364; 170; 305.2; 
567; 0; 2232.7768; 170; 305.4; 
567; 0; 2233.6984; 170; 305.6; 
567; 0; 2234.6197; 170; 305.8; 
567; 0; 2234.6216; 170; 306; 
567; 0; 2234.6227; 170; 306.2; 
567; 0; 2235.5415; 170; 306.4; 
567; 0; 2235.541; 170; 306.6; 
567; 0; 2235.5397; 170; 306.8; 
567; 0; 2235.538; 170; 307; 
567; 0; 2235.5361; 170; 307.2; 
567; 0; 2235.5342; 170; 307.4; 
567; 0; 2236.4511; 170; 307.6; 
567; 0; 2236.4497; 170; 307.8; 
567; 0; 2237.3675; 170; 308; 
567; 0; 2238.2856; 170; 308.2; 
567; 0; 2238.2857; 170; 308.4; 
567; 0; 2239.2047; 170; 308.6; 
567; 0; 2239.2055; 170; 308.8; 
567; 0; 2240.125; 170; 309; 
567; 0; 2240.1259; 170; 309.2; 
567; 0; 2240.1268; 170; 309.4; 
567; 0; 2240.1275; 170; 309.6; 
567; 0; 2240.1279; 170; 309.8; 
567; 0; 2240.1281; 170; 310; 
567; 0; 2240.1279; 170; 310.2; 
567; 0; 2240.1276; 170; 310.4; 
567; 0; 2240.127; 170; 310.6; 
567; 0; 2240.1264; 170; 310.8; 
567; 0; 2240.1256; 170; 311; 
567; 0; 2240.1249; 170; 311.2; 
567; 0; 2240.1243; 170; 311.4; 
567; 0; 2240.1239; 170; 311.6; 
567; 0; 2241.0422; 170; 311.8; 
567; 0; 2241.0421; 170; 312; 
567; 0; 2241.0422; 170; 312.2; 
567; 0; 2241.0423; 170; 312.4; 
567; 0; 2241.0426; 170; 312.6; 
567; 0; 2241.0428; 170; 312.8; 
567; 0; 2241.0431; 170; 313; 
567; 0; 2241.0433; 170; 313.2; 
567; 0; 2241.0434; 170; 313.4; 
567; 0; 2241.0436; 170; 313.6; 
567; 0; 2241.0442; 170; 313.8; 
567; 0; 2241.9645; 170; 314; 
567; 0; 2241.9677; 170; 314.2; 
567; 0; 2241.9727; 170; 314.4; 
567; 0; 2241.9793; 170; 314.6; 
567; 0; 2241.0683; 170; 314.8; 
567; 0; 2240.1574; 170; 315; 
567; 0; 2238.327; 170; 315.2; 
567; 0; 2235.5765; 170; 315.4; 
567; 0; 2233.7427; 170; 315.6; 
567; 0; 2230.9879; 170; 315.8; 
567; 0; 2227.3124; 170; 316; 
567; 0; 2224.5538; 170; 316.2; 
567; 0; 2221.794; 170; 316.4; 
567; 0; 2218.115; 170; 316.6; 
567; 0; 2215.3547; 170; 316.8; 
567; 0; 2212.5949; 170; 317; 
567; 0; 2210.7545; 170; 317.2; 
567; 0; 2208.9152; 170; 317.4; 
567; 0; 2206.1584; 170; 317.6; 
567; 0; 2204.3211; 170; 317.8; 
567; 0; 2202.4845; 170; 318; 
567; 0; 2200.6484; 170; 318.2; 
567; 0; 2199.731; 170; 318.4; 
567; 0; 2197.8949; 170; 318.6; 
567; 0; 2196.0586; 170; 318.8; 
567; 0; 2194.2219; 170; 319; 
567; 0; 2192.385; 170; 319.2; 
567; 0; 2190.5073; 170; 319.4; 
567; 0; 2188.3795; 170; 319.6; 
567; 0; 2186.2514; 170; 319.8; 
567; 0; 2184.1232; 170; 320; 
567; 0; 2183.0586; 170; 320.2; 
567; 0; 2180.9304; 170; 320.4; 
567; 0; 2179.8659; 170; 320.6; 
567; 0; 2178.8017; 170; 320.8; 
567; 0; 2176.6741; 170; 321; 
567; 0; 2175.6103; 170; 321.2; 
567; 0; 2174.5467; 170; 321.4; 
567; 0; 2173.4832; 170; 321.6; 
567; 0; 2172.4198; 170; 321.8; 
567; 0; 2171.3563; 170; 322; 
567; 0; 2170.2929; 170; 322.2; 
567; 0; 2169.2294; 170; 322.4; 
567; 0; 2168.1658; 170; 322.6; 
567; 0; 2167.1021; 170; 322.8; 
567; 0; 2166.0383; 170; 323; 
567; 0; 2164.9745; 170; 323.2; 
567; 0; 2163.9106; 170; 323.4; 
567; 0; 2163.9103; 170; 323.6; 
567; 0; 2162.8465; 170; 323.8; 
567; 0; 2161.7827; 170; 324; 
567; 0; 2161.7826; 170; 324.2; 
567; 0; 2160.7188; 170; 324.4; 
567; 0; 2160.7186; 170; 324.6; 
567; 0; 2159.6548; 170; 324.8; 
567; 0; 2159.6547; 170; 325; 
567; 0; 2158.5909; 170; 325.2; 
567; 0; 2158.5908; 170; 325.4; 
567; 0; 2157.527; 170; 325.6; 
567; 0; 2157.5269; 170; 325.8; 
567; 0; 2157.5267; 170; 326; 
567; 0; 2156.463; 170; 326.2; 
567; 0; 2156.4628; 170; 326.4; 
567; 0; 2156.4626; 170; 326.6; 
567; 0; 2155.3989; 170; 326.8; 
567; 0; 2155.3988; 170; 327; 
567; 0; 2155.3987; 170; 327.2; 
567; 0; 2155.3986; 170; 327.4; 
567; 0; 2154.3348; 170; 327.6; 
567; 0; 2154.3346; 170; 327.8; 
567; 0; 2154.3344; 170; 328; 
567; 0; 2154.3341; 170; 328.2; 
567; 0; 2154.334; 170; 328.4; 
567; 0; 2154.3338; 170; 328.6; 
567; 0; 2153.27; 170; 328.8; 
567; 0; 2153.2698; 170; 329; 
567; 0; 2153.2697; 170; 329.2; 
567; 0; 2153.2695; 170; 329.4; 
567; 0; 2153.2693; 170; 329.6; 
567; 0; 2153.2691; 170; 329.8; 
567; 0; 2153.2688; 170; 330; 
567; 0; 2153.2686; 170; 330.2; 
567; 0; 2153.2683; 170; 330.4; 
567; 0; 2153.2681; 170; 330.6; 
567; 0; 2153.2679; 170; 330.8; 
567; 0; 2153.2677; 170; 331; 
567; 0; 2152.204; 170; 331.2; 
567; 0; 2152.2038; 170; 331.4; 
567; 0; 2152.2037; 170; 331.6; 
567; 0; 2152.2036; 170; 331.8; 
567; 0; 2152.2035; 170; 332; 
567; 0; 2152.2033; 170; 332.2; 
567; 0; 2152.2031; 170; 332.4; 
567; 0; 2152.2028; 170; 332.6; 
567; 0; 2152.2026; 170; 332.8; 
567; 0; 2152.2025; 170; 333; 
567; 0; 2152.2023; 170; 333.2; 
567; 0; 2152.2022; 170; 333.4; 
567; 0; 2153.2657; 170; 333.6; 
567; 0; 2153.2655; 170; 333.8; 
567; 0; 2153.2653; 170; 334; 
567; 0; 2153.265; 170; 334.2; 
567; 0; 2153.2647; 170; 334.4; 
567; 0; 2153.2645; 170; 334.6; 
567; 0; 2153.2642; 170; 334.8; 
567; 0; 2153.2641; 170; 335; 
567; 0; 2153.2639; 170; 335.2; 
567; 0; 2153.2638; 170; 335.4; 
567; 0; 2153.2637; 170; 335.6; 
567; 0; 2153.2635; 170; 335.8; 
567; 0; 2153.2633; 170; 336; 
567; 0; 2153.2631; 170; 336.2; 
567; 0; 2153.2629; 170; 336.4; 
567; 0; 2153.2627; 170; 336.6; 
567; 0; 2153.2625; 170; 336.8; 
567; 0; 2153.2623; 170; 337; 
567; 0; 2153.2621; 170; 337.2; 
567; 0; 2153.2619; 170; 337.4; 
567; 0; 2153.2617; 170; 337.6; 
567; 0; 2153.2615; 170; 337.8; 
567; 0; 2153.2614; 170; 338; 
567; 0; 2153.2612; 170; 338.2; 
567; 0; 2153.261; 170; 338.4; 
567; 0; 2153.2608; 170; 338.6; 
567; 0; 2154.3243; 170; 338.8; 
567; 0; 2154.3242; 170; 339; 
567; 0; 2154.3241; 170; 339.2; 
567; 0; 2154.3239; 170; 339.4; 
567; 0; 2154.3238; 170; 339.6; 
567; 0; 2154.3236; 170; 339.8; 
567; 0; 2154.3234; 170; 340; 
567; 0; 2154.3232; 170; 340.2; 
567; 0; 2154.3231; 170; 340.4; 
567; 0; 2154.3229; 170; 340.6; 
567; 0; 2154.3226; 170; 340.8; 
567; 0; 2154.3224; 170; 341; 
567; 0; 2154.3221; 170; 341.2; 
567; 0; 2154.3219; 170; 341.4; 
567; 0; 2154.3217; 170; 341.6; 
567; 0; 2154.3215; 170; 341.8; 
567; 0; 2154.3213; 170; 342; 
567; 0; 2154.3212; 170; 342.2; 
567; 0; 2155.3846; 170; 342.4; 
567; 0; 2155.3844; 170; 342.6; 
567; 0; 2155.3842; 170; 342.8; 
567; 0; 2155.3841; 170; 343; 
567; 0; 2155.3839; 170; 343.2; 
567; 0; 2156.4473; 170; 343.4; 
567; 0; 2156.4471; 170; 343.6; 
567; 0; 2157.5104; 170; 343.8; 
567; 0; 2157.5094; 170; 344; 
567; 0; 2158.571; 170; 344.2; 
567; 0; 2158.5676; 170; 344.4; 
567; 0; 2159.6256; 170; 344.6; 
567; 0; 2159.6174; 170; 344.8; 
567; 0; 2159.606; 170; 345; 
567; 0; 2159.5916; 170; 345.2; 
567; 0; 2160.639; 170; 345.4; 
567; 0; 2162.7497; 170; 345.6; 
567; 0; 2165.9256; 170; 345.8; 
567; 0; 2170.1681; 170; 346; 
567; 0; 2175.4786; 170; 346.2; 
567; 0; 2181.8578; 170; 346.4; 
567; 0; 2188.2425; 170; 346.6; 
567; 0; 2194.1374; 170; 346.8; 
567; 0; 2199.6567; 170; 347; 
567; 0; 2203.3407; 170; 347.2; 
567; 0; 2207.0252; 170; 347.4; 
567; 0; 2209.7906; 170; 347.6; 
567; 0; 2211.636; 170; 347.8; 
567; 0; 2213.4792; 170; 348; 
567; 0; 2214.4011; 170; 348.2; 
567; 0; 2214.4017; 170; 348.4; 
567; 0; 2215.3184; 170; 348.6; 
567; 0; 2215.3146; 170; 348.8; 
567; 0; 2215.3095; 170; 349; 
567; 0; 2216.2224; 170; 349.2; 
567; 0; 2217.1354; 170; 349.4; 
567; 0; 2218.0491; 170; 349.6; 
567; 0; 2219.8826; 170; 349.8; 
567; 0; 2221.7174; 170; 350; 
567; 0; 2223.5537; 170; 350.2; 
567; 0; 2225.3915; 170; 350.4; 
567; 0; 2227.2304; 170; 350.6; 
567; 0; 2229.0701; 170; 350.8; 
567; 0; 2229.9917; 170; 351; 
567; 0; 2230.9134; 170; 351.2; 
567; 0; 2231.8347; 170; 351.4; 
567; 0; 2232.7557; 170; 351.6; 
567; 0; 2232.7579; 170; 351.8; 
567; 0; 2233.6786; 170; 352; 
567; 0; 2233.6811; 170; 352.2; 
567; 0; 2233.6838; 170; 352.4; 
567; 0; 2233.6869; 170; 352.6; 
567; 0; 2232.7716; 170; 352.8; 
567; 0; 2232.7749; 170; 353; 
567; 0; 2231.8593; 170; 353.2; 
567; 0; 2230.0246; 170; 353.4; 
567; 0; 2229.1078; 170; 353.6; 
567; 0; 2227.2715; 170; 353.8; 
567; 0; 2225.4344; 170; 354; 
567; 0; 2223.5965; 170; 354.2; 
567; 0; 2220.8394; 170; 354.4; 
567; 0; 2219.0005; 170; 354.6; 
567; 0; 2217.1615; 170; 354.8; 
567; 0; 2215.3225; 170; 355; 
567; 0; 2213.4838; 170; 355.2; 
567; 0; 2212.5642; 170; 355.4; 
567; 0; 2210.7264; 170; 355.6; 
567; 0; 2208.8892; 170; 355.8; 
567; 0; 2207.971; 170; 356; 
567; 0; 2206.1345; 170; 356.2; 
567; 0; 2205.2167; 170; 356.4; 
567; 0; 2203.3805; 170; 356.6; 
567; 0; 2201.5441; 170; 356.8; 
567; 0; 2200.6263; 170; 357; 
567; 0; 2198.7895; 170; 357.2; 
567; 0; 2196.9526; 170; 357.4; 
567; 0; 2196.034; 170; 357.6; 
567; 0; 2194.1967; 170; 357.8; 
567; 0; 2193.2778; 170; 358; 
567; 0; 2191.4403; 170; 358.2; 
567; 0; 2190.467; 170; 358.4; 
567; 0; 2188.3395; 170; 358.6; 
567; 0; 2187.2756; 170; 358.8; 
567; 0; 2186.2119; 170; 359; 
567; 0; 2185.1483; 170; 359.2; 
567; 0; 2183.0214; 170; 359.4; 
567; 0; 2181.958; 170; 359.6; 
567; 0; 2180.8948; 170; 359.8; 
567; 0; 2179.8315; 170; 360; 
567; 0; 2178.7682; 170; 360.2; 
567; 0; 2177.7048; 170; 360.4; 
567; 0; 2176.6414; 170; 360.6; 
567; 0; 2175.5779; 170; 360.8; 
567; 0; 2174.5144; 170; 361; 
567; 0; 2173.4508; 170; 361.2; 
567; 0; 2172.3871; 170; 361.4; 
567; 0; 2172.387; 170; 361.6; 
567; 0; 2171.3233; 170; 361.8; 
567; 0; 2170.2597; 170; 362; 
567; 0; 2169.196; 170; 362.2; 
567; 0; 2168.1324; 170; 362.4; 
567; 0; 2168.1323; 170; 362.6; 
567; 0; 2167.0687; 170; 362.8; 
567; 0; 2167.0686; 170; 363; 
567; 0; 2166.0051; 170; 363.2; 
567; 0; 2164.9415; 170; 363.4; 
567; 0; 2164.9416; 170; 363.6; 
567; 0; 2163.878; 170; 363.8; 
567; 0; 2163.878; 170; 364; 
567; 0; 2162.8144; 170; 364.2; 
567; 0; 2162.8144; 170; 364.4; 
567; 0; 2161.7506; 170; 364.6; 
567; 0; 2161.7505; 170; 364.8; 
567; 0; 2160.6867; 170; 365; 
567; 0; 2160.6866; 170; 365.2; 
567; 0; 2160.6866; 170; 365.4; 
567; 0; 2159.623; 170; 365.6; 
567; 0; 2159.623; 170; 365.8; 
567; 0; 2159.623; 170; 366; 
567; 0; 2158.5594; 170; 366.2; 
567; 0; 2158.5594; 170; 366.4; 
567; 0; 2158.5593; 170; 366.6; 
567; 0; 2157.4956; 170; 366.8; 
567; 0; 2157.4955; 170; 367; 
567; 0; 2157.4954; 170; 367.2; 
567; 0; 2157.4953; 170; 367.4; 
567; 0; 2156.4315; 170; 367.6; 
567; 0; 2156.4312; 170; 367.8; 
567; 0; 2156.431; 170; 368; 
567; 0; 2156.4308; 170; 368.2; 
567; 0; 2155.3672; 170; 368.4; 
567; 0; 2155.3671; 170; 368.6; 
567; 0; 2155.367; 170; 368.8; 
567; 0; 2155.3669; 170; 369; 
567; 0; 2155.3667; 170; 369.2; 
567; 0; 2155.3666; 170; 369.4; 
567; 0; 2155.3665; 170; 369.6; 
567; 0; 2154.3029; 170; 369.8; 
567; 0; 2154.3028; 170; 370; 
567; 0; 2154.3026; 170; 370.2; 
567; 0; 2154.3025; 170; 370.4; 
567; 0; 2154.3023; 170; 370.6; 
567; 0; 2154.3021; 170; 370.8; 
567; 0; 2154.3019; 170; 371; 
567; 0; 2154.3018; 170; 371.2; 
567; 0; 2154.3017; 170; 371.4; 
567; 0; 2154.3016; 170; 371.6; 
567; 0; 2154.3014; 170; 371.8; 
567; 0; 2154.3013; 170; 372; 
567; 0; 2154.3012; 170; 372.2; 
567; 0; 2154.3011; 170; 372.4; 
567; 0; 2153.2374; 170; 372.6; 
567; 0; 2153.2373; 170; 372.8; 
567; 0; 2153.2372; 170; 373; 
567; 0; 2153.237; 170; 373.2; 
567; 0; 2153.2368; 170; 373.4; 
567; 0; 2153.2365; 170; 373.6; 
567; 0; 2153.2362; 170; 373.8; 
567; 0; 2153.2361; 170; 374; 
567; 0; 2153.2359; 170; 374.2; 
567; 0; 2153.2358; 170; 374.4; 
567; 0; 2153.2358; 170; 374.6; 
567; 0; 2153.2357; 170; 374.8; 
567; 0; 2153.2356; 170; 375; 
567; 0; 2153.2354; 170; 375.2; 
567; 0; 2153.2352; 170; 375.4; 
567; 0; 2153.2351; 170; 375.6; 
567; 0; 2153.235; 170; 375.8; 
567; 0; 2153.2349; 170; 376; 
567; 0; 2153.2347; 170; 376.2; 
567; 0; 2153.2346; 170; 376.4; 
567; 0; 2153.2344; 170; 376.6; 
567; 0; 2153.2342; 170; 376.8; 
567; 0; 2153.2341; 170; 377; 
567; 0; 2154.2975; 170; 377.2; 
567; 0; 2154.2974; 170; 377.4; 
567; 0; 2154.2973; 170; 377.6; 
567; 0; 2154.2972; 170; 377.8; 
567; 0; 2154.297; 170; 378; 
567; 0; 2154.2968; 170; 378.2; 
567; 0; 2154.2966; 170; 378.4; 
567; 0; 2154.2964; 170; 378.6; 
567; 0; 2154.2963; 170; 378.8; 
567; 0; 2155.3597; 170; 379; 
567; 0; 2155.3597; 170; 379.2; 
567; 0; 2155.3596; 170; 379.4; 
567; 0; 2155.3595; 170; 379.6; 
567; 0; 2155.3594; 170; 379.8; 
567; 0; 2155.3592; 170; 380; 
567; 0; 2155.3589; 170; 380.2; 
567; 0; 2156.4222; 170; 380.4; 
567; 0; 2156.4219; 170; 380.6; 
567; 0; 2156.4216; 170; 380.8; 
567; 0; 2156.4214; 170; 381; 
567; 0; 2156.4213; 170; 381.2; 
567; 0; 2156.4212; 170; 381.4; 
567; 0; 2156.4211; 170; 381.6; 
567; 0; 2157.4846; 170; 381.8; 
567; 0; 2157.4845; 170; 382; 
567; 0; 2157.4844; 170; 382.2; 
567; 0; 2157.4842; 170; 382.4; 
567; 0; 2157.4841; 170; 382.6; 
567; 0; 2157.484; 170; 382.8; 
567; 0; 2157.4838; 170; 383; 
567; 0; 2157.4837; 170; 383.2; 
567; 0; 2157.4836; 170; 383.4; 
567; 0; 2157.4834; 170; 383.6; 
567; 0; 2157.4833; 170; 383.8; 
567; 0; 2157.4832; 170; 384; 
567; 0; 2157.4831; 170; 384.2; 
567; 0; 2157.4829; 170; 384.4; 
567; 0; 2157.4827; 170; 384.6; 
567; 0; 2157.4825; 170; 384.8; 
567; 0; 2157.4824; 170; 385; 
567; 0; 2157.4822; 170; 385.2; 
567; 0; 2157.482; 170; 385.4; 
567; 0; 2158.5455; 170; 385.6; 
567; 0; 2158.5454; 170; 385.8; 
567; 0; 2158.5453; 170; 386; 
567; 0; 2158.5452; 170; 386.2; 
567; 0; 2158.5451; 170; 386.4; 
567; 0; 2158.545; 170; 386.6; 
567; 0; 2158.5448; 170; 386.8; 
567; 0; 2158.5446; 170; 387; 
567; 0; 2158.5445; 170; 387.2; 
567; 0; 2158.5443; 170; 387.4; 
567; 0; 2158.5442; 170; 387.6; 
567; 0; 2158.5441; 170; 387.8; 
567; 0; 2158.5441; 170; 388; 
567; 0; 2158.5439; 170; 388.2; 
567; 0; 2158.5438; 170; 388.4; 
567; 0; 2158.5437; 170; 388.6; 
567; 0; 2158.5435; 170; 388.8; 
567; 0; 2158.5434; 170; 389; 
567; 0; 2158.5433; 170; 389.2; 
567; 0; 2158.5431; 170; 389.4; 
567; 0; 2158.543; 170; 389.6; 
567; 0; 2158.5428; 170; 389.8; 
567; 0; 2157.479; 170; 390; 
567; 0; 2157.4788; 170; 390.2; 
567; 0; 2157.4787; 170; 390.4; 
567; 0; 2157.4786; 170; 390.6; 
567; 0; 2157.4785; 170; 390.8; 
567; 0; 2157.4783; 170; 391; 
567; 0; 2157.4781; 170; 391.2; 
567; 0; 2157.478; 170; 391.4; 
567; 0; 2157.478; 170; 391.6; 
567; 0; 2157.4779; 170; 391.8; 
567; 0; 2158.5414; 170; 392; 
567; 0; 2158.5413; 170; 392.2; 
567; 0; 2158.5413; 170; 392.4; 
567; 0; 2158.5412; 170; 392.6; 
567; 0; 2158.541; 170; 392.8; 
567; 0; 2158.5408; 170; 393; 
567; 0; 2158.5407; 170; 393.2; 
567; 0; 2158.5406; 170; 393.4; 
567; 0; 2158.5405; 170; 393.6; 
567; 0; 2158.5404; 170; 393.8; 
567; 0; 2158.5402; 170; 394; 
567; 0; 2158.54; 170; 394.2; 
567; 0; 2158.5399; 170; 394.4; 
567; 0; 2158.5397; 170; 394.6; 
567; 0; 2157.4761; 170; 394.8; 
567; 0; 2157.476; 170; 395; 
567; 0; 2157.4758; 170; 395.2; 
567; 0; 2157.4758; 170; 395.4; 
567; 0; 2157.4757; 170; 395.6; 
567; 0; 2157.4756; 170; 395.8; 
567; 0; 2157.4755; 170; 396; 
567; 0; 2157.4753; 170; 396.2; 
567; 0; 2157.4752; 170; 396.4; 
567; 0; 2157.475; 170; 396.6; 
567; 0; 2157.4748; 170; 396.8; 
567; 0; 2157.4747; 170; 397; 
567; 0; 2157.4746; 170; 397.2; 
567; 0; 2157.4745; 170; 397.4; 
567; 0; 2157.4743; 170; 397.6; 
567; 0; 2157.4742; 170; 397.8; 
567; 0; 2158.5375; 170; 398; 
567; 0; 2158.5374; 170; 398.2; 
567; 0; 2158.5374; 170; 398.4; 
567; 0; 2158.5372; 170; 398.6; 
567; 0; 2158.5371; 170; 398.8; 
567; 0; 2158.5369; 170; 399; 
567; 0; 2158.5369; 170; 399.2; 
567; 0; 2158.5369; 170; 399.4; 
567; 0; 2158.537; 170; 399.6; 
567; 0; 2158.5369; 170; 399.8; 
567; 0; 2158.5368; 170; 400; 
567; 0; 2158.5366; 170; 400.2; 
567; 0; 2157.4729; 170; 400.4; 
567; 0; 2157.4726; 170; 400.6; 
567; 0; 2157.4724; 170; 400.8; 
567; 0; 2157.4723; 170; 401; 
567; 0; 2157.4722; 170; 401.2; 
567; 0; 2157.472; 170; 401.4; 
567; 0; 2157.4718; 170; 401.6; 
567; 0; 2157.4716; 170; 401.8; 
567; 0; 2157.4715; 170; 402; 
567; 0; 2157.4713; 170; 402.2; 
567; 0; 2157.4712; 170; 402.4; 
567; 0; 2157.4712; 170; 402.6; 
567; 0; 2157.4711; 170; 402.8; 
567; 0; 2157.471; 170; 403; 
567; 0; 2157.471; 170; 403.2; 
567; 0; 2157.4709; 170; 403.4; 
567; 0; 2157.4708; 170; 403.6; 
567; 0; 2157.4708; 170; 403.8; 
567; 0; 2157.4708; 170; 404; 
567; 0; 2157.4707; 170; 404.2; 
567; 0; 2157.4706; 170; 404.4; 
567; 0; 2157.4705; 170; 404.6; 
567; 0; 2157.4703; 170; 404.8; 
567; 0; 2157.4701; 170; 405; 
567; 0; 2157.4699; 170; 405.2; 
567; 0; 2157.4697; 170; 405.4; 
567; 0; 2157.4695; 170; 405.6; 
567; 0; 2157.4693; 170; 405.8; 
567; 0; 2157.4691; 170; 406; 
567; 0; 2158.5325; 170; 406.2; 
567; 0; 2158.5324; 170; 406.4; 
567; 0; 2158.5324; 170; 406.6; 
567; 0; 2158.5324; 170; 406.8; 
567; 0; 2158.5323; 170; 407; 
567; 0; 2158.5323; 170; 407.2; 
567; 0; 2158.5322; 170; 407.4; 
567; 0; 2158.532; 170; 407.6; 
567; 0; 2157.4683; 170; 407.8; 
567; 0; 2157.4682; 170; 408; 
567; 0; 2157.468; 170; 408.2; 
567; 0; 2157.4678; 170; 408.4; 
567; 0; 2157.4677; 170; 408.6; 
567; 0; 2157.4676; 170; 408.8; 
567; 0; 2157.4675; 170; 409; 
567; 0; 2157.4674; 170; 409.2; 
567; 0; 2157.4673; 170; 409.4; 
567; 0; 2157.4672; 170; 409.6; 
567; 0; 2157.4672; 170; 409.8; 
567; 0; 2157.4671; 170; 410; 
567; 0; 2157.467; 170; 410.2; 
567; 0; 2157.4668; 170; 410.4; 
567; 0; 2157.4667; 170; 410.6; 
567; 0; 2157.4666; 170; 410.8; 
567; 0; 2157.4665; 170; 411; 
567; 0; 2146.8316; 170; 411.2; 
567; 0; 1940.0698; 170; 411.4; 
567; 0; 1709.092; 170; 411.6; 
567; 0; 1687.2684; 170; 411.8; 
567; 0; 1687.2684; 170; 412; 
567; 0; 1687.2683; 170; 412.2; 
567; 0; 1687.2682; 170; 412.4; 
567; 0; 1687.2681; 170; 412.6; 
567; 0; 1687.268; 170; 412.8; 
567; 0; 1687.2679; 170; 413; 
567; 0; 1687.2677; 170; 413.2; 
567; 0; 1687.2675; 170; 413.4; 
567; 0; 1687.2673; 170; 413.6; 
567; 0; 1687.2671; 170; 413.8; 
567; 0; 1687.2668; 170; 414; 
567; 0; 1687.2665; 170; 414.2; 
567; 0; 1687.2662; 170; 414.4; 
567; 0; 1687.2659; 170; 414.6; 
567; 0; 1687.2655; 170; 414.8; 
567; 0; 1687.2652; 170; 415; 
567; 0; 1687.2649; 170; 415.2; 
567; 0; 1687.2645; 170; 415.4; 
567; 0; 1687.264; 170; 415.6; 
567; 0; 1687.2636; 170; 415.8; 
567; 0; 1687.2631; 170; 416; 
567; 0; 1673.7573; 170; 416.2; 
567; 0; 1673.7568; 170; 416.4; 
567; 0; 1673.7562; 170; 416.6; 
567; 0; 1673.7557; 170; 416.8; 
567; 0; 1673.7551; 170; 417; 
567; 0; 1673.7546; 170; 417.2; 
567; 0; 1673.754; 170; 417.4; 
567; 0; 1673.7535; 170; 417.6; 
567; 0; 1673.7531; 170; 417.8; 
567; 0; 1673.7526; 170; 418; 
567; 0; 1673.7521; 170; 418.2; 
567; 0; 1673.7516; 170; 418.4; 
567; 0; 1673.7511; 170; 418.6; 
567; 0; 1673.7506; 170; 418.8; 
567; 0; 1673.7501; 170; 419; 
567; 0; 1673.7496; 170; 419.2; 
567; 0; 1673.7491; 170; 419.4; 
567; 0; 1673.7485; 170; 419.6; 
567; 0; 1673.748; 170; 419.8; 
567; 0; 1673.7475; 170; 420; 
567; 0; 1673.7469; 170; 420.2; 
567; 0; 1660.2291; 170; 420.4; 
567; 0; 1660.2286; 170; 420.6; 
567; 0; 1660.2281; 170; 420.8; 
567; 0; 1660.2276; 170; 421; 
567; 0; 1660.2271; 170; 421.2; 
567; 0; 1660.2266; 170; 421.4; 
567; 0; 1660.2262; 170; 421.6; 
567; 0; 1660.2257; 170; 421.8; 
567; 0; 1660.2252; 170; 422; 
567; 0; 1660.2248; 170; 422.2; 
567; 0; 1660.2243; 170; 422.4; 
567; 0; 1660.2238; 170; 422.6; 
567; 0; 1660.2233; 170; 422.8; 
567; 0; 1660.2228; 170; 423; 
567; 0; 1660.2222; 170; 423.2; 
567; 0; 1660.2217; 170; 423.4; 
567; 0; 1660.2212; 170; 423.6; 
567; 0; 1660.2207; 170; 423.8; 
567; 0; 1660.2203; 170; 424; 
567; 0; 1660.2198; 170; 424.2; 
567; 0; 1660.2194; 170; 424.4; 
567; 0; 1660.2189; 170; 424.6; 
567; 0; 1660.2184; 170; 424.8; 
567; 0; 1646.6837; 170; 425; 
567; 0; 1646.6832; 170; 425.2; 
567; 0; 1646.6827; 170; 425.4; 
567; 0; 1646.6822; 170; 425.6; 
567; 0; 1646.6817; 170; 425.8; 
567; 0; 1646.6813; 170; 426; 
567; 0; 1646.6808; 170; 426.2; 
567; 0; 1646.6804; 170; 426.4; 
567; 0; 1646.68; 170; 426.6; 
567; 0; 1646.6796; 170; 426.8; 
567; 0; 1646.6791; 170; 427; 
567; 0; 1646.6786; 170; 427.2; 
567; 0; 1646.6781; 170; 427.4; 
567; 0; 1646.6776; 170; 427.6; 
567; 0; 1646.6771; 170; 427.8; 
567; 0; 1646.6767; 170; 428; 
567; 0; 1646.6762; 170; 428.2; 
567; 0; 1646.6757; 170; 428.4; 
567; 0; 1646.6753; 170; 428.6; 
567; 0; 1646.6749; 170; 428.8; 
567; 0; 1646.6745; 170; 429; 
567; 0; 1646.674; 170; 429.2; 
567; 0; 1646.6736; 170; 429.4; 
567; 0; 1646.6731; 170; 429.6; 
567; 0; 1646.6727; 170; 429.8; 
567; 0; 1631.4821; 170; 430; 
567; 0; 1631.4817; 170; 430.2; 
567; 0; 1631.4813; 170; 430.4; 
567; 0; 1631.4808; 170; 430.6; 
567; 0; 1631.4804; 170; 430.8; 
567; 0; 1631.48; 170; 431; 
567; 0; 1631.4796; 170; 431.2; 
567; 0; 1631.4792; 170; 431.4; 
567; 0; 1631.4787; 170; 431.6; 
567; 0; 1631.4783; 170; 431.8; 
567; 0; 1631.4779; 170; 432; 
567; 0; 1631.4775; 170; 432.2; 
567; 0; 1631.4771; 170; 432.4; 
567; 0; 1631.4766; 170; 432.6; 
567; 0; 1631.4762; 170; 432.8; 
567; 0; 1631.4758; 170; 433; 
567; 0; 1631.4754; 170; 433.2; 
567; 0; 1631.4749; 170; 433.4; 
567; 0; 1631.4745; 170; 433.6; 
567; 0; 1631.4741; 170; 433.8; 
567; 0; 1631.4737; 170; 434; 
567; 0; 1631.4734; 170; 434.2; 
567; 0; 1631.473; 170; 434.4; 
567; 0; 1631.4726; 170; 434.6; 
567; 0; 1631.4721; 170; 434.8; 
567; 0; 1631.4717; 170; 435; 
567; 0; 1631.4713; 170; 435.2; 
567; 0; 1631.4709; 170; 435.4; 
567; 0; 1616.3115; 170; 435.6; 
567; 0; 1616.3111; 170; 435.8; 
567; 0; 1616.3107; 170; 436; 
567; 0; 1616.3103; 170; 436.2; 
567; 0; 1616.3099; 170; 436.4; 
567; 0; 1617.458; 170; 436.6; 
567; 0; 1628.942; 170; 436.8; 
567; 0; 1641.5744; 170; 437; 
567; 0; 1653.0584; 170; 437.2; 
567; 0; 1665.6906; 170; 437.4; 
567; 0; 1677.1744; 170; 437.6; 
567; 0; 1688.6582; 170; 437.8; 
567; 0; 1700.142; 170; 438; 
567; 0; 1711.6258; 170; 438.2; 
567; 0; 1721.9611; 170; 438.4; 
567; 0; 1732.2964; 170; 438.6; 
567; 0; 1743.9424; 170; 438.8; 
567; 0; 1754.3402; 170; 439; 
567; 0; 1764.7379; 170; 439.2; 
567; 0; 1775.1355; 170; 439.4; 
567; 0; 1784.2334; 170; 439.6; 
567; 0; 1793.3313; 170; 439.8; 
567; 0; 1801.1294; 170; 440; 
567; 0; 1808.9276; 170; 440.2; 
567; 0; 1816.7257; 170; 440.4; 
567; 0; 1824.5238; 170; 440.6; 
567; 0; 1831.0219; 170; 440.8; 
567; 0; 1837.5195; 170; 441; 
567; 0; 1844.0159; 170; 441.2; 
567; 0; 1850.5105; 170; 441.4; 
567; 0; 1854.7749; 170; 441.6; 
567; 0; 1857.9014; 170; 441.8; 
567; 0; 1862.0694; 170; 442; 
567; 0; 1865.1905; 170; 442.2; 
567; 0; 1869.3534; 170; 442.4; 
567; 0; 1873.5154; 170; 442.6; 
567; 0; 1878.7217; 170; 442.8; 
567; 0; 1886.0178; 170; 443; 
567; 0; 1893.317; 170; 443.2; 
567; 0; 1902.7083; 170; 443.4; 
567; 0; 1912.1044; 170; 443.6; 
567; 0; 1908.5315; 170; 443.8; 
567; 0; 1918.0307; 170; 444; 
567; 0; 1926.4793; 170; 444.2; 
567; 0; 1933.8759; 170; 444.4; 
567; 0; 1939.1646; 170; 444.6; 
567; 0; 1944.4527; 170; 444.8; 
567; 0; 1947.6298; 170; 445; 
567; 0; 1949.7493; 170; 445.2; 
567; 0; 1951.8651; 170; 445.4; 
567; 0; 1952.9222; 170; 445.6; 
567; 0; 1952.921; 170; 445.8; 
567; 0; 1953.9711; 170; 446; 
567; 0; 1953.9642; 170; 446.2; 
567; 0; 1955.0105; 170; 446.4; 
567; 0; 1956.0564; 170; 446.6; 
567; 0; 1958.1572; 170; 446.8; 
567; 0; 1960.2594; 170; 447; 
567; 0; 1962.3634; 170; 447.2; 
567; 0; 1965.524; 170; 447.4; 
567; 0; 1967.6323; 170; 447.6; 
567; 0; 1970.7972; 170; 447.8; 
567; 0; 1972.9093; 170; 448; 
567; 0; 1975.0225; 170; 448.2; 
567; 0; 1977.1364; 170; 448.4; 
567; 0; 1978.1958; 170; 448.6; 
567; 0; 1979.2547; 170; 448.8; 
567; 0; 1980.3128; 170; 449; 
567; 0; 1980.3152; 170; 449.2; 
567; 0; 1981.371; 170; 449.4; 
567; 0; 1981.371; 170; 449.6; 
567; 0; 1981.37; 170; 449.8; 
567; 0; 1981.3681; 170; 450; 
567; 0; 1981.3657; 170; 450.2; 
567; 0; 1981.3631; 170; 450.4; 
567; 0; 1981.3607; 170; 450.6; 
567; 0; 1982.4135; 170; 450.8; 
567; 0; 1982.4134; 170; 451; 
567; 0; 1983.4702; 170; 451.2; 
567; 0; 1984.53; 170; 451.4; 
567; 0; 1985.593; 170; 451.6; 
567; 0; 1985.6039; 170; 451.8; 
567; 0; 1985.6165; 170; 452; 
567; 0; 1984.5747; 170; 452.2; 
567; 0; 1982.4755; 170; 452.4; 
567; 0; 1979.3193; 170; 452.6; 
567; 0; 1976.1603; 170; 452.8; 
567; 0; 1972.9984; 170; 453; 
567; 0; 1968.779; 170; 453.2; 
567; 0; 1964.5571; 170; 453.4; 
567; 0; 1960.3334; 170; 453.6; 
567; 0; 1957.1633; 170; 453.8; 
567; 0; 1953.9928; 170; 454; 
567; 0; 1950.8216; 170; 454.2; 
567; 0; 1948.7064; 170; 454.4; 
567; 0; 1946.593; 170; 454.6; 
567; 0; 1944.4815; 170; 454.8; 
567; 0; 1943.4264; 170; 455; 
567; 0; 1941.3183; 170; 455.2; 
567; 0; 1940.2658; 170; 455.4; 
567; 0; 1938.1593; 170; 455.6; 
567; 0; 1937.1075; 170; 455.8; 
567; 0; 1936.0555; 170; 456; 
567; 0; 1933.9484; 170; 456.2; 
567; 0; 1932.8952; 170; 456.4; 
567; 0; 1930.7867; 170; 456.6; 
567; 0; 1929.7321; 170; 456.8; 
567; 0; 1927.6224; 170; 457; 
567; 0; 1926.5669; 170; 457.2; 
567; 0; 1924.4566; 170; 457.4; 
567; 0; 1923.4008; 170; 457.6; 
567; 0; 1922.3451; 170; 457.8; 
567; 0; 1921.2896; 170; 458; 
567; 0; 1920.2345; 170; 458.2; 
567; 0; 1919.1797; 170; 458.4; 
567; 0; 1919.1797; 170; 458.6; 
567; 0; 1918.1253; 170; 458.8; 
567; 0; 1917.071; 170; 459; 
567; 0; 1917.0715; 170; 459.2; 
567; 0; 1916.0173; 170; 459.4; 
567; 0; 1916.0177; 170; 459.6; 
567; 0; 1914.9635; 170; 459.8; 
567; 0; 1914.9638; 170; 460; 
567; 0; 1913.9094; 170; 460.2; 
567; 0; 1913.9095; 170; 460.4; 
567; 0; 1912.8549; 170; 460.6; 
567; 0; 1912.8549; 170; 460.8; 
567; 0; 1911.8002; 170; 461; 
567; 0; 1911.8002; 170; 461.2; 
567; 0; 1911.8002; 170; 461.4; 
567; 0; 1910.7457; 170; 461.6; 
567; 0; 1910.7458; 170; 461.8; 
567; 0; 1910.7459; 170; 462; 
567; 0; 1909.6914; 170; 462.2; 
567; 0; 1909.6914; 170; 462.4; 
567; 0; 1909.6915; 170; 462.6; 
567; 0; 1909.6915; 170; 462.8; 
567; 0; 1908.637; 170; 463; 
567; 0; 1908.6371; 170; 463.2; 
567; 0; 1908.6372; 170; 463.4; 
567; 0; 1908.6373; 170; 463.6; 
567; 0; 1907.5828; 170; 463.8; 
567; 0; 1907.5828; 170; 464; 
567; 0; 1907.5828; 170; 464.2; 
567; 0; 1907.5828; 170; 464.4; 
567; 0; 1907.5829; 170; 464.6; 
567; 0; 1907.583; 170; 464.8; 
567; 0; 1907.5831; 170; 465; 
567; 0; 1906.5286; 170; 465.2; 
567; 0; 1906.5286; 170; 465.4; 
567; 0; 1906.5287; 170; 465.6; 
567; 0; 1906.5287; 170; 465.8; 
567; 0; 1906.5287; 170; 466; 
567; 0; 1906.5287; 170; 466.2; 
567; 0; 1906.5288; 170; 466.4; 
567; 0; 1906.5288; 170; 466.6; 
567; 0; 1906.5289; 170; 466.8; 
567; 0; 1905.4744; 170; 467; 
567; 0; 1905.4745; 170; 467.2; 
567; 0; 1905.4746; 170; 467.4; 
567; 0; 1905.4746; 170; 467.6; 
567; 0; 1905.4747; 170; 467.8; 
567; 0; 1918.4768; 170; 468; 
567; 0; 1918.4769; 170; 468.2; 
567; 0; 1918.477; 170; 468.4; 
567; 0; 1918.477; 170; 468.6; 
567; 0; 1918.477; 170; 468.8; 
567; 0; 1917.4329; 170; 469; 
567; 0; 1917.4329; 170; 469.2; 
567; 0; 1917.4329; 170; 469.4; 
567; 0; 1916.3888; 170; 469.6; 
567; 0; 1916.3888; 170; 469.8; 
567; 0; 1916.3888; 170; 470; 
567; 0; 1915.3446; 170; 470.2; 
567; 0; 1915.3446; 170; 470.4; 
567; 0; 1914.3004; 170; 470.6; 
567; 0; 1914.3005; 170; 470.8; 
567; 0; 1913.2564; 170; 471; 
567; 0; 1913.2565; 170; 471.2; 
567; 0; 1913.2566; 170; 471.4; 
567; 0; 1912.2125; 170; 471.6; 
567; 0; 1912.2126; 170; 471.8; 
567; 0; 1911.1685; 170; 472; 
567; 0; 1911.1686; 170; 472.2; 
567; 0; 1911.1687; 170; 472.4; 
567; 0; 1910.1245; 170; 472.6; 
567; 0; 1910.1245; 170; 472.8; 
567; 0; 1909.0803; 170; 473; 
567; 0; 1909.0802; 170; 473.2; 
567; 0; 1909.0803; 170; 473.4; 
567; 0; 1909.0803; 170; 473.6; 
567; 0; 1908.0362; 170; 473.8; 
567; 0; 1908.0363; 170; 474; 
567; 0; 1908.0364; 170; 474.2; 
567; 0; 1908.0366; 170; 474.4; 
567; 0; 1908.0367; 170; 474.6; 
567; 0; 1906.9925; 170; 474.8; 
567; 0; 1906.9926; 170; 475; 
567; 0; 1906.9926; 170; 475.2; 
567; 0; 1906.9925; 170; 475.4; 
567; 0; 1906.992; 170; 475.6; 
567; 0; 1908.0347; 170; 475.8; 
567; 0; 1908.0316; 170; 476; 
567; 0; 1908.0264; 170; 476.2; 
567; 0; 1906.9743; 170; 476.4; 
567; 0; 1906.9633; 170; 476.6; 
567; 0; 1906.9497; 170; 476.8; 
567; 0; 1907.9787; 170; 477; 
567; 0; 1910.0517; 170; 477.2; 
567; 0; 1914.2143; 170; 477.4; 
567; 0; 1906.4293; 170; 477.6; 
567; 0; 1912.7491; 170; 477.8; 
567; 0; 1919.0738; 170; 478; 
567; 0; 1927.5125; 170; 478.2; 
567; 0; 1934.9017; 170; 478.4; 
567; 0; 1942.2949; 170; 478.6; 
567; 0; 1947.5823; 170; 478.8; 
567; 0; 1952.871; 170; 479; 
567; 0; 1957.1052; 170; 479.2; 
567; 0; 1959.2289; 170; 479.4; 
567; 0; 1961.3497; 170; 479.6; 
567; 0; 1962.4124; 170; 479.8; 
567; 0; 1962.4165; 170; 480; 
567; 0; 1962.4167; 170; 480.2; 
567; 0; 1962.4134; 170; 480.4; 
567; 0; 1962.4073; 170; 480.6; 
567; 0; 1962.3996; 170; 480.8; 
567; 0; 1962.3911; 170; 481; 
567; 0; 1963.4375; 170; 481.2; 
567; 0; 1964.4848; 170; 481.4; 
567; 0; 1966.5883; 170; 481.6; 
567; 0; 1968.6939; 170; 481.8; 
567; 0; 1970.8016; 170; 482; 
567; 0; 1973.9659; 170; 482.2; 
567; 0; 1976.0775; 170; 482.4; 
567; 0; 1977.1359; 170; 482.6; 
567; 0; 1979.2496; 170; 482.8; 
567; 0; 1980.309; 170; 483; 
567; 0; 1981.3681; 170; 483.2; 
567; 0; 1981.372; 170; 483.4; 
567; 0; 1981.3748; 170; 483.6; 
567; 0; 1981.3763; 170; 483.8; 
567; 0; 1981.3767; 170; 484; 
567; 0; 1981.3759; 170; 484.2; 
567; 0; 1981.3742; 170; 484.4; 
567; 0; 1981.3719; 170; 484.6; 
567; 0; 1981.3693; 170; 484.8; 
567; 0; 1981.3667; 170; 485; 
567; 0; 1981.3645; 170; 485.2; 
567; 0; 1981.3628; 170; 485.4; 
567; 0; 1982.4162; 170; 485.6; 
567; 0; 1982.4158; 170; 485.8; 
567; 0; 1983.4706; 170; 486; 
567; 0; 1983.4713; 170; 486.2; 
567; 0; 1984.527; 170; 486.4; 
567; 0; 1984.5284; 170; 486.6; 
567; 0; 1984.5298; 170; 486.8; 
567; 0; 1984.5312; 170; 487; 
567; 0; 1985.5868; 170; 487.2; 
567; 0; 1985.5876; 170; 487.4; 
567; 0; 1984.5336; 170; 487.6; 
567; 0; 1984.5338; 170; 487.8; 
567; 0; 1984.5337; 170; 488; 
567; 0; 1984.5333; 170; 488.2; 
567; 0; 1984.5327; 170; 488.4; 
567; 0; 1984.532; 170; 488.6; 
567; 0; 1984.5313; 170; 488.8; 
567; 0; 1984.5308; 170; 489; 
567; 0; 1984.5303; 170; 489.2; 
567; 0; 1984.5301; 170; 489.4; 
567; 0; 1984.53; 170; 489.6; 
567; 0; 1984.5301; 170; 489.8; 
567; 0; 1985.5848; 170; 490; 
567; 0; 1985.5851; 170; 490.2; 
567; 0; 1985.5856; 170; 490.4; 
567; 0; 1985.586; 170; 490.6; 
567; 0; 1985.5864; 170; 490.8; 
567; 0; 1985.5867; 170; 491; 
567; 0; 1985.5869; 170; 491.2; 
567; 0; 1985.587; 170; 491.4; 
567; 0; 1985.5871; 170; 491.6; 
567; 0; 1985.587; 170; 491.8; 
567; 0; 1985.587; 170; 492; 
567; 0; 1984.5324; 170; 492.2; 
567; 0; 1984.5324; 170; 492.4; 
567; 0; 1984.5323; 170; 492.6; 
567; 0; 1984.5323; 170; 492.8; 
567; 0; 1984.5323; 170; 493; 
567; 0; 1984.5323; 170; 493.2; 
567; 0; 1985.587; 170; 493.4; 
567; 0; 1985.588; 170; 493.6; 
567; 0; 1985.5907; 170; 493.8; 
567; 0; 1986.6504; 170; 494; 
567; 0; 1986.6583; 170; 494.2; 
567; 0; 1986.6687; 170; 494.4; 
567; 0; 1985.6265; 170; 494.6; 
567; 0; 1984.5834; 170; 494.8; 
567; 0; 1982.484; 170; 495; 
567; 0; 1979.3281; 170; 495.2; 
567; 0; 1976.1697; 170; 495.4; 
567; 0; 1971.9536; 170; 495.6; 
567; 0; 1967.7346; 170; 495.8; 
567; 0; 1963.5131; 170; 496; 
567; 0; 1959.2898; 170; 496.2; 
567; 0; 1956.1202; 170; 496.4; 
567; 0; 1951.8957; 170; 496.6; 
567; 0; 1948.7263; 170; 496.8; 
567; 0; 1945.5579; 170; 497; 
567; 0; 1943.4448; 170; 497.2; 
567; 0; 1941.333; 170; 497.4; 
567; 0; 1939.2228; 170; 497.6; 
567; 0; 1937.1138; 170; 497.8; 
567; 0; 1936.0603; 170; 498; 
567; 0; 1933.9527; 170; 498.2; 
567; 0; 1931.8453; 170; 498.4; 
567; 0; 1930.7923; 170; 498.6; 
567; 0; 1928.6841; 170; 498.8; 
567; 0; 1926.5756; 170; 499; 
567; 0; 1925.5213; 170; 499.2; 
567; 0; 1923.412; 170; 499.4; 
567; 0; 1922.357; 170; 499.6; 
567; 0; 1921.3019; 170; 499.8; 
567; 0; 1919.192; 170; 500; 
567; 0; 1918.1366; 170; 500.2; 
567; 0; 1917.0813; 170; 500.4; 
567; 0; 1916.026; 170; 500.6; 
567; 0; 1914.971; 170; 500.8; 
567; 0; 1913.9162; 170; 501; 
567; 0; 1913.9162; 170; 501.2; 
567; 0; 1912.8617; 170; 501.4; 
567; 0; 1911.8073; 170; 501.6; 
567; 0; 1911.8076; 170; 501.8; 
567; 0; 1910.7532; 170; 502; 
567; 0; 1910.7534; 170; 502.2; 
567; 0; 1909.699; 170; 502.4; 
567; 0; 1909.6991; 170; 502.6; 
567; 0; 1908.6446; 170; 502.8; 
567; 0; 1908.6445; 170; 503; 
567; 0; 1907.5898; 170; 503.2; 
567; 0; 1907.5897; 170; 503.4; 
567; 0; 1907.5897; 170; 503.6; 
567; 0; 1906.535; 170; 503.8; 
567; 0; 1906.535; 170; 504; 
567; 0; 1906.535; 170; 504.2; 
567; 0; 1906.535; 170; 504.4; 
567; 0; 1905.4805; 170; 504.6; 
567; 0; 1905.4806; 170; 504.8; 
567; 0; 1918.4827; 170; 505; 
567; 0; 1918.4828; 170; 505.2; 
567; 0; 1918.4829; 170; 505.4; 
567; 0; 1917.4387; 170; 505.6; 
567; 0; 1917.4388; 170; 505.8; 
567; 0; 1917.4388; 170; 506; 
567; 0; 1916.3946; 170; 506.2; 
567; 0; 1916.3947; 170; 506.4; 
567; 0; 1916.3947; 170; 506.6; 
567; 0; 1915.3505; 170; 506.8; 
567; 0; 1915.3505; 170; 507; 
567; 0; 1914.3062; 170; 507.2; 
567; 0; 1914.3061; 170; 507.4; 
567; 0; 1913.2619; 170; 507.6; 
567; 0; 1913.2618; 170; 507.8; 
567; 0; 1912.2176; 170; 508; 
567; 0; 1912.2177; 170; 508.2; 
567; 0; 1911.1737; 170; 508.4; 
567; 0; 1911.1739; 170; 508.6; 
567; 0; 1911.1741; 170; 508.8; 
567; 0; 1910.13; 170; 509; 
567; 0; 1910.1301; 170; 509.2; 
567; 0; 1909.0859; 170; 509.4; 
567; 0; 1909.0859; 170; 509.6; 
567; 0; 1909.0859; 170; 509.8; 
567; 0; 1908.0417; 170; 510; 
567; 0; 1908.0417; 170; 510.2; 
567; 0; 1908.0417; 170; 510.4; 
567; 0; 1906.9975; 170; 510.6; 
567; 0; 1906.9976; 170; 510.8; 
567; 0; 1906.9976; 170; 511; 
567; 0; 1906.9976; 170; 511.2; 
567; 0; 1905.9533; 170; 511.4; 
567; 0; 1905.9533; 170; 511.6; 
567; 0; 1905.9533; 170; 511.8; 
567; 0; 1905.9533; 170; 512; 
567; 0; 1905.9534; 170; 512.2; 
567; 0; 1905.9534; 170; 512.4; 
567; 0; 1904.9093; 170; 512.6; 
567; 0; 1904.9093; 170; 512.8; 
567; 0; 1904.9094; 170; 513; 
567; 0; 1904.9094; 170; 513.2; 
567; 0; 1904.9095; 170; 513.4; 
567; 0; 1904.9095; 170; 513.6; 
567; 0; 1904.9096; 170; 513.8; 
567; 0; 1904.9096; 170; 514; 
567; 0; 1904.9097; 170; 514.2; 
567; 0; 1903.8655; 170; 514.4; 
567; 0; 1903.8655; 170; 514.6; 
567; 0; 1903.8655; 170; 514.8; 
567; 0; 1903.8655; 170; 515; 
567; 0; 1903.8655; 170; 515.2; 
567; 0; 1903.8655; 170; 515.4; 
567; 0; 1903.8655; 170; 515.6; 
567; 0; 1903.8654; 170; 515.8; 
567; 0; 1903.8654; 170; 516; 
567; 0; 1903.8654; 170; 516.2; 
567; 0; 1903.8654; 170; 516.4; 
567; 0; 1903.8654; 170; 516.6; 
567; 0; 1903.8654; 170; 516.8; 
567; 0; 1903.8655; 170; 517; 
567; 0; 1903.8655; 170; 517.2; 
567; 0; 1903.8656; 170; 517.4; 
567; 0; 1903.8656; 170; 517.6; 
567; 0; 1903.8657; 170; 517.8; 
567; 0; 1903.8657; 170; 518; 
567; 0; 1902.8216; 170; 518.2; 
567; 0; 1902.8216; 170; 518.4; 
567; 0; 1902.8216; 170; 518.6; 
567; 0; 1902.8216; 170; 518.8; 
567; 0; 1902.8216; 170; 519; 
567; 0; 1902.8216; 170; 519.2; 
567; 0; 1902.8216; 170; 519.4; 
567; 0; 1902.8216; 170; 519.6; 
567; 0; 1902.8215; 170; 519.8; 
567; 0; 1902.8215; 170; 520; 
567; 0; 1902.8215; 170; 520.2; 
567; 0; 1902.8215; 170; 520.4; 
567; 0; 1902.8215; 170; 520.6; 
567; 0; 1902.8215; 170; 520.8; 
567; 0; 1902.8215; 170; 521; 
567; 0; 1902.8215; 170; 521.2; 
567; 0; 1902.8216; 170; 521.4; 
567; 0; 1902.8216; 170; 521.6; 
567; 0; 1902.8216; 170; 521.8; 
567; 0; 1902.8217; 170; 522; 
567; 0; 1902.8217; 170; 522.2; 
567; 0; 1902.8218; 170; 522.4; 
567; 0; 1902.8218; 170; 522.6; 
567; 0; 1902.8219; 170; 522.8; 
567; 0; 1902.8218; 170; 523; 
567; 0; 1902.8218; 170; 523.2; 
567; 0; 1902.8218; 170; 523.4; 
567; 0; 1902.8218; 170; 523.6; 
567; 0; 1902.8218; 170; 523.8; 
567; 0; 1902.8218; 170; 524; 
567; 0; 1902.8219; 170; 524.2; 
567; 0; 1902.8219; 170; 524.4; 
567; 0; 1902.8219; 170; 524.6; 
567; 0; 1902.8219; 170; 524.8; 
567; 0; 1902.8219; 170; 525; 
567; 0; 1902.8219; 170; 525.2; 
567; 0; 1902.8219; 170; 525.4; 
567; 0; 1902.8218; 170; 525.6; 
567; 0; 1902.8218; 170; 525.8; 
567; 0; 1902.8218; 170; 526; 
567; 0; 1902.8219; 170; 526.2; 
567; 0; 1902.8219; 170; 526.4; 
567; 0; 1902.822; 170; 526.6; 
567; 0; 1902.822; 170; 526.8; 
567; 0; 1902.822; 170; 527; 
567; 0; 1902.822; 170; 527.2; 
567; 0; 1902.822; 170; 527.4; 
567; 0; 1902.8221; 170; 527.6; 
567; 0; 1902.8221; 170; 527.8; 
567; 0; 1902.8221; 170; 528; 
567; 0; 1902.8221; 170; 528.2; 
567; 0; 1902.8221; 170; 528.4; 
567; 0; 1902.8221; 170; 528.6; 
567; 0; 1901.7779; 170; 528.8; 
567; 0; 1901.7779; 170; 529; 
567; 0; 1901.7779; 170; 529.2; 
567; 0; 1901.7779; 170; 529.4; 
567; 0; 1901.7779; 170; 529.6; 
567; 0; 1901.7779; 170; 529.8; 
567; 0; 1901.7779; 170; 530; 
567; 0; 1901.7779; 170; 530.2; 
567; 0; 1901.7779; 170; 530.4; 
567; 0; 1901.7779; 170; 530.6; 
567; 0; 1901.7779; 170; 530.8; 
567; 0; 1901.778; 170; 531; 
567; 0; 1901.778; 170; 531.2; 
567; 0; 1901.778; 170; 531.4; 
567; 0; 1901.7781; 170; 531.6; 
567; 0; 1901.7781; 170; 531.8; 
567; 0; 1901.7781; 170; 532; 
567; 0; 1901.7781; 170; 532.2; 
567; 0; 1901.7781; 170; 532.4; 
567; 0; 1901.7781; 170; 532.6; 
567; 0; 1901.778; 170; 532.8; 
567; 0; 1901.7781; 170; 533; 
567; 0; 1901.7781; 170; 533.2; 
567; 0; 1901.7781; 170; 533.4; 
567; 0; 1901.7782; 170; 533.6; 
567; 0; 1901.7782; 170; 533.8; 
567; 0; 1901.7782; 170; 534; 
567; 0; 1901.7782; 170; 534.2; 
567; 0; 1901.7782; 170; 534.4; 
567; 0; 1901.7782; 170; 534.6; 
567; 0; 1901.7782; 170; 534.8; 
567; 0; 1901.7782; 170; 535; 
567; 0; 1901.7782; 170; 535.2; 
567; 0; 1901.7782; 170; 535.4; 
567; 0; 1901.7782; 170; 535.6; 
567; 0; 1901.7782; 170; 535.8; 
567; 0; 1901.7782; 170; 536; 
567; 0; 1901.7782; 170; 536.2; 
567; 0; 1901.7782; 170; 536.4; 
567; 0; 1901.7782; 170; 536.6; 
567; 0; 1901.7782; 170; 536.8; 
567; 0; 1901.7782; 170; 537; 
567; 0; 1901.7783; 170; 537.2; 
567; 0; 1901.7783; 170; 537.4; 
567; 0; 1901.7783; 170; 537.6; 
567; 0; 1901.7783; 170; 537.8; 
567; 0; 1901.7783; 170; 538; 
567; 0; 1901.7783; 170; 538.2; 
567; 0; 1901.7783; 170; 538.4; 
567; 0; 1901.7783; 170; 538.6; 
567; 0; 1902.8225; 170; 538.8; 
567; 0; 1902.8224; 170; 539; 
567; 0; 1902.8222; 170; 539.2; 
567; 0; 1902.8215; 170; 539.4; 
567; 0; 1903.8641; 170; 539.6; 
567; 0; 1903.8607; 170; 539.8; 
567; 0; 1903.8552; 170; 540; 
567; 0; 1903.8474; 170; 540.2; 
567; 0; 1903.8375; 170; 540.4; 
567; 0; 1903.8257; 170; 540.6; 
567; 0; 1905.9012; 170; 540.8; 
567; 0; 1906.9323; 170; 541; 
567; 0; 1910.0525; 170; 541.2; 
567; 0; 1914.2187; 170; 541.4; 
567; 0; 1907.4923; 170; 541.6; 
567; 0; 1913.816; 170; 541.8; 
567; 0; 1920.1444; 170; 542; 
567; 0; 1927.5321; 170; 542.2; 
567; 0; 1934.9249; 170; 542.4; 
567; 0; 1941.2675; 170; 542.6; 
567; 0; 1946.5589; 170; 542.8; 
567; 0; 1949.7427; 170; 543; 
567; 0; 1952.926; 170; 543.2; 
567; 0; 1953.9969; 170; 543.4; 
567; 0; 1954.0075; 170; 543.6; 
567; 0; 1952.9592; 170; 543.8; 
567; 0; 1951.9063; 170; 544; 
567; 0; 1949.7942; 170; 544.2; 
567; 0; 1947.6782; 170; 544.4; 
567; 0; 1945.5595; 170; 544.6; 
567; 0; 1944.492; 170; 544.8; 
567; 0; 1943.4236; 170; 545; 
567; 0; 1943.4112; 170; 545.2; 
567; 0; 1944.456; 170; 545.4; 
567; 0; 1946.5591; 170; 545.6; 
567; 0; 1948.6663; 170; 545.8; 
567; 0; 1950.778; 170; 546; 
567; 0; 1952.8936; 170; 546.2; 
567; 0; 1955.0124; 170; 546.4; 
567; 0; 1956.0785; 170; 546.6; 
567; 0; 1956.0907; 170; 546.8; 
567; 0; 1956.1019; 170; 547; 
567; 0; 1955.0549; 170; 547.2; 
567; 0; 1952.9508; 170; 547.4; 
567; 0; 1950.8441; 170; 547.6; 
567; 0; 1948.7346; 170; 547.8; 
567; 0; 1946.6229; 170; 548; 
567; 0; 1944.5094; 170; 548.2; 
567; 0; 1942.3948; 170; 548.4; 
567; 0; 1940.2791; 170; 548.6; 
567; 0; 1939.2181; 170; 548.8; 
567; 0; 1938.1584; 170; 549; 
567; 0; 1937.1003; 170; 549.2; 
567; 0; 1937.0988; 170; 549.4; 
567; 0; 1937.0992; 170; 549.6; 
567; 0; 1937.1012; 170; 549.8; 
567; 0; 1936.0499; 170; 550; 
567; 0; 1936.0538; 170; 550.2; 
567; 0; 1935.0033; 170; 550.4; 
567; 0; 1935.0071; 170; 550.6; 
567; 0; 1933.9556; 170; 550.8; 
567; 0; 1932.9029; 170; 551; 
567; 0; 1931.8493; 170; 551.2; 
567; 0; 1929.7404; 170; 551.4; 
567; 0; 1928.6853; 170; 551.6; 
567; 0; 1927.6298; 170; 551.8; 
567; 0; 1926.574; 170; 552; 
567; 0; 1925.5179; 170; 552.2; 
567; 0; 1924.4618; 170; 552.4; 
567; 0; 1923.4061; 170; 552.6; 
567; 0; 1923.4054; 170; 552.8; 
567; 0; 1922.3505; 170; 553; 
567; 0; 1921.2961; 170; 553.2; 
567; 0; 1921.2966; 170; 553.4; 
567; 0; 1920.2428; 170; 553.6; 
567; 0; 1920.2437; 170; 553.8; 
567; 0; 1919.19; 170; 554; 
567; 0; 1919.1908; 170; 554.2; 
567; 0; 1918.1368; 170; 554.4; 
567; 0; 1917.0826; 170; 554.6; 
567; 0; 1917.0828; 170; 554.8; 
567; 0; 1916.0283; 170; 555; 
567; 0; 1916.0283; 170; 555.2; 
567; 0; 1914.9737; 170; 555.4; 
567; 0; 1914.9736; 170; 555.6; 
567; 0; 1913.9189; 170; 555.8; 
567; 0; 1913.9188; 170; 556; 
567; 0; 1912.8642; 170; 556.2; 
567; 0; 1912.8643; 170; 556.4; 
567; 0; 1911.8097; 170; 556.6; 
567; 0; 1911.8099; 170; 556.8; 
567; 0; 1911.81; 170; 557; 
567; 0; 1910.7556; 170; 557.2; 
567; 0; 1910.7558; 170; 557.4; 
567; 0; 1910.756; 170; 557.6; 
567; 0; 1909.7015; 170; 557.8; 
567; 0; 1909.7016; 170; 558; 
567; 0; 1909.7018; 170; 558.2; 
567; 0; 1908.6473; 170; 558.4; 
567; 0; 1908.6473; 170; 558.6; 
567; 0; 1908.6473; 170; 558.8; 
567; 0; 1907.5928; 170; 559; 
567; 0; 1907.5928; 170; 559.2; 
567; 0; 1907.5928; 170; 559.4; 
567; 0; 1907.5928; 170; 559.6; 
567; 0; 1906.5383; 170; 559.8; 
567; 0; 1906.5383; 170; 560; 
567; 0; 1906.5384; 170; 560.2; 
567; 0; 1906.5384; 170; 560.4; 
567; 0; 1906.5385; 170; 560.6; 
567; 0; 1905.484; 170; 560.8; 
567; 0; 1905.4841; 170; 561; 
567; 0; 1918.486; 170; 561.2; 
567; 0; 1918.486; 170; 561.4; 
567; 0; 1918.4861; 170; 561.6; 
567; 0; 1917.4419; 170; 561.8; 
567; 0; 1917.442; 170; 562; 
567; 0; 1917.442; 170; 562.2; 
567; 0; 1916.3978; 170; 562.4; 
567; 0; 1916.3978; 170; 562.6; 
567; 0; 1915.3536; 170; 562.8; 
567; 0; 1915.3537; 170; 563; 
567; 0; 1914.3095; 170; 563.2; 
567; 0; 1914.3095; 170; 563.4; 
567; 0; 1913.2654; 170; 563.6; 
567; 0; 1913.2654; 170; 563.8; 
567; 0; 1912.2213; 170; 564; 
567; 0; 1912.2214; 170; 564.2; 
567; 0; 1911.1773; 170; 564.4; 
567; 0; 1911.1773; 170; 564.6; 
567; 0; 1911.1774; 170; 564.8; 
567; 0; 1910.1332; 170; 565; 
567; 0; 1910.1332; 170; 565.2; 
567; 0; 1909.089; 170; 565.4; 
567; 0; 1909.089; 170; 565.6; 
567; 0; 1908.0447; 170; 565.8; 
567; 0; 1908.0448; 170; 566; 
567; 0; 1908.0448; 170; 566.2; 
567; 0; 1907.0007; 170; 566.4; 
567; 0; 1907.0007; 170; 566.6; 
567; 0; 1907.0008; 170; 566.8; 
567; 0; 1905.9567; 170; 567; 
567; 0; 1905.9568; 170; 567.2; 
567; 0; 1905.9568; 170; 567.4; 
567; 0; 1905.9569; 170; 567.6; 
567; 0; 1904.9127; 170; 567.8; 
567; 0; 1904.9127; 170; 568; 
567; 0; 1904.9127; 170; 568.2; 
567; 0; 1904.9127; 170; 568.4; 
567; 0; 1903.8685; 170; 568.6; 
567; 0; 1903.8685; 170; 568.8; 
567; 0; 1903.8685; 170; 569; 
567; 0; 1903.8685; 170; 569.2; 
567; 0; 1903.8685; 170; 569.4; 
567; 0; 1903.8685; 170; 569.6; 
567; 0; 1902.8243; 170; 569.8; 
567; 0; 1902.8244; 170; 570; 
567; 0; 1902.8244; 170; 570.2; 
567; 0; 1902.8245; 170; 570.4; 
567; 0; 1902.8245; 170; 570.6; 
567; 0; 1902.8245; 170; 570.8; 
567; 0; 1902.8245; 170; 571; 
567; 0; 1902.8245; 170; 571.2; 
567; 0; 1902.8245; 170; 571.4; 
567; 0; 1902.8245; 170; 571.6; 
567; 0; 1901.7803; 170; 571.8; 
567; 0; 1901.7803; 170; 572; 
567; 0; 1901.7803; 170; 572.2; 
567; 0; 1901.7803; 170; 572.4; 
567; 0; 1901.7803; 170; 572.6; 
567; 0; 1901.7803; 170; 572.8; 
567; 0; 1901.7803; 170; 573; 
567; 0; 1901.7803; 170; 573.2; 
567; 0; 1901.7804; 170; 573.4; 
567; 0; 1901.7805; 170; 573.6; 
567; 0; 1901.7805; 170; 573.8; 
567; 0; 1901.7806; 170; 574; 
567; 0; 1901.7806; 170; 574.2; 
567; 0; 1901.7805; 170; 574.4; 
567; 0; 1901.7805; 170; 574.6; 
567; 0; 1901.7805; 170; 574.8; 
567; 0; 1901.7805; 170; 575; 
567; 0; 1901.7805; 170; 575.2; 
567; 0; 1901.7805; 170; 575.4; 
567; 0; 1901.7805; 170; 575.6; 
567; 0; 1901.7805; 170; 575.8; 
567; 0; 1900.7363; 170; 576; 
567; 0; 1900.7364; 170; 576.2; 
567; 0; 1900.7364; 170; 576.4; 
567; 0; 1900.7365; 170; 576.6; 
567; 0; 1900.7366; 170; 576.8; 
567; 0; 1900.7366; 170; 577; 
567; 0; 1900.7365; 170; 577.2; 
567; 0; 1900.7365; 170; 577.4; 
567; 0; 1900.7364; 170; 577.6; 
567; 0; 1900.7364; 170; 577.8; 
567; 0; 1900.7364; 170; 578; 
567; 0; 1900.7364; 170; 578.2; 
567; 0; 1900.7364; 170; 578.4; 
567; 0; 1900.7364; 170; 578.6; 
567; 0; 1900.7364; 170; 578.8; 
567; 0; 1900.7364; 170; 579; 
567; 0; 1900.7364; 170; 579.2; 
567; 0; 1900.7364; 170; 579.4; 
567; 0; 1900.7364; 170; 579.6; 
567; 0; 1900.7365; 170; 579.8; 
567; 0; 1900.7365; 170; 580; 
567; 0; 1900.7365; 170; 580.2; 
567; 0; 1900.7366; 170; 580.4; 
567; 0; 1900.7366; 170; 580.6; 
567; 0; 1900.7367; 170; 580.8; 
567; 0; 1900.7366; 170; 581; 
567; 0; 1900.7366; 170; 581.2; 
567; 0; 1900.7366; 170; 581.4; 
567; 0; 1900.7365; 170; 581.6; 
567; 0; 1900.7365; 170; 581.8; 
567; 0; 1900.7365; 170; 582; 
567; 0; 1900.7365; 170; 582.2; 
567; 0; 1900.7365; 170; 582.4; 
567; 0; 1900.7365; 170; 582.6; 
567; 0; 1900.7365; 170; 582.8; 
567; 0; 1900.7366; 170; 583; 
567; 0; 1900.7366; 170; 583.2; 
567; 0; 1900.7366; 170; 583.4; 
567; 0; 1900.7366; 170; 583.6; 
567; 0; 1900.7366; 170; 583.8; 
567; 0; 1900.7366; 170; 584; 
567; 0; 1900.7366; 170; 584.2; 
567; 0; 1900.7366; 170; 584.4; 
567; 0; 1900.7366; 170; 584.6; 
567; 0; 1901.7807; 170; 584.8; 
567; 0; 1901.7801; 170; 585; 
567; 0; 1901.7787; 170; 585.2; 
567; 0; 1901.7763; 170; 585.4; 
567; 0; 1902.8155; 170; 585.6; 
567; 0; 1902.8079; 170; 585.8; 
567; 0; 1901.7533; 170; 586; 
567; 0; 1902.7842; 170; 586.2; 
567; 0; 1902.7694; 170; 586.4; 
567; 0; 1904.8425; 170; 586.6; 
567; 0; 1909.0051; 170; 586.8; 
567; 0; 1913.1704; 170; 587; 
567; 0; 1906.4334; 170; 587.2; 
567; 0; 1913.8123; 170; 587.4; 
567; 0; 1921.1964; 170; 587.6; 
567; 0; 1929.64; 170; 587.8; 
567; 0; 1935.979; 170; 588; 
567; 0; 1942.3209; 170; 588.2; 
567; 0; 1947.6098; 170; 588.4; 
567; 0; 1950.7895; 170; 588.6; 
567; 0; 1953.9676; 170; 588.8; 
567; 0; 1956.0883; 170; 589; 
567; 0; 1956.0962; 170; 589.2; 
567; 0; 1957.1546; 170; 589.4; 
567; 0; 1957.1544; 170; 589.6; 
567; 0; 1956.0964; 170; 589.8; 
567; 0; 1956.0908; 170; 590; 
567; 0; 1957.1391; 170; 590.2; 
567; 0; 1957.1333; 170; 590.4; 
567; 0; 1958.184; 170; 590.6; 
567; 0; 1960.2918; 170; 590.8; 
567; 0; 1961.3483; 170; 591; 
567; 0; 1962.4078; 170; 591.2; 
567; 0; 1963.47; 170; 591.4; 
567; 0; 1963.4792; 170; 591.6; 
567; 0; 1963.4882; 170; 591.8; 
567; 0; 1962.441; 170; 592; 
567; 0; 1960.3377; 170; 592.2; 
567; 0; 1958.2324; 170; 592.4; 
567; 0; 1956.1248; 170; 592.6; 
567; 0; 1952.9602; 170; 592.8; 
567; 0; 1949.7936; 170; 593; 
567; 0; 1947.6802; 170; 593.2; 
567; 0; 1944.5114; 170; 593.4; 
567; 0; 1942.3971; 170; 593.6; 
567; 0; 1940.2833; 170; 593.8; 
567; 0; 1939.2242; 170; 594; 
567; 0; 1937.112; 170; 594.2; 
567; 0; 1936.0561; 170; 594.4; 
567; 0; 1936.0564; 170; 594.6; 
567; 0; 1935.0033; 170; 594.8; 
567; 0; 1933.9511; 170; 595; 
567; 0; 1932.8994; 170; 595.2; 
567; 0; 1931.8475; 170; 595.4; 
567; 0; 1930.7949; 170; 595.6; 
567; 0; 1929.7419; 170; 595.8; 
567; 0; 1927.6337; 170; 596; 
567; 0; 1926.5795; 170; 596.2; 
567; 0; 1925.5249; 170; 596.4; 
567; 0; 1924.4698; 170; 596.6; 
567; 0; 1922.3598; 170; 596.8; 
567; 0; 1921.3043; 170; 597; 
567; 0; 1920.2488; 170; 597.2; 
567; 0; 1919.1935; 170; 597.4; 
567; 0; 1918.1383; 170; 597.6; 
567; 0; 1918.1381; 170; 597.8; 
567; 0; 1917.0834; 170; 598; 
567; 0; 1916.029; 170; 598.2; 
567; 0; 1916.0294; 170; 598.4; 
567; 0; 1914.9752; 170; 598.6; 
567; 0; 1914.9757; 170; 598.8; 
567; 0; 1913.9215; 170; 599; 
567; 0; 1912.8673; 170; 599.2; 
567; 0; 1912.8676; 170; 599.4; 
567; 0; 1911.8131; 170; 599.6; 
567; 0; 1911.8132; 170; 599.8; 
567; 0; 1910.7585; 170; 600; 
567; 0; 1910.7585; 170; 600.2; 
567; 0; 1909.7038; 170; 600.4; 
567; 0; 1909.7037; 170; 600.6; 
567; 0; 1908.6491; 170; 600.8; 
567; 0; 1908.6492; 170; 601; 
567; 0; 1908.6493; 170; 601.2; 
567; 0; 1907.5947; 170; 601.4; 
567; 0; 1907.5948; 170; 601.6; 
567; 0; 1907.595; 170; 601.8; 
567; 0; 1906.5404; 170; 602; 
567; 0; 1906.5406; 170; 602.2; 
567; 0; 1906.5406; 170; 602.4; 
567; 0; 1905.4861; 170; 602.6; 
567; 0; 1905.4862; 170; 602.8; 
567; 0; 1918.4879; 170; 603; 
567; 0; 1918.488; 170; 603.2; 
567; 0; 1917.4438; 170; 603.4; 
567; 0; 1917.4438; 170; 603.6; 
567; 0; 1917.4438; 170; 603.8; 
567; 0; 1916.3995; 170; 604; 
567; 0; 1916.3995; 170; 604.2; 
567; 0; 1916.3996; 170; 604.4; 
567; 0; 1915.3554; 170; 604.6; 
567; 0; 1915.3555; 170; 604.8; 
567; 0; 1914.3113; 170; 605; 
567; 0; 1914.3114; 170; 605.2; 
567; 0; 1913.2673; 170; 605.4; 
567; 0; 1912.2232; 170; 605.6; 
567; 0; 1912.2233; 170; 605.8; 
567; 0; 1911.1792; 170; 606; 
567; 0; 1911.1792; 170; 606.2; 
567; 0; 1910.135; 170; 606.4; 
567; 0; 1910.1351; 170; 606.6; 
567; 0; 1909.0909; 170; 606.8; 
567; 0; 1909.091; 170; 607; 
567; 0; 1908.0468; 170; 607.2; 
567; 0; 1908.0469; 170; 607.4; 
567; 0; 1908.0469; 170; 607.6; 
567; 0; 1907.0027; 170; 607.8; 
567; 0; 1907.0027; 170; 608; 
567; 0; 1905.9584; 170; 608.2; 
567; 0; 1905.9583; 170; 608.4; 
567; 0; 1905.9583; 170; 608.6; 
567; 0; 1904.9141; 170; 608.8; 
567; 0; 1904.9142; 170; 609; 
567; 0; 1904.9143; 170; 609.2; 
567; 0; 1904.9144; 170; 609.4; 
567; 0; 1903.8703; 170; 609.6; 
567; 0; 1903.8703; 170; 609.8; 
567; 0; 1903.8704; 170; 610; 
567; 0; 1903.8704; 170; 610.2; 
567; 0; 1902.8262; 170; 610.4; 
567; 0; 1902.8262; 170; 610.6; 
567; 0; 1902.8262; 170; 610.8; 
567; 0; 1902.8262; 170; 611; 
567; 0; 1902.8262; 170; 611.2; 
567; 0; 1902.8263; 170; 611.4; 
567; 0; 1902.8264; 170; 611.6; 
567; 0; 1901.7822; 170; 611.8; 
567; 0; 1901.7823; 170; 612; 
567; 0; 1901.7822; 170; 612.2; 
567; 0; 1901.7822; 170; 612.4; 
567; 0; 1901.7821; 170; 612.6; 
567; 0; 1901.7821; 170; 612.8; 
567; 0; 1901.7821; 170; 613; 
567; 0; 1901.7821; 170; 613.2; 
567; 0; 1901.7822; 170; 613.4; 
567; 0; 1901.7822; 170; 613.6; 
567; 0; 1900.738; 170; 613.8; 
567; 0; 1900.738; 170; 614; 
567; 0; 1900.7381; 170; 614.2; 
567; 0; 1900.7381; 170; 614.4; 
567; 0; 1900.7381; 170; 614.6; 
567; 0; 1900.7381; 170; 614.8; 
567; 0; 1900.738; 170; 615; 
567; 0; 1900.738; 170; 615.2; 
567; 0; 1900.738; 170; 615.4; 
567; 0; 1900.738; 170; 615.6; 
567; 0; 1900.738; 170; 615.8; 
567; 0; 1900.7381; 170; 616; 
567; 0; 1900.7382; 170; 616.2; 
567; 0; 1900.7382; 170; 616.4; 
567; 0; 1900.7383; 170; 616.6; 
567; 0; 1900.7383; 170; 616.8; 
567; 0; 1900.7383; 170; 617; 
567; 0; 1900.7384; 170; 617.2; 
567; 0; 1900.7384; 170; 617.4; 
567; 0; 1899.6941; 170; 617.6; 
567; 0; 1899.6941; 170; 617.8; 
567; 0; 1899.694; 170; 618; 
567; 0; 1899.694; 170; 618.2; 
567; 0; 1899.6939; 170; 618.4; 
567; 0; 1899.6939; 170; 618.6; 
567; 0; 1899.6939; 170; 618.8; 
567; 0; 1899.6939; 170; 619; 
567; 0; 1899.694; 170; 619.2; 
567; 0; 1899.694; 170; 619.4; 
567; 0; 1899.694; 170; 619.6; 
567; 0; 1899.694; 170; 619.8; 
567; 0; 1899.6941; 170; 620; 
567; 0; 1899.6941; 170; 620.2; 
567; 0; 1899.6942; 170; 620.4; 
567; 0; 1899.6942; 170; 620.6; 
567; 0; 1899.6942; 170; 620.8; 
567; 0; 1899.6941; 170; 621; 
567; 0; 1899.6941; 170; 621.2; 
567; 0; 1899.6941; 170; 621.4; 
567; 0; 1899.6941; 170; 621.6; 
567; 0; 1899.6941; 170; 621.8; 
567; 0; 1899.6941; 170; 622; 
567; 0; 1899.6941; 170; 622.2; 
567; 0; 1899.6941; 170; 622.4; 
567; 0; 1899.6941; 170; 622.6; 
567; 0; 1899.6941; 170; 622.8; 
567; 0; 1899.6941; 170; 623; 
567; 0; 1899.6941; 170; 623.2; 
567; 0; 1899.6941; 170; 623.4; 
567; 0; 1899.6942; 170; 623.6; 
567; 0; 1899.6942; 170; 623.8; 
567; 0; 1899.6943; 170; 624; 
567; 0; 1899.6943; 170; 624.2; 
567; 0; 1899.6942; 170; 624.4; 
567; 0; 1899.6942; 170; 624.6; 
567; 0; 1899.6941; 170; 624.8; 
567; 0; 1899.6941; 170; 625; 
567; 0; 1899.6941; 170; 625.2; 
567; 0; 1899.6941; 170; 625.4; 
567; 0; 1899.6942; 170; 625.6; 
567; 0; 1899.6942; 170; 625.8; 
567; 0; 1899.6943; 170; 626; 
567; 0; 1899.6943; 170; 626.2; 
567; 0; 1899.6943; 170; 626.4; 
567; 0; 1899.6943; 170; 626.6; 
567; 0; 1899.6943; 170; 626.8; 
567; 0; 1899.6943; 170; 627; 
567; 0; 1899.6942; 170; 627.2; 
567; 0; 1899.6941; 170; 627.4; 
567; 0; 1899.6941; 170; 627.6; 
567; 0; 1899.694; 170; 627.8; 
567; 0; 1899.6941; 170; 628; 
567; 0; 1899.6941; 170; 628.2; 
567; 0; 1899.6942; 170; 628.4; 
567; 0; 1899.6943; 170; 628.6; 
567; 0; 1899.6944; 170; 628.8; 
567; 0; 1899.6944; 170; 629; 
567; 0; 1899.6945; 170; 629.2; 
567; 0; 1899.6944; 170; 629.4; 
567; 0; 1898.6501; 170; 629.6; 
567; 0; 1898.6501; 170; 629.8; 
567; 0; 1898.65; 0; 630; 
567; 0; 0; 0; 630.2; 
567; 0; 0; 0; 630.4; 
567; 0; 0; 0; 630.6; 
567; 0; 0; 0; 630.8; 
567; 0; 0; 0; 631; 
567; 0; 0; 0; 631.2; 
567; 0; 0; 0; 631.4; 
567; 0; 0; 0; 631.6; 
567; 0; 0; 0; 631.8; 
567; 0; 0; 0; 632; 
567; 0; 0; 0; 632.2; 
567; 0; 0; 0; 632.4; 
567; 0; 0; 0; 632.6; 
567; 0; 0; 0; 632.8; 
567; 0; 0; 0; 633; 
567; 0; 0; 0; 633.2; 
567; 0; 0; 0; 633.4; 
567; 0; 0; 0; 633.6; 
567; 0; 0; 0; 633.8; 
567; 0; 0; 0; 634; 
567; 0; 0; 0; 634.2; 
567; 0; 0; 0; 634.4; 
567; 0; 0; 0; 634.6; 
567; 0; 0; 0; 634.8; 
567; 0; 0; 0; 635; 
567; 0; 0; 0; 635.2; 
567; 0; 0; 0; 635.4; 
567; 0; 0; 0; 635.6; 
567; 0; 0; 0; 635.8; 
567; 0; 0; 0; 636; 
567; 0; 0; 0; 636.2; 
567; 0; 0; 0; 636.4; 
567; 0; 0; 0; 636.6; 
567; 0; 0; 0; 636.8; 
567; 0; 0; 0; 637; 
567; 0; 0; 0; 637.2; 
567; 0; 0; 0; 637.4; 
567; 0; 0; 0; 637.6; 
567; 0; 0; 0; 637.8; 
567; 0; 0; 0; 638; 
567; 0; 0; 0; 638.2; 
567; 0; 0; 0; 638.4; 
567; 0; 0; 0; 638.6; 
567; 0; 0; 0; 638.8; 
567; 0; 0; 0; 639; 
567; 0; 0; 0; 639.2; 
567; 0; 0; 0; 639.4; 
567; 0; 0; 0; 639.6; 
567; 0; 0; 0; 639.8; 
567; 0; 0; 0; 640; 
567; 0; 0; 0; 640.2; 
567; 0; 0; 0; 640.4; 
567; 0; 0; 0; 640.6; 
567; 0; 0; 0; 640.8; 
567; 0; 0; 0; 641; 
567; 0; 0; 0; 641.2; 
567; 0; 0; 0; 641.4; 
567; 0; 0; 0; 641.6; 
567; 0; 0; 0; 641.8; 
567; 0; 0; 0; 642; 
567; 0; 0; 0; 642.2; 
567; 0; 0; 0; 642.4; 
567; 0; 0; 0; 642.6; 
567; 0; 0; 0; 642.8; 
567; 0; 0; 0; 643; 
567; 0; 0; 0; 643.2; 
567; 0; 0; 0; 643.4; 
567; 0; 0; 0; 643.6; 
567; 0; 0; 0; 643.8; 
567; 0; 0; 0; 644; 
567; 0; 0; 0; 644.2; 
567; 0; 0; 0; 644.4; 
567; 0; 0; 0; 644.6; 
567; 0; 0; 0; 644.8; 
567; 0; 0; 0; 645; 
567; 0; 0; 0; 645.2; 
567; 0; 0; 0; 645.4; 
567; 0; 0; 0; 645.6; 
567; 0; 0; 0; 645.8; 
567; 0; 0; 0; 646; 
567; 0; 0; 0; 646.2; 
567; 0; 0; 0; 646.4; 
567; 0; 0; 0; 646.6; 
567; 0; 0; 0; 646.8; 
567; 0; 0; 0; 647; 
567; 0; 0; 0; 647.2; 
567; 0; 0; 0; 647.4; 
567; 0; 0; 0; 647.6; 
567; 0; 0; 0; 647.8; 
567; 0; 0; 0; 648; 
567; 0; 0; 0; 648.2; 
567; 0; 0; 0; 648.4; 
567; 0; 0; 0; 648.6; 
567; 0; 0; 0; 648.8; 
567; 0; 0; 0; 649; 
567; 0; 0; 0; 649.2; 
567; 0; 0; 0; 649.4; 
567; 0; 0; 0; 649.6; 
567; 0; 0; 0; 649.8; 
567; 0; 0; 0; 650; 
567; 0; 0; 0; 650.2; 
567; 0; 0; 0; 650.4; 
567; 0; 0; 0; 650.6; 
567; 0; 0; 0; 650.8; 
567; 0; 0; 0; 651; 
567; 0; 0; 0; 651.2; 
567; 0; 0; 0; 651.4; 
567; 0; 0; 0; 651.6; 
567; 0; 0; 0; 651.8; 
567; 0; 0; 0; 652; 
567; 0; 0; 0; 652.2; 
567; 0; 0; 0; 652.4; 
567; 0; 0; 0; 652.6; 
567; 0; 0; 0; 652.8; 
567; 0; 0; 0; 653; 
567; 0; 0; 0; 653.2; 
567; 0; 0; 0; 653.4; 
567; 0; 0; 0; 653.6; 
567; 0; 0; 0; 653.8; 
567; 0; 0; 0; 654; 
567; 0; 0; 0; 654.2; 
567; 0; 0; 0; 654.4; 
567; 0; 0; 0; 654.6; 
567; 0; 0; 0; 654.8; 
567; 0; 0; 0; 655; 
567; 0; 0; 0; 655.2; 
567; 0; 0; 0; 655.4; 
567; 0; 0; 0; 655.6; 
567; 0; 0; 0; 655.8; 
567; 0; 0; 0; 656; 
567; 0; 0; 0; 656.2; 
567; 0; 0; 0; 656.4; 
567; 0; 0; 0; 656.6; 
567; 0; 0; 0; 656.8; 
567; 0; 0; 0; 657; 
567; 0; 0; 0; 657.2; 
567; 0; 0; 0; 657.4; 
567; 0; 0; 0; 657.6; 
567; 0; 0; 0; 657.8; 
567; 0; 0; 0; 658; 
567; 0; 0; 0; 658.2; 
567; 0; 0; 0; 658.4; 
567; 0; 0; 0; 658.6; 
567; 0; 0; 0; 658.8; 
567; 0; 0; 0; 659; 
567; 0; 0; 0; 659.2; 
567; 0; 0; 0; 659.4; 
567; 0; 0; 0; 659.6; 
567; 0; 0; 0; 659.8; 
567; 0; 0; 0; 660; 
567; 0; 0; 0; 660.2; 
567; 0; 0; 0; 660.4; 
567; 0; 0; 0; 660.6; 
567; 0; 0; 0; 660.8; 
567; 0; 0; 0; 661; 
567; 0; 0; 0; 661.2; 
567; 0; 0; 0; 661.4; 
567; 0; 0; 0; 661.6; 
567; 0; 0; 0; 661.8; 
567; 0; 0; 0; 662; 
567; 0; 0; 0; 662.2; 
567; 0; 0; 0; 662.4; 
567; 0; 0; 0; 662.6; 
567; 0; 0; 0; 662.8; 
567; 0; 0; 0; 663; 
567; 0; 0; 0; 663.2; 
567; 0; 0; 0; 663.4; 
567; 0; 0; 0; 663.6; 
567; 0; 0; 0; 663.8; 
567; 0; 0; 0; 664; 
567; 0; 0; 0; 664.2; 
567; 0; 0; 0; 664.4; 
567; 0; 0; 0; 664.6; 
567; 0; 0; 0; 664.8; 
567; 0; 0; 0; 665; 
567; 0; 0; 0; 665.2; 
567; 0; 0; 0; 665.4; 
567; 0; 0; 0; 665.6; 
567; 0; 0; 0; 665.8; 
567; 0; 0; 0; 666; 
567; 0; 0; 0; 666.2; 
567; 0; 0; 0; 666.4; 
567; 0; 0; 0; 666.6; 
567; 0; 0; 0; 666.8; 
567; 0; 0; 0; 667; 
567; 0; 0; 0; 667.2; 
567; 0; 0; 0; 667.4; 
567; 0; 0; 0; 667.6; 
567; 0; 0; 0; 667.8; 
567; 0; 0; 0; 668; 
567; 0; 0; 0; 668.2; 
567; 0; 0; 0; 668.4; 
567; 0; 0; 0; 668.6; 
567; 0; 0; 0; 668.8; 
567; 0; 0; 0; 669; 
567; 0; 0; 0; 669.2; 
567; 0; 0; 0; 669.4; 
567; 0; 0; 0; 669.6; 
567; 0; 0; 0; 669.8; 
567; 0; 0; 0; 670; 
567; 0; 0; 0; 670.2; 
567; 0; 0; 0; 670.4; 
567; 0; 0; 0; 670.6; 
567; 0; 0; 0; 670.8; 
567; 0; 0; 0; 671; 
567; 0; 0; 0; 671.2; 
567; 0; 0; 0; 671.4; 
567; 0; 0; 0; 671.6; 
567; 0; 0; 0; 671.8; 
567; 0; 0; 0; 672; 
567; 0; 0; 0; 672.2; 
567; 0; 0; 0; 672.4; 
567; 0; 0; 0; 672.6; 
567; 0; 0; 0; 672.8; 
567; 0; 0; 0; 673; 
567; 0; 0; 0; 673.2; 
567; 0; 0; 0; 673.4; 
567; 0; 0; 0; 673.6; 
567; 0; 0; 0; 673.8; 
567; 0; 0; 0; 674; 
567; 0; 0; 0; 674.2; 
567; 0; 0; 0; 674.4; 
567; 0; 0; 0; 674.6; 
567; 0; 0; 0; 674.8; 
567; 0; 0; 0; 675; 
567; 0; 0; 0; 675.2; 
567; 0; 0; 0; 675.4; 
567; 0; 0; 0; 675.6; 
567; 0; 0; 0; 675.8; 
567; 0; 0; 0; 676; 
567; 0; 0; 0; 676.2; 
567; 0; 0; 0; 676.4; 
567; 0; 0; 0; 676.6; 
567; 0; 0; 0; 676.8; 
567; 0; 0; 0; 677; 
567; 0; 0; 0; 677.2; 
567; 0; 0; 0; 677.4; 
567; 0; 0; 0; 677.6; 
567; 0; 0; 0; 677.8; 
567; 0; 0; 0; 678; 
567; 0; 0; 0; 678.2; 
567; 0; 0; 0; 678.4; 
567; 0; 0; 0; 678.6; 
567; 0; 0; 0; 678.8; 
567; 0; 0; 0; 679; 
567; 0; 0; 0; 679.2; 
567; 0; 0; 0; 679.4; 
567; 0; 0; 0; 679.6; 
567; 0; 0; 0; 679.8; 
567; 0; 0; 0; 680; 
567; 0; 0; 0; 680.2; 
567; 0; 0; 0; 680.4; 
567; 0; 0; 0; 680.6; 
567; 0; 0; 0; 680.8; 
567; 0; 0; 0; 681; 
567; 0; 0; 0; 681.2; 
567; 0; 0; 0; 681.4; 
567; 0; 0; 0; 681.6; 
567; 0; 0; 0; 681.8; 
567; 0; 0; 0; 682; 
567; 0; 0; 0; 682.2; 
567; 0; 0; 0; 682.4; 
567; 0; 0; 0; 682.6; 
567; 0; 0; 0; 682.8; 
567; 0; 0; 0; 683; 
567; 0; 0; 0; 683.2; 
567; 0; 0; 0; 683.4; 
567; 0; 0; 0; 683.6; 
567; 0; 0; 0; 683.8; 
567; 0; 0; 0; 684; 
567; 0; 0; 0; 684.2; 
567; 0; 0; 0; 684.4; 
567; 0; 0; 0; 684.6; 
567; 0; 0; 0; 684.8; 
567; 0; 0; 0; 685; 
567; 0; 0; 0; 685.2; 
567; 0; 0; 0; 685.4; 
567; 0; 0; 0; 685.6; 
567; 0; 0; 0; 685.8; 
567; 0; 0; 0; 686; 
567; 0; 0; 0; 686.2; 
567; 0; 0; 0; 686.4; 
567; 0; 0; 0; 686.6; 
567; 0; 0; 0; 686.8; 
567; 0; 0; 0; 687; 
567; 0; 0; 0; 687.2; 
567; 0; 0; 0; 687.4; 
567; 0; 0; 0; 687.6; 
567; 0; 0; 0; 687.8; 
567; 0; 0; 0; 688; 
567; 0; 0; 0; 688.2; 
567; 0; 0; 0; 688.4; 
567; 0; 0; 0; 688.6; 
567; 0; 0; 0; 688.8; 
567; 0; 0; 0; 689; 
567; 0; 0; 0; 689.2; 
567; 0; 0; 0; 689.4; 
567; 0; 0; 0; 689.6; 
567; 0; 0; 0; 689.8; 
567; 0; 0; 0; 690; 
567; 0; 0; 0; 690.2; 
567; 0; 0; 0; 690.4; 
567; 0; 0; 0; 690.6; 
567; 0; 0; 0; 690.8; 
567; 0; 0; 0; 691; 
567; 0; 0; 0; 691.2; 
567; 0; 0; 0; 691.4; 
567; 0; 0; 0; 691.6; 
567; 0; 0; 0; 691.8; 
567; 0; 0; 0; 692; 
567; 0; 0; 0; 692.2; 
567; 0; 0; 0; 692.4; 
567; 0; 0; 0; 692.6; 
567; 0; 0; 0; 692.8; 
567; 0; 0; 0; 693; 
567; 0; 0; 0; 693.2; 
567; 0; 0; 0; 693.4; 
567; 0; 0; 0; 693.6; 
567; 0; 0; 0; 693.8; 
567; 0; 0; 0; 694; 
567; 0; 0; 0; 694.2; 
567; 0; 0; 0; 694.4; 
567; 0; 0; 0; 694.6; 
567; 0; 0; 0; 694.8; 
567; 0; 0; 0; 695; 
567; 0; 0; 0; 695.2; 
567; 0; 0; 0; 695.4; 
567; 0; 0; 0; 695.6; 
567; 0; 0; 0; 695.8; 
567; 0; 0; 0; 696; 
567; 0; 0; 0; 696.2; 
567; 0; 0; 0; 696.4; 
567; 0; 0; 0; 696.6; 
567; 0; 0; 0; 696.8; 
567; 0; 0; 0; 697; 
567; 0; 0; 0; 697.2; 
567; 0; 0; 0; 697.4; 
567; 0; 0; 0; 697.6; 
567; 0; 0; 0; 697.8; 
567; 0; 0; 0; 698; 
567; 0; 0; 0; 698.2; 
567; 0; 0; 0; 698.4; 
567; 0; 0; 0; 698.6; 
567; 0; 0; 0; 698.8; 
567; 0; 0; 0; 699; 
567; 0; 0; 0; 699.2; 
567; 0; 0; 0; 699.4; 
567; 0; 0; 0; 699.6; 
567; 0; 0; 0; 699.8; 
567; 0; 0; 0; 700; 
567; 0; 0; 0; 700.2; 
567; 0; 0; 0; 700.4; 
567; 0; 0; 0; 700.6; 
567; 0; 0; 0; 700.8; 
567; 0; 0; 0; 701; 
567; 0; 0; 0; 701.2; 
567; 0; 0; 0; 701.4; 
567; 0; 0; 0; 701.6; 
567; 0; 0; 0; 701.8; 
567; 0; 0; 0; 702; 
567; 0; 0; 0; 702.2; 
567; 0; 0; 0; 702.4; 
567; 0; 0; 0; 702.6; 
567; 0; 0; 0; 702.8; 
567; 0; 0; 0; 703; 
567; 0; 0; 0; 703.2; 
567; 0; 0; 0; 703.4; 
567; 0; 0; 0; 703.6; 
567; 0; 0; 0; 703.8; 
567; 0; 0; 0; 704; 
567; 0; 0; 0; 704.2; 
567; 0; 0; 0; 704.4; 
567; 0; 0; 0; 704.6; 
567; 0; 0; 0; 704.8; 
567; 0; 0; 0; 705; 
567; 0; 0; 0; 705.2; 
567; 0; 0; 0; 705.4; 
567; 0; 0; 0; 705.6; 
567; 0; 0; 0; 705.8; 
567; 0; 0; 0; 706; 
567; 0; 0; 0; 706.2; 
567; 0; 0; 0; 706.4; 
567; 0; 0; 0; 706.6; 
567; 0; 0; 0; 706.8; 
567; 0; 0; 0; 707; 
567; 0; 0; 0; 707.2; 
567; 0; 0; 0; 707.4; 
567; 0; 0; 0; 707.6; 
567; 0; 0; 0; 707.8; 
567; 0; 0; 0; 708; 
567; 0; 0; 0; 708.2; 
567; 0; 0; 0; 708.4; 
567; 0; 0; 0; 708.6; 
567; 0; 0; 0; 708.8; 
567; 0; 0; 0; 709; 
567; 0; 0; 0; 709.2; 
567; 0; 0; 0; 709.4; 
567; 0; 0; 0; 709.6; 
567; 0; 0; 0; 709.8; 
567; 0; 0; 0; 710; 
567; 0; 0; 0; 710.2; 
567; 0; 0; 0; 710.4; 
567; 0; 0; 0; 710.6; 
567; 0; 0; 0; 710.8; 
567; 0; 0; 0; 711; 
567; 0; 0; 0; 711.2; 
567; 0; 0; 0; 711.4; 
567; 0; 0; 0; 711.6; 
567; 0; 0; 0; 711.8; 
567; 0; 0; 0; 712; 
567; 0; 0; 0; 712.2; 
567; 0; 0; 0; 712.4; 
567; 0; 0; 0; 712.6; 
567; 0; 0; 0; 712.8; 
567; 0; 0; 0; 713; 
567; 0; 0; 0; 713.2; 
567; 0; 0; 0; 713.4; 
567; 0; 0; 0; 713.6; 
567; 0; 0; 0; 713.8; 
567; 0; 0; 0; 714; 
567; 0; 0; 0; 714.2; 
567; 0; 0; 0; 714.4; 
567; 0; 0; 0; 714.6; 
567; 0; 0; 0; 714.8; 
567; 0; 0; 0; 715; 
567; 0; 0; 0; 715.2; 
567; 0; 0; 0; 715.4; 
567; 0; 0; 0; 715.6; 
567; 0; 0; 0; 715.8; 
567; 0; 0; 0; 716; 
567; 0; 0; 0; 716.2; 
567; 0; 0; 0; 716.4; 
567; 0; 0; 0; 716.6; 
567; 0; 0; 0; 716.8; 
567; 0; 0; 0; 717; 
567; 0; 0; 0; 717.2; 
567; 0; 0; 0; 717.4; 
567; 0; 0; 0; 717.6; 
567; 0; 0; 0; 717.8; 
567; 0; 0; 0; 718; 
567; 0; 0; 0; 718.2; 
567; 0; 0; 0; 718.4; 
567; 0; 0; 0; 718.6; 
567; 0; 0; 0; 718.8; 
567; 0; 0; 0; 719; 
567; 0; 0; 0; 719.2; 
567; 0; 0; 0; 719.4; 
567; 0; 0; 0; 719.6; 
567; 0; 0; 0; 719.8; 
567; 0; 0; 0; 720; 
567; 0; 0; 0; 720.2; 
567; 0; 0; 0; 720.4; 
567; 0; 0; 0; 720.6; 
567; 0; 0; 0; 720.8; 
567; 0; 0; 0; 721; 
567; 0; 0; 0; 721.2; 
567; 0; 0; 0; 721.4; 
567; 0; 0; 0; 721.6; 
567; 0; 0; 0; 721.8; 
567; 0; 0; 0; 722; 
567; 0; 0; 0; 722.2; 
567; 0; 0; 0; 722.4; 
567; 0; 0; 0; 722.6; 
567; 0; 0; 0; 722.8; 
567; 0; 0; 0; 723; 
567; 0; 0; 0; 723.2; 
567; 0; 0; 0; 723.4; 
567; 0; 0; 0; 723.6; 
567; 0; 0; 0; 723.8; 
567; 0; 0; 0; 724; 
567; 0; 0; 0; 724.2; 
567; 0; 0; 0; 724.4; 
567; 0; 0; 0; 724.6; 
567; 0; 0; 0; 724.8; 
567; 0; 0; 0; 725; 
567; 0; 0; 0; 725.2; 
567; 0; 0; 0; 725.4; 
567; 0; 0; 0; 725.6; 
567; 0; 0; 0; 725.8; 
567; 0; 0; 0; 726; 
567; 0; 0; 0; 726.2; 
567; 0; 0; 0; 726.4; 
567; 0; 0; 0; 726.6; 
567; 0; 0; 0; 726.8; 
567; 0; 0; 0; 727; 
567; 0; 0; 0; 727.2; 
567; 0; 0; 0; 727.4; 
567; 0; 0; 0; 727.6; 
567; 0; 0; 0; 727.8; 
567; 0; 0; 0; 728; 
567; 0; 0; 0; 728.2; 
567; 0; 0; 0; 728.4; 
567; 0; 0; 0; 728.6; 
567; 0; 0; 0; 728.8; 
567; 0; 0; 0; 729; 
567; 0; 0; 0; 729.2; 
567; 0; 0; 0; 729.4; 
567; 0; 0; 0; 729.6; 
567; 0; 0; 0; 729.8; 
567; 0; 0; 0; 730; 
567; 0; 0; 0; 730.2; 
567; 0; 0; 0; 730.4; 
567; 0; 0; 0; 730.6; 
567; 0; 0; 0; 730.8; 
567; 0; 0; 0; 731; 
567; 0; 0; 0; 731.2; 
567; 0; 0; 0; 731.4; 
567; 0; 0; 0; 731.6; 
567; 0; 0; 0; 731.8; 
567; 0; 0; 0; 732; 
567; 0; 0; 0; 732.2; 
567; 0; 0; 0; 732.4; 
567; 0; 0; 0; 732.6; 
567; 0; 0; 0; 732.8; 
567; 0; 0; 0; 733; 
567; 0; 0; 0; 733.2; 
567; 0; 0; 0; 733.4; 
567; 0; 0; 0; 733.6; 
567; 0; 0; 0; 733.8; 
567; 0; 0; 0; 734; 
567; 0; 0; 0; 734.2; 
567; 0; 0; 0; 734.4; 
567; 0; 0; 0; 734.6; 
567; 0; 0; 0; 734.8; 
567; 0; 0; 0; 735; 
567; 0; 0; 0; 735.2; 
567; 0; 0; 0; 735.4; 
567; 0; 0; 0; 735.6; 
567; 0; 0; 0; 735.8; 
567; 0; 0; 0; 736; 
567; 0; 0; 0; 736.2; 
567; 0; 0; 0; 736.4; 
567; 0; 0; 0; 736.6; 
567; 0; 0; 0; 736.8; 
567; 0; 0; 0; 737; 
567; 0; 0; 0; 737.2; 
567; 0; 0; 0; 737.4; 
567; 0; 0; 0; 737.6; 
567; 0; 0; 0; 737.8; 
567; 0; 0; 0; 738; 
567; 0; 0; 0; 738.2; 
567; 0; 0; 0; 738.4; 
567; 0; 0; 0; 738.6; 
567; 0; 0; 0; 738.8; 
567; 0; 0; 0; 739; 
567; 0; 0; 0; 739.2; 
567; 0; 0; 0; 739.4; 
567; 0; 0; 0; 739.6; 
567; 0; 0; 0; 739.8; 
567; 0; 0; 0; 740; 
567; 0; 0; 0; 740.2; 
567; 0; 0; 0; 740.4; 
567; 0; 0; 0; 740.6; 
567; 0; 0; 0; 740.8; 
567; 0; 0; 0; 741; 
567; 0; 0; 0; 741.2; 
567; 0; 0; 0; 741.4; 
567; 0; 0; 0; 741.6; 
567; 0; 0; 0; 741.8; 
567; 0; 0; 0; 742; 
567; 0; 0; 0; 742.2; 
567; 0; 0; 0; 742.4; 
567; 0; 0; 0; 742.6; 
567; 0; 0; 0; 742.8; 
567; 0; 0; 0; 743; 
567; 0; 0; 0; 743.2; 
567; 0; 0; 0; 743.4; 
567; 0; 0; 0; 743.6; 
567; 0; 0; 0; 743.8; 
567; 0; 0; 0; 744; 
567; 0; 0; 0; 744.2; 
567; 0; 0; 0; 744.4; 
567; 0; 0; 0; 744.6; 
567; 0; 0; 0; 744.8; 
567; 0; 0; 0; 745; 
567; 0; 0; 0; 745.2; 
567; 0; 0; 0; 745.4; 
567; 0; 0; 0; 745.6; 
567; 0; 0; 0; 745.8; 
567; 0; 0; 0; 746; 
567; 0; 0; 0; 746.2; 
567; 0; 0; 0; 746.4; 
567; 0; 0; 0; 746.6; 
567; 0; 0; 0; 746.8; 
567; 0; 0; 0; 747; 
567; 0; 0; 0; 747.2; 
567; 0; 0; 0; 747.4; 
567; 0; 0; 0; 747.6; 
567; 0; 0; 0; 747.8; 
567; 0; 0; 0; 748; 
567; 0; 0; 0; 748.2; 
567; 0; 0; 0; 748.4; 
567; 0; 0; 0; 748.6; 
567; 0; 0; 0; 748.8; 
567; 0; 0; 0; 749; 
567; 0; 0; 0; 749.2; 
567; 0; 0; 0; 749.4; 
567; 0; 0; 0; 749.6; 
567; 0; 0; 0; 749.8; 
567; 0; 0; 0; 750; 
567; 0; 0; 0; 750.2; 
567; 0; 0; 0; 750.4; 
567; 0; 0; 0; 750.6; 
567; 0; 0; 0; 750.8; 
567; 0; 0; 0; 751; 
567; 0; 0; 0; 751.2; 
567; 0; 0; 0; 751.4; 
567; 0; 0; 0; 751.6; 
567; 0; 0; 0; 751.8; 
567; 0; 0; 0; 752; 
567; 0; 0; 0; 752.2; 
567; 0; 0; 0; 752.4; 
567; 0; 0; 0; 752.6; 
567; 0; 0; 0; 752.8; 
567; 0; 0; 0; 753; 
567; 0; 0; 0; 753.2; 
567; 0; 0; 0; 753.4; 
567; 0; 0; 0; 753.6; 
567; 0; 0; 0; 753.8; 
567; 0; 0; 0; 754; 
567; 0; 0; 0; 754.2; 
567; 0; 0; 0; 754.4; 
567; 0; 0; 0; 754.6; 
567; 0; 0; 0; 754.8; 
567; 0; 0; 0; 755; 
567; 0; 0; 0; 755.2; 
567; 0; 0; 0; 755.4; 
567; 0; 0; 0; 755.6; 
567; 0; 0; 0; 755.8; 
567; 0; 0; 0; 756; 
567; 0; 0; 0; 756.2; 
567; 0; 0; 0; 756.4; 
567; 0; 0; 0; 756.6; 
567; 0; 0; 0; 756.8; 
567; 0; 0; 0; 757; 
567; 0; 0; 0; 757.2; 
567; 0; 0; 0; 757.4; 
567; 0; 0; 0; 757.6; 
567; 0; 0; 0; 757.8; 
567; 0; 0; 0; 758; 
567; 0; 0; 0; 758.2; 
567; 0; 0; 0; 758.4; 
567; 0; 0; 0; 758.6; 
567; 0; 0; 0; 758.8; 
567; 0; 0; 0; 759; 
567; 0; 0; 0; 759.2; 
567; 0; 0; 0; 759.4; 
567; 0; 0; 0; 759.6; 
567; 0; 0; 0; 759.8; 
567; 0; 0; 0; 760; 
567; 0; 0; 0; 760.2; 
567; 0; 0; 0; 760.4; 
567; 0; 0; 0; 760.6; 
567; 0; 0; 0; 760.8; 
567; 0; 0; 0; 761; 
567; 0; 0; 0; 761.2; 
567; 0; 0; 0; 761.4; 
567; 0; 0; 0; 761.6; 
567; 0; 0; 0; 761.8; 
567; 0; 0; 0; 762; 
567; 0; 0; 0; 762.2; 
567; 0; 0; 0; 762.4; 
567; 0; 0; 0; 762.6; 
567; 0; 0; 0; 762.8; 
567; 0; 0; 0; 763; 
567; 0; 0; 0; 763.2; 
567; 0; 0; 0; 763.4; 
567; 0; 0; 0; 763.6; 
567; 0; 0; 0; 763.8; 
567; 0; 0; 0; 764; 
567; 0; 0; 0; 764.2; 
567; 0; 0; 0; 764.4; 
567; 0; 0; 0; 764.6; 
567; 0; 0; 0; 764.8; 
567; 0; 0; 0; 765; 
567; 0; 0; 0; 765.2; 
567; 0; 0; 0; 765.4; 
567; 0; 0; 0; 765.6; 
567; 0; 0; 0; 765.8; 
567; 0; 0; 0; 766; 
567; 0; 0; 0; 766.2; 
567; 0; 0; 0; 766.4; 
567; 0; 0; 0; 766.6; 
567; 0; 0; 0; 766.8; 
567; 0; 0; 0; 767; 
567; 0; 0; 0; 767.2; 
567; 0; 0; 0; 767.4; 
567; 0; 0; 0; 767.6; 
567; 0; 0; 0; 767.8; 
567; 0; 0; 0; 768; 
567; 0; 0; 0; 768.2; 
567; 0; 0; 0; 768.4; 
567; 0; 0; 0; 768.6; 
567; 0; 0; 0; 768.8; 
567; 0; 0; 0; 769; 
567; 0; 0; 0; 769.2; 
567; 0; 0; 0; 769.4; 
567; 0; 0; 0; 769.6; 
567; 0; 0; 0; 769.8; 
567; 0; 0; 0; 770; 
567; 0; 0; 0; 770.2; 
567; 0; 0; 0; 770.4; 
567; 0; 0; 0; 770.6; 
567; 0; 0; 0; 770.8; 
567; 0; 0; 0; 771; 
567; 0; 0; 0; 771.2; 
567; 0; 0; 0; 771.4; 
567; 0; 0; 0; 771.6; 
567; 0; 0; 0; 771.8; 
567; 0; 0; 0; 772; 
567; 0; 0; 0; 772.2; 
567; 0; 0; 0; 772.4; 
567; 0; 0; 0; 772.6; 
567; 0; 0; 0; 772.8; 
567; 0; 0; 0; 773; 
567; 0; 0; 0; 773.2; 
567; 0; 0; 0; 773.4; 
567; 0; 0; 0; 773.6; 
567; 0; 0; 0; 773.8; 
567; 0; 0; 0; 774; 
567; 0; 0; 0; 774.2; 
567; 0; 0; 0; 774.4; 
567; 0; 0; 0; 774.6; 
567; 0; 0; 0; 774.8; 
567; 0; 0; 0; 775; 
567; 0; 0; 0; 775.2; 
567; 0; 0; 0; 775.4; 
567; 0; 0; 0; 775.6; 
567; 0; 0; 0; 775.8; 
567; 0; 0; 0; 776; 
567; 0; 0; 0; 776.2; 
567; 0; 0; 0; 776.4; 
567; 0; 0; 0; 776.6; 
567; 0; 0; 0; 776.8; 
567; 0; 0; 0; 777; 
567; 0; 0; 0; 777.2; 
567; 0; 0; 0; 777.4; 
567; 0; 0; 0; 777.6; 
567; 0; 0; 0; 777.8; 
567; 0; 0; 0; 778; 
567; 0; 0; 0; 778.2; 
567; 0; 0; 0; 778.4; 
567; 0; 0; 0; 778.6; 
567; 0; 0; 0; 778.8; 
567; 0; 0; 0; 779; 
567; 0; 0; 0; 779.2; 
567; 0; 0; 0; 779.4; 
567; 0; 0; 0; 779.6; 
567; 0; 0; 0; 779.8; 
567; 0; 0; 0; 780; 
567; 0; 0; 0; 780.2; 
567; 0; 0; 0; 780.4; 
567; 0; 0; 0; 780.6; 
567; 0; 0; 0; 780.8; 
567; 0; 0; 0; 781; 
567; 0; 0; 0; 781.2; 
567; 0; 0; 0; 781.4; 
567; 0; 0; 0; 781.6; 
567; 0; 0; 0; 781.8; 
567; 0; 0; 0; 782; 
567; 0; 0; 0; 782.2; 
567; 0; 0; 0; 782.4; 
567; 0; 0; 0; 782.6; 
567; 0; 0; 0; 782.8; 
567; 0; 0; 0; 783; 
567; 0; 0; 0; 783.2; 
567; 0; 0; 0; 783.4; 
567; 0; 0; 0; 783.6; 
567; 0; 0; 0; 783.8; 
567; 0; 0; 0; 784; 
567; 0; 0; 0; 784.2; 
567; 0; 0; 0; 784.4; 
567; 0; 0; 0; 784.6; 
567; 0; 0; 0; 784.8; 
567; 0; 0; 0; 785; 
567; 0; 0; 0; 785.2; 
567; 0; 0; 0; 785.4; 
567; 0; 0; 0; 785.6; 
567; 0; 0; 0; 785.8; 
567; 0; 0; 0; 786; 
567; 0; 0; 0; 786.2; 
567; 0; 0; 0; 786.4; 
567; 0; 0; 0; 786.6; 
567; 0; 0; 0; 786.8; 
567; 0; 0; 0; 787; 
567; 0; 0; 0; 787.2; 
567; 0; 0; 0; 787.4; 
567; 0; 0; 0; 787.6; 
567; 0; 0; 0; 787.8; 
567; 0; 0; 0; 788; 
567; 0; 0; 0; 788.2; 
567; 0; 0; 0; 788.4; 
567; 0; 0; 0; 788.6; 
567; 0; 0; 0; 788.8; 
567; 0; 0; 0; 789; 
567; 0; 0; 0; 789.2; 
567; 0; 0; 0; 789.4; 
567; 0; 0; 0; 789.6; 
567; 0; 0; 0; 789.8; 
567; 0; 0; 0; 790; 
567; 0; 0; 0; 790.2; 
567; 0; 0; 0; 790.4; 
567; 0; 0; 0; 790.6; 
567; 0; 0; 0; 790.8; 
567; 0; 0; 0; 791; 
567; 0; 0; 0; 791.2; 
567; 0; 0; 0; 791.4; 
567; 0; 0; 0; 791.6; 
567; 0; 0; 0; 791.8; 
567; 0; 0; 0; 792; 
567; 0; 0; 0; 792.2; 
567; 0; 0; 0; 792.4; 
567; 0; 0; 0; 792.6; 
567; 0; 0; 0; 792.8; 
567; 0; 0; 0; 793; 
567; 0; 0; 0; 793.2; 
567; 0; 0; 0; 793.4; 
567; 0; 0; 0; 793.6; 
567; 0; 0; 0; 793.8; 
567; 0; 0; 0; 794; 
567; 0; 0; 0; 794.2; 
567; 0; 0; 0; 794.4; 
567; 0; 0; 0; 794.6; 
567; 0; 0; 0; 794.8; 
567; 0; 0; 0; 795; 
567; 0; 0; 0; 795.2; 
567; 0; 0; 0; 795.4; 
567; 0; 0; 0; 795.6; 
567; 0; 0; 0; 795.8; 
567; 0; 0; 0; 796; 
567; 0; 0; 0; 796.2; 
567; 0; 0; 0; 796.4; 
567; 0; 0; 0; 796.6; 
567; 0; 0; 0; 796.8; 
567; 0; 0; 0; 797; 
567; 0; 0; 0; 797.2; 
567; 0; 0; 0; 797.4; 
567; 0; 0; 0; 797.6; 
567; 0; 0; 0; 797.8; 
567; 0; 0; 0; 798; 
567; 0; 0; 0; 798.2; 
567; 0; 0; 0; 798.4; 
567; 0; 0; 0; 798.6; 
567; 0; 0; 0; 798.8; 
567; 0; 0; 0; 799; 
567; 0; 0; 0; 799.2; 
567; 0; 0; 0; 799.4; 
567; 0; 0; 0; 799.6; 
567; 0; 0; 0; 799.8; 
567; 0; 0; 0; 800; 
567; 0; 0; 0; 800.2; 
567; 0; 0; 0; 800.4; 
567; 0; 0; 0; 800.6; 
567; 0; 0; 0; 800.8; 
567; 0; 0; 0; 801; 
567; 0; 0; 0; 801.2; 
567; 0; 0; 0; 801.4; 
567; 0; 0; 0; 801.6; 
567; 0; 0; 0; 801.8; 
567; 0; 0; 0; 802; 
567; 0; 0; 0; 802.2; 
567; 0; 0; 0; 802.4; 
567; 0; 0; 0; 802.6; 
567; 0; 0; 0; 802.8; 
567; 0; 0; 0; 803; 
567; 0; 0; 0; 803.2; 
567; 0; 0; 0; 803.4; 
567; 0; 0; 0; 803.6; 
567; 0; 0; 0; 803.8; 
567; 0; 0; 0; 804; 
567; 0; 0; 0; 804.2; 
567; 0; 0; 0; 804.4; 
567; 0; 0; 0; 804.6; 
567; 0; 0; 0; 804.8; 
567; 0; 0; 0; 805; 
567; 0; 0; 0; 805.2; 
567; 0; 0; 0; 805.4; 
567; 0; 0; 0; 805.6; 
567; 0; 0; 0; 805.8; 
567; 0; 0; 0; 806; 
567; 0; 0; 0; 806.2; 
567; 0; 0; 0; 806.4; 
567; 0; 0; 0; 806.6; 
567; 0; 0; 0; 806.8; 
567; 0; 0; 0; 807; 
567; 0; 0; 0; 807.2; 
567; 0; 0; 0; 807.4; 
567; 0; 0; 0; 807.6; 
567; 0; 0; 0; 807.8; 
567; 0; 0; 0; 808; 
567; 0; 0; 0; 808.2; 
567; 0; 0; 0; 808.4; 
567; 0; 0; 0; 808.6; 
567; 0; 0; 0; 808.8; 
567; 0; 0; 0; 809; 
567; 0; 0; 0; 809.2; 
567; 0; 0; 0; 809.4; 
567; 0; 0; 0; 809.6; 
567; 0; 0; 0; 809.8; 
567; 0; 0; 0; 810; 
567; 0; 0; 0; 810.2; 
567; 0; 0; 0; 810.4; 
567; 0; 0; 0; 810.6; 
567; 0; 0; 0; 810.8; 
567; 0; 0; 0; 811; 
567; 0; 0; 0; 811.2; 
567; 0; 0; 0; 811.4; 
567; 0; 0; 0; 811.6; 
567; 0; 0; 0; 811.8; 
567; 0; 0; 0; 812; 
567; 0; 0; 0; 812.2; 
567; 0; 0; 0; 812.4; 
567; 0; 0; 0; 812.6; 
567; 0; 0; 0; 812.8; 
567; 0; 0; 0; 813; 
567; 0; 0; 0; 813.2; 
567; 0; 0; 0; 813.4; 
567; 0; 0; 0; 813.6; 
567; 0; 0; 0; 813.8; 
567; 0; 0; 0; 814; 
567; 0; 0; 0; 814.2; 
567; 0; 0; 0; 814.4; 
567; 0; 0; 0; 814.6; 
567; 0; 0; 0; 814.8; 
567; 0; 0; 0; 815; 
567; 0; 0; 0; 815.2; 
567; 0; 0; 0; 815.4; 
567; 0; 0; 0; 815.6; 
567; 0; 0; 0; 815.8; 
567; 0; 0; 0; 816; 
567; 0; 0; 0; 816.2; 
567; 0; 0; 0; 816.4; 
567; 0; 0; 0; 816.6; 
567; 0; 0; 0; 816.8; 
567; 0; 0; 0; 817; 
567; 0; 0; 0; 817.2; 
567; 0; 0; 0; 817.4; 
567; 0; 0; 0; 817.6; 
567; 0; 0; 0; 817.8; 
567; 0; 0; 0; 818; 
567; 0; 0; 0; 818.2; 
567; 0; 0; 0; 818.4; 
567; 0; 0; 0; 818.6; 
567; 0; 0; 0; 818.8; 
567; 0; 0; 0; 819; 
567; 0; 0; 0; 819.2; 
567; 0; 0; 0; 819.4; 
567; 0; 0; 0; 819.6; 
567; 0; 0; 0; 819.8; 
567; 0; 0; 0; 820; 
567; 0; 0; 0; 820.2; 
567; 0; 0; 0; 820.4; 
567; 0; 0; 0; 820.6; 
567; 0; 0; 0; 820.8; 
567; 0; 0; 0; 821; 
567; 0; 0; 0; 821.2; 
567; 0; 0; 0; 821.4; 
567; 0; 0; 0; 821.6; 
567; 0; 0; 0; 821.8; 
567; 0; 0; 0; 822; 
567; 0; 0; 0; 822.2; 
567; 0; 0; 0; 822.4; 
567; 0; 0; 0; 822.6; 
567; 0; 0; 0; 822.8; 
567; 0; 0; 0; 823; 
567; 0; 0; 0; 823.2; 
567; 0; 0; 0; 823.4; 
567; 0; 0; 0; 823.6; 
567; 0; 0; 0; 823.8; 
567; 0; 0; 0; 824; 
567; 0; 0; 0; 824.2; 
