567; 0; 0; 170; 0; 
567; 0; 0; 170; 0.2; 
567; 0; 0; 170; 0.4; 
567; 0; 0; 170; 0.6; 
567; 0; 0; 170; 0.8; 
567; 0; 0; 170; 1; 
567; 0; 0; 170; 1.2; 
567; 0; 0; 170; 1.4; 
567; 0; 0; 170; 1.6; 
567; 0; 0; 170; 1.8; 
567; 0; 0; 170; 2; 
567; 0; 0; 170; 2.2; 
567; 0; 0; 170; 2.4; 
567; 0; 0; 170; 2.6; 
567; 0; 0; 170; 2.8; 
567; 0; 0; 170; 3; 
567; 0; 0; 170; 3.2; 
567; 0; 0; 170; 3.4; 
567; 0; 0; 170; 3.6; 
567; 0; 0; 170; 3.8; 
567; 0; 0; 170; 4; 
567; 0; 0; 170; 4.2; 
567; 0; 0; 170; 4.4; 
567; 0; 0; 170; 4.6; 
567; 0; 0; 170; 4.8; 
567; 0; 0; 170; 5; 
567; 0; 0; 170; 5.2; 
567; 0; 0; 170; 5.4; 
567; 0; 0; 170; 5.6; 
567; 0; 0; 170; 5.8; 
567; 0; 0; 170; 6; 
567; 0; 0; 170; 6.2; 
567; 0; 0; 170; 6.4; 
567; 0; 0; 170; 6.6; 
567; 0; 0; 170; 6.8; 
567; 0; 0; 170; 7; 
567; 0; 0; 170; 7.2; 
567; 0; 0; 170; 7.4; 
567; 0; 0; 170; 7.6; 
567; 0; 0; 170; 7.8; 
567; 0; 0; 170; 8; 
567; 0; 0; 170; 8.2; 
567; 0; 0; 170; 8.4; 
567; 0; 0; 170; 8.6; 
567; 0; 0; 170; 8.8; 
567; 0; 0; 170; 9; 
567; 0; 0; 170; 9.2; 
567; 0; 0; 170; 9.4; 
567; 0; 0; 170; 9.6; 
567; 0; 0; 170; 9.8; 
567; 0; 0; 170; 10; 
567; 0; 0; 170; 10.2; 
567; 0; 0; 170; 10.4; 
567; 0; 0; 170; 10.6; 
567; 0; 0; 170; 10.8; 
567; 0; 0; 170; 11; 
567; 0; 0; 170; 11.2; 
567; 0; 0; 170; 11.4; 
567; 0; 0; 170; 11.6; 
567; 0; 0; 170; 11.8; 
567; 0; 0; 170; 12; 
567; 0; 0; 170; 12.2; 
567; 0; 0; 170; 12.4; 
567; 0; 0; 170; 12.6; 
567; 0; 0; 170; 12.8; 
567; 0; 0; 170; 13; 
567; 0; 0; 170; 13.2; 
567; 0; 0; 170; 13.4; 
567; 0; 0; 170; 13.6; 
567; 0; 0; 170; 13.8; 
567; 0; 0; 170; 14; 
567; 0; 0; 170; 14.2; 
567; 0; 0; 170; 14.4; 
567; 0; 0; 170; 14.6; 
567; 0; 0; 170; 14.8; 
567; 0; 0; 170; 15; 
567; 0; 0; 170; 15.2; 
567; 0; 0; 170; 15.4; 
567; 0; 0; 170; 15.6; 
567; 0; 0; 170; 15.8; 
567; 0; 0; 170; 16; 
567; 0; 0; 170; 16.2; 
567; 0; 0; 170; 16.4; 
567; 0; 0; 170; 16.6; 
567; 0; 0; 170; 16.8; 
567; 0; 0; 170; 17; 
567; 0; 0; 170; 17.2; 
567; 0; 0; 170; 17.4; 
567; 0; 0; 170; 17.6; 
567; 0; 0; 170; 17.8; 
567; 0; 0; 170; 18; 
567; 0; 0; 170; 18.2; 
567; 0; 0; 170; 18.4; 
567; 0; 0; 170; 18.6; 
567; 0; 0; 170; 18.8; 
567; 0; 0; 170; 19; 
567; 0; 0; 170; 19.2; 
567; 0; 0; 170; 19.4; 
567; 0; 0; 170; 19.6; 
567; 0; 0; 170; 19.8; 
567; 0; 0; 170; 20; 
567; 0; 0; 170; 20.2; 
567; 0; 0; 170; 20.4; 
567; 0; 0; 170; 20.6; 
567; 0; 0; 170; 20.8; 
567; 0; 0; 170; 21; 
567; 0; 0; 170; 21.2; 
567; 0; 0; 170; 21.4; 
567; 0; 0; 170; 21.6; 
567; 0; 0; 170; 21.8; 
567; 0; 0; 170; 22; 
567; 0; 0; 170; 22.2; 
567; 0; 0; 170; 22.4; 
567; 0; 0; 170; 22.6; 
567; 0; 0; 170; 22.8; 
567; 0; 0; 170; 23; 
567; 0; 0; 170; 23.2; 
567; 0; 0; 170; 23.4; 
567; 0; 0; 170; 23.6; 
567; 0; 2562.3175; 170; 23.8; 
567; 0; 2562.3175; 170; 24; 
567; 0; 2562.3175; 170; 24.2; 
567; 0; 2562.3175; 170; 24.4; 
567; 0; 2562.3175; 170; 24.6; 
567; 0; 2562.3175; 170; 24.8; 
567; 0; 2562.3175; 170; 25; 
567; 0; 2562.3175; 170; 25.2; 
567; 0; 2562.3175; 170; 25.4; 
567; 0; 2562.3175; 170; 25.6; 
567; 0; 2562.3175; 170; 25.8; 
567; 0; 2562.3175; 170; 26; 
567; 0; 2562.3175; 170; 26.2; 
567; 0; 2562.3175; 170; 26.4; 
567; 0; 2562.3175; 170; 26.6; 
567; 0; 2562.3175; 170; 26.8; 
567; 0; 2562.3175; 170; 27; 
567; 0; 2562.3175; 170; 27.2; 
567; 0; 2562.3175; 170; 27.4; 
567; 0; 2562.3175; 170; 27.6; 
567; 0; 2562.3175; 170; 27.8; 
567; 0; 2562.3175; 170; 28; 
567; 0; 2562.3175; 170; 28.2; 
567; 0; 2562.3175; 170; 28.4; 
567; 0; 2562.3175; 170; 28.6; 
567; 0; 2562.3175; 170; 28.8; 
567; 0; 2562.3175; 170; 29; 
567; 0; 2562.3175; 170; 29.2; 
567; 0; 2562.3175; 170; 29.4; 
567; 0; 2562.3175; 170; 29.6; 
567; 0; 2562.3175; 170; 29.8; 
567; 0; 2562.3175; 170; 30; 
567; 0; 2562.3175; 170; 30.2; 
567; 0; 2562.3175; 170; 30.4; 
567; 0; 2562.3175; 170; 30.6; 
567; 0; 2562.3175; 170; 30.8; 
567; 0; 2562.3175; 170; 31; 
567; 0; 2562.3175; 170; 31.2; 
567; 0; 2562.3175; 170; 31.4; 
567; 0; 2562.3175; 170; 31.6; 
567; 0; 2562.3175; 170; 31.8; 
567; 0; 2562.3175; 170; 32; 
567; 0; 2562.3175; 170; 32.2; 
567; 0; 2562.3175; 170; 32.4; 
567; 0; 2562.3175; 170; 32.6; 
567; 0; 2562.3175; 170; 32.8; 
567; 0; 2562.3175; 170; 33; 
567; 0; 2562.3175; 170; 33.2; 
567; 0; 2562.3175; 170; 33.4; 
567; 0; 2562.3175; 170; 33.6; 
567; 0; 2562.3175; 170; 33.8; 
567; 0; 2562.3175; 170; 34; 
567; 0; 2562.3175; 170; 34.2; 
567; 0; 2562.3175; 170; 34.4; 
567; 0; 2562.3175; 170; 34.6; 
567; 0; 2562.3175; 170; 34.8; 
567; 0; 2562.3175; 170; 35; 
567; 0; 2562.3175; 170; 35.2; 
567; 0; 2562.3175; 170; 35.4; 
567; 0; 2562.3175; 170; 35.6; 
567; 0; 2562.3175; 170; 35.8; 
567; 0; 2562.3175; 170; 36; 
567; 0; 2562.3175; 170; 36.2; 
567; 0; 2562.3175; 170; 36.4; 
567; 0; 2562.3175; 170; 36.6; 
567; 0; 2562.3175; 170; 36.8; 
567; 0; 2562.3175; 170; 37; 
567; 0; 2562.3175; 170; 37.2; 
567; 0; 2562.3175; 170; 37.4; 
567; 0; 2562.3175; 170; 37.6; 
567; 0; 2562.3175; 170; 37.8; 
567; 0; 2562.3175; 170; 38; 
567; 0; 2562.3175; 170; 38.2; 
567; 0; 2562.3175; 170; 38.4; 
567; 0; 2562.3175; 170; 38.6; 
567; 0; 2562.3175; 170; 38.8; 
567; 0; 2580.85; 170; 39; 
567; 0; 2617.9004; 170; 39.2; 
567; 0; 2671.7774; 170; 39.4; 
567; 0; 2866.4325; 170; 39.6; 
567; 0; 3120.3622; 170; 39.8; 
567; 0; 3166.3446; 170; 40; 
567; 0; 3197.0157; 170; 40.2; 
567; 0; 3241.6256; 170; 40.4; 
567; 0; 3267.9723; 170; 40.6; 
567; 0; 3290.4399; 170; 40.8; 
567; 0; 3302.6915; 170; 41; 
567; 0; 3314.7372; 170; 41.2; 
567; 0; 3316.679; 170; 41.4; 
567; 0; 3318.588; 170; 41.6; 
567; 0; 3310.5818; 170; 41.8; 
567; 0; 3312.4474; 170; 42; 
567; 0; 3314.2816; 170; 42.2; 
567; 0; 3316.0815; 170; 42.4; 
567; 0; 3317.8435; 170; 42.6; 
567; 0; 3319.5643; 170; 42.8; 
567; 0; 3321.2408; 170; 43; 
567; 0; 3322.8698; 170; 43.2; 
567; 0; 3324.4506; 170; 43.4; 
567; 0; 3325.9878; 170; 43.6; 
567; 0; 3327.4858; 170; 43.8; 
567; 0; 3328.948; 170; 44; 
567; 0; 3330.3762; 170; 44.2; 
567; 0; 3331.7719; 170; 44.4; 
567; 0; 3333.1355; 170; 44.6; 
567; 0; 3334.4672; 170; 44.8; 
567; 0; 3335.7668; 170; 45; 
567; 0; 3337.0341; 170; 45.2; 
567; 0; 3338.2687; 170; 45.4; 
567; 0; 3339.4701; 170; 45.6; 
567; 0; 3340.6379; 170; 45.8; 
567; 0; 3341.7714; 170; 46; 
567; 0; 3342.8704; 170; 46.2; 
567; 0; 3343.9343; 170; 46.4; 
567; 0; 3344.9626; 170; 46.6; 
567; 0; 3345.9549; 170; 46.8; 
567; 0; 3346.9106; 170; 47; 
567; 0; 3347.8292; 170; 47.2; 
567; 0; 3358.2376; 170; 47.4; 
567; 0; 3359.0731; 170; 47.6; 
567; 0; 3359.8705; 170; 47.8; 
567; 0; 3360.6294; 170; 48; 
567; 0; 3361.3492; 170; 48.2; 
567; 0; 3362.0295; 170; 48.4; 
567; 0; 3372.0848; 170; 48.6; 
567; 0; 3372.6792; 170; 48.8; 
567; 0; 3373.2331; 170; 49; 
567; 0; 3373.746; 170; 49.2; 
567; 0; 3374.2176; 170; 49.4; 
567; 0; 3374.6473; 170; 49.6; 
567; 0; 3384.3561; 170; 49.8; 
567; 0; 3384.6976; 170; 50; 
567; 0; 3384.9964; 170; 50.2; 
567; 0; 3385.2521; 170; 50.4; 
567; 0; 3394.7149; 170; 50.6; 
567; 0; 3394.8816; 170; 50.8; 
567; 0; 3395.0044; 170; 51; 
567; 0; 3395.0829; 170; 51.2; 
567; 0; 3404.3096; 170; 51.4; 
567; 0; 3404.2988; 170; 51.6; 
567; 0; 3404.2431; 170; 51.8; 
567; 0; 3413.288; 170; 52; 
567; 0; 3413.1446; 170; 52.2; 
567; 0; 3412.9686; 170; 52.4; 
567; 0; 3412.7722; 170; 52.6; 
567; 0; 3417.7615; 170; 52.8; 
567; 0; 3417.5584; 170; 53; 
567; 0; 3417.3643; 170; 53.2; 
567; 0; 3417.1857; 170; 53.4; 
567; 0; 3422.1777; 170; 53.6; 
567; 0; 3422.046; 170; 53.8; 
567; 0; 3421.942; 170; 54; 
567; 0; 3421.8668; 170; 54.2; 
567; 0; 3426.9267; 170; 54.4; 
567; 0; 3426.9073; 170; 54.6; 
567; 0; 3426.913; 170; 54.8; 
567; 0; 3426.9409; 170; 55; 
567; 0; 3432.0529; 170; 55.2; 
567; 0; 3432.1151; 170; 55.4; 
567; 0; 3432.1891; 170; 55.6; 
567; 0; 3432.2712; 170; 55.8; 
567; 0; 3432.3576; 170; 56; 
567; 0; 3437.4701; 170; 56.2; 
567; 0; 3437.5552; 170; 56.4; 
567; 0; 3437.6362; 170; 56.6; 
567; 0; 3437.7109; 170; 56.8; 
567; 0; 3442.7671; 170; 57; 
567; 0; 3442.8254; 170; 57.2; 
567; 0; 3442.8748; 170; 57.4; 
567; 0; 3442.9157; 170; 57.6; 
567; 0; 3447.9063; 170; 57.8; 
567; 0; 3447.9314; 170; 58; 
567; 0; 3447.95; 170; 58.2; 
567; 0; 3447.9635; 170; 58.4; 
567; 0; 3447.9729; 170; 58.6; 
567; 0; 3452.9112; 170; 58.8; 
567; 0; 3452.9165; 170; 59; 
567; 0; 3452.9214; 170; 59.2; 
567; 0; 3452.9267; 170; 59.4; 
567; 0; 3457.8426; 170; 59.6; 
567; 0; 3457.8508; 170; 59.8; 
567; 0; 3457.8611; 170; 60; 
567; 0; 3457.8736; 170; 60.2; 
567; 0; 3462.7795; 170; 60.4; 
567; 0; 3462.796; 170; 60.6; 
567; 0; 3462.8141; 170; 60.8; 
567; 0; 3462.8335; 170; 61; 
567; 0; 3462.8537; 170; 61.2; 
567; 0; 3464.5847; 170; 61.4; 
567; 0; 3464.6054; 170; 61.6; 
567; 0; 3464.6258; 170; 61.8; 
567; 0; 3464.6456; 170; 62; 
567; 0; 3466.3378; 170; 62.2; 
567; 0; 3466.3558; 170; 62.4; 
567; 0; 3466.3728; 170; 62.6; 
567; 0; 3466.3887; 170; 62.8; 
567; 0; 3466.4035; 170; 63; 
567; 0; 3468.0567; 170; 63.2; 
567; 0; 3468.0694; 170; 63.4; 
567; 0; 3468.0814; 170; 63.6; 
567; 0; 3468.0928; 170; 63.8; 
567; 0; 3468.1038; 170; 64; 
567; 0; 3469.724; 170; 64.2; 
567; 0; 3469.7346; 170; 64.4; 
567; 0; 3469.7451; 170; 64.6; 
567; 0; 3469.7552; 170; 64.8; 
567; 0; 3469.768; 170; 65; 
567; 0; 3471.3748; 170; 65.2; 
567; 0; 3471.418; 170; 65.4; 
567; 0; 3471.4867; 170; 65.6; 
567; 0; 3471.5863; 170; 65.8; 
567; 0; 3471.7218; 170; 66; 
567; 0; 3473.4539; 170; 66.2; 
567; 0; 3473.672; 170; 66.4; 
567; 0; 3473.9349; 170; 66.6; 
567; 0; 3474.2352; 170; 66.8; 
567; 0; 3474.5607; 170; 67; 
567; 0; 3474.8992; 170; 67.2; 
567; 0; 3476.7641; 170; 67.4; 
567; 0; 3477.0932; 170; 67.6; 
567; 0; 3477.4057; 170; 67.8; 
567; 0; 3477.6965; 170; 68; 
567; 0; 3477.9632; 170; 68.2; 
567; 0; 3478.2058; 170; 68.4; 
567; 0; 3479.9226; 170; 68.6; 
567; 0; 3480.1212; 170; 68.8; 
567; 0; 3480.3034; 170; 69; 
567; 0; 3480.4726; 170; 69.2; 
567; 0; 3480.6319; 170; 69.4; 
567; 0; 3482.2619; 170; 69.6; 
567; 0; 3482.4071; 170; 69.8; 
567; 0; 3482.5479; 170; 70; 
567; 0; 3454.115; 170; 70.2; 
567; 0; 3415.1963; 170; 70.4; 
567; 0; 3376.2663; 170; 70.6; 
567; 0; 3339.0287; 170; 70.8; 
567; 0; 3299.401; 170; 71; 
567; 0; 3259.7617; 170; 71.2; 
567; 0; 3220.1111; 170; 71.4; 
567; 0; 3179.5255; 170; 71.6; 
567; 0; 3139.8534; 170; 71.8; 
567; 0; 3102.0233; 170; 72; 
567; 0; 3065.4731; 170; 72.2; 
567; 0; 3031.3095; 170; 72.4; 
567; 0; 2998.7685; 170; 72.6; 
567; 0; 2966.2222; 170; 72.8; 
567; 0; 2934.4857; 170; 73; 
567; 0; 2900.3446; 170; 73.2; 
567; 0; 2865.7843; 170; 73.4; 
567; 0; 2832.1548; 170; 73.6; 
567; 0; 2799.4564; 170; 73.8; 
567; 0; 2768.6246; 170; 74; 
567; 0; 2737.7897; 170; 74.2; 
567; 0; 2708.822; 170; 74.4; 
567; 0; 2679.8516; 170; 74.6; 
567; 0; 2655.594; 170; 74.8; 
567; 0; 2636.5538; 170; 75; 
567; 0; 2615.2428; 170; 75.2; 
567; 0; 2593.9303; 170; 75.4; 
567; 0; 2574.1957; 170; 75.6; 
567; 0; 2554.4601; 170; 75.8; 
567; 0; 2531.739; 170; 76; 
567; 0; 2509.3946; 170; 76.2; 
567; 0; 2488.0208; 170; 76.4; 
567; 0; 2467.6179; 170; 76.6; 
567; 0; 2448.1859; 170; 76.8; 
567; 0; 2428.7531; 170; 77; 
567; 0; 2411.2639; 170; 77.2; 
567; 0; 2393.7746; 170; 77.4; 
567; 0; 2378.2295; 170; 77.6; 
567; 0; 2362.6843; 170; 77.8; 
567; 0; 2347.1388; 170; 78; 
567; 0; 2340.6049; 170; 78.2; 
567; 0; 2327.2154; 170; 78.4; 
567; 0; 2314.9078; 170; 78.6; 
567; 0; 2304.0518; 170; 78.8; 
567; 0; 2293.195; 170; 79; 
567; 0; 2283.1728; 170; 79.2; 
567; 0; 2273.1501; 170; 79.4; 
567; 0; 2263.9623; 170; 79.6; 
567; 0; 2254.7741; 170; 79.8; 
567; 0; 2245.5858; 170; 80; 
567; 0; 2237.2328; 170; 80.2; 
567; 0; 2229.7151; 170; 80.4; 
567; 0; 2222.1973; 170; 80.6; 
567; 0; 2214.0124; 170; 80.8; 
567; 0; 2206.249; 170; 81; 
567; 0; 2199.4561; 170; 81.2; 
567; 0; 2191.6927; 170; 81.4; 
567; 0; 2184.8997; 170; 81.6; 
567; 0; 2178.1065; 170; 81.8; 
567; 0; 2172.2838; 170; 82; 
567; 0; 2166.4609; 170; 82.2; 
567; 0; 2161.6085; 170; 82.4; 
567; 0; 2155.7854; 170; 82.6; 
567; 0; 2150.9328; 170; 82.8; 
567; 0; 2146.0801; 170; 83; 
567; 0; 2142.1979; 170; 83.2; 
567; 0; 2138.3157; 170; 83.4; 
567; 0; 2134.4334; 170; 83.6; 
567; 0; 2130.5511; 170; 83.8; 
567; 0; 2126.6687; 170; 84; 
567; 0; 2123.7569; 170; 84.2; 
567; 0; 2120.8451; 170; 84.4; 
567; 0; 2117.9333; 170; 84.6; 
567; 0; 2115.0215; 170; 84.8; 
567; 0; 2112.1097; 170; 85; 
567; 0; 2110.1684; 170; 85.2; 
567; 0; 2108.2271; 170; 85.4; 
567; 0; 2106.2858; 170; 85.6; 
567; 0; 2104.3445; 170; 85.8; 
567; 0; 2102.4031; 170; 86; 
567; 0; 2100.4618; 170; 86.2; 
567; 0; 2099.4909; 170; 86.4; 
567; 0; 2097.5495; 170; 86.6; 
567; 0; 2096.5786; 170; 86.8; 
567; 0; 2095.6077; 170; 87; 
567; 0; 2094.6368; 170; 87.2; 
567; 0; 2093.666; 170; 87.4; 
567; 0; 2092.6951; 170; 87.6; 
567; 0; 2092.6947; 170; 87.8; 
567; 0; 2091.7238; 170; 88; 
567; 0; 2090.7528; 170; 88.2; 
567; 0; 2090.7524; 170; 88.4; 
567; 0; 2090.752; 170; 88.6; 
567; 0; 2089.7811; 170; 88.8; 
567; 0; 2089.7806; 170; 89; 
567; 0; 2089.7802; 170; 89.2; 
567; 0; 2089.7799; 170; 89.4; 
567; 0; 2089.7796; 170; 89.6; 
567; 0; 2089.7793; 170; 89.8; 
567; 0; 2089.779; 170; 90; 
567; 0; 2089.7786; 170; 90.2; 
567; 0; 2089.7782; 170; 90.4; 
567; 0; 2089.7778; 170; 90.6; 
567; 0; 2089.7774; 170; 90.8; 
567; 0; 2090.7475; 170; 91; 
567; 0; 2080.2378; 170; 91.2; 
567; 0; 2080.2374; 170; 91.4; 
567; 0; 2081.2195; 170; 91.6; 
567; 0; 2081.2191; 170; 91.8; 
567; 0; 2082.2013; 170; 92; 
567; 0; 2082.2009; 170; 92.2; 
567; 0; 2083.1831; 170; 92.4; 
567; 0; 2084.1654; 170; 92.6; 
567; 0; 2085.1476; 170; 92.8; 
567; 0; 2085.1472; 170; 93; 
567; 0; 2086.1293; 170; 93.2; 
567; 0; 2087.1115; 170; 93.4; 
567; 0; 2088.0936; 170; 93.6; 
567; 0; 2089.0758; 170; 93.8; 
567; 0; 2090.0579; 170; 94; 
567; 0; 2091.04; 170; 94.2; 
567; 0; 2092.0222; 170; 94.4; 
567; 0; 2093.0043; 170; 94.6; 
567; 0; 2093.9865; 170; 94.8; 
567; 0; 2094.9687; 170; 95; 
567; 0; 2095.9509; 170; 95.2; 
567; 0; 2096.9332; 170; 95.4; 
567; 0; 2098.9003; 170; 95.6; 
567; 0; 2102.838; 170; 95.8; 
567; 0; 2107.767; 170; 96; 
567; 0; 2114.673; 170; 96.2; 
567; 0; 2124.5417; 170; 96.4; 
567; 0; 2135.4107; 170; 96.6; 
567; 0; 2149.2488; 170; 96.8; 
567; 0; 2165.0766; 170; 97; 
567; 0; 2181.9142; 170; 97.2; 
567; 0; 2198.7784; 170; 97.4; 
567; 0; 2214.7081; 170; 97.6; 
567; 0; 2227.5754; 170; 97.8; 
567; 0; 2240.4535; 170; 98; 
567; 0; 2252.4894; 170; 98.2; 
567; 0; 2262.8292; 170; 98.4; 
567; 0; 2273.1721; 170; 98.6; 
567; 0; 2282.6662; 170; 98.8; 
567; 0; 2291.3109; 170; 99; 
567; 0; 2299.9581; 170; 99.2; 
567; 0; 2308.6088; 170; 99.4; 
567; 0; 2309.3276; 170; 99.6; 
567; 0; 2318.1308; 170; 99.8; 
567; 0; 2326.6155; 170; 100; 
567; 0; 2336.7151; 170; 100.2; 
567; 0; 2345.8308; 170; 100.4; 
567; 0; 2354.9549; 170; 100.6; 
567; 0; 2364.0871; 170; 100.8; 
567; 0; 2373.227; 170; 101; 
567; 0; 2381.3798; 170; 101.2; 
567; 0; 2389.5383; 170; 101.4; 
567; 0; 2396.7075; 170; 101.6; 
567; 0; 2403.8807; 170; 101.8; 
567; 0; 2411.0579; 170; 102; 
567; 0; 2417.2434; 170; 102.2; 
567; 0; 2423.4322; 170; 102.4; 
567; 0; 2429.6245; 170; 102.6; 
567; 0; 2435.8205; 170; 102.8; 
567; 0; 2441.0236; 170; 103; 
567; 0; 2446.2301; 170; 103.2; 
567; 0; 2451.4401; 170; 103.4; 
567; 0; 2455.6563; 170; 103.6; 
567; 0; 2459.8756; 170; 103.8; 
567; 0; 2465.0963; 170; 104; 
567; 0; 2469.3222; 170; 104.2; 
567; 0; 2472.5524; 170; 104.4; 
567; 0; 2476.7839; 170; 104.6; 
567; 0; 2480.0191; 170; 104.8; 
567; 0; 2483.2565; 170; 105; 
567; 0; 2486.496; 170; 105.2; 
567; 0; 2489.7375; 170; 105.4; 
567; 0; 2491.9806; 170; 105.6; 
567; 0; 2495.2258; 170; 105.8; 
567; 0; 2497.472; 170; 106; 
567; 0; 2499.7197; 170; 106.2; 
567; 0; 2501.9689; 170; 106.4; 
567; 0; 2504.2197; 170; 106.6; 
567; 0; 2505.4698; 170; 106.8; 
567; 0; 2507.7236; 170; 107; 
567; 0; 2508.9762; 170; 107.2; 
567; 0; 2511.233; 170; 107.4; 
567; 0; 2512.4879; 170; 107.6; 
567; 0; 2513.7439; 170; 107.8; 
567; 0; 2515.0008; 170; 108; 
567; 0; 2516.2586; 170; 108.2; 
567; 0; 2517.5173; 170; 108.4; 
567; 0; 2517.7719; 170; 108.6; 
567; 0; 2519.0324; 170; 108.8; 
567; 0; 2519.2882; 170; 109; 
567; 0; 2520.5503; 170; 109.2; 
567; 0; 2520.8071; 170; 109.4; 
567; 0; 2521.0643; 170; 109.6; 
567; 0; 2522.0677; 170; 109.8; 
567; 0; 2522.2185; 170; 110; 
567; 0; 2522.3695; 170; 110.2; 
567; 0; 2522.5208; 170; 110.4; 
567; 0; 2522.6725; 170; 110.6; 
567; 0; 2522.8244; 170; 110.8; 
567; 0; 2522.9765; 170; 111; 
567; 0; 2523.129; 170; 111.2; 
567; 0; 2523.2817; 170; 111.4; 
567; 0; 2522.6144; 170; 111.6; 
567; 0; 2522.7675; 170; 111.8; 
567; 0; 2522.9209; 170; 112; 
567; 0; 2522.2536; 170; 112.2; 
567; 0; 2522.4073; 170; 112.4; 
567; 0; 2522.5613; 170; 112.6; 
567; 0; 2521.8939; 170; 112.8; 
567; 0; 2522.0483; 170; 113; 
567; 0; 2521.3806; 170; 113.2; 
567; 0; 2521.5354; 170; 113.4; 
567; 0; 2520.8676; 170; 113.6; 
567; 0; 2521.0227; 170; 113.8; 
567; 0; 2520.3548; 170; 114; 
567; 0; 2520.5103; 170; 114.2; 
567; 0; 2525.3609; 170; 114.4; 
567; 0; 2524.6979; 170; 114.6; 
567; 0; 2524.8461; 170; 114.8; 
567; 0; 2524.1829; 170; 115; 
567; 0; 2523.5196; 170; 115.2; 
567; 0; 2523.6682; 170; 115.4; 
567; 0; 2523.0047; 170; 115.6; 
567; 0; 2522.3411; 170; 115.8; 
567; 0; 2521.6772; 170; 116; 
567; 0; 2520.9644; 170; 116.2; 
567; 0; 2520.2202; 170; 116.4; 
567; 0; 2519.4756; 170; 116.6; 
567; 0; 2518.7309; 170; 116.8; 
567; 0; 2518.9879; 170; 117; 
567; 0; 2518.2429; 170; 117.2; 
567; 0; 2517.4975; 170; 117.4; 
567; 0; 2516.7519; 170; 117.6; 
567; 0; 2516.0061; 170; 117.8; 
567; 0; 2515.2601; 170; 118; 
567; 0; 2514.5138; 170; 118.2; 
567; 0; 2513.7673; 170; 118.4; 
567; 0; 2513.0207; 170; 118.6; 
567; 0; 2512.2738; 170; 118.8; 
567; 0; 2511.5265; 170; 119; 
567; 0; 2510.779; 170; 119.2; 
567; 0; 2510.0313; 170; 119.4; 
567; 0; 2509.2835; 170; 119.6; 
567; 0; 2508.5353; 170; 119.8; 
567; 0; 2507.7869; 170; 120; 
567; 0; 2508.0452; 170; 120.2; 
567; 0; 2507.2965; 170; 120.4; 
567; 0; 2506.5475; 170; 120.6; 
567; 0; 2505.7982; 170; 120.8; 
567; 0; 2505.0486; 170; 121; 
567; 0; 2504.2988; 170; 121.2; 
567; 0; 2504.5578; 170; 121.4; 
567; 0; 2503.8077; 170; 121.6; 
567; 0; 2503.0574; 170; 121.8; 
567; 0; 2502.3068; 170; 122; 
567; 0; 2501.5561; 170; 122.2; 
567; 0; 2500.805; 170; 122.4; 
567; 0; 2501.0646; 170; 122.6; 
567; 0; 2500.3134; 170; 122.8; 
567; 0; 2499.5618; 170; 123; 
567; 0; 2498.8101; 170; 123.2; 
567; 0; 2499.0702; 170; 123.4; 
567; 0; 2498.3182; 170; 123.6; 
567; 0; 2497.5659; 170; 123.8; 
567; 0; 2496.8133; 170; 124; 
567; 0; 2497.0739; 170; 124.2; 
567; 0; 2496.3211; 170; 124.4; 
567; 0; 2495.568; 170; 124.6; 
567; 0; 2495.829; 170; 124.8; 
567; 0; 2495.0756; 170; 125; 
567; 0; 2494.322; 170; 125.2; 
567; 0; 2494.5835; 170; 125.4; 
567; 0; 2493.8297; 170; 125.6; 
567; 0; 2493.0756; 170; 125.8; 
567; 0; 2493.3376; 170; 126; 
567; 0; 2492.5833; 170; 126.2; 
567; 0; 2491.8287; 170; 126.4; 
567; 0; 2492.091; 170; 126.6; 
567; 0; 2491.336; 170; 126.8; 
567; 0; 2490.5808; 170; 127; 
567; 0; 2490.8437; 170; 127.2; 
567; 0; 2490.0883; 170; 127.4; 
567; 0; 2489.3327; 170; 127.6; 
567; 0; 2489.5961; 170; 127.8; 
567; 0; 2488.8402; 170; 128; 
567; 0; 2489.104; 170; 128.2; 
567; 0; 2488.3479; 170; 128.4; 
567; 0; 2488.6117; 170; 128.6; 
567; 0; 2488.8751; 170; 128.8; 
567; 0; 2489.1375; 170; 129; 
567; 0; 2487.3522; 170; 129.2; 
567; 0; 2485.5542; 170; 129.4; 
567; 0; 2481.6933; 170; 129.6; 
567; 0; 2475.7634; 170; 129.8; 
567; 0; 2468.783; 170; 130; 
567; 0; 2460.7497; 170; 130.2; 
567; 0; 2449.6164; 170; 130.4; 
567; 0; 2437.428; 170; 130.6; 
567; 0; 2423.1617; 170; 130.8; 
567; 0; 2407.8414; 170; 131; 
567; 0; 2391.4697; 170; 131.2; 
567; 0; 2374.0534; 170; 131.4; 
567; 0; 2356.6247; 170; 131.6; 
567; 0; 2341.2384; 170; 131.8; 
567; 0; 2327.9015; 170; 132; 
567; 0; 2317.3475; 170; 132.2; 
567; 0; 2309.2943; 170; 132.4; 
567; 0; 2308.8832; 170; 132.6; 
567; 0; 2302.7371; 170; 132.8; 
567; 0; 2296.5999; 170; 133; 
567; 0; 2289.5896; 170; 133.2; 
567; 0; 2282.5814; 170; 133.4; 
567; 0; 2275.5719; 170; 133.6; 
567; 0; 2267.6791; 170; 133.8; 
567; 0; 2258.9015; 170; 134; 
567; 0; 2250.1176; 170; 134.2; 
567; 0; 2241.3278; 170; 134.4; 
567; 0; 2232.5332; 170; 134.6; 
567; 0; 2224.6146; 170; 134.8; 
567; 0; 2215.8154; 170; 135; 
567; 0; 2208.7743; 170; 135.2; 
567; 0; 2201.7342; 170; 135.4; 
567; 0; 2194.6958; 170; 135.6; 
567; 0; 2188.5386; 170; 135.8; 
567; 0; 2183.2623; 170; 136; 
567; 0; 2177.9877; 170; 136.2; 
567; 0; 2172.4452; 170; 136.4; 
567; 0; 2167.3415; 170; 136.6; 
567; 0; 2162.2383; 170; 136.8; 
567; 0; 2157.1349; 170; 137; 
567; 0; 2152.0308; 170; 137.2; 
567; 0; 2146.9258; 170; 137.4; 
567; 0; 2141.8198; 170; 137.6; 
567; 0; 2137.7343; 170; 137.8; 
567; 0; 2133.648; 170; 138; 
567; 0; 2129.5611; 170; 138.2; 
567; 0; 2125.4741; 170; 138.4; 
567; 0; 2121.3871; 170; 138.6; 
567; 0; 2118.3216; 170; 138.8; 
567; 0; 2115.2562; 170; 139; 
567; 0; 2112.1911; 170; 139.2; 
567; 0; 2109.1263; 170; 139.4; 
567; 0; 2107.0831; 170; 139.6; 
567; 0; 2105.0401; 170; 139.8; 
567; 0; 2101.9759; 170; 140; 
567; 0; 2099.9331; 170; 140.2; 
567; 0; 2097.8903; 170; 140.4; 
567; 0; 2096.8687; 170; 140.6; 
567; 0; 2094.8257; 170; 140.8; 
567; 0; 2092.7827; 170; 141; 
567; 0; 2091.7609; 170; 141.2; 
567; 0; 2089.7176; 170; 141.4; 
567; 0; 2088.6955; 170; 141.6; 
567; 0; 2087.6734; 170; 141.8; 
567; 0; 2086.6513; 170; 142; 
567; 0; 2085.6291; 170; 142.2; 
567; 0; 2084.607; 170; 142.4; 
567; 0; 2083.585; 170; 142.6; 
567; 0; 2083.5844; 170; 142.8; 
567; 0; 2082.5625; 170; 143; 
567; 0; 2081.5406; 170; 143.2; 
567; 0; 2081.5399; 170; 143.4; 
567; 0; 2080.5179; 170; 143.6; 
567; 0; 2080.5172; 170; 143.8; 
567; 0; 2080.5166; 170; 144; 
567; 0; 2080.5159; 170; 144.2; 
567; 0; 2079.4939; 170; 144.4; 
567; 0; 2079.4933; 170; 144.6; 
567; 0; 2079.4927; 170; 144.8; 
567; 0; 2079.4921; 170; 145; 
567; 0; 2079.4915; 170; 145.2; 
567; 0; 2079.4909; 170; 145.4; 
567; 0; 2080.5124; 170; 145.6; 
567; 0; 2082.5593; 170; 145.8; 
567; 0; 2085.6355; 170; 146; 
567; 0; 2091.7877; 170; 146.2; 
567; 0; 2099.9979; 170; 146.4; 
567; 0; 2100.6039; 170; 146.6; 
567; 0; 2114.1299; 170; 146.8; 
567; 0; 2128.7161; 170; 147; 
567; 0; 2144.3648; 170; 147.2; 
567; 0; 2160.0397; 170; 147.4; 
567; 0; 2174.1881; 170; 147.6; 
567; 0; 2185.9383; 170; 147.8; 
567; 0; 2196.8017; 170; 148; 
567; 0; 2206.7743; 170; 148.2; 
567; 0; 2215.853; 170; 148.4; 
567; 0; 2224.0356; 170; 148.6; 
567; 0; 2232.2171; 170; 148.8; 
567; 0; 2239.502; 170; 149; 
567; 0; 2245.8908; 170; 149.2; 
567; 0; 2252.2809; 170; 149.4; 
567; 0; 2259.5702; 170; 149.6; 
567; 0; 2265.9671; 170; 149.8; 
567; 0; 2272.3692; 170; 150; 
567; 0; 2279.6739; 170; 150.2; 
567; 0; 2286.0874; 170; 150.4; 
567; 0; 2292.5066; 170; 150.6; 
567; 0; 2298.9309; 170; 150.8; 
567; 0; 2304.4617; 170; 151; 
567; 0; 2309.9961; 170; 151.2; 
567; 0; 2315.5335; 170; 151.4; 
567; 0; 2320.1748; 170; 151.6; 
567; 0; 2325.176; 170; 151.8; 
567; 0; 2330.4961; 170; 152; 
567; 0; 2335.8181; 170; 152.2; 
567; 0; 2340.1116; 170; 152.4; 
567; 0; 2344.407; 170; 152.6; 
567; 0; 2348.7043; 170; 152.8; 
567; 0; 2351.9727; 170; 153; 
567; 0; 2356.2744; 170; 153.2; 
567; 0; 2359.5471; 170; 153.4; 
567; 0; 2363.8538; 170; 153.6; 
567; 0; 2367.1309; 170; 153.8; 
567; 0; 2370.4102; 170; 154; 
567; 0; 2372.6589; 170; 154.2; 
567; 0; 2375.942; 170; 154.4; 
567; 0; 2379.2269; 170; 154.6; 
567; 0; 2381.4802; 170; 154.8; 
567; 0; 2383.7348; 170; 155; 
567; 0; 2385.9905; 170; 155.2; 
567; 0; 2388.2474; 170; 155.4; 
567; 0; 2390.5054; 170; 155.6; 
567; 0; 2391.7297; 170; 155.8; 
567; 0; 2393.9897; 170; 156; 
567; 0; 2395.2157; 170; 156.2; 
567; 0; 2397.4779; 170; 156.4; 
567; 0; 2398.7057; 170; 156.6; 
567; 0; 2399.9344; 170; 156.8; 
567; 0; 2401.1639; 170; 157; 
567; 0; 2402.3942; 170; 157.2; 
567; 0; 2403.6253; 170; 157.4; 
567; 0; 2404.8572; 170; 157.6; 
567; 0; 2406.0898; 170; 157.8; 
567; 0; 2407.3233; 170; 158; 
567; 0; 2407.5198; 170; 158.2; 
567; 0; 2408.7546; 170; 158.4; 
567; 0; 2408.952; 170; 158.6; 
567; 0; 2410.188; 170; 158.8; 
567; 0; 2410.3859; 170; 159; 
567; 0; 2411.6231; 170; 159.2; 
567; 0; 2411.8217; 170; 159.4; 
567; 0; 2412.0205; 170; 159.6; 
567; 0; 2413.2595; 170; 159.8; 
567; 0; 2413.459; 170; 160; 
567; 0; 2413.6587; 170; 160.2; 
567; 0; 2413.8586; 170; 160.4; 
567; 0; 2414.0588; 170; 160.6; 
567; 0; 2414.2593; 170; 160.8; 
567; 0; 2414.46; 170; 161; 
567; 0; 2415.7026; 170; 161.2; 
567; 0; 2415.9036; 170; 161.4; 
567; 0; 2416.1037; 170; 161.6; 
567; 0; 2416.3022; 170; 161.8; 
567; 0; 2416.4983; 170; 162; 
567; 0; 2416.691; 170; 162.2; 
567; 0; 2416.8794; 170; 162.4; 
567; 0; 2417.063; 170; 162.6; 
567; 0; 2417.2425; 170; 162.8; 
567; 0; 2418.464; 170; 163; 
567; 0; 2420.7311; 170; 163.2; 
567; 0; 2424.0472; 170; 163.4; 
567; 0; 2428.4157; 170; 163.6; 
567; 0; 2433.8391; 170; 163.8; 
567; 0; 2440.319; 170; 164; 
567; 0; 2446.8106; 170; 164.2; 
567; 0; 2453.3136; 170; 164.4; 
567; 0; 2458.7803; 170; 164.6; 
567; 0; 2462.159; 170; 164.8; 
567; 0; 2463.4218; 170; 165; 
567; 0; 2462.5611; 170; 165.2; 
567; 0; 2459.5892; 170; 165.4; 
567; 0; 2453.4521; 170; 165.6; 
567; 0; 2446.2391; 170; 165.8; 
567; 0; 2436.8997; 170; 166; 
567; 0; 2425.4322; 170; 166.2; 
567; 0; 2410.789; 170; 166.4; 
567; 0; 2395.0668; 170; 166.6; 
567; 0; 2377.2207; 170; 166.8; 
567; 0; 2358.3055; 170; 167; 
567; 0; 2339.3782; 170; 167.2; 
567; 0; 2323.591; 170; 167.4; 
567; 0; 2312.3988; 170; 167.6; 
567; 0; 2305.0304; 170; 167.8; 
567; 0; 2302.2459; 170; 168; 
567; 0; 2302.2184; 170; 168.2; 
567; 0; 2304.9493; 170; 168.4; 
567; 0; 2307.6973; 170; 168.6; 
567; 0; 2310.4621; 170; 168.8; 
567; 0; 2311.4127; 170; 169; 
567; 0; 2309.6294; 170; 169.2; 
567; 0; 2306.0195; 170; 169.4; 
567; 0; 2299.6614; 170; 169.6; 
567; 0; 2293.2928; 170; 169.8; 
567; 0; 2285.0818; 170; 170; 
567; 0; 2275.9424; 170; 170.2; 
567; 0; 2265.8763; 170; 170.4; 
567; 0; 2255.8016; 170; 170.6; 
567; 0; 2245.722; 170; 170.8; 
567; 0; 2236.5557; 170; 171; 
567; 0; 2235.8693; 170; 171.2; 
567; 0; 2228.6531; 170; 171.4; 
567; 0; 2222.3416; 170; 171.6; 
567; 0; 2216.9352; 170; 171.8; 
567; 0; 2211.5332; 170; 172; 
567; 0; 2207.035; 170; 172.2; 
567; 0; 2202.5393; 170; 172.4; 
567; 0; 2197.145; 170; 172.6; 
567; 0; 2192.651; 170; 172.8; 
567; 0; 2188.1562; 170; 173; 
567; 0; 2182.7602; 170; 173.2; 
567; 0; 2178.2626; 170; 173.4; 
567; 0; 2172.8634; 170; 173.6; 
567; 0; 2168.363; 170; 173.8; 
567; 0; 2163.8615; 170; 174; 
567; 0; 2159.3595; 170; 174.2; 
567; 0; 2154.8572; 170; 174.4; 
567; 0; 2149.6598; 170; 174.6; 
567; 0; 2145.4743; 170; 174.8; 
567; 0; 2141.2894; 170; 175; 
567; 0; 2138.1509; 170; 175.2; 
567; 0; 2133.9674; 170; 175.4; 
567; 0; 2130.8302; 170; 175.6; 
567; 0; 2127.6934; 170; 175.8; 
567; 0; 2124.5569; 170; 176; 
567; 0; 2121.4205; 170; 176.2; 
567; 0; 2119.3298; 170; 176.4; 
567; 0; 2116.1932; 170; 176.6; 
567; 0; 2114.1021; 170; 176.8; 
567; 0; 2112.0107; 170; 177; 
567; 0; 2109.919; 170; 177.2; 
567; 0; 2107.8272; 170; 177.4; 
567; 0; 2105.7351; 170; 177.6; 
567; 0; 2103.643; 170; 177.8; 
567; 0; 2101.5509; 170; 178; 
567; 0; 2100.5045; 170; 178.2; 
567; 0; 2098.4126; 170; 178.4; 
567; 0; 2097.3664; 170; 178.6; 
567; 0; 2095.2748; 170; 178.8; 
567; 0; 2094.2288; 170; 179; 
567; 0; 2093.1828; 170; 179.2; 
567; 0; 2092.1367; 170; 179.4; 
567; 0; 2091.0907; 170; 179.6; 
567; 0; 2090.0446; 170; 179.8; 
567; 0; 2090.0441; 170; 180; 
567; 0; 2088.998; 170; 180.2; 
567; 0; 2087.9519; 170; 180.4; 
567; 0; 2087.9514; 170; 180.6; 
567; 0; 2086.9053; 170; 180.8; 
567; 0; 2086.9048; 170; 181; 
567; 0; 2085.8586; 170; 181.2; 
567; 0; 2085.858; 170; 181.4; 
567; 0; 2084.8118; 170; 181.6; 
567; 0; 2084.8112; 170; 181.8; 
567; 0; 2084.8107; 170; 182; 
567; 0; 2084.8101; 170; 182.2; 
567; 0; 2083.764; 170; 182.4; 
567; 0; 2083.7635; 170; 182.6; 
567; 0; 2083.763; 170; 182.8; 
567; 0; 2083.7624; 170; 183; 
567; 0; 2083.7619; 170; 183.2; 
567; 0; 2083.7613; 170; 183.4; 
567; 0; 2083.7607; 170; 183.6; 
567; 0; 2083.7602; 170; 183.8; 
567; 0; 2083.7597; 170; 184; 
567; 0; 2083.7592; 170; 184.2; 
567; 0; 2083.7587; 170; 184.4; 
567; 0; 2083.7583; 170; 184.6; 
567; 0; 2084.8034; 170; 184.8; 
567; 0; 2084.8029; 170; 185; 
567; 0; 2084.8024; 170; 185.2; 
567; 0; 2084.8019; 170; 185.4; 
567; 0; 2084.8014; 170; 185.6; 
567; 0; 2084.8008; 170; 185.8; 
567; 0; 2085.8459; 170; 186; 
567; 0; 2085.8453; 170; 186.2; 
567; 0; 2085.8447; 170; 186.4; 
567; 0; 2076.1365; 170; 186.6; 
567; 0; 2077.1945; 170; 186.8; 
567; 0; 2077.1939; 170; 187; 
567; 0; 2077.1934; 170; 187.2; 
567; 0; 2078.2515; 170; 187.4; 
567; 0; 2078.251; 170; 187.6; 
567; 0; 2079.309; 170; 187.8; 
567; 0; 2079.3085; 170; 188; 
567; 0; 2080.3666; 170; 188.2; 
567; 0; 2080.3661; 170; 188.4; 
567; 0; 2081.4242; 170; 188.6; 
567; 0; 2081.4237; 170; 188.8; 
567; 0; 2082.4817; 170; 189; 
567; 0; 2083.5398; 170; 189.2; 
567; 0; 2083.5393; 170; 189.4; 
567; 0; 2084.5974; 170; 189.6; 
567; 0; 2085.6554; 170; 189.8; 
567; 0; 2085.6548; 170; 190; 
567; 0; 2086.7128; 170; 190.2; 
567; 0; 2087.7709; 170; 190.4; 
567; 0; 2088.8287; 170; 190.6; 
567; 0; 2088.8279; 170; 190.8; 
567; 0; 2089.8855; 170; 191; 
567; 0; 2089.8846; 170; 191.2; 
567; 0; 2090.9424; 170; 191.4; 
567; 0; 2092.0003; 170; 191.6; 
567; 0; 2091.9998; 170; 191.8; 
567; 0; 2093.0581; 170; 192; 
567; 0; 2094.1166; 170; 192.2; 
567; 0; 2094.1164; 170; 192.4; 
567; 0; 2095.1748; 170; 192.6; 
567; 0; 2095.1746; 170; 192.8; 
567; 0; 2096.2328; 170; 193; 
567; 0; 2096.2324; 170; 193.2; 
567; 0; 2097.2906; 170; 193.4; 
567; 0; 2097.2901; 170; 193.6; 
567; 0; 2098.3482; 170; 193.8; 
567; 0; 2098.3477; 170; 194; 
567; 0; 2099.4058; 170; 194.2; 
567; 0; 2099.4053; 170; 194.4; 
567; 0; 2100.4634; 170; 194.6; 
567; 0; 2100.4629; 170; 194.8; 
567; 0; 2100.4624; 170; 195; 
567; 0; 2101.5205; 170; 195.2; 
567; 0; 2101.52; 170; 195.4; 
567; 0; 2102.578; 170; 195.6; 
567; 0; 2102.5775; 170; 195.8; 
567; 0; 2102.5769; 170; 196; 
567; 0; 2103.635; 170; 196.2; 
567; 0; 2103.6345; 170; 196.4; 
567; 0; 2103.634; 170; 196.6; 
567; 0; 2103.6335; 170; 196.8; 
567; 0; 2104.6916; 170; 197; 
567; 0; 2104.6912; 170; 197.2; 
567; 0; 2104.6908; 170; 197.4; 
567; 0; 2105.7489; 170; 197.6; 
567; 0; 2105.7484; 170; 197.8; 
567; 0; 2105.748; 170; 198; 
567; 0; 2105.7475; 170; 198.2; 
567; 0; 2106.8057; 170; 198.4; 
567; 0; 2106.8054; 170; 198.6; 
567; 0; 2106.805; 170; 198.8; 
567; 0; 2106.8046; 170; 199; 
567; 0; 2107.8627; 170; 199.2; 
567; 0; 2107.8622; 170; 199.4; 
567; 0; 2107.8617; 170; 199.6; 
567; 0; 2107.8612; 170; 199.8; 
567; 0; 2107.8608; 170; 200; 
567; 0; 2108.9189; 170; 200.2; 
567; 0; 2108.9184; 170; 200.4; 
567; 0; 2108.918; 170; 200.6; 
567; 0; 2108.9176; 170; 200.8; 
567; 0; 2108.9172; 170; 201; 
567; 0; 2108.9168; 170; 201.2; 
567; 0; 2109.9749; 170; 201.4; 
567; 0; 2109.9745; 170; 201.6; 
567; 0; 2109.9741; 170; 201.8; 
567; 0; 2109.9738; 170; 202; 
567; 0; 2109.9734; 170; 202.2; 
567; 0; 2109.973; 170; 202.4; 
567; 0; 2111.0312; 170; 202.6; 
567; 0; 2111.0308; 170; 202.8; 
567; 0; 2111.0303; 170; 203; 
567; 0; 2111.0298; 170; 203.2; 
567; 0; 2111.0294; 170; 203.4; 
567; 0; 2111.0289; 170; 203.6; 
567; 0; 2111.0285; 170; 203.8; 
567; 0; 2111.0282; 170; 204; 
567; 0; 2112.0864; 170; 204.2; 
567; 0; 2112.086; 170; 204.4; 
567; 0; 2112.0857; 170; 204.6; 
567; 0; 2112.0852; 170; 204.8; 
567; 0; 2112.0847; 170; 205; 
567; 0; 2112.0843; 170; 205.2; 
567; 0; 2112.0839; 170; 205.4; 
567; 0; 2112.0835; 170; 205.6; 
567; 0; 2112.0831; 170; 205.8; 
567; 0; 2112.0827; 170; 206; 
567; 0; 2113.1408; 170; 206.2; 
567; 0; 2113.1405; 170; 206.4; 
567; 0; 2113.1402; 170; 206.6; 
567; 0; 2113.1399; 170; 206.8; 
567; 0; 2113.1396; 170; 207; 
567; 0; 2113.1392; 170; 207.2; 
567; 0; 2113.1388; 170; 207.4; 
567; 0; 2113.1385; 170; 207.6; 
567; 0; 2113.1381; 170; 207.8; 
567; 0; 2113.1377; 170; 208; 
567; 0; 2114.1958; 170; 208.2; 
567; 0; 2114.1954; 170; 208.4; 
567; 0; 2114.1949; 170; 208.6; 
567; 0; 2114.1946; 170; 208.8; 
567; 0; 2114.1942; 170; 209; 
567; 0; 2115.2523; 170; 209.2; 
567; 0; 2115.2518; 170; 209.4; 
567; 0; 2115.2515; 170; 209.6; 
567; 0; 2115.2511; 170; 209.8; 
567; 0; 2115.2507; 170; 210; 
567; 0; 2115.2503; 170; 210.2; 
567; 0; 2115.2499; 170; 210.4; 
567; 0; 2116.308; 170; 210.6; 
567; 0; 2116.3076; 170; 210.8; 
567; 0; 2116.3073; 170; 211; 
567; 0; 2116.3071; 170; 211.2; 
567; 0; 2116.3068; 170; 211.4; 
567; 0; 2116.3065; 170; 211.6; 
567; 0; 2116.3062; 170; 211.8; 
567; 0; 2116.3058; 170; 212; 
567; 0; 2116.3054; 170; 212.2; 
567; 0; 2116.305; 170; 212.4; 
567; 0; 2117.3631; 170; 212.6; 
567; 0; 2117.3627; 170; 212.8; 
567; 0; 2117.3624; 170; 213; 
567; 0; 2117.3619; 170; 213.2; 
567; 0; 2117.3615; 170; 213.4; 
567; 0; 2117.3612; 170; 213.6; 
567; 0; 2117.3608; 170; 213.8; 
567; 0; 2117.3605; 170; 214; 
567; 0; 2117.3602; 170; 214.2; 
567; 0; 2117.3598; 170; 214.4; 
567; 0; 2117.3594; 170; 214.6; 
567; 0; 2117.3591; 170; 214.8; 
567; 0; 2117.3587; 170; 215; 
567; 0; 2117.3584; 170; 215.2; 
567; 0; 2117.3581; 170; 215.4; 
567; 0; 2117.3577; 170; 215.6; 
567; 0; 2117.3574; 170; 215.8; 
567; 0; 2117.357; 170; 216; 
567; 0; 2117.3567; 170; 216.2; 
567; 0; 2117.3564; 170; 216.4; 
567; 0; 2117.356; 170; 216.6; 
567; 0; 2117.3557; 170; 216.8; 
567; 0; 2117.3555; 170; 217; 
567; 0; 2117.3551; 170; 217.2; 
567; 0; 2117.3547; 170; 217.4; 
567; 0; 2117.3543; 170; 217.6; 
567; 0; 2118.4124; 170; 217.8; 
567; 0; 2118.4119; 170; 218; 
567; 0; 2118.4108; 170; 218.2; 
567; 0; 2119.4673; 170; 218.4; 
567; 0; 2119.4638; 170; 218.6; 
567; 0; 2119.4585; 170; 218.8; 
567; 0; 2120.509; 170; 219; 
567; 0; 2120.498; 170; 219.2; 
567; 0; 2120.4839; 170; 219.4; 
567; 0; 2120.4678; 170; 219.6; 
567; 0; 2122.5678; 170; 219.8; 
567; 0; 2124.6691; 170; 220; 
567; 0; 2128.8898; 170; 220.2; 
567; 0; 2134.1731; 170; 220.4; 
567; 0; 2140.5197; 170; 220.6; 
567; 0; 2146.7658; 170; 220.8; 
567; 0; 2153.169; 170; 221; 
567; 0; 2157.7469; 170; 221.2; 
567; 0; 2163.241; 170; 221.4; 
567; 0; 2166.908; 170; 221.6; 
567; 0; 2169.6608; 170; 221.8; 
567; 0; 2172.4125; 170; 222; 
567; 0; 2174.248; 170; 222.2; 
567; 0; 2175.1669; 170; 222.4; 
567; 0; 2176.0829; 170; 222.6; 
567; 0; 2176.0821; 170; 222.8; 
567; 0; 2176.079; 170; 223; 
567; 0; 2176.0742; 170; 223.2; 
567; 0; 2176.9825; 170; 223.4; 
567; 0; 2177.8905; 170; 223.6; 
567; 0; 2178.7988; 170; 223.8; 
567; 0; 2179.708; 170; 224; 
567; 0; 2181.5327; 170; 224.2; 
567; 0; 2183.359; 170; 224.4; 
567; 0; 2186.101; 170; 224.6; 
567; 0; 2187.9309; 170; 224.8; 
567; 0; 2189.763; 170; 225; 
567; 0; 2191.5973; 170; 225.2; 
567; 0; 2193.4334; 170; 225.4; 
567; 0; 2194.3566; 170; 225.6; 
567; 0; 2194.3658; 170; 225.8; 
567; 0; 2193.4602; 170; 226; 
567; 0; 2192.5529; 170; 226.2; 
567; 0; 2190.7292; 170; 226.4; 
567; 0; 2188.9029; 170; 226.6; 
567; 0; 2187.074; 170; 226.8; 
567; 0; 2184.3288; 170; 227; 
567; 0; 2181.5818; 170; 227.2; 
567; 0; 2178.8339; 170; 227.4; 
567; 0; 2177; 170; 227.6; 
567; 0; 2175.1666; 170; 227.8; 
567; 0; 2173.3343; 170; 228; 
567; 0; 2172.4174; 170; 228.2; 
567; 0; 2170.5878; 170; 228.4; 
567; 0; 2169.6737; 170; 228.6; 
567; 0; 2168.7607; 170; 228.8; 
567; 0; 2166.9343; 170; 229; 
567; 0; 2166.0224; 170; 229.2; 
567; 0; 2165.1106; 170; 229.4; 
567; 0; 2163.2844; 170; 229.6; 
567; 0; 2161.4577; 170; 229.8; 
567; 0; 2160.5444; 170; 230; 
567; 0; 2158.7164; 170; 230.2; 
567; 0; 2156.8877; 170; 230.4; 
567; 0; 2155.0587; 170; 230.6; 
567; 0; 2153.2294; 170; 230.8; 
567; 0; 2152.3141; 170; 231; 
567; 0; 2150.4847; 170; 231.2; 
567; 0; 2149.5697; 170; 231.4; 
567; 0; 2147.7406; 170; 231.6; 
567; 0; 2146.826; 170; 231.8; 
567; 0; 2145.9054; 170; 232; 
567; 0; 2143.7886; 170; 232.2; 
567; 0; 2142.7304; 170; 232.4; 
567; 0; 2141.6723; 170; 232.6; 
567; 0; 2140.6143; 170; 232.8; 
567; 0; 2139.5562; 170; 233; 
567; 0; 2138.4981; 170; 233.2; 
567; 0; 2137.4399; 170; 233.4; 
567; 0; 2136.3816; 170; 233.6; 
567; 0; 2135.323; 170; 233.8; 
567; 0; 2134.2643; 170; 234; 
567; 0; 2133.2056; 170; 234.2; 
567; 0; 2132.1467; 170; 234.4; 
567; 0; 2131.0879; 170; 234.6; 
567; 0; 2130.029; 170; 234.8; 
567; 0; 2128.9702; 170; 235; 
567; 0; 2127.9115; 170; 235.2; 
567; 0; 2127.9113; 170; 235.4; 
567; 0; 2126.8527; 170; 235.6; 
567; 0; 2125.7942; 170; 235.8; 
567; 0; 2125.7941; 170; 236; 
567; 0; 2124.7355; 170; 236.2; 
567; 0; 2123.6769; 170; 236.4; 
567; 0; 2123.6768; 170; 236.6; 
567; 0; 2122.6181; 170; 236.8; 
567; 0; 2122.6179; 170; 237; 
567; 0; 2121.5593; 170; 237.2; 
567; 0; 2121.559; 170; 237.4; 
567; 0; 2120.5004; 170; 237.6; 
567; 0; 2120.5001; 170; 237.8; 
567; 0; 2119.4414; 170; 238; 
567; 0; 2119.4412; 170; 238.2; 
567; 0; 2119.4409; 170; 238.4; 
567; 0; 2118.3822; 170; 238.6; 
567; 0; 2118.3818; 170; 238.8; 
567; 0; 2118.3815; 170; 239; 
567; 0; 2117.3228; 170; 239.2; 
567; 0; 2117.3226; 170; 239.4; 
567; 0; 2117.3223; 170; 239.6; 
567; 0; 2116.2637; 170; 239.8; 
567; 0; 2116.2633; 170; 240; 
567; 0; 2116.263; 170; 240.2; 
567; 0; 2116.2628; 170; 240.4; 
567; 0; 2115.2042; 170; 240.6; 
567; 0; 2115.2039; 170; 240.8; 
567; 0; 2115.2036; 170; 241; 
567; 0; 2115.2033; 170; 241.2; 
567; 0; 2114.1446; 170; 241.4; 
567; 0; 2114.1443; 170; 241.6; 
567; 0; 2114.1439; 170; 241.8; 
567; 0; 2114.1436; 170; 242; 
567; 0; 2114.1433; 170; 242.2; 
567; 0; 2114.143; 170; 242.4; 
567; 0; 2114.1427; 170; 242.6; 
567; 0; 2113.0839; 170; 242.8; 
567; 0; 2113.0837; 170; 243; 
567; 0; 2113.0834; 170; 243.2; 
567; 0; 2113.0831; 170; 243.4; 
567; 0; 2113.0829; 170; 243.6; 
567; 0; 2113.0826; 170; 243.8; 
567; 0; 2113.0824; 170; 244; 
567; 0; 2113.0821; 170; 244.2; 
567; 0; 2113.0819; 170; 244.4; 
567; 0; 2113.0816; 170; 244.6; 
567; 0; 2113.0812; 170; 244.8; 
567; 0; 2113.0808; 170; 245; 
567; 0; 2113.0804; 170; 245.2; 
567; 0; 2113.0801; 170; 245.4; 
567; 0; 2112.0213; 170; 245.6; 
567; 0; 2112.0211; 170; 245.8; 
567; 0; 2112.0208; 170; 246; 
567; 0; 2113.0789; 170; 246.2; 
567; 0; 2113.0783; 170; 246.4; 
567; 0; 2114.1355; 170; 246.6; 
567; 0; 2114.1332; 170; 246.8; 
567; 0; 2114.1292; 170; 247; 
567; 0; 2114.1239; 170; 247.2; 
567; 0; 2114.1176; 170; 247.4; 
567; 0; 2114.1113; 170; 247.6; 
567; 0; 2114.1059; 170; 247.8; 
567; 0; 2115.1609; 170; 248; 
567; 0; 2117.2768; 170; 248.2; 
567; 0; 2118.3369; 170; 248.4; 
567; 0; 2119.3993; 170; 248.6; 
567; 0; 2121.5216; 170; 248.8; 
567; 0; 2122.5866; 170; 249; 
567; 0; 2123.6518; 170; 249.2; 
567; 0; 2123.6579; 170; 249.4; 
567; 0; 2124.7212; 170; 249.6; 
567; 0; 2124.7245; 170; 249.8; 
567; 0; 2123.6678; 170; 250; 
567; 0; 2123.6678; 170; 250.2; 
567; 0; 2123.6666; 170; 250.4; 
567; 0; 2122.6061; 170; 250.6; 
567; 0; 2122.6035; 170; 250.8; 
567; 0; 2122.601; 170; 251; 
567; 0; 2121.5403; 170; 251.2; 
567; 0; 2121.5384; 170; 251.4; 
567; 0; 2121.537; 170; 251.6; 
567; 0; 2121.5362; 170; 251.8; 
567; 0; 2120.4774; 170; 252; 
567; 0; 2120.4775; 170; 252.2; 
567; 0; 2120.4777; 170; 252.4; 
567; 0; 2120.478; 170; 252.6; 
567; 0; 2120.4783; 170; 252.8; 
567; 0; 2120.4784; 170; 253; 
567; 0; 2119.42; 170; 253.2; 
567; 0; 2119.4199; 170; 253.4; 
567; 0; 2119.4196; 170; 253.6; 
567; 0; 2119.4192; 170; 253.8; 
567; 0; 2118.3603; 170; 254; 
567; 0; 2118.3599; 170; 254.2; 
567; 0; 2118.3595; 170; 254.4; 
567; 0; 2118.3591; 170; 254.6; 
567; 0; 2118.3587; 170; 254.8; 
567; 0; 2117.2999; 170; 255; 
567; 0; 2117.2995; 170; 255.2; 
567; 0; 2117.2992; 170; 255.4; 
567; 0; 2117.2989; 170; 255.6; 
567; 0; 2117.2986; 170; 255.8; 
567; 0; 2117.2984; 170; 256; 
567; 0; 2117.2982; 170; 256.2; 
567; 0; 2116.2396; 170; 256.4; 
567; 0; 2116.2393; 170; 256.6; 
567; 0; 2116.2391; 170; 256.8; 
567; 0; 2116.2388; 170; 257; 
567; 0; 2116.2385; 170; 257.2; 
567; 0; 2116.2382; 170; 257.4; 
567; 0; 2116.2377; 170; 257.6; 
567; 0; 2117.2949; 170; 257.8; 
567; 0; 2117.2927; 170; 258; 
567; 0; 2117.289; 170; 258.2; 
567; 0; 2117.2832; 170; 258.4; 
567; 0; 2118.333; 170; 258.6; 
567; 0; 2117.2629; 170; 258.8; 
567; 0; 2118.3066; 170; 259; 
567; 0; 2118.2902; 170; 259.2; 
567; 0; 2120.3902; 170; 259.4; 
567; 0; 2123.55; 170; 259.6; 
567; 0; 2127.7714; 170; 259.8; 
567; 0; 2133.0557; 170; 260; 
567; 0; 2139.4033; 170; 260.2; 
567; 0; 2146.7284; 170; 260.4; 
567; 0; 2152.218; 170; 260.6; 
567; 0; 2156.7962; 170; 260.8; 
567; 0; 2161.3761; 170; 261; 
567; 0; 2165.0428; 170; 261.2; 
567; 0; 2168.709; 170; 261.4; 
567; 0; 2170.5458; 170; 261.6; 
567; 0; 2172.3803; 170; 261.8; 
567; 0; 2173.2982; 170; 262; 
567; 0; 2173.2991; 170; 262.2; 
567; 0; 2173.2975; 170; 262.4; 
567; 0; 2174.2079; 170; 262.6; 
567; 0; 2174.2027; 170; 262.8; 
567; 0; 2175.1109; 170; 263; 
567; 0; 2176.019; 170; 263.2; 
567; 0; 2176.9278; 170; 263.4; 
567; 0; 2178.7516; 170; 263.6; 
567; 0; 2179.6628; 170; 263.8; 
567; 0; 2182.4035; 170; 264; 
567; 0; 2184.2317; 170; 264.2; 
567; 0; 2186.0612; 170; 264.4; 
567; 0; 2187.8916; 170; 264.6; 
567; 0; 2188.8086; 170; 264.8; 
567; 0; 2189.7258; 170; 265; 
567; 0; 2191.5568; 170; 265.2; 
567; 0; 2191.5592; 170; 265.4; 
567; 0; 2192.475; 170; 265.6; 
567; 0; 2192.4758; 170; 265.8; 
567; 0; 2192.4759; 170; 266; 
567; 0; 2192.4751; 170; 266.2; 
567; 0; 2192.4737; 170; 266.4; 
567; 0; 2192.4719; 170; 266.6; 
567; 0; 2193.384; 170; 266.8; 
567; 0; 2193.3821; 170; 267; 
567; 0; 2193.3804; 170; 267.2; 
567; 0; 2194.2931; 170; 267.4; 
567; 0; 2194.2923; 170; 267.6; 
567; 0; 2195.2059; 170; 267.8; 
567; 0; 2196.1202; 170; 268; 
567; 0; 2197.0354; 170; 268.2; 
567; 0; 2197.952; 170; 268.4; 
567; 0; 2197.9562; 170; 268.6; 
567; 0; 2198.8761; 170; 268.8; 
567; 0; 2198.8832; 170; 269; 
567; 0; 2197.9769; 170; 269.2; 
567; 0; 2197.0704; 170; 269.4; 
567; 0; 2196.1629; 170; 269.6; 
567; 0; 2193.4255; 170; 269.8; 
567; 0; 2191.6001; 170; 270; 
567; 0; 2188.8584; 170; 270.2; 
567; 0; 2186.1147; 170; 270.4; 
567; 0; 2183.3692; 170; 270.6; 
567; 0; 2179.7086; 170; 270.8; 
567; 0; 2176.9617; 170; 271; 
567; 0; 2175.1291; 170; 271.2; 
567; 0; 2172.383; 170; 271.4; 
567; 0; 2170.5519; 170; 271.6; 
567; 0; 2168.722; 170; 271.8; 
567; 0; 2166.8933; 170; 272; 
567; 0; 2165.0654; 170; 272.2; 
567; 0; 2164.1524; 170; 272.4; 
567; 0; 2162.3258; 170; 272.6; 
567; 0; 2160.4993; 170; 272.8; 
567; 0; 2158.6728; 170; 273; 
567; 0; 2157.76; 170; 273.2; 
567; 0; 2155.9327; 170; 273.4; 
567; 0; 2154.1049; 170; 273.6; 
567; 0; 2152.2767; 170; 273.8; 
567; 0; 2150.4481; 170; 274; 
567; 0; 2148.6193; 170; 274.2; 
567; 0; 2146.7903; 170; 274.4; 
567; 0; 2145.8497; 170; 274.6; 
567; 0; 2143.7319; 170; 274.8; 
567; 0; 2142.6726; 170; 275; 
567; 0; 2140.5553; 170; 275.2; 
567; 0; 2139.4967; 170; 275.4; 
567; 0; 2138.4384; 170; 275.6; 
567; 0; 2137.3803; 170; 275.8; 
567; 0; 2136.3224; 170; 276; 
567; 0; 2135.2645; 170; 276.2; 
567; 0; 2134.2066; 170; 276.4; 
567; 0; 2133.1485; 170; 276.6; 
567; 0; 2132.0902; 170; 276.8; 
567; 0; 2131.0318; 170; 277; 
567; 0; 2129.9733; 170; 277.2; 
567; 0; 2128.9146; 170; 277.4; 
567; 0; 2127.8559; 170; 277.6; 
567; 0; 2126.7971; 170; 277.8; 
567; 0; 2125.7384; 170; 278; 
567; 0; 2124.6798; 170; 278.2; 
567; 0; 2124.6796; 170; 278.4; 
567; 0; 2123.6211; 170; 278.6; 
567; 0; 2122.5627; 170; 278.8; 
567; 0; 2122.5627; 170; 279; 
567; 0; 2121.5043; 170; 279.2; 
567; 0; 2120.446; 170; 279.4; 
567; 0; 2120.4458; 170; 279.6; 
567; 0; 2119.3874; 170; 279.8; 
567; 0; 2119.3872; 170; 280; 
567; 0; 2118.3287; 170; 280.2; 
567; 0; 2118.3285; 170; 280.4; 
567; 0; 2117.27; 170; 280.6; 
567; 0; 2117.2698; 170; 280.8; 
567; 0; 2117.2696; 170; 281; 
567; 0; 2116.2111; 170; 281.2; 
567; 0; 2116.211; 170; 281.4; 
567; 0; 2115.1524; 170; 281.6; 
567; 0; 2115.1522; 170; 281.8; 
567; 0; 2115.1521; 170; 282; 
567; 0; 2115.1519; 170; 282.2; 
567; 0; 2114.0934; 170; 282.4; 
567; 0; 2114.0932; 170; 282.6; 
567; 0; 2114.0929; 170; 282.8; 
567; 0; 2114.0927; 170; 283; 
567; 0; 2113.0341; 170; 283.2; 
567; 0; 2113.0338; 170; 283.4; 
567; 0; 2113.0335; 170; 283.6; 
567; 0; 2113.0333; 170; 283.8; 
567; 0; 2113.0332; 170; 284; 
567; 0; 2111.9747; 170; 284.2; 
567; 0; 2111.9745; 170; 284.4; 
567; 0; 2111.9744; 170; 284.6; 
567; 0; 2111.9742; 170; 284.8; 
567; 0; 2111.974; 170; 285; 
567; 0; 2111.9738; 170; 285.2; 
567; 0; 2111.9736; 170; 285.4; 
567; 0; 2111.9734; 170; 285.6; 
567; 0; 2111.9732; 170; 285.8; 
567; 0; 2111.9729; 170; 286; 
567; 0; 2110.9144; 170; 286.2; 
567; 0; 2110.9141; 170; 286.4; 
567; 0; 2110.9139; 170; 286.6; 
567; 0; 2110.9136; 170; 286.8; 
567; 0; 2110.9134; 170; 287; 
567; 0; 2110.9132; 170; 287.2; 
567; 0; 2110.9129; 170; 287.4; 
567; 0; 2110.9127; 170; 287.6; 
567; 0; 2110.9125; 170; 287.8; 
567; 0; 2110.9122; 170; 288; 
567; 0; 2110.912; 170; 288.2; 
567; 0; 2111.9699; 170; 288.4; 
567; 0; 2111.9694; 170; 288.6; 
567; 0; 2111.9686; 170; 288.8; 
567; 0; 2111.9675; 170; 289; 
567; 0; 2111.9663; 170; 289.2; 
567; 0; 2111.965; 170; 289.4; 
567; 0; 2111.9638; 170; 289.6; 
567; 0; 2111.9629; 170; 289.8; 
567; 0; 2113.0208; 170; 290; 
567; 0; 2113.021; 170; 290.2; 
567; 0; 2113.0216; 170; 290.4; 
567; 0; 2113.0226; 170; 290.6; 
567; 0; 2114.0819; 170; 290.8; 
567; 0; 2114.0829; 170; 291; 
567; 0; 2114.0838; 170; 291.2; 
567; 0; 2114.0845; 170; 291.4; 
567; 0; 2114.0849; 170; 291.6; 
567; 0; 2114.0849; 170; 291.8; 
567; 0; 2114.0847; 170; 292; 
567; 0; 2114.0842; 170; 292.2; 
567; 0; 2114.0836; 170; 292.4; 
567; 0; 2114.0829; 170; 292.6; 
567; 0; 2113.0239; 170; 292.8; 
567; 0; 2113.0233; 170; 293; 
567; 0; 2113.0228; 170; 293.2; 
567; 0; 2113.0223; 170; 293.4; 
567; 0; 2113.0218; 170; 293.6; 
567; 0; 2113.0215; 170; 293.8; 
567; 0; 2113.0213; 170; 294; 
567; 0; 2113.0211; 170; 294.2; 
567; 0; 2113.0209; 170; 294.4; 
567; 0; 2113.0207; 170; 294.6; 
567; 0; 2113.0205; 170; 294.8; 
567; 0; 2113.0203; 170; 295; 
567; 0; 2113.02; 170; 295.2; 
567; 0; 2113.0198; 170; 295.4; 
567; 0; 2113.0197; 170; 295.6; 
567; 0; 2113.0195; 170; 295.8; 
567; 0; 2113.0192; 170; 296; 
567; 0; 2113.019; 170; 296.2; 
567; 0; 2113.0187; 170; 296.4; 
567; 0; 2113.0184; 170; 296.6; 
567; 0; 2113.0181; 170; 296.8; 
567; 0; 2113.0179; 170; 297; 
567; 0; 2113.0177; 170; 297.2; 
567; 0; 2113.0174; 170; 297.4; 
567; 0; 2113.0172; 170; 297.6; 
567; 0; 2113.0171; 170; 297.8; 
567; 0; 2113.0169; 170; 298; 
567; 0; 2114.0748; 170; 298.2; 
567; 0; 2114.0736; 170; 298.4; 
567; 0; 2114.0711; 170; 298.6; 
567; 0; 2115.125; 170; 298.8; 
567; 0; 2115.1181; 170; 299; 
567; 0; 2115.1081; 170; 299.2; 
567; 0; 2115.0949; 170; 299.4; 
567; 0; 2116.1376; 170; 299.6; 
567; 0; 2117.1793; 170; 299.8; 
567; 0; 2120.3381; 170; 300; 
567; 0; 2123.4995; 170; 300.2; 
567; 0; 2128.7811; 170; 300.4; 
567; 0; 2135.1258; 170; 300.6; 
567; 0; 2141.4759; 170; 300.8; 
567; 0; 2147.6153; 170; 301; 
567; 0; 2153.1058; 170; 301.2; 
567; 0; 2157.6845; 170; 301.4; 
567; 0; 2161.3505; 170; 301.6; 
567; 0; 2165.0165; 170; 301.8; 
567; 0; 2166.8536; 170; 302; 
567; 0; 2168.6888; 170; 302.2; 
567; 0; 2170.5216; 170; 302.4; 
567; 0; 2170.5237; 170; 302.6; 
567; 0; 2171.4371; 170; 302.8; 
567; 0; 2171.4343; 170; 303; 
567; 0; 2171.4298; 170; 303.2; 
567; 0; 2172.3383; 170; 303.4; 
567; 0; 2173.2465; 170; 303.6; 
567; 0; 2174.1551; 170; 303.8; 
567; 0; 2175.0646; 170; 304; 
567; 0; 2176.8893; 170; 304.2; 
567; 0; 2178.7154; 170; 304.4; 
567; 0; 2181.4569; 170; 304.6; 
567; 0; 2183.2859; 170; 304.8; 
567; 0; 2185.116; 170; 305; 
567; 0; 2186.0328; 170; 305.2; 
567; 0; 2187.8639; 170; 305.4; 
567; 0; 2188.7809; 170; 305.6; 
567; 0; 2189.6974; 170; 305.8; 
567; 0; 2189.6993; 170; 306; 
567; 0; 2189.7004; 170; 306.2; 
567; 0; 2190.6146; 170; 306.4; 
567; 0; 2190.6141; 170; 306.6; 
567; 0; 2190.6128; 170; 306.8; 
567; 0; 2190.6112; 170; 307; 
567; 0; 2190.6092; 170; 307.2; 
567; 0; 2190.6073; 170; 307.4; 
567; 0; 2191.5196; 170; 307.6; 
567; 0; 2191.5182; 170; 307.8; 
567; 0; 2192.4313; 170; 308; 
567; 0; 2193.3449; 170; 308.2; 
567; 0; 2193.3449; 170; 308.4; 
567; 0; 2194.2593; 170; 308.6; 
567; 0; 2194.26; 170; 308.8; 
567; 0; 2195.1749; 170; 309; 
567; 0; 2195.1759; 170; 309.2; 
567; 0; 2195.1767; 170; 309.4; 
567; 0; 2195.1774; 170; 309.6; 
567; 0; 2195.1778; 170; 309.8; 
567; 0; 2195.178; 170; 310; 
567; 0; 2195.1778; 170; 310.2; 
567; 0; 2195.1775; 170; 310.4; 
567; 0; 2195.177; 170; 310.6; 
567; 0; 2195.1763; 170; 310.8; 
567; 0; 2195.1755; 170; 311; 
567; 0; 2195.1748; 170; 311.2; 
567; 0; 2195.1742; 170; 311.4; 
567; 0; 2195.1738; 170; 311.6; 
567; 0; 2196.0875; 170; 311.8; 
567; 0; 2196.0874; 170; 312; 
567; 0; 2196.0874; 170; 312.2; 
567; 0; 2196.0876; 170; 312.4; 
567; 0; 2196.0879; 170; 312.6; 
567; 0; 2196.0881; 170; 312.8; 
567; 0; 2196.0884; 170; 313; 
567; 0; 2196.0886; 170; 313.2; 
567; 0; 2196.0887; 170; 313.4; 
567; 0; 2196.0889; 170; 313.6; 
567; 0; 2196.0895; 170; 313.8; 
567; 0; 2197.0051; 170; 314; 
567; 0; 2197.0084; 170; 314.2; 
567; 0; 2197.0133; 170; 314.4; 
567; 0; 2197.0199; 170; 314.6; 
567; 0; 2196.1135; 170; 314.8; 
567; 0; 2195.2071; 170; 315; 
567; 0; 2193.3861; 170; 315.2; 
567; 0; 2190.6494; 170; 315.4; 
567; 0; 2188.8249; 170; 315.6; 
567; 0; 2186.084; 170; 315.8; 
567; 0; 2182.4271; 170; 316; 
567; 0; 2179.6825; 170; 316.2; 
567; 0; 2176.9366; 170; 316.4; 
567; 0; 2173.2762; 170; 316.6; 
567; 0; 2170.5298; 170; 316.8; 
567; 0; 2167.784; 170; 317; 
567; 0; 2165.9529; 170; 317.2; 
567; 0; 2164.123; 170; 317.4; 
567; 0; 2161.38; 170; 317.6; 
567; 0; 2159.552; 170; 317.8; 
567; 0; 2157.7247; 170; 318; 
567; 0; 2155.8979; 170; 318.2; 
567; 0; 2154.9851; 170; 318.4; 
567; 0; 2153.1583; 170; 318.6; 
567; 0; 2151.3313; 170; 318.8; 
567; 0; 2149.5039; 170; 319; 
567; 0; 2147.6762; 170; 319.2; 
567; 0; 2145.808; 170; 319.4; 
567; 0; 2143.691; 170; 319.6; 
567; 0; 2141.5737; 170; 319.8; 
567; 0; 2139.4563; 170; 320; 
567; 0; 2138.397; 170; 320.2; 
567; 0; 2136.2796; 170; 320.4; 
567; 0; 2135.2205; 170; 320.6; 
567; 0; 2134.1616; 170; 320.8; 
567; 0; 2132.0448; 170; 321; 
567; 0; 2130.9864; 170; 321.2; 
567; 0; 2129.9282; 170; 321.4; 
567; 0; 2128.87; 170; 321.6; 
567; 0; 2127.812; 170; 321.8; 
567; 0; 2126.7539; 170; 322; 
567; 0; 2125.6959; 170; 322.2; 
567; 0; 2124.6377; 170; 322.4; 
567; 0; 2123.5795; 170; 322.6; 
567; 0; 2122.5212; 170; 322.8; 
567; 0; 2121.4628; 170; 323; 
567; 0; 2120.4043; 170; 323.2; 
567; 0; 2119.3458; 170; 323.4; 
567; 0; 2119.3456; 170; 323.6; 
567; 0; 2118.2871; 170; 323.8; 
567; 0; 2117.2287; 170; 324; 
567; 0; 2117.2285; 170; 324.2; 
567; 0; 2116.1701; 170; 324.4; 
567; 0; 2116.17; 170; 324.6; 
567; 0; 2115.1116; 170; 324.8; 
567; 0; 2115.1114; 170; 325; 
567; 0; 2114.053; 170; 325.2; 
567; 0; 2114.0529; 170; 325.4; 
567; 0; 2112.9945; 170; 325.6; 
567; 0; 2112.9944; 170; 325.8; 
567; 0; 2112.9942; 170; 326; 
567; 0; 2111.9358; 170; 326.2; 
567; 0; 2111.9357; 170; 326.4; 
567; 0; 2111.9355; 170; 326.6; 
567; 0; 2110.8772; 170; 326.8; 
567; 0; 2110.8771; 170; 327; 
567; 0; 2110.877; 170; 327.2; 
567; 0; 2110.8768; 170; 327.4; 
567; 0; 2109.8184; 170; 327.6; 
567; 0; 2109.8182; 170; 327.8; 
567; 0; 2109.818; 170; 328; 
567; 0; 2109.8178; 170; 328.2; 
567; 0; 2109.8176; 170; 328.4; 
567; 0; 2109.8174; 170; 328.6; 
567; 0; 2108.759; 170; 328.8; 
567; 0; 2108.7588; 170; 329; 
567; 0; 2108.7587; 170; 329.2; 
567; 0; 2108.7585; 170; 329.4; 
567; 0; 2108.7583; 170; 329.6; 
567; 0; 2108.7581; 170; 329.8; 
567; 0; 2108.7579; 170; 330; 
567; 0; 2108.7576; 170; 330.2; 
567; 0; 2108.7573; 170; 330.4; 
567; 0; 2108.7571; 170; 330.6; 
567; 0; 2108.7569; 170; 330.8; 
567; 0; 2108.7567; 170; 331; 
567; 0; 2107.6984; 170; 331.2; 
567; 0; 2107.6982; 170; 331.4; 
567; 0; 2107.6981; 170; 331.6; 
567; 0; 2107.698; 170; 331.8; 
567; 0; 2107.6979; 170; 332; 
567; 0; 2107.6977; 170; 332.2; 
567; 0; 2107.6975; 170; 332.4; 
567; 0; 2107.6972; 170; 332.6; 
567; 0; 2107.697; 170; 332.8; 
567; 0; 2107.6969; 170; 333; 
567; 0; 2107.6967; 170; 333.2; 
567; 0; 2107.6966; 170; 333.4; 
567; 0; 2108.7547; 170; 333.6; 
567; 0; 2108.7546; 170; 333.8; 
567; 0; 2108.7543; 170; 334; 
567; 0; 2108.7541; 170; 334.2; 
567; 0; 2108.7538; 170; 334.4; 
567; 0; 2108.7535; 170; 334.6; 
567; 0; 2108.7533; 170; 334.8; 
567; 0; 2108.7531; 170; 335; 
567; 0; 2108.753; 170; 335.2; 
567; 0; 2108.7529; 170; 335.4; 
567; 0; 2108.7527; 170; 335.6; 
567; 0; 2108.7525; 170; 335.8; 
567; 0; 2108.7523; 170; 336; 
567; 0; 2108.7521; 170; 336.2; 
567; 0; 2108.752; 170; 336.4; 
567; 0; 2108.7518; 170; 336.6; 
567; 0; 2108.7516; 170; 336.8; 
567; 0; 2108.7513; 170; 337; 
567; 0; 2108.7511; 170; 337.2; 
567; 0; 2108.751; 170; 337.4; 
567; 0; 2108.7508; 170; 337.6; 
567; 0; 2108.7506; 170; 337.8; 
567; 0; 2108.7504; 170; 338; 
567; 0; 2108.7502; 170; 338.2; 
567; 0; 2108.75; 170; 338.4; 
567; 0; 2108.7499; 170; 338.6; 
567; 0; 2109.8079; 170; 338.8; 
567; 0; 2109.8079; 170; 339; 
567; 0; 2109.8078; 170; 339.2; 
567; 0; 2109.8076; 170; 339.4; 
567; 0; 2109.8075; 170; 339.6; 
567; 0; 2109.8073; 170; 339.8; 
567; 0; 2109.8071; 170; 340; 
567; 0; 2109.8069; 170; 340.2; 
567; 0; 2109.8068; 170; 340.4; 
567; 0; 2109.8066; 170; 340.6; 
567; 0; 2109.8063; 170; 340.8; 
567; 0; 2109.8061; 170; 341; 
567; 0; 2109.8058; 170; 341.2; 
567; 0; 2109.8056; 170; 341.4; 
567; 0; 2109.8054; 170; 341.6; 
567; 0; 2109.8052; 170; 341.8; 
567; 0; 2109.805; 170; 342; 
567; 0; 2109.8048; 170; 342.2; 
567; 0; 2110.8629; 170; 342.4; 
567; 0; 2110.8627; 170; 342.6; 
567; 0; 2110.8626; 170; 342.8; 
567; 0; 2110.8624; 170; 343; 
567; 0; 2110.8622; 170; 343.2; 
567; 0; 2111.9203; 170; 343.4; 
567; 0; 2111.9201; 170; 343.6; 
567; 0; 2112.9779; 170; 343.8; 
567; 0; 2112.977; 170; 344; 
567; 0; 2114.0333; 170; 344.2; 
567; 0; 2114.0298; 170; 344.4; 
567; 0; 2115.0825; 170; 344.6; 
567; 0; 2115.0743; 170; 344.8; 
567; 0; 2115.063; 170; 345; 
567; 0; 2115.0487; 170; 345.2; 
567; 0; 2116.0908; 170; 345.4; 
567; 0; 2118.1908; 170; 345.6; 
567; 0; 2121.3506; 170; 345.8; 
567; 0; 2125.5717; 170; 346; 
567; 0; 2130.8554; 170; 346.2; 
567; 0; 2137.2023; 170; 346.4; 
567; 0; 2143.5547; 170; 346.6; 
567; 0; 2149.4199; 170; 346.8; 
567; 0; 2154.9112; 170; 347; 
567; 0; 2158.5766; 170; 347.2; 
567; 0; 2162.2424; 170; 347.4; 
567; 0; 2164.9939; 170; 347.6; 
567; 0; 2166.83; 170; 347.8; 
567; 0; 2168.6638; 170; 348; 
567; 0; 2169.5811; 170; 348.2; 
567; 0; 2169.5817; 170; 348.4; 
567; 0; 2170.4938; 170; 348.6; 
567; 0; 2170.49; 170; 348.8; 
567; 0; 2170.4849; 170; 349; 
567; 0; 2171.3931; 170; 349.2; 
567; 0; 2172.3015; 170; 349.4; 
567; 0; 2173.2107; 170; 349.6; 
567; 0; 2175.0348; 170; 349.8; 
567; 0; 2176.8604; 170; 350; 
567; 0; 2178.6874; 170; 350.2; 
567; 0; 2180.5159; 170; 350.4; 
567; 0; 2182.3455; 170; 350.6; 
567; 0; 2184.1759; 170; 350.8; 
567; 0; 2185.0929; 170; 351; 
567; 0; 2186.0099; 170; 351.2; 
567; 0; 2186.9266; 170; 351.4; 
567; 0; 2187.8429; 170; 351.6; 
567; 0; 2187.845; 170; 351.8; 
567; 0; 2188.7612; 170; 352; 
567; 0; 2188.7636; 170; 352.2; 
567; 0; 2188.7663; 170; 352.4; 
567; 0; 2188.7694; 170; 352.6; 
567; 0; 2187.8587; 170; 352.8; 
567; 0; 2187.862; 170; 353; 
567; 0; 2186.951; 170; 353.2; 
567; 0; 2185.1256; 170; 353.4; 
567; 0; 2184.2134; 170; 353.6; 
567; 0; 2182.3864; 170; 353.8; 
567; 0; 2180.5586; 170; 354; 
567; 0; 2178.73; 170; 354.2; 
567; 0; 2175.9868; 170; 354.4; 
567; 0; 2174.1572; 170; 354.6; 
567; 0; 2172.3275; 170; 354.8; 
567; 0; 2170.4978; 170; 355; 
567; 0; 2168.6684; 170; 355.2; 
567; 0; 2167.7534; 170; 355.4; 
567; 0; 2165.925; 170; 355.6; 
567; 0; 2164.097; 170; 355.8; 
567; 0; 2163.1835; 170; 356; 
567; 0; 2161.3562; 170; 356.2; 
567; 0; 2160.4431; 170; 356.4; 
567; 0; 2158.6161; 170; 356.6; 
567; 0; 2156.7891; 170; 356.8; 
567; 0; 2155.8759; 170; 357; 
567; 0; 2154.0484; 170; 357.2; 
567; 0; 2152.2208; 170; 357.4; 
567; 0; 2151.3068; 170; 357.6; 
567; 0; 2149.4788; 170; 357.8; 
567; 0; 2148.5646; 170; 358; 
567; 0; 2146.7363; 170; 358.2; 
567; 0; 2145.768; 170; 358.4; 
567; 0; 2143.6512; 170; 358.6; 
567; 0; 2142.5927; 170; 358.8; 
567; 0; 2141.5344; 170; 359; 
567; 0; 2140.4762; 170; 359.2; 
567; 0; 2138.36; 170; 359.4; 
567; 0; 2137.302; 170; 359.6; 
567; 0; 2136.2441; 170; 359.8; 
567; 0; 2135.1862; 170; 360; 
567; 0; 2134.1283; 170; 360.2; 
567; 0; 2133.0703; 170; 360.4; 
567; 0; 2132.0123; 170; 360.6; 
567; 0; 2130.9542; 170; 360.8; 
567; 0; 2129.896; 170; 361; 
567; 0; 2128.8378; 170; 361.2; 
567; 0; 2127.7795; 170; 361.4; 
567; 0; 2127.7794; 170; 361.6; 
567; 0; 2126.7211; 170; 361.8; 
567; 0; 2125.6628; 170; 362; 
567; 0; 2124.6045; 170; 362.2; 
567; 0; 2123.5463; 170; 362.4; 
567; 0; 2123.5462; 170; 362.6; 
567; 0; 2122.4879; 170; 362.8; 
567; 0; 2122.4879; 170; 363; 
567; 0; 2121.4297; 170; 363.2; 
567; 0; 2120.3715; 170; 363.4; 
567; 0; 2120.3716; 170; 363.6; 
567; 0; 2119.3134; 170; 363.8; 
567; 0; 2119.3134; 170; 364; 
567; 0; 2118.2552; 170; 364.2; 
567; 0; 2118.2551; 170; 364.4; 
567; 0; 2117.1968; 170; 364.6; 
567; 0; 2117.1966; 170; 364.8; 
567; 0; 2116.1383; 170; 365; 
567; 0; 2116.1382; 170; 365.2; 
567; 0; 2116.1381; 170; 365.4; 
567; 0; 2115.0799; 170; 365.6; 
567; 0; 2115.0799; 170; 365.8; 
567; 0; 2115.0799; 170; 366; 
567; 0; 2114.0217; 170; 366.2; 
567; 0; 2114.0216; 170; 366.4; 
567; 0; 2114.0216; 170; 366.6; 
567; 0; 2112.9633; 170; 366.8; 
567; 0; 2112.9632; 170; 367; 
567; 0; 2112.9631; 170; 367.2; 
567; 0; 2112.9629; 170; 367.4; 
567; 0; 2111.9045; 170; 367.6; 
567; 0; 2111.9042; 170; 367.8; 
567; 0; 2111.904; 170; 368; 
567; 0; 2111.9039; 170; 368.2; 
567; 0; 2110.8456; 170; 368.4; 
567; 0; 2110.8455; 170; 368.6; 
567; 0; 2110.8454; 170; 368.8; 
567; 0; 2110.8453; 170; 369; 
567; 0; 2110.8451; 170; 369.2; 
567; 0; 2110.845; 170; 369.4; 
567; 0; 2110.8449; 170; 369.6; 
567; 0; 2109.7867; 170; 369.8; 
567; 0; 2109.7866; 170; 370; 
567; 0; 2109.7864; 170; 370.2; 
567; 0; 2109.7862; 170; 370.4; 
567; 0; 2109.7861; 170; 370.6; 
567; 0; 2109.7859; 170; 370.8; 
567; 0; 2109.7857; 170; 371; 
567; 0; 2109.7856; 170; 371.2; 
567; 0; 2109.7855; 170; 371.4; 
567; 0; 2109.7854; 170; 371.6; 
567; 0; 2109.7852; 170; 371.8; 
567; 0; 2109.7851; 170; 372; 
567; 0; 2109.785; 170; 372.2; 
567; 0; 2109.7849; 170; 372.4; 
567; 0; 2108.7266; 170; 372.6; 
567; 0; 2108.7265; 170; 372.8; 
567; 0; 2108.7264; 170; 373; 
567; 0; 2108.7262; 170; 373.2; 
567; 0; 2108.7259; 170; 373.4; 
567; 0; 2108.7257; 170; 373.6; 
567; 0; 2108.7254; 170; 373.8; 
567; 0; 2108.7252; 170; 374; 
567; 0; 2108.7251; 170; 374.2; 
567; 0; 2108.725; 170; 374.4; 
567; 0; 2108.7249; 170; 374.6; 
567; 0; 2108.7249; 170; 374.8; 
567; 0; 2108.7248; 170; 375; 
567; 0; 2108.7246; 170; 375.2; 
567; 0; 2108.7244; 170; 375.4; 
567; 0; 2108.7243; 170; 375.6; 
567; 0; 2108.7242; 170; 375.8; 
567; 0; 2108.7241; 170; 376; 
567; 0; 2108.7239; 170; 376.2; 
567; 0; 2108.7238; 170; 376.4; 
567; 0; 2108.7236; 170; 376.6; 
567; 0; 2108.7234; 170; 376.8; 
567; 0; 2108.7232; 170; 377; 
567; 0; 2109.7813; 170; 377.2; 
567; 0; 2109.7812; 170; 377.4; 
567; 0; 2109.7811; 170; 377.6; 
567; 0; 2109.781; 170; 377.8; 
567; 0; 2109.7808; 170; 378; 
567; 0; 2109.7806; 170; 378.2; 
567; 0; 2109.7804; 170; 378.4; 
567; 0; 2109.7802; 170; 378.6; 
567; 0; 2109.7801; 170; 378.8; 
567; 0; 2110.8382; 170; 379; 
567; 0; 2110.8381; 170; 379.2; 
567; 0; 2110.838; 170; 379.4; 
567; 0; 2110.838; 170; 379.6; 
567; 0; 2110.8378; 170; 379.8; 
567; 0; 2110.8376; 170; 380; 
567; 0; 2110.8374; 170; 380.2; 
567; 0; 2111.8952; 170; 380.4; 
567; 0; 2111.8949; 170; 380.6; 
567; 0; 2111.8947; 170; 380.8; 
567; 0; 2111.8945; 170; 381; 
567; 0; 2111.8944; 170; 381.2; 
567; 0; 2111.8943; 170; 381.4; 
567; 0; 2111.8942; 170; 381.6; 
567; 0; 2112.9523; 170; 381.8; 
567; 0; 2112.9522; 170; 382; 
567; 0; 2112.9521; 170; 382.2; 
567; 0; 2112.9519; 170; 382.4; 
567; 0; 2112.9518; 170; 382.6; 
567; 0; 2112.9517; 170; 382.8; 
567; 0; 2112.9515; 170; 383; 
567; 0; 2112.9514; 170; 383.2; 
567; 0; 2112.9513; 170; 383.4; 
567; 0; 2112.9511; 170; 383.6; 
567; 0; 2112.951; 170; 383.8; 
567; 0; 2112.9509; 170; 384; 
567; 0; 2112.9508; 170; 384.2; 
567; 0; 2112.9506; 170; 384.4; 
567; 0; 2112.9504; 170; 384.6; 
567; 0; 2112.9502; 170; 384.8; 
567; 0; 2112.9501; 170; 385; 
567; 0; 2112.9499; 170; 385.2; 
567; 0; 2112.9498; 170; 385.4; 
567; 0; 2114.0078; 170; 385.6; 
567; 0; 2114.0077; 170; 385.8; 
567; 0; 2114.0077; 170; 386; 
567; 0; 2114.0076; 170; 386.2; 
567; 0; 2114.0075; 170; 386.4; 
567; 0; 2114.0073; 170; 386.6; 
567; 0; 2114.0072; 170; 386.8; 
567; 0; 2114.007; 170; 387; 
567; 0; 2114.0068; 170; 387.2; 
567; 0; 2114.0067; 170; 387.4; 
567; 0; 2114.0066; 170; 387.6; 
567; 0; 2114.0065; 170; 387.8; 
567; 0; 2114.0064; 170; 388; 
567; 0; 2114.0063; 170; 388.2; 
567; 0; 2114.0062; 170; 388.4; 
567; 0; 2114.006; 170; 388.6; 
567; 0; 2114.0059; 170; 388.8; 
567; 0; 2114.0058; 170; 389; 
567; 0; 2114.0057; 170; 389.2; 
567; 0; 2114.0055; 170; 389.4; 
567; 0; 2114.0053; 170; 389.6; 
567; 0; 2114.0051; 170; 389.8; 
567; 0; 2112.9468; 170; 390; 
567; 0; 2112.9466; 170; 390.2; 
567; 0; 2112.9464; 170; 390.4; 
567; 0; 2112.9464; 170; 390.6; 
567; 0; 2112.9462; 170; 390.8; 
567; 0; 2112.946; 170; 391; 
567; 0; 2112.9458; 170; 391.2; 
567; 0; 2112.9458; 170; 391.4; 
567; 0; 2112.9457; 170; 391.6; 
567; 0; 2112.9456; 170; 391.8; 
567; 0; 2114.0037; 170; 392; 
567; 0; 2114.0037; 170; 392.2; 
567; 0; 2114.0037; 170; 392.4; 
567; 0; 2114.0035; 170; 392.6; 
567; 0; 2114.0034; 170; 392.8; 
567; 0; 2114.0032; 170; 393; 
567; 0; 2114.0031; 170; 393.2; 
567; 0; 2114.003; 170; 393.4; 
567; 0; 2114.0029; 170; 393.6; 
567; 0; 2114.0028; 170; 393.8; 
567; 0; 2114.0026; 170; 394; 
567; 0; 2114.0024; 170; 394.2; 
567; 0; 2114.0022; 170; 394.4; 
567; 0; 2114.0021; 170; 394.6; 
567; 0; 2112.9438; 170; 394.8; 
567; 0; 2112.9437; 170; 395; 
567; 0; 2112.9436; 170; 395.2; 
567; 0; 2112.9435; 170; 395.4; 
567; 0; 2112.9435; 170; 395.6; 
567; 0; 2112.9434; 170; 395.8; 
567; 0; 2112.9433; 170; 396; 
567; 0; 2112.9431; 170; 396.2; 
567; 0; 2112.9429; 170; 396.4; 
567; 0; 2112.9428; 170; 396.6; 
567; 0; 2112.9426; 170; 396.8; 
567; 0; 2112.9425; 170; 397; 
567; 0; 2112.9424; 170; 397.2; 
567; 0; 2112.9422; 170; 397.4; 
567; 0; 2112.9421; 170; 397.6; 
567; 0; 2112.9419; 170; 397.8; 
567; 0; 2113.9999; 170; 398; 
567; 0; 2113.9998; 170; 398.2; 
567; 0; 2113.9998; 170; 398.4; 
567; 0; 2113.9996; 170; 398.6; 
567; 0; 2113.9995; 170; 398.8; 
567; 0; 2113.9993; 170; 399; 
567; 0; 2113.9993; 170; 399.2; 
567; 0; 2113.9993; 170; 399.4; 
567; 0; 2113.9993; 170; 399.6; 
567; 0; 2113.9993; 170; 399.8; 
567; 0; 2113.9992; 170; 400; 
567; 0; 2113.999; 170; 400.2; 
567; 0; 2112.9406; 170; 400.4; 
567; 0; 2112.9404; 170; 400.6; 
567; 0; 2112.9402; 170; 400.8; 
567; 0; 2112.9401; 170; 401; 
567; 0; 2112.9399; 170; 401.2; 
567; 0; 2112.9398; 170; 401.4; 
567; 0; 2112.9396; 170; 401.6; 
567; 0; 2112.9394; 170; 401.8; 
567; 0; 2112.9392; 170; 402; 
567; 0; 2112.9391; 170; 402.2; 
567; 0; 2112.939; 170; 402.4; 
567; 0; 2112.9389; 170; 402.6; 
567; 0; 2112.9388; 170; 402.8; 
567; 0; 2112.9388; 170; 403; 
567; 0; 2112.9387; 170; 403.2; 
567; 0; 2112.9387; 170; 403.4; 
567; 0; 2112.9386; 170; 403.6; 
567; 0; 2112.9386; 170; 403.8; 
567; 0; 2112.9386; 170; 404; 
567; 0; 2112.9385; 170; 404.2; 
567; 0; 2112.9384; 170; 404.4; 
567; 0; 2112.9383; 170; 404.6; 
567; 0; 2112.9381; 170; 404.8; 
567; 0; 2112.9379; 170; 405; 
567; 0; 2112.9377; 170; 405.2; 
567; 0; 2112.9375; 170; 405.4; 
567; 0; 2112.9373; 170; 405.6; 
567; 0; 2112.9371; 170; 405.8; 
567; 0; 2112.9369; 170; 406; 
567; 0; 2113.9949; 170; 406.2; 
567; 0; 2113.9949; 170; 406.4; 
567; 0; 2113.9948; 170; 406.6; 
567; 0; 2113.9948; 170; 406.8; 
567; 0; 2113.9948; 170; 407; 
567; 0; 2113.9947; 170; 407.2; 
567; 0; 2113.9946; 170; 407.4; 
567; 0; 2113.9944; 170; 407.6; 
567; 0; 2112.9361; 170; 407.8; 
567; 0; 2112.936; 170; 408; 
567; 0; 2112.9358; 170; 408.2; 
567; 0; 2112.9356; 170; 408.4; 
567; 0; 2112.9355; 170; 408.6; 
567; 0; 2112.9353; 170; 408.8; 
567; 0; 2112.9353; 170; 409; 
567; 0; 2112.9352; 170; 409.2; 
567; 0; 2112.9351; 170; 409.4; 
567; 0; 2112.935; 170; 409.6; 
567; 0; 2112.935; 170; 409.8; 
567; 0; 2112.9349; 170; 410; 
567; 0; 2112.9348; 170; 410.2; 
567; 0; 2112.9346; 170; 410.4; 
567; 0; 2112.9345; 170; 410.6; 
567; 0; 2112.9344; 170; 410.8; 
567; 0; 2112.9343; 170; 411; 
567; 0; 2102.3531; 170; 411.2; 
567; 0; 1899.7995; 170; 411.4; 
567; 0; 1674.5571; 170; 411.6; 
567; 0; 1652.8438; 170; 411.8; 
567; 0; 1652.8438; 170; 412; 
567; 0; 1652.8437; 170; 412.2; 
567; 0; 1652.8436; 170; 412.4; 
567; 0; 1652.8435; 170; 412.6; 
567; 0; 1652.8433; 170; 412.8; 
567; 0; 1652.8432; 170; 413; 
567; 0; 1652.8431; 170; 413.2; 
567; 0; 1652.8429; 170; 413.4; 
567; 0; 1652.8427; 170; 413.6; 
567; 0; 1652.8424; 170; 413.8; 
567; 0; 1652.8422; 170; 414; 
567; 0; 1652.8419; 170; 414.2; 
567; 0; 1652.8416; 170; 414.4; 
567; 0; 1652.8413; 170; 414.6; 
567; 0; 1652.8409; 170; 414.8; 
567; 0; 1652.8406; 170; 415; 
567; 0; 1652.8402; 170; 415.2; 
567; 0; 1652.8399; 170; 415.4; 
567; 0; 1652.8394; 170; 415.6; 
567; 0; 1652.839; 170; 415.8; 
567; 0; 1652.8385; 170; 416; 
567; 0; 1639.401; 170; 416.2; 
567; 0; 1639.4005; 170; 416.4; 
567; 0; 1639.3999; 170; 416.6; 
567; 0; 1639.3994; 170; 416.8; 
567; 0; 1639.3988; 170; 417; 
567; 0; 1639.3983; 170; 417.2; 
567; 0; 1639.3977; 170; 417.4; 
567; 0; 1639.3972; 170; 417.6; 
567; 0; 1639.3968; 170; 417.8; 
567; 0; 1639.3963; 170; 418; 
567; 0; 1639.3958; 170; 418.2; 
567; 0; 1639.3953; 170; 418.4; 
567; 0; 1639.3948; 170; 418.6; 
567; 0; 1639.3943; 170; 418.8; 
567; 0; 1639.3938; 170; 419; 
567; 0; 1639.3933; 170; 419.2; 
567; 0; 1639.3928; 170; 419.4; 
567; 0; 1639.3923; 170; 419.6; 
567; 0; 1639.3917; 170; 419.8; 
567; 0; 1639.3912; 170; 420; 
567; 0; 1639.3907; 170; 420.2; 
567; 0; 1625.9412; 170; 420.4; 
567; 0; 1625.9407; 170; 420.6; 
567; 0; 1625.9402; 170; 420.8; 
567; 0; 1625.9396; 170; 421; 
567; 0; 1625.9392; 170; 421.2; 
567; 0; 1625.9387; 170; 421.4; 
567; 0; 1625.9382; 170; 421.6; 
567; 0; 1625.9378; 170; 421.8; 
567; 0; 1625.9373; 170; 422; 
567; 0; 1625.9369; 170; 422.2; 
567; 0; 1625.9364; 170; 422.4; 
567; 0; 1625.9359; 170; 422.6; 
567; 0; 1625.9354; 170; 422.8; 
567; 0; 1625.9349; 170; 423; 
567; 0; 1625.9343; 170; 423.2; 
567; 0; 1625.9338; 170; 423.4; 
567; 0; 1625.9333; 170; 423.6; 
567; 0; 1625.9329; 170; 423.8; 
567; 0; 1625.9324; 170; 424; 
567; 0; 1625.9319; 170; 424.2; 
567; 0; 1625.9315; 170; 424.4; 
567; 0; 1625.931; 170; 424.6; 
567; 0; 1625.9305; 170; 424.8; 
567; 0; 1612.4643; 170; 425; 
567; 0; 1612.4638; 170; 425.2; 
567; 0; 1612.4633; 170; 425.4; 
567; 0; 1612.4628; 170; 425.6; 
567; 0; 1612.4623; 170; 425.8; 
567; 0; 1612.4618; 170; 426; 
567; 0; 1612.4614; 170; 426.2; 
567; 0; 1612.461; 170; 426.4; 
567; 0; 1612.4606; 170; 426.6; 
567; 0; 1612.4601; 170; 426.8; 
567; 0; 1612.4597; 170; 427; 
567; 0; 1612.4592; 170; 427.2; 
567; 0; 1612.4587; 170; 427.4; 
567; 0; 1612.4582; 170; 427.6; 
567; 0; 1612.4577; 170; 427.8; 
567; 0; 1612.4572; 170; 428; 
567; 0; 1612.4568; 170; 428.2; 
567; 0; 1612.4563; 170; 428.4; 
567; 0; 1612.4559; 170; 428.6; 
567; 0; 1612.4555; 170; 428.8; 
567; 0; 1612.4551; 170; 429; 
567; 0; 1612.4546; 170; 429.2; 
567; 0; 1612.4542; 170; 429.4; 
567; 0; 1612.4537; 170; 429.6; 
567; 0; 1612.4533; 170; 429.8; 
567; 0; 1597.3395; 170; 430; 
567; 0; 1597.3391; 170; 430.2; 
567; 0; 1597.3387; 170; 430.4; 
567; 0; 1597.3382; 170; 430.6; 
567; 0; 1597.3378; 170; 430.8; 
567; 0; 1597.3374; 170; 431; 
567; 0; 1597.337; 170; 431.2; 
567; 0; 1597.3366; 170; 431.4; 
567; 0; 1597.3362; 170; 431.6; 
567; 0; 1597.3357; 170; 431.8; 
567; 0; 1597.3353; 170; 432; 
567; 0; 1597.3349; 170; 432.2; 
567; 0; 1597.3345; 170; 432.4; 
567; 0; 1597.3341; 170; 432.6; 
567; 0; 1597.3336; 170; 432.8; 
567; 0; 1597.3332; 170; 433; 
567; 0; 1597.3328; 170; 433.2; 
567; 0; 1597.3324; 170; 433.4; 
567; 0; 1597.332; 170; 433.6; 
567; 0; 1597.3315; 170; 433.8; 
567; 0; 1597.3312; 170; 434; 
567; 0; 1597.3308; 170; 434.2; 
567; 0; 1597.3304; 170; 434.4; 
567; 0; 1597.33; 170; 434.6; 
567; 0; 1597.3296; 170; 434.8; 
567; 0; 1597.3292; 170; 435; 
567; 0; 1597.3287; 170; 435.2; 
567; 0; 1597.3283; 170; 435.4; 
567; 0; 1582.2456; 170; 435.6; 
567; 0; 1582.2452; 170; 435.8; 
567; 0; 1582.2448; 170; 436; 
567; 0; 1582.2444; 170; 436.2; 
567; 0; 1582.244; 170; 436.4; 
567; 0; 1583.3863; 170; 436.6; 
567; 0; 1594.8123; 170; 436.8; 
567; 0; 1607.3808; 170; 437; 
567; 0; 1618.8067; 170; 437.2; 
567; 0; 1631.3751; 170; 437.4; 
567; 0; 1642.8008; 170; 437.6; 
567; 0; 1654.2266; 170; 437.8; 
567; 0; 1665.6523; 170; 438; 
567; 0; 1677.078; 170; 438.2; 
567; 0; 1687.3611; 170; 438.4; 
567; 0; 1697.6442; 170; 438.6; 
567; 0; 1707.9273; 170; 438.8; 
567; 0; 1717.0677; 170; 439; 
567; 0; 1726.2081; 170; 439.2; 
567; 0; 1735.6991; 170; 439.4; 
567; 0; 1744.751; 170; 439.6; 
567; 0; 1753.8029; 170; 439.8; 
567; 0; 1761.5616; 170; 440; 
567; 0; 1769.3203; 170; 440.2; 
567; 0; 1777.079; 170; 440.4; 
567; 0; 1784.8376; 170; 440.6; 
567; 0; 1791.3029; 170; 440.8; 
567; 0; 1797.7676; 170; 441; 
567; 0; 1804.2312; 170; 441.2; 
567; 0; 1810.693; 170; 441.4; 
567; 0; 1814.9358; 170; 441.6; 
567; 0; 1818.0465; 170; 441.8; 
567; 0; 1822.1934; 170; 442; 
567; 0; 1825.2987; 170; 442.2; 
567; 0; 1829.4407; 170; 442.4; 
567; 0; 1833.5816; 170; 442.6; 
567; 0; 1838.7616; 170; 442.8; 
567; 0; 1846.0208; 170; 443; 
567; 0; 1853.2831; 170; 443.2; 
567; 0; 1862.6269; 170; 443.4; 
567; 0; 1871.9755; 170; 443.6; 
567; 0; 1868.4207; 170; 443.8; 
567; 0; 1877.8718; 170; 444; 
567; 0; 1886.2777; 170; 444.2; 
567; 0; 1893.637; 170; 444.4; 
567; 0; 1898.8989; 170; 444.6; 
567; 0; 1904.1603; 170; 444.8; 
567; 0; 1907.3213; 170; 445; 
567; 0; 1909.4301; 170; 445.2; 
567; 0; 1911.5352; 170; 445.4; 
567; 0; 1912.587; 170; 445.6; 
567; 0; 1912.5858; 170; 445.8; 
567; 0; 1913.6305; 170; 446; 
567; 0; 1913.6237; 170; 446.2; 
567; 0; 1914.6647; 170; 446.4; 
567; 0; 1915.7053; 170; 446.6; 
567; 0; 1917.7955; 170; 446.8; 
567; 0; 1919.8871; 170; 447; 
567; 0; 1921.9804; 170; 447.2; 
567; 0; 1925.125; 170; 447.4; 
567; 0; 1927.2227; 170; 447.6; 
567; 0; 1930.3716; 170; 447.8; 
567; 0; 1932.473; 170; 448; 
567; 0; 1934.5755; 170; 448.2; 
567; 0; 1936.6787; 170; 448.4; 
567; 0; 1937.7328; 170; 448.6; 
567; 0; 1938.7863; 170; 448.8; 
567; 0; 1939.8391; 170; 449; 
567; 0; 1939.8415; 170; 449.2; 
567; 0; 1940.8919; 170; 449.4; 
567; 0; 1940.8919; 170; 449.6; 
567; 0; 1940.8909; 170; 449.8; 
567; 0; 1940.8891; 170; 450; 
567; 0; 1940.8867; 170; 450.2; 
567; 0; 1940.8841; 170; 450.4; 
567; 0; 1940.8817; 170; 450.6; 
567; 0; 1941.9292; 170; 450.8; 
567; 0; 1941.929; 170; 451; 
567; 0; 1942.9805; 170; 451.2; 
567; 0; 1944.035; 170; 451.4; 
567; 0; 1945.0926; 170; 451.6; 
567; 0; 1945.1035; 170; 451.8; 
567; 0; 1945.116; 170; 452; 
567; 0; 1944.0795; 170; 452.2; 
567; 0; 1941.9909; 170; 452.4; 
567; 0; 1938.8506; 170; 452.6; 
567; 0; 1935.7076; 170; 452.8; 
567; 0; 1932.5617; 170; 453; 
567; 0; 1928.3636; 170; 453.2; 
567; 0; 1924.163; 170; 453.4; 
567; 0; 1919.9607; 170; 453.6; 
567; 0; 1916.8066; 170; 453.8; 
567; 0; 1913.6522; 170; 454; 
567; 0; 1910.497; 170; 454.2; 
567; 0; 1908.3925; 170; 454.4; 
567; 0; 1906.2897; 170; 454.6; 
567; 0; 1904.1889; 170; 454.8; 
567; 0; 1903.1392; 170; 455; 
567; 0; 1901.0417; 170; 455.2; 
567; 0; 1899.9946; 170; 455.4; 
567; 0; 1897.8987; 170; 455.6; 
567; 0; 1896.8522; 170; 455.8; 
567; 0; 1895.8055; 170; 456; 
567; 0; 1893.7091; 170; 456.2; 
567; 0; 1892.6612; 170; 456.4; 
567; 0; 1890.5634; 170; 456.6; 
567; 0; 1889.5141; 170; 456.8; 
567; 0; 1887.4151; 170; 457; 
567; 0; 1886.3649; 170; 457.2; 
567; 0; 1884.2653; 170; 457.4; 
567; 0; 1883.2148; 170; 457.6; 
567; 0; 1882.1644; 170; 457.8; 
567; 0; 1881.1143; 170; 458; 
567; 0; 1880.0645; 170; 458.2; 
567; 0; 1879.015; 170; 458.4; 
567; 0; 1879.015; 170; 458.6; 
567; 0; 1877.966; 170; 458.8; 
567; 0; 1876.9171; 170; 459; 
567; 0; 1876.9175; 170; 459.2; 
567; 0; 1875.8687; 170; 459.4; 
567; 0; 1875.869; 170; 459.6; 
567; 0; 1874.8201; 170; 459.8; 
567; 0; 1874.8204; 170; 460; 
567; 0; 1873.7714; 170; 460.2; 
567; 0; 1873.7715; 170; 460.4; 
567; 0; 1872.7223; 170; 460.6; 
567; 0; 1872.7222; 170; 460.8; 
567; 0; 1871.6729; 170; 461; 
567; 0; 1871.6729; 170; 461.2; 
567; 0; 1871.6729; 170; 461.4; 
567; 0; 1870.6237; 170; 461.6; 
567; 0; 1870.6238; 170; 461.8; 
567; 0; 1870.6239; 170; 462; 
567; 0; 1869.5747; 170; 462.2; 
567; 0; 1869.5747; 170; 462.4; 
567; 0; 1869.5748; 170; 462.6; 
567; 0; 1869.5748; 170; 462.8; 
567; 0; 1868.5257; 170; 463; 
567; 0; 1868.5257; 170; 463.2; 
567; 0; 1868.5258; 170; 463.4; 
567; 0; 1868.5259; 170; 463.6; 
567; 0; 1867.4767; 170; 463.8; 
567; 0; 1867.4768; 170; 464; 
567; 0; 1867.4768; 170; 464.2; 
567; 0; 1867.4768; 170; 464.4; 
567; 0; 1867.4769; 170; 464.6; 
567; 0; 1867.4769; 170; 464.8; 
567; 0; 1867.477; 170; 465; 
567; 0; 1866.4279; 170; 465.2; 
567; 0; 1866.4279; 170; 465.4; 
567; 0; 1866.428; 170; 465.6; 
567; 0; 1866.428; 170; 465.8; 
567; 0; 1866.428; 170; 466; 
567; 0; 1866.428; 170; 466.2; 
567; 0; 1866.4281; 170; 466.4; 
567; 0; 1866.4281; 170; 466.6; 
567; 0; 1866.4282; 170; 466.8; 
567; 0; 1865.379; 170; 467; 
567; 0; 1865.3791; 170; 467.2; 
567; 0; 1865.3792; 170; 467.4; 
567; 0; 1865.3792; 170; 467.6; 
567; 0; 1865.3793; 170; 467.8; 
567; 0; 1878.3157; 170; 468; 
567; 0; 1878.3158; 170; 468.2; 
567; 0; 1878.3159; 170; 468.4; 
567; 0; 1878.3159; 170; 468.6; 
567; 0; 1878.3159; 170; 468.8; 
567; 0; 1877.277; 170; 469; 
567; 0; 1877.2771; 170; 469.2; 
567; 0; 1877.2771; 170; 469.4; 
567; 0; 1876.2382; 170; 469.6; 
567; 0; 1876.2382; 170; 469.8; 
567; 0; 1876.2382; 170; 470; 
567; 0; 1875.1993; 170; 470.2; 
567; 0; 1875.1993; 170; 470.4; 
567; 0; 1874.1604; 170; 470.6; 
567; 0; 1874.1605; 170; 470.8; 
567; 0; 1873.1217; 170; 471; 
567; 0; 1873.1218; 170; 471.2; 
567; 0; 1873.1219; 170; 471.4; 
567; 0; 1872.0831; 170; 471.6; 
567; 0; 1872.0832; 170; 471.8; 
567; 0; 1871.0444; 170; 472; 
567; 0; 1871.0445; 170; 472.2; 
567; 0; 1871.0446; 170; 472.4; 
567; 0; 1870.0057; 170; 472.6; 
567; 0; 1870.0056; 170; 472.8; 
567; 0; 1868.9667; 170; 473; 
567; 0; 1868.9666; 170; 473.2; 
567; 0; 1868.9667; 170; 473.4; 
567; 0; 1868.9667; 170; 473.6; 
567; 0; 1867.9279; 170; 473.8; 
567; 0; 1867.928; 170; 474; 
567; 0; 1867.9281; 170; 474.2; 
567; 0; 1867.9282; 170; 474.4; 
567; 0; 1867.9284; 170; 474.6; 
567; 0; 1866.8895; 170; 474.8; 
567; 0; 1866.8896; 170; 475; 
567; 0; 1866.8896; 170; 475.2; 
567; 0; 1866.8895; 170; 475.4; 
567; 0; 1866.8889; 170; 475.6; 
567; 0; 1867.9264; 170; 475.8; 
567; 0; 1867.9233; 170; 476; 
567; 0; 1867.9181; 170; 476.2; 
567; 0; 1866.8713; 170; 476.4; 
567; 0; 1866.8604; 170; 476.6; 
567; 0; 1866.8469; 170; 476.8; 
567; 0; 1867.8707; 170; 477; 
567; 0; 1869.9332; 170; 477.2; 
567; 0; 1874.0747; 170; 477.4; 
567; 0; 1866.3291; 170; 477.6; 
567; 0; 1872.6169; 170; 477.8; 
567; 0; 1878.9097; 170; 478; 
567; 0; 1887.3057; 170; 478.2; 
567; 0; 1894.6575; 170; 478.4; 
567; 0; 1902.0134; 170; 478.6; 
567; 0; 1907.274; 170; 478.8; 
567; 0; 1912.5361; 170; 479; 
567; 0; 1916.7489; 170; 479.2; 
567; 0; 1918.8617; 170; 479.4; 
567; 0; 1920.9719; 170; 479.6; 
567; 0; 1922.0292; 170; 479.8; 
567; 0; 1922.0333; 170; 480; 
567; 0; 1922.0335; 170; 480.2; 
567; 0; 1922.0302; 170; 480.4; 
567; 0; 1922.0241; 170; 480.6; 
567; 0; 1922.0164; 170; 480.8; 
567; 0; 1922.008; 170; 481; 
567; 0; 1923.0491; 170; 481.2; 
567; 0; 1924.0911; 170; 481.4; 
567; 0; 1926.184; 170; 481.6; 
567; 0; 1928.2789; 170; 481.8; 
567; 0; 1930.376; 170; 482; 
567; 0; 1933.5243; 170; 482.2; 
567; 0; 1935.6252; 170; 482.4; 
567; 0; 1936.6783; 170; 482.6; 
567; 0; 1938.7813; 170; 482.8; 
567; 0; 1939.8353; 170; 483; 
567; 0; 1940.8891; 170; 483.2; 
567; 0; 1940.8929; 170; 483.4; 
567; 0; 1940.8957; 170; 483.6; 
567; 0; 1940.8973; 170; 483.8; 
567; 0; 1940.8976; 170; 484; 
567; 0; 1940.8968; 170; 484.2; 
567; 0; 1940.8951; 170; 484.4; 
567; 0; 1940.8928; 170; 484.6; 
567; 0; 1940.8902; 170; 484.8; 
567; 0; 1940.8877; 170; 485; 
567; 0; 1940.8855; 170; 485.2; 
567; 0; 1940.8838; 170; 485.4; 
567; 0; 1941.9319; 170; 485.6; 
567; 0; 1941.9315; 170; 485.8; 
567; 0; 1942.9809; 170; 486; 
567; 0; 1942.9817; 170; 486.2; 
567; 0; 1944.032; 170; 486.4; 
567; 0; 1944.0334; 170; 486.6; 
567; 0; 1944.0348; 170; 486.8; 
567; 0; 1944.0361; 170; 487; 
567; 0; 1945.0864; 170; 487.2; 
567; 0; 1945.0872; 170; 487.4; 
567; 0; 1944.0386; 170; 487.6; 
567; 0; 1944.0388; 170; 487.8; 
567; 0; 1944.0386; 170; 488; 
567; 0; 1944.0382; 170; 488.2; 
567; 0; 1944.0376; 170; 488.4; 
567; 0; 1944.0369; 170; 488.6; 
567; 0; 1944.0363; 170; 488.8; 
567; 0; 1944.0357; 170; 489; 
567; 0; 1944.0353; 170; 489.2; 
567; 0; 1944.035; 170; 489.4; 
567; 0; 1944.035; 170; 489.6; 
567; 0; 1944.035; 170; 489.8; 
567; 0; 1945.0844; 170; 490; 
567; 0; 1945.0848; 170; 490.2; 
567; 0; 1945.0852; 170; 490.4; 
567; 0; 1945.0857; 170; 490.6; 
567; 0; 1945.0861; 170; 490.8; 
567; 0; 1945.0864; 170; 491; 
567; 0; 1945.0865; 170; 491.2; 
567; 0; 1945.0867; 170; 491.4; 
567; 0; 1945.0867; 170; 491.6; 
567; 0; 1945.0867; 170; 491.8; 
567; 0; 1945.0866; 170; 492; 
567; 0; 1944.0374; 170; 492.2; 
567; 0; 1944.0373; 170; 492.4; 
567; 0; 1944.0373; 170; 492.6; 
567; 0; 1944.0373; 170; 492.8; 
567; 0; 1944.0372; 170; 493; 
567; 0; 1944.0372; 170; 493.2; 
567; 0; 1945.0866; 170; 493.4; 
567; 0; 1945.0877; 170; 493.6; 
567; 0; 1945.0903; 170; 493.8; 
567; 0; 1946.1446; 170; 494; 
567; 0; 1946.1525; 170; 494.2; 
567; 0; 1946.1629; 170; 494.4; 
567; 0; 1945.1259; 170; 494.6; 
567; 0; 1944.0881; 170; 494.8; 
567; 0; 1941.9993; 170; 495; 
567; 0; 1938.8594; 170; 495.2; 
567; 0; 1935.7169; 170; 495.4; 
567; 0; 1931.5221; 170; 495.6; 
567; 0; 1927.3244; 170; 495.8; 
567; 0; 1923.1243; 170; 496; 
567; 0; 1918.9224; 170; 496.2; 
567; 0; 1915.7688; 170; 496.4; 
567; 0; 1911.5657; 170; 496.6; 
567; 0; 1908.4123; 170; 496.8; 
567; 0; 1905.2599; 170; 497; 
567; 0; 1903.1574; 170; 497.2; 
567; 0; 1901.0564; 170; 497.4; 
567; 0; 1898.9568; 170; 497.6; 
567; 0; 1896.8585; 170; 497.8; 
567; 0; 1895.8103; 170; 498; 
567; 0; 1893.7134; 170; 498.2; 
567; 0; 1891.6166; 170; 498.4; 
567; 0; 1890.569; 170; 498.6; 
567; 0; 1888.4714; 170; 498.8; 
567; 0; 1886.3735; 170; 499; 
567; 0; 1885.3245; 170; 499.2; 
567; 0; 1883.2259; 170; 499.4; 
567; 0; 1882.1763; 170; 499.6; 
567; 0; 1881.1265; 170; 499.8; 
567; 0; 1879.0272; 170; 500; 
567; 0; 1877.9772; 170; 500.2; 
567; 0; 1876.9272; 170; 500.4; 
567; 0; 1875.8773; 170; 500.6; 
567; 0; 1874.8276; 170; 500.8; 
567; 0; 1873.7781; 170; 501; 
567; 0; 1873.7781; 170; 501.2; 
567; 0; 1872.729; 170; 501.4; 
567; 0; 1871.68; 170; 501.6; 
567; 0; 1871.6802; 170; 501.8; 
567; 0; 1870.6312; 170; 502; 
567; 0; 1870.6314; 170; 502.2; 
567; 0; 1869.5823; 170; 502.4; 
567; 0; 1869.5824; 170; 502.6; 
567; 0; 1868.5332; 170; 502.8; 
567; 0; 1868.5331; 170; 503; 
567; 0; 1867.4838; 170; 503.2; 
567; 0; 1867.4836; 170; 503.4; 
567; 0; 1867.4836; 170; 503.6; 
567; 0; 1866.4343; 170; 503.8; 
567; 0; 1866.4343; 170; 504; 
567; 0; 1866.4342; 170; 504.2; 
567; 0; 1866.4343; 170; 504.4; 
567; 0; 1865.3851; 170; 504.6; 
567; 0; 1865.3852; 170; 504.8; 
567; 0; 1878.3216; 170; 505; 
567; 0; 1878.3217; 170; 505.2; 
567; 0; 1878.3218; 170; 505.4; 
567; 0; 1877.2829; 170; 505.6; 
567; 0; 1877.2829; 170; 505.8; 
567; 0; 1877.2829; 170; 506; 
567; 0; 1876.244; 170; 506.2; 
567; 0; 1876.2441; 170; 506.4; 
567; 0; 1876.2441; 170; 506.6; 
567; 0; 1875.2052; 170; 506.8; 
567; 0; 1875.2052; 170; 507; 
567; 0; 1874.1662; 170; 507.2; 
567; 0; 1874.1661; 170; 507.4; 
567; 0; 1873.1271; 170; 507.6; 
567; 0; 1873.1271; 170; 507.8; 
567; 0; 1872.0882; 170; 508; 
567; 0; 1872.0883; 170; 508.2; 
567; 0; 1871.0495; 170; 508.4; 
567; 0; 1871.0497; 170; 508.6; 
567; 0; 1871.0499; 170; 508.8; 
567; 0; 1870.0111; 170; 509; 
567; 0; 1870.0112; 170; 509.2; 
567; 0; 1868.9723; 170; 509.4; 
567; 0; 1868.9723; 170; 509.6; 
567; 0; 1868.9723; 170; 509.8; 
567; 0; 1867.9333; 170; 510; 
567; 0; 1867.9333; 170; 510.2; 
567; 0; 1867.9334; 170; 510.4; 
567; 0; 1866.8945; 170; 510.6; 
567; 0; 1866.8945; 170; 510.8; 
567; 0; 1866.8945; 170; 511; 
567; 0; 1866.8945; 170; 511.2; 
567; 0; 1865.8555; 170; 511.4; 
567; 0; 1865.8555; 170; 511.6; 
567; 0; 1865.8555; 170; 511.8; 
567; 0; 1865.8555; 170; 512; 
567; 0; 1865.8556; 170; 512.2; 
567; 0; 1865.8557; 170; 512.4; 
567; 0; 1864.8168; 170; 512.6; 
567; 0; 1864.8168; 170; 512.8; 
567; 0; 1864.8169; 170; 513; 
567; 0; 1864.8169; 170; 513.2; 
567; 0; 1864.817; 170; 513.4; 
567; 0; 1864.817; 170; 513.6; 
567; 0; 1864.8171; 170; 513.8; 
567; 0; 1864.8171; 170; 514; 
567; 0; 1864.8171; 170; 514.2; 
567; 0; 1863.7782; 170; 514.4; 
567; 0; 1863.7783; 170; 514.6; 
567; 0; 1863.7783; 170; 514.8; 
567; 0; 1863.7783; 170; 515; 
567; 0; 1863.7783; 170; 515.2; 
567; 0; 1863.7783; 170; 515.4; 
567; 0; 1863.7782; 170; 515.6; 
567; 0; 1863.7782; 170; 515.8; 
567; 0; 1863.7782; 170; 516; 
567; 0; 1863.7782; 170; 516.2; 
567; 0; 1863.7782; 170; 516.4; 
567; 0; 1863.7782; 170; 516.6; 
567; 0; 1863.7782; 170; 516.8; 
567; 0; 1863.7782; 170; 517; 
567; 0; 1863.7783; 170; 517.2; 
567; 0; 1863.7783; 170; 517.4; 
567; 0; 1863.7784; 170; 517.6; 
567; 0; 1863.7784; 170; 517.8; 
567; 0; 1863.7785; 170; 518; 
567; 0; 1862.7396; 170; 518.2; 
567; 0; 1862.7396; 170; 518.4; 
567; 0; 1862.7396; 170; 518.6; 
567; 0; 1862.7397; 170; 518.8; 
567; 0; 1862.7397; 170; 519; 
567; 0; 1862.7397; 170; 519.2; 
567; 0; 1862.7397; 170; 519.4; 
567; 0; 1862.7396; 170; 519.6; 
567; 0; 1862.7396; 170; 519.8; 
567; 0; 1862.7395; 170; 520; 
567; 0; 1862.7395; 170; 520.2; 
567; 0; 1862.7395; 170; 520.4; 
567; 0; 1862.7395; 170; 520.6; 
567; 0; 1862.7395; 170; 520.8; 
567; 0; 1862.7395; 170; 521; 
567; 0; 1862.7396; 170; 521.2; 
567; 0; 1862.7396; 170; 521.4; 
567; 0; 1862.7396; 170; 521.6; 
567; 0; 1862.7397; 170; 521.8; 
567; 0; 1862.7397; 170; 522; 
567; 0; 1862.7398; 170; 522.2; 
567; 0; 1862.7398; 170; 522.4; 
567; 0; 1862.7399; 170; 522.6; 
567; 0; 1862.7399; 170; 522.8; 
567; 0; 1862.7399; 170; 523; 
567; 0; 1862.7398; 170; 523.2; 
567; 0; 1862.7398; 170; 523.4; 
567; 0; 1862.7398; 170; 523.6; 
567; 0; 1862.7398; 170; 523.8; 
567; 0; 1862.7399; 170; 524; 
567; 0; 1862.7399; 170; 524.2; 
567; 0; 1862.74; 170; 524.4; 
567; 0; 1862.74; 170; 524.6; 
567; 0; 1862.74; 170; 524.8; 
567; 0; 1862.74; 170; 525; 
567; 0; 1862.74; 170; 525.2; 
567; 0; 1862.7399; 170; 525.4; 
567; 0; 1862.7399; 170; 525.6; 
567; 0; 1862.7399; 170; 525.8; 
567; 0; 1862.7399; 170; 526; 
567; 0; 1862.7399; 170; 526.2; 
567; 0; 1862.74; 170; 526.4; 
567; 0; 1862.74; 170; 526.6; 
567; 0; 1862.74; 170; 526.8; 
567; 0; 1862.74; 170; 527; 
567; 0; 1862.74; 170; 527.2; 
567; 0; 1862.7401; 170; 527.4; 
567; 0; 1862.7401; 170; 527.6; 
567; 0; 1862.7401; 170; 527.8; 
567; 0; 1862.7401; 170; 528; 
567; 0; 1862.7401; 170; 528.2; 
567; 0; 1862.7401; 170; 528.4; 
567; 0; 1862.7401; 170; 528.6; 
567; 0; 1861.7012; 170; 528.8; 
567; 0; 1861.7012; 170; 529; 
567; 0; 1861.7012; 170; 529.2; 
567; 0; 1861.7012; 170; 529.4; 
567; 0; 1861.7012; 170; 529.6; 
567; 0; 1861.7012; 170; 529.8; 
567; 0; 1861.7012; 170; 530; 
567; 0; 1861.7013; 170; 530.2; 
567; 0; 1861.7013; 170; 530.4; 
567; 0; 1861.7012; 170; 530.6; 
567; 0; 1861.7013; 170; 530.8; 
567; 0; 1861.7013; 170; 531; 
567; 0; 1861.7013; 170; 531.2; 
567; 0; 1861.7013; 170; 531.4; 
567; 0; 1861.7014; 170; 531.6; 
567; 0; 1861.7014; 170; 531.8; 
567; 0; 1861.7014; 170; 532; 
567; 0; 1861.7014; 170; 532.2; 
567; 0; 1861.7014; 170; 532.4; 
567; 0; 1861.7014; 170; 532.6; 
567; 0; 1861.7014; 170; 532.8; 
567; 0; 1861.7014; 170; 533; 
567; 0; 1861.7014; 170; 533.2; 
567; 0; 1861.7014; 170; 533.4; 
567; 0; 1861.7015; 170; 533.6; 
567; 0; 1861.7015; 170; 533.8; 
567; 0; 1861.7015; 170; 534; 
567; 0; 1861.7015; 170; 534.2; 
567; 0; 1861.7015; 170; 534.4; 
567; 0; 1861.7015; 170; 534.6; 
567; 0; 1861.7015; 170; 534.8; 
567; 0; 1861.7015; 170; 535; 
567; 0; 1861.7015; 170; 535.2; 
567; 0; 1861.7015; 170; 535.4; 
567; 0; 1861.7015; 170; 535.6; 
567; 0; 1861.7015; 170; 535.8; 
567; 0; 1861.7015; 170; 536; 
567; 0; 1861.7015; 170; 536.2; 
567; 0; 1861.7015; 170; 536.4; 
567; 0; 1861.7015; 170; 536.6; 
567; 0; 1861.7015; 170; 536.8; 
567; 0; 1861.7015; 170; 537; 
567; 0; 1861.7016; 170; 537.2; 
567; 0; 1861.7016; 170; 537.4; 
567; 0; 1861.7016; 170; 537.6; 
567; 0; 1861.7016; 170; 537.8; 
567; 0; 1861.7017; 170; 538; 
567; 0; 1861.7017; 170; 538.2; 
567; 0; 1861.7016; 170; 538.4; 
567; 0; 1861.7016; 170; 538.6; 
567; 0; 1862.7405; 170; 538.8; 
567; 0; 1862.7405; 170; 539; 
567; 0; 1862.7402; 170; 539.2; 
567; 0; 1862.7395; 170; 539.4; 
567; 0; 1863.7769; 170; 539.6; 
567; 0; 1863.7735; 170; 539.8; 
567; 0; 1863.768; 170; 540; 
567; 0; 1863.7603; 170; 540.2; 
567; 0; 1863.7504; 170; 540.4; 
567; 0; 1863.7387; 170; 540.6; 
567; 0; 1865.8037; 170; 540.8; 
567; 0; 1866.8296; 170; 541; 
567; 0; 1869.934; 170; 541.2; 
567; 0; 1874.0792; 170; 541.4; 
567; 0; 1867.3868; 170; 541.6; 
567; 0; 1873.6785; 170; 541.8; 
567; 0; 1879.9748; 170; 542; 
567; 0; 1887.3253; 170; 542.2; 
567; 0; 1894.6806; 170; 542.4; 
567; 0; 1900.9912; 170; 542.6; 
567; 0; 1906.2558; 170; 542.8; 
567; 0; 1909.4235; 170; 543; 
567; 0; 1912.5907; 170; 543.2; 
567; 0; 1913.6563; 170; 543.4; 
567; 0; 1913.6668; 170; 543.6; 
567; 0; 1912.6238; 170; 543.8; 
567; 0; 1911.5762; 170; 544; 
567; 0; 1909.4747; 170; 544.2; 
567; 0; 1907.3695; 170; 544.4; 
567; 0; 1905.2615; 170; 544.6; 
567; 0; 1904.1994; 170; 544.8; 
567; 0; 1903.1364; 170; 545; 
567; 0; 1903.124; 170; 545.2; 
567; 0; 1904.1636; 170; 545.4; 
567; 0; 1906.256; 170; 545.6; 
567; 0; 1908.3526; 170; 545.8; 
567; 0; 1910.4536; 170; 546; 
567; 0; 1912.5585; 170; 546.2; 
567; 0; 1914.6666; 170; 546.4; 
567; 0; 1915.7273; 170; 546.6; 
567; 0; 1915.7394; 170; 546.8; 
567; 0; 1915.7506; 170; 547; 
567; 0; 1914.7089; 170; 547.2; 
567; 0; 1912.6155; 170; 547.4; 
567; 0; 1910.5193; 170; 547.6; 
567; 0; 1908.4206; 170; 547.8; 
567; 0; 1906.3195; 170; 548; 
567; 0; 1904.2167; 170; 548.2; 
567; 0; 1902.1128; 170; 548.4; 
567; 0; 1900.0078; 170; 548.6; 
567; 0; 1898.9522; 170; 548.8; 
567; 0; 1897.8978; 170; 549; 
567; 0; 1896.8451; 170; 549.2; 
567; 0; 1896.8436; 170; 549.4; 
567; 0; 1896.844; 170; 549.6; 
567; 0; 1896.846; 170; 549.8; 
567; 0; 1895.8; 170; 550; 
567; 0; 1895.8038; 170; 550.2; 
567; 0; 1894.7586; 170; 550.4; 
567; 0; 1894.7624; 170; 550.6; 
567; 0; 1893.7163; 170; 550.8; 
567; 0; 1892.6689; 170; 551; 
567; 0; 1891.6206; 170; 551.2; 
567; 0; 1889.5223; 170; 551.4; 
567; 0; 1888.4726; 170; 551.6; 
567; 0; 1887.4224; 170; 551.8; 
567; 0; 1886.372; 170; 552; 
567; 0; 1885.3212; 170; 552.2; 
567; 0; 1884.2705; 170; 552.4; 
567; 0; 1883.2201; 170; 552.6; 
567; 0; 1883.2193; 170; 552.8; 
567; 0; 1882.1698; 170; 553; 
567; 0; 1881.1207; 170; 553.2; 
567; 0; 1881.1212; 170; 553.4; 
567; 0; 1880.0728; 170; 553.6; 
567; 0; 1880.0737; 170; 553.8; 
567; 0; 1879.0253; 170; 554; 
567; 0; 1879.0261; 170; 554.2; 
567; 0; 1877.9774; 170; 554.4; 
567; 0; 1876.9285; 170; 554.6; 
567; 0; 1876.9288; 170; 554.8; 
567; 0; 1875.8796; 170; 555; 
567; 0; 1875.8796; 170; 555.2; 
567; 0; 1874.8303; 170; 555.4; 
567; 0; 1874.8302; 170; 555.6; 
567; 0; 1873.7809; 170; 555.8; 
567; 0; 1873.7808; 170; 556; 
567; 0; 1872.7315; 170; 556.2; 
567; 0; 1872.7315; 170; 556.4; 
567; 0; 1871.6823; 170; 556.6; 
567; 0; 1871.6825; 170; 556.8; 
567; 0; 1871.6826; 170; 557; 
567; 0; 1870.6335; 170; 557.2; 
567; 0; 1870.6337; 170; 557.4; 
567; 0; 1870.6339; 170; 557.6; 
567; 0; 1869.5848; 170; 557.8; 
567; 0; 1869.5849; 170; 558; 
567; 0; 1869.585; 170; 558.2; 
567; 0; 1868.5358; 170; 558.4; 
567; 0; 1868.5359; 170; 558.6; 
567; 0; 1868.5359; 170; 558.8; 
567; 0; 1867.4867; 170; 559; 
567; 0; 1867.4867; 170; 559.2; 
567; 0; 1867.4867; 170; 559.4; 
567; 0; 1867.4867; 170; 559.6; 
567; 0; 1866.4375; 170; 559.8; 
567; 0; 1866.4376; 170; 560; 
567; 0; 1866.4376; 170; 560.2; 
567; 0; 1866.4377; 170; 560.4; 
567; 0; 1866.4377; 170; 560.6; 
567; 0; 1865.3886; 170; 560.8; 
567; 0; 1865.3887; 170; 561; 
567; 0; 1878.3248; 170; 561.2; 
567; 0; 1878.3249; 170; 561.4; 
567; 0; 1878.3249; 170; 561.6; 
567; 0; 1877.2861; 170; 561.8; 
567; 0; 1877.2861; 170; 562; 
567; 0; 1877.2862; 170; 562.2; 
567; 0; 1876.2472; 170; 562.4; 
567; 0; 1876.2472; 170; 562.6; 
567; 0; 1875.2083; 170; 562.8; 
567; 0; 1875.2083; 170; 563; 
567; 0; 1874.1695; 170; 563.2; 
567; 0; 1874.1695; 170; 563.4; 
567; 0; 1873.1306; 170; 563.6; 
567; 0; 1873.1307; 170; 563.8; 
567; 0; 1872.0918; 170; 564; 
567; 0; 1872.0919; 170; 564.2; 
567; 0; 1871.0531; 170; 564.4; 
567; 0; 1871.0531; 170; 564.6; 
567; 0; 1871.0532; 170; 564.8; 
567; 0; 1870.0143; 170; 565; 
567; 0; 1870.0143; 170; 565.2; 
567; 0; 1868.9754; 170; 565.4; 
567; 0; 1868.9753; 170; 565.6; 
567; 0; 1867.9364; 170; 565.8; 
567; 0; 1867.9364; 170; 566; 
567; 0; 1867.9365; 170; 566.2; 
567; 0; 1866.8976; 170; 566.4; 
567; 0; 1866.8976; 170; 566.6; 
567; 0; 1866.8977; 170; 566.8; 
567; 0; 1865.8589; 170; 567; 
567; 0; 1865.859; 170; 567.2; 
567; 0; 1865.859; 170; 567.4; 
567; 0; 1865.8591; 170; 567.6; 
567; 0; 1864.8202; 170; 567.8; 
567; 0; 1864.8202; 170; 568; 
567; 0; 1864.8202; 170; 568.2; 
567; 0; 1864.8202; 170; 568.4; 
567; 0; 1863.7813; 170; 568.6; 
567; 0; 1863.7813; 170; 568.8; 
567; 0; 1863.7812; 170; 569; 
567; 0; 1863.7812; 170; 569.2; 
567; 0; 1863.7812; 170; 569.4; 
567; 0; 1863.7813; 170; 569.6; 
567; 0; 1862.7424; 170; 569.8; 
567; 0; 1862.7424; 170; 570; 
567; 0; 1862.7424; 170; 570.2; 
567; 0; 1862.7425; 170; 570.4; 
567; 0; 1862.7425; 170; 570.6; 
567; 0; 1862.7425; 170; 570.8; 
567; 0; 1862.7426; 170; 571; 
567; 0; 1862.7426; 170; 571.2; 
567; 0; 1862.7426; 170; 571.4; 
567; 0; 1862.7426; 170; 571.6; 
567; 0; 1861.7036; 170; 571.8; 
567; 0; 1861.7036; 170; 572; 
567; 0; 1861.7036; 170; 572.2; 
567; 0; 1861.7036; 170; 572.4; 
567; 0; 1861.7036; 170; 572.6; 
567; 0; 1861.7036; 170; 572.8; 
567; 0; 1861.7036; 170; 573; 
567; 0; 1861.7036; 170; 573.2; 
567; 0; 1861.7037; 170; 573.4; 
567; 0; 1861.7038; 170; 573.6; 
567; 0; 1861.7039; 170; 573.8; 
567; 0; 1861.7039; 170; 574; 
567; 0; 1861.7039; 170; 574.2; 
567; 0; 1861.7039; 170; 574.4; 
567; 0; 1861.7038; 170; 574.6; 
567; 0; 1861.7038; 170; 574.8; 
567; 0; 1861.7038; 170; 575; 
567; 0; 1861.7038; 170; 575.2; 
567; 0; 1861.7038; 170; 575.4; 
567; 0; 1861.7038; 170; 575.6; 
567; 0; 1861.7038; 170; 575.8; 
567; 0; 1860.6649; 170; 576; 
567; 0; 1860.665; 170; 576.2; 
567; 0; 1860.665; 170; 576.4; 
567; 0; 1860.6651; 170; 576.6; 
567; 0; 1860.6651; 170; 576.8; 
567; 0; 1860.6651; 170; 577; 
567; 0; 1860.6651; 170; 577.2; 
567; 0; 1860.6651; 170; 577.4; 
567; 0; 1860.665; 170; 577.6; 
567; 0; 1860.665; 170; 577.8; 
567; 0; 1860.665; 170; 578; 
567; 0; 1860.665; 170; 578.2; 
567; 0; 1860.665; 170; 578.4; 
567; 0; 1860.665; 170; 578.6; 
567; 0; 1860.665; 170; 578.8; 
567; 0; 1860.665; 170; 579; 
567; 0; 1860.665; 170; 579.2; 
567; 0; 1860.665; 170; 579.4; 
567; 0; 1860.665; 170; 579.6; 
567; 0; 1860.665; 170; 579.8; 
567; 0; 1860.6651; 170; 580; 
567; 0; 1860.6651; 170; 580.2; 
567; 0; 1860.6652; 170; 580.4; 
567; 0; 1860.6652; 170; 580.6; 
567; 0; 1860.6652; 170; 580.8; 
567; 0; 1860.6652; 170; 581; 
567; 0; 1860.6652; 170; 581.2; 
567; 0; 1860.6652; 170; 581.4; 
567; 0; 1860.6651; 170; 581.6; 
567; 0; 1860.6651; 170; 581.8; 
567; 0; 1860.6651; 170; 582; 
567; 0; 1860.6651; 170; 582.2; 
567; 0; 1860.6651; 170; 582.4; 
567; 0; 1860.6651; 170; 582.6; 
567; 0; 1860.6651; 170; 582.8; 
567; 0; 1860.6651; 170; 583; 
567; 0; 1860.6652; 170; 583.2; 
567; 0; 1860.6652; 170; 583.4; 
567; 0; 1860.6652; 170; 583.6; 
567; 0; 1860.6652; 170; 583.8; 
567; 0; 1860.6652; 170; 584; 
567; 0; 1860.6652; 170; 584.2; 
567; 0; 1860.6652; 170; 584.4; 
567; 0; 1860.6652; 170; 584.6; 
567; 0; 1861.704; 170; 584.8; 
567; 0; 1861.7034; 170; 585; 
567; 0; 1861.702; 170; 585.2; 
567; 0; 1861.6996; 170; 585.4; 
567; 0; 1862.7336; 170; 585.6; 
567; 0; 1862.7261; 170; 585.8; 
567; 0; 1861.6767; 170; 586; 
567; 0; 1862.7025; 170; 586.2; 
567; 0; 1862.6877; 170; 586.4; 
567; 0; 1864.7504; 170; 586.6; 
567; 0; 1868.8919; 170; 586.8; 
567; 0; 1873.0361; 170; 587; 
567; 0; 1866.3332; 170; 587.2; 
567; 0; 1873.6748; 170; 587.4; 
567; 0; 1881.0216; 170; 587.6; 
567; 0; 1889.4225; 170; 587.8; 
567; 0; 1895.7294; 170; 588; 
567; 0; 1902.0392; 170; 588.2; 
567; 0; 1907.3014; 170; 588.4; 
567; 0; 1910.4651; 170; 588.6; 
567; 0; 1913.6271; 170; 588.8; 
567; 0; 1915.7371; 170; 589; 
567; 0; 1915.7449; 170; 589.2; 
567; 0; 1916.7979; 170; 589.4; 
567; 0; 1916.7978; 170; 589.6; 
567; 0; 1915.7451; 170; 589.8; 
567; 0; 1915.7396; 170; 590; 
567; 0; 1916.7825; 170; 590.2; 
567; 0; 1916.7768; 170; 590.4; 
567; 0; 1917.8221; 170; 590.6; 
567; 0; 1919.9193; 170; 590.8; 
567; 0; 1920.9704; 170; 591; 
567; 0; 1922.0246; 170; 591.2; 
567; 0; 1923.0814; 170; 591.4; 
567; 0; 1923.0906; 170; 591.6; 
567; 0; 1923.0996; 170; 591.8; 
567; 0; 1922.0577; 170; 592; 
567; 0; 1919.965; 170; 592.2; 
567; 0; 1917.8704; 170; 592.4; 
567; 0; 1915.7734; 170; 592.6; 
567; 0; 1912.6247; 170; 592.8; 
567; 0; 1909.4742; 170; 593; 
567; 0; 1907.3715; 170; 593.2; 
567; 0; 1904.2187; 170; 593.4; 
567; 0; 1902.1151; 170; 593.6; 
567; 0; 1900.0119; 170; 593.8; 
567; 0; 1898.9582; 170; 594; 
567; 0; 1896.8567; 170; 594.2; 
567; 0; 1895.8062; 170; 594.4; 
567; 0; 1895.8064; 170; 594.6; 
567; 0; 1894.7587; 170; 594.8; 
567; 0; 1893.7118; 170; 595; 
567; 0; 1892.6654; 170; 595.2; 
567; 0; 1891.6188; 170; 595.4; 
567; 0; 1890.5716; 170; 595.6; 
567; 0; 1889.5239; 170; 595.8; 
567; 0; 1887.4263; 170; 596; 
567; 0; 1886.3775; 170; 596.2; 
567; 0; 1885.3281; 170; 596.4; 
567; 0; 1884.2784; 170; 596.6; 
567; 0; 1882.179; 170; 596.8; 
567; 0; 1881.1289; 170; 597; 
567; 0; 1880.0788; 170; 597.2; 
567; 0; 1879.0288; 170; 597.4; 
567; 0; 1877.9789; 170; 597.6; 
567; 0; 1877.9787; 170; 597.8; 
567; 0; 1876.9293; 170; 598; 
567; 0; 1875.8803; 170; 598.2; 
567; 0; 1875.8806; 170; 598.4; 
567; 0; 1874.8318; 170; 598.6; 
567; 0; 1874.8323; 170; 598.8; 
567; 0; 1873.7835; 170; 599; 
567; 0; 1872.7346; 170; 599.2; 
567; 0; 1872.7348; 170; 599.4; 
567; 0; 1871.6857; 170; 599.6; 
567; 0; 1871.6858; 170; 599.8; 
567; 0; 1870.6364; 170; 600; 
567; 0; 1870.6364; 170; 600.2; 
567; 0; 1869.587; 170; 600.4; 
567; 0; 1869.587; 170; 600.6; 
567; 0; 1868.5377; 170; 600.8; 
567; 0; 1868.5377; 170; 601; 
567; 0; 1868.5378; 170; 601.2; 
567; 0; 1867.4887; 170; 601.4; 
567; 0; 1867.4888; 170; 601.6; 
567; 0; 1867.4889; 170; 601.8; 
567; 0; 1866.4397; 170; 602; 
567; 0; 1866.4398; 170; 602.2; 
567; 0; 1866.4399; 170; 602.4; 
567; 0; 1865.3907; 170; 602.6; 
567; 0; 1865.3907; 170; 602.8; 
567; 0; 1878.3268; 170; 603; 
567; 0; 1878.3268; 170; 603.2; 
567; 0; 1877.2879; 170; 603.4; 
567; 0; 1877.2879; 170; 603.6; 
567; 0; 1877.2879; 170; 603.8; 
567; 0; 1876.2489; 170; 604; 
567; 0; 1876.2489; 170; 604.2; 
567; 0; 1876.249; 170; 604.4; 
567; 0; 1875.2101; 170; 604.6; 
567; 0; 1875.2102; 170; 604.8; 
567; 0; 1874.1713; 170; 605; 
567; 0; 1874.1714; 170; 605.2; 
567; 0; 1873.1326; 170; 605.4; 
567; 0; 1872.0937; 170; 605.6; 
567; 0; 1872.0938; 170; 605.8; 
567; 0; 1871.0549; 170; 606; 
567; 0; 1871.055; 170; 606.2; 
567; 0; 1870.0161; 170; 606.4; 
567; 0; 1870.0161; 170; 606.6; 
567; 0; 1868.9773; 170; 606.8; 
567; 0; 1868.9773; 170; 607; 
567; 0; 1867.9385; 170; 607.2; 
567; 0; 1867.9385; 170; 607.4; 
567; 0; 1867.9385; 170; 607.6; 
567; 0; 1866.8996; 170; 607.8; 
567; 0; 1866.8996; 170; 608; 
567; 0; 1865.8606; 170; 608.2; 
567; 0; 1865.8605; 170; 608.4; 
567; 0; 1865.8605; 170; 608.6; 
567; 0; 1864.8216; 170; 608.8; 
567; 0; 1864.8216; 170; 609; 
567; 0; 1864.8217; 170; 609.2; 
567; 0; 1864.8219; 170; 609.4; 
567; 0; 1863.783; 170; 609.6; 
567; 0; 1863.7831; 170; 609.8; 
567; 0; 1863.7831; 170; 610; 
567; 0; 1863.7831; 170; 610.2; 
567; 0; 1862.7442; 170; 610.4; 
567; 0; 1862.7442; 170; 610.6; 
567; 0; 1862.7442; 170; 610.8; 
567; 0; 1862.7442; 170; 611; 
567; 0; 1862.7443; 170; 611.2; 
567; 0; 1862.7443; 170; 611.4; 
567; 0; 1862.7444; 170; 611.6; 
567; 0; 1861.7055; 170; 611.8; 
567; 0; 1861.7056; 170; 612; 
567; 0; 1861.7055; 170; 612.2; 
567; 0; 1861.7055; 170; 612.4; 
567; 0; 1861.7054; 170; 612.6; 
567; 0; 1861.7054; 170; 612.8; 
567; 0; 1861.7054; 170; 613; 
567; 0; 1861.7054; 170; 613.2; 
567; 0; 1861.7055; 170; 613.4; 
567; 0; 1861.7055; 170; 613.6; 
567; 0; 1860.6666; 170; 613.8; 
567; 0; 1860.6666; 170; 614; 
567; 0; 1860.6666; 170; 614.2; 
567; 0; 1860.6666; 170; 614.4; 
567; 0; 1860.6666; 170; 614.6; 
567; 0; 1860.6666; 170; 614.8; 
567; 0; 1860.6666; 170; 615; 
567; 0; 1860.6666; 170; 615.2; 
567; 0; 1860.6666; 170; 615.4; 
567; 0; 1860.6666; 170; 615.6; 
567; 0; 1860.6666; 170; 615.8; 
567; 0; 1860.6667; 170; 616; 
567; 0; 1860.6668; 170; 616.2; 
567; 0; 1860.6668; 170; 616.4; 
567; 0; 1860.6668; 170; 616.6; 
567; 0; 1860.6669; 170; 616.8; 
567; 0; 1860.6669; 170; 617; 
567; 0; 1860.6669; 170; 617.2; 
567; 0; 1860.6669; 170; 617.4; 
567; 0; 1859.628; 170; 617.6; 
567; 0; 1859.6279; 170; 617.8; 
567; 0; 1859.6279; 170; 618; 
567; 0; 1859.6278; 170; 618.2; 
567; 0; 1859.6278; 170; 618.4; 
567; 0; 1859.6278; 170; 618.6; 
567; 0; 1859.6278; 170; 618.8; 
567; 0; 1859.6278; 170; 619; 
567; 0; 1859.6278; 170; 619.2; 
567; 0; 1859.6278; 170; 619.4; 
567; 0; 1859.6279; 170; 619.6; 
567; 0; 1859.6279; 170; 619.8; 
567; 0; 1859.6279; 170; 620; 
567; 0; 1859.628; 170; 620.2; 
567; 0; 1859.628; 170; 620.4; 
567; 0; 1859.628; 170; 620.6; 
567; 0; 1859.628; 170; 620.8; 
567; 0; 1859.628; 170; 621; 
567; 0; 1859.6279; 170; 621.2; 
567; 0; 1859.6279; 170; 621.4; 
567; 0; 1859.628; 170; 621.6; 
567; 0; 1859.628; 170; 621.8; 
567; 0; 1859.628; 170; 622; 
567; 0; 1859.628; 170; 622.2; 
567; 0; 1859.628; 170; 622.4; 
567; 0; 1859.6279; 170; 622.6; 
567; 0; 1859.6279; 170; 622.8; 
567; 0; 1859.6279; 170; 623; 
567; 0; 1859.628; 170; 623.2; 
567; 0; 1859.628; 170; 623.4; 
567; 0; 1859.628; 170; 623.6; 
567; 0; 1859.6281; 170; 623.8; 
567; 0; 1859.6281; 170; 624; 
567; 0; 1859.6281; 170; 624.2; 
567; 0; 1859.6281; 170; 624.4; 
567; 0; 1859.628; 170; 624.6; 
567; 0; 1859.628; 170; 624.8; 
567; 0; 1859.6279; 170; 625; 
567; 0; 1859.6279; 170; 625.2; 
567; 0; 1859.628; 170; 625.4; 
567; 0; 1859.628; 170; 625.6; 
567; 0; 1859.6281; 170; 625.8; 
567; 0; 1859.6281; 170; 626; 
567; 0; 1859.6282; 170; 626.2; 
567; 0; 1859.6282; 170; 626.4; 
567; 0; 1859.6282; 170; 626.6; 
567; 0; 1859.6282; 170; 626.8; 
567; 0; 1859.6281; 170; 627; 
567; 0; 1859.628; 170; 627.2; 
567; 0; 1859.628; 170; 627.4; 
567; 0; 1859.6279; 170; 627.6; 
567; 0; 1859.6279; 170; 627.8; 
567; 0; 1859.6279; 170; 628; 
567; 0; 1859.628; 170; 628.2; 
567; 0; 1859.6281; 170; 628.4; 
567; 0; 1859.6281; 170; 628.6; 
567; 0; 1859.6282; 170; 628.8; 
567; 0; 1859.6283; 170; 629; 
567; 0; 1859.6283; 170; 629.2; 
567; 0; 1859.6283; 170; 629.4; 
567; 0; 1858.5893; 170; 629.6; 
567; 0; 1858.5892; 170; 629.8; 
567; 0; 1858.5891; 0; 630; 
567; 0; 0; 0; 630.2; 
567; 0; 0; 0; 630.4; 
567; 0; 0; 0; 630.6; 
567; 0; 0; 0; 630.8; 
567; 0; 0; 0; 631; 
567; 0; 0; 0; 631.2; 
567; 0; 0; 0; 631.4; 
567; 0; 0; 0; 631.6; 
567; 0; 0; 0; 631.8; 
567; 0; 0; 0; 632; 
567; 0; 0; 0; 632.2; 
567; 0; 0; 0; 632.4; 
567; 0; 0; 0; 632.6; 
567; 0; 0; 0; 632.8; 
567; 0; 0; 0; 633; 
567; 0; 0; 0; 633.2; 
567; 0; 0; 0; 633.4; 
567; 0; 0; 0; 633.6; 
567; 0; 0; 0; 633.8; 
567; 0; 0; 0; 634; 
567; 0; 0; 0; 634.2; 
567; 0; 0; 0; 634.4; 
567; 0; 0; 0; 634.6; 
567; 0; 0; 0; 634.8; 
567; 0; 0; 0; 635; 
567; 0; 0; 0; 635.2; 
567; 0; 0; 0; 635.4; 
567; 0; 0; 0; 635.6; 
567; 0; 0; 0; 635.8; 
567; 0; 0; 0; 636; 
567; 0; 0; 0; 636.2; 
567; 0; 0; 0; 636.4; 
567; 0; 0; 0; 636.6; 
567; 0; 0; 0; 636.8; 
567; 0; 0; 0; 637; 
567; 0; 0; 0; 637.2; 
567; 0; 0; 0; 637.4; 
567; 0; 0; 0; 637.6; 
567; 0; 0; 0; 637.8; 
567; 0; 0; 0; 638; 
567; 0; 0; 0; 638.2; 
567; 0; 0; 0; 638.4; 
567; 0; 0; 0; 638.6; 
567; 0; 0; 0; 638.8; 
567; 0; 0; 0; 639; 
567; 0; 0; 0; 639.2; 
567; 0; 0; 0; 639.4; 
567; 0; 0; 0; 639.6; 
567; 0; 0; 0; 639.8; 
567; 0; 0; 0; 640; 
567; 0; 0; 0; 640.2; 
567; 0; 0; 0; 640.4; 
567; 0; 0; 0; 640.6; 
567; 0; 0; 0; 640.8; 
567; 0; 0; 0; 641; 
567; 0; 0; 0; 641.2; 
567; 0; 0; 0; 641.4; 
567; 0; 0; 0; 641.6; 
567; 0; 0; 0; 641.8; 
567; 0; 0; 0; 642; 
567; 0; 0; 0; 642.2; 
567; 0; 0; 0; 642.4; 
567; 0; 0; 0; 642.6; 
567; 0; 0; 0; 642.8; 
567; 0; 0; 0; 643; 
567; 0; 0; 0; 643.2; 
567; 0; 0; 0; 643.4; 
567; 0; 0; 0; 643.6; 
567; 0; 0; 0; 643.8; 
567; 0; 0; 0; 644; 
567; 0; 0; 0; 644.2; 
567; 0; 0; 0; 644.4; 
567; 0; 0; 0; 644.6; 
567; 0; 0; 0; 644.8; 
567; 0; 0; 0; 645; 
567; 0; 0; 0; 645.2; 
567; 0; 0; 0; 645.4; 
567; 0; 0; 0; 645.6; 
567; 0; 0; 0; 645.8; 
567; 0; 0; 0; 646; 
567; 0; 0; 0; 646.2; 
567; 0; 0; 0; 646.4; 
567; 0; 0; 0; 646.6; 
567; 0; 0; 0; 646.8; 
567; 0; 0; 0; 647; 
567; 0; 0; 0; 647.2; 
567; 0; 0; 0; 647.4; 
567; 0; 0; 0; 647.6; 
567; 0; 0; 0; 647.8; 
567; 0; 0; 0; 648; 
567; 0; 0; 0; 648.2; 
567; 0; 0; 0; 648.4; 
567; 0; 0; 0; 648.6; 
567; 0; 0; 0; 648.8; 
567; 0; 0; 0; 649; 
567; 0; 0; 0; 649.2; 
567; 0; 0; 0; 649.4; 
567; 0; 0; 0; 649.6; 
567; 0; 0; 0; 649.8; 
567; 0; 0; 0; 650; 
567; 0; 0; 0; 650.2; 
567; 0; 0; 0; 650.4; 
567; 0; 0; 0; 650.6; 
567; 0; 0; 0; 650.8; 
567; 0; 0; 0; 651; 
567; 0; 0; 0; 651.2; 
567; 0; 0; 0; 651.4; 
567; 0; 0; 0; 651.6; 
567; 0; 0; 0; 651.8; 
567; 0; 0; 0; 652; 
567; 0; 0; 0; 652.2; 
567; 0; 0; 0; 652.4; 
567; 0; 0; 0; 652.6; 
567; 0; 0; 0; 652.8; 
567; 0; 0; 0; 653; 
567; 0; 0; 0; 653.2; 
567; 0; 0; 0; 653.4; 
567; 0; 0; 0; 653.6; 
567; 0; 0; 0; 653.8; 
567; 0; 0; 0; 654; 
567; 0; 0; 0; 654.2; 
567; 0; 0; 0; 654.4; 
567; 0; 0; 0; 654.6; 
567; 0; 0; 0; 654.8; 
567; 0; 0; 0; 655; 
567; 0; 0; 0; 655.2; 
567; 0; 0; 0; 655.4; 
567; 0; 0; 0; 655.6; 
567; 0; 0; 0; 655.8; 
567; 0; 0; 0; 656; 
567; 0; 0; 0; 656.2; 
567; 0; 0; 0; 656.4; 
567; 0; 0; 0; 656.6; 
567; 0; 0; 0; 656.8; 
567; 0; 0; 0; 657; 
567; 0; 0; 0; 657.2; 
567; 0; 0; 0; 657.4; 
567; 0; 0; 0; 657.6; 
567; 0; 0; 0; 657.8; 
567; 0; 0; 0; 658; 
567; 0; 0; 0; 658.2; 
567; 0; 0; 0; 658.4; 
567; 0; 0; 0; 658.6; 
567; 0; 0; 0; 658.8; 
567; 0; 0; 0; 659; 
567; 0; 0; 0; 659.2; 
567; 0; 0; 0; 659.4; 
567; 0; 0; 0; 659.6; 
567; 0; 0; 0; 659.8; 
567; 0; 0; 0; 660; 
567; 0; 0; 0; 660.2; 
567; 0; 0; 0; 660.4; 
567; 0; 0; 0; 660.6; 
567; 0; 0; 0; 660.8; 
567; 0; 0; 0; 661; 
567; 0; 0; 0; 661.2; 
567; 0; 0; 0; 661.4; 
567; 0; 0; 0; 661.6; 
567; 0; 0; 0; 661.8; 
567; 0; 0; 0; 662; 
567; 0; 0; 0; 662.2; 
567; 0; 0; 0; 662.4; 
567; 0; 0; 0; 662.6; 
567; 0; 0; 0; 662.8; 
567; 0; 0; 0; 663; 
567; 0; 0; 0; 663.2; 
567; 0; 0; 0; 663.4; 
567; 0; 0; 0; 663.6; 
567; 0; 0; 0; 663.8; 
567; 0; 0; 0; 664; 
567; 0; 0; 0; 664.2; 
567; 0; 0; 0; 664.4; 
567; 0; 0; 0; 664.6; 
567; 0; 0; 0; 664.8; 
567; 0; 0; 0; 665; 
567; 0; 0; 0; 665.2; 
567; 0; 0; 0; 665.4; 
567; 0; 0; 0; 665.6; 
567; 0; 0; 0; 665.8; 
567; 0; 0; 0; 666; 
567; 0; 0; 0; 666.2; 
567; 0; 0; 0; 666.4; 
567; 0; 0; 0; 666.6; 
567; 0; 0; 0; 666.8; 
567; 0; 0; 0; 667; 
567; 0; 0; 0; 667.2; 
567; 0; 0; 0; 667.4; 
567; 0; 0; 0; 667.6; 
567; 0; 0; 0; 667.8; 
567; 0; 0; 0; 668; 
567; 0; 0; 0; 668.2; 
567; 0; 0; 0; 668.4; 
567; 0; 0; 0; 668.6; 
567; 0; 0; 0; 668.8; 
567; 0; 0; 0; 669; 
567; 0; 0; 0; 669.2; 
567; 0; 0; 0; 669.4; 
567; 0; 0; 0; 669.6; 
567; 0; 0; 0; 669.8; 
567; 0; 0; 0; 670; 
567; 0; 0; 0; 670.2; 
567; 0; 0; 0; 670.4; 
567; 0; 0; 0; 670.6; 
567; 0; 0; 0; 670.8; 
567; 0; 0; 0; 671; 
567; 0; 0; 0; 671.2; 
567; 0; 0; 0; 671.4; 
567; 0; 0; 0; 671.6; 
567; 0; 0; 0; 671.8; 
567; 0; 0; 0; 672; 
567; 0; 0; 0; 672.2; 
567; 0; 0; 0; 672.4; 
567; 0; 0; 0; 672.6; 
567; 0; 0; 0; 672.8; 
567; 0; 0; 0; 673; 
567; 0; 0; 0; 673.2; 
567; 0; 0; 0; 673.4; 
567; 0; 0; 0; 673.6; 
567; 0; 0; 0; 673.8; 
567; 0; 0; 0; 674; 
567; 0; 0; 0; 674.2; 
567; 0; 0; 0; 674.4; 
567; 0; 0; 0; 674.6; 
567; 0; 0; 0; 674.8; 
567; 0; 0; 0; 675; 
567; 0; 0; 0; 675.2; 
567; 0; 0; 0; 675.4; 
567; 0; 0; 0; 675.6; 
567; 0; 0; 0; 675.8; 
567; 0; 0; 0; 676; 
567; 0; 0; 0; 676.2; 
567; 0; 0; 0; 676.4; 
567; 0; 0; 0; 676.6; 
567; 0; 0; 0; 676.8; 
567; 0; 0; 0; 677; 
567; 0; 0; 0; 677.2; 
567; 0; 0; 0; 677.4; 
567; 0; 0; 0; 677.6; 
567; 0; 0; 0; 677.8; 
567; 0; 0; 0; 678; 
567; 0; 0; 0; 678.2; 
567; 0; 0; 0; 678.4; 
567; 0; 0; 0; 678.6; 
567; 0; 0; 0; 678.8; 
567; 0; 0; 0; 679; 
567; 0; 0; 0; 679.2; 
567; 0; 0; 0; 679.4; 
567; 0; 0; 0; 679.6; 
567; 0; 0; 0; 679.8; 
567; 0; 0; 0; 680; 
567; 0; 0; 0; 680.2; 
567; 0; 0; 0; 680.4; 
567; 0; 0; 0; 680.6; 
567; 0; 0; 0; 680.8; 
567; 0; 0; 0; 681; 
567; 0; 0; 0; 681.2; 
567; 0; 0; 0; 681.4; 
567; 0; 0; 0; 681.6; 
567; 0; 0; 0; 681.8; 
567; 0; 0; 0; 682; 
567; 0; 0; 0; 682.2; 
567; 0; 0; 0; 682.4; 
567; 0; 0; 0; 682.6; 
567; 0; 0; 0; 682.8; 
567; 0; 0; 0; 683; 
567; 0; 0; 0; 683.2; 
567; 0; 0; 0; 683.4; 
567; 0; 0; 0; 683.6; 
567; 0; 0; 0; 683.8; 
567; 0; 0; 0; 684; 
567; 0; 0; 0; 684.2; 
567; 0; 0; 0; 684.4; 
567; 0; 0; 0; 684.6; 
567; 0; 0; 0; 684.8; 
567; 0; 0; 0; 685; 
567; 0; 0; 0; 685.2; 
567; 0; 0; 0; 685.4; 
567; 0; 0; 0; 685.6; 
567; 0; 0; 0; 685.8; 
567; 0; 0; 0; 686; 
567; 0; 0; 0; 686.2; 
567; 0; 0; 0; 686.4; 
567; 0; 0; 0; 686.6; 
567; 0; 0; 0; 686.8; 
567; 0; 0; 0; 687; 
567; 0; 0; 0; 687.2; 
567; 0; 0; 0; 687.4; 
567; 0; 0; 0; 687.6; 
567; 0; 0; 0; 687.8; 
567; 0; 0; 0; 688; 
567; 0; 0; 0; 688.2; 
567; 0; 0; 0; 688.4; 
567; 0; 0; 0; 688.6; 
567; 0; 0; 0; 688.8; 
567; 0; 0; 0; 689; 
567; 0; 0; 0; 689.2; 
567; 0; 0; 0; 689.4; 
567; 0; 0; 0; 689.6; 
567; 0; 0; 0; 689.8; 
567; 0; 0; 0; 690; 
567; 0; 0; 0; 690.2; 
567; 0; 0; 0; 690.4; 
567; 0; 0; 0; 690.6; 
567; 0; 0; 0; 690.8; 
567; 0; 0; 0; 691; 
567; 0; 0; 0; 691.2; 
567; 0; 0; 0; 691.4; 
567; 0; 0; 0; 691.6; 
567; 0; 0; 0; 691.8; 
567; 0; 0; 0; 692; 
567; 0; 0; 0; 692.2; 
567; 0; 0; 0; 692.4; 
567; 0; 0; 0; 692.6; 
567; 0; 0; 0; 692.8; 
567; 0; 0; 0; 693; 
567; 0; 0; 0; 693.2; 
567; 0; 0; 0; 693.4; 
567; 0; 0; 0; 693.6; 
567; 0; 0; 0; 693.8; 
567; 0; 0; 0; 694; 
567; 0; 0; 0; 694.2; 
567; 0; 0; 0; 694.4; 
567; 0; 0; 0; 694.6; 
567; 0; 0; 0; 694.8; 
567; 0; 0; 0; 695; 
567; 0; 0; 0; 695.2; 
567; 0; 0; 0; 695.4; 
567; 0; 0; 0; 695.6; 
567; 0; 0; 0; 695.8; 
567; 0; 0; 0; 696; 
567; 0; 0; 0; 696.2; 
567; 0; 0; 0; 696.4; 
567; 0; 0; 0; 696.6; 
567; 0; 0; 0; 696.8; 
567; 0; 0; 0; 697; 
567; 0; 0; 0; 697.2; 
567; 0; 0; 0; 697.4; 
567; 0; 0; 0; 697.6; 
567; 0; 0; 0; 697.8; 
567; 0; 0; 0; 698; 
567; 0; 0; 0; 698.2; 
567; 0; 0; 0; 698.4; 
567; 0; 0; 0; 698.6; 
567; 0; 0; 0; 698.8; 
567; 0; 0; 0; 699; 
567; 0; 0; 0; 699.2; 
567; 0; 0; 0; 699.4; 
567; 0; 0; 0; 699.6; 
567; 0; 0; 0; 699.8; 
567; 0; 0; 0; 700; 
567; 0; 0; 0; 700.2; 
567; 0; 0; 0; 700.4; 
567; 0; 0; 0; 700.6; 
567; 0; 0; 0; 700.8; 
567; 0; 0; 0; 701; 
567; 0; 0; 0; 701.2; 
567; 0; 0; 0; 701.4; 
567; 0; 0; 0; 701.6; 
567; 0; 0; 0; 701.8; 
567; 0; 0; 0; 702; 
567; 0; 0; 0; 702.2; 
567; 0; 0; 0; 702.4; 
567; 0; 0; 0; 702.6; 
567; 0; 0; 0; 702.8; 
567; 0; 0; 0; 703; 
567; 0; 0; 0; 703.2; 
567; 0; 0; 0; 703.4; 
567; 0; 0; 0; 703.6; 
567; 0; 0; 0; 703.8; 
567; 0; 0; 0; 704; 
567; 0; 0; 0; 704.2; 
567; 0; 0; 0; 704.4; 
567; 0; 0; 0; 704.6; 
567; 0; 0; 0; 704.8; 
567; 0; 0; 0; 705; 
567; 0; 0; 0; 705.2; 
567; 0; 0; 0; 705.4; 
567; 0; 0; 0; 705.6; 
567; 0; 0; 0; 705.8; 
567; 0; 0; 0; 706; 
567; 0; 0; 0; 706.2; 
567; 0; 0; 0; 706.4; 
567; 0; 0; 0; 706.6; 
567; 0; 0; 0; 706.8; 
567; 0; 0; 0; 707; 
567; 0; 0; 0; 707.2; 
567; 0; 0; 0; 707.4; 
567; 0; 0; 0; 707.6; 
567; 0; 0; 0; 707.8; 
567; 0; 0; 0; 708; 
567; 0; 0; 0; 708.2; 
567; 0; 0; 0; 708.4; 
567; 0; 0; 0; 708.6; 
567; 0; 0; 0; 708.8; 
567; 0; 0; 0; 709; 
567; 0; 0; 0; 709.2; 
567; 0; 0; 0; 709.4; 
567; 0; 0; 0; 709.6; 
567; 0; 0; 0; 709.8; 
567; 0; 0; 0; 710; 
567; 0; 0; 0; 710.2; 
567; 0; 0; 0; 710.4; 
567; 0; 0; 0; 710.6; 
567; 0; 0; 0; 710.8; 
567; 0; 0; 0; 711; 
567; 0; 0; 0; 711.2; 
567; 0; 0; 0; 711.4; 
567; 0; 0; 0; 711.6; 
567; 0; 0; 0; 711.8; 
567; 0; 0; 0; 712; 
567; 0; 0; 0; 712.2; 
567; 0; 0; 0; 712.4; 
567; 0; 0; 0; 712.6; 
567; 0; 0; 0; 712.8; 
567; 0; 0; 0; 713; 
567; 0; 0; 0; 713.2; 
567; 0; 0; 0; 713.4; 
567; 0; 0; 0; 713.6; 
567; 0; 0; 0; 713.8; 
567; 0; 0; 0; 714; 
567; 0; 0; 0; 714.2; 
567; 0; 0; 0; 714.4; 
567; 0; 0; 0; 714.6; 
567; 0; 0; 0; 714.8; 
567; 0; 0; 0; 715; 
567; 0; 0; 0; 715.2; 
567; 0; 0; 0; 715.4; 
567; 0; 0; 0; 715.6; 
567; 0; 0; 0; 715.8; 
567; 0; 0; 0; 716; 
567; 0; 0; 0; 716.2; 
567; 0; 0; 0; 716.4; 
567; 0; 0; 0; 716.6; 
567; 0; 0; 0; 716.8; 
567; 0; 0; 0; 717; 
567; 0; 0; 0; 717.2; 
567; 0; 0; 0; 717.4; 
567; 0; 0; 0; 717.6; 
567; 0; 0; 0; 717.8; 
567; 0; 0; 0; 718; 
567; 0; 0; 0; 718.2; 
567; 0; 0; 0; 718.4; 
567; 0; 0; 0; 718.6; 
567; 0; 0; 0; 718.8; 
567; 0; 0; 0; 719; 
567; 0; 0; 0; 719.2; 
567; 0; 0; 0; 719.4; 
567; 0; 0; 0; 719.6; 
567; 0; 0; 0; 719.8; 
567; 0; 0; 0; 720; 
567; 0; 0; 0; 720.2; 
567; 0; 0; 0; 720.4; 
567; 0; 0; 0; 720.6; 
567; 0; 0; 0; 720.8; 
567; 0; 0; 0; 721; 
567; 0; 0; 0; 721.2; 
567; 0; 0; 0; 721.4; 
567; 0; 0; 0; 721.6; 
567; 0; 0; 0; 721.8; 
567; 0; 0; 0; 722; 
567; 0; 0; 0; 722.2; 
567; 0; 0; 0; 722.4; 
567; 0; 0; 0; 722.6; 
567; 0; 0; 0; 722.8; 
567; 0; 0; 0; 723; 
567; 0; 0; 0; 723.2; 
567; 0; 0; 0; 723.4; 
567; 0; 0; 0; 723.6; 
567; 0; 0; 0; 723.8; 
567; 0; 0; 0; 724; 
567; 0; 0; 0; 724.2; 
567; 0; 0; 0; 724.4; 
567; 0; 0; 0; 724.6; 
567; 0; 0; 0; 724.8; 
567; 0; 0; 0; 725; 
567; 0; 0; 0; 725.2; 
567; 0; 0; 0; 725.4; 
567; 0; 0; 0; 725.6; 
567; 0; 0; 0; 725.8; 
567; 0; 0; 0; 726; 
567; 0; 0; 0; 726.2; 
567; 0; 0; 0; 726.4; 
567; 0; 0; 0; 726.6; 
567; 0; 0; 0; 726.8; 
567; 0; 0; 0; 727; 
567; 0; 0; 0; 727.2; 
567; 0; 0; 0; 727.4; 
567; 0; 0; 0; 727.6; 
567; 0; 0; 0; 727.8; 
567; 0; 0; 0; 728; 
567; 0; 0; 0; 728.2; 
567; 0; 0; 0; 728.4; 
567; 0; 0; 0; 728.6; 
567; 0; 0; 0; 728.8; 
567; 0; 0; 0; 729; 
567; 0; 0; 0; 729.2; 
567; 0; 0; 0; 729.4; 
567; 0; 0; 0; 729.6; 
567; 0; 0; 0; 729.8; 
567; 0; 0; 0; 730; 
567; 0; 0; 0; 730.2; 
567; 0; 0; 0; 730.4; 
567; 0; 0; 0; 730.6; 
567; 0; 0; 0; 730.8; 
567; 0; 0; 0; 731; 
567; 0; 0; 0; 731.2; 
567; 0; 0; 0; 731.4; 
567; 0; 0; 0; 731.6; 
567; 0; 0; 0; 731.8; 
567; 0; 0; 0; 732; 
567; 0; 0; 0; 732.2; 
567; 0; 0; 0; 732.4; 
567; 0; 0; 0; 732.6; 
567; 0; 0; 0; 732.8; 
567; 0; 0; 0; 733; 
567; 0; 0; 0; 733.2; 
567; 0; 0; 0; 733.4; 
567; 0; 0; 0; 733.6; 
567; 0; 0; 0; 733.8; 
567; 0; 0; 0; 734; 
567; 0; 0; 0; 734.2; 
567; 0; 0; 0; 734.4; 
567; 0; 0; 0; 734.6; 
567; 0; 0; 0; 734.8; 
567; 0; 0; 0; 735; 
567; 0; 0; 0; 735.2; 
567; 0; 0; 0; 735.4; 
567; 0; 0; 0; 735.6; 
567; 0; 0; 0; 735.8; 
567; 0; 0; 0; 736; 
567; 0; 0; 0; 736.2; 
567; 0; 0; 0; 736.4; 
567; 0; 0; 0; 736.6; 
567; 0; 0; 0; 736.8; 
567; 0; 0; 0; 737; 
567; 0; 0; 0; 737.2; 
567; 0; 0; 0; 737.4; 
567; 0; 0; 0; 737.6; 
567; 0; 0; 0; 737.8; 
567; 0; 0; 0; 738; 
567; 0; 0; 0; 738.2; 
567; 0; 0; 0; 738.4; 
567; 0; 0; 0; 738.6; 
567; 0; 0; 0; 738.8; 
567; 0; 0; 0; 739; 
567; 0; 0; 0; 739.2; 
567; 0; 0; 0; 739.4; 
567; 0; 0; 0; 739.6; 
567; 0; 0; 0; 739.8; 
567; 0; 0; 0; 740; 
567; 0; 0; 0; 740.2; 
567; 0; 0; 0; 740.4; 
567; 0; 0; 0; 740.6; 
567; 0; 0; 0; 740.8; 
567; 0; 0; 0; 741; 
567; 0; 0; 0; 741.2; 
567; 0; 0; 0; 741.4; 
567; 0; 0; 0; 741.6; 
567; 0; 0; 0; 741.8; 
567; 0; 0; 0; 742; 
567; 0; 0; 0; 742.2; 
567; 0; 0; 0; 742.4; 
567; 0; 0; 0; 742.6; 
567; 0; 0; 0; 742.8; 
567; 0; 0; 0; 743; 
567; 0; 0; 0; 743.2; 
567; 0; 0; 0; 743.4; 
567; 0; 0; 0; 743.6; 
567; 0; 0; 0; 743.8; 
567; 0; 0; 0; 744; 
567; 0; 0; 0; 744.2; 
567; 0; 0; 0; 744.4; 
567; 0; 0; 0; 744.6; 
567; 0; 0; 0; 744.8; 
567; 0; 0; 0; 745; 
567; 0; 0; 0; 745.2; 
567; 0; 0; 0; 745.4; 
567; 0; 0; 0; 745.6; 
567; 0; 0; 0; 745.8; 
567; 0; 0; 0; 746; 
567; 0; 0; 0; 746.2; 
567; 0; 0; 0; 746.4; 
567; 0; 0; 0; 746.6; 
567; 0; 0; 0; 746.8; 
567; 0; 0; 0; 747; 
567; 0; 0; 0; 747.2; 
567; 0; 0; 0; 747.4; 
567; 0; 0; 0; 747.6; 
567; 0; 0; 0; 747.8; 
567; 0; 0; 0; 748; 
567; 0; 0; 0; 748.2; 
567; 0; 0; 0; 748.4; 
567; 0; 0; 0; 748.6; 
567; 0; 0; 0; 748.8; 
567; 0; 0; 0; 749; 
567; 0; 0; 0; 749.2; 
567; 0; 0; 0; 749.4; 
567; 0; 0; 0; 749.6; 
567; 0; 0; 0; 749.8; 
567; 0; 0; 0; 750; 
567; 0; 0; 0; 750.2; 
567; 0; 0; 0; 750.4; 
567; 0; 0; 0; 750.6; 
567; 0; 0; 0; 750.8; 
567; 0; 0; 0; 751; 
567; 0; 0; 0; 751.2; 
567; 0; 0; 0; 751.4; 
567; 0; 0; 0; 751.6; 
567; 0; 0; 0; 751.8; 
567; 0; 0; 0; 752; 
567; 0; 0; 0; 752.2; 
567; 0; 0; 0; 752.4; 
567; 0; 0; 0; 752.6; 
567; 0; 0; 0; 752.8; 
567; 0; 0; 0; 753; 
567; 0; 0; 0; 753.2; 
567; 0; 0; 0; 753.4; 
567; 0; 0; 0; 753.6; 
567; 0; 0; 0; 753.8; 
567; 0; 0; 0; 754; 
567; 0; 0; 0; 754.2; 
567; 0; 0; 0; 754.4; 
567; 0; 0; 0; 754.6; 
567; 0; 0; 0; 754.8; 
567; 0; 0; 0; 755; 
567; 0; 0; 0; 755.2; 
567; 0; 0; 0; 755.4; 
567; 0; 0; 0; 755.6; 
567; 0; 0; 0; 755.8; 
567; 0; 0; 0; 756; 
567; 0; 0; 0; 756.2; 
567; 0; 0; 0; 756.4; 
567; 0; 0; 0; 756.6; 
567; 0; 0; 0; 756.8; 
567; 0; 0; 0; 757; 
567; 0; 0; 0; 757.2; 
567; 0; 0; 0; 757.4; 
567; 0; 0; 0; 757.6; 
567; 0; 0; 0; 757.8; 
567; 0; 0; 0; 758; 
567; 0; 0; 0; 758.2; 
567; 0; 0; 0; 758.4; 
567; 0; 0; 0; 758.6; 
567; 0; 0; 0; 758.8; 
567; 0; 0; 0; 759; 
567; 0; 0; 0; 759.2; 
567; 0; 0; 0; 759.4; 
567; 0; 0; 0; 759.6; 
567; 0; 0; 0; 759.8; 
567; 0; 0; 0; 760; 
567; 0; 0; 0; 760.2; 
567; 0; 0; 0; 760.4; 
567; 0; 0; 0; 760.6; 
567; 0; 0; 0; 760.8; 
567; 0; 0; 0; 761; 
567; 0; 0; 0; 761.2; 
567; 0; 0; 0; 761.4; 
567; 0; 0; 0; 761.6; 
567; 0; 0; 0; 761.8; 
567; 0; 0; 0; 762; 
567; 0; 0; 0; 762.2; 
567; 0; 0; 0; 762.4; 
567; 0; 0; 0; 762.6; 
567; 0; 0; 0; 762.8; 
567; 0; 0; 0; 763; 
567; 0; 0; 0; 763.2; 
567; 0; 0; 0; 763.4; 
567; 0; 0; 0; 763.6; 
567; 0; 0; 0; 763.8; 
567; 0; 0; 0; 764; 
567; 0; 0; 0; 764.2; 
567; 0; 0; 0; 764.4; 
567; 0; 0; 0; 764.6; 
567; 0; 0; 0; 764.8; 
567; 0; 0; 0; 765; 
567; 0; 0; 0; 765.2; 
567; 0; 0; 0; 765.4; 
567; 0; 0; 0; 765.6; 
567; 0; 0; 0; 765.8; 
567; 0; 0; 0; 766; 
567; 0; 0; 0; 766.2; 
567; 0; 0; 0; 766.4; 
567; 0; 0; 0; 766.6; 
567; 0; 0; 0; 766.8; 
567; 0; 0; 0; 767; 
567; 0; 0; 0; 767.2; 
567; 0; 0; 0; 767.4; 
567; 0; 0; 0; 767.6; 
567; 0; 0; 0; 767.8; 
567; 0; 0; 0; 768; 
567; 0; 0; 0; 768.2; 
567; 0; 0; 0; 768.4; 
567; 0; 0; 0; 768.6; 
567; 0; 0; 0; 768.8; 
567; 0; 0; 0; 769; 
567; 0; 0; 0; 769.2; 
567; 0; 0; 0; 769.4; 
567; 0; 0; 0; 769.6; 
567; 0; 0; 0; 769.8; 
567; 0; 0; 0; 770; 
567; 0; 0; 0; 770.2; 
567; 0; 0; 0; 770.4; 
567; 0; 0; 0; 770.6; 
567; 0; 0; 0; 770.8; 
567; 0; 0; 0; 771; 
567; 0; 0; 0; 771.2; 
567; 0; 0; 0; 771.4; 
567; 0; 0; 0; 771.6; 
567; 0; 0; 0; 771.8; 
567; 0; 0; 0; 772; 
567; 0; 0; 0; 772.2; 
567; 0; 0; 0; 772.4; 
567; 0; 0; 0; 772.6; 
567; 0; 0; 0; 772.8; 
567; 0; 0; 0; 773; 
567; 0; 0; 0; 773.2; 
567; 0; 0; 0; 773.4; 
567; 0; 0; 0; 773.6; 
567; 0; 0; 0; 773.8; 
567; 0; 0; 0; 774; 
567; 0; 0; 0; 774.2; 
567; 0; 0; 0; 774.4; 
567; 0; 0; 0; 774.6; 
567; 0; 0; 0; 774.8; 
567; 0; 0; 0; 775; 
567; 0; 0; 0; 775.2; 
567; 0; 0; 0; 775.4; 
567; 0; 0; 0; 775.6; 
567; 0; 0; 0; 775.8; 
567; 0; 0; 0; 776; 
567; 0; 0; 0; 776.2; 
567; 0; 0; 0; 776.4; 
567; 0; 0; 0; 776.6; 
567; 0; 0; 0; 776.8; 
567; 0; 0; 0; 777; 
567; 0; 0; 0; 777.2; 
567; 0; 0; 0; 777.4; 
567; 0; 0; 0; 777.6; 
567; 0; 0; 0; 777.8; 
567; 0; 0; 0; 778; 
567; 0; 0; 0; 778.2; 
567; 0; 0; 0; 778.4; 
567; 0; 0; 0; 778.6; 
567; 0; 0; 0; 778.8; 
567; 0; 0; 0; 779; 
567; 0; 0; 0; 779.2; 
567; 0; 0; 0; 779.4; 
567; 0; 0; 0; 779.6; 
567; 0; 0; 0; 779.8; 
567; 0; 0; 0; 780; 
567; 0; 0; 0; 780.2; 
567; 0; 0; 0; 780.4; 
567; 0; 0; 0; 780.6; 
567; 0; 0; 0; 780.8; 
567; 0; 0; 0; 781; 
567; 0; 0; 0; 781.2; 
567; 0; 0; 0; 781.4; 
567; 0; 0; 0; 781.6; 
567; 0; 0; 0; 781.8; 
567; 0; 0; 0; 782; 
567; 0; 0; 0; 782.2; 
567; 0; 0; 0; 782.4; 
567; 0; 0; 0; 782.6; 
567; 0; 0; 0; 782.8; 
567; 0; 0; 0; 783; 
567; 0; 0; 0; 783.2; 
567; 0; 0; 0; 783.4; 
567; 0; 0; 0; 783.6; 
567; 0; 0; 0; 783.8; 
567; 0; 0; 0; 784; 
567; 0; 0; 0; 784.2; 
567; 0; 0; 0; 784.4; 
567; 0; 0; 0; 784.6; 
567; 0; 0; 0; 784.8; 
567; 0; 0; 0; 785; 
567; 0; 0; 0; 785.2; 
567; 0; 0; 0; 785.4; 
567; 0; 0; 0; 785.6; 
567; 0; 0; 0; 785.8; 
567; 0; 0; 0; 786; 
567; 0; 0; 0; 786.2; 
567; 0; 0; 0; 786.4; 
567; 0; 0; 0; 786.6; 
567; 0; 0; 0; 786.8; 
567; 0; 0; 0; 787; 
567; 0; 0; 0; 787.2; 
567; 0; 0; 0; 787.4; 
567; 0; 0; 0; 787.6; 
567; 0; 0; 0; 787.8; 
567; 0; 0; 0; 788; 
567; 0; 0; 0; 788.2; 
567; 0; 0; 0; 788.4; 
567; 0; 0; 0; 788.6; 
567; 0; 0; 0; 788.8; 
567; 0; 0; 0; 789; 
567; 0; 0; 0; 789.2; 
567; 0; 0; 0; 789.4; 
567; 0; 0; 0; 789.6; 
567; 0; 0; 0; 789.8; 
567; 0; 0; 0; 790; 
567; 0; 0; 0; 790.2; 
567; 0; 0; 0; 790.4; 
567; 0; 0; 0; 790.6; 
567; 0; 0; 0; 790.8; 
567; 0; 0; 0; 791; 
567; 0; 0; 0; 791.2; 
567; 0; 0; 0; 791.4; 
567; 0; 0; 0; 791.6; 
567; 0; 0; 0; 791.8; 
567; 0; 0; 0; 792; 
567; 0; 0; 0; 792.2; 
567; 0; 0; 0; 792.4; 
567; 0; 0; 0; 792.6; 
567; 0; 0; 0; 792.8; 
567; 0; 0; 0; 793; 
567; 0; 0; 0; 793.2; 
567; 0; 0; 0; 793.4; 
567; 0; 0; 0; 793.6; 
567; 0; 0; 0; 793.8; 
567; 0; 0; 0; 794; 
567; 0; 0; 0; 794.2; 
567; 0; 0; 0; 794.4; 
567; 0; 0; 0; 794.6; 
567; 0; 0; 0; 794.8; 
567; 0; 0; 0; 795; 
567; 0; 0; 0; 795.2; 
567; 0; 0; 0; 795.4; 
567; 0; 0; 0; 795.6; 
567; 0; 0; 0; 795.8; 
567; 0; 0; 0; 796; 
567; 0; 0; 0; 796.2; 
567; 0; 0; 0; 796.4; 
567; 0; 0; 0; 796.6; 
567; 0; 0; 0; 796.8; 
567; 0; 0; 0; 797; 
567; 0; 0; 0; 797.2; 
567; 0; 0; 0; 797.4; 
567; 0; 0; 0; 797.6; 
567; 0; 0; 0; 797.8; 
567; 0; 0; 0; 798; 
567; 0; 0; 0; 798.2; 
567; 0; 0; 0; 798.4; 
567; 0; 0; 0; 798.6; 
567; 0; 0; 0; 798.8; 
567; 0; 0; 0; 799; 
567; 0; 0; 0; 799.2; 
567; 0; 0; 0; 799.4; 
567; 0; 0; 0; 799.6; 
567; 0; 0; 0; 799.8; 
567; 0; 0; 0; 800; 
567; 0; 0; 0; 800.2; 
567; 0; 0; 0; 800.4; 
567; 0; 0; 0; 800.6; 
567; 0; 0; 0; 800.8; 
567; 0; 0; 0; 801; 
567; 0; 0; 0; 801.2; 
567; 0; 0; 0; 801.4; 
567; 0; 0; 0; 801.6; 
567; 0; 0; 0; 801.8; 
567; 0; 0; 0; 802; 
567; 0; 0; 0; 802.2; 
567; 0; 0; 0; 802.4; 
567; 0; 0; 0; 802.6; 
567; 0; 0; 0; 802.8; 
567; 0; 0; 0; 803; 
567; 0; 0; 0; 803.2; 
567; 0; 0; 0; 803.4; 
567; 0; 0; 0; 803.6; 
567; 0; 0; 0; 803.8; 
567; 0; 0; 0; 804; 
567; 0; 0; 0; 804.2; 
567; 0; 0; 0; 804.4; 
567; 0; 0; 0; 804.6; 
567; 0; 0; 0; 804.8; 
567; 0; 0; 0; 805; 
567; 0; 0; 0; 805.2; 
567; 0; 0; 0; 805.4; 
567; 0; 0; 0; 805.6; 
567; 0; 0; 0; 805.8; 
567; 0; 0; 0; 806; 
567; 0; 0; 0; 806.2; 
567; 0; 0; 0; 806.4; 
567; 0; 0; 0; 806.6; 
567; 0; 0; 0; 806.8; 
567; 0; 0; 0; 807; 
567; 0; 0; 0; 807.2; 
567; 0; 0; 0; 807.4; 
567; 0; 0; 0; 807.6; 
567; 0; 0; 0; 807.8; 
567; 0; 0; 0; 808; 
567; 0; 0; 0; 808.2; 
567; 0; 0; 0; 808.4; 
567; 0; 0; 0; 808.6; 
567; 0; 0; 0; 808.8; 
567; 0; 0; 0; 809; 
567; 0; 0; 0; 809.2; 
567; 0; 0; 0; 809.4; 
567; 0; 0; 0; 809.6; 
567; 0; 0; 0; 809.8; 
567; 0; 0; 0; 810; 
567; 0; 0; 0; 810.2; 
567; 0; 0; 0; 810.4; 
567; 0; 0; 0; 810.6; 
567; 0; 0; 0; 810.8; 
567; 0; 0; 0; 811; 
567; 0; 0; 0; 811.2; 
567; 0; 0; 0; 811.4; 
567; 0; 0; 0; 811.6; 
567; 0; 0; 0; 811.8; 
567; 0; 0; 0; 812; 
567; 0; 0; 0; 812.2; 
567; 0; 0; 0; 812.4; 
567; 0; 0; 0; 812.6; 
567; 0; 0; 0; 812.8; 
567; 0; 0; 0; 813; 
567; 0; 0; 0; 813.2; 
567; 0; 0; 0; 813.4; 
567; 0; 0; 0; 813.6; 
567; 0; 0; 0; 813.8; 
567; 0; 0; 0; 814; 
567; 0; 0; 0; 814.2; 
567; 0; 0; 0; 814.4; 
567; 0; 0; 0; 814.6; 
567; 0; 0; 0; 814.8; 
567; 0; 0; 0; 815; 
567; 0; 0; 0; 815.2; 
567; 0; 0; 0; 815.4; 
567; 0; 0; 0; 815.6; 
567; 0; 0; 0; 815.8; 
567; 0; 0; 0; 816; 
567; 0; 0; 0; 816.2; 
567; 0; 0; 0; 816.4; 
567; 0; 0; 0; 816.6; 
567; 0; 0; 0; 816.8; 
567; 0; 0; 0; 817; 
567; 0; 0; 0; 817.2; 
567; 0; 0; 0; 817.4; 
567; 0; 0; 0; 817.6; 
567; 0; 0; 0; 817.8; 
567; 0; 0; 0; 818; 
567; 0; 0; 0; 818.2; 
567; 0; 0; 0; 818.4; 
567; 0; 0; 0; 818.6; 
567; 0; 0; 0; 818.8; 
567; 0; 0; 0; 819; 
567; 0; 0; 0; 819.2; 
567; 0; 0; 0; 819.4; 
567; 0; 0; 0; 819.6; 
567; 0; 0; 0; 819.8; 
567; 0; 0; 0; 820; 
567; 0; 0; 0; 820.2; 
567; 0; 0; 0; 820.4; 
567; 0; 0; 0; 820.6; 
567; 0; 0; 0; 820.8; 
567; 0; 0; 0; 821; 
567; 0; 0; 0; 821.2; 
567; 0; 0; 0; 821.4; 
567; 0; 0; 0; 821.6; 
567; 0; 0; 0; 821.8; 
567; 0; 0; 0; 822; 
567; 0; 0; 0; 822.2; 
567; 0; 0; 0; 822.4; 
567; 0; 0; 0; 822.6; 
567; 0; 0; 0; 822.8; 
567; 0; 0; 0; 823; 
567; 0; 0; 0; 823.2; 
567; 0; 0; 0; 823.4; 
567; 0; 0; 0; 823.6; 
567; 0; 0; 0; 823.8; 
567; 0; 0; 0; 824; 
567; 0; 0; 0; 824.2; 
