567; 0; 0; 170; 0; 
567; 0; 0; 170; 0.2; 
567; 0; 0; 170; 0.4; 
567; 0; 0; 170; 0.6; 
567; 0; 0; 170; 0.8; 
567; 0; 0; 170; 1; 
567; 0; 0; 170; 1.2; 
567; 0; 0; 170; 1.4; 
567; 0; 0; 170; 1.6; 
567; 0; 0; 170; 1.8; 
567; 0; 0; 170; 2; 
567; 0; 0; 170; 2.2; 
567; 0; 0; 170; 2.4; 
567; 0; 0; 170; 2.6; 
567; 0; 0; 170; 2.8; 
567; 0; 0; 170; 3; 
567; 0; 0; 170; 3.2; 
567; 0; 0; 170; 3.4; 
567; 0; 0; 170; 3.6; 
567; 0; 0; 170; 3.8; 
567; 0; 0; 170; 4; 
567; 0; 0; 170; 4.2; 
567; 0; 0; 170; 4.4; 
567; 0; 0; 170; 4.6; 
567; 0; 0; 170; 4.8; 
567; 0; 0; 170; 5; 
567; 0; 0; 170; 5.2; 
567; 0; 0; 170; 5.4; 
567; 0; 0; 170; 5.6; 
567; 0; 0; 170; 5.8; 
567; 0; 0; 170; 6; 
567; 0; 0; 170; 6.2; 
567; 0; 0; 170; 6.4; 
567; 0; 0; 170; 6.6; 
567; 0; 0; 170; 6.8; 
567; 0; 0; 170; 7; 
567; 0; 0; 170; 7.2; 
567; 0; 0; 170; 7.4; 
567; 0; 0; 170; 7.6; 
567; 0; 0; 170; 7.8; 
567; 0; 0; 170; 8; 
567; 0; 0; 170; 8.2; 
567; 0; 0; 170; 8.4; 
567; 0; 0; 170; 8.6; 
567; 0; 0; 170; 8.8; 
567; 0; 0; 170; 9; 
567; 0; 0; 170; 9.2; 
567; 0; 0; 170; 9.4; 
567; 0; 0; 170; 9.6; 
567; 0; 0; 170; 9.8; 
567; 0; 0; 170; 10; 
567; 0; 0; 170; 10.2; 
567; 0; 0; 170; 10.4; 
567; 0; 0; 170; 10.6; 
567; 0; 0; 170; 10.8; 
567; 0; 0; 170; 11; 
567; 0; 0; 170; 11.2; 
567; 0; 0; 170; 11.4; 
567; 0; 0; 170; 11.6; 
567; 0; 0; 170; 11.8; 
567; 0; 0; 170; 12; 
567; 0; 0; 170; 12.2; 
567; 0; 0; 170; 12.4; 
567; 0; 0; 170; 12.6; 
567; 0; 0; 170; 12.8; 
567; 0; 0; 170; 13; 
567; 0; 0; 170; 13.2; 
567; 0; 0; 170; 13.4; 
567; 0; 0; 170; 13.6; 
567; 0; 0; 170; 13.8; 
567; 0; 0; 170; 14; 
567; 0; 0; 170; 14.2; 
567; 0; 0; 170; 14.4; 
567; 0; 0; 170; 14.6; 
567; 0; 0; 170; 14.8; 
567; 0; 0; 170; 15; 
567; 0; 0; 170; 15.2; 
567; 0; 0; 170; 15.4; 
567; 0; 0; 170; 15.6; 
567; 0; 0; 170; 15.8; 
567; 0; 0; 170; 16; 
567; 0; 0; 170; 16.2; 
567; 0; 0; 170; 16.4; 
567; 0; 0; 170; 16.6; 
567; 0; 0; 170; 16.8; 
567; 0; 0; 170; 17; 
567; 0; 0; 170; 17.2; 
567; 0; 0; 170; 17.4; 
567; 0; 0; 170; 17.6; 
567; 0; 0; 170; 17.8; 
567; 0; 0; 170; 18; 
567; 0; 0; 170; 18.2; 
567; 0; 0; 170; 18.4; 
567; 0; 0; 170; 18.6; 
567; 0; 0; 170; 18.8; 
567; 0; 0; 170; 19; 
567; 0; 0; 170; 19.2; 
567; 0; 0; 170; 19.4; 
567; 0; 0; 170; 19.6; 
567; 0; 0; 170; 19.8; 
567; 0; 0; 170; 20; 
567; 0; 0; 170; 20.2; 
567; 0; 0; 170; 20.4; 
567; 0; 0; 170; 20.6; 
567; 0; 0; 170; 20.8; 
567; 0; 0; 170; 21; 
567; 0; 0; 170; 21.2; 
567; 0; 0; 170; 21.4; 
567; 0; 0; 170; 21.6; 
567; 0; 0; 170; 21.8; 
567; 0; 0; 170; 22; 
567; 0; 0; 170; 22.2; 
567; 0; 0; 170; 22.4; 
567; 0; 0; 170; 22.6; 
567; 0; 0; 170; 22.8; 
567; 0; 0; 170; 23; 
567; 0; 0; 170; 23.2; 
567; 0; 0; 170; 23.4; 
567; 0; 0; 170; 23.6; 
567; 0; 2527.1343; 170; 23.8; 
567; 0; 2527.1343; 170; 24; 
567; 0; 2527.1343; 170; 24.2; 
567; 0; 2527.1343; 170; 24.4; 
567; 0; 2527.1343; 170; 24.6; 
567; 0; 2527.1343; 170; 24.8; 
567; 0; 2527.1343; 170; 25; 
567; 0; 2527.1343; 170; 25.2; 
567; 0; 2527.1343; 170; 25.4; 
567; 0; 2527.1343; 170; 25.6; 
567; 0; 2527.1343; 170; 25.8; 
567; 0; 2527.1343; 170; 26; 
567; 0; 2527.1343; 170; 26.2; 
567; 0; 2527.1343; 170; 26.4; 
567; 0; 2527.1343; 170; 26.6; 
567; 0; 2527.1343; 170; 26.8; 
567; 0; 2527.1343; 170; 27; 
567; 0; 2527.1343; 170; 27.2; 
567; 0; 2527.1343; 170; 27.4; 
567; 0; 2527.1343; 170; 27.6; 
567; 0; 2527.1343; 170; 27.8; 
567; 0; 2527.1343; 170; 28; 
567; 0; 2527.1343; 170; 28.2; 
567; 0; 2527.1343; 170; 28.4; 
567; 0; 2527.1343; 170; 28.6; 
567; 0; 2527.1343; 170; 28.8; 
567; 0; 2527.1343; 170; 29; 
567; 0; 2527.1343; 170; 29.2; 
567; 0; 2527.1343; 170; 29.4; 
567; 0; 2527.1343; 170; 29.6; 
567; 0; 2527.1343; 170; 29.8; 
567; 0; 2527.1343; 170; 30; 
567; 0; 2527.1343; 170; 30.2; 
567; 0; 2527.1343; 170; 30.4; 
567; 0; 2527.1343; 170; 30.6; 
567; 0; 2527.1343; 170; 30.8; 
567; 0; 2527.1343; 170; 31; 
567; 0; 2527.1343; 170; 31.2; 
567; 0; 2527.1343; 170; 31.4; 
567; 0; 2527.1343; 170; 31.6; 
567; 0; 2527.1343; 170; 31.8; 
567; 0; 2527.1343; 170; 32; 
567; 0; 2527.1343; 170; 32.2; 
567; 0; 2527.1343; 170; 32.4; 
567; 0; 2527.1343; 170; 32.6; 
567; 0; 2527.1343; 170; 32.8; 
567; 0; 2527.1343; 170; 33; 
567; 0; 2527.1343; 170; 33.2; 
567; 0; 2527.1343; 170; 33.4; 
567; 0; 2527.1343; 170; 33.6; 
567; 0; 2527.1343; 170; 33.8; 
567; 0; 2527.1343; 170; 34; 
567; 0; 2527.1343; 170; 34.2; 
567; 0; 2527.1343; 170; 34.4; 
567; 0; 2527.1343; 170; 34.6; 
567; 0; 2527.1343; 170; 34.8; 
567; 0; 2527.1343; 170; 35; 
567; 0; 2527.1343; 170; 35.2; 
567; 0; 2527.1343; 170; 35.4; 
567; 0; 2527.1343; 170; 35.6; 
567; 0; 2527.1343; 170; 35.8; 
567; 0; 2527.1343; 170; 36; 
567; 0; 2527.1343; 170; 36.2; 
567; 0; 2527.1343; 170; 36.4; 
567; 0; 2527.1343; 170; 36.6; 
567; 0; 2527.1343; 170; 36.8; 
567; 0; 2527.1343; 170; 37; 
567; 0; 2527.1343; 170; 37.2; 
567; 0; 2527.1343; 170; 37.4; 
567; 0; 2527.1343; 170; 37.6; 
567; 0; 2527.1343; 170; 37.8; 
567; 0; 2527.1343; 170; 38; 
567; 0; 2527.1343; 170; 38.2; 
567; 0; 2527.1343; 170; 38.4; 
567; 0; 2527.1343; 170; 38.6; 
567; 0; 2527.1343; 170; 38.8; 
567; 0; 2545.6048; 170; 39; 
567; 0; 2582.5313; 170; 39.2; 
567; 0; 2636.2281; 170; 39.4; 
567; 0; 2824.3396; 170; 39.6; 
567; 0; 3072.9278; 170; 39.8; 
567; 0; 3117.6714; 170; 40; 
567; 0; 3148.2399; 170; 40.2; 
567; 0; 3192.7006; 170; 40.4; 
567; 0; 3218.9591; 170; 40.6; 
567; 0; 3241.3516; 170; 40.8; 
567; 0; 3253.5622; 170; 41; 
567; 0; 3265.5676; 170; 41.2; 
567; 0; 3267.503; 170; 41.4; 
567; 0; 3269.4055; 170; 41.6; 
567; 0; 3261.4262; 170; 41.8; 
567; 0; 3263.2855; 170; 42; 
567; 0; 3265.1136; 170; 42.2; 
567; 0; 3266.9074; 170; 42.4; 
567; 0; 3268.6635; 170; 42.6; 
567; 0; 3270.3786; 170; 42.8; 
567; 0; 3272.0494; 170; 43; 
567; 0; 3273.6731; 170; 43.2; 
567; 0; 3275.2486; 170; 43.4; 
567; 0; 3276.7806; 170; 43.6; 
567; 0; 3278.2736; 170; 43.8; 
567; 0; 3279.7309; 170; 44; 
567; 0; 3281.1544; 170; 44.2; 
567; 0; 3282.5454; 170; 44.4; 
567; 0; 3283.9044; 170; 44.6; 
567; 0; 3285.2317; 170; 44.8; 
567; 0; 3286.5269; 170; 45; 
567; 0; 3287.79; 170; 45.2; 
567; 0; 3289.0204; 170; 45.4; 
567; 0; 3290.2178; 170; 45.6; 
567; 0; 3291.3817; 170; 45.8; 
567; 0; 3292.5115; 170; 46; 
567; 0; 3293.6068; 170; 46.2; 
567; 0; 3294.6671; 170; 46.4; 
567; 0; 3295.692; 170; 46.6; 
567; 0; 3296.6809; 170; 46.8; 
567; 0; 3297.6334; 170; 47; 
567; 0; 3298.549; 170; 47.2; 
567; 0; 3308.9225; 170; 47.4; 
567; 0; 3309.7552; 170; 47.6; 
567; 0; 3310.55; 170; 47.8; 
567; 0; 3311.3063; 170; 48; 
567; 0; 3312.0237; 170; 48.2; 
567; 0; 3312.7017; 170; 48.4; 
567; 0; 3322.7234; 170; 48.6; 
567; 0; 3323.3158; 170; 48.8; 
567; 0; 3323.8679; 170; 49; 
567; 0; 3324.3791; 170; 49.2; 
567; 0; 3324.8491; 170; 49.4; 
567; 0; 3325.2774; 170; 49.6; 
567; 0; 3334.9537; 170; 49.8; 
567; 0; 3335.294; 170; 50; 
567; 0; 3335.5919; 170; 50.2; 
567; 0; 3335.8467; 170; 50.4; 
567; 0; 3345.2779; 170; 50.6; 
567; 0; 3345.4439; 170; 50.8; 
567; 0; 3345.5663; 170; 51; 
567; 0; 3345.6446; 170; 51.2; 
567; 0; 3354.8404; 170; 51.4; 
567; 0; 3354.8296; 170; 51.6; 
567; 0; 3354.7741; 170; 51.8; 
567; 0; 3363.7888; 170; 52; 
567; 0; 3363.6459; 170; 52.2; 
567; 0; 3363.4705; 170; 52.4; 
567; 0; 3363.2748; 170; 52.6; 
567; 0; 3368.2473; 170; 52.8; 
567; 0; 3368.045; 170; 53; 
567; 0; 3367.8514; 170; 53.2; 
567; 0; 3367.6734; 170; 53.4; 
567; 0; 3372.6488; 170; 53.6; 
567; 0; 3372.5175; 170; 53.8; 
567; 0; 3372.4139; 170; 54; 
567; 0; 3372.3389; 170; 54.2; 
567; 0; 3377.3819; 170; 54.4; 
567; 0; 3377.3626; 170; 54.6; 
567; 0; 3377.3682; 170; 54.8; 
567; 0; 3377.396; 170; 55; 
567; 0; 3382.4909; 170; 55.2; 
567; 0; 3382.553; 170; 55.4; 
567; 0; 3382.6267; 170; 55.6; 
567; 0; 3382.7085; 170; 55.8; 
567; 0; 3382.7946; 170; 56; 
567; 0; 3387.89; 170; 56.2; 
567; 0; 3387.9749; 170; 56.4; 
567; 0; 3388.0555; 170; 56.6; 
567; 0; 3388.13; 170; 56.8; 
567; 0; 3393.1693; 170; 57; 
567; 0; 3393.2274; 170; 57.2; 
567; 0; 3393.2766; 170; 57.4; 
567; 0; 3393.3173; 170; 57.6; 
567; 0; 3398.2913; 170; 57.8; 
567; 0; 3398.3163; 170; 58; 
567; 0; 3398.3349; 170; 58.2; 
567; 0; 3398.3483; 170; 58.4; 
567; 0; 3398.3577; 170; 58.6; 
567; 0; 3403.2795; 170; 58.8; 
567; 0; 3403.2848; 170; 59; 
567; 0; 3403.2896; 170; 59.2; 
567; 0; 3403.2949; 170; 59.4; 
567; 0; 3408.1944; 170; 59.6; 
567; 0; 3408.2025; 170; 59.8; 
567; 0; 3408.2128; 170; 60; 
567; 0; 3408.2253; 170; 60.2; 
567; 0; 3413.1148; 170; 60.4; 
567; 0; 3413.1312; 170; 60.6; 
567; 0; 3413.1493; 170; 60.8; 
567; 0; 3413.1686; 170; 61; 
567; 0; 3413.1887; 170; 61.2; 
567; 0; 3414.9139; 170; 61.4; 
567; 0; 3414.9345; 170; 61.6; 
567; 0; 3414.9548; 170; 61.8; 
567; 0; 3414.9746; 170; 62; 
567; 0; 3416.6612; 170; 62.2; 
567; 0; 3416.6791; 170; 62.4; 
567; 0; 3416.696; 170; 62.6; 
567; 0; 3416.7119; 170; 62.8; 
567; 0; 3416.7266; 170; 63; 
567; 0; 3418.3743; 170; 63.2; 
567; 0; 3418.387; 170; 63.4; 
567; 0; 3418.3989; 170; 63.6; 
567; 0; 3418.4102; 170; 63.8; 
567; 0; 3418.4212; 170; 64; 
567; 0; 3420.036; 170; 64.2; 
567; 0; 3420.0466; 170; 64.4; 
567; 0; 3420.057; 170; 64.6; 
567; 0; 3420.0671; 170; 64.8; 
567; 0; 3420.0799; 170; 65; 
567; 0; 3421.6813; 170; 65.2; 
567; 0; 3421.7243; 170; 65.4; 
567; 0; 3421.7928; 170; 65.6; 
567; 0; 3421.8921; 170; 65.8; 
567; 0; 3422.0272; 170; 66; 
567; 0; 3423.7535; 170; 66.2; 
567; 0; 3423.9709; 170; 66.4; 
567; 0; 3424.2329; 170; 66.6; 
567; 0; 3424.5321; 170; 66.8; 
567; 0; 3424.8565; 170; 67; 
567; 0; 3425.1939; 170; 67.2; 
567; 0; 3427.0526; 170; 67.4; 
567; 0; 3427.3806; 170; 67.6; 
567; 0; 3427.692; 170; 67.8; 
567; 0; 3427.9819; 170; 68; 
567; 0; 3428.2477; 170; 68.2; 
567; 0; 3428.4895; 170; 68.4; 
567; 0; 3430.2005; 170; 68.6; 
567; 0; 3430.3985; 170; 68.8; 
567; 0; 3430.5801; 170; 69; 
567; 0; 3430.7487; 170; 69.2; 
567; 0; 3430.9074; 170; 69.4; 
567; 0; 3432.532; 170; 69.6; 
567; 0; 3432.6767; 170; 69.8; 
567; 0; 3432.817; 170; 70; 
567; 0; 3404.4793; 170; 70.2; 
567; 0; 3365.6907; 170; 70.4; 
567; 0; 3326.8909; 170; 70.6; 
567; 0; 3289.7779; 170; 70.8; 
567; 0; 3250.2827; 170; 71; 
567; 0; 3210.776; 170; 71.2; 
567; 0; 3171.2581; 170; 71.4; 
567; 0; 3130.8082; 170; 71.6; 
567; 0; 3091.2688; 170; 71.8; 
567; 0; 3056.7569; 170; 72; 
567; 0; 3022.7144; 170; 72.2; 
567; 0; 2988.6651; 170; 72.4; 
567; 0; 2956.233; 170; 72.6; 
567; 0; 2923.7956; 170; 72.8; 
567; 0; 2892.1652; 170; 73; 
567; 0; 2858.1382; 170; 73.2; 
567; 0; 2823.6936; 170; 73.4; 
567; 0; 2790.1766; 170; 73.6; 
567; 0; 2757.5875; 170; 73.8; 
567; 0; 2726.8589; 170; 74; 
567; 0; 2696.1271; 170; 74.2; 
567; 0; 2668.0389; 170; 74.4; 
567; 0; 2643.2705; 170; 74.6; 
567; 0; 2620.0988; 170; 74.8; 
567; 0; 2601.1223; 170; 75; 
567; 0; 2579.8826; 170; 75.2; 
567; 0; 2558.6414; 170; 75.4; 
567; 0; 2538.9728; 170; 75.6; 
567; 0; 2519.3032; 170; 75.8; 
567; 0; 2496.6581; 170; 76; 
567; 0; 2474.3884; 170; 76.2; 
567; 0; 2453.0862; 170; 76.4; 
567; 0; 2432.7515; 170; 76.6; 
567; 0; 2413.3845; 170; 76.8; 
567; 0; 2394.0167; 170; 77; 
567; 0; 2376.586; 170; 77.2; 
567; 0; 2359.1552; 170; 77.4; 
567; 0; 2343.662; 170; 77.6; 
567; 0; 2328.1688; 170; 77.8; 
567; 0; 2313.9041; 170; 78; 
567; 0; 2308.2188; 170; 78.2; 
567; 0; 2296.568; 170; 78.4; 
567; 0; 2284.9166; 170; 78.6; 
567; 0; 2274.0969; 170; 78.8; 
567; 0; 2263.2764; 170; 79; 
567; 0; 2253.2878; 170; 79.2; 
567; 0; 2243.2985; 170; 79.4; 
567; 0; 2234.1415; 170; 79.6; 
567; 0; 2224.9841; 170; 79.8; 
567; 0; 2215.8265; 170; 80; 
567; 0; 2207.5014; 170; 80.2; 
567; 0; 2200.0088; 170; 80.4; 
567; 0; 2192.5162; 170; 80.6; 
567; 0; 2184.3587; 170; 80.8; 
567; 0; 2176.6212; 170; 81; 
567; 0; 2169.8511; 170; 81.2; 
567; 0; 2162.1136; 170; 81.4; 
567; 0; 2155.3433; 170; 81.6; 
567; 0; 2148.5729; 170; 81.8; 
567; 0; 2142.7696; 170; 82; 
567; 0; 2136.9663; 170; 82.2; 
567; 0; 2132.13; 170; 82.4; 
567; 0; 2126.3264; 170; 82.6; 
567; 0; 2121.49; 170; 82.8; 
567; 0; 2116.6536; 170; 83; 
567; 0; 2112.7844; 170; 83.2; 
567; 0; 2108.9151; 170; 83.4; 
567; 0; 2105.0458; 170; 83.6; 
567; 0; 2101.1765; 170; 83.8; 
567; 0; 2097.3071; 170; 84; 
567; 0; 2094.4051; 170; 84.2; 
567; 0; 2091.503; 170; 84.4; 
567; 0; 2088.6009; 170; 84.6; 
567; 0; 2085.6988; 170; 84.8; 
567; 0; 2082.7968; 170; 85; 
567; 0; 2080.862; 170; 85.2; 
567; 0; 2078.9272; 170; 85.4; 
567; 0; 2076.9924; 170; 85.6; 
567; 0; 2075.0576; 170; 85.8; 
567; 0; 2073.1227; 170; 86; 
567; 0; 2071.1879; 170; 86.2; 
567; 0; 2070.2202; 170; 86.4; 
567; 0; 2068.2853; 170; 86.6; 
567; 0; 2067.3177; 170; 86.8; 
567; 0; 2066.35; 170; 87; 
567; 0; 2065.3824; 170; 87.2; 
567; 0; 2064.4148; 170; 87.4; 
567; 0; 2063.4472; 170; 87.6; 
567; 0; 2063.4468; 170; 87.8; 
567; 0; 2062.4791; 170; 88; 
567; 0; 2061.5114; 170; 88.2; 
567; 0; 2061.511; 170; 88.4; 
567; 0; 2061.5106; 170; 88.6; 
567; 0; 2060.5429; 170; 88.8; 
567; 0; 2060.5424; 170; 89; 
567; 0; 2060.542; 170; 89.2; 
567; 0; 2060.5417; 170; 89.4; 
567; 0; 2060.5414; 170; 89.6; 
567; 0; 2060.5411; 170; 89.8; 
567; 0; 2060.5408; 170; 90; 
567; 0; 2060.5404; 170; 90.2; 
567; 0; 2060.54; 170; 90.4; 
567; 0; 2060.5396; 170; 90.6; 
567; 0; 2060.5392; 170; 90.8; 
567; 0; 2061.506; 170; 91; 
567; 0; 2051.0316; 170; 91.2; 
567; 0; 2051.0311; 170; 91.4; 
567; 0; 2052.0099; 170; 91.6; 
567; 0; 2052.0095; 170; 91.8; 
567; 0; 2052.9884; 170; 92; 
567; 0; 2052.9881; 170; 92.2; 
567; 0; 2053.967; 170; 92.4; 
567; 0; 2054.946; 170; 92.6; 
567; 0; 2055.9249; 170; 92.8; 
567; 0; 2055.9245; 170; 93; 
567; 0; 2056.9033; 170; 93.2; 
567; 0; 2057.8822; 170; 93.4; 
567; 0; 2058.8611; 170; 93.6; 
567; 0; 2059.8399; 170; 93.8; 
567; 0; 2060.8188; 170; 94; 
567; 0; 2061.7976; 170; 94.2; 
567; 0; 2062.7765; 170; 94.4; 
567; 0; 2063.7553; 170; 94.6; 
567; 0; 2064.7342; 170; 94.8; 
567; 0; 2065.7131; 170; 95; 
567; 0; 2066.692; 170; 95.2; 
567; 0; 2067.6711; 170; 95.4; 
567; 0; 2069.6316; 170; 95.6; 
567; 0; 2073.5561; 170; 95.8; 
567; 0; 2078.4687; 170; 96; 
567; 0; 2085.3515; 170; 96.2; 
567; 0; 2095.1872; 170; 96.4; 
567; 0; 2106.0198; 170; 96.6; 
567; 0; 2119.8117; 170; 96.8; 
567; 0; 2135.5866; 170; 97; 
567; 0; 2152.3678; 170; 97.2; 
567; 0; 2169.1756; 170; 97.4; 
567; 0; 2185.0521; 170; 97.6; 
567; 0; 2197.8762; 170; 97.8; 
567; 0; 2210.7113; 170; 98; 
567; 0; 2222.707; 170; 98.2; 
567; 0; 2233.0122; 170; 98.4; 
567; 0; 2243.3205; 170; 98.6; 
567; 0; 2252.7828; 170; 98.8; 
567; 0; 2261.3986; 170; 99; 
567; 0; 2270.0169; 170; 99.2; 
567; 0; 2278.6386; 170; 99.4; 
567; 0; 2279.355; 170; 99.6; 
567; 0; 2288.1288; 170; 99.8; 
567; 0; 2296.0461; 170; 100; 
567; 0; 2304.834; 170; 100.2; 
567; 0; 2312.766; 170; 100.4; 
567; 0; 2320.7052; 170; 100.6; 
567; 0; 2329.567; 170; 100.8; 
567; 0; 2338.6763; 170; 101; 
567; 0; 2346.8018; 170; 101.2; 
567; 0; 2354.9331; 170; 101.4; 
567; 0; 2362.0783; 170; 101.6; 
567; 0; 2369.2275; 170; 101.8; 
567; 0; 2376.3806; 170; 102; 
567; 0; 2382.5455; 170; 102.2; 
567; 0; 2388.7136; 170; 102.4; 
567; 0; 2394.8852; 170; 102.6; 
567; 0; 2401.0604; 170; 102.8; 
567; 0; 2406.2461; 170; 103; 
567; 0; 2411.4352; 170; 103.2; 
567; 0; 2416.6278; 170; 103.4; 
567; 0; 2420.8299; 170; 103.6; 
567; 0; 2425.0351; 170; 103.8; 
567; 0; 2430.2383; 170; 104; 
567; 0; 2434.4501; 170; 104.2; 
567; 0; 2437.6694; 170; 104.4; 
567; 0; 2441.8868; 170; 104.6; 
567; 0; 2445.1112; 170; 104.8; 
567; 0; 2448.3378; 170; 105; 
567; 0; 2451.5665; 170; 105.2; 
567; 0; 2454.7971; 170; 105.4; 
567; 0; 2457.0326; 170; 105.6; 
567; 0; 2460.2671; 170; 105.8; 
567; 0; 2462.5057; 170; 106; 
567; 0; 2464.7459; 170; 106.2; 
567; 0; 2466.9876; 170; 106.4; 
567; 0; 2469.2309; 170; 106.6; 
567; 0; 2470.4768; 170; 106.8; 
567; 0; 2472.723; 170; 107; 
567; 0; 2473.9714; 170; 107.2; 
567; 0; 2476.2207; 170; 107.4; 
567; 0; 2477.4714; 170; 107.6; 
567; 0; 2478.7232; 170; 107.8; 
567; 0; 2479.9758; 170; 108; 
567; 0; 2481.2295; 170; 108.2; 
567; 0; 2482.484; 170; 108.4; 
567; 0; 2482.7377; 170; 108.6; 
567; 0; 2483.994; 170; 108.8; 
567; 0; 2484.249; 170; 109; 
567; 0; 2485.5068; 170; 109.2; 
567; 0; 2485.7627; 170; 109.4; 
567; 0; 2486.0191; 170; 109.6; 
567; 0; 2487.0192; 170; 109.8; 
567; 0; 2487.1694; 170; 110; 
567; 0; 2487.32; 170; 110.2; 
567; 0; 2487.4708; 170; 110.4; 
567; 0; 2487.6219; 170; 110.6; 
567; 0; 2487.7733; 170; 110.8; 
567; 0; 2487.925; 170; 111; 
567; 0; 2488.0769; 170; 111.2; 
567; 0; 2488.2291; 170; 111.4; 
567; 0; 2487.564; 170; 111.6; 
567; 0; 2487.7166; 170; 111.8; 
567; 0; 2487.8695; 170; 112; 
567; 0; 2487.2044; 170; 112.2; 
567; 0; 2487.3576; 170; 112.4; 
567; 0; 2487.5111; 170; 112.6; 
567; 0; 2486.8459; 170; 112.8; 
567; 0; 2486.9998; 170; 113; 
567; 0; 2486.3344; 170; 113.2; 
567; 0; 2486.4886; 170; 113.4; 
567; 0; 2485.8231; 170; 113.6; 
567; 0; 2485.9777; 170; 113.8; 
567; 0; 2485.312; 170; 114; 
567; 0; 2485.4669; 170; 114.2; 
567; 0; 2490.3013; 170; 114.4; 
567; 0; 2489.6405; 170; 114.6; 
567; 0; 2489.7883; 170; 114.8; 
567; 0; 2489.1273; 170; 115; 
567; 0; 2488.4662; 170; 115.2; 
567; 0; 2488.6143; 170; 115.4; 
567; 0; 2487.9531; 170; 115.6; 
567; 0; 2487.2916; 170; 115.8; 
567; 0; 2486.6299; 170; 116; 
567; 0; 2485.9196; 170; 116.2; 
567; 0; 2485.1778; 170; 116.4; 
567; 0; 2484.4358; 170; 116.6; 
567; 0; 2483.6935; 170; 116.8; 
567; 0; 2483.9497; 170; 117; 
567; 0; 2483.2071; 170; 117.2; 
567; 0; 2482.4642; 170; 117.4; 
567; 0; 2481.7211; 170; 117.6; 
567; 0; 2480.9778; 170; 117.8; 
567; 0; 2480.2343; 170; 118; 
567; 0; 2479.4906; 170; 118.2; 
567; 0; 2478.7466; 170; 118.4; 
567; 0; 2478.0024; 170; 118.6; 
567; 0; 2477.258; 170; 118.8; 
567; 0; 2476.5132; 170; 119; 
567; 0; 2475.7682; 170; 119.2; 
567; 0; 2475.0231; 170; 119.4; 
567; 0; 2474.2777; 170; 119.6; 
567; 0; 2473.532; 170; 119.8; 
567; 0; 2472.7861; 170; 120; 
567; 0; 2473.0436; 170; 120.2; 
567; 0; 2472.2974; 170; 120.4; 
567; 0; 2471.5508; 170; 120.6; 
567; 0; 2470.8041; 170; 120.8; 
567; 0; 2470.057; 170; 121; 
567; 0; 2469.3097; 170; 121.2; 
567; 0; 2469.5678; 170; 121.4; 
567; 0; 2468.8203; 170; 121.6; 
567; 0; 2468.0724; 170; 121.8; 
567; 0; 2467.3244; 170; 122; 
567; 0; 2466.5761; 170; 122.2; 
567; 0; 2465.8276; 170; 122.4; 
567; 0; 2466.0863; 170; 122.6; 
567; 0; 2465.3376; 170; 122.8; 
567; 0; 2464.5886; 170; 123; 
567; 0; 2463.8393; 170; 123.2; 
567; 0; 2464.0986; 170; 123.4; 
567; 0; 2463.3491; 170; 123.6; 
567; 0; 2462.5993; 170; 123.8; 
567; 0; 2461.8492; 170; 124; 
567; 0; 2462.109; 170; 124.2; 
567; 0; 2461.3587; 170; 124.4; 
567; 0; 2460.6081; 170; 124.6; 
567; 0; 2460.8682; 170; 124.8; 
567; 0; 2460.1174; 170; 125; 
567; 0; 2459.3663; 170; 125.2; 
567; 0; 2459.6269; 170; 125.4; 
567; 0; 2458.8756; 170; 125.6; 
567; 0; 2458.124; 170; 125.8; 
567; 0; 2458.3851; 170; 126; 
567; 0; 2457.6334; 170; 126.2; 
567; 0; 2456.8813; 170; 126.4; 
567; 0; 2457.1427; 170; 126.6; 
567; 0; 2456.3903; 170; 126.8; 
567; 0; 2455.6376; 170; 127; 
567; 0; 2455.8996; 170; 127.2; 
567; 0; 2455.1468; 170; 127.4; 
567; 0; 2454.3937; 170; 127.6; 
567; 0; 2454.6561; 170; 127.8; 
567; 0; 2453.9028; 170; 128; 
567; 0; 2454.1657; 170; 128.2; 
567; 0; 2453.4121; 170; 128.4; 
567; 0; 2453.6751; 170; 128.6; 
567; 0; 2453.9376; 170; 128.8; 
567; 0; 2454.1991; 170; 129; 
567; 0; 2452.4198; 170; 129.2; 
567; 0; 2450.6278; 170; 129.4; 
567; 0; 2446.7798; 170; 129.6; 
567; 0; 2440.8698; 170; 129.8; 
567; 0; 2433.9127; 170; 130; 
567; 0; 2425.9063; 170; 130.2; 
567; 0; 2414.8102; 170; 130.4; 
567; 0; 2402.6625; 170; 130.6; 
567; 0; 2388.444; 170; 130.8; 
567; 0; 2373.175; 170; 131; 
567; 0; 2356.858; 170; 131.2; 
567; 0; 2339.4999; 170; 131.4; 
567; 0; 2322.1582; 170; 131.6; 
567; 0; 2308.77; 170; 131.8; 
567; 0; 2297.1651; 170; 132; 
567; 0; 2287.3481; 170; 132.2; 
567; 0; 2279.3219; 170; 132.4; 
567; 0; 2278.9121; 170; 132.6; 
567; 0; 2272.7866; 170; 132.8; 
567; 0; 2266.67; 170; 133; 
567; 0; 2259.6831; 170; 133.2; 
567; 0; 2252.6983; 170; 133.4; 
567; 0; 2245.7122; 170; 133.6; 
567; 0; 2237.8459; 170; 133.8; 
567; 0; 2229.0977; 170; 134; 
567; 0; 2220.3431; 170; 134.2; 
567; 0; 2211.5827; 170; 134.4; 
567; 0; 2202.8175; 170; 134.6; 
567; 0; 2194.9254; 170; 134.8; 
567; 0; 2186.1556; 170; 135; 
567; 0; 2179.1381; 170; 135.2; 
567; 0; 2172.1216; 170; 135.4; 
567; 0; 2165.1067; 170; 135.6; 
567; 0; 2158.97; 170; 135.8; 
567; 0; 2153.7114; 170; 136; 
567; 0; 2148.4545; 170; 136.2; 
567; 0; 2142.9305; 170; 136.4; 
567; 0; 2137.8439; 170; 136.6; 
567; 0; 2132.7577; 170; 136.8; 
567; 0; 2127.6714; 170; 137; 
567; 0; 2122.5844; 170; 137.2; 
567; 0; 2117.4964; 170; 137.4; 
567; 0; 2112.4076; 170; 137.6; 
567; 0; 2108.3357; 170; 137.8; 
567; 0; 2104.263; 170; 138; 
567; 0; 2100.1899; 170; 138.2; 
567; 0; 2096.1165; 170; 138.4; 
567; 0; 2092.0432; 170; 138.6; 
567; 0; 2088.9879; 170; 138.8; 
567; 0; 2085.9328; 170; 139; 
567; 0; 2082.878; 170; 139.2; 
567; 0; 2079.8234; 170; 139.4; 
567; 0; 2077.7871; 170; 139.6; 
567; 0; 2075.7509; 170; 139.8; 
567; 0; 2072.6969; 170; 140; 
567; 0; 2070.661; 170; 140.2; 
567; 0; 2068.625; 170; 140.4; 
567; 0; 2067.6068; 170; 140.6; 
567; 0; 2065.5707; 170; 140.8; 
567; 0; 2063.5344; 170; 141; 
567; 0; 2062.516; 170; 141.2; 
567; 0; 2060.4796; 170; 141.4; 
567; 0; 2059.461; 170; 141.6; 
567; 0; 2058.4423; 170; 141.8; 
567; 0; 2057.4235; 170; 142; 
567; 0; 2056.4048; 170; 142.2; 
567; 0; 2055.3861; 170; 142.4; 
567; 0; 2054.3675; 170; 142.6; 
567; 0; 2054.367; 170; 142.8; 
567; 0; 2053.3485; 170; 143; 
567; 0; 2052.3299; 170; 143.2; 
567; 0; 2052.3293; 170; 143.4; 
567; 0; 2051.3107; 170; 143.6; 
567; 0; 2051.31; 170; 143.8; 
567; 0; 2051.3093; 170; 144; 
567; 0; 2051.3087; 170; 144.2; 
567; 0; 2050.2902; 170; 144.4; 
567; 0; 2050.2895; 170; 144.6; 
567; 0; 2050.2889; 170; 144.8; 
567; 0; 2050.2883; 170; 145; 
567; 0; 2050.2878; 170; 145.2; 
567; 0; 2050.2872; 170; 145.4; 
567; 0; 2051.3052; 170; 145.6; 
567; 0; 2053.3452; 170; 145.8; 
567; 0; 2056.4112; 170; 146; 
567; 0; 2062.5428; 170; 146.2; 
567; 0; 2070.7255; 170; 146.4; 
567; 0; 2071.3295; 170; 146.6; 
567; 0; 2084.8103; 170; 146.8; 
567; 0; 2099.3477; 170; 147; 
567; 0; 2114.944; 170; 147.2; 
567; 0; 2130.5665; 170; 147.4; 
567; 0; 2144.6676; 170; 147.6; 
567; 0; 2156.3785; 170; 147.8; 
567; 0; 2167.2055; 170; 148; 
567; 0; 2177.1448; 170; 148.2; 
567; 0; 2186.1931; 170; 148.4; 
567; 0; 2194.3484; 170; 148.6; 
567; 0; 2202.5024; 170; 148.8; 
567; 0; 2209.763; 170; 149; 
567; 0; 2216.1305; 170; 149.2; 
567; 0; 2222.4992; 170; 149.4; 
567; 0; 2229.764; 170; 149.6; 
567; 0; 2236.1396; 170; 149.8; 
567; 0; 2242.5202; 170; 150; 
567; 0; 2249.8005; 170; 150.2; 
567; 0; 2256.1926; 170; 150.4; 
567; 0; 2262.5903; 170; 150.6; 
567; 0; 2268.9931; 170; 150.8; 
567; 0; 2274.5054; 170; 151; 
567; 0; 2280.0213; 170; 151.2; 
567; 0; 2285.5402; 170; 151.4; 
567; 0; 2290.1659; 170; 151.6; 
567; 0; 2294.7935; 170; 151.8; 
567; 0; 2299.4227; 170; 152; 
567; 0; 2304.0535; 170; 152.2; 
567; 0; 2307.7895; 170; 152.4; 
567; 0; 2311.527; 170; 152.6; 
567; 0; 2315.2663; 170; 152.8; 
567; 0; 2318.1102; 170; 153; 
567; 0; 2321.8533; 170; 153.2; 
567; 0; 2325.0422; 170; 153.4; 
567; 0; 2329.3344; 170; 153.6; 
567; 0; 2332.6006; 170; 153.8; 
567; 0; 2335.8689; 170; 154; 
567; 0; 2338.1101; 170; 154.2; 
567; 0; 2341.3822; 170; 154.4; 
567; 0; 2344.6562; 170; 154.6; 
567; 0; 2346.9019; 170; 154.8; 
567; 0; 2349.1489; 170; 155; 
567; 0; 2351.3971; 170; 155.2; 
567; 0; 2353.6465; 170; 155.4; 
567; 0; 2355.8969; 170; 155.6; 
567; 0; 2357.1172; 170; 155.8; 
567; 0; 2359.3696; 170; 156; 
567; 0; 2360.5915; 170; 156.2; 
567; 0; 2362.8461; 170; 156.4; 
567; 0; 2364.0698; 170; 156.6; 
567; 0; 2365.2943; 170; 156.8; 
567; 0; 2366.5198; 170; 157; 
567; 0; 2367.746; 170; 157.2; 
567; 0; 2368.9729; 170; 157.4; 
567; 0; 2370.2007; 170; 157.6; 
567; 0; 2371.4292; 170; 157.8; 
567; 0; 2372.6586; 170; 158; 
567; 0; 2372.8544; 170; 158.2; 
567; 0; 2374.0851; 170; 158.4; 
567; 0; 2374.2818; 170; 158.6; 
567; 0; 2375.5137; 170; 158.8; 
567; 0; 2375.7109; 170; 159; 
567; 0; 2376.944; 170; 159.2; 
567; 0; 2377.1419; 170; 159.4; 
567; 0; 2377.34; 170; 159.6; 
567; 0; 2378.5749; 170; 159.8; 
567; 0; 2378.7737; 170; 160; 
567; 0; 2378.9728; 170; 160.2; 
567; 0; 2379.172; 170; 160.4; 
567; 0; 2379.3716; 170; 160.6; 
567; 0; 2379.5713; 170; 160.8; 
567; 0; 2379.7714; 170; 161; 
567; 0; 2381.0099; 170; 161.2; 
567; 0; 2381.2101; 170; 161.4; 
567; 0; 2381.4096; 170; 161.6; 
567; 0; 2381.6075; 170; 161.8; 
567; 0; 2381.8029; 170; 162; 
567; 0; 2381.995; 170; 162.2; 
567; 0; 2382.1827; 170; 162.4; 
567; 0; 2382.3657; 170; 162.6; 
567; 0; 2382.5446; 170; 162.8; 
567; 0; 2383.762; 170; 163; 
567; 0; 2386.0215; 170; 163.2; 
567; 0; 2389.3265; 170; 163.4; 
567; 0; 2393.6804; 170; 163.6; 
567; 0; 2399.0857; 170; 163.8; 
567; 0; 2405.5439; 170; 164; 
567; 0; 2412.0138; 170; 164.2; 
567; 0; 2418.495; 170; 164.4; 
567; 0; 2423.9434; 170; 164.6; 
567; 0; 2427.3108; 170; 164.8; 
567; 0; 2428.5694; 170; 165; 
567; 0; 2427.7116; 170; 165.2; 
567; 0; 2424.7496; 170; 165.4; 
567; 0; 2418.633; 170; 165.6; 
567; 0; 2411.4442; 170; 165.8; 
567; 0; 2402.136; 170; 166; 
567; 0; 2390.7069; 170; 166.2; 
567; 0; 2376.1127; 170; 166.4; 
567; 0; 2360.4431; 170; 166.6; 
567; 0; 2342.6567; 170; 166.8; 
567; 0; 2323.8047; 170; 167; 
567; 0; 2307.1514; 170; 167.2; 
567; 0; 2293.4144; 170; 167.4; 
567; 0; 2282.416; 170; 167.6; 
567; 0; 2275.0722; 170; 167.8; 
567; 0; 2272.297; 170; 168; 
567; 0; 2272.2696; 170; 168.2; 
567; 0; 2274.9914; 170; 168.4; 
567; 0; 2277.7302; 170; 168.6; 
567; 0; 2280.4857; 170; 168.8; 
567; 0; 2281.4332; 170; 169; 
567; 0; 2279.6559; 170; 169.2; 
567; 0; 2276.058; 170; 169.4; 
567; 0; 2269.7212; 170; 169.6; 
567; 0; 2263.3739; 170; 169.8; 
567; 0; 2255.1903; 170; 170; 
567; 0; 2246.0815; 170; 170.2; 
567; 0; 2236.0491; 170; 170.4; 
567; 0; 2226.008; 170; 170.6; 
567; 0; 2215.9622; 170; 170.8; 
567; 0; 2206.8266; 170; 171; 
567; 0; 2206.1425; 170; 171.2; 
567; 0; 2198.9504; 170; 171.4; 
567; 0; 2192.66; 170; 171.6; 
567; 0; 2187.2716; 170; 171.8; 
567; 0; 2181.8878; 170; 172; 
567; 0; 2177.4046; 170; 172.2; 
567; 0; 2172.924; 170; 172.4; 
567; 0; 2167.5477; 170; 172.6; 
567; 0; 2163.0687; 170; 172.8; 
567; 0; 2158.589; 170; 173; 
567; 0; 2153.211; 170; 173.2; 
567; 0; 2148.7285; 170; 173.4; 
567; 0; 2143.3473; 170; 173.6; 
567; 0; 2138.8619; 170; 173.8; 
567; 0; 2134.3755; 170; 174; 
567; 0; 2129.8885; 170; 174.2; 
567; 0; 2125.4013; 170; 174.4; 
567; 0; 2120.2213; 170; 174.6; 
567; 0; 2116.0498; 170; 174.8; 
567; 0; 2111.8789; 170; 175; 
567; 0; 2108.7509; 170; 175.2; 
567; 0; 2104.5814; 170; 175.4; 
567; 0; 2101.4547; 170; 175.6; 
567; 0; 2098.3284; 170; 175.8; 
567; 0; 2095.2024; 170; 176; 
567; 0; 2092.0765; 170; 176.2; 
567; 0; 2089.9927; 170; 176.4; 
567; 0; 2086.8667; 170; 176.6; 
567; 0; 2084.7825; 170; 176.8; 
567; 0; 2082.6981; 170; 177; 
567; 0; 2080.6135; 170; 177.2; 
567; 0; 2078.5286; 170; 177.4; 
567; 0; 2076.4436; 170; 177.6; 
567; 0; 2074.3585; 170; 177.8; 
567; 0; 2072.2733; 170; 178; 
567; 0; 2071.2304; 170; 178.2; 
567; 0; 2069.1455; 170; 178.4; 
567; 0; 2068.1029; 170; 178.6; 
567; 0; 2066.0182; 170; 178.8; 
567; 0; 2064.9757; 170; 179; 
567; 0; 2063.9332; 170; 179.2; 
567; 0; 2062.8907; 170; 179.4; 
567; 0; 2061.8481; 170; 179.6; 
567; 0; 2060.8055; 170; 179.8; 
567; 0; 2060.805; 170; 180; 
567; 0; 2059.7624; 170; 180.2; 
567; 0; 2058.7198; 170; 180.4; 
567; 0; 2058.7194; 170; 180.6; 
567; 0; 2057.6767; 170; 180.8; 
567; 0; 2057.6762; 170; 181; 
567; 0; 2056.6335; 170; 181.2; 
567; 0; 2056.633; 170; 181.4; 
567; 0; 2055.5903; 170; 181.6; 
567; 0; 2055.5897; 170; 181.8; 
567; 0; 2055.5891; 170; 182; 
567; 0; 2055.5886; 170; 182.2; 
567; 0; 2054.5459; 170; 182.4; 
567; 0; 2054.5454; 170; 182.6; 
567; 0; 2054.5449; 170; 182.8; 
567; 0; 2054.5444; 170; 183; 
567; 0; 2054.5438; 170; 183.2; 
567; 0; 2054.5432; 170; 183.4; 
567; 0; 2054.5427; 170; 183.6; 
567; 0; 2054.5421; 170; 183.8; 
567; 0; 2054.5416; 170; 184; 
567; 0; 2054.5411; 170; 184.2; 
567; 0; 2054.5407; 170; 184.4; 
567; 0; 2054.5402; 170; 184.6; 
567; 0; 2055.5818; 170; 184.8; 
567; 0; 2055.5814; 170; 185; 
567; 0; 2055.5809; 170; 185.2; 
567; 0; 2055.5804; 170; 185.4; 
567; 0; 2055.5798; 170; 185.6; 
567; 0; 2055.5793; 170; 185.8; 
567; 0; 2056.6208; 170; 186; 
567; 0; 2056.6202; 170; 186.2; 
567; 0; 2056.6197; 170; 186.4; 
567; 0; 2046.9439; 170; 186.6; 
567; 0; 2047.9984; 170; 186.8; 
567; 0; 2047.9978; 170; 187; 
567; 0; 2047.9973; 170; 187.2; 
567; 0; 2049.0519; 170; 187.4; 
567; 0; 2049.0513; 170; 187.6; 
567; 0; 2050.1058; 170; 187.8; 
567; 0; 2050.1053; 170; 188; 
567; 0; 2051.1599; 170; 188.2; 
567; 0; 2051.1594; 170; 188.4; 
567; 0; 2052.214; 170; 188.6; 
567; 0; 2052.2134; 170; 188.8; 
567; 0; 2053.2679; 170; 189; 
567; 0; 2054.3225; 170; 189.2; 
567; 0; 2054.322; 170; 189.4; 
567; 0; 2055.3765; 170; 189.6; 
567; 0; 2056.431; 170; 189.8; 
567; 0; 2056.4304; 170; 190; 
567; 0; 2057.4849; 170; 190.2; 
567; 0; 2058.5394; 170; 190.4; 
567; 0; 2059.5937; 170; 190.6; 
567; 0; 2059.5929; 170; 190.8; 
567; 0; 2060.647; 170; 191; 
567; 0; 2060.6461; 170; 191.2; 
567; 0; 2061.7003; 170; 191.4; 
567; 0; 2062.7547; 170; 191.6; 
567; 0; 2062.7542; 170; 191.8; 
567; 0; 2063.809; 170; 192; 
567; 0; 2064.8639; 170; 192.2; 
567; 0; 2064.8637; 170; 192.4; 
567; 0; 2065.9186; 170; 192.6; 
567; 0; 2065.9183; 170; 192.8; 
567; 0; 2066.973; 170; 193; 
567; 0; 2066.9727; 170; 193.2; 
567; 0; 2068.0272; 170; 193.4; 
567; 0; 2068.0268; 170; 193.6; 
567; 0; 2069.0814; 170; 193.8; 
567; 0; 2069.0809; 170; 194; 
567; 0; 2070.1354; 170; 194.2; 
567; 0; 2070.1349; 170; 194.4; 
567; 0; 2071.1894; 170; 194.6; 
567; 0; 2071.1889; 170; 194.8; 
567; 0; 2071.1885; 170; 195; 
567; 0; 2072.243; 170; 195.2; 
567; 0; 2072.2425; 170; 195.4; 
567; 0; 2073.297; 170; 195.6; 
567; 0; 2073.2965; 170; 195.8; 
567; 0; 2073.2959; 170; 196; 
567; 0; 2074.3505; 170; 196.2; 
567; 0; 2074.35; 170; 196.4; 
567; 0; 2074.3495; 170; 196.6; 
567; 0; 2074.349; 170; 196.8; 
567; 0; 2075.4036; 170; 197; 
567; 0; 2075.4031; 170; 197.2; 
567; 0; 2075.4027; 170; 197.4; 
567; 0; 2076.4573; 170; 197.6; 
567; 0; 2076.4568; 170; 197.8; 
567; 0; 2076.4564; 170; 198; 
567; 0; 2076.4559; 170; 198.2; 
567; 0; 2077.5106; 170; 198.4; 
567; 0; 2077.5102; 170; 198.6; 
567; 0; 2077.5099; 170; 198.8; 
567; 0; 2077.5095; 170; 199; 
567; 0; 2078.564; 170; 199.2; 
567; 0; 2078.5635; 170; 199.4; 
567; 0; 2078.563; 170; 199.6; 
567; 0; 2078.5625; 170; 199.8; 
567; 0; 2078.5621; 170; 200; 
567; 0; 2079.6167; 170; 200.2; 
567; 0; 2079.6162; 170; 200.4; 
567; 0; 2079.6158; 170; 200.6; 
567; 0; 2079.6154; 170; 200.8; 
567; 0; 2079.615; 170; 201; 
567; 0; 2079.6146; 170; 201.2; 
567; 0; 2080.6692; 170; 201.4; 
567; 0; 2080.6688; 170; 201.6; 
567; 0; 2080.6684; 170; 201.8; 
567; 0; 2080.668; 170; 202; 
567; 0; 2080.6677; 170; 202.2; 
567; 0; 2080.6673; 170; 202.4; 
567; 0; 2081.7219; 170; 202.6; 
567; 0; 2081.7215; 170; 202.8; 
567; 0; 2081.721; 170; 203; 
567; 0; 2081.7206; 170; 203.2; 
567; 0; 2081.7201; 170; 203.4; 
567; 0; 2081.7196; 170; 203.6; 
567; 0; 2081.7193; 170; 203.8; 
567; 0; 2081.7189; 170; 204; 
567; 0; 2082.7735; 170; 204.2; 
567; 0; 2082.7732; 170; 204.4; 
567; 0; 2082.7729; 170; 204.6; 
567; 0; 2082.7724; 170; 204.8; 
567; 0; 2082.7719; 170; 205; 
567; 0; 2082.7715; 170; 205.2; 
567; 0; 2082.7711; 170; 205.4; 
567; 0; 2082.7707; 170; 205.6; 
567; 0; 2082.7703; 170; 205.8; 
567; 0; 2082.7699; 170; 206; 
567; 0; 2083.8245; 170; 206.2; 
567; 0; 2083.8242; 170; 206.4; 
567; 0; 2083.8239; 170; 206.6; 
567; 0; 2083.8236; 170; 206.8; 
567; 0; 2083.8233; 170; 207; 
567; 0; 2083.8229; 170; 207.2; 
567; 0; 2083.8225; 170; 207.4; 
567; 0; 2083.8221; 170; 207.6; 
567; 0; 2083.8217; 170; 207.8; 
567; 0; 2083.8213; 170; 208; 
567; 0; 2084.8759; 170; 208.2; 
567; 0; 2084.8755; 170; 208.4; 
567; 0; 2084.8751; 170; 208.6; 
567; 0; 2084.8747; 170; 208.8; 
567; 0; 2084.8743; 170; 209; 
567; 0; 2085.9289; 170; 209.2; 
567; 0; 2085.9285; 170; 209.4; 
567; 0; 2085.9281; 170; 209.6; 
567; 0; 2085.9277; 170; 209.8; 
567; 0; 2085.9273; 170; 210; 
567; 0; 2085.9269; 170; 210.2; 
567; 0; 2085.9265; 170; 210.4; 
567; 0; 2086.9811; 170; 210.6; 
567; 0; 2086.9807; 170; 210.8; 
567; 0; 2086.9804; 170; 211; 
567; 0; 2086.9802; 170; 211.2; 
567; 0; 2086.9799; 170; 211.4; 
567; 0; 2086.9796; 170; 211.6; 
567; 0; 2086.9793; 170; 211.8; 
567; 0; 2086.9789; 170; 212; 
567; 0; 2086.9785; 170; 212.2; 
567; 0; 2086.9781; 170; 212.4; 
567; 0; 2088.0327; 170; 212.6; 
567; 0; 2088.0323; 170; 212.8; 
567; 0; 2088.0319; 170; 213; 
567; 0; 2088.0315; 170; 213.2; 
567; 0; 2088.0311; 170; 213.4; 
567; 0; 2088.0307; 170; 213.6; 
567; 0; 2088.0304; 170; 213.8; 
567; 0; 2088.0301; 170; 214; 
567; 0; 2088.0297; 170; 214.2; 
567; 0; 2088.0293; 170; 214.4; 
567; 0; 2088.029; 170; 214.6; 
567; 0; 2088.0286; 170; 214.8; 
567; 0; 2088.0283; 170; 215; 
567; 0; 2088.0279; 170; 215.2; 
567; 0; 2088.0276; 170; 215.4; 
567; 0; 2088.0273; 170; 215.6; 
567; 0; 2088.0269; 170; 215.8; 
567; 0; 2088.0266; 170; 216; 
567; 0; 2088.0262; 170; 216.2; 
567; 0; 2088.0259; 170; 216.4; 
567; 0; 2088.0256; 170; 216.6; 
567; 0; 2088.0253; 170; 216.8; 
567; 0; 2088.025; 170; 217; 
567; 0; 2088.0247; 170; 217.2; 
567; 0; 2088.0243; 170; 217.4; 
567; 0; 2088.0239; 170; 217.6; 
567; 0; 2089.0785; 170; 217.8; 
567; 0; 2089.0779; 170; 218; 
567; 0; 2089.0768; 170; 218.2; 
567; 0; 2090.1298; 170; 218.4; 
567; 0; 2090.1263; 170; 218.6; 
567; 0; 2090.121; 170; 218.8; 
567; 0; 2091.1681; 170; 219; 
567; 0; 2091.157; 170; 219.2; 
567; 0; 2091.143; 170; 219.4; 
567; 0; 2091.1269; 170; 219.6; 
567; 0; 2093.2199; 170; 219.8; 
567; 0; 2095.3142; 170; 220; 
567; 0; 2099.5208; 170; 220.2; 
567; 0; 2104.7864; 170; 220.4; 
567; 0; 2111.1118; 170; 220.6; 
567; 0; 2117.337; 170; 220.8; 
567; 0; 2123.7188; 170; 221; 
567; 0; 2128.2814; 170; 221.2; 
567; 0; 2133.7571; 170; 221.4; 
567; 0; 2137.4118; 170; 221.6; 
567; 0; 2140.1554; 170; 221.8; 
567; 0; 2142.8979; 170; 222; 
567; 0; 2144.7273; 170; 222.2; 
567; 0; 2145.6431; 170; 222.4; 
567; 0; 2146.556; 170; 222.6; 
567; 0; 2146.5553; 170; 222.8; 
567; 0; 2146.5522; 170; 223; 
567; 0; 2146.5474; 170; 223.2; 
567; 0; 2147.4526; 170; 223.4; 
567; 0; 2148.3576; 170; 223.6; 
567; 0; 2149.2628; 170; 223.8; 
567; 0; 2150.169; 170; 224; 
567; 0; 2151.9876; 170; 224.2; 
567; 0; 2153.8078; 170; 224.4; 
567; 0; 2156.5406; 170; 224.6; 
567; 0; 2158.3644; 170; 224.8; 
567; 0; 2160.1903; 170; 225; 
567; 0; 2162.0185; 170; 225.2; 
567; 0; 2163.8485; 170; 225.4; 
567; 0; 2164.7686; 170; 225.6; 
567; 0; 2164.7778; 170; 225.8; 
567; 0; 2163.8752; 170; 226; 
567; 0; 2162.9709; 170; 226.2; 
567; 0; 2161.1533; 170; 226.4; 
567; 0; 2159.3331; 170; 226.6; 
567; 0; 2157.5104; 170; 226.8; 
567; 0; 2154.7743; 170; 227; 
567; 0; 2152.0365; 170; 227.2; 
567; 0; 2149.2978; 170; 227.4; 
567; 0; 2147.4701; 170; 227.6; 
567; 0; 2145.6428; 170; 227.8; 
567; 0; 2143.8166; 170; 228; 
567; 0; 2142.9028; 170; 228.2; 
567; 0; 2141.0793; 170; 228.4; 
567; 0; 2140.1683; 170; 228.6; 
567; 0; 2139.2583; 170; 228.8; 
567; 0; 2137.438; 170; 229; 
567; 0; 2136.5292; 170; 229.2; 
567; 0; 2135.6205; 170; 229.4; 
567; 0; 2133.8003; 170; 229.6; 
567; 0; 2131.9797; 170; 229.8; 
567; 0; 2131.0695; 170; 230; 
567; 0; 2129.2476; 170; 230.2; 
567; 0; 2127.4251; 170; 230.4; 
567; 0; 2125.6021; 170; 230.6; 
567; 0; 2123.7789; 170; 230.8; 
567; 0; 2122.8667; 170; 231; 
567; 0; 2121.0435; 170; 231.2; 
567; 0; 2120.1315; 170; 231.4; 
567; 0; 2118.3086; 170; 231.6; 
567; 0; 2117.397; 170; 231.8; 
567; 0; 2116.4795; 170; 232; 
567; 0; 2114.3697; 170; 232.2; 
567; 0; 2113.3151; 170; 232.4; 
567; 0; 2112.2605; 170; 232.6; 
567; 0; 2111.2061; 170; 232.8; 
567; 0; 2110.1516; 170; 233; 
567; 0; 2109.097; 170; 233.2; 
567; 0; 2108.0423; 170; 233.4; 
567; 0; 2106.9875; 170; 233.6; 
567; 0; 2105.9325; 170; 233.8; 
567; 0; 2104.8773; 170; 234; 
567; 0; 2103.8221; 170; 234.2; 
567; 0; 2102.7668; 170; 234.4; 
567; 0; 2101.7115; 170; 234.6; 
567; 0; 2100.6562; 170; 234.8; 
567; 0; 2099.6009; 170; 235; 
567; 0; 2098.5458; 170; 235.2; 
567; 0; 2098.5455; 170; 235.4; 
567; 0; 2097.4905; 170; 235.6; 
567; 0; 2096.4355; 170; 235.8; 
567; 0; 2096.4354; 170; 236; 
567; 0; 2095.3804; 170; 236.2; 
567; 0; 2094.3254; 170; 236.4; 
567; 0; 2094.3252; 170; 236.6; 
567; 0; 2093.2701; 170; 236.8; 
567; 0; 2093.2699; 170; 237; 
567; 0; 2092.2148; 170; 237.2; 
567; 0; 2092.2146; 170; 237.4; 
567; 0; 2091.1594; 170; 237.6; 
567; 0; 2091.1592; 170; 237.8; 
567; 0; 2090.104; 170; 238; 
567; 0; 2090.1038; 170; 238.2; 
567; 0; 2090.1035; 170; 238.4; 
567; 0; 2089.0483; 170; 238.6; 
567; 0; 2089.048; 170; 238.8; 
567; 0; 2089.0477; 170; 239; 
567; 0; 2087.9925; 170; 239.2; 
567; 0; 2087.9922; 170; 239.4; 
567; 0; 2087.992; 170; 239.6; 
567; 0; 2086.9369; 170; 239.8; 
567; 0; 2086.9366; 170; 240; 
567; 0; 2086.9363; 170; 240.2; 
567; 0; 2086.936; 170; 240.4; 
567; 0; 2085.8809; 170; 240.6; 
567; 0; 2085.8807; 170; 240.8; 
567; 0; 2085.8804; 170; 241; 
567; 0; 2085.8801; 170; 241.2; 
567; 0; 2084.8249; 170; 241.4; 
567; 0; 2084.8246; 170; 241.6; 
567; 0; 2084.8242; 170; 241.8; 
567; 0; 2084.8239; 170; 242; 
567; 0; 2084.8236; 170; 242.2; 
567; 0; 2084.8233; 170; 242.4; 
567; 0; 2084.823; 170; 242.6; 
567; 0; 2083.7678; 170; 242.8; 
567; 0; 2083.7675; 170; 243; 
567; 0; 2083.7673; 170; 243.2; 
567; 0; 2083.767; 170; 243.4; 
567; 0; 2083.7667; 170; 243.6; 
567; 0; 2083.7665; 170; 243.8; 
567; 0; 2083.7662; 170; 244; 
567; 0; 2083.766; 170; 244.2; 
567; 0; 2083.7657; 170; 244.4; 
567; 0; 2083.7654; 170; 244.6; 
567; 0; 2083.7651; 170; 244.8; 
567; 0; 2083.7647; 170; 245; 
567; 0; 2083.7643; 170; 245.2; 
567; 0; 2083.7639; 170; 245.4; 
567; 0; 2082.7087; 170; 245.6; 
567; 0; 2082.7085; 170; 245.8; 
567; 0; 2082.7082; 170; 246; 
567; 0; 2083.7628; 170; 246.2; 
567; 0; 2083.7622; 170; 246.4; 
567; 0; 2084.8159; 170; 246.6; 
567; 0; 2084.8135; 170; 246.8; 
567; 0; 2084.8096; 170; 247; 
567; 0; 2084.8042; 170; 247.2; 
567; 0; 2084.798; 170; 247.4; 
567; 0; 2084.7917; 170; 247.6; 
567; 0; 2084.7864; 170; 247.8; 
567; 0; 2085.8378; 170; 248; 
567; 0; 2087.9466; 170; 248.2; 
567; 0; 2089.0032; 170; 248.4; 
567; 0; 2090.062; 170; 248.6; 
567; 0; 2092.1773; 170; 248.8; 
567; 0; 2093.2387; 170; 249; 
567; 0; 2094.3003; 170; 249.2; 
567; 0; 2094.3064; 170; 249.4; 
567; 0; 2095.3661; 170; 249.6; 
567; 0; 2095.3694; 170; 249.8; 
567; 0; 2094.3162; 170; 250; 
567; 0; 2094.3163; 170; 250.2; 
567; 0; 2094.315; 170; 250.4; 
567; 0; 2093.2581; 170; 250.6; 
567; 0; 2093.2555; 170; 250.8; 
567; 0; 2093.253; 170; 251; 
567; 0; 2092.1958; 170; 251.2; 
567; 0; 2092.194; 170; 251.4; 
567; 0; 2092.1926; 170; 251.6; 
567; 0; 2092.1918; 170; 251.8; 
567; 0; 2091.1366; 170; 252; 
567; 0; 2091.1366; 170; 252.2; 
567; 0; 2091.1368; 170; 252.4; 
567; 0; 2091.1371; 170; 252.6; 
567; 0; 2091.1374; 170; 252.8; 
567; 0; 2091.1375; 170; 253; 
567; 0; 2090.0827; 170; 253.2; 
567; 0; 2090.0825; 170; 253.4; 
567; 0; 2090.0822; 170; 253.6; 
567; 0; 2090.0818; 170; 253.8; 
567; 0; 2089.0265; 170; 254; 
567; 0; 2089.0261; 170; 254.2; 
567; 0; 2089.0257; 170; 254.4; 
567; 0; 2089.0253; 170; 254.6; 
567; 0; 2089.0249; 170; 254.8; 
567; 0; 2087.9697; 170; 255; 
567; 0; 2087.9693; 170; 255.2; 
567; 0; 2087.969; 170; 255.4; 
567; 0; 2087.9687; 170; 255.6; 
567; 0; 2087.9684; 170; 255.8; 
567; 0; 2087.9681; 170; 256; 
567; 0; 2087.9679; 170; 256.2; 
567; 0; 2086.9129; 170; 256.4; 
567; 0; 2086.9127; 170; 256.6; 
567; 0; 2086.9124; 170; 256.8; 
567; 0; 2086.9121; 170; 257; 
567; 0; 2086.9118; 170; 257.2; 
567; 0; 2086.9115; 170; 257.4; 
567; 0; 2086.911; 170; 257.6; 
567; 0; 2087.9646; 170; 257.8; 
567; 0; 2087.9625; 170; 258; 
567; 0; 2087.9588; 170; 258.2; 
567; 0; 2087.953; 170; 258.4; 
567; 0; 2088.9993; 170; 258.6; 
567; 0; 2087.9328; 170; 258.8; 
567; 0; 2088.9729; 170; 259; 
567; 0; 2088.9566; 170; 259.2; 
567; 0; 2091.0496; 170; 259.4; 
567; 0; 2094.1989; 170; 259.6; 
567; 0; 2098.4062; 170; 259.8; 
567; 0; 2103.6727; 170; 260; 
567; 0; 2109.9991; 170; 260.2; 
567; 0; 2117.2998; 170; 260.4; 
567; 0; 2122.7709; 170; 260.6; 
567; 0; 2127.3338; 170; 260.8; 
567; 0; 2131.8985; 170; 261; 
567; 0; 2135.5528; 170; 261.2; 
567; 0; 2139.2068; 170; 261.4; 
567; 0; 2141.0374; 170; 261.6; 
567; 0; 2142.8658; 170; 261.8; 
567; 0; 2143.7806; 170; 262; 
567; 0; 2143.7816; 170; 262.2; 
567; 0; 2143.78; 170; 262.4; 
567; 0; 2144.6873; 170; 262.6; 
567; 0; 2144.6822; 170; 262.8; 
567; 0; 2145.5873; 170; 263; 
567; 0; 2146.4924; 170; 263.2; 
567; 0; 2147.3981; 170; 263.4; 
567; 0; 2149.2158; 170; 263.6; 
567; 0; 2150.1239; 170; 263.8; 
567; 0; 2152.8555; 170; 264; 
567; 0; 2154.6776; 170; 264.2; 
567; 0; 2156.5009; 170; 264.4; 
567; 0; 2158.3253; 170; 264.6; 
567; 0; 2159.2392; 170; 264.8; 
567; 0; 2160.1533; 170; 265; 
567; 0; 2161.9781; 170; 265.2; 
567; 0; 2161.9806; 170; 265.4; 
567; 0; 2162.8933; 170; 265.6; 
567; 0; 2162.8941; 170; 265.8; 
567; 0; 2162.8942; 170; 266; 
567; 0; 2162.8934; 170; 266.2; 
567; 0; 2162.892; 170; 266.4; 
567; 0; 2162.8902; 170; 266.6; 
567; 0; 2163.7992; 170; 266.8; 
567; 0; 2163.7973; 170; 267; 
567; 0; 2163.7957; 170; 267.2; 
567; 0; 2164.7053; 170; 267.4; 
567; 0; 2164.7045; 170; 267.6; 
567; 0; 2165.6151; 170; 267.8; 
567; 0; 2166.5263; 170; 268; 
567; 0; 2167.4385; 170; 268.2; 
567; 0; 2168.352; 170; 268.4; 
567; 0; 2168.3562; 170; 268.6; 
567; 0; 2169.273; 170; 268.8; 
567; 0; 2169.2801; 170; 269; 
567; 0; 2168.3768; 170; 269.2; 
567; 0; 2167.4733; 170; 269.4; 
567; 0; 2166.5689; 170; 269.6; 
567; 0; 2163.8406; 170; 269.8; 
567; 0; 2162.0214; 170; 270; 
567; 0; 2159.2888; 170; 270.2; 
567; 0; 2156.5542; 170; 270.4; 
567; 0; 2153.818; 170; 270.6; 
567; 0; 2150.1696; 170; 270.8; 
567; 0; 2147.4319; 170; 271; 
567; 0; 2145.6054; 170; 271.2; 
567; 0; 2142.8685; 170; 271.4; 
567; 0; 2141.0436; 170; 271.6; 
567; 0; 2139.2198; 170; 271.8; 
567; 0; 2137.3971; 170; 272; 
567; 0; 2135.5754; 170; 272.2; 
567; 0; 2134.6655; 170; 272.4; 
567; 0; 2132.8449; 170; 272.6; 
567; 0; 2131.0246; 170; 272.8; 
567; 0; 2129.2041; 170; 273; 
567; 0; 2128.2944; 170; 273.2; 
567; 0; 2126.4732; 170; 273.4; 
567; 0; 2124.6516; 170; 273.6; 
567; 0; 2122.8295; 170; 273.8; 
567; 0; 2121.007; 170; 274; 
567; 0; 2119.1843; 170; 274.2; 
567; 0; 2117.3614; 170; 274.4; 
567; 0; 2116.424; 170; 274.6; 
567; 0; 2114.3132; 170; 274.8; 
567; 0; 2113.2575; 170; 275; 
567; 0; 2111.1473; 170; 275.2; 
567; 0; 2110.0922; 170; 275.4; 
567; 0; 2109.0375; 170; 275.6; 
567; 0; 2107.9829; 170; 275.8; 
567; 0; 2106.9285; 170; 276; 
567; 0; 2105.8742; 170; 276.2; 
567; 0; 2104.8198; 170; 276.4; 
567; 0; 2103.7652; 170; 276.6; 
567; 0; 2102.7105; 170; 276.8; 
567; 0; 2101.6556; 170; 277; 
567; 0; 2100.6006; 170; 277.2; 
567; 0; 2099.5455; 170; 277.4; 
567; 0; 2098.4903; 170; 277.6; 
567; 0; 2097.4351; 170; 277.8; 
567; 0; 2096.3799; 170; 278; 
567; 0; 2095.3248; 170; 278.2; 
567; 0; 2095.3246; 170; 278.4; 
567; 0; 2094.2697; 170; 278.6; 
567; 0; 2093.2149; 170; 278.8; 
567; 0; 2093.2148; 170; 279; 
567; 0; 2092.16; 170; 279.2; 
567; 0; 2091.1052; 170; 279.4; 
567; 0; 2091.1051; 170; 279.6; 
567; 0; 2090.0501; 170; 279.8; 
567; 0; 2090.05; 170; 280; 
567; 0; 2088.995; 170; 280.2; 
567; 0; 2088.9948; 170; 280.4; 
567; 0; 2087.9398; 170; 280.6; 
567; 0; 2087.9396; 170; 280.8; 
567; 0; 2087.9395; 170; 281; 
567; 0; 2086.8845; 170; 281.2; 
567; 0; 2086.8844; 170; 281.4; 
567; 0; 2085.8294; 170; 281.6; 
567; 0; 2085.8292; 170; 281.8; 
567; 0; 2085.829; 170; 282; 
567; 0; 2085.8288; 170; 282.2; 
567; 0; 2084.7739; 170; 282.4; 
567; 0; 2084.7736; 170; 282.6; 
567; 0; 2084.7734; 170; 282.8; 
567; 0; 2084.7732; 170; 283; 
567; 0; 2083.7181; 170; 283.2; 
567; 0; 2083.7178; 170; 283.4; 
567; 0; 2083.7175; 170; 283.6; 
567; 0; 2083.7174; 170; 283.8; 
567; 0; 2083.7172; 170; 284; 
567; 0; 2082.6623; 170; 284.2; 
567; 0; 2082.6621; 170; 284.4; 
567; 0; 2082.6619; 170; 284.6; 
567; 0; 2082.6618; 170; 284.8; 
567; 0; 2082.6616; 170; 285; 
567; 0; 2082.6614; 170; 285.2; 
567; 0; 2082.6611; 170; 285.4; 
567; 0; 2082.6609; 170; 285.6; 
567; 0; 2082.6608; 170; 285.8; 
567; 0; 2082.6605; 170; 286; 
567; 0; 2081.6055; 170; 286.2; 
567; 0; 2081.6052; 170; 286.4; 
567; 0; 2081.605; 170; 286.6; 
567; 0; 2081.6047; 170; 286.8; 
567; 0; 2081.6045; 170; 287; 
567; 0; 2081.6043; 170; 287.2; 
567; 0; 2081.6041; 170; 287.4; 
567; 0; 2081.6038; 170; 287.6; 
567; 0; 2081.6036; 170; 287.8; 
567; 0; 2081.6033; 170; 288; 
567; 0; 2081.6031; 170; 288.2; 
567; 0; 2082.6575; 170; 288.4; 
567; 0; 2082.657; 170; 288.6; 
567; 0; 2082.6562; 170; 288.8; 
567; 0; 2082.6551; 170; 289; 
567; 0; 2082.6539; 170; 289.2; 
567; 0; 2082.6526; 170; 289.4; 
567; 0; 2082.6514; 170; 289.6; 
567; 0; 2082.6505; 170; 289.8; 
567; 0; 2083.7049; 170; 290; 
567; 0; 2083.7051; 170; 290.2; 
567; 0; 2083.7057; 170; 290.4; 
567; 0; 2083.7066; 170; 290.6; 
567; 0; 2084.7624; 170; 290.8; 
567; 0; 2084.7635; 170; 291; 
567; 0; 2084.7644; 170; 291.2; 
567; 0; 2084.765; 170; 291.4; 
567; 0; 2084.7654; 170; 291.6; 
567; 0; 2084.7654; 170; 291.8; 
567; 0; 2084.7652; 170; 292; 
567; 0; 2084.7647; 170; 292.2; 
567; 0; 2084.7641; 170; 292.4; 
567; 0; 2084.7634; 170; 292.6; 
567; 0; 2083.708; 170; 292.8; 
567; 0; 2083.7074; 170; 293; 
567; 0; 2083.7068; 170; 293.2; 
567; 0; 2083.7063; 170; 293.4; 
567; 0; 2083.7059; 170; 293.6; 
567; 0; 2083.7056; 170; 293.8; 
567; 0; 2083.7054; 170; 294; 
567; 0; 2083.7052; 170; 294.2; 
567; 0; 2083.705; 170; 294.4; 
567; 0; 2083.7048; 170; 294.6; 
567; 0; 2083.7046; 170; 294.8; 
567; 0; 2083.7043; 170; 295; 
567; 0; 2083.7041; 170; 295.2; 
567; 0; 2083.7039; 170; 295.4; 
567; 0; 2083.7037; 170; 295.6; 
567; 0; 2083.7036; 170; 295.8; 
567; 0; 2083.7033; 170; 296; 
567; 0; 2083.703; 170; 296.2; 
567; 0; 2083.7027; 170; 296.4; 
567; 0; 2083.7024; 170; 296.6; 
567; 0; 2083.7022; 170; 296.8; 
567; 0; 2083.702; 170; 297; 
567; 0; 2083.7018; 170; 297.2; 
567; 0; 2083.7015; 170; 297.4; 
567; 0; 2083.7013; 170; 297.6; 
567; 0; 2083.7011; 170; 297.8; 
567; 0; 2083.701; 170; 298; 
567; 0; 2084.7553; 170; 298.2; 
567; 0; 2084.7542; 170; 298.4; 
567; 0; 2084.7517; 170; 298.6; 
567; 0; 2085.802; 170; 298.8; 
567; 0; 2085.7951; 170; 299; 
567; 0; 2085.7852; 170; 299.2; 
567; 0; 2085.7721; 170; 299.4; 
567; 0; 2086.8112; 170; 299.6; 
567; 0; 2087.8495; 170; 299.8; 
567; 0; 2090.9977; 170; 300; 
567; 0; 2094.1485; 170; 300.2; 
567; 0; 2099.4125; 170; 300.4; 
567; 0; 2105.736; 170; 300.6; 
567; 0; 2112.0648; 170; 300.8; 
567; 0; 2118.1836; 170; 301; 
567; 0; 2123.6558; 170; 301.2; 
567; 0; 2128.2192; 170; 301.4; 
567; 0; 2131.8729; 170; 301.6; 
567; 0; 2135.5267; 170; 301.8; 
567; 0; 2137.3576; 170; 302; 
567; 0; 2139.1867; 170; 302.2; 
567; 0; 2141.0133; 170; 302.4; 
567; 0; 2141.0154; 170; 302.6; 
567; 0; 2141.9258; 170; 302.8; 
567; 0; 2141.923; 170; 303; 
567; 0; 2141.9185; 170; 303.2; 
567; 0; 2142.824; 170; 303.4; 
567; 0; 2143.7292; 170; 303.6; 
567; 0; 2144.6347; 170; 303.8; 
567; 0; 2145.5411; 170; 304; 
567; 0; 2147.3597; 170; 304.2; 
567; 0; 2149.1797; 170; 304.4; 
567; 0; 2151.9121; 170; 304.6; 
567; 0; 2153.735; 170; 304.8; 
567; 0; 2155.5589; 170; 305; 
567; 0; 2156.4727; 170; 305.2; 
567; 0; 2158.2976; 170; 305.4; 
567; 0; 2159.2115; 170; 305.6; 
567; 0; 2160.125; 170; 305.8; 
567; 0; 2160.1269; 170; 306; 
567; 0; 2160.128; 170; 306.2; 
567; 0; 2161.0391; 170; 306.4; 
567; 0; 2161.0386; 170; 306.6; 
567; 0; 2161.0374; 170; 306.8; 
567; 0; 2161.0357; 170; 307; 
567; 0; 2161.0338; 170; 307.2; 
567; 0; 2161.0319; 170; 307.4; 
567; 0; 2161.9411; 170; 307.6; 
567; 0; 2161.9398; 170; 307.8; 
567; 0; 2162.8498; 170; 308; 
567; 0; 2163.7603; 170; 308.2; 
567; 0; 2163.7603; 170; 308.4; 
567; 0; 2164.6716; 170; 308.6; 
567; 0; 2164.6724; 170; 308.8; 
567; 0; 2165.5842; 170; 309; 
567; 0; 2165.5851; 170; 309.2; 
567; 0; 2165.586; 170; 309.4; 
567; 0; 2165.5867; 170; 309.6; 
567; 0; 2165.5871; 170; 309.8; 
567; 0; 2165.5872; 170; 310; 
567; 0; 2165.5871; 170; 310.2; 
567; 0; 2165.5868; 170; 310.4; 
567; 0; 2165.5862; 170; 310.6; 
567; 0; 2165.5855; 170; 310.8; 
567; 0; 2165.5848; 170; 311; 
567; 0; 2165.5841; 170; 311.2; 
567; 0; 2165.5835; 170; 311.4; 
567; 0; 2165.5831; 170; 311.6; 
567; 0; 2166.4937; 170; 311.8; 
567; 0; 2166.4936; 170; 312; 
567; 0; 2166.4937; 170; 312.2; 
567; 0; 2166.4938; 170; 312.4; 
567; 0; 2166.4941; 170; 312.6; 
567; 0; 2166.4943; 170; 312.8; 
567; 0; 2166.4946; 170; 313; 
567; 0; 2166.4948; 170; 313.2; 
567; 0; 2166.4949; 170; 313.4; 
567; 0; 2166.4951; 170; 313.6; 
567; 0; 2166.4957; 170; 313.8; 
567; 0; 2167.4083; 170; 314; 
567; 0; 2167.4115; 170; 314.2; 
567; 0; 2167.4164; 170; 314.4; 
567; 0; 2167.423; 170; 314.6; 
567; 0; 2166.5196; 170; 314.8; 
567; 0; 2165.6163; 170; 315; 
567; 0; 2163.8013; 170; 315.2; 
567; 0; 2161.0739; 170; 315.4; 
567; 0; 2159.2554; 170; 315.6; 
567; 0; 2156.5237; 170; 315.8; 
567; 0; 2152.879; 170; 316; 
567; 0; 2150.1436; 170; 316.2; 
567; 0; 2147.4069; 170; 316.4; 
567; 0; 2143.7587; 170; 316.6; 
567; 0; 2141.0216; 170; 316.8; 
567; 0; 2138.2849; 170; 317; 
567; 0; 2136.46; 170; 317.2; 
567; 0; 2134.6361; 170; 317.4; 
567; 0; 2131.9023; 170; 317.6; 
567; 0; 2130.0805; 170; 317.8; 
567; 0; 2128.2593; 170; 318; 
567; 0; 2126.4385; 170; 318.2; 
567; 0; 2125.5288; 170; 318.4; 
567; 0; 2123.7081; 170; 318.6; 
567; 0; 2121.8872; 170; 318.8; 
567; 0; 2120.066; 170; 319; 
567; 0; 2118.2444; 170; 319.2; 
567; 0; 2116.3824; 170; 319.4; 
567; 0; 2114.2725; 170; 319.6; 
567; 0; 2112.1623; 170; 319.8; 
567; 0; 2110.0519; 170; 320; 
567; 0; 2108.9962; 170; 320.2; 
567; 0; 2106.8858; 170; 320.4; 
567; 0; 2105.8303; 170; 320.6; 
567; 0; 2104.775; 170; 320.8; 
567; 0; 2102.6652; 170; 321; 
567; 0; 2101.6104; 170; 321.2; 
567; 0; 2100.5557; 170; 321.4; 
567; 0; 2099.5011; 170; 321.6; 
567; 0; 2098.4466; 170; 321.8; 
567; 0; 2097.3921; 170; 322; 
567; 0; 2096.3375; 170; 322.2; 
567; 0; 2095.2829; 170; 322.4; 
567; 0; 2094.2283; 170; 322.6; 
567; 0; 2093.1735; 170; 322.8; 
567; 0; 2092.1186; 170; 323; 
567; 0; 2091.0637; 170; 323.2; 
567; 0; 2090.0087; 170; 323.4; 
567; 0; 2090.0085; 170; 323.6; 
567; 0; 2088.9536; 170; 323.8; 
567; 0; 2087.8987; 170; 324; 
567; 0; 2087.8985; 170; 324.2; 
567; 0; 2086.8437; 170; 324.4; 
567; 0; 2086.8435; 170; 324.6; 
567; 0; 2085.7887; 170; 324.8; 
567; 0; 2085.7885; 170; 325; 
567; 0; 2084.7337; 170; 325.2; 
567; 0; 2084.7335; 170; 325.4; 
567; 0; 2083.6787; 170; 325.6; 
567; 0; 2083.6785; 170; 325.8; 
567; 0; 2083.6784; 170; 326; 
567; 0; 2082.6235; 170; 326.2; 
567; 0; 2082.6234; 170; 326.4; 
567; 0; 2082.6232; 170; 326.6; 
567; 0; 2081.5684; 170; 326.8; 
567; 0; 2081.5683; 170; 327; 
567; 0; 2081.5682; 170; 327.2; 
567; 0; 2081.5681; 170; 327.4; 
567; 0; 2080.5132; 170; 327.6; 
567; 0; 2080.513; 170; 327.8; 
567; 0; 2080.5128; 170; 328; 
567; 0; 2080.5126; 170; 328.2; 
567; 0; 2080.5124; 170; 328.4; 
567; 0; 2080.5122; 170; 328.6; 
567; 0; 2079.4573; 170; 328.8; 
567; 0; 2079.4571; 170; 329; 
567; 0; 2079.457; 170; 329.2; 
567; 0; 2079.4569; 170; 329.4; 
567; 0; 2079.4567; 170; 329.6; 
567; 0; 2079.4564; 170; 329.8; 
567; 0; 2079.4562; 170; 330; 
567; 0; 2079.4559; 170; 330.2; 
567; 0; 2079.4557; 170; 330.4; 
567; 0; 2079.4554; 170; 330.6; 
567; 0; 2079.4552; 170; 330.8; 
567; 0; 2079.4551; 170; 331; 
567; 0; 2078.4002; 170; 331.2; 
567; 0; 2078.4001; 170; 331.4; 
567; 0; 2078.4; 170; 331.6; 
567; 0; 2078.3999; 170; 331.8; 
567; 0; 2078.3998; 170; 332; 
567; 0; 2078.3996; 170; 332.2; 
567; 0; 2078.3993; 170; 332.4; 
567; 0; 2078.3991; 170; 332.6; 
567; 0; 2078.3989; 170; 332.8; 
567; 0; 2078.3988; 170; 333; 
567; 0; 2078.3986; 170; 333.2; 
567; 0; 2078.3985; 170; 333.4; 
567; 0; 2079.4531; 170; 333.6; 
567; 0; 2079.4529; 170; 333.8; 
567; 0; 2079.4527; 170; 334; 
567; 0; 2079.4524; 170; 334.2; 
567; 0; 2079.4521; 170; 334.4; 
567; 0; 2079.4519; 170; 334.6; 
567; 0; 2079.4516; 170; 334.8; 
567; 0; 2079.4514; 170; 335; 
567; 0; 2079.4513; 170; 335.2; 
567; 0; 2079.4512; 170; 335.4; 
567; 0; 2079.4511; 170; 335.6; 
567; 0; 2079.4509; 170; 335.8; 
567; 0; 2079.4507; 170; 336; 
567; 0; 2079.4505; 170; 336.2; 
567; 0; 2079.4503; 170; 336.4; 
567; 0; 2079.4501; 170; 336.6; 
567; 0; 2079.4499; 170; 336.8; 
567; 0; 2079.4497; 170; 337; 
567; 0; 2079.4495; 170; 337.2; 
567; 0; 2079.4493; 170; 337.4; 
567; 0; 2079.4491; 170; 337.6; 
567; 0; 2079.4489; 170; 337.8; 
567; 0; 2079.4488; 170; 338; 
567; 0; 2079.4486; 170; 338.2; 
567; 0; 2079.4484; 170; 338.4; 
567; 0; 2079.4482; 170; 338.6; 
567; 0; 2080.5028; 170; 338.8; 
567; 0; 2080.5027; 170; 339; 
567; 0; 2080.5026; 170; 339.2; 
567; 0; 2080.5024; 170; 339.4; 
567; 0; 2080.5023; 170; 339.6; 
567; 0; 2080.5021; 170; 339.8; 
567; 0; 2080.5019; 170; 340; 
567; 0; 2080.5018; 170; 340.2; 
567; 0; 2080.5016; 170; 340.4; 
567; 0; 2080.5014; 170; 340.6; 
567; 0; 2080.5011; 170; 340.8; 
567; 0; 2080.5009; 170; 341; 
567; 0; 2080.5006; 170; 341.2; 
567; 0; 2080.5004; 170; 341.4; 
567; 0; 2080.5002; 170; 341.6; 
567; 0; 2080.5; 170; 341.8; 
567; 0; 2080.4999; 170; 342; 
567; 0; 2080.4997; 170; 342.2; 
567; 0; 2081.5542; 170; 342.4; 
567; 0; 2081.554; 170; 342.6; 
567; 0; 2081.5539; 170; 342.8; 
567; 0; 2081.5537; 170; 343; 
567; 0; 2081.5535; 170; 343.2; 
567; 0; 2082.608; 170; 343.4; 
567; 0; 2082.6078; 170; 343.6; 
567; 0; 2083.6621; 170; 343.8; 
567; 0; 2083.6612; 170; 344; 
567; 0; 2084.7139; 170; 344.2; 
567; 0; 2084.7105; 170; 344.4; 
567; 0; 2085.7597; 170; 344.6; 
567; 0; 2085.7515; 170; 344.8; 
567; 0; 2085.7402; 170; 345; 
567; 0; 2085.726; 170; 345.2; 
567; 0; 2086.7646; 170; 345.4; 
567; 0; 2088.8576; 170; 345.6; 
567; 0; 2092.0068; 170; 345.8; 
567; 0; 2096.2138; 170; 346; 
567; 0; 2101.4798; 170; 346.2; 
567; 0; 2107.8055; 170; 346.4; 
567; 0; 2114.1366; 170; 346.6; 
567; 0; 2119.9822; 170; 346.8; 
567; 0; 2125.4552; 170; 347; 
567; 0; 2129.1083; 170; 347.2; 
567; 0; 2132.7619; 170; 347.4; 
567; 0; 2135.5041; 170; 347.6; 
567; 0; 2137.3341; 170; 347.8; 
567; 0; 2139.1618; 170; 348; 
567; 0; 2140.076; 170; 348.2; 
567; 0; 2140.0766; 170; 348.4; 
567; 0; 2140.9856; 170; 348.6; 
567; 0; 2140.9818; 170; 348.8; 
567; 0; 2140.9767; 170; 349; 
567; 0; 2141.8819; 170; 349.2; 
567; 0; 2142.7873; 170; 349.4; 
567; 0; 2143.6934; 170; 349.6; 
567; 0; 2145.5115; 170; 349.8; 
567; 0; 2147.3309; 170; 350; 
567; 0; 2149.1519; 170; 350.2; 
567; 0; 2150.9742; 170; 350.4; 
567; 0; 2152.7977; 170; 350.6; 
567; 0; 2154.622; 170; 350.8; 
567; 0; 2155.5359; 170; 351; 
567; 0; 2156.4498; 170; 351.2; 
567; 0; 2157.3634; 170; 351.4; 
567; 0; 2158.2766; 170; 351.6; 
567; 0; 2158.2788; 170; 351.8; 
567; 0; 2159.1919; 170; 352; 
567; 0; 2159.1943; 170; 352.2; 
567; 0; 2159.197; 170; 352.4; 
567; 0; 2159.2001; 170; 352.6; 
567; 0; 2158.2925; 170; 352.8; 
567; 0; 2158.2957; 170; 353; 
567; 0; 2157.3878; 170; 353.2; 
567; 0; 2155.5685; 170; 353.4; 
567; 0; 2154.6593; 170; 353.6; 
567; 0; 2152.8385; 170; 353.8; 
567; 0; 2151.0167; 170; 354; 
567; 0; 2149.1943; 170; 354.2; 
567; 0; 2146.4603; 170; 354.4; 
567; 0; 2144.6368; 170; 354.6; 
567; 0; 2142.8132; 170; 354.8; 
567; 0; 2140.9896; 170; 355; 
567; 0; 2139.1664; 170; 355.2; 
567; 0; 2138.2544; 170; 355.4; 
567; 0; 2136.4321; 170; 355.6; 
567; 0; 2134.6103; 170; 355.8; 
567; 0; 2133.6997; 170; 356; 
567; 0; 2131.8786; 170; 356.2; 
567; 0; 2130.9686; 170; 356.4; 
567; 0; 2129.1477; 170; 356.6; 
567; 0; 2127.3268; 170; 356.8; 
567; 0; 2126.4166; 170; 357; 
567; 0; 2124.5953; 170; 357.2; 
567; 0; 2122.7737; 170; 357.4; 
567; 0; 2121.8628; 170; 357.6; 
567; 0; 2120.0409; 170; 357.8; 
567; 0; 2119.1297; 170; 358; 
567; 0; 2117.3076; 170; 358.2; 
567; 0; 2116.3425; 170; 358.4; 
567; 0; 2114.2328; 170; 358.6; 
567; 0; 2113.1778; 170; 358.8; 
567; 0; 2112.123; 170; 359; 
567; 0; 2111.0684; 170; 359.2; 
567; 0; 2108.9593; 170; 359.4; 
567; 0; 2107.9049; 170; 359.6; 
567; 0; 2106.8505; 170; 359.8; 
567; 0; 2105.7962; 170; 360; 
567; 0; 2104.7417; 170; 360.2; 
567; 0; 2103.6873; 170; 360.4; 
567; 0; 2102.6328; 170; 360.6; 
567; 0; 2101.5782; 170; 360.8; 
567; 0; 2100.5236; 170; 361; 
567; 0; 2099.4689; 170; 361.2; 
567; 0; 2098.4142; 170; 361.4; 
567; 0; 2098.4141; 170; 361.6; 
567; 0; 2097.3593; 170; 361.8; 
567; 0; 2096.3046; 170; 362; 
567; 0; 2095.2499; 170; 362.2; 
567; 0; 2094.1951; 170; 362.4; 
567; 0; 2094.195; 170; 362.6; 
567; 0; 2093.1403; 170; 362.8; 
567; 0; 2093.1403; 170; 363; 
567; 0; 2092.0857; 170; 363.2; 
567; 0; 2091.031; 170; 363.4; 
567; 0; 2091.031; 170; 363.6; 
567; 0; 2089.9764; 170; 363.8; 
567; 0; 2089.9764; 170; 364; 
567; 0; 2088.9218; 170; 364.2; 
567; 0; 2088.9217; 170; 364.4; 
567; 0; 2087.8669; 170; 364.6; 
567; 0; 2087.8667; 170; 364.8; 
567; 0; 2086.8119; 170; 365; 
567; 0; 2086.8118; 170; 365.2; 
567; 0; 2086.8118; 170; 365.4; 
567; 0; 2085.7571; 170; 365.6; 
567; 0; 2085.7571; 170; 365.8; 
567; 0; 2085.7571; 170; 366; 
567; 0; 2084.7024; 170; 366.2; 
567; 0; 2084.7024; 170; 366.4; 
567; 0; 2084.7023; 170; 366.6; 
567; 0; 2083.6475; 170; 366.8; 
567; 0; 2083.6474; 170; 367; 
567; 0; 2083.6473; 170; 367.2; 
567; 0; 2083.6472; 170; 367.4; 
567; 0; 2082.5923; 170; 367.6; 
567; 0; 2082.592; 170; 367.8; 
567; 0; 2082.5918; 170; 368; 
567; 0; 2082.5917; 170; 368.2; 
567; 0; 2081.537; 170; 368.4; 
567; 0; 2081.5369; 170; 368.6; 
567; 0; 2081.5367; 170; 368.8; 
567; 0; 2081.5366; 170; 369; 
567; 0; 2081.5365; 170; 369.2; 
567; 0; 2081.5364; 170; 369.4; 
567; 0; 2081.5363; 170; 369.6; 
567; 0; 2080.4816; 170; 369.8; 
567; 0; 2080.4815; 170; 370; 
567; 0; 2080.4813; 170; 370.2; 
567; 0; 2080.4811; 170; 370.4; 
567; 0; 2080.481; 170; 370.6; 
567; 0; 2080.4808; 170; 370.8; 
567; 0; 2080.4806; 170; 371; 
567; 0; 2080.4805; 170; 371.2; 
567; 0; 2080.4804; 170; 371.4; 
567; 0; 2080.4803; 170; 371.6; 
567; 0; 2080.4801; 170; 371.8; 
567; 0; 2080.48; 170; 372; 
567; 0; 2080.4799; 170; 372.2; 
567; 0; 2080.4798; 170; 372.4; 
567; 0; 2079.425; 170; 372.6; 
567; 0; 2079.4249; 170; 372.8; 
567; 0; 2079.4248; 170; 373; 
567; 0; 2079.4246; 170; 373.2; 
567; 0; 2079.4244; 170; 373.4; 
567; 0; 2079.4241; 170; 373.6; 
567; 0; 2079.4239; 170; 373.8; 
567; 0; 2079.4237; 170; 374; 
567; 0; 2079.4235; 170; 374.2; 
567; 0; 2079.4234; 170; 374.4; 
567; 0; 2079.4234; 170; 374.6; 
567; 0; 2079.4233; 170; 374.8; 
567; 0; 2079.4232; 170; 375; 
567; 0; 2079.423; 170; 375.2; 
567; 0; 2079.4229; 170; 375.4; 
567; 0; 2079.4228; 170; 375.6; 
567; 0; 2079.4227; 170; 375.8; 
567; 0; 2079.4225; 170; 376; 
567; 0; 2079.4224; 170; 376.2; 
567; 0; 2079.4222; 170; 376.4; 
567; 0; 2079.422; 170; 376.6; 
567; 0; 2079.4218; 170; 376.8; 
567; 0; 2079.4217; 170; 377; 
567; 0; 2080.4762; 170; 377.2; 
567; 0; 2080.4761; 170; 377.4; 
567; 0; 2080.4761; 170; 377.6; 
567; 0; 2080.4759; 170; 377.8; 
567; 0; 2080.4757; 170; 378; 
567; 0; 2080.4755; 170; 378.2; 
567; 0; 2080.4753; 170; 378.4; 
567; 0; 2080.4751; 170; 378.6; 
567; 0; 2080.475; 170; 378.8; 
567; 0; 2081.5295; 170; 379; 
567; 0; 2081.5295; 170; 379.2; 
567; 0; 2081.5294; 170; 379.4; 
567; 0; 2081.5293; 170; 379.6; 
567; 0; 2081.5292; 170; 379.8; 
567; 0; 2081.529; 170; 380; 
567; 0; 2081.5288; 170; 380.2; 
567; 0; 2082.5831; 170; 380.4; 
567; 0; 2082.5828; 170; 380.6; 
567; 0; 2082.5825; 170; 380.8; 
567; 0; 2082.5824; 170; 381; 
567; 0; 2082.5822; 170; 381.2; 
567; 0; 2082.5821; 170; 381.4; 
567; 0; 2082.582; 170; 381.6; 
567; 0; 2083.6366; 170; 381.8; 
567; 0; 2083.6365; 170; 382; 
567; 0; 2083.6364; 170; 382.2; 
567; 0; 2083.6362; 170; 382.4; 
567; 0; 2083.6361; 170; 382.6; 
567; 0; 2083.636; 170; 382.8; 
567; 0; 2083.6358; 170; 383; 
567; 0; 2083.6357; 170; 383.2; 
567; 0; 2083.6356; 170; 383.4; 
567; 0; 2083.6354; 170; 383.6; 
567; 0; 2083.6353; 170; 383.8; 
567; 0; 2083.6352; 170; 384; 
567; 0; 2083.6351; 170; 384.2; 
567; 0; 2083.6349; 170; 384.4; 
567; 0; 2083.6347; 170; 384.6; 
567; 0; 2083.6345; 170; 384.8; 
567; 0; 2083.6344; 170; 385; 
567; 0; 2083.6342; 170; 385.2; 
567; 0; 2083.6341; 170; 385.4; 
567; 0; 2084.6886; 170; 385.6; 
567; 0; 2084.6885; 170; 385.8; 
567; 0; 2084.6884; 170; 386; 
567; 0; 2084.6883; 170; 386.2; 
567; 0; 2084.6882; 170; 386.4; 
567; 0; 2084.6881; 170; 386.6; 
567; 0; 2084.6879; 170; 386.8; 
567; 0; 2084.6877; 170; 387; 
567; 0; 2084.6876; 170; 387.2; 
567; 0; 2084.6874; 170; 387.4; 
567; 0; 2084.6873; 170; 387.6; 
567; 0; 2084.6873; 170; 387.8; 
567; 0; 2084.6872; 170; 388; 
567; 0; 2084.6871; 170; 388.2; 
567; 0; 2084.6869; 170; 388.4; 
567; 0; 2084.6868; 170; 388.6; 
567; 0; 2084.6867; 170; 388.8; 
567; 0; 2084.6866; 170; 389; 
567; 0; 2084.6864; 170; 389.2; 
567; 0; 2084.6863; 170; 389.4; 
567; 0; 2084.6861; 170; 389.6; 
567; 0; 2084.6859; 170; 389.8; 
567; 0; 2083.6311; 170; 390; 
567; 0; 2083.6309; 170; 390.2; 
567; 0; 2083.6308; 170; 390.4; 
567; 0; 2083.6307; 170; 390.6; 
567; 0; 2083.6305; 170; 390.8; 
567; 0; 2083.6303; 170; 391; 
567; 0; 2083.6302; 170; 391.2; 
567; 0; 2083.6301; 170; 391.4; 
567; 0; 2083.63; 170; 391.6; 
567; 0; 2083.63; 170; 391.8; 
567; 0; 2084.6845; 170; 392; 
567; 0; 2084.6845; 170; 392.2; 
567; 0; 2084.6844; 170; 392.4; 
567; 0; 2084.6843; 170; 392.6; 
567; 0; 2084.6841; 170; 392.8; 
567; 0; 2084.684; 170; 393; 
567; 0; 2084.6839; 170; 393.2; 
567; 0; 2084.6838; 170; 393.4; 
567; 0; 2084.6837; 170; 393.6; 
567; 0; 2084.6835; 170; 393.8; 
567; 0; 2084.6834; 170; 394; 
567; 0; 2084.6832; 170; 394.2; 
567; 0; 2084.683; 170; 394.4; 
567; 0; 2084.6829; 170; 394.6; 
567; 0; 2083.6282; 170; 394.8; 
567; 0; 2083.628; 170; 395; 
567; 0; 2083.6279; 170; 395.2; 
567; 0; 2083.6279; 170; 395.4; 
567; 0; 2083.6278; 170; 395.6; 
567; 0; 2083.6277; 170; 395.8; 
567; 0; 2083.6276; 170; 396; 
567; 0; 2083.6274; 170; 396.2; 
567; 0; 2083.6273; 170; 396.4; 
567; 0; 2083.6271; 170; 396.6; 
567; 0; 2083.6269; 170; 396.8; 
567; 0; 2083.6268; 170; 397; 
567; 0; 2083.6267; 170; 397.2; 
567; 0; 2083.6266; 170; 397.4; 
567; 0; 2083.6264; 170; 397.6; 
567; 0; 2083.6263; 170; 397.8; 
567; 0; 2084.6807; 170; 398; 
567; 0; 2084.6806; 170; 398.2; 
567; 0; 2084.6805; 170; 398.4; 
567; 0; 2084.6804; 170; 398.6; 
567; 0; 2084.6803; 170; 398.8; 
567; 0; 2084.6801; 170; 399; 
567; 0; 2084.6801; 170; 399.2; 
567; 0; 2084.6801; 170; 399.4; 
567; 0; 2084.6801; 170; 399.6; 
567; 0; 2084.6801; 170; 399.8; 
567; 0; 2084.68; 170; 400; 
567; 0; 2084.6798; 170; 400.2; 
567; 0; 2083.625; 170; 400.4; 
567; 0; 2083.6247; 170; 400.6; 
567; 0; 2083.6245; 170; 400.8; 
567; 0; 2083.6244; 170; 401; 
567; 0; 2083.6243; 170; 401.2; 
567; 0; 2083.6241; 170; 401.4; 
567; 0; 2083.6239; 170; 401.6; 
567; 0; 2083.6238; 170; 401.8; 
567; 0; 2083.6236; 170; 402; 
567; 0; 2083.6235; 170; 402.2; 
567; 0; 2083.6234; 170; 402.4; 
567; 0; 2083.6233; 170; 402.6; 
567; 0; 2083.6232; 170; 402.8; 
567; 0; 2083.6231; 170; 403; 
567; 0; 2083.6231; 170; 403.2; 
567; 0; 2083.623; 170; 403.4; 
567; 0; 2083.623; 170; 403.6; 
567; 0; 2083.6229; 170; 403.8; 
567; 0; 2083.6229; 170; 404; 
567; 0; 2083.6228; 170; 404.2; 
567; 0; 2083.6228; 170; 404.4; 
567; 0; 2083.6227; 170; 404.6; 
567; 0; 2083.6225; 170; 404.8; 
567; 0; 2083.6223; 170; 405; 
567; 0; 2083.6221; 170; 405.2; 
567; 0; 2083.6218; 170; 405.4; 
567; 0; 2083.6216; 170; 405.6; 
567; 0; 2083.6214; 170; 405.8; 
567; 0; 2083.6212; 170; 406; 
567; 0; 2084.6757; 170; 406.2; 
567; 0; 2084.6757; 170; 406.4; 
567; 0; 2084.6757; 170; 406.6; 
567; 0; 2084.6756; 170; 406.8; 
567; 0; 2084.6756; 170; 407; 
567; 0; 2084.6755; 170; 407.2; 
567; 0; 2084.6754; 170; 407.4; 
567; 0; 2084.6752; 170; 407.6; 
567; 0; 2083.6205; 170; 407.8; 
567; 0; 2083.6203; 170; 408; 
567; 0; 2083.6201; 170; 408.2; 
567; 0; 2083.62; 170; 408.4; 
567; 0; 2083.6198; 170; 408.6; 
567; 0; 2083.6197; 170; 408.8; 
567; 0; 2083.6196; 170; 409; 
567; 0; 2083.6195; 170; 409.2; 
567; 0; 2083.6195; 170; 409.4; 
567; 0; 2083.6194; 170; 409.6; 
567; 0; 2083.6193; 170; 409.8; 
567; 0; 2083.6192; 170; 410; 
567; 0; 2083.6191; 170; 410.2; 
567; 0; 2083.619; 170; 410.4; 
567; 0; 2083.6189; 170; 410.6; 
567; 0; 2083.6188; 170; 410.8; 
567; 0; 2083.6187; 170; 411; 
567; 0; 2073.0729; 170; 411.2; 
567; 0; 1873.2895; 170; 411.4; 
567; 0; 1651.8227; 170; 411.6; 
567; 0; 1630.182; 170; 411.8; 
567; 0; 1630.1819; 170; 412; 
567; 0; 1630.1819; 170; 412.2; 
567; 0; 1630.1818; 170; 412.4; 
567; 0; 1630.1817; 170; 412.6; 
567; 0; 1630.1815; 170; 412.8; 
567; 0; 1630.1814; 170; 413; 
567; 0; 1630.1813; 170; 413.2; 
567; 0; 1630.1811; 170; 413.4; 
567; 0; 1630.1809; 170; 413.6; 
567; 0; 1630.1806; 170; 413.8; 
567; 0; 1630.1804; 170; 414; 
567; 0; 1630.1801; 170; 414.2; 
567; 0; 1630.1798; 170; 414.4; 
567; 0; 1630.1795; 170; 414.6; 
567; 0; 1630.1791; 170; 414.8; 
567; 0; 1630.1788; 170; 415; 
567; 0; 1630.1785; 170; 415.2; 
567; 0; 1630.1781; 170; 415.4; 
567; 0; 1630.1776; 170; 415.6; 
567; 0; 1630.1772; 170; 415.8; 
567; 0; 1630.1767; 170; 416; 
567; 0; 1616.7841; 170; 416.2; 
567; 0; 1616.7836; 170; 416.4; 
567; 0; 1616.7831; 170; 416.6; 
567; 0; 1616.7825; 170; 416.8; 
567; 0; 1616.782; 170; 417; 
567; 0; 1616.7814; 170; 417.2; 
567; 0; 1616.7809; 170; 417.4; 
567; 0; 1616.7804; 170; 417.6; 
567; 0; 1616.7799; 170; 417.8; 
567; 0; 1616.7795; 170; 418; 
567; 0; 1616.779; 170; 418.2; 
567; 0; 1616.7785; 170; 418.4; 
567; 0; 1616.778; 170; 418.6; 
567; 0; 1616.7775; 170; 418.8; 
567; 0; 1616.777; 170; 419; 
567; 0; 1616.7765; 170; 419.2; 
567; 0; 1616.776; 170; 419.4; 
567; 0; 1616.7755; 170; 419.6; 
567; 0; 1616.7749; 170; 419.8; 
567; 0; 1616.7744; 170; 420; 
567; 0; 1616.7739; 170; 420.2; 
567; 0; 1603.3694; 170; 420.4; 
567; 0; 1603.3688; 170; 420.6; 
567; 0; 1603.3683; 170; 420.8; 
567; 0; 1603.3678; 170; 421; 
567; 0; 1603.3673; 170; 421.2; 
567; 0; 1603.3669; 170; 421.4; 
567; 0; 1603.3664; 170; 421.6; 
567; 0; 1603.366; 170; 421.8; 
567; 0; 1603.3655; 170; 422; 
567; 0; 1603.3651; 170; 422.2; 
567; 0; 1603.3646; 170; 422.4; 
567; 0; 1603.3641; 170; 422.6; 
567; 0; 1603.3636; 170; 422.8; 
567; 0; 1603.3631; 170; 423; 
567; 0; 1603.3625; 170; 423.2; 
567; 0; 1603.362; 170; 423.4; 
567; 0; 1603.3615; 170; 423.6; 
567; 0; 1603.3611; 170; 423.8; 
567; 0; 1603.3606; 170; 424; 
567; 0; 1603.3601; 170; 424.2; 
567; 0; 1603.3597; 170; 424.4; 
567; 0; 1603.3592; 170; 424.6; 
567; 0; 1603.3587; 170; 424.8; 
567; 0; 1589.9375; 170; 425; 
567; 0; 1589.937; 170; 425.2; 
567; 0; 1589.9365; 170; 425.4; 
567; 0; 1589.936; 170; 425.6; 
567; 0; 1589.9356; 170; 425.8; 
567; 0; 1589.9351; 170; 426; 
567; 0; 1589.9347; 170; 426.2; 
567; 0; 1589.9342; 170; 426.4; 
567; 0; 1589.9338; 170; 426.6; 
567; 0; 1589.9334; 170; 426.8; 
567; 0; 1589.933; 170; 427; 
567; 0; 1589.9325; 170; 427.2; 
567; 0; 1589.932; 170; 427.4; 
567; 0; 1589.9315; 170; 427.6; 
567; 0; 1589.931; 170; 427.8; 
567; 0; 1589.9305; 170; 428; 
567; 0; 1589.93; 170; 428.2; 
567; 0; 1589.9296; 170; 428.4; 
567; 0; 1589.9292; 170; 428.6; 
567; 0; 1589.9288; 170; 428.8; 
567; 0; 1589.9283; 170; 429; 
567; 0; 1589.9279; 170; 429.2; 
567; 0; 1589.9275; 170; 429.4; 
567; 0; 1589.927; 170; 429.6; 
567; 0; 1589.9266; 170; 429.8; 
567; 0; 1574.8634; 170; 430; 
567; 0; 1574.863; 170; 430.2; 
567; 0; 1574.8625; 170; 430.4; 
567; 0; 1574.8621; 170; 430.6; 
567; 0; 1574.8617; 170; 430.8; 
567; 0; 1574.8613; 170; 431; 
567; 0; 1574.8608; 170; 431.2; 
567; 0; 1574.8604; 170; 431.4; 
567; 0; 1574.86; 170; 431.6; 
567; 0; 1574.8596; 170; 431.8; 
567; 0; 1574.8592; 170; 432; 
567; 0; 1574.8588; 170; 432.2; 
567; 0; 1574.8584; 170; 432.4; 
567; 0; 1574.8579; 170; 432.6; 
567; 0; 1574.8575; 170; 432.8; 
567; 0; 1574.8571; 170; 433; 
567; 0; 1574.8567; 170; 433.2; 
567; 0; 1574.8563; 170; 433.4; 
567; 0; 1574.8558; 170; 433.6; 
567; 0; 1574.8554; 170; 433.8; 
567; 0; 1574.855; 170; 434; 
567; 0; 1574.8547; 170; 434.2; 
567; 0; 1574.8543; 170; 434.4; 
567; 0; 1574.8539; 170; 434.6; 
567; 0; 1574.8535; 170; 434.8; 
567; 0; 1574.853; 170; 435; 
567; 0; 1574.8526; 170; 435.2; 
567; 0; 1574.8522; 170; 435.4; 
567; 0; 1559.8199; 170; 435.6; 
567; 0; 1559.8195; 170; 435.8; 
567; 0; 1559.8191; 170; 436; 
567; 0; 1559.8187; 170; 436.2; 
567; 0; 1559.8184; 170; 436.4; 
567; 0; 1560.9569; 170; 436.6; 
567; 0; 1572.3446; 170; 436.8; 
567; 0; 1584.8711; 170; 437; 
567; 0; 1596.2587; 170; 437.2; 
567; 0; 1608.7851; 170; 437.4; 
567; 0; 1620.1726; 170; 437.6; 
567; 0; 1631.5601; 170; 437.8; 
567; 0; 1642.9476; 170; 438; 
567; 0; 1654.3351; 170; 438.2; 
567; 0; 1664.5838; 170; 438.4; 
567; 0; 1674.8325; 170; 438.6; 
567; 0; 1685.0812; 170; 438.8; 
567; 0; 1694.1911; 170; 439; 
567; 0; 1703.3009; 170; 439.2; 
567; 0; 1712.4107; 170; 439.4; 
567; 0; 1720.3817; 170; 439.6; 
567; 0; 1728.3527; 170; 439.8; 
567; 0; 1735.514; 170; 440; 
567; 0; 1743.2467; 170; 440.2; 
567; 0; 1750.9795; 170; 440.4; 
567; 0; 1758.7122; 170; 440.6; 
567; 0; 1765.1558; 170; 440.8; 
567; 0; 1771.5989; 170; 441; 
567; 0; 1778.0409; 170; 441.2; 
567; 0; 1784.481; 170; 441.4; 
567; 0; 1788.7097; 170; 441.6; 
567; 0; 1791.81; 170; 441.8; 
567; 0; 1795.943; 170; 442; 
567; 0; 1799.0379; 170; 442.2; 
567; 0; 1803.166; 170; 442.4; 
567; 0; 1807.2931; 170; 442.6; 
567; 0; 1812.4557; 170; 442.8; 
567; 0; 1819.6907; 170; 443; 
567; 0; 1826.9287; 170; 443.2; 
567; 0; 1836.2413; 170; 443.4; 
567; 0; 1845.5586; 170; 443.6; 
567; 0; 1842.0156; 170; 443.8; 
567; 0; 1851.4352; 170; 444; 
567; 0; 1859.813; 170; 444.2; 
567; 0; 1867.1476; 170; 444.4; 
567; 0; 1872.3919; 170; 444.6; 
567; 0; 1877.6357; 170; 444.8; 
567; 0; 1880.7862; 170; 445; 
567; 0; 1882.8879; 170; 445.2; 
567; 0; 1884.9859; 170; 445.4; 
567; 0; 1886.0342; 170; 445.6; 
567; 0; 1886.033; 170; 445.8; 
567; 0; 1887.0743; 170; 446; 
567; 0; 1887.0675; 170; 446.2; 
567; 0; 1888.105; 170; 446.4; 
567; 0; 1889.1421; 170; 446.6; 
567; 0; 1891.2254; 170; 446.8; 
567; 0; 1893.3099; 170; 447; 
567; 0; 1895.3962; 170; 447.2; 
567; 0; 1898.5303; 170; 447.4; 
567; 0; 1900.621; 170; 447.6; 
567; 0; 1903.7593; 170; 447.8; 
567; 0; 1905.8537; 170; 448; 
567; 0; 1907.9492; 170; 448.2; 
567; 0; 1910.0454; 170; 448.4; 
567; 0; 1911.0959; 170; 448.6; 
567; 0; 1912.1459; 170; 448.8; 
567; 0; 1913.1952; 170; 449; 
567; 0; 1913.1976; 170; 449.2; 
567; 0; 1914.2445; 170; 449.4; 
567; 0; 1914.2445; 170; 449.6; 
567; 0; 1914.2435; 170; 449.8; 
567; 0; 1914.2416; 170; 450; 
567; 0; 1914.2393; 170; 450.2; 
567; 0; 1914.2367; 170; 450.4; 
567; 0; 1914.2343; 170; 450.6; 
567; 0; 1915.2782; 170; 450.8; 
567; 0; 1915.2781; 170; 451; 
567; 0; 1916.3261; 170; 451.2; 
567; 0; 1917.3771; 170; 451.4; 
567; 0; 1918.4311; 170; 451.6; 
567; 0; 1918.442; 170; 451.8; 
567; 0; 1918.4544; 170; 452; 
567; 0; 1917.4214; 170; 452.2; 
567; 0; 1915.3398; 170; 452.4; 
567; 0; 1912.21; 170; 452.6; 
567; 0; 1909.0775; 170; 452.8; 
567; 0; 1905.9421; 170; 453; 
567; 0; 1901.758; 170; 453.2; 
567; 0; 1897.5715; 170; 453.4; 
567; 0; 1893.3832; 170; 453.6; 
567; 0; 1890.2397; 170; 453.8; 
567; 0; 1887.0958; 170; 454; 
567; 0; 1883.9512; 170; 454.2; 
567; 0; 1881.8538; 170; 454.4; 
567; 0; 1879.758; 170; 454.6; 
567; 0; 1877.6643; 170; 454.8; 
567; 0; 1876.618; 170; 455; 
567; 0; 1874.5276; 170; 455.2; 
567; 0; 1873.4839; 170; 455.4; 
567; 0; 1871.3951; 170; 455.6; 
567; 0; 1870.3521; 170; 455.8; 
567; 0; 1869.3089; 170; 456; 
567; 0; 1867.2194; 170; 456.2; 
567; 0; 1866.1751; 170; 456.4; 
567; 0; 1864.0843; 170; 456.6; 
567; 0; 1863.0385; 170; 456.8; 
567; 0; 1860.9465; 170; 457; 
567; 0; 1859.8999; 170; 457.2; 
567; 0; 1857.8072; 170; 457.4; 
567; 0; 1856.7603; 170; 457.6; 
567; 0; 1855.7134; 170; 457.8; 
567; 0; 1854.6668; 170; 458; 
567; 0; 1853.6205; 170; 458.2; 
567; 0; 1852.5745; 170; 458.4; 
567; 0; 1852.5746; 170; 458.6; 
567; 0; 1851.529; 170; 458.8; 
567; 0; 1850.4836; 170; 459; 
567; 0; 1850.484; 170; 459.2; 
567; 0; 1849.4387; 170; 459.4; 
567; 0; 1849.4391; 170; 459.6; 
567; 0; 1848.3937; 170; 459.8; 
567; 0; 1848.394; 170; 460; 
567; 0; 1847.3484; 170; 460.2; 
567; 0; 1847.3485; 170; 460.4; 
567; 0; 1846.3028; 170; 460.6; 
567; 0; 1846.3028; 170; 460.8; 
567; 0; 1845.257; 170; 461; 
567; 0; 1845.257; 170; 461.2; 
567; 0; 1845.257; 170; 461.4; 
567; 0; 1844.2113; 170; 461.6; 
567; 0; 1844.2114; 170; 461.8; 
567; 0; 1844.2115; 170; 462; 
567; 0; 1843.1658; 170; 462.2; 
567; 0; 1843.1658; 170; 462.4; 
567; 0; 1843.1659; 170; 462.6; 
567; 0; 1843.1659; 170; 462.8; 
567; 0; 1842.1203; 170; 463; 
567; 0; 1842.1204; 170; 463.2; 
567; 0; 1842.1205; 170; 463.4; 
567; 0; 1842.1205; 170; 463.6; 
567; 0; 1841.0749; 170; 463.8; 
567; 0; 1841.0749; 170; 464; 
567; 0; 1841.0749; 170; 464.2; 
567; 0; 1841.0749; 170; 464.4; 
567; 0; 1841.075; 170; 464.6; 
567; 0; 1841.0751; 170; 464.8; 
567; 0; 1841.0751; 170; 465; 
567; 0; 1840.0295; 170; 465.2; 
567; 0; 1840.0296; 170; 465.4; 
567; 0; 1840.0296; 170; 465.6; 
567; 0; 1840.0296; 170; 465.8; 
567; 0; 1840.0297; 170; 466; 
567; 0; 1840.0297; 170; 466.2; 
567; 0; 1840.0297; 170; 466.4; 
567; 0; 1840.0298; 170; 466.6; 
567; 0; 1840.0298; 170; 466.8; 
567; 0; 1838.9842; 170; 467; 
567; 0; 1838.9843; 170; 467.2; 
567; 0; 1838.9843; 170; 467.4; 
567; 0; 1838.9844; 170; 467.6; 
567; 0; 1838.9845; 170; 467.8; 
567; 0; 1851.8776; 170; 468; 
567; 0; 1851.8777; 170; 468.2; 
567; 0; 1851.8777; 170; 468.4; 
567; 0; 1851.8778; 170; 468.6; 
567; 0; 1851.8778; 170; 468.8; 
567; 0; 1850.8424; 170; 469; 
567; 0; 1850.8424; 170; 469.2; 
567; 0; 1850.8425; 170; 469.4; 
567; 0; 1849.807; 170; 469.6; 
567; 0; 1849.807; 170; 469.8; 
567; 0; 1849.807; 170; 470; 
567; 0; 1848.7716; 170; 470.2; 
567; 0; 1848.7716; 170; 470.4; 
567; 0; 1847.7362; 170; 470.6; 
567; 0; 1847.7363; 170; 470.8; 
567; 0; 1846.7009; 170; 471; 
567; 0; 1846.701; 170; 471.2; 
567; 0; 1846.7012; 170; 471.4; 
567; 0; 1845.6658; 170; 471.6; 
567; 0; 1845.6659; 170; 471.8; 
567; 0; 1844.6306; 170; 472; 
567; 0; 1844.6307; 170; 472.2; 
567; 0; 1844.6307; 170; 472.4; 
567; 0; 1843.5953; 170; 472.6; 
567; 0; 1843.5953; 170; 472.8; 
567; 0; 1842.5598; 170; 473; 
567; 0; 1842.5598; 170; 473.2; 
567; 0; 1842.5598; 170; 473.4; 
567; 0; 1842.5599; 170; 473.6; 
567; 0; 1841.5245; 170; 473.8; 
567; 0; 1841.5246; 170; 474; 
567; 0; 1841.5247; 170; 474.2; 
567; 0; 1841.5249; 170; 474.4; 
567; 0; 1841.525; 170; 474.6; 
567; 0; 1840.4896; 170; 474.8; 
567; 0; 1840.4896; 170; 475; 
567; 0; 1840.4897; 170; 475.2; 
567; 0; 1840.4896; 170; 475.4; 
567; 0; 1840.489; 170; 475.6; 
567; 0; 1841.523; 170; 475.8; 
567; 0; 1841.5199; 170; 476; 
567; 0; 1841.5148; 170; 476.2; 
567; 0; 1840.4715; 170; 476.4; 
567; 0; 1840.4606; 170; 476.6; 
567; 0; 1840.4471; 170; 476.8; 
567; 0; 1841.4675; 170; 477; 
567; 0; 1843.5231; 170; 477.2; 
567; 0; 1847.6508; 170; 477.4; 
567; 0; 1839.9311; 170; 477.6; 
567; 0; 1846.1979; 170; 477.8; 
567; 0; 1852.4696; 170; 478; 
567; 0; 1860.8375; 170; 478.2; 
567; 0; 1868.1647; 170; 478.4; 
567; 0; 1875.496; 170; 478.6; 
567; 0; 1880.739; 170; 478.8; 
567; 0; 1885.9835; 170; 479; 
567; 0; 1890.1822; 170; 479.2; 
567; 0; 1892.288; 170; 479.4; 
567; 0; 1894.3911; 170; 479.6; 
567; 0; 1895.4449; 170; 479.8; 
567; 0; 1895.4489; 170; 480; 
567; 0; 1895.4491; 170; 480.2; 
567; 0; 1895.4458; 170; 480.4; 
567; 0; 1895.4398; 170; 480.6; 
567; 0; 1895.4321; 170; 480.8; 
567; 0; 1895.4237; 170; 481; 
567; 0; 1896.4613; 170; 481.2; 
567; 0; 1897.4999; 170; 481.4; 
567; 0; 1899.5858; 170; 481.6; 
567; 0; 1901.6737; 170; 481.8; 
567; 0; 1903.7637; 170; 482; 
567; 0; 1906.9015; 170; 482.2; 
567; 0; 1908.9954; 170; 482.4; 
567; 0; 1910.0449; 170; 482.6; 
567; 0; 1912.1409; 170; 482.8; 
567; 0; 1913.1914; 170; 483; 
567; 0; 1914.2417; 170; 483.2; 
567; 0; 1914.2455; 170; 483.4; 
567; 0; 1914.2482; 170; 483.6; 
567; 0; 1914.2498; 170; 483.8; 
567; 0; 1914.2501; 170; 484; 
567; 0; 1914.2493; 170; 484.2; 
567; 0; 1914.2477; 170; 484.4; 
567; 0; 1914.2454; 170; 484.6; 
567; 0; 1914.2428; 170; 484.8; 
567; 0; 1914.2403; 170; 485; 
567; 0; 1914.238; 170; 485.2; 
567; 0; 1914.2363; 170; 485.4; 
567; 0; 1915.281; 170; 485.6; 
567; 0; 1915.2806; 170; 485.8; 
567; 0; 1916.3265; 170; 486; 
567; 0; 1916.3272; 170; 486.2; 
567; 0; 1917.374; 170; 486.4; 
567; 0; 1917.3754; 170; 486.6; 
567; 0; 1917.3768; 170; 486.8; 
567; 0; 1917.3782; 170; 487; 
567; 0; 1918.425; 170; 487.2; 
567; 0; 1918.4258; 170; 487.4; 
567; 0; 1917.3806; 170; 487.6; 
567; 0; 1917.3808; 170; 487.8; 
567; 0; 1917.3807; 170; 488; 
567; 0; 1917.3803; 170; 488.2; 
567; 0; 1917.3796; 170; 488.4; 
567; 0; 1917.379; 170; 488.6; 
567; 0; 1917.3783; 170; 488.8; 
567; 0; 1917.3778; 170; 489; 
567; 0; 1917.3774; 170; 489.2; 
567; 0; 1917.3771; 170; 489.4; 
567; 0; 1917.377; 170; 489.6; 
567; 0; 1917.3771; 170; 489.8; 
567; 0; 1918.423; 170; 490; 
567; 0; 1918.4233; 170; 490.2; 
567; 0; 1918.4237; 170; 490.4; 
567; 0; 1918.4242; 170; 490.6; 
567; 0; 1918.4246; 170; 490.8; 
567; 0; 1918.4249; 170; 491; 
567; 0; 1918.4251; 170; 491.2; 
567; 0; 1918.4252; 170; 491.4; 
567; 0; 1918.4252; 170; 491.6; 
567; 0; 1918.4252; 170; 491.8; 
567; 0; 1918.4251; 170; 492; 
567; 0; 1917.3794; 170; 492.2; 
567; 0; 1917.3794; 170; 492.4; 
567; 0; 1917.3793; 170; 492.6; 
567; 0; 1917.3793; 170; 492.8; 
567; 0; 1917.3793; 170; 493; 
567; 0; 1917.3793; 170; 493.2; 
567; 0; 1918.4252; 170; 493.4; 
567; 0; 1918.4262; 170; 493.6; 
567; 0; 1918.4288; 170; 493.8; 
567; 0; 1919.4796; 170; 494; 
567; 0; 1919.4874; 170; 494.2; 
567; 0; 1919.4978; 170; 494.4; 
567; 0; 1918.4643; 170; 494.6; 
567; 0; 1917.4299; 170; 494.8; 
567; 0; 1915.3482; 170; 495; 
567; 0; 1912.2188; 170; 495.2; 
567; 0; 1909.0868; 170; 495.4; 
567; 0; 1904.906; 170; 495.6; 
567; 0; 1900.7224; 170; 495.8; 
567; 0; 1896.5363; 170; 496; 
567; 0; 1892.3485; 170; 496.2; 
567; 0; 1889.2054; 170; 496.4; 
567; 0; 1885.0163; 170; 496.6; 
567; 0; 1881.8735; 170; 496.8; 
567; 0; 1878.7316; 170; 497; 
567; 0; 1876.6362; 170; 497.2; 
567; 0; 1874.5422; 170; 497.4; 
567; 0; 1872.4497; 170; 497.6; 
567; 0; 1870.3583; 170; 497.8; 
567; 0; 1869.3137; 170; 498; 
567; 0; 1867.2238; 170; 498.2; 
567; 0; 1865.134; 170; 498.4; 
567; 0; 1864.0899; 170; 498.6; 
567; 0; 1861.9993; 170; 498.8; 
567; 0; 1859.9085; 170; 499; 
567; 0; 1858.863; 170; 499.2; 
567; 0; 1856.7714; 170; 499.4; 
567; 0; 1855.7253; 170; 499.6; 
567; 0; 1854.6789; 170; 499.8; 
567; 0; 1852.5867; 170; 500; 
567; 0; 1851.5402; 170; 500.2; 
567; 0; 1850.4937; 170; 500.4; 
567; 0; 1849.4473; 170; 500.6; 
567; 0; 1848.4012; 170; 500.8; 
567; 0; 1847.3552; 170; 501; 
567; 0; 1847.3552; 170; 501.2; 
567; 0; 1846.3095; 170; 501.4; 
567; 0; 1845.264; 170; 501.6; 
567; 0; 1845.2643; 170; 501.8; 
567; 0; 1844.2188; 170; 502; 
567; 0; 1844.219; 170; 502.2; 
567; 0; 1843.1734; 170; 502.4; 
567; 0; 1843.1735; 170; 502.6; 
567; 0; 1842.1278; 170; 502.8; 
567; 0; 1842.1277; 170; 503; 
567; 0; 1841.0819; 170; 503.2; 
567; 0; 1841.0817; 170; 503.4; 
567; 0; 1841.0817; 170; 503.6; 
567; 0; 1840.0359; 170; 503.8; 
567; 0; 1840.0359; 170; 504; 
567; 0; 1840.0358; 170; 504.2; 
567; 0; 1840.0359; 170; 504.4; 
567; 0; 1838.9902; 170; 504.6; 
567; 0; 1838.9904; 170; 504.8; 
567; 0; 1851.8834; 170; 505; 
567; 0; 1851.8835; 170; 505.2; 
567; 0; 1851.8836; 170; 505.4; 
567; 0; 1850.8482; 170; 505.6; 
567; 0; 1850.8483; 170; 505.8; 
567; 0; 1850.8483; 170; 506; 
567; 0; 1849.8128; 170; 506.2; 
567; 0; 1849.8129; 170; 506.4; 
567; 0; 1849.8129; 170; 506.6; 
567; 0; 1848.7775; 170; 506.8; 
567; 0; 1848.7774; 170; 507; 
567; 0; 1847.7419; 170; 507.2; 
567; 0; 1847.7419; 170; 507.4; 
567; 0; 1846.7063; 170; 507.6; 
567; 0; 1846.7063; 170; 507.8; 
567; 0; 1845.6709; 170; 508; 
567; 0; 1845.671; 170; 508.2; 
567; 0; 1844.6357; 170; 508.4; 
567; 0; 1844.6358; 170; 508.6; 
567; 0; 1844.636; 170; 508.8; 
567; 0; 1843.6007; 170; 509; 
567; 0; 1843.6008; 170; 509.2; 
567; 0; 1842.5654; 170; 509.4; 
567; 0; 1842.5654; 170; 509.6; 
567; 0; 1842.5654; 170; 509.8; 
567; 0; 1841.5299; 170; 510; 
567; 0; 1841.5299; 170; 510.2; 
567; 0; 1841.5299; 170; 510.4; 
567; 0; 1840.4945; 170; 510.6; 
567; 0; 1840.4946; 170; 510.8; 
567; 0; 1840.4946; 170; 511; 
567; 0; 1840.4946; 170; 511.2; 
567; 0; 1839.4591; 170; 511.4; 
567; 0; 1839.4591; 170; 511.6; 
567; 0; 1839.4591; 170; 511.8; 
567; 0; 1839.4591; 170; 512; 
567; 0; 1839.4591; 170; 512.2; 
567; 0; 1839.4592; 170; 512.4; 
567; 0; 1838.4238; 170; 512.6; 
567; 0; 1838.4238; 170; 512.8; 
567; 0; 1838.4239; 170; 513; 
567; 0; 1838.4239; 170; 513.2; 
567; 0; 1838.424; 170; 513.4; 
567; 0; 1838.424; 170; 513.6; 
567; 0; 1838.4241; 170; 513.8; 
567; 0; 1838.4241; 170; 514; 
567; 0; 1838.4242; 170; 514.2; 
567; 0; 1837.3887; 170; 514.4; 
567; 0; 1837.3887; 170; 514.6; 
567; 0; 1837.3888; 170; 514.8; 
567; 0; 1837.3888; 170; 515; 
567; 0; 1837.3888; 170; 515.2; 
567; 0; 1837.3887; 170; 515.4; 
567; 0; 1837.3887; 170; 515.6; 
567; 0; 1837.3887; 170; 515.8; 
567; 0; 1837.3887; 170; 516; 
567; 0; 1837.3887; 170; 516.2; 
567; 0; 1837.3886; 170; 516.4; 
567; 0; 1837.3887; 170; 516.6; 
567; 0; 1837.3887; 170; 516.8; 
567; 0; 1837.3887; 170; 517; 
567; 0; 1837.3888; 170; 517.2; 
567; 0; 1837.3888; 170; 517.4; 
567; 0; 1837.3889; 170; 517.6; 
567; 0; 1837.3889; 170; 517.8; 
567; 0; 1837.389; 170; 518; 
567; 0; 1836.3536; 170; 518.2; 
567; 0; 1836.3536; 170; 518.4; 
567; 0; 1836.3536; 170; 518.6; 
567; 0; 1836.3536; 170; 518.8; 
567; 0; 1836.3537; 170; 519; 
567; 0; 1836.3537; 170; 519.2; 
567; 0; 1836.3536; 170; 519.4; 
567; 0; 1836.3536; 170; 519.6; 
567; 0; 1836.3535; 170; 519.8; 
567; 0; 1836.3535; 170; 520; 
567; 0; 1836.3535; 170; 520.2; 
567; 0; 1836.3535; 170; 520.4; 
567; 0; 1836.3535; 170; 520.6; 
567; 0; 1836.3535; 170; 520.8; 
567; 0; 1836.3535; 170; 521; 
567; 0; 1836.3535; 170; 521.2; 
567; 0; 1836.3536; 170; 521.4; 
567; 0; 1836.3536; 170; 521.6; 
567; 0; 1836.3537; 170; 521.8; 
567; 0; 1836.3537; 170; 522; 
567; 0; 1836.3537; 170; 522.2; 
567; 0; 1836.3538; 170; 522.4; 
567; 0; 1836.3538; 170; 522.6; 
567; 0; 1836.3539; 170; 522.8; 
567; 0; 1836.3538; 170; 523; 
567; 0; 1836.3538; 170; 523.2; 
567; 0; 1836.3538; 170; 523.4; 
567; 0; 1836.3538; 170; 523.6; 
567; 0; 1836.3538; 170; 523.8; 
567; 0; 1836.3538; 170; 524; 
567; 0; 1836.3539; 170; 524.2; 
567; 0; 1836.3539; 170; 524.4; 
567; 0; 1836.3539; 170; 524.6; 
567; 0; 1836.354; 170; 524.8; 
567; 0; 1836.354; 170; 525; 
567; 0; 1836.3539; 170; 525.2; 
567; 0; 1836.3539; 170; 525.4; 
567; 0; 1836.3539; 170; 525.6; 
567; 0; 1836.3538; 170; 525.8; 
567; 0; 1836.3539; 170; 526; 
567; 0; 1836.3539; 170; 526.2; 
567; 0; 1836.3539; 170; 526.4; 
567; 0; 1836.354; 170; 526.6; 
567; 0; 1836.354; 170; 526.8; 
567; 0; 1836.354; 170; 527; 
567; 0; 1836.354; 170; 527.2; 
567; 0; 1836.354; 170; 527.4; 
567; 0; 1836.3541; 170; 527.6; 
567; 0; 1836.3541; 170; 527.8; 
567; 0; 1836.3541; 170; 528; 
567; 0; 1836.3541; 170; 528.2; 
567; 0; 1836.3541; 170; 528.4; 
567; 0; 1836.3541; 170; 528.6; 
567; 0; 1835.3186; 170; 528.8; 
567; 0; 1835.3186; 170; 529; 
567; 0; 1835.3187; 170; 529.2; 
567; 0; 1835.3187; 170; 529.4; 
567; 0; 1835.3187; 170; 529.6; 
567; 0; 1835.3187; 170; 529.8; 
567; 0; 1835.3187; 170; 530; 
567; 0; 1835.3187; 170; 530.2; 
567; 0; 1835.3187; 170; 530.4; 
567; 0; 1835.3187; 170; 530.6; 
567; 0; 1835.3187; 170; 530.8; 
567; 0; 1835.3187; 170; 531; 
567; 0; 1835.3188; 170; 531.2; 
567; 0; 1835.3188; 170; 531.4; 
567; 0; 1835.3188; 170; 531.6; 
567; 0; 1835.3188; 170; 531.8; 
567; 0; 1835.3188; 170; 532; 
567; 0; 1835.3188; 170; 532.2; 
567; 0; 1835.3188; 170; 532.4; 
567; 0; 1835.3188; 170; 532.6; 
567; 0; 1835.3188; 170; 532.8; 
567; 0; 1835.3188; 170; 533; 
567; 0; 1835.3188; 170; 533.2; 
567; 0; 1835.3189; 170; 533.4; 
567; 0; 1835.3189; 170; 533.6; 
567; 0; 1835.3189; 170; 533.8; 
567; 0; 1835.3189; 170; 534; 
567; 0; 1835.3189; 170; 534.2; 
567; 0; 1835.3189; 170; 534.4; 
567; 0; 1835.3189; 170; 534.6; 
567; 0; 1835.3189; 170; 534.8; 
567; 0; 1835.3189; 170; 535; 
567; 0; 1835.319; 170; 535.2; 
567; 0; 1835.319; 170; 535.4; 
567; 0; 1835.319; 170; 535.6; 
567; 0; 1835.319; 170; 535.8; 
567; 0; 1835.319; 170; 536; 
567; 0; 1835.319; 170; 536.2; 
567; 0; 1835.319; 170; 536.4; 
567; 0; 1835.319; 170; 536.6; 
567; 0; 1835.319; 170; 536.8; 
567; 0; 1835.319; 170; 537; 
567; 0; 1835.319; 170; 537.2; 
567; 0; 1835.319; 170; 537.4; 
567; 0; 1835.3191; 170; 537.6; 
567; 0; 1835.3191; 170; 537.8; 
567; 0; 1835.3191; 170; 538; 
567; 0; 1835.3191; 170; 538.2; 
567; 0; 1835.3191; 170; 538.4; 
567; 0; 1835.3191; 170; 538.6; 
567; 0; 1836.3545; 170; 538.8; 
567; 0; 1836.3544; 170; 539; 
567; 0; 1836.3542; 170; 539.2; 
567; 0; 1836.3535; 170; 539.4; 
567; 0; 1837.3874; 170; 539.6; 
567; 0; 1837.384; 170; 539.8; 
567; 0; 1837.3786; 170; 540; 
567; 0; 1837.3709; 170; 540.2; 
567; 0; 1837.361; 170; 540.4; 
567; 0; 1837.3493; 170; 540.6; 
567; 0; 1839.4074; 170; 540.8; 
567; 0; 1840.4299; 170; 541; 
567; 0; 1843.5239; 170; 541.2; 
567; 0; 1847.6552; 170; 541.4; 
567; 0; 1840.9852; 170; 541.6; 
567; 0; 1847.2558; 170; 541.8; 
567; 0; 1853.5311; 170; 542; 
567; 0; 1860.857; 170; 542.2; 
567; 0; 1868.1877; 170; 542.4; 
567; 0; 1874.4772; 170; 542.6; 
567; 0; 1879.7242; 170; 542.8; 
567; 0; 1882.8813; 170; 543; 
567; 0; 1886.0379; 170; 543.2; 
567; 0; 1887.0999; 170; 543.4; 
567; 0; 1887.1104; 170; 543.6; 
567; 0; 1886.0709; 170; 543.8; 
567; 0; 1885.0268; 170; 544; 
567; 0; 1882.9324; 170; 544.2; 
567; 0; 1880.8342; 170; 544.4; 
567; 0; 1878.7332; 170; 544.6; 
567; 0; 1877.6746; 170; 544.8; 
567; 0; 1876.6152; 170; 545; 
567; 0; 1876.6029; 170; 545.2; 
567; 0; 1877.639; 170; 545.4; 
567; 0; 1879.7244; 170; 545.6; 
567; 0; 1881.814; 170; 545.8; 
567; 0; 1883.9079; 170; 546; 
567; 0; 1886.0058; 170; 546.2; 
567; 0; 1888.1069; 170; 546.4; 
567; 0; 1889.1641; 170; 546.6; 
567; 0; 1889.1761; 170; 546.8; 
567; 0; 1889.1872; 170; 547; 
567; 0; 1888.149; 170; 547.2; 
567; 0; 1886.0626; 170; 547.4; 
567; 0; 1883.9735; 170; 547.6; 
567; 0; 1881.8817; 170; 547.8; 
567; 0; 1879.7877; 170; 548; 
567; 0; 1877.6919; 170; 548.2; 
567; 0; 1875.5951; 170; 548.4; 
567; 0; 1873.4971; 170; 548.6; 
567; 0; 1872.445; 170; 548.8; 
567; 0; 1871.3942; 170; 549; 
567; 0; 1870.345; 170; 549.2; 
567; 0; 1870.3434; 170; 549.4; 
567; 0; 1870.3438; 170; 549.6; 
567; 0; 1870.3459; 170; 549.8; 
567; 0; 1869.3033; 170; 550; 
567; 0; 1869.3072; 170; 550.2; 
567; 0; 1868.2655; 170; 550.4; 
567; 0; 1868.2692; 170; 550.6; 
567; 0; 1867.2266; 170; 550.8; 
567; 0; 1866.1827; 170; 551; 
567; 0; 1865.138; 170; 551.2; 
567; 0; 1863.0467; 170; 551.4; 
567; 0; 1862.0005; 170; 551.6; 
567; 0; 1860.9538; 170; 551.8; 
567; 0; 1859.9069; 170; 552; 
567; 0; 1858.8596; 170; 552.2; 
567; 0; 1857.8124; 170; 552.4; 
567; 0; 1856.7655; 170; 552.6; 
567; 0; 1856.7648; 170; 552.8; 
567; 0; 1855.7188; 170; 553; 
567; 0; 1854.6732; 170; 553.2; 
567; 0; 1854.6737; 170; 553.4; 
567; 0; 1853.6288; 170; 553.6; 
567; 0; 1853.6297; 170; 553.8; 
567; 0; 1852.5848; 170; 554; 
567; 0; 1852.5856; 170; 554.2; 
567; 0; 1851.5404; 170; 554.4; 
567; 0; 1850.4951; 170; 554.6; 
567; 0; 1850.4953; 170; 554.8; 
567; 0; 1849.4496; 170; 555; 
567; 0; 1849.4496; 170; 555.2; 
567; 0; 1848.4038; 170; 555.4; 
567; 0; 1848.4037; 170; 555.6; 
567; 0; 1847.3579; 170; 555.8; 
567; 0; 1847.3578; 170; 556; 
567; 0; 1846.312; 170; 556.2; 
567; 0; 1846.3121; 170; 556.4; 
567; 0; 1845.2664; 170; 556.6; 
567; 0; 1845.2665; 170; 556.8; 
567; 0; 1845.2667; 170; 557; 
567; 0; 1844.2211; 170; 557.2; 
567; 0; 1844.2213; 170; 557.4; 
567; 0; 1844.2215; 170; 557.6; 
567; 0; 1843.1758; 170; 557.8; 
567; 0; 1843.176; 170; 558; 
567; 0; 1843.1761; 170; 558.2; 
567; 0; 1842.1304; 170; 558.4; 
567; 0; 1842.1305; 170; 558.6; 
567; 0; 1842.1305; 170; 558.8; 
567; 0; 1841.0848; 170; 559; 
567; 0; 1841.0848; 170; 559.2; 
567; 0; 1841.0848; 170; 559.4; 
567; 0; 1841.0848; 170; 559.6; 
567; 0; 1840.0391; 170; 559.8; 
567; 0; 1840.0392; 170; 560; 
567; 0; 1840.0392; 170; 560.2; 
567; 0; 1840.0393; 170; 560.4; 
567; 0; 1840.0393; 170; 560.6; 
567; 0; 1838.9937; 170; 560.8; 
567; 0; 1838.9938; 170; 561; 
567; 0; 1851.8867; 170; 561.2; 
567; 0; 1851.8867; 170; 561.4; 
567; 0; 1851.8868; 170; 561.6; 
567; 0; 1850.8514; 170; 561.8; 
567; 0; 1850.8514; 170; 562; 
567; 0; 1850.8515; 170; 562.2; 
567; 0; 1849.816; 170; 562.4; 
567; 0; 1849.816; 170; 562.6; 
567; 0; 1848.7806; 170; 562.8; 
567; 0; 1848.7806; 170; 563; 
567; 0; 1847.7452; 170; 563.2; 
567; 0; 1847.7452; 170; 563.4; 
567; 0; 1846.7098; 170; 563.6; 
567; 0; 1846.7099; 170; 563.8; 
567; 0; 1845.6745; 170; 564; 
567; 0; 1845.6746; 170; 564.2; 
567; 0; 1844.6392; 170; 564.4; 
567; 0; 1844.6393; 170; 564.6; 
567; 0; 1844.6393; 170; 564.8; 
567; 0; 1843.6039; 170; 565; 
567; 0; 1843.6039; 170; 565.2; 
567; 0; 1842.5685; 170; 565.4; 
567; 0; 1842.5684; 170; 565.6; 
567; 0; 1841.533; 170; 565.8; 
567; 0; 1841.533; 170; 566; 
567; 0; 1841.533; 170; 566.2; 
567; 0; 1840.4976; 170; 566.4; 
567; 0; 1840.4977; 170; 566.6; 
567; 0; 1840.4978; 170; 566.8; 
567; 0; 1839.4624; 170; 567; 
567; 0; 1839.4625; 170; 567.2; 
567; 0; 1839.4626; 170; 567.4; 
567; 0; 1839.4626; 170; 567.6; 
567; 0; 1838.4272; 170; 567.8; 
567; 0; 1838.4272; 170; 568; 
567; 0; 1838.4272; 170; 568.2; 
567; 0; 1838.4272; 170; 568.4; 
567; 0; 1837.3917; 170; 568.6; 
567; 0; 1837.3917; 170; 568.8; 
567; 0; 1837.3917; 170; 569; 
567; 0; 1837.3917; 170; 569.2; 
567; 0; 1837.3917; 170; 569.4; 
567; 0; 1837.3917; 170; 569.6; 
567; 0; 1836.3563; 170; 569.8; 
567; 0; 1836.3564; 170; 570; 
567; 0; 1836.3564; 170; 570.2; 
567; 0; 1836.3564; 170; 570.4; 
567; 0; 1836.3565; 170; 570.6; 
567; 0; 1836.3565; 170; 570.8; 
567; 0; 1836.3565; 170; 571; 
567; 0; 1836.3565; 170; 571.2; 
567; 0; 1836.3565; 170; 571.4; 
567; 0; 1836.3565; 170; 571.6; 
567; 0; 1835.321; 170; 571.8; 
567; 0; 1835.321; 170; 572; 
567; 0; 1835.321; 170; 572.2; 
567; 0; 1835.321; 170; 572.4; 
567; 0; 1835.321; 170; 572.6; 
567; 0; 1835.321; 170; 572.8; 
567; 0; 1835.321; 170; 573; 
567; 0; 1835.3211; 170; 573.2; 
567; 0; 1835.3211; 170; 573.4; 
567; 0; 1835.3212; 170; 573.6; 
567; 0; 1835.3213; 170; 573.8; 
567; 0; 1835.3213; 170; 574; 
567; 0; 1835.3213; 170; 574.2; 
567; 0; 1835.3213; 170; 574.4; 
567; 0; 1835.3212; 170; 574.6; 
567; 0; 1835.3212; 170; 574.8; 
567; 0; 1835.3212; 170; 575; 
567; 0; 1835.3212; 170; 575.2; 
567; 0; 1835.3212; 170; 575.4; 
567; 0; 1835.3212; 170; 575.6; 
567; 0; 1835.3213; 170; 575.8; 
567; 0; 1834.2858; 170; 576; 
567; 0; 1834.2859; 170; 576.2; 
567; 0; 1834.2859; 170; 576.4; 
567; 0; 1834.286; 170; 576.6; 
567; 0; 1834.2861; 170; 576.8; 
567; 0; 1834.2861; 170; 577; 
567; 0; 1834.286; 170; 577.2; 
567; 0; 1834.286; 170; 577.4; 
567; 0; 1834.2859; 170; 577.6; 
567; 0; 1834.2859; 170; 577.8; 
567; 0; 1834.2859; 170; 578; 
567; 0; 1834.2859; 170; 578.2; 
567; 0; 1834.2859; 170; 578.4; 
567; 0; 1834.2859; 170; 578.6; 
567; 0; 1834.2859; 170; 578.8; 
567; 0; 1834.2859; 170; 579; 
567; 0; 1834.2859; 170; 579.2; 
567; 0; 1834.2859; 170; 579.4; 
567; 0; 1834.2859; 170; 579.6; 
567; 0; 1834.2859; 170; 579.8; 
567; 0; 1834.286; 170; 580; 
567; 0; 1834.286; 170; 580.2; 
567; 0; 1834.2861; 170; 580.4; 
567; 0; 1834.2861; 170; 580.6; 
567; 0; 1834.2862; 170; 580.8; 
567; 0; 1834.2861; 170; 581; 
567; 0; 1834.2861; 170; 581.2; 
567; 0; 1834.2861; 170; 581.4; 
567; 0; 1834.286; 170; 581.6; 
567; 0; 1834.286; 170; 581.8; 
567; 0; 1834.286; 170; 582; 
567; 0; 1834.286; 170; 582.2; 
567; 0; 1834.286; 170; 582.4; 
567; 0; 1834.286; 170; 582.6; 
567; 0; 1834.286; 170; 582.8; 
567; 0; 1834.286; 170; 583; 
567; 0; 1834.2861; 170; 583.2; 
567; 0; 1834.2861; 170; 583.4; 
567; 0; 1834.2861; 170; 583.6; 
567; 0; 1834.2861; 170; 583.8; 
567; 0; 1834.2861; 170; 584; 
567; 0; 1834.2861; 170; 584.2; 
567; 0; 1834.2861; 170; 584.4; 
567; 0; 1834.2861; 170; 584.6; 
567; 0; 1835.3214; 170; 584.8; 
567; 0; 1835.3208; 170; 585; 
567; 0; 1835.3195; 170; 585.2; 
567; 0; 1835.317; 170; 585.4; 
567; 0; 1836.3475; 170; 585.6; 
567; 0; 1836.3401; 170; 585.8; 
567; 0; 1835.2943; 170; 586; 
567; 0; 1836.3166; 170; 586.2; 
567; 0; 1836.3019; 170; 586.4; 
567; 0; 1838.3576; 170; 586.6; 
567; 0; 1842.4852; 170; 586.8; 
567; 0; 1846.6156; 170; 587; 
567; 0; 1839.9351; 170; 587.2; 
567; 0; 1847.2521; 170; 587.4; 
567; 0; 1854.5744; 170; 587.6; 
567; 0; 1862.9472; 170; 587.8; 
567; 0; 1869.233; 170; 588; 
567; 0; 1875.5218; 170; 588.2; 
567; 0; 1880.7663; 170; 588.4; 
567; 0; 1883.9194; 170; 588.6; 
567; 0; 1887.0708; 170; 588.8; 
567; 0; 1889.1738; 170; 589; 
567; 0; 1889.1816; 170; 589.2; 
567; 0; 1890.2311; 170; 589.4; 
567; 0; 1890.2309; 170; 589.6; 
567; 0; 1889.1818; 170; 589.8; 
567; 0; 1889.1763; 170; 590; 
567; 0; 1890.2157; 170; 590.2; 
567; 0; 1890.21; 170; 590.4; 
567; 0; 1891.2518; 170; 590.6; 
567; 0; 1893.342; 170; 590.8; 
567; 0; 1894.3896; 170; 591; 
567; 0; 1895.4403; 170; 591.2; 
567; 0; 1896.4935; 170; 591.4; 
567; 0; 1896.5027; 170; 591.6; 
567; 0; 1896.5117; 170; 591.8; 
567; 0; 1895.4732; 170; 592; 
567; 0; 1893.3876; 170; 592.2; 
567; 0; 1891.2999; 170; 592.4; 
567; 0; 1889.2099; 170; 592.6; 
567; 0; 1886.0718; 170; 592.8; 
567; 0; 1882.9318; 170; 593; 
567; 0; 1880.8361; 170; 593.2; 
567; 0; 1877.6939; 170; 593.4; 
567; 0; 1875.5974; 170; 593.6; 
567; 0; 1873.5012; 170; 593.8; 
567; 0; 1872.451; 170; 594; 
567; 0; 1870.3566; 170; 594.2; 
567; 0; 1869.3095; 170; 594.4; 
567; 0; 1869.3098; 170; 594.6; 
567; 0; 1868.2656; 170; 594.8; 
567; 0; 1867.2222; 170; 595; 
567; 0; 1866.1793; 170; 595.2; 
567; 0; 1865.1362; 170; 595.4; 
567; 0; 1864.0924; 170; 595.6; 
567; 0; 1863.0482; 170; 595.8; 
567; 0; 1860.9577; 170; 596; 
567; 0; 1859.9124; 170; 596.2; 
567; 0; 1858.8665; 170; 596.4; 
567; 0; 1857.8203; 170; 596.6; 
567; 0; 1855.728; 170; 596.8; 
567; 0; 1854.6814; 170; 597; 
567; 0; 1853.6347; 170; 597.2; 
567; 0; 1852.5882; 170; 597.4; 
567; 0; 1851.5419; 170; 597.6; 
567; 0; 1851.5417; 170; 597.8; 
567; 0; 1850.4958; 170; 598; 
567; 0; 1849.4503; 170; 598.2; 
567; 0; 1849.4506; 170; 598.4; 
567; 0; 1848.4053; 170; 598.6; 
567; 0; 1848.4058; 170; 598.8; 
567; 0; 1847.3605; 170; 599; 
567; 0; 1846.3151; 170; 599.2; 
567; 0; 1846.3154; 170; 599.4; 
567; 0; 1845.2698; 170; 599.6; 
567; 0; 1845.2698; 170; 599.8; 
567; 0; 1844.224; 170; 600; 
567; 0; 1844.2239; 170; 600.2; 
567; 0; 1843.1781; 170; 600.4; 
567; 0; 1843.178; 170; 600.6; 
567; 0; 1842.1323; 170; 600.8; 
567; 0; 1842.1323; 170; 601; 
567; 0; 1842.1324; 170; 601.2; 
567; 0; 1841.0867; 170; 601.4; 
567; 0; 1841.0868; 170; 601.6; 
567; 0; 1841.0869; 170; 601.8; 
567; 0; 1840.0413; 170; 602; 
567; 0; 1840.0414; 170; 602.2; 
567; 0; 1840.0415; 170; 602.4; 
567; 0; 1838.9958; 170; 602.6; 
567; 0; 1838.9958; 170; 602.8; 
567; 0; 1851.8886; 170; 603; 
567; 0; 1851.8886; 170; 603.2; 
567; 0; 1850.8532; 170; 603.4; 
567; 0; 1850.8532; 170; 603.6; 
567; 0; 1850.8532; 170; 603.8; 
567; 0; 1849.8177; 170; 604; 
567; 0; 1849.8177; 170; 604.2; 
567; 0; 1849.8178; 170; 604.4; 
567; 0; 1848.7823; 170; 604.6; 
567; 0; 1848.7824; 170; 604.8; 
567; 0; 1847.747; 170; 605; 
567; 0; 1847.7471; 170; 605.2; 
567; 0; 1846.7118; 170; 605.4; 
567; 0; 1845.6764; 170; 605.6; 
567; 0; 1845.6765; 170; 605.8; 
567; 0; 1844.6411; 170; 606; 
567; 0; 1844.6411; 170; 606.2; 
567; 0; 1843.6057; 170; 606.4; 
567; 0; 1843.6058; 170; 606.6; 
567; 0; 1842.5704; 170; 606.8; 
567; 0; 1842.5704; 170; 607; 
567; 0; 1841.535; 170; 607.2; 
567; 0; 1841.5351; 170; 607.4; 
567; 0; 1841.5351; 170; 607.6; 
567; 0; 1840.4996; 170; 607.8; 
567; 0; 1840.4996; 170; 608; 
567; 0; 1839.4641; 170; 608.2; 
567; 0; 1839.464; 170; 608.4; 
567; 0; 1839.464; 170; 608.6; 
567; 0; 1838.4286; 170; 608.8; 
567; 0; 1838.4286; 170; 609; 
567; 0; 1838.4287; 170; 609.2; 
567; 0; 1838.4289; 170; 609.4; 
567; 0; 1837.3935; 170; 609.6; 
567; 0; 1837.3935; 170; 609.8; 
567; 0; 1837.3936; 170; 610; 
567; 0; 1837.3936; 170; 610.2; 
567; 0; 1836.3581; 170; 610.4; 
567; 0; 1836.3582; 170; 610.6; 
567; 0; 1836.3582; 170; 610.8; 
567; 0; 1836.3582; 170; 611; 
567; 0; 1836.3582; 170; 611.2; 
567; 0; 1836.3583; 170; 611.4; 
567; 0; 1836.3584; 170; 611.6; 
567; 0; 1835.323; 170; 611.8; 
567; 0; 1835.323; 170; 612; 
567; 0; 1835.323; 170; 612.2; 
567; 0; 1835.3229; 170; 612.4; 
567; 0; 1835.3229; 170; 612.6; 
567; 0; 1835.3228; 170; 612.8; 
567; 0; 1835.3228; 170; 613; 
567; 0; 1835.3229; 170; 613.2; 
567; 0; 1835.3229; 170; 613.4; 
567; 0; 1835.323; 170; 613.6; 
567; 0; 1834.2875; 170; 613.8; 
567; 0; 1834.2875; 170; 614; 
567; 0; 1834.2875; 170; 614.2; 
567; 0; 1834.2875; 170; 614.4; 
567; 0; 1834.2875; 170; 614.6; 
567; 0; 1834.2875; 170; 614.8; 
567; 0; 1834.2875; 170; 615; 
567; 0; 1834.2875; 170; 615.2; 
567; 0; 1834.2875; 170; 615.4; 
567; 0; 1834.2875; 170; 615.6; 
567; 0; 1834.2875; 170; 615.8; 
567; 0; 1834.2876; 170; 616; 
567; 0; 1834.2877; 170; 616.2; 
567; 0; 1834.2877; 170; 616.4; 
567; 0; 1834.2877; 170; 616.6; 
567; 0; 1834.2878; 170; 616.8; 
567; 0; 1834.2878; 170; 617; 
567; 0; 1834.2878; 170; 617.2; 
567; 0; 1834.2878; 170; 617.4; 
567; 0; 1833.2524; 170; 617.6; 
567; 0; 1833.2523; 170; 617.8; 
567; 0; 1833.2523; 170; 618; 
567; 0; 1833.2522; 170; 618.2; 
567; 0; 1833.2522; 170; 618.4; 
567; 0; 1833.2522; 170; 618.6; 
567; 0; 1833.2522; 170; 618.8; 
567; 0; 1833.2522; 170; 619; 
567; 0; 1833.2522; 170; 619.2; 
567; 0; 1833.2522; 170; 619.4; 
567; 0; 1833.2522; 170; 619.6; 
567; 0; 1833.2523; 170; 619.8; 
567; 0; 1833.2523; 170; 620; 
567; 0; 1833.2524; 170; 620.2; 
567; 0; 1833.2524; 170; 620.4; 
567; 0; 1833.2524; 170; 620.6; 
567; 0; 1833.2524; 170; 620.8; 
567; 0; 1833.2524; 170; 621; 
567; 0; 1833.2523; 170; 621.2; 
567; 0; 1833.2523; 170; 621.4; 
567; 0; 1833.2523; 170; 621.6; 
567; 0; 1833.2524; 170; 621.8; 
567; 0; 1833.2524; 170; 622; 
567; 0; 1833.2523; 170; 622.2; 
567; 0; 1833.2523; 170; 622.4; 
567; 0; 1833.2523; 170; 622.6; 
567; 0; 1833.2523; 170; 622.8; 
567; 0; 1833.2523; 170; 623; 
567; 0; 1833.2523; 170; 623.2; 
567; 0; 1833.2524; 170; 623.4; 
567; 0; 1833.2524; 170; 623.6; 
567; 0; 1833.2525; 170; 623.8; 
567; 0; 1833.2525; 170; 624; 
567; 0; 1833.2525; 170; 624.2; 
567; 0; 1833.2525; 170; 624.4; 
567; 0; 1833.2524; 170; 624.6; 
567; 0; 1833.2524; 170; 624.8; 
567; 0; 1833.2523; 170; 625; 
567; 0; 1833.2523; 170; 625.2; 
567; 0; 1833.2523; 170; 625.4; 
567; 0; 1833.2524; 170; 625.6; 
567; 0; 1833.2525; 170; 625.8; 
567; 0; 1833.2525; 170; 626; 
567; 0; 1833.2525; 170; 626.2; 
567; 0; 1833.2525; 170; 626.4; 
567; 0; 1833.2525; 170; 626.6; 
567; 0; 1833.2525; 170; 626.8; 
567; 0; 1833.2525; 170; 627; 
567; 0; 1833.2524; 170; 627.2; 
567; 0; 1833.2524; 170; 627.4; 
567; 0; 1833.2523; 170; 627.6; 
567; 0; 1833.2523; 170; 627.8; 
567; 0; 1833.2523; 170; 628; 
567; 0; 1833.2524; 170; 628.2; 
567; 0; 1833.2524; 170; 628.4; 
567; 0; 1833.2525; 170; 628.6; 
567; 0; 1833.2526; 170; 628.8; 
567; 0; 1833.2527; 170; 629; 
567; 0; 1833.2527; 170; 629.2; 
567; 0; 1833.2527; 170; 629.4; 
567; 0; 1832.2171; 170; 629.6; 
567; 0; 1832.217; 170; 629.8; 
567; 0; 1832.2169; 0; 630; 
567; 0; 0; 0; 630.2; 
567; 0; 0; 0; 630.4; 
567; 0; 0; 0; 630.6; 
567; 0; 0; 0; 630.8; 
567; 0; 0; 0; 631; 
567; 0; 0; 0; 631.2; 
567; 0; 0; 0; 631.4; 
567; 0; 0; 0; 631.6; 
567; 0; 0; 0; 631.8; 
567; 0; 0; 0; 632; 
567; 0; 0; 0; 632.2; 
567; 0; 0; 0; 632.4; 
567; 0; 0; 0; 632.6; 
567; 0; 0; 0; 632.8; 
567; 0; 0; 0; 633; 
567; 0; 0; 0; 633.2; 
567; 0; 0; 0; 633.4; 
567; 0; 0; 0; 633.6; 
567; 0; 0; 0; 633.8; 
567; 0; 0; 0; 634; 
567; 0; 0; 0; 634.2; 
567; 0; 0; 0; 634.4; 
567; 0; 0; 0; 634.6; 
567; 0; 0; 0; 634.8; 
567; 0; 0; 0; 635; 
567; 0; 0; 0; 635.2; 
567; 0; 0; 0; 635.4; 
567; 0; 0; 0; 635.6; 
567; 0; 0; 0; 635.8; 
567; 0; 0; 0; 636; 
567; 0; 0; 0; 636.2; 
567; 0; 0; 0; 636.4; 
567; 0; 0; 0; 636.6; 
567; 0; 0; 0; 636.8; 
567; 0; 0; 0; 637; 
567; 0; 0; 0; 637.2; 
567; 0; 0; 0; 637.4; 
567; 0; 0; 0; 637.6; 
567; 0; 0; 0; 637.8; 
567; 0; 0; 0; 638; 
567; 0; 0; 0; 638.2; 
567; 0; 0; 0; 638.4; 
567; 0; 0; 0; 638.6; 
567; 0; 0; 0; 638.8; 
567; 0; 0; 0; 639; 
567; 0; 0; 0; 639.2; 
567; 0; 0; 0; 639.4; 
567; 0; 0; 0; 639.6; 
567; 0; 0; 0; 639.8; 
567; 0; 0; 0; 640; 
567; 0; 0; 0; 640.2; 
567; 0; 0; 0; 640.4; 
567; 0; 0; 0; 640.6; 
567; 0; 0; 0; 640.8; 
567; 0; 0; 0; 641; 
567; 0; 0; 0; 641.2; 
567; 0; 0; 0; 641.4; 
567; 0; 0; 0; 641.6; 
567; 0; 0; 0; 641.8; 
567; 0; 0; 0; 642; 
567; 0; 0; 0; 642.2; 
567; 0; 0; 0; 642.4; 
567; 0; 0; 0; 642.6; 
567; 0; 0; 0; 642.8; 
567; 0; 0; 0; 643; 
567; 0; 0; 0; 643.2; 
567; 0; 0; 0; 643.4; 
567; 0; 0; 0; 643.6; 
567; 0; 0; 0; 643.8; 
567; 0; 0; 0; 644; 
567; 0; 0; 0; 644.2; 
567; 0; 0; 0; 644.4; 
567; 0; 0; 0; 644.6; 
567; 0; 0; 0; 644.8; 
567; 0; 0; 0; 645; 
567; 0; 0; 0; 645.2; 
567; 0; 0; 0; 645.4; 
567; 0; 0; 0; 645.6; 
567; 0; 0; 0; 645.8; 
567; 0; 0; 0; 646; 
567; 0; 0; 0; 646.2; 
567; 0; 0; 0; 646.4; 
567; 0; 0; 0; 646.6; 
567; 0; 0; 0; 646.8; 
567; 0; 0; 0; 647; 
567; 0; 0; 0; 647.2; 
567; 0; 0; 0; 647.4; 
567; 0; 0; 0; 647.6; 
567; 0; 0; 0; 647.8; 
567; 0; 0; 0; 648; 
567; 0; 0; 0; 648.2; 
567; 0; 0; 0; 648.4; 
567; 0; 0; 0; 648.6; 
567; 0; 0; 0; 648.8; 
567; 0; 0; 0; 649; 
567; 0; 0; 0; 649.2; 
567; 0; 0; 0; 649.4; 
567; 0; 0; 0; 649.6; 
567; 0; 0; 0; 649.8; 
567; 0; 0; 0; 650; 
567; 0; 0; 0; 650.2; 
567; 0; 0; 0; 650.4; 
567; 0; 0; 0; 650.6; 
567; 0; 0; 0; 650.8; 
567; 0; 0; 0; 651; 
567; 0; 0; 0; 651.2; 
567; 0; 0; 0; 651.4; 
567; 0; 0; 0; 651.6; 
567; 0; 0; 0; 651.8; 
567; 0; 0; 0; 652; 
567; 0; 0; 0; 652.2; 
567; 0; 0; 0; 652.4; 
567; 0; 0; 0; 652.6; 
567; 0; 0; 0; 652.8; 
567; 0; 0; 0; 653; 
567; 0; 0; 0; 653.2; 
567; 0; 0; 0; 653.4; 
567; 0; 0; 0; 653.6; 
567; 0; 0; 0; 653.8; 
567; 0; 0; 0; 654; 
567; 0; 0; 0; 654.2; 
567; 0; 0; 0; 654.4; 
567; 0; 0; 0; 654.6; 
567; 0; 0; 0; 654.8; 
567; 0; 0; 0; 655; 
567; 0; 0; 0; 655.2; 
567; 0; 0; 0; 655.4; 
567; 0; 0; 0; 655.6; 
567; 0; 0; 0; 655.8; 
567; 0; 0; 0; 656; 
567; 0; 0; 0; 656.2; 
567; 0; 0; 0; 656.4; 
567; 0; 0; 0; 656.6; 
567; 0; 0; 0; 656.8; 
567; 0; 0; 0; 657; 
567; 0; 0; 0; 657.2; 
567; 0; 0; 0; 657.4; 
567; 0; 0; 0; 657.6; 
567; 0; 0; 0; 657.8; 
567; 0; 0; 0; 658; 
567; 0; 0; 0; 658.2; 
567; 0; 0; 0; 658.4; 
567; 0; 0; 0; 658.6; 
567; 0; 0; 0; 658.8; 
567; 0; 0; 0; 659; 
567; 0; 0; 0; 659.2; 
567; 0; 0; 0; 659.4; 
567; 0; 0; 0; 659.6; 
567; 0; 0; 0; 659.8; 
567; 0; 0; 0; 660; 
567; 0; 0; 0; 660.2; 
567; 0; 0; 0; 660.4; 
567; 0; 0; 0; 660.6; 
567; 0; 0; 0; 660.8; 
567; 0; 0; 0; 661; 
567; 0; 0; 0; 661.2; 
567; 0; 0; 0; 661.4; 
567; 0; 0; 0; 661.6; 
567; 0; 0; 0; 661.8; 
567; 0; 0; 0; 662; 
567; 0; 0; 0; 662.2; 
567; 0; 0; 0; 662.4; 
567; 0; 0; 0; 662.6; 
567; 0; 0; 0; 662.8; 
567; 0; 0; 0; 663; 
567; 0; 0; 0; 663.2; 
567; 0; 0; 0; 663.4; 
567; 0; 0; 0; 663.6; 
567; 0; 0; 0; 663.8; 
567; 0; 0; 0; 664; 
567; 0; 0; 0; 664.2; 
567; 0; 0; 0; 664.4; 
567; 0; 0; 0; 664.6; 
567; 0; 0; 0; 664.8; 
567; 0; 0; 0; 665; 
567; 0; 0; 0; 665.2; 
567; 0; 0; 0; 665.4; 
567; 0; 0; 0; 665.6; 
567; 0; 0; 0; 665.8; 
567; 0; 0; 0; 666; 
567; 0; 0; 0; 666.2; 
567; 0; 0; 0; 666.4; 
567; 0; 0; 0; 666.6; 
567; 0; 0; 0; 666.8; 
567; 0; 0; 0; 667; 
567; 0; 0; 0; 667.2; 
567; 0; 0; 0; 667.4; 
567; 0; 0; 0; 667.6; 
567; 0; 0; 0; 667.8; 
567; 0; 0; 0; 668; 
567; 0; 0; 0; 668.2; 
567; 0; 0; 0; 668.4; 
567; 0; 0; 0; 668.6; 
567; 0; 0; 0; 668.8; 
567; 0; 0; 0; 669; 
567; 0; 0; 0; 669.2; 
567; 0; 0; 0; 669.4; 
567; 0; 0; 0; 669.6; 
567; 0; 0; 0; 669.8; 
567; 0; 0; 0; 670; 
567; 0; 0; 0; 670.2; 
567; 0; 0; 0; 670.4; 
567; 0; 0; 0; 670.6; 
567; 0; 0; 0; 670.8; 
567; 0; 0; 0; 671; 
567; 0; 0; 0; 671.2; 
567; 0; 0; 0; 671.4; 
567; 0; 0; 0; 671.6; 
567; 0; 0; 0; 671.8; 
567; 0; 0; 0; 672; 
567; 0; 0; 0; 672.2; 
567; 0; 0; 0; 672.4; 
567; 0; 0; 0; 672.6; 
567; 0; 0; 0; 672.8; 
567; 0; 0; 0; 673; 
567; 0; 0; 0; 673.2; 
567; 0; 0; 0; 673.4; 
567; 0; 0; 0; 673.6; 
567; 0; 0; 0; 673.8; 
567; 0; 0; 0; 674; 
567; 0; 0; 0; 674.2; 
567; 0; 0; 0; 674.4; 
567; 0; 0; 0; 674.6; 
567; 0; 0; 0; 674.8; 
567; 0; 0; 0; 675; 
567; 0; 0; 0; 675.2; 
567; 0; 0; 0; 675.4; 
567; 0; 0; 0; 675.6; 
567; 0; 0; 0; 675.8; 
567; 0; 0; 0; 676; 
567; 0; 0; 0; 676.2; 
567; 0; 0; 0; 676.4; 
567; 0; 0; 0; 676.6; 
567; 0; 0; 0; 676.8; 
567; 0; 0; 0; 677; 
567; 0; 0; 0; 677.2; 
567; 0; 0; 0; 677.4; 
567; 0; 0; 0; 677.6; 
567; 0; 0; 0; 677.8; 
567; 0; 0; 0; 678; 
567; 0; 0; 0; 678.2; 
567; 0; 0; 0; 678.4; 
567; 0; 0; 0; 678.6; 
567; 0; 0; 0; 678.8; 
567; 0; 0; 0; 679; 
567; 0; 0; 0; 679.2; 
567; 0; 0; 0; 679.4; 
567; 0; 0; 0; 679.6; 
567; 0; 0; 0; 679.8; 
567; 0; 0; 0; 680; 
567; 0; 0; 0; 680.2; 
567; 0; 0; 0; 680.4; 
567; 0; 0; 0; 680.6; 
567; 0; 0; 0; 680.8; 
567; 0; 0; 0; 681; 
567; 0; 0; 0; 681.2; 
567; 0; 0; 0; 681.4; 
567; 0; 0; 0; 681.6; 
567; 0; 0; 0; 681.8; 
567; 0; 0; 0; 682; 
567; 0; 0; 0; 682.2; 
567; 0; 0; 0; 682.4; 
567; 0; 0; 0; 682.6; 
567; 0; 0; 0; 682.8; 
567; 0; 0; 0; 683; 
567; 0; 0; 0; 683.2; 
567; 0; 0; 0; 683.4; 
567; 0; 0; 0; 683.6; 
567; 0; 0; 0; 683.8; 
567; 0; 0; 0; 684; 
567; 0; 0; 0; 684.2; 
567; 0; 0; 0; 684.4; 
567; 0; 0; 0; 684.6; 
567; 0; 0; 0; 684.8; 
567; 0; 0; 0; 685; 
567; 0; 0; 0; 685.2; 
567; 0; 0; 0; 685.4; 
567; 0; 0; 0; 685.6; 
567; 0; 0; 0; 685.8; 
567; 0; 0; 0; 686; 
567; 0; 0; 0; 686.2; 
567; 0; 0; 0; 686.4; 
567; 0; 0; 0; 686.6; 
567; 0; 0; 0; 686.8; 
567; 0; 0; 0; 687; 
567; 0; 0; 0; 687.2; 
567; 0; 0; 0; 687.4; 
567; 0; 0; 0; 687.6; 
567; 0; 0; 0; 687.8; 
567; 0; 0; 0; 688; 
567; 0; 0; 0; 688.2; 
567; 0; 0; 0; 688.4; 
567; 0; 0; 0; 688.6; 
567; 0; 0; 0; 688.8; 
567; 0; 0; 0; 689; 
567; 0; 0; 0; 689.2; 
567; 0; 0; 0; 689.4; 
567; 0; 0; 0; 689.6; 
567; 0; 0; 0; 689.8; 
567; 0; 0; 0; 690; 
567; 0; 0; 0; 690.2; 
567; 0; 0; 0; 690.4; 
567; 0; 0; 0; 690.6; 
567; 0; 0; 0; 690.8; 
567; 0; 0; 0; 691; 
567; 0; 0; 0; 691.2; 
567; 0; 0; 0; 691.4; 
567; 0; 0; 0; 691.6; 
567; 0; 0; 0; 691.8; 
567; 0; 0; 0; 692; 
567; 0; 0; 0; 692.2; 
567; 0; 0; 0; 692.4; 
567; 0; 0; 0; 692.6; 
567; 0; 0; 0; 692.8; 
567; 0; 0; 0; 693; 
567; 0; 0; 0; 693.2; 
567; 0; 0; 0; 693.4; 
567; 0; 0; 0; 693.6; 
567; 0; 0; 0; 693.8; 
567; 0; 0; 0; 694; 
567; 0; 0; 0; 694.2; 
567; 0; 0; 0; 694.4; 
567; 0; 0; 0; 694.6; 
567; 0; 0; 0; 694.8; 
567; 0; 0; 0; 695; 
567; 0; 0; 0; 695.2; 
567; 0; 0; 0; 695.4; 
567; 0; 0; 0; 695.6; 
567; 0; 0; 0; 695.8; 
567; 0; 0; 0; 696; 
567; 0; 0; 0; 696.2; 
567; 0; 0; 0; 696.4; 
567; 0; 0; 0; 696.6; 
567; 0; 0; 0; 696.8; 
567; 0; 0; 0; 697; 
567; 0; 0; 0; 697.2; 
567; 0; 0; 0; 697.4; 
567; 0; 0; 0; 697.6; 
567; 0; 0; 0; 697.8; 
567; 0; 0; 0; 698; 
567; 0; 0; 0; 698.2; 
567; 0; 0; 0; 698.4; 
567; 0; 0; 0; 698.6; 
567; 0; 0; 0; 698.8; 
567; 0; 0; 0; 699; 
567; 0; 0; 0; 699.2; 
567; 0; 0; 0; 699.4; 
567; 0; 0; 0; 699.6; 
567; 0; 0; 0; 699.8; 
567; 0; 0; 0; 700; 
567; 0; 0; 0; 700.2; 
567; 0; 0; 0; 700.4; 
567; 0; 0; 0; 700.6; 
567; 0; 0; 0; 700.8; 
567; 0; 0; 0; 701; 
567; 0; 0; 0; 701.2; 
567; 0; 0; 0; 701.4; 
567; 0; 0; 0; 701.6; 
567; 0; 0; 0; 701.8; 
567; 0; 0; 0; 702; 
567; 0; 0; 0; 702.2; 
567; 0; 0; 0; 702.4; 
567; 0; 0; 0; 702.6; 
567; 0; 0; 0; 702.8; 
567; 0; 0; 0; 703; 
567; 0; 0; 0; 703.2; 
567; 0; 0; 0; 703.4; 
567; 0; 0; 0; 703.6; 
567; 0; 0; 0; 703.8; 
567; 0; 0; 0; 704; 
567; 0; 0; 0; 704.2; 
567; 0; 0; 0; 704.4; 
567; 0; 0; 0; 704.6; 
567; 0; 0; 0; 704.8; 
567; 0; 0; 0; 705; 
567; 0; 0; 0; 705.2; 
567; 0; 0; 0; 705.4; 
567; 0; 0; 0; 705.6; 
567; 0; 0; 0; 705.8; 
567; 0; 0; 0; 706; 
567; 0; 0; 0; 706.2; 
567; 0; 0; 0; 706.4; 
567; 0; 0; 0; 706.6; 
567; 0; 0; 0; 706.8; 
567; 0; 0; 0; 707; 
567; 0; 0; 0; 707.2; 
567; 0; 0; 0; 707.4; 
567; 0; 0; 0; 707.6; 
567; 0; 0; 0; 707.8; 
567; 0; 0; 0; 708; 
567; 0; 0; 0; 708.2; 
567; 0; 0; 0; 708.4; 
567; 0; 0; 0; 708.6; 
567; 0; 0; 0; 708.8; 
567; 0; 0; 0; 709; 
567; 0; 0; 0; 709.2; 
567; 0; 0; 0; 709.4; 
567; 0; 0; 0; 709.6; 
567; 0; 0; 0; 709.8; 
567; 0; 0; 0; 710; 
567; 0; 0; 0; 710.2; 
567; 0; 0; 0; 710.4; 
567; 0; 0; 0; 710.6; 
567; 0; 0; 0; 710.8; 
567; 0; 0; 0; 711; 
567; 0; 0; 0; 711.2; 
567; 0; 0; 0; 711.4; 
567; 0; 0; 0; 711.6; 
567; 0; 0; 0; 711.8; 
567; 0; 0; 0; 712; 
567; 0; 0; 0; 712.2; 
567; 0; 0; 0; 712.4; 
567; 0; 0; 0; 712.6; 
567; 0; 0; 0; 712.8; 
567; 0; 0; 0; 713; 
567; 0; 0; 0; 713.2; 
567; 0; 0; 0; 713.4; 
567; 0; 0; 0; 713.6; 
567; 0; 0; 0; 713.8; 
567; 0; 0; 0; 714; 
567; 0; 0; 0; 714.2; 
567; 0; 0; 0; 714.4; 
567; 0; 0; 0; 714.6; 
567; 0; 0; 0; 714.8; 
567; 0; 0; 0; 715; 
567; 0; 0; 0; 715.2; 
567; 0; 0; 0; 715.4; 
567; 0; 0; 0; 715.6; 
567; 0; 0; 0; 715.8; 
567; 0; 0; 0; 716; 
567; 0; 0; 0; 716.2; 
567; 0; 0; 0; 716.4; 
567; 0; 0; 0; 716.6; 
567; 0; 0; 0; 716.8; 
567; 0; 0; 0; 717; 
567; 0; 0; 0; 717.2; 
567; 0; 0; 0; 717.4; 
567; 0; 0; 0; 717.6; 
567; 0; 0; 0; 717.8; 
567; 0; 0; 0; 718; 
567; 0; 0; 0; 718.2; 
567; 0; 0; 0; 718.4; 
567; 0; 0; 0; 718.6; 
567; 0; 0; 0; 718.8; 
567; 0; 0; 0; 719; 
567; 0; 0; 0; 719.2; 
567; 0; 0; 0; 719.4; 
567; 0; 0; 0; 719.6; 
567; 0; 0; 0; 719.8; 
567; 0; 0; 0; 720; 
567; 0; 0; 0; 720.2; 
567; 0; 0; 0; 720.4; 
567; 0; 0; 0; 720.6; 
567; 0; 0; 0; 720.8; 
567; 0; 0; 0; 721; 
567; 0; 0; 0; 721.2; 
567; 0; 0; 0; 721.4; 
567; 0; 0; 0; 721.6; 
567; 0; 0; 0; 721.8; 
567; 0; 0; 0; 722; 
567; 0; 0; 0; 722.2; 
567; 0; 0; 0; 722.4; 
567; 0; 0; 0; 722.6; 
567; 0; 0; 0; 722.8; 
567; 0; 0; 0; 723; 
567; 0; 0; 0; 723.2; 
567; 0; 0; 0; 723.4; 
567; 0; 0; 0; 723.6; 
567; 0; 0; 0; 723.8; 
567; 0; 0; 0; 724; 
567; 0; 0; 0; 724.2; 
567; 0; 0; 0; 724.4; 
567; 0; 0; 0; 724.6; 
567; 0; 0; 0; 724.8; 
567; 0; 0; 0; 725; 
567; 0; 0; 0; 725.2; 
567; 0; 0; 0; 725.4; 
567; 0; 0; 0; 725.6; 
567; 0; 0; 0; 725.8; 
567; 0; 0; 0; 726; 
567; 0; 0; 0; 726.2; 
567; 0; 0; 0; 726.4; 
567; 0; 0; 0; 726.6; 
567; 0; 0; 0; 726.8; 
567; 0; 0; 0; 727; 
567; 0; 0; 0; 727.2; 
567; 0; 0; 0; 727.4; 
567; 0; 0; 0; 727.6; 
567; 0; 0; 0; 727.8; 
567; 0; 0; 0; 728; 
567; 0; 0; 0; 728.2; 
567; 0; 0; 0; 728.4; 
567; 0; 0; 0; 728.6; 
567; 0; 0; 0; 728.8; 
567; 0; 0; 0; 729; 
567; 0; 0; 0; 729.2; 
567; 0; 0; 0; 729.4; 
567; 0; 0; 0; 729.6; 
567; 0; 0; 0; 729.8; 
567; 0; 0; 0; 730; 
567; 0; 0; 0; 730.2; 
567; 0; 0; 0; 730.4; 
567; 0; 0; 0; 730.6; 
567; 0; 0; 0; 730.8; 
567; 0; 0; 0; 731; 
567; 0; 0; 0; 731.2; 
567; 0; 0; 0; 731.4; 
567; 0; 0; 0; 731.6; 
567; 0; 0; 0; 731.8; 
567; 0; 0; 0; 732; 
567; 0; 0; 0; 732.2; 
567; 0; 0; 0; 732.4; 
567; 0; 0; 0; 732.6; 
567; 0; 0; 0; 732.8; 
567; 0; 0; 0; 733; 
567; 0; 0; 0; 733.2; 
567; 0; 0; 0; 733.4; 
567; 0; 0; 0; 733.6; 
567; 0; 0; 0; 733.8; 
567; 0; 0; 0; 734; 
567; 0; 0; 0; 734.2; 
567; 0; 0; 0; 734.4; 
567; 0; 0; 0; 734.6; 
567; 0; 0; 0; 734.8; 
567; 0; 0; 0; 735; 
567; 0; 0; 0; 735.2; 
567; 0; 0; 0; 735.4; 
567; 0; 0; 0; 735.6; 
567; 0; 0; 0; 735.8; 
567; 0; 0; 0; 736; 
567; 0; 0; 0; 736.2; 
567; 0; 0; 0; 736.4; 
567; 0; 0; 0; 736.6; 
567; 0; 0; 0; 736.8; 
567; 0; 0; 0; 737; 
567; 0; 0; 0; 737.2; 
567; 0; 0; 0; 737.4; 
567; 0; 0; 0; 737.6; 
567; 0; 0; 0; 737.8; 
567; 0; 0; 0; 738; 
567; 0; 0; 0; 738.2; 
567; 0; 0; 0; 738.4; 
567; 0; 0; 0; 738.6; 
567; 0; 0; 0; 738.8; 
567; 0; 0; 0; 739; 
567; 0; 0; 0; 739.2; 
567; 0; 0; 0; 739.4; 
567; 0; 0; 0; 739.6; 
567; 0; 0; 0; 739.8; 
567; 0; 0; 0; 740; 
567; 0; 0; 0; 740.2; 
567; 0; 0; 0; 740.4; 
567; 0; 0; 0; 740.6; 
567; 0; 0; 0; 740.8; 
567; 0; 0; 0; 741; 
567; 0; 0; 0; 741.2; 
567; 0; 0; 0; 741.4; 
567; 0; 0; 0; 741.6; 
567; 0; 0; 0; 741.8; 
567; 0; 0; 0; 742; 
567; 0; 0; 0; 742.2; 
567; 0; 0; 0; 742.4; 
567; 0; 0; 0; 742.6; 
567; 0; 0; 0; 742.8; 
567; 0; 0; 0; 743; 
567; 0; 0; 0; 743.2; 
567; 0; 0; 0; 743.4; 
567; 0; 0; 0; 743.6; 
567; 0; 0; 0; 743.8; 
567; 0; 0; 0; 744; 
567; 0; 0; 0; 744.2; 
567; 0; 0; 0; 744.4; 
567; 0; 0; 0; 744.6; 
567; 0; 0; 0; 744.8; 
567; 0; 0; 0; 745; 
567; 0; 0; 0; 745.2; 
567; 0; 0; 0; 745.4; 
567; 0; 0; 0; 745.6; 
567; 0; 0; 0; 745.8; 
567; 0; 0; 0; 746; 
567; 0; 0; 0; 746.2; 
567; 0; 0; 0; 746.4; 
567; 0; 0; 0; 746.6; 
567; 0; 0; 0; 746.8; 
567; 0; 0; 0; 747; 
567; 0; 0; 0; 747.2; 
567; 0; 0; 0; 747.4; 
567; 0; 0; 0; 747.6; 
567; 0; 0; 0; 747.8; 
567; 0; 0; 0; 748; 
567; 0; 0; 0; 748.2; 
567; 0; 0; 0; 748.4; 
567; 0; 0; 0; 748.6; 
567; 0; 0; 0; 748.8; 
567; 0; 0; 0; 749; 
567; 0; 0; 0; 749.2; 
567; 0; 0; 0; 749.4; 
567; 0; 0; 0; 749.6; 
567; 0; 0; 0; 749.8; 
567; 0; 0; 0; 750; 
567; 0; 0; 0; 750.2; 
567; 0; 0; 0; 750.4; 
567; 0; 0; 0; 750.6; 
567; 0; 0; 0; 750.8; 
567; 0; 0; 0; 751; 
567; 0; 0; 0; 751.2; 
567; 0; 0; 0; 751.4; 
567; 0; 0; 0; 751.6; 
567; 0; 0; 0; 751.8; 
567; 0; 0; 0; 752; 
567; 0; 0; 0; 752.2; 
567; 0; 0; 0; 752.4; 
567; 0; 0; 0; 752.6; 
567; 0; 0; 0; 752.8; 
567; 0; 0; 0; 753; 
567; 0; 0; 0; 753.2; 
567; 0; 0; 0; 753.4; 
567; 0; 0; 0; 753.6; 
567; 0; 0; 0; 753.8; 
567; 0; 0; 0; 754; 
567; 0; 0; 0; 754.2; 
567; 0; 0; 0; 754.4; 
567; 0; 0; 0; 754.6; 
567; 0; 0; 0; 754.8; 
567; 0; 0; 0; 755; 
567; 0; 0; 0; 755.2; 
567; 0; 0; 0; 755.4; 
567; 0; 0; 0; 755.6; 
567; 0; 0; 0; 755.8; 
567; 0; 0; 0; 756; 
567; 0; 0; 0; 756.2; 
567; 0; 0; 0; 756.4; 
567; 0; 0; 0; 756.6; 
567; 0; 0; 0; 756.8; 
567; 0; 0; 0; 757; 
567; 0; 0; 0; 757.2; 
567; 0; 0; 0; 757.4; 
567; 0; 0; 0; 757.6; 
567; 0; 0; 0; 757.8; 
567; 0; 0; 0; 758; 
567; 0; 0; 0; 758.2; 
567; 0; 0; 0; 758.4; 
567; 0; 0; 0; 758.6; 
567; 0; 0; 0; 758.8; 
567; 0; 0; 0; 759; 
567; 0; 0; 0; 759.2; 
567; 0; 0; 0; 759.4; 
567; 0; 0; 0; 759.6; 
567; 0; 0; 0; 759.8; 
567; 0; 0; 0; 760; 
567; 0; 0; 0; 760.2; 
567; 0; 0; 0; 760.4; 
567; 0; 0; 0; 760.6; 
567; 0; 0; 0; 760.8; 
567; 0; 0; 0; 761; 
567; 0; 0; 0; 761.2; 
567; 0; 0; 0; 761.4; 
567; 0; 0; 0; 761.6; 
567; 0; 0; 0; 761.8; 
567; 0; 0; 0; 762; 
567; 0; 0; 0; 762.2; 
567; 0; 0; 0; 762.4; 
567; 0; 0; 0; 762.6; 
567; 0; 0; 0; 762.8; 
567; 0; 0; 0; 763; 
567; 0; 0; 0; 763.2; 
567; 0; 0; 0; 763.4; 
567; 0; 0; 0; 763.6; 
567; 0; 0; 0; 763.8; 
567; 0; 0; 0; 764; 
567; 0; 0; 0; 764.2; 
567; 0; 0; 0; 764.4; 
567; 0; 0; 0; 764.6; 
567; 0; 0; 0; 764.8; 
567; 0; 0; 0; 765; 
567; 0; 0; 0; 765.2; 
567; 0; 0; 0; 765.4; 
567; 0; 0; 0; 765.6; 
567; 0; 0; 0; 765.8; 
567; 0; 0; 0; 766; 
567; 0; 0; 0; 766.2; 
567; 0; 0; 0; 766.4; 
567; 0; 0; 0; 766.6; 
567; 0; 0; 0; 766.8; 
567; 0; 0; 0; 767; 
567; 0; 0; 0; 767.2; 
567; 0; 0; 0; 767.4; 
567; 0; 0; 0; 767.6; 
567; 0; 0; 0; 767.8; 
567; 0; 0; 0; 768; 
567; 0; 0; 0; 768.2; 
567; 0; 0; 0; 768.4; 
567; 0; 0; 0; 768.6; 
567; 0; 0; 0; 768.8; 
567; 0; 0; 0; 769; 
567; 0; 0; 0; 769.2; 
567; 0; 0; 0; 769.4; 
567; 0; 0; 0; 769.6; 
567; 0; 0; 0; 769.8; 
567; 0; 0; 0; 770; 
567; 0; 0; 0; 770.2; 
567; 0; 0; 0; 770.4; 
567; 0; 0; 0; 770.6; 
567; 0; 0; 0; 770.8; 
567; 0; 0; 0; 771; 
567; 0; 0; 0; 771.2; 
567; 0; 0; 0; 771.4; 
567; 0; 0; 0; 771.6; 
567; 0; 0; 0; 771.8; 
567; 0; 0; 0; 772; 
567; 0; 0; 0; 772.2; 
567; 0; 0; 0; 772.4; 
567; 0; 0; 0; 772.6; 
567; 0; 0; 0; 772.8; 
567; 0; 0; 0; 773; 
567; 0; 0; 0; 773.2; 
567; 0; 0; 0; 773.4; 
567; 0; 0; 0; 773.6; 
567; 0; 0; 0; 773.8; 
567; 0; 0; 0; 774; 
567; 0; 0; 0; 774.2; 
567; 0; 0; 0; 774.4; 
567; 0; 0; 0; 774.6; 
567; 0; 0; 0; 774.8; 
567; 0; 0; 0; 775; 
567; 0; 0; 0; 775.2; 
567; 0; 0; 0; 775.4; 
567; 0; 0; 0; 775.6; 
567; 0; 0; 0; 775.8; 
567; 0; 0; 0; 776; 
567; 0; 0; 0; 776.2; 
567; 0; 0; 0; 776.4; 
567; 0; 0; 0; 776.6; 
567; 0; 0; 0; 776.8; 
567; 0; 0; 0; 777; 
567; 0; 0; 0; 777.2; 
567; 0; 0; 0; 777.4; 
567; 0; 0; 0; 777.6; 
567; 0; 0; 0; 777.8; 
567; 0; 0; 0; 778; 
567; 0; 0; 0; 778.2; 
567; 0; 0; 0; 778.4; 
567; 0; 0; 0; 778.6; 
567; 0; 0; 0; 778.8; 
567; 0; 0; 0; 779; 
567; 0; 0; 0; 779.2; 
567; 0; 0; 0; 779.4; 
567; 0; 0; 0; 779.6; 
567; 0; 0; 0; 779.8; 
567; 0; 0; 0; 780; 
567; 0; 0; 0; 780.2; 
567; 0; 0; 0; 780.4; 
567; 0; 0; 0; 780.6; 
567; 0; 0; 0; 780.8; 
567; 0; 0; 0; 781; 
567; 0; 0; 0; 781.2; 
567; 0; 0; 0; 781.4; 
567; 0; 0; 0; 781.6; 
567; 0; 0; 0; 781.8; 
567; 0; 0; 0; 782; 
567; 0; 0; 0; 782.2; 
567; 0; 0; 0; 782.4; 
567; 0; 0; 0; 782.6; 
567; 0; 0; 0; 782.8; 
567; 0; 0; 0; 783; 
567; 0; 0; 0; 783.2; 
567; 0; 0; 0; 783.4; 
567; 0; 0; 0; 783.6; 
567; 0; 0; 0; 783.8; 
567; 0; 0; 0; 784; 
567; 0; 0; 0; 784.2; 
567; 0; 0; 0; 784.4; 
567; 0; 0; 0; 784.6; 
567; 0; 0; 0; 784.8; 
567; 0; 0; 0; 785; 
567; 0; 0; 0; 785.2; 
567; 0; 0; 0; 785.4; 
567; 0; 0; 0; 785.6; 
567; 0; 0; 0; 785.8; 
567; 0; 0; 0; 786; 
567; 0; 0; 0; 786.2; 
567; 0; 0; 0; 786.4; 
567; 0; 0; 0; 786.6; 
567; 0; 0; 0; 786.8; 
567; 0; 0; 0; 787; 
567; 0; 0; 0; 787.2; 
567; 0; 0; 0; 787.4; 
567; 0; 0; 0; 787.6; 
567; 0; 0; 0; 787.8; 
567; 0; 0; 0; 788; 
567; 0; 0; 0; 788.2; 
567; 0; 0; 0; 788.4; 
567; 0; 0; 0; 788.6; 
567; 0; 0; 0; 788.8; 
567; 0; 0; 0; 789; 
567; 0; 0; 0; 789.2; 
567; 0; 0; 0; 789.4; 
567; 0; 0; 0; 789.6; 
567; 0; 0; 0; 789.8; 
567; 0; 0; 0; 790; 
567; 0; 0; 0; 790.2; 
567; 0; 0; 0; 790.4; 
567; 0; 0; 0; 790.6; 
567; 0; 0; 0; 790.8; 
567; 0; 0; 0; 791; 
567; 0; 0; 0; 791.2; 
567; 0; 0; 0; 791.4; 
567; 0; 0; 0; 791.6; 
567; 0; 0; 0; 791.8; 
567; 0; 0; 0; 792; 
567; 0; 0; 0; 792.2; 
567; 0; 0; 0; 792.4; 
567; 0; 0; 0; 792.6; 
567; 0; 0; 0; 792.8; 
567; 0; 0; 0; 793; 
567; 0; 0; 0; 793.2; 
567; 0; 0; 0; 793.4; 
567; 0; 0; 0; 793.6; 
567; 0; 0; 0; 793.8; 
567; 0; 0; 0; 794; 
567; 0; 0; 0; 794.2; 
567; 0; 0; 0; 794.4; 
567; 0; 0; 0; 794.6; 
567; 0; 0; 0; 794.8; 
567; 0; 0; 0; 795; 
567; 0; 0; 0; 795.2; 
567; 0; 0; 0; 795.4; 
567; 0; 0; 0; 795.6; 
567; 0; 0; 0; 795.8; 
567; 0; 0; 0; 796; 
567; 0; 0; 0; 796.2; 
567; 0; 0; 0; 796.4; 
567; 0; 0; 0; 796.6; 
567; 0; 0; 0; 796.8; 
567; 0; 0; 0; 797; 
567; 0; 0; 0; 797.2; 
567; 0; 0; 0; 797.4; 
567; 0; 0; 0; 797.6; 
567; 0; 0; 0; 797.8; 
567; 0; 0; 0; 798; 
567; 0; 0; 0; 798.2; 
567; 0; 0; 0; 798.4; 
567; 0; 0; 0; 798.6; 
567; 0; 0; 0; 798.8; 
567; 0; 0; 0; 799; 
567; 0; 0; 0; 799.2; 
567; 0; 0; 0; 799.4; 
567; 0; 0; 0; 799.6; 
567; 0; 0; 0; 799.8; 
567; 0; 0; 0; 800; 
567; 0; 0; 0; 800.2; 
567; 0; 0; 0; 800.4; 
567; 0; 0; 0; 800.6; 
567; 0; 0; 0; 800.8; 
567; 0; 0; 0; 801; 
567; 0; 0; 0; 801.2; 
567; 0; 0; 0; 801.4; 
567; 0; 0; 0; 801.6; 
567; 0; 0; 0; 801.8; 
567; 0; 0; 0; 802; 
567; 0; 0; 0; 802.2; 
567; 0; 0; 0; 802.4; 
567; 0; 0; 0; 802.6; 
567; 0; 0; 0; 802.8; 
567; 0; 0; 0; 803; 
567; 0; 0; 0; 803.2; 
567; 0; 0; 0; 803.4; 
567; 0; 0; 0; 803.6; 
567; 0; 0; 0; 803.8; 
567; 0; 0; 0; 804; 
567; 0; 0; 0; 804.2; 
567; 0; 0; 0; 804.4; 
567; 0; 0; 0; 804.6; 
567; 0; 0; 0; 804.8; 
567; 0; 0; 0; 805; 
567; 0; 0; 0; 805.2; 
567; 0; 0; 0; 805.4; 
567; 0; 0; 0; 805.6; 
567; 0; 0; 0; 805.8; 
567; 0; 0; 0; 806; 
567; 0; 0; 0; 806.2; 
567; 0; 0; 0; 806.4; 
567; 0; 0; 0; 806.6; 
567; 0; 0; 0; 806.8; 
567; 0; 0; 0; 807; 
567; 0; 0; 0; 807.2; 
567; 0; 0; 0; 807.4; 
567; 0; 0; 0; 807.6; 
567; 0; 0; 0; 807.8; 
567; 0; 0; 0; 808; 
567; 0; 0; 0; 808.2; 
567; 0; 0; 0; 808.4; 
567; 0; 0; 0; 808.6; 
567; 0; 0; 0; 808.8; 
567; 0; 0; 0; 809; 
567; 0; 0; 0; 809.2; 
567; 0; 0; 0; 809.4; 
567; 0; 0; 0; 809.6; 
567; 0; 0; 0; 809.8; 
567; 0; 0; 0; 810; 
567; 0; 0; 0; 810.2; 
567; 0; 0; 0; 810.4; 
567; 0; 0; 0; 810.6; 
567; 0; 0; 0; 810.8; 
567; 0; 0; 0; 811; 
567; 0; 0; 0; 811.2; 
567; 0; 0; 0; 811.4; 
567; 0; 0; 0; 811.6; 
567; 0; 0; 0; 811.8; 
567; 0; 0; 0; 812; 
567; 0; 0; 0; 812.2; 
567; 0; 0; 0; 812.4; 
567; 0; 0; 0; 812.6; 
567; 0; 0; 0; 812.8; 
567; 0; 0; 0; 813; 
567; 0; 0; 0; 813.2; 
567; 0; 0; 0; 813.4; 
567; 0; 0; 0; 813.6; 
567; 0; 0; 0; 813.8; 
567; 0; 0; 0; 814; 
567; 0; 0; 0; 814.2; 
567; 0; 0; 0; 814.4; 
567; 0; 0; 0; 814.6; 
567; 0; 0; 0; 814.8; 
567; 0; 0; 0; 815; 
567; 0; 0; 0; 815.2; 
567; 0; 0; 0; 815.4; 
567; 0; 0; 0; 815.6; 
567; 0; 0; 0; 815.8; 
567; 0; 0; 0; 816; 
567; 0; 0; 0; 816.2; 
567; 0; 0; 0; 816.4; 
567; 0; 0; 0; 816.6; 
567; 0; 0; 0; 816.8; 
567; 0; 0; 0; 817; 
567; 0; 0; 0; 817.2; 
567; 0; 0; 0; 817.4; 
567; 0; 0; 0; 817.6; 
567; 0; 0; 0; 817.8; 
567; 0; 0; 0; 818; 
567; 0; 0; 0; 818.2; 
567; 0; 0; 0; 818.4; 
567; 0; 0; 0; 818.6; 
567; 0; 0; 0; 818.8; 
567; 0; 0; 0; 819; 
567; 0; 0; 0; 819.2; 
567; 0; 0; 0; 819.4; 
567; 0; 0; 0; 819.6; 
567; 0; 0; 0; 819.8; 
567; 0; 0; 0; 820; 
567; 0; 0; 0; 820.2; 
567; 0; 0; 0; 820.4; 
567; 0; 0; 0; 820.6; 
567; 0; 0; 0; 820.8; 
567; 0; 0; 0; 821; 
567; 0; 0; 0; 821.2; 
567; 0; 0; 0; 821.4; 
567; 0; 0; 0; 821.6; 
567; 0; 0; 0; 821.8; 
567; 0; 0; 0; 822; 
567; 0; 0; 0; 822.2; 
567; 0; 0; 0; 822.4; 
567; 0; 0; 0; 822.6; 
567; 0; 0; 0; 822.8; 
567; 0; 0; 0; 823; 
567; 0; 0; 0; 823.2; 
567; 0; 0; 0; 823.4; 
567; 0; 0; 0; 823.6; 
567; 0; 0; 0; 823.8; 
567; 0; 0; 0; 824; 
567; 0; 0; 0; 824.2; 
