567; 0; 0; 170; 0; 
567; 0; 0; 170; 0.2; 
567; 0; 0; 170; 0.4; 
567; 0; 0; 170; 0.6; 
567; 0; 0; 170; 0.8; 
567; 0; 0; 170; 1; 
567; 0; 0; 170; 1.2; 
567; 0; 0; 170; 1.4; 
567; 0; 0; 170; 1.6; 
567; 0; 0; 170; 1.8; 
567; 0; 0; 170; 2; 
567; 0; 0; 170; 2.2; 
567; 0; 0; 170; 2.4; 
567; 0; 0; 170; 2.6; 
567; 0; 0; 170; 2.8; 
567; 0; 0; 170; 3; 
567; 0; 0; 170; 3.2; 
567; 0; 0; 170; 3.4; 
567; 0; 0; 170; 3.6; 
567; 0; 0; 170; 3.8; 
567; 0; 0; 170; 4; 
567; 0; 0; 170; 4.2; 
567; 0; 0; 170; 4.4; 
567; 0; 0; 170; 4.6; 
567; 0; 0; 170; 4.8; 
567; 0; 0; 170; 5; 
567; 0; 0; 170; 5.2; 
567; 0; 0; 170; 5.4; 
567; 0; 0; 170; 5.6; 
567; 0; 0; 170; 5.8; 
567; 0; 0; 170; 6; 
567; 0; 0; 170; 6.2; 
567; 0; 0; 170; 6.4; 
567; 0; 0; 170; 6.6; 
567; 0; 0; 170; 6.8; 
567; 0; 0; 170; 7; 
567; 0; 0; 170; 7.2; 
567; 0; 0; 170; 7.4; 
567; 0; 0; 170; 7.6; 
567; 0; 0; 170; 7.8; 
567; 0; 0; 170; 8; 
567; 0; 0; 170; 8.2; 
567; 0; 0; 170; 8.4; 
567; 0; 0; 170; 8.6; 
567; 0; 0; 170; 8.8; 
567; 0; 0; 170; 9; 
567; 0; 0; 170; 9.2; 
567; 0; 0; 170; 9.4; 
567; 0; 0; 170; 9.6; 
567; 0; 0; 170; 9.8; 
567; 0; 0; 170; 10; 
567; 0; 0; 170; 10.2; 
567; 0; 0; 170; 10.4; 
567; 0; 0; 170; 10.6; 
567; 0; 0; 170; 10.8; 
567; 0; 0; 170; 11; 
567; 0; 0; 170; 11.2; 
567; 0; 0; 170; 11.4; 
567; 0; 0; 170; 11.6; 
567; 0; 0; 170; 11.8; 
567; 0; 0; 170; 12; 
567; 0; 0; 170; 12.2; 
567; 0; 0; 170; 12.4; 
567; 0; 0; 170; 12.6; 
567; 0; 0; 170; 12.8; 
567; 0; 0; 170; 13; 
567; 0; 0; 170; 13.2; 
567; 0; 0; 170; 13.4; 
567; 0; 0; 170; 13.6; 
567; 0; 0; 170; 13.8; 
567; 0; 0; 170; 14; 
567; 0; 0; 170; 14.2; 
567; 0; 0; 170; 14.4; 
567; 0; 0; 170; 14.6; 
567; 0; 0; 170; 14.8; 
567; 0; 0; 170; 15; 
567; 0; 0; 170; 15.2; 
567; 0; 0; 170; 15.4; 
567; 0; 0; 170; 15.6; 
567; 0; 0; 170; 15.8; 
567; 0; 0; 170; 16; 
567; 0; 0; 170; 16.2; 
567; 0; 0; 170; 16.4; 
567; 0; 0; 170; 16.6; 
567; 0; 0; 170; 16.8; 
567; 0; 0; 170; 17; 
567; 0; 0; 170; 17.2; 
567; 0; 0; 170; 17.4; 
567; 0; 0; 170; 17.6; 
567; 0; 0; 170; 17.8; 
567; 0; 0; 170; 18; 
567; 0; 0; 170; 18.2; 
567; 0; 0; 170; 18.4; 
567; 0; 0; 170; 18.6; 
567; 0; 0; 170; 18.8; 
567; 0; 0; 170; 19; 
567; 0; 0; 170; 19.2; 
567; 0; 0; 170; 19.4; 
567; 0; 0; 170; 19.6; 
567; 0; 0; 170; 19.8; 
567; 0; 0; 170; 20; 
567; 0; 0; 170; 20.2; 
567; 0; 0; 170; 20.4; 
567; 0; 0; 170; 20.6; 
567; 0; 0; 170; 20.8; 
567; 0; 0; 170; 21; 
567; 0; 0; 170; 21.2; 
567; 0; 0; 170; 21.4; 
567; 0; 0; 170; 21.6; 
567; 0; 0; 170; 21.8; 
567; 0; 0; 170; 22; 
567; 0; 0; 170; 22.2; 
567; 0; 0; 170; 22.4; 
567; 0; 0; 170; 22.6; 
567; 0; 0; 170; 22.8; 
567; 0; 0; 170; 23; 
567; 0; 0; 170; 23.2; 
567; 0; 0; 170; 23.4; 
567; 0; 0; 170; 23.6; 
567; 0; 2755.4649; 170; 23.8; 
567; 0; 2755.4649; 170; 24; 
567; 0; 2755.4649; 170; 24.2; 
567; 0; 2755.4649; 170; 24.4; 
567; 0; 2755.4649; 170; 24.6; 
567; 0; 2755.4649; 170; 24.8; 
567; 0; 2755.4649; 170; 25; 
567; 0; 2755.4649; 170; 25.2; 
567; 0; 2755.4649; 170; 25.4; 
567; 0; 2755.4649; 170; 25.6; 
567; 0; 2755.4649; 170; 25.8; 
567; 0; 2755.4649; 170; 26; 
567; 0; 2755.4649; 170; 26.2; 
567; 0; 2755.4649; 170; 26.4; 
567; 0; 2755.4649; 170; 26.6; 
567; 0; 2755.4649; 170; 26.8; 
567; 0; 2755.4649; 170; 27; 
567; 0; 2755.4649; 170; 27.2; 
567; 0; 2755.4649; 170; 27.4; 
567; 0; 2755.4649; 170; 27.6; 
567; 0; 2755.4649; 170; 27.8; 
567; 0; 2755.4649; 170; 28; 
567; 0; 2755.4649; 170; 28.2; 
567; 0; 2755.4649; 170; 28.4; 
567; 0; 2755.4649; 170; 28.6; 
567; 0; 2755.4649; 170; 28.8; 
567; 0; 2755.4649; 170; 29; 
567; 0; 2755.4649; 170; 29.2; 
567; 0; 2755.4649; 170; 29.4; 
567; 0; 2755.4649; 170; 29.6; 
567; 0; 2755.4649; 170; 29.8; 
567; 0; 2755.4649; 170; 30; 
567; 0; 2755.4649; 170; 30.2; 
567; 0; 2755.4649; 170; 30.4; 
567; 0; 2755.4649; 170; 30.6; 
567; 0; 2755.4649; 170; 30.8; 
567; 0; 2755.4649; 170; 31; 
567; 0; 2755.4649; 170; 31.2; 
567; 0; 2755.4649; 170; 31.4; 
567; 0; 2755.4649; 170; 31.6; 
567; 0; 2755.4649; 170; 31.8; 
567; 0; 2755.4649; 170; 32; 
567; 0; 2755.4649; 170; 32.2; 
567; 0; 2755.4649; 170; 32.4; 
567; 0; 2755.4649; 170; 32.6; 
567; 0; 2755.4649; 170; 32.8; 
567; 0; 2755.4649; 170; 33; 
567; 0; 2755.4649; 170; 33.2; 
567; 0; 2755.4649; 170; 33.4; 
567; 0; 2755.4649; 170; 33.6; 
567; 0; 2755.4649; 170; 33.8; 
567; 0; 2755.4649; 170; 34; 
567; 0; 2755.4649; 170; 34.2; 
567; 0; 2755.4649; 170; 34.4; 
567; 0; 2755.4649; 170; 34.6; 
567; 0; 2755.4649; 170; 34.8; 
567; 0; 2755.4649; 170; 35; 
567; 0; 2755.4649; 170; 35.2; 
567; 0; 2755.4649; 170; 35.4; 
567; 0; 2755.4649; 170; 35.6; 
567; 0; 2755.4649; 170; 35.8; 
567; 0; 2755.4649; 170; 36; 
567; 0; 2755.4649; 170; 36.2; 
567; 0; 2755.4649; 170; 36.4; 
567; 0; 2755.4649; 170; 36.6; 
567; 0; 2755.4649; 170; 36.8; 
567; 0; 2755.4649; 170; 37; 
567; 0; 2755.4649; 170; 37.2; 
567; 0; 2755.4649; 170; 37.4; 
567; 0; 2755.4649; 170; 37.6; 
567; 0; 2755.4649; 170; 37.8; 
567; 0; 2755.4649; 170; 38; 
567; 0; 2755.4649; 170; 38.2; 
567; 0; 2755.4649; 170; 38.4; 
567; 0; 2755.4649; 170; 38.6; 
567; 0; 2755.4649; 170; 38.8; 
567; 0; 2777.4416; 170; 39; 
567; 0; 2821.3775; 170; 39.2; 
567; 0; 2885.2672; 170; 39.4; 
567; 0; 3083.7299; 170; 39.6; 
567; 0; 3370.5067; 170; 39.8; 
567; 0; 3417.2821; 170; 40; 
567; 0; 3448.4821; 170; 40.2; 
567; 0; 3493.8613; 170; 40.4; 
567; 0; 3520.6623; 170; 40.6; 
567; 0; 3543.5615; 170; 40.8; 
567; 0; 3557.1192; 170; 41; 
567; 0; 3570.449; 170; 41.2; 
567; 0; 3572.5978; 170; 41.4; 
567; 0; 3574.7102; 170; 41.6; 
567; 0; 3565.8507; 170; 41.8; 
567; 0; 3567.9151; 170; 42; 
567; 0; 3569.9449; 170; 42.2; 
567; 0; 3571.9366; 170; 42.4; 
567; 0; 3573.8864; 170; 42.6; 
567; 0; 3575.7906; 170; 42.8; 
567; 0; 3577.6458; 170; 43; 
567; 0; 3579.4486; 170; 43.2; 
567; 0; 3581.1979; 170; 43.4; 
567; 0; 3582.8989; 170; 43.6; 
567; 0; 3584.5566; 170; 43.8; 
567; 0; 3586.1746; 170; 44; 
567; 0; 3587.7552; 170; 44.2; 
567; 0; 3589.2997; 170; 44.4; 
567; 0; 3590.8086; 170; 44.6; 
567; 0; 3592.2823; 170; 44.8; 
567; 0; 3593.7204; 170; 45; 
567; 0; 3595.1228; 170; 45.2; 
567; 0; 3596.489; 170; 45.4; 
567; 0; 3597.8185; 170; 45.6; 
567; 0; 3599.1107; 170; 45.8; 
567; 0; 3600.3651; 170; 46; 
567; 0; 3601.5813; 170; 46.2; 
567; 0; 3602.7586; 170; 46.4; 
567; 0; 3603.8965; 170; 46.6; 
567; 0; 3604.9945; 170; 46.8; 
567; 0; 3606.0521; 170; 47; 
567; 0; 3607.0687; 170; 47.2; 
567; 0; 3618.5865; 170; 47.4; 
567; 0; 3619.5111; 170; 47.6; 
567; 0; 3620.3935; 170; 47.8; 
567; 0; 3621.2333; 170; 48; 
567; 0; 3622.0298; 170; 48.2; 
567; 0; 3622.7827; 170; 48.4; 
567; 0; 3633.9099; 170; 48.6; 
567; 0; 3634.5676; 170; 48.8; 
567; 0; 3635.1806; 170; 49; 
567; 0; 3635.7482; 170; 49.2; 
567; 0; 3636.27; 170; 49.4; 
567; 0; 3636.7456; 170; 49.6; 
567; 0; 3647.4893; 170; 49.8; 
567; 0; 3647.8672; 170; 50; 
567; 0; 3648.1979; 170; 50.2; 
567; 0; 3648.4809; 170; 50.4; 
567; 0; 3658.9524; 170; 50.6; 
567; 0; 3659.1368; 170; 50.8; 
567; 0; 3659.2727; 170; 51; 
567; 0; 3659.3596; 170; 51.2; 
567; 0; 3669.5699; 170; 51.4; 
567; 0; 3669.5579; 170; 51.6; 
567; 0; 3669.4963; 170; 51.8; 
567; 0; 3679.5054; 170; 52; 
567; 0; 3679.3467; 170; 52.2; 
567; 0; 3679.1519; 170; 52.4; 
567; 0; 3678.9346; 170; 52.6; 
567; 0; 3684.4558; 170; 52.8; 
567; 0; 3684.2311; 170; 53; 
567; 0; 3684.0162; 170; 53.2; 
567; 0; 3683.8186; 170; 53.4; 
567; 0; 3689.3428; 170; 53.6; 
567; 0; 3689.197; 170; 53.8; 
567; 0; 3689.082; 170; 54; 
567; 0; 3688.9987; 170; 54.2; 
567; 0; 3694.598; 170; 54.4; 
567; 0; 3694.5766; 170; 54.6; 
567; 0; 3694.5828; 170; 54.8; 
567; 0; 3694.6137; 170; 55; 
567; 0; 3700.2706; 170; 55.2; 
567; 0; 3700.3395; 170; 55.4; 
567; 0; 3700.4214; 170; 55.6; 
567; 0; 3700.5122; 170; 55.8; 
567; 0; 3700.6078; 170; 56; 
567; 0; 3706.2653; 170; 56.2; 
567; 0; 3706.3595; 170; 56.4; 
567; 0; 3706.4491; 170; 56.6; 
567; 0; 3706.5318; 170; 56.8; 
567; 0; 3712.127; 170; 57; 
567; 0; 3712.1915; 170; 57.2; 
567; 0; 3712.2462; 170; 57.4; 
567; 0; 3712.2914; 170; 57.6; 
567; 0; 3717.814; 170; 57.8; 
567; 0; 3717.8418; 170; 58; 
567; 0; 3717.8624; 170; 58.2; 
567; 0; 3717.8773; 170; 58.4; 
567; 0; 3717.8877; 170; 58.6; 
567; 0; 3723.3525; 170; 58.8; 
567; 0; 3723.3584; 170; 59; 
567; 0; 3723.3638; 170; 59.2; 
567; 0; 3723.3696; 170; 59.4; 
567; 0; 3728.8096; 170; 59.6; 
567; 0; 3728.8186; 170; 59.8; 
567; 0; 3728.83; 170; 60; 
567; 0; 3728.8439; 170; 60.2; 
567; 0; 3734.2727; 170; 60.4; 
567; 0; 3734.291; 170; 60.6; 
567; 0; 3734.3111; 170; 60.8; 
567; 0; 3734.3325; 170; 61; 
567; 0; 3734.3548; 170; 61.2; 
567; 0; 3736.2703; 170; 61.4; 
567; 0; 3736.2932; 170; 61.6; 
567; 0; 3736.3158; 170; 61.8; 
567; 0; 3736.3377; 170; 62; 
567; 0; 3738.2103; 170; 62.2; 
567; 0; 3738.2302; 170; 62.4; 
567; 0; 3738.249; 170; 62.6; 
567; 0; 3738.2666; 170; 62.8; 
567; 0; 3738.283; 170; 63; 
567; 0; 3740.1125; 170; 63.2; 
567; 0; 3740.1266; 170; 63.4; 
567; 0; 3740.1398; 170; 63.6; 
567; 0; 3740.1524; 170; 63.8; 
567; 0; 3740.1646; 170; 64; 
567; 0; 3741.9575; 170; 64.2; 
567; 0; 3741.9692; 170; 64.4; 
567; 0; 3741.9808; 170; 64.6; 
567; 0; 3741.9921; 170; 64.8; 
567; 0; 3742.0062; 170; 65; 
567; 0; 3743.7843; 170; 65.2; 
567; 0; 3743.8321; 170; 65.4; 
567; 0; 3743.9081; 170; 65.6; 
567; 0; 3744.0184; 170; 65.8; 
567; 0; 3744.1683; 170; 66; 
567; 0; 3746.085; 170; 66.2; 
567; 0; 3746.3264; 170; 66.4; 
567; 0; 3746.6173; 170; 66.6; 
567; 0; 3746.9496; 170; 66.8; 
567; 0; 3747.3098; 170; 67; 
567; 0; 3747.6844; 170; 67.2; 
567; 0; 3749.7481; 170; 67.4; 
567; 0; 3750.1123; 170; 67.6; 
567; 0; 3750.4581; 170; 67.8; 
567; 0; 3750.7799; 170; 68; 
567; 0; 3751.0751; 170; 68.2; 
567; 0; 3751.3435; 170; 68.4; 
567; 0; 3753.2433; 170; 68.6; 
567; 0; 3753.4631; 170; 68.8; 
567; 0; 3753.6647; 170; 69; 
567; 0; 3753.852; 170; 69.2; 
567; 0; 3754.0282; 170; 69.4; 
567; 0; 3755.832; 170; 69.6; 
567; 0; 3755.9926; 170; 69.8; 
567; 0; 3756.1485; 170; 70; 
567; 0; 3724.6846; 170; 70.2; 
567; 0; 3681.6171; 170; 70.4; 
567; 0; 3638.5372; 170; 70.6; 
567; 0; 3597.33; 170; 70.8; 
567; 0; 3553.478; 170; 71; 
567; 0; 3512.3102; 170; 71.2; 
567; 0; 3471.9758; 170; 71.4; 
567; 0; 3430.6903; 170; 71.6; 
567; 0; 3390.3341; 170; 71.8; 
567; 0; 3351.8516; 170; 72; 
567; 0; 3312.5795; 170; 72.2; 
567; 0; 3273.2994; 170; 72.4; 
567; 0; 3235.885; 170; 72.6; 
567; 0; 3198.4645; 170; 72.8; 
567; 0; 3161.975; 170; 73; 
567; 0; 3122.7208; 170; 73.2; 
567; 0; 3082.9847; 170; 73.4; 
567; 0; 3048.5761; 170; 73.6; 
567; 0; 3015.3138; 170; 73.8; 
567; 0; 2983.9503; 170; 74; 
567; 0; 2952.5837; 170; 74.2; 
567; 0; 2923.1165; 170; 74.4; 
567; 0; 2893.6464; 170; 74.6; 
567; 0; 2866.0762; 170; 74.8; 
567; 0; 2843.4976; 170; 75; 
567; 0; 2818.2261; 170; 75.2; 
567; 0; 2792.9527; 170; 75.4; 
567; 0; 2769.5507; 170; 75.6; 
567; 0; 2746.1472; 170; 75.8; 
567; 0; 2719.2037; 170; 76; 
567; 0; 2692.7066; 170; 76.2; 
567; 0; 2668.1284; 170; 76.4; 
567; 0; 2647.3737; 170; 76.6; 
567; 0; 2627.6066; 170; 76.8; 
567; 0; 2607.8387; 170; 77; 
567; 0; 2590.0478; 170; 77.2; 
567; 0; 2572.257; 170; 77.4; 
567; 0; 2556.4438; 170; 77.6; 
567; 0; 2540.6305; 170; 77.8; 
567; 0; 2524.817; 170; 78; 
567; 0; 2518.1704; 170; 78.2; 
567; 0; 2504.55; 170; 78.4; 
567; 0; 2490.9287; 170; 78.6; 
567; 0; 2478.2798; 170; 78.8; 
567; 0; 2465.63; 170; 79; 
567; 0; 2453.9526; 170; 79.2; 
567; 0; 2442.2745; 170; 79.4; 
567; 0; 2431.5693; 170; 79.6; 
567; 0; 2420.8637; 170; 79.8; 
567; 0; 2410.1579; 170; 80; 
567; 0; 2400.4253; 170; 80.2; 
567; 0; 2391.666; 170; 80.4; 
567; 0; 2382.9067; 170; 80.6; 
567; 0; 2373.37; 170; 80.8; 
567; 0; 2364.3245; 170; 81; 
567; 0; 2356.4097; 170; 81.2; 
567; 0; 2347.3641; 170; 81.4; 
567; 0; 2339.4492; 170; 81.6; 
567; 0; 2331.5341; 170; 81.8; 
567; 0; 2324.7498; 170; 82; 
567; 0; 2318.5224; 170; 82.2; 
567; 0; 2313.5863; 170; 82.4; 
567; 0; 2307.6628; 170; 82.6; 
567; 0; 2302.7265; 170; 82.8; 
567; 0; 2297.7902; 170; 83; 
567; 0; 2293.841; 170; 83.2; 
567; 0; 2289.8918; 170; 83.4; 
567; 0; 2285.9426; 170; 83.6; 
567; 0; 2281.9933; 170; 83.8; 
567; 0; 2278.044; 170; 84; 
567; 0; 2275.082; 170; 84.2; 
567; 0; 2272.1199; 170; 84.4; 
567; 0; 2269.1579; 170; 84.6; 
567; 0; 2266.1959; 170; 84.8; 
567; 0; 2263.2339; 170; 85; 
567; 0; 2261.2592; 170; 85.2; 
567; 0; 2259.2844; 170; 85.4; 
567; 0; 2257.3096; 170; 85.6; 
567; 0; 2255.3348; 170; 85.8; 
567; 0; 2253.36; 170; 86; 
567; 0; 2251.3852; 170; 86.2; 
567; 0; 2250.3976; 170; 86.4; 
567; 0; 2248.4226; 170; 86.6; 
567; 0; 2247.435; 170; 86.8; 
567; 0; 2246.4474; 170; 87; 
567; 0; 2245.4598; 170; 87.2; 
567; 0; 2244.4722; 170; 87.4; 
567; 0; 2243.4845; 170; 87.6; 
567; 0; 2243.4842; 170; 87.8; 
567; 0; 2242.4965; 170; 88; 
567; 0; 2241.5088; 170; 88.2; 
567; 0; 2241.5084; 170; 88.4; 
567; 0; 2241.508; 170; 88.6; 
567; 0; 2240.5203; 170; 88.8; 
567; 0; 2240.5198; 170; 89; 
567; 0; 2240.5194; 170; 89.2; 
567; 0; 2240.5191; 170; 89.4; 
567; 0; 2240.5188; 170; 89.6; 
567; 0; 2240.5184; 170; 89.8; 
567; 0; 2240.5181; 170; 90; 
567; 0; 2240.5177; 170; 90.2; 
567; 0; 2240.5173; 170; 90.4; 
567; 0; 2240.5169; 170; 90.6; 
567; 0; 2240.5165; 170; 90.8; 
567; 0; 2241.5033; 170; 91; 
567; 0; 2230.8125; 170; 91.2; 
567; 0; 2230.812; 170; 91.4; 
567; 0; 2231.811; 170; 91.6; 
567; 0; 2231.8106; 170; 91.8; 
567; 0; 2232.8097; 170; 92; 
567; 0; 2232.8094; 170; 92.2; 
567; 0; 2233.8086; 170; 92.4; 
567; 0; 2234.8077; 170; 92.6; 
567; 0; 2235.8069; 170; 92.8; 
567; 0; 2235.8064; 170; 93; 
567; 0; 2236.8055; 170; 93.2; 
567; 0; 2237.8046; 170; 93.4; 
567; 0; 2238.8037; 170; 93.6; 
567; 0; 2239.8028; 170; 93.8; 
567; 0; 2240.8018; 170; 94; 
567; 0; 2241.8009; 170; 94.2; 
567; 0; 2242.8; 170; 94.4; 
567; 0; 2243.7991; 170; 94.6; 
567; 0; 2244.7982; 170; 94.8; 
567; 0; 2245.7973; 170; 95; 
567; 0; 2246.7965; 170; 95.2; 
567; 0; 2247.7957; 170; 95.4; 
567; 0; 2249.7967; 170; 95.6; 
567; 0; 2253.8023; 170; 95.8; 
567; 0; 2258.8164; 170; 96; 
567; 0; 2265.8414; 170; 96.2; 
567; 0; 2275.8803; 170; 96.4; 
567; 0; 2286.9367; 170; 96.6; 
567; 0; 2301.0135; 170; 96.8; 
567; 0; 2317.1143; 170; 97; 
567; 0; 2335.9707; 170; 97.2; 
567; 0; 2355.6201; 170; 97.4; 
567; 0; 2374.1806; 170; 97.6; 
567; 0; 2389.1729; 170; 97.8; 
567; 0; 2404.178; 170; 98; 
567; 0; 2418.2016; 170; 98.2; 
567; 0; 2430.2491; 170; 98.4; 
567; 0; 2442.3002; 170; 98.6; 
567; 0; 2453.3623; 170; 98.8; 
567; 0; 2463.4347; 170; 99; 
567; 0; 2473.51; 170; 99.2; 
567; 0; 2483.5894; 170; 99.4; 
567; 0; 2484.4269; 170; 99.6; 
567; 0; 2494.6839; 170; 99.8; 
567; 0; 2503.9397; 170; 100; 
567; 0; 2514.2135; 170; 100.2; 
567; 0; 2523.4864; 170; 100.4; 
567; 0; 2532.7679; 170; 100.6; 
567; 0; 2542.0576; 170; 100.8; 
567; 0; 2551.355; 170; 101; 
567; 0; 2559.6484; 170; 101.2; 
567; 0; 2567.9476; 170; 101.4; 
567; 0; 2575.2404; 170; 101.6; 
567; 0; 2582.5374; 170; 101.8; 
567; 0; 2589.8383; 170; 102; 
567; 0; 2596.1305; 170; 102.2; 
567; 0; 2602.426; 170; 102.4; 
567; 0; 2608.7251; 170; 102.6; 
567; 0; 2615.0279; 170; 102.8; 
567; 0; 2620.3208; 170; 103; 
567; 0; 2625.617; 170; 103.2; 
567; 0; 2630.9169; 170; 103.4; 
567; 0; 2635.2058; 170; 103.6; 
567; 0; 2639.4979; 170; 103.8; 
567; 0; 2644.8086; 170; 104; 
567; 0; 2649.1073; 170; 104.2; 
567; 0; 2652.3932; 170; 104.4; 
567; 0; 2656.6978; 170; 104.6; 
567; 0; 2659.9887; 170; 104.8; 
567; 0; 2663.282; 170; 105; 
567; 0; 2666.5774; 170; 105.2; 
567; 0; 2669.8748; 170; 105.4; 
567; 0; 2672.1565; 170; 105.6; 
567; 0; 2675.9047; 170; 105.8; 
567; 0; 2678.5684; 170; 106; 
567; 0; 2681.2337; 170; 106.2; 
567; 0; 2683.901; 170; 106.4; 
567; 0; 2686.5701; 170; 106.6; 
567; 0; 2688.0525; 170; 106.8; 
567; 0; 2690.7251; 170; 107; 
567; 0; 2692.2105; 170; 107.2; 
567; 0; 2694.8867; 170; 107.4; 
567; 0; 2696.3749; 170; 107.6; 
567; 0; 2697.8642; 170; 107.8; 
567; 0; 2699.3547; 170; 108; 
567; 0; 2700.8463; 170; 108.2; 
567; 0; 2702.3389; 170; 108.4; 
567; 0; 2702.6409; 170; 108.6; 
567; 0; 2704.1356; 170; 108.8; 
567; 0; 2704.4389; 170; 109; 
567; 0; 2705.9355; 170; 109.2; 
567; 0; 2706.24; 170; 109.4; 
567; 0; 2706.5451; 170; 109.6; 
567; 0; 2707.735; 170; 109.8; 
567; 0; 2707.9138; 170; 110; 
567; 0; 2708.0929; 170; 110.2; 
567; 0; 2708.2723; 170; 110.4; 
567; 0; 2708.4521; 170; 110.6; 
567; 0; 2708.6323; 170; 110.8; 
567; 0; 2708.8127; 170; 111; 
567; 0; 2708.9935; 170; 111.2; 
567; 0; 2709.1746; 170; 111.4; 
567; 0; 2708.3833; 170; 111.6; 
567; 0; 2708.5649; 170; 111.8; 
567; 0; 2708.7468; 170; 112; 
567; 0; 2707.9554; 170; 112.2; 
567; 0; 2708.1377; 170; 112.4; 
567; 0; 2708.3203; 170; 112.6; 
567; 0; 2707.5288; 170; 112.8; 
567; 0; 2707.7119; 170; 113; 
567; 0; 2706.9202; 170; 113.2; 
567; 0; 2707.1037; 170; 113.4; 
567; 0; 2706.3118; 170; 113.6; 
567; 0; 2706.4958; 170; 113.8; 
567; 0; 2705.7037; 170; 114; 
567; 0; 2705.8881; 170; 114.2; 
567; 0; 2711.6402; 170; 114.4; 
567; 0; 2710.854; 170; 114.6; 
567; 0; 2711.0297; 170; 114.8; 
567; 0; 2710.2433; 170; 115; 
567; 0; 2709.4567; 170; 115.2; 
567; 0; 2709.633; 170; 115.4; 
567; 0; 2708.8462; 170; 115.6; 
567; 0; 2708.0592; 170; 115.8; 
567; 0; 2707.2719; 170; 116; 
567; 0; 2706.4267; 170; 116.2; 
567; 0; 2705.5441; 170; 116.4; 
567; 0; 2704.6612; 170; 116.6; 
567; 0; 2703.778; 170; 116.8; 
567; 0; 2704.0828; 170; 117; 
567; 0; 2703.1993; 170; 117.2; 
567; 0; 2702.3154; 170; 117.4; 
567; 0; 2701.4313; 170; 117.6; 
567; 0; 2700.5469; 170; 117.8; 
567; 0; 2699.6622; 170; 118; 
567; 0; 2698.7773; 170; 118.2; 
567; 0; 2697.8921; 170; 118.4; 
567; 0; 2697.0066; 170; 118.6; 
567; 0; 2696.1209; 170; 118.8; 
567; 0; 2695.2348; 170; 119; 
567; 0; 2694.3484; 170; 119.2; 
567; 0; 2693.4617; 170; 119.4; 
567; 0; 2692.5749; 170; 119.6; 
567; 0; 2691.6877; 170; 119.8; 
567; 0; 2690.8001; 170; 120; 
567; 0; 2691.1065; 170; 120.2; 
567; 0; 2690.2186; 170; 120.4; 
567; 0; 2689.3304; 170; 120.6; 
567; 0; 2688.4419; 170; 120.8; 
567; 0; 2687.553; 170; 121; 
567; 0; 2686.6639; 170; 121.2; 
567; 0; 2686.971; 170; 121.4; 
567; 0; 2686.0815; 170; 121.6; 
567; 0; 2685.1917; 170; 121.8; 
567; 0; 2684.3017; 170; 122; 
567; 0; 2683.4114; 170; 122.2; 
567; 0; 2682.5208; 170; 122.4; 
567; 0; 2682.8286; 170; 122.6; 
567; 0; 2681.9377; 170; 122.8; 
567; 0; 2681.0466; 170; 123; 
567; 0; 2680.1551; 170; 123.2; 
567; 0; 2680.4635; 170; 123.4; 
567; 0; 2679.5717; 170; 123.6; 
567; 0; 2678.6797; 170; 123.8; 
567; 0; 2677.7872; 170; 124; 
567; 0; 2678.0963; 170; 124.2; 
567; 0; 2677.2036; 170; 124.4; 
567; 0; 2676.3105; 170; 124.6; 
567; 0; 2676.62; 170; 124.8; 
567; 0; 2675.7266; 170; 125; 
567; 0; 2674.8329; 170; 125.2; 
567; 0; 2675.143; 170; 125.4; 
567; 0; 2674.2491; 170; 125.6; 
567; 0; 2673.3549; 170; 125.8; 
567; 0; 2673.6656; 170; 126; 
567; 0; 2672.7711; 170; 126.2; 
567; 0; 2672.002; 170; 126.4; 
567; 0; 2672.2688; 170; 126.6; 
567; 0; 2671.5008; 170; 126.8; 
567; 0; 2670.7326; 170; 127; 
567; 0; 2671; 170; 127.2; 
567; 0; 2670.2316; 170; 127.4; 
567; 0; 2669.463; 170; 127.6; 
567; 0; 2669.7309; 170; 127.8; 
567; 0; 2668.962; 170; 128; 
567; 0; 2669.2303; 170; 128.2; 
567; 0; 2668.4611; 170; 128.4; 
567; 0; 2668.7295; 170; 128.6; 
567; 0; 2668.9975; 170; 128.8; 
567; 0; 2669.2644; 170; 129; 
567; 0; 2667.4483; 170; 129.2; 
567; 0; 2665.6193; 170; 129.4; 
567; 0; 2661.6918; 170; 129.6; 
567; 0; 2655.6597; 170; 129.8; 
567; 0; 2648.5589; 170; 130; 
567; 0; 2640.3871; 170; 130.2; 
567; 0; 2629.0618; 170; 130.4; 
567; 0; 2616.6631; 170; 130.6; 
567; 0; 2602.1509; 170; 130.8; 
567; 0; 2586.5664; 170; 131; 
567; 0; 2569.9123; 170; 131.2; 
567; 0; 2552.1957; 170; 131.4; 
567; 0; 2534.4665; 170; 131.6; 
567; 0; 2518.8148; 170; 131.8; 
567; 0; 2505.2479; 170; 132; 
567; 0; 2493.7713; 170; 132.2; 
567; 0; 2484.3881; 170; 132.4; 
567; 0; 2483.909; 170; 132.6; 
567; 0; 2476.7479; 170; 132.8; 
567; 0; 2469.5972; 170; 133; 
567; 0; 2461.4291; 170; 133.2; 
567; 0; 2453.2634; 170; 133.4; 
567; 0; 2445.0962; 170; 133.6; 
567; 0; 2435.9; 170; 133.8; 
567; 0; 2425.6728; 170; 134; 
567; 0; 2415.4381; 170; 134.2; 
567; 0; 2405.1966; 170; 134.4; 
567; 0; 2394.9496; 170; 134.6; 
567; 0; 2385.7232; 170; 134.8; 
567; 0; 2375.4707; 170; 135; 
567; 0; 2367.2668; 170; 135.2; 
567; 0; 2359.064; 170; 135.4; 
567; 0; 2350.8632; 170; 135.6; 
567; 0; 2343.6891; 170; 135.8; 
567; 0; 2337.5414; 170; 136; 
567; 0; 2331.3957; 170; 136.2; 
567; 0; 2324.9378; 170; 136.4; 
567; 0; 2319.4182; 170; 136.6; 
567; 0; 2314.227; 170; 136.8; 
567; 0; 2309.0355; 170; 137; 
567; 0; 2303.8434; 170; 137.2; 
567; 0; 2298.6504; 170; 137.4; 
567; 0; 2293.4564; 170; 137.6; 
567; 0; 2289.3004; 170; 137.8; 
567; 0; 2285.1436; 170; 138; 
567; 0; 2280.9863; 170; 138.2; 
567; 0; 2276.8288; 170; 138.4; 
567; 0; 2272.6713; 170; 138.6; 
567; 0; 2269.5529; 170; 138.8; 
567; 0; 2266.4347; 170; 139; 
567; 0; 2263.3168; 170; 139.2; 
567; 0; 2260.1991; 170; 139.4; 
567; 0; 2258.1207; 170; 139.6; 
567; 0; 2256.0424; 170; 139.8; 
567; 0; 2252.9254; 170; 140; 
567; 0; 2250.8474; 170; 140.2; 
567; 0; 2248.7693; 170; 140.4; 
567; 0; 2247.7302; 170; 140.6; 
567; 0; 2245.6519; 170; 140.8; 
567; 0; 2243.5736; 170; 141; 
567; 0; 2242.5342; 170; 141.2; 
567; 0; 2240.4557; 170; 141.4; 
567; 0; 2239.416; 170; 141.6; 
567; 0; 2238.3763; 170; 141.8; 
567; 0; 2237.3365; 170; 142; 
567; 0; 2236.2967; 170; 142.2; 
567; 0; 2235.257; 170; 142.4; 
567; 0; 2234.2174; 170; 142.6; 
567; 0; 2234.2168; 170; 142.8; 
567; 0; 2233.1772; 170; 143; 
567; 0; 2232.1377; 170; 143.2; 
567; 0; 2232.137; 170; 143.4; 
567; 0; 2231.0974; 170; 143.6; 
567; 0; 2231.0967; 170; 143.8; 
567; 0; 2231.096; 170; 144; 
567; 0; 2231.0953; 170; 144.2; 
567; 0; 2230.0557; 170; 144.4; 
567; 0; 2230.0551; 170; 144.6; 
567; 0; 2230.0545; 170; 144.8; 
567; 0; 2230.0539; 170; 145; 
567; 0; 2230.0533; 170; 145.2; 
567; 0; 2230.0527; 170; 145.4; 
567; 0; 2231.0918; 170; 145.6; 
567; 0; 2233.1739; 170; 145.8; 
567; 0; 2236.3032; 170; 146; 
567; 0; 2242.5615; 170; 146.2; 
567; 0; 2250.9133; 170; 146.4; 
567; 0; 2251.5297; 170; 146.6; 
567; 0; 2265.289; 170; 146.8; 
567; 0; 2280.1267; 170; 147; 
567; 0; 2296.0452; 170; 147.2; 
567; 0; 2311.9905; 170; 147.4; 
567; 0; 2326.9686; 170; 147.6; 
567; 0; 2340.6594; 170; 147.8; 
567; 0; 2353.3169; 170; 148; 
567; 0; 2364.9365; 170; 148.2; 
567; 0; 2375.5146; 170; 148.4; 
567; 0; 2385.0486; 170; 148.6; 
567; 0; 2394.5812; 170; 148.8; 
567; 0; 2403.0693; 170; 149; 
567; 0; 2410.5133; 170; 149.2; 
567; 0; 2417.9587; 170; 149.4; 
567; 0; 2426.4518; 170; 149.6; 
567; 0; 2433.9053; 170; 149.8; 
567; 0; 2441.3646; 170; 150; 
567; 0; 2449.8757; 170; 150.2; 
567; 0; 2457.3485; 170; 150.4; 
567; 0; 2464.8278; 170; 150.6; 
567; 0; 2472.3131; 170; 150.8; 
567; 0; 2478.7574; 170; 151; 
567; 0; 2485.2058; 170; 151.2; 
567; 0; 2491.6577; 170; 151.4; 
567; 0; 2497.0655; 170; 151.6; 
567; 0; 2502.4754; 170; 151.8; 
567; 0; 2507.8873; 170; 152; 
567; 0; 2513.301; 170; 152.2; 
567; 0; 2517.6686; 170; 152.4; 
567; 0; 2522.038; 170; 152.6; 
567; 0; 2526.4094; 170; 152.8; 
567; 0; 2529.7342; 170; 153; 
567; 0; 2534.1101; 170; 153.2; 
567; 0; 2537.4392; 170; 153.4; 
567; 0; 2541.8202; 170; 153.6; 
567; 0; 2545.1538; 170; 153.8; 
567; 0; 2548.4897; 170; 154; 
567; 0; 2550.7771; 170; 154.2; 
567; 0; 2554.1169; 170; 154.4; 
567; 0; 2557.4584; 170; 154.6; 
567; 0; 2559.7506; 170; 154.8; 
567; 0; 2562.044; 170; 155; 
567; 0; 2564.3386; 170; 155.2; 
567; 0; 2566.6344; 170; 155.4; 
567; 0; 2568.9314; 170; 155.6; 
567; 0; 2570.1768; 170; 155.8; 
567; 0; 2572.4758; 170; 156; 
567; 0; 2573.7229; 170; 156.2; 
567; 0; 2576.0242; 170; 156.4; 
567; 0; 2577.2731; 170; 156.6; 
567; 0; 2578.523; 170; 156.8; 
567; 0; 2579.7737; 170; 157; 
567; 0; 2581.0252; 170; 157.2; 
567; 0; 2582.2775; 170; 157.4; 
567; 0; 2583.5306; 170; 157.6; 
567; 0; 2584.7846; 170; 157.8; 
567; 0; 2586.0394; 170; 158; 
567; 0; 2586.2392; 170; 158.2; 
567; 0; 2587.4954; 170; 158.4; 
567; 0; 2587.6961; 170; 158.6; 
567; 0; 2588.9535; 170; 158.8; 
567; 0; 2589.1548; 170; 159; 
567; 0; 2590.4133; 170; 159.2; 
567; 0; 2590.6153; 170; 159.4; 
567; 0; 2590.8175; 170; 159.6; 
567; 0; 2592.0779; 170; 159.8; 
567; 0; 2592.2808; 170; 160; 
567; 0; 2592.484; 170; 160.2; 
567; 0; 2592.6874; 170; 160.4; 
567; 0; 2592.891; 170; 160.6; 
567; 0; 2593.0949; 170; 160.8; 
567; 0; 2593.299; 170; 161; 
567; 0; 2594.5632; 170; 161.2; 
567; 0; 2594.7676; 170; 161.4; 
567; 0; 2594.9711; 170; 161.6; 
567; 0; 2595.1731; 170; 161.8; 
567; 0; 2595.3725; 170; 162; 
567; 0; 2595.5686; 170; 162.2; 
567; 0; 2595.7603; 170; 162.4; 
567; 0; 2595.947; 170; 162.6; 
567; 0; 2596.1296; 170; 162.8; 
567; 0; 2597.3722; 170; 163; 
567; 0; 2599.6783; 170; 163.2; 
567; 0; 2603.0516; 170; 163.4; 
567; 0; 2607.4955; 170; 163.6; 
567; 0; 2613.0124; 170; 163.8; 
567; 0; 2619.604; 170; 164; 
567; 0; 2626.2076; 170; 164.2; 
567; 0; 2632.8227; 170; 164.4; 
567; 0; 2638.3837; 170; 164.6; 
567; 0; 2641.8206; 170; 164.8; 
567; 0; 2643.1052; 170; 165; 
567; 0; 2642.2297; 170; 165.2; 
567; 0; 2639.2065; 170; 165.4; 
567; 0; 2632.9635; 170; 165.6; 
567; 0; 2625.6262; 170; 165.8; 
567; 0; 2616.1257; 170; 166; 
567; 0; 2604.4605; 170; 166.2; 
567; 0; 2589.5648; 170; 166.4; 
567; 0; 2573.5715; 170; 166.6; 
567; 0; 2555.4176; 170; 166.8; 
567; 0; 2536.1762; 170; 167; 
567; 0; 2516.9226; 170; 167.2; 
567; 0; 2500.8631; 170; 167.4; 
567; 0; 2488.0053; 170; 167.6; 
567; 0; 2479.42; 170; 167.8; 
567; 0; 2476.1756; 170; 168; 
567; 0; 2476.1436; 170; 168.2; 
567; 0; 2479.3255; 170; 168.4; 
567; 0; 2482.5273; 170; 168.6; 
567; 0; 2485.7488; 170; 168.8; 
567; 0; 2486.8563; 170; 169; 
567; 0; 2484.7786; 170; 169.2; 
567; 0; 2480.5725; 170; 169.4; 
567; 0; 2473.1643; 170; 169.6; 
567; 0; 2465.7438; 170; 169.8; 
567; 0; 2456.1767; 170; 170; 
567; 0; 2445.5279; 170; 170.2; 
567; 0; 2433.7995; 170; 170.4; 
567; 0; 2422.0608; 170; 170.6; 
567; 0; 2410.3166; 170; 170.8; 
567; 0; 2399.6365; 170; 171; 
567; 0; 2398.8367; 170; 171.2; 
567; 0; 2390.4286; 170; 171.4; 
567; 0; 2383.0748; 170; 171.6; 
567; 0; 2376.7755; 170; 171.8; 
567; 0; 2370.4814; 170; 172; 
567; 0; 2365.2403; 170; 172.2; 
567; 0; 2360.0021; 170; 172.4; 
567; 0; 2353.7169; 170; 172.6; 
567; 0; 2348.4807; 170; 172.8; 
567; 0; 2343.2436; 170; 173; 
567; 0; 2336.9564; 170; 173.2; 
567; 0; 2331.716; 170; 173.4; 
567; 0; 2325.4251; 170; 173.6; 
567; 0; 2320.4573; 170; 173.8; 
567; 0; 2315.8782; 170; 174; 
567; 0; 2311.2985; 170; 174.2; 
567; 0; 2306.7186; 170; 174.4; 
567; 0; 2301.4316; 170; 174.6; 
567; 0; 2297.1739; 170; 174.8; 
567; 0; 2292.9169; 170; 175; 
567; 0; 2289.7242; 170; 175.2; 
567; 0; 2285.4686; 170; 175.4; 
567; 0; 2282.2772; 170; 175.6; 
567; 0; 2279.0864; 170; 175.8; 
567; 0; 2275.8958; 170; 176; 
567; 0; 2272.7053; 170; 176.2; 
567; 0; 2270.5785; 170; 176.4; 
567; 0; 2267.3879; 170; 176.6; 
567; 0; 2265.2607; 170; 176.8; 
567; 0; 2263.1332; 170; 177; 
567; 0; 2261.0055; 170; 177.2; 
567; 0; 2258.8776; 170; 177.4; 
567; 0; 2256.7495; 170; 177.6; 
567; 0; 2254.6213; 170; 177.8; 
567; 0; 2252.4931; 170; 178; 
567; 0; 2251.4286; 170; 178.2; 
567; 0; 2249.3006; 170; 178.4; 
567; 0; 2248.2364; 170; 178.6; 
567; 0; 2246.1087; 170; 178.8; 
567; 0; 2245.0447; 170; 179; 
567; 0; 2243.9806; 170; 179.2; 
567; 0; 2242.9166; 170; 179.4; 
567; 0; 2241.8525; 170; 179.6; 
567; 0; 2240.7883; 170; 179.8; 
567; 0; 2240.7878; 170; 180; 
567; 0; 2239.7237; 170; 180.2; 
567; 0; 2238.6596; 170; 180.4; 
567; 0; 2238.6591; 170; 180.6; 
567; 0; 2237.5949; 170; 180.8; 
567; 0; 2237.5943; 170; 181; 
567; 0; 2236.5301; 170; 181.2; 
567; 0; 2236.5296; 170; 181.4; 
567; 0; 2235.4653; 170; 181.6; 
567; 0; 2235.4647; 170; 181.8; 
567; 0; 2235.4642; 170; 182; 
567; 0; 2235.4636; 170; 182.2; 
567; 0; 2234.3994; 170; 182.4; 
567; 0; 2234.3989; 170; 182.6; 
567; 0; 2234.3984; 170; 182.8; 
567; 0; 2234.3978; 170; 183; 
567; 0; 2234.3972; 170; 183.2; 
567; 0; 2234.3966; 170; 183.4; 
567; 0; 2234.3961; 170; 183.6; 
567; 0; 2234.3956; 170; 183.8; 
567; 0; 2234.395; 170; 184; 
567; 0; 2234.3945; 170; 184.2; 
567; 0; 2234.394; 170; 184.4; 
567; 0; 2234.3936; 170; 184.6; 
567; 0; 2235.4567; 170; 184.8; 
567; 0; 2235.4562; 170; 185; 
567; 0; 2235.4557; 170; 185.2; 
567; 0; 2235.4552; 170; 185.4; 
567; 0; 2235.4547; 170; 185.6; 
567; 0; 2235.4541; 170; 185.8; 
567; 0; 2236.5172; 170; 186; 
567; 0; 2236.5166; 170; 186.2; 
567; 0; 2236.516; 170; 186.4; 
567; 0; 2226.6404; 170; 186.6; 
567; 0; 2227.7166; 170; 186.8; 
567; 0; 2227.7161; 170; 187; 
567; 0; 2227.7155; 170; 187.2; 
567; 0; 2228.7919; 170; 187.4; 
567; 0; 2228.7913; 170; 187.6; 
567; 0; 2229.8676; 170; 187.8; 
567; 0; 2229.8671; 170; 188; 
567; 0; 2230.9434; 170; 188.2; 
567; 0; 2230.943; 170; 188.4; 
567; 0; 2232.0193; 170; 188.6; 
567; 0; 2232.0187; 170; 188.8; 
567; 0; 2233.095; 170; 189; 
567; 0; 2234.1714; 170; 189.2; 
567; 0; 2234.1708; 170; 189.4; 
567; 0; 2235.2472; 170; 189.6; 
567; 0; 2236.3234; 170; 189.8; 
567; 0; 2236.3228; 170; 190; 
567; 0; 2237.3991; 170; 190.2; 
567; 0; 2238.4754; 170; 190.4; 
567; 0; 2239.5515; 170; 190.6; 
567; 0; 2239.5506; 170; 190.8; 
567; 0; 2240.6265; 170; 191; 
567; 0; 2240.6256; 170; 191.2; 
567; 0; 2241.7016; 170; 191.4; 
567; 0; 2242.7778; 170; 191.6; 
567; 0; 2242.7773; 170; 191.8; 
567; 0; 2243.8538; 170; 192; 
567; 0; 2244.9305; 170; 192.2; 
567; 0; 2244.9304; 170; 192.4; 
567; 0; 2246.007; 170; 192.6; 
567; 0; 2246.0068; 170; 192.8; 
567; 0; 2247.0833; 170; 193; 
567; 0; 2247.0829; 170; 193.2; 
567; 0; 2248.1592; 170; 193.4; 
567; 0; 2248.1588; 170; 193.6; 
567; 0; 2249.2351; 170; 193.8; 
567; 0; 2249.2346; 170; 194; 
567; 0; 2250.311; 170; 194.2; 
567; 0; 2250.3104; 170; 194.4; 
567; 0; 2251.3868; 170; 194.6; 
567; 0; 2251.3862; 170; 194.8; 
567; 0; 2251.3858; 170; 195; 
567; 0; 2252.4621; 170; 195.2; 
567; 0; 2252.4616; 170; 195.4; 
567; 0; 2253.5379; 170; 195.6; 
567; 0; 2253.5373; 170; 195.8; 
567; 0; 2253.5368; 170; 196; 
567; 0; 2254.6131; 170; 196.2; 
567; 0; 2254.6126; 170; 196.4; 
567; 0; 2254.6121; 170; 196.6; 
567; 0; 2254.6116; 170; 196.8; 
567; 0; 2255.6879; 170; 197; 
567; 0; 2255.6875; 170; 197.2; 
567; 0; 2255.6871; 170; 197.4; 
567; 0; 2256.7634; 170; 197.6; 
567; 0; 2256.763; 170; 197.8; 
567; 0; 2256.7625; 170; 198; 
567; 0; 2256.7621; 170; 198.2; 
567; 0; 2257.8385; 170; 198.4; 
567; 0; 2257.8381; 170; 198.6; 
567; 0; 2257.8378; 170; 198.8; 
567; 0; 2257.8374; 170; 199; 
567; 0; 2258.9137; 170; 199.2; 
567; 0; 2258.9132; 170; 199.4; 
567; 0; 2258.9127; 170; 199.6; 
567; 0; 2258.9122; 170; 199.8; 
567; 0; 2258.9117; 170; 200; 
567; 0; 2259.9881; 170; 200.2; 
567; 0; 2259.9877; 170; 200.4; 
567; 0; 2259.9872; 170; 200.6; 
567; 0; 2259.9868; 170; 200.8; 
567; 0; 2259.9864; 170; 201; 
567; 0; 2259.986; 170; 201.2; 
567; 0; 2261.0623; 170; 201.4; 
567; 0; 2261.0619; 170; 201.6; 
567; 0; 2261.0615; 170; 201.8; 
567; 0; 2261.0612; 170; 202; 
567; 0; 2261.0608; 170; 202.2; 
567; 0; 2261.0604; 170; 202.4; 
567; 0; 2262.1368; 170; 202.6; 
567; 0; 2262.1364; 170; 202.8; 
567; 0; 2262.1359; 170; 203; 
567; 0; 2262.1354; 170; 203.2; 
567; 0; 2262.135; 170; 203.4; 
567; 0; 2262.1345; 170; 203.6; 
567; 0; 2262.1341; 170; 203.8; 
567; 0; 2262.1338; 170; 204; 
567; 0; 2263.2102; 170; 204.2; 
567; 0; 2263.2099; 170; 204.4; 
567; 0; 2263.2095; 170; 204.6; 
567; 0; 2263.209; 170; 204.8; 
567; 0; 2263.2086; 170; 205; 
567; 0; 2263.2081; 170; 205.2; 
567; 0; 2263.2077; 170; 205.4; 
567; 0; 2263.2073; 170; 205.6; 
567; 0; 2263.2069; 170; 205.8; 
567; 0; 2263.2064; 170; 206; 
567; 0; 2264.2828; 170; 206.2; 
567; 0; 2264.2825; 170; 206.4; 
567; 0; 2264.2822; 170; 206.6; 
567; 0; 2264.2819; 170; 206.8; 
567; 0; 2264.2816; 170; 207; 
567; 0; 2264.2812; 170; 207.2; 
567; 0; 2264.2808; 170; 207.4; 
567; 0; 2264.2804; 170; 207.6; 
567; 0; 2264.28; 170; 207.8; 
567; 0; 2264.2796; 170; 208; 
567; 0; 2265.356; 170; 208.2; 
567; 0; 2265.3556; 170; 208.4; 
567; 0; 2265.3551; 170; 208.6; 
567; 0; 2265.3547; 170; 208.8; 
567; 0; 2265.3543; 170; 209; 
567; 0; 2266.4307; 170; 209.2; 
567; 0; 2266.4303; 170; 209.4; 
567; 0; 2266.4299; 170; 209.6; 
567; 0; 2266.4295; 170; 209.8; 
567; 0; 2266.4291; 170; 210; 
567; 0; 2266.4287; 170; 210.2; 
567; 0; 2266.4283; 170; 210.4; 
567; 0; 2267.5046; 170; 210.6; 
567; 0; 2267.5043; 170; 210.8; 
567; 0; 2267.504; 170; 211; 
567; 0; 2267.5037; 170; 211.2; 
567; 0; 2267.5035; 170; 211.4; 
567; 0; 2267.5031; 170; 211.6; 
567; 0; 2267.5028; 170; 211.8; 
567; 0; 2267.5024; 170; 212; 
567; 0; 2267.502; 170; 212.2; 
567; 0; 2267.5016; 170; 212.4; 
567; 0; 2268.5779; 170; 212.6; 
567; 0; 2268.5776; 170; 212.8; 
567; 0; 2268.5772; 170; 213; 
567; 0; 2268.5767; 170; 213.2; 
567; 0; 2268.5763; 170; 213.4; 
567; 0; 2268.576; 170; 213.6; 
567; 0; 2268.5756; 170; 213.8; 
567; 0; 2268.5753; 170; 214; 
567; 0; 2268.575; 170; 214.2; 
567; 0; 2268.5746; 170; 214.4; 
567; 0; 2268.5742; 170; 214.6; 
567; 0; 2268.5738; 170; 214.8; 
567; 0; 2268.5735; 170; 215; 
567; 0; 2268.5731; 170; 215.2; 
567; 0; 2268.5728; 170; 215.4; 
567; 0; 2268.5725; 170; 215.6; 
567; 0; 2268.5721; 170; 215.8; 
567; 0; 2268.5717; 170; 216; 
567; 0; 2268.5714; 170; 216.2; 
567; 0; 2268.5711; 170; 216.4; 
567; 0; 2268.5707; 170; 216.6; 
567; 0; 2268.5704; 170; 216.8; 
567; 0; 2268.5702; 170; 217; 
567; 0; 2268.5698; 170; 217.2; 
567; 0; 2268.5694; 170; 217.4; 
567; 0; 2268.569; 170; 217.6; 
567; 0; 2269.6454; 170; 217.8; 
567; 0; 2269.6448; 170; 218; 
567; 0; 2269.6437; 170; 218.2; 
567; 0; 2270.7184; 170; 218.4; 
567; 0; 2270.7149; 170; 218.6; 
567; 0; 2270.7094; 170; 218.8; 
567; 0; 2271.7781; 170; 219; 
567; 0; 2271.7669; 170; 219.2; 
567; 0; 2271.7525; 170; 219.4; 
567; 0; 2271.7361; 170; 219.6; 
567; 0; 2273.8724; 170; 219.8; 
567; 0; 2276.0099; 170; 220; 
567; 0; 2280.3034; 170; 220.2; 
567; 0; 2285.6778; 170; 220.4; 
567; 0; 2292.1339; 170; 220.6; 
567; 0; 2298.4877; 170; 220.8; 
567; 0; 2305.0013; 170; 221; 
567; 0; 2309.6582; 170; 221.2; 
567; 0; 2315.247; 170; 221.4; 
567; 0; 2318.9772; 170; 221.6; 
567; 0; 2321.7775; 170; 221.8; 
567; 0; 2324.8997; 170; 222; 
567; 0; 2327.0384; 170; 222.2; 
567; 0; 2328.109; 170; 222.4; 
567; 0; 2329.1763; 170; 222.6; 
567; 0; 2329.1754; 170; 222.8; 
567; 0; 2329.1718; 170; 223; 
567; 0; 2329.1662; 170; 223.2; 
567; 0; 2330.2245; 170; 223.4; 
567; 0; 2331.2824; 170; 223.6; 
567; 0; 2332.3407; 170; 223.8; 
567; 0; 2333.4002; 170; 224; 
567; 0; 2335.5262; 170; 224.2; 
567; 0; 2337.654; 170; 224.4; 
567; 0; 2340.8489; 170; 224.6; 
567; 0; 2342.981; 170; 224.8; 
567; 0; 2345.1157; 170; 225; 
567; 0; 2347.2529; 170; 225.2; 
567; 0; 2349.3923; 170; 225.4; 
567; 0; 2350.468; 170; 225.6; 
567; 0; 2350.4787; 170; 225.8; 
567; 0; 2349.4235; 170; 226; 
567; 0; 2348.3664; 170; 226.2; 
567; 0; 2346.2414; 170; 226.4; 
567; 0; 2344.1136; 170; 226.6; 
567; 0; 2341.9827; 170; 226.8; 
567; 0; 2338.784; 170; 227; 
567; 0; 2335.5834; 170; 227.2; 
567; 0; 2332.3817; 170; 227.4; 
567; 0; 2330.2449; 170; 227.6; 
567; 0; 2328.1087; 170; 227.8; 
567; 0; 2325.9737; 170; 228; 
567; 0; 2324.9054; 170; 228.2; 
567; 0; 2322.7737; 170; 228.4; 
567; 0; 2321.7906; 170; 228.6; 
567; 0; 2320.8619; 170; 228.8; 
567; 0; 2319.004; 170; 229; 
567; 0; 2318.0764; 170; 229.2; 
567; 0; 2317.1489; 170; 229.4; 
567; 0; 2315.2911; 170; 229.6; 
567; 0; 2313.4329; 170; 229.8; 
567; 0; 2312.5039; 170; 230; 
567; 0; 2310.6443; 170; 230.2; 
567; 0; 2308.7842; 170; 230.4; 
567; 0; 2306.9236; 170; 230.6; 
567; 0; 2305.0627; 170; 230.8; 
567; 0; 2304.1317; 170; 231; 
567; 0; 2302.2707; 170; 231.2; 
567; 0; 2301.3399; 170; 231.4; 
567; 0; 2299.4793; 170; 231.6; 
567; 0; 2298.5489; 170; 231.8; 
567; 0; 2297.6125; 170; 232; 
567; 0; 2295.4591; 170; 232.2; 
567; 0; 2294.3827; 170; 232.4; 
567; 0; 2293.3063; 170; 232.6; 
567; 0; 2292.2301; 170; 232.8; 
567; 0; 2291.1538; 170; 233; 
567; 0; 2290.0774; 170; 233.2; 
567; 0; 2289.001; 170; 233.4; 
567; 0; 2287.9244; 170; 233.6; 
567; 0; 2286.8476; 170; 233.8; 
567; 0; 2285.7706; 170; 234; 
567; 0; 2284.6936; 170; 234.2; 
567; 0; 2283.6165; 170; 234.4; 
567; 0; 2282.5394; 170; 234.6; 
567; 0; 2281.4623; 170; 234.8; 
567; 0; 2280.3852; 170; 235; 
567; 0; 2279.3082; 170; 235.2; 
567; 0; 2279.308; 170; 235.4; 
567; 0; 2278.2312; 170; 235.6; 
567; 0; 2277.1544; 170; 235.8; 
567; 0; 2277.1543; 170; 236; 
567; 0; 2276.0775; 170; 236.2; 
567; 0; 2275.0007; 170; 236.4; 
567; 0; 2275.0005; 170; 236.6; 
567; 0; 2273.9236; 170; 236.8; 
567; 0; 2273.9234; 170; 237; 
567; 0; 2272.8465; 170; 237.2; 
567; 0; 2272.8462; 170; 237.4; 
567; 0; 2271.7693; 170; 237.6; 
567; 0; 2271.769; 170; 237.8; 
567; 0; 2270.6921; 170; 238; 
567; 0; 2270.6918; 170; 238.2; 
567; 0; 2270.6916; 170; 238.4; 
567; 0; 2269.6146; 170; 238.6; 
567; 0; 2269.6142; 170; 238.8; 
567; 0; 2269.6139; 170; 239; 
567; 0; 2268.537; 170; 239.2; 
567; 0; 2268.5367; 170; 239.4; 
567; 0; 2268.5365; 170; 239.6; 
567; 0; 2267.4595; 170; 239.8; 
567; 0; 2267.4592; 170; 240; 
567; 0; 2267.4589; 170; 240.2; 
567; 0; 2267.4586; 170; 240.4; 
567; 0; 2266.3818; 170; 240.6; 
567; 0; 2266.3815; 170; 240.8; 
567; 0; 2266.3812; 170; 241; 
567; 0; 2266.3809; 170; 241.2; 
567; 0; 2265.3039; 170; 241.4; 
567; 0; 2265.3036; 170; 241.6; 
567; 0; 2265.3032; 170; 241.8; 
567; 0; 2265.3029; 170; 242; 
567; 0; 2265.3026; 170; 242.2; 
567; 0; 2265.3023; 170; 242.4; 
567; 0; 2265.302; 170; 242.6; 
567; 0; 2264.225; 170; 242.8; 
567; 0; 2264.2247; 170; 243; 
567; 0; 2264.2244; 170; 243.2; 
567; 0; 2264.2242; 170; 243.4; 
567; 0; 2264.2239; 170; 243.6; 
567; 0; 2264.2236; 170; 243.8; 
567; 0; 2264.2234; 170; 244; 
567; 0; 2264.2231; 170; 244.2; 
567; 0; 2264.2229; 170; 244.4; 
567; 0; 2264.2226; 170; 244.6; 
567; 0; 2264.2222; 170; 244.8; 
567; 0; 2264.2218; 170; 245; 
567; 0; 2264.2214; 170; 245.2; 
567; 0; 2264.2211; 170; 245.4; 
567; 0; 2263.1441; 170; 245.6; 
567; 0; 2263.1438; 170; 245.8; 
567; 0; 2263.1435; 170; 246; 
567; 0; 2264.2198; 170; 246.2; 
567; 0; 2264.2193; 170; 246.4; 
567; 0; 2265.2947; 170; 246.6; 
567; 0; 2265.2923; 170; 246.8; 
567; 0; 2265.2883; 170; 247; 
567; 0; 2265.2828; 170; 247.2; 
567; 0; 2265.2765; 170; 247.4; 
567; 0; 2265.27; 170; 247.6; 
567; 0; 2265.2646; 170; 247.8; 
567; 0; 2266.3378; 170; 248; 
567; 0; 2268.4901; 170; 248.2; 
567; 0; 2269.5685; 170; 248.4; 
567; 0; 2270.6492; 170; 248.6; 
567; 0; 2272.8082; 170; 248.8; 
567; 0; 2273.8915; 170; 249; 
567; 0; 2274.9751; 170; 249.2; 
567; 0; 2274.9813; 170; 249.4; 
567; 0; 2276.0629; 170; 249.6; 
567; 0; 2276.0663; 170; 249.8; 
567; 0; 2274.9913; 170; 250; 
567; 0; 2274.9914; 170; 250.2; 
567; 0; 2274.9901; 170; 250.4; 
567; 0; 2273.9113; 170; 250.6; 
567; 0; 2273.9087; 170; 250.8; 
567; 0; 2273.9061; 170; 251; 
567; 0; 2272.8271; 170; 251.2; 
567; 0; 2272.8252; 170; 251.4; 
567; 0; 2272.8238; 170; 251.6; 
567; 0; 2272.823; 170; 251.8; 
567; 0; 2271.746; 170; 252; 
567; 0; 2271.746; 170; 252.2; 
567; 0; 2271.7463; 170; 252.4; 
567; 0; 2271.7466; 170; 252.6; 
567; 0; 2271.7468; 170; 252.8; 
567; 0; 2271.747; 170; 253; 
567; 0; 2270.6703; 170; 253.2; 
567; 0; 2270.6702; 170; 253.4; 
567; 0; 2270.6699; 170; 253.6; 
567; 0; 2270.6695; 170; 253.8; 
567; 0; 2269.5924; 170; 254; 
567; 0; 2269.5919; 170; 254.2; 
567; 0; 2269.5915; 170; 254.4; 
567; 0; 2269.5911; 170; 254.6; 
567; 0; 2269.5907; 170; 254.8; 
567; 0; 2268.5137; 170; 255; 
567; 0; 2268.5133; 170; 255.2; 
567; 0; 2268.513; 170; 255.4; 
567; 0; 2268.5127; 170; 255.6; 
567; 0; 2268.5124; 170; 255.8; 
567; 0; 2268.5121; 170; 256; 
567; 0; 2268.5119; 170; 256.2; 
567; 0; 2267.4351; 170; 256.4; 
567; 0; 2267.4348; 170; 256.6; 
567; 0; 2267.4345; 170; 256.8; 
567; 0; 2267.4342; 170; 257; 
567; 0; 2267.4339; 170; 257.2; 
567; 0; 2267.4336; 170; 257.4; 
567; 0; 2267.4331; 170; 257.6; 
567; 0; 2268.5085; 170; 257.8; 
567; 0; 2268.5063; 170; 258; 
567; 0; 2268.5025; 170; 258.2; 
567; 0; 2268.4967; 170; 258.4; 
567; 0; 2269.5646; 170; 258.6; 
567; 0; 2268.476; 170; 258.8; 
567; 0; 2269.5377; 170; 259; 
567; 0; 2269.521; 170; 259.2; 
567; 0; 2271.6572; 170; 259.4; 
567; 0; 2274.8716; 170; 259.6; 
567; 0; 2279.1658; 170; 259.8; 
567; 0; 2284.5411; 170; 260; 
567; 0; 2290.9982; 170; 260.2; 
567; 0; 2298.4497; 170; 260.4; 
567; 0; 2304.0339; 170; 260.6; 
567; 0; 2308.691; 170; 260.8; 
567; 0; 2313.35; 170; 261; 
567; 0; 2317.0798; 170; 261.2; 
567; 0; 2320.8093; 170; 261.4; 
567; 0; 2322.7247; 170; 261.6; 
567; 0; 2324.8622; 170; 261.8; 
567; 0; 2325.9317; 170; 262; 
567; 0; 2325.9328; 170; 262.2; 
567; 0; 2325.9309; 170; 262.4; 
567; 0; 2326.9916; 170; 262.6; 
567; 0; 2326.9856; 170; 262.8; 
567; 0; 2328.0438; 170; 263; 
567; 0; 2329.1019; 170; 263.2; 
567; 0; 2330.1607; 170; 263.4; 
567; 0; 2332.2857; 170; 263.6; 
567; 0; 2333.3474; 170; 263.8; 
567; 0; 2336.5408; 170; 264; 
567; 0; 2338.6709; 170; 264.2; 
567; 0; 2340.8025; 170; 264.4; 
567; 0; 2342.9353; 170; 264.6; 
567; 0; 2344.0037; 170; 264.8; 
567; 0; 2345.0724; 170; 265; 
567; 0; 2347.2057; 170; 265.2; 
567; 0; 2347.2086; 170; 265.4; 
567; 0; 2348.2756; 170; 265.6; 
567; 0; 2348.2766; 170; 265.8; 
567; 0; 2348.2766; 170; 266; 
567; 0; 2348.2757; 170; 266.2; 
567; 0; 2348.2741; 170; 266.4; 
567; 0; 2348.272; 170; 266.6; 
567; 0; 2349.3347; 170; 266.8; 
567; 0; 2349.3325; 170; 267; 
567; 0; 2349.3305; 170; 267.2; 
567; 0; 2350.394; 170; 267.4; 
567; 0; 2350.393; 170; 267.6; 
567; 0; 2351.4576; 170; 267.8; 
567; 0; 2352.5228; 170; 268; 
567; 0; 2353.5892; 170; 268.2; 
567; 0; 2354.6572; 170; 268.4; 
567; 0; 2354.6621; 170; 268.6; 
567; 0; 2355.7339; 170; 268.8; 
567; 0; 2355.7422; 170; 269; 
567; 0; 2354.6862; 170; 269.2; 
567; 0; 2353.63; 170; 269.4; 
567; 0; 2352.5726; 170; 269.6; 
567; 0; 2349.3831; 170; 269.8; 
567; 0; 2347.2563; 170; 270; 
567; 0; 2344.0618; 170; 270.2; 
567; 0; 2340.8648; 170; 270.4; 
567; 0; 2337.666; 170; 270.6; 
567; 0; 2333.4008; 170; 270.8; 
567; 0; 2330.2003; 170; 271; 
567; 0; 2328.0649; 170; 271.2; 
567; 0; 2324.8653; 170; 271.4; 
567; 0; 2322.7319; 170; 271.6; 
567; 0; 2320.8225; 170; 271.8; 
567; 0; 2318.9622; 170; 272; 
567; 0; 2317.1029; 170; 272.2; 
567; 0; 2316.1741; 170; 272.4; 
567; 0; 2314.316; 170; 272.6; 
567; 0; 2312.458; 170; 272.8; 
567; 0; 2310.6; 170; 273; 
567; 0; 2309.6714; 170; 273.2; 
567; 0; 2307.8126; 170; 273.4; 
567; 0; 2305.9534; 170; 273.6; 
567; 0; 2304.0936; 170; 273.8; 
567; 0; 2302.2335; 170; 274; 
567; 0; 2300.3731; 170; 274.2; 
567; 0; 2298.5126; 170; 274.4; 
567; 0; 2297.5558; 170; 274.6; 
567; 0; 2295.4014; 170; 274.8; 
567; 0; 2294.3239; 170; 275; 
567; 0; 2292.1701; 170; 275.2; 
567; 0; 2291.0932; 170; 275.4; 
567; 0; 2290.0167; 170; 275.6; 
567; 0; 2288.9404; 170; 275.8; 
567; 0; 2287.8642; 170; 276; 
567; 0; 2286.7881; 170; 276.2; 
567; 0; 2285.7119; 170; 276.4; 
567; 0; 2284.6355; 170; 276.6; 
567; 0; 2283.559; 170; 276.8; 
567; 0; 2282.4824; 170; 277; 
567; 0; 2281.4056; 170; 277.2; 
567; 0; 2280.3287; 170; 277.4; 
567; 0; 2279.2516; 170; 277.6; 
567; 0; 2278.1746; 170; 277.8; 
567; 0; 2277.0977; 170; 278; 
567; 0; 2276.0208; 170; 278.2; 
567; 0; 2276.0206; 170; 278.4; 
567; 0; 2274.9438; 170; 278.6; 
567; 0; 2273.8672; 170; 278.8; 
567; 0; 2273.8672; 170; 279; 
567; 0; 2272.7906; 170; 279.2; 
567; 0; 2271.714; 170; 279.4; 
567; 0; 2271.7138; 170; 279.6; 
567; 0; 2270.6371; 170; 279.8; 
567; 0; 2270.6369; 170; 280; 
567; 0; 2269.5602; 170; 280.2; 
567; 0; 2269.56; 170; 280.4; 
567; 0; 2268.4832; 170; 280.6; 
567; 0; 2268.483; 170; 280.8; 
567; 0; 2268.4828; 170; 281; 
567; 0; 2267.4061; 170; 281.2; 
567; 0; 2267.4059; 170; 281.4; 
567; 0; 2266.3291; 170; 281.6; 
567; 0; 2266.3289; 170; 281.8; 
567; 0; 2266.3288; 170; 282; 
567; 0; 2266.3286; 170; 282.2; 
567; 0; 2265.2518; 170; 282.4; 
567; 0; 2265.2516; 170; 282.6; 
567; 0; 2265.2514; 170; 282.8; 
567; 0; 2265.2511; 170; 283; 
567; 0; 2264.1742; 170; 283.2; 
567; 0; 2264.1739; 170; 283.4; 
567; 0; 2264.1737; 170; 283.6; 
567; 0; 2264.1735; 170; 283.8; 
567; 0; 2264.1733; 170; 284; 
567; 0; 2263.0966; 170; 284.2; 
567; 0; 2263.0964; 170; 284.4; 
567; 0; 2263.0963; 170; 284.6; 
567; 0; 2263.0961; 170; 284.8; 
567; 0; 2263.0959; 170; 285; 
567; 0; 2263.0957; 170; 285.2; 
567; 0; 2263.0955; 170; 285.4; 
567; 0; 2263.0953; 170; 285.6; 
567; 0; 2263.0951; 170; 285.8; 
567; 0; 2263.0948; 170; 286; 
567; 0; 2262.018; 170; 286.2; 
567; 0; 2262.0177; 170; 286.4; 
567; 0; 2262.0175; 170; 286.6; 
567; 0; 2262.0172; 170; 286.8; 
567; 0; 2262.017; 170; 287; 
567; 0; 2262.0168; 170; 287.2; 
567; 0; 2262.0165; 170; 287.4; 
567; 0; 2262.0163; 170; 287.6; 
567; 0; 2262.0161; 170; 287.8; 
567; 0; 2262.0158; 170; 288; 
567; 0; 2262.0155; 170; 288.2; 
567; 0; 2263.0917; 170; 288.4; 
567; 0; 2263.0913; 170; 288.6; 
567; 0; 2263.0904; 170; 288.8; 
567; 0; 2263.0893; 170; 289; 
567; 0; 2263.0881; 170; 289.2; 
567; 0; 2263.0867; 170; 289.4; 
567; 0; 2263.0855; 170; 289.6; 
567; 0; 2263.0846; 170; 289.8; 
567; 0; 2264.1608; 170; 290; 
567; 0; 2264.161; 170; 290.2; 
567; 0; 2264.1616; 170; 290.4; 
567; 0; 2264.1625; 170; 290.6; 
567; 0; 2265.2402; 170; 290.8; 
567; 0; 2265.2412; 170; 291; 
567; 0; 2265.2421; 170; 291.2; 
567; 0; 2265.2428; 170; 291.4; 
567; 0; 2265.2432; 170; 291.6; 
567; 0; 2265.2432; 170; 291.8; 
567; 0; 2265.243; 170; 292; 
567; 0; 2265.2425; 170; 292.2; 
567; 0; 2265.2419; 170; 292.4; 
567; 0; 2265.2412; 170; 292.6; 
567; 0; 2264.164; 170; 292.8; 
567; 0; 2264.1633; 170; 293; 
567; 0; 2264.1627; 170; 293.2; 
567; 0; 2264.1622; 170; 293.4; 
567; 0; 2264.1618; 170; 293.6; 
567; 0; 2264.1615; 170; 293.8; 
567; 0; 2264.1613; 170; 294; 
567; 0; 2264.1611; 170; 294.2; 
567; 0; 2264.1609; 170; 294.4; 
567; 0; 2264.1607; 170; 294.6; 
567; 0; 2264.1605; 170; 294.8; 
567; 0; 2264.1602; 170; 295; 
567; 0; 2264.16; 170; 295.2; 
567; 0; 2264.1598; 170; 295.4; 
567; 0; 2264.1596; 170; 295.6; 
567; 0; 2264.1594; 170; 295.8; 
567; 0; 2264.1592; 170; 296; 
567; 0; 2264.1589; 170; 296.2; 
567; 0; 2264.1586; 170; 296.4; 
567; 0; 2264.1583; 170; 296.6; 
567; 0; 2264.158; 170; 296.8; 
567; 0; 2264.1578; 170; 297; 
567; 0; 2264.1576; 170; 297.2; 
567; 0; 2264.1573; 170; 297.4; 
567; 0; 2264.1571; 170; 297.6; 
567; 0; 2264.1569; 170; 297.8; 
567; 0; 2264.1568; 170; 298; 
567; 0; 2265.2329; 170; 298.2; 
567; 0; 2265.2317; 170; 298.4; 
567; 0; 2265.2292; 170; 298.6; 
567; 0; 2266.3012; 170; 298.8; 
567; 0; 2266.2942; 170; 299; 
567; 0; 2266.2841; 170; 299.2; 
567; 0; 2266.2707; 170; 299.4; 
567; 0; 2267.3313; 170; 299.6; 
567; 0; 2268.391; 170; 299.8; 
567; 0; 2271.6043; 170; 300; 
567; 0; 2274.8202; 170; 300.2; 
567; 0; 2280.1929; 170; 300.4; 
567; 0; 2286.647; 170; 300.6; 
567; 0; 2293.1066; 170; 300.8; 
567; 0; 2299.3518; 170; 301; 
567; 0; 2304.937; 170; 301.2; 
567; 0; 2309.5947; 170; 301.4; 
567; 0; 2313.3239; 170; 301.6; 
567; 0; 2317.0531; 170; 301.8; 
567; 0; 2318.9219; 170; 302; 
567; 0; 2320.7888; 170; 302.2; 
567; 0; 2322.6965; 170; 302.4; 
567; 0; 2322.6989; 170; 302.6; 
567; 0; 2323.7632; 170; 302.8; 
567; 0; 2323.7599; 170; 303; 
567; 0; 2323.7548; 170; 303.2; 
567; 0; 2324.8133; 170; 303.4; 
567; 0; 2325.8715; 170; 303.6; 
567; 0; 2326.9301; 170; 303.8; 
567; 0; 2327.9898; 170; 304; 
567; 0; 2330.1158; 170; 304.2; 
567; 0; 2332.2436; 170; 304.4; 
567; 0; 2335.4379; 170; 304.6; 
567; 0; 2337.569; 170; 304.8; 
567; 0; 2339.7013; 170; 305; 
567; 0; 2340.7695; 170; 305.2; 
567; 0; 2342.9029; 170; 305.4; 
567; 0; 2343.9714; 170; 305.6; 
567; 0; 2345.0393; 170; 305.8; 
567; 0; 2345.0416; 170; 306; 
567; 0; 2345.0428; 170; 306.2; 
567; 0; 2346.108; 170; 306.4; 
567; 0; 2346.1073; 170; 306.6; 
567; 0; 2346.1059; 170; 306.8; 
567; 0; 2346.104; 170; 307; 
567; 0; 2346.1017; 170; 307.2; 
567; 0; 2346.0995; 170; 307.4; 
567; 0; 2347.1624; 170; 307.6; 
567; 0; 2347.1609; 170; 307.8; 
567; 0; 2348.2247; 170; 308; 
567; 0; 2349.2892; 170; 308.2; 
567; 0; 2349.2892; 170; 308.4; 
567; 0; 2350.3546; 170; 308.6; 
567; 0; 2350.3555; 170; 308.8; 
567; 0; 2351.4214; 170; 309; 
567; 0; 2351.4225; 170; 309.2; 
567; 0; 2351.4236; 170; 309.4; 
567; 0; 2351.4243; 170; 309.6; 
567; 0; 2351.4248; 170; 309.8; 
567; 0; 2351.425; 170; 310; 
567; 0; 2351.4249; 170; 310.2; 
567; 0; 2351.4244; 170; 310.4; 
567; 0; 2351.4238; 170; 310.6; 
567; 0; 2351.423; 170; 310.8; 
567; 0; 2351.4222; 170; 311; 
567; 0; 2351.4213; 170; 311.2; 
567; 0; 2351.4207; 170; 311.4; 
567; 0; 2351.4202; 170; 311.6; 
567; 0; 2352.4847; 170; 311.8; 
567; 0; 2352.4846; 170; 312; 
567; 0; 2352.4847; 170; 312.2; 
567; 0; 2352.4849; 170; 312.4; 
567; 0; 2352.4852; 170; 312.6; 
567; 0; 2352.4855; 170; 312.8; 
567; 0; 2352.4858; 170; 313; 
567; 0; 2352.486; 170; 313.2; 
567; 0; 2352.4862; 170; 313.4; 
567; 0; 2352.4864; 170; 313.6; 
567; 0; 2352.4871; 170; 313.8; 
567; 0; 2353.5539; 170; 314; 
567; 0; 2353.5577; 170; 314.2; 
567; 0; 2353.5635; 170; 314.4; 
567; 0; 2353.5711; 170; 314.6; 
567; 0; 2352.515; 170; 314.8; 
567; 0; 2351.459; 170; 315; 
567; 0; 2349.3371; 170; 315.2; 
567; 0; 2346.1486; 170; 315.4; 
567; 0; 2344.0227; 170; 315.6; 
567; 0; 2340.8292; 170; 315.8; 
567; 0; 2336.5682; 170; 316; 
567; 0; 2333.3703; 170; 316.2; 
567; 0; 2330.171; 170; 316.4; 
567; 0; 2325.9061; 170; 316.6; 
567; 0; 2322.7061; 170; 316.8; 
567; 0; 2319.8683; 170; 317; 
567; 0; 2318.0057; 170; 317.2; 
567; 0; 2316.1441; 170; 317.4; 
567; 0; 2313.3539; 170; 317.6; 
567; 0; 2311.4944; 170; 317.8; 
567; 0; 2309.6356; 170; 318; 
567; 0; 2307.7772; 170; 318.2; 
567; 0; 2306.8487; 170; 318.4; 
567; 0; 2304.9904; 170; 318.6; 
567; 0; 2303.1319; 170; 318.8; 
567; 0; 2301.273; 170; 319; 
567; 0; 2299.4138; 170; 319.2; 
567; 0; 2297.5134; 170; 319.4; 
567; 0; 2295.3599; 170; 319.6; 
567; 0; 2293.2061; 170; 319.8; 
567; 0; 2291.0521; 170; 320; 
567; 0; 2289.9746; 170; 320.2; 
567; 0; 2287.8206; 170; 320.4; 
567; 0; 2286.7432; 170; 320.6; 
567; 0; 2285.6661; 170; 320.8; 
567; 0; 2283.5128; 170; 321; 
567; 0; 2282.4362; 170; 321.2; 
567; 0; 2281.3597; 170; 321.4; 
567; 0; 2280.2833; 170; 321.6; 
567; 0; 2279.207; 170; 321.8; 
567; 0; 2278.1307; 170; 322; 
567; 0; 2277.0544; 170; 322.2; 
567; 0; 2275.978; 170; 322.4; 
567; 0; 2274.9015; 170; 322.6; 
567; 0; 2273.825; 170; 322.8; 
567; 0; 2272.7483; 170; 323; 
567; 0; 2271.6716; 170; 323.2; 
567; 0; 2270.5948; 170; 323.4; 
567; 0; 2270.5946; 170; 323.6; 
567; 0; 2269.5179; 170; 323.8; 
567; 0; 2268.4412; 170; 324; 
567; 0; 2268.441; 170; 324.2; 
567; 0; 2267.3644; 170; 324.4; 
567; 0; 2267.3642; 170; 324.6; 
567; 0; 2266.2876; 170; 324.8; 
567; 0; 2266.2874; 170; 325; 
567; 0; 2265.2108; 170; 325.2; 
567; 0; 2265.2107; 170; 325.4; 
567; 0; 2264.134; 170; 325.6; 
567; 0; 2264.1339; 170; 325.8; 
567; 0; 2264.1337; 170; 326; 
567; 0; 2263.0571; 170; 326.2; 
567; 0; 2263.0569; 170; 326.4; 
567; 0; 2263.0568; 170; 326.6; 
567; 0; 2261.9802; 170; 326.8; 
567; 0; 2261.9801; 170; 327; 
567; 0; 2261.9799; 170; 327.2; 
567; 0; 2261.9798; 170; 327.4; 
567; 0; 2260.9031; 170; 327.6; 
567; 0; 2260.903; 170; 327.8; 
567; 0; 2260.9027; 170; 328; 
567; 0; 2260.9025; 170; 328.2; 
567; 0; 2260.9023; 170; 328.4; 
567; 0; 2260.9021; 170; 328.6; 
567; 0; 2259.8255; 170; 328.8; 
567; 0; 2259.8253; 170; 329; 
567; 0; 2259.8251; 170; 329.2; 
567; 0; 2259.825; 170; 329.4; 
567; 0; 2259.8248; 170; 329.6; 
567; 0; 2259.8245; 170; 329.8; 
567; 0; 2259.8243; 170; 330; 
567; 0; 2259.824; 170; 330.2; 
567; 0; 2259.8238; 170; 330.4; 
567; 0; 2259.8235; 170; 330.6; 
567; 0; 2259.8233; 170; 330.8; 
567; 0; 2259.8232; 170; 331; 
567; 0; 2258.7465; 170; 331.2; 
567; 0; 2258.7464; 170; 331.4; 
567; 0; 2258.7463; 170; 331.6; 
567; 0; 2258.7462; 170; 331.8; 
567; 0; 2258.7461; 170; 332; 
567; 0; 2258.7459; 170; 332.2; 
567; 0; 2258.7456; 170; 332.4; 
567; 0; 2258.7454; 170; 332.6; 
567; 0; 2258.7452; 170; 332.8; 
567; 0; 2258.745; 170; 333; 
567; 0; 2258.7449; 170; 333.2; 
567; 0; 2258.7448; 170; 333.4; 
567; 0; 2259.8211; 170; 333.6; 
567; 0; 2259.8209; 170; 333.8; 
567; 0; 2259.8207; 170; 334; 
567; 0; 2259.8204; 170; 334.2; 
567; 0; 2259.8201; 170; 334.4; 
567; 0; 2259.8199; 170; 334.6; 
567; 0; 2259.8196; 170; 334.8; 
567; 0; 2259.8195; 170; 335; 
567; 0; 2259.8193; 170; 335.2; 
567; 0; 2259.8192; 170; 335.4; 
567; 0; 2259.8191; 170; 335.6; 
567; 0; 2259.8189; 170; 335.8; 
567; 0; 2259.8187; 170; 336; 
567; 0; 2259.8185; 170; 336.2; 
567; 0; 2259.8183; 170; 336.4; 
567; 0; 2259.8181; 170; 336.6; 
567; 0; 2259.8179; 170; 336.8; 
567; 0; 2259.8177; 170; 337; 
567; 0; 2259.8175; 170; 337.2; 
567; 0; 2259.8173; 170; 337.4; 
567; 0; 2259.8171; 170; 337.6; 
567; 0; 2259.8169; 170; 337.8; 
567; 0; 2259.8167; 170; 338; 
567; 0; 2259.8165; 170; 338.2; 
567; 0; 2259.8163; 170; 338.4; 
567; 0; 2259.8162; 170; 338.6; 
567; 0; 2260.8925; 170; 338.8; 
567; 0; 2260.8924; 170; 339; 
567; 0; 2260.8923; 170; 339.2; 
567; 0; 2260.8921; 170; 339.4; 
567; 0; 2260.892; 170; 339.6; 
567; 0; 2260.8918; 170; 339.8; 
567; 0; 2260.8916; 170; 340; 
567; 0; 2260.8915; 170; 340.2; 
567; 0; 2260.8913; 170; 340.4; 
567; 0; 2260.8911; 170; 340.6; 
567; 0; 2260.8908; 170; 340.8; 
567; 0; 2260.8906; 170; 341; 
567; 0; 2260.8903; 170; 341.2; 
567; 0; 2260.8901; 170; 341.4; 
567; 0; 2260.8899; 170; 341.6; 
567; 0; 2260.8897; 170; 341.8; 
567; 0; 2260.8895; 170; 342; 
567; 0; 2260.8893; 170; 342.2; 
567; 0; 2261.9656; 170; 342.4; 
567; 0; 2261.9655; 170; 342.6; 
567; 0; 2261.9653; 170; 342.8; 
567; 0; 2261.9651; 170; 343; 
567; 0; 2261.965; 170; 343.2; 
567; 0; 2263.0412; 170; 343.4; 
567; 0; 2263.041; 170; 343.6; 
567; 0; 2264.1171; 170; 343.8; 
567; 0; 2264.1162; 170; 344; 
567; 0; 2265.1907; 170; 344.2; 
567; 0; 2265.1872; 170; 344.4; 
567; 0; 2266.258; 170; 344.6; 
567; 0; 2266.2497; 170; 344.8; 
567; 0; 2266.2381; 170; 345; 
567; 0; 2266.2236; 170; 345.2; 
567; 0; 2267.2837; 170; 345.4; 
567; 0; 2269.4199; 170; 345.6; 
567; 0; 2272.6342; 170; 345.8; 
567; 0; 2276.9281; 170; 346; 
567; 0; 2282.3029; 170; 346.2; 
567; 0; 2288.7593; 170; 346.4; 
567; 0; 2295.2212; 170; 346.6; 
567; 0; 2301.1875; 170; 346.8; 
567; 0; 2306.7736; 170; 347; 
567; 0; 2310.5021; 170; 347.2; 
567; 0; 2314.2312; 170; 347.4; 
567; 0; 2317.0301; 170; 347.6; 
567; 0; 2318.8979; 170; 347.8; 
567; 0; 2320.7633; 170; 348; 
567; 0; 2321.6964; 170; 348.2; 
567; 0; 2321.697; 170; 348.4; 
567; 0; 2322.6641; 170; 348.6; 
567; 0; 2322.6597; 170; 348.8; 
567; 0; 2322.6537; 170; 349; 
567; 0; 2323.712; 170; 349.2; 
567; 0; 2324.7704; 170; 349.4; 
567; 0; 2325.8297; 170; 349.6; 
567; 0; 2327.9552; 170; 349.8; 
567; 0; 2330.0822; 170; 350; 
567; 0; 2332.211; 170; 350.2; 
567; 0; 2334.3414; 170; 350.4; 
567; 0; 2336.4732; 170; 350.6; 
567; 0; 2338.6059; 170; 350.8; 
567; 0; 2339.6743; 170; 351; 
567; 0; 2340.7428; 170; 351.2; 
567; 0; 2341.8108; 170; 351.4; 
567; 0; 2342.8785; 170; 351.6; 
567; 0; 2342.881; 170; 351.8; 
567; 0; 2343.9484; 170; 352; 
567; 0; 2343.9512; 170; 352.2; 
567; 0; 2343.9544; 170; 352.4; 
567; 0; 2343.958; 170; 352.6; 
567; 0; 2342.897; 170; 352.8; 
567; 0; 2342.9008; 170; 353; 
567; 0; 2341.8394; 170; 353.2; 
567; 0; 2339.7125; 170; 353.4; 
567; 0; 2338.6496; 170; 353.6; 
567; 0; 2336.5209; 170; 353.8; 
567; 0; 2334.3912; 170; 354; 
567; 0; 2332.2606; 170; 354.2; 
567; 0; 2329.0643; 170; 354.4; 
567; 0; 2326.9326; 170; 354.6; 
567; 0; 2324.8007; 170; 354.8; 
567; 0; 2322.6688; 170; 355; 
567; 0; 2320.768; 170; 355.2; 
567; 0; 2319.8372; 170; 355.4; 
567; 0; 2317.9773; 170; 355.6; 
567; 0; 2316.1178; 170; 355.8; 
567; 0; 2315.1884; 170; 356; 
567; 0; 2313.3297; 170; 356.2; 
567; 0; 2312.4009; 170; 356.4; 
567; 0; 2310.5424; 170; 356.6; 
567; 0; 2308.6838; 170; 356.8; 
567; 0; 2307.7548; 170; 357; 
567; 0; 2305.8959; 170; 357.2; 
567; 0; 2304.0367; 170; 357.4; 
567; 0; 2303.107; 170; 357.6; 
567; 0; 2301.2474; 170; 357.8; 
567; 0; 2300.3175; 170; 358; 
567; 0; 2298.4577; 170; 358.2; 
567; 0; 2297.4727; 170; 358.4; 
567; 0; 2295.3194; 170; 358.6; 
567; 0; 2294.2426; 170; 358.8; 
567; 0; 2293.166; 170; 359; 
567; 0; 2292.0896; 170; 359.2; 
567; 0; 2289.9369; 170; 359.4; 
567; 0; 2288.8607; 170; 359.6; 
567; 0; 2287.7846; 170; 359.8; 
567; 0; 2286.7084; 170; 360; 
567; 0; 2285.6322; 170; 360.2; 
567; 0; 2284.556; 170; 360.4; 
567; 0; 2283.4797; 170; 360.6; 
567; 0; 2282.4034; 170; 360.8; 
567; 0; 2281.3269; 170; 361; 
567; 0; 2280.2505; 170; 361.2; 
567; 0; 2279.174; 170; 361.4; 
567; 0; 2279.1738; 170; 361.6; 
567; 0; 2278.0973; 170; 361.8; 
567; 0; 2277.0208; 170; 362; 
567; 0; 2275.9443; 170; 362.2; 
567; 0; 2274.8677; 170; 362.4; 
567; 0; 2274.8676; 170; 362.6; 
567; 0; 2273.7911; 170; 362.8; 
567; 0; 2273.7911; 170; 363; 
567; 0; 2272.7147; 170; 363.2; 
567; 0; 2271.6383; 170; 363.4; 
567; 0; 2271.6383; 170; 363.6; 
567; 0; 2270.5619; 170; 363.8; 
567; 0; 2270.5619; 170; 364; 
567; 0; 2269.4854; 170; 364.2; 
567; 0; 2269.4853; 170; 364.4; 
567; 0; 2268.4088; 170; 364.6; 
567; 0; 2268.4086; 170; 364.8; 
567; 0; 2267.332; 170; 365; 
567; 0; 2267.3319; 170; 365.2; 
567; 0; 2267.3318; 170; 365.4; 
567; 0; 2266.2554; 170; 365.6; 
567; 0; 2266.2554; 170; 365.8; 
567; 0; 2266.2554; 170; 366; 
567; 0; 2265.1789; 170; 366.2; 
567; 0; 2265.1789; 170; 366.4; 
567; 0; 2265.1788; 170; 366.6; 
567; 0; 2264.1022; 170; 366.8; 
567; 0; 2264.1021; 170; 367; 
567; 0; 2264.102; 170; 367.2; 
567; 0; 2264.1019; 170; 367.4; 
567; 0; 2263.0252; 170; 367.6; 
567; 0; 2263.0249; 170; 367.8; 
567; 0; 2263.0247; 170; 368; 
567; 0; 2263.0245; 170; 368.2; 
567; 0; 2261.9481; 170; 368.4; 
567; 0; 2261.948; 170; 368.6; 
567; 0; 2261.9478; 170; 368.8; 
567; 0; 2261.9477; 170; 369; 
567; 0; 2261.9476; 170; 369.2; 
567; 0; 2261.9475; 170; 369.4; 
567; 0; 2261.9474; 170; 369.6; 
567; 0; 2260.8709; 170; 369.8; 
567; 0; 2260.8708; 170; 370; 
567; 0; 2260.8706; 170; 370.2; 
567; 0; 2260.8704; 170; 370.4; 
567; 0; 2260.8702; 170; 370.6; 
567; 0; 2260.87; 170; 370.8; 
567; 0; 2260.8699; 170; 371; 
567; 0; 2260.8697; 170; 371.2; 
567; 0; 2260.8696; 170; 371.4; 
567; 0; 2260.8695; 170; 371.6; 
567; 0; 2260.8694; 170; 371.8; 
567; 0; 2260.8692; 170; 372; 
567; 0; 2260.8691; 170; 372.2; 
567; 0; 2260.869; 170; 372.4; 
567; 0; 2259.7925; 170; 372.6; 
567; 0; 2259.7924; 170; 372.8; 
567; 0; 2259.7923; 170; 373; 
567; 0; 2259.7921; 170; 373.2; 
567; 0; 2259.7918; 170; 373.4; 
567; 0; 2259.7916; 170; 373.6; 
567; 0; 2259.7913; 170; 373.8; 
567; 0; 2259.7911; 170; 374; 
567; 0; 2259.791; 170; 374.2; 
567; 0; 2259.7909; 170; 374.4; 
567; 0; 2259.7908; 170; 374.6; 
567; 0; 2259.7908; 170; 374.8; 
567; 0; 2259.7906; 170; 375; 
567; 0; 2259.7905; 170; 375.2; 
567; 0; 2259.7903; 170; 375.4; 
567; 0; 2259.7902; 170; 375.6; 
567; 0; 2259.7901; 170; 375.8; 
567; 0; 2259.7899; 170; 376; 
567; 0; 2259.7898; 170; 376.2; 
567; 0; 2259.7896; 170; 376.4; 
567; 0; 2259.7894; 170; 376.6; 
567; 0; 2259.7892; 170; 376.8; 
567; 0; 2259.7891; 170; 377; 
567; 0; 2260.8654; 170; 377.2; 
567; 0; 2260.8653; 170; 377.4; 
567; 0; 2260.8652; 170; 377.6; 
567; 0; 2260.8651; 170; 377.8; 
567; 0; 2260.8649; 170; 378; 
567; 0; 2260.8647; 170; 378.2; 
567; 0; 2260.8645; 170; 378.4; 
567; 0; 2260.8643; 170; 378.6; 
567; 0; 2260.8642; 170; 378.8; 
567; 0; 2261.9405; 170; 379; 
567; 0; 2261.9404; 170; 379.2; 
567; 0; 2261.9404; 170; 379.4; 
567; 0; 2261.9403; 170; 379.6; 
567; 0; 2261.9401; 170; 379.8; 
567; 0; 2261.9399; 170; 380; 
567; 0; 2261.9397; 170; 380.2; 
567; 0; 2263.0158; 170; 380.4; 
567; 0; 2263.0155; 170; 380.6; 
567; 0; 2263.0152; 170; 380.8; 
567; 0; 2263.0151; 170; 381; 
567; 0; 2263.0149; 170; 381.2; 
567; 0; 2263.0148; 170; 381.4; 
567; 0; 2263.0147; 170; 381.6; 
567; 0; 2264.0911; 170; 381.8; 
567; 0; 2264.091; 170; 382; 
567; 0; 2264.0908; 170; 382.2; 
567; 0; 2264.0907; 170; 382.4; 
567; 0; 2264.0906; 170; 382.6; 
567; 0; 2264.0904; 170; 382.8; 
567; 0; 2264.0903; 170; 383; 
567; 0; 2264.0902; 170; 383.2; 
567; 0; 2264.09; 170; 383.4; 
567; 0; 2264.0899; 170; 383.6; 
567; 0; 2264.0898; 170; 383.8; 
567; 0; 2264.0897; 170; 384; 
567; 0; 2264.0895; 170; 384.2; 
567; 0; 2264.0894; 170; 384.4; 
567; 0; 2264.0892; 170; 384.6; 
567; 0; 2264.089; 170; 384.8; 
567; 0; 2264.0888; 170; 385; 
567; 0; 2264.0886; 170; 385.2; 
567; 0; 2264.0885; 170; 385.4; 
567; 0; 2265.1648; 170; 385.6; 
567; 0; 2265.1647; 170; 385.8; 
567; 0; 2265.1646; 170; 386; 
567; 0; 2265.1645; 170; 386.2; 
567; 0; 2265.1644; 170; 386.4; 
567; 0; 2265.1643; 170; 386.6; 
567; 0; 2265.1641; 170; 386.8; 
567; 0; 2265.1639; 170; 387; 
567; 0; 2265.1638; 170; 387.2; 
567; 0; 2265.1636; 170; 387.4; 
567; 0; 2265.1635; 170; 387.6; 
567; 0; 2265.1634; 170; 387.8; 
567; 0; 2265.1634; 170; 388; 
567; 0; 2265.1632; 170; 388.2; 
567; 0; 2265.1631; 170; 388.4; 
567; 0; 2265.163; 170; 388.6; 
567; 0; 2265.1628; 170; 388.8; 
567; 0; 2265.1627; 170; 389; 
567; 0; 2265.1626; 170; 389.2; 
567; 0; 2265.1624; 170; 389.4; 
567; 0; 2265.1622; 170; 389.6; 
567; 0; 2265.1621; 170; 389.8; 
567; 0; 2264.0855; 170; 390; 
567; 0; 2264.0852; 170; 390.2; 
567; 0; 2264.0851; 170; 390.4; 
567; 0; 2264.085; 170; 390.6; 
567; 0; 2264.0849; 170; 390.8; 
567; 0; 2264.0847; 170; 391; 
567; 0; 2264.0845; 170; 391.2; 
567; 0; 2264.0844; 170; 391.4; 
567; 0; 2264.0844; 170; 391.6; 
567; 0; 2264.0843; 170; 391.8; 
567; 0; 2265.1606; 170; 392; 
567; 0; 2265.1606; 170; 392.2; 
567; 0; 2265.1606; 170; 392.4; 
567; 0; 2265.1604; 170; 392.6; 
567; 0; 2265.1603; 170; 392.8; 
567; 0; 2265.1601; 170; 393; 
567; 0; 2265.16; 170; 393.2; 
567; 0; 2265.1599; 170; 393.4; 
567; 0; 2265.1598; 170; 393.6; 
567; 0; 2265.1596; 170; 393.8; 
567; 0; 2265.1595; 170; 394; 
567; 0; 2265.1593; 170; 394.2; 
567; 0; 2265.1591; 170; 394.4; 
567; 0; 2265.159; 170; 394.6; 
567; 0; 2264.0825; 170; 394.8; 
567; 0; 2264.0823; 170; 395; 
567; 0; 2264.0822; 170; 395.2; 
567; 0; 2264.0822; 170; 395.4; 
567; 0; 2264.0821; 170; 395.6; 
567; 0; 2264.082; 170; 395.8; 
567; 0; 2264.0819; 170; 396; 
567; 0; 2264.0817; 170; 396.2; 
567; 0; 2264.0816; 170; 396.4; 
567; 0; 2264.0814; 170; 396.6; 
567; 0; 2264.0812; 170; 396.8; 
567; 0; 2264.0811; 170; 397; 
567; 0; 2264.081; 170; 397.2; 
567; 0; 2264.0808; 170; 397.4; 
567; 0; 2264.0807; 170; 397.6; 
567; 0; 2264.0805; 170; 397.8; 
567; 0; 2265.1568; 170; 398; 
567; 0; 2265.1567; 170; 398.2; 
567; 0; 2265.1566; 170; 398.4; 
567; 0; 2265.1565; 170; 398.6; 
567; 0; 2265.1563; 170; 398.8; 
567; 0; 2265.1562; 170; 399; 
567; 0; 2265.1561; 170; 399.2; 
567; 0; 2265.1561; 170; 399.4; 
567; 0; 2265.1562; 170; 399.6; 
567; 0; 2265.1561; 170; 399.8; 
567; 0; 2265.156; 170; 400; 
567; 0; 2265.1558; 170; 400.2; 
567; 0; 2264.0792; 170; 400.4; 
567; 0; 2264.079; 170; 400.6; 
567; 0; 2264.0788; 170; 400.8; 
567; 0; 2264.0786; 170; 401; 
567; 0; 2264.0785; 170; 401.2; 
567; 0; 2264.0783; 170; 401.4; 
567; 0; 2264.0782; 170; 401.6; 
567; 0; 2264.078; 170; 401.8; 
567; 0; 2264.0778; 170; 402; 
567; 0; 2264.0777; 170; 402.2; 
567; 0; 2264.0776; 170; 402.4; 
567; 0; 2264.0775; 170; 402.6; 
567; 0; 2264.0774; 170; 402.8; 
567; 0; 2264.0773; 170; 403; 
567; 0; 2264.0773; 170; 403.2; 
567; 0; 2264.0772; 170; 403.4; 
567; 0; 2264.0771; 170; 403.6; 
567; 0; 2264.0771; 170; 403.8; 
567; 0; 2264.0771; 170; 404; 
567; 0; 2264.077; 170; 404.2; 
567; 0; 2264.077; 170; 404.4; 
567; 0; 2264.0768; 170; 404.6; 
567; 0; 2264.0767; 170; 404.8; 
567; 0; 2264.0764; 170; 405; 
567; 0; 2264.0762; 170; 405.2; 
567; 0; 2264.076; 170; 405.4; 
567; 0; 2264.0758; 170; 405.6; 
567; 0; 2264.0756; 170; 405.8; 
567; 0; 2264.0754; 170; 406; 
567; 0; 2265.1517; 170; 406.2; 
567; 0; 2265.1516; 170; 406.4; 
567; 0; 2265.1516; 170; 406.6; 
567; 0; 2265.1516; 170; 406.8; 
567; 0; 2265.1515; 170; 407; 
567; 0; 2265.1514; 170; 407.2; 
567; 0; 2265.1513; 170; 407.4; 
567; 0; 2265.1512; 170; 407.6; 
567; 0; 2264.0746; 170; 407.8; 
567; 0; 2264.0744; 170; 408; 
567; 0; 2264.0743; 170; 408.2; 
567; 0; 2264.0741; 170; 408.4; 
567; 0; 2264.074; 170; 408.6; 
567; 0; 2264.0738; 170; 408.8; 
567; 0; 2264.0737; 170; 409; 
567; 0; 2264.0737; 170; 409.2; 
567; 0; 2264.0736; 170; 409.4; 
567; 0; 2264.0735; 170; 409.6; 
567; 0; 2264.0734; 170; 409.8; 
567; 0; 2264.0733; 170; 410; 
567; 0; 2264.0732; 170; 410.2; 
567; 0; 2264.0731; 170; 410.4; 
567; 0; 2264.073; 170; 410.6; 
567; 0; 2264.0729; 170; 410.8; 
567; 0; 2264.0728; 170; 411; 
567; 0; 2253.3091; 170; 411.2; 
567; 0; 2038.0373; 170; 411.4; 
567; 0; 1799.5525; 170; 411.6; 
567; 0; 1774.5535; 170; 411.8; 
567; 0; 1774.5534; 170; 412; 
567; 0; 1774.5533; 170; 412.2; 
567; 0; 1774.5532; 170; 412.4; 
567; 0; 1774.5531; 170; 412.6; 
567; 0; 1774.553; 170; 412.8; 
567; 0; 1774.5528; 170; 413; 
567; 0; 1774.5527; 170; 413.2; 
567; 0; 1774.5524; 170; 413.4; 
567; 0; 1774.5522; 170; 413.6; 
567; 0; 1774.5519; 170; 413.8; 
567; 0; 1774.5516; 170; 414; 
567; 0; 1774.5513; 170; 414.2; 
567; 0; 1774.5509; 170; 414.4; 
567; 0; 1774.5506; 170; 414.6; 
567; 0; 1774.5502; 170; 414.8; 
567; 0; 1774.5498; 170; 415; 
567; 0; 1774.5494; 170; 415.2; 
567; 0; 1774.5489; 170; 415.4; 
567; 0; 1774.5484; 170; 415.6; 
567; 0; 1774.5479; 170; 415.8; 
567; 0; 1774.5474; 170; 416; 
567; 0; 1759.0764; 170; 416.2; 
567; 0; 1759.0758; 170; 416.4; 
567; 0; 1759.0752; 170; 416.6; 
567; 0; 1759.0746; 170; 416.8; 
567; 0; 1759.074; 170; 417; 
567; 0; 1759.0733; 170; 417.2; 
567; 0; 1759.0727; 170; 417.4; 
567; 0; 1759.0721; 170; 417.6; 
567; 0; 1759.0716; 170; 417.8; 
567; 0; 1759.0711; 170; 418; 
567; 0; 1759.0705; 170; 418.2; 
567; 0; 1759.0699; 170; 418.4; 
567; 0; 1759.0694; 170; 418.6; 
567; 0; 1759.0688; 170; 418.8; 
567; 0; 1759.0682; 170; 419; 
567; 0; 1759.0676; 170; 419.2; 
567; 0; 1759.067; 170; 419.4; 
567; 0; 1759.0664; 170; 419.6; 
567; 0; 1759.0658; 170; 419.8; 
567; 0; 1759.0652; 170; 420; 
567; 0; 1759.0646; 170; 420.2; 
567; 0; 1743.5799; 170; 420.4; 
567; 0; 1743.5793; 170; 420.6; 
567; 0; 1743.5787; 170; 420.8; 
567; 0; 1743.5781; 170; 421; 
567; 0; 1743.5775; 170; 421.2; 
567; 0; 1743.577; 170; 421.4; 
567; 0; 1743.5765; 170; 421.6; 
567; 0; 1743.576; 170; 421.8; 
567; 0; 1743.5754; 170; 422; 
567; 0; 1743.5749; 170; 422.2; 
567; 0; 1743.5743; 170; 422.4; 
567; 0; 1743.5738; 170; 422.6; 
567; 0; 1743.5732; 170; 422.8; 
567; 0; 1743.5726; 170; 423; 
567; 0; 1743.572; 170; 423.2; 
567; 0; 1743.5714; 170; 423.4; 
567; 0; 1743.5708; 170; 423.6; 
567; 0; 1743.5703; 170; 423.8; 
567; 0; 1743.5697; 170; 424; 
567; 0; 1743.5692; 170; 424.2; 
567; 0; 1743.5687; 170; 424.4; 
567; 0; 1743.5681; 170; 424.6; 
567; 0; 1743.5676; 170; 424.8; 
567; 0; 1728.6022; 170; 425; 
567; 0; 1728.6016; 170; 425.2; 
567; 0; 1728.6011; 170; 425.4; 
567; 0; 1728.6006; 170; 425.6; 
567; 0; 1728.6001; 170; 425.8; 
567; 0; 1728.5997; 170; 426; 
567; 0; 1728.5992; 170; 426.2; 
567; 0; 1728.5988; 170; 426.4; 
567; 0; 1728.5984; 170; 426.6; 
567; 0; 1728.598; 170; 426.8; 
567; 0; 1728.5975; 170; 427; 
567; 0; 1728.597; 170; 427.2; 
567; 0; 1728.5965; 170; 427.4; 
567; 0; 1728.596; 170; 427.6; 
567; 0; 1728.5955; 170; 427.8; 
567; 0; 1728.595; 170; 428; 
567; 0; 1728.5945; 170; 428.2; 
567; 0; 1728.5941; 170; 428.4; 
567; 0; 1728.5936; 170; 428.6; 
567; 0; 1728.5932; 170; 428.8; 
567; 0; 1728.5928; 170; 429; 
567; 0; 1728.5923; 170; 429.2; 
567; 0; 1728.5919; 170; 429.4; 
567; 0; 1728.5914; 170; 429.6; 
567; 0; 1728.591; 170; 429.8; 
567; 0; 1713.2166; 170; 430; 
567; 0; 1713.2162; 170; 430.2; 
567; 0; 1713.2157; 170; 430.4; 
567; 0; 1713.2153; 170; 430.6; 
567; 0; 1713.2149; 170; 430.8; 
567; 0; 1713.2144; 170; 431; 
567; 0; 1713.214; 170; 431.2; 
567; 0; 1713.2136; 170; 431.4; 
567; 0; 1713.2132; 170; 431.6; 
567; 0; 1713.2127; 170; 431.8; 
567; 0; 1713.2123; 170; 432; 
567; 0; 1713.2119; 170; 432.2; 
567; 0; 1713.2115; 170; 432.4; 
567; 0; 1713.211; 170; 432.6; 
567; 0; 1713.2106; 170; 432.8; 
567; 0; 1713.2102; 170; 433; 
567; 0; 1713.2098; 170; 433.2; 
567; 0; 1713.2093; 170; 433.4; 
567; 0; 1713.2089; 170; 433.6; 
567; 0; 1713.2085; 170; 433.8; 
567; 0; 1713.2081; 170; 434; 
567; 0; 1713.2077; 170; 434.2; 
567; 0; 1713.2073; 170; 434.4; 
567; 0; 1713.2069; 170; 434.6; 
567; 0; 1713.2065; 170; 434.8; 
567; 0; 1713.2061; 170; 435; 
567; 0; 1713.2056; 170; 435.2; 
567; 0; 1713.2052; 170; 435.4; 
567; 0; 1697.8624; 170; 435.6; 
567; 0; 1697.862; 170; 435.8; 
567; 0; 1697.8615; 170; 436; 
567; 0; 1697.8612; 170; 436.2; 
567; 0; 1697.8608; 170; 436.4; 
567; 0; 1699.0228; 170; 436.6; 
567; 0; 1710.6458; 170; 436.8; 
567; 0; 1723.431; 170; 437; 
567; 0; 1735.3658; 170; 437.2; 
567; 0; 1749.8361; 170; 437.4; 
567; 0; 1762.9908; 170; 437.6; 
567; 0; 1776.1455; 170; 437.8; 
567; 0; 1789.3002; 170; 438; 
567; 0; 1802.4549; 170; 438.2; 
567; 0; 1814.294; 170; 438.4; 
567; 0; 1826.1332; 170; 438.6; 
567; 0; 1837.9724; 170; 438.8; 
567; 0; 1848.496; 170; 439; 
567; 0; 1859.0195; 170; 439.2; 
567; 0; 1869.543; 170; 439.4; 
567; 0; 1878.751; 170; 439.6; 
567; 0; 1887.959; 170; 439.8; 
567; 0; 1895.8515; 170; 440; 
567; 0; 1903.744; 170; 440.2; 
567; 0; 1911.6365; 170; 440.4; 
567; 0; 1919.5289; 170; 440.6; 
567; 0; 1926.1057; 170; 440.8; 
567; 0; 1932.6819; 170; 441; 
567; 0; 1939.2569; 170; 441.2; 
567; 0; 1945.8301; 170; 441.4; 
567; 0; 1950.1462; 170; 441.6; 
567; 0; 1953.3105; 170; 441.8; 
567; 0; 1957.5289; 170; 442; 
567; 0; 1960.6878; 170; 442.2; 
567; 0; 1964.9012; 170; 442.4; 
567; 0; 1969.1134; 170; 442.6; 
567; 0; 1974.3828; 170; 442.8; 
567; 0; 1981.7672; 170; 443; 
567; 0; 1989.1547; 170; 443.2; 
567; 0; 1998.6597; 170; 443.4; 
567; 0; 2008.1695; 170; 443.6; 
567; 0; 2004.5533; 170; 443.8; 
567; 0; 2014.1675; 170; 444; 
567; 0; 2023.2123; 170; 444.2; 
567; 0; 2031.2808; 170; 444.4; 
567; 0; 2037.0499; 170; 444.6; 
567; 0; 2042.8184; 170; 444.8; 
567; 0; 2046.2841; 170; 445; 
567; 0; 2048.5962; 170; 445.2; 
567; 0; 2050.9041; 170; 445.4; 
567; 0; 2052.0573; 170; 445.6; 
567; 0; 2052.056; 170; 445.8; 
567; 0; 2053.2014; 170; 446; 
567; 0; 2053.1939; 170; 446.2; 
567; 0; 2054.3353; 170; 446.4; 
567; 0; 2055.4761; 170; 446.6; 
567; 0; 2057.7679; 170; 446.8; 
567; 0; 2060.061; 170; 447; 
567; 0; 2062.3561; 170; 447.2; 
567; 0; 2065.8038; 170; 447.4; 
567; 0; 2068.1037; 170; 447.6; 
567; 0; 2071.556; 170; 447.8; 
567; 0; 2073.86; 170; 448; 
567; 0; 2076.1652; 170; 448.2; 
567; 0; 2078.4711; 170; 448.4; 
567; 0; 2079.6267; 170; 448.6; 
567; 0; 2080.7818; 170; 448.8; 
567; 0; 2081.9361; 170; 449; 
567; 0; 2081.9387; 170; 449.2; 
567; 0; 2083.0904; 170; 449.4; 
567; 0; 2083.0904; 170; 449.6; 
567; 0; 2083.0893; 170; 449.8; 
567; 0; 2083.0872; 170; 450; 
567; 0; 2083.0846; 170; 450.2; 
567; 0; 2083.0818; 170; 450.4; 
567; 0; 2083.0792; 170; 450.6; 
567; 0; 2084.2276; 170; 450.8; 
567; 0; 2084.2275; 170; 451; 
567; 0; 2085.3803; 170; 451.2; 
567; 0; 2086.5364; 170; 451.4; 
567; 0; 2087.6959; 170; 451.6; 
567; 0; 2087.7079; 170; 451.8; 
567; 0; 2087.7215; 170; 452; 
567; 0; 2086.5852; 170; 452.2; 
567; 0; 2084.2953; 170; 452.4; 
567; 0; 2080.8523; 170; 452.6; 
567; 0; 2077.4064; 170; 452.8; 
567; 0; 2073.9572; 170; 453; 
567; 0; 2069.3545; 170; 453.2; 
567; 0; 2064.7491; 170; 453.4; 
567; 0; 2060.1417; 170; 453.6; 
567; 0; 2056.6836; 170; 453.8; 
567; 0; 2053.2251; 170; 454; 
567; 0; 2049.7659; 170; 454.2; 
567; 0; 2047.4585; 170; 454.4; 
567; 0; 2045.1531; 170; 454.6; 
567; 0; 2042.8498; 170; 454.8; 
567; 0; 2041.6989; 170; 455; 
567; 0; 2039.3993; 170; 455.2; 
567; 0; 2038.2512; 170; 455.4; 
567; 0; 2035.9533; 170; 455.6; 
567; 0; 2034.806; 170; 455.8; 
567; 0; 2033.6584; 170; 456; 
567; 0; 2031.3599; 170; 456.2; 
567; 0; 2030.211; 170; 456.4; 
567; 0; 2027.911; 170; 456.6; 
567; 0; 2026.7606; 170; 456.8; 
567; 0; 2024.4593; 170; 457; 
567; 0; 2023.3079; 170; 457.2; 
567; 0; 2021.0058; 170; 457.4; 
567; 0; 2019.8541; 170; 457.6; 
567; 0; 2018.7025; 170; 457.8; 
567; 0; 2017.5512; 170; 458; 
567; 0; 2016.4002; 170; 458.2; 
567; 0; 2015.3304; 170; 458.4; 
567; 0; 2015.3304; 170; 458.6; 
567; 0; 2014.2633; 170; 458.8; 
567; 0; 2013.1962; 170; 459; 
567; 0; 2013.1967; 170; 459.2; 
567; 0; 2012.1298; 170; 459.4; 
567; 0; 2012.1302; 170; 459.6; 
567; 0; 2011.0632; 170; 459.8; 
567; 0; 2011.0635; 170; 460; 
567; 0; 2009.9963; 170; 460.2; 
567; 0; 2009.9964; 170; 460.4; 
567; 0; 2008.9291; 170; 460.6; 
567; 0; 2008.929; 170; 460.8; 
567; 0; 2007.8616; 170; 461; 
567; 0; 2007.8616; 170; 461.2; 
567; 0; 2007.8616; 170; 461.4; 
567; 0; 2006.7944; 170; 461.6; 
567; 0; 2006.7945; 170; 461.8; 
567; 0; 2006.7945; 170; 462; 
567; 0; 2005.7273; 170; 462.2; 
567; 0; 2005.7273; 170; 462.4; 
567; 0; 2005.7273; 170; 462.6; 
567; 0; 2005.7274; 170; 462.8; 
567; 0; 2004.6601; 170; 463; 
567; 0; 2004.6602; 170; 463.2; 
567; 0; 2004.6603; 170; 463.4; 
567; 0; 2004.6604; 170; 463.6; 
567; 0; 2003.5931; 170; 463.8; 
567; 0; 2003.5931; 170; 464; 
567; 0; 2003.5932; 170; 464.2; 
567; 0; 2003.5932; 170; 464.4; 
567; 0; 2003.5933; 170; 464.6; 
567; 0; 2003.5933; 170; 464.8; 
567; 0; 2003.5934; 170; 465; 
567; 0; 2002.5262; 170; 465.2; 
567; 0; 2002.5262; 170; 465.4; 
567; 0; 2002.5263; 170; 465.6; 
567; 0; 2002.5263; 170; 465.8; 
567; 0; 2002.5263; 170; 466; 
567; 0; 2002.5263; 170; 466.2; 
567; 0; 2002.5264; 170; 466.4; 
567; 0; 2002.5264; 170; 466.6; 
567; 0; 2002.5265; 170; 466.8; 
567; 0; 2001.4592; 170; 467; 
567; 0; 2001.4593; 170; 467.2; 
567; 0; 2001.4594; 170; 467.4; 
567; 0; 2001.4595; 170; 467.6; 
567; 0; 2001.4596; 170; 467.8; 
567; 0; 2014.6191; 170; 468; 
567; 0; 2014.6191; 170; 468.2; 
567; 0; 2014.6192; 170; 468.4; 
567; 0; 2014.6192; 170; 468.6; 
567; 0; 2014.6192; 170; 468.8; 
567; 0; 2013.5624; 170; 469; 
567; 0; 2013.5625; 170; 469.2; 
567; 0; 2013.5625; 170; 469.4; 
567; 0; 2012.5057; 170; 469.6; 
567; 0; 2012.5057; 170; 469.8; 
567; 0; 2012.5057; 170; 470; 
567; 0; 2011.4489; 170; 470.2; 
567; 0; 2011.4489; 170; 470.4; 
567; 0; 2010.3921; 170; 470.6; 
567; 0; 2010.3922; 170; 470.8; 
567; 0; 2009.3354; 170; 471; 
567; 0; 2009.3355; 170; 471.2; 
567; 0; 2009.3357; 170; 471.4; 
567; 0; 2008.2789; 170; 471.6; 
567; 0; 2008.279; 170; 471.8; 
567; 0; 2007.2223; 170; 472; 
567; 0; 2007.2224; 170; 472.2; 
567; 0; 2007.2225; 170; 472.4; 
567; 0; 2006.1657; 170; 472.6; 
567; 0; 2006.1656; 170; 472.8; 
567; 0; 2005.1088; 170; 473; 
567; 0; 2005.1087; 170; 473.2; 
567; 0; 2005.1088; 170; 473.4; 
567; 0; 2005.1088; 170; 473.6; 
567; 0; 2004.0521; 170; 473.8; 
567; 0; 2004.0522; 170; 474; 
567; 0; 2004.0523; 170; 474.2; 
567; 0; 2004.0524; 170; 474.4; 
567; 0; 2004.0525; 170; 474.6; 
567; 0; 2002.9958; 170; 474.8; 
567; 0; 2002.9958; 170; 475; 
567; 0; 2002.9958; 170; 475.2; 
567; 0; 2002.9957; 170; 475.4; 
567; 0; 2002.9952; 170; 475.6; 
567; 0; 2004.0505; 170; 475.8; 
567; 0; 2004.0474; 170; 476; 
567; 0; 2004.0421; 170; 476.2; 
567; 0; 2002.9773; 170; 476.4; 
567; 0; 2002.9662; 170; 476.6; 
567; 0; 2002.9524; 170; 476.8; 
567; 0; 2003.9938; 170; 477; 
567; 0; 2006.092; 170; 477.2; 
567; 0; 2010.3049; 170; 477.4; 
567; 0; 2002.4257; 170; 477.6; 
567; 0; 2008.822; 170; 477.8; 
567; 0; 2015.2233; 170; 478; 
567; 0; 2024.3393; 170; 478.2; 
567; 0; 2032.3997; 170; 478.4; 
567; 0; 2040.4646; 170; 478.6; 
567; 0; 2046.2323; 170; 478.8; 
567; 0; 2052.0015; 170; 479; 
567; 0; 2056.6203; 170; 479.2; 
567; 0; 2058.9368; 170; 479.4; 
567; 0; 2061.2504; 170; 479.6; 
567; 0; 2062.4096; 170; 479.8; 
567; 0; 2062.4141; 170; 480; 
567; 0; 2062.4143; 170; 480.2; 
567; 0; 2062.4106; 170; 480.4; 
567; 0; 2062.404; 170; 480.6; 
567; 0; 2062.3956; 170; 480.8; 
567; 0; 2062.3864; 170; 481; 
567; 0; 2063.5278; 170; 481.2; 
567; 0; 2064.6703; 170; 481.4; 
567; 0; 2066.9649; 170; 481.6; 
567; 0; 2069.2617; 170; 481.8; 
567; 0; 2071.5609; 170; 482; 
567; 0; 2075.0126; 170; 482.2; 
567; 0; 2077.316; 170; 482.4; 
567; 0; 2078.4706; 170; 482.6; 
567; 0; 2080.7763; 170; 482.8; 
567; 0; 2081.9319; 170; 483; 
567; 0; 2083.0873; 170; 483.2; 
567; 0; 2083.0915; 170; 483.4; 
567; 0; 2083.0945; 170; 483.6; 
567; 0; 2083.0962; 170; 483.8; 
567; 0; 2083.0966; 170; 484; 
567; 0; 2083.0957; 170; 484.2; 
567; 0; 2083.0939; 170; 484.4; 
567; 0; 2083.0914; 170; 484.6; 
567; 0; 2083.0885; 170; 484.8; 
567; 0; 2083.0857; 170; 485; 
567; 0; 2083.0833; 170; 485.2; 
567; 0; 2083.0814; 170; 485.4; 
567; 0; 2084.2306; 170; 485.6; 
567; 0; 2084.2302; 170; 485.8; 
567; 0; 2085.3807; 170; 486; 
567; 0; 2085.3815; 170; 486.2; 
567; 0; 2086.5331; 170; 486.4; 
567; 0; 2086.5346; 170; 486.6; 
567; 0; 2086.5362; 170; 486.8; 
567; 0; 2086.5376; 170; 487; 
567; 0; 2087.6892; 170; 487.2; 
567; 0; 2087.69; 170; 487.4; 
567; 0; 2086.5403; 170; 487.6; 
567; 0; 2086.5405; 170; 487.8; 
567; 0; 2086.5404; 170; 488; 
567; 0; 2086.5399; 170; 488.2; 
567; 0; 2086.5393; 170; 488.4; 
567; 0; 2086.5385; 170; 488.6; 
567; 0; 2086.5378; 170; 488.8; 
567; 0; 2086.5372; 170; 489; 
567; 0; 2086.5367; 170; 489.2; 
567; 0; 2086.5364; 170; 489.4; 
567; 0; 2086.5363; 170; 489.6; 
567; 0; 2086.5364; 170; 489.8; 
567; 0; 2087.687; 170; 490; 
567; 0; 2087.6873; 170; 490.2; 
567; 0; 2087.6878; 170; 490.4; 
567; 0; 2087.6883; 170; 490.6; 
567; 0; 2087.6887; 170; 490.8; 
567; 0; 2087.6891; 170; 491; 
567; 0; 2087.6893; 170; 491.2; 
567; 0; 2087.6894; 170; 491.4; 
567; 0; 2087.6895; 170; 491.6; 
567; 0; 2087.6894; 170; 491.8; 
567; 0; 2087.6893; 170; 492; 
567; 0; 2086.539; 170; 492.2; 
567; 0; 2086.5389; 170; 492.4; 
567; 0; 2086.5389; 170; 492.6; 
567; 0; 2086.5389; 170; 492.8; 
567; 0; 2086.5388; 170; 493; 
567; 0; 2086.5388; 170; 493.2; 
567; 0; 2087.6894; 170; 493.4; 
567; 0; 2087.6905; 170; 493.6; 
567; 0; 2087.6934; 170; 493.8; 
567; 0; 2088.8493; 170; 494; 
567; 0; 2088.858; 170; 494.2; 
567; 0; 2088.8694; 170; 494.4; 
567; 0; 2087.7324; 170; 494.6; 
567; 0; 2086.5946; 170; 494.8; 
567; 0; 2084.3045; 170; 495; 
567; 0; 2080.862; 170; 495.2; 
567; 0; 2077.4166; 170; 495.4; 
567; 0; 2072.8175; 170; 495.6; 
567; 0; 2068.2152; 170; 495.8; 
567; 0; 2063.6103; 170; 496; 
567; 0; 2059.0034; 170; 496.2; 
567; 0; 2055.5458; 170; 496.4; 
567; 0; 2050.9376; 170; 496.6; 
567; 0; 2047.4803; 170; 496.8; 
567; 0; 2044.024; 170; 497; 
567; 0; 2041.7189; 170; 497.2; 
567; 0; 2039.4153; 170; 497.4; 
567; 0; 2037.1134; 170; 497.6; 
567; 0; 2034.8129; 170; 497.8; 
567; 0; 2033.6636; 170; 498; 
567; 0; 2031.3646; 170; 498.2; 
567; 0; 2029.0658; 170; 498.4; 
567; 0; 2027.9171; 170; 498.6; 
567; 0; 2025.6174; 170; 498.8; 
567; 0; 2023.3173; 170; 499; 
567; 0; 2022.1672; 170; 499.2; 
567; 0; 2019.8663; 170; 499.4; 
567; 0; 2018.7156; 170; 499.6; 
567; 0; 2017.5645; 170; 499.8; 
567; 0; 2015.3428; 170; 500; 
567; 0; 2014.2747; 170; 500.2; 
567; 0; 2013.2066; 170; 500.4; 
567; 0; 2012.1386; 170; 500.6; 
567; 0; 2011.0708; 170; 500.8; 
567; 0; 2010.0032; 170; 501; 
567; 0; 2010.0032; 170; 501.2; 
567; 0; 2008.9359; 170; 501.4; 
567; 0; 2007.8688; 170; 501.6; 
567; 0; 2007.8691; 170; 501.8; 
567; 0; 2006.802; 170; 502; 
567; 0; 2006.8022; 170; 502.2; 
567; 0; 2005.735; 170; 502.4; 
567; 0; 2005.7351; 170; 502.6; 
567; 0; 2004.6678; 170; 502.8; 
567; 0; 2004.6677; 170; 503; 
567; 0; 2003.6003; 170; 503.2; 
567; 0; 2003.6002; 170; 503.4; 
567; 0; 2003.6001; 170; 503.6; 
567; 0; 2002.5327; 170; 503.8; 
567; 0; 2002.5327; 170; 504; 
567; 0; 2002.5326; 170; 504.2; 
567; 0; 2002.5327; 170; 504.4; 
567; 0; 2001.4654; 170; 504.6; 
567; 0; 2001.4656; 170; 504.8; 
567; 0; 2014.625; 170; 505; 
567; 0; 2014.6251; 170; 505.2; 
567; 0; 2014.6252; 170; 505.4; 
567; 0; 2013.5684; 170; 505.6; 
567; 0; 2013.5684; 170; 505.8; 
567; 0; 2013.5684; 170; 506; 
567; 0; 2012.5116; 170; 506.2; 
567; 0; 2012.5117; 170; 506.4; 
567; 0; 2012.5117; 170; 506.6; 
567; 0; 2011.4549; 170; 506.8; 
567; 0; 2011.4548; 170; 507; 
567; 0; 2010.3979; 170; 507.2; 
567; 0; 2010.3979; 170; 507.4; 
567; 0; 2009.3409; 170; 507.6; 
567; 0; 2009.3409; 170; 507.8; 
567; 0; 2008.2841; 170; 508; 
567; 0; 2008.2842; 170; 508.2; 
567; 0; 2007.2275; 170; 508.4; 
567; 0; 2007.2277; 170; 508.6; 
567; 0; 2007.2279; 170; 508.8; 
567; 0; 2006.1712; 170; 509; 
567; 0; 2006.1713; 170; 509.2; 
567; 0; 2005.1145; 170; 509.4; 
567; 0; 2005.1145; 170; 509.6; 
567; 0; 2005.1144; 170; 509.8; 
567; 0; 2004.0576; 170; 510; 
567; 0; 2004.0576; 170; 510.2; 
567; 0; 2004.0576; 170; 510.4; 
567; 0; 2003.0008; 170; 510.6; 
567; 0; 2003.0008; 170; 510.8; 
567; 0; 2003.0009; 170; 511; 
567; 0; 2003.0009; 170; 511.2; 
567; 0; 2001.944; 170; 511.4; 
567; 0; 2001.944; 170; 511.6; 
567; 0; 2001.9439; 170; 511.8; 
567; 0; 2001.944; 170; 512; 
567; 0; 2001.944; 170; 512.2; 
567; 0; 2001.9441; 170; 512.4; 
567; 0; 2000.8873; 170; 512.6; 
567; 0; 2000.8873; 170; 512.8; 
567; 0; 2000.8874; 170; 513; 
567; 0; 2000.8874; 170; 513.2; 
567; 0; 2000.8875; 170; 513.4; 
567; 0; 2000.8875; 170; 513.6; 
567; 0; 2000.8876; 170; 513.8; 
567; 0; 2000.8876; 170; 514; 
567; 0; 2000.8877; 170; 514.2; 
567; 0; 1999.8308; 170; 514.4; 
567; 0; 1999.8309; 170; 514.6; 
567; 0; 1999.8309; 170; 514.8; 
567; 0; 1999.8309; 170; 515; 
567; 0; 1999.8309; 170; 515.2; 
567; 0; 1999.8309; 170; 515.4; 
567; 0; 1999.8309; 170; 515.6; 
567; 0; 1999.8308; 170; 515.8; 
567; 0; 1999.8308; 170; 516; 
567; 0; 1999.8308; 170; 516.2; 
567; 0; 1999.8308; 170; 516.4; 
567; 0; 1999.8308; 170; 516.6; 
567; 0; 1999.8308; 170; 516.8; 
567; 0; 1999.8308; 170; 517; 
567; 0; 1999.8309; 170; 517.2; 
567; 0; 1999.831; 170; 517.4; 
567; 0; 1999.831; 170; 517.6; 
567; 0; 1999.8311; 170; 517.8; 
567; 0; 1999.8311; 170; 518; 
567; 0; 1998.7743; 170; 518.2; 
567; 0; 1998.7743; 170; 518.4; 
567; 0; 1998.7743; 170; 518.6; 
567; 0; 1998.7744; 170; 518.8; 
567; 0; 1998.7744; 170; 519; 
567; 0; 1998.7744; 170; 519.2; 
567; 0; 1998.7744; 170; 519.4; 
567; 0; 1998.7743; 170; 519.6; 
567; 0; 1998.7743; 170; 519.8; 
567; 0; 1998.7742; 170; 520; 
567; 0; 1998.7742; 170; 520.2; 
567; 0; 1998.7742; 170; 520.4; 
567; 0; 1998.7742; 170; 520.6; 
567; 0; 1998.7742; 170; 520.8; 
567; 0; 1998.7743; 170; 521; 
567; 0; 1998.7743; 170; 521.2; 
567; 0; 1998.7743; 170; 521.4; 
567; 0; 1998.7744; 170; 521.6; 
567; 0; 1998.7744; 170; 521.8; 
567; 0; 1998.7744; 170; 522; 
567; 0; 1998.7745; 170; 522.2; 
567; 0; 1998.7745; 170; 522.4; 
567; 0; 1998.7746; 170; 522.6; 
567; 0; 1998.7746; 170; 522.8; 
567; 0; 1998.7746; 170; 523; 
567; 0; 1998.7746; 170; 523.2; 
567; 0; 1998.7745; 170; 523.4; 
567; 0; 1998.7745; 170; 523.6; 
567; 0; 1998.7745; 170; 523.8; 
567; 0; 1998.7746; 170; 524; 
567; 0; 1998.7746; 170; 524.2; 
567; 0; 1998.7747; 170; 524.4; 
567; 0; 1998.7747; 170; 524.6; 
567; 0; 1998.7747; 170; 524.8; 
567; 0; 1998.7747; 170; 525; 
567; 0; 1998.7747; 170; 525.2; 
567; 0; 1998.7746; 170; 525.4; 
567; 0; 1998.7746; 170; 525.6; 
567; 0; 1998.7746; 170; 525.8; 
567; 0; 1998.7746; 170; 526; 
567; 0; 1998.7746; 170; 526.2; 
567; 0; 1998.7747; 170; 526.4; 
567; 0; 1998.7747; 170; 526.6; 
567; 0; 1998.7747; 170; 526.8; 
567; 0; 1998.7747; 170; 527; 
567; 0; 1998.7748; 170; 527.2; 
567; 0; 1998.7748; 170; 527.4; 
567; 0; 1998.7748; 170; 527.6; 
567; 0; 1998.7748; 170; 527.8; 
567; 0; 1998.7749; 170; 528; 
567; 0; 1998.7749; 170; 528.2; 
567; 0; 1998.7748; 170; 528.4; 
567; 0; 1998.7748; 170; 528.6; 
567; 0; 1997.718; 170; 528.8; 
567; 0; 1997.718; 170; 529; 
567; 0; 1997.718; 170; 529.2; 
567; 0; 1997.718; 170; 529.4; 
567; 0; 1997.718; 170; 529.6; 
567; 0; 1997.718; 170; 529.8; 
567; 0; 1997.718; 170; 530; 
567; 0; 1997.718; 170; 530.2; 
567; 0; 1997.718; 170; 530.4; 
567; 0; 1997.718; 170; 530.6; 
567; 0; 1997.718; 170; 530.8; 
567; 0; 1997.7181; 170; 531; 
567; 0; 1997.7181; 170; 531.2; 
567; 0; 1997.7181; 170; 531.4; 
567; 0; 1997.7182; 170; 531.6; 
567; 0; 1997.7182; 170; 531.8; 
567; 0; 1997.7182; 170; 532; 
567; 0; 1997.7182; 170; 532.2; 
567; 0; 1997.7182; 170; 532.4; 
567; 0; 1997.7182; 170; 532.6; 
567; 0; 1997.7182; 170; 532.8; 
567; 0; 1997.7182; 170; 533; 
567; 0; 1997.7182; 170; 533.2; 
567; 0; 1997.7182; 170; 533.4; 
567; 0; 1997.7183; 170; 533.6; 
567; 0; 1997.7183; 170; 533.8; 
567; 0; 1997.7183; 170; 534; 
567; 0; 1997.7183; 170; 534.2; 
567; 0; 1997.7183; 170; 534.4; 
567; 0; 1997.7183; 170; 534.6; 
567; 0; 1997.7183; 170; 534.8; 
567; 0; 1997.7183; 170; 535; 
567; 0; 1997.7183; 170; 535.2; 
567; 0; 1997.7183; 170; 535.4; 
567; 0; 1997.7183; 170; 535.6; 
567; 0; 1997.7183; 170; 535.8; 
567; 0; 1997.7183; 170; 536; 
567; 0; 1997.7183; 170; 536.2; 
567; 0; 1997.7183; 170; 536.4; 
567; 0; 1997.7183; 170; 536.6; 
567; 0; 1997.7183; 170; 536.8; 
567; 0; 1997.7183; 170; 537; 
567; 0; 1997.7184; 170; 537.2; 
567; 0; 1997.7184; 170; 537.4; 
567; 0; 1997.7184; 170; 537.6; 
567; 0; 1997.7185; 170; 537.8; 
567; 0; 1997.7185; 170; 538; 
567; 0; 1997.7185; 170; 538.2; 
567; 0; 1997.7185; 170; 538.4; 
567; 0; 1997.7184; 170; 538.6; 
567; 0; 1998.7753; 170; 538.8; 
567; 0; 1998.7752; 170; 539; 
567; 0; 1998.7749; 170; 539.2; 
567; 0; 1998.7742; 170; 539.4; 
567; 0; 1999.8295; 170; 539.6; 
567; 0; 1999.826; 170; 539.8; 
567; 0; 1999.8205; 170; 540; 
567; 0; 1999.8126; 170; 540.2; 
567; 0; 1999.8025; 170; 540.4; 
567; 0; 1999.7906; 170; 540.6; 
567; 0; 2001.8912; 170; 540.8; 
567; 0; 2002.9348; 170; 541; 
567; 0; 2006.0927; 170; 541.2; 
567; 0; 2010.3094; 170; 541.4; 
567; 0; 2003.5016; 170; 541.6; 
567; 0; 2009.9018; 170; 541.8; 
567; 0; 2016.3068; 170; 542; 
567; 0; 2024.3608; 170; 542.2; 
567; 0; 2032.4251; 170; 542.4; 
567; 0; 2039.3439; 170; 542.6; 
567; 0; 2045.1159; 170; 542.8; 
567; 0; 2048.5889; 170; 543; 
567; 0; 2052.0614; 170; 543.2; 
567; 0; 2053.2296; 170; 543.4; 
567; 0; 2053.2412; 170; 543.6; 
567; 0; 2052.0977; 170; 543.8; 
567; 0; 2050.9491; 170; 544; 
567; 0; 2048.6451; 170; 544.2; 
567; 0; 2046.3369; 170; 544.4; 
567; 0; 2044.0257; 170; 544.6; 
567; 0; 2042.8612; 170; 544.8; 
567; 0; 2041.6958; 170; 545; 
567; 0; 2041.6823; 170; 545.2; 
567; 0; 2042.822; 170; 545.4; 
567; 0; 2045.1161; 170; 545.6; 
567; 0; 2047.4148; 170; 545.8; 
567; 0; 2049.7183; 170; 546; 
567; 0; 2052.0261; 170; 546.2; 
567; 0; 2054.3373; 170; 546.4; 
567; 0; 2055.5003; 170; 546.6; 
567; 0; 2055.5136; 170; 546.8; 
567; 0; 2055.5258; 170; 547; 
567; 0; 2054.3837; 170; 547.2; 
567; 0; 2052.0885; 170; 547.4; 
567; 0; 2049.7904; 170; 547.6; 
567; 0; 2047.4893; 170; 547.8; 
567; 0; 2045.1857; 170; 548; 
567; 0; 2042.8802; 170; 548.2; 
567; 0; 2040.5736; 170; 548.4; 
567; 0; 2038.2657; 170; 548.6; 
567; 0; 2037.1083; 170; 548.8; 
567; 0; 2035.9523; 170; 549; 
567; 0; 2034.7981; 170; 549.2; 
567; 0; 2034.7965; 170; 549.4; 
567; 0; 2034.7969; 170; 549.6; 
567; 0; 2034.7991; 170; 549.8; 
567; 0; 2033.6523; 170; 550; 
567; 0; 2033.6565; 170; 550.2; 
567; 0; 2032.5106; 170; 550.4; 
567; 0; 2032.5147; 170; 550.6; 
567; 0; 2031.3678; 170; 550.8; 
567; 0; 2030.2194; 170; 551; 
567; 0; 2029.0701; 170; 551.2; 
567; 0; 2026.7696; 170; 551.4; 
567; 0; 2025.6187; 170; 551.6; 
567; 0; 2024.4673; 170; 551.8; 
567; 0; 2023.3156; 170; 552; 
567; 0; 2022.1635; 170; 552.2; 
567; 0; 2021.0116; 170; 552.4; 
567; 0; 2019.8599; 170; 552.6; 
567; 0; 2019.8591; 170; 552.8; 
567; 0; 2018.7084; 170; 553; 
567; 0; 2017.5582; 170; 553.2; 
567; 0; 2017.5588; 170; 553.4; 
567; 0; 2016.4093; 170; 553.6; 
567; 0; 2016.4103; 170; 553.8; 
567; 0; 2015.3409; 170; 554; 
567; 0; 2015.3417; 170; 554.2; 
567; 0; 2014.2749; 170; 554.4; 
567; 0; 2013.2079; 170; 554.6; 
567; 0; 2013.2082; 170; 554.8; 
567; 0; 2012.1409; 170; 555; 
567; 0; 2012.1409; 170; 555.2; 
567; 0; 2011.0735; 170; 555.4; 
567; 0; 2011.0734; 170; 555.6; 
567; 0; 2010.006; 170; 555.8; 
567; 0; 2010.0059; 170; 556; 
567; 0; 2008.9385; 170; 556.2; 
567; 0; 2008.9386; 170; 556.4; 
567; 0; 2007.8713; 170; 556.6; 
567; 0; 2007.8714; 170; 556.8; 
567; 0; 2007.8716; 170; 557; 
567; 0; 2006.8044; 170; 557.2; 
567; 0; 2006.8046; 170; 557.4; 
567; 0; 2006.8047; 170; 557.6; 
567; 0; 2005.7375; 170; 557.8; 
567; 0; 2005.7376; 170; 558; 
567; 0; 2005.7378; 170; 558.2; 
567; 0; 2004.6705; 170; 558.4; 
567; 0; 2004.6706; 170; 558.6; 
567; 0; 2004.6706; 170; 558.8; 
567; 0; 2003.6032; 170; 559; 
567; 0; 2003.6033; 170; 559.2; 
567; 0; 2003.6033; 170; 559.4; 
567; 0; 2003.6033; 170; 559.6; 
567; 0; 2002.536; 170; 559.8; 
567; 0; 2002.536; 170; 560; 
567; 0; 2002.5361; 170; 560.2; 
567; 0; 2002.5361; 170; 560.4; 
567; 0; 2002.5362; 170; 560.6; 
567; 0; 2001.469; 170; 560.8; 
567; 0; 2001.4691; 170; 561; 
567; 0; 2014.6283; 170; 561.2; 
567; 0; 2014.6283; 170; 561.4; 
567; 0; 2014.6284; 170; 561.6; 
567; 0; 2013.5716; 170; 561.8; 
567; 0; 2013.5717; 170; 562; 
567; 0; 2013.5717; 170; 562.2; 
567; 0; 2012.5149; 170; 562.4; 
567; 0; 2012.5149; 170; 562.6; 
567; 0; 2011.458; 170; 562.8; 
567; 0; 2011.4581; 170; 563; 
567; 0; 2010.4013; 170; 563.2; 
567; 0; 2010.4013; 170; 563.4; 
567; 0; 2009.3445; 170; 563.6; 
567; 0; 2009.3446; 170; 563.8; 
567; 0; 2008.2878; 170; 564; 
567; 0; 2008.2879; 170; 564.2; 
567; 0; 2007.2311; 170; 564.4; 
567; 0; 2007.2312; 170; 564.6; 
567; 0; 2007.2312; 170; 564.8; 
567; 0; 2006.1744; 170; 565; 
567; 0; 2006.1745; 170; 565.2; 
567; 0; 2005.1176; 170; 565.4; 
567; 0; 2005.1176; 170; 565.6; 
567; 0; 2004.0607; 170; 565.8; 
567; 0; 2004.0607; 170; 566; 
567; 0; 2004.0608; 170; 566.2; 
567; 0; 2003.004; 170; 566.4; 
567; 0; 2003.004; 170; 566.6; 
567; 0; 2003.0041; 170; 566.8; 
567; 0; 2001.9474; 170; 567; 
567; 0; 2001.9475; 170; 567.2; 
567; 0; 2001.9475; 170; 567.4; 
567; 0; 2001.9476; 170; 567.6; 
567; 0; 2000.8907; 170; 567.8; 
567; 0; 2000.8907; 170; 568; 
567; 0; 2000.8907; 170; 568.2; 
567; 0; 2000.8908; 170; 568.4; 
567; 0; 1999.8339; 170; 568.6; 
567; 0; 1999.8339; 170; 568.8; 
567; 0; 1999.8339; 170; 569; 
567; 0; 1999.8339; 170; 569.2; 
567; 0; 1999.8339; 170; 569.4; 
567; 0; 1999.8339; 170; 569.6; 
567; 0; 1998.7771; 170; 569.8; 
567; 0; 1998.7771; 170; 570; 
567; 0; 1998.7772; 170; 570.2; 
567; 0; 1998.7772; 170; 570.4; 
567; 0; 1998.7773; 170; 570.6; 
567; 0; 1998.7773; 170; 570.8; 
567; 0; 1998.7773; 170; 571; 
567; 0; 1998.7773; 170; 571.2; 
567; 0; 1998.7773; 170; 571.4; 
567; 0; 1998.7773; 170; 571.6; 
567; 0; 1997.7205; 170; 571.8; 
567; 0; 1997.7204; 170; 572; 
567; 0; 1997.7204; 170; 572.2; 
567; 0; 1997.7204; 170; 572.4; 
567; 0; 1997.7204; 170; 572.6; 
567; 0; 1997.7204; 170; 572.8; 
567; 0; 1997.7204; 170; 573; 
567; 0; 1997.7205; 170; 573.2; 
567; 0; 1997.7205; 170; 573.4; 
567; 0; 1997.7206; 170; 573.6; 
567; 0; 1997.7207; 170; 573.8; 
567; 0; 1997.7207; 170; 574; 
567; 0; 1997.7207; 170; 574.2; 
567; 0; 1997.7207; 170; 574.4; 
567; 0; 1997.7207; 170; 574.6; 
567; 0; 1997.7206; 170; 574.8; 
567; 0; 1997.7206; 170; 575; 
567; 0; 1997.7206; 170; 575.2; 
567; 0; 1997.7206; 170; 575.4; 
567; 0; 1997.7206; 170; 575.6; 
567; 0; 1997.7207; 170; 575.8; 
567; 0; 1996.6639; 170; 576; 
567; 0; 1996.6639; 170; 576.2; 
567; 0; 1996.664; 170; 576.4; 
567; 0; 1996.664; 170; 576.6; 
567; 0; 1996.6641; 170; 576.8; 
567; 0; 1996.6641; 170; 577; 
567; 0; 1996.6641; 170; 577.2; 
567; 0; 1996.664; 170; 577.4; 
567; 0; 1996.664; 170; 577.6; 
567; 0; 1996.6639; 170; 577.8; 
567; 0; 1996.6639; 170; 578; 
567; 0; 1996.6639; 170; 578.2; 
567; 0; 1996.6639; 170; 578.4; 
567; 0; 1996.6639; 170; 578.6; 
567; 0; 1996.6639; 170; 578.8; 
567; 0; 1996.6639; 170; 579; 
567; 0; 1996.6639; 170; 579.2; 
567; 0; 1996.6639; 170; 579.4; 
567; 0; 1996.664; 170; 579.6; 
567; 0; 1996.664; 170; 579.8; 
567; 0; 1996.664; 170; 580; 
567; 0; 1996.664; 170; 580.2; 
567; 0; 1996.6641; 170; 580.4; 
567; 0; 1996.6642; 170; 580.6; 
567; 0; 1996.6642; 170; 580.8; 
567; 0; 1996.6642; 170; 581; 
567; 0; 1996.6641; 170; 581.2; 
567; 0; 1996.6641; 170; 581.4; 
567; 0; 1996.6641; 170; 581.6; 
567; 0; 1996.664; 170; 581.8; 
567; 0; 1996.664; 170; 582; 
567; 0; 1996.664; 170; 582.2; 
567; 0; 1996.664; 170; 582.4; 
567; 0; 1996.664; 170; 582.6; 
567; 0; 1996.664; 170; 582.8; 
567; 0; 1996.6641; 170; 583; 
567; 0; 1996.6641; 170; 583.2; 
567; 0; 1996.6641; 170; 583.4; 
567; 0; 1996.6641; 170; 583.6; 
567; 0; 1996.6641; 170; 583.8; 
567; 0; 1996.6641; 170; 584; 
567; 0; 1996.6641; 170; 584.2; 
567; 0; 1996.6641; 170; 584.4; 
567; 0; 1996.6641; 170; 584.6; 
567; 0; 1997.7208; 170; 584.8; 
567; 0; 1997.7202; 170; 585; 
567; 0; 1997.7189; 170; 585.2; 
567; 0; 1997.7164; 170; 585.4; 
567; 0; 1998.7682; 170; 585.6; 
567; 0; 1998.7605; 170; 585.8; 
567; 0; 1997.6931; 170; 586; 
567; 0; 1998.7365; 170; 586.2; 
567; 0; 1998.7215; 170; 586.4; 
567; 0; 2000.8198; 170; 586.6; 
567; 0; 2005.0327; 170; 586.8; 
567; 0; 2009.2484; 170; 587; 
567; 0; 2002.4298; 170; 587.2; 
567; 0; 2009.898; 170; 587.4; 
567; 0; 2017.4495; 170; 587.6; 
567; 0; 2026.6601; 170; 587.8; 
567; 0; 2033.5749; 170; 588; 
567; 0; 2040.4929; 170; 588.2; 
567; 0; 2046.2623; 170; 588.4; 
567; 0; 2049.7309; 170; 588.6; 
567; 0; 2053.1977; 170; 588.8; 
567; 0; 2055.511; 170; 589; 
567; 0; 2055.5196; 170; 589.2; 
567; 0; 2056.6741; 170; 589.4; 
567; 0; 2056.6739; 170; 589.6; 
567; 0; 2055.5198; 170; 589.8; 
567; 0; 2055.5138; 170; 590; 
567; 0; 2056.6572; 170; 590.2; 
567; 0; 2056.651; 170; 590.4; 
567; 0; 2057.797; 170; 590.6; 
567; 0; 2060.0964; 170; 590.8; 
567; 0; 2061.2488; 170; 591; 
567; 0; 2062.4046; 170; 591.2; 
567; 0; 2063.5632; 170; 591.4; 
567; 0; 2063.5733; 170; 591.6; 
567; 0; 2063.5831; 170; 591.8; 
567; 0; 2062.4408; 170; 592; 
567; 0; 2060.1465; 170; 592.2; 
567; 0; 2057.8499; 170; 592.4; 
567; 0; 2055.5508; 170; 592.6; 
567; 0; 2052.0987; 170; 592.8; 
567; 0; 2048.6445; 170; 593; 
567; 0; 2046.3391; 170; 593.2; 
567; 0; 2042.8824; 170; 593.4; 
567; 0; 2040.5761; 170; 593.6; 
567; 0; 2038.2702; 170; 593.8; 
567; 0; 2037.1149; 170; 594; 
567; 0; 2034.8109; 170; 594.2; 
567; 0; 2033.6591; 170; 594.4; 
567; 0; 2033.6594; 170; 594.6; 
567; 0; 2032.5107; 170; 594.8; 
567; 0; 2031.3629; 170; 595; 
567; 0; 2030.2156; 170; 595.2; 
567; 0; 2029.0681; 170; 595.4; 
567; 0; 2027.92; 170; 595.6; 
567; 0; 2026.7713; 170; 595.8; 
567; 0; 2024.4715; 170; 596; 
567; 0; 2023.3216; 170; 596.2; 
567; 0; 2022.1711; 170; 596.4; 
567; 0; 2021.0202; 170; 596.6; 
567; 0; 2018.7185; 170; 596.8; 
567; 0; 2017.5672; 170; 597; 
567; 0; 2016.4158; 170; 597.2; 
567; 0; 2015.3444; 170; 597.4; 
567; 0; 2014.2765; 170; 597.6; 
567; 0; 2014.2762; 170; 597.8; 
567; 0; 2013.2087; 170; 598; 
567; 0; 2012.1416; 170; 598.2; 
567; 0; 2012.1419; 170; 598.4; 
567; 0; 2011.075; 170; 598.6; 
567; 0; 2011.0755; 170; 598.8; 
567; 0; 2010.0086; 170; 599; 
567; 0; 2008.9416; 170; 599.2; 
567; 0; 2008.9419; 170; 599.4; 
567; 0; 2007.8747; 170; 599.6; 
567; 0; 2007.8747; 170; 599.8; 
567; 0; 2006.8073; 170; 600; 
567; 0; 2006.8073; 170; 600.2; 
567; 0; 2005.7398; 170; 600.4; 
567; 0; 2005.7398; 170; 600.6; 
567; 0; 2004.6724; 170; 600.8; 
567; 0; 2004.6724; 170; 601; 
567; 0; 2004.6725; 170; 601.2; 
567; 0; 2003.6053; 170; 601.4; 
567; 0; 2003.6054; 170; 601.6; 
567; 0; 2003.6055; 170; 601.8; 
567; 0; 2002.5382; 170; 602; 
567; 0; 2002.5383; 170; 602.2; 
567; 0; 2002.5384; 170; 602.4; 
567; 0; 2001.4711; 170; 602.6; 
567; 0; 2001.4712; 170; 602.8; 
567; 0; 2014.6303; 170; 603; 
567; 0; 2014.6303; 170; 603.2; 
567; 0; 2013.5735; 170; 603.4; 
567; 0; 2013.5735; 170; 603.6; 
567; 0; 2013.5735; 170; 603.8; 
567; 0; 2012.5166; 170; 604; 
567; 0; 2012.5166; 170; 604.2; 
567; 0; 2012.5166; 170; 604.4; 
567; 0; 2011.4598; 170; 604.6; 
567; 0; 2011.4599; 170; 604.8; 
567; 0; 2010.4031; 170; 605; 
567; 0; 2010.4032; 170; 605.2; 
567; 0; 2009.3465; 170; 605.4; 
567; 0; 2008.2897; 170; 605.6; 
567; 0; 2008.2898; 170; 605.8; 
567; 0; 2007.233; 170; 606; 
567; 0; 2007.2331; 170; 606.2; 
567; 0; 2006.1763; 170; 606.4; 
567; 0; 2006.1763; 170; 606.6; 
567; 0; 2005.1195; 170; 606.8; 
567; 0; 2005.1196; 170; 607; 
567; 0; 2004.0628; 170; 607.2; 
567; 0; 2004.0629; 170; 607.4; 
567; 0; 2004.0629; 170; 607.6; 
567; 0; 2003.006; 170; 607.8; 
567; 0; 2003.006; 170; 608; 
567; 0; 2001.9491; 170; 608.2; 
567; 0; 2001.949; 170; 608.4; 
567; 0; 2001.949; 170; 608.6; 
567; 0; 2000.8922; 170; 608.8; 
567; 0; 2000.8922; 170; 609; 
567; 0; 2000.8923; 170; 609.2; 
567; 0; 2000.8925; 170; 609.4; 
567; 0; 1999.8357; 170; 609.6; 
567; 0; 1999.8358; 170; 609.8; 
567; 0; 1999.8358; 170; 610; 
567; 0; 1999.8358; 170; 610.2; 
567; 0; 1998.779; 170; 610.4; 
567; 0; 1998.779; 170; 610.6; 
567; 0; 1998.779; 170; 610.8; 
567; 0; 1998.779; 170; 611; 
567; 0; 1998.779; 170; 611.2; 
567; 0; 1998.7791; 170; 611.4; 
567; 0; 1998.7792; 170; 611.6; 
567; 0; 1997.7224; 170; 611.8; 
567; 0; 1997.7224; 170; 612; 
567; 0; 1997.7224; 170; 612.2; 
567; 0; 1997.7223; 170; 612.4; 
567; 0; 1997.7223; 170; 612.6; 
567; 0; 1997.7223; 170; 612.8; 
567; 0; 1997.7223; 170; 613; 
567; 0; 1997.7223; 170; 613.2; 
567; 0; 1997.7224; 170; 613.4; 
567; 0; 1997.7224; 170; 613.6; 
567; 0; 1996.6656; 170; 613.8; 
567; 0; 1996.6656; 170; 614; 
567; 0; 1996.6656; 170; 614.2; 
567; 0; 1996.6656; 170; 614.4; 
567; 0; 1996.6656; 170; 614.6; 
567; 0; 1996.6656; 170; 614.8; 
567; 0; 1996.6656; 170; 615; 
567; 0; 1996.6656; 170; 615.2; 
567; 0; 1996.6655; 170; 615.4; 
567; 0; 1996.6655; 170; 615.6; 
567; 0; 1996.6656; 170; 615.8; 
567; 0; 1996.6656; 170; 616; 
567; 0; 1996.6657; 170; 616.2; 
567; 0; 1996.6658; 170; 616.4; 
567; 0; 1996.6658; 170; 616.6; 
567; 0; 1996.6658; 170; 616.8; 
567; 0; 1996.6659; 170; 617; 
567; 0; 1996.6659; 170; 617.2; 
567; 0; 1996.6659; 170; 617.4; 
567; 0; 1995.609; 170; 617.6; 
567; 0; 1995.609; 170; 617.8; 
567; 0; 1995.6089; 170; 618; 
567; 0; 1995.6089; 170; 618.2; 
567; 0; 1995.6088; 170; 618.4; 
567; 0; 1995.6088; 170; 618.6; 
567; 0; 1995.6088; 170; 618.8; 
567; 0; 1995.6088; 170; 619; 
567; 0; 1995.6089; 170; 619.2; 
567; 0; 1995.6089; 170; 619.4; 
567; 0; 1995.6089; 170; 619.6; 
567; 0; 1995.6089; 170; 619.8; 
567; 0; 1995.609; 170; 620; 
567; 0; 1995.609; 170; 620.2; 
567; 0; 1995.6091; 170; 620.4; 
567; 0; 1995.6091; 170; 620.6; 
567; 0; 1995.6091; 170; 620.8; 
567; 0; 1995.609; 170; 621; 
567; 0; 1995.609; 170; 621.2; 
567; 0; 1995.609; 170; 621.4; 
567; 0; 1995.609; 170; 621.6; 
567; 0; 1995.609; 170; 621.8; 
567; 0; 1995.609; 170; 622; 
567; 0; 1995.609; 170; 622.2; 
567; 0; 1995.609; 170; 622.4; 
567; 0; 1995.609; 170; 622.6; 
567; 0; 1995.609; 170; 622.8; 
567; 0; 1995.609; 170; 623; 
567; 0; 1995.609; 170; 623.2; 
567; 0; 1995.609; 170; 623.4; 
567; 0; 1995.6091; 170; 623.6; 
567; 0; 1995.6091; 170; 623.8; 
567; 0; 1995.6092; 170; 624; 
567; 0; 1995.6092; 170; 624.2; 
567; 0; 1995.6091; 170; 624.4; 
567; 0; 1995.6091; 170; 624.6; 
567; 0; 1995.609; 170; 624.8; 
567; 0; 1995.609; 170; 625; 
567; 0; 1995.609; 170; 625.2; 
567; 0; 1995.609; 170; 625.4; 
567; 0; 1995.6091; 170; 625.6; 
567; 0; 1995.6091; 170; 625.8; 
567; 0; 1995.6092; 170; 626; 
567; 0; 1995.6092; 170; 626.2; 
567; 0; 1995.6092; 170; 626.4; 
567; 0; 1995.6092; 170; 626.6; 
567; 0; 1995.6092; 170; 626.8; 
567; 0; 1995.6092; 170; 627; 
567; 0; 1995.6091; 170; 627.2; 
567; 0; 1995.609; 170; 627.4; 
567; 0; 1995.609; 170; 627.6; 
567; 0; 1995.6089; 170; 627.8; 
567; 0; 1995.609; 170; 628; 
567; 0; 1995.609; 170; 628.2; 
567; 0; 1995.6091; 170; 628.4; 
567; 0; 1995.6092; 170; 628.6; 
567; 0; 1995.6093; 170; 628.8; 
567; 0; 1995.6093; 170; 629; 
567; 0; 1995.6094; 170; 629.2; 
567; 0; 1995.6093; 170; 629.4; 
567; 0; 1994.5524; 170; 629.6; 
567; 0; 1994.5523; 170; 629.8; 
567; 0; 1994.5522; 0; 630; 
567; 0; 0; 0; 630.2; 
567; 0; 0; 0; 630.4; 
567; 0; 0; 0; 630.6; 
567; 0; 0; 0; 630.8; 
567; 0; 0; 0; 631; 
567; 0; 0; 0; 631.2; 
567; 0; 0; 0; 631.4; 
567; 0; 0; 0; 631.6; 
567; 0; 0; 0; 631.8; 
567; 0; 0; 0; 632; 
567; 0; 0; 0; 632.2; 
567; 0; 0; 0; 632.4; 
567; 0; 0; 0; 632.6; 
567; 0; 0; 0; 632.8; 
567; 0; 0; 0; 633; 
567; 0; 0; 0; 633.2; 
567; 0; 0; 0; 633.4; 
567; 0; 0; 0; 633.6; 
567; 0; 0; 0; 633.8; 
567; 0; 0; 0; 634; 
567; 0; 0; 0; 634.2; 
567; 0; 0; 0; 634.4; 
567; 0; 0; 0; 634.6; 
567; 0; 0; 0; 634.8; 
567; 0; 0; 0; 635; 
567; 0; 0; 0; 635.2; 
567; 0; 0; 0; 635.4; 
567; 0; 0; 0; 635.6; 
567; 0; 0; 0; 635.8; 
567; 0; 0; 0; 636; 
567; 0; 0; 0; 636.2; 
567; 0; 0; 0; 636.4; 
567; 0; 0; 0; 636.6; 
567; 0; 0; 0; 636.8; 
567; 0; 0; 0; 637; 
567; 0; 0; 0; 637.2; 
567; 0; 0; 0; 637.4; 
567; 0; 0; 0; 637.6; 
567; 0; 0; 0; 637.8; 
567; 0; 0; 0; 638; 
567; 0; 0; 0; 638.2; 
567; 0; 0; 0; 638.4; 
567; 0; 0; 0; 638.6; 
567; 0; 0; 0; 638.8; 
567; 0; 0; 0; 639; 
567; 0; 0; 0; 639.2; 
567; 0; 0; 0; 639.4; 
567; 0; 0; 0; 639.6; 
567; 0; 0; 0; 639.8; 
567; 0; 0; 0; 640; 
567; 0; 0; 0; 640.2; 
567; 0; 0; 0; 640.4; 
567; 0; 0; 0; 640.6; 
567; 0; 0; 0; 640.8; 
567; 0; 0; 0; 641; 
567; 0; 0; 0; 641.2; 
567; 0; 0; 0; 641.4; 
567; 0; 0; 0; 641.6; 
567; 0; 0; 0; 641.8; 
567; 0; 0; 0; 642; 
567; 0; 0; 0; 642.2; 
567; 0; 0; 0; 642.4; 
567; 0; 0; 0; 642.6; 
567; 0; 0; 0; 642.8; 
567; 0; 0; 0; 643; 
567; 0; 0; 0; 643.2; 
567; 0; 0; 0; 643.4; 
567; 0; 0; 0; 643.6; 
567; 0; 0; 0; 643.8; 
567; 0; 0; 0; 644; 
567; 0; 0; 0; 644.2; 
567; 0; 0; 0; 644.4; 
567; 0; 0; 0; 644.6; 
567; 0; 0; 0; 644.8; 
567; 0; 0; 0; 645; 
567; 0; 0; 0; 645.2; 
567; 0; 0; 0; 645.4; 
567; 0; 0; 0; 645.6; 
567; 0; 0; 0; 645.8; 
567; 0; 0; 0; 646; 
567; 0; 0; 0; 646.2; 
567; 0; 0; 0; 646.4; 
567; 0; 0; 0; 646.6; 
567; 0; 0; 0; 646.8; 
567; 0; 0; 0; 647; 
567; 0; 0; 0; 647.2; 
567; 0; 0; 0; 647.4; 
567; 0; 0; 0; 647.6; 
567; 0; 0; 0; 647.8; 
567; 0; 0; 0; 648; 
567; 0; 0; 0; 648.2; 
567; 0; 0; 0; 648.4; 
567; 0; 0; 0; 648.6; 
567; 0; 0; 0; 648.8; 
567; 0; 0; 0; 649; 
567; 0; 0; 0; 649.2; 
567; 0; 0; 0; 649.4; 
567; 0; 0; 0; 649.6; 
567; 0; 0; 0; 649.8; 
567; 0; 0; 0; 650; 
567; 0; 0; 0; 650.2; 
567; 0; 0; 0; 650.4; 
567; 0; 0; 0; 650.6; 
567; 0; 0; 0; 650.8; 
567; 0; 0; 0; 651; 
567; 0; 0; 0; 651.2; 
567; 0; 0; 0; 651.4; 
567; 0; 0; 0; 651.6; 
567; 0; 0; 0; 651.8; 
567; 0; 0; 0; 652; 
567; 0; 0; 0; 652.2; 
567; 0; 0; 0; 652.4; 
567; 0; 0; 0; 652.6; 
567; 0; 0; 0; 652.8; 
567; 0; 0; 0; 653; 
567; 0; 0; 0; 653.2; 
567; 0; 0; 0; 653.4; 
567; 0; 0; 0; 653.6; 
567; 0; 0; 0; 653.8; 
567; 0; 0; 0; 654; 
567; 0; 0; 0; 654.2; 
567; 0; 0; 0; 654.4; 
567; 0; 0; 0; 654.6; 
567; 0; 0; 0; 654.8; 
567; 0; 0; 0; 655; 
567; 0; 0; 0; 655.2; 
567; 0; 0; 0; 655.4; 
567; 0; 0; 0; 655.6; 
567; 0; 0; 0; 655.8; 
567; 0; 0; 0; 656; 
567; 0; 0; 0; 656.2; 
567; 0; 0; 0; 656.4; 
567; 0; 0; 0; 656.6; 
567; 0; 0; 0; 656.8; 
567; 0; 0; 0; 657; 
567; 0; 0; 0; 657.2; 
567; 0; 0; 0; 657.4; 
567; 0; 0; 0; 657.6; 
567; 0; 0; 0; 657.8; 
567; 0; 0; 0; 658; 
567; 0; 0; 0; 658.2; 
567; 0; 0; 0; 658.4; 
567; 0; 0; 0; 658.6; 
567; 0; 0; 0; 658.8; 
567; 0; 0; 0; 659; 
567; 0; 0; 0; 659.2; 
567; 0; 0; 0; 659.4; 
567; 0; 0; 0; 659.6; 
567; 0; 0; 0; 659.8; 
567; 0; 0; 0; 660; 
567; 0; 0; 0; 660.2; 
567; 0; 0; 0; 660.4; 
567; 0; 0; 0; 660.6; 
567; 0; 0; 0; 660.8; 
567; 0; 0; 0; 661; 
567; 0; 0; 0; 661.2; 
567; 0; 0; 0; 661.4; 
567; 0; 0; 0; 661.6; 
567; 0; 0; 0; 661.8; 
567; 0; 0; 0; 662; 
567; 0; 0; 0; 662.2; 
567; 0; 0; 0; 662.4; 
567; 0; 0; 0; 662.6; 
567; 0; 0; 0; 662.8; 
567; 0; 0; 0; 663; 
567; 0; 0; 0; 663.2; 
567; 0; 0; 0; 663.4; 
567; 0; 0; 0; 663.6; 
567; 0; 0; 0; 663.8; 
567; 0; 0; 0; 664; 
567; 0; 0; 0; 664.2; 
567; 0; 0; 0; 664.4; 
567; 0; 0; 0; 664.6; 
567; 0; 0; 0; 664.8; 
567; 0; 0; 0; 665; 
567; 0; 0; 0; 665.2; 
567; 0; 0; 0; 665.4; 
567; 0; 0; 0; 665.6; 
567; 0; 0; 0; 665.8; 
567; 0; 0; 0; 666; 
567; 0; 0; 0; 666.2; 
567; 0; 0; 0; 666.4; 
567; 0; 0; 0; 666.6; 
567; 0; 0; 0; 666.8; 
567; 0; 0; 0; 667; 
567; 0; 0; 0; 667.2; 
567; 0; 0; 0; 667.4; 
567; 0; 0; 0; 667.6; 
567; 0; 0; 0; 667.8; 
567; 0; 0; 0; 668; 
567; 0; 0; 0; 668.2; 
567; 0; 0; 0; 668.4; 
567; 0; 0; 0; 668.6; 
567; 0; 0; 0; 668.8; 
567; 0; 0; 0; 669; 
567; 0; 0; 0; 669.2; 
567; 0; 0; 0; 669.4; 
567; 0; 0; 0; 669.6; 
567; 0; 0; 0; 669.8; 
567; 0; 0; 0; 670; 
567; 0; 0; 0; 670.2; 
567; 0; 0; 0; 670.4; 
567; 0; 0; 0; 670.6; 
567; 0; 0; 0; 670.8; 
567; 0; 0; 0; 671; 
567; 0; 0; 0; 671.2; 
567; 0; 0; 0; 671.4; 
567; 0; 0; 0; 671.6; 
567; 0; 0; 0; 671.8; 
567; 0; 0; 0; 672; 
567; 0; 0; 0; 672.2; 
567; 0; 0; 0; 672.4; 
567; 0; 0; 0; 672.6; 
567; 0; 0; 0; 672.8; 
567; 0; 0; 0; 673; 
567; 0; 0; 0; 673.2; 
567; 0; 0; 0; 673.4; 
567; 0; 0; 0; 673.6; 
567; 0; 0; 0; 673.8; 
567; 0; 0; 0; 674; 
567; 0; 0; 0; 674.2; 
567; 0; 0; 0; 674.4; 
567; 0; 0; 0; 674.6; 
567; 0; 0; 0; 674.8; 
567; 0; 0; 0; 675; 
567; 0; 0; 0; 675.2; 
567; 0; 0; 0; 675.4; 
567; 0; 0; 0; 675.6; 
567; 0; 0; 0; 675.8; 
567; 0; 0; 0; 676; 
567; 0; 0; 0; 676.2; 
567; 0; 0; 0; 676.4; 
567; 0; 0; 0; 676.6; 
567; 0; 0; 0; 676.8; 
567; 0; 0; 0; 677; 
567; 0; 0; 0; 677.2; 
567; 0; 0; 0; 677.4; 
567; 0; 0; 0; 677.6; 
567; 0; 0; 0; 677.8; 
567; 0; 0; 0; 678; 
567; 0; 0; 0; 678.2; 
567; 0; 0; 0; 678.4; 
567; 0; 0; 0; 678.6; 
567; 0; 0; 0; 678.8; 
567; 0; 0; 0; 679; 
567; 0; 0; 0; 679.2; 
567; 0; 0; 0; 679.4; 
567; 0; 0; 0; 679.6; 
567; 0; 0; 0; 679.8; 
567; 0; 0; 0; 680; 
567; 0; 0; 0; 680.2; 
567; 0; 0; 0; 680.4; 
567; 0; 0; 0; 680.6; 
567; 0; 0; 0; 680.8; 
567; 0; 0; 0; 681; 
567; 0; 0; 0; 681.2; 
567; 0; 0; 0; 681.4; 
567; 0; 0; 0; 681.6; 
567; 0; 0; 0; 681.8; 
567; 0; 0; 0; 682; 
567; 0; 0; 0; 682.2; 
567; 0; 0; 0; 682.4; 
567; 0; 0; 0; 682.6; 
567; 0; 0; 0; 682.8; 
567; 0; 0; 0; 683; 
567; 0; 0; 0; 683.2; 
567; 0; 0; 0; 683.4; 
567; 0; 0; 0; 683.6; 
567; 0; 0; 0; 683.8; 
567; 0; 0; 0; 684; 
567; 0; 0; 0; 684.2; 
567; 0; 0; 0; 684.4; 
567; 0; 0; 0; 684.6; 
567; 0; 0; 0; 684.8; 
567; 0; 0; 0; 685; 
567; 0; 0; 0; 685.2; 
567; 0; 0; 0; 685.4; 
567; 0; 0; 0; 685.6; 
567; 0; 0; 0; 685.8; 
567; 0; 0; 0; 686; 
567; 0; 0; 0; 686.2; 
567; 0; 0; 0; 686.4; 
567; 0; 0; 0; 686.6; 
567; 0; 0; 0; 686.8; 
567; 0; 0; 0; 687; 
567; 0; 0; 0; 687.2; 
567; 0; 0; 0; 687.4; 
567; 0; 0; 0; 687.6; 
567; 0; 0; 0; 687.8; 
567; 0; 0; 0; 688; 
567; 0; 0; 0; 688.2; 
567; 0; 0; 0; 688.4; 
567; 0; 0; 0; 688.6; 
567; 0; 0; 0; 688.8; 
567; 0; 0; 0; 689; 
567; 0; 0; 0; 689.2; 
567; 0; 0; 0; 689.4; 
567; 0; 0; 0; 689.6; 
567; 0; 0; 0; 689.8; 
567; 0; 0; 0; 690; 
567; 0; 0; 0; 690.2; 
567; 0; 0; 0; 690.4; 
567; 0; 0; 0; 690.6; 
567; 0; 0; 0; 690.8; 
567; 0; 0; 0; 691; 
567; 0; 0; 0; 691.2; 
567; 0; 0; 0; 691.4; 
567; 0; 0; 0; 691.6; 
567; 0; 0; 0; 691.8; 
567; 0; 0; 0; 692; 
567; 0; 0; 0; 692.2; 
567; 0; 0; 0; 692.4; 
567; 0; 0; 0; 692.6; 
567; 0; 0; 0; 692.8; 
567; 0; 0; 0; 693; 
567; 0; 0; 0; 693.2; 
567; 0; 0; 0; 693.4; 
567; 0; 0; 0; 693.6; 
567; 0; 0; 0; 693.8; 
567; 0; 0; 0; 694; 
567; 0; 0; 0; 694.2; 
567; 0; 0; 0; 694.4; 
567; 0; 0; 0; 694.6; 
567; 0; 0; 0; 694.8; 
567; 0; 0; 0; 695; 
567; 0; 0; 0; 695.2; 
567; 0; 0; 0; 695.4; 
567; 0; 0; 0; 695.6; 
567; 0; 0; 0; 695.8; 
567; 0; 0; 0; 696; 
567; 0; 0; 0; 696.2; 
567; 0; 0; 0; 696.4; 
567; 0; 0; 0; 696.6; 
567; 0; 0; 0; 696.8; 
567; 0; 0; 0; 697; 
567; 0; 0; 0; 697.2; 
567; 0; 0; 0; 697.4; 
567; 0; 0; 0; 697.6; 
567; 0; 0; 0; 697.8; 
567; 0; 0; 0; 698; 
567; 0; 0; 0; 698.2; 
567; 0; 0; 0; 698.4; 
567; 0; 0; 0; 698.6; 
567; 0; 0; 0; 698.8; 
567; 0; 0; 0; 699; 
567; 0; 0; 0; 699.2; 
567; 0; 0; 0; 699.4; 
567; 0; 0; 0; 699.6; 
567; 0; 0; 0; 699.8; 
567; 0; 0; 0; 700; 
567; 0; 0; 0; 700.2; 
567; 0; 0; 0; 700.4; 
567; 0; 0; 0; 700.6; 
567; 0; 0; 0; 700.8; 
567; 0; 0; 0; 701; 
567; 0; 0; 0; 701.2; 
567; 0; 0; 0; 701.4; 
567; 0; 0; 0; 701.6; 
567; 0; 0; 0; 701.8; 
567; 0; 0; 0; 702; 
567; 0; 0; 0; 702.2; 
567; 0; 0; 0; 702.4; 
567; 0; 0; 0; 702.6; 
567; 0; 0; 0; 702.8; 
567; 0; 0; 0; 703; 
567; 0; 0; 0; 703.2; 
567; 0; 0; 0; 703.4; 
567; 0; 0; 0; 703.6; 
567; 0; 0; 0; 703.8; 
567; 0; 0; 0; 704; 
567; 0; 0; 0; 704.2; 
567; 0; 0; 0; 704.4; 
567; 0; 0; 0; 704.6; 
567; 0; 0; 0; 704.8; 
567; 0; 0; 0; 705; 
567; 0; 0; 0; 705.2; 
567; 0; 0; 0; 705.4; 
567; 0; 0; 0; 705.6; 
567; 0; 0; 0; 705.8; 
567; 0; 0; 0; 706; 
567; 0; 0; 0; 706.2; 
567; 0; 0; 0; 706.4; 
567; 0; 0; 0; 706.6; 
567; 0; 0; 0; 706.8; 
567; 0; 0; 0; 707; 
567; 0; 0; 0; 707.2; 
567; 0; 0; 0; 707.4; 
567; 0; 0; 0; 707.6; 
567; 0; 0; 0; 707.8; 
567; 0; 0; 0; 708; 
567; 0; 0; 0; 708.2; 
567; 0; 0; 0; 708.4; 
567; 0; 0; 0; 708.6; 
567; 0; 0; 0; 708.8; 
567; 0; 0; 0; 709; 
567; 0; 0; 0; 709.2; 
567; 0; 0; 0; 709.4; 
567; 0; 0; 0; 709.6; 
567; 0; 0; 0; 709.8; 
567; 0; 0; 0; 710; 
567; 0; 0; 0; 710.2; 
567; 0; 0; 0; 710.4; 
567; 0; 0; 0; 710.6; 
567; 0; 0; 0; 710.8; 
567; 0; 0; 0; 711; 
567; 0; 0; 0; 711.2; 
567; 0; 0; 0; 711.4; 
567; 0; 0; 0; 711.6; 
567; 0; 0; 0; 711.8; 
567; 0; 0; 0; 712; 
567; 0; 0; 0; 712.2; 
567; 0; 0; 0; 712.4; 
567; 0; 0; 0; 712.6; 
567; 0; 0; 0; 712.8; 
567; 0; 0; 0; 713; 
567; 0; 0; 0; 713.2; 
567; 0; 0; 0; 713.4; 
567; 0; 0; 0; 713.6; 
567; 0; 0; 0; 713.8; 
567; 0; 0; 0; 714; 
567; 0; 0; 0; 714.2; 
567; 0; 0; 0; 714.4; 
567; 0; 0; 0; 714.6; 
567; 0; 0; 0; 714.8; 
567; 0; 0; 0; 715; 
567; 0; 0; 0; 715.2; 
567; 0; 0; 0; 715.4; 
567; 0; 0; 0; 715.6; 
567; 0; 0; 0; 715.8; 
567; 0; 0; 0; 716; 
567; 0; 0; 0; 716.2; 
567; 0; 0; 0; 716.4; 
567; 0; 0; 0; 716.6; 
567; 0; 0; 0; 716.8; 
567; 0; 0; 0; 717; 
567; 0; 0; 0; 717.2; 
567; 0; 0; 0; 717.4; 
567; 0; 0; 0; 717.6; 
567; 0; 0; 0; 717.8; 
567; 0; 0; 0; 718; 
567; 0; 0; 0; 718.2; 
567; 0; 0; 0; 718.4; 
567; 0; 0; 0; 718.6; 
567; 0; 0; 0; 718.8; 
567; 0; 0; 0; 719; 
567; 0; 0; 0; 719.2; 
567; 0; 0; 0; 719.4; 
567; 0; 0; 0; 719.6; 
567; 0; 0; 0; 719.8; 
567; 0; 0; 0; 720; 
567; 0; 0; 0; 720.2; 
567; 0; 0; 0; 720.4; 
567; 0; 0; 0; 720.6; 
567; 0; 0; 0; 720.8; 
567; 0; 0; 0; 721; 
567; 0; 0; 0; 721.2; 
567; 0; 0; 0; 721.4; 
567; 0; 0; 0; 721.6; 
567; 0; 0; 0; 721.8; 
567; 0; 0; 0; 722; 
567; 0; 0; 0; 722.2; 
567; 0; 0; 0; 722.4; 
567; 0; 0; 0; 722.6; 
567; 0; 0; 0; 722.8; 
567; 0; 0; 0; 723; 
567; 0; 0; 0; 723.2; 
567; 0; 0; 0; 723.4; 
567; 0; 0; 0; 723.6; 
567; 0; 0; 0; 723.8; 
567; 0; 0; 0; 724; 
567; 0; 0; 0; 724.2; 
567; 0; 0; 0; 724.4; 
567; 0; 0; 0; 724.6; 
567; 0; 0; 0; 724.8; 
567; 0; 0; 0; 725; 
567; 0; 0; 0; 725.2; 
567; 0; 0; 0; 725.4; 
567; 0; 0; 0; 725.6; 
567; 0; 0; 0; 725.8; 
567; 0; 0; 0; 726; 
567; 0; 0; 0; 726.2; 
567; 0; 0; 0; 726.4; 
567; 0; 0; 0; 726.6; 
567; 0; 0; 0; 726.8; 
567; 0; 0; 0; 727; 
567; 0; 0; 0; 727.2; 
567; 0; 0; 0; 727.4; 
567; 0; 0; 0; 727.6; 
567; 0; 0; 0; 727.8; 
567; 0; 0; 0; 728; 
567; 0; 0; 0; 728.2; 
567; 0; 0; 0; 728.4; 
567; 0; 0; 0; 728.6; 
567; 0; 0; 0; 728.8; 
567; 0; 0; 0; 729; 
567; 0; 0; 0; 729.2; 
567; 0; 0; 0; 729.4; 
567; 0; 0; 0; 729.6; 
567; 0; 0; 0; 729.8; 
567; 0; 0; 0; 730; 
567; 0; 0; 0; 730.2; 
567; 0; 0; 0; 730.4; 
567; 0; 0; 0; 730.6; 
567; 0; 0; 0; 730.8; 
567; 0; 0; 0; 731; 
567; 0; 0; 0; 731.2; 
567; 0; 0; 0; 731.4; 
567; 0; 0; 0; 731.6; 
567; 0; 0; 0; 731.8; 
567; 0; 0; 0; 732; 
567; 0; 0; 0; 732.2; 
567; 0; 0; 0; 732.4; 
567; 0; 0; 0; 732.6; 
567; 0; 0; 0; 732.8; 
567; 0; 0; 0; 733; 
567; 0; 0; 0; 733.2; 
567; 0; 0; 0; 733.4; 
567; 0; 0; 0; 733.6; 
567; 0; 0; 0; 733.8; 
567; 0; 0; 0; 734; 
567; 0; 0; 0; 734.2; 
567; 0; 0; 0; 734.4; 
567; 0; 0; 0; 734.6; 
567; 0; 0; 0; 734.8; 
567; 0; 0; 0; 735; 
567; 0; 0; 0; 735.2; 
567; 0; 0; 0; 735.4; 
567; 0; 0; 0; 735.6; 
567; 0; 0; 0; 735.8; 
567; 0; 0; 0; 736; 
567; 0; 0; 0; 736.2; 
567; 0; 0; 0; 736.4; 
567; 0; 0; 0; 736.6; 
567; 0; 0; 0; 736.8; 
567; 0; 0; 0; 737; 
567; 0; 0; 0; 737.2; 
567; 0; 0; 0; 737.4; 
567; 0; 0; 0; 737.6; 
567; 0; 0; 0; 737.8; 
567; 0; 0; 0; 738; 
567; 0; 0; 0; 738.2; 
567; 0; 0; 0; 738.4; 
567; 0; 0; 0; 738.6; 
567; 0; 0; 0; 738.8; 
567; 0; 0; 0; 739; 
567; 0; 0; 0; 739.2; 
567; 0; 0; 0; 739.4; 
567; 0; 0; 0; 739.6; 
567; 0; 0; 0; 739.8; 
567; 0; 0; 0; 740; 
567; 0; 0; 0; 740.2; 
567; 0; 0; 0; 740.4; 
567; 0; 0; 0; 740.6; 
567; 0; 0; 0; 740.8; 
567; 0; 0; 0; 741; 
567; 0; 0; 0; 741.2; 
567; 0; 0; 0; 741.4; 
567; 0; 0; 0; 741.6; 
567; 0; 0; 0; 741.8; 
567; 0; 0; 0; 742; 
567; 0; 0; 0; 742.2; 
567; 0; 0; 0; 742.4; 
567; 0; 0; 0; 742.6; 
567; 0; 0; 0; 742.8; 
567; 0; 0; 0; 743; 
567; 0; 0; 0; 743.2; 
567; 0; 0; 0; 743.4; 
567; 0; 0; 0; 743.6; 
567; 0; 0; 0; 743.8; 
567; 0; 0; 0; 744; 
567; 0; 0; 0; 744.2; 
567; 0; 0; 0; 744.4; 
567; 0; 0; 0; 744.6; 
567; 0; 0; 0; 744.8; 
567; 0; 0; 0; 745; 
567; 0; 0; 0; 745.2; 
567; 0; 0; 0; 745.4; 
567; 0; 0; 0; 745.6; 
567; 0; 0; 0; 745.8; 
567; 0; 0; 0; 746; 
567; 0; 0; 0; 746.2; 
567; 0; 0; 0; 746.4; 
567; 0; 0; 0; 746.6; 
567; 0; 0; 0; 746.8; 
567; 0; 0; 0; 747; 
567; 0; 0; 0; 747.2; 
567; 0; 0; 0; 747.4; 
567; 0; 0; 0; 747.6; 
567; 0; 0; 0; 747.8; 
567; 0; 0; 0; 748; 
567; 0; 0; 0; 748.2; 
567; 0; 0; 0; 748.4; 
567; 0; 0; 0; 748.6; 
567; 0; 0; 0; 748.8; 
567; 0; 0; 0; 749; 
567; 0; 0; 0; 749.2; 
567; 0; 0; 0; 749.4; 
567; 0; 0; 0; 749.6; 
567; 0; 0; 0; 749.8; 
567; 0; 0; 0; 750; 
567; 0; 0; 0; 750.2; 
567; 0; 0; 0; 750.4; 
567; 0; 0; 0; 750.6; 
567; 0; 0; 0; 750.8; 
567; 0; 0; 0; 751; 
567; 0; 0; 0; 751.2; 
567; 0; 0; 0; 751.4; 
567; 0; 0; 0; 751.6; 
567; 0; 0; 0; 751.8; 
567; 0; 0; 0; 752; 
567; 0; 0; 0; 752.2; 
567; 0; 0; 0; 752.4; 
567; 0; 0; 0; 752.6; 
567; 0; 0; 0; 752.8; 
567; 0; 0; 0; 753; 
567; 0; 0; 0; 753.2; 
567; 0; 0; 0; 753.4; 
567; 0; 0; 0; 753.6; 
567; 0; 0; 0; 753.8; 
567; 0; 0; 0; 754; 
567; 0; 0; 0; 754.2; 
567; 0; 0; 0; 754.4; 
567; 0; 0; 0; 754.6; 
567; 0; 0; 0; 754.8; 
567; 0; 0; 0; 755; 
567; 0; 0; 0; 755.2; 
567; 0; 0; 0; 755.4; 
567; 0; 0; 0; 755.6; 
567; 0; 0; 0; 755.8; 
567; 0; 0; 0; 756; 
567; 0; 0; 0; 756.2; 
567; 0; 0; 0; 756.4; 
567; 0; 0; 0; 756.6; 
567; 0; 0; 0; 756.8; 
567; 0; 0; 0; 757; 
567; 0; 0; 0; 757.2; 
567; 0; 0; 0; 757.4; 
567; 0; 0; 0; 757.6; 
567; 0; 0; 0; 757.8; 
567; 0; 0; 0; 758; 
567; 0; 0; 0; 758.2; 
567; 0; 0; 0; 758.4; 
567; 0; 0; 0; 758.6; 
567; 0; 0; 0; 758.8; 
567; 0; 0; 0; 759; 
567; 0; 0; 0; 759.2; 
567; 0; 0; 0; 759.4; 
567; 0; 0; 0; 759.6; 
567; 0; 0; 0; 759.8; 
567; 0; 0; 0; 760; 
567; 0; 0; 0; 760.2; 
567; 0; 0; 0; 760.4; 
567; 0; 0; 0; 760.6; 
567; 0; 0; 0; 760.8; 
567; 0; 0; 0; 761; 
567; 0; 0; 0; 761.2; 
567; 0; 0; 0; 761.4; 
567; 0; 0; 0; 761.6; 
567; 0; 0; 0; 761.8; 
567; 0; 0; 0; 762; 
567; 0; 0; 0; 762.2; 
567; 0; 0; 0; 762.4; 
567; 0; 0; 0; 762.6; 
567; 0; 0; 0; 762.8; 
567; 0; 0; 0; 763; 
567; 0; 0; 0; 763.2; 
567; 0; 0; 0; 763.4; 
567; 0; 0; 0; 763.6; 
567; 0; 0; 0; 763.8; 
567; 0; 0; 0; 764; 
567; 0; 0; 0; 764.2; 
567; 0; 0; 0; 764.4; 
567; 0; 0; 0; 764.6; 
567; 0; 0; 0; 764.8; 
567; 0; 0; 0; 765; 
567; 0; 0; 0; 765.2; 
567; 0; 0; 0; 765.4; 
567; 0; 0; 0; 765.6; 
567; 0; 0; 0; 765.8; 
567; 0; 0; 0; 766; 
567; 0; 0; 0; 766.2; 
567; 0; 0; 0; 766.4; 
567; 0; 0; 0; 766.6; 
567; 0; 0; 0; 766.8; 
567; 0; 0; 0; 767; 
567; 0; 0; 0; 767.2; 
567; 0; 0; 0; 767.4; 
567; 0; 0; 0; 767.6; 
567; 0; 0; 0; 767.8; 
567; 0; 0; 0; 768; 
567; 0; 0; 0; 768.2; 
567; 0; 0; 0; 768.4; 
567; 0; 0; 0; 768.6; 
567; 0; 0; 0; 768.8; 
567; 0; 0; 0; 769; 
567; 0; 0; 0; 769.2; 
567; 0; 0; 0; 769.4; 
567; 0; 0; 0; 769.6; 
567; 0; 0; 0; 769.8; 
567; 0; 0; 0; 770; 
567; 0; 0; 0; 770.2; 
567; 0; 0; 0; 770.4; 
567; 0; 0; 0; 770.6; 
567; 0; 0; 0; 770.8; 
567; 0; 0; 0; 771; 
567; 0; 0; 0; 771.2; 
567; 0; 0; 0; 771.4; 
567; 0; 0; 0; 771.6; 
567; 0; 0; 0; 771.8; 
567; 0; 0; 0; 772; 
567; 0; 0; 0; 772.2; 
567; 0; 0; 0; 772.4; 
567; 0; 0; 0; 772.6; 
567; 0; 0; 0; 772.8; 
567; 0; 0; 0; 773; 
567; 0; 0; 0; 773.2; 
567; 0; 0; 0; 773.4; 
567; 0; 0; 0; 773.6; 
567; 0; 0; 0; 773.8; 
567; 0; 0; 0; 774; 
567; 0; 0; 0; 774.2; 
567; 0; 0; 0; 774.4; 
567; 0; 0; 0; 774.6; 
567; 0; 0; 0; 774.8; 
567; 0; 0; 0; 775; 
567; 0; 0; 0; 775.2; 
567; 0; 0; 0; 775.4; 
567; 0; 0; 0; 775.6; 
567; 0; 0; 0; 775.8; 
567; 0; 0; 0; 776; 
567; 0; 0; 0; 776.2; 
567; 0; 0; 0; 776.4; 
567; 0; 0; 0; 776.6; 
567; 0; 0; 0; 776.8; 
567; 0; 0; 0; 777; 
567; 0; 0; 0; 777.2; 
567; 0; 0; 0; 777.4; 
567; 0; 0; 0; 777.6; 
567; 0; 0; 0; 777.8; 
567; 0; 0; 0; 778; 
567; 0; 0; 0; 778.2; 
567; 0; 0; 0; 778.4; 
567; 0; 0; 0; 778.6; 
567; 0; 0; 0; 778.8; 
567; 0; 0; 0; 779; 
567; 0; 0; 0; 779.2; 
567; 0; 0; 0; 779.4; 
567; 0; 0; 0; 779.6; 
567; 0; 0; 0; 779.8; 
567; 0; 0; 0; 780; 
567; 0; 0; 0; 780.2; 
567; 0; 0; 0; 780.4; 
567; 0; 0; 0; 780.6; 
567; 0; 0; 0; 780.8; 
567; 0; 0; 0; 781; 
567; 0; 0; 0; 781.2; 
567; 0; 0; 0; 781.4; 
567; 0; 0; 0; 781.6; 
567; 0; 0; 0; 781.8; 
567; 0; 0; 0; 782; 
567; 0; 0; 0; 782.2; 
567; 0; 0; 0; 782.4; 
567; 0; 0; 0; 782.6; 
567; 0; 0; 0; 782.8; 
567; 0; 0; 0; 783; 
567; 0; 0; 0; 783.2; 
567; 0; 0; 0; 783.4; 
567; 0; 0; 0; 783.6; 
567; 0; 0; 0; 783.8; 
567; 0; 0; 0; 784; 
567; 0; 0; 0; 784.2; 
567; 0; 0; 0; 784.4; 
567; 0; 0; 0; 784.6; 
567; 0; 0; 0; 784.8; 
567; 0; 0; 0; 785; 
567; 0; 0; 0; 785.2; 
567; 0; 0; 0; 785.4; 
567; 0; 0; 0; 785.6; 
567; 0; 0; 0; 785.8; 
567; 0; 0; 0; 786; 
567; 0; 0; 0; 786.2; 
567; 0; 0; 0; 786.4; 
567; 0; 0; 0; 786.6; 
567; 0; 0; 0; 786.8; 
567; 0; 0; 0; 787; 
567; 0; 0; 0; 787.2; 
567; 0; 0; 0; 787.4; 
567; 0; 0; 0; 787.6; 
567; 0; 0; 0; 787.8; 
567; 0; 0; 0; 788; 
567; 0; 0; 0; 788.2; 
567; 0; 0; 0; 788.4; 
567; 0; 0; 0; 788.6; 
567; 0; 0; 0; 788.8; 
567; 0; 0; 0; 789; 
567; 0; 0; 0; 789.2; 
567; 0; 0; 0; 789.4; 
567; 0; 0; 0; 789.6; 
567; 0; 0; 0; 789.8; 
567; 0; 0; 0; 790; 
567; 0; 0; 0; 790.2; 
567; 0; 0; 0; 790.4; 
567; 0; 0; 0; 790.6; 
567; 0; 0; 0; 790.8; 
567; 0; 0; 0; 791; 
567; 0; 0; 0; 791.2; 
567; 0; 0; 0; 791.4; 
567; 0; 0; 0; 791.6; 
567; 0; 0; 0; 791.8; 
567; 0; 0; 0; 792; 
567; 0; 0; 0; 792.2; 
567; 0; 0; 0; 792.4; 
567; 0; 0; 0; 792.6; 
567; 0; 0; 0; 792.8; 
567; 0; 0; 0; 793; 
567; 0; 0; 0; 793.2; 
567; 0; 0; 0; 793.4; 
567; 0; 0; 0; 793.6; 
567; 0; 0; 0; 793.8; 
567; 0; 0; 0; 794; 
567; 0; 0; 0; 794.2; 
567; 0; 0; 0; 794.4; 
567; 0; 0; 0; 794.6; 
567; 0; 0; 0; 794.8; 
567; 0; 0; 0; 795; 
567; 0; 0; 0; 795.2; 
567; 0; 0; 0; 795.4; 
567; 0; 0; 0; 795.6; 
567; 0; 0; 0; 795.8; 
567; 0; 0; 0; 796; 
567; 0; 0; 0; 796.2; 
567; 0; 0; 0; 796.4; 
567; 0; 0; 0; 796.6; 
567; 0; 0; 0; 796.8; 
567; 0; 0; 0; 797; 
567; 0; 0; 0; 797.2; 
567; 0; 0; 0; 797.4; 
567; 0; 0; 0; 797.6; 
567; 0; 0; 0; 797.8; 
567; 0; 0; 0; 798; 
567; 0; 0; 0; 798.2; 
567; 0; 0; 0; 798.4; 
567; 0; 0; 0; 798.6; 
567; 0; 0; 0; 798.8; 
567; 0; 0; 0; 799; 
567; 0; 0; 0; 799.2; 
567; 0; 0; 0; 799.4; 
567; 0; 0; 0; 799.6; 
567; 0; 0; 0; 799.8; 
567; 0; 0; 0; 800; 
567; 0; 0; 0; 800.2; 
567; 0; 0; 0; 800.4; 
567; 0; 0; 0; 800.6; 
567; 0; 0; 0; 800.8; 
567; 0; 0; 0; 801; 
567; 0; 0; 0; 801.2; 
567; 0; 0; 0; 801.4; 
567; 0; 0; 0; 801.6; 
567; 0; 0; 0; 801.8; 
567; 0; 0; 0; 802; 
567; 0; 0; 0; 802.2; 
567; 0; 0; 0; 802.4; 
567; 0; 0; 0; 802.6; 
567; 0; 0; 0; 802.8; 
567; 0; 0; 0; 803; 
567; 0; 0; 0; 803.2; 
567; 0; 0; 0; 803.4; 
567; 0; 0; 0; 803.6; 
567; 0; 0; 0; 803.8; 
567; 0; 0; 0; 804; 
567; 0; 0; 0; 804.2; 
567; 0; 0; 0; 804.4; 
567; 0; 0; 0; 804.6; 
567; 0; 0; 0; 804.8; 
567; 0; 0; 0; 805; 
567; 0; 0; 0; 805.2; 
567; 0; 0; 0; 805.4; 
567; 0; 0; 0; 805.6; 
567; 0; 0; 0; 805.8; 
567; 0; 0; 0; 806; 
567; 0; 0; 0; 806.2; 
567; 0; 0; 0; 806.4; 
567; 0; 0; 0; 806.6; 
567; 0; 0; 0; 806.8; 
567; 0; 0; 0; 807; 
567; 0; 0; 0; 807.2; 
567; 0; 0; 0; 807.4; 
567; 0; 0; 0; 807.6; 
567; 0; 0; 0; 807.8; 
567; 0; 0; 0; 808; 
567; 0; 0; 0; 808.2; 
567; 0; 0; 0; 808.4; 
567; 0; 0; 0; 808.6; 
567; 0; 0; 0; 808.8; 
567; 0; 0; 0; 809; 
567; 0; 0; 0; 809.2; 
567; 0; 0; 0; 809.4; 
567; 0; 0; 0; 809.6; 
567; 0; 0; 0; 809.8; 
567; 0; 0; 0; 810; 
567; 0; 0; 0; 810.2; 
567; 0; 0; 0; 810.4; 
567; 0; 0; 0; 810.6; 
567; 0; 0; 0; 810.8; 
567; 0; 0; 0; 811; 
567; 0; 0; 0; 811.2; 
567; 0; 0; 0; 811.4; 
567; 0; 0; 0; 811.6; 
567; 0; 0; 0; 811.8; 
567; 0; 0; 0; 812; 
567; 0; 0; 0; 812.2; 
567; 0; 0; 0; 812.4; 
567; 0; 0; 0; 812.6; 
567; 0; 0; 0; 812.8; 
567; 0; 0; 0; 813; 
567; 0; 0; 0; 813.2; 
567; 0; 0; 0; 813.4; 
567; 0; 0; 0; 813.6; 
567; 0; 0; 0; 813.8; 
567; 0; 0; 0; 814; 
567; 0; 0; 0; 814.2; 
567; 0; 0; 0; 814.4; 
567; 0; 0; 0; 814.6; 
567; 0; 0; 0; 814.8; 
567; 0; 0; 0; 815; 
567; 0; 0; 0; 815.2; 
567; 0; 0; 0; 815.4; 
567; 0; 0; 0; 815.6; 
567; 0; 0; 0; 815.8; 
567; 0; 0; 0; 816; 
567; 0; 0; 0; 816.2; 
567; 0; 0; 0; 816.4; 
567; 0; 0; 0; 816.6; 
567; 0; 0; 0; 816.8; 
567; 0; 0; 0; 817; 
567; 0; 0; 0; 817.2; 
567; 0; 0; 0; 817.4; 
567; 0; 0; 0; 817.6; 
567; 0; 0; 0; 817.8; 
567; 0; 0; 0; 818; 
567; 0; 0; 0; 818.2; 
567; 0; 0; 0; 818.4; 
567; 0; 0; 0; 818.6; 
567; 0; 0; 0; 818.8; 
567; 0; 0; 0; 819; 
567; 0; 0; 0; 819.2; 
567; 0; 0; 0; 819.4; 
567; 0; 0; 0; 819.6; 
567; 0; 0; 0; 819.8; 
567; 0; 0; 0; 820; 
567; 0; 0; 0; 820.2; 
567; 0; 0; 0; 820.4; 
567; 0; 0; 0; 820.6; 
567; 0; 0; 0; 820.8; 
567; 0; 0; 0; 821; 
567; 0; 0; 0; 821.2; 
567; 0; 0; 0; 821.4; 
567; 0; 0; 0; 821.6; 
567; 0; 0; 0; 821.8; 
567; 0; 0; 0; 822; 
567; 0; 0; 0; 822.2; 
567; 0; 0; 0; 822.4; 
567; 0; 0; 0; 822.6; 
567; 0; 0; 0; 822.8; 
567; 0; 0; 0; 823; 
567; 0; 0; 0; 823.2; 
567; 0; 0; 0; 823.4; 
567; 0; 0; 0; 823.6; 
567; 0; 0; 0; 823.8; 
567; 0; 0; 0; 824; 
567; 0; 0; 0; 824.2; 
