567; 0; 0; 170; 0; 
567; 0; 0; 170; 0.2; 
567; 0; 0; 170; 0.4; 
567; 0; 0; 170; 0.6; 
567; 0; 0; 170; 0.8; 
567; 0; 0; 170; 1; 
567; 0; 0; 170; 1.2; 
567; 0; 0; 170; 1.4; 
567; 0; 0; 170; 1.6; 
567; 0; 0; 170; 1.8; 
567; 0; 0; 170; 2; 
567; 0; 0; 170; 2.2; 
567; 0; 0; 170; 2.4; 
567; 0; 0; 170; 2.6; 
567; 0; 0; 170; 2.8; 
567; 0; 0; 170; 3; 
567; 0; 0; 170; 3.2; 
567; 0; 0; 170; 3.4; 
567; 0; 0; 170; 3.6; 
567; 0; 0; 170; 3.8; 
567; 0; 0; 170; 4; 
567; 0; 0; 170; 4.2; 
567; 0; 0; 170; 4.4; 
567; 0; 0; 170; 4.6; 
567; 0; 0; 170; 4.8; 
567; 0; 0; 170; 5; 
567; 0; 0; 170; 5.2; 
567; 0; 0; 170; 5.4; 
567; 0; 0; 170; 5.6; 
567; 0; 0; 170; 5.8; 
567; 0; 0; 170; 6; 
567; 0; 0; 170; 6.2; 
567; 0; 0; 170; 6.4; 
567; 0; 0; 170; 6.6; 
567; 0; 0; 170; 6.8; 
567; 0; 0; 170; 7; 
567; 0; 0; 170; 7.2; 
567; 0; 0; 170; 7.4; 
567; 0; 0; 170; 7.6; 
567; 0; 0; 170; 7.8; 
567; 0; 0; 170; 8; 
567; 0; 0; 170; 8.2; 
567; 0; 0; 170; 8.4; 
567; 0; 0; 170; 8.6; 
567; 0; 0; 170; 8.8; 
567; 0; 0; 170; 9; 
567; 0; 0; 170; 9.2; 
567; 0; 0; 170; 9.4; 
567; 0; 0; 170; 9.6; 
567; 0; 0; 170; 9.8; 
567; 0; 0; 170; 10; 
567; 0; 0; 170; 10.2; 
567; 0; 0; 170; 10.4; 
567; 0; 0; 170; 10.6; 
567; 0; 0; 170; 10.8; 
567; 0; 0; 170; 11; 
567; 0; 0; 170; 11.2; 
567; 0; 0; 170; 11.4; 
567; 0; 0; 170; 11.6; 
567; 0; 0; 170; 11.8; 
567; 0; 0; 170; 12; 
567; 0; 0; 170; 12.2; 
567; 0; 0; 170; 12.4; 
567; 0; 0; 170; 12.6; 
567; 0; 0; 170; 12.8; 
567; 0; 0; 170; 13; 
567; 0; 0; 170; 13.2; 
567; 0; 0; 170; 13.4; 
567; 0; 0; 170; 13.6; 
567; 0; 0; 170; 13.8; 
567; 0; 0; 170; 14; 
567; 0; 0; 170; 14.2; 
567; 0; 0; 170; 14.4; 
567; 0; 0; 170; 14.6; 
567; 0; 0; 170; 14.8; 
567; 0; 0; 170; 15; 
567; 0; 0; 170; 15.2; 
567; 0; 0; 170; 15.4; 
567; 0; 0; 170; 15.6; 
567; 0; 0; 170; 15.8; 
567; 0; 0; 170; 16; 
567; 0; 0; 170; 16.2; 
567; 0; 0; 170; 16.4; 
567; 0; 0; 170; 16.6; 
567; 0; 0; 170; 16.8; 
567; 0; 0; 170; 17; 
567; 0; 0; 170; 17.2; 
567; 0; 0; 170; 17.4; 
567; 0; 0; 170; 17.6; 
567; 0; 0; 170; 17.8; 
567; 0; 0; 170; 18; 
567; 0; 0; 170; 18.2; 
567; 0; 0; 170; 18.4; 
567; 0; 0; 170; 18.6; 
567; 0; 0; 170; 18.8; 
567; 0; 0; 170; 19; 
567; 0; 0; 170; 19.2; 
567; 0; 0; 170; 19.4; 
567; 0; 0; 170; 19.6; 
567; 0; 0; 170; 19.8; 
567; 0; 0; 170; 20; 
567; 0; 0; 170; 20.2; 
567; 0; 0; 170; 20.4; 
567; 0; 0; 170; 20.6; 
567; 0; 0; 170; 20.8; 
567; 0; 0; 170; 21; 
567; 0; 0; 170; 21.2; 
567; 0; 0; 170; 21.4; 
567; 0; 0; 170; 21.6; 
567; 0; 0; 170; 21.8; 
567; 0; 0; 170; 22; 
567; 0; 0; 170; 22.2; 
567; 0; 0; 170; 22.4; 
567; 0; 0; 170; 22.6; 
567; 0; 0; 170; 22.8; 
567; 0; 0; 170; 23; 
567; 0; 0; 170; 23.2; 
567; 0; 0; 170; 23.4; 
567; 0; 0; 170; 23.6; 
567; 0; 2633.7598; 170; 23.8; 
567; 0; 2633.7598; 170; 24; 
567; 0; 2633.7598; 170; 24.2; 
567; 0; 2633.7598; 170; 24.4; 
567; 0; 2633.7598; 170; 24.6; 
567; 0; 2633.7598; 170; 24.8; 
567; 0; 2633.7598; 170; 25; 
567; 0; 2633.7598; 170; 25.2; 
567; 0; 2633.7598; 170; 25.4; 
567; 0; 2633.7598; 170; 25.6; 
567; 0; 2633.7598; 170; 25.8; 
567; 0; 2633.7598; 170; 26; 
567; 0; 2633.7598; 170; 26.2; 
567; 0; 2633.7598; 170; 26.4; 
567; 0; 2633.7598; 170; 26.6; 
567; 0; 2633.7598; 170; 26.8; 
567; 0; 2633.7598; 170; 27; 
567; 0; 2633.7598; 170; 27.2; 
567; 0; 2633.7598; 170; 27.4; 
567; 0; 2633.7598; 170; 27.6; 
567; 0; 2633.7598; 170; 27.8; 
567; 0; 2633.7598; 170; 28; 
567; 0; 2633.7598; 170; 28.2; 
567; 0; 2633.7598; 170; 28.4; 
567; 0; 2633.7598; 170; 28.6; 
567; 0; 2633.7598; 170; 28.8; 
567; 0; 2633.7598; 170; 29; 
567; 0; 2633.7598; 170; 29.2; 
567; 0; 2633.7598; 170; 29.4; 
567; 0; 2633.7598; 170; 29.6; 
567; 0; 2633.7598; 170; 29.8; 
567; 0; 2633.7598; 170; 30; 
567; 0; 2633.7598; 170; 30.2; 
567; 0; 2633.7598; 170; 30.4; 
567; 0; 2633.7598; 170; 30.6; 
567; 0; 2633.7598; 170; 30.8; 
567; 0; 2633.7598; 170; 31; 
567; 0; 2633.7598; 170; 31.2; 
567; 0; 2633.7598; 170; 31.4; 
567; 0; 2633.7598; 170; 31.6; 
567; 0; 2633.7598; 170; 31.8; 
567; 0; 2633.7598; 170; 32; 
567; 0; 2633.7598; 170; 32.2; 
567; 0; 2633.7598; 170; 32.4; 
567; 0; 2633.7598; 170; 32.6; 
567; 0; 2633.7598; 170; 32.8; 
567; 0; 2633.7598; 170; 33; 
567; 0; 2633.7598; 170; 33.2; 
567; 0; 2633.7598; 170; 33.4; 
567; 0; 2633.7598; 170; 33.6; 
567; 0; 2633.7598; 170; 33.8; 
567; 0; 2633.7598; 170; 34; 
567; 0; 2633.7598; 170; 34.2; 
567; 0; 2633.7598; 170; 34.4; 
567; 0; 2633.7598; 170; 34.6; 
567; 0; 2633.7598; 170; 34.8; 
567; 0; 2633.7598; 170; 35; 
567; 0; 2633.7598; 170; 35.2; 
567; 0; 2633.7598; 170; 35.4; 
567; 0; 2633.7598; 170; 35.6; 
567; 0; 2633.7598; 170; 35.8; 
567; 0; 2633.7598; 170; 36; 
567; 0; 2633.7598; 170; 36.2; 
567; 0; 2633.7598; 170; 36.4; 
567; 0; 2633.7598; 170; 36.6; 
567; 0; 2633.7598; 170; 36.8; 
567; 0; 2633.7598; 170; 37; 
567; 0; 2633.7598; 170; 37.2; 
567; 0; 2633.7598; 170; 37.4; 
567; 0; 2633.7598; 170; 37.6; 
567; 0; 2633.7598; 170; 37.8; 
567; 0; 2633.7598; 170; 38; 
567; 0; 2633.7598; 170; 38.2; 
567; 0; 2633.7598; 170; 38.4; 
567; 0; 2633.7598; 170; 38.6; 
567; 0; 2633.7598; 170; 38.8; 
567; 0; 2652.4182; 170; 39; 
567; 0; 2692.5311; 170; 39.2; 
567; 0; 2755.7643; 170; 39.4; 
567; 0; 2951.9056; 170; 39.6; 
567; 0; 3218.8848; 170; 39.8; 
567; 0; 3265.1795; 170; 40; 
567; 0; 3296.059; 170; 40.2; 
567; 0; 3340.9718; 170; 40.4; 
567; 0; 3367.4975; 170; 40.6; 
567; 0; 3390.1176; 170; 40.8; 
567; 0; 3402.4525; 170; 41; 
567; 0; 3414.58; 170; 41.2; 
567; 0; 3416.535; 170; 41.4; 
567; 0; 3418.4569; 170; 41.6; 
567; 0; 3410.3964; 170; 41.8; 
567; 0; 3412.2747; 170; 42; 
567; 0; 3414.1213; 170; 42.2; 
567; 0; 3415.9334; 170; 42.4; 
567; 0; 3417.7074; 170; 42.6; 
567; 0; 3419.4399; 170; 42.8; 
567; 0; 3421.1277; 170; 43; 
567; 0; 3422.7679; 170; 43.2; 
567; 0; 3424.3594; 170; 43.4; 
567; 0; 3425.907; 170; 43.6; 
567; 0; 3427.4152; 170; 43.8; 
567; 0; 3428.8873; 170; 44; 
567; 0; 3430.3253; 170; 44.2; 
567; 0; 3431.7305; 170; 44.4; 
567; 0; 3433.1033; 170; 44.6; 
567; 0; 3434.444; 170; 44.8; 
567; 0; 3435.7525; 170; 45; 
567; 0; 3437.0284; 170; 45.2; 
567; 0; 3438.2713; 170; 45.4; 
567; 0; 3439.4809; 170; 45.6; 
567; 0; 3440.6566; 170; 45.8; 
567; 0; 3441.7979; 170; 46; 
567; 0; 3442.9043; 170; 46.2; 
567; 0; 3443.9755; 170; 46.4; 
567; 0; 3445.0108; 170; 46.6; 
567; 0; 3446.0097; 170; 46.8; 
567; 0; 3446.9719; 170; 47; 
567; 0; 3447.8968; 170; 47.2; 
567; 0; 3458.3758; 170; 47.4; 
567; 0; 3459.217; 170; 47.6; 
567; 0; 3460.0199; 170; 47.8; 
567; 0; 3460.7839; 170; 48; 
567; 0; 3461.5086; 170; 48.2; 
567; 0; 3462.1935; 170; 48.4; 
567; 0; 3472.3171; 170; 48.6; 
567; 0; 3472.9155; 170; 48.8; 
567; 0; 3473.4732; 170; 49; 
567; 0; 3473.9896; 170; 49.2; 
567; 0; 3474.4644; 170; 49.4; 
567; 0; 3474.8971; 170; 49.6; 
567; 0; 3484.6718; 170; 49.8; 
567; 0; 3485.0156; 170; 50; 
567; 0; 3485.3165; 170; 50.2; 
567; 0; 3485.5739; 170; 50.4; 
567; 0; 3495.101; 170; 50.6; 
567; 0; 3495.2687; 170; 50.8; 
567; 0; 3495.3923; 170; 51; 
567; 0; 3495.4714; 170; 51.2; 
567; 0; 3504.7608; 170; 51.4; 
567; 0; 3504.7499; 170; 51.6; 
567; 0; 3504.6938; 170; 51.8; 
567; 0; 3513.8002; 170; 52; 
567; 0; 3513.6558; 170; 52.2; 
567; 0; 3513.4786; 170; 52.4; 
567; 0; 3513.2809; 170; 52.6; 
567; 0; 3518.3041; 170; 52.8; 
567; 0; 3518.0996; 170; 53; 
567; 0; 3517.9042; 170; 53.2; 
567; 0; 3517.7243; 170; 53.4; 
567; 0; 3522.7503; 170; 53.6; 
567; 0; 3522.6177; 170; 53.8; 
567; 0; 3522.513; 170; 54; 
567; 0; 3522.4372; 170; 54.2; 
567; 0; 3527.5315; 170; 54.4; 
567; 0; 3527.512; 170; 54.6; 
567; 0; 3527.5177; 170; 54.8; 
567; 0; 3527.5458; 170; 55; 
567; 0; 3532.6925; 170; 55.2; 
567; 0; 3532.7552; 170; 55.4; 
567; 0; 3532.8297; 170; 55.6; 
567; 0; 3532.9123; 170; 55.8; 
567; 0; 3532.9993; 170; 56; 
567; 0; 3538.1465; 170; 56.2; 
567; 0; 3538.2322; 170; 56.4; 
567; 0; 3538.3137; 170; 56.6; 
567; 0; 3538.3889; 170; 56.8; 
567; 0; 3543.5204; 170; 57; 
567; 0; 3543.5842; 170; 57.2; 
567; 0; 3543.6383; 170; 57.4; 
567; 0; 3543.6831; 170; 57.6; 
567; 0; 3549.1489; 170; 57.8; 
567; 0; 3549.1764; 170; 58; 
567; 0; 3549.1969; 170; 58.2; 
567; 0; 3549.2116; 170; 58.4; 
567; 0; 3549.2219; 170; 58.6; 
567; 0; 3554.6305; 170; 58.8; 
567; 0; 3554.6363; 170; 59; 
567; 0; 3554.6417; 170; 59.2; 
567; 0; 3554.6475; 170; 59.4; 
567; 0; 3560.0315; 170; 59.6; 
567; 0; 3560.0405; 170; 59.8; 
567; 0; 3560.0518; 170; 60; 
567; 0; 3560.0655; 170; 60.2; 
567; 0; 3565.4386; 170; 60.4; 
567; 0; 3565.4566; 170; 60.6; 
567; 0; 3565.4765; 170; 60.8; 
567; 0; 3565.4977; 170; 61; 
567; 0; 3565.5198; 170; 61.2; 
567; 0; 3567.4156; 170; 61.4; 
567; 0; 3567.4383; 170; 61.6; 
567; 0; 3567.4606; 170; 61.8; 
567; 0; 3567.4823; 170; 62; 
567; 0; 3569.3357; 170; 62.2; 
567; 0; 3569.3554; 170; 62.4; 
567; 0; 3569.374; 170; 62.6; 
567; 0; 3569.3914; 170; 62.8; 
567; 0; 3569.4076; 170; 63; 
567; 0; 3571.2183; 170; 63.2; 
567; 0; 3571.2322; 170; 63.4; 
567; 0; 3571.2453; 170; 63.6; 
567; 0; 3571.2578; 170; 63.8; 
567; 0; 3571.2699; 170; 64; 
567; 0; 3573.0443; 170; 64.2; 
567; 0; 3573.056; 170; 64.4; 
567; 0; 3573.0675; 170; 64.6; 
567; 0; 3573.0786; 170; 64.8; 
567; 0; 3573.0926; 170; 65; 
567; 0; 3574.8524; 170; 65.2; 
567; 0; 3574.8997; 170; 65.4; 
567; 0; 3574.9749; 170; 65.6; 
567; 0; 3575.0841; 170; 65.8; 
567; 0; 3575.2324; 170; 66; 
567; 0; 3577.1295; 170; 66.2; 
567; 0; 3577.3684; 170; 66.4; 
567; 0; 3577.6563; 170; 66.6; 
567; 0; 3577.9852; 170; 66.8; 
567; 0; 3578.3417; 170; 67; 
567; 0; 3578.7124; 170; 67.2; 
567; 0; 3580.7549; 170; 67.4; 
567; 0; 3581.1153; 170; 67.6; 
567; 0; 3581.4576; 170; 67.8; 
567; 0; 3581.7761; 170; 68; 
567; 0; 3582.0682; 170; 68.2; 
567; 0; 3582.3339; 170; 68.4; 
567; 0; 3584.2142; 170; 68.6; 
567; 0; 3584.4317; 170; 68.8; 
567; 0; 3584.6313; 170; 69; 
567; 0; 3584.8166; 170; 69.2; 
567; 0; 3584.991; 170; 69.4; 
567; 0; 3586.7763; 170; 69.6; 
567; 0; 3586.9353; 170; 69.8; 
567; 0; 3587.0895; 170; 70; 
567; 0; 3555.949; 170; 70.2; 
567; 0; 3515.7214; 170; 70.4; 
567; 0; 3476.527; 170; 70.6; 
567; 0; 3439.0365; 170; 70.8; 
567; 0; 3399.1397; 170; 71; 
567; 0; 3359.2311; 170; 71.2; 
567; 0; 3319.3112; 170; 71.4; 
567; 0; 3278.4499; 170; 71.6; 
567; 0; 3238.5084; 170; 71.8; 
567; 0; 3200.4214; 170; 72; 
567; 0; 3161.5528; 170; 72.2; 
567; 0; 3122.6763; 170; 72.4; 
567; 0; 3085.6464; 170; 72.6; 
567; 0; 3052.3731; 170; 72.8; 
567; 0; 3020.421; 170; 73; 
567; 0; 2986.048; 170; 73.2; 
567; 0; 2951.253; 170; 73.4; 
567; 0; 2917.3951; 170; 73.6; 
567; 0; 2884.4746; 170; 73.8; 
567; 0; 2853.4334; 170; 74; 
567; 0; 2822.3891; 170; 74.2; 
567; 0; 2793.2246; 170; 74.4; 
567; 0; 2764.0574; 170; 74.6; 
567; 0; 2736.7705; 170; 74.8; 
567; 0; 2714.4239; 170; 75; 
567; 0; 2689.412; 170; 75.2; 
567; 0; 2665.5873; 170; 75.4; 
567; 0; 2645.7187; 170; 75.6; 
567; 0; 2625.849; 170; 75.8; 
567; 0; 2602.9737; 170; 76; 
567; 0; 2580.4774; 170; 76.2; 
567; 0; 2558.9585; 170; 76.4; 
567; 0; 2538.417; 170; 76.6; 
567; 0; 2518.853; 170; 76.8; 
567; 0; 2499.2883; 170; 77; 
567; 0; 2481.6802; 170; 77.2; 
567; 0; 2464.0722; 170; 77.4; 
567; 0; 2448.4214; 170; 77.6; 
567; 0; 2432.7707; 170; 77.8; 
567; 0; 2417.1196; 170; 78; 
567; 0; 2410.5414; 170; 78.2; 
567; 0; 2397.0609; 170; 78.4; 
567; 0; 2383.5796; 170; 78.6; 
567; 0; 2371.0606; 170; 78.8; 
567; 0; 2358.5408; 170; 79; 
567; 0; 2346.9834; 170; 79.2; 
567; 0; 2335.4253; 170; 79.4; 
567; 0; 2324.8301; 170; 79.6; 
567; 0; 2315.2653; 170; 79.8; 
567; 0; 2306.0146; 170; 80; 
567; 0; 2297.6048; 170; 80.2; 
567; 0; 2290.036; 170; 80.4; 
567; 0; 2282.4672; 170; 80.6; 
567; 0; 2274.2267; 170; 80.8; 
567; 0; 2266.4106; 170; 81; 
567; 0; 2259.5716; 170; 81.2; 
567; 0; 2251.7554; 170; 81.4; 
567; 0; 2244.9163; 170; 81.6; 
567; 0; 2238.077; 170; 81.8; 
567; 0; 2232.2147; 170; 82; 
567; 0; 2226.3523; 170; 82.2; 
567; 0; 2221.4669; 170; 82.4; 
567; 0; 2215.6042; 170; 82.6; 
567; 0; 2210.7187; 170; 82.8; 
567; 0; 2205.833; 170; 83; 
567; 0; 2201.9245; 170; 83.2; 
567; 0; 2198.0159; 170; 83.4; 
567; 0; 2194.1072; 170; 83.6; 
567; 0; 2190.1985; 170; 83.8; 
567; 0; 2186.2898; 170; 84; 
567; 0; 2183.3582; 170; 84.2; 
567; 0; 2180.4266; 170; 84.4; 
567; 0; 2177.495; 170; 84.6; 
567; 0; 2174.5634; 170; 84.8; 
567; 0; 2171.6319; 170; 85; 
567; 0; 2169.6774; 170; 85.2; 
567; 0; 2167.723; 170; 85.4; 
567; 0; 2165.7685; 170; 85.6; 
567; 0; 2163.8139; 170; 85.8; 
567; 0; 2161.8594; 170; 86; 
567; 0; 2159.9049; 170; 86.2; 
567; 0; 2158.9274; 170; 86.4; 
567; 0; 2156.9728; 170; 86.6; 
567; 0; 2155.9953; 170; 86.8; 
567; 0; 2155.0178; 170; 87; 
567; 0; 2154.0404; 170; 87.2; 
567; 0; 2153.0629; 170; 87.4; 
567; 0; 2152.0854; 170; 87.6; 
567; 0; 2152.0851; 170; 87.8; 
567; 0; 2151.1075; 170; 88; 
567; 0; 2150.13; 170; 88.2; 
567; 0; 2150.1296; 170; 88.4; 
567; 0; 2150.1292; 170; 88.6; 
567; 0; 2149.1516; 170; 88.8; 
567; 0; 2149.1512; 170; 89; 
567; 0; 2149.1508; 170; 89.2; 
567; 0; 2149.1504; 170; 89.4; 
567; 0; 2149.1501; 170; 89.6; 
567; 0; 2149.1498; 170; 89.8; 
567; 0; 2149.1495; 170; 90; 
567; 0; 2149.1491; 170; 90.2; 
567; 0; 2149.1487; 170; 90.4; 
567; 0; 2149.1483; 170; 90.6; 
567; 0; 2149.1479; 170; 90.8; 
567; 0; 2150.1246; 170; 91; 
567; 0; 2139.5436; 170; 91.2; 
567; 0; 2139.5431; 170; 91.4; 
567; 0; 2140.5319; 170; 91.6; 
567; 0; 2140.5314; 170; 91.8; 
567; 0; 2141.5203; 170; 92; 
567; 0; 2141.52; 170; 92.2; 
567; 0; 2142.5089; 170; 92.4; 
567; 0; 2143.4978; 170; 92.6; 
567; 0; 2144.4867; 170; 92.8; 
567; 0; 2144.4862; 170; 93; 
567; 0; 2145.4751; 170; 93.2; 
567; 0; 2146.4639; 170; 93.4; 
567; 0; 2147.4527; 170; 93.6; 
567; 0; 2148.4415; 170; 93.8; 
567; 0; 2149.4303; 170; 94; 
567; 0; 2150.4191; 170; 94.2; 
567; 0; 2151.4079; 170; 94.4; 
567; 0; 2152.3968; 170; 94.6; 
567; 0; 2153.3856; 170; 94.8; 
567; 0; 2154.3744; 170; 95; 
567; 0; 2155.3633; 170; 95.2; 
567; 0; 2156.3523; 170; 95.4; 
567; 0; 2158.3327; 170; 95.6; 
567; 0; 2162.2972; 170; 95.8; 
567; 0; 2167.2597; 170; 96; 
567; 0; 2174.2126; 170; 96.2; 
567; 0; 2184.1483; 170; 96.4; 
567; 0; 2195.0911; 170; 96.6; 
567; 0; 2209.0233; 170; 96.8; 
567; 0; 2224.9586; 170; 97; 
567; 0; 2241.9105; 170; 97.2; 
567; 0; 2258.8893; 170; 97.4; 
567; 0; 2274.9272; 170; 97.6; 
567; 0; 2287.8818; 170; 97.8; 
567; 0; 2300.8474; 170; 98; 
567; 0; 2312.9651; 170; 98.2; 
567; 0; 2323.5235; 170; 98.4; 
567; 0; 2335.4507; 170; 98.6; 
567; 0; 2346.3991; 170; 98.8; 
567; 0; 2356.3681; 170; 99; 
567; 0; 2366.3398; 170; 99.2; 
567; 0; 2376.3157; 170; 99.4; 
567; 0; 2377.1446; 170; 99.6; 
567; 0; 2387.2962; 170; 99.8; 
567; 0; 2396.4569; 170; 100; 
567; 0; 2406.6251; 170; 100.2; 
567; 0; 2415.8027; 170; 100.4; 
567; 0; 2424.9888; 170; 100.6; 
567; 0; 2434.1831; 170; 100.8; 
567; 0; 2443.385; 170; 101; 
567; 0; 2451.5931; 170; 101.2; 
567; 0; 2459.8071; 170; 101.4; 
567; 0; 2467.025; 170; 101.6; 
567; 0; 2474.2469; 170; 101.8; 
567; 0; 2481.4728; 170; 102; 
567; 0; 2487.7003; 170; 102.2; 
567; 0; 2493.9312; 170; 102.4; 
567; 0; 2500.1656; 170; 102.6; 
567; 0; 2506.4036; 170; 102.8; 
567; 0; 2511.6421; 170; 103; 
567; 0; 2516.8839; 170; 103.2; 
567; 0; 2522.1293; 170; 103.4; 
567; 0; 2526.3741; 170; 103.6; 
567; 0; 2530.6221; 170; 103.8; 
567; 0; 2535.8782; 170; 104; 
567; 0; 2540.1328; 170; 104.2; 
567; 0; 2543.385; 170; 104.4; 
567; 0; 2547.6453; 170; 104.6; 
567; 0; 2550.9024; 170; 104.8; 
567; 0; 2554.1618; 170; 105; 
567; 0; 2557.4233; 170; 105.2; 
567; 0; 2560.6869; 170; 105.4; 
567; 0; 2562.9451; 170; 105.6; 
567; 0; 2566.2125; 170; 105.8; 
567; 0; 2568.4739; 170; 106; 
567; 0; 2570.7368; 170; 106.2; 
567; 0; 2573.0013; 170; 106.4; 
567; 0; 2575.2674; 170; 106.6; 
567; 0; 2576.526; 170; 106.8; 
567; 0; 2578.7951; 170; 107; 
567; 0; 2580.0562; 170; 107.2; 
567; 0; 2582.3283; 170; 107.4; 
567; 0; 2583.5918; 170; 107.6; 
567; 0; 2584.8563; 170; 107.8; 
567; 0; 2586.1217; 170; 108; 
567; 0; 2587.388; 170; 108.2; 
567; 0; 2588.6553; 170; 108.4; 
567; 0; 2588.9117; 170; 108.6; 
567; 0; 2590.1807; 170; 108.8; 
567; 0; 2590.4383; 170; 109; 
567; 0; 2591.7089; 170; 109.2; 
567; 0; 2591.9674; 170; 109.4; 
567; 0; 2592.2264; 170; 109.6; 
567; 0; 2593.2367; 170; 109.8; 
567; 0; 2593.3884; 170; 110; 
567; 0; 2593.5405; 170; 110.2; 
567; 0; 2593.6928; 170; 110.4; 
567; 0; 2593.8455; 170; 110.6; 
567; 0; 2593.9984; 170; 110.8; 
567; 0; 2594.1516; 170; 111; 
567; 0; 2594.3051; 170; 111.2; 
567; 0; 2594.4589; 170; 111.4; 
567; 0; 2593.7871; 170; 111.6; 
567; 0; 2593.9412; 170; 111.8; 
567; 0; 2594.0957; 170; 112; 
567; 0; 2593.4238; 170; 112.2; 
567; 0; 2593.5785; 170; 112.4; 
567; 0; 2593.7336; 170; 112.6; 
567; 0; 2593.0616; 170; 112.8; 
567; 0; 2593.2171; 170; 113; 
567; 0; 2592.5449; 170; 113.2; 
567; 0; 2592.7007; 170; 113.4; 
567; 0; 2592.0284; 170; 113.6; 
567; 0; 2592.1845; 170; 113.8; 
567; 0; 2591.5121; 170; 114; 
567; 0; 2591.6686; 170; 114.2; 
567; 0; 2596.5522; 170; 114.4; 
567; 0; 2595.8847; 170; 114.6; 
567; 0; 2596.0339; 170; 114.8; 
567; 0; 2595.3662; 170; 115; 
567; 0; 2594.6983; 170; 115.2; 
567; 0; 2594.848; 170; 115.4; 
567; 0; 2594.18; 170; 115.6; 
567; 0; 2593.5119; 170; 115.8; 
567; 0; 2592.8434; 170; 116; 
567; 0; 2592.1259; 170; 116.2; 
567; 0; 2591.3765; 170; 116.4; 
567; 0; 2590.627; 170; 116.6; 
567; 0; 2589.8771; 170; 116.8; 
567; 0; 2590.1359; 170; 117; 
567; 0; 2589.3858; 170; 117.2; 
567; 0; 2588.6354; 170; 117.4; 
567; 0; 2587.8847; 170; 117.6; 
567; 0; 2587.1339; 170; 117.8; 
567; 0; 2586.3828; 170; 118; 
567; 0; 2585.6315; 170; 118.2; 
567; 0; 2584.8799; 170; 118.4; 
567; 0; 2584.1282; 170; 118.6; 
567; 0; 2583.3762; 170; 118.8; 
567; 0; 2582.6239; 170; 119; 
567; 0; 2581.8713; 170; 119.2; 
567; 0; 2581.1185; 170; 119.4; 
567; 0; 2580.3656; 170; 119.6; 
567; 0; 2579.6123; 170; 119.8; 
567; 0; 2578.8588; 170; 120; 
567; 0; 2579.1189; 170; 120.2; 
567; 0; 2578.3651; 170; 120.4; 
567; 0; 2577.611; 170; 120.6; 
567; 0; 2576.8566; 170; 120.8; 
567; 0; 2576.102; 170; 121; 
567; 0; 2575.3471; 170; 121.2; 
567; 0; 2575.6078; 170; 121.4; 
567; 0; 2574.8526; 170; 121.6; 
567; 0; 2574.0972; 170; 121.8; 
567; 0; 2573.3415; 170; 122; 
567; 0; 2572.5857; 170; 122.2; 
567; 0; 2571.8295; 170; 122.4; 
567; 0; 2572.0909; 170; 122.6; 
567; 0; 2571.3345; 170; 122.8; 
567; 0; 2570.5779; 170; 123; 
567; 0; 2569.821; 170; 123.2; 
567; 0; 2570.0829; 170; 123.4; 
567; 0; 2569.3258; 170; 123.6; 
567; 0; 2568.5684; 170; 123.8; 
567; 0; 2567.8107; 170; 124; 
567; 0; 2568.0731; 170; 124.2; 
567; 0; 2567.3152; 170; 124.4; 
567; 0; 2566.5569; 170; 124.6; 
567; 0; 2566.8197; 170; 124.8; 
567; 0; 2566.0612; 170; 125; 
567; 0; 2565.3025; 170; 125.2; 
567; 0; 2565.5658; 170; 125.4; 
567; 0; 2564.8068; 170; 125.6; 
567; 0; 2564.0476; 170; 125.8; 
567; 0; 2564.3114; 170; 126; 
567; 0; 2563.552; 170; 126.2; 
567; 0; 2562.7922; 170; 126.4; 
567; 0; 2563.0563; 170; 126.6; 
567; 0; 2562.2962; 170; 126.8; 
567; 0; 2561.5359; 170; 127; 
567; 0; 2561.8006; 170; 127.2; 
567; 0; 2561.0401; 170; 127.4; 
567; 0; 2560.2793; 170; 127.6; 
567; 0; 2560.5444; 170; 127.8; 
567; 0; 2559.7835; 170; 128; 
567; 0; 2560.049; 170; 128.2; 
567; 0; 2559.2878; 170; 128.4; 
567; 0; 2559.5534; 170; 128.6; 
567; 0; 2559.8186; 170; 128.8; 
567; 0; 2560.0828; 170; 129; 
567; 0; 2558.2853; 170; 129.2; 
567; 0; 2556.4752; 170; 129.4; 
567; 0; 2552.588; 170; 129.6; 
567; 0; 2546.6179; 170; 129.8; 
567; 0; 2539.59; 170; 130; 
567; 0; 2531.5022; 170; 130.2; 
567; 0; 2520.2933; 170; 130.4; 
567; 0; 2508.022; 170; 130.6; 
567; 0; 2493.6589; 170; 130.8; 
567; 0; 2478.2345; 170; 131; 
567; 0; 2461.7516; 170; 131.2; 
567; 0; 2444.217; 170; 131.4; 
567; 0; 2426.67; 170; 131.6; 
567; 0; 2411.1791; 170; 131.8; 
567; 0; 2397.7517; 170; 132; 
567; 0; 2386.3929; 170; 132.2; 
567; 0; 2377.1062; 170; 132.4; 
567; 0; 2376.632; 170; 132.6; 
567; 0; 2369.5445; 170; 132.8; 
567; 0; 2362.4673; 170; 133; 
567; 0; 2354.3831; 170; 133.2; 
567; 0; 2346.3013; 170; 133.4; 
567; 0; 2338.2181; 170; 133.6; 
567; 0; 2329.1163; 170; 133.8; 
567; 0; 2319.4208; 170; 134; 
567; 0; 2310.5772; 170; 134.2; 
567; 0; 2301.7276; 170; 134.4; 
567; 0; 2292.8733; 170; 134.6; 
567; 0; 2284.901; 170; 134.8; 
567; 0; 2276.0419; 170; 135; 
567; 0; 2268.953; 170; 135.2; 
567; 0; 2261.8652; 170; 135.4; 
567; 0; 2254.779; 170; 135.6; 
567; 0; 2248.5799; 170; 135.8; 
567; 0; 2243.2678; 170; 136; 
567; 0; 2237.9574; 170; 136.2; 
567; 0; 2232.3772; 170; 136.4; 
567; 0; 2227.2389; 170; 136.6; 
567; 0; 2222.101; 170; 136.8; 
567; 0; 2216.9629; 170; 137; 
567; 0; 2211.8241; 170; 137.2; 
567; 0; 2206.6845; 170; 137.4; 
567; 0; 2201.5438; 170; 137.6; 
567; 0; 2197.4305; 170; 137.8; 
567; 0; 2193.3165; 170; 138; 
567; 0; 2189.2019; 170; 138.2; 
567; 0; 2185.0871; 170; 138.4; 
567; 0; 2180.9723; 170; 138.6; 
567; 0; 2177.8859; 170; 138.8; 
567; 0; 2174.7998; 170; 139; 
567; 0; 2171.7139; 170; 139.2; 
567; 0; 2168.6283; 170; 139.4; 
567; 0; 2166.5712; 170; 139.6; 
567; 0; 2164.5143; 170; 139.8; 
567; 0; 2161.4293; 170; 140; 
567; 0; 2159.3726; 170; 140.2; 
567; 0; 2157.3159; 170; 140.4; 
567; 0; 2156.2874; 170; 140.6; 
567; 0; 2154.2305; 170; 140.8; 
567; 0; 2152.1736; 170; 141; 
567; 0; 2151.1448; 170; 141.2; 
567; 0; 2149.0877; 170; 141.4; 
567; 0; 2148.0587; 170; 141.6; 
567; 0; 2147.0296; 170; 141.8; 
567; 0; 2146.0006; 170; 142; 
567; 0; 2144.9715; 170; 142.2; 
567; 0; 2143.9424; 170; 142.4; 
567; 0; 2142.9135; 170; 142.6; 
567; 0; 2142.9129; 170; 142.8; 
567; 0; 2141.884; 170; 143; 
567; 0; 2140.8551; 170; 143.2; 
567; 0; 2140.8545; 170; 143.4; 
567; 0; 2139.8255; 170; 143.6; 
567; 0; 2139.8248; 170; 143.8; 
567; 0; 2139.8242; 170; 144; 
567; 0; 2139.8235; 170; 144.2; 
567; 0; 2138.7946; 170; 144.4; 
567; 0; 2138.794; 170; 144.6; 
567; 0; 2138.7934; 170; 144.8; 
567; 0; 2138.7928; 170; 145; 
567; 0; 2138.7922; 170; 145.2; 
567; 0; 2138.7916; 170; 145.4; 
567; 0; 2139.82; 170; 145.6; 
567; 0; 2141.8808; 170; 145.8; 
567; 0; 2144.9779; 170; 146; 
567; 0; 2151.1718; 170; 146.2; 
567; 0; 2159.4378; 170; 146.4; 
567; 0; 2160.048; 170; 146.6; 
567; 0; 2173.6658; 170; 146.8; 
567; 0; 2188.3511; 170; 147; 
567; 0; 2204.1061; 170; 147.2; 
567; 0; 2219.8874; 170; 147.4; 
567; 0; 2234.132; 170; 147.6; 
567; 0; 2245.962; 170; 147.8; 
567; 0; 2256.8991; 170; 148; 
567; 0; 2266.9395; 170; 148.2; 
567; 0; 2276.0798; 170; 148.4; 
567; 0; 2284.318; 170; 148.6; 
567; 0; 2292.555; 170; 148.8; 
567; 0; 2299.8894; 170; 149; 
567; 0; 2306.3217; 170; 149.2; 
567; 0; 2312.7552; 170; 149.4; 
567; 0; 2320.0939; 170; 149.6; 
567; 0; 2327.1421; 170; 149.8; 
567; 0; 2334.5248; 170; 150; 
567; 0; 2342.9484; 170; 150.2; 
567; 0; 2350.3444; 170; 150.4; 
567; 0; 2357.7469; 170; 150.6; 
567; 0; 2365.1552; 170; 150.8; 
567; 0; 2371.5333; 170; 151; 
567; 0; 2377.9155; 170; 151.2; 
567; 0; 2384.3011; 170; 151.4; 
567; 0; 2389.6533; 170; 151.6; 
567; 0; 2395.0076; 170; 151.8; 
567; 0; 2400.3639; 170; 152; 
567; 0; 2405.722; 170; 152.2; 
567; 0; 2410.0447; 170; 152.4; 
567; 0; 2414.3692; 170; 152.6; 
567; 0; 2418.6957; 170; 152.8; 
567; 0; 2421.9863; 170; 153; 
567; 0; 2426.3173; 170; 153.2; 
567; 0; 2429.6122; 170; 153.4; 
567; 0; 2433.9481; 170; 153.6; 
567; 0; 2437.2475; 170; 153.8; 
567; 0; 2440.5491; 170; 154; 
567; 0; 2442.813; 170; 154.2; 
567; 0; 2446.1184; 170; 154.4; 
567; 0; 2449.4257; 170; 154.6; 
567; 0; 2451.6943; 170; 154.8; 
567; 0; 2453.9641; 170; 155; 
567; 0; 2456.2352; 170; 155.2; 
567; 0; 2458.5074; 170; 155.4; 
567; 0; 2460.7807; 170; 155.6; 
567; 0; 2462.0134; 170; 155.8; 
567; 0; 2464.2888; 170; 156; 
567; 0; 2465.523; 170; 156.2; 
567; 0; 2467.8006; 170; 156.4; 
567; 0; 2469.0367; 170; 156.6; 
567; 0; 2470.2738; 170; 156.8; 
567; 0; 2471.5117; 170; 157; 
567; 0; 2472.7503; 170; 157.2; 
567; 0; 2473.9898; 170; 157.4; 
567; 0; 2475.23; 170; 157.6; 
567; 0; 2476.471; 170; 157.8; 
567; 0; 2477.7129; 170; 158; 
567; 0; 2477.9107; 170; 158.2; 
567; 0; 2479.1539; 170; 158.4; 
567; 0; 2479.3526; 170; 158.6; 
567; 0; 2480.5971; 170; 158.8; 
567; 0; 2480.7963; 170; 159; 
567; 0; 2482.0419; 170; 159.2; 
567; 0; 2482.2418; 170; 159.4; 
567; 0; 2482.442; 170; 159.6; 
567; 0; 2483.6894; 170; 159.8; 
567; 0; 2483.8902; 170; 160; 
567; 0; 2484.0913; 170; 160.2; 
567; 0; 2484.2926; 170; 160.4; 
567; 0; 2484.4941; 170; 160.6; 
567; 0; 2484.6959; 170; 160.8; 
567; 0; 2484.898; 170; 161; 
567; 0; 2486.1491; 170; 161.2; 
567; 0; 2486.3514; 170; 161.4; 
567; 0; 2486.5529; 170; 161.6; 
567; 0; 2486.7528; 170; 161.8; 
567; 0; 2486.9502; 170; 162; 
567; 0; 2487.1442; 170; 162.2; 
567; 0; 2487.3339; 170; 162.4; 
567; 0; 2487.5187; 170; 162.6; 
567; 0; 2487.6994; 170; 162.8; 
567; 0; 2488.9293; 170; 163; 
567; 0; 2491.2117; 170; 163.2; 
567; 0; 2494.5504; 170; 163.4; 
567; 0; 2498.9485; 170; 163.6; 
567; 0; 2504.4088; 170; 163.8; 
567; 0; 2510.9327; 170; 164; 
567; 0; 2517.4684; 170; 164.2; 
567; 0; 2524.0155; 170; 164.4; 
567; 0; 2529.5194; 170; 164.6; 
567; 0; 2532.921; 170; 164.8; 
567; 0; 2534.1924; 170; 165; 
567; 0; 2533.3258; 170; 165.2; 
567; 0; 2530.3338; 170; 165.4; 
567; 0; 2524.1549; 170; 165.6; 
567; 0; 2516.893; 170; 165.8; 
567; 0; 2507.4901; 170; 166; 
567; 0; 2495.9448; 170; 166.2; 
567; 0; 2481.2021; 170; 166.4; 
567; 0; 2465.3732; 170; 166.6; 
567; 0; 2447.4059; 170; 166.8; 
567; 0; 2428.3621; 170; 167; 
567; 0; 2409.3063; 170; 167.2; 
567; 0; 2393.4119; 170; 167.4; 
567; 0; 2380.6862; 170; 167.6; 
567; 0; 2372.1891; 170; 167.8; 
567; 0; 2368.9781; 170; 168; 
567; 0; 2368.9464; 170; 168.2; 
567; 0; 2372.0956; 170; 168.4; 
567; 0; 2375.2645; 170; 168.6; 
567; 0; 2378.4528; 170; 168.8; 
567; 0; 2379.549; 170; 169; 
567; 0; 2377.4926; 170; 169.2; 
567; 0; 2373.3298; 170; 169.4; 
567; 0; 2365.9977; 170; 169.6; 
567; 0; 2358.6535; 170; 169.8; 
567; 0; 2349.1847; 170; 170; 
567; 0; 2338.6453; 170; 170.2; 
567; 0; 2327.0374; 170; 170.4; 
567; 0; 2316.2997; 170; 170.6; 
567; 0; 2306.1517; 170; 170.8; 
567; 0; 2296.9232; 170; 171; 
567; 0; 2296.2321; 170; 171.2; 
567; 0; 2288.9668; 170; 171.4; 
567; 0; 2282.6125; 170; 171.6; 
567; 0; 2277.1693; 170; 171.8; 
567; 0; 2271.7307; 170; 172; 
567; 0; 2267.2019; 170; 172.2; 
567; 0; 2262.6757; 170; 172.4; 
567; 0; 2257.2448; 170; 172.6; 
567; 0; 2252.7202; 170; 172.8; 
567; 0; 2248.195; 170; 173; 
567; 0; 2242.7623; 170; 173.2; 
567; 0; 2238.2341; 170; 173.4; 
567; 0; 2232.7983; 170; 173.6; 
567; 0; 2228.2672; 170; 173.8; 
567; 0; 2223.7352; 170; 174; 
567; 0; 2219.2026; 170; 174.2; 
567; 0; 2214.6697; 170; 174.4; 
567; 0; 2209.4371; 170; 174.6; 
567; 0; 2205.2231; 170; 174.8; 
567; 0; 2201.0098; 170; 175; 
567; 0; 2197.85; 170; 175.2; 
567; 0; 2193.6381; 170; 175.4; 
567; 0; 2190.4795; 170; 175.6; 
567; 0; 2187.3214; 170; 175.8; 
567; 0; 2184.1636; 170; 176; 
567; 0; 2181.006; 170; 176.2; 
567; 0; 2178.901; 170; 176.4; 
567; 0; 2175.7431; 170; 176.6; 
567; 0; 2173.6378; 170; 176.8; 
567; 0; 2171.5322; 170; 177; 
567; 0; 2169.4264; 170; 177.2; 
567; 0; 2167.3203; 170; 177.4; 
567; 0; 2165.214; 170; 177.6; 
567; 0; 2163.1077; 170; 177.8; 
567; 0; 2161.0014; 170; 178; 
567; 0; 2159.9479; 170; 178.2; 
567; 0; 2157.8418; 170; 178.4; 
567; 0; 2156.7885; 170; 178.6; 
567; 0; 2154.6826; 170; 178.8; 
567; 0; 2153.6296; 170; 179; 
567; 0; 2152.5764; 170; 179.2; 
567; 0; 2151.5233; 170; 179.4; 
567; 0; 2150.4701; 170; 179.6; 
567; 0; 2149.4169; 170; 179.8; 
567; 0; 2149.4164; 170; 180; 
567; 0; 2148.3632; 170; 180.2; 
567; 0; 2147.31; 170; 180.4; 
567; 0; 2147.3096; 170; 180.6; 
567; 0; 2146.2563; 170; 180.8; 
567; 0; 2146.2558; 170; 181; 
567; 0; 2145.2025; 170; 181.2; 
567; 0; 2145.2019; 170; 181.4; 
567; 0; 2144.1486; 170; 181.6; 
567; 0; 2144.148; 170; 181.8; 
567; 0; 2144.1475; 170; 182; 
567; 0; 2144.1469; 170; 182.2; 
567; 0; 2143.0937; 170; 182.4; 
567; 0; 2143.0932; 170; 182.6; 
567; 0; 2143.0926; 170; 182.8; 
567; 0; 2143.0921; 170; 183; 
567; 0; 2143.0915; 170; 183.2; 
567; 0; 2143.0909; 170; 183.4; 
567; 0; 2143.0904; 170; 183.6; 
567; 0; 2143.0898; 170; 183.8; 
567; 0; 2143.0893; 170; 184; 
567; 0; 2143.0888; 170; 184.2; 
567; 0; 2143.0883; 170; 184.4; 
567; 0; 2143.0879; 170; 184.6; 
567; 0; 2144.1401; 170; 184.8; 
567; 0; 2144.1396; 170; 185; 
567; 0; 2144.1391; 170; 185.2; 
567; 0; 2144.1386; 170; 185.4; 
567; 0; 2144.1381; 170; 185.6; 
567; 0; 2144.1375; 170; 185.8; 
567; 0; 2145.1897; 170; 186; 
567; 0; 2145.1891; 170; 186.2; 
567; 0; 2145.1885; 170; 186.4; 
567; 0; 2135.4143; 170; 186.6; 
567; 0; 2136.4795; 170; 186.8; 
567; 0; 2136.479; 170; 187; 
567; 0; 2136.4785; 170; 187.2; 
567; 0; 2137.5437; 170; 187.4; 
567; 0; 2137.5432; 170; 187.6; 
567; 0; 2138.6084; 170; 187.8; 
567; 0; 2138.6079; 170; 188; 
567; 0; 2139.6732; 170; 188.2; 
567; 0; 2139.6727; 170; 188.4; 
567; 0; 2140.738; 170; 188.6; 
567; 0; 2140.7375; 170; 188.8; 
567; 0; 2141.8027; 170; 189; 
567; 0; 2142.868; 170; 189.2; 
567; 0; 2142.8674; 170; 189.4; 
567; 0; 2143.9327; 170; 189.6; 
567; 0; 2144.9979; 170; 189.8; 
567; 0; 2144.9973; 170; 190; 
567; 0; 2146.0625; 170; 190.2; 
567; 0; 2147.1278; 170; 190.4; 
567; 0; 2148.1928; 170; 190.6; 
567; 0; 2148.1919; 170; 190.8; 
567; 0; 2149.2568; 170; 191; 
567; 0; 2149.2559; 170; 191.2; 
567; 0; 2150.3208; 170; 191.4; 
567; 0; 2151.3859; 170; 191.6; 
567; 0; 2151.3854; 170; 191.8; 
567; 0; 2152.4509; 170; 192; 
567; 0; 2153.5165; 170; 192.2; 
567; 0; 2153.5164; 170; 192.4; 
567; 0; 2154.582; 170; 192.6; 
567; 0; 2154.5817; 170; 192.8; 
567; 0; 2155.6472; 170; 193; 
567; 0; 2155.6468; 170; 193.2; 
567; 0; 2156.7121; 170; 193.4; 
567; 0; 2156.7117; 170; 193.6; 
567; 0; 2157.777; 170; 193.8; 
567; 0; 2157.7765; 170; 194; 
567; 0; 2158.8417; 170; 194.2; 
567; 0; 2158.8412; 170; 194.4; 
567; 0; 2159.9065; 170; 194.6; 
567; 0; 2159.9059; 170; 194.8; 
567; 0; 2159.9055; 170; 195; 
567; 0; 2160.9707; 170; 195.2; 
567; 0; 2160.9703; 170; 195.4; 
567; 0; 2162.0355; 170; 195.6; 
567; 0; 2162.0349; 170; 195.8; 
567; 0; 2162.0344; 170; 196; 
567; 0; 2163.0996; 170; 196.2; 
567; 0; 2163.0991; 170; 196.4; 
567; 0; 2163.0986; 170; 196.6; 
567; 0; 2163.0982; 170; 196.8; 
567; 0; 2164.1634; 170; 197; 
567; 0; 2164.163; 170; 197.2; 
567; 0; 2164.1626; 170; 197.4; 
567; 0; 2165.2279; 170; 197.6; 
567; 0; 2165.2274; 170; 197.8; 
567; 0; 2165.227; 170; 198; 
567; 0; 2165.2265; 170; 198.2; 
567; 0; 2166.2919; 170; 198.4; 
567; 0; 2166.2915; 170; 198.6; 
567; 0; 2166.2912; 170; 198.8; 
567; 0; 2166.2908; 170; 199; 
567; 0; 2167.3561; 170; 199.2; 
567; 0; 2167.3556; 170; 199.4; 
567; 0; 2167.3551; 170; 199.6; 
567; 0; 2167.3546; 170; 199.8; 
567; 0; 2167.3541; 170; 200; 
567; 0; 2168.4194; 170; 200.2; 
567; 0; 2168.419; 170; 200.4; 
567; 0; 2168.4185; 170; 200.6; 
567; 0; 2168.4181; 170; 200.8; 
567; 0; 2168.4177; 170; 201; 
567; 0; 2168.4173; 170; 201.2; 
567; 0; 2169.4826; 170; 201.4; 
567; 0; 2169.4822; 170; 201.6; 
567; 0; 2169.4818; 170; 201.8; 
567; 0; 2169.4814; 170; 202; 
567; 0; 2169.4811; 170; 202.2; 
567; 0; 2169.4807; 170; 202.4; 
567; 0; 2170.546; 170; 202.6; 
567; 0; 2170.5456; 170; 202.8; 
567; 0; 2170.5452; 170; 203; 
567; 0; 2170.5447; 170; 203.2; 
567; 0; 2170.5442; 170; 203.4; 
567; 0; 2170.5438; 170; 203.6; 
567; 0; 2170.5434; 170; 203.8; 
567; 0; 2170.543; 170; 204; 
567; 0; 2171.6084; 170; 204.2; 
567; 0; 2171.6081; 170; 204.4; 
567; 0; 2171.6077; 170; 204.6; 
567; 0; 2171.6073; 170; 204.8; 
567; 0; 2171.6068; 170; 205; 
567; 0; 2171.6063; 170; 205.2; 
567; 0; 2171.6059; 170; 205.4; 
567; 0; 2171.6055; 170; 205.6; 
567; 0; 2171.6051; 170; 205.8; 
567; 0; 2171.6047; 170; 206; 
567; 0; 2172.67; 170; 206.2; 
567; 0; 2172.6697; 170; 206.4; 
567; 0; 2172.6694; 170; 206.6; 
567; 0; 2172.6691; 170; 206.8; 
567; 0; 2172.6688; 170; 207; 
567; 0; 2172.6684; 170; 207.2; 
567; 0; 2172.668; 170; 207.4; 
567; 0; 2172.6676; 170; 207.6; 
567; 0; 2172.6673; 170; 207.8; 
567; 0; 2172.6668; 170; 208; 
567; 0; 2173.7321; 170; 208.2; 
567; 0; 2173.7317; 170; 208.4; 
567; 0; 2173.7313; 170; 208.6; 
567; 0; 2173.7309; 170; 208.8; 
567; 0; 2173.7305; 170; 209; 
567; 0; 2174.7958; 170; 209.2; 
567; 0; 2174.7954; 170; 209.4; 
567; 0; 2174.795; 170; 209.6; 
567; 0; 2174.7946; 170; 209.8; 
567; 0; 2174.7942; 170; 210; 
567; 0; 2174.7939; 170; 210.2; 
567; 0; 2174.7934; 170; 210.4; 
567; 0; 2175.8587; 170; 210.6; 
567; 0; 2175.8584; 170; 210.8; 
567; 0; 2175.8581; 170; 211; 
567; 0; 2175.8578; 170; 211.2; 
567; 0; 2175.8575; 170; 211.4; 
567; 0; 2175.8572; 170; 211.6; 
567; 0; 2175.8569; 170; 211.8; 
567; 0; 2175.8565; 170; 212; 
567; 0; 2175.8561; 170; 212.2; 
567; 0; 2175.8557; 170; 212.4; 
567; 0; 2176.921; 170; 212.6; 
567; 0; 2176.9206; 170; 212.8; 
567; 0; 2176.9202; 170; 213; 
567; 0; 2176.9198; 170; 213.2; 
567; 0; 2176.9194; 170; 213.4; 
567; 0; 2176.919; 170; 213.6; 
567; 0; 2176.9187; 170; 213.8; 
567; 0; 2176.9184; 170; 214; 
567; 0; 2176.918; 170; 214.2; 
567; 0; 2176.9177; 170; 214.4; 
567; 0; 2176.9173; 170; 214.6; 
567; 0; 2176.9169; 170; 214.8; 
567; 0; 2176.9166; 170; 215; 
567; 0; 2176.9162; 170; 215.2; 
567; 0; 2176.9159; 170; 215.4; 
567; 0; 2176.9156; 170; 215.6; 
567; 0; 2176.9152; 170; 215.8; 
567; 0; 2176.9149; 170; 216; 
567; 0; 2176.9145; 170; 216.2; 
567; 0; 2176.9142; 170; 216.4; 
567; 0; 2176.9139; 170; 216.6; 
567; 0; 2176.9136; 170; 216.8; 
567; 0; 2176.9133; 170; 217; 
567; 0; 2176.9129; 170; 217.2; 
567; 0; 2176.9125; 170; 217.4; 
567; 0; 2176.9121; 170; 217.6; 
567; 0; 2177.9774; 170; 217.8; 
567; 0; 2177.9769; 170; 218; 
567; 0; 2177.9758; 170; 218.2; 
567; 0; 2179.0394; 170; 218.4; 
567; 0; 2179.036; 170; 218.6; 
567; 0; 2179.0306; 170; 218.8; 
567; 0; 2180.0883; 170; 219; 
567; 0; 2180.0772; 170; 219.2; 
567; 0; 2180.063; 170; 219.4; 
567; 0; 2180.0467; 170; 219.6; 
567; 0; 2182.161; 170; 219.8; 
567; 0; 2184.2766; 170; 220; 
567; 0; 2188.526; 170; 220.2; 
567; 0; 2193.8451; 170; 220.4; 
567; 0; 2200.2349; 170; 220.6; 
567; 0; 2206.5234; 170; 220.8; 
567; 0; 2212.9701; 170; 221; 
567; 0; 2217.5791; 170; 221.2; 
567; 0; 2223.1105; 170; 221.4; 
567; 0; 2226.8024; 170; 221.6; 
567; 0; 2229.5739; 170; 221.8; 
567; 0; 2232.3442; 170; 222; 
567; 0; 2234.1923; 170; 222.2; 
567; 0; 2235.1174; 170; 222.4; 
567; 0; 2236.0396; 170; 222.6; 
567; 0; 2236.0388; 170; 222.8; 
567; 0; 2236.0357; 170; 223; 
567; 0; 2236.0309; 170; 223.2; 
567; 0; 2236.9453; 170; 223.4; 
567; 0; 2237.8595; 170; 223.6; 
567; 0; 2238.774; 170; 223.8; 
567; 0; 2239.6894; 170; 224; 
567; 0; 2241.5264; 170; 224.2; 
567; 0; 2243.3651; 170; 224.4; 
567; 0; 2246.1257; 170; 224.6; 
567; 0; 2247.968; 170; 224.8; 
567; 0; 2249.8126; 170; 225; 
567; 0; 2251.6593; 170; 225.2; 
567; 0; 2253.508; 170; 225.4; 
567; 0; 2254.4374; 170; 225.6; 
567; 0; 2254.4467; 170; 225.8; 
567; 0; 2253.5349; 170; 226; 
567; 0; 2252.6214; 170; 226.2; 
567; 0; 2250.7853; 170; 226.4; 
567; 0; 2248.9467; 170; 226.6; 
567; 0; 2247.1054; 170; 226.8; 
567; 0; 2244.3415; 170; 227; 
567; 0; 2241.5759; 170; 227.2; 
567; 0; 2238.8093; 170; 227.4; 
567; 0; 2236.963; 170; 227.6; 
567; 0; 2235.1171; 170; 227.8; 
567; 0; 2233.2723; 170; 228; 
567; 0; 2232.3492; 170; 228.2; 
567; 0; 2230.5072; 170; 228.4; 
567; 0; 2229.5869; 170; 228.6; 
567; 0; 2228.6677; 170; 228.8; 
567; 0; 2226.8289; 170; 229; 
567; 0; 2225.9108; 170; 229.2; 
567; 0; 2224.9928; 170; 229.4; 
567; 0; 2223.1542; 170; 229.6; 
567; 0; 2221.315; 170; 229.8; 
567; 0; 2220.3956; 170; 230; 
567; 0; 2218.5551; 170; 230.2; 
567; 0; 2216.7141; 170; 230.4; 
567; 0; 2214.8726; 170; 230.6; 
567; 0; 2213.0309; 170; 230.8; 
567; 0; 2212.1094; 170; 231; 
567; 0; 2210.2676; 170; 231.2; 
567; 0; 2209.3463; 170; 231.4; 
567; 0; 2207.5048; 170; 231.6; 
567; 0; 2206.584; 170; 231.8; 
567; 0; 2205.6572; 170; 232; 
567; 0; 2203.5259; 170; 232.2; 
567; 0; 2202.4606; 170; 232.4; 
567; 0; 2201.3953; 170; 232.6; 
567; 0; 2200.3301; 170; 232.8; 
567; 0; 2199.2649; 170; 233; 
567; 0; 2198.1996; 170; 233.2; 
567; 0; 2197.1342; 170; 233.4; 
567; 0; 2196.0686; 170; 233.6; 
567; 0; 2195.0029; 170; 233.8; 
567; 0; 2193.937; 170; 234; 
567; 0; 2192.871; 170; 234.2; 
567; 0; 2191.805; 170; 234.4; 
567; 0; 2190.739; 170; 234.6; 
567; 0; 2189.6729; 170; 234.8; 
567; 0; 2188.6069; 170; 235; 
567; 0; 2187.541; 170; 235.2; 
567; 0; 2187.5408; 170; 235.4; 
567; 0; 2186.475; 170; 235.6; 
567; 0; 2185.4093; 170; 235.8; 
567; 0; 2185.4092; 170; 236; 
567; 0; 2184.3435; 170; 236.2; 
567; 0; 2183.2777; 170; 236.4; 
567; 0; 2183.2775; 170; 236.6; 
567; 0; 2182.2117; 170; 236.8; 
567; 0; 2182.2115; 170; 237; 
567; 0; 2181.1457; 170; 237.2; 
567; 0; 2181.1454; 170; 237.4; 
567; 0; 2180.0796; 170; 237.6; 
567; 0; 2180.0793; 170; 237.8; 
567; 0; 2179.0134; 170; 238; 
567; 0; 2179.0132; 170; 238.2; 
567; 0; 2179.0129; 170; 238.4; 
567; 0; 2177.947; 170; 238.6; 
567; 0; 2177.9466; 170; 238.8; 
567; 0; 2177.9463; 170; 239; 
567; 0; 2176.8804; 170; 239.2; 
567; 0; 2176.8802; 170; 239.4; 
567; 0; 2176.8799; 170; 239.6; 
567; 0; 2175.8141; 170; 239.8; 
567; 0; 2175.8138; 170; 240; 
567; 0; 2175.8135; 170; 240.2; 
567; 0; 2175.8132; 170; 240.4; 
567; 0; 2174.7474; 170; 240.6; 
567; 0; 2174.7472; 170; 240.8; 
567; 0; 2174.7469; 170; 241; 
567; 0; 2174.7465; 170; 241.2; 
567; 0; 2173.6806; 170; 241.4; 
567; 0; 2173.6803; 170; 241.6; 
567; 0; 2173.6799; 170; 241.8; 
567; 0; 2173.6796; 170; 242; 
567; 0; 2173.6793; 170; 242.2; 
567; 0; 2173.679; 170; 242.4; 
567; 0; 2173.6787; 170; 242.6; 
567; 0; 2172.6128; 170; 242.8; 
567; 0; 2172.6125; 170; 243; 
567; 0; 2172.6122; 170; 243.2; 
567; 0; 2172.6119; 170; 243.4; 
567; 0; 2172.6117; 170; 243.6; 
567; 0; 2172.6114; 170; 243.8; 
567; 0; 2172.6112; 170; 244; 
567; 0; 2172.6109; 170; 244.2; 
567; 0; 2172.6107; 170; 244.4; 
567; 0; 2172.6104; 170; 244.6; 
567; 0; 2172.61; 170; 244.8; 
567; 0; 2172.6096; 170; 245; 
567; 0; 2172.6092; 170; 245.2; 
567; 0; 2172.6089; 170; 245.4; 
567; 0; 2171.5429; 170; 245.6; 
567; 0; 2171.5427; 170; 245.8; 
567; 0; 2171.5424; 170; 246; 
567; 0; 2172.6077; 170; 246.2; 
567; 0; 2172.6071; 170; 246.4; 
567; 0; 2173.6715; 170; 246.6; 
567; 0; 2173.6691; 170; 246.8; 
567; 0; 2173.6652; 170; 247; 
567; 0; 2173.6597; 170; 247.2; 
567; 0; 2173.6534; 170; 247.4; 
567; 0; 2173.647; 170; 247.6; 
567; 0; 2173.6417; 170; 247.8; 
567; 0; 2174.7039; 170; 248; 
567; 0; 2176.834; 170; 248.2; 
567; 0; 2177.9014; 170; 248.4; 
567; 0; 2178.971; 170; 248.6; 
567; 0; 2181.1078; 170; 248.8; 
567; 0; 2182.18; 170; 249; 
567; 0; 2183.2524; 170; 249.2; 
567; 0; 2183.2586; 170; 249.4; 
567; 0; 2184.3291; 170; 249.6; 
567; 0; 2184.3324; 170; 249.8; 
567; 0; 2183.2685; 170; 250; 
567; 0; 2183.2685; 170; 250.2; 
567; 0; 2183.2673; 170; 250.4; 
567; 0; 2182.1996; 170; 250.6; 
567; 0; 2182.197; 170; 250.8; 
567; 0; 2182.1944; 170; 251; 
567; 0; 2181.1265; 170; 251.2; 
567; 0; 2181.1246; 170; 251.4; 
567; 0; 2181.1233; 170; 251.6; 
567; 0; 2181.1224; 170; 251.8; 
567; 0; 2180.0565; 170; 252; 
567; 0; 2180.0565; 170; 252.2; 
567; 0; 2180.0567; 170; 252.4; 
567; 0; 2180.0571; 170; 252.6; 
567; 0; 2180.0573; 170; 252.8; 
567; 0; 2180.0575; 170; 253; 
567; 0; 2178.9919; 170; 253.2; 
567; 0; 2178.9917; 170; 253.4; 
567; 0; 2178.9914; 170; 253.6; 
567; 0; 2178.991; 170; 253.8; 
567; 0; 2177.925; 170; 254; 
567; 0; 2177.9245; 170; 254.2; 
567; 0; 2177.9241; 170; 254.4; 
567; 0; 2177.9237; 170; 254.6; 
567; 0; 2177.9233; 170; 254.8; 
567; 0; 2176.8574; 170; 255; 
567; 0; 2176.857; 170; 255.2; 
567; 0; 2176.8567; 170; 255.4; 
567; 0; 2176.8564; 170; 255.6; 
567; 0; 2176.8561; 170; 255.8; 
567; 0; 2176.8558; 170; 256; 
567; 0; 2176.8556; 170; 256.2; 
567; 0; 2175.7899; 170; 256.4; 
567; 0; 2175.7896; 170; 256.6; 
567; 0; 2175.7893; 170; 256.8; 
567; 0; 2175.789; 170; 257; 
567; 0; 2175.7887; 170; 257.2; 
567; 0; 2175.7884; 170; 257.4; 
567; 0; 2175.7879; 170; 257.6; 
567; 0; 2176.8523; 170; 257.8; 
567; 0; 2176.8501; 170; 258; 
567; 0; 2176.8464; 170; 258.2; 
567; 0; 2176.8405; 170; 258.4; 
567; 0; 2177.8975; 170; 258.6; 
567; 0; 2176.8201; 170; 258.8; 
567; 0; 2177.8708; 170; 259; 
567; 0; 2177.8544; 170; 259.2; 
567; 0; 2179.9686; 170; 259.4; 
567; 0; 2183.1499; 170; 259.6; 
567; 0; 2187.4; 170; 259.8; 
567; 0; 2192.7201; 170; 260; 
567; 0; 2199.1109; 170; 260.2; 
567; 0; 2206.4858; 170; 260.4; 
567; 0; 2212.0126; 170; 260.6; 
567; 0; 2216.6219; 170; 260.8; 
567; 0; 2221.233; 170; 261; 
567; 0; 2224.9245; 170; 261.2; 
567; 0; 2228.6156; 170; 261.4; 
567; 0; 2230.4649; 170; 261.6; 
567; 0; 2232.3119; 170; 261.8; 
567; 0; 2233.236; 170; 262; 
567; 0; 2233.237; 170; 262.2; 
567; 0; 2233.2353; 170; 262.4; 
567; 0; 2234.1519; 170; 262.6; 
567; 0; 2234.1467; 170; 262.8; 
567; 0; 2235.061; 170; 263; 
567; 0; 2235.9753; 170; 263.2; 
567; 0; 2236.8902; 170; 263.4; 
567; 0; 2238.7264; 170; 263.6; 
567; 0; 2239.6438; 170; 263.8; 
567; 0; 2242.4031; 170; 264; 
567; 0; 2244.2438; 170; 264.2; 
567; 0; 2246.0857; 170; 264.4; 
567; 0; 2247.9285; 170; 264.6; 
567; 0; 2248.8518; 170; 264.8; 
567; 0; 2249.7752; 170; 265; 
567; 0; 2251.6186; 170; 265.2; 
567; 0; 2251.621; 170; 265.4; 
567; 0; 2252.543; 170; 265.6; 
567; 0; 2252.5439; 170; 265.8; 
567; 0; 2252.5439; 170; 266; 
567; 0; 2252.5431; 170; 266.2; 
567; 0; 2252.5417; 170; 266.4; 
567; 0; 2252.5399; 170; 266.6; 
567; 0; 2253.4582; 170; 266.8; 
567; 0; 2253.4563; 170; 267; 
567; 0; 2253.4546; 170; 267.2; 
567; 0; 2254.3735; 170; 267.4; 
567; 0; 2254.3726; 170; 267.6; 
567; 0; 2255.2925; 170; 267.8; 
567; 0; 2256.213; 170; 268; 
567; 0; 2257.1345; 170; 268.2; 
567; 0; 2258.0573; 170; 268.4; 
567; 0; 2258.0615; 170; 268.6; 
567; 0; 2258.9876; 170; 268.8; 
567; 0; 2258.9948; 170; 269; 
567; 0; 2258.0823; 170; 269.2; 
567; 0; 2257.1697; 170; 269.4; 
567; 0; 2256.256; 170; 269.6; 
567; 0; 2253.5; 170; 269.8; 
567; 0; 2251.6622; 170; 270; 
567; 0; 2248.9019; 170; 270.2; 
567; 0; 2246.1395; 170; 270.4; 
567; 0; 2243.3754; 170; 270.6; 
567; 0; 2239.69; 170; 270.8; 
567; 0; 2236.9244; 170; 271; 
567; 0; 2235.0793; 170; 271.2; 
567; 0; 2232.3146; 170; 271.4; 
567; 0; 2230.4711; 170; 271.6; 
567; 0; 2228.6288; 170; 271.8; 
567; 0; 2226.7876; 170; 272; 
567; 0; 2224.9473; 170; 272.2; 
567; 0; 2224.0281; 170; 272.4; 
567; 0; 2222.1891; 170; 272.6; 
567; 0; 2220.3502; 170; 272.8; 
567; 0; 2218.5112; 170; 273; 
567; 0; 2217.5922; 170; 273.2; 
567; 0; 2215.7525; 170; 273.4; 
567; 0; 2213.9124; 170; 273.6; 
567; 0; 2212.0717; 170; 273.8; 
567; 0; 2210.2307; 170; 274; 
567; 0; 2208.3894; 170; 274.2; 
567; 0; 2206.548; 170; 274.4; 
567; 0; 2205.6011; 170; 274.6; 
567; 0; 2203.4689; 170; 274.8; 
567; 0; 2202.4024; 170; 275; 
567; 0; 2200.2707; 170; 275.2; 
567; 0; 2199.2049; 170; 275.4; 
567; 0; 2198.1394; 170; 275.6; 
567; 0; 2197.0742; 170; 275.8; 
567; 0; 2196.009; 170; 276; 
567; 0; 2194.944; 170; 276.2; 
567; 0; 2193.8789; 170; 276.4; 
567; 0; 2192.8136; 170; 276.6; 
567; 0; 2191.7481; 170; 276.8; 
567; 0; 2190.6825; 170; 277; 
567; 0; 2189.6168; 170; 277.2; 
567; 0; 2188.551; 170; 277.4; 
567; 0; 2187.485; 170; 277.6; 
567; 0; 2186.419; 170; 277.8; 
567; 0; 2185.3532; 170; 278; 
567; 0; 2184.2873; 170; 278.2; 
567; 0; 2184.2871; 170; 278.4; 
567; 0; 2183.2215; 170; 278.6; 
567; 0; 2182.1559; 170; 278.8; 
567; 0; 2182.1559; 170; 279; 
567; 0; 2181.0903; 170; 279.2; 
567; 0; 2180.0248; 170; 279.4; 
567; 0; 2180.0247; 170; 279.6; 
567; 0; 2178.959; 170; 279.8; 
567; 0; 2178.9588; 170; 280; 
567; 0; 2177.8932; 170; 280.2; 
567; 0; 2177.893; 170; 280.4; 
567; 0; 2176.8272; 170; 280.6; 
567; 0; 2176.827; 170; 280.8; 
567; 0; 2176.8269; 170; 281; 
567; 0; 2175.7612; 170; 281.2; 
567; 0; 2175.761; 170; 281.4; 
567; 0; 2174.6953; 170; 281.6; 
567; 0; 2174.6951; 170; 281.8; 
567; 0; 2174.6949; 170; 282; 
567; 0; 2174.6948; 170; 282.2; 
567; 0; 2173.6291; 170; 282.4; 
567; 0; 2173.6288; 170; 282.6; 
567; 0; 2173.6286; 170; 282.8; 
567; 0; 2173.6283; 170; 283; 
567; 0; 2172.5625; 170; 283.2; 
567; 0; 2172.5622; 170; 283.4; 
567; 0; 2172.562; 170; 283.6; 
567; 0; 2172.5618; 170; 283.8; 
567; 0; 2172.5616; 170; 284; 
567; 0; 2171.496; 170; 284.2; 
567; 0; 2171.4958; 170; 284.4; 
567; 0; 2171.4957; 170; 284.6; 
567; 0; 2171.4955; 170; 284.8; 
567; 0; 2171.4953; 170; 285; 
567; 0; 2171.4951; 170; 285.2; 
567; 0; 2171.4948; 170; 285.4; 
567; 0; 2171.4946; 170; 285.6; 
567; 0; 2171.4945; 170; 285.8; 
567; 0; 2171.4942; 170; 286; 
567; 0; 2170.4285; 170; 286.2; 
567; 0; 2170.4282; 170; 286.4; 
567; 0; 2170.4279; 170; 286.6; 
567; 0; 2170.4277; 170; 286.8; 
567; 0; 2170.4275; 170; 287; 
567; 0; 2170.4272; 170; 287.2; 
567; 0; 2170.427; 170; 287.4; 
567; 0; 2170.4268; 170; 287.6; 
567; 0; 2170.4265; 170; 287.8; 
567; 0; 2170.4263; 170; 288; 
567; 0; 2170.426; 170; 288.2; 
567; 0; 2171.4912; 170; 288.4; 
567; 0; 2171.4907; 170; 288.6; 
567; 0; 2171.4899; 170; 288.8; 
567; 0; 2171.4888; 170; 289; 
567; 0; 2171.4875; 170; 289.2; 
567; 0; 2171.4862; 170; 289.4; 
567; 0; 2171.485; 170; 289.6; 
567; 0; 2171.4841; 170; 289.8; 
567; 0; 2172.5492; 170; 290; 
567; 0; 2172.5494; 170; 290.2; 
567; 0; 2172.55; 170; 290.4; 
567; 0; 2172.551; 170; 290.6; 
567; 0; 2173.6175; 170; 290.8; 
567; 0; 2173.6185; 170; 291; 
567; 0; 2173.6195; 170; 291.2; 
567; 0; 2173.6201; 170; 291.4; 
567; 0; 2173.6205; 170; 291.6; 
567; 0; 2173.6205; 170; 291.8; 
567; 0; 2173.6203; 170; 292; 
567; 0; 2173.6198; 170; 292.2; 
567; 0; 2173.6192; 170; 292.4; 
567; 0; 2173.6185; 170; 292.6; 
567; 0; 2172.5524; 170; 292.8; 
567; 0; 2172.5517; 170; 293; 
567; 0; 2172.5512; 170; 293.2; 
567; 0; 2172.5507; 170; 293.4; 
567; 0; 2172.5502; 170; 293.6; 
567; 0; 2172.5499; 170; 293.8; 
567; 0; 2172.5497; 170; 294; 
567; 0; 2172.5495; 170; 294.2; 
567; 0; 2172.5493; 170; 294.4; 
567; 0; 2172.5491; 170; 294.6; 
567; 0; 2172.5489; 170; 294.8; 
567; 0; 2172.5487; 170; 295; 
567; 0; 2172.5484; 170; 295.2; 
567; 0; 2172.5482; 170; 295.4; 
567; 0; 2172.5481; 170; 295.6; 
567; 0; 2172.5479; 170; 295.8; 
567; 0; 2172.5476; 170; 296; 
567; 0; 2172.5473; 170; 296.2; 
567; 0; 2172.547; 170; 296.4; 
567; 0; 2172.5467; 170; 296.6; 
567; 0; 2172.5465; 170; 296.8; 
567; 0; 2172.5463; 170; 297; 
567; 0; 2172.546; 170; 297.2; 
567; 0; 2172.5458; 170; 297.4; 
567; 0; 2172.5456; 170; 297.6; 
567; 0; 2172.5454; 170; 297.8; 
567; 0; 2172.5453; 170; 298; 
567; 0; 2173.6103; 170; 298.2; 
567; 0; 2173.6092; 170; 298.4; 
567; 0; 2173.6067; 170; 298.6; 
567; 0; 2174.6677; 170; 298.8; 
567; 0; 2174.6607; 170; 299; 
567; 0; 2174.6507; 170; 299.2; 
567; 0; 2174.6374; 170; 299.4; 
567; 0; 2175.6872; 170; 299.6; 
567; 0; 2176.736; 170; 299.8; 
567; 0; 2179.9162; 170; 300; 
567; 0; 2183.0991; 170; 300.2; 
567; 0; 2188.4166; 170; 300.4; 
567; 0; 2194.8044; 170; 300.6; 
567; 0; 2201.1976; 170; 300.8; 
567; 0; 2207.3786; 170; 301; 
567; 0; 2212.9064; 170; 301.2; 
567; 0; 2217.5163; 170; 301.4; 
567; 0; 2221.2072; 170; 301.6; 
567; 0; 2224.8981; 170; 301.8; 
567; 0; 2226.7476; 170; 302; 
567; 0; 2228.5953; 170; 302.2; 
567; 0; 2230.4405; 170; 302.4; 
567; 0; 2230.4426; 170; 302.6; 
567; 0; 2231.3622; 170; 302.8; 
567; 0; 2231.3594; 170; 303; 
567; 0; 2231.3549; 170; 303.2; 
567; 0; 2232.2696; 170; 303.4; 
567; 0; 2233.184; 170; 303.6; 
567; 0; 2234.0987; 170; 303.8; 
567; 0; 2235.0144; 170; 304; 
567; 0; 2236.8514; 170; 304.2; 
567; 0; 2238.69; 170; 304.4; 
567; 0; 2241.4502; 170; 304.6; 
567; 0; 2243.2916; 170; 304.8; 
567; 0; 2245.1341; 170; 305; 
567; 0; 2246.0571; 170; 305.2; 
567; 0; 2247.9006; 170; 305.4; 
567; 0; 2248.8238; 170; 305.6; 
567; 0; 2249.7466; 170; 305.8; 
567; 0; 2249.7485; 170; 306; 
567; 0; 2249.7496; 170; 306.2; 
567; 0; 2250.67; 170; 306.4; 
567; 0; 2250.6695; 170; 306.6; 
567; 0; 2250.6682; 170; 306.8; 
567; 0; 2250.6665; 170; 307; 
567; 0; 2250.6646; 170; 307.2; 
567; 0; 2250.6627; 170; 307.4; 
567; 0; 2251.5811; 170; 307.6; 
567; 0; 2251.5798; 170; 307.8; 
567; 0; 2252.4991; 170; 308; 
567; 0; 2253.4188; 170; 308.2; 
567; 0; 2253.4189; 170; 308.4; 
567; 0; 2254.3395; 170; 308.6; 
567; 0; 2254.3402; 170; 308.8; 
567; 0; 2255.2613; 170; 309; 
567; 0; 2255.2622; 170; 309.2; 
567; 0; 2255.2631; 170; 309.4; 
567; 0; 2255.2638; 170; 309.6; 
567; 0; 2255.2642; 170; 309.8; 
567; 0; 2255.2644; 170; 310; 
567; 0; 2255.2643; 170; 310.2; 
567; 0; 2255.2639; 170; 310.4; 
567; 0; 2255.2634; 170; 310.6; 
567; 0; 2255.2627; 170; 310.8; 
567; 0; 2255.2619; 170; 311; 
567; 0; 2255.2612; 170; 311.2; 
567; 0; 2255.2606; 170; 311.4; 
567; 0; 2255.2602; 170; 311.6; 
567; 0; 2256.1801; 170; 311.8; 
567; 0; 2256.18; 170; 312; 
567; 0; 2256.18; 170; 312.2; 
567; 0; 2256.1802; 170; 312.4; 
567; 0; 2256.1804; 170; 312.6; 
567; 0; 2256.1807; 170; 312.8; 
567; 0; 2256.181; 170; 313; 
567; 0; 2256.1812; 170; 313.2; 
567; 0; 2256.1813; 170; 313.4; 
567; 0; 2256.1815; 170; 313.6; 
567; 0; 2256.1821; 170; 313.8; 
567; 0; 2257.104; 170; 314; 
567; 0; 2257.1072; 170; 314.2; 
567; 0; 2257.1122; 170; 314.4; 
567; 0; 2257.1188; 170; 314.6; 
567; 0; 2256.2062; 170; 314.8; 
567; 0; 2255.2937; 170; 315; 
567; 0; 2253.4603; 170; 315.2; 
567; 0; 2250.7051; 170; 315.4; 
567; 0; 2248.8681; 170; 315.6; 
567; 0; 2246.1087; 170; 315.8; 
567; 0; 2242.4269; 170; 316; 
567; 0; 2239.6636; 170; 316.2; 
567; 0; 2236.8991; 170; 316.4; 
567; 0; 2233.2139; 170; 316.6; 
567; 0; 2230.4488; 170; 316.8; 
567; 0; 2227.6843; 170; 317; 
567; 0; 2225.8408; 170; 317.2; 
567; 0; 2223.9984; 170; 317.4; 
567; 0; 2221.2369; 170; 317.6; 
567; 0; 2219.3965; 170; 317.8; 
567; 0; 2217.5568; 170; 318; 
567; 0; 2215.7175; 170; 318.2; 
567; 0; 2214.7985; 170; 318.4; 
567; 0; 2212.9593; 170; 318.6; 
567; 0; 2211.1199; 170; 318.8; 
567; 0; 2209.2801; 170; 319; 
567; 0; 2207.44; 170; 319.2; 
567; 0; 2205.5591; 170; 319.4; 
567; 0; 2203.4277; 170; 319.6; 
567; 0; 2201.296; 170; 319.8; 
567; 0; 2199.1642; 170; 320; 
567; 0; 2198.0978; 170; 320.2; 
567; 0; 2195.9659; 170; 320.4; 
567; 0; 2194.8996; 170; 320.6; 
567; 0; 2193.8336; 170; 320.8; 
567; 0; 2191.7024; 170; 321; 
567; 0; 2190.6368; 170; 321.2; 
567; 0; 2189.5714; 170; 321.4; 
567; 0; 2188.5061; 170; 321.6; 
567; 0; 2187.4408; 170; 321.8; 
567; 0; 2186.3756; 170; 322; 
567; 0; 2185.3103; 170; 322.2; 
567; 0; 2184.245; 170; 322.4; 
567; 0; 2183.1796; 170; 322.6; 
567; 0; 2182.1141; 170; 322.8; 
567; 0; 2181.0485; 170; 323; 
567; 0; 2179.9828; 170; 323.2; 
567; 0; 2178.9171; 170; 323.4; 
567; 0; 2178.9169; 170; 323.6; 
567; 0; 2177.8513; 170; 323.8; 
567; 0; 2176.7857; 170; 324; 
567; 0; 2176.7855; 170; 324.2; 
567; 0; 2175.7199; 170; 324.4; 
567; 0; 2175.7198; 170; 324.6; 
567; 0; 2174.6542; 170; 324.8; 
567; 0; 2174.654; 170; 325; 
567; 0; 2173.5884; 170; 325.2; 
567; 0; 2173.5883; 170; 325.4; 
567; 0; 2172.5227; 170; 325.6; 
567; 0; 2172.5226; 170; 325.8; 
567; 0; 2172.5224; 170; 326; 
567; 0; 2171.4569; 170; 326.2; 
567; 0; 2171.4567; 170; 326.4; 
567; 0; 2171.4565; 170; 326.6; 
567; 0; 2170.391; 170; 326.8; 
567; 0; 2170.3909; 170; 327; 
567; 0; 2170.3908; 170; 327.2; 
567; 0; 2170.3906; 170; 327.4; 
567; 0; 2169.3251; 170; 327.6; 
567; 0; 2169.3249; 170; 327.8; 
567; 0; 2169.3247; 170; 328; 
567; 0; 2169.3244; 170; 328.2; 
567; 0; 2169.3242; 170; 328.4; 
567; 0; 2169.324; 170; 328.6; 
567; 0; 2168.2585; 170; 328.8; 
567; 0; 2168.2583; 170; 329; 
567; 0; 2168.2581; 170; 329.2; 
567; 0; 2168.258; 170; 329.4; 
567; 0; 2168.2578; 170; 329.6; 
567; 0; 2168.2575; 170; 329.8; 
567; 0; 2168.2573; 170; 330; 
567; 0; 2168.257; 170; 330.2; 
567; 0; 2168.2568; 170; 330.4; 
567; 0; 2168.2565; 170; 330.6; 
567; 0; 2168.2563; 170; 330.8; 
567; 0; 2168.2562; 170; 331; 
567; 0; 2167.1906; 170; 331.2; 
567; 0; 2167.1905; 170; 331.4; 
567; 0; 2167.1904; 170; 331.6; 
567; 0; 2167.1903; 170; 331.8; 
567; 0; 2167.1901; 170; 332; 
567; 0; 2167.1899; 170; 332.2; 
567; 0; 2167.1897; 170; 332.4; 
567; 0; 2167.1894; 170; 332.6; 
567; 0; 2167.1893; 170; 332.8; 
567; 0; 2167.1891; 170; 333; 
567; 0; 2167.189; 170; 333.2; 
567; 0; 2167.1889; 170; 333.4; 
567; 0; 2168.2541; 170; 333.6; 
567; 0; 2168.254; 170; 333.8; 
567; 0; 2168.2538; 170; 334; 
567; 0; 2168.2535; 170; 334.2; 
567; 0; 2168.2532; 170; 334.4; 
567; 0; 2168.2529; 170; 334.6; 
567; 0; 2168.2527; 170; 334.8; 
567; 0; 2168.2525; 170; 335; 
567; 0; 2168.2524; 170; 335.2; 
567; 0; 2168.2523; 170; 335.4; 
567; 0; 2168.2521; 170; 335.6; 
567; 0; 2168.2519; 170; 335.8; 
567; 0; 2168.2517; 170; 336; 
567; 0; 2168.2515; 170; 336.2; 
567; 0; 2168.2514; 170; 336.4; 
567; 0; 2168.2512; 170; 336.6; 
567; 0; 2168.2509; 170; 336.8; 
567; 0; 2168.2507; 170; 337; 
567; 0; 2168.2505; 170; 337.2; 
567; 0; 2168.2503; 170; 337.4; 
567; 0; 2168.2502; 170; 337.6; 
567; 0; 2168.25; 170; 337.8; 
567; 0; 2168.2498; 170; 338; 
567; 0; 2168.2496; 170; 338.2; 
567; 0; 2168.2494; 170; 338.4; 
567; 0; 2168.2492; 170; 338.6; 
567; 0; 2169.3145; 170; 338.8; 
567; 0; 2169.3144; 170; 339; 
567; 0; 2169.3143; 170; 339.2; 
567; 0; 2169.3142; 170; 339.4; 
567; 0; 2169.314; 170; 339.6; 
567; 0; 2169.3138; 170; 339.8; 
567; 0; 2169.3137; 170; 340; 
567; 0; 2169.3135; 170; 340.2; 
567; 0; 2169.3133; 170; 340.4; 
567; 0; 2169.3131; 170; 340.6; 
567; 0; 2169.3129; 170; 340.8; 
567; 0; 2169.3126; 170; 341; 
567; 0; 2169.3124; 170; 341.2; 
567; 0; 2169.3121; 170; 341.4; 
567; 0; 2169.312; 170; 341.6; 
567; 0; 2169.3118; 170; 341.8; 
567; 0; 2169.3116; 170; 342; 
567; 0; 2169.3114; 170; 342.2; 
567; 0; 2170.3766; 170; 342.4; 
567; 0; 2170.3765; 170; 342.6; 
567; 0; 2170.3763; 170; 342.8; 
567; 0; 2170.3761; 170; 343; 
567; 0; 2170.376; 170; 343.2; 
567; 0; 2171.4412; 170; 343.4; 
567; 0; 2171.441; 170; 343.6; 
567; 0; 2172.506; 170; 343.8; 
567; 0; 2172.5051; 170; 344; 
567; 0; 2173.5685; 170; 344.2; 
567; 0; 2173.5651; 170; 344.4; 
567; 0; 2174.6249; 170; 344.6; 
567; 0; 2174.6167; 170; 344.8; 
567; 0; 2174.6052; 170; 345; 
567; 0; 2174.5908; 170; 345.2; 
567; 0; 2175.64; 170; 345.4; 
567; 0; 2177.7543; 170; 345.6; 
567; 0; 2180.9356; 170; 345.8; 
567; 0; 2185.1853; 170; 346; 
567; 0; 2190.5049; 170; 346.2; 
567; 0; 2196.895; 170; 346.4; 
567; 0; 2203.2905; 170; 346.6; 
567; 0; 2209.1955; 170; 346.8; 
567; 0; 2214.7241; 170; 347; 
567; 0; 2218.4144; 170; 347.2; 
567; 0; 2222.1051; 170; 347.4; 
567; 0; 2224.8753; 170; 347.6; 
567; 0; 2226.7239; 170; 347.8; 
567; 0; 2228.5702; 170; 348; 
567; 0; 2229.4937; 170; 348.2; 
567; 0; 2229.4943; 170; 348.4; 
567; 0; 2230.4125; 170; 348.6; 
567; 0; 2230.4087; 170; 348.8; 
567; 0; 2230.4036; 170; 349; 
567; 0; 2231.318; 170; 349.2; 
567; 0; 2232.2325; 170; 349.4; 
567; 0; 2233.1479; 170; 349.6; 
567; 0; 2234.9844; 170; 349.8; 
567; 0; 2236.8224; 170; 350; 
567; 0; 2238.6618; 170; 350.2; 
567; 0; 2240.5027; 170; 350.4; 
567; 0; 2242.3447; 170; 350.6; 
567; 0; 2244.1876; 170; 350.8; 
567; 0; 2245.1108; 170; 351; 
567; 0; 2246.034; 170; 351.2; 
567; 0; 2246.9569; 170; 351.4; 
567; 0; 2247.8794; 170; 351.6; 
567; 0; 2247.8816; 170; 351.8; 
567; 0; 2248.804; 170; 352; 
567; 0; 2248.8064; 170; 352.2; 
567; 0; 2248.8092; 170; 352.4; 
567; 0; 2248.8123; 170; 352.6; 
567; 0; 2247.8954; 170; 352.8; 
567; 0; 2247.8987; 170; 353; 
567; 0; 2246.9816; 170; 353.2; 
567; 0; 2245.1437; 170; 353.4; 
567; 0; 2244.2253; 170; 353.6; 
567; 0; 2242.3859; 170; 353.8; 
567; 0; 2240.5457; 170; 354; 
567; 0; 2238.7047; 170; 354.2; 
567; 0; 2235.9429; 170; 354.4; 
567; 0; 2234.1008; 170; 354.6; 
567; 0; 2232.2587; 170; 354.8; 
567; 0; 2230.4166; 170; 355; 
567; 0; 2228.5748; 170; 355.2; 
567; 0; 2227.6536; 170; 355.4; 
567; 0; 2225.8127; 170; 355.6; 
567; 0; 2223.9723; 170; 355.8; 
567; 0; 2223.0525; 170; 356; 
567; 0; 2221.2129; 170; 356.2; 
567; 0; 2220.2936; 170; 356.4; 
567; 0; 2218.4542; 170; 356.6; 
567; 0; 2216.6148; 170; 356.8; 
567; 0; 2215.6953; 170; 357; 
567; 0; 2213.8555; 170; 357.2; 
567; 0; 2212.0154; 170; 357.4; 
567; 0; 2211.0953; 170; 357.6; 
567; 0; 2209.2548; 170; 357.8; 
567; 0; 2208.3344; 170; 358; 
567; 0; 2206.4937; 170; 358.2; 
567; 0; 2205.5188; 170; 358.4; 
567; 0; 2203.3876; 170; 358.6; 
567; 0; 2202.3219; 170; 358.8; 
567; 0; 2201.2564; 170; 359; 
567; 0; 2200.191; 170; 359.2; 
567; 0; 2198.0605; 170; 359.4; 
567; 0; 2196.9953; 170; 359.6; 
567; 0; 2195.9303; 170; 359.8; 
567; 0; 2194.8652; 170; 360; 
567; 0; 2193.8; 170; 360.2; 
567; 0; 2192.7349; 170; 360.4; 
567; 0; 2191.6696; 170; 360.6; 
567; 0; 2190.6044; 170; 360.8; 
567; 0; 2189.539; 170; 361; 
567; 0; 2188.4736; 170; 361.2; 
567; 0; 2187.4081; 170; 361.4; 
567; 0; 2187.408; 170; 361.6; 
567; 0; 2186.3425; 170; 361.8; 
567; 0; 2185.2771; 170; 362; 
567; 0; 2184.2116; 170; 362.2; 
567; 0; 2183.1462; 170; 362.4; 
567; 0; 2183.146; 170; 362.6; 
567; 0; 2182.0806; 170; 362.8; 
567; 0; 2182.0806; 170; 363; 
567; 0; 2181.0152; 170; 363.2; 
567; 0; 2179.9499; 170; 363.4; 
567; 0; 2179.9499; 170; 363.6; 
567; 0; 2178.8846; 170; 363.8; 
567; 0; 2178.8846; 170; 364; 
567; 0; 2177.8191; 170; 364.2; 
567; 0; 2177.8191; 170; 364.4; 
567; 0; 2176.7535; 170; 364.6; 
567; 0; 2176.7534; 170; 364.8; 
567; 0; 2175.6878; 170; 365; 
567; 0; 2175.6877; 170; 365.2; 
567; 0; 2175.6877; 170; 365.4; 
567; 0; 2174.6223; 170; 365.6; 
567; 0; 2174.6223; 170; 365.8; 
567; 0; 2174.6223; 170; 366; 
567; 0; 2173.5569; 170; 366.2; 
567; 0; 2173.5568; 170; 366.4; 
567; 0; 2173.5567; 170; 366.6; 
567; 0; 2172.4913; 170; 366.8; 
567; 0; 2172.4912; 170; 367; 
567; 0; 2172.4911; 170; 367.2; 
567; 0; 2172.4909; 170; 367.4; 
567; 0; 2171.4253; 170; 367.6; 
567; 0; 2171.425; 170; 367.8; 
567; 0; 2171.4248; 170; 368; 
567; 0; 2171.4247; 170; 368.2; 
567; 0; 2170.3592; 170; 368.4; 
567; 0; 2170.3591; 170; 368.6; 
567; 0; 2170.359; 170; 368.8; 
567; 0; 2170.3589; 170; 369; 
567; 0; 2170.3588; 170; 369.2; 
567; 0; 2170.3586; 170; 369.4; 
567; 0; 2170.3585; 170; 369.6; 
567; 0; 2169.2931; 170; 369.8; 
567; 0; 2169.293; 170; 370; 
567; 0; 2169.2929; 170; 370.2; 
567; 0; 2169.2927; 170; 370.4; 
567; 0; 2169.2925; 170; 370.6; 
567; 0; 2169.2923; 170; 370.8; 
567; 0; 2169.2921; 170; 371; 
567; 0; 2169.292; 170; 371.2; 
567; 0; 2169.2919; 170; 371.4; 
567; 0; 2169.2918; 170; 371.6; 
567; 0; 2169.2916; 170; 371.8; 
567; 0; 2169.2915; 170; 372; 
567; 0; 2169.2914; 170; 372.2; 
567; 0; 2169.2913; 170; 372.4; 
567; 0; 2168.2258; 170; 372.6; 
567; 0; 2168.2257; 170; 372.8; 
567; 0; 2168.2256; 170; 373; 
567; 0; 2168.2254; 170; 373.2; 
567; 0; 2168.2252; 170; 373.4; 
567; 0; 2168.2249; 170; 373.6; 
567; 0; 2168.2246; 170; 373.8; 
567; 0; 2168.2245; 170; 374; 
567; 0; 2168.2243; 170; 374.2; 
567; 0; 2168.2242; 170; 374.4; 
567; 0; 2168.2241; 170; 374.6; 
567; 0; 2168.2241; 170; 374.8; 
567; 0; 2168.224; 170; 375; 
567; 0; 2168.2238; 170; 375.2; 
567; 0; 2168.2236; 170; 375.4; 
567; 0; 2168.2235; 170; 375.6; 
567; 0; 2168.2234; 170; 375.8; 
567; 0; 2168.2233; 170; 376; 
567; 0; 2168.2231; 170; 376.2; 
567; 0; 2168.223; 170; 376.4; 
567; 0; 2168.2228; 170; 376.6; 
567; 0; 2168.2226; 170; 376.8; 
567; 0; 2168.2224; 170; 377; 
567; 0; 2169.2877; 170; 377.2; 
567; 0; 2169.2876; 170; 377.4; 
567; 0; 2169.2875; 170; 377.6; 
567; 0; 2169.2874; 170; 377.8; 
567; 0; 2169.2872; 170; 378; 
567; 0; 2169.287; 170; 378.2; 
567; 0; 2169.2868; 170; 378.4; 
567; 0; 2169.2866; 170; 378.6; 
567; 0; 2169.2865; 170; 378.8; 
567; 0; 2170.3517; 170; 379; 
567; 0; 2170.3517; 170; 379.2; 
567; 0; 2170.3516; 170; 379.4; 
567; 0; 2170.3515; 170; 379.6; 
567; 0; 2170.3514; 170; 379.8; 
567; 0; 2170.3512; 170; 380; 
567; 0; 2170.351; 170; 380.2; 
567; 0; 2171.416; 170; 380.4; 
567; 0; 2171.4157; 170; 380.6; 
567; 0; 2171.4155; 170; 380.8; 
567; 0; 2171.4153; 170; 381; 
567; 0; 2171.4151; 170; 381.2; 
567; 0; 2171.415; 170; 381.4; 
567; 0; 2171.4149; 170; 381.6; 
567; 0; 2172.4802; 170; 381.8; 
567; 0; 2172.4801; 170; 382; 
567; 0; 2172.48; 170; 382.2; 
567; 0; 2172.4799; 170; 382.4; 
567; 0; 2172.4797; 170; 382.6; 
567; 0; 2172.4796; 170; 382.8; 
567; 0; 2172.4795; 170; 383; 
567; 0; 2172.4793; 170; 383.2; 
567; 0; 2172.4792; 170; 383.4; 
567; 0; 2172.4791; 170; 383.6; 
567; 0; 2172.4789; 170; 383.8; 
567; 0; 2172.4788; 170; 384; 
567; 0; 2172.4787; 170; 384.2; 
567; 0; 2172.4785; 170; 384.4; 
567; 0; 2172.4783; 170; 384.6; 
567; 0; 2172.4781; 170; 384.8; 
567; 0; 2172.478; 170; 385; 
567; 0; 2172.4778; 170; 385.2; 
567; 0; 2172.4777; 170; 385.4; 
567; 0; 2173.5429; 170; 385.6; 
567; 0; 2173.5428; 170; 385.8; 
567; 0; 2173.5427; 170; 386; 
567; 0; 2173.5427; 170; 386.2; 
567; 0; 2173.5426; 170; 386.4; 
567; 0; 2173.5424; 170; 386.6; 
567; 0; 2173.5422; 170; 386.8; 
567; 0; 2173.5421; 170; 387; 
567; 0; 2173.5419; 170; 387.2; 
567; 0; 2173.5418; 170; 387.4; 
567; 0; 2173.5417; 170; 387.6; 
567; 0; 2173.5416; 170; 387.8; 
567; 0; 2173.5415; 170; 388; 
567; 0; 2173.5414; 170; 388.2; 
567; 0; 2173.5412; 170; 388.4; 
567; 0; 2173.5411; 170; 388.6; 
567; 0; 2173.541; 170; 388.8; 
567; 0; 2173.5409; 170; 389; 
567; 0; 2173.5407; 170; 389.2; 
567; 0; 2173.5406; 170; 389.4; 
567; 0; 2173.5404; 170; 389.6; 
567; 0; 2173.5402; 170; 389.8; 
567; 0; 2172.4747; 170; 390; 
567; 0; 2172.4745; 170; 390.2; 
567; 0; 2172.4743; 170; 390.4; 
567; 0; 2172.4742; 170; 390.6; 
567; 0; 2172.4741; 170; 390.8; 
567; 0; 2172.4739; 170; 391; 
567; 0; 2172.4737; 170; 391.2; 
567; 0; 2172.4736; 170; 391.4; 
567; 0; 2172.4736; 170; 391.6; 
567; 0; 2172.4735; 170; 391.8; 
567; 0; 2173.5388; 170; 392; 
567; 0; 2173.5388; 170; 392.2; 
567; 0; 2173.5387; 170; 392.4; 
567; 0; 2173.5386; 170; 392.6; 
567; 0; 2173.5384; 170; 392.8; 
567; 0; 2173.5382; 170; 393; 
567; 0; 2173.5381; 170; 393.2; 
567; 0; 2173.538; 170; 393.4; 
567; 0; 2173.5379; 170; 393.6; 
567; 0; 2173.5378; 170; 393.8; 
567; 0; 2173.5376; 170; 394; 
567; 0; 2173.5375; 170; 394.2; 
567; 0; 2173.5373; 170; 394.4; 
567; 0; 2173.5371; 170; 394.6; 
567; 0; 2172.4717; 170; 394.8; 
567; 0; 2172.4716; 170; 395; 
567; 0; 2172.4715; 170; 395.2; 
567; 0; 2172.4714; 170; 395.4; 
567; 0; 2172.4714; 170; 395.6; 
567; 0; 2172.4713; 170; 395.8; 
567; 0; 2172.4711; 170; 396; 
567; 0; 2172.471; 170; 396.2; 
567; 0; 2172.4708; 170; 396.4; 
567; 0; 2172.4706; 170; 396.6; 
567; 0; 2172.4705; 170; 396.8; 
567; 0; 2172.4703; 170; 397; 
567; 0; 2172.4702; 170; 397.2; 
567; 0; 2172.4701; 170; 397.4; 
567; 0; 2172.4699; 170; 397.6; 
567; 0; 2172.4698; 170; 397.8; 
567; 0; 2173.535; 170; 398; 
567; 0; 2173.5349; 170; 398.2; 
567; 0; 2173.5348; 170; 398.4; 
567; 0; 2173.5347; 170; 398.6; 
567; 0; 2173.5345; 170; 398.8; 
567; 0; 2173.5344; 170; 399; 
567; 0; 2173.5343; 170; 399.2; 
567; 0; 2173.5343; 170; 399.4; 
567; 0; 2173.5344; 170; 399.6; 
567; 0; 2173.5344; 170; 399.8; 
567; 0; 2173.5342; 170; 400; 
567; 0; 2173.534; 170; 400.2; 
567; 0; 2172.4685; 170; 400.4; 
567; 0; 2172.4683; 170; 400.6; 
567; 0; 2172.4681; 170; 400.8; 
567; 0; 2172.4679; 170; 401; 
567; 0; 2172.4678; 170; 401.2; 
567; 0; 2172.4676; 170; 401.4; 
567; 0; 2172.4674; 170; 401.6; 
567; 0; 2172.4673; 170; 401.8; 
567; 0; 2172.4671; 170; 402; 
567; 0; 2172.4669; 170; 402.2; 
567; 0; 2172.4668; 170; 402.4; 
567; 0; 2172.4668; 170; 402.6; 
567; 0; 2172.4667; 170; 402.8; 
567; 0; 2172.4666; 170; 403; 
567; 0; 2172.4666; 170; 403.2; 
567; 0; 2172.4665; 170; 403.4; 
567; 0; 2172.4664; 170; 403.6; 
567; 0; 2172.4664; 170; 403.8; 
567; 0; 2172.4664; 170; 404; 
567; 0; 2172.4663; 170; 404.2; 
567; 0; 2172.4663; 170; 404.4; 
567; 0; 2172.4661; 170; 404.6; 
567; 0; 2172.466; 170; 404.8; 
567; 0; 2172.4657; 170; 405; 
567; 0; 2172.4655; 170; 405.2; 
567; 0; 2172.4653; 170; 405.4; 
567; 0; 2172.4651; 170; 405.6; 
567; 0; 2172.4649; 170; 405.8; 
567; 0; 2172.4647; 170; 406; 
567; 0; 2173.5299; 170; 406.2; 
567; 0; 2173.5299; 170; 406.4; 
567; 0; 2173.5299; 170; 406.6; 
567; 0; 2173.5298; 170; 406.8; 
567; 0; 2173.5298; 170; 407; 
567; 0; 2173.5297; 170; 407.2; 
567; 0; 2173.5296; 170; 407.4; 
567; 0; 2173.5294; 170; 407.6; 
567; 0; 2172.4639; 170; 407.8; 
567; 0; 2172.4638; 170; 408; 
567; 0; 2172.4636; 170; 408.2; 
567; 0; 2172.4634; 170; 408.4; 
567; 0; 2172.4633; 170; 408.6; 
567; 0; 2172.4632; 170; 408.8; 
567; 0; 2172.4631; 170; 409; 
567; 0; 2172.463; 170; 409.2; 
567; 0; 2172.4629; 170; 409.4; 
567; 0; 2172.4628; 170; 409.6; 
567; 0; 2172.4628; 170; 409.8; 
567; 0; 2172.4627; 170; 410; 
567; 0; 2172.4626; 170; 410.2; 
567; 0; 2172.4624; 170; 410.4; 
567; 0; 2172.4623; 170; 410.6; 
567; 0; 2172.4622; 170; 410.8; 
567; 0; 2172.4621; 170; 411; 
567; 0; 2161.8091; 170; 411.2; 
567; 0; 1953.6302; 170; 411.4; 
567; 0; 1720.7212; 170; 411.6; 
567; 0; 1698.8605; 170; 411.8; 
567; 0; 1698.8604; 170; 412; 
567; 0; 1698.8603; 170; 412.2; 
567; 0; 1698.8602; 170; 412.4; 
567; 0; 1698.8601; 170; 412.6; 
567; 0; 1698.86; 170; 412.8; 
567; 0; 1698.8599; 170; 413; 
567; 0; 1698.8597; 170; 413.2; 
567; 0; 1698.8595; 170; 413.4; 
567; 0; 1698.8593; 170; 413.6; 
567; 0; 1698.8591; 170; 413.8; 
567; 0; 1698.8588; 170; 414; 
567; 0; 1698.8585; 170; 414.2; 
567; 0; 1698.8582; 170; 414.4; 
567; 0; 1698.8579; 170; 414.6; 
567; 0; 1698.8576; 170; 414.8; 
567; 0; 1698.8572; 170; 415; 
567; 0; 1698.8569; 170; 415.2; 
567; 0; 1698.8565; 170; 415.4; 
567; 0; 1698.856; 170; 415.6; 
567; 0; 1698.8556; 170; 415.8; 
567; 0; 1698.8551; 170; 416; 
567; 0; 1685.3263; 170; 416.2; 
567; 0; 1685.3258; 170; 416.4; 
567; 0; 1685.3252; 170; 416.6; 
567; 0; 1685.3247; 170; 416.8; 
567; 0; 1685.3242; 170; 417; 
567; 0; 1685.3236; 170; 417.2; 
567; 0; 1685.323; 170; 417.4; 
567; 0; 1685.3225; 170; 417.6; 
567; 0; 1685.3221; 170; 417.8; 
567; 0; 1685.3216; 170; 418; 
567; 0; 1685.3211; 170; 418.2; 
567; 0; 1685.3206; 170; 418.4; 
567; 0; 1685.3201; 170; 418.6; 
567; 0; 1685.3196; 170; 418.8; 
567; 0; 1685.3191; 170; 419; 
567; 0; 1685.3186; 170; 419.2; 
567; 0; 1685.3181; 170; 419.4; 
567; 0; 1685.3175; 170; 419.6; 
567; 0; 1685.317; 170; 419.8; 
567; 0; 1685.3165; 170; 420; 
567; 0; 1685.3159; 170; 420.2; 
567; 0; 1671.7751; 170; 420.4; 
567; 0; 1671.7746; 170; 420.6; 
567; 0; 1671.7741; 170; 420.8; 
567; 0; 1671.7736; 170; 421; 
567; 0; 1671.7731; 170; 421.2; 
567; 0; 1671.7726; 170; 421.4; 
567; 0; 1671.7721; 170; 421.6; 
567; 0; 1671.7717; 170; 421.8; 
567; 0; 1671.7712; 170; 422; 
567; 0; 1671.7707; 170; 422.2; 
567; 0; 1671.7703; 170; 422.4; 
567; 0; 1671.7698; 170; 422.6; 
567; 0; 1671.7693; 170; 422.8; 
567; 0; 1671.7687; 170; 423; 
567; 0; 1671.7682; 170; 423.2; 
567; 0; 1671.7677; 170; 423.4; 
567; 0; 1671.7672; 170; 423.6; 
567; 0; 1671.7667; 170; 423.8; 
567; 0; 1671.7662; 170; 424; 
567; 0; 1671.7658; 170; 424.2; 
567; 0; 1671.7653; 170; 424.4; 
567; 0; 1671.7649; 170; 424.6; 
567; 0; 1671.7644; 170; 424.8; 
567; 0; 1658.2067; 170; 425; 
567; 0; 1658.2061; 170; 425.2; 
567; 0; 1658.2056; 170; 425.4; 
567; 0; 1658.2051; 170; 425.6; 
567; 0; 1658.2047; 170; 425.8; 
567; 0; 1658.2042; 170; 426; 
567; 0; 1658.2038; 170; 426.2; 
567; 0; 1658.2033; 170; 426.4; 
567; 0; 1658.2029; 170; 426.6; 
567; 0; 1658.2025; 170; 426.8; 
567; 0; 1658.2021; 170; 427; 
567; 0; 1658.2016; 170; 427.2; 
567; 0; 1658.201; 170; 427.4; 
567; 0; 1658.2005; 170; 427.6; 
567; 0; 1658.2; 170; 427.8; 
567; 0; 1658.1996; 170; 428; 
567; 0; 1658.1991; 170; 428.2; 
567; 0; 1658.1986; 170; 428.4; 
567; 0; 1658.1982; 170; 428.6; 
567; 0; 1658.1978; 170; 428.8; 
567; 0; 1658.1974; 170; 429; 
567; 0; 1658.1969; 170; 429.2; 
567; 0; 1658.1965; 170; 429.4; 
567; 0; 1658.196; 170; 429.6; 
567; 0; 1658.1956; 170; 429.8; 
567; 0; 1642.9792; 170; 430; 
567; 0; 1642.9787; 170; 430.2; 
567; 0; 1642.9783; 170; 430.4; 
567; 0; 1642.9779; 170; 430.6; 
567; 0; 1642.9775; 170; 430.8; 
567; 0; 1642.9771; 170; 431; 
567; 0; 1642.9766; 170; 431.2; 
567; 0; 1642.9762; 170; 431.4; 
567; 0; 1642.9758; 170; 431.6; 
567; 0; 1642.9754; 170; 431.8; 
567; 0; 1642.9749; 170; 432; 
567; 0; 1642.9745; 170; 432.2; 
567; 0; 1642.9741; 170; 432.4; 
567; 0; 1642.9737; 170; 432.6; 
567; 0; 1642.9733; 170; 432.8; 
567; 0; 1642.9728; 170; 433; 
567; 0; 1642.9724; 170; 433.2; 
567; 0; 1642.972; 170; 433.4; 
567; 0; 1642.9716; 170; 433.6; 
567; 0; 1642.9711; 170; 433.8; 
567; 0; 1642.9708; 170; 434; 
567; 0; 1642.9704; 170; 434.2; 
567; 0; 1642.97; 170; 434.4; 
567; 0; 1642.9696; 170; 434.6; 
567; 0; 1642.9692; 170; 434.8; 
567; 0; 1642.9687; 170; 435; 
567; 0; 1642.9683; 170; 435.2; 
567; 0; 1642.9679; 170; 435.4; 
567; 0; 1627.7827; 170; 435.6; 
567; 0; 1627.7823; 170; 435.8; 
567; 0; 1627.7819; 170; 436; 
567; 0; 1627.7815; 170; 436.2; 
567; 0; 1627.7812; 170; 436.4; 
567; 0; 1628.9312; 170; 436.6; 
567; 0; 1640.4348; 170; 436.8; 
567; 0; 1653.0887; 170; 437; 
567; 0; 1664.5921; 170; 437.2; 
567; 0; 1677.2459; 170; 437.4; 
567; 0; 1688.7493; 170; 437.6; 
567; 0; 1700.2526; 170; 437.8; 
567; 0; 1711.7559; 170; 438; 
567; 0; 1723.2592; 170; 438.2; 
567; 0; 1733.7339; 170; 438.4; 
567; 0; 1745.4515; 170; 438.6; 
567; 0; 1757.169; 170; 438.8; 
567; 0; 1767.5844; 170; 439; 
567; 0; 1777.9999; 170; 439.2; 
567; 0; 1788.4152; 170; 439.4; 
567; 0; 1797.5286; 170; 439.6; 
567; 0; 1806.6419; 170; 439.8; 
567; 0; 1814.4534; 170; 440; 
567; 0; 1822.2648; 170; 440.2; 
567; 0; 1830.0761; 170; 440.4; 
567; 0; 1837.8875; 170; 440.6; 
567; 0; 1844.3967; 170; 440.8; 
567; 0; 1850.9053; 170; 441; 
567; 0; 1857.4128; 170; 441.2; 
567; 0; 1863.9185; 170; 441.4; 
567; 0; 1868.1901; 170; 441.6; 
567; 0; 1871.3219; 170; 441.8; 
567; 0; 1875.4971; 170; 442; 
567; 0; 1878.6234; 170; 442.2; 
567; 0; 1882.7935; 170; 442.4; 
567; 0; 1886.9625; 170; 442.6; 
567; 0; 1892.1777; 170; 442.8; 
567; 0; 1899.4862; 170; 443; 
567; 0; 1906.7979; 170; 443.2; 
567; 0; 1916.2052; 170; 443.4; 
567; 0; 1925.6172; 170; 443.6; 
567; 0; 1922.0382; 170; 443.8; 
567; 0; 1931.5536; 170; 444; 
567; 0; 1940.0166; 170; 444.2; 
567; 0; 1947.4258; 170; 444.4; 
567; 0; 1952.7235; 170; 444.6; 
567; 0; 1958.0206; 170; 444.8; 
567; 0; 1961.2031; 170; 445; 
567; 0; 1963.3262; 170; 445.2; 
567; 0; 1965.4456; 170; 445.4; 
567; 0; 1966.5046; 170; 445.6; 
567; 0; 1966.5033; 170; 445.8; 
567; 0; 1967.5552; 170; 446; 
567; 0; 1967.5483; 170; 446.2; 
567; 0; 1968.5964; 170; 446.4; 
567; 0; 1969.644; 170; 446.6; 
567; 0; 1971.7485; 170; 446.8; 
567; 0; 1973.8542; 170; 447; 
567; 0; 1975.9618; 170; 447.2; 
567; 0; 1979.1277; 170; 447.4; 
567; 0; 1981.2397; 170; 447.6; 
567; 0; 1984.4099; 170; 447.8; 
567; 0; 1986.5256; 170; 448; 
567; 0; 1988.6425; 170; 448.2; 
567; 0; 1990.7599; 170; 448.4; 
567; 0; 1991.8211; 170; 448.6; 
567; 0; 1992.8819; 170; 448.8; 
567; 0; 1993.9417; 170; 449; 
567; 0; 1993.9442; 170; 449.2; 
567; 0; 1995.0017; 170; 449.4; 
567; 0; 1995.0018; 170; 449.6; 
567; 0; 1995.0007; 170; 449.8; 
567; 0; 1994.9989; 170; 450; 
567; 0; 1994.9965; 170; 450.2; 
567; 0; 1994.9939; 170; 450.4; 
567; 0; 1994.9914; 170; 450.6; 
567; 0; 1996.046; 170; 450.8; 
567; 0; 1996.0459; 170; 451; 
567; 0; 1997.1045; 170; 451.2; 
567; 0; 1998.1662; 170; 451.4; 
567; 0; 1999.2309; 170; 451.6; 
567; 0; 1999.2419; 170; 451.8; 
567; 0; 1999.2545; 170; 452; 
567; 0; 1998.2109; 170; 452.2; 
567; 0; 1996.1082; 170; 452.4; 
567; 0; 1992.9465; 170; 452.6; 
567; 0; 1989.7822; 170; 452.8; 
567; 0; 1986.6149; 170; 453; 
567; 0; 1982.3883; 170; 453.2; 
567; 0; 1978.1592; 170; 453.4; 
567; 0; 1973.9283; 170; 453.6; 
567; 0; 1970.7528; 170; 453.8; 
567; 0; 1967.577; 170; 454; 
567; 0; 1964.4004; 170; 454.2; 
567; 0; 1962.2816; 170; 454.4; 
567; 0; 1960.1645; 170; 454.6; 
567; 0; 1958.0495; 170; 454.8; 
567; 0; 1956.9926; 170; 455; 
567; 0; 1954.8809; 170; 455.2; 
567; 0; 1953.8266; 170; 455.4; 
567; 0; 1951.7165; 170; 455.6; 
567; 0; 1950.6629; 170; 455.8; 
567; 0; 1949.6091; 170; 456; 
567; 0; 1947.4984; 170; 456.2; 
567; 0; 1946.4434; 170; 456.4; 
567; 0; 1944.3313; 170; 456.6; 
567; 0; 1943.275; 170; 456.8; 
567; 0; 1941.1617; 170; 457; 
567; 0; 1940.1044; 170; 457.2; 
567; 0; 1937.9905; 170; 457.4; 
567; 0; 1936.9329; 170; 457.6; 
567; 0; 1935.8754; 170; 457.8; 
567; 0; 1934.8181; 170; 458; 
567; 0; 1933.7612; 170; 458.2; 
567; 0; 1932.7045; 170; 458.4; 
567; 0; 1932.7046; 170; 458.6; 
567; 0; 1931.6484; 170; 458.8; 
567; 0; 1930.5923; 170; 459; 
567; 0; 1930.5928; 170; 459.2; 
567; 0; 1929.5368; 170; 459.4; 
567; 0; 1929.5372; 170; 459.6; 
567; 0; 1928.4812; 170; 459.8; 
567; 0; 1928.4815; 170; 460; 
567; 0; 1927.4253; 170; 460.2; 
567; 0; 1927.4254; 170; 460.4; 
567; 0; 1926.3691; 170; 460.6; 
567; 0; 1926.369; 170; 460.8; 
567; 0; 1925.3126; 170; 461; 
567; 0; 1925.3125; 170; 461.2; 
567; 0; 1925.3126; 170; 461.4; 
567; 0; 1924.2562; 170; 461.6; 
567; 0; 1924.2563; 170; 461.8; 
567; 0; 1924.2564; 170; 462; 
567; 0; 1923.2001; 170; 462.2; 
567; 0; 1923.2001; 170; 462.4; 
567; 0; 1923.2002; 170; 462.6; 
567; 0; 1923.2003; 170; 462.8; 
567; 0; 1922.144; 170; 463; 
567; 0; 1922.144; 170; 463.2; 
567; 0; 1922.1441; 170; 463.4; 
567; 0; 1922.1442; 170; 463.6; 
567; 0; 1921.0879; 170; 463.8; 
567; 0; 1921.0879; 170; 464; 
567; 0; 1921.088; 170; 464.2; 
567; 0; 1921.088; 170; 464.4; 
567; 0; 1921.088; 170; 464.6; 
567; 0; 1921.0881; 170; 464.8; 
567; 0; 1921.0882; 170; 465; 
567; 0; 1920.0319; 170; 465.2; 
567; 0; 1920.032; 170; 465.4; 
567; 0; 1920.032; 170; 465.6; 
567; 0; 1920.0321; 170; 465.8; 
567; 0; 1920.0321; 170; 466; 
567; 0; 1920.0321; 170; 466.2; 
567; 0; 1920.0321; 170; 466.4; 
567; 0; 1920.0322; 170; 466.6; 
567; 0; 1920.0322; 170; 466.8; 
567; 0; 1918.9759; 170; 467; 
567; 0; 1918.976; 170; 467.2; 
567; 0; 1918.9761; 170; 467.4; 
567; 0; 1918.9762; 170; 467.6; 
567; 0; 1918.9763; 170; 467.8; 
567; 0; 1932.0005; 170; 468; 
567; 0; 1932.0006; 170; 468.2; 
567; 0; 1932.0007; 170; 468.4; 
567; 0; 1932.0007; 170; 468.6; 
567; 0; 1932.0007; 170; 468.8; 
567; 0; 1930.9548; 170; 469; 
567; 0; 1930.9548; 170; 469.2; 
567; 0; 1930.9549; 170; 469.4; 
567; 0; 1929.9089; 170; 469.6; 
567; 0; 1929.9089; 170; 469.8; 
567; 0; 1929.9089; 170; 470; 
567; 0; 1928.8629; 170; 470.2; 
567; 0; 1928.863; 170; 470.4; 
567; 0; 1927.817; 170; 470.6; 
567; 0; 1927.8171; 170; 470.8; 
567; 0; 1926.7712; 170; 471; 
567; 0; 1926.7713; 170; 471.2; 
567; 0; 1926.7714; 170; 471.4; 
567; 0; 1925.7256; 170; 471.6; 
567; 0; 1925.7257; 170; 471.8; 
567; 0; 1924.6798; 170; 472; 
567; 0; 1924.6799; 170; 472.2; 
567; 0; 1924.68; 170; 472.4; 
567; 0; 1923.634; 170; 472.6; 
567; 0; 1923.634; 170; 472.8; 
567; 0; 1922.588; 170; 473; 
567; 0; 1922.5879; 170; 473.2; 
567; 0; 1922.588; 170; 473.4; 
567; 0; 1922.588; 170; 473.6; 
567; 0; 1921.5421; 170; 473.8; 
567; 0; 1921.5422; 170; 474; 
567; 0; 1921.5424; 170; 474.2; 
567; 0; 1921.5425; 170; 474.4; 
567; 0; 1921.5426; 170; 474.6; 
567; 0; 1920.4967; 170; 474.8; 
567; 0; 1920.4967; 170; 475; 
567; 0; 1920.4968; 170; 475.2; 
567; 0; 1920.4967; 170; 475.4; 
567; 0; 1920.4961; 170; 475.6; 
567; 0; 1921.5406; 170; 475.8; 
567; 0; 1921.5375; 170; 476; 
567; 0; 1921.5323; 170; 476.2; 
567; 0; 1920.4784; 170; 476.4; 
567; 0; 1920.4674; 170; 476.6; 
567; 0; 1920.4537; 170; 476.8; 
567; 0; 1921.4845; 170; 477; 
567; 0; 1923.5611; 170; 477.2; 
567; 0; 1927.7307; 170; 477.4; 
567; 0; 1919.9325; 170; 477.6; 
567; 0; 1926.263; 170; 477.8; 
567; 0; 1932.5985; 170; 478; 
567; 0; 1941.0515; 170; 478.2; 
567; 0; 1948.4533; 170; 478.4; 
567; 0; 1955.8592; 170; 478.6; 
567; 0; 1961.1555; 170; 478.8; 
567; 0; 1966.4533; 170; 479; 
567; 0; 1970.6947; 170; 479.2; 
567; 0; 1972.8219; 170; 479.4; 
567; 0; 1974.9464; 170; 479.6; 
567; 0; 1976.0109; 170; 479.8; 
567; 0; 1976.015; 170; 480; 
567; 0; 1976.0152; 170; 480.2; 
567; 0; 1976.0119; 170; 480.4; 
567; 0; 1976.0058; 170; 480.6; 
567; 0; 1975.998; 170; 480.8; 
567; 0; 1975.9896; 170; 481; 
567; 0; 1977.0377; 170; 481.2; 
567; 0; 1978.0868; 170; 481.4; 
567; 0; 1980.1939; 170; 481.6; 
567; 0; 1982.3031; 170; 481.8; 
567; 0; 1984.4144; 170; 482; 
567; 0; 1987.5841; 170; 482.2; 
567; 0; 1989.6993; 170; 482.4; 
567; 0; 1990.7595; 170; 482.6; 
567; 0; 1992.8768; 170; 482.8; 
567; 0; 1993.938; 170; 483; 
567; 0; 1994.9989; 170; 483.2; 
567; 0; 1995.0027; 170; 483.4; 
567; 0; 1995.0055; 170; 483.6; 
567; 0; 1995.0071; 170; 483.8; 
567; 0; 1995.0074; 170; 484; 
567; 0; 1995.0066; 170; 484.2; 
567; 0; 1995.0049; 170; 484.4; 
567; 0; 1995.0026; 170; 484.6; 
567; 0; 1995; 170; 484.8; 
567; 0; 1994.9975; 170; 485; 
567; 0; 1994.9952; 170; 485.2; 
567; 0; 1994.9935; 170; 485.4; 
567; 0; 1996.0488; 170; 485.6; 
567; 0; 1996.0484; 170; 485.8; 
567; 0; 1997.1049; 170; 486; 
567; 0; 1997.1057; 170; 486.2; 
567; 0; 1998.1631; 170; 486.4; 
567; 0; 1998.1645; 170; 486.6; 
567; 0; 1998.166; 170; 486.8; 
567; 0; 1998.1673; 170; 487; 
567; 0; 1999.2247; 170; 487.2; 
567; 0; 1999.2255; 170; 487.4; 
567; 0; 1998.1697; 170; 487.6; 
567; 0; 1998.17; 170; 487.8; 
567; 0; 1998.1698; 170; 488; 
567; 0; 1998.1694; 170; 488.2; 
567; 0; 1998.1688; 170; 488.4; 
567; 0; 1998.1681; 170; 488.6; 
567; 0; 1998.1675; 170; 488.8; 
567; 0; 1998.1669; 170; 489; 
567; 0; 1998.1665; 170; 489.2; 
567; 0; 1998.1662; 170; 489.4; 
567; 0; 1998.1661; 170; 489.6; 
567; 0; 1998.1662; 170; 489.8; 
567; 0; 1999.2227; 170; 490; 
567; 0; 1999.2231; 170; 490.2; 
567; 0; 1999.2235; 170; 490.4; 
567; 0; 1999.2239; 170; 490.6; 
567; 0; 1999.2244; 170; 490.8; 
567; 0; 1999.2247; 170; 491; 
567; 0; 1999.2248; 170; 491.2; 
567; 0; 1999.225; 170; 491.4; 
567; 0; 1999.225; 170; 491.6; 
567; 0; 1999.225; 170; 491.8; 
567; 0; 1999.2249; 170; 492; 
567; 0; 1998.1685; 170; 492.2; 
567; 0; 1998.1685; 170; 492.4; 
567; 0; 1998.1685; 170; 492.6; 
567; 0; 1998.1684; 170; 492.8; 
567; 0; 1998.1684; 170; 493; 
567; 0; 1998.1684; 170; 493.2; 
567; 0; 1999.2249; 170; 493.4; 
567; 0; 1999.226; 170; 493.6; 
567; 0; 1999.2287; 170; 493.8; 
567; 0; 2000.2901; 170; 494; 
567; 0; 2000.298; 170; 494.2; 
567; 0; 2000.3085; 170; 494.4; 
567; 0; 1999.2645; 170; 494.6; 
567; 0; 1998.2196; 170; 494.8; 
567; 0; 1996.1166; 170; 495; 
567; 0; 1992.9554; 170; 495.2; 
567; 0; 1989.7916; 170; 495.4; 
567; 0; 1985.5683; 170; 495.6; 
567; 0; 1981.3421; 170; 495.8; 
567; 0; 1977.1135; 170; 496; 
567; 0; 1972.883; 170; 496.2; 
567; 0; 1969.708; 170; 496.4; 
567; 0; 1965.4763; 170; 496.6; 
567; 0; 1962.3015; 170; 496.8; 
567; 0; 1959.1277; 170; 497; 
567; 0; 1957.011; 170; 497.2; 
567; 0; 1954.8956; 170; 497.4; 
567; 0; 1952.7818; 170; 497.6; 
567; 0; 1950.6692; 170; 497.8; 
567; 0; 1949.6139; 170; 498; 
567; 0; 1947.5028; 170; 498.2; 
567; 0; 1945.3918; 170; 498.4; 
567; 0; 1944.337; 170; 498.6; 
567; 0; 1942.2252; 170; 498.8; 
567; 0; 1940.1131; 170; 499; 
567; 0; 1939.0569; 170; 499.2; 
567; 0; 1936.9441; 170; 499.4; 
567; 0; 1935.8873; 170; 499.6; 
567; 0; 1934.8304; 170; 499.8; 
567; 0; 1932.7169; 170; 500; 
567; 0; 1931.6597; 170; 500.2; 
567; 0; 1930.6026; 170; 500.4; 
567; 0; 1929.5456; 170; 500.6; 
567; 0; 1928.4887; 170; 500.8; 
567; 0; 1927.4321; 170; 501; 
567; 0; 1927.4321; 170; 501.2; 
567; 0; 1926.3758; 170; 501.4; 
567; 0; 1925.3197; 170; 501.6; 
567; 0; 1925.3199; 170; 501.8; 
567; 0; 1924.2638; 170; 502; 
567; 0; 1924.264; 170; 502.2; 
567; 0; 1923.2078; 170; 502.4; 
567; 0; 1923.2079; 170; 502.6; 
567; 0; 1922.1515; 170; 502.8; 
567; 0; 1922.1515; 170; 503; 
567; 0; 1921.095; 170; 503.2; 
567; 0; 1921.0949; 170; 503.4; 
567; 0; 1921.0948; 170; 503.6; 
567; 0; 1920.0384; 170; 503.8; 
567; 0; 1920.0384; 170; 504; 
567; 0; 1920.0383; 170; 504.2; 
567; 0; 1920.0383; 170; 504.4; 
567; 0; 1918.9821; 170; 504.6; 
567; 0; 1918.9822; 170; 504.8; 
567; 0; 1932.0064; 170; 505; 
567; 0; 1932.0065; 170; 505.2; 
567; 0; 1932.0066; 170; 505.4; 
567; 0; 1930.9607; 170; 505.6; 
567; 0; 1930.9607; 170; 505.8; 
567; 0; 1930.9607; 170; 506; 
567; 0; 1929.9148; 170; 506.2; 
567; 0; 1929.9148; 170; 506.4; 
567; 0; 1929.9148; 170; 506.6; 
567; 0; 1928.8689; 170; 506.8; 
567; 0; 1928.8688; 170; 507; 
567; 0; 1927.8228; 170; 507.2; 
567; 0; 1927.8227; 170; 507.4; 
567; 0; 1926.7767; 170; 507.6; 
567; 0; 1926.7766; 170; 507.8; 
567; 0; 1925.7307; 170; 508; 
567; 0; 1925.7308; 170; 508.2; 
567; 0; 1924.6849; 170; 508.4; 
567; 0; 1924.6851; 170; 508.6; 
567; 0; 1924.6853; 170; 508.8; 
567; 0; 1923.6395; 170; 509; 
567; 0; 1923.6396; 170; 509.2; 
567; 0; 1922.5936; 170; 509.4; 
567; 0; 1922.5936; 170; 509.6; 
567; 0; 1922.5936; 170; 509.8; 
567; 0; 1921.5476; 170; 510; 
567; 0; 1921.5476; 170; 510.2; 
567; 0; 1921.5476; 170; 510.4; 
567; 0; 1920.5017; 170; 510.6; 
567; 0; 1920.5017; 170; 510.8; 
567; 0; 1920.5017; 170; 511; 
567; 0; 1920.5017; 170; 511.2; 
567; 0; 1919.4557; 170; 511.4; 
567; 0; 1919.4557; 170; 511.6; 
567; 0; 1919.4557; 170; 511.8; 
567; 0; 1919.4557; 170; 512; 
567; 0; 1919.4557; 170; 512.2; 
567; 0; 1919.4558; 170; 512.4; 
567; 0; 1918.4099; 170; 512.6; 
567; 0; 1918.4099; 170; 512.8; 
567; 0; 1918.41; 170; 513; 
567; 0; 1918.41; 170; 513.2; 
567; 0; 1918.4101; 170; 513.4; 
567; 0; 1918.4101; 170; 513.6; 
567; 0; 1918.4102; 170; 513.8; 
567; 0; 1918.4102; 170; 514; 
567; 0; 1918.4102; 170; 514.2; 
567; 0; 1917.3643; 170; 514.4; 
567; 0; 1917.3643; 170; 514.6; 
567; 0; 1917.3643; 170; 514.8; 
567; 0; 1917.3643; 170; 515; 
567; 0; 1917.3643; 170; 515.2; 
567; 0; 1917.3643; 170; 515.4; 
567; 0; 1917.3643; 170; 515.6; 
567; 0; 1917.3643; 170; 515.8; 
567; 0; 1917.3642; 170; 516; 
567; 0; 1917.3642; 170; 516.2; 
567; 0; 1917.3642; 170; 516.4; 
567; 0; 1917.3642; 170; 516.6; 
567; 0; 1917.3642; 170; 516.8; 
567; 0; 1917.3643; 170; 517; 
567; 0; 1917.3643; 170; 517.2; 
567; 0; 1917.3644; 170; 517.4; 
567; 0; 1917.3644; 170; 517.6; 
567; 0; 1917.3645; 170; 517.8; 
567; 0; 1917.3645; 170; 518; 
567; 0; 1916.3186; 170; 518.2; 
567; 0; 1916.3186; 170; 518.4; 
567; 0; 1916.3186; 170; 518.6; 
567; 0; 1916.3187; 170; 518.8; 
567; 0; 1916.3187; 170; 519; 
567; 0; 1916.3187; 170; 519.2; 
567; 0; 1916.3187; 170; 519.4; 
567; 0; 1916.3186; 170; 519.6; 
567; 0; 1916.3186; 170; 519.8; 
567; 0; 1916.3185; 170; 520; 
567; 0; 1916.3185; 170; 520.2; 
567; 0; 1916.3185; 170; 520.4; 
567; 0; 1916.3185; 170; 520.6; 
567; 0; 1916.3185; 170; 520.8; 
567; 0; 1916.3185; 170; 521; 
567; 0; 1916.3186; 170; 521.2; 
567; 0; 1916.3186; 170; 521.4; 
567; 0; 1916.3186; 170; 521.6; 
567; 0; 1916.3187; 170; 521.8; 
567; 0; 1916.3187; 170; 522; 
567; 0; 1916.3188; 170; 522.2; 
567; 0; 1916.3188; 170; 522.4; 
567; 0; 1916.3189; 170; 522.6; 
567; 0; 1916.3189; 170; 522.8; 
567; 0; 1916.3189; 170; 523; 
567; 0; 1916.3188; 170; 523.2; 
567; 0; 1916.3188; 170; 523.4; 
567; 0; 1916.3188; 170; 523.6; 
567; 0; 1916.3188; 170; 523.8; 
567; 0; 1916.3189; 170; 524; 
567; 0; 1916.3189; 170; 524.2; 
567; 0; 1916.319; 170; 524.4; 
567; 0; 1916.319; 170; 524.6; 
567; 0; 1916.319; 170; 524.8; 
567; 0; 1916.319; 170; 525; 
567; 0; 1916.319; 170; 525.2; 
567; 0; 1916.3189; 170; 525.4; 
567; 0; 1916.3189; 170; 525.6; 
567; 0; 1916.3189; 170; 525.8; 
567; 0; 1916.3189; 170; 526; 
567; 0; 1916.3189; 170; 526.2; 
567; 0; 1916.319; 170; 526.4; 
567; 0; 1916.319; 170; 526.6; 
567; 0; 1916.319; 170; 526.8; 
567; 0; 1916.319; 170; 527; 
567; 0; 1916.319; 170; 527.2; 
567; 0; 1916.3191; 170; 527.4; 
567; 0; 1916.3191; 170; 527.6; 
567; 0; 1916.3191; 170; 527.8; 
567; 0; 1916.3191; 170; 528; 
567; 0; 1916.3191; 170; 528.2; 
567; 0; 1916.3191; 170; 528.4; 
567; 0; 1916.3191; 170; 528.6; 
567; 0; 1915.2731; 170; 528.8; 
567; 0; 1915.2731; 170; 529; 
567; 0; 1915.2732; 170; 529.2; 
567; 0; 1915.2732; 170; 529.4; 
567; 0; 1915.2732; 170; 529.6; 
567; 0; 1915.2732; 170; 529.8; 
567; 0; 1915.2732; 170; 530; 
567; 0; 1915.2732; 170; 530.2; 
567; 0; 1915.2732; 170; 530.4; 
567; 0; 1915.2732; 170; 530.6; 
567; 0; 1915.2732; 170; 530.8; 
567; 0; 1915.2732; 170; 531; 
567; 0; 1915.2733; 170; 531.2; 
567; 0; 1915.2733; 170; 531.4; 
567; 0; 1915.2733; 170; 531.6; 
567; 0; 1915.2733; 170; 531.8; 
567; 0; 1915.2733; 170; 532; 
567; 0; 1915.2733; 170; 532.2; 
567; 0; 1915.2733; 170; 532.4; 
567; 0; 1915.2733; 170; 532.6; 
567; 0; 1915.2733; 170; 532.8; 
567; 0; 1915.2733; 170; 533; 
567; 0; 1915.2733; 170; 533.2; 
567; 0; 1915.2734; 170; 533.4; 
567; 0; 1915.2734; 170; 533.6; 
567; 0; 1915.2734; 170; 533.8; 
567; 0; 1915.2734; 170; 534; 
567; 0; 1915.2734; 170; 534.2; 
567; 0; 1915.2734; 170; 534.4; 
567; 0; 1915.2734; 170; 534.6; 
567; 0; 1915.2734; 170; 534.8; 
567; 0; 1915.2734; 170; 535; 
567; 0; 1915.2735; 170; 535.2; 
567; 0; 1915.2735; 170; 535.4; 
567; 0; 1915.2735; 170; 535.6; 
567; 0; 1915.2735; 170; 535.8; 
567; 0; 1915.2735; 170; 536; 
567; 0; 1915.2735; 170; 536.2; 
567; 0; 1915.2735; 170; 536.4; 
567; 0; 1915.2735; 170; 536.6; 
567; 0; 1915.2735; 170; 536.8; 
567; 0; 1915.2735; 170; 537; 
567; 0; 1915.2735; 170; 537.2; 
567; 0; 1915.2735; 170; 537.4; 
567; 0; 1915.2736; 170; 537.6; 
567; 0; 1915.2736; 170; 537.8; 
567; 0; 1915.2736; 170; 538; 
567; 0; 1915.2736; 170; 538.2; 
567; 0; 1915.2736; 170; 538.4; 
567; 0; 1915.2736; 170; 538.6; 
567; 0; 1916.3195; 170; 538.8; 
567; 0; 1916.3195; 170; 539; 
567; 0; 1916.3192; 170; 539.2; 
567; 0; 1916.3185; 170; 539.4; 
567; 0; 1917.3629; 170; 539.6; 
567; 0; 1917.3595; 170; 539.8; 
567; 0; 1917.354; 170; 540; 
567; 0; 1917.3462; 170; 540.2; 
567; 0; 1917.3362; 170; 540.4; 
567; 0; 1917.3245; 170; 540.6; 
567; 0; 1919.4035; 170; 540.8; 
567; 0; 1920.4364; 170; 541; 
567; 0; 1923.5618; 170; 541.2; 
567; 0; 1927.7352; 170; 541.4; 
567; 0; 1920.9973; 170; 541.6; 
567; 0; 1927.3318; 170; 541.8; 
567; 0; 1933.6709; 170; 542; 
567; 0; 1941.0712; 170; 542.2; 
567; 0; 1948.4766; 170; 542.4; 
567; 0; 1954.83; 170; 542.6; 
567; 0; 1960.1304; 170; 542.8; 
567; 0; 1963.3196; 170; 543; 
567; 0; 1966.5083; 170; 543.2; 
567; 0; 1967.5811; 170; 543.4; 
567; 0; 1967.5917; 170; 543.6; 
567; 0; 1966.5416; 170; 543.8; 
567; 0; 1965.4869; 170; 544; 
567; 0; 1963.3712; 170; 544.2; 
567; 0; 1961.2516; 170; 544.4; 
567; 0; 1959.1293; 170; 544.6; 
567; 0; 1958.0599; 170; 544.8; 
567; 0; 1956.9898; 170; 545; 
567; 0; 1956.9773; 170; 545.2; 
567; 0; 1958.0239; 170; 545.4; 
567; 0; 1960.1305; 170; 545.6; 
567; 0; 1962.2414; 170; 545.8; 
567; 0; 1964.3566; 170; 546; 
567; 0; 1966.4759; 170; 546.2; 
567; 0; 1968.5983; 170; 546.4; 
567; 0; 1969.6662; 170; 546.6; 
567; 0; 1969.6784; 170; 546.8; 
567; 0; 1969.6896; 170; 547; 
567; 0; 1968.6409; 170; 547.2; 
567; 0; 1966.5332; 170; 547.4; 
567; 0; 1964.4229; 170; 547.6; 
567; 0; 1962.3098; 170; 547.8; 
567; 0; 1960.1945; 170; 548; 
567; 0; 1958.0774; 170; 548.2; 
567; 0; 1955.9592; 170; 548.4; 
567; 0; 1953.8399; 170; 548.6; 
567; 0; 1952.7771; 170; 548.8; 
567; 0; 1951.7156; 170; 549; 
567; 0; 1950.6557; 170; 549.2; 
567; 0; 1950.6542; 170; 549.4; 
567; 0; 1950.6546; 170; 549.6; 
567; 0; 1950.6566; 170; 549.8; 
567; 0; 1949.6035; 170; 550; 
567; 0; 1949.6074; 170; 550.2; 
567; 0; 1948.5551; 170; 550.4; 
567; 0; 1948.5589; 170; 550.6; 
567; 0; 1947.5057; 170; 550.8; 
567; 0; 1946.4512; 170; 551; 
567; 0; 1945.3958; 170; 551.2; 
567; 0; 1943.2832; 170; 551.4; 
567; 0; 1942.2264; 170; 551.6; 
567; 0; 1941.1691; 170; 551.8; 
567; 0; 1940.1115; 170; 552; 
567; 0; 1939.0536; 170; 552.2; 
567; 0; 1937.9957; 170; 552.4; 
567; 0; 1936.9382; 170; 552.6; 
567; 0; 1936.9374; 170; 552.8; 
567; 0; 1935.8808; 170; 553; 
567; 0; 1934.8246; 170; 553.2; 
567; 0; 1934.8251; 170; 553.4; 
567; 0; 1933.7695; 170; 553.6; 
567; 0; 1933.7704; 170; 553.8; 
567; 0; 1932.7149; 170; 554; 
567; 0; 1932.7157; 170; 554.2; 
567; 0; 1931.6599; 170; 554.4; 
567; 0; 1930.6039; 170; 554.6; 
567; 0; 1930.6041; 170; 554.8; 
567; 0; 1929.5478; 170; 555; 
567; 0; 1929.5478; 170; 555.2; 
567; 0; 1928.4914; 170; 555.4; 
567; 0; 1928.4913; 170; 555.6; 
567; 0; 1927.4348; 170; 555.8; 
567; 0; 1927.4348; 170; 556; 
567; 0; 1926.3784; 170; 556.2; 
567; 0; 1926.3784; 170; 556.4; 
567; 0; 1925.3221; 170; 556.6; 
567; 0; 1925.3222; 170; 556.8; 
567; 0; 1925.3224; 170; 557; 
567; 0; 1924.2662; 170; 557.2; 
567; 0; 1924.2663; 170; 557.4; 
567; 0; 1924.2665; 170; 557.6; 
567; 0; 1923.2103; 170; 557.8; 
567; 0; 1923.2104; 170; 558; 
567; 0; 1923.2105; 170; 558.2; 
567; 0; 1922.1542; 170; 558.4; 
567; 0; 1922.1543; 170; 558.6; 
567; 0; 1922.1543; 170; 558.8; 
567; 0; 1921.0979; 170; 559; 
567; 0; 1921.0979; 170; 559.2; 
567; 0; 1921.098; 170; 559.4; 
567; 0; 1921.098; 170; 559.6; 
567; 0; 1920.0416; 170; 559.8; 
567; 0; 1920.0417; 170; 560; 
567; 0; 1920.0417; 170; 560.2; 
567; 0; 1920.0418; 170; 560.4; 
567; 0; 1920.0419; 170; 560.6; 
567; 0; 1918.9856; 170; 560.8; 
567; 0; 1918.9857; 170; 561; 
567; 0; 1932.0097; 170; 561.2; 
567; 0; 1932.0097; 170; 561.4; 
567; 0; 1932.0098; 170; 561.6; 
567; 0; 1930.9639; 170; 561.8; 
567; 0; 1930.9639; 170; 562; 
567; 0; 1930.964; 170; 562.2; 
567; 0; 1929.918; 170; 562.4; 
567; 0; 1929.918; 170; 562.6; 
567; 0; 1928.872; 170; 562.8; 
567; 0; 1928.872; 170; 563; 
567; 0; 1927.8261; 170; 563.2; 
567; 0; 1927.8261; 170; 563.4; 
567; 0; 1926.7802; 170; 563.6; 
567; 0; 1926.7803; 170; 563.8; 
567; 0; 1925.7344; 170; 564; 
567; 0; 1925.7344; 170; 564.2; 
567; 0; 1924.6885; 170; 564.4; 
567; 0; 1924.6886; 170; 564.6; 
567; 0; 1924.6886; 170; 564.8; 
567; 0; 1923.6427; 170; 565; 
567; 0; 1923.6427; 170; 565.2; 
567; 0; 1922.5967; 170; 565.4; 
567; 0; 1922.5967; 170; 565.6; 
567; 0; 1921.5507; 170; 565.8; 
567; 0; 1921.5507; 170; 566; 
567; 0; 1921.5507; 170; 566.2; 
567; 0; 1920.5048; 170; 566.4; 
567; 0; 1920.5049; 170; 566.6; 
567; 0; 1920.505; 170; 566.8; 
567; 0; 1919.4591; 170; 567; 
567; 0; 1919.4592; 170; 567.2; 
567; 0; 1919.4592; 170; 567.4; 
567; 0; 1919.4592; 170; 567.6; 
567; 0; 1918.4133; 170; 567.8; 
567; 0; 1918.4133; 170; 568; 
567; 0; 1918.4133; 170; 568.2; 
567; 0; 1918.4133; 170; 568.4; 
567; 0; 1917.3673; 170; 568.6; 
567; 0; 1917.3673; 170; 568.8; 
567; 0; 1917.3673; 170; 569; 
567; 0; 1917.3673; 170; 569.2; 
567; 0; 1917.3673; 170; 569.4; 
567; 0; 1917.3673; 170; 569.6; 
567; 0; 1916.3214; 170; 569.8; 
567; 0; 1916.3214; 170; 570; 
567; 0; 1916.3215; 170; 570.2; 
567; 0; 1916.3215; 170; 570.4; 
567; 0; 1916.3215; 170; 570.6; 
567; 0; 1916.3216; 170; 570.8; 
567; 0; 1916.3216; 170; 571; 
567; 0; 1916.3216; 170; 571.2; 
567; 0; 1916.3216; 170; 571.4; 
567; 0; 1916.3216; 170; 571.6; 
567; 0; 1915.2756; 170; 571.8; 
567; 0; 1915.2756; 170; 572; 
567; 0; 1915.2755; 170; 572.2; 
567; 0; 1915.2755; 170; 572.4; 
567; 0; 1915.2755; 170; 572.6; 
567; 0; 1915.2755; 170; 572.8; 
567; 0; 1915.2756; 170; 573; 
567; 0; 1915.2756; 170; 573.2; 
567; 0; 1915.2756; 170; 573.4; 
567; 0; 1915.2757; 170; 573.6; 
567; 0; 1915.2758; 170; 573.8; 
567; 0; 1915.2758; 170; 574; 
567; 0; 1915.2758; 170; 574.2; 
567; 0; 1915.2758; 170; 574.4; 
567; 0; 1915.2758; 170; 574.6; 
567; 0; 1915.2758; 170; 574.8; 
567; 0; 1915.2757; 170; 575; 
567; 0; 1915.2757; 170; 575.2; 
567; 0; 1915.2757; 170; 575.4; 
567; 0; 1915.2758; 170; 575.6; 
567; 0; 1915.2758; 170; 575.8; 
567; 0; 1914.2298; 170; 576; 
567; 0; 1914.2299; 170; 576.2; 
567; 0; 1914.2299; 170; 576.4; 
567; 0; 1914.23; 170; 576.6; 
567; 0; 1914.2301; 170; 576.8; 
567; 0; 1914.2301; 170; 577; 
567; 0; 1914.23; 170; 577.2; 
567; 0; 1914.23; 170; 577.4; 
567; 0; 1914.2299; 170; 577.6; 
567; 0; 1914.2299; 170; 577.8; 
567; 0; 1914.2299; 170; 578; 
567; 0; 1914.2299; 170; 578.2; 
567; 0; 1914.2299; 170; 578.4; 
567; 0; 1914.2299; 170; 578.6; 
567; 0; 1914.2299; 170; 578.8; 
567; 0; 1914.2299; 170; 579; 
567; 0; 1914.2299; 170; 579.2; 
567; 0; 1914.2299; 170; 579.4; 
567; 0; 1914.2299; 170; 579.6; 
567; 0; 1914.23; 170; 579.8; 
567; 0; 1914.23; 170; 580; 
567; 0; 1914.23; 170; 580.2; 
567; 0; 1914.2301; 170; 580.4; 
567; 0; 1914.2301; 170; 580.6; 
567; 0; 1914.2302; 170; 580.8; 
567; 0; 1914.2301; 170; 581; 
567; 0; 1914.2301; 170; 581.2; 
567; 0; 1914.2301; 170; 581.4; 
567; 0; 1914.23; 170; 581.6; 
567; 0; 1914.23; 170; 581.8; 
567; 0; 1914.23; 170; 582; 
567; 0; 1914.23; 170; 582.2; 
567; 0; 1914.23; 170; 582.4; 
567; 0; 1914.23; 170; 582.6; 
567; 0; 1914.23; 170; 582.8; 
567; 0; 1914.23; 170; 583; 
567; 0; 1914.2301; 170; 583.2; 
567; 0; 1914.2301; 170; 583.4; 
567; 0; 1914.2301; 170; 583.6; 
567; 0; 1914.2301; 170; 583.8; 
567; 0; 1914.2301; 170; 584; 
567; 0; 1914.2301; 170; 584.2; 
567; 0; 1914.2301; 170; 584.4; 
567; 0; 1914.2301; 170; 584.6; 
567; 0; 1915.2759; 170; 584.8; 
567; 0; 1915.2753; 170; 585; 
567; 0; 1915.274; 170; 585.2; 
567; 0; 1915.2715; 170; 585.4; 
567; 0; 1916.3125; 170; 585.6; 
567; 0; 1916.305; 170; 585.8; 
567; 0; 1915.2485; 170; 586; 
567; 0; 1916.2812; 170; 586.2; 
567; 0; 1916.2664; 170; 586.4; 
567; 0; 1918.343; 170; 586.6; 
567; 0; 1922.5126; 170; 586.8; 
567; 0; 1926.685; 170; 587; 
567; 0; 1919.9366; 170; 587.2; 
567; 0; 1927.328; 170; 587.4; 
567; 0; 1934.7248; 170; 587.6; 
567; 0; 1943.1827; 170; 587.8; 
567; 0; 1949.5325; 170; 588; 
567; 0; 1955.8852; 170; 588.2; 
567; 0; 1961.1831; 170; 588.4; 
567; 0; 1964.3682; 170; 588.6; 
567; 0; 1967.5517; 170; 588.8; 
567; 0; 1969.6761; 170; 589; 
567; 0; 1969.6839; 170; 589.2; 
567; 0; 1970.7441; 170; 589.4; 
567; 0; 1970.7439; 170; 589.6; 
567; 0; 1969.6841; 170; 589.8; 
567; 0; 1969.6786; 170; 590; 
567; 0; 1970.7286; 170; 590.2; 
567; 0; 1970.7228; 170; 590.4; 
567; 0; 1971.7752; 170; 590.6; 
567; 0; 1973.8867; 170; 590.8; 
567; 0; 1974.945; 170; 591; 
567; 0; 1976.0063; 170; 591.2; 
567; 0; 1977.0703; 170; 591.4; 
567; 0; 1977.0795; 170; 591.6; 
567; 0; 1977.0886; 170; 591.8; 
567; 0; 1976.0396; 170; 592; 
567; 0; 1973.9327; 170; 592.2; 
567; 0; 1971.8238; 170; 592.4; 
567; 0; 1969.7126; 170; 592.6; 
567; 0; 1966.5426; 170; 592.8; 
567; 0; 1963.3706; 170; 593; 
567; 0; 1961.2536; 170; 593.2; 
567; 0; 1958.0794; 170; 593.4; 
567; 0; 1955.9615; 170; 593.6; 
567; 0; 1953.8441; 170; 593.8; 
567; 0; 1952.7832; 170; 594; 
567; 0; 1950.6674; 170; 594.2; 
567; 0; 1949.6098; 170; 594.4; 
567; 0; 1949.61; 170; 594.6; 
567; 0; 1948.5552; 170; 594.8; 
567; 0; 1947.5012; 170; 595; 
567; 0; 1946.4476; 170; 595.2; 
567; 0; 1945.394; 170; 595.4; 
567; 0; 1944.3396; 170; 595.6; 
567; 0; 1943.2848; 170; 595.8; 
567; 0; 1941.173; 170; 596; 
567; 0; 1940.117; 170; 596.2; 
567; 0; 1939.0605; 170; 596.4; 
567; 0; 1938.0037; 170; 596.6; 
567; 0; 1935.8901; 170; 596.8; 
567; 0; 1934.8328; 170; 597; 
567; 0; 1933.7755; 170; 597.2; 
567; 0; 1932.7184; 170; 597.4; 
567; 0; 1931.6615; 170; 597.6; 
567; 0; 1931.6612; 170; 597.8; 
567; 0; 1930.6047; 170; 598; 
567; 0; 1929.5485; 170; 598.2; 
567; 0; 1929.5489; 170; 598.4; 
567; 0; 1928.4929; 170; 598.6; 
567; 0; 1928.4934; 170; 598.8; 
567; 0; 1927.4375; 170; 599; 
567; 0; 1926.3814; 170; 599.2; 
567; 0; 1926.3817; 170; 599.4; 
567; 0; 1925.3255; 170; 599.6; 
567; 0; 1925.3255; 170; 599.8; 
567; 0; 1924.2691; 170; 600; 
567; 0; 1924.269; 170; 600.2; 
567; 0; 1923.2125; 170; 600.4; 
567; 0; 1923.2125; 170; 600.6; 
567; 0; 1922.1561; 170; 600.8; 
567; 0; 1922.1561; 170; 601; 
567; 0; 1922.1562; 170; 601.2; 
567; 0; 1921.0999; 170; 601.4; 
567; 0; 1921.1; 170; 601.6; 
567; 0; 1921.1001; 170; 601.8; 
567; 0; 1920.0438; 170; 602; 
567; 0; 1920.0439; 170; 602.2; 
567; 0; 1920.044; 170; 602.4; 
567; 0; 1918.9877; 170; 602.6; 
567; 0; 1918.9877; 170; 602.8; 
567; 0; 1932.0117; 170; 603; 
567; 0; 1932.0117; 170; 603.2; 
567; 0; 1930.9657; 170; 603.4; 
567; 0; 1930.9657; 170; 603.6; 
567; 0; 1930.9657; 170; 603.8; 
567; 0; 1929.9197; 170; 604; 
567; 0; 1929.9197; 170; 604.2; 
567; 0; 1929.9197; 170; 604.4; 
567; 0; 1928.8738; 170; 604.6; 
567; 0; 1928.8739; 170; 604.8; 
567; 0; 1927.8279; 170; 605; 
567; 0; 1927.828; 170; 605.2; 
567; 0; 1926.7822; 170; 605.4; 
567; 0; 1925.7362; 170; 605.6; 
567; 0; 1925.7363; 170; 605.8; 
567; 0; 1924.6904; 170; 606; 
567; 0; 1924.6905; 170; 606.2; 
567; 0; 1923.6445; 170; 606.4; 
567; 0; 1923.6446; 170; 606.6; 
567; 0; 1922.5986; 170; 606.8; 
567; 0; 1922.5987; 170; 607; 
567; 0; 1921.5528; 170; 607.2; 
567; 0; 1921.5528; 170; 607.4; 
567; 0; 1921.5529; 170; 607.6; 
567; 0; 1920.5068; 170; 607.8; 
567; 0; 1920.5068; 170; 608; 
567; 0; 1919.4608; 170; 608.2; 
567; 0; 1919.4607; 170; 608.4; 
567; 0; 1919.4607; 170; 608.6; 
567; 0; 1918.4147; 170; 608.8; 
567; 0; 1918.4148; 170; 609; 
567; 0; 1918.4149; 170; 609.2; 
567; 0; 1918.415; 170; 609.4; 
567; 0; 1917.3691; 170; 609.6; 
567; 0; 1917.3691; 170; 609.8; 
567; 0; 1917.3692; 170; 610; 
567; 0; 1917.3692; 170; 610.2; 
567; 0; 1916.3232; 170; 610.4; 
567; 0; 1916.3232; 170; 610.6; 
567; 0; 1916.3233; 170; 610.8; 
567; 0; 1916.3233; 170; 611; 
567; 0; 1916.3233; 170; 611.2; 
567; 0; 1916.3234; 170; 611.4; 
567; 0; 1916.3234; 170; 611.6; 
567; 0; 1915.2775; 170; 611.8; 
567; 0; 1915.2775; 170; 612; 
567; 0; 1915.2775; 170; 612.2; 
567; 0; 1915.2774; 170; 612.4; 
567; 0; 1915.2774; 170; 612.6; 
567; 0; 1915.2774; 170; 612.8; 
567; 0; 1915.2774; 170; 613; 
567; 0; 1915.2774; 170; 613.2; 
567; 0; 1915.2775; 170; 613.4; 
567; 0; 1915.2775; 170; 613.6; 
567; 0; 1914.2315; 170; 613.8; 
567; 0; 1914.2315; 170; 614; 
567; 0; 1914.2315; 170; 614.2; 
567; 0; 1914.2315; 170; 614.4; 
567; 0; 1914.2316; 170; 614.6; 
567; 0; 1914.2316; 170; 614.8; 
567; 0; 1914.2315; 170; 615; 
567; 0; 1914.2315; 170; 615.2; 
567; 0; 1914.2315; 170; 615.4; 
567; 0; 1914.2315; 170; 615.6; 
567; 0; 1914.2315; 170; 615.8; 
567; 0; 1914.2316; 170; 616; 
567; 0; 1914.2317; 170; 616.2; 
567; 0; 1914.2317; 170; 616.4; 
567; 0; 1914.2318; 170; 616.6; 
567; 0; 1914.2318; 170; 616.8; 
567; 0; 1914.2318; 170; 617; 
567; 0; 1914.2318; 170; 617.2; 
567; 0; 1914.2319; 170; 617.4; 
567; 0; 1913.1858; 170; 617.6; 
567; 0; 1913.1858; 170; 617.8; 
567; 0; 1913.1858; 170; 618; 
567; 0; 1913.1857; 170; 618.2; 
567; 0; 1913.1857; 170; 618.4; 
567; 0; 1913.1856; 170; 618.6; 
567; 0; 1913.1856; 170; 618.8; 
567; 0; 1913.1857; 170; 619; 
567; 0; 1913.1857; 170; 619.2; 
567; 0; 1913.1857; 170; 619.4; 
567; 0; 1913.1857; 170; 619.6; 
567; 0; 1913.1858; 170; 619.8; 
567; 0; 1913.1858; 170; 620; 
567; 0; 1913.1859; 170; 620.2; 
567; 0; 1913.1859; 170; 620.4; 
567; 0; 1913.1859; 170; 620.6; 
567; 0; 1913.1859; 170; 620.8; 
567; 0; 1913.1859; 170; 621; 
567; 0; 1913.1858; 170; 621.2; 
567; 0; 1913.1858; 170; 621.4; 
567; 0; 1913.1858; 170; 621.6; 
567; 0; 1913.1858; 170; 621.8; 
567; 0; 1913.1858; 170; 622; 
567; 0; 1913.1858; 170; 622.2; 
567; 0; 1913.1858; 170; 622.4; 
567; 0; 1913.1858; 170; 622.6; 
567; 0; 1913.1858; 170; 622.8; 
567; 0; 1913.1858; 170; 623; 
567; 0; 1913.1858; 170; 623.2; 
567; 0; 1913.1859; 170; 623.4; 
567; 0; 1913.1859; 170; 623.6; 
567; 0; 1913.1859; 170; 623.8; 
567; 0; 1913.186; 170; 624; 
567; 0; 1913.186; 170; 624.2; 
567; 0; 1913.186; 170; 624.4; 
567; 0; 1913.1859; 170; 624.6; 
567; 0; 1913.1858; 170; 624.8; 
567; 0; 1913.1858; 170; 625; 
567; 0; 1913.1858; 170; 625.2; 
567; 0; 1913.1858; 170; 625.4; 
567; 0; 1913.1859; 170; 625.6; 
567; 0; 1913.186; 170; 625.8; 
567; 0; 1913.186; 170; 626; 
567; 0; 1913.186; 170; 626.2; 
567; 0; 1913.186; 170; 626.4; 
567; 0; 1913.186; 170; 626.6; 
567; 0; 1913.186; 170; 626.8; 
567; 0; 1913.186; 170; 627; 
567; 0; 1913.1859; 170; 627.2; 
567; 0; 1913.1858; 170; 627.4; 
567; 0; 1913.1858; 170; 627.6; 
567; 0; 1913.1858; 170; 627.8; 
567; 0; 1913.1858; 170; 628; 
567; 0; 1913.1859; 170; 628.2; 
567; 0; 1913.1859; 170; 628.4; 
567; 0; 1913.186; 170; 628.6; 
567; 0; 1913.1861; 170; 628.8; 
567; 0; 1913.1861; 170; 629; 
567; 0; 1913.1862; 170; 629.2; 
567; 0; 1913.1862; 170; 629.4; 
567; 0; 1912.1401; 170; 629.6; 
567; 0; 1912.14; 170; 629.8; 
567; 0; 1912.1399; 0; 630; 
567; 0; 0; 0; 630.2; 
567; 0; 0; 0; 630.4; 
567; 0; 0; 0; 630.6; 
567; 0; 0; 0; 630.8; 
567; 0; 0; 0; 631; 
567; 0; 0; 0; 631.2; 
567; 0; 0; 0; 631.4; 
567; 0; 0; 0; 631.6; 
567; 0; 0; 0; 631.8; 
567; 0; 0; 0; 632; 
567; 0; 0; 0; 632.2; 
567; 0; 0; 0; 632.4; 
567; 0; 0; 0; 632.6; 
567; 0; 0; 0; 632.8; 
567; 0; 0; 0; 633; 
567; 0; 0; 0; 633.2; 
567; 0; 0; 0; 633.4; 
567; 0; 0; 0; 633.6; 
567; 0; 0; 0; 633.8; 
567; 0; 0; 0; 634; 
567; 0; 0; 0; 634.2; 
567; 0; 0; 0; 634.4; 
567; 0; 0; 0; 634.6; 
567; 0; 0; 0; 634.8; 
567; 0; 0; 0; 635; 
567; 0; 0; 0; 635.2; 
567; 0; 0; 0; 635.4; 
567; 0; 0; 0; 635.6; 
567; 0; 0; 0; 635.8; 
567; 0; 0; 0; 636; 
567; 0; 0; 0; 636.2; 
567; 0; 0; 0; 636.4; 
567; 0; 0; 0; 636.6; 
567; 0; 0; 0; 636.8; 
567; 0; 0; 0; 637; 
567; 0; 0; 0; 637.2; 
567; 0; 0; 0; 637.4; 
567; 0; 0; 0; 637.6; 
567; 0; 0; 0; 637.8; 
567; 0; 0; 0; 638; 
567; 0; 0; 0; 638.2; 
567; 0; 0; 0; 638.4; 
567; 0; 0; 0; 638.6; 
567; 0; 0; 0; 638.8; 
567; 0; 0; 0; 639; 
567; 0; 0; 0; 639.2; 
567; 0; 0; 0; 639.4; 
567; 0; 0; 0; 639.6; 
567; 0; 0; 0; 639.8; 
567; 0; 0; 0; 640; 
567; 0; 0; 0; 640.2; 
567; 0; 0; 0; 640.4; 
567; 0; 0; 0; 640.6; 
567; 0; 0; 0; 640.8; 
567; 0; 0; 0; 641; 
567; 0; 0; 0; 641.2; 
567; 0; 0; 0; 641.4; 
567; 0; 0; 0; 641.6; 
567; 0; 0; 0; 641.8; 
567; 0; 0; 0; 642; 
567; 0; 0; 0; 642.2; 
567; 0; 0; 0; 642.4; 
567; 0; 0; 0; 642.6; 
567; 0; 0; 0; 642.8; 
567; 0; 0; 0; 643; 
567; 0; 0; 0; 643.2; 
567; 0; 0; 0; 643.4; 
567; 0; 0; 0; 643.6; 
567; 0; 0; 0; 643.8; 
567; 0; 0; 0; 644; 
567; 0; 0; 0; 644.2; 
567; 0; 0; 0; 644.4; 
567; 0; 0; 0; 644.6; 
567; 0; 0; 0; 644.8; 
567; 0; 0; 0; 645; 
567; 0; 0; 0; 645.2; 
567; 0; 0; 0; 645.4; 
567; 0; 0; 0; 645.6; 
567; 0; 0; 0; 645.8; 
567; 0; 0; 0; 646; 
567; 0; 0; 0; 646.2; 
567; 0; 0; 0; 646.4; 
567; 0; 0; 0; 646.6; 
567; 0; 0; 0; 646.8; 
567; 0; 0; 0; 647; 
567; 0; 0; 0; 647.2; 
567; 0; 0; 0; 647.4; 
567; 0; 0; 0; 647.6; 
567; 0; 0; 0; 647.8; 
567; 0; 0; 0; 648; 
567; 0; 0; 0; 648.2; 
567; 0; 0; 0; 648.4; 
567; 0; 0; 0; 648.6; 
567; 0; 0; 0; 648.8; 
567; 0; 0; 0; 649; 
567; 0; 0; 0; 649.2; 
567; 0; 0; 0; 649.4; 
567; 0; 0; 0; 649.6; 
567; 0; 0; 0; 649.8; 
567; 0; 0; 0; 650; 
567; 0; 0; 0; 650.2; 
567; 0; 0; 0; 650.4; 
567; 0; 0; 0; 650.6; 
567; 0; 0; 0; 650.8; 
567; 0; 0; 0; 651; 
567; 0; 0; 0; 651.2; 
567; 0; 0; 0; 651.4; 
567; 0; 0; 0; 651.6; 
567; 0; 0; 0; 651.8; 
567; 0; 0; 0; 652; 
567; 0; 0; 0; 652.2; 
567; 0; 0; 0; 652.4; 
567; 0; 0; 0; 652.6; 
567; 0; 0; 0; 652.8; 
567; 0; 0; 0; 653; 
567; 0; 0; 0; 653.2; 
567; 0; 0; 0; 653.4; 
567; 0; 0; 0; 653.6; 
567; 0; 0; 0; 653.8; 
567; 0; 0; 0; 654; 
567; 0; 0; 0; 654.2; 
567; 0; 0; 0; 654.4; 
567; 0; 0; 0; 654.6; 
567; 0; 0; 0; 654.8; 
567; 0; 0; 0; 655; 
567; 0; 0; 0; 655.2; 
567; 0; 0; 0; 655.4; 
567; 0; 0; 0; 655.6; 
567; 0; 0; 0; 655.8; 
567; 0; 0; 0; 656; 
567; 0; 0; 0; 656.2; 
567; 0; 0; 0; 656.4; 
567; 0; 0; 0; 656.6; 
567; 0; 0; 0; 656.8; 
567; 0; 0; 0; 657; 
567; 0; 0; 0; 657.2; 
567; 0; 0; 0; 657.4; 
567; 0; 0; 0; 657.6; 
567; 0; 0; 0; 657.8; 
567; 0; 0; 0; 658; 
567; 0; 0; 0; 658.2; 
567; 0; 0; 0; 658.4; 
567; 0; 0; 0; 658.6; 
567; 0; 0; 0; 658.8; 
567; 0; 0; 0; 659; 
567; 0; 0; 0; 659.2; 
567; 0; 0; 0; 659.4; 
567; 0; 0; 0; 659.6; 
567; 0; 0; 0; 659.8; 
567; 0; 0; 0; 660; 
567; 0; 0; 0; 660.2; 
567; 0; 0; 0; 660.4; 
567; 0; 0; 0; 660.6; 
567; 0; 0; 0; 660.8; 
567; 0; 0; 0; 661; 
567; 0; 0; 0; 661.2; 
567; 0; 0; 0; 661.4; 
567; 0; 0; 0; 661.6; 
567; 0; 0; 0; 661.8; 
567; 0; 0; 0; 662; 
567; 0; 0; 0; 662.2; 
567; 0; 0; 0; 662.4; 
567; 0; 0; 0; 662.6; 
567; 0; 0; 0; 662.8; 
567; 0; 0; 0; 663; 
567; 0; 0; 0; 663.2; 
567; 0; 0; 0; 663.4; 
567; 0; 0; 0; 663.6; 
567; 0; 0; 0; 663.8; 
567; 0; 0; 0; 664; 
567; 0; 0; 0; 664.2; 
567; 0; 0; 0; 664.4; 
567; 0; 0; 0; 664.6; 
567; 0; 0; 0; 664.8; 
567; 0; 0; 0; 665; 
567; 0; 0; 0; 665.2; 
567; 0; 0; 0; 665.4; 
567; 0; 0; 0; 665.6; 
567; 0; 0; 0; 665.8; 
567; 0; 0; 0; 666; 
567; 0; 0; 0; 666.2; 
567; 0; 0; 0; 666.4; 
567; 0; 0; 0; 666.6; 
567; 0; 0; 0; 666.8; 
567; 0; 0; 0; 667; 
567; 0; 0; 0; 667.2; 
567; 0; 0; 0; 667.4; 
567; 0; 0; 0; 667.6; 
567; 0; 0; 0; 667.8; 
567; 0; 0; 0; 668; 
567; 0; 0; 0; 668.2; 
567; 0; 0; 0; 668.4; 
567; 0; 0; 0; 668.6; 
567; 0; 0; 0; 668.8; 
567; 0; 0; 0; 669; 
567; 0; 0; 0; 669.2; 
567; 0; 0; 0; 669.4; 
567; 0; 0; 0; 669.6; 
567; 0; 0; 0; 669.8; 
567; 0; 0; 0; 670; 
567; 0; 0; 0; 670.2; 
567; 0; 0; 0; 670.4; 
567; 0; 0; 0; 670.6; 
567; 0; 0; 0; 670.8; 
567; 0; 0; 0; 671; 
567; 0; 0; 0; 671.2; 
567; 0; 0; 0; 671.4; 
567; 0; 0; 0; 671.6; 
567; 0; 0; 0; 671.8; 
567; 0; 0; 0; 672; 
567; 0; 0; 0; 672.2; 
567; 0; 0; 0; 672.4; 
567; 0; 0; 0; 672.6; 
567; 0; 0; 0; 672.8; 
567; 0; 0; 0; 673; 
567; 0; 0; 0; 673.2; 
567; 0; 0; 0; 673.4; 
567; 0; 0; 0; 673.6; 
567; 0; 0; 0; 673.8; 
567; 0; 0; 0; 674; 
567; 0; 0; 0; 674.2; 
567; 0; 0; 0; 674.4; 
567; 0; 0; 0; 674.6; 
567; 0; 0; 0; 674.8; 
567; 0; 0; 0; 675; 
567; 0; 0; 0; 675.2; 
567; 0; 0; 0; 675.4; 
567; 0; 0; 0; 675.6; 
567; 0; 0; 0; 675.8; 
567; 0; 0; 0; 676; 
567; 0; 0; 0; 676.2; 
567; 0; 0; 0; 676.4; 
567; 0; 0; 0; 676.6; 
567; 0; 0; 0; 676.8; 
567; 0; 0; 0; 677; 
567; 0; 0; 0; 677.2; 
567; 0; 0; 0; 677.4; 
567; 0; 0; 0; 677.6; 
567; 0; 0; 0; 677.8; 
567; 0; 0; 0; 678; 
567; 0; 0; 0; 678.2; 
567; 0; 0; 0; 678.4; 
567; 0; 0; 0; 678.6; 
567; 0; 0; 0; 678.8; 
567; 0; 0; 0; 679; 
567; 0; 0; 0; 679.2; 
567; 0; 0; 0; 679.4; 
567; 0; 0; 0; 679.6; 
567; 0; 0; 0; 679.8; 
567; 0; 0; 0; 680; 
567; 0; 0; 0; 680.2; 
567; 0; 0; 0; 680.4; 
567; 0; 0; 0; 680.6; 
567; 0; 0; 0; 680.8; 
567; 0; 0; 0; 681; 
567; 0; 0; 0; 681.2; 
567; 0; 0; 0; 681.4; 
567; 0; 0; 0; 681.6; 
567; 0; 0; 0; 681.8; 
567; 0; 0; 0; 682; 
567; 0; 0; 0; 682.2; 
567; 0; 0; 0; 682.4; 
567; 0; 0; 0; 682.6; 
567; 0; 0; 0; 682.8; 
567; 0; 0; 0; 683; 
567; 0; 0; 0; 683.2; 
567; 0; 0; 0; 683.4; 
567; 0; 0; 0; 683.6; 
567; 0; 0; 0; 683.8; 
567; 0; 0; 0; 684; 
567; 0; 0; 0; 684.2; 
567; 0; 0; 0; 684.4; 
567; 0; 0; 0; 684.6; 
567; 0; 0; 0; 684.8; 
567; 0; 0; 0; 685; 
567; 0; 0; 0; 685.2; 
567; 0; 0; 0; 685.4; 
567; 0; 0; 0; 685.6; 
567; 0; 0; 0; 685.8; 
567; 0; 0; 0; 686; 
567; 0; 0; 0; 686.2; 
567; 0; 0; 0; 686.4; 
567; 0; 0; 0; 686.6; 
567; 0; 0; 0; 686.8; 
567; 0; 0; 0; 687; 
567; 0; 0; 0; 687.2; 
567; 0; 0; 0; 687.4; 
567; 0; 0; 0; 687.6; 
567; 0; 0; 0; 687.8; 
567; 0; 0; 0; 688; 
567; 0; 0; 0; 688.2; 
567; 0; 0; 0; 688.4; 
567; 0; 0; 0; 688.6; 
567; 0; 0; 0; 688.8; 
567; 0; 0; 0; 689; 
567; 0; 0; 0; 689.2; 
567; 0; 0; 0; 689.4; 
567; 0; 0; 0; 689.6; 
567; 0; 0; 0; 689.8; 
567; 0; 0; 0; 690; 
567; 0; 0; 0; 690.2; 
567; 0; 0; 0; 690.4; 
567; 0; 0; 0; 690.6; 
567; 0; 0; 0; 690.8; 
567; 0; 0; 0; 691; 
567; 0; 0; 0; 691.2; 
567; 0; 0; 0; 691.4; 
567; 0; 0; 0; 691.6; 
567; 0; 0; 0; 691.8; 
567; 0; 0; 0; 692; 
567; 0; 0; 0; 692.2; 
567; 0; 0; 0; 692.4; 
567; 0; 0; 0; 692.6; 
567; 0; 0; 0; 692.8; 
567; 0; 0; 0; 693; 
567; 0; 0; 0; 693.2; 
567; 0; 0; 0; 693.4; 
567; 0; 0; 0; 693.6; 
567; 0; 0; 0; 693.8; 
567; 0; 0; 0; 694; 
567; 0; 0; 0; 694.2; 
567; 0; 0; 0; 694.4; 
567; 0; 0; 0; 694.6; 
567; 0; 0; 0; 694.8; 
567; 0; 0; 0; 695; 
567; 0; 0; 0; 695.2; 
567; 0; 0; 0; 695.4; 
567; 0; 0; 0; 695.6; 
567; 0; 0; 0; 695.8; 
567; 0; 0; 0; 696; 
567; 0; 0; 0; 696.2; 
567; 0; 0; 0; 696.4; 
567; 0; 0; 0; 696.6; 
567; 0; 0; 0; 696.8; 
567; 0; 0; 0; 697; 
567; 0; 0; 0; 697.2; 
567; 0; 0; 0; 697.4; 
567; 0; 0; 0; 697.6; 
567; 0; 0; 0; 697.8; 
567; 0; 0; 0; 698; 
567; 0; 0; 0; 698.2; 
567; 0; 0; 0; 698.4; 
567; 0; 0; 0; 698.6; 
567; 0; 0; 0; 698.8; 
567; 0; 0; 0; 699; 
567; 0; 0; 0; 699.2; 
567; 0; 0; 0; 699.4; 
567; 0; 0; 0; 699.6; 
567; 0; 0; 0; 699.8; 
567; 0; 0; 0; 700; 
567; 0; 0; 0; 700.2; 
567; 0; 0; 0; 700.4; 
567; 0; 0; 0; 700.6; 
567; 0; 0; 0; 700.8; 
567; 0; 0; 0; 701; 
567; 0; 0; 0; 701.2; 
567; 0; 0; 0; 701.4; 
567; 0; 0; 0; 701.6; 
567; 0; 0; 0; 701.8; 
567; 0; 0; 0; 702; 
567; 0; 0; 0; 702.2; 
567; 0; 0; 0; 702.4; 
567; 0; 0; 0; 702.6; 
567; 0; 0; 0; 702.8; 
567; 0; 0; 0; 703; 
567; 0; 0; 0; 703.2; 
567; 0; 0; 0; 703.4; 
567; 0; 0; 0; 703.6; 
567; 0; 0; 0; 703.8; 
567; 0; 0; 0; 704; 
567; 0; 0; 0; 704.2; 
567; 0; 0; 0; 704.4; 
567; 0; 0; 0; 704.6; 
567; 0; 0; 0; 704.8; 
567; 0; 0; 0; 705; 
567; 0; 0; 0; 705.2; 
567; 0; 0; 0; 705.4; 
567; 0; 0; 0; 705.6; 
567; 0; 0; 0; 705.8; 
567; 0; 0; 0; 706; 
567; 0; 0; 0; 706.2; 
567; 0; 0; 0; 706.4; 
567; 0; 0; 0; 706.6; 
567; 0; 0; 0; 706.8; 
567; 0; 0; 0; 707; 
567; 0; 0; 0; 707.2; 
567; 0; 0; 0; 707.4; 
567; 0; 0; 0; 707.6; 
567; 0; 0; 0; 707.8; 
567; 0; 0; 0; 708; 
567; 0; 0; 0; 708.2; 
567; 0; 0; 0; 708.4; 
567; 0; 0; 0; 708.6; 
567; 0; 0; 0; 708.8; 
567; 0; 0; 0; 709; 
567; 0; 0; 0; 709.2; 
567; 0; 0; 0; 709.4; 
567; 0; 0; 0; 709.6; 
567; 0; 0; 0; 709.8; 
567; 0; 0; 0; 710; 
567; 0; 0; 0; 710.2; 
567; 0; 0; 0; 710.4; 
567; 0; 0; 0; 710.6; 
567; 0; 0; 0; 710.8; 
567; 0; 0; 0; 711; 
567; 0; 0; 0; 711.2; 
567; 0; 0; 0; 711.4; 
567; 0; 0; 0; 711.6; 
567; 0; 0; 0; 711.8; 
567; 0; 0; 0; 712; 
567; 0; 0; 0; 712.2; 
567; 0; 0; 0; 712.4; 
567; 0; 0; 0; 712.6; 
567; 0; 0; 0; 712.8; 
567; 0; 0; 0; 713; 
567; 0; 0; 0; 713.2; 
567; 0; 0; 0; 713.4; 
567; 0; 0; 0; 713.6; 
567; 0; 0; 0; 713.8; 
567; 0; 0; 0; 714; 
567; 0; 0; 0; 714.2; 
567; 0; 0; 0; 714.4; 
567; 0; 0; 0; 714.6; 
567; 0; 0; 0; 714.8; 
567; 0; 0; 0; 715; 
567; 0; 0; 0; 715.2; 
567; 0; 0; 0; 715.4; 
567; 0; 0; 0; 715.6; 
567; 0; 0; 0; 715.8; 
567; 0; 0; 0; 716; 
567; 0; 0; 0; 716.2; 
567; 0; 0; 0; 716.4; 
567; 0; 0; 0; 716.6; 
567; 0; 0; 0; 716.8; 
567; 0; 0; 0; 717; 
567; 0; 0; 0; 717.2; 
567; 0; 0; 0; 717.4; 
567; 0; 0; 0; 717.6; 
567; 0; 0; 0; 717.8; 
567; 0; 0; 0; 718; 
567; 0; 0; 0; 718.2; 
567; 0; 0; 0; 718.4; 
567; 0; 0; 0; 718.6; 
567; 0; 0; 0; 718.8; 
567; 0; 0; 0; 719; 
567; 0; 0; 0; 719.2; 
567; 0; 0; 0; 719.4; 
567; 0; 0; 0; 719.6; 
567; 0; 0; 0; 719.8; 
567; 0; 0; 0; 720; 
567; 0; 0; 0; 720.2; 
567; 0; 0; 0; 720.4; 
567; 0; 0; 0; 720.6; 
567; 0; 0; 0; 720.8; 
567; 0; 0; 0; 721; 
567; 0; 0; 0; 721.2; 
567; 0; 0; 0; 721.4; 
567; 0; 0; 0; 721.6; 
567; 0; 0; 0; 721.8; 
567; 0; 0; 0; 722; 
567; 0; 0; 0; 722.2; 
567; 0; 0; 0; 722.4; 
567; 0; 0; 0; 722.6; 
567; 0; 0; 0; 722.8; 
567; 0; 0; 0; 723; 
567; 0; 0; 0; 723.2; 
567; 0; 0; 0; 723.4; 
567; 0; 0; 0; 723.6; 
567; 0; 0; 0; 723.8; 
567; 0; 0; 0; 724; 
567; 0; 0; 0; 724.2; 
567; 0; 0; 0; 724.4; 
567; 0; 0; 0; 724.6; 
567; 0; 0; 0; 724.8; 
567; 0; 0; 0; 725; 
567; 0; 0; 0; 725.2; 
567; 0; 0; 0; 725.4; 
567; 0; 0; 0; 725.6; 
567; 0; 0; 0; 725.8; 
567; 0; 0; 0; 726; 
567; 0; 0; 0; 726.2; 
567; 0; 0; 0; 726.4; 
567; 0; 0; 0; 726.6; 
567; 0; 0; 0; 726.8; 
567; 0; 0; 0; 727; 
567; 0; 0; 0; 727.2; 
567; 0; 0; 0; 727.4; 
567; 0; 0; 0; 727.6; 
567; 0; 0; 0; 727.8; 
567; 0; 0; 0; 728; 
567; 0; 0; 0; 728.2; 
567; 0; 0; 0; 728.4; 
567; 0; 0; 0; 728.6; 
567; 0; 0; 0; 728.8; 
567; 0; 0; 0; 729; 
567; 0; 0; 0; 729.2; 
567; 0; 0; 0; 729.4; 
567; 0; 0; 0; 729.6; 
567; 0; 0; 0; 729.8; 
567; 0; 0; 0; 730; 
567; 0; 0; 0; 730.2; 
567; 0; 0; 0; 730.4; 
567; 0; 0; 0; 730.6; 
567; 0; 0; 0; 730.8; 
567; 0; 0; 0; 731; 
567; 0; 0; 0; 731.2; 
567; 0; 0; 0; 731.4; 
567; 0; 0; 0; 731.6; 
567; 0; 0; 0; 731.8; 
567; 0; 0; 0; 732; 
567; 0; 0; 0; 732.2; 
567; 0; 0; 0; 732.4; 
567; 0; 0; 0; 732.6; 
567; 0; 0; 0; 732.8; 
567; 0; 0; 0; 733; 
567; 0; 0; 0; 733.2; 
567; 0; 0; 0; 733.4; 
567; 0; 0; 0; 733.6; 
567; 0; 0; 0; 733.8; 
567; 0; 0; 0; 734; 
567; 0; 0; 0; 734.2; 
567; 0; 0; 0; 734.4; 
567; 0; 0; 0; 734.6; 
567; 0; 0; 0; 734.8; 
567; 0; 0; 0; 735; 
567; 0; 0; 0; 735.2; 
567; 0; 0; 0; 735.4; 
567; 0; 0; 0; 735.6; 
567; 0; 0; 0; 735.8; 
567; 0; 0; 0; 736; 
567; 0; 0; 0; 736.2; 
567; 0; 0; 0; 736.4; 
567; 0; 0; 0; 736.6; 
567; 0; 0; 0; 736.8; 
567; 0; 0; 0; 737; 
567; 0; 0; 0; 737.2; 
567; 0; 0; 0; 737.4; 
567; 0; 0; 0; 737.6; 
567; 0; 0; 0; 737.8; 
567; 0; 0; 0; 738; 
567; 0; 0; 0; 738.2; 
567; 0; 0; 0; 738.4; 
567; 0; 0; 0; 738.6; 
567; 0; 0; 0; 738.8; 
567; 0; 0; 0; 739; 
567; 0; 0; 0; 739.2; 
567; 0; 0; 0; 739.4; 
567; 0; 0; 0; 739.6; 
567; 0; 0; 0; 739.8; 
567; 0; 0; 0; 740; 
567; 0; 0; 0; 740.2; 
567; 0; 0; 0; 740.4; 
567; 0; 0; 0; 740.6; 
567; 0; 0; 0; 740.8; 
567; 0; 0; 0; 741; 
567; 0; 0; 0; 741.2; 
567; 0; 0; 0; 741.4; 
567; 0; 0; 0; 741.6; 
567; 0; 0; 0; 741.8; 
567; 0; 0; 0; 742; 
567; 0; 0; 0; 742.2; 
567; 0; 0; 0; 742.4; 
567; 0; 0; 0; 742.6; 
567; 0; 0; 0; 742.8; 
567; 0; 0; 0; 743; 
567; 0; 0; 0; 743.2; 
567; 0; 0; 0; 743.4; 
567; 0; 0; 0; 743.6; 
567; 0; 0; 0; 743.8; 
567; 0; 0; 0; 744; 
567; 0; 0; 0; 744.2; 
567; 0; 0; 0; 744.4; 
567; 0; 0; 0; 744.6; 
567; 0; 0; 0; 744.8; 
567; 0; 0; 0; 745; 
567; 0; 0; 0; 745.2; 
567; 0; 0; 0; 745.4; 
567; 0; 0; 0; 745.6; 
567; 0; 0; 0; 745.8; 
567; 0; 0; 0; 746; 
567; 0; 0; 0; 746.2; 
567; 0; 0; 0; 746.4; 
567; 0; 0; 0; 746.6; 
567; 0; 0; 0; 746.8; 
567; 0; 0; 0; 747; 
567; 0; 0; 0; 747.2; 
567; 0; 0; 0; 747.4; 
567; 0; 0; 0; 747.6; 
567; 0; 0; 0; 747.8; 
567; 0; 0; 0; 748; 
567; 0; 0; 0; 748.2; 
567; 0; 0; 0; 748.4; 
567; 0; 0; 0; 748.6; 
567; 0; 0; 0; 748.8; 
567; 0; 0; 0; 749; 
567; 0; 0; 0; 749.2; 
567; 0; 0; 0; 749.4; 
567; 0; 0; 0; 749.6; 
567; 0; 0; 0; 749.8; 
567; 0; 0; 0; 750; 
567; 0; 0; 0; 750.2; 
567; 0; 0; 0; 750.4; 
567; 0; 0; 0; 750.6; 
567; 0; 0; 0; 750.8; 
567; 0; 0; 0; 751; 
567; 0; 0; 0; 751.2; 
567; 0; 0; 0; 751.4; 
567; 0; 0; 0; 751.6; 
567; 0; 0; 0; 751.8; 
567; 0; 0; 0; 752; 
567; 0; 0; 0; 752.2; 
567; 0; 0; 0; 752.4; 
567; 0; 0; 0; 752.6; 
567; 0; 0; 0; 752.8; 
567; 0; 0; 0; 753; 
567; 0; 0; 0; 753.2; 
567; 0; 0; 0; 753.4; 
567; 0; 0; 0; 753.6; 
567; 0; 0; 0; 753.8; 
567; 0; 0; 0; 754; 
567; 0; 0; 0; 754.2; 
567; 0; 0; 0; 754.4; 
567; 0; 0; 0; 754.6; 
567; 0; 0; 0; 754.8; 
567; 0; 0; 0; 755; 
567; 0; 0; 0; 755.2; 
567; 0; 0; 0; 755.4; 
567; 0; 0; 0; 755.6; 
567; 0; 0; 0; 755.8; 
567; 0; 0; 0; 756; 
567; 0; 0; 0; 756.2; 
567; 0; 0; 0; 756.4; 
567; 0; 0; 0; 756.6; 
567; 0; 0; 0; 756.8; 
567; 0; 0; 0; 757; 
567; 0; 0; 0; 757.2; 
567; 0; 0; 0; 757.4; 
567; 0; 0; 0; 757.6; 
567; 0; 0; 0; 757.8; 
567; 0; 0; 0; 758; 
567; 0; 0; 0; 758.2; 
567; 0; 0; 0; 758.4; 
567; 0; 0; 0; 758.6; 
567; 0; 0; 0; 758.8; 
567; 0; 0; 0; 759; 
567; 0; 0; 0; 759.2; 
567; 0; 0; 0; 759.4; 
567; 0; 0; 0; 759.6; 
567; 0; 0; 0; 759.8; 
567; 0; 0; 0; 760; 
567; 0; 0; 0; 760.2; 
567; 0; 0; 0; 760.4; 
567; 0; 0; 0; 760.6; 
567; 0; 0; 0; 760.8; 
567; 0; 0; 0; 761; 
567; 0; 0; 0; 761.2; 
567; 0; 0; 0; 761.4; 
567; 0; 0; 0; 761.6; 
567; 0; 0; 0; 761.8; 
567; 0; 0; 0; 762; 
567; 0; 0; 0; 762.2; 
567; 0; 0; 0; 762.4; 
567; 0; 0; 0; 762.6; 
567; 0; 0; 0; 762.8; 
567; 0; 0; 0; 763; 
567; 0; 0; 0; 763.2; 
567; 0; 0; 0; 763.4; 
567; 0; 0; 0; 763.6; 
567; 0; 0; 0; 763.8; 
567; 0; 0; 0; 764; 
567; 0; 0; 0; 764.2; 
567; 0; 0; 0; 764.4; 
567; 0; 0; 0; 764.6; 
567; 0; 0; 0; 764.8; 
567; 0; 0; 0; 765; 
567; 0; 0; 0; 765.2; 
567; 0; 0; 0; 765.4; 
567; 0; 0; 0; 765.6; 
567; 0; 0; 0; 765.8; 
567; 0; 0; 0; 766; 
567; 0; 0; 0; 766.2; 
567; 0; 0; 0; 766.4; 
567; 0; 0; 0; 766.6; 
567; 0; 0; 0; 766.8; 
567; 0; 0; 0; 767; 
567; 0; 0; 0; 767.2; 
567; 0; 0; 0; 767.4; 
567; 0; 0; 0; 767.6; 
567; 0; 0; 0; 767.8; 
567; 0; 0; 0; 768; 
567; 0; 0; 0; 768.2; 
567; 0; 0; 0; 768.4; 
567; 0; 0; 0; 768.6; 
567; 0; 0; 0; 768.8; 
567; 0; 0; 0; 769; 
567; 0; 0; 0; 769.2; 
567; 0; 0; 0; 769.4; 
567; 0; 0; 0; 769.6; 
567; 0; 0; 0; 769.8; 
567; 0; 0; 0; 770; 
567; 0; 0; 0; 770.2; 
567; 0; 0; 0; 770.4; 
567; 0; 0; 0; 770.6; 
567; 0; 0; 0; 770.8; 
567; 0; 0; 0; 771; 
567; 0; 0; 0; 771.2; 
567; 0; 0; 0; 771.4; 
567; 0; 0; 0; 771.6; 
567; 0; 0; 0; 771.8; 
567; 0; 0; 0; 772; 
567; 0; 0; 0; 772.2; 
567; 0; 0; 0; 772.4; 
567; 0; 0; 0; 772.6; 
567; 0; 0; 0; 772.8; 
567; 0; 0; 0; 773; 
567; 0; 0; 0; 773.2; 
567; 0; 0; 0; 773.4; 
567; 0; 0; 0; 773.6; 
567; 0; 0; 0; 773.8; 
567; 0; 0; 0; 774; 
567; 0; 0; 0; 774.2; 
567; 0; 0; 0; 774.4; 
567; 0; 0; 0; 774.6; 
567; 0; 0; 0; 774.8; 
567; 0; 0; 0; 775; 
567; 0; 0; 0; 775.2; 
567; 0; 0; 0; 775.4; 
567; 0; 0; 0; 775.6; 
567; 0; 0; 0; 775.8; 
567; 0; 0; 0; 776; 
567; 0; 0; 0; 776.2; 
567; 0; 0; 0; 776.4; 
567; 0; 0; 0; 776.6; 
567; 0; 0; 0; 776.8; 
567; 0; 0; 0; 777; 
567; 0; 0; 0; 777.2; 
567; 0; 0; 0; 777.4; 
567; 0; 0; 0; 777.6; 
567; 0; 0; 0; 777.8; 
567; 0; 0; 0; 778; 
567; 0; 0; 0; 778.2; 
567; 0; 0; 0; 778.4; 
567; 0; 0; 0; 778.6; 
567; 0; 0; 0; 778.8; 
567; 0; 0; 0; 779; 
567; 0; 0; 0; 779.2; 
567; 0; 0; 0; 779.4; 
567; 0; 0; 0; 779.6; 
567; 0; 0; 0; 779.8; 
567; 0; 0; 0; 780; 
567; 0; 0; 0; 780.2; 
567; 0; 0; 0; 780.4; 
567; 0; 0; 0; 780.6; 
567; 0; 0; 0; 780.8; 
567; 0; 0; 0; 781; 
567; 0; 0; 0; 781.2; 
567; 0; 0; 0; 781.4; 
567; 0; 0; 0; 781.6; 
567; 0; 0; 0; 781.8; 
567; 0; 0; 0; 782; 
567; 0; 0; 0; 782.2; 
567; 0; 0; 0; 782.4; 
567; 0; 0; 0; 782.6; 
567; 0; 0; 0; 782.8; 
567; 0; 0; 0; 783; 
567; 0; 0; 0; 783.2; 
567; 0; 0; 0; 783.4; 
567; 0; 0; 0; 783.6; 
567; 0; 0; 0; 783.8; 
567; 0; 0; 0; 784; 
567; 0; 0; 0; 784.2; 
567; 0; 0; 0; 784.4; 
567; 0; 0; 0; 784.6; 
567; 0; 0; 0; 784.8; 
567; 0; 0; 0; 785; 
567; 0; 0; 0; 785.2; 
567; 0; 0; 0; 785.4; 
567; 0; 0; 0; 785.6; 
567; 0; 0; 0; 785.8; 
567; 0; 0; 0; 786; 
567; 0; 0; 0; 786.2; 
567; 0; 0; 0; 786.4; 
567; 0; 0; 0; 786.6; 
567; 0; 0; 0; 786.8; 
567; 0; 0; 0; 787; 
567; 0; 0; 0; 787.2; 
567; 0; 0; 0; 787.4; 
567; 0; 0; 0; 787.6; 
567; 0; 0; 0; 787.8; 
567; 0; 0; 0; 788; 
567; 0; 0; 0; 788.2; 
567; 0; 0; 0; 788.4; 
567; 0; 0; 0; 788.6; 
567; 0; 0; 0; 788.8; 
567; 0; 0; 0; 789; 
567; 0; 0; 0; 789.2; 
567; 0; 0; 0; 789.4; 
567; 0; 0; 0; 789.6; 
567; 0; 0; 0; 789.8; 
567; 0; 0; 0; 790; 
567; 0; 0; 0; 790.2; 
567; 0; 0; 0; 790.4; 
567; 0; 0; 0; 790.6; 
567; 0; 0; 0; 790.8; 
567; 0; 0; 0; 791; 
567; 0; 0; 0; 791.2; 
567; 0; 0; 0; 791.4; 
567; 0; 0; 0; 791.6; 
567; 0; 0; 0; 791.8; 
567; 0; 0; 0; 792; 
567; 0; 0; 0; 792.2; 
567; 0; 0; 0; 792.4; 
567; 0; 0; 0; 792.6; 
567; 0; 0; 0; 792.8; 
567; 0; 0; 0; 793; 
567; 0; 0; 0; 793.2; 
567; 0; 0; 0; 793.4; 
567; 0; 0; 0; 793.6; 
567; 0; 0; 0; 793.8; 
567; 0; 0; 0; 794; 
567; 0; 0; 0; 794.2; 
567; 0; 0; 0; 794.4; 
567; 0; 0; 0; 794.6; 
567; 0; 0; 0; 794.8; 
567; 0; 0; 0; 795; 
567; 0; 0; 0; 795.2; 
567; 0; 0; 0; 795.4; 
567; 0; 0; 0; 795.6; 
567; 0; 0; 0; 795.8; 
567; 0; 0; 0; 796; 
567; 0; 0; 0; 796.2; 
567; 0; 0; 0; 796.4; 
567; 0; 0; 0; 796.6; 
567; 0; 0; 0; 796.8; 
567; 0; 0; 0; 797; 
567; 0; 0; 0; 797.2; 
567; 0; 0; 0; 797.4; 
567; 0; 0; 0; 797.6; 
567; 0; 0; 0; 797.8; 
567; 0; 0; 0; 798; 
567; 0; 0; 0; 798.2; 
567; 0; 0; 0; 798.4; 
567; 0; 0; 0; 798.6; 
567; 0; 0; 0; 798.8; 
567; 0; 0; 0; 799; 
567; 0; 0; 0; 799.2; 
567; 0; 0; 0; 799.4; 
567; 0; 0; 0; 799.6; 
567; 0; 0; 0; 799.8; 
567; 0; 0; 0; 800; 
567; 0; 0; 0; 800.2; 
567; 0; 0; 0; 800.4; 
567; 0; 0; 0; 800.6; 
567; 0; 0; 0; 800.8; 
567; 0; 0; 0; 801; 
567; 0; 0; 0; 801.2; 
567; 0; 0; 0; 801.4; 
567; 0; 0; 0; 801.6; 
567; 0; 0; 0; 801.8; 
567; 0; 0; 0; 802; 
567; 0; 0; 0; 802.2; 
567; 0; 0; 0; 802.4; 
567; 0; 0; 0; 802.6; 
567; 0; 0; 0; 802.8; 
567; 0; 0; 0; 803; 
567; 0; 0; 0; 803.2; 
567; 0; 0; 0; 803.4; 
567; 0; 0; 0; 803.6; 
567; 0; 0; 0; 803.8; 
567; 0; 0; 0; 804; 
567; 0; 0; 0; 804.2; 
567; 0; 0; 0; 804.4; 
567; 0; 0; 0; 804.6; 
567; 0; 0; 0; 804.8; 
567; 0; 0; 0; 805; 
567; 0; 0; 0; 805.2; 
567; 0; 0; 0; 805.4; 
567; 0; 0; 0; 805.6; 
567; 0; 0; 0; 805.8; 
567; 0; 0; 0; 806; 
567; 0; 0; 0; 806.2; 
567; 0; 0; 0; 806.4; 
567; 0; 0; 0; 806.6; 
567; 0; 0; 0; 806.8; 
567; 0; 0; 0; 807; 
567; 0; 0; 0; 807.2; 
567; 0; 0; 0; 807.4; 
567; 0; 0; 0; 807.6; 
567; 0; 0; 0; 807.8; 
567; 0; 0; 0; 808; 
567; 0; 0; 0; 808.2; 
567; 0; 0; 0; 808.4; 
567; 0; 0; 0; 808.6; 
567; 0; 0; 0; 808.8; 
567; 0; 0; 0; 809; 
567; 0; 0; 0; 809.2; 
567; 0; 0; 0; 809.4; 
567; 0; 0; 0; 809.6; 
567; 0; 0; 0; 809.8; 
567; 0; 0; 0; 810; 
567; 0; 0; 0; 810.2; 
567; 0; 0; 0; 810.4; 
567; 0; 0; 0; 810.6; 
567; 0; 0; 0; 810.8; 
567; 0; 0; 0; 811; 
567; 0; 0; 0; 811.2; 
567; 0; 0; 0; 811.4; 
567; 0; 0; 0; 811.6; 
567; 0; 0; 0; 811.8; 
567; 0; 0; 0; 812; 
567; 0; 0; 0; 812.2; 
567; 0; 0; 0; 812.4; 
567; 0; 0; 0; 812.6; 
567; 0; 0; 0; 812.8; 
567; 0; 0; 0; 813; 
567; 0; 0; 0; 813.2; 
567; 0; 0; 0; 813.4; 
567; 0; 0; 0; 813.6; 
567; 0; 0; 0; 813.8; 
567; 0; 0; 0; 814; 
567; 0; 0; 0; 814.2; 
567; 0; 0; 0; 814.4; 
567; 0; 0; 0; 814.6; 
567; 0; 0; 0; 814.8; 
567; 0; 0; 0; 815; 
567; 0; 0; 0; 815.2; 
567; 0; 0; 0; 815.4; 
567; 0; 0; 0; 815.6; 
567; 0; 0; 0; 815.8; 
567; 0; 0; 0; 816; 
567; 0; 0; 0; 816.2; 
567; 0; 0; 0; 816.4; 
567; 0; 0; 0; 816.6; 
567; 0; 0; 0; 816.8; 
567; 0; 0; 0; 817; 
567; 0; 0; 0; 817.2; 
567; 0; 0; 0; 817.4; 
567; 0; 0; 0; 817.6; 
567; 0; 0; 0; 817.8; 
567; 0; 0; 0; 818; 
567; 0; 0; 0; 818.2; 
567; 0; 0; 0; 818.4; 
567; 0; 0; 0; 818.6; 
567; 0; 0; 0; 818.8; 
567; 0; 0; 0; 819; 
567; 0; 0; 0; 819.2; 
567; 0; 0; 0; 819.4; 
567; 0; 0; 0; 819.6; 
567; 0; 0; 0; 819.8; 
567; 0; 0; 0; 820; 
567; 0; 0; 0; 820.2; 
567; 0; 0; 0; 820.4; 
567; 0; 0; 0; 820.6; 
567; 0; 0; 0; 820.8; 
567; 0; 0; 0; 821; 
567; 0; 0; 0; 821.2; 
567; 0; 0; 0; 821.4; 
567; 0; 0; 0; 821.6; 
567; 0; 0; 0; 821.8; 
567; 0; 0; 0; 822; 
567; 0; 0; 0; 822.2; 
567; 0; 0; 0; 822.4; 
567; 0; 0; 0; 822.6; 
567; 0; 0; 0; 822.8; 
567; 0; 0; 0; 823; 
567; 0; 0; 0; 823.2; 
567; 0; 0; 0; 823.4; 
567; 0; 0; 0; 823.6; 
567; 0; 0; 0; 823.8; 
567; 0; 0; 0; 824; 
567; 0; 0; 0; 824.2; 
