567; 0; 0; 170; 0; 
567; 0; 0; 170; 0.2; 
567; 0; 0; 170; 0.4; 
567; 0; 0; 170; 0.6; 
567; 0; 0; 170; 0.8; 
567; 0; 0; 170; 1; 
567; 0; 0; 170; 1.2; 
567; 0; 0; 170; 1.4; 
567; 0; 0; 170; 1.6; 
567; 0; 0; 170; 1.8; 
567; 0; 0; 170; 2; 
567; 0; 0; 170; 2.2; 
567; 0; 0; 170; 2.4; 
567; 0; 0; 170; 2.6; 
567; 0; 0; 170; 2.8; 
567; 0; 0; 170; 3; 
567; 0; 0; 170; 3.2; 
567; 0; 0; 170; 3.4; 
567; 0; 0; 170; 3.6; 
567; 0; 0; 170; 3.8; 
567; 0; 0; 170; 4; 
567; 0; 0; 170; 4.2; 
567; 0; 0; 170; 4.4; 
567; 0; 0; 170; 4.6; 
567; 0; 0; 170; 4.8; 
567; 0; 0; 170; 5; 
567; 0; 0; 170; 5.2; 
567; 0; 0; 170; 5.4; 
567; 0; 0; 170; 5.6; 
567; 0; 0; 170; 5.8; 
567; 0; 0; 170; 6; 
567; 0; 0; 170; 6.2; 
567; 0; 0; 170; 6.4; 
567; 0; 0; 170; 6.6; 
567; 0; 0; 170; 6.8; 
567; 0; 0; 170; 7; 
567; 0; 0; 170; 7.2; 
567; 0; 0; 170; 7.4; 
567; 0; 0; 170; 7.6; 
567; 0; 0; 170; 7.8; 
567; 0; 0; 170; 8; 
567; 0; 0; 170; 8.2; 
567; 0; 0; 170; 8.4; 
567; 0; 0; 170; 8.6; 
567; 0; 0; 170; 8.8; 
567; 0; 0; 170; 9; 
567; 0; 0; 170; 9.2; 
567; 0; 0; 170; 9.4; 
567; 0; 0; 170; 9.6; 
567; 0; 0; 170; 9.8; 
567; 0; 0; 170; 10; 
567; 0; 0; 170; 10.2; 
567; 0; 0; 170; 10.4; 
567; 0; 0; 170; 10.6; 
567; 0; 0; 170; 10.8; 
567; 0; 0; 170; 11; 
567; 0; 0; 170; 11.2; 
567; 0; 0; 170; 11.4; 
567; 0; 0; 170; 11.6; 
567; 0; 0; 170; 11.8; 
567; 0; 0; 170; 12; 
567; 0; 0; 170; 12.2; 
567; 0; 0; 170; 12.4; 
567; 0; 0; 170; 12.6; 
567; 0; 0; 170; 12.8; 
567; 0; 0; 170; 13; 
567; 0; 0; 170; 13.2; 
567; 0; 0; 170; 13.4; 
567; 0; 0; 170; 13.6; 
567; 0; 0; 170; 13.8; 
567; 0; 0; 170; 14; 
567; 0; 0; 170; 14.2; 
567; 0; 0; 170; 14.4; 
567; 0; 0; 170; 14.6; 
567; 0; 0; 170; 14.8; 
567; 0; 0; 170; 15; 
567; 0; 0; 170; 15.2; 
567; 0; 0; 170; 15.4; 
567; 0; 0; 170; 15.6; 
567; 0; 0; 170; 15.8; 
567; 0; 0; 170; 16; 
567; 0; 0; 170; 16.2; 
567; 0; 0; 170; 16.4; 
567; 0; 0; 170; 16.6; 
567; 0; 0; 170; 16.8; 
567; 0; 0; 170; 17; 
567; 0; 0; 170; 17.2; 
567; 0; 0; 170; 17.4; 
567; 0; 0; 170; 17.6; 
567; 0; 0; 170; 17.8; 
567; 0; 0; 170; 18; 
567; 0; 0; 170; 18.2; 
567; 0; 0; 170; 18.4; 
567; 0; 0; 170; 18.6; 
567; 0; 0; 170; 18.8; 
567; 0; 0; 170; 19; 
567; 0; 0; 170; 19.2; 
567; 0; 0; 170; 19.4; 
567; 0; 0; 170; 19.6; 
567; 0; 0; 170; 19.8; 
567; 0; 0; 170; 20; 
567; 0; 0; 170; 20.2; 
567; 0; 0; 170; 20.4; 
567; 0; 0; 170; 20.6; 
567; 0; 0; 170; 20.8; 
567; 0; 0; 170; 21; 
567; 0; 0; 170; 21.2; 
567; 0; 0; 170; 21.4; 
567; 0; 0; 170; 21.6; 
567; 0; 0; 170; 21.8; 
567; 0; 0; 170; 22; 
567; 0; 0; 170; 22.2; 
567; 0; 0; 170; 22.4; 
567; 0; 0; 170; 22.6; 
567; 0; 0; 170; 22.8; 
567; 0; 0; 170; 23; 
567; 0; 0; 170; 23.2; 
567; 0; 0; 170; 23.4; 
567; 0; 0; 170; 23.6; 
567; 0; 2733.826; 170; 23.8; 
567; 0; 2733.826; 170; 24; 
567; 0; 2733.826; 170; 24.2; 
567; 0; 2733.826; 170; 24.4; 
567; 0; 2733.826; 170; 24.6; 
567; 0; 2733.826; 170; 24.8; 
567; 0; 2733.826; 170; 25; 
567; 0; 2733.826; 170; 25.2; 
567; 0; 2733.826; 170; 25.4; 
567; 0; 2733.826; 170; 25.6; 
567; 0; 2733.826; 170; 25.8; 
567; 0; 2733.826; 170; 26; 
567; 0; 2733.826; 170; 26.2; 
567; 0; 2733.826; 170; 26.4; 
567; 0; 2733.826; 170; 26.6; 
567; 0; 2733.826; 170; 26.8; 
567; 0; 2733.826; 170; 27; 
567; 0; 2733.826; 170; 27.2; 
567; 0; 2733.826; 170; 27.4; 
567; 0; 2733.826; 170; 27.6; 
567; 0; 2733.826; 170; 27.8; 
567; 0; 2733.826; 170; 28; 
567; 0; 2733.826; 170; 28.2; 
567; 0; 2733.826; 170; 28.4; 
567; 0; 2733.826; 170; 28.6; 
567; 0; 2733.826; 170; 28.8; 
567; 0; 2733.826; 170; 29; 
567; 0; 2733.826; 170; 29.2; 
567; 0; 2733.826; 170; 29.4; 
567; 0; 2733.826; 170; 29.6; 
567; 0; 2733.826; 170; 29.8; 
567; 0; 2733.826; 170; 30; 
567; 0; 2733.826; 170; 30.2; 
567; 0; 2733.826; 170; 30.4; 
567; 0; 2733.826; 170; 30.6; 
567; 0; 2733.826; 170; 30.8; 
567; 0; 2733.826; 170; 31; 
567; 0; 2733.826; 170; 31.2; 
567; 0; 2733.826; 170; 31.4; 
567; 0; 2733.826; 170; 31.6; 
567; 0; 2733.826; 170; 31.8; 
567; 0; 2733.826; 170; 32; 
567; 0; 2733.826; 170; 32.2; 
567; 0; 2733.826; 170; 32.4; 
567; 0; 2733.826; 170; 32.6; 
567; 0; 2733.826; 170; 32.8; 
567; 0; 2733.826; 170; 33; 
567; 0; 2733.826; 170; 33.2; 
567; 0; 2733.826; 170; 33.4; 
567; 0; 2733.826; 170; 33.6; 
567; 0; 2733.826; 170; 33.8; 
567; 0; 2733.826; 170; 34; 
567; 0; 2733.826; 170; 34.2; 
567; 0; 2733.826; 170; 34.4; 
567; 0; 2733.826; 170; 34.6; 
567; 0; 2733.826; 170; 34.8; 
567; 0; 2733.826; 170; 35; 
567; 0; 2733.826; 170; 35.2; 
567; 0; 2733.826; 170; 35.4; 
567; 0; 2733.826; 170; 35.6; 
567; 0; 2733.826; 170; 35.8; 
567; 0; 2733.826; 170; 36; 
567; 0; 2733.826; 170; 36.2; 
567; 0; 2733.826; 170; 36.4; 
567; 0; 2733.826; 170; 36.6; 
567; 0; 2733.826; 170; 36.8; 
567; 0; 2733.826; 170; 37; 
567; 0; 2733.826; 170; 37.2; 
567; 0; 2733.826; 170; 37.4; 
567; 0; 2733.826; 170; 37.6; 
567; 0; 2733.826; 170; 37.8; 
567; 0; 2733.826; 170; 38; 
567; 0; 2733.826; 170; 38.2; 
567; 0; 2733.826; 170; 38.4; 
567; 0; 2733.826; 170; 38.6; 
567; 0; 2733.826; 170; 38.8; 
567; 0; 2755.7645; 170; 39; 
567; 0; 2799.6242; 170; 39.2; 
567; 0; 2863.4031; 170; 39.4; 
567; 0; 3061.237; 170; 39.6; 
567; 0; 3344.9083; 170; 39.8; 
567; 0; 3391.6025; 170; 40; 
567; 0; 3422.7484; 170; 40.2; 
567; 0; 3468.0489; 170; 40.4; 
567; 0; 3494.8034; 170; 40.6; 
567; 0; 3517.6187; 170; 40.8; 
567; 0; 3530.06; 170; 41; 
567; 0; 3542.2922; 170; 41.2; 
567; 0; 3544.3739; 170; 41.4; 
567; 0; 3546.4826; 170; 41.6; 
567; 0; 3538.0725; 170; 41.8; 
567; 0; 3539.967; 170; 42; 
567; 0; 3541.8296; 170; 42.2; 
567; 0; 3543.7138; 170; 42.4; 
567; 0; 3545.6603; 170; 42.6; 
567; 0; 3547.5611; 170; 42.8; 
567; 0; 3549.4131; 170; 43; 
567; 0; 3551.2127; 170; 43.2; 
567; 0; 3552.959; 170; 43.4; 
567; 0; 3554.6571; 170; 43.6; 
567; 0; 3556.312; 170; 43.8; 
567; 0; 3557.9271; 170; 44; 
567; 0; 3559.5049; 170; 44.2; 
567; 0; 3561.0467; 170; 44.4; 
567; 0; 3562.5531; 170; 44.6; 
567; 0; 3564.0242; 170; 44.8; 
567; 0; 3565.4598; 170; 45; 
567; 0; 3566.8598; 170; 45.2; 
567; 0; 3568.2236; 170; 45.4; 
567; 0; 3569.5508; 170; 45.6; 
567; 0; 3570.8408; 170; 45.8; 
567; 0; 3572.093; 170; 46; 
567; 0; 3573.3071; 170; 46.2; 
567; 0; 3574.4823; 170; 46.4; 
567; 0; 3575.6183; 170; 46.6; 
567; 0; 3576.7144; 170; 46.8; 
567; 0; 3577.7701; 170; 47; 
567; 0; 3578.7849; 170; 47.2; 
567; 0; 3590.2828; 170; 47.4; 
567; 0; 3591.2058; 170; 47.6; 
567; 0; 3592.0867; 170; 47.8; 
567; 0; 3592.925; 170; 48; 
567; 0; 3593.7201; 170; 48.2; 
567; 0; 3594.4717; 170; 48.4; 
567; 0; 3605.5796; 170; 48.6; 
567; 0; 3606.2362; 170; 48.8; 
567; 0; 3606.8481; 170; 49; 
567; 0; 3607.4147; 170; 49.2; 
567; 0; 3607.9356; 170; 49.4; 
567; 0; 3608.4104; 170; 49.6; 
567; 0; 3619.1354; 170; 49.8; 
567; 0; 3619.5127; 170; 50; 
567; 0; 3619.8428; 170; 50.2; 
567; 0; 3620.1253; 170; 50.4; 
567; 0; 3630.5787; 170; 50.6; 
567; 0; 3630.7628; 170; 50.8; 
567; 0; 3630.8984; 170; 51; 
567; 0; 3630.9851; 170; 51.2; 
567; 0; 3641.1777; 170; 51.4; 
567; 0; 3641.1658; 170; 51.6; 
567; 0; 3641.1043; 170; 51.8; 
567; 0; 3651.096; 170; 52; 
567; 0; 3650.9376; 170; 52.2; 
567; 0; 3650.7431; 170; 52.4; 
567; 0; 3650.5262; 170; 52.6; 
567; 0; 3656.0378; 170; 52.8; 
567; 0; 3655.8135; 170; 53; 
567; 0; 3655.599; 170; 53.2; 
567; 0; 3655.4017; 170; 53.4; 
567; 0; 3660.9163; 170; 53.6; 
567; 0; 3660.7708; 170; 53.8; 
567; 0; 3660.6559; 170; 54; 
567; 0; 3660.5728; 170; 54.2; 
567; 0; 3666.1624; 170; 54.4; 
567; 0; 3666.141; 170; 54.6; 
567; 0; 3666.1472; 170; 54.8; 
567; 0; 3666.1781; 170; 55; 
567; 0; 3671.8252; 170; 55.2; 
567; 0; 3671.894; 170; 55.4; 
567; 0; 3671.9757; 170; 55.6; 
567; 0; 3672.0664; 170; 55.8; 
567; 0; 3672.1618; 170; 56; 
567; 0; 3677.8095; 170; 56.2; 
567; 0; 3677.9035; 170; 56.4; 
567; 0; 3677.9929; 170; 56.6; 
567; 0; 3678.0755; 170; 56.8; 
567; 0; 3683.661; 170; 57; 
567; 0; 3683.7253; 170; 57.2; 
567; 0; 3683.78; 170; 57.4; 
567; 0; 3683.8251; 170; 57.6; 
567; 0; 3689.3381; 170; 57.8; 
567; 0; 3689.3658; 170; 58; 
567; 0; 3689.3865; 170; 58.2; 
567; 0; 3689.4013; 170; 58.4; 
567; 0; 3689.4118; 170; 58.6; 
567; 0; 3694.867; 170; 58.8; 
567; 0; 3694.8729; 170; 59; 
567; 0; 3694.8783; 170; 59.2; 
567; 0; 3694.8841; 170; 59.4; 
567; 0; 3700.3146; 170; 59.6; 
567; 0; 3700.3237; 170; 59.8; 
567; 0; 3700.3351; 170; 60; 
567; 0; 3700.3489; 170; 60.2; 
567; 0; 3705.7683; 170; 60.4; 
567; 0; 3705.7866; 170; 60.6; 
567; 0; 3705.8066; 170; 60.8; 
567; 0; 3705.8279; 170; 61; 
567; 0; 3705.8502; 170; 61.2; 
567; 0; 3707.7625; 170; 61.4; 
567; 0; 3707.7853; 170; 61.6; 
567; 0; 3707.8078; 170; 61.8; 
567; 0; 3707.8297; 170; 62; 
567; 0; 3709.6991; 170; 62.2; 
567; 0; 3709.719; 170; 62.4; 
567; 0; 3709.7377; 170; 62.6; 
567; 0; 3709.7553; 170; 62.8; 
567; 0; 3709.7716; 170; 63; 
567; 0; 3711.5979; 170; 63.2; 
567; 0; 3711.612; 170; 63.4; 
567; 0; 3711.6252; 170; 63.6; 
567; 0; 3711.6378; 170; 63.8; 
567; 0; 3711.65; 170; 64; 
567; 0; 3713.4397; 170; 64.2; 
567; 0; 3713.4515; 170; 64.4; 
567; 0; 3713.4631; 170; 64.6; 
567; 0; 3713.4743; 170; 64.8; 
567; 0; 3713.4884; 170; 65; 
567; 0; 3715.2634; 170; 65.2; 
567; 0; 3715.3111; 170; 65.4; 
567; 0; 3715.387; 170; 65.6; 
567; 0; 3715.4971; 170; 65.8; 
567; 0; 3715.6467; 170; 66; 
567; 0; 3717.5601; 170; 66.2; 
567; 0; 3717.8011; 170; 66.4; 
567; 0; 3718.0915; 170; 66.6; 
567; 0; 3718.4232; 170; 66.8; 
567; 0; 3718.7828; 170; 67; 
567; 0; 3719.1567; 170; 67.2; 
567; 0; 3721.2168; 170; 67.4; 
567; 0; 3721.5804; 170; 67.6; 
567; 0; 3721.9256; 170; 67.8; 
567; 0; 3722.2468; 170; 68; 
567; 0; 3722.5415; 170; 68.2; 
567; 0; 3722.8094; 170; 68.4; 
567; 0; 3724.706; 170; 68.6; 
567; 0; 3724.9254; 170; 68.8; 
567; 0; 3725.1267; 170; 69; 
567; 0; 3725.3136; 170; 69.2; 
567; 0; 3725.4895; 170; 69.4; 
567; 0; 3727.2902; 170; 69.6; 
567; 0; 3727.4505; 170; 69.8; 
567; 0; 3727.6061; 170; 70; 
567; 0; 3696.1968; 170; 70.2; 
567; 0; 3653.204; 170; 70.4; 
567; 0; 3610.1988; 170; 70.6; 
567; 0; 3569.0632; 170; 70.8; 
567; 0; 3526.7186; 170; 71; 
567; 0; 3486.4657; 170; 71.2; 
567; 0; 3446.2013; 170; 71.4; 
567; 0; 3404.9874; 170; 71.6; 
567; 0; 3364.7012; 170; 71.8; 
567; 0; 3326.2855; 170; 72; 
567; 0; 3287.0815; 170; 72.2; 
567; 0; 3247.8696; 170; 72.4; 
567; 0; 3210.5201; 170; 72.6; 
567; 0; 3173.1645; 170; 72.8; 
567; 0; 3136.7383; 170; 73; 
567; 0; 3097.5522; 170; 73.2; 
567; 0; 3060.5788; 170; 73.4; 
567; 0; 3026.4287; 170; 73.6; 
567; 0; 2993.2241; 170; 73.8; 
567; 0; 2961.915; 170; 74; 
567; 0; 2930.6028; 170; 74.2; 
567; 0; 2901.1867; 170; 74.4; 
567; 0; 2871.7678; 170; 74.6; 
567; 0; 2844.2454; 170; 74.8; 
567; 0; 2821.706; 170; 75; 
567; 0; 2796.4783; 170; 75.2; 
567; 0; 2771.2488; 170; 75.4; 
567; 0; 2747.8873; 170; 75.6; 
567; 0; 2724.5245; 170; 75.8; 
567; 0; 2697.6277; 170; 76; 
567; 0; 2671.4018; 170; 76.2; 
567; 0; 2649.6972; 170; 76.4; 
567; 0; 2628.9784; 170; 76.6; 
567; 0; 2609.2457; 170; 76.8; 
567; 0; 2589.512; 170; 77; 
567; 0; 2571.752; 170; 77.2; 
567; 0; 2553.9921; 170; 77.4; 
567; 0; 2538.2063; 170; 77.6; 
567; 0; 2522.4204; 170; 77.8; 
567; 0; 2506.6343; 170; 78; 
567; 0; 2499.9993; 170; 78.2; 
567; 0; 2486.4025; 170; 78.4; 
567; 0; 2472.8049; 170; 78.6; 
567; 0; 2460.1779; 170; 78.8; 
567; 0; 2447.55; 170; 79; 
567; 0; 2435.8929; 170; 79.2; 
567; 0; 2424.2351; 170; 79.4; 
567; 0; 2413.5484; 170; 79.6; 
567; 0; 2402.8614; 170; 79.8; 
567; 0; 2392.1742; 170; 80; 
567; 0; 2382.4585; 170; 80.2; 
567; 0; 2373.7144; 170; 80.4; 
567; 0; 2364.9702; 170; 80.6; 
567; 0; 2355.4501; 170; 80.8; 
567; 0; 2346.4202; 170; 81; 
567; 0; 2338.5192; 170; 81.2; 
567; 0; 2329.4893; 170; 81.4; 
567; 0; 2321.6854; 170; 81.6; 
567; 0; 2314.7872; 170; 81.8; 
567; 0; 2308.8743; 170; 82; 
567; 0; 2302.9613; 170; 82.2; 
567; 0; 2298.0337; 170; 82.4; 
567; 0; 2292.1205; 170; 82.6; 
567; 0; 2287.1928; 170; 82.8; 
567; 0; 2282.265; 170; 83; 
567; 0; 2278.3227; 170; 83.2; 
567; 0; 2274.3803; 170; 83.4; 
567; 0; 2270.4379; 170; 83.6; 
567; 0; 2266.4955; 170; 83.8; 
567; 0; 2262.5531; 170; 84; 
567; 0; 2259.5962; 170; 84.2; 
567; 0; 2256.6393; 170; 84.4; 
567; 0; 2253.6824; 170; 84.6; 
567; 0; 2250.7255; 170; 84.8; 
567; 0; 2247.7687; 170; 85; 
567; 0; 2245.7974; 170; 85.2; 
567; 0; 2243.826; 170; 85.4; 
567; 0; 2241.8547; 170; 85.6; 
567; 0; 2239.8833; 170; 85.8; 
567; 0; 2237.9119; 170; 86; 
567; 0; 2235.9405; 170; 86.2; 
567; 0; 2234.9546; 170; 86.4; 
567; 0; 2232.9831; 170; 86.6; 
567; 0; 2231.9972; 170; 86.8; 
567; 0; 2231.0113; 170; 87; 
567; 0; 2230.0253; 170; 87.2; 
567; 0; 2229.0395; 170; 87.4; 
567; 0; 2228.0535; 170; 87.6; 
567; 0; 2228.0532; 170; 87.8; 
567; 0; 2227.0672; 170; 88; 
567; 0; 2226.0812; 170; 88.2; 
567; 0; 2226.0808; 170; 88.4; 
567; 0; 2226.0804; 170; 88.6; 
567; 0; 2225.0944; 170; 88.8; 
567; 0; 2225.094; 170; 89; 
567; 0; 2225.0936; 170; 89.2; 
567; 0; 2225.0932; 170; 89.4; 
567; 0; 2225.0929; 170; 89.6; 
567; 0; 2225.0926; 170; 89.8; 
567; 0; 2225.0923; 170; 90; 
567; 0; 2225.0919; 170; 90.2; 
567; 0; 2225.0915; 170; 90.4; 
567; 0; 2225.0911; 170; 90.6; 
567; 0; 2225.0907; 170; 90.8; 
567; 0; 2226.0758; 170; 91; 
567; 0; 2215.4035; 170; 91.2; 
567; 0; 2215.403; 170; 91.4; 
567; 0; 2216.4003; 170; 91.6; 
567; 0; 2216.3999; 170; 91.8; 
567; 0; 2217.3973; 170; 92; 
567; 0; 2217.3969; 170; 92.2; 
567; 0; 2218.3944; 170; 92.4; 
567; 0; 2219.3918; 170; 92.6; 
567; 0; 2220.3892; 170; 92.8; 
567; 0; 2220.3888; 170; 93; 
567; 0; 2221.3861; 170; 93.2; 
567; 0; 2222.3835; 170; 93.4; 
567; 0; 2223.3808; 170; 93.6; 
567; 0; 2224.3782; 170; 93.8; 
567; 0; 2225.3755; 170; 94; 
567; 0; 2226.3729; 170; 94.2; 
567; 0; 2227.3702; 170; 94.4; 
567; 0; 2228.3676; 170; 94.6; 
567; 0; 2229.3649; 170; 94.8; 
567; 0; 2230.3623; 170; 95; 
567; 0; 2231.3597; 170; 95.2; 
567; 0; 2232.3572; 170; 95.4; 
567; 0; 2234.3548; 170; 95.6; 
567; 0; 2238.3535; 170; 95.8; 
567; 0; 2243.3588; 170; 96; 
567; 0; 2250.3717; 170; 96.2; 
567; 0; 2260.3931; 170; 96.4; 
567; 0; 2271.4303; 170; 96.6; 
567; 0; 2285.4827; 170; 96.8; 
567; 0; 2301.5556; 170; 97; 
567; 0; 2318.6538; 170; 97.2; 
567; 0; 2337.731; 170; 97.4; 
567; 0; 2356.2593; 170; 97.6; 
567; 0; 2371.2256; 170; 97.8; 
567; 0; 2386.2046; 170; 98; 
567; 0; 2400.204; 170; 98.2; 
567; 0; 2412.2305; 170; 98.4; 
567; 0; 2424.2607; 170; 98.6; 
567; 0; 2435.3036; 170; 98.8; 
567; 0; 2445.3585; 170; 99; 
567; 0; 2455.4163; 170; 99.2; 
567; 0; 2465.4783; 170; 99.4; 
567; 0; 2466.3143; 170; 99.6; 
567; 0; 2476.5536; 170; 99.8; 
567; 0; 2485.7933; 170; 100; 
567; 0; 2496.0492; 170; 100.2; 
567; 0; 2505.3061; 170; 100.4; 
567; 0; 2514.5714; 170; 100.6; 
567; 0; 2523.845; 170; 100.8; 
567; 0; 2533.1263; 170; 101; 
567; 0; 2541.4053; 170; 101.2; 
567; 0; 2549.6902; 170; 101.4; 
567; 0; 2556.9703; 170; 101.6; 
567; 0; 2564.2546; 170; 101.8; 
567; 0; 2571.5429; 170; 102; 
567; 0; 2577.8241; 170; 102.2; 
567; 0; 2584.1088; 170; 102.4; 
567; 0; 2590.3969; 170; 102.6; 
567; 0; 2596.6888; 170; 102.8; 
567; 0; 2601.9724; 170; 103; 
567; 0; 2607.2595; 170; 103.2; 
567; 0; 2612.5502; 170; 103.4; 
567; 0; 2616.8317; 170; 103.6; 
567; 0; 2621.1163; 170; 103.8; 
567; 0; 2626.4178; 170; 104; 
567; 0; 2630.7091; 170; 104.2; 
567; 0; 2633.9893; 170; 104.4; 
567; 0; 2638.2863; 170; 104.6; 
567; 0; 2641.5716; 170; 104.8; 
567; 0; 2644.8591; 170; 105; 
567; 0; 2648.1488; 170; 105.2; 
567; 0; 2651.4405; 170; 105.4; 
567; 0; 2653.7182; 170; 105.6; 
567; 0; 2657.0138; 170; 105.8; 
567; 0; 2659.2947; 170; 106; 
567; 0; 2661.5772; 170; 106.2; 
567; 0; 2663.8612; 170; 106.4; 
567; 0; 2666.1469; 170; 106.6; 
567; 0; 2667.4163; 170; 106.8; 
567; 0; 2669.705; 170; 107; 
567; 0; 2670.9769; 170; 107.2; 
567; 0; 2673.3529; 170; 107.4; 
567; 0; 2674.8385; 170; 107.6; 
567; 0; 2676.3253; 170; 107.8; 
567; 0; 2677.8131; 170; 108; 
567; 0; 2679.3021; 170; 108.2; 
567; 0; 2680.7922; 170; 108.4; 
567; 0; 2681.0936; 170; 108.6; 
567; 0; 2682.5857; 170; 108.8; 
567; 0; 2682.8886; 170; 109; 
567; 0; 2684.3826; 170; 109.2; 
567; 0; 2684.6865; 170; 109.4; 
567; 0; 2684.991; 170; 109.6; 
567; 0; 2686.1789; 170; 109.8; 
567; 0; 2686.3574; 170; 110; 
567; 0; 2686.5362; 170; 110.2; 
567; 0; 2686.7153; 170; 110.4; 
567; 0; 2686.8948; 170; 110.6; 
567; 0; 2687.0746; 170; 110.8; 
567; 0; 2687.2547; 170; 111; 
567; 0; 2687.4352; 170; 111.2; 
567; 0; 2687.616; 170; 111.4; 
567; 0; 2686.8261; 170; 111.6; 
567; 0; 2687.0073; 170; 111.8; 
567; 0; 2687.1889; 170; 112; 
567; 0; 2686.3989; 170; 112.2; 
567; 0; 2686.5809; 170; 112.4; 
567; 0; 2686.7632; 170; 112.6; 
567; 0; 2685.9731; 170; 112.8; 
567; 0; 2686.1559; 170; 113; 
567; 0; 2685.3655; 170; 113.2; 
567; 0; 2685.5487; 170; 113.4; 
567; 0; 2684.7582; 170; 113.6; 
567; 0; 2684.9418; 170; 113.8; 
567; 0; 2684.1511; 170; 114; 
567; 0; 2684.3352; 170; 114.2; 
567; 0; 2690.0773; 170; 114.4; 
567; 0; 2689.2924; 170; 114.6; 
567; 0; 2689.4679; 170; 114.8; 
567; 0; 2688.6828; 170; 115; 
567; 0; 2687.8976; 170; 115.2; 
567; 0; 2688.0736; 170; 115.4; 
567; 0; 2687.2881; 170; 115.6; 
567; 0; 2686.5025; 170; 115.8; 
567; 0; 2685.7166; 170; 116; 
567; 0; 2684.8729; 170; 116.2; 
567; 0; 2683.9918; 170; 116.4; 
567; 0; 2683.1104; 170; 116.6; 
567; 0; 2682.2288; 170; 116.8; 
567; 0; 2682.5331; 170; 117; 
567; 0; 2681.6511; 170; 117.2; 
567; 0; 2680.7687; 170; 117.4; 
567; 0; 2679.8861; 170; 117.6; 
567; 0; 2679.0032; 170; 117.8; 
567; 0; 2678.1201; 170; 118; 
567; 0; 2677.2367; 170; 118.2; 
567; 0; 2676.353; 170; 118.4; 
567; 0; 2675.4691; 170; 118.6; 
567; 0; 2674.5849; 170; 118.8; 
567; 0; 2673.7004; 170; 119; 
567; 0; 2672.8155; 170; 119.2; 
567; 0; 2672.0484; 170; 119.4; 
567; 0; 2671.289; 170; 119.6; 
567; 0; 2670.5293; 170; 119.8; 
567; 0; 2669.7692; 170; 120; 
567; 0; 2670.0316; 170; 120.2; 
567; 0; 2669.2713; 170; 120.4; 
567; 0; 2668.5106; 170; 120.6; 
567; 0; 2667.7497; 170; 120.8; 
567; 0; 2666.9886; 170; 121; 
567; 0; 2666.2272; 170; 121.2; 
567; 0; 2666.4901; 170; 121.4; 
567; 0; 2665.7285; 170; 121.6; 
567; 0; 2664.9665; 170; 121.8; 
567; 0; 2664.2043; 170; 122; 
567; 0; 2663.442; 170; 122.2; 
567; 0; 2662.6793; 170; 122.4; 
567; 0; 2662.9429; 170; 122.6; 
567; 0; 2662.18; 170; 122.8; 
567; 0; 2661.4169; 170; 123; 
567; 0; 2660.6535; 170; 123.2; 
567; 0; 2660.9176; 170; 123.4; 
567; 0; 2660.1539; 170; 123.6; 
567; 0; 2659.39; 170; 123.8; 
567; 0; 2658.6258; 170; 124; 
567; 0; 2658.8905; 170; 124.2; 
567; 0; 2658.126; 170; 124.4; 
567; 0; 2657.3612; 170; 124.6; 
567; 0; 2657.6262; 170; 124.8; 
567; 0; 2656.8612; 170; 125; 
567; 0; 2656.0959; 170; 125.2; 
567; 0; 2656.3615; 170; 125.4; 
567; 0; 2655.596; 170; 125.6; 
567; 0; 2654.8302; 170; 125.8; 
567; 0; 2655.0963; 170; 126; 
567; 0; 2654.3303; 170; 126.2; 
567; 0; 2653.564; 170; 126.4; 
567; 0; 2653.8304; 170; 126.6; 
567; 0; 2653.0637; 170; 126.8; 
567; 0; 2652.2969; 170; 127; 
567; 0; 2652.5638; 170; 127.2; 
567; 0; 2651.7967; 170; 127.4; 
567; 0; 2651.0294; 170; 127.6; 
567; 0; 2651.2968; 170; 127.8; 
567; 0; 2650.5293; 170; 128; 
567; 0; 2650.7971; 170; 128.2; 
567; 0; 2650.0293; 170; 128.4; 
567; 0; 2650.2972; 170; 128.6; 
567; 0; 2650.5647; 170; 128.8; 
567; 0; 2650.8312; 170; 129; 
567; 0; 2649.0182; 170; 129.2; 
567; 0; 2647.1924; 170; 129.4; 
567; 0; 2643.2717; 170; 129.6; 
567; 0; 2637.2501; 170; 129.8; 
567; 0; 2630.1616; 170; 130; 
567; 0; 2622.004; 170; 130.2; 
567; 0; 2610.6983; 170; 130.4; 
567; 0; 2598.3212; 170; 130.6; 
567; 0; 2583.8341; 170; 130.8; 
567; 0; 2568.2766; 170; 131; 
567; 0; 2551.6515; 170; 131.2; 
567; 0; 2533.9655; 170; 131.4; 
567; 0; 2516.2671; 170; 131.6; 
567; 0; 2500.6426; 170; 131.8; 
567; 0; 2487.0993; 170; 132; 
567; 0; 2475.6425; 170; 132.2; 
567; 0; 2466.2756; 170; 132.4; 
567; 0; 2465.7974; 170; 132.6; 
567; 0; 2458.6487; 170; 132.8; 
567; 0; 2451.5104; 170; 133; 
567; 0; 2443.3564; 170; 133.2; 
567; 0; 2435.2049; 170; 133.4; 
567; 0; 2427.0519; 170; 133.6; 
567; 0; 2417.8716; 170; 133.8; 
567; 0; 2407.6621; 170; 134; 
567; 0; 2397.4453; 170; 134.2; 
567; 0; 2387.2215; 170; 134.4; 
567; 0; 2376.9922; 170; 134.6; 
567; 0; 2367.7819; 170; 134.8; 
567; 0; 2357.5472; 170; 135; 
567; 0; 2349.3575; 170; 135.2; 
567; 0; 2341.169; 170; 135.4; 
567; 0; 2332.9824; 170; 135.6; 
567; 0; 2325.8206; 170; 135.8; 
567; 0; 2320.0227; 170; 136; 
567; 0; 2314.6665; 170; 136.2; 
567; 0; 2309.0382; 170; 136.4; 
567; 0; 2303.8555; 170; 136.6; 
567; 0; 2298.6733; 170; 136.8; 
567; 0; 2293.4908; 170; 137; 
567; 0; 2288.3077; 170; 137.2; 
567; 0; 2283.1237; 170; 137.4; 
567; 0; 2277.9387; 170; 137.6; 
567; 0; 2273.7899; 170; 137.8; 
567; 0; 2269.6404; 170; 138; 
567; 0; 2265.4903; 170; 138.2; 
567; 0; 2261.34; 170; 138.4; 
567; 0; 2257.1897; 170; 138.6; 
567; 0; 2254.0767; 170; 138.8; 
567; 0; 2250.9639; 170; 139; 
567; 0; 2247.8514; 170; 139.2; 
567; 0; 2244.7391; 170; 139.4; 
567; 0; 2242.6643; 170; 139.6; 
567; 0; 2240.5897; 170; 139.8; 
567; 0; 2237.478; 170; 140; 
567; 0; 2235.4036; 170; 140.2; 
567; 0; 2233.3292; 170; 140.4; 
567; 0; 2232.2918; 170; 140.6; 
567; 0; 2230.2172; 170; 140.8; 
567; 0; 2228.1425; 170; 141; 
567; 0; 2227.1048; 170; 141.2; 
567; 0; 2225.0299; 170; 141.4; 
567; 0; 2223.9921; 170; 141.6; 
567; 0; 2222.9541; 170; 141.8; 
567; 0; 2221.9162; 170; 142; 
567; 0; 2220.8782; 170; 142.2; 
567; 0; 2219.8403; 170; 142.4; 
567; 0; 2218.8024; 170; 142.6; 
567; 0; 2218.8019; 170; 142.8; 
567; 0; 2217.7641; 170; 143; 
567; 0; 2216.7263; 170; 143.2; 
567; 0; 2216.7257; 170; 143.4; 
567; 0; 2215.6879; 170; 143.6; 
567; 0; 2215.6872; 170; 143.8; 
567; 0; 2215.6865; 170; 144; 
567; 0; 2215.6858; 170; 144.2; 
567; 0; 2214.648; 170; 144.4; 
567; 0; 2214.6474; 170; 144.6; 
567; 0; 2214.6468; 170; 144.8; 
567; 0; 2214.6462; 170; 145; 
567; 0; 2214.6456; 170; 145.2; 
567; 0; 2214.645; 170; 145.4; 
567; 0; 2215.6823; 170; 145.6; 
567; 0; 2217.7608; 170; 145.8; 
567; 0; 2220.8847; 170; 146; 
567; 0; 2227.1321; 170; 146.2; 
567; 0; 2235.4694; 170; 146.4; 
567; 0; 2236.0848; 170; 146.6; 
567; 0; 2249.8202; 170; 146.8; 
567; 0; 2264.6322; 170; 147; 
567; 0; 2280.5231; 170; 147.2; 
567; 0; 2296.4406; 170; 147.4; 
567; 0; 2310.8081; 170; 147.6; 
567; 0; 2322.7962; 170; 147.8; 
567; 0; 2335.4318; 170; 148; 
567; 0; 2347.0313; 170; 148.2; 
567; 0; 2357.5909; 170; 148.4; 
567; 0; 2367.1084; 170; 148.6; 
567; 0; 2376.6245; 170; 148.8; 
567; 0; 2385.0978; 170; 149; 
567; 0; 2392.529; 170; 149.2; 
567; 0; 2399.9614; 170; 149.4; 
567; 0; 2408.4398; 170; 149.6; 
567; 0; 2415.8804; 170; 149.8; 
567; 0; 2423.3268; 170; 150; 
567; 0; 2431.8231; 170; 150.2; 
567; 0; 2439.2829; 170; 150.4; 
567; 0; 2446.7492; 170; 150.6; 
567; 0; 2454.2215; 170; 150.8; 
567; 0; 2460.6547; 170; 151; 
567; 0; 2467.0919; 170; 151.2; 
567; 0; 2473.5326; 170; 151.4; 
567; 0; 2478.931; 170; 151.6; 
567; 0; 2484.3315; 170; 151.8; 
567; 0; 2489.734; 170; 152; 
567; 0; 2495.1383; 170; 152.2; 
567; 0; 2499.4984; 170; 152.4; 
567; 0; 2503.8602; 170; 152.6; 
567; 0; 2508.224; 170; 152.8; 
567; 0; 2511.543; 170; 153; 
567; 0; 2515.9114; 170; 153.2; 
567; 0; 2519.2347; 170; 153.4; 
567; 0; 2523.608; 170; 153.6; 
567; 0; 2526.9359; 170; 153.8; 
567; 0; 2530.266; 170; 154; 
567; 0; 2532.5495; 170; 154.2; 
567; 0; 2535.8834; 170; 154.4; 
567; 0; 2539.2192; 170; 154.6; 
567; 0; 2541.5073; 170; 154.8; 
567; 0; 2543.7968; 170; 155; 
567; 0; 2546.0874; 170; 155.2; 
567; 0; 2548.3793; 170; 155.4; 
567; 0; 2550.6722; 170; 155.6; 
567; 0; 2551.9155; 170; 155.8; 
567; 0; 2554.2105; 170; 156; 
567; 0; 2555.4555; 170; 156.2; 
567; 0; 2557.7527; 170; 156.4; 
567; 0; 2558.9995; 170; 156.6; 
567; 0; 2560.2472; 170; 156.8; 
567; 0; 2561.4957; 170; 157; 
567; 0; 2562.7451; 170; 157.2; 
567; 0; 2563.9952; 170; 157.4; 
567; 0; 2565.2462; 170; 157.6; 
567; 0; 2566.4979; 170; 157.8; 
567; 0; 2567.7505; 170; 158; 
567; 0; 2567.95; 170; 158.2; 
567; 0; 2569.204; 170; 158.4; 
567; 0; 2569.4043; 170; 158.6; 
567; 0; 2570.6596; 170; 158.8; 
567; 0; 2570.8605; 170; 159; 
567; 0; 2572.1169; 170; 159.2; 
567; 0; 2572.3185; 170; 159.4; 
567; 0; 2572.5204; 170; 159.6; 
567; 0; 2573.7785; 170; 159.8; 
567; 0; 2573.9812; 170; 160; 
567; 0; 2574.184; 170; 160.2; 
567; 0; 2574.387; 170; 160.4; 
567; 0; 2574.5903; 170; 160.6; 
567; 0; 2574.7938; 170; 160.8; 
567; 0; 2574.9976; 170; 161; 
567; 0; 2576.2595; 170; 161.2; 
567; 0; 2576.4636; 170; 161.4; 
567; 0; 2576.6668; 170; 161.6; 
567; 0; 2576.8684; 170; 161.8; 
567; 0; 2577.0675; 170; 162; 
567; 0; 2577.2632; 170; 162.2; 
567; 0; 2577.4545; 170; 162.4; 
567; 0; 2577.6409; 170; 162.6; 
567; 0; 2577.8232; 170; 162.8; 
567; 0; 2579.0637; 170; 163; 
567; 0; 2581.3658; 170; 163.2; 
567; 0; 2584.7333; 170; 163.4; 
567; 0; 2589.1694; 170; 163.6; 
567; 0; 2594.6768; 170; 163.8; 
567; 0; 2601.257; 170; 164; 
567; 0; 2607.849; 170; 164.2; 
567; 0; 2614.4527; 170; 164.4; 
567; 0; 2620.004; 170; 164.6; 
567; 0; 2623.435; 170; 164.8; 
567; 0; 2624.7174; 170; 165; 
567; 0; 2623.8433; 170; 165.2; 
567; 0; 2620.8254; 170; 165.4; 
567; 0; 2614.5933; 170; 165.6; 
567; 0; 2607.2687; 170; 165.8; 
567; 0; 2597.7847; 170; 166; 
567; 0; 2586.1397; 170; 166.2; 
567; 0; 2571.2698; 170; 166.4; 
567; 0; 2555.3043; 170; 166.6; 
567; 0; 2537.1819; 170; 166.8; 
567; 0; 2517.9738; 170; 167; 
567; 0; 2498.7536; 170; 167.2; 
567; 0; 2482.722; 170; 167.4; 
567; 0; 2469.8866; 170; 167.6; 
567; 0; 2461.3161; 170; 167.8; 
567; 0; 2458.0774; 170; 168; 
567; 0; 2458.0454; 170; 168.2; 
567; 0; 2461.2218; 170; 168.4; 
567; 0; 2464.4181; 170; 168.6; 
567; 0; 2467.6339; 170; 168.8; 
567; 0; 2468.7396; 170; 169; 
567; 0; 2466.6654; 170; 169.2; 
567; 0; 2462.4666; 170; 169.4; 
567; 0; 2455.0712; 170; 169.6; 
567; 0; 2447.6637; 170; 169.8; 
567; 0; 2438.1132; 170; 170; 
567; 0; 2427.4829; 170; 170.2; 
567; 0; 2415.7747; 170; 170.4; 
567; 0; 2404.0564; 170; 170.6; 
567; 0; 2392.3326; 170; 170.8; 
567; 0; 2381.671; 170; 171; 
567; 0; 2380.8726; 170; 171.2; 
567; 0; 2372.4791; 170; 171.4; 
567; 0; 2365.1381; 170; 171.6; 
567; 0; 2358.8497; 170; 171.8; 
567; 0; 2352.5665; 170; 172; 
567; 0; 2347.3345; 170; 172.2; 
567; 0; 2342.1054; 170; 172.4; 
567; 0; 2335.8311; 170; 172.6; 
567; 0; 2330.604; 170; 172.8; 
567; 0; 2325.376; 170; 173; 
567; 0; 2319.5129; 170; 173.2; 
567; 0; 2314.9457; 170; 173.4; 
567; 0; 2309.4629; 170; 173.6; 
567; 0; 2304.8928; 170; 173.8; 
567; 0; 2300.3216; 170; 174; 
567; 0; 2295.7499; 170; 174.2; 
567; 0; 2291.1779; 170; 174.4; 
567; 0; 2285.9001; 170; 174.6; 
567; 0; 2281.6498; 170; 174.8; 
567; 0; 2277.4001; 170; 175; 
567; 0; 2274.213; 170; 175.2; 
567; 0; 2269.9648; 170; 175.4; 
567; 0; 2266.7789; 170; 175.6; 
567; 0; 2263.5936; 170; 175.8; 
567; 0; 2260.4086; 170; 176; 
567; 0; 2257.2237; 170; 176.2; 
567; 0; 2255.1005; 170; 176.4; 
567; 0; 2251.9154; 170; 176.6; 
567; 0; 2249.7919; 170; 176.8; 
567; 0; 2247.6681; 170; 177; 
567; 0; 2245.5441; 170; 177.2; 
567; 0; 2243.4199; 170; 177.4; 
567; 0; 2241.2955; 170; 177.6; 
567; 0; 2239.1709; 170; 177.8; 
567; 0; 2237.0464; 170; 178; 
567; 0; 2235.9838; 170; 178.2; 
567; 0; 2233.8595; 170; 178.4; 
567; 0; 2232.7972; 170; 178.6; 
567; 0; 2230.6732; 170; 178.8; 
567; 0; 2229.611; 170; 179; 
567; 0; 2228.5488; 170; 179.2; 
567; 0; 2227.4866; 170; 179.4; 
567; 0; 2226.4243; 170; 179.6; 
567; 0; 2225.362; 170; 179.8; 
567; 0; 2225.3615; 170; 180; 
567; 0; 2224.2992; 170; 180.2; 
567; 0; 2223.237; 170; 180.4; 
567; 0; 2223.2365; 170; 180.6; 
567; 0; 2222.1741; 170; 180.8; 
567; 0; 2222.1736; 170; 181; 
567; 0; 2221.1112; 170; 181.2; 
567; 0; 2221.1106; 170; 181.4; 
567; 0; 2220.0483; 170; 181.6; 
567; 0; 2220.0477; 170; 181.8; 
567; 0; 2220.0471; 170; 182; 
567; 0; 2220.0465; 170; 182.2; 
567; 0; 2218.9842; 170; 182.4; 
567; 0; 2218.9837; 170; 182.6; 
567; 0; 2218.9831; 170; 182.8; 
567; 0; 2218.9826; 170; 183; 
567; 0; 2218.982; 170; 183.2; 
567; 0; 2218.9814; 170; 183.4; 
567; 0; 2218.9809; 170; 183.6; 
567; 0; 2218.9803; 170; 183.8; 
567; 0; 2218.9798; 170; 184; 
567; 0; 2218.9793; 170; 184.2; 
567; 0; 2218.9788; 170; 184.4; 
567; 0; 2218.9784; 170; 184.6; 
567; 0; 2220.0397; 170; 184.8; 
567; 0; 2220.0392; 170; 185; 
567; 0; 2220.0387; 170; 185.2; 
567; 0; 2220.0382; 170; 185.4; 
567; 0; 2220.0376; 170; 185.6; 
567; 0; 2220.0371; 170; 185.8; 
567; 0; 2221.0983; 170; 186; 
567; 0; 2221.0977; 170; 186.2; 
567; 0; 2221.0971; 170; 186.4; 
567; 0; 2211.2386; 170; 186.6; 
567; 0; 2212.313; 170; 186.8; 
567; 0; 2212.3124; 170; 187; 
567; 0; 2212.3119; 170; 187.2; 
567; 0; 2213.3864; 170; 187.4; 
567; 0; 2213.3858; 170; 187.6; 
567; 0; 2214.4603; 170; 187.8; 
567; 0; 2214.4597; 170; 188; 
567; 0; 2215.5342; 170; 188.2; 
567; 0; 2215.5337; 170; 188.4; 
567; 0; 2216.6082; 170; 188.6; 
567; 0; 2216.6077; 170; 188.8; 
567; 0; 2217.6821; 170; 189; 
567; 0; 2218.7565; 170; 189.2; 
567; 0; 2218.756; 170; 189.4; 
567; 0; 2219.8305; 170; 189.6; 
567; 0; 2220.9049; 170; 189.8; 
567; 0; 2220.9043; 170; 190; 
567; 0; 2221.9787; 170; 190.2; 
567; 0; 2223.0531; 170; 190.4; 
567; 0; 2224.1273; 170; 190.6; 
567; 0; 2224.1265; 170; 190.8; 
567; 0; 2225.2005; 170; 191; 
567; 0; 2225.1996; 170; 191.2; 
567; 0; 2226.2737; 170; 191.4; 
567; 0; 2227.348; 170; 191.6; 
567; 0; 2227.3475; 170; 191.8; 
567; 0; 2228.4222; 170; 192; 
567; 0; 2229.497; 170; 192.2; 
567; 0; 2229.4969; 170; 192.4; 
567; 0; 2230.5716; 170; 192.6; 
567; 0; 2230.5714; 170; 192.8; 
567; 0; 2231.646; 170; 193; 
567; 0; 2231.6456; 170; 193.2; 
567; 0; 2232.7202; 170; 193.4; 
567; 0; 2232.7197; 170; 193.6; 
567; 0; 2233.7942; 170; 193.8; 
567; 0; 2233.7937; 170; 194; 
567; 0; 2234.8681; 170; 194.2; 
567; 0; 2234.8676; 170; 194.4; 
567; 0; 2235.9421; 170; 194.6; 
567; 0; 2235.9415; 170; 194.8; 
567; 0; 2235.9411; 170; 195; 
567; 0; 2237.0155; 170; 195.2; 
567; 0; 2237.015; 170; 195.4; 
567; 0; 2238.0894; 170; 195.6; 
567; 0; 2238.0889; 170; 195.8; 
567; 0; 2238.0884; 170; 196; 
567; 0; 2239.1628; 170; 196.2; 
567; 0; 2239.1623; 170; 196.4; 
567; 0; 2239.1618; 170; 196.6; 
567; 0; 2239.1613; 170; 196.8; 
567; 0; 2240.2358; 170; 197; 
567; 0; 2240.2354; 170; 197.2; 
567; 0; 2240.2349; 170; 197.4; 
567; 0; 2241.3094; 170; 197.6; 
567; 0; 2241.309; 170; 197.8; 
567; 0; 2241.3085; 170; 198; 
567; 0; 2241.308; 170; 198.2; 
567; 0; 2242.3826; 170; 198.4; 
567; 0; 2242.3823; 170; 198.6; 
567; 0; 2242.3819; 170; 198.8; 
567; 0; 2242.3815; 170; 199; 
567; 0; 2243.456; 170; 199.2; 
567; 0; 2243.4555; 170; 199.4; 
567; 0; 2243.4549; 170; 199.6; 
567; 0; 2243.4544; 170; 199.8; 
567; 0; 2243.454; 170; 200; 
567; 0; 2244.5285; 170; 200.2; 
567; 0; 2244.528; 170; 200.4; 
567; 0; 2244.5276; 170; 200.6; 
567; 0; 2244.5272; 170; 200.8; 
567; 0; 2244.5267; 170; 201; 
567; 0; 2244.5263; 170; 201.2; 
567; 0; 2245.6009; 170; 201.4; 
567; 0; 2245.6005; 170; 201.6; 
567; 0; 2245.6001; 170; 201.8; 
567; 0; 2245.5997; 170; 202; 
567; 0; 2245.5993; 170; 202.2; 
567; 0; 2245.599; 170; 202.4; 
567; 0; 2246.6735; 170; 202.6; 
567; 0; 2246.673; 170; 202.8; 
567; 0; 2246.6726; 170; 203; 
567; 0; 2246.6721; 170; 203.2; 
567; 0; 2246.6716; 170; 203.4; 
567; 0; 2246.6712; 170; 203.6; 
567; 0; 2246.6708; 170; 203.8; 
567; 0; 2246.6704; 170; 204; 
567; 0; 2247.745; 170; 204.2; 
567; 0; 2247.7446; 170; 204.4; 
567; 0; 2247.7443; 170; 204.6; 
567; 0; 2247.7438; 170; 204.8; 
567; 0; 2247.7433; 170; 205; 
567; 0; 2247.7429; 170; 205.2; 
567; 0; 2247.7425; 170; 205.4; 
567; 0; 2247.7421; 170; 205.6; 
567; 0; 2247.7417; 170; 205.8; 
567; 0; 2247.7412; 170; 206; 
567; 0; 2248.8158; 170; 206.2; 
567; 0; 2248.8154; 170; 206.4; 
567; 0; 2248.8152; 170; 206.6; 
567; 0; 2248.8149; 170; 206.8; 
567; 0; 2248.8146; 170; 207; 
567; 0; 2248.8142; 170; 207.2; 
567; 0; 2248.8138; 170; 207.4; 
567; 0; 2248.8134; 170; 207.6; 
567; 0; 2248.813; 170; 207.8; 
567; 0; 2248.8126; 170; 208; 
567; 0; 2249.887; 170; 208.2; 
567; 0; 2249.8866; 170; 208.4; 
567; 0; 2249.8862; 170; 208.6; 
567; 0; 2249.8858; 170; 208.8; 
567; 0; 2249.8854; 170; 209; 
567; 0; 2250.9599; 170; 209.2; 
567; 0; 2250.9595; 170; 209.4; 
567; 0; 2250.9591; 170; 209.6; 
567; 0; 2250.9587; 170; 209.8; 
567; 0; 2250.9583; 170; 210; 
567; 0; 2250.9579; 170; 210.2; 
567; 0; 2250.9575; 170; 210.4; 
567; 0; 2252.032; 170; 210.6; 
567; 0; 2252.0316; 170; 210.8; 
567; 0; 2252.0313; 170; 211; 
567; 0; 2252.0311; 170; 211.2; 
567; 0; 2252.0308; 170; 211.4; 
567; 0; 2252.0305; 170; 211.6; 
567; 0; 2252.0302; 170; 211.8; 
567; 0; 2252.0298; 170; 212; 
567; 0; 2252.0294; 170; 212.2; 
567; 0; 2252.029; 170; 212.4; 
567; 0; 2253.1034; 170; 212.6; 
567; 0; 2253.103; 170; 212.8; 
567; 0; 2253.1027; 170; 213; 
567; 0; 2253.1022; 170; 213.2; 
567; 0; 2253.1018; 170; 213.4; 
567; 0; 2253.1014; 170; 213.6; 
567; 0; 2253.1011; 170; 213.8; 
567; 0; 2253.1008; 170; 214; 
567; 0; 2253.1005; 170; 214.2; 
567; 0; 2253.1001; 170; 214.4; 
567; 0; 2253.0997; 170; 214.6; 
567; 0; 2253.0993; 170; 214.8; 
567; 0; 2253.099; 170; 215; 
567; 0; 2253.0986; 170; 215.2; 
567; 0; 2253.0983; 170; 215.4; 
567; 0; 2253.098; 170; 215.6; 
567; 0; 2253.0976; 170; 215.8; 
567; 0; 2253.0972; 170; 216; 
567; 0; 2253.0969; 170; 216.2; 
567; 0; 2253.0966; 170; 216.4; 
567; 0; 2253.0962; 170; 216.6; 
567; 0; 2253.0959; 170; 216.8; 
567; 0; 2253.0957; 170; 217; 
567; 0; 2253.0953; 170; 217.2; 
567; 0; 2253.0949; 170; 217.4; 
567; 0; 2253.0945; 170; 217.6; 
567; 0; 2254.169; 170; 217.8; 
567; 0; 2254.1684; 170; 218; 
567; 0; 2254.1673; 170; 218.2; 
567; 0; 2255.2401; 170; 218.4; 
567; 0; 2255.2366; 170; 218.6; 
567; 0; 2255.2312; 170; 218.8; 
567; 0; 2256.298; 170; 219; 
567; 0; 2256.2868; 170; 219.2; 
567; 0; 2256.2725; 170; 219.4; 
567; 0; 2256.2561; 170; 219.6; 
567; 0; 2258.3887; 170; 219.8; 
567; 0; 2260.5225; 170; 220; 
567; 0; 2264.8086; 170; 220.2; 
567; 0; 2270.1736; 170; 220.4; 
567; 0; 2276.6185; 170; 220.6; 
567; 0; 2282.9613; 170; 220.8; 
567; 0; 2289.4636; 170; 221; 
567; 0; 2294.1124; 170; 221.2; 
567; 0; 2299.6915; 170; 221.4; 
567; 0; 2303.4153; 170; 221.6; 
567; 0; 2306.2107; 170; 221.8; 
567; 0; 2309.0049; 170; 222; 
567; 0; 2310.8689; 170; 222.2; 
567; 0; 2311.802; 170; 222.4; 
567; 0; 2312.7322; 170; 222.6; 
567; 0; 2312.7314; 170; 222.8; 
567; 0; 2312.7283; 170; 223; 
567; 0; 2312.7234; 170; 223.2; 
567; 0; 2313.6457; 170; 223.4; 
567; 0; 2314.5678; 170; 223.6; 
567; 0; 2315.4901; 170; 223.8; 
567; 0; 2316.4135; 170; 224; 
567; 0; 2318.2664; 170; 224.2; 
567; 0; 2320.1209; 170; 224.4; 
567; 0; 2322.9854; 170; 224.6; 
567; 0; 2325.1138; 170; 224.8; 
567; 0; 2327.2448; 170; 225; 
567; 0; 2329.3783; 170; 225.2; 
567; 0; 2331.514; 170; 225.4; 
567; 0; 2332.5878; 170; 225.6; 
567; 0; 2332.5986; 170; 225.8; 
567; 0; 2331.5451; 170; 226; 
567; 0; 2330.4898; 170; 226.2; 
567; 0; 2328.3686; 170; 226.4; 
567; 0; 2326.2444; 170; 226.6; 
567; 0; 2324.1172; 170; 226.8; 
567; 0; 2321.1057; 170; 227; 
567; 0; 2318.3162; 170; 227.2; 
567; 0; 2315.5258; 170; 227.4; 
567; 0; 2313.6635; 170; 227.6; 
567; 0; 2311.8017; 170; 227.8; 
567; 0; 2309.941; 170; 228; 
567; 0; 2309.0099; 170; 228.2; 
567; 0; 2307.1521; 170; 228.4; 
567; 0; 2306.2238; 170; 228.6; 
567; 0; 2305.2967; 170; 228.8; 
567; 0; 2303.442; 170; 229; 
567; 0; 2302.516; 170; 229.2; 
567; 0; 2301.5901; 170; 229.4; 
567; 0; 2299.7356; 170; 229.6; 
567; 0; 2297.8805; 170; 229.8; 
567; 0; 2296.9532; 170; 230; 
567; 0; 2295.0968; 170; 230.2; 
567; 0; 2293.2399; 170; 230.4; 
567; 0; 2291.3825; 170; 230.6; 
567; 0; 2289.5249; 170; 230.8; 
567; 0; 2288.5955; 170; 231; 
567; 0; 2286.7378; 170; 231.2; 
567; 0; 2285.8085; 170; 231.4; 
567; 0; 2283.9512; 170; 231.6; 
567; 0; 2283.0224; 170; 231.8; 
567; 0; 2282.0876; 170; 232; 
567; 0; 2279.938; 170; 232.2; 
567; 0; 2278.8634; 170; 232.4; 
567; 0; 2277.7889; 170; 232.6; 
567; 0; 2276.7145; 170; 232.8; 
567; 0; 2275.6401; 170; 233; 
567; 0; 2274.5656; 170; 233.2; 
567; 0; 2273.491; 170; 233.4; 
567; 0; 2272.4163; 170; 233.6; 
567; 0; 2271.3414; 170; 233.8; 
567; 0; 2270.2663; 170; 234; 
567; 0; 2269.1911; 170; 234.2; 
567; 0; 2268.1159; 170; 234.4; 
567; 0; 2267.0406; 170; 234.6; 
567; 0; 2265.9654; 170; 234.8; 
567; 0; 2264.8902; 170; 235; 
567; 0; 2263.8151; 170; 235.2; 
567; 0; 2263.8149; 170; 235.4; 
567; 0; 2262.7399; 170; 235.6; 
567; 0; 2261.665; 170; 235.8; 
567; 0; 2261.6649; 170; 236; 
567; 0; 2260.59; 170; 236.2; 
567; 0; 2259.515; 170; 236.4; 
567; 0; 2259.5148; 170; 236.6; 
567; 0; 2258.4398; 170; 236.8; 
567; 0; 2258.4396; 170; 237; 
567; 0; 2257.3646; 170; 237.2; 
567; 0; 2257.3643; 170; 237.4; 
567; 0; 2256.2893; 170; 237.6; 
567; 0; 2256.289; 170; 237.8; 
567; 0; 2255.2139; 170; 238; 
567; 0; 2255.2137; 170; 238.2; 
567; 0; 2255.2134; 170; 238.4; 
567; 0; 2254.1383; 170; 238.6; 
567; 0; 2254.1379; 170; 238.8; 
567; 0; 2254.1376; 170; 239; 
567; 0; 2253.0625; 170; 239.2; 
567; 0; 2253.0622; 170; 239.4; 
567; 0; 2253.062; 170; 239.6; 
567; 0; 2251.9869; 170; 239.8; 
567; 0; 2251.9866; 170; 240; 
567; 0; 2251.9863; 170; 240.2; 
567; 0; 2251.9861; 170; 240.4; 
567; 0; 2250.9111; 170; 240.6; 
567; 0; 2250.9108; 170; 240.8; 
567; 0; 2250.9105; 170; 241; 
567; 0; 2250.9102; 170; 241.2; 
567; 0; 2249.8351; 170; 241.4; 
567; 0; 2249.8348; 170; 241.6; 
567; 0; 2249.8344; 170; 241.8; 
567; 0; 2249.834; 170; 242; 
567; 0; 2249.8337; 170; 242.2; 
567; 0; 2249.8334; 170; 242.4; 
567; 0; 2249.8331; 170; 242.6; 
567; 0; 2248.758; 170; 242.8; 
567; 0; 2248.7577; 170; 243; 
567; 0; 2248.7575; 170; 243.2; 
567; 0; 2248.7572; 170; 243.4; 
567; 0; 2248.7569; 170; 243.6; 
567; 0; 2248.7566; 170; 243.8; 
567; 0; 2248.7564; 170; 244; 
567; 0; 2248.7562; 170; 244.2; 
567; 0; 2248.7559; 170; 244.4; 
567; 0; 2248.7556; 170; 244.6; 
567; 0; 2248.7552; 170; 244.8; 
567; 0; 2248.7548; 170; 245; 
567; 0; 2248.7545; 170; 245.2; 
567; 0; 2248.7541; 170; 245.4; 
567; 0; 2247.679; 170; 245.6; 
567; 0; 2247.6787; 170; 245.8; 
567; 0; 2247.6784; 170; 246; 
567; 0; 2248.7529; 170; 246.2; 
567; 0; 2248.7523; 170; 246.4; 
567; 0; 2249.8259; 170; 246.6; 
567; 0; 2249.8235; 170; 246.8; 
567; 0; 2249.8195; 170; 247; 
567; 0; 2249.814; 170; 247.2; 
567; 0; 2249.8077; 170; 247.4; 
567; 0; 2249.8012; 170; 247.6; 
567; 0; 2249.7958; 170; 247.8; 
567; 0; 2250.8671; 170; 248; 
567; 0; 2253.0157; 170; 248.2; 
567; 0; 2254.0923; 170; 248.4; 
567; 0; 2255.1711; 170; 248.6; 
567; 0; 2257.3263; 170; 248.8; 
567; 0; 2258.4078; 170; 249; 
567; 0; 2259.4895; 170; 249.2; 
567; 0; 2259.4957; 170; 249.4; 
567; 0; 2260.5754; 170; 249.6; 
567; 0; 2260.5788; 170; 249.8; 
567; 0; 2259.5057; 170; 250; 
567; 0; 2259.5057; 170; 250.2; 
567; 0; 2259.5045; 170; 250.4; 
567; 0; 2258.4275; 170; 250.6; 
567; 0; 2258.425; 170; 250.8; 
567; 0; 2258.4224; 170; 251; 
567; 0; 2257.3453; 170; 251.2; 
567; 0; 2257.3433; 170; 251.4; 
567; 0; 2257.342; 170; 251.6; 
567; 0; 2257.3411; 170; 251.8; 
567; 0; 2256.266; 170; 252; 
567; 0; 2256.266; 170; 252.2; 
567; 0; 2256.2662; 170; 252.4; 
567; 0; 2256.2666; 170; 252.6; 
567; 0; 2256.2668; 170; 252.8; 
567; 0; 2256.267; 170; 253; 
567; 0; 2255.1922; 170; 253.2; 
567; 0; 2255.192; 170; 253.4; 
567; 0; 2255.1917; 170; 253.6; 
567; 0; 2255.1913; 170; 253.8; 
567; 0; 2254.1161; 170; 254; 
567; 0; 2254.1156; 170; 254.2; 
567; 0; 2254.1152; 170; 254.4; 
567; 0; 2254.1148; 170; 254.6; 
567; 0; 2254.1144; 170; 254.8; 
567; 0; 2253.0393; 170; 255; 
567; 0; 2253.0389; 170; 255.2; 
567; 0; 2253.0385; 170; 255.4; 
567; 0; 2253.0383; 170; 255.6; 
567; 0; 2253.038; 170; 255.8; 
567; 0; 2253.0377; 170; 256; 
567; 0; 2253.0375; 170; 256.2; 
567; 0; 2251.9625; 170; 256.4; 
567; 0; 2251.9623; 170; 256.6; 
567; 0; 2251.962; 170; 256.8; 
567; 0; 2251.9617; 170; 257; 
567; 0; 2251.9614; 170; 257.2; 
567; 0; 2251.9611; 170; 257.4; 
567; 0; 2251.9606; 170; 257.6; 
567; 0; 2253.0341; 170; 257.8; 
567; 0; 2253.0319; 170; 258; 
567; 0; 2253.0282; 170; 258.2; 
567; 0; 2253.0223; 170; 258.4; 
567; 0; 2254.0883; 170; 258.6; 
567; 0; 2253.0017; 170; 258.8; 
567; 0; 2254.0615; 170; 259; 
567; 0; 2254.0448; 170; 259.2; 
567; 0; 2256.1773; 170; 259.4; 
567; 0; 2259.3861; 170; 259.6; 
567; 0; 2263.6729; 170; 259.8; 
567; 0; 2269.0389; 170; 260; 
567; 0; 2275.4848; 170; 260.2; 
567; 0; 2282.9233; 170; 260.4; 
567; 0; 2288.4978; 170; 260.6; 
567; 0; 2293.1469; 170; 260.8; 
567; 0; 2297.7978; 170; 261; 
567; 0; 2301.5212; 170; 261.2; 
567; 0; 2305.2441; 170; 261.4; 
567; 0; 2307.1093; 170; 261.6; 
567; 0; 2308.9723; 170; 261.8; 
567; 0; 2309.9044; 170; 262; 
567; 0; 2309.9054; 170; 262.2; 
567; 0; 2309.9037; 170; 262.4; 
567; 0; 2310.8282; 170; 262.6; 
567; 0; 2310.8229; 170; 262.8; 
567; 0; 2311.7452; 170; 263; 
567; 0; 2312.6674; 170; 263.2; 
567; 0; 2313.5901; 170; 263.4; 
567; 0; 2315.4422; 170; 263.6; 
567; 0; 2316.3675; 170; 263.8; 
567; 0; 2319.1506; 170; 264; 
567; 0; 2321.0071; 170; 264.2; 
567; 0; 2322.9391; 170; 264.4; 
567; 0; 2325.0682; 170; 264.6; 
567; 0; 2326.1348; 170; 264.8; 
567; 0; 2327.2016; 170; 265; 
567; 0; 2329.3312; 170; 265.2; 
567; 0; 2329.3341; 170; 265.4; 
567; 0; 2330.3992; 170; 265.6; 
567; 0; 2330.4002; 170; 265.8; 
567; 0; 2330.4003; 170; 266; 
567; 0; 2330.3994; 170; 266.2; 
567; 0; 2330.3977; 170; 266.4; 
567; 0; 2330.3957; 170; 266.6; 
567; 0; 2331.4565; 170; 266.8; 
567; 0; 2331.4543; 170; 267; 
567; 0; 2331.4523; 170; 267.2; 
567; 0; 2332.514; 170; 267.4; 
567; 0; 2332.513; 170; 267.6; 
567; 0; 2333.5757; 170; 267.8; 
567; 0; 2334.6391; 170; 268; 
567; 0; 2335.7036; 170; 268.2; 
567; 0; 2336.7698; 170; 268.4; 
567; 0; 2336.7746; 170; 268.6; 
567; 0; 2337.8446; 170; 268.8; 
567; 0; 2337.8529; 170; 269; 
567; 0; 2336.7987; 170; 269.2; 
567; 0; 2335.7443; 170; 269.4; 
567; 0; 2334.6888; 170; 269.6; 
567; 0; 2331.5048; 170; 269.8; 
567; 0; 2329.3817; 170; 270; 
567; 0; 2326.1927; 170; 270.2; 
567; 0; 2323.0013; 170; 270.4; 
567; 0; 2320.1313; 170; 270.6; 
567; 0; 2316.4141; 170; 270.8; 
567; 0; 2313.6246; 170; 271; 
567; 0; 2311.7636; 170; 271.2; 
567; 0; 2308.975; 170; 271.4; 
567; 0; 2307.1156; 170; 271.6; 
567; 0; 2305.2574; 170; 271.8; 
567; 0; 2303.4003; 170; 272; 
567; 0; 2301.5442; 170; 272.2; 
567; 0; 2300.617; 170; 272.4; 
567; 0; 2298.7621; 170; 272.6; 
567; 0; 2296.9074; 170; 272.8; 
567; 0; 2295.0525; 170; 273; 
567; 0; 2294.1256; 170; 273.2; 
567; 0; 2292.27; 170; 273.4; 
567; 0; 2290.414; 170; 273.6; 
567; 0; 2288.5575; 170; 273.8; 
567; 0; 2286.7006; 170; 274; 
567; 0; 2284.8434; 170; 274.2; 
567; 0; 2282.9861; 170; 274.4; 
567; 0; 2282.031; 170; 274.6; 
567; 0; 2279.8804; 170; 274.8; 
567; 0; 2278.8047; 170; 275; 
567; 0; 2276.6547; 170; 275.2; 
567; 0; 2275.5797; 170; 275.4; 
567; 0; 2274.505; 170; 275.6; 
567; 0; 2273.4305; 170; 275.8; 
567; 0; 2272.3562; 170; 276; 
567; 0; 2271.282; 170; 276.2; 
567; 0; 2270.2076; 170; 276.4; 
567; 0; 2269.1331; 170; 276.6; 
567; 0; 2268.0585; 170; 276.8; 
567; 0; 2266.9837; 170; 277; 
567; 0; 2265.9088; 170; 277.2; 
567; 0; 2264.8337; 170; 277.4; 
567; 0; 2263.7586; 170; 277.6; 
567; 0; 2262.6834; 170; 277.8; 
567; 0; 2261.6084; 170; 278; 
567; 0; 2260.5333; 170; 278.2; 
567; 0; 2260.5331; 170; 278.4; 
567; 0; 2259.4583; 170; 278.6; 
567; 0; 2258.3835; 170; 278.8; 
567; 0; 2258.3835; 170; 279; 
567; 0; 2257.3087; 170; 279.2; 
567; 0; 2256.234; 170; 279.4; 
567; 0; 2256.2339; 170; 279.6; 
567; 0; 2255.159; 170; 279.8; 
567; 0; 2255.1588; 170; 280; 
567; 0; 2254.084; 170; 280.2; 
567; 0; 2254.0838; 170; 280.4; 
567; 0; 2253.0089; 170; 280.6; 
567; 0; 2253.0086; 170; 280.8; 
567; 0; 2253.0085; 170; 281; 
567; 0; 2251.9336; 170; 281.2; 
567; 0; 2251.9334; 170; 281.4; 
567; 0; 2250.8585; 170; 281.6; 
567; 0; 2250.8583; 170; 281.8; 
567; 0; 2250.8581; 170; 282; 
567; 0; 2250.858; 170; 282.2; 
567; 0; 2249.7831; 170; 282.4; 
567; 0; 2249.7829; 170; 282.6; 
567; 0; 2249.7826; 170; 282.8; 
567; 0; 2249.7824; 170; 283; 
567; 0; 2248.7074; 170; 283.2; 
567; 0; 2248.7071; 170; 283.4; 
567; 0; 2248.7068; 170; 283.6; 
567; 0; 2248.7066; 170; 283.8; 
567; 0; 2248.7064; 170; 284; 
567; 0; 2247.6316; 170; 284.2; 
567; 0; 2247.6314; 170; 284.4; 
567; 0; 2247.6313; 170; 284.6; 
567; 0; 2247.6311; 170; 284.8; 
567; 0; 2247.6309; 170; 285; 
567; 0; 2247.6307; 170; 285.2; 
567; 0; 2247.6305; 170; 285.4; 
567; 0; 2247.6302; 170; 285.6; 
567; 0; 2247.6301; 170; 285.8; 
567; 0; 2247.6298; 170; 286; 
567; 0; 2246.5549; 170; 286.2; 
567; 0; 2246.5546; 170; 286.4; 
567; 0; 2246.5543; 170; 286.6; 
567; 0; 2246.5541; 170; 286.8; 
567; 0; 2246.5539; 170; 287; 
567; 0; 2246.5536; 170; 287.2; 
567; 0; 2246.5534; 170; 287.4; 
567; 0; 2246.5531; 170; 287.6; 
567; 0; 2246.5529; 170; 287.8; 
567; 0; 2246.5527; 170; 288; 
567; 0; 2246.5524; 170; 288.2; 
567; 0; 2247.6267; 170; 288.4; 
567; 0; 2247.6263; 170; 288.6; 
567; 0; 2247.6254; 170; 288.8; 
567; 0; 2247.6243; 170; 289; 
567; 0; 2247.6231; 170; 289.2; 
567; 0; 2247.6217; 170; 289.4; 
567; 0; 2247.6205; 170; 289.6; 
567; 0; 2247.6196; 170; 289.8; 
567; 0; 2248.6939; 170; 290; 
567; 0; 2248.6941; 170; 290.2; 
567; 0; 2248.6947; 170; 290.4; 
567; 0; 2248.6957; 170; 290.6; 
567; 0; 2249.7714; 170; 290.8; 
567; 0; 2249.7725; 170; 291; 
567; 0; 2249.7734; 170; 291.2; 
567; 0; 2249.7741; 170; 291.4; 
567; 0; 2249.7744; 170; 291.6; 
567; 0; 2249.7745; 170; 291.8; 
567; 0; 2249.7742; 170; 292; 
567; 0; 2249.7737; 170; 292.2; 
567; 0; 2249.7731; 170; 292.4; 
567; 0; 2249.7725; 170; 292.6; 
567; 0; 2248.6971; 170; 292.8; 
567; 0; 2248.6964; 170; 293; 
567; 0; 2248.6959; 170; 293.2; 
567; 0; 2248.6954; 170; 293.4; 
567; 0; 2248.695; 170; 293.6; 
567; 0; 2248.6946; 170; 293.8; 
567; 0; 2248.6944; 170; 294; 
567; 0; 2248.6942; 170; 294.2; 
567; 0; 2248.694; 170; 294.4; 
567; 0; 2248.6938; 170; 294.6; 
567; 0; 2248.6936; 170; 294.8; 
567; 0; 2248.6934; 170; 295; 
567; 0; 2248.6931; 170; 295.2; 
567; 0; 2248.6929; 170; 295.4; 
567; 0; 2248.6927; 170; 295.6; 
567; 0; 2248.6926; 170; 295.8; 
567; 0; 2248.6923; 170; 296; 
567; 0; 2248.692; 170; 296.2; 
567; 0; 2248.6917; 170; 296.4; 
567; 0; 2248.6914; 170; 296.6; 
567; 0; 2248.6912; 170; 296.8; 
567; 0; 2248.6909; 170; 297; 
567; 0; 2248.6907; 170; 297.2; 
567; 0; 2248.6905; 170; 297.4; 
567; 0; 2248.6903; 170; 297.6; 
567; 0; 2248.6901; 170; 297.8; 
567; 0; 2248.6899; 170; 298; 
567; 0; 2249.7642; 170; 298.2; 
567; 0; 2249.763; 170; 298.4; 
567; 0; 2249.7605; 170; 298.6; 
567; 0; 2250.8306; 170; 298.8; 
567; 0; 2250.8236; 170; 299; 
567; 0; 2250.8135; 170; 299.2; 
567; 0; 2250.8001; 170; 299.4; 
567; 0; 2251.8589; 170; 299.6; 
567; 0; 2252.9168; 170; 299.8; 
567; 0; 2256.1245; 170; 300; 
567; 0; 2259.3348; 170; 300.2; 
567; 0; 2264.6982; 170; 300.4; 
567; 0; 2271.1411; 170; 300.6; 
567; 0; 2277.5895; 170; 300.8; 
567; 0; 2283.8239; 170; 301; 
567; 0; 2289.3994; 170; 301.2; 
567; 0; 2294.049; 170; 301.4; 
567; 0; 2297.7718; 170; 301.6; 
567; 0; 2301.4945; 170; 301.8; 
567; 0; 2303.36; 170; 302; 
567; 0; 2305.2237; 170; 302.2; 
567; 0; 2307.0848; 170; 302.4; 
567; 0; 2307.0869; 170; 302.6; 
567; 0; 2308.0145; 170; 302.8; 
567; 0; 2308.0116; 170; 303; 
567; 0; 2308.0071; 170; 303.2; 
567; 0; 2308.9297; 170; 303.4; 
567; 0; 2309.8519; 170; 303.6; 
567; 0; 2310.7746; 170; 303.8; 
567; 0; 2311.6981; 170; 304; 
567; 0; 2313.551; 170; 304.2; 
567; 0; 2315.4054; 170; 304.4; 
567; 0; 2318.1894; 170; 304.6; 
567; 0; 2320.0467; 170; 304.8; 
567; 0; 2321.9051; 170; 305; 
567; 0; 2322.9062; 170; 305.2; 
567; 0; 2325.0359; 170; 305.4; 
567; 0; 2326.1025; 170; 305.6; 
567; 0; 2327.1686; 170; 305.8; 
567; 0; 2327.1708; 170; 306; 
567; 0; 2327.1721; 170; 306.2; 
567; 0; 2328.2354; 170; 306.4; 
567; 0; 2328.2347; 170; 306.6; 
567; 0; 2328.2333; 170; 306.8; 
567; 0; 2328.2314; 170; 307; 
567; 0; 2328.2291; 170; 307.2; 
567; 0; 2328.2269; 170; 307.4; 
567; 0; 2329.288; 170; 307.6; 
567; 0; 2329.2864; 170; 307.8; 
567; 0; 2330.3485; 170; 308; 
567; 0; 2331.411; 170; 308.2; 
567; 0; 2331.4111; 170; 308.4; 
567; 0; 2332.4747; 170; 308.6; 
567; 0; 2332.4755; 170; 308.8; 
567; 0; 2333.5396; 170; 309; 
567; 0; 2333.5407; 170; 309.2; 
567; 0; 2333.5417; 170; 309.4; 
567; 0; 2333.5425; 170; 309.6; 
567; 0; 2333.543; 170; 309.8; 
567; 0; 2333.5432; 170; 310; 
567; 0; 2333.543; 170; 310.2; 
567; 0; 2333.5426; 170; 310.4; 
567; 0; 2333.542; 170; 310.6; 
567; 0; 2333.5412; 170; 310.8; 
567; 0; 2333.5403; 170; 311; 
567; 0; 2333.5395; 170; 311.2; 
567; 0; 2333.5388; 170; 311.4; 
567; 0; 2333.5383; 170; 311.6; 
567; 0; 2334.6011; 170; 311.8; 
567; 0; 2334.601; 170; 312; 
567; 0; 2334.601; 170; 312.2; 
567; 0; 2334.6012; 170; 312.4; 
567; 0; 2334.6015; 170; 312.6; 
567; 0; 2334.6018; 170; 312.8; 
567; 0; 2334.6021; 170; 313; 
567; 0; 2334.6023; 170; 313.2; 
567; 0; 2334.6025; 170; 313.4; 
567; 0; 2334.6027; 170; 313.6; 
567; 0; 2334.6034; 170; 313.8; 
567; 0; 2335.6684; 170; 314; 
567; 0; 2335.6722; 170; 314.2; 
567; 0; 2335.6779; 170; 314.4; 
567; 0; 2335.6856; 170; 314.6; 
567; 0; 2334.6313; 170; 314.8; 
567; 0; 2333.5771; 170; 315; 
567; 0; 2331.4589; 170; 315.2; 
567; 0; 2328.2759; 170; 315.4; 
567; 0; 2326.1537; 170; 315.6; 
567; 0; 2322.9657; 170; 315.8; 
567; 0; 2319.1746; 170; 316; 
567; 0; 2316.3875; 170; 316.2; 
567; 0; 2313.5992; 170; 316.4; 
567; 0; 2309.8821; 170; 316.6; 
567; 0; 2307.0932; 170; 316.8; 
567; 0; 2304.3048; 170; 317; 
567; 0; 2302.4454; 170; 317.2; 
567; 0; 2300.5871; 170; 317.4; 
567; 0; 2297.8017; 170; 317.6; 
567; 0; 2295.9454; 170; 317.8; 
567; 0; 2294.0899; 170; 318; 
567; 0; 2292.2347; 170; 318.2; 
567; 0; 2291.3078; 170; 318.4; 
567; 0; 2289.4527; 170; 318.6; 
567; 0; 2287.5974; 170; 318.8; 
567; 0; 2285.7418; 170; 319; 
567; 0; 2283.8858; 170; 319.2; 
567; 0; 2281.9887; 170; 319.4; 
567; 0; 2279.8389; 170; 319.6; 
567; 0; 2277.6888; 170; 319.8; 
567; 0; 2275.5386; 170; 320; 
567; 0; 2274.4629; 170; 320.2; 
567; 0; 2272.3127; 170; 320.4; 
567; 0; 2271.2372; 170; 320.6; 
567; 0; 2270.162; 170; 320.8; 
567; 0; 2268.0124; 170; 321; 
567; 0; 2266.9376; 170; 321.2; 
567; 0; 2265.863; 170; 321.4; 
567; 0; 2264.7885; 170; 321.6; 
567; 0; 2263.714; 170; 321.8; 
567; 0; 2262.6396; 170; 322; 
567; 0; 2261.5652; 170; 322.2; 
567; 0; 2260.4906; 170; 322.4; 
567; 0; 2259.4161; 170; 322.6; 
567; 0; 2258.3414; 170; 322.8; 
567; 0; 2257.2666; 170; 323; 
567; 0; 2256.1917; 170; 323.2; 
567; 0; 2255.1168; 170; 323.4; 
567; 0; 2255.1166; 170; 323.6; 
567; 0; 2254.0417; 170; 323.8; 
567; 0; 2252.9669; 170; 324; 
567; 0; 2252.9668; 170; 324.2; 
567; 0; 2251.892; 170; 324.4; 
567; 0; 2251.8918; 170; 324.6; 
567; 0; 2250.817; 170; 324.8; 
567; 0; 2250.8169; 170; 325; 
567; 0; 2249.7421; 170; 325.2; 
567; 0; 2249.742; 170; 325.4; 
567; 0; 2248.6672; 170; 325.6; 
567; 0; 2248.6671; 170; 325.8; 
567; 0; 2248.6669; 170; 326; 
567; 0; 2247.5921; 170; 326.2; 
567; 0; 2247.592; 170; 326.4; 
567; 0; 2247.5918; 170; 326.6; 
567; 0; 2246.5171; 170; 326.8; 
567; 0; 2246.517; 170; 327; 
567; 0; 2246.5169; 170; 327.2; 
567; 0; 2246.5167; 170; 327.4; 
567; 0; 2245.4419; 170; 327.6; 
567; 0; 2245.4417; 170; 327.8; 
567; 0; 2245.4415; 170; 328; 
567; 0; 2245.4413; 170; 328.2; 
567; 0; 2245.4411; 170; 328.4; 
567; 0; 2245.4409; 170; 328.6; 
567; 0; 2244.3661; 170; 328.8; 
567; 0; 2244.3659; 170; 329; 
567; 0; 2244.3658; 170; 329.2; 
567; 0; 2244.3657; 170; 329.4; 
567; 0; 2244.3655; 170; 329.6; 
567; 0; 2244.3652; 170; 329.8; 
567; 0; 2244.365; 170; 330; 
567; 0; 2244.3647; 170; 330.2; 
567; 0; 2244.3644; 170; 330.4; 
567; 0; 2244.3642; 170; 330.6; 
567; 0; 2244.364; 170; 330.8; 
567; 0; 2244.3638; 170; 331; 
567; 0; 2243.2891; 170; 331.2; 
567; 0; 2243.2889; 170; 331.4; 
567; 0; 2243.2888; 170; 331.6; 
567; 0; 2243.2887; 170; 331.8; 
567; 0; 2243.2886; 170; 332; 
567; 0; 2243.2884; 170; 332.2; 
567; 0; 2243.2881; 170; 332.4; 
567; 0; 2243.2879; 170; 332.6; 
567; 0; 2243.2877; 170; 332.8; 
567; 0; 2243.2876; 170; 333; 
567; 0; 2243.2874; 170; 333.2; 
567; 0; 2243.2873; 170; 333.4; 
567; 0; 2244.3618; 170; 333.6; 
567; 0; 2244.3616; 170; 333.8; 
567; 0; 2244.3614; 170; 334; 
567; 0; 2244.3611; 170; 334.2; 
567; 0; 2244.3608; 170; 334.4; 
567; 0; 2244.3606; 170; 334.6; 
567; 0; 2244.3603; 170; 334.8; 
567; 0; 2244.3601; 170; 335; 
567; 0; 2244.36; 170; 335.2; 
567; 0; 2244.3599; 170; 335.4; 
567; 0; 2244.3597; 170; 335.6; 
567; 0; 2244.3596; 170; 335.8; 
567; 0; 2244.3594; 170; 336; 
567; 0; 2244.3592; 170; 336.2; 
567; 0; 2244.359; 170; 336.4; 
567; 0; 2244.3588; 170; 336.6; 
567; 0; 2244.3586; 170; 336.8; 
567; 0; 2244.3583; 170; 337; 
567; 0; 2244.3581; 170; 337.2; 
567; 0; 2244.358; 170; 337.4; 
567; 0; 2244.3578; 170; 337.6; 
567; 0; 2244.3576; 170; 337.8; 
567; 0; 2244.3574; 170; 338; 
567; 0; 2244.3572; 170; 338.2; 
567; 0; 2244.357; 170; 338.4; 
567; 0; 2244.3568; 170; 338.6; 
567; 0; 2245.4313; 170; 338.8; 
567; 0; 2245.4312; 170; 339; 
567; 0; 2245.4311; 170; 339.2; 
567; 0; 2245.431; 170; 339.4; 
567; 0; 2245.4308; 170; 339.6; 
567; 0; 2245.4306; 170; 339.8; 
567; 0; 2245.4304; 170; 340; 
567; 0; 2245.4303; 170; 340.2; 
567; 0; 2245.4301; 170; 340.4; 
567; 0; 2245.4299; 170; 340.6; 
567; 0; 2245.4296; 170; 340.8; 
567; 0; 2245.4294; 170; 341; 
567; 0; 2245.4291; 170; 341.2; 
567; 0; 2245.4289; 170; 341.4; 
567; 0; 2245.4287; 170; 341.6; 
567; 0; 2245.4285; 170; 341.8; 
567; 0; 2245.4284; 170; 342; 
567; 0; 2245.4282; 170; 342.2; 
567; 0; 2246.5026; 170; 342.4; 
567; 0; 2246.5024; 170; 342.6; 
567; 0; 2246.5023; 170; 342.8; 
567; 0; 2246.5021; 170; 343; 
567; 0; 2246.5019; 170; 343.2; 
567; 0; 2247.5763; 170; 343.4; 
567; 0; 2247.5761; 170; 343.6; 
567; 0; 2248.6504; 170; 343.8; 
567; 0; 2248.6494; 170; 344; 
567; 0; 2249.722; 170; 344.2; 
567; 0; 2249.7185; 170; 344.4; 
567; 0; 2250.7875; 170; 344.6; 
567; 0; 2250.7792; 170; 344.8; 
567; 0; 2250.7677; 170; 345; 
567; 0; 2250.7532; 170; 345.2; 
567; 0; 2251.8114; 170; 345.4; 
567; 0; 2253.9439; 170; 345.6; 
567; 0; 2257.1526; 170; 345.8; 
567; 0; 2261.4391; 170; 346; 
567; 0; 2266.8045; 170; 346.2; 
567; 0; 2273.2498; 170; 346.4; 
567; 0; 2279.7004; 170; 346.6; 
567; 0; 2285.6564; 170; 346.8; 
567; 0; 2291.2328; 170; 347; 
567; 0; 2294.9549; 170; 347.2; 
567; 0; 2298.6775; 170; 347.4; 
567; 0; 2301.4715; 170; 347.6; 
567; 0; 2303.3361; 170; 347.8; 
567; 0; 2305.1983; 170; 348; 
567; 0; 2306.1298; 170; 348.2; 
567; 0; 2306.1304; 170; 348.4; 
567; 0; 2307.0565; 170; 348.6; 
567; 0; 2307.0527; 170; 348.8; 
567; 0; 2307.0475; 170; 349; 
567; 0; 2307.9698; 170; 349.2; 
567; 0; 2308.8923; 170; 349.4; 
567; 0; 2309.8155; 170; 349.6; 
567; 0; 2311.6679; 170; 349.8; 
567; 0; 2313.5217; 170; 350; 
567; 0; 2315.3771; 170; 350.2; 
567; 0; 2317.2338; 170; 350.4; 
567; 0; 2319.0917; 170; 350.6; 
567; 0; 2320.9505; 170; 350.8; 
567; 0; 2321.8817; 170; 351; 
567; 0; 2322.8795; 170; 351.2; 
567; 0; 2323.9457; 170; 351.4; 
567; 0; 2325.0115; 170; 351.6; 
567; 0; 2325.014; 170; 351.8; 
567; 0; 2326.0796; 170; 352; 
567; 0; 2326.0824; 170; 352.2; 
567; 0; 2326.0856; 170; 352.4; 
567; 0; 2326.0891; 170; 352.6; 
567; 0; 2325.0299; 170; 352.8; 
567; 0; 2325.0337; 170; 353; 
567; 0; 2323.9742; 170; 353.2; 
567; 0; 2321.9149; 170; 353.4; 
567; 0; 2320.9886; 170; 353.6; 
567; 0; 2319.1333; 170; 353.8; 
567; 0; 2317.2772; 170; 354; 
567; 0; 2315.4202; 170; 354.2; 
567; 0; 2312.6346; 170; 354.4; 
567; 0; 2310.7767; 170; 354.6; 
567; 0; 2308.9186; 170; 354.8; 
567; 0; 2307.0606; 170; 355; 
567; 0; 2305.2029; 170; 355.2; 
567; 0; 2304.2738; 170; 355.4; 
567; 0; 2302.417; 170; 355.6; 
567; 0; 2300.5608; 170; 355.8; 
567; 0; 2299.6331; 170; 356; 
567; 0; 2297.7776; 170; 356.2; 
567; 0; 2296.8503; 170; 356.4; 
567; 0; 2294.9951; 170; 356.6; 
567; 0; 2293.1397; 170; 356.8; 
567; 0; 2292.2124; 170; 357; 
567; 0; 2290.3566; 170; 357.2; 
567; 0; 2288.5007; 170; 357.4; 
567; 0; 2287.5726; 170; 357.6; 
567; 0; 2285.7162; 170; 357.8; 
567; 0; 2284.7879; 170; 358; 
567; 0; 2282.9314; 170; 358.2; 
567; 0; 2281.948; 170; 358.4; 
567; 0; 2279.7984; 170; 358.6; 
567; 0; 2278.7236; 170; 358.8; 
567; 0; 2277.6488; 170; 359; 
567; 0; 2276.5743; 170; 359.2; 
567; 0; 2274.4253; 170; 359.4; 
567; 0; 2273.351; 170; 359.6; 
567; 0; 2272.2767; 170; 359.8; 
567; 0; 2271.2024; 170; 360; 
567; 0; 2270.1281; 170; 360.2; 
567; 0; 2269.0538; 170; 360.4; 
567; 0; 2267.9793; 170; 360.6; 
567; 0; 2266.9049; 170; 360.8; 
567; 0; 2265.8303; 170; 361; 
567; 0; 2264.7557; 170; 361.2; 
567; 0; 2263.6811; 170; 361.4; 
567; 0; 2263.6809; 170; 361.6; 
567; 0; 2262.6062; 170; 361.8; 
567; 0; 2261.5316; 170; 362; 
567; 0; 2260.457; 170; 362.2; 
567; 0; 2259.3823; 170; 362.4; 
567; 0; 2259.3822; 170; 362.6; 
567; 0; 2258.3076; 170; 362.8; 
567; 0; 2258.3075; 170; 363; 
567; 0; 2257.233; 170; 363.2; 
567; 0; 2256.1584; 170; 363.4; 
567; 0; 2256.1584; 170; 363.6; 
567; 0; 2255.0839; 170; 363.8; 
567; 0; 2255.0839; 170; 364; 
567; 0; 2254.0093; 170; 364.2; 
567; 0; 2254.0092; 170; 364.4; 
567; 0; 2252.9345; 170; 364.6; 
567; 0; 2252.9343; 170; 364.8; 
567; 0; 2251.8596; 170; 365; 
567; 0; 2251.8595; 170; 365.2; 
567; 0; 2251.8595; 170; 365.4; 
567; 0; 2250.7849; 170; 365.6; 
567; 0; 2250.7849; 170; 365.8; 
567; 0; 2250.7849; 170; 366; 
567; 0; 2249.7103; 170; 366.2; 
567; 0; 2249.7102; 170; 366.4; 
567; 0; 2249.7101; 170; 366.6; 
567; 0; 2248.6355; 170; 366.8; 
567; 0; 2248.6354; 170; 367; 
567; 0; 2248.6353; 170; 367.2; 
567; 0; 2248.6351; 170; 367.4; 
567; 0; 2247.5603; 170; 367.6; 
567; 0; 2247.56; 170; 367.8; 
567; 0; 2247.5598; 170; 368; 
567; 0; 2247.5597; 170; 368.2; 
567; 0; 2246.485; 170; 368.4; 
567; 0; 2246.4849; 170; 368.6; 
567; 0; 2246.4848; 170; 368.8; 
567; 0; 2246.4847; 170; 369; 
567; 0; 2246.4846; 170; 369.2; 
567; 0; 2246.4844; 170; 369.4; 
567; 0; 2246.4843; 170; 369.6; 
567; 0; 2245.4097; 170; 369.8; 
567; 0; 2245.4096; 170; 370; 
567; 0; 2245.4095; 170; 370.2; 
567; 0; 2245.4093; 170; 370.4; 
567; 0; 2245.4091; 170; 370.6; 
567; 0; 2245.4089; 170; 370.8; 
567; 0; 2245.4087; 170; 371; 
567; 0; 2245.4086; 170; 371.2; 
567; 0; 2245.4085; 170; 371.4; 
567; 0; 2245.4084; 170; 371.6; 
567; 0; 2245.4082; 170; 371.8; 
567; 0; 2245.4081; 170; 372; 
567; 0; 2245.408; 170; 372.2; 
567; 0; 2245.4079; 170; 372.4; 
567; 0; 2244.3332; 170; 372.6; 
567; 0; 2244.3331; 170; 372.8; 
567; 0; 2244.333; 170; 373; 
567; 0; 2244.3328; 170; 373.2; 
567; 0; 2244.3326; 170; 373.4; 
567; 0; 2244.3323; 170; 373.6; 
567; 0; 2244.332; 170; 373.8; 
567; 0; 2244.3318; 170; 374; 
567; 0; 2244.3317; 170; 374.2; 
567; 0; 2244.3316; 170; 374.4; 
567; 0; 2244.3315; 170; 374.6; 
567; 0; 2244.3315; 170; 374.8; 
567; 0; 2244.3314; 170; 375; 
567; 0; 2244.3312; 170; 375.2; 
567; 0; 2244.331; 170; 375.4; 
567; 0; 2244.3309; 170; 375.6; 
567; 0; 2244.3308; 170; 375.8; 
567; 0; 2244.3307; 170; 376; 
567; 0; 2244.3305; 170; 376.2; 
567; 0; 2244.3303; 170; 376.4; 
567; 0; 2244.3301; 170; 376.6; 
567; 0; 2244.3299; 170; 376.8; 
567; 0; 2244.3298; 170; 377; 
567; 0; 2245.4043; 170; 377.2; 
567; 0; 2245.4042; 170; 377.4; 
567; 0; 2245.4041; 170; 377.6; 
567; 0; 2245.404; 170; 377.8; 
567; 0; 2245.4038; 170; 378; 
567; 0; 2245.4035; 170; 378.2; 
567; 0; 2245.4033; 170; 378.4; 
567; 0; 2245.4031; 170; 378.6; 
567; 0; 2245.403; 170; 378.8; 
567; 0; 2246.4775; 170; 379; 
567; 0; 2246.4774; 170; 379.2; 
567; 0; 2246.4773; 170; 379.4; 
567; 0; 2246.4773; 170; 379.6; 
567; 0; 2246.4771; 170; 379.8; 
567; 0; 2246.4769; 170; 380; 
567; 0; 2246.4767; 170; 380.2; 
567; 0; 2247.5509; 170; 380.4; 
567; 0; 2247.5506; 170; 380.6; 
567; 0; 2247.5504; 170; 380.8; 
567; 0; 2247.5502; 170; 381; 
567; 0; 2247.55; 170; 381.2; 
567; 0; 2247.5499; 170; 381.4; 
567; 0; 2247.5499; 170; 381.6; 
567; 0; 2248.6243; 170; 381.8; 
567; 0; 2248.6242; 170; 382; 
567; 0; 2248.6241; 170; 382.2; 
567; 0; 2248.624; 170; 382.4; 
567; 0; 2248.6238; 170; 382.6; 
567; 0; 2248.6237; 170; 382.8; 
567; 0; 2248.6236; 170; 383; 
567; 0; 2248.6234; 170; 383.2; 
567; 0; 2248.6233; 170; 383.4; 
567; 0; 2248.6232; 170; 383.6; 
567; 0; 2248.623; 170; 383.8; 
567; 0; 2248.6229; 170; 384; 
567; 0; 2248.6228; 170; 384.2; 
567; 0; 2248.6226; 170; 384.4; 
567; 0; 2248.6224; 170; 384.6; 
567; 0; 2248.6222; 170; 384.8; 
567; 0; 2248.6221; 170; 385; 
567; 0; 2248.6219; 170; 385.2; 
567; 0; 2248.6218; 170; 385.4; 
567; 0; 2249.6962; 170; 385.6; 
567; 0; 2249.6961; 170; 385.8; 
567; 0; 2249.696; 170; 386; 
567; 0; 2249.6959; 170; 386.2; 
567; 0; 2249.6958; 170; 386.4; 
567; 0; 2249.6957; 170; 386.6; 
567; 0; 2249.6955; 170; 386.8; 
567; 0; 2249.6953; 170; 387; 
567; 0; 2249.6952; 170; 387.2; 
567; 0; 2249.695; 170; 387.4; 
567; 0; 2249.6949; 170; 387.6; 
567; 0; 2249.6948; 170; 387.8; 
567; 0; 2249.6948; 170; 388; 
567; 0; 2249.6946; 170; 388.2; 
567; 0; 2249.6945; 170; 388.4; 
567; 0; 2249.6944; 170; 388.6; 
567; 0; 2249.6942; 170; 388.8; 
567; 0; 2249.6941; 170; 389; 
567; 0; 2249.694; 170; 389.2; 
567; 0; 2249.6938; 170; 389.4; 
567; 0; 2249.6937; 170; 389.6; 
567; 0; 2249.6935; 170; 389.8; 
567; 0; 2248.6187; 170; 390; 
567; 0; 2248.6185; 170; 390.2; 
567; 0; 2248.6184; 170; 390.4; 
567; 0; 2248.6183; 170; 390.6; 
567; 0; 2248.6181; 170; 390.8; 
567; 0; 2248.6179; 170; 391; 
567; 0; 2248.6178; 170; 391.2; 
567; 0; 2248.6177; 170; 391.4; 
567; 0; 2248.6176; 170; 391.6; 
567; 0; 2248.6176; 170; 391.8; 
567; 0; 2249.692; 170; 392; 
567; 0; 2249.692; 170; 392.2; 
567; 0; 2249.692; 170; 392.4; 
567; 0; 2249.6918; 170; 392.6; 
567; 0; 2249.6917; 170; 392.8; 
567; 0; 2249.6915; 170; 393; 
567; 0; 2249.6914; 170; 393.2; 
567; 0; 2249.6913; 170; 393.4; 
567; 0; 2249.6912; 170; 393.6; 
567; 0; 2249.6911; 170; 393.8; 
567; 0; 2249.6909; 170; 394; 
567; 0; 2249.6907; 170; 394.2; 
567; 0; 2249.6905; 170; 394.4; 
567; 0; 2249.6904; 170; 394.6; 
567; 0; 2248.6157; 170; 394.8; 
567; 0; 2248.6156; 170; 395; 
567; 0; 2248.6155; 170; 395.2; 
567; 0; 2248.6154; 170; 395.4; 
567; 0; 2248.6154; 170; 395.6; 
567; 0; 2248.6153; 170; 395.8; 
567; 0; 2248.6151; 170; 396; 
567; 0; 2248.615; 170; 396.2; 
567; 0; 2248.6148; 170; 396.4; 
567; 0; 2248.6147; 170; 396.6; 
567; 0; 2248.6145; 170; 396.8; 
567; 0; 2248.6143; 170; 397; 
567; 0; 2248.6142; 170; 397.2; 
567; 0; 2248.6141; 170; 397.4; 
567; 0; 2248.614; 170; 397.6; 
567; 0; 2248.6138; 170; 397.8; 
567; 0; 2249.6882; 170; 398; 
567; 0; 2249.6881; 170; 398.2; 
567; 0; 2249.688; 170; 398.4; 
567; 0; 2249.6879; 170; 398.6; 
567; 0; 2249.6877; 170; 398.8; 
567; 0; 2249.6876; 170; 399; 
567; 0; 2249.6875; 170; 399.2; 
567; 0; 2249.6875; 170; 399.4; 
567; 0; 2249.6876; 170; 399.6; 
567; 0; 2249.6876; 170; 399.8; 
567; 0; 2249.6874; 170; 400; 
567; 0; 2249.6872; 170; 400.2; 
567; 0; 2248.6125; 170; 400.4; 
567; 0; 2248.6123; 170; 400.6; 
567; 0; 2248.6121; 170; 400.8; 
567; 0; 2248.6119; 170; 401; 
567; 0; 2248.6118; 170; 401.2; 
567; 0; 2248.6116; 170; 401.4; 
567; 0; 2248.6114; 170; 401.6; 
567; 0; 2248.6113; 170; 401.8; 
567; 0; 2248.6111; 170; 402; 
567; 0; 2248.6109; 170; 402.2; 
567; 0; 2248.6108; 170; 402.4; 
567; 0; 2248.6108; 170; 402.6; 
567; 0; 2248.6107; 170; 402.8; 
567; 0; 2248.6106; 170; 403; 
567; 0; 2248.6106; 170; 403.2; 
567; 0; 2248.6105; 170; 403.4; 
567; 0; 2248.6104; 170; 403.6; 
567; 0; 2248.6104; 170; 403.8; 
567; 0; 2248.6104; 170; 404; 
567; 0; 2248.6103; 170; 404.2; 
567; 0; 2248.6102; 170; 404.4; 
567; 0; 2248.6101; 170; 404.6; 
567; 0; 2248.6099; 170; 404.8; 
567; 0; 2248.6097; 170; 405; 
567; 0; 2248.6095; 170; 405.2; 
567; 0; 2248.6093; 170; 405.4; 
567; 0; 2248.6091; 170; 405.6; 
567; 0; 2248.6089; 170; 405.8; 
567; 0; 2248.6087; 170; 406; 
567; 0; 2249.6831; 170; 406.2; 
567; 0; 2249.683; 170; 406.4; 
567; 0; 2249.683; 170; 406.6; 
567; 0; 2249.683; 170; 406.8; 
567; 0; 2249.6829; 170; 407; 
567; 0; 2249.6829; 170; 407.2; 
567; 0; 2249.6828; 170; 407.4; 
567; 0; 2249.6826; 170; 407.6; 
567; 0; 2248.6079; 170; 407.8; 
567; 0; 2248.6077; 170; 408; 
567; 0; 2248.6076; 170; 408.2; 
567; 0; 2248.6074; 170; 408.4; 
567; 0; 2248.6073; 170; 408.6; 
567; 0; 2248.6071; 170; 408.8; 
567; 0; 2248.607; 170; 409; 
567; 0; 2248.6069; 170; 409.2; 
567; 0; 2248.6069; 170; 409.4; 
567; 0; 2248.6068; 170; 409.6; 
567; 0; 2248.6067; 170; 409.8; 
567; 0; 2248.6066; 170; 410; 
567; 0; 2248.6065; 170; 410.2; 
567; 0; 2248.6064; 170; 410.4; 
567; 0; 2248.6063; 170; 410.6; 
567; 0; 2248.6062; 170; 410.8; 
567; 0; 2248.6061; 170; 411; 
567; 0; 2237.8611; 170; 411.2; 
567; 0; 2022.9627; 170; 411.4; 
567; 0; 1785.977; 170; 411.6; 
567; 0; 1761.0214; 170; 411.8; 
567; 0; 1761.0213; 170; 412; 
567; 0; 1761.0212; 170; 412.2; 
567; 0; 1761.0211; 170; 412.4; 
567; 0; 1761.021; 170; 412.6; 
567; 0; 1761.0209; 170; 412.8; 
567; 0; 1761.0207; 170; 413; 
567; 0; 1761.0206; 170; 413.2; 
567; 0; 1761.0204; 170; 413.4; 
567; 0; 1761.0201; 170; 413.6; 
567; 0; 1761.0198; 170; 413.8; 
567; 0; 1761.0195; 170; 414; 
567; 0; 1761.0192; 170; 414.2; 
567; 0; 1761.0188; 170; 414.4; 
567; 0; 1761.0185; 170; 414.6; 
567; 0; 1761.0181; 170; 414.8; 
567; 0; 1761.0177; 170; 415; 
567; 0; 1761.0173; 170; 415.2; 
567; 0; 1761.0169; 170; 415.4; 
567; 0; 1761.0164; 170; 415.6; 
567; 0; 1761.0159; 170; 415.8; 
567; 0; 1761.0153; 170; 416; 
567; 0; 1745.5712; 170; 416.2; 
567; 0; 1745.5706; 170; 416.4; 
567; 0; 1745.57; 170; 416.6; 
567; 0; 1745.5694; 170; 416.8; 
567; 0; 1745.5687; 170; 417; 
567; 0; 1745.5681; 170; 417.2; 
567; 0; 1745.5675; 170; 417.4; 
567; 0; 1745.5669; 170; 417.6; 
567; 0; 1745.5664; 170; 417.8; 
567; 0; 1745.5658; 170; 418; 
567; 0; 1745.5653; 170; 418.2; 
567; 0; 1745.5647; 170; 418.4; 
567; 0; 1745.5641; 170; 418.6; 
567; 0; 1745.5636; 170; 418.8; 
567; 0; 1745.563; 170; 419; 
567; 0; 1745.5624; 170; 419.2; 
567; 0; 1745.5618; 170; 419.4; 
567; 0; 1745.5612; 170; 419.6; 
567; 0; 1745.5606; 170; 419.8; 
567; 0; 1745.56; 170; 420; 
567; 0; 1745.5594; 170; 420.2; 
567; 0; 1730.4028; 170; 420.4; 
567; 0; 1730.4022; 170; 420.6; 
567; 0; 1730.4017; 170; 420.8; 
567; 0; 1730.4012; 170; 421; 
567; 0; 1730.4007; 170; 421.2; 
567; 0; 1730.4002; 170; 421.4; 
567; 0; 1730.3998; 170; 421.6; 
567; 0; 1730.3993; 170; 421.8; 
567; 0; 1730.3989; 170; 422; 
567; 0; 1730.3984; 170; 422.2; 
567; 0; 1730.3979; 170; 422.4; 
567; 0; 1730.3974; 170; 422.6; 
567; 0; 1730.3969; 170; 422.8; 
567; 0; 1730.3963; 170; 423; 
567; 0; 1730.3958; 170; 423.2; 
567; 0; 1730.3953; 170; 423.4; 
567; 0; 1730.3948; 170; 423.6; 
567; 0; 1730.3943; 170; 423.8; 
567; 0; 1730.3938; 170; 424; 
567; 0; 1730.3934; 170; 424.2; 
567; 0; 1730.3929; 170; 424.4; 
567; 0; 1730.3924; 170; 424.6; 
567; 0; 1730.3919; 170; 424.8; 
567; 0; 1716.7172; 170; 425; 
567; 0; 1716.7167; 170; 425.2; 
567; 0; 1716.7162; 170; 425.4; 
567; 0; 1716.7157; 170; 425.6; 
567; 0; 1716.7152; 170; 425.8; 
567; 0; 1716.7148; 170; 426; 
567; 0; 1716.7143; 170; 426.2; 
567; 0; 1716.7139; 170; 426.4; 
567; 0; 1716.7135; 170; 426.6; 
567; 0; 1716.713; 170; 426.8; 
567; 0; 1716.7126; 170; 427; 
567; 0; 1716.7121; 170; 427.2; 
567; 0; 1716.7116; 170; 427.4; 
567; 0; 1716.7111; 170; 427.6; 
567; 0; 1716.7106; 170; 427.8; 
567; 0; 1716.7101; 170; 428; 
567; 0; 1716.7096; 170; 428.2; 
567; 0; 1716.7091; 170; 428.4; 
567; 0; 1716.7087; 170; 428.6; 
567; 0; 1716.7083; 170; 428.8; 
567; 0; 1716.7079; 170; 429; 
567; 0; 1716.7074; 170; 429.2; 
567; 0; 1716.707; 170; 429.4; 
567; 0; 1716.7065; 170; 429.6; 
567; 0; 1716.7061; 170; 429.8; 
567; 0; 1701.3584; 170; 430; 
567; 0; 1701.3579; 170; 430.2; 
567; 0; 1701.3575; 170; 430.4; 
567; 0; 1701.3571; 170; 430.6; 
567; 0; 1701.3566; 170; 430.8; 
567; 0; 1701.3562; 170; 431; 
567; 0; 1701.3558; 170; 431.2; 
567; 0; 1701.3554; 170; 431.4; 
567; 0; 1701.3549; 170; 431.6; 
567; 0; 1701.3545; 170; 431.8; 
567; 0; 1701.3541; 170; 432; 
567; 0; 1701.3537; 170; 432.2; 
567; 0; 1701.3532; 170; 432.4; 
567; 0; 1701.3528; 170; 432.6; 
567; 0; 1701.3524; 170; 432.8; 
567; 0; 1701.3519; 170; 433; 
567; 0; 1701.3515; 170; 433.2; 
567; 0; 1701.3511; 170; 433.4; 
567; 0; 1701.3507; 170; 433.6; 
567; 0; 1701.3502; 170; 433.8; 
567; 0; 1701.3499; 170; 434; 
567; 0; 1701.3495; 170; 434.2; 
567; 0; 1701.3491; 170; 434.4; 
567; 0; 1701.3487; 170; 434.6; 
567; 0; 1701.3483; 170; 434.8; 
567; 0; 1701.3478; 170; 435; 
567; 0; 1701.3474; 170; 435.2; 
567; 0; 1701.347; 170; 435.4; 
567; 0; 1686.0308; 170; 435.6; 
567; 0; 1686.0304; 170; 435.8; 
567; 0; 1686.0299; 170; 436; 
567; 0; 1686.0296; 170; 436.2; 
567; 0; 1686.0292; 170; 436.4; 
567; 0; 1687.1892; 170; 436.6; 
567; 0; 1698.792; 170; 436.8; 
567; 0; 1711.5551; 170; 437; 
567; 0; 1723.1578; 170; 437.2; 
567; 0; 1736.3469; 170; 437.4; 
567; 0; 1749.4788; 170; 437.6; 
567; 0; 1762.6106; 170; 437.8; 
567; 0; 1775.7425; 170; 438; 
567; 0; 1788.8744; 170; 438.2; 
567; 0; 1800.693; 170; 438.4; 
567; 0; 1812.5116; 170; 438.6; 
567; 0; 1824.3302; 170; 438.8; 
567; 0; 1834.8356; 170; 439; 
567; 0; 1845.3409; 170; 439.2; 
567; 0; 1855.8461; 170; 439.4; 
567; 0; 1865.0381; 170; 439.6; 
567; 0; 1874.2301; 170; 439.8; 
567; 0; 1882.109; 170; 440; 
567; 0; 1889.9878; 170; 440.2; 
567; 0; 1897.8666; 170; 440.4; 
567; 0; 1905.7454; 170; 440.6; 
567; 0; 1912.3107; 170; 440.8; 
567; 0; 1918.8755; 170; 441; 
567; 0; 1925.4391; 170; 441.2; 
567; 0; 1932.0009; 170; 441.4; 
567; 0; 1936.3095; 170; 441.6; 
567; 0; 1939.4683; 170; 441.8; 
567; 0; 1943.6794; 170; 442; 
567; 0; 1946.8328; 170; 442.2; 
567; 0; 1951.0389; 170; 442.4; 
567; 0; 1955.2438; 170; 442.6; 
567; 0; 1960.504; 170; 442.8; 
567; 0; 1967.8756; 170; 443; 
567; 0; 1975.2504; 170; 443.2; 
567; 0; 1984.7388; 170; 443.4; 
567; 0; 1994.2321; 170; 443.6; 
567; 0; 1990.6222; 170; 443.8; 
567; 0; 2000.2197; 170; 444; 
567; 0; 2008.7557; 170; 444.2; 
567; 0; 2016.2289; 170; 444.4; 
567; 0; 2021.9771; 170; 444.6; 
567; 0; 2027.7355; 170; 444.8; 
567; 0; 2031.1953; 170; 445; 
567; 0; 2033.5033; 170; 445.2; 
567; 0; 2035.8072; 170; 445.4; 
567; 0; 2036.9584; 170; 445.6; 
567; 0; 2036.9571; 170; 445.8; 
567; 0; 2038.1006; 170; 446; 
567; 0; 2038.0931; 170; 446.2; 
567; 0; 2039.2324; 170; 446.4; 
567; 0; 2040.3713; 170; 446.6; 
567; 0; 2042.6591; 170; 446.8; 
567; 0; 2044.9482; 170; 447; 
567; 0; 2047.2393; 170; 447.2; 
567; 0; 2050.6811; 170; 447.4; 
567; 0; 2052.9769; 170; 447.6; 
567; 0; 2056.4233; 170; 447.8; 
567; 0; 2058.7233; 170; 448; 
567; 0; 2061.0245; 170; 448.2; 
567; 0; 2063.3264; 170; 448.4; 
567; 0; 2064.48; 170; 448.6; 
567; 0; 2065.6331; 170; 448.8; 
567; 0; 2066.7853; 170; 449; 
567; 0; 2066.788; 170; 449.2; 
567; 0; 2067.9376; 170; 449.4; 
567; 0; 2067.9377; 170; 449.6; 
567; 0; 2067.9365; 170; 449.8; 
567; 0; 2067.9345; 170; 450; 
567; 0; 2067.9319; 170; 450.2; 
567; 0; 2067.9291; 170; 450.4; 
567; 0; 2067.9264; 170; 450.6; 
567; 0; 2069.0729; 170; 450.8; 
567; 0; 2069.0727; 170; 451; 
567; 0; 2070.2236; 170; 451.2; 
567; 0; 2071.3777; 170; 451.4; 
567; 0; 2072.5352; 170; 451.6; 
567; 0; 2072.5471; 170; 451.8; 
567; 0; 2072.5608; 170; 452; 
567; 0; 2071.4264; 170; 452.2; 
567; 0; 2069.1404; 170; 452.4; 
567; 0; 2065.7034; 170; 452.6; 
567; 0; 2062.2635; 170; 452.8; 
567; 0; 2058.8203; 170; 453; 
567; 0; 2054.2256; 170; 453.2; 
567; 0; 2049.6282; 170; 453.4; 
567; 0; 2045.0288; 170; 453.6; 
567; 0; 2041.5767; 170; 453.8; 
567; 0; 2038.1242; 170; 454; 
567; 0; 2034.671; 170; 454.2; 
567; 0; 2032.3676; 170; 454.4; 
567; 0; 2030.0662; 170; 454.6; 
567; 0; 2027.7669; 170; 454.8; 
567; 0; 2026.618; 170; 455; 
567; 0; 2024.3224; 170; 455.2; 
567; 0; 2023.1762; 170; 455.4; 
567; 0; 2020.8824; 170; 455.6; 
567; 0; 2019.737; 170; 455.8; 
567; 0; 2018.5914; 170; 456; 
567; 0; 2016.3021; 170; 456.2; 
567; 0; 2015.238; 170; 456.4; 
567; 0; 2013.1077; 170; 456.6; 
567; 0; 2012.0422; 170; 456.8; 
567; 0; 2009.9107; 170; 457; 
567; 0; 2008.8443; 170; 457.2; 
567; 0; 2006.7121; 170; 457.4; 
567; 0; 2005.6454; 170; 457.6; 
567; 0; 2004.5788; 170; 457.8; 
567; 0; 2003.5124; 170; 458; 
567; 0; 2002.4463; 170; 458.2; 
567; 0; 2001.3806; 170; 458.4; 
567; 0; 2001.3806; 170; 458.6; 
567; 0; 2000.3153; 170; 458.8; 
567; 0; 1999.2502; 170; 459; 
567; 0; 1999.2506; 170; 459.2; 
567; 0; 1998.1855; 170; 459.4; 
567; 0; 1998.1859; 170; 459.6; 
567; 0; 1997.1208; 170; 459.8; 
567; 0; 1997.1211; 170; 460; 
567; 0; 1996.0558; 170; 460.2; 
567; 0; 1996.0559; 170; 460.4; 
567; 0; 1994.9904; 170; 460.6; 
567; 0; 1994.9904; 170; 460.8; 
567; 0; 1993.9248; 170; 461; 
567; 0; 1993.9248; 170; 461.2; 
567; 0; 1993.9248; 170; 461.4; 
567; 0; 1992.8594; 170; 461.6; 
567; 0; 1992.8595; 170; 461.8; 
567; 0; 1992.8596; 170; 462; 
567; 0; 1991.7941; 170; 462.2; 
567; 0; 1991.7942; 170; 462.4; 
567; 0; 1991.7942; 170; 462.6; 
567; 0; 1991.7943; 170; 462.8; 
567; 0; 1990.7289; 170; 463; 
567; 0; 1990.729; 170; 463.2; 
567; 0; 1990.729; 170; 463.4; 
567; 0; 1990.7291; 170; 463.6; 
567; 0; 1989.6637; 170; 463.8; 
567; 0; 1989.6637; 170; 464; 
567; 0; 1989.6638; 170; 464.2; 
567; 0; 1989.6638; 170; 464.4; 
567; 0; 1989.6638; 170; 464.6; 
567; 0; 1989.6639; 170; 464.8; 
567; 0; 1989.664; 170; 465; 
567; 0; 1988.5986; 170; 465.2; 
567; 0; 1988.5987; 170; 465.4; 
567; 0; 1988.5987; 170; 465.6; 
567; 0; 1988.5988; 170; 465.8; 
567; 0; 1988.5988; 170; 466; 
567; 0; 1988.5988; 170; 466.2; 
567; 0; 1988.5988; 170; 466.4; 
567; 0; 1988.5989; 170; 466.6; 
567; 0; 1988.5989; 170; 466.8; 
567; 0; 1987.5335; 170; 467; 
567; 0; 1987.5336; 170; 467.2; 
567; 0; 1987.5337; 170; 467.4; 
567; 0; 1987.5337; 170; 467.6; 
567; 0; 1987.5338; 170; 467.8; 
567; 0; 2000.6705; 170; 468; 
567; 0; 2000.6706; 170; 468.2; 
567; 0; 2000.6706; 170; 468.4; 
567; 0; 2000.6707; 170; 468.6; 
567; 0; 2000.6707; 170; 468.8; 
567; 0; 1999.6157; 170; 469; 
567; 0; 1999.6157; 170; 469.2; 
567; 0; 1999.6158; 170; 469.4; 
567; 0; 1998.5608; 170; 469.6; 
567; 0; 1998.5608; 170; 469.8; 
567; 0; 1998.5608; 170; 470; 
567; 0; 1997.5058; 170; 470.2; 
567; 0; 1997.5058; 170; 470.4; 
567; 0; 1996.4509; 170; 470.6; 
567; 0; 1996.4509; 170; 470.8; 
567; 0; 1995.396; 170; 471; 
567; 0; 1995.3962; 170; 471.2; 
567; 0; 1995.3963; 170; 471.4; 
567; 0; 1994.3414; 170; 471.6; 
567; 0; 1994.3415; 170; 471.8; 
567; 0; 1993.2866; 170; 472; 
567; 0; 1993.2867; 170; 472.2; 
567; 0; 1993.2868; 170; 472.4; 
567; 0; 1992.2318; 170; 472.6; 
567; 0; 1992.2317; 170; 472.8; 
567; 0; 1991.1767; 170; 473; 
567; 0; 1991.1767; 170; 473.2; 
567; 0; 1991.1767; 170; 473.4; 
567; 0; 1991.1768; 170; 473.6; 
567; 0; 1990.1218; 170; 473.8; 
567; 0; 1990.1219; 170; 474; 
567; 0; 1990.1221; 170; 474.2; 
567; 0; 1990.1222; 170; 474.4; 
567; 0; 1990.1223; 170; 474.6; 
567; 0; 1989.0674; 170; 474.8; 
567; 0; 1989.0674; 170; 475; 
567; 0; 1989.0675; 170; 475.2; 
567; 0; 1989.0674; 170; 475.4; 
567; 0; 1989.0668; 170; 475.6; 
567; 0; 1990.1203; 170; 475.8; 
567; 0; 1990.1172; 170; 476; 
567; 0; 1990.1119; 170; 476.2; 
567; 0; 1989.0489; 170; 476.4; 
567; 0; 1989.0378; 170; 476.6; 
567; 0; 1989.0241; 170; 476.8; 
567; 0; 1990.0637; 170; 477; 
567; 0; 1992.1582; 170; 477.2; 
567; 0; 1996.3638; 170; 477.4; 
567; 0; 1988.4983; 170; 477.6; 
567; 0; 1994.8835; 170; 477.8; 
567; 0; 2001.2737; 170; 478; 
567; 0; 2009.7996; 170; 478.2; 
567; 0; 2017.3349; 170; 478.4; 
567; 0; 2025.3859; 170; 478.6; 
567; 0; 2031.1435; 170; 478.8; 
567; 0; 2036.9027; 170; 479; 
567; 0; 2041.5135; 170; 479.2; 
567; 0; 2043.826; 170; 479.4; 
567; 0; 2046.1355; 170; 479.6; 
567; 0; 2047.2928; 170; 479.8; 
567; 0; 2047.2972; 170; 480; 
567; 0; 2047.2974; 170; 480.2; 
567; 0; 2047.2938; 170; 480.4; 
567; 0; 2047.2872; 170; 480.6; 
567; 0; 2047.2788; 170; 480.8; 
567; 0; 2047.2696; 170; 481; 
567; 0; 2048.409; 170; 481.2; 
567; 0; 2049.5495; 170; 481.4; 
567; 0; 2051.8401; 170; 481.6; 
567; 0; 2054.1329; 170; 481.8; 
567; 0; 2056.4282; 170; 482; 
567; 0; 2059.8739; 170; 482.2; 
567; 0; 2062.1733; 170; 482.4; 
567; 0; 2063.3259; 170; 482.6; 
567; 0; 2065.6276; 170; 482.8; 
567; 0; 2066.7812; 170; 483; 
567; 0; 2067.9345; 170; 483.2; 
567; 0; 2067.9387; 170; 483.4; 
567; 0; 2067.9418; 170; 483.6; 
567; 0; 2067.9435; 170; 483.8; 
567; 0; 2067.9438; 170; 484; 
567; 0; 2067.943; 170; 484.2; 
567; 0; 2067.9411; 170; 484.4; 
567; 0; 2067.9386; 170; 484.6; 
567; 0; 2067.9358; 170; 484.8; 
567; 0; 2067.933; 170; 485; 
567; 0; 2067.9306; 170; 485.2; 
567; 0; 2067.9287; 170; 485.4; 
567; 0; 2069.0759; 170; 485.6; 
567; 0; 2069.0754; 170; 485.8; 
567; 0; 2070.224; 170; 486; 
567; 0; 2070.2248; 170; 486.2; 
567; 0; 2071.3744; 170; 486.4; 
567; 0; 2071.3759; 170; 486.6; 
567; 0; 2071.3775; 170; 486.8; 
567; 0; 2071.3789; 170; 487; 
567; 0; 2072.5284; 170; 487.2; 
567; 0; 2072.5293; 170; 487.4; 
567; 0; 2071.3816; 170; 487.6; 
567; 0; 2071.3818; 170; 487.8; 
567; 0; 2071.3817; 170; 488; 
567; 0; 2071.3812; 170; 488.2; 
567; 0; 2071.3805; 170; 488.4; 
567; 0; 2071.3798; 170; 488.6; 
567; 0; 2071.3791; 170; 488.8; 
567; 0; 2071.3785; 170; 489; 
567; 0; 2071.378; 170; 489.2; 
567; 0; 2071.3777; 170; 489.4; 
567; 0; 2071.3776; 170; 489.6; 
567; 0; 2071.3777; 170; 489.8; 
567; 0; 2072.5262; 170; 490; 
567; 0; 2072.5266; 170; 490.2; 
567; 0; 2072.5271; 170; 490.4; 
567; 0; 2072.5276; 170; 490.6; 
567; 0; 2072.528; 170; 490.8; 
567; 0; 2072.5284; 170; 491; 
567; 0; 2072.5286; 170; 491.2; 
567; 0; 2072.5287; 170; 491.4; 
567; 0; 2072.5288; 170; 491.6; 
567; 0; 2072.5287; 170; 491.8; 
567; 0; 2072.5286; 170; 492; 
567; 0; 2071.3802; 170; 492.2; 
567; 0; 2071.3802; 170; 492.4; 
567; 0; 2071.3802; 170; 492.6; 
567; 0; 2071.3802; 170; 492.8; 
567; 0; 2071.3801; 170; 493; 
567; 0; 2071.3801; 170; 493.2; 
567; 0; 2072.5287; 170; 493.4; 
567; 0; 2072.5298; 170; 493.6; 
567; 0; 2072.5327; 170; 493.8; 
567; 0; 2073.6866; 170; 494; 
567; 0; 2073.6952; 170; 494.2; 
567; 0; 2073.7066; 170; 494.4; 
567; 0; 2072.5716; 170; 494.6; 
567; 0; 2071.4358; 170; 494.8; 
567; 0; 2069.1497; 170; 495; 
567; 0; 2065.7131; 170; 495.2; 
567; 0; 2062.2737; 170; 495.4; 
567; 0; 2057.6826; 170; 495.6; 
567; 0; 2053.0883; 170; 495.8; 
567; 0; 2048.4913; 170; 496; 
567; 0; 2043.8924; 170; 496.2; 
567; 0; 2040.4409; 170; 496.4; 
567; 0; 2035.8406; 170; 496.6; 
567; 0; 2032.3893; 170; 496.8; 
567; 0; 2028.939; 170; 497; 
567; 0; 2026.638; 170; 497.2; 
567; 0; 2024.3384; 170; 497.4; 
567; 0; 2022.0405; 170; 497.6; 
567; 0; 2019.7439; 170; 497.8; 
567; 0; 2018.5966; 170; 498; 
567; 0; 2016.3065; 170; 498.2; 
567; 0; 2014.1773; 170; 498.4; 
567; 0; 2013.1134; 170; 498.6; 
567; 0; 2010.9834; 170; 498.8; 
567; 0; 2008.853; 170; 499; 
567; 0; 2007.7878; 170; 499.2; 
567; 0; 2005.6567; 170; 499.4; 
567; 0; 2004.5908; 170; 499.6; 
567; 0; 2003.5248; 170; 499.8; 
567; 0; 2001.393; 170; 500; 
567; 0; 2000.3267; 170; 500.2; 
567; 0; 1999.2605; 170; 500.4; 
567; 0; 1998.1943; 170; 500.6; 
567; 0; 1997.1284; 170; 500.8; 
567; 0; 1996.0626; 170; 501; 
567; 0; 1996.0626; 170; 501.2; 
567; 0; 1994.9973; 170; 501.4; 
567; 0; 1993.932; 170; 501.6; 
567; 0; 1993.9323; 170; 501.8; 
567; 0; 1992.867; 170; 502; 
567; 0; 1992.8672; 170; 502.2; 
567; 0; 1991.8018; 170; 502.4; 
567; 0; 1991.802; 170; 502.6; 
567; 0; 1990.7365; 170; 502.8; 
567; 0; 1990.7364; 170; 503; 
567; 0; 1989.6708; 170; 503.2; 
567; 0; 1989.6707; 170; 503.4; 
567; 0; 1989.6707; 170; 503.6; 
567; 0; 1988.6051; 170; 503.8; 
567; 0; 1988.6051; 170; 504; 
567; 0; 1988.6051; 170; 504.2; 
567; 0; 1988.6051; 170; 504.4; 
567; 0; 1987.5397; 170; 504.6; 
567; 0; 1987.5398; 170; 504.8; 
567; 0; 2000.6764; 170; 505; 
567; 0; 2000.6765; 170; 505.2; 
567; 0; 2000.6766; 170; 505.4; 
567; 0; 1999.6217; 170; 505.6; 
567; 0; 1999.6217; 170; 505.8; 
567; 0; 1999.6217; 170; 506; 
567; 0; 1998.5667; 170; 506.2; 
567; 0; 1998.5668; 170; 506.4; 
567; 0; 1998.5668; 170; 506.6; 
567; 0; 1997.5118; 170; 506.8; 
567; 0; 1997.5118; 170; 507; 
567; 0; 1996.4567; 170; 507.2; 
567; 0; 1996.4566; 170; 507.4; 
567; 0; 1995.4016; 170; 507.6; 
567; 0; 1995.4015; 170; 507.8; 
567; 0; 1994.3465; 170; 508; 
567; 0; 1994.3466; 170; 508.2; 
567; 0; 1993.2918; 170; 508.4; 
567; 0; 1993.292; 170; 508.6; 
567; 0; 1993.2922; 170; 508.8; 
567; 0; 1992.2373; 170; 509; 
567; 0; 1992.2374; 170; 509.2; 
567; 0; 1991.1824; 170; 509.4; 
567; 0; 1991.1824; 170; 509.6; 
567; 0; 1991.1824; 170; 509.8; 
567; 0; 1990.1274; 170; 510; 
567; 0; 1990.1274; 170; 510.2; 
567; 0; 1990.1274; 170; 510.4; 
567; 0; 1989.0724; 170; 510.6; 
567; 0; 1989.0724; 170; 510.8; 
567; 0; 1989.0725; 170; 511; 
567; 0; 1989.0725; 170; 511.2; 
567; 0; 1988.0174; 170; 511.4; 
567; 0; 1988.0174; 170; 511.6; 
567; 0; 1988.0174; 170; 511.8; 
567; 0; 1988.0174; 170; 512; 
567; 0; 1988.0175; 170; 512.2; 
567; 0; 1988.0175; 170; 512.4; 
567; 0; 1986.9626; 170; 512.6; 
567; 0; 1986.9626; 170; 512.8; 
567; 0; 1986.9626; 170; 513; 
567; 0; 1986.9627; 170; 513.2; 
567; 0; 1986.9628; 170; 513.4; 
567; 0; 1986.9628; 170; 513.6; 
567; 0; 1986.9629; 170; 513.8; 
567; 0; 1986.9629; 170; 514; 
567; 0; 1986.9629; 170; 514.2; 
567; 0; 1985.9079; 170; 514.4; 
567; 0; 1985.908; 170; 514.6; 
567; 0; 1985.908; 170; 514.8; 
567; 0; 1985.908; 170; 515; 
567; 0; 1985.908; 170; 515.2; 
567; 0; 1985.908; 170; 515.4; 
567; 0; 1985.908; 170; 515.6; 
567; 0; 1985.9079; 170; 515.8; 
567; 0; 1985.9079; 170; 516; 
567; 0; 1985.9079; 170; 516.2; 
567; 0; 1985.9079; 170; 516.4; 
567; 0; 1985.9079; 170; 516.6; 
567; 0; 1985.9079; 170; 516.8; 
567; 0; 1985.9079; 170; 517; 
567; 0; 1985.908; 170; 517.2; 
567; 0; 1985.9081; 170; 517.4; 
567; 0; 1985.9081; 170; 517.6; 
567; 0; 1985.9082; 170; 517.8; 
567; 0; 1985.9082; 170; 518; 
567; 0; 1984.8532; 170; 518.2; 
567; 0; 1984.8533; 170; 518.4; 
567; 0; 1984.8533; 170; 518.6; 
567; 0; 1984.8533; 170; 518.8; 
567; 0; 1984.8533; 170; 519; 
567; 0; 1984.8533; 170; 519.2; 
567; 0; 1984.8533; 170; 519.4; 
567; 0; 1984.8533; 170; 519.6; 
567; 0; 1984.8532; 170; 519.8; 
567; 0; 1984.8532; 170; 520; 
567; 0; 1984.8531; 170; 520.2; 
567; 0; 1984.8531; 170; 520.4; 
567; 0; 1984.8531; 170; 520.6; 
567; 0; 1984.8532; 170; 520.8; 
567; 0; 1984.8532; 170; 521; 
567; 0; 1984.8532; 170; 521.2; 
567; 0; 1984.8532; 170; 521.4; 
567; 0; 1984.8533; 170; 521.6; 
567; 0; 1984.8533; 170; 521.8; 
567; 0; 1984.8534; 170; 522; 
567; 0; 1984.8534; 170; 522.2; 
567; 0; 1984.8535; 170; 522.4; 
567; 0; 1984.8535; 170; 522.6; 
567; 0; 1984.8535; 170; 522.8; 
567; 0; 1984.8535; 170; 523; 
567; 0; 1984.8535; 170; 523.2; 
567; 0; 1984.8535; 170; 523.4; 
567; 0; 1984.8534; 170; 523.6; 
567; 0; 1984.8535; 170; 523.8; 
567; 0; 1984.8535; 170; 524; 
567; 0; 1984.8536; 170; 524.2; 
567; 0; 1984.8536; 170; 524.4; 
567; 0; 1984.8536; 170; 524.6; 
567; 0; 1984.8536; 170; 524.8; 
567; 0; 1984.8536; 170; 525; 
567; 0; 1984.8536; 170; 525.2; 
567; 0; 1984.8536; 170; 525.4; 
567; 0; 1984.8535; 170; 525.6; 
567; 0; 1984.8535; 170; 525.8; 
567; 0; 1984.8535; 170; 526; 
567; 0; 1984.8536; 170; 526.2; 
567; 0; 1984.8536; 170; 526.4; 
567; 0; 1984.8536; 170; 526.6; 
567; 0; 1984.8537; 170; 526.8; 
567; 0; 1984.8537; 170; 527; 
567; 0; 1984.8537; 170; 527.2; 
567; 0; 1984.8537; 170; 527.4; 
567; 0; 1984.8537; 170; 527.6; 
567; 0; 1984.8538; 170; 527.8; 
567; 0; 1984.8538; 170; 528; 
567; 0; 1984.8538; 170; 528.2; 
567; 0; 1984.8538; 170; 528.4; 
567; 0; 1984.8538; 170; 528.6; 
567; 0; 1983.7987; 170; 528.8; 
567; 0; 1983.7987; 170; 529; 
567; 0; 1983.7988; 170; 529.2; 
567; 0; 1983.7988; 170; 529.4; 
567; 0; 1983.7988; 170; 529.6; 
567; 0; 1983.7988; 170; 529.8; 
567; 0; 1983.7988; 170; 530; 
567; 0; 1983.7988; 170; 530.2; 
567; 0; 1983.7988; 170; 530.4; 
567; 0; 1983.7988; 170; 530.6; 
567; 0; 1983.7988; 170; 530.8; 
567; 0; 1983.7988; 170; 531; 
567; 0; 1983.7989; 170; 531.2; 
567; 0; 1983.7989; 170; 531.4; 
567; 0; 1983.7989; 170; 531.6; 
567; 0; 1983.799; 170; 531.8; 
567; 0; 1983.799; 170; 532; 
567; 0; 1983.7989; 170; 532.2; 
567; 0; 1983.7989; 170; 532.4; 
567; 0; 1983.7989; 170; 532.6; 
567; 0; 1983.7989; 170; 532.8; 
567; 0; 1983.7989; 170; 533; 
567; 0; 1983.799; 170; 533.2; 
567; 0; 1983.799; 170; 533.4; 
567; 0; 1983.799; 170; 533.6; 
567; 0; 1983.7991; 170; 533.8; 
567; 0; 1983.7991; 170; 534; 
567; 0; 1983.799; 170; 534.2; 
567; 0; 1983.7991; 170; 534.4; 
567; 0; 1983.7991; 170; 534.6; 
567; 0; 1983.7991; 170; 534.8; 
567; 0; 1983.7991; 170; 535; 
567; 0; 1983.7991; 170; 535.2; 
567; 0; 1983.7991; 170; 535.4; 
567; 0; 1983.7991; 170; 535.6; 
567; 0; 1983.7991; 170; 535.8; 
567; 0; 1983.7991; 170; 536; 
567; 0; 1983.7991; 170; 536.2; 
567; 0; 1983.7991; 170; 536.4; 
567; 0; 1983.7991; 170; 536.6; 
567; 0; 1983.7991; 170; 536.8; 
567; 0; 1983.7991; 170; 537; 
567; 0; 1983.7991; 170; 537.2; 
567; 0; 1983.7992; 170; 537.4; 
567; 0; 1983.7992; 170; 537.6; 
567; 0; 1983.7992; 170; 537.8; 
567; 0; 1983.7992; 170; 538; 
567; 0; 1983.7992; 170; 538.2; 
567; 0; 1983.7992; 170; 538.4; 
567; 0; 1983.7992; 170; 538.6; 
567; 0; 1984.8542; 170; 538.8; 
567; 0; 1984.8541; 170; 539; 
567; 0; 1984.8539; 170; 539.2; 
567; 0; 1984.8532; 170; 539.4; 
567; 0; 1985.9066; 170; 539.6; 
567; 0; 1985.9031; 170; 539.8; 
567; 0; 1985.8976; 170; 540; 
567; 0; 1985.8897; 170; 540.2; 
567; 0; 1985.8797; 170; 540.4; 
567; 0; 1985.8678; 170; 540.6; 
567; 0; 1987.9647; 170; 540.8; 
567; 0; 1989.0065; 170; 541; 
567; 0; 1992.159; 170; 541.2; 
567; 0; 1996.3683; 170; 541.4; 
567; 0; 1989.5723; 170; 541.6; 
567; 0; 1995.9614; 170; 541.8; 
567; 0; 2002.3553; 170; 542; 
567; 0; 2009.8195; 170; 542.2; 
567; 0; 2017.3602; 170; 542.4; 
567; 0; 2024.267; 170; 542.6; 
567; 0; 2030.029; 170; 542.8; 
567; 0; 2033.496; 170; 543; 
567; 0; 2036.9625; 170; 543.2; 
567; 0; 2038.1287; 170; 543.4; 
567; 0; 2038.1402; 170; 543.6; 
567; 0; 2036.9987; 170; 543.8; 
567; 0; 2035.8521; 170; 544; 
567; 0; 2033.5521; 170; 544.2; 
567; 0; 2031.2479; 170; 544.4; 
567; 0; 2028.9408; 170; 544.6; 
567; 0; 2027.7783; 170; 544.8; 
567; 0; 2026.6149; 170; 545; 
567; 0; 2026.6014; 170; 545.2; 
567; 0; 2027.7392; 170; 545.4; 
567; 0; 2030.0292; 170; 545.6; 
567; 0; 2032.324; 170; 545.8; 
567; 0; 2034.6234; 170; 546; 
567; 0; 2036.9272; 170; 546.2; 
567; 0; 2039.2345; 170; 546.4; 
567; 0; 2040.3955; 170; 546.6; 
567; 0; 2040.4087; 170; 546.8; 
567; 0; 2040.4209; 170; 547; 
567; 0; 2039.2808; 170; 547.2; 
567; 0; 2036.9896; 170; 547.4; 
567; 0; 2034.6954; 170; 547.6; 
567; 0; 2032.3983; 170; 547.8; 
567; 0; 2030.0988; 170; 548; 
567; 0; 2027.7972; 170; 548.2; 
567; 0; 2025.4946; 170; 548.4; 
567; 0; 2023.1907; 170; 548.6; 
567; 0; 2022.0354; 170; 548.8; 
567; 0; 2020.8814; 170; 549; 
567; 0; 2019.7292; 170; 549.2; 
567; 0; 2019.7275; 170; 549.4; 
567; 0; 2019.728; 170; 549.6; 
567; 0; 2019.7302; 170; 549.8; 
567; 0; 2018.5853; 170; 550; 
567; 0; 2018.5895; 170; 550.2; 
567; 0; 2017.4456; 170; 550.4; 
567; 0; 2017.4497; 170; 550.6; 
567; 0; 2016.3094; 170; 550.8; 
567; 0; 2015.2458; 170; 551; 
567; 0; 2014.1813; 170; 551.2; 
567; 0; 2012.0505; 170; 551.4; 
567; 0; 2010.9846; 170; 551.6; 
567; 0; 2009.9182; 170; 551.8; 
567; 0; 2008.8514; 170; 552; 
567; 0; 2007.7844; 170; 552.2; 
567; 0; 2006.7174; 170; 552.4; 
567; 0; 2005.6508; 170; 552.6; 
567; 0; 2005.65; 170; 552.8; 
567; 0; 2004.5842; 170; 553; 
567; 0; 2003.5189; 170; 553.2; 
567; 0; 2003.5194; 170; 553.4; 
567; 0; 2002.4547; 170; 553.6; 
567; 0; 2002.4557; 170; 553.8; 
567; 0; 2001.3911; 170; 554; 
567; 0; 2001.3919; 170; 554.2; 
567; 0; 2000.327; 170; 554.4; 
567; 0; 1999.2618; 170; 554.6; 
567; 0; 1999.2621; 170; 554.8; 
567; 0; 1998.1966; 170; 555; 
567; 0; 1998.1966; 170; 555.2; 
567; 0; 1997.1311; 170; 555.4; 
567; 0; 1997.131; 170; 555.6; 
567; 0; 1996.0654; 170; 555.8; 
567; 0; 1996.0653; 170; 556; 
567; 0; 1994.9998; 170; 556.2; 
567; 0; 1994.9999; 170; 556.4; 
567; 0; 1993.9344; 170; 556.6; 
567; 0; 1993.9345; 170; 556.8; 
567; 0; 1993.9347; 170; 557; 
567; 0; 1992.8694; 170; 557.2; 
567; 0; 1992.8696; 170; 557.4; 
567; 0; 1992.8697; 170; 557.6; 
567; 0; 1991.8044; 170; 557.8; 
567; 0; 1991.8045; 170; 558; 
567; 0; 1991.8046; 170; 558.2; 
567; 0; 1990.7392; 170; 558.4; 
567; 0; 1990.7393; 170; 558.6; 
567; 0; 1990.7393; 170; 558.8; 
567; 0; 1989.6738; 170; 559; 
567; 0; 1989.6738; 170; 559.2; 
567; 0; 1989.6738; 170; 559.4; 
567; 0; 1989.6739; 170; 559.6; 
567; 0; 1988.6084; 170; 559.8; 
567; 0; 1988.6084; 170; 560; 
567; 0; 1988.6085; 170; 560.2; 
567; 0; 1988.6085; 170; 560.4; 
567; 0; 1988.6086; 170; 560.6; 
567; 0; 1987.5432; 170; 560.8; 
567; 0; 1987.5433; 170; 561; 
567; 0; 2000.6797; 170; 561.2; 
567; 0; 2000.6798; 170; 561.4; 
567; 0; 2000.6798; 170; 561.6; 
567; 0; 1999.6249; 170; 561.8; 
567; 0; 1999.625; 170; 562; 
567; 0; 1999.625; 170; 562.2; 
567; 0; 1998.57; 170; 562.4; 
567; 0; 1998.57; 170; 562.6; 
567; 0; 1997.515; 170; 562.8; 
567; 0; 1997.515; 170; 563; 
567; 0; 1996.46; 170; 563.2; 
567; 0; 1996.4601; 170; 563.4; 
567; 0; 1995.4051; 170; 563.6; 
567; 0; 1995.4052; 170; 563.8; 
567; 0; 1994.3503; 170; 564; 
567; 0; 1994.3503; 170; 564.2; 
567; 0; 1993.2954; 170; 564.4; 
567; 0; 1993.2954; 170; 564.6; 
567; 0; 1993.2955; 170; 564.8; 
567; 0; 1992.2405; 170; 565; 
567; 0; 1992.2406; 170; 565.2; 
567; 0; 1991.1855; 170; 565.4; 
567; 0; 1991.1855; 170; 565.6; 
567; 0; 1990.1305; 170; 565.8; 
567; 0; 1990.1305; 170; 566; 
567; 0; 1990.1305; 170; 566.2; 
567; 0; 1989.0756; 170; 566.4; 
567; 0; 1989.0756; 170; 566.6; 
567; 0; 1989.0757; 170; 566.8; 
567; 0; 1988.0208; 170; 567; 
567; 0; 1988.0209; 170; 567.2; 
567; 0; 1988.021; 170; 567.4; 
567; 0; 1988.021; 170; 567.6; 
567; 0; 1986.966; 170; 567.8; 
567; 0; 1986.966; 170; 568; 
567; 0; 1986.966; 170; 568.2; 
567; 0; 1986.966; 170; 568.4; 
567; 0; 1985.911; 170; 568.6; 
567; 0; 1985.911; 170; 568.8; 
567; 0; 1985.911; 170; 569; 
567; 0; 1985.911; 170; 569.2; 
567; 0; 1985.911; 170; 569.4; 
567; 0; 1985.911; 170; 569.6; 
567; 0; 1984.856; 170; 569.8; 
567; 0; 1984.8561; 170; 570; 
567; 0; 1984.8561; 170; 570.2; 
567; 0; 1984.8562; 170; 570.4; 
567; 0; 1984.8562; 170; 570.6; 
567; 0; 1984.8562; 170; 570.8; 
567; 0; 1984.8562; 170; 571; 
567; 0; 1984.8562; 170; 571.2; 
567; 0; 1984.8562; 170; 571.4; 
567; 0; 1984.8562; 170; 571.6; 
567; 0; 1983.8012; 170; 571.8; 
567; 0; 1983.8012; 170; 572; 
567; 0; 1983.8012; 170; 572.2; 
567; 0; 1983.8012; 170; 572.4; 
567; 0; 1983.8012; 170; 572.6; 
567; 0; 1983.8012; 170; 572.8; 
567; 0; 1983.8012; 170; 573; 
567; 0; 1983.8012; 170; 573.2; 
567; 0; 1983.8013; 170; 573.4; 
567; 0; 1983.8014; 170; 573.6; 
567; 0; 1983.8015; 170; 573.8; 
567; 0; 1983.8015; 170; 574; 
567; 0; 1983.8015; 170; 574.2; 
567; 0; 1983.8015; 170; 574.4; 
567; 0; 1983.8014; 170; 574.6; 
567; 0; 1983.8014; 170; 574.8; 
567; 0; 1983.8014; 170; 575; 
567; 0; 1983.8014; 170; 575.2; 
567; 0; 1983.8014; 170; 575.4; 
567; 0; 1983.8014; 170; 575.6; 
567; 0; 1983.8014; 170; 575.8; 
567; 0; 1982.7464; 170; 576; 
567; 0; 1982.7465; 170; 576.2; 
567; 0; 1982.7466; 170; 576.4; 
567; 0; 1982.7466; 170; 576.6; 
567; 0; 1982.7467; 170; 576.8; 
567; 0; 1982.7467; 170; 577; 
567; 0; 1982.7467; 170; 577.2; 
567; 0; 1982.7466; 170; 577.4; 
567; 0; 1982.7466; 170; 577.6; 
567; 0; 1982.7465; 170; 577.8; 
567; 0; 1982.7465; 170; 578; 
567; 0; 1982.7465; 170; 578.2; 
567; 0; 1982.7465; 170; 578.4; 
567; 0; 1982.7465; 170; 578.6; 
567; 0; 1982.7465; 170; 578.8; 
567; 0; 1982.7465; 170; 579; 
567; 0; 1982.7465; 170; 579.2; 
567; 0; 1982.7465; 170; 579.4; 
567; 0; 1982.7465; 170; 579.6; 
567; 0; 1982.7466; 170; 579.8; 
567; 0; 1982.7466; 170; 580; 
567; 0; 1982.7466; 170; 580.2; 
567; 0; 1982.7467; 170; 580.4; 
567; 0; 1982.7468; 170; 580.6; 
567; 0; 1982.7468; 170; 580.8; 
567; 0; 1982.7468; 170; 581; 
567; 0; 1982.7467; 170; 581.2; 
567; 0; 1982.7467; 170; 581.4; 
567; 0; 1982.7467; 170; 581.6; 
567; 0; 1982.7466; 170; 581.8; 
567; 0; 1982.7466; 170; 582; 
567; 0; 1982.7466; 170; 582.2; 
567; 0; 1982.7466; 170; 582.4; 
567; 0; 1982.7466; 170; 582.6; 
567; 0; 1982.7466; 170; 582.8; 
567; 0; 1982.7467; 170; 583; 
567; 0; 1982.7467; 170; 583.2; 
567; 0; 1982.7467; 170; 583.4; 
567; 0; 1982.7467; 170; 583.6; 
567; 0; 1982.7467; 170; 583.8; 
567; 0; 1982.7467; 170; 584; 
567; 0; 1982.7467; 170; 584.2; 
567; 0; 1982.7467; 170; 584.4; 
567; 0; 1982.7467; 170; 584.6; 
567; 0; 1983.8016; 170; 584.8; 
567; 0; 1983.801; 170; 585; 
567; 0; 1983.7996; 170; 585.2; 
567; 0; 1983.7971; 170; 585.4; 
567; 0; 1984.8471; 170; 585.6; 
567; 0; 1984.8395; 170; 585.8; 
567; 0; 1983.7739; 170; 586; 
567; 0; 1984.8155; 170; 586.2; 
567; 0; 1984.8006; 170; 586.4; 
567; 0; 1986.8951; 170; 586.6; 
567; 0; 1991.1007; 170; 586.8; 
567; 0; 1995.3091; 170; 587; 
567; 0; 1988.5024; 170; 587.2; 
567; 0; 1995.9577; 170; 587.4; 
567; 0; 2003.4182; 170; 587.6; 
567; 0; 2011.9492; 170; 587.8; 
567; 0; 2018.5081; 170; 588; 
567; 0; 2025.4141; 170; 588.2; 
567; 0; 2031.1735; 170; 588.4; 
567; 0; 2034.636; 170; 588.6; 
567; 0; 2038.0968; 170; 588.8; 
567; 0; 2040.4061; 170; 589; 
567; 0; 2040.4147; 170; 589.2; 
567; 0; 2041.5672; 170; 589.4; 
567; 0; 2041.567; 170; 589.6; 
567; 0; 2040.4149; 170; 589.8; 
567; 0; 2040.4089; 170; 590; 
567; 0; 2041.5504; 170; 590.2; 
567; 0; 2041.5441; 170; 590.4; 
567; 0; 2042.6882; 170; 590.6; 
567; 0; 2044.9835; 170; 590.8; 
567; 0; 2046.1339; 170; 591; 
567; 0; 2047.2878; 170; 591.2; 
567; 0; 2048.4444; 170; 591.4; 
567; 0; 2048.4544; 170; 591.6; 
567; 0; 2048.4643; 170; 591.8; 
567; 0; 2047.3239; 170; 592; 
567; 0; 2045.0335; 170; 592.2; 
567; 0; 2042.741; 170; 592.4; 
567; 0; 2040.4458; 170; 592.6; 
567; 0; 2036.9997; 170; 592.8; 
567; 0; 2033.5515; 170; 593; 
567; 0; 2031.2501; 170; 593.2; 
567; 0; 2027.7995; 170; 593.4; 
567; 0; 2025.4971; 170; 593.6; 
567; 0; 2023.1952; 170; 593.8; 
567; 0; 2022.0419; 170; 594; 
567; 0; 2019.7419; 170; 594.2; 
567; 0; 2018.5921; 170; 594.4; 
567; 0; 2018.5924; 170; 594.6; 
567; 0; 2017.4457; 170; 594.8; 
567; 0; 2016.3049; 170; 595; 
567; 0; 2015.2423; 170; 595.2; 
567; 0; 2014.1795; 170; 595.4; 
567; 0; 2013.116; 170; 595.6; 
567; 0; 2012.0521; 170; 595.8; 
567; 0; 2009.9221; 170; 596; 
567; 0; 2008.857; 170; 596.2; 
567; 0; 2007.7914; 170; 596.4; 
567; 0; 2006.7254; 170; 596.6; 
567; 0; 2004.5936; 170; 596.8; 
567; 0; 2003.5272; 170; 597; 
567; 0; 2002.4608; 170; 597.2; 
567; 0; 2001.3945; 170; 597.4; 
567; 0; 2000.3285; 170; 597.6; 
567; 0; 2000.3282; 170; 597.8; 
567; 0; 1999.2626; 170; 598; 
567; 0; 1998.1973; 170; 598.2; 
567; 0; 1998.1977; 170; 598.4; 
567; 0; 1997.1326; 170; 598.6; 
567; 0; 1997.1331; 170; 598.8; 
567; 0; 1996.0681; 170; 599; 
567; 0; 1995.0029; 170; 599.2; 
567; 0; 1995.0032; 170; 599.4; 
567; 0; 1993.9378; 170; 599.6; 
567; 0; 1993.9379; 170; 599.8; 
567; 0; 1992.8723; 170; 600; 
567; 0; 1992.8723; 170; 600.2; 
567; 0; 1991.8067; 170; 600.4; 
567; 0; 1991.8066; 170; 600.6; 
567; 0; 1990.7411; 170; 600.8; 
567; 0; 1990.7411; 170; 601; 
567; 0; 1990.7412; 170; 601.2; 
567; 0; 1989.6758; 170; 601.4; 
567; 0; 1989.6759; 170; 601.6; 
567; 0; 1989.676; 170; 601.8; 
567; 0; 1988.6106; 170; 602; 
567; 0; 1988.6107; 170; 602.2; 
567; 0; 1988.6108; 170; 602.4; 
567; 0; 1987.5453; 170; 602.6; 
567; 0; 1987.5454; 170; 602.8; 
567; 0; 2000.6817; 170; 603; 
567; 0; 2000.6817; 170; 603.2; 
567; 0; 1999.6268; 170; 603.4; 
567; 0; 1999.6268; 170; 603.6; 
567; 0; 1999.6267; 170; 603.8; 
567; 0; 1998.5717; 170; 604; 
567; 0; 1998.5717; 170; 604.2; 
567; 0; 1998.5717; 170; 604.4; 
567; 0; 1997.5168; 170; 604.6; 
567; 0; 1997.5168; 170; 604.8; 
567; 0; 1996.4619; 170; 605; 
567; 0; 1996.462; 170; 605.2; 
567; 0; 1995.4071; 170; 605.4; 
567; 0; 1994.3522; 170; 605.6; 
567; 0; 1994.3523; 170; 605.8; 
567; 0; 1993.2973; 170; 606; 
567; 0; 1993.2974; 170; 606.2; 
567; 0; 1992.2424; 170; 606.4; 
567; 0; 1992.2424; 170; 606.6; 
567; 0; 1991.1874; 170; 606.8; 
567; 0; 1991.1875; 170; 607; 
567; 0; 1990.1326; 170; 607.2; 
567; 0; 1990.1327; 170; 607.4; 
567; 0; 1990.1327; 170; 607.6; 
567; 0; 1989.0776; 170; 607.8; 
567; 0; 1989.0776; 170; 608; 
567; 0; 1988.0225; 170; 608.2; 
567; 0; 1988.0224; 170; 608.4; 
567; 0; 1988.0224; 170; 608.6; 
567; 0; 1986.9674; 170; 608.8; 
567; 0; 1986.9675; 170; 609; 
567; 0; 1986.9676; 170; 609.2; 
567; 0; 1986.9677; 170; 609.4; 
567; 0; 1985.9128; 170; 609.6; 
567; 0; 1985.9128; 170; 609.8; 
567; 0; 1985.9129; 170; 610; 
567; 0; 1985.9129; 170; 610.2; 
567; 0; 1984.8579; 170; 610.4; 
567; 0; 1984.8579; 170; 610.6; 
567; 0; 1984.8579; 170; 610.8; 
567; 0; 1984.8579; 170; 611; 
567; 0; 1984.858; 170; 611.2; 
567; 0; 1984.858; 170; 611.4; 
567; 0; 1984.8581; 170; 611.6; 
567; 0; 1983.8032; 170; 611.8; 
567; 0; 1983.8032; 170; 612; 
567; 0; 1983.8032; 170; 612.2; 
567; 0; 1983.8031; 170; 612.4; 
567; 0; 1983.8031; 170; 612.6; 
567; 0; 1983.803; 170; 612.8; 
567; 0; 1983.803; 170; 613; 
567; 0; 1983.8031; 170; 613.2; 
567; 0; 1983.8031; 170; 613.4; 
567; 0; 1983.8032; 170; 613.6; 
567; 0; 1982.7482; 170; 613.8; 
567; 0; 1982.7482; 170; 614; 
567; 0; 1982.7482; 170; 614.2; 
567; 0; 1982.7482; 170; 614.4; 
567; 0; 1982.7482; 170; 614.6; 
567; 0; 1982.7482; 170; 614.8; 
567; 0; 1982.7482; 170; 615; 
567; 0; 1982.7481; 170; 615.2; 
567; 0; 1982.7481; 170; 615.4; 
567; 0; 1982.7481; 170; 615.6; 
567; 0; 1982.7482; 170; 615.8; 
567; 0; 1982.7482; 170; 616; 
567; 0; 1982.7483; 170; 616.2; 
567; 0; 1982.7484; 170; 616.4; 
567; 0; 1982.7484; 170; 616.6; 
567; 0; 1982.7484; 170; 616.8; 
567; 0; 1982.7485; 170; 617; 
567; 0; 1982.7485; 170; 617.2; 
567; 0; 1982.7485; 170; 617.4; 
567; 0; 1981.6934; 170; 617.6; 
567; 0; 1981.6934; 170; 617.8; 
567; 0; 1981.6934; 170; 618; 
567; 0; 1981.6933; 170; 618.2; 
567; 0; 1981.6933; 170; 618.4; 
567; 0; 1981.6933; 170; 618.6; 
567; 0; 1981.6933; 170; 618.8; 
567; 0; 1981.6933; 170; 619; 
567; 0; 1981.6933; 170; 619.2; 
567; 0; 1981.6933; 170; 619.4; 
567; 0; 1981.6933; 170; 619.6; 
567; 0; 1981.6934; 170; 619.8; 
567; 0; 1981.6934; 170; 620; 
567; 0; 1981.6935; 170; 620.2; 
567; 0; 1981.6935; 170; 620.4; 
567; 0; 1981.6935; 170; 620.6; 
567; 0; 1981.6935; 170; 620.8; 
567; 0; 1981.6935; 170; 621; 
567; 0; 1981.6934; 170; 621.2; 
567; 0; 1981.6934; 170; 621.4; 
567; 0; 1981.6934; 170; 621.6; 
567; 0; 1981.6934; 170; 621.8; 
567; 0; 1981.6934; 170; 622; 
567; 0; 1981.6934; 170; 622.2; 
567; 0; 1981.6934; 170; 622.4; 
567; 0; 1981.6934; 170; 622.6; 
567; 0; 1981.6934; 170; 622.8; 
567; 0; 1981.6934; 170; 623; 
567; 0; 1981.6934; 170; 623.2; 
567; 0; 1981.6935; 170; 623.4; 
567; 0; 1981.6935; 170; 623.6; 
567; 0; 1981.6936; 170; 623.8; 
567; 0; 1981.6936; 170; 624; 
567; 0; 1981.6936; 170; 624.2; 
567; 0; 1981.6936; 170; 624.4; 
567; 0; 1981.6935; 170; 624.6; 
567; 0; 1981.6935; 170; 624.8; 
567; 0; 1981.6934; 170; 625; 
567; 0; 1981.6934; 170; 625.2; 
567; 0; 1981.6934; 170; 625.4; 
567; 0; 1981.6935; 170; 625.6; 
567; 0; 1981.6936; 170; 625.8; 
567; 0; 1981.6936; 170; 626; 
567; 0; 1981.6936; 170; 626.2; 
567; 0; 1981.6936; 170; 626.4; 
567; 0; 1981.6936; 170; 626.6; 
567; 0; 1981.6936; 170; 626.8; 
567; 0; 1981.6936; 170; 627; 
567; 0; 1981.6935; 170; 627.2; 
567; 0; 1981.6934; 170; 627.4; 
567; 0; 1981.6934; 170; 627.6; 
567; 0; 1981.6934; 170; 627.8; 
567; 0; 1981.6934; 170; 628; 
567; 0; 1981.6935; 170; 628.2; 
567; 0; 1981.6935; 170; 628.4; 
567; 0; 1981.6936; 170; 628.6; 
567; 0; 1981.6937; 170; 628.8; 
567; 0; 1981.6938; 170; 629; 
567; 0; 1981.6938; 170; 629.2; 
567; 0; 1981.6938; 170; 629.4; 
567; 0; 1980.6387; 170; 629.6; 
567; 0; 1980.6386; 170; 629.8; 
567; 0; 1980.6385; 0; 630; 
567; 0; 0; 0; 630.2; 
567; 0; 0; 0; 630.4; 
567; 0; 0; 0; 630.6; 
567; 0; 0; 0; 630.8; 
567; 0; 0; 0; 631; 
567; 0; 0; 0; 631.2; 
567; 0; 0; 0; 631.4; 
567; 0; 0; 0; 631.6; 
567; 0; 0; 0; 631.8; 
567; 0; 0; 0; 632; 
567; 0; 0; 0; 632.2; 
567; 0; 0; 0; 632.4; 
567; 0; 0; 0; 632.6; 
567; 0; 0; 0; 632.8; 
567; 0; 0; 0; 633; 
567; 0; 0; 0; 633.2; 
567; 0; 0; 0; 633.4; 
567; 0; 0; 0; 633.6; 
567; 0; 0; 0; 633.8; 
567; 0; 0; 0; 634; 
567; 0; 0; 0; 634.2; 
567; 0; 0; 0; 634.4; 
567; 0; 0; 0; 634.6; 
567; 0; 0; 0; 634.8; 
567; 0; 0; 0; 635; 
567; 0; 0; 0; 635.2; 
567; 0; 0; 0; 635.4; 
567; 0; 0; 0; 635.6; 
567; 0; 0; 0; 635.8; 
567; 0; 0; 0; 636; 
567; 0; 0; 0; 636.2; 
567; 0; 0; 0; 636.4; 
567; 0; 0; 0; 636.6; 
567; 0; 0; 0; 636.8; 
567; 0; 0; 0; 637; 
567; 0; 0; 0; 637.2; 
567; 0; 0; 0; 637.4; 
567; 0; 0; 0; 637.6; 
567; 0; 0; 0; 637.8; 
567; 0; 0; 0; 638; 
567; 0; 0; 0; 638.2; 
567; 0; 0; 0; 638.4; 
567; 0; 0; 0; 638.6; 
567; 0; 0; 0; 638.8; 
567; 0; 0; 0; 639; 
567; 0; 0; 0; 639.2; 
567; 0; 0; 0; 639.4; 
567; 0; 0; 0; 639.6; 
567; 0; 0; 0; 639.8; 
567; 0; 0; 0; 640; 
567; 0; 0; 0; 640.2; 
567; 0; 0; 0; 640.4; 
567; 0; 0; 0; 640.6; 
567; 0; 0; 0; 640.8; 
567; 0; 0; 0; 641; 
567; 0; 0; 0; 641.2; 
567; 0; 0; 0; 641.4; 
567; 0; 0; 0; 641.6; 
567; 0; 0; 0; 641.8; 
567; 0; 0; 0; 642; 
567; 0; 0; 0; 642.2; 
567; 0; 0; 0; 642.4; 
567; 0; 0; 0; 642.6; 
567; 0; 0; 0; 642.8; 
567; 0; 0; 0; 643; 
567; 0; 0; 0; 643.2; 
567; 0; 0; 0; 643.4; 
567; 0; 0; 0; 643.6; 
567; 0; 0; 0; 643.8; 
567; 0; 0; 0; 644; 
567; 0; 0; 0; 644.2; 
567; 0; 0; 0; 644.4; 
567; 0; 0; 0; 644.6; 
567; 0; 0; 0; 644.8; 
567; 0; 0; 0; 645; 
567; 0; 0; 0; 645.2; 
567; 0; 0; 0; 645.4; 
567; 0; 0; 0; 645.6; 
567; 0; 0; 0; 645.8; 
567; 0; 0; 0; 646; 
567; 0; 0; 0; 646.2; 
567; 0; 0; 0; 646.4; 
567; 0; 0; 0; 646.6; 
567; 0; 0; 0; 646.8; 
567; 0; 0; 0; 647; 
567; 0; 0; 0; 647.2; 
567; 0; 0; 0; 647.4; 
567; 0; 0; 0; 647.6; 
567; 0; 0; 0; 647.8; 
567; 0; 0; 0; 648; 
567; 0; 0; 0; 648.2; 
567; 0; 0; 0; 648.4; 
567; 0; 0; 0; 648.6; 
567; 0; 0; 0; 648.8; 
567; 0; 0; 0; 649; 
567; 0; 0; 0; 649.2; 
567; 0; 0; 0; 649.4; 
567; 0; 0; 0; 649.6; 
567; 0; 0; 0; 649.8; 
567; 0; 0; 0; 650; 
567; 0; 0; 0; 650.2; 
567; 0; 0; 0; 650.4; 
567; 0; 0; 0; 650.6; 
567; 0; 0; 0; 650.8; 
567; 0; 0; 0; 651; 
567; 0; 0; 0; 651.2; 
567; 0; 0; 0; 651.4; 
567; 0; 0; 0; 651.6; 
567; 0; 0; 0; 651.8; 
567; 0; 0; 0; 652; 
567; 0; 0; 0; 652.2; 
567; 0; 0; 0; 652.4; 
567; 0; 0; 0; 652.6; 
567; 0; 0; 0; 652.8; 
567; 0; 0; 0; 653; 
567; 0; 0; 0; 653.2; 
567; 0; 0; 0; 653.4; 
567; 0; 0; 0; 653.6; 
567; 0; 0; 0; 653.8; 
567; 0; 0; 0; 654; 
567; 0; 0; 0; 654.2; 
567; 0; 0; 0; 654.4; 
567; 0; 0; 0; 654.6; 
567; 0; 0; 0; 654.8; 
567; 0; 0; 0; 655; 
567; 0; 0; 0; 655.2; 
567; 0; 0; 0; 655.4; 
567; 0; 0; 0; 655.6; 
567; 0; 0; 0; 655.8; 
567; 0; 0; 0; 656; 
567; 0; 0; 0; 656.2; 
567; 0; 0; 0; 656.4; 
567; 0; 0; 0; 656.6; 
567; 0; 0; 0; 656.8; 
567; 0; 0; 0; 657; 
567; 0; 0; 0; 657.2; 
567; 0; 0; 0; 657.4; 
567; 0; 0; 0; 657.6; 
567; 0; 0; 0; 657.8; 
567; 0; 0; 0; 658; 
567; 0; 0; 0; 658.2; 
567; 0; 0; 0; 658.4; 
567; 0; 0; 0; 658.6; 
567; 0; 0; 0; 658.8; 
567; 0; 0; 0; 659; 
567; 0; 0; 0; 659.2; 
567; 0; 0; 0; 659.4; 
567; 0; 0; 0; 659.6; 
567; 0; 0; 0; 659.8; 
567; 0; 0; 0; 660; 
567; 0; 0; 0; 660.2; 
567; 0; 0; 0; 660.4; 
567; 0; 0; 0; 660.6; 
567; 0; 0; 0; 660.8; 
567; 0; 0; 0; 661; 
567; 0; 0; 0; 661.2; 
567; 0; 0; 0; 661.4; 
567; 0; 0; 0; 661.6; 
567; 0; 0; 0; 661.8; 
567; 0; 0; 0; 662; 
567; 0; 0; 0; 662.2; 
567; 0; 0; 0; 662.4; 
567; 0; 0; 0; 662.6; 
567; 0; 0; 0; 662.8; 
567; 0; 0; 0; 663; 
567; 0; 0; 0; 663.2; 
567; 0; 0; 0; 663.4; 
567; 0; 0; 0; 663.6; 
567; 0; 0; 0; 663.8; 
567; 0; 0; 0; 664; 
567; 0; 0; 0; 664.2; 
567; 0; 0; 0; 664.4; 
567; 0; 0; 0; 664.6; 
567; 0; 0; 0; 664.8; 
567; 0; 0; 0; 665; 
567; 0; 0; 0; 665.2; 
567; 0; 0; 0; 665.4; 
567; 0; 0; 0; 665.6; 
567; 0; 0; 0; 665.8; 
567; 0; 0; 0; 666; 
567; 0; 0; 0; 666.2; 
567; 0; 0; 0; 666.4; 
567; 0; 0; 0; 666.6; 
567; 0; 0; 0; 666.8; 
567; 0; 0; 0; 667; 
567; 0; 0; 0; 667.2; 
567; 0; 0; 0; 667.4; 
567; 0; 0; 0; 667.6; 
567; 0; 0; 0; 667.8; 
567; 0; 0; 0; 668; 
567; 0; 0; 0; 668.2; 
567; 0; 0; 0; 668.4; 
567; 0; 0; 0; 668.6; 
567; 0; 0; 0; 668.8; 
567; 0; 0; 0; 669; 
567; 0; 0; 0; 669.2; 
567; 0; 0; 0; 669.4; 
567; 0; 0; 0; 669.6; 
567; 0; 0; 0; 669.8; 
567; 0; 0; 0; 670; 
567; 0; 0; 0; 670.2; 
567; 0; 0; 0; 670.4; 
567; 0; 0; 0; 670.6; 
567; 0; 0; 0; 670.8; 
567; 0; 0; 0; 671; 
567; 0; 0; 0; 671.2; 
567; 0; 0; 0; 671.4; 
567; 0; 0; 0; 671.6; 
567; 0; 0; 0; 671.8; 
567; 0; 0; 0; 672; 
567; 0; 0; 0; 672.2; 
567; 0; 0; 0; 672.4; 
567; 0; 0; 0; 672.6; 
567; 0; 0; 0; 672.8; 
567; 0; 0; 0; 673; 
567; 0; 0; 0; 673.2; 
567; 0; 0; 0; 673.4; 
567; 0; 0; 0; 673.6; 
567; 0; 0; 0; 673.8; 
567; 0; 0; 0; 674; 
567; 0; 0; 0; 674.2; 
567; 0; 0; 0; 674.4; 
567; 0; 0; 0; 674.6; 
567; 0; 0; 0; 674.8; 
567; 0; 0; 0; 675; 
567; 0; 0; 0; 675.2; 
567; 0; 0; 0; 675.4; 
567; 0; 0; 0; 675.6; 
567; 0; 0; 0; 675.8; 
567; 0; 0; 0; 676; 
567; 0; 0; 0; 676.2; 
567; 0; 0; 0; 676.4; 
567; 0; 0; 0; 676.6; 
567; 0; 0; 0; 676.8; 
567; 0; 0; 0; 677; 
567; 0; 0; 0; 677.2; 
567; 0; 0; 0; 677.4; 
567; 0; 0; 0; 677.6; 
567; 0; 0; 0; 677.8; 
567; 0; 0; 0; 678; 
567; 0; 0; 0; 678.2; 
567; 0; 0; 0; 678.4; 
567; 0; 0; 0; 678.6; 
567; 0; 0; 0; 678.8; 
567; 0; 0; 0; 679; 
567; 0; 0; 0; 679.2; 
567; 0; 0; 0; 679.4; 
567; 0; 0; 0; 679.6; 
567; 0; 0; 0; 679.8; 
567; 0; 0; 0; 680; 
567; 0; 0; 0; 680.2; 
567; 0; 0; 0; 680.4; 
567; 0; 0; 0; 680.6; 
567; 0; 0; 0; 680.8; 
567; 0; 0; 0; 681; 
567; 0; 0; 0; 681.2; 
567; 0; 0; 0; 681.4; 
567; 0; 0; 0; 681.6; 
567; 0; 0; 0; 681.8; 
567; 0; 0; 0; 682; 
567; 0; 0; 0; 682.2; 
567; 0; 0; 0; 682.4; 
567; 0; 0; 0; 682.6; 
567; 0; 0; 0; 682.8; 
567; 0; 0; 0; 683; 
567; 0; 0; 0; 683.2; 
567; 0; 0; 0; 683.4; 
567; 0; 0; 0; 683.6; 
567; 0; 0; 0; 683.8; 
567; 0; 0; 0; 684; 
567; 0; 0; 0; 684.2; 
567; 0; 0; 0; 684.4; 
567; 0; 0; 0; 684.6; 
567; 0; 0; 0; 684.8; 
567; 0; 0; 0; 685; 
567; 0; 0; 0; 685.2; 
567; 0; 0; 0; 685.4; 
567; 0; 0; 0; 685.6; 
567; 0; 0; 0; 685.8; 
567; 0; 0; 0; 686; 
567; 0; 0; 0; 686.2; 
567; 0; 0; 0; 686.4; 
567; 0; 0; 0; 686.6; 
567; 0; 0; 0; 686.8; 
567; 0; 0; 0; 687; 
567; 0; 0; 0; 687.2; 
567; 0; 0; 0; 687.4; 
567; 0; 0; 0; 687.6; 
567; 0; 0; 0; 687.8; 
567; 0; 0; 0; 688; 
567; 0; 0; 0; 688.2; 
567; 0; 0; 0; 688.4; 
567; 0; 0; 0; 688.6; 
567; 0; 0; 0; 688.8; 
567; 0; 0; 0; 689; 
567; 0; 0; 0; 689.2; 
567; 0; 0; 0; 689.4; 
567; 0; 0; 0; 689.6; 
567; 0; 0; 0; 689.8; 
567; 0; 0; 0; 690; 
567; 0; 0; 0; 690.2; 
567; 0; 0; 0; 690.4; 
567; 0; 0; 0; 690.6; 
567; 0; 0; 0; 690.8; 
567; 0; 0; 0; 691; 
567; 0; 0; 0; 691.2; 
567; 0; 0; 0; 691.4; 
567; 0; 0; 0; 691.6; 
567; 0; 0; 0; 691.8; 
567; 0; 0; 0; 692; 
567; 0; 0; 0; 692.2; 
567; 0; 0; 0; 692.4; 
567; 0; 0; 0; 692.6; 
567; 0; 0; 0; 692.8; 
567; 0; 0; 0; 693; 
567; 0; 0; 0; 693.2; 
567; 0; 0; 0; 693.4; 
567; 0; 0; 0; 693.6; 
567; 0; 0; 0; 693.8; 
567; 0; 0; 0; 694; 
567; 0; 0; 0; 694.2; 
567; 0; 0; 0; 694.4; 
567; 0; 0; 0; 694.6; 
567; 0; 0; 0; 694.8; 
567; 0; 0; 0; 695; 
567; 0; 0; 0; 695.2; 
567; 0; 0; 0; 695.4; 
567; 0; 0; 0; 695.6; 
567; 0; 0; 0; 695.8; 
567; 0; 0; 0; 696; 
567; 0; 0; 0; 696.2; 
567; 0; 0; 0; 696.4; 
567; 0; 0; 0; 696.6; 
567; 0; 0; 0; 696.8; 
567; 0; 0; 0; 697; 
567; 0; 0; 0; 697.2; 
567; 0; 0; 0; 697.4; 
567; 0; 0; 0; 697.6; 
567; 0; 0; 0; 697.8; 
567; 0; 0; 0; 698; 
567; 0; 0; 0; 698.2; 
567; 0; 0; 0; 698.4; 
567; 0; 0; 0; 698.6; 
567; 0; 0; 0; 698.8; 
567; 0; 0; 0; 699; 
567; 0; 0; 0; 699.2; 
567; 0; 0; 0; 699.4; 
567; 0; 0; 0; 699.6; 
567; 0; 0; 0; 699.8; 
567; 0; 0; 0; 700; 
567; 0; 0; 0; 700.2; 
567; 0; 0; 0; 700.4; 
567; 0; 0; 0; 700.6; 
567; 0; 0; 0; 700.8; 
567; 0; 0; 0; 701; 
567; 0; 0; 0; 701.2; 
567; 0; 0; 0; 701.4; 
567; 0; 0; 0; 701.6; 
567; 0; 0; 0; 701.8; 
567; 0; 0; 0; 702; 
567; 0; 0; 0; 702.2; 
567; 0; 0; 0; 702.4; 
567; 0; 0; 0; 702.6; 
567; 0; 0; 0; 702.8; 
567; 0; 0; 0; 703; 
567; 0; 0; 0; 703.2; 
567; 0; 0; 0; 703.4; 
567; 0; 0; 0; 703.6; 
567; 0; 0; 0; 703.8; 
567; 0; 0; 0; 704; 
567; 0; 0; 0; 704.2; 
567; 0; 0; 0; 704.4; 
567; 0; 0; 0; 704.6; 
567; 0; 0; 0; 704.8; 
567; 0; 0; 0; 705; 
567; 0; 0; 0; 705.2; 
567; 0; 0; 0; 705.4; 
567; 0; 0; 0; 705.6; 
567; 0; 0; 0; 705.8; 
567; 0; 0; 0; 706; 
567; 0; 0; 0; 706.2; 
567; 0; 0; 0; 706.4; 
567; 0; 0; 0; 706.6; 
567; 0; 0; 0; 706.8; 
567; 0; 0; 0; 707; 
567; 0; 0; 0; 707.2; 
567; 0; 0; 0; 707.4; 
567; 0; 0; 0; 707.6; 
567; 0; 0; 0; 707.8; 
567; 0; 0; 0; 708; 
567; 0; 0; 0; 708.2; 
567; 0; 0; 0; 708.4; 
567; 0; 0; 0; 708.6; 
567; 0; 0; 0; 708.8; 
567; 0; 0; 0; 709; 
567; 0; 0; 0; 709.2; 
567; 0; 0; 0; 709.4; 
567; 0; 0; 0; 709.6; 
567; 0; 0; 0; 709.8; 
567; 0; 0; 0; 710; 
567; 0; 0; 0; 710.2; 
567; 0; 0; 0; 710.4; 
567; 0; 0; 0; 710.6; 
567; 0; 0; 0; 710.8; 
567; 0; 0; 0; 711; 
567; 0; 0; 0; 711.2; 
567; 0; 0; 0; 711.4; 
567; 0; 0; 0; 711.6; 
567; 0; 0; 0; 711.8; 
567; 0; 0; 0; 712; 
567; 0; 0; 0; 712.2; 
567; 0; 0; 0; 712.4; 
567; 0; 0; 0; 712.6; 
567; 0; 0; 0; 712.8; 
567; 0; 0; 0; 713; 
567; 0; 0; 0; 713.2; 
567; 0; 0; 0; 713.4; 
567; 0; 0; 0; 713.6; 
567; 0; 0; 0; 713.8; 
567; 0; 0; 0; 714; 
567; 0; 0; 0; 714.2; 
567; 0; 0; 0; 714.4; 
567; 0; 0; 0; 714.6; 
567; 0; 0; 0; 714.8; 
567; 0; 0; 0; 715; 
567; 0; 0; 0; 715.2; 
567; 0; 0; 0; 715.4; 
567; 0; 0; 0; 715.6; 
567; 0; 0; 0; 715.8; 
567; 0; 0; 0; 716; 
567; 0; 0; 0; 716.2; 
567; 0; 0; 0; 716.4; 
567; 0; 0; 0; 716.6; 
567; 0; 0; 0; 716.8; 
567; 0; 0; 0; 717; 
567; 0; 0; 0; 717.2; 
567; 0; 0; 0; 717.4; 
567; 0; 0; 0; 717.6; 
567; 0; 0; 0; 717.8; 
567; 0; 0; 0; 718; 
567; 0; 0; 0; 718.2; 
567; 0; 0; 0; 718.4; 
567; 0; 0; 0; 718.6; 
567; 0; 0; 0; 718.8; 
567; 0; 0; 0; 719; 
567; 0; 0; 0; 719.2; 
567; 0; 0; 0; 719.4; 
567; 0; 0; 0; 719.6; 
567; 0; 0; 0; 719.8; 
567; 0; 0; 0; 720; 
567; 0; 0; 0; 720.2; 
567; 0; 0; 0; 720.4; 
567; 0; 0; 0; 720.6; 
567; 0; 0; 0; 720.8; 
567; 0; 0; 0; 721; 
567; 0; 0; 0; 721.2; 
567; 0; 0; 0; 721.4; 
567; 0; 0; 0; 721.6; 
567; 0; 0; 0; 721.8; 
567; 0; 0; 0; 722; 
567; 0; 0; 0; 722.2; 
567; 0; 0; 0; 722.4; 
567; 0; 0; 0; 722.6; 
567; 0; 0; 0; 722.8; 
567; 0; 0; 0; 723; 
567; 0; 0; 0; 723.2; 
567; 0; 0; 0; 723.4; 
567; 0; 0; 0; 723.6; 
567; 0; 0; 0; 723.8; 
567; 0; 0; 0; 724; 
567; 0; 0; 0; 724.2; 
567; 0; 0; 0; 724.4; 
567; 0; 0; 0; 724.6; 
567; 0; 0; 0; 724.8; 
567; 0; 0; 0; 725; 
567; 0; 0; 0; 725.2; 
567; 0; 0; 0; 725.4; 
567; 0; 0; 0; 725.6; 
567; 0; 0; 0; 725.8; 
567; 0; 0; 0; 726; 
567; 0; 0; 0; 726.2; 
567; 0; 0; 0; 726.4; 
567; 0; 0; 0; 726.6; 
567; 0; 0; 0; 726.8; 
567; 0; 0; 0; 727; 
567; 0; 0; 0; 727.2; 
567; 0; 0; 0; 727.4; 
567; 0; 0; 0; 727.6; 
567; 0; 0; 0; 727.8; 
567; 0; 0; 0; 728; 
567; 0; 0; 0; 728.2; 
567; 0; 0; 0; 728.4; 
567; 0; 0; 0; 728.6; 
567; 0; 0; 0; 728.8; 
567; 0; 0; 0; 729; 
567; 0; 0; 0; 729.2; 
567; 0; 0; 0; 729.4; 
567; 0; 0; 0; 729.6; 
567; 0; 0; 0; 729.8; 
567; 0; 0; 0; 730; 
567; 0; 0; 0; 730.2; 
567; 0; 0; 0; 730.4; 
567; 0; 0; 0; 730.6; 
567; 0; 0; 0; 730.8; 
567; 0; 0; 0; 731; 
567; 0; 0; 0; 731.2; 
567; 0; 0; 0; 731.4; 
567; 0; 0; 0; 731.6; 
567; 0; 0; 0; 731.8; 
567; 0; 0; 0; 732; 
567; 0; 0; 0; 732.2; 
567; 0; 0; 0; 732.4; 
567; 0; 0; 0; 732.6; 
567; 0; 0; 0; 732.8; 
567; 0; 0; 0; 733; 
567; 0; 0; 0; 733.2; 
567; 0; 0; 0; 733.4; 
567; 0; 0; 0; 733.6; 
567; 0; 0; 0; 733.8; 
567; 0; 0; 0; 734; 
567; 0; 0; 0; 734.2; 
567; 0; 0; 0; 734.4; 
567; 0; 0; 0; 734.6; 
567; 0; 0; 0; 734.8; 
567; 0; 0; 0; 735; 
567; 0; 0; 0; 735.2; 
567; 0; 0; 0; 735.4; 
567; 0; 0; 0; 735.6; 
567; 0; 0; 0; 735.8; 
567; 0; 0; 0; 736; 
567; 0; 0; 0; 736.2; 
567; 0; 0; 0; 736.4; 
567; 0; 0; 0; 736.6; 
567; 0; 0; 0; 736.8; 
567; 0; 0; 0; 737; 
567; 0; 0; 0; 737.2; 
567; 0; 0; 0; 737.4; 
567; 0; 0; 0; 737.6; 
567; 0; 0; 0; 737.8; 
567; 0; 0; 0; 738; 
567; 0; 0; 0; 738.2; 
567; 0; 0; 0; 738.4; 
567; 0; 0; 0; 738.6; 
567; 0; 0; 0; 738.8; 
567; 0; 0; 0; 739; 
567; 0; 0; 0; 739.2; 
567; 0; 0; 0; 739.4; 
567; 0; 0; 0; 739.6; 
567; 0; 0; 0; 739.8; 
567; 0; 0; 0; 740; 
567; 0; 0; 0; 740.2; 
567; 0; 0; 0; 740.4; 
567; 0; 0; 0; 740.6; 
567; 0; 0; 0; 740.8; 
567; 0; 0; 0; 741; 
567; 0; 0; 0; 741.2; 
567; 0; 0; 0; 741.4; 
567; 0; 0; 0; 741.6; 
567; 0; 0; 0; 741.8; 
567; 0; 0; 0; 742; 
567; 0; 0; 0; 742.2; 
567; 0; 0; 0; 742.4; 
567; 0; 0; 0; 742.6; 
567; 0; 0; 0; 742.8; 
567; 0; 0; 0; 743; 
567; 0; 0; 0; 743.2; 
567; 0; 0; 0; 743.4; 
567; 0; 0; 0; 743.6; 
567; 0; 0; 0; 743.8; 
567; 0; 0; 0; 744; 
567; 0; 0; 0; 744.2; 
567; 0; 0; 0; 744.4; 
567; 0; 0; 0; 744.6; 
567; 0; 0; 0; 744.8; 
567; 0; 0; 0; 745; 
567; 0; 0; 0; 745.2; 
567; 0; 0; 0; 745.4; 
567; 0; 0; 0; 745.6; 
567; 0; 0; 0; 745.8; 
567; 0; 0; 0; 746; 
567; 0; 0; 0; 746.2; 
567; 0; 0; 0; 746.4; 
567; 0; 0; 0; 746.6; 
567; 0; 0; 0; 746.8; 
567; 0; 0; 0; 747; 
567; 0; 0; 0; 747.2; 
567; 0; 0; 0; 747.4; 
567; 0; 0; 0; 747.6; 
567; 0; 0; 0; 747.8; 
567; 0; 0; 0; 748; 
567; 0; 0; 0; 748.2; 
567; 0; 0; 0; 748.4; 
567; 0; 0; 0; 748.6; 
567; 0; 0; 0; 748.8; 
567; 0; 0; 0; 749; 
567; 0; 0; 0; 749.2; 
567; 0; 0; 0; 749.4; 
567; 0; 0; 0; 749.6; 
567; 0; 0; 0; 749.8; 
567; 0; 0; 0; 750; 
567; 0; 0; 0; 750.2; 
567; 0; 0; 0; 750.4; 
567; 0; 0; 0; 750.6; 
567; 0; 0; 0; 750.8; 
567; 0; 0; 0; 751; 
567; 0; 0; 0; 751.2; 
567; 0; 0; 0; 751.4; 
567; 0; 0; 0; 751.6; 
567; 0; 0; 0; 751.8; 
567; 0; 0; 0; 752; 
567; 0; 0; 0; 752.2; 
567; 0; 0; 0; 752.4; 
567; 0; 0; 0; 752.6; 
567; 0; 0; 0; 752.8; 
567; 0; 0; 0; 753; 
567; 0; 0; 0; 753.2; 
567; 0; 0; 0; 753.4; 
567; 0; 0; 0; 753.6; 
567; 0; 0; 0; 753.8; 
567; 0; 0; 0; 754; 
567; 0; 0; 0; 754.2; 
567; 0; 0; 0; 754.4; 
567; 0; 0; 0; 754.6; 
567; 0; 0; 0; 754.8; 
567; 0; 0; 0; 755; 
567; 0; 0; 0; 755.2; 
567; 0; 0; 0; 755.4; 
567; 0; 0; 0; 755.6; 
567; 0; 0; 0; 755.8; 
567; 0; 0; 0; 756; 
567; 0; 0; 0; 756.2; 
567; 0; 0; 0; 756.4; 
567; 0; 0; 0; 756.6; 
567; 0; 0; 0; 756.8; 
567; 0; 0; 0; 757; 
567; 0; 0; 0; 757.2; 
567; 0; 0; 0; 757.4; 
567; 0; 0; 0; 757.6; 
567; 0; 0; 0; 757.8; 
567; 0; 0; 0; 758; 
567; 0; 0; 0; 758.2; 
567; 0; 0; 0; 758.4; 
567; 0; 0; 0; 758.6; 
567; 0; 0; 0; 758.8; 
567; 0; 0; 0; 759; 
567; 0; 0; 0; 759.2; 
567; 0; 0; 0; 759.4; 
567; 0; 0; 0; 759.6; 
567; 0; 0; 0; 759.8; 
567; 0; 0; 0; 760; 
567; 0; 0; 0; 760.2; 
567; 0; 0; 0; 760.4; 
567; 0; 0; 0; 760.6; 
567; 0; 0; 0; 760.8; 
567; 0; 0; 0; 761; 
567; 0; 0; 0; 761.2; 
567; 0; 0; 0; 761.4; 
567; 0; 0; 0; 761.6; 
567; 0; 0; 0; 761.8; 
567; 0; 0; 0; 762; 
567; 0; 0; 0; 762.2; 
567; 0; 0; 0; 762.4; 
567; 0; 0; 0; 762.6; 
567; 0; 0; 0; 762.8; 
567; 0; 0; 0; 763; 
567; 0; 0; 0; 763.2; 
567; 0; 0; 0; 763.4; 
567; 0; 0; 0; 763.6; 
567; 0; 0; 0; 763.8; 
567; 0; 0; 0; 764; 
567; 0; 0; 0; 764.2; 
567; 0; 0; 0; 764.4; 
567; 0; 0; 0; 764.6; 
567; 0; 0; 0; 764.8; 
567; 0; 0; 0; 765; 
567; 0; 0; 0; 765.2; 
567; 0; 0; 0; 765.4; 
567; 0; 0; 0; 765.6; 
567; 0; 0; 0; 765.8; 
567; 0; 0; 0; 766; 
567; 0; 0; 0; 766.2; 
567; 0; 0; 0; 766.4; 
567; 0; 0; 0; 766.6; 
567; 0; 0; 0; 766.8; 
567; 0; 0; 0; 767; 
567; 0; 0; 0; 767.2; 
567; 0; 0; 0; 767.4; 
567; 0; 0; 0; 767.6; 
567; 0; 0; 0; 767.8; 
567; 0; 0; 0; 768; 
567; 0; 0; 0; 768.2; 
567; 0; 0; 0; 768.4; 
567; 0; 0; 0; 768.6; 
567; 0; 0; 0; 768.8; 
567; 0; 0; 0; 769; 
567; 0; 0; 0; 769.2; 
567; 0; 0; 0; 769.4; 
567; 0; 0; 0; 769.6; 
567; 0; 0; 0; 769.8; 
567; 0; 0; 0; 770; 
567; 0; 0; 0; 770.2; 
567; 0; 0; 0; 770.4; 
567; 0; 0; 0; 770.6; 
567; 0; 0; 0; 770.8; 
567; 0; 0; 0; 771; 
567; 0; 0; 0; 771.2; 
567; 0; 0; 0; 771.4; 
567; 0; 0; 0; 771.6; 
567; 0; 0; 0; 771.8; 
567; 0; 0; 0; 772; 
567; 0; 0; 0; 772.2; 
567; 0; 0; 0; 772.4; 
567; 0; 0; 0; 772.6; 
567; 0; 0; 0; 772.8; 
567; 0; 0; 0; 773; 
567; 0; 0; 0; 773.2; 
567; 0; 0; 0; 773.4; 
567; 0; 0; 0; 773.6; 
567; 0; 0; 0; 773.8; 
567; 0; 0; 0; 774; 
567; 0; 0; 0; 774.2; 
567; 0; 0; 0; 774.4; 
567; 0; 0; 0; 774.6; 
567; 0; 0; 0; 774.8; 
567; 0; 0; 0; 775; 
567; 0; 0; 0; 775.2; 
567; 0; 0; 0; 775.4; 
567; 0; 0; 0; 775.6; 
567; 0; 0; 0; 775.8; 
567; 0; 0; 0; 776; 
567; 0; 0; 0; 776.2; 
567; 0; 0; 0; 776.4; 
567; 0; 0; 0; 776.6; 
567; 0; 0; 0; 776.8; 
567; 0; 0; 0; 777; 
567; 0; 0; 0; 777.2; 
567; 0; 0; 0; 777.4; 
567; 0; 0; 0; 777.6; 
567; 0; 0; 0; 777.8; 
567; 0; 0; 0; 778; 
567; 0; 0; 0; 778.2; 
567; 0; 0; 0; 778.4; 
567; 0; 0; 0; 778.6; 
567; 0; 0; 0; 778.8; 
567; 0; 0; 0; 779; 
567; 0; 0; 0; 779.2; 
567; 0; 0; 0; 779.4; 
567; 0; 0; 0; 779.6; 
567; 0; 0; 0; 779.8; 
567; 0; 0; 0; 780; 
567; 0; 0; 0; 780.2; 
567; 0; 0; 0; 780.4; 
567; 0; 0; 0; 780.6; 
567; 0; 0; 0; 780.8; 
567; 0; 0; 0; 781; 
567; 0; 0; 0; 781.2; 
567; 0; 0; 0; 781.4; 
567; 0; 0; 0; 781.6; 
567; 0; 0; 0; 781.8; 
567; 0; 0; 0; 782; 
567; 0; 0; 0; 782.2; 
567; 0; 0; 0; 782.4; 
567; 0; 0; 0; 782.6; 
567; 0; 0; 0; 782.8; 
567; 0; 0; 0; 783; 
567; 0; 0; 0; 783.2; 
567; 0; 0; 0; 783.4; 
567; 0; 0; 0; 783.6; 
567; 0; 0; 0; 783.8; 
567; 0; 0; 0; 784; 
567; 0; 0; 0; 784.2; 
567; 0; 0; 0; 784.4; 
567; 0; 0; 0; 784.6; 
567; 0; 0; 0; 784.8; 
567; 0; 0; 0; 785; 
567; 0; 0; 0; 785.2; 
567; 0; 0; 0; 785.4; 
567; 0; 0; 0; 785.6; 
567; 0; 0; 0; 785.8; 
567; 0; 0; 0; 786; 
567; 0; 0; 0; 786.2; 
567; 0; 0; 0; 786.4; 
567; 0; 0; 0; 786.6; 
567; 0; 0; 0; 786.8; 
567; 0; 0; 0; 787; 
567; 0; 0; 0; 787.2; 
567; 0; 0; 0; 787.4; 
567; 0; 0; 0; 787.6; 
567; 0; 0; 0; 787.8; 
567; 0; 0; 0; 788; 
567; 0; 0; 0; 788.2; 
567; 0; 0; 0; 788.4; 
567; 0; 0; 0; 788.6; 
567; 0; 0; 0; 788.8; 
567; 0; 0; 0; 789; 
567; 0; 0; 0; 789.2; 
567; 0; 0; 0; 789.4; 
567; 0; 0; 0; 789.6; 
567; 0; 0; 0; 789.8; 
567; 0; 0; 0; 790; 
567; 0; 0; 0; 790.2; 
567; 0; 0; 0; 790.4; 
567; 0; 0; 0; 790.6; 
567; 0; 0; 0; 790.8; 
567; 0; 0; 0; 791; 
567; 0; 0; 0; 791.2; 
567; 0; 0; 0; 791.4; 
567; 0; 0; 0; 791.6; 
567; 0; 0; 0; 791.8; 
567; 0; 0; 0; 792; 
567; 0; 0; 0; 792.2; 
567; 0; 0; 0; 792.4; 
567; 0; 0; 0; 792.6; 
567; 0; 0; 0; 792.8; 
567; 0; 0; 0; 793; 
567; 0; 0; 0; 793.2; 
567; 0; 0; 0; 793.4; 
567; 0; 0; 0; 793.6; 
567; 0; 0; 0; 793.8; 
567; 0; 0; 0; 794; 
567; 0; 0; 0; 794.2; 
567; 0; 0; 0; 794.4; 
567; 0; 0; 0; 794.6; 
567; 0; 0; 0; 794.8; 
567; 0; 0; 0; 795; 
567; 0; 0; 0; 795.2; 
567; 0; 0; 0; 795.4; 
567; 0; 0; 0; 795.6; 
567; 0; 0; 0; 795.8; 
567; 0; 0; 0; 796; 
567; 0; 0; 0; 796.2; 
567; 0; 0; 0; 796.4; 
567; 0; 0; 0; 796.6; 
567; 0; 0; 0; 796.8; 
567; 0; 0; 0; 797; 
567; 0; 0; 0; 797.2; 
567; 0; 0; 0; 797.4; 
567; 0; 0; 0; 797.6; 
567; 0; 0; 0; 797.8; 
567; 0; 0; 0; 798; 
567; 0; 0; 0; 798.2; 
567; 0; 0; 0; 798.4; 
567; 0; 0; 0; 798.6; 
567; 0; 0; 0; 798.8; 
567; 0; 0; 0; 799; 
567; 0; 0; 0; 799.2; 
567; 0; 0; 0; 799.4; 
567; 0; 0; 0; 799.6; 
567; 0; 0; 0; 799.8; 
567; 0; 0; 0; 800; 
567; 0; 0; 0; 800.2; 
567; 0; 0; 0; 800.4; 
567; 0; 0; 0; 800.6; 
567; 0; 0; 0; 800.8; 
567; 0; 0; 0; 801; 
567; 0; 0; 0; 801.2; 
567; 0; 0; 0; 801.4; 
567; 0; 0; 0; 801.6; 
567; 0; 0; 0; 801.8; 
567; 0; 0; 0; 802; 
567; 0; 0; 0; 802.2; 
567; 0; 0; 0; 802.4; 
567; 0; 0; 0; 802.6; 
567; 0; 0; 0; 802.8; 
567; 0; 0; 0; 803; 
567; 0; 0; 0; 803.2; 
567; 0; 0; 0; 803.4; 
567; 0; 0; 0; 803.6; 
567; 0; 0; 0; 803.8; 
567; 0; 0; 0; 804; 
567; 0; 0; 0; 804.2; 
567; 0; 0; 0; 804.4; 
567; 0; 0; 0; 804.6; 
567; 0; 0; 0; 804.8; 
567; 0; 0; 0; 805; 
567; 0; 0; 0; 805.2; 
567; 0; 0; 0; 805.4; 
567; 0; 0; 0; 805.6; 
567; 0; 0; 0; 805.8; 
567; 0; 0; 0; 806; 
567; 0; 0; 0; 806.2; 
567; 0; 0; 0; 806.4; 
567; 0; 0; 0; 806.6; 
567; 0; 0; 0; 806.8; 
567; 0; 0; 0; 807; 
567; 0; 0; 0; 807.2; 
567; 0; 0; 0; 807.4; 
567; 0; 0; 0; 807.6; 
567; 0; 0; 0; 807.8; 
567; 0; 0; 0; 808; 
567; 0; 0; 0; 808.2; 
567; 0; 0; 0; 808.4; 
567; 0; 0; 0; 808.6; 
567; 0; 0; 0; 808.8; 
567; 0; 0; 0; 809; 
567; 0; 0; 0; 809.2; 
567; 0; 0; 0; 809.4; 
567; 0; 0; 0; 809.6; 
567; 0; 0; 0; 809.8; 
567; 0; 0; 0; 810; 
567; 0; 0; 0; 810.2; 
567; 0; 0; 0; 810.4; 
567; 0; 0; 0; 810.6; 
567; 0; 0; 0; 810.8; 
567; 0; 0; 0; 811; 
567; 0; 0; 0; 811.2; 
567; 0; 0; 0; 811.4; 
567; 0; 0; 0; 811.6; 
567; 0; 0; 0; 811.8; 
567; 0; 0; 0; 812; 
567; 0; 0; 0; 812.2; 
567; 0; 0; 0; 812.4; 
567; 0; 0; 0; 812.6; 
567; 0; 0; 0; 812.8; 
567; 0; 0; 0; 813; 
567; 0; 0; 0; 813.2; 
567; 0; 0; 0; 813.4; 
567; 0; 0; 0; 813.6; 
567; 0; 0; 0; 813.8; 
567; 0; 0; 0; 814; 
567; 0; 0; 0; 814.2; 
567; 0; 0; 0; 814.4; 
567; 0; 0; 0; 814.6; 
567; 0; 0; 0; 814.8; 
567; 0; 0; 0; 815; 
567; 0; 0; 0; 815.2; 
567; 0; 0; 0; 815.4; 
567; 0; 0; 0; 815.6; 
567; 0; 0; 0; 815.8; 
567; 0; 0; 0; 816; 
567; 0; 0; 0; 816.2; 
567; 0; 0; 0; 816.4; 
567; 0; 0; 0; 816.6; 
567; 0; 0; 0; 816.8; 
567; 0; 0; 0; 817; 
567; 0; 0; 0; 817.2; 
567; 0; 0; 0; 817.4; 
567; 0; 0; 0; 817.6; 
567; 0; 0; 0; 817.8; 
567; 0; 0; 0; 818; 
567; 0; 0; 0; 818.2; 
567; 0; 0; 0; 818.4; 
567; 0; 0; 0; 818.6; 
567; 0; 0; 0; 818.8; 
567; 0; 0; 0; 819; 
567; 0; 0; 0; 819.2; 
567; 0; 0; 0; 819.4; 
567; 0; 0; 0; 819.6; 
567; 0; 0; 0; 819.8; 
567; 0; 0; 0; 820; 
567; 0; 0; 0; 820.2; 
567; 0; 0; 0; 820.4; 
567; 0; 0; 0; 820.6; 
567; 0; 0; 0; 820.8; 
567; 0; 0; 0; 821; 
567; 0; 0; 0; 821.2; 
567; 0; 0; 0; 821.4; 
567; 0; 0; 0; 821.6; 
567; 0; 0; 0; 821.8; 
567; 0; 0; 0; 822; 
567; 0; 0; 0; 822.2; 
567; 0; 0; 0; 822.4; 
567; 0; 0; 0; 822.6; 
567; 0; 0; 0; 822.8; 
567; 0; 0; 0; 823; 
567; 0; 0; 0; 823.2; 
567; 0; 0; 0; 823.4; 
567; 0; 0; 0; 823.6; 
567; 0; 0; 0; 823.8; 
567; 0; 0; 0; 824; 
567; 0; 0; 0; 824.2; 
