567; 0; 0; 170; 0; 
567; 0; 0; 170; 0.2; 
567; 0; 0; 170; 0.4; 
567; 0; 0; 170; 0.6; 
567; 0; 0; 170; 0.8; 
567; 0; 0; 170; 1; 
567; 0; 0; 170; 1.2; 
567; 0; 0; 170; 1.4; 
567; 0; 0; 170; 1.6; 
567; 0; 0; 170; 1.8; 
567; 0; 0; 170; 2; 
567; 0; 0; 170; 2.2; 
567; 0; 0; 170; 2.4; 
567; 0; 0; 170; 2.6; 
567; 0; 0; 170; 2.8; 
567; 0; 0; 170; 3; 
567; 0; 0; 170; 3.2; 
567; 0; 0; 170; 3.4; 
567; 0; 0; 170; 3.6; 
567; 0; 0; 170; 3.8; 
567; 0; 0; 170; 4; 
567; 0; 0; 170; 4.2; 
567; 0; 0; 170; 4.4; 
567; 0; 0; 170; 4.6; 
567; 0; 0; 170; 4.8; 
567; 0; 0; 170; 5; 
567; 0; 0; 170; 5.2; 
567; 0; 0; 170; 5.4; 
567; 0; 0; 170; 5.6; 
567; 0; 0; 170; 5.8; 
567; 0; 0; 170; 6; 
567; 0; 0; 170; 6.2; 
567; 0; 0; 170; 6.4; 
567; 0; 0; 170; 6.6; 
567; 0; 0; 170; 6.8; 
567; 0; 0; 170; 7; 
567; 0; 0; 170; 7.2; 
567; 0; 0; 170; 7.4; 
567; 0; 0; 170; 7.6; 
567; 0; 0; 170; 7.8; 
567; 0; 0; 170; 8; 
567; 0; 0; 170; 8.2; 
567; 0; 0; 170; 8.4; 
567; 0; 0; 170; 8.6; 
567; 0; 0; 170; 8.8; 
567; 0; 0; 170; 9; 
567; 0; 0; 170; 9.2; 
567; 0; 0; 170; 9.4; 
567; 0; 0; 170; 9.6; 
567; 0; 0; 170; 9.8; 
567; 0; 0; 170; 10; 
567; 0; 0; 170; 10.2; 
567; 0; 0; 170; 10.4; 
567; 0; 0; 170; 10.6; 
567; 0; 0; 170; 10.8; 
567; 0; 0; 170; 11; 
567; 0; 0; 170; 11.2; 
567; 0; 0; 170; 11.4; 
567; 0; 0; 170; 11.6; 
567; 0; 0; 170; 11.8; 
567; 0; 0; 170; 12; 
567; 0; 0; 170; 12.2; 
567; 0; 0; 170; 12.4; 
567; 0; 0; 170; 12.6; 
567; 0; 0; 170; 12.8; 
567; 0; 0; 170; 13; 
567; 0; 0; 170; 13.2; 
567; 0; 0; 170; 13.4; 
567; 0; 0; 170; 13.6; 
567; 0; 0; 170; 13.8; 
567; 0; 0; 170; 14; 
567; 0; 0; 170; 14.2; 
567; 0; 0; 170; 14.4; 
567; 0; 0; 170; 14.6; 
567; 0; 0; 170; 14.8; 
567; 0; 0; 170; 15; 
567; 0; 0; 170; 15.2; 
567; 0; 0; 170; 15.4; 
567; 0; 0; 170; 15.6; 
567; 0; 0; 170; 15.8; 
567; 0; 0; 170; 16; 
567; 0; 0; 170; 16.2; 
567; 0; 0; 170; 16.4; 
567; 0; 0; 170; 16.6; 
567; 0; 0; 170; 16.8; 
567; 0; 0; 170; 17; 
567; 0; 0; 170; 17.2; 
567; 0; 0; 170; 17.4; 
567; 0; 0; 170; 17.6; 
567; 0; 0; 170; 17.8; 
567; 0; 0; 170; 18; 
567; 0; 0; 170; 18.2; 
567; 0; 0; 170; 18.4; 
567; 0; 0; 170; 18.6; 
567; 0; 0; 170; 18.8; 
567; 0; 0; 170; 19; 
567; 0; 0; 170; 19.2; 
567; 0; 0; 170; 19.4; 
567; 0; 0; 170; 19.6; 
567; 0; 0; 170; 19.8; 
567; 0; 0; 170; 20; 
567; 0; 0; 170; 20.2; 
567; 0; 0; 170; 20.4; 
567; 0; 0; 170; 20.6; 
567; 0; 0; 170; 20.8; 
567; 0; 0; 170; 21; 
567; 0; 0; 170; 21.2; 
567; 0; 0; 170; 21.4; 
567; 0; 0; 170; 21.6; 
567; 0; 0; 170; 21.8; 
567; 0; 0; 170; 22; 
567; 0; 0; 170; 22.2; 
567; 0; 0; 170; 22.4; 
567; 0; 0; 170; 22.6; 
567; 0; 0; 170; 22.8; 
567; 0; 0; 170; 23; 
567; 0; 0; 170; 23.2; 
567; 0; 0; 170; 23.4; 
567; 0; 0; 170; 23.6; 
567; 0; 2423.666; 170; 23.8; 
567; 0; 2423.666; 170; 24; 
567; 0; 2423.666; 170; 24.2; 
567; 0; 2423.666; 170; 24.4; 
567; 0; 2423.666; 170; 24.6; 
567; 0; 2423.666; 170; 24.8; 
567; 0; 2423.666; 170; 25; 
567; 0; 2423.666; 170; 25.2; 
567; 0; 2423.666; 170; 25.4; 
567; 0; 2423.666; 170; 25.6; 
567; 0; 2423.666; 170; 25.8; 
567; 0; 2423.666; 170; 26; 
567; 0; 2423.666; 170; 26.2; 
567; 0; 2423.666; 170; 26.4; 
567; 0; 2423.666; 170; 26.6; 
567; 0; 2423.666; 170; 26.8; 
567; 0; 2423.666; 170; 27; 
567; 0; 2423.666; 170; 27.2; 
567; 0; 2423.666; 170; 27.4; 
567; 0; 2423.666; 170; 27.6; 
567; 0; 2423.666; 170; 27.8; 
567; 0; 2423.666; 170; 28; 
567; 0; 2423.666; 170; 28.2; 
567; 0; 2423.666; 170; 28.4; 
567; 0; 2423.666; 170; 28.6; 
567; 0; 2423.666; 170; 28.8; 
567; 0; 2423.666; 170; 29; 
567; 0; 2423.666; 170; 29.2; 
567; 0; 2423.666; 170; 29.4; 
567; 0; 2423.666; 170; 29.6; 
567; 0; 2423.666; 170; 29.8; 
567; 0; 2423.666; 170; 30; 
567; 0; 2423.666; 170; 30.2; 
567; 0; 2423.666; 170; 30.4; 
567; 0; 2423.666; 170; 30.6; 
567; 0; 2423.666; 170; 30.8; 
567; 0; 2423.666; 170; 31; 
567; 0; 2423.666; 170; 31.2; 
567; 0; 2423.666; 170; 31.4; 
567; 0; 2423.666; 170; 31.6; 
567; 0; 2423.666; 170; 31.8; 
567; 0; 2423.666; 170; 32; 
567; 0; 2423.666; 170; 32.2; 
567; 0; 2423.666; 170; 32.4; 
567; 0; 2423.666; 170; 32.6; 
567; 0; 2423.666; 170; 32.8; 
567; 0; 2423.666; 170; 33; 
567; 0; 2423.666; 170; 33.2; 
567; 0; 2423.666; 170; 33.4; 
567; 0; 2423.666; 170; 33.6; 
567; 0; 2423.666; 170; 33.8; 
567; 0; 2423.666; 170; 34; 
567; 0; 2423.666; 170; 34.2; 
567; 0; 2423.666; 170; 34.4; 
567; 0; 2423.666; 170; 34.6; 
567; 0; 2423.666; 170; 34.8; 
567; 0; 2423.666; 170; 35; 
567; 0; 2423.666; 170; 35.2; 
567; 0; 2423.666; 170; 35.4; 
567; 0; 2423.666; 170; 35.6; 
567; 0; 2423.666; 170; 35.8; 
567; 0; 2423.666; 170; 36; 
567; 0; 2423.666; 170; 36.2; 
567; 0; 2423.666; 170; 36.4; 
567; 0; 2423.666; 170; 36.6; 
567; 0; 2423.666; 170; 36.8; 
567; 0; 2423.666; 170; 37; 
567; 0; 2423.666; 170; 37.2; 
567; 0; 2423.666; 170; 37.4; 
567; 0; 2423.666; 170; 37.6; 
567; 0; 2423.666; 170; 37.8; 
567; 0; 2423.666; 170; 38; 
567; 0; 2423.666; 170; 38.2; 
567; 0; 2423.666; 170; 38.4; 
567; 0; 2423.666; 170; 38.6; 
567; 0; 2423.666; 170; 38.8; 
567; 0; 2441.9542; 170; 39; 
567; 0; 2478.5162; 170; 39.2; 
567; 0; 2531.683; 170; 39.4; 
567; 0; 2700.5508; 170; 39.6; 
567; 0; 2946.6855; 170; 39.8; 
567; 0; 2986.8318; 170; 40; 
567; 0; 3013.6102; 170; 40.2; 
567; 0; 3052.5582; 170; 40.4; 
567; 0; 3075.561; 170; 40.6; 
567; 0; 3096.9904; 170; 40.8; 
567; 0; 3109.0806; 170; 41; 
567; 0; 3120.9675; 170; 41.2; 
567; 0; 3122.8837; 170; 41.4; 
567; 0; 3124.7675; 170; 41.6; 
567; 0; 3116.8669; 170; 41.8; 
567; 0; 3118.7079; 170; 42; 
567; 0; 3120.5179; 170; 42.2; 
567; 0; 3122.2941; 170; 42.4; 
567; 0; 3124.0329; 170; 42.6; 
567; 0; 3125.7309; 170; 42.8; 
567; 0; 3127.3853; 170; 43; 
567; 0; 3128.9929; 170; 43.2; 
567; 0; 3130.5529; 170; 43.4; 
567; 0; 3132.0698; 170; 43.6; 
567; 0; 3133.5481; 170; 43.8; 
567; 0; 3134.9909; 170; 44; 
567; 0; 3136.4004; 170; 44.2; 
567; 0; 3137.7777; 170; 44.4; 
567; 0; 3139.1233; 170; 44.6; 
567; 0; 3140.4374; 170; 44.8; 
567; 0; 3141.7199; 170; 45; 
567; 0; 3142.9705; 170; 45.2; 
567; 0; 3144.1888; 170; 45.4; 
567; 0; 3145.3744; 170; 45.6; 
567; 0; 3146.5267; 170; 45.8; 
567; 0; 3147.6454; 170; 46; 
567; 0; 3148.7299; 170; 46.2; 
567; 0; 3149.7798; 170; 46.4; 
567; 0; 3150.7945; 170; 46.6; 
567; 0; 3151.7737; 170; 46.8; 
567; 0; 3152.7168; 170; 47; 
567; 0; 3153.6233; 170; 47.2; 
567; 0; 3163.8945; 170; 47.4; 
567; 0; 3164.719; 170; 47.6; 
567; 0; 3165.5059; 170; 47.8; 
567; 0; 3166.2547; 170; 48; 
567; 0; 3166.965; 170; 48.2; 
567; 0; 3167.6364; 170; 48.4; 
567; 0; 3177.5592; 170; 48.6; 
567; 0; 3178.1457; 170; 48.8; 
567; 0; 3178.6923; 170; 49; 
567; 0; 3179.1985; 170; 49.2; 
567; 0; 3179.6638; 170; 49.4; 
567; 0; 3180.0879; 170; 49.6; 
567; 0; 3189.6687; 170; 49.8; 
567; 0; 3190.0057; 170; 50; 
567; 0; 3190.3006; 170; 50.2; 
567; 0; 3190.5529; 170; 50.4; 
567; 0; 3199.891; 170; 50.6; 
567; 0; 3200.0554; 170; 50.8; 
567; 0; 3200.1766; 170; 51; 
567; 0; 3200.2541; 170; 51.2; 
567; 0; 3209.3592; 170; 51.4; 
567; 0; 3209.3485; 170; 51.6; 
567; 0; 3209.2936; 170; 51.8; 
567; 0; 3218.2193; 170; 52; 
567; 0; 3218.0778; 170; 52.2; 
567; 0; 3217.904; 170; 52.4; 
567; 0; 3217.7103; 170; 52.6; 
567; 0; 3222.6338; 170; 52.8; 
567; 0; 3222.4334; 170; 53; 
567; 0; 3222.2418; 170; 53.2; 
567; 0; 3222.0655; 170; 53.4; 
567; 0; 3226.9918; 170; 53.6; 
567; 0; 3226.8618; 170; 53.8; 
567; 0; 3226.7592; 170; 54; 
567; 0; 3226.6849; 170; 54.2; 
567; 0; 3231.6782; 170; 54.4; 
567; 0; 3231.6591; 170; 54.6; 
567; 0; 3231.6646; 170; 54.8; 
567; 0; 3231.6922; 170; 55; 
567; 0; 3236.7368; 170; 55.2; 
567; 0; 3236.7982; 170; 55.4; 
567; 0; 3236.8712; 170; 55.6; 
567; 0; 3236.9522; 170; 55.8; 
567; 0; 3237.0375; 170; 56; 
567; 0; 3242.0826; 170; 56.2; 
567; 0; 3242.1666; 170; 56.4; 
567; 0; 3242.2464; 170; 56.6; 
567; 0; 3242.3202; 170; 56.8; 
567; 0; 3247.3098; 170; 57; 
567; 0; 3247.3672; 170; 57.2; 
567; 0; 3247.4161; 170; 57.4; 
567; 0; 3247.4564; 170; 57.6; 
567; 0; 3252.3812; 170; 57.8; 
567; 0; 3252.4059; 170; 58; 
567; 0; 3252.4244; 170; 58.2; 
567; 0; 3252.4376; 170; 58.4; 
567; 0; 3252.4469; 170; 58.6; 
567; 0; 3257.3201; 170; 58.8; 
567; 0; 3257.3254; 170; 59; 
567; 0; 3257.3302; 170; 59.2; 
567; 0; 3257.3355; 170; 59.4; 
567; 0; 3262.1865; 170; 59.6; 
567; 0; 3262.1946; 170; 59.8; 
567; 0; 3262.2048; 170; 60; 
567; 0; 3262.2171; 170; 60.2; 
567; 0; 3267.0584; 170; 60.4; 
567; 0; 3267.0747; 170; 60.6; 
567; 0; 3267.0925; 170; 60.8; 
567; 0; 3267.1116; 170; 61; 
567; 0; 3267.1315; 170; 61.2; 
567; 0; 3268.8398; 170; 61.4; 
567; 0; 3268.8602; 170; 61.6; 
567; 0; 3268.8803; 170; 61.8; 
567; 0; 3268.8998; 170; 62; 
567; 0; 3270.5698; 170; 62.2; 
567; 0; 3270.5875; 170; 62.4; 
567; 0; 3270.6043; 170; 62.6; 
567; 0; 3270.62; 170; 62.8; 
567; 0; 3270.6345; 170; 63; 
567; 0; 3272.266; 170; 63.2; 
567; 0; 3272.2786; 170; 63.4; 
567; 0; 3272.2904; 170; 63.6; 
567; 0; 3272.3016; 170; 63.8; 
567; 0; 3272.3125; 170; 64; 
567; 0; 3273.9113; 170; 64.2; 
567; 0; 3273.9218; 170; 64.4; 
567; 0; 3273.9321; 170; 64.6; 
567; 0; 3273.9421; 170; 64.8; 
567; 0; 3273.9548; 170; 65; 
567; 0; 3275.5403; 170; 65.2; 
567; 0; 3275.583; 170; 65.4; 
567; 0; 3275.6508; 170; 65.6; 
567; 0; 3275.7491; 170; 65.8; 
567; 0; 3275.8828; 170; 66; 
567; 0; 3277.5921; 170; 66.2; 
567; 0; 3277.8073; 170; 66.4; 
567; 0; 3278.0668; 170; 66.6; 
567; 0; 3278.363; 170; 66.8; 
567; 0; 3278.6843; 170; 67; 
567; 0; 3279.0183; 170; 67.2; 
567; 0; 3280.8586; 170; 67.4; 
567; 0; 3281.1834; 170; 67.6; 
567; 0; 3281.4918; 170; 67.8; 
567; 0; 3281.7787; 170; 68; 
567; 0; 3282.042; 170; 68.2; 
567; 0; 3282.2813; 170; 68.4; 
567; 0; 3283.9755; 170; 68.6; 
567; 0; 3284.1715; 170; 68.8; 
567; 0; 3284.3513; 170; 69; 
567; 0; 3284.5183; 170; 69.2; 
567; 0; 3284.6754; 170; 69.4; 
567; 0; 3286.284; 170; 69.6; 
567; 0; 3286.4272; 170; 69.8; 
567; 0; 3286.5662; 170; 70; 
567; 0; 3258.5081; 170; 70.2; 
567; 0; 3220.1024; 170; 70.4; 
567; 0; 3181.6856; 170; 70.6; 
567; 0; 3144.9388; 170; 70.8; 
567; 0; 3105.8335; 170; 71; 
567; 0; 3068.3925; 170; 71.2; 
567; 0; 3033.7744; 170; 71.4; 
567; 0; 2998.3398; 170; 71.6; 
567; 0; 2963.7029; 170; 71.8; 
567; 0; 2930.6742; 170; 72; 
567; 0; 2896.9677; 170; 72.2; 
567; 0; 2863.2545; 170; 72.4; 
567; 0; 2831.1424; 170; 72.6; 
567; 0; 2799.0252; 170; 72.8; 
567; 0; 2767.707; 170; 73; 
567; 0; 2734.0159; 170; 73.2; 
567; 0; 2699.9112; 170; 73.4; 
567; 0; 2667.5831; 170; 73.6; 
567; 0; 2639.9034; 170; 73.8; 
567; 0; 2613.8038; 170; 74; 
567; 0; 2587.7015; 170; 74.2; 
567; 0; 2563.1799; 170; 74.4; 
567; 0; 2538.6559; 170; 74.6; 
567; 0; 2515.7129; 170; 74.8; 
567; 0; 2496.9238; 170; 75; 
567; 0; 2475.8937; 170; 75.2; 
567; 0; 2454.8621; 170; 75.4; 
567; 0; 2435.3877; 170; 75.6; 
567; 0; 2415.9122; 170; 75.8; 
567; 0; 2393.4906; 170; 76; 
567; 0; 2371.4407; 170; 76.2; 
567; 0; 2350.3487; 170; 76.4; 
567; 0; 2330.2147; 170; 76.6; 
567; 0; 2312.4754; 170; 76.8; 
567; 0; 2295.7331; 170; 77; 
567; 0; 2280.6652; 170; 77.2; 
567; 0; 2265.5974; 170; 77.4; 
567; 0; 2252.2045; 170; 77.6; 
567; 0; 2238.8116; 170; 77.8; 
567; 0; 2225.4184; 170; 78; 
567; 0; 2219.7892; 170; 78.2; 
567; 0; 2208.2535; 170; 78.4; 
567; 0; 2196.717; 170; 78.6; 
567; 0; 2186.0041; 170; 78.8; 
567; 0; 2175.2905; 170; 79; 
567; 0; 2165.4004; 170; 79.2; 
567; 0; 2155.5097; 170; 79.4; 
567; 0; 2146.443; 170; 79.6; 
567; 0; 2137.376; 170; 79.8; 
567; 0; 2128.3088; 170; 80; 
567; 0; 2120.0659; 170; 80.2; 
567; 0; 2112.6473; 170; 80.4; 
567; 0; 2105.2286; 170; 80.6; 
567; 0; 2097.1516; 170; 80.8; 
567; 0; 2089.4905; 170; 81; 
567; 0; 2082.7872; 170; 81.2; 
567; 0; 2075.1261; 170; 81.4; 
567; 0; 2068.4226; 170; 81.6; 
567; 0; 2061.719; 170; 81.8; 
567; 0; 2055.973; 170; 82; 
567; 0; 2050.2269; 170; 82.2; 
567; 0; 2045.4384; 170; 82.4; 
567; 0; 2039.6921; 170; 82.6; 
567; 0; 2034.9035; 170; 82.8; 
567; 0; 2030.1147; 170; 83; 
567; 0; 2026.2837; 170; 83.2; 
567; 0; 2022.4527; 170; 83.4; 
567; 0; 2018.6216; 170; 83.6; 
567; 0; 2014.9044; 170; 83.8; 
567; 0; 2011.3497; 170; 84; 
567; 0; 2008.6837; 170; 84.2; 
567; 0; 2006.0177; 170; 84.4; 
567; 0; 2003.3517; 170; 84.6; 
567; 0; 2000.6857; 170; 84.8; 
567; 0; 1998.0197; 170; 85; 
567; 0; 1996.2423; 170; 85.2; 
567; 0; 1994.4649; 170; 85.4; 
567; 0; 1992.6874; 170; 85.6; 
567; 0; 1990.9099; 170; 85.8; 
567; 0; 1989.1325; 170; 86; 
567; 0; 1987.355; 170; 86.2; 
567; 0; 1986.4661; 170; 86.4; 
567; 0; 1984.6885; 170; 86.6; 
567; 0; 1983.7996; 170; 86.8; 
567; 0; 1982.9107; 170; 87; 
567; 0; 1982.0217; 170; 87.2; 
567; 0; 1981.1328; 170; 87.4; 
567; 0; 1980.2439; 170; 87.6; 
567; 0; 1980.2436; 170; 87.8; 
567; 0; 1979.3546; 170; 88; 
567; 0; 1978.4656; 170; 88.2; 
567; 0; 1978.4652; 170; 88.4; 
567; 0; 1978.4649; 170; 88.6; 
567; 0; 1977.5759; 170; 88.8; 
567; 0; 1977.5754; 170; 89; 
567; 0; 1977.5751; 170; 89.2; 
567; 0; 1977.5748; 170; 89.4; 
567; 0; 1977.5745; 170; 89.6; 
567; 0; 1977.5742; 170; 89.8; 
567; 0; 1977.5739; 170; 90; 
567; 0; 1977.5736; 170; 90.2; 
567; 0; 1977.5732; 170; 90.4; 
567; 0; 1977.5729; 170; 90.6; 
567; 0; 1977.5725; 170; 90.8; 
567; 0; 1978.4607; 170; 91; 
567; 0; 1968.8382; 170; 91.2; 
567; 0; 1968.8378; 170; 91.4; 
567; 0; 1969.737; 170; 91.6; 
567; 0; 1969.7366; 170; 91.8; 
567; 0; 1970.6359; 170; 92; 
567; 0; 1970.6355; 170; 92.2; 
567; 0; 1971.5349; 170; 92.4; 
567; 0; 1972.4342; 170; 92.6; 
567; 0; 1973.3335; 170; 92.8; 
567; 0; 1973.3331; 170; 93; 
567; 0; 1974.2324; 170; 93.2; 
567; 0; 1975.1316; 170; 93.4; 
567; 0; 1976.0309; 170; 93.6; 
567; 0; 1976.9301; 170; 93.8; 
567; 0; 1977.8293; 170; 94; 
567; 0; 1978.7285; 170; 94.2; 
567; 0; 1979.6278; 170; 94.4; 
567; 0; 1980.527; 170; 94.6; 
567; 0; 1981.4263; 170; 94.8; 
567; 0; 1982.3256; 170; 95; 
567; 0; 1983.2249; 170; 95.2; 
567; 0; 1984.1243; 170; 95.4; 
567; 0; 1985.9253; 170; 95.6; 
567; 0; 1989.5306; 170; 95.8; 
567; 0; 1994.0436; 170; 96; 
567; 0; 2000.3666; 170; 96.2; 
567; 0; 2009.4022; 170; 96.4; 
567; 0; 2019.5859; 170; 96.6; 
567; 0; 2033.2417; 170; 96.8; 
567; 0; 2048.8609; 170; 97; 
567; 0; 2065.4765; 170; 97.2; 
567; 0; 2082.1184; 170; 97.4; 
567; 0; 2097.8381; 170; 97.6; 
567; 0; 2110.5358; 170; 97.8; 
567; 0; 2123.2442; 170; 98; 
567; 0; 2135.1214; 170; 98.2; 
567; 0; 2145.3249; 170; 98.4; 
567; 0; 2155.5315; 170; 98.6; 
567; 0; 2164.9004; 170; 98.8; 
567; 0; 2173.4312; 170; 99; 
567; 0; 2181.9644; 170; 99.2; 
567; 0; 2190.501; 170; 99.4; 
567; 0; 2191.2104; 170; 99.6; 
567; 0; 2199.8975; 170; 99.8; 
567; 0; 2207.7366; 170; 100; 
567; 0; 2216.4379; 170; 100.2; 
567; 0; 2224.2915; 170; 100.4; 
567; 0; 2232.1524; 170; 100.6; 
567; 0; 2240.0202; 170; 100.8; 
567; 0; 2247.8946; 170; 101; 
567; 0; 2254.9187; 170; 101.2; 
567; 0; 2261.9476; 170; 101.4; 
567; 0; 2268.1242; 170; 101.6; 
567; 0; 2274.3043; 170; 101.8; 
567; 0; 2280.4878; 170; 102; 
567; 0; 2285.8169; 170; 102.2; 
567; 0; 2291.1489; 170; 102.4; 
567; 0; 2296.4838; 170; 102.6; 
567; 0; 2301.8219; 170; 102.8; 
567; 0; 2306.3047; 170; 103; 
567; 0; 2310.7903; 170; 103.2; 
567; 0; 2315.279; 170; 103.4; 
567; 0; 2318.9114; 170; 103.6; 
567; 0; 2322.5745; 170; 103.8; 
567; 0; 2327.7263; 170; 104; 
567; 0; 2331.8965; 170; 104.2; 
567; 0; 2335.0841; 170; 104.4; 
567; 0; 2339.2599; 170; 104.6; 
567; 0; 2342.4524; 170; 104.8; 
567; 0; 2345.6472; 170; 105; 
567; 0; 2348.844; 170; 105.2; 
567; 0; 2352.0428; 170; 105.4; 
567; 0; 2354.2562; 170; 105.6; 
567; 0; 2357.4587; 170; 105.8; 
567; 0; 2359.6753; 170; 106; 
567; 0; 2361.8934; 170; 106.2; 
567; 0; 2364.1129; 170; 106.4; 
567; 0; 2366.3341; 170; 106.6; 
567; 0; 2367.5677; 170; 106.8; 
567; 0; 2369.7918; 170; 107; 
567; 0; 2371.0278; 170; 107.2; 
567; 0; 2373.2549; 170; 107.4; 
567; 0; 2374.4933; 170; 107.6; 
567; 0; 2375.7327; 170; 107.8; 
567; 0; 2376.973; 170; 108; 
567; 0; 2378.2142; 170; 108.2; 
567; 0; 2379.4563; 170; 108.4; 
567; 0; 2379.7076; 170; 108.6; 
567; 0; 2380.9515; 170; 108.8; 
567; 0; 2381.2039; 170; 109; 
567; 0; 2382.4494; 170; 109.2; 
567; 0; 2382.7028; 170; 109.4; 
567; 0; 2382.9566; 170; 109.6; 
567; 0; 2383.9468; 170; 109.8; 
567; 0; 2384.0956; 170; 110; 
567; 0; 2384.2446; 170; 110.2; 
567; 0; 2384.3939; 170; 110.4; 
567; 0; 2384.5436; 170; 110.6; 
567; 0; 2384.6935; 170; 110.8; 
567; 0; 2384.8436; 170; 111; 
567; 0; 2384.9941; 170; 111.2; 
567; 0; 2385.1448; 170; 111.4; 
567; 0; 2384.4863; 170; 111.6; 
567; 0; 2384.6374; 170; 111.8; 
567; 0; 2384.7888; 170; 112; 
567; 0; 2384.1302; 170; 112.2; 
567; 0; 2384.2819; 170; 112.4; 
567; 0; 2384.4339; 170; 112.6; 
567; 0; 2383.7752; 170; 112.8; 
567; 0; 2383.9276; 170; 113; 
567; 0; 2383.2688; 170; 113.2; 
567; 0; 2383.4215; 170; 113.4; 
567; 0; 2382.7625; 170; 113.6; 
567; 0; 2382.9156; 170; 113.8; 
567; 0; 2382.2564; 170; 114; 
567; 0; 2382.4099; 170; 114.2; 
567; 0; 2387.1966; 170; 114.4; 
567; 0; 2386.5423; 170; 114.6; 
567; 0; 2386.6886; 170; 114.8; 
567; 0; 2386.0341; 170; 115; 
567; 0; 2385.3795; 170; 115.2; 
567; 0; 2385.5262; 170; 115.4; 
567; 0; 2384.8715; 170; 115.6; 
567; 0; 2384.2166; 170; 115.8; 
567; 0; 2383.5614; 170; 116; 
567; 0; 2382.8581; 170; 116.2; 
567; 0; 2382.1236; 170; 116.4; 
567; 0; 2381.3889; 170; 116.6; 
567; 0; 2380.6539; 170; 116.8; 
567; 0; 2380.9076; 170; 117; 
567; 0; 2380.1724; 170; 117.2; 
567; 0; 2379.4368; 170; 117.4; 
567; 0; 2378.701; 170; 117.6; 
567; 0; 2377.9651; 170; 117.8; 
567; 0; 2377.2289; 170; 118; 
567; 0; 2376.4925; 170; 118.2; 
567; 0; 2375.7558; 170; 118.4; 
567; 0; 2375.019; 170; 118.6; 
567; 0; 2374.2819; 170; 118.8; 
567; 0; 2373.5446; 170; 119; 
567; 0; 2372.8069; 170; 119.2; 
567; 0; 2372.0691; 170; 119.4; 
567; 0; 2371.3311; 170; 119.6; 
567; 0; 2370.5928; 170; 119.8; 
567; 0; 2369.8542; 170; 120; 
567; 0; 2370.1091; 170; 120.2; 
567; 0; 2369.3703; 170; 120.4; 
567; 0; 2368.6311; 170; 120.6; 
567; 0; 2367.8917; 170; 120.8; 
567; 0; 2367.1521; 170; 121; 
567; 0; 2366.4122; 170; 121.2; 
567; 0; 2366.6677; 170; 121.4; 
567; 0; 2365.9275; 170; 121.6; 
567; 0; 2365.1871; 170; 121.8; 
567; 0; 2364.4464; 170; 122; 
567; 0; 2363.7055; 170; 122.2; 
567; 0; 2362.9644; 170; 122.4; 
567; 0; 2363.2206; 170; 122.6; 
567; 0; 2362.4792; 170; 122.8; 
567; 0; 2361.7376; 170; 123; 
567; 0; 2360.9957; 170; 123.2; 
567; 0; 2361.2524; 170; 123.4; 
567; 0; 2360.5103; 170; 123.6; 
567; 0; 2359.7679; 170; 123.8; 
567; 0; 2359.0253; 170; 124; 
567; 0; 2359.2825; 170; 124.2; 
567; 0; 2358.5396; 170; 124.4; 
567; 0; 2357.7964; 170; 124.6; 
567; 0; 2358.0539; 170; 124.8; 
567; 0; 2357.3105; 170; 125; 
567; 0; 2356.5668; 170; 125.2; 
567; 0; 2356.8249; 170; 125.4; 
567; 0; 2356.081; 170; 125.6; 
567; 0; 2355.3368; 170; 125.8; 
567; 0; 2355.5954; 170; 126; 
567; 0; 2354.851; 170; 126.2; 
567; 0; 2354.1063; 170; 126.4; 
567; 0; 2354.3652; 170; 126.6; 
567; 0; 2353.6202; 170; 126.8; 
567; 0; 2352.875; 170; 127; 
567; 0; 2353.1344; 170; 127.2; 
567; 0; 2352.389; 170; 127.4; 
567; 0; 2351.6433; 170; 127.6; 
567; 0; 2351.9032; 170; 127.8; 
567; 0; 2351.1573; 170; 128; 
567; 0; 2351.4176; 170; 128.2; 
567; 0; 2350.6714; 170; 128.4; 
567; 0; 2350.9318; 170; 128.6; 
567; 0; 2351.1917; 170; 128.8; 
567; 0; 2351.4507; 170; 129; 
567; 0; 2349.6889; 170; 129.2; 
567; 0; 2347.9146; 170; 129.4; 
567; 0; 2344.1046; 170; 129.6; 
567; 0; 2338.2529; 170; 129.8; 
567; 0; 2331.3645; 170; 130; 
567; 0; 2323.4371; 170; 130.2; 
567; 0; 2313.7078; 170; 130.4; 
567; 0; 2303.2069; 170; 130.6; 
567; 0; 2290.9158; 170; 130.8; 
567; 0; 2277.7167; 170; 131; 
567; 0; 2263.6116; 170; 131.2; 
567; 0; 2248.6066; 170; 131.4; 
567; 0; 2233.591; 170; 131.6; 
567; 0; 2220.335; 170; 131.8; 
567; 0; 2208.8446; 170; 132; 
567; 0; 2199.1245; 170; 132.2; 
567; 0; 2191.1775; 170; 132.4; 
567; 0; 2190.7718; 170; 132.6; 
567; 0; 2184.7067; 170; 132.8; 
567; 0; 2178.6505; 170; 133; 
567; 0; 2171.7325; 170; 133.2; 
567; 0; 2164.8167; 170; 133.4; 
567; 0; 2157.8996; 170; 133.6; 
567; 0; 2150.1109; 170; 133.8; 
567; 0; 2141.449; 170; 134; 
567; 0; 2132.7809; 170; 134.2; 
567; 0; 2124.1069; 170; 134.4; 
567; 0; 2115.4282; 170; 134.6; 
567; 0; 2107.614; 170; 134.8; 
567; 0; 2098.9308; 170; 135; 
567; 0; 2091.9825; 170; 135.2; 
567; 0; 2085.0353; 170; 135.4; 
567; 0; 2078.0896; 170; 135.6; 
567; 0; 2072.0135; 170; 135.8; 
567; 0; 2066.8068; 170; 136; 
567; 0; 2061.6018; 170; 136.2; 
567; 0; 2056.1323; 170; 136.4; 
567; 0; 2051.0959; 170; 136.6; 
567; 0; 2046.0599; 170; 136.8; 
567; 0; 2041.0238; 170; 137; 
567; 0; 2035.987; 170; 137.2; 
567; 0; 2030.9493; 170; 137.4; 
567; 0; 2025.9106; 170; 137.6; 
567; 0; 2021.8789; 170; 137.8; 
567; 0; 2017.8465; 170; 138; 
567; 0; 2013.998; 170; 138.2; 
567; 0; 2010.256; 170; 138.4; 
567; 0; 2006.5139; 170; 138.6; 
567; 0; 2003.7072; 170; 138.8; 
567; 0; 2000.9006; 170; 139; 
567; 0; 1998.0942; 170; 139.2; 
567; 0; 1995.2882; 170; 139.4; 
567; 0; 1993.4174; 170; 139.6; 
567; 0; 1991.5469; 170; 139.8; 
567; 0; 1988.7413; 170; 140; 
567; 0; 1986.8709; 170; 140.2; 
567; 0; 1985.0006; 170; 140.4; 
567; 0; 1984.0652; 170; 140.6; 
567; 0; 1982.1947; 170; 140.8; 
567; 0; 1980.3241; 170; 141; 
567; 0; 1979.3885; 170; 141.2; 
567; 0; 1977.5177; 170; 141.4; 
567; 0; 1976.5819; 170; 141.6; 
567; 0; 1975.6461; 170; 141.8; 
567; 0; 1974.7103; 170; 142; 
567; 0; 1973.7744; 170; 142.2; 
567; 0; 1972.8386; 170; 142.4; 
567; 0; 1971.9028; 170; 142.6; 
567; 0; 1971.9023; 170; 142.8; 
567; 0; 1970.9666; 170; 143; 
567; 0; 1970.031; 170; 143.2; 
567; 0; 1970.0303; 170; 143.4; 
567; 0; 1969.0946; 170; 143.6; 
567; 0; 1969.094; 170; 143.8; 
567; 0; 1969.0934; 170; 144; 
567; 0; 1969.0928; 170; 144.2; 
567; 0; 1968.1571; 170; 144.4; 
567; 0; 1968.1565; 170; 144.6; 
567; 0; 1968.1559; 170; 144.8; 
567; 0; 1968.1554; 170; 145; 
567; 0; 1968.1549; 170; 145.2; 
567; 0; 1968.1543; 170; 145.4; 
567; 0; 1969.0896; 170; 145.6; 
567; 0; 1970.9637; 170; 145.8; 
567; 0; 1973.7802; 170; 146; 
567; 0; 1979.4131; 170; 146.2; 
567; 0; 1986.9303; 170; 146.4; 
567; 0; 1987.4851; 170; 146.6; 
567; 0; 1999.8694; 170; 146.8; 
567; 0; 2013.2243; 170; 147; 
567; 0; 2028.422; 170; 147.2; 
567; 0; 2043.8903; 170; 147.4; 
567; 0; 2057.8523; 170; 147.6; 
567; 0; 2069.4476; 170; 147.8; 
567; 0; 2080.1678; 170; 148; 
567; 0; 2090.0089; 170; 148.2; 
567; 0; 2098.9679; 170; 148.4; 
567; 0; 2107.0427; 170; 148.6; 
567; 0; 2115.1163; 170; 148.8; 
567; 0; 2122.3051; 170; 149; 
567; 0; 2128.6098; 170; 149.2; 
567; 0; 2134.9156; 170; 149.4; 
567; 0; 2142.1088; 170; 149.6; 
567; 0; 2148.4215; 170; 149.8; 
567; 0; 2154.7391; 170; 150; 
567; 0; 2161.9475; 170; 150.2; 
567; 0; 2168.2766; 170; 150.4; 
567; 0; 2174.6111; 170; 150.6; 
567; 0; 2180.9507; 170; 150.8; 
567; 0; 2186.4086; 170; 151; 
567; 0; 2191.8701; 170; 151.2; 
567; 0; 2197.3345; 170; 151.4; 
567; 0; 2201.9145; 170; 151.6; 
567; 0; 2206.4964; 170; 151.8; 
567; 0; 2211.08; 170; 152; 
567; 0; 2215.6651; 170; 152.2; 
567; 0; 2219.3642; 170; 152.4; 
567; 0; 2223.0648; 170; 152.6; 
567; 0; 2226.7672; 170; 152.8; 
567; 0; 2229.583; 170; 153; 
567; 0; 2233.2892; 170; 153.2; 
567; 0; 2236.1088; 170; 153.4; 
567; 0; 2239.8192; 170; 153.6; 
567; 0; 2242.6426; 170; 153.8; 
567; 0; 2245.4679; 170; 154; 
567; 0; 2247.4052; 170; 154.2; 
567; 0; 2250.2338; 170; 154.4; 
567; 0; 2253.0639; 170; 154.6; 
567; 0; 2255.0052; 170; 154.8; 
567; 0; 2256.9476; 170; 155; 
567; 0; 2258.891; 170; 155.2; 
567; 0; 2260.8354; 170; 155.4; 
567; 0; 2262.7808; 170; 155.6; 
567; 0; 2263.8357; 170; 155.8; 
567; 0; 2265.7828; 170; 156; 
567; 0; 2266.839; 170; 156.2; 
567; 0; 2268.788; 170; 156.4; 
567; 0; 2269.8458; 170; 156.6; 
567; 0; 2270.9043; 170; 156.8; 
567; 0; 2271.9637; 170; 157; 
567; 0; 2273.0236; 170; 157.2; 
567; 0; 2274.0842; 170; 157.4; 
567; 0; 2275.1456; 170; 157.6; 
567; 0; 2276.2076; 170; 157.8; 
567; 0; 2277.2703; 170; 158; 
567; 0; 2277.4395; 170; 158.2; 
567; 0; 2278.5034; 170; 158.4; 
567; 0; 2278.6734; 170; 158.6; 
567; 0; 2279.7384; 170; 158.8; 
567; 0; 2279.9088; 170; 159; 
567; 0; 2280.9748; 170; 159.2; 
567; 0; 2281.1458; 170; 159.4; 
567; 0; 2281.3171; 170; 159.6; 
567; 0; 2282.3845; 170; 159.8; 
567; 0; 2282.5565; 170; 160; 
567; 0; 2282.7285; 170; 160.2; 
567; 0; 2282.9008; 170; 160.4; 
567; 0; 2283.0732; 170; 160.6; 
567; 0; 2283.2459; 170; 160.8; 
567; 0; 2283.4188; 170; 161; 
567; 0; 2284.4895; 170; 161.2; 
567; 0; 2284.6626; 170; 161.4; 
567; 0; 2284.835; 170; 161.6; 
567; 0; 2285.006; 170; 161.8; 
567; 0; 2285.175; 170; 162; 
567; 0; 2285.341; 170; 162.2; 
567; 0; 2285.5033; 170; 162.4; 
567; 0; 2285.6615; 170; 162.6; 
567; 0; 2285.8161; 170; 162.8; 
567; 0; 2286.8685; 170; 163; 
567; 0; 2288.8217; 170; 163.2; 
567; 0; 2291.6787; 170; 163.4; 
567; 0; 2295.4424; 170; 163.6; 
567; 0; 2300.1149; 170; 163.8; 
567; 0; 2305.6977; 170; 164; 
567; 0; 2311.2905; 170; 164.2; 
567; 0; 2316.8931; 170; 164.4; 
567; 0; 2321.6029; 170; 164.6; 
567; 0; 2324.8278; 170; 164.8; 
567; 0; 2326.0739; 170; 165; 
567; 0; 2325.2245; 170; 165.2; 
567; 0; 2322.2998; 170; 165.4; 
567; 0; 2317.0124; 170; 165.6; 
567; 0; 2310.7981; 170; 165.8; 
567; 0; 2302.7517; 170; 166; 
567; 0; 2292.872; 170; 166.2; 
567; 0; 2280.2561; 170; 166.4; 
567; 0; 2266.7107; 170; 166.6; 
567; 0; 2251.3355; 170; 166.8; 
567; 0; 2235.039; 170; 167; 
567; 0; 2218.7323; 170; 167.2; 
567; 0; 2205.1309; 170; 167.4; 
567; 0; 2194.2411; 170; 167.6; 
567; 0; 2186.9698; 170; 167.8; 
567; 0; 2184.222; 170; 168; 
567; 0; 2184.1949; 170; 168.2; 
567; 0; 2186.8898; 170; 168.4; 
567; 0; 2189.6016; 170; 168.6; 
567; 0; 2192.3299; 170; 168.8; 
567; 0; 2193.268; 170; 169; 
567; 0; 2191.5082; 170; 169.2; 
567; 0; 2187.9459; 170; 169.4; 
567; 0; 2181.6716; 170; 169.6; 
567; 0; 2175.3869; 170; 169.8; 
567; 0; 2167.2841; 170; 170; 
567; 0; 2158.2652; 170; 170.2; 
567; 0; 2148.3319; 170; 170.4; 
567; 0; 2138.3899; 170; 170.6; 
567; 0; 2128.4432; 170; 170.8; 
567; 0; 2119.3978; 170; 171; 
567; 0; 2118.7204; 170; 171.2; 
567; 0; 2111.5993; 170; 171.4; 
567; 0; 2105.371; 170; 171.6; 
567; 0; 2100.0358; 170; 171.8; 
567; 0; 2094.7051; 170; 172; 
567; 0; 2090.2662; 170; 172.2; 
567; 0; 2085.8298; 170; 172.4; 
567; 0; 2080.5066; 170; 172.6; 
567; 0; 2076.0717; 170; 172.8; 
567; 0; 2071.6363; 170; 173; 
567; 0; 2066.3113; 170; 173.2; 
567; 0; 2061.8731; 170; 173.4; 
567; 0; 2056.545; 170; 173.6; 
567; 0; 2052.1039; 170; 173.8; 
567; 0; 2047.6618; 170; 174; 
567; 0; 2043.2191; 170; 174.2; 
567; 0; 2038.7761; 170; 174.4; 
567; 0; 2033.6473; 170; 174.6; 
567; 0; 2029.5169; 170; 174.8; 
567; 0; 2025.3872; 170; 175; 
567; 0; 2022.29; 170; 175.2; 
567; 0; 2018.1617; 170; 175.4; 
567; 0; 2015.1599; 170; 175.6; 
567; 0; 2012.2879; 170; 175.8; 
567; 0; 2009.4162; 170; 176; 
567; 0; 2006.5446; 170; 176.2; 
567; 0; 2004.6303; 170; 176.4; 
567; 0; 2001.7585; 170; 176.6; 
567; 0; 1999.8439; 170; 176.8; 
567; 0; 1997.929; 170; 177; 
567; 0; 1996.014; 170; 177.2; 
567; 0; 1994.0987; 170; 177.4; 
567; 0; 1992.1832; 170; 177.6; 
567; 0; 1990.2677; 170; 177.8; 
567; 0; 1988.3522; 170; 178; 
567; 0; 1987.3941; 170; 178.2; 
567; 0; 1985.4788; 170; 178.4; 
567; 0; 1984.5209; 170; 178.6; 
567; 0; 1982.6058; 170; 178.8; 
567; 0; 1981.6481; 170; 179; 
567; 0; 1980.6904; 170; 179.2; 
567; 0; 1979.7327; 170; 179.4; 
567; 0; 1978.7749; 170; 179.6; 
567; 0; 1977.8171; 170; 179.8; 
567; 0; 1977.8167; 170; 180; 
567; 0; 1976.8589; 170; 180.2; 
567; 0; 1975.9011; 170; 180.4; 
567; 0; 1975.9007; 170; 180.6; 
567; 0; 1974.9428; 170; 180.8; 
567; 0; 1974.9423; 170; 181; 
567; 0; 1973.9845; 170; 181.2; 
567; 0; 1973.984; 170; 181.4; 
567; 0; 1973.0261; 170; 181.6; 
567; 0; 1973.0255; 170; 181.8; 
567; 0; 1973.025; 170; 182; 
567; 0; 1973.0245; 170; 182.2; 
567; 0; 1972.0667; 170; 182.4; 
567; 0; 1972.0662; 170; 182.6; 
567; 0; 1972.0657; 170; 182.8; 
567; 0; 1972.0652; 170; 183; 
567; 0; 1972.0647; 170; 183.2; 
567; 0; 1972.0642; 170; 183.4; 
567; 0; 1972.0637; 170; 183.6; 
567; 0; 1972.0632; 170; 183.8; 
567; 0; 1972.0627; 170; 184; 
567; 0; 1972.0623; 170; 184.2; 
567; 0; 1972.0619; 170; 184.4; 
567; 0; 1972.0614; 170; 184.6; 
567; 0; 1973.0184; 170; 184.8; 
567; 0; 1973.0179; 170; 185; 
567; 0; 1973.0175; 170; 185.2; 
567; 0; 1973.017; 170; 185.4; 
567; 0; 1973.0165; 170; 185.6; 
567; 0; 1973.016; 170; 185.8; 
567; 0; 1973.9728; 170; 186; 
567; 0; 1973.9723; 170; 186.2; 
567; 0; 1973.9718; 170; 186.4; 
567; 0; 1965.083; 170; 186.6; 
567; 0; 1966.0517; 170; 186.8; 
567; 0; 1966.0512; 170; 187; 
567; 0; 1966.0507; 170; 187.2; 
567; 0; 1967.0195; 170; 187.4; 
567; 0; 1967.019; 170; 187.6; 
567; 0; 1967.9878; 170; 187.8; 
567; 0; 1967.9873; 170; 188; 
567; 0; 1968.9561; 170; 188.2; 
567; 0; 1968.9556; 170; 188.4; 
567; 0; 1969.9244; 170; 188.6; 
567; 0; 1969.9239; 170; 188.8; 
567; 0; 1970.8927; 170; 189; 
567; 0; 1971.8614; 170; 189.2; 
567; 0; 1971.861; 170; 189.4; 
567; 0; 1972.8297; 170; 189.6; 
567; 0; 1973.7984; 170; 189.8; 
567; 0; 1973.7979; 170; 190; 
567; 0; 1974.7666; 170; 190.2; 
567; 0; 1975.7353; 170; 190.4; 
567; 0; 1976.7039; 170; 190.6; 
567; 0; 1976.7031; 170; 190.8; 
567; 0; 1977.6715; 170; 191; 
567; 0; 1977.6707; 170; 191.2; 
567; 0; 1978.6391; 170; 191.4; 
567; 0; 1979.6078; 170; 191.6; 
567; 0; 1979.6073; 170; 191.8; 
567; 0; 1980.5763; 170; 192; 
567; 0; 1981.5454; 170; 192.2; 
567; 0; 1981.5453; 170; 192.4; 
567; 0; 1982.5143; 170; 192.6; 
567; 0; 1982.5141; 170; 192.8; 
567; 0; 1983.483; 170; 193; 
567; 0; 1983.4827; 170; 193.2; 
567; 0; 1984.4515; 170; 193.4; 
567; 0; 1984.4511; 170; 193.6; 
567; 0; 1985.4198; 170; 193.8; 
567; 0; 1985.4194; 170; 194; 
567; 0; 1986.3881; 170; 194.2; 
567; 0; 1986.3877; 170; 194.4; 
567; 0; 1987.3564; 170; 194.6; 
567; 0; 1987.356; 170; 194.8; 
567; 0; 1987.3555; 170; 195; 
567; 0; 1988.3243; 170; 195.2; 
567; 0; 1988.3239; 170; 195.4; 
567; 0; 1989.2926; 170; 195.6; 
567; 0; 1989.2921; 170; 195.8; 
567; 0; 1989.2916; 170; 196; 
567; 0; 1990.2603; 170; 196.2; 
567; 0; 1990.2599; 170; 196.4; 
567; 0; 1990.2594; 170; 196.6; 
567; 0; 1990.259; 170; 196.8; 
567; 0; 1991.2278; 170; 197; 
567; 0; 1991.2274; 170; 197.2; 
567; 0; 1991.227; 170; 197.4; 
567; 0; 1992.1958; 170; 197.6; 
567; 0; 1992.1954; 170; 197.8; 
567; 0; 1992.195; 170; 198; 
567; 0; 1992.1946; 170; 198.2; 
567; 0; 1993.1634; 170; 198.4; 
567; 0; 1993.1631; 170; 198.6; 
567; 0; 1993.1628; 170; 198.8; 
567; 0; 1993.1624; 170; 199; 
567; 0; 1994.1312; 170; 199.2; 
567; 0; 1994.1307; 170; 199.4; 
567; 0; 1994.1303; 170; 199.6; 
567; 0; 1994.1298; 170; 199.8; 
567; 0; 1994.1294; 170; 200; 
567; 0; 1995.0982; 170; 200.2; 
567; 0; 1995.0978; 170; 200.4; 
567; 0; 1995.0974; 170; 200.6; 
567; 0; 1995.097; 170; 200.8; 
567; 0; 1995.0967; 170; 201; 
567; 0; 1995.0963; 170; 201.2; 
567; 0; 1996.0651; 170; 201.4; 
567; 0; 1996.0647; 170; 201.6; 
567; 0; 1996.0644; 170; 201.8; 
567; 0; 1996.064; 170; 202; 
567; 0; 1996.0637; 170; 202.2; 
567; 0; 1996.0634; 170; 202.4; 
567; 0; 1997.0322; 170; 202.6; 
567; 0; 1997.0318; 170; 202.8; 
567; 0; 1997.0314; 170; 203; 
567; 0; 1997.031; 170; 203.2; 
567; 0; 1997.0305; 170; 203.4; 
567; 0; 1997.0301; 170; 203.6; 
567; 0; 1997.0298; 170; 203.8; 
567; 0; 1997.0295; 170; 204; 
567; 0; 1997.9983; 170; 204.2; 
567; 0; 1997.998; 170; 204.4; 
567; 0; 1997.9977; 170; 204.6; 
567; 0; 1997.9973; 170; 204.8; 
567; 0; 1997.9968; 170; 205; 
567; 0; 1997.9964; 170; 205.2; 
567; 0; 1997.996; 170; 205.4; 
567; 0; 1997.9957; 170; 205.6; 
567; 0; 1997.9953; 170; 205.8; 
567; 0; 1997.9949; 170; 206; 
567; 0; 1998.9638; 170; 206.2; 
567; 0; 1998.9635; 170; 206.4; 
567; 0; 1998.9632; 170; 206.6; 
567; 0; 1998.963; 170; 206.8; 
567; 0; 1998.9627; 170; 207; 
567; 0; 1998.9623; 170; 207.2; 
567; 0; 1998.962; 170; 207.4; 
567; 0; 1998.9616; 170; 207.6; 
567; 0; 1998.9612; 170; 207.8; 
567; 0; 1998.9609; 170; 208; 
567; 0; 1999.9297; 170; 208.2; 
567; 0; 1999.9293; 170; 208.4; 
567; 0; 1999.9289; 170; 208.6; 
567; 0; 1999.9286; 170; 208.8; 
567; 0; 1999.9282; 170; 209; 
567; 0; 2000.897; 170; 209.2; 
567; 0; 2000.8966; 170; 209.4; 
567; 0; 2000.8963; 170; 209.6; 
567; 0; 2000.8959; 170; 209.8; 
567; 0; 2000.8955; 170; 210; 
567; 0; 2000.8952; 170; 210.2; 
567; 0; 2000.8948; 170; 210.4; 
567; 0; 2001.8636; 170; 210.6; 
567; 0; 2001.8633; 170; 210.8; 
567; 0; 2001.863; 170; 211; 
567; 0; 2001.8628; 170; 211.2; 
567; 0; 2001.8625; 170; 211.4; 
567; 0; 2001.8623; 170; 211.6; 
567; 0; 2001.862; 170; 211.8; 
567; 0; 2001.8616; 170; 212; 
567; 0; 2001.8613; 170; 212.2; 
567; 0; 2001.8609; 170; 212.4; 
567; 0; 2002.8296; 170; 212.6; 
567; 0; 2002.8293; 170; 212.8; 
567; 0; 2002.829; 170; 213; 
567; 0; 2002.8286; 170; 213.2; 
567; 0; 2002.8282; 170; 213.4; 
567; 0; 2002.8279; 170; 213.6; 
567; 0; 2002.8276; 170; 213.8; 
567; 0; 2002.8273; 170; 214; 
567; 0; 2002.827; 170; 214.2; 
567; 0; 2002.8266; 170; 214.4; 
567; 0; 2002.8263; 170; 214.6; 
567; 0; 2002.826; 170; 214.8; 
567; 0; 2002.8256; 170; 215; 
567; 0; 2002.8253; 170; 215.2; 
567; 0; 2002.825; 170; 215.4; 
567; 0; 2002.8247; 170; 215.6; 
567; 0; 2002.8244; 170; 215.8; 
567; 0; 2002.8241; 170; 216; 
567; 0; 2002.8238; 170; 216.2; 
567; 0; 2002.8235; 170; 216.4; 
567; 0; 2002.8232; 170; 216.6; 
567; 0; 2002.8229; 170; 216.8; 
567; 0; 2002.8226; 170; 217; 
567; 0; 2002.8223; 170; 217.2; 
567; 0; 2002.8219; 170; 217.4; 
567; 0; 2002.8216; 170; 217.6; 
567; 0; 2003.7904; 170; 217.8; 
567; 0; 2003.7899; 170; 218; 
567; 0; 2003.7889; 170; 218.2; 
567; 0; 2004.7562; 170; 218.4; 
567; 0; 2004.753; 170; 218.6; 
567; 0; 2004.7481; 170; 218.8; 
567; 0; 2005.71; 170; 219; 
567; 0; 2005.6999; 170; 219.2; 
567; 0; 2005.687; 170; 219.4; 
567; 0; 2005.6722; 170; 219.6; 
567; 0; 2007.595; 170; 219.8; 
567; 0; 2009.5189; 170; 220; 
567; 0; 2013.3834; 170; 220.2; 
567; 0; 2018.3647; 170; 220.4; 
567; 0; 2024.6277; 170; 220.6; 
567; 0; 2030.7914; 170; 220.8; 
567; 0; 2037.1102; 170; 221; 
567; 0; 2041.6278; 170; 221.2; 
567; 0; 2047.0494; 170; 221.4; 
567; 0; 2050.6681; 170; 221.6; 
567; 0; 2053.3846; 170; 221.8; 
567; 0; 2056.1; 170; 222; 
567; 0; 2057.9114; 170; 222.2; 
567; 0; 2058.8181; 170; 222.4; 
567; 0; 2059.7221; 170; 222.6; 
567; 0; 2059.7213; 170; 222.8; 
567; 0; 2059.7182; 170; 223; 
567; 0; 2059.7135; 170; 223.2; 
567; 0; 2060.6098; 170; 223.4; 
567; 0; 2061.5058; 170; 223.6; 
567; 0; 2062.4022; 170; 223.8; 
567; 0; 2063.2994; 170; 224; 
567; 0; 2065.1; 170; 224.2; 
567; 0; 2066.9022; 170; 224.4; 
567; 0; 2069.6081; 170; 224.6; 
567; 0; 2071.4138; 170; 224.8; 
567; 0; 2073.2218; 170; 225; 
567; 0; 2075.0319; 170; 225.2; 
567; 0; 2076.8439; 170; 225.4; 
567; 0; 2077.7549; 170; 225.6; 
567; 0; 2077.764; 170; 225.8; 
567; 0; 2076.8703; 170; 226; 
567; 0; 2075.9749; 170; 226.2; 
567; 0; 2074.1752; 170; 226.4; 
567; 0; 2072.3731; 170; 226.6; 
567; 0; 2070.5683; 170; 226.8; 
567; 0; 2067.8592; 170; 227; 
567; 0; 2065.1485; 170; 227.2; 
567; 0; 2062.4368; 170; 227.4; 
567; 0; 2060.6271; 170; 227.6; 
567; 0; 2058.8179; 170; 227.8; 
567; 0; 2057.0096; 170; 228; 
567; 0; 2056.1049; 170; 228.2; 
567; 0; 2054.2994; 170; 228.4; 
567; 0; 2053.3974; 170; 228.6; 
567; 0; 2052.4964; 170; 228.8; 
567; 0; 2050.6941; 170; 229; 
567; 0; 2049.7942; 170; 229.2; 
567; 0; 2048.8944; 170; 229.4; 
567; 0; 2047.0923; 170; 229.6; 
567; 0; 2045.2896; 170; 229.8; 
567; 0; 2044.3884; 170; 230; 
567; 0; 2042.5844; 170; 230.2; 
567; 0; 2040.7799; 170; 230.4; 
567; 0; 2038.975; 170; 230.6; 
567; 0; 2037.1698; 170; 230.8; 
567; 0; 2036.2666; 170; 231; 
567; 0; 2034.4613; 170; 231.2; 
567; 0; 2033.5583; 170; 231.4; 
567; 0; 2031.7534; 170; 231.6; 
567; 0; 2030.8508; 170; 231.8; 
567; 0; 2029.9424; 170; 232; 
567; 0; 2027.8534; 170; 232.2; 
567; 0; 2026.8092; 170; 232.4; 
567; 0; 2025.7651; 170; 232.6; 
567; 0; 2024.721; 170; 232.8; 
567; 0; 2023.6769; 170; 233; 
567; 0; 2022.6327; 170; 233.2; 
567; 0; 2021.5885; 170; 233.4; 
567; 0; 2020.5441; 170; 233.6; 
567; 0; 2019.4995; 170; 233.8; 
567; 0; 2018.4547; 170; 234; 
567; 0; 2017.4099; 170; 234.2; 
567; 0; 2016.3654; 170; 234.4; 
567; 0; 2015.3959; 170; 234.6; 
567; 0; 2014.4264; 170; 234.8; 
567; 0; 2013.457; 170; 235; 
567; 0; 2012.4876; 170; 235.2; 
567; 0; 2012.4874; 170; 235.4; 
567; 0; 2011.5182; 170; 235.6; 
567; 0; 2010.549; 170; 235.8; 
567; 0; 2010.5489; 170; 236; 
567; 0; 2009.5797; 170; 236.2; 
567; 0; 2008.6105; 170; 236.4; 
567; 0; 2008.6103; 170; 236.6; 
567; 0; 2007.6411; 170; 236.8; 
567; 0; 2007.6409; 170; 237; 
567; 0; 2006.6716; 170; 237.2; 
567; 0; 2006.6714; 170; 237.4; 
567; 0; 2005.7021; 170; 237.6; 
567; 0; 2005.7019; 170; 237.8; 
567; 0; 2004.7325; 170; 238; 
567; 0; 2004.7323; 170; 238.2; 
567; 0; 2004.732; 170; 238.4; 
567; 0; 2003.7627; 170; 238.6; 
567; 0; 2003.7624; 170; 238.8; 
567; 0; 2003.7621; 170; 239; 
567; 0; 2002.7928; 170; 239.2; 
567; 0; 2002.7925; 170; 239.4; 
567; 0; 2002.7923; 170; 239.6; 
567; 0; 2001.823; 170; 239.8; 
567; 0; 2001.8227; 170; 240; 
567; 0; 2001.8224; 170; 240.2; 
567; 0; 2001.8222; 170; 240.4; 
567; 0; 2000.853; 170; 240.6; 
567; 0; 2000.8527; 170; 240.8; 
567; 0; 2000.8525; 170; 241; 
567; 0; 2000.8522; 170; 241.2; 
567; 0; 1999.8828; 170; 241.4; 
567; 0; 1999.8825; 170; 241.6; 
567; 0; 1999.8822; 170; 241.8; 
567; 0; 1999.8819; 170; 242; 
567; 0; 1999.8816; 170; 242.2; 
567; 0; 1999.8813; 170; 242.4; 
567; 0; 1999.881; 170; 242.6; 
567; 0; 1998.9117; 170; 242.8; 
567; 0; 1998.9114; 170; 243; 
567; 0; 1998.9112; 170; 243.2; 
567; 0; 1998.9109; 170; 243.4; 
567; 0; 1998.9107; 170; 243.6; 
567; 0; 1998.9105; 170; 243.8; 
567; 0; 1998.9102; 170; 244; 
567; 0; 1998.91; 170; 244.2; 
567; 0; 1998.9098; 170; 244.4; 
567; 0; 1998.9095; 170; 244.6; 
567; 0; 1998.9092; 170; 244.8; 
567; 0; 1998.9088; 170; 245; 
567; 0; 1998.9085; 170; 245.2; 
567; 0; 1998.9082; 170; 245.4; 
567; 0; 1997.9388; 170; 245.6; 
567; 0; 1997.9385; 170; 245.8; 
567; 0; 1997.9383; 170; 246; 
567; 0; 1998.9071; 170; 246.2; 
567; 0; 1998.9066; 170; 246.4; 
567; 0; 1999.8745; 170; 246.6; 
567; 0; 1999.8724; 170; 246.8; 
567; 0; 1999.8688; 170; 247; 
567; 0; 1999.8638; 170; 247.2; 
567; 0; 1999.8581; 170; 247.4; 
567; 0; 1999.8523; 170; 247.6; 
567; 0; 1999.8474; 170; 247.8; 
567; 0; 2000.8134; 170; 248; 
567; 0; 2002.7506; 170; 248.2; 
567; 0; 2003.7212; 170; 248.4; 
567; 0; 2004.6939; 170; 248.6; 
567; 0; 2006.6371; 170; 248.8; 
567; 0; 2007.6122; 170; 249; 
567; 0; 2008.5875; 170; 249.2; 
567; 0; 2008.5931; 170; 249.4; 
567; 0; 2009.5666; 170; 249.6; 
567; 0; 2009.5697; 170; 249.8; 
567; 0; 2008.6021; 170; 250; 
567; 0; 2008.6022; 170; 250.2; 
567; 0; 2008.601; 170; 250.4; 
567; 0; 2007.63; 170; 250.6; 
567; 0; 2007.6277; 170; 250.8; 
567; 0; 2007.6254; 170; 251; 
567; 0; 2006.6542; 170; 251.2; 
567; 0; 2006.6525; 170; 251.4; 
567; 0; 2006.6512; 170; 251.6; 
567; 0; 2006.6505; 170; 251.8; 
567; 0; 2005.6811; 170; 252; 
567; 0; 2005.6811; 170; 252.2; 
567; 0; 2005.6813; 170; 252.4; 
567; 0; 2005.6816; 170; 252.6; 
567; 0; 2005.6819; 170; 252.8; 
567; 0; 2005.682; 170; 253; 
567; 0; 2004.7129; 170; 253.2; 
567; 0; 2004.7128; 170; 253.4; 
567; 0; 2004.7125; 170; 253.6; 
567; 0; 2004.7122; 170; 253.8; 
567; 0; 2003.7427; 170; 254; 
567; 0; 2003.7423; 170; 254.2; 
567; 0; 2003.7419; 170; 254.4; 
567; 0; 2003.7416; 170; 254.6; 
567; 0; 2003.7412; 170; 254.8; 
567; 0; 2002.7718; 170; 255; 
567; 0; 2002.7714; 170; 255.2; 
567; 0; 2002.7712; 170; 255.4; 
567; 0; 2002.7709; 170; 255.6; 
567; 0; 2002.7706; 170; 255.8; 
567; 0; 2002.7704; 170; 256; 
567; 0; 2002.7702; 170; 256.2; 
567; 0; 2001.801; 170; 256.4; 
567; 0; 2001.8007; 170; 256.6; 
567; 0; 2001.8005; 170; 256.8; 
567; 0; 2001.8002; 170; 257; 
567; 0; 2001.8; 170; 257.2; 
567; 0; 2001.7997; 170; 257.4; 
567; 0; 2001.7992; 170; 257.6; 
567; 0; 2002.7672; 170; 257.8; 
567; 0; 2002.7652; 170; 258; 
567; 0; 2002.7618; 170; 258.2; 
567; 0; 2002.7565; 170; 258.4; 
567; 0; 2003.7177; 170; 258.6; 
567; 0; 2002.7379; 170; 258.8; 
567; 0; 2003.6935; 170; 259; 
567; 0; 2003.6785; 170; 259.2; 
567; 0; 2005.6012; 170; 259.4; 
567; 0; 2008.4943; 170; 259.6; 
567; 0; 2012.3594; 170; 259.8; 
567; 0; 2017.262; 170; 260; 
567; 0; 2023.526; 170; 260.2; 
567; 0; 2030.7545; 170; 260.4; 
567; 0; 2036.1717; 170; 260.6; 
567; 0; 2040.6896; 170; 260.8; 
567; 0; 2045.2092; 170; 261; 
567; 0; 2048.8275; 170; 261.2; 
567; 0; 2052.4454; 170; 261.4; 
567; 0; 2054.2579; 170; 261.6; 
567; 0; 2056.0683; 170; 261.8; 
567; 0; 2056.974; 170; 262; 
567; 0; 2056.975; 170; 262.2; 
567; 0; 2056.9734; 170; 262.4; 
567; 0; 2057.8718; 170; 262.6; 
567; 0; 2057.8667; 170; 262.8; 
567; 0; 2058.7629; 170; 263; 
567; 0; 2059.659; 170; 263.2; 
567; 0; 2060.5558; 170; 263.4; 
567; 0; 2062.3556; 170; 263.6; 
567; 0; 2063.2547; 170; 263.8; 
567; 0; 2065.9593; 170; 264; 
567; 0; 2067.7634; 170; 264.2; 
567; 0; 2069.5688; 170; 264.4; 
567; 0; 2071.3751; 170; 264.6; 
567; 0; 2072.28; 170; 264.8; 
567; 0; 2073.1851; 170; 265; 
567; 0; 2074.992; 170; 265.2; 
567; 0; 2074.9944; 170; 265.4; 
567; 0; 2075.898; 170; 265.6; 
567; 0; 2075.8989; 170; 265.8; 
567; 0; 2075.8989; 170; 266; 
567; 0; 2075.8982; 170; 266.2; 
567; 0; 2075.8968; 170; 266.4; 
567; 0; 2075.895; 170; 266.6; 
567; 0; 2076.7951; 170; 266.8; 
567; 0; 2076.7932; 170; 267; 
567; 0; 2076.7915; 170; 267.2; 
567; 0; 2077.6922; 170; 267.4; 
567; 0; 2077.6914; 170; 267.6; 
567; 0; 2078.593; 170; 267.8; 
567; 0; 2079.4952; 170; 268; 
567; 0; 2080.3984; 170; 268.2; 
567; 0; 2081.3029; 170; 268.4; 
567; 0; 2081.3071; 170; 268.6; 
567; 0; 2082.2148; 170; 268.8; 
567; 0; 2082.2218; 170; 269; 
567; 0; 2081.3275; 170; 269.2; 
567; 0; 2080.4329; 170; 269.4; 
567; 0; 2079.5374; 170; 269.6; 
567; 0; 2076.8361; 170; 269.8; 
567; 0; 2075.0347; 170; 270; 
567; 0; 2072.3292; 170; 270.2; 
567; 0; 2069.6216; 170; 270.4; 
567; 0; 2066.9123; 170; 270.6; 
567; 0; 2063.3; 170; 270.8; 
567; 0; 2060.5893; 170; 271; 
567; 0; 2058.7808; 170; 271.2; 
567; 0; 2056.0709; 170; 271.4; 
567; 0; 2054.264; 170; 271.6; 
567; 0; 2052.4582; 170; 271.8; 
567; 0; 2050.6536; 170; 272; 
567; 0; 2048.8498; 170; 272.2; 
567; 0; 2047.9488; 170; 272.4; 
567; 0; 2046.1463; 170; 272.6; 
567; 0; 2044.3439; 170; 272.8; 
567; 0; 2042.5414; 170; 273; 
567; 0; 2041.6406; 170; 273.2; 
567; 0; 2039.8374; 170; 273.4; 
567; 0; 2038.0338; 170; 273.6; 
567; 0; 2036.2297; 170; 273.8; 
567; 0; 2034.4252; 170; 274; 
567; 0; 2032.6204; 170; 274.2; 
567; 0; 2030.8156; 170; 274.4; 
567; 0; 2029.8874; 170; 274.6; 
567; 0; 2027.7975; 170; 274.8; 
567; 0; 2026.7522; 170; 275; 
567; 0; 2024.6628; 170; 275.2; 
567; 0; 2023.6181; 170; 275.4; 
567; 0; 2022.5738; 170; 275.6; 
567; 0; 2021.5297; 170; 275.8; 
567; 0; 2020.4857; 170; 276; 
567; 0; 2019.4417; 170; 276.2; 
567; 0; 2018.3977; 170; 276.4; 
567; 0; 2017.3536; 170; 276.6; 
567; 0; 2016.3136; 170; 276.8; 
567; 0; 2015.3446; 170; 277; 
567; 0; 2014.3754; 170; 277.2; 
567; 0; 2013.4061; 170; 277.4; 
567; 0; 2012.4367; 170; 277.6; 
567; 0; 2011.4673; 170; 277.8; 
567; 0; 2010.498; 170; 278; 
567; 0; 2009.5287; 170; 278.2; 
567; 0; 2009.5285; 170; 278.4; 
567; 0; 2008.5594; 170; 278.6; 
567; 0; 2007.5903; 170; 278.8; 
567; 0; 2007.5903; 170; 279; 
567; 0; 2006.6213; 170; 279.2; 
567; 0; 2005.6523; 170; 279.4; 
567; 0; 2005.6522; 170; 279.6; 
567; 0; 2004.683; 170; 279.8; 
567; 0; 2004.6829; 170; 280; 
567; 0; 2003.7138; 170; 280.2; 
567; 0; 2003.7136; 170; 280.4; 
567; 0; 2002.7444; 170; 280.6; 
567; 0; 2002.7442; 170; 280.8; 
567; 0; 2002.744; 170; 281; 
567; 0; 2001.7749; 170; 281.2; 
567; 0; 2001.7747; 170; 281.4; 
567; 0; 2000.8056; 170; 281.6; 
567; 0; 2000.8054; 170; 281.8; 
567; 0; 2000.8052; 170; 282; 
567; 0; 2000.8051; 170; 282.2; 
567; 0; 1999.8359; 170; 282.4; 
567; 0; 1999.8357; 170; 282.6; 
567; 0; 1999.8355; 170; 282.8; 
567; 0; 1999.8353; 170; 283; 
567; 0; 1998.866; 170; 283.2; 
567; 0; 1998.8658; 170; 283.4; 
567; 0; 1998.8655; 170; 283.6; 
567; 0; 1998.8653; 170; 283.8; 
567; 0; 1998.8652; 170; 284; 
567; 0; 1997.8961; 170; 284.2; 
567; 0; 1997.8959; 170; 284.4; 
567; 0; 1997.8958; 170; 284.6; 
567; 0; 1997.8956; 170; 284.8; 
567; 0; 1997.8955; 170; 285; 
567; 0; 1997.8953; 170; 285.2; 
567; 0; 1997.8951; 170; 285.4; 
567; 0; 1997.8949; 170; 285.6; 
567; 0; 1997.8947; 170; 285.8; 
567; 0; 1997.8945; 170; 286; 
567; 0; 1996.9253; 170; 286.2; 
567; 0; 1996.925; 170; 286.4; 
567; 0; 1996.9248; 170; 286.6; 
567; 0; 1996.9246; 170; 286.8; 
567; 0; 1996.9244; 170; 287; 
567; 0; 1996.9242; 170; 287.2; 
567; 0; 1996.9239; 170; 287.4; 
567; 0; 1996.9237; 170; 287.6; 
567; 0; 1996.9235; 170; 287.8; 
567; 0; 1996.9233; 170; 288; 
567; 0; 1996.923; 170; 288.2; 
567; 0; 1997.8917; 170; 288.4; 
567; 0; 1997.8913; 170; 288.6; 
567; 0; 1997.8905; 170; 288.8; 
567; 0; 1997.8895; 170; 289; 
567; 0; 1997.8884; 170; 289.2; 
567; 0; 1997.8872; 170; 289.4; 
567; 0; 1997.8861; 170; 289.6; 
567; 0; 1997.8853; 170; 289.8; 
567; 0; 1998.8539; 170; 290; 
567; 0; 1998.8541; 170; 290.2; 
567; 0; 1998.8546; 170; 290.4; 
567; 0; 1998.8555; 170; 290.6; 
567; 0; 1999.8254; 170; 290.8; 
567; 0; 1999.8264; 170; 291; 
567; 0; 1999.8272; 170; 291.2; 
567; 0; 1999.8278; 170; 291.4; 
567; 0; 1999.8281; 170; 291.6; 
567; 0; 1999.8282; 170; 291.8; 
567; 0; 1999.8279; 170; 292; 
567; 0; 1999.8275; 170; 292.2; 
567; 0; 1999.827; 170; 292.4; 
567; 0; 1999.8263; 170; 292.6; 
567; 0; 1998.8568; 170; 292.8; 
567; 0; 1998.8562; 170; 293; 
567; 0; 1998.8557; 170; 293.2; 
567; 0; 1998.8552; 170; 293.4; 
567; 0; 1998.8548; 170; 293.6; 
567; 0; 1998.8546; 170; 293.8; 
567; 0; 1998.8544; 170; 294; 
567; 0; 1998.8542; 170; 294.2; 
567; 0; 1998.854; 170; 294.4; 
567; 0; 1998.8538; 170; 294.6; 
567; 0; 1998.8536; 170; 294.8; 
567; 0; 1998.8534; 170; 295; 
567; 0; 1998.8532; 170; 295.2; 
567; 0; 1998.853; 170; 295.4; 
567; 0; 1998.8528; 170; 295.6; 
567; 0; 1998.8527; 170; 295.8; 
567; 0; 1998.8525; 170; 296; 
567; 0; 1998.8522; 170; 296.2; 
567; 0; 1998.8519; 170; 296.4; 
567; 0; 1998.8516; 170; 296.6; 
567; 0; 1998.8514; 170; 296.8; 
567; 0; 1998.8512; 170; 297; 
567; 0; 1998.851; 170; 297.2; 
567; 0; 1998.8508; 170; 297.4; 
567; 0; 1998.8506; 170; 297.6; 
567; 0; 1998.8504; 170; 297.8; 
567; 0; 1998.8503; 170; 298; 
567; 0; 1999.8189; 170; 298.2; 
567; 0; 1999.8178; 170; 298.4; 
567; 0; 1999.8156; 170; 298.6; 
567; 0; 2000.7804; 170; 298.8; 
567; 0; 2000.7741; 170; 299; 
567; 0; 2000.765; 170; 299.2; 
567; 0; 2000.7529; 170; 299.4; 
567; 0; 2001.7076; 170; 299.6; 
567; 0; 2002.6614; 170; 299.8; 
567; 0; 2005.5536; 170; 300; 
567; 0; 2008.4481; 170; 300.2; 
567; 0; 2013.2838; 170; 300.4; 
567; 0; 2019.3049; 170; 300.6; 
567; 0; 2025.5713; 170; 300.8; 
567; 0; 2031.6297; 170; 301; 
567; 0; 2037.0478; 170; 301.2; 
567; 0; 2041.5662; 170; 301.4; 
567; 0; 2045.1839; 170; 301.6; 
567; 0; 2048.8016; 170; 301.8; 
567; 0; 2050.6144; 170; 302; 
567; 0; 2052.4255; 170; 302.2; 
567; 0; 2054.2341; 170; 302.4; 
567; 0; 2054.2361; 170; 302.6; 
567; 0; 2055.1375; 170; 302.8; 
567; 0; 2055.1347; 170; 303; 
567; 0; 2055.1303; 170; 303.2; 
567; 0; 2056.0269; 170; 303.4; 
567; 0; 2056.9231; 170; 303.6; 
567; 0; 2057.8197; 170; 303.8; 
567; 0; 2058.7172; 170; 304; 
567; 0; 2060.5178; 170; 304.2; 
567; 0; 2062.3199; 170; 304.4; 
567; 0; 2065.0253; 170; 304.6; 
567; 0; 2066.8301; 170; 304.8; 
567; 0; 2068.6361; 170; 305; 
567; 0; 2069.5408; 170; 305.2; 
567; 0; 2071.3477; 170; 305.4; 
567; 0; 2072.2526; 170; 305.6; 
567; 0; 2073.1571; 170; 305.8; 
567; 0; 2073.159; 170; 306; 
567; 0; 2073.1601; 170; 306.2; 
567; 0; 2074.0622; 170; 306.4; 
567; 0; 2074.0617; 170; 306.6; 
567; 0; 2074.0605; 170; 306.8; 
567; 0; 2074.0588; 170; 307; 
567; 0; 2074.0569; 170; 307.2; 
567; 0; 2074.055; 170; 307.4; 
567; 0; 2074.9553; 170; 307.6; 
567; 0; 2074.9539; 170; 307.8; 
567; 0; 2075.855; 170; 308; 
567; 0; 2076.7565; 170; 308.2; 
567; 0; 2076.7565; 170; 308.4; 
567; 0; 2077.6589; 170; 308.6; 
567; 0; 2077.6596; 170; 308.8; 
567; 0; 2078.5624; 170; 309; 
567; 0; 2078.5633; 170; 309.2; 
567; 0; 2078.5642; 170; 309.4; 
567; 0; 2078.5649; 170; 309.6; 
567; 0; 2078.5653; 170; 309.8; 
567; 0; 2078.5654; 170; 310; 
567; 0; 2078.5653; 170; 310.2; 
567; 0; 2078.565; 170; 310.4; 
567; 0; 2078.5644; 170; 310.6; 
567; 0; 2078.5638; 170; 310.8; 
567; 0; 2078.563; 170; 311; 
567; 0; 2078.5623; 170; 311.2; 
567; 0; 2078.5617; 170; 311.4; 
567; 0; 2078.5613; 170; 311.6; 
567; 0; 2079.463; 170; 311.8; 
567; 0; 2079.4629; 170; 312; 
567; 0; 2079.4629; 170; 312.2; 
567; 0; 2079.4631; 170; 312.4; 
567; 0; 2079.4633; 170; 312.6; 
567; 0; 2079.4636; 170; 312.8; 
567; 0; 2079.4638; 170; 313; 
567; 0; 2079.464; 170; 313.2; 
567; 0; 2079.4642; 170; 313.4; 
567; 0; 2079.4643; 170; 313.6; 
567; 0; 2079.465; 170; 313.8; 
567; 0; 2080.3685; 170; 314; 
567; 0; 2080.3717; 170; 314.2; 
567; 0; 2080.3766; 170; 314.4; 
567; 0; 2080.3831; 170; 314.6; 
567; 0; 2079.4886; 170; 314.8; 
567; 0; 2078.5942; 170; 315; 
567; 0; 2076.7971; 170; 315.2; 
567; 0; 2074.0966; 170; 315.4; 
567; 0; 2072.2961; 170; 315.6; 
567; 0; 2069.5914; 170; 315.8; 
567; 0; 2065.9826; 170; 316; 
567; 0; 2063.2742; 170; 316.2; 
567; 0; 2060.5645; 170; 316.4; 
567; 0; 2056.9524; 170; 316.6; 
567; 0; 2054.2422; 170; 316.8; 
567; 0; 2051.5325; 170; 317; 
567; 0; 2049.7256; 170; 317.2; 
567; 0; 2047.9198; 170; 317.4; 
567; 0; 2045.213; 170; 317.6; 
567; 0; 2043.4091; 170; 317.8; 
567; 0; 2041.6059; 170; 318; 
567; 0; 2039.8031; 170; 318.2; 
567; 0; 2038.9024; 170; 318.4; 
567; 0; 2037.0996; 170; 318.6; 
567; 0; 2035.2967; 170; 318.8; 
567; 0; 2033.4934; 170; 319; 
567; 0; 2031.6898; 170; 319.2; 
567; 0; 2029.8463; 170; 319.4; 
567; 0; 2027.7572; 170; 319.6; 
567; 0; 2025.6678; 170; 319.8; 
567; 0; 2023.5782; 170; 320; 
567; 0; 2022.5329; 170; 320.2; 
567; 0; 2020.4434; 170; 320.4; 
567; 0; 2019.3982; 170; 320.6; 
567; 0; 2018.3534; 170; 320.8; 
567; 0; 2016.272; 170; 321; 
567; 0; 2015.303; 170; 321.2; 
567; 0; 2014.3341; 170; 321.4; 
567; 0; 2013.3653; 170; 321.6; 
567; 0; 2012.3965; 170; 321.8; 
567; 0; 2011.4278; 170; 322; 
567; 0; 2010.459; 170; 322.2; 
567; 0; 2009.4902; 170; 322.4; 
567; 0; 2008.5213; 170; 322.6; 
567; 0; 2007.5523; 170; 322.8; 
567; 0; 2006.5833; 170; 323; 
567; 0; 2005.6141; 170; 323.2; 
567; 0; 2004.645; 170; 323.4; 
567; 0; 2004.6448; 170; 323.6; 
567; 0; 2003.6757; 170; 323.8; 
567; 0; 2002.7066; 170; 324; 
567; 0; 2002.7064; 170; 324.2; 
567; 0; 2001.7374; 170; 324.4; 
567; 0; 2001.7372; 170; 324.6; 
567; 0; 2000.7682; 170; 324.8; 
567; 0; 2000.768; 170; 325; 
567; 0; 1999.799; 170; 325.2; 
567; 0; 1999.7989; 170; 325.4; 
567; 0; 1998.8298; 170; 325.6; 
567; 0; 1998.8297; 170; 325.8; 
567; 0; 1998.8296; 170; 326; 
567; 0; 1997.8605; 170; 326.2; 
567; 0; 1997.8604; 170; 326.4; 
567; 0; 1997.8602; 170; 326.6; 
567; 0; 1996.8912; 170; 326.8; 
567; 0; 1996.8911; 170; 327; 
567; 0; 1996.891; 170; 327.2; 
567; 0; 1996.8909; 170; 327.4; 
567; 0; 1995.9218; 170; 327.6; 
567; 0; 1995.9216; 170; 327.8; 
567; 0; 1995.9214; 170; 328; 
567; 0; 1995.9212; 170; 328.2; 
567; 0; 1995.9211; 170; 328.4; 
567; 0; 1995.9209; 170; 328.6; 
567; 0; 1994.9518; 170; 328.8; 
567; 0; 1994.9517; 170; 329; 
567; 0; 1994.9515; 170; 329.2; 
567; 0; 1994.9514; 170; 329.4; 
567; 0; 1994.9512; 170; 329.6; 
567; 0; 1994.951; 170; 329.8; 
567; 0; 1994.9508; 170; 330; 
567; 0; 1994.9505; 170; 330.2; 
567; 0; 1994.9503; 170; 330.4; 
567; 0; 1994.9501; 170; 330.6; 
567; 0; 1994.9499; 170; 330.8; 
567; 0; 1994.9498; 170; 331; 
567; 0; 1993.9807; 170; 331.2; 
567; 0; 1993.9806; 170; 331.4; 
567; 0; 1993.9805; 170; 331.6; 
567; 0; 1993.9804; 170; 331.8; 
567; 0; 1993.9803; 170; 332; 
567; 0; 1993.9801; 170; 332.2; 
567; 0; 1993.9799; 170; 332.4; 
567; 0; 1993.9797; 170; 332.6; 
567; 0; 1993.9795; 170; 332.8; 
567; 0; 1993.9794; 170; 333; 
567; 0; 1993.9792; 170; 333.2; 
567; 0; 1993.9791; 170; 333.4; 
567; 0; 1994.9479; 170; 333.6; 
567; 0; 1994.9478; 170; 333.8; 
567; 0; 1994.9476; 170; 334; 
567; 0; 1994.9473; 170; 334.2; 
567; 0; 1994.947; 170; 334.4; 
567; 0; 1994.9468; 170; 334.6; 
567; 0; 1994.9466; 170; 334.8; 
567; 0; 1994.9464; 170; 335; 
567; 0; 1994.9463; 170; 335.2; 
567; 0; 1994.9462; 170; 335.4; 
567; 0; 1994.9461; 170; 335.6; 
567; 0; 1994.9459; 170; 335.8; 
567; 0; 1994.9457; 170; 336; 
567; 0; 1994.9456; 170; 336.2; 
567; 0; 1994.9454; 170; 336.4; 
567; 0; 1994.9452; 170; 336.6; 
567; 0; 1994.945; 170; 336.8; 
567; 0; 1994.9448; 170; 337; 
567; 0; 1994.9446; 170; 337.2; 
567; 0; 1994.9445; 170; 337.4; 
567; 0; 1994.9443; 170; 337.6; 
567; 0; 1994.9441; 170; 337.8; 
567; 0; 1994.944; 170; 338; 
567; 0; 1994.9438; 170; 338.2; 
567; 0; 1994.9436; 170; 338.4; 
567; 0; 1994.9435; 170; 338.6; 
567; 0; 1995.9122; 170; 338.8; 
567; 0; 1995.9121; 170; 339; 
567; 0; 1995.9121; 170; 339.2; 
567; 0; 1995.9119; 170; 339.4; 
567; 0; 1995.9118; 170; 339.6; 
567; 0; 1995.9116; 170; 339.8; 
567; 0; 1995.9115; 170; 340; 
567; 0; 1995.9113; 170; 340.2; 
567; 0; 1995.9112; 170; 340.4; 
567; 0; 1995.911; 170; 340.6; 
567; 0; 1995.9107; 170; 340.8; 
567; 0; 1995.9105; 170; 341; 
567; 0; 1995.9103; 170; 341.2; 
567; 0; 1995.9101; 170; 341.4; 
567; 0; 1995.9099; 170; 341.6; 
567; 0; 1995.9097; 170; 341.8; 
567; 0; 1995.9096; 170; 342; 
567; 0; 1995.9094; 170; 342.2; 
567; 0; 1996.8781; 170; 342.4; 
567; 0; 1996.878; 170; 342.6; 
567; 0; 1996.8778; 170; 342.8; 
567; 0; 1996.8777; 170; 343; 
567; 0; 1996.8775; 170; 343.2; 
567; 0; 1997.8462; 170; 343.4; 
567; 0; 1997.8461; 170; 343.6; 
567; 0; 1998.8146; 170; 343.8; 
567; 0; 1998.8138; 170; 344; 
567; 0; 1999.7809; 170; 344.2; 
567; 0; 1999.7777; 170; 344.4; 
567; 0; 2000.7416; 170; 344.6; 
567; 0; 2000.7341; 170; 344.8; 
567; 0; 2000.7237; 170; 345; 
567; 0; 2000.7106; 170; 345.2; 
567; 0; 2001.6647; 170; 345.4; 
567; 0; 2003.5875; 170; 345.6; 
567; 0; 2006.4805; 170; 345.8; 
567; 0; 2010.3453; 170; 346; 
567; 0; 2015.183; 170; 346.2; 
567; 0; 2021.354; 170; 346.4; 
567; 0; 2027.6226; 170; 346.6; 
567; 0; 2033.4105; 170; 346.8; 
567; 0; 2038.8295; 170; 347; 
567; 0; 2042.4465; 170; 347.2; 
567; 0; 2046.064; 170; 347.4; 
567; 0; 2048.7792; 170; 347.6; 
567; 0; 2050.5911; 170; 347.8; 
567; 0; 2052.4008; 170; 348; 
567; 0; 2053.306; 170; 348.2; 
567; 0; 2053.3066; 170; 348.4; 
567; 0; 2054.2066; 170; 348.6; 
567; 0; 2054.2028; 170; 348.8; 
567; 0; 2054.1978; 170; 349; 
567; 0; 2055.0941; 170; 349.2; 
567; 0; 2055.9905; 170; 349.4; 
567; 0; 2056.8877; 170; 349.6; 
567; 0; 2058.6878; 170; 349.8; 
567; 0; 2060.4893; 170; 350; 
567; 0; 2062.2923; 170; 350.2; 
567; 0; 2064.0966; 170; 350.4; 
567; 0; 2065.9021; 170; 350.6; 
567; 0; 2067.7084; 170; 350.8; 
567; 0; 2068.6133; 170; 351; 
567; 0; 2069.5182; 170; 351.2; 
567; 0; 2070.4228; 170; 351.4; 
567; 0; 2071.327; 170; 351.6; 
567; 0; 2071.3292; 170; 351.8; 
567; 0; 2072.2332; 170; 352; 
567; 0; 2072.2356; 170; 352.2; 
567; 0; 2072.2383; 170; 352.4; 
567; 0; 2072.2413; 170; 352.6; 
567; 0; 2071.3427; 170; 352.8; 
567; 0; 2071.3459; 170; 353; 
567; 0; 2070.4469; 170; 353.2; 
567; 0; 2068.6456; 170; 353.4; 
567; 0; 2067.7454; 170; 353.6; 
567; 0; 2065.9425; 170; 353.8; 
567; 0; 2064.1387; 170; 354; 
567; 0; 2062.3342; 170; 354.2; 
567; 0; 2059.6272; 170; 354.4; 
567; 0; 2057.8218; 170; 354.6; 
567; 0; 2056.0161; 170; 354.8; 
567; 0; 2054.2106; 170; 355; 
567; 0; 2052.4053; 170; 355.2; 
567; 0; 2051.5024; 170; 355.4; 
567; 0; 2049.698; 170; 355.6; 
567; 0; 2047.8942; 170; 355.8; 
567; 0; 2046.9926; 170; 356; 
567; 0; 2045.1895; 170; 356.2; 
567; 0; 2044.2884; 170; 356.4; 
567; 0; 2042.4855; 170; 356.6; 
567; 0; 2040.6826; 170; 356.8; 
567; 0; 2039.7814; 170; 357; 
567; 0; 2037.9781; 170; 357.2; 
567; 0; 2036.1745; 170; 357.4; 
567; 0; 2035.2726; 170; 357.6; 
567; 0; 2033.4686; 170; 357.8; 
567; 0; 2032.5665; 170; 358; 
567; 0; 2030.7623; 170; 358.2; 
567; 0; 2029.8067; 170; 358.4; 
567; 0; 2027.7179; 170; 358.6; 
567; 0; 2026.6733; 170; 358.8; 
567; 0; 2025.6289; 170; 359; 
567; 0; 2024.5847; 170; 359.2; 
567; 0; 2022.4964; 170; 359.4; 
567; 0; 2021.4524; 170; 359.6; 
567; 0; 2020.4084; 170; 359.8; 
567; 0; 2019.3645; 170; 360; 
567; 0; 2018.3205; 170; 360.2; 
567; 0; 2017.2764; 170; 360.4; 
567; 0; 2016.2422; 170; 360.6; 
567; 0; 2015.2735; 170; 360.8; 
567; 0; 2014.3046; 170; 361; 
567; 0; 2013.3357; 170; 361.2; 
567; 0; 2012.3668; 170; 361.4; 
567; 0; 2012.3667; 170; 361.6; 
567; 0; 2011.3977; 170; 361.8; 
567; 0; 2010.4287; 170; 362; 
567; 0; 2009.4598; 170; 362.2; 
567; 0; 2008.4909; 170; 362.4; 
567; 0; 2008.4908; 170; 362.6; 
567; 0; 2007.5219; 170; 362.8; 
567; 0; 2007.5218; 170; 363; 
567; 0; 2006.553; 170; 363.2; 
567; 0; 2005.5841; 170; 363.4; 
567; 0; 2005.5842; 170; 363.6; 
567; 0; 2004.6153; 170; 363.8; 
567; 0; 2004.6153; 170; 364; 
567; 0; 2003.6464; 170; 364.2; 
567; 0; 2003.6464; 170; 364.4; 
567; 0; 2002.6774; 170; 364.6; 
567; 0; 2002.6772; 170; 364.8; 
567; 0; 2001.7082; 170; 365; 
567; 0; 2001.7081; 170; 365.2; 
567; 0; 2001.7081; 170; 365.4; 
567; 0; 2000.7392; 170; 365.6; 
567; 0; 2000.7392; 170; 365.8; 
567; 0; 2000.7392; 170; 366; 
567; 0; 1999.7703; 170; 366.2; 
567; 0; 1999.7702; 170; 366.4; 
567; 0; 1999.7702; 170; 366.6; 
567; 0; 1998.8012; 170; 366.8; 
567; 0; 1998.8011; 170; 367; 
567; 0; 1998.801; 170; 367.2; 
567; 0; 1998.8009; 170; 367.4; 
567; 0; 1997.8318; 170; 367.6; 
567; 0; 1997.8315; 170; 367.8; 
567; 0; 1997.8313; 170; 368; 
567; 0; 1997.8312; 170; 368.2; 
567; 0; 1996.8623; 170; 368.4; 
567; 0; 1996.8622; 170; 368.6; 
567; 0; 1996.8621; 170; 368.8; 
567; 0; 1996.862; 170; 369; 
567; 0; 1996.8619; 170; 369.2; 
567; 0; 1996.8618; 170; 369.4; 
567; 0; 1996.8617; 170; 369.6; 
567; 0; 1995.8928; 170; 369.8; 
567; 0; 1995.8927; 170; 370; 
567; 0; 1995.8925; 170; 370.2; 
567; 0; 1995.8924; 170; 370.4; 
567; 0; 1995.8922; 170; 370.6; 
567; 0; 1995.892; 170; 370.8; 
567; 0; 1995.8919; 170; 371; 
567; 0; 1995.8917; 170; 371.2; 
567; 0; 1995.8916; 170; 371.4; 
567; 0; 1995.8916; 170; 371.6; 
567; 0; 1995.8914; 170; 371.8; 
567; 0; 1995.8913; 170; 372; 
567; 0; 1995.8912; 170; 372.2; 
567; 0; 1995.8911; 170; 372.4; 
567; 0; 1994.9222; 170; 372.6; 
567; 0; 1994.9221; 170; 372.8; 
567; 0; 1994.9219; 170; 373; 
567; 0; 1994.9218; 170; 373.2; 
567; 0; 1994.9216; 170; 373.4; 
567; 0; 1994.9213; 170; 373.6; 
567; 0; 1994.9211; 170; 373.8; 
567; 0; 1994.9209; 170; 374; 
567; 0; 1994.9208; 170; 374.2; 
567; 0; 1994.9207; 170; 374.4; 
567; 0; 1994.9206; 170; 374.6; 
567; 0; 1994.9206; 170; 374.8; 
567; 0; 1994.9205; 170; 375; 
567; 0; 1994.9203; 170; 375.2; 
567; 0; 1994.9202; 170; 375.4; 
567; 0; 1994.9201; 170; 375.6; 
567; 0; 1994.92; 170; 375.8; 
567; 0; 1994.9199; 170; 376; 
567; 0; 1994.9197; 170; 376.2; 
567; 0; 1994.9196; 170; 376.4; 
567; 0; 1994.9194; 170; 376.6; 
567; 0; 1994.9192; 170; 376.8; 
567; 0; 1994.9191; 170; 377; 
567; 0; 1995.8878; 170; 377.2; 
567; 0; 1995.8878; 170; 377.4; 
567; 0; 1995.8877; 170; 377.6; 
567; 0; 1995.8876; 170; 377.8; 
567; 0; 1995.8874; 170; 378; 
567; 0; 1995.8872; 170; 378.2; 
567; 0; 1995.887; 170; 378.4; 
567; 0; 1995.8868; 170; 378.6; 
567; 0; 1995.8867; 170; 378.8; 
567; 0; 1996.8555; 170; 379; 
567; 0; 1996.8554; 170; 379.2; 
567; 0; 1996.8554; 170; 379.4; 
567; 0; 1996.8553; 170; 379.6; 
567; 0; 1996.8552; 170; 379.8; 
567; 0; 1996.855; 170; 380; 
567; 0; 1996.8548; 170; 380.2; 
567; 0; 1997.8233; 170; 380.4; 
567; 0; 1997.8231; 170; 380.6; 
567; 0; 1997.8228; 170; 380.8; 
567; 0; 1997.8227; 170; 381; 
567; 0; 1997.8225; 170; 381.2; 
567; 0; 1997.8224; 170; 381.4; 
567; 0; 1997.8224; 170; 381.6; 
567; 0; 1998.7912; 170; 381.8; 
567; 0; 1998.7911; 170; 382; 
567; 0; 1998.791; 170; 382.2; 
567; 0; 1998.7908; 170; 382.4; 
567; 0; 1998.7907; 170; 382.6; 
567; 0; 1998.7906; 170; 382.8; 
567; 0; 1998.7905; 170; 383; 
567; 0; 1998.7904; 170; 383.2; 
567; 0; 1998.7902; 170; 383.4; 
567; 0; 1998.7901; 170; 383.6; 
567; 0; 1998.79; 170; 383.8; 
567; 0; 1998.7899; 170; 384; 
567; 0; 1998.7898; 170; 384.2; 
567; 0; 1998.7896; 170; 384.4; 
567; 0; 1998.7894; 170; 384.6; 
567; 0; 1998.7893; 170; 384.8; 
567; 0; 1998.7891; 170; 385; 
567; 0; 1998.789; 170; 385.2; 
567; 0; 1998.7888; 170; 385.4; 
567; 0; 1999.7576; 170; 385.6; 
567; 0; 1999.7575; 170; 385.8; 
567; 0; 1999.7574; 170; 386; 
567; 0; 1999.7574; 170; 386.2; 
567; 0; 1999.7573; 170; 386.4; 
567; 0; 1999.7571; 170; 386.6; 
567; 0; 1999.757; 170; 386.8; 
567; 0; 1999.7568; 170; 387; 
567; 0; 1999.7567; 170; 387.2; 
567; 0; 1999.7565; 170; 387.4; 
567; 0; 1999.7564; 170; 387.6; 
567; 0; 1999.7564; 170; 387.8; 
567; 0; 1999.7563; 170; 388; 
567; 0; 1999.7562; 170; 388.2; 
567; 0; 1999.7561; 170; 388.4; 
567; 0; 1999.7559; 170; 388.6; 
567; 0; 1999.7558; 170; 388.8; 
567; 0; 1999.7557; 170; 389; 
567; 0; 1999.7556; 170; 389.2; 
567; 0; 1999.7555; 170; 389.4; 
567; 0; 1999.7553; 170; 389.6; 
567; 0; 1999.7551; 170; 389.8; 
567; 0; 1998.7861; 170; 390; 
567; 0; 1998.7859; 170; 390.2; 
567; 0; 1998.7858; 170; 390.4; 
567; 0; 1998.7857; 170; 390.6; 
567; 0; 1998.7856; 170; 390.8; 
567; 0; 1998.7854; 170; 391; 
567; 0; 1998.7852; 170; 391.2; 
567; 0; 1998.7852; 170; 391.4; 
567; 0; 1998.7851; 170; 391.6; 
567; 0; 1998.7851; 170; 391.8; 
567; 0; 1999.7538; 170; 392; 
567; 0; 1999.7538; 170; 392.2; 
567; 0; 1999.7538; 170; 392.4; 
567; 0; 1999.7537; 170; 392.6; 
567; 0; 1999.7535; 170; 392.8; 
567; 0; 1999.7533; 170; 393; 
567; 0; 1999.7532; 170; 393.2; 
567; 0; 1999.7532; 170; 393.4; 
567; 0; 1999.7531; 170; 393.6; 
567; 0; 1999.7529; 170; 393.8; 
567; 0; 1999.7528; 170; 394; 
567; 0; 1999.7526; 170; 394.2; 
567; 0; 1999.7525; 170; 394.4; 
567; 0; 1999.7523; 170; 394.6; 
567; 0; 1998.7834; 170; 394.8; 
567; 0; 1998.7833; 170; 395; 
567; 0; 1998.7832; 170; 395.2; 
567; 0; 1998.7831; 170; 395.4; 
567; 0; 1998.7831; 170; 395.6; 
567; 0; 1998.783; 170; 395.8; 
567; 0; 1998.7829; 170; 396; 
567; 0; 1998.7827; 170; 396.2; 
567; 0; 1998.7826; 170; 396.4; 
567; 0; 1998.7824; 170; 396.6; 
567; 0; 1998.7823; 170; 396.8; 
567; 0; 1998.7822; 170; 397; 
567; 0; 1998.7821; 170; 397.2; 
567; 0; 1998.7819; 170; 397.4; 
567; 0; 1998.7818; 170; 397.6; 
567; 0; 1998.7817; 170; 397.8; 
567; 0; 1999.7504; 170; 398; 
567; 0; 1999.7503; 170; 398.2; 
567; 0; 1999.7502; 170; 398.4; 
567; 0; 1999.7501; 170; 398.6; 
567; 0; 1999.7499; 170; 398.8; 
567; 0; 1999.7498; 170; 399; 
567; 0; 1999.7497; 170; 399.2; 
567; 0; 1999.7498; 170; 399.4; 
567; 0; 1999.7498; 170; 399.6; 
567; 0; 1999.7498; 170; 399.8; 
567; 0; 1999.7497; 170; 400; 
567; 0; 1999.7495; 170; 400.2; 
567; 0; 1998.7805; 170; 400.4; 
567; 0; 1998.7803; 170; 400.6; 
567; 0; 1998.7801; 170; 400.8; 
567; 0; 1998.78; 170; 401; 
567; 0; 1998.7798; 170; 401.2; 
567; 0; 1998.7797; 170; 401.4; 
567; 0; 1998.7795; 170; 401.6; 
567; 0; 1998.7794; 170; 401.8; 
567; 0; 1998.7792; 170; 402; 
567; 0; 1998.7791; 170; 402.2; 
567; 0; 1998.779; 170; 402.4; 
567; 0; 1998.7789; 170; 402.6; 
567; 0; 1998.7788; 170; 402.8; 
567; 0; 1998.7788; 170; 403; 
567; 0; 1998.7787; 170; 403.2; 
567; 0; 1998.7787; 170; 403.4; 
567; 0; 1998.7786; 170; 403.6; 
567; 0; 1998.7786; 170; 403.8; 
567; 0; 1998.7786; 170; 404; 
567; 0; 1998.7785; 170; 404.2; 
567; 0; 1998.7785; 170; 404.4; 
567; 0; 1998.7784; 170; 404.6; 
567; 0; 1998.7782; 170; 404.8; 
567; 0; 1998.778; 170; 405; 
567; 0; 1998.7778; 170; 405.2; 
567; 0; 1998.7776; 170; 405.4; 
567; 0; 1998.7774; 170; 405.6; 
567; 0; 1998.7772; 170; 405.8; 
567; 0; 1998.7771; 170; 406; 
567; 0; 1999.7458; 170; 406.2; 
567; 0; 1999.7457; 170; 406.4; 
567; 0; 1999.7457; 170; 406.6; 
567; 0; 1999.7457; 170; 406.8; 
567; 0; 1999.7456; 170; 407; 
567; 0; 1999.7456; 170; 407.2; 
567; 0; 1999.7455; 170; 407.4; 
567; 0; 1999.7453; 170; 407.6; 
567; 0; 1998.7764; 170; 407.8; 
567; 0; 1998.7762; 170; 408; 
567; 0; 1998.776; 170; 408.2; 
567; 0; 1998.7759; 170; 408.4; 
567; 0; 1998.7758; 170; 408.6; 
567; 0; 1998.7756; 170; 408.8; 
567; 0; 1998.7756; 170; 409; 
567; 0; 1998.7755; 170; 409.2; 
567; 0; 1998.7754; 170; 409.4; 
567; 0; 1998.7753; 170; 409.6; 
567; 0; 1998.7753; 170; 409.8; 
567; 0; 1998.7752; 170; 410; 
567; 0; 1998.7751; 170; 410.2; 
567; 0; 1998.775; 170; 410.4; 
567; 0; 1998.7749; 170; 410.6; 
567; 0; 1998.7748; 170; 410.8; 
567; 0; 1998.7747; 170; 411; 
567; 0; 1989.0867; 170; 411.2; 
567; 0; 1795.3277; 170; 411.4; 
567; 0; 1584.9642; 170; 411.6; 
567; 0; 1563.5371; 170; 411.8; 
567; 0; 1563.5371; 170; 412; 
567; 0; 1563.537; 170; 412.2; 
567; 0; 1563.5369; 170; 412.4; 
567; 0; 1563.5368; 170; 412.6; 
567; 0; 1563.5367; 170; 412.8; 
567; 0; 1563.5365; 170; 413; 
567; 0; 1563.5364; 170; 413.2; 
567; 0; 1563.5362; 170; 413.4; 
567; 0; 1563.536; 170; 413.6; 
567; 0; 1563.5358; 170; 413.8; 
567; 0; 1563.5355; 170; 414; 
567; 0; 1563.5352; 170; 414.2; 
567; 0; 1563.5349; 170; 414.4; 
567; 0; 1563.5346; 170; 414.6; 
567; 0; 1563.5343; 170; 414.8; 
567; 0; 1563.534; 170; 415; 
567; 0; 1563.5336; 170; 415.2; 
567; 0; 1563.5332; 170; 415.4; 
567; 0; 1563.5328; 170; 415.6; 
567; 0; 1563.5324; 170; 415.8; 
567; 0; 1563.5319; 170; 416; 
567; 0; 1550.2715; 170; 416.2; 
567; 0; 1550.271; 170; 416.4; 
567; 0; 1550.2704; 170; 416.6; 
567; 0; 1550.2699; 170; 416.8; 
567; 0; 1550.2694; 170; 417; 
567; 0; 1550.2688; 170; 417.2; 
567; 0; 1550.2683; 170; 417.4; 
567; 0; 1550.2678; 170; 417.6; 
567; 0; 1550.2673; 170; 417.8; 
567; 0; 1550.2669; 170; 418; 
567; 0; 1550.2664; 170; 418.2; 
567; 0; 1550.2659; 170; 418.4; 
567; 0; 1550.2654; 170; 418.6; 
567; 0; 1550.2649; 170; 418.8; 
567; 0; 1550.2644; 170; 419; 
567; 0; 1550.2639; 170; 419.2; 
567; 0; 1550.2634; 170; 419.4; 
567; 0; 1550.2629; 170; 419.6; 
567; 0; 1550.2624; 170; 419.8; 
567; 0; 1550.2618; 170; 420; 
567; 0; 1550.2613; 170; 420.2; 
567; 0; 1536.9891; 170; 420.4; 
567; 0; 1536.9886; 170; 420.6; 
567; 0; 1536.9881; 170; 420.8; 
567; 0; 1536.9876; 170; 421; 
567; 0; 1536.9871; 170; 421.2; 
567; 0; 1536.9867; 170; 421.4; 
567; 0; 1536.9862; 170; 421.6; 
567; 0; 1536.9858; 170; 421.8; 
567; 0; 1536.9853; 170; 422; 
567; 0; 1536.9848; 170; 422.2; 
567; 0; 1536.9844; 170; 422.4; 
567; 0; 1536.9839; 170; 422.6; 
567; 0; 1536.9834; 170; 422.8; 
567; 0; 1536.9829; 170; 423; 
567; 0; 1536.9823; 170; 423.2; 
567; 0; 1536.9818; 170; 423.4; 
567; 0; 1536.9814; 170; 423.6; 
567; 0; 1536.9809; 170; 423.8; 
567; 0; 1536.9804; 170; 424; 
567; 0; 1536.98; 170; 424.2; 
567; 0; 1536.9795; 170; 424.4; 
567; 0; 1536.9791; 170; 424.6; 
567; 0; 1536.9786; 170; 424.8; 
567; 0; 1523.6899; 170; 425; 
567; 0; 1523.6894; 170; 425.2; 
567; 0; 1523.6888; 170; 425.4; 
567; 0; 1523.6884; 170; 425.6; 
567; 0; 1523.6879; 170; 425.8; 
567; 0; 1523.6875; 170; 426; 
567; 0; 1523.687; 170; 426.2; 
567; 0; 1523.6866; 170; 426.4; 
567; 0; 1523.6862; 170; 426.6; 
567; 0; 1523.6858; 170; 426.8; 
567; 0; 1523.6853; 170; 427; 
567; 0; 1523.6849; 170; 427.2; 
567; 0; 1523.6844; 170; 427.4; 
567; 0; 1523.6839; 170; 427.6; 
567; 0; 1523.6834; 170; 427.8; 
567; 0; 1523.6829; 170; 428; 
567; 0; 1523.6824; 170; 428.2; 
567; 0; 1523.682; 170; 428.4; 
567; 0; 1523.6816; 170; 428.6; 
567; 0; 1523.6812; 170; 428.8; 
567; 0; 1523.6808; 170; 429; 
567; 0; 1523.6803; 170; 429.2; 
567; 0; 1523.6799; 170; 429.4; 
567; 0; 1523.6794; 170; 429.6; 
567; 0; 1523.679; 170; 429.8; 
567; 0; 1508.7645; 170; 430; 
567; 0; 1508.7641; 170; 430.2; 
567; 0; 1508.7636; 170; 430.4; 
567; 0; 1508.7632; 170; 430.6; 
567; 0; 1508.7628; 170; 430.8; 
567; 0; 1508.7624; 170; 431; 
567; 0; 1508.762; 170; 431.2; 
567; 0; 1508.7616; 170; 431.4; 
567; 0; 1508.7612; 170; 431.6; 
567; 0; 1508.7607; 170; 431.8; 
567; 0; 1508.7603; 170; 432; 
567; 0; 1508.7599; 170; 432.2; 
567; 0; 1508.7595; 170; 432.4; 
567; 0; 1508.7591; 170; 432.6; 
567; 0; 1508.7587; 170; 432.8; 
567; 0; 1508.7583; 170; 433; 
567; 0; 1508.7578; 170; 433.2; 
567; 0; 1508.7574; 170; 433.4; 
567; 0; 1508.757; 170; 433.6; 
567; 0; 1508.7566; 170; 433.8; 
567; 0; 1508.7562; 170; 434; 
567; 0; 1508.7559; 170; 434.2; 
567; 0; 1508.7555; 170; 434.4; 
567; 0; 1508.7551; 170; 434.6; 
567; 0; 1508.7547; 170; 434.8; 
567; 0; 1508.7543; 170; 435; 
567; 0; 1508.7538; 170; 435.2; 
567; 0; 1508.7534; 170; 435.4; 
567; 0; 1493.8695; 170; 435.6; 
567; 0; 1493.8691; 170; 435.8; 
567; 0; 1493.8687; 170; 436; 
567; 0; 1493.8683; 170; 436.2; 
567; 0; 1493.868; 170; 436.4; 
567; 0; 1494.9952; 170; 436.6; 
567; 0; 1506.2705; 170; 436.8; 
567; 0; 1518.6734; 170; 437; 
567; 0; 1529.9487; 170; 437.2; 
567; 0; 1542.3514; 170; 437.4; 
567; 0; 1553.6265; 170; 437.6; 
567; 0; 1564.9017; 170; 437.8; 
567; 0; 1576.1768; 170; 438; 
567; 0; 1587.4519; 170; 438.2; 
567; 0; 1597.5994; 170; 438.4; 
567; 0; 1607.7469; 170; 438.6; 
567; 0; 1617.8945; 170; 438.8; 
567; 0; 1626.9144; 170; 439; 
567; 0; 1635.9344; 170; 439.2; 
567; 0; 1644.9542; 170; 439.4; 
567; 0; 1652.8465; 170; 439.6; 
567; 0; 1660.7388; 170; 439.8; 
567; 0; 1667.5037; 170; 440; 
567; 0; 1674.2685; 170; 440.2; 
567; 0; 1681.0332; 170; 440.4; 
567; 0; 1687.798; 170; 440.6; 
567; 0; 1693.4351; 170; 440.8; 
567; 0; 1699.0716; 170; 441; 
567; 0; 1704.7072; 170; 441.2; 
567; 0; 1710.3412; 170; 441.4; 
567; 0; 1714.0405; 170; 441.6; 
567; 0; 1716.7527; 170; 441.8; 
567; 0; 1720.3684; 170; 442; 
567; 0; 1723.0759; 170; 442.2; 
567; 0; 1726.6873; 170; 442.4; 
567; 0; 1730.2977; 170; 442.6; 
567; 0; 1735.0943; 170; 442.8; 
567; 0; 1742.2579; 170; 443; 
567; 0; 1749.4245; 170; 443.2; 
567; 0; 1758.6451; 170; 443.4; 
567; 0; 1767.8704; 170; 443.6; 
567; 0; 1764.3625; 170; 443.8; 
567; 0; 1773.6891; 170; 444; 
567; 0; 1781.9841; 170; 444.2; 
567; 0; 1789.2464; 170; 444.4; 
567; 0; 1794.439; 170; 444.6; 
567; 0; 1799.631; 170; 444.8; 
567; 0; 1802.7504; 170; 445; 
567; 0; 1804.8313; 170; 445.2; 
567; 0; 1806.9087; 170; 445.4; 
567; 0; 1807.9466; 170; 445.6; 
567; 0; 1807.9454; 170; 445.8; 
567; 0; 1808.9764; 170; 446; 
567; 0; 1808.9697; 170; 446.2; 
567; 0; 1809.9969; 170; 446.4; 
567; 0; 1811.0238; 170; 446.6; 
567; 0; 1813.0865; 170; 446.8; 
567; 0; 1815.1505; 170; 447; 
567; 0; 1817.2162; 170; 447.2; 
567; 0; 1820.3194; 170; 447.4; 
567; 0; 1822.3894; 170; 447.6; 
567; 0; 1825.4968; 170; 447.8; 
567; 0; 1827.5705; 170; 448; 
567; 0; 1829.6453; 170; 448.2; 
567; 0; 1831.7208; 170; 448.4; 
567; 0; 1832.7609; 170; 448.6; 
567; 0; 1833.8006; 170; 448.8; 
567; 0; 1834.8395; 170; 449; 
567; 0; 1834.8419; 170; 449.2; 
567; 0; 1835.8784; 170; 449.4; 
567; 0; 1835.8785; 170; 449.6; 
567; 0; 1835.8774; 170; 449.8; 
567; 0; 1835.8756; 170; 450; 
567; 0; 1835.8733; 170; 450.2; 
567; 0; 1835.8707; 170; 450.4; 
567; 0; 1835.8683; 170; 450.6; 
567; 0; 1836.902; 170; 450.8; 
567; 0; 1836.9019; 170; 451; 
567; 0; 1837.9395; 170; 451.2; 
567; 0; 1838.9801; 170; 451.4; 
567; 0; 1840.0237; 170; 451.6; 
567; 0; 1840.0345; 170; 451.8; 
567; 0; 1840.0468; 170; 452; 
567; 0; 1839.024; 170; 452.2; 
567; 0; 1836.9629; 170; 452.4; 
567; 0; 1833.864; 170; 452.6; 
567; 0; 1830.7624; 170; 452.8; 
567; 0; 1827.658; 170; 453; 
567; 0; 1823.5152; 170; 453.2; 
567; 0; 1819.3701; 170; 453.4; 
567; 0; 1815.2231; 170; 453.6; 
567; 0; 1812.1106; 170; 453.8; 
567; 0; 1808.9977; 170; 454; 
567; 0; 1805.8842; 170; 454.2; 
567; 0; 1803.8074; 170; 454.4; 
567; 0; 1801.7324; 170; 454.6; 
567; 0; 1799.6593; 170; 454.8; 
567; 0; 1798.6234; 170; 455; 
567; 0; 1796.5535; 170; 455.2; 
567; 0; 1795.5202; 170; 455.4; 
567; 0; 1793.452; 170; 455.6; 
567; 0; 1792.4193; 170; 455.8; 
567; 0; 1791.3864; 170; 456; 
567; 0; 1789.3175; 170; 456.2; 
567; 0; 1788.2835; 170; 456.4; 
567; 0; 1786.2133; 170; 456.6; 
567; 0; 1785.1779; 170; 456.8; 
567; 0; 1783.1065; 170; 457; 
567; 0; 1782.0702; 170; 457.2; 
567; 0; 1779.9982; 170; 457.4; 
567; 0; 1778.9616; 170; 457.6; 
567; 0; 1777.9251; 170; 457.8; 
567; 0; 1776.8888; 170; 458; 
567; 0; 1775.8528; 170; 458.2; 
567; 0; 1774.8172; 170; 458.4; 
567; 0; 1774.8172; 170; 458.6; 
567; 0; 1773.782; 170; 458.8; 
567; 0; 1772.7469; 170; 459; 
567; 0; 1772.7473; 170; 459.2; 
567; 0; 1771.7123; 170; 459.4; 
567; 0; 1771.7127; 170; 459.6; 
567; 0; 1770.6776; 170; 459.8; 
567; 0; 1770.6779; 170; 460; 
567; 0; 1769.6426; 170; 460.2; 
567; 0; 1769.6428; 170; 460.4; 
567; 0; 1768.6074; 170; 460.6; 
567; 0; 1768.6073; 170; 460.8; 
567; 0; 1767.5718; 170; 461; 
567; 0; 1767.5718; 170; 461.2; 
567; 0; 1767.5718; 170; 461.4; 
567; 0; 1766.5365; 170; 461.6; 
567; 0; 1766.5366; 170; 461.8; 
567; 0; 1766.5366; 170; 462; 
567; 0; 1765.5013; 170; 462.2; 
567; 0; 1765.5013; 170; 462.4; 
567; 0; 1765.5014; 170; 462.6; 
567; 0; 1765.5014; 170; 462.8; 
567; 0; 1764.4661; 170; 463; 
567; 0; 1764.4662; 170; 463.2; 
567; 0; 1764.4663; 170; 463.4; 
567; 0; 1764.4663; 170; 463.6; 
567; 0; 1763.431; 170; 463.8; 
567; 0; 1763.431; 170; 464; 
567; 0; 1763.431; 170; 464.2; 
567; 0; 1763.4311; 170; 464.4; 
567; 0; 1763.4311; 170; 464.6; 
567; 0; 1763.4312; 170; 464.8; 
567; 0; 1763.4313; 170; 465; 
567; 0; 1762.3959; 170; 465.2; 
567; 0; 1762.396; 170; 465.4; 
567; 0; 1762.3961; 170; 465.6; 
567; 0; 1762.3961; 170; 465.8; 
567; 0; 1762.3961; 170; 466; 
567; 0; 1762.3961; 170; 466.2; 
567; 0; 1762.3961; 170; 466.4; 
567; 0; 1762.3962; 170; 466.6; 
567; 0; 1762.3963; 170; 466.8; 
567; 0; 1761.3609; 170; 467; 
567; 0; 1761.361; 170; 467.2; 
567; 0; 1761.3611; 170; 467.4; 
567; 0; 1761.3611; 170; 467.6; 
567; 0; 1761.3612; 170; 467.8; 
567; 0; 1774.1271; 170; 468; 
567; 0; 1774.1272; 170; 468.2; 
567; 0; 1774.1272; 170; 468.4; 
567; 0; 1774.1273; 170; 468.6; 
567; 0; 1774.1273; 170; 468.8; 
567; 0; 1773.1021; 170; 469; 
567; 0; 1773.1021; 170; 469.2; 
567; 0; 1773.1022; 170; 469.4; 
567; 0; 1772.077; 170; 469.6; 
567; 0; 1772.077; 170; 469.8; 
567; 0; 1772.077; 170; 470; 
567; 0; 1771.0518; 170; 470.2; 
567; 0; 1771.0518; 170; 470.4; 
567; 0; 1770.0266; 170; 470.6; 
567; 0; 1770.0267; 170; 470.8; 
567; 0; 1769.0015; 170; 471; 
567; 0; 1769.0016; 170; 471.2; 
567; 0; 1769.0018; 170; 471.4; 
567; 0; 1767.9766; 170; 471.6; 
567; 0; 1767.9767; 170; 471.8; 
567; 0; 1766.9516; 170; 472; 
567; 0; 1766.9517; 170; 472.2; 
567; 0; 1766.9518; 170; 472.4; 
567; 0; 1765.9266; 170; 472.6; 
567; 0; 1765.9266; 170; 472.8; 
567; 0; 1764.9013; 170; 473; 
567; 0; 1764.9013; 170; 473.2; 
567; 0; 1764.9013; 170; 473.4; 
567; 0; 1764.9013; 170; 473.6; 
567; 0; 1763.8762; 170; 473.8; 
567; 0; 1763.8763; 170; 474; 
567; 0; 1763.8764; 170; 474.2; 
567; 0; 1763.8765; 170; 474.4; 
567; 0; 1763.8766; 170; 474.6; 
567; 0; 1762.8515; 170; 474.8; 
567; 0; 1762.8515; 170; 475; 
567; 0; 1762.8516; 170; 475.2; 
567; 0; 1762.8515; 170; 475.4; 
567; 0; 1762.8509; 170; 475.6; 
567; 0; 1763.8747; 170; 475.8; 
567; 0; 1763.8717; 170; 476; 
567; 0; 1763.8665; 170; 476.2; 
567; 0; 1762.8336; 170; 476.4; 
567; 0; 1762.8228; 170; 476.6; 
567; 0; 1762.8094; 170; 476.8; 
567; 0; 1763.8197; 170; 477; 
567; 0; 1765.8551; 170; 477.2; 
567; 0; 1769.942; 170; 477.4; 
567; 0; 1762.2985; 170; 477.6; 
567; 0; 1768.5034; 170; 477.8; 
567; 0; 1774.7132; 170; 478; 
567; 0; 1782.9986; 170; 478.2; 
567; 0; 1790.2535; 170; 478.4; 
567; 0; 1797.5124; 170; 478.6; 
567; 0; 1802.7037; 170; 478.8; 
567; 0; 1807.8963; 170; 479; 
567; 0; 1812.0536; 170; 479.2; 
567; 0; 1814.1387; 170; 479.4; 
567; 0; 1816.221; 170; 479.6; 
567; 0; 1817.2644; 170; 479.8; 
567; 0; 1817.2684; 170; 480; 
567; 0; 1817.2686; 170; 480.2; 
567; 0; 1817.2653; 170; 480.4; 
567; 0; 1817.2594; 170; 480.6; 
567; 0; 1817.2518; 170; 480.8; 
567; 0; 1817.2435; 170; 481; 
567; 0; 1818.2708; 170; 481.2; 
567; 0; 1819.2991; 170; 481.4; 
567; 0; 1821.3644; 170; 481.6; 
567; 0; 1823.4317; 170; 481.8; 
567; 0; 1825.5011; 170; 482; 
567; 0; 1828.6079; 170; 482.2; 
567; 0; 1830.6812; 170; 482.4; 
567; 0; 1831.7203; 170; 482.6; 
567; 0; 1833.7956; 170; 482.8; 
567; 0; 1834.8358; 170; 483; 
567; 0; 1835.8756; 170; 483.2; 
567; 0; 1835.8794; 170; 483.4; 
567; 0; 1835.8822; 170; 483.6; 
567; 0; 1835.8837; 170; 483.8; 
567; 0; 1835.884; 170; 484; 
567; 0; 1835.8832; 170; 484.2; 
567; 0; 1835.8816; 170; 484.4; 
567; 0; 1835.8793; 170; 484.6; 
567; 0; 1835.8768; 170; 484.8; 
567; 0; 1835.8743; 170; 485; 
567; 0; 1835.8721; 170; 485.2; 
567; 0; 1835.8704; 170; 485.4; 
567; 0; 1836.9047; 170; 485.6; 
567; 0; 1836.9043; 170; 485.8; 
567; 0; 1837.9399; 170; 486; 
567; 0; 1837.9406; 170; 486.2; 
567; 0; 1838.9771; 170; 486.4; 
567; 0; 1838.9785; 170; 486.6; 
567; 0; 1838.9799; 170; 486.8; 
567; 0; 1838.9812; 170; 487; 
567; 0; 1840.0177; 170; 487.2; 
567; 0; 1840.0185; 170; 487.4; 
567; 0; 1838.9836; 170; 487.6; 
567; 0; 1838.9838; 170; 487.8; 
567; 0; 1838.9837; 170; 488; 
567; 0; 1838.9833; 170; 488.2; 
567; 0; 1838.9827; 170; 488.4; 
567; 0; 1838.982; 170; 488.6; 
567; 0; 1838.9814; 170; 488.8; 
567; 0; 1838.9808; 170; 489; 
567; 0; 1838.9804; 170; 489.2; 
567; 0; 1838.9801; 170; 489.4; 
567; 0; 1838.98; 170; 489.6; 
567; 0; 1838.9801; 170; 489.8; 
567; 0; 1840.0157; 170; 490; 
567; 0; 1840.016; 170; 490.2; 
567; 0; 1840.0164; 170; 490.4; 
567; 0; 1840.0169; 170; 490.6; 
567; 0; 1840.0173; 170; 490.8; 
567; 0; 1840.0176; 170; 491; 
567; 0; 1840.0178; 170; 491.2; 
567; 0; 1840.0179; 170; 491.4; 
567; 0; 1840.0179; 170; 491.6; 
567; 0; 1840.0179; 170; 491.8; 
567; 0; 1840.0178; 170; 492; 
567; 0; 1838.9824; 170; 492.2; 
567; 0; 1838.9824; 170; 492.4; 
567; 0; 1838.9824; 170; 492.6; 
567; 0; 1838.9823; 170; 492.8; 
567; 0; 1838.9823; 170; 493; 
567; 0; 1838.9823; 170; 493.2; 
567; 0; 1840.0179; 170; 493.4; 
567; 0; 1840.0189; 170; 493.6; 
567; 0; 1840.0215; 170; 493.8; 
567; 0; 1841.0619; 170; 494; 
567; 0; 1841.0697; 170; 494.2; 
567; 0; 1841.0799; 170; 494.4; 
567; 0; 1840.0566; 170; 494.6; 
567; 0; 1839.0325; 170; 494.8; 
567; 0; 1836.9712; 170; 495; 
567; 0; 1833.8727; 170; 495.2; 
567; 0; 1830.7716; 170; 495.4; 
567; 0; 1826.6321; 170; 495.6; 
567; 0; 1822.4898; 170; 495.8; 
567; 0; 1818.345; 170; 496; 
567; 0; 1814.1985; 170; 496.2; 
567; 0; 1811.0865; 170; 496.4; 
567; 0; 1806.9388; 170; 496.6; 
567; 0; 1803.827; 170; 496.8; 
567; 0; 1800.7161; 170; 497; 
567; 0; 1798.6414; 170; 497.2; 
567; 0; 1796.568; 170; 497.4; 
567; 0; 1794.4961; 170; 497.6; 
567; 0; 1792.4254; 170; 497.8; 
567; 0; 1791.3911; 170; 498; 
567; 0; 1789.3218; 170; 498.2; 
567; 0; 1787.2527; 170; 498.4; 
567; 0; 1786.2188; 170; 498.6; 
567; 0; 1784.1489; 170; 498.8; 
567; 0; 1782.0787; 170; 499; 
567; 0; 1781.0435; 170; 499.2; 
567; 0; 1778.9726; 170; 499.4; 
567; 0; 1777.9368; 170; 499.6; 
567; 0; 1776.9008; 170; 499.8; 
567; 0; 1774.8292; 170; 500; 
567; 0; 1773.7931; 170; 500.2; 
567; 0; 1772.7569; 170; 500.4; 
567; 0; 1771.7208; 170; 500.6; 
567; 0; 1770.685; 170; 500.8; 
567; 0; 1769.6493; 170; 501; 
567; 0; 1769.6493; 170; 501.2; 
567; 0; 1768.614; 170; 501.4; 
567; 0; 1767.5788; 170; 501.6; 
567; 0; 1767.5791; 170; 501.8; 
567; 0; 1766.5439; 170; 502; 
567; 0; 1766.5441; 170; 502.2; 
567; 0; 1765.5088; 170; 502.4; 
567; 0; 1765.5089; 170; 502.6; 
567; 0; 1764.4735; 170; 502.8; 
567; 0; 1764.4735; 170; 503; 
567; 0; 1763.4379; 170; 503.2; 
567; 0; 1763.4378; 170; 503.4; 
567; 0; 1763.4378; 170; 503.6; 
567; 0; 1762.4023; 170; 503.8; 
567; 0; 1762.4023; 170; 504; 
567; 0; 1762.4022; 170; 504.2; 
567; 0; 1762.4023; 170; 504.4; 
567; 0; 1761.3669; 170; 504.6; 
567; 0; 1761.3671; 170; 504.8; 
567; 0; 1774.1329; 170; 505; 
567; 0; 1774.133; 170; 505.2; 
567; 0; 1774.1331; 170; 505.4; 
567; 0; 1773.1079; 170; 505.6; 
567; 0; 1773.1079; 170; 505.8; 
567; 0; 1773.1079; 170; 506; 
567; 0; 1772.0827; 170; 506.2; 
567; 0; 1772.0828; 170; 506.4; 
567; 0; 1772.0828; 170; 506.6; 
567; 0; 1771.0576; 170; 506.8; 
567; 0; 1771.0575; 170; 507; 
567; 0; 1770.0322; 170; 507.2; 
567; 0; 1770.0322; 170; 507.4; 
567; 0; 1769.0069; 170; 507.6; 
567; 0; 1769.0069; 170; 507.8; 
567; 0; 1767.9816; 170; 508; 
567; 0; 1767.9817; 170; 508.2; 
567; 0; 1766.9566; 170; 508.4; 
567; 0; 1766.9568; 170; 508.6; 
567; 0; 1766.957; 170; 508.8; 
567; 0; 1765.9319; 170; 509; 
567; 0; 1765.932; 170; 509.2; 
567; 0; 1764.9068; 170; 509.4; 
567; 0; 1764.9068; 170; 509.6; 
567; 0; 1764.9068; 170; 509.8; 
567; 0; 1763.8816; 170; 510; 
567; 0; 1763.8816; 170; 510.2; 
567; 0; 1763.8816; 170; 510.4; 
567; 0; 1762.8564; 170; 510.6; 
567; 0; 1762.8564; 170; 510.8; 
567; 0; 1762.8564; 170; 511; 
567; 0; 1762.8564; 170; 511.2; 
567; 0; 1761.8312; 170; 511.4; 
567; 0; 1761.8311; 170; 511.6; 
567; 0; 1761.8311; 170; 511.8; 
567; 0; 1761.8312; 170; 512; 
567; 0; 1761.8312; 170; 512.2; 
567; 0; 1761.8313; 170; 512.4; 
567; 0; 1760.8061; 170; 512.6; 
567; 0; 1760.8061; 170; 512.8; 
567; 0; 1760.8062; 170; 513; 
567; 0; 1760.8062; 170; 513.2; 
567; 0; 1760.8063; 170; 513.4; 
567; 0; 1760.8063; 170; 513.6; 
567; 0; 1760.8064; 170; 513.8; 
567; 0; 1760.8064; 170; 514; 
567; 0; 1760.8065; 170; 514.2; 
567; 0; 1759.7812; 170; 514.4; 
567; 0; 1759.7813; 170; 514.6; 
567; 0; 1759.7813; 170; 514.8; 
567; 0; 1759.7813; 170; 515; 
567; 0; 1759.7813; 170; 515.2; 
567; 0; 1759.7813; 170; 515.4; 
567; 0; 1759.7812; 170; 515.6; 
567; 0; 1759.7812; 170; 515.8; 
567; 0; 1759.7812; 170; 516; 
567; 0; 1759.7812; 170; 516.2; 
567; 0; 1759.7812; 170; 516.4; 
567; 0; 1759.7812; 170; 516.6; 
567; 0; 1759.7812; 170; 516.8; 
567; 0; 1759.7812; 170; 517; 
567; 0; 1759.7813; 170; 517.2; 
567; 0; 1759.7813; 170; 517.4; 
567; 0; 1759.7814; 170; 517.6; 
567; 0; 1759.7814; 170; 517.8; 
567; 0; 1759.7815; 170; 518; 
567; 0; 1758.7563; 170; 518.2; 
567; 0; 1758.7563; 170; 518.4; 
567; 0; 1758.7563; 170; 518.6; 
567; 0; 1758.7564; 170; 518.8; 
567; 0; 1758.7564; 170; 519; 
567; 0; 1758.7564; 170; 519.2; 
567; 0; 1758.7564; 170; 519.4; 
567; 0; 1758.7563; 170; 519.6; 
567; 0; 1758.7563; 170; 519.8; 
567; 0; 1758.7562; 170; 520; 
567; 0; 1758.7562; 170; 520.2; 
567; 0; 1758.7562; 170; 520.4; 
567; 0; 1758.7562; 170; 520.6; 
567; 0; 1758.7562; 170; 520.8; 
567; 0; 1758.7562; 170; 521; 
567; 0; 1758.7563; 170; 521.2; 
567; 0; 1758.7563; 170; 521.4; 
567; 0; 1758.7563; 170; 521.6; 
567; 0; 1758.7564; 170; 521.8; 
567; 0; 1758.7564; 170; 522; 
567; 0; 1758.7565; 170; 522.2; 
567; 0; 1758.7565; 170; 522.4; 
567; 0; 1758.7566; 170; 522.6; 
567; 0; 1758.7566; 170; 522.8; 
567; 0; 1758.7566; 170; 523; 
567; 0; 1758.7565; 170; 523.2; 
567; 0; 1758.7565; 170; 523.4; 
567; 0; 1758.7565; 170; 523.6; 
567; 0; 1758.7565; 170; 523.8; 
567; 0; 1758.7566; 170; 524; 
567; 0; 1758.7566; 170; 524.2; 
567; 0; 1758.7566; 170; 524.4; 
567; 0; 1758.7567; 170; 524.6; 
567; 0; 1758.7567; 170; 524.8; 
567; 0; 1758.7567; 170; 525; 
567; 0; 1758.7566; 170; 525.2; 
567; 0; 1758.7566; 170; 525.4; 
567; 0; 1758.7566; 170; 525.6; 
567; 0; 1758.7566; 170; 525.8; 
567; 0; 1758.7566; 170; 526; 
567; 0; 1758.7566; 170; 526.2; 
567; 0; 1758.7566; 170; 526.4; 
567; 0; 1758.7567; 170; 526.6; 
567; 0; 1758.7567; 170; 526.8; 
567; 0; 1758.7567; 170; 527; 
567; 0; 1758.7567; 170; 527.2; 
567; 0; 1758.7568; 170; 527.4; 
567; 0; 1758.7568; 170; 527.6; 
567; 0; 1758.7568; 170; 527.8; 
567; 0; 1758.7568; 170; 528; 
567; 0; 1758.7568; 170; 528.2; 
567; 0; 1758.7568; 170; 528.4; 
567; 0; 1758.7568; 170; 528.6; 
567; 0; 1757.7316; 170; 528.8; 
567; 0; 1757.7316; 170; 529; 
567; 0; 1757.7316; 170; 529.2; 
567; 0; 1757.7316; 170; 529.4; 
567; 0; 1757.7316; 170; 529.6; 
567; 0; 1757.7316; 170; 529.8; 
567; 0; 1757.7316; 170; 530; 
567; 0; 1757.7316; 170; 530.2; 
567; 0; 1757.7316; 170; 530.4; 
567; 0; 1757.7316; 170; 530.6; 
567; 0; 1757.7316; 170; 530.8; 
567; 0; 1757.7317; 170; 531; 
567; 0; 1757.7317; 170; 531.2; 
567; 0; 1757.7317; 170; 531.4; 
567; 0; 1757.7318; 170; 531.6; 
567; 0; 1757.7318; 170; 531.8; 
567; 0; 1757.7318; 170; 532; 
567; 0; 1757.7318; 170; 532.2; 
567; 0; 1757.7318; 170; 532.4; 
567; 0; 1757.7318; 170; 532.6; 
567; 0; 1757.7317; 170; 532.8; 
567; 0; 1757.7318; 170; 533; 
567; 0; 1757.7318; 170; 533.2; 
567; 0; 1757.7318; 170; 533.4; 
567; 0; 1757.7319; 170; 533.6; 
567; 0; 1757.7319; 170; 533.8; 
567; 0; 1757.7319; 170; 534; 
567; 0; 1757.7319; 170; 534.2; 
567; 0; 1757.7319; 170; 534.4; 
567; 0; 1757.7319; 170; 534.6; 
567; 0; 1757.7319; 170; 534.8; 
567; 0; 1757.7319; 170; 535; 
567; 0; 1757.7319; 170; 535.2; 
567; 0; 1757.7319; 170; 535.4; 
567; 0; 1757.7319; 170; 535.6; 
567; 0; 1757.7319; 170; 535.8; 
567; 0; 1757.7319; 170; 536; 
567; 0; 1757.7319; 170; 536.2; 
567; 0; 1757.7319; 170; 536.4; 
567; 0; 1757.7319; 170; 536.6; 
567; 0; 1757.7319; 170; 536.8; 
567; 0; 1757.7319; 170; 537; 
567; 0; 1757.7319; 170; 537.2; 
567; 0; 1757.732; 170; 537.4; 
567; 0; 1757.732; 170; 537.6; 
567; 0; 1757.732; 170; 537.8; 
567; 0; 1757.732; 170; 538; 
567; 0; 1757.732; 170; 538.2; 
567; 0; 1757.732; 170; 538.4; 
567; 0; 1757.732; 170; 538.6; 
567; 0; 1758.7572; 170; 538.8; 
567; 0; 1758.7571; 170; 539; 
567; 0; 1758.7569; 170; 539.2; 
567; 0; 1758.7562; 170; 539.4; 
567; 0; 1759.7799; 170; 539.6; 
567; 0; 1759.7765; 170; 539.8; 
567; 0; 1759.7712; 170; 540; 
567; 0; 1759.7635; 170; 540.2; 
567; 0; 1759.7537; 170; 540.4; 
567; 0; 1759.7422; 170; 540.6; 
567; 0; 1761.78; 170; 540.8; 
567; 0; 1762.7924; 170; 541; 
567; 0; 1765.8558; 170; 541.2; 
567; 0; 1769.9464; 170; 541.4; 
567; 0; 1763.3422; 170; 541.6; 
567; 0; 1769.551; 170; 541.8; 
567; 0; 1775.7643; 170; 542; 
567; 0; 1783.0179; 170; 542.2; 
567; 0; 1790.2763; 170; 542.4; 
567; 0; 1796.5037; 170; 542.6; 
567; 0; 1801.6989; 170; 542.8; 
567; 0; 1804.8248; 170; 543; 
567; 0; 1807.9503; 170; 543.2; 
567; 0; 1809.0018; 170; 543.4; 
567; 0; 1809.0122; 170; 543.6; 
567; 0; 1807.9829; 170; 543.8; 
567; 0; 1806.9491; 170; 544; 
567; 0; 1804.8754; 170; 544.2; 
567; 0; 1802.7979; 170; 544.4; 
567; 0; 1800.7177; 170; 544.6; 
567; 0; 1799.6695; 170; 544.8; 
567; 0; 1798.6206; 170; 545; 
567; 0; 1798.6084; 170; 545.2; 
567; 0; 1799.6342; 170; 545.4; 
567; 0; 1801.6991; 170; 545.6; 
567; 0; 1803.768; 170; 545.8; 
567; 0; 1805.8413; 170; 546; 
567; 0; 1807.9185; 170; 546.2; 
567; 0; 1809.9988; 170; 546.4; 
567; 0; 1811.0456; 170; 546.6; 
567; 0; 1811.0575; 170; 546.8; 
567; 0; 1811.0685; 170; 547; 
567; 0; 1810.0406; 170; 547.2; 
567; 0; 1807.9747; 170; 547.4; 
567; 0; 1805.9062; 170; 547.6; 
567; 0; 1803.8351; 170; 547.8; 
567; 0; 1801.7617; 170; 548; 
567; 0; 1799.6866; 170; 548.2; 
567; 0; 1797.6105; 170; 548.4; 
567; 0; 1795.5333; 170; 548.6; 
567; 0; 1794.4915; 170; 548.8; 
567; 0; 1793.451; 170; 549; 
567; 0; 1792.4122; 170; 549.2; 
567; 0; 1792.4107; 170; 549.4; 
567; 0; 1792.4111; 170; 549.6; 
567; 0; 1792.4131; 170; 549.8; 
567; 0; 1791.3809; 170; 550; 
567; 0; 1791.3847; 170; 550.2; 
567; 0; 1790.3532; 170; 550.4; 
567; 0; 1790.357; 170; 550.6; 
567; 0; 1789.3246; 170; 550.8; 
567; 0; 1788.2911; 170; 551; 
567; 0; 1787.2566; 170; 551.2; 
567; 0; 1785.186; 170; 551.4; 
567; 0; 1784.1501; 170; 551.6; 
567; 0; 1783.1138; 170; 551.8; 
567; 0; 1782.0772; 170; 552; 
567; 0; 1781.0402; 170; 552.2; 
567; 0; 1780.0034; 170; 552.4; 
567; 0; 1778.9668; 170; 552.6; 
567; 0; 1778.9661; 170; 552.8; 
567; 0; 1777.9304; 170; 553; 
567; 0; 1776.8951; 170; 553.2; 
567; 0; 1776.8956; 170; 553.4; 
567; 0; 1775.861; 170; 553.6; 
567; 0; 1775.8619; 170; 553.8; 
567; 0; 1774.8274; 170; 554; 
567; 0; 1774.8281; 170; 554.2; 
567; 0; 1773.7933; 170; 554.4; 
567; 0; 1772.7582; 170; 554.6; 
567; 0; 1772.7584; 170; 554.8; 
567; 0; 1771.7231; 170; 555; 
567; 0; 1771.7231; 170; 555.2; 
567; 0; 1770.6876; 170; 555.4; 
567; 0; 1770.6875; 170; 555.6; 
567; 0; 1769.652; 170; 555.8; 
567; 0; 1769.6519; 170; 556; 
567; 0; 1768.6165; 170; 556.2; 
567; 0; 1768.6165; 170; 556.4; 
567; 0; 1767.5812; 170; 556.6; 
567; 0; 1767.5813; 170; 556.8; 
567; 0; 1767.5815; 170; 557; 
567; 0; 1766.5462; 170; 557.2; 
567; 0; 1766.5464; 170; 557.4; 
567; 0; 1766.5465; 170; 557.6; 
567; 0; 1765.5112; 170; 557.8; 
567; 0; 1765.5114; 170; 558; 
567; 0; 1765.5115; 170; 558.2; 
567; 0; 1764.4761; 170; 558.4; 
567; 0; 1764.4762; 170; 558.6; 
567; 0; 1764.4762; 170; 558.8; 
567; 0; 1763.4408; 170; 559; 
567; 0; 1763.4408; 170; 559.2; 
567; 0; 1763.4408; 170; 559.4; 
567; 0; 1763.4409; 170; 559.6; 
567; 0; 1762.4055; 170; 559.8; 
567; 0; 1762.4055; 170; 560; 
567; 0; 1762.4056; 170; 560.2; 
567; 0; 1762.4056; 170; 560.4; 
567; 0; 1762.4057; 170; 560.6; 
567; 0; 1761.3703; 170; 560.8; 
567; 0; 1761.3704; 170; 561; 
567; 0; 1774.1361; 170; 561.2; 
567; 0; 1774.1361; 170; 561.4; 
567; 0; 1774.1362; 170; 561.6; 
567; 0; 1773.111; 170; 561.8; 
567; 0; 1773.1111; 170; 562; 
567; 0; 1773.1111; 170; 562.2; 
567; 0; 1772.0859; 170; 562.4; 
567; 0; 1772.0859; 170; 562.6; 
567; 0; 1771.0606; 170; 562.8; 
567; 0; 1771.0607; 170; 563; 
567; 0; 1770.0355; 170; 563.2; 
567; 0; 1770.0355; 170; 563.4; 
567; 0; 1769.0103; 170; 563.6; 
567; 0; 1769.0104; 170; 563.8; 
567; 0; 1767.9853; 170; 564; 
567; 0; 1767.9853; 170; 564.2; 
567; 0; 1766.9602; 170; 564.4; 
567; 0; 1766.9602; 170; 564.6; 
567; 0; 1766.9603; 170; 564.8; 
567; 0; 1765.9351; 170; 565; 
567; 0; 1765.9351; 170; 565.2; 
567; 0; 1764.9099; 170; 565.4; 
567; 0; 1764.9098; 170; 565.6; 
567; 0; 1763.8846; 170; 565.8; 
567; 0; 1763.8846; 170; 566; 
567; 0; 1763.8846; 170; 566.2; 
567; 0; 1762.8595; 170; 566.4; 
567; 0; 1762.8595; 170; 566.6; 
567; 0; 1762.8596; 170; 566.8; 
567; 0; 1761.8345; 170; 567; 
567; 0; 1761.8346; 170; 567.2; 
567; 0; 1761.8346; 170; 567.4; 
567; 0; 1761.8346; 170; 567.6; 
567; 0; 1760.8094; 170; 567.8; 
567; 0; 1760.8094; 170; 568; 
567; 0; 1760.8094; 170; 568.2; 
567; 0; 1760.8095; 170; 568.4; 
567; 0; 1759.7842; 170; 568.6; 
567; 0; 1759.7842; 170; 568.8; 
567; 0; 1759.7842; 170; 569; 
567; 0; 1759.7842; 170; 569.2; 
567; 0; 1759.7842; 170; 569.4; 
567; 0; 1759.7842; 170; 569.6; 
567; 0; 1758.759; 170; 569.8; 
567; 0; 1758.7591; 170; 570; 
567; 0; 1758.7591; 170; 570.2; 
567; 0; 1758.7591; 170; 570.4; 
567; 0; 1758.7592; 170; 570.6; 
567; 0; 1758.7592; 170; 570.8; 
567; 0; 1758.7592; 170; 571; 
567; 0; 1758.7592; 170; 571.2; 
567; 0; 1758.7592; 170; 571.4; 
567; 0; 1758.7592; 170; 571.6; 
567; 0; 1757.734; 170; 571.8; 
567; 0; 1757.7339; 170; 572; 
567; 0; 1757.7339; 170; 572.2; 
567; 0; 1757.7339; 170; 572.4; 
567; 0; 1757.7339; 170; 572.6; 
567; 0; 1757.7339; 170; 572.8; 
567; 0; 1757.7339; 170; 573; 
567; 0; 1757.734; 170; 573.2; 
567; 0; 1757.734; 170; 573.4; 
567; 0; 1757.7341; 170; 573.6; 
567; 0; 1757.7342; 170; 573.8; 
567; 0; 1757.7342; 170; 574; 
567; 0; 1757.7342; 170; 574.2; 
567; 0; 1757.7342; 170; 574.4; 
567; 0; 1757.7342; 170; 574.6; 
567; 0; 1757.7341; 170; 574.8; 
567; 0; 1757.7341; 170; 575; 
567; 0; 1757.7341; 170; 575.2; 
567; 0; 1757.7341; 170; 575.4; 
567; 0; 1757.7341; 170; 575.6; 
567; 0; 1757.7342; 170; 575.8; 
567; 0; 1756.709; 170; 576; 
567; 0; 1756.709; 170; 576.2; 
567; 0; 1756.7091; 170; 576.4; 
567; 0; 1756.7091; 170; 576.6; 
567; 0; 1756.7092; 170; 576.8; 
567; 0; 1756.7092; 170; 577; 
567; 0; 1756.7092; 170; 577.2; 
567; 0; 1756.7091; 170; 577.4; 
567; 0; 1756.7091; 170; 577.6; 
567; 0; 1756.709; 170; 577.8; 
567; 0; 1756.709; 170; 578; 
567; 0; 1756.709; 170; 578.2; 
567; 0; 1756.709; 170; 578.4; 
567; 0; 1756.709; 170; 578.6; 
567; 0; 1756.709; 170; 578.8; 
567; 0; 1756.709; 170; 579; 
567; 0; 1756.709; 170; 579.2; 
567; 0; 1756.709; 170; 579.4; 
567; 0; 1756.7091; 170; 579.6; 
567; 0; 1756.7091; 170; 579.8; 
567; 0; 1756.7091; 170; 580; 
567; 0; 1756.7092; 170; 580.2; 
567; 0; 1756.7092; 170; 580.4; 
567; 0; 1756.7093; 170; 580.6; 
567; 0; 1756.7093; 170; 580.8; 
567; 0; 1756.7093; 170; 581; 
567; 0; 1756.7092; 170; 581.2; 
567; 0; 1756.7092; 170; 581.4; 
567; 0; 1756.7092; 170; 581.6; 
567; 0; 1756.7092; 170; 581.8; 
567; 0; 1756.7091; 170; 582; 
567; 0; 1756.7091; 170; 582.2; 
567; 0; 1756.7091; 170; 582.4; 
567; 0; 1756.7091; 170; 582.6; 
567; 0; 1756.7091; 170; 582.8; 
567; 0; 1756.7092; 170; 583; 
567; 0; 1756.7092; 170; 583.2; 
567; 0; 1756.7092; 170; 583.4; 
567; 0; 1756.7092; 170; 583.6; 
567; 0; 1756.7092; 170; 583.8; 
567; 0; 1756.7092; 170; 584; 
567; 0; 1756.7092; 170; 584.2; 
567; 0; 1756.7092; 170; 584.4; 
567; 0; 1756.7092; 170; 584.6; 
567; 0; 1757.7343; 170; 584.8; 
567; 0; 1757.7337; 170; 585; 
567; 0; 1757.7324; 170; 585.2; 
567; 0; 1757.73; 170; 585.4; 
567; 0; 1758.7503; 170; 585.6; 
567; 0; 1758.7429; 170; 585.8; 
567; 0; 1757.7074; 170; 586; 
567; 0; 1758.7197; 170; 586.2; 
567; 0; 1758.7051; 170; 586.4; 
567; 0; 1760.7406; 170; 586.6; 
567; 0; 1764.8275; 170; 586.8; 
567; 0; 1768.9171; 170; 587; 
567; 0; 1762.3025; 170; 587.2; 
567; 0; 1769.5473; 170; 587.4; 
567; 0; 1776.7973; 170; 587.6; 
567; 0; 1785.0875; 170; 587.8; 
567; 0; 1791.3112; 170; 588; 
567; 0; 1797.5379; 170; 588.2; 
567; 0; 1802.7307; 170; 588.4; 
567; 0; 1805.8527; 170; 588.6; 
567; 0; 1808.973; 170; 588.8; 
567; 0; 1811.0552; 170; 589; 
567; 0; 1811.0629; 170; 589.2; 
567; 0; 1812.102; 170; 589.4; 
567; 0; 1812.1019; 170; 589.6; 
567; 0; 1811.0631; 170; 589.8; 
567; 0; 1811.0577; 170; 590; 
567; 0; 1812.0869; 170; 590.2; 
567; 0; 1812.0812; 170; 590.4; 
567; 0; 1813.1127; 170; 590.6; 
567; 0; 1815.1823; 170; 590.8; 
567; 0; 1816.2196; 170; 591; 
567; 0; 1817.2599; 170; 591.2; 
567; 0; 1818.3027; 170; 591.4; 
567; 0; 1818.3118; 170; 591.6; 
567; 0; 1818.3206; 170; 591.8; 
567; 0; 1817.2925; 170; 592; 
567; 0; 1815.2274; 170; 592.2; 
567; 0; 1813.1603; 170; 592.4; 
567; 0; 1811.091; 170; 592.6; 
567; 0; 1807.9839; 170; 592.8; 
567; 0; 1804.8748; 170; 593; 
567; 0; 1802.7998; 170; 593.2; 
567; 0; 1799.6886; 170; 593.4; 
567; 0; 1797.6128; 170; 593.6; 
567; 0; 1795.5373; 170; 593.8; 
567; 0; 1794.4975; 170; 594; 
567; 0; 1792.4237; 170; 594.2; 
567; 0; 1791.387; 170; 594.4; 
567; 0; 1791.3873; 170; 594.6; 
567; 0; 1790.3533; 170; 594.8; 
567; 0; 1789.3202; 170; 595; 
567; 0; 1788.2876; 170; 595.2; 
567; 0; 1787.2548; 170; 595.4; 
567; 0; 1786.2214; 170; 595.6; 
567; 0; 1785.1875; 170; 595.8; 
567; 0; 1783.1176; 170; 596; 
567; 0; 1782.0826; 170; 596.2; 
567; 0; 1781.0471; 170; 596.4; 
567; 0; 1780.0111; 170; 596.6; 
567; 0; 1777.9395; 170; 596.8; 
567; 0; 1776.9032; 170; 597; 
567; 0; 1775.8669; 170; 597.2; 
567; 0; 1774.8307; 170; 597.4; 
567; 0; 1773.7948; 170; 597.6; 
567; 0; 1773.7945; 170; 597.8; 
567; 0; 1772.759; 170; 598; 
567; 0; 1771.7237; 170; 598.2; 
567; 0; 1771.7241; 170; 598.4; 
567; 0; 1770.6891; 170; 598.6; 
567; 0; 1770.6896; 170; 598.8; 
567; 0; 1769.6546; 170; 599; 
567; 0; 1768.6195; 170; 599.2; 
567; 0; 1768.6198; 170; 599.4; 
567; 0; 1767.5845; 170; 599.6; 
567; 0; 1767.5845; 170; 599.8; 
567; 0; 1766.549; 170; 600; 
567; 0; 1766.549; 170; 600.2; 
567; 0; 1765.5135; 170; 600.4; 
567; 0; 1765.5134; 170; 600.6; 
567; 0; 1764.4779; 170; 600.8; 
567; 0; 1764.478; 170; 601; 
567; 0; 1764.4781; 170; 601.2; 
567; 0; 1763.4428; 170; 601.4; 
567; 0; 1763.4429; 170; 601.6; 
567; 0; 1763.443; 170; 601.8; 
567; 0; 1762.4076; 170; 602; 
567; 0; 1762.4077; 170; 602.2; 
567; 0; 1762.4078; 170; 602.4; 
567; 0; 1761.3724; 170; 602.6; 
567; 0; 1761.3725; 170; 602.8; 
567; 0; 1774.138; 170; 603; 
567; 0; 1774.138; 170; 603.2; 
567; 0; 1773.1128; 170; 603.4; 
567; 0; 1773.1128; 170; 603.6; 
567; 0; 1773.1128; 170; 603.8; 
567; 0; 1772.0876; 170; 604; 
567; 0; 1772.0876; 170; 604.2; 
567; 0; 1772.0876; 170; 604.4; 
567; 0; 1771.0624; 170; 604.6; 
567; 0; 1771.0625; 170; 604.8; 
567; 0; 1770.0373; 170; 605; 
567; 0; 1770.0374; 170; 605.2; 
567; 0; 1769.0123; 170; 605.4; 
567; 0; 1767.9871; 170; 605.6; 
567; 0; 1767.9872; 170; 605.8; 
567; 0; 1766.962; 170; 606; 
567; 0; 1766.9621; 170; 606.2; 
567; 0; 1765.9369; 170; 606.4; 
567; 0; 1765.9369; 170; 606.6; 
567; 0; 1764.9117; 170; 606.8; 
567; 0; 1764.9118; 170; 607; 
567; 0; 1763.8866; 170; 607.2; 
567; 0; 1763.8867; 170; 607.4; 
567; 0; 1763.8867; 170; 607.6; 
567; 0; 1762.8615; 170; 607.8; 
567; 0; 1762.8614; 170; 608; 
567; 0; 1761.8361; 170; 608.2; 
567; 0; 1761.8361; 170; 608.4; 
567; 0; 1761.836; 170; 608.6; 
567; 0; 1760.8108; 170; 608.8; 
567; 0; 1760.8109; 170; 609; 
567; 0; 1760.811; 170; 609.2; 
567; 0; 1760.8111; 170; 609.4; 
567; 0; 1759.7859; 170; 609.6; 
567; 0; 1759.786; 170; 609.8; 
567; 0; 1759.786; 170; 610; 
567; 0; 1759.7861; 170; 610.2; 
567; 0; 1758.7608; 170; 610.4; 
567; 0; 1758.7608; 170; 610.6; 
567; 0; 1758.7609; 170; 610.8; 
567; 0; 1758.7609; 170; 611; 
567; 0; 1758.7609; 170; 611.2; 
567; 0; 1758.761; 170; 611.4; 
567; 0; 1758.761; 170; 611.6; 
567; 0; 1757.7359; 170; 611.8; 
567; 0; 1757.7359; 170; 612; 
567; 0; 1757.7359; 170; 612.2; 
567; 0; 1757.7358; 170; 612.4; 
567; 0; 1757.7358; 170; 612.6; 
567; 0; 1757.7357; 170; 612.8; 
567; 0; 1757.7357; 170; 613; 
567; 0; 1757.7358; 170; 613.2; 
567; 0; 1757.7358; 170; 613.4; 
567; 0; 1757.7359; 170; 613.6; 
567; 0; 1756.7106; 170; 613.8; 
567; 0; 1756.7106; 170; 614; 
567; 0; 1756.7107; 170; 614.2; 
567; 0; 1756.7107; 170; 614.4; 
567; 0; 1756.7107; 170; 614.6; 
567; 0; 1756.7107; 170; 614.8; 
567; 0; 1756.7106; 170; 615; 
567; 0; 1756.7106; 170; 615.2; 
567; 0; 1756.7106; 170; 615.4; 
567; 0; 1756.7106; 170; 615.6; 
567; 0; 1756.7106; 170; 615.8; 
567; 0; 1756.7107; 170; 616; 
567; 0; 1756.7108; 170; 616.2; 
567; 0; 1756.7108; 170; 616.4; 
567; 0; 1756.7109; 170; 616.6; 
567; 0; 1756.7109; 170; 616.8; 
567; 0; 1756.7109; 170; 617; 
567; 0; 1756.7109; 170; 617.2; 
567; 0; 1756.711; 170; 617.4; 
567; 0; 1755.6857; 170; 617.6; 
567; 0; 1755.6857; 170; 617.8; 
567; 0; 1755.6856; 170; 618; 
567; 0; 1755.6856; 170; 618.2; 
567; 0; 1755.6855; 170; 618.4; 
567; 0; 1755.6855; 170; 618.6; 
567; 0; 1755.6855; 170; 618.8; 
567; 0; 1755.6855; 170; 619; 
567; 0; 1755.6855; 170; 619.2; 
567; 0; 1755.6856; 170; 619.4; 
567; 0; 1755.6856; 170; 619.6; 
567; 0; 1755.6856; 170; 619.8; 
567; 0; 1755.6857; 170; 620; 
567; 0; 1755.6857; 170; 620.2; 
567; 0; 1755.6857; 170; 620.4; 
567; 0; 1755.6858; 170; 620.6; 
567; 0; 1755.6857; 170; 620.8; 
567; 0; 1755.6857; 170; 621; 
567; 0; 1755.6857; 170; 621.2; 
567; 0; 1755.6857; 170; 621.4; 
567; 0; 1755.6857; 170; 621.6; 
567; 0; 1755.6857; 170; 621.8; 
567; 0; 1755.6857; 170; 622; 
567; 0; 1755.6857; 170; 622.2; 
567; 0; 1755.6857; 170; 622.4; 
567; 0; 1755.6857; 170; 622.6; 
567; 0; 1755.6856; 170; 622.8; 
567; 0; 1755.6856; 170; 623; 
567; 0; 1755.6857; 170; 623.2; 
567; 0; 1755.6857; 170; 623.4; 
567; 0; 1755.6858; 170; 623.6; 
567; 0; 1755.6858; 170; 623.8; 
567; 0; 1755.6858; 170; 624; 
567; 0; 1755.6858; 170; 624.2; 
567; 0; 1755.6858; 170; 624.4; 
567; 0; 1755.6858; 170; 624.6; 
567; 0; 1755.6857; 170; 624.8; 
567; 0; 1755.6857; 170; 625; 
567; 0; 1755.6856; 170; 625.2; 
567; 0; 1755.6857; 170; 625.4; 
567; 0; 1755.6857; 170; 625.6; 
567; 0; 1755.6858; 170; 625.8; 
567; 0; 1755.6858; 170; 626; 
567; 0; 1755.6859; 170; 626.2; 
567; 0; 1755.6859; 170; 626.4; 
567; 0; 1755.6859; 170; 626.6; 
567; 0; 1755.6859; 170; 626.8; 
567; 0; 1755.6858; 170; 627; 
567; 0; 1755.6858; 170; 627.2; 
567; 0; 1755.6857; 170; 627.4; 
567; 0; 1755.6856; 170; 627.6; 
567; 0; 1755.6856; 170; 627.8; 
567; 0; 1755.6857; 170; 628; 
567; 0; 1755.6857; 170; 628.2; 
567; 0; 1755.6858; 170; 628.4; 
567; 0; 1755.6858; 170; 628.6; 
567; 0; 1755.6859; 170; 628.8; 
567; 0; 1755.686; 170; 629; 
567; 0; 1755.686; 170; 629.2; 
567; 0; 1755.686; 170; 629.4; 
567; 0; 1754.6607; 170; 629.6; 
567; 0; 1754.6606; 170; 629.8; 
567; 0; 1754.6605; 0; 630; 
567; 0; 0; 0; 630.2; 
567; 0; 0; 0; 630.4; 
567; 0; 0; 0; 630.6; 
567; 0; 0; 0; 630.8; 
567; 0; 0; 0; 631; 
567; 0; 0; 0; 631.2; 
567; 0; 0; 0; 631.4; 
567; 0; 0; 0; 631.6; 
567; 0; 0; 0; 631.8; 
567; 0; 0; 0; 632; 
567; 0; 0; 0; 632.2; 
567; 0; 0; 0; 632.4; 
567; 0; 0; 0; 632.6; 
567; 0; 0; 0; 632.8; 
567; 0; 0; 0; 633; 
567; 0; 0; 0; 633.2; 
567; 0; 0; 0; 633.4; 
567; 0; 0; 0; 633.6; 
567; 0; 0; 0; 633.8; 
567; 0; 0; 0; 634; 
567; 0; 0; 0; 634.2; 
567; 0; 0; 0; 634.4; 
567; 0; 0; 0; 634.6; 
567; 0; 0; 0; 634.8; 
567; 0; 0; 0; 635; 
567; 0; 0; 0; 635.2; 
567; 0; 0; 0; 635.4; 
567; 0; 0; 0; 635.6; 
567; 0; 0; 0; 635.8; 
567; 0; 0; 0; 636; 
567; 0; 0; 0; 636.2; 
567; 0; 0; 0; 636.4; 
567; 0; 0; 0; 636.6; 
567; 0; 0; 0; 636.8; 
567; 0; 0; 0; 637; 
567; 0; 0; 0; 637.2; 
567; 0; 0; 0; 637.4; 
567; 0; 0; 0; 637.6; 
567; 0; 0; 0; 637.8; 
567; 0; 0; 0; 638; 
567; 0; 0; 0; 638.2; 
567; 0; 0; 0; 638.4; 
567; 0; 0; 0; 638.6; 
567; 0; 0; 0; 638.8; 
567; 0; 0; 0; 639; 
567; 0; 0; 0; 639.2; 
567; 0; 0; 0; 639.4; 
567; 0; 0; 0; 639.6; 
567; 0; 0; 0; 639.8; 
567; 0; 0; 0; 640; 
567; 0; 0; 0; 640.2; 
567; 0; 0; 0; 640.4; 
567; 0; 0; 0; 640.6; 
567; 0; 0; 0; 640.8; 
567; 0; 0; 0; 641; 
567; 0; 0; 0; 641.2; 
567; 0; 0; 0; 641.4; 
567; 0; 0; 0; 641.6; 
567; 0; 0; 0; 641.8; 
567; 0; 0; 0; 642; 
567; 0; 0; 0; 642.2; 
567; 0; 0; 0; 642.4; 
567; 0; 0; 0; 642.6; 
567; 0; 0; 0; 642.8; 
567; 0; 0; 0; 643; 
567; 0; 0; 0; 643.2; 
567; 0; 0; 0; 643.4; 
567; 0; 0; 0; 643.6; 
567; 0; 0; 0; 643.8; 
567; 0; 0; 0; 644; 
567; 0; 0; 0; 644.2; 
567; 0; 0; 0; 644.4; 
567; 0; 0; 0; 644.6; 
567; 0; 0; 0; 644.8; 
567; 0; 0; 0; 645; 
567; 0; 0; 0; 645.2; 
567; 0; 0; 0; 645.4; 
567; 0; 0; 0; 645.6; 
567; 0; 0; 0; 645.8; 
567; 0; 0; 0; 646; 
567; 0; 0; 0; 646.2; 
567; 0; 0; 0; 646.4; 
567; 0; 0; 0; 646.6; 
567; 0; 0; 0; 646.8; 
567; 0; 0; 0; 647; 
567; 0; 0; 0; 647.2; 
567; 0; 0; 0; 647.4; 
567; 0; 0; 0; 647.6; 
567; 0; 0; 0; 647.8; 
567; 0; 0; 0; 648; 
567; 0; 0; 0; 648.2; 
567; 0; 0; 0; 648.4; 
567; 0; 0; 0; 648.6; 
567; 0; 0; 0; 648.8; 
567; 0; 0; 0; 649; 
567; 0; 0; 0; 649.2; 
567; 0; 0; 0; 649.4; 
567; 0; 0; 0; 649.6; 
567; 0; 0; 0; 649.8; 
567; 0; 0; 0; 650; 
567; 0; 0; 0; 650.2; 
567; 0; 0; 0; 650.4; 
567; 0; 0; 0; 650.6; 
567; 0; 0; 0; 650.8; 
567; 0; 0; 0; 651; 
567; 0; 0; 0; 651.2; 
567; 0; 0; 0; 651.4; 
567; 0; 0; 0; 651.6; 
567; 0; 0; 0; 651.8; 
567; 0; 0; 0; 652; 
567; 0; 0; 0; 652.2; 
567; 0; 0; 0; 652.4; 
567; 0; 0; 0; 652.6; 
567; 0; 0; 0; 652.8; 
567; 0; 0; 0; 653; 
567; 0; 0; 0; 653.2; 
567; 0; 0; 0; 653.4; 
567; 0; 0; 0; 653.6; 
567; 0; 0; 0; 653.8; 
567; 0; 0; 0; 654; 
567; 0; 0; 0; 654.2; 
567; 0; 0; 0; 654.4; 
567; 0; 0; 0; 654.6; 
567; 0; 0; 0; 654.8; 
567; 0; 0; 0; 655; 
567; 0; 0; 0; 655.2; 
567; 0; 0; 0; 655.4; 
567; 0; 0; 0; 655.6; 
567; 0; 0; 0; 655.8; 
567; 0; 0; 0; 656; 
567; 0; 0; 0; 656.2; 
567; 0; 0; 0; 656.4; 
567; 0; 0; 0; 656.6; 
567; 0; 0; 0; 656.8; 
567; 0; 0; 0; 657; 
567; 0; 0; 0; 657.2; 
567; 0; 0; 0; 657.4; 
567; 0; 0; 0; 657.6; 
567; 0; 0; 0; 657.8; 
567; 0; 0; 0; 658; 
567; 0; 0; 0; 658.2; 
567; 0; 0; 0; 658.4; 
567; 0; 0; 0; 658.6; 
567; 0; 0; 0; 658.8; 
567; 0; 0; 0; 659; 
567; 0; 0; 0; 659.2; 
567; 0; 0; 0; 659.4; 
567; 0; 0; 0; 659.6; 
567; 0; 0; 0; 659.8; 
567; 0; 0; 0; 660; 
567; 0; 0; 0; 660.2; 
567; 0; 0; 0; 660.4; 
567; 0; 0; 0; 660.6; 
567; 0; 0; 0; 660.8; 
567; 0; 0; 0; 661; 
567; 0; 0; 0; 661.2; 
567; 0; 0; 0; 661.4; 
567; 0; 0; 0; 661.6; 
567; 0; 0; 0; 661.8; 
567; 0; 0; 0; 662; 
567; 0; 0; 0; 662.2; 
567; 0; 0; 0; 662.4; 
567; 0; 0; 0; 662.6; 
567; 0; 0; 0; 662.8; 
567; 0; 0; 0; 663; 
567; 0; 0; 0; 663.2; 
567; 0; 0; 0; 663.4; 
567; 0; 0; 0; 663.6; 
567; 0; 0; 0; 663.8; 
567; 0; 0; 0; 664; 
567; 0; 0; 0; 664.2; 
567; 0; 0; 0; 664.4; 
567; 0; 0; 0; 664.6; 
567; 0; 0; 0; 664.8; 
567; 0; 0; 0; 665; 
567; 0; 0; 0; 665.2; 
567; 0; 0; 0; 665.4; 
567; 0; 0; 0; 665.6; 
567; 0; 0; 0; 665.8; 
567; 0; 0; 0; 666; 
567; 0; 0; 0; 666.2; 
567; 0; 0; 0; 666.4; 
567; 0; 0; 0; 666.6; 
567; 0; 0; 0; 666.8; 
567; 0; 0; 0; 667; 
567; 0; 0; 0; 667.2; 
567; 0; 0; 0; 667.4; 
567; 0; 0; 0; 667.6; 
567; 0; 0; 0; 667.8; 
567; 0; 0; 0; 668; 
567; 0; 0; 0; 668.2; 
567; 0; 0; 0; 668.4; 
567; 0; 0; 0; 668.6; 
567; 0; 0; 0; 668.8; 
567; 0; 0; 0; 669; 
567; 0; 0; 0; 669.2; 
567; 0; 0; 0; 669.4; 
567; 0; 0; 0; 669.6; 
567; 0; 0; 0; 669.8; 
567; 0; 0; 0; 670; 
567; 0; 0; 0; 670.2; 
567; 0; 0; 0; 670.4; 
567; 0; 0; 0; 670.6; 
567; 0; 0; 0; 670.8; 
567; 0; 0; 0; 671; 
567; 0; 0; 0; 671.2; 
567; 0; 0; 0; 671.4; 
567; 0; 0; 0; 671.6; 
567; 0; 0; 0; 671.8; 
567; 0; 0; 0; 672; 
567; 0; 0; 0; 672.2; 
567; 0; 0; 0; 672.4; 
567; 0; 0; 0; 672.6; 
567; 0; 0; 0; 672.8; 
567; 0; 0; 0; 673; 
567; 0; 0; 0; 673.2; 
567; 0; 0; 0; 673.4; 
567; 0; 0; 0; 673.6; 
567; 0; 0; 0; 673.8; 
567; 0; 0; 0; 674; 
567; 0; 0; 0; 674.2; 
567; 0; 0; 0; 674.4; 
567; 0; 0; 0; 674.6; 
567; 0; 0; 0; 674.8; 
567; 0; 0; 0; 675; 
567; 0; 0; 0; 675.2; 
567; 0; 0; 0; 675.4; 
567; 0; 0; 0; 675.6; 
567; 0; 0; 0; 675.8; 
567; 0; 0; 0; 676; 
567; 0; 0; 0; 676.2; 
567; 0; 0; 0; 676.4; 
567; 0; 0; 0; 676.6; 
567; 0; 0; 0; 676.8; 
567; 0; 0; 0; 677; 
567; 0; 0; 0; 677.2; 
567; 0; 0; 0; 677.4; 
567; 0; 0; 0; 677.6; 
567; 0; 0; 0; 677.8; 
567; 0; 0; 0; 678; 
567; 0; 0; 0; 678.2; 
567; 0; 0; 0; 678.4; 
567; 0; 0; 0; 678.6; 
567; 0; 0; 0; 678.8; 
567; 0; 0; 0; 679; 
567; 0; 0; 0; 679.2; 
567; 0; 0; 0; 679.4; 
567; 0; 0; 0; 679.6; 
567; 0; 0; 0; 679.8; 
567; 0; 0; 0; 680; 
567; 0; 0; 0; 680.2; 
567; 0; 0; 0; 680.4; 
567; 0; 0; 0; 680.6; 
567; 0; 0; 0; 680.8; 
567; 0; 0; 0; 681; 
567; 0; 0; 0; 681.2; 
567; 0; 0; 0; 681.4; 
567; 0; 0; 0; 681.6; 
567; 0; 0; 0; 681.8; 
567; 0; 0; 0; 682; 
567; 0; 0; 0; 682.2; 
567; 0; 0; 0; 682.4; 
567; 0; 0; 0; 682.6; 
567; 0; 0; 0; 682.8; 
567; 0; 0; 0; 683; 
567; 0; 0; 0; 683.2; 
567; 0; 0; 0; 683.4; 
567; 0; 0; 0; 683.6; 
567; 0; 0; 0; 683.8; 
567; 0; 0; 0; 684; 
567; 0; 0; 0; 684.2; 
567; 0; 0; 0; 684.4; 
567; 0; 0; 0; 684.6; 
567; 0; 0; 0; 684.8; 
567; 0; 0; 0; 685; 
567; 0; 0; 0; 685.2; 
567; 0; 0; 0; 685.4; 
567; 0; 0; 0; 685.6; 
567; 0; 0; 0; 685.8; 
567; 0; 0; 0; 686; 
567; 0; 0; 0; 686.2; 
567; 0; 0; 0; 686.4; 
567; 0; 0; 0; 686.6; 
567; 0; 0; 0; 686.8; 
567; 0; 0; 0; 687; 
567; 0; 0; 0; 687.2; 
567; 0; 0; 0; 687.4; 
567; 0; 0; 0; 687.6; 
567; 0; 0; 0; 687.8; 
567; 0; 0; 0; 688; 
567; 0; 0; 0; 688.2; 
567; 0; 0; 0; 688.4; 
567; 0; 0; 0; 688.6; 
567; 0; 0; 0; 688.8; 
567; 0; 0; 0; 689; 
567; 0; 0; 0; 689.2; 
567; 0; 0; 0; 689.4; 
567; 0; 0; 0; 689.6; 
567; 0; 0; 0; 689.8; 
567; 0; 0; 0; 690; 
567; 0; 0; 0; 690.2; 
567; 0; 0; 0; 690.4; 
567; 0; 0; 0; 690.6; 
567; 0; 0; 0; 690.8; 
567; 0; 0; 0; 691; 
567; 0; 0; 0; 691.2; 
567; 0; 0; 0; 691.4; 
567; 0; 0; 0; 691.6; 
567; 0; 0; 0; 691.8; 
567; 0; 0; 0; 692; 
567; 0; 0; 0; 692.2; 
567; 0; 0; 0; 692.4; 
567; 0; 0; 0; 692.6; 
567; 0; 0; 0; 692.8; 
567; 0; 0; 0; 693; 
567; 0; 0; 0; 693.2; 
567; 0; 0; 0; 693.4; 
567; 0; 0; 0; 693.6; 
567; 0; 0; 0; 693.8; 
567; 0; 0; 0; 694; 
567; 0; 0; 0; 694.2; 
567; 0; 0; 0; 694.4; 
567; 0; 0; 0; 694.6; 
567; 0; 0; 0; 694.8; 
567; 0; 0; 0; 695; 
567; 0; 0; 0; 695.2; 
567; 0; 0; 0; 695.4; 
567; 0; 0; 0; 695.6; 
567; 0; 0; 0; 695.8; 
567; 0; 0; 0; 696; 
567; 0; 0; 0; 696.2; 
567; 0; 0; 0; 696.4; 
567; 0; 0; 0; 696.6; 
567; 0; 0; 0; 696.8; 
567; 0; 0; 0; 697; 
567; 0; 0; 0; 697.2; 
567; 0; 0; 0; 697.4; 
567; 0; 0; 0; 697.6; 
567; 0; 0; 0; 697.8; 
567; 0; 0; 0; 698; 
567; 0; 0; 0; 698.2; 
567; 0; 0; 0; 698.4; 
567; 0; 0; 0; 698.6; 
567; 0; 0; 0; 698.8; 
567; 0; 0; 0; 699; 
567; 0; 0; 0; 699.2; 
567; 0; 0; 0; 699.4; 
567; 0; 0; 0; 699.6; 
567; 0; 0; 0; 699.8; 
567; 0; 0; 0; 700; 
567; 0; 0; 0; 700.2; 
567; 0; 0; 0; 700.4; 
567; 0; 0; 0; 700.6; 
567; 0; 0; 0; 700.8; 
567; 0; 0; 0; 701; 
567; 0; 0; 0; 701.2; 
567; 0; 0; 0; 701.4; 
567; 0; 0; 0; 701.6; 
567; 0; 0; 0; 701.8; 
567; 0; 0; 0; 702; 
567; 0; 0; 0; 702.2; 
567; 0; 0; 0; 702.4; 
567; 0; 0; 0; 702.6; 
567; 0; 0; 0; 702.8; 
567; 0; 0; 0; 703; 
567; 0; 0; 0; 703.2; 
567; 0; 0; 0; 703.4; 
567; 0; 0; 0; 703.6; 
567; 0; 0; 0; 703.8; 
567; 0; 0; 0; 704; 
567; 0; 0; 0; 704.2; 
567; 0; 0; 0; 704.4; 
567; 0; 0; 0; 704.6; 
567; 0; 0; 0; 704.8; 
567; 0; 0; 0; 705; 
567; 0; 0; 0; 705.2; 
567; 0; 0; 0; 705.4; 
567; 0; 0; 0; 705.6; 
567; 0; 0; 0; 705.8; 
567; 0; 0; 0; 706; 
567; 0; 0; 0; 706.2; 
567; 0; 0; 0; 706.4; 
567; 0; 0; 0; 706.6; 
567; 0; 0; 0; 706.8; 
567; 0; 0; 0; 707; 
567; 0; 0; 0; 707.2; 
567; 0; 0; 0; 707.4; 
567; 0; 0; 0; 707.6; 
567; 0; 0; 0; 707.8; 
567; 0; 0; 0; 708; 
567; 0; 0; 0; 708.2; 
567; 0; 0; 0; 708.4; 
567; 0; 0; 0; 708.6; 
567; 0; 0; 0; 708.8; 
567; 0; 0; 0; 709; 
567; 0; 0; 0; 709.2; 
567; 0; 0; 0; 709.4; 
567; 0; 0; 0; 709.6; 
567; 0; 0; 0; 709.8; 
567; 0; 0; 0; 710; 
567; 0; 0; 0; 710.2; 
567; 0; 0; 0; 710.4; 
567; 0; 0; 0; 710.6; 
567; 0; 0; 0; 710.8; 
567; 0; 0; 0; 711; 
567; 0; 0; 0; 711.2; 
567; 0; 0; 0; 711.4; 
567; 0; 0; 0; 711.6; 
567; 0; 0; 0; 711.8; 
567; 0; 0; 0; 712; 
567; 0; 0; 0; 712.2; 
567; 0; 0; 0; 712.4; 
567; 0; 0; 0; 712.6; 
567; 0; 0; 0; 712.8; 
567; 0; 0; 0; 713; 
567; 0; 0; 0; 713.2; 
567; 0; 0; 0; 713.4; 
567; 0; 0; 0; 713.6; 
567; 0; 0; 0; 713.8; 
567; 0; 0; 0; 714; 
567; 0; 0; 0; 714.2; 
567; 0; 0; 0; 714.4; 
567; 0; 0; 0; 714.6; 
567; 0; 0; 0; 714.8; 
567; 0; 0; 0; 715; 
567; 0; 0; 0; 715.2; 
567; 0; 0; 0; 715.4; 
567; 0; 0; 0; 715.6; 
567; 0; 0; 0; 715.8; 
567; 0; 0; 0; 716; 
567; 0; 0; 0; 716.2; 
567; 0; 0; 0; 716.4; 
567; 0; 0; 0; 716.6; 
567; 0; 0; 0; 716.8; 
567; 0; 0; 0; 717; 
567; 0; 0; 0; 717.2; 
567; 0; 0; 0; 717.4; 
567; 0; 0; 0; 717.6; 
567; 0; 0; 0; 717.8; 
567; 0; 0; 0; 718; 
567; 0; 0; 0; 718.2; 
567; 0; 0; 0; 718.4; 
567; 0; 0; 0; 718.6; 
567; 0; 0; 0; 718.8; 
567; 0; 0; 0; 719; 
567; 0; 0; 0; 719.2; 
567; 0; 0; 0; 719.4; 
567; 0; 0; 0; 719.6; 
567; 0; 0; 0; 719.8; 
567; 0; 0; 0; 720; 
567; 0; 0; 0; 720.2; 
567; 0; 0; 0; 720.4; 
567; 0; 0; 0; 720.6; 
567; 0; 0; 0; 720.8; 
567; 0; 0; 0; 721; 
567; 0; 0; 0; 721.2; 
567; 0; 0; 0; 721.4; 
567; 0; 0; 0; 721.6; 
567; 0; 0; 0; 721.8; 
567; 0; 0; 0; 722; 
567; 0; 0; 0; 722.2; 
567; 0; 0; 0; 722.4; 
567; 0; 0; 0; 722.6; 
567; 0; 0; 0; 722.8; 
567; 0; 0; 0; 723; 
567; 0; 0; 0; 723.2; 
567; 0; 0; 0; 723.4; 
567; 0; 0; 0; 723.6; 
567; 0; 0; 0; 723.8; 
567; 0; 0; 0; 724; 
567; 0; 0; 0; 724.2; 
567; 0; 0; 0; 724.4; 
567; 0; 0; 0; 724.6; 
567; 0; 0; 0; 724.8; 
567; 0; 0; 0; 725; 
567; 0; 0; 0; 725.2; 
567; 0; 0; 0; 725.4; 
567; 0; 0; 0; 725.6; 
567; 0; 0; 0; 725.8; 
567; 0; 0; 0; 726; 
567; 0; 0; 0; 726.2; 
567; 0; 0; 0; 726.4; 
567; 0; 0; 0; 726.6; 
567; 0; 0; 0; 726.8; 
567; 0; 0; 0; 727; 
567; 0; 0; 0; 727.2; 
567; 0; 0; 0; 727.4; 
567; 0; 0; 0; 727.6; 
567; 0; 0; 0; 727.8; 
567; 0; 0; 0; 728; 
567; 0; 0; 0; 728.2; 
567; 0; 0; 0; 728.4; 
567; 0; 0; 0; 728.6; 
567; 0; 0; 0; 728.8; 
567; 0; 0; 0; 729; 
567; 0; 0; 0; 729.2; 
567; 0; 0; 0; 729.4; 
567; 0; 0; 0; 729.6; 
567; 0; 0; 0; 729.8; 
567; 0; 0; 0; 730; 
567; 0; 0; 0; 730.2; 
567; 0; 0; 0; 730.4; 
567; 0; 0; 0; 730.6; 
567; 0; 0; 0; 730.8; 
567; 0; 0; 0; 731; 
567; 0; 0; 0; 731.2; 
567; 0; 0; 0; 731.4; 
567; 0; 0; 0; 731.6; 
567; 0; 0; 0; 731.8; 
567; 0; 0; 0; 732; 
567; 0; 0; 0; 732.2; 
567; 0; 0; 0; 732.4; 
567; 0; 0; 0; 732.6; 
567; 0; 0; 0; 732.8; 
567; 0; 0; 0; 733; 
567; 0; 0; 0; 733.2; 
567; 0; 0; 0; 733.4; 
567; 0; 0; 0; 733.6; 
567; 0; 0; 0; 733.8; 
567; 0; 0; 0; 734; 
567; 0; 0; 0; 734.2; 
567; 0; 0; 0; 734.4; 
567; 0; 0; 0; 734.6; 
567; 0; 0; 0; 734.8; 
567; 0; 0; 0; 735; 
567; 0; 0; 0; 735.2; 
567; 0; 0; 0; 735.4; 
567; 0; 0; 0; 735.6; 
567; 0; 0; 0; 735.8; 
567; 0; 0; 0; 736; 
567; 0; 0; 0; 736.2; 
567; 0; 0; 0; 736.4; 
567; 0; 0; 0; 736.6; 
567; 0; 0; 0; 736.8; 
567; 0; 0; 0; 737; 
567; 0; 0; 0; 737.2; 
567; 0; 0; 0; 737.4; 
567; 0; 0; 0; 737.6; 
567; 0; 0; 0; 737.8; 
567; 0; 0; 0; 738; 
567; 0; 0; 0; 738.2; 
567; 0; 0; 0; 738.4; 
567; 0; 0; 0; 738.6; 
567; 0; 0; 0; 738.8; 
567; 0; 0; 0; 739; 
567; 0; 0; 0; 739.2; 
567; 0; 0; 0; 739.4; 
567; 0; 0; 0; 739.6; 
567; 0; 0; 0; 739.8; 
567; 0; 0; 0; 740; 
567; 0; 0; 0; 740.2; 
567; 0; 0; 0; 740.4; 
567; 0; 0; 0; 740.6; 
567; 0; 0; 0; 740.8; 
567; 0; 0; 0; 741; 
567; 0; 0; 0; 741.2; 
567; 0; 0; 0; 741.4; 
567; 0; 0; 0; 741.6; 
567; 0; 0; 0; 741.8; 
567; 0; 0; 0; 742; 
567; 0; 0; 0; 742.2; 
567; 0; 0; 0; 742.4; 
567; 0; 0; 0; 742.6; 
567; 0; 0; 0; 742.8; 
567; 0; 0; 0; 743; 
567; 0; 0; 0; 743.2; 
567; 0; 0; 0; 743.4; 
567; 0; 0; 0; 743.6; 
567; 0; 0; 0; 743.8; 
567; 0; 0; 0; 744; 
567; 0; 0; 0; 744.2; 
567; 0; 0; 0; 744.4; 
567; 0; 0; 0; 744.6; 
567; 0; 0; 0; 744.8; 
567; 0; 0; 0; 745; 
567; 0; 0; 0; 745.2; 
567; 0; 0; 0; 745.4; 
567; 0; 0; 0; 745.6; 
567; 0; 0; 0; 745.8; 
567; 0; 0; 0; 746; 
567; 0; 0; 0; 746.2; 
567; 0; 0; 0; 746.4; 
567; 0; 0; 0; 746.6; 
567; 0; 0; 0; 746.8; 
567; 0; 0; 0; 747; 
567; 0; 0; 0; 747.2; 
567; 0; 0; 0; 747.4; 
567; 0; 0; 0; 747.6; 
567; 0; 0; 0; 747.8; 
567; 0; 0; 0; 748; 
567; 0; 0; 0; 748.2; 
567; 0; 0; 0; 748.4; 
567; 0; 0; 0; 748.6; 
567; 0; 0; 0; 748.8; 
567; 0; 0; 0; 749; 
567; 0; 0; 0; 749.2; 
567; 0; 0; 0; 749.4; 
567; 0; 0; 0; 749.6; 
567; 0; 0; 0; 749.8; 
567; 0; 0; 0; 750; 
567; 0; 0; 0; 750.2; 
567; 0; 0; 0; 750.4; 
567; 0; 0; 0; 750.6; 
567; 0; 0; 0; 750.8; 
567; 0; 0; 0; 751; 
567; 0; 0; 0; 751.2; 
567; 0; 0; 0; 751.4; 
567; 0; 0; 0; 751.6; 
567; 0; 0; 0; 751.8; 
567; 0; 0; 0; 752; 
567; 0; 0; 0; 752.2; 
567; 0; 0; 0; 752.4; 
567; 0; 0; 0; 752.6; 
567; 0; 0; 0; 752.8; 
567; 0; 0; 0; 753; 
567; 0; 0; 0; 753.2; 
567; 0; 0; 0; 753.4; 
567; 0; 0; 0; 753.6; 
567; 0; 0; 0; 753.8; 
567; 0; 0; 0; 754; 
567; 0; 0; 0; 754.2; 
567; 0; 0; 0; 754.4; 
567; 0; 0; 0; 754.6; 
567; 0; 0; 0; 754.8; 
567; 0; 0; 0; 755; 
567; 0; 0; 0; 755.2; 
567; 0; 0; 0; 755.4; 
567; 0; 0; 0; 755.6; 
567; 0; 0; 0; 755.8; 
567; 0; 0; 0; 756; 
567; 0; 0; 0; 756.2; 
567; 0; 0; 0; 756.4; 
567; 0; 0; 0; 756.6; 
567; 0; 0; 0; 756.8; 
567; 0; 0; 0; 757; 
567; 0; 0; 0; 757.2; 
567; 0; 0; 0; 757.4; 
567; 0; 0; 0; 757.6; 
567; 0; 0; 0; 757.8; 
567; 0; 0; 0; 758; 
567; 0; 0; 0; 758.2; 
567; 0; 0; 0; 758.4; 
567; 0; 0; 0; 758.6; 
567; 0; 0; 0; 758.8; 
567; 0; 0; 0; 759; 
567; 0; 0; 0; 759.2; 
567; 0; 0; 0; 759.4; 
567; 0; 0; 0; 759.6; 
567; 0; 0; 0; 759.8; 
567; 0; 0; 0; 760; 
567; 0; 0; 0; 760.2; 
567; 0; 0; 0; 760.4; 
567; 0; 0; 0; 760.6; 
567; 0; 0; 0; 760.8; 
567; 0; 0; 0; 761; 
567; 0; 0; 0; 761.2; 
567; 0; 0; 0; 761.4; 
567; 0; 0; 0; 761.6; 
567; 0; 0; 0; 761.8; 
567; 0; 0; 0; 762; 
567; 0; 0; 0; 762.2; 
567; 0; 0; 0; 762.4; 
567; 0; 0; 0; 762.6; 
567; 0; 0; 0; 762.8; 
567; 0; 0; 0; 763; 
567; 0; 0; 0; 763.2; 
567; 0; 0; 0; 763.4; 
567; 0; 0; 0; 763.6; 
567; 0; 0; 0; 763.8; 
567; 0; 0; 0; 764; 
567; 0; 0; 0; 764.2; 
567; 0; 0; 0; 764.4; 
567; 0; 0; 0; 764.6; 
567; 0; 0; 0; 764.8; 
567; 0; 0; 0; 765; 
567; 0; 0; 0; 765.2; 
567; 0; 0; 0; 765.4; 
567; 0; 0; 0; 765.6; 
567; 0; 0; 0; 765.8; 
567; 0; 0; 0; 766; 
567; 0; 0; 0; 766.2; 
567; 0; 0; 0; 766.4; 
567; 0; 0; 0; 766.6; 
567; 0; 0; 0; 766.8; 
567; 0; 0; 0; 767; 
567; 0; 0; 0; 767.2; 
567; 0; 0; 0; 767.4; 
567; 0; 0; 0; 767.6; 
567; 0; 0; 0; 767.8; 
567; 0; 0; 0; 768; 
567; 0; 0; 0; 768.2; 
567; 0; 0; 0; 768.4; 
567; 0; 0; 0; 768.6; 
567; 0; 0; 0; 768.8; 
567; 0; 0; 0; 769; 
567; 0; 0; 0; 769.2; 
567; 0; 0; 0; 769.4; 
567; 0; 0; 0; 769.6; 
567; 0; 0; 0; 769.8; 
567; 0; 0; 0; 770; 
567; 0; 0; 0; 770.2; 
567; 0; 0; 0; 770.4; 
567; 0; 0; 0; 770.6; 
567; 0; 0; 0; 770.8; 
567; 0; 0; 0; 771; 
567; 0; 0; 0; 771.2; 
567; 0; 0; 0; 771.4; 
567; 0; 0; 0; 771.6; 
567; 0; 0; 0; 771.8; 
567; 0; 0; 0; 772; 
567; 0; 0; 0; 772.2; 
567; 0; 0; 0; 772.4; 
567; 0; 0; 0; 772.6; 
567; 0; 0; 0; 772.8; 
567; 0; 0; 0; 773; 
567; 0; 0; 0; 773.2; 
567; 0; 0; 0; 773.4; 
567; 0; 0; 0; 773.6; 
567; 0; 0; 0; 773.8; 
567; 0; 0; 0; 774; 
567; 0; 0; 0; 774.2; 
567; 0; 0; 0; 774.4; 
567; 0; 0; 0; 774.6; 
567; 0; 0; 0; 774.8; 
567; 0; 0; 0; 775; 
567; 0; 0; 0; 775.2; 
567; 0; 0; 0; 775.4; 
567; 0; 0; 0; 775.6; 
567; 0; 0; 0; 775.8; 
567; 0; 0; 0; 776; 
567; 0; 0; 0; 776.2; 
567; 0; 0; 0; 776.4; 
567; 0; 0; 0; 776.6; 
567; 0; 0; 0; 776.8; 
567; 0; 0; 0; 777; 
567; 0; 0; 0; 777.2; 
567; 0; 0; 0; 777.4; 
567; 0; 0; 0; 777.6; 
567; 0; 0; 0; 777.8; 
567; 0; 0; 0; 778; 
567; 0; 0; 0; 778.2; 
567; 0; 0; 0; 778.4; 
567; 0; 0; 0; 778.6; 
567; 0; 0; 0; 778.8; 
567; 0; 0; 0; 779; 
567; 0; 0; 0; 779.2; 
567; 0; 0; 0; 779.4; 
567; 0; 0; 0; 779.6; 
567; 0; 0; 0; 779.8; 
567; 0; 0; 0; 780; 
567; 0; 0; 0; 780.2; 
567; 0; 0; 0; 780.4; 
567; 0; 0; 0; 780.6; 
567; 0; 0; 0; 780.8; 
567; 0; 0; 0; 781; 
567; 0; 0; 0; 781.2; 
567; 0; 0; 0; 781.4; 
567; 0; 0; 0; 781.6; 
567; 0; 0; 0; 781.8; 
567; 0; 0; 0; 782; 
567; 0; 0; 0; 782.2; 
567; 0; 0; 0; 782.4; 
567; 0; 0; 0; 782.6; 
567; 0; 0; 0; 782.8; 
567; 0; 0; 0; 783; 
567; 0; 0; 0; 783.2; 
567; 0; 0; 0; 783.4; 
567; 0; 0; 0; 783.6; 
567; 0; 0; 0; 783.8; 
567; 0; 0; 0; 784; 
567; 0; 0; 0; 784.2; 
567; 0; 0; 0; 784.4; 
567; 0; 0; 0; 784.6; 
567; 0; 0; 0; 784.8; 
567; 0; 0; 0; 785; 
567; 0; 0; 0; 785.2; 
567; 0; 0; 0; 785.4; 
567; 0; 0; 0; 785.6; 
567; 0; 0; 0; 785.8; 
567; 0; 0; 0; 786; 
567; 0; 0; 0; 786.2; 
567; 0; 0; 0; 786.4; 
567; 0; 0; 0; 786.6; 
567; 0; 0; 0; 786.8; 
567; 0; 0; 0; 787; 
567; 0; 0; 0; 787.2; 
567; 0; 0; 0; 787.4; 
567; 0; 0; 0; 787.6; 
567; 0; 0; 0; 787.8; 
567; 0; 0; 0; 788; 
567; 0; 0; 0; 788.2; 
567; 0; 0; 0; 788.4; 
567; 0; 0; 0; 788.6; 
567; 0; 0; 0; 788.8; 
567; 0; 0; 0; 789; 
567; 0; 0; 0; 789.2; 
567; 0; 0; 0; 789.4; 
567; 0; 0; 0; 789.6; 
567; 0; 0; 0; 789.8; 
567; 0; 0; 0; 790; 
567; 0; 0; 0; 790.2; 
567; 0; 0; 0; 790.4; 
567; 0; 0; 0; 790.6; 
567; 0; 0; 0; 790.8; 
567; 0; 0; 0; 791; 
567; 0; 0; 0; 791.2; 
567; 0; 0; 0; 791.4; 
567; 0; 0; 0; 791.6; 
567; 0; 0; 0; 791.8; 
567; 0; 0; 0; 792; 
567; 0; 0; 0; 792.2; 
567; 0; 0; 0; 792.4; 
567; 0; 0; 0; 792.6; 
567; 0; 0; 0; 792.8; 
567; 0; 0; 0; 793; 
567; 0; 0; 0; 793.2; 
567; 0; 0; 0; 793.4; 
567; 0; 0; 0; 793.6; 
567; 0; 0; 0; 793.8; 
567; 0; 0; 0; 794; 
567; 0; 0; 0; 794.2; 
567; 0; 0; 0; 794.4; 
567; 0; 0; 0; 794.6; 
567; 0; 0; 0; 794.8; 
567; 0; 0; 0; 795; 
567; 0; 0; 0; 795.2; 
567; 0; 0; 0; 795.4; 
567; 0; 0; 0; 795.6; 
567; 0; 0; 0; 795.8; 
567; 0; 0; 0; 796; 
567; 0; 0; 0; 796.2; 
567; 0; 0; 0; 796.4; 
567; 0; 0; 0; 796.6; 
567; 0; 0; 0; 796.8; 
567; 0; 0; 0; 797; 
567; 0; 0; 0; 797.2; 
567; 0; 0; 0; 797.4; 
567; 0; 0; 0; 797.6; 
567; 0; 0; 0; 797.8; 
567; 0; 0; 0; 798; 
567; 0; 0; 0; 798.2; 
567; 0; 0; 0; 798.4; 
567; 0; 0; 0; 798.6; 
567; 0; 0; 0; 798.8; 
567; 0; 0; 0; 799; 
567; 0; 0; 0; 799.2; 
567; 0; 0; 0; 799.4; 
567; 0; 0; 0; 799.6; 
567; 0; 0; 0; 799.8; 
567; 0; 0; 0; 800; 
567; 0; 0; 0; 800.2; 
567; 0; 0; 0; 800.4; 
567; 0; 0; 0; 800.6; 
567; 0; 0; 0; 800.8; 
567; 0; 0; 0; 801; 
567; 0; 0; 0; 801.2; 
567; 0; 0; 0; 801.4; 
567; 0; 0; 0; 801.6; 
567; 0; 0; 0; 801.8; 
567; 0; 0; 0; 802; 
567; 0; 0; 0; 802.2; 
567; 0; 0; 0; 802.4; 
567; 0; 0; 0; 802.6; 
567; 0; 0; 0; 802.8; 
567; 0; 0; 0; 803; 
567; 0; 0; 0; 803.2; 
567; 0; 0; 0; 803.4; 
567; 0; 0; 0; 803.6; 
567; 0; 0; 0; 803.8; 
567; 0; 0; 0; 804; 
567; 0; 0; 0; 804.2; 
567; 0; 0; 0; 804.4; 
567; 0; 0; 0; 804.6; 
567; 0; 0; 0; 804.8; 
567; 0; 0; 0; 805; 
567; 0; 0; 0; 805.2; 
567; 0; 0; 0; 805.4; 
567; 0; 0; 0; 805.6; 
567; 0; 0; 0; 805.8; 
567; 0; 0; 0; 806; 
567; 0; 0; 0; 806.2; 
567; 0; 0; 0; 806.4; 
567; 0; 0; 0; 806.6; 
567; 0; 0; 0; 806.8; 
567; 0; 0; 0; 807; 
567; 0; 0; 0; 807.2; 
567; 0; 0; 0; 807.4; 
567; 0; 0; 0; 807.6; 
567; 0; 0; 0; 807.8; 
567; 0; 0; 0; 808; 
567; 0; 0; 0; 808.2; 
567; 0; 0; 0; 808.4; 
567; 0; 0; 0; 808.6; 
567; 0; 0; 0; 808.8; 
567; 0; 0; 0; 809; 
567; 0; 0; 0; 809.2; 
567; 0; 0; 0; 809.4; 
567; 0; 0; 0; 809.6; 
567; 0; 0; 0; 809.8; 
567; 0; 0; 0; 810; 
567; 0; 0; 0; 810.2; 
567; 0; 0; 0; 810.4; 
567; 0; 0; 0; 810.6; 
567; 0; 0; 0; 810.8; 
567; 0; 0; 0; 811; 
567; 0; 0; 0; 811.2; 
567; 0; 0; 0; 811.4; 
567; 0; 0; 0; 811.6; 
567; 0; 0; 0; 811.8; 
567; 0; 0; 0; 812; 
567; 0; 0; 0; 812.2; 
567; 0; 0; 0; 812.4; 
567; 0; 0; 0; 812.6; 
567; 0; 0; 0; 812.8; 
567; 0; 0; 0; 813; 
567; 0; 0; 0; 813.2; 
567; 0; 0; 0; 813.4; 
567; 0; 0; 0; 813.6; 
567; 0; 0; 0; 813.8; 
567; 0; 0; 0; 814; 
567; 0; 0; 0; 814.2; 
567; 0; 0; 0; 814.4; 
567; 0; 0; 0; 814.6; 
567; 0; 0; 0; 814.8; 
567; 0; 0; 0; 815; 
567; 0; 0; 0; 815.2; 
567; 0; 0; 0; 815.4; 
567; 0; 0; 0; 815.6; 
567; 0; 0; 0; 815.8; 
567; 0; 0; 0; 816; 
567; 0; 0; 0; 816.2; 
567; 0; 0; 0; 816.4; 
567; 0; 0; 0; 816.6; 
567; 0; 0; 0; 816.8; 
567; 0; 0; 0; 817; 
567; 0; 0; 0; 817.2; 
567; 0; 0; 0; 817.4; 
567; 0; 0; 0; 817.6; 
567; 0; 0; 0; 817.8; 
567; 0; 0; 0; 818; 
567; 0; 0; 0; 818.2; 
567; 0; 0; 0; 818.4; 
567; 0; 0; 0; 818.6; 
567; 0; 0; 0; 818.8; 
567; 0; 0; 0; 819; 
567; 0; 0; 0; 819.2; 
567; 0; 0; 0; 819.4; 
567; 0; 0; 0; 819.6; 
567; 0; 0; 0; 819.8; 
567; 0; 0; 0; 820; 
567; 0; 0; 0; 820.2; 
567; 0; 0; 0; 820.4; 
567; 0; 0; 0; 820.6; 
567; 0; 0; 0; 820.8; 
567; 0; 0; 0; 821; 
567; 0; 0; 0; 821.2; 
567; 0; 0; 0; 821.4; 
567; 0; 0; 0; 821.6; 
567; 0; 0; 0; 821.8; 
567; 0; 0; 0; 822; 
567; 0; 0; 0; 822.2; 
567; 0; 0; 0; 822.4; 
567; 0; 0; 0; 822.6; 
567; 0; 0; 0; 822.8; 
567; 0; 0; 0; 823; 
567; 0; 0; 0; 823.2; 
567; 0; 0; 0; 823.4; 
567; 0; 0; 0; 823.6; 
567; 0; 0; 0; 823.8; 
567; 0; 0; 0; 824; 
567; 0; 0; 0; 824.2; 
