567; 0; 0; 170; 0; 
567; 0; 0; 170; 0.2; 
567; 0; 0; 170; 0.4; 
567; 0; 0; 170; 0.6; 
567; 0; 0; 170; 0.8; 
567; 0; 0; 170; 1; 
567; 0; 0; 170; 1.2; 
567; 0; 0; 170; 1.4; 
567; 0; 0; 170; 1.6; 
567; 0; 0; 170; 1.8; 
567; 0; 0; 170; 2; 
567; 0; 0; 170; 2.2; 
567; 0; 0; 170; 2.4; 
567; 0; 0; 170; 2.6; 
567; 0; 0; 170; 2.8; 
567; 0; 0; 170; 3; 
567; 0; 0; 170; 3.2; 
567; 0; 0; 170; 3.4; 
567; 0; 0; 170; 3.6; 
567; 0; 0; 170; 3.8; 
567; 0; 0; 170; 4; 
567; 0; 0; 170; 4.2; 
567; 0; 0; 170; 4.4; 
567; 0; 0; 170; 4.6; 
567; 0; 0; 170; 4.8; 
567; 0; 0; 170; 5; 
567; 0; 0; 170; 5.2; 
567; 0; 0; 170; 5.4; 
567; 0; 0; 170; 5.6; 
567; 0; 0; 170; 5.8; 
567; 0; 0; 170; 6; 
567; 0; 0; 170; 6.2; 
567; 0; 0; 170; 6.4; 
567; 0; 0; 170; 6.6; 
567; 0; 0; 170; 6.8; 
567; 0; 0; 170; 7; 
567; 0; 0; 170; 7.2; 
567; 0; 0; 170; 7.4; 
567; 0; 0; 170; 7.6; 
567; 0; 0; 170; 7.8; 
567; 0; 0; 170; 8; 
567; 0; 0; 170; 8.2; 
567; 0; 0; 170; 8.4; 
567; 0; 0; 170; 8.6; 
567; 0; 0; 170; 8.8; 
567; 0; 0; 170; 9; 
567; 0; 0; 170; 9.2; 
567; 0; 0; 170; 9.4; 
567; 0; 0; 170; 9.6; 
567; 0; 0; 170; 9.8; 
567; 0; 0; 170; 10; 
567; 0; 0; 170; 10.2; 
567; 0; 0; 170; 10.4; 
567; 0; 0; 170; 10.6; 
567; 0; 0; 170; 10.8; 
567; 0; 0; 170; 11; 
567; 0; 0; 170; 11.2; 
567; 0; 0; 170; 11.4; 
567; 0; 0; 170; 11.6; 
567; 0; 0; 170; 11.8; 
567; 0; 0; 170; 12; 
567; 0; 0; 170; 12.2; 
567; 0; 0; 170; 12.4; 
567; 0; 0; 170; 12.6; 
567; 0; 0; 170; 12.8; 
567; 0; 0; 170; 13; 
567; 0; 0; 170; 13.2; 
567; 0; 0; 170; 13.4; 
567; 0; 0; 170; 13.6; 
567; 0; 0; 170; 13.8; 
567; 0; 0; 170; 14; 
567; 0; 0; 170; 14.2; 
567; 0; 0; 170; 14.4; 
567; 0; 0; 170; 14.6; 
567; 0; 0; 170; 14.8; 
567; 0; 0; 170; 15; 
567; 0; 0; 170; 15.2; 
567; 0; 0; 170; 15.4; 
567; 0; 0; 170; 15.6; 
567; 0; 0; 170; 15.8; 
567; 0; 0; 170; 16; 
567; 0; 0; 170; 16.2; 
567; 0; 0; 170; 16.4; 
567; 0; 0; 170; 16.6; 
567; 0; 0; 170; 16.8; 
567; 0; 0; 170; 17; 
567; 0; 0; 170; 17.2; 
567; 0; 0; 170; 17.4; 
567; 0; 0; 170; 17.6; 
567; 0; 0; 170; 17.8; 
567; 0; 0; 170; 18; 
567; 0; 0; 170; 18.2; 
567; 0; 0; 170; 18.4; 
567; 0; 0; 170; 18.6; 
567; 0; 0; 170; 18.8; 
567; 0; 0; 170; 19; 
567; 0; 0; 170; 19.2; 
567; 0; 0; 170; 19.4; 
567; 0; 0; 170; 19.6; 
567; 0; 0; 170; 19.8; 
567; 0; 0; 170; 20; 
567; 0; 0; 170; 20.2; 
567; 0; 0; 170; 20.4; 
567; 0; 0; 170; 20.6; 
567; 0; 0; 170; 20.8; 
567; 0; 0; 170; 21; 
567; 0; 0; 170; 21.2; 
567; 0; 0; 170; 21.4; 
567; 0; 0; 170; 21.6; 
567; 0; 0; 170; 21.8; 
567; 0; 0; 170; 22; 
567; 0; 0; 170; 22.2; 
567; 0; 0; 170; 22.4; 
567; 0; 0; 170; 22.6; 
567; 0; 0; 170; 22.8; 
567; 0; 0; 170; 23; 
567; 0; 0; 170; 23.2; 
567; 0; 0; 170; 23.4; 
567; 0; 0; 170; 23.6; 
567; 0; 2580.0425; 170; 23.8; 
567; 0; 2580.0425; 170; 24; 
567; 0; 2580.0425; 170; 24.2; 
567; 0; 2580.0425; 170; 24.4; 
567; 0; 2580.0425; 170; 24.6; 
567; 0; 2580.0425; 170; 24.8; 
567; 0; 2580.0425; 170; 25; 
567; 0; 2580.0425; 170; 25.2; 
567; 0; 2580.0425; 170; 25.4; 
567; 0; 2580.0425; 170; 25.6; 
567; 0; 2580.0425; 170; 25.8; 
567; 0; 2580.0425; 170; 26; 
567; 0; 2580.0425; 170; 26.2; 
567; 0; 2580.0425; 170; 26.4; 
567; 0; 2580.0425; 170; 26.6; 
567; 0; 2580.0425; 170; 26.8; 
567; 0; 2580.0425; 170; 27; 
567; 0; 2580.0425; 170; 27.2; 
567; 0; 2580.0425; 170; 27.4; 
567; 0; 2580.0425; 170; 27.6; 
567; 0; 2580.0425; 170; 27.8; 
567; 0; 2580.0425; 170; 28; 
567; 0; 2580.0425; 170; 28.2; 
567; 0; 2580.0425; 170; 28.4; 
567; 0; 2580.0425; 170; 28.6; 
567; 0; 2580.0425; 170; 28.8; 
567; 0; 2580.0425; 170; 29; 
567; 0; 2580.0425; 170; 29.2; 
567; 0; 2580.0425; 170; 29.4; 
567; 0; 2580.0425; 170; 29.6; 
567; 0; 2580.0425; 170; 29.8; 
567; 0; 2580.0425; 170; 30; 
567; 0; 2580.0425; 170; 30.2; 
567; 0; 2580.0425; 170; 30.4; 
567; 0; 2580.0425; 170; 30.6; 
567; 0; 2580.0425; 170; 30.8; 
567; 0; 2580.0425; 170; 31; 
567; 0; 2580.0425; 170; 31.2; 
567; 0; 2580.0425; 170; 31.4; 
567; 0; 2580.0425; 170; 31.6; 
567; 0; 2580.0425; 170; 31.8; 
567; 0; 2580.0425; 170; 32; 
567; 0; 2580.0425; 170; 32.2; 
567; 0; 2580.0425; 170; 32.4; 
567; 0; 2580.0425; 170; 32.6; 
567; 0; 2580.0425; 170; 32.8; 
567; 0; 2580.0425; 170; 33; 
567; 0; 2580.0425; 170; 33.2; 
567; 0; 2580.0425; 170; 33.4; 
567; 0; 2580.0425; 170; 33.6; 
567; 0; 2580.0425; 170; 33.8; 
567; 0; 2580.0425; 170; 34; 
567; 0; 2580.0425; 170; 34.2; 
567; 0; 2580.0425; 170; 34.4; 
567; 0; 2580.0425; 170; 34.6; 
567; 0; 2580.0425; 170; 34.8; 
567; 0; 2580.0425; 170; 35; 
567; 0; 2580.0425; 170; 35.2; 
567; 0; 2580.0425; 170; 35.4; 
567; 0; 2580.0425; 170; 35.6; 
567; 0; 2580.0425; 170; 35.8; 
567; 0; 2580.0425; 170; 36; 
567; 0; 2580.0425; 170; 36.2; 
567; 0; 2580.0425; 170; 36.4; 
567; 0; 2580.0425; 170; 36.6; 
567; 0; 2580.0425; 170; 36.8; 
567; 0; 2580.0425; 170; 37; 
567; 0; 2580.0425; 170; 37.2; 
567; 0; 2580.0425; 170; 37.4; 
567; 0; 2580.0425; 170; 37.6; 
567; 0; 2580.0425; 170; 37.8; 
567; 0; 2580.0425; 170; 38; 
567; 0; 2580.0425; 170; 38.2; 
567; 0; 2580.0425; 170; 38.4; 
567; 0; 2580.0425; 170; 38.6; 
567; 0; 2580.0425; 170; 38.8; 
567; 0; 2598.6062; 170; 39; 
567; 0; 2635.719; 170; 39.2; 
567; 0; 2692.4921; 170; 39.4; 
567; 0; 2887.6385; 170; 39.6; 
567; 0; 3144.8058; 170; 39.8; 
567; 0; 3190.8657; 170; 40; 
567; 0; 3221.5885; 170; 40.2; 
567; 0; 3266.2736; 170; 40.4; 
567; 0; 3292.6646; 170; 40.6; 
567; 0; 3315.1701; 170; 40.8; 
567; 0; 3327.4423; 170; 41; 
567; 0; 3339.5084; 170; 41.2; 
567; 0; 3341.4535; 170; 41.4; 
567; 0; 3343.3656; 170; 41.6; 
567; 0; 3335.346; 170; 41.8; 
567; 0; 3337.2147; 170; 42; 
567; 0; 3339.052; 170; 42.2; 
567; 0; 3340.8549; 170; 42.4; 
567; 0; 3342.6199; 170; 42.6; 
567; 0; 3344.3436; 170; 42.8; 
567; 0; 3346.0229; 170; 43; 
567; 0; 3347.6547; 170; 43.2; 
567; 0; 3349.2381; 170; 43.4; 
567; 0; 3350.7779; 170; 43.6; 
567; 0; 3352.2785; 170; 43.8; 
567; 0; 3353.7431; 170; 44; 
567; 0; 3355.1738; 170; 44.2; 
567; 0; 3356.5718; 170; 44.4; 
567; 0; 3357.9377; 170; 44.6; 
567; 0; 3359.2716; 170; 44.8; 
567; 0; 3360.5734; 170; 45; 
567; 0; 3361.8428; 170; 45.2; 
567; 0; 3363.0795; 170; 45.4; 
567; 0; 3364.2829; 170; 45.6; 
567; 0; 3365.4527; 170; 45.8; 
567; 0; 3366.5882; 170; 46; 
567; 0; 3367.689; 170; 46.2; 
567; 0; 3368.7547; 170; 46.4; 
567; 0; 3369.7847; 170; 46.6; 
567; 0; 3370.7786; 170; 46.8; 
567; 0; 3371.7359; 170; 47; 
567; 0; 3372.6562; 170; 47.2; 
567; 0; 3383.082; 170; 47.4; 
567; 0; 3383.919; 170; 47.6; 
567; 0; 3384.7177; 170; 47.8; 
567; 0; 3385.4779; 170; 48; 
567; 0; 3386.1989; 170; 48.2; 
567; 0; 3386.8803; 170; 48.4; 
567; 0; 3396.9526; 170; 48.6; 
567; 0; 3397.548; 170; 48.8; 
567; 0; 3398.1028; 170; 49; 
567; 0; 3398.6166; 170; 49.2; 
567; 0; 3399.089; 170; 49.4; 
567; 0; 3399.5194; 170; 49.6; 
567; 0; 3409.2446; 170; 49.8; 
567; 0; 3409.5867; 170; 50; 
567; 0; 3409.886; 170; 50.2; 
567; 0; 3410.1421; 170; 50.4; 
567; 0; 3419.6209; 170; 50.6; 
567; 0; 3419.7878; 170; 50.8; 
567; 0; 3419.9108; 170; 51; 
567; 0; 3419.9894; 170; 51.2; 
567; 0; 3429.2317; 170; 51.4; 
567; 0; 3429.2209; 170; 51.6; 
567; 0; 3429.1651; 170; 51.8; 
567; 0; 3438.2253; 170; 52; 
567; 0; 3438.0816; 170; 52.2; 
567; 0; 3437.9053; 170; 52.4; 
567; 0; 3437.7086; 170; 52.6; 
567; 0; 3442.7063; 170; 52.8; 
567; 0; 3442.5029; 170; 53; 
567; 0; 3442.3084; 170; 53.2; 
567; 0; 3442.1295; 170; 53.4; 
567; 0; 3447.1299; 170; 53.6; 
567; 0; 3446.998; 170; 53.8; 
567; 0; 3446.8939; 170; 54; 
567; 0; 3446.8185; 170; 54.2; 
567; 0; 3451.8869; 170; 54.4; 
567; 0; 3451.8675; 170; 54.6; 
567; 0; 3451.8732; 170; 54.8; 
567; 0; 3451.9011; 170; 55; 
567; 0; 3457.0217; 170; 55.2; 
567; 0; 3457.0841; 170; 55.4; 
567; 0; 3457.1582; 170; 55.6; 
567; 0; 3457.2404; 170; 55.8; 
567; 0; 3457.327; 170; 56; 
567; 0; 3462.4481; 170; 56.2; 
567; 0; 3462.5333; 170; 56.4; 
567; 0; 3462.6144; 170; 56.6; 
567; 0; 3462.6892; 170; 56.8; 
567; 0; 3467.754; 170; 57; 
567; 0; 3467.8124; 170; 57.2; 
567; 0; 3467.8619; 170; 57.4; 
567; 0; 3467.9028; 170; 57.6; 
567; 0; 3472.9018; 170; 57.8; 
567; 0; 3472.927; 170; 58; 
567; 0; 3472.9457; 170; 58.2; 
567; 0; 3472.9591; 170; 58.4; 
567; 0; 3472.9686; 170; 58.6; 
567; 0; 3477.9152; 170; 58.8; 
567; 0; 3477.9205; 170; 59; 
567; 0; 3477.9254; 170; 59.2; 
567; 0; 3477.9308; 170; 59.4; 
567; 0; 3482.8549; 170; 59.6; 
567; 0; 3482.8631; 170; 59.8; 
567; 0; 3482.8734; 170; 60; 
567; 0; 3482.886; 170; 60.2; 
567; 0; 3487.8001; 170; 60.4; 
567; 0; 3487.8167; 170; 60.6; 
567; 0; 3487.8348; 170; 60.8; 
567; 0; 3487.8542; 170; 61; 
567; 0; 3487.8744; 170; 61.2; 
567; 0; 3489.6084; 170; 61.4; 
567; 0; 3489.6291; 170; 61.6; 
567; 0; 3489.6495; 170; 61.8; 
567; 0; 3489.6693; 170; 62; 
567; 0; 3491.3644; 170; 62.2; 
567; 0; 3491.3824; 170; 62.4; 
567; 0; 3491.3994; 170; 62.6; 
567; 0; 3491.4154; 170; 62.8; 
567; 0; 3491.4302; 170; 63; 
567; 0; 3493.0862; 170; 63.2; 
567; 0; 3493.099; 170; 63.4; 
567; 0; 3493.111; 170; 63.6; 
567; 0; 3493.1224; 170; 63.8; 
567; 0; 3493.1334; 170; 64; 
567; 0; 3494.7563; 170; 64.2; 
567; 0; 3494.7669; 170; 64.4; 
567; 0; 3494.7774; 170; 64.6; 
567; 0; 3494.7876; 170; 64.8; 
567; 0; 3494.8004; 170; 65; 
567; 0; 3496.4099; 170; 65.2; 
567; 0; 3496.4532; 170; 65.4; 
567; 0; 3496.522; 170; 65.6; 
567; 0; 3496.6218; 170; 65.8; 
567; 0; 3496.7575; 170; 66; 
567; 0; 3498.4925; 170; 66.2; 
567; 0; 3498.711; 170; 66.4; 
567; 0; 3498.9744; 170; 66.6; 
567; 0; 3499.2751; 170; 66.8; 
567; 0; 3499.6012; 170; 67; 
567; 0; 3499.9403; 170; 67.2; 
567; 0; 3501.8083; 170; 67.4; 
567; 0; 3502.1379; 170; 67.6; 
567; 0; 3502.451; 170; 67.8; 
567; 0; 3502.7423; 170; 68; 
567; 0; 3503.0095; 170; 68.2; 
567; 0; 3503.2524; 170; 68.4; 
567; 0; 3504.9721; 170; 68.6; 
567; 0; 3505.1711; 170; 68.8; 
567; 0; 3505.3536; 170; 69; 
567; 0; 3505.5231; 170; 69.2; 
567; 0; 3505.6826; 170; 69.4; 
567; 0; 3507.3154; 170; 69.6; 
567; 0; 3507.4608; 170; 69.8; 
567; 0; 3507.6019; 170; 70; 
567; 0; 3479.1211; 170; 70.2; 
567; 0; 3440.1367; 170; 70.4; 
567; 0; 3401.1412; 170; 70.6; 
567; 0; 3363.8408; 170; 70.8; 
567; 0; 3324.1463; 170; 71; 
567; 0; 3284.4402; 170; 71.2; 
567; 0; 3244.7228; 170; 71.4; 
567; 0; 3204.0688; 170; 71.6; 
567; 0; 3164.3298; 170; 71.8; 
567; 0; 3126.436; 170; 72; 
567; 0; 3087.7646; 170; 72.2; 
567; 0; 3052.7933; 170; 72.4; 
567; 0; 3020.1975; 170; 72.6; 
567; 0; 2987.5964; 170; 72.8; 
567; 0; 2955.8064; 170; 73; 
567; 0; 2921.6077; 170; 73.2; 
567; 0; 2886.9893; 170; 73.4; 
567; 0; 2853.3031; 170; 73.6; 
567; 0; 2820.5495; 170; 73.8; 
567; 0; 2789.6658; 170; 74; 
567; 0; 2758.779; 170; 74.2; 
567; 0; 2729.7624; 170; 74.4; 
567; 0; 2700.7432; 170; 74.6; 
567; 0; 2673.5947; 170; 74.8; 
567; 0; 2654.4039; 170; 75; 
567; 0; 2633.0569; 170; 75.2; 
567; 0; 2611.7085; 170; 75.4; 
567; 0; 2591.9407; 170; 75.6; 
567; 0; 2572.1718; 170; 75.8; 
567; 0; 2549.4125; 170; 76; 
567; 0; 2527.0303; 170; 76.2; 
567; 0; 2505.6206; 170; 76.4; 
567; 0; 2485.1833; 170; 76.6; 
567; 0; 2465.7186; 170; 76.8; 
567; 0; 2446.253; 170; 77; 
567; 0; 2428.7343; 170; 77.2; 
567; 0; 2411.2156; 170; 77.4; 
567; 0; 2395.6442; 170; 77.6; 
567; 0; 2380.0728; 170; 77.8; 
567; 0; 2364.5012; 170; 78; 
567; 0; 2357.9563; 170; 78.2; 
567; 0; 2344.5442; 170; 78.4; 
567; 0; 2331.1313; 170; 78.6; 
567; 0; 2319.1428; 170; 78.8; 
567; 0; 2308.2677; 170; 79; 
567; 0; 2298.2287; 170; 79.2; 
567; 0; 2288.189; 170; 79.4; 
567; 0; 2278.9857; 170; 79.6; 
567; 0; 2269.7821; 170; 79.8; 
567; 0; 2260.5783; 170; 80; 
567; 0; 2252.2112; 170; 80.2; 
567; 0; 2244.6808; 170; 80.4; 
567; 0; 2237.1504; 170; 80.6; 
567; 0; 2228.9517; 170; 80.8; 
567; 0; 2221.1752; 170; 81; 
567; 0; 2214.3709; 170; 81.2; 
567; 0; 2206.5943; 170; 81.4; 
567; 0; 2199.7899; 170; 81.6; 
567; 0; 2192.9853; 170; 81.8; 
567; 0; 2187.1528; 170; 82; 
567; 0; 2181.3201; 170; 82.2; 
567; 0; 2176.4594; 170; 82.4; 
567; 0; 2170.6265; 170; 82.6; 
567; 0; 2165.7658; 170; 82.8; 
567; 0; 2160.9049; 170; 83; 
567; 0; 2157.0162; 170; 83.2; 
567; 0; 2153.1274; 170; 83.4; 
567; 0; 2149.2386; 170; 83.6; 
567; 0; 2145.3497; 170; 83.8; 
567; 0; 2141.4608; 170; 84; 
567; 0; 2138.5441; 170; 84.2; 
567; 0; 2135.6273; 170; 84.4; 
567; 0; 2132.7106; 170; 84.6; 
567; 0; 2129.7939; 170; 84.8; 
567; 0; 2126.8772; 170; 85; 
567; 0; 2124.9327; 170; 85.2; 
567; 0; 2122.9881; 170; 85.4; 
567; 0; 2121.0436; 170; 85.6; 
567; 0; 2119.0989; 170; 85.8; 
567; 0; 2117.1543; 170; 86; 
567; 0; 2115.2097; 170; 86.2; 
567; 0; 2114.2372; 170; 86.4; 
567; 0; 2112.2925; 170; 86.6; 
567; 0; 2111.32; 170; 86.8; 
567; 0; 2110.3475; 170; 87; 
567; 0; 2109.3749; 170; 87.2; 
567; 0; 2108.4024; 170; 87.4; 
567; 0; 2107.4299; 170; 87.6; 
567; 0; 2107.4296; 170; 87.8; 
567; 0; 2106.457; 170; 88; 
567; 0; 2105.4844; 170; 88.2; 
567; 0; 2105.484; 170; 88.4; 
567; 0; 2105.4836; 170; 88.6; 
567; 0; 2104.511; 170; 88.8; 
567; 0; 2104.5105; 170; 89; 
567; 0; 2104.5101; 170; 89.2; 
567; 0; 2104.5098; 170; 89.4; 
567; 0; 2104.5095; 170; 89.6; 
567; 0; 2104.5092; 170; 89.8; 
567; 0; 2104.5089; 170; 90; 
567; 0; 2104.5085; 170; 90.2; 
567; 0; 2104.5081; 170; 90.4; 
567; 0; 2104.5077; 170; 90.6; 
567; 0; 2104.5073; 170; 90.8; 
567; 0; 2105.479; 170; 91; 
567; 0; 2094.9517; 170; 91.2; 
567; 0; 2094.9512; 170; 91.4; 
567; 0; 2095.935; 170; 91.6; 
567; 0; 2095.9346; 170; 91.8; 
567; 0; 2096.9184; 170; 92; 
567; 0; 2096.918; 170; 92.2; 
567; 0; 2097.902; 170; 92.4; 
567; 0; 2098.8858; 170; 92.6; 
567; 0; 2099.8697; 170; 92.8; 
567; 0; 2099.8693; 170; 93; 
567; 0; 2100.8531; 170; 93.2; 
567; 0; 2101.8369; 170; 93.4; 
567; 0; 2102.8207; 170; 93.6; 
567; 0; 2103.8045; 170; 93.8; 
567; 0; 2104.7883; 170; 94; 
567; 0; 2105.7721; 170; 94.2; 
567; 0; 2106.7559; 170; 94.4; 
567; 0; 2107.7397; 170; 94.6; 
567; 0; 2108.7235; 170; 94.8; 
567; 0; 2109.7073; 170; 95; 
567; 0; 2110.6912; 170; 95.2; 
567; 0; 2111.6752; 170; 95.4; 
567; 0; 2113.6455; 170; 95.6; 
567; 0; 2117.5899; 170; 95.8; 
567; 0; 2122.5273; 170; 96; 
567; 0; 2129.4449; 170; 96.2; 
567; 0; 2139.3302; 170; 96.4; 
567; 0; 2150.2175; 170; 96.6; 
567; 0; 2164.0789; 170; 96.8; 
567; 0; 2179.9334; 170; 97; 
567; 0; 2196.7994; 170; 97.2; 
567; 0; 2213.692; 170; 97.4; 
567; 0; 2229.6486; 170; 97.6; 
567; 0; 2242.5375; 170; 97.8; 
567; 0; 2255.4374; 170; 98; 
567; 0; 2267.4935; 170; 98.2; 
567; 0; 2277.8507; 170; 98.4; 
567; 0; 2288.2111; 170; 98.6; 
567; 0; 2297.7212; 170; 98.8; 
567; 0; 2306.3804; 170; 99; 
567; 0; 2315.0422; 170; 99.2; 
567; 0; 2323.9042; 170; 99.4; 
567; 0; 2324.7289; 170; 99.6; 
567; 0; 2334.829; 170; 99.8; 
567; 0; 2343.9433; 170; 100; 
567; 0; 2354.0598; 170; 100.2; 
567; 0; 2363.1909; 170; 100.4; 
567; 0; 2372.3304; 170; 100.6; 
567; 0; 2381.4781; 170; 100.8; 
567; 0; 2390.6333; 170; 101; 
567; 0; 2398.7998; 170; 101.2; 
567; 0; 2406.9721; 170; 101.4; 
567; 0; 2414.1534; 170; 101.6; 
567; 0; 2421.3387; 170; 101.8; 
567; 0; 2428.5279; 170; 102; 
567; 0; 2434.7239; 170; 102.2; 
567; 0; 2440.9231; 170; 102.4; 
567; 0; 2447.1259; 170; 102.6; 
567; 0; 2453.3322; 170; 102.8; 
567; 0; 2458.5441; 170; 103; 
567; 0; 2463.7594; 170; 103.2; 
567; 0; 2468.9782; 170; 103.4; 
567; 0; 2473.2015; 170; 103.6; 
567; 0; 2477.4279; 170; 103.8; 
567; 0; 2482.6574; 170; 104; 
567; 0; 2486.8904; 170; 104.2; 
567; 0; 2490.126; 170; 104.4; 
567; 0; 2494.3647; 170; 104.6; 
567; 0; 2497.6053; 170; 104.8; 
567; 0; 2500.8482; 170; 105; 
567; 0; 2504.0932; 170; 105.2; 
567; 0; 2507.3402; 170; 105.4; 
567; 0; 2509.587; 170; 105.6; 
567; 0; 2512.8377; 170; 105.8; 
567; 0; 2515.0877; 170; 106; 
567; 0; 2517.3392; 170; 106.2; 
567; 0; 2519.5922; 170; 106.4; 
567; 0; 2521.8468; 170; 106.6; 
567; 0; 2523.099; 170; 106.8; 
567; 0; 2525.3566; 170; 107; 
567; 0; 2526.6112; 170; 107.2; 
567; 0; 2528.8719; 170; 107.4; 
567; 0; 2530.1289; 170; 107.6; 
567; 0; 2531.387; 170; 107.8; 
567; 0; 2532.646; 170; 108; 
567; 0; 2533.9059; 170; 108.2; 
567; 0; 2535.1667; 170; 108.4; 
567; 0; 2535.4218; 170; 108.6; 
567; 0; 2536.6844; 170; 108.8; 
567; 0; 2536.9407; 170; 109; 
567; 0; 2538.2048; 170; 109.2; 
567; 0; 2538.4621; 170; 109.4; 
567; 0; 2538.7197; 170; 109.6; 
567; 0; 2539.7249; 170; 109.8; 
567; 0; 2539.8759; 170; 110; 
567; 0; 2540.0271; 170; 110.2; 
567; 0; 2540.1787; 170; 110.4; 
567; 0; 2540.3306; 170; 110.6; 
567; 0; 2540.4828; 170; 110.8; 
567; 0; 2540.6352; 170; 111; 
567; 0; 2540.7879; 170; 111.2; 
567; 0; 2540.9409; 170; 111.4; 
567; 0; 2540.2725; 170; 111.6; 
567; 0; 2540.4258; 170; 111.8; 
567; 0; 2540.5795; 170; 112; 
567; 0; 2539.911; 170; 112.2; 
567; 0; 2540.065; 170; 112.4; 
567; 0; 2540.2193; 170; 112.6; 
567; 0; 2539.5507; 170; 112.8; 
567; 0; 2539.7053; 170; 113; 
567; 0; 2539.0366; 170; 113.2; 
567; 0; 2539.1916; 170; 113.4; 
567; 0; 2538.5227; 170; 113.6; 
567; 0; 2538.6781; 170; 113.8; 
567; 0; 2538.009; 170; 114; 
567; 0; 2538.1647; 170; 114.2; 
567; 0; 2543.0236; 170; 114.4; 
567; 0; 2542.3594; 170; 114.6; 
567; 0; 2542.5079; 170; 114.8; 
567; 0; 2541.8436; 170; 115; 
567; 0; 2541.1791; 170; 115.2; 
567; 0; 2541.328; 170; 115.4; 
567; 0; 2540.6634; 170; 115.6; 
567; 0; 2539.9987; 170; 115.8; 
567; 0; 2539.3336; 170; 116; 
567; 0; 2538.6197; 170; 116.2; 
567; 0; 2537.8742; 170; 116.4; 
567; 0; 2537.1284; 170; 116.6; 
567; 0; 2536.3823; 170; 116.8; 
567; 0; 2536.6398; 170; 117; 
567; 0; 2535.8935; 170; 117.2; 
567; 0; 2535.1469; 170; 117.4; 
567; 0; 2534.4001; 170; 117.6; 
567; 0; 2533.653; 170; 117.8; 
567; 0; 2532.9058; 170; 118; 
567; 0; 2532.1582; 170; 118.2; 
567; 0; 2531.4105; 170; 118.4; 
567; 0; 2530.6626; 170; 118.6; 
567; 0; 2529.9144; 170; 118.8; 
567; 0; 2529.1659; 170; 119; 
567; 0; 2528.4171; 170; 119.2; 
567; 0; 2527.6682; 170; 119.4; 
567; 0; 2526.919; 170; 119.6; 
567; 0; 2526.1696; 170; 119.8; 
567; 0; 2525.4199; 170; 120; 
567; 0; 2525.6787; 170; 120.2; 
567; 0; 2524.9287; 170; 120.4; 
567; 0; 2524.1784; 170; 120.6; 
567; 0; 2523.4279; 170; 120.8; 
567; 0; 2522.6771; 170; 121; 
567; 0; 2521.926; 170; 121.2; 
567; 0; 2522.1854; 170; 121.4; 
567; 0; 2521.4341; 170; 121.6; 
567; 0; 2520.6825; 170; 121.8; 
567; 0; 2519.9306; 170; 122; 
567; 0; 2519.1786; 170; 122.2; 
567; 0; 2518.4263; 170; 122.4; 
567; 0; 2518.6864; 170; 122.6; 
567; 0; 2517.9338; 170; 122.8; 
567; 0; 2517.181; 170; 123; 
567; 0; 2516.428; 170; 123.2; 
567; 0; 2516.6885; 170; 123.4; 
567; 0; 2515.9353; 170; 123.6; 
567; 0; 2515.1817; 170; 123.8; 
567; 0; 2514.4279; 170; 124; 
567; 0; 2514.6889; 170; 124.2; 
567; 0; 2513.9348; 170; 124.4; 
567; 0; 2513.1805; 170; 124.6; 
567; 0; 2513.4419; 170; 124.8; 
567; 0; 2512.6872; 170; 125; 
567; 0; 2511.9324; 170; 125.2; 
567; 0; 2512.1943; 170; 125.4; 
567; 0; 2511.4392; 170; 125.6; 
567; 0; 2510.6839; 170; 125.8; 
567; 0; 2510.9463; 170; 126; 
567; 0; 2510.1907; 170; 126.2; 
567; 0; 2509.4348; 170; 126.4; 
567; 0; 2509.6976; 170; 126.6; 
567; 0; 2508.9414; 170; 126.8; 
567; 0; 2508.1849; 170; 127; 
567; 0; 2508.4482; 170; 127.2; 
567; 0; 2507.6916; 170; 127.4; 
567; 0; 2506.9347; 170; 127.6; 
567; 0; 2507.1985; 170; 127.8; 
567; 0; 2506.4414; 170; 128; 
567; 0; 2506.7056; 170; 128.2; 
567; 0; 2505.9482; 170; 128.4; 
567; 0; 2506.2124; 170; 128.6; 
567; 0; 2506.4763; 170; 128.8; 
567; 0; 2506.7391; 170; 129; 
567; 0; 2504.9508; 170; 129.2; 
567; 0; 2503.1498; 170; 129.4; 
567; 0; 2499.2824; 170; 129.6; 
567; 0; 2493.3425; 170; 129.8; 
567; 0; 2486.3504; 170; 130; 
567; 0; 2478.3035; 170; 130.2; 
567; 0; 2467.1515; 170; 130.4; 
567; 0; 2454.9425; 170; 130.6; 
567; 0; 2440.6522; 170; 130.8; 
567; 0; 2425.3061; 170; 131; 
567; 0; 2408.9067; 170; 131.2; 
567; 0; 2391.4611; 170; 131.4; 
567; 0; 2374.0031; 170; 131.6; 
567; 0; 2358.5908; 170; 131.8; 
567; 0; 2345.2315; 170; 132; 
567; 0; 2333.9303; 170; 132.2; 
567; 0; 2324.6907; 170; 132.4; 
567; 0; 2324.219; 170; 132.6; 
567; 0; 2317.8259; 170; 132.8; 
567; 0; 2311.6784; 170; 133; 
567; 0; 2304.6562; 170; 133.2; 
567; 0; 2297.6362; 170; 133.4; 
567; 0; 2290.6149; 170; 133.6; 
567; 0; 2282.7088; 170; 133.8; 
567; 0; 2273.9165; 170; 134; 
567; 0; 2265.1177; 170; 134.2; 
567; 0; 2256.3131; 170; 134.4; 
567; 0; 2247.5037; 170; 134.6; 
567; 0; 2239.5717; 170; 134.8; 
567; 0; 2230.7577; 170; 135; 
567; 0; 2223.7047; 170; 135.2; 
567; 0; 2216.6528; 170; 135.4; 
567; 0; 2209.6026; 170; 135.6; 
567; 0; 2203.4349; 170; 135.8; 
567; 0; 2198.1497; 170; 136; 
567; 0; 2192.8663; 170; 136.2; 
567; 0; 2187.3144; 170; 136.4; 
567; 0; 2182.2022; 170; 136.6; 
567; 0; 2177.0903; 170; 136.8; 
567; 0; 2171.9783; 170; 137; 
567; 0; 2166.8656; 170; 137.2; 
567; 0; 2161.752; 170; 137.4; 
567; 0; 2156.6374; 170; 137.6; 
567; 0; 2152.545; 170; 137.8; 
567; 0; 2148.4518; 170; 138; 
567; 0; 2144.3581; 170; 138.2; 
567; 0; 2140.2642; 170; 138.4; 
567; 0; 2136.1703; 170; 138.6; 
567; 0; 2133.0996; 170; 138.8; 
567; 0; 2130.0291; 170; 139; 
567; 0; 2126.9588; 170; 139.2; 
567; 0; 2123.8889; 170; 139.4; 
567; 0; 2121.8422; 170; 139.6; 
567; 0; 2119.7958; 170; 139.8; 
567; 0; 2116.7264; 170; 140; 
567; 0; 2114.6801; 170; 140.2; 
567; 0; 2112.6339; 170; 140.4; 
567; 0; 2111.6106; 170; 140.6; 
567; 0; 2109.5642; 170; 140.8; 
567; 0; 2107.5176; 170; 141; 
567; 0; 2106.4941; 170; 141.2; 
567; 0; 2104.4474; 170; 141.4; 
567; 0; 2103.4236; 170; 141.6; 
567; 0; 2102.3998; 170; 141.8; 
567; 0; 2101.3759; 170; 142; 
567; 0; 2100.3521; 170; 142.2; 
567; 0; 2099.3282; 170; 142.4; 
567; 0; 2098.3045; 170; 142.6; 
567; 0; 2098.3039; 170; 142.8; 
567; 0; 2097.2803; 170; 143; 
567; 0; 2096.2566; 170; 143.2; 
567; 0; 2096.2559; 170; 143.4; 
567; 0; 2095.2322; 170; 143.6; 
567; 0; 2095.2315; 170; 143.8; 
567; 0; 2095.2309; 170; 144; 
567; 0; 2095.2302; 170; 144.2; 
567; 0; 2094.2065; 170; 144.4; 
567; 0; 2094.2059; 170; 144.6; 
567; 0; 2094.2053; 170; 144.8; 
567; 0; 2094.2047; 170; 145; 
567; 0; 2094.2041; 170; 145.2; 
567; 0; 2094.2035; 170; 145.4; 
567; 0; 2095.2267; 170; 145.6; 
567; 0; 2097.277; 170; 145.8; 
567; 0; 2100.3585; 170; 146; 
567; 0; 2106.521; 170; 146.2; 
567; 0; 2114.745; 170; 146.4; 
567; 0; 2115.3521; 170; 146.6; 
567; 0; 2128.9009; 170; 146.8; 
567; 0; 2143.5116; 170; 147; 
567; 0; 2159.1867; 170; 147.2; 
567; 0; 2174.888; 170; 147.4; 
567; 0; 2189.0603; 170; 147.6; 
567; 0; 2200.8303; 170; 147.8; 
567; 0; 2211.712; 170; 148; 
567; 0; 2221.7014; 170; 148.2; 
567; 0; 2230.7953; 170; 148.4; 
567; 0; 2238.9918; 170; 148.6; 
567; 0; 2247.187; 170; 148.8; 
567; 0; 2254.4842; 170; 149; 
567; 0; 2260.8838; 170; 149.2; 
567; 0; 2267.2847; 170; 149.4; 
567; 0; 2274.5862; 170; 149.6; 
567; 0; 2280.994; 170; 149.8; 
567; 0; 2287.4068; 170; 150; 
567; 0; 2294.7238; 170; 150.2; 
567; 0; 2301.1482; 170; 150.4; 
567; 0; 2307.5781; 170; 150.6; 
567; 0; 2314.0132; 170; 150.8; 
567; 0; 2319.5534; 170; 151; 
567; 0; 2325.4959; 170; 151.2; 
567; 0; 2331.8491; 170; 151.4; 
567; 0; 2337.1742; 170; 151.6; 
567; 0; 2342.5013; 170; 151.8; 
567; 0; 2347.8304; 170; 152; 
567; 0; 2353.1613; 170; 152.2; 
567; 0; 2357.4621; 170; 152.4; 
567; 0; 2361.7647; 170; 152.6; 
567; 0; 2366.0693; 170; 152.8; 
567; 0; 2369.3432; 170; 153; 
567; 0; 2373.6522; 170; 153.2; 
567; 0; 2376.9304; 170; 153.4; 
567; 0; 2381.2443; 170; 153.6; 
567; 0; 2384.5269; 170; 153.8; 
567; 0; 2387.8118; 170; 154; 
567; 0; 2390.0643; 170; 154.2; 
567; 0; 2393.3529; 170; 154.4; 
567; 0; 2396.6434; 170; 154.6; 
567; 0; 2398.9004; 170; 154.8; 
567; 0; 2401.1588; 170; 155; 
567; 0; 2403.4183; 170; 155.2; 
567; 0; 2405.679; 170; 155.4; 
567; 0; 2407.9408; 170; 155.6; 
567; 0; 2409.1672; 170; 155.8; 
567; 0; 2411.431; 170; 156; 
567; 0; 2412.6591; 170; 156.2; 
567; 0; 2414.9251; 170; 156.4; 
567; 0; 2416.1549; 170; 156.6; 
567; 0; 2417.3857; 170; 156.8; 
567; 0; 2418.6173; 170; 157; 
567; 0; 2419.8497; 170; 157.2; 
567; 0; 2421.0828; 170; 157.4; 
567; 0; 2422.3168; 170; 157.6; 
567; 0; 2423.5515; 170; 157.8; 
567; 0; 2424.7871; 170; 158; 
567; 0; 2424.9839; 170; 158.2; 
567; 0; 2426.2208; 170; 158.4; 
567; 0; 2426.4185; 170; 158.6; 
567; 0; 2427.6566; 170; 158.8; 
567; 0; 2427.8548; 170; 159; 
567; 0; 2429.0941; 170; 159.2; 
567; 0; 2429.293; 170; 159.4; 
567; 0; 2429.4922; 170; 159.6; 
567; 0; 2430.7332; 170; 159.8; 
567; 0; 2430.9331; 170; 160; 
567; 0; 2431.1332; 170; 160.2; 
567; 0; 2431.3334; 170; 160.4; 
567; 0; 2431.5339; 170; 160.6; 
567; 0; 2431.7347; 170; 160.8; 
567; 0; 2431.9357; 170; 161; 
567; 0; 2433.1805; 170; 161.2; 
567; 0; 2433.3818; 170; 161.4; 
567; 0; 2433.5823; 170; 161.6; 
567; 0; 2433.7811; 170; 161.8; 
567; 0; 2433.9775; 170; 162; 
567; 0; 2434.1706; 170; 162.2; 
567; 0; 2434.3593; 170; 162.4; 
567; 0; 2434.5432; 170; 162.6; 
567; 0; 2434.723; 170; 162.8; 
567; 0; 2435.9466; 170; 163; 
567; 0; 2438.2174; 170; 163.2; 
567; 0; 2441.5391; 170; 163.4; 
567; 0; 2445.915; 170; 163.6; 
567; 0; 2451.3476; 170; 163.8; 
567; 0; 2457.8384; 170; 164; 
567; 0; 2464.3409; 170; 164.2; 
567; 0; 2470.8548; 170; 164.4; 
567; 0; 2476.3308; 170; 164.6; 
567; 0; 2479.7152; 170; 164.8; 
567; 0; 2480.9801; 170; 165; 
567; 0; 2480.1179; 170; 165.2; 
567; 0; 2477.141; 170; 165.4; 
567; 0; 2470.9935; 170; 165.6; 
567; 0; 2463.7684; 170; 165.8; 
567; 0; 2454.4133; 170; 166; 
567; 0; 2442.9265; 170; 166.2; 
567; 0; 2428.2586; 170; 166.4; 
567; 0; 2412.5099; 170; 166.6; 
567; 0; 2394.6338; 170; 166.8; 
567; 0; 2375.6866; 170; 167; 
567; 0; 2356.7275; 170; 167.2; 
567; 0; 2340.9137; 170; 167.4; 
567; 0; 2328.2526; 170; 167.6; 
567; 0; 2320.1231; 170; 167.8; 
567; 0; 2317.3338; 170; 168; 
567; 0; 2317.3063; 170; 168.2; 
567; 0; 2320.0418; 170; 168.4; 
567; 0; 2322.8584; 170; 168.6; 
567; 0; 2326.0305; 170; 168.8; 
567; 0; 2327.1212; 170; 169; 
567; 0; 2325.0752; 170; 169.2; 
567; 0; 2321.1138; 170; 169.4; 
567; 0; 2314.745; 170; 169.6; 
567; 0; 2308.3656; 170; 169.8; 
567; 0; 2300.1408; 170; 170; 
567; 0; 2290.986; 170; 170.2; 
567; 0; 2280.903; 170; 170.4; 
567; 0; 2270.8113; 170; 170.6; 
567; 0; 2260.7147; 170; 170.8; 
567; 0; 2251.533; 170; 171; 
567; 0; 2250.8454; 170; 171.2; 
567; 0; 2243.617; 170; 171.4; 
567; 0; 2237.2949; 170; 171.6; 
567; 0; 2231.8794; 170; 171.8; 
567; 0; 2226.4683; 170; 172; 
567; 0; 2221.9625; 170; 172.2; 
567; 0; 2217.4593; 170; 172.4; 
567; 0; 2212.0559; 170; 172.6; 
567; 0; 2207.5543; 170; 172.8; 
567; 0; 2203.0519; 170; 173; 
567; 0; 2197.6468; 170; 173.2; 
567; 0; 2193.1417; 170; 173.4; 
567; 0; 2187.7334; 170; 173.6; 
567; 0; 2183.2253; 170; 173.8; 
567; 0; 2178.7163; 170; 174; 
567; 0; 2174.2066; 170; 174.2; 
567; 0; 2169.6968; 170; 174.4; 
567; 0; 2164.4906; 170; 174.6; 
567; 0; 2160.2981; 170; 174.8; 
567; 0; 2156.1061; 170; 175; 
567; 0; 2152.9623; 170; 175.2; 
567; 0; 2148.7718; 170; 175.4; 
567; 0; 2145.6293; 170; 175.6; 
567; 0; 2142.4872; 170; 175.8; 
567; 0; 2139.3454; 170; 176; 
567; 0; 2136.2038; 170; 176.2; 
567; 0; 2134.1095; 170; 176.4; 
567; 0; 2130.9676; 170; 176.6; 
567; 0; 2128.873; 170; 176.8; 
567; 0; 2126.7781; 170; 177; 
567; 0; 2124.6829; 170; 177.2; 
567; 0; 2122.5875; 170; 177.4; 
567; 0; 2120.4919; 170; 177.6; 
567; 0; 2118.3963; 170; 177.8; 
567; 0; 2116.3007; 170; 178; 
567; 0; 2115.2525; 170; 178.2; 
567; 0; 2113.1571; 170; 178.4; 
567; 0; 2112.1092; 170; 178.6; 
567; 0; 2110.014; 170; 178.8; 
567; 0; 2108.9662; 170; 179; 
567; 0; 2107.9184; 170; 179.2; 
567; 0; 2106.8706; 170; 179.4; 
567; 0; 2105.8228; 170; 179.6; 
567; 0; 2104.7749; 170; 179.8; 
567; 0; 2104.7745; 170; 180; 
567; 0; 2103.7266; 170; 180.2; 
567; 0; 2102.6788; 170; 180.4; 
567; 0; 2102.6783; 170; 180.6; 
567; 0; 2101.6304; 170; 180.8; 
567; 0; 2101.6298; 170; 181; 
567; 0; 2100.5819; 170; 181.2; 
567; 0; 2100.5813; 170; 181.4; 
567; 0; 2099.5334; 170; 181.6; 
567; 0; 2099.5328; 170; 181.8; 
567; 0; 2099.5322; 170; 182; 
567; 0; 2099.5317; 170; 182.2; 
567; 0; 2098.4838; 170; 182.4; 
567; 0; 2098.4833; 170; 182.6; 
567; 0; 2098.4827; 170; 182.8; 
567; 0; 2098.4822; 170; 183; 
567; 0; 2098.4816; 170; 183.2; 
567; 0; 2098.481; 170; 183.4; 
567; 0; 2098.4805; 170; 183.6; 
567; 0; 2098.48; 170; 183.8; 
567; 0; 2098.4795; 170; 184; 
567; 0; 2098.479; 170; 184.2; 
567; 0; 2098.4785; 170; 184.4; 
567; 0; 2098.478; 170; 184.6; 
567; 0; 2099.5249; 170; 184.8; 
567; 0; 2099.5244; 170; 185; 
567; 0; 2099.5239; 170; 185.2; 
567; 0; 2099.5234; 170; 185.4; 
567; 0; 2099.5229; 170; 185.6; 
567; 0; 2099.5223; 170; 185.8; 
567; 0; 2100.5691; 170; 186; 
567; 0; 2100.5686; 170; 186.2; 
567; 0; 2100.568; 170; 186.4; 
567; 0; 2090.8434; 170; 186.6; 
567; 0; 2091.9032; 170; 186.8; 
567; 0; 2091.9026; 170; 187; 
567; 0; 2091.9021; 170; 187.2; 
567; 0; 2092.962; 170; 187.4; 
567; 0; 2092.9615; 170; 187.6; 
567; 0; 2094.0213; 170; 187.8; 
567; 0; 2094.0208; 170; 188; 
567; 0; 2095.0807; 170; 188.2; 
567; 0; 2095.0802; 170; 188.4; 
567; 0; 2096.14; 170; 188.6; 
567; 0; 2096.1395; 170; 188.8; 
567; 0; 2097.1994; 170; 189; 
567; 0; 2098.2592; 170; 189.2; 
567; 0; 2098.2587; 170; 189.4; 
567; 0; 2099.3186; 170; 189.6; 
567; 0; 2100.3784; 170; 189.8; 
567; 0; 2100.3778; 170; 190; 
567; 0; 2101.4376; 170; 190.2; 
567; 0; 2102.4974; 170; 190.4; 
567; 0; 2103.5571; 170; 190.6; 
567; 0; 2103.5562; 170; 190.8; 
567; 0; 2104.6156; 170; 191; 
567; 0; 2104.6147; 170; 191.2; 
567; 0; 2105.6743; 170; 191.4; 
567; 0; 2106.734; 170; 191.6; 
567; 0; 2106.7335; 170; 191.8; 
567; 0; 2107.7936; 170; 192; 
567; 0; 2108.8538; 170; 192.2; 
567; 0; 2108.8537; 170; 192.4; 
567; 0; 2109.9138; 170; 192.6; 
567; 0; 2109.9136; 170; 192.8; 
567; 0; 2110.9736; 170; 193; 
567; 0; 2110.9732; 170; 193.2; 
567; 0; 2112.0331; 170; 193.4; 
567; 0; 2112.0327; 170; 193.6; 
567; 0; 2113.0926; 170; 193.8; 
567; 0; 2113.0921; 170; 194; 
567; 0; 2114.1519; 170; 194.2; 
567; 0; 2114.1514; 170; 194.4; 
567; 0; 2115.2113; 170; 194.6; 
567; 0; 2115.2108; 170; 194.8; 
567; 0; 2115.2103; 170; 195; 
567; 0; 2116.2702; 170; 195.2; 
567; 0; 2116.2697; 170; 195.4; 
567; 0; 2117.3295; 170; 195.6; 
567; 0; 2117.3289; 170; 195.8; 
567; 0; 2117.3284; 170; 196; 
567; 0; 2118.3883; 170; 196.2; 
567; 0; 2118.3878; 170; 196.4; 
567; 0; 2118.3873; 170; 196.6; 
567; 0; 2118.3868; 170; 196.8; 
567; 0; 2119.4467; 170; 197; 
567; 0; 2119.4463; 170; 197.2; 
567; 0; 2119.4458; 170; 197.4; 
567; 0; 2120.5057; 170; 197.6; 
567; 0; 2120.5053; 170; 197.8; 
567; 0; 2120.5048; 170; 198; 
567; 0; 2120.5044; 170; 198.2; 
567; 0; 2121.5643; 170; 198.4; 
567; 0; 2121.564; 170; 198.6; 
567; 0; 2121.5636; 170; 198.8; 
567; 0; 2121.5632; 170; 199; 
567; 0; 2122.6231; 170; 199.2; 
567; 0; 2122.6226; 170; 199.4; 
567; 0; 2122.6221; 170; 199.6; 
567; 0; 2122.6216; 170; 199.8; 
567; 0; 2122.6211; 170; 200; 
567; 0; 2123.681; 170; 200.2; 
567; 0; 2123.6806; 170; 200.4; 
567; 0; 2123.6802; 170; 200.6; 
567; 0; 2123.6798; 170; 200.8; 
567; 0; 2123.6793; 170; 201; 
567; 0; 2123.6789; 170; 201.2; 
567; 0; 2124.7389; 170; 201.4; 
567; 0; 2124.7385; 170; 201.6; 
567; 0; 2124.7381; 170; 201.8; 
567; 0; 2124.7377; 170; 202; 
567; 0; 2124.7374; 170; 202.2; 
567; 0; 2124.737; 170; 202.4; 
567; 0; 2125.7969; 170; 202.6; 
567; 0; 2125.7965; 170; 202.8; 
567; 0; 2125.796; 170; 203; 
567; 0; 2125.7956; 170; 203.2; 
567; 0; 2125.7951; 170; 203.4; 
567; 0; 2125.7946; 170; 203.6; 
567; 0; 2125.7943; 170; 203.8; 
567; 0; 2125.7939; 170; 204; 
567; 0; 2126.8539; 170; 204.2; 
567; 0; 2126.8535; 170; 204.4; 
567; 0; 2126.8532; 170; 204.6; 
567; 0; 2126.8527; 170; 204.8; 
567; 0; 2126.8523; 170; 205; 
567; 0; 2126.8518; 170; 205.2; 
567; 0; 2126.8514; 170; 205.4; 
567; 0; 2126.851; 170; 205.6; 
567; 0; 2126.8506; 170; 205.8; 
567; 0; 2126.8502; 170; 206; 
567; 0; 2127.9101; 170; 206.2; 
567; 0; 2127.9098; 170; 206.4; 
567; 0; 2127.9095; 170; 206.6; 
567; 0; 2127.9092; 170; 206.8; 
567; 0; 2127.9089; 170; 207; 
567; 0; 2127.9085; 170; 207.2; 
567; 0; 2127.9081; 170; 207.4; 
567; 0; 2127.9077; 170; 207.6; 
567; 0; 2127.9073; 170; 207.8; 
567; 0; 2127.9069; 170; 208; 
567; 0; 2128.9668; 170; 208.2; 
567; 0; 2128.9664; 170; 208.4; 
567; 0; 2128.966; 170; 208.6; 
567; 0; 2128.9656; 170; 208.8; 
567; 0; 2128.9652; 170; 209; 
567; 0; 2130.0251; 170; 209.2; 
567; 0; 2130.0247; 170; 209.4; 
567; 0; 2130.0243; 170; 209.6; 
567; 0; 2130.0239; 170; 209.8; 
567; 0; 2130.0235; 170; 210; 
567; 0; 2130.0232; 170; 210.2; 
567; 0; 2130.0228; 170; 210.4; 
567; 0; 2131.0826; 170; 210.6; 
567; 0; 2131.0823; 170; 210.8; 
567; 0; 2131.082; 170; 211; 
567; 0; 2131.0817; 170; 211.2; 
567; 0; 2131.0815; 170; 211.4; 
567; 0; 2131.0812; 170; 211.6; 
567; 0; 2131.0808; 170; 211.8; 
567; 0; 2131.0805; 170; 212; 
567; 0; 2131.0801; 170; 212.2; 
567; 0; 2131.0796; 170; 212.4; 
567; 0; 2132.1395; 170; 212.6; 
567; 0; 2132.1391; 170; 212.8; 
567; 0; 2132.1388; 170; 213; 
567; 0; 2132.1383; 170; 213.2; 
567; 0; 2132.1379; 170; 213.4; 
567; 0; 2132.1376; 170; 213.6; 
567; 0; 2132.1372; 170; 213.8; 
567; 0; 2132.1369; 170; 214; 
567; 0; 2132.1366; 170; 214.2; 
567; 0; 2132.1362; 170; 214.4; 
567; 0; 2132.1358; 170; 214.6; 
567; 0; 2132.1355; 170; 214.8; 
567; 0; 2132.1351; 170; 215; 
567; 0; 2132.1348; 170; 215.2; 
567; 0; 2132.1345; 170; 215.4; 
567; 0; 2132.1341; 170; 215.6; 
567; 0; 2132.1338; 170; 215.8; 
567; 0; 2132.1334; 170; 216; 
567; 0; 2132.1331; 170; 216.2; 
567; 0; 2132.1327; 170; 216.4; 
567; 0; 2132.1324; 170; 216.6; 
567; 0; 2132.1321; 170; 216.8; 
567; 0; 2132.1319; 170; 217; 
567; 0; 2132.1315; 170; 217.2; 
567; 0; 2132.1311; 170; 217.4; 
567; 0; 2132.1307; 170; 217.6; 
567; 0; 2133.1906; 170; 217.8; 
567; 0; 2133.1901; 170; 218; 
567; 0; 2133.189; 170; 218.2; 
567; 0; 2134.2472; 170; 218.4; 
567; 0; 2134.2438; 170; 218.6; 
567; 0; 2134.2384; 170; 218.8; 
567; 0; 2135.2907; 170; 219; 
567; 0; 2135.2797; 170; 219.2; 
567; 0; 2135.2655; 170; 219.4; 
567; 0; 2135.2494; 170; 219.6; 
567; 0; 2137.353; 170; 219.8; 
567; 0; 2139.4578; 170; 220; 
567; 0; 2143.6856; 170; 220.2; 
567; 0; 2148.9778; 170; 220.4; 
567; 0; 2155.3352; 170; 220.6; 
567; 0; 2161.5918; 170; 220.8; 
567; 0; 2168.0057; 170; 221; 
567; 0; 2172.5914; 170; 221.2; 
567; 0; 2178.0947; 170; 221.4; 
567; 0; 2181.7679; 170; 221.6; 
567; 0; 2184.5253; 170; 221.8; 
567; 0; 2187.2816; 170; 222; 
567; 0; 2189.1203; 170; 222.2; 
567; 0; 2190.0407; 170; 222.4; 
567; 0; 2190.9583; 170; 222.6; 
567; 0; 2190.9575; 170; 222.8; 
567; 0; 2190.9544; 170; 223; 
567; 0; 2190.9496; 170; 223.2; 
567; 0; 2191.8594; 170; 223.4; 
567; 0; 2192.7689; 170; 223.6; 
567; 0; 2193.6787; 170; 223.8; 
567; 0; 2194.5895; 170; 224; 
567; 0; 2196.4173; 170; 224.2; 
567; 0; 2198.2466; 170; 224.4; 
567; 0; 2200.9932; 170; 224.6; 
567; 0; 2202.8262; 170; 224.8; 
567; 0; 2204.6614; 170; 225; 
567; 0; 2206.4988; 170; 225.2; 
567; 0; 2208.338; 170; 225.4; 
567; 0; 2209.2627; 170; 225.6; 
567; 0; 2209.272; 170; 225.8; 
567; 0; 2208.3648; 170; 226; 
567; 0; 2207.456; 170; 226.2; 
567; 0; 2205.6292; 170; 226.4; 
567; 0; 2203.7998; 170; 226.6; 
567; 0; 2201.9679; 170; 226.8; 
567; 0; 2199.218; 170; 227; 
567; 0; 2196.4664; 170; 227.2; 
567; 0; 2193.7139; 170; 227.4; 
567; 0; 2191.8769; 170; 227.6; 
567; 0; 2190.0404; 170; 227.8; 
567; 0; 2188.205; 170; 228; 
567; 0; 2187.2866; 170; 228.2; 
567; 0; 2185.4539; 170; 228.4; 
567; 0; 2184.5383; 170; 228.6; 
567; 0; 2183.6237; 170; 228.8; 
567; 0; 2181.7942; 170; 229; 
567; 0; 2180.8808; 170; 229.2; 
567; 0; 2179.9675; 170; 229.4; 
567; 0; 2178.1382; 170; 229.6; 
567; 0; 2176.3084; 170; 229.8; 
567; 0; 2175.3936; 170; 230; 
567; 0; 2173.5624; 170; 230.2; 
567; 0; 2171.7307; 170; 230.4; 
567; 0; 2169.8986; 170; 230.6; 
567; 0; 2168.0662; 170; 230.8; 
567; 0; 2167.1494; 170; 231; 
567; 0; 2165.3169; 170; 231.2; 
567; 0; 2164.4003; 170; 231.4; 
567; 0; 2162.5682; 170; 231.6; 
567; 0; 2161.6521; 170; 231.8; 
567; 0; 2160.7299; 170; 232; 
567; 0; 2158.6095; 170; 232.2; 
567; 0; 2157.5495; 170; 232.4; 
567; 0; 2156.4897; 170; 232.6; 
567; 0; 2155.4299; 170; 232.8; 
567; 0; 2154.37; 170; 233; 
567; 0; 2153.3102; 170; 233.2; 
567; 0; 2152.2502; 170; 233.4; 
567; 0; 2151.19; 170; 233.6; 
567; 0; 2150.1297; 170; 233.8; 
567; 0; 2149.0692; 170; 234; 
567; 0; 2148.0087; 170; 234.2; 
567; 0; 2146.948; 170; 234.4; 
567; 0; 2145.8874; 170; 234.6; 
567; 0; 2144.8268; 170; 234.8; 
567; 0; 2143.7662; 170; 235; 
567; 0; 2142.7057; 170; 235.2; 
567; 0; 2142.7055; 170; 235.4; 
567; 0; 2141.6451; 170; 235.6; 
567; 0; 2140.5848; 170; 235.8; 
567; 0; 2140.5847; 170; 236; 
567; 0; 2139.5243; 170; 236.2; 
567; 0; 2138.464; 170; 236.4; 
567; 0; 2138.4638; 170; 236.6; 
567; 0; 2137.4034; 170; 236.8; 
567; 0; 2137.4032; 170; 237; 
567; 0; 2136.3428; 170; 237.2; 
567; 0; 2136.3425; 170; 237.4; 
567; 0; 2135.2821; 170; 237.6; 
567; 0; 2135.2818; 170; 237.8; 
567; 0; 2134.2214; 170; 238; 
567; 0; 2134.2211; 170; 238.2; 
567; 0; 2134.2208; 170; 238.4; 
567; 0; 2133.1603; 170; 238.6; 
567; 0; 2133.16; 170; 238.8; 
567; 0; 2133.1596; 170; 239; 
567; 0; 2132.0992; 170; 239.2; 
567; 0; 2132.0989; 170; 239.4; 
567; 0; 2132.0987; 170; 239.6; 
567; 0; 2131.0382; 170; 239.8; 
567; 0; 2131.0379; 170; 240; 
567; 0; 2131.0376; 170; 240.2; 
567; 0; 2131.0373; 170; 240.4; 
567; 0; 2129.9769; 170; 240.6; 
567; 0; 2129.9767; 170; 240.8; 
567; 0; 2129.9764; 170; 241; 
567; 0; 2129.9761; 170; 241.2; 
567; 0; 2128.9156; 170; 241.4; 
567; 0; 2128.9153; 170; 241.6; 
567; 0; 2128.9149; 170; 241.8; 
567; 0; 2128.9146; 170; 242; 
567; 0; 2128.9142; 170; 242.2; 
567; 0; 2128.914; 170; 242.4; 
567; 0; 2128.9136; 170; 242.6; 
567; 0; 2127.8531; 170; 242.8; 
567; 0; 2127.8529; 170; 243; 
567; 0; 2127.8526; 170; 243.2; 
567; 0; 2127.8523; 170; 243.4; 
567; 0; 2127.8521; 170; 243.6; 
567; 0; 2127.8518; 170; 243.8; 
567; 0; 2127.8515; 170; 244; 
567; 0; 2127.8513; 170; 244.2; 
567; 0; 2127.8511; 170; 244.4; 
567; 0; 2127.8508; 170; 244.6; 
567; 0; 2127.8504; 170; 244.8; 
567; 0; 2127.85; 170; 245; 
567; 0; 2127.8496; 170; 245.2; 
567; 0; 2127.8493; 170; 245.4; 
567; 0; 2126.7887; 170; 245.6; 
567; 0; 2126.7885; 170; 245.8; 
567; 0; 2126.7882; 170; 246; 
567; 0; 2127.8481; 170; 246.2; 
567; 0; 2127.8475; 170; 246.4; 
567; 0; 2128.9065; 170; 246.6; 
567; 0; 2128.9041; 170; 246.8; 
567; 0; 2128.9002; 170; 247; 
567; 0; 2128.8948; 170; 247.2; 
567; 0; 2128.8885; 170; 247.4; 
567; 0; 2128.8822; 170; 247.6; 
567; 0; 2128.8769; 170; 247.8; 
567; 0; 2129.9336; 170; 248; 
567; 0; 2132.053; 170; 248.2; 
567; 0; 2133.1149; 170; 248.4; 
567; 0; 2134.1791; 170; 248.6; 
567; 0; 2136.305; 170; 248.8; 
567; 0; 2137.3718; 170; 249; 
567; 0; 2138.4388; 170; 249.2; 
567; 0; 2138.445; 170; 249.4; 
567; 0; 2139.51; 170; 249.6; 
567; 0; 2139.5133; 170; 249.8; 
567; 0; 2138.4548; 170; 250; 
567; 0; 2138.4549; 170; 250.2; 
567; 0; 2138.4536; 170; 250.4; 
567; 0; 2137.3913; 170; 250.6; 
567; 0; 2137.3888; 170; 250.8; 
567; 0; 2137.3862; 170; 251; 
567; 0; 2136.3237; 170; 251.2; 
567; 0; 2136.3218; 170; 251.4; 
567; 0; 2136.3205; 170; 251.6; 
567; 0; 2136.3196; 170; 251.8; 
567; 0; 2135.2591; 170; 252; 
567; 0; 2135.2591; 170; 252.2; 
567; 0; 2135.2594; 170; 252.4; 
567; 0; 2135.2597; 170; 252.6; 
567; 0; 2135.2599; 170; 252.8; 
567; 0; 2135.2601; 170; 253; 
567; 0; 2134.1999; 170; 253.2; 
567; 0; 2134.1997; 170; 253.4; 
567; 0; 2134.1994; 170; 253.6; 
567; 0; 2134.199; 170; 253.8; 
567; 0; 2133.1384; 170; 254; 
567; 0; 2133.138; 170; 254.2; 
567; 0; 2133.1376; 170; 254.4; 
567; 0; 2133.1372; 170; 254.6; 
567; 0; 2133.1368; 170; 254.8; 
567; 0; 2132.0762; 170; 255; 
567; 0; 2132.0758; 170; 255.2; 
567; 0; 2132.0755; 170; 255.4; 
567; 0; 2132.0752; 170; 255.6; 
567; 0; 2132.0749; 170; 255.8; 
567; 0; 2132.0747; 170; 256; 
567; 0; 2132.0745; 170; 256.2; 
567; 0; 2131.0141; 170; 256.4; 
567; 0; 2131.0139; 170; 256.6; 
567; 0; 2131.0136; 170; 256.8; 
567; 0; 2131.0133; 170; 257; 
567; 0; 2131.013; 170; 257.2; 
567; 0; 2131.0127; 170; 257.4; 
567; 0; 2131.0122; 170; 257.6; 
567; 0; 2132.0712; 170; 257.8; 
567; 0; 2132.069; 170; 258; 
567; 0; 2132.0653; 170; 258.2; 
567; 0; 2132.0595; 170; 258.4; 
567; 0; 2133.111; 170; 258.6; 
567; 0; 2132.0392; 170; 258.8; 
567; 0; 2133.0846; 170; 259; 
567; 0; 2133.0681; 170; 259.2; 
567; 0; 2135.1717; 170; 259.4; 
567; 0; 2138.3369; 170; 259.6; 
567; 0; 2142.5654; 170; 259.8; 
567; 0; 2147.8585; 170; 260; 
567; 0; 2154.2169; 170; 260.2; 
567; 0; 2161.5543; 170; 260.4; 
567; 0; 2167.0531; 170; 260.6; 
567; 0; 2171.6391; 170; 260.8; 
567; 0; 2176.2267; 170; 261; 
567; 0; 2179.8995; 170; 261.2; 
567; 0; 2183.5719; 170; 261.4; 
567; 0; 2185.4118; 170; 261.6; 
567; 0; 2187.2494; 170; 261.8; 
567; 0; 2188.1688; 170; 262; 
567; 0; 2188.1698; 170; 262.2; 
567; 0; 2188.1682; 170; 262.4; 
567; 0; 2189.0801; 170; 262.6; 
567; 0; 2189.0749; 170; 262.8; 
567; 0; 2189.9846; 170; 263; 
567; 0; 2190.8943; 170; 263.2; 
567; 0; 2191.8046; 170; 263.4; 
567; 0; 2193.6314; 170; 263.6; 
567; 0; 2194.5441; 170; 263.8; 
567; 0; 2197.2895; 170; 264; 
567; 0; 2199.1208; 170; 264.2; 
567; 0; 2200.9533; 170; 264.4; 
567; 0; 2202.7869; 170; 264.6; 
567; 0; 2203.7054; 170; 264.8; 
567; 0; 2204.6241; 170; 265; 
567; 0; 2206.4582; 170; 265.2; 
567; 0; 2206.4606; 170; 265.4; 
567; 0; 2207.3779; 170; 265.6; 
567; 0; 2207.3788; 170; 265.8; 
567; 0; 2207.3788; 170; 266; 
567; 0; 2207.3781; 170; 266.2; 
567; 0; 2207.3767; 170; 266.4; 
567; 0; 2207.3749; 170; 266.6; 
567; 0; 2208.2885; 170; 266.8; 
567; 0; 2208.2866; 170; 267; 
567; 0; 2208.2849; 170; 267.2; 
567; 0; 2209.1991; 170; 267.4; 
567; 0; 2209.1983; 170; 267.6; 
567; 0; 2210.1135; 170; 267.8; 
567; 0; 2211.0293; 170; 268; 
567; 0; 2211.9461; 170; 268.2; 
567; 0; 2212.8642; 170; 268.4; 
567; 0; 2212.8684; 170; 268.6; 
567; 0; 2213.7899; 170; 268.8; 
567; 0; 2213.797; 170; 269; 
567; 0; 2212.8892; 170; 269.2; 
567; 0; 2211.9811; 170; 269.4; 
567; 0; 2211.0721; 170; 269.6; 
567; 0; 2208.3301; 170; 269.8; 
567; 0; 2206.5016; 170; 270; 
567; 0; 2203.7553; 170; 270.2; 
567; 0; 2201.0069; 170; 270.4; 
567; 0; 2198.2569; 170; 270.6; 
567; 0; 2194.5901; 170; 270.8; 
567; 0; 2191.8386; 170; 271; 
567; 0; 2190.0028; 170; 271.2; 
567; 0; 2187.2521; 170; 271.4; 
567; 0; 2185.418; 170; 271.6; 
567; 0; 2183.585; 170; 271.8; 
567; 0; 2181.7531; 170; 272; 
567; 0; 2179.9222; 170; 272.2; 
567; 0; 2179.0077; 170; 272.4; 
567; 0; 2177.178; 170; 272.6; 
567; 0; 2175.3484; 170; 272.8; 
567; 0; 2173.5188; 170; 273; 
567; 0; 2172.6044; 170; 273.2; 
567; 0; 2170.7741; 170; 273.4; 
567; 0; 2168.9432; 170; 273.6; 
567; 0; 2167.112; 170; 273.8; 
567; 0; 2165.2803; 170; 274; 
567; 0; 2163.4483; 170; 274.2; 
567; 0; 2161.6163; 170; 274.4; 
567; 0; 2160.6741; 170; 274.6; 
567; 0; 2158.5527; 170; 274.8; 
567; 0; 2157.4917; 170; 275; 
567; 0; 2155.3708; 170; 275.2; 
567; 0; 2154.3104; 170; 275.4; 
567; 0; 2153.2503; 170; 275.6; 
567; 0; 2152.1905; 170; 275.8; 
567; 0; 2151.1307; 170; 276; 
567; 0; 2150.0711; 170; 276.2; 
567; 0; 2149.0114; 170; 276.4; 
567; 0; 2147.9515; 170; 276.6; 
567; 0; 2146.8914; 170; 276.8; 
567; 0; 2145.8313; 170; 277; 
567; 0; 2144.7709; 170; 277.2; 
567; 0; 2143.7105; 170; 277.4; 
567; 0; 2142.6499; 170; 277.6; 
567; 0; 2141.5894; 170; 277.8; 
567; 0; 2140.5289; 170; 278; 
567; 0; 2139.4685; 170; 278.2; 
567; 0; 2139.4683; 170; 278.4; 
567; 0; 2138.408; 170; 278.6; 
567; 0; 2137.3479; 170; 278.8; 
567; 0; 2137.3478; 170; 279; 
567; 0; 2136.2877; 170; 279.2; 
567; 0; 2135.2276; 170; 279.4; 
567; 0; 2135.2274; 170; 279.6; 
567; 0; 2134.1672; 170; 279.8; 
567; 0; 2134.167; 170; 280; 
567; 0; 2133.1068; 170; 280.2; 
567; 0; 2133.1065; 170; 280.4; 
567; 0; 2132.0462; 170; 280.6; 
567; 0; 2132.046; 170; 280.8; 
567; 0; 2132.0458; 170; 281; 
567; 0; 2130.9856; 170; 281.2; 
567; 0; 2130.9854; 170; 281.4; 
567; 0; 2129.9251; 170; 281.6; 
567; 0; 2129.9249; 170; 281.8; 
567; 0; 2129.9247; 170; 282; 
567; 0; 2129.9246; 170; 282.2; 
567; 0; 2128.8643; 170; 282.4; 
567; 0; 2128.8641; 170; 282.6; 
567; 0; 2128.8638; 170; 282.8; 
567; 0; 2128.8636; 170; 283; 
567; 0; 2127.8032; 170; 283.2; 
567; 0; 2127.8029; 170; 283.4; 
567; 0; 2127.8026; 170; 283.6; 
567; 0; 2127.8024; 170; 283.8; 
567; 0; 2127.8023; 170; 284; 
567; 0; 2126.742; 170; 284.2; 
567; 0; 2126.7419; 170; 284.4; 
567; 0; 2126.7417; 170; 284.6; 
567; 0; 2126.7415; 170; 284.8; 
567; 0; 2126.7413; 170; 285; 
567; 0; 2126.7411; 170; 285.2; 
567; 0; 2126.7409; 170; 285.4; 
567; 0; 2126.7407; 170; 285.6; 
567; 0; 2126.7405; 170; 285.8; 
567; 0; 2126.7403; 170; 286; 
567; 0; 2125.6799; 170; 286.2; 
567; 0; 2125.6797; 170; 286.4; 
567; 0; 2125.6794; 170; 286.6; 
567; 0; 2125.6792; 170; 286.8; 
567; 0; 2125.6789; 170; 287; 
567; 0; 2125.6787; 170; 287.2; 
567; 0; 2125.6785; 170; 287.4; 
567; 0; 2125.6782; 170; 287.6; 
567; 0; 2125.678; 170; 287.8; 
567; 0; 2125.6777; 170; 288; 
567; 0; 2125.6775; 170; 288.2; 
567; 0; 2126.7372; 170; 288.4; 
567; 0; 2126.7367; 170; 288.6; 
567; 0; 2126.736; 170; 288.8; 
567; 0; 2126.7348; 170; 289; 
567; 0; 2126.7336; 170; 289.2; 
567; 0; 2126.7323; 170; 289.4; 
567; 0; 2126.7311; 170; 289.6; 
567; 0; 2126.7302; 170; 289.8; 
567; 0; 2127.7899; 170; 290; 
567; 0; 2127.7901; 170; 290.2; 
567; 0; 2127.7907; 170; 290.4; 
567; 0; 2127.7917; 170; 290.6; 
567; 0; 2128.8528; 170; 290.8; 
567; 0; 2128.8538; 170; 291; 
567; 0; 2128.8547; 170; 291.2; 
567; 0; 2128.8554; 170; 291.4; 
567; 0; 2128.8558; 170; 291.6; 
567; 0; 2128.8558; 170; 291.8; 
567; 0; 2128.8555; 170; 292; 
567; 0; 2128.8551; 170; 292.2; 
567; 0; 2128.8545; 170; 292.4; 
567; 0; 2128.8538; 170; 292.6; 
567; 0; 2127.793; 170; 292.8; 
567; 0; 2127.7924; 170; 293; 
567; 0; 2127.7918; 170; 293.2; 
567; 0; 2127.7913; 170; 293.4; 
567; 0; 2127.7909; 170; 293.6; 
567; 0; 2127.7906; 170; 293.8; 
567; 0; 2127.7904; 170; 294; 
567; 0; 2127.7902; 170; 294.2; 
567; 0; 2127.79; 170; 294.4; 
567; 0; 2127.7898; 170; 294.6; 
567; 0; 2127.7896; 170; 294.8; 
567; 0; 2127.7894; 170; 295; 
567; 0; 2127.7891; 170; 295.2; 
567; 0; 2127.7889; 170; 295.4; 
567; 0; 2127.7888; 170; 295.6; 
567; 0; 2127.7886; 170; 295.8; 
567; 0; 2127.7883; 170; 296; 
567; 0; 2127.788; 170; 296.2; 
567; 0; 2127.7877; 170; 296.4; 
567; 0; 2127.7874; 170; 296.6; 
567; 0; 2127.7872; 170; 296.8; 
567; 0; 2127.787; 170; 297; 
567; 0; 2127.7868; 170; 297.2; 
567; 0; 2127.7865; 170; 297.4; 
567; 0; 2127.7863; 170; 297.6; 
567; 0; 2127.7861; 170; 297.8; 
567; 0; 2127.786; 170; 298; 
567; 0; 2128.8456; 170; 298.2; 
567; 0; 2128.8445; 170; 298.4; 
567; 0; 2128.842; 170; 298.6; 
567; 0; 2129.8976; 170; 298.8; 
567; 0; 2129.8907; 170; 299; 
567; 0; 2129.8807; 170; 299.2; 
567; 0; 2129.8675; 170; 299.4; 
567; 0; 2130.9119; 170; 299.6; 
567; 0; 2131.9554; 170; 299.8; 
567; 0; 2135.1196; 170; 300; 
567; 0; 2138.2863; 170; 300.2; 
567; 0; 2143.5768; 170; 300.4; 
567; 0; 2149.9322; 170; 300.6; 
567; 0; 2156.293; 170; 300.8; 
567; 0; 2162.4427; 170; 301; 
567; 0; 2167.9424; 170; 301.2; 
567; 0; 2172.5289; 170; 301.4; 
567; 0; 2176.201; 170; 301.6; 
567; 0; 2179.8732; 170; 301.8; 
567; 0; 2181.7134; 170; 302; 
567; 0; 2183.5517; 170; 302.2; 
567; 0; 2185.3876; 170; 302.4; 
567; 0; 2185.3897; 170; 302.6; 
567; 0; 2186.3046; 170; 302.8; 
567; 0; 2186.3018; 170; 303; 
567; 0; 2186.2973; 170; 303.2; 
567; 0; 2187.2074; 170; 303.4; 
567; 0; 2188.1171; 170; 303.6; 
567; 0; 2189.0272; 170; 303.8; 
567; 0; 2189.9382; 170; 304; 
567; 0; 2191.766; 170; 304.2; 
567; 0; 2193.5952; 170; 304.4; 
567; 0; 2196.3414; 170; 304.6; 
567; 0; 2198.1734; 170; 304.8; 
567; 0; 2200.0066; 170; 305; 
567; 0; 2200.9249; 170; 305.2; 
567; 0; 2202.7591; 170; 305.4; 
567; 0; 2203.6776; 170; 305.6; 
567; 0; 2204.5957; 170; 305.8; 
567; 0; 2204.5976; 170; 306; 
567; 0; 2204.5987; 170; 306.2; 
567; 0; 2205.5145; 170; 306.4; 
567; 0; 2205.5139; 170; 306.6; 
567; 0; 2205.5127; 170; 306.8; 
567; 0; 2205.511; 170; 307; 
567; 0; 2205.5091; 170; 307.2; 
567; 0; 2205.5072; 170; 307.4; 
567; 0; 2206.4209; 170; 307.6; 
567; 0; 2206.4196; 170; 307.8; 
567; 0; 2207.3342; 170; 308; 
567; 0; 2208.2493; 170; 308.2; 
567; 0; 2208.2494; 170; 308.4; 
567; 0; 2209.1653; 170; 308.6; 
567; 0; 2209.166; 170; 308.8; 
567; 0; 2210.0824; 170; 309; 
567; 0; 2210.0834; 170; 309.2; 
567; 0; 2210.0843; 170; 309.4; 
567; 0; 2210.0849; 170; 309.6; 
567; 0; 2210.0854; 170; 309.8; 
567; 0; 2210.0855; 170; 310; 
567; 0; 2210.0854; 170; 310.2; 
567; 0; 2210.085; 170; 310.4; 
567; 0; 2210.0845; 170; 310.6; 
567; 0; 2210.0838; 170; 310.8; 
567; 0; 2210.0831; 170; 311; 
567; 0; 2210.0824; 170; 311.2; 
567; 0; 2210.0818; 170; 311.4; 
567; 0; 2210.0813; 170; 311.6; 
567; 0; 2210.9966; 170; 311.8; 
567; 0; 2210.9965; 170; 312; 
567; 0; 2210.9965; 170; 312.2; 
567; 0; 2210.9967; 170; 312.4; 
567; 0; 2210.9969; 170; 312.6; 
567; 0; 2210.9972; 170; 312.8; 
567; 0; 2210.9974; 170; 313; 
567; 0; 2210.9976; 170; 313.2; 
567; 0; 2210.9978; 170; 313.4; 
567; 0; 2210.998; 170; 313.6; 
567; 0; 2210.9986; 170; 313.8; 
567; 0; 2211.9157; 170; 314; 
567; 0; 2211.919; 170; 314.2; 
567; 0; 2211.9239; 170; 314.4; 
567; 0; 2211.9305; 170; 314.6; 
567; 0; 2211.0226; 170; 314.8; 
567; 0; 2210.1147; 170; 315; 
567; 0; 2208.2906; 170; 315.2; 
567; 0; 2205.5493; 170; 315.4; 
567; 0; 2203.7217; 170; 315.6; 
567; 0; 2200.9762; 170; 315.8; 
567; 0; 2197.3131; 170; 316; 
567; 0; 2194.5639; 170; 316.2; 
567; 0; 2191.8134; 170; 316.4; 
567; 0; 2188.1468; 170; 316.6; 
567; 0; 2185.3958; 170; 316.8; 
567; 0; 2182.6453; 170; 317; 
567; 0; 2180.8112; 170; 317.2; 
567; 0; 2178.9782; 170; 317.4; 
567; 0; 2176.2306; 170; 317.6; 
567; 0; 2174.3995; 170; 317.8; 
567; 0; 2172.5692; 170; 318; 
567; 0; 2170.7392; 170; 318.2; 
567; 0; 2169.8249; 170; 318.4; 
567; 0; 2167.995; 170; 318.6; 
567; 0; 2166.1649; 170; 318.8; 
567; 0; 2164.3345; 170; 319; 
567; 0; 2162.5037; 170; 319.2; 
567; 0; 2160.6324; 170; 319.4; 
567; 0; 2158.5118; 170; 319.6; 
567; 0; 2156.3909; 170; 319.8; 
567; 0; 2154.2699; 170; 320; 
567; 0; 2153.2089; 170; 320.2; 
567; 0; 2151.0878; 170; 320.4; 
567; 0; 2150.0269; 170; 320.6; 
567; 0; 2148.9663; 170; 320.8; 
567; 0; 2146.8459; 170; 321; 
567; 0; 2145.7858; 170; 321.2; 
567; 0; 2144.7258; 170; 321.4; 
567; 0; 2143.6658; 170; 321.6; 
567; 0; 2142.606; 170; 321.8; 
567; 0; 2141.5462; 170; 322; 
567; 0; 2140.4863; 170; 322.2; 
567; 0; 2139.4264; 170; 322.4; 
567; 0; 2138.3664; 170; 322.6; 
567; 0; 2137.3063; 170; 322.8; 
567; 0; 2136.2461; 170; 323; 
567; 0; 2135.1858; 170; 323.2; 
567; 0; 2134.1255; 170; 323.4; 
567; 0; 2134.1253; 170; 323.6; 
567; 0; 2133.0651; 170; 323.8; 
567; 0; 2132.0049; 170; 324; 
567; 0; 2132.0047; 170; 324.2; 
567; 0; 2130.9445; 170; 324.4; 
567; 0; 2130.9444; 170; 324.6; 
567; 0; 2129.8842; 170; 324.8; 
567; 0; 2129.884; 170; 325; 
567; 0; 2128.8239; 170; 325.2; 
567; 0; 2128.8237; 170; 325.4; 
567; 0; 2127.7636; 170; 325.6; 
567; 0; 2127.7634; 170; 325.8; 
567; 0; 2127.7633; 170; 326; 
567; 0; 2126.7031; 170; 326.2; 
567; 0; 2126.7029; 170; 326.4; 
567; 0; 2126.7028; 170; 326.6; 
567; 0; 2125.6427; 170; 326.8; 
567; 0; 2125.6425; 170; 327; 
567; 0; 2125.6424; 170; 327.2; 
567; 0; 2125.6423; 170; 327.4; 
567; 0; 2124.5821; 170; 327.6; 
567; 0; 2124.5819; 170; 327.8; 
567; 0; 2124.5817; 170; 328; 
567; 0; 2124.5815; 170; 328.2; 
567; 0; 2124.5813; 170; 328.4; 
567; 0; 2124.5811; 170; 328.6; 
567; 0; 2123.5209; 170; 328.8; 
567; 0; 2123.5207; 170; 329; 
567; 0; 2123.5206; 170; 329.2; 
567; 0; 2123.5204; 170; 329.4; 
567; 0; 2123.5202; 170; 329.6; 
567; 0; 2123.52; 170; 329.8; 
567; 0; 2123.5198; 170; 330; 
567; 0; 2123.5195; 170; 330.2; 
567; 0; 2123.5192; 170; 330.4; 
567; 0; 2123.519; 170; 330.6; 
567; 0; 2123.5188; 170; 330.8; 
567; 0; 2123.5186; 170; 331; 
567; 0; 2122.4585; 170; 331.2; 
567; 0; 2122.4584; 170; 331.4; 
567; 0; 2122.4582; 170; 331.6; 
567; 0; 2122.4581; 170; 331.8; 
567; 0; 2122.458; 170; 332; 
567; 0; 2122.4578; 170; 332.2; 
567; 0; 2122.4576; 170; 332.4; 
567; 0; 2122.4573; 170; 332.6; 
567; 0; 2122.4571; 170; 332.8; 
567; 0; 2122.457; 170; 333; 
567; 0; 2122.4569; 170; 333.2; 
567; 0; 2122.4568; 170; 333.4; 
567; 0; 2123.5166; 170; 333.6; 
567; 0; 2123.5165; 170; 333.8; 
567; 0; 2123.5162; 170; 334; 
567; 0; 2123.516; 170; 334.2; 
567; 0; 2123.5157; 170; 334.4; 
567; 0; 2123.5154; 170; 334.6; 
567; 0; 2123.5152; 170; 334.8; 
567; 0; 2123.515; 170; 335; 
567; 0; 2123.5149; 170; 335.2; 
567; 0; 2123.5147; 170; 335.4; 
567; 0; 2123.5146; 170; 335.6; 
567; 0; 2123.5144; 170; 335.8; 
567; 0; 2123.5142; 170; 336; 
567; 0; 2123.514; 170; 336.2; 
567; 0; 2123.5139; 170; 336.4; 
567; 0; 2123.5137; 170; 336.6; 
567; 0; 2123.5134; 170; 336.8; 
567; 0; 2123.5132; 170; 337; 
567; 0; 2123.513; 170; 337.2; 
567; 0; 2123.5129; 170; 337.4; 
567; 0; 2123.5127; 170; 337.6; 
567; 0; 2123.5125; 170; 337.8; 
567; 0; 2123.5123; 170; 338; 
567; 0; 2123.5121; 170; 338.2; 
567; 0; 2123.5119; 170; 338.4; 
567; 0; 2123.5118; 170; 338.6; 
567; 0; 2124.5716; 170; 338.8; 
567; 0; 2124.5715; 170; 339; 
567; 0; 2124.5714; 170; 339.2; 
567; 0; 2124.5713; 170; 339.4; 
567; 0; 2124.5711; 170; 339.6; 
567; 0; 2124.571; 170; 339.8; 
567; 0; 2124.5708; 170; 340; 
567; 0; 2124.5706; 170; 340.2; 
567; 0; 2124.5704; 170; 340.4; 
567; 0; 2124.5702; 170; 340.6; 
567; 0; 2124.57; 170; 340.8; 
567; 0; 2124.5697; 170; 341; 
567; 0; 2124.5695; 170; 341.2; 
567; 0; 2124.5693; 170; 341.4; 
567; 0; 2124.5691; 170; 341.6; 
567; 0; 2124.5689; 170; 341.8; 
567; 0; 2124.5687; 170; 342; 
567; 0; 2124.5685; 170; 342.2; 
567; 0; 2125.6283; 170; 342.4; 
567; 0; 2125.6282; 170; 342.6; 
567; 0; 2125.628; 170; 342.8; 
567; 0; 2125.6279; 170; 343; 
567; 0; 2125.6277; 170; 343.2; 
567; 0; 2126.6875; 170; 343.4; 
567; 0; 2126.6873; 170; 343.6; 
567; 0; 2127.7469; 170; 343.8; 
567; 0; 2127.746; 170; 344; 
567; 0; 2128.8041; 170; 344.2; 
567; 0; 2128.8006; 170; 344.4; 
567; 0; 2129.8551; 170; 344.6; 
567; 0; 2129.8469; 170; 344.8; 
567; 0; 2129.8355; 170; 345; 
567; 0; 2129.8212; 170; 345.2; 
567; 0; 2130.865; 170; 345.4; 
567; 0; 2132.9686; 170; 345.6; 
567; 0; 2136.1337; 170; 345.8; 
567; 0; 2140.3619; 170; 346; 
567; 0; 2145.6545; 170; 346.2; 
567; 0; 2152.0122; 170; 346.4; 
567; 0; 2158.3752; 170; 346.6; 
567; 0; 2164.2503; 170; 346.8; 
567; 0; 2169.7509; 170; 347; 
567; 0; 2173.4224; 170; 347.2; 
567; 0; 2177.0945; 170; 347.4; 
567; 0; 2179.8506; 170; 347.6; 
567; 0; 2181.6898; 170; 347.8; 
567; 0; 2183.5267; 170; 348; 
567; 0; 2184.4455; 170; 348.2; 
567; 0; 2184.4461; 170; 348.4; 
567; 0; 2185.3597; 170; 348.6; 
567; 0; 2185.3559; 170; 348.8; 
567; 0; 2185.3508; 170; 349; 
567; 0; 2186.2606; 170; 349.2; 
567; 0; 2187.1705; 170; 349.4; 
567; 0; 2188.0812; 170; 349.6; 
567; 0; 2189.9084; 170; 349.8; 
567; 0; 2191.7371; 170; 350; 
567; 0; 2193.5672; 170; 350.2; 
567; 0; 2195.3987; 170; 350.4; 
567; 0; 2197.2314; 170; 350.6; 
567; 0; 2199.0649; 170; 350.8; 
567; 0; 2199.9834; 170; 351; 
567; 0; 2200.902; 170; 351.2; 
567; 0; 2201.8202; 170; 351.4; 
567; 0; 2202.738; 170; 351.6; 
567; 0; 2202.7402; 170; 351.8; 
567; 0; 2203.6579; 170; 352; 
567; 0; 2203.6603; 170; 352.2; 
567; 0; 2203.663; 170; 352.4; 
567; 0; 2203.6661; 170; 352.6; 
567; 0; 2202.7539; 170; 352.8; 
567; 0; 2202.7572; 170; 353; 
567; 0; 2201.8447; 170; 353.2; 
567; 0; 2200.0162; 170; 353.4; 
567; 0; 2199.1025; 170; 353.6; 
567; 0; 2197.2724; 170; 353.8; 
567; 0; 2195.4415; 170; 354; 
567; 0; 2193.6098; 170; 354.2; 
567; 0; 2190.862; 170; 354.4; 
567; 0; 2189.0293; 170; 354.6; 
567; 0; 2187.1965; 170; 354.8; 
567; 0; 2185.3637; 170; 355; 
567; 0; 2183.5313; 170; 355.2; 
567; 0; 2182.6147; 170; 355.4; 
567; 0; 2180.7832; 170; 355.6; 
567; 0; 2178.9522; 170; 355.8; 
567; 0; 2178.0371; 170; 356; 
567; 0; 2176.2068; 170; 356.2; 
567; 0; 2175.2921; 170; 356.4; 
567; 0; 2173.4621; 170; 356.6; 
567; 0; 2171.632; 170; 356.8; 
567; 0; 2170.7172; 170; 357; 
567; 0; 2168.8867; 170; 357.2; 
567; 0; 2167.0559; 170; 357.4; 
567; 0; 2166.1404; 170; 357.6; 
567; 0; 2164.3093; 170; 357.8; 
567; 0; 2163.3935; 170; 358; 
567; 0; 2161.5623; 170; 358.2; 
567; 0; 2160.5923; 170; 358.4; 
567; 0; 2158.4719; 170; 358.6; 
567; 0; 2157.4116; 170; 358.8; 
567; 0; 2156.3515; 170; 359; 
567; 0; 2155.2915; 170; 359.2; 
567; 0; 2153.1718; 170; 359.4; 
567; 0; 2152.112; 170; 359.6; 
567; 0; 2151.0524; 170; 359.8; 
567; 0; 2149.9927; 170; 360; 
567; 0; 2148.9329; 170; 360.2; 
567; 0; 2147.8732; 170; 360.4; 
567; 0; 2146.8134; 170; 360.6; 
567; 0; 2145.7535; 170; 360.8; 
567; 0; 2144.6935; 170; 361; 
567; 0; 2143.6335; 170; 361.2; 
567; 0; 2142.5735; 170; 361.4; 
567; 0; 2142.5733; 170; 361.6; 
567; 0; 2141.5132; 170; 361.8; 
567; 0; 2140.4532; 170; 362; 
567; 0; 2139.3931; 170; 362.2; 
567; 0; 2138.3331; 170; 362.4; 
567; 0; 2138.333; 170; 362.6; 
567; 0; 2137.273; 170; 362.8; 
567; 0; 2137.2729; 170; 363; 
567; 0; 2136.213; 170; 363.2; 
567; 0; 2135.153; 170; 363.4; 
567; 0; 2135.153; 170; 363.6; 
567; 0; 2134.0931; 170; 363.8; 
567; 0; 2134.0931; 170; 364; 
567; 0; 2133.0331; 170; 364.2; 
567; 0; 2133.033; 170; 364.4; 
567; 0; 2131.9729; 170; 364.6; 
567; 0; 2131.9727; 170; 364.8; 
567; 0; 2130.9126; 170; 365; 
567; 0; 2130.9125; 170; 365.2; 
567; 0; 2130.9125; 170; 365.4; 
567; 0; 2129.8525; 170; 365.6; 
567; 0; 2129.8525; 170; 365.8; 
567; 0; 2129.8525; 170; 366; 
567; 0; 2128.7925; 170; 366.2; 
567; 0; 2128.7924; 170; 366.4; 
567; 0; 2128.7923; 170; 366.6; 
567; 0; 2127.7323; 170; 366.8; 
567; 0; 2127.7322; 170; 367; 
567; 0; 2127.7321; 170; 367.2; 
567; 0; 2127.7319; 170; 367.4; 
567; 0; 2126.6717; 170; 367.6; 
567; 0; 2126.6714; 170; 367.8; 
567; 0; 2126.6712; 170; 368; 
567; 0; 2126.6711; 170; 368.2; 
567; 0; 2125.611; 170; 368.4; 
567; 0; 2125.6109; 170; 368.6; 
567; 0; 2125.6108; 170; 368.8; 
567; 0; 2125.6107; 170; 369; 
567; 0; 2125.6106; 170; 369.2; 
567; 0; 2125.6104; 170; 369.4; 
567; 0; 2125.6103; 170; 369.6; 
567; 0; 2124.5503; 170; 369.8; 
567; 0; 2124.5502; 170; 370; 
567; 0; 2124.5501; 170; 370.2; 
567; 0; 2124.5499; 170; 370.4; 
567; 0; 2124.5497; 170; 370.6; 
567; 0; 2124.5495; 170; 370.8; 
567; 0; 2124.5494; 170; 371; 
567; 0; 2124.5492; 170; 371.2; 
567; 0; 2124.5491; 170; 371.4; 
567; 0; 2124.549; 170; 371.6; 
567; 0; 2124.5489; 170; 371.8; 
567; 0; 2124.5487; 170; 372; 
567; 0; 2124.5486; 170; 372.2; 
567; 0; 2124.5485; 170; 372.4; 
567; 0; 2123.4885; 170; 372.6; 
567; 0; 2123.4883; 170; 372.8; 
567; 0; 2123.4882; 170; 373; 
567; 0; 2123.488; 170; 373.2; 
567; 0; 2123.4878; 170; 373.4; 
567; 0; 2123.4875; 170; 373.6; 
567; 0; 2123.4873; 170; 373.8; 
567; 0; 2123.4871; 170; 374; 
567; 0; 2123.487; 170; 374.2; 
567; 0; 2123.4868; 170; 374.4; 
567; 0; 2123.4868; 170; 374.6; 
567; 0; 2123.4867; 170; 374.8; 
567; 0; 2123.4866; 170; 375; 
567; 0; 2123.4864; 170; 375.2; 
567; 0; 2123.4863; 170; 375.4; 
567; 0; 2123.4862; 170; 375.6; 
567; 0; 2123.4861; 170; 375.8; 
567; 0; 2123.4859; 170; 376; 
567; 0; 2123.4858; 170; 376.2; 
567; 0; 2123.4856; 170; 376.4; 
567; 0; 2123.4854; 170; 376.6; 
567; 0; 2123.4852; 170; 376.8; 
567; 0; 2123.4851; 170; 377; 
567; 0; 2124.5449; 170; 377.2; 
567; 0; 2124.5448; 170; 377.4; 
567; 0; 2124.5448; 170; 377.6; 
567; 0; 2124.5446; 170; 377.8; 
567; 0; 2124.5444; 170; 378; 
567; 0; 2124.5442; 170; 378.2; 
567; 0; 2124.544; 170; 378.4; 
567; 0; 2124.5438; 170; 378.6; 
567; 0; 2124.5437; 170; 378.8; 
567; 0; 2125.6036; 170; 379; 
567; 0; 2125.6035; 170; 379.2; 
567; 0; 2125.6035; 170; 379.4; 
567; 0; 2125.6034; 170; 379.6; 
567; 0; 2125.6032; 170; 379.8; 
567; 0; 2125.6031; 170; 380; 
567; 0; 2125.6028; 170; 380.2; 
567; 0; 2126.6624; 170; 380.4; 
567; 0; 2126.6621; 170; 380.6; 
567; 0; 2126.6619; 170; 380.8; 
567; 0; 2126.6617; 170; 381; 
567; 0; 2126.6616; 170; 381.2; 
567; 0; 2126.6614; 170; 381.4; 
567; 0; 2126.6614; 170; 381.6; 
567; 0; 2127.7213; 170; 381.8; 
567; 0; 2127.7212; 170; 382; 
567; 0; 2127.721; 170; 382.2; 
567; 0; 2127.7209; 170; 382.4; 
567; 0; 2127.7208; 170; 382.6; 
567; 0; 2127.7206; 170; 382.8; 
567; 0; 2127.7205; 170; 383; 
567; 0; 2127.7204; 170; 383.2; 
567; 0; 2127.7203; 170; 383.4; 
567; 0; 2127.7201; 170; 383.6; 
567; 0; 2127.72; 170; 383.8; 
567; 0; 2127.7199; 170; 384; 
567; 0; 2127.7198; 170; 384.2; 
567; 0; 2127.7196; 170; 384.4; 
567; 0; 2127.7194; 170; 384.6; 
567; 0; 2127.7192; 170; 384.8; 
567; 0; 2127.719; 170; 385; 
567; 0; 2127.7189; 170; 385.2; 
567; 0; 2127.7187; 170; 385.4; 
567; 0; 2128.7786; 170; 385.6; 
567; 0; 2128.7785; 170; 385.8; 
567; 0; 2128.7784; 170; 386; 
567; 0; 2128.7783; 170; 386.2; 
567; 0; 2128.7782; 170; 386.4; 
567; 0; 2128.7781; 170; 386.6; 
567; 0; 2128.7779; 170; 386.8; 
567; 0; 2128.7777; 170; 387; 
567; 0; 2128.7775; 170; 387.2; 
567; 0; 2128.7774; 170; 387.4; 
567; 0; 2128.7773; 170; 387.6; 
567; 0; 2128.7772; 170; 387.8; 
567; 0; 2128.7772; 170; 388; 
567; 0; 2128.777; 170; 388.2; 
567; 0; 2128.7769; 170; 388.4; 
567; 0; 2128.7768; 170; 388.6; 
567; 0; 2128.7766; 170; 388.8; 
567; 0; 2128.7765; 170; 389; 
567; 0; 2128.7764; 170; 389.2; 
567; 0; 2128.7762; 170; 389.4; 
567; 0; 2128.7761; 170; 389.6; 
567; 0; 2128.7759; 170; 389.8; 
567; 0; 2127.7157; 170; 390; 
567; 0; 2127.7155; 170; 390.2; 
567; 0; 2127.7154; 170; 390.4; 
567; 0; 2127.7153; 170; 390.6; 
567; 0; 2127.7152; 170; 390.8; 
567; 0; 2127.715; 170; 391; 
567; 0; 2127.7148; 170; 391.2; 
567; 0; 2127.7147; 170; 391.4; 
567; 0; 2127.7147; 170; 391.6; 
567; 0; 2127.7146; 170; 391.8; 
567; 0; 2128.7745; 170; 392; 
567; 0; 2128.7744; 170; 392.2; 
567; 0; 2128.7744; 170; 392.4; 
567; 0; 2128.7743; 170; 392.6; 
567; 0; 2128.7741; 170; 392.8; 
567; 0; 2128.7739; 170; 393; 
567; 0; 2128.7738; 170; 393.2; 
567; 0; 2128.7737; 170; 393.4; 
567; 0; 2128.7736; 170; 393.6; 
567; 0; 2128.7735; 170; 393.8; 
567; 0; 2128.7733; 170; 394; 
567; 0; 2128.7731; 170; 394.2; 
567; 0; 2128.773; 170; 394.4; 
567; 0; 2128.7728; 170; 394.6; 
567; 0; 2127.7128; 170; 394.8; 
567; 0; 2127.7127; 170; 395; 
567; 0; 2127.7125; 170; 395.2; 
567; 0; 2127.7125; 170; 395.4; 
567; 0; 2127.7124; 170; 395.6; 
567; 0; 2127.7124; 170; 395.8; 
567; 0; 2127.7122; 170; 396; 
567; 0; 2127.7121; 170; 396.2; 
567; 0; 2127.7119; 170; 396.4; 
567; 0; 2127.7117; 170; 396.6; 
567; 0; 2127.7115; 170; 396.8; 
567; 0; 2127.7114; 170; 397; 
567; 0; 2127.7113; 170; 397.2; 
567; 0; 2127.7112; 170; 397.4; 
567; 0; 2127.711; 170; 397.6; 
567; 0; 2127.7109; 170; 397.8; 
567; 0; 2128.7707; 170; 398; 
567; 0; 2128.7706; 170; 398.2; 
567; 0; 2128.7705; 170; 398.4; 
567; 0; 2128.7704; 170; 398.6; 
567; 0; 2128.7702; 170; 398.8; 
567; 0; 2128.7701; 170; 399; 
567; 0; 2128.77; 170; 399.2; 
567; 0; 2128.77; 170; 399.4; 
567; 0; 2128.7701; 170; 399.6; 
567; 0; 2128.7701; 170; 399.8; 
567; 0; 2128.7699; 170; 400; 
567; 0; 2128.7697; 170; 400.2; 
567; 0; 2127.7096; 170; 400.4; 
567; 0; 2127.7094; 170; 400.6; 
567; 0; 2127.7092; 170; 400.8; 
567; 0; 2127.709; 170; 401; 
567; 0; 2127.7089; 170; 401.2; 
567; 0; 2127.7087; 170; 401.4; 
567; 0; 2127.7086; 170; 401.6; 
567; 0; 2127.7084; 170; 401.8; 
567; 0; 2127.7082; 170; 402; 
567; 0; 2127.7081; 170; 402.2; 
567; 0; 2127.708; 170; 402.4; 
567; 0; 2127.7079; 170; 402.6; 
567; 0; 2127.7078; 170; 402.8; 
567; 0; 2127.7077; 170; 403; 
567; 0; 2127.7077; 170; 403.2; 
567; 0; 2127.7076; 170; 403.4; 
567; 0; 2127.7076; 170; 403.6; 
567; 0; 2127.7075; 170; 403.8; 
567; 0; 2127.7075; 170; 404; 
567; 0; 2127.7074; 170; 404.2; 
567; 0; 2127.7074; 170; 404.4; 
567; 0; 2127.7073; 170; 404.6; 
567; 0; 2127.7071; 170; 404.8; 
567; 0; 2127.7069; 170; 405; 
567; 0; 2127.7067; 170; 405.2; 
567; 0; 2127.7064; 170; 405.4; 
567; 0; 2127.7062; 170; 405.6; 
567; 0; 2127.706; 170; 405.8; 
567; 0; 2127.7058; 170; 406; 
567; 0; 2128.7656; 170; 406.2; 
567; 0; 2128.7656; 170; 406.4; 
567; 0; 2128.7656; 170; 406.6; 
567; 0; 2128.7656; 170; 406.8; 
567; 0; 2128.7655; 170; 407; 
567; 0; 2128.7654; 170; 407.2; 
567; 0; 2128.7653; 170; 407.4; 
567; 0; 2128.7652; 170; 407.6; 
567; 0; 2127.7051; 170; 407.8; 
567; 0; 2127.7049; 170; 408; 
567; 0; 2127.7047; 170; 408.2; 
567; 0; 2127.7046; 170; 408.4; 
567; 0; 2127.7044; 170; 408.6; 
567; 0; 2127.7043; 170; 408.8; 
567; 0; 2127.7042; 170; 409; 
567; 0; 2127.7041; 170; 409.2; 
567; 0; 2127.704; 170; 409.4; 
567; 0; 2127.704; 170; 409.6; 
567; 0; 2127.7039; 170; 409.8; 
567; 0; 2127.7038; 170; 410; 
567; 0; 2127.7037; 170; 410.2; 
567; 0; 2127.7036; 170; 410.4; 
567; 0; 2127.7035; 170; 410.6; 
567; 0; 2127.7034; 170; 410.8; 
567; 0; 2127.7033; 170; 411; 
567; 0; 2117.1042; 170; 411.2; 
567; 0; 1913.155; 170; 411.4; 
567; 0; 1686.0105; 170; 411.6; 
567; 0; 1664.2606; 170; 411.8; 
567; 0; 1664.2606; 170; 412; 
567; 0; 1664.2605; 170; 412.2; 
567; 0; 1664.2604; 170; 412.4; 
567; 0; 1664.2603; 170; 412.6; 
567; 0; 1664.2601; 170; 412.8; 
567; 0; 1664.26; 170; 413; 
567; 0; 1664.2599; 170; 413.2; 
567; 0; 1664.2597; 170; 413.4; 
567; 0; 1664.2595; 170; 413.6; 
567; 0; 1664.2592; 170; 413.8; 
567; 0; 1664.259; 170; 414; 
567; 0; 1664.2587; 170; 414.2; 
567; 0; 1664.2584; 170; 414.4; 
567; 0; 1664.2581; 170; 414.6; 
567; 0; 1664.2577; 170; 414.8; 
567; 0; 1664.2574; 170; 415; 
567; 0; 1664.257; 170; 415.2; 
567; 0; 1664.2567; 170; 415.4; 
567; 0; 1664.2562; 170; 415.6; 
567; 0; 1664.2558; 170; 415.8; 
567; 0; 1664.2553; 170; 416; 
567; 0; 1650.7951; 170; 416.2; 
567; 0; 1650.7946; 170; 416.4; 
567; 0; 1650.7941; 170; 416.6; 
567; 0; 1650.7935; 170; 416.8; 
567; 0; 1650.793; 170; 417; 
567; 0; 1650.7924; 170; 417.2; 
567; 0; 1650.7919; 170; 417.4; 
567; 0; 1650.7914; 170; 417.6; 
567; 0; 1650.7909; 170; 417.8; 
567; 0; 1650.7904; 170; 418; 
567; 0; 1650.79; 170; 418.2; 
567; 0; 1650.7895; 170; 418.4; 
567; 0; 1650.789; 170; 418.6; 
567; 0; 1650.7885; 170; 418.8; 
567; 0; 1650.7879; 170; 419; 
567; 0; 1650.7874; 170; 419.2; 
567; 0; 1650.7869; 170; 419.4; 
567; 0; 1650.7864; 170; 419.6; 
567; 0; 1650.7859; 170; 419.8; 
567; 0; 1650.7853; 170; 420; 
567; 0; 1650.7848; 170; 420.2; 
567; 0; 1637.3126; 170; 420.4; 
567; 0; 1637.3121; 170; 420.6; 
567; 0; 1637.3116; 170; 420.8; 
567; 0; 1637.3111; 170; 421; 
567; 0; 1637.3106; 170; 421.2; 
567; 0; 1637.3102; 170; 421.4; 
567; 0; 1637.3097; 170; 421.6; 
567; 0; 1637.3093; 170; 421.8; 
567; 0; 1637.3088; 170; 422; 
567; 0; 1637.3083; 170; 422.2; 
567; 0; 1637.3078; 170; 422.4; 
567; 0; 1637.3074; 170; 422.6; 
567; 0; 1637.3069; 170; 422.8; 
567; 0; 1637.3063; 170; 423; 
567; 0; 1637.3058; 170; 423.2; 
567; 0; 1637.3053; 170; 423.4; 
567; 0; 1637.3048; 170; 423.6; 
567; 0; 1637.3043; 170; 423.8; 
567; 0; 1637.3038; 170; 424; 
567; 0; 1637.3034; 170; 424.2; 
567; 0; 1637.3029; 170; 424.4; 
567; 0; 1637.3025; 170; 424.6; 
567; 0; 1637.302; 170; 424.8; 
567; 0; 1623.813; 170; 425; 
567; 0; 1623.8125; 170; 425.2; 
567; 0; 1623.812; 170; 425.4; 
567; 0; 1623.8115; 170; 425.6; 
567; 0; 1623.811; 170; 425.8; 
567; 0; 1623.8106; 170; 426; 
567; 0; 1623.8102; 170; 426.2; 
567; 0; 1623.8097; 170; 426.4; 
567; 0; 1623.8093; 170; 426.6; 
567; 0; 1623.8089; 170; 426.8; 
567; 0; 1623.8084; 170; 427; 
567; 0; 1623.808; 170; 427.2; 
567; 0; 1623.8074; 170; 427.4; 
567; 0; 1623.8069; 170; 427.6; 
567; 0; 1623.8064; 170; 427.8; 
567; 0; 1623.806; 170; 428; 
567; 0; 1623.8055; 170; 428.2; 
567; 0; 1623.8051; 170; 428.4; 
567; 0; 1623.8046; 170; 428.6; 
567; 0; 1623.8042; 170; 428.8; 
567; 0; 1623.8038; 170; 429; 
567; 0; 1623.8034; 170; 429.2; 
567; 0; 1623.8029; 170; 429.4; 
567; 0; 1623.8025; 170; 429.6; 
567; 0; 1623.802; 170; 429.8; 
567; 0; 1608.6628; 170; 430; 
567; 0; 1608.6624; 170; 430.2; 
567; 0; 1608.6619; 170; 430.4; 
567; 0; 1608.6615; 170; 430.6; 
567; 0; 1608.6611; 170; 430.8; 
567; 0; 1608.6607; 170; 431; 
567; 0; 1608.6602; 170; 431.2; 
567; 0; 1608.6598; 170; 431.4; 
567; 0; 1608.6594; 170; 431.6; 
567; 0; 1608.659; 170; 431.8; 
567; 0; 1608.6586; 170; 432; 
567; 0; 1608.6582; 170; 432.2; 
567; 0; 1608.6578; 170; 432.4; 
567; 0; 1608.6573; 170; 432.6; 
567; 0; 1608.6569; 170; 432.8; 
567; 0; 1608.6565; 170; 433; 
567; 0; 1608.6561; 170; 433.2; 
567; 0; 1608.6556; 170; 433.4; 
567; 0; 1608.6552; 170; 433.6; 
567; 0; 1608.6548; 170; 433.8; 
567; 0; 1608.6544; 170; 434; 
567; 0; 1608.654; 170; 434.2; 
567; 0; 1608.6537; 170; 434.4; 
567; 0; 1608.6533; 170; 434.6; 
567; 0; 1608.6528; 170; 434.8; 
567; 0; 1608.6524; 170; 435; 
567; 0; 1608.652; 170; 435.2; 
567; 0; 1608.6516; 170; 435.4; 
567; 0; 1593.5434; 170; 435.6; 
567; 0; 1593.543; 170; 435.8; 
567; 0; 1593.5426; 170; 436; 
567; 0; 1593.5422; 170; 436.2; 
567; 0; 1593.5419; 170; 436.4; 
567; 0; 1594.6861; 170; 436.6; 
567; 0; 1606.1313; 170; 436.8; 
567; 0; 1618.721; 170; 437; 
567; 0; 1630.1661; 170; 437.2; 
567; 0; 1642.7557; 170; 437.4; 
567; 0; 1654.2007; 170; 437.6; 
567; 0; 1665.6457; 170; 437.8; 
567; 0; 1677.0907; 170; 438; 
567; 0; 1688.5356; 170; 438.2; 
567; 0; 1698.8361; 170; 438.4; 
567; 0; 1709.1365; 170; 438.6; 
567; 0; 1719.4369; 170; 438.8; 
567; 0; 1728.5927; 170; 439; 
567; 0; 1738.4155; 170; 439.2; 
567; 0; 1748.7781; 170; 439.4; 
567; 0; 1757.8452; 170; 439.6; 
567; 0; 1766.9123; 170; 439.8; 
567; 0; 1774.6841; 170; 440; 
567; 0; 1782.4559; 170; 440.2; 
567; 0; 1790.2276; 170; 440.4; 
567; 0; 1797.9994; 170; 440.6; 
567; 0; 1804.4756; 170; 440.8; 
567; 0; 1810.9512; 170; 441; 
567; 0; 1817.4256; 170; 441.2; 
567; 0; 1823.8983; 170; 441.4; 
567; 0; 1828.1483; 170; 441.6; 
567; 0; 1831.2642; 170; 441.8; 
567; 0; 1835.4182; 170; 442; 
567; 0; 1838.5287; 170; 442.2; 
567; 0; 1842.6776; 170; 442.4; 
567; 0; 1846.8255; 170; 442.6; 
567; 0; 1852.0142; 170; 442.8; 
567; 0; 1859.2856; 170; 443; 
567; 0; 1866.5602; 170; 443.2; 
567; 0; 1875.9198; 170; 443.4; 
567; 0; 1885.2841; 170; 443.6; 
567; 0; 1881.7233; 170; 443.8; 
567; 0; 1891.1904; 170; 444; 
567; 0; 1899.6104; 170; 444.2; 
567; 0; 1906.9821; 170; 444.4; 
567; 0; 1912.2529; 170; 444.6; 
567; 0; 1917.5231; 170; 444.8; 
567; 0; 1920.6895; 170; 445; 
567; 0; 1922.8018; 170; 445.2; 
567; 0; 1924.9104; 170; 445.4; 
567; 0; 1925.964; 170; 445.6; 
567; 0; 1925.9628; 170; 445.8; 
567; 0; 1927.0093; 170; 446; 
567; 0; 1927.0025; 170; 446.2; 
567; 0; 1928.0452; 170; 446.4; 
567; 0; 1929.0876; 170; 446.6; 
567; 0; 1931.1814; 170; 446.8; 
567; 0; 1933.2764; 170; 447; 
567; 0; 1935.3733; 170; 447.2; 
567; 0; 1938.5232; 170; 447.4; 
567; 0; 1940.6244; 170; 447.6; 
567; 0; 1943.7786; 170; 447.8; 
567; 0; 1945.8835; 170; 448; 
567; 0; 1947.9896; 170; 448.2; 
567; 0; 1950.0963; 170; 448.4; 
567; 0; 1951.1522; 170; 448.6; 
567; 0; 1952.2075; 170; 448.8; 
567; 0; 1953.262; 170; 449; 
567; 0; 1953.2645; 170; 449.2; 
567; 0; 1954.3167; 170; 449.4; 
567; 0; 1954.3167; 170; 449.6; 
567; 0; 1954.3156; 170; 449.8; 
567; 0; 1954.3138; 170; 450; 
567; 0; 1954.3114; 170; 450.2; 
567; 0; 1954.3088; 170; 450.4; 
567; 0; 1954.3064; 170; 450.6; 
567; 0; 1955.3556; 170; 450.8; 
567; 0; 1955.3555; 170; 451; 
567; 0; 1956.4088; 170; 451.2; 
567; 0; 1957.465; 170; 451.4; 
567; 0; 1958.5244; 170; 451.6; 
567; 0; 1958.5353; 170; 451.8; 
567; 0; 1958.5478; 170; 452; 
567; 0; 1957.5096; 170; 452.2; 
567; 0; 1955.4175; 170; 452.4; 
567; 0; 1952.2719; 170; 452.6; 
567; 0; 1949.1236; 170; 452.8; 
567; 0; 1945.9724; 170; 453; 
567; 0; 1941.7672; 170; 453.2; 
567; 0; 1937.5596; 170; 453.4; 
567; 0; 1933.3501; 170; 453.6; 
567; 0; 1930.1907; 170; 453.8; 
567; 0; 1927.031; 170; 454; 
567; 0; 1923.8705; 170; 454.2; 
567; 0; 1921.7625; 170; 454.4; 
567; 0; 1919.6562; 170; 454.6; 
567; 0; 1917.5518; 170; 454.8; 
567; 0; 1916.5003; 170; 455; 
567; 0; 1914.3993; 170; 455.2; 
567; 0; 1913.3504; 170; 455.4; 
567; 0; 1911.251; 170; 455.6; 
567; 0; 1910.2027; 170; 455.8; 
567; 0; 1909.1543; 170; 456; 
567; 0; 1907.0543; 170; 456.2; 
567; 0; 1906.0047; 170; 456.4; 
567; 0; 1903.9033; 170; 456.6; 
567; 0; 1902.8523; 170; 456.8; 
567; 0; 1900.7497; 170; 457; 
567; 0; 1899.6978; 170; 457.2; 
567; 0; 1897.5946; 170; 457.4; 
567; 0; 1896.5423; 170; 457.6; 
567; 0; 1895.4902; 170; 457.8; 
567; 0; 1894.4383; 170; 458; 
567; 0; 1893.3867; 170; 458.2; 
567; 0; 1892.3355; 170; 458.4; 
567; 0; 1892.3355; 170; 458.6; 
567; 0; 1891.2847; 170; 458.8; 
567; 0; 1890.234; 170; 459; 
567; 0; 1890.2344; 170; 459.2; 
567; 0; 1889.1838; 170; 459.4; 
567; 0; 1889.1842; 170; 459.6; 
567; 0; 1888.1335; 170; 459.8; 
567; 0; 1888.1338; 170; 460; 
567; 0; 1887.083; 170; 460.2; 
567; 0; 1887.0831; 170; 460.4; 
567; 0; 1886.0321; 170; 460.6; 
567; 0; 1886.032; 170; 460.8; 
567; 0; 1884.981; 170; 461; 
567; 0; 1884.981; 170; 461.2; 
567; 0; 1884.981; 170; 461.4; 
567; 0; 1883.93; 170; 461.6; 
567; 0; 1883.9301; 170; 461.8; 
567; 0; 1883.9302; 170; 462; 
567; 0; 1882.8792; 170; 462.2; 
567; 0; 1882.8793; 170; 462.4; 
567; 0; 1882.8793; 170; 462.6; 
567; 0; 1882.8794; 170; 462.8; 
567; 0; 1881.8284; 170; 463; 
567; 0; 1881.8285; 170; 463.2; 
567; 0; 1881.8286; 170; 463.4; 
567; 0; 1881.8287; 170; 463.6; 
567; 0; 1880.7777; 170; 463.8; 
567; 0; 1880.7778; 170; 464; 
567; 0; 1880.7778; 170; 464.2; 
567; 0; 1880.7778; 170; 464.4; 
567; 0; 1880.7779; 170; 464.6; 
567; 0; 1880.778; 170; 464.8; 
567; 0; 1880.778; 170; 465; 
567; 0; 1879.7271; 170; 465.2; 
567; 0; 1879.7272; 170; 465.4; 
567; 0; 1879.7272; 170; 465.6; 
567; 0; 1879.7273; 170; 465.8; 
567; 0; 1879.7273; 170; 466; 
567; 0; 1879.7273; 170; 466.2; 
567; 0; 1879.7273; 170; 466.4; 
567; 0; 1879.7274; 170; 466.6; 
567; 0; 1879.7274; 170; 466.8; 
567; 0; 1878.6765; 170; 467; 
567; 0; 1878.6766; 170; 467.2; 
567; 0; 1878.6767; 170; 467.4; 
567; 0; 1878.6767; 170; 467.6; 
567; 0; 1878.6768; 170; 467.8; 
567; 0; 1891.635; 170; 468; 
567; 0; 1891.6351; 170; 468.2; 
567; 0; 1891.6351; 170; 468.4; 
567; 0; 1891.6352; 170; 468.6; 
567; 0; 1891.6352; 170; 468.8; 
567; 0; 1890.5946; 170; 469; 
567; 0; 1890.5946; 170; 469.2; 
567; 0; 1890.5946; 170; 469.4; 
567; 0; 1889.554; 170; 469.6; 
567; 0; 1889.554; 170; 469.8; 
567; 0; 1889.554; 170; 470; 
567; 0; 1888.5134; 170; 470.2; 
567; 0; 1888.5134; 170; 470.4; 
567; 0; 1887.4727; 170; 470.6; 
567; 0; 1887.4728; 170; 470.8; 
567; 0; 1886.4322; 170; 471; 
567; 0; 1886.4323; 170; 471.2; 
567; 0; 1886.4325; 170; 471.4; 
567; 0; 1885.3919; 170; 471.6; 
567; 0; 1885.392; 170; 471.8; 
567; 0; 1884.3514; 170; 472; 
567; 0; 1884.3515; 170; 472.2; 
567; 0; 1884.3516; 170; 472.4; 
567; 0; 1883.3109; 170; 472.6; 
567; 0; 1883.3109; 170; 472.8; 
567; 0; 1882.2702; 170; 473; 
567; 0; 1882.2702; 170; 473.2; 
567; 0; 1882.2702; 170; 473.4; 
567; 0; 1882.2703; 170; 473.6; 
567; 0; 1881.2297; 170; 473.8; 
567; 0; 1881.2298; 170; 474; 
567; 0; 1881.2299; 170; 474.2; 
567; 0; 1881.23; 170; 474.4; 
567; 0; 1881.2301; 170; 474.6; 
567; 0; 1880.1895; 170; 474.8; 
567; 0; 1880.1896; 170; 475; 
567; 0; 1880.1896; 170; 475.2; 
567; 0; 1880.1895; 170; 475.4; 
567; 0; 1880.189; 170; 475.6; 
567; 0; 1881.2281; 170; 475.8; 
567; 0; 1881.2251; 170; 476; 
567; 0; 1881.2199; 170; 476.2; 
567; 0; 1880.1713; 170; 476.4; 
567; 0; 1880.1604; 170; 476.6; 
567; 0; 1880.1468; 170; 476.8; 
567; 0; 1881.1723; 170; 477; 
567; 0; 1883.2384; 170; 477.2; 
567; 0; 1887.3869; 170; 477.4; 
567; 0; 1879.6282; 170; 477.6; 
567; 0; 1885.9266; 170; 477.8; 
567; 0; 1892.23; 170; 478; 
567; 0; 1900.6401; 170; 478.2; 
567; 0; 1908.0043; 170; 478.4; 
567; 0; 1915.3727; 170; 478.6; 
567; 0; 1920.6421; 170; 478.8; 
567; 0; 1925.913; 170; 479; 
567; 0; 1930.1329; 170; 479.2; 
567; 0; 1932.2494; 170; 479.4; 
567; 0; 1934.363; 170; 479.6; 
567; 0; 1935.4222; 170; 479.8; 
567; 0; 1935.4263; 170; 480; 
567; 0; 1935.4264; 170; 480.2; 
567; 0; 1935.4231; 170; 480.4; 
567; 0; 1935.4171; 170; 480.6; 
567; 0; 1935.4093; 170; 480.8; 
567; 0; 1935.4009; 170; 481; 
567; 0; 1936.4437; 170; 481.2; 
567; 0; 1937.4876; 170; 481.4; 
567; 0; 1939.584; 170; 481.6; 
567; 0; 1941.6824; 170; 481.8; 
567; 0; 1943.783; 170; 482; 
567; 0; 1946.9366; 170; 482.2; 
567; 0; 1949.0411; 170; 482.4; 
567; 0; 1950.0959; 170; 482.6; 
567; 0; 1952.2024; 170; 482.8; 
567; 0; 1953.2583; 170; 483; 
567; 0; 1954.3138; 170; 483.2; 
567; 0; 1954.3177; 170; 483.4; 
567; 0; 1954.3204; 170; 483.6; 
567; 0; 1954.322; 170; 483.8; 
567; 0; 1954.3223; 170; 484; 
567; 0; 1954.3215; 170; 484.2; 
567; 0; 1954.3198; 170; 484.4; 
567; 0; 1954.3176; 170; 484.6; 
567; 0; 1954.315; 170; 484.8; 
567; 0; 1954.3124; 170; 485; 
567; 0; 1954.3102; 170; 485.2; 
567; 0; 1954.3085; 170; 485.4; 
567; 0; 1955.3584; 170; 485.6; 
567; 0; 1955.358; 170; 485.8; 
567; 0; 1956.4092; 170; 486; 
567; 0; 1956.4099; 170; 486.2; 
567; 0; 1957.462; 170; 486.4; 
567; 0; 1957.4634; 170; 486.6; 
567; 0; 1957.4648; 170; 486.8; 
567; 0; 1957.4662; 170; 487; 
567; 0; 1958.5182; 170; 487.2; 
567; 0; 1958.519; 170; 487.4; 
567; 0; 1957.4686; 170; 487.6; 
567; 0; 1957.4688; 170; 487.8; 
567; 0; 1957.4687; 170; 488; 
567; 0; 1957.4683; 170; 488.2; 
567; 0; 1957.4676; 170; 488.4; 
567; 0; 1957.467; 170; 488.6; 
567; 0; 1957.4663; 170; 488.8; 
567; 0; 1957.4658; 170; 489; 
567; 0; 1957.4653; 170; 489.2; 
567; 0; 1957.4651; 170; 489.4; 
567; 0; 1957.465; 170; 489.6; 
567; 0; 1957.4651; 170; 489.8; 
567; 0; 1958.5162; 170; 490; 
567; 0; 1958.5166; 170; 490.2; 
567; 0; 1958.517; 170; 490.4; 
567; 0; 1958.5174; 170; 490.6; 
567; 0; 1958.5179; 170; 490.8; 
567; 0; 1958.5182; 170; 491; 
567; 0; 1958.5183; 170; 491.2; 
567; 0; 1958.5185; 170; 491.4; 
567; 0; 1958.5185; 170; 491.6; 
567; 0; 1958.5185; 170; 491.8; 
567; 0; 1958.5184; 170; 492; 
567; 0; 1957.4674; 170; 492.2; 
567; 0; 1957.4674; 170; 492.4; 
567; 0; 1957.4673; 170; 492.6; 
567; 0; 1957.4673; 170; 492.8; 
567; 0; 1957.4673; 170; 493; 
567; 0; 1957.4673; 170; 493.2; 
567; 0; 1958.5184; 170; 493.4; 
567; 0; 1958.5195; 170; 493.6; 
567; 0; 1958.5221; 170; 493.8; 
567; 0; 1959.5782; 170; 494; 
567; 0; 1959.5861; 170; 494.2; 
567; 0; 1959.5965; 170; 494.4; 
567; 0; 1958.5577; 170; 494.6; 
567; 0; 1957.5182; 170; 494.8; 
567; 0; 1955.4259; 170; 495; 
567; 0; 1952.2807; 170; 495.2; 
567; 0; 1949.1329; 170; 495.4; 
567; 0; 1944.9311; 170; 495.6; 
567; 0; 1940.7263; 170; 495.8; 
567; 0; 1936.5191; 170; 496; 
567; 0; 1932.3101; 170; 496.2; 
567; 0; 1929.1512; 170; 496.4; 
567; 0; 1924.941; 170; 496.6; 
567; 0; 1921.7823; 170; 496.8; 
567; 0; 1918.6246; 170; 497; 
567; 0; 1916.5186; 170; 497.2; 
567; 0; 1914.414; 170; 497.4; 
567; 0; 1912.3109; 170; 497.6; 
567; 0; 1910.209; 170; 497.8; 
567; 0; 1909.1591; 170; 498; 
567; 0; 1907.0586; 170; 498.2; 
567; 0; 1904.9583; 170; 498.4; 
567; 0; 1903.9089; 170; 498.6; 
567; 0; 1901.8078; 170; 498.8; 
567; 0; 1899.7064; 170; 499; 
567; 0; 1898.6556; 170; 499.2; 
567; 0; 1896.5535; 170; 499.4; 
567; 0; 1895.5021; 170; 499.6; 
567; 0; 1894.4505; 170; 499.8; 
567; 0; 1892.3477; 170; 500; 
567; 0; 1891.2959; 170; 500.2; 
567; 0; 1890.2442; 170; 500.4; 
567; 0; 1889.1925; 170; 500.6; 
567; 0; 1888.141; 170; 500.8; 
567; 0; 1887.0898; 170; 501; 
567; 0; 1887.0897; 170; 501.2; 
567; 0; 1886.0388; 170; 501.4; 
567; 0; 1884.9881; 170; 501.6; 
567; 0; 1884.9883; 170; 501.8; 
567; 0; 1883.9375; 170; 502; 
567; 0; 1883.9377; 170; 502.2; 
567; 0; 1882.8869; 170; 502.4; 
567; 0; 1882.887; 170; 502.6; 
567; 0; 1881.836; 170; 502.8; 
567; 0; 1881.8359; 170; 503; 
567; 0; 1880.7848; 170; 503.2; 
567; 0; 1880.7847; 170; 503.4; 
567; 0; 1880.7846; 170; 503.6; 
567; 0; 1879.7336; 170; 503.8; 
567; 0; 1879.7335; 170; 504; 
567; 0; 1879.7335; 170; 504.2; 
567; 0; 1879.7335; 170; 504.4; 
567; 0; 1878.6826; 170; 504.6; 
567; 0; 1878.6827; 170; 504.8; 
567; 0; 1891.6409; 170; 505; 
567; 0; 1891.641; 170; 505.2; 
567; 0; 1891.6411; 170; 505.4; 
567; 0; 1890.6004; 170; 505.6; 
567; 0; 1890.6005; 170; 505.8; 
567; 0; 1890.6005; 170; 506; 
567; 0; 1889.5598; 170; 506.2; 
567; 0; 1889.5599; 170; 506.4; 
567; 0; 1889.5599; 170; 506.6; 
567; 0; 1888.5192; 170; 506.8; 
567; 0; 1888.5192; 170; 507; 
567; 0; 1887.4785; 170; 507.2; 
567; 0; 1887.4784; 170; 507.4; 
567; 0; 1886.4377; 170; 507.6; 
567; 0; 1886.4376; 170; 507.8; 
567; 0; 1885.397; 170; 508; 
567; 0; 1885.3971; 170; 508.2; 
567; 0; 1884.3565; 170; 508.4; 
567; 0; 1884.3567; 170; 508.6; 
567; 0; 1884.3569; 170; 508.8; 
567; 0; 1883.3164; 170; 509; 
567; 0; 1883.3165; 170; 509.2; 
567; 0; 1882.2758; 170; 509.4; 
567; 0; 1882.2758; 170; 509.6; 
567; 0; 1882.2758; 170; 509.8; 
567; 0; 1881.2351; 170; 510; 
567; 0; 1881.2351; 170; 510.2; 
567; 0; 1881.2351; 170; 510.4; 
567; 0; 1880.1945; 170; 510.6; 
567; 0; 1880.1945; 170; 510.8; 
567; 0; 1880.1945; 170; 511; 
567; 0; 1880.1945; 170; 511.2; 
567; 0; 1879.1538; 170; 511.4; 
567; 0; 1879.1538; 170; 511.6; 
567; 0; 1879.1538; 170; 511.8; 
567; 0; 1879.1538; 170; 512; 
567; 0; 1879.1539; 170; 512.2; 
567; 0; 1879.1539; 170; 512.4; 
567; 0; 1878.1133; 170; 512.6; 
567; 0; 1878.1133; 170; 512.8; 
567; 0; 1878.1134; 170; 513; 
567; 0; 1878.1134; 170; 513.2; 
567; 0; 1878.1135; 170; 513.4; 
567; 0; 1878.1135; 170; 513.6; 
567; 0; 1878.1136; 170; 513.8; 
567; 0; 1878.1136; 170; 514; 
567; 0; 1878.1137; 170; 514.2; 
567; 0; 1877.073; 170; 514.4; 
567; 0; 1877.073; 170; 514.6; 
567; 0; 1877.073; 170; 514.8; 
567; 0; 1877.0731; 170; 515; 
567; 0; 1877.073; 170; 515.2; 
567; 0; 1877.073; 170; 515.4; 
567; 0; 1877.073; 170; 515.6; 
567; 0; 1877.073; 170; 515.8; 
567; 0; 1877.073; 170; 516; 
567; 0; 1877.0729; 170; 516.2; 
567; 0; 1877.0729; 170; 516.4; 
567; 0; 1877.0729; 170; 516.6; 
567; 0; 1877.073; 170; 516.8; 
567; 0; 1877.073; 170; 517; 
567; 0; 1877.0731; 170; 517.2; 
567; 0; 1877.0731; 170; 517.4; 
567; 0; 1877.0732; 170; 517.6; 
567; 0; 1877.0732; 170; 517.8; 
567; 0; 1877.0733; 170; 518; 
567; 0; 1876.0326; 170; 518.2; 
567; 0; 1876.0327; 170; 518.4; 
567; 0; 1876.0327; 170; 518.6; 
567; 0; 1876.0327; 170; 518.8; 
567; 0; 1876.0327; 170; 519; 
567; 0; 1876.0327; 170; 519.2; 
567; 0; 1876.0327; 170; 519.4; 
567; 0; 1876.0327; 170; 519.6; 
567; 0; 1876.0326; 170; 519.8; 
567; 0; 1876.0326; 170; 520; 
567; 0; 1876.0325; 170; 520.2; 
567; 0; 1876.0325; 170; 520.4; 
567; 0; 1876.0325; 170; 520.6; 
567; 0; 1876.0326; 170; 520.8; 
567; 0; 1876.0326; 170; 521; 
567; 0; 1876.0326; 170; 521.2; 
567; 0; 1876.0326; 170; 521.4; 
567; 0; 1876.0327; 170; 521.6; 
567; 0; 1876.0327; 170; 521.8; 
567; 0; 1876.0328; 170; 522; 
567; 0; 1876.0328; 170; 522.2; 
567; 0; 1876.0329; 170; 522.4; 
567; 0; 1876.0329; 170; 522.6; 
567; 0; 1876.0329; 170; 522.8; 
567; 0; 1876.0329; 170; 523; 
567; 0; 1876.0329; 170; 523.2; 
567; 0; 1876.0328; 170; 523.4; 
567; 0; 1876.0328; 170; 523.6; 
567; 0; 1876.0329; 170; 523.8; 
567; 0; 1876.0329; 170; 524; 
567; 0; 1876.0329; 170; 524.2; 
567; 0; 1876.033; 170; 524.4; 
567; 0; 1876.033; 170; 524.6; 
567; 0; 1876.033; 170; 524.8; 
567; 0; 1876.033; 170; 525; 
567; 0; 1876.033; 170; 525.2; 
567; 0; 1876.033; 170; 525.4; 
567; 0; 1876.0329; 170; 525.6; 
567; 0; 1876.0329; 170; 525.8; 
567; 0; 1876.0329; 170; 526; 
567; 0; 1876.033; 170; 526.2; 
567; 0; 1876.033; 170; 526.4; 
567; 0; 1876.033; 170; 526.6; 
567; 0; 1876.0331; 170; 526.8; 
567; 0; 1876.0331; 170; 527; 
567; 0; 1876.0331; 170; 527.2; 
567; 0; 1876.0331; 170; 527.4; 
567; 0; 1876.0331; 170; 527.6; 
567; 0; 1876.0332; 170; 527.8; 
567; 0; 1876.0332; 170; 528; 
567; 0; 1876.0332; 170; 528.2; 
567; 0; 1876.0332; 170; 528.4; 
567; 0; 1876.0332; 170; 528.6; 
567; 0; 1874.9925; 170; 528.8; 
567; 0; 1874.9925; 170; 529; 
567; 0; 1874.9925; 170; 529.2; 
567; 0; 1874.9925; 170; 529.4; 
567; 0; 1874.9925; 170; 529.6; 
567; 0; 1874.9925; 170; 529.8; 
567; 0; 1874.9925; 170; 530; 
567; 0; 1874.9925; 170; 530.2; 
567; 0; 1874.9925; 170; 530.4; 
567; 0; 1874.9925; 170; 530.6; 
567; 0; 1874.9925; 170; 530.8; 
567; 0; 1874.9926; 170; 531; 
567; 0; 1874.9926; 170; 531.2; 
567; 0; 1874.9926; 170; 531.4; 
567; 0; 1874.9927; 170; 531.6; 
567; 0; 1874.9927; 170; 531.8; 
567; 0; 1874.9927; 170; 532; 
567; 0; 1874.9927; 170; 532.2; 
567; 0; 1874.9927; 170; 532.4; 
567; 0; 1874.9927; 170; 532.6; 
567; 0; 1874.9926; 170; 532.8; 
567; 0; 1874.9927; 170; 533; 
567; 0; 1874.9927; 170; 533.2; 
567; 0; 1874.9927; 170; 533.4; 
567; 0; 1874.9928; 170; 533.6; 
567; 0; 1874.9928; 170; 533.8; 
567; 0; 1874.9928; 170; 534; 
567; 0; 1874.9928; 170; 534.2; 
567; 0; 1874.9928; 170; 534.4; 
567; 0; 1874.9928; 170; 534.6; 
567; 0; 1874.9928; 170; 534.8; 
567; 0; 1874.9928; 170; 535; 
567; 0; 1874.9928; 170; 535.2; 
567; 0; 1874.9928; 170; 535.4; 
567; 0; 1874.9928; 170; 535.6; 
567; 0; 1874.9928; 170; 535.8; 
567; 0; 1874.9928; 170; 536; 
567; 0; 1874.9928; 170; 536.2; 
567; 0; 1874.9928; 170; 536.4; 
567; 0; 1874.9928; 170; 536.6; 
567; 0; 1874.9928; 170; 536.8; 
567; 0; 1874.9928; 170; 537; 
567; 0; 1874.9929; 170; 537.2; 
567; 0; 1874.9929; 170; 537.4; 
567; 0; 1874.9929; 170; 537.6; 
567; 0; 1874.9929; 170; 537.8; 
567; 0; 1874.9929; 170; 538; 
567; 0; 1874.9929; 170; 538.2; 
567; 0; 1874.9929; 170; 538.4; 
567; 0; 1874.9929; 170; 538.6; 
567; 0; 1876.0336; 170; 538.8; 
567; 0; 1876.0335; 170; 539; 
567; 0; 1876.0332; 170; 539.2; 
567; 0; 1876.0326; 170; 539.4; 
567; 0; 1877.0716; 170; 539.6; 
567; 0; 1877.0682; 170; 539.8; 
567; 0; 1877.0628; 170; 540; 
567; 0; 1877.0551; 170; 540.2; 
567; 0; 1877.0451; 170; 540.4; 
567; 0; 1877.0334; 170; 540.6; 
567; 0; 1879.1019; 170; 540.8; 
567; 0; 1880.1295; 170; 541; 
567; 0; 1883.2391; 170; 541.2; 
567; 0; 1887.3913; 170; 541.4; 
567; 0; 1880.6876; 170; 541.6; 
567; 0; 1886.9899; 170; 541.8; 
567; 0; 1893.2969; 170; 542; 
567; 0; 1900.6597; 170; 542.2; 
567; 0; 1908.0275; 170; 542.4; 
567; 0; 1914.3487; 170; 542.6; 
567; 0; 1919.6222; 170; 542.8; 
567; 0; 1922.7952; 170; 543; 
567; 0; 1925.9678; 170; 543.2; 
567; 0; 1927.0351; 170; 543.4; 
567; 0; 1927.0456; 170; 543.6; 
567; 0; 1926.0009; 170; 543.8; 
567; 0; 1924.9515; 170; 544; 
567; 0; 1922.8465; 170; 544.2; 
567; 0; 1920.7377; 170; 544.4; 
567; 0; 1918.6262; 170; 544.6; 
567; 0; 1917.5623; 170; 544.8; 
567; 0; 1916.4975; 170; 545; 
567; 0; 1916.4851; 170; 545.2; 
567; 0; 1917.5264; 170; 545.4; 
567; 0; 1919.6223; 170; 545.6; 
567; 0; 1921.7225; 170; 545.8; 
567; 0; 1923.827; 170; 546; 
567; 0; 1925.9355; 170; 546.2; 
567; 0; 1928.0471; 170; 546.4; 
567; 0; 1929.1097; 170; 546.6; 
567; 0; 1929.1217; 170; 546.8; 
567; 0; 1929.1329; 170; 547; 
567; 0; 1928.0895; 170; 547.2; 
567; 0; 1925.9925; 170; 547.4; 
567; 0; 1923.8929; 170; 547.6; 
567; 0; 1921.7906; 170; 547.8; 
567; 0; 1919.686; 170; 548; 
567; 0; 1917.5796; 170; 548.2; 
567; 0; 1915.4722; 170; 548.4; 
567; 0; 1913.3637; 170; 548.6; 
567; 0; 1912.3062; 170; 548.8; 
567; 0; 1911.2501; 170; 549; 
567; 0; 1910.1956; 170; 549.2; 
567; 0; 1910.1941; 170; 549.4; 
567; 0; 1910.1945; 170; 549.6; 
567; 0; 1910.1965; 170; 549.8; 
567; 0; 1909.1487; 170; 550; 
567; 0; 1909.1526; 170; 550.2; 
567; 0; 1908.1056; 170; 550.4; 
567; 0; 1908.1094; 170; 550.6; 
567; 0; 1907.0615; 170; 550.8; 
567; 0; 1906.0124; 170; 551; 
567; 0; 1904.9623; 170; 551.2; 
567; 0; 1902.8605; 170; 551.4; 
567; 0; 1901.809; 170; 551.6; 
567; 0; 1900.7571; 170; 551.8; 
567; 0; 1899.7048; 170; 552; 
567; 0; 1898.6523; 170; 552.2; 
567; 0; 1897.5998; 170; 552.4; 
567; 0; 1896.5476; 170; 552.6; 
567; 0; 1896.5469; 170; 552.8; 
567; 0; 1895.4956; 170; 553; 
567; 0; 1894.4447; 170; 553.2; 
567; 0; 1894.4453; 170; 553.4; 
567; 0; 1893.395; 170; 553.6; 
567; 0; 1893.3959; 170; 553.8; 
567; 0; 1892.3458; 170; 554; 
567; 0; 1892.3466; 170; 554.2; 
567; 0; 1891.2961; 170; 554.4; 
567; 0; 1890.2455; 170; 554.6; 
567; 0; 1890.2457; 170; 554.8; 
567; 0; 1889.1948; 170; 555; 
567; 0; 1889.1948; 170; 555.2; 
567; 0; 1888.1437; 170; 555.4; 
567; 0; 1888.1436; 170; 555.6; 
567; 0; 1887.0925; 170; 555.8; 
567; 0; 1887.0924; 170; 556; 
567; 0; 1886.0414; 170; 556.2; 
567; 0; 1886.0414; 170; 556.4; 
567; 0; 1884.9904; 170; 556.6; 
567; 0; 1884.9906; 170; 556.8; 
567; 0; 1884.9907; 170; 557; 
567; 0; 1883.9399; 170; 557.2; 
567; 0; 1883.9401; 170; 557.4; 
567; 0; 1883.9402; 170; 557.6; 
567; 0; 1882.8893; 170; 557.8; 
567; 0; 1882.8895; 170; 558; 
567; 0; 1882.8896; 170; 558.2; 
567; 0; 1881.8386; 170; 558.4; 
567; 0; 1881.8387; 170; 558.6; 
567; 0; 1881.8387; 170; 558.8; 
567; 0; 1880.7877; 170; 559; 
567; 0; 1880.7877; 170; 559.2; 
567; 0; 1880.7877; 170; 559.4; 
567; 0; 1880.7878; 170; 559.6; 
567; 0; 1879.7368; 170; 559.8; 
567; 0; 1879.7368; 170; 560; 
567; 0; 1879.7369; 170; 560.2; 
567; 0; 1879.7369; 170; 560.4; 
567; 0; 1879.737; 170; 560.6; 
567; 0; 1878.6861; 170; 560.8; 
567; 0; 1878.6862; 170; 561; 
567; 0; 1891.6441; 170; 561.2; 
567; 0; 1891.6442; 170; 561.4; 
567; 0; 1891.6442; 170; 561.6; 
567; 0; 1890.6036; 170; 561.8; 
567; 0; 1890.6037; 170; 562; 
567; 0; 1890.6037; 170; 562.2; 
567; 0; 1889.563; 170; 562.4; 
567; 0; 1889.563; 170; 562.6; 
567; 0; 1888.5224; 170; 562.8; 
567; 0; 1888.5224; 170; 563; 
567; 0; 1887.4818; 170; 563.2; 
567; 0; 1887.4818; 170; 563.4; 
567; 0; 1886.4412; 170; 563.6; 
567; 0; 1886.4412; 170; 563.8; 
567; 0; 1885.4006; 170; 564; 
567; 0; 1885.4007; 170; 564.2; 
567; 0; 1884.3601; 170; 564.4; 
567; 0; 1884.3601; 170; 564.6; 
567; 0; 1884.3602; 170; 564.8; 
567; 0; 1883.3196; 170; 565; 
567; 0; 1883.3196; 170; 565.2; 
567; 0; 1882.2789; 170; 565.4; 
567; 0; 1882.2789; 170; 565.6; 
567; 0; 1881.2382; 170; 565.8; 
567; 0; 1881.2382; 170; 566; 
567; 0; 1881.2382; 170; 566.2; 
567; 0; 1880.1976; 170; 566.4; 
567; 0; 1880.1977; 170; 566.6; 
567; 0; 1880.1978; 170; 566.8; 
567; 0; 1879.1572; 170; 567; 
567; 0; 1879.1573; 170; 567.2; 
567; 0; 1879.1573; 170; 567.4; 
567; 0; 1879.1574; 170; 567.6; 
567; 0; 1878.1167; 170; 567.8; 
567; 0; 1878.1167; 170; 568; 
567; 0; 1878.1167; 170; 568.2; 
567; 0; 1878.1167; 170; 568.4; 
567; 0; 1877.076; 170; 568.6; 
567; 0; 1877.076; 170; 568.8; 
567; 0; 1877.076; 170; 569; 
567; 0; 1877.076; 170; 569.2; 
567; 0; 1877.076; 170; 569.4; 
567; 0; 1877.0761; 170; 569.6; 
567; 0; 1876.0354; 170; 569.8; 
567; 0; 1876.0354; 170; 570; 
567; 0; 1876.0355; 170; 570.2; 
567; 0; 1876.0355; 170; 570.4; 
567; 0; 1876.0356; 170; 570.6; 
567; 0; 1876.0356; 170; 570.8; 
567; 0; 1876.0356; 170; 571; 
567; 0; 1876.0356; 170; 571.2; 
567; 0; 1876.0356; 170; 571.4; 
567; 0; 1876.0356; 170; 571.6; 
567; 0; 1874.9949; 170; 571.8; 
567; 0; 1874.9949; 170; 572; 
567; 0; 1874.9949; 170; 572.2; 
567; 0; 1874.9949; 170; 572.4; 
567; 0; 1874.9949; 170; 572.6; 
567; 0; 1874.9949; 170; 572.8; 
567; 0; 1874.9949; 170; 573; 
567; 0; 1874.9949; 170; 573.2; 
567; 0; 1874.995; 170; 573.4; 
567; 0; 1874.9951; 170; 573.6; 
567; 0; 1874.9951; 170; 573.8; 
567; 0; 1874.9952; 170; 574; 
567; 0; 1874.9952; 170; 574.2; 
567; 0; 1874.9951; 170; 574.4; 
567; 0; 1874.9951; 170; 574.6; 
567; 0; 1874.9951; 170; 574.8; 
567; 0; 1874.9951; 170; 575; 
567; 0; 1874.9951; 170; 575.2; 
567; 0; 1874.9951; 170; 575.4; 
567; 0; 1874.9951; 170; 575.6; 
567; 0; 1874.9951; 170; 575.8; 
567; 0; 1873.9545; 170; 576; 
567; 0; 1873.9545; 170; 576.2; 
567; 0; 1873.9546; 170; 576.4; 
567; 0; 1873.9546; 170; 576.6; 
567; 0; 1873.9547; 170; 576.8; 
567; 0; 1873.9547; 170; 577; 
567; 0; 1873.9547; 170; 577.2; 
567; 0; 1873.9546; 170; 577.4; 
567; 0; 1873.9546; 170; 577.6; 
567; 0; 1873.9545; 170; 577.8; 
567; 0; 1873.9545; 170; 578; 
567; 0; 1873.9545; 170; 578.2; 
567; 0; 1873.9545; 170; 578.4; 
567; 0; 1873.9545; 170; 578.6; 
567; 0; 1873.9545; 170; 578.8; 
567; 0; 1873.9545; 170; 579; 
567; 0; 1873.9545; 170; 579.2; 
567; 0; 1873.9545; 170; 579.4; 
567; 0; 1873.9546; 170; 579.6; 
567; 0; 1873.9546; 170; 579.8; 
567; 0; 1873.9546; 170; 580; 
567; 0; 1873.9546; 170; 580.2; 
567; 0; 1873.9547; 170; 580.4; 
567; 0; 1873.9548; 170; 580.6; 
567; 0; 1873.9548; 170; 580.8; 
567; 0; 1873.9548; 170; 581; 
567; 0; 1873.9547; 170; 581.2; 
567; 0; 1873.9547; 170; 581.4; 
567; 0; 1873.9547; 170; 581.6; 
567; 0; 1873.9546; 170; 581.8; 
567; 0; 1873.9546; 170; 582; 
567; 0; 1873.9546; 170; 582.2; 
567; 0; 1873.9546; 170; 582.4; 
567; 0; 1873.9546; 170; 582.6; 
567; 0; 1873.9546; 170; 582.8; 
567; 0; 1873.9547; 170; 583; 
567; 0; 1873.9547; 170; 583.2; 
567; 0; 1873.9547; 170; 583.4; 
567; 0; 1873.9547; 170; 583.6; 
567; 0; 1873.9547; 170; 583.8; 
567; 0; 1873.9547; 170; 584; 
567; 0; 1873.9547; 170; 584.2; 
567; 0; 1873.9547; 170; 584.4; 
567; 0; 1873.9547; 170; 584.6; 
567; 0; 1874.9953; 170; 584.8; 
567; 0; 1874.9947; 170; 585; 
567; 0; 1874.9933; 170; 585.2; 
567; 0; 1874.9909; 170; 585.4; 
567; 0; 1876.0266; 170; 585.6; 
567; 0; 1876.0191; 170; 585.8; 
567; 0; 1874.968; 170; 586; 
567; 0; 1875.9954; 170; 586.2; 
567; 0; 1875.9807; 170; 586.4; 
567; 0; 1878.0468; 170; 586.6; 
567; 0; 1882.1953; 170; 586.8; 
567; 0; 1886.3465; 170; 587; 
567; 0; 1879.6323; 170; 587.2; 
567; 0; 1886.9862; 170; 587.4; 
567; 0; 1894.3454; 170; 587.6; 
567; 0; 1902.7605; 170; 587.8; 
567; 0; 1909.078; 170; 588; 
567; 0; 1915.3985; 170; 588.2; 
567; 0; 1920.6695; 170; 588.4; 
567; 0; 1923.8385; 170; 588.6; 
567; 0; 1927.0059; 170; 588.8; 
567; 0; 1929.1194; 170; 589; 
567; 0; 1929.1273; 170; 589.2; 
567; 0; 1930.1821; 170; 589.4; 
567; 0; 1930.1819; 170; 589.6; 
567; 0; 1929.1275; 170; 589.8; 
567; 0; 1929.1219; 170; 590; 
567; 0; 1930.1666; 170; 590.2; 
567; 0; 1930.1609; 170; 590.4; 
567; 0; 1931.208; 170; 590.6; 
567; 0; 1933.3087; 170; 590.8; 
567; 0; 1934.3616; 170; 591; 
567; 0; 1935.4176; 170; 591.2; 
567; 0; 1936.4761; 170; 591.4; 
567; 0; 1936.4853; 170; 591.6; 
567; 0; 1936.4943; 170; 591.8; 
567; 0; 1935.4507; 170; 592; 
567; 0; 1933.3545; 170; 592.2; 
567; 0; 1931.2563; 170; 592.4; 
567; 0; 1929.1558; 170; 592.6; 
567; 0; 1926.0018; 170; 592.8; 
567; 0; 1922.8459; 170; 593; 
567; 0; 1920.7397; 170; 593.2; 
567; 0; 1917.5816; 170; 593.4; 
567; 0; 1915.4745; 170; 593.6; 
567; 0; 1913.3678; 170; 593.8; 
567; 0; 1912.3122; 170; 594; 
567; 0; 1910.2072; 170; 594.2; 
567; 0; 1909.1549; 170; 594.4; 
567; 0; 1909.1552; 170; 594.6; 
567; 0; 1908.1057; 170; 594.8; 
567; 0; 1907.057; 170; 595; 
567; 0; 1906.0088; 170; 595.2; 
567; 0; 1904.9605; 170; 595.4; 
567; 0; 1903.9115; 170; 595.6; 
567; 0; 1902.862; 170; 595.8; 
567; 0; 1900.7609; 170; 596; 
567; 0; 1899.7103; 170; 596.2; 
567; 0; 1898.6592; 170; 596.4; 
567; 0; 1897.6077; 170; 596.6; 
567; 0; 1895.5048; 170; 596.8; 
567; 0; 1894.4529; 170; 597; 
567; 0; 1893.401; 170; 597.2; 
567; 0; 1892.3492; 170; 597.4; 
567; 0; 1891.2977; 170; 597.6; 
567; 0; 1891.2974; 170; 597.8; 
567; 0; 1890.2463; 170; 598; 
567; 0; 1889.1954; 170; 598.2; 
567; 0; 1889.1958; 170; 598.4; 
567; 0; 1888.1452; 170; 598.6; 
567; 0; 1888.1457; 170; 598.8; 
567; 0; 1887.0951; 170; 599; 
567; 0; 1886.0444; 170; 599.2; 
567; 0; 1886.0447; 170; 599.4; 
567; 0; 1884.9938; 170; 599.6; 
567; 0; 1884.9939; 170; 599.8; 
567; 0; 1883.9428; 170; 600; 
567; 0; 1883.9427; 170; 600.2; 
567; 0; 1882.8916; 170; 600.4; 
567; 0; 1882.8915; 170; 600.6; 
567; 0; 1881.8405; 170; 600.8; 
567; 0; 1881.8405; 170; 601; 
567; 0; 1881.8406; 170; 601.2; 
567; 0; 1880.7897; 170; 601.4; 
567; 0; 1880.7898; 170; 601.6; 
567; 0; 1880.7899; 170; 601.8; 
567; 0; 1879.7389; 170; 602; 
567; 0; 1879.7391; 170; 602.2; 
567; 0; 1879.7392; 170; 602.4; 
567; 0; 1878.6882; 170; 602.6; 
567; 0; 1878.6882; 170; 602.8; 
567; 0; 1891.6461; 170; 603; 
567; 0; 1891.6461; 170; 603.2; 
567; 0; 1890.6055; 170; 603.4; 
567; 0; 1890.6055; 170; 603.6; 
567; 0; 1890.6055; 170; 603.8; 
567; 0; 1889.5647; 170; 604; 
567; 0; 1889.5647; 170; 604.2; 
567; 0; 1889.5648; 170; 604.4; 
567; 0; 1888.5241; 170; 604.6; 
567; 0; 1888.5242; 170; 604.8; 
567; 0; 1887.4836; 170; 605; 
567; 0; 1887.4837; 170; 605.2; 
567; 0; 1886.4431; 170; 605.4; 
567; 0; 1885.4025; 170; 605.6; 
567; 0; 1885.4026; 170; 605.8; 
567; 0; 1884.362; 170; 606; 
567; 0; 1884.362; 170; 606.2; 
567; 0; 1883.3214; 170; 606.4; 
567; 0; 1883.3214; 170; 606.6; 
567; 0; 1882.2808; 170; 606.8; 
567; 0; 1882.2809; 170; 607; 
567; 0; 1881.2403; 170; 607.2; 
567; 0; 1881.2403; 170; 607.4; 
567; 0; 1881.2403; 170; 607.6; 
567; 0; 1880.1996; 170; 607.8; 
567; 0; 1880.1996; 170; 608; 
567; 0; 1879.1589; 170; 608.2; 
567; 0; 1879.1588; 170; 608.4; 
567; 0; 1879.1588; 170; 608.6; 
567; 0; 1878.1181; 170; 608.8; 
567; 0; 1878.1182; 170; 609; 
567; 0; 1878.1183; 170; 609.2; 
567; 0; 1878.1184; 170; 609.4; 
567; 0; 1877.0778; 170; 609.6; 
567; 0; 1877.0779; 170; 609.8; 
567; 0; 1877.0779; 170; 610; 
567; 0; 1877.0779; 170; 610.2; 
567; 0; 1876.0372; 170; 610.4; 
567; 0; 1876.0372; 170; 610.6; 
567; 0; 1876.0373; 170; 610.8; 
567; 0; 1876.0373; 170; 611; 
567; 0; 1876.0373; 170; 611.2; 
567; 0; 1876.0374; 170; 611.4; 
567; 0; 1876.0375; 170; 611.6; 
567; 0; 1874.9968; 170; 611.8; 
567; 0; 1874.9969; 170; 612; 
567; 0; 1874.9968; 170; 612.2; 
567; 0; 1874.9968; 170; 612.4; 
567; 0; 1874.9967; 170; 612.6; 
567; 0; 1874.9967; 170; 612.8; 
567; 0; 1874.9967; 170; 613; 
567; 0; 1874.9967; 170; 613.2; 
567; 0; 1874.9968; 170; 613.4; 
567; 0; 1874.9968; 170; 613.6; 
567; 0; 1873.9561; 170; 613.8; 
567; 0; 1873.9562; 170; 614; 
567; 0; 1873.9562; 170; 614.2; 
567; 0; 1873.9562; 170; 614.4; 
567; 0; 1873.9562; 170; 614.6; 
567; 0; 1873.9562; 170; 614.8; 
567; 0; 1873.9562; 170; 615; 
567; 0; 1873.9561; 170; 615.2; 
567; 0; 1873.9561; 170; 615.4; 
567; 0; 1873.9561; 170; 615.6; 
567; 0; 1873.9562; 170; 615.8; 
567; 0; 1873.9562; 170; 616; 
567; 0; 1873.9563; 170; 616.2; 
567; 0; 1873.9563; 170; 616.4; 
567; 0; 1873.9564; 170; 616.6; 
567; 0; 1873.9564; 170; 616.8; 
567; 0; 1873.9564; 170; 617; 
567; 0; 1873.9565; 170; 617.2; 
567; 0; 1873.9565; 170; 617.4; 
567; 0; 1872.9158; 170; 617.6; 
567; 0; 1872.9157; 170; 617.8; 
567; 0; 1872.9157; 170; 618; 
567; 0; 1872.9156; 170; 618.2; 
567; 0; 1872.9156; 170; 618.4; 
567; 0; 1872.9156; 170; 618.6; 
567; 0; 1872.9156; 170; 618.8; 
567; 0; 1872.9156; 170; 619; 
567; 0; 1872.9156; 170; 619.2; 
567; 0; 1872.9156; 170; 619.4; 
567; 0; 1872.9156; 170; 619.6; 
567; 0; 1872.9157; 170; 619.8; 
567; 0; 1872.9157; 170; 620; 
567; 0; 1872.9158; 170; 620.2; 
567; 0; 1872.9158; 170; 620.4; 
567; 0; 1872.9158; 170; 620.6; 
567; 0; 1872.9158; 170; 620.8; 
567; 0; 1872.9158; 170; 621; 
567; 0; 1872.9157; 170; 621.2; 
567; 0; 1872.9157; 170; 621.4; 
567; 0; 1872.9158; 170; 621.6; 
567; 0; 1872.9158; 170; 621.8; 
567; 0; 1872.9158; 170; 622; 
567; 0; 1872.9158; 170; 622.2; 
567; 0; 1872.9158; 170; 622.4; 
567; 0; 1872.9157; 170; 622.6; 
567; 0; 1872.9157; 170; 622.8; 
567; 0; 1872.9157; 170; 623; 
567; 0; 1872.9157; 170; 623.2; 
567; 0; 1872.9158; 170; 623.4; 
567; 0; 1872.9158; 170; 623.6; 
567; 0; 1872.9159; 170; 623.8; 
567; 0; 1872.9159; 170; 624; 
567; 0; 1872.9159; 170; 624.2; 
567; 0; 1872.9159; 170; 624.4; 
567; 0; 1872.9158; 170; 624.6; 
567; 0; 1872.9158; 170; 624.8; 
567; 0; 1872.9157; 170; 625; 
567; 0; 1872.9157; 170; 625.2; 
567; 0; 1872.9158; 170; 625.4; 
567; 0; 1872.9158; 170; 625.6; 
567; 0; 1872.9159; 170; 625.8; 
567; 0; 1872.9159; 170; 626; 
567; 0; 1872.916; 170; 626.2; 
567; 0; 1872.916; 170; 626.4; 
567; 0; 1872.916; 170; 626.6; 
567; 0; 1872.916; 170; 626.8; 
567; 0; 1872.9159; 170; 627; 
567; 0; 1872.9158; 170; 627.2; 
567; 0; 1872.9158; 170; 627.4; 
567; 0; 1872.9157; 170; 627.6; 
567; 0; 1872.9157; 170; 627.8; 
567; 0; 1872.9157; 170; 628; 
567; 0; 1872.9158; 170; 628.2; 
567; 0; 1872.9159; 170; 628.4; 
567; 0; 1872.9159; 170; 628.6; 
567; 0; 1872.916; 170; 628.8; 
567; 0; 1872.9161; 170; 629; 
567; 0; 1872.9161; 170; 629.2; 
567; 0; 1872.9161; 170; 629.4; 
567; 0; 1871.8753; 170; 629.6; 
567; 0; 1871.8752; 170; 629.8; 
567; 0; 1871.8751; 0; 630; 
567; 0; 0; 0; 630.2; 
567; 0; 0; 0; 630.4; 
567; 0; 0; 0; 630.6; 
567; 0; 0; 0; 630.8; 
567; 0; 0; 0; 631; 
567; 0; 0; 0; 631.2; 
567; 0; 0; 0; 631.4; 
567; 0; 0; 0; 631.6; 
567; 0; 0; 0; 631.8; 
567; 0; 0; 0; 632; 
567; 0; 0; 0; 632.2; 
567; 0; 0; 0; 632.4; 
567; 0; 0; 0; 632.6; 
567; 0; 0; 0; 632.8; 
567; 0; 0; 0; 633; 
567; 0; 0; 0; 633.2; 
567; 0; 0; 0; 633.4; 
567; 0; 0; 0; 633.6; 
567; 0; 0; 0; 633.8; 
567; 0; 0; 0; 634; 
567; 0; 0; 0; 634.2; 
567; 0; 0; 0; 634.4; 
567; 0; 0; 0; 634.6; 
567; 0; 0; 0; 634.8; 
567; 0; 0; 0; 635; 
567; 0; 0; 0; 635.2; 
567; 0; 0; 0; 635.4; 
567; 0; 0; 0; 635.6; 
567; 0; 0; 0; 635.8; 
567; 0; 0; 0; 636; 
567; 0; 0; 0; 636.2; 
567; 0; 0; 0; 636.4; 
567; 0; 0; 0; 636.6; 
567; 0; 0; 0; 636.8; 
567; 0; 0; 0; 637; 
567; 0; 0; 0; 637.2; 
567; 0; 0; 0; 637.4; 
567; 0; 0; 0; 637.6; 
567; 0; 0; 0; 637.8; 
567; 0; 0; 0; 638; 
567; 0; 0; 0; 638.2; 
567; 0; 0; 0; 638.4; 
567; 0; 0; 0; 638.6; 
567; 0; 0; 0; 638.8; 
567; 0; 0; 0; 639; 
567; 0; 0; 0; 639.2; 
567; 0; 0; 0; 639.4; 
567; 0; 0; 0; 639.6; 
567; 0; 0; 0; 639.8; 
567; 0; 0; 0; 640; 
567; 0; 0; 0; 640.2; 
567; 0; 0; 0; 640.4; 
567; 0; 0; 0; 640.6; 
567; 0; 0; 0; 640.8; 
567; 0; 0; 0; 641; 
567; 0; 0; 0; 641.2; 
567; 0; 0; 0; 641.4; 
567; 0; 0; 0; 641.6; 
567; 0; 0; 0; 641.8; 
567; 0; 0; 0; 642; 
567; 0; 0; 0; 642.2; 
567; 0; 0; 0; 642.4; 
567; 0; 0; 0; 642.6; 
567; 0; 0; 0; 642.8; 
567; 0; 0; 0; 643; 
567; 0; 0; 0; 643.2; 
567; 0; 0; 0; 643.4; 
567; 0; 0; 0; 643.6; 
567; 0; 0; 0; 643.8; 
567; 0; 0; 0; 644; 
567; 0; 0; 0; 644.2; 
567; 0; 0; 0; 644.4; 
567; 0; 0; 0; 644.6; 
567; 0; 0; 0; 644.8; 
567; 0; 0; 0; 645; 
567; 0; 0; 0; 645.2; 
567; 0; 0; 0; 645.4; 
567; 0; 0; 0; 645.6; 
567; 0; 0; 0; 645.8; 
567; 0; 0; 0; 646; 
567; 0; 0; 0; 646.2; 
567; 0; 0; 0; 646.4; 
567; 0; 0; 0; 646.6; 
567; 0; 0; 0; 646.8; 
567; 0; 0; 0; 647; 
567; 0; 0; 0; 647.2; 
567; 0; 0; 0; 647.4; 
567; 0; 0; 0; 647.6; 
567; 0; 0; 0; 647.8; 
567; 0; 0; 0; 648; 
567; 0; 0; 0; 648.2; 
567; 0; 0; 0; 648.4; 
567; 0; 0; 0; 648.6; 
567; 0; 0; 0; 648.8; 
567; 0; 0; 0; 649; 
567; 0; 0; 0; 649.2; 
567; 0; 0; 0; 649.4; 
567; 0; 0; 0; 649.6; 
567; 0; 0; 0; 649.8; 
567; 0; 0; 0; 650; 
567; 0; 0; 0; 650.2; 
567; 0; 0; 0; 650.4; 
567; 0; 0; 0; 650.6; 
567; 0; 0; 0; 650.8; 
567; 0; 0; 0; 651; 
567; 0; 0; 0; 651.2; 
567; 0; 0; 0; 651.4; 
567; 0; 0; 0; 651.6; 
567; 0; 0; 0; 651.8; 
567; 0; 0; 0; 652; 
567; 0; 0; 0; 652.2; 
567; 0; 0; 0; 652.4; 
567; 0; 0; 0; 652.6; 
567; 0; 0; 0; 652.8; 
567; 0; 0; 0; 653; 
567; 0; 0; 0; 653.2; 
567; 0; 0; 0; 653.4; 
567; 0; 0; 0; 653.6; 
567; 0; 0; 0; 653.8; 
567; 0; 0; 0; 654; 
567; 0; 0; 0; 654.2; 
567; 0; 0; 0; 654.4; 
567; 0; 0; 0; 654.6; 
567; 0; 0; 0; 654.8; 
567; 0; 0; 0; 655; 
567; 0; 0; 0; 655.2; 
567; 0; 0; 0; 655.4; 
567; 0; 0; 0; 655.6; 
567; 0; 0; 0; 655.8; 
567; 0; 0; 0; 656; 
567; 0; 0; 0; 656.2; 
567; 0; 0; 0; 656.4; 
567; 0; 0; 0; 656.6; 
567; 0; 0; 0; 656.8; 
567; 0; 0; 0; 657; 
567; 0; 0; 0; 657.2; 
567; 0; 0; 0; 657.4; 
567; 0; 0; 0; 657.6; 
567; 0; 0; 0; 657.8; 
567; 0; 0; 0; 658; 
567; 0; 0; 0; 658.2; 
567; 0; 0; 0; 658.4; 
567; 0; 0; 0; 658.6; 
567; 0; 0; 0; 658.8; 
567; 0; 0; 0; 659; 
567; 0; 0; 0; 659.2; 
567; 0; 0; 0; 659.4; 
567; 0; 0; 0; 659.6; 
567; 0; 0; 0; 659.8; 
567; 0; 0; 0; 660; 
567; 0; 0; 0; 660.2; 
567; 0; 0; 0; 660.4; 
567; 0; 0; 0; 660.6; 
567; 0; 0; 0; 660.8; 
567; 0; 0; 0; 661; 
567; 0; 0; 0; 661.2; 
567; 0; 0; 0; 661.4; 
567; 0; 0; 0; 661.6; 
567; 0; 0; 0; 661.8; 
567; 0; 0; 0; 662; 
567; 0; 0; 0; 662.2; 
567; 0; 0; 0; 662.4; 
567; 0; 0; 0; 662.6; 
567; 0; 0; 0; 662.8; 
567; 0; 0; 0; 663; 
567; 0; 0; 0; 663.2; 
567; 0; 0; 0; 663.4; 
567; 0; 0; 0; 663.6; 
567; 0; 0; 0; 663.8; 
567; 0; 0; 0; 664; 
567; 0; 0; 0; 664.2; 
567; 0; 0; 0; 664.4; 
567; 0; 0; 0; 664.6; 
567; 0; 0; 0; 664.8; 
567; 0; 0; 0; 665; 
567; 0; 0; 0; 665.2; 
567; 0; 0; 0; 665.4; 
567; 0; 0; 0; 665.6; 
567; 0; 0; 0; 665.8; 
567; 0; 0; 0; 666; 
567; 0; 0; 0; 666.2; 
567; 0; 0; 0; 666.4; 
567; 0; 0; 0; 666.6; 
567; 0; 0; 0; 666.8; 
567; 0; 0; 0; 667; 
567; 0; 0; 0; 667.2; 
567; 0; 0; 0; 667.4; 
567; 0; 0; 0; 667.6; 
567; 0; 0; 0; 667.8; 
567; 0; 0; 0; 668; 
567; 0; 0; 0; 668.2; 
567; 0; 0; 0; 668.4; 
567; 0; 0; 0; 668.6; 
567; 0; 0; 0; 668.8; 
567; 0; 0; 0; 669; 
567; 0; 0; 0; 669.2; 
567; 0; 0; 0; 669.4; 
567; 0; 0; 0; 669.6; 
567; 0; 0; 0; 669.8; 
567; 0; 0; 0; 670; 
567; 0; 0; 0; 670.2; 
567; 0; 0; 0; 670.4; 
567; 0; 0; 0; 670.6; 
567; 0; 0; 0; 670.8; 
567; 0; 0; 0; 671; 
567; 0; 0; 0; 671.2; 
567; 0; 0; 0; 671.4; 
567; 0; 0; 0; 671.6; 
567; 0; 0; 0; 671.8; 
567; 0; 0; 0; 672; 
567; 0; 0; 0; 672.2; 
567; 0; 0; 0; 672.4; 
567; 0; 0; 0; 672.6; 
567; 0; 0; 0; 672.8; 
567; 0; 0; 0; 673; 
567; 0; 0; 0; 673.2; 
567; 0; 0; 0; 673.4; 
567; 0; 0; 0; 673.6; 
567; 0; 0; 0; 673.8; 
567; 0; 0; 0; 674; 
567; 0; 0; 0; 674.2; 
567; 0; 0; 0; 674.4; 
567; 0; 0; 0; 674.6; 
567; 0; 0; 0; 674.8; 
567; 0; 0; 0; 675; 
567; 0; 0; 0; 675.2; 
567; 0; 0; 0; 675.4; 
567; 0; 0; 0; 675.6; 
567; 0; 0; 0; 675.8; 
567; 0; 0; 0; 676; 
567; 0; 0; 0; 676.2; 
567; 0; 0; 0; 676.4; 
567; 0; 0; 0; 676.6; 
567; 0; 0; 0; 676.8; 
567; 0; 0; 0; 677; 
567; 0; 0; 0; 677.2; 
567; 0; 0; 0; 677.4; 
567; 0; 0; 0; 677.6; 
567; 0; 0; 0; 677.8; 
567; 0; 0; 0; 678; 
567; 0; 0; 0; 678.2; 
567; 0; 0; 0; 678.4; 
567; 0; 0; 0; 678.6; 
567; 0; 0; 0; 678.8; 
567; 0; 0; 0; 679; 
567; 0; 0; 0; 679.2; 
567; 0; 0; 0; 679.4; 
567; 0; 0; 0; 679.6; 
567; 0; 0; 0; 679.8; 
567; 0; 0; 0; 680; 
567; 0; 0; 0; 680.2; 
567; 0; 0; 0; 680.4; 
567; 0; 0; 0; 680.6; 
567; 0; 0; 0; 680.8; 
567; 0; 0; 0; 681; 
567; 0; 0; 0; 681.2; 
567; 0; 0; 0; 681.4; 
567; 0; 0; 0; 681.6; 
567; 0; 0; 0; 681.8; 
567; 0; 0; 0; 682; 
567; 0; 0; 0; 682.2; 
567; 0; 0; 0; 682.4; 
567; 0; 0; 0; 682.6; 
567; 0; 0; 0; 682.8; 
567; 0; 0; 0; 683; 
567; 0; 0; 0; 683.2; 
567; 0; 0; 0; 683.4; 
567; 0; 0; 0; 683.6; 
567; 0; 0; 0; 683.8; 
567; 0; 0; 0; 684; 
567; 0; 0; 0; 684.2; 
567; 0; 0; 0; 684.4; 
567; 0; 0; 0; 684.6; 
567; 0; 0; 0; 684.8; 
567; 0; 0; 0; 685; 
567; 0; 0; 0; 685.2; 
567; 0; 0; 0; 685.4; 
567; 0; 0; 0; 685.6; 
567; 0; 0; 0; 685.8; 
567; 0; 0; 0; 686; 
567; 0; 0; 0; 686.2; 
567; 0; 0; 0; 686.4; 
567; 0; 0; 0; 686.6; 
567; 0; 0; 0; 686.8; 
567; 0; 0; 0; 687; 
567; 0; 0; 0; 687.2; 
567; 0; 0; 0; 687.4; 
567; 0; 0; 0; 687.6; 
567; 0; 0; 0; 687.8; 
567; 0; 0; 0; 688; 
567; 0; 0; 0; 688.2; 
567; 0; 0; 0; 688.4; 
567; 0; 0; 0; 688.6; 
567; 0; 0; 0; 688.8; 
567; 0; 0; 0; 689; 
567; 0; 0; 0; 689.2; 
567; 0; 0; 0; 689.4; 
567; 0; 0; 0; 689.6; 
567; 0; 0; 0; 689.8; 
567; 0; 0; 0; 690; 
567; 0; 0; 0; 690.2; 
567; 0; 0; 0; 690.4; 
567; 0; 0; 0; 690.6; 
567; 0; 0; 0; 690.8; 
567; 0; 0; 0; 691; 
567; 0; 0; 0; 691.2; 
567; 0; 0; 0; 691.4; 
567; 0; 0; 0; 691.6; 
567; 0; 0; 0; 691.8; 
567; 0; 0; 0; 692; 
567; 0; 0; 0; 692.2; 
567; 0; 0; 0; 692.4; 
567; 0; 0; 0; 692.6; 
567; 0; 0; 0; 692.8; 
567; 0; 0; 0; 693; 
567; 0; 0; 0; 693.2; 
567; 0; 0; 0; 693.4; 
567; 0; 0; 0; 693.6; 
567; 0; 0; 0; 693.8; 
567; 0; 0; 0; 694; 
567; 0; 0; 0; 694.2; 
567; 0; 0; 0; 694.4; 
567; 0; 0; 0; 694.6; 
567; 0; 0; 0; 694.8; 
567; 0; 0; 0; 695; 
567; 0; 0; 0; 695.2; 
567; 0; 0; 0; 695.4; 
567; 0; 0; 0; 695.6; 
567; 0; 0; 0; 695.8; 
567; 0; 0; 0; 696; 
567; 0; 0; 0; 696.2; 
567; 0; 0; 0; 696.4; 
567; 0; 0; 0; 696.6; 
567; 0; 0; 0; 696.8; 
567; 0; 0; 0; 697; 
567; 0; 0; 0; 697.2; 
567; 0; 0; 0; 697.4; 
567; 0; 0; 0; 697.6; 
567; 0; 0; 0; 697.8; 
567; 0; 0; 0; 698; 
567; 0; 0; 0; 698.2; 
567; 0; 0; 0; 698.4; 
567; 0; 0; 0; 698.6; 
567; 0; 0; 0; 698.8; 
567; 0; 0; 0; 699; 
567; 0; 0; 0; 699.2; 
567; 0; 0; 0; 699.4; 
567; 0; 0; 0; 699.6; 
567; 0; 0; 0; 699.8; 
567; 0; 0; 0; 700; 
567; 0; 0; 0; 700.2; 
567; 0; 0; 0; 700.4; 
567; 0; 0; 0; 700.6; 
567; 0; 0; 0; 700.8; 
567; 0; 0; 0; 701; 
567; 0; 0; 0; 701.2; 
567; 0; 0; 0; 701.4; 
567; 0; 0; 0; 701.6; 
567; 0; 0; 0; 701.8; 
567; 0; 0; 0; 702; 
567; 0; 0; 0; 702.2; 
567; 0; 0; 0; 702.4; 
567; 0; 0; 0; 702.6; 
567; 0; 0; 0; 702.8; 
567; 0; 0; 0; 703; 
567; 0; 0; 0; 703.2; 
567; 0; 0; 0; 703.4; 
567; 0; 0; 0; 703.6; 
567; 0; 0; 0; 703.8; 
567; 0; 0; 0; 704; 
567; 0; 0; 0; 704.2; 
567; 0; 0; 0; 704.4; 
567; 0; 0; 0; 704.6; 
567; 0; 0; 0; 704.8; 
567; 0; 0; 0; 705; 
567; 0; 0; 0; 705.2; 
567; 0; 0; 0; 705.4; 
567; 0; 0; 0; 705.6; 
567; 0; 0; 0; 705.8; 
567; 0; 0; 0; 706; 
567; 0; 0; 0; 706.2; 
567; 0; 0; 0; 706.4; 
567; 0; 0; 0; 706.6; 
567; 0; 0; 0; 706.8; 
567; 0; 0; 0; 707; 
567; 0; 0; 0; 707.2; 
567; 0; 0; 0; 707.4; 
567; 0; 0; 0; 707.6; 
567; 0; 0; 0; 707.8; 
567; 0; 0; 0; 708; 
567; 0; 0; 0; 708.2; 
567; 0; 0; 0; 708.4; 
567; 0; 0; 0; 708.6; 
567; 0; 0; 0; 708.8; 
567; 0; 0; 0; 709; 
567; 0; 0; 0; 709.2; 
567; 0; 0; 0; 709.4; 
567; 0; 0; 0; 709.6; 
567; 0; 0; 0; 709.8; 
567; 0; 0; 0; 710; 
567; 0; 0; 0; 710.2; 
567; 0; 0; 0; 710.4; 
567; 0; 0; 0; 710.6; 
567; 0; 0; 0; 710.8; 
567; 0; 0; 0; 711; 
567; 0; 0; 0; 711.2; 
567; 0; 0; 0; 711.4; 
567; 0; 0; 0; 711.6; 
567; 0; 0; 0; 711.8; 
567; 0; 0; 0; 712; 
567; 0; 0; 0; 712.2; 
567; 0; 0; 0; 712.4; 
567; 0; 0; 0; 712.6; 
567; 0; 0; 0; 712.8; 
567; 0; 0; 0; 713; 
567; 0; 0; 0; 713.2; 
567; 0; 0; 0; 713.4; 
567; 0; 0; 0; 713.6; 
567; 0; 0; 0; 713.8; 
567; 0; 0; 0; 714; 
567; 0; 0; 0; 714.2; 
567; 0; 0; 0; 714.4; 
567; 0; 0; 0; 714.6; 
567; 0; 0; 0; 714.8; 
567; 0; 0; 0; 715; 
567; 0; 0; 0; 715.2; 
567; 0; 0; 0; 715.4; 
567; 0; 0; 0; 715.6; 
567; 0; 0; 0; 715.8; 
567; 0; 0; 0; 716; 
567; 0; 0; 0; 716.2; 
567; 0; 0; 0; 716.4; 
567; 0; 0; 0; 716.6; 
567; 0; 0; 0; 716.8; 
567; 0; 0; 0; 717; 
567; 0; 0; 0; 717.2; 
567; 0; 0; 0; 717.4; 
567; 0; 0; 0; 717.6; 
567; 0; 0; 0; 717.8; 
567; 0; 0; 0; 718; 
567; 0; 0; 0; 718.2; 
567; 0; 0; 0; 718.4; 
567; 0; 0; 0; 718.6; 
567; 0; 0; 0; 718.8; 
567; 0; 0; 0; 719; 
567; 0; 0; 0; 719.2; 
567; 0; 0; 0; 719.4; 
567; 0; 0; 0; 719.6; 
567; 0; 0; 0; 719.8; 
567; 0; 0; 0; 720; 
567; 0; 0; 0; 720.2; 
567; 0; 0; 0; 720.4; 
567; 0; 0; 0; 720.6; 
567; 0; 0; 0; 720.8; 
567; 0; 0; 0; 721; 
567; 0; 0; 0; 721.2; 
567; 0; 0; 0; 721.4; 
567; 0; 0; 0; 721.6; 
567; 0; 0; 0; 721.8; 
567; 0; 0; 0; 722; 
567; 0; 0; 0; 722.2; 
567; 0; 0; 0; 722.4; 
567; 0; 0; 0; 722.6; 
567; 0; 0; 0; 722.8; 
567; 0; 0; 0; 723; 
567; 0; 0; 0; 723.2; 
567; 0; 0; 0; 723.4; 
567; 0; 0; 0; 723.6; 
567; 0; 0; 0; 723.8; 
567; 0; 0; 0; 724; 
567; 0; 0; 0; 724.2; 
567; 0; 0; 0; 724.4; 
567; 0; 0; 0; 724.6; 
567; 0; 0; 0; 724.8; 
567; 0; 0; 0; 725; 
567; 0; 0; 0; 725.2; 
567; 0; 0; 0; 725.4; 
567; 0; 0; 0; 725.6; 
567; 0; 0; 0; 725.8; 
567; 0; 0; 0; 726; 
567; 0; 0; 0; 726.2; 
567; 0; 0; 0; 726.4; 
567; 0; 0; 0; 726.6; 
567; 0; 0; 0; 726.8; 
567; 0; 0; 0; 727; 
567; 0; 0; 0; 727.2; 
567; 0; 0; 0; 727.4; 
567; 0; 0; 0; 727.6; 
567; 0; 0; 0; 727.8; 
567; 0; 0; 0; 728; 
567; 0; 0; 0; 728.2; 
567; 0; 0; 0; 728.4; 
567; 0; 0; 0; 728.6; 
567; 0; 0; 0; 728.8; 
567; 0; 0; 0; 729; 
567; 0; 0; 0; 729.2; 
567; 0; 0; 0; 729.4; 
567; 0; 0; 0; 729.6; 
567; 0; 0; 0; 729.8; 
567; 0; 0; 0; 730; 
567; 0; 0; 0; 730.2; 
567; 0; 0; 0; 730.4; 
567; 0; 0; 0; 730.6; 
567; 0; 0; 0; 730.8; 
567; 0; 0; 0; 731; 
567; 0; 0; 0; 731.2; 
567; 0; 0; 0; 731.4; 
567; 0; 0; 0; 731.6; 
567; 0; 0; 0; 731.8; 
567; 0; 0; 0; 732; 
567; 0; 0; 0; 732.2; 
567; 0; 0; 0; 732.4; 
567; 0; 0; 0; 732.6; 
567; 0; 0; 0; 732.8; 
567; 0; 0; 0; 733; 
567; 0; 0; 0; 733.2; 
567; 0; 0; 0; 733.4; 
567; 0; 0; 0; 733.6; 
567; 0; 0; 0; 733.8; 
567; 0; 0; 0; 734; 
567; 0; 0; 0; 734.2; 
567; 0; 0; 0; 734.4; 
567; 0; 0; 0; 734.6; 
567; 0; 0; 0; 734.8; 
567; 0; 0; 0; 735; 
567; 0; 0; 0; 735.2; 
567; 0; 0; 0; 735.4; 
567; 0; 0; 0; 735.6; 
567; 0; 0; 0; 735.8; 
567; 0; 0; 0; 736; 
567; 0; 0; 0; 736.2; 
567; 0; 0; 0; 736.4; 
567; 0; 0; 0; 736.6; 
567; 0; 0; 0; 736.8; 
567; 0; 0; 0; 737; 
567; 0; 0; 0; 737.2; 
567; 0; 0; 0; 737.4; 
567; 0; 0; 0; 737.6; 
567; 0; 0; 0; 737.8; 
567; 0; 0; 0; 738; 
567; 0; 0; 0; 738.2; 
567; 0; 0; 0; 738.4; 
567; 0; 0; 0; 738.6; 
567; 0; 0; 0; 738.8; 
567; 0; 0; 0; 739; 
567; 0; 0; 0; 739.2; 
567; 0; 0; 0; 739.4; 
567; 0; 0; 0; 739.6; 
567; 0; 0; 0; 739.8; 
567; 0; 0; 0; 740; 
567; 0; 0; 0; 740.2; 
567; 0; 0; 0; 740.4; 
567; 0; 0; 0; 740.6; 
567; 0; 0; 0; 740.8; 
567; 0; 0; 0; 741; 
567; 0; 0; 0; 741.2; 
567; 0; 0; 0; 741.4; 
567; 0; 0; 0; 741.6; 
567; 0; 0; 0; 741.8; 
567; 0; 0; 0; 742; 
567; 0; 0; 0; 742.2; 
567; 0; 0; 0; 742.4; 
567; 0; 0; 0; 742.6; 
567; 0; 0; 0; 742.8; 
567; 0; 0; 0; 743; 
567; 0; 0; 0; 743.2; 
567; 0; 0; 0; 743.4; 
567; 0; 0; 0; 743.6; 
567; 0; 0; 0; 743.8; 
567; 0; 0; 0; 744; 
567; 0; 0; 0; 744.2; 
567; 0; 0; 0; 744.4; 
567; 0; 0; 0; 744.6; 
567; 0; 0; 0; 744.8; 
567; 0; 0; 0; 745; 
567; 0; 0; 0; 745.2; 
567; 0; 0; 0; 745.4; 
567; 0; 0; 0; 745.6; 
567; 0; 0; 0; 745.8; 
567; 0; 0; 0; 746; 
567; 0; 0; 0; 746.2; 
567; 0; 0; 0; 746.4; 
567; 0; 0; 0; 746.6; 
567; 0; 0; 0; 746.8; 
567; 0; 0; 0; 747; 
567; 0; 0; 0; 747.2; 
567; 0; 0; 0; 747.4; 
567; 0; 0; 0; 747.6; 
567; 0; 0; 0; 747.8; 
567; 0; 0; 0; 748; 
567; 0; 0; 0; 748.2; 
567; 0; 0; 0; 748.4; 
567; 0; 0; 0; 748.6; 
567; 0; 0; 0; 748.8; 
567; 0; 0; 0; 749; 
567; 0; 0; 0; 749.2; 
567; 0; 0; 0; 749.4; 
567; 0; 0; 0; 749.6; 
567; 0; 0; 0; 749.8; 
567; 0; 0; 0; 750; 
567; 0; 0; 0; 750.2; 
567; 0; 0; 0; 750.4; 
567; 0; 0; 0; 750.6; 
567; 0; 0; 0; 750.8; 
567; 0; 0; 0; 751; 
567; 0; 0; 0; 751.2; 
567; 0; 0; 0; 751.4; 
567; 0; 0; 0; 751.6; 
567; 0; 0; 0; 751.8; 
567; 0; 0; 0; 752; 
567; 0; 0; 0; 752.2; 
567; 0; 0; 0; 752.4; 
567; 0; 0; 0; 752.6; 
567; 0; 0; 0; 752.8; 
567; 0; 0; 0; 753; 
567; 0; 0; 0; 753.2; 
567; 0; 0; 0; 753.4; 
567; 0; 0; 0; 753.6; 
567; 0; 0; 0; 753.8; 
567; 0; 0; 0; 754; 
567; 0; 0; 0; 754.2; 
567; 0; 0; 0; 754.4; 
567; 0; 0; 0; 754.6; 
567; 0; 0; 0; 754.8; 
567; 0; 0; 0; 755; 
567; 0; 0; 0; 755.2; 
567; 0; 0; 0; 755.4; 
567; 0; 0; 0; 755.6; 
567; 0; 0; 0; 755.8; 
567; 0; 0; 0; 756; 
567; 0; 0; 0; 756.2; 
567; 0; 0; 0; 756.4; 
567; 0; 0; 0; 756.6; 
567; 0; 0; 0; 756.8; 
567; 0; 0; 0; 757; 
567; 0; 0; 0; 757.2; 
567; 0; 0; 0; 757.4; 
567; 0; 0; 0; 757.6; 
567; 0; 0; 0; 757.8; 
567; 0; 0; 0; 758; 
567; 0; 0; 0; 758.2; 
567; 0; 0; 0; 758.4; 
567; 0; 0; 0; 758.6; 
567; 0; 0; 0; 758.8; 
567; 0; 0; 0; 759; 
567; 0; 0; 0; 759.2; 
567; 0; 0; 0; 759.4; 
567; 0; 0; 0; 759.6; 
567; 0; 0; 0; 759.8; 
567; 0; 0; 0; 760; 
567; 0; 0; 0; 760.2; 
567; 0; 0; 0; 760.4; 
567; 0; 0; 0; 760.6; 
567; 0; 0; 0; 760.8; 
567; 0; 0; 0; 761; 
567; 0; 0; 0; 761.2; 
567; 0; 0; 0; 761.4; 
567; 0; 0; 0; 761.6; 
567; 0; 0; 0; 761.8; 
567; 0; 0; 0; 762; 
567; 0; 0; 0; 762.2; 
567; 0; 0; 0; 762.4; 
567; 0; 0; 0; 762.6; 
567; 0; 0; 0; 762.8; 
567; 0; 0; 0; 763; 
567; 0; 0; 0; 763.2; 
567; 0; 0; 0; 763.4; 
567; 0; 0; 0; 763.6; 
567; 0; 0; 0; 763.8; 
567; 0; 0; 0; 764; 
567; 0; 0; 0; 764.2; 
567; 0; 0; 0; 764.4; 
567; 0; 0; 0; 764.6; 
567; 0; 0; 0; 764.8; 
567; 0; 0; 0; 765; 
567; 0; 0; 0; 765.2; 
567; 0; 0; 0; 765.4; 
567; 0; 0; 0; 765.6; 
567; 0; 0; 0; 765.8; 
567; 0; 0; 0; 766; 
567; 0; 0; 0; 766.2; 
567; 0; 0; 0; 766.4; 
567; 0; 0; 0; 766.6; 
567; 0; 0; 0; 766.8; 
567; 0; 0; 0; 767; 
567; 0; 0; 0; 767.2; 
567; 0; 0; 0; 767.4; 
567; 0; 0; 0; 767.6; 
567; 0; 0; 0; 767.8; 
567; 0; 0; 0; 768; 
567; 0; 0; 0; 768.2; 
567; 0; 0; 0; 768.4; 
567; 0; 0; 0; 768.6; 
567; 0; 0; 0; 768.8; 
567; 0; 0; 0; 769; 
567; 0; 0; 0; 769.2; 
567; 0; 0; 0; 769.4; 
567; 0; 0; 0; 769.6; 
567; 0; 0; 0; 769.8; 
567; 0; 0; 0; 770; 
567; 0; 0; 0; 770.2; 
567; 0; 0; 0; 770.4; 
567; 0; 0; 0; 770.6; 
567; 0; 0; 0; 770.8; 
567; 0; 0; 0; 771; 
567; 0; 0; 0; 771.2; 
567; 0; 0; 0; 771.4; 
567; 0; 0; 0; 771.6; 
567; 0; 0; 0; 771.8; 
567; 0; 0; 0; 772; 
567; 0; 0; 0; 772.2; 
567; 0; 0; 0; 772.4; 
567; 0; 0; 0; 772.6; 
567; 0; 0; 0; 772.8; 
567; 0; 0; 0; 773; 
567; 0; 0; 0; 773.2; 
567; 0; 0; 0; 773.4; 
567; 0; 0; 0; 773.6; 
567; 0; 0; 0; 773.8; 
567; 0; 0; 0; 774; 
567; 0; 0; 0; 774.2; 
567; 0; 0; 0; 774.4; 
567; 0; 0; 0; 774.6; 
567; 0; 0; 0; 774.8; 
567; 0; 0; 0; 775; 
567; 0; 0; 0; 775.2; 
567; 0; 0; 0; 775.4; 
567; 0; 0; 0; 775.6; 
567; 0; 0; 0; 775.8; 
567; 0; 0; 0; 776; 
567; 0; 0; 0; 776.2; 
567; 0; 0; 0; 776.4; 
567; 0; 0; 0; 776.6; 
567; 0; 0; 0; 776.8; 
567; 0; 0; 0; 777; 
567; 0; 0; 0; 777.2; 
567; 0; 0; 0; 777.4; 
567; 0; 0; 0; 777.6; 
567; 0; 0; 0; 777.8; 
567; 0; 0; 0; 778; 
567; 0; 0; 0; 778.2; 
567; 0; 0; 0; 778.4; 
567; 0; 0; 0; 778.6; 
567; 0; 0; 0; 778.8; 
567; 0; 0; 0; 779; 
567; 0; 0; 0; 779.2; 
567; 0; 0; 0; 779.4; 
567; 0; 0; 0; 779.6; 
567; 0; 0; 0; 779.8; 
567; 0; 0; 0; 780; 
567; 0; 0; 0; 780.2; 
567; 0; 0; 0; 780.4; 
567; 0; 0; 0; 780.6; 
567; 0; 0; 0; 780.8; 
567; 0; 0; 0; 781; 
567; 0; 0; 0; 781.2; 
567; 0; 0; 0; 781.4; 
567; 0; 0; 0; 781.6; 
567; 0; 0; 0; 781.8; 
567; 0; 0; 0; 782; 
567; 0; 0; 0; 782.2; 
567; 0; 0; 0; 782.4; 
567; 0; 0; 0; 782.6; 
567; 0; 0; 0; 782.8; 
567; 0; 0; 0; 783; 
567; 0; 0; 0; 783.2; 
567; 0; 0; 0; 783.4; 
567; 0; 0; 0; 783.6; 
567; 0; 0; 0; 783.8; 
567; 0; 0; 0; 784; 
567; 0; 0; 0; 784.2; 
567; 0; 0; 0; 784.4; 
567; 0; 0; 0; 784.6; 
567; 0; 0; 0; 784.8; 
567; 0; 0; 0; 785; 
567; 0; 0; 0; 785.2; 
567; 0; 0; 0; 785.4; 
567; 0; 0; 0; 785.6; 
567; 0; 0; 0; 785.8; 
567; 0; 0; 0; 786; 
567; 0; 0; 0; 786.2; 
567; 0; 0; 0; 786.4; 
567; 0; 0; 0; 786.6; 
567; 0; 0; 0; 786.8; 
567; 0; 0; 0; 787; 
567; 0; 0; 0; 787.2; 
567; 0; 0; 0; 787.4; 
567; 0; 0; 0; 787.6; 
567; 0; 0; 0; 787.8; 
567; 0; 0; 0; 788; 
567; 0; 0; 0; 788.2; 
567; 0; 0; 0; 788.4; 
567; 0; 0; 0; 788.6; 
567; 0; 0; 0; 788.8; 
567; 0; 0; 0; 789; 
567; 0; 0; 0; 789.2; 
567; 0; 0; 0; 789.4; 
567; 0; 0; 0; 789.6; 
567; 0; 0; 0; 789.8; 
567; 0; 0; 0; 790; 
567; 0; 0; 0; 790.2; 
567; 0; 0; 0; 790.4; 
567; 0; 0; 0; 790.6; 
567; 0; 0; 0; 790.8; 
567; 0; 0; 0; 791; 
567; 0; 0; 0; 791.2; 
567; 0; 0; 0; 791.4; 
567; 0; 0; 0; 791.6; 
567; 0; 0; 0; 791.8; 
567; 0; 0; 0; 792; 
567; 0; 0; 0; 792.2; 
567; 0; 0; 0; 792.4; 
567; 0; 0; 0; 792.6; 
567; 0; 0; 0; 792.8; 
567; 0; 0; 0; 793; 
567; 0; 0; 0; 793.2; 
567; 0; 0; 0; 793.4; 
567; 0; 0; 0; 793.6; 
567; 0; 0; 0; 793.8; 
567; 0; 0; 0; 794; 
567; 0; 0; 0; 794.2; 
567; 0; 0; 0; 794.4; 
567; 0; 0; 0; 794.6; 
567; 0; 0; 0; 794.8; 
567; 0; 0; 0; 795; 
567; 0; 0; 0; 795.2; 
567; 0; 0; 0; 795.4; 
567; 0; 0; 0; 795.6; 
567; 0; 0; 0; 795.8; 
567; 0; 0; 0; 796; 
567; 0; 0; 0; 796.2; 
567; 0; 0; 0; 796.4; 
567; 0; 0; 0; 796.6; 
567; 0; 0; 0; 796.8; 
567; 0; 0; 0; 797; 
567; 0; 0; 0; 797.2; 
567; 0; 0; 0; 797.4; 
567; 0; 0; 0; 797.6; 
567; 0; 0; 0; 797.8; 
567; 0; 0; 0; 798; 
567; 0; 0; 0; 798.2; 
567; 0; 0; 0; 798.4; 
567; 0; 0; 0; 798.6; 
567; 0; 0; 0; 798.8; 
567; 0; 0; 0; 799; 
567; 0; 0; 0; 799.2; 
567; 0; 0; 0; 799.4; 
567; 0; 0; 0; 799.6; 
567; 0; 0; 0; 799.8; 
567; 0; 0; 0; 800; 
567; 0; 0; 0; 800.2; 
567; 0; 0; 0; 800.4; 
567; 0; 0; 0; 800.6; 
567; 0; 0; 0; 800.8; 
567; 0; 0; 0; 801; 
567; 0; 0; 0; 801.2; 
567; 0; 0; 0; 801.4; 
567; 0; 0; 0; 801.6; 
567; 0; 0; 0; 801.8; 
567; 0; 0; 0; 802; 
567; 0; 0; 0; 802.2; 
567; 0; 0; 0; 802.4; 
567; 0; 0; 0; 802.6; 
567; 0; 0; 0; 802.8; 
567; 0; 0; 0; 803; 
567; 0; 0; 0; 803.2; 
567; 0; 0; 0; 803.4; 
567; 0; 0; 0; 803.6; 
567; 0; 0; 0; 803.8; 
567; 0; 0; 0; 804; 
567; 0; 0; 0; 804.2; 
567; 0; 0; 0; 804.4; 
567; 0; 0; 0; 804.6; 
567; 0; 0; 0; 804.8; 
567; 0; 0; 0; 805; 
567; 0; 0; 0; 805.2; 
567; 0; 0; 0; 805.4; 
567; 0; 0; 0; 805.6; 
567; 0; 0; 0; 805.8; 
567; 0; 0; 0; 806; 
567; 0; 0; 0; 806.2; 
567; 0; 0; 0; 806.4; 
567; 0; 0; 0; 806.6; 
567; 0; 0; 0; 806.8; 
567; 0; 0; 0; 807; 
567; 0; 0; 0; 807.2; 
567; 0; 0; 0; 807.4; 
567; 0; 0; 0; 807.6; 
567; 0; 0; 0; 807.8; 
567; 0; 0; 0; 808; 
567; 0; 0; 0; 808.2; 
567; 0; 0; 0; 808.4; 
567; 0; 0; 0; 808.6; 
567; 0; 0; 0; 808.8; 
567; 0; 0; 0; 809; 
567; 0; 0; 0; 809.2; 
567; 0; 0; 0; 809.4; 
567; 0; 0; 0; 809.6; 
567; 0; 0; 0; 809.8; 
567; 0; 0; 0; 810; 
567; 0; 0; 0; 810.2; 
567; 0; 0; 0; 810.4; 
567; 0; 0; 0; 810.6; 
567; 0; 0; 0; 810.8; 
567; 0; 0; 0; 811; 
567; 0; 0; 0; 811.2; 
567; 0; 0; 0; 811.4; 
567; 0; 0; 0; 811.6; 
567; 0; 0; 0; 811.8; 
567; 0; 0; 0; 812; 
567; 0; 0; 0; 812.2; 
567; 0; 0; 0; 812.4; 
567; 0; 0; 0; 812.6; 
567; 0; 0; 0; 812.8; 
567; 0; 0; 0; 813; 
567; 0; 0; 0; 813.2; 
567; 0; 0; 0; 813.4; 
567; 0; 0; 0; 813.6; 
567; 0; 0; 0; 813.8; 
567; 0; 0; 0; 814; 
567; 0; 0; 0; 814.2; 
567; 0; 0; 0; 814.4; 
567; 0; 0; 0; 814.6; 
567; 0; 0; 0; 814.8; 
567; 0; 0; 0; 815; 
567; 0; 0; 0; 815.2; 
567; 0; 0; 0; 815.4; 
567; 0; 0; 0; 815.6; 
567; 0; 0; 0; 815.8; 
567; 0; 0; 0; 816; 
567; 0; 0; 0; 816.2; 
567; 0; 0; 0; 816.4; 
567; 0; 0; 0; 816.6; 
567; 0; 0; 0; 816.8; 
567; 0; 0; 0; 817; 
567; 0; 0; 0; 817.2; 
567; 0; 0; 0; 817.4; 
567; 0; 0; 0; 817.6; 
567; 0; 0; 0; 817.8; 
567; 0; 0; 0; 818; 
567; 0; 0; 0; 818.2; 
567; 0; 0; 0; 818.4; 
567; 0; 0; 0; 818.6; 
567; 0; 0; 0; 818.8; 
567; 0; 0; 0; 819; 
567; 0; 0; 0; 819.2; 
567; 0; 0; 0; 819.4; 
567; 0; 0; 0; 819.6; 
567; 0; 0; 0; 819.8; 
567; 0; 0; 0; 820; 
567; 0; 0; 0; 820.2; 
567; 0; 0; 0; 820.4; 
567; 0; 0; 0; 820.6; 
567; 0; 0; 0; 820.8; 
567; 0; 0; 0; 821; 
567; 0; 0; 0; 821.2; 
567; 0; 0; 0; 821.4; 
567; 0; 0; 0; 821.6; 
567; 0; 0; 0; 821.8; 
567; 0; 0; 0; 822; 
567; 0; 0; 0; 822.2; 
567; 0; 0; 0; 822.4; 
567; 0; 0; 0; 822.6; 
567; 0; 0; 0; 822.8; 
567; 0; 0; 0; 823; 
567; 0; 0; 0; 823.2; 
567; 0; 0; 0; 823.4; 
567; 0; 0; 0; 823.6; 
567; 0; 0; 0; 823.8; 
567; 0; 0; 0; 824; 
567; 0; 0; 0; 824.2; 
