567; 0; 0; 170; 0; 
567; 0; 0; 170; 0.2; 
567; 0; 0; 170; 0.4; 
567; 0; 0; 170; 0.6; 
567; 0; 0; 170; 0.8; 
567; 0; 0; 170; 1; 
567; 0; 0; 170; 1.2; 
567; 0; 0; 170; 1.4; 
567; 0; 0; 170; 1.6; 
567; 0; 0; 170; 1.8; 
567; 0; 0; 170; 2; 
567; 0; 0; 170; 2.2; 
567; 0; 0; 170; 2.4; 
567; 0; 0; 170; 2.6; 
567; 0; 0; 170; 2.8; 
567; 0; 0; 170; 3; 
567; 0; 0; 170; 3.2; 
567; 0; 0; 170; 3.4; 
567; 0; 0; 170; 3.6; 
567; 0; 0; 170; 3.8; 
567; 0; 0; 170; 4; 
567; 0; 0; 170; 4.2; 
567; 0; 0; 170; 4.4; 
567; 0; 0; 170; 4.6; 
567; 0; 0; 170; 4.8; 
567; 0; 0; 170; 5; 
567; 0; 0; 170; 5.2; 
567; 0; 0; 170; 5.4; 
567; 0; 0; 170; 5.6; 
567; 0; 0; 170; 5.8; 
567; 0; 0; 170; 6; 
567; 0; 0; 170; 6.2; 
567; 0; 0; 170; 6.4; 
567; 0; 0; 170; 6.6; 
567; 0; 0; 170; 6.8; 
567; 0; 0; 170; 7; 
567; 0; 0; 170; 7.2; 
567; 0; 0; 170; 7.4; 
567; 0; 0; 170; 7.6; 
567; 0; 0; 170; 7.8; 
567; 0; 0; 170; 8; 
567; 0; 0; 170; 8.2; 
567; 0; 0; 170; 8.4; 
567; 0; 0; 170; 8.6; 
567; 0; 0; 170; 8.8; 
567; 0; 0; 170; 9; 
567; 0; 0; 170; 9.2; 
567; 0; 0; 170; 9.4; 
567; 0; 0; 170; 9.6; 
567; 0; 0; 170; 9.8; 
567; 0; 0; 170; 10; 
567; 0; 0; 170; 10.2; 
567; 0; 0; 170; 10.4; 
567; 0; 0; 170; 10.6; 
567; 0; 0; 170; 10.8; 
567; 0; 0; 170; 11; 
567; 0; 0; 170; 11.2; 
567; 0; 0; 170; 11.4; 
567; 0; 0; 170; 11.6; 
567; 0; 0; 170; 11.8; 
567; 0; 0; 170; 12; 
567; 0; 0; 170; 12.2; 
567; 0; 0; 170; 12.4; 
567; 0; 0; 170; 12.6; 
567; 0; 0; 170; 12.8; 
567; 0; 0; 170; 13; 
567; 0; 0; 170; 13.2; 
567; 0; 0; 170; 13.4; 
567; 0; 0; 170; 13.6; 
567; 0; 0; 170; 13.8; 
567; 0; 0; 170; 14; 
567; 0; 0; 170; 14.2; 
567; 0; 0; 170; 14.4; 
567; 0; 0; 170; 14.6; 
567; 0; 0; 170; 14.8; 
567; 0; 0; 170; 15; 
567; 0; 0; 170; 15.2; 
567; 0; 0; 170; 15.4; 
567; 0; 0; 170; 15.6; 
567; 0; 0; 170; 15.8; 
567; 0; 0; 170; 16; 
567; 0; 0; 170; 16.2; 
567; 0; 0; 170; 16.4; 
567; 0; 0; 170; 16.6; 
567; 0; 0; 170; 16.8; 
567; 0; 0; 170; 17; 
567; 0; 0; 170; 17.2; 
567; 0; 0; 170; 17.4; 
567; 0; 0; 170; 17.6; 
567; 0; 0; 170; 17.8; 
567; 0; 0; 170; 18; 
567; 0; 0; 170; 18.2; 
567; 0; 0; 170; 18.4; 
567; 0; 0; 170; 18.6; 
567; 0; 0; 170; 18.8; 
567; 0; 0; 170; 19; 
567; 0; 0; 170; 19.2; 
567; 0; 0; 170; 19.4; 
567; 0; 0; 170; 19.6; 
567; 0; 0; 170; 19.8; 
567; 0; 0; 170; 20; 
567; 0; 0; 170; 20.2; 
567; 0; 0; 170; 20.4; 
567; 0; 0; 170; 20.6; 
567; 0; 0; 170; 20.8; 
567; 0; 0; 170; 21; 
567; 0; 0; 170; 21.2; 
567; 0; 0; 170; 21.4; 
567; 0; 0; 170; 21.6; 
567; 0; 0; 170; 21.8; 
567; 0; 0; 170; 22; 
567; 0; 0; 170; 22.2; 
567; 0; 0; 170; 22.4; 
567; 0; 0; 170; 22.6; 
567; 0; 0; 170; 22.8; 
567; 0; 0; 170; 23; 
567; 0; 0; 170; 23.2; 
567; 0; 0; 170; 23.4; 
567; 0; 0; 170; 23.6; 
567; 0; 2457.8143; 170; 23.8; 
567; 0; 2457.8143; 170; 24; 
567; 0; 2457.8143; 170; 24.2; 
567; 0; 2457.8143; 170; 24.4; 
567; 0; 2457.8143; 170; 24.6; 
567; 0; 2457.8143; 170; 24.8; 
567; 0; 2457.8143; 170; 25; 
567; 0; 2457.8143; 170; 25.2; 
567; 0; 2457.8143; 170; 25.4; 
567; 0; 2457.8143; 170; 25.6; 
567; 0; 2457.8143; 170; 25.8; 
567; 0; 2457.8143; 170; 26; 
567; 0; 2457.8143; 170; 26.2; 
567; 0; 2457.8143; 170; 26.4; 
567; 0; 2457.8143; 170; 26.6; 
567; 0; 2457.8143; 170; 26.8; 
567; 0; 2457.8143; 170; 27; 
567; 0; 2457.8143; 170; 27.2; 
567; 0; 2457.8143; 170; 27.4; 
567; 0; 2457.8143; 170; 27.6; 
567; 0; 2457.8143; 170; 27.8; 
567; 0; 2457.8143; 170; 28; 
567; 0; 2457.8143; 170; 28.2; 
567; 0; 2457.8143; 170; 28.4; 
567; 0; 2457.8143; 170; 28.6; 
567; 0; 2457.8143; 170; 28.8; 
567; 0; 2457.8143; 170; 29; 
567; 0; 2457.8143; 170; 29.2; 
567; 0; 2457.8143; 170; 29.4; 
567; 0; 2457.8143; 170; 29.6; 
567; 0; 2457.8143; 170; 29.8; 
567; 0; 2457.8143; 170; 30; 
567; 0; 2457.8143; 170; 30.2; 
567; 0; 2457.8143; 170; 30.4; 
567; 0; 2457.8143; 170; 30.6; 
567; 0; 2457.8143; 170; 30.8; 
567; 0; 2457.8143; 170; 31; 
567; 0; 2457.8143; 170; 31.2; 
567; 0; 2457.8143; 170; 31.4; 
567; 0; 2457.8143; 170; 31.6; 
567; 0; 2457.8143; 170; 31.8; 
567; 0; 2457.8143; 170; 32; 
567; 0; 2457.8143; 170; 32.2; 
567; 0; 2457.8143; 170; 32.4; 
567; 0; 2457.8143; 170; 32.6; 
567; 0; 2457.8143; 170; 32.8; 
567; 0; 2457.8143; 170; 33; 
567; 0; 2457.8143; 170; 33.2; 
567; 0; 2457.8143; 170; 33.4; 
567; 0; 2457.8143; 170; 33.6; 
567; 0; 2457.8143; 170; 33.8; 
567; 0; 2457.8143; 170; 34; 
567; 0; 2457.8143; 170; 34.2; 
567; 0; 2457.8143; 170; 34.4; 
567; 0; 2457.8143; 170; 34.6; 
567; 0; 2457.8143; 170; 34.8; 
567; 0; 2457.8143; 170; 35; 
567; 0; 2457.8143; 170; 35.2; 
567; 0; 2457.8143; 170; 35.4; 
567; 0; 2457.8143; 170; 35.6; 
567; 0; 2457.8143; 170; 35.8; 
567; 0; 2457.8143; 170; 36; 
567; 0; 2457.8143; 170; 36.2; 
567; 0; 2457.8143; 170; 36.4; 
567; 0; 2457.8143; 170; 36.6; 
567; 0; 2457.8143; 170; 36.8; 
567; 0; 2457.8143; 170; 37; 
567; 0; 2457.8143; 170; 37.2; 
567; 0; 2457.8143; 170; 37.4; 
567; 0; 2457.8143; 170; 37.6; 
567; 0; 2457.8143; 170; 37.8; 
567; 0; 2457.8143; 170; 38; 
567; 0; 2457.8143; 170; 38.2; 
567; 0; 2457.8143; 170; 38.4; 
567; 0; 2457.8143; 170; 38.6; 
567; 0; 2457.8143; 170; 38.8; 
567; 0; 2476.1627; 170; 39; 
567; 0; 2512.8449; 170; 39.2; 
567; 0; 2566.1867; 170; 39.4; 
567; 0; 2741.4056; 170; 39.6; 
567; 0; 2988.35; 170; 39.8; 
567; 0; 3028.6284; 170; 40; 
567; 0; 3055.4949; 170; 40.2; 
567; 0; 3096.3056; 170; 40.4; 
567; 0; 3122.3905; 170; 40.6; 
567; 0; 3144.6348; 170; 40.8; 
567; 0; 3156.7647; 170; 41; 
567; 0; 3168.6908; 170; 41.2; 
567; 0; 3170.6133; 170; 41.4; 
567; 0; 3172.5033; 170; 41.6; 
567; 0; 3164.5767; 170; 41.8; 
567; 0; 3166.4237; 170; 42; 
567; 0; 3168.2397; 170; 42.2; 
567; 0; 3170.0217; 170; 42.4; 
567; 0; 3171.7662; 170; 42.6; 
567; 0; 3173.4699; 170; 42.8; 
567; 0; 3175.1297; 170; 43; 
567; 0; 3176.7426; 170; 43.2; 
567; 0; 3178.3077; 170; 43.4; 
567; 0; 3179.8296; 170; 43.6; 
567; 0; 3181.3128; 170; 43.8; 
567; 0; 3182.7604; 170; 44; 
567; 0; 3184.1745; 170; 44.2; 
567; 0; 3185.5563; 170; 44.4; 
567; 0; 3186.9063; 170; 44.6; 
567; 0; 3188.2248; 170; 44.8; 
567; 0; 3189.5115; 170; 45; 
567; 0; 3190.7662; 170; 45.2; 
567; 0; 3191.9885; 170; 45.4; 
567; 0; 3193.178; 170; 45.6; 
567; 0; 3194.3341; 170; 45.8; 
567; 0; 3195.4564; 170; 46; 
567; 0; 3196.5445; 170; 46.2; 
567; 0; 3197.5979; 170; 46.4; 
567; 0; 3198.6159; 170; 46.6; 
567; 0; 3199.5983; 170; 46.8; 
567; 0; 3200.5445; 170; 47; 
567; 0; 3201.4541; 170; 47.2; 
567; 0; 3211.759; 170; 47.4; 
567; 0; 3212.5862; 170; 47.6; 
567; 0; 3213.3757; 170; 47.8; 
567; 0; 3214.127; 170; 48; 
567; 0; 3214.8396; 170; 48.2; 
567; 0; 3215.5132; 170; 48.4; 
567; 0; 3225.4686; 170; 48.6; 
567; 0; 3226.0571; 170; 48.8; 
567; 0; 3226.6055; 170; 49; 
567; 0; 3227.1133; 170; 49.2; 
567; 0; 3227.5802; 170; 49.4; 
567; 0; 3228.0057; 170; 49.6; 
567; 0; 3237.618; 170; 49.8; 
567; 0; 3237.9561; 170; 50; 
567; 0; 3238.252; 170; 50.2; 
567; 0; 3238.5051; 170; 50.4; 
567; 0; 3247.8739; 170; 50.6; 
567; 0; 3248.0389; 170; 50.8; 
567; 0; 3248.1605; 170; 51; 
567; 0; 3248.2382; 170; 51.2; 
567; 0; 3257.3733; 170; 51.4; 
567; 0; 3257.3626; 170; 51.6; 
567; 0; 3257.3074; 170; 51.8; 
567; 0; 3266.2625; 170; 52; 
567; 0; 3266.1205; 170; 52.2; 
567; 0; 3265.9462; 170; 52.4; 
567; 0; 3265.7518; 170; 52.6; 
567; 0; 3270.6915; 170; 52.8; 
567; 0; 3270.4905; 170; 53; 
567; 0; 3270.2983; 170; 53.2; 
567; 0; 3270.1214; 170; 53.4; 
567; 0; 3275.0639; 170; 53.6; 
567; 0; 3274.9335; 170; 53.8; 
567; 0; 3274.8305; 170; 54; 
567; 0; 3274.756; 170; 54.2; 
567; 0; 3279.7657; 170; 54.4; 
567; 0; 3279.7465; 170; 54.6; 
567; 0; 3279.7521; 170; 54.8; 
567; 0; 3279.7797; 170; 55; 
567; 0; 3284.8409; 170; 55.2; 
567; 0; 3284.9025; 170; 55.4; 
567; 0; 3284.9758; 170; 55.6; 
567; 0; 3285.0571; 170; 55.8; 
567; 0; 3285.1426; 170; 56; 
567; 0; 3290.2043; 170; 56.2; 
567; 0; 3290.2886; 170; 56.4; 
567; 0; 3290.3687; 170; 56.6; 
567; 0; 3290.4427; 170; 56.8; 
567; 0; 3295.4487; 170; 57; 
567; 0; 3295.5064; 170; 57.2; 
567; 0; 3295.5553; 170; 57.4; 
567; 0; 3295.5958; 170; 57.6; 
567; 0; 3300.5368; 170; 57.8; 
567; 0; 3300.5616; 170; 58; 
567; 0; 3300.5801; 170; 58.2; 
567; 0; 3300.5934; 170; 58.4; 
567; 0; 3300.6028; 170; 58.6; 
567; 0; 3305.492; 170; 58.8; 
567; 0; 3305.4973; 170; 59; 
567; 0; 3305.5021; 170; 59.2; 
567; 0; 3305.5074; 170; 59.4; 
567; 0; 3310.3744; 170; 59.6; 
567; 0; 3310.3825; 170; 59.8; 
567; 0; 3310.3927; 170; 60; 
567; 0; 3310.4051; 170; 60.2; 
567; 0; 3315.2623; 170; 60.4; 
567; 0; 3315.2786; 170; 60.6; 
567; 0; 3315.2966; 170; 60.8; 
567; 0; 3315.3157; 170; 61; 
567; 0; 3315.3357; 170; 61.2; 
567; 0; 3317.0495; 170; 61.4; 
567; 0; 3317.07; 170; 61.6; 
567; 0; 3317.0902; 170; 61.8; 
567; 0; 3317.1098; 170; 62; 
567; 0; 3318.7852; 170; 62.2; 
567; 0; 3318.803; 170; 62.4; 
567; 0; 3318.8198; 170; 62.6; 
567; 0; 3318.8356; 170; 62.8; 
567; 0; 3318.8502; 170; 63; 
567; 0; 3320.487; 170; 63.2; 
567; 0; 3320.4996; 170; 63.4; 
567; 0; 3320.5115; 170; 63.6; 
567; 0; 3320.5227; 170; 63.8; 
567; 0; 3320.5337; 170; 64; 
567; 0; 3322.1377; 170; 64.2; 
567; 0; 3322.1482; 170; 64.4; 
567; 0; 3322.1586; 170; 64.6; 
567; 0; 3322.1687; 170; 64.8; 
567; 0; 3322.1814; 170; 65; 
567; 0; 3323.7721; 170; 65.2; 
567; 0; 3323.8149; 170; 65.4; 
567; 0; 3323.8829; 170; 65.6; 
567; 0; 3323.9816; 170; 65.8; 
567; 0; 3324.1157; 170; 66; 
567; 0; 3325.8306; 170; 66.2; 
567; 0; 3326.0466; 170; 66.4; 
567; 0; 3326.3069; 170; 66.6; 
567; 0; 3326.6041; 170; 66.8; 
567; 0; 3326.9264; 170; 67; 
567; 0; 3327.2616; 170; 67.2; 
567; 0; 3329.1079; 170; 67.4; 
567; 0; 3329.4337; 170; 67.6; 
567; 0; 3329.7431; 170; 67.8; 
567; 0; 3330.0311; 170; 68; 
567; 0; 3330.2951; 170; 68.2; 
567; 0; 3330.5353; 170; 68.4; 
567; 0; 3332.2351; 170; 68.6; 
567; 0; 3332.4317; 170; 68.8; 
567; 0; 3332.6121; 170; 69; 
567; 0; 3332.7796; 170; 69.2; 
567; 0; 3332.9373; 170; 69.4; 
567; 0; 3334.5511; 170; 69.6; 
567; 0; 3334.6948; 170; 69.8; 
567; 0; 3334.8343; 170; 70; 
567; 0; 3306.6839; 170; 70.2; 
567; 0; 3268.1518; 170; 70.4; 
567; 0; 3229.6086; 170; 70.6; 
567; 0; 3192.741; 170; 70.8; 
567; 0; 3153.507; 170; 71; 
567; 0; 3114.2615; 170; 71.2; 
567; 0; 3075.7254; 170; 71.4; 
567; 0; 3040.1743; 170; 71.6; 
567; 0; 3005.4234; 170; 71.8; 
567; 0; 2972.2861; 170; 72; 
567; 0; 2938.4687; 170; 72.2; 
567; 0; 2904.6445; 170; 72.4; 
567; 0; 2872.4268; 170; 72.6; 
567; 0; 2840.2039; 170; 72.8; 
567; 0; 2808.7827; 170; 73; 
567; 0; 2774.9807; 170; 73.2; 
567; 0; 2740.7639; 170; 73.4; 
567; 0; 2707.4685; 170; 73.6; 
567; 0; 2675.0949; 170; 73.8; 
567; 0; 2648.5776; 170; 74; 
567; 0; 2622.3895; 170; 74.2; 
567; 0; 2597.7872; 170; 74.4; 
567; 0; 2573.1825; 170; 74.6; 
567; 0; 2550.164; 170; 74.8; 
567; 0; 2531.3131; 170; 75; 
567; 0; 2510.2138; 170; 75.2; 
567; 0; 2489.113; 170; 75.4; 
567; 0; 2469.5745; 170; 75.6; 
567; 0; 2450.0349; 170; 75.8; 
567; 0; 2427.5397; 170; 76; 
567; 0; 2405.4172; 170; 76.2; 
567; 0; 2384.2558; 170; 76.4; 
567; 0; 2364.0556; 170; 76.6; 
567; 0; 2344.8167; 170; 76.8; 
567; 0; 2325.5769; 170; 77; 
567; 0; 2310.0505; 170; 77.2; 
567; 0; 2294.9331; 170; 77.4; 
567; 0; 2281.4961; 170; 77.6; 
567; 0; 2268.0591; 170; 77.8; 
567; 0; 2254.6219; 170; 78; 
567; 0; 2248.9742; 170; 78.2; 
567; 0; 2237.4005; 170; 78.4; 
567; 0; 2225.8261; 170; 78.6; 
567; 0; 2215.078; 170; 78.8; 
567; 0; 2204.329; 170; 79; 
567; 0; 2194.4064; 170; 79.2; 
567; 0; 2184.4832; 170; 79.4; 
567; 0; 2175.3867; 170; 79.6; 
567; 0; 2166.2898; 170; 79.8; 
567; 0; 2157.1928; 170; 80; 
567; 0; 2148.9227; 170; 80.2; 
567; 0; 2141.4797; 170; 80.4; 
567; 0; 2134.0366; 170; 80.6; 
567; 0; 2125.9331; 170; 80.8; 
567; 0; 2118.2468; 170; 81; 
567; 0; 2111.5214; 170; 81.2; 
567; 0; 2103.8351; 170; 81.4; 
567; 0; 2097.1096; 170; 81.6; 
567; 0; 2090.3839; 170; 81.8; 
567; 0; 2084.6191; 170; 82; 
567; 0; 2078.854; 170; 82.2; 
567; 0; 2074.0498; 170; 82.4; 
567; 0; 2068.2846; 170; 82.6; 
567; 0; 2063.4802; 170; 82.8; 
567; 0; 2058.6757; 170; 83; 
567; 0; 2054.8321; 170; 83.2; 
567; 0; 2050.9884; 170; 83.4; 
567; 0; 2047.1447; 170; 83.6; 
567; 0; 2043.301; 170; 83.8; 
567; 0; 2039.4572; 170; 84; 
567; 0; 2036.5743; 170; 84.2; 
567; 0; 2033.6914; 170; 84.4; 
567; 0; 2030.8085; 170; 84.6; 
567; 0; 2027.9256; 170; 84.8; 
567; 0; 2025.0428; 170; 85; 
567; 0; 2023.1208; 170; 85.2; 
567; 0; 2021.1988; 170; 85.4; 
567; 0; 2019.2768; 170; 85.6; 
567; 0; 2017.3547; 170; 85.8; 
567; 0; 2015.5003; 170; 86; 
567; 0; 2013.717; 170; 86.2; 
567; 0; 2012.8251; 170; 86.4; 
567; 0; 2011.0417; 170; 86.6; 
567; 0; 2010.1499; 170; 86.8; 
567; 0; 2009.258; 170; 87; 
567; 0; 2008.3662; 170; 87.2; 
567; 0; 2007.4743; 170; 87.4; 
567; 0; 2006.5825; 170; 87.6; 
567; 0; 2006.5821; 170; 87.8; 
567; 0; 2005.6902; 170; 88; 
567; 0; 2004.7983; 170; 88.2; 
567; 0; 2004.7979; 170; 88.4; 
567; 0; 2004.7976; 170; 88.6; 
567; 0; 2003.9057; 170; 88.8; 
567; 0; 2003.9052; 170; 89; 
567; 0; 2003.9049; 170; 89.2; 
567; 0; 2003.9046; 170; 89.4; 
567; 0; 2003.9043; 170; 89.6; 
567; 0; 2003.904; 170; 89.8; 
567; 0; 2003.9037; 170; 90; 
567; 0; 2003.9034; 170; 90.2; 
567; 0; 2003.903; 170; 90.4; 
567; 0; 2003.9027; 170; 90.6; 
567; 0; 2003.9023; 170; 90.8; 
567; 0; 2004.7934; 170; 91; 
567; 0; 1995.1392; 170; 91.2; 
567; 0; 1995.1388; 170; 91.4; 
567; 0; 1996.041; 170; 91.6; 
567; 0; 1996.0406; 170; 91.8; 
567; 0; 1996.9428; 170; 92; 
567; 0; 1996.9425; 170; 92.2; 
567; 0; 1997.8448; 170; 92.4; 
567; 0; 1998.7471; 170; 92.6; 
567; 0; 1999.6493; 170; 92.8; 
567; 0; 1999.6489; 170; 93; 
567; 0; 2000.5511; 170; 93.2; 
567; 0; 2001.4534; 170; 93.4; 
567; 0; 2002.3556; 170; 93.6; 
567; 0; 2003.2578; 170; 93.8; 
567; 0; 2004.1599; 170; 94; 
567; 0; 2005.0621; 170; 94.2; 
567; 0; 2005.9643; 170; 94.4; 
567; 0; 2006.8665; 170; 94.6; 
567; 0; 2007.7687; 170; 94.8; 
567; 0; 2008.671; 170; 95; 
567; 0; 2009.5732; 170; 95.2; 
567; 0; 2010.4756; 170; 95.4; 
567; 0; 2012.2825; 170; 95.6; 
567; 0; 2015.8998; 170; 95.8; 
567; 0; 2020.7433; 170; 96; 
567; 0; 2027.5806; 170; 96.2; 
567; 0; 2037.3512; 170; 96.4; 
567; 0; 2048.1123; 170; 96.6; 
567; 0; 2061.8129; 170; 96.8; 
567; 0; 2077.4835; 170; 97; 
567; 0; 2094.1538; 170; 97.2; 
567; 0; 2110.8505; 170; 97.4; 
567; 0; 2126.6219; 170; 97.6; 
567; 0; 2139.3613; 170; 97.8; 
567; 0; 2152.1115; 170; 98; 
567; 0; 2164.0278; 170; 98.2; 
567; 0; 2174.2649; 170; 98.4; 
567; 0; 2184.505; 170; 98.6; 
567; 0; 2193.9048; 170; 98.8; 
567; 0; 2202.4636; 170; 99; 
567; 0; 2211.0249; 170; 99.2; 
567; 0; 2219.5896; 170; 99.4; 
567; 0; 2220.3013; 170; 99.6; 
567; 0; 2229.017; 170; 99.8; 
567; 0; 2236.8819; 170; 100; 
567; 0; 2245.6118; 170; 100.2; 
567; 0; 2253.4913; 170; 100.4; 
567; 0; 2261.378; 170; 100.6; 
567; 0; 2269.2718; 170; 100.8; 
567; 0; 2277.1721; 170; 101; 
567; 0; 2284.2192; 170; 101.2; 
567; 0; 2291.2713; 170; 101.4; 
567; 0; 2297.4682; 170; 101.6; 
567; 0; 2303.6686; 170; 101.8; 
567; 0; 2309.8724; 170; 102; 
567; 0; 2315.2191; 170; 102.2; 
567; 0; 2320.5686; 170; 102.4; 
567; 0; 2326.4397; 170; 102.6; 
567; 0; 2332.574; 170; 102.8; 
567; 0; 2337.7255; 170; 103; 
567; 0; 2342.8802; 170; 103.2; 
567; 0; 2348.0385; 170; 103.4; 
567; 0; 2352.2128; 170; 103.6; 
567; 0; 2356.3902; 170; 103.8; 
567; 0; 2361.559; 170; 104; 
567; 0; 2365.7429; 170; 104.2; 
567; 0; 2368.941; 170; 104.4; 
567; 0; 2373.1305; 170; 104.6; 
567; 0; 2376.3335; 170; 104.8; 
567; 0; 2379.5388; 170; 105; 
567; 0; 2382.7461; 170; 105.2; 
567; 0; 2385.9554; 170; 105.4; 
567; 0; 2388.1762; 170; 105.6; 
567; 0; 2391.3892; 170; 105.8; 
567; 0; 2393.6131; 170; 106; 
567; 0; 2395.8384; 170; 106.2; 
567; 0; 2398.0653; 170; 106.4; 
567; 0; 2400.2938; 170; 106.6; 
567; 0; 2401.5314; 170; 106.8; 
567; 0; 2403.7628; 170; 107; 
567; 0; 2405.0029; 170; 107.2; 
567; 0; 2407.2373; 170; 107.4; 
567; 0; 2408.4798; 170; 107.6; 
567; 0; 2409.7233; 170; 107.8; 
567; 0; 2410.9677; 170; 108; 
567; 0; 2412.213; 170; 108.2; 
567; 0; 2413.4592; 170; 108.4; 
567; 0; 2413.7113; 170; 108.6; 
567; 0; 2414.9593; 170; 108.8; 
567; 0; 2415.2125; 170; 109; 
567; 0; 2416.462; 170; 109.2; 
567; 0; 2416.7163; 170; 109.4; 
567; 0; 2416.9709; 170; 109.6; 
567; 0; 2417.9644; 170; 109.8; 
567; 0; 2418.1137; 170; 110; 
567; 0; 2418.2632; 170; 110.2; 
567; 0; 2418.413; 170; 110.4; 
567; 0; 2418.5632; 170; 110.6; 
567; 0; 2418.7136; 170; 110.8; 
567; 0; 2418.8642; 170; 111; 
567; 0; 2419.0152; 170; 111.2; 
567; 0; 2419.1664; 170; 111.4; 
567; 0; 2418.5057; 170; 111.6; 
567; 0; 2418.6573; 170; 111.8; 
567; 0; 2418.8092; 170; 112; 
567; 0; 2418.1484; 170; 112.2; 
567; 0; 2418.3006; 170; 112.4; 
567; 0; 2418.4531; 170; 112.6; 
567; 0; 2417.7923; 170; 112.8; 
567; 0; 2417.9451; 170; 113; 
567; 0; 2417.2841; 170; 113.2; 
567; 0; 2417.4374; 170; 113.4; 
567; 0; 2416.7762; 170; 113.6; 
567; 0; 2416.9298; 170; 113.8; 
567; 0; 2416.2685; 170; 114; 
567; 0; 2416.4224; 170; 114.2; 
567; 0; 2421.2249; 170; 114.4; 
567; 0; 2420.5684; 170; 114.6; 
567; 0; 2420.7152; 170; 114.8; 
567; 0; 2420.0586; 170; 115; 
567; 0; 2419.4018; 170; 115.2; 
567; 0; 2419.549; 170; 115.4; 
567; 0; 2418.8921; 170; 115.6; 
567; 0; 2418.2351; 170; 115.8; 
567; 0; 2417.5777; 170; 116; 
567; 0; 2416.8721; 170; 116.2; 
567; 0; 2416.1352; 170; 116.4; 
567; 0; 2415.3981; 170; 116.6; 
567; 0; 2414.6607; 170; 116.8; 
567; 0; 2414.9152; 170; 117; 
567; 0; 2414.1776; 170; 117.2; 
567; 0; 2413.4396; 170; 117.4; 
567; 0; 2412.7014; 170; 117.6; 
567; 0; 2411.963; 170; 117.8; 
567; 0; 2411.2244; 170; 118; 
567; 0; 2410.4856; 170; 118.2; 
567; 0; 2409.7465; 170; 118.4; 
567; 0; 2409.0073; 170; 118.6; 
567; 0; 2408.2678; 170; 118.8; 
567; 0; 2407.5279; 170; 119; 
567; 0; 2406.7879; 170; 119.2; 
567; 0; 2406.0476; 170; 119.4; 
567; 0; 2405.3072; 170; 119.6; 
567; 0; 2404.5665; 170; 119.8; 
567; 0; 2403.8254; 170; 120; 
567; 0; 2404.0812; 170; 120.2; 
567; 0; 2403.34; 170; 120.4; 
567; 0; 2402.5984; 170; 120.6; 
567; 0; 2401.8565; 170; 120.8; 
567; 0; 2401.1144; 170; 121; 
567; 0; 2400.3721; 170; 121.2; 
567; 0; 2400.6284; 170; 121.4; 
567; 0; 2399.8859; 170; 121.6; 
567; 0; 2399.143; 170; 121.8; 
567; 0; 2398.3998; 170; 122; 
567; 0; 2397.6565; 170; 122.2; 
567; 0; 2396.913; 170; 122.4; 
567; 0; 2397.17; 170; 122.6; 
567; 0; 2396.4262; 170; 122.8; 
567; 0; 2395.6821; 170; 123; 
567; 0; 2394.9378; 170; 123.2; 
567; 0; 2395.1954; 170; 123.4; 
567; 0; 2394.4508; 170; 123.6; 
567; 0; 2393.706; 170; 123.8; 
567; 0; 2392.9609; 170; 124; 
567; 0; 2393.219; 170; 124.2; 
567; 0; 2392.4736; 170; 124.4; 
567; 0; 2391.728; 170; 124.6; 
567; 0; 2391.9864; 170; 124.8; 
567; 0; 2391.2405; 170; 125; 
567; 0; 2390.4944; 170; 125.2; 
567; 0; 2390.7533; 170; 125.4; 
567; 0; 2390.0069; 170; 125.6; 
567; 0; 2389.2603; 170; 125.8; 
567; 0; 2389.5197; 170; 126; 
567; 0; 2388.7729; 170; 126.2; 
567; 0; 2388.0258; 170; 126.4; 
567; 0; 2388.2855; 170; 126.6; 
567; 0; 2387.538; 170; 126.8; 
567; 0; 2386.7904; 170; 127; 
567; 0; 2387.0506; 170; 127.2; 
567; 0; 2386.3028; 170; 127.4; 
567; 0; 2385.5547; 170; 127.6; 
567; 0; 2385.8154; 170; 127.8; 
567; 0; 2385.067; 170; 128; 
567; 0; 2385.3282; 170; 128.2; 
567; 0; 2384.5796; 170; 128.4; 
567; 0; 2384.8408; 170; 128.6; 
567; 0; 2385.1016; 170; 128.8; 
567; 0; 2385.3614; 170; 129; 
567; 0; 2383.5938; 170; 129.2; 
567; 0; 2381.8137; 170; 129.4; 
567; 0; 2377.9911; 170; 129.6; 
567; 0; 2372.1202; 170; 129.8; 
567; 0; 2365.2091; 170; 130; 
567; 0; 2357.2557; 170; 130.2; 
567; 0; 2346.2329; 170; 130.4; 
567; 0; 2334.1656; 170; 130.6; 
567; 0; 2320.3348; 170; 130.8; 
567; 0; 2307.0922; 170; 131; 
567; 0; 2292.9407; 170; 131.2; 
567; 0; 2277.8864; 170; 131.4; 
567; 0; 2262.8214; 170; 131.6; 
567; 0; 2249.5217; 170; 131.8; 
567; 0; 2237.9936; 170; 132; 
567; 0; 2228.2415; 170; 132.2; 
567; 0; 2220.2684; 170; 132.4; 
567; 0; 2219.8613; 170; 132.6; 
567; 0; 2213.7763; 170; 132.8; 
567; 0; 2207.7001; 170; 133; 
567; 0; 2200.7594; 170; 133.2; 
567; 0; 2193.8208; 170; 133.4; 
567; 0; 2186.8809; 170; 133.6; 
567; 0; 2179.0666; 170; 133.8; 
567; 0; 2170.3762; 170; 134; 
567; 0; 2161.6796; 170; 134.2; 
567; 0; 2152.9771; 170; 134.4; 
567; 0; 2144.2698; 170; 134.6; 
567; 0; 2136.43; 170; 134.8; 
567; 0; 2127.7181; 170; 135; 
567; 0; 2120.747; 170; 135.2; 
567; 0; 2113.7769; 170; 135.4; 
567; 0; 2106.8084; 170; 135.6; 
567; 0; 2100.7123; 170; 135.8; 
567; 0; 2095.4885; 170; 136; 
567; 0; 2090.2663; 170; 136.2; 
567; 0; 2084.7788; 170; 136.4; 
567; 0; 2079.7259; 170; 136.6; 
567; 0; 2074.6734; 170; 136.8; 
567; 0; 2069.6206; 170; 137; 
567; 0; 2064.5673; 170; 137.2; 
567; 0; 2059.513; 170; 137.4; 
567; 0; 2054.4577; 170; 137.6; 
567; 0; 2050.4128; 170; 137.8; 
567; 0; 2046.3671; 170; 138; 
567; 0; 2042.3209; 170; 138.2; 
567; 0; 2038.2744; 170; 138.4; 
567; 0; 2034.228; 170; 138.6; 
567; 0; 2031.1929; 170; 138.8; 
567; 0; 2028.1581; 170; 139; 
567; 0; 2025.1234; 170; 139.2; 
567; 0; 2022.0891; 170; 139.4; 
567; 0; 2020.0662; 170; 139.6; 
567; 0; 2018.0435; 170; 139.8; 
567; 0; 2015.1078; 170; 140; 
567; 0; 2013.2313; 170; 140.2; 
567; 0; 2011.3548; 170; 140.4; 
567; 0; 2010.4164; 170; 140.6; 
567; 0; 2008.5397; 170; 140.8; 
567; 0; 2006.6629; 170; 141; 
567; 0; 2005.7243; 170; 141.2; 
567; 0; 2003.8473; 170; 141.4; 
567; 0; 2002.9085; 170; 141.6; 
567; 0; 2001.9696; 170; 141.8; 
567; 0; 2001.0306; 170; 142; 
567; 0; 2000.0917; 170; 142.2; 
567; 0; 1999.1528; 170; 142.4; 
567; 0; 1998.214; 170; 142.6; 
567; 0; 1998.2134; 170; 142.8; 
567; 0; 1997.2747; 170; 143; 
567; 0; 1996.3359; 170; 143.2; 
567; 0; 1996.3353; 170; 143.4; 
567; 0; 1995.3965; 170; 143.6; 
567; 0; 1995.3959; 170; 143.8; 
567; 0; 1995.3953; 170; 144; 
567; 0; 1995.3947; 170; 144.2; 
567; 0; 1994.4559; 170; 144.4; 
567; 0; 1994.4553; 170; 144.6; 
567; 0; 1994.4547; 170; 144.8; 
567; 0; 1994.4542; 170; 145; 
567; 0; 1994.4537; 170; 145.2; 
567; 0; 1994.4531; 170; 145.4; 
567; 0; 1995.3915; 170; 145.6; 
567; 0; 1997.2717; 170; 145.8; 
567; 0; 2000.0976; 170; 146; 
567; 0; 2005.7489; 170; 146.2; 
567; 0; 2013.2908; 170; 146.4; 
567; 0; 2013.8475; 170; 146.6; 
567; 0; 2027.0429; 170; 146.8; 
567; 0; 2041.4842; 170; 147; 
567; 0; 2056.9774; 170; 147.2; 
567; 0; 2072.4966; 170; 147.4; 
567; 0; 2086.5045; 170; 147.6; 
567; 0; 2098.1379; 170; 147.8; 
567; 0; 2108.8934; 170; 148; 
567; 0; 2118.7669; 170; 148.2; 
567; 0; 2127.7554; 170; 148.4; 
567; 0; 2135.8567; 170; 148.6; 
567; 0; 2143.9569; 170; 148.8; 
567; 0; 2151.1694; 170; 149; 
567; 0; 2157.4948; 170; 149.2; 
567; 0; 2163.8214; 170; 149.4; 
567; 0; 2171.0382; 170; 149.6; 
567; 0; 2177.3716; 170; 149.8; 
567; 0; 2183.7101; 170; 150; 
567; 0; 2190.9422; 170; 150.2; 
567; 0; 2197.292; 170; 150.4; 
567; 0; 2203.6474; 170; 150.6; 
567; 0; 2210.0079; 170; 150.8; 
567; 0; 2215.4838; 170; 151; 
567; 0; 2220.9632; 170; 151.2; 
567; 0; 2226.4455; 170; 151.4; 
567; 0; 2231.0407; 170; 151.6; 
567; 0; 2235.6376; 170; 151.8; 
567; 0; 2240.2363; 170; 152; 
567; 0; 2244.8365; 170; 152.2; 
567; 0; 2248.5478; 170; 152.4; 
567; 0; 2252.2606; 170; 152.6; 
567; 0; 2255.9751; 170; 152.8; 
567; 0; 2258.8002; 170; 153; 
567; 0; 2262.5186; 170; 153.2; 
567; 0; 2265.3474; 170; 153.4; 
567; 0; 2269.07; 170; 153.6; 
567; 0; 2271.9027; 170; 153.8; 
567; 0; 2274.7373; 170; 154; 
567; 0; 2276.681; 170; 154.2; 
567; 0; 2279.5189; 170; 154.4; 
567; 0; 2282.3583; 170; 154.6; 
567; 0; 2284.306; 170; 154.8; 
567; 0; 2286.2548; 170; 155; 
567; 0; 2288.2046; 170; 155.2; 
567; 0; 2290.1554; 170; 155.4; 
567; 0; 2292.1072; 170; 155.6; 
567; 0; 2293.1655; 170; 155.8; 
567; 0; 2295.119; 170; 156; 
567; 0; 2296.1787; 170; 156.2; 
567; 0; 2298.1341; 170; 156.4; 
567; 0; 2299.1954; 170; 156.6; 
567; 0; 2300.2575; 170; 156.8; 
567; 0; 2301.3203; 170; 157; 
567; 0; 2302.3837; 170; 157.2; 
567; 0; 2303.4478; 170; 157.4; 
567; 0; 2304.5126; 170; 157.6; 
567; 0; 2305.5781; 170; 157.8; 
567; 0; 2306.6444; 170; 158; 
567; 0; 2306.8141; 170; 158.2; 
567; 0; 2307.8815; 170; 158.4; 
567; 0; 2308.0521; 170; 158.6; 
567; 0; 2309.1205; 170; 158.8; 
567; 0; 2309.2916; 170; 159; 
567; 0; 2310.361; 170; 159.2; 
567; 0; 2310.5326; 170; 159.4; 
567; 0; 2310.7045; 170; 159.6; 
567; 0; 2311.7754; 170; 159.8; 
567; 0; 2311.9479; 170; 160; 
567; 0; 2312.1205; 170; 160.2; 
567; 0; 2312.2933; 170; 160.4; 
567; 0; 2312.4664; 170; 160.6; 
567; 0; 2312.6396; 170; 160.8; 
567; 0; 2312.8131; 170; 161; 
567; 0; 2313.8873; 170; 161.2; 
567; 0; 2314.061; 170; 161.4; 
567; 0; 2314.2339; 170; 161.6; 
567; 0; 2314.4056; 170; 161.8; 
567; 0; 2314.575; 170; 162; 
567; 0; 2314.7416; 170; 162.2; 
567; 0; 2314.9045; 170; 162.4; 
567; 0; 2315.0631; 170; 162.6; 
567; 0; 2315.2183; 170; 162.8; 
567; 0; 2316.2742; 170; 163; 
567; 0; 2318.2337; 170; 163.2; 
567; 0; 2321.1002; 170; 163.4; 
567; 0; 2325.2429; 170; 163.6; 
567; 0; 2330.6124; 170; 163.8; 
567; 0; 2337.0279; 170; 164; 
567; 0; 2343.455; 170; 164.2; 
567; 0; 2349.8933; 170; 164.4; 
567; 0; 2355.3058; 170; 164.6; 
567; 0; 2358.6509; 170; 164.8; 
567; 0; 2359.9011; 170; 165; 
567; 0; 2359.049; 170; 165.2; 
567; 0; 2356.1066; 170; 165.4; 
567; 0; 2350.0305; 170; 165.6; 
567; 0; 2342.8891; 170; 165.8; 
567; 0; 2333.6425; 170; 166; 
567; 0; 2322.2973; 170; 166.2; 
567; 0; 2309.64; 170; 166.4; 
567; 0; 2296.05; 170; 166.6; 
567; 0; 2280.6242; 170; 166.8; 
567; 0; 2264.2742; 170; 167; 
567; 0; 2247.9138; 170; 167.2; 
567; 0; 2234.2676; 170; 167.4; 
567; 0; 2223.342; 170; 167.6; 
567; 0; 2216.0468; 170; 167.8; 
567; 0; 2213.29; 170; 168; 
567; 0; 2213.2627; 170; 168.2; 
567; 0; 2215.9665; 170; 168.4; 
567; 0; 2218.6872; 170; 168.6; 
567; 0; 2221.4245; 170; 168.8; 
567; 0; 2222.3657; 170; 169; 
567; 0; 2220.6001; 170; 169.2; 
567; 0; 2217.0261; 170; 169.4; 
567; 0; 2210.7311; 170; 169.6; 
567; 0; 2204.4258; 170; 169.8; 
567; 0; 2196.2963; 170; 170; 
567; 0; 2187.2477; 170; 170.2; 
567; 0; 2177.2817; 170; 170.4; 
567; 0; 2167.3071; 170; 170.6; 
567; 0; 2157.3276; 170; 170.8; 
567; 0; 2148.2524; 170; 171; 
567; 0; 2147.5728; 170; 171.2; 
567; 0; 2140.4283; 170; 171.4; 
567; 0; 2134.1795; 170; 171.6; 
567; 0; 2128.8268; 170; 171.8; 
567; 0; 2123.4786; 170; 172; 
567; 0; 2119.025; 170; 172.2; 
567; 0; 2114.574; 170; 172.4; 
567; 0; 2109.2333; 170; 172.6; 
567; 0; 2104.7839; 170; 172.8; 
567; 0; 2100.3338; 170; 173; 
567; 0; 2094.9914; 170; 173.2; 
567; 0; 2090.5385; 170; 173.4; 
567; 0; 2085.1929; 170; 173.6; 
567; 0; 2080.7372; 170; 173.8; 
567; 0; 2076.2804; 170; 174; 
567; 0; 2071.8231; 170; 174.2; 
567; 0; 2067.3656; 170; 174.4; 
567; 0; 2062.2198; 170; 174.6; 
567; 0; 2058.0759; 170; 174.8; 
567; 0; 2053.9326; 170; 175; 
567; 0; 2050.8253; 170; 175.2; 
567; 0; 2046.6833; 170; 175.4; 
567; 0; 2043.5773; 170; 175.6; 
567; 0; 2040.4717; 170; 175.8; 
567; 0; 2037.3663; 170; 176; 
567; 0; 2034.2611; 170; 176.2; 
567; 0; 2032.1911; 170; 176.4; 
567; 0; 2029.0857; 170; 176.6; 
567; 0; 2027.0154; 170; 176.8; 
567; 0; 2024.9448; 170; 177; 
567; 0; 2022.8739; 170; 177.2; 
567; 0; 2020.8028; 170; 177.4; 
567; 0; 2018.7316; 170; 177.6; 
567; 0; 2016.6602; 170; 177.8; 
567; 0; 2014.7174; 170; 178; 
567; 0; 2013.7562; 170; 178.2; 
567; 0; 2011.8346; 170; 178.4; 
567; 0; 2010.8736; 170; 178.6; 
567; 0; 2008.9522; 170; 178.8; 
567; 0; 2007.9913; 170; 179; 
567; 0; 2007.0305; 170; 179.2; 
567; 0; 2006.0696; 170; 179.4; 
567; 0; 2005.1087; 170; 179.6; 
567; 0; 2004.1477; 170; 179.8; 
567; 0; 2004.1473; 170; 180; 
567; 0; 2003.1863; 170; 180.2; 
567; 0; 2002.2254; 170; 180.4; 
567; 0; 2002.2249; 170; 180.6; 
567; 0; 2001.264; 170; 180.8; 
567; 0; 2001.2635; 170; 181; 
567; 0; 2000.3025; 170; 181.2; 
567; 0; 2000.302; 170; 181.4; 
567; 0; 1999.3409; 170; 181.6; 
567; 0; 1999.3404; 170; 181.8; 
567; 0; 1999.3399; 170; 182; 
567; 0; 1999.3394; 170; 182.2; 
567; 0; 1998.3784; 170; 182.4; 
567; 0; 1998.3779; 170; 182.6; 
567; 0; 1998.3774; 170; 182.8; 
567; 0; 1998.3769; 170; 183; 
567; 0; 1998.3764; 170; 183.2; 
567; 0; 1998.3759; 170; 183.4; 
567; 0; 1998.3754; 170; 183.6; 
567; 0; 1998.3749; 170; 183.8; 
567; 0; 1998.3744; 170; 184; 
567; 0; 1998.3739; 170; 184.2; 
567; 0; 1998.3735; 170; 184.4; 
567; 0; 1998.3731; 170; 184.6; 
567; 0; 1999.3332; 170; 184.8; 
567; 0; 1999.3327; 170; 185; 
567; 0; 1999.3323; 170; 185.2; 
567; 0; 1999.3318; 170; 185.4; 
567; 0; 1999.3313; 170; 185.6; 
567; 0; 1999.3308; 170; 185.8; 
567; 0; 2000.2908; 170; 186; 
567; 0; 2000.2902; 170; 186.2; 
567; 0; 2000.2897; 170; 186.4; 
567; 0; 1991.3717; 170; 186.6; 
567; 0; 1992.3436; 170; 186.8; 
567; 0; 1992.3431; 170; 187; 
567; 0; 1992.3426; 170; 187.2; 
567; 0; 1993.3146; 170; 187.4; 
567; 0; 1993.3141; 170; 187.6; 
567; 0; 1994.286; 170; 187.8; 
567; 0; 1994.2855; 170; 188; 
567; 0; 1995.2575; 170; 188.2; 
567; 0; 1995.2571; 170; 188.4; 
567; 0; 1996.229; 170; 188.6; 
567; 0; 1996.2286; 170; 188.8; 
567; 0; 1997.2005; 170; 189; 
567; 0; 1998.1724; 170; 189.2; 
567; 0; 1998.172; 170; 189.4; 
567; 0; 1999.1439; 170; 189.6; 
567; 0; 2000.1158; 170; 189.8; 
567; 0; 2000.1153; 170; 190; 
567; 0; 2001.0872; 170; 190.2; 
567; 0; 2002.0591; 170; 190.4; 
567; 0; 2003.0308; 170; 190.6; 
567; 0; 2003.0301; 170; 190.8; 
567; 0; 2004.0016; 170; 191; 
567; 0; 2004.0008; 170; 191.2; 
567; 0; 2004.9724; 170; 191.4; 
567; 0; 2005.9442; 170; 191.6; 
567; 0; 2005.9438; 170; 191.8; 
567; 0; 2006.916; 170; 192; 
567; 0; 2007.8882; 170; 192.2; 
567; 0; 2007.8881; 170; 192.4; 
567; 0; 2008.8603; 170; 192.6; 
567; 0; 2008.8601; 170; 192.8; 
567; 0; 2009.8322; 170; 193; 
567; 0; 2009.8319; 170; 193.2; 
567; 0; 2010.8039; 170; 193.4; 
567; 0; 2010.8035; 170; 193.6; 
567; 0; 2011.7754; 170; 193.8; 
567; 0; 2011.775; 170; 194; 
567; 0; 2012.7469; 170; 194.2; 
567; 0; 2012.7465; 170; 194.4; 
567; 0; 2013.7184; 170; 194.6; 
567; 0; 2013.7179; 170; 194.8; 
567; 0; 2013.7175; 170; 195; 
567; 0; 2014.6895; 170; 195.2; 
567; 0; 2014.689; 170; 195.4; 
567; 0; 2015.6609; 170; 195.6; 
567; 0; 2015.6604; 170; 195.8; 
567; 0; 2015.6599; 170; 196; 
567; 0; 2016.6523; 170; 196.2; 
567; 0; 2016.6518; 170; 196.4; 
567; 0; 2016.6513; 170; 196.6; 
567; 0; 2016.6508; 170; 196.8; 
567; 0; 2017.6984; 170; 197; 
567; 0; 2017.698; 170; 197.2; 
567; 0; 2017.6976; 170; 197.4; 
567; 0; 2018.7452; 170; 197.6; 
567; 0; 2018.7447; 170; 197.8; 
567; 0; 2018.7443; 170; 198; 
567; 0; 2018.7438; 170; 198.2; 
567; 0; 2019.7915; 170; 198.4; 
567; 0; 2019.7912; 170; 198.6; 
567; 0; 2019.7908; 170; 198.8; 
567; 0; 2019.7904; 170; 199; 
567; 0; 2020.838; 170; 199.2; 
567; 0; 2020.8375; 170; 199.4; 
567; 0; 2020.837; 170; 199.6; 
567; 0; 2020.8365; 170; 199.8; 
567; 0; 2020.8361; 170; 200; 
567; 0; 2021.8837; 170; 200.2; 
567; 0; 2021.8832; 170; 200.4; 
567; 0; 2021.8828; 170; 200.6; 
567; 0; 2021.8824; 170; 200.8; 
567; 0; 2021.882; 170; 201; 
567; 0; 2021.8816; 170; 201.2; 
567; 0; 2022.9292; 170; 201.4; 
567; 0; 2022.9288; 170; 201.6; 
567; 0; 2022.9285; 170; 201.8; 
567; 0; 2022.9281; 170; 202; 
567; 0; 2022.9277; 170; 202.2; 
567; 0; 2022.9274; 170; 202.4; 
567; 0; 2023.975; 170; 202.6; 
567; 0; 2023.9746; 170; 202.8; 
567; 0; 2023.9741; 170; 203; 
567; 0; 2023.9737; 170; 203.2; 
567; 0; 2023.9732; 170; 203.4; 
567; 0; 2023.9727; 170; 203.6; 
567; 0; 2023.9724; 170; 203.8; 
567; 0; 2023.972; 170; 204; 
567; 0; 2025.0197; 170; 204.2; 
567; 0; 2025.0194; 170; 204.4; 
567; 0; 2025.019; 170; 204.6; 
567; 0; 2025.0186; 170; 204.8; 
567; 0; 2025.0181; 170; 205; 
567; 0; 2025.0176; 170; 205.2; 
567; 0; 2025.0172; 170; 205.4; 
567; 0; 2025.0169; 170; 205.6; 
567; 0; 2025.0164; 170; 205.8; 
567; 0; 2025.016; 170; 206; 
567; 0; 2026.0637; 170; 206.2; 
567; 0; 2026.0634; 170; 206.4; 
567; 0; 2026.0631; 170; 206.6; 
567; 0; 2026.0628; 170; 206.8; 
567; 0; 2026.0625; 170; 207; 
567; 0; 2026.0621; 170; 207.2; 
567; 0; 2026.0617; 170; 207.4; 
567; 0; 2026.0613; 170; 207.6; 
567; 0; 2026.0609; 170; 207.8; 
567; 0; 2026.0605; 170; 208; 
567; 0; 2027.1081; 170; 208.2; 
567; 0; 2027.1077; 170; 208.4; 
567; 0; 2027.1073; 170; 208.6; 
567; 0; 2027.1069; 170; 208.8; 
567; 0; 2027.1065; 170; 209; 
567; 0; 2028.1541; 170; 209.2; 
567; 0; 2028.1537; 170; 209.4; 
567; 0; 2028.1534; 170; 209.6; 
567; 0; 2028.153; 170; 209.8; 
567; 0; 2028.1526; 170; 210; 
567; 0; 2028.1522; 170; 210.2; 
567; 0; 2028.1518; 170; 210.4; 
567; 0; 2029.1994; 170; 210.6; 
567; 0; 2029.199; 170; 210.8; 
567; 0; 2029.1987; 170; 211; 
567; 0; 2029.1985; 170; 211.2; 
567; 0; 2029.1982; 170; 211.4; 
567; 0; 2029.1979; 170; 211.6; 
567; 0; 2029.1976; 170; 211.8; 
567; 0; 2029.1973; 170; 212; 
567; 0; 2029.1969; 170; 212.2; 
567; 0; 2029.1964; 170; 212.4; 
567; 0; 2030.244; 170; 212.6; 
567; 0; 2030.2436; 170; 212.8; 
567; 0; 2030.2433; 170; 213; 
567; 0; 2030.2428; 170; 213.2; 
567; 0; 2030.2424; 170; 213.4; 
567; 0; 2030.2421; 170; 213.6; 
567; 0; 2030.2418; 170; 213.8; 
567; 0; 2030.2415; 170; 214; 
567; 0; 2030.2411; 170; 214.2; 
567; 0; 2030.2407; 170; 214.4; 
567; 0; 2030.2404; 170; 214.6; 
567; 0; 2030.24; 170; 214.8; 
567; 0; 2030.2397; 170; 215; 
567; 0; 2030.2393; 170; 215.2; 
567; 0; 2030.239; 170; 215.4; 
567; 0; 2030.2387; 170; 215.6; 
567; 0; 2030.2383; 170; 215.8; 
567; 0; 2030.238; 170; 216; 
567; 0; 2030.2376; 170; 216.2; 
567; 0; 2030.2373; 170; 216.4; 
567; 0; 2030.237; 170; 216.6; 
567; 0; 2030.2367; 170; 216.8; 
567; 0; 2030.2364; 170; 217; 
567; 0; 2030.2361; 170; 217.2; 
567; 0; 2030.2357; 170; 217.4; 
567; 0; 2030.2353; 170; 217.6; 
567; 0; 2031.2829; 170; 217.8; 
567; 0; 2031.2824; 170; 218; 
567; 0; 2031.2813; 170; 218.2; 
567; 0; 2032.3273; 170; 218.4; 
567; 0; 2032.3238; 170; 218.6; 
567; 0; 2032.3186; 170; 218.8; 
567; 0; 2033.3587; 170; 219; 
567; 0; 2033.3477; 170; 219.2; 
567; 0; 2033.3338; 170; 219.4; 
567; 0; 2033.3178; 170; 219.6; 
567; 0; 2035.397; 170; 219.8; 
567; 0; 2037.4774; 170; 220; 
567; 0; 2041.6562; 170; 220.2; 
567; 0; 2046.887; 170; 220.4; 
567; 0; 2053.1706; 170; 220.6; 
567; 0; 2059.3546; 170; 220.8; 
567; 0; 2065.6941; 170; 221; 
567; 0; 2070.2266; 170; 221.2; 
567; 0; 2075.6661; 170; 221.4; 
567; 0; 2079.2967; 170; 221.6; 
567; 0; 2082.0221; 170; 221.8; 
567; 0; 2084.7464; 170; 222; 
567; 0; 2086.5638; 170; 222.2; 
567; 0; 2087.4735; 170; 222.4; 
567; 0; 2088.3804; 170; 222.6; 
567; 0; 2088.3796; 170; 222.8; 
567; 0; 2088.3766; 170; 223; 
567; 0; 2088.3718; 170; 223.2; 
567; 0; 2089.2711; 170; 223.4; 
567; 0; 2090.17; 170; 223.6; 
567; 0; 2091.0693; 170; 223.8; 
567; 0; 2091.9695; 170; 224; 
567; 0; 2093.7761; 170; 224.2; 
567; 0; 2095.5842; 170; 224.4; 
567; 0; 2098.299; 170; 224.6; 
567; 0; 2100.1107; 170; 224.8; 
567; 0; 2101.9246; 170; 225; 
567; 0; 2103.7406; 170; 225.2; 
567; 0; 2105.5585; 170; 225.4; 
567; 0; 2106.4725; 170; 225.6; 
567; 0; 2106.4817; 170; 225.8; 
567; 0; 2105.585; 170; 226; 
567; 0; 2104.6867; 170; 226.2; 
567; 0; 2102.8812; 170; 226.4; 
567; 0; 2101.073; 170; 226.6; 
567; 0; 2099.2624; 170; 226.8; 
567; 0; 2096.5443; 170; 227; 
567; 0; 2093.8247; 170; 227.2; 
567; 0; 2091.1041; 170; 227.4; 
567; 0; 2089.2884; 170; 227.6; 
567; 0; 2087.4733; 170; 227.8; 
567; 0; 2085.6591; 170; 228; 
567; 0; 2084.7513; 170; 228.2; 
567; 0; 2082.9399; 170; 228.4; 
567; 0; 2082.0349; 170; 228.6; 
567; 0; 2081.131; 170; 228.8; 
567; 0; 2079.3227; 170; 229; 
567; 0; 2078.4199; 170; 229.2; 
567; 0; 2077.5172; 170; 229.4; 
567; 0; 2075.7091; 170; 229.6; 
567; 0; 2073.9005; 170; 229.8; 
567; 0; 2072.9963; 170; 230; 
567; 0; 2071.1864; 170; 230.2; 
567; 0; 2069.376; 170; 230.4; 
567; 0; 2067.5651; 170; 230.6; 
567; 0; 2065.7539; 170; 230.8; 
567; 0; 2064.8478; 170; 231; 
567; 0; 2063.0366; 170; 231.2; 
567; 0; 2062.1306; 170; 231.4; 
567; 0; 2060.3197; 170; 231.6; 
567; 0; 2059.4142; 170; 231.8; 
567; 0; 2058.5028; 170; 232; 
567; 0; 2056.4069; 170; 232.2; 
567; 0; 2055.3593; 170; 232.4; 
567; 0; 2054.3117; 170; 232.6; 
567; 0; 2053.2642; 170; 232.8; 
567; 0; 2052.2167; 170; 233; 
567; 0; 2051.1691; 170; 233.2; 
567; 0; 2050.1214; 170; 233.4; 
567; 0; 2049.0735; 170; 233.6; 
567; 0; 2048.0255; 170; 233.8; 
567; 0; 2046.9773; 170; 234; 
567; 0; 2045.9291; 170; 234.2; 
567; 0; 2044.8808; 170; 234.4; 
567; 0; 2043.8324; 170; 234.6; 
567; 0; 2042.7841; 170; 234.8; 
567; 0; 2041.7358; 170; 235; 
567; 0; 2040.6876; 170; 235.2; 
567; 0; 2040.6874; 170; 235.4; 
567; 0; 2039.6393; 170; 235.6; 
567; 0; 2038.5913; 170; 235.8; 
567; 0; 2038.5912; 170; 236; 
567; 0; 2037.5432; 170; 236.2; 
567; 0; 2036.4951; 170; 236.4; 
567; 0; 2036.4949; 170; 236.6; 
567; 0; 2035.4468; 170; 236.8; 
567; 0; 2035.4466; 170; 237; 
567; 0; 2034.3985; 170; 237.2; 
567; 0; 2034.3983; 170; 237.4; 
567; 0; 2033.3501; 170; 237.6; 
567; 0; 2033.3499; 170; 237.8; 
567; 0; 2032.3017; 170; 238; 
567; 0; 2032.3014; 170; 238.2; 
567; 0; 2032.3012; 170; 238.4; 
567; 0; 2031.253; 170; 238.6; 
567; 0; 2031.2526; 170; 238.8; 
567; 0; 2031.2523; 170; 239; 
567; 0; 2030.2041; 170; 239.2; 
567; 0; 2030.2039; 170; 239.4; 
567; 0; 2030.2036; 170; 239.6; 
567; 0; 2029.1555; 170; 239.8; 
567; 0; 2029.1552; 170; 240; 
567; 0; 2029.1549; 170; 240.2; 
567; 0; 2029.1546; 170; 240.4; 
567; 0; 2028.1065; 170; 240.6; 
567; 0; 2028.1063; 170; 240.8; 
567; 0; 2028.106; 170; 241; 
567; 0; 2028.1057; 170; 241.2; 
567; 0; 2027.0575; 170; 241.4; 
567; 0; 2027.0572; 170; 241.6; 
567; 0; 2027.0568; 170; 241.8; 
567; 0; 2027.0565; 170; 242; 
567; 0; 2027.0562; 170; 242.2; 
567; 0; 2027.0559; 170; 242.4; 
567; 0; 2027.0556; 170; 242.6; 
567; 0; 2026.0074; 170; 242.8; 
567; 0; 2026.0071; 170; 243; 
567; 0; 2026.0068; 170; 243.2; 
567; 0; 2026.0066; 170; 243.4; 
567; 0; 2026.0063; 170; 243.6; 
567; 0; 2026.006; 170; 243.8; 
567; 0; 2026.0058; 170; 244; 
567; 0; 2026.0056; 170; 244.2; 
567; 0; 2026.0053; 170; 244.4; 
567; 0; 2026.005; 170; 244.6; 
567; 0; 2026.0046; 170; 244.8; 
567; 0; 2026.0042; 170; 245; 
567; 0; 2026.0039; 170; 245.2; 
567; 0; 2026.0035; 170; 245.4; 
567; 0; 2024.9553; 170; 245.6; 
567; 0; 2024.955; 170; 245.8; 
567; 0; 2024.9548; 170; 246; 
567; 0; 2026.0024; 170; 246.2; 
567; 0; 2026.0018; 170; 246.4; 
567; 0; 2027.0485; 170; 246.6; 
567; 0; 2027.0462; 170; 246.8; 
567; 0; 2027.0423; 170; 247; 
567; 0; 2027.037; 170; 247.2; 
567; 0; 2027.0307; 170; 247.4; 
567; 0; 2027.0245; 170; 247.6; 
567; 0; 2027.0192; 170; 247.8; 
567; 0; 2028.0637; 170; 248; 
567; 0; 2030.1585; 170; 248.2; 
567; 0; 2031.2081; 170; 248.4; 
567; 0; 2032.2599; 170; 248.6; 
567; 0; 2034.3612; 170; 248.8; 
567; 0; 2035.4156; 170; 249; 
567; 0; 2036.4702; 170; 249.2; 
567; 0; 2036.4763; 170; 249.4; 
567; 0; 2037.529; 170; 249.6; 
567; 0; 2037.5323; 170; 249.8; 
567; 0; 2036.486; 170; 250; 
567; 0; 2036.4861; 170; 250.2; 
567; 0; 2036.4849; 170; 250.4; 
567; 0; 2035.4349; 170; 250.6; 
567; 0; 2035.4324; 170; 250.8; 
567; 0; 2035.4298; 170; 251; 
567; 0; 2034.3797; 170; 251.2; 
567; 0; 2034.3778; 170; 251.4; 
567; 0; 2034.3765; 170; 251.6; 
567; 0; 2034.3756; 170; 251.8; 
567; 0; 2033.3274; 170; 252; 
567; 0; 2033.3274; 170; 252.2; 
567; 0; 2033.3277; 170; 252.4; 
567; 0; 2033.328; 170; 252.6; 
567; 0; 2033.3282; 170; 252.8; 
567; 0; 2033.3284; 170; 253; 
567; 0; 2032.2805; 170; 253.2; 
567; 0; 2032.2803; 170; 253.4; 
567; 0; 2032.28; 170; 253.6; 
567; 0; 2032.2796; 170; 253.8; 
567; 0; 2031.2313; 170; 254; 
567; 0; 2031.2309; 170; 254.2; 
567; 0; 2031.2305; 170; 254.4; 
567; 0; 2031.2301; 170; 254.6; 
567; 0; 2031.2297; 170; 254.8; 
567; 0; 2030.1815; 170; 255; 
567; 0; 2030.1811; 170; 255.2; 
567; 0; 2030.1808; 170; 255.4; 
567; 0; 2030.1805; 170; 255.6; 
567; 0; 2030.1802; 170; 255.8; 
567; 0; 2030.1799; 170; 256; 
567; 0; 2030.1797; 170; 256.2; 
567; 0; 2029.1317; 170; 256.4; 
567; 0; 2029.1314; 170; 256.6; 
567; 0; 2029.1311; 170; 256.8; 
567; 0; 2029.1309; 170; 257; 
567; 0; 2029.1306; 170; 257.2; 
567; 0; 2029.1303; 170; 257.4; 
567; 0; 2029.1298; 170; 257.6; 
567; 0; 2030.1765; 170; 257.8; 
567; 0; 2030.1743; 170; 258; 
567; 0; 2030.1706; 170; 258.2; 
567; 0; 2030.1649; 170; 258.4; 
567; 0; 2031.2043; 170; 258.6; 
567; 0; 2030.1448; 170; 258.8; 
567; 0; 2031.1781; 170; 259; 
567; 0; 2031.1619; 170; 259.2; 
567; 0; 2033.241; 170; 259.4; 
567; 0; 2036.3695; 170; 259.6; 
567; 0; 2040.5489; 170; 259.8; 
567; 0; 2045.7807; 170; 260; 
567; 0; 2052.0652; 170; 260.2; 
567; 0; 2059.3176; 170; 260.4; 
567; 0; 2064.7526; 170; 260.6; 
567; 0; 2069.2853; 170; 260.8; 
567; 0; 2073.8198; 170; 261; 
567; 0; 2077.45; 170; 261.2; 
567; 0; 2081.0798; 170; 261.4; 
567; 0; 2082.8983; 170; 261.6; 
567; 0; 2084.7146; 170; 261.8; 
567; 0; 2085.6233; 170; 262; 
567; 0; 2085.6243; 170; 262.2; 
567; 0; 2085.6227; 170; 262.4; 
567; 0; 2086.524; 170; 262.6; 
567; 0; 2086.5189; 170; 262.8; 
567; 0; 2087.4181; 170; 263; 
567; 0; 2088.3172; 170; 263.2; 
567; 0; 2089.2169; 170; 263.4; 
567; 0; 2091.0226; 170; 263.6; 
567; 0; 2091.9247; 170; 263.8; 
567; 0; 2094.6382; 170; 264; 
567; 0; 2096.4483; 170; 264.2; 
567; 0; 2098.2596; 170; 264.4; 
567; 0; 2100.0718; 170; 264.6; 
567; 0; 2100.9797; 170; 264.8; 
567; 0; 2101.8878; 170; 265; 
567; 0; 2103.7005; 170; 265.2; 
567; 0; 2103.703; 170; 265.4; 
567; 0; 2104.6096; 170; 265.6; 
567; 0; 2104.6105; 170; 265.8; 
567; 0; 2104.6105; 170; 266; 
567; 0; 2104.6097; 170; 266.2; 
567; 0; 2104.6084; 170; 266.4; 
567; 0; 2104.6066; 170; 266.6; 
567; 0; 2105.5096; 170; 266.8; 
567; 0; 2105.5077; 170; 267; 
567; 0; 2105.5061; 170; 267.2; 
567; 0; 2106.4097; 170; 267.4; 
567; 0; 2106.4089; 170; 267.6; 
567; 0; 2107.3134; 170; 267.8; 
567; 0; 2108.2186; 170; 268; 
567; 0; 2109.1248; 170; 268.2; 
567; 0; 2110.0323; 170; 268.4; 
567; 0; 2110.0364; 170; 268.6; 
567; 0; 2110.9472; 170; 268.8; 
567; 0; 2110.9542; 170; 269; 
567; 0; 2110.0569; 170; 269.2; 
567; 0; 2109.1594; 170; 269.4; 
567; 0; 2108.2609; 170; 269.6; 
567; 0; 2105.5507; 170; 269.8; 
567; 0; 2103.7435; 170; 270; 
567; 0; 2101.029; 170; 270.2; 
567; 0; 2098.3125; 170; 270.4; 
567; 0; 2095.5944; 170; 270.6; 
567; 0; 2091.9701; 170; 270.8; 
567; 0; 2089.2505; 170; 271; 
567; 0; 2087.4361; 170; 271.2; 
567; 0; 2084.7172; 170; 271.4; 
567; 0; 2082.9044; 170; 271.6; 
567; 0; 2081.0927; 170; 271.8; 
567; 0; 2079.2821; 170; 272; 
567; 0; 2077.4724; 170; 272.2; 
567; 0; 2076.5685; 170; 272.4; 
567; 0; 2074.76; 170; 272.6; 
567; 0; 2072.9517; 170; 272.8; 
567; 0; 2071.1432; 170; 273; 
567; 0; 2070.2395; 170; 273.2; 
567; 0; 2068.4304; 170; 273.4; 
567; 0; 2066.6208; 170; 273.6; 
567; 0; 2064.8107; 170; 273.8; 
567; 0; 2063.0003; 170; 274; 
567; 0; 2061.1896; 170; 274.2; 
567; 0; 2059.3788; 170; 274.4; 
567; 0; 2058.4476; 170; 274.6; 
567; 0; 2056.3508; 170; 274.8; 
567; 0; 2055.3021; 170; 275; 
567; 0; 2053.2058; 170; 275.2; 
567; 0; 2052.1577; 170; 275.4; 
567; 0; 2051.1099; 170; 275.6; 
567; 0; 2050.0624; 170; 275.8; 
567; 0; 2049.0149; 170; 276; 
567; 0; 2047.9676; 170; 276.2; 
567; 0; 2046.9202; 170; 276.4; 
567; 0; 2045.8725; 170; 276.6; 
567; 0; 2044.8248; 170; 276.8; 
567; 0; 2043.7769; 170; 277; 
567; 0; 2042.7289; 170; 277.2; 
567; 0; 2041.6808; 170; 277.4; 
567; 0; 2040.6325; 170; 277.6; 
567; 0; 2039.5843; 170; 277.8; 
567; 0; 2038.5361; 170; 278; 
567; 0; 2037.488; 170; 278.2; 
567; 0; 2037.4878; 170; 278.4; 
567; 0; 2036.4398; 170; 278.6; 
567; 0; 2035.3919; 170; 278.8; 
567; 0; 2035.3919; 170; 279; 
567; 0; 2034.3441; 170; 279.2; 
567; 0; 2033.2962; 170; 279.4; 
567; 0; 2033.2961; 170; 279.6; 
567; 0; 2032.2482; 170; 279.8; 
567; 0; 2032.248; 170; 280; 
567; 0; 2031.2; 170; 280.2; 
567; 0; 2031.1998; 170; 280.4; 
567; 0; 2030.1518; 170; 280.6; 
567; 0; 2030.1516; 170; 280.8; 
567; 0; 2030.1514; 170; 281; 
567; 0; 2029.1035; 170; 281.2; 
567; 0; 2029.1033; 170; 281.4; 
567; 0; 2028.0553; 170; 281.6; 
567; 0; 2028.0551; 170; 281.8; 
567; 0; 2028.0549; 170; 282; 
567; 0; 2028.0548; 170; 282.2; 
567; 0; 2027.0068; 170; 282.4; 
567; 0; 2027.0066; 170; 282.6; 
567; 0; 2027.0063; 170; 282.8; 
567; 0; 2027.0061; 170; 283; 
567; 0; 2025.958; 170; 283.2; 
567; 0; 2025.9577; 170; 283.4; 
567; 0; 2025.9574; 170; 283.6; 
567; 0; 2025.9572; 170; 283.8; 
567; 0; 2025.9571; 170; 284; 
567; 0; 2024.9091; 170; 284.2; 
567; 0; 2024.909; 170; 284.4; 
567; 0; 2024.9088; 170; 284.6; 
567; 0; 2024.9086; 170; 284.8; 
567; 0; 2024.9085; 170; 285; 
567; 0; 2024.9082; 170; 285.2; 
567; 0; 2024.908; 170; 285.4; 
567; 0; 2024.9078; 170; 285.6; 
567; 0; 2024.9076; 170; 285.8; 
567; 0; 2024.9074; 170; 286; 
567; 0; 2023.8593; 170; 286.2; 
567; 0; 2023.8591; 170; 286.4; 
567; 0; 2023.8588; 170; 286.6; 
567; 0; 2023.8586; 170; 286.8; 
567; 0; 2023.8584; 170; 287; 
567; 0; 2023.8582; 170; 287.2; 
567; 0; 2023.8579; 170; 287.4; 
567; 0; 2023.8577; 170; 287.6; 
567; 0; 2023.8575; 170; 287.8; 
567; 0; 2023.8572; 170; 288; 
567; 0; 2023.857; 170; 288.2; 
567; 0; 2024.9044; 170; 288.4; 
567; 0; 2024.9039; 170; 288.6; 
567; 0; 2024.9031; 170; 288.8; 
567; 0; 2024.902; 170; 289; 
567; 0; 2024.9008; 170; 289.2; 
567; 0; 2024.8995; 170; 289.4; 
567; 0; 2024.8983; 170; 289.6; 
567; 0; 2024.8975; 170; 289.8; 
567; 0; 2025.9449; 170; 290; 
567; 0; 2025.9451; 170; 290.2; 
567; 0; 2025.9457; 170; 290.4; 
567; 0; 2025.9466; 170; 290.6; 
567; 0; 2026.9954; 170; 290.8; 
567; 0; 2026.9964; 170; 291; 
567; 0; 2026.9973; 170; 291.2; 
567; 0; 2026.998; 170; 291.4; 
567; 0; 2026.9984; 170; 291.6; 
567; 0; 2026.9984; 170; 291.8; 
567; 0; 2026.9981; 170; 292; 
567; 0; 2026.9977; 170; 292.2; 
567; 0; 2026.9971; 170; 292.4; 
567; 0; 2026.9964; 170; 292.6; 
567; 0; 2025.948; 170; 292.8; 
567; 0; 2025.9473; 170; 293; 
567; 0; 2025.9468; 170; 293.2; 
567; 0; 2025.9463; 170; 293.4; 
567; 0; 2025.9459; 170; 293.6; 
567; 0; 2025.9456; 170; 293.8; 
567; 0; 2025.9454; 170; 294; 
567; 0; 2025.9452; 170; 294.2; 
567; 0; 2025.945; 170; 294.4; 
567; 0; 2025.9448; 170; 294.6; 
567; 0; 2025.9446; 170; 294.8; 
567; 0; 2025.9443; 170; 295; 
567; 0; 2025.9441; 170; 295.2; 
567; 0; 2025.9439; 170; 295.4; 
567; 0; 2025.9437; 170; 295.6; 
567; 0; 2025.9436; 170; 295.8; 
567; 0; 2025.9433; 170; 296; 
567; 0; 2025.943; 170; 296.2; 
567; 0; 2025.9427; 170; 296.4; 
567; 0; 2025.9424; 170; 296.6; 
567; 0; 2025.9422; 170; 296.8; 
567; 0; 2025.942; 170; 297; 
567; 0; 2025.9418; 170; 297.2; 
567; 0; 2025.9415; 170; 297.4; 
567; 0; 2025.9413; 170; 297.6; 
567; 0; 2025.9411; 170; 297.8; 
567; 0; 2025.941; 170; 298; 
567; 0; 2026.9883; 170; 298.2; 
567; 0; 2026.9872; 170; 298.4; 
567; 0; 2026.9848; 170; 298.6; 
567; 0; 2028.0281; 170; 298.8; 
567; 0; 2028.0213; 170; 299; 
567; 0; 2028.0114; 170; 299.2; 
567; 0; 2027.9984; 170; 299.4; 
567; 0; 2029.0307; 170; 299.6; 
567; 0; 2030.0621; 170; 299.8; 
567; 0; 2033.1895; 170; 300; 
567; 0; 2036.3195; 170; 300.2; 
567; 0; 2041.5486; 170; 300.4; 
567; 0; 2047.8303; 170; 300.6; 
567; 0; 2054.1173; 170; 300.8; 
567; 0; 2060.1956; 170; 301; 
567; 0; 2065.6316; 170; 301.2; 
567; 0; 2070.1648; 170; 301.4; 
567; 0; 2073.7944; 170; 301.6; 
567; 0; 2077.424; 170; 301.8; 
567; 0; 2079.2428; 170; 302; 
567; 0; 2081.0598; 170; 302.2; 
567; 0; 2082.8744; 170; 302.4; 
567; 0; 2082.8764; 170; 302.6; 
567; 0; 2083.7808; 170; 302.8; 
567; 0; 2083.778; 170; 303; 
567; 0; 2083.7736; 170; 303.2; 
567; 0; 2084.6731; 170; 303.4; 
567; 0; 2085.5722; 170; 303.6; 
567; 0; 2086.4718; 170; 303.8; 
567; 0; 2087.3722; 170; 304; 
567; 0; 2089.1788; 170; 304.2; 
567; 0; 2090.9868; 170; 304.4; 
567; 0; 2093.7011; 170; 304.6; 
567; 0; 2095.5119; 170; 304.8; 
567; 0; 2097.3238; 170; 305; 
567; 0; 2098.2315; 170; 305.2; 
567; 0; 2100.0443; 170; 305.4; 
567; 0; 2100.9522; 170; 305.6; 
567; 0; 2101.8597; 170; 305.8; 
567; 0; 2101.8616; 170; 306; 
567; 0; 2101.8627; 170; 306.2; 
567; 0; 2102.7678; 170; 306.4; 
567; 0; 2102.7672; 170; 306.6; 
567; 0; 2102.766; 170; 306.8; 
567; 0; 2102.7643; 170; 307; 
567; 0; 2102.7624; 170; 307.2; 
567; 0; 2102.7605; 170; 307.4; 
567; 0; 2103.6637; 170; 307.6; 
567; 0; 2103.6624; 170; 307.8; 
567; 0; 2104.5664; 170; 308; 
567; 0; 2105.4709; 170; 308.2; 
567; 0; 2105.4709; 170; 308.4; 
567; 0; 2106.3762; 170; 308.6; 
567; 0; 2106.377; 170; 308.8; 
567; 0; 2107.2827; 170; 309; 
567; 0; 2107.2837; 170; 309.2; 
567; 0; 2107.2845; 170; 309.4; 
567; 0; 2107.2852; 170; 309.6; 
567; 0; 2107.2856; 170; 309.8; 
567; 0; 2107.2858; 170; 310; 
567; 0; 2107.2857; 170; 310.2; 
567; 0; 2107.2853; 170; 310.4; 
567; 0; 2107.2848; 170; 310.6; 
567; 0; 2107.2841; 170; 310.8; 
567; 0; 2107.2834; 170; 311; 
567; 0; 2107.2827; 170; 311.2; 
567; 0; 2107.2821; 170; 311.4; 
567; 0; 2107.2817; 170; 311.6; 
567; 0; 2108.1863; 170; 311.8; 
567; 0; 2108.1862; 170; 312; 
567; 0; 2108.1862; 170; 312.2; 
567; 0; 2108.1864; 170; 312.4; 
567; 0; 2108.1866; 170; 312.6; 
567; 0; 2108.1869; 170; 312.8; 
567; 0; 2108.1871; 170; 313; 
567; 0; 2108.1873; 170; 313.2; 
567; 0; 2108.1875; 170; 313.4; 
567; 0; 2108.1876; 170; 313.6; 
567; 0; 2108.1883; 170; 313.8; 
567; 0; 2109.0948; 170; 314; 
567; 0; 2109.098; 170; 314.2; 
567; 0; 2109.1029; 170; 314.4; 
567; 0; 2109.1094; 170; 314.6; 
567; 0; 2108.212; 170; 314.8; 
567; 0; 2107.3146; 170; 315; 
567; 0; 2105.5117; 170; 315.2; 
567; 0; 2102.8022; 170; 315.4; 
567; 0; 2100.9958; 170; 315.6; 
567; 0; 2098.2822; 170; 315.8; 
567; 0; 2094.6616; 170; 316; 
567; 0; 2091.9442; 170; 316.2; 
567; 0; 2089.2257; 170; 316.4; 
567; 0; 2085.6016; 170; 316.6; 
567; 0; 2082.8825; 170; 316.8; 
567; 0; 2080.1639; 170; 317; 
567; 0; 2078.3511; 170; 317.2; 
567; 0; 2076.5393; 170; 317.4; 
567; 0; 2073.8236; 170; 317.6; 
567; 0; 2072.0138; 170; 317.8; 
567; 0; 2070.2047; 170; 318; 
567; 0; 2068.3959; 170; 318.2; 
567; 0; 2067.4922; 170; 318.4; 
567; 0; 2065.6836; 170; 318.6; 
567; 0; 2063.8747; 170; 318.8; 
567; 0; 2062.0655; 170; 319; 
567; 0; 2060.256; 170; 319.2; 
567; 0; 2058.4063; 170; 319.4; 
567; 0; 2056.3104; 170; 319.6; 
567; 0; 2054.2141; 170; 319.8; 
567; 0; 2052.1177; 170; 320; 
567; 0; 2051.069; 170; 320.2; 
567; 0; 2048.9725; 170; 320.4; 
567; 0; 2047.9239; 170; 320.6; 
567; 0; 2046.8756; 170; 320.8; 
567; 0; 2044.7798; 170; 321; 
567; 0; 2043.732; 170; 321.2; 
567; 0; 2042.6843; 170; 321.4; 
567; 0; 2041.6366; 170; 321.6; 
567; 0; 2040.5891; 170; 321.8; 
567; 0; 2039.5415; 170; 322; 
567; 0; 2038.494; 170; 322.2; 
567; 0; 2037.4464; 170; 322.4; 
567; 0; 2036.3987; 170; 322.6; 
567; 0; 2035.3509; 170; 322.8; 
567; 0; 2034.303; 170; 323; 
567; 0; 2033.255; 170; 323.2; 
567; 0; 2032.207; 170; 323.4; 
567; 0; 2032.2068; 170; 323.6; 
567; 0; 2031.1588; 170; 323.8; 
567; 0; 2030.1109; 170; 324; 
567; 0; 2030.1108; 170; 324.2; 
567; 0; 2029.0629; 170; 324.4; 
567; 0; 2029.0627; 170; 324.6; 
567; 0; 2028.0149; 170; 324.8; 
567; 0; 2028.0147; 170; 325; 
567; 0; 2026.9668; 170; 325.2; 
567; 0; 2026.9667; 170; 325.4; 
567; 0; 2025.9188; 170; 325.6; 
567; 0; 2025.9187; 170; 325.8; 
567; 0; 2025.9185; 170; 326; 
567; 0; 2024.8707; 170; 326.2; 
567; 0; 2024.8705; 170; 326.4; 
567; 0; 2024.8704; 170; 326.6; 
567; 0; 2023.8225; 170; 326.8; 
567; 0; 2023.8224; 170; 327; 
567; 0; 2023.8223; 170; 327.2; 
567; 0; 2023.8222; 170; 327.4; 
567; 0; 2022.7743; 170; 327.6; 
567; 0; 2022.7741; 170; 327.8; 
567; 0; 2022.7739; 170; 328; 
567; 0; 2022.7737; 170; 328.2; 
567; 0; 2022.7735; 170; 328.4; 
567; 0; 2022.7733; 170; 328.6; 
567; 0; 2021.7254; 170; 328.8; 
567; 0; 2021.7252; 170; 329; 
567; 0; 2021.7251; 170; 329.2; 
567; 0; 2021.7249; 170; 329.4; 
567; 0; 2021.7247; 170; 329.6; 
567; 0; 2021.7245; 170; 329.8; 
567; 0; 2021.7243; 170; 330; 
567; 0; 2021.724; 170; 330.2; 
567; 0; 2021.7237; 170; 330.4; 
567; 0; 2021.7235; 170; 330.6; 
567; 0; 2021.7233; 170; 330.8; 
567; 0; 2021.7232; 170; 331; 
567; 0; 2020.6753; 170; 331.2; 
567; 0; 2020.6752; 170; 331.4; 
567; 0; 2020.6751; 170; 331.6; 
567; 0; 2020.675; 170; 331.8; 
567; 0; 2020.6748; 170; 332; 
567; 0; 2020.6746; 170; 332.2; 
567; 0; 2020.6744; 170; 332.4; 
567; 0; 2020.6742; 170; 332.6; 
567; 0; 2020.674; 170; 332.8; 
567; 0; 2020.6738; 170; 333; 
567; 0; 2020.6737; 170; 333.2; 
567; 0; 2020.6736; 170; 333.4; 
567; 0; 2021.7212; 170; 333.6; 
567; 0; 2021.721; 170; 333.8; 
567; 0; 2021.7208; 170; 334; 
567; 0; 2021.7205; 170; 334.2; 
567; 0; 2021.7202; 170; 334.4; 
567; 0; 2021.72; 170; 334.6; 
567; 0; 2021.7197; 170; 334.8; 
567; 0; 2021.7195; 170; 335; 
567; 0; 2021.7194; 170; 335.2; 
567; 0; 2021.7193; 170; 335.4; 
567; 0; 2021.7192; 170; 335.6; 
567; 0; 2021.719; 170; 335.8; 
567; 0; 2021.7188; 170; 336; 
567; 0; 2021.7186; 170; 336.2; 
567; 0; 2021.7184; 170; 336.4; 
567; 0; 2021.7182; 170; 336.6; 
567; 0; 2021.718; 170; 336.8; 
567; 0; 2021.7178; 170; 337; 
567; 0; 2021.7176; 170; 337.2; 
567; 0; 2021.7174; 170; 337.4; 
567; 0; 2021.7172; 170; 337.6; 
567; 0; 2021.7171; 170; 337.8; 
567; 0; 2021.7169; 170; 338; 
567; 0; 2021.7167; 170; 338.2; 
567; 0; 2021.7165; 170; 338.4; 
567; 0; 2021.7163; 170; 338.6; 
567; 0; 2022.7639; 170; 338.8; 
567; 0; 2022.7638; 170; 339; 
567; 0; 2022.7637; 170; 339.2; 
567; 0; 2022.7636; 170; 339.4; 
567; 0; 2022.7634; 170; 339.6; 
567; 0; 2022.7633; 170; 339.8; 
567; 0; 2022.7631; 170; 340; 
567; 0; 2022.7629; 170; 340.2; 
567; 0; 2022.7627; 170; 340.4; 
567; 0; 2022.7625; 170; 340.6; 
567; 0; 2022.7623; 170; 340.8; 
567; 0; 2022.762; 170; 341; 
567; 0; 2022.7618; 170; 341.2; 
567; 0; 2022.7616; 170; 341.4; 
567; 0; 2022.7614; 170; 341.6; 
567; 0; 2022.7612; 170; 341.8; 
567; 0; 2022.761; 170; 342; 
567; 0; 2022.7608; 170; 342.2; 
567; 0; 2023.8084; 170; 342.4; 
567; 0; 2023.8082; 170; 342.6; 
567; 0; 2023.8081; 170; 342.8; 
567; 0; 2023.8079; 170; 343; 
567; 0; 2023.8077; 170; 343.2; 
567; 0; 2024.8552; 170; 343.4; 
567; 0; 2024.8551; 170; 343.6; 
567; 0; 2025.9024; 170; 343.8; 
567; 0; 2025.9015; 170; 344; 
567; 0; 2026.9472; 170; 344.2; 
567; 0; 2026.9438; 170; 344.4; 
567; 0; 2027.9861; 170; 344.6; 
567; 0; 2027.978; 170; 344.8; 
567; 0; 2027.9667; 170; 345; 
567; 0; 2027.9526; 170; 345.2; 
567; 0; 2028.9843; 170; 345.4; 
567; 0; 2031.0635; 170; 345.6; 
567; 0; 2034.1919; 170; 345.8; 
567; 0; 2038.371; 170; 346; 
567; 0; 2043.6022; 170; 346.2; 
567; 0; 2049.8861; 170; 346.4; 
567; 0; 2056.1754; 170; 346.6; 
567; 0; 2061.9823; 170; 346.8; 
567; 0; 2067.4191; 170; 347; 
567; 0; 2071.048; 170; 347.2; 
567; 0; 2074.6774; 170; 347.4; 
567; 0; 2077.4016; 170; 347.6; 
567; 0; 2079.2194; 170; 347.8; 
567; 0; 2081.0351; 170; 348; 
567; 0; 2081.9432; 170; 348.2; 
567; 0; 2081.9438; 170; 348.4; 
567; 0; 2082.8468; 170; 348.6; 
567; 0; 2082.843; 170; 348.8; 
567; 0; 2082.838; 170; 349; 
567; 0; 2083.7372; 170; 349.2; 
567; 0; 2084.6366; 170; 349.4; 
567; 0; 2085.5367; 170; 349.6; 
567; 0; 2087.3428; 170; 349.8; 
567; 0; 2089.1502; 170; 350; 
567; 0; 2090.9591; 170; 350.2; 
567; 0; 2092.7693; 170; 350.4; 
567; 0; 2094.5808; 170; 350.6; 
567; 0; 2096.393; 170; 350.8; 
567; 0; 2097.3009; 170; 351; 
567; 0; 2098.2088; 170; 351.2; 
567; 0; 2099.1163; 170; 351.4; 
567; 0; 2100.0235; 170; 351.6; 
567; 0; 2100.0257; 170; 351.8; 
567; 0; 2100.9327; 170; 352; 
567; 0; 2100.9351; 170; 352.2; 
567; 0; 2100.9378; 170; 352.4; 
567; 0; 2100.9409; 170; 352.6; 
567; 0; 2100.0392; 170; 352.8; 
567; 0; 2100.0425; 170; 353; 
567; 0; 2099.1406; 170; 353.2; 
567; 0; 2097.3333; 170; 353.4; 
567; 0; 2096.4301; 170; 353.6; 
567; 0; 2094.6213; 170; 353.8; 
567; 0; 2092.8116; 170; 354; 
567; 0; 2091.0012; 170; 354.2; 
567; 0; 2088.2853; 170; 354.4; 
567; 0; 2086.4739; 170; 354.6; 
567; 0; 2084.6623; 170; 354.8; 
567; 0; 2082.8508; 170; 355; 
567; 0; 2081.0396; 170; 355.2; 
567; 0; 2080.1337; 170; 355.4; 
567; 0; 2078.3234; 170; 355.6; 
567; 0; 2076.5136; 170; 355.8; 
567; 0; 2075.6091; 170; 356; 
567; 0; 2073.8001; 170; 356.2; 
567; 0; 2072.896; 170; 356.4; 
567; 0; 2071.0872; 170; 356.6; 
567; 0; 2069.2783; 170; 356.8; 
567; 0; 2068.3741; 170; 357; 
567; 0; 2066.5649; 170; 357.2; 
567; 0; 2064.7553; 170; 357.4; 
567; 0; 2063.8505; 170; 357.6; 
567; 0; 2062.0406; 170; 357.8; 
567; 0; 2061.1355; 170; 358; 
567; 0; 2059.3254; 170; 358.2; 
567; 0; 2058.3667; 170; 358.4; 
567; 0; 2056.2709; 170; 358.6; 
567; 0; 2055.2229; 170; 358.8; 
567; 0; 2054.1751; 170; 359; 
567; 0; 2053.1275; 170; 359.2; 
567; 0; 2051.0323; 170; 359.4; 
567; 0; 2049.9848; 170; 359.6; 
567; 0; 2048.9375; 170; 359.8; 
567; 0; 2047.8901; 170; 360; 
567; 0; 2046.8426; 170; 360.2; 
567; 0; 2045.7952; 170; 360.4; 
567; 0; 2044.7476; 170; 360.6; 
567; 0; 2043.7; 170; 360.8; 
567; 0; 2042.6524; 170; 361; 
567; 0; 2041.6047; 170; 361.2; 
567; 0; 2040.5569; 170; 361.4; 
567; 0; 2040.5568; 170; 361.6; 
567; 0; 2039.509; 170; 361.8; 
567; 0; 2038.4612; 170; 362; 
567; 0; 2037.4135; 170; 362.2; 
567; 0; 2036.3657; 170; 362.4; 
567; 0; 2036.3656; 170; 362.6; 
567; 0; 2035.3179; 170; 362.8; 
567; 0; 2035.3179; 170; 363; 
567; 0; 2034.2702; 170; 363.2; 
567; 0; 2033.2226; 170; 363.4; 
567; 0; 2033.2226; 170; 363.6; 
567; 0; 2032.175; 170; 363.8; 
567; 0; 2032.175; 170; 364; 
567; 0; 2031.1273; 170; 364.2; 
567; 0; 2031.1272; 170; 364.4; 
567; 0; 2030.0793; 170; 364.6; 
567; 0; 2030.0792; 170; 364.8; 
567; 0; 2029.0313; 170; 365; 
567; 0; 2029.0312; 170; 365.2; 
567; 0; 2029.0312; 170; 365.4; 
567; 0; 2027.9835; 170; 365.6; 
567; 0; 2027.9835; 170; 365.8; 
567; 0; 2027.9835; 170; 366; 
567; 0; 2026.9358; 170; 366.2; 
567; 0; 2026.9357; 170; 366.4; 
567; 0; 2026.9357; 170; 366.6; 
567; 0; 2025.8879; 170; 366.8; 
567; 0; 2025.8878; 170; 367; 
567; 0; 2025.8877; 170; 367.2; 
567; 0; 2025.8875; 170; 367.4; 
567; 0; 2024.8396; 170; 367.6; 
567; 0; 2024.8393; 170; 367.8; 
567; 0; 2024.8391; 170; 368; 
567; 0; 2024.839; 170; 368.2; 
567; 0; 2023.7913; 170; 368.4; 
567; 0; 2023.7912; 170; 368.6; 
567; 0; 2023.7911; 170; 368.8; 
567; 0; 2023.7909; 170; 369; 
567; 0; 2023.7908; 170; 369.2; 
567; 0; 2023.7907; 170; 369.4; 
567; 0; 2023.7906; 170; 369.6; 
567; 0; 2022.7429; 170; 369.8; 
567; 0; 2022.7428; 170; 370; 
567; 0; 2022.7426; 170; 370.2; 
567; 0; 2022.7424; 170; 370.4; 
567; 0; 2022.7422; 170; 370.6; 
567; 0; 2022.7421; 170; 370.8; 
567; 0; 2022.7419; 170; 371; 
567; 0; 2022.7418; 170; 371.2; 
567; 0; 2022.7417; 170; 371.4; 
567; 0; 2022.7416; 170; 371.6; 
567; 0; 2022.7414; 170; 371.8; 
567; 0; 2022.7413; 170; 372; 
567; 0; 2022.7412; 170; 372.2; 
567; 0; 2022.7411; 170; 372.4; 
567; 0; 2021.6933; 170; 372.6; 
567; 0; 2021.6932; 170; 372.8; 
567; 0; 2021.6931; 170; 373; 
567; 0; 2021.6929; 170; 373.2; 
567; 0; 2021.6927; 170; 373.4; 
567; 0; 2021.6924; 170; 373.6; 
567; 0; 2021.6922; 170; 373.8; 
567; 0; 2021.692; 170; 374; 
567; 0; 2021.6918; 170; 374.2; 
567; 0; 2021.6917; 170; 374.4; 
567; 0; 2021.6917; 170; 374.6; 
567; 0; 2021.6916; 170; 374.8; 
567; 0; 2021.6915; 170; 375; 
567; 0; 2021.6913; 170; 375.2; 
567; 0; 2021.6912; 170; 375.4; 
567; 0; 2021.691; 170; 375.6; 
567; 0; 2021.6909; 170; 375.8; 
567; 0; 2021.6908; 170; 376; 
567; 0; 2021.6907; 170; 376.2; 
567; 0; 2021.6905; 170; 376.4; 
567; 0; 2021.6903; 170; 376.6; 
567; 0; 2021.6901; 170; 376.8; 
567; 0; 2021.69; 170; 377; 
567; 0; 2022.7375; 170; 377.2; 
567; 0; 2022.7375; 170; 377.4; 
567; 0; 2022.7374; 170; 377.6; 
567; 0; 2022.7373; 170; 377.8; 
567; 0; 2022.7371; 170; 378; 
567; 0; 2022.7368; 170; 378.2; 
567; 0; 2022.7366; 170; 378.4; 
567; 0; 2022.7365; 170; 378.6; 
567; 0; 2022.7363; 170; 378.8; 
567; 0; 2023.7839; 170; 379; 
567; 0; 2023.7838; 170; 379.2; 
567; 0; 2023.7838; 170; 379.4; 
567; 0; 2023.7837; 170; 379.6; 
567; 0; 2023.7836; 170; 379.8; 
567; 0; 2023.7834; 170; 380; 
567; 0; 2023.7831; 170; 380.2; 
567; 0; 2024.8305; 170; 380.4; 
567; 0; 2024.8302; 170; 380.6; 
567; 0; 2024.8299; 170; 380.8; 
567; 0; 2024.8298; 170; 381; 
567; 0; 2024.8296; 170; 381.2; 
567; 0; 2024.8295; 170; 381.4; 
567; 0; 2024.8294; 170; 381.6; 
567; 0; 2025.877; 170; 381.8; 
567; 0; 2025.8769; 170; 382; 
567; 0; 2025.8768; 170; 382.2; 
567; 0; 2025.8767; 170; 382.4; 
567; 0; 2025.8766; 170; 382.6; 
567; 0; 2025.8764; 170; 382.8; 
567; 0; 2025.8763; 170; 383; 
567; 0; 2025.8762; 170; 383.2; 
567; 0; 2025.876; 170; 383.4; 
567; 0; 2025.8759; 170; 383.6; 
567; 0; 2025.8757; 170; 383.8; 
567; 0; 2025.8757; 170; 384; 
567; 0; 2025.8755; 170; 384.2; 
567; 0; 2025.8754; 170; 384.4; 
567; 0; 2025.8752; 170; 384.6; 
567; 0; 2025.875; 170; 384.8; 
567; 0; 2025.8748; 170; 385; 
567; 0; 2025.8747; 170; 385.2; 
567; 0; 2025.8745; 170; 385.4; 
567; 0; 2026.9221; 170; 385.6; 
567; 0; 2026.922; 170; 385.8; 
567; 0; 2026.9219; 170; 386; 
567; 0; 2026.9218; 170; 386.2; 
567; 0; 2026.9217; 170; 386.4; 
567; 0; 2026.9216; 170; 386.6; 
567; 0; 2026.9214; 170; 386.8; 
567; 0; 2026.9212; 170; 387; 
567; 0; 2026.9211; 170; 387.2; 
567; 0; 2026.9209; 170; 387.4; 
567; 0; 2026.9208; 170; 387.6; 
567; 0; 2026.9208; 170; 387.8; 
567; 0; 2026.9207; 170; 388; 
567; 0; 2026.9205; 170; 388.2; 
567; 0; 2026.9204; 170; 388.4; 
567; 0; 2026.9203; 170; 388.6; 
567; 0; 2026.9202; 170; 388.8; 
567; 0; 2026.9201; 170; 389; 
567; 0; 2026.9199; 170; 389.2; 
567; 0; 2026.9198; 170; 389.4; 
567; 0; 2026.9196; 170; 389.6; 
567; 0; 2026.9194; 170; 389.8; 
567; 0; 2025.8716; 170; 390; 
567; 0; 2025.8714; 170; 390.2; 
567; 0; 2025.8712; 170; 390.4; 
567; 0; 2025.8711; 170; 390.6; 
567; 0; 2025.871; 170; 390.8; 
567; 0; 2025.8708; 170; 391; 
567; 0; 2025.8706; 170; 391.2; 
567; 0; 2025.8705; 170; 391.4; 
567; 0; 2025.8705; 170; 391.6; 
567; 0; 2025.8704; 170; 391.8; 
567; 0; 2026.918; 170; 392; 
567; 0; 2026.918; 170; 392.2; 
567; 0; 2026.9179; 170; 392.4; 
567; 0; 2026.9178; 170; 392.6; 
567; 0; 2026.9176; 170; 392.8; 
567; 0; 2026.9175; 170; 393; 
567; 0; 2026.9174; 170; 393.2; 
567; 0; 2026.9173; 170; 393.4; 
567; 0; 2026.9172; 170; 393.6; 
567; 0; 2026.9171; 170; 393.8; 
567; 0; 2026.9169; 170; 394; 
567; 0; 2026.9167; 170; 394.2; 
567; 0; 2026.9165; 170; 394.4; 
567; 0; 2026.9164; 170; 394.6; 
567; 0; 2025.8686; 170; 394.8; 
567; 0; 2025.8685; 170; 395; 
567; 0; 2025.8684; 170; 395.2; 
567; 0; 2025.8684; 170; 395.4; 
567; 0; 2025.8683; 170; 395.6; 
567; 0; 2025.8682; 170; 395.8; 
567; 0; 2025.8681; 170; 396; 
567; 0; 2025.8679; 170; 396.2; 
567; 0; 2025.8678; 170; 396.4; 
567; 0; 2025.8676; 170; 396.6; 
567; 0; 2025.8674; 170; 396.8; 
567; 0; 2025.8673; 170; 397; 
567; 0; 2025.8672; 170; 397.2; 
567; 0; 2025.8671; 170; 397.4; 
567; 0; 2025.8669; 170; 397.6; 
567; 0; 2025.8668; 170; 397.8; 
567; 0; 2026.9143; 170; 398; 
567; 0; 2026.9141; 170; 398.2; 
567; 0; 2026.9141; 170; 398.4; 
567; 0; 2026.9139; 170; 398.6; 
567; 0; 2026.9138; 170; 398.8; 
567; 0; 2026.9137; 170; 399; 
567; 0; 2026.9136; 170; 399.2; 
567; 0; 2026.9136; 170; 399.4; 
567; 0; 2026.9137; 170; 399.6; 
567; 0; 2026.9136; 170; 399.8; 
567; 0; 2026.9135; 170; 400; 
567; 0; 2026.9133; 170; 400.2; 
567; 0; 2025.8655; 170; 400.4; 
567; 0; 2025.8653; 170; 400.6; 
567; 0; 2025.8651; 170; 400.8; 
567; 0; 2025.8649; 170; 401; 
567; 0; 2025.8648; 170; 401.2; 
567; 0; 2025.8646; 170; 401.4; 
567; 0; 2025.8645; 170; 401.6; 
567; 0; 2025.8643; 170; 401.8; 
567; 0; 2025.8641; 170; 402; 
567; 0; 2025.864; 170; 402.2; 
567; 0; 2025.8639; 170; 402.4; 
567; 0; 2025.8638; 170; 402.6; 
567; 0; 2025.8637; 170; 402.8; 
567; 0; 2025.8637; 170; 403; 
567; 0; 2025.8636; 170; 403.2; 
567; 0; 2025.8635; 170; 403.4; 
567; 0; 2025.8635; 170; 403.6; 
567; 0; 2025.8634; 170; 403.8; 
567; 0; 2025.8634; 170; 404; 
567; 0; 2025.8634; 170; 404.2; 
567; 0; 2025.8633; 170; 404.4; 
567; 0; 2025.8632; 170; 404.6; 
567; 0; 2025.863; 170; 404.8; 
567; 0; 2025.8628; 170; 405; 
567; 0; 2025.8626; 170; 405.2; 
567; 0; 2025.8624; 170; 405.4; 
567; 0; 2025.8622; 170; 405.6; 
567; 0; 2025.862; 170; 405.8; 
567; 0; 2025.8618; 170; 406; 
567; 0; 2026.9093; 170; 406.2; 
567; 0; 2026.9092; 170; 406.4; 
567; 0; 2026.9092; 170; 406.6; 
567; 0; 2026.9092; 170; 406.8; 
567; 0; 2026.9091; 170; 407; 
567; 0; 2026.9091; 170; 407.2; 
567; 0; 2026.909; 170; 407.4; 
567; 0; 2026.9088; 170; 407.6; 
567; 0; 2025.861; 170; 407.8; 
567; 0; 2025.8608; 170; 408; 
567; 0; 2025.8607; 170; 408.2; 
567; 0; 2025.8605; 170; 408.4; 
567; 0; 2025.8604; 170; 408.6; 
567; 0; 2025.8602; 170; 408.8; 
567; 0; 2025.8602; 170; 409; 
567; 0; 2025.8601; 170; 409.2; 
567; 0; 2025.86; 170; 409.4; 
567; 0; 2025.8599; 170; 409.6; 
567; 0; 2025.8599; 170; 409.8; 
567; 0; 2025.8598; 170; 410; 
567; 0; 2025.8597; 170; 410.2; 
567; 0; 2025.8595; 170; 410.4; 
567; 0; 2025.8594; 170; 410.6; 
567; 0; 2025.8593; 170; 410.8; 
567; 0; 2025.8592; 170; 411; 
567; 0; 2015.4544; 170; 411.2; 
567; 0; 1821.0579; 170; 411.4; 
567; 0; 1607.0299; 170; 411.6; 
567; 0; 1585.5323; 170; 411.8; 
567; 0; 1585.5323; 170; 412; 
567; 0; 1585.5322; 170; 412.2; 
567; 0; 1585.5321; 170; 412.4; 
567; 0; 1585.532; 170; 412.6; 
567; 0; 1585.5319; 170; 412.8; 
567; 0; 1585.5318; 170; 413; 
567; 0; 1585.5316; 170; 413.2; 
567; 0; 1585.5314; 170; 413.4; 
567; 0; 1585.5312; 170; 413.6; 
567; 0; 1585.531; 170; 413.8; 
567; 0; 1585.5307; 170; 414; 
567; 0; 1585.5304; 170; 414.2; 
567; 0; 1585.5301; 170; 414.4; 
567; 0; 1585.5298; 170; 414.6; 
567; 0; 1585.5295; 170; 414.8; 
567; 0; 1585.5292; 170; 415; 
567; 0; 1585.5288; 170; 415.2; 
567; 0; 1585.5284; 170; 415.4; 
567; 0; 1585.528; 170; 415.6; 
567; 0; 1585.5276; 170; 415.8; 
567; 0; 1585.5271; 170; 416; 
567; 0; 1572.2231; 170; 416.2; 
567; 0; 1572.2226; 170; 416.4; 
567; 0; 1572.222; 170; 416.6; 
567; 0; 1572.2215; 170; 416.8; 
567; 0; 1572.2209; 170; 417; 
567; 0; 1572.2204; 170; 417.2; 
567; 0; 1572.2198; 170; 417.4; 
567; 0; 1572.2194; 170; 417.6; 
567; 0; 1572.2189; 170; 417.8; 
567; 0; 1572.2184; 170; 418; 
567; 0; 1572.218; 170; 418.2; 
567; 0; 1572.2175; 170; 418.4; 
567; 0; 1572.217; 170; 418.6; 
567; 0; 1572.2165; 170; 418.8; 
567; 0; 1572.216; 170; 419; 
567; 0; 1572.2155; 170; 419.2; 
567; 0; 1572.215; 170; 419.4; 
567; 0; 1572.2144; 170; 419.6; 
567; 0; 1572.2139; 170; 419.8; 
567; 0; 1572.2134; 170; 420; 
567; 0; 1572.2129; 170; 420.2; 
567; 0; 1558.897; 170; 420.4; 
567; 0; 1558.8965; 170; 420.6; 
567; 0; 1558.896; 170; 420.8; 
567; 0; 1558.8955; 170; 421; 
567; 0; 1558.895; 170; 421.2; 
567; 0; 1558.8945; 170; 421.4; 
567; 0; 1558.8941; 170; 421.6; 
567; 0; 1558.8937; 170; 421.8; 
567; 0; 1558.8932; 170; 422; 
567; 0; 1558.8927; 170; 422.2; 
567; 0; 1558.8922; 170; 422.4; 
567; 0; 1558.8918; 170; 422.6; 
567; 0; 1558.8913; 170; 422.8; 
567; 0; 1558.8907; 170; 423; 
567; 0; 1558.8902; 170; 423.2; 
567; 0; 1558.8897; 170; 423.4; 
567; 0; 1558.8892; 170; 423.6; 
567; 0; 1558.8888; 170; 423.8; 
567; 0; 1558.8883; 170; 424; 
567; 0; 1558.8878; 170; 424.2; 
567; 0; 1558.8874; 170; 424.4; 
567; 0; 1558.8869; 170; 424.6; 
567; 0; 1558.8865; 170; 424.8; 
567; 0; 1545.554; 170; 425; 
567; 0; 1545.5535; 170; 425.2; 
567; 0; 1545.553; 170; 425.4; 
567; 0; 1545.5525; 170; 425.6; 
567; 0; 1545.552; 170; 425.8; 
567; 0; 1545.5516; 170; 426; 
567; 0; 1545.5511; 170; 426.2; 
567; 0; 1545.5507; 170; 426.4; 
567; 0; 1545.5503; 170; 426.6; 
567; 0; 1545.5499; 170; 426.8; 
567; 0; 1545.5495; 170; 427; 
567; 0; 1545.549; 170; 427.2; 
567; 0; 1545.5485; 170; 427.4; 
567; 0; 1545.548; 170; 427.6; 
567; 0; 1545.5475; 170; 427.8; 
567; 0; 1545.547; 170; 428; 
567; 0; 1545.5465; 170; 428.2; 
567; 0; 1545.5461; 170; 428.4; 
567; 0; 1545.5457; 170; 428.6; 
567; 0; 1545.5453; 170; 428.8; 
567; 0; 1545.5449; 170; 429; 
567; 0; 1545.5444; 170; 429.2; 
567; 0; 1545.544; 170; 429.4; 
567; 0; 1545.5435; 170; 429.6; 
567; 0; 1545.5431; 170; 429.8; 
567; 0; 1530.5795; 170; 430; 
567; 0; 1530.5791; 170; 430.2; 
567; 0; 1530.5787; 170; 430.4; 
567; 0; 1530.5782; 170; 430.6; 
567; 0; 1530.5778; 170; 430.8; 
567; 0; 1530.5774; 170; 431; 
567; 0; 1530.577; 170; 431.2; 
567; 0; 1530.5766; 170; 431.4; 
567; 0; 1530.5762; 170; 431.6; 
567; 0; 1530.5758; 170; 431.8; 
567; 0; 1530.5753; 170; 432; 
567; 0; 1530.5749; 170; 432.2; 
567; 0; 1530.5745; 170; 432.4; 
567; 0; 1530.5741; 170; 432.6; 
567; 0; 1530.5737; 170; 432.8; 
567; 0; 1530.5733; 170; 433; 
567; 0; 1530.5729; 170; 433.2; 
567; 0; 1530.5724; 170; 433.4; 
567; 0; 1530.572; 170; 433.6; 
567; 0; 1530.5716; 170; 433.8; 
567; 0; 1530.5712; 170; 434; 
567; 0; 1530.5709; 170; 434.2; 
567; 0; 1530.5705; 170; 434.4; 
567; 0; 1530.5701; 170; 434.6; 
567; 0; 1530.5697; 170; 434.8; 
567; 0; 1530.5692; 170; 435; 
567; 0; 1530.5688; 170; 435.2; 
567; 0; 1530.5684; 170; 435.4; 
567; 0; 1515.6355; 170; 435.6; 
567; 0; 1515.6351; 170; 435.8; 
567; 0; 1515.6347; 170; 436; 
567; 0; 1515.6344; 170; 436.2; 
567; 0; 1515.634; 170; 436.4; 
567; 0; 1516.7649; 170; 436.6; 
567; 0; 1528.0774; 170; 436.8; 
567; 0; 1540.521; 170; 437; 
567; 0; 1551.8334; 170; 437.2; 
567; 0; 1564.2769; 170; 437.4; 
567; 0; 1575.5892; 170; 437.6; 
567; 0; 1586.9014; 170; 437.8; 
567; 0; 1598.2136; 170; 438; 
567; 0; 1609.5258; 170; 438.2; 
567; 0; 1619.7067; 170; 438.4; 
567; 0; 1629.8876; 170; 438.6; 
567; 0; 1640.0685; 170; 438.8; 
567; 0; 1649.1182; 170; 439; 
567; 0; 1658.1678; 170; 439.2; 
567; 0; 1667.2173; 170; 439.4; 
567; 0; 1675.1356; 170; 439.6; 
567; 0; 1683.0539; 170; 439.8; 
567; 0; 1689.8409; 170; 440; 
567; 0; 1696.628; 170; 440.2; 
567; 0; 1703.415; 170; 440.4; 
567; 0; 1710.202; 170; 440.6; 
567; 0; 1715.8576; 170; 440.8; 
567; 0; 1721.5127; 170; 441; 
567; 0; 1727.1668; 170; 441.2; 
567; 0; 1732.8367; 170; 441.4; 
567; 0; 1737.0374; 170; 441.6; 
567; 0; 1740.1171; 170; 441.8; 
567; 0; 1744.2229; 170; 442; 
567; 0; 1747.2973; 170; 442.2; 
567; 0; 1751.3981; 170; 442.4; 
567; 0; 1755.4979; 170; 442.6; 
567; 0; 1760.6264; 170; 442.8; 
567; 0; 1767.8135; 170; 443; 
567; 0; 1775.0037; 170; 443.2; 
567; 0; 1784.2547; 170; 443.4; 
567; 0; 1793.5103; 170; 443.6; 
567; 0; 1789.9908; 170; 443.8; 
567; 0; 1799.3481; 170; 444; 
567; 0; 1807.6705; 170; 444.2; 
567; 0; 1814.9566; 170; 444.4; 
567; 0; 1820.1663; 170; 444.6; 
567; 0; 1825.3754; 170; 444.8; 
567; 0; 1828.505; 170; 445; 
567; 0; 1830.5928; 170; 445.2; 
567; 0; 1832.677; 170; 445.4; 
567; 0; 1833.7183; 170; 445.6; 
567; 0; 1833.7171; 170; 445.8; 
567; 0; 1834.7515; 170; 446; 
567; 0; 1834.7448; 170; 446.2; 
567; 0; 1835.7754; 170; 446.4; 
567; 0; 1836.8057; 170; 446.6; 
567; 0; 1838.8752; 170; 446.8; 
567; 0; 1840.9459; 170; 447; 
567; 0; 1843.0184; 170; 447.2; 
567; 0; 1846.1318; 170; 447.4; 
567; 0; 1848.2087; 170; 447.6; 
567; 0; 1851.3263; 170; 447.8; 
567; 0; 1853.4068; 170; 448; 
567; 0; 1855.4884; 170; 448.2; 
567; 0; 1857.5707; 170; 448.4; 
567; 0; 1858.6143; 170; 448.6; 
567; 0; 1859.6574; 170; 448.8; 
567; 0; 1860.6997; 170; 449; 
567; 0; 1860.7021; 170; 449.2; 
567; 0; 1861.7421; 170; 449.4; 
567; 0; 1861.7421; 170; 449.6; 
567; 0; 1861.7411; 170; 449.8; 
567; 0; 1861.7392; 170; 450; 
567; 0; 1861.7369; 170; 450.2; 
567; 0; 1861.7343; 170; 450.4; 
567; 0; 1861.7319; 170; 450.6; 
567; 0; 1862.769; 170; 450.8; 
567; 0; 1862.7689; 170; 451; 
567; 0; 1863.8099; 170; 451.2; 
567; 0; 1864.8539; 170; 451.4; 
567; 0; 1865.901; 170; 451.6; 
567; 0; 1865.9118; 170; 451.8; 
567; 0; 1865.9242; 170; 452; 
567; 0; 1864.898; 170; 452.2; 
567; 0; 1862.8301; 170; 452.4; 
567; 0; 1859.721; 170; 452.6; 
567; 0; 1856.6092; 170; 452.8; 
567; 0; 1853.4946; 170; 453; 
567; 0; 1849.3382; 170; 453.2; 
567; 0; 1845.1794; 170; 453.4; 
567; 0; 1841.0188; 170; 453.6; 
567; 0; 1837.896; 170; 453.8; 
567; 0; 1834.7729; 170; 454; 
567; 0; 1831.6492; 170; 454.2; 
567; 0; 1829.5655; 170; 454.4; 
567; 0; 1827.4837; 170; 454.6; 
567; 0; 1825.4037; 170; 454.8; 
567; 0; 1824.3644; 170; 455; 
567; 0; 1822.2878; 170; 455.2; 
567; 0; 1821.251; 170; 455.4; 
567; 0; 1819.176; 170; 455.6; 
567; 0; 1818.1399; 170; 455.8; 
567; 0; 1817.1036; 170; 456; 
567; 0; 1815.028; 170; 456.2; 
567; 0; 1813.9905; 170; 456.4; 
567; 0; 1811.9135; 170; 456.6; 
567; 0; 1810.8747; 170; 456.8; 
567; 0; 1808.7966; 170; 457; 
567; 0; 1807.7568; 170; 457.2; 
567; 0; 1805.678; 170; 457.4; 
567; 0; 1804.638; 170; 457.6; 
567; 0; 1803.598; 170; 457.8; 
567; 0; 1802.5584; 170; 458; 
567; 0; 1801.519; 170; 458.2; 
567; 0; 1800.4799; 170; 458.4; 
567; 0; 1800.4799; 170; 458.6; 
567; 0; 1799.4413; 170; 458.8; 
567; 0; 1798.4028; 170; 459; 
567; 0; 1798.4032; 170; 459.2; 
567; 0; 1797.3648; 170; 459.4; 
567; 0; 1797.3652; 170; 459.6; 
567; 0; 1796.3267; 170; 459.8; 
567; 0; 1796.327; 170; 460; 
567; 0; 1795.2884; 170; 460.2; 
567; 0; 1795.2885; 170; 460.4; 
567; 0; 1794.2497; 170; 460.6; 
567; 0; 1794.2496; 170; 460.8; 
567; 0; 1793.2107; 170; 461; 
567; 0; 1793.2107; 170; 461.2; 
567; 0; 1793.2107; 170; 461.4; 
567; 0; 1792.172; 170; 461.6; 
567; 0; 1792.1721; 170; 461.8; 
567; 0; 1792.1722; 170; 462; 
567; 0; 1791.1334; 170; 462.2; 
567; 0; 1791.1334; 170; 462.4; 
567; 0; 1791.1335; 170; 462.6; 
567; 0; 1791.1335; 170; 462.8; 
567; 0; 1790.0948; 170; 463; 
567; 0; 1790.0949; 170; 463.2; 
567; 0; 1790.095; 170; 463.4; 
567; 0; 1790.095; 170; 463.6; 
567; 0; 1789.0563; 170; 463.8; 
567; 0; 1789.0563; 170; 464; 
567; 0; 1789.0563; 170; 464.2; 
567; 0; 1789.0564; 170; 464.4; 
567; 0; 1789.0564; 170; 464.6; 
567; 0; 1789.0565; 170; 464.8; 
567; 0; 1789.0566; 170; 465; 
567; 0; 1788.0178; 170; 465.2; 
567; 0; 1788.0179; 170; 465.4; 
567; 0; 1788.0179; 170; 465.6; 
567; 0; 1788.018; 170; 465.8; 
567; 0; 1788.018; 170; 466; 
567; 0; 1788.018; 170; 466.2; 
567; 0; 1788.018; 170; 466.4; 
567; 0; 1788.0181; 170; 466.6; 
567; 0; 1788.0182; 170; 466.8; 
567; 0; 1786.9794; 170; 467; 
567; 0; 1786.9795; 170; 467.2; 
567; 0; 1786.9796; 170; 467.4; 
567; 0; 1786.9796; 170; 467.6; 
567; 0; 1786.9797; 170; 467.8; 
567; 0; 1799.7876; 170; 468; 
567; 0; 1799.7877; 170; 468.2; 
567; 0; 1799.7877; 170; 468.4; 
567; 0; 1799.7878; 170; 468.6; 
567; 0; 1799.7878; 170; 468.8; 
567; 0; 1798.7592; 170; 469; 
567; 0; 1798.7592; 170; 469.2; 
567; 0; 1798.7593; 170; 469.4; 
567; 0; 1797.7307; 170; 469.6; 
567; 0; 1797.7307; 170; 469.8; 
567; 0; 1797.7307; 170; 470; 
567; 0; 1796.7021; 170; 470.2; 
567; 0; 1796.7021; 170; 470.4; 
567; 0; 1795.6736; 170; 470.6; 
567; 0; 1795.6736; 170; 470.8; 
567; 0; 1794.6451; 170; 471; 
567; 0; 1794.6453; 170; 471.2; 
567; 0; 1794.6454; 170; 471.4; 
567; 0; 1793.6169; 170; 471.6; 
567; 0; 1793.617; 170; 471.8; 
567; 0; 1792.5885; 170; 472; 
567; 0; 1792.5886; 170; 472.2; 
567; 0; 1792.5886; 170; 472.4; 
567; 0; 1791.5601; 170; 472.6; 
567; 0; 1791.56; 170; 472.8; 
567; 0; 1790.5314; 170; 473; 
567; 0; 1790.5314; 170; 473.2; 
567; 0; 1790.5314; 170; 473.4; 
567; 0; 1790.5315; 170; 473.6; 
567; 0; 1789.503; 170; 473.8; 
567; 0; 1789.503; 170; 474; 
567; 0; 1789.5032; 170; 474.2; 
567; 0; 1789.5033; 170; 474.4; 
567; 0; 1789.5034; 170; 474.6; 
567; 0; 1788.4749; 170; 474.8; 
567; 0; 1788.4749; 170; 475; 
567; 0; 1788.475; 170; 475.2; 
567; 0; 1788.4749; 170; 475.4; 
567; 0; 1788.4743; 170; 475.6; 
567; 0; 1789.5014; 170; 475.8; 
567; 0; 1789.4984; 170; 476; 
567; 0; 1789.4933; 170; 476.2; 
567; 0; 1788.4569; 170; 476.4; 
567; 0; 1788.4461; 170; 476.6; 
567; 0; 1788.4327; 170; 476.8; 
567; 0; 1789.4463; 170; 477; 
567; 0; 1791.4883; 170; 477.2; 
567; 0; 1795.5887; 170; 477.4; 
567; 0; 1787.9201; 170; 477.6; 
567; 0; 1794.1454; 170; 477.8; 
567; 0; 1800.3757; 170; 478; 
567; 0; 1808.6882; 170; 478.2; 
567; 0; 1815.967; 170; 478.4; 
567; 0; 1823.2498; 170; 478.6; 
567; 0; 1828.4582; 170; 478.8; 
567; 0; 1833.6679; 170; 479; 
567; 0; 1837.8389; 170; 479.2; 
567; 0; 1839.9308; 170; 479.4; 
567; 0; 1842.0199; 170; 479.6; 
567; 0; 1843.0668; 170; 479.8; 
567; 0; 1843.0708; 170; 480; 
567; 0; 1843.071; 170; 480.2; 
567; 0; 1843.0677; 170; 480.4; 
567; 0; 1843.0617; 170; 480.6; 
567; 0; 1843.0541; 170; 480.8; 
567; 0; 1843.0458; 170; 481; 
567; 0; 1844.0765; 170; 481.2; 
567; 0; 1845.1082; 170; 481.4; 
567; 0; 1847.1803; 170; 481.6; 
567; 0; 1849.2544; 170; 481.8; 
567; 0; 1851.3306; 170; 482; 
567; 0; 1854.4477; 170; 482.2; 
567; 0; 1856.5277; 170; 482.4; 
567; 0; 1857.5703; 170; 482.6; 
567; 0; 1859.6524; 170; 482.8; 
567; 0; 1860.696; 170; 483; 
567; 0; 1861.7393; 170; 483.2; 
567; 0; 1861.7431; 170; 483.4; 
567; 0; 1861.7458; 170; 483.6; 
567; 0; 1861.7474; 170; 483.8; 
567; 0; 1861.7477; 170; 484; 
567; 0; 1861.7469; 170; 484.2; 
567; 0; 1861.7452; 170; 484.4; 
567; 0; 1861.743; 170; 484.6; 
567; 0; 1861.7404; 170; 484.8; 
567; 0; 1861.7379; 170; 485; 
567; 0; 1861.7357; 170; 485.2; 
567; 0; 1861.734; 170; 485.4; 
567; 0; 1862.7717; 170; 485.6; 
567; 0; 1862.7713; 170; 485.8; 
567; 0; 1863.8103; 170; 486; 
567; 0; 1863.8111; 170; 486.2; 
567; 0; 1864.8509; 170; 486.4; 
567; 0; 1864.8523; 170; 486.6; 
567; 0; 1864.8537; 170; 486.8; 
567; 0; 1864.855; 170; 487; 
567; 0; 1865.8949; 170; 487.2; 
567; 0; 1865.8957; 170; 487.4; 
567; 0; 1864.8574; 170; 487.6; 
567; 0; 1864.8576; 170; 487.8; 
567; 0; 1864.8575; 170; 488; 
567; 0; 1864.8571; 170; 488.2; 
567; 0; 1864.8565; 170; 488.4; 
567; 0; 1864.8558; 170; 488.6; 
567; 0; 1864.8552; 170; 488.8; 
567; 0; 1864.8546; 170; 489; 
567; 0; 1864.8542; 170; 489.2; 
567; 0; 1864.854; 170; 489.4; 
567; 0; 1864.8539; 170; 489.6; 
567; 0; 1864.854; 170; 489.8; 
567; 0; 1865.8929; 170; 490; 
567; 0; 1865.8933; 170; 490.2; 
567; 0; 1865.8937; 170; 490.4; 
567; 0; 1865.8941; 170; 490.6; 
567; 0; 1865.8945; 170; 490.8; 
567; 0; 1865.8948; 170; 491; 
567; 0; 1865.895; 170; 491.2; 
567; 0; 1865.8951; 170; 491.4; 
567; 0; 1865.8952; 170; 491.6; 
567; 0; 1865.8951; 170; 491.8; 
567; 0; 1865.8951; 170; 492; 
567; 0; 1864.8562; 170; 492.2; 
567; 0; 1864.8562; 170; 492.4; 
567; 0; 1864.8562; 170; 492.6; 
567; 0; 1864.8562; 170; 492.8; 
567; 0; 1864.8561; 170; 493; 
567; 0; 1864.8561; 170; 493.2; 
567; 0; 1865.8951; 170; 493.4; 
567; 0; 1865.8961; 170; 493.6; 
567; 0; 1865.8988; 170; 493.8; 
567; 0; 1866.9426; 170; 494; 
567; 0; 1866.9504; 170; 494.2; 
567; 0; 1866.9607; 170; 494.4; 
567; 0; 1865.934; 170; 494.6; 
567; 0; 1864.9065; 170; 494.8; 
567; 0; 1862.8385; 170; 495; 
567; 0; 1859.7298; 170; 495.2; 
567; 0; 1856.6185; 170; 495.4; 
567; 0; 1852.4654; 170; 495.6; 
567; 0; 1848.3094; 170; 495.8; 
567; 0; 1844.151; 170; 496; 
567; 0; 1839.9908; 170; 496.2; 
567; 0; 1836.8686; 170; 496.4; 
567; 0; 1832.7072; 170; 496.6; 
567; 0; 1829.5852; 170; 496.8; 
567; 0; 1826.464; 170; 497; 
567; 0; 1824.3825; 170; 497.2; 
567; 0; 1822.3023; 170; 497.4; 
567; 0; 1820.2236; 170; 497.6; 
567; 0; 1818.1461; 170; 497.8; 
567; 0; 1817.1083; 170; 498; 
567; 0; 1815.0323; 170; 498.2; 
567; 0; 1812.9563; 170; 498.4; 
567; 0; 1811.9191; 170; 498.6; 
567; 0; 1809.8424; 170; 498.8; 
567; 0; 1807.7653; 170; 499; 
567; 0; 1806.7268; 170; 499.2; 
567; 0; 1804.649; 170; 499.4; 
567; 0; 1803.6098; 170; 499.6; 
567; 0; 1802.5704; 170; 499.8; 
567; 0; 1800.492; 170; 500; 
567; 0; 1799.4524; 170; 500.2; 
567; 0; 1798.4129; 170; 500.4; 
567; 0; 1797.3734; 170; 500.6; 
567; 0; 1796.3341; 170; 500.8; 
567; 0; 1795.2951; 170; 501; 
567; 0; 1795.295; 170; 501.2; 
567; 0; 1794.2563; 170; 501.4; 
567; 0; 1793.2177; 170; 501.6; 
567; 0; 1793.218; 170; 501.8; 
567; 0; 1792.1794; 170; 502; 
567; 0; 1792.1796; 170; 502.2; 
567; 0; 1791.1409; 170; 502.4; 
567; 0; 1791.141; 170; 502.6; 
567; 0; 1790.1022; 170; 502.8; 
567; 0; 1790.1022; 170; 503; 
567; 0; 1789.0632; 170; 503.2; 
567; 0; 1789.0631; 170; 503.4; 
567; 0; 1789.0631; 170; 503.6; 
567; 0; 1788.0242; 170; 503.8; 
567; 0; 1788.0242; 170; 504; 
567; 0; 1788.0241; 170; 504.2; 
567; 0; 1788.0242; 170; 504.4; 
567; 0; 1786.9854; 170; 504.6; 
567; 0; 1786.9856; 170; 504.8; 
567; 0; 1799.7934; 170; 505; 
567; 0; 1799.7935; 170; 505.2; 
567; 0; 1799.7936; 170; 505.4; 
567; 0; 1798.765; 170; 505.6; 
567; 0; 1798.765; 170; 505.8; 
567; 0; 1798.7651; 170; 506; 
567; 0; 1797.7365; 170; 506.2; 
567; 0; 1797.7365; 170; 506.4; 
567; 0; 1797.7366; 170; 506.6; 
567; 0; 1796.708; 170; 506.8; 
567; 0; 1796.7079; 170; 507; 
567; 0; 1795.6793; 170; 507.2; 
567; 0; 1795.6792; 170; 507.4; 
567; 0; 1794.6505; 170; 507.6; 
567; 0; 1794.6505; 170; 507.8; 
567; 0; 1793.6219; 170; 508; 
567; 0; 1793.622; 170; 508.2; 
567; 0; 1792.5935; 170; 508.4; 
567; 0; 1792.5937; 170; 508.6; 
567; 0; 1792.5939; 170; 508.8; 
567; 0; 1791.5655; 170; 509; 
567; 0; 1791.5655; 170; 509.2; 
567; 0; 1790.537; 170; 509.4; 
567; 0; 1790.537; 170; 509.6; 
567; 0; 1790.5369; 170; 509.8; 
567; 0; 1789.5083; 170; 510; 
567; 0; 1789.5083; 170; 510.2; 
567; 0; 1789.5084; 170; 510.4; 
567; 0; 1788.4798; 170; 510.6; 
567; 0; 1788.4798; 170; 510.8; 
567; 0; 1788.4798; 170; 511; 
567; 0; 1788.4798; 170; 511.2; 
567; 0; 1787.4512; 170; 511.4; 
567; 0; 1787.4512; 170; 511.6; 
567; 0; 1787.4512; 170; 511.8; 
567; 0; 1787.4512; 170; 512; 
567; 0; 1787.4512; 170; 512.2; 
567; 0; 1787.4513; 170; 512.4; 
567; 0; 1786.4227; 170; 512.6; 
567; 0; 1786.4228; 170; 512.8; 
567; 0; 1786.4228; 170; 513; 
567; 0; 1786.4229; 170; 513.2; 
567; 0; 1786.4229; 170; 513.4; 
567; 0; 1786.423; 170; 513.6; 
567; 0; 1786.423; 170; 513.8; 
567; 0; 1786.4231; 170; 514; 
567; 0; 1786.4231; 170; 514.2; 
567; 0; 1785.3945; 170; 514.4; 
567; 0; 1785.3945; 170; 514.6; 
567; 0; 1785.3946; 170; 514.8; 
567; 0; 1785.3946; 170; 515; 
567; 0; 1785.3946; 170; 515.2; 
567; 0; 1785.3945; 170; 515.4; 
567; 0; 1785.3945; 170; 515.6; 
567; 0; 1785.3945; 170; 515.8; 
567; 0; 1785.3945; 170; 516; 
567; 0; 1785.3945; 170; 516.2; 
567; 0; 1785.3944; 170; 516.4; 
567; 0; 1785.3944; 170; 516.6; 
567; 0; 1785.3945; 170; 516.8; 
567; 0; 1785.3945; 170; 517; 
567; 0; 1785.3946; 170; 517.2; 
567; 0; 1785.3946; 170; 517.4; 
567; 0; 1785.3947; 170; 517.6; 
567; 0; 1785.3947; 170; 517.8; 
567; 0; 1785.3948; 170; 518; 
567; 0; 1784.3662; 170; 518.2; 
567; 0; 1784.3662; 170; 518.4; 
567; 0; 1784.3662; 170; 518.6; 
567; 0; 1784.3663; 170; 518.8; 
567; 0; 1784.3663; 170; 519; 
567; 0; 1784.3663; 170; 519.2; 
567; 0; 1784.3663; 170; 519.4; 
567; 0; 1784.3662; 170; 519.6; 
567; 0; 1784.3662; 170; 519.8; 
567; 0; 1784.3661; 170; 520; 
567; 0; 1784.3661; 170; 520.2; 
567; 0; 1784.3661; 170; 520.4; 
567; 0; 1784.3661; 170; 520.6; 
567; 0; 1784.3661; 170; 520.8; 
567; 0; 1784.3662; 170; 521; 
567; 0; 1784.3662; 170; 521.2; 
567; 0; 1784.3662; 170; 521.4; 
567; 0; 1784.3663; 170; 521.6; 
567; 0; 1784.3663; 170; 521.8; 
567; 0; 1784.3663; 170; 522; 
567; 0; 1784.3664; 170; 522.2; 
567; 0; 1784.3664; 170; 522.4; 
567; 0; 1784.3665; 170; 522.6; 
567; 0; 1784.3665; 170; 522.8; 
567; 0; 1784.3665; 170; 523; 
567; 0; 1784.3664; 170; 523.2; 
567; 0; 1784.3664; 170; 523.4; 
567; 0; 1784.3664; 170; 523.6; 
567; 0; 1784.3664; 170; 523.8; 
567; 0; 1784.3665; 170; 524; 
567; 0; 1784.3665; 170; 524.2; 
567; 0; 1784.3666; 170; 524.4; 
567; 0; 1784.3666; 170; 524.6; 
567; 0; 1784.3666; 170; 524.8; 
567; 0; 1784.3666; 170; 525; 
567; 0; 1784.3666; 170; 525.2; 
567; 0; 1784.3665; 170; 525.4; 
567; 0; 1784.3665; 170; 525.6; 
567; 0; 1784.3665; 170; 525.8; 
567; 0; 1784.3665; 170; 526; 
567; 0; 1784.3665; 170; 526.2; 
567; 0; 1784.3666; 170; 526.4; 
567; 0; 1784.3666; 170; 526.6; 
567; 0; 1784.3666; 170; 526.8; 
567; 0; 1784.3666; 170; 527; 
567; 0; 1784.3666; 170; 527.2; 
567; 0; 1784.3667; 170; 527.4; 
567; 0; 1784.3667; 170; 527.6; 
567; 0; 1784.3667; 170; 527.8; 
567; 0; 1784.3667; 170; 528; 
567; 0; 1784.3667; 170; 528.2; 
567; 0; 1784.3667; 170; 528.4; 
567; 0; 1784.3667; 170; 528.6; 
567; 0; 1783.3381; 170; 528.8; 
567; 0; 1783.3381; 170; 529; 
567; 0; 1783.3381; 170; 529.2; 
567; 0; 1783.3382; 170; 529.4; 
567; 0; 1783.3382; 170; 529.6; 
567; 0; 1783.3381; 170; 529.8; 
567; 0; 1783.3382; 170; 530; 
567; 0; 1783.3382; 170; 530.2; 
567; 0; 1783.3382; 170; 530.4; 
567; 0; 1783.3382; 170; 530.6; 
567; 0; 1783.3382; 170; 530.8; 
567; 0; 1783.3382; 170; 531; 
567; 0; 1783.3382; 170; 531.2; 
567; 0; 1783.3383; 170; 531.4; 
567; 0; 1783.3383; 170; 531.6; 
567; 0; 1783.3383; 170; 531.8; 
567; 0; 1783.3383; 170; 532; 
567; 0; 1783.3383; 170; 532.2; 
567; 0; 1783.3383; 170; 532.4; 
567; 0; 1783.3383; 170; 532.6; 
567; 0; 1783.3383; 170; 532.8; 
567; 0; 1783.3383; 170; 533; 
567; 0; 1783.3383; 170; 533.2; 
567; 0; 1783.3384; 170; 533.4; 
567; 0; 1783.3384; 170; 533.6; 
567; 0; 1783.3384; 170; 533.8; 
567; 0; 1783.3384; 170; 534; 
567; 0; 1783.3384; 170; 534.2; 
567; 0; 1783.3384; 170; 534.4; 
567; 0; 1783.3384; 170; 534.6; 
567; 0; 1783.3384; 170; 534.8; 
567; 0; 1783.3384; 170; 535; 
567; 0; 1783.3384; 170; 535.2; 
567; 0; 1783.3384; 170; 535.4; 
567; 0; 1783.3384; 170; 535.6; 
567; 0; 1783.3384; 170; 535.8; 
567; 0; 1783.3384; 170; 536; 
567; 0; 1783.3384; 170; 536.2; 
567; 0; 1783.3385; 170; 536.4; 
567; 0; 1783.3385; 170; 536.6; 
567; 0; 1783.3385; 170; 536.8; 
567; 0; 1783.3385; 170; 537; 
567; 0; 1783.3385; 170; 537.2; 
567; 0; 1783.3385; 170; 537.4; 
567; 0; 1783.3385; 170; 537.6; 
567; 0; 1783.3386; 170; 537.8; 
567; 0; 1783.3386; 170; 538; 
567; 0; 1783.3386; 170; 538.2; 
567; 0; 1783.3386; 170; 538.4; 
567; 0; 1783.3386; 170; 538.6; 
567; 0; 1784.3671; 170; 538.8; 
567; 0; 1784.367; 170; 539; 
567; 0; 1784.3668; 170; 539.2; 
567; 0; 1784.3661; 170; 539.4; 
567; 0; 1785.3932; 170; 539.6; 
567; 0; 1785.3898; 170; 539.8; 
567; 0; 1785.3844; 170; 540; 
567; 0; 1785.3768; 170; 540.2; 
567; 0; 1785.3669; 170; 540.4; 
567; 0; 1785.3554; 170; 540.6; 
567; 0; 1787.3998; 170; 540.8; 
567; 0; 1788.4156; 170; 541; 
567; 0; 1791.4891; 170; 541.2; 
567; 0; 1795.5931; 170; 541.4; 
567; 0; 1788.9672; 170; 541.6; 
567; 0; 1795.1964; 170; 541.8; 
567; 0; 1801.4302; 170; 542; 
567; 0; 1808.7076; 170; 542.2; 
567; 0; 1815.9899; 170; 542.4; 
567; 0; 1822.2378; 170; 542.6; 
567; 0; 1827.4501; 170; 542.8; 
567; 0; 1830.5863; 170; 543; 
567; 0; 1833.722; 170; 543.2; 
567; 0; 1834.777; 170; 543.4; 
567; 0; 1834.7874; 170; 543.6; 
567; 0; 1833.7548; 170; 543.8; 
567; 0; 1832.7176; 170; 544; 
567; 0; 1830.637; 170; 544.2; 
567; 0; 1828.5527; 170; 544.4; 
567; 0; 1826.4656; 170; 544.6; 
567; 0; 1825.414; 170; 544.8; 
567; 0; 1824.3616; 170; 545; 
567; 0; 1824.3494; 170; 545.2; 
567; 0; 1825.3786; 170; 545.4; 
567; 0; 1827.4502; 170; 545.6; 
567; 0; 1829.526; 170; 545.8; 
567; 0; 1831.6061; 170; 546; 
567; 0; 1833.6902; 170; 546.2; 
567; 0; 1835.7773; 170; 546.4; 
567; 0; 1836.8275; 170; 546.6; 
567; 0; 1836.8394; 170; 546.8; 
567; 0; 1836.8505; 170; 547; 
567; 0; 1835.8192; 170; 547.2; 
567; 0; 1833.7465; 170; 547.4; 
567; 0; 1831.6712; 170; 547.6; 
567; 0; 1829.5933; 170; 547.8; 
567; 0; 1827.5131; 170; 548; 
567; 0; 1825.4312; 170; 548.2; 
567; 0; 1823.3482; 170; 548.4; 
567; 0; 1821.2642; 170; 548.6; 
567; 0; 1820.219; 170; 548.8; 
567; 0; 1819.1751; 170; 549; 
567; 0; 1818.1328; 170; 549.2; 
567; 0; 1818.1313; 170; 549.4; 
567; 0; 1818.1317; 170; 549.6; 
567; 0; 1818.1337; 170; 549.8; 
567; 0; 1817.0981; 170; 550; 
567; 0; 1817.1019; 170; 550.2; 
567; 0; 1816.0671; 170; 550.4; 
567; 0; 1816.0708; 170; 550.6; 
567; 0; 1815.0351; 170; 550.8; 
567; 0; 1813.9981; 170; 551; 
567; 0; 1812.9603; 170; 551.2; 
567; 0; 1810.8828; 170; 551.4; 
567; 0; 1809.8436; 170; 551.6; 
567; 0; 1808.8038; 170; 551.8; 
567; 0; 1807.7638; 170; 552; 
567; 0; 1806.7234; 170; 552.2; 
567; 0; 1805.6832; 170; 552.4; 
567; 0; 1804.6432; 170; 552.6; 
567; 0; 1804.6425; 170; 552.8; 
567; 0; 1803.6034; 170; 553; 
567; 0; 1802.5647; 170; 553.2; 
567; 0; 1802.5652; 170; 553.4; 
567; 0; 1801.5272; 170; 553.6; 
567; 0; 1801.5281; 170; 553.8; 
567; 0; 1800.4901; 170; 554; 
567; 0; 1800.4909; 170; 554.2; 
567; 0; 1799.4526; 170; 554.4; 
567; 0; 1798.4142; 170; 554.6; 
567; 0; 1798.4144; 170; 554.8; 
567; 0; 1797.3756; 170; 555; 
567; 0; 1797.3757; 170; 555.2; 
567; 0; 1796.3368; 170; 555.4; 
567; 0; 1796.3367; 170; 555.6; 
567; 0; 1795.2978; 170; 555.8; 
567; 0; 1795.2977; 170; 556; 
567; 0; 1794.2588; 170; 556.2; 
567; 0; 1794.2589; 170; 556.4; 
567; 0; 1793.2201; 170; 556.6; 
567; 0; 1793.2202; 170; 556.8; 
567; 0; 1793.2204; 170; 557; 
567; 0; 1792.1817; 170; 557.2; 
567; 0; 1792.1819; 170; 557.4; 
567; 0; 1792.1821; 170; 557.6; 
567; 0; 1791.1434; 170; 557.8; 
567; 0; 1791.1435; 170; 558; 
567; 0; 1791.1436; 170; 558.2; 
567; 0; 1790.1049; 170; 558.4; 
567; 0; 1790.1049; 170; 558.6; 
567; 0; 1790.105; 170; 558.8; 
567; 0; 1789.0661; 170; 559; 
567; 0; 1789.0661; 170; 559.2; 
567; 0; 1789.0662; 170; 559.4; 
567; 0; 1789.0662; 170; 559.6; 
567; 0; 1788.0274; 170; 559.8; 
567; 0; 1788.0274; 170; 560; 
567; 0; 1788.0275; 170; 560.2; 
567; 0; 1788.0275; 170; 560.4; 
567; 0; 1788.0276; 170; 560.6; 
567; 0; 1786.9889; 170; 560.8; 
567; 0; 1786.989; 170; 561; 
567; 0; 1799.7966; 170; 561.2; 
567; 0; 1799.7966; 170; 561.4; 
567; 0; 1799.7967; 170; 561.6; 
567; 0; 1798.7682; 170; 561.8; 
567; 0; 1798.7682; 170; 562; 
567; 0; 1798.7682; 170; 562.2; 
567; 0; 1797.7396; 170; 562.4; 
567; 0; 1797.7396; 170; 562.6; 
567; 0; 1796.711; 170; 562.8; 
567; 0; 1796.7111; 170; 563; 
567; 0; 1795.6825; 170; 563.2; 
567; 0; 1795.6826; 170; 563.4; 
567; 0; 1794.654; 170; 563.6; 
567; 0; 1794.6541; 170; 563.8; 
567; 0; 1793.6255; 170; 564; 
567; 0; 1793.6256; 170; 564.2; 
567; 0; 1792.5971; 170; 564.4; 
567; 0; 1792.5971; 170; 564.6; 
567; 0; 1792.5972; 170; 564.8; 
567; 0; 1791.5686; 170; 565; 
567; 0; 1791.5686; 170; 565.2; 
567; 0; 1790.54; 170; 565.4; 
567; 0; 1790.54; 170; 565.6; 
567; 0; 1789.5114; 170; 565.8; 
567; 0; 1789.5114; 170; 566; 
567; 0; 1789.5114; 170; 566.2; 
567; 0; 1788.4829; 170; 566.4; 
567; 0; 1788.4829; 170; 566.6; 
567; 0; 1788.483; 170; 566.8; 
567; 0; 1787.4545; 170; 567; 
567; 0; 1787.4546; 170; 567.2; 
567; 0; 1787.4546; 170; 567.4; 
567; 0; 1787.4547; 170; 567.6; 
567; 0; 1786.4261; 170; 567.8; 
567; 0; 1786.4261; 170; 568; 
567; 0; 1786.4261; 170; 568.2; 
567; 0; 1786.4261; 170; 568.4; 
567; 0; 1785.3975; 170; 568.6; 
567; 0; 1785.3975; 170; 568.8; 
567; 0; 1785.3975; 170; 569; 
567; 0; 1785.3975; 170; 569.2; 
567; 0; 1785.3975; 170; 569.4; 
567; 0; 1785.3975; 170; 569.6; 
567; 0; 1784.3689; 170; 569.8; 
567; 0; 1784.369; 170; 570; 
567; 0; 1784.369; 170; 570.2; 
567; 0; 1784.3691; 170; 570.4; 
567; 0; 1784.3691; 170; 570.6; 
567; 0; 1784.3691; 170; 570.8; 
567; 0; 1784.3691; 170; 571; 
567; 0; 1784.3691; 170; 571.2; 
567; 0; 1784.3691; 170; 571.4; 
567; 0; 1784.3691; 170; 571.6; 
567; 0; 1783.3405; 170; 571.8; 
567; 0; 1783.3405; 170; 572; 
567; 0; 1783.3405; 170; 572.2; 
567; 0; 1783.3405; 170; 572.4; 
567; 0; 1783.3405; 170; 572.6; 
567; 0; 1783.3405; 170; 572.8; 
567; 0; 1783.3405; 170; 573; 
567; 0; 1783.3405; 170; 573.2; 
567; 0; 1783.3406; 170; 573.4; 
567; 0; 1783.3407; 170; 573.6; 
567; 0; 1783.3407; 170; 573.8; 
567; 0; 1783.3408; 170; 574; 
567; 0; 1783.3408; 170; 574.2; 
567; 0; 1783.3408; 170; 574.4; 
567; 0; 1783.3407; 170; 574.6; 
567; 0; 1783.3407; 170; 574.8; 
567; 0; 1783.3407; 170; 575; 
567; 0; 1783.3407; 170; 575.2; 
567; 0; 1783.3407; 170; 575.4; 
567; 0; 1783.3407; 170; 575.6; 
567; 0; 1783.3407; 170; 575.8; 
567; 0; 1782.3121; 170; 576; 
567; 0; 1782.3122; 170; 576.2; 
567; 0; 1782.3122; 170; 576.4; 
567; 0; 1782.3123; 170; 576.6; 
567; 0; 1782.3124; 170; 576.8; 
567; 0; 1782.3124; 170; 577; 
567; 0; 1782.3123; 170; 577.2; 
567; 0; 1782.3123; 170; 577.4; 
567; 0; 1782.3122; 170; 577.6; 
567; 0; 1782.3122; 170; 577.8; 
567; 0; 1782.3122; 170; 578; 
567; 0; 1782.3122; 170; 578.2; 
567; 0; 1782.3122; 170; 578.4; 
567; 0; 1782.3122; 170; 578.6; 
567; 0; 1782.3122; 170; 578.8; 
567; 0; 1782.3122; 170; 579; 
567; 0; 1782.3122; 170; 579.2; 
567; 0; 1782.3122; 170; 579.4; 
567; 0; 1782.3122; 170; 579.6; 
567; 0; 1782.3123; 170; 579.8; 
567; 0; 1782.3123; 170; 580; 
567; 0; 1782.3123; 170; 580.2; 
567; 0; 1782.3124; 170; 580.4; 
567; 0; 1782.3124; 170; 580.6; 
567; 0; 1782.3125; 170; 580.8; 
567; 0; 1782.3124; 170; 581; 
567; 0; 1782.3124; 170; 581.2; 
567; 0; 1782.3124; 170; 581.4; 
567; 0; 1782.3123; 170; 581.6; 
567; 0; 1782.3123; 170; 581.8; 
567; 0; 1782.3123; 170; 582; 
567; 0; 1782.3123; 170; 582.2; 
567; 0; 1782.3123; 170; 582.4; 
567; 0; 1782.3123; 170; 582.6; 
567; 0; 1782.3123; 170; 582.8; 
567; 0; 1782.3124; 170; 583; 
567; 0; 1782.3124; 170; 583.2; 
567; 0; 1782.3124; 170; 583.4; 
567; 0; 1782.3124; 170; 583.6; 
567; 0; 1782.3124; 170; 583.8; 
567; 0; 1782.3124; 170; 584; 
567; 0; 1782.3124; 170; 584.2; 
567; 0; 1782.3124; 170; 584.4; 
567; 0; 1782.3124; 170; 584.6; 
567; 0; 1783.3409; 170; 584.8; 
567; 0; 1783.3403; 170; 585; 
567; 0; 1783.339; 170; 585.2; 
567; 0; 1783.3365; 170; 585.4; 
567; 0; 1784.3602; 170; 585.6; 
567; 0; 1784.3528; 170; 585.8; 
567; 0; 1783.3139; 170; 586; 
567; 0; 1784.3295; 170; 586.2; 
567; 0; 1784.3148; 170; 586.4; 
567; 0; 1786.357; 170; 586.6; 
567; 0; 1790.4573; 170; 586.8; 
567; 0; 1794.5604; 170; 587; 
567; 0; 1787.9241; 170; 587.2; 
567; 0; 1795.1927; 170; 587.4; 
567; 0; 1802.4666; 170; 587.6; 
567; 0; 1810.784; 170; 587.8; 
567; 0; 1817.0282; 170; 588; 
567; 0; 1823.2754; 170; 588.2; 
567; 0; 1828.4853; 170; 588.4; 
567; 0; 1831.6175; 170; 588.6; 
567; 0; 1834.7481; 170; 588.8; 
567; 0; 1836.8372; 170; 589; 
567; 0; 1836.8449; 170; 589.2; 
567; 0; 1837.8875; 170; 589.4; 
567; 0; 1837.8873; 170; 589.6; 
567; 0; 1836.8451; 170; 589.8; 
567; 0; 1836.8396; 170; 590; 
567; 0; 1837.8722; 170; 590.2; 
567; 0; 1837.8666; 170; 590.4; 
567; 0; 1838.9015; 170; 590.6; 
567; 0; 1840.9778; 170; 590.8; 
567; 0; 1842.0185; 170; 591; 
567; 0; 1843.0622; 170; 591.2; 
567; 0; 1844.1085; 170; 591.4; 
567; 0; 1844.1176; 170; 591.6; 
567; 0; 1844.1265; 170; 591.8; 
567; 0; 1843.0949; 170; 592; 
567; 0; 1841.0231; 170; 592.2; 
567; 0; 1838.9492; 170; 592.4; 
567; 0; 1836.8731; 170; 592.6; 
567; 0; 1833.7557; 170; 592.8; 
567; 0; 1830.6364; 170; 593; 
567; 0; 1828.5546; 170; 593.2; 
567; 0; 1825.4332; 170; 593.4; 
567; 0; 1823.3505; 170; 593.6; 
567; 0; 1821.2682; 170; 593.8; 
567; 0; 1820.2249; 170; 594; 
567; 0; 1818.1443; 170; 594.2; 
567; 0; 1817.1042; 170; 594.4; 
567; 0; 1817.1045; 170; 594.6; 
567; 0; 1816.0672; 170; 594.8; 
567; 0; 1815.0307; 170; 595; 
567; 0; 1813.9947; 170; 595.2; 
567; 0; 1812.9585; 170; 595.4; 
567; 0; 1811.9217; 170; 595.6; 
567; 0; 1810.8843; 170; 595.8; 
567; 0; 1808.8076; 170; 596; 
567; 0; 1807.7692; 170; 596.2; 
567; 0; 1806.7303; 170; 596.4; 
567; 0; 1805.691; 170; 596.6; 
567; 0; 1803.6125; 170; 596.8; 
567; 0; 1802.5728; 170; 597; 
567; 0; 1801.5331; 170; 597.2; 
567; 0; 1800.4935; 170; 597.4; 
567; 0; 1799.4541; 170; 597.6; 
567; 0; 1799.4539; 170; 597.8; 
567; 0; 1798.415; 170; 598; 
567; 0; 1797.3763; 170; 598.2; 
567; 0; 1797.3767; 170; 598.4; 
567; 0; 1796.3383; 170; 598.6; 
567; 0; 1796.3388; 170; 598.8; 
567; 0; 1795.3003; 170; 599; 
567; 0; 1794.2619; 170; 599.2; 
567; 0; 1794.2621; 170; 599.4; 
567; 0; 1793.2234; 170; 599.6; 
567; 0; 1793.2235; 170; 599.8; 
567; 0; 1792.1846; 170; 600; 
567; 0; 1792.1845; 170; 600.2; 
567; 0; 1791.1456; 170; 600.4; 
567; 0; 1791.1455; 170; 600.6; 
567; 0; 1790.1067; 170; 600.8; 
567; 0; 1790.1067; 170; 601; 
567; 0; 1790.1068; 170; 601.2; 
567; 0; 1789.0681; 170; 601.4; 
567; 0; 1789.0682; 170; 601.6; 
567; 0; 1789.0683; 170; 601.8; 
567; 0; 1788.0295; 170; 602; 
567; 0; 1788.0296; 170; 602.2; 
567; 0; 1788.0297; 170; 602.4; 
567; 0; 1786.9909; 170; 602.6; 
567; 0; 1786.991; 170; 602.8; 
567; 0; 1799.7985; 170; 603; 
567; 0; 1799.7986; 170; 603.2; 
567; 0; 1798.77; 170; 603.4; 
567; 0; 1798.77; 170; 603.6; 
567; 0; 1798.77; 170; 603.8; 
567; 0; 1797.7413; 170; 604; 
567; 0; 1797.7413; 170; 604.2; 
567; 0; 1797.7414; 170; 604.4; 
567; 0; 1796.7128; 170; 604.6; 
567; 0; 1796.7129; 170; 604.8; 
567; 0; 1795.6843; 170; 605; 
567; 0; 1795.6844; 170; 605.2; 
567; 0; 1794.6559; 170; 605.4; 
567; 0; 1793.6274; 170; 605.6; 
567; 0; 1793.6275; 170; 605.8; 
567; 0; 1792.5989; 170; 606; 
567; 0; 1792.599; 170; 606.2; 
567; 0; 1791.5704; 170; 606.4; 
567; 0; 1791.5705; 170; 606.6; 
567; 0; 1790.5419; 170; 606.8; 
567; 0; 1790.542; 170; 607; 
567; 0; 1789.5134; 170; 607.2; 
567; 0; 1789.5135; 170; 607.4; 
567; 0; 1789.5135; 170; 607.6; 
567; 0; 1788.4849; 170; 607.8; 
567; 0; 1788.4848; 170; 608; 
567; 0; 1787.4562; 170; 608.2; 
567; 0; 1787.4561; 170; 608.4; 
567; 0; 1787.4561; 170; 608.6; 
567; 0; 1786.4275; 170; 608.8; 
567; 0; 1786.4276; 170; 609; 
567; 0; 1786.4277; 170; 609.2; 
567; 0; 1786.4278; 170; 609.4; 
567; 0; 1785.3992; 170; 609.6; 
567; 0; 1785.3993; 170; 609.8; 
567; 0; 1785.3993; 170; 610; 
567; 0; 1785.3994; 170; 610.2; 
567; 0; 1784.3708; 170; 610.4; 
567; 0; 1784.3708; 170; 610.6; 
567; 0; 1784.3708; 170; 610.8; 
567; 0; 1784.3708; 170; 611; 
567; 0; 1784.3708; 170; 611.2; 
567; 0; 1784.3709; 170; 611.4; 
567; 0; 1784.371; 170; 611.6; 
567; 0; 1783.3424; 170; 611.8; 
567; 0; 1783.3424; 170; 612; 
567; 0; 1783.3424; 170; 612.2; 
567; 0; 1783.3424; 170; 612.4; 
567; 0; 1783.3423; 170; 612.6; 
567; 0; 1783.3423; 170; 612.8; 
567; 0; 1783.3423; 170; 613; 
567; 0; 1783.3423; 170; 613.2; 
567; 0; 1783.3424; 170; 613.4; 
567; 0; 1783.3424; 170; 613.6; 
567; 0; 1782.3138; 170; 613.8; 
567; 0; 1782.3138; 170; 614; 
567; 0; 1782.3138; 170; 614.2; 
567; 0; 1782.3138; 170; 614.4; 
567; 0; 1782.3138; 170; 614.6; 
567; 0; 1782.3138; 170; 614.8; 
567; 0; 1782.3138; 170; 615; 
567; 0; 1782.3138; 170; 615.2; 
567; 0; 1782.3138; 170; 615.4; 
567; 0; 1782.3138; 170; 615.6; 
567; 0; 1782.3138; 170; 615.8; 
567; 0; 1782.3139; 170; 616; 
567; 0; 1782.314; 170; 616.2; 
567; 0; 1782.314; 170; 616.4; 
567; 0; 1782.314; 170; 616.6; 
567; 0; 1782.3141; 170; 616.8; 
567; 0; 1782.3141; 170; 617; 
567; 0; 1782.3141; 170; 617.2; 
567; 0; 1782.3141; 170; 617.4; 
567; 0; 1781.2855; 170; 617.6; 
567; 0; 1781.2855; 170; 617.8; 
567; 0; 1781.2854; 170; 618; 
567; 0; 1781.2854; 170; 618.2; 
567; 0; 1781.2853; 170; 618.4; 
567; 0; 1781.2853; 170; 618.6; 
567; 0; 1781.2853; 170; 618.8; 
567; 0; 1781.2853; 170; 619; 
567; 0; 1781.2853; 170; 619.2; 
567; 0; 1781.2854; 170; 619.4; 
567; 0; 1781.2854; 170; 619.6; 
567; 0; 1781.2854; 170; 619.8; 
567; 0; 1781.2855; 170; 620; 
567; 0; 1781.2855; 170; 620.2; 
567; 0; 1781.2856; 170; 620.4; 
567; 0; 1781.2856; 170; 620.6; 
567; 0; 1781.2855; 170; 620.8; 
567; 0; 1781.2855; 170; 621; 
567; 0; 1781.2855; 170; 621.2; 
567; 0; 1781.2855; 170; 621.4; 
567; 0; 1781.2855; 170; 621.6; 
567; 0; 1781.2855; 170; 621.8; 
567; 0; 1781.2855; 170; 622; 
567; 0; 1781.2855; 170; 622.2; 
567; 0; 1781.2855; 170; 622.4; 
567; 0; 1781.2855; 170; 622.6; 
567; 0; 1781.2854; 170; 622.8; 
567; 0; 1781.2854; 170; 623; 
567; 0; 1781.2855; 170; 623.2; 
567; 0; 1781.2855; 170; 623.4; 
567; 0; 1781.2856; 170; 623.6; 
567; 0; 1781.2856; 170; 623.8; 
567; 0; 1781.2856; 170; 624; 
567; 0; 1781.2856; 170; 624.2; 
567; 0; 1781.2856; 170; 624.4; 
567; 0; 1781.2856; 170; 624.6; 
567; 0; 1781.2855; 170; 624.8; 
567; 0; 1781.2855; 170; 625; 
567; 0; 1781.2854; 170; 625.2; 
567; 0; 1781.2855; 170; 625.4; 
567; 0; 1781.2855; 170; 625.6; 
567; 0; 1781.2856; 170; 625.8; 
567; 0; 1781.2857; 170; 626; 
567; 0; 1781.2857; 170; 626.2; 
567; 0; 1781.2857; 170; 626.4; 
567; 0; 1781.2857; 170; 626.6; 
567; 0; 1781.2857; 170; 626.8; 
567; 0; 1781.2856; 170; 627; 
567; 0; 1781.2856; 170; 627.2; 
567; 0; 1781.2855; 170; 627.4; 
567; 0; 1781.2854; 170; 627.6; 
567; 0; 1781.2854; 170; 627.8; 
567; 0; 1781.2855; 170; 628; 
567; 0; 1781.2855; 170; 628.2; 
567; 0; 1781.2856; 170; 628.4; 
567; 0; 1781.2857; 170; 628.6; 
567; 0; 1781.2857; 170; 628.8; 
567; 0; 1781.2858; 170; 629; 
567; 0; 1781.2858; 170; 629.2; 
567; 0; 1781.2858; 170; 629.4; 
567; 0; 1780.2571; 170; 629.6; 
567; 0; 1780.257; 170; 629.8; 
567; 0; 1780.2569; 0; 630; 
567; 0; 0; 0; 630.2; 
567; 0; 0; 0; 630.4; 
567; 0; 0; 0; 630.6; 
567; 0; 0; 0; 630.8; 
567; 0; 0; 0; 631; 
567; 0; 0; 0; 631.2; 
567; 0; 0; 0; 631.4; 
567; 0; 0; 0; 631.6; 
567; 0; 0; 0; 631.8; 
567; 0; 0; 0; 632; 
567; 0; 0; 0; 632.2; 
567; 0; 0; 0; 632.4; 
567; 0; 0; 0; 632.6; 
567; 0; 0; 0; 632.8; 
567; 0; 0; 0; 633; 
567; 0; 0; 0; 633.2; 
567; 0; 0; 0; 633.4; 
567; 0; 0; 0; 633.6; 
567; 0; 0; 0; 633.8; 
567; 0; 0; 0; 634; 
567; 0; 0; 0; 634.2; 
567; 0; 0; 0; 634.4; 
567; 0; 0; 0; 634.6; 
567; 0; 0; 0; 634.8; 
567; 0; 0; 0; 635; 
567; 0; 0; 0; 635.2; 
567; 0; 0; 0; 635.4; 
567; 0; 0; 0; 635.6; 
567; 0; 0; 0; 635.8; 
567; 0; 0; 0; 636; 
567; 0; 0; 0; 636.2; 
567; 0; 0; 0; 636.4; 
567; 0; 0; 0; 636.6; 
567; 0; 0; 0; 636.8; 
567; 0; 0; 0; 637; 
567; 0; 0; 0; 637.2; 
567; 0; 0; 0; 637.4; 
567; 0; 0; 0; 637.6; 
567; 0; 0; 0; 637.8; 
567; 0; 0; 0; 638; 
567; 0; 0; 0; 638.2; 
567; 0; 0; 0; 638.4; 
567; 0; 0; 0; 638.6; 
567; 0; 0; 0; 638.8; 
567; 0; 0; 0; 639; 
567; 0; 0; 0; 639.2; 
567; 0; 0; 0; 639.4; 
567; 0; 0; 0; 639.6; 
567; 0; 0; 0; 639.8; 
567; 0; 0; 0; 640; 
567; 0; 0; 0; 640.2; 
567; 0; 0; 0; 640.4; 
567; 0; 0; 0; 640.6; 
567; 0; 0; 0; 640.8; 
567; 0; 0; 0; 641; 
567; 0; 0; 0; 641.2; 
567; 0; 0; 0; 641.4; 
567; 0; 0; 0; 641.6; 
567; 0; 0; 0; 641.8; 
567; 0; 0; 0; 642; 
567; 0; 0; 0; 642.2; 
567; 0; 0; 0; 642.4; 
567; 0; 0; 0; 642.6; 
567; 0; 0; 0; 642.8; 
567; 0; 0; 0; 643; 
567; 0; 0; 0; 643.2; 
567; 0; 0; 0; 643.4; 
567; 0; 0; 0; 643.6; 
567; 0; 0; 0; 643.8; 
567; 0; 0; 0; 644; 
567; 0; 0; 0; 644.2; 
567; 0; 0; 0; 644.4; 
567; 0; 0; 0; 644.6; 
567; 0; 0; 0; 644.8; 
567; 0; 0; 0; 645; 
567; 0; 0; 0; 645.2; 
567; 0; 0; 0; 645.4; 
567; 0; 0; 0; 645.6; 
567; 0; 0; 0; 645.8; 
567; 0; 0; 0; 646; 
567; 0; 0; 0; 646.2; 
567; 0; 0; 0; 646.4; 
567; 0; 0; 0; 646.6; 
567; 0; 0; 0; 646.8; 
567; 0; 0; 0; 647; 
567; 0; 0; 0; 647.2; 
567; 0; 0; 0; 647.4; 
567; 0; 0; 0; 647.6; 
567; 0; 0; 0; 647.8; 
567; 0; 0; 0; 648; 
567; 0; 0; 0; 648.2; 
567; 0; 0; 0; 648.4; 
567; 0; 0; 0; 648.6; 
567; 0; 0; 0; 648.8; 
567; 0; 0; 0; 649; 
567; 0; 0; 0; 649.2; 
567; 0; 0; 0; 649.4; 
567; 0; 0; 0; 649.6; 
567; 0; 0; 0; 649.8; 
567; 0; 0; 0; 650; 
567; 0; 0; 0; 650.2; 
567; 0; 0; 0; 650.4; 
567; 0; 0; 0; 650.6; 
567; 0; 0; 0; 650.8; 
567; 0; 0; 0; 651; 
567; 0; 0; 0; 651.2; 
567; 0; 0; 0; 651.4; 
567; 0; 0; 0; 651.6; 
567; 0; 0; 0; 651.8; 
567; 0; 0; 0; 652; 
567; 0; 0; 0; 652.2; 
567; 0; 0; 0; 652.4; 
567; 0; 0; 0; 652.6; 
567; 0; 0; 0; 652.8; 
567; 0; 0; 0; 653; 
567; 0; 0; 0; 653.2; 
567; 0; 0; 0; 653.4; 
567; 0; 0; 0; 653.6; 
567; 0; 0; 0; 653.8; 
567; 0; 0; 0; 654; 
567; 0; 0; 0; 654.2; 
567; 0; 0; 0; 654.4; 
567; 0; 0; 0; 654.6; 
567; 0; 0; 0; 654.8; 
567; 0; 0; 0; 655; 
567; 0; 0; 0; 655.2; 
567; 0; 0; 0; 655.4; 
567; 0; 0; 0; 655.6; 
567; 0; 0; 0; 655.8; 
567; 0; 0; 0; 656; 
567; 0; 0; 0; 656.2; 
567; 0; 0; 0; 656.4; 
567; 0; 0; 0; 656.6; 
567; 0; 0; 0; 656.8; 
567; 0; 0; 0; 657; 
567; 0; 0; 0; 657.2; 
567; 0; 0; 0; 657.4; 
567; 0; 0; 0; 657.6; 
567; 0; 0; 0; 657.8; 
567; 0; 0; 0; 658; 
567; 0; 0; 0; 658.2; 
567; 0; 0; 0; 658.4; 
567; 0; 0; 0; 658.6; 
567; 0; 0; 0; 658.8; 
567; 0; 0; 0; 659; 
567; 0; 0; 0; 659.2; 
567; 0; 0; 0; 659.4; 
567; 0; 0; 0; 659.6; 
567; 0; 0; 0; 659.8; 
567; 0; 0; 0; 660; 
567; 0; 0; 0; 660.2; 
567; 0; 0; 0; 660.4; 
567; 0; 0; 0; 660.6; 
567; 0; 0; 0; 660.8; 
567; 0; 0; 0; 661; 
567; 0; 0; 0; 661.2; 
567; 0; 0; 0; 661.4; 
567; 0; 0; 0; 661.6; 
567; 0; 0; 0; 661.8; 
567; 0; 0; 0; 662; 
567; 0; 0; 0; 662.2; 
567; 0; 0; 0; 662.4; 
567; 0; 0; 0; 662.6; 
567; 0; 0; 0; 662.8; 
567; 0; 0; 0; 663; 
567; 0; 0; 0; 663.2; 
567; 0; 0; 0; 663.4; 
567; 0; 0; 0; 663.6; 
567; 0; 0; 0; 663.8; 
567; 0; 0; 0; 664; 
567; 0; 0; 0; 664.2; 
567; 0; 0; 0; 664.4; 
567; 0; 0; 0; 664.6; 
567; 0; 0; 0; 664.8; 
567; 0; 0; 0; 665; 
567; 0; 0; 0; 665.2; 
567; 0; 0; 0; 665.4; 
567; 0; 0; 0; 665.6; 
567; 0; 0; 0; 665.8; 
567; 0; 0; 0; 666; 
567; 0; 0; 0; 666.2; 
567; 0; 0; 0; 666.4; 
567; 0; 0; 0; 666.6; 
567; 0; 0; 0; 666.8; 
567; 0; 0; 0; 667; 
567; 0; 0; 0; 667.2; 
567; 0; 0; 0; 667.4; 
567; 0; 0; 0; 667.6; 
567; 0; 0; 0; 667.8; 
567; 0; 0; 0; 668; 
567; 0; 0; 0; 668.2; 
567; 0; 0; 0; 668.4; 
567; 0; 0; 0; 668.6; 
567; 0; 0; 0; 668.8; 
567; 0; 0; 0; 669; 
567; 0; 0; 0; 669.2; 
567; 0; 0; 0; 669.4; 
567; 0; 0; 0; 669.6; 
567; 0; 0; 0; 669.8; 
567; 0; 0; 0; 670; 
567; 0; 0; 0; 670.2; 
567; 0; 0; 0; 670.4; 
567; 0; 0; 0; 670.6; 
567; 0; 0; 0; 670.8; 
567; 0; 0; 0; 671; 
567; 0; 0; 0; 671.2; 
567; 0; 0; 0; 671.4; 
567; 0; 0; 0; 671.6; 
567; 0; 0; 0; 671.8; 
567; 0; 0; 0; 672; 
567; 0; 0; 0; 672.2; 
567; 0; 0; 0; 672.4; 
567; 0; 0; 0; 672.6; 
567; 0; 0; 0; 672.8; 
567; 0; 0; 0; 673; 
567; 0; 0; 0; 673.2; 
567; 0; 0; 0; 673.4; 
567; 0; 0; 0; 673.6; 
567; 0; 0; 0; 673.8; 
567; 0; 0; 0; 674; 
567; 0; 0; 0; 674.2; 
567; 0; 0; 0; 674.4; 
567; 0; 0; 0; 674.6; 
567; 0; 0; 0; 674.8; 
567; 0; 0; 0; 675; 
567; 0; 0; 0; 675.2; 
567; 0; 0; 0; 675.4; 
567; 0; 0; 0; 675.6; 
567; 0; 0; 0; 675.8; 
567; 0; 0; 0; 676; 
567; 0; 0; 0; 676.2; 
567; 0; 0; 0; 676.4; 
567; 0; 0; 0; 676.6; 
567; 0; 0; 0; 676.8; 
567; 0; 0; 0; 677; 
567; 0; 0; 0; 677.2; 
567; 0; 0; 0; 677.4; 
567; 0; 0; 0; 677.6; 
567; 0; 0; 0; 677.8; 
567; 0; 0; 0; 678; 
567; 0; 0; 0; 678.2; 
567; 0; 0; 0; 678.4; 
567; 0; 0; 0; 678.6; 
567; 0; 0; 0; 678.8; 
567; 0; 0; 0; 679; 
567; 0; 0; 0; 679.2; 
567; 0; 0; 0; 679.4; 
567; 0; 0; 0; 679.6; 
567; 0; 0; 0; 679.8; 
567; 0; 0; 0; 680; 
567; 0; 0; 0; 680.2; 
567; 0; 0; 0; 680.4; 
567; 0; 0; 0; 680.6; 
567; 0; 0; 0; 680.8; 
567; 0; 0; 0; 681; 
567; 0; 0; 0; 681.2; 
567; 0; 0; 0; 681.4; 
567; 0; 0; 0; 681.6; 
567; 0; 0; 0; 681.8; 
567; 0; 0; 0; 682; 
567; 0; 0; 0; 682.2; 
567; 0; 0; 0; 682.4; 
567; 0; 0; 0; 682.6; 
567; 0; 0; 0; 682.8; 
567; 0; 0; 0; 683; 
567; 0; 0; 0; 683.2; 
567; 0; 0; 0; 683.4; 
567; 0; 0; 0; 683.6; 
567; 0; 0; 0; 683.8; 
567; 0; 0; 0; 684; 
567; 0; 0; 0; 684.2; 
567; 0; 0; 0; 684.4; 
567; 0; 0; 0; 684.6; 
567; 0; 0; 0; 684.8; 
567; 0; 0; 0; 685; 
567; 0; 0; 0; 685.2; 
567; 0; 0; 0; 685.4; 
567; 0; 0; 0; 685.6; 
567; 0; 0; 0; 685.8; 
567; 0; 0; 0; 686; 
567; 0; 0; 0; 686.2; 
567; 0; 0; 0; 686.4; 
567; 0; 0; 0; 686.6; 
567; 0; 0; 0; 686.8; 
567; 0; 0; 0; 687; 
567; 0; 0; 0; 687.2; 
567; 0; 0; 0; 687.4; 
567; 0; 0; 0; 687.6; 
567; 0; 0; 0; 687.8; 
567; 0; 0; 0; 688; 
567; 0; 0; 0; 688.2; 
567; 0; 0; 0; 688.4; 
567; 0; 0; 0; 688.6; 
567; 0; 0; 0; 688.8; 
567; 0; 0; 0; 689; 
567; 0; 0; 0; 689.2; 
567; 0; 0; 0; 689.4; 
567; 0; 0; 0; 689.6; 
567; 0; 0; 0; 689.8; 
567; 0; 0; 0; 690; 
567; 0; 0; 0; 690.2; 
567; 0; 0; 0; 690.4; 
567; 0; 0; 0; 690.6; 
567; 0; 0; 0; 690.8; 
567; 0; 0; 0; 691; 
567; 0; 0; 0; 691.2; 
567; 0; 0; 0; 691.4; 
567; 0; 0; 0; 691.6; 
567; 0; 0; 0; 691.8; 
567; 0; 0; 0; 692; 
567; 0; 0; 0; 692.2; 
567; 0; 0; 0; 692.4; 
567; 0; 0; 0; 692.6; 
567; 0; 0; 0; 692.8; 
567; 0; 0; 0; 693; 
567; 0; 0; 0; 693.2; 
567; 0; 0; 0; 693.4; 
567; 0; 0; 0; 693.6; 
567; 0; 0; 0; 693.8; 
567; 0; 0; 0; 694; 
567; 0; 0; 0; 694.2; 
567; 0; 0; 0; 694.4; 
567; 0; 0; 0; 694.6; 
567; 0; 0; 0; 694.8; 
567; 0; 0; 0; 695; 
567; 0; 0; 0; 695.2; 
567; 0; 0; 0; 695.4; 
567; 0; 0; 0; 695.6; 
567; 0; 0; 0; 695.8; 
567; 0; 0; 0; 696; 
567; 0; 0; 0; 696.2; 
567; 0; 0; 0; 696.4; 
567; 0; 0; 0; 696.6; 
567; 0; 0; 0; 696.8; 
567; 0; 0; 0; 697; 
567; 0; 0; 0; 697.2; 
567; 0; 0; 0; 697.4; 
567; 0; 0; 0; 697.6; 
567; 0; 0; 0; 697.8; 
567; 0; 0; 0; 698; 
567; 0; 0; 0; 698.2; 
567; 0; 0; 0; 698.4; 
567; 0; 0; 0; 698.6; 
567; 0; 0; 0; 698.8; 
567; 0; 0; 0; 699; 
567; 0; 0; 0; 699.2; 
567; 0; 0; 0; 699.4; 
567; 0; 0; 0; 699.6; 
567; 0; 0; 0; 699.8; 
567; 0; 0; 0; 700; 
567; 0; 0; 0; 700.2; 
567; 0; 0; 0; 700.4; 
567; 0; 0; 0; 700.6; 
567; 0; 0; 0; 700.8; 
567; 0; 0; 0; 701; 
567; 0; 0; 0; 701.2; 
567; 0; 0; 0; 701.4; 
567; 0; 0; 0; 701.6; 
567; 0; 0; 0; 701.8; 
567; 0; 0; 0; 702; 
567; 0; 0; 0; 702.2; 
567; 0; 0; 0; 702.4; 
567; 0; 0; 0; 702.6; 
567; 0; 0; 0; 702.8; 
567; 0; 0; 0; 703; 
567; 0; 0; 0; 703.2; 
567; 0; 0; 0; 703.4; 
567; 0; 0; 0; 703.6; 
567; 0; 0; 0; 703.8; 
567; 0; 0; 0; 704; 
567; 0; 0; 0; 704.2; 
567; 0; 0; 0; 704.4; 
567; 0; 0; 0; 704.6; 
567; 0; 0; 0; 704.8; 
567; 0; 0; 0; 705; 
567; 0; 0; 0; 705.2; 
567; 0; 0; 0; 705.4; 
567; 0; 0; 0; 705.6; 
567; 0; 0; 0; 705.8; 
567; 0; 0; 0; 706; 
567; 0; 0; 0; 706.2; 
567; 0; 0; 0; 706.4; 
567; 0; 0; 0; 706.6; 
567; 0; 0; 0; 706.8; 
567; 0; 0; 0; 707; 
567; 0; 0; 0; 707.2; 
567; 0; 0; 0; 707.4; 
567; 0; 0; 0; 707.6; 
567; 0; 0; 0; 707.8; 
567; 0; 0; 0; 708; 
567; 0; 0; 0; 708.2; 
567; 0; 0; 0; 708.4; 
567; 0; 0; 0; 708.6; 
567; 0; 0; 0; 708.8; 
567; 0; 0; 0; 709; 
567; 0; 0; 0; 709.2; 
567; 0; 0; 0; 709.4; 
567; 0; 0; 0; 709.6; 
567; 0; 0; 0; 709.8; 
567; 0; 0; 0; 710; 
567; 0; 0; 0; 710.2; 
567; 0; 0; 0; 710.4; 
567; 0; 0; 0; 710.6; 
567; 0; 0; 0; 710.8; 
567; 0; 0; 0; 711; 
567; 0; 0; 0; 711.2; 
567; 0; 0; 0; 711.4; 
567; 0; 0; 0; 711.6; 
567; 0; 0; 0; 711.8; 
567; 0; 0; 0; 712; 
567; 0; 0; 0; 712.2; 
567; 0; 0; 0; 712.4; 
567; 0; 0; 0; 712.6; 
567; 0; 0; 0; 712.8; 
567; 0; 0; 0; 713; 
567; 0; 0; 0; 713.2; 
567; 0; 0; 0; 713.4; 
567; 0; 0; 0; 713.6; 
567; 0; 0; 0; 713.8; 
567; 0; 0; 0; 714; 
567; 0; 0; 0; 714.2; 
567; 0; 0; 0; 714.4; 
567; 0; 0; 0; 714.6; 
567; 0; 0; 0; 714.8; 
567; 0; 0; 0; 715; 
567; 0; 0; 0; 715.2; 
567; 0; 0; 0; 715.4; 
567; 0; 0; 0; 715.6; 
567; 0; 0; 0; 715.8; 
567; 0; 0; 0; 716; 
567; 0; 0; 0; 716.2; 
567; 0; 0; 0; 716.4; 
567; 0; 0; 0; 716.6; 
567; 0; 0; 0; 716.8; 
567; 0; 0; 0; 717; 
567; 0; 0; 0; 717.2; 
567; 0; 0; 0; 717.4; 
567; 0; 0; 0; 717.6; 
567; 0; 0; 0; 717.8; 
567; 0; 0; 0; 718; 
567; 0; 0; 0; 718.2; 
567; 0; 0; 0; 718.4; 
567; 0; 0; 0; 718.6; 
567; 0; 0; 0; 718.8; 
567; 0; 0; 0; 719; 
567; 0; 0; 0; 719.2; 
567; 0; 0; 0; 719.4; 
567; 0; 0; 0; 719.6; 
567; 0; 0; 0; 719.8; 
567; 0; 0; 0; 720; 
567; 0; 0; 0; 720.2; 
567; 0; 0; 0; 720.4; 
567; 0; 0; 0; 720.6; 
567; 0; 0; 0; 720.8; 
567; 0; 0; 0; 721; 
567; 0; 0; 0; 721.2; 
567; 0; 0; 0; 721.4; 
567; 0; 0; 0; 721.6; 
567; 0; 0; 0; 721.8; 
567; 0; 0; 0; 722; 
567; 0; 0; 0; 722.2; 
567; 0; 0; 0; 722.4; 
567; 0; 0; 0; 722.6; 
567; 0; 0; 0; 722.8; 
567; 0; 0; 0; 723; 
567; 0; 0; 0; 723.2; 
567; 0; 0; 0; 723.4; 
567; 0; 0; 0; 723.6; 
567; 0; 0; 0; 723.8; 
567; 0; 0; 0; 724; 
567; 0; 0; 0; 724.2; 
567; 0; 0; 0; 724.4; 
567; 0; 0; 0; 724.6; 
567; 0; 0; 0; 724.8; 
567; 0; 0; 0; 725; 
567; 0; 0; 0; 725.2; 
567; 0; 0; 0; 725.4; 
567; 0; 0; 0; 725.6; 
567; 0; 0; 0; 725.8; 
567; 0; 0; 0; 726; 
567; 0; 0; 0; 726.2; 
567; 0; 0; 0; 726.4; 
567; 0; 0; 0; 726.6; 
567; 0; 0; 0; 726.8; 
567; 0; 0; 0; 727; 
567; 0; 0; 0; 727.2; 
567; 0; 0; 0; 727.4; 
567; 0; 0; 0; 727.6; 
567; 0; 0; 0; 727.8; 
567; 0; 0; 0; 728; 
567; 0; 0; 0; 728.2; 
567; 0; 0; 0; 728.4; 
567; 0; 0; 0; 728.6; 
567; 0; 0; 0; 728.8; 
567; 0; 0; 0; 729; 
567; 0; 0; 0; 729.2; 
567; 0; 0; 0; 729.4; 
567; 0; 0; 0; 729.6; 
567; 0; 0; 0; 729.8; 
567; 0; 0; 0; 730; 
567; 0; 0; 0; 730.2; 
567; 0; 0; 0; 730.4; 
567; 0; 0; 0; 730.6; 
567; 0; 0; 0; 730.8; 
567; 0; 0; 0; 731; 
567; 0; 0; 0; 731.2; 
567; 0; 0; 0; 731.4; 
567; 0; 0; 0; 731.6; 
567; 0; 0; 0; 731.8; 
567; 0; 0; 0; 732; 
567; 0; 0; 0; 732.2; 
567; 0; 0; 0; 732.4; 
567; 0; 0; 0; 732.6; 
567; 0; 0; 0; 732.8; 
567; 0; 0; 0; 733; 
567; 0; 0; 0; 733.2; 
567; 0; 0; 0; 733.4; 
567; 0; 0; 0; 733.6; 
567; 0; 0; 0; 733.8; 
567; 0; 0; 0; 734; 
567; 0; 0; 0; 734.2; 
567; 0; 0; 0; 734.4; 
567; 0; 0; 0; 734.6; 
567; 0; 0; 0; 734.8; 
567; 0; 0; 0; 735; 
567; 0; 0; 0; 735.2; 
567; 0; 0; 0; 735.4; 
567; 0; 0; 0; 735.6; 
567; 0; 0; 0; 735.8; 
567; 0; 0; 0; 736; 
567; 0; 0; 0; 736.2; 
567; 0; 0; 0; 736.4; 
567; 0; 0; 0; 736.6; 
567; 0; 0; 0; 736.8; 
567; 0; 0; 0; 737; 
567; 0; 0; 0; 737.2; 
567; 0; 0; 0; 737.4; 
567; 0; 0; 0; 737.6; 
567; 0; 0; 0; 737.8; 
567; 0; 0; 0; 738; 
567; 0; 0; 0; 738.2; 
567; 0; 0; 0; 738.4; 
567; 0; 0; 0; 738.6; 
567; 0; 0; 0; 738.8; 
567; 0; 0; 0; 739; 
567; 0; 0; 0; 739.2; 
567; 0; 0; 0; 739.4; 
567; 0; 0; 0; 739.6; 
567; 0; 0; 0; 739.8; 
567; 0; 0; 0; 740; 
567; 0; 0; 0; 740.2; 
567; 0; 0; 0; 740.4; 
567; 0; 0; 0; 740.6; 
567; 0; 0; 0; 740.8; 
567; 0; 0; 0; 741; 
567; 0; 0; 0; 741.2; 
567; 0; 0; 0; 741.4; 
567; 0; 0; 0; 741.6; 
567; 0; 0; 0; 741.8; 
567; 0; 0; 0; 742; 
567; 0; 0; 0; 742.2; 
567; 0; 0; 0; 742.4; 
567; 0; 0; 0; 742.6; 
567; 0; 0; 0; 742.8; 
567; 0; 0; 0; 743; 
567; 0; 0; 0; 743.2; 
567; 0; 0; 0; 743.4; 
567; 0; 0; 0; 743.6; 
567; 0; 0; 0; 743.8; 
567; 0; 0; 0; 744; 
567; 0; 0; 0; 744.2; 
567; 0; 0; 0; 744.4; 
567; 0; 0; 0; 744.6; 
567; 0; 0; 0; 744.8; 
567; 0; 0; 0; 745; 
567; 0; 0; 0; 745.2; 
567; 0; 0; 0; 745.4; 
567; 0; 0; 0; 745.6; 
567; 0; 0; 0; 745.8; 
567; 0; 0; 0; 746; 
567; 0; 0; 0; 746.2; 
567; 0; 0; 0; 746.4; 
567; 0; 0; 0; 746.6; 
567; 0; 0; 0; 746.8; 
567; 0; 0; 0; 747; 
567; 0; 0; 0; 747.2; 
567; 0; 0; 0; 747.4; 
567; 0; 0; 0; 747.6; 
567; 0; 0; 0; 747.8; 
567; 0; 0; 0; 748; 
567; 0; 0; 0; 748.2; 
567; 0; 0; 0; 748.4; 
567; 0; 0; 0; 748.6; 
567; 0; 0; 0; 748.8; 
567; 0; 0; 0; 749; 
567; 0; 0; 0; 749.2; 
567; 0; 0; 0; 749.4; 
567; 0; 0; 0; 749.6; 
567; 0; 0; 0; 749.8; 
567; 0; 0; 0; 750; 
567; 0; 0; 0; 750.2; 
567; 0; 0; 0; 750.4; 
567; 0; 0; 0; 750.6; 
567; 0; 0; 0; 750.8; 
567; 0; 0; 0; 751; 
567; 0; 0; 0; 751.2; 
567; 0; 0; 0; 751.4; 
567; 0; 0; 0; 751.6; 
567; 0; 0; 0; 751.8; 
567; 0; 0; 0; 752; 
567; 0; 0; 0; 752.2; 
567; 0; 0; 0; 752.4; 
567; 0; 0; 0; 752.6; 
567; 0; 0; 0; 752.8; 
567; 0; 0; 0; 753; 
567; 0; 0; 0; 753.2; 
567; 0; 0; 0; 753.4; 
567; 0; 0; 0; 753.6; 
567; 0; 0; 0; 753.8; 
567; 0; 0; 0; 754; 
567; 0; 0; 0; 754.2; 
567; 0; 0; 0; 754.4; 
567; 0; 0; 0; 754.6; 
567; 0; 0; 0; 754.8; 
567; 0; 0; 0; 755; 
567; 0; 0; 0; 755.2; 
567; 0; 0; 0; 755.4; 
567; 0; 0; 0; 755.6; 
567; 0; 0; 0; 755.8; 
567; 0; 0; 0; 756; 
567; 0; 0; 0; 756.2; 
567; 0; 0; 0; 756.4; 
567; 0; 0; 0; 756.6; 
567; 0; 0; 0; 756.8; 
567; 0; 0; 0; 757; 
567; 0; 0; 0; 757.2; 
567; 0; 0; 0; 757.4; 
567; 0; 0; 0; 757.6; 
567; 0; 0; 0; 757.8; 
567; 0; 0; 0; 758; 
567; 0; 0; 0; 758.2; 
567; 0; 0; 0; 758.4; 
567; 0; 0; 0; 758.6; 
567; 0; 0; 0; 758.8; 
567; 0; 0; 0; 759; 
567; 0; 0; 0; 759.2; 
567; 0; 0; 0; 759.4; 
567; 0; 0; 0; 759.6; 
567; 0; 0; 0; 759.8; 
567; 0; 0; 0; 760; 
567; 0; 0; 0; 760.2; 
567; 0; 0; 0; 760.4; 
567; 0; 0; 0; 760.6; 
567; 0; 0; 0; 760.8; 
567; 0; 0; 0; 761; 
567; 0; 0; 0; 761.2; 
567; 0; 0; 0; 761.4; 
567; 0; 0; 0; 761.6; 
567; 0; 0; 0; 761.8; 
567; 0; 0; 0; 762; 
567; 0; 0; 0; 762.2; 
567; 0; 0; 0; 762.4; 
567; 0; 0; 0; 762.6; 
567; 0; 0; 0; 762.8; 
567; 0; 0; 0; 763; 
567; 0; 0; 0; 763.2; 
567; 0; 0; 0; 763.4; 
567; 0; 0; 0; 763.6; 
567; 0; 0; 0; 763.8; 
567; 0; 0; 0; 764; 
567; 0; 0; 0; 764.2; 
567; 0; 0; 0; 764.4; 
567; 0; 0; 0; 764.6; 
567; 0; 0; 0; 764.8; 
567; 0; 0; 0; 765; 
567; 0; 0; 0; 765.2; 
567; 0; 0; 0; 765.4; 
567; 0; 0; 0; 765.6; 
567; 0; 0; 0; 765.8; 
567; 0; 0; 0; 766; 
567; 0; 0; 0; 766.2; 
567; 0; 0; 0; 766.4; 
567; 0; 0; 0; 766.6; 
567; 0; 0; 0; 766.8; 
567; 0; 0; 0; 767; 
567; 0; 0; 0; 767.2; 
567; 0; 0; 0; 767.4; 
567; 0; 0; 0; 767.6; 
567; 0; 0; 0; 767.8; 
567; 0; 0; 0; 768; 
567; 0; 0; 0; 768.2; 
567; 0; 0; 0; 768.4; 
567; 0; 0; 0; 768.6; 
567; 0; 0; 0; 768.8; 
567; 0; 0; 0; 769; 
567; 0; 0; 0; 769.2; 
567; 0; 0; 0; 769.4; 
567; 0; 0; 0; 769.6; 
567; 0; 0; 0; 769.8; 
567; 0; 0; 0; 770; 
567; 0; 0; 0; 770.2; 
567; 0; 0; 0; 770.4; 
567; 0; 0; 0; 770.6; 
567; 0; 0; 0; 770.8; 
567; 0; 0; 0; 771; 
567; 0; 0; 0; 771.2; 
567; 0; 0; 0; 771.4; 
567; 0; 0; 0; 771.6; 
567; 0; 0; 0; 771.8; 
567; 0; 0; 0; 772; 
567; 0; 0; 0; 772.2; 
567; 0; 0; 0; 772.4; 
567; 0; 0; 0; 772.6; 
567; 0; 0; 0; 772.8; 
567; 0; 0; 0; 773; 
567; 0; 0; 0; 773.2; 
567; 0; 0; 0; 773.4; 
567; 0; 0; 0; 773.6; 
567; 0; 0; 0; 773.8; 
567; 0; 0; 0; 774; 
567; 0; 0; 0; 774.2; 
567; 0; 0; 0; 774.4; 
567; 0; 0; 0; 774.6; 
567; 0; 0; 0; 774.8; 
567; 0; 0; 0; 775; 
567; 0; 0; 0; 775.2; 
567; 0; 0; 0; 775.4; 
567; 0; 0; 0; 775.6; 
567; 0; 0; 0; 775.8; 
567; 0; 0; 0; 776; 
567; 0; 0; 0; 776.2; 
567; 0; 0; 0; 776.4; 
567; 0; 0; 0; 776.6; 
567; 0; 0; 0; 776.8; 
567; 0; 0; 0; 777; 
567; 0; 0; 0; 777.2; 
567; 0; 0; 0; 777.4; 
567; 0; 0; 0; 777.6; 
567; 0; 0; 0; 777.8; 
567; 0; 0; 0; 778; 
567; 0; 0; 0; 778.2; 
567; 0; 0; 0; 778.4; 
567; 0; 0; 0; 778.6; 
567; 0; 0; 0; 778.8; 
567; 0; 0; 0; 779; 
567; 0; 0; 0; 779.2; 
567; 0; 0; 0; 779.4; 
567; 0; 0; 0; 779.6; 
567; 0; 0; 0; 779.8; 
567; 0; 0; 0; 780; 
567; 0; 0; 0; 780.2; 
567; 0; 0; 0; 780.4; 
567; 0; 0; 0; 780.6; 
567; 0; 0; 0; 780.8; 
567; 0; 0; 0; 781; 
567; 0; 0; 0; 781.2; 
567; 0; 0; 0; 781.4; 
567; 0; 0; 0; 781.6; 
567; 0; 0; 0; 781.8; 
567; 0; 0; 0; 782; 
567; 0; 0; 0; 782.2; 
567; 0; 0; 0; 782.4; 
567; 0; 0; 0; 782.6; 
567; 0; 0; 0; 782.8; 
567; 0; 0; 0; 783; 
567; 0; 0; 0; 783.2; 
567; 0; 0; 0; 783.4; 
567; 0; 0; 0; 783.6; 
567; 0; 0; 0; 783.8; 
567; 0; 0; 0; 784; 
567; 0; 0; 0; 784.2; 
567; 0; 0; 0; 784.4; 
567; 0; 0; 0; 784.6; 
567; 0; 0; 0; 784.8; 
567; 0; 0; 0; 785; 
567; 0; 0; 0; 785.2; 
567; 0; 0; 0; 785.4; 
567; 0; 0; 0; 785.6; 
567; 0; 0; 0; 785.8; 
567; 0; 0; 0; 786; 
567; 0; 0; 0; 786.2; 
567; 0; 0; 0; 786.4; 
567; 0; 0; 0; 786.6; 
567; 0; 0; 0; 786.8; 
567; 0; 0; 0; 787; 
567; 0; 0; 0; 787.2; 
567; 0; 0; 0; 787.4; 
567; 0; 0; 0; 787.6; 
567; 0; 0; 0; 787.8; 
567; 0; 0; 0; 788; 
567; 0; 0; 0; 788.2; 
567; 0; 0; 0; 788.4; 
567; 0; 0; 0; 788.6; 
567; 0; 0; 0; 788.8; 
567; 0; 0; 0; 789; 
567; 0; 0; 0; 789.2; 
567; 0; 0; 0; 789.4; 
567; 0; 0; 0; 789.6; 
567; 0; 0; 0; 789.8; 
567; 0; 0; 0; 790; 
567; 0; 0; 0; 790.2; 
567; 0; 0; 0; 790.4; 
567; 0; 0; 0; 790.6; 
567; 0; 0; 0; 790.8; 
567; 0; 0; 0; 791; 
567; 0; 0; 0; 791.2; 
567; 0; 0; 0; 791.4; 
567; 0; 0; 0; 791.6; 
567; 0; 0; 0; 791.8; 
567; 0; 0; 0; 792; 
567; 0; 0; 0; 792.2; 
567; 0; 0; 0; 792.4; 
567; 0; 0; 0; 792.6; 
567; 0; 0; 0; 792.8; 
567; 0; 0; 0; 793; 
567; 0; 0; 0; 793.2; 
567; 0; 0; 0; 793.4; 
567; 0; 0; 0; 793.6; 
567; 0; 0; 0; 793.8; 
567; 0; 0; 0; 794; 
567; 0; 0; 0; 794.2; 
567; 0; 0; 0; 794.4; 
567; 0; 0; 0; 794.6; 
567; 0; 0; 0; 794.8; 
567; 0; 0; 0; 795; 
567; 0; 0; 0; 795.2; 
567; 0; 0; 0; 795.4; 
567; 0; 0; 0; 795.6; 
567; 0; 0; 0; 795.8; 
567; 0; 0; 0; 796; 
567; 0; 0; 0; 796.2; 
567; 0; 0; 0; 796.4; 
567; 0; 0; 0; 796.6; 
567; 0; 0; 0; 796.8; 
567; 0; 0; 0; 797; 
567; 0; 0; 0; 797.2; 
567; 0; 0; 0; 797.4; 
567; 0; 0; 0; 797.6; 
567; 0; 0; 0; 797.8; 
567; 0; 0; 0; 798; 
567; 0; 0; 0; 798.2; 
567; 0; 0; 0; 798.4; 
567; 0; 0; 0; 798.6; 
567; 0; 0; 0; 798.8; 
567; 0; 0; 0; 799; 
567; 0; 0; 0; 799.2; 
567; 0; 0; 0; 799.4; 
567; 0; 0; 0; 799.6; 
567; 0; 0; 0; 799.8; 
567; 0; 0; 0; 800; 
567; 0; 0; 0; 800.2; 
567; 0; 0; 0; 800.4; 
567; 0; 0; 0; 800.6; 
567; 0; 0; 0; 800.8; 
567; 0; 0; 0; 801; 
567; 0; 0; 0; 801.2; 
567; 0; 0; 0; 801.4; 
567; 0; 0; 0; 801.6; 
567; 0; 0; 0; 801.8; 
567; 0; 0; 0; 802; 
567; 0; 0; 0; 802.2; 
567; 0; 0; 0; 802.4; 
567; 0; 0; 0; 802.6; 
567; 0; 0; 0; 802.8; 
567; 0; 0; 0; 803; 
567; 0; 0; 0; 803.2; 
567; 0; 0; 0; 803.4; 
567; 0; 0; 0; 803.6; 
567; 0; 0; 0; 803.8; 
567; 0; 0; 0; 804; 
567; 0; 0; 0; 804.2; 
567; 0; 0; 0; 804.4; 
567; 0; 0; 0; 804.6; 
567; 0; 0; 0; 804.8; 
567; 0; 0; 0; 805; 
567; 0; 0; 0; 805.2; 
567; 0; 0; 0; 805.4; 
567; 0; 0; 0; 805.6; 
567; 0; 0; 0; 805.8; 
567; 0; 0; 0; 806; 
567; 0; 0; 0; 806.2; 
567; 0; 0; 0; 806.4; 
567; 0; 0; 0; 806.6; 
567; 0; 0; 0; 806.8; 
567; 0; 0; 0; 807; 
567; 0; 0; 0; 807.2; 
567; 0; 0; 0; 807.4; 
567; 0; 0; 0; 807.6; 
567; 0; 0; 0; 807.8; 
567; 0; 0; 0; 808; 
567; 0; 0; 0; 808.2; 
567; 0; 0; 0; 808.4; 
567; 0; 0; 0; 808.6; 
567; 0; 0; 0; 808.8; 
567; 0; 0; 0; 809; 
567; 0; 0; 0; 809.2; 
567; 0; 0; 0; 809.4; 
567; 0; 0; 0; 809.6; 
567; 0; 0; 0; 809.8; 
567; 0; 0; 0; 810; 
567; 0; 0; 0; 810.2; 
567; 0; 0; 0; 810.4; 
567; 0; 0; 0; 810.6; 
567; 0; 0; 0; 810.8; 
567; 0; 0; 0; 811; 
567; 0; 0; 0; 811.2; 
567; 0; 0; 0; 811.4; 
567; 0; 0; 0; 811.6; 
567; 0; 0; 0; 811.8; 
567; 0; 0; 0; 812; 
567; 0; 0; 0; 812.2; 
567; 0; 0; 0; 812.4; 
567; 0; 0; 0; 812.6; 
567; 0; 0; 0; 812.8; 
567; 0; 0; 0; 813; 
567; 0; 0; 0; 813.2; 
567; 0; 0; 0; 813.4; 
567; 0; 0; 0; 813.6; 
567; 0; 0; 0; 813.8; 
567; 0; 0; 0; 814; 
567; 0; 0; 0; 814.2; 
567; 0; 0; 0; 814.4; 
567; 0; 0; 0; 814.6; 
567; 0; 0; 0; 814.8; 
567; 0; 0; 0; 815; 
567; 0; 0; 0; 815.2; 
567; 0; 0; 0; 815.4; 
567; 0; 0; 0; 815.6; 
567; 0; 0; 0; 815.8; 
567; 0; 0; 0; 816; 
567; 0; 0; 0; 816.2; 
567; 0; 0; 0; 816.4; 
567; 0; 0; 0; 816.6; 
567; 0; 0; 0; 816.8; 
567; 0; 0; 0; 817; 
567; 0; 0; 0; 817.2; 
567; 0; 0; 0; 817.4; 
567; 0; 0; 0; 817.6; 
567; 0; 0; 0; 817.8; 
567; 0; 0; 0; 818; 
567; 0; 0; 0; 818.2; 
567; 0; 0; 0; 818.4; 
567; 0; 0; 0; 818.6; 
567; 0; 0; 0; 818.8; 
567; 0; 0; 0; 819; 
567; 0; 0; 0; 819.2; 
567; 0; 0; 0; 819.4; 
567; 0; 0; 0; 819.6; 
567; 0; 0; 0; 819.8; 
567; 0; 0; 0; 820; 
567; 0; 0; 0; 820.2; 
567; 0; 0; 0; 820.4; 
567; 0; 0; 0; 820.6; 
567; 0; 0; 0; 820.8; 
567; 0; 0; 0; 821; 
567; 0; 0; 0; 821.2; 
567; 0; 0; 0; 821.4; 
567; 0; 0; 0; 821.6; 
567; 0; 0; 0; 821.8; 
567; 0; 0; 0; 822; 
567; 0; 0; 0; 822.2; 
567; 0; 0; 0; 822.4; 
567; 0; 0; 0; 822.6; 
567; 0; 0; 0; 822.8; 
567; 0; 0; 0; 823; 
567; 0; 0; 0; 823.2; 
567; 0; 0; 0; 823.4; 
567; 0; 0; 0; 823.6; 
567; 0; 0; 0; 823.8; 
567; 0; 0; 0; 824; 
567; 0; 0; 0; 824.2; 
