567; 0; 0; 170; 0; 
567; 0; 0; 170; 0.2; 
567; 0; 0; 170; 0.4; 
567; 0; 0; 170; 0.6; 
567; 0; 0; 170; 0.8; 
567; 0; 0; 170; 1; 
567; 0; 0; 170; 1.2; 
567; 0; 0; 170; 1.4; 
567; 0; 0; 170; 1.6; 
567; 0; 0; 170; 1.8; 
567; 0; 0; 170; 2; 
567; 0; 0; 170; 2.2; 
567; 0; 0; 170; 2.4; 
567; 0; 0; 170; 2.6; 
567; 0; 0; 170; 2.8; 
567; 0; 0; 170; 3; 
567; 0; 0; 170; 3.2; 
567; 0; 0; 170; 3.4; 
567; 0; 0; 170; 3.6; 
567; 0; 0; 170; 3.8; 
567; 0; 0; 170; 4; 
567; 0; 0; 170; 4.2; 
567; 0; 0; 170; 4.4; 
567; 0; 0; 170; 4.6; 
567; 0; 0; 170; 4.8; 
567; 0; 0; 170; 5; 
567; 0; 0; 170; 5.2; 
567; 0; 0; 170; 5.4; 
567; 0; 0; 170; 5.6; 
567; 0; 0; 170; 5.8; 
567; 0; 0; 170; 6; 
567; 0; 0; 170; 6.2; 
567; 0; 0; 170; 6.4; 
567; 0; 0; 170; 6.6; 
567; 0; 0; 170; 6.8; 
567; 0; 0; 170; 7; 
567; 0; 0; 170; 7.2; 
567; 0; 0; 170; 7.4; 
567; 0; 0; 170; 7.6; 
567; 0; 0; 170; 7.8; 
567; 0; 0; 170; 8; 
567; 0; 0; 170; 8.2; 
567; 0; 0; 170; 8.4; 
567; 0; 0; 170; 8.6; 
567; 0; 0; 170; 8.8; 
567; 0; 0; 170; 9; 
567; 0; 0; 170; 9.2; 
567; 0; 0; 170; 9.4; 
567; 0; 0; 170; 9.6; 
567; 0; 0; 170; 9.8; 
567; 0; 0; 170; 10; 
567; 0; 0; 170; 10.2; 
567; 0; 0; 170; 10.4; 
567; 0; 0; 170; 10.6; 
567; 0; 0; 170; 10.8; 
567; 0; 0; 170; 11; 
567; 0; 0; 170; 11.2; 
567; 0; 0; 170; 11.4; 
567; 0; 0; 170; 11.6; 
567; 0; 0; 170; 11.8; 
567; 0; 0; 170; 12; 
567; 0; 0; 170; 12.2; 
567; 0; 0; 170; 12.4; 
567; 0; 0; 170; 12.6; 
567; 0; 0; 170; 12.8; 
567; 0; 0; 170; 13; 
567; 0; 0; 170; 13.2; 
567; 0; 0; 170; 13.4; 
567; 0; 0; 170; 13.6; 
567; 0; 0; 170; 13.8; 
567; 0; 0; 170; 14; 
567; 0; 0; 170; 14.2; 
567; 0; 0; 170; 14.4; 
567; 0; 0; 170; 14.6; 
567; 0; 0; 170; 14.8; 
567; 0; 0; 170; 15; 
567; 0; 0; 170; 15.2; 
567; 0; 0; 170; 15.4; 
567; 0; 0; 170; 15.6; 
567; 0; 0; 170; 15.8; 
567; 0; 0; 170; 16; 
567; 0; 0; 170; 16.2; 
567; 0; 0; 170; 16.4; 
567; 0; 0; 170; 16.6; 
567; 0; 0; 170; 16.8; 
567; 0; 0; 170; 17; 
567; 0; 0; 170; 17.2; 
567; 0; 0; 170; 17.4; 
567; 0; 0; 170; 17.6; 
567; 0; 0; 170; 17.8; 
567; 0; 0; 170; 18; 
567; 0; 0; 170; 18.2; 
567; 0; 0; 170; 18.4; 
567; 0; 0; 170; 18.6; 
567; 0; 0; 170; 18.8; 
567; 0; 0; 170; 19; 
567; 0; 0; 170; 19.2; 
567; 0; 0; 170; 19.4; 
567; 0; 0; 170; 19.6; 
567; 0; 0; 170; 19.8; 
567; 0; 0; 170; 20; 
567; 0; 0; 170; 20.2; 
567; 0; 0; 170; 20.4; 
567; 0; 0; 170; 20.6; 
567; 0; 0; 170; 20.8; 
567; 0; 0; 170; 21; 
567; 0; 0; 170; 21.2; 
567; 0; 0; 170; 21.4; 
567; 0; 0; 170; 21.6; 
567; 0; 0; 170; 21.8; 
567; 0; 0; 170; 22; 
567; 0; 0; 170; 22.2; 
567; 0; 0; 170; 22.4; 
567; 0; 0; 170; 22.6; 
567; 0; 0; 170; 22.8; 
567; 0; 0; 170; 23; 
567; 0; 0; 170; 23.2; 
567; 0; 0; 170; 23.4; 
567; 0; 0; 170; 23.6; 
567; 0; 2597.8573; 170; 23.8; 
567; 0; 2597.8573; 170; 24; 
567; 0; 2597.8573; 170; 24.2; 
567; 0; 2597.8573; 170; 24.4; 
567; 0; 2597.8573; 170; 24.6; 
567; 0; 2597.8573; 170; 24.8; 
567; 0; 2597.8573; 170; 25; 
567; 0; 2597.8573; 170; 25.2; 
567; 0; 2597.8573; 170; 25.4; 
567; 0; 2597.8573; 170; 25.6; 
567; 0; 2597.8573; 170; 25.8; 
567; 0; 2597.8573; 170; 26; 
567; 0; 2597.8573; 170; 26.2; 
567; 0; 2597.8573; 170; 26.4; 
567; 0; 2597.8573; 170; 26.6; 
567; 0; 2597.8573; 170; 26.8; 
567; 0; 2597.8573; 170; 27; 
567; 0; 2597.8573; 170; 27.2; 
567; 0; 2597.8573; 170; 27.4; 
567; 0; 2597.8573; 170; 27.6; 
567; 0; 2597.8573; 170; 27.8; 
567; 0; 2597.8573; 170; 28; 
567; 0; 2597.8573; 170; 28.2; 
567; 0; 2597.8573; 170; 28.4; 
567; 0; 2597.8573; 170; 28.6; 
567; 0; 2597.8573; 170; 28.8; 
567; 0; 2597.8573; 170; 29; 
567; 0; 2597.8573; 170; 29.2; 
567; 0; 2597.8573; 170; 29.4; 
567; 0; 2597.8573; 170; 29.6; 
567; 0; 2597.8573; 170; 29.8; 
567; 0; 2597.8573; 170; 30; 
567; 0; 2597.8573; 170; 30.2; 
567; 0; 2597.8573; 170; 30.4; 
567; 0; 2597.8573; 170; 30.6; 
567; 0; 2597.8573; 170; 30.8; 
567; 0; 2597.8573; 170; 31; 
567; 0; 2597.8573; 170; 31.2; 
567; 0; 2597.8573; 170; 31.4; 
567; 0; 2597.8573; 170; 31.6; 
567; 0; 2597.8573; 170; 31.8; 
567; 0; 2597.8573; 170; 32; 
567; 0; 2597.8573; 170; 32.2; 
567; 0; 2597.8573; 170; 32.4; 
567; 0; 2597.8573; 170; 32.6; 
567; 0; 2597.8573; 170; 32.8; 
567; 0; 2597.8573; 170; 33; 
567; 0; 2597.8573; 170; 33.2; 
567; 0; 2597.8573; 170; 33.4; 
567; 0; 2597.8573; 170; 33.6; 
567; 0; 2597.8573; 170; 33.8; 
567; 0; 2597.8573; 170; 34; 
567; 0; 2597.8573; 170; 34.2; 
567; 0; 2597.8573; 170; 34.4; 
567; 0; 2597.8573; 170; 34.6; 
567; 0; 2597.8573; 170; 34.8; 
567; 0; 2597.8573; 170; 35; 
567; 0; 2597.8573; 170; 35.2; 
567; 0; 2597.8573; 170; 35.4; 
567; 0; 2597.8573; 170; 35.6; 
567; 0; 2597.8573; 170; 35.8; 
567; 0; 2597.8573; 170; 36; 
567; 0; 2597.8573; 170; 36.2; 
567; 0; 2597.8573; 170; 36.4; 
567; 0; 2597.8573; 170; 36.6; 
567; 0; 2597.8573; 170; 36.8; 
567; 0; 2597.8573; 170; 37; 
567; 0; 2597.8573; 170; 37.2; 
567; 0; 2597.8573; 170; 37.4; 
567; 0; 2597.8573; 170; 37.6; 
567; 0; 2597.8573; 170; 37.8; 
567; 0; 2597.8573; 170; 38; 
567; 0; 2597.8573; 170; 38.2; 
567; 0; 2597.8573; 170; 38.4; 
567; 0; 2597.8573; 170; 38.6; 
567; 0; 2597.8573; 170; 38.8; 
567; 0; 2616.4524; 170; 39; 
567; 0; 2653.628; 170; 39.2; 
567; 0; 2713.4757; 170; 39.4; 
567; 0; 2908.952; 170; 39.6; 
567; 0; 3169.3734; 170; 39.8; 
567; 0; 3215.5111; 170; 40; 
567; 0; 3246.2859; 170; 40.2; 
567; 0; 3291.0465; 170; 40.4; 
567; 0; 3317.4822; 170; 40.6; 
567; 0; 3340.0257; 170; 40.8; 
567; 0; 3352.3187; 170; 41; 
567; 0; 3364.4052; 170; 41.2; 
567; 0; 3366.3536; 170; 41.4; 
567; 0; 3368.2689; 170; 41.6; 
567; 0; 3360.2358; 170; 41.8; 
567; 0; 3362.1076; 170; 42; 
567; 0; 3363.948; 170; 42.2; 
567; 0; 3365.754; 170; 42.4; 
567; 0; 3367.522; 170; 42.6; 
567; 0; 3369.2485; 170; 42.8; 
567; 0; 3370.9307; 170; 43; 
567; 0; 3372.5653; 170; 43.2; 
567; 0; 3374.1514; 170; 43.4; 
567; 0; 3375.6938; 170; 43.6; 
567; 0; 3377.1969; 170; 43.8; 
567; 0; 3378.6639; 170; 44; 
567; 0; 3380.0971; 170; 44.2; 
567; 0; 3381.4975; 170; 44.4; 
567; 0; 3382.8657; 170; 44.6; 
567; 0; 3384.2019; 170; 44.8; 
567; 0; 3385.5059; 170; 45; 
567; 0; 3386.7774; 170; 45.2; 
567; 0; 3388.0162; 170; 45.4; 
567; 0; 3389.2216; 170; 45.6; 
567; 0; 3390.3933; 170; 45.8; 
567; 0; 3391.5308; 170; 46; 
567; 0; 3392.6335; 170; 46.2; 
567; 0; 3393.701; 170; 46.4; 
567; 0; 3394.7327; 170; 46.6; 
567; 0; 3395.7283; 170; 46.8; 
567; 0; 3396.6872; 170; 47; 
567; 0; 3397.609; 170; 47.2; 
567; 0; 3408.0525; 170; 47.4; 
567; 0; 3408.8909; 170; 47.6; 
567; 0; 3409.691; 170; 47.8; 
567; 0; 3410.4524; 170; 48; 
567; 0; 3411.1746; 170; 48.2; 
567; 0; 3411.8572; 170; 48.4; 
567; 0; 3421.9465; 170; 48.6; 
567; 0; 3422.5429; 170; 48.8; 
567; 0; 3423.0987; 170; 49; 
567; 0; 3423.6134; 170; 49.2; 
567; 0; 3424.0865; 170; 49.4; 
567; 0; 3424.5177; 170; 49.6; 
567; 0; 3434.2593; 170; 49.8; 
567; 0; 3434.602; 170; 50; 
567; 0; 3434.9018; 170; 50.2; 
567; 0; 3435.1584; 170; 50.4; 
567; 0; 3444.6531; 170; 50.6; 
567; 0; 3444.8203; 170; 50.8; 
567; 0; 3444.9435; 170; 51; 
567; 0; 3445.0223; 170; 51.2; 
567; 0; 3454.2802; 170; 51.4; 
567; 0; 3454.2694; 170; 51.6; 
567; 0; 3454.2135; 170; 51.8; 
567; 0; 3463.289; 170; 52; 
567; 0; 3463.1451; 170; 52.2; 
567; 0; 3462.9685; 170; 52.4; 
567; 0; 3462.7714; 170; 52.6; 
567; 0; 3467.7776; 170; 52.8; 
567; 0; 3467.5738; 170; 53; 
567; 0; 3467.379; 170; 53.2; 
567; 0; 3467.1998; 170; 53.4; 
567; 0; 3472.2087; 170; 53.6; 
567; 0; 3472.0766; 170; 53.8; 
567; 0; 3471.9722; 170; 54; 
567; 0; 3471.8967; 170; 54.2; 
567; 0; 3476.9737; 170; 54.4; 
567; 0; 3476.9543; 170; 54.6; 
567; 0; 3476.96; 170; 54.8; 
567; 0; 3476.988; 170; 55; 
567; 0; 3482.1172; 170; 55.2; 
567; 0; 3482.1797; 170; 55.4; 
567; 0; 3482.2539; 170; 55.6; 
567; 0; 3482.3363; 170; 55.8; 
567; 0; 3482.423; 170; 56; 
567; 0; 3487.5527; 170; 56.2; 
567; 0; 3487.6382; 170; 56.4; 
567; 0; 3487.7194; 170; 56.6; 
567; 0; 3487.7943; 170; 56.8; 
567; 0; 3492.8677; 170; 57; 
567; 0; 3492.9261; 170; 57.2; 
567; 0; 3492.9757; 170; 57.4; 
567; 0; 3493.0167; 170; 57.6; 
567; 0; 3498.0242; 170; 57.8; 
567; 0; 3498.0494; 170; 58; 
567; 0; 3498.0681; 170; 58.2; 
567; 0; 3498.0816; 170; 58.4; 
567; 0; 3498.0911; 170; 58.6; 
567; 0; 3503.046; 170; 58.8; 
567; 0; 3503.0514; 170; 59; 
567; 0; 3503.0563; 170; 59.2; 
567; 0; 3503.0616; 170; 59.4; 
567; 0; 3507.9941; 170; 59.6; 
567; 0; 3508.0023; 170; 59.8; 
567; 0; 3508.0127; 170; 60; 
567; 0; 3508.0252; 170; 60.2; 
567; 0; 3512.9477; 170; 60.4; 
567; 0; 3512.9642; 170; 60.6; 
567; 0; 3512.9824; 170; 60.8; 
567; 0; 3513.0018; 170; 61; 
567; 0; 3513.0221; 170; 61.2; 
567; 0; 3514.759; 170; 61.4; 
567; 0; 3514.7797; 170; 61.6; 
567; 0; 3514.8002; 170; 61.8; 
567; 0; 3514.82; 170; 62; 
567; 0; 3516.518; 170; 62.2; 
567; 0; 3516.536; 170; 62.4; 
567; 0; 3516.5531; 170; 62.6; 
567; 0; 3516.569; 170; 62.8; 
567; 0; 3516.5839; 170; 63; 
567; 0; 3518.2427; 170; 63.2; 
567; 0; 3518.2555; 170; 63.4; 
567; 0; 3518.2675; 170; 63.6; 
567; 0; 3518.2789; 170; 63.8; 
567; 0; 3518.29; 170; 64; 
567; 0; 3519.9156; 170; 64.2; 
567; 0; 3519.9263; 170; 64.4; 
567; 0; 3519.9368; 170; 64.6; 
567; 0; 3519.947; 170; 64.8; 
567; 0; 3519.9598; 170; 65; 
567; 0; 3521.572; 170; 65.2; 
567; 0; 3521.6153; 170; 65.4; 
567; 0; 3521.6843; 170; 65.6; 
567; 0; 3521.7843; 170; 65.8; 
567; 0; 3521.9202; 170; 66; 
567; 0; 3523.6582; 170; 66.2; 
567; 0; 3523.877; 170; 66.4; 
567; 0; 3524.1408; 170; 66.6; 
567; 0; 3524.4421; 170; 66.8; 
567; 0; 3524.7687; 170; 67; 
567; 0; 3525.1083; 170; 67.2; 
567; 0; 3526.9795; 170; 67.4; 
567; 0; 3527.3097; 170; 67.6; 
567; 0; 3527.6233; 170; 67.8; 
567; 0; 3527.9151; 170; 68; 
567; 0; 3528.1827; 170; 68.2; 
567; 0; 3528.4261; 170; 68.4; 
567; 0; 3530.1487; 170; 68.6; 
567; 0; 3530.348; 170; 68.8; 
567; 0; 3530.5308; 170; 69; 
567; 0; 3530.7006; 170; 69.2; 
567; 0; 3530.8604; 170; 69.4; 
567; 0; 3532.4959; 170; 69.6; 
567; 0; 3532.6416; 170; 69.8; 
567; 0; 3532.7829; 170; 70; 
567; 0; 3504.2539; 170; 70.2; 
567; 0; 3465.2037; 170; 70.4; 
567; 0; 3426.1422; 170; 70.6; 
567; 0; 3388.7788; 170; 70.8; 
567; 0; 3349.0172; 170; 71; 
567; 0; 3309.2439; 170; 71.2; 
567; 0; 3269.4594; 170; 71.4; 
567; 0; 3228.7366; 170; 71.6; 
567; 0; 3188.9305; 170; 71.8; 
567; 0; 3150.9726; 170; 72; 
567; 0; 3112.2358; 170; 72.2; 
567; 0; 3074.3861; 170; 72.4; 
567; 0; 3041.7352; 170; 72.6; 
567; 0; 3009.079; 170; 72.8; 
567; 0; 2977.2352; 170; 73; 
567; 0; 2942.9787; 170; 73.2; 
567; 0; 2908.3017; 170; 73.4; 
567; 0; 2874.5586; 170; 73.6; 
567; 0; 2841.7497; 170; 73.8; 
567; 0; 2810.8137; 170; 74; 
567; 0; 2779.8747; 170; 74.2; 
567; 0; 2750.8091; 170; 74.4; 
567; 0; 2721.7407; 170; 74.6; 
567; 0; 2694.5463; 170; 74.8; 
567; 0; 2672.3445; 170; 75; 
567; 0; 2650.9614; 170; 75.2; 
567; 0; 2629.5769; 170; 75.4; 
567; 0; 2609.7757; 170; 75.6; 
567; 0; 2589.9733; 170; 75.8; 
567; 0; 2567.1755; 170; 76; 
567; 0; 2544.7556; 170; 76.2; 
567; 0; 2523.3096; 170; 76.4; 
567; 0; 2502.8377; 170; 76.6; 
567; 0; 2483.3401; 170; 76.8; 
567; 0; 2463.8416; 170; 77; 
567; 0; 2446.2933; 170; 77.2; 
567; 0; 2428.745; 170; 77.4; 
567; 0; 2413.1473; 170; 77.6; 
567; 0; 2397.5496; 170; 77.8; 
567; 0; 2381.9516; 170; 78; 
567; 0; 2375.3956; 170; 78.2; 
567; 0; 2361.9609; 170; 78.4; 
567; 0; 2348.5252; 170; 78.6; 
567; 0; 2336.0488; 170; 78.8; 
567; 0; 2323.5713; 170; 79; 
567; 0; 2313.3608; 170; 79.2; 
567; 0; 2303.3042; 170; 79.4; 
567; 0; 2294.0854; 170; 79.6; 
567; 0; 2284.8662; 170; 79.8; 
567; 0; 2275.6468; 170; 80; 
567; 0; 2267.2655; 170; 80.2; 
567; 0; 2259.7224; 170; 80.4; 
567; 0; 2252.1793; 170; 80.6; 
567; 0; 2243.9667; 170; 80.8; 
567; 0; 2236.1771; 170; 81; 
567; 0; 2229.3613; 170; 81.2; 
567; 0; 2221.5716; 170; 81.4; 
567; 0; 2214.7556; 170; 81.6; 
567; 0; 2207.9395; 170; 81.8; 
567; 0; 2202.0971; 170; 82; 
567; 0; 2196.2546; 170; 82.2; 
567; 0; 2191.3857; 170; 82.4; 
567; 0; 2185.543; 170; 82.6; 
567; 0; 2180.674; 170; 82.8; 
567; 0; 2175.8049; 170; 83; 
567; 0; 2171.9096; 170; 83.2; 
567; 0; 2168.0142; 170; 83.4; 
567; 0; 2164.1188; 170; 83.6; 
567; 0; 2160.2234; 170; 83.8; 
567; 0; 2156.3279; 170; 84; 
567; 0; 2153.4063; 170; 84.2; 
567; 0; 2150.4846; 170; 84.4; 
567; 0; 2147.5629; 170; 84.6; 
567; 0; 2144.6413; 170; 84.8; 
567; 0; 2141.7197; 170; 85; 
567; 0; 2139.7719; 170; 85.2; 
567; 0; 2137.824; 170; 85.4; 
567; 0; 2135.8761; 170; 85.6; 
567; 0; 2133.9282; 170; 85.8; 
567; 0; 2131.9803; 170; 86; 
567; 0; 2130.0324; 170; 86.2; 
567; 0; 2129.0583; 170; 86.4; 
567; 0; 2127.1103; 170; 86.6; 
567; 0; 2126.1361; 170; 86.8; 
567; 0; 2125.162; 170; 87; 
567; 0; 2124.1878; 170; 87.2; 
567; 0; 2123.2137; 170; 87.4; 
567; 0; 2122.2395; 170; 87.6; 
567; 0; 2122.2391; 170; 87.8; 
567; 0; 2121.2649; 170; 88; 
567; 0; 2120.2907; 170; 88.2; 
567; 0; 2120.2903; 170; 88.4; 
567; 0; 2120.2899; 170; 88.6; 
567; 0; 2119.3156; 170; 88.8; 
567; 0; 2119.3152; 170; 89; 
567; 0; 2119.3148; 170; 89.2; 
567; 0; 2119.3145; 170; 89.4; 
567; 0; 2119.3142; 170; 89.6; 
567; 0; 2119.3139; 170; 89.8; 
567; 0; 2119.3135; 170; 90; 
567; 0; 2119.3132; 170; 90.2; 
567; 0; 2119.3128; 170; 90.4; 
567; 0; 2119.3124; 170; 90.6; 
567; 0; 2119.3119; 170; 90.8; 
567; 0; 2120.2853; 170; 91; 
567; 0; 2109.7402; 170; 91.2; 
567; 0; 2109.7397; 170; 91.4; 
567; 0; 2110.7251; 170; 91.6; 
567; 0; 2110.7247; 170; 91.8; 
567; 0; 2111.7102; 170; 92; 
567; 0; 2111.7099; 170; 92.2; 
567; 0; 2112.6954; 170; 92.4; 
567; 0; 2113.681; 170; 92.6; 
567; 0; 2114.6665; 170; 92.8; 
567; 0; 2114.6661; 170; 93; 
567; 0; 2115.6515; 170; 93.2; 
567; 0; 2116.637; 170; 93.4; 
567; 0; 2117.6225; 170; 93.6; 
567; 0; 2118.6079; 170; 93.8; 
567; 0; 2119.5934; 170; 94; 
567; 0; 2120.5788; 170; 94.2; 
567; 0; 2121.5643; 170; 94.4; 
567; 0; 2122.5498; 170; 94.6; 
567; 0; 2123.5352; 170; 94.8; 
567; 0; 2124.5208; 170; 95; 
567; 0; 2125.5063; 170; 95.2; 
567; 0; 2126.4919; 170; 95.4; 
567; 0; 2128.4656; 170; 95.6; 
567; 0; 2132.4167; 170; 95.8; 
567; 0; 2137.3624; 170; 96; 
567; 0; 2144.2917; 170; 96.2; 
567; 0; 2154.1937; 170; 96.4; 
567; 0; 2165.0994; 170; 96.6; 
567; 0; 2178.9843; 170; 96.8; 
567; 0; 2194.8656; 170; 97; 
567; 0; 2211.7601; 170; 97.2; 
567; 0; 2228.6813; 170; 97.4; 
567; 0; 2244.6648; 170; 97.6; 
567; 0; 2257.5755; 170; 97.8; 
567; 0; 2270.4972; 170; 98; 
567; 0; 2282.5737; 170; 98.2; 
567; 0; 2292.9485; 170; 98.4; 
567; 0; 2303.3263; 170; 98.6; 
567; 0; 2312.8525; 170; 98.8; 
567; 0; 2321.5264; 170; 99; 
567; 0; 2331.3439; 170; 99.2; 
567; 0; 2341.286; 170; 99.4; 
567; 0; 2342.1121; 170; 99.6; 
567; 0; 2352.2293; 170; 99.8; 
567; 0; 2361.3589; 170; 100; 
567; 0; 2371.4926; 170; 100.2; 
567; 0; 2380.6391; 170; 100.4; 
567; 0; 2389.7941; 170; 100.6; 
567; 0; 2398.9572; 170; 100.8; 
567; 0; 2408.1279; 170; 101; 
567; 0; 2416.3082; 170; 101.2; 
567; 0; 2424.4943; 170; 101.4; 
567; 0; 2431.6877; 170; 101.6; 
567; 0; 2438.8852; 170; 101.8; 
567; 0; 2446.0866; 170; 102; 
567; 0; 2452.293; 170; 102.2; 
567; 0; 2458.5028; 170; 102.4; 
567; 0; 2464.716; 170; 102.6; 
567; 0; 2470.9329; 170; 102.8; 
567; 0; 2476.1536; 170; 103; 
567; 0; 2481.3777; 170; 103.2; 
567; 0; 2486.6053; 170; 103.4; 
567; 0; 2490.8357; 170; 103.6; 
567; 0; 2495.0693; 170; 103.8; 
567; 0; 2500.3076; 170; 104; 
567; 0; 2504.5478; 170; 104.2; 
567; 0; 2507.7889; 170; 104.4; 
567; 0; 2512.0347; 170; 104.6; 
567; 0; 2515.2808; 170; 104.8; 
567; 0; 2518.5292; 170; 105; 
567; 0; 2521.7796; 170; 105.2; 
567; 0; 2525.0321; 170; 105.4; 
567; 0; 2527.2827; 170; 105.6; 
567; 0; 2530.539; 170; 105.8; 
567; 0; 2532.7927; 170; 106; 
567; 0; 2535.048; 170; 106.2; 
567; 0; 2537.3048; 170; 106.4; 
567; 0; 2539.5632; 170; 106.6; 
567; 0; 2540.8176; 170; 106.8; 
567; 0; 2543.079; 170; 107; 
567; 0; 2544.3357; 170; 107.2; 
567; 0; 2546.6002; 170; 107.4; 
567; 0; 2547.8594; 170; 107.6; 
567; 0; 2549.1196; 170; 107.8; 
567; 0; 2550.3807; 170; 108; 
567; 0; 2551.6427; 170; 108.2; 
567; 0; 2552.9057; 170; 108.4; 
567; 0; 2553.1612; 170; 108.6; 
567; 0; 2554.426; 170; 108.8; 
567; 0; 2554.6826; 170; 109; 
567; 0; 2555.949; 170; 109.2; 
567; 0; 2556.2066; 170; 109.4; 
567; 0; 2556.4647; 170; 109.6; 
567; 0; 2557.4715; 170; 109.8; 
567; 0; 2557.6228; 170; 110; 
567; 0; 2557.7743; 170; 110.2; 
567; 0; 2557.9262; 170; 110.4; 
567; 0; 2558.0783; 170; 110.6; 
567; 0; 2558.2307; 170; 110.8; 
567; 0; 2558.3834; 170; 111; 
567; 0; 2558.5364; 170; 111.2; 
567; 0; 2558.6896; 170; 111.4; 
567; 0; 2558.0201; 170; 111.6; 
567; 0; 2558.1737; 170; 111.8; 
567; 0; 2558.3276; 170; 112; 
567; 0; 2557.658; 170; 112.2; 
567; 0; 2557.8123; 170; 112.4; 
567; 0; 2557.9668; 170; 112.6; 
567; 0; 2557.2971; 170; 112.8; 
567; 0; 2557.452; 170; 113; 
567; 0; 2556.7821; 170; 113.2; 
567; 0; 2556.9374; 170; 113.4; 
567; 0; 2556.2673; 170; 113.6; 
567; 0; 2556.423; 170; 113.8; 
567; 0; 2555.7528; 170; 114; 
567; 0; 2555.9088; 170; 114.2; 
567; 0; 2560.7758; 170; 114.4; 
567; 0; 2560.1106; 170; 114.6; 
567; 0; 2560.2593; 170; 114.8; 
567; 0; 2559.5939; 170; 115; 
567; 0; 2558.9283; 170; 115.2; 
567; 0; 2559.0774; 170; 115.4; 
567; 0; 2558.4117; 170; 115.6; 
567; 0; 2557.7458; 170; 115.8; 
567; 0; 2557.0797; 170; 116; 
567; 0; 2556.3645; 170; 116.2; 
567; 0; 2555.6177; 170; 116.4; 
567; 0; 2554.8707; 170; 116.6; 
567; 0; 2554.1234; 170; 116.8; 
567; 0; 2554.3813; 170; 117; 
567; 0; 2553.6338; 170; 117.2; 
567; 0; 2552.8859; 170; 117.4; 
567; 0; 2552.1377; 170; 117.6; 
567; 0; 2551.3894; 170; 117.8; 
567; 0; 2550.6409; 170; 118; 
567; 0; 2549.8921; 170; 118.2; 
567; 0; 2549.1431; 170; 118.4; 
567; 0; 2548.3939; 170; 118.6; 
567; 0; 2547.6445; 170; 118.8; 
567; 0; 2546.8947; 170; 119; 
567; 0; 2546.1447; 170; 119.2; 
567; 0; 2545.3945; 170; 119.4; 
567; 0; 2544.6441; 170; 119.6; 
567; 0; 2543.8934; 170; 119.8; 
567; 0; 2543.1424; 170; 120; 
567; 0; 2543.4016; 170; 120.2; 
567; 0; 2542.6504; 170; 120.4; 
567; 0; 2541.8988; 170; 120.6; 
567; 0; 2541.147; 170; 120.8; 
567; 0; 2540.395; 170; 121; 
567; 0; 2539.6426; 170; 121.2; 
567; 0; 2539.9024; 170; 121.4; 
567; 0; 2539.1499; 170; 121.6; 
567; 0; 2538.397; 170; 121.8; 
567; 0; 2537.6438; 170; 122; 
567; 0; 2536.8906; 170; 122.2; 
567; 0; 2536.137; 170; 122.4; 
567; 0; 2536.3975; 170; 122.6; 
567; 0; 2535.6437; 170; 122.8; 
567; 0; 2534.8896; 170; 123; 
567; 0; 2534.1353; 170; 123.2; 
567; 0; 2534.3963; 170; 123.4; 
567; 0; 2533.6417; 170; 123.6; 
567; 0; 2532.8869; 170; 123.8; 
567; 0; 2532.1318; 170; 124; 
567; 0; 2532.3933; 170; 124.2; 
567; 0; 2531.6379; 170; 124.4; 
567; 0; 2530.8823; 170; 124.6; 
567; 0; 2531.1441; 170; 124.8; 
567; 0; 2530.3882; 170; 125; 
567; 0; 2529.6321; 170; 125.2; 
567; 0; 2529.8945; 170; 125.4; 
567; 0; 2529.1381; 170; 125.6; 
567; 0; 2528.3814; 170; 125.8; 
567; 0; 2528.6443; 170; 126; 
567; 0; 2527.8875; 170; 126.2; 
567; 0; 2527.1303; 170; 126.4; 
567; 0; 2527.3935; 170; 126.6; 
567; 0; 2526.636; 170; 126.8; 
567; 0; 2525.8783; 170; 127; 
567; 0; 2526.142; 170; 127.2; 
567; 0; 2525.3841; 170; 127.4; 
567; 0; 2524.6259; 170; 127.6; 
567; 0; 2524.8902; 170; 127.8; 
567; 0; 2524.1318; 170; 128; 
567; 0; 2524.3964; 170; 128.2; 
567; 0; 2523.6377; 170; 128.4; 
567; 0; 2523.9025; 170; 128.6; 
567; 0; 2524.1668; 170; 128.8; 
567; 0; 2524.4301; 170; 129; 
567; 0; 2522.6387; 170; 129.2; 
567; 0; 2520.8347; 170; 129.4; 
567; 0; 2516.9607; 170; 129.6; 
567; 0; 2511.0108; 170; 129.8; 
567; 0; 2504.0068; 170; 130; 
567; 0; 2495.9464; 170; 130.2; 
567; 0; 2484.7754; 170; 130.4; 
567; 0; 2472.5458; 170; 130.6; 
567; 0; 2458.2314; 170; 130.8; 
567; 0; 2442.8593; 170; 131; 
567; 0; 2426.4322; 170; 131.2; 
567; 0; 2408.9571; 170; 131.4; 
567; 0; 2391.4695; 170; 131.6; 
567; 0; 2376.0312; 170; 131.8; 
567; 0; 2362.6493; 170; 132; 
567; 0; 2351.329; 170; 132.2; 
567; 0; 2342.0738; 170; 132.4; 
567; 0; 2341.6013; 170; 132.6; 
567; 0; 2334.5378; 170; 132.8; 
567; 0; 2327.4845; 170; 133; 
567; 0; 2319.7993; 170; 133.2; 
567; 0; 2312.7674; 170; 133.4; 
567; 0; 2305.7342; 170; 133.6; 
567; 0; 2297.8148; 170; 133.8; 
567; 0; 2289.0075; 170; 134; 
567; 0; 2280.1939; 170; 134.2; 
567; 0; 2271.3744; 170; 134.4; 
567; 0; 2262.5501; 170; 134.6; 
567; 0; 2254.6048; 170; 134.8; 
567; 0; 2245.7758; 170; 135; 
567; 0; 2238.7109; 170; 135.2; 
567; 0; 2231.6471; 170; 135.4; 
567; 0; 2224.5849; 170; 135.6; 
567; 0; 2218.4068; 170; 135.8; 
567; 0; 2213.1127; 170; 136; 
567; 0; 2207.8203; 170; 136.2; 
567; 0; 2202.259; 170; 136.4; 
567; 0; 2197.1382; 170; 136.6; 
567; 0; 2192.0177; 170; 136.8; 
567; 0; 2186.897; 170; 137; 
567; 0; 2181.7757; 170; 137.2; 
567; 0; 2176.6534; 170; 137.4; 
567; 0; 2171.5302; 170; 137.6; 
567; 0; 2167.4309; 170; 137.8; 
567; 0; 2163.3307; 170; 138; 
567; 0; 2159.2301; 170; 138.2; 
567; 0; 2155.1293; 170; 138.4; 
567; 0; 2151.0284; 170; 138.6; 
567; 0; 2147.9526; 170; 138.8; 
567; 0; 2144.8769; 170; 139; 
567; 0; 2141.8014; 170; 139.2; 
567; 0; 2138.7263; 170; 139.4; 
567; 0; 2136.6762; 170; 139.6; 
567; 0; 2134.6262; 170; 139.8; 
567; 0; 2131.5517; 170; 140; 
567; 0; 2129.502; 170; 140.2; 
567; 0; 2127.4522; 170; 140.4; 
567; 0; 2126.4273; 170; 140.6; 
567; 0; 2124.3774; 170; 140.8; 
567; 0; 2122.3274; 170; 141; 
567; 0; 2121.3021; 170; 141.2; 
567; 0; 2119.2519; 170; 141.4; 
567; 0; 2118.2264; 170; 141.6; 
567; 0; 2117.2009; 170; 141.8; 
567; 0; 2116.1753; 170; 142; 
567; 0; 2115.1497; 170; 142.2; 
567; 0; 2114.1241; 170; 142.4; 
567; 0; 2113.0986; 170; 142.6; 
567; 0; 2113.0981; 170; 142.8; 
567; 0; 2112.0727; 170; 143; 
567; 0; 2111.0473; 170; 143.2; 
567; 0; 2111.0466; 170; 143.4; 
567; 0; 2110.0212; 170; 143.6; 
567; 0; 2110.0205; 170; 143.8; 
567; 0; 2110.0198; 170; 144; 
567; 0; 2110.0192; 170; 144.2; 
567; 0; 2108.9937; 170; 144.4; 
567; 0; 2108.9931; 170; 144.6; 
567; 0; 2108.9925; 170; 144.8; 
567; 0; 2108.9919; 170; 145; 
567; 0; 2108.9913; 170; 145.2; 
567; 0; 2108.9907; 170; 145.4; 
567; 0; 2110.0157; 170; 145.6; 
567; 0; 2112.0694; 170; 145.8; 
567; 0; 2115.1561; 170; 146; 
567; 0; 2121.329; 170; 146.2; 
567; 0; 2129.567; 170; 146.4; 
567; 0; 2130.175; 170; 146.6; 
567; 0; 2143.7468; 170; 146.8; 
567; 0; 2158.3822; 170; 147; 
567; 0; 2174.0838; 170; 147.2; 
567; 0; 2189.8116; 170; 147.4; 
567; 0; 2204.0079; 170; 147.6; 
567; 0; 2215.7978; 170; 147.8; 
567; 0; 2226.6979; 170; 148; 
567; 0; 2236.7042; 170; 148.2; 
567; 0; 2245.8135; 170; 148.4; 
567; 0; 2254.0238; 170; 148.6; 
567; 0; 2262.2329; 170; 148.8; 
567; 0; 2269.5424; 170; 149; 
567; 0; 2275.9529; 170; 149.2; 
567; 0; 2282.3645; 170; 149.4; 
567; 0; 2289.6784; 170; 149.6; 
567; 0; 2296.097; 170; 149.8; 
567; 0; 2302.5207; 170; 150; 
567; 0; 2309.8501; 170; 150.2; 
567; 0; 2316.2853; 170; 150.4; 
567; 0; 2322.7801; 170; 150.6; 
567; 0; 2330.1634; 170; 150.8; 
567; 0; 2336.5198; 170; 151; 
567; 0; 2342.8804; 170; 151.2; 
567; 0; 2349.2443; 170; 151.4; 
567; 0; 2354.5784; 170; 151.6; 
567; 0; 2359.9145; 170; 151.8; 
567; 0; 2365.2526; 170; 152; 
567; 0; 2370.5926; 170; 152.2; 
567; 0; 2374.9007; 170; 152.4; 
567; 0; 2379.2105; 170; 152.6; 
567; 0; 2383.5223; 170; 152.8; 
567; 0; 2386.8018; 170; 153; 
567; 0; 2391.118; 170; 153.2; 
567; 0; 2394.4018; 170; 153.4; 
567; 0; 2398.723; 170; 153.6; 
567; 0; 2402.0112; 170; 153.8; 
567; 0; 2405.3016; 170; 154; 
567; 0; 2407.5579; 170; 154.2; 
567; 0; 2410.8521; 170; 154.4; 
567; 0; 2414.1481; 170; 154.6; 
567; 0; 2416.409; 170; 154.8; 
567; 0; 2418.6712; 170; 155; 
567; 0; 2420.9345; 170; 155.2; 
567; 0; 2423.199; 170; 155.4; 
567; 0; 2425.4647; 170; 155.6; 
567; 0; 2426.6932; 170; 155.8; 
567; 0; 2428.9608; 170; 156; 
567; 0; 2430.1909; 170; 156.2; 
567; 0; 2432.4608; 170; 156.4; 
567; 0; 2433.6927; 170; 156.6; 
567; 0; 2434.9255; 170; 156.8; 
567; 0; 2436.1592; 170; 157; 
567; 0; 2437.3937; 170; 157.2; 
567; 0; 2438.6289; 170; 157.4; 
567; 0; 2439.8649; 170; 157.6; 
567; 0; 2441.1018; 170; 157.8; 
567; 0; 2442.3395; 170; 158; 
567; 0; 2442.5365; 170; 158.2; 
567; 0; 2443.7756; 170; 158.4; 
567; 0; 2443.9736; 170; 158.6; 
567; 0; 2445.2138; 170; 158.8; 
567; 0; 2445.4124; 170; 159; 
567; 0; 2446.6538; 170; 159.2; 
567; 0; 2446.853; 170; 159.4; 
567; 0; 2447.0525; 170; 159.6; 
567; 0; 2448.2956; 170; 159.8; 
567; 0; 2448.4958; 170; 160; 
567; 0; 2448.6962; 170; 160.2; 
567; 0; 2448.8968; 170; 160.4; 
567; 0; 2449.0977; 170; 160.6; 
567; 0; 2449.2988; 170; 160.8; 
567; 0; 2449.5002; 170; 161; 
567; 0; 2450.7471; 170; 161.2; 
567; 0; 2450.9487; 170; 161.4; 
567; 0; 2451.1495; 170; 161.6; 
567; 0; 2451.3487; 170; 161.8; 
567; 0; 2451.5454; 170; 162; 
567; 0; 2451.7388; 170; 162.2; 
567; 0; 2451.9278; 170; 162.4; 
567; 0; 2452.112; 170; 162.6; 
567; 0; 2452.2921; 170; 162.8; 
567; 0; 2453.5178; 170; 163; 
567; 0; 2455.7925; 170; 163.2; 
567; 0; 2459.1198; 170; 163.4; 
567; 0; 2463.5031; 170; 163.6; 
567; 0; 2468.9448; 170; 163.8; 
567; 0; 2475.4466; 170; 164; 
567; 0; 2481.9601; 170; 164.2; 
567; 0; 2488.4851; 170; 164.4; 
567; 0; 2493.9703; 170; 164.6; 
567; 0; 2497.3604; 170; 164.8; 
567; 0; 2498.6274; 170; 165; 
567; 0; 2497.7638; 170; 165.2; 
567; 0; 2494.7819; 170; 165.4; 
567; 0; 2488.624; 170; 165.6; 
567; 0; 2481.3867; 170; 165.8; 
567; 0; 2472.0157; 170; 166; 
567; 0; 2460.5095; 170; 166.2; 
567; 0; 2445.8168; 170; 166.4; 
567; 0; 2430.0415; 170; 166.6; 
567; 0; 2412.1351; 170; 166.8; 
567; 0; 2393.156; 170; 167; 
567; 0; 2374.1648; 170; 167.2; 
567; 0; 2358.3242; 170; 167.4; 
567; 0; 2345.6417; 170; 167.6; 
567; 0; 2337.1734; 170; 167.8; 
567; 0; 2333.9732; 170; 168; 
567; 0; 2333.9416; 170; 168.2; 
567; 0; 2337.0802; 170; 168.4; 
567; 0; 2340.2384; 170; 168.6; 
567; 0; 2343.4159; 170; 168.8; 
567; 0; 2344.5084; 170; 169; 
567; 0; 2342.4589; 170; 169.2; 
567; 0; 2338.3102; 170; 169.4; 
567; 0; 2331.003; 170; 169.6; 
567; 0; 2323.6837; 170; 169.8; 
567; 0; 2315.2762; 170; 170; 
567; 0; 2306.1059; 170; 170.2; 
567; 0; 2296.0059; 170; 170.4; 
567; 0; 2285.8971; 170; 170.6; 
567; 0; 2275.7835; 170; 170.8; 
567; 0; 2266.5862; 170; 171; 
567; 0; 2265.8975; 170; 171.2; 
567; 0; 2258.6568; 170; 171.4; 
567; 0; 2252.3241; 170; 171.6; 
567; 0; 2246.8994; 170; 171.8; 
567; 0; 2241.4792; 170; 172; 
567; 0; 2236.9658; 170; 172.2; 
567; 0; 2232.4549; 170; 172.4; 
567; 0; 2227.0424; 170; 172.6; 
567; 0; 2222.5331; 170; 172.8; 
567; 0; 2218.0232; 170; 173; 
567; 0; 2212.6089; 170; 173.2; 
567; 0; 2208.0962; 170; 173.4; 
567; 0; 2202.6787; 170; 173.6; 
567; 0; 2198.163; 170; 173.8; 
567; 0; 2193.6464; 170; 174; 
567; 0; 2189.1291; 170; 174.2; 
567; 0; 2184.6116; 170; 174.4; 
567; 0; 2179.3967; 170; 174.6; 
567; 0; 2175.197; 170; 174.8; 
567; 0; 2170.998; 170; 175; 
567; 0; 2167.8489; 170; 175.2; 
567; 0; 2163.6513; 170; 175.4; 
567; 0; 2160.5034; 170; 175.6; 
567; 0; 2157.3561; 170; 175.8; 
567; 0; 2154.209; 170; 176; 
567; 0; 2151.062; 170; 176.2; 
567; 0; 2148.9642; 170; 176.4; 
567; 0; 2145.817; 170; 176.6; 
567; 0; 2143.7188; 170; 176.8; 
567; 0; 2141.6203; 170; 177; 
567; 0; 2139.5217; 170; 177.2; 
567; 0; 2137.4227; 170; 177.4; 
567; 0; 2135.3236; 170; 177.6; 
567; 0; 2133.2244; 170; 177.8; 
567; 0; 2131.1252; 170; 178; 
567; 0; 2130.0753; 170; 178.2; 
567; 0; 2127.9763; 170; 178.4; 
567; 0; 2126.9266; 170; 178.6; 
567; 0; 2124.8279; 170; 178.8; 
567; 0; 2123.7784; 170; 179; 
567; 0; 2122.7289; 170; 179.2; 
567; 0; 2121.6793; 170; 179.4; 
567; 0; 2120.6297; 170; 179.6; 
567; 0; 2119.58; 170; 179.8; 
567; 0; 2119.5796; 170; 180; 
567; 0; 2118.5299; 170; 180.2; 
567; 0; 2117.4803; 170; 180.4; 
567; 0; 2117.4798; 170; 180.6; 
567; 0; 2116.4301; 170; 180.8; 
567; 0; 2116.4296; 170; 181; 
567; 0; 2115.3799; 170; 181.2; 
567; 0; 2115.3793; 170; 181.4; 
567; 0; 2114.3296; 170; 181.6; 
567; 0; 2114.329; 170; 181.8; 
567; 0; 2114.3285; 170; 182; 
567; 0; 2114.3279; 170; 182.2; 
567; 0; 2113.2782; 170; 182.4; 
567; 0; 2113.2777; 170; 182.6; 
567; 0; 2113.2772; 170; 182.8; 
567; 0; 2113.2766; 170; 183; 
567; 0; 2113.2761; 170; 183.2; 
567; 0; 2113.2755; 170; 183.4; 
567; 0; 2113.2749; 170; 183.6; 
567; 0; 2113.2744; 170; 183.8; 
567; 0; 2113.2739; 170; 184; 
567; 0; 2113.2734; 170; 184.2; 
567; 0; 2113.2729; 170; 184.4; 
567; 0; 2113.2725; 170; 184.6; 
567; 0; 2114.3211; 170; 184.8; 
567; 0; 2114.3207; 170; 185; 
567; 0; 2114.3202; 170; 185.2; 
567; 0; 2114.3196; 170; 185.4; 
567; 0; 2114.3191; 170; 185.6; 
567; 0; 2114.3186; 170; 185.8; 
567; 0; 2115.3671; 170; 186; 
567; 0; 2115.3665; 170; 186.2; 
567; 0; 2115.366; 170; 186.4; 
567; 0; 2105.6249; 170; 186.6; 
567; 0; 2106.6865; 170; 186.8; 
567; 0; 2106.686; 170; 187; 
567; 0; 2106.6854; 170; 187.2; 
567; 0; 2107.7471; 170; 187.4; 
567; 0; 2107.7466; 170; 187.6; 
567; 0; 2108.8082; 170; 187.8; 
567; 0; 2108.8077; 170; 188; 
567; 0; 2109.8694; 170; 188.2; 
567; 0; 2109.8689; 170; 188.4; 
567; 0; 2110.9305; 170; 188.6; 
567; 0; 2110.93; 170; 188.8; 
567; 0; 2111.9916; 170; 189; 
567; 0; 2113.0533; 170; 189.2; 
567; 0; 2113.0528; 170; 189.4; 
567; 0; 2114.1144; 170; 189.6; 
567; 0; 2115.176; 170; 189.8; 
567; 0; 2115.1754; 170; 190; 
567; 0; 2116.237; 170; 190.2; 
567; 0; 2117.2986; 170; 190.4; 
567; 0; 2118.3601; 170; 190.6; 
567; 0; 2118.3592; 170; 190.8; 
567; 0; 2119.4205; 170; 191; 
567; 0; 2119.4195; 170; 191.2; 
567; 0; 2120.4809; 170; 191.4; 
567; 0; 2121.5424; 170; 191.6; 
567; 0; 2121.5419; 170; 191.8; 
567; 0; 2122.6038; 170; 192; 
567; 0; 2123.6658; 170; 192.2; 
567; 0; 2123.6656; 170; 192.4; 
567; 0; 2124.7276; 170; 192.6; 
567; 0; 2124.7273; 170; 192.8; 
567; 0; 2125.7892; 170; 193; 
567; 0; 2125.7888; 170; 193.2; 
567; 0; 2126.8505; 170; 193.4; 
567; 0; 2126.8501; 170; 193.6; 
567; 0; 2127.9117; 170; 193.8; 
567; 0; 2127.9112; 170; 194; 
567; 0; 2128.9729; 170; 194.2; 
567; 0; 2128.9724; 170; 194.4; 
567; 0; 2130.034; 170; 194.6; 
567; 0; 2130.0335; 170; 194.8; 
567; 0; 2130.033; 170; 195; 
567; 0; 2131.0947; 170; 195.2; 
567; 0; 2131.0942; 170; 195.4; 
567; 0; 2132.1558; 170; 195.6; 
567; 0; 2132.1553; 170; 195.8; 
567; 0; 2132.1547; 170; 196; 
567; 0; 2133.2164; 170; 196.2; 
567; 0; 2133.2159; 170; 196.4; 
567; 0; 2133.2154; 170; 196.6; 
567; 0; 2133.2149; 170; 196.8; 
567; 0; 2134.2766; 170; 197; 
567; 0; 2134.2761; 170; 197.2; 
567; 0; 2134.2757; 170; 197.4; 
567; 0; 2135.3374; 170; 197.6; 
567; 0; 2135.337; 170; 197.8; 
567; 0; 2135.3365; 170; 198; 
567; 0; 2135.336; 170; 198.2; 
567; 0; 2136.3978; 170; 198.4; 
567; 0; 2136.3975; 170; 198.6; 
567; 0; 2136.3971; 170; 198.8; 
567; 0; 2136.3967; 170; 199; 
567; 0; 2137.4584; 170; 199.2; 
567; 0; 2137.4579; 170; 199.4; 
567; 0; 2137.4574; 170; 199.6; 
567; 0; 2137.4569; 170; 199.8; 
567; 0; 2137.4564; 170; 200; 
567; 0; 2138.5181; 170; 200.2; 
567; 0; 2138.5177; 170; 200.4; 
567; 0; 2138.5172; 170; 200.6; 
567; 0; 2138.5168; 170; 200.8; 
567; 0; 2138.5164; 170; 201; 
567; 0; 2138.516; 170; 201.2; 
567; 0; 2139.5777; 170; 201.4; 
567; 0; 2139.5773; 170; 201.6; 
567; 0; 2139.5769; 170; 201.8; 
567; 0; 2139.5765; 170; 202; 
567; 0; 2139.5762; 170; 202.2; 
567; 0; 2139.5758; 170; 202.4; 
567; 0; 2140.6375; 170; 202.6; 
567; 0; 2140.6371; 170; 202.8; 
567; 0; 2140.6367; 170; 203; 
567; 0; 2140.6362; 170; 203.2; 
567; 0; 2140.6357; 170; 203.4; 
567; 0; 2140.6353; 170; 203.6; 
567; 0; 2140.6349; 170; 203.8; 
567; 0; 2140.6345; 170; 204; 
567; 0; 2141.6963; 170; 204.2; 
567; 0; 2141.696; 170; 204.4; 
567; 0; 2141.6956; 170; 204.6; 
567; 0; 2141.6951; 170; 204.8; 
567; 0; 2141.6947; 170; 205; 
567; 0; 2141.6942; 170; 205.2; 
567; 0; 2141.6938; 170; 205.4; 
567; 0; 2141.6934; 170; 205.6; 
567; 0; 2141.693; 170; 205.8; 
567; 0; 2141.6926; 170; 206; 
567; 0; 2142.7543; 170; 206.2; 
567; 0; 2142.754; 170; 206.4; 
567; 0; 2142.7537; 170; 206.6; 
567; 0; 2142.7534; 170; 206.8; 
567; 0; 2142.7531; 170; 207; 
567; 0; 2142.7527; 170; 207.2; 
567; 0; 2142.7523; 170; 207.4; 
567; 0; 2142.7519; 170; 207.6; 
567; 0; 2142.7515; 170; 207.8; 
567; 0; 2142.7511; 170; 208; 
567; 0; 2143.8128; 170; 208.2; 
567; 0; 2143.8124; 170; 208.4; 
567; 0; 2143.812; 170; 208.6; 
567; 0; 2143.8116; 170; 208.8; 
567; 0; 2143.8112; 170; 209; 
567; 0; 2144.8729; 170; 209.2; 
567; 0; 2144.8725; 170; 209.4; 
567; 0; 2144.8721; 170; 209.6; 
567; 0; 2144.8717; 170; 209.8; 
567; 0; 2144.8713; 170; 210; 
567; 0; 2144.8709; 170; 210.2; 
567; 0; 2144.8705; 170; 210.4; 
567; 0; 2145.9322; 170; 210.6; 
567; 0; 2145.9318; 170; 210.8; 
567; 0; 2145.9315; 170; 211; 
567; 0; 2145.9313; 170; 211.2; 
567; 0; 2145.931; 170; 211.4; 
567; 0; 2145.9307; 170; 211.6; 
567; 0; 2145.9304; 170; 211.8; 
567; 0; 2145.93; 170; 212; 
567; 0; 2145.9296; 170; 212.2; 
567; 0; 2145.9292; 170; 212.4; 
567; 0; 2146.9909; 170; 212.6; 
567; 0; 2146.9905; 170; 212.8; 
567; 0; 2146.9901; 170; 213; 
567; 0; 2146.9897; 170; 213.2; 
567; 0; 2146.9893; 170; 213.4; 
567; 0; 2146.9889; 170; 213.6; 
567; 0; 2146.9886; 170; 213.8; 
567; 0; 2146.9883; 170; 214; 
567; 0; 2146.9879; 170; 214.2; 
567; 0; 2146.9875; 170; 214.4; 
567; 0; 2146.9872; 170; 214.6; 
567; 0; 2146.9868; 170; 214.8; 
567; 0; 2146.9865; 170; 215; 
567; 0; 2146.9861; 170; 215.2; 
567; 0; 2146.9858; 170; 215.4; 
567; 0; 2146.9855; 170; 215.6; 
567; 0; 2146.9851; 170; 215.8; 
567; 0; 2146.9848; 170; 216; 
567; 0; 2146.9844; 170; 216.2; 
567; 0; 2146.9841; 170; 216.4; 
567; 0; 2146.9838; 170; 216.6; 
567; 0; 2146.9835; 170; 216.8; 
567; 0; 2146.9832; 170; 217; 
567; 0; 2146.9828; 170; 217.2; 
567; 0; 2146.9824; 170; 217.4; 
567; 0; 2146.982; 170; 217.6; 
567; 0; 2148.0437; 170; 217.8; 
567; 0; 2148.0432; 170; 218; 
567; 0; 2148.0421; 170; 218.2; 
567; 0; 2149.1021; 170; 218.4; 
567; 0; 2149.0987; 170; 218.6; 
567; 0; 2149.0933; 170; 218.8; 
567; 0; 2150.1474; 170; 219; 
567; 0; 2150.1363; 170; 219.2; 
567; 0; 2150.1222; 170; 219.4; 
567; 0; 2150.106; 170; 219.6; 
567; 0; 2152.2132; 170; 219.8; 
567; 0; 2154.3215; 170; 220; 
567; 0; 2158.5565; 170; 220.2; 
567; 0; 2163.8576; 170; 220.4; 
567; 0; 2170.2258; 170; 220.6; 
567; 0; 2176.4929; 170; 220.8; 
567; 0; 2182.9177; 170; 221; 
567; 0; 2187.5112; 170; 221.2; 
567; 0; 2193.0238; 170; 221.4; 
567; 0; 2196.7032; 170; 221.6; 
567; 0; 2199.4653; 170; 221.8; 
567; 0; 2202.2262; 170; 222; 
567; 0; 2204.068; 170; 222.2; 
567; 0; 2204.9899; 170; 222.4; 
567; 0; 2205.9091; 170; 222.6; 
567; 0; 2205.9083; 170; 222.8; 
567; 0; 2205.9052; 170; 223; 
567; 0; 2205.9003; 170; 223.2; 
567; 0; 2206.8117; 170; 223.4; 
567; 0; 2207.7227; 170; 223.6; 
567; 0; 2208.6341; 170; 223.8; 
567; 0; 2209.5465; 170; 224; 
567; 0; 2211.3773; 170; 224.2; 
567; 0; 2213.2097; 170; 224.4; 
567; 0; 2215.961; 170; 224.6; 
567; 0; 2217.7971; 170; 224.8; 
567; 0; 2219.6353; 170; 225; 
567; 0; 2221.4758; 170; 225.2; 
567; 0; 2223.3182; 170; 225.4; 
567; 0; 2224.2445; 170; 225.6; 
567; 0; 2224.2538; 170; 225.8; 
567; 0; 2223.345; 170; 226; 
567; 0; 2222.4347; 170; 226.2; 
567; 0; 2220.6048; 170; 226.4; 
567; 0; 2218.7724; 170; 226.6; 
567; 0; 2216.9373; 170; 226.8; 
567; 0; 2214.1828; 170; 227; 
567; 0; 2211.4265; 170; 227.2; 
567; 0; 2208.6694; 170; 227.4; 
567; 0; 2206.8293; 170; 227.6; 
567; 0; 2204.9897; 170; 227.8; 
567; 0; 2203.1511; 170; 228; 
567; 0; 2202.2312; 170; 228.2; 
567; 0; 2200.3954; 170; 228.4; 
567; 0; 2199.4782; 170; 228.6; 
567; 0; 2198.5621; 170; 228.8; 
567; 0; 2196.7296; 170; 229; 
567; 0; 2195.8146; 170; 229.2; 
567; 0; 2194.8997; 170; 229.4; 
567; 0; 2193.0673; 170; 229.6; 
567; 0; 2191.2344; 170; 229.8; 
567; 0; 2190.3181; 170; 230; 
567; 0; 2188.4838; 170; 230.2; 
567; 0; 2186.649; 170; 230.4; 
567; 0; 2184.8138; 170; 230.6; 
567; 0; 2182.9783; 170; 230.8; 
567; 0; 2182.06; 170; 231; 
567; 0; 2180.2244; 170; 231.2; 
567; 0; 2179.3062; 170; 231.4; 
567; 0; 2177.471; 170; 231.6; 
567; 0; 2176.5533; 170; 231.8; 
567; 0; 2175.6296; 170; 232; 
567; 0; 2173.5056; 170; 232.2; 
567; 0; 2172.4438; 170; 232.4; 
567; 0; 2171.3822; 170; 232.6; 
567; 0; 2170.3206; 170; 232.8; 
567; 0; 2169.259; 170; 233; 
567; 0; 2168.1973; 170; 233.2; 
567; 0; 2167.1355; 170; 233.4; 
567; 0; 2166.0736; 170; 233.6; 
567; 0; 2165.0115; 170; 233.8; 
567; 0; 2163.9492; 170; 234; 
567; 0; 2162.8868; 170; 234.2; 
567; 0; 2161.8244; 170; 234.4; 
567; 0; 2160.762; 170; 234.6; 
567; 0; 2159.6996; 170; 234.8; 
567; 0; 2158.6372; 170; 235; 
567; 0; 2157.5749; 170; 235.2; 
567; 0; 2157.5747; 170; 235.4; 
567; 0; 2156.5125; 170; 235.6; 
567; 0; 2155.4504; 170; 235.8; 
567; 0; 2155.4503; 170; 236; 
567; 0; 2154.3882; 170; 236.2; 
567; 0; 2153.326; 170; 236.4; 
567; 0; 2153.3258; 170; 236.6; 
567; 0; 2152.2636; 170; 236.8; 
567; 0; 2152.2635; 170; 237; 
567; 0; 2151.2012; 170; 237.2; 
567; 0; 2151.201; 170; 237.4; 
567; 0; 2150.1387; 170; 237.6; 
567; 0; 2150.1385; 170; 237.8; 
567; 0; 2149.0762; 170; 238; 
567; 0; 2149.076; 170; 238.2; 
567; 0; 2149.0757; 170; 238.4; 
567; 0; 2148.0134; 170; 238.6; 
567; 0; 2148.013; 170; 238.8; 
567; 0; 2148.0127; 170; 239; 
567; 0; 2146.9504; 170; 239.2; 
567; 0; 2146.9502; 170; 239.4; 
567; 0; 2146.9499; 170; 239.6; 
567; 0; 2145.8877; 170; 239.8; 
567; 0; 2145.8874; 170; 240; 
567; 0; 2145.8871; 170; 240.2; 
567; 0; 2145.8868; 170; 240.4; 
567; 0; 2144.8246; 170; 240.6; 
567; 0; 2144.8244; 170; 240.8; 
567; 0; 2144.8241; 170; 241; 
567; 0; 2144.8238; 170; 241.2; 
567; 0; 2143.7615; 170; 241.4; 
567; 0; 2143.7612; 170; 241.6; 
567; 0; 2143.7608; 170; 241.8; 
567; 0; 2143.7605; 170; 242; 
567; 0; 2143.7601; 170; 242.2; 
567; 0; 2143.7599; 170; 242.4; 
567; 0; 2143.7595; 170; 242.6; 
567; 0; 2142.6972; 170; 242.8; 
567; 0; 2142.697; 170; 243; 
567; 0; 2142.6967; 170; 243.2; 
567; 0; 2142.6964; 170; 243.4; 
567; 0; 2142.6962; 170; 243.6; 
567; 0; 2142.6959; 170; 243.8; 
567; 0; 2142.6957; 170; 244; 
567; 0; 2142.6954; 170; 244.2; 
567; 0; 2142.6952; 170; 244.4; 
567; 0; 2142.6949; 170; 244.6; 
567; 0; 2142.6945; 170; 244.8; 
567; 0; 2142.6941; 170; 245; 
567; 0; 2142.6937; 170; 245.2; 
567; 0; 2142.6934; 170; 245.4; 
567; 0; 2141.631; 170; 245.6; 
567; 0; 2141.6308; 170; 245.8; 
567; 0; 2141.6305; 170; 246; 
567; 0; 2142.6922; 170; 246.2; 
567; 0; 2142.6916; 170; 246.4; 
567; 0; 2143.7524; 170; 246.6; 
567; 0; 2143.75; 170; 246.8; 
567; 0; 2143.7461; 170; 247; 
567; 0; 2143.7407; 170; 247.2; 
567; 0; 2143.7344; 170; 247.4; 
567; 0; 2143.728; 170; 247.6; 
567; 0; 2143.7227; 170; 247.8; 
567; 0; 2144.7812; 170; 248; 
567; 0; 2146.9042; 170; 248.2; 
567; 0; 2147.9679; 170; 248.4; 
567; 0; 2149.0339; 170; 248.6; 
567; 0; 2151.1634; 170; 248.8; 
567; 0; 2152.232; 170; 249; 
567; 0; 2153.3008; 170; 249.2; 
567; 0; 2153.307; 170; 249.4; 
567; 0; 2154.3738; 170; 249.6; 
567; 0; 2154.3772; 170; 249.8; 
567; 0; 2153.3168; 170; 250; 
567; 0; 2153.3169; 170; 250.2; 
567; 0; 2153.3156; 170; 250.4; 
567; 0; 2152.2515; 170; 250.6; 
567; 0; 2152.249; 170; 250.8; 
567; 0; 2152.2464; 170; 251; 
567; 0; 2151.1822; 170; 251.2; 
567; 0; 2151.1803; 170; 251.4; 
567; 0; 2151.1789; 170; 251.6; 
567; 0; 2151.178; 170; 251.8; 
567; 0; 2150.1157; 170; 252; 
567; 0; 2150.1157; 170; 252.2; 
567; 0; 2150.116; 170; 252.4; 
567; 0; 2150.1163; 170; 252.6; 
567; 0; 2150.1166; 170; 252.8; 
567; 0; 2150.1167; 170; 253; 
567; 0; 2149.0547; 170; 253.2; 
567; 0; 2149.0546; 170; 253.4; 
567; 0; 2149.0543; 170; 253.6; 
567; 0; 2149.0539; 170; 253.8; 
567; 0; 2147.9915; 170; 254; 
567; 0; 2147.991; 170; 254.2; 
567; 0; 2147.9906; 170; 254.4; 
567; 0; 2147.9902; 170; 254.6; 
567; 0; 2147.9898; 170; 254.8; 
567; 0; 2146.9275; 170; 255; 
567; 0; 2146.9271; 170; 255.2; 
567; 0; 2146.9268; 170; 255.4; 
567; 0; 2146.9265; 170; 255.6; 
567; 0; 2146.9262; 170; 255.8; 
567; 0; 2146.9259; 170; 256; 
567; 0; 2146.9257; 170; 256.2; 
567; 0; 2145.8636; 170; 256.4; 
567; 0; 2145.8633; 170; 256.6; 
567; 0; 2145.863; 170; 256.8; 
567; 0; 2145.8627; 170; 257; 
567; 0; 2145.8624; 170; 257.2; 
567; 0; 2145.8621; 170; 257.4; 
567; 0; 2145.8616; 170; 257.6; 
567; 0; 2146.9224; 170; 257.8; 
567; 0; 2146.9202; 170; 258; 
567; 0; 2146.9165; 170; 258.2; 
567; 0; 2146.9107; 170; 258.4; 
567; 0; 2147.964; 170; 258.6; 
567; 0; 2146.8904; 170; 258.8; 
567; 0; 2147.9375; 170; 259; 
567; 0; 2147.9211; 170; 259.2; 
567; 0; 2150.0282; 170; 259.4; 
567; 0; 2153.1987; 170; 259.6; 
567; 0; 2157.4344; 170; 259.8; 
567; 0; 2162.7364; 170; 260; 
567; 0; 2169.1055; 170; 260.2; 
567; 0; 2176.4554; 170; 260.4; 
567; 0; 2181.9635; 170; 260.6; 
567; 0; 2186.5572; 170; 260.8; 
567; 0; 2191.1526; 170; 261; 
567; 0; 2194.8316; 170; 261.2; 
567; 0; 2198.5102; 170; 261.4; 
567; 0; 2200.3532; 170; 261.6; 
567; 0; 2202.194; 170; 261.8; 
567; 0; 2203.1149; 170; 262; 
567; 0; 2203.1159; 170; 262.2; 
567; 0; 2203.1143; 170; 262.4; 
567; 0; 2204.0277; 170; 262.6; 
567; 0; 2204.0225; 170; 262.8; 
567; 0; 2204.9338; 170; 263; 
567; 0; 2205.845; 170; 263.2; 
567; 0; 2206.7568; 170; 263.4; 
567; 0; 2208.5868; 170; 263.6; 
567; 0; 2209.501; 170; 263.8; 
567; 0; 2212.251; 170; 264; 
567; 0; 2214.0854; 170; 264.2; 
567; 0; 2215.9211; 170; 264.4; 
567; 0; 2217.7577; 170; 264.6; 
567; 0; 2218.6778; 170; 264.8; 
567; 0; 2219.598; 170; 265; 
567; 0; 2221.4352; 170; 265.2; 
567; 0; 2221.4377; 170; 265.4; 
567; 0; 2222.3565; 170; 265.6; 
567; 0; 2222.3574; 170; 265.8; 
567; 0; 2222.3574; 170; 266; 
567; 0; 2222.3566; 170; 266.2; 
567; 0; 2222.3552; 170; 266.4; 
567; 0; 2222.3534; 170; 266.6; 
567; 0; 2223.2686; 170; 266.8; 
567; 0; 2223.2667; 170; 267; 
567; 0; 2223.265; 170; 267.2; 
567; 0; 2224.1808; 170; 267.4; 
567; 0; 2224.1799; 170; 267.6; 
567; 0; 2225.0967; 170; 267.8; 
567; 0; 2226.0141; 170; 268; 
567; 0; 2226.9324; 170; 268.2; 
567; 0; 2227.8521; 170; 268.4; 
567; 0; 2227.8563; 170; 268.6; 
567; 0; 2228.7793; 170; 268.8; 
567; 0; 2228.7864; 170; 269; 
567; 0; 2227.8771; 170; 269.2; 
567; 0; 2226.9675; 170; 269.4; 
567; 0; 2226.0569; 170; 269.6; 
567; 0; 2223.3103; 170; 269.8; 
567; 0; 2221.4787; 170; 270; 
567; 0; 2218.7277; 170; 270.2; 
567; 0; 2215.9747; 170; 270.4; 
567; 0; 2213.22; 170; 270.6; 
567; 0; 2209.547; 170; 270.8; 
567; 0; 2206.7909; 170; 271; 
567; 0; 2204.952; 170; 271.2; 
567; 0; 2202.1966; 170; 271.4; 
567; 0; 2200.3594; 170; 271.6; 
567; 0; 2198.5233; 170; 271.8; 
567; 0; 2196.6884; 170; 272; 
567; 0; 2194.8544; 170; 272.2; 
567; 0; 2193.9383; 170; 272.4; 
567; 0; 2192.1055; 170; 272.6; 
567; 0; 2190.2728; 170; 272.8; 
567; 0; 2188.4401; 170; 273; 
567; 0; 2187.5242; 170; 273.2; 
567; 0; 2185.6907; 170; 273.4; 
567; 0; 2183.8568; 170; 273.6; 
567; 0; 2182.0224; 170; 273.8; 
567; 0; 2180.1877; 170; 274; 
567; 0; 2178.3526; 170; 274.2; 
567; 0; 2176.5175; 170; 274.4; 
567; 0; 2175.5737; 170; 274.6; 
567; 0; 2173.4487; 170; 274.8; 
567; 0; 2172.3859; 170; 275; 
567; 0; 2170.2615; 170; 275.2; 
567; 0; 2169.1993; 170; 275.4; 
567; 0; 2168.1374; 170; 275.6; 
567; 0; 2167.0757; 170; 275.8; 
567; 0; 2166.0142; 170; 276; 
567; 0; 2164.9528; 170; 276.2; 
567; 0; 2163.8913; 170; 276.4; 
567; 0; 2162.8296; 170; 276.6; 
567; 0; 2161.7677; 170; 276.8; 
567; 0; 2160.7058; 170; 277; 
567; 0; 2159.6436; 170; 277.2; 
567; 0; 2158.5814; 170; 277.4; 
567; 0; 2157.5191; 170; 277.6; 
567; 0; 2156.4567; 170; 277.8; 
567; 0; 2155.3945; 170; 278; 
567; 0; 2154.3322; 170; 278.2; 
567; 0; 2154.332; 170; 278.4; 
567; 0; 2153.27; 170; 278.6; 
567; 0; 2152.208; 170; 278.8; 
567; 0; 2152.208; 170; 279; 
567; 0; 2151.1461; 170; 279.2; 
567; 0; 2150.0841; 170; 279.4; 
567; 0; 2150.084; 170; 279.6; 
567; 0; 2149.022; 170; 279.8; 
567; 0; 2149.0218; 170; 280; 
567; 0; 2147.9597; 170; 280.2; 
567; 0; 2147.9595; 170; 280.4; 
567; 0; 2146.8974; 170; 280.6; 
567; 0; 2146.8972; 170; 280.8; 
567; 0; 2146.897; 170; 281; 
567; 0; 2145.835; 170; 281.2; 
567; 0; 2145.8348; 170; 281.4; 
567; 0; 2144.7727; 170; 281.6; 
567; 0; 2144.7725; 170; 281.8; 
567; 0; 2144.7724; 170; 282; 
567; 0; 2144.7722; 170; 282.2; 
567; 0; 2143.7101; 170; 282.4; 
567; 0; 2143.7099; 170; 282.6; 
567; 0; 2143.7096; 170; 282.8; 
567; 0; 2143.7094; 170; 283; 
567; 0; 2142.6472; 170; 283.2; 
567; 0; 2142.6469; 170; 283.4; 
567; 0; 2142.6467; 170; 283.6; 
567; 0; 2142.6465; 170; 283.8; 
567; 0; 2142.6463; 170; 284; 
567; 0; 2141.5843; 170; 284.2; 
567; 0; 2141.5841; 170; 284.4; 
567; 0; 2141.5839; 170; 284.6; 
567; 0; 2141.5837; 170; 284.8; 
567; 0; 2141.5836; 170; 285; 
567; 0; 2141.5833; 170; 285.2; 
567; 0; 2141.5831; 170; 285.4; 
567; 0; 2141.5829; 170; 285.6; 
567; 0; 2141.5827; 170; 285.8; 
567; 0; 2141.5825; 170; 286; 
567; 0; 2140.5203; 170; 286.2; 
567; 0; 2140.5201; 170; 286.4; 
567; 0; 2140.5198; 170; 286.6; 
567; 0; 2140.5196; 170; 286.8; 
567; 0; 2140.5194; 170; 287; 
567; 0; 2140.5191; 170; 287.2; 
567; 0; 2140.5189; 170; 287.4; 
567; 0; 2140.5187; 170; 287.6; 
567; 0; 2140.5184; 170; 287.8; 
567; 0; 2140.5182; 170; 288; 
567; 0; 2140.5179; 170; 288.2; 
567; 0; 2141.5795; 170; 288.4; 
567; 0; 2141.579; 170; 288.6; 
567; 0; 2141.5782; 170; 288.8; 
567; 0; 2141.5771; 170; 289; 
567; 0; 2141.5758; 170; 289.2; 
567; 0; 2141.5745; 170; 289.4; 
567; 0; 2141.5733; 170; 289.6; 
567; 0; 2141.5724; 170; 289.8; 
567; 0; 2142.6339; 170; 290; 
567; 0; 2142.6341; 170; 290.2; 
567; 0; 2142.6347; 170; 290.4; 
567; 0; 2142.6357; 170; 290.6; 
567; 0; 2143.6986; 170; 290.8; 
567; 0; 2143.6996; 170; 291; 
567; 0; 2143.7005; 170; 291.2; 
567; 0; 2143.7012; 170; 291.4; 
567; 0; 2143.7016; 170; 291.6; 
567; 0; 2143.7016; 170; 291.8; 
567; 0; 2143.7013; 170; 292; 
567; 0; 2143.7009; 170; 292.2; 
567; 0; 2143.7003; 170; 292.4; 
567; 0; 2143.6996; 170; 292.6; 
567; 0; 2142.637; 170; 292.8; 
567; 0; 2142.6364; 170; 293; 
567; 0; 2142.6358; 170; 293.2; 
567; 0; 2142.6353; 170; 293.4; 
567; 0; 2142.6349; 170; 293.6; 
567; 0; 2142.6346; 170; 293.8; 
567; 0; 2142.6344; 170; 294; 
567; 0; 2142.6342; 170; 294.2; 
567; 0; 2142.634; 170; 294.4; 
567; 0; 2142.6338; 170; 294.6; 
567; 0; 2142.6336; 170; 294.8; 
567; 0; 2142.6334; 170; 295; 
567; 0; 2142.6331; 170; 295.2; 
567; 0; 2142.6329; 170; 295.4; 
567; 0; 2142.6328; 170; 295.6; 
567; 0; 2142.6326; 170; 295.8; 
567; 0; 2142.6323; 170; 296; 
567; 0; 2142.632; 170; 296.2; 
567; 0; 2142.6317; 170; 296.4; 
567; 0; 2142.6314; 170; 296.6; 
567; 0; 2142.6312; 170; 296.8; 
567; 0; 2142.631; 170; 297; 
567; 0; 2142.6307; 170; 297.2; 
567; 0; 2142.6305; 170; 297.4; 
567; 0; 2142.6303; 170; 297.6; 
567; 0; 2142.6301; 170; 297.8; 
567; 0; 2142.63; 170; 298; 
567; 0; 2143.6914; 170; 298.2; 
567; 0; 2143.6903; 170; 298.4; 
567; 0; 2143.6878; 170; 298.6; 
567; 0; 2144.7452; 170; 298.8; 
567; 0; 2144.7383; 170; 299; 
567; 0; 2144.7282; 170; 299.2; 
567; 0; 2144.715; 170; 299.4; 
567; 0; 2145.7612; 170; 299.6; 
567; 0; 2146.8065; 170; 299.8; 
567; 0; 2149.976; 170; 300; 
567; 0; 2153.148; 170; 300.2; 
567; 0; 2158.4475; 170; 300.4; 
567; 0; 2164.8136; 170; 300.6; 
567; 0; 2171.1852; 170; 300.8; 
567; 0; 2177.3453; 170; 301; 
567; 0; 2182.8543; 170; 301.2; 
567; 0; 2187.4485; 170; 301.4; 
567; 0; 2191.1269; 170; 301.6; 
567; 0; 2194.8053; 170; 301.8; 
567; 0; 2196.6486; 170; 302; 
567; 0; 2198.49; 170; 302.2; 
567; 0; 2200.329; 170; 302.4; 
567; 0; 2200.331; 170; 302.6; 
567; 0; 2201.2476; 170; 302.8; 
567; 0; 2201.2447; 170; 303; 
567; 0; 2201.2403; 170; 303.2; 
567; 0; 2202.1519; 170; 303.4; 
567; 0; 2203.0631; 170; 303.6; 
567; 0; 2203.9748; 170; 303.8; 
567; 0; 2204.8873; 170; 304; 
567; 0; 2206.7181; 170; 304.2; 
567; 0; 2208.5505; 170; 304.4; 
567; 0; 2211.3013; 170; 304.6; 
567; 0; 2213.1364; 170; 304.8; 
567; 0; 2214.9727; 170; 305; 
567; 0; 2215.8926; 170; 305.2; 
567; 0; 2217.7298; 170; 305.4; 
567; 0; 2218.6499; 170; 305.6; 
567; 0; 2219.5696; 170; 305.8; 
567; 0; 2219.5715; 170; 306; 
567; 0; 2219.5726; 170; 306.2; 
567; 0; 2220.4899; 170; 306.4; 
567; 0; 2220.4893; 170; 306.6; 
567; 0; 2220.4881; 170; 306.8; 
567; 0; 2220.4864; 170; 307; 
567; 0; 2220.4845; 170; 307.2; 
567; 0; 2220.4826; 170; 307.4; 
567; 0; 2221.3979; 170; 307.6; 
567; 0; 2221.3966; 170; 307.8; 
567; 0; 2222.3127; 170; 308; 
567; 0; 2223.2294; 170; 308.2; 
567; 0; 2223.2294; 170; 308.4; 
567; 0; 2224.1469; 170; 308.6; 
567; 0; 2224.1476; 170; 308.8; 
567; 0; 2225.0656; 170; 309; 
567; 0; 2225.0665; 170; 309.2; 
567; 0; 2225.0674; 170; 309.4; 
567; 0; 2225.0681; 170; 309.6; 
567; 0; 2225.0685; 170; 309.8; 
567; 0; 2225.0687; 170; 310; 
567; 0; 2225.0685; 170; 310.2; 
567; 0; 2225.0682; 170; 310.4; 
567; 0; 2225.0676; 170; 310.6; 
567; 0; 2225.067; 170; 310.8; 
567; 0; 2225.0662; 170; 311; 
567; 0; 2225.0655; 170; 311.2; 
567; 0; 2225.0649; 170; 311.4; 
567; 0; 2225.0645; 170; 311.6; 
567; 0; 2225.9812; 170; 311.8; 
567; 0; 2225.9812; 170; 312; 
567; 0; 2225.9812; 170; 312.2; 
567; 0; 2225.9814; 170; 312.4; 
567; 0; 2225.9816; 170; 312.6; 
567; 0; 2225.9819; 170; 312.8; 
567; 0; 2225.9821; 170; 313; 
567; 0; 2225.9823; 170; 313.2; 
567; 0; 2225.9825; 170; 313.4; 
567; 0; 2225.9826; 170; 313.6; 
567; 0; 2225.9833; 170; 313.8; 
567; 0; 2226.902; 170; 314; 
567; 0; 2226.9052; 170; 314.2; 
567; 0; 2226.9102; 170; 314.4; 
567; 0; 2226.9168; 170; 314.6; 
567; 0; 2226.0073; 170; 314.8; 
567; 0; 2225.0979; 170; 315; 
567; 0; 2223.2707; 170; 315.2; 
567; 0; 2220.5248; 170; 315.4; 
567; 0; 2218.6941; 170; 315.6; 
567; 0; 2215.944; 170; 315.8; 
567; 0; 2212.2747; 170; 316; 
567; 0; 2209.5208; 170; 316.2; 
567; 0; 2206.7657; 170; 316.4; 
567; 0; 2203.0929; 170; 316.6; 
567; 0; 2200.3372; 170; 316.8; 
567; 0; 2197.5821; 170; 317; 
567; 0; 2195.7449; 170; 317.2; 
567; 0; 2193.9087; 170; 317.4; 
567; 0; 2191.1565; 170; 317.6; 
567; 0; 2189.3223; 170; 317.8; 
567; 0; 2187.4889; 170; 318; 
567; 0; 2185.6558; 170; 318.2; 
567; 0; 2184.74; 170; 318.4; 
567; 0; 2182.907; 170; 318.6; 
567; 0; 2181.0738; 170; 318.8; 
567; 0; 2179.2403; 170; 319; 
567; 0; 2177.4064; 170; 319.2; 
567; 0; 2175.5319; 170; 319.4; 
567; 0; 2173.4077; 170; 319.6; 
567; 0; 2171.2833; 170; 319.8; 
567; 0; 2169.1587; 170; 320; 
567; 0; 2168.0959; 170; 320.2; 
567; 0; 2165.9712; 170; 320.4; 
567; 0; 2164.9085; 170; 320.6; 
567; 0; 2163.8461; 170; 320.8; 
567; 0; 2161.7222; 170; 321; 
567; 0; 2160.6602; 170; 321.2; 
567; 0; 2159.5984; 170; 321.4; 
567; 0; 2158.5367; 170; 321.6; 
567; 0; 2157.475; 170; 321.8; 
567; 0; 2156.4134; 170; 322; 
567; 0; 2155.3518; 170; 322.2; 
567; 0; 2154.2901; 170; 322.4; 
567; 0; 2153.2283; 170; 322.6; 
567; 0; 2152.1664; 170; 322.8; 
567; 0; 2151.1044; 170; 323; 
567; 0; 2150.0423; 170; 323.2; 
567; 0; 2148.9803; 170; 323.4; 
567; 0; 2148.98; 170; 323.6; 
567; 0; 2147.918; 170; 323.8; 
567; 0; 2146.856; 170; 324; 
567; 0; 2146.8558; 170; 324.2; 
567; 0; 2145.7939; 170; 324.4; 
567; 0; 2145.7937; 170; 324.6; 
567; 0; 2144.7317; 170; 324.8; 
567; 0; 2144.7316; 170; 325; 
567; 0; 2143.6696; 170; 325.2; 
567; 0; 2143.6695; 170; 325.4; 
567; 0; 2142.6075; 170; 325.6; 
567; 0; 2142.6074; 170; 325.8; 
567; 0; 2142.6072; 170; 326; 
567; 0; 2141.5453; 170; 326.2; 
567; 0; 2141.5451; 170; 326.4; 
567; 0; 2141.5449; 170; 326.6; 
567; 0; 2140.483; 170; 326.8; 
567; 0; 2140.4829; 170; 327; 
567; 0; 2140.4828; 170; 327.2; 
567; 0; 2140.4827; 170; 327.4; 
567; 0; 2139.4207; 170; 327.6; 
567; 0; 2139.4205; 170; 327.8; 
567; 0; 2139.4203; 170; 328; 
567; 0; 2139.42; 170; 328.2; 
567; 0; 2139.4199; 170; 328.4; 
567; 0; 2139.4197; 170; 328.6; 
567; 0; 2138.3577; 170; 328.8; 
567; 0; 2138.3575; 170; 329; 
567; 0; 2138.3574; 170; 329.2; 
567; 0; 2138.3572; 170; 329.4; 
567; 0; 2138.357; 170; 329.6; 
567; 0; 2138.3568; 170; 329.8; 
567; 0; 2138.3565; 170; 330; 
567; 0; 2138.3563; 170; 330.2; 
567; 0; 2138.356; 170; 330.4; 
567; 0; 2138.3558; 170; 330.6; 
567; 0; 2138.3556; 170; 330.8; 
567; 0; 2138.3554; 170; 331; 
567; 0; 2137.2935; 170; 331.2; 
567; 0; 2137.2933; 170; 331.4; 
567; 0; 2137.2932; 170; 331.6; 
567; 0; 2137.2931; 170; 331.8; 
567; 0; 2137.293; 170; 332; 
567; 0; 2137.2928; 170; 332.2; 
567; 0; 2137.2926; 170; 332.4; 
567; 0; 2137.2923; 170; 332.6; 
567; 0; 2137.2921; 170; 332.8; 
567; 0; 2137.292; 170; 333; 
567; 0; 2137.2918; 170; 333.2; 
567; 0; 2137.2917; 170; 333.4; 
567; 0; 2138.3534; 170; 333.6; 
567; 0; 2138.3532; 170; 333.8; 
567; 0; 2138.353; 170; 334; 
567; 0; 2138.3527; 170; 334.2; 
567; 0; 2138.3525; 170; 334.4; 
567; 0; 2138.3522; 170; 334.6; 
567; 0; 2138.352; 170; 334.8; 
567; 0; 2138.3518; 170; 335; 
567; 0; 2138.3516; 170; 335.2; 
567; 0; 2138.3515; 170; 335.4; 
567; 0; 2138.3514; 170; 335.6; 
567; 0; 2138.3512; 170; 335.8; 
567; 0; 2138.351; 170; 336; 
567; 0; 2138.3508; 170; 336.2; 
567; 0; 2138.3506; 170; 336.4; 
567; 0; 2138.3504; 170; 336.6; 
567; 0; 2138.3502; 170; 336.8; 
567; 0; 2138.35; 170; 337; 
567; 0; 2138.3498; 170; 337.2; 
567; 0; 2138.3496; 170; 337.4; 
567; 0; 2138.3494; 170; 337.6; 
567; 0; 2138.3492; 170; 337.8; 
567; 0; 2138.3491; 170; 338; 
567; 0; 2138.3489; 170; 338.2; 
567; 0; 2138.3487; 170; 338.4; 
567; 0; 2138.3485; 170; 338.6; 
567; 0; 2139.4102; 170; 338.8; 
567; 0; 2139.4101; 170; 339; 
567; 0; 2139.41; 170; 339.2; 
567; 0; 2139.4098; 170; 339.4; 
567; 0; 2139.4097; 170; 339.6; 
567; 0; 2139.4095; 170; 339.8; 
567; 0; 2139.4093; 170; 340; 
567; 0; 2139.4092; 170; 340.2; 
567; 0; 2139.409; 170; 340.4; 
567; 0; 2139.4088; 170; 340.6; 
567; 0; 2139.4085; 170; 340.8; 
567; 0; 2139.4083; 170; 341; 
567; 0; 2139.408; 170; 341.2; 
567; 0; 2139.4078; 170; 341.4; 
567; 0; 2139.4076; 170; 341.6; 
567; 0; 2139.4074; 170; 341.8; 
567; 0; 2139.4073; 170; 342; 
567; 0; 2139.4071; 170; 342.2; 
567; 0; 2140.4687; 170; 342.4; 
567; 0; 2140.4685; 170; 342.6; 
567; 0; 2140.4684; 170; 342.8; 
567; 0; 2140.4682; 170; 343; 
567; 0; 2140.468; 170; 343.2; 
567; 0; 2141.5296; 170; 343.4; 
567; 0; 2141.5294; 170; 343.6; 
567; 0; 2142.5909; 170; 343.8; 
567; 0; 2142.59; 170; 344; 
567; 0; 2143.6498; 170; 344.2; 
567; 0; 2143.6463; 170; 344.4; 
567; 0; 2144.7026; 170; 344.6; 
567; 0; 2144.6944; 170; 344.8; 
567; 0; 2144.683; 170; 345; 
567; 0; 2144.6686; 170; 345.2; 
567; 0; 2145.7142; 170; 345.4; 
567; 0; 2147.8214; 170; 345.6; 
567; 0; 2150.9918; 170; 345.8; 
567; 0; 2155.2272; 170; 346; 
567; 0; 2160.5287; 170; 346.2; 
567; 0; 2166.8971; 170; 346.4; 
567; 0; 2173.2709; 170; 346.6; 
567; 0; 2179.1559; 170; 346.8; 
567; 0; 2184.6658; 170; 347; 
567; 0; 2188.3436; 170; 347.2; 
567; 0; 2192.0218; 170; 347.4; 
567; 0; 2194.7826; 170; 347.6; 
567; 0; 2196.6249; 170; 347.8; 
567; 0; 2198.4649; 170; 348; 
567; 0; 2199.3853; 170; 348.2; 
567; 0; 2199.3859; 170; 348.4; 
567; 0; 2200.301; 170; 348.6; 
567; 0; 2200.2972; 170; 348.8; 
567; 0; 2200.2921; 170; 349; 
567; 0; 2201.2034; 170; 349.2; 
567; 0; 2202.1149; 170; 349.4; 
567; 0; 2203.0271; 170; 349.6; 
567; 0; 2204.8575; 170; 349.8; 
567; 0; 2206.6892; 170; 350; 
567; 0; 2208.5224; 170; 350.2; 
567; 0; 2210.357; 170; 350.4; 
567; 0; 2212.1928; 170; 350.6; 
567; 0; 2214.0294; 170; 350.8; 
567; 0; 2214.9495; 170; 351; 
567; 0; 2215.8696; 170; 351.2; 
567; 0; 2216.7894; 170; 351.4; 
567; 0; 2217.7087; 170; 351.6; 
567; 0; 2217.7109; 170; 351.8; 
567; 0; 2218.6302; 170; 352; 
567; 0; 2218.6326; 170; 352.2; 
567; 0; 2218.6353; 170; 352.4; 
567; 0; 2218.6384; 170; 352.6; 
567; 0; 2217.7247; 170; 352.8; 
567; 0; 2217.7279; 170; 353; 
567; 0; 2216.8139; 170; 353.2; 
567; 0; 2214.9823; 170; 353.4; 
567; 0; 2214.067; 170; 353.6; 
567; 0; 2212.2339; 170; 353.8; 
567; 0; 2210.3999; 170; 354; 
567; 0; 2208.5651; 170; 354.2; 
567; 0; 2205.8126; 170; 354.4; 
567; 0; 2203.9769; 170; 354.6; 
567; 0; 2202.1409; 170; 354.8; 
567; 0; 2200.3051; 170; 355; 
567; 0; 2198.4695; 170; 355.2; 
567; 0; 2197.5514; 170; 355.4; 
567; 0; 2195.7168; 170; 355.6; 
567; 0; 2193.8827; 170; 355.8; 
567; 0; 2192.966; 170; 356; 
567; 0; 2191.1326; 170; 356.2; 
567; 0; 2190.2164; 170; 356.4; 
567; 0; 2188.3833; 170; 356.6; 
567; 0; 2186.5501; 170; 356.8; 
567; 0; 2185.6338; 170; 357; 
567; 0; 2183.8002; 170; 357.2; 
567; 0; 2181.9663; 170; 357.4; 
567; 0; 2181.0493; 170; 357.6; 
567; 0; 2179.215; 170; 357.8; 
567; 0; 2178.2977; 170; 358; 
567; 0; 2176.4634; 170; 358.2; 
567; 0; 2175.4917; 170; 358.4; 
567; 0; 2173.3678; 170; 358.6; 
567; 0; 2172.3057; 170; 358.8; 
567; 0; 2171.2438; 170; 359; 
567; 0; 2170.182; 170; 359.2; 
567; 0; 2168.0587; 170; 359.4; 
567; 0; 2166.9972; 170; 359.6; 
567; 0; 2165.9357; 170; 359.8; 
567; 0; 2164.8742; 170; 360; 
567; 0; 2163.8127; 170; 360.2; 
567; 0; 2162.7511; 170; 360.4; 
567; 0; 2161.6895; 170; 360.6; 
567; 0; 2160.6278; 170; 360.8; 
567; 0; 2159.5661; 170; 361; 
567; 0; 2158.5043; 170; 361.2; 
567; 0; 2157.4425; 170; 361.4; 
567; 0; 2157.4423; 170; 361.6; 
567; 0; 2156.3804; 170; 361.8; 
567; 0; 2155.3186; 170; 362; 
567; 0; 2154.2568; 170; 362.2; 
567; 0; 2153.1949; 170; 362.4; 
567; 0; 2153.1948; 170; 362.6; 
567; 0; 2152.133; 170; 362.8; 
567; 0; 2152.133; 170; 363; 
567; 0; 2151.0712; 170; 363.2; 
567; 0; 2150.0095; 170; 363.4; 
567; 0; 2150.0095; 170; 363.6; 
567; 0; 2148.9478; 170; 363.8; 
567; 0; 2148.9478; 170; 364; 
567; 0; 2147.886; 170; 364.2; 
567; 0; 2147.8859; 170; 364.4; 
567; 0; 2146.824; 170; 364.6; 
567; 0; 2146.8238; 170; 364.8; 
567; 0; 2145.7619; 170; 365; 
567; 0; 2145.7618; 170; 365.2; 
567; 0; 2145.7617; 170; 365.4; 
567; 0; 2144.7; 170; 365.6; 
567; 0; 2144.7; 170; 365.8; 
567; 0; 2144.7; 170; 366; 
567; 0; 2143.6382; 170; 366.2; 
567; 0; 2143.6381; 170; 366.4; 
567; 0; 2143.638; 170; 366.6; 
567; 0; 2142.5762; 170; 366.8; 
567; 0; 2142.5761; 170; 367; 
567; 0; 2142.576; 170; 367.2; 
567; 0; 2142.5758; 170; 367.4; 
567; 0; 2141.5138; 170; 367.6; 
567; 0; 2141.5135; 170; 367.8; 
567; 0; 2141.5133; 170; 368; 
567; 0; 2141.5132; 170; 368.2; 
567; 0; 2140.4514; 170; 368.4; 
567; 0; 2140.4513; 170; 368.6; 
567; 0; 2140.4511; 170; 368.8; 
567; 0; 2140.451; 170; 369; 
567; 0; 2140.4509; 170; 369.2; 
567; 0; 2140.4508; 170; 369.4; 
567; 0; 2140.4507; 170; 369.6; 
567; 0; 2139.3888; 170; 369.8; 
567; 0; 2139.3887; 170; 370; 
567; 0; 2139.3886; 170; 370.2; 
567; 0; 2139.3884; 170; 370.4; 
567; 0; 2139.3882; 170; 370.6; 
567; 0; 2139.388; 170; 370.8; 
567; 0; 2139.3879; 170; 371; 
567; 0; 2139.3877; 170; 371.2; 
567; 0; 2139.3876; 170; 371.4; 
567; 0; 2139.3875; 170; 371.6; 
567; 0; 2139.3874; 170; 371.8; 
567; 0; 2139.3872; 170; 372; 
567; 0; 2139.3871; 170; 372.2; 
567; 0; 2139.387; 170; 372.4; 
567; 0; 2138.3252; 170; 372.6; 
567; 0; 2138.3251; 170; 372.8; 
567; 0; 2138.3249; 170; 373; 
567; 0; 2138.3248; 170; 373.2; 
567; 0; 2138.3245; 170; 373.4; 
567; 0; 2138.3243; 170; 373.6; 
567; 0; 2138.324; 170; 373.8; 
567; 0; 2138.3238; 170; 374; 
567; 0; 2138.3237; 170; 374.2; 
567; 0; 2138.3236; 170; 374.4; 
567; 0; 2138.3235; 170; 374.6; 
567; 0; 2138.3235; 170; 374.8; 
567; 0; 2138.3233; 170; 375; 
567; 0; 2138.3232; 170; 375.2; 
567; 0; 2138.323; 170; 375.4; 
567; 0; 2138.3229; 170; 375.6; 
567; 0; 2138.3228; 170; 375.8; 
567; 0; 2138.3227; 170; 376; 
567; 0; 2138.3225; 170; 376.2; 
567; 0; 2138.3223; 170; 376.4; 
567; 0; 2138.3221; 170; 376.6; 
567; 0; 2138.3219; 170; 376.8; 
567; 0; 2138.3218; 170; 377; 
567; 0; 2139.3835; 170; 377.2; 
567; 0; 2139.3834; 170; 377.4; 
567; 0; 2139.3833; 170; 377.6; 
567; 0; 2139.3832; 170; 377.8; 
567; 0; 2139.383; 170; 378; 
567; 0; 2139.3827; 170; 378.2; 
567; 0; 2139.3825; 170; 378.4; 
567; 0; 2139.3824; 170; 378.6; 
567; 0; 2139.3822; 170; 378.8; 
567; 0; 2140.4439; 170; 379; 
567; 0; 2140.4438; 170; 379.2; 
567; 0; 2140.4438; 170; 379.4; 
567; 0; 2140.4437; 170; 379.6; 
567; 0; 2140.4435; 170; 379.8; 
567; 0; 2140.4434; 170; 380; 
567; 0; 2140.4431; 170; 380.2; 
567; 0; 2141.5045; 170; 380.4; 
567; 0; 2141.5042; 170; 380.6; 
567; 0; 2141.504; 170; 380.8; 
567; 0; 2141.5038; 170; 381; 
567; 0; 2141.5037; 170; 381.2; 
567; 0; 2141.5035; 170; 381.4; 
567; 0; 2141.5035; 170; 381.6; 
567; 0; 2142.5652; 170; 381.8; 
567; 0; 2142.5651; 170; 382; 
567; 0; 2142.5649; 170; 382.2; 
567; 0; 2142.5648; 170; 382.4; 
567; 0; 2142.5647; 170; 382.6; 
567; 0; 2142.5645; 170; 382.8; 
567; 0; 2142.5644; 170; 383; 
567; 0; 2142.5643; 170; 383.2; 
567; 0; 2142.5641; 170; 383.4; 
567; 0; 2142.564; 170; 383.6; 
567; 0; 2142.5639; 170; 383.8; 
567; 0; 2142.5638; 170; 384; 
567; 0; 2142.5637; 170; 384.2; 
567; 0; 2142.5635; 170; 384.4; 
567; 0; 2142.5633; 170; 384.6; 
567; 0; 2142.5631; 170; 384.8; 
567; 0; 2142.5629; 170; 385; 
567; 0; 2142.5628; 170; 385.2; 
567; 0; 2142.5626; 170; 385.4; 
567; 0; 2143.6242; 170; 385.6; 
567; 0; 2143.6242; 170; 385.8; 
567; 0; 2143.6241; 170; 386; 
567; 0; 2143.624; 170; 386.2; 
567; 0; 2143.6239; 170; 386.4; 
567; 0; 2143.6238; 170; 386.6; 
567; 0; 2143.6236; 170; 386.8; 
567; 0; 2143.6234; 170; 387; 
567; 0; 2143.6232; 170; 387.2; 
567; 0; 2143.6231; 170; 387.4; 
567; 0; 2143.623; 170; 387.6; 
567; 0; 2143.6229; 170; 387.8; 
567; 0; 2143.6228; 170; 388; 
567; 0; 2143.6227; 170; 388.2; 
567; 0; 2143.6226; 170; 388.4; 
567; 0; 2143.6224; 170; 388.6; 
567; 0; 2143.6223; 170; 388.8; 
567; 0; 2143.6222; 170; 389; 
567; 0; 2143.6221; 170; 389.2; 
567; 0; 2143.6219; 170; 389.4; 
567; 0; 2143.6217; 170; 389.6; 
567; 0; 2143.6215; 170; 389.8; 
567; 0; 2142.5596; 170; 390; 
567; 0; 2142.5594; 170; 390.2; 
567; 0; 2142.5593; 170; 390.4; 
567; 0; 2142.5592; 170; 390.6; 
567; 0; 2142.559; 170; 390.8; 
567; 0; 2142.5588; 170; 391; 
567; 0; 2142.5587; 170; 391.2; 
567; 0; 2142.5586; 170; 391.4; 
567; 0; 2142.5585; 170; 391.6; 
567; 0; 2142.5585; 170; 391.8; 
567; 0; 2143.6201; 170; 392; 
567; 0; 2143.6201; 170; 392.2; 
567; 0; 2143.6201; 170; 392.4; 
567; 0; 2143.6199; 170; 392.6; 
567; 0; 2143.6198; 170; 392.8; 
567; 0; 2143.6196; 170; 393; 
567; 0; 2143.6195; 170; 393.2; 
567; 0; 2143.6194; 170; 393.4; 
567; 0; 2143.6193; 170; 393.6; 
567; 0; 2143.6192; 170; 393.8; 
567; 0; 2143.619; 170; 394; 
567; 0; 2143.6188; 170; 394.2; 
567; 0; 2143.6186; 170; 394.4; 
567; 0; 2143.6185; 170; 394.6; 
567; 0; 2142.5567; 170; 394.8; 
567; 0; 2142.5565; 170; 395; 
567; 0; 2142.5564; 170; 395.2; 
567; 0; 2142.5564; 170; 395.4; 
567; 0; 2142.5563; 170; 395.6; 
567; 0; 2142.5562; 170; 395.8; 
567; 0; 2142.5561; 170; 396; 
567; 0; 2142.5559; 170; 396.2; 
567; 0; 2142.5558; 170; 396.4; 
567; 0; 2142.5556; 170; 396.6; 
567; 0; 2142.5554; 170; 396.8; 
567; 0; 2142.5553; 170; 397; 
567; 0; 2142.5552; 170; 397.2; 
567; 0; 2142.5551; 170; 397.4; 
567; 0; 2142.5549; 170; 397.6; 
567; 0; 2142.5547; 170; 397.8; 
567; 0; 2143.6163; 170; 398; 
567; 0; 2143.6162; 170; 398.2; 
567; 0; 2143.6161; 170; 398.4; 
567; 0; 2143.616; 170; 398.6; 
567; 0; 2143.6159; 170; 398.8; 
567; 0; 2143.6157; 170; 399; 
567; 0; 2143.6157; 170; 399.2; 
567; 0; 2143.6157; 170; 399.4; 
567; 0; 2143.6157; 170; 399.6; 
567; 0; 2143.6157; 170; 399.8; 
567; 0; 2143.6156; 170; 400; 
567; 0; 2143.6154; 170; 400.2; 
567; 0; 2142.5534; 170; 400.4; 
567; 0; 2142.5532; 170; 400.6; 
567; 0; 2142.553; 170; 400.8; 
567; 0; 2142.5529; 170; 401; 
567; 0; 2142.5527; 170; 401.2; 
567; 0; 2142.5526; 170; 401.4; 
567; 0; 2142.5524; 170; 401.6; 
567; 0; 2142.5522; 170; 401.8; 
567; 0; 2142.552; 170; 402; 
567; 0; 2142.5519; 170; 402.2; 
567; 0; 2142.5518; 170; 402.4; 
567; 0; 2142.5517; 170; 402.6; 
567; 0; 2142.5517; 170; 402.8; 
567; 0; 2142.5516; 170; 403; 
567; 0; 2142.5516; 170; 403.2; 
567; 0; 2142.5515; 170; 403.4; 
567; 0; 2142.5514; 170; 403.6; 
567; 0; 2142.5514; 170; 403.8; 
567; 0; 2142.5514; 170; 404; 
567; 0; 2142.5513; 170; 404.2; 
567; 0; 2142.5512; 170; 404.4; 
567; 0; 2142.5511; 170; 404.6; 
567; 0; 2142.5509; 170; 404.8; 
567; 0; 2142.5507; 170; 405; 
567; 0; 2142.5505; 170; 405.2; 
567; 0; 2142.5503; 170; 405.4; 
567; 0; 2142.5501; 170; 405.6; 
567; 0; 2142.5499; 170; 405.8; 
567; 0; 2142.5497; 170; 406; 
567; 0; 2143.6113; 170; 406.2; 
567; 0; 2143.6112; 170; 406.4; 
567; 0; 2143.6112; 170; 406.6; 
567; 0; 2143.6112; 170; 406.8; 
567; 0; 2143.6111; 170; 407; 
567; 0; 2143.6111; 170; 407.2; 
567; 0; 2143.611; 170; 407.4; 
567; 0; 2143.6108; 170; 407.6; 
567; 0; 2142.5489; 170; 407.8; 
567; 0; 2142.5488; 170; 408; 
567; 0; 2142.5486; 170; 408.2; 
567; 0; 2142.5484; 170; 408.4; 
567; 0; 2142.5483; 170; 408.6; 
567; 0; 2142.5481; 170; 408.8; 
567; 0; 2142.5481; 170; 409; 
567; 0; 2142.548; 170; 409.2; 
567; 0; 2142.5479; 170; 409.4; 
567; 0; 2142.5478; 170; 409.6; 
567; 0; 2142.5477; 170; 409.8; 
567; 0; 2142.5477; 170; 410; 
567; 0; 2142.5476; 170; 410.2; 
567; 0; 2142.5474; 170; 410.4; 
567; 0; 2142.5473; 170; 410.6; 
567; 0; 2142.5472; 170; 410.8; 
567; 0; 2142.5471; 170; 411; 
567; 0; 2131.9302; 170; 411.2; 
567; 0; 1926.5782; 170; 411.4; 
567; 0; 1697.522; 170; 411.6; 
567; 0; 1675.7353; 170; 411.8; 
567; 0; 1675.7353; 170; 412; 
567; 0; 1675.7352; 170; 412.2; 
567; 0; 1675.7351; 170; 412.4; 
567; 0; 1675.735; 170; 412.6; 
567; 0; 1675.7349; 170; 412.8; 
567; 0; 1675.7347; 170; 413; 
567; 0; 1675.7346; 170; 413.2; 
567; 0; 1675.7344; 170; 413.4; 
567; 0; 1675.7342; 170; 413.6; 
567; 0; 1675.7339; 170; 413.8; 
567; 0; 1675.7337; 170; 414; 
567; 0; 1675.7334; 170; 414.2; 
567; 0; 1675.7331; 170; 414.4; 
567; 0; 1675.7328; 170; 414.6; 
567; 0; 1675.7324; 170; 414.8; 
567; 0; 1675.7321; 170; 415; 
567; 0; 1675.7317; 170; 415.2; 
567; 0; 1675.7314; 170; 415.4; 
567; 0; 1675.7309; 170; 415.6; 
567; 0; 1675.7305; 170; 415.8; 
567; 0; 1675.73; 170; 416; 
567; 0; 1662.2471; 170; 416.2; 
567; 0; 1662.2465; 170; 416.4; 
567; 0; 1662.246; 170; 416.6; 
567; 0; 1662.2455; 170; 416.8; 
567; 0; 1662.2449; 170; 417; 
567; 0; 1662.2444; 170; 417.2; 
567; 0; 1662.2438; 170; 417.4; 
567; 0; 1662.2433; 170; 417.6; 
567; 0; 1662.2428; 170; 417.8; 
567; 0; 1662.2424; 170; 418; 
567; 0; 1662.2419; 170; 418.2; 
567; 0; 1662.2414; 170; 418.4; 
567; 0; 1662.2409; 170; 418.6; 
567; 0; 1662.2404; 170; 418.8; 
567; 0; 1662.2399; 170; 419; 
567; 0; 1662.2394; 170; 419.2; 
567; 0; 1662.2388; 170; 419.4; 
567; 0; 1662.2383; 170; 419.6; 
567; 0; 1662.2378; 170; 419.8; 
567; 0; 1662.2373; 170; 420; 
567; 0; 1662.2367; 170; 420.2; 
567; 0; 1648.7418; 170; 420.4; 
567; 0; 1648.7413; 170; 420.6; 
567; 0; 1648.7408; 170; 420.8; 
567; 0; 1648.7403; 170; 421; 
567; 0; 1648.7398; 170; 421.2; 
567; 0; 1648.7393; 170; 421.4; 
567; 0; 1648.7389; 170; 421.6; 
567; 0; 1648.7384; 170; 421.8; 
567; 0; 1648.7379; 170; 422; 
567; 0; 1648.7375; 170; 422.2; 
567; 0; 1648.737; 170; 422.4; 
567; 0; 1648.7365; 170; 422.6; 
567; 0; 1648.736; 170; 422.8; 
567; 0; 1648.7354; 170; 423; 
567; 0; 1648.7349; 170; 423.2; 
567; 0; 1648.7344; 170; 423.4; 
567; 0; 1648.7339; 170; 423.6; 
567; 0; 1648.7334; 170; 423.8; 
567; 0; 1648.733; 170; 424; 
567; 0; 1648.7325; 170; 424.2; 
567; 0; 1648.7321; 170; 424.4; 
567; 0; 1648.7316; 170; 424.6; 
567; 0; 1648.7311; 170; 424.8; 
567; 0; 1635.2194; 170; 425; 
567; 0; 1635.2188; 170; 425.2; 
567; 0; 1635.2183; 170; 425.4; 
567; 0; 1635.2178; 170; 425.6; 
567; 0; 1635.2174; 170; 425.8; 
567; 0; 1635.2169; 170; 426; 
567; 0; 1635.2165; 170; 426.2; 
567; 0; 1635.216; 170; 426.4; 
567; 0; 1635.2156; 170; 426.6; 
567; 0; 1635.2152; 170; 426.8; 
567; 0; 1635.2148; 170; 427; 
567; 0; 1635.2143; 170; 427.2; 
567; 0; 1635.2138; 170; 427.4; 
567; 0; 1635.2133; 170; 427.6; 
567; 0; 1635.2128; 170; 427.8; 
567; 0; 1635.2123; 170; 428; 
567; 0; 1635.2118; 170; 428.2; 
567; 0; 1635.2114; 170; 428.4; 
567; 0; 1635.2109; 170; 428.6; 
567; 0; 1635.2105; 170; 428.8; 
567; 0; 1635.2101; 170; 429; 
567; 0; 1635.2097; 170; 429.2; 
567; 0; 1635.2092; 170; 429.4; 
567; 0; 1635.2088; 170; 429.6; 
567; 0; 1635.2083; 170; 429.8; 
567; 0; 1620.0435; 170; 430; 
567; 0; 1620.0431; 170; 430.2; 
567; 0; 1620.0426; 170; 430.4; 
567; 0; 1620.0422; 170; 430.6; 
567; 0; 1620.0418; 170; 430.8; 
567; 0; 1620.0414; 170; 431; 
567; 0; 1620.0409; 170; 431.2; 
567; 0; 1620.0405; 170; 431.4; 
567; 0; 1620.0401; 170; 431.6; 
567; 0; 1620.0397; 170; 431.8; 
567; 0; 1620.0393; 170; 432; 
567; 0; 1620.0389; 170; 432.2; 
567; 0; 1620.0385; 170; 432.4; 
567; 0; 1620.038; 170; 432.6; 
567; 0; 1620.0376; 170; 432.8; 
567; 0; 1620.0372; 170; 433; 
567; 0; 1620.0368; 170; 433.2; 
567; 0; 1620.0363; 170; 433.4; 
567; 0; 1620.0359; 170; 433.6; 
567; 0; 1620.0355; 170; 433.8; 
567; 0; 1620.0351; 170; 434; 
567; 0; 1620.0347; 170; 434.2; 
567; 0; 1620.0344; 170; 434.4; 
567; 0; 1620.034; 170; 434.6; 
567; 0; 1620.0335; 170; 434.8; 
567; 0; 1620.0331; 170; 435; 
567; 0; 1620.0327; 170; 435.2; 
567; 0; 1620.0323; 170; 435.4; 
567; 0; 1604.8986; 170; 435.6; 
567; 0; 1604.8982; 170; 435.8; 
567; 0; 1604.8978; 170; 436; 
567; 0; 1604.8974; 170; 436.2; 
567; 0; 1604.897; 170; 436.4; 
567; 0; 1606.0432; 170; 436.6; 
567; 0; 1617.5077; 170; 436.8; 
567; 0; 1630.1187; 170; 437; 
567; 0; 1641.5832; 170; 437.2; 
567; 0; 1654.1941; 170; 437.4; 
567; 0; 1665.6584; 170; 437.6; 
567; 0; 1677.1228; 170; 437.8; 
567; 0; 1688.5871; 170; 438; 
567; 0; 1700.0514; 170; 438.2; 
567; 0; 1710.3692; 170; 438.4; 
567; 0; 1720.6871; 170; 438.6; 
567; 0; 1731.0049; 170; 438.8; 
567; 0; 1741.1632; 170; 439; 
567; 0; 1751.5433; 170; 439.2; 
567; 0; 1761.9233; 170; 439.4; 
567; 0; 1771.0058; 170; 439.6; 
567; 0; 1780.0883; 170; 439.8; 
567; 0; 1787.8732; 170; 440; 
567; 0; 1795.6581; 170; 440.2; 
567; 0; 1803.443; 170; 440.4; 
567; 0; 1811.2279; 170; 440.6; 
567; 0; 1817.7151; 170; 440.8; 
567; 0; 1824.2016; 170; 441; 
567; 0; 1830.687; 170; 441.2; 
567; 0; 1837.1706; 170; 441.4; 
567; 0; 1841.4278; 170; 441.6; 
567; 0; 1844.549; 170; 441.8; 
567; 0; 1848.7099; 170; 442; 
567; 0; 1851.8257; 170; 442.2; 
567; 0; 1855.9817; 170; 442.4; 
567; 0; 1860.1365; 170; 442.6; 
567; 0; 1865.334; 170; 442.8; 
567; 0; 1872.6178; 170; 443; 
567; 0; 1879.9047; 170; 443.2; 
567; 0; 1889.28; 170; 443.4; 
567; 0; 1898.6602; 170; 443.6; 
567; 0; 1895.0933; 170; 443.8; 
567; 0; 1904.5765; 170; 444; 
567; 0; 1913.0107; 170; 444.2; 
567; 0; 1920.3949; 170; 444.4; 
567; 0; 1925.6746; 170; 444.6; 
567; 0; 1930.9537; 170; 444.8; 
567; 0; 1934.1255; 170; 445; 
567; 0; 1936.2414; 170; 445.2; 
567; 0; 1938.3535; 170; 445.4; 
567; 0; 1939.4089; 170; 445.6; 
567; 0; 1939.4077; 170; 445.8; 
567; 0; 1940.456; 170; 446; 
567; 0; 1940.4491; 170; 446.2; 
567; 0; 1941.4936; 170; 446.4; 
567; 0; 1942.5377; 170; 446.6; 
567; 0; 1944.6351; 170; 446.8; 
567; 0; 1946.7337; 170; 447; 
567; 0; 1948.8341; 170; 447.2; 
567; 0; 1951.9893; 170; 447.4; 
567; 0; 1954.0941; 170; 447.6; 
567; 0; 1957.2536; 170; 447.8; 
567; 0; 1959.3621; 170; 448; 
567; 0; 1961.4718; 170; 448.2; 
567; 0; 1963.582; 170; 448.4; 
567; 0; 1964.6396; 170; 448.6; 
567; 0; 1965.6968; 170; 448.8; 
567; 0; 1966.7531; 170; 449; 
567; 0; 1966.7555; 170; 449.2; 
567; 0; 1967.8095; 170; 449.4; 
567; 0; 1967.8095; 170; 449.6; 
567; 0; 1967.8085; 170; 449.8; 
567; 0; 1967.8066; 170; 450; 
567; 0; 1967.8042; 170; 450.2; 
567; 0; 1967.8017; 170; 450.4; 
567; 0; 1967.7992; 170; 450.6; 
567; 0; 1968.8502; 170; 450.8; 
567; 0; 1968.8501; 170; 451; 
567; 0; 1969.9051; 170; 451.2; 
567; 0; 1970.9632; 170; 451.4; 
567; 0; 1972.0243; 170; 451.6; 
567; 0; 1972.0353; 170; 451.8; 
567; 0; 1972.0478; 170; 452; 
567; 0; 1971.0078; 170; 452.2; 
567; 0; 1968.9122; 170; 452.4; 
567; 0; 1965.7613; 170; 452.6; 
567; 0; 1962.6076; 170; 452.8; 
567; 0; 1959.4511; 170; 453; 
567; 0; 1955.2388; 170; 453.2; 
567; 0; 1951.0241; 170; 453.4; 
567; 0; 1946.8075; 170; 453.6; 
567; 0; 1943.6428; 170; 453.8; 
567; 0; 1940.4777; 170; 454; 
567; 0; 1937.3119; 170; 454.2; 
567; 0; 1935.2002; 170; 454.4; 
567; 0; 1933.0904; 170; 454.6; 
567; 0; 1930.9825; 170; 454.8; 
567; 0; 1929.9292; 170; 455; 
567; 0; 1927.8246; 170; 455.2; 
567; 0; 1926.7739; 170; 455.4; 
567; 0; 1924.671; 170; 455.6; 
567; 0; 1923.621; 170; 455.8; 
567; 0; 1922.5707; 170; 456; 
567; 0; 1920.4672; 170; 456.2; 
567; 0; 1919.4158; 170; 456.4; 
567; 0; 1917.3109; 170; 456.6; 
567; 0; 1916.2581; 170; 456.8; 
567; 0; 1914.152; 170; 457; 
567; 0; 1913.0983; 170; 457.2; 
567; 0; 1910.9915; 170; 457.4; 
567; 0; 1909.9375; 170; 457.6; 
567; 0; 1908.8836; 170; 457.8; 
567; 0; 1907.8299; 170; 458; 
567; 0; 1906.7765; 170; 458.2; 
567; 0; 1905.7235; 170; 458.4; 
567; 0; 1905.7235; 170; 458.6; 
567; 0; 1904.6709; 170; 458.8; 
567; 0; 1903.6185; 170; 459; 
567; 0; 1903.6189; 170; 459.2; 
567; 0; 1902.5665; 170; 459.4; 
567; 0; 1902.5669; 170; 459.6; 
567; 0; 1901.5145; 170; 459.8; 
567; 0; 1901.5147; 170; 460; 
567; 0; 1900.4621; 170; 460.2; 
567; 0; 1900.4623; 170; 460.4; 
567; 0; 1899.4095; 170; 460.6; 
567; 0; 1899.4094; 170; 460.8; 
567; 0; 1898.3566; 170; 461; 
567; 0; 1898.3565; 170; 461.2; 
567; 0; 1898.3566; 170; 461.4; 
567; 0; 1897.3038; 170; 461.6; 
567; 0; 1897.3039; 170; 461.8; 
567; 0; 1897.304; 170; 462; 
567; 0; 1896.2513; 170; 462.2; 
567; 0; 1896.2513; 170; 462.4; 
567; 0; 1896.2514; 170; 462.6; 
567; 0; 1896.2514; 170; 462.8; 
567; 0; 1895.1987; 170; 463; 
567; 0; 1895.1988; 170; 463.2; 
567; 0; 1895.1989; 170; 463.4; 
567; 0; 1895.199; 170; 463.6; 
567; 0; 1894.1462; 170; 463.8; 
567; 0; 1894.1463; 170; 464; 
567; 0; 1894.1463; 170; 464.2; 
567; 0; 1894.1463; 170; 464.4; 
567; 0; 1894.1464; 170; 464.6; 
567; 0; 1894.1464; 170; 464.8; 
567; 0; 1894.1465; 170; 465; 
567; 0; 1893.0938; 170; 465.2; 
567; 0; 1893.0939; 170; 465.4; 
567; 0; 1893.0939; 170; 465.6; 
567; 0; 1893.094; 170; 465.8; 
567; 0; 1893.094; 170; 466; 
567; 0; 1893.094; 170; 466.2; 
567; 0; 1893.094; 170; 466.4; 
567; 0; 1893.0941; 170; 466.6; 
567; 0; 1893.0942; 170; 466.8; 
567; 0; 1892.0414; 170; 467; 
567; 0; 1892.0415; 170; 467.2; 
567; 0; 1892.0416; 170; 467.4; 
567; 0; 1892.0417; 170; 467.6; 
567; 0; 1892.0417; 170; 467.8; 
567; 0; 1905.0219; 170; 468; 
567; 0; 1905.0219; 170; 468.2; 
567; 0; 1905.022; 170; 468.4; 
567; 0; 1905.022; 170; 468.6; 
567; 0; 1905.022; 170; 468.8; 
567; 0; 1903.9796; 170; 469; 
567; 0; 1903.9797; 170; 469.2; 
567; 0; 1903.9797; 170; 469.4; 
567; 0; 1902.9373; 170; 469.6; 
567; 0; 1902.9373; 170; 469.8; 
567; 0; 1902.9373; 170; 470; 
567; 0; 1901.8949; 170; 470.2; 
567; 0; 1901.8949; 170; 470.4; 
567; 0; 1900.8525; 170; 470.6; 
567; 0; 1900.8526; 170; 470.8; 
567; 0; 1899.8103; 170; 471; 
567; 0; 1899.8104; 170; 471.2; 
567; 0; 1899.8105; 170; 471.4; 
567; 0; 1898.7682; 170; 471.6; 
567; 0; 1898.7683; 170; 471.8; 
567; 0; 1897.7259; 170; 472; 
567; 0; 1897.726; 170; 472.2; 
567; 0; 1897.7261; 170; 472.4; 
567; 0; 1896.6837; 170; 472.6; 
567; 0; 1896.6837; 170; 472.8; 
567; 0; 1895.6412; 170; 473; 
567; 0; 1895.6412; 170; 473.2; 
567; 0; 1895.6412; 170; 473.4; 
567; 0; 1895.6413; 170; 473.6; 
567; 0; 1894.5989; 170; 473.8; 
567; 0; 1894.599; 170; 474; 
567; 0; 1894.5991; 170; 474.2; 
567; 0; 1894.5993; 170; 474.4; 
567; 0; 1894.5994; 170; 474.6; 
567; 0; 1893.557; 170; 474.8; 
567; 0; 1893.5571; 170; 475; 
567; 0; 1893.5571; 170; 475.2; 
567; 0; 1893.557; 170; 475.4; 
567; 0; 1893.5565; 170; 475.6; 
567; 0; 1894.5974; 170; 475.8; 
567; 0; 1894.5943; 170; 476; 
567; 0; 1894.5891; 170; 476.2; 
567; 0; 1893.5388; 170; 476.4; 
567; 0; 1893.5278; 170; 476.6; 
567; 0; 1893.5142; 170; 476.8; 
567; 0; 1894.5415; 170; 477; 
567; 0; 1896.611; 170; 477.2; 
567; 0; 1900.7665; 170; 477.4; 
567; 0; 1892.9948; 170; 477.6; 
567; 0; 1899.3038; 170; 477.8; 
567; 0; 1905.6178; 170; 478; 
567; 0; 1914.0422; 170; 478.2; 
567; 0; 1921.4189; 170; 478.4; 
567; 0; 1928.7996; 170; 478.6; 
567; 0; 1934.078; 170; 478.8; 
567; 0; 1939.3578; 170; 479; 
567; 0; 1943.5848; 170; 479.2; 
567; 0; 1945.7049; 170; 479.4; 
567; 0; 1947.8221; 170; 479.6; 
567; 0; 1948.883; 170; 479.8; 
567; 0; 1948.8871; 170; 480; 
567; 0; 1948.8873; 170; 480.2; 
567; 0; 1948.884; 170; 480.4; 
567; 0; 1948.8779; 170; 480.6; 
567; 0; 1948.8702; 170; 480.8; 
567; 0; 1948.8618; 170; 481; 
567; 0; 1949.9063; 170; 481.2; 
567; 0; 1950.9519; 170; 481.4; 
567; 0; 1953.0519; 170; 481.6; 
567; 0; 1955.1538; 170; 481.8; 
567; 0; 1957.258; 170; 482; 
567; 0; 1960.417; 170; 482.2; 
567; 0; 1962.525; 170; 482.4; 
567; 0; 1963.5816; 170; 482.6; 
567; 0; 1965.6917; 170; 482.8; 
567; 0; 1966.7493; 170; 483; 
567; 0; 1967.8066; 170; 483.2; 
567; 0; 1967.8105; 170; 483.4; 
567; 0; 1967.8133; 170; 483.6; 
567; 0; 1967.8148; 170; 483.8; 
567; 0; 1967.8151; 170; 484; 
567; 0; 1967.8144; 170; 484.2; 
567; 0; 1967.8127; 170; 484.4; 
567; 0; 1967.8104; 170; 484.6; 
567; 0; 1967.8078; 170; 484.8; 
567; 0; 1967.8052; 170; 485; 
567; 0; 1967.803; 170; 485.2; 
567; 0; 1967.8013; 170; 485.4; 
567; 0; 1968.853; 170; 485.6; 
567; 0; 1968.8526; 170; 485.8; 
567; 0; 1969.9055; 170; 486; 
567; 0; 1969.9063; 170; 486.2; 
567; 0; 1970.9601; 170; 486.4; 
567; 0; 1970.9615; 170; 486.6; 
567; 0; 1970.963; 170; 486.8; 
567; 0; 1970.9643; 170; 487; 
567; 0; 1972.0182; 170; 487.2; 
567; 0; 1972.019; 170; 487.4; 
567; 0; 1970.9667; 170; 487.6; 
567; 0; 1970.967; 170; 487.8; 
567; 0; 1970.9668; 170; 488; 
567; 0; 1970.9664; 170; 488.2; 
567; 0; 1970.9658; 170; 488.4; 
567; 0; 1970.9651; 170; 488.6; 
567; 0; 1970.9645; 170; 488.8; 
567; 0; 1970.9639; 170; 489; 
567; 0; 1970.9635; 170; 489.2; 
567; 0; 1970.9632; 170; 489.4; 
567; 0; 1970.9631; 170; 489.6; 
567; 0; 1970.9632; 170; 489.8; 
567; 0; 1972.0161; 170; 490; 
567; 0; 1972.0165; 170; 490.2; 
567; 0; 1972.0169; 170; 490.4; 
567; 0; 1972.0174; 170; 490.6; 
567; 0; 1972.0178; 170; 490.8; 
567; 0; 1972.0181; 170; 491; 
567; 0; 1972.0183; 170; 491.2; 
567; 0; 1972.0184; 170; 491.4; 
567; 0; 1972.0184; 170; 491.6; 
567; 0; 1972.0184; 170; 491.8; 
567; 0; 1972.0183; 170; 492; 
567; 0; 1970.9655; 170; 492.2; 
567; 0; 1970.9655; 170; 492.4; 
567; 0; 1970.9655; 170; 492.6; 
567; 0; 1970.9654; 170; 492.8; 
567; 0; 1970.9654; 170; 493; 
567; 0; 1970.9654; 170; 493.2; 
567; 0; 1972.0184; 170; 493.4; 
567; 0; 1972.0194; 170; 493.6; 
567; 0; 1972.0221; 170; 493.8; 
567; 0; 1973.0799; 170; 494; 
567; 0; 1973.0878; 170; 494.2; 
567; 0; 1973.0983; 170; 494.4; 
567; 0; 1972.0577; 170; 494.6; 
567; 0; 1971.0164; 170; 494.8; 
567; 0; 1968.9206; 170; 495; 
567; 0; 1965.7701; 170; 495.2; 
567; 0; 1962.617; 170; 495.4; 
567; 0; 1958.408; 170; 495.6; 
567; 0; 1954.1962; 170; 495.8; 
567; 0; 1949.9818; 170; 496; 
567; 0; 1945.7657; 170; 496.2; 
567; 0; 1942.6015; 170; 496.4; 
567; 0; 1938.3842; 170; 496.6; 
567; 0; 1935.2201; 170; 496.8; 
567; 0; 1932.0571; 170; 497; 
567; 0; 1929.9475; 170; 497.2; 
567; 0; 1927.8393; 170; 497.4; 
567; 0; 1925.7327; 170; 497.6; 
567; 0; 1923.6273; 170; 497.8; 
567; 0; 1922.5755; 170; 498; 
567; 0; 1920.4715; 170; 498.2; 
567; 0; 1918.3677; 170; 498.4; 
567; 0; 1917.3165; 170; 498.6; 
567; 0; 1915.2119; 170; 498.8; 
567; 0; 1913.1069; 170; 499; 
567; 0; 1912.0544; 170; 499.2; 
567; 0; 1909.9487; 170; 499.4; 
567; 0; 1908.8955; 170; 499.6; 
567; 0; 1907.8421; 170; 499.8; 
567; 0; 1905.7358; 170; 500; 
567; 0; 1904.6822; 170; 500.2; 
567; 0; 1903.6286; 170; 500.4; 
567; 0; 1902.5752; 170; 500.6; 
567; 0; 1901.522; 170; 500.8; 
567; 0; 1900.4689; 170; 501; 
567; 0; 1900.4689; 170; 501.2; 
567; 0; 1899.4162; 170; 501.4; 
567; 0; 1898.3637; 170; 501.6; 
567; 0; 1898.3639; 170; 501.8; 
567; 0; 1897.3113; 170; 502; 
567; 0; 1897.3115; 170; 502.2; 
567; 0; 1896.2589; 170; 502.4; 
567; 0; 1896.259; 170; 502.6; 
567; 0; 1895.2063; 170; 502.8; 
567; 0; 1895.2062; 170; 503; 
567; 0; 1894.1533; 170; 503.2; 
567; 0; 1894.1532; 170; 503.4; 
567; 0; 1894.1531; 170; 503.6; 
567; 0; 1893.1003; 170; 503.8; 
567; 0; 1893.1002; 170; 504; 
567; 0; 1893.1002; 170; 504.2; 
567; 0; 1893.1002; 170; 504.4; 
567; 0; 1892.0475; 170; 504.6; 
567; 0; 1892.0477; 170; 504.8; 
567; 0; 1905.0277; 170; 505; 
567; 0; 1905.0278; 170; 505.2; 
567; 0; 1905.0279; 170; 505.4; 
567; 0; 1903.9855; 170; 505.6; 
567; 0; 1903.9856; 170; 505.8; 
567; 0; 1903.9856; 170; 506; 
567; 0; 1902.9432; 170; 506.2; 
567; 0; 1902.9432; 170; 506.4; 
567; 0; 1902.9433; 170; 506.6; 
567; 0; 1901.9008; 170; 506.8; 
567; 0; 1901.9008; 170; 507; 
567; 0; 1900.8583; 170; 507.2; 
567; 0; 1900.8582; 170; 507.4; 
567; 0; 1899.8157; 170; 507.6; 
567; 0; 1899.8157; 170; 507.8; 
567; 0; 1898.7733; 170; 508; 
567; 0; 1898.7733; 170; 508.2; 
567; 0; 1897.7311; 170; 508.4; 
567; 0; 1897.7312; 170; 508.6; 
567; 0; 1897.7314; 170; 508.8; 
567; 0; 1896.6892; 170; 509; 
567; 0; 1896.6892; 170; 509.2; 
567; 0; 1895.6468; 170; 509.4; 
567; 0; 1895.6468; 170; 509.6; 
567; 0; 1895.6468; 170; 509.8; 
567; 0; 1894.6044; 170; 510; 
567; 0; 1894.6044; 170; 510.2; 
567; 0; 1894.6044; 170; 510.4; 
567; 0; 1893.562; 170; 510.6; 
567; 0; 1893.562; 170; 510.8; 
567; 0; 1893.562; 170; 511; 
567; 0; 1893.562; 170; 511.2; 
567; 0; 1892.5196; 170; 511.4; 
567; 0; 1892.5195; 170; 511.6; 
567; 0; 1892.5195; 170; 511.8; 
567; 0; 1892.5196; 170; 512; 
567; 0; 1892.5196; 170; 512.2; 
567; 0; 1892.5197; 170; 512.4; 
567; 0; 1891.4773; 170; 512.6; 
567; 0; 1891.4773; 170; 512.8; 
567; 0; 1891.4774; 170; 513; 
567; 0; 1891.4774; 170; 513.2; 
567; 0; 1891.4775; 170; 513.4; 
567; 0; 1891.4775; 170; 513.6; 
567; 0; 1891.4776; 170; 513.8; 
567; 0; 1891.4776; 170; 514; 
567; 0; 1891.4777; 170; 514.2; 
567; 0; 1890.4352; 170; 514.4; 
567; 0; 1890.4353; 170; 514.6; 
567; 0; 1890.4353; 170; 514.8; 
567; 0; 1890.4353; 170; 515; 
567; 0; 1890.4353; 170; 515.2; 
567; 0; 1890.4353; 170; 515.4; 
567; 0; 1890.4352; 170; 515.6; 
567; 0; 1890.4352; 170; 515.8; 
567; 0; 1890.4352; 170; 516; 
567; 0; 1890.4352; 170; 516.2; 
567; 0; 1890.4352; 170; 516.4; 
567; 0; 1890.4352; 170; 516.6; 
567; 0; 1890.4352; 170; 516.8; 
567; 0; 1890.4352; 170; 517; 
567; 0; 1890.4353; 170; 517.2; 
567; 0; 1890.4353; 170; 517.4; 
567; 0; 1890.4354; 170; 517.6; 
567; 0; 1890.4354; 170; 517.8; 
567; 0; 1890.4355; 170; 518; 
567; 0; 1889.3931; 170; 518.2; 
567; 0; 1889.3931; 170; 518.4; 
567; 0; 1889.3931; 170; 518.6; 
567; 0; 1889.3932; 170; 518.8; 
567; 0; 1889.3932; 170; 519; 
567; 0; 1889.3932; 170; 519.2; 
567; 0; 1889.3932; 170; 519.4; 
567; 0; 1889.3931; 170; 519.6; 
567; 0; 1889.3931; 170; 519.8; 
567; 0; 1889.393; 170; 520; 
567; 0; 1889.393; 170; 520.2; 
567; 0; 1889.393; 170; 520.4; 
567; 0; 1889.393; 170; 520.6; 
567; 0; 1889.393; 170; 520.8; 
567; 0; 1889.393; 170; 521; 
567; 0; 1889.3931; 170; 521.2; 
567; 0; 1889.3931; 170; 521.4; 
567; 0; 1889.3931; 170; 521.6; 
567; 0; 1889.3932; 170; 521.8; 
567; 0; 1889.3932; 170; 522; 
567; 0; 1889.3933; 170; 522.2; 
567; 0; 1889.3933; 170; 522.4; 
567; 0; 1889.3934; 170; 522.6; 
567; 0; 1889.3934; 170; 522.8; 
567; 0; 1889.3934; 170; 523; 
567; 0; 1889.3933; 170; 523.2; 
567; 0; 1889.3933; 170; 523.4; 
567; 0; 1889.3933; 170; 523.6; 
567; 0; 1889.3933; 170; 523.8; 
567; 0; 1889.3934; 170; 524; 
567; 0; 1889.3934; 170; 524.2; 
567; 0; 1889.3934; 170; 524.4; 
567; 0; 1889.3935; 170; 524.6; 
567; 0; 1889.3935; 170; 524.8; 
567; 0; 1889.3935; 170; 525; 
567; 0; 1889.3935; 170; 525.2; 
567; 0; 1889.3934; 170; 525.4; 
567; 0; 1889.3934; 170; 525.6; 
567; 0; 1889.3934; 170; 525.8; 
567; 0; 1889.3934; 170; 526; 
567; 0; 1889.3934; 170; 526.2; 
567; 0; 1889.3935; 170; 526.4; 
567; 0; 1889.3935; 170; 526.6; 
567; 0; 1889.3935; 170; 526.8; 
567; 0; 1889.3935; 170; 527; 
567; 0; 1889.3935; 170; 527.2; 
567; 0; 1889.3936; 170; 527.4; 
567; 0; 1889.3936; 170; 527.6; 
567; 0; 1889.3936; 170; 527.8; 
567; 0; 1889.3936; 170; 528; 
567; 0; 1889.3936; 170; 528.2; 
567; 0; 1889.3936; 170; 528.4; 
567; 0; 1889.3936; 170; 528.6; 
567; 0; 1888.3512; 170; 528.8; 
567; 0; 1888.3512; 170; 529; 
567; 0; 1888.3512; 170; 529.2; 
567; 0; 1888.3512; 170; 529.4; 
567; 0; 1888.3512; 170; 529.6; 
567; 0; 1888.3512; 170; 529.8; 
567; 0; 1888.3512; 170; 530; 
567; 0; 1888.3512; 170; 530.2; 
567; 0; 1888.3512; 170; 530.4; 
567; 0; 1888.3512; 170; 530.6; 
567; 0; 1888.3512; 170; 530.8; 
567; 0; 1888.3513; 170; 531; 
567; 0; 1888.3513; 170; 531.2; 
567; 0; 1888.3513; 170; 531.4; 
567; 0; 1888.3514; 170; 531.6; 
567; 0; 1888.3514; 170; 531.8; 
567; 0; 1888.3514; 170; 532; 
567; 0; 1888.3514; 170; 532.2; 
567; 0; 1888.3514; 170; 532.4; 
567; 0; 1888.3514; 170; 532.6; 
567; 0; 1888.3514; 170; 532.8; 
567; 0; 1888.3514; 170; 533; 
567; 0; 1888.3514; 170; 533.2; 
567; 0; 1888.3514; 170; 533.4; 
567; 0; 1888.3515; 170; 533.6; 
567; 0; 1888.3515; 170; 533.8; 
567; 0; 1888.3515; 170; 534; 
567; 0; 1888.3515; 170; 534.2; 
567; 0; 1888.3515; 170; 534.4; 
567; 0; 1888.3515; 170; 534.6; 
567; 0; 1888.3515; 170; 534.8; 
567; 0; 1888.3515; 170; 535; 
567; 0; 1888.3515; 170; 535.2; 
567; 0; 1888.3515; 170; 535.4; 
567; 0; 1888.3515; 170; 535.6; 
567; 0; 1888.3515; 170; 535.8; 
567; 0; 1888.3515; 170; 536; 
567; 0; 1888.3515; 170; 536.2; 
567; 0; 1888.3515; 170; 536.4; 
567; 0; 1888.3515; 170; 536.6; 
567; 0; 1888.3515; 170; 536.8; 
567; 0; 1888.3515; 170; 537; 
567; 0; 1888.3516; 170; 537.2; 
567; 0; 1888.3516; 170; 537.4; 
567; 0; 1888.3516; 170; 537.6; 
567; 0; 1888.3516; 170; 537.8; 
567; 0; 1888.3516; 170; 538; 
567; 0; 1888.3516; 170; 538.2; 
567; 0; 1888.3516; 170; 538.4; 
567; 0; 1888.3516; 170; 538.6; 
567; 0; 1889.394; 170; 538.8; 
567; 0; 1889.394; 170; 539; 
567; 0; 1889.3937; 170; 539.2; 
567; 0; 1889.393; 170; 539.4; 
567; 0; 1890.4339; 170; 539.6; 
567; 0; 1890.4305; 170; 539.8; 
567; 0; 1890.425; 170; 540; 
567; 0; 1890.4173; 170; 540.2; 
567; 0; 1890.4073; 170; 540.4; 
567; 0; 1890.3956; 170; 540.6; 
567; 0; 1892.4675; 170; 540.8; 
567; 0; 1893.4969; 170; 541; 
567; 0; 1896.6118; 170; 541.2; 
567; 0; 1900.771; 170; 541.4; 
567; 0; 1894.056; 170; 541.6; 
567; 0; 1900.3689; 170; 541.8; 
567; 0; 1906.6866; 170; 542; 
567; 0; 1914.0618; 170; 542.2; 
567; 0; 1921.442; 170; 542.4; 
567; 0; 1927.7739; 170; 542.6; 
567; 0; 1933.0563; 170; 542.8; 
567; 0; 1936.2347; 170; 543; 
567; 0; 1939.4127; 170; 543.2; 
567; 0; 1940.4818; 170; 543.4; 
567; 0; 1940.4923; 170; 543.6; 
567; 0; 1939.4458; 170; 543.8; 
567; 0; 1938.3947; 170; 544; 
567; 0; 1936.2861; 170; 544.2; 
567; 0; 1934.1738; 170; 544.4; 
567; 0; 1932.0586; 170; 544.6; 
567; 0; 1930.9929; 170; 544.8; 
567; 0; 1929.9264; 170; 545; 
567; 0; 1929.914; 170; 545.2; 
567; 0; 1930.957; 170; 545.4; 
567; 0; 1933.0565; 170; 545.6; 
567; 0; 1935.1602; 170; 545.8; 
567; 0; 1937.2683; 170; 546; 
567; 0; 1939.3803; 170; 546.2; 
567; 0; 1941.4955; 170; 546.4; 
567; 0; 1942.5599; 170; 546.6; 
567; 0; 1942.572; 170; 546.8; 
567; 0; 1942.5832; 170; 547; 
567; 0; 1941.538; 170; 547.2; 
567; 0; 1939.4375; 170; 547.4; 
567; 0; 1937.3343; 170; 547.6; 
567; 0; 1935.2284; 170; 547.8; 
567; 0; 1933.1202; 170; 548; 
567; 0; 1931.0103; 170; 548.2; 
567; 0; 1928.8993; 170; 548.4; 
567; 0; 1926.7872; 170; 548.6; 
567; 0; 1925.728; 170; 548.8; 
567; 0; 1924.6701; 170; 549; 
567; 0; 1923.6138; 170; 549.2; 
567; 0; 1923.6123; 170; 549.4; 
567; 0; 1923.6127; 170; 549.6; 
567; 0; 1923.6147; 170; 549.8; 
567; 0; 1922.5651; 170; 550; 
567; 0; 1922.569; 170; 550.2; 
567; 0; 1921.5203; 170; 550.4; 
567; 0; 1921.5241; 170; 550.6; 
567; 0; 1920.4744; 170; 550.8; 
567; 0; 1919.4235; 170; 551; 
567; 0; 1918.3717; 170; 551.2; 
567; 0; 1916.2663; 170; 551.4; 
567; 0; 1915.2131; 170; 551.6; 
567; 0; 1914.1593; 170; 551.8; 
567; 0; 1913.1053; 170; 552; 
567; 0; 1912.051; 170; 552.2; 
567; 0; 1910.9967; 170; 552.4; 
567; 0; 1909.9428; 170; 552.6; 
567; 0; 1909.942; 170; 552.8; 
567; 0; 1908.889; 170; 553; 
567; 0; 1907.8363; 170; 553.2; 
567; 0; 1907.8368; 170; 553.4; 
567; 0; 1906.7848; 170; 553.6; 
567; 0; 1906.7858; 170; 553.8; 
567; 0; 1905.7339; 170; 554; 
567; 0; 1905.7346; 170; 554.2; 
567; 0; 1904.6824; 170; 554.4; 
567; 0; 1903.63; 170; 554.6; 
567; 0; 1903.6302; 170; 554.8; 
567; 0; 1902.5775; 170; 555; 
567; 0; 1902.5775; 170; 555.2; 
567; 0; 1901.5246; 170; 555.4; 
567; 0; 1901.5246; 170; 555.6; 
567; 0; 1900.4717; 170; 555.8; 
567; 0; 1900.4716; 170; 556; 
567; 0; 1899.4188; 170; 556.2; 
567; 0; 1899.4188; 170; 556.4; 
567; 0; 1898.3661; 170; 556.6; 
567; 0; 1898.3662; 170; 556.8; 
567; 0; 1898.3664; 170; 557; 
567; 0; 1897.3137; 170; 557.2; 
567; 0; 1897.3139; 170; 557.4; 
567; 0; 1897.3141; 170; 557.6; 
567; 0; 1896.2614; 170; 557.8; 
567; 0; 1896.2615; 170; 558; 
567; 0; 1896.2616; 170; 558.2; 
567; 0; 1895.2089; 170; 558.4; 
567; 0; 1895.209; 170; 558.6; 
567; 0; 1895.209; 170; 558.8; 
567; 0; 1894.1562; 170; 559; 
567; 0; 1894.1562; 170; 559.2; 
567; 0; 1894.1562; 170; 559.4; 
567; 0; 1894.1563; 170; 559.6; 
567; 0; 1893.1035; 170; 559.8; 
567; 0; 1893.1035; 170; 560; 
567; 0; 1893.1036; 170; 560.2; 
567; 0; 1893.1036; 170; 560.4; 
567; 0; 1893.1037; 170; 560.6; 
567; 0; 1892.051; 170; 560.8; 
567; 0; 1892.0511; 170; 561; 
567; 0; 1905.031; 170; 561.2; 
567; 0; 1905.031; 170; 561.4; 
567; 0; 1905.0311; 170; 561.6; 
567; 0; 1903.9887; 170; 561.8; 
567; 0; 1903.9888; 170; 562; 
567; 0; 1903.9888; 170; 562.2; 
567; 0; 1902.9464; 170; 562.4; 
567; 0; 1902.9464; 170; 562.6; 
567; 0; 1901.9039; 170; 562.8; 
567; 0; 1901.904; 170; 563; 
567; 0; 1900.8616; 170; 563.2; 
567; 0; 1900.8616; 170; 563.4; 
567; 0; 1899.8192; 170; 563.6; 
567; 0; 1899.8193; 170; 563.8; 
567; 0; 1898.7769; 170; 564; 
567; 0; 1898.777; 170; 564.2; 
567; 0; 1897.7346; 170; 564.4; 
567; 0; 1897.7347; 170; 564.6; 
567; 0; 1897.7347; 170; 564.8; 
567; 0; 1896.6923; 170; 565; 
567; 0; 1896.6924; 170; 565.2; 
567; 0; 1895.6499; 170; 565.4; 
567; 0; 1895.6499; 170; 565.6; 
567; 0; 1894.6074; 170; 565.8; 
567; 0; 1894.6074; 170; 566; 
567; 0; 1894.6075; 170; 566.2; 
567; 0; 1893.5651; 170; 566.4; 
567; 0; 1893.5652; 170; 566.6; 
567; 0; 1893.5653; 170; 566.8; 
567; 0; 1892.5229; 170; 567; 
567; 0; 1892.523; 170; 567.2; 
567; 0; 1892.5231; 170; 567.4; 
567; 0; 1892.5231; 170; 567.6; 
567; 0; 1891.4807; 170; 567.8; 
567; 0; 1891.4807; 170; 568; 
567; 0; 1891.4807; 170; 568.2; 
567; 0; 1891.4807; 170; 568.4; 
567; 0; 1890.4383; 170; 568.6; 
567; 0; 1890.4383; 170; 568.8; 
567; 0; 1890.4383; 170; 569; 
567; 0; 1890.4382; 170; 569.2; 
567; 0; 1890.4382; 170; 569.4; 
567; 0; 1890.4383; 170; 569.6; 
567; 0; 1889.3959; 170; 569.8; 
567; 0; 1889.3959; 170; 570; 
567; 0; 1889.3959; 170; 570.2; 
567; 0; 1889.396; 170; 570.4; 
567; 0; 1889.396; 170; 570.6; 
567; 0; 1889.396; 170; 570.8; 
567; 0; 1889.3961; 170; 571; 
567; 0; 1889.3961; 170; 571.2; 
567; 0; 1889.3961; 170; 571.4; 
567; 0; 1889.3961; 170; 571.6; 
567; 0; 1888.3536; 170; 571.8; 
567; 0; 1888.3536; 170; 572; 
567; 0; 1888.3536; 170; 572.2; 
567; 0; 1888.3536; 170; 572.4; 
567; 0; 1888.3536; 170; 572.6; 
567; 0; 1888.3536; 170; 572.8; 
567; 0; 1888.3536; 170; 573; 
567; 0; 1888.3536; 170; 573.2; 
567; 0; 1888.3537; 170; 573.4; 
567; 0; 1888.3538; 170; 573.6; 
567; 0; 1888.3538; 170; 573.8; 
567; 0; 1888.3539; 170; 574; 
567; 0; 1888.3539; 170; 574.2; 
567; 0; 1888.3539; 170; 574.4; 
567; 0; 1888.3538; 170; 574.6; 
567; 0; 1888.3538; 170; 574.8; 
567; 0; 1888.3538; 170; 575; 
567; 0; 1888.3538; 170; 575.2; 
567; 0; 1888.3538; 170; 575.4; 
567; 0; 1888.3538; 170; 575.6; 
567; 0; 1888.3538; 170; 575.8; 
567; 0; 1887.3114; 170; 576; 
567; 0; 1887.3115; 170; 576.2; 
567; 0; 1887.3115; 170; 576.4; 
567; 0; 1887.3116; 170; 576.6; 
567; 0; 1887.3116; 170; 576.8; 
567; 0; 1887.3116; 170; 577; 
567; 0; 1887.3116; 170; 577.2; 
567; 0; 1887.3116; 170; 577.4; 
567; 0; 1887.3115; 170; 577.6; 
567; 0; 1887.3115; 170; 577.8; 
567; 0; 1887.3115; 170; 578; 
567; 0; 1887.3115; 170; 578.2; 
567; 0; 1887.3115; 170; 578.4; 
567; 0; 1887.3115; 170; 578.6; 
567; 0; 1887.3114; 170; 578.8; 
567; 0; 1887.3114; 170; 579; 
567; 0; 1887.3114; 170; 579.2; 
567; 0; 1887.3115; 170; 579.4; 
567; 0; 1887.3115; 170; 579.6; 
567; 0; 1887.3115; 170; 579.8; 
567; 0; 1887.3116; 170; 580; 
567; 0; 1887.3116; 170; 580.2; 
567; 0; 1887.3117; 170; 580.4; 
567; 0; 1887.3117; 170; 580.6; 
567; 0; 1887.3117; 170; 580.8; 
567; 0; 1887.3117; 170; 581; 
567; 0; 1887.3117; 170; 581.2; 
567; 0; 1887.3116; 170; 581.4; 
567; 0; 1887.3116; 170; 581.6; 
567; 0; 1887.3116; 170; 581.8; 
567; 0; 1887.3116; 170; 582; 
567; 0; 1887.3115; 170; 582.2; 
567; 0; 1887.3115; 170; 582.4; 
567; 0; 1887.3116; 170; 582.6; 
567; 0; 1887.3116; 170; 582.8; 
567; 0; 1887.3116; 170; 583; 
567; 0; 1887.3117; 170; 583.2; 
567; 0; 1887.3117; 170; 583.4; 
567; 0; 1887.3117; 170; 583.6; 
567; 0; 1887.3117; 170; 583.8; 
567; 0; 1887.3117; 170; 584; 
567; 0; 1887.3117; 170; 584.2; 
567; 0; 1887.3117; 170; 584.4; 
567; 0; 1887.3117; 170; 584.6; 
567; 0; 1888.354; 170; 584.8; 
567; 0; 1888.3534; 170; 585; 
567; 0; 1888.352; 170; 585.2; 
567; 0; 1888.3496; 170; 585.4; 
567; 0; 1889.387; 170; 585.6; 
567; 0; 1889.3795; 170; 585.8; 
567; 0; 1888.3266; 170; 586; 
567; 0; 1889.3558; 170; 586.2; 
567; 0; 1889.341; 170; 586.4; 
567; 0; 1891.4107; 170; 586.6; 
567; 0; 1895.5661; 170; 586.8; 
567; 0; 1899.7244; 170; 587; 
567; 0; 1892.9988; 170; 587.2; 
567; 0; 1900.3652; 170; 587.4; 
567; 0; 1907.7369; 170; 587.6; 
567; 0; 1916.1661; 170; 587.8; 
567; 0; 1922.4944; 170; 588; 
567; 0; 1928.8255; 170; 588.2; 
567; 0; 1934.1055; 170; 588.4; 
567; 0; 1937.2798; 170; 588.6; 
567; 0; 1940.4525; 170; 588.8; 
567; 0; 1942.5697; 170; 589; 
567; 0; 1942.5775; 170; 589.2; 
567; 0; 1943.6341; 170; 589.4; 
567; 0; 1943.6339; 170; 589.6; 
567; 0; 1942.5777; 170; 589.8; 
567; 0; 1942.5722; 170; 590; 
567; 0; 1943.6186; 170; 590.2; 
567; 0; 1943.6129; 170; 590.4; 
567; 0; 1944.6617; 170; 590.6; 
567; 0; 1946.766; 170; 590.8; 
567; 0; 1947.8207; 170; 591; 
567; 0; 1948.8785; 170; 591.2; 
567; 0; 1949.9388; 170; 591.4; 
567; 0; 1949.948; 170; 591.6; 
567; 0; 1949.957; 170; 591.8; 
567; 0; 1948.9116; 170; 592; 
567; 0; 1946.8119; 170; 592.2; 
567; 0; 1944.7101; 170; 592.4; 
567; 0; 1942.606; 170; 592.6; 
567; 0; 1939.4468; 170; 592.8; 
567; 0; 1936.2856; 170; 593; 
567; 0; 1934.1758; 170; 593.2; 
567; 0; 1931.0123; 170; 593.4; 
567; 0; 1928.9016; 170; 593.6; 
567; 0; 1926.7914; 170; 593.8; 
567; 0; 1925.7341; 170; 594; 
567; 0; 1923.6255; 170; 594.2; 
567; 0; 1922.5714; 170; 594.4; 
567; 0; 1922.5717; 170; 594.6; 
567; 0; 1921.5204; 170; 594.8; 
567; 0; 1920.47; 170; 595; 
567; 0; 1919.42; 170; 595.2; 
567; 0; 1918.3699; 170; 595.4; 
567; 0; 1917.3191; 170; 595.6; 
567; 0; 1916.2678; 170; 595.8; 
567; 0; 1914.1632; 170; 596; 
567; 0; 1913.1108; 170; 596.2; 
567; 0; 1912.0579; 170; 596.4; 
567; 0; 1911.0046; 170; 596.6; 
567; 0; 1908.8982; 170; 596.8; 
567; 0; 1907.8445; 170; 597; 
567; 0; 1906.7908; 170; 597.2; 
567; 0; 1905.7373; 170; 597.4; 
567; 0; 1904.6839; 170; 597.6; 
567; 0; 1904.6836; 170; 597.8; 
567; 0; 1903.6308; 170; 598; 
567; 0; 1902.5782; 170; 598.2; 
567; 0; 1902.5785; 170; 598.4; 
567; 0; 1901.5262; 170; 598.6; 
567; 0; 1901.5266; 170; 598.8; 
567; 0; 1900.4743; 170; 599; 
567; 0; 1899.4218; 170; 599.2; 
567; 0; 1899.4221; 170; 599.4; 
567; 0; 1898.3694; 170; 599.6; 
567; 0; 1898.3695; 170; 599.8; 
567; 0; 1897.3166; 170; 600; 
567; 0; 1897.3166; 170; 600.2; 
567; 0; 1896.2637; 170; 600.4; 
567; 0; 1896.2636; 170; 600.6; 
567; 0; 1895.2108; 170; 600.8; 
567; 0; 1895.2108; 170; 601; 
567; 0; 1895.2109; 170; 601.2; 
567; 0; 1894.1582; 170; 601.4; 
567; 0; 1894.1583; 170; 601.6; 
567; 0; 1894.1584; 170; 601.8; 
567; 0; 1893.1057; 170; 602; 
567; 0; 1893.1058; 170; 602.2; 
567; 0; 1893.1059; 170; 602.4; 
567; 0; 1892.0531; 170; 602.6; 
567; 0; 1892.0532; 170; 602.8; 
567; 0; 1905.0329; 170; 603; 
567; 0; 1905.033; 170; 603.2; 
567; 0; 1903.9906; 170; 603.4; 
567; 0; 1903.9906; 170; 603.6; 
567; 0; 1903.9906; 170; 603.8; 
567; 0; 1902.9481; 170; 604; 
567; 0; 1902.9481; 170; 604.2; 
567; 0; 1902.9481; 170; 604.4; 
567; 0; 1901.9057; 170; 604.6; 
567; 0; 1901.9058; 170; 604.8; 
567; 0; 1900.8634; 170; 605; 
567; 0; 1900.8635; 170; 605.2; 
567; 0; 1899.8212; 170; 605.4; 
567; 0; 1898.7788; 170; 605.6; 
567; 0; 1898.7789; 170; 605.8; 
567; 0; 1897.7365; 170; 606; 
567; 0; 1897.7366; 170; 606.2; 
567; 0; 1896.6942; 170; 606.4; 
567; 0; 1896.6942; 170; 606.6; 
567; 0; 1895.6518; 170; 606.8; 
567; 0; 1895.6519; 170; 607; 
567; 0; 1894.6095; 170; 607.2; 
567; 0; 1894.6096; 170; 607.4; 
567; 0; 1894.6096; 170; 607.6; 
567; 0; 1893.5671; 170; 607.8; 
567; 0; 1893.5671; 170; 608; 
567; 0; 1892.5246; 170; 608.2; 
567; 0; 1892.5245; 170; 608.4; 
567; 0; 1892.5245; 170; 608.6; 
567; 0; 1891.4821; 170; 608.8; 
567; 0; 1891.4822; 170; 609; 
567; 0; 1891.4823; 170; 609.2; 
567; 0; 1891.4824; 170; 609.4; 
567; 0; 1890.44; 170; 609.6; 
567; 0; 1890.4401; 170; 609.8; 
567; 0; 1890.4401; 170; 610; 
567; 0; 1890.4401; 170; 610.2; 
567; 0; 1889.3977; 170; 610.4; 
567; 0; 1889.3977; 170; 610.6; 
567; 0; 1889.3977; 170; 610.8; 
567; 0; 1889.3977; 170; 611; 
567; 0; 1889.3978; 170; 611.2; 
567; 0; 1889.3978; 170; 611.4; 
567; 0; 1889.3979; 170; 611.6; 
567; 0; 1888.3555; 170; 611.8; 
567; 0; 1888.3556; 170; 612; 
567; 0; 1888.3555; 170; 612.2; 
567; 0; 1888.3555; 170; 612.4; 
567; 0; 1888.3554; 170; 612.6; 
567; 0; 1888.3554; 170; 612.8; 
567; 0; 1888.3554; 170; 613; 
567; 0; 1888.3554; 170; 613.2; 
567; 0; 1888.3555; 170; 613.4; 
567; 0; 1888.3555; 170; 613.6; 
567; 0; 1887.3131; 170; 613.8; 
567; 0; 1887.3131; 170; 614; 
567; 0; 1887.3131; 170; 614.2; 
567; 0; 1887.3131; 170; 614.4; 
567; 0; 1887.3131; 170; 614.6; 
567; 0; 1887.3131; 170; 614.8; 
567; 0; 1887.3131; 170; 615; 
567; 0; 1887.3131; 170; 615.2; 
567; 0; 1887.3131; 170; 615.4; 
567; 0; 1887.3131; 170; 615.6; 
567; 0; 1887.3131; 170; 615.8; 
567; 0; 1887.3132; 170; 616; 
567; 0; 1887.3132; 170; 616.2; 
567; 0; 1887.3133; 170; 616.4; 
567; 0; 1887.3133; 170; 616.6; 
567; 0; 1887.3134; 170; 616.8; 
567; 0; 1887.3134; 170; 617; 
567; 0; 1887.3134; 170; 617.2; 
567; 0; 1887.3134; 170; 617.4; 
567; 0; 1886.271; 170; 617.6; 
567; 0; 1886.2709; 170; 617.8; 
567; 0; 1886.2709; 170; 618; 
567; 0; 1886.2708; 170; 618.2; 
567; 0; 1886.2708; 170; 618.4; 
567; 0; 1886.2708; 170; 618.6; 
567; 0; 1886.2708; 170; 618.8; 
567; 0; 1886.2708; 170; 619; 
567; 0; 1886.2708; 170; 619.2; 
567; 0; 1886.2708; 170; 619.4; 
567; 0; 1886.2708; 170; 619.6; 
567; 0; 1886.2709; 170; 619.8; 
567; 0; 1886.2709; 170; 620; 
567; 0; 1886.271; 170; 620.2; 
567; 0; 1886.271; 170; 620.4; 
567; 0; 1886.271; 170; 620.6; 
567; 0; 1886.271; 170; 620.8; 
567; 0; 1886.271; 170; 621; 
567; 0; 1886.2709; 170; 621.2; 
567; 0; 1886.2709; 170; 621.4; 
567; 0; 1886.2709; 170; 621.6; 
567; 0; 1886.271; 170; 621.8; 
567; 0; 1886.271; 170; 622; 
567; 0; 1886.271; 170; 622.2; 
567; 0; 1886.2709; 170; 622.4; 
567; 0; 1886.2709; 170; 622.6; 
567; 0; 1886.2709; 170; 622.8; 
567; 0; 1886.2709; 170; 623; 
567; 0; 1886.2709; 170; 623.2; 
567; 0; 1886.271; 170; 623.4; 
567; 0; 1886.271; 170; 623.6; 
567; 0; 1886.2711; 170; 623.8; 
567; 0; 1886.2711; 170; 624; 
567; 0; 1886.2711; 170; 624.2; 
567; 0; 1886.2711; 170; 624.4; 
567; 0; 1886.271; 170; 624.6; 
567; 0; 1886.271; 170; 624.8; 
567; 0; 1886.2709; 170; 625; 
567; 0; 1886.2709; 170; 625.2; 
567; 0; 1886.2709; 170; 625.4; 
567; 0; 1886.271; 170; 625.6; 
567; 0; 1886.2711; 170; 625.8; 
567; 0; 1886.2711; 170; 626; 
567; 0; 1886.2712; 170; 626.2; 
567; 0; 1886.2712; 170; 626.4; 
567; 0; 1886.2712; 170; 626.6; 
567; 0; 1886.2711; 170; 626.8; 
567; 0; 1886.2711; 170; 627; 
567; 0; 1886.271; 170; 627.2; 
567; 0; 1886.271; 170; 627.4; 
567; 0; 1886.2709; 170; 627.6; 
567; 0; 1886.2709; 170; 627.8; 
567; 0; 1886.2709; 170; 628; 
567; 0; 1886.271; 170; 628.2; 
567; 0; 1886.271; 170; 628.4; 
567; 0; 1886.2711; 170; 628.6; 
567; 0; 1886.2712; 170; 628.8; 
567; 0; 1886.2713; 170; 629; 
567; 0; 1886.2713; 170; 629.2; 
567; 0; 1886.2713; 170; 629.4; 
567; 0; 1885.2288; 170; 629.6; 
567; 0; 1885.2287; 170; 629.8; 
567; 0; 1885.2286; 0; 630; 
567; 0; 0; 0; 630.2; 
567; 0; 0; 0; 630.4; 
567; 0; 0; 0; 630.6; 
567; 0; 0; 0; 630.8; 
567; 0; 0; 0; 631; 
567; 0; 0; 0; 631.2; 
567; 0; 0; 0; 631.4; 
567; 0; 0; 0; 631.6; 
567; 0; 0; 0; 631.8; 
567; 0; 0; 0; 632; 
567; 0; 0; 0; 632.2; 
567; 0; 0; 0; 632.4; 
567; 0; 0; 0; 632.6; 
567; 0; 0; 0; 632.8; 
567; 0; 0; 0; 633; 
567; 0; 0; 0; 633.2; 
567; 0; 0; 0; 633.4; 
567; 0; 0; 0; 633.6; 
567; 0; 0; 0; 633.8; 
567; 0; 0; 0; 634; 
567; 0; 0; 0; 634.2; 
567; 0; 0; 0; 634.4; 
567; 0; 0; 0; 634.6; 
567; 0; 0; 0; 634.8; 
567; 0; 0; 0; 635; 
567; 0; 0; 0; 635.2; 
567; 0; 0; 0; 635.4; 
567; 0; 0; 0; 635.6; 
567; 0; 0; 0; 635.8; 
567; 0; 0; 0; 636; 
567; 0; 0; 0; 636.2; 
567; 0; 0; 0; 636.4; 
567; 0; 0; 0; 636.6; 
567; 0; 0; 0; 636.8; 
567; 0; 0; 0; 637; 
567; 0; 0; 0; 637.2; 
567; 0; 0; 0; 637.4; 
567; 0; 0; 0; 637.6; 
567; 0; 0; 0; 637.8; 
567; 0; 0; 0; 638; 
567; 0; 0; 0; 638.2; 
567; 0; 0; 0; 638.4; 
567; 0; 0; 0; 638.6; 
567; 0; 0; 0; 638.8; 
567; 0; 0; 0; 639; 
567; 0; 0; 0; 639.2; 
567; 0; 0; 0; 639.4; 
567; 0; 0; 0; 639.6; 
567; 0; 0; 0; 639.8; 
567; 0; 0; 0; 640; 
567; 0; 0; 0; 640.2; 
567; 0; 0; 0; 640.4; 
567; 0; 0; 0; 640.6; 
567; 0; 0; 0; 640.8; 
567; 0; 0; 0; 641; 
567; 0; 0; 0; 641.2; 
567; 0; 0; 0; 641.4; 
567; 0; 0; 0; 641.6; 
567; 0; 0; 0; 641.8; 
567; 0; 0; 0; 642; 
567; 0; 0; 0; 642.2; 
567; 0; 0; 0; 642.4; 
567; 0; 0; 0; 642.6; 
567; 0; 0; 0; 642.8; 
567; 0; 0; 0; 643; 
567; 0; 0; 0; 643.2; 
567; 0; 0; 0; 643.4; 
567; 0; 0; 0; 643.6; 
567; 0; 0; 0; 643.8; 
567; 0; 0; 0; 644; 
567; 0; 0; 0; 644.2; 
567; 0; 0; 0; 644.4; 
567; 0; 0; 0; 644.6; 
567; 0; 0; 0; 644.8; 
567; 0; 0; 0; 645; 
567; 0; 0; 0; 645.2; 
567; 0; 0; 0; 645.4; 
567; 0; 0; 0; 645.6; 
567; 0; 0; 0; 645.8; 
567; 0; 0; 0; 646; 
567; 0; 0; 0; 646.2; 
567; 0; 0; 0; 646.4; 
567; 0; 0; 0; 646.6; 
567; 0; 0; 0; 646.8; 
567; 0; 0; 0; 647; 
567; 0; 0; 0; 647.2; 
567; 0; 0; 0; 647.4; 
567; 0; 0; 0; 647.6; 
567; 0; 0; 0; 647.8; 
567; 0; 0; 0; 648; 
567; 0; 0; 0; 648.2; 
567; 0; 0; 0; 648.4; 
567; 0; 0; 0; 648.6; 
567; 0; 0; 0; 648.8; 
567; 0; 0; 0; 649; 
567; 0; 0; 0; 649.2; 
567; 0; 0; 0; 649.4; 
567; 0; 0; 0; 649.6; 
567; 0; 0; 0; 649.8; 
567; 0; 0; 0; 650; 
567; 0; 0; 0; 650.2; 
567; 0; 0; 0; 650.4; 
567; 0; 0; 0; 650.6; 
567; 0; 0; 0; 650.8; 
567; 0; 0; 0; 651; 
567; 0; 0; 0; 651.2; 
567; 0; 0; 0; 651.4; 
567; 0; 0; 0; 651.6; 
567; 0; 0; 0; 651.8; 
567; 0; 0; 0; 652; 
567; 0; 0; 0; 652.2; 
567; 0; 0; 0; 652.4; 
567; 0; 0; 0; 652.6; 
567; 0; 0; 0; 652.8; 
567; 0; 0; 0; 653; 
567; 0; 0; 0; 653.2; 
567; 0; 0; 0; 653.4; 
567; 0; 0; 0; 653.6; 
567; 0; 0; 0; 653.8; 
567; 0; 0; 0; 654; 
567; 0; 0; 0; 654.2; 
567; 0; 0; 0; 654.4; 
567; 0; 0; 0; 654.6; 
567; 0; 0; 0; 654.8; 
567; 0; 0; 0; 655; 
567; 0; 0; 0; 655.2; 
567; 0; 0; 0; 655.4; 
567; 0; 0; 0; 655.6; 
567; 0; 0; 0; 655.8; 
567; 0; 0; 0; 656; 
567; 0; 0; 0; 656.2; 
567; 0; 0; 0; 656.4; 
567; 0; 0; 0; 656.6; 
567; 0; 0; 0; 656.8; 
567; 0; 0; 0; 657; 
567; 0; 0; 0; 657.2; 
567; 0; 0; 0; 657.4; 
567; 0; 0; 0; 657.6; 
567; 0; 0; 0; 657.8; 
567; 0; 0; 0; 658; 
567; 0; 0; 0; 658.2; 
567; 0; 0; 0; 658.4; 
567; 0; 0; 0; 658.6; 
567; 0; 0; 0; 658.8; 
567; 0; 0; 0; 659; 
567; 0; 0; 0; 659.2; 
567; 0; 0; 0; 659.4; 
567; 0; 0; 0; 659.6; 
567; 0; 0; 0; 659.8; 
567; 0; 0; 0; 660; 
567; 0; 0; 0; 660.2; 
567; 0; 0; 0; 660.4; 
567; 0; 0; 0; 660.6; 
567; 0; 0; 0; 660.8; 
567; 0; 0; 0; 661; 
567; 0; 0; 0; 661.2; 
567; 0; 0; 0; 661.4; 
567; 0; 0; 0; 661.6; 
567; 0; 0; 0; 661.8; 
567; 0; 0; 0; 662; 
567; 0; 0; 0; 662.2; 
567; 0; 0; 0; 662.4; 
567; 0; 0; 0; 662.6; 
567; 0; 0; 0; 662.8; 
567; 0; 0; 0; 663; 
567; 0; 0; 0; 663.2; 
567; 0; 0; 0; 663.4; 
567; 0; 0; 0; 663.6; 
567; 0; 0; 0; 663.8; 
567; 0; 0; 0; 664; 
567; 0; 0; 0; 664.2; 
567; 0; 0; 0; 664.4; 
567; 0; 0; 0; 664.6; 
567; 0; 0; 0; 664.8; 
567; 0; 0; 0; 665; 
567; 0; 0; 0; 665.2; 
567; 0; 0; 0; 665.4; 
567; 0; 0; 0; 665.6; 
567; 0; 0; 0; 665.8; 
567; 0; 0; 0; 666; 
567; 0; 0; 0; 666.2; 
567; 0; 0; 0; 666.4; 
567; 0; 0; 0; 666.6; 
567; 0; 0; 0; 666.8; 
567; 0; 0; 0; 667; 
567; 0; 0; 0; 667.2; 
567; 0; 0; 0; 667.4; 
567; 0; 0; 0; 667.6; 
567; 0; 0; 0; 667.8; 
567; 0; 0; 0; 668; 
567; 0; 0; 0; 668.2; 
567; 0; 0; 0; 668.4; 
567; 0; 0; 0; 668.6; 
567; 0; 0; 0; 668.8; 
567; 0; 0; 0; 669; 
567; 0; 0; 0; 669.2; 
567; 0; 0; 0; 669.4; 
567; 0; 0; 0; 669.6; 
567; 0; 0; 0; 669.8; 
567; 0; 0; 0; 670; 
567; 0; 0; 0; 670.2; 
567; 0; 0; 0; 670.4; 
567; 0; 0; 0; 670.6; 
567; 0; 0; 0; 670.8; 
567; 0; 0; 0; 671; 
567; 0; 0; 0; 671.2; 
567; 0; 0; 0; 671.4; 
567; 0; 0; 0; 671.6; 
567; 0; 0; 0; 671.8; 
567; 0; 0; 0; 672; 
567; 0; 0; 0; 672.2; 
567; 0; 0; 0; 672.4; 
567; 0; 0; 0; 672.6; 
567; 0; 0; 0; 672.8; 
567; 0; 0; 0; 673; 
567; 0; 0; 0; 673.2; 
567; 0; 0; 0; 673.4; 
567; 0; 0; 0; 673.6; 
567; 0; 0; 0; 673.8; 
567; 0; 0; 0; 674; 
567; 0; 0; 0; 674.2; 
567; 0; 0; 0; 674.4; 
567; 0; 0; 0; 674.6; 
567; 0; 0; 0; 674.8; 
567; 0; 0; 0; 675; 
567; 0; 0; 0; 675.2; 
567; 0; 0; 0; 675.4; 
567; 0; 0; 0; 675.6; 
567; 0; 0; 0; 675.8; 
567; 0; 0; 0; 676; 
567; 0; 0; 0; 676.2; 
567; 0; 0; 0; 676.4; 
567; 0; 0; 0; 676.6; 
567; 0; 0; 0; 676.8; 
567; 0; 0; 0; 677; 
567; 0; 0; 0; 677.2; 
567; 0; 0; 0; 677.4; 
567; 0; 0; 0; 677.6; 
567; 0; 0; 0; 677.8; 
567; 0; 0; 0; 678; 
567; 0; 0; 0; 678.2; 
567; 0; 0; 0; 678.4; 
567; 0; 0; 0; 678.6; 
567; 0; 0; 0; 678.8; 
567; 0; 0; 0; 679; 
567; 0; 0; 0; 679.2; 
567; 0; 0; 0; 679.4; 
567; 0; 0; 0; 679.6; 
567; 0; 0; 0; 679.8; 
567; 0; 0; 0; 680; 
567; 0; 0; 0; 680.2; 
567; 0; 0; 0; 680.4; 
567; 0; 0; 0; 680.6; 
567; 0; 0; 0; 680.8; 
567; 0; 0; 0; 681; 
567; 0; 0; 0; 681.2; 
567; 0; 0; 0; 681.4; 
567; 0; 0; 0; 681.6; 
567; 0; 0; 0; 681.8; 
567; 0; 0; 0; 682; 
567; 0; 0; 0; 682.2; 
567; 0; 0; 0; 682.4; 
567; 0; 0; 0; 682.6; 
567; 0; 0; 0; 682.8; 
567; 0; 0; 0; 683; 
567; 0; 0; 0; 683.2; 
567; 0; 0; 0; 683.4; 
567; 0; 0; 0; 683.6; 
567; 0; 0; 0; 683.8; 
567; 0; 0; 0; 684; 
567; 0; 0; 0; 684.2; 
567; 0; 0; 0; 684.4; 
567; 0; 0; 0; 684.6; 
567; 0; 0; 0; 684.8; 
567; 0; 0; 0; 685; 
567; 0; 0; 0; 685.2; 
567; 0; 0; 0; 685.4; 
567; 0; 0; 0; 685.6; 
567; 0; 0; 0; 685.8; 
567; 0; 0; 0; 686; 
567; 0; 0; 0; 686.2; 
567; 0; 0; 0; 686.4; 
567; 0; 0; 0; 686.6; 
567; 0; 0; 0; 686.8; 
567; 0; 0; 0; 687; 
567; 0; 0; 0; 687.2; 
567; 0; 0; 0; 687.4; 
567; 0; 0; 0; 687.6; 
567; 0; 0; 0; 687.8; 
567; 0; 0; 0; 688; 
567; 0; 0; 0; 688.2; 
567; 0; 0; 0; 688.4; 
567; 0; 0; 0; 688.6; 
567; 0; 0; 0; 688.8; 
567; 0; 0; 0; 689; 
567; 0; 0; 0; 689.2; 
567; 0; 0; 0; 689.4; 
567; 0; 0; 0; 689.6; 
567; 0; 0; 0; 689.8; 
567; 0; 0; 0; 690; 
567; 0; 0; 0; 690.2; 
567; 0; 0; 0; 690.4; 
567; 0; 0; 0; 690.6; 
567; 0; 0; 0; 690.8; 
567; 0; 0; 0; 691; 
567; 0; 0; 0; 691.2; 
567; 0; 0; 0; 691.4; 
567; 0; 0; 0; 691.6; 
567; 0; 0; 0; 691.8; 
567; 0; 0; 0; 692; 
567; 0; 0; 0; 692.2; 
567; 0; 0; 0; 692.4; 
567; 0; 0; 0; 692.6; 
567; 0; 0; 0; 692.8; 
567; 0; 0; 0; 693; 
567; 0; 0; 0; 693.2; 
567; 0; 0; 0; 693.4; 
567; 0; 0; 0; 693.6; 
567; 0; 0; 0; 693.8; 
567; 0; 0; 0; 694; 
567; 0; 0; 0; 694.2; 
567; 0; 0; 0; 694.4; 
567; 0; 0; 0; 694.6; 
567; 0; 0; 0; 694.8; 
567; 0; 0; 0; 695; 
567; 0; 0; 0; 695.2; 
567; 0; 0; 0; 695.4; 
567; 0; 0; 0; 695.6; 
567; 0; 0; 0; 695.8; 
567; 0; 0; 0; 696; 
567; 0; 0; 0; 696.2; 
567; 0; 0; 0; 696.4; 
567; 0; 0; 0; 696.6; 
567; 0; 0; 0; 696.8; 
567; 0; 0; 0; 697; 
567; 0; 0; 0; 697.2; 
567; 0; 0; 0; 697.4; 
567; 0; 0; 0; 697.6; 
567; 0; 0; 0; 697.8; 
567; 0; 0; 0; 698; 
567; 0; 0; 0; 698.2; 
567; 0; 0; 0; 698.4; 
567; 0; 0; 0; 698.6; 
567; 0; 0; 0; 698.8; 
567; 0; 0; 0; 699; 
567; 0; 0; 0; 699.2; 
567; 0; 0; 0; 699.4; 
567; 0; 0; 0; 699.6; 
567; 0; 0; 0; 699.8; 
567; 0; 0; 0; 700; 
567; 0; 0; 0; 700.2; 
567; 0; 0; 0; 700.4; 
567; 0; 0; 0; 700.6; 
567; 0; 0; 0; 700.8; 
567; 0; 0; 0; 701; 
567; 0; 0; 0; 701.2; 
567; 0; 0; 0; 701.4; 
567; 0; 0; 0; 701.6; 
567; 0; 0; 0; 701.8; 
567; 0; 0; 0; 702; 
567; 0; 0; 0; 702.2; 
567; 0; 0; 0; 702.4; 
567; 0; 0; 0; 702.6; 
567; 0; 0; 0; 702.8; 
567; 0; 0; 0; 703; 
567; 0; 0; 0; 703.2; 
567; 0; 0; 0; 703.4; 
567; 0; 0; 0; 703.6; 
567; 0; 0; 0; 703.8; 
567; 0; 0; 0; 704; 
567; 0; 0; 0; 704.2; 
567; 0; 0; 0; 704.4; 
567; 0; 0; 0; 704.6; 
567; 0; 0; 0; 704.8; 
567; 0; 0; 0; 705; 
567; 0; 0; 0; 705.2; 
567; 0; 0; 0; 705.4; 
567; 0; 0; 0; 705.6; 
567; 0; 0; 0; 705.8; 
567; 0; 0; 0; 706; 
567; 0; 0; 0; 706.2; 
567; 0; 0; 0; 706.4; 
567; 0; 0; 0; 706.6; 
567; 0; 0; 0; 706.8; 
567; 0; 0; 0; 707; 
567; 0; 0; 0; 707.2; 
567; 0; 0; 0; 707.4; 
567; 0; 0; 0; 707.6; 
567; 0; 0; 0; 707.8; 
567; 0; 0; 0; 708; 
567; 0; 0; 0; 708.2; 
567; 0; 0; 0; 708.4; 
567; 0; 0; 0; 708.6; 
567; 0; 0; 0; 708.8; 
567; 0; 0; 0; 709; 
567; 0; 0; 0; 709.2; 
567; 0; 0; 0; 709.4; 
567; 0; 0; 0; 709.6; 
567; 0; 0; 0; 709.8; 
567; 0; 0; 0; 710; 
567; 0; 0; 0; 710.2; 
567; 0; 0; 0; 710.4; 
567; 0; 0; 0; 710.6; 
567; 0; 0; 0; 710.8; 
567; 0; 0; 0; 711; 
567; 0; 0; 0; 711.2; 
567; 0; 0; 0; 711.4; 
567; 0; 0; 0; 711.6; 
567; 0; 0; 0; 711.8; 
567; 0; 0; 0; 712; 
567; 0; 0; 0; 712.2; 
567; 0; 0; 0; 712.4; 
567; 0; 0; 0; 712.6; 
567; 0; 0; 0; 712.8; 
567; 0; 0; 0; 713; 
567; 0; 0; 0; 713.2; 
567; 0; 0; 0; 713.4; 
567; 0; 0; 0; 713.6; 
567; 0; 0; 0; 713.8; 
567; 0; 0; 0; 714; 
567; 0; 0; 0; 714.2; 
567; 0; 0; 0; 714.4; 
567; 0; 0; 0; 714.6; 
567; 0; 0; 0; 714.8; 
567; 0; 0; 0; 715; 
567; 0; 0; 0; 715.2; 
567; 0; 0; 0; 715.4; 
567; 0; 0; 0; 715.6; 
567; 0; 0; 0; 715.8; 
567; 0; 0; 0; 716; 
567; 0; 0; 0; 716.2; 
567; 0; 0; 0; 716.4; 
567; 0; 0; 0; 716.6; 
567; 0; 0; 0; 716.8; 
567; 0; 0; 0; 717; 
567; 0; 0; 0; 717.2; 
567; 0; 0; 0; 717.4; 
567; 0; 0; 0; 717.6; 
567; 0; 0; 0; 717.8; 
567; 0; 0; 0; 718; 
567; 0; 0; 0; 718.2; 
567; 0; 0; 0; 718.4; 
567; 0; 0; 0; 718.6; 
567; 0; 0; 0; 718.8; 
567; 0; 0; 0; 719; 
567; 0; 0; 0; 719.2; 
567; 0; 0; 0; 719.4; 
567; 0; 0; 0; 719.6; 
567; 0; 0; 0; 719.8; 
567; 0; 0; 0; 720; 
567; 0; 0; 0; 720.2; 
567; 0; 0; 0; 720.4; 
567; 0; 0; 0; 720.6; 
567; 0; 0; 0; 720.8; 
567; 0; 0; 0; 721; 
567; 0; 0; 0; 721.2; 
567; 0; 0; 0; 721.4; 
567; 0; 0; 0; 721.6; 
567; 0; 0; 0; 721.8; 
567; 0; 0; 0; 722; 
567; 0; 0; 0; 722.2; 
567; 0; 0; 0; 722.4; 
567; 0; 0; 0; 722.6; 
567; 0; 0; 0; 722.8; 
567; 0; 0; 0; 723; 
567; 0; 0; 0; 723.2; 
567; 0; 0; 0; 723.4; 
567; 0; 0; 0; 723.6; 
567; 0; 0; 0; 723.8; 
567; 0; 0; 0; 724; 
567; 0; 0; 0; 724.2; 
567; 0; 0; 0; 724.4; 
567; 0; 0; 0; 724.6; 
567; 0; 0; 0; 724.8; 
567; 0; 0; 0; 725; 
567; 0; 0; 0; 725.2; 
567; 0; 0; 0; 725.4; 
567; 0; 0; 0; 725.6; 
567; 0; 0; 0; 725.8; 
567; 0; 0; 0; 726; 
567; 0; 0; 0; 726.2; 
567; 0; 0; 0; 726.4; 
567; 0; 0; 0; 726.6; 
567; 0; 0; 0; 726.8; 
567; 0; 0; 0; 727; 
567; 0; 0; 0; 727.2; 
567; 0; 0; 0; 727.4; 
567; 0; 0; 0; 727.6; 
567; 0; 0; 0; 727.8; 
567; 0; 0; 0; 728; 
567; 0; 0; 0; 728.2; 
567; 0; 0; 0; 728.4; 
567; 0; 0; 0; 728.6; 
567; 0; 0; 0; 728.8; 
567; 0; 0; 0; 729; 
567; 0; 0; 0; 729.2; 
567; 0; 0; 0; 729.4; 
567; 0; 0; 0; 729.6; 
567; 0; 0; 0; 729.8; 
567; 0; 0; 0; 730; 
567; 0; 0; 0; 730.2; 
567; 0; 0; 0; 730.4; 
567; 0; 0; 0; 730.6; 
567; 0; 0; 0; 730.8; 
567; 0; 0; 0; 731; 
567; 0; 0; 0; 731.2; 
567; 0; 0; 0; 731.4; 
567; 0; 0; 0; 731.6; 
567; 0; 0; 0; 731.8; 
567; 0; 0; 0; 732; 
567; 0; 0; 0; 732.2; 
567; 0; 0; 0; 732.4; 
567; 0; 0; 0; 732.6; 
567; 0; 0; 0; 732.8; 
567; 0; 0; 0; 733; 
567; 0; 0; 0; 733.2; 
567; 0; 0; 0; 733.4; 
567; 0; 0; 0; 733.6; 
567; 0; 0; 0; 733.8; 
567; 0; 0; 0; 734; 
567; 0; 0; 0; 734.2; 
567; 0; 0; 0; 734.4; 
567; 0; 0; 0; 734.6; 
567; 0; 0; 0; 734.8; 
567; 0; 0; 0; 735; 
567; 0; 0; 0; 735.2; 
567; 0; 0; 0; 735.4; 
567; 0; 0; 0; 735.6; 
567; 0; 0; 0; 735.8; 
567; 0; 0; 0; 736; 
567; 0; 0; 0; 736.2; 
567; 0; 0; 0; 736.4; 
567; 0; 0; 0; 736.6; 
567; 0; 0; 0; 736.8; 
567; 0; 0; 0; 737; 
567; 0; 0; 0; 737.2; 
567; 0; 0; 0; 737.4; 
567; 0; 0; 0; 737.6; 
567; 0; 0; 0; 737.8; 
567; 0; 0; 0; 738; 
567; 0; 0; 0; 738.2; 
567; 0; 0; 0; 738.4; 
567; 0; 0; 0; 738.6; 
567; 0; 0; 0; 738.8; 
567; 0; 0; 0; 739; 
567; 0; 0; 0; 739.2; 
567; 0; 0; 0; 739.4; 
567; 0; 0; 0; 739.6; 
567; 0; 0; 0; 739.8; 
567; 0; 0; 0; 740; 
567; 0; 0; 0; 740.2; 
567; 0; 0; 0; 740.4; 
567; 0; 0; 0; 740.6; 
567; 0; 0; 0; 740.8; 
567; 0; 0; 0; 741; 
567; 0; 0; 0; 741.2; 
567; 0; 0; 0; 741.4; 
567; 0; 0; 0; 741.6; 
567; 0; 0; 0; 741.8; 
567; 0; 0; 0; 742; 
567; 0; 0; 0; 742.2; 
567; 0; 0; 0; 742.4; 
567; 0; 0; 0; 742.6; 
567; 0; 0; 0; 742.8; 
567; 0; 0; 0; 743; 
567; 0; 0; 0; 743.2; 
567; 0; 0; 0; 743.4; 
567; 0; 0; 0; 743.6; 
567; 0; 0; 0; 743.8; 
567; 0; 0; 0; 744; 
567; 0; 0; 0; 744.2; 
567; 0; 0; 0; 744.4; 
567; 0; 0; 0; 744.6; 
567; 0; 0; 0; 744.8; 
567; 0; 0; 0; 745; 
567; 0; 0; 0; 745.2; 
567; 0; 0; 0; 745.4; 
567; 0; 0; 0; 745.6; 
567; 0; 0; 0; 745.8; 
567; 0; 0; 0; 746; 
567; 0; 0; 0; 746.2; 
567; 0; 0; 0; 746.4; 
567; 0; 0; 0; 746.6; 
567; 0; 0; 0; 746.8; 
567; 0; 0; 0; 747; 
567; 0; 0; 0; 747.2; 
567; 0; 0; 0; 747.4; 
567; 0; 0; 0; 747.6; 
567; 0; 0; 0; 747.8; 
567; 0; 0; 0; 748; 
567; 0; 0; 0; 748.2; 
567; 0; 0; 0; 748.4; 
567; 0; 0; 0; 748.6; 
567; 0; 0; 0; 748.8; 
567; 0; 0; 0; 749; 
567; 0; 0; 0; 749.2; 
567; 0; 0; 0; 749.4; 
567; 0; 0; 0; 749.6; 
567; 0; 0; 0; 749.8; 
567; 0; 0; 0; 750; 
567; 0; 0; 0; 750.2; 
567; 0; 0; 0; 750.4; 
567; 0; 0; 0; 750.6; 
567; 0; 0; 0; 750.8; 
567; 0; 0; 0; 751; 
567; 0; 0; 0; 751.2; 
567; 0; 0; 0; 751.4; 
567; 0; 0; 0; 751.6; 
567; 0; 0; 0; 751.8; 
567; 0; 0; 0; 752; 
567; 0; 0; 0; 752.2; 
567; 0; 0; 0; 752.4; 
567; 0; 0; 0; 752.6; 
567; 0; 0; 0; 752.8; 
567; 0; 0; 0; 753; 
567; 0; 0; 0; 753.2; 
567; 0; 0; 0; 753.4; 
567; 0; 0; 0; 753.6; 
567; 0; 0; 0; 753.8; 
567; 0; 0; 0; 754; 
567; 0; 0; 0; 754.2; 
567; 0; 0; 0; 754.4; 
567; 0; 0; 0; 754.6; 
567; 0; 0; 0; 754.8; 
567; 0; 0; 0; 755; 
567; 0; 0; 0; 755.2; 
567; 0; 0; 0; 755.4; 
567; 0; 0; 0; 755.6; 
567; 0; 0; 0; 755.8; 
567; 0; 0; 0; 756; 
567; 0; 0; 0; 756.2; 
567; 0; 0; 0; 756.4; 
567; 0; 0; 0; 756.6; 
567; 0; 0; 0; 756.8; 
567; 0; 0; 0; 757; 
567; 0; 0; 0; 757.2; 
567; 0; 0; 0; 757.4; 
567; 0; 0; 0; 757.6; 
567; 0; 0; 0; 757.8; 
567; 0; 0; 0; 758; 
567; 0; 0; 0; 758.2; 
567; 0; 0; 0; 758.4; 
567; 0; 0; 0; 758.6; 
567; 0; 0; 0; 758.8; 
567; 0; 0; 0; 759; 
567; 0; 0; 0; 759.2; 
567; 0; 0; 0; 759.4; 
567; 0; 0; 0; 759.6; 
567; 0; 0; 0; 759.8; 
567; 0; 0; 0; 760; 
567; 0; 0; 0; 760.2; 
567; 0; 0; 0; 760.4; 
567; 0; 0; 0; 760.6; 
567; 0; 0; 0; 760.8; 
567; 0; 0; 0; 761; 
567; 0; 0; 0; 761.2; 
567; 0; 0; 0; 761.4; 
567; 0; 0; 0; 761.6; 
567; 0; 0; 0; 761.8; 
567; 0; 0; 0; 762; 
567; 0; 0; 0; 762.2; 
567; 0; 0; 0; 762.4; 
567; 0; 0; 0; 762.6; 
567; 0; 0; 0; 762.8; 
567; 0; 0; 0; 763; 
567; 0; 0; 0; 763.2; 
567; 0; 0; 0; 763.4; 
567; 0; 0; 0; 763.6; 
567; 0; 0; 0; 763.8; 
567; 0; 0; 0; 764; 
567; 0; 0; 0; 764.2; 
567; 0; 0; 0; 764.4; 
567; 0; 0; 0; 764.6; 
567; 0; 0; 0; 764.8; 
567; 0; 0; 0; 765; 
567; 0; 0; 0; 765.2; 
567; 0; 0; 0; 765.4; 
567; 0; 0; 0; 765.6; 
567; 0; 0; 0; 765.8; 
567; 0; 0; 0; 766; 
567; 0; 0; 0; 766.2; 
567; 0; 0; 0; 766.4; 
567; 0; 0; 0; 766.6; 
567; 0; 0; 0; 766.8; 
567; 0; 0; 0; 767; 
567; 0; 0; 0; 767.2; 
567; 0; 0; 0; 767.4; 
567; 0; 0; 0; 767.6; 
567; 0; 0; 0; 767.8; 
567; 0; 0; 0; 768; 
567; 0; 0; 0; 768.2; 
567; 0; 0; 0; 768.4; 
567; 0; 0; 0; 768.6; 
567; 0; 0; 0; 768.8; 
567; 0; 0; 0; 769; 
567; 0; 0; 0; 769.2; 
567; 0; 0; 0; 769.4; 
567; 0; 0; 0; 769.6; 
567; 0; 0; 0; 769.8; 
567; 0; 0; 0; 770; 
567; 0; 0; 0; 770.2; 
567; 0; 0; 0; 770.4; 
567; 0; 0; 0; 770.6; 
567; 0; 0; 0; 770.8; 
567; 0; 0; 0; 771; 
567; 0; 0; 0; 771.2; 
567; 0; 0; 0; 771.4; 
567; 0; 0; 0; 771.6; 
567; 0; 0; 0; 771.8; 
567; 0; 0; 0; 772; 
567; 0; 0; 0; 772.2; 
567; 0; 0; 0; 772.4; 
567; 0; 0; 0; 772.6; 
567; 0; 0; 0; 772.8; 
567; 0; 0; 0; 773; 
567; 0; 0; 0; 773.2; 
567; 0; 0; 0; 773.4; 
567; 0; 0; 0; 773.6; 
567; 0; 0; 0; 773.8; 
567; 0; 0; 0; 774; 
567; 0; 0; 0; 774.2; 
567; 0; 0; 0; 774.4; 
567; 0; 0; 0; 774.6; 
567; 0; 0; 0; 774.8; 
567; 0; 0; 0; 775; 
567; 0; 0; 0; 775.2; 
567; 0; 0; 0; 775.4; 
567; 0; 0; 0; 775.6; 
567; 0; 0; 0; 775.8; 
567; 0; 0; 0; 776; 
567; 0; 0; 0; 776.2; 
567; 0; 0; 0; 776.4; 
567; 0; 0; 0; 776.6; 
567; 0; 0; 0; 776.8; 
567; 0; 0; 0; 777; 
567; 0; 0; 0; 777.2; 
567; 0; 0; 0; 777.4; 
567; 0; 0; 0; 777.6; 
567; 0; 0; 0; 777.8; 
567; 0; 0; 0; 778; 
567; 0; 0; 0; 778.2; 
567; 0; 0; 0; 778.4; 
567; 0; 0; 0; 778.6; 
567; 0; 0; 0; 778.8; 
567; 0; 0; 0; 779; 
567; 0; 0; 0; 779.2; 
567; 0; 0; 0; 779.4; 
567; 0; 0; 0; 779.6; 
567; 0; 0; 0; 779.8; 
567; 0; 0; 0; 780; 
567; 0; 0; 0; 780.2; 
567; 0; 0; 0; 780.4; 
567; 0; 0; 0; 780.6; 
567; 0; 0; 0; 780.8; 
567; 0; 0; 0; 781; 
567; 0; 0; 0; 781.2; 
567; 0; 0; 0; 781.4; 
567; 0; 0; 0; 781.6; 
567; 0; 0; 0; 781.8; 
567; 0; 0; 0; 782; 
567; 0; 0; 0; 782.2; 
567; 0; 0; 0; 782.4; 
567; 0; 0; 0; 782.6; 
567; 0; 0; 0; 782.8; 
567; 0; 0; 0; 783; 
567; 0; 0; 0; 783.2; 
567; 0; 0; 0; 783.4; 
567; 0; 0; 0; 783.6; 
567; 0; 0; 0; 783.8; 
567; 0; 0; 0; 784; 
567; 0; 0; 0; 784.2; 
567; 0; 0; 0; 784.4; 
567; 0; 0; 0; 784.6; 
567; 0; 0; 0; 784.8; 
567; 0; 0; 0; 785; 
567; 0; 0; 0; 785.2; 
567; 0; 0; 0; 785.4; 
567; 0; 0; 0; 785.6; 
567; 0; 0; 0; 785.8; 
567; 0; 0; 0; 786; 
567; 0; 0; 0; 786.2; 
567; 0; 0; 0; 786.4; 
567; 0; 0; 0; 786.6; 
567; 0; 0; 0; 786.8; 
567; 0; 0; 0; 787; 
567; 0; 0; 0; 787.2; 
567; 0; 0; 0; 787.4; 
567; 0; 0; 0; 787.6; 
567; 0; 0; 0; 787.8; 
567; 0; 0; 0; 788; 
567; 0; 0; 0; 788.2; 
567; 0; 0; 0; 788.4; 
567; 0; 0; 0; 788.6; 
567; 0; 0; 0; 788.8; 
567; 0; 0; 0; 789; 
567; 0; 0; 0; 789.2; 
567; 0; 0; 0; 789.4; 
567; 0; 0; 0; 789.6; 
567; 0; 0; 0; 789.8; 
567; 0; 0; 0; 790; 
567; 0; 0; 0; 790.2; 
567; 0; 0; 0; 790.4; 
567; 0; 0; 0; 790.6; 
567; 0; 0; 0; 790.8; 
567; 0; 0; 0; 791; 
567; 0; 0; 0; 791.2; 
567; 0; 0; 0; 791.4; 
567; 0; 0; 0; 791.6; 
567; 0; 0; 0; 791.8; 
567; 0; 0; 0; 792; 
567; 0; 0; 0; 792.2; 
567; 0; 0; 0; 792.4; 
567; 0; 0; 0; 792.6; 
567; 0; 0; 0; 792.8; 
567; 0; 0; 0; 793; 
567; 0; 0; 0; 793.2; 
567; 0; 0; 0; 793.4; 
567; 0; 0; 0; 793.6; 
567; 0; 0; 0; 793.8; 
567; 0; 0; 0; 794; 
567; 0; 0; 0; 794.2; 
567; 0; 0; 0; 794.4; 
567; 0; 0; 0; 794.6; 
567; 0; 0; 0; 794.8; 
567; 0; 0; 0; 795; 
567; 0; 0; 0; 795.2; 
567; 0; 0; 0; 795.4; 
567; 0; 0; 0; 795.6; 
567; 0; 0; 0; 795.8; 
567; 0; 0; 0; 796; 
567; 0; 0; 0; 796.2; 
567; 0; 0; 0; 796.4; 
567; 0; 0; 0; 796.6; 
567; 0; 0; 0; 796.8; 
567; 0; 0; 0; 797; 
567; 0; 0; 0; 797.2; 
567; 0; 0; 0; 797.4; 
567; 0; 0; 0; 797.6; 
567; 0; 0; 0; 797.8; 
567; 0; 0; 0; 798; 
567; 0; 0; 0; 798.2; 
567; 0; 0; 0; 798.4; 
567; 0; 0; 0; 798.6; 
567; 0; 0; 0; 798.8; 
567; 0; 0; 0; 799; 
567; 0; 0; 0; 799.2; 
567; 0; 0; 0; 799.4; 
567; 0; 0; 0; 799.6; 
567; 0; 0; 0; 799.8; 
567; 0; 0; 0; 800; 
567; 0; 0; 0; 800.2; 
567; 0; 0; 0; 800.4; 
567; 0; 0; 0; 800.6; 
567; 0; 0; 0; 800.8; 
567; 0; 0; 0; 801; 
567; 0; 0; 0; 801.2; 
567; 0; 0; 0; 801.4; 
567; 0; 0; 0; 801.6; 
567; 0; 0; 0; 801.8; 
567; 0; 0; 0; 802; 
567; 0; 0; 0; 802.2; 
567; 0; 0; 0; 802.4; 
567; 0; 0; 0; 802.6; 
567; 0; 0; 0; 802.8; 
567; 0; 0; 0; 803; 
567; 0; 0; 0; 803.2; 
567; 0; 0; 0; 803.4; 
567; 0; 0; 0; 803.6; 
567; 0; 0; 0; 803.8; 
567; 0; 0; 0; 804; 
567; 0; 0; 0; 804.2; 
567; 0; 0; 0; 804.4; 
567; 0; 0; 0; 804.6; 
567; 0; 0; 0; 804.8; 
567; 0; 0; 0; 805; 
567; 0; 0; 0; 805.2; 
567; 0; 0; 0; 805.4; 
567; 0; 0; 0; 805.6; 
567; 0; 0; 0; 805.8; 
567; 0; 0; 0; 806; 
567; 0; 0; 0; 806.2; 
567; 0; 0; 0; 806.4; 
567; 0; 0; 0; 806.6; 
567; 0; 0; 0; 806.8; 
567; 0; 0; 0; 807; 
567; 0; 0; 0; 807.2; 
567; 0; 0; 0; 807.4; 
567; 0; 0; 0; 807.6; 
567; 0; 0; 0; 807.8; 
567; 0; 0; 0; 808; 
567; 0; 0; 0; 808.2; 
567; 0; 0; 0; 808.4; 
567; 0; 0; 0; 808.6; 
567; 0; 0; 0; 808.8; 
567; 0; 0; 0; 809; 
567; 0; 0; 0; 809.2; 
567; 0; 0; 0; 809.4; 
567; 0; 0; 0; 809.6; 
567; 0; 0; 0; 809.8; 
567; 0; 0; 0; 810; 
567; 0; 0; 0; 810.2; 
567; 0; 0; 0; 810.4; 
567; 0; 0; 0; 810.6; 
567; 0; 0; 0; 810.8; 
567; 0; 0; 0; 811; 
567; 0; 0; 0; 811.2; 
567; 0; 0; 0; 811.4; 
567; 0; 0; 0; 811.6; 
567; 0; 0; 0; 811.8; 
567; 0; 0; 0; 812; 
567; 0; 0; 0; 812.2; 
567; 0; 0; 0; 812.4; 
567; 0; 0; 0; 812.6; 
567; 0; 0; 0; 812.8; 
567; 0; 0; 0; 813; 
567; 0; 0; 0; 813.2; 
567; 0; 0; 0; 813.4; 
567; 0; 0; 0; 813.6; 
567; 0; 0; 0; 813.8; 
567; 0; 0; 0; 814; 
567; 0; 0; 0; 814.2; 
567; 0; 0; 0; 814.4; 
567; 0; 0; 0; 814.6; 
567; 0; 0; 0; 814.8; 
567; 0; 0; 0; 815; 
567; 0; 0; 0; 815.2; 
567; 0; 0; 0; 815.4; 
567; 0; 0; 0; 815.6; 
567; 0; 0; 0; 815.8; 
567; 0; 0; 0; 816; 
567; 0; 0; 0; 816.2; 
567; 0; 0; 0; 816.4; 
567; 0; 0; 0; 816.6; 
567; 0; 0; 0; 816.8; 
567; 0; 0; 0; 817; 
567; 0; 0; 0; 817.2; 
567; 0; 0; 0; 817.4; 
567; 0; 0; 0; 817.6; 
567; 0; 0; 0; 817.8; 
567; 0; 0; 0; 818; 
567; 0; 0; 0; 818.2; 
567; 0; 0; 0; 818.4; 
567; 0; 0; 0; 818.6; 
567; 0; 0; 0; 818.8; 
567; 0; 0; 0; 819; 
567; 0; 0; 0; 819.2; 
567; 0; 0; 0; 819.4; 
567; 0; 0; 0; 819.6; 
567; 0; 0; 0; 819.8; 
567; 0; 0; 0; 820; 
567; 0; 0; 0; 820.2; 
567; 0; 0; 0; 820.4; 
567; 0; 0; 0; 820.6; 
567; 0; 0; 0; 820.8; 
567; 0; 0; 0; 821; 
567; 0; 0; 0; 821.2; 
567; 0; 0; 0; 821.4; 
567; 0; 0; 0; 821.6; 
567; 0; 0; 0; 821.8; 
567; 0; 0; 0; 822; 
567; 0; 0; 0; 822.2; 
567; 0; 0; 0; 822.4; 
567; 0; 0; 0; 822.6; 
567; 0; 0; 0; 822.8; 
567; 0; 0; 0; 823; 
567; 0; 0; 0; 823.2; 
567; 0; 0; 0; 823.4; 
567; 0; 0; 0; 823.6; 
567; 0; 0; 0; 823.8; 
567; 0; 0; 0; 824; 
567; 0; 0; 0; 824.2; 
